team_tri_for,fenwick_lvl,corsi_lvl,rpe,rwin,rgame,wp,kpi_corsi,kpi_fenwick,kpi_pe,rwin_fittedPE,wp_own,wp_ow,wp_oow,rpi,pairwise_win,kpi_pairwise,kpi_rpi,kpi_wp,Final,idx_WinStreak,idx_WinStreak_expected,idx_HotStreak,yr_season
NYR,-2.0,-6.0,0.2,0,1,0.0,0.0,0.25,0.16,16.7956992,0.0,1.0,,,,,,0.0,0.0,0,0,0,2025
VGK,-2.0,-4.0,0.3076923076923077,0,1,0.0,0.16666666666666666,0.25,0.28205128205128205,23.94529307692308,0.0,1.0,,,,,,0.0,0.14285714285714285,0,0,0,2025
NYI,-1.0,0.0,0.058823529411764705,0,1,0.0,0.5,0.375,0.0,7.423122352941177,0.0,1.0,,,,,,0.0,0.2857142857142857,0,0,0,2025
TBL,4.0,2.0,0.1,0,1,0.0,0.6666666666666666,1.0,0.046666666666666676,10.1567906,0.0,1.0,,,,,,0.0,0.42857142857142855,0,0,0,2025
VAN,-4.0,-2.0,0.9,1,1,1.0,0.3333333333333333,0.0,0.9533333333333334,63.2680594,1.0,0.0,,,,,,1.0,0.5714285714285714,0,0,0,2025
COL,1.0,0.0,0.9411764705882353,1,1,1.0,0.5,0.625,1.0,66.00172764705881,1.0,0.0,,,,,,1.0,0.7142857142857143,0,0,0,2025
MIN,2.0,4.0,0.6923076923076923,1,1,1.0,0.8333333333333334,0.75,0.717948717948718,49.47955692307692,1.0,0.0,,,,,,1.0,0.8571428571428571,0,0,0,2025
DET,2.0,6.0,0.8,1,1,1.0,1.0,0.75,0.8400000000000001,56.6291508,1.0,0.0,,,,,,1.0,1.0,0,0,0,2025
