team_tri_for,fenwick_lvl,corsi_lvl,rpe,rwin,rgame,wp,kpi_corsi,kpi_fenwick,kpi_pe,rwin_fittedPE,wp_own,wp_ow,wp_oow,rpi,pairwise_win,kpi_pairwise,kpi_rpi,kpi_wp,Final,idx_WinStreak,idx_WinStreak_expected,idx_HotStreak,yr_season
TOR,0.0,1.0,0.0,0,1,0.0,0.75,0.5,0.0,3.517882,0.0,1.0,,,,,,0.0,0.0,0,0,0,2025
SJS,0.0,2.0,0.13793103448275862,0,1,0.0,1.0,0.5,0.13793103448275862,12.674997310344827,0.0,1.0,,,,,,0.0,0.2,0,0,0,2025
NYR,1.0,2.0,0.2647058823529412,0,1,0.0,1.0,1.0,0.2647058823529412,21.091463588235293,0.0,1.0,,,,,,0.0,0.4,0,0,0,2025
BUF,-1.0,-2.0,0.7352941176470589,1,1,1.0,0.0,0.0,0.7352941176470589,52.33338641176471,1.0,0.0,,,,,,1.0,0.6,0,0,0,2025
EDM,0.0,-2.0,0.8620689655172413,1,1,1.0,0.0,0.5,0.8620689655172413,60.74985268965517,1.0,0.0,,,,,,1.0,0.8,0,0,0,2025
WSH,0.0,-1.0,1.0,1,1,1.0,0.25,0.5,1.0,69.90696799999999,1.0,0.0,,,,,,1.0,1.0,0,0,0,2025
