team_tri_for,fenwick_lvl,corsi_lvl,rpe,rwin,rgame,wp,kpi_corsi,kpi_fenwick,kpi_pe,rwin_fittedPE,wp_own,wp_ow,wp_oow,rpi,pairwise_win,kpi_pairwise,kpi_rpi,kpi_wp,Final,idx_WinStreak,idx_WinStreak_expected,idx_HotStreak,yr_season
BUF,-3.0,-7.0,0.1,0,1,0.0,0.0,0.125,0.1,10.1567906,0.0,1.0,,,,,,0.0,0.0,0,0,0,2025
NYR,0.0,-4.0,0.0,0,1,0.0,0.21428571428571427,0.5,0.0,3.517882,0.0,1.0,,,,,,0.0,0.2,0,0,0,2025
NYI,4.0,2.0,0.13793103448275862,0,1,0.0,0.6428571428571429,1.0,0.13793103448275862,12.674997310344827,0.0,1.0,,,,,,0.0,0.4,0,0,0,2025
WPG,-4.0,-2.0,0.8620689655172413,1,1,1.0,0.35714285714285715,0.0,0.8620689655172413,60.74985268965517,1.0,0.0,,,,,,1.0,0.6,0,0,0,2025
WSH,0.0,4.0,1.0,1,1,1.0,0.7857142857142857,0.5,1.0,69.90696799999999,1.0,0.0,,,,,,1.0,0.8,0,0,0,2025
COL,3.0,7.0,0.9,1,1,1.0,1.0,0.875,0.9,63.2680594,1.0,0.0,,,,,,1.0,1.0,0,0,0,2025
