team_tri_for,fenwick_lvl,corsi_lvl,rpe,rwin,rgame,wp,kpi_corsi,kpi_fenwick,kpi_pe,rwin_fittedPE,wp_own,wp_ow,wp_oow,rpi,pairwise_win,kpi_pairwise,kpi_rpi,kpi_wp,Final,idx_WinStreak,idx_WinStreak_expected,idx_HotStreak,yr_season
NYR,-4.0,-7.0,0.0,0,1,0.0,0.0,0.0,0.0,3.517882,0.0,1.0,,,,,,0.0,0.0,0,0,0,2025
UTA,-4.0,-3.0,0.36,0,1,0.0,0.2857142857142857,0.0,0.36,27.417952959999997,0.0,1.0,,,,,,0.0,0.14285714285714285,0,0,0,2025
LAK,3.0,2.0,0.3076923076923077,0,1,0.0,0.6428571428571429,0.875,0.3076923076923077,23.94529307692308,0.0,1.0,,,,,,0.0,0.2857142857142857,0,0,0,2025
CGY,4.0,2.0,0.36,0,1,0.0,0.6428571428571429,1.0,0.36,27.417952959999997,0.0,1.0,,,,,,0.0,0.42857142857142855,0,0,0,2025
DET,-4.0,-2.0,0.64,1,1,1.0,0.35714285714285715,0.0,0.64,46.00689703999999,1.0,0.0,,,,,,1.0,0.5714285714285714,0,0,0,2025
SEA,-3.0,-2.0,0.6923076923076923,1,1,1.0,0.35714285714285715,0.125,0.6923076923076923,49.47955692307692,1.0,0.0,,,,,,1.0,0.7142857142857143,0,0,0,2025
FLA,4.0,3.0,0.64,1,1,1.0,0.7142857142857143,1.0,0.64,46.00689703999999,1.0,0.0,,,,,,1.0,0.8571428571428571,0,0,0,2025
CHI,4.0,7.0,1.0,1,1,1.0,1.0,1.0,1.0,69.90696799999999,1.0,0.0,,,,,,1.0,1.0,0,0,0,2025
