team_tri_for,fenwick_lvl,corsi_lvl,rpe,rwin,rgame,wp,kpi_corsi,kpi_fenwick,kpi_pe,rwin_fittedPE,wp_own,wp_ow,wp_oow,rpi,pairwise_win,kpi_pairwise,kpi_rpi,kpi_wp,Final,idx_WinStreak,idx_WinStreak_expected,idx_HotStreak,yr_season
CHI,-2.0,-1.0,0.038461538461538464,0,1,0.0,0.375,0.0,0.0,6.071308384615386,0.0,1.0,,,,,,0.0,0.0,0,0,0,2025
LAK,-1.0,-4.0,0.038461538461538464,0,1,0.0,0.0,0.25,0.0,6.071308384615386,0.0,1.0,,,,,,0.0,0.2,0,0,0,2025
STL,-1.0,-2.0,0.2,0,1,0.0,0.25,0.25,0.175,16.7956992,0.0,1.0,,,,,,0.0,0.4,0,0,0,2025
UTA,1.0,2.0,0.8,1,1,1.0,0.75,0.75,0.8250000000000001,56.6291508,1.0,0.0,,,,,,1.0,0.6,0,0,0,2025
WPG,1.0,4.0,0.9615384615384616,1,1,1.0,1.0,0.75,1.0,67.35354161538461,1.0,0.0,,,,,,1.0,0.8,0,0,0,2025
WSH,2.0,1.0,0.9615384615384616,1,1,1.0,0.625,1.0,1.0,67.35354161538461,1.0,0.0,,,,,,1.0,1.0,0,0,0,2025
