team_tri_for,fenwick_lvl,corsi_lvl,rpe,rwin,rgame,wp,kpi_corsi,kpi_fenwick,kpi_pe,rwin_fittedPE,wp_own,wp_ow,wp_oow,rpi,pairwise_win,kpi_pairwise,kpi_rpi,kpi_wp,Final,idx_WinStreak,idx_WinStreak_expected,idx_HotStreak,yr_season
NYI,-2.0,-4.0,0.058823529411764705,0,1,0.0,0.0,0.0,0.058823529411764705,7.423122352941177,0.0,1.0,,,,,,0.0,0.0,0,0,0,2025
OTT,-1.0,-3.0,0.02702702702702703,0,1,0.0,0.125,0.25,0.02702702702702703,5.3121816216216216,0.0,1.0,,,,,,0.0,0.14285714285714285,0,0,0,2025
CGY,-1.0,0.0,0.0,0,1,0.0,0.5,0.25,0.0,3.517882,0.0,1.0,,,,,,0.0,0.2857142857142857,0,0,0,2025
ANA,2.0,-3.0,0.2647058823529412,0,1,0.0,0.125,1.0,0.2647058823529412,21.091463588235293,0.0,1.0,,,,,,0.0,0.42857142857142855,0,0,0,2025
CHI,-2.0,3.0,0.7352941176470589,1,1,1.0,0.875,0.0,0.7352941176470589,52.33338641176471,1.0,0.0,,,,,,1.0,0.5714285714285714,0,0,0,2025
CAR,1.0,0.0,1.0,1,1,1.0,0.5,0.75,1.0,69.90696799999999,1.0,0.0,,,,,,1.0,0.7142857142857143,0,0,0,2025
DAL,1.0,3.0,0.972972972972973,1,1,1.0,0.875,0.75,0.972972972972973,68.11266837837839,1.0,0.0,,,,,,1.0,0.8571428571428571,0,0,0,2025
WSH,2.0,4.0,0.9411764705882353,1,1,1.0,1.0,1.0,0.9411764705882353,66.00172764705881,1.0,0.0,,,,,,1.0,1.0,0,0,0,2025
