team_tri_for,fenwick_lvl,corsi_lvl,rpe,rwin,rgame,wp,kpi_corsi,kpi_fenwick,kpi_pe,rwin_fittedPE,wp_own,wp_ow,wp_oow,rpi,pairwise_win,kpi_pairwise,kpi_rpi,kpi_wp,Final,idx_WinStreak,idx_WinStreak_expected,idx_HotStreak,yr_season
NJD,-2.0,-3.0,0.3076923076923077,0,1,0.0,0.2,0.3333333333333333,0.17948717948717946,23.94529307692308,0.0,1.0,,,,,,0.0,0.0,0,0,0,2025
VGK,2.0,0.0,0.3076923076923077,0,1,0.0,0.5,0.6666666666666666,0.17948717948717946,23.94529307692308,0.0,1.0,,,,,,0.0,0.14285714285714285,0,0,0,2025
CBJ,3.0,0.0,0.3902439024390244,0,1,0.0,0.5,0.75,0.31707317073170727,29.425818000000003,0.0,1.0,,,,,,0.0,0.2857142857142857,0,0,0,2025
NSH,6.0,5.0,0.2,0,1,0.0,1.0,1.0,0.0,16.7956992,0.0,1.0,,,,,,0.0,0.42857142857142855,0,0,0,2025
NYR,-6.0,-5.0,0.8,1,1,1.0,0.0,0.0,1.0,56.6291508,1.0,0.0,,,,,,1.0,0.5714285714285714,0,0,0,2025
EDM,-3.0,0.0,0.6097560975609756,1,1,1.0,0.5,0.25,0.6829268292682925,43.999032,1.0,0.0,,,,,,1.0,0.7142857142857143,0,0,0,2025
FLA,-2.0,0.0,0.6923076923076923,1,1,1.0,0.5,0.3333333333333333,0.8205128205128204,49.47955692307692,1.0,0.0,,,,,,1.0,0.8571428571428571,0,0,0,2025
NYI,2.0,3.0,0.6923076923076923,1,1,1.0,0.8,0.6666666666666666,0.8205128205128204,49.47955692307692,1.0,0.0,,,,,,1.0,1.0,0,0,0,2025
