team_tri_for,fenwick_lvl,corsi_lvl,rpe,rwin,rgame,wp,kpi_corsi,kpi_fenwick,kpi_pe,rwin_fittedPE,wp_own,wp_ow,wp_oow,rpi,pairwise_win,kpi_pairwise,kpi_rpi,kpi_wp,Final,idx_WinStreak,idx_WinStreak_expected,idx_HotStreak,yr_season
NYR,-8.0,-8.0,0.2,0,1,0.0,0.0,0.0,0.08571428571428574,16.7956992,0.0,1.0,,,,,,0.0,0.0,0,0,0,2025
SEA,0.0,1.0,0.3076923076923077,0,1,0.0,0.5625,0.5,0.2344322344322345,23.94529307692308,0.0,1.0,,,,,,0.0,0.14285714285714285,0,0,0,2025
LAK,2.0,1.0,0.3076923076923077,0,1,0.0,0.5625,0.625,0.2344322344322345,23.94529307692308,0.0,1.0,,,,,,0.0,0.2857142857142857,0,0,0,2025
PHI,3.0,3.0,0.13793103448275862,0,1,0.0,0.6875,0.6875,0.0,12.674997310344827,0.0,1.0,,,,,,0.0,0.42857142857142855,0,0,0,2025
BUF,-3.0,-3.0,0.8620689655172413,1,1,1.0,0.3125,0.3125,1.0,60.74985268965517,1.0,0.0,,,,,,1.0,0.5714285714285714,0,0,0,2025
VGK,-2.0,-1.0,0.6923076923076923,1,1,1.0,0.4375,0.375,0.7655677655677656,49.47955692307692,1.0,0.0,,,,,,1.0,0.7142857142857143,0,0,0,2025
NJD,0.0,-1.0,0.6923076923076923,1,1,1.0,0.4375,0.5,0.7655677655677656,49.47955692307692,1.0,0.0,,,,,,1.0,0.8571428571428571,0,0,0,2025
OTT,8.0,8.0,0.8,1,1,1.0,1.0,1.0,0.9142857142857144,56.6291508,1.0,0.0,,,,,,1.0,1.0,0,0,0,2025
