team_tri_for,fenwick_lvl,corsi_lvl,rpe,rwin,rgame,wp,kpi_corsi,kpi_fenwick,kpi_pe,rwin_fittedPE,wp_own,wp_ow,wp_oow,rpi,pairwise_win,kpi_pairwise,kpi_rpi,kpi_wp,Final,idx_WinStreak,idx_WinStreak_expected,idx_HotStreak,yr_season
DET,-1.0,-4.0,0.13793103448275862,0,1,0.0,0.1,0.375,0.047413793103448267,12.674997310344827,0.0,1.0,,,,,,0.0,0.0,0,0,0,2025
CAR,-1.0,1.0,0.2,0,1,0.0,0.6,0.375,0.125,16.7956992,0.0,1.0,,,,,,0.0,0.14285714285714285,0,0,0,2025
VGK,1.0,1.0,0.2,0,1,0.0,0.6,0.625,0.125,16.7956992,0.0,1.0,,,,,,0.0,0.2857142857142857,0,0,0,2025
WSH,4.0,5.0,0.1,0,1,0.0,1.0,1.0,0.0,10.1567906,0.0,1.0,,,,,,0.0,0.42857142857142855,0,0,0,2025
NYI,-4.0,-5.0,0.9,1,1,1.0,0.0,0.0,1.0,63.2680594,1.0,0.0,,,,,,1.0,0.5714285714285714,0,0,0,2025
COL,-1.0,-1.0,0.8,1,1,1.0,0.4,0.375,0.875,56.6291508,1.0,0.0,,,,,,1.0,0.7142857142857143,0,0,0,2025
BOS,1.0,-1.0,0.8,1,1,1.0,0.4,0.625,0.875,56.6291508,1.0,0.0,,,,,,1.0,0.8571428571428571,0,0,0,2025
ANA,1.0,4.0,0.8620689655172413,1,1,1.0,0.9,0.625,0.9525862068965516,60.74985268965517,1.0,0.0,,,,,,1.0,1.0,0,0,0,2025
