team_tri_for,fenwick_lvl,corsi_lvl,rpe,rwin,rgame,wp,kpi_corsi,kpi_fenwick,kpi_pe,rwin_fittedPE,wp_own,wp_ow,wp_oow,rpi,pairwise_win,kpi_pairwise,kpi_rpi,kpi_wp,Final,idx_WinStreak,idx_WinStreak_expected,idx_HotStreak,yr_season
TBL,-3.0,0.0,0.2,0,1,0.0,0.5,0.2,0.125,16.7956992,0.0,1.0,,,,,,0.0,0.0,0,0,0,2025
CHI,0.0,2.0,0.3076923076923077,0,1,0.0,0.5909090909090909,0.5,0.25961538461538464,23.94529307692308,0.0,1.0,,,,,,0.0,0.14285714285714285,0,0,0,2025
SEA,4.0,4.0,0.1,0,1,0.0,0.6818181818181818,0.9,0.0,10.1567906,0.0,1.0,,,,,,0.0,0.2857142857142857,0,0,0,2025
NSH,5.0,11.0,0.3076923076923077,0,1,0.0,1.0,1.0,0.25961538461538464,23.94529307692308,0.0,1.0,,,,,,0.0,0.42857142857142855,0,0,0,2025
LAK,-5.0,-11.0,0.6923076923076923,1,1,1.0,0.0,0.0,0.7403846153846153,49.47955692307692,1.0,0.0,,,,,,1.0,0.5714285714285714,0,0,0,2025
WPG,-4.0,-4.0,0.9,1,1,1.0,0.3181818181818182,0.1,1.0,63.2680594,1.0,0.0,,,,,,1.0,0.7142857142857143,0,0,0,2025
SJS,0.0,-2.0,0.6923076923076923,1,1,1.0,0.4090909090909091,0.5,0.7403846153846153,49.47955692307692,1.0,0.0,,,,,,1.0,0.8571428571428571,0,0,0,2025
BUF,3.0,0.0,0.8,1,1,1.0,0.5,0.8,0.875,56.6291508,1.0,0.0,,,,,,1.0,1.0,0,0,0,2025
