team_tri_for,fenwick_lvl,corsi_lvl,rpe,rwin,rgame,wp,kpi_corsi,kpi_fenwick,kpi_pe,rwin_fittedPE,wp_own,wp_ow,wp_oow,rpi,pairwise_win,kpi_pairwise,kpi_rpi,kpi_wp,Final,idx_WinStreak,idx_WinStreak_expected,idx_HotStreak,yr_season
OTT,2.0,0.0,0.3076923076923077,0,1,0.0,0.5,0.7,0.28205128205128205,23.94529307692308,0.0,1.0,,,,,,0.0,0.0,0,0,0,2025
WSH,5.0,6.0,0.058823529411764705,0,1,0.0,1.0,1.0,0.0,7.423122352941177,0.0,1.0,,,,,,0.0,0.3333333333333333,0,0,0,2025
PHI,-5.0,-6.0,0.9411764705882353,1,1,1.0,0.0,0.0,1.0,66.00172764705881,1.0,0.0,,,,,,1.0,0.6666666666666666,0,0,0,2025
MTL,-2.0,0.0,0.6923076923076923,1,1,1.0,0.5,0.3,0.717948717948718,49.47955692307692,1.0,0.0,,,,,,1.0,1.0,0,0,0,2025
