team_tri_for,fenwick_lvl,corsi_lvl,rpe,rwin,rgame,wp,kpi_corsi,kpi_fenwick,kpi_pe,rwin_fittedPE,wp_own,wp_ow,wp_oow,rpi,pairwise_win,kpi_pairwise,kpi_rpi,kpi_wp,Final,idx_WinStreak,idx_WinStreak_expected,idx_HotStreak,yr_season
WPG,-4.0,-3.0,0.36,0,1,0.0,0.125,0.0,0.36,27.417952959999997,0.0,1.0,,,,,,0.0,0.0,0,0,0,2025
PIT,-3.0,-1.0,0.0,0,1,0.0,0.375,0.125,0.0,3.517882,0.0,1.0,,,,,,0.0,0.14285714285714285,0,0,0,2025
CHI,0.0,-2.0,0.1,0,1,0.0,0.25,0.5,0.1,10.1567906,0.0,1.0,,,,,,0.0,0.2857142857142857,0,0,0,2025
LAK,3.0,4.0,0.2,0,1,0.0,1.0,0.875,0.2,16.7956992,0.0,1.0,,,,,,0.0,0.42857142857142855,0,0,0,2025
BOS,-3.0,-4.0,0.8,1,1,1.0,0.0,0.125,0.8,56.6291508,1.0,0.0,,,,,,1.0,0.5714285714285714,0,0,0,2025
BUF,0.0,2.0,0.9,1,1,1.0,0.75,0.5,0.9,63.2680594,1.0,0.0,,,,,,1.0,0.7142857142857143,0,0,0,2025
MIN,3.0,1.0,1.0,1,1,1.0,0.625,0.875,1.0,69.90696799999999,1.0,0.0,,,,,,1.0,0.8571428571428571,0,0,0,2025
CAR,4.0,3.0,0.64,1,1,1.0,0.875,1.0,0.64,46.00689703999999,1.0,0.0,,,,,,1.0,1.0,0,0,0,2025
