team_tri_for,fenwick_lvl,corsi_lvl,rpe,rwin,rgame,wp,kpi_corsi,kpi_fenwick,kpi_pe,rwin_fittedPE,wp_own,wp_ow,wp_oow,rpi,pairwise_win,kpi_pairwise,kpi_rpi,kpi_wp,Final,idx_WinStreak,idx_WinStreak_expected,idx_HotStreak,yr_season
CGY,-3.0,-3.0,0.1,0,1,0.0,0.2,0.0,0.046666666666666676,10.1567906,0.0,1.0,,,,,,0.0,0.0,0,0,0,2025
FLA,-1.0,-5.0,0.058823529411764705,0,1,0.0,0.0,0.3333333333333333,0.0,7.423122352941177,0.0,1.0,,,,,,0.0,0.14285714285714285,0,0,0,2025
OTT,1.0,-2.0,0.2,0,1,0.0,0.3,0.6666666666666666,0.16,16.7956992,0.0,1.0,,,,,,0.0,0.2857142857142857,0,0,0,2025
STL,2.0,2.0,0.1232876712328767,0,1,0.0,0.7,0.8333333333333334,0.0730593607305936,11.702837808219176,0.0,1.0,,,,,,0.0,0.42857142857142855,0,0,0,2025
CHI,-2.0,-2.0,0.8767123287671232,1,1,1.0,0.3,0.16666666666666666,0.9269406392694064,61.72201219178082,1.0,0.0,,,,,,1.0,0.5714285714285714,0,0,0,2025
BUF,-1.0,2.0,0.8,1,1,1.0,0.7,0.3333333333333333,0.8400000000000001,56.6291508,1.0,0.0,,,,,,1.0,0.7142857142857143,0,0,0,2025
DET,1.0,5.0,0.9411764705882353,1,1,1.0,1.0,0.6666666666666666,1.0,66.00172764705881,1.0,0.0,,,,,,1.0,0.8571428571428571,0,0,0,2025
UTA,3.0,3.0,0.9,1,1,1.0,0.8,1.0,0.9533333333333334,63.2680594,1.0,0.0,,,,,,1.0,1.0,0,0,0,2025
