team_tri_for,fenwick_lvl,corsi_lvl,rpe,rwin,rgame,wp,kpi_corsi,kpi_fenwick,kpi_pe,rwin_fittedPE,wp_own,wp_ow,wp_oow,rpi,pairwise_win,kpi_pairwise,kpi_rpi,kpi_wp,Final,idx_WinStreak,idx_WinStreak_expected,idx_HotStreak,yr_season
BOS,-1.0,-2.0,0.07547169811320754,0,1,0.0,0.0,0.0,0.0,8.528379056603773,0.0,1.0,,,,,,0.0,0.0,0,0,0,2025
STL,0.0,0.0,0.2,0,1,0.0,0.5,0.5,0.14666666666666667,16.7956992,0.0,1.0,,,,,,0.0,0.3333333333333333,0,0,0,2025
PIT,0.0,0.0,0.8,1,1,1.0,0.5,0.5,0.8533333333333334,56.6291508,1.0,0.0,,,,,,1.0,0.6666666666666666,0,0,0,2025
OTT,1.0,2.0,0.9245283018867925,1,1,1.0,1.0,1.0,1.0,64.89647094339622,1.0,0.0,,,,,,1.0,1.0,0,0,0,2025
