team_tri_for,fenwick_lvl,corsi_lvl,rpe,rwin,rgame,wp,kpi_corsi,kpi_fenwick,kpi_pe,rwin_fittedPE,wp_own,wp_ow,wp_oow,rpi,pairwise_win,kpi_pairwise,kpi_rpi,kpi_wp,Final,idx_WinStreak,idx_WinStreak_expected,idx_HotStreak,yr_season
NYI,-1.0,2.0,0.3076923076923077,0,1,0.0,1.0,0.25,0.0,23.94529307692308,0.0,1.0,,,,,,0.0,0.0,0,0,0,2025
EDM,2.0,-2.0,0.3076923076923077,0,1,0.0,0.0,1.0,0.0,23.94529307692308,0.0,1.0,,,,,,0.0,0.3333333333333333,0,0,0,2025
STL,-2.0,2.0,0.6923076923076923,1,1,1.0,1.0,0.0,1.0,49.47955692307692,1.0,0.0,,,,,,1.0,0.6666666666666666,0,0,0,2025
LAK,1.0,-2.0,0.6923076923076923,1,1,1.0,0.0,0.75,1.0,49.47955692307692,1.0,0.0,,,,,,1.0,1.0,0,0,0,2025
