team_tri_for,fenwick_lvl,corsi_lvl,rpe,rwin,rgame,wp,kpi_corsi,kpi_fenwick,kpi_pe,rwin_fittedPE,wp_own,wp_ow,wp_oow,rpi,pairwise_win,kpi_pairwise,kpi_rpi,kpi_wp,Final,idx_WinStreak,idx_WinStreak_expected,idx_HotStreak,yr_season
DET,-2.0,-4.0,0.058823529411764705,0,1,0.0,0.16666666666666666,0.0,0.058823529411764705,7.423122352941177,0.0,1.0,,,,,,0.0,0.0,0,0,0,2025
NYI,0.0,-2.0,0.13793103448275862,0,1,0.0,0.3333333333333333,0.5,0.13793103448275862,12.674997310344827,0.0,1.0,,,,,,0.0,0.14285714285714285,0,0,0,2025
WPG,1.0,6.0,0.2,0,1,0.0,1.0,0.75,0.2,16.7956992,0.0,1.0,,,,,,0.0,0.2857142857142857,0,0,0,2025
CGY,2.0,4.0,0.0,0,1,0.0,0.8333333333333334,1.0,0.0,3.517882,0.0,1.0,,,,,,0.0,0.42857142857142855,0,0,0,2025
CHI,-2.0,-4.0,1.0,1,1,1.0,0.16666666666666666,0.0,1.0,69.90696799999999,1.0,0.0,,,,,,1.0,0.5714285714285714,0,0,0,2025
SJS,-1.0,-6.0,0.8,1,1,1.0,0.0,0.25,0.8,56.6291508,1.0,0.0,,,,,,1.0,0.7142857142857143,0,0,0,2025
MIN,0.0,2.0,0.8620689655172413,1,1,1.0,0.6666666666666666,0.5,0.8620689655172413,60.74985268965517,1.0,0.0,,,,,,1.0,0.8571428571428571,0,0,0,2025
NYR,2.0,4.0,0.9411764705882353,1,1,1.0,0.8333333333333334,1.0,0.9411764705882353,66.00172764705881,1.0,0.0,,,,,,1.0,1.0,0,0,0,2025
