team_tri_for,fenwick_lvl,corsi_lvl,rpe,rwin,rgame,wp,kpi_corsi,kpi_fenwick,kpi_pe,rwin_fittedPE,wp_own,wp_ow,wp_oow,rpi,pairwise_win,kpi_pairwise,kpi_rpi,kpi_wp,Final,idx_WinStreak,idx_WinStreak_expected,idx_HotStreak,yr_season
CGY,0.0,-2.0,0.2,0,1,0.0,0.3333333333333333,0.5,0.16,16.7956992,0.0,1.0,,,,,,0.0,0.0,0,0,0,2025
DET,0.0,3.0,0.2,0,1,0.0,0.75,0.5,0.16,16.7956992,0.0,1.0,,,,,,0.0,0.2,0,0,0,2025
MIN,6.0,6.0,0.058823529411764705,0,1,0.0,1.0,1.0,0.0,7.423122352941177,0.0,1.0,,,,,,0.0,0.4,0,0,0,2025
NJD,-6.0,-6.0,0.9411764705882353,1,1,1.0,0.0,0.0,1.0,66.00172764705881,1.0,0.0,,,,,,1.0,0.6,0,0,0,2025
BUF,0.0,-3.0,0.8,1,1,1.0,0.25,0.5,0.8400000000000001,56.6291508,1.0,0.0,,,,,,1.0,0.8,0,0,0,2025
MTL,0.0,2.0,0.8,1,1,1.0,0.6666666666666666,0.5,0.8400000000000001,56.6291508,1.0,0.0,,,,,,1.0,1.0,0,0,0,2025
