team_tri_for,fenwick_lvl,corsi_lvl,rpe,rwin,rgame,wp,kpi_corsi,kpi_fenwick,kpi_pe,rwin_fittedPE,wp_own,wp_ow,wp_oow,rpi,pairwise_win,kpi_pairwise,kpi_rpi,kpi_wp,Final,idx_WinStreak,idx_WinStreak_expected,idx_HotStreak,yr_season
BOS,0.0,0.0,0.3076923076923077,0,1,0.0,0.5,0.5,0.17948717948717946,23.94529307692308,0.0,1.0,,,,,,0.0,0.0,0,0,0,2025
ANA,0.0,1.0,0.2,0,1,0.0,0.6666666666666666,0.5,0.0,16.7956992,0.0,1.0,,,,,,0.0,0.2,0,0,0,2025
EDM,1.0,3.0,0.2,0,1,0.0,1.0,1.0,0.0,16.7956992,0.0,1.0,,,,,,0.0,0.4,0,0,0,2025
DET,-1.0,-3.0,0.8,1,1,1.0,0.0,0.0,1.0,56.6291508,1.0,0.0,,,,,,1.0,0.6,0,0,0,2025
CHI,0.0,-1.0,0.8,1,1,1.0,0.3333333333333333,0.5,1.0,56.6291508,1.0,0.0,,,,,,1.0,0.8,0,0,0,2025
UTA,0.0,0.0,0.6923076923076923,1,1,1.0,0.5,0.5,0.8205128205128204,49.47955692307692,1.0,0.0,,,,,,1.0,1.0,0,0,0,2025
