team_tri_for,fenwick_lvl,corsi_lvl,rpe,rwin,rgame,wp,kpi_corsi,kpi_fenwick,kpi_pe,rwin_fittedPE,wp_own,wp_ow,wp_oow,rpi,pairwise_win,kpi_pairwise,kpi_rpi,kpi_wp,Final,idx_WinStreak,idx_WinStreak_expected,idx_HotStreak,yr_season
WPG,-6.0,-9.0,0.3902439024390244,0,1,0.0,0.125,0.0,0.348432055749129,29.425818000000003,0.0,1.0,,,,,,0.0,0.0,0,0,0,2025
FLA,-3.0,-4.0,0.3076923076923077,0,1,0.0,0.3333333333333333,0.25,0.2344322344322345,23.94529307692308,0.0,1.0,,,,,,0.0,0.14285714285714285,0,0,0,2025
VGK,-3.0,-3.0,0.3076923076923077,0,1,0.0,0.375,0.25,0.2344322344322345,23.94529307692308,0.0,1.0,,,,,,0.0,0.2857142857142857,0,0,0,2025
MIN,5.0,12.0,0.13793103448275862,0,1,0.0,1.0,0.9166666666666666,0.0,12.674997310344827,0.0,1.0,,,,,,0.0,0.42857142857142855,0,0,0,2025
UTA,-5.0,-12.0,0.8620689655172413,1,1,1.0,0.0,0.08333333333333333,1.0,60.74985268965517,1.0,0.0,,,,,,1.0,0.5714285714285714,0,0,0,2025
WSH,3.0,3.0,0.6923076923076923,1,1,1.0,0.625,0.75,0.7655677655677656,49.47955692307692,1.0,0.0,,,,,,1.0,0.7142857142857143,0,0,0,2025
BUF,3.0,4.0,0.6923076923076923,1,1,1.0,0.6666666666666666,0.75,0.7655677655677656,49.47955692307692,1.0,0.0,,,,,,1.0,0.8571428571428571,0,0,0,2025
ANA,6.0,9.0,0.6097560975609756,1,1,1.0,0.875,1.0,0.6515679442508712,43.999032,1.0,0.0,,,,,,1.0,1.0,0,0,0,2025
