team_tri_for,fenwick_lvl,corsi_lvl,rpe,rwin,rgame,wp,kpi_corsi,kpi_fenwick,kpi_pe,rwin_fittedPE,wp_own,wp_ow,wp_oow,rpi,pairwise_win,kpi_pairwise,kpi_rpi,kpi_wp,Final,idx_WinStreak,idx_WinStreak_expected,idx_HotStreak,yr_season
PIT,-5.0,-4.0,0.2,0,1,0.0,0.0,0.0,0.0,16.7956992,0.0,1.0,,,,,,0.0,0.0,0,0,0,2025
VAN,-5.0,-2.0,0.36,0,1,0.0,0.25,0.0,0.2666666666666666,27.417952959999997,0.0,1.0,,,,,,0.0,0.14285714285714285,0,0,0,2025
STL,-4.0,-4.0,0.4098360655737705,0,1,0.0,0.0,0.1,0.3497267759562841,30.72652380327869,0.0,1.0,,,,,,0.0,0.2857142857142857,0,0,0,2025
UTA,0.0,1.0,0.3076923076923077,0,1,0.0,0.625,0.5,0.17948717948717946,23.94529307692308,0.0,1.0,,,,,,0.0,0.42857142857142855,0,0,0,2025
NYI,0.0,-1.0,0.6923076923076923,1,1,1.0,0.375,0.5,0.8205128205128204,49.47955692307692,1.0,0.0,,,,,,1.0,0.5714285714285714,0,0,0,2025
PHI,4.0,4.0,0.5901639344262295,1,1,1.0,1.0,0.9,0.6502732240437157,42.69832619672131,1.0,0.0,,,,,,1.0,0.7142857142857143,0,0,0,2025
CAR,5.0,2.0,0.64,1,1,1.0,0.75,1.0,0.7333333333333333,46.00689703999999,1.0,0.0,,,,,,1.0,0.8571428571428571,0,0,0,2025
NSH,5.0,4.0,0.8,1,1,1.0,1.0,1.0,1.0,56.6291508,1.0,0.0,,,,,,1.0,1.0,0,0,0,2025
