team_tri_for,fenwick_lvl,corsi_lvl,rpe,rwin,rgame,wp,kpi_corsi,kpi_fenwick,kpi_pe,rwin_fittedPE,wp_own,wp_ow,wp_oow,rpi,pairwise_win,kpi_pairwise,kpi_rpi,kpi_wp,Final,idx_WinStreak,idx_WinStreak_expected,idx_HotStreak,yr_season
NYI,-3.0,-6.0,0.058823529411764705,0,1,0.0,0.0,0.2,0.0,7.423122352941177,0.0,1.0,,,,,,0.0,0.0,0,0,0,2025
ANA,-1.0,0.0,0.1,0,1,0.0,0.5,0.4,0.046666666666666676,10.1567906,0.0,1.0,,,,,,0.0,0.14285714285714285,0,0,0,2025
DET,-1.0,0.0,0.058823529411764705,0,1,0.0,0.5,0.4,0.0,7.423122352941177,0.0,1.0,,,,,,0.0,0.2857142857142857,0,0,0,2025
OTT,5.0,3.0,0.058823529411764705,0,1,0.0,0.75,1.0,0.0,7.423122352941177,0.0,1.0,,,,,,0.0,0.42857142857142855,0,0,0,2025
MIN,-5.0,-3.0,0.9411764705882353,1,1,1.0,0.25,0.0,1.0,66.00172764705881,1.0,0.0,,,,,,1.0,0.5714285714285714,0,0,0,2025
NYR,1.0,0.0,0.9411764705882353,1,1,1.0,0.5,0.6,1.0,66.00172764705881,1.0,0.0,,,,,,1.0,0.7142857142857143,0,0,0,2025
STL,1.0,0.0,0.9,1,1,1.0,0.5,0.6,0.9533333333333334,63.2680594,1.0,0.0,,,,,,1.0,0.8571428571428571,0,0,0,2025
PHI,3.0,6.0,0.9411764705882353,1,1,1.0,1.0,0.8,1.0,66.00172764705881,1.0,0.0,,,,,,1.0,1.0,0,0,0,2025
