team_tri_for,fenwick_lvl,corsi_lvl,rpe,rwin,rgame,wp,kpi_corsi,kpi_fenwick,kpi_pe,rwin_fittedPE,wp_own,wp_ow,wp_oow,rpi,pairwise_win,kpi_pairwise,kpi_rpi,kpi_wp,Final,idx_WinStreak,idx_WinStreak_expected,idx_HotStreak,yr_season
UTA,-5.0,-5.0,0.0,0,1,0.0,0.0,0.0,0.0,3.517882,0.0,1.0,,,,,,0.0,0.0,0,0,0,2025
ANA,-3.0,-1.0,0.24615384615384617,0,1,0.0,0.4,0.2,0.24615384615384617,19.85981086153846,0.0,1.0,,,,,,0.0,0.14285714285714285,0,0,0,2025
PHI,-1.0,0.0,0.0,0,1,0.0,0.5,0.4,0.0,3.517882,0.0,1.0,,,,,,0.0,0.2857142857142857,0,0,0,2025
BOS,0.0,-3.0,0.36,0,1,0.0,0.2,0.5,0.36,27.417952959999997,0.0,1.0,,,,,,0.0,0.42857142857142855,0,0,0,2025
NYR,0.0,3.0,0.64,1,1,1.0,0.8,0.5,0.64,46.00689703999999,1.0,0.0,,,,,,1.0,0.5714285714285714,0,0,0,2025
NYI,1.0,0.0,1.0,1,1,1.0,0.5,0.6,1.0,69.90696799999999,1.0,0.0,,,,,,1.0,0.7142857142857143,0,0,0,2025
EDM,3.0,1.0,0.7538461538461538,1,1,1.0,0.6,0.8,0.7538461538461538,53.565039138461536,1.0,0.0,,,,,,1.0,0.8571428571428571,0,0,0,2025
TBL,5.0,5.0,1.0,1,1,1.0,1.0,1.0,1.0,69.90696799999999,1.0,0.0,,,,,,1.0,1.0,0,0,0,2025
