team_tri_for,fenwick_lvl,corsi_lvl,rpe,rwin,rgame,wp,kpi_corsi,kpi_fenwick,kpi_pe,rwin_fittedPE,wp_own,wp_ow,wp_oow,rpi,pairwise_win,kpi_pairwise,kpi_rpi,kpi_wp,Final,idx_WinStreak,idx_WinStreak_expected,idx_HotStreak,yr_season
PHI,-3.0,0.0,0.2,0,1,0.0,0.5,0.0,0.08571428571428574,16.7956992,0.0,1.0,,,,,,0.0,0.0,0,0,0,2025
BUF,0.0,1.0,0.13793103448275862,0,1,0.0,1.0,0.5,0.0,12.674997310344827,0.0,1.0,,,,,,0.0,0.14285714285714285,0,0,0,2025
CHI,0.0,1.0,0.36,0,1,0.0,1.0,0.5,0.3066666666666667,27.417952959999997,0.0,1.0,,,,,,0.0,0.2857142857142857,0,0,0,2025
TBL,2.0,1.0,0.15517241379310345,0,1,0.0,1.0,0.8333333333333334,0.023809523809523822,13.819636724137931,0.0,1.0,,,,,,0.0,0.42857142857142855,0,0,0,2025
NYR,-2.0,-1.0,0.8448275862068966,1,1,1.0,0.0,0.16666666666666666,0.9761904761904763,59.60521327586207,1.0,0.0,,,,,,1.0,0.5714285714285714,0,0,0,2025
NJD,0.0,-1.0,0.64,1,1,1.0,0.0,0.5,0.6933333333333336,46.00689703999999,1.0,0.0,,,,,,1.0,0.7142857142857143,0,0,0,2025
UTA,0.0,-1.0,0.8620689655172413,1,1,1.0,0.0,0.5,1.0,60.74985268965517,1.0,0.0,,,,,,1.0,0.8571428571428571,0,0,0,2025
EDM,3.0,0.0,0.8,1,1,1.0,0.5,1.0,0.9142857142857144,56.6291508,1.0,0.0,,,,,,1.0,1.0,0,0,0,2025
