team_tri_for,fenwick_lvl,corsi_lvl,rpe,rwin,rgame,wp,kpi_corsi,kpi_fenwick,kpi_pe,rwin_fittedPE,wp_own,wp_ow,wp_oow,rpi,pairwise_win,kpi_pairwise,kpi_rpi,kpi_wp,Final,idx_WinStreak,idx_WinStreak_expected,idx_HotStreak,yr_season
SJS,-6.0,-3.0,0.2,0,1,0.0,0.0,0.0,0.175,16.7956992,0.0,1.0,,,,,,0.0,0.0,0,0,0,2025
MIN,-3.0,-3.0,0.038461538461538464,0,1,0.0,0.0,0.25,0.0,6.071308384615386,0.0,1.0,,,,,,0.0,0.14285714285714285,0,0,0,2025
TBL,-2.0,0.0,0.2,0,1,0.0,0.5,0.3333333333333333,0.175,16.7956992,0.0,1.0,,,,,,0.0,0.2857142857142857,0,0,0,2025
CHI,0.0,1.0,0.3076923076923077,0,1,0.0,0.6666666666666666,0.5,0.2916666666666667,23.94529307692308,0.0,1.0,,,,,,0.0,0.42857142857142855,0,0,0,2025
VAN,0.0,-1.0,0.6923076923076923,1,1,1.0,0.3333333333333333,0.5,0.7083333333333333,49.47955692307692,1.0,0.0,,,,,,1.0,0.5714285714285714,0,0,0,2025
DET,2.0,0.0,0.8,1,1,1.0,0.5,0.6666666666666666,0.8250000000000001,56.6291508,1.0,0.0,,,,,,1.0,0.7142857142857143,0,0,0,2025
WSH,3.0,3.0,0.9615384615384616,1,1,1.0,1.0,0.75,1.0,67.35354161538461,1.0,0.0,,,,,,1.0,0.8571428571428571,0,0,0,2025
UTA,6.0,3.0,0.8,1,1,1.0,1.0,1.0,0.8250000000000001,56.6291508,1.0,0.0,,,,,,1.0,1.0,0,0,0,2025
