team_tri_for,fenwick_lvl,corsi_lvl,rpe,rwin,rgame,wp,kpi_corsi,kpi_fenwick,kpi_pe,rwin_fittedPE,wp_own,wp_ow,wp_oow,rpi,pairwise_win,kpi_pairwise,kpi_rpi,kpi_wp,Final,idx_WinStreak,idx_WinStreak_expected,idx_HotStreak,yr_season
CHI,-2.0,-1.0,0.3076923076923077,0,1,0.0,0.0,0.0,0.09134615384615387,23.94529307692308,0.0,1.0,,,,,,0.0,0.0,0,0,0,2025
SEA,-1.0,-1.0,0.2647058823529412,0,1,0.0,0.0,0.25,0.0,21.091463588235293,0.0,1.0,,,,,,0.0,0.3333333333333333,0,0,0,2025
UTA,1.0,1.0,0.7352941176470589,1,1,1.0,1.0,0.75,1.0,52.33338641176471,1.0,0.0,,,,,,1.0,0.6666666666666666,0,0,0,2025
STL,2.0,1.0,0.6923076923076923,1,1,1.0,1.0,1.0,0.908653846153846,49.47955692307692,1.0,0.0,,,,,,1.0,1.0,0,0,0,2025
