team_tri_for,fenwick_lvl,corsi_lvl,rpe,rwin,rgame,wp,kpi_corsi,kpi_fenwick,kpi_pe,rwin_fittedPE,wp_own,wp_ow,wp_oow,rpi,pairwise_win,kpi_pairwise,kpi_rpi,kpi_wp,Final,idx_WinStreak,idx_WinStreak_expected,idx_HotStreak,yr_season
DAL,-1.0,-1.0,0.058823529411764705,0,1,0.0,0.25,0.3333333333333333,0.058823529411764705,7.423122352941177,0.0,1.0,,,,,,0.0,0.0,0,0,0,2025
OTT,2.0,2.0,0.36,0,1,0.0,1.0,0.8333333333333334,0.36,27.417952959999997,0.0,1.0,,,,,,0.0,0.2,0,0,0,2025
STL,3.0,2.0,0.0,0,1,0.0,1.0,1.0,0.0,3.517882,0.0,1.0,,,,,,0.0,0.4,0,0,0,2025
EDM,-3.0,-2.0,1.0,1,1,1.0,0.0,0.0,1.0,69.90696799999999,1.0,0.0,,,,,,1.0,0.6,0,0,0,2025
DET,-2.0,-2.0,0.64,1,1,1.0,0.0,0.16666666666666666,0.64,46.00689703999999,1.0,0.0,,,,,,1.0,0.8,0,0,0,2025
TBL,1.0,1.0,0.9411764705882353,1,1,1.0,0.75,0.6666666666666666,0.9411764705882353,66.00172764705881,1.0,0.0,,,,,,1.0,1.0,0,0,0,2025
