team_tri_for,fenwick_lvl,corsi_lvl,rpe,rwin,rgame,wp,kpi_corsi,kpi_fenwick,kpi_pe,rwin_fittedPE,wp_own,wp_ow,wp_oow,rpi,pairwise_win,kpi_pairwise,kpi_rpi,kpi_wp,Final,idx_WinStreak,idx_WinStreak_expected,idx_HotStreak,yr_season
FLA,-8.0,-10.0,0.13793103448275862,0,1,0.0,0.0,0.0,0.11724137931034481,12.674997310344827,0.0,1.0,,,,,,0.0,0.0,0,0,0,2025
CHI,-4.0,-5.0,0.02702702702702703,0,1,0.0,0.25,0.25,0.0,5.3121816216216216,0.0,1.0,,,,,,0.0,0.2,0,0,0,2025
BUF,2.0,-2.0,0.13793103448275862,0,1,0.0,0.4,0.625,0.11724137931034481,12.674997310344827,0.0,1.0,,,,,,0.0,0.4,0,0,0,2025
DET,-2.0,2.0,0.8620689655172413,1,1,1.0,0.6,0.375,0.882758620689655,60.74985268965517,1.0,0.0,,,,,,1.0,0.6,0,0,0,2025
NYR,4.0,5.0,0.972972972972973,1,1,1.0,0.75,0.75,1.0,68.11266837837839,1.0,0.0,,,,,,1.0,0.8,0,0,0,2025
NYI,8.0,10.0,0.8620689655172413,1,1,1.0,1.0,1.0,0.882758620689655,60.74985268965517,1.0,0.0,,,,,,1.0,1.0,0,0,0,2025
