team_tri_for,fenwick_lvl,corsi_lvl,rpe,rwin,rgame,wp,kpi_corsi,kpi_fenwick,kpi_pe,rwin_fittedPE,wp_own,wp_ow,wp_oow,rpi,pairwise_win,kpi_pairwise,kpi_rpi,kpi_wp,Final,idx_WinStreak,idx_WinStreak_expected,idx_HotStreak,yr_season
PHI,-3.0,1.0,0.2647058823529412,0,1,0.0,0.6666666666666666,0.0,0.17507002801120453,21.091463588235293,0.0,1.0,,,,,,0.0,0.0,0,0,0,2025
NYR,0.0,0.0,0.13793103448275862,0,1,0.0,0.5,0.5,0.0,12.674997310344827,0.0,1.0,,,,,,0.0,0.2,0,0,0,2025
COL,0.0,3.0,0.13793103448275862,0,1,0.0,1.0,0.5,0.0,12.674997310344827,0.0,1.0,,,,,,0.0,0.4,0,0,0,2025
OTT,0.0,-3.0,0.8620689655172413,1,1,1.0,0.0,0.5,1.0,60.74985268965517,1.0,0.0,,,,,,1.0,0.6,0,0,0,2025
NYI,0.0,0.0,0.8620689655172413,1,1,1.0,0.5,0.5,1.0,60.74985268965517,1.0,0.0,,,,,,1.0,0.8,0,0,0,2025
CBJ,3.0,-1.0,0.7352941176470589,1,1,1.0,0.3333333333333333,1.0,0.8249299719887956,52.33338641176471,1.0,0.0,,,,,,1.0,1.0,0,0,0,2025
