team_tri_for,fenwick_lvl,corsi_lvl,rpe,rwin,rgame,wp,kpi_corsi,kpi_fenwick,kpi_pe,rwin_fittedPE,wp_own,wp_ow,wp_oow,rpi,pairwise_win,kpi_pairwise,kpi_rpi,kpi_wp,Final,idx_WinStreak,idx_WinStreak_expected,idx_HotStreak,yr_season
COL,-1.0,-1.0,0.36,0,1,0.0,0.3333333333333333,0.0,0.2666666666666666,27.417952959999997,0.0,1.0,,,,,,0.0,0.0,0,0,0,2025
STL,0.0,-2.0,0.2,0,1,0.0,0.16666666666666666,0.5,0.0,16.7956992,0.0,1.0,,,,,,0.0,0.2,0,0,0,2025
ANA,1.0,3.0,0.36,0,1,0.0,1.0,1.0,0.2666666666666666,27.417952959999997,0.0,1.0,,,,,,0.0,0.4,0,0,0,2025
SJS,-1.0,-3.0,0.64,1,1,1.0,0.0,0.0,0.7333333333333333,46.00689703999999,1.0,0.0,,,,,,1.0,0.6,0,0,0,2025
LAK,0.0,2.0,0.8,1,1,1.0,0.8333333333333334,0.5,1.0,56.6291508,1.0,0.0,,,,,,1.0,0.8,0,0,0,2025
VAN,1.0,1.0,0.64,1,1,1.0,0.6666666666666666,1.0,0.7333333333333333,46.00689703999999,1.0,0.0,,,,,,1.0,1.0,0,0,0,2025
