team_tri_for,fenwick_lvl,corsi_lvl,rpe,rwin,rgame,wp,kpi_corsi,kpi_fenwick,kpi_pe,rwin_fittedPE,wp_own,wp_ow,wp_oow,rpi,pairwise_win,kpi_pairwise,kpi_rpi,kpi_wp,Final,idx_WinStreak,idx_WinStreak_expected,idx_HotStreak,yr_season
CHI,-1.0,-6.0,0.1,0,1,0.0,0.0,0.4,0.0,10.1567906,0.0,1.0,,,,,,0.0,0.0,0,0,0,2025
EDM,2.0,0.0,0.3076923076923077,0,1,0.0,0.5,0.7,0.25961538461538464,23.94529307692308,0.0,1.0,,,,,,0.0,0.14285714285714285,0,0,0,2025
PIT,3.0,1.0,0.36,0,1,0.0,0.5833333333333334,0.8,0.325,27.417952959999997,0.0,1.0,,,,,,0.0,0.2857142857142857,0,0,0,2025
NSH,5.0,4.0,0.3902439024390244,0,1,0.0,0.8333333333333334,1.0,0.36280487804878053,29.425818000000003,0.0,1.0,,,,,,0.0,0.42857142857142855,0,0,0,2025
VAN,-5.0,-4.0,0.6097560975609756,1,1,1.0,0.16666666666666666,0.0,0.6371951219512195,43.999032,1.0,0.0,,,,,,1.0,0.5714285714285714,0,0,0,2025
TOR,-3.0,-1.0,0.64,1,1,1.0,0.4166666666666667,0.2,0.675,46.00689703999999,1.0,0.0,,,,,,1.0,0.7142857142857143,0,0,0,2025
STL,-2.0,0.0,0.6923076923076923,1,1,1.0,0.5,0.3,0.7403846153846153,49.47955692307692,1.0,0.0,,,,,,1.0,0.8571428571428571,0,0,0,2025
SEA,1.0,6.0,0.9,1,1,1.0,1.0,0.6,1.0,63.2680594,1.0,0.0,,,,,,1.0,1.0,0,0,0,2025
