team_tri_for,fenwick_lvl,corsi_lvl,rpe,rwin,rgame,wp,kpi_corsi,kpi_fenwick,kpi_pe,rwin_fittedPE,wp_own,wp_ow,wp_oow,rpi,pairwise_win,kpi_pairwise,kpi_rpi,kpi_wp,Final,idx_WinStreak,idx_WinStreak_expected,idx_HotStreak,yr_season
BUF,-3.0,-4.0,0.1,0,1,0.0,0.0,0.2857142857142857,0.0,10.1567906,0.0,1.0,,,,,,0.0,0.0,0,0,0,2025
BOS,-1.0,0.0,0.36,0,1,0.0,0.5,0.42857142857142855,0.325,27.417952959999997,0.0,1.0,,,,,,0.0,0.14285714285714285,0,0,0,2025
CAR,1.0,1.0,0.36,0,1,0.0,0.625,0.5714285714285714,0.325,27.417952959999997,0.0,1.0,,,,,,0.0,0.2857142857142857,0,0,0,2025
EDM,7.0,3.0,0.24615384615384617,0,1,0.0,0.875,1.0,0.18269230769230768,19.85981086153846,0.0,1.0,,,,,,0.0,0.42857142857142855,0,0,0,2025
WSH,-7.0,-3.0,0.7538461538461538,1,1,1.0,0.125,0.0,0.8173076923076923,53.565039138461536,1.0,0.0,,,,,,1.0,0.5714285714285714,0,0,0,2025
MIN,-1.0,-1.0,0.64,1,1,1.0,0.375,0.42857142857142855,0.675,46.00689703999999,1.0,0.0,,,,,,1.0,0.7142857142857143,0,0,0,2025
ANA,1.0,0.0,0.64,1,1,1.0,0.5,0.5714285714285714,0.675,46.00689703999999,1.0,0.0,,,,,,1.0,0.8571428571428571,0,0,0,2025
CGY,3.0,4.0,0.9,1,1,1.0,1.0,0.7142857142857143,1.0,63.2680594,1.0,0.0,,,,,,1.0,1.0,0,0,0,2025
