gameIdx,team_tri,gameid,teamloc,goals,hits,goals_pp,shots,shots_blocked,poss_giveaway,poss_takeaway,win,seasonIdx,gameDate,gameEnd
TOR_MTL_2013-10-01,TOR,2013020001,away,4,6.0,0.0,1.0,3.0,1.0,0.0,1,2,2013-10-01,REG
TOR_MTL_2013-10-01,MTL,2013020001,home,3,3.0,0.0,2.0,2.0,0.0,0.0,0,2,2013-10-01,REG
WSH_CHI_2013-10-01,WSH,2013020002,away,4,4.0,1.0,10.0,2.0,0.0,0.0,0,2,2013-10-01,REG
WSH_CHI_2013-10-01,CHI,2013020002,home,6,4.0,0.0,9.0,3.0,1.0,3.0,1,2,2013-10-01,REG
WPG_EDM_2013-10-01,WPG,2013020003,away,5,4.0,0.0,4.0,5.0,1.0,0.0,1,2,2013-10-01,REG
WPG_EDM_2013-10-01,EDM,2013020003,home,4,3.0,0.0,2.0,2.0,3.0,1.0,0,2,2013-10-01,REG
TOR_PHI_2013-10-02,TOR,2013020004,away,3,4.0,0.0,1.0,1.0,1.0,1.0,1,2,2013-10-02,REG
TOR_PHI_2013-10-02,PHI,2013020004,home,1,2.0,1.0,1.0,0.0,0.0,0.0,0,2,2013-10-02,REG
BUF_DET_2013-10-02,BUF,2013020005,away,1,4.0,0.0,4.0,0.0,1.0,1.0,0,2,2013-10-02,REG
BUF_DET_2013-10-02,DET,2013020005,home,2,7.0,0.0,2.0,0.0,0.0,0.0,1,2,2013-10-02,REG
ANA_COL_2013-10-02,ANA,2013020006,away,1,2.0,0.0,5.0,1.0,0.0,0.0,0,2,2013-10-02,REG
ANA_COL_2013-10-02,COL,2013020006,home,6,1.0,0.0,3.0,1.0,1.0,1.0,1,2,2013-10-02,REG
TBL_BOS_2013-10-03,TBL,2013020007,away,1,2.0,0.0,3.0,2.0,0.0,0.0,0,2,2013-10-03,REG
TBL_BOS_2013-10-03,BOS,2013020007,home,3,3.0,0.0,3.0,0.0,0.0,0.0,1,2,2013-10-03,REG
CGY_WSH_2013-10-03,CGY,2013020009,away,4,2.0,0.0,1.0,3.0,1.0,1.0,0,2,2013-10-03,SO
CGY_WSH_2013-10-03,WSH,2013020009,home,5,7.0,1.0,12.0,1.0,0.0,1.0,1,2,2013-10-03,SO
NJD_PIT_2013-10-03,NJD,2013020008,away,0,6.0,0.0,3.0,0.0,1.0,0.0,0,2,2013-10-03,REG
NJD_PIT_2013-10-03,PIT,2013020008,home,3,4.0,0.0,2.0,6.0,0.0,0.0,1,2,2013-10-03,REG
LAK_MIN_2013-10-03,LAK,2013020011,away,3,3.0,0.0,2.0,3.0,0.0,0.0,1,2,2013-10-03,SO
LAK_MIN_2013-10-03,MIN,2013020011,home,2,3.0,0.0,5.0,1.0,0.0,0.0,0,2,2013-10-03,SO
NSH_STL_2013-10-03,NSH,2013020010,away,2,1.0,0.0,5.0,0.0,0.0,2.0,0,2,2013-10-03,REG
NSH_STL_2013-10-03,STL,2013020010,home,4,1.0,0.0,0.0,4.0,0.0,1.0,1,2,2013-10-03,REG
FLA_DAL_2013-10-03,FLA,2013020012,away,4,0.0,0.0,3.0,3.0,1.0,0.0,1,2,2013-10-03,REG
FLA_DAL_2013-10-03,DAL,2013020012,home,2,3.0,0.0,1.0,0.0,0.0,0.0,0,2,2013-10-03,REG
VAN_SJS_2013-10-03,VAN,2013020014,away,1,3.0,0.0,3.0,2.0,1.0,0.0,0,2,2013-10-03,REG
VAN_SJS_2013-10-03,SJS,2013020014,home,4,1.0,0.0,7.0,4.0,3.0,0.0,1,2,2013-10-03,REG
NYR_PHX_2013-10-03,NYR,2013020013,away,1,1.0,0.0,2.0,2.0,0.0,0.0,0,2,2013-10-03,REG
NYR_PHX_2013-10-03,PHX,2013020013,home,4,5.0,0.0,4.0,3.0,0.0,1.0,1,2,2013-10-03,REG
OTT_BUF_2013-10-04,OTT,2013020015,away,1,4.0,0.0,6.0,1.0,0.0,0.0,1,2,2013-10-04,REG
OTT_BUF_2013-10-04,BUF,2013020015,home,0,7.0,0.0,1.0,3.0,1.0,0.0,0,2,2013-10-04,REG
NYI_NJD_2013-10-04,NYI,2013020016,away,4,1.0,0.0,2.0,2.0,1.0,1.0,1,2,2013-10-04,SO
NYI_NJD_2013-10-04,NJD,2013020016,home,3,2.0,0.0,5.0,1.0,0.0,1.0,0,2,2013-10-04,SO
CGY_CBJ_2013-10-04,CGY,2013020018,away,4,6.0,0.0,1.0,1.0,0.0,0.0,1,2,2013-10-04,REG
CGY_CBJ_2013-10-04,CBJ,2013020018,home,3,5.0,0.0,3.0,1.0,0.0,0.0,0,2,2013-10-04,REG
DET_CAR_2013-10-04,DET,2013020017,away,3,9.0,0.0,5.0,2.0,1.0,1.0,1,2,2013-10-04,OT
DET_CAR_2013-10-04,CAR,2013020017,home,2,3.0,0.0,4.0,7.0,1.0,4.0,0,2,2013-10-04,OT
LAK_WPG_2013-10-04,LAK,2013020019,away,3,5.0,0.0,3.0,4.0,0.0,0.0,0,2,2013-10-04,REG
LAK_WPG_2013-10-04,WPG,2013020019,home,5,6.0,0.0,8.0,1.0,2.0,0.0,1,2,2013-10-04,REG
NSH_COL_2013-10-04,NSH,2013020020,away,1,0.0,0.0,1.0,1.0,1.0,2.0,0,2,2013-10-04,REG
NSH_COL_2013-10-04,COL,2013020020,home,3,3.0,0.0,4.0,0.0,1.0,0.0,1,2,2013-10-04,REG
CBJ_NYI_2013-10-05,CBJ,2013020024,away,3,1.0,0.0,5.0,1.0,1.0,0.0,1,2,2013-10-05,SO
CBJ_NYI_2013-10-05,NYI,2013020024,home,2,4.0,0.0,1.0,1.0,2.0,1.0,0,2,2013-10-05,SO
PHI_MTL_2013-10-05,PHI,2013020023,away,1,4.0,0.0,3.0,1.0,3.0,0.0,0,2,2013-10-05,REG
PHI_MTL_2013-10-05,MTL,2013020023,home,4,4.0,0.0,2.0,0.0,1.0,0.0,1,2,2013-10-05,REG
DET_BOS_2013-10-05,DET,2013020021,away,1,3.0,0.0,3.0,0.0,2.0,0.0,0,2,2013-10-05,REG
DET_BOS_2013-10-05,BOS,2013020021,home,4,5.0,0.0,1.0,1.0,2.0,1.0,1,2,2013-10-05,REG
BUF_PIT_2013-10-05,BUF,2013020025,away,1,2.0,0.0,1.0,1.0,0.0,0.0,0,2,2013-10-05,REG
BUF_PIT_2013-10-05,PIT,2013020025,home,4,2.0,0.0,7.0,2.0,0.0,1.0,1,2,2013-10-05,REG
OTT_TOR_2013-10-05,OTT,2013020022,away,4,6.0,0.0,4.0,4.0,3.0,1.0,0,2,2013-10-05,SO
OTT_TOR_2013-10-05,TOR,2013020022,home,5,6.0,0.0,4.0,1.0,1.0,0.0,1,2,2013-10-05,SO
TBL_CHI_2013-10-05,TBL,2013020026,away,3,4.0,0.0,0.0,0.0,1.0,0.0,1,2,2013-10-05,SO
TBL_CHI_2013-10-05,CHI,2013020026,home,2,3.0,0.0,8.0,2.0,1.0,4.0,0,2,2013-10-05,SO
WSH_DAL_2013-10-05,WSH,2013020028,away,1,5.0,1.0,8.0,2.0,0.0,1.0,0,2,2013-10-05,REG
WSH_DAL_2013-10-05,DAL,2013020028,home,2,5.0,0.0,2.0,4.0,1.0,0.0,1,2,2013-10-05,REG
FLA_STL_2013-10-05,FLA,2013020027,away,0,0.0,0.0,3.0,1.0,1.0,0.0,0,2,2013-10-05,REG
FLA_STL_2013-10-05,STL,2013020027,home,7,2.0,0.0,3.0,3.0,1.0,3.0,1,2,2013-10-05,REG
ANA_MIN_2013-10-05,ANA,2013020029,away,4,4.0,0.0,5.0,1.0,3.0,0.0,1,2,2013-10-05,OT
ANA_MIN_2013-10-05,MIN,2013020029,home,3,3.0,0.0,3.0,0.0,1.0,0.0,0,2,2013-10-05,OT
EDM_VAN_2013-10-05,EDM,2013020030,away,2,4.0,0.0,5.0,2.0,2.0,2.0,0,2,2013-10-05,REG
EDM_VAN_2013-10-05,VAN,2013020030,home,6,2.0,0.0,2.0,1.0,2.0,1.0,1,2,2013-10-05,REG
PHX_SJS_2013-10-05,PHX,2013020031,away,1,6.0,0.0,2.0,1.0,2.0,0.0,0,2,2013-10-05,REG
PHX_SJS_2013-10-05,SJS,2013020031,home,4,0.0,0.0,4.0,0.0,0.0,3.0,1,2,2013-10-05,REG
PHI_CAR_2013-10-06,PHI,2013020032,away,1,6.0,0.0,0.0,2.0,0.0,1.0,0,2,2013-10-06,REG
PHI_CAR_2013-10-06,CAR,2013020032,home,2,5.0,0.0,1.0,2.0,2.0,1.0,1,2,2013-10-06,REG
VAN_CGY_2013-10-06,VAN,2013020034,away,5,1.0,0.0,4.0,3.0,1.0,1.0,1,2,2013-10-06,OT
VAN_CGY_2013-10-06,CGY,2013020034,home,4,3.0,0.0,3.0,2.0,0.0,0.0,0,2,2013-10-06,OT
ANA_WPG_2013-10-06,ANA,2013020033,away,3,4.0,0.0,5.0,5.0,1.0,0.0,1,2,2013-10-06,REG
ANA_WPG_2013-10-06,WPG,2013020033,home,2,11.0,0.0,0.0,5.0,0.0,0.0,0,2,2013-10-06,REG
NJD_EDM_2013-10-07,NJD,2013020035,away,4,5.0,0.0,2.0,4.0,2.0,1.0,0,2,2013-10-07,SO
NJD_EDM_2013-10-07,EDM,2013020035,home,5,2.0,0.0,5.0,3.0,2.0,1.0,1,2,2013-10-07,SO
NYR_LAK_2013-10-07,NYR,2013020036,away,3,1.0,0.0,4.0,1.0,0.0,0.0,1,2,2013-10-07,REG
NYR_LAK_2013-10-07,LAK,2013020036,home,1,6.0,0.0,5.0,1.0,1.0,0.0,0,2,2013-10-07,REG
FLA_PHI_2013-10-08,FLA,2013020039,away,1,2.0,0.0,4.0,2.0,2.0,0.0,0,2,2013-10-08,REG
FLA_PHI_2013-10-08,PHI,2013020039,home,2,4.0,0.0,7.0,3.0,1.0,0.0,1,2,2013-10-08,REG
COL_TOR_2013-10-08,COL,2013020037,away,2,7.0,0.0,5.0,0.0,0.0,1.0,1,2,2013-10-08,REG
COL_TOR_2013-10-08,TOR,2013020037,home,1,3.0,0.0,2.0,4.0,4.0,2.0,0,2,2013-10-08,REG
CAR_PIT_2013-10-08,CAR,2013020040,away,2,3.0,0.0,6.0,1.0,2.0,2.0,0,2,2013-10-08,REG
CAR_PIT_2013-10-08,PIT,2013020040,home,5,5.0,0.0,7.0,1.0,2.0,0.0,1,2,2013-10-08,REG
PHX_NYI_2013-10-08,PHX,2013020038,away,1,7.0,0.0,6.0,0.0,0.0,0.0,0,2,2013-10-08,REG
PHX_NYI_2013-10-08,NYI,2013020038,home,6,1.0,0.0,1.0,2.0,2.0,0.0,1,2,2013-10-08,REG
TBL_BUF_2013-10-08,TBL,2013020041,away,3,0.0,0.0,6.0,1.0,1.0,0.0,1,2,2013-10-08,OT
TBL_BUF_2013-10-08,BUF,2013020041,home,2,3.0,0.0,4.0,2.0,0.0,1.0,0,2,2013-10-08,OT
MIN_NSH_2013-10-08,MIN,2013020042,away,2,0.0,0.0,2.0,2.0,1.0,2.0,0,2,2013-10-08,REG
MIN_NSH_2013-10-08,NSH,2013020042,home,3,0.0,0.0,5.0,2.0,3.0,1.0,1,2,2013-10-08,REG
NJD_VAN_2013-10-08,NJD,2013020043,away,2,5.0,0.0,2.0,4.0,3.0,0.0,0,2,2013-10-08,OT
NJD_VAN_2013-10-08,VAN,2013020043,home,3,2.0,0.0,2.0,2.0,1.0,1.0,1,2,2013-10-08,OT
NYR_SJS_2013-10-08,NYR,2013020044,away,2,3.0,0.0,2.0,2.0,2.0,1.0,0,2,2013-10-08,REG
NYR_SJS_2013-10-08,SJS,2013020044,home,9,0.0,0.0,5.0,2.0,1.0,1.0,1,2,2013-10-08,REG
MTL_CGY_2013-10-09,MTL,2013020046,away,2,4.0,0.0,0.0,1.0,1.0,0.0,0,2,2013-10-09,REG
MTL_CGY_2013-10-09,CGY,2013020046,home,3,1.0,0.0,0.0,0.0,1.0,0.0,1,2,2013-10-09,REG
CHI_STL_2013-10-09,CHI,2013020045,away,2,0.0,0.0,6.0,1.0,0.0,0.0,0,2,2013-10-09,REG
CHI_STL_2013-10-09,STL,2013020045,home,3,1.0,0.0,5.0,2.0,1.0,2.0,1,2,2013-10-09,REG
OTT_LAK_2013-10-09,OTT,2013020047,away,3,9.0,1.0,2.0,2.0,1.0,0.0,0,2,2013-10-09,OT
OTT_LAK_2013-10-09,LAK,2013020047,home,4,4.0,0.0,3.0,3.0,3.0,1.0,1,2,2013-10-09,OT
COL_BOS_2013-10-10,COL,2013020048,away,2,2.0,0.0,0.0,0.0,1.0,1.0,1,2,2013-10-10,REG
COL_BOS_2013-10-10,BOS,2013020048,home,0,3.0,0.0,3.0,1.0,1.0,0.0,0,2,2013-10-10,REG
CAR_WSH_2013-10-10,CAR,2013020050,away,3,1.0,0.0,2.0,2.0,0.0,0.0,1,2,2013-10-10,REG
CAR_WSH_2013-10-10,WSH,2013020050,home,2,2.0,0.0,9.0,2.0,0.0,2.0,0,2,2013-10-10,REG
CBJ_BUF_2013-10-10,CBJ,2013020049,away,4,0.0,0.0,7.0,3.0,1.0,1.0,1,2,2013-10-10,REG
CBJ_BUF_2013-10-10,BUF,2013020049,home,1,2.0,0.0,2.0,2.0,1.0,0.0,0,2,2013-10-10,REG
FLA_TBL_2013-10-10,FLA,2013020052,away,2,2.0,0.0,4.0,2.0,0.0,0.0,0,2,2013-10-10,REG
FLA_TBL_2013-10-10,TBL,2013020052,home,7,2.0,0.0,2.0,1.0,1.0,0.0,1,2,2013-10-10,REG
PHX_DET_2013-10-10,PHX,2013020051,away,4,1.0,0.0,4.0,3.0,1.0,2.0,1,2,2013-10-10,REG
PHX_DET_2013-10-10,DET,2013020051,home,2,5.0,0.0,5.0,2.0,2.0,2.0,0,2,2013-10-10,REG
TOR_NSH_2013-10-10,TOR,2013020053,away,4,4.0,0.0,1.0,2.0,1.0,2.0,1,2,2013-10-10,REG
TOR_NSH_2013-10-10,NSH,2013020053,home,0,0.0,0.0,6.0,4.0,1.0,1.0,0,2,2013-10-10,REG
WPG_MIN_2013-10-10,WPG,2013020054,away,1,3.0,0.0,5.0,4.0,0.0,0.0,0,2,2013-10-10,REG
WPG_MIN_2013-10-10,MIN,2013020054,home,2,3.0,0.0,1.0,2.0,2.0,0.0,1,2,2013-10-10,REG
MTL_EDM_2013-10-10,MTL,2013020055,away,4,2.0,0.0,4.0,5.0,0.0,0.0,1,2,2013-10-10,REG
MTL_EDM_2013-10-10,EDM,2013020055,home,1,1.0,0.0,5.0,4.0,6.0,1.0,0,2,2013-10-10,REG
NYR_ANA_2013-10-10,NYR,2013020057,away,0,4.0,0.0,3.0,1.0,1.0,0.0,0,2,2013-10-10,REG
NYR_ANA_2013-10-10,ANA,2013020057,home,6,4.0,0.0,6.0,1.0,0.0,2.0,1,2,2013-10-10,REG
SJS_VAN_2013-10-10,SJS,2013020056,away,4,1.0,0.0,1.0,5.0,2.0,0.0,1,2,2013-10-10,REG
SJS_VAN_2013-10-10,VAN,2013020056,home,1,2.0,0.0,1.0,1.0,2.0,2.0,0,2,2013-10-10,REG
LAK_CAR_2013-10-11,LAK,2013020059,away,2,2.0,0.0,3.0,2.0,0.0,0.0,1,2,2013-10-11,SO
LAK_CAR_2013-10-11,CAR,2013020059,home,1,1.0,0.0,2.0,3.0,3.0,3.0,0,2,2013-10-11,SO
PHX_PHI_2013-10-11,PHX,2013020058,away,2,2.0,0.0,1.0,2.0,2.0,1.0,1,2,2013-10-11,REG
PHX_PHI_2013-10-11,PHI,2013020058,home,1,2.0,0.0,4.0,4.0,2.0,2.0,0,2,2013-10-11,REG
PIT_FLA_2013-10-11,PIT,2013020060,away,3,5.0,0.0,6.0,0.0,0.0,0.0,0,2,2013-10-11,REG
PIT_FLA_2013-10-11,FLA,2013020060,home,6,5.0,1.0,1.0,1.0,1.0,0.0,1,2,2013-10-11,REG
DAL_WPG_2013-10-11,DAL,2013020062,away,4,3.0,0.0,1.0,3.0,0.0,0.0,1,2,2013-10-11,REG
DAL_WPG_2013-10-11,WPG,2013020062,home,1,6.0,0.0,9.0,2.0,0.0,1.0,0,2,2013-10-11,REG
NYI_CHI_2013-10-11,NYI,2013020061,away,2,1.0,0.0,2.0,4.0,2.0,1.0,0,2,2013-10-11,REG
NYI_CHI_2013-10-11,CHI,2013020061,home,3,1.0,0.0,5.0,1.0,0.0,3.0,1,2,2013-10-11,REG
NJD_CGY_2013-10-11,NJD,2013020063,away,2,0.0,0.0,1.0,0.0,2.0,0.0,0,2,2013-10-11,REG
NJD_CGY_2013-10-11,CGY,2013020063,home,3,0.0,0.0,5.0,4.0,3.0,0.0,1,2,2013-10-11,REG
BOS_CBJ_2013-10-12,BOS,2013020068,away,3,5.0,0.0,5.0,3.0,0.0,0.0,1,2,2013-10-12,REG
BOS_CBJ_2013-10-12,CBJ,2013020068,home,1,0.0,1.0,8.0,2.0,0.0,0.0,0,2,2013-10-12,REG
EDM_TOR_2013-10-12,EDM,2013020064,away,5,6.0,0.0,2.0,7.0,5.0,1.0,0,2,2013-10-12,OT
EDM_TOR_2013-10-12,TOR,2013020064,home,6,2.0,0.0,3.0,4.0,4.0,1.0,1,2,2013-10-12,OT
PIT_TBL_2013-10-12,PIT,2013020066,away,5,3.0,1.0,4.0,0.0,1.0,2.0,1,2,2013-10-12,REG
PIT_TBL_2013-10-12,TBL,2013020066,home,4,3.0,0.0,2.0,1.0,2.0,1.0,0,2,2013-10-12,REG
COL_WSH_2013-10-12,COL,2013020067,away,5,5.0,0.0,0.0,9.0,1.0,0.0,1,2,2013-10-12,REG
COL_WSH_2013-10-12,WSH,2013020067,home,1,5.0,0.0,9.0,0.0,1.0,0.0,0,2,2013-10-12,REG
PHI_DET_2013-10-12,PHI,2013020065,away,2,6.0,0.0,8.0,0.0,0.0,1.0,0,2,2013-10-12,REG
PHI_DET_2013-10-12,DET,2013020065,home,5,7.0,0.0,0.0,0.0,1.0,2.0,1,2,2013-10-12,REG
NYI_NSH_2013-10-12,NYI,2013020071,away,2,0.0,0.0,3.0,4.0,1.0,3.0,0,2,2013-10-12,REG
NYI_NSH_2013-10-12,NSH,2013020071,home,3,0.0,1.0,9.0,3.0,3.0,1.0,1,2,2013-10-12,REG
BUF_CHI_2013-10-12,BUF,2013020069,away,1,1.0,0.0,3.0,1.0,0.0,1.0,0,2,2013-10-12,REG
BUF_CHI_2013-10-12,CHI,2013020069,home,2,1.0,0.0,9.0,2.0,5.0,2.0,1,2,2013-10-12,REG
DAL_MIN_2013-10-12,DAL,2013020072,away,1,3.0,0.0,2.0,4.0,0.0,0.0,0,2,2013-10-12,REG
DAL_MIN_2013-10-12,MIN,2013020072,home,5,0.0,0.0,6.0,1.0,1.0,1.0,1,2,2013-10-12,REG
NYR_STL_2013-10-12,NYR,2013020070,away,3,2.0,0.0,2.0,2.0,1.0,0.0,0,2,2013-10-12,REG
NYR_STL_2013-10-12,STL,2013020070,home,5,1.0,0.0,3.0,5.0,0.0,0.0,1,2,2013-10-12,REG
OTT_SJS_2013-10-12,OTT,2013020074,away,2,4.0,1.0,3.0,2.0,2.0,0.0,0,2,2013-10-12,REG
OTT_SJS_2013-10-12,SJS,2013020074,home,3,2.0,0.0,7.0,4.0,1.0,1.0,1,2,2013-10-12,REG
MTL_VAN_2013-10-12,MTL,2013020073,away,4,2.0,0.0,1.0,2.0,0.0,1.0,1,2,2013-10-12,REG
MTL_VAN_2013-10-12,VAN,2013020073,home,1,2.0,0.0,5.0,0.0,1.0,1.0,0,2,2013-10-12,REG
PHX_CAR_2013-10-13,PHX,2013020075,away,5,4.0,0.0,4.0,3.0,2.0,1.0,1,2,2013-10-13,REG
PHX_CAR_2013-10-13,CAR,2013020075,home,3,2.0,0.0,4.0,3.0,0.0,0.0,0,2,2013-10-13,REG
LAK_FLA_2013-10-13,LAK,2013020076,away,3,5.0,0.0,1.0,2.0,0.0,3.0,1,2,2013-10-13,REG
LAK_FLA_2013-10-13,FLA,2013020076,home,0,3.0,0.0,1.0,3.0,2.0,1.0,0,2,2013-10-13,REG
OTT_ANA_2013-10-13,OTT,2013020078,away,1,5.0,0.0,6.0,3.0,1.0,2.0,0,2,2013-10-13,REG
OTT_ANA_2013-10-13,ANA,2013020078,home,4,5.0,0.0,6.0,2.0,1.0,0.0,1,2,2013-10-13,REG
NJD_WPG_2013-10-13,NJD,2013020077,away,0,4.0,0.0,1.0,1.0,2.0,0.0,0,2,2013-10-13,REG
NJD_WPG_2013-10-13,WPG,2013020077,home,3,6.0,0.0,8.0,3.0,2.0,0.0,1,2,2013-10-13,REG
DET_BOS_2013-10-14,DET,2013020079,away,3,4.0,0.0,3.0,0.0,1.0,0.0,1,2,2013-10-14,REG
DET_BOS_2013-10-14,BOS,2013020079,home,2,2.0,0.0,5.0,0.0,1.0,0.0,0,2,2013-10-14,REG
EDM_WSH_2013-10-14,EDM,2013020080,away,2,0.0,0.0,6.0,1.0,0.0,0.0,0,2,2013-10-14,REG
EDM_WSH_2013-10-14,WSH,2013020080,home,4,7.0,0.0,4.0,3.0,3.0,2.0,1,2,2013-10-14,REG
MIN_BUF_2013-10-14,MIN,2013020081,away,2,0.0,0.0,3.0,1.0,0.0,0.0,1,2,2013-10-14,REG
MIN_BUF_2013-10-14,BUF,2013020081,home,1,2.0,0.0,5.0,0.0,2.0,1.0,0,2,2013-10-14,REG
BUF_NYI_2013-10-15,BUF,2013020083,away,4,1.0,0.0,1.0,2.0,0.0,0.0,1,2,2013-10-15,SO
BUF_NYI_2013-10-15,NYI,2013020083,home,3,1.0,0.0,8.0,2.0,2.0,1.0,0,2,2013-10-15,SO
CHI_CAR_2013-10-15,CHI,2013020086,away,3,0.0,0.0,8.0,2.0,1.0,0.0,1,2,2013-10-15,SO
CHI_CAR_2013-10-15,CAR,2013020086,home,2,5.0,0.0,4.0,1.0,0.0,4.0,0,2,2013-10-15,SO
MIN_TOR_2013-10-15,MIN,2013020082,away,1,1.0,0.0,5.0,1.0,3.0,1.0,0,2,2013-10-15,REG
MIN_TOR_2013-10-15,TOR,2013020082,home,4,4.0,0.0,0.0,3.0,4.0,2.0,1,2,2013-10-15,REG
VAN_PHI_2013-10-15,VAN,2013020084,away,3,4.0,0.0,2.0,2.0,0.0,0.0,1,2,2013-10-15,REG
VAN_PHI_2013-10-15,PHI,2013020084,home,2,3.0,0.0,1.0,3.0,1.0,1.0,0,2,2013-10-15,REG
EDM_PIT_2013-10-15,EDM,2013020085,away,2,1.0,0.0,5.0,1.0,1.0,0.0,0,2,2013-10-15,REG
EDM_PIT_2013-10-15,PIT,2013020085,home,3,5.0,0.0,5.0,4.0,0.0,0.0,1,2,2013-10-15,REG
LAK_TBL_2013-10-15,LAK,2013020088,away,1,2.0,0.0,1.0,1.0,1.0,0.0,0,2,2013-10-15,REG
LAK_TBL_2013-10-15,TBL,2013020088,home,5,2.0,0.0,2.0,1.0,2.0,0.0,1,2,2013-10-15,REG
CBJ_DET_2013-10-15,CBJ,2013020087,away,1,2.0,0.0,6.0,2.0,2.0,1.0,0,2,2013-10-15,REG
CBJ_DET_2013-10-15,DET,2013020087,home,2,1.0,0.0,6.0,1.0,1.0,1.0,1,2,2013-10-15,REG
SJS_STL_2013-10-15,SJS,2013020089,away,6,1.0,1.0,7.0,2.0,0.0,1.0,1,2,2013-10-15,REG
SJS_STL_2013-10-15,STL,2013020089,home,2,2.0,0.0,4.0,2.0,0.0,1.0,0,2,2013-10-15,REG
MTL_WPG_2013-10-15,MTL,2013020091,away,3,3.0,0.0,2.0,5.0,0.0,0.0,1,2,2013-10-15,REG
MTL_WPG_2013-10-15,WPG,2013020091,home,0,3.0,0.0,4.0,1.0,0.0,0.0,0,2,2013-10-15,REG
FLA_NSH_2013-10-15,FLA,2013020090,away,3,2.0,0.0,2.0,2.0,2.0,1.0,0,2,2013-10-15,REG
FLA_NSH_2013-10-15,NSH,2013020090,home,4,0.0,0.0,5.0,2.0,0.0,1.0,1,2,2013-10-15,REG
DAL_COL_2013-10-15,DAL,2013020092,away,2,2.0,0.0,4.0,3.0,1.0,1.0,0,2,2013-10-15,REG
DAL_COL_2013-10-15,COL,2013020092,home,3,1.0,0.0,1.0,4.0,0.0,3.0,1,2,2013-10-15,REG
OTT_PHX_2013-10-15,OTT,2013020093,away,4,8.0,0.0,4.0,1.0,0.0,0.0,1,2,2013-10-15,OT
OTT_PHX_2013-10-15,PHX,2013020093,home,3,5.0,0.0,5.0,1.0,1.0,0.0,0,2,2013-10-15,OT
NYR_WSH_2013-10-16,NYR,2013020094,away,2,4.0,0.0,0.0,5.0,0.0,0.0,1,2,2013-10-16,REG
NYR_WSH_2013-10-16,WSH,2013020094,home,0,3.0,0.0,8.0,2.0,1.0,1.0,0,2,2013-10-16,REG
CGY_ANA_2013-10-16,CGY,2013020095,away,2,2.0,0.0,4.0,2.0,0.0,0.0,0,2,2013-10-16,REG
CGY_ANA_2013-10-16,ANA,2013020095,home,3,3.0,0.0,2.0,2.0,0.0,1.0,1,2,2013-10-16,REG
CAR_TOR_2013-10-17,CAR,2013020097,away,3,2.0,0.0,3.0,0.0,1.0,0.0,1,2,2013-10-17,REG
CAR_TOR_2013-10-17,TOR,2013020097,home,2,9.0,0.0,2.0,0.0,1.0,2.0,0,2,2013-10-17,REG
PIT_PHI_2013-10-17,PIT,2013020099,away,4,7.0,0.0,8.0,2.0,0.0,1.0,1,2,2013-10-17,REG
PIT_PHI_2013-10-17,PHI,2013020099,home,1,1.0,0.0,2.0,2.0,0.0,0.0,0,2,2013-10-17,REG
EDM_NYI_2013-10-17,EDM,2013020098,away,2,4.0,0.0,7.0,0.0,1.0,2.0,0,2,2013-10-17,REG
EDM_NYI_2013-10-17,NYI,2013020098,home,3,2.0,0.0,4.0,1.0,0.0,1.0,1,2,2013-10-17,REG
VAN_BUF_2013-10-17,VAN,2013020096,away,3,1.0,0.0,4.0,0.0,0.0,1.0,1,2,2013-10-17,REG
VAN_BUF_2013-10-17,BUF,2013020096,home,0,2.0,0.0,2.0,2.0,1.0,1.0,0,2,2013-10-17,REG
NJD_OTT_2013-10-17,NJD,2013020101,away,2,5.0,0.0,4.0,0.0,1.0,0.0,0,2,2013-10-17,REG
NJD_OTT_2013-10-17,OTT,2013020101,home,5,3.0,0.0,3.0,0.0,2.0,2.0,1,2,2013-10-17,REG
MIN_TBL_2013-10-17,MIN,2013020102,away,1,1.0,0.0,7.0,0.0,0.0,0.0,0,2,2013-10-17,REG
MIN_TBL_2013-10-17,TBL,2013020102,home,3,1.0,1.0,3.0,0.0,0.0,2.0,1,2,2013-10-17,REG
BOS_FLA_2013-10-17,BOS,2013020103,away,3,4.0,1.0,7.0,1.0,0.0,0.0,1,2,2013-10-17,REG
BOS_FLA_2013-10-17,FLA,2013020103,home,2,4.0,0.0,4.0,3.0,2.0,3.0,0,2,2013-10-17,REG
CBJ_MTL_2013-10-17,CBJ,2013020100,away,3,2.0,0.0,1.0,5.0,0.0,0.0,0,2,2013-10-17,REG
CBJ_MTL_2013-10-17,MTL,2013020100,home,5,3.0,0.0,1.0,0.0,1.0,0.0,1,2,2013-10-17,REG
LAK_NSH_2013-10-17,LAK,2013020105,away,2,3.0,0.0,3.0,4.0,0.0,1.0,1,2,2013-10-17,SO
LAK_NSH_2013-10-17,NSH,2013020105,home,1,1.0,0.0,2.0,1.0,3.0,1.0,0,2,2013-10-17,SO
STL_CHI_2013-10-17,STL,2013020104,away,3,1.0,0.0,5.0,3.0,0.0,1.0,1,2,2013-10-17,SO
STL_CHI_2013-10-17,CHI,2013020104,home,2,0.0,0.0,5.0,2.0,1.0,3.0,0,2,2013-10-17,SO
SJS_DAL_2013-10-17,SJS,2013020106,away,3,2.0,0.0,3.0,2.0,2.0,3.0,0,2,2013-10-17,SO
SJS_DAL_2013-10-17,DAL,2013020106,home,4,2.0,0.0,2.0,1.0,1.0,1.0,1,2,2013-10-17,SO
DET_COL_2013-10-17,DET,2013020107,away,4,1.0,0.0,4.0,1.0,0.0,3.0,1,2,2013-10-17,REG
DET_COL_2013-10-17,COL,2013020107,home,2,0.0,0.0,3.0,2.0,0.0,1.0,0,2,2013-10-17,REG
STL_WPG_2013-10-18,STL,2013020108,away,3,2.0,0.0,2.0,2.0,1.0,1.0,0,2,2013-10-18,SO
STL_WPG_2013-10-18,WPG,2013020108,home,4,9.0,0.0,4.0,1.0,0.0,1.0,1,2,2013-10-18,SO
PHX_ANA_2013-10-18,PHX,2013020109,away,2,6.0,0.0,8.0,1.0,1.0,2.0,0,2,2013-10-18,SO
PHX_ANA_2013-10-18,ANA,2013020109,home,3,1.0,0.0,3.0,2.0,2.0,2.0,1,2,2013-10-18,SO
VAN_PIT_2013-10-19,VAN,2013020110,away,3,1.0,0.0,2.0,5.0,0.0,0.0,0,2,2013-10-19,SO
VAN_PIT_2013-10-19,PIT,2013020110,home,4,4.0,0.0,4.0,2.0,0.0,0.0,1,2,2013-10-19,SO
EDM_OTT_2013-10-19,EDM,2013020111,away,3,4.0,0.0,2.0,3.0,1.0,0.0,1,2,2013-10-19,REG
EDM_OTT_2013-10-19,OTT,2013020111,home,1,4.0,0.0,3.0,1.0,1.0,0.0,0,2,2013-10-19,REG
CBJ_WSH_2013-10-19,CBJ,2013020118,away,1,2.0,0.0,2.0,2.0,0.0,1.0,0,2,2013-10-19,REG
CBJ_WSH_2013-10-19,WSH,2013020118,home,4,6.0,1.0,6.0,0.0,1.0,1.0,1,2,2013-10-19,REG
NSH_MTL_2013-10-19,NSH,2013020113,away,2,0.0,0.0,3.0,2.0,2.0,1.0,1,2,2013-10-19,REG
NSH_MTL_2013-10-19,MTL,2013020113,home,1,4.0,0.0,0.0,1.0,0.0,0.0,0,2,2013-10-19,REG
MIN_FLA_2013-10-19,MIN,2013020115,away,1,1.0,0.0,3.0,0.0,1.0,0.0,0,2,2013-10-19,SO
MIN_FLA_2013-10-19,FLA,2013020115,home,2,1.0,0.0,2.0,2.0,0.0,1.0,1,2,2013-10-19,SO
CAR_NYI_2013-10-19,CAR,2013020117,away,4,1.0,0.0,0.0,3.0,0.0,0.0,1,2,2013-10-19,REG
CAR_NYI_2013-10-19,NYI,2013020117,home,3,2.0,0.0,3.0,1.0,1.0,0.0,0,2,2013-10-19,REG
NYR_NJD_2013-10-19,NYR,2013020116,away,0,3.0,0.0,1.0,0.0,0.0,0.0,0,2,2013-10-19,REG
NYR_NJD_2013-10-19,NJD,2013020116,home,4,4.0,0.0,1.0,1.0,2.0,2.0,1,2,2013-10-19,REG
BOS_TBL_2013-10-19,BOS,2013020114,away,5,2.0,0.0,2.0,1.0,0.0,0.0,1,2,2013-10-19,REG
BOS_TBL_2013-10-19,TBL,2013020114,home,0,1.0,0.0,4.0,0.0,1.0,1.0,0,2,2013-10-19,REG
COL_BUF_2013-10-19,COL,2013020112,away,4,3.0,0.0,3.0,3.0,0.0,0.0,1,2,2013-10-19,REG
COL_BUF_2013-10-19,BUF,2013020112,home,2,3.0,0.0,3.0,4.0,1.0,1.0,0,2,2013-10-19,REG
TOR_CHI_2013-10-19,TOR,2013020119,away,1,2.0,0.0,1.0,3.0,0.0,0.0,0,2,2013-10-19,REG
TOR_CHI_2013-10-19,CHI,2013020119,home,3,0.0,0.0,9.0,3.0,0.0,3.0,1,2,2013-10-19,REG
DET_PHX_2013-10-19,DET,2013020120,away,2,7.0,0.0,6.0,4.0,0.0,1.0,0,2,2013-10-19,REG
DET_PHX_2013-10-19,PHX,2013020120,home,5,3.0,0.0,6.0,1.0,1.0,1.0,1,2,2013-10-19,REG
CGY_SJS_2013-10-19,CGY,2013020121,away,3,1.0,0.0,0.0,1.0,1.0,1.0,0,2,2013-10-19,REG
CGY_SJS_2013-10-19,SJS,2013020121,home,6,0.0,2.0,5.0,3.0,4.0,3.0,1,2,2013-10-19,REG
DAL_LAK_2013-10-19,DAL,2013020122,away,2,4.0,0.0,2.0,0.0,1.0,0.0,0,2,2013-10-19,REG
DAL_LAK_2013-10-19,LAK,2013020122,home,5,8.0,0.0,3.0,4.0,1.0,1.0,1,2,2013-10-19,REG
VAN_CBJ_2013-10-20,VAN,2013020123,away,1,3.0,0.0,1.0,3.0,0.0,0.0,0,2,2013-10-20,REG
VAN_CBJ_2013-10-20,CBJ,2013020123,home,3,1.0,0.0,3.0,0.0,0.0,0.0,1,2,2013-10-20,REG
NSH_WPG_2013-10-20,NSH,2013020124,away,3,1.0,0.0,6.0,4.0,1.0,0.0,1,2,2013-10-20,REG
NSH_WPG_2013-10-20,WPG,2013020124,home,1,3.0,0.0,11.0,1.0,4.0,1.0,0,2,2013-10-20,REG
DAL_ANA_2013-10-20,DAL,2013020125,away,3,1.0,1.0,4.0,0.0,0.0,0.0,0,2,2013-10-20,REG
DAL_ANA_2013-10-20,ANA,2013020125,home,6,5.0,0.0,3.0,2.0,0.0,0.0,1,2,2013-10-20,REG
COL_PIT_2013-10-21,COL,2013020127,away,1,5.0,0.0,1.0,4.0,0.0,0.0,1,2,2013-10-21,REG
COL_PIT_2013-10-21,PIT,2013020127,home,0,2.0,0.0,6.0,1.0,2.0,1.0,0,2,2013-10-21,REG
SJS_DET_2013-10-21,SJS,2013020126,away,1,0.0,0.0,2.0,1.0,0.0,0.0,1,2,2013-10-21,SO
SJS_DET_2013-10-21,DET,2013020126,home,0,6.0,0.0,2.0,1.0,2.0,0.0,0,2,2013-10-21,SO
CGY_LAK_2013-10-21,CGY,2013020128,away,3,6.0,0.0,2.0,5.0,0.0,2.0,1,2,2013-10-21,REG
CGY_LAK_2013-10-21,LAK,2013020128,home,2,2.0,0.0,2.0,4.0,2.0,0.0,0,2,2013-10-21,REG
ANA_TOR_2013-10-22,ANA,2013020129,away,2,1.0,0.0,2.0,4.0,0.0,1.0,0,2,2013-10-22,REG
ANA_TOR_2013-10-22,TOR,2013020129,home,4,7.0,0.0,2.0,3.0,1.0,2.0,1,2,2013-10-22,REG
VAN_NYI_2013-10-22,VAN,2013020130,away,5,2.0,0.0,3.0,0.0,1.0,1.0,1,2,2013-10-22,OT
VAN_NYI_2013-10-22,NYI,2013020130,home,4,5.0,0.0,3.0,3.0,1.0,2.0,0,2,2013-10-22,OT
NJD_CBJ_2013-10-22,NJD,2013020131,away,1,2.0,0.0,3.0,0.0,0.0,0.0,0,2,2013-10-22,REG
NJD_CBJ_2013-10-22,CBJ,2013020131,home,4,0.0,0.0,1.0,4.0,0.0,0.0,1,2,2013-10-22,REG
EDM_MTL_2013-10-22,EDM,2013020132,away,4,6.0,0.0,5.0,3.0,1.0,0.0,1,2,2013-10-22,REG
EDM_MTL_2013-10-22,MTL,2013020132,home,3,4.0,0.0,4.0,4.0,0.0,3.0,0,2,2013-10-22,REG
CHI_FLA_2013-10-22,CHI,2013020133,away,3,0.0,0.0,5.0,1.0,2.0,0.0,1,2,2013-10-22,SO
CHI_FLA_2013-10-22,FLA,2013020133,home,2,5.0,0.0,3.0,4.0,5.0,3.0,0,2,2013-10-22,SO
WSH_WPG_2013-10-22,WSH,2013020135,away,5,3.0,0.0,8.0,0.0,1.0,0.0,1,2,2013-10-22,SO
WSH_WPG_2013-10-22,WPG,2013020135,home,4,4.0,0.0,7.0,0.0,1.0,2.0,0,2,2013-10-22,SO
NSH_MIN_2013-10-22,NSH,2013020134,away,0,0.0,0.0,1.0,1.0,0.0,1.0,0,2,2013-10-22,REG
NSH_MIN_2013-10-22,MIN,2013020134,home,2,4.0,0.0,3.0,3.0,0.0,1.0,1,2,2013-10-22,REG
CGY_PHX_2013-10-22,CGY,2013020136,away,2,5.0,0.0,4.0,1.0,1.0,1.0,0,2,2013-10-22,REG
CGY_PHX_2013-10-22,PHX,2013020136,home,4,5.0,0.0,4.0,1.0,2.0,1.0,1,2,2013-10-22,REG
OTT_DET_2013-10-23,OTT,2013020137,away,6,4.0,1.0,4.0,1.0,0.0,1.0,1,2,2013-10-23,REG
OTT_DET_2013-10-23,DET,2013020137,home,1,4.0,0.0,4.0,0.0,4.0,1.0,0,2,2013-10-23,REG
BOS_BUF_2013-10-23,BOS,2013020138,away,5,2.0,0.0,2.0,1.0,0.0,0.0,1,2,2013-10-23,REG
BOS_BUF_2013-10-23,BUF,2013020138,home,2,2.0,0.0,1.0,3.0,1.0,0.0,0,2,2013-10-23,REG
VAN_NJD_2013-10-24,VAN,2013020140,away,3,1.0,0.0,1.0,1.0,1.0,1.0,1,2,2013-10-24,SO
VAN_NJD_2013-10-24,NJD,2013020140,home,2,4.0,0.0,2.0,0.0,2.0,1.0,0,2,2013-10-24,SO
SJS_BOS_2013-10-24,SJS,2013020139,away,1,0.0,0.0,7.0,1.0,1.0,2.0,0,2,2013-10-24,REG
SJS_BOS_2013-10-24,BOS,2013020139,home,2,3.0,0.0,1.0,0.0,0.0,2.0,1,2,2013-10-24,REG
NYR_PHI_2013-10-24,NYR,2013020141,away,1,4.0,0.0,3.0,1.0,0.0,1.0,0,2,2013-10-24,REG
NYR_PHI_2013-10-24,PHI,2013020141,home,2,2.0,0.0,5.0,3.0,2.0,0.0,1,2,2013-10-24,REG
ANA_MTL_2013-10-24,ANA,2013020142,away,1,0.0,0.0,6.0,4.0,0.0,0.0,0,2,2013-10-24,REG
ANA_MTL_2013-10-24,MTL,2013020142,home,4,1.0,0.0,2.0,4.0,0.0,1.0,1,2,2013-10-24,REG
CHI_TBL_2013-10-24,CHI,2013020143,away,5,2.0,0.0,9.0,2.0,2.0,2.0,0,2,2013-10-24,OT
CHI_TBL_2013-10-24,TBL,2013020143,home,6,3.0,0.0,2.0,2.0,2.0,0.0,1,2,2013-10-24,OT
WPG_NSH_2013-10-24,WPG,2013020144,away,2,4.0,0.0,4.0,1.0,1.0,3.0,0,2,2013-10-24,OT
WPG_NSH_2013-10-24,NSH,2013020144,home,3,0.0,0.0,4.0,2.0,1.0,1.0,1,2,2013-10-24,OT
CAR_MIN_2013-10-24,CAR,2013020145,away,1,1.0,0.0,1.0,0.0,1.0,0.0,0,2,2013-10-24,REG
CAR_MIN_2013-10-24,MIN,2013020145,home,3,2.0,0.0,4.0,1.0,0.0,1.0,1,2,2013-10-24,REG
CGY_DAL_2013-10-24,CGY,2013020146,away,1,0.0,0.0,2.0,4.0,0.0,0.0,0,2,2013-10-24,REG
CGY_DAL_2013-10-24,DAL,2013020146,home,5,3.0,0.0,4.0,5.0,2.0,1.0,1,2,2013-10-24,REG
WSH_EDM_2013-10-24,WSH,2013020147,away,4,1.0,0.0,7.0,1.0,1.0,0.0,1,2,2013-10-24,REG
WSH_EDM_2013-10-24,EDM,2013020147,home,1,0.0,0.0,6.0,2.0,2.0,1.0,0,2,2013-10-24,REG
PHX_LAK_2013-10-24,PHX,2013020148,away,4,6.0,1.0,6.0,0.0,4.0,2.0,0,2,2013-10-24,REG
PHX_LAK_2013-10-24,LAK,2013020148,home,7,5.0,0.0,4.0,0.0,0.0,1.0,1,2,2013-10-24,REG
NYI_PIT_2013-10-25,NYI,2013020149,away,4,4.0,0.0,6.0,3.0,1.0,0.0,1,2,2013-10-25,REG
NYI_PIT_2013-10-25,PIT,2013020149,home,3,5.0,0.0,2.0,2.0,0.0,1.0,0,2,2013-10-25,REG
TOR_CBJ_2013-10-25,TOR,2013020150,away,2,3.0,0.0,1.0,0.0,0.0,0.0,0,2,2013-10-25,REG
TOR_CBJ_2013-10-25,CBJ,2013020150,home,5,1.0,0.0,4.0,3.0,2.0,0.0,1,2,2013-10-25,REG
ANA_OTT_2013-10-25,ANA,2013020151,away,2,0.0,0.0,1.0,3.0,1.0,1.0,1,2,2013-10-25,REG
ANA_OTT_2013-10-25,OTT,2013020151,home,1,8.0,0.0,4.0,2.0,2.0,5.0,0,2,2013-10-25,REG
BUF_FLA_2013-10-25,BUF,2013020152,away,3,3.0,0.0,0.0,0.0,0.0,0.0,1,2,2013-10-25,REG
BUF_FLA_2013-10-25,FLA,2013020152,home,1,0.0,0.0,5.0,1.0,1.0,2.0,0,2,2013-10-25,REG
VAN_STL_2013-10-25,VAN,2013020153,away,3,2.0,0.0,1.0,2.0,0.0,0.0,1,2,2013-10-25,OT
VAN_STL_2013-10-25,STL,2013020153,home,2,1.0,0.0,1.0,2.0,0.0,0.0,0,2,2013-10-25,OT
CAR_COL_2013-10-25,CAR,2013020154,away,2,1.0,0.0,2.0,1.0,0.0,2.0,0,2,2013-10-25,REG
CAR_COL_2013-10-25,COL,2013020154,home,4,2.0,0.0,4.0,5.0,0.0,2.0,1,2,2013-10-25,REG
EDM_PHX_2013-10-26,EDM,2013020164,away,4,3.0,0.0,4.0,2.0,0.0,0.0,0,2,2013-10-26,REG
EDM_PHX_2013-10-26,PHX,2013020164,home,5,3.0,1.0,5.0,2.0,1.0,0.0,1,2,2013-10-26,REG
BUF_TBL_2013-10-26,BUF,2013020159,away,2,6.0,0.0,3.0,1.0,0.0,0.0,0,2,2013-10-26,REG
BUF_TBL_2013-10-26,TBL,2013020159,home,3,3.0,1.0,4.0,0.0,1.0,1.0,1,2,2013-10-26,REG
NJD_BOS_2013-10-26,NJD,2013020155,away,4,1.0,1.0,4.0,1.0,1.0,1.0,1,2,2013-10-26,REG
NJD_BOS_2013-10-26,BOS,2013020155,home,3,2.0,0.0,2.0,0.0,0.0,0.0,0,2,2013-10-26,REG
SJS_MTL_2013-10-26,SJS,2013020157,away,2,0.0,0.0,3.0,2.0,1.0,2.0,1,2,2013-10-26,REG
SJS_MTL_2013-10-26,MTL,2013020157,home,0,3.0,0.0,3.0,4.0,1.0,0.0,0,2,2013-10-26,REG
PIT_TOR_2013-10-26,PIT,2013020156,away,1,1.0,0.0,5.0,2.0,1.0,0.0,0,2,2013-10-26,REG
PIT_TOR_2013-10-26,TOR,2013020156,home,4,4.0,0.0,2.0,4.0,1.0,1.0,1,2,2013-10-26,REG
WPG_DAL_2013-10-26,WPG,2013020161,away,2,1.0,0.0,5.0,4.0,1.0,2.0,1,2,2013-10-26,SO
WPG_DAL_2013-10-26,DAL,2013020161,home,1,6.0,0.0,4.0,2.0,0.0,0.0,0,2,2013-10-26,SO
NYR_DET_2013-10-26,NYR,2013020158,away,3,2.0,0.0,1.0,1.0,0.0,0.0,1,2,2013-10-26,OT
NYR_DET_2013-10-26,DET,2013020158,home,2,8.0,0.0,4.0,0.0,2.0,0.0,0,2,2013-10-26,OT
PHI_NYI_2013-10-26,PHI,2013020160,away,5,4.0,0.0,0.0,5.0,2.0,2.0,1,2,2013-10-26,REG
PHI_NYI_2013-10-26,NYI,2013020160,home,2,5.0,0.0,5.0,1.0,2.0,2.0,0,2,2013-10-26,REG
MIN_CHI_2013-10-26,MIN,2013020162,away,5,2.0,0.0,2.0,4.0,0.0,2.0,1,2,2013-10-26,REG
MIN_CHI_2013-10-26,CHI,2013020162,home,3,3.0,0.0,9.0,0.0,0.0,0.0,0,2,2013-10-26,REG
STL_NSH_2013-10-26,STL,2013020163,away,6,0.0,0.0,4.0,4.0,0.0,1.0,1,2,2013-10-26,REG
STL_NSH_2013-10-26,NSH,2013020163,home,1,0.0,0.0,3.0,2.0,2.0,1.0,0,2,2013-10-26,REG
WSH_CGY_2013-10-26,WSH,2013020165,away,2,2.0,0.0,5.0,0.0,2.0,0.0,0,2,2013-10-26,REG
WSH_CGY_2013-10-26,CGY,2013020165,home,5,2.0,0.0,4.0,4.0,2.0,3.0,1,2,2013-10-26,REG
TBL_FLA_2013-10-27,TBL,2013020167,away,4,4.0,0.0,1.0,2.0,0.0,1.0,1,2,2013-10-27,SO
TBL_FLA_2013-10-27,FLA,2013020167,home,3,2.0,0.0,4.0,1.0,2.0,1.0,0,2,2013-10-27,SO
SJS_OTT_2013-10-27,SJS,2013020166,away,5,0.0,0.0,4.0,2.0,1.0,0.0,1,2,2013-10-27,REG
SJS_OTT_2013-10-27,OTT,2013020166,home,2,2.0,0.0,2.0,2.0,1.0,0.0,0,2,2013-10-27,REG
ANA_CBJ_2013-10-27,ANA,2013020168,away,4,1.0,0.0,2.0,1.0,2.0,0.0,1,2,2013-10-27,REG
ANA_CBJ_2013-10-27,CBJ,2013020168,home,3,1.0,0.0,3.0,0.0,0.0,0.0,0,2,2013-10-27,REG
WPG_COL_2013-10-27,WPG,2013020169,away,2,4.0,0.0,1.0,2.0,1.0,1.0,0,2,2013-10-27,REG
WPG_COL_2013-10-27,COL,2013020169,home,3,2.0,0.0,1.0,3.0,1.0,0.0,1,2,2013-10-27,REG
EDM_LAK_2013-10-27,EDM,2013020170,away,1,3.0,0.0,3.0,3.0,5.0,0.0,0,2,2013-10-27,SO
EDM_LAK_2013-10-27,LAK,2013020170,home,2,4.0,0.0,4.0,0.0,3.0,2.0,1,2,2013-10-27,SO
DAL_BUF_2013-10-28,DAL,2013020171,away,4,3.0,0.0,0.0,3.0,0.0,0.0,1,2,2013-10-28,REG
DAL_BUF_2013-10-28,BUF,2013020171,home,3,6.0,0.0,2.0,0.0,1.0,0.0,0,2,2013-10-28,REG
PIT_CAR_2013-10-28,PIT,2013020172,away,3,0.0,0.0,1.0,1.0,1.0,1.0,1,2,2013-10-28,REG
PIT_CAR_2013-10-28,CAR,2013020172,home,1,0.0,0.0,2.0,1.0,0.0,2.0,0,2,2013-10-28,REG
MTL_NYR_2013-10-28,MTL,2013020173,away,2,1.0,0.0,2.0,1.0,0.0,0.0,1,2,2013-10-28,REG
MTL_NYR_2013-10-28,NYR,2013020173,home,0,1.0,0.0,6.0,3.0,0.0,1.0,0,2,2013-10-28,REG
CHI_MIN_2013-10-28,CHI,2013020174,away,5,2.0,0.0,6.0,5.0,0.0,0.0,1,2,2013-10-28,REG
CHI_MIN_2013-10-28,MIN,2013020174,home,1,4.0,0.0,3.0,1.0,2.0,0.0,0,2,2013-10-28,REG
WSH_VAN_2013-10-28,WSH,2013020175,away,2,4.0,0.0,4.0,1.0,0.0,0.0,0,2,2013-10-28,REG
WSH_VAN_2013-10-28,VAN,2013020175,home,3,2.0,0.0,5.0,0.0,2.0,1.0,1,2,2013-10-28,REG
NYR_NYI_2013-10-29,NYR,2013020176,away,3,2.0,0.0,4.0,2.0,2.0,2.0,1,2,2013-10-29,REG
NYR_NYI_2013-10-29,NYI,2013020176,home,2,2.0,0.0,6.0,0.0,0.0,0.0,0,2,2013-10-29,REG
DAL_MTL_2013-10-29,DAL,2013020178,away,1,4.0,0.0,2.0,5.0,0.0,0.0,0,2,2013-10-29,REG
DAL_MTL_2013-10-29,MTL,2013020178,home,2,6.0,0.0,1.0,5.0,0.0,0.0,1,2,2013-10-29,REG
ANA_PHI_2013-10-29,ANA,2013020177,away,3,3.0,0.0,4.0,0.0,2.0,1.0,1,2,2013-10-29,REG
ANA_PHI_2013-10-29,PHI,2013020177,home,2,4.0,0.0,2.0,1.0,0.0,0.0,0,2,2013-10-29,REG
TBL_NJD_2013-10-29,TBL,2013020179,away,1,2.0,0.0,4.0,0.0,0.0,1.0,0,2,2013-10-29,REG
TBL_NJD_2013-10-29,NJD,2013020179,home,2,3.0,0.0,2.0,1.0,0.0,0.0,1,2,2013-10-29,REG
WPG_STL_2013-10-29,WPG,2013020181,away,2,1.0,0.0,3.0,1.0,0.0,0.0,0,2,2013-10-29,REG
WPG_STL_2013-10-29,STL,2013020181,home,3,1.0,0.0,3.0,1.0,0.0,0.0,1,2,2013-10-29,REG
OTT_CHI_2013-10-29,OTT,2013020180,away,5,5.0,0.0,1.0,3.0,0.0,0.0,0,2,2013-10-29,REG
OTT_CHI_2013-10-29,CHI,2013020180,home,6,2.0,0.0,5.0,0.0,1.0,1.0,1,2,2013-10-29,REG
TOR_EDM_2013-10-29,TOR,2013020182,away,4,3.0,0.0,0.0,8.0,2.0,2.0,1,2,2013-10-29,REG
TOR_EDM_2013-10-29,EDM,2013020182,home,0,2.0,0.0,4.0,5.0,1.0,0.0,0,2,2013-10-29,REG
LAK_PHX_2013-10-29,LAK,2013020183,away,1,2.0,0.0,1.0,0.0,0.0,1.0,0,2,2013-10-29,REG
LAK_PHX_2013-10-29,PHX,2013020183,home,3,3.0,0.0,1.0,2.0,1.0,2.0,1,2,2013-10-29,REG
TOR_CGY_2013-10-30,TOR,2013020185,away,4,2.0,0.0,2.0,3.0,3.0,1.0,1,2,2013-10-30,REG
TOR_CGY_2013-10-30,CGY,2013020185,home,2,2.0,0.0,4.0,2.0,1.0,2.0,0,2,2013-10-30,REG
BOS_PIT_2013-10-30,BOS,2013020184,away,2,3.0,0.0,1.0,3.0,0.0,0.0,0,2,2013-10-30,REG
BOS_PIT_2013-10-30,PIT,2013020184,home,3,3.0,0.0,4.0,5.0,1.0,3.0,1,2,2013-10-30,REG
SJS_LAK_2013-10-30,SJS,2013020187,away,3,3.0,0.0,2.0,2.0,5.0,0.0,0,2,2013-10-30,OT
SJS_LAK_2013-10-30,LAK,2013020187,home,4,6.0,0.0,3.0,2.0,5.0,1.0,1,2,2013-10-30,OT
DET_VAN_2013-10-30,DET,2013020186,away,2,2.0,0.0,4.0,0.0,0.0,0.0,1,2,2013-10-30,REG
DET_VAN_2013-10-30,VAN,2013020186,home,1,1.0,0.0,2.0,1.0,2.0,1.0,0,2,2013-10-30,REG
BUF_NYR_2013-10-31,BUF,2013020189,away,0,1.0,0.0,3.0,2.0,0.0,0.0,0,2,2013-10-31,REG
BUF_NYR_2013-10-31,NYR,2013020189,home,2,3.0,0.0,4.0,1.0,1.0,0.0,1,2,2013-10-31,REG
ANA_BOS_2013-10-31,ANA,2013020188,away,2,0.0,0.0,1.0,2.0,0.0,0.0,0,2,2013-10-31,SO
ANA_BOS_2013-10-31,BOS,2013020188,home,3,3.0,0.0,1.0,1.0,1.0,0.0,1,2,2013-10-31,SO
NSH_PHX_2013-10-31,NSH,2013020190,away,4,1.0,0.0,6.0,3.0,0.0,1.0,0,2,2013-10-31,SO
NSH_PHX_2013-10-31,PHX,2013020190,home,5,5.0,0.0,1.0,1.0,0.0,4.0,1,2,2013-10-31,SO
CBJ_PIT_2013-11-01,CBJ,2013020192,away,2,2.0,0.0,5.0,2.0,0.0,0.0,0,2,2013-11-01,REG
CBJ_PIT_2013-11-01,PIT,2013020192,home,4,0.0,0.0,4.0,1.0,0.0,1.0,1,2,2013-11-01,REG
TBL_CAR_2013-11-01,TBL,2013020193,away,3,2.0,0.0,2.0,2.0,2.0,0.0,1,2,2013-11-01,REG
TBL_CAR_2013-11-01,CAR,2013020193,home,0,2.0,0.0,4.0,4.0,6.0,4.0,0,2,2013-11-01,REG
WSH_PHI_2013-11-01,WSH,2013020191,away,7,6.0,0.0,2.0,3.0,0.0,0.0,1,2,2013-11-01,REG
WSH_PHI_2013-11-01,PHI,2013020191,home,0,7.0,0.0,3.0,0.0,1.0,1.0,0,2,2013-11-01,REG
STL_FLA_2013-11-01,STL,2013020195,away,4,2.0,0.0,2.0,1.0,1.0,3.0,1,2,2013-11-01,REG
STL_FLA_2013-11-01,FLA,2013020195,home,0,3.0,0.0,3.0,2.0,0.0,0.0,0,2,2013-11-01,REG
NYI_OTT_2013-11-01,NYI,2013020194,away,5,4.0,0.0,5.0,3.0,2.0,2.0,1,2,2013-11-01,SO
NYI_OTT_2013-11-01,OTT,2013020194,home,4,7.0,0.0,2.0,2.0,2.0,1.0,0,2,2013-11-01,SO
MTL_MIN_2013-11-01,MTL,2013020196,away,3,3.0,0.0,5.0,5.0,0.0,0.0,0,2,2013-11-01,REG
MTL_MIN_2013-11-01,MIN,2013020196,home,4,1.0,0.0,3.0,4.0,1.0,0.0,1,2,2013-11-01,REG
COL_DAL_2013-11-01,COL,2013020197,away,3,2.0,0.0,1.0,2.0,1.0,0.0,1,2,2013-11-01,OT
COL_DAL_2013-11-01,DAL,2013020197,home,2,3.0,0.0,5.0,0.0,0.0,0.0,0,2,2013-11-01,OT
DET_CGY_2013-11-01,DET,2013020198,away,4,2.0,0.0,4.0,2.0,1.0,0.0,1,2,2013-11-01,REG
DET_CGY_2013-11-01,CGY,2013020198,home,3,0.0,0.0,4.0,3.0,3.0,0.0,0,2,2013-11-01,REG
CHI_WPG_2013-11-02,CHI,2013020199,away,5,1.0,0.0,3.0,4.0,0.0,0.0,1,2,2013-11-02,REG
CHI_WPG_2013-11-02,WPG,2013020199,home,1,6.0,0.0,3.0,5.0,0.0,1.0,0,2,2013-11-02,REG
ANA_BUF_2013-11-02,ANA,2013020201,away,6,2.0,0.0,1.0,4.0,2.0,0.0,1,2,2013-11-02,REG
ANA_BUF_2013-11-02,BUF,2013020201,home,3,5.0,0.0,2.0,2.0,0.0,1.0,0,2,2013-11-02,REG
FLA_WSH_2013-11-02,FLA,2013020206,away,2,0.0,0.0,1.0,1.0,0.0,2.0,0,2,2013-11-02,SO
FLA_WSH_2013-11-02,WSH,2013020206,home,3,2.0,0.0,4.0,3.0,0.0,0.0,1,2,2013-11-02,SO
TOR_VAN_2013-11-02,TOR,2013020208,away,0,2.0,0.0,4.0,1.0,0.0,1.0,0,2,2013-11-02,REG
TOR_VAN_2013-11-02,VAN,2013020208,home,4,1.0,0.0,5.0,0.0,2.0,0.0,1,2,2013-11-02,REG
PHI_NJD_2013-11-02,PHI,2013020203,away,1,4.0,0.0,4.0,0.0,0.0,0.0,1,2,2013-11-02,REG
PHI_NJD_2013-11-02,NJD,2013020203,home,0,3.0,0.0,1.0,0.0,0.0,0.0,0,2,2013-11-02,REG
STL_TBL_2013-11-02,STL,2013020202,away,2,1.0,0.0,7.0,2.0,0.0,0.0,0,2,2013-11-02,REG
STL_TBL_2013-11-02,TBL,2013020202,home,4,1.0,0.0,4.0,2.0,1.0,0.0,1,2,2013-11-02,REG
PIT_CBJ_2013-11-02,PIT,2013020207,away,3,0.0,0.0,5.0,1.0,0.0,0.0,1,2,2013-11-02,REG
PIT_CBJ_2013-11-02,CBJ,2013020207,home,0,1.0,0.0,3.0,1.0,0.0,0.0,0,2,2013-11-02,REG
CAR_NYR_2013-11-02,CAR,2013020205,away,1,0.0,1.0,7.0,4.0,0.0,1.0,0,2,2013-11-02,REG
CAR_NYR_2013-11-02,NYR,2013020205,home,5,2.0,0.0,2.0,1.0,0.0,0.0,1,2,2013-11-02,REG
BOS_NYI_2013-11-02,BOS,2013020204,away,1,3.0,1.0,4.0,1.0,3.0,0.0,0,2,2013-11-02,REG
BOS_NYI_2013-11-02,NYI,2013020204,home,3,2.0,0.0,3.0,5.0,1.0,3.0,1,2,2013-11-02,REG
DET_EDM_2013-11-02,DET,2013020210,away,5,2.0,0.0,3.0,1.0,0.0,0.0,1,2,2013-11-02,REG
DET_EDM_2013-11-02,EDM,2013020210,home,0,3.0,0.0,4.0,0.0,4.0,2.0,0,2,2013-11-02,REG
MTL_COL_2013-11-02,MTL,2013020209,away,1,5.0,1.0,5.0,0.0,0.0,0.0,0,2,2013-11-02,REG
MTL_COL_2013-11-02,COL,2013020209,home,4,2.0,0.0,3.0,4.0,2.0,1.0,1,2,2013-11-02,REG
NSH_LAK_2013-11-02,NSH,2013020200,away,4,2.0,0.0,1.0,3.0,4.0,0.0,1,2,2013-11-02,REG
NSH_LAK_2013-11-02,LAK,2013020200,home,3,3.0,1.0,3.0,1.0,3.0,0.0,0,2,2013-11-02,REG
PHX_SJS_2013-11-02,PHX,2013020211,away,3,1.0,0.0,1.0,5.0,0.0,0.0,1,2,2013-11-02,SO
PHX_SJS_2013-11-02,SJS,2013020211,home,2,0.0,0.0,9.0,2.0,5.0,2.0,0,2,2013-11-02,SO
DAL_OTT_2013-11-03,DAL,2013020212,away,4,3.0,0.0,3.0,1.0,1.0,1.0,1,2,2013-11-03,SO
DAL_OTT_2013-11-03,OTT,2013020212,home,3,2.0,0.0,6.0,1.0,1.0,4.0,0,2,2013-11-03,SO
CGY_CHI_2013-11-03,CGY,2013020213,away,3,1.0,0.0,7.0,8.0,2.0,2.0,1,2,2013-11-03,OT
CGY_CHI_2013-11-03,CHI,2013020213,home,2,1.0,0.0,10.0,0.0,0.0,1.0,0,2,2013-11-03,OT
NJD_MIN_2013-11-03,NJD,2013020214,away,0,0.0,0.0,4.0,0.0,1.0,0.0,0,2,2013-11-03,REG
NJD_MIN_2013-11-03,MIN,2013020214,home,4,2.0,0.0,3.0,2.0,0.0,1.0,1,2,2013-11-03,REG
ANA_NYR_2013-11-04,ANA,2013020215,away,2,3.0,0.0,4.0,7.0,0.0,1.0,1,2,2013-11-04,REG
ANA_NYR_2013-11-04,NYR,2013020215,home,1,2.0,0.0,3.0,1.0,0.0,1.0,0,2,2013-11-04,REG
DET_WPG_2013-11-04,DET,2013020216,away,2,4.0,0.0,5.0,1.0,2.0,0.0,0,2,2013-11-04,REG
DET_WPG_2013-11-04,WPG,2013020216,home,4,2.0,0.0,7.0,1.0,1.0,2.0,1,2,2013-11-04,REG
OTT_CBJ_2013-11-05,OTT,2013020219,away,4,3.0,0.0,2.0,4.0,0.0,0.0,1,2,2013-11-05,REG
OTT_CBJ_2013-11-05,CBJ,2013020219,home,1,0.0,0.0,3.0,1.0,0.0,1.0,0,2,2013-11-05,REG
DAL_BOS_2013-11-05,DAL,2013020217,away,3,6.0,0.0,3.0,2.0,0.0,1.0,1,2,2013-11-05,SO
DAL_BOS_2013-11-05,BOS,2013020217,home,2,2.0,0.0,3.0,4.0,0.0,1.0,0,2,2013-11-05,SO
NYI_WSH_2013-11-05,NYI,2013020218,away,2,2.0,0.0,4.0,0.0,0.0,0.0,0,2,2013-11-05,REG
NYI_WSH_2013-11-05,WSH,2013020218,home,6,4.0,2.0,6.0,4.0,3.0,0.0,1,2,2013-11-05,REG
PHI_CAR_2013-11-05,PHI,2013020222,away,1,4.0,0.0,2.0,2.0,0.0,0.0,0,2,2013-11-05,OT
PHI_CAR_2013-11-05,CAR,2013020222,home,2,3.0,0.0,2.0,3.0,0.0,1.0,1,2,2013-11-05,OT
EDM_FLA_2013-11-05,EDM,2013020221,away,4,4.0,0.0,4.0,1.0,0.0,5.0,1,2,2013-11-05,OT
EDM_FLA_2013-11-05,FLA,2013020221,home,3,3.0,0.0,3.0,4.0,1.0,0.0,0,2,2013-11-05,OT
STL_MTL_2013-11-05,STL,2013020220,away,3,3.0,0.0,1.0,0.0,0.0,0.0,1,2,2013-11-05,SO
STL_MTL_2013-11-05,MTL,2013020220,home,2,2.0,0.0,5.0,8.0,0.0,1.0,0,2,2013-11-05,SO
CGY_MIN_2013-11-05,CGY,2013020223,away,1,0.0,0.0,3.0,1.0,1.0,0.0,0,2,2013-11-05,REG
CGY_MIN_2013-11-05,MIN,2013020223,home,5,1.0,0.0,2.0,1.0,1.0,1.0,1,2,2013-11-05,REG
VAN_PHX_2013-11-05,VAN,2013020224,away,2,3.0,0.0,4.0,1.0,0.0,0.0,0,2,2013-11-05,SO
VAN_PHX_2013-11-05,PHX,2013020224,home,3,3.0,0.0,5.0,2.0,0.0,1.0,1,2,2013-11-05,SO
BUF_SJS_2013-11-05,BUF,2013020225,away,5,1.0,0.0,4.0,4.0,1.0,0.0,1,2,2013-11-05,SO
BUF_SJS_2013-11-05,SJS,2013020225,home,4,3.0,0.0,4.0,0.0,4.0,3.0,0,2,2013-11-05,SO
PIT_NYR_2013-11-06,PIT,2013020226,away,1,0.0,0.0,3.0,1.0,1.0,0.0,0,2,2013-11-06,REG
PIT_NYR_2013-11-06,NYR,2013020226,home,5,1.0,0.0,1.0,0.0,1.0,2.0,1,2,2013-11-06,REG
WPG_CHI_2013-11-06,WPG,2013020227,away,1,4.0,0.0,4.0,3.0,0.0,1.0,0,2,2013-11-06,REG
WPG_CHI_2013-11-06,CHI,2013020227,home,4,4.0,0.0,6.0,1.0,1.0,3.0,1,2,2013-11-06,REG
NSH_COL_2013-11-06,NSH,2013020228,away,6,0.0,0.0,1.0,1.0,0.0,1.0,1,2,2013-11-06,REG
NSH_COL_2013-11-06,COL,2013020228,home,4,1.0,0.0,3.0,3.0,0.0,2.0,0,2,2013-11-06,REG
PHX_ANA_2013-11-06,PHX,2013020229,away,2,1.0,0.0,3.0,1.0,2.0,0.0,0,2,2013-11-06,REG
PHX_ANA_2013-11-06,ANA,2013020229,home,5,1.0,1.0,4.0,3.0,1.0,0.0,1,2,2013-11-06,REG
MTL_OTT_2013-11-07,MTL,2013020231,away,1,5.0,0.0,2.0,1.0,0.0,1.0,0,2,2013-11-07,REG
MTL_OTT_2013-11-07,OTT,2013020231,home,4,2.0,0.0,2.0,1.0,2.0,1.0,1,2,2013-11-07,REG
MIN_WSH_2013-11-07,MIN,2013020233,away,2,1.0,1.0,2.0,2.0,0.0,1.0,0,2,2013-11-07,SO
MIN_WSH_2013-11-07,WSH,2013020233,home,3,4.0,1.0,6.0,3.0,2.0,1.0,1,2,2013-11-07,SO
FLA_BOS_2013-11-07,FLA,2013020230,away,1,2.0,0.0,1.0,2.0,0.0,0.0,0,2,2013-11-07,REG
FLA_BOS_2013-11-07,BOS,2013020230,home,4,3.0,0.0,6.0,1.0,0.0,0.0,1,2,2013-11-07,REG
NJD_PHI_2013-11-07,NJD,2013020232,away,3,1.0,0.0,3.0,2.0,1.0,1.0,1,2,2013-11-07,REG
NJD_PHI_2013-11-07,PHI,2013020232,home,0,6.0,0.0,2.0,0.0,1.0,1.0,0,2,2013-11-07,REG
NYR_CBJ_2013-11-07,NYR,2013020235,away,4,2.0,0.0,2.0,3.0,0.0,1.0,1,2,2013-11-07,REG
NYR_CBJ_2013-11-07,CBJ,2013020235,home,2,0.0,0.0,3.0,1.0,2.0,3.0,0,2,2013-11-07,REG
NYI_CAR_2013-11-07,NYI,2013020234,away,0,1.0,0.0,3.0,3.0,2.0,2.0,0,2,2013-11-07,REG
NYI_CAR_2013-11-07,CAR,2013020234,home,1,5.0,0.0,2.0,2.0,1.0,2.0,1,2,2013-11-07,REG
DAL_DET_2013-11-07,DAL,2013020236,away,4,1.0,0.0,3.0,1.0,0.0,0.0,1,2,2013-11-07,OT
DAL_DET_2013-11-07,DET,2013020236,home,3,1.0,0.0,2.0,0.0,1.0,1.0,0,2,2013-11-07,OT
EDM_TBL_2013-11-07,EDM,2013020237,away,2,3.0,1.0,9.0,4.0,0.0,1.0,0,2,2013-11-07,REG
EDM_TBL_2013-11-07,TBL,2013020237,home,4,4.0,0.0,2.0,0.0,1.0,0.0,1,2,2013-11-07,REG
CGY_STL_2013-11-07,CGY,2013020238,away,2,2.0,0.0,3.0,3.0,0.0,1.0,0,2,2013-11-07,REG
CGY_STL_2013-11-07,STL,2013020238,home,3,0.0,0.0,1.0,1.0,0.0,2.0,1,2,2013-11-07,REG
VAN_SJS_2013-11-07,VAN,2013020240,away,4,2.0,0.0,5.0,4.0,1.0,2.0,1,2,2013-11-07,REG
VAN_SJS_2013-11-07,SJS,2013020240,home,2,1.0,0.0,2.0,2.0,3.0,1.0,0,2,2013-11-07,REG
BUF_LAK_2013-11-07,BUF,2013020239,away,0,3.0,0.0,2.0,3.0,0.0,0.0,0,2,2013-11-07,REG
BUF_LAK_2013-11-07,LAK,2013020239,home,2,3.0,1.0,8.0,1.0,1.0,0.0,1,2,2013-11-07,REG
NJD_TOR_2013-11-08,NJD,2013020241,away,1,5.0,0.0,6.0,2.0,2.0,0.0,0,2,2013-11-08,SO
NJD_TOR_2013-11-08,TOR,2013020241,home,2,7.0,0.0,1.0,2.0,4.0,0.0,1,2,2013-11-08,SO
NSH_WPG_2013-11-08,NSH,2013020242,away,0,1.0,0.0,2.0,1.0,0.0,0.0,0,2,2013-11-08,REG
NSH_WPG_2013-11-08,WPG,2013020242,home,5,1.0,0.0,3.0,1.0,2.0,1.0,1,2,2013-11-08,REG
CGY_COL_2013-11-08,CGY,2013020243,away,2,0.0,0.0,3.0,3.0,0.0,1.0,0,2,2013-11-08,REG
CGY_COL_2013-11-08,COL,2013020243,home,4,4.0,0.0,3.0,0.0,0.0,2.0,1,2,2013-11-08,REG
BUF_ANA_2013-11-08,BUF,2013020244,away,2,3.0,0.0,2.0,0.0,0.0,0.0,0,2,2013-11-08,REG
BUF_ANA_2013-11-08,ANA,2013020244,home,6,1.0,1.0,7.0,4.0,1.0,0.0,1,2,2013-11-08,REG
EDM_PHI_2013-11-09,EDM,2013020245,away,2,7.0,0.0,4.0,2.0,4.0,1.0,0,2,2013-11-09,REG
EDM_PHI_2013-11-09,PHI,2013020245,home,4,7.0,0.0,2.0,4.0,0.0,1.0,1,2,2013-11-09,REG
FLA_OTT_2013-11-09,FLA,2013020246,away,2,2.0,0.0,1.0,3.0,1.0,1.0,0,2,2013-11-09,REG
FLA_OTT_2013-11-09,OTT,2013020246,home,3,4.0,0.0,3.0,4.0,2.0,2.0,1,2,2013-11-09,REG
TOR_BOS_2013-11-09,TOR,2013020247,away,1,4.0,0.0,3.0,3.0,2.0,0.0,0,2,2013-11-09,REG
TOR_BOS_2013-11-09,BOS,2013020247,home,3,3.0,0.0,4.0,1.0,0.0,2.0,1,2,2013-11-09,REG
NYI_CBJ_2013-11-09,NYI,2013020250,away,2,1.0,0.0,4.0,2.0,0.0,0.0,0,2,2013-11-09,REG
NYI_CBJ_2013-11-09,CBJ,2013020250,home,5,2.0,0.0,4.0,0.0,0.0,0.0,1,2,2013-11-09,REG
MIN_CAR_2013-11-09,MIN,2013020249,away,3,1.0,0.0,4.0,1.0,3.0,2.0,1,2,2013-11-09,SO
MIN_CAR_2013-11-09,CAR,2013020249,home,2,5.0,0.0,5.0,3.0,2.0,3.0,0,2,2013-11-09,SO
TBL_DET_2013-11-09,TBL,2013020248,away,3,3.0,0.0,4.0,4.0,0.0,0.0,1,2,2013-11-09,OT
TBL_DET_2013-11-09,DET,2013020248,home,2,3.0,0.0,4.0,2.0,2.0,1.0,0,2,2013-11-09,OT
CHI_DAL_2013-11-09,CHI,2013020252,away,5,0.0,0.0,2.0,2.0,0.0,0.0,1,2,2013-11-09,REG
CHI_DAL_2013-11-09,DAL,2013020252,home,2,2.0,0.0,3.0,3.0,2.0,0.0,0,2,2013-11-09,REG
PIT_STL_2013-11-09,PIT,2013020251,away,1,5.0,0.0,2.0,2.0,0.0,1.0,0,2,2013-11-09,REG
PIT_STL_2013-11-09,STL,2013020251,home,2,2.0,0.0,3.0,0.0,0.0,5.0,1,2,2013-11-09,REG
WSH_PHX_2013-11-09,WSH,2013020253,away,3,5.0,0.0,4.0,3.0,0.0,1.0,0,2,2013-11-09,SO
WSH_PHX_2013-11-09,PHX,2013020253,home,4,2.0,0.0,7.0,2.0,2.0,1.0,1,2,2013-11-09,SO
VAN_LAK_2013-11-09,VAN,2013020254,away,1,3.0,0.0,2.0,2.0,1.0,0.0,0,2,2013-11-09,REG
VAN_LAK_2013-11-09,LAK,2013020254,home,5,2.0,0.0,4.0,1.0,1.0,0.0,1,2,2013-11-09,REG
NYI_MTL_2013-11-10,NYI,2013020255,away,2,3.0,0.0,2.0,1.0,2.0,0.0,0,2,2013-11-10,REG
NYI_MTL_2013-11-10,MTL,2013020255,home,4,2.0,0.0,3.0,5.0,0.0,0.0,1,2,2013-11-10,REG
NSH_NJD_2013-11-10,NSH,2013020256,away,0,3.0,0.0,1.0,0.0,0.0,0.0,0,2,2013-11-10,REG
NSH_NJD_2013-11-10,NJD,2013020256,home,5,2.0,1.0,3.0,1.0,0.0,0.0,1,2,2013-11-10,REG
FLA_NYR_2013-11-10,FLA,2013020257,away,3,2.0,0.0,1.0,1.0,1.0,0.0,0,2,2013-11-10,REG
FLA_NYR_2013-11-10,NYR,2013020257,home,4,4.0,0.0,2.0,0.0,0.0,0.0,1,2,2013-11-10,REG
EDM_CHI_2013-11-10,EDM,2013020258,away,4,5.0,0.0,3.0,3.0,0.0,1.0,0,2,2013-11-10,REG
EDM_CHI_2013-11-10,CHI,2013020258,home,5,3.0,1.0,4.0,0.0,1.0,1.0,1,2,2013-11-10,REG
WSH_COL_2013-11-10,WSH,2013020260,away,1,1.0,0.0,7.0,0.0,0.0,0.0,0,2,2013-11-10,REG
WSH_COL_2013-11-10,COL,2013020260,home,4,4.0,0.0,4.0,2.0,0.0,1.0,1,2,2013-11-10,REG
VAN_ANA_2013-11-10,VAN,2013020261,away,1,0.0,0.0,5.0,2.0,0.0,0.0,0,2,2013-11-10,REG
VAN_ANA_2013-11-10,ANA,2013020261,home,3,3.0,0.0,4.0,2.0,1.0,0.0,1,2,2013-11-10,REG
SJS_WPG_2013-11-10,SJS,2013020259,away,4,1.0,0.0,1.0,3.0,1.0,2.0,0,2,2013-11-10,SO
SJS_WPG_2013-11-10,WPG,2013020259,home,5,2.0,0.0,5.0,0.0,1.0,0.0,1,2,2013-11-10,SO
TBL_BOS_2013-11-11,TBL,2013020262,away,0,5.0,0.0,4.0,1.0,0.0,1.0,0,2,2013-11-11,REG
TBL_BOS_2013-11-11,BOS,2013020262,home,3,1.0,0.0,4.0,5.0,0.0,1.0,1,2,2013-11-11,REG
COL_CAR_2013-11-12,COL,2013020267,away,1,4.0,0.0,2.0,0.0,0.0,0.0,0,2,2013-11-12,REG
COL_CAR_2013-11-12,CAR,2013020267,home,2,1.0,0.0,3.0,2.0,1.0,3.0,1,2,2013-11-12,REG
NJD_NYR_2013-11-12,NJD,2013020265,away,3,3.0,0.0,5.0,4.0,2.0,0.0,1,2,2013-11-12,REG
NJD_NYR_2013-11-12,NYR,2013020265,home,2,4.0,0.0,2.0,5.0,3.0,1.0,0,2,2013-11-12,REG
LAK_BUF_2013-11-12,LAK,2013020263,away,2,3.0,0.0,9.0,1.0,1.0,2.0,0,2,2013-11-12,SO
LAK_BUF_2013-11-12,BUF,2013020263,home,3,4.0,0.0,2.0,2.0,0.0,0.0,1,2,2013-11-12,SO
CBJ_WSH_2013-11-12,CBJ,2013020266,away,3,1.0,0.0,4.0,5.0,0.0,2.0,0,2,2013-11-12,OT
CBJ_WSH_2013-11-12,WSH,2013020266,home,4,1.0,0.0,7.0,3.0,3.0,0.0,1,2,2013-11-12,OT
NSH_NYI_2013-11-12,NSH,2013020264,away,1,2.0,0.0,2.0,7.0,1.0,1.0,0,2,2013-11-12,REG
NSH_NYI_2013-11-12,NYI,2013020264,home,3,0.0,0.0,2.0,2.0,1.0,2.0,1,2,2013-11-12,REG
ANA_FLA_2013-11-12,ANA,2013020271,away,2,2.0,0.0,6.0,2.0,0.0,0.0,0,2,2013-11-12,REG
ANA_FLA_2013-11-12,FLA,2013020271,home,3,4.0,0.0,4.0,2.0,0.0,2.0,1,2,2013-11-12,REG
PHI_OTT_2013-11-12,PHI,2013020269,away,5,1.0,0.0,1.0,3.0,2.0,0.0,1,2,2013-11-12,REG
PHI_OTT_2013-11-12,OTT,2013020269,home,0,7.0,0.0,4.0,1.0,3.0,3.0,0,2,2013-11-12,REG
WPG_DET_2013-11-12,WPG,2013020270,away,3,5.0,0.0,5.0,2.0,0.0,0.0,1,2,2013-11-12,SO
WPG_DET_2013-11-12,DET,2013020270,home,2,3.0,0.0,4.0,1.0,0.0,1.0,0,2,2013-11-12,SO
TBL_MTL_2013-11-12,TBL,2013020268,away,2,4.0,0.0,4.0,1.0,0.0,0.0,1,2,2013-11-12,SO
TBL_MTL_2013-11-12,MTL,2013020268,home,1,1.0,0.0,2.0,6.0,0.0,0.0,0,2,2013-11-12,SO
PHX_STL_2013-11-12,PHX,2013020272,away,3,1.0,0.0,2.0,0.0,0.0,0.0,1,2,2013-11-12,OT
PHX_STL_2013-11-12,STL,2013020272,home,2,4.0,0.0,3.0,3.0,0.0,2.0,0,2,2013-11-12,OT
SJS_CGY_2013-11-12,SJS,2013020273,away,3,0.0,0.0,7.0,1.0,0.0,0.0,1,2,2013-11-12,OT
SJS_CGY_2013-11-12,CGY,2013020273,home,2,1.0,0.0,1.0,2.0,3.0,1.0,0,2,2013-11-12,OT
TOR_MIN_2013-11-13,TOR,2013020274,away,1,8.0,0.0,1.0,3.0,0.0,1.0,0,2,2013-11-13,SO
TOR_MIN_2013-11-13,MIN,2013020274,home,2,2.0,0.0,2.0,2.0,1.0,1.0,1,2,2013-11-13,SO
PHI_PIT_2013-11-13,PHI,2013020275,away,2,1.0,0.0,2.0,2.0,0.0,1.0,1,2,2013-11-13,REG
PHI_PIT_2013-11-13,PIT,2013020275,home,1,5.0,0.0,4.0,0.0,0.0,0.0,0,2,2013-11-13,REG
DAL_EDM_2013-11-13,DAL,2013020276,away,3,4.0,0.0,1.0,2.0,0.0,1.0,1,2,2013-11-13,REG
DAL_EDM_2013-11-13,EDM,2013020276,home,0,3.0,0.0,3.0,6.0,8.0,1.0,0,2,2013-11-13,REG
LAK_NYI_2013-11-14,LAK,2013020278,away,3,0.0,0.0,8.0,2.0,2.0,1.0,1,2,2013-11-14,REG
LAK_NYI_2013-11-14,NYI,2013020278,home,2,1.0,0.0,1.0,2.0,3.0,3.0,0,2,2013-11-14,REG
CBJ_BOS_2013-11-14,CBJ,2013020277,away,2,1.0,0.0,3.0,1.0,1.0,1.0,0,2,2013-11-14,OT
CBJ_BOS_2013-11-14,BOS,2013020277,home,3,3.0,0.0,4.0,2.0,0.0,0.0,1,2,2013-11-14,OT
ANA_TBL_2013-11-14,ANA,2013020279,away,1,3.0,0.0,3.0,0.0,0.0,0.0,0,2,2013-11-14,REG
ANA_TBL_2013-11-14,TBL,2013020279,home,5,5.0,0.0,1.0,3.0,0.0,1.0,1,2,2013-11-14,REG
COL_STL_2013-11-14,COL,2013020281,away,3,5.0,0.0,3.0,0.0,0.0,0.0,0,2,2013-11-14,REG
COL_STL_2013-11-14,STL,2013020281,home,7,0.0,0.0,2.0,2.0,2.0,0.0,1,2,2013-11-14,REG
PHX_CHI_2013-11-14,PHX,2013020280,away,4,4.0,0.0,4.0,2.0,1.0,0.0,0,2,2013-11-14,SO
PHX_CHI_2013-11-14,CHI,2013020280,home,5,1.0,1.0,11.0,2.0,0.0,2.0,1,2,2013-11-14,SO
DAL_CGY_2013-11-14,DAL,2013020282,away,7,5.0,0.0,4.0,2.0,0.0,1.0,1,2,2013-11-14,REG
DAL_CGY_2013-11-14,CGY,2013020282,home,3,9.0,0.0,0.0,6.0,5.0,2.0,0,2,2013-11-14,REG
SJS_VAN_2013-11-14,SJS,2013020283,away,2,2.0,0.0,4.0,4.0,2.0,0.0,1,2,2013-11-14,OT
SJS_VAN_2013-11-14,VAN,2013020283,home,1,2.0,0.0,4.0,1.0,1.0,0.0,0,2,2013-11-14,OT
MTL_CBJ_2013-11-15,MTL,2013020288,away,3,5.0,0.0,1.0,2.0,0.0,0.0,1,2,2013-11-15,SO
MTL_CBJ_2013-11-15,CBJ,2013020288,home,2,2.0,0.0,5.0,2.0,0.0,0.0,0,2,2013-11-15,SO
LAK_NJD_2013-11-15,LAK,2013020285,away,2,4.0,0.0,5.0,0.0,0.0,0.0,1,2,2013-11-15,REG
LAK_NJD_2013-11-15,NJD,2013020285,home,0,4.0,0.0,2.0,3.0,1.0,1.0,0,2,2013-11-15,REG
TOR_BUF_2013-11-15,TOR,2013020284,away,1,3.0,0.0,1.0,0.0,0.0,0.0,0,2,2013-11-15,REG
TOR_BUF_2013-11-15,BUF,2013020284,home,3,2.0,0.0,5.0,2.0,0.0,0.0,1,2,2013-11-15,REG
NSH_PIT_2013-11-15,NSH,2013020286,away,1,0.0,0.0,1.0,1.0,0.0,1.0,0,2,2013-11-15,REG
NSH_PIT_2013-11-15,PIT,2013020286,home,4,4.0,0.0,4.0,1.0,2.0,0.0,1,2,2013-11-15,REG
ANA_CAR_2013-11-15,ANA,2013020287,away,2,1.0,0.0,5.0,5.0,1.0,0.0,0,2,2013-11-15,SO
ANA_CAR_2013-11-15,CAR,2013020287,home,3,3.0,0.0,3.0,0.0,2.0,2.0,1,2,2013-11-15,SO
BOS_OTT_2013-11-15,BOS,2013020289,away,2,5.0,0.0,2.0,2.0,0.0,0.0,0,2,2013-11-15,REG
BOS_OTT_2013-11-15,OTT,2013020289,home,4,6.0,0.0,4.0,0.0,4.0,2.0,1,2,2013-11-15,REG
WSH_DET_2013-11-15,WSH,2013020290,away,4,7.0,0.0,6.0,1.0,2.0,1.0,1,2,2013-11-15,SO
WSH_DET_2013-11-15,DET,2013020290,home,3,6.0,0.0,4.0,1.0,2.0,2.0,0,2,2013-11-15,SO
FLA_MIN_2013-11-15,FLA,2013020291,away,2,2.0,0.0,1.0,0.0,0.0,0.0,0,2,2013-11-15,REG
FLA_MIN_2013-11-15,MIN,2013020291,home,3,2.0,0.0,4.0,1.0,1.0,0.0,1,2,2013-11-15,REG
PHI_WPG_2013-11-15,PHI,2013020292,away,2,1.0,0.0,5.0,1.0,0.0,1.0,0,2,2013-11-15,SO
PHI_WPG_2013-11-15,WPG,2013020292,home,3,3.0,0.0,3.0,2.0,1.0,0.0,1,2,2013-11-15,SO
SJS_EDM_2013-11-15,SJS,2013020293,away,3,1.0,1.0,3.0,3.0,0.0,1.0,1,2,2013-11-15,REG
SJS_EDM_2013-11-15,EDM,2013020293,home,1,6.0,0.0,6.0,4.0,2.0,1.0,0,2,2013-11-15,REG
DET_NYI_2013-11-16,DET,2013020297,away,4,4.0,0.0,2.0,1.0,3.0,0.0,0,2,2013-11-16,SO
DET_NYI_2013-11-16,NYI,2013020297,home,5,0.0,0.0,7.0,2.0,0.0,0.0,1,2,2013-11-16,SO
BUF_TOR_2013-11-16,BUF,2013020294,away,2,1.0,0.0,2.0,2.0,1.0,1.0,0,2,2013-11-16,REG
BUF_TOR_2013-11-16,TOR,2013020294,home,4,2.0,0.0,0.0,1.0,1.0,1.0,1,2,2013-11-16,REG
PIT_NJD_2013-11-16,PIT,2013020296,away,1,2.0,0.0,3.0,0.0,1.0,0.0,0,2,2013-11-16,REG
PIT_NJD_2013-11-16,NJD,2013020296,home,4,3.0,0.0,2.0,1.0,0.0,0.0,1,2,2013-11-16,REG
NYR_MTL_2013-11-16,NYR,2013020295,away,1,5.0,0.0,5.0,6.0,0.0,0.0,1,2,2013-11-16,REG
NYR_MTL_2013-11-16,MTL,2013020295,home,0,1.0,0.0,2.0,2.0,0.0,0.0,0,2,2013-11-16,REG
CAR_STL_2013-11-16,CAR,2013020298,away,2,3.0,0.0,3.0,0.0,0.0,0.0,0,2,2013-11-16,REG
CAR_STL_2013-11-16,STL,2013020298,home,4,1.0,0.0,3.0,2.0,1.0,1.0,1,2,2013-11-16,REG
CHI_NSH_2013-11-16,CHI,2013020299,away,2,1.0,0.0,5.0,2.0,2.0,2.0,0,2,2013-11-16,REG
CHI_NSH_2013-11-16,NSH,2013020299,home,7,2.0,0.0,1.0,5.0,2.0,2.0,1,2,2013-11-16,REG
TBL_PHX_2013-11-16,TBL,2013020300,away,3,4.0,0.0,2.0,2.0,2.0,1.0,0,2,2013-11-16,REG
TBL_PHX_2013-11-16,PHX,2013020300,home,6,4.0,0.0,2.0,1.0,0.0,1.0,1,2,2013-11-16,REG
FLA_COL_2013-11-16,FLA,2013020301,away,4,3.0,0.0,3.0,1.0,0.0,1.0,1,2,2013-11-16,REG
FLA_COL_2013-11-16,COL,2013020301,home,1,3.0,0.0,2.0,3.0,0.0,1.0,0,2,2013-11-16,REG
EDM_CGY_2013-11-16,EDM,2013020302,away,4,4.0,0.0,0.0,3.0,3.0,0.0,1,2,2013-11-16,REG
EDM_CGY_2013-11-16,CGY,2013020302,home,2,6.0,0.0,2.0,1.0,1.0,0.0,0,2,2013-11-16,REG
CBJ_OTT_2013-11-17,CBJ,2013020303,away,4,2.0,0.0,1.0,2.0,0.0,0.0,1,2,2013-11-17,REG
CBJ_OTT_2013-11-17,OTT,2013020303,home,1,6.0,0.0,3.0,1.0,0.0,0.0,0,2,2013-11-17,REG
STL_WSH_2013-11-17,STL,2013020304,away,1,3.0,0.0,5.0,1.0,0.0,2.0,0,2,2013-11-17,REG
STL_WSH_2013-11-17,WSH,2013020304,home,4,6.0,0.0,5.0,3.0,1.0,1.0,1,2,2013-11-17,REG
LAK_NYR_2013-11-17,LAK,2013020305,away,1,0.0,0.0,3.0,2.0,0.0,0.0,1,2,2013-11-17,REG
LAK_NYR_2013-11-17,NYR,2013020305,home,0,4.0,0.0,2.0,4.0,1.0,0.0,0,2,2013-11-17,REG
SJS_CHI_2013-11-17,SJS,2013020306,away,1,2.0,0.0,3.0,2.0,1.0,0.0,0,2,2013-11-17,REG
SJS_CHI_2013-11-17,CHI,2013020306,home,5,1.0,0.0,9.0,2.0,0.0,1.0,1,2,2013-11-17,REG
DAL_VAN_2013-11-17,DAL,2013020308,away,2,4.0,0.0,1.0,2.0,1.0,0.0,1,2,2013-11-17,REG
DAL_VAN_2013-11-17,VAN,2013020308,home,1,1.0,0.0,1.0,1.0,0.0,1.0,0,2,2013-11-17,REG
WPG_MIN_2013-11-17,WPG,2013020307,away,1,1.0,0.0,3.0,1.0,0.0,0.0,0,2,2013-11-17,REG
WPG_MIN_2013-11-17,MIN,2013020307,home,2,4.0,0.0,3.0,1.0,1.0,1.0,1,2,2013-11-17,REG
BOS_CAR_2013-11-18,BOS,2013020309,away,4,5.0,0.0,3.0,1.0,0.0,0.0,1,2,2013-11-18,REG
BOS_CAR_2013-11-18,CAR,2013020309,home,1,5.0,0.0,2.0,3.0,0.0,5.0,0,2,2013-11-18,REG
ANA_PIT_2013-11-18,ANA,2013020310,away,1,1.0,0.0,5.0,2.0,0.0,0.0,0,2,2013-11-18,REG
ANA_PIT_2013-11-18,PIT,2013020310,home,3,4.0,0.0,1.0,0.0,1.0,1.0,1,2,2013-11-18,REG
CGY_WPG_2013-11-18,CGY,2013020311,away,5,4.0,0.0,2.0,3.0,1.0,0.0,1,2,2013-11-18,SO
CGY_WPG_2013-11-18,WPG,2013020311,home,4,8.0,0.0,10.0,4.0,3.0,2.0,0,2,2013-11-18,SO
OTT_PHI_2013-11-19,OTT,2013020314,away,2,2.0,0.0,4.0,4.0,0.0,2.0,0,2,2013-11-19,REG
OTT_PHI_2013-11-19,PHI,2013020314,home,5,2.0,0.0,5.0,3.0,0.0,1.0,1,2,2013-11-19,REG
NYI_TOR_2013-11-19,NYI,2013020313,away,2,3.0,0.0,4.0,3.0,2.0,1.0,0,2,2013-11-19,REG
NYI_TOR_2013-11-19,TOR,2013020313,home,5,4.0,0.0,1.0,2.0,1.0,1.0,1,2,2013-11-19,REG
STL_BUF_2013-11-19,STL,2013020312,away,4,3.0,0.0,3.0,1.0,0.0,0.0,1,2,2013-11-19,REG
STL_BUF_2013-11-19,BUF,2013020312,home,1,6.0,0.0,0.0,2.0,0.0,0.0,0,2,2013-11-19,REG
MIN_MTL_2013-11-19,MIN,2013020315,away,2,4.0,0.0,1.0,2.0,0.0,0.0,0,2,2013-11-19,REG
MIN_MTL_2013-11-19,MTL,2013020315,home,6,1.0,0.0,0.0,3.0,0.0,1.0,1,2,2013-11-19,REG
NSH_DET_2013-11-19,NSH,2013020316,away,2,1.0,0.0,3.0,2.0,0.0,2.0,1,2,2013-11-19,REG
NSH_DET_2013-11-19,DET,2013020316,home,0,4.0,0.0,1.0,3.0,1.0,0.0,0,2,2013-11-19,REG
BOS_NYR_2013-11-19,BOS,2013020317,away,2,4.0,0.0,2.0,3.0,0.0,0.0,1,2,2013-11-19,REG
BOS_NYR_2013-11-19,NYR,2013020317,home,1,4.0,0.0,2.0,1.0,1.0,0.0,0,2,2013-11-19,REG
CHI_COL_2013-11-19,CHI,2013020318,away,1,2.0,0.0,4.0,1.0,1.0,0.0,0,2,2013-11-19,REG
CHI_COL_2013-11-19,COL,2013020318,home,5,6.0,0.0,2.0,3.0,1.0,2.0,1,2,2013-11-19,REG
CBJ_EDM_2013-11-19,CBJ,2013020319,away,0,6.0,0.0,1.0,2.0,0.0,0.0,0,2,2013-11-19,REG
CBJ_EDM_2013-11-19,EDM,2013020319,home,7,0.0,0.0,1.0,1.0,2.0,2.0,1,2,2013-11-19,REG
FLA_VAN_2013-11-19,FLA,2013020320,away,3,0.0,0.0,4.0,2.0,0.0,0.0,1,2,2013-11-19,SO
FLA_VAN_2013-11-19,VAN,2013020320,home,2,0.0,0.0,5.0,1.0,0.0,2.0,0,2,2013-11-19,SO
TBL_LAK_2013-11-19,TBL,2013020321,away,2,1.0,0.0,4.0,0.0,4.0,0.0,0,2,2013-11-19,REG
TBL_LAK_2013-11-19,LAK,2013020321,home,5,4.0,0.0,6.0,0.0,0.0,0.0,1,2,2013-11-19,REG
MIN_OTT_2013-11-20,MIN,2013020322,away,4,6.0,0.0,2.0,3.0,1.0,0.0,1,2,2013-11-20,REG
MIN_OTT_2013-11-20,OTT,2013020322,home,3,3.0,0.0,2.0,4.0,4.0,0.0,0,2,2013-11-20,REG
PIT_WSH_2013-11-20,PIT,2013020323,away,4,3.0,0.0,1.0,3.0,1.0,1.0,1,2,2013-11-20,REG
PIT_WSH_2013-11-20,WSH,2013020323,home,0,9.0,0.0,2.0,1.0,0.0,1.0,0,2,2013-11-20,REG
CBJ_CGY_2013-11-20,CBJ,2013020324,away,2,5.0,0.0,1.0,1.0,1.0,1.0,1,2,2013-11-20,OT
CBJ_CGY_2013-11-20,CGY,2013020324,home,1,5.0,0.0,1.0,3.0,2.0,0.0,0,2,2013-11-20,OT
NJD_ANA_2013-11-20,NJD,2013020325,away,4,3.0,1.0,4.0,2.0,4.0,1.0,1,2,2013-11-20,OT
NJD_ANA_2013-11-20,ANA,2013020325,home,3,2.0,0.0,0.0,2.0,0.0,0.0,0,2,2013-11-20,OT
STL_BOS_2013-11-21,STL,2013020326,away,3,5.0,0.0,2.0,1.0,0.0,1.0,1,2,2013-11-21,SO
STL_BOS_2013-11-21,BOS,2013020326,home,2,3.0,0.0,6.0,2.0,0.0,1.0,0,2,2013-11-21,SO
NSH_TOR_2013-11-21,NSH,2013020327,away,4,2.0,1.0,6.0,0.0,2.0,1.0,1,2,2013-11-21,REG
NSH_TOR_2013-11-21,TOR,2013020327,home,2,2.0,0.0,1.0,1.0,2.0,3.0,0,2,2013-11-21,REG
BUF_PHI_2013-11-21,BUF,2013020328,away,1,2.0,0.0,1.0,2.0,0.0,0.0,0,2,2013-11-21,REG
BUF_PHI_2013-11-21,PHI,2013020328,home,4,6.0,0.0,8.0,4.0,2.0,0.0,1,2,2013-11-21,REG
CAR_DET_2013-11-21,CAR,2013020329,away,3,2.0,0.0,5.0,0.0,0.0,1.0,0,2,2013-11-21,REG
CAR_DET_2013-11-21,DET,2013020329,home,4,4.0,0.0,4.0,2.0,1.0,2.0,1,2,2013-11-21,REG
CHI_WPG_2013-11-21,CHI,2013020330,away,6,0.0,0.0,6.0,1.0,0.0,0.0,1,2,2013-11-21,REG
CHI_WPG_2013-11-21,WPG,2013020330,home,3,6.0,0.0,3.0,1.0,0.0,0.0,0,2,2013-11-21,REG
NYR_DAL_2013-11-21,NYR,2013020331,away,3,4.0,0.0,1.0,1.0,0.0,0.0,1,2,2013-11-21,REG
NYR_DAL_2013-11-21,DAL,2013020331,home,2,1.0,1.0,6.0,2.0,0.0,1.0,0,2,2013-11-21,REG
COL_PHX_2013-11-21,COL,2013020332,away,4,4.0,1.0,6.0,1.0,0.0,1.0,1,2,2013-11-21,OT
COL_PHX_2013-11-21,PHX,2013020332,home,3,6.0,0.0,8.0,0.0,0.0,1.0,0,2,2013-11-21,OT
FLA_EDM_2013-11-21,FLA,2013020333,away,1,2.0,0.0,4.0,2.0,0.0,0.0,0,2,2013-11-21,REG
FLA_EDM_2013-11-21,EDM,2013020333,home,4,3.0,0.0,3.0,3.0,2.0,2.0,1,2,2013-11-21,REG
TBL_SJS_2013-11-21,TBL,2013020335,away,1,3.0,0.0,3.0,3.0,4.0,1.0,0,2,2013-11-21,REG
TBL_SJS_2013-11-21,SJS,2013020335,home,5,0.0,0.0,2.0,3.0,1.0,1.0,1,2,2013-11-21,REG
NJD_LAK_2013-11-21,NJD,2013020334,away,2,1.0,0.0,1.0,1.0,1.0,0.0,1,2,2013-11-21,OT
NJD_LAK_2013-11-21,LAK,2013020334,home,1,3.0,0.0,4.0,0.0,3.0,0.0,0,2,2013-11-21,OT
NYI_PIT_2013-11-22,NYI,2013020336,away,3,2.0,0.0,6.0,1.0,0.0,2.0,0,2,2013-11-22,REG
NYI_PIT_2013-11-22,PIT,2013020336,home,4,5.0,0.0,3.0,0.0,1.0,2.0,1,2,2013-11-22,REG
MTL_WSH_2013-11-22,MTL,2013020337,away,3,3.0,0.0,1.0,0.0,0.0,0.0,1,2,2013-11-22,REG
MTL_WSH_2013-11-22,WSH,2013020337,home,2,5.0,1.0,6.0,2.0,1.0,0.0,0,2,2013-11-22,REG
FLA_CGY_2013-11-22,FLA,2013020338,away,3,2.0,0.0,4.0,0.0,2.0,0.0,0,2,2013-11-22,SO
FLA_CGY_2013-11-22,CGY,2013020338,home,4,4.0,0.0,3.0,4.0,2.0,1.0,1,2,2013-11-22,SO
CBJ_VAN_2013-11-22,CBJ,2013020339,away,2,4.0,0.0,3.0,5.0,0.0,0.0,0,2,2013-11-22,REG
CBJ_VAN_2013-11-22,VAN,2013020339,home,6,2.0,0.0,3.0,1.0,2.0,1.0,1,2,2013-11-22,REG
TBL_ANA_2013-11-22,TBL,2013020340,away,0,1.0,0.0,3.0,1.0,0.0,0.0,0,2,2013-11-22,OT
TBL_ANA_2013-11-22,ANA,2013020340,home,1,3.0,0.0,7.0,1.0,1.0,0.0,1,2,2013-11-22,OT
CAR_BOS_2013-11-23,CAR,2013020341,away,2,1.0,1.0,2.0,3.0,0.0,1.0,0,2,2013-11-23,OT
CAR_BOS_2013-11-23,BOS,2013020341,home,3,3.0,0.0,2.0,3.0,0.0,0.0,1,2,2013-11-23,OT
MIN_WPG_2013-11-23,MIN,2013020342,away,3,1.0,0.0,2.0,1.0,1.0,0.0,1,2,2013-11-23,SO
MIN_WPG_2013-11-23,WPG,2013020342,home,2,4.0,0.0,6.0,0.0,0.0,0.0,0,2,2013-11-23,SO
PIT_MTL_2013-11-23,PIT,2013020344,away,2,5.0,0.0,4.0,2.0,1.0,0.0,0,2,2013-11-23,REG
PIT_MTL_2013-11-23,MTL,2013020344,home,3,5.0,0.0,1.0,5.0,1.0,0.0,1,2,2013-11-23,REG
OTT_DET_2013-11-23,OTT,2013020345,away,4,4.0,1.0,3.0,0.0,2.0,1.0,1,2,2013-11-23,REG
OTT_DET_2013-11-23,DET,2013020345,home,2,5.0,0.0,9.0,1.0,0.0,0.0,0,2,2013-11-23,REG
WSH_TOR_2013-11-23,WSH,2013020343,away,1,11.0,0.0,7.0,2.0,2.0,0.0,0,2,2013-11-23,SO
WSH_TOR_2013-11-23,TOR,2013020343,home,2,9.0,0.0,0.0,4.0,1.0,1.0,1,2,2013-11-23,SO
NYI_PHI_2013-11-23,NYI,2013020346,away,2,1.0,0.0,4.0,3.0,2.0,0.0,0,2,2013-11-23,REG
NYI_PHI_2013-11-23,PHI,2013020346,home,5,2.0,0.0,5.0,0.0,1.0,3.0,1,2,2013-11-23,REG
ANA_PHX_2013-11-23,ANA,2013020349,away,4,2.0,0.0,2.0,1.0,1.0,1.0,1,2,2013-11-23,REG
ANA_PHX_2013-11-23,PHX,2013020349,home,2,4.0,0.0,4.0,1.0,0.0,0.0,0,2,2013-11-23,REG
DAL_STL_2013-11-23,DAL,2013020347,away,1,5.0,0.0,4.0,0.0,0.0,1.0,0,2,2013-11-23,REG
DAL_STL_2013-11-23,STL,2013020347,home,6,1.0,0.0,2.0,3.0,1.0,0.0,1,2,2013-11-23,REG
NYR_NSH_2013-11-23,NYR,2013020348,away,2,2.0,0.0,3.0,0.0,1.0,1.0,1,2,2013-11-23,REG
NYR_NSH_2013-11-23,NSH,2013020348,home,0,0.0,0.0,2.0,1.0,1.0,0.0,0,2,2013-11-23,REG
CHI_VAN_2013-11-23,CHI,2013020350,away,2,1.0,0.0,2.0,2.0,2.0,3.0,1,2,2013-11-23,REG
CHI_VAN_2013-11-23,VAN,2013020350,home,1,0.0,0.0,2.0,1.0,3.0,1.0,0,2,2013-11-23,REG
NJD_SJS_2013-11-23,NJD,2013020352,away,1,1.0,0.0,4.0,3.0,1.0,0.0,0,2,2013-11-23,REG
NJD_SJS_2013-11-23,SJS,2013020352,home,2,1.0,0.0,5.0,4.0,3.0,2.0,1,2,2013-11-23,REG
COL_LAK_2013-11-23,COL,2013020351,away,1,3.0,0.0,4.0,1.0,0.0,0.0,1,2,2013-11-23,OT
COL_LAK_2013-11-23,LAK,2013020351,home,0,6.0,0.0,5.0,0.0,2.0,0.0,0,2,2013-11-23,OT
DET_BUF_2013-11-24,DET,2013020353,away,3,0.0,0.0,1.0,3.0,0.0,0.0,1,2,2013-11-24,REG
DET_BUF_2013-11-24,BUF,2013020353,home,1,5.0,0.0,3.0,5.0,1.0,1.0,0,2,2013-11-24,REG
OTT_CAR_2013-11-24,OTT,2013020354,away,1,5.0,0.0,3.0,4.0,2.0,0.0,0,2,2013-11-24,REG
OTT_CAR_2013-11-24,CAR,2013020354,home,4,2.0,0.0,4.0,1.0,3.0,1.0,1,2,2013-11-24,REG
WPG_NJD_2013-11-25,WPG,2013020357,away,3,1.0,0.0,6.0,6.0,0.0,0.0,1,2,2013-11-25,REG
WPG_NJD_2013-11-25,NJD,2013020357,home,1,2.0,0.0,2.0,0.0,0.0,0.0,0,2,2013-11-25,REG
PIT_BOS_2013-11-25,PIT,2013020355,away,3,5.0,0.0,3.0,2.0,3.0,0.0,0,2,2013-11-25,OT
PIT_BOS_2013-11-25,BOS,2013020355,home,4,5.0,0.0,2.0,2.0,1.0,0.0,1,2,2013-11-25,OT
CBJ_TOR_2013-11-25,CBJ,2013020356,away,6,2.0,0.0,2.0,1.0,0.0,1.0,1,2,2013-11-25,REG
CBJ_TOR_2013-11-25,TOR,2013020356,home,0,3.0,0.0,2.0,2.0,2.0,0.0,0,2,2013-11-25,REG
NYR_TBL_2013-11-25,NYR,2013020358,away,0,2.0,0.0,2.0,0.0,0.0,0.0,0,2,2013-11-25,REG
NYR_TBL_2013-11-25,TBL,2013020358,home,5,5.0,0.0,3.0,2.0,1.0,1.0,1,2,2013-11-25,REG
PHI_FLA_2013-11-25,PHI,2013020359,away,1,2.0,0.0,3.0,2.0,0.0,1.0,0,2,2013-11-25,REG
PHI_FLA_2013-11-25,FLA,2013020359,home,3,6.0,0.0,3.0,2.0,0.0,0.0,1,2,2013-11-25,REG
MIN_STL_2013-11-25,MIN,2013020360,away,0,5.0,0.0,0.0,1.0,0.0,2.0,0,2,2013-11-25,REG
MIN_STL_2013-11-25,STL,2013020360,home,3,2.0,0.0,2.0,3.0,0.0,1.0,1,2,2013-11-25,REG
PHX_NSH_2013-11-25,PHX,2013020361,away,2,4.0,0.0,6.0,2.0,0.0,0.0,0,2,2013-11-25,REG
PHX_NSH_2013-11-25,NSH,2013020361,home,4,0.0,0.0,3.0,2.0,2.0,0.0,1,2,2013-11-25,REG
CHI_EDM_2013-11-25,CHI,2013020362,away,5,1.0,0.0,7.0,2.0,1.0,0.0,1,2,2013-11-25,REG
CHI_EDM_2013-11-25,EDM,2013020362,home,1,10.0,0.0,1.0,0.0,3.0,0.0,0,2,2013-11-25,REG
LAK_VAN_2013-11-25,LAK,2013020363,away,3,2.0,0.0,2.0,4.0,0.0,0.0,1,2,2013-11-25,OT
LAK_VAN_2013-11-25,VAN,2013020363,home,2,0.0,0.0,8.0,2.0,1.0,1.0,0,2,2013-11-25,OT
ANA_DAL_2013-11-26,ANA,2013020364,away,3,1.0,0.0,2.0,2.0,0.0,1.0,0,2,2013-11-26,REG
ANA_DAL_2013-11-26,DAL,2013020364,home,6,4.0,0.0,1.0,1.0,0.0,1.0,1,2,2013-11-26,REG
NSH_CBJ_2013-11-27,NSH,2013020369,away,4,2.0,0.0,3.0,0.0,1.0,1.0,1,2,2013-11-27,REG
NSH_CBJ_2013-11-27,CBJ,2013020369,home,0,5.0,0.0,5.0,3.0,0.0,2.0,0,2,2013-11-27,REG
CAR_NJD_2013-11-27,CAR,2013020366,away,4,1.0,0.0,1.0,1.0,2.0,0.0,1,2,2013-11-27,REG
CAR_NJD_2013-11-27,NJD,2013020366,home,3,2.0,0.0,4.0,3.0,3.0,0.0,0,2,2013-11-27,REG
MTL_BUF_2013-11-27,MTL,2013020365,away,3,5.0,0.0,2.0,2.0,0.0,0.0,1,2,2013-11-27,REG
MTL_BUF_2013-11-27,BUF,2013020365,home,1,8.0,0.0,3.0,0.0,0.0,0.0,0,2,2013-11-27,REG
OTT_WSH_2013-11-27,OTT,2013020368,away,6,4.0,1.0,5.0,0.0,1.0,1.0,1,2,2013-11-27,REG
OTT_WSH_2013-11-27,WSH,2013020368,home,4,6.0,0.0,3.0,0.0,2.0,1.0,0,2,2013-11-27,REG
WPG_NYI_2013-11-27,WPG,2013020367,away,3,7.0,0.0,4.0,3.0,1.0,1.0,1,2,2013-11-27,REG
WPG_NYI_2013-11-27,NYI,2013020367,home,2,1.0,0.0,3.0,2.0,3.0,2.0,0,2,2013-11-27,REG
PHI_TBL_2013-11-27,PHI,2013020371,away,2,4.0,0.0,2.0,2.0,1.0,0.0,0,2,2013-11-27,REG
PHI_TBL_2013-11-27,TBL,2013020371,home,4,3.0,0.0,4.0,3.0,0.0,1.0,1,2,2013-11-27,REG
BOS_DET_2013-11-27,BOS,2013020370,away,1,3.0,0.0,1.0,0.0,2.0,0.0,0,2,2013-11-27,REG
BOS_DET_2013-11-27,DET,2013020370,home,6,3.0,0.0,4.0,1.0,0.0,1.0,1,2,2013-11-27,REG
NYR_FLA_2013-11-27,NYR,2013020372,away,5,1.0,0.0,0.0,1.0,0.0,1.0,1,2,2013-11-27,REG
NYR_FLA_2013-11-27,FLA,2013020372,home,2,4.0,0.0,2.0,2.0,1.0,1.0,0,2,2013-11-27,REG
TOR_PIT_2013-11-27,TOR,2013020373,away,5,8.0,0.0,1.0,7.0,0.0,0.0,0,2,2013-11-27,SO
TOR_PIT_2013-11-27,PIT,2013020373,home,6,3.0,0.0,5.0,2.0,0.0,0.0,1,2,2013-11-27,SO
PHX_MIN_2013-11-27,PHX,2013020374,away,3,3.0,0.0,5.0,1.0,0.0,1.0,1,2,2013-11-27,REG
PHX_MIN_2013-11-27,MIN,2013020374,home,1,4.0,0.0,4.0,1.0,1.0,1.0,0,2,2013-11-27,REG
STL_COL_2013-11-27,STL,2013020375,away,4,4.0,0.0,3.0,3.0,0.0,2.0,1,2,2013-11-27,REG
STL_COL_2013-11-27,COL,2013020375,home,1,1.0,0.0,3.0,1.0,1.0,0.0,0,2,2013-11-27,REG
CHI_CGY_2013-11-27,CHI,2013020376,away,3,0.0,0.0,5.0,0.0,3.0,0.0,1,2,2013-11-27,REG
CHI_CGY_2013-11-27,CGY,2013020376,home,2,9.0,0.0,1.0,5.0,2.0,2.0,0,2,2013-11-27,REG
LAK_SJS_2013-11-27,LAK,2013020377,away,2,0.0,0.0,5.0,3.0,1.0,2.0,0,2,2013-11-27,SO
LAK_SJS_2013-11-27,SJS,2013020377,home,3,4.0,0.0,4.0,6.0,1.0,0.0,1,2,2013-11-27,SO
VAN_OTT_2013-11-28,VAN,2013020378,away,5,2.0,0.0,4.0,4.0,2.0,1.0,1,2,2013-11-28,REG
VAN_OTT_2013-11-28,OTT,2013020378,home,2,9.0,0.0,4.0,5.0,1.0,1.0,0,2,2013-11-28,REG
EDM_NSH_2013-11-28,EDM,2013020379,away,3,5.0,0.0,5.0,0.0,2.0,1.0,1,2,2013-11-28,REG
EDM_NSH_2013-11-28,NSH,2013020379,home,0,3.0,0.0,7.0,4.0,1.0,1.0,0,2,2013-11-28,REG
WPG_PHI_2013-11-29,WPG,2013020383,away,1,8.0,0.0,2.0,2.0,0.0,0.0,0,2,2013-11-29,REG
WPG_PHI_2013-11-29,PHI,2013020383,home,2,4.0,0.0,4.0,3.0,1.0,1.0,1,2,2013-11-29,REG
NYR_BOS_2013-11-29,NYR,2013020380,away,2,7.0,0.0,1.0,2.0,1.0,2.0,0,2,2013-11-29,REG
NYR_BOS_2013-11-29,BOS,2013020380,home,3,2.0,0.0,2.0,1.0,1.0,0.0,1,2,2013-11-29,REG
CGY_ANA_2013-11-29,CGY,2013020384,away,2,8.0,0.0,2.0,0.0,0.0,0.0,0,2,2013-11-29,REG
CGY_ANA_2013-11-29,ANA,2013020384,home,5,3.0,0.0,4.0,3.0,2.0,0.0,1,2,2013-11-29,REG
STL_SJS_2013-11-29,STL,2013020385,away,3,3.0,0.0,3.0,3.0,5.0,0.0,0,2,2013-11-29,REG
STL_SJS_2013-11-29,SJS,2013020385,home,6,4.0,0.0,5.0,8.0,2.0,1.0,1,2,2013-11-29,REG
PIT_TBL_2013-11-29,PIT,2013020381,away,3,2.0,0.0,3.0,2.0,1.0,0.0,1,2,2013-11-29,REG
PIT_TBL_2013-11-29,TBL,2013020381,home,0,4.0,0.0,3.0,1.0,1.0,0.0,0,2,2013-11-29,REG
DET_NYI_2013-11-29,DET,2013020382,away,5,6.0,0.0,2.0,4.0,3.0,0.0,1,2,2013-11-29,REG
DET_NYI_2013-11-29,NYI,2013020382,home,0,5.0,0.0,3.0,1.0,0.0,0.0,0,2,2013-11-29,REG
MTL_WSH_2013-11-29,MTL,2013020386,away,2,3.0,0.0,2.0,3.0,2.0,1.0,0,2,2013-11-29,SO
MTL_WSH_2013-11-29,WSH,2013020386,home,3,5.0,0.0,5.0,4.0,2.0,0.0,1,2,2013-11-29,SO
COL_MIN_2013-11-29,COL,2013020387,away,3,0.0,0.0,2.0,2.0,0.0,0.0,1,2,2013-11-29,REG
COL_MIN_2013-11-29,MIN,2013020387,home,1,5.0,0.0,5.0,3.0,0.0,0.0,0,2,2013-11-29,REG
EDM_CBJ_2013-11-29,EDM,2013020390,away,2,2.0,0.0,3.0,1.0,0.0,1.0,0,2,2013-11-29,REG
EDM_CBJ_2013-11-29,CBJ,2013020390,home,4,3.0,0.0,6.0,1.0,0.0,0.0,1,2,2013-11-29,REG
NJD_CAR_2013-11-29,NJD,2013020389,away,5,0.0,0.0,5.0,1.0,0.0,1.0,1,2,2013-11-29,REG
NJD_CAR_2013-11-29,CAR,2013020389,home,2,7.0,0.0,2.0,3.0,4.0,2.0,0,2,2013-11-29,REG
TOR_BUF_2013-11-29,TOR,2013020388,away,2,4.0,0.0,2.0,9.0,1.0,0.0,0,2,2013-11-29,OT
TOR_BUF_2013-11-29,BUF,2013020388,home,3,4.0,0.0,2.0,1.0,0.0,1.0,1,2,2013-11-29,OT
CHI_DAL_2013-11-29,CHI,2013020391,away,2,2.0,0.0,5.0,1.0,2.0,1.0,1,2,2013-11-29,SO
CHI_DAL_2013-11-29,DAL,2013020391,home,1,4.0,0.0,0.0,1.0,3.0,5.0,0,2,2013-11-29,SO
VAN_NYR_2013-11-30,VAN,2013020392,away,2,2.0,0.0,4.0,2.0,0.0,1.0,0,2,2013-11-30,REG
VAN_NYR_2013-11-30,NYR,2013020392,home,5,2.0,1.0,3.0,2.0,1.0,0.0,1,2,2013-11-30,REG
TOR_MTL_2013-11-30,TOR,2013020394,away,2,3.0,0.0,1.0,4.0,1.0,0.0,0,2,2013-11-30,REG
TOR_MTL_2013-11-30,MTL,2013020394,home,4,3.0,0.0,2.0,5.0,0.0,0.0,1,2,2013-11-30,REG
PIT_FLA_2013-11-30,PIT,2013020395,away,5,2.0,0.0,2.0,1.0,0.0,0.0,1,2,2013-11-30,REG
PIT_FLA_2013-11-30,FLA,2013020395,home,1,10.0,0.0,6.0,0.0,0.0,0.0,0,2,2013-11-30,REG
WSH_NYI_2013-11-30,WSH,2013020397,away,3,2.0,0.0,7.0,0.0,3.0,0.0,1,2,2013-11-30,OT
WSH_NYI_2013-11-30,NYI,2013020397,home,2,5.0,0.0,4.0,1.0,1.0,0.0,0,2,2013-11-30,OT
BUF_NJD_2013-11-30,BUF,2013020396,away,0,3.0,0.0,1.0,1.0,1.0,0.0,0,2,2013-11-30,OT
BUF_NJD_2013-11-30,NJD,2013020396,home,1,1.0,0.0,2.0,2.0,1.0,0.0,1,2,2013-11-30,OT
CBJ_BOS_2013-11-30,CBJ,2013020393,away,1,4.0,0.0,1.0,1.0,0.0,0.0,0,2,2013-11-30,REG
CBJ_BOS_2013-11-30,BOS,2013020393,home,3,1.0,0.0,0.0,3.0,1.0,0.0,1,2,2013-11-30,REG
PHI_NSH_2013-11-30,PHI,2013020398,away,3,1.0,0.0,1.0,0.0,1.0,2.0,1,2,2013-11-30,SO
PHI_NSH_2013-11-30,NSH,2013020398,home,2,3.0,0.0,8.0,3.0,3.0,1.0,0,2,2013-11-30,SO
CHI_PHX_2013-11-30,CHI,2013020399,away,5,1.0,0.0,8.0,1.0,0.0,1.0,1,2,2013-11-30,REG
CHI_PHX_2013-11-30,PHX,2013020399,home,2,3.0,1.0,10.0,4.0,0.0,1.0,0,2,2013-11-30,REG
MIN_COL_2013-11-30,MIN,2013020400,away,2,2.0,0.0,4.0,4.0,0.0,1.0,0,2,2013-11-30,SO
MIN_COL_2013-11-30,COL,2013020400,home,3,1.0,0.0,1.0,2.0,0.0,1.0,1,2,2013-11-30,SO
CGY_LAK_2013-11-30,CGY,2013020401,away,2,5.0,0.0,1.0,1.0,0.0,0.0,1,2,2013-11-30,REG
CGY_LAK_2013-11-30,LAK,2013020401,home,1,5.0,0.0,2.0,0.0,2.0,0.0,0,2,2013-11-30,REG
ANA_SJS_2013-11-30,ANA,2013020402,away,3,3.0,0.0,5.0,6.0,1.0,0.0,0,2,2013-11-30,SO
ANA_SJS_2013-11-30,SJS,2013020402,home,4,6.0,0.0,6.0,1.0,2.0,1.0,1,2,2013-11-30,SO
VAN_CAR_2013-12-01,VAN,2013020403,away,3,6.0,0.0,3.0,3.0,4.0,0.0,1,2,2013-12-01,REG
VAN_CAR_2013-12-01,CAR,2013020403,home,2,2.0,0.0,2.0,1.0,2.0,0.0,0,2,2013-12-01,REG
DET_OTT_2013-12-01,DET,2013020404,away,4,2.0,0.0,1.0,5.0,2.0,2.0,1,2,2013-12-01,REG
DET_OTT_2013-12-01,OTT,2013020404,home,2,6.0,0.0,2.0,2.0,1.0,0.0,0,2,2013-12-01,REG
EDM_DAL_2013-12-01,EDM,2013020405,away,3,1.0,0.0,7.0,3.0,3.0,0.0,1,2,2013-12-01,SO
EDM_DAL_2013-12-01,DAL,2013020405,home,2,3.0,0.0,1.0,3.0,1.0,0.0,0,2,2013-12-01,SO
WPG_NYR_2013-12-02,WPG,2013020406,away,5,2.0,0.0,5.0,3.0,1.0,0.0,1,2,2013-12-02,REG
WPG_NYR_2013-12-02,NYR,2013020406,home,2,5.0,0.0,5.0,0.0,1.0,0.0,0,2,2013-12-02,REG
NJD_MTL_2013-12-02,NJD,2013020407,away,2,4.0,0.0,5.0,0.0,1.0,0.0,0,2,2013-12-02,REG
NJD_MTL_2013-12-02,MTL,2013020407,home,3,3.0,0.0,1.0,3.0,0.0,0.0,1,2,2013-12-02,REG
PHI_MIN_2013-12-02,PHI,2013020408,away,0,1.0,0.0,2.0,0.0,0.0,0.0,0,2,2013-12-02,REG
PHI_MIN_2013-12-02,MIN,2013020408,home,2,1.0,0.0,1.0,3.0,3.0,1.0,1,2,2013-12-02,REG
STL_LAK_2013-12-02,STL,2013020409,away,2,2.0,0.0,4.0,2.0,1.0,0.0,0,2,2013-12-02,REG
STL_LAK_2013-12-02,LAK,2013020409,home,3,6.0,0.0,1.0,2.0,6.0,1.0,1,2,2013-12-02,REG
SJS_TOR_2013-12-03,SJS,2013020410,away,4,0.0,0.0,1.0,3.0,3.0,0.0,1,2,2013-12-03,REG
SJS_TOR_2013-12-03,TOR,2013020410,home,2,9.0,0.0,2.0,4.0,1.0,0.0,0,2,2013-12-03,REG
PIT_NYI_2013-12-03,PIT,2013020411,away,3,5.0,0.0,3.0,3.0,1.0,1.0,1,2,2013-12-03,OT
PIT_NYI_2013-12-03,NYI,2013020411,home,2,1.0,0.0,2.0,0.0,3.0,3.0,0,2,2013-12-03,OT
CAR_WSH_2013-12-03,CAR,2013020412,away,4,2.0,1.0,3.0,2.0,2.0,1.0,1,2,2013-12-03,REG
CAR_WSH_2013-12-03,WSH,2013020412,home,1,3.0,0.0,5.0,3.0,1.0,0.0,0,2,2013-12-03,REG
TBL_CBJ_2013-12-03,TBL,2013020413,away,0,2.0,0.0,3.0,2.0,0.0,0.0,0,2,2013-12-03,REG
TBL_CBJ_2013-12-03,CBJ,2013020413,home,1,2.0,0.0,2.0,1.0,1.0,0.0,1,2,2013-12-03,REG
OTT_FLA_2013-12-03,OTT,2013020414,away,4,1.0,0.0,3.0,1.0,0.0,0.0,1,2,2013-12-03,REG
OTT_FLA_2013-12-03,FLA,2013020414,home,2,3.0,1.0,8.0,5.0,2.0,2.0,0,2,2013-12-03,REG
DAL_CHI_2013-12-03,DAL,2013020415,away,4,8.0,0.0,0.0,4.0,2.0,0.0,1,2,2013-12-03,REG
DAL_CHI_2013-12-03,CHI,2013020415,home,3,2.0,1.0,9.0,0.0,1.0,1.0,0,2,2013-12-03,REG
VAN_NSH_2013-12-03,VAN,2013020416,away,3,3.0,0.0,6.0,3.0,3.0,2.0,1,2,2013-12-03,REG
VAN_NSH_2013-12-03,NSH,2013020416,home,1,1.0,0.0,3.0,6.0,2.0,2.0,0,2,2013-12-03,REG
PHX_EDM_2013-12-03,PHX,2013020417,away,6,1.0,0.0,6.0,3.0,0.0,2.0,1,2,2013-12-03,REG
PHX_EDM_2013-12-03,EDM,2013020417,home,2,1.0,0.0,7.0,0.0,1.0,2.0,0,2,2013-12-03,REG
LAK_ANA_2013-12-03,LAK,2013020418,away,3,2.0,0.0,11.0,0.0,4.0,0.0,1,2,2013-12-03,SO
LAK_ANA_2013-12-03,ANA,2013020418,home,2,2.0,0.0,1.0,3.0,1.0,0.0,0,2,2013-12-03,SO
MTL_NJD_2013-12-04,MTL,2013020419,away,4,0.0,0.0,2.0,1.0,0.0,0.0,1,2,2013-12-04,SO
MTL_NJD_2013-12-04,NJD,2013020419,home,3,2.0,0.0,1.0,0.0,2.0,0.0,0,2,2013-12-04,SO
PHI_DET_2013-12-04,PHI,2013020420,away,6,0.0,1.0,4.0,0.0,1.0,1.0,1,2,2013-12-04,REG
PHI_DET_2013-12-04,DET,2013020420,home,3,4.0,0.0,2.0,2.0,2.0,0.0,0,2,2013-12-04,REG
PHX_CGY_2013-12-04,PHX,2013020421,away,1,5.0,0.0,8.0,0.0,1.0,0.0,0,2,2013-12-04,REG
PHX_CGY_2013-12-04,CGY,2013020421,home,4,1.0,0.0,3.0,5.0,2.0,0.0,1,2,2013-12-04,REG
SJS_PIT_2013-12-05,SJS,2013020424,away,1,2.0,0.0,5.0,2.0,0.0,0.0,0,2,2013-12-05,REG
SJS_PIT_2013-12-05,PIT,2013020424,home,5,4.0,0.0,3.0,1.0,1.0,2.0,1,2,2013-12-05,REG
NYR_BUF_2013-12-05,NYR,2013020422,away,3,2.0,0.0,3.0,3.0,0.0,1.0,1,2,2013-12-05,REG
NYR_BUF_2013-12-05,BUF,2013020422,home,1,5.0,0.0,2.0,1.0,1.0,1.0,0,2,2013-12-05,REG
DAL_TOR_2013-12-05,DAL,2013020423,away,2,6.0,1.0,2.0,2.0,0.0,0.0,0,2,2013-12-05,OT
DAL_TOR_2013-12-05,TOR,2013020423,home,3,6.0,0.0,0.0,5.0,2.0,1.0,1,2,2013-12-05,OT
WPG_FLA_2013-12-05,WPG,2013020427,away,2,5.0,0.0,8.0,1.0,0.0,0.0,0,2,2013-12-05,REG
WPG_FLA_2013-12-05,FLA,2013020427,home,5,4.0,0.0,4.0,3.0,0.0,1.0,1,2,2013-12-05,REG
OTT_TBL_2013-12-05,OTT,2013020426,away,1,4.0,0.0,3.0,2.0,0.0,0.0,0,2,2013-12-05,REG
OTT_TBL_2013-12-05,TBL,2013020426,home,3,1.0,0.0,2.0,1.0,2.0,0.0,1,2,2013-12-05,REG
BOS_MTL_2013-12-05,BOS,2013020425,away,1,7.0,0.0,1.0,4.0,1.0,1.0,0,2,2013-12-05,REG
BOS_MTL_2013-12-05,MTL,2013020425,home,2,5.0,0.0,3.0,5.0,1.0,0.0,1,2,2013-12-05,REG
NYI_STL_2013-12-05,NYI,2013020428,away,1,2.0,0.0,3.0,2.0,1.0,0.0,0,2,2013-12-05,REG
NYI_STL_2013-12-05,STL,2013020428,home,5,4.0,0.0,1.0,1.0,0.0,0.0,1,2,2013-12-05,REG
CHI_MIN_2013-12-05,CHI,2013020430,away,3,0.0,0.0,6.0,0.0,2.0,1.0,0,2,2013-12-05,REG
CHI_MIN_2013-12-05,MIN,2013020430,home,4,0.0,0.0,4.0,3.0,0.0,1.0,1,2,2013-12-05,REG
CAR_NSH_2013-12-05,CAR,2013020429,away,5,0.0,0.0,3.0,0.0,3.0,1.0,1,2,2013-12-05,REG
CAR_NSH_2013-12-05,NSH,2013020429,home,2,1.0,0.0,2.0,3.0,3.0,0.0,0,2,2013-12-05,REG
COL_EDM_2013-12-05,COL,2013020431,away,2,1.0,0.0,2.0,1.0,1.0,0.0,0,2,2013-12-05,REG
COL_EDM_2013-12-05,EDM,2013020431,home,8,4.0,2.0,8.0,4.0,6.0,1.0,1,2,2013-12-05,REG
DET_NJD_2013-12-06,DET,2013020432,away,3,0.0,0.0,5.0,1.0,1.0,0.0,1,2,2013-12-06,REG
DET_NJD_2013-12-06,NJD,2013020432,home,1,2.0,0.0,3.0,1.0,5.0,0.0,0,2,2013-12-06,REG
SJS_CAR_2013-12-06,SJS,2013020433,away,3,1.0,0.0,2.0,3.0,2.0,0.0,0,2,2013-12-06,REG
SJS_CAR_2013-12-06,CAR,2013020433,home,5,1.0,0.0,2.0,0.0,1.0,0.0,1,2,2013-12-06,REG
MIN_CBJ_2013-12-06,MIN,2013020434,away,0,2.0,0.0,0.0,2.0,0.0,1.0,0,2,2013-12-06,REG
MIN_CBJ_2013-12-06,CBJ,2013020434,home,4,1.0,0.0,1.0,0.0,0.0,0.0,1,2,2013-12-06,REG
ANA_CHI_2013-12-06,ANA,2013020435,away,3,0.0,0.0,0.0,5.0,1.0,2.0,1,2,2013-12-06,SO
ANA_CHI_2013-12-06,CHI,2013020435,home,2,3.0,0.0,3.0,4.0,0.0,1.0,0,2,2013-12-06,SO
COL_CGY_2013-12-06,COL,2013020436,away,3,3.0,0.0,2.0,2.0,1.0,1.0,1,2,2013-12-06,REG
COL_CGY_2013-12-06,CGY,2013020436,home,2,3.0,0.0,2.0,5.0,2.0,0.0,0,2,2013-12-06,REG
PHX_VAN_2013-12-06,PHX,2013020437,away,2,3.0,0.0,6.0,1.0,1.0,0.0,0,2,2013-12-06,OT
PHX_VAN_2013-12-06,VAN,2013020437,home,3,3.0,0.0,1.0,0.0,0.0,5.0,1,2,2013-12-06,OT
PHI_DAL_2013-12-07,PHI,2013020446,away,1,1.0,0.0,3.0,2.0,0.0,0.0,0,2,2013-12-07,REG
PHI_DAL_2013-12-07,DAL,2013020446,home,5,0.0,0.0,2.0,1.0,4.0,0.0,1,2,2013-12-07,REG
NSH_WSH_2013-12-07,NSH,2013020443,away,2,2.0,0.0,3.0,0.0,1.0,0.0,0,2,2013-12-07,REG
NSH_WSH_2013-12-07,WSH,2013020443,home,5,1.0,1.0,5.0,4.0,2.0,1.0,1,2,2013-12-07,REG
PIT_BOS_2013-12-07,PIT,2013020438,away,2,5.0,0.0,6.0,4.0,1.0,0.0,0,2,2013-12-07,REG
PIT_BOS_2013-12-07,BOS,2013020438,home,3,1.0,0.0,3.0,0.0,0.0,2.0,1,2,2013-12-07,REG
FLA_DET_2013-12-07,FLA,2013020441,away,2,0.0,0.0,2.0,0.0,0.0,0.0,1,2,2013-12-07,REG
FLA_DET_2013-12-07,DET,2013020441,home,1,8.0,0.0,4.0,1.0,5.0,2.0,0,2,2013-12-07,REG
WPG_TBL_2013-12-07,WPG,2013020442,away,2,5.0,0.0,5.0,6.0,0.0,1.0,1,2,2013-12-07,OT
WPG_TBL_2013-12-07,TBL,2013020442,home,1,4.0,0.0,4.0,1.0,1.0,0.0,0,2,2013-12-07,OT
TOR_OTT_2013-12-07,TOR,2013020440,away,4,4.0,0.0,1.0,4.0,0.0,1.0,1,2,2013-12-07,SO
TOR_OTT_2013-12-07,OTT,2013020440,home,3,6.0,0.0,8.0,3.0,0.0,1.0,0,2,2013-12-07,SO
BUF_MTL_2013-12-07,BUF,2013020439,away,2,7.0,0.0,1.0,1.0,2.0,0.0,0,2,2013-12-07,REG
BUF_MTL_2013-12-07,MTL,2013020439,home,3,5.0,0.0,3.0,2.0,1.0,0.0,1,2,2013-12-07,REG
NJD_NYR_2013-12-07,NJD,2013020444,away,4,5.0,0.0,2.0,6.0,0.0,2.0,1,2,2013-12-07,OT
NJD_NYR_2013-12-07,NYR,2013020444,home,3,4.0,0.0,5.0,3.0,0.0,1.0,0,2,2013-12-07,OT
ANA_STL_2013-12-07,ANA,2013020445,away,5,0.0,0.0,2.0,3.0,0.0,0.0,1,2,2013-12-07,REG
ANA_STL_2013-12-07,STL,2013020445,home,2,4.0,0.0,2.0,0.0,0.0,1.0,0,2,2013-12-07,REG
CGY_EDM_2013-12-07,CGY,2013020447,away,2,3.0,0.0,1.0,4.0,0.0,0.0,1,2,2013-12-07,OT
CGY_EDM_2013-12-07,EDM,2013020447,home,1,2.0,0.0,7.0,0.0,2.0,3.0,0,2,2013-12-07,OT
NYI_LAK_2013-12-07,NYI,2013020448,away,0,3.0,0.0,2.0,2.0,2.0,1.0,0,2,2013-12-07,REG
NYI_LAK_2013-12-07,LAK,2013020448,home,3,4.0,0.0,2.0,2.0,4.0,0.0,1,2,2013-12-07,REG
SJS_MIN_2013-12-08,SJS,2013020449,away,1,0.0,0.0,4.0,1.0,1.0,0.0,0,2,2013-12-08,REG
SJS_MIN_2013-12-08,MIN,2013020449,home,3,5.0,0.0,1.0,1.0,0.0,1.0,1,2,2013-12-08,REG
BOS_TOR_2013-12-08,BOS,2013020450,away,5,1.0,0.0,0.0,0.0,1.0,1.0,1,2,2013-12-08,REG
BOS_TOR_2013-12-08,TOR,2013020450,home,2,4.0,0.0,7.0,1.0,1.0,0.0,0,2,2013-12-08,REG
WSH_NYR_2013-12-08,WSH,2013020451,away,4,3.0,0.0,5.0,4.0,0.0,0.0,1,2,2013-12-08,REG
WSH_NYR_2013-12-08,NYR,2013020451,home,1,2.0,0.0,2.0,0.0,3.0,0.0,0,2,2013-12-08,REG
FLA_CHI_2013-12-08,FLA,2013020452,away,2,1.0,0.0,4.0,1.0,0.0,1.0,0,2,2013-12-08,REG
FLA_CHI_2013-12-08,CHI,2013020452,home,6,0.0,1.0,6.0,3.0,1.0,2.0,1,2,2013-12-08,REG
COL_VAN_2013-12-08,COL,2013020453,away,1,1.0,0.0,2.0,3.0,1.0,2.0,0,2,2013-12-08,REG
COL_VAN_2013-12-08,VAN,2013020453,home,3,1.0,0.0,3.0,1.0,2.0,1.0,1,2,2013-12-08,REG
PHI_OTT_2013-12-09,PHI,2013020454,away,4,2.0,0.0,3.0,1.0,2.0,2.0,0,2,2013-12-09,SO
PHI_OTT_2013-12-09,OTT,2013020454,home,5,5.0,0.0,7.0,2.0,0.0,3.0,1,2,2013-12-09,SO
CBJ_PIT_2013-12-09,CBJ,2013020455,away,1,5.0,0.0,7.0,4.0,1.0,2.0,0,2,2013-12-09,REG
CBJ_PIT_2013-12-09,PIT,2013020455,home,2,5.0,0.0,6.0,2.0,1.0,0.0,1,2,2013-12-09,REG
CAR_VAN_2013-12-09,CAR,2013020456,away,0,0.0,0.0,6.0,1.0,1.0,1.0,0,2,2013-12-09,REG
CAR_VAN_2013-12-09,VAN,2013020456,home,2,2.0,0.0,5.0,3.0,1.0,0.0,1,2,2013-12-09,REG
NYI_ANA_2013-12-09,NYI,2013020457,away,2,4.0,0.0,2.0,2.0,0.0,1.0,0,2,2013-12-09,REG
NYI_ANA_2013-12-09,ANA,2013020457,home,5,2.0,0.0,6.0,2.0,0.0,3.0,1,2,2013-12-09,REG
LAK_MTL_2013-12-10,LAK,2013020461,away,6,2.0,1.0,8.0,2.0,0.0,1.0,1,2,2013-12-10,REG
LAK_MTL_2013-12-10,MTL,2013020461,home,0,2.0,0.0,0.0,2.0,1.0,0.0,0,2,2013-12-10,REG
OTT_BUF_2013-12-10,OTT,2013020458,away,1,7.0,0.0,2.0,2.0,0.0,0.0,0,2,2013-12-10,SO
OTT_BUF_2013-12-10,BUF,2013020458,home,2,1.0,0.0,0.0,3.0,0.0,2.0,1,2,2013-12-10,SO
NJD_CBJ_2013-12-10,NJD,2013020460,away,4,4.0,0.0,3.0,0.0,0.0,1.0,0,2,2013-12-10,REG
NJD_CBJ_2013-12-10,CBJ,2013020460,home,5,6.0,0.0,3.0,2.0,0.0,1.0,1,2,2013-12-10,REG
TBL_WSH_2013-12-10,TBL,2013020459,away,5,1.0,0.0,5.0,1.0,1.0,0.0,0,2,2013-12-10,SO
TBL_WSH_2013-12-10,WSH,2013020459,home,6,3.0,2.0,9.0,2.0,1.0,0.0,1,2,2013-12-10,SO
DET_FLA_2013-12-10,DET,2013020462,away,2,5.0,0.0,1.0,2.0,0.0,0.0,0,2,2013-12-10,SO
DET_FLA_2013-12-10,FLA,2013020462,home,3,3.0,0.0,3.0,3.0,0.0,3.0,1,2,2013-12-10,SO
NSH_NYR_2013-12-10,NSH,2013020463,away,4,2.0,0.0,3.0,0.0,0.0,0.0,1,2,2013-12-10,REG
NSH_NYR_2013-12-10,NYR,2013020463,home,1,3.0,0.0,4.0,5.0,0.0,0.0,0,2,2013-12-10,REG
STL_WPG_2013-12-10,STL,2013020464,away,2,1.0,0.0,3.0,3.0,0.0,1.0,1,2,2013-12-10,REG
STL_WPG_2013-12-10,WPG,2013020464,home,1,4.0,0.0,3.0,3.0,0.0,0.0,0,2,2013-12-10,REG
CHI_DAL_2013-12-10,CHI,2013020465,away,6,0.0,1.0,8.0,0.0,0.0,0.0,1,2,2013-12-10,REG
CHI_DAL_2013-12-10,DAL,2013020465,home,2,1.0,0.0,0.0,2.0,4.0,0.0,0,2,2013-12-10,REG
PHX_COL_2013-12-10,PHX,2013020466,away,3,5.0,0.0,6.0,1.0,0.0,1.0,1,2,2013-12-10,REG
PHX_COL_2013-12-10,COL,2013020466,home,1,2.0,0.0,2.0,2.0,2.0,0.0,0,2,2013-12-10,REG
CAR_EDM_2013-12-10,CAR,2013020468,away,4,1.0,0.0,2.0,2.0,0.0,2.0,0,2,2013-12-10,OT
CAR_EDM_2013-12-10,EDM,2013020468,home,5,1.0,0.0,2.0,5.0,2.0,2.0,1,2,2013-12-10,OT
BOS_CGY_2013-12-10,BOS,2013020467,away,2,3.0,0.0,5.0,1.0,1.0,2.0,1,2,2013-12-10,REG
BOS_CGY_2013-12-10,CGY,2013020467,home,1,5.0,0.0,0.0,0.0,0.0,3.0,0,2,2013-12-10,REG
NYI_SJS_2013-12-10,NYI,2013020469,away,3,1.0,0.0,4.0,5.0,2.0,0.0,1,2,2013-12-10,SO
NYI_SJS_2013-12-10,SJS,2013020469,home,2,2.0,0.0,5.0,5.0,2.0,0.0,0,2,2013-12-10,SO
LAK_TOR_2013-12-11,LAK,2013020470,away,3,7.0,0.0,1.0,4.0,2.0,0.0,1,2,2013-12-11,REG
LAK_TOR_2013-12-11,TOR,2013020470,home,1,3.0,0.0,1.0,2.0,1.0,0.0,0,2,2013-12-11,REG
PHI_CHI_2013-12-11,PHI,2013020471,away,2,5.0,1.0,3.0,1.0,0.0,0.0,0,2,2013-12-11,REG
PHI_CHI_2013-12-11,CHI,2013020471,home,7,1.0,2.0,7.0,1.0,0.0,3.0,1,2,2013-12-11,REG
MIN_ANA_2013-12-11,MIN,2013020472,away,1,3.0,0.0,2.0,1.0,1.0,0.0,0,2,2013-12-11,REG
MIN_ANA_2013-12-11,ANA,2013020472,home,2,0.0,0.0,2.0,2.0,2.0,0.0,1,2,2013-12-11,REG
CBJ_NYR_2013-12-12,CBJ,2013020473,away,4,1.0,0.0,3.0,0.0,0.0,1.0,1,2,2013-12-12,REG
CBJ_NYR_2013-12-12,NYR,2013020473,home,2,3.0,0.0,2.0,0.0,0.0,0.0,0,2,2013-12-12,REG
MTL_PHI_2013-12-12,MTL,2013020474,away,1,9.0,0.0,0.0,6.0,1.0,0.0,0,2,2013-12-12,REG
MTL_PHI_2013-12-12,PHI,2013020474,home,2,1.0,0.0,3.0,0.0,4.0,2.0,1,2,2013-12-12,REG
BUF_OTT_2013-12-12,BUF,2013020475,away,1,1.0,0.0,3.0,1.0,0.0,0.0,0,2,2013-12-12,REG
BUF_OTT_2013-12-12,OTT,2013020475,home,2,6.0,0.0,3.0,2.0,0.0,1.0,1,2,2013-12-12,REG
DET_TBL_2013-12-12,DET,2013020476,away,1,5.0,0.0,1.0,0.0,1.0,1.0,0,2,2013-12-12,SO
DET_TBL_2013-12-12,TBL,2013020476,home,2,2.0,0.0,1.0,4.0,2.0,0.0,1,2,2013-12-12,SO
DAL_NSH_2013-12-12,DAL,2013020478,away,1,4.0,0.0,2.0,1.0,0.0,2.0,0,2,2013-12-12,REG
DAL_NSH_2013-12-12,NSH,2013020478,home,3,1.0,0.0,1.0,0.0,2.0,2.0,1,2,2013-12-12,REG
COL_WPG_2013-12-12,COL,2013020479,away,4,5.0,0.0,3.0,2.0,2.0,0.0,1,2,2013-12-12,SO
COL_WPG_2013-12-12,WPG,2013020479,home,3,6.0,0.0,5.0,2.0,1.0,0.0,0,2,2013-12-12,SO
TOR_STL_2013-12-12,TOR,2013020477,away,3,4.0,0.0,1.0,3.0,0.0,1.0,0,2,2013-12-12,REG
TOR_STL_2013-12-12,STL,2013020477,home,6,5.0,0.0,4.0,3.0,0.0,1.0,1,2,2013-12-12,REG
CAR_CGY_2013-12-12,CAR,2013020480,away,1,5.0,0.0,3.0,1.0,1.0,3.0,0,2,2013-12-12,OT
CAR_CGY_2013-12-12,CGY,2013020480,home,2,3.0,0.0,2.0,5.0,3.0,2.0,1,2,2013-12-12,OT
NYI_PHX_2013-12-12,NYI,2013020481,away,3,2.0,0.0,1.0,1.0,0.0,0.0,0,2,2013-12-12,REG
NYI_PHX_2013-12-12,PHX,2013020481,home,6,1.0,1.0,7.0,1.0,0.0,1.0,1,2,2013-12-12,REG
BOS_EDM_2013-12-12,BOS,2013020482,away,4,1.0,0.0,5.0,4.0,1.0,1.0,1,2,2013-12-12,REG
BOS_EDM_2013-12-12,EDM,2013020482,home,2,1.0,0.0,8.0,1.0,5.0,0.0,0,2,2013-12-12,REG
MIN_SJS_2013-12-12,MIN,2013020483,away,1,5.0,0.0,0.0,0.0,2.0,1.0,0,2,2013-12-12,REG
MIN_SJS_2013-12-12,SJS,2013020483,home,3,1.0,2.0,4.0,1.0,1.0,4.0,1,2,2013-12-12,REG
NJD_PIT_2013-12-13,NJD,2013020484,away,2,4.0,0.0,2.0,0.0,0.0,0.0,0,2,2013-12-13,REG
NJD_PIT_2013-12-13,PIT,2013020484,home,3,5.0,0.0,3.0,5.0,1.0,0.0,1,2,2013-12-13,REG
WSH_FLA_2013-12-13,WSH,2013020485,away,2,4.0,0.0,3.0,4.0,0.0,0.0,0,2,2013-12-13,SO
WSH_FLA_2013-12-13,FLA,2013020485,home,3,1.0,0.0,7.0,3.0,0.0,4.0,1,2,2013-12-13,SO
EDM_VAN_2013-12-13,EDM,2013020486,away,0,2.0,0.0,0.0,2.0,1.0,2.0,0,2,2013-12-13,REG
EDM_VAN_2013-12-13,VAN,2013020486,home,4,0.0,0.0,7.0,0.0,2.0,3.0,1,2,2013-12-13,REG
LAK_OTT_2013-12-14,LAK,2013020488,away,5,5.0,0.0,3.0,2.0,0.0,1.0,1,2,2013-12-14,REG
LAK_OTT_2013-12-14,OTT,2013020488,home,2,3.0,0.0,4.0,1.0,1.0,0.0,0,2,2013-12-14,REG
CGY_BUF_2013-12-14,CGY,2013020487,away,2,6.0,0.0,2.0,2.0,0.0,0.0,1,2,2013-12-14,OT
CGY_BUF_2013-12-14,BUF,2013020487,home,1,0.0,0.0,1.0,2.0,1.0,1.0,0,2,2013-12-14,OT
DAL_WPG_2013-12-14,DAL,2013020489,away,6,2.0,0.0,2.0,3.0,2.0,0.0,1,2,2013-12-14,REG
DAL_WPG_2013-12-14,WPG,2013020489,home,4,5.0,0.0,5.0,2.0,2.0,1.0,0,2,2013-12-14,REG
STL_CBJ_2013-12-14,STL,2013020494,away,4,1.0,0.0,4.0,2.0,0.0,0.0,1,2,2013-12-14,OT
STL_CBJ_2013-12-14,CBJ,2013020494,home,3,4.0,0.0,5.0,2.0,1.0,0.0,0,2,2013-12-14,OT
TBL_NJD_2013-12-14,TBL,2013020492,away,0,1.0,0.0,2.0,2.0,1.0,1.0,0,2,2013-12-14,REG
TBL_NJD_2013-12-14,NJD,2013020492,home,3,2.0,0.0,3.0,2.0,2.0,0.0,1,2,2013-12-14,REG
PIT_DET_2013-12-14,PIT,2013020491,away,4,1.0,0.0,5.0,4.0,2.0,2.0,1,2,2013-12-14,REG
PIT_DET_2013-12-14,DET,2013020491,home,1,4.0,0.0,2.0,2.0,0.0,1.0,0,2,2013-12-14,REG
CHI_TOR_2013-12-14,CHI,2013020490,away,3,5.0,0.0,2.0,3.0,1.0,0.0,0,2,2013-12-14,REG
CHI_TOR_2013-12-14,TOR,2013020490,home,7,7.0,0.0,1.0,1.0,0.0,3.0,1,2,2013-12-14,REG
MTL_NYI_2013-12-14,MTL,2013020493,away,1,3.0,0.0,1.0,4.0,0.0,0.0,1,2,2013-12-14,OT
MTL_NYI_2013-12-14,NYI,2013020493,home,0,0.0,0.0,0.0,1.0,0.0,1.0,0,2,2013-12-14,OT
CAR_PHX_2013-12-14,CAR,2013020496,away,3,4.0,0.0,7.0,3.0,0.0,1.0,1,2,2013-12-14,REG
CAR_PHX_2013-12-14,PHX,2013020496,home,1,9.0,0.0,6.0,2.0,0.0,2.0,0,2,2013-12-14,REG
SJS_NSH_2013-12-14,SJS,2013020495,away,2,0.0,0.0,5.0,1.0,1.0,0.0,0,2,2013-12-14,REG
SJS_NSH_2013-12-14,NSH,2013020495,home,3,1.0,0.0,1.0,0.0,0.0,1.0,1,2,2013-12-14,REG
MIN_COL_2013-12-14,MIN,2013020497,away,2,7.0,0.0,5.0,1.0,1.0,0.0,1,2,2013-12-14,SO
MIN_COL_2013-12-14,COL,2013020497,home,1,3.0,0.0,2.0,0.0,1.0,1.0,0,2,2013-12-14,SO
BOS_VAN_2013-12-14,BOS,2013020498,away,2,5.0,0.0,7.0,6.0,0.0,0.0,0,2,2013-12-14,REG
BOS_VAN_2013-12-14,VAN,2013020498,home,6,1.0,0.0,7.0,3.0,2.0,1.0,1,2,2013-12-14,REG
PHI_WSH_2013-12-15,PHI,2013020499,away,4,5.0,0.0,4.0,0.0,3.0,0.0,0,2,2013-12-15,SO
PHI_WSH_2013-12-15,WSH,2013020499,home,5,6.0,0.0,6.0,3.0,1.0,0.0,1,2,2013-12-15,SO
TBL_DET_2013-12-15,TBL,2013020500,away,3,5.0,0.0,5.0,1.0,2.0,0.0,1,2,2013-12-15,REG
TBL_DET_2013-12-15,DET,2013020500,home,0,2.0,0.0,5.0,1.0,0.0,0.0,0,2,2013-12-15,REG
FLA_MTL_2013-12-15,FLA,2013020501,away,2,4.0,0.0,1.0,2.0,1.0,0.0,1,2,2013-12-15,REG
FLA_MTL_2013-12-15,MTL,2013020501,home,1,8.0,0.0,0.0,3.0,1.0,0.0,0,2,2013-12-15,REG
LAK_CHI_2013-12-15,LAK,2013020503,away,1,2.0,0.0,2.0,0.0,0.0,0.0,0,2,2013-12-15,REG
LAK_CHI_2013-12-15,CHI,2013020503,home,3,0.0,1.0,6.0,2.0,1.0,1.0,1,2,2013-12-15,REG
CGY_NYR_2013-12-15,CGY,2013020502,away,3,6.0,0.0,0.0,2.0,1.0,0.0,0,2,2013-12-15,SO
CGY_NYR_2013-12-15,NYR,2013020502,home,4,2.0,0.0,5.0,1.0,2.0,0.0,1,2,2013-12-15,SO
EDM_ANA_2013-12-15,EDM,2013020504,away,2,6.0,0.0,5.0,3.0,1.0,0.0,0,2,2013-12-15,REG
EDM_ANA_2013-12-15,ANA,2013020504,home,3,0.0,0.0,4.0,0.0,0.0,1.0,1,2,2013-12-15,REG
WPG_CBJ_2013-12-16,WPG,2013020506,away,3,1.0,0.0,8.0,4.0,0.0,2.0,1,2,2013-12-16,REG
WPG_CBJ_2013-12-16,CBJ,2013020506,home,2,5.0,0.0,2.0,0.0,1.0,0.0,0,2,2013-12-16,REG
TOR_PIT_2013-12-16,TOR,2013020505,away,1,3.0,0.0,2.0,1.0,0.0,0.0,0,2,2013-12-16,REG
TOR_PIT_2013-12-16,PIT,2013020505,home,3,8.0,0.0,6.0,0.0,1.0,1.0,1,2,2013-12-16,REG
STL_OTT_2013-12-16,STL,2013020507,away,2,4.0,0.0,3.0,1.0,2.0,0.0,0,2,2013-12-16,OT
STL_OTT_2013-12-16,OTT,2013020507,home,3,8.0,0.0,6.0,3.0,2.0,1.0,1,2,2013-12-16,OT
DAL_COL_2013-12-16,DAL,2013020508,away,2,2.0,0.0,1.0,1.0,0.0,2.0,0,2,2013-12-16,REG
DAL_COL_2013-12-16,COL,2013020508,home,6,3.0,0.0,3.0,1.0,0.0,1.0,1,2,2013-12-16,REG
CGY_BOS_2013-12-17,CGY,2013020509,away,0,4.0,0.0,1.0,4.0,0.0,0.0,0,2,2013-12-17,REG
CGY_BOS_2013-12-17,BOS,2013020509,home,2,2.0,2.0,6.0,0.0,2.0,2.0,1,2,2013-12-17,REG
FLA_TOR_2013-12-17,FLA,2013020511,away,3,5.0,0.0,0.0,2.0,2.0,0.0,1,2,2013-12-17,REG
FLA_TOR_2013-12-17,TOR,2013020511,home,1,11.0,0.0,3.0,2.0,3.0,2.0,0,2,2013-12-17,REG
WPG_BUF_2013-12-17,WPG,2013020510,away,2,4.0,0.0,7.0,0.0,0.0,1.0,0,2,2013-12-17,REG
WPG_BUF_2013-12-17,BUF,2013020510,home,4,3.0,0.0,6.0,0.0,0.0,0.0,1,2,2013-12-17,REG
TBL_NYI_2013-12-17,TBL,2013020512,away,3,3.0,0.0,6.0,1.0,0.0,0.0,1,2,2013-12-17,SO
TBL_NYI_2013-12-17,NYI,2013020512,home,2,2.0,0.0,5.0,2.0,1.0,4.0,0,2,2013-12-17,SO
WSH_PHI_2013-12-17,WSH,2013020515,away,2,3.0,1.0,5.0,2.0,0.0,1.0,0,2,2013-12-17,REG
WSH_PHI_2013-12-17,PHI,2013020515,home,5,2.0,0.0,2.0,2.0,3.0,0.0,1,2,2013-12-17,REG
ANA_DET_2013-12-17,ANA,2013020514,away,5,2.0,0.0,4.0,0.0,0.0,2.0,1,2,2013-12-17,REG
ANA_DET_2013-12-17,DET,2013020514,home,2,1.0,0.0,3.0,1.0,1.0,1.0,0,2,2013-12-17,REG
PHX_MTL_2013-12-17,PHX,2013020513,away,1,2.0,0.0,1.0,2.0,2.0,0.0,0,2,2013-12-17,REG
PHX_MTL_2013-12-17,MTL,2013020513,home,3,4.0,0.0,0.0,5.0,1.0,0.0,1,2,2013-12-17,REG
SJS_STL_2013-12-17,SJS,2013020516,away,4,0.0,0.0,3.0,2.0,1.0,2.0,1,2,2013-12-17,REG
SJS_STL_2013-12-17,STL,2013020516,home,2,4.0,0.0,1.0,0.0,0.0,1.0,0,2,2013-12-17,REG
CHI_NSH_2013-12-17,CHI,2013020517,away,3,0.0,0.0,8.0,3.0,0.0,1.0,1,2,2013-12-17,REG
CHI_NSH_2013-12-17,NSH,2013020517,home,1,1.0,0.0,3.0,0.0,1.0,1.0,0,2,2013-12-17,REG
VAN_MIN_2013-12-17,VAN,2013020518,away,2,3.0,0.0,8.0,3.0,0.0,1.0,0,2,2013-12-17,SO
VAN_MIN_2013-12-17,MIN,2013020518,home,3,0.0,0.0,4.0,0.0,0.0,0.0,1,2,2013-12-17,SO
COL_DAL_2013-12-17,COL,2013020519,away,2,3.0,0.0,2.0,2.0,0.0,0.0,0,2,2013-12-17,REG
COL_DAL_2013-12-17,DAL,2013020519,home,3,6.0,0.0,1.0,3.0,0.0,2.0,1,2,2013-12-17,REG
EDM_LAK_2013-12-17,EDM,2013020520,away,0,5.0,0.0,7.0,0.0,3.0,0.0,0,2,2013-12-17,REG
EDM_LAK_2013-12-17,LAK,2013020520,home,3,2.0,0.0,8.0,1.0,3.0,0.0,1,2,2013-12-17,REG
OTT_NJD_2013-12-18,OTT,2013020521,away,2,4.0,0.0,3.0,1.0,1.0,1.0,0,2,2013-12-18,REG
OTT_NJD_2013-12-18,NJD,2013020521,home,5,3.0,0.0,2.0,1.0,1.0,1.0,1,2,2013-12-18,REG
PIT_NYR_2013-12-18,PIT,2013020522,away,4,6.0,0.0,8.0,1.0,1.0,0.0,1,2,2013-12-18,SO
PIT_NYR_2013-12-18,NYR,2013020522,home,3,10.0,0.0,4.0,1.0,1.0,1.0,0,2,2013-12-18,SO
CBJ_PHI_2013-12-19,CBJ,2013020525,away,4,3.0,0.0,4.0,5.0,1.0,0.0,0,2,2013-12-19,REG
CBJ_PHI_2013-12-19,PHI,2013020525,home,5,1.0,0.0,5.0,1.0,1.0,2.0,1,2,2013-12-19,REG
BOS_BUF_2013-12-19,BOS,2013020523,away,2,1.0,0.0,6.0,0.0,1.0,0.0,0,2,2013-12-19,REG
BOS_BUF_2013-12-19,BUF,2013020523,home,4,4.0,0.0,2.0,2.0,1.0,0.0,1,2,2013-12-19,REG
MIN_PIT_2013-12-19,MIN,2013020526,away,2,5.0,0.0,3.0,2.0,1.0,0.0,0,2,2013-12-19,REG
MIN_PIT_2013-12-19,PIT,2013020526,home,5,0.0,1.0,7.0,1.0,0.0,0.0,1,2,2013-12-19,REG
PHX_TOR_2013-12-19,PHX,2013020524,away,1,2.0,0.0,6.0,0.0,2.0,1.0,0,2,2013-12-19,SO
PHX_TOR_2013-12-19,TOR,2013020524,home,2,11.0,0.0,1.0,1.0,1.0,1.0,1,2,2013-12-19,SO
NSH_TBL_2013-12-19,NSH,2013020529,away,2,2.0,0.0,0.0,0.0,0.0,0.0,0,2,2013-12-19,REG
NSH_TBL_2013-12-19,TBL,2013020529,home,4,2.0,0.0,2.0,1.0,1.0,0.0,1,2,2013-12-19,REG
FLA_OTT_2013-12-19,FLA,2013020527,away,4,3.0,0.0,3.0,0.0,2.0,2.0,1,2,2013-12-19,REG
FLA_OTT_2013-12-19,OTT,2013020527,home,2,4.0,0.0,3.0,6.0,0.0,0.0,0,2,2013-12-19,REG
CGY_DET_2013-12-19,CGY,2013020528,away,2,3.0,0.0,2.0,1.0,0.0,0.0,0,2,2013-12-19,OT
CGY_DET_2013-12-19,DET,2013020528,home,3,3.0,1.0,6.0,0.0,3.0,0.0,1,2,2013-12-19,OT
MTL_STL_2013-12-19,MTL,2013020530,away,1,7.0,0.0,0.0,3.0,0.0,0.0,0,2,2013-12-19,REG
MTL_STL_2013-12-19,STL,2013020530,home,5,1.0,0.0,2.0,5.0,3.0,5.0,1,2,2013-12-19,REG
VAN_DAL_2013-12-19,VAN,2013020531,away,1,4.0,0.0,6.0,1.0,0.0,0.0,0,2,2013-12-19,REG
VAN_DAL_2013-12-19,DAL,2013020531,home,4,4.0,0.0,2.0,0.0,0.0,0.0,1,2,2013-12-19,REG
EDM_COL_2013-12-19,EDM,2013020532,away,2,1.0,0.0,3.0,2.0,0.0,3.0,0,2,2013-12-19,REG
EDM_COL_2013-12-19,COL,2013020532,home,4,2.0,1.0,7.0,1.0,0.0,2.0,1,2,2013-12-19,REG
SJS_LAK_2013-12-19,SJS,2013020533,away,1,5.0,0.0,1.0,1.0,0.0,0.0,0,2,2013-12-19,REG
SJS_LAK_2013-12-19,LAK,2013020533,home,4,5.0,0.0,1.0,1.0,0.0,0.0,1,2,2013-12-19,REG
ANA_NJD_2013-12-20,ANA,2013020534,away,3,3.0,0.0,5.0,1.0,2.0,0.0,1,2,2013-12-20,OT
ANA_NJD_2013-12-20,NJD,2013020534,home,2,1.0,0.0,2.0,2.0,1.0,0.0,0,2,2013-12-20,OT
NYI_NYR_2013-12-20,NYI,2013020535,away,5,2.0,0.0,1.0,4.0,0.0,0.0,1,2,2013-12-20,REG
NYI_NYR_2013-12-20,NYR,2013020535,home,3,2.0,0.0,1.0,0.0,1.0,1.0,0,2,2013-12-20,REG
WSH_CAR_2013-12-20,WSH,2013020536,away,4,2.0,0.0,5.0,4.0,1.0,0.0,1,2,2013-12-20,REG
WSH_CAR_2013-12-20,CAR,2013020536,home,2,7.0,0.0,6.0,0.0,3.0,3.0,0,2,2013-12-20,REG
FLA_WPG_2013-12-20,FLA,2013020538,away,2,5.0,0.0,6.0,1.0,1.0,1.0,0,2,2013-12-20,REG
FLA_WPG_2013-12-20,WPG,2013020538,home,5,9.0,0.0,4.0,2.0,2.0,0.0,1,2,2013-12-20,REG
VAN_CHI_2013-12-20,VAN,2013020537,away,3,5.0,0.0,2.0,3.0,1.0,0.0,1,2,2013-12-20,SO
VAN_CHI_2013-12-20,CHI,2013020537,home,2,1.0,0.0,4.0,1.0,1.0,2.0,0,2,2013-12-20,SO
CGY_PIT_2013-12-21,CGY,2013020545,away,3,4.0,0.0,4.0,2.0,1.0,0.0,0,2,2013-12-21,REG
CGY_PIT_2013-12-21,PIT,2013020545,home,4,2.0,0.0,8.0,3.0,0.0,0.0,1,2,2013-12-21,REG
PHX_OTT_2013-12-21,PHX,2013020539,away,4,3.0,0.0,8.0,2.0,2.0,0.0,1,2,2013-12-21,OT
PHX_OTT_2013-12-21,OTT,2013020539,home,3,9.0,0.0,6.0,3.0,3.0,0.0,0,2,2013-12-21,OT
COL_LAK_2013-12-21,COL,2013020540,away,2,6.0,0.0,1.0,1.0,1.0,0.0,0,2,2013-12-21,SO
COL_LAK_2013-12-21,LAK,2013020540,home,3,4.0,0.0,3.0,2.0,3.0,0.0,1,2,2013-12-21,SO
MTL_NSH_2013-12-21,MTL,2013020548,away,4,3.0,0.0,0.0,2.0,2.0,0.0,1,2,2013-12-21,OT
MTL_NSH_2013-12-21,NSH,2013020548,home,3,1.0,0.0,3.0,2.0,0.0,0.0,0,2,2013-12-21,OT
BUF_BOS_2013-12-21,BUF,2013020541,away,1,4.0,0.0,1.0,3.0,0.0,1.0,0,2,2013-12-21,REG
BUF_BOS_2013-12-21,BOS,2013020541,home,4,4.0,0.0,2.0,2.0,1.0,1.0,1,2,2013-12-21,REG
PHI_CBJ_2013-12-21,PHI,2013020547,away,3,3.0,0.0,4.0,0.0,2.0,0.0,0,2,2013-12-21,REG
PHI_CBJ_2013-12-21,CBJ,2013020547,home,6,2.0,0.0,2.0,0.0,0.0,0.0,1,2,2013-12-21,REG
CAR_TBL_2013-12-21,CAR,2013020543,away,2,2.0,0.0,6.0,3.0,1.0,1.0,0,2,2013-12-21,OT
CAR_TBL_2013-12-21,TBL,2013020543,home,3,0.0,0.0,2.0,0.0,0.0,0.0,1,2,2013-12-21,OT
NJD_WSH_2013-12-21,NJD,2013020546,away,5,2.0,1.0,8.0,2.0,0.0,0.0,1,2,2013-12-21,OT
NJD_WSH_2013-12-21,WSH,2013020546,home,4,7.0,0.0,5.0,3.0,2.0,2.0,0,2,2013-12-21,OT
ANA_NYI_2013-12-21,ANA,2013020544,away,5,1.0,0.0,0.0,2.0,1.0,1.0,1,2,2013-12-21,REG
ANA_NYI_2013-12-21,NYI,2013020544,home,3,0.0,0.0,0.0,6.0,0.0,0.0,0,2,2013-12-21,REG
DET_TOR_2013-12-21,DET,2013020542,away,5,0.0,0.0,5.0,0.0,3.0,1.0,1,2,2013-12-21,SO
DET_TOR_2013-12-21,TOR,2013020542,home,4,5.0,0.0,3.0,1.0,1.0,1.0,0,2,2013-12-21,SO
STL_EDM_2013-12-21,STL,2013020549,away,6,3.0,0.0,6.0,4.0,1.0,3.0,1,2,2013-12-21,REG
STL_EDM_2013-12-21,EDM,2013020549,home,0,2.0,0.0,2.0,3.0,5.0,3.0,0,2,2013-12-21,REG
DAL_SJS_2013-12-21,DAL,2013020550,away,2,4.0,0.0,7.0,3.0,0.0,1.0,0,2,2013-12-21,SO
DAL_SJS_2013-12-21,SJS,2013020550,home,3,2.0,0.0,4.0,1.0,0.0,1.0,1,2,2013-12-21,SO
MIN_NYR_2013-12-22,MIN,2013020551,away,1,2.0,0.0,2.0,0.0,2.0,0.0,0,2,2013-12-22,REG
MIN_NYR_2013-12-22,NYR,2013020551,home,4,6.0,0.0,5.0,1.0,2.0,0.0,1,2,2013-12-22,REG
WPG_VAN_2013-12-22,WPG,2013020552,away,1,3.0,1.0,5.0,0.0,0.0,1.0,0,2,2013-12-22,REG
WPG_VAN_2013-12-22,VAN,2013020552,home,2,1.0,0.0,1.0,3.0,0.0,1.0,1,2,2013-12-22,REG
TOR_NYR_2013-12-23,TOR,2013020554,away,1,3.0,0.0,6.0,5.0,3.0,2.0,0,2,2013-12-23,SO
TOR_NYR_2013-12-23,NYR,2013020554,home,2,1.0,0.0,7.0,0.0,1.0,0.0,1,2,2013-12-23,SO
ANA_WSH_2013-12-23,ANA,2013020555,away,3,2.0,0.0,2.0,2.0,0.0,0.0,1,2,2013-12-23,REG
ANA_WSH_2013-12-23,WSH,2013020555,home,2,6.0,0.0,6.0,3.0,1.0,0.0,0,2,2013-12-23,REG
PHX_BUF_2013-12-23,PHX,2013020553,away,1,2.0,0.0,4.0,2.0,0.0,1.0,0,2,2013-12-23,OT
PHX_BUF_2013-12-23,BUF,2013020553,home,2,1.0,0.0,7.0,0.0,2.0,2.0,1,2,2013-12-23,OT
CBJ_CAR_2013-12-23,CBJ,2013020556,away,4,1.0,0.0,5.0,3.0,0.0,1.0,1,2,2013-12-23,REG
CBJ_CAR_2013-12-23,CAR,2013020556,home,3,5.0,0.0,4.0,3.0,1.0,2.0,0,2,2013-12-23,REG
MIN_PHI_2013-12-23,MIN,2013020560,away,1,3.0,0.0,1.0,1.0,1.0,1.0,0,2,2013-12-23,REG
MIN_PHI_2013-12-23,PHI,2013020560,home,4,4.0,0.0,2.0,0.0,1.0,1.0,1,2,2013-12-23,REG
NYI_DET_2013-12-23,NYI,2013020558,away,3,1.0,0.0,1.0,1.0,0.0,0.0,1,2,2013-12-23,REG
NYI_DET_2013-12-23,DET,2013020558,home,0,4.0,0.0,2.0,2.0,0.0,1.0,0,2,2013-12-23,REG
PIT_OTT_2013-12-23,PIT,2013020557,away,0,1.0,0.0,3.0,0.0,2.0,1.0,0,2,2013-12-23,REG
PIT_OTT_2013-12-23,OTT,2013020557,home,5,4.0,1.0,4.0,2.0,0.0,0.0,1,2,2013-12-23,REG
TBL_FLA_2013-12-23,TBL,2013020559,away,6,0.0,0.0,3.0,0.0,0.0,2.0,1,2,2013-12-23,REG
TBL_FLA_2013-12-23,FLA,2013020559,home,1,2.0,0.0,1.0,3.0,1.0,1.0,0,2,2013-12-23,REG
NJD_CHI_2013-12-23,NJD,2013020561,away,2,2.0,0.0,2.0,3.0,0.0,0.0,0,2,2013-12-23,REG
NJD_CHI_2013-12-23,CHI,2013020561,home,5,0.0,0.0,13.0,0.0,1.0,2.0,1,2,2013-12-23,REG
BOS_NSH_2013-12-23,BOS,2013020562,away,6,2.0,0.0,3.0,4.0,0.0,1.0,1,2,2013-12-23,REG
BOS_NSH_2013-12-23,NSH,2013020562,home,2,1.0,0.0,1.0,0.0,2.0,0.0,0,2,2013-12-23,REG
STL_CGY_2013-12-23,STL,2013020563,away,3,0.0,0.0,3.0,3.0,0.0,3.0,0,2,2013-12-23,SO
STL_CGY_2013-12-23,CGY,2013020563,home,4,3.0,0.0,0.0,4.0,0.0,2.0,1,2,2013-12-23,SO
WPG_EDM_2013-12-23,WPG,2013020564,away,2,5.0,0.0,5.0,2.0,3.0,2.0,0,2,2013-12-23,REG
WPG_EDM_2013-12-23,EDM,2013020564,home,6,2.0,1.0,9.0,1.0,2.0,2.0,1,2,2013-12-23,REG
DAL_LAK_2013-12-23,DAL,2013020565,away,5,3.0,0.0,2.0,2.0,1.0,0.0,1,2,2013-12-23,REG
DAL_LAK_2013-12-23,LAK,2013020565,home,2,7.0,0.0,4.0,1.0,1.0,1.0,0,2,2013-12-23,REG
COL_SJS_2013-12-23,COL,2013020566,away,4,2.0,0.0,1.0,2.0,3.0,0.0,0,2,2013-12-23,SO
COL_SJS_2013-12-23,SJS,2013020566,home,5,1.0,1.0,6.0,4.0,1.0,4.0,1,2,2013-12-23,SO
CBJ_NJD_2013-12-27,CBJ,2013020569,away,2,0.0,0.0,1.0,0.0,1.0,0.0,1,2,2013-12-27,SO
CBJ_NJD_2013-12-27,NJD,2013020569,home,1,1.0,0.0,3.0,0.0,1.0,0.0,0,2,2013-12-27,SO
OTT_BOS_2013-12-27,OTT,2013020567,away,0,3.0,0.0,4.0,3.0,2.0,1.0,0,2,2013-12-27,REG
OTT_BOS_2013-12-27,BOS,2013020567,home,5,3.0,0.0,3.0,2.0,3.0,0.0,1,2,2013-12-27,REG
PIT_CAR_2013-12-27,PIT,2013020571,away,4,4.0,0.0,2.0,1.0,0.0,1.0,1,2,2013-12-27,OT
PIT_CAR_2013-12-27,CAR,2013020571,home,3,4.0,0.0,7.0,1.0,0.0,4.0,0,2,2013-12-27,OT
NYR_WSH_2013-12-27,NYR,2013020570,away,2,2.0,0.0,4.0,3.0,0.0,0.0,0,2,2013-12-27,REG
NYR_WSH_2013-12-27,WSH,2013020570,home,3,6.0,0.0,7.0,1.0,3.0,1.0,1,2,2013-12-27,REG
BUF_TOR_2013-12-27,BUF,2013020568,away,3,2.0,1.0,7.0,4.0,0.0,0.0,0,2,2013-12-27,SO
BUF_TOR_2013-12-27,TOR,2013020568,home,4,1.0,0.0,7.0,2.0,0.0,0.0,1,2,2013-12-27,SO
MIN_WPG_2013-12-27,MIN,2013020573,away,4,1.0,0.0,7.0,2.0,0.0,0.0,0,2,2013-12-27,REG
MIN_WPG_2013-12-27,WPG,2013020573,home,6,3.0,0.0,8.0,1.0,0.0,0.0,1,2,2013-12-27,REG
COL_CHI_2013-12-27,COL,2013020572,away,2,6.0,0.0,0.0,0.0,0.0,0.0,0,2,2013-12-27,REG
COL_CHI_2013-12-27,CHI,2013020572,home,7,0.0,1.0,6.0,0.0,1.0,1.0,1,2,2013-12-27,REG
NSH_DAL_2013-12-27,NSH,2013020574,away,1,0.0,0.0,4.0,2.0,3.0,1.0,0,2,2013-12-27,REG
NSH_DAL_2013-12-27,DAL,2013020574,home,4,0.0,0.0,2.0,1.0,2.0,1.0,1,2,2013-12-27,REG
EDM_CGY_2013-12-27,EDM,2013020575,away,2,0.0,0.0,7.0,0.0,1.0,1.0,1,2,2013-12-27,REG
EDM_CGY_2013-12-27,CGY,2013020575,home,0,5.0,0.0,1.0,3.0,3.0,0.0,0,2,2013-12-27,REG
SJS_PHX_2013-12-27,SJS,2013020576,away,4,2.0,0.0,4.0,0.0,0.0,0.0,1,2,2013-12-27,SO
SJS_PHX_2013-12-27,PHX,2013020576,home,3,7.0,0.0,6.0,2.0,1.0,1.0,0,2,2013-12-27,SO
DET_FLA_2013-12-28,DET,2013020579,away,4,5.0,0.0,1.0,3.0,0.0,0.0,1,2,2013-12-28,REG
DET_FLA_2013-12-28,FLA,2013020579,home,3,8.0,0.0,1.0,1.0,0.0,0.0,0,2,2013-12-28,REG
MTL_TBL_2013-12-28,MTL,2013020578,away,2,4.0,0.0,1.0,5.0,1.0,2.0,1,2,2013-12-28,SO
MTL_TBL_2013-12-28,TBL,2013020578,home,1,6.0,0.0,2.0,1.0,1.0,1.0,0,2,2013-12-28,SO
NJD_NYI_2013-12-28,NJD,2013020580,away,2,8.0,0.0,4.0,2.0,1.0,0.0,1,2,2013-12-28,REG
NJD_NYI_2013-12-28,NYI,2013020580,home,1,4.0,0.0,7.0,2.0,1.0,2.0,0,2,2013-12-28,REG
BOS_OTT_2013-12-28,BOS,2013020577,away,3,4.0,0.0,3.0,1.0,1.0,1.0,0,2,2013-12-28,REG
BOS_OTT_2013-12-28,OTT,2013020577,home,4,4.0,0.0,3.0,1.0,0.0,1.0,1,2,2013-12-28,REG
LAK_NSH_2013-12-28,LAK,2013020582,away,2,5.0,0.0,1.0,0.0,1.0,0.0,0,2,2013-12-28,REG
LAK_NSH_2013-12-28,NSH,2013020582,home,3,0.0,0.0,6.0,2.0,4.0,1.0,1,2,2013-12-28,REG
CHI_STL_2013-12-28,CHI,2013020581,away,5,1.0,0.0,6.0,1.0,2.0,0.0,0,2,2013-12-28,SO
CHI_STL_2013-12-28,STL,2013020581,home,6,5.0,0.0,3.0,2.0,0.0,1.0,1,2,2013-12-28,SO
PHX_ANA_2013-12-28,PHX,2013020583,away,2,2.0,0.0,4.0,1.0,0.0,0.0,0,2,2013-12-28,OT
PHX_ANA_2013-12-28,ANA,2013020583,home,3,2.0,0.0,7.0,2.0,0.0,0.0,1,2,2013-12-28,OT
PHI_EDM_2013-12-28,PHI,2013020584,away,4,3.0,0.0,5.0,1.0,0.0,1.0,1,2,2013-12-28,SO
PHI_EDM_2013-12-28,EDM,2013020584,home,3,1.0,0.0,3.0,3.0,4.0,3.0,0,2,2013-12-28,SO
WSH_BUF_2013-12-29,WSH,2013020585,away,1,1.0,0.0,14.0,4.0,1.0,1.0,0,2,2013-12-29,SO
WSH_BUF_2013-12-29,BUF,2013020585,home,2,8.0,0.0,1.0,1.0,2.0,1.0,1,2,2013-12-29,SO
MTL_FLA_2013-12-29,MTL,2013020586,away,1,2.0,0.0,5.0,2.0,0.0,0.0,0,2,2013-12-29,REG
MTL_FLA_2013-12-29,FLA,2013020586,home,4,2.0,0.0,2.0,0.0,0.0,2.0,1,2,2013-12-29,REG
STL_DAL_2013-12-29,STL,2013020588,away,3,2.0,1.0,2.0,3.0,0.0,1.0,1,2,2013-12-29,OT
STL_DAL_2013-12-29,DAL,2013020588,home,2,3.0,0.0,1.0,2.0,2.0,0.0,0,2,2013-12-29,OT
PIT_CBJ_2013-12-29,PIT,2013020587,away,5,1.0,0.0,3.0,3.0,2.0,0.0,1,2,2013-12-29,REG
PIT_CBJ_2013-12-29,CBJ,2013020587,home,3,4.0,0.0,2.0,0.0,0.0,0.0,0,2,2013-12-29,REG
NYR_TBL_2013-12-29,NYR,2013020591,away,4,2.0,0.0,2.0,3.0,1.0,0.0,1,2,2013-12-29,REG
NYR_TBL_2013-12-29,TBL,2013020591,home,3,3.0,1.0,6.0,3.0,3.0,0.0,0,2,2013-12-29,REG
CAR_TOR_2013-12-29,CAR,2013020590,away,2,8.0,0.0,3.0,3.0,1.0,1.0,0,2,2013-12-29,REG
CAR_TOR_2013-12-29,TOR,2013020590,home,5,2.0,0.0,3.0,3.0,1.0,1.0,1,2,2013-12-29,REG
VAN_CGY_2013-12-29,VAN,2013020589,away,2,0.0,0.0,6.0,2.0,0.0,1.0,1,2,2013-12-29,REG
VAN_CGY_2013-12-29,CGY,2013020589,home,0,0.0,0.0,1.0,1.0,2.0,0.0,0,2,2013-12-29,REG
NYI_MIN_2013-12-29,NYI,2013020592,away,5,4.0,0.0,4.0,2.0,0.0,0.0,1,2,2013-12-29,REG
NYI_MIN_2013-12-29,MIN,2013020592,home,4,2.0,0.0,4.0,2.0,1.0,0.0,0,2,2013-12-29,REG
WPG_COL_2013-12-29,WPG,2013020593,away,2,3.0,0.0,5.0,1.0,0.0,0.0,1,2,2013-12-29,OT
WPG_COL_2013-12-29,COL,2013020593,home,1,5.0,0.0,4.0,2.0,1.0,3.0,0,2,2013-12-29,OT
ANA_SJS_2013-12-29,ANA,2013020594,away,1,2.0,0.0,2.0,1.0,0.0,0.0,0,2,2013-12-29,REG
ANA_SJS_2013-12-29,SJS,2013020594,home,3,1.0,0.0,3.0,3.0,1.0,3.0,1,2,2013-12-29,REG
WSH_OTT_2013-12-30,WSH,2013020595,away,1,8.0,0.0,8.0,0.0,1.0,1.0,0,2,2013-12-30,REG
WSH_OTT_2013-12-30,OTT,2013020595,home,3,4.0,0.0,1.0,2.0,4.0,0.0,1,2,2013-12-30,REG
DET_NSH_2013-12-30,DET,2013020597,away,4,6.0,0.0,3.0,1.0,0.0,0.0,0,2,2013-12-30,REG
DET_NSH_2013-12-30,NSH,2013020597,home,6,0.0,0.0,4.0,0.0,1.0,0.0,1,2,2013-12-30,REG
LAK_CHI_2013-12-30,LAK,2013020596,away,0,9.0,0.0,4.0,2.0,0.0,0.0,0,2,2013-12-30,REG
LAK_CHI_2013-12-30,CHI,2013020596,home,1,0.0,0.0,7.0,2.0,1.0,1.0,1,2,2013-12-30,REG
PHI_VAN_2013-12-30,PHI,2013020598,away,4,1.0,0.0,3.0,3.0,1.0,2.0,1,2,2013-12-30,SO
PHI_VAN_2013-12-30,VAN,2013020598,home,3,1.0,0.0,8.0,3.0,1.0,2.0,0,2,2013-12-30,SO
PIT_NJD_2013-12-31,PIT,2013020599,away,1,0.0,0.0,1.0,2.0,0.0,0.0,0,2,2013-12-31,REG
PIT_NJD_2013-12-31,NJD,2013020599,home,2,4.0,0.0,2.0,2.0,1.0,0.0,1,2,2013-12-31,REG
NYR_FLA_2013-12-31,NYR,2013020600,away,2,5.0,0.0,4.0,1.0,1.0,0.0,1,2,2013-12-31,SO
NYR_FLA_2013-12-31,FLA,2013020600,home,1,8.0,0.0,0.0,6.0,1.0,0.0,0,2,2013-12-31,SO
STL_MIN_2013-12-31,STL,2013020601,away,2,4.0,0.0,5.0,2.0,0.0,0.0,1,2,2013-12-31,REG
STL_MIN_2013-12-31,MIN,2013020601,home,1,2.0,0.0,3.0,1.0,0.0,1.0,0,2,2013-12-31,REG
NYI_BOS_2013-12-31,NYI,2013020602,away,5,6.0,0.0,4.0,1.0,0.0,0.0,1,2,2013-12-31,REG
NYI_BOS_2013-12-31,BOS,2013020602,home,3,0.0,0.0,3.0,4.0,3.0,0.0,0,2,2013-12-31,REG
MTL_CAR_2013-12-31,MTL,2013020603,away,4,1.0,0.0,1.0,8.0,1.0,1.0,0,2,2013-12-31,OT
MTL_CAR_2013-12-31,CAR,2013020603,home,5,5.0,0.0,12.0,0.0,0.0,2.0,1,2,2013-12-31,OT
BUF_WPG_2013-12-31,BUF,2013020604,away,0,1.0,0.0,2.0,2.0,1.0,0.0,0,2,2013-12-31,REG
BUF_WPG_2013-12-31,WPG,2013020604,home,3,6.0,0.0,5.0,2.0,0.0,0.0,1,2,2013-12-31,REG
LAK_DAL_2013-12-31,LAK,2013020605,away,2,4.0,0.0,1.0,2.0,2.0,0.0,0,2,2013-12-31,REG
LAK_DAL_2013-12-31,DAL,2013020605,home,3,3.0,0.0,2.0,4.0,1.0,0.0,1,2,2013-12-31,REG
CBJ_COL_2013-12-31,CBJ,2013020606,away,3,2.0,0.0,2.0,0.0,0.0,0.0,0,2,2013-12-31,REG
CBJ_COL_2013-12-31,COL,2013020606,home,5,2.0,0.0,0.0,1.0,1.0,1.0,1,2,2013-12-31,REG
SJS_ANA_2013-12-31,SJS,2013020607,away,3,1.0,0.0,2.0,4.0,0.0,0.0,0,2,2013-12-31,REG
SJS_ANA_2013-12-31,ANA,2013020607,home,6,2.0,0.0,2.0,1.0,2.0,0.0,1,2,2013-12-31,REG
PHI_CGY_2013-12-31,PHI,2013020608,away,4,2.0,0.0,2.0,2.0,0.0,0.0,1,2,2013-12-31,REG
PHI_CGY_2013-12-31,CGY,2013020608,home,1,2.0,0.0,1.0,3.0,0.0,0.0,0,2,2013-12-31,REG
EDM_PHX_2013-12-31,EDM,2013020609,away,3,3.0,0.0,5.0,3.0,0.0,2.0,0,2,2013-12-31,OT
EDM_PHX_2013-12-31,PHX,2013020609,home,4,3.0,0.0,9.0,2.0,0.0,3.0,1,2,2013-12-31,OT
TOR_DET_2014-01-01,TOR,2013020610,away,3,8.0,0.0,2.0,4.0,1.0,1.0,1,2,2014-01-01,SO
TOR_DET_2014-01-01,DET,2013020610,home,2,3.0,0.0,4.0,1.0,0.0,1.0,0,2,2014-01-01,SO
TBL_VAN_2014-01-01,TBL,2013020611,away,4,1.0,0.0,3.0,0.0,1.0,1.0,1,2,2014-01-01,REG
TBL_VAN_2014-01-01,VAN,2013020611,home,2,4.0,0.0,6.0,4.0,1.0,4.0,0,2,2014-01-01,REG
NSH_BOS_2014-01-02,NSH,2013020612,away,2,2.0,0.0,3.0,1.0,0.0,0.0,0,2,2014-01-02,OT
NSH_BOS_2014-01-02,BOS,2013020612,home,3,3.0,0.0,1.0,2.0,0.0,2.0,1,2,2014-01-02,OT
CHI_NYI_2014-01-02,CHI,2013020613,away,2,1.0,0.0,3.0,4.0,2.0,1.0,0,2,2014-01-02,OT
CHI_NYI_2014-01-02,NYI,2013020613,home,3,0.0,0.0,3.0,1.0,0.0,0.0,1,2,2014-01-02,OT
CAR_WSH_2014-01-02,CAR,2013020614,away,4,3.0,0.0,5.0,1.0,3.0,0.0,1,2,2014-01-02,OT
CAR_WSH_2014-01-02,WSH,2013020614,home,3,6.0,0.0,11.0,2.0,1.0,1.0,0,2,2014-01-02,OT
WPG_OTT_2014-01-02,WPG,2013020615,away,3,10.0,0.0,9.0,5.0,0.0,0.0,0,2,2014-01-02,REG
WPG_OTT_2014-01-02,OTT,2013020615,home,4,5.0,0.0,1.0,4.0,2.0,1.0,1,2,2014-01-02,REG
BUF_MIN_2014-01-02,BUF,2013020617,away,1,1.0,0.0,2.0,0.0,1.0,0.0,0,2,2014-01-02,REG
BUF_MIN_2014-01-02,MIN,2013020617,home,4,6.0,0.0,3.0,1.0,0.0,0.0,1,2,2014-01-02,REG
LAK_STL_2014-01-02,LAK,2013020616,away,0,0.0,0.0,4.0,1.0,3.0,0.0,0,2,2014-01-02,REG
LAK_STL_2014-01-02,STL,2013020616,home,5,0.0,0.0,3.0,1.0,1.0,0.0,1,2,2014-01-02,REG
MTL_DAL_2014-01-02,MTL,2013020618,away,6,4.0,0.0,1.0,1.0,3.0,1.0,1,2,2014-01-02,REG
MTL_DAL_2014-01-02,DAL,2013020618,home,4,4.0,0.0,2.0,1.0,2.0,1.0,0,2,2014-01-02,REG
CBJ_PHX_2014-01-02,CBJ,2013020620,away,2,4.0,1.0,5.0,1.0,0.0,0.0,1,2,2014-01-02,REG
CBJ_PHX_2014-01-02,PHX,2013020620,home,0,7.0,0.0,5.0,4.0,0.0,0.0,0,2,2014-01-02,REG
PHI_COL_2014-01-02,PHI,2013020619,away,1,2.0,0.0,3.0,1.0,0.0,0.0,0,2,2014-01-02,REG
PHI_COL_2014-01-02,COL,2013020619,home,2,4.0,0.0,2.0,0.0,1.0,0.0,1,2,2014-01-02,REG
EDM_SJS_2014-01-02,EDM,2013020621,away,1,0.0,0.0,1.0,2.0,1.0,1.0,0,2,2014-01-02,REG
EDM_SJS_2014-01-02,SJS,2013020621,home,5,1.0,0.0,5.0,2.0,1.0,3.0,1,2,2014-01-02,REG
CHI_NJD_2014-01-03,CHI,2013020622,away,5,1.0,0.0,5.0,2.0,0.0,2.0,1,2,2014-01-03,REG
CHI_NJD_2014-01-03,NJD,2013020622,home,3,3.0,1.0,7.0,0.0,0.0,1.0,0,2,2014-01-03,REG
NYR_PIT_2014-01-03,NYR,2013020623,away,2,4.0,0.0,3.0,1.0,0.0,0.0,0,2,2014-01-03,REG
NYR_PIT_2014-01-03,PIT,2013020623,home,5,7.0,1.0,4.0,0.0,1.0,1.0,1,2,2014-01-03,REG
TBL_CGY_2014-01-03,TBL,2013020624,away,2,0.0,0.0,3.0,4.0,3.0,0.0,1,2,2014-01-03,REG
TBL_CGY_2014-01-03,CGY,2013020624,home,0,0.0,0.0,2.0,3.0,2.0,0.0,0,2,2014-01-03,REG
EDM_ANA_2014-01-03,EDM,2013020625,away,2,6.0,0.0,2.0,3.0,1.0,0.0,0,2,2014-01-03,REG
EDM_ANA_2014-01-03,ANA,2013020625,home,5,2.0,0.0,3.0,3.0,2.0,0.0,1,2,2014-01-03,REG
WPG_BOS_2014-01-04,WPG,2013020626,away,1,6.0,0.0,7.0,4.0,0.0,1.0,0,2,2014-01-04,REG
WPG_BOS_2014-01-04,BOS,2013020626,home,4,4.0,0.0,1.0,1.0,1.0,1.0,1,2,2014-01-04,REG
SJS_COL_2014-01-04,SJS,2013020627,away,3,3.0,1.0,7.0,0.0,1.0,0.0,0,2,2014-01-04,REG
SJS_COL_2014-01-04,COL,2013020627,home,4,8.0,0.0,0.0,2.0,2.0,0.0,1,2,2014-01-04,REG
OTT_MTL_2014-01-04,OTT,2013020630,away,4,4.0,0.0,5.0,0.0,1.0,0.0,1,2,2014-01-04,OT
OTT_MTL_2014-01-04,MTL,2013020630,home,3,5.0,0.0,2.0,1.0,1.0,0.0,0,2,2014-01-04,OT
NJD_BUF_2014-01-04,NJD,2013020628,away,1,2.0,0.0,4.0,1.0,1.0,0.0,0,2,2014-01-04,REG
NJD_BUF_2014-01-04,BUF,2013020628,home,2,8.0,0.0,1.0,3.0,0.0,2.0,1,2,2014-01-04,REG
NSH_FLA_2014-01-04,NSH,2013020631,away,4,4.0,0.0,6.0,1.0,0.0,3.0,0,2,2014-01-04,SO
NSH_FLA_2014-01-04,FLA,2013020631,home,5,7.0,0.0,3.0,1.0,1.0,2.0,1,2,2014-01-04,SO
NYR_TOR_2014-01-04,NYR,2013020629,away,7,4.0,0.0,2.0,0.0,1.0,1.0,1,2,2014-01-04,REG
NYR_TOR_2014-01-04,TOR,2013020629,home,1,7.0,0.0,2.0,2.0,0.0,3.0,0,2,2014-01-04,REG
CAR_NYI_2014-01-04,CAR,2013020632,away,3,2.0,0.0,2.0,4.0,0.0,1.0,1,2,2014-01-04,REG
CAR_NYI_2014-01-04,NYI,2013020632,home,2,6.0,0.0,3.0,3.0,1.0,1.0,0,2,2014-01-04,REG
DET_DAL_2014-01-04,DET,2013020634,away,5,0.0,0.0,5.0,4.0,1.0,1.0,1,2,2014-01-04,REG
DET_DAL_2014-01-04,DAL,2013020634,home,1,3.0,0.0,4.0,4.0,0.0,0.0,0,2,2014-01-04,REG
CBJ_STL_2014-01-04,CBJ,2013020633,away,2,1.0,0.0,5.0,2.0,0.0,1.0,0,2,2014-01-04,REG
CBJ_STL_2014-01-04,STL,2013020633,home,6,2.0,0.0,3.0,2.0,0.0,0.0,1,2,2014-01-04,REG
PHI_PHX_2014-01-04,PHI,2013020636,away,5,1.0,0.0,2.0,1.0,0.0,0.0,1,2,2014-01-04,REG
PHI_PHX_2014-01-04,PHX,2013020636,home,3,3.0,0.0,3.0,2.0,2.0,1.0,0,2,2014-01-04,REG
WSH_MIN_2014-01-04,WSH,2013020635,away,3,2.0,0.0,8.0,1.0,1.0,0.0,0,2,2014-01-04,REG
WSH_MIN_2014-01-04,MIN,2013020635,home,5,2.0,0.0,0.0,1.0,3.0,1.0,1,2,2014-01-04,REG
VAN_LAK_2014-01-04,VAN,2013020637,away,1,4.0,0.0,1.0,1.0,2.0,1.0,0,2,2014-01-04,REG
VAN_LAK_2014-01-04,LAK,2013020637,home,3,2.0,0.0,4.0,2.0,4.0,0.0,1,2,2014-01-04,REG
WPG_PIT_2014-01-05,WPG,2013020638,away,5,7.0,0.0,7.0,0.0,0.0,0.0,0,2,2014-01-05,REG
WPG_PIT_2014-01-05,PIT,2013020638,home,6,1.0,0.0,4.0,2.0,0.0,2.0,1,2,2014-01-05,REG
NSH_CAR_2014-01-05,NSH,2013020639,away,1,1.0,0.0,3.0,0.0,1.0,0.0,0,2,2014-01-05,REG
NSH_CAR_2014-01-05,CAR,2013020639,home,2,1.0,0.0,2.0,4.0,0.0,2.0,1,2,2014-01-05,REG
SJS_CHI_2014-01-05,SJS,2013020640,away,3,4.0,0.0,5.0,6.0,2.0,2.0,1,2,2014-01-05,SO
SJS_CHI_2014-01-05,CHI,2013020640,home,2,1.0,0.0,10.0,1.0,4.0,1.0,0,2,2014-01-05,SO
VAN_ANA_2014-01-05,VAN,2013020642,away,3,4.0,0.0,1.0,2.0,1.0,0.0,0,2,2014-01-05,OT
VAN_ANA_2014-01-05,ANA,2013020642,home,4,4.0,0.0,4.0,0.0,0.0,2.0,1,2,2014-01-05,OT
TBL_EDM_2014-01-05,TBL,2013020641,away,3,4.0,0.0,2.0,1.0,4.0,1.0,0,2,2014-01-05,REG
TBL_EDM_2014-01-05,EDM,2013020641,home,5,1.0,0.0,4.0,3.0,4.0,0.0,1,2,2014-01-05,REG
DAL_NYI_2014-01-06,DAL,2013020643,away,3,1.0,0.0,2.0,4.0,1.0,0.0,0,2,2014-01-06,REG
DAL_NYI_2014-01-06,NYI,2013020643,home,7,1.0,0.0,6.0,3.0,0.0,2.0,1,2,2014-01-06,REG
CBJ_NYR_2014-01-06,CBJ,2013020644,away,4,3.0,0.0,2.0,0.0,0.0,0.0,1,2,2014-01-06,SO
CBJ_NYR_2014-01-06,NYR,2013020644,home,3,1.0,0.0,0.0,3.0,1.0,0.0,0,2,2014-01-06,SO
FLA_MTL_2014-01-06,FLA,2013020645,away,1,3.0,0.0,3.0,3.0,2.0,0.0,0,2,2014-01-06,REG
FLA_MTL_2014-01-06,MTL,2013020645,home,2,3.0,0.0,0.0,2.0,2.0,0.0,1,2,2014-01-06,REG
CGY_COL_2014-01-06,CGY,2013020646,away,4,3.0,0.0,2.0,4.0,1.0,0.0,1,2,2014-01-06,REG
CGY_COL_2014-01-06,COL,2013020646,home,3,2.0,0.0,2.0,3.0,1.0,0.0,0,2,2014-01-06,REG
NYI_TOR_2014-01-07,NYI,2013020648,away,5,1.0,0.0,1.0,2.0,1.0,2.0,1,2,2014-01-07,REG
NYI_TOR_2014-01-07,TOR,2013020648,home,3,5.0,0.0,3.0,2.0,1.0,1.0,0,2,2014-01-07,REG
PHI_NJD_2014-01-07,PHI,2013020649,away,3,2.0,0.0,6.0,0.0,0.0,0.0,1,2,2014-01-07,OT
PHI_NJD_2014-01-07,NJD,2013020649,home,2,0.0,0.0,3.0,0.0,3.0,0.0,0,2,2014-01-07,OT
TBL_WPG_2014-01-07,TBL,2013020651,away,4,3.0,0.0,2.0,1.0,0.0,1.0,1,2,2014-01-07,REG
TBL_WPG_2014-01-07,WPG,2013020651,home,2,3.0,0.0,1.0,1.0,1.0,0.0,0,2,2014-01-07,REG
SJS_NSH_2014-01-07,SJS,2013020650,away,2,2.0,1.0,6.0,0.0,0.0,1.0,0,2,2014-01-07,REG
SJS_NSH_2014-01-07,NSH,2013020650,home,3,0.0,0.0,1.0,2.0,0.0,0.0,1,2,2014-01-07,REG
CGY_PHX_2014-01-07,CGY,2013020652,away,0,4.0,0.0,4.0,6.0,1.0,0.0,0,2,2014-01-07,REG
CGY_PHX_2014-01-07,PHX,2013020652,home,6,3.0,0.0,5.0,3.0,1.0,1.0,1,2,2014-01-07,REG
STL_EDM_2014-01-07,STL,2013020653,away,5,3.0,0.0,2.0,2.0,0.0,1.0,1,2,2014-01-07,REG
STL_EDM_2014-01-07,EDM,2013020653,home,2,4.0,0.0,3.0,2.0,3.0,0.0,0,2,2014-01-07,REG
PIT_VAN_2014-01-07,PIT,2013020654,away,5,5.0,0.0,2.0,2.0,0.0,0.0,1,2,2014-01-07,SO
PIT_VAN_2014-01-07,VAN,2013020654,home,4,9.0,0.0,4.0,1.0,1.0,0.0,0,2,2014-01-07,SO
BOS_ANA_2014-01-07,BOS,2013020655,away,2,3.0,0.0,6.0,0.0,0.0,0.0,0,2,2014-01-07,REG
BOS_ANA_2014-01-07,ANA,2013020655,home,5,3.0,0.0,3.0,1.0,1.0,2.0,1,2,2014-01-07,REG
MIN_LAK_2014-01-07,MIN,2013020656,away,2,4.0,0.0,1.0,1.0,2.0,0.0,1,2,2014-01-07,SO
MIN_LAK_2014-01-07,LAK,2013020656,home,1,1.0,0.0,1.0,1.0,5.0,1.0,0,2,2014-01-07,SO
MTL_PHI_2014-01-08,MTL,2013020657,away,1,4.0,0.0,1.0,1.0,0.0,0.0,0,2,2014-01-08,REG
MTL_PHI_2014-01-08,PHI,2013020657,home,3,4.0,0.0,3.0,2.0,2.0,2.0,1,2,2014-01-08,REG
NYR_CHI_2014-01-08,NYR,2013020658,away,3,2.0,0.0,0.0,0.0,0.0,0.0,1,2,2014-01-08,REG
NYR_CHI_2014-01-08,CHI,2013020658,home,2,0.0,0.0,7.0,1.0,0.0,2.0,0,2,2014-01-08,REG
OTT_COL_2014-01-08,OTT,2013020659,away,3,2.0,0.0,4.0,4.0,0.0,2.0,0,2,2014-01-08,OT
OTT_COL_2014-01-08,COL,2013020659,home,4,5.0,0.0,1.0,4.0,0.0,1.0,1,2,2014-01-08,OT
DAL_NJD_2014-01-09,DAL,2013020661,away,0,4.0,0.0,1.0,1.0,0.0,0.0,0,2,2014-01-09,REG
DAL_NJD_2014-01-09,NJD,2013020661,home,1,2.0,0.0,3.0,2.0,1.0,0.0,1,2,2014-01-09,REG
FLA_BUF_2014-01-09,FLA,2013020660,away,2,3.0,0.0,5.0,0.0,2.0,1.0,1,2,2014-01-09,SO
FLA_BUF_2014-01-09,BUF,2013020660,home,1,1.0,0.0,1.0,3.0,0.0,0.0,0,2,2014-01-09,SO
TOR_CAR_2014-01-09,TOR,2013020662,away,1,6.0,0.0,1.0,3.0,2.0,0.0,0,2,2014-01-09,REG
TOR_CAR_2014-01-09,CAR,2013020662,home,6,0.0,0.0,2.0,4.0,3.0,4.0,1,2,2014-01-09,REG
WSH_TBL_2014-01-09,WSH,2013020663,away,4,7.0,0.0,2.0,0.0,0.0,1.0,1,2,2014-01-09,REG
WSH_TBL_2014-01-09,TBL,2013020663,home,3,5.0,0.0,5.0,0.0,1.0,0.0,0,2,2014-01-09,REG
ANA_NSH_2014-01-09,ANA,2013020664,away,4,1.0,0.0,2.0,5.0,1.0,3.0,1,2,2014-01-09,REG
ANA_NSH_2014-01-09,NSH,2013020664,home,3,0.0,0.0,3.0,3.0,4.0,0.0,0,2,2014-01-09,REG
STL_CGY_2014-01-09,STL,2013020665,away,5,2.0,0.0,4.0,2.0,0.0,0.0,1,2,2014-01-09,REG
STL_CGY_2014-01-09,CGY,2013020665,home,0,2.0,0.0,0.0,2.0,0.0,1.0,0,2,2014-01-09,REG
MIN_PHX_2014-01-09,MIN,2013020666,away,4,3.0,0.0,5.0,3.0,0.0,0.0,1,2,2014-01-09,REG
MIN_PHX_2014-01-09,PHX,2013020666,home,1,2.0,0.0,7.0,3.0,1.0,1.0,0,2,2014-01-09,REG
BOS_LAK_2014-01-09,BOS,2013020667,away,2,4.0,0.0,0.0,0.0,0.0,0.0,0,2,2014-01-09,REG
BOS_LAK_2014-01-09,LAK,2013020667,home,4,3.0,0.0,2.0,2.0,4.0,2.0,1,2,2014-01-09,REG
DET_SJS_2014-01-09,DET,2013020668,away,1,4.0,0.0,2.0,1.0,0.0,0.0,0,2,2014-01-09,REG
DET_SJS_2014-01-09,SJS,2013020668,home,4,2.0,0.0,6.0,3.0,4.0,3.0,1,2,2014-01-09,REG
DAL_NYR_2014-01-10,DAL,2013020669,away,2,4.0,0.0,0.0,1.0,0.0,1.0,0,2,2014-01-10,REG
DAL_NYR_2014-01-10,NYR,2013020669,home,3,11.0,0.0,0.0,3.0,0.0,0.0,1,2,2014-01-10,REG
CAR_CBJ_2014-01-10,CAR,2013020671,away,0,3.0,0.0,3.0,2.0,0.0,0.0,0,2,2014-01-10,REG
CAR_CBJ_2014-01-10,CBJ,2013020671,home,3,3.0,0.0,1.0,0.0,0.0,1.0,1,2,2014-01-10,REG
TOR_WSH_2014-01-10,TOR,2013020670,away,2,3.0,0.0,3.0,2.0,2.0,1.0,0,2,2014-01-10,REG
TOR_WSH_2014-01-10,WSH,2013020670,home,3,8.0,0.0,7.0,1.0,1.0,1.0,1,2,2014-01-10,REG
NYI_COL_2014-01-10,NYI,2013020672,away,2,4.0,0.0,5.0,1.0,0.0,1.0,1,2,2014-01-10,OT
NYI_COL_2014-01-10,COL,2013020672,home,1,5.0,0.0,1.0,1.0,0.0,0.0,0,2,2014-01-10,OT
PIT_EDM_2014-01-10,PIT,2013020673,away,3,3.0,0.0,6.0,0.0,3.0,1.0,0,2,2014-01-10,OT
PIT_EDM_2014-01-10,EDM,2013020673,home,4,1.0,0.0,3.0,0.0,4.0,5.0,1,2,2014-01-10,OT
STL_VAN_2014-01-10,STL,2013020674,away,1,1.0,0.0,4.0,0.0,0.0,2.0,0,2,2014-01-10,REG
STL_VAN_2014-01-10,VAN,2013020674,home,2,1.0,0.0,2.0,1.0,1.0,1.0,1,2,2014-01-10,REG
TBL_PHI_2014-01-11,TBL,2013020675,away,6,4.0,0.0,4.0,1.0,1.0,1.0,1,2,2014-01-11,REG
TBL_PHI_2014-01-11,PHI,2013020675,home,3,0.0,0.0,1.0,0.0,1.0,0.0,0,2,2014-01-11,REG
CHI_MTL_2014-01-11,CHI,2013020676,away,1,0.0,0.0,1.0,3.0,0.0,1.0,0,2,2014-01-11,OT
CHI_MTL_2014-01-11,MTL,2013020676,home,2,3.0,0.0,2.0,3.0,3.0,1.0,1,2,2014-01-11,OT
OTT_NSH_2014-01-11,OTT,2013020678,away,2,3.0,0.0,7.0,2.0,1.0,0.0,1,2,2014-01-11,SO
OTT_NSH_2014-01-11,NSH,2013020678,home,1,1.0,0.0,6.0,0.0,1.0,1.0,0,2,2014-01-11,SO
FLA_NJD_2014-01-11,FLA,2013020677,away,1,1.0,0.0,1.0,2.0,0.0,0.0,0,2,2014-01-11,OT
FLA_NJD_2014-01-11,NJD,2013020677,home,2,0.0,0.0,4.0,0.0,0.0,0.0,1,2,2014-01-11,OT
CBJ_WPG_2014-01-11,CBJ,2013020679,away,6,0.0,0.0,4.0,2.0,1.0,0.0,1,2,2014-01-11,REG
CBJ_WPG_2014-01-11,WPG,2013020679,home,3,3.0,0.0,5.0,1.0,2.0,2.0,0,2,2014-01-11,REG
COL_MIN_2014-01-11,COL,2013020680,away,4,3.0,0.0,3.0,0.0,0.0,0.0,1,2,2014-01-11,REG
COL_MIN_2014-01-11,MIN,2013020680,home,2,2.0,0.0,3.0,0.0,1.0,0.0,0,2,2014-01-11,REG
ANA_PHX_2014-01-11,ANA,2013020681,away,5,0.0,0.0,2.0,3.0,0.0,1.0,1,2,2014-01-11,REG
ANA_PHX_2014-01-11,PHX,2013020681,home,3,2.0,1.0,7.0,0.0,1.0,0.0,0,2,2014-01-11,REG
PIT_CGY_2014-01-11,PIT,2013020682,away,2,4.0,0.0,6.0,0.0,2.0,0.0,1,2,2014-01-11,REG
PIT_CGY_2014-01-11,CGY,2013020682,home,1,1.0,0.0,1.0,4.0,0.0,0.0,0,2,2014-01-11,REG
BOS_SJS_2014-01-11,BOS,2013020684,away,1,1.0,0.0,2.0,2.0,1.0,0.0,1,2,2014-01-11,REG
BOS_SJS_2014-01-11,SJS,2013020684,home,0,1.0,0.0,3.0,2.0,0.0,1.0,0,2,2014-01-11,REG
DET_LAK_2014-01-11,DET,2013020683,away,3,3.0,0.0,2.0,2.0,3.0,0.0,1,2,2014-01-11,REG
DET_LAK_2014-01-11,LAK,2013020683,home,1,4.0,0.0,9.0,1.0,1.0,1.0,0,2,2014-01-11,REG
BUF_WSH_2014-01-12,BUF,2013020685,away,2,2.0,0.0,5.0,2.0,2.0,1.0,1,2,2014-01-12,SO
BUF_WSH_2014-01-12,WSH,2013020685,home,1,3.0,0.0,7.0,5.0,1.0,0.0,0,2,2014-01-12,SO
NYI_DAL_2014-01-12,NYI,2013020686,away,4,0.0,0.0,1.0,0.0,0.0,0.0,1,2,2014-01-12,REG
NYI_DAL_2014-01-12,DAL,2013020686,home,2,2.0,0.0,2.0,1.0,2.0,0.0,0,2,2014-01-12,REG
MIN_NSH_2014-01-12,MIN,2013020690,away,4,4.0,0.0,4.0,2.0,2.0,1.0,1,2,2014-01-12,REG
MIN_NSH_2014-01-12,NSH,2013020690,home,0,1.0,0.0,5.0,0.0,1.0,1.0,0,2,2014-01-12,REG
PHI_NYR_2014-01-12,PHI,2013020688,away,1,6.0,0.0,6.0,1.0,1.0,0.0,0,2,2014-01-12,REG
PHI_NYR_2014-01-12,NYR,2013020688,home,4,2.0,0.0,3.0,5.0,3.0,1.0,1,2,2014-01-12,REG
EDM_CHI_2014-01-12,EDM,2013020689,away,3,3.0,0.0,2.0,4.0,2.0,1.0,0,2,2014-01-12,REG
EDM_CHI_2014-01-12,CHI,2013020689,home,5,0.0,0.0,9.0,3.0,3.0,2.0,1,2,2014-01-12,REG
NJD_TOR_2014-01-12,NJD,2013020687,away,2,7.0,0.0,3.0,3.0,1.0,1.0,0,2,2014-01-12,SO
NJD_TOR_2014-01-12,TOR,2013020687,home,3,10.0,0.0,2.0,5.0,5.0,0.0,1,2,2014-01-12,SO
DET_ANA_2014-01-12,DET,2013020691,away,0,3.0,0.0,1.0,2.0,1.0,0.0,0,2,2014-01-12,REG
DET_ANA_2014-01-12,ANA,2013020691,home,1,3.0,0.0,2.0,0.0,0.0,0.0,1,2,2014-01-12,REG
TBL_CBJ_2014-01-13,TBL,2013020693,away,2,4.0,0.0,3.0,1.0,0.0,0.0,0,2,2014-01-13,REG
TBL_CBJ_2014-01-13,CBJ,2013020693,home,3,2.0,1.0,3.0,3.0,1.0,1.0,1,2,2014-01-13,REG
CGY_CAR_2014-01-13,CGY,2013020692,away,2,4.0,0.0,3.0,4.0,3.0,2.0,1,2,2014-01-13,REG
CGY_CAR_2014-01-13,CAR,2013020692,home,0,3.0,0.0,4.0,2.0,1.0,1.0,0,2,2014-01-13,REG
PHX_WPG_2014-01-13,PHX,2013020694,away,1,5.0,0.0,3.0,2.0,0.0,0.0,0,2,2014-01-13,REG
PHX_WPG_2014-01-13,WPG,2013020694,home,5,4.0,0.0,5.0,0.0,0.0,0.0,1,2,2014-01-13,REG
VAN_LAK_2014-01-13,VAN,2013020695,away,0,3.0,0.0,1.0,5.0,1.0,0.0,0,2,2014-01-13,REG
VAN_LAK_2014-01-13,LAK,2013020695,home,1,3.0,0.0,0.0,0.0,1.0,0.0,1,2,2014-01-13,REG
SJS_WSH_2014-01-14,SJS,2013020698,away,2,1.0,0.0,6.0,4.0,0.0,3.0,1,2,2014-01-14,SO
SJS_WSH_2014-01-14,WSH,2013020698,home,1,2.0,0.0,4.0,1.0,0.0,1.0,0,2,2014-01-14,SO
TOR_BOS_2014-01-14,TOR,2013020696,away,4,5.0,0.0,3.0,5.0,0.0,0.0,1,2,2014-01-14,REG
TOR_BOS_2014-01-14,BOS,2013020696,home,3,5.0,0.0,6.0,2.0,1.0,0.0,0,2,2014-01-14,REG
TBL_NYR_2014-01-14,TBL,2013020697,away,2,3.0,0.0,6.0,1.0,3.0,0.0,1,2,2014-01-14,REG
TBL_NYR_2014-01-14,NYR,2013020697,home,1,5.0,0.0,1.0,1.0,1.0,0.0,0,2,2014-01-14,REG
NJD_MTL_2014-01-14,NJD,2013020700,away,4,4.0,0.0,3.0,3.0,1.0,0.0,1,2,2014-01-14,REG
NJD_MTL_2014-01-14,MTL,2013020700,home,1,5.0,0.0,0.0,2.0,0.0,2.0,0,2,2014-01-14,REG
NYI_FLA_2014-01-14,NYI,2013020701,away,2,3.0,0.0,1.0,4.0,0.0,0.0,0,2,2014-01-14,REG
NYI_FLA_2014-01-14,FLA,2013020701,home,4,4.0,0.0,1.0,3.0,0.0,1.0,1,2,2014-01-14,REG
PHI_BUF_2014-01-14,PHI,2013020699,away,4,1.0,0.0,1.0,0.0,0.0,1.0,1,2,2014-01-14,REG
PHI_BUF_2014-01-14,BUF,2013020699,home,3,8.0,0.0,0.0,2.0,0.0,0.0,0,2,2014-01-14,REG
COL_CHI_2014-01-14,COL,2013020702,away,3,7.0,0.0,4.0,4.0,1.0,1.0,1,2,2014-01-14,OT
COL_CHI_2014-01-14,CHI,2013020702,home,2,1.0,0.0,11.0,1.0,1.0,1.0,0,2,2014-01-14,OT
PHX_STL_2014-01-14,PHX,2013020703,away,1,3.0,0.0,0.0,2.0,2.0,1.0,0,2,2014-01-14,REG
PHX_STL_2014-01-14,STL,2013020703,home,2,1.0,0.0,4.0,2.0,0.0,1.0,1,2,2014-01-14,REG
OTT_MIN_2014-01-14,OTT,2013020705,away,3,2.0,0.0,5.0,0.0,0.0,1.0,1,2,2014-01-14,REG
OTT_MIN_2014-01-14,MIN,2013020705,home,0,4.0,0.0,3.0,0.0,2.0,1.0,0,2,2014-01-14,REG
CGY_NSH_2014-01-14,CGY,2013020704,away,2,2.0,0.0,1.0,2.0,1.0,0.0,0,2,2014-01-14,REG
CGY_NSH_2014-01-14,NSH,2013020704,home,4,0.0,0.0,1.0,0.0,0.0,1.0,1,2,2014-01-14,REG
EDM_DAL_2014-01-14,EDM,2013020706,away,2,9.0,0.0,3.0,3.0,3.0,1.0,0,2,2014-01-14,REG
EDM_DAL_2014-01-14,DAL,2013020706,home,5,4.0,0.0,3.0,3.0,0.0,1.0,1,2,2014-01-14,REG
BUF_TOR_2014-01-15,BUF,2013020707,away,3,5.0,0.0,0.0,4.0,3.0,0.0,0,2,2014-01-15,SO
BUF_TOR_2014-01-15,TOR,2013020707,home,4,2.0,0.0,6.0,0.0,2.0,0.0,1,2,2014-01-15,SO
WSH_PIT_2014-01-15,WSH,2013020708,away,3,5.0,0.0,6.0,2.0,0.0,0.0,0,2,2014-01-15,REG
WSH_PIT_2014-01-15,PIT,2013020708,home,4,3.0,0.0,7.0,0.0,1.0,0.0,1,2,2014-01-15,REG
VAN_ANA_2014-01-15,VAN,2013020709,away,1,5.0,0.0,10.0,2.0,1.0,0.0,0,2,2014-01-15,REG
VAN_ANA_2014-01-15,ANA,2013020709,home,9,1.0,0.0,5.0,2.0,1.0,0.0,1,2,2014-01-15,REG
DET_NYR_2014-01-16,DET,2013020710,away,0,4.0,0.0,8.0,3.0,1.0,0.0,0,2,2014-01-16,REG
DET_NYR_2014-01-16,NYR,2013020710,home,1,4.0,0.0,3.0,1.0,1.0,0.0,1,2,2014-01-16,REG
NSH_PHI_2014-01-16,NSH,2013020711,away,4,2.0,0.0,4.0,2.0,3.0,1.0,1,2,2014-01-16,SO
NSH_PHI_2014-01-16,PHI,2013020711,home,3,2.0,0.0,0.0,4.0,1.0,0.0,0,2,2014-01-16,SO
NYI_TBL_2014-01-16,NYI,2013020713,away,2,3.0,0.0,2.0,0.0,0.0,1.0,1,2,2014-01-16,SO
NYI_TBL_2014-01-16,TBL,2013020713,home,1,1.0,0.0,5.0,0.0,0.0,0.0,0,2,2014-01-16,SO
SJS_FLA_2014-01-16,SJS,2013020714,away,3,2.0,0.0,6.0,2.0,0.0,1.0,1,2,2014-01-16,REG
SJS_FLA_2014-01-16,FLA,2013020714,home,0,5.0,0.0,7.0,0.0,0.0,0.0,0,2,2014-01-16,REG
MTL_OTT_2014-01-16,MTL,2013020712,away,5,9.0,0.0,2.0,1.0,0.0,0.0,1,2,2014-01-16,OT
MTL_OTT_2014-01-16,OTT,2013020712,home,4,11.0,0.0,6.0,1.0,3.0,2.0,0,2,2014-01-16,OT
LAK_STL_2014-01-16,LAK,2013020715,away,4,2.0,0.0,4.0,2.0,0.0,0.0,1,2,2014-01-16,REG
LAK_STL_2014-01-16,STL,2013020715,home,1,4.0,0.0,2.0,1.0,3.0,0.0,0,2,2014-01-16,REG
EDM_MIN_2014-01-16,EDM,2013020716,away,1,4.0,0.0,5.0,1.0,2.0,1.0,0,2,2014-01-16,REG
EDM_MIN_2014-01-16,MIN,2013020716,home,4,3.0,0.0,5.0,0.0,1.0,1.0,1,2,2014-01-16,REG
BOS_DAL_2014-01-16,BOS,2013020717,away,4,4.0,0.0,5.0,1.0,1.0,2.0,1,2,2014-01-16,REG
BOS_DAL_2014-01-16,DAL,2013020717,home,2,4.0,0.0,2.0,3.0,1.0,0.0,0,2,2014-01-16,REG
NJD_COL_2014-01-16,NJD,2013020718,away,1,2.0,0.0,2.0,2.0,0.0,0.0,0,2,2014-01-16,SO
NJD_COL_2014-01-16,COL,2013020718,home,2,3.0,0.0,3.0,0.0,1.0,0.0,1,2,2014-01-16,SO
WPG_CGY_2014-01-16,WPG,2013020719,away,5,3.0,1.0,1.0,0.0,1.0,0.0,1,2,2014-01-16,REG
WPG_CGY_2014-01-16,CGY,2013020719,home,2,7.0,0.0,2.0,1.0,1.0,0.0,0,2,2014-01-16,REG
VAN_PHX_2014-01-16,VAN,2013020720,away,0,2.0,0.0,3.0,2.0,1.0,1.0,0,2,2014-01-16,REG
VAN_PHX_2014-01-16,PHX,2013020720,home,1,2.0,0.0,5.0,1.0,1.0,0.0,1,2,2014-01-16,REG
WSH_CBJ_2014-01-17,WSH,2013020721,away,1,2.0,0.0,8.0,1.0,1.0,0.0,0,2,2014-01-17,REG
WSH_CBJ_2014-01-17,CBJ,2013020721,home,5,1.0,0.0,4.0,1.0,0.0,1.0,1,2,2014-01-17,REG
ANA_CHI_2014-01-17,ANA,2013020722,away,2,2.0,0.0,2.0,1.0,1.0,2.0,0,2,2014-01-17,REG
ANA_CHI_2014-01-17,CHI,2013020722,home,4,1.0,0.0,11.0,1.0,0.0,2.0,1,2,2014-01-17,REG
EDM_WPG_2014-01-18,EDM,2013020725,away,2,1.0,0.0,7.0,3.0,1.0,0.0,0,2,2014-01-18,OT
EDM_WPG_2014-01-18,WPG,2013020725,home,3,4.0,0.0,5.0,0.0,3.0,1.0,1,2,2014-01-18,OT
NYR_OTT_2014-01-18,NYR,2013020723,away,4,1.0,0.0,1.0,2.0,1.0,0.0,1,2,2014-01-18,REG
NYR_OTT_2014-01-18,OTT,2013020723,home,1,4.0,0.0,2.0,1.0,1.0,1.0,0,2,2014-01-18,REG
SJS_TBL_2014-01-18,SJS,2013020724,away,5,2.0,1.0,6.0,2.0,2.0,2.0,1,2,2014-01-18,REG
SJS_TBL_2014-01-18,TBL,2013020724,home,4,3.0,0.0,3.0,3.0,0.0,0.0,0,2,2014-01-18,REG
FLA_CAR_2014-01-18,FLA,2013020730,away,2,1.0,0.0,3.0,5.0,0.0,0.0,0,2,2014-01-18,REG
FLA_CAR_2014-01-18,CAR,2013020730,home,3,4.0,0.0,2.0,2.0,1.0,2.0,1,2,2014-01-18,REG
LAK_DET_2014-01-18,LAK,2013020728,away,2,0.0,1.0,7.0,3.0,0.0,0.0,0,2,2014-01-18,SO
LAK_DET_2014-01-18,DET,2013020728,home,3,3.0,0.0,7.0,2.0,1.0,0.0,1,2,2014-01-18,SO
CBJ_BUF_2014-01-18,CBJ,2013020726,away,4,4.0,0.0,3.0,0.0,0.0,0.0,1,2,2014-01-18,SO
CBJ_BUF_2014-01-18,BUF,2013020726,home,3,3.0,0.0,1.0,2.0,4.0,1.0,0,2,2014-01-18,SO
MTL_TOR_2014-01-18,MTL,2013020727,away,3,7.0,0.0,2.0,3.0,1.0,0.0,0,2,2014-01-18,REG
MTL_TOR_2014-01-18,TOR,2013020727,home,5,10.0,0.0,3.0,4.0,0.0,0.0,1,2,2014-01-18,REG
NYI_PHI_2014-01-18,NYI,2013020729,away,4,2.0,0.0,3.0,1.0,2.0,0.0,0,2,2014-01-18,REG
NYI_PHI_2014-01-18,PHI,2013020729,home,6,1.0,0.0,3.0,1.0,1.0,1.0,1,2,2014-01-18,REG
ANA_STL_2014-01-18,ANA,2013020731,away,3,1.0,1.0,5.0,4.0,0.0,1.0,1,2,2014-01-18,REG
ANA_STL_2014-01-18,STL,2013020731,home,2,0.0,1.0,5.0,4.0,0.0,2.0,0,2,2014-01-18,REG
NJD_PHX_2014-01-18,NJD,2013020733,away,2,5.0,0.0,6.0,0.0,2.0,1.0,0,2,2014-01-18,REG
NJD_PHX_2014-01-18,PHX,2013020733,home,3,0.0,1.0,5.0,2.0,1.0,0.0,1,2,2014-01-18,REG
COL_NSH_2014-01-18,COL,2013020732,away,5,11.0,0.0,8.0,1.0,1.0,3.0,1,2,2014-01-18,REG
COL_NSH_2014-01-18,NSH,2013020732,home,4,1.0,0.0,4.0,1.0,4.0,0.0,0,2,2014-01-18,REG
DAL_MIN_2014-01-18,DAL,2013020734,away,2,1.0,0.0,1.0,1.0,0.0,0.0,0,2,2014-01-18,OT
DAL_MIN_2014-01-18,MIN,2013020734,home,3,0.0,0.0,0.0,2.0,0.0,1.0,1,2,2014-01-18,OT
CGY_VAN_2014-01-18,CGY,2013020735,away,2,1.0,0.0,0.0,1.0,0.0,2.0,0,2,2014-01-18,SO
CGY_VAN_2014-01-18,VAN,2013020735,home,3,5.0,0.0,1.0,5.0,2.0,1.0,1,2,2014-01-18,SO
BOS_CHI_2014-01-19,BOS,2013020736,away,2,6.0,0.0,1.0,1.0,2.0,1.0,0,2,2014-01-19,SO
BOS_CHI_2014-01-19,CHI,2013020736,home,3,1.0,0.0,4.0,2.0,1.0,2.0,1,2,2014-01-19,SO
TBL_CAR_2014-01-19,TBL,2013020737,away,5,2.0,0.0,3.0,6.0,1.0,0.0,1,2,2014-01-19,REG
TBL_CAR_2014-01-19,CAR,2013020737,home,3,5.0,0.0,4.0,2.0,0.0,2.0,0,2,2014-01-19,REG
WSH_NYR_2014-01-19,WSH,2013020738,away,1,6.0,1.0,6.0,6.0,1.0,0.0,0,2,2014-01-19,REG
WSH_NYR_2014-01-19,NYR,2013020738,home,4,4.0,0.0,0.0,6.0,0.0,0.0,1,2,2014-01-19,REG
PHI_NYI_2014-01-20,PHI,2013020740,away,3,4.0,0.0,1.0,3.0,1.0,1.0,0,2,2014-01-20,SO
PHI_NYI_2014-01-20,NYI,2013020740,home,4,1.0,0.0,2.0,0.0,1.0,0.0,1,2,2014-01-20,SO
LAK_BOS_2014-01-20,LAK,2013020739,away,2,1.0,0.0,3.0,2.0,0.0,1.0,0,2,2014-01-20,REG
LAK_BOS_2014-01-20,BOS,2013020739,home,3,5.0,0.0,4.0,0.0,1.0,0.0,1,2,2014-01-20,REG
FLA_PIT_2014-01-20,FLA,2013020741,away,5,5.0,0.0,3.0,0.0,1.0,1.0,1,2,2014-01-20,REG
FLA_PIT_2014-01-20,PIT,2013020741,home,1,2.0,0.0,4.0,1.0,3.0,0.0,0,2,2014-01-20,REG
STL_DET_2014-01-20,STL,2013020742,away,4,2.0,0.0,3.0,1.0,0.0,0.0,1,2,2014-01-20,REG
STL_DET_2014-01-20,DET,2013020742,home,1,2.0,0.0,3.0,1.0,1.0,0.0,0,2,2014-01-20,REG
DAL_NSH_2014-01-20,DAL,2013020743,away,1,3.0,0.0,1.0,1.0,0.0,0.0,0,2,2014-01-20,REG
DAL_NSH_2014-01-20,NSH,2013020743,home,4,0.0,0.0,4.0,3.0,2.0,1.0,1,2,2014-01-20,REG
TOR_PHX_2014-01-20,TOR,2013020744,away,4,3.0,0.0,2.0,0.0,0.0,0.0,1,2,2014-01-20,REG
TOR_PHX_2014-01-20,PHX,2013020744,home,2,0.0,0.0,6.0,3.0,2.0,0.0,0,2,2014-01-20,REG
CGY_SJS_2014-01-20,CGY,2013020745,away,2,4.0,0.0,1.0,6.0,2.0,1.0,0,2,2014-01-20,REG
CGY_SJS_2014-01-20,SJS,2013020745,home,3,1.0,1.0,2.0,4.0,1.0,0.0,1,2,2014-01-20,REG
LAK_CBJ_2014-01-21,LAK,2013020751,away,3,3.0,0.0,5.0,2.0,2.0,1.0,0,2,2014-01-21,REG
LAK_CBJ_2014-01-21,CBJ,2013020751,home,5,5.0,0.0,7.0,2.0,1.0,1.0,1,2,2014-01-21,REG
NYI_NYR_2014-01-21,NYI,2013020748,away,5,3.0,0.0,1.0,0.0,2.0,0.0,1,2,2014-01-21,REG
NYI_NYR_2014-01-21,NYR,2013020748,home,3,2.0,0.0,1.0,1.0,2.0,1.0,0,2,2014-01-21,REG
OTT_WSH_2014-01-21,OTT,2013020750,away,2,8.0,0.0,3.0,1.0,0.0,0.0,1,2,2014-01-21,REG
OTT_WSH_2014-01-21,WSH,2013020750,home,0,2.0,0.0,2.0,2.0,1.0,1.0,0,2,2014-01-21,REG
FLA_BUF_2014-01-21,FLA,2013020746,away,4,2.0,0.0,2.0,0.0,0.0,1.0,1,2,2014-01-21,REG
FLA_BUF_2014-01-21,BUF,2013020746,home,3,3.0,1.0,5.0,2.0,1.0,0.0,0,2,2014-01-21,REG
STL_NJD_2014-01-21,STL,2013020747,away,1,0.0,0.0,4.0,1.0,1.0,0.0,0,2,2014-01-21,REG
STL_NJD_2014-01-21,NJD,2013020747,home,7,4.0,0.0,2.0,4.0,0.0,0.0,1,2,2014-01-21,REG
MIN_DAL_2014-01-21,MIN,2013020752,away,0,3.0,0.0,1.0,0.0,0.0,0.0,0,2,2014-01-21,REG
MIN_DAL_2014-01-21,DAL,2013020752,home,4,5.0,0.0,2.0,3.0,1.0,2.0,1,2,2014-01-21,REG
TOR_COL_2014-01-21,TOR,2013020753,away,5,4.0,0.0,3.0,4.0,0.0,2.0,1,2,2014-01-21,REG
TOR_COL_2014-01-21,COL,2013020753,home,2,4.0,0.0,5.0,1.0,0.0,1.0,0,2,2014-01-21,REG
VAN_EDM_2014-01-21,VAN,2013020754,away,2,0.0,0.0,0.0,1.0,1.0,0.0,1,2,2014-01-21,REG
VAN_EDM_2014-01-21,EDM,2013020754,home,1,2.0,0.0,6.0,2.0,9.0,3.0,0,2,2014-01-21,REG
WPG_ANA_2014-01-21,WPG,2013020755,away,3,4.0,0.0,3.0,6.0,2.0,0.0,1,2,2014-01-21,REG
WPG_ANA_2014-01-21,ANA,2013020755,home,2,3.0,1.0,6.0,0.0,2.0,0.0,0,2,2014-01-21,REG
CAR_PHI_2014-01-22,CAR,2013020749,away,3,3.0,0.0,5.0,2.0,0.0,1.0,1,2,2014-01-22,REG
CAR_PHI_2014-01-22,PHI,2013020749,home,2,3.0,0.0,6.0,2.0,0.0,1.0,0,2,2014-01-22,REG
MTL_PIT_2014-01-22,MTL,2013020756,away,1,10.0,0.0,1.0,7.0,0.0,0.0,0,2,2014-01-22,REG
MTL_PIT_2014-01-22,PIT,2013020756,home,5,2.0,0.0,2.0,0.0,0.0,1.0,1,2,2014-01-22,REG
CHI_DET_2014-01-22,CHI,2013020757,away,4,1.0,1.0,5.0,0.0,0.0,1.0,0,2,2014-01-22,SO
CHI_DET_2014-01-22,DET,2013020757,home,5,1.0,0.0,6.0,1.0,1.0,3.0,1,2,2014-01-22,SO
PHX_CGY_2014-01-22,PHX,2013020758,away,2,0.0,0.0,1.0,0.0,0.0,1.0,0,2,2014-01-22,REG
PHX_CGY_2014-01-22,CGY,2013020758,home,3,6.0,0.0,1.0,4.0,1.0,0.0,1,2,2014-01-22,REG
CAR_BUF_2014-01-23,CAR,2013020759,away,5,2.0,0.0,11.0,3.0,1.0,1.0,1,2,2014-01-23,REG
CAR_BUF_2014-01-23,BUF,2013020759,home,3,7.0,0.0,2.0,1.0,0.0,0.0,0,2,2014-01-23,REG
STL_NYR_2014-01-23,STL,2013020760,away,2,1.0,0.0,2.0,4.0,1.0,1.0,1,2,2014-01-23,REG
STL_NYR_2014-01-23,NYR,2013020760,home,1,4.0,0.0,1.0,3.0,2.0,0.0,0,2,2014-01-23,REG
PHI_CBJ_2014-01-23,PHI,2013020761,away,2,1.0,0.0,3.0,3.0,0.0,0.0,0,2,2014-01-23,REG
PHI_CBJ_2014-01-23,CBJ,2013020761,home,5,3.0,0.0,3.0,2.0,1.0,1.0,1,2,2014-01-23,REG
PIT_NYI_2014-01-23,PIT,2013020763,away,6,4.0,0.0,0.0,0.0,0.0,1.0,1,2,2014-01-23,REG
PIT_NYI_2014-01-23,NYI,2013020763,home,4,3.0,0.0,1.0,1.0,4.0,0.0,0,2,2014-01-23,REG
OTT_TBL_2014-01-23,OTT,2013020762,away,3,3.0,0.0,3.0,1.0,3.0,1.0,0,2,2014-01-23,SO
OTT_TBL_2014-01-23,TBL,2013020762,home,4,1.0,0.0,8.0,4.0,1.0,1.0,1,2,2014-01-23,SO
TOR_DAL_2014-01-23,TOR,2013020765,away,1,1.0,0.0,3.0,1.0,1.0,0.0,0,2,2014-01-23,REG
TOR_DAL_2014-01-23,DAL,2013020765,home,7,2.0,1.0,4.0,4.0,1.0,1.0,1,2,2014-01-23,REG
CHI_MIN_2014-01-23,CHI,2013020764,away,1,1.0,0.0,6.0,0.0,0.0,1.0,0,2,2014-01-23,REG
CHI_MIN_2014-01-23,MIN,2013020764,home,2,3.0,0.0,3.0,3.0,0.0,1.0,1,2,2014-01-23,REG
NSH_VAN_2014-01-23,NSH,2013020766,away,2,4.0,0.0,0.0,2.0,0.0,1.0,1,2,2014-01-23,REG
NSH_VAN_2014-01-23,VAN,2013020766,home,1,2.0,0.0,2.0,0.0,2.0,0.0,0,2,2014-01-23,REG
LAK_ANA_2014-01-23,LAK,2013020767,away,1,4.0,0.0,6.0,1.0,1.0,0.0,0,2,2014-01-23,REG
LAK_ANA_2014-01-23,ANA,2013020767,home,2,5.0,0.0,0.0,2.0,3.0,1.0,1,2,2014-01-23,REG
WPG_SJS_2014-01-23,WPG,2013020768,away,0,4.0,0.0,3.0,3.0,2.0,0.0,0,2,2014-01-23,REG
WPG_SJS_2014-01-23,SJS,2013020768,home,1,0.0,0.0,4.0,1.0,3.0,0.0,1,2,2014-01-23,REG
WSH_NJD_2014-01-24,WSH,2013020769,away,1,2.0,0.0,3.0,1.0,0.0,0.0,0,2,2014-01-24,REG
WSH_NJD_2014-01-24,NJD,2013020769,home,2,4.0,0.0,3.0,0.0,0.0,1.0,1,2,2014-01-24,REG
MTL_DET_2014-01-24,MTL,2013020771,away,1,2.0,0.0,1.0,0.0,0.0,0.0,0,2,2014-01-24,REG
MTL_DET_2014-01-24,DET,2013020771,home,4,3.0,0.0,5.0,2.0,1.0,1.0,1,2,2014-01-24,REG
COL_FLA_2014-01-24,COL,2013020772,away,3,2.0,0.0,2.0,0.0,2.0,0.0,1,2,2014-01-24,REG
COL_FLA_2014-01-24,FLA,2013020772,home,2,5.0,0.0,5.0,2.0,0.0,1.0,0,2,2014-01-24,REG
NSH_CGY_2014-01-24,NSH,2013020773,away,4,1.0,0.0,1.0,2.0,1.0,0.0,0,2,2014-01-24,SO
NSH_CGY_2014-01-24,CGY,2013020773,home,5,5.0,0.0,2.0,4.0,1.0,1.0,1,2,2014-01-24,SO
PHX_EDM_2014-01-24,PHX,2013020774,away,4,1.0,0.0,5.0,0.0,0.0,0.0,1,2,2014-01-24,REG
PHX_EDM_2014-01-24,EDM,2013020774,home,3,2.0,0.0,10.0,3.0,7.0,1.0,0,2,2014-01-24,REG
OTT_CAR_2014-01-25,OTT,2013020770,away,3,3.0,0.0,0.0,1.0,0.0,0.0,0,2,2014-01-25,REG
OTT_CAR_2014-01-25,CAR,2013020770,home,6,1.0,0.0,7.0,3.0,0.0,4.0,1,2,2014-01-25,REG
BOS_PHI_2014-01-25,BOS,2013020776,away,6,1.0,0.0,6.0,2.0,0.0,3.0,1,2,2014-01-25,REG
BOS_PHI_2014-01-25,PHI,2013020776,home,1,8.0,0.0,0.0,0.0,0.0,1.0,0,2,2014-01-25,REG
STL_NYI_2014-01-25,STL,2013020775,away,4,3.0,0.0,1.0,3.0,0.0,2.0,1,2,2014-01-25,SO
STL_NYI_2014-01-25,NYI,2013020775,home,3,1.0,0.0,2.0,0.0,3.0,0.0,0,2,2014-01-25,SO
COL_TBL_2014-01-25,COL,2013020778,away,2,2.0,0.0,4.0,1.0,0.0,0.0,0,2,2014-01-25,REG
COL_TBL_2014-01-25,TBL,2013020778,home,5,1.0,0.0,5.0,1.0,1.0,0.0,1,2,2014-01-25,REG
TOR_WPG_2014-01-25,TOR,2013020780,away,4,1.0,1.0,1.0,2.0,1.0,0.0,0,2,2014-01-25,OT
TOR_WPG_2014-01-25,WPG,2013020780,home,5,3.0,0.0,2.0,2.0,1.0,2.0,1,2,2014-01-25,OT
BUF_CBJ_2014-01-25,BUF,2013020779,away,5,4.0,0.0,2.0,5.0,1.0,0.0,1,2,2014-01-25,REG
BUF_CBJ_2014-01-25,CBJ,2013020779,home,2,3.0,0.0,3.0,0.0,0.0,0.0,0,2,2014-01-25,REG
WSH_MTL_2014-01-25,WSH,2013020777,away,5,4.0,0.0,9.0,3.0,1.0,0.0,1,2,2014-01-25,REG
WSH_MTL_2014-01-25,MTL,2013020777,home,0,5.0,0.0,0.0,2.0,0.0,0.0,0,2,2014-01-25,REG
PIT_DAL_2014-01-25,PIT,2013020781,away,0,3.0,0.0,5.0,1.0,2.0,1.0,0,2,2014-01-25,REG
PIT_DAL_2014-01-25,DAL,2013020781,home,3,2.0,0.0,1.0,0.0,0.0,1.0,1,2,2014-01-25,REG
ANA_LAK_2014-01-25,ANA,2013020782,away,3,3.0,0.0,4.0,0.0,0.0,1.0,1,2,2014-01-25,REG
ANA_LAK_2014-01-25,LAK,2013020782,home,0,5.0,0.0,3.0,0.0,2.0,1.0,0,2,2014-01-25,REG
MIN_SJS_2014-01-25,MIN,2013020783,away,2,4.0,0.0,5.0,2.0,1.0,1.0,0,2,2014-01-25,OT
MIN_SJS_2014-01-25,SJS,2013020783,home,3,2.0,0.0,4.0,2.0,2.0,0.0,1,2,2014-01-25,OT
NYR_NJD_2014-01-26,NYR,2013020784,away,7,0.0,0.0,2.0,0.0,0.0,0.0,1,2,2014-01-26,REG
NYR_NJD_2014-01-26,NJD,2013020784,home,3,5.0,0.0,1.0,2.0,0.0,0.0,0,2,2014-01-26,REG
FLA_DET_2014-01-26,FLA,2013020785,away,5,1.0,0.0,2.0,1.0,0.0,0.0,1,2,2014-01-26,SO
FLA_DET_2014-01-26,DET,2013020785,home,4,4.0,0.0,2.0,0.0,1.0,1.0,0,2,2014-01-26,SO
WPG_CHI_2014-01-26,WPG,2013020786,away,3,8.0,0.0,2.0,0.0,0.0,0.0,1,2,2014-01-26,REG
WPG_CHI_2014-01-26,CHI,2013020786,home,1,2.0,0.0,6.0,0.0,1.0,0.0,0,2,2014-01-26,REG
NSH_EDM_2014-01-26,NSH,2013020787,away,1,0.0,0.0,2.0,1.0,3.0,0.0,0,2,2014-01-26,REG
NSH_EDM_2014-01-26,EDM,2013020787,home,5,3.0,0.0,3.0,1.0,3.0,1.0,1,2,2014-01-26,REG
PHX_VAN_2014-01-26,PHX,2013020788,away,4,1.0,0.0,5.0,2.0,1.0,1.0,0,2,2014-01-26,OT
PHX_VAN_2014-01-26,VAN,2013020788,home,5,2.0,0.0,1.0,1.0,0.0,0.0,1,2,2014-01-26,OT
CBJ_CAR_2014-01-27,CBJ,2013020790,away,2,2.0,0.0,1.0,0.0,2.0,0.0,0,2,2014-01-27,REG
CBJ_CAR_2014-01-27,CAR,2013020790,home,3,4.0,0.0,5.0,4.0,0.0,5.0,1,2,2014-01-27,REG
BOS_NYI_2014-01-27,BOS,2013020789,away,6,2.0,0.0,2.0,2.0,2.0,0.0,1,2,2014-01-27,REG
BOS_NYI_2014-01-27,NYI,2013020789,home,3,2.0,0.0,3.0,3.0,1.0,2.0,0,2,2014-01-27,REG
BUF_PIT_2014-01-27,BUF,2013020791,away,0,5.0,0.0,1.0,0.0,0.0,0.0,0,2,2014-01-27,REG
BUF_PIT_2014-01-27,PIT,2013020791,home,3,2.0,0.0,4.0,2.0,2.0,0.0,1,2,2014-01-27,REG
COL_DAL_2014-01-27,COL,2013020792,away,4,6.0,0.0,1.0,4.0,0.0,0.0,1,2,2014-01-27,REG
COL_DAL_2014-01-27,DAL,2013020792,home,3,1.0,0.0,2.0,1.0,0.0,0.0,0,2,2014-01-27,REG
EDM_VAN_2014-01-27,EDM,2013020793,away,4,7.0,0.0,5.0,1.0,1.0,2.0,1,2,2014-01-27,REG
EDM_VAN_2014-01-27,VAN,2013020793,home,2,5.0,0.0,3.0,0.0,0.0,0.0,0,2,2014-01-27,REG
LAK_SJS_2014-01-27,LAK,2013020794,away,1,5.0,0.0,3.0,6.0,3.0,2.0,1,2,2014-01-27,REG
LAK_SJS_2014-01-27,SJS,2013020794,home,0,2.0,0.0,3.0,3.0,2.0,0.0,0,2,2014-01-27,REG
DET_PHI_2014-01-28,DET,2013020797,away,0,3.0,0.0,8.0,2.0,0.0,0.0,0,2,2014-01-28,REG
DET_PHI_2014-01-28,PHI,2013020797,home,5,4.0,0.0,0.0,3.0,1.0,0.0,1,2,2014-01-28,REG
OTT_CBJ_2014-01-28,OTT,2013020798,away,3,0.0,0.0,3.0,3.0,0.0,0.0,1,2,2014-01-28,REG
OTT_CBJ_2014-01-28,CBJ,2013020798,home,2,2.0,0.0,4.0,0.0,1.0,1.0,0,2,2014-01-28,REG
FLA_BOS_2014-01-28,FLA,2013020795,away,2,4.0,0.0,5.0,4.0,3.0,0.0,0,2,2014-01-28,REG
FLA_BOS_2014-01-28,BOS,2013020795,home,6,0.0,0.0,2.0,2.0,0.0,0.0,1,2,2014-01-28,REG
TBL_TOR_2014-01-28,TBL,2013020796,away,2,7.0,0.0,1.0,5.0,1.0,0.0,0,2,2014-01-28,REG
TBL_TOR_2014-01-28,TOR,2013020796,home,3,7.0,0.0,1.0,2.0,0.0,1.0,1,2,2014-01-28,REG
CAR_MTL_2014-01-28,CAR,2013020800,away,0,1.0,0.0,3.0,0.0,0.0,0.0,0,2,2014-01-28,REG
CAR_MTL_2014-01-28,MTL,2013020800,home,3,2.0,0.0,4.0,5.0,1.0,0.0,1,2,2014-01-28,REG
WSH_BUF_2014-01-28,WSH,2013020799,away,5,4.0,1.0,9.0,1.0,1.0,0.0,1,2,2014-01-28,OT
WSH_BUF_2014-01-28,BUF,2013020799,home,4,5.0,0.0,4.0,3.0,0.0,1.0,0,2,2014-01-28,OT
NJD_STL_2014-01-28,NJD,2013020801,away,0,1.0,0.0,1.0,5.0,0.0,1.0,0,2,2014-01-28,REG
NJD_STL_2014-01-28,STL,2013020801,home,3,3.0,0.0,4.0,2.0,1.0,3.0,1,2,2014-01-28,REG
NSH_WPG_2014-01-28,NSH,2013020802,away,4,1.0,0.0,5.0,1.0,2.0,1.0,1,2,2014-01-28,REG
NSH_WPG_2014-01-28,WPG,2013020802,home,3,5.0,0.0,3.0,0.0,2.0,0.0,0,2,2014-01-28,REG
LAK_PHX_2014-01-28,LAK,2013020804,away,0,1.0,0.0,1.0,3.0,1.0,0.0,0,2,2014-01-28,REG
LAK_PHX_2014-01-28,PHX,2013020804,home,3,4.0,0.0,3.0,0.0,1.0,0.0,1,2,2014-01-28,REG
CHI_CGY_2014-01-28,CHI,2013020803,away,4,1.0,0.0,4.0,0.0,2.0,1.0,0,2,2014-01-28,OT
CHI_CGY_2014-01-28,CGY,2013020803,home,5,1.0,0.0,0.0,2.0,0.0,0.0,1,2,2014-01-28,OT
MIN_ANA_2014-01-28,MIN,2013020805,away,4,2.0,0.0,2.0,2.0,1.0,0.0,1,2,2014-01-28,REG
MIN_ANA_2014-01-28,ANA,2013020805,home,2,0.0,0.0,4.0,2.0,2.0,0.0,0,2,2014-01-28,REG
NYR_NYI_2014-01-29,NYR,2013020806,away,2,4.0,0.0,3.0,4.0,1.0,1.0,1,2,2014-01-29,REG
NYR_NYI_2014-01-29,NYI,2013020806,home,1,5.0,0.0,3.0,4.0,1.0,3.0,0,2,2014-01-29,REG
SJS_EDM_2014-01-29,SJS,2013020807,away,0,2.0,0.0,4.0,1.0,4.0,3.0,0,2,2014-01-29,REG
SJS_EDM_2014-01-29,EDM,2013020807,home,3,1.0,0.0,5.0,2.0,5.0,1.0,1,2,2014-01-29,REG
CHI_VAN_2014-01-29,CHI,2013020808,away,5,1.0,0.0,8.0,3.0,1.0,1.0,1,2,2014-01-29,REG
CHI_VAN_2014-01-29,VAN,2013020808,home,2,5.0,0.0,3.0,2.0,2.0,2.0,0,2,2014-01-29,REG
MTL_BOS_2014-01-30,MTL,2013020809,away,4,1.0,0.0,2.0,3.0,2.0,1.0,1,2,2014-01-30,REG
MTL_BOS_2014-01-30,BOS,2013020809,home,1,1.0,0.0,6.0,2.0,1.0,2.0,0,2,2014-01-30,REG
WSH_CBJ_2014-01-30,WSH,2013020811,away,2,3.0,0.0,4.0,0.0,0.0,0.0,0,2,2014-01-30,REG
WSH_CBJ_2014-01-30,CBJ,2013020811,home,5,7.0,0.0,1.0,2.0,0.0,1.0,1,2,2014-01-30,REG
FLA_TOR_2014-01-30,FLA,2013020810,away,3,4.0,0.0,1.0,1.0,3.0,2.0,0,2,2014-01-30,REG
FLA_TOR_2014-01-30,TOR,2013020810,home,6,9.0,0.0,2.0,2.0,2.0,3.0,1,2,2014-01-30,REG
TBL_OTT_2014-01-30,TBL,2013020812,away,3,1.0,0.0,4.0,3.0,0.0,0.0,0,2,2014-01-30,REG
TBL_OTT_2014-01-30,OTT,2013020812,home,5,11.0,0.0,4.0,2.0,1.0,1.0,1,2,2014-01-30,REG
NJD_DAL_2014-01-30,NJD,2013020813,away,3,5.0,0.0,2.0,3.0,0.0,0.0,1,2,2014-01-30,OT
NJD_DAL_2014-01-30,DAL,2013020813,home,2,3.0,0.0,1.0,1.0,0.0,0.0,0,2,2014-01-30,OT
MIN_COL_2014-01-30,MIN,2013020814,away,4,4.0,0.0,2.0,2.0,0.0,1.0,0,2,2014-01-30,REG
MIN_COL_2014-01-30,COL,2013020814,home,5,5.0,0.0,4.0,1.0,1.0,0.0,1,2,2014-01-30,REG
BUF_PHX_2014-01-30,BUF,2013020816,away,3,3.0,1.0,3.0,3.0,1.0,0.0,1,2,2014-01-30,REG
BUF_PHX_2014-01-30,PHX,2013020816,home,2,6.0,0.0,13.0,3.0,3.0,0.0,0,2,2014-01-30,REG
SJS_CGY_2014-01-30,SJS,2013020815,away,1,1.0,0.0,4.0,1.0,0.0,1.0,0,2,2014-01-30,REG
SJS_CGY_2014-01-30,CGY,2013020815,home,4,3.0,0.0,3.0,2.0,0.0,0.0,1,2,2014-01-30,REG
PHI_ANA_2014-01-30,PHI,2013020817,away,3,1.0,0.0,5.0,1.0,2.0,0.0,0,2,2014-01-30,REG
PHI_ANA_2014-01-30,ANA,2013020817,home,5,0.0,0.0,6.0,4.0,1.0,1.0,1,2,2014-01-30,REG
PIT_LAK_2014-01-30,PIT,2013020818,away,4,6.0,1.0,2.0,1.0,1.0,0.0,1,2,2014-01-30,REG
PIT_LAK_2014-01-30,LAK,2013020818,home,1,1.0,0.0,6.0,1.0,2.0,0.0,0,2,2014-01-30,REG
STL_CAR_2014-01-31,STL,2013020820,away,1,2.0,0.0,3.0,5.0,0.0,1.0,0,2,2014-01-31,REG
STL_CAR_2014-01-31,CAR,2013020820,home,3,3.0,0.0,0.0,1.0,3.0,2.0,1,2,2014-01-31,REG
NYI_NYR_2014-01-31,NYI,2013020819,away,1,0.0,0.0,4.0,2.0,0.0,1.0,0,2,2014-01-31,REG
NYI_NYR_2014-01-31,NYR,2013020819,home,4,3.0,0.0,1.0,4.0,2.0,0.0,1,2,2014-01-31,REG
WSH_DET_2014-01-31,WSH,2013020821,away,3,4.0,0.0,7.0,3.0,0.0,0.0,0,2,2014-01-31,SO
WSH_DET_2014-01-31,DET,2013020821,home,4,2.0,0.0,4.0,0.0,3.0,0.0,1,2,2014-01-31,SO
NJD_NSH_2014-01-31,NJD,2013020822,away,2,3.0,0.0,1.0,1.0,1.0,0.0,0,2,2014-01-31,OT
NJD_NSH_2014-01-31,NSH,2013020822,home,3,3.0,0.0,6.0,2.0,2.0,1.0,1,2,2014-01-31,OT
VAN_WPG_2014-01-31,VAN,2013020823,away,3,7.0,0.0,4.0,1.0,3.0,0.0,0,2,2014-01-31,REG
VAN_WPG_2014-01-31,WPG,2013020823,home,4,3.0,0.0,1.0,3.0,0.0,1.0,1,2,2014-01-31,REG
TBL_MTL_2014-02-01,TBL,2013020825,away,2,5.0,0.0,4.0,1.0,2.0,0.0,1,2,2014-02-01,OT
TBL_MTL_2014-02-01,MTL,2013020825,home,1,4.0,0.0,0.0,3.0,0.0,2.0,0,2,2014-02-01,OT
EDM_BOS_2014-02-01,EDM,2013020824,away,0,2.0,0.0,6.0,1.0,2.0,1.0,0,2,2014-02-01,REG
EDM_BOS_2014-02-01,BOS,2013020824,home,4,2.0,0.0,4.0,2.0,0.0,1.0,1,2,2014-02-01,REG
BUF_COL_2014-02-01,BUF,2013020826,away,1,0.0,0.0,7.0,1.0,0.0,0.0,0,2,2014-02-01,REG
BUF_COL_2014-02-01,COL,2013020826,home,7,3.0,0.0,5.0,0.0,0.0,1.0,1,2,2014-02-01,REG
PHI_LAK_2014-02-01,PHI,2013020827,away,2,2.0,0.0,0.0,2.0,1.0,0.0,1,2,2014-02-01,REG
PHI_LAK_2014-02-01,LAK,2013020827,home,0,7.0,0.0,3.0,0.0,3.0,0.0,0,2,2014-02-01,REG
OTT_TOR_2014-02-01,OTT,2013020828,away,3,6.0,0.0,2.0,0.0,1.0,0.0,0,2,2014-02-01,REG
OTT_TOR_2014-02-01,TOR,2013020828,home,6,8.0,0.0,8.0,4.0,2.0,1.0,1,2,2014-02-01,REG
FLA_CBJ_2014-02-01,FLA,2013020829,away,1,5.0,0.0,2.0,1.0,1.0,0.0,0,2,2014-02-01,REG
FLA_CBJ_2014-02-01,CBJ,2013020829,home,4,0.0,0.0,6.0,3.0,0.0,1.0,1,2,2014-02-01,REG
NSH_STL_2014-02-01,NSH,2013020830,away,3,1.0,0.0,2.0,1.0,1.0,3.0,0,2,2014-02-01,SO
NSH_STL_2014-02-01,STL,2013020830,home,4,2.0,1.0,4.0,4.0,0.0,2.0,1,2,2014-02-01,SO
PIT_PHX_2014-02-01,PIT,2013020831,away,1,3.0,0.0,3.0,1.0,1.0,0.0,0,2,2014-02-01,REG
PIT_PHX_2014-02-01,PHX,2013020831,home,3,2.0,0.0,5.0,2.0,1.0,0.0,1,2,2014-02-01,REG
MIN_CGY_2014-02-01,MIN,2013020832,away,3,1.0,0.0,4.0,0.0,0.0,1.0,0,2,2014-02-01,OT
MIN_CGY_2014-02-01,CGY,2013020832,home,4,7.0,0.0,1.0,2.0,1.0,0.0,1,2,2014-02-01,OT
DAL_ANA_2014-02-01,DAL,2013020833,away,2,3.0,0.0,1.0,1.0,1.0,0.0,1,2,2014-02-01,REG
DAL_ANA_2014-02-01,ANA,2013020833,home,0,2.0,0.0,2.0,0.0,1.0,0.0,0,2,2014-02-01,REG
CHI_SJS_2014-02-01,CHI,2013020834,away,1,0.0,0.0,6.0,3.0,4.0,5.0,0,2,2014-02-01,SO
CHI_SJS_2014-02-01,SJS,2013020834,home,2,2.0,0.0,4.0,5.0,2.0,2.0,1,2,2014-02-01,SO
DET_WSH_2014-02-02,DET,2013020835,away,5,3.0,0.0,4.0,1.0,0.0,1.0,0,2,2014-02-02,OT
DET_WSH_2014-02-02,WSH,2013020835,home,6,5.0,1.0,7.0,2.0,2.0,1.0,1,2,2014-02-02,OT
WPG_MTL_2014-02-02,WPG,2013020836,away,2,1.0,0.0,2.0,0.0,0.0,0.0,1,2,2014-02-02,REG
WPG_MTL_2014-02-02,MTL,2013020836,home,1,10.0,0.0,1.0,2.0,0.0,0.0,0,2,2014-02-02,REG
OTT_PIT_2014-02-03,OTT,2013020838,away,1,5.0,0.0,1.0,2.0,0.0,1.0,0,2,2014-02-03,OT
OTT_PIT_2014-02-03,PIT,2013020838,home,2,7.0,0.0,4.0,2.0,1.0,1.0,1,2,2014-02-03,OT
EDM_BUF_2014-02-03,EDM,2013020837,away,3,3.0,0.0,3.0,2.0,0.0,2.0,1,2,2014-02-03,REG
EDM_BUF_2014-02-03,BUF,2013020837,home,2,5.0,1.0,4.0,0.0,1.0,0.0,0,2,2014-02-03,REG
COL_NJD_2014-02-03,COL,2013020840,away,2,3.0,0.0,0.0,1.0,0.0,0.0,1,2,2014-02-03,OT
COL_NJD_2014-02-03,NJD,2013020840,home,1,3.0,0.0,3.0,0.0,1.0,0.0,0,2,2014-02-03,OT
VAN_DET_2014-02-03,VAN,2013020839,away,0,5.0,0.0,5.0,1.0,0.0,2.0,0,2,2014-02-03,REG
VAN_DET_2014-02-03,DET,2013020839,home,2,2.0,1.0,3.0,0.0,1.0,2.0,1,2,2014-02-03,REG
CBJ_ANA_2014-02-03,CBJ,2013020841,away,4,3.0,0.0,3.0,2.0,1.0,0.0,1,2,2014-02-03,REG
CBJ_ANA_2014-02-03,ANA,2013020841,home,2,1.0,0.0,3.0,1.0,0.0,0.0,0,2,2014-02-03,REG
PHI_SJS_2014-02-03,PHI,2013020843,away,5,1.0,0.0,1.0,3.0,0.0,1.0,1,2,2014-02-03,REG
PHI_SJS_2014-02-03,SJS,2013020843,home,2,2.0,0.0,1.0,3.0,5.0,2.0,0,2,2014-02-03,REG
CHI_LAK_2014-02-03,CHI,2013020842,away,5,2.0,0.0,5.0,1.0,2.0,0.0,1,2,2014-02-03,REG
CHI_LAK_2014-02-03,LAK,2013020842,home,3,7.0,0.0,5.0,3.0,8.0,0.0,0,2,2014-02-03,REG
VAN_BOS_2014-02-04,VAN,2013020844,away,1,6.0,0.0,4.0,1.0,1.0,2.0,0,2,2014-02-04,REG
VAN_BOS_2014-02-04,BOS,2013020844,home,3,1.0,0.0,1.0,2.0,0.0,1.0,1,2,2014-02-04,REG
COL_NYR_2014-02-04,COL,2013020845,away,1,4.0,0.0,3.0,4.0,1.0,1.0,0,2,2014-02-04,REG
COL_NYR_2014-02-04,NYR,2013020845,home,5,5.0,0.0,0.0,4.0,0.0,0.0,1,2,2014-02-04,REG
WPG_CAR_2014-02-04,WPG,2013020846,away,2,0.0,0.0,1.0,3.0,0.0,1.0,1,2,2014-02-04,REG
WPG_CAR_2014-02-04,CAR,2013020846,home,1,2.0,0.0,1.0,2.0,0.0,1.0,0,2,2014-02-04,REG
TOR_FLA_2014-02-04,TOR,2013020848,away,1,3.0,0.0,3.0,1.0,0.0,0.0,0,2,2014-02-04,REG
TOR_FLA_2014-02-04,FLA,2013020848,home,4,1.0,0.0,8.0,1.0,0.0,0.0,1,2,2014-02-04,REG
NYI_WSH_2014-02-04,NYI,2013020849,away,1,1.0,0.0,1.0,5.0,2.0,2.0,1,2,2014-02-04,REG
NYI_WSH_2014-02-04,WSH,2013020849,home,0,3.0,0.0,4.0,4.0,0.0,0.0,0,2,2014-02-04,REG
CGY_MTL_2014-02-04,CGY,2013020847,away,0,7.0,0.0,0.0,4.0,2.0,0.0,0,2,2014-02-04,REG
CGY_MTL_2014-02-04,MTL,2013020847,home,2,3.0,0.0,2.0,4.0,0.0,0.0,1,2,2014-02-04,REG
OTT_STL_2014-02-04,OTT,2013020850,away,5,4.0,0.0,2.0,4.0,0.0,1.0,1,2,2014-02-04,SO
OTT_STL_2014-02-04,STL,2013020850,home,4,0.0,0.0,6.0,1.0,2.0,0.0,0,2,2014-02-04,SO
TBL_MIN_2014-02-04,TBL,2013020851,away,1,1.0,0.0,2.0,0.0,0.0,1.0,0,2,2014-02-04,REG
TBL_MIN_2014-02-04,MIN,2013020851,home,2,4.0,0.0,3.0,0.0,0.0,0.0,1,2,2014-02-04,REG
DAL_PHX_2014-02-04,DAL,2013020852,away,3,6.0,1.0,2.0,4.0,0.0,0.0,1,2,2014-02-04,REG
DAL_PHX_2014-02-04,PHX,2013020852,home,1,2.0,0.0,6.0,3.0,0.0,5.0,0,2,2014-02-04,REG
PIT_BUF_2014-02-05,PIT,2013020853,away,5,1.0,0.0,6.0,2.0,1.0,0.0,1,2,2014-02-05,REG
PIT_BUF_2014-02-05,BUF,2013020853,home,1,6.0,0.0,1.0,1.0,1.0,0.0,0,2,2014-02-05,REG
CHI_ANA_2014-02-05,CHI,2013020854,away,2,0.0,0.0,2.0,3.0,2.0,1.0,1,2,2014-02-05,REG
CHI_ANA_2014-02-05,ANA,2013020854,home,0,2.0,0.0,5.0,2.0,1.0,2.0,0,2,2014-02-05,REG
DAL_SJS_2014-02-05,DAL,2013020855,away,1,0.0,0.0,1.0,1.0,0.0,1.0,0,2,2014-02-05,OT
DAL_SJS_2014-02-05,SJS,2013020855,home,2,3.0,0.0,2.0,2.0,2.0,3.0,1,2,2014-02-05,OT
EDM_NYR_2014-02-06,EDM,2013020857,away,2,7.0,0.0,3.0,2.0,2.0,1.0,1,2,2014-02-06,REG
EDM_NYR_2014-02-06,NYR,2013020857,home,1,5.0,0.0,3.0,1.0,1.0,1.0,0,2,2014-02-06,REG
COL_PHI_2014-02-06,COL,2013020858,away,1,6.0,0.0,1.0,0.0,1.0,0.0,0,2,2014-02-06,REG
COL_PHI_2014-02-06,PHI,2013020858,home,3,1.0,0.0,2.0,2.0,1.0,0.0,1,2,2014-02-06,REG
CGY_NYI_2014-02-06,CGY,2013020856,away,4,2.0,0.0,1.0,4.0,1.0,2.0,1,2,2014-02-06,REG
CGY_NYI_2014-02-06,NYI,2013020856,home,2,0.0,0.0,3.0,1.0,0.0,1.0,0,2,2014-02-06,REG
WPG_WSH_2014-02-06,WPG,2013020859,away,2,3.0,0.0,3.0,3.0,0.0,0.0,0,2,2014-02-06,REG
WPG_WSH_2014-02-06,WSH,2013020859,home,4,5.0,0.0,6.0,0.0,0.0,1.0,1,2,2014-02-06,REG
BUF_OTT_2014-02-06,BUF,2013020861,away,2,3.0,0.0,0.0,1.0,0.0,0.0,0,2,2014-02-06,REG
BUF_OTT_2014-02-06,OTT,2013020861,home,3,5.0,0.0,7.0,3.0,0.0,0.0,1,2,2014-02-06,REG
VAN_MTL_2014-02-06,VAN,2013020860,away,2,9.0,0.0,7.0,3.0,1.0,0.0,0,2,2014-02-06,REG
VAN_MTL_2014-02-06,MTL,2013020860,home,5,3.0,0.0,3.0,5.0,0.0,1.0,1,2,2014-02-06,REG
TOR_TBL_2014-02-06,TOR,2013020862,away,4,3.0,0.0,2.0,4.0,0.0,0.0,1,2,2014-02-06,REG
TOR_TBL_2014-02-06,TBL,2013020862,home,1,1.0,0.0,0.0,3.0,2.0,1.0,0,2,2014-02-06,REG
DET_FLA_2014-02-06,DET,2013020863,away,3,0.0,0.0,0.0,0.0,0.0,0.0,1,2,2014-02-06,REG
DET_FLA_2014-02-06,FLA,2013020863,home,1,4.0,0.0,3.0,0.0,0.0,2.0,0,2,2014-02-06,REG
NSH_MIN_2014-02-06,NSH,2013020865,away,2,2.0,0.0,0.0,1.0,0.0,1.0,0,2,2014-02-06,OT
NSH_MIN_2014-02-06,MIN,2013020865,home,3,1.0,0.0,5.0,0.0,0.0,1.0,1,2,2014-02-06,OT
BOS_STL_2014-02-06,BOS,2013020864,away,2,2.0,0.0,4.0,2.0,0.0,0.0,0,2,2014-02-06,OT
BOS_STL_2014-02-06,STL,2013020864,home,3,2.0,0.0,3.0,4.0,1.0,2.0,1,2,2014-02-06,OT
CBJ_LAK_2014-02-06,CBJ,2013020866,away,1,3.0,0.0,1.0,2.0,2.0,0.0,0,2,2014-02-06,OT
CBJ_LAK_2014-02-06,LAK,2013020866,home,2,8.0,0.0,3.0,1.0,3.0,0.0,1,2,2014-02-06,OT
NYR_PIT_2014-02-07,NYR,2013020868,away,4,6.0,1.0,3.0,5.0,1.0,0.0,1,2,2014-02-07,SO
NYR_PIT_2014-02-07,PIT,2013020868,home,3,6.0,0.0,5.0,1.0,2.0,2.0,0,2,2014-02-07,SO
FLA_CAR_2014-02-07,FLA,2013020869,away,1,9.0,0.0,7.0,0.0,0.0,0.0,0,2,2014-02-07,REG
FLA_CAR_2014-02-07,CAR,2013020869,home,5,2.0,1.0,6.0,4.0,1.0,2.0,1,2,2014-02-07,REG
EDM_NJD_2014-02-07,EDM,2013020867,away,1,3.0,0.0,5.0,3.0,1.0,3.0,0,2,2014-02-07,OT
EDM_NJD_2014-02-07,NJD,2013020867,home,2,3.0,0.0,2.0,3.0,2.0,1.0,1,2,2014-02-07,OT
CHI_PHX_2014-02-07,CHI,2013020870,away,0,2.0,0.0,6.0,0.0,1.0,0.0,0,2,2014-02-07,REG
CHI_PHX_2014-02-07,PHX,2013020870,home,2,1.0,1.0,5.0,2.0,0.0,3.0,1,2,2014-02-07,REG
CBJ_SJS_2014-02-07,CBJ,2013020871,away,2,2.0,0.0,2.0,0.0,1.0,0.0,0,2,2014-02-07,REG
CBJ_SJS_2014-02-07,SJS,2013020871,home,3,3.0,0.0,9.0,2.0,4.0,2.0,1,2,2014-02-07,REG
CGY_PHI_2014-02-08,CGY,2013020872,away,1,4.0,0.0,0.0,3.0,1.0,0.0,0,2,2014-02-08,REG
CGY_PHI_2014-02-08,PHI,2013020872,home,2,3.0,0.0,3.0,0.0,1.0,1.0,1,2,2014-02-08,REG
WPG_STL_2014-02-08,WPG,2013020873,away,3,1.0,0.0,3.0,0.0,0.0,0.0,0,2,2014-02-08,SO
WPG_STL_2014-02-08,STL,2013020873,home,4,3.0,0.0,4.0,4.0,0.0,2.0,1,2,2014-02-08,SO
OTT_BOS_2014-02-08,OTT,2013020874,away,2,4.0,0.0,2.0,2.0,2.0,0.0,0,2,2014-02-08,REG
OTT_BOS_2014-02-08,BOS,2013020874,home,7,4.0,0.0,2.0,0.0,0.0,1.0,1,2,2014-02-08,REG
VAN_TOR_2014-02-08,VAN,2013020875,away,1,4.0,0.0,3.0,4.0,0.0,0.0,0,2,2014-02-08,REG
VAN_TOR_2014-02-08,TOR,2013020875,home,3,9.0,0.0,4.0,2.0,1.0,1.0,1,2,2014-02-08,REG
MTL_CAR_2014-02-08,MTL,2013020876,away,4,4.0,0.0,3.0,0.0,1.0,1.0,1,2,2014-02-08,REG
MTL_CAR_2014-02-08,CAR,2013020876,home,1,2.0,0.0,2.0,3.0,3.0,2.0,0,2,2014-02-08,REG
COL_NYI_2014-02-08,COL,2013020878,away,5,1.0,0.0,2.0,1.0,1.0,0.0,1,2,2014-02-08,REG
COL_NYI_2014-02-08,NYI,2013020878,home,2,0.0,0.0,4.0,1.0,1.0,0.0,0,2,2014-02-08,REG
DET_TBL_2014-02-08,DET,2013020877,away,2,2.0,0.0,7.0,2.0,1.0,0.0,0,2,2014-02-08,REG
DET_TBL_2014-02-08,TBL,2013020877,home,4,4.0,0.0,2.0,5.0,3.0,0.0,1,2,2014-02-08,REG
NJD_WSH_2014-02-08,NJD,2013020879,away,0,0.0,0.0,5.0,2.0,0.0,0.0,0,2,2014-02-08,REG
NJD_WSH_2014-02-08,WSH,2013020879,home,3,3.0,0.0,6.0,2.0,1.0,0.0,1,2,2014-02-08,REG
ANA_NSH_2014-02-08,ANA,2013020880,away,5,0.0,0.0,1.0,3.0,2.0,1.0,1,2,2014-02-08,REG
ANA_NSH_2014-02-08,NSH,2013020880,home,2,1.0,0.0,5.0,4.0,0.0,1.0,0,2,2014-02-08,REG
PHX_DAL_2014-02-08,PHX,2013020881,away,1,4.0,0.0,3.0,1.0,2.0,1.0,0,2,2014-02-08,REG
PHX_DAL_2014-02-08,DAL,2013020881,home,2,1.0,0.0,3.0,4.0,0.0,2.0,1,2,2014-02-08,REG
CAR_BUF_2014-02-25,CAR,2013020647,away,2,2.0,0.0,2.0,1.0,0.0,0.0,0,2,2014-02-25,REG
CAR_BUF_2014-02-25,BUF,2013020647,home,3,4.0,0.0,0.0,1.0,0.0,0.0,1,2,2014-02-25,REG
BOS_BUF_2014-02-26,BOS,2013020882,away,4,1.0,0.0,1.0,0.0,0.0,0.0,0,2,2014-02-26,OT
BOS_BUF_2014-02-26,BUF,2013020882,home,5,3.0,0.0,1.0,2.0,0.0,0.0,1,2,2014-02-26,OT
DET_MTL_2014-02-26,DET,2013020883,away,2,4.0,0.0,2.0,2.0,0.0,1.0,1,2,2014-02-26,OT
DET_MTL_2014-02-26,MTL,2013020883,home,1,1.0,0.0,2.0,2.0,1.0,1.0,0,2,2014-02-26,OT
LAK_COL_2014-02-26,LAK,2013020884,away,6,0.0,0.0,1.0,3.0,0.0,0.0,1,2,2014-02-26,REG
LAK_COL_2014-02-26,COL,2013020884,home,4,2.0,0.0,0.0,1.0,1.0,1.0,0,2,2014-02-26,REG
STL_VAN_2014-02-26,STL,2013020885,away,0,2.0,0.0,3.0,1.0,1.0,3.0,0,2,2014-02-26,REG
STL_VAN_2014-02-26,VAN,2013020885,home,1,4.0,0.0,5.0,0.0,4.0,0.0,1,2,2014-02-26,REG
SJS_PHI_2014-02-27,SJS,2013020889,away,7,0.0,1.0,5.0,3.0,0.0,0.0,1,2,2014-02-27,REG
SJS_PHI_2014-02-27,PHI,2013020889,home,3,3.0,0.0,4.0,0.0,0.0,0.0,0,2,2014-02-27,REG
CHI_NYR_2014-02-27,CHI,2013020888,away,1,0.0,0.0,7.0,0.0,2.0,1.0,0,2,2014-02-27,REG
CHI_NYR_2014-02-27,NYR,2013020888,home,2,6.0,0.0,2.0,5.0,1.0,1.0,1,2,2014-02-27,REG
MTL_PIT_2014-02-27,MTL,2013020890,away,6,2.0,0.0,5.0,3.0,0.0,0.0,1,2,2014-02-27,SO
MTL_PIT_2014-02-27,PIT,2013020890,home,5,5.0,0.0,3.0,1.0,1.0,0.0,0,2,2014-02-27,SO
CBJ_NJD_2014-02-27,CBJ,2013020886,away,2,1.0,0.0,0.0,0.0,1.0,2.0,0,2,2014-02-27,REG
CBJ_NJD_2014-02-27,NJD,2013020886,home,5,1.0,0.0,1.0,5.0,0.0,2.0,1,2,2014-02-27,REG
TOR_NYI_2014-02-27,TOR,2013020887,away,4,3.0,0.0,3.0,1.0,2.0,0.0,0,2,2014-02-27,OT
TOR_NYI_2014-02-27,NYI,2013020887,home,5,3.0,0.0,3.0,2.0,5.0,0.0,1,2,2014-02-27,OT
DET_OTT_2014-02-27,DET,2013020891,away,6,2.0,0.0,5.0,1.0,1.0,0.0,1,2,2014-02-27,REG
DET_OTT_2014-02-27,OTT,2013020891,home,1,2.0,0.0,6.0,1.0,1.0,1.0,0,2,2014-02-27,REG
WSH_FLA_2014-02-27,WSH,2013020892,away,5,2.0,0.0,4.0,2.0,0.0,0.0,1,2,2014-02-27,REG
WSH_FLA_2014-02-27,FLA,2013020892,home,4,3.0,0.0,5.0,1.0,0.0,0.0,0,2,2014-02-27,REG
TBL_NSH_2014-02-27,TBL,2013020893,away,2,1.0,0.0,3.0,2.0,0.0,0.0,0,2,2014-02-27,REG
TBL_NSH_2014-02-27,NSH,2013020893,home,3,0.0,1.0,2.0,2.0,0.0,3.0,1,2,2014-02-27,REG
PHX_WPG_2014-02-27,PHX,2013020894,away,2,3.0,1.0,9.0,1.0,2.0,1.0,0,2,2014-02-27,SO
PHX_WPG_2014-02-27,WPG,2013020894,home,3,3.0,0.0,4.0,1.0,1.0,1.0,1,2,2014-02-27,SO
CAR_DAL_2014-02-27,CAR,2013020895,away,1,2.0,0.0,3.0,1.0,1.0,1.0,0,2,2014-02-27,REG
CAR_DAL_2014-02-27,DAL,2013020895,home,4,2.0,0.0,3.0,3.0,1.0,1.0,1,2,2014-02-27,REG
MIN_EDM_2014-02-27,MIN,2013020897,away,3,1.0,0.0,3.0,0.0,4.0,2.0,1,2,2014-02-27,REG
MIN_EDM_2014-02-27,EDM,2013020897,home,0,1.0,0.0,1.0,2.0,5.0,3.0,0,2,2014-02-27,REG
LAK_CGY_2014-02-27,LAK,2013020896,away,2,1.0,0.0,0.0,1.0,0.0,0.0,1,2,2014-02-27,REG
LAK_CGY_2014-02-27,CGY,2013020896,home,0,2.0,0.0,0.0,1.0,0.0,1.0,0,2,2014-02-27,REG
SJS_BUF_2014-02-28,SJS,2013020898,away,2,2.0,0.0,1.0,2.0,0.0,0.0,0,2,2014-02-28,REG
SJS_BUF_2014-02-28,BUF,2013020898,home,4,3.0,0.0,0.0,3.0,0.0,0.0,1,2,2014-02-28,REG
PHX_COL_2014-02-28,PHX,2013020899,away,2,3.0,0.0,6.0,5.0,1.0,0.0,0,2,2014-02-28,REG
PHX_COL_2014-02-28,COL,2013020899,home,4,6.0,0.0,4.0,3.0,1.0,2.0,1,2,2014-02-28,REG
STL_ANA_2014-02-28,STL,2013020901,away,0,2.0,0.0,2.0,1.0,1.0,1.0,0,2,2014-02-28,REG
STL_ANA_2014-02-28,ANA,2013020901,home,1,2.0,0.0,3.0,3.0,2.0,0.0,1,2,2014-02-28,REG
MIN_VAN_2014-02-28,MIN,2013020900,away,2,2.0,0.0,1.0,3.0,0.0,0.0,1,2,2014-02-28,SO
MIN_VAN_2014-02-28,VAN,2013020900,home,1,2.0,0.0,4.0,0.0,2.0,0.0,0,2,2014-02-28,SO
WSH_BOS_2014-03-01,WSH,2013020902,away,4,4.0,2.0,9.0,1.0,2.0,1.0,1,2,2014-03-01,REG
WSH_BOS_2014-03-01,BOS,2013020902,home,2,4.0,0.0,9.0,0.0,0.0,0.0,0,2,2014-03-01,REG
NJD_NYI_2014-03-01,NJD,2013020903,away,6,5.0,1.0,5.0,1.0,0.0,0.0,1,2,2014-03-01,REG
NJD_NYI_2014-03-01,NYI,2013020903,home,1,2.0,0.0,2.0,3.0,0.0,2.0,0,2,2014-03-01,REG
NYR_PHI_2014-03-01,NYR,2013020904,away,2,7.0,0.0,5.0,6.0,1.0,0.0,0,2,2014-03-01,REG
NYR_PHI_2014-03-01,PHI,2013020904,home,4,3.0,0.0,4.0,2.0,1.0,2.0,1,2,2014-03-01,REG
FLA_CBJ_2014-03-01,FLA,2013020905,away,3,4.0,0.0,4.0,1.0,0.0,0.0,0,2,2014-03-01,REG
FLA_CBJ_2014-03-01,CBJ,2013020905,home,6,4.0,0.0,7.0,4.0,1.0,0.0,1,2,2014-03-01,REG
WPG_NSH_2014-03-01,WPG,2013020906,away,3,5.0,0.0,1.0,2.0,0.0,0.0,1,2,2014-03-01,REG
WPG_NSH_2014-03-01,NSH,2013020906,home,1,0.0,0.0,2.0,2.0,1.0,1.0,0,2,2014-03-01,REG
TBL_DAL_2014-03-01,TBL,2013020907,away,4,3.0,0.0,0.0,3.0,0.0,0.0,1,2,2014-03-01,REG
TBL_DAL_2014-03-01,DAL,2013020907,home,2,0.0,0.0,6.0,1.0,0.0,1.0,0,2,2014-03-01,REG
CAR_LAK_2014-03-01,CAR,2013020908,away,1,2.0,0.0,5.0,1.0,0.0,0.0,0,2,2014-03-01,REG
CAR_LAK_2014-03-01,LAK,2013020908,home,3,3.0,0.0,2.0,3.0,2.0,0.0,1,2,2014-03-01,REG
TOR_MTL_2014-03-01,TOR,2013020909,away,3,6.0,0.0,2.0,5.0,0.0,0.0,0,2,2014-03-01,OT
TOR_MTL_2014-03-01,MTL,2013020909,home,4,1.0,0.0,1.0,3.0,0.0,1.0,1,2,2014-03-01,OT
PIT_CHI_2014-03-01,PIT,2013020910,away,1,2.0,0.0,7.0,0.0,0.0,0.0,0,2,2014-03-01,REG
PIT_CHI_2014-03-01,CHI,2013020910,home,5,0.0,0.0,8.0,0.0,3.0,0.0,1,2,2014-03-01,REG
CGY_EDM_2014-03-01,CGY,2013020911,away,2,2.0,0.0,1.0,4.0,1.0,0.0,1,2,2014-03-01,OT
CGY_EDM_2014-03-01,EDM,2013020911,home,1,2.0,0.0,2.0,1.0,3.0,0.0,0,2,2014-03-01,OT
PHI_WSH_2014-03-02,PHI,2013020912,away,5,1.0,0.0,3.0,2.0,1.0,0.0,1,2,2014-03-02,OT
PHI_WSH_2014-03-02,WSH,2013020912,home,4,3.0,0.0,6.0,2.0,1.0,0.0,0,2,2014-03-02,OT
SJS_NJD_2014-03-02,SJS,2013020913,away,4,2.0,0.0,1.0,0.0,1.0,2.0,1,2,2014-03-02,REG
SJS_NJD_2014-03-02,NJD,2013020913,home,2,4.0,0.0,3.0,0.0,1.0,1.0,0,2,2014-03-02,REG
FLA_NYI_2014-03-02,FLA,2013020914,away,5,2.0,0.0,3.0,1.0,3.0,0.0,1,2,2014-03-02,REG
FLA_NYI_2014-03-02,NYI,2013020914,home,3,2.0,0.0,4.0,1.0,1.0,1.0,0,2,2014-03-02,REG
OTT_VAN_2014-03-02,OTT,2013020915,away,4,3.0,0.0,1.0,2.0,0.0,1.0,1,2,2014-03-02,REG
OTT_VAN_2014-03-02,VAN,2013020915,home,2,2.0,0.0,1.0,0.0,1.0,2.0,0,2,2014-03-02,REG
BOS_NYR_2014-03-02,BOS,2013020916,away,6,1.0,0.0,6.0,3.0,1.0,0.0,1,2,2014-03-02,REG
BOS_NYR_2014-03-02,NYR,2013020916,home,3,2.0,0.0,6.0,3.0,2.0,1.0,0,2,2014-03-02,REG
TBL_COL_2014-03-02,TBL,2013020917,away,3,3.0,0.0,2.0,4.0,0.0,0.0,0,2,2014-03-02,REG
TBL_COL_2014-03-02,COL,2013020917,home,6,5.0,1.0,5.0,2.0,0.0,1.0,1,2,2014-03-02,REG
STL_PHX_2014-03-02,STL,2013020918,away,4,5.0,0.0,3.0,1.0,0.0,1.0,1,2,2014-03-02,REG
STL_PHX_2014-03-02,PHX,2013020918,home,2,2.0,0.0,4.0,1.0,0.0,0.0,0,2,2014-03-02,REG
CAR_ANA_2014-03-02,CAR,2013020919,away,3,3.0,0.0,6.0,5.0,1.0,1.0,0,2,2014-03-02,REG
CAR_ANA_2014-03-02,ANA,2013020919,home,5,1.0,0.0,5.0,1.0,1.0,1.0,1,2,2014-03-02,REG
CBJ_TOR_2014-03-03,CBJ,2013020920,away,2,4.0,0.0,5.0,0.0,2.0,1.0,1,2,2014-03-03,REG
CBJ_TOR_2014-03-03,TOR,2013020920,home,1,6.0,0.0,1.0,1.0,0.0,1.0,0,2,2014-03-03,REG
BUF_DAL_2014-03-03,BUF,2013020921,away,2,2.0,0.0,1.0,0.0,1.0,0.0,0,2,2014-03-03,REG
BUF_DAL_2014-03-03,DAL,2013020921,home,3,1.0,0.0,1.0,1.0,0.0,0.0,1,2,2014-03-03,REG
CGY_MIN_2014-03-03,CGY,2013020922,away,2,0.0,0.0,2.0,2.0,0.0,0.0,0,2,2014-03-03,REG
CGY_MIN_2014-03-03,MIN,2013020922,home,3,0.0,0.0,0.0,2.0,1.0,1.0,1,2,2014-03-03,REG
MTL_LAK_2014-03-03,MTL,2013020923,away,1,9.0,0.0,2.0,5.0,2.0,0.0,0,2,2014-03-03,REG
MTL_LAK_2014-03-03,LAK,2013020923,home,2,3.0,0.0,3.0,0.0,2.0,1.0,1,2,2014-03-03,REG
DAL_CBJ_2014-03-04,DAL,2013020926,away,2,1.0,0.0,2.0,3.0,1.0,1.0,0,2,2014-03-04,REG
DAL_CBJ_2014-03-04,CBJ,2013020926,home,4,0.0,0.0,1.0,4.0,2.0,1.0,1,2,2014-03-04,REG
DET_NJD_2014-03-04,DET,2013020925,away,3,2.0,0.0,1.0,0.0,1.0,1.0,0,2,2014-03-04,REG
DET_NJD_2014-03-04,NJD,2013020925,home,4,0.0,1.0,5.0,0.0,0.0,0.0,1,2,2014-03-04,REG
FLA_BOS_2014-03-04,FLA,2013020924,away,1,3.0,0.0,4.0,2.0,1.0,0.0,0,2,2014-03-04,REG
FLA_BOS_2014-03-04,BOS,2013020924,home,4,3.0,0.0,2.0,1.0,0.0,0.0,1,2,2014-03-04,REG
PIT_NSH_2014-03-04,PIT,2013020929,away,3,1.0,1.0,3.0,0.0,2.0,1.0,1,2,2014-03-04,REG
PIT_NSH_2014-03-04,NSH,2013020929,home,1,1.0,0.0,1.0,3.0,0.0,0.0,0,2,2014-03-04,REG
COL_CHI_2014-03-04,COL,2013020927,away,4,2.0,0.0,0.0,2.0,1.0,0.0,1,2,2014-03-04,REG
COL_CHI_2014-03-04,CHI,2013020927,home,2,3.0,0.0,7.0,1.0,0.0,2.0,0,2,2014-03-04,REG
NYI_WPG_2014-03-04,NYI,2013020930,away,3,2.0,0.0,5.0,3.0,3.0,1.0,1,2,2014-03-04,OT
NYI_WPG_2014-03-04,WPG,2013020930,home,2,5.0,0.0,3.0,1.0,1.0,1.0,0,2,2014-03-04,OT
TBL_STL_2014-03-04,TBL,2013020928,away,2,1.0,1.0,1.0,1.0,0.0,0.0,0,2,2014-03-04,REG
TBL_STL_2014-03-04,STL,2013020928,home,4,0.0,0.0,3.0,1.0,2.0,2.0,1,2,2014-03-04,REG
VAN_PHX_2014-03-04,VAN,2013020931,away,0,4.0,0.0,2.0,4.0,2.0,0.0,0,2,2014-03-04,REG
VAN_PHX_2014-03-04,PHX,2013020931,home,1,2.0,0.0,3.0,2.0,0.0,0.0,1,2,2014-03-04,REG
OTT_EDM_2014-03-04,OTT,2013020932,away,2,0.0,0.0,6.0,0.0,0.0,3.0,0,2,2014-03-04,REG
OTT_EDM_2014-03-04,EDM,2013020932,home,3,6.0,0.0,6.0,3.0,8.0,4.0,1,2,2014-03-04,REG
CAR_SJS_2014-03-04,CAR,2013020933,away,3,7.0,0.0,2.0,2.0,0.0,2.0,1,2,2014-03-04,OT
CAR_SJS_2014-03-04,SJS,2013020933,home,2,2.0,0.0,2.0,3.0,3.0,0.0,0,2,2014-03-04,OT
TOR_NYR_2014-03-05,TOR,2013020934,away,3,3.0,0.0,0.0,3.0,0.0,0.0,1,2,2014-03-05,OT
TOR_NYR_2014-03-05,NYR,2013020934,home,2,5.0,0.0,3.0,3.0,0.0,2.0,0,2,2014-03-05,OT
WSH_PHI_2014-03-05,WSH,2013020935,away,4,8.0,1.0,4.0,2.0,1.0,0.0,0,2,2014-03-05,REG
WSH_PHI_2014-03-05,PHI,2013020935,home,6,3.0,0.0,3.0,2.0,1.0,0.0,1,2,2014-03-05,REG
OTT_CGY_2014-03-05,OTT,2013020936,away,1,1.0,0.0,3.0,1.0,0.0,2.0,0,2,2014-03-05,REG
OTT_CGY_2014-03-05,CGY,2013020936,home,4,2.0,0.0,2.0,4.0,0.0,1.0,1,2,2014-03-05,REG
MTL_ANA_2014-03-05,MTL,2013020937,away,4,4.0,0.0,7.0,3.0,1.0,2.0,1,2,2014-03-05,SO
MTL_ANA_2014-03-05,ANA,2013020937,home,3,3.0,0.0,3.0,2.0,1.0,3.0,0,2,2014-03-05,SO
LAK_WPG_2014-03-06,LAK,2013020939,away,3,4.0,0.0,5.0,1.0,0.0,0.0,1,2,2014-03-06,REG
LAK_WPG_2014-03-06,WPG,2013020939,home,1,5.0,0.0,8.0,0.0,2.0,2.0,0,2,2014-03-06,REG
WSH_BOS_2014-03-06,WSH,2013020938,away,0,3.0,0.0,3.0,2.0,1.0,1.0,0,2,2014-03-06,REG
WSH_BOS_2014-03-06,BOS,2013020938,home,3,5.0,0.0,3.0,0.0,3.0,1.0,1,2,2014-03-06,REG
BUF_TBL_2014-03-06,BUF,2013020941,away,3,2.0,0.0,0.0,4.0,0.0,0.0,1,2,2014-03-06,REG
BUF_TBL_2014-03-06,TBL,2013020941,home,1,3.0,0.0,4.0,2.0,0.0,0.0,0,2,2014-03-06,REG
STL_NSH_2014-03-06,STL,2013020943,away,2,2.0,0.0,3.0,1.0,0.0,0.0,1,2,2014-03-06,REG
STL_NSH_2014-03-06,NSH,2013020943,home,1,0.0,0.0,2.0,0.0,3.0,0.0,0,2,2014-03-06,REG
CBJ_CHI_2014-03-06,CBJ,2013020942,away,1,2.0,0.0,1.0,1.0,0.0,1.0,0,2,2014-03-06,REG
CBJ_CHI_2014-03-06,CHI,2013020942,home,6,0.0,0.0,3.0,0.0,1.0,0.0,1,2,2014-03-06,REG
COL_DET_2014-03-06,COL,2013020940,away,3,5.0,0.0,1.0,1.0,1.0,0.0,1,2,2014-03-06,OT
COL_DET_2014-03-06,DET,2013020940,home,2,5.0,0.0,2.0,0.0,1.0,0.0,0,2,2014-03-06,OT
VAN_DAL_2014-03-06,VAN,2013020944,away,1,0.0,0.0,4.0,1.0,0.0,0.0,0,2,2014-03-06,REG
VAN_DAL_2014-03-06,DAL,2013020944,home,6,2.0,0.0,0.0,5.0,0.0,0.0,1,2,2014-03-06,REG
MTL_PHX_2014-03-06,MTL,2013020945,away,2,3.0,0.0,2.0,0.0,0.0,0.0,0,2,2014-03-06,REG
MTL_PHX_2014-03-06,PHX,2013020945,home,5,4.0,0.0,3.0,0.0,2.0,0.0,1,2,2014-03-06,REG
NYI_EDM_2014-03-06,NYI,2013020946,away,2,1.0,0.0,4.0,1.0,1.0,3.0,0,2,2014-03-06,OT
NYI_EDM_2014-03-06,EDM,2013020946,home,3,1.0,0.0,5.0,1.0,4.0,1.0,1,2,2014-03-06,OT
PIT_SJS_2014-03-06,PIT,2013020947,away,3,2.0,1.0,4.0,0.0,3.0,1.0,0,2,2014-03-06,REG
PIT_SJS_2014-03-06,SJS,2013020947,home,5,3.0,0.0,4.0,4.0,4.0,3.0,1,2,2014-03-06,REG
NYR_CAR_2014-03-07,NYR,2013020948,away,4,3.0,0.0,4.0,2.0,0.0,0.0,1,2,2014-03-07,REG
NYR_CAR_2014-03-07,CAR,2013020948,home,2,2.0,0.0,1.0,1.0,0.0,1.0,0,2,2014-03-07,REG
BUF_FLA_2014-03-07,BUF,2013020950,away,0,1.0,0.0,5.0,0.0,0.0,0.0,0,2,2014-03-07,REG
BUF_FLA_2014-03-07,FLA,2013020950,home,2,5.0,0.0,6.0,0.0,0.0,0.0,1,2,2014-03-07,REG
NJD_DET_2014-03-07,NJD,2013020949,away,4,4.0,0.0,3.0,0.0,1.0,0.0,0,2,2014-03-07,REG
NJD_DET_2014-03-07,DET,2013020949,home,7,2.0,0.0,5.0,1.0,0.0,1.0,1,2,2014-03-07,REG
NYI_CGY_2014-03-07,NYI,2013020951,away,3,2.0,0.0,1.0,2.0,0.0,0.0,0,2,2014-03-07,REG
NYI_CGY_2014-03-07,CGY,2013020951,home,4,8.0,0.0,2.0,1.0,0.0,0.0,1,2,2014-03-07,REG
PIT_ANA_2014-03-07,PIT,2013020952,away,3,5.0,0.0,2.0,3.0,2.0,1.0,1,2,2014-03-07,SO
PIT_ANA_2014-03-07,ANA,2013020952,home,2,2.0,0.0,2.0,5.0,4.0,0.0,0,2,2014-03-07,SO
STL_COL_2014-03-08,STL,2013020954,away,2,1.0,0.0,4.0,2.0,0.0,4.0,1,2,2014-03-08,REG
STL_COL_2014-03-08,COL,2013020954,home,1,2.0,0.0,2.0,0.0,2.0,3.0,0,2,2014-03-08,REG
OTT_WPG_2014-03-08,OTT,2013020953,away,5,1.0,0.0,5.0,0.0,3.0,2.0,1,2,2014-03-08,REG
OTT_WPG_2014-03-08,WPG,2013020953,home,3,5.0,0.0,7.0,0.0,1.0,0.0,0,2,2014-03-08,REG
CAR_NJD_2014-03-08,CAR,2013020957,away,4,2.0,0.0,1.0,1.0,0.0,1.0,0,2,2014-03-08,REG
CAR_NJD_2014-03-08,NJD,2013020957,home,5,4.0,0.0,2.0,1.0,0.0,0.0,1,2,2014-03-08,REG
PHI_TOR_2014-03-08,PHI,2013020955,away,3,8.0,0.0,5.0,3.0,1.0,0.0,0,2,2014-03-08,OT
PHI_TOR_2014-03-08,TOR,2013020955,home,4,5.0,0.0,4.0,3.0,0.0,1.0,1,2,2014-03-08,OT
BOS_TBL_2014-03-08,BOS,2013020956,away,4,2.0,0.0,3.0,0.0,0.0,1.0,1,2,2014-03-08,SO
BOS_TBL_2014-03-08,TBL,2013020956,home,3,1.0,0.0,1.0,2.0,1.0,0.0,0,2,2014-03-08,SO
PHX_WSH_2014-03-08,PHX,2013020958,away,2,4.0,0.0,4.0,1.0,0.0,2.0,0,2,2014-03-08,REG
PHX_WSH_2014-03-08,WSH,2013020958,home,3,6.0,0.0,7.0,1.0,0.0,0.0,1,2,2014-03-08,REG
CBJ_NSH_2014-03-08,CBJ,2013020959,away,1,3.0,0.0,2.0,2.0,3.0,0.0,1,2,2014-03-08,REG
CBJ_NSH_2014-03-08,NSH,2013020959,home,0,0.0,0.0,3.0,1.0,4.0,0.0,0,2,2014-03-08,REG
MIN_DAL_2014-03-08,MIN,2013020960,away,3,4.0,1.0,4.0,0.0,1.0,0.0,0,2,2014-03-08,REG
MIN_DAL_2014-03-08,DAL,2013020960,home,4,3.0,0.0,2.0,0.0,1.0,1.0,1,2,2014-03-08,REG
MTL_SJS_2014-03-08,MTL,2013020962,away,0,5.0,0.0,5.0,1.0,0.0,2.0,0,2,2014-03-08,REG
MTL_SJS_2014-03-08,SJS,2013020962,home,4,0.0,0.0,4.0,5.0,2.0,0.0,1,2,2014-03-08,REG
CGY_VAN_2014-03-08,CGY,2013020961,away,1,3.0,0.0,3.0,5.0,1.0,0.0,0,2,2014-03-08,REG
CGY_VAN_2014-03-08,VAN,2013020961,home,2,4.0,0.0,3.0,5.0,1.0,2.0,1,2,2014-03-08,REG
DET_NYR_2014-03-09,DET,2013020965,away,0,4.0,0.0,3.0,1.0,0.0,1.0,0,2,2014-03-09,REG
DET_NYR_2014-03-09,NYR,2013020965,home,3,3.0,0.0,2.0,3.0,1.0,0.0,1,2,2014-03-09,REG
BOS_FLA_2014-03-09,BOS,2013020963,away,5,1.0,0.0,3.0,4.0,0.0,0.0,1,2,2014-03-09,REG
BOS_FLA_2014-03-09,FLA,2013020963,home,2,5.0,0.0,2.0,3.0,0.0,0.0,0,2,2014-03-09,REG
CHI_BUF_2014-03-09,CHI,2013020964,away,2,0.0,0.0,4.0,0.0,1.0,0.0,1,2,2014-03-09,REG
CHI_BUF_2014-03-09,BUF,2013020964,home,1,2.0,0.0,4.0,3.0,1.0,0.0,0,2,2014-03-09,REG
LAK_EDM_2014-03-09,LAK,2013020967,away,4,2.0,0.0,12.0,0.0,1.0,1.0,1,2,2014-03-09,REG
LAK_EDM_2014-03-09,EDM,2013020967,home,2,1.0,0.0,4.0,0.0,5.0,2.0,0,2,2014-03-09,REG
STL_MIN_2014-03-09,STL,2013020966,away,3,0.0,0.0,5.0,2.0,0.0,1.0,1,2,2014-03-09,SO
STL_MIN_2014-03-09,MIN,2013020966,home,2,2.0,0.0,1.0,3.0,0.0,1.0,0,2,2014-03-09,SO
PIT_WSH_2014-03-10,PIT,2013020968,away,3,0.0,0.0,8.0,2.0,0.0,2.0,1,2,2014-03-10,REG
PIT_WSH_2014-03-10,WSH,2013020968,home,2,7.0,0.0,4.0,0.0,1.0,0.0,0,2,2014-03-10,REG
NSH_OTT_2014-03-10,NSH,2013020969,away,4,1.0,0.0,5.0,0.0,1.0,1.0,1,2,2014-03-10,OT
NSH_OTT_2014-03-10,OTT,2013020969,home,3,4.0,0.0,10.0,0.0,4.0,1.0,0,2,2014-03-10,OT
PHX_TBL_2014-03-10,PHX,2013020970,away,4,0.0,0.0,3.0,1.0,0.0,0.0,1,2,2014-03-10,SO
PHX_TBL_2014-03-10,TBL,2013020970,home,3,2.0,0.0,4.0,1.0,0.0,1.0,0,2,2014-03-10,SO
WPG_COL_2014-03-10,WPG,2013020972,away,2,5.0,0.0,3.0,3.0,0.0,0.0,0,2,2014-03-10,OT
WPG_COL_2014-03-10,COL,2013020972,home,3,2.0,0.0,4.0,3.0,2.0,0.0,1,2,2014-03-10,OT
LAK_CGY_2014-03-10,LAK,2013020973,away,3,0.0,0.0,0.0,2.0,1.0,0.0,1,2,2014-03-10,REG
LAK_CGY_2014-03-10,CGY,2013020973,home,2,2.0,0.0,2.0,2.0,0.0,0.0,0,2,2014-03-10,REG
NYI_VAN_2014-03-10,NYI,2013020974,away,7,2.0,1.0,5.0,4.0,0.0,3.0,1,2,2014-03-10,REG
NYI_VAN_2014-03-10,VAN,2013020974,home,4,0.0,0.0,2.0,6.0,2.0,2.0,0,2,2014-03-10,REG
TOR_ANA_2014-03-10,TOR,2013020975,away,3,6.0,0.0,0.0,9.0,1.0,1.0,1,2,2014-03-10,REG
TOR_ANA_2014-03-10,ANA,2013020975,home,1,1.0,0.0,3.0,2.0,1.0,0.0,0,2,2014-03-10,REG
NSH_BUF_2014-03-11,NSH,2013020976,away,4,0.0,0.0,0.0,1.0,0.0,0.0,1,2,2014-03-11,REG
NSH_BUF_2014-03-11,BUF,2013020976,home,1,0.0,0.0,4.0,2.0,0.0,0.0,0,2,2014-03-11,REG
DET_CBJ_2014-03-11,DET,2013020979,away,1,2.0,0.0,4.0,1.0,1.0,0.0,0,2,2014-03-11,REG
DET_CBJ_2014-03-11,CBJ,2013020979,home,4,4.0,0.0,2.0,3.0,2.0,1.0,1,2,2014-03-11,REG
NJD_PHI_2014-03-11,NJD,2013020977,away,2,1.0,0.0,3.0,0.0,1.0,2.0,1,2,2014-03-11,REG
NJD_PHI_2014-03-11,PHI,2013020977,home,1,2.0,0.0,2.0,0.0,0.0,0.0,0,2,2014-03-11,REG
NYR_CAR_2014-03-11,NYR,2013020978,away,1,8.0,0.0,2.0,2.0,2.0,0.0,0,2,2014-03-11,REG
NYR_CAR_2014-03-11,CAR,2013020978,home,3,2.0,0.0,2.0,3.0,1.0,3.0,1,2,2014-03-11,REG
WSH_PIT_2014-03-11,WSH,2013020981,away,0,0.0,0.0,4.0,1.0,1.0,0.0,0,2,2014-03-11,REG
WSH_PIT_2014-03-11,PIT,2013020981,home,2,2.0,0.0,6.0,1.0,1.0,1.0,1,2,2014-03-11,REG
PHX_FLA_2014-03-11,PHX,2013020980,away,3,0.0,0.0,5.0,1.0,0.0,1.0,1,2,2014-03-11,REG
PHX_FLA_2014-03-11,FLA,2013020980,home,1,5.0,0.0,0.0,1.0,0.0,0.0,0,2,2014-03-11,REG
EDM_MIN_2014-03-11,EDM,2013020983,away,4,1.0,0.0,5.0,2.0,1.0,0.0,1,2,2014-03-11,SO
EDM_MIN_2014-03-11,MIN,2013020983,home,3,0.0,0.0,0.0,1.0,0.0,1.0,0,2,2014-03-11,SO
DAL_STL_2014-03-11,DAL,2013020982,away,3,2.0,0.0,2.0,1.0,0.0,1.0,1,2,2014-03-11,OT
DAL_STL_2014-03-11,STL,2013020982,home,2,4.0,0.0,2.0,3.0,1.0,1.0,0,2,2014-03-11,OT
TOR_SJS_2014-03-11,TOR,2013020984,away,2,4.0,0.0,1.0,3.0,2.0,0.0,0,2,2014-03-11,REG
TOR_SJS_2014-03-11,SJS,2013020984,home,6,2.0,0.0,6.0,1.0,1.0,0.0,1,2,2014-03-11,REG
BOS_MTL_2014-03-12,BOS,2013020985,away,4,2.0,0.0,3.0,2.0,0.0,2.0,1,2,2014-03-12,REG
BOS_MTL_2014-03-12,MTL,2013020985,home,1,2.0,0.0,3.0,2.0,1.0,0.0,0,2,2014-03-12,REG
VAN_WPG_2014-03-12,VAN,2013020986,away,3,4.0,0.0,6.0,7.0,2.0,1.0,1,2,2014-03-12,SO
VAN_WPG_2014-03-12,WPG,2013020986,home,2,8.0,0.0,3.0,1.0,1.0,3.0,0,2,2014-03-12,SO
CHI_COL_2014-03-12,CHI,2013020987,away,2,0.0,0.0,10.0,3.0,0.0,1.0,0,2,2014-03-12,REG
CHI_COL_2014-03-12,COL,2013020987,home,3,3.0,0.0,4.0,3.0,1.0,1.0,1,2,2014-03-12,REG
ANA_CGY_2014-03-12,ANA,2013020988,away,2,1.0,0.0,3.0,2.0,0.0,0.0,0,2,2014-03-12,REG
ANA_CGY_2014-03-12,CGY,2013020988,home,7,9.0,0.0,2.0,1.0,2.0,0.0,1,2,2014-03-12,REG
BUF_CAR_2014-03-13,BUF,2013020990,away,2,1.0,0.0,4.0,0.0,1.0,1.0,0,2,2014-03-13,REG
BUF_CAR_2014-03-13,CAR,2013020990,home,4,0.0,0.0,5.0,4.0,1.0,0.0,1,2,2014-03-13,REG
PHX_BOS_2014-03-13,PHX,2013020989,away,1,1.0,0.0,2.0,1.0,1.0,0.0,0,2,2014-03-13,REG
PHX_BOS_2014-03-13,BOS,2013020989,home,2,2.0,0.0,0.0,2.0,1.0,1.0,1,2,2014-03-13,REG
SJS_CBJ_2014-03-13,SJS,2013020991,away,4,1.0,0.0,4.0,3.0,1.0,1.0,1,2,2014-03-13,SO
SJS_CBJ_2014-03-13,CBJ,2013020991,home,3,3.0,0.0,5.0,0.0,0.0,0.0,0,2,2014-03-13,SO
FLA_TBL_2014-03-13,FLA,2013020992,away,4,3.0,0.0,0.0,0.0,0.0,1.0,0,2,2014-03-13,REG
FLA_TBL_2014-03-13,TBL,2013020992,home,5,2.0,0.0,4.0,1.0,0.0,1.0,1,2,2014-03-13,REG
EDM_STL_2014-03-13,EDM,2013020993,away,2,4.0,0.0,2.0,1.0,1.0,1.0,0,2,2014-03-13,REG
EDM_STL_2014-03-13,STL,2013020993,home,6,1.0,0.0,5.0,0.0,0.0,1.0,1,2,2014-03-13,REG
NYR_MIN_2014-03-13,NYR,2013020994,away,1,4.0,0.0,4.0,7.0,1.0,0.0,0,2,2014-03-13,REG
NYR_MIN_2014-03-13,MIN,2013020994,home,2,3.0,0.0,4.0,2.0,0.0,2.0,1,2,2014-03-13,REG
TOR_LAK_2014-03-13,TOR,2013020995,away,3,3.0,1.0,2.0,5.0,1.0,1.0,1,2,2014-03-13,REG
TOR_LAK_2014-03-13,LAK,2013020995,home,2,1.0,0.0,7.0,0.0,2.0,0.0,0,2,2014-03-13,REG
VAN_WSH_2014-03-14,VAN,2013020997,away,3,2.0,0.0,7.0,0.0,1.0,0.0,0,2,2014-03-14,REG
VAN_WSH_2014-03-14,WSH,2013020997,home,4,3.0,1.0,3.0,6.0,3.0,0.0,1,2,2014-03-14,REG
SJS_NYI_2014-03-14,SJS,2013020996,away,4,2.0,0.0,3.0,0.0,3.0,0.0,1,2,2014-03-14,REG
SJS_NYI_2014-03-14,NYI,2013020996,home,3,1.0,0.0,2.0,2.0,2.0,3.0,0,2,2014-03-14,REG
NJD_FLA_2014-03-14,NJD,2013020999,away,3,3.0,0.0,2.0,2.0,1.0,2.0,0,2,2014-03-14,REG
NJD_FLA_2014-03-14,FLA,2013020999,home,5,3.0,0.0,0.0,5.0,1.0,0.0,1,2,2014-03-14,REG
EDM_DET_2014-03-14,EDM,2013020998,away,1,0.0,0.0,2.0,2.0,0.0,1.0,0,2,2014-03-14,SO
EDM_DET_2014-03-14,DET,2013020998,home,2,0.0,0.0,0.0,1.0,1.0,0.0,1,2,2014-03-14,SO
NYR_WPG_2014-03-14,NYR,2013021001,away,4,4.0,0.0,1.0,6.0,3.0,0.0,1,2,2014-03-14,REG
NYR_WPG_2014-03-14,WPG,2013021001,home,2,2.0,0.0,5.0,1.0,2.0,2.0,0,2,2014-03-14,REG
NSH_CHI_2014-03-14,NSH,2013021000,away,3,2.0,0.0,2.0,0.0,1.0,0.0,1,2,2014-03-14,REG
NSH_CHI_2014-03-14,CHI,2013021000,home,2,6.0,0.0,5.0,1.0,3.0,1.0,0,2,2014-03-14,REG
CGY_DAL_2014-03-14,CGY,2013021002,away,4,8.0,0.0,5.0,3.0,0.0,0.0,1,2,2014-03-14,SO
CGY_DAL_2014-03-14,DAL,2013021002,home,3,3.0,0.0,3.0,4.0,3.0,0.0,0,2,2014-03-14,SO
ANA_COL_2014-03-14,ANA,2013021003,away,6,0.0,0.0,1.0,1.0,0.0,0.0,1,2,2014-03-14,REG
ANA_COL_2014-03-14,COL,2013021003,home,4,2.0,0.0,5.0,2.0,2.0,0.0,0,2,2014-03-14,REG
PIT_PHI_2014-03-15,PIT,2013021005,away,0,10.0,0.0,6.0,3.0,0.0,2.0,0,2,2014-03-15,REG
PIT_PHI_2014-03-15,PHI,2013021005,home,4,1.0,0.0,1.0,4.0,0.0,2.0,1,2,2014-03-15,REG
CAR_BOS_2014-03-15,CAR,2013021004,away,1,0.0,0.0,1.0,2.0,1.0,0.0,0,2,2014-03-15,REG
CAR_BOS_2014-03-15,BOS,2013021004,home,5,3.0,0.0,4.0,2.0,1.0,0.0,1,2,2014-03-15,REG
NJD_TBL_2014-03-15,NJD,2013021007,away,0,3.0,0.0,4.0,0.0,0.0,2.0,0,2,2014-03-15,REG
NJD_TBL_2014-03-15,TBL,2013021007,home,3,4.0,0.0,1.0,1.0,1.0,1.0,1,2,2014-03-15,REG
BUF_NYI_2014-03-15,BUF,2013021008,away,1,1.0,0.0,6.0,2.0,1.0,0.0,0,2,2014-03-15,REG
BUF_NYI_2014-03-15,NYI,2013021008,home,4,1.0,0.0,3.0,3.0,2.0,1.0,1,2,2014-03-15,REG
OTT_MTL_2014-03-15,OTT,2013021006,away,4,5.0,0.0,3.0,0.0,2.0,0.0,0,2,2014-03-15,OT
OTT_MTL_2014-03-15,MTL,2013021006,home,5,3.0,0.0,3.0,1.0,1.0,1.0,1,2,2014-03-15,OT
STL_NSH_2014-03-15,STL,2013021009,away,4,0.0,0.0,3.0,3.0,3.0,2.0,1,2,2014-03-15,REG
STL_NSH_2014-03-15,NSH,2013021009,home,1,1.0,0.0,3.0,1.0,0.0,0.0,0,2,2014-03-15,REG
CBJ_MIN_2014-03-15,CBJ,2013021010,away,2,3.0,0.0,3.0,0.0,0.0,0.0,1,2,2014-03-15,SO
CBJ_MIN_2014-03-15,MIN,2013021010,home,1,1.0,0.0,5.0,1.0,0.0,1.0,0,2,2014-03-15,SO
CGY_PHX_2014-03-15,CGY,2013021011,away,2,12.0,0.0,2.0,2.0,0.0,0.0,0,2,2014-03-15,REG
CGY_PHX_2014-03-15,PHX,2013021011,home,3,1.0,0.0,2.0,1.0,0.0,0.0,1,2,2014-03-15,REG
ANA_LAK_2014-03-15,ANA,2013021012,away,2,3.0,0.0,2.0,1.0,1.0,0.0,1,2,2014-03-15,REG
ANA_LAK_2014-03-15,LAK,2013021012,home,1,3.0,0.0,4.0,0.0,1.0,0.0,0,2,2014-03-15,REG
PHI_PIT_2014-03-16,PHI,2013021019,away,4,2.0,0.0,3.0,2.0,0.0,1.0,1,2,2014-03-16,REG
PHI_PIT_2014-03-16,PIT,2013021019,home,3,3.0,0.0,2.0,2.0,0.0,0.0,0,2,2014-03-16,REG
TOR_WSH_2014-03-16,TOR,2013021014,away,2,3.0,0.0,3.0,0.0,0.0,0.0,0,2,2014-03-16,REG
TOR_WSH_2014-03-16,WSH,2013021014,home,4,3.0,0.0,3.0,3.0,1.0,1.0,1,2,2014-03-16,REG
EDM_CAR_2014-03-16,EDM,2013021015,away,2,1.0,0.0,4.0,2.0,1.0,2.0,1,2,2014-03-16,REG
EDM_CAR_2014-03-16,CAR,2013021015,home,1,2.0,0.0,3.0,2.0,2.0,2.0,0,2,2014-03-16,REG
VAN_FLA_2014-03-16,VAN,2013021013,away,4,11.0,0.0,2.0,2.0,0.0,0.0,1,2,2014-03-16,SO
VAN_FLA_2014-03-16,FLA,2013021013,home,3,6.0,0.0,5.0,1.0,0.0,0.0,0,2,2014-03-16,SO
SJS_NYR_2014-03-16,SJS,2013021016,away,1,4.0,0.0,2.0,4.0,0.0,1.0,1,2,2014-03-16,REG
SJS_NYR_2014-03-16,NYR,2013021016,home,0,4.0,0.0,5.0,4.0,1.0,1.0,0,2,2014-03-16,REG
COL_OTT_2014-03-16,COL,2013021017,away,3,3.0,1.0,4.0,1.0,3.0,0.0,1,2,2014-03-16,REG
COL_OTT_2014-03-16,OTT,2013021017,home,1,0.0,0.0,5.0,0.0,1.0,1.0,0,2,2014-03-16,REG
MTL_BUF_2014-03-16,MTL,2013021018,away,2,2.0,0.0,2.0,0.0,0.0,0.0,1,2,2014-03-16,REG
MTL_BUF_2014-03-16,BUF,2013021018,home,0,1.0,0.0,2.0,1.0,1.0,1.0,0,2,2014-03-16,REG
DET_CHI_2014-03-16,DET,2013021020,away,1,6.0,0.0,1.0,2.0,0.0,0.0,0,2,2014-03-16,REG
DET_CHI_2014-03-16,CHI,2013021020,home,4,3.0,0.0,8.0,0.0,2.0,0.0,1,2,2014-03-16,REG
DAL_WPG_2014-03-16,DAL,2013021021,away,2,4.0,0.0,1.0,2.0,1.0,1.0,0,2,2014-03-16,REG
DAL_WPG_2014-03-16,WPG,2013021021,home,7,4.0,0.0,7.0,1.0,1.0,2.0,1,2,2014-03-16,REG
MIN_BOS_2014-03-17,MIN,2013021022,away,1,3.0,0.0,3.0,1.0,0.0,0.0,0,2,2014-03-17,REG
MIN_BOS_2014-03-17,BOS,2013021022,home,4,4.0,0.0,2.0,2.0,2.0,0.0,1,2,2014-03-17,REG
VAN_TBL_2014-03-17,VAN,2013021023,away,3,7.0,0.0,1.0,3.0,1.0,0.0,0,2,2014-03-17,REG
VAN_TBL_2014-03-17,TBL,2013021023,home,4,1.0,0.0,3.0,0.0,3.0,2.0,1,2,2014-03-17,REG
WPG_STL_2014-03-17,WPG,2013021024,away,1,5.0,0.0,2.0,2.0,1.0,1.0,0,2,2014-03-17,REG
WPG_STL_2014-03-17,STL,2013021024,home,3,0.0,0.0,5.0,3.0,1.0,0.0,1,2,2014-03-17,REG
PHX_LAK_2014-03-17,PHX,2013021025,away,4,3.0,0.0,7.0,3.0,2.0,1.0,1,2,2014-03-17,REG
PHX_LAK_2014-03-17,LAK,2013021025,home,3,5.0,0.0,3.0,0.0,5.0,0.0,0,2,2014-03-17,REG
CAR_CBJ_2014-03-18,CAR,2013021029,away,3,1.0,1.0,6.0,3.0,1.0,1.0,1,2,2014-03-18,REG
CAR_CBJ_2014-03-18,CBJ,2013021029,home,1,1.0,0.0,5.0,0.0,0.0,0.0,0,2,2014-03-18,REG
MIN_NYI_2014-03-18,MIN,2013021027,away,6,1.0,0.0,2.0,2.0,1.0,2.0,1,2,2014-03-18,REG
MIN_NYI_2014-03-18,NYI,2013021027,home,0,2.0,0.0,2.0,3.0,1.0,0.0,0,2,2014-03-18,REG
DAL_PIT_2014-03-18,DAL,2013021028,away,1,1.0,0.0,1.0,2.0,0.0,0.0,0,2,2014-03-18,REG
DAL_PIT_2014-03-18,PIT,2013021028,home,5,2.0,0.0,3.0,0.0,0.0,0.0,1,2,2014-03-18,REG
BOS_NJD_2014-03-18,BOS,2013021026,away,4,3.0,0.0,2.0,3.0,0.0,2.0,1,2,2014-03-18,REG
BOS_NJD_2014-03-18,NJD,2013021026,home,2,1.0,0.0,1.0,0.0,0.0,0.0,0,2,2014-03-18,REG
CHI_PHI_2014-03-18,CHI,2013021033,away,2,1.0,0.0,3.0,2.0,2.0,2.0,0,2,2014-03-18,OT
CHI_PHI_2014-03-18,PHI,2013021033,home,3,6.0,0.0,2.0,2.0,1.0,0.0,1,2,2014-03-18,OT
NYR_OTT_2014-03-18,NYR,2013021031,away,8,3.0,0.0,2.0,3.0,2.0,0.0,1,2,2014-03-18,REG
NYR_OTT_2014-03-18,OTT,2013021031,home,4,3.0,0.0,7.0,4.0,3.0,1.0,0,2,2014-03-18,REG
COL_MTL_2014-03-18,COL,2013021030,away,3,2.0,0.0,2.0,2.0,0.0,0.0,0,2,2014-03-18,REG
COL_MTL_2014-03-18,MTL,2013021030,home,6,4.0,0.0,5.0,1.0,2.0,0.0,1,2,2014-03-18,REG
TOR_DET_2014-03-18,TOR,2013021032,away,2,2.0,0.0,1.0,1.0,0.0,1.0,0,2,2014-03-18,REG
TOR_DET_2014-03-18,DET,2013021032,home,3,3.0,0.0,4.0,1.0,0.0,0.0,1,2,2014-03-18,REG
BUF_CGY_2014-03-18,BUF,2013021034,away,1,0.0,0.0,2.0,3.0,0.0,1.0,0,2,2014-03-18,REG
BUF_CGY_2014-03-18,CGY,2013021034,home,3,3.0,0.0,3.0,2.0,0.0,2.0,1,2,2014-03-18,REG
NSH_EDM_2014-03-18,NSH,2013021035,away,1,0.0,0.0,2.0,1.0,0.0,0.0,0,2,2014-03-18,REG
NSH_EDM_2014-03-18,EDM,2013021035,home,5,0.0,0.0,2.0,3.0,3.0,3.0,1,2,2014-03-18,REG
WSH_ANA_2014-03-18,WSH,2013021036,away,3,3.0,1.0,6.0,5.0,1.0,1.0,1,2,2014-03-18,REG
WSH_ANA_2014-03-18,ANA,2013021036,home,2,5.0,0.0,4.0,1.0,0.0,1.0,0,2,2014-03-18,REG
FLA_SJS_2014-03-18,FLA,2013021037,away,3,6.0,0.0,0.0,1.0,0.0,0.0,1,2,2014-03-18,REG
FLA_SJS_2014-03-18,SJS,2013021037,home,2,2.0,0.0,7.0,1.0,7.0,2.0,0,2,2014-03-18,REG
TBL_TOR_2014-03-19,TBL,2013021038,away,5,5.0,1.0,3.0,1.0,2.0,1.0,1,2,2014-03-19,REG
TBL_TOR_2014-03-19,TOR,2013021038,home,3,2.0,0.0,4.0,1.0,2.0,0.0,0,2,2014-03-19,REG
COL_WPG_2014-03-19,COL,2013021040,away,4,3.0,0.0,4.0,1.0,1.0,0.0,0,2,2014-03-19,OT
COL_WPG_2014-03-19,WPG,2013021040,home,5,5.0,0.0,4.0,0.0,4.0,0.0,1,2,2014-03-19,OT
STL_CHI_2014-03-19,STL,2013021039,away,0,1.0,0.0,0.0,1.0,1.0,1.0,0,2,2014-03-19,REG
STL_CHI_2014-03-19,CHI,2013021039,home,4,3.0,1.0,4.0,4.0,1.0,0.0,1,2,2014-03-19,REG
NSH_VAN_2014-03-19,NSH,2013021041,away,0,0.0,0.0,2.0,0.0,0.0,1.0,0,2,2014-03-19,REG
NSH_VAN_2014-03-19,VAN,2013021041,home,2,3.0,0.0,3.0,2.0,2.0,1.0,1,2,2014-03-19,REG
DAL_PHI_2014-03-20,DAL,2013021043,away,2,4.0,0.0,1.0,4.0,0.0,0.0,0,2,2014-03-20,REG
DAL_PHI_2014-03-20,PHI,2013021043,home,4,3.0,0.0,2.0,2.0,1.0,2.0,1,2,2014-03-20,REG
MIN_NJD_2014-03-20,MIN,2013021042,away,3,2.0,0.0,2.0,0.0,1.0,1.0,0,2,2014-03-20,OT
MIN_NJD_2014-03-20,NJD,2013021042,home,4,0.0,0.0,4.0,1.0,0.0,1.0,1,2,2014-03-20,OT
TBL_OTT_2014-03-20,TBL,2013021045,away,5,4.0,0.0,1.0,3.0,1.0,1.0,1,2,2014-03-20,REG
TBL_OTT_2014-03-20,OTT,2013021045,home,4,5.0,0.0,5.0,3.0,1.0,2.0,0,2,2014-03-20,REG
PIT_DET_2014-03-20,PIT,2013021046,away,4,1.0,0.0,6.0,1.0,0.0,0.0,0,2,2014-03-20,OT
PIT_DET_2014-03-20,DET,2013021046,home,5,3.0,0.0,9.0,2.0,1.0,0.0,1,2,2014-03-20,OT
CBJ_MTL_2014-03-20,CBJ,2013021044,away,3,1.0,0.0,3.0,3.0,0.0,0.0,1,2,2014-03-20,REG
CBJ_MTL_2014-03-20,MTL,2013021044,home,2,2.0,1.0,2.0,4.0,2.0,0.0,0,2,2014-03-20,REG
BUF_EDM_2014-03-20,BUF,2013021047,away,3,0.0,0.0,4.0,2.0,0.0,1.0,1,2,2014-03-20,REG
BUF_EDM_2014-03-20,EDM,2013021047,home,1,1.0,1.0,11.0,4.0,2.0,1.0,0,2,2014-03-20,REG
FLA_PHX_2014-03-20,FLA,2013021048,away,1,10.0,0.0,1.0,2.0,1.0,1.0,0,2,2014-03-20,REG
FLA_PHX_2014-03-20,PHX,2013021048,home,2,6.0,0.0,4.0,0.0,1.0,2.0,1,2,2014-03-20,REG
ANA_SJS_2014-03-20,ANA,2013021050,away,2,2.0,0.0,0.0,0.0,2.0,1.0,0,2,2014-03-20,REG
ANA_SJS_2014-03-20,SJS,2013021050,home,3,1.0,0.0,2.0,3.0,3.0,2.0,1,2,2014-03-20,REG
WSH_LAK_2014-03-20,WSH,2013021049,away,1,4.0,0.0,4.0,3.0,2.0,1.0,0,2,2014-03-20,SO
WSH_LAK_2014-03-20,LAK,2013021049,home,2,6.0,0.0,5.0,2.0,2.0,1.0,1,2,2014-03-20,SO
NYR_CBJ_2014-03-21,NYR,2013021051,away,3,4.0,0.0,1.0,1.0,0.0,0.0,1,2,2014-03-21,REG
NYR_CBJ_2014-03-21,CBJ,2013021051,home,1,7.0,0.0,1.0,2.0,0.0,0.0,0,2,2014-03-21,REG
CAR_CHI_2014-03-21,CAR,2013021052,away,2,0.0,0.0,1.0,0.0,0.0,0.0,0,2,2014-03-21,REG
CAR_CHI_2014-03-21,CHI,2013021052,home,3,0.0,0.0,9.0,2.0,2.0,0.0,1,2,2014-03-21,REG
NSH_CGY_2014-03-21,NSH,2013021054,away,6,1.0,0.0,3.0,0.0,1.0,1.0,1,2,2014-03-21,REG
NSH_CGY_2014-03-21,CGY,2013021054,home,5,9.0,0.0,3.0,1.0,3.0,1.0,0,2,2014-03-21,REG
BOS_COL_2014-03-21,BOS,2013021053,away,2,3.0,0.0,3.0,3.0,0.0,0.0,1,2,2014-03-21,REG
BOS_COL_2014-03-21,COL,2013021053,home,0,0.0,0.0,1.0,1.0,1.0,0.0,0,2,2014-03-21,REG
TBL_PIT_2014-03-22,TBL,2013021056,away,3,2.0,0.0,5.0,1.0,1.0,1.0,0,2,2014-03-22,OT
TBL_PIT_2014-03-22,PIT,2013021056,home,4,2.0,0.0,5.0,1.0,0.0,0.0,1,2,2014-03-22,OT
STL_PHI_2014-03-22,STL,2013021055,away,1,0.0,0.0,8.0,2.0,0.0,1.0,0,2,2014-03-22,REG
STL_PHI_2014-03-22,PHI,2013021055,home,4,1.0,0.0,1.0,2.0,0.0,0.0,1,2,2014-03-22,REG
DET_MIN_2014-03-22,DET,2013021057,away,3,1.0,1.0,4.0,0.0,0.0,0.0,1,2,2014-03-22,REG
DET_MIN_2014-03-22,MIN,2013021057,home,2,5.0,0.0,5.0,0.0,0.0,1.0,0,2,2014-03-22,REG
OTT_DAL_2014-03-22,OTT,2013021058,away,1,3.0,0.0,1.0,2.0,3.0,1.0,0,2,2014-03-22,REG
OTT_DAL_2014-03-22,DAL,2013021058,home,3,3.0,0.0,3.0,2.0,2.0,1.0,1,2,2014-03-22,REG
FLA_LAK_2014-03-22,FLA,2013021059,away,0,6.0,0.0,0.0,2.0,0.0,0.0,0,2,2014-03-22,REG
FLA_LAK_2014-03-22,LAK,2013021059,home,4,7.0,0.0,6.0,0.0,4.0,2.0,1,2,2014-03-22,REG
MTL_TOR_2014-03-22,MTL,2013021060,away,4,4.0,0.0,1.0,5.0,1.0,0.0,1,2,2014-03-22,REG
MTL_TOR_2014-03-22,TOR,2013021060,home,3,7.0,0.0,2.0,3.0,2.0,0.0,0,2,2014-03-22,REG
CAR_WPG_2014-03-22,CAR,2013021062,away,3,0.0,0.0,6.0,4.0,0.0,1.0,1,2,2014-03-22,REG
CAR_WPG_2014-03-22,WPG,2013021062,home,2,5.0,0.0,3.0,1.0,1.0,0.0,0,2,2014-03-22,REG
NYR_NJD_2014-03-22,NYR,2013021061,away,2,2.0,0.0,1.0,4.0,0.0,0.0,1,2,2014-03-22,REG
NYR_NJD_2014-03-22,NJD,2013021061,home,0,3.0,0.0,1.0,1.0,2.0,3.0,0,2,2014-03-22,REG
BOS_PHX_2014-03-22,BOS,2013021063,away,4,3.0,0.0,3.0,1.0,1.0,0.0,1,2,2014-03-22,REG
BOS_PHX_2014-03-22,PHX,2013021063,home,2,0.0,0.0,1.0,1.0,2.0,1.0,0,2,2014-03-22,REG
CGY_EDM_2014-03-22,CGY,2013021064,away,8,6.0,0.0,3.0,2.0,2.0,0.0,1,2,2014-03-22,REG
CGY_EDM_2014-03-22,EDM,2013021064,home,1,4.0,1.0,4.0,3.0,4.0,1.0,0,2,2014-03-22,REG
WSH_SJS_2014-03-22,WSH,2013021065,away,3,0.0,0.0,5.0,1.0,3.0,0.0,1,2,2014-03-22,SO
WSH_SJS_2014-03-22,SJS,2013021065,home,2,1.0,0.0,6.0,1.0,2.0,1.0,0,2,2014-03-22,SO
STL_PIT_2014-03-23,STL,2013021067,away,1,2.0,0.0,5.0,4.0,0.0,1.0,1,2,2014-03-23,REG
STL_PIT_2014-03-23,PIT,2013021067,home,0,3.0,0.0,5.0,3.0,2.0,0.0,0,2,2014-03-23,REG
CBJ_NYI_2014-03-23,CBJ,2013021066,away,0,2.0,0.0,0.0,0.0,1.0,0.0,0,2,2014-03-23,REG
CBJ_NYI_2014-03-23,NYI,2013021066,home,2,3.0,1.0,3.0,2.0,1.0,1.0,1,2,2014-03-23,REG
NSH_CHI_2014-03-23,NSH,2013021069,away,2,1.0,0.0,0.0,1.0,2.0,1.0,1,2,2014-03-23,REG
NSH_CHI_2014-03-23,CHI,2013021069,home,0,2.0,0.0,7.0,1.0,2.0,0.0,0,2,2014-03-23,REG
TOR_NJD_2014-03-23,TOR,2013021068,away,2,4.0,0.0,4.0,1.0,1.0,1.0,0,2,2014-03-23,REG
TOR_NJD_2014-03-23,NJD,2013021068,home,3,8.0,0.0,3.0,3.0,1.0,1.0,1,2,2014-03-23,REG
MIN_DET_2014-03-23,MIN,2013021070,away,4,7.0,0.0,4.0,1.0,2.0,0.0,1,2,2014-03-23,OT
MIN_DET_2014-03-23,DET,2013021070,home,3,3.0,0.0,0.0,1.0,4.0,0.0,0,2,2014-03-23,OT
FLA_ANA_2014-03-23,FLA,2013021072,away,2,4.0,0.0,1.0,0.0,0.0,0.0,0,2,2014-03-23,REG
FLA_ANA_2014-03-23,ANA,2013021072,home,6,3.0,0.0,5.0,1.0,1.0,1.0,1,2,2014-03-23,REG
BUF_VAN_2014-03-23,BUF,2013021071,away,2,4.0,0.0,1.0,4.0,2.0,1.0,0,2,2014-03-23,REG
BUF_VAN_2014-03-23,VAN,2013021071,home,4,5.0,0.0,5.0,1.0,0.0,2.0,1,2,2014-03-23,REG
LAK_PHI_2014-03-24,LAK,2013021074,away,3,4.0,0.0,6.0,4.0,2.0,0.0,1,2,2014-03-24,REG
LAK_PHI_2014-03-24,PHI,2013021074,home,2,9.0,0.0,4.0,2.0,1.0,0.0,0,2,2014-03-24,REG
PHX_NYR_2014-03-24,PHX,2013021073,away,3,0.0,0.0,5.0,3.0,0.0,0.0,0,2,2014-03-24,OT
PHX_NYR_2014-03-24,NYR,2013021073,home,4,2.0,0.0,1.0,3.0,0.0,0.0,1,2,2014-03-24,OT
MTL_BOS_2014-03-24,MTL,2013021075,away,2,6.0,0.0,2.0,2.0,1.0,1.0,1,2,2014-03-24,SO
MTL_BOS_2014-03-24,BOS,2013021075,home,1,2.0,0.0,1.0,2.0,1.0,1.0,0,2,2014-03-24,SO
OTT_TBL_2014-03-24,OTT,2013021076,away,4,3.0,0.0,5.0,1.0,2.0,0.0,1,2,2014-03-24,SO
OTT_TBL_2014-03-24,TBL,2013021076,home,3,2.0,0.0,5.0,4.0,2.0,2.0,0,2,2014-03-24,SO
WPG_DAL_2014-03-24,WPG,2013021077,away,1,4.0,0.0,4.0,1.0,1.0,0.0,0,2,2014-03-24,REG
WPG_DAL_2014-03-24,DAL,2013021077,home,2,4.0,0.0,3.0,8.0,0.0,2.0,1,2,2014-03-24,REG
SJS_CGY_2014-03-24,SJS,2013021078,away,1,0.0,0.0,4.0,3.0,0.0,0.0,0,2,2014-03-24,SO
SJS_CGY_2014-03-24,CGY,2013021078,home,2,3.0,0.0,3.0,2.0,1.0,2.0,1,2,2014-03-24,SO
LAK_WSH_2014-03-25,LAK,2013021081,away,5,3.0,1.0,4.0,2.0,1.0,0.0,1,2,2014-03-25,SO
LAK_WSH_2014-03-25,WSH,2013021081,home,4,1.0,2.0,10.0,7.0,1.0,0.0,0,2,2014-03-25,SO
STL_TOR_2014-03-25,STL,2013021079,away,5,0.0,0.0,5.0,0.0,2.0,1.0,1,2,2014-03-25,REG
STL_TOR_2014-03-25,TOR,2013021079,home,3,6.0,0.0,1.0,4.0,3.0,2.0,0,2,2014-03-25,REG
PHX_PIT_2014-03-25,PHX,2013021080,away,3,1.0,0.0,4.0,4.0,1.0,0.0,1,2,2014-03-25,REG
PHX_PIT_2014-03-25,PIT,2013021080,home,2,4.0,0.0,1.0,1.0,0.0,0.0,0,2,2014-03-25,REG
NYI_CAR_2014-03-25,NYI,2013021082,away,5,2.0,0.0,4.0,5.0,1.0,0.0,1,2,2014-03-25,REG
NYI_CAR_2014-03-25,CAR,2013021082,home,4,2.0,0.0,4.0,2.0,0.0,3.0,0,2,2014-03-25,REG
BUF_MTL_2014-03-25,BUF,2013021083,away,0,1.0,0.0,4.0,1.0,0.0,0.0,0,2,2014-03-25,REG
BUF_MTL_2014-03-25,MTL,2013021083,home,2,0.0,0.0,4.0,1.0,2.0,0.0,1,2,2014-03-25,REG
OTT_FLA_2014-03-25,OTT,2013021084,away,2,4.0,0.0,5.0,4.0,0.0,1.0,0,2,2014-03-25,SO
OTT_FLA_2014-03-25,FLA,2013021084,home,3,5.0,0.0,3.0,2.0,0.0,1.0,1,2,2014-03-25,SO
DET_CBJ_2014-03-25,DET,2013021085,away,2,0.0,0.0,6.0,0.0,0.0,0.0,0,2,2014-03-25,REG
DET_CBJ_2014-03-25,CBJ,2013021085,home,4,4.0,0.0,1.0,0.0,0.0,1.0,1,2,2014-03-25,REG
DAL_CHI_2014-03-25,DAL,2013021086,away,2,3.0,0.0,1.0,0.0,1.0,0.0,0,2,2014-03-25,REG
DAL_CHI_2014-03-25,CHI,2013021086,home,4,0.0,0.0,11.0,0.0,1.0,0.0,1,2,2014-03-25,REG
COL_NSH_2014-03-25,COL,2013021087,away,5,0.0,0.0,4.0,3.0,1.0,1.0,1,2,2014-03-25,SO
COL_NSH_2014-03-25,NSH,2013021087,home,4,0.0,0.0,6.0,3.0,0.0,1.0,0,2,2014-03-25,SO
SJS_EDM_2014-03-25,SJS,2013021088,away,5,3.0,2.0,5.0,0.0,4.0,2.0,1,2,2014-03-25,REG
SJS_EDM_2014-03-25,EDM,2013021088,home,2,2.0,0.0,4.0,3.0,2.0,3.0,0,2,2014-03-25,REG
VAN_MIN_2014-03-26,VAN,2013021089,away,5,4.0,0.0,3.0,2.0,1.0,0.0,1,2,2014-03-26,REG
VAN_MIN_2014-03-26,MIN,2013021089,home,2,3.0,0.0,3.0,0.0,1.0,1.0,0,2,2014-03-26,REG
PHI_NYR_2014-03-26,PHI,2013021090,away,1,4.0,0.0,3.0,3.0,1.0,1.0,0,2,2014-03-26,REG
PHI_NYR_2014-03-26,NYR,2013021090,home,3,7.0,0.0,2.0,4.0,1.0,2.0,1,2,2014-03-26,REG
ANA_CGY_2014-03-26,ANA,2013021091,away,3,1.0,0.0,3.0,0.0,2.0,0.0,1,2,2014-03-26,REG
ANA_CGY_2014-03-26,CGY,2013021091,home,2,4.0,0.0,3.0,5.0,0.0,0.0,0,2,2014-03-26,REG
MTL_DET_2014-03-27,MTL,2013021095,away,5,1.0,0.0,3.0,1.0,1.0,1.0,1,2,2014-03-27,REG
MTL_DET_2014-03-27,DET,2013021095,home,4,1.0,0.0,2.0,1.0,1.0,0.0,0,2,2014-03-27,REG
LAK_PIT_2014-03-27,LAK,2013021094,away,3,3.0,0.0,2.0,1.0,0.0,0.0,1,2,2014-03-27,REG
LAK_PIT_2014-03-27,PIT,2013021094,home,2,6.0,0.0,9.0,0.0,1.0,0.0,0,2,2014-03-27,REG
PHX_NJD_2014-03-27,PHX,2013021093,away,3,1.0,0.0,3.0,1.0,1.0,1.0,1,2,2014-03-27,SO
PHX_NJD_2014-03-27,NJD,2013021093,home,2,2.0,0.0,2.0,1.0,0.0,0.0,0,2,2014-03-27,SO
CHI_BOS_2014-03-27,CHI,2013021092,away,0,1.0,0.0,6.0,2.0,0.0,2.0,0,2,2014-03-27,REG
CHI_BOS_2014-03-27,BOS,2013021092,home,3,5.0,0.0,4.0,3.0,1.0,0.0,1,2,2014-03-27,REG
CAR_FLA_2014-03-27,CAR,2013021097,away,3,2.0,0.0,5.0,2.0,0.0,0.0,1,2,2014-03-27,REG
CAR_FLA_2014-03-27,FLA,2013021097,home,0,3.0,0.0,2.0,0.0,0.0,0.0,0,2,2014-03-27,REG
NYI_TBL_2014-03-27,NYI,2013021096,away,2,2.0,0.0,3.0,3.0,0.0,1.0,0,2,2014-03-27,SO
NYI_TBL_2014-03-27,TBL,2013021096,home,3,2.0,0.0,6.0,3.0,2.0,1.0,1,2,2014-03-27,SO
MIN_STL_2014-03-27,MIN,2013021098,away,1,3.0,0.0,3.0,1.0,0.0,0.0,0,2,2014-03-27,REG
MIN_STL_2014-03-27,STL,2013021098,home,5,1.0,1.0,6.0,0.0,0.0,0.0,1,2,2014-03-27,REG
BUF_NSH_2014-03-27,BUF,2013021099,away,1,2.0,0.0,4.0,0.0,1.0,1.0,0,2,2014-03-27,REG
BUF_NSH_2014-03-27,NSH,2013021099,home,6,0.0,0.0,6.0,0.0,3.0,2.0,1,2,2014-03-27,REG
VAN_COL_2014-03-27,VAN,2013021100,away,2,6.0,0.0,4.0,2.0,0.0,1.0,0,2,2014-03-27,OT
VAN_COL_2014-03-27,COL,2013021100,home,3,5.0,0.0,4.0,3.0,0.0,0.0,1,2,2014-03-27,OT
WPG_SJS_2014-03-27,WPG,2013021101,away,4,1.0,0.0,5.0,2.0,1.0,0.0,1,2,2014-03-27,REG
WPG_SJS_2014-03-27,SJS,2013021101,home,3,3.0,0.0,4.0,7.0,1.0,1.0,0,2,2014-03-27,REG
TOR_PHI_2014-03-28,TOR,2013021102,away,2,7.0,0.0,3.0,4.0,0.0,0.0,0,2,2014-03-28,REG
TOR_PHI_2014-03-28,PHI,2013021102,home,4,4.0,0.0,4.0,1.0,0.0,0.0,1,2,2014-03-28,REG
PIT_CBJ_2014-03-28,PIT,2013021103,away,2,1.0,0.0,10.0,0.0,0.0,1.0,1,2,2014-03-28,REG
PIT_CBJ_2014-03-28,CBJ,2013021103,home,1,4.0,0.0,5.0,0.0,1.0,0.0,0,2,2014-03-28,REG
CHI_OTT_2014-03-28,CHI,2013021104,away,3,0.0,1.0,10.0,2.0,4.0,2.0,0,2,2014-03-28,REG
CHI_OTT_2014-03-28,OTT,2013021104,home,5,9.0,1.0,2.0,1.0,3.0,2.0,1,2,2014-03-28,REG
NSH_DAL_2014-03-28,NSH,2013021105,away,3,4.0,0.0,1.0,1.0,4.0,0.0,0,2,2014-03-28,REG
NSH_DAL_2014-03-28,DAL,2013021105,home,7,3.0,0.0,5.0,3.0,1.0,1.0,1,2,2014-03-28,REG
NYR_CGY_2014-03-28,NYR,2013021106,away,3,0.0,0.0,6.0,0.0,0.0,2.0,0,2,2014-03-28,REG
NYR_CGY_2014-03-28,CGY,2013021106,home,4,4.0,1.0,2.0,0.0,1.0,1.0,1,2,2014-03-28,REG
ANA_EDM_2014-03-28,ANA,2013021107,away,3,3.0,0.0,3.0,1.0,0.0,1.0,0,2,2014-03-28,OT
ANA_EDM_2014-03-28,EDM,2013021107,home,4,5.0,0.0,4.0,2.0,4.0,0.0,1,2,2014-03-28,OT
BOS_WSH_2014-03-29,BOS,2013021108,away,4,1.0,0.0,2.0,1.0,2.0,1.0,1,2,2014-03-29,REG
BOS_WSH_2014-03-29,WSH,2013021108,home,2,5.0,0.0,5.0,3.0,0.0,2.0,0,2,2014-03-29,REG
SJS_COL_2014-03-29,SJS,2013021109,away,2,3.0,1.0,5.0,0.0,0.0,1.0,0,2,2014-03-29,REG
SJS_COL_2014-03-29,COL,2013021109,home,3,2.0,1.0,2.0,4.0,2.0,1.0,1,2,2014-03-29,REG
CBJ_CAR_2014-03-29,CBJ,2013021114,away,3,2.0,0.0,3.0,0.0,1.0,1.0,1,2,2014-03-29,OT
CBJ_CAR_2014-03-29,CAR,2013021114,home,2,2.0,1.0,6.0,3.0,1.0,1.0,0,2,2014-03-29,OT
DET_TOR_2014-03-29,DET,2013021111,away,4,0.0,0.0,2.0,0.0,2.0,0.0,1,2,2014-03-29,REG
DET_TOR_2014-03-29,TOR,2013021111,home,2,4.0,0.0,1.0,2.0,0.0,0.0,0,2,2014-03-29,REG
MTL_FLA_2014-03-29,MTL,2013021112,away,4,4.0,0.0,1.0,2.0,0.0,1.0,1,2,2014-03-29,REG
MTL_FLA_2014-03-29,FLA,2013021112,home,1,5.0,0.0,3.0,1.0,1.0,0.0,0,2,2014-03-29,REG
TBL_BUF_2014-03-29,TBL,2013021110,away,4,0.0,0.0,3.0,5.0,0.0,0.0,1,2,2014-03-29,OT
TBL_BUF_2014-03-29,BUF,2013021110,home,3,0.0,0.0,3.0,2.0,0.0,0.0,0,2,2014-03-29,OT
NJD_NYI_2014-03-29,NJD,2013021113,away,1,5.0,0.0,1.0,4.0,2.0,1.0,0,2,2014-03-29,SO
NJD_NYI_2014-03-29,NYI,2013021113,home,2,4.0,0.0,2.0,3.0,4.0,2.0,1,2,2014-03-29,SO
DAL_STL_2014-03-29,DAL,2013021115,away,4,4.0,0.0,1.0,2.0,2.0,0.0,1,2,2014-03-29,REG
DAL_STL_2014-03-29,STL,2013021115,home,2,1.0,0.0,2.0,1.0,0.0,0.0,0,2,2014-03-29,REG
MIN_PHX_2014-03-29,MIN,2013021116,away,3,7.0,0.0,1.0,2.0,2.0,0.0,1,2,2014-03-29,REG
MIN_PHX_2014-03-29,PHX,2013021116,home,1,5.0,0.0,5.0,0.0,3.0,0.0,0,2,2014-03-29,REG
WPG_LAK_2014-03-29,WPG,2013021118,away,2,3.0,0.0,7.0,1.0,1.0,0.0,0,2,2014-03-29,REG
WPG_LAK_2014-03-29,LAK,2013021118,home,4,6.0,0.0,3.0,1.0,2.0,0.0,1,2,2014-03-29,REG
ANA_VAN_2014-03-29,ANA,2013021117,away,5,3.0,0.0,2.0,2.0,0.0,0.0,1,2,2014-03-29,REG
ANA_VAN_2014-03-29,VAN,2013021117,home,1,1.0,0.0,3.0,2.0,2.0,2.0,0,2,2014-03-29,REG
BOS_PHI_2014-03-30,BOS,2013021121,away,4,6.0,0.0,2.0,0.0,0.0,3.0,1,2,2014-03-30,SO
BOS_PHI_2014-03-30,PHI,2013021121,home,3,6.0,0.0,6.0,2.0,2.0,0.0,0,2,2014-03-30,SO
CGY_OTT_2014-03-30,CGY,2013021119,away,3,3.0,0.0,1.0,6.0,2.0,2.0,0,2,2014-03-30,REG
CGY_OTT_2014-03-30,OTT,2013021119,home,6,5.0,0.0,4.0,2.0,0.0,1.0,1,2,2014-03-30,REG
TBL_DET_2014-03-30,TBL,2013021120,away,2,5.0,0.0,4.0,1.0,0.0,0.0,0,2,2014-03-30,REG
TBL_DET_2014-03-30,DET,2013021120,home,3,4.0,0.0,4.0,3.0,0.0,1.0,1,2,2014-03-30,REG
CHI_PIT_2014-03-30,CHI,2013021122,away,1,2.0,0.0,3.0,0.0,1.0,0.0,0,2,2014-03-30,REG
CHI_PIT_2014-03-30,PIT,2013021122,home,4,4.0,0.0,1.0,0.0,2.0,0.0,1,2,2014-03-30,REG
WSH_NSH_2014-03-30,WSH,2013021123,away,3,4.0,0.0,5.0,0.0,3.0,1.0,0,2,2014-03-30,SO
WSH_NSH_2014-03-30,NSH,2013021123,home,4,0.0,0.0,5.0,2.0,2.0,0.0,1,2,2014-03-30,SO
NYR_EDM_2014-03-30,NYR,2013021124,away,5,0.0,0.0,4.0,0.0,0.0,0.0,1,2,2014-03-30,REG
NYR_EDM_2014-03-30,EDM,2013021124,home,0,2.0,0.0,6.0,2.0,1.0,1.0,0,2,2014-03-30,REG
FLA_NJD_2014-03-31,FLA,2013021126,away,3,3.0,0.0,3.0,1.0,0.0,2.0,0,2,2014-03-31,REG
FLA_NJD_2014-03-31,NJD,2013021126,home,6,3.0,0.0,4.0,2.0,1.0,1.0,1,2,2014-03-31,REG
CAR_OTT_2014-03-31,CAR,2013021125,away,1,4.0,0.0,3.0,1.0,1.0,1.0,0,2,2014-03-31,SO
CAR_OTT_2014-03-31,OTT,2013021125,home,2,4.0,0.0,5.0,1.0,1.0,2.0,1,2,2014-03-31,SO
WPG_ANA_2014-03-31,WPG,2013021127,away,4,2.0,0.0,7.0,1.0,2.0,0.0,0,2,2014-03-31,OT
WPG_ANA_2014-03-31,ANA,2013021127,home,5,3.0,0.0,3.0,3.0,1.0,0.0,1,2,2014-03-31,OT
MIN_LAK_2014-03-31,MIN,2013021128,away,3,8.0,0.0,4.0,2.0,2.0,1.0,1,2,2014-03-31,REG
MIN_LAK_2014-03-31,LAK,2013021128,home,2,4.0,0.0,2.0,0.0,1.0,1.0,0,2,2014-03-31,REG
NJD_BUF_2014-04-01,NJD,2013021129,away,2,6.0,0.0,8.0,1.0,0.0,1.0,0,2,2014-04-01,SO
NJD_BUF_2014-04-01,BUF,2013021129,home,3,0.0,0.0,7.0,3.0,3.0,0.0,1,2,2014-04-01,SO
CGY_TOR_2014-04-01,CGY,2013021130,away,2,4.0,0.0,5.0,2.0,2.0,2.0,0,2,2014-04-01,REG
CGY_TOR_2014-04-01,TOR,2013021130,home,3,2.0,0.0,4.0,2.0,1.0,1.0,1,2,2014-04-01,REG
COL_CBJ_2014-04-01,COL,2013021134,away,3,5.0,0.0,2.0,0.0,1.0,1.0,1,2,2014-04-01,OT
COL_CBJ_2014-04-01,CBJ,2013021134,home,2,7.0,0.0,1.0,1.0,2.0,1.0,0,2,2014-04-01,OT
CAR_PIT_2014-04-01,CAR,2013021132,away,4,2.0,0.0,2.0,3.0,0.0,0.0,1,2,2014-04-01,REG
CAR_PIT_2014-04-01,PIT,2013021132,home,1,1.0,0.0,6.0,1.0,5.0,1.0,0,2,2014-04-01,REG
FLA_NYI_2014-04-01,FLA,2013021131,away,2,3.0,0.0,3.0,3.0,0.0,2.0,0,2,2014-04-01,REG
FLA_NYI_2014-04-01,NYI,2013021131,home,4,1.0,1.0,5.0,4.0,5.0,2.0,1,2,2014-04-01,REG
DAL_WSH_2014-04-01,DAL,2013021133,away,5,5.0,0.0,2.0,0.0,0.0,1.0,1,2,2014-04-01,REG
DAL_WSH_2014-04-01,WSH,2013021133,home,0,5.0,0.0,8.0,1.0,2.0,3.0,0,2,2014-04-01,REG
MTL_TBL_2014-04-01,MTL,2013021135,away,1,0.0,0.0,2.0,2.0,0.0,0.0,0,2,2014-04-01,REG
MTL_TBL_2014-04-01,TBL,2013021135,home,3,3.0,0.0,3.0,2.0,2.0,2.0,1,2,2014-04-01,REG
PHI_STL_2014-04-01,PHI,2013021136,away,0,3.0,0.0,3.0,4.0,0.0,2.0,0,2,2014-04-01,SO
PHI_STL_2014-04-01,STL,2013021136,home,1,1.0,0.0,6.0,1.0,0.0,1.0,1,2,2014-04-01,SO
NYR_VAN_2014-04-01,NYR,2013021137,away,3,2.0,0.0,2.0,2.0,0.0,0.0,1,2,2014-04-01,REG
NYR_VAN_2014-04-01,VAN,2013021137,home,1,0.0,0.0,2.0,1.0,1.0,2.0,0,2,2014-04-01,REG
WPG_PHX_2014-04-01,WPG,2013021138,away,2,0.0,0.0,3.0,0.0,0.0,0.0,1,2,2014-04-01,SO
WPG_PHX_2014-04-01,PHX,2013021138,home,1,2.0,0.0,1.0,0.0,2.0,0.0,0,2,2014-04-01,SO
EDM_SJS_2014-04-01,EDM,2013021139,away,4,3.0,1.0,11.0,4.0,1.0,2.0,0,2,2014-04-01,REG
EDM_SJS_2014-04-01,SJS,2013021139,home,5,2.0,0.0,2.0,1.0,1.0,2.0,1,2,2014-04-01,REG
NYI_OTT_2014-04-02,NYI,2013021140,away,2,1.0,1.0,3.0,2.0,2.0,2.0,1,2,2014-04-02,REG
NYI_OTT_2014-04-02,OTT,2013021140,home,1,1.0,0.0,7.0,2.0,2.0,2.0,0,2,2014-04-02,REG
BOS_DET_2014-04-02,BOS,2013021141,away,2,7.0,0.0,3.0,0.0,1.0,1.0,0,2,2014-04-02,REG
BOS_DET_2014-04-02,DET,2013021141,home,3,0.0,0.0,0.0,1.0,1.0,0.0,1,2,2014-04-02,REG
EDM_ANA_2014-04-02,EDM,2013021142,away,2,4.0,0.0,8.0,0.0,0.0,0.0,0,2,2014-04-02,REG
EDM_ANA_2014-04-02,ANA,2013021142,home,3,3.0,0.0,3.0,1.0,0.0,2.0,1,2,2014-04-02,REG
PHX_LAK_2014-04-02,PHX,2013021143,away,0,2.0,0.0,2.0,1.0,0.0,0.0,0,2,2014-04-02,REG
PHX_LAK_2014-04-02,LAK,2013021143,home,4,6.0,0.0,2.0,1.0,1.0,1.0,1,2,2014-04-02,REG
CBJ_PHI_2014-04-03,CBJ,2013021145,away,2,3.0,0.0,1.0,5.0,1.0,3.0,1,2,2014-04-03,REG
CBJ_PHI_2014-04-03,PHI,2013021145,home,0,6.0,0.0,2.0,3.0,2.0,0.0,0,2,2014-04-03,REG
DAL_CAR_2014-04-03,DAL,2013021146,away,1,2.0,0.0,5.0,3.0,1.0,1.0,0,2,2014-04-03,REG
DAL_CAR_2014-04-03,CAR,2013021146,home,4,3.0,0.0,1.0,1.0,0.0,3.0,1,2,2014-04-03,REG
CGY_TBL_2014-04-03,CGY,2013021147,away,4,4.0,0.0,2.0,6.0,1.0,0.0,1,2,2014-04-03,REG
CGY_TBL_2014-04-03,TBL,2013021147,home,1,1.0,0.0,6.0,1.0,1.0,0.0,0,2,2014-04-03,REG
BOS_TOR_2014-04-03,BOS,2013021144,away,3,1.0,0.0,3.0,0.0,3.0,0.0,0,2,2014-04-03,OT
BOS_TOR_2014-04-03,TOR,2013021144,home,4,3.0,0.0,4.0,3.0,2.0,0.0,1,2,2014-04-03,OT
PIT_WPG_2014-04-03,PIT,2013021150,away,4,6.0,0.0,4.0,3.0,4.0,2.0,1,2,2014-04-03,REG
PIT_WPG_2014-04-03,WPG,2013021150,home,2,4.0,0.0,1.0,0.0,0.0,0.0,0,2,2014-04-03,REG
MIN_CHI_2014-04-03,MIN,2013021148,away,2,5.0,0.0,4.0,6.0,0.0,0.0,0,2,2014-04-03,SO
MIN_CHI_2014-04-03,CHI,2013021148,home,3,2.0,0.0,3.0,0.0,2.0,1.0,1,2,2014-04-03,SO
BUF_STL_2014-04-03,BUF,2013021149,away,1,1.0,1.0,3.0,3.0,0.0,0.0,0,2,2014-04-03,REG
BUF_STL_2014-04-03,STL,2013021149,home,2,1.0,0.0,1.0,1.0,0.0,0.0,1,2,2014-04-03,REG
NYR_COL_2014-04-03,NYR,2013021151,away,2,5.0,0.0,2.0,0.0,0.0,0.0,0,2,2014-04-03,SO
NYR_COL_2014-04-03,COL,2013021151,home,3,4.0,0.0,2.0,1.0,1.0,1.0,1,2,2014-04-03,SO
LAK_SJS_2014-04-03,LAK,2013021152,away,1,5.0,0.0,1.0,2.0,3.0,0.0,0,2,2014-04-03,REG
LAK_SJS_2014-04-03,SJS,2013021152,home,2,4.0,1.0,3.0,3.0,0.0,3.0,1,2,2014-04-03,REG
WSH_NJD_2014-04-04,WSH,2013021157,away,1,4.0,0.0,5.0,4.0,0.0,0.0,0,2,2014-04-04,REG
WSH_NJD_2014-04-04,NJD,2013021157,home,2,4.0,0.0,3.0,2.0,1.0,1.0,1,2,2014-04-04,REG
CHI_CBJ_2014-04-04,CHI,2013021154,away,4,0.0,1.0,9.0,2.0,2.0,1.0,1,2,2014-04-04,REG
CHI_CBJ_2014-04-04,CBJ,2013021154,home,3,4.0,0.0,1.0,1.0,0.0,2.0,0,2,2014-04-04,REG
MTL_OTT_2014-04-04,MTL,2013021153,away,7,2.0,0.0,0.0,1.0,4.0,0.0,1,2,2014-04-04,REG
MTL_OTT_2014-04-04,OTT,2013021153,home,4,4.0,0.0,10.0,0.0,3.0,0.0,0,2,2014-04-04,REG
BUF_DET_2014-04-04,BUF,2013021155,away,2,0.0,1.0,4.0,6.0,0.0,0.0,0,2,2014-04-04,REG
BUF_DET_2014-04-04,DET,2013021155,home,3,4.0,0.0,3.0,3.0,1.0,0.0,1,2,2014-04-04,REG
CGY_FLA_2014-04-04,CGY,2013021156,away,2,1.0,0.0,2.0,2.0,1.0,1.0,1,2,2014-04-04,REG
CGY_FLA_2014-04-04,FLA,2013021156,home,1,1.0,0.0,6.0,2.0,0.0,2.0,0,2,2014-04-04,REG
EDM_PHX_2014-04-04,EDM,2013021158,away,3,4.0,0.0,4.0,0.0,1.0,0.0,1,2,2014-04-04,SO
EDM_PHX_2014-04-04,PHX,2013021158,home,2,0.0,0.0,3.0,3.0,0.0,2.0,0,2,2014-04-04,SO
NSH_ANA_2014-04-04,NSH,2013021159,away,5,1.0,0.0,2.0,1.0,0.0,0.0,1,2,2014-04-04,REG
NSH_ANA_2014-04-04,ANA,2013021159,home,2,4.0,0.0,2.0,3.0,0.0,2.0,0,2,2014-04-04,REG
PHI_BOS_2014-04-05,PHI,2013021160,away,2,3.0,0.0,4.0,2.0,1.0,3.0,0,2,2014-04-05,REG
PHI_BOS_2014-04-05,BOS,2013021160,home,5,1.0,0.0,0.0,3.0,1.0,2.0,1,2,2014-04-05,REG
COL_STL_2014-04-05,COL,2013021161,away,4,4.0,0.0,5.0,0.0,1.0,0.0,1,2,2014-04-05,REG
COL_STL_2014-04-05,STL,2013021161,home,0,1.0,0.0,7.0,2.0,1.0,3.0,0,2,2014-04-05,REG
WSH_NYI_2014-04-05,WSH,2013021162,away,4,5.0,0.0,4.0,2.0,1.0,0.0,1,2,2014-04-05,SO
WSH_NYI_2014-04-05,NYI,2013021162,home,3,0.0,0.0,5.0,6.0,1.0,2.0,0,2,2014-04-05,SO
DAL_TBL_2014-04-05,DAL,2013021165,away,5,4.0,0.0,2.0,1.0,1.0,0.0,1,2,2014-04-05,REG
DAL_TBL_2014-04-05,TBL,2013021165,home,2,0.0,0.0,7.0,4.0,2.0,1.0,0,2,2014-04-05,REG
NJD_CAR_2014-04-05,NJD,2013021167,away,3,2.0,0.0,3.0,4.0,1.0,1.0,1,2,2014-04-05,REG
NJD_CAR_2014-04-05,CAR,2013021167,home,1,4.0,0.0,1.0,2.0,0.0,4.0,0,2,2014-04-05,REG
OTT_NYR_2014-04-05,OTT,2013021166,away,3,1.0,0.0,7.0,2.0,0.0,0.0,1,2,2014-04-05,REG
OTT_NYR_2014-04-05,NYR,2013021166,home,2,0.0,0.0,2.0,4.0,1.0,0.0,0,2,2014-04-05,REG
DET_MTL_2014-04-05,DET,2013021164,away,3,2.0,0.0,5.0,1.0,0.0,2.0,0,2,2014-04-05,REG
DET_MTL_2014-04-05,MTL,2013021164,home,5,1.0,0.0,0.0,2.0,0.0,1.0,1,2,2014-04-05,REG
WPG_TOR_2014-04-05,WPG,2013021163,away,4,4.0,0.0,5.0,1.0,1.0,1.0,1,2,2014-04-05,REG
WPG_TOR_2014-04-05,TOR,2013021163,home,2,5.0,0.0,2.0,4.0,3.0,3.0,0,2,2014-04-05,REG
PIT_MIN_2014-04-05,PIT,2013021168,away,0,1.0,0.0,6.0,1.0,0.0,1.0,0,2,2014-04-05,REG
PIT_MIN_2014-04-05,MIN,2013021168,home,4,3.0,0.0,0.0,3.0,2.0,0.0,1,2,2014-04-05,REG
LAK_VAN_2014-04-05,LAK,2013021169,away,1,2.0,0.0,0.0,3.0,1.0,0.0,0,2,2014-04-05,REG
LAK_VAN_2014-04-05,VAN,2013021169,home,2,2.0,0.0,3.0,0.0,2.0,1.0,1,2,2014-04-05,REG
NSH_SJS_2014-04-05,NSH,2013021170,away,3,1.0,0.0,3.0,0.0,2.0,1.0,1,2,2014-04-05,REG
NSH_SJS_2014-04-05,SJS,2013021170,home,0,1.0,0.0,3.0,1.0,1.0,1.0,0,2,2014-04-05,REG
STL_CHI_2014-04-06,STL,2013021174,away,2,5.0,1.0,1.0,2.0,2.0,1.0,0,2,2014-04-06,REG
STL_CHI_2014-04-06,CHI,2013021174,home,4,1.0,0.0,7.0,1.0,1.0,0.0,1,2,2014-04-06,REG
DAL_FLA_2014-04-06,DAL,2013021171,away,2,1.0,0.0,1.0,1.0,0.0,1.0,0,2,2014-04-06,REG
DAL_FLA_2014-04-06,FLA,2013021171,home,3,3.0,0.0,0.0,1.0,0.0,1.0,1,2,2014-04-06,REG
NYI_CBJ_2014-04-06,NYI,2013021172,away,0,1.0,0.0,3.0,2.0,1.0,1.0,0,2,2014-04-06,REG
NYI_CBJ_2014-04-06,CBJ,2013021172,home,4,8.0,1.0,6.0,2.0,0.0,2.0,1,2,2014-04-06,REG
BUF_PHI_2014-04-06,BUF,2013021173,away,2,1.0,1.0,4.0,0.0,1.0,0.0,0,2,2014-04-06,REG
BUF_PHI_2014-04-06,PHI,2013021173,home,5,1.0,1.0,7.0,1.0,0.0,0.0,1,2,2014-04-06,REG
ANA_EDM_2014-04-06,ANA,2013021176,away,2,1.0,0.0,6.0,4.0,3.0,1.0,0,2,2014-04-06,REG
ANA_EDM_2014-04-06,EDM,2013021176,home,4,2.0,1.0,6.0,7.0,2.0,2.0,1,2,2014-04-06,REG
PIT_COL_2014-04-06,PIT,2013021175,away,3,6.0,0.0,4.0,0.0,0.0,1.0,1,2,2014-04-06,SO
PIT_COL_2014-04-06,COL,2013021175,home,2,2.0,0.0,4.0,4.0,2.0,0.0,0,2,2014-04-06,SO
CGY_NJD_2014-04-07,CGY,2013021177,away,1,2.0,0.0,3.0,2.0,2.0,1.0,1,2,2014-04-07,REG
CGY_NJD_2014-04-07,NJD,2013021177,home,0,0.0,0.0,4.0,0.0,1.0,0.0,0,2,2014-04-07,REG
MIN_WPG_2014-04-07,MIN,2013021178,away,1,2.0,0.0,1.0,0.0,1.0,0.0,1,2,2014-04-07,REG
MIN_WPG_2014-04-07,WPG,2013021178,home,0,4.0,0.0,1.0,0.0,1.0,0.0,0,2,2014-04-07,REG
ANA_VAN_2014-04-07,ANA,2013021179,away,3,3.0,0.0,3.0,5.0,1.0,1.0,1,2,2014-04-07,REG
ANA_VAN_2014-04-07,VAN,2013021179,home,0,1.0,0.0,3.0,1.0,1.0,3.0,0,2,2014-04-07,REG
OTT_NYI_2014-04-08,OTT,2013021181,away,4,0.0,0.0,4.0,1.0,1.0,1.0,1,2,2014-04-08,REG
OTT_NYI_2014-04-08,NYI,2013021181,home,1,1.0,0.0,2.0,1.0,2.0,2.0,0,2,2014-04-08,REG
CAR_NYR_2014-04-08,CAR,2013021182,away,1,1.0,0.0,4.0,3.0,2.0,1.0,0,2,2014-04-08,REG
CAR_NYR_2014-04-08,NYR,2013021182,home,4,4.0,0.0,3.0,6.0,0.0,0.0,1,2,2014-04-08,REG
DET_BUF_2014-04-08,DET,2013021180,away,4,0.0,0.0,4.0,2.0,0.0,0.0,1,2,2014-04-08,REG
DET_BUF_2014-04-08,BUF,2013021180,home,2,2.0,0.0,3.0,1.0,1.0,0.0,0,2,2014-04-08,REG
PHX_CBJ_2014-04-08,PHX,2013021183,away,3,3.0,0.0,7.0,3.0,2.0,0.0,0,2,2014-04-08,OT
PHX_CBJ_2014-04-08,CBJ,2013021183,home,4,4.0,0.0,2.0,2.0,0.0,0.0,1,2,2014-04-08,OT
TOR_TBL_2014-04-08,TOR,2013021184,away,0,1.0,0.0,2.0,1.0,0.0,0.0,0,2,2014-04-08,REG
TOR_TBL_2014-04-08,TBL,2013021184,home,3,2.0,0.0,5.0,1.0,0.0,0.0,1,2,2014-04-08,REG
PHI_FLA_2014-04-08,PHI,2013021185,away,5,3.0,0.0,1.0,0.0,0.0,0.0,1,2,2014-04-08,REG
PHI_FLA_2014-04-08,FLA,2013021185,home,2,3.0,0.0,3.0,0.0,2.0,2.0,0,2,2014-04-08,REG
WSH_STL_2014-04-08,WSH,2013021186,away,4,2.0,1.0,2.0,3.0,2.0,0.0,1,2,2014-04-08,REG
WSH_STL_2014-04-08,STL,2013021186,home,1,2.0,0.0,4.0,2.0,2.0,1.0,0,2,2014-04-08,REG
BOS_MIN_2014-04-08,BOS,2013021187,away,3,2.0,0.0,2.0,1.0,0.0,0.0,0,2,2014-04-08,SO
BOS_MIN_2014-04-08,MIN,2013021187,home,4,1.0,0.0,3.0,2.0,0.0,0.0,1,2,2014-04-08,SO
NSH_DAL_2014-04-08,NSH,2013021188,away,2,1.0,0.0,3.0,2.0,1.0,0.0,0,2,2014-04-08,SO
NSH_DAL_2014-04-08,DAL,2013021188,home,3,2.0,0.0,0.0,2.0,2.0,0.0,1,2,2014-04-08,SO
COL_EDM_2014-04-08,COL,2013021189,away,4,2.0,0.0,2.0,3.0,0.0,1.0,1,2,2014-04-08,REG
COL_EDM_2014-04-08,EDM,2013021189,home,1,4.0,0.0,5.0,1.0,2.0,2.0,0,2,2014-04-08,REG
MTL_CHI_2014-04-09,MTL,2013021190,away,2,3.0,0.0,2.0,1.0,1.0,0.0,0,2,2014-04-09,OT
MTL_CHI_2014-04-09,CHI,2013021190,home,3,1.0,0.0,7.0,2.0,1.0,0.0,1,2,2014-04-09,OT
DET_PIT_2014-04-09,DET,2013021191,away,3,2.0,0.0,3.0,1.0,0.0,0.0,0,2,2014-04-09,SO
DET_PIT_2014-04-09,PIT,2013021191,home,4,5.0,0.0,4.0,1.0,0.0,0.0,1,2,2014-04-09,SO
CBJ_DAL_2014-04-09,CBJ,2013020971,away,3,3.0,0.0,4.0,3.0,0.0,1.0,1,2,2014-04-09,REG
CBJ_DAL_2014-04-09,DAL,2013020971,home,1,4.0,0.0,2.0,2.0,1.0,0.0,0,2,2014-04-09,REG
LAK_CGY_2014-04-09,LAK,2013021192,away,3,2.0,0.0,1.0,2.0,0.0,1.0,0,2,2014-04-09,SO
LAK_CGY_2014-04-09,CGY,2013021192,home,4,3.0,0.0,0.0,9.0,0.0,0.0,1,2,2014-04-09,SO
SJS_ANA_2014-04-09,SJS,2013021193,away,2,3.0,0.0,6.0,1.0,4.0,0.0,0,2,2014-04-09,REG
SJS_ANA_2014-04-09,ANA,2013021193,home,5,3.0,0.0,3.0,2.0,0.0,0.0,1,2,2014-04-09,REG
WSH_CAR_2014-04-10,WSH,2013021195,away,5,2.0,0.0,1.0,1.0,0.0,2.0,1,2,2014-04-10,REG
WSH_CAR_2014-04-10,CAR,2013021195,home,2,5.0,0.0,4.0,0.0,0.0,1.0,0,2,2014-04-10,REG
BUF_NYR_2014-04-10,BUF,2013021194,away,1,1.0,0.0,2.0,3.0,2.0,0.0,0,2,2014-04-10,REG
BUF_NYR_2014-04-10,NYR,2013021194,home,2,5.0,0.0,0.0,1.0,1.0,0.0,1,2,2014-04-10,REG
NYI_MTL_2014-04-10,NYI,2013021196,away,2,0.0,0.0,3.0,4.0,0.0,0.0,1,2,2014-04-10,REG
NYI_MTL_2014-04-10,MTL,2013021196,home,0,1.0,0.0,2.0,2.0,0.0,0.0,0,2,2014-04-10,REG
PHI_TBL_2014-04-10,PHI,2013021198,away,2,0.0,0.0,2.0,3.0,0.0,0.0,0,2,2014-04-10,REG
PHI_TBL_2014-04-10,TBL,2013021198,home,4,1.0,0.0,4.0,3.0,0.0,2.0,1,2,2014-04-10,REG
NJD_OTT_2014-04-10,NJD,2013021197,away,1,2.0,0.0,4.0,2.0,1.0,1.0,0,2,2014-04-10,SO
NJD_OTT_2014-04-10,OTT,2013021197,home,2,3.0,0.0,4.0,4.0,1.0,2.0,1,2,2014-04-10,SO
TOR_FLA_2014-04-10,TOR,2013021199,away,2,7.0,0.0,4.0,2.0,0.0,0.0,0,2,2014-04-10,REG
TOR_FLA_2014-04-10,FLA,2013021199,home,4,2.0,0.0,2.0,0.0,1.0,0.0,1,2,2014-04-10,REG
BOS_WPG_2014-04-10,BOS,2013021202,away,1,1.0,0.0,2.0,0.0,1.0,0.0,0,2,2014-04-10,SO
BOS_WPG_2014-04-10,WPG,2013021202,home,2,2.0,0.0,9.0,0.0,0.0,1.0,1,2,2014-04-10,SO
STL_MIN_2014-04-10,STL,2013021201,away,2,0.0,0.0,10.0,0.0,0.0,0.0,0,2,2014-04-10,REG
STL_MIN_2014-04-10,MIN,2013021201,home,4,4.0,0.0,1.0,0.0,0.0,0.0,1,2,2014-04-10,REG
PHX_NSH_2014-04-10,PHX,2013021200,away,0,1.0,0.0,3.0,0.0,2.0,1.0,0,2,2014-04-10,REG
PHX_NSH_2014-04-10,NSH,2013021200,home,2,0.0,0.0,3.0,3.0,0.0,0.0,1,2,2014-04-10,REG
LAK_EDM_2014-04-10,LAK,2013021203,away,3,1.0,0.0,3.0,3.0,0.0,0.0,1,2,2014-04-10,REG
LAK_EDM_2014-04-10,EDM,2013021203,home,0,8.0,0.0,1.0,2.0,6.0,4.0,0,2,2014-04-10,REG
COL_VAN_2014-04-10,COL,2013021204,away,4,2.0,1.0,3.0,2.0,0.0,1.0,1,2,2014-04-10,REG
COL_VAN_2014-04-10,VAN,2013021204,home,2,2.0,0.0,6.0,2.0,1.0,2.0,0,2,2014-04-10,REG
CHI_WSH_2014-04-11,CHI,2013021205,away,0,0.0,0.0,2.0,0.0,1.0,0.0,0,2,2014-04-11,REG
CHI_WSH_2014-04-11,WSH,2013021205,home,4,4.0,1.0,3.0,1.0,1.0,2.0,1,2,2014-04-11,REG
NYI_NJD_2014-04-11,NYI,2013021208,away,3,2.0,0.0,2.0,2.0,0.0,1.0,1,2,2014-04-11,SO
NYI_NJD_2014-04-11,NJD,2013021208,home,2,2.0,0.0,3.0,0.0,1.0,0.0,0,2,2014-04-11,SO
CBJ_TBL_2014-04-11,CBJ,2013021207,away,2,4.0,0.0,4.0,1.0,1.0,0.0,0,2,2014-04-11,REG
CBJ_TBL_2014-04-11,TBL,2013021207,home,3,3.0,0.0,5.0,3.0,0.0,1.0,1,2,2014-04-11,REG
CAR_DET_2014-04-11,CAR,2013021206,away,2,1.0,0.0,1.0,0.0,0.0,0.0,1,2,2014-04-11,REG
CAR_DET_2014-04-11,DET,2013021206,home,1,0.0,0.0,3.0,0.0,0.0,1.0,0,2,2014-04-11,REG
STL_DAL_2014-04-11,STL,2013021209,away,0,3.0,0.0,2.0,1.0,1.0,1.0,0,2,2014-04-11,REG
STL_DAL_2014-04-11,DAL,2013021209,home,3,1.0,0.0,0.0,2.0,1.0,1.0,1,2,2014-04-11,REG
WPG_CGY_2014-04-11,WPG,2013021210,away,5,1.0,0.0,5.0,4.0,3.0,3.0,1,2,2014-04-11,REG
WPG_CGY_2014-04-11,CGY,2013021210,home,3,1.0,1.0,5.0,3.0,1.0,1.0,0,2,2014-04-11,REG
COL_SJS_2014-04-11,COL,2013021211,away,1,5.0,0.0,5.0,2.0,1.0,0.0,0,2,2014-04-11,REG
COL_SJS_2014-04-11,SJS,2013021211,home,5,2.0,0.0,4.0,1.0,1.0,1.0,1,2,2014-04-11,REG
BUF_BOS_2014-04-12,BUF,2013021212,away,1,4.0,0.0,1.0,2.0,1.0,0.0,0,2,2014-04-12,REG
BUF_BOS_2014-04-12,BOS,2013021212,home,4,2.0,0.0,3.0,0.0,1.0,0.0,1,2,2014-04-12,REG
PHI_PIT_2014-04-12,PHI,2013021213,away,4,4.0,0.0,3.0,4.0,1.0,0.0,1,2,2014-04-12,OT
PHI_PIT_2014-04-12,PIT,2013021213,home,3,5.0,0.0,2.0,1.0,1.0,0.0,0,2,2014-04-12,OT
TOR_OTT_2014-04-12,TOR,2013021215,away,0,1.0,0.0,3.0,6.0,2.0,0.0,0,2,2014-04-12,REG
TOR_OTT_2014-04-12,OTT,2013021215,home,1,2.0,0.0,4.0,0.0,0.0,1.0,1,2,2014-04-12,REG
CBJ_FLA_2014-04-12,CBJ,2013021216,away,3,2.0,0.0,4.0,1.0,0.0,0.0,1,2,2014-04-12,REG
CBJ_FLA_2014-04-12,FLA,2013021216,home,2,3.0,0.0,8.0,0.0,0.0,1.0,0,2,2014-04-12,REG
NYR_MTL_2014-04-12,NYR,2013021214,away,0,1.0,0.0,2.0,2.0,2.0,0.0,0,2,2014-04-12,OT
NYR_MTL_2014-04-12,MTL,2013021214,home,1,4.0,0.0,5.0,1.0,3.0,1.0,1,2,2014-04-12,OT
CHI_NSH_2014-04-12,CHI,2013021217,away,5,1.0,0.0,2.0,0.0,1.0,1.0,0,2,2014-04-12,REG
CHI_NSH_2014-04-12,NSH,2013021217,home,7,0.0,0.0,4.0,2.0,2.0,0.0,1,2,2014-04-12,REG
SJS_PHX_2014-04-12,SJS,2013021218,away,3,0.0,1.0,6.0,3.0,0.0,1.0,1,2,2014-04-12,REG
SJS_PHX_2014-04-12,PHX,2013021218,home,2,0.0,0.0,6.0,2.0,1.0,0.0,0,2,2014-04-12,REG
VAN_EDM_2014-04-12,VAN,2013021219,away,2,3.0,0.0,4.0,2.0,3.0,1.0,0,2,2014-04-12,REG
VAN_EDM_2014-04-12,EDM,2013021219,home,5,2.0,0.0,5.0,4.0,2.0,1.0,1,2,2014-04-12,REG
ANA_LAK_2014-04-12,ANA,2013021220,away,4,2.0,0.0,2.0,0.0,1.0,0.0,1,2,2014-04-12,SO
ANA_LAK_2014-04-12,LAK,2013021220,home,3,5.0,0.0,1.0,0.0,2.0,1.0,0,2,2014-04-12,SO
DET_STL_2014-04-13,DET,2013021224,away,3,0.0,0.0,2.0,2.0,2.0,0.0,1,2,2014-04-13,REG
DET_STL_2014-04-13,STL,2013021224,home,0,5.0,0.0,4.0,0.0,0.0,0.0,0,2,2014-04-13,REG
CAR_PHI_2014-04-13,CAR,2013021222,away,6,2.0,0.0,4.0,4.0,2.0,1.0,1,2,2014-04-13,SO
CAR_PHI_2014-04-13,PHI,2013021222,home,5,3.0,0.0,5.0,2.0,1.0,1.0,0,2,2014-04-13,SO
TBL_WSH_2014-04-13,TBL,2013021223,away,1,1.0,0.0,5.0,0.0,2.0,0.0,1,2,2014-04-13,SO
TBL_WSH_2014-04-13,WSH,2013021223,home,0,1.0,0.0,2.0,2.0,1.0,1.0,0,2,2014-04-13,SO
BOS_NJD_2014-04-13,BOS,2013021221,away,2,4.0,0.0,0.0,1.0,0.0,1.0,0,2,2014-04-13,REG
BOS_NJD_2014-04-13,NJD,2013021221,home,3,1.0,1.0,5.0,3.0,2.0,0.0,1,2,2014-04-13,REG
NYI_BUF_2014-04-13,NYI,2013021225,away,4,0.0,0.0,3.0,4.0,0.0,2.0,1,2,2014-04-13,SO
NYI_BUF_2014-04-13,BUF,2013021225,home,3,2.0,0.0,3.0,2.0,0.0,0.0,0,2,2014-04-13,SO
OTT_PIT_2014-04-13,OTT,2013021226,away,3,3.0,1.0,5.0,1.0,0.0,0.0,1,2,2014-04-13,SO
OTT_PIT_2014-04-13,PIT,2013021226,home,2,4.0,0.0,4.0,2.0,0.0,0.0,0,2,2014-04-13,SO
COL_ANA_2014-04-13,COL,2013021229,away,2,2.0,0.0,3.0,2.0,0.0,1.0,0,2,2014-04-13,OT
COL_ANA_2014-04-13,ANA,2013021229,home,3,1.0,0.0,2.0,3.0,1.0,1.0,1,2,2014-04-13,OT
NSH_MIN_2014-04-13,NSH,2013021227,away,7,2.0,0.0,1.0,6.0,1.0,0.0,1,2,2014-04-13,REG
NSH_MIN_2014-04-13,MIN,2013021227,home,3,5.0,0.0,4.0,0.0,1.0,2.0,0,2,2014-04-13,REG
CGY_VAN_2014-04-13,CGY,2013021228,away,1,0.0,0.0,2.0,6.0,1.0,1.0,0,2,2014-04-13,REG
CGY_VAN_2014-04-13,VAN,2013021228,home,5,2.0,0.0,1.0,1.0,1.0,0.0,1,2,2014-04-13,REG
DAL_PHX_2014-04-13,DAL,2013021230,away,1,2.0,0.0,1.0,0.0,0.0,0.0,0,2,2014-04-13,REG
DAL_PHX_2014-04-13,PHX,2013021230,home,2,2.0,0.0,6.0,2.0,2.0,1.0,1,2,2014-04-13,REG
MTL_TBL_2014-04-16,MTL,2013030121,away,5,3.0,0.0,1.0,1.0,0.0,0.0,1,3,2014-04-16,OT
MTL_TBL_2014-04-16,TBL,2013030121,home,4,5.0,0.0,4.0,3.0,0.0,0.0,0,3,2014-04-16,OT
CBJ_PIT_2014-04-16,CBJ,2013030131,away,3,2.0,0.0,5.0,0.0,0.0,0.0,0,3,2014-04-16,REG
CBJ_PIT_2014-04-16,PIT,2013030131,home,4,5.0,1.0,6.0,0.0,2.0,0.0,1,3,2014-04-16,REG
DAL_ANA_2014-04-16,DAL,2013030171,away,3,0.0,0.0,2.0,2.0,1.0,0.0,0,3,2014-04-16,REG
DAL_ANA_2014-04-16,ANA,2013030171,home,4,3.0,0.0,4.0,0.0,1.0,2.0,1,3,2014-04-16,REG
PHI_NYR_2014-04-17,PHI,2013030141,away,1,4.0,0.0,1.0,3.0,1.0,0.0,0,3,2014-04-17,REG
PHI_NYR_2014-04-17,NYR,2013030141,home,4,6.0,0.0,0.0,1.0,2.0,0.0,1,3,2014-04-17,REG
CHI_STL_2014-04-17,CHI,2013030161,away,3,3.0,0.0,9.0,3.0,2.0,1.0,0,3,2014-04-17,OT
CHI_STL_2014-04-17,STL,2013030161,home,4,5.0,0.0,1.0,4.0,2.0,5.0,1,3,2014-04-17,OT
MIN_COL_2014-04-17,MIN,2013030151,away,4,6.0,0.0,2.0,0.0,0.0,1.0,0,3,2014-04-17,OT
MIN_COL_2014-04-17,COL,2013030151,home,5,9.0,0.0,5.0,1.0,0.0,1.0,1,3,2014-04-17,OT
LAK_SJS_2014-04-17,LAK,2013030181,away,3,6.0,0.0,2.0,1.0,0.0,1.0,0,3,2014-04-17,REG
LAK_SJS_2014-04-17,SJS,2013030181,home,6,10.0,0.0,2.0,2.0,6.0,1.0,1,3,2014-04-17,REG
MTL_TBL_2014-04-18,MTL,2013030122,away,4,2.0,0.0,2.0,1.0,1.0,1.0,1,3,2014-04-18,REG
MTL_TBL_2014-04-18,TBL,2013030122,home,1,6.0,0.0,2.0,2.0,2.0,0.0,0,3,2014-04-18,REG
DET_BOS_2014-04-18,DET,2013030111,away,1,2.0,0.0,1.0,3.0,1.0,0.0,1,3,2014-04-18,REG
DET_BOS_2014-04-18,BOS,2013030111,home,0,3.0,0.0,2.0,4.0,1.0,3.0,0,3,2014-04-18,REG
DAL_ANA_2014-04-18,DAL,2013030172,away,2,4.0,0.0,8.0,2.0,0.0,0.0,0,3,2014-04-18,REG
DAL_ANA_2014-04-18,ANA,2013030172,home,3,1.0,0.0,5.0,0.0,1.0,1.0,1,3,2014-04-18,REG
CHI_STL_2014-04-19,CHI,2013030162,away,3,5.0,0.0,3.0,5.0,1.0,1.0,0,3,2014-04-19,OT
CHI_STL_2014-04-19,STL,2013030162,home,4,2.0,0.0,6.0,4.0,0.0,2.0,1,3,2014-04-19,OT
CBJ_PIT_2014-04-19,CBJ,2013030132,away,4,7.0,0.0,1.0,3.0,0.0,1.0,1,3,2014-04-19,OT
CBJ_PIT_2014-04-19,PIT,2013030132,home,3,5.0,1.0,3.0,1.0,1.0,0.0,0,3,2014-04-19,OT
MIN_COL_2014-04-19,MIN,2013030152,away,2,8.0,0.0,3.0,0.0,1.0,1.0,0,3,2014-04-19,REG
MIN_COL_2014-04-19,COL,2013030152,home,4,6.0,0.0,2.0,5.0,0.0,0.0,1,3,2014-04-19,REG
PHI_NYR_2014-04-20,PHI,2013030142,away,4,4.0,0.0,5.0,4.0,1.0,1.0,1,3,2014-04-20,REG
PHI_NYR_2014-04-20,NYR,2013030142,home,2,4.0,0.0,1.0,3.0,0.0,0.0,0,3,2014-04-20,REG
DET_BOS_2014-04-20,DET,2013030112,away,1,6.0,0.0,4.0,0.0,0.0,0.0,0,3,2014-04-20,REG
DET_BOS_2014-04-20,BOS,2013030112,home,4,3.0,0.0,3.0,2.0,0.0,1.0,1,3,2014-04-20,REG
TBL_MTL_2014-04-20,TBL,2013030123,away,2,1.0,0.0,4.0,2.0,3.0,0.0,0,3,2014-04-20,REG
TBL_MTL_2014-04-20,MTL,2013030123,home,3,3.0,0.0,1.0,2.0,1.0,0.0,1,3,2014-04-20,REG
LAK_SJS_2014-04-20,LAK,2013030182,away,2,8.0,0.0,0.0,1.0,0.0,0.0,0,3,2014-04-20,REG
LAK_SJS_2014-04-20,SJS,2013030182,home,7,2.0,0.0,7.0,1.0,3.0,2.0,1,3,2014-04-20,REG
COL_MIN_2014-04-21,COL,2013030153,away,0,2.0,0.0,4.0,4.0,0.0,1.0,0,3,2014-04-21,OT
COL_MIN_2014-04-21,MIN,2013030153,home,1,7.0,0.0,4.0,1.0,0.0,0.0,1,3,2014-04-21,OT
PIT_CBJ_2014-04-21,PIT,2013030133,away,4,7.0,0.0,7.0,0.0,1.0,1.0,1,3,2014-04-21,REG
PIT_CBJ_2014-04-21,CBJ,2013030133,home,3,6.0,0.0,3.0,2.0,0.0,0.0,0,3,2014-04-21,REG
STL_CHI_2014-04-21,STL,2013030163,away,0,5.0,0.0,3.0,1.0,0.0,3.0,0,3,2014-04-21,REG
STL_CHI_2014-04-21,CHI,2013030163,home,2,3.0,0.0,5.0,3.0,4.0,0.0,1,3,2014-04-21,REG
ANA_DAL_2014-04-21,ANA,2013030173,away,0,2.0,0.0,2.0,1.0,2.0,1.0,0,3,2014-04-21,REG
ANA_DAL_2014-04-21,DAL,2013030173,home,3,6.0,0.0,3.0,4.0,2.0,2.0,1,3,2014-04-21,REG
TBL_MTL_2014-04-22,TBL,2013030124,away,3,2.0,0.0,4.0,1.0,1.0,0.0,0,3,2014-04-22,REG
TBL_MTL_2014-04-22,MTL,2013030124,home,4,4.0,0.0,1.0,2.0,1.0,0.0,1,3,2014-04-22,REG
BOS_DET_2014-04-22,BOS,2013030113,away,3,1.0,1.0,2.0,1.0,0.0,0.0,1,3,2014-04-22,REG
BOS_DET_2014-04-22,DET,2013030113,home,0,6.0,0.0,1.0,0.0,0.0,1.0,0,3,2014-04-22,REG
NYR_PHI_2014-04-22,NYR,2013030143,away,4,5.0,0.0,3.0,6.0,1.0,1.0,1,3,2014-04-22,REG
NYR_PHI_2014-04-22,PHI,2013030143,home,1,7.0,0.0,2.0,0.0,1.0,0.0,0,3,2014-04-22,REG
SJS_LAK_2014-04-22,SJS,2013030183,away,4,3.0,0.0,7.0,1.0,2.0,0.0,1,3,2014-04-22,OT
SJS_LAK_2014-04-22,LAK,2013030183,home,3,3.0,0.0,5.0,1.0,1.0,0.0,0,3,2014-04-22,OT
PIT_CBJ_2014-04-23,PIT,2013030134,away,3,4.0,1.0,6.0,2.0,2.0,0.0,0,3,2014-04-23,OT
PIT_CBJ_2014-04-23,CBJ,2013030134,home,4,7.0,0.0,4.0,0.0,2.0,2.0,1,3,2014-04-23,OT
ANA_DAL_2014-04-23,ANA,2013030174,away,2,4.0,0.0,3.0,0.0,1.0,2.0,0,3,2014-04-23,REG
ANA_DAL_2014-04-23,DAL,2013030174,home,4,4.0,0.0,6.0,3.0,0.0,0.0,1,3,2014-04-23,REG
STL_CHI_2014-04-23,STL,2013030164,away,3,4.0,0.0,6.0,3.0,1.0,1.0,0,3,2014-04-23,OT
STL_CHI_2014-04-23,CHI,2013030164,home,4,4.0,0.0,7.0,1.0,1.0,1.0,1,3,2014-04-23,OT
BOS_DET_2014-04-24,BOS,2013030114,away,3,3.0,0.0,8.0,1.0,0.0,0.0,1,3,2014-04-24,OT
BOS_DET_2014-04-24,DET,2013030114,home,2,12.0,0.0,6.0,2.0,1.0,0.0,0,3,2014-04-24,OT
COL_MIN_2014-04-24,COL,2013030154,away,1,3.0,0.0,2.0,1.0,2.0,1.0,0,3,2014-04-24,REG
COL_MIN_2014-04-24,MIN,2013030154,home,2,2.0,1.0,4.0,0.0,0.0,1.0,1,3,2014-04-24,REG
SJS_LAK_2014-04-24,SJS,2013030184,away,3,3.0,1.0,4.0,0.0,1.0,1.0,0,3,2014-04-24,REG
SJS_LAK_2014-04-24,LAK,2013030184,home,6,2.0,0.0,1.0,4.0,1.0,1.0,1,3,2014-04-24,REG
NYR_PHI_2014-04-25,NYR,2013030144,away,1,9.0,0.0,2.0,5.0,0.0,0.0,0,3,2014-04-25,REG
NYR_PHI_2014-04-25,PHI,2013030144,home,2,4.0,0.0,4.0,1.0,0.0,0.0,1,3,2014-04-25,REG
CHI_STL_2014-04-25,CHI,2013030165,away,3,1.0,0.0,5.0,3.0,1.0,1.0,1,3,2014-04-25,OT
CHI_STL_2014-04-25,STL,2013030165,home,2,8.0,0.0,2.0,3.0,1.0,2.0,0,3,2014-04-25,OT
DAL_ANA_2014-04-25,DAL,2013030175,away,2,4.0,0.0,5.0,1.0,0.0,0.0,0,3,2014-04-25,REG
DAL_ANA_2014-04-25,ANA,2013030175,home,6,0.0,0.0,3.0,3.0,2.0,1.0,1,3,2014-04-25,REG
DET_BOS_2014-04-26,DET,2013030115,away,2,5.0,0.0,2.0,0.0,1.0,0.0,0,3,2014-04-26,REG
DET_BOS_2014-04-26,BOS,2013030115,home,4,1.0,0.0,2.0,1.0,0.0,0.0,1,3,2014-04-26,REG
CBJ_PIT_2014-04-26,CBJ,2013030135,away,1,4.0,0.0,2.0,0.0,0.0,1.0,0,3,2014-04-26,REG
CBJ_PIT_2014-04-26,PIT,2013030135,home,3,7.0,1.0,10.0,1.0,0.0,0.0,1,3,2014-04-26,REG
MIN_COL_2014-04-26,MIN,2013030155,away,3,3.0,0.0,1.0,2.0,0.0,0.0,0,3,2014-04-26,OT
MIN_COL_2014-04-26,COL,2013030155,home,4,9.0,0.0,6.0,0.0,1.0,0.0,1,3,2014-04-26,OT
LAK_SJS_2014-04-26,LAK,2013030185,away,3,5.0,0.0,6.0,1.0,1.0,2.0,1,3,2014-04-26,REG
LAK_SJS_2014-04-26,SJS,2013030185,home,0,3.0,0.0,3.0,1.0,1.0,5.0,0,3,2014-04-26,REG
PHI_NYR_2014-04-27,PHI,2013030145,away,2,2.0,0.0,1.0,2.0,1.0,2.0,0,3,2014-04-27,REG
PHI_NYR_2014-04-27,NYR,2013030145,home,4,6.0,0.0,2.0,1.0,0.0,1.0,1,3,2014-04-27,REG
STL_CHI_2014-04-27,STL,2013030166,away,1,2.0,0.0,4.0,2.0,0.0,2.0,0,3,2014-04-27,REG
STL_CHI_2014-04-27,CHI,2013030166,home,5,3.0,0.0,4.0,3.0,1.0,0.0,1,3,2014-04-27,REG
ANA_DAL_2014-04-27,ANA,2013030176,away,5,1.0,0.0,1.0,2.0,2.0,0.0,1,3,2014-04-27,OT
ANA_DAL_2014-04-27,DAL,2013030176,home,4,5.0,0.0,1.0,1.0,2.0,1.0,0,3,2014-04-27,OT
PIT_CBJ_2014-04-28,PIT,2013030136,away,4,3.0,0.0,2.0,0.0,0.0,2.0,1,3,2014-04-28,REG
PIT_CBJ_2014-04-28,CBJ,2013030136,home,3,6.0,0.0,4.0,5.0,1.0,1.0,0,3,2014-04-28,REG
COL_MIN_2014-04-28,COL,2013030156,away,2,3.0,1.0,1.0,1.0,0.0,0.0,0,3,2014-04-28,REG
COL_MIN_2014-04-28,MIN,2013030156,home,5,6.0,0.0,1.0,0.0,1.0,0.0,1,3,2014-04-28,REG
SJS_LAK_2014-04-28,SJS,2013030186,away,1,1.0,0.0,1.0,3.0,0.0,0.0,0,3,2014-04-28,REG
SJS_LAK_2014-04-28,LAK,2013030186,home,4,3.0,0.0,4.0,4.0,3.0,0.0,1,3,2014-04-28,REG
NYR_PHI_2014-04-29,NYR,2013030146,away,2,5.0,0.0,1.0,2.0,2.0,0.0,0,3,2014-04-29,REG
NYR_PHI_2014-04-29,PHI,2013030146,home,5,5.0,0.0,3.0,5.0,2.0,1.0,1,3,2014-04-29,REG
PHI_NYR_2014-04-30,PHI,2013030147,away,1,4.0,0.0,2.0,0.0,1.0,0.0,0,3,2014-04-30,REG
PHI_NYR_2014-04-30,NYR,2013030147,home,2,5.0,0.0,3.0,5.0,2.0,1.0,1,3,2014-04-30,REG
MIN_COL_2014-04-30,MIN,2013030157,away,5,8.0,0.0,4.0,1.0,1.0,0.0,1,3,2014-04-30,OT
MIN_COL_2014-04-30,COL,2013030157,home,4,6.0,1.0,3.0,1.0,1.0,2.0,0,3,2014-04-30,OT
LAK_SJS_2014-04-30,LAK,2013030187,away,5,3.0,0.0,8.0,2.0,0.0,1.0,1,3,2014-04-30,REG
LAK_SJS_2014-04-30,SJS,2013030187,home,1,3.0,0.0,13.0,2.0,0.0,3.0,0,3,2014-04-30,REG
MTL_BOS_2014-05-01,MTL,2013030211,away,4,5.0,0.0,2.0,0.0,2.0,1.0,1,3,2014-05-01,OT
MTL_BOS_2014-05-01,BOS,2013030211,home,3,2.0,0.0,3.0,1.0,1.0,0.0,0,3,2014-05-01,OT
NYR_PIT_2014-05-02,NYR,2013030221,away,3,6.0,0.0,1.0,4.0,1.0,0.0,1,3,2014-05-02,OT
NYR_PIT_2014-05-02,PIT,2013030221,home,2,4.0,0.0,8.0,0.0,1.0,0.0,0,3,2014-05-02,OT
MIN_CHI_2014-05-02,MIN,2013030231,away,2,9.0,0.0,3.0,1.0,2.0,0.0,0,3,2014-05-02,REG
MIN_CHI_2014-05-02,CHI,2013030231,home,5,5.0,0.0,5.0,0.0,1.0,0.0,1,3,2014-05-02,REG
MTL_BOS_2014-05-03,MTL,2013030212,away,3,5.0,0.0,1.0,6.0,3.0,1.0,0,3,2014-05-03,REG
MTL_BOS_2014-05-03,BOS,2013030212,home,5,3.0,0.0,4.0,0.0,1.0,1.0,1,3,2014-05-03,REG
LAK_ANA_2014-05-03,LAK,2013030241,away,3,7.0,0.0,7.0,5.0,1.0,0.0,1,3,2014-05-03,OT
LAK_ANA_2014-05-03,ANA,2013030241,home,2,7.0,0.0,6.0,0.0,2.0,2.0,0,3,2014-05-03,OT
MIN_CHI_2014-05-04,MIN,2013030232,away,1,5.0,0.0,0.0,2.0,2.0,0.0,0,3,2014-05-04,REG
MIN_CHI_2014-05-04,CHI,2013030232,home,4,3.0,0.0,0.0,5.0,2.0,1.0,1,3,2014-05-04,REG
NYR_PIT_2014-05-04,NYR,2013030222,away,0,6.0,0.0,3.0,1.0,0.0,0.0,0,3,2014-05-04,REG
NYR_PIT_2014-05-04,PIT,2013030222,home,3,6.0,0.0,2.0,0.0,0.0,0.0,1,3,2014-05-04,REG
PIT_NYR_2014-05-05,PIT,2013030223,away,2,1.0,0.0,3.0,2.0,0.0,0.0,1,3,2014-05-05,REG
PIT_NYR_2014-05-05,NYR,2013030223,home,0,4.0,0.0,6.0,1.0,1.0,0.0,0,3,2014-05-05,REG
LAK_ANA_2014-05-05,LAK,2013030242,away,3,5.0,0.0,2.0,1.0,0.0,0.0,1,3,2014-05-05,REG
LAK_ANA_2014-05-05,ANA,2013030242,home,1,2.0,0.0,3.0,0.0,1.0,1.0,0,3,2014-05-05,REG
BOS_MTL_2014-05-06,BOS,2013030213,away,2,4.0,0.0,1.0,3.0,2.0,0.0,0,3,2014-05-06,REG
BOS_MTL_2014-05-06,MTL,2013030213,home,4,6.0,0.0,3.0,5.0,0.0,0.0,1,3,2014-05-06,REG
CHI_MIN_2014-05-06,CHI,2013030233,away,0,3.0,0.0,7.0,2.0,1.0,2.0,0,3,2014-05-06,REG
CHI_MIN_2014-05-06,MIN,2013030233,home,4,4.0,0.0,2.0,1.0,0.0,0.0,1,3,2014-05-06,REG
PIT_NYR_2014-05-07,PIT,2013030224,away,4,8.0,0.0,3.0,1.0,2.0,1.0,1,3,2014-05-07,REG
PIT_NYR_2014-05-07,NYR,2013030224,home,2,3.0,0.0,1.0,2.0,1.0,2.0,0,3,2014-05-07,REG
BOS_MTL_2014-05-08,BOS,2013030214,away,1,8.0,0.0,2.0,0.0,0.0,0.0,1,3,2014-05-08,OT
BOS_MTL_2014-05-08,MTL,2013030214,home,0,6.0,0.0,2.0,5.0,0.0,3.0,0,3,2014-05-08,OT
ANA_LAK_2014-05-08,ANA,2013030243,away,3,1.0,0.0,1.0,0.0,1.0,1.0,1,3,2014-05-08,REG
ANA_LAK_2014-05-08,LAK,2013030243,home,2,5.0,0.0,3.0,2.0,4.0,1.0,0,3,2014-05-08,REG
NYR_PIT_2014-05-09,NYR,2013030225,away,5,3.0,0.0,2.0,3.0,2.0,0.0,1,3,2014-05-09,REG
NYR_PIT_2014-05-09,PIT,2013030225,home,1,5.0,0.0,4.0,1.0,0.0,0.0,0,3,2014-05-09,REG
CHI_MIN_2014-05-09,CHI,2013030234,away,2,1.0,0.0,2.0,3.0,1.0,2.0,0,3,2014-05-09,REG
CHI_MIN_2014-05-09,MIN,2013030234,home,4,1.0,0.0,0.0,0.0,0.0,2.0,1,3,2014-05-09,REG
MTL_BOS_2014-05-10,MTL,2013030215,away,2,4.0,0.0,0.0,3.0,0.0,0.0,0,3,2014-05-10,REG
MTL_BOS_2014-05-10,BOS,2013030215,home,4,2.0,0.0,2.0,2.0,1.0,1.0,1,3,2014-05-10,REG
ANA_LAK_2014-05-10,ANA,2013030244,away,2,0.0,0.0,0.0,1.0,1.0,2.0,1,3,2014-05-10,REG
ANA_LAK_2014-05-10,LAK,2013030244,home,0,7.0,0.0,0.0,0.0,1.0,0.0,0,3,2014-05-10,REG
PIT_NYR_2014-05-11,PIT,2013030226,away,1,5.0,0.0,4.0,2.0,1.0,1.0,0,3,2014-05-11,REG
PIT_NYR_2014-05-11,NYR,2013030226,home,3,8.0,0.0,1.0,1.0,1.0,2.0,1,3,2014-05-11,REG
MIN_CHI_2014-05-11,MIN,2013030235,away,1,5.0,0.0,5.0,0.0,0.0,1.0,0,3,2014-05-11,REG
MIN_CHI_2014-05-11,CHI,2013030235,home,2,0.0,0.0,3.0,1.0,4.0,2.0,1,3,2014-05-11,REG
BOS_MTL_2014-05-12,BOS,2013030216,away,0,4.0,0.0,1.0,0.0,0.0,1.0,0,3,2014-05-12,REG
BOS_MTL_2014-05-12,MTL,2013030216,home,4,9.0,0.0,0.0,4.0,2.0,1.0,1,3,2014-05-12,REG
LAK_ANA_2014-05-12,LAK,2013030245,away,3,2.0,0.0,5.0,0.0,0.0,0.0,0,3,2014-05-12,REG
LAK_ANA_2014-05-12,ANA,2013030245,home,4,3.0,0.0,2.0,3.0,1.0,1.0,1,3,2014-05-12,REG
NYR_PIT_2014-05-13,NYR,2013030227,away,2,5.0,0.0,1.0,2.0,0.0,0.0,1,3,2014-05-13,REG
NYR_PIT_2014-05-13,PIT,2013030227,home,1,9.0,0.0,6.0,1.0,2.0,0.0,0,3,2014-05-13,REG
CHI_MIN_2014-05-13,CHI,2013030236,away,2,1.0,0.0,4.0,2.0,2.0,1.0,1,3,2014-05-13,OT
CHI_MIN_2014-05-13,MIN,2013030236,home,1,2.0,0.0,5.0,2.0,1.0,0.0,0,3,2014-05-13,OT
MTL_BOS_2014-05-14,MTL,2013030217,away,3,4.0,0.0,1.0,4.0,0.0,1.0,1,3,2014-05-14,REG
MTL_BOS_2014-05-14,BOS,2013030217,home,1,1.0,0.0,1.0,3.0,1.0,0.0,0,3,2014-05-14,REG
ANA_LAK_2014-05-14,ANA,2013030246,away,1,1.0,0.0,5.0,2.0,2.0,1.0,0,3,2014-05-14,REG
ANA_LAK_2014-05-14,LAK,2013030246,home,2,6.0,0.0,2.0,1.0,3.0,1.0,1,3,2014-05-14,REG
LAK_ANA_2014-05-16,LAK,2013030247,away,6,1.0,0.0,1.0,1.0,2.0,2.0,1,3,2014-05-16,REG
LAK_ANA_2014-05-16,ANA,2013030247,home,2,9.0,0.0,2.0,1.0,2.0,0.0,0,3,2014-05-16,REG
NYR_MTL_2014-05-17,NYR,2013030311,away,7,5.0,0.0,0.0,6.0,0.0,0.0,1,3,2014-05-17,REG
NYR_MTL_2014-05-17,MTL,2013030311,home,2,2.0,0.0,1.0,2.0,1.0,1.0,0,3,2014-05-17,REG
LAK_CHI_2014-05-18,LAK,2013030321,away,1,1.0,0.0,2.0,1.0,0.0,0.0,0,3,2014-05-18,REG
LAK_CHI_2014-05-18,CHI,2013030321,home,3,1.0,0.0,2.0,1.0,0.0,0.0,1,3,2014-05-18,REG
NYR_MTL_2014-05-19,NYR,2013030312,away,3,6.0,0.0,1.0,5.0,3.0,1.0,1,3,2014-05-19,REG
NYR_MTL_2014-05-19,MTL,2013030312,home,1,4.0,0.0,1.0,1.0,1.0,1.0,0,3,2014-05-19,REG
LAK_CHI_2014-05-21,LAK,2013030322,away,6,3.0,0.0,4.0,2.0,1.0,0.0,1,3,2014-05-21,REG
LAK_CHI_2014-05-21,CHI,2013030322,home,2,0.0,0.0,7.0,1.0,3.0,1.0,0,3,2014-05-21,REG
MTL_NYR_2014-05-22,MTL,2013030313,away,3,8.0,0.0,2.0,6.0,1.0,0.0,1,3,2014-05-22,OT
MTL_NYR_2014-05-22,NYR,2013030313,home,2,5.0,0.0,2.0,2.0,0.0,0.0,0,3,2014-05-22,OT
CHI_LAK_2014-05-24,CHI,2013030323,away,3,4.0,0.0,4.0,1.0,4.0,0.0,0,3,2014-05-24,REG
CHI_LAK_2014-05-24,LAK,2013030323,home,4,7.0,0.0,0.0,1.0,0.0,1.0,1,3,2014-05-24,REG
MTL_NYR_2014-05-25,MTL,2013030314,away,2,4.0,0.0,2.0,2.0,0.0,0.0,0,3,2014-05-25,OT
MTL_NYR_2014-05-25,NYR,2013030314,home,3,7.0,0.0,2.0,1.0,2.0,1.0,1,3,2014-05-25,OT
CHI_LAK_2014-05-26,CHI,2013030324,away,2,3.0,0.0,1.0,0.0,1.0,0.0,0,3,2014-05-26,REG
CHI_LAK_2014-05-26,LAK,2013030324,home,5,6.0,0.0,0.0,2.0,2.0,1.0,1,3,2014-05-26,REG
NYR_MTL_2014-05-27,NYR,2013030315,away,4,5.0,0.0,0.0,1.0,0.0,0.0,0,3,2014-05-27,REG
NYR_MTL_2014-05-27,MTL,2013030315,home,7,1.0,0.0,3.0,2.0,1.0,1.0,1,3,2014-05-27,REG
LAK_CHI_2014-05-28,LAK,2013030325,away,4,2.0,0.0,1.0,3.0,1.0,0.0,0,3,2014-05-28,OT
LAK_CHI_2014-05-28,CHI,2013030325,home,5,2.0,0.0,4.0,2.0,3.0,1.0,1,3,2014-05-28,OT
MTL_NYR_2014-05-29,MTL,2013030316,away,0,3.0,0.0,0.0,2.0,1.0,0.0,0,3,2014-05-29,REG
MTL_NYR_2014-05-29,NYR,2013030316,home,1,3.0,0.0,2.0,1.0,2.0,0.0,1,3,2014-05-29,REG
CHI_LAK_2014-05-30,CHI,2013030326,away,4,3.0,0.0,6.0,1.0,2.0,1.0,1,3,2014-05-30,REG
CHI_LAK_2014-05-30,LAK,2013030326,home,3,2.0,0.0,0.0,2.0,0.0,0.0,0,3,2014-05-30,REG
LAK_CHI_2014-06-01,LAK,2013030327,away,5,7.0,0.0,0.0,2.0,1.0,1.0,1,3,2014-06-01,OT
LAK_CHI_2014-06-01,CHI,2013030327,home,4,4.0,1.0,9.0,3.0,0.0,0.0,0,3,2014-06-01,OT
NYR_LAK_2014-06-04,NYR,2013030411,away,2,0.0,0.0,2.0,1.0,0.0,0.0,0,3,2014-06-04,OT
NYR_LAK_2014-06-04,LAK,2013030411,home,3,3.0,0.0,2.0,1.0,2.0,1.0,1,3,2014-06-04,OT
NYR_LAK_2014-06-07,NYR,2013030412,away,4,2.0,0.0,4.0,6.0,1.0,0.0,0,3,2014-06-07,OT
NYR_LAK_2014-06-07,LAK,2013030412,home,5,2.0,0.0,1.0,0.0,5.0,0.0,1,3,2014-06-07,OT
LAK_NYR_2014-06-09,LAK,2013030413,away,3,3.0,0.0,3.0,4.0,0.0,1.0,1,3,2014-06-09,REG
LAK_NYR_2014-06-09,NYR,2013030413,home,0,6.0,0.0,2.0,1.0,0.0,0.0,0,3,2014-06-09,REG
LAK_NYR_2014-06-11,LAK,2013030414,away,1,5.0,0.0,4.0,4.0,0.0,2.0,0,3,2014-06-11,REG
LAK_NYR_2014-06-11,NYR,2013030414,home,2,7.0,0.0,1.0,7.0,2.0,1.0,1,3,2014-06-11,REG
NYR_LAK_2014-06-13,NYR,2013030415,away,2,8.0,0.0,1.0,3.0,1.0,0.0,0,3,2014-06-13,OT
NYR_LAK_2014-06-13,LAK,2013030415,home,3,9.0,0.0,3.0,0.0,4.0,3.0,1,3,2014-06-13,OT
