id,season,gameType,gameDate,neutralSite,startTimeUTC,easternUTCOffset,venueUTCOffset,venueTimezone,gameState,gameScheduleState,awayTeam.id,awayTeam.commonName.default,awayTeam.placeNameWithPreposition.default,awayTeam.placeNameWithPreposition.fr,awayTeam.abbrev,awayTeam.score,homeTeam.id,homeTeam.commonName.default,homeTeam.placeNameWithPreposition.default,homeTeam.placeNameWithPreposition.fr,homeTeam.abbrev,homeTeam.score,periodDescriptor.number,periodDescriptor.periodType,periodDescriptor.maxRegulationPeriods,gameOutcome.lastPeriodType,winningGoalie.playerId,winningGoalScorer.playerId,awayTeam.commonName.fr,homeTeam.commonName.fr,specialEvent.parentId,specialEvent.name.default,seriesUrl,seriesStatus.round,seriesStatus.seriesAbbrev,seriesStatus.seriesTitle,seriesStatus.seriesLetter,seriesStatus.neededToWin,seriesStatus.topSeedWins,seriesStatus.bottomSeedWins,seriesStatus.gameNumberOfSeries,periodDescriptor.otPeriods,winningGoalie.lastName.sv,winningGoalie.lastName.de,specialEvent.name.fr,specialEvent.name.sk,specialEvent.name.sv,tricode_winteam
2013020001,20132014,2,2013-10-01,False,2013-10-01T23:00:00Z,-04:00,-04:00,America/Montreal,OFF,OK,10,Maple Leafs,Toronto,de Toronto,TOR,4,8,Canadiens,Montréal,de Montréal,MTL,3,3,REG,3,REG,8473503.0,8471664.0,,,15.0,Molson Canadian NHL Face Off,,,,,,,,,,,,,Confrontation,Vhadzovanie,Nedsläpp,TOR
2013020002,20132014,2,2013-10-01,False,2013-10-02T00:00:00Z,-04:00,-05:00,America/Chicago,OFF,OK,15,Capitals,Washington,de Washington,WSH,4,16,Blackhawks,Chicago,de Chicago,CHI,6,3,REG,3,REG,8470645.0,8469665.0,,,,,,,,,,,,,,,,,,,,CHI
2013020003,20132014,2,2013-10-01,False,2013-10-02T02:00:00Z,-04:00,-06:00,America/Edmonton,OFF,OK,52,Jets,Winnipeg,de Winnipeg,WPG,5,22,Oilers,Edmonton,d'Edmonton,EDM,4,3,REG,3,REG,8471715.0,8473564.0,,,,,,,,,,,,,,,,,,,,WPG
2013020004,20132014,2,2013-10-02,False,2013-10-02T23:30:00Z,-04:00,-04:00,US/Eastern,OFF,OK,10,Maple Leafs,Toronto,de Toronto,TOR,3,4,Flyers,Philadelphia,de Philadelphie,PHI,1,3,REG,3,REG,8473541.0,8471245.0,,,,,,,,,,,,,,,,,,,,TOR
2013020005,20132014,2,2013-10-02,False,2013-10-03T00:00:00Z,-04:00,-04:00,America/Detroit,OFF,OK,7,Sabres,Buffalo,de Buffalo,BUF,1,17,Red Wings,Detroit,de Detroit,DET,2,3,REG,3,REG,8470657.0,8467514.0,,,,,,,,,,,,,,,,,,,,DET
2013020006,20132014,2,2013-10-02,False,2013-10-03T01:30:00Z,-04:00,-06:00,America/Denver,OFF,OK,24,Ducks,Anaheim,d'Anaheim,ANA,1,21,Avalanche,Colorado,du Colorado,COL,6,3,REG,3,REG,8473575.0,8471703.0,,,,,,,,,,,,,,,,,,,,COL
2013020007,20132014,2,2013-10-03,False,2013-10-03T23:00:00Z,-04:00,-04:00,US/Eastern,OFF,OK,14,Lightning,Tampa Bay,de Tampa Bay,TBL,1,6,Bruins,Boston,de Boston,BOS,3,3,REG,3,REG,8471695.0,8473473.0,,,,,,,,,,,,,,,,,,,,BOS
2013020009,20132014,2,2013-10-03,False,2013-10-03T23:00:00Z,-04:00,-04:00,US/Eastern,OFF,OK,20,Flames,Calgary,de Calgary,CGY,4,15,Capitals,Washington,de Washington,WSH,5,5,SO,3,SO,8473607.0,,,,,,,,,,,,,,,,,,,,,WSH
2013020008,20132014,2,2013-10-03,False,2013-10-03T23:00:00Z,-04:00,-04:00,US/Eastern,OFF,OK,1,Devils,New Jersey,du New Jersey,NJD,0,5,Penguins,Pittsburgh,de Pittsburgh,PIT,3,3,REG,3,REG,8470594.0,8469467.0,,,,,,,,,,,,,,,,,,,,PIT
2013020011,20132014,2,2013-10-03,False,2013-10-04T00:00:00Z,-04:00,-05:00,US/Central,OFF,OK,26,Kings,Los Angeles,de Los Angeles,LAK,3,30,Wild,Minnesota,du Minnesota,MIN,2,5,SO,3,SO,8471734.0,,,,,,,,,,,,,,,,,,,,,LAK
2013020010,20132014,2,2013-10-03,False,2013-10-04T00:30:00Z,-04:00,-05:00,US/Central,OFF,OK,18,Predators,Nashville,de Nashville,NSH,2,19,Blues,St. Louis,de St. Louis,STL,4,3,REG,3,REG,8470860.0,8471698.0,,,,,,,,,,,,,,,,,,,,STL
2013020012,20132014,2,2013-10-03,False,2013-10-04T00:30:00Z,-04:00,-05:00,US/Central,OFF,OK,13,Panthers,Florida,de la Floride,FLA,4,25,Stars,Dallas,de Dallas,DAL,2,3,REG,3,REG,8460703.0,8469473.0,,,,,,,,,,,,,,,,,,,,FLA
2013020014,20132014,2,2013-10-03,False,2013-10-04T02:00:00Z,-04:00,-07:00,US/Pacific,OFF,OK,23,Canucks,Vancouver,de Vancouver,VAN,1,28,Sharks,San Jose,de San Jose,SJS,4,3,REG,3,REG,8474550.0,8474027.0,,,,,,,,,,,,,,,,,,,,SJS
2013020013,20132014,2,2013-10-03,False,2013-10-04T02:00:00Z,-04:00,-07:00,America/Phoenix,OFF,OK,3,Rangers,New York,de New York,NYR,1,27,Coyotes,Phoenix,de Phoenix,PHX,4,3,REG,3,REG,8469608.0,8468085.0,,,,,,,,,,,,,,,,,,,,PHX
2013020015,20132014,2,2013-10-04,False,2013-10-04T23:00:00Z,-04:00,-04:00,America/New_York,OFF,OK,9,Senators,Ottawa,d'Ottawa,OTT,1,7,Sabres,Buffalo,de Buffalo,BUF,0,3,REG,3,REG,8467950.0,8474578.0,Sénateurs,,,,,,,,,,,,,,,,,,,OTT
2013020016,20132014,2,2013-10-04,False,2013-10-04T23:00:00Z,-04:00,-04:00,US/Eastern,OFF,OK,2,Islanders,New York,de New York,NYI,4,1,Devils,New Jersey,du New Jersey,NJD,3,5,SO,3,SO,8460705.0,,,,,,,,,,,,,,,,,,,,,NYI
2013020018,20132014,2,2013-10-04,False,2013-10-04T23:00:00Z,-04:00,-04:00,US/Eastern,OFF,OK,20,Flames,Calgary,de Calgary,CGY,4,29,Blue Jackets,Columbus,de Columbus,CBJ,3,3,REG,3,REG,8469732.0,8471185.0,,,,,,,,,,,,,,,,,,,,CGY
2013020017,20132014,2,2013-10-04,False,2013-10-04T23:00:00Z,-04:00,-04:00,US/Eastern,OFF,OK,17,Red Wings,Detroit,de Detroit,DET,3,12,Hurricanes,Carolina,de la Caroline,CAR,2,4,OT,3,OT,8470657.0,8469457.0,,,,,,,,,,,,,,,,,,,,DET
2013020019,20132014,2,2013-10-04,False,2013-10-05T00:00:00Z,-04:00,-05:00,America/Winnipeg,OFF,OK,26,Kings,Los Angeles,de Los Angeles,LAK,3,52,Jets,Winnipeg,de Winnipeg,WPG,5,3,REG,3,REG,8471715.0,8471682.0,,,,,,,,,,,,,,,,,,,,WPG
2013020020,20132014,2,2013-10-04,False,2013-10-05T01:00:00Z,-04:00,-06:00,America/Denver,OFF,OK,18,Predators,Nashville,de Nashville,NSH,1,21,Avalanche,Colorado,du Colorado,COL,3,3,REG,3,REG,8473575.0,8471326.0,,,,,,,,,,,,,,,,,,,,COL
2013020024,20132014,2,2013-10-05,False,2013-10-05T23:00:00Z,-04:00,-04:00,America/New_York,OFF,OK,29,Blue Jackets,Columbus,de Columbus,CBJ,3,2,Islanders,New York,de New York,NYI,2,5,SO,3,SO,8475683.0,,,,,,,,,,,,,,,,,,,,,CBJ
2013020023,20132014,2,2013-10-05,False,2013-10-05T23:00:00Z,-04:00,-04:00,America/Montreal,OFF,OK,4,Flyers,Philadelphia,de Philadelphie,PHI,1,8,Canadiens,Montréal,de Montréal,MTL,4,3,REG,3,REG,8471679.0,8474189.0,,,,,,,,,,,,,,,,,,,,MTL
2013020021,20132014,2,2013-10-05,False,2013-10-05T23:00:00Z,-04:00,-04:00,US/Eastern,OFF,OK,17,Red Wings,Detroit,de Detroit,DET,1,6,Bruins,Boston,de Boston,BOS,4,3,REG,3,REG,8471695.0,8473419.0,,,,,,,,,,,,,,,,,,,,BOS
2013020025,20132014,2,2013-10-05,False,2013-10-05T23:00:00Z,-04:00,-04:00,US/Eastern,OFF,OK,7,Sabres,Buffalo,de Buffalo,BUF,1,5,Penguins,Pittsburgh,de Pittsburgh,PIT,4,3,REG,3,REG,8470594.0,8469467.0,,,,,,,,,,,,,,,,,,,,PIT
2013020022,20132014,2,2013-10-05,False,2013-10-05T23:00:00Z,-04:00,-04:00,America/Toronto,OFF,OK,9,Senators,Ottawa,d'Ottawa,OTT,4,10,Maple Leafs,Toronto,de Toronto,TOR,5,5,SO,3,SO,8473541.0,,Sénateurs,,,,,,,,,,,,,,,,,,,TOR
2013020026,20132014,2,2013-10-05,False,2013-10-06T00:00:00Z,-04:00,-05:00,America/Chicago,OFF,OK,14,Lightning,Tampa Bay,de Tampa Bay,TBL,3,16,Blackhawks,Chicago,de Chicago,CHI,2,5,SO,3,SO,8471750.0,,,,,,,,,,,,,,,,,,,,,TBL
2013020028,20132014,2,2013-10-05,False,2013-10-06T00:00:00Z,-04:00,-05:00,US/Central,OFF,OK,15,Capitals,Washington,de Washington,WSH,1,25,Stars,Dallas,de Dallas,DAL,2,3,REG,3,REG,8470140.0,8475163.0,,,,,,,,,,,,,,,,,,,,DAL
2013020027,20132014,2,2013-10-05,False,2013-10-06T00:00:00Z,-04:00,-05:00,US/Central,OFF,OK,13,Panthers,Florida,de la Floride,FLA,0,19,Blues,St. Louis,de St. Louis,STL,7,3,REG,3,REG,8470860.0,8466160.0,,,,,,,,,,,,,,,,,,,,STL
2013020029,20132014,2,2013-10-05,False,2013-10-06T00:00:00Z,-04:00,-05:00,US/Central,OFF,OK,24,Ducks,Anaheim,d'Anaheim,ANA,4,30,Wild,Minnesota,du Minnesota,MIN,3,4,OT,3,OT,8473972.0,8473618.0,,,,,,,,,,,,,,,,,,,,ANA
2013020030,20132014,2,2013-10-05,False,2013-10-06T02:00:00Z,-04:00,-07:00,America/Vancouver,OFF,OK,22,Oilers,Edmonton,d'Edmonton,EDM,2,23,Canucks,Vancouver,de Vancouver,VAN,6,3,REG,3,REG,8466141.0,8471498.0,,,,,,,,,,,,,,,,,,,,VAN
2013020031,20132014,2,2013-10-05,False,2013-10-06T02:30:00Z,-04:00,-07:00,US/Pacific,OFF,OK,27,Coyotes,Phoenix,de Phoenix,PHX,1,28,Sharks,San Jose,de San Jose,SJS,4,3,REG,3,REG,8474550.0,8476881.0,,,,,,,,,,,,,,,,,,,,SJS
2013020032,20132014,2,2013-10-06,False,2013-10-06T21:00:00Z,-04:00,-04:00,US/Eastern,OFF,OK,4,Flyers,Philadelphia,de Philadelphie,PHI,1,12,Hurricanes,Carolina,de la Caroline,CAR,2,3,REG,3,REG,8471418.0,8462041.0,,,,,,,,,,,,,,,,,,,,CAR
2013020034,20132014,2,2013-10-06,False,2013-10-07T00:00:00Z,-04:00,-06:00,America/Edmonton,OFF,OK,23,Canucks,Vancouver,de Vancouver,VAN,5,20,Flames,Calgary,de Calgary,CGY,4,4,OT,3,OT,8475663.0,8471390.0,,,,,,,,,,,,,,,,,,,,VAN
2013020033,20132014,2,2013-10-06,False,2013-10-07T00:00:00Z,-04:00,-05:00,America/Winnipeg,OFF,OK,24,Ducks,Anaheim,d'Anaheim,ANA,3,52,Jets,Winnipeg,de Winnipeg,WPG,2,3,REG,3,REG,8476839.0,8470621.0,,,,,,,,,,,,,,,,,,,,ANA
2013020035,20132014,2,2013-10-07,False,2013-10-08T01:30:00Z,-04:00,-06:00,America/Edmonton,OFF,OK,1,Devils,New Jersey,du New Jersey,NJD,4,22,Oilers,Edmonton,d'Edmonton,EDM,5,5,SO,3,SO,8467391.0,,,,,,,,,,,,,,,,,,,,,EDM
2013020036,20132014,2,2013-10-07,False,2013-10-08T02:30:00Z,-04:00,-07:00,America/Los_Angeles,OFF,OK,3,Rangers,New York,de New York,NYR,3,26,Kings,Los Angeles,de Los Angeles,LAK,1,3,REG,3,REG,8468685.0,8467389.0,,,,,,,,,,,,,,,,,,,,NYR
2013020039,20132014,2,2013-10-08,False,2013-10-08T23:00:00Z,-04:00,-04:00,US/Eastern,OFF,OK,13,Panthers,Florida,de la Floride,FLA,1,4,Flyers,Philadelphia,de Philadelphie,PHI,2,3,REG,3,REG,8473461.0,8470601.0,,,,,,,,,,,,,,,,,,,,PHI
2013020037,20132014,2,2013-10-08,False,2013-10-08T23:00:00Z,-04:00,-04:00,America/Toronto,OFF,OK,21,Avalanche,Colorado,du Colorado,COL,2,10,Maple Leafs,Toronto,de Toronto,TOR,1,3,REG,3,REG,8473575.0,8469707.0,,,,,,,,,,,,,,,,,,,,COL
2013020040,20132014,2,2013-10-08,False,2013-10-08T23:00:00Z,-04:00,-04:00,US/Eastern,OFF,OK,12,Hurricanes,Carolina,de la Caroline,CAR,2,5,Penguins,Pittsburgh,de Pittsburgh,PIT,5,3,REG,3,REG,8470594.0,8469638.0,,,,,,,,,,,,,,,,,,,,PIT
2013020038,20132014,2,2013-10-08,False,2013-10-08T23:00:00Z,-04:00,-04:00,America/New_York,OFF,OK,27,Coyotes,Phoenix,de Phoenix,PHX,1,2,Islanders,New York,de New York,NYI,6,3,REG,3,REG,8460705.0,8475166.0,,,,,,,,,,,,,,,,,,,,NYI
2013020041,20132014,2,2013-10-08,False,2013-10-08T23:30:00Z,-04:00,-04:00,America/New_York,OFF,OK,14,Lightning,Tampa Bay,de Tampa Bay,TBL,3,7,Sabres,Buffalo,de Buffalo,BUF,2,4,OT,3,OT,8471750.0,8473986.0,,,,,,,,,,,,,,,,,,,,TBL
2013020042,20132014,2,2013-10-08,False,2013-10-09T00:00:00Z,-04:00,-05:00,US/Central,OFF,OK,30,Wild,Minnesota,du Minnesota,MIN,2,18,Predators,Nashville,de Nashville,NSH,3,3,REG,3,REG,8471469.0,8470180.0,,,,,,,,,,,,,,,,,,,,NSH
2013020043,20132014,2,2013-10-08,False,2013-10-09T02:00:00Z,-04:00,-07:00,America/Vancouver,OFF,OK,1,Devils,New Jersey,du New Jersey,NJD,2,23,Canucks,Vancouver,de Vancouver,VAN,3,4,OT,3,OT,8466141.0,8471390.0,,,,,,,,,,,,,,,,,,,,VAN
2013020044,20132014,2,2013-10-08,False,2013-10-09T02:30:00Z,-04:00,-07:00,US/Pacific,OFF,OK,3,Rangers,New York,de New York,NYR,2,28,Sharks,San Jose,de San Jose,SJS,9,3,REG,3,REG,8474550.0,8476442.0,,,,,,,,,,,,,,,,,,,,SJS
2013020046,20132014,2,2013-10-09,False,2013-10-10T00:00:00Z,-04:00,-06:00,America/Edmonton,OFF,OK,8,Canadiens,Montréal,de Montréal,MTL,2,20,Flames,Calgary,de Calgary,CGY,3,3,REG,3,REG,8469732.0,8471185.0,,,,,,,,,,,,,,,,,,,,CGY
2013020045,20132014,2,2013-10-09,False,2013-10-10T00:00:00Z,-04:00,-05:00,US/Central,OFF,OK,16,Blackhawks,Chicago,de Chicago,CHI,2,19,Blues,St. Louis,de St. Louis,STL,3,3,REG,3,REG,8470860.0,8470257.0,,,,,,,,,,,,,,,,,,,,STL
2013020047,20132014,2,2013-10-09,False,2013-10-10T02:30:00Z,-04:00,-07:00,America/Los_Angeles,OFF,OK,9,Senators,Ottawa,d'Ottawa,OTT,3,26,Kings,Los Angeles,de Los Angeles,LAK,4,4,OT,3,OT,8471734.0,8470604.0,Sénateurs,,,,,,,,,,,,,,,,,,,LAK
2013020048,20132014,2,2013-10-10,False,2013-10-10T23:00:00Z,-04:00,-04:00,US/Eastern,OFF,OK,21,Avalanche,Colorado,du Colorado,COL,2,6,Bruins,Boston,de Boston,BOS,0,3,REG,3,REG,8462044.0,8475158.0,,,,,,,,,,,,,,,,,,,,COL
2013020050,20132014,2,2013-10-10,False,2013-10-10T23:00:00Z,-04:00,-04:00,US/Eastern,OFF,OK,12,Hurricanes,Carolina,de la Caroline,CAR,3,15,Capitals,Washington,de Washington,WSH,2,3,REG,3,REG,8471418.0,8471804.0,,,,,,,,,,,,,,,,,,,,CAR
2013020049,20132014,2,2013-10-10,False,2013-10-10T23:00:00Z,-04:00,-04:00,America/New_York,OFF,OK,29,Blue Jackets,Columbus,de Columbus,CBJ,4,7,Sabres,Buffalo,de Buffalo,BUF,1,3,REG,3,REG,8475683.0,8473422.0,,,,,,,,,,,,,,,,,,,,CBJ
2013020052,20132014,2,2013-10-10,False,2013-10-10T23:30:00Z,-04:00,-04:00,US/Eastern,OFF,OK,13,Panthers,Florida,de la Floride,FLA,2,14,Lightning,Tampa Bay,de Tampa Bay,TBL,7,3,REG,3,REG,8471750.0,8474564.0,,,,,,,,,,,,,,,,,,,,TBL
2013020051,20132014,2,2013-10-10,False,2013-10-10T23:30:00Z,-04:00,-04:00,America/Detroit,OFF,OK,27,Coyotes,Phoenix,de Phoenix,PHX,4,17,Red Wings,Detroit,de Detroit,DET,2,3,REG,3,REG,8469608.0,8474628.0,,,,,,,,,,,,,,,,,,,,PHX
2013020053,20132014,2,2013-10-10,False,2013-10-11T00:00:00Z,-04:00,-05:00,US/Central,OFF,OK,10,Maple Leafs,Toronto,de Toronto,TOR,4,18,Predators,Nashville,de Nashville,NSH,0,3,REG,3,REG,8473541.0,8473548.0,,,,,,,,,,,,,,,,,,,,TOR
2013020054,20132014,2,2013-10-10,False,2013-10-11T00:00:00Z,-04:00,-05:00,US/Central,OFF,OK,52,Jets,Winnipeg,de Winnipeg,WPG,1,30,Wild,Minnesota,du Minnesota,MIN,2,3,REG,3,REG,8470216.0,8465951.0,,,,,,,,,,,,,,,,,,,,MIN
2013020055,20132014,2,2013-10-10,False,2013-10-11T01:30:00Z,-04:00,-06:00,America/Edmonton,OFF,OK,8,Canadiens,Montréal,de Montréal,MTL,4,22,Oilers,Edmonton,d'Edmonton,EDM,1,3,REG,3,REG,8469514.0,8471283.0,,,,,,,,,,,,,,,,,,,,MTL
2013020057,20132014,2,2013-10-10,False,2013-10-11T02:00:00Z,-04:00,-07:00,America/Los_Angeles,OFF,OK,3,Rangers,New York,de New York,NYR,0,24,Ducks,Anaheim,d'Anaheim,ANA,6,3,REG,3,REG,8473972.0,8470612.0,,,,,,,,,,,,,,,,,,,,ANA
2013020056,20132014,2,2013-10-10,False,2013-10-11T02:00:00Z,-04:00,-07:00,America/Vancouver,OFF,OK,28,Sharks,San Jose,de San Jose,SJS,4,23,Canucks,Vancouver,de Vancouver,VAN,1,3,REG,3,REG,8474550.0,8471700.0,,,,,,,,,,,,,,,,,,,,SJS
2013020059,20132014,2,2013-10-11,False,2013-10-11T23:00:00Z,-04:00,-04:00,US/Eastern,OFF,OK,26,Kings,Los Angeles,de Los Angeles,LAK,2,12,Hurricanes,Carolina,de la Caroline,CAR,1,5,SO,3,SO,8471734.0,,,,,,,,,,,,,,,,,,,,,LAK
2013020058,20132014,2,2013-10-11,False,2013-10-11T23:00:00Z,-04:00,-04:00,US/Eastern,OFF,OK,27,Coyotes,Phoenix,de Phoenix,PHX,2,4,Flyers,Philadelphia,de Philadelphie,PHI,1,3,REG,3,REG,8471306.0,8475171.0,,,,,,,,,,,,,,,,,,,,PHX
2013020060,20132014,2,2013-10-11,False,2013-10-11T23:30:00Z,-04:00,-04:00,US/Eastern,OFF,OK,5,Penguins,Pittsburgh,de Pittsburgh,PIT,3,13,Panthers,Florida,de la Floride,FLA,6,3,REG,3,REG,8474593.0,8477493.0,,,,,,,,,,,,,,,Markström,,,,,FLA
2013020062,20132014,2,2013-10-11,False,2013-10-12T00:00:00Z,-04:00,-05:00,America/Winnipeg,OFF,OK,25,Stars,Dallas,de Dallas,DAL,4,52,Jets,Winnipeg,de Winnipeg,WPG,1,3,REG,3,REG,8470140.0,8475794.0,,,,,,,,,,,,,,,,,,,,DAL
2013020061,20132014,2,2013-10-11,False,2013-10-12T00:00:00Z,-04:00,-05:00,America/Chicago,OFF,OK,2,Islanders,New York,de New York,NYI,2,16,Blackhawks,Chicago,de Chicago,CHI,3,3,REG,3,REG,8459140.0,8462129.0,,,,,,,,,,,,,,,,,,,,CHI
2013020063,20132014,2,2013-10-11,False,2013-10-12T01:00:00Z,-04:00,-06:00,America/Edmonton,OFF,OK,1,Devils,New Jersey,du New Jersey,NJD,2,20,Flames,Calgary,de Calgary,CGY,3,3,REG,3,REG,8469732.0,8477497.0,,,,,,,,,,,,,,,,,,,,CGY
2013020068,20132014,2,2013-10-12,False,2013-10-12T18:00:00Z,-04:00,-04:00,US/Eastern,OFF,OK,6,Bruins,Boston,de Boston,BOS,3,29,Blue Jackets,Columbus,de Columbus,CBJ,1,3,REG,3,REG,8471695.0,8470626.0,,,,,,,,,,,,,,,,,,,,BOS
2013020064,20132014,2,2013-10-12,False,2013-10-12T23:00:00Z,-04:00,-04:00,America/Toronto,OFF,OK,22,Oilers,Edmonton,d'Edmonton,EDM,5,10,Maple Leafs,Toronto,de Toronto,TOR,6,4,OT,3,OT,8473541.0,8471245.0,,,,,,,,,,,,,,,,,,,,TOR
2013020066,20132014,2,2013-10-12,False,2013-10-12T23:00:00Z,-04:00,-04:00,US/Eastern,OFF,OK,5,Penguins,Pittsburgh,de Pittsburgh,PIT,5,14,Lightning,Tampa Bay,de Tampa Bay,TBL,4,3,REG,3,REG,8470594.0,8471702.0,,,,,,,,,,,,,,,,,,,,PIT
2013020067,20132014,2,2013-10-12,False,2013-10-12T23:00:00Z,-04:00,-04:00,US/Eastern,OFF,OK,21,Avalanche,Colorado,du Colorado,COL,5,15,Capitals,Washington,de Washington,WSH,1,3,REG,3,REG,8473575.0,8475168.0,,,,,,,,,,,,,,,,,,,,COL
2013020065,20132014,2,2013-10-12,False,2013-10-12T23:00:00Z,-04:00,-04:00,America/Detroit,OFF,OK,4,Flyers,Philadelphia,de Philadelphie,PHI,2,17,Red Wings,Detroit,de Detroit,DET,5,3,REG,3,REG,8470657.0,8467514.0,,,,,,,,,,,,,,,,,,,,DET
2013020071,20132014,2,2013-10-12,False,2013-10-13T00:00:00Z,-04:00,-05:00,US/Central,OFF,OK,2,Islanders,New York,de New York,NYI,2,18,Predators,Nashville,de Nashville,NSH,3,3,REG,3,REG,8471469.0,8475176.0,,,,,,,,,,,,,,,,,,,,NSH
2013020069,20132014,2,2013-10-12,False,2013-10-13T00:00:00Z,-04:00,-05:00,America/Chicago,OFF,OK,7,Sabres,Buffalo,de Buffalo,BUF,1,16,Blackhawks,Chicago,de Chicago,CHI,2,3,REG,3,REG,8470645.0,8474141.0,,,,,,,,,,,,,,,,,,,,CHI
2013020072,20132014,2,2013-10-12,False,2013-10-13T00:00:00Z,-04:00,-05:00,US/Central,OFF,OK,25,Stars,Dallas,de Dallas,DAL,1,30,Wild,Minnesota,du Minnesota,MIN,5,3,REG,3,REG,8470216.0,8465951.0,,,,,,,,,,,,,,,,,,,,MIN
2013020070,20132014,2,2013-10-12,False,2013-10-13T00:00:00Z,-04:00,-05:00,US/Central,OFF,OK,3,Rangers,New York,de New York,NYR,3,19,Blues,St. Louis,de St. Louis,STL,5,3,REG,3,REG,8470860.0,8470655.0,,,,,,,,,,,,,,,,,,,,STL
2013020074,20132014,2,2013-10-12,False,2013-10-13T02:00:00Z,-04:00,-07:00,US/Pacific,OFF,OK,9,Senators,Ottawa,d'Ottawa,OTT,2,28,Sharks,San Jose,de San Jose,SJS,3,3,REG,3,REG,8474550.0,8470613.0,Sénateurs,,,,,,,,,,,,,,,,,,,SJS
2013020073,20132014,2,2013-10-12,False,2013-10-13T02:00:00Z,-04:00,-07:00,America/Vancouver,OFF,OK,8,Canadiens,Montréal,de Montréal,MTL,4,23,Canucks,Vancouver,de Vancouver,VAN,1,3,REG,3,REG,8471679.0,8474189.0,,,,,,,,,,,,,,,,,,,,MTL
2013020075,20132014,2,2013-10-13,False,2013-10-13T17:00:00Z,-04:00,-04:00,US/Eastern,OFF,OK,27,Coyotes,Phoenix,de Phoenix,PHX,5,12,Hurricanes,Carolina,de la Caroline,CAR,3,3,REG,3,REG,8469608.0,8473970.0,,,,,,,,,,,,,,,,,,,,PHX
2013020076,20132014,2,2013-10-13,False,2013-10-13T19:00:00Z,-04:00,-04:00,US/Eastern,OFF,OK,26,Kings,Los Angeles,de Los Angeles,LAK,3,13,Panthers,Florida,de la Floride,FLA,0,3,REG,3,REG,8475681.0,8470666.0,,,,,,,,,,,,,,,,,,,,LAK
2013020078,20132014,2,2013-10-13,False,2013-10-14T00:00:00Z,-04:00,-07:00,America/Los_Angeles,OFF,OK,9,Senators,Ottawa,d'Ottawa,OTT,1,24,Ducks,Anaheim,d'Anaheim,ANA,4,3,REG,3,REG,8473972.0,8470612.0,Sénateurs,,,,,,,,,,,,,,,,,,,ANA
2013020077,20132014,2,2013-10-13,False,2013-10-14T00:00:00Z,-04:00,-05:00,America/Winnipeg,OFF,OK,1,Devils,New Jersey,du New Jersey,NJD,0,52,Jets,Winnipeg,de Winnipeg,WPG,3,3,REG,3,REG,8471219.0,8475169.0,,,,,,,,,,,,,,,,,,,,WPG
2013020079,20132014,2,2013-10-14,False,2013-10-14T17:00:00Z,-04:00,-04:00,US/Eastern,OFF,OK,17,Red Wings,Detroit,de Detroit,DET,3,6,Bruins,Boston,de Boston,BOS,2,3,REG,3,REG,8475361.0,8466149.0,,,,,,,,,,,,,,,,,,,,DET
2013020080,20132014,2,2013-10-14,False,2013-10-14T23:00:00Z,-04:00,-04:00,US/Eastern,OFF,OK,22,Oilers,Edmonton,d'Edmonton,EDM,2,15,Capitals,Washington,de Washington,WSH,4,3,REG,3,REG,8474651.0,8471214.0,,,,,,,,,,,,,,,,,,,,WSH
2013020081,20132014,2,2013-10-14,False,2013-10-14T23:30:00Z,-04:00,-04:00,America/New_York,OFF,OK,30,Wild,Minnesota,du Minnesota,MIN,2,7,Sabres,Buffalo,de Buffalo,BUF,1,3,REG,3,REG,8470216.0,8469506.0,,,,,,,,,,,,,,,,,,,,MIN
2013020083,20132014,2,2013-10-15,False,2013-10-15T23:00:00Z,-04:00,-04:00,America/New_York,OFF,OK,7,Sabres,Buffalo,de Buffalo,BUF,4,2,Islanders,New York,de New York,NYI,3,5,SO,3,SO,8468011.0,,,,,,,,,,,,,,,,,,,,,BUF
2013020086,20132014,2,2013-10-15,False,2013-10-15T23:00:00Z,-04:00,-04:00,US/Eastern,OFF,OK,16,Blackhawks,Chicago,de Chicago,CHI,3,12,Hurricanes,Carolina,de la Caroline,CAR,2,5,SO,3,SO,8470645.0,,,,,,,,,,,,,,,,,,,,,CHI
2013020082,20132014,2,2013-10-15,False,2013-10-15T23:00:00Z,-04:00,-04:00,America/Toronto,OFF,OK,30,Wild,Minnesota,du Minnesota,MIN,1,10,Maple Leafs,Toronto,de Toronto,TOR,4,3,REG,3,REG,8473503.0,8473942.0,,,,,,,,,,,,,,,,,,,,TOR
2013020084,20132014,2,2013-10-15,False,2013-10-15T23:00:00Z,-04:00,-04:00,US/Eastern,OFF,OK,23,Canucks,Vancouver,de Vancouver,VAN,3,4,Flyers,Philadelphia,de Philadelphie,PHI,2,3,REG,3,REG,8466141.0,8470616.0,,,,,,,,,,,,,,,,,,,,VAN
2013020085,20132014,2,2013-10-15,False,2013-10-15T23:00:00Z,-04:00,-04:00,US/Eastern,OFF,OK,22,Oilers,Edmonton,d'Edmonton,EDM,2,5,Penguins,Pittsburgh,de Pittsburgh,PIT,3,3,REG,3,REG,8470594.0,8471215.0,,,,,,,,,,,,,,,,,,,,PIT
2013020088,20132014,2,2013-10-15,False,2013-10-15T23:30:00Z,-04:00,-04:00,US/Eastern,OFF,OK,26,Kings,Los Angeles,de Los Angeles,LAK,1,14,Lightning,Tampa Bay,de Tampa Bay,TBL,5,3,REG,3,REG,8471750.0,8473962.0,,,,,,,,,,,,,,,,,,,,TBL
2013020087,20132014,2,2013-10-15,False,2013-10-16T00:00:00Z,-04:00,-04:00,America/Detroit,OFF,OK,29,Blue Jackets,Columbus,de Columbus,CBJ,1,17,Red Wings,Detroit,de Detroit,DET,2,3,REG,3,REG,8475361.0,8468083.0,,,,,,,,,,,,,,,,,,,,DET
2013020089,20132014,2,2013-10-15,False,2013-10-16T00:00:00Z,-04:00,-05:00,US/Central,OFF,OK,28,Sharks,San Jose,de San Jose,SJS,6,19,Blues,St. Louis,de St. Louis,STL,2,3,REG,3,REG,8474550.0,8474739.0,,,,,,,,,,,,,,,,,,,,SJS
2013020091,20132014,2,2013-10-15,False,2013-10-16T00:00:00Z,-04:00,-05:00,America/Winnipeg,OFF,OK,8,Canadiens,Montréal,de Montréal,MTL,3,52,Jets,Winnipeg,de Winnipeg,WPG,0,3,REG,3,REG,8471679.0,8471283.0,,,,,,,,,,,,,,,,,,,,MTL
2013020090,20132014,2,2013-10-15,False,2013-10-16T00:00:00Z,-04:00,-05:00,US/Central,OFF,OK,13,Panthers,Florida,de la Floride,FLA,3,18,Predators,Nashville,de Nashville,NSH,4,3,REG,3,REG,8471469.0,8471887.0,,,,,,,,,,,,,,,,,,,,NSH
2013020092,20132014,2,2013-10-15,False,2013-10-16T01:00:00Z,-04:00,-06:00,America/Denver,OFF,OK,25,Stars,Dallas,de Dallas,DAL,2,21,Avalanche,Colorado,du Colorado,COL,3,3,REG,3,REG,8473575.0,8475168.0,,,,,,,,,,,,,,,,,,,,COL
2013020093,20132014,2,2013-10-15,False,2013-10-16T02:00:00Z,-04:00,-07:00,America/Phoenix,OFF,OK,9,Senators,Ottawa,d'Ottawa,OTT,4,27,Coyotes,Phoenix,de Phoenix,PHX,3,4,OT,3,OT,8467950.0,8476195.0,Sénateurs,,,,,,,,,,,,,,,,,,,OTT
2013020094,20132014,2,2013-10-16,False,2013-10-17T00:00:00Z,-04:00,-04:00,US/Eastern,OFF,OK,3,Rangers,New York,de New York,NYR,2,15,Capitals,Washington,de Washington,WSH,0,3,REG,3,REG,8468685.0,8475186.0,,,,,,,,,,,,,,,,,,,,NYR
2013020095,20132014,2,2013-10-16,False,2013-10-17T02:00:00Z,-04:00,-07:00,America/Los_Angeles,OFF,OK,20,Flames,Calgary,de Calgary,CGY,2,24,Ducks,Anaheim,d'Anaheim,ANA,3,3,REG,3,REG,8476839.0,8457981.0,,,,,,,,,,,,,,,,,,,,ANA
2013020097,20132014,2,2013-10-17,False,2013-10-17T23:00:00Z,-04:00,-04:00,America/Toronto,OFF,OK,12,Hurricanes,Carolina,de la Caroline,CAR,3,10,Maple Leafs,Toronto,de Toronto,TOR,2,3,REG,3,REG,8470320.0,8468493.0,,,,,,,,,,,,,,,,,,,,CAR
2013020099,20132014,2,2013-10-17,False,2013-10-17T23:00:00Z,-04:00,-04:00,US/Eastern,OFF,OK,5,Penguins,Pittsburgh,de Pittsburgh,PIT,4,4,Flyers,Philadelphia,de Philadelphie,PHI,1,3,REG,3,REG,8470594.0,8470543.0,,,,,,,,,,,,,,,,,,,,PIT
2013020098,20132014,2,2013-10-17,False,2013-10-17T23:00:00Z,-04:00,-04:00,America/New_York,OFF,OK,22,Oilers,Edmonton,d'Edmonton,EDM,2,2,Islanders,New York,de New York,NYI,3,3,REG,3,REG,8460705.0,8475166.0,,,,,,,,,,,,,,,,,,,,NYI
2013020096,20132014,2,2013-10-17,False,2013-10-17T23:00:00Z,-04:00,-04:00,America/New_York,OFF,OK,23,Canucks,Vancouver,de Vancouver,VAN,3,7,Sabres,Buffalo,de Buffalo,BUF,0,3,REG,3,REG,8466141.0,8470274.0,,,,,,,,,,,,,,,,,,,,VAN
2013020101,20132014,2,2013-10-17,False,2013-10-17T23:30:00Z,-04:00,-04:00,US/Eastern,OFF,OK,1,Devils,New Jersey,du New Jersey,NJD,2,9,Senators,Ottawa,d'Ottawa,OTT,5,3,REG,3,REG,8467950.0,8474250.0,,Sénateurs,,,,,,,,,,,,,,,,,,OTT
2013020102,20132014,2,2013-10-17,False,2013-10-17T23:30:00Z,-04:00,-04:00,US/Eastern,OFF,OK,30,Wild,Minnesota,du Minnesota,MIN,1,14,Lightning,Tampa Bay,de Tampa Bay,TBL,3,3,REG,3,REG,8471750.0,8474564.0,,,,,,,,,,,,,,,,,,,,TBL
2013020103,20132014,2,2013-10-17,False,2013-10-17T23:30:00Z,-04:00,-04:00,US/Eastern,OFF,OK,6,Bruins,Boston,de Boston,BOS,3,13,Panthers,Florida,de la Floride,FLA,2,3,REG,3,REG,8471695.0,8475191.0,,,,,,,,,,,,,,,,,,,,BOS
2013020100,20132014,2,2013-10-17,False,2013-10-17T23:30:00Z,-04:00,-04:00,America/Montreal,OFF,OK,29,Blue Jackets,Columbus,de Columbus,CBJ,3,8,Canadiens,Montréal,de Montréal,MTL,5,3,REG,3,REG,8471679.0,8469521.0,,,,,,,,,,,,,,,,,,,,MTL
2013020105,20132014,2,2013-10-17,False,2013-10-18T00:00:00Z,-04:00,-05:00,US/Central,OFF,OK,26,Kings,Los Angeles,de Los Angeles,LAK,2,18,Predators,Nashville,de Nashville,NSH,1,5,SO,3,SO,8471734.0,,,,,,,,,,,,,,,,,,,,,LAK
2013020104,20132014,2,2013-10-17,False,2013-10-18T00:00:00Z,-04:00,-05:00,America/Chicago,OFF,OK,19,Blues,St. Louis,de St. Louis,STL,3,16,Blackhawks,Chicago,de Chicago,CHI,2,5,SO,3,SO,8470860.0,,,,,,,,,,,,,,,,,,,,,STL
2013020106,20132014,2,2013-10-17,False,2013-10-18T00:30:00Z,-04:00,-05:00,US/Central,OFF,OK,28,Sharks,San Jose,de San Jose,SJS,3,25,Stars,Dallas,de Dallas,DAL,4,5,SO,3,SO,8468540.0,,,,,,,,,,,,,,,,,,,,,DAL
2013020107,20132014,2,2013-10-17,False,2013-10-18T01:00:00Z,-04:00,-06:00,America/Denver,OFF,OK,17,Red Wings,Detroit,de Detroit,DET,4,21,Avalanche,Colorado,du Colorado,COL,2,3,REG,3,REG,8475361.0,8471309.0,,,,,,,,,,,,,,,,,,,,DET
2013020108,20132014,2,2013-10-18,False,2013-10-19T00:00:00Z,-04:00,-05:00,America/Winnipeg,OFF,OK,19,Blues,St. Louis,de St. Louis,STL,3,52,Jets,Winnipeg,de Winnipeg,WPG,4,5,SO,3,SO,8471715.0,,,,,,,,,,,,,,,,,,,,,WPG
2013020109,20132014,2,2013-10-18,False,2013-10-19T02:00:00Z,-04:00,-07:00,America/Los_Angeles,OFF,OK,27,Coyotes,Phoenix,de Phoenix,PHX,2,24,Ducks,Anaheim,d'Anaheim,ANA,3,5,SO,3,SO,8473972.0,,,,,,,,,,,,,,,,,,,,,ANA
2013020110,20132014,2,2013-10-19,False,2013-10-19T17:00:00Z,-04:00,-04:00,US/Eastern,OFF,OK,23,Canucks,Vancouver,de Vancouver,VAN,3,5,Penguins,Pittsburgh,de Pittsburgh,PIT,4,5,SO,3,SO,8470594.0,,,,,,,,,,,,,,,,,,,,,PIT
2013020111,20132014,2,2013-10-19,False,2013-10-19T18:00:00Z,-04:00,-04:00,US/Eastern,OFF,OK,22,Oilers,Edmonton,d'Edmonton,EDM,3,9,Senators,Ottawa,d'Ottawa,OTT,1,3,REG,3,REG,8471227.0,8476454.0,,Sénateurs,,,,,,,,,,,,,,,,,,EDM
2013020118,20132014,2,2013-10-19,False,2013-10-19T23:00:00Z,-04:00,-04:00,US/Eastern,OFF,OK,29,Blue Jackets,Columbus,de Columbus,CBJ,1,15,Capitals,Washington,de Washington,WSH,4,3,REG,3,REG,8474651.0,8469639.0,,,,,,,,,,,,,,,,,,,,WSH
2013020113,20132014,2,2013-10-19,False,2013-10-19T23:00:00Z,-04:00,-04:00,America/Montreal,OFF,OK,18,Predators,Nashville,de Nashville,NSH,2,8,Canadiens,Montréal,de Montréal,MTL,1,3,REG,3,REG,8471469.0,8477495.0,,,,,,,,,,,,,,,,,,,,NSH
2013020115,20132014,2,2013-10-19,False,2013-10-19T23:00:00Z,-04:00,-04:00,US/Eastern,OFF,OK,30,Wild,Minnesota,du Minnesota,MIN,1,13,Panthers,Florida,de la Floride,FLA,2,5,SO,3,SO,8460703.0,,,,,,,,,,,,,,,,,,,,,FLA
2013020117,20132014,2,2013-10-19,False,2013-10-19T23:00:00Z,-04:00,-04:00,America/New_York,OFF,OK,12,Hurricanes,Carolina,de la Caroline,CAR,4,2,Islanders,New York,de New York,NYI,3,3,REG,3,REG,8470320.0,8473482.0,,,,,,,,,,,,,,,,,,,,CAR
2013020116,20132014,2,2013-10-19,False,2013-10-19T23:00:00Z,-04:00,-04:00,US/Eastern,OFF,OK,3,Rangers,New York,de New York,NYR,0,1,Devils,New Jersey,du New Jersey,NJD,4,3,REG,3,REG,8471239.0,8474681.0,,,,,,,,,,,,,,,,,,,,NJD
2013020114,20132014,2,2013-10-19,False,2013-10-19T23:00:00Z,-04:00,-04:00,US/Eastern,OFF,OK,6,Bruins,Boston,de Boston,BOS,5,14,Lightning,Tampa Bay,de Tampa Bay,TBL,0,3,REG,3,REG,8471695.0,8471276.0,,,,,,,,,,,,,,,,,,,,BOS
2013020112,20132014,2,2013-10-19,False,2013-10-19T23:00:00Z,-04:00,-04:00,America/New_York,OFF,OK,21,Avalanche,Colorado,du Colorado,COL,4,7,Sabres,Buffalo,de Buffalo,BUF,2,3,REG,3,REG,8462044.0,8475168.0,,,,,,,,,,,,,,,,,,,,COL
2013020119,20132014,2,2013-10-19,False,2013-10-19T23:00:00Z,-04:00,-05:00,America/Chicago,OFF,OK,10,Maple Leafs,Toronto,de Toronto,TOR,1,16,Blackhawks,Chicago,de Chicago,CHI,3,3,REG,3,REG,8470645.0,8474497.0,,,,,,,,,,,,,,,,,,,,CHI
2013020120,20132014,2,2013-10-19,False,2013-10-20T01:00:00Z,-04:00,-07:00,America/Phoenix,OFF,OK,17,Red Wings,Detroit,de Detroit,DET,2,27,Coyotes,Phoenix,de Phoenix,PHX,5,3,REG,3,REG,8469608.0,8471691.0,,,,,,,,,,,,,,,,,,,,PHX
2013020121,20132014,2,2013-10-19,False,2013-10-20T02:00:00Z,-04:00,-07:00,US/Pacific,OFF,OK,20,Flames,Calgary,de Calgary,CGY,3,28,Sharks,San Jose,de San Jose,SJS,6,3,REG,3,REG,8474550.0,8466139.0,,,,,,,,,,,,,,,,,,,,SJS
2013020122,20132014,2,2013-10-19,False,2013-10-20T02:30:00Z,-04:00,-07:00,America/Los_Angeles,OFF,OK,25,Stars,Dallas,de Dallas,DAL,2,26,Kings,Los Angeles,de Los Angeles,LAK,5,3,REG,3,REG,8471734.0,8474563.0,,,,,,,,,,,,,,,,,,,,LAK
2013020123,20132014,2,2013-10-20,False,2013-10-20T22:00:00Z,-04:00,-04:00,US/Eastern,OFF,OK,23,Canucks,Vancouver,de Vancouver,VAN,1,29,Blue Jackets,Columbus,de Columbus,CBJ,3,3,REG,3,REG,8470147.0,8469469.0,,,,,,,,,,,,,,,,,,,,CBJ
2013020124,20132014,2,2013-10-20,False,2013-10-21T00:00:00Z,-04:00,-05:00,America/Winnipeg,OFF,OK,18,Predators,Nashville,de Nashville,NSH,3,52,Jets,Winnipeg,de Winnipeg,WPG,1,3,REG,3,REG,8475622.0,8471887.0,,,,,,,,,,,,,,,,,,,,NSH
2013020125,20132014,2,2013-10-20,False,2013-10-21T00:00:00Z,-04:00,-07:00,America/Los_Angeles,OFF,OK,25,Stars,Dallas,de Dallas,DAL,3,24,Ducks,Anaheim,d'Anaheim,ANA,6,3,REG,3,REG,8475883.0,8475770.0,,,,,,,,,,,,,,,,,,,,ANA
2013020127,20132014,2,2013-10-21,False,2013-10-21T23:30:00Z,-04:00,-04:00,US/Eastern,OFF,OK,21,Avalanche,Colorado,du Colorado,COL,1,5,Penguins,Pittsburgh,de Pittsburgh,PIT,0,3,REG,3,REG,8462044.0,8476455.0,,,,,,,,,,,,,,,,,,,,COL
2013020126,20132014,2,2013-10-21,False,2013-10-21T23:30:00Z,-04:00,-04:00,America/Detroit,OFF,OK,28,Sharks,San Jose,de San Jose,SJS,1,17,Red Wings,Detroit,de Detroit,DET,0,5,SO,3,SO,8474550.0,,,,,,,,,,,,,,,,,,,,,SJS
2013020128,20132014,2,2013-10-21,False,2013-10-22T02:30:00Z,-04:00,-07:00,America/Los_Angeles,OFF,OK,20,Flames,Calgary,de Calgary,CGY,3,26,Kings,Los Angeles,de Los Angeles,LAK,2,3,REG,3,REG,8471403.0,8474673.0,,,,,,,,,,,,,,,,,,,,CGY
2013020129,20132014,2,2013-10-22,False,2013-10-22T23:00:00Z,-04:00,-04:00,America/Toronto,OFF,OK,24,Ducks,Anaheim,d'Anaheim,ANA,2,10,Maple Leafs,Toronto,de Toronto,TOR,4,3,REG,3,REG,8473541.0,8473548.0,,,,,,,,,,,,,,,,,,,,TOR
2013020130,20132014,2,2013-10-22,False,2013-10-22T23:00:00Z,-04:00,-04:00,America/New_York,OFF,OK,23,Canucks,Vancouver,de Vancouver,VAN,5,2,Islanders,New York,de New York,NYI,4,4,OT,3,OT,8466141.0,8470755.0,,,,,,,,,,,,,,,,,,,,VAN
2013020131,20132014,2,2013-10-22,False,2013-10-22T23:00:00Z,-04:00,-04:00,US/Eastern,OFF,OK,1,Devils,New Jersey,du New Jersey,NJD,1,29,Blue Jackets,Columbus,de Columbus,CBJ,4,3,REG,3,REG,8475683.0,8474715.0,,,,,,,,,,,,,,,,,,,,CBJ
2013020132,20132014,2,2013-10-22,False,2013-10-22T23:30:00Z,-04:00,-04:00,America/Montreal,OFF,OK,22,Oilers,Edmonton,d'Edmonton,EDM,4,8,Canadiens,Montréal,de Montréal,MTL,3,3,REG,3,REG,8471227.0,8471323.0,,,,,,,,,,,,,,,,,,,,EDM
2013020133,20132014,2,2013-10-22,False,2013-10-22T23:30:00Z,-04:00,-04:00,US/Eastern,OFF,OK,16,Blackhawks,Chicago,de Chicago,CHI,3,13,Panthers,Florida,de la Floride,FLA,2,5,SO,3,SO,8470645.0,,,,,,,,,,,,,,,,,,,,,CHI
2013020135,20132014,2,2013-10-22,False,2013-10-23T00:00:00Z,-04:00,-05:00,America/Winnipeg,OFF,OK,15,Capitals,Washington,de Washington,WSH,5,52,Jets,Winnipeg,de Winnipeg,WPG,4,5,SO,3,SO,8474651.0,,,,,,,,,,,,,,,,,,,,,WSH
2013020134,20132014,2,2013-10-22,False,2013-10-23T00:00:00Z,-04:00,-05:00,US/Central,OFF,OK,18,Predators,Nashville,de Nashville,NSH,0,30,Wild,Minnesota,du Minnesota,MIN,2,3,REG,3,REG,8470216.0,8476235.0,,,,,,,,,,,,,,,,,,,,MIN
2013020136,20132014,2,2013-10-22,False,2013-10-23T02:00:00Z,-04:00,-07:00,America/Phoenix,OFF,OK,20,Flames,Calgary,de Calgary,CGY,2,27,Coyotes,Phoenix,de Phoenix,PHX,4,3,REG,3,REG,8469608.0,8467371.0,,,,,,,,,,,,,,,,,,,,PHX
2013020137,20132014,2,2013-10-23,False,2013-10-23T23:30:00Z,-04:00,-04:00,America/Detroit,OFF,OK,9,Senators,Ottawa,d'Ottawa,OTT,6,17,Red Wings,Detroit,de Detroit,DET,1,3,REG,3,REG,8467950.0,8469455.0,Sénateurs,,,,,,,,,,,,,,,,,,,OTT
2013020138,20132014,2,2013-10-23,False,2013-10-24T00:00:00Z,-04:00,-04:00,America/New_York,OFF,OK,6,Bruins,Boston,de Boston,BOS,5,7,Sabres,Buffalo,de Buffalo,BUF,2,3,REG,3,REG,8473434.0,8476462.0,,,,,,,,,,,,,,,,,,,,BOS
2013020140,20132014,2,2013-10-24,False,2013-10-24T23:00:00Z,-04:00,-04:00,US/Eastern,OFF,OK,23,Canucks,Vancouver,de Vancouver,VAN,3,1,Devils,New Jersey,du New Jersey,NJD,2,5,SO,3,SO,8466141.0,,,,,,,,,,,,,,,,,,,,,VAN
2013020139,20132014,2,2013-10-24,False,2013-10-24T23:00:00Z,-04:00,-04:00,US/Eastern,OFF,OK,28,Sharks,San Jose,de San Jose,SJS,1,6,Bruins,Boston,de Boston,BOS,2,3,REG,3,REG,8471695.0,8471276.0,,,,,,,,,,,,,,,,,,,,BOS
2013020141,20132014,2,2013-10-24,False,2013-10-24T23:00:00Z,-04:00,-04:00,US/Eastern,OFF,OK,3,Rangers,New York,de New York,NYR,1,4,Flyers,Philadelphia,de Philadelphie,PHI,2,3,REG,3,REG,8473461.0,8470601.0,,,,,,,,,,,,,,,,,,,,PHI
2013020142,20132014,2,2013-10-24,False,2013-10-24T23:30:00Z,-04:00,-04:00,America/Montreal,OFF,OK,24,Ducks,Anaheim,d'Anaheim,ANA,1,8,Canadiens,Montréal,de Montréal,MTL,4,3,REG,3,REG,8471679.0,8469521.0,,,,,,,,,,,,,,,,,,,,MTL
2013020143,20132014,2,2013-10-24,False,2013-10-24T23:30:00Z,-04:00,-04:00,US/Eastern,OFF,OK,16,Blackhawks,Chicago,de Chicago,CHI,5,14,Lightning,Tampa Bay,de Tampa Bay,TBL,6,4,OT,3,OT,8471750.0,8466378.0,,,,,,,,,,,,,,,,,,,,TBL
2013020144,20132014,2,2013-10-24,False,2013-10-25T00:00:00Z,-04:00,-05:00,US/Central,OFF,OK,52,Jets,Winnipeg,de Winnipeg,WPG,2,18,Predators,Nashville,de Nashville,NSH,3,4,OT,3,OT,8475622.0,8475225.0,,,,,,,,,,,,,,,,,,,,NSH
2013020145,20132014,2,2013-10-24,False,2013-10-25T00:00:00Z,-04:00,-05:00,US/Central,OFF,OK,12,Hurricanes,Carolina,de la Caroline,CAR,1,30,Wild,Minnesota,du Minnesota,MIN,3,3,REG,3,REG,8470216.0,8470610.0,,,,,,,,,,,,,,,,,,,,MIN
2013020146,20132014,2,2013-10-24,False,2013-10-25T00:30:00Z,-04:00,-05:00,US/Central,OFF,OK,20,Flames,Calgary,de Calgary,CGY,1,25,Stars,Dallas,de Dallas,DAL,5,3,REG,3,REG,8470140.0,8475163.0,,,,,,,,,,,,,,,,,,,,DAL
2013020147,20132014,2,2013-10-24,False,2013-10-25T01:30:00Z,-04:00,-06:00,America/Edmonton,OFF,OK,15,Capitals,Washington,de Washington,WSH,4,22,Oilers,Edmonton,d'Edmonton,EDM,1,3,REG,3,REG,8474651.0,8468208.0,,,,,,,,,,,,,,,,,,,,WSH
2013020148,20132014,2,2013-10-24,False,2013-10-25T02:30:00Z,-04:00,-07:00,America/Los_Angeles,OFF,OK,27,Coyotes,Phoenix,de Phoenix,PHX,4,26,Kings,Los Angeles,de Los Angeles,LAK,7,3,REG,3,REG,8471734.0,8470617.0,,,,,,,,,,,,,,,,,,,,LAK
2013020149,20132014,2,2013-10-25,False,2013-10-25T23:00:00Z,-04:00,-04:00,US/Eastern,OFF,OK,2,Islanders,New York,de New York,NYI,4,5,Penguins,Pittsburgh,de Pittsburgh,PIT,3,3,REG,3,REG,8460705.0,8474573.0,,,,,,,,,,,,,,,,,,,,NYI
2013020150,20132014,2,2013-10-25,False,2013-10-25T23:00:00Z,-04:00,-04:00,US/Eastern,OFF,OK,10,Maple Leafs,Toronto,de Toronto,TOR,2,29,Blue Jackets,Columbus,de Columbus,CBJ,5,3,REG,3,REG,8475683.0,8471273.0,,,,,,,,,,,,,,,,,,,,CBJ
2013020151,20132014,2,2013-10-25,False,2013-10-25T23:30:00Z,-04:00,-04:00,US/Eastern,OFF,OK,24,Ducks,Anaheim,d'Anaheim,ANA,2,9,Senators,Ottawa,d'Ottawa,OTT,1,3,REG,3,REG,8475883.0,8470612.0,,Sénateurs,,,,,,,,,,,,,,,,,,ANA
2013020152,20132014,2,2013-10-25,False,2013-10-25T23:30:00Z,-04:00,-04:00,US/Eastern,OFF,OK,7,Sabres,Buffalo,de Buffalo,BUF,3,13,Panthers,Florida,de la Floride,FLA,1,3,REG,3,REG,8473523.0,8468505.0,,,,,,,,,,,,,,,,,,,,BUF
2013020153,20132014,2,2013-10-25,False,2013-10-26T00:00:00Z,-04:00,-05:00,US/Central,OFF,OK,23,Canucks,Vancouver,de Vancouver,VAN,3,19,Blues,St. Louis,de St. Louis,STL,2,4,OT,3,OT,8475663.0,8470616.0,,,,,,,,,,,,,,,,,,,,VAN
2013020154,20132014,2,2013-10-25,False,2013-10-26T01:00:00Z,-04:00,-06:00,America/Denver,OFF,OK,12,Hurricanes,Carolina,de la Caroline,CAR,2,21,Avalanche,Colorado,du Colorado,COL,4,3,REG,3,REG,8473575.0,8467338.0,,,,,,,,,,,,,,,,,,,,COL
2013020164,20132014,2,2013-10-26,False,2013-10-26T19:00:00Z,-04:00,-07:00,America/Phoenix,OFF,OK,22,Oilers,Edmonton,d'Edmonton,EDM,4,27,Coyotes,Phoenix,de Phoenix,PHX,5,3,REG,3,REG,8469608.0,8475171.0,,,,,,,,,,,,,,,,,,,,PHX
2013020159,20132014,2,2013-10-26,False,2013-10-26T23:00:00Z,-04:00,-04:00,US/Eastern,OFF,OK,7,Sabres,Buffalo,de Buffalo,BUF,2,14,Lightning,Tampa Bay,de Tampa Bay,TBL,3,3,REG,3,REG,8471750.0,8476292.0,,,,,,,,,,,,,,,,,,,,TBL
2013020155,20132014,2,2013-10-26,False,2013-10-26T23:00:00Z,-04:00,-04:00,US/Eastern,OFF,OK,1,Devils,New Jersey,du New Jersey,NJD,4,6,Bruins,Boston,de Boston,BOS,3,3,REG,3,REG,8455710.0,8472382.0,,,,,,,,,,,,,,,,,,,,NJD
2013020157,20132014,2,2013-10-26,False,2013-10-26T23:00:00Z,-04:00,-04:00,America/Montreal,OFF,OK,28,Sharks,San Jose,de San Jose,SJS,2,8,Canadiens,Montréal,de Montréal,MTL,0,3,REG,3,REG,8474550.0,8474053.0,,,,,,,,,,,,,,,,,,,,SJS
2013020156,20132014,2,2013-10-26,False,2013-10-26T23:00:00Z,-04:00,-04:00,America/Toronto,OFF,OK,5,Penguins,Pittsburgh,de Pittsburgh,PIT,1,10,Maple Leafs,Toronto,de Toronto,TOR,4,3,REG,3,REG,8473503.0,8475172.0,,,,,,,,,,,,,,,,,,,,TOR
2013020161,20132014,2,2013-10-26,False,2013-10-26T23:00:00Z,-04:00,-05:00,US/Central,OFF,OK,52,Jets,Winnipeg,de Winnipeg,WPG,2,25,Stars,Dallas,de Dallas,DAL,1,5,SO,3,SO,8471715.0,,,,,,,,,,,,,,,,,,,,,WPG
2013020158,20132014,2,2013-10-26,False,2013-10-26T23:00:00Z,-04:00,-04:00,America/Detroit,OFF,OK,3,Rangers,New York,de New York,NYR,3,17,Red Wings,Detroit,de Detroit,DET,2,4,OT,3,OT,8475660.0,8473544.0,,,,,,,,,,,,,,,,,,,,NYR
2013020160,20132014,2,2013-10-26,False,2013-10-26T23:00:00Z,-04:00,-04:00,America/New_York,OFF,OK,4,Flyers,Philadelphia,de Philadelphie,PHI,5,2,Islanders,New York,de New York,NYI,2,3,REG,3,REG,8473461.0,8467329.0,,,,,,,,,,,,,,,,,,,,PHI
2013020162,20132014,2,2013-10-26,False,2013-10-27T00:00:00Z,-04:00,-05:00,America/Chicago,OFF,OK,30,Wild,Minnesota,du Minnesota,MIN,5,16,Blackhawks,Chicago,de Chicago,CHI,3,3,REG,3,REG,8473404.0,8469506.0,,,,,,,,,,,,,,,,,,,,MIN
2013020163,20132014,2,2013-10-26,False,2013-10-27T00:00:00Z,-04:00,-05:00,US/Central,OFF,OK,19,Blues,St. Louis,de St. Louis,STL,6,18,Predators,Nashville,de Nashville,NSH,1,3,REG,3,REG,8470860.0,8471698.0,,,,,,,,,,,,,,,,,,,,STL
2013020165,20132014,2,2013-10-26,False,2013-10-27T02:00:00Z,-04:00,-06:00,America/Edmonton,OFF,OK,15,Capitals,Washington,de Washington,WSH,2,20,Flames,Calgary,de Calgary,CGY,5,3,REG,3,REG,8471403.0,8469500.0,,,,,,,,,,,,,,,,,,,,CGY
2013020167,20132014,2,2013-10-27,False,2013-10-27T21:00:00Z,-04:00,-04:00,US/Eastern,OFF,OK,14,Lightning,Tampa Bay,de Tampa Bay,TBL,4,13,Panthers,Florida,de la Floride,FLA,3,5,SO,3,SO,8474765.0,,,,,,,,,,,,,,,,Lindbäck,,,,,TBL
2013020166,20132014,2,2013-10-27,False,2013-10-27T21:00:00Z,-04:00,-04:00,US/Eastern,OFF,OK,28,Sharks,San Jose,de San Jose,SJS,5,9,Senators,Ottawa,d'Ottawa,OTT,2,3,REG,3,REG,8471774.0,8474739.0,,Sénateurs,,,,,,,,,,,,,,,,,,SJS
2013020168,20132014,2,2013-10-27,False,2013-10-27T22:00:00Z,-04:00,-04:00,US/Eastern,OFF,OK,24,Ducks,Anaheim,d'Anaheim,ANA,4,29,Blue Jackets,Columbus,de Columbus,CBJ,3,3,REG,3,REG,8475883.0,8470621.0,,,,,,,,,,,,,,,,,,,,ANA
2013020169,20132014,2,2013-10-27,False,2013-10-28T00:00:00Z,-04:00,-06:00,America/Denver,OFF,OK,52,Jets,Winnipeg,de Winnipeg,WPG,2,21,Avalanche,Colorado,du Colorado,COL,3,3,REG,3,REG,8473575.0,8471669.0,,,,,,,,,,,,,,,,,,,,COL
2013020170,20132014,2,2013-10-27,False,2013-10-28T01:00:00Z,-04:00,-07:00,America/Los_Angeles,OFF,OK,22,Oilers,Edmonton,d'Edmonton,EDM,1,26,Kings,Los Angeles,de Los Angeles,LAK,2,5,SO,3,SO,8471734.0,,,,,,,,,,,,,,,,,,,,,LAK
2013020171,20132014,2,2013-10-28,False,2013-10-28T23:00:00Z,-04:00,-04:00,America/New_York,OFF,OK,25,Stars,Dallas,de Dallas,DAL,4,7,Sabres,Buffalo,de Buffalo,BUF,3,3,REG,3,REG,8470140.0,8473994.0,,,,,,,,,,,,,,,,,,,,DAL
2013020172,20132014,2,2013-10-28,False,2013-10-28T23:00:00Z,-04:00,-04:00,US/Eastern,OFF,OK,5,Penguins,Pittsburgh,de Pittsburgh,PIT,3,12,Hurricanes,Carolina,de la Caroline,CAR,1,3,REG,3,REG,8470594.0,8470543.0,,,,,,,,,,,,,,,,,,,,PIT
2013020173,20132014,2,2013-10-28,False,2013-10-28T23:30:00Z,-04:00,-04:00,America/New_York,OFF,OK,8,Canadiens,Montréal,de Montréal,MTL,2,3,Rangers,New York,de New York,NYR,0,3,REG,3,REG,8469514.0,8469521.0,,,,,,,,,,,,,,,,,,,,MTL
2013020174,20132014,2,2013-10-28,False,2013-10-29T00:00:00Z,-04:00,-05:00,US/Central,OFF,OK,16,Blackhawks,Chicago,de Chicago,CHI,5,30,Wild,Minnesota,du Minnesota,MIN,1,3,REG,3,REG,8470645.0,8469992.0,,,,,,,,,,,,,,,,,,,,CHI
2013020175,20132014,2,2013-10-28,False,2013-10-29T02:00:00Z,-04:00,-07:00,America/Vancouver,OFF,OK,15,Capitals,Washington,de Washington,WSH,2,23,Canucks,Vancouver,de Vancouver,VAN,3,3,REG,3,REG,8466141.0,8467875.0,,,,,,,,,,,,,,,,,,,,VAN
2013020176,20132014,2,2013-10-29,False,2013-10-29T23:00:00Z,-04:00,-04:00,America/New_York,OFF,OK,3,Rangers,New York,de New York,NYR,3,2,Islanders,New York,de New York,NYI,2,3,REG,3,REG,8475660.0,8471678.0,,,,,,,,,,,,,,,,,,,,NYR
2013020178,20132014,2,2013-10-29,False,2013-10-29T23:00:00Z,-04:00,-04:00,America/Montreal,OFF,OK,25,Stars,Dallas,de Dallas,DAL,1,8,Canadiens,Montréal,de Montréal,MTL,2,3,REG,3,REG,8471679.0,8471504.0,,,,,,,,,,,,,,,,,,,,MTL
2013020177,20132014,2,2013-10-29,False,2013-10-29T23:00:00Z,-04:00,-04:00,US/Eastern,OFF,OK,24,Ducks,Anaheim,d'Anaheim,ANA,3,4,Flyers,Philadelphia,de Philadelphie,PHI,2,3,REG,3,REG,8473972.0,8475151.0,,,,,,,,,,,,,,,,,,,,ANA
2013020179,20132014,2,2013-10-29,False,2013-10-29T23:30:00Z,-04:00,-04:00,US/Eastern,OFF,OK,14,Lightning,Tampa Bay,de Tampa Bay,TBL,1,1,Devils,New Jersey,du New Jersey,NJD,2,3,REG,3,REG,8455710.0,8448208.0,,,,,,,,,,,,,,,,,,,,NJD
2013020181,20132014,2,2013-10-29,False,2013-10-30T00:00:00Z,-04:00,-05:00,US/Central,OFF,OK,52,Jets,Winnipeg,de Winnipeg,WPG,2,19,Blues,St. Louis,de St. Louis,STL,3,3,REG,3,REG,8470860.0,8470257.0,,,,,,,,,,,,,,,,,,,,STL
2013020180,20132014,2,2013-10-29,False,2013-10-30T00:00:00Z,-04:00,-05:00,America/Chicago,OFF,OK,9,Senators,Ottawa,d'Ottawa,OTT,5,16,Blackhawks,Chicago,de Chicago,CHI,6,3,REG,3,REG,8470645.0,8476381.0,Sénateurs,,,,,,,,,,,,,,,,,,,CHI
2013020182,20132014,2,2013-10-29,False,2013-10-30T01:00:00Z,-04:00,-06:00,America/Edmonton,OFF,OK,10,Maple Leafs,Toronto,de Toronto,TOR,4,22,Oilers,Edmonton,d'Edmonton,EDM,0,3,REG,3,REG,8473503.0,8473548.0,,,,,,,,,,,,,,,,,,,,TOR
2013020183,20132014,2,2013-10-29,False,2013-10-30T02:00:00Z,-04:00,-07:00,America/Phoenix,OFF,OK,26,Kings,Los Angeles,de Los Angeles,LAK,1,27,Coyotes,Phoenix,de Phoenix,PHX,3,3,REG,3,REG,8469608.0,8462038.0,,,,,,,,,,,,,,,,,,,,PHX
2013020185,20132014,2,2013-10-30,False,2013-10-31T00:00:00Z,-04:00,-06:00,America/Edmonton,OFF,OK,10,Maple Leafs,Toronto,de Toronto,TOR,4,20,Flames,Calgary,de Calgary,CGY,2,3,REG,3,REG,8473541.0,8471664.0,,,,,,,,,,,,,,,,,,,,TOR
2013020184,20132014,2,2013-10-30,False,2013-10-31T00:00:00Z,-04:00,-04:00,US/Eastern,OFF,OK,6,Bruins,Boston,de Boston,BOS,2,5,Penguins,Pittsburgh,de Pittsburgh,PIT,3,3,REG,3,REG,8470594.0,8469638.0,,,,,,,,,,,,,,,,,,,,PIT
2013020187,20132014,2,2013-10-30,False,2013-10-31T02:30:00Z,-04:00,-07:00,America/Los_Angeles,OFF,OK,28,Sharks,San Jose,de San Jose,SJS,3,26,Kings,Los Angeles,de Los Angeles,LAK,4,4,OT,3,OT,8471734.0,8471685.0,,,,,,,,,,,,,,,,,,,,LAK
2013020186,20132014,2,2013-10-30,False,2013-10-31T02:30:00Z,-04:00,-07:00,America/Vancouver,OFF,OK,17,Red Wings,Detroit,de Detroit,DET,2,23,Canucks,Vancouver,de Vancouver,VAN,1,3,REG,3,REG,8470657.0,8475193.0,,,,,,,,,,,,,,,,,,,,DET
2013020189,20132014,2,2013-10-31,False,2013-10-31T23:00:00Z,-04:00,-04:00,America/New_York,OFF,OK,7,Sabres,Buffalo,de Buffalo,BUF,0,3,Rangers,New York,de New York,NYR,2,3,REG,3,REG,8468685.0,8473544.0,,,,,,,,,,,,,,,,,,,,NYR
2013020188,20132014,2,2013-10-31,False,2013-10-31T23:00:00Z,-04:00,-04:00,US/Eastern,OFF,OK,24,Ducks,Anaheim,d'Anaheim,ANA,2,6,Bruins,Boston,de Boston,BOS,3,5,SO,3,SO,8471695.0,,,,,,,,,,,,,,,,,,,,,BOS
2013020190,20132014,2,2013-10-31,False,2013-11-01T02:00:00Z,-04:00,-07:00,America/Phoenix,OFF,OK,18,Predators,Nashville,de Nashville,NSH,4,27,Coyotes,Phoenix,de Phoenix,PHX,5,5,SO,3,SO,8471306.0,,,,,,,,,,,,,,,,,,,,,PHX
2013020192,20132014,2,2013-11-01,False,2013-11-01T23:00:00Z,-04:00,-04:00,US/Eastern,OFF,OK,29,Blue Jackets,Columbus,de Columbus,CBJ,2,5,Penguins,Pittsburgh,de Pittsburgh,PIT,4,3,REG,3,REG,8470594.0,8471724.0,,,,,,,,,,,,,,,,,,,,PIT
2013020193,20132014,2,2013-11-01,False,2013-11-01T23:00:00Z,-04:00,-04:00,US/Eastern,OFF,OK,14,Lightning,Tampa Bay,de Tampa Bay,TBL,3,12,Hurricanes,Carolina,de la Caroline,CAR,0,3,REG,3,REG,8471750.0,8475167.0,,,,,,,,,,,,,,,,,,,,TBL
2013020191,20132014,2,2013-11-01,False,2013-11-01T23:00:00Z,-04:00,-04:00,US/Eastern,OFF,OK,15,Capitals,Washington,de Washington,WSH,7,4,Flyers,Philadelphia,de Philadelphie,PHI,0,3,REG,3,REG,8474651.0,8473563.0,,,,,,,,,,,,,,,,,,,,WSH
2013020195,20132014,2,2013-11-01,False,2013-11-01T23:30:00Z,-04:00,-04:00,US/Eastern,OFF,OK,19,Blues,St. Louis,de St. Louis,STL,4,13,Panthers,Florida,de la Floride,FLA,0,3,REG,3,REG,8470880.0,8469485.0,,,,,,,,,,,,,,,,,,,,STL
2013020194,20132014,2,2013-11-01,False,2013-11-01T23:30:00Z,-04:00,-04:00,US/Eastern,OFF,OK,2,Islanders,New York,de New York,NYI,5,9,Senators,Ottawa,d'Ottawa,OTT,4,5,SO,3,SO,8460705.0,,,Sénateurs,,,,,,,,,,,,,,,,,,NYI
2013020196,20132014,2,2013-11-01,False,2013-11-02T00:00:00Z,-04:00,-05:00,US/Central,OFF,OK,8,Canadiens,Montréal,de Montréal,MTL,3,30,Wild,Minnesota,du Minnesota,MIN,4,3,REG,3,REG,8470216.0,8469506.0,,,,,,,,,,,,,,,,,,,,MIN
2013020197,20132014,2,2013-11-01,False,2013-11-02T00:30:00Z,-04:00,-05:00,US/Central,OFF,OK,21,Avalanche,Colorado,du Colorado,COL,3,25,Stars,Dallas,de Dallas,DAL,2,4,OT,3,OT,8473575.0,8471669.0,,,,,,,,,,,,,,,,,,,,COL
2013020198,20132014,2,2013-11-01,False,2013-11-02T01:00:00Z,-04:00,-06:00,America/Edmonton,OFF,OK,17,Red Wings,Detroit,de Detroit,DET,4,20,Flames,Calgary,de Calgary,CGY,3,3,REG,3,REG,8470657.0,8471716.0,,,,,,,,,,,,,,,,,,,,DET
2013020199,20132014,2,2013-11-02,False,2013-11-02T19:00:00Z,-04:00,-05:00,America/Winnipeg,OFF,OK,16,Blackhawks,Chicago,de Chicago,CHI,5,52,Jets,Winnipeg,de Winnipeg,WPG,1,3,REG,3,REG,8470645.0,8475650.0,,,,,,,,,,,,,,,,,,,,CHI
2013020201,20132014,2,2013-11-02,False,2013-11-02T23:00:00Z,-04:00,-04:00,America/New_York,OFF,OK,24,Ducks,Anaheim,d'Anaheim,ANA,6,7,Sabres,Buffalo,de Buffalo,BUF,3,3,REG,3,REG,8473972.0,8470621.0,,,,,,,,,,,,,,,,,,,,ANA
2013020206,20132014,2,2013-11-02,False,2013-11-02T23:00:00Z,-04:00,-04:00,US/Eastern,OFF,OK,13,Panthers,Florida,de la Floride,FLA,2,15,Capitals,Washington,de Washington,WSH,3,5,SO,3,SO,8473607.0,,,,,,,,,,,,,,,,,,,,,WSH
2013020208,20132014,2,2013-11-02,False,2013-11-02T23:00:00Z,-04:00,-07:00,America/Vancouver,OFF,OK,10,Maple Leafs,Toronto,de Toronto,TOR,0,23,Canucks,Vancouver,de Vancouver,VAN,4,3,REG,3,REG,8466141.0,8467875.0,,,,,,,,,,,,,,,,,,,,VAN
2013020203,20132014,2,2013-11-02,False,2013-11-02T23:00:00Z,-04:00,-04:00,US/Eastern,OFF,OK,4,Flyers,Philadelphia,de Philadelphie,PHI,1,1,Devils,New Jersey,du New Jersey,NJD,0,3,REG,3,REG,8469548.0,8475170.0,,,,,,,,,,,,,,,,,,,,PHI
2013020202,20132014,2,2013-11-02,False,2013-11-02T23:00:00Z,-04:00,-04:00,US/Eastern,OFF,OK,19,Blues,St. Louis,de St. Louis,STL,2,14,Lightning,Tampa Bay,de Tampa Bay,TBL,4,3,REG,3,REG,8471750.0,8475792.0,,,,,,,,,,,,,,,,,,,,TBL
2013020207,20132014,2,2013-11-02,False,2013-11-02T23:00:00Z,-04:00,-04:00,US/Eastern,OFF,OK,5,Penguins,Pittsburgh,de Pittsburgh,PIT,3,29,Blue Jackets,Columbus,de Columbus,CBJ,0,3,REG,3,REG,8473553.0,8468674.0,,,,,,,,,,,,,,,,,,,,PIT
2013020205,20132014,2,2013-11-02,False,2013-11-02T23:00:00Z,-04:00,-04:00,America/New_York,OFF,OK,12,Hurricanes,Carolina,de la Caroline,CAR,1,3,Rangers,New York,de New York,NYR,5,3,REG,3,REG,8468685.0,8474176.0,,,,,,,,,,,,,,,,,,,,NYR
2013020204,20132014,2,2013-11-02,False,2013-11-02T23:00:00Z,-04:00,-04:00,America/New_York,OFF,OK,6,Bruins,Boston,de Boston,BOS,1,2,Islanders,New York,de New York,NYI,3,3,REG,3,REG,8474690.0,8473584.0,,,,,,,,,,,,,,,,,,,,NYI
2013020210,20132014,2,2013-11-02,False,2013-11-03T02:00:00Z,-04:00,-06:00,America/Edmonton,OFF,OK,17,Red Wings,Detroit,de Detroit,DET,5,22,Oilers,Edmonton,d'Edmonton,EDM,0,3,REG,3,REG,8475852.0,8471794.0,,,,,,,,,,,,,,,,,,,,DET
2013020209,20132014,2,2013-11-02,False,2013-11-03T02:00:00Z,-04:00,-06:00,America/Denver,OFF,OK,8,Canadiens,Montréal,de Montréal,MTL,1,21,Avalanche,Colorado,du Colorado,COL,4,3,REG,3,REG,8462044.0,8477492.0,,,,,,,,,,,,,,,,,,,,COL
2013020200,20132014,2,2013-11-02,False,2013-11-03T02:30:00Z,-04:00,-07:00,America/Los_Angeles,OFF,OK,18,Predators,Nashville,de Nashville,NSH,4,26,Kings,Los Angeles,de Los Angeles,LAK,3,3,REG,3,REG,8475622.0,8467330.0,,,,,,,,,,,,,,,,,,,,NSH
2013020211,20132014,2,2013-11-02,False,2013-11-03T02:30:00Z,-04:00,-07:00,US/Pacific,OFF,OK,27,Coyotes,Phoenix,de Phoenix,PHX,3,28,Sharks,San Jose,de San Jose,SJS,2,5,SO,3,SO,8469608.0,,,,,,,,,,,,,,,,,,,,,PHX
2013020212,20132014,2,2013-11-03,False,2013-11-03T18:00:00Z,-05:00,-05:00,US/Eastern,OFF,OK,25,Stars,Dallas,de Dallas,DAL,4,9,Senators,Ottawa,d'Ottawa,OTT,3,5,SO,3,SO,8470140.0,,,Sénateurs,,,,,,,,,,,,,,,,,,DAL
2013020213,20132014,2,2013-11-03,False,2013-11-04T00:30:00Z,-05:00,-06:00,America/Chicago,OFF,OK,20,Flames,Calgary,de Calgary,CGY,3,16,Blackhawks,Chicago,de Chicago,CHI,2,4,OT,3,OT,8473499.0,8471729.0,,,,,,,,,,,,,,,,,,,,CGY
2013020214,20132014,2,2013-11-03,False,2013-11-04T01:00:00Z,-05:00,-06:00,US/Central,OFF,OK,1,Devils,New Jersey,du New Jersey,NJD,0,30,Wild,Minnesota,du Minnesota,MIN,4,3,REG,3,REG,8470216.0,8475798.0,,,,,,,,,,,,,,,,,,,,MIN
2013020215,20132014,2,2013-11-04,False,2013-11-05T00:30:00Z,-05:00,-05:00,America/New_York,OFF,OK,24,Ducks,Anaheim,d'Anaheim,ANA,2,3,Rangers,New York,de New York,NYR,1,3,REG,3,REG,8475883.0,8475151.0,,,,,,,,,,,,,,,,,,,,ANA
2013020216,20132014,2,2013-11-04,False,2013-11-05T01:00:00Z,-05:00,-06:00,America/Winnipeg,OFF,OK,17,Red Wings,Detroit,de Detroit,DET,2,52,Jets,Winnipeg,de Winnipeg,WPG,4,3,REG,3,REG,8471219.0,8474094.0,,,,,,,,,,,,,,,,,,,,WPG
2013020219,20132014,2,2013-11-05,False,2013-11-06T00:00:00Z,-05:00,-05:00,US/Eastern,OFF,OK,9,Senators,Ottawa,d'Ottawa,OTT,4,29,Blue Jackets,Columbus,de Columbus,CBJ,1,3,REG,3,REG,8475215.0,8470667.0,Sénateurs,,,,,,,,,,,,,,,,,,,OTT
2013020217,20132014,2,2013-11-05,False,2013-11-06T00:00:00Z,-05:00,-05:00,US/Eastern,OFF,OK,25,Stars,Dallas,de Dallas,DAL,3,6,Bruins,Boston,de Boston,BOS,2,5,SO,3,SO,8470140.0,,,,,,,,,,,,,,,,,,,,,DAL
2013020218,20132014,2,2013-11-05,False,2013-11-06T00:00:00Z,-05:00,-05:00,US/Eastern,OFF,OK,2,Islanders,New York,de New York,NYI,2,15,Capitals,Washington,de Washington,WSH,6,3,REG,3,REG,8474651.0,8475149.0,,,,,,,,,,,,,,,,,,,,WSH
2013020222,20132014,2,2013-11-05,False,2013-11-06T00:30:00Z,-05:00,-05:00,US/Eastern,OFF,OK,4,Flyers,Philadelphia,de Philadelphie,PHI,1,12,Hurricanes,Carolina,de la Caroline,CAR,2,4,OT,3,OT,8471251.0,8467334.0,,,,,,,,,,,,,,,,,,,,CAR
2013020221,20132014,2,2013-11-05,False,2013-11-06T00:30:00Z,-05:00,-05:00,US/Eastern,OFF,OK,22,Oilers,Edmonton,d'Edmonton,EDM,4,13,Panthers,Florida,de la Floride,FLA,3,4,OT,3,OT,8471227.0,8476062.0,,,,,,,,,,,,,,,,,,,,EDM
2013020220,20132014,2,2013-11-05,False,2013-11-06T00:30:00Z,-05:00,-05:00,America/Montreal,OFF,OK,19,Blues,St. Louis,de St. Louis,STL,3,8,Canadiens,Montréal,de Montréal,MTL,2,5,SO,3,SO,8470860.0,,,,,,,,,,,,,,,,,,,,,STL
2013020223,20132014,2,2013-11-05,False,2013-11-06T01:00:00Z,-05:00,-06:00,US/Central,OFF,OK,20,Flames,Calgary,de Calgary,CGY,1,30,Wild,Minnesota,du Minnesota,MIN,5,3,REG,3,REG,8470216.0,8470610.0,,,,,,,,,,,,,,,,,,,,MIN
2013020224,20132014,2,2013-11-05,False,2013-11-06T02:00:00Z,-05:00,-07:00,America/Phoenix,OFF,OK,23,Canucks,Vancouver,de Vancouver,VAN,2,27,Coyotes,Phoenix,de Phoenix,PHX,3,5,SO,3,SO,8469608.0,,,,,,,,,,,,,,,,,,,,,PHX
2013020225,20132014,2,2013-11-05,False,2013-11-06T03:30:00Z,-05:00,-08:00,US/Pacific,OFF,OK,7,Sabres,Buffalo,de Buffalo,BUF,5,28,Sharks,San Jose,de San Jose,SJS,4,5,SO,3,SO,8468011.0,,,,,,,,,,,,,,,,,,,,,BUF
2013020226,20132014,2,2013-11-06,False,2013-11-07T00:30:00Z,-05:00,-05:00,America/New_York,OFF,OK,5,Penguins,Pittsburgh,de Pittsburgh,PIT,1,3,Rangers,New York,de New York,NYR,5,3,REG,3,REG,8468685.0,8474613.0,,,,,,,,,,,,,,,,,,,,NYR
2013020227,20132014,2,2013-11-06,False,2013-11-07T01:00:00Z,-05:00,-06:00,America/Chicago,OFF,OK,52,Jets,Winnipeg,de Winnipeg,WPG,1,16,Blackhawks,Chicago,de Chicago,CHI,4,3,REG,3,REG,8470645.0,8474141.0,,,,,,,,,,,,,,,,,,,,CHI
2013020228,20132014,2,2013-11-06,False,2013-11-07T02:30:00Z,-05:00,-07:00,America/Denver,OFF,OK,18,Predators,Nashville,de Nashville,NSH,6,21,Avalanche,Colorado,du Colorado,COL,4,3,REG,3,REG,8475622.0,8474569.0,,,,,,,,,,,,,,,,,,,,NSH
2013020229,20132014,2,2013-11-06,False,2013-11-07T03:00:00Z,-05:00,-08:00,America/Los_Angeles,OFF,OK,27,Coyotes,Phoenix,de Phoenix,PHX,2,24,Ducks,Anaheim,d'Anaheim,ANA,5,3,REG,3,REG,8473972.0,8470621.0,,,,,,,,,,,,,,,,,,,,ANA
2013020231,20132014,2,2013-11-07,False,2013-11-08T00:00:00Z,-05:00,-05:00,US/Eastern,OFF,OK,8,Canadiens,Montréal,de Montréal,MTL,1,9,Senators,Ottawa,d'Ottawa,OTT,4,3,REG,3,REG,8475215.0,8470760.0,,Sénateurs,,,,,,,,,,,,,,,,,,OTT
2013020233,20132014,2,2013-11-07,False,2013-11-08T00:00:00Z,-05:00,-05:00,US/Eastern,OFF,OK,30,Wild,Minnesota,du Minnesota,MIN,2,15,Capitals,Washington,de Washington,WSH,3,5,SO,3,SO,8474651.0,,,,,,,,,,,,,,,,,,,,,WSH
2013020230,20132014,2,2013-11-07,False,2013-11-08T00:00:00Z,-05:00,-05:00,US/Eastern,OFF,OK,13,Panthers,Florida,de la Floride,FLA,1,6,Bruins,Boston,de Boston,BOS,4,3,REG,3,REG,8471695.0,8473419.0,,,,,,,,,,,,,,,,,,,,BOS
2013020232,20132014,2,2013-11-07,False,2013-11-08T00:00:00Z,-05:00,-05:00,US/Eastern,OFF,OK,1,Devils,New Jersey,du New Jersey,NJD,3,4,Flyers,Philadelphia,de Philadelphie,PHI,0,3,REG,3,REG,8455710.0,8474641.0,,,,,,,,,,,,,,,,,,,,NJD
2013020235,20132014,2,2013-11-07,False,2013-11-08T00:00:00Z,-05:00,-05:00,US/Eastern,OFF,OK,3,Rangers,New York,de New York,NYR,4,29,Blue Jackets,Columbus,de Columbus,CBJ,2,3,REG,3,REG,8475660.0,8474176.0,,,,,,,,,,,,,,,,,,,,NYR
2013020234,20132014,2,2013-11-07,False,2013-11-08T00:00:00Z,-05:00,-05:00,US/Eastern,OFF,OK,2,Islanders,New York,de New York,NYI,0,12,Hurricanes,Carolina,de la Caroline,CAR,1,3,REG,3,REG,8471251.0,8462041.0,,,,,,,,,,,,,,,,,,,,CAR
2013020236,20132014,2,2013-11-07,False,2013-11-08T00:30:00Z,-05:00,-05:00,America/Detroit,OFF,OK,25,Stars,Dallas,de Dallas,DAL,4,17,Red Wings,Detroit,de Detroit,DET,3,4,OT,3,OT,8470140.0,8471514.0,,,,,,,,,,,,,,,,,,,,DAL
2013020237,20132014,2,2013-11-07,False,2013-11-08T00:30:00Z,-05:00,-05:00,US/Eastern,OFF,OK,22,Oilers,Edmonton,d'Edmonton,EDM,2,14,Lightning,Tampa Bay,de Tampa Bay,TBL,4,3,REG,3,REG,8471750.0,8474870.0,,,,,,,,,,,,,,,,,,,,TBL
2013020238,20132014,2,2013-11-07,False,2013-11-08T01:00:00Z,-05:00,-06:00,US/Central,OFF,OK,20,Flames,Calgary,de Calgary,CGY,2,19,Blues,St. Louis,de St. Louis,STL,3,3,REG,3,REG,8470880.0,8470257.0,,,,,,,,,,,,,,,,,,,,STL
2013020240,20132014,2,2013-11-07,False,2013-11-08T03:30:00Z,-05:00,-08:00,US/Pacific,OFF,OK,23,Canucks,Vancouver,de Vancouver,VAN,4,28,Sharks,San Jose,de San Jose,SJS,2,3,REG,3,REG,8466141.0,8470274.0,,,,,,,,,,,,,,,,,,,,VAN
2013020239,20132014,2,2013-11-07,False,2013-11-08T03:30:00Z,-05:00,-08:00,America/Los_Angeles,OFF,OK,7,Sabres,Buffalo,de Buffalo,BUF,0,26,Kings,Los Angeles,de Los Angeles,LAK,2,3,REG,3,REG,8471734.0,8470617.0,,,,,,,,,,,,,,,,,,,,LAK
2013020241,20132014,2,2013-11-08,False,2013-11-09T00:30:00Z,-05:00,-05:00,America/Toronto,OFF,OK,1,Devils,New Jersey,du New Jersey,NJD,1,10,Maple Leafs,Toronto,de Toronto,TOR,2,5,SO,3,SO,8473541.0,,,,,,,,,,,,,,,,,,,,,TOR
2013020242,20132014,2,2013-11-08,False,2013-11-09T01:00:00Z,-05:00,-06:00,America/Winnipeg,OFF,OK,18,Predators,Nashville,de Nashville,NSH,0,52,Jets,Winnipeg,de Winnipeg,WPG,5,3,REG,3,REG,8471715.0,8473412.0,,,,,,,,,,,,,,,,,,,,WPG
2013020243,20132014,2,2013-11-08,False,2013-11-09T02:00:00Z,-05:00,-07:00,America/Denver,OFF,OK,20,Flames,Calgary,de Calgary,CGY,2,21,Avalanche,Colorado,du Colorado,COL,4,3,REG,3,REG,8462044.0,8470750.0,,,,,,,,,,,,,,,,,,,,COL
2013020244,20132014,2,2013-11-08,False,2013-11-09T03:00:00Z,-05:00,-08:00,America/Los_Angeles,OFF,OK,7,Sabres,Buffalo,de Buffalo,BUF,2,24,Ducks,Anaheim,d'Anaheim,ANA,6,3,REG,3,REG,8475883.0,8470612.0,,,,,,,,,,,,,,,,,,,,ANA
2013020245,20132014,2,2013-11-09,False,2013-11-09T18:00:00Z,-05:00,-05:00,US/Eastern,OFF,OK,22,Oilers,Edmonton,d'Edmonton,EDM,2,4,Flyers,Philadelphia,de Philadelphie,PHI,4,3,REG,3,REG,8473461.0,8473512.0,,,,,,,,,,,,,,,,,,,,PHI
2013020246,20132014,2,2013-11-09,False,2013-11-09T19:00:00Z,-05:00,-05:00,US/Eastern,OFF,OK,13,Panthers,Florida,de la Floride,FLA,2,9,Senators,Ottawa,d'Ottawa,OTT,3,3,REG,3,REG,8475215.0,8470667.0,,Sénateurs,,,,,,,,,,,,,,,,,,OTT
2013020247,20132014,2,2013-11-09,False,2013-11-10T00:00:00Z,-05:00,-05:00,US/Eastern,OFF,OK,10,Maple Leafs,Toronto,de Toronto,TOR,1,6,Bruins,Boston,de Boston,BOS,3,3,REG,3,REG,8471695.0,8470638.0,,,,,,,,,,,,,,,,,,,,BOS
2013020250,20132014,2,2013-11-09,False,2013-11-10T00:00:00Z,-05:00,-05:00,US/Eastern,OFF,OK,2,Islanders,New York,de New York,NYI,2,29,Blue Jackets,Columbus,de Columbus,CBJ,5,3,REG,3,REG,8475683.0,8469469.0,,,,,,,,,,,,,,,,,,,,CBJ
2013020249,20132014,2,2013-11-09,False,2013-11-10T00:00:00Z,-05:00,-05:00,US/Eastern,OFF,OK,30,Wild,Minnesota,du Minnesota,MIN,3,12,Hurricanes,Carolina,de la Caroline,CAR,2,5,SO,3,SO,8470216.0,,,,,,,,,,,,,,,,,,,,,MIN
2013020248,20132014,2,2013-11-09,False,2013-11-10T00:00:00Z,-05:00,-05:00,America/Detroit,OFF,OK,14,Lightning,Tampa Bay,de Tampa Bay,TBL,3,17,Red Wings,Detroit,de Detroit,DET,2,4,OT,3,OT,8471750.0,8473962.0,,,,,,,,,,,,,,,,,,,,TBL
2013020252,20132014,2,2013-11-09,False,2013-11-10T01:00:00Z,-05:00,-06:00,US/Central,OFF,OK,16,Blackhawks,Chicago,de Chicago,CHI,5,25,Stars,Dallas,de Dallas,DAL,2,3,REG,3,REG,8470645.0,8474141.0,,,,,,,,,,,,,,,,,,,,CHI
2013020251,20132014,2,2013-11-09,False,2013-11-10T01:00:00Z,-05:00,-06:00,US/Central,OFF,OK,5,Penguins,Pittsburgh,de Pittsburgh,PIT,1,19,Blues,St. Louis,de St. Louis,STL,2,3,REG,3,REG,8470860.0,8474031.0,,,,,,,,,,,,,,,,,,,,STL
2013020253,20132014,2,2013-11-09,False,2013-11-10T01:00:00Z,-05:00,-07:00,America/Phoenix,OFF,OK,15,Capitals,Washington,de Washington,WSH,3,27,Coyotes,Phoenix,de Phoenix,PHX,4,5,SO,3,SO,8469608.0,,,,,,,,,,,,,,,,,,,,,PHX
2013020254,20132014,2,2013-11-09,False,2013-11-10T03:00:00Z,-05:00,-08:00,America/Los_Angeles,OFF,OK,23,Canucks,Vancouver,de Vancouver,VAN,1,26,Kings,Los Angeles,de Los Angeles,LAK,5,3,REG,3,REG,8471734.0,8475726.0,,,,,,,,,,,,,,,,,,,,LAK
2013020255,20132014,2,2013-11-10,False,2013-11-10T23:00:00Z,-05:00,-05:00,America/Montreal,OFF,OK,2,Islanders,New York,de New York,NYI,2,8,Canadiens,Montréal,de Montréal,MTL,4,3,REG,3,REG,8471679.0,8475739.0,,,,,,,,,,,,,,,,,,,,MTL
2013020256,20132014,2,2013-11-10,False,2013-11-11T00:00:00Z,-05:00,-05:00,US/Eastern,OFF,OK,18,Predators,Nashville,de Nashville,NSH,0,1,Devils,New Jersey,du New Jersey,NJD,5,3,REG,3,REG,8455710.0,8448208.0,,,,,,,,,,,,,,,,,,,,NJD
2013020257,20132014,2,2013-11-10,False,2013-11-11T00:00:00Z,-05:00,-05:00,America/New_York,OFF,OK,13,Panthers,Florida,de la Floride,FLA,3,3,Rangers,New York,de New York,NYR,4,3,REG,3,REG,8468685.0,8475692.0,,,,,,,,,,,,,,,,,,,,NYR
2013020258,20132014,2,2013-11-10,False,2013-11-11T00:30:00Z,-05:00,-06:00,America/Chicago,OFF,OK,22,Oilers,Edmonton,d'Edmonton,EDM,4,16,Blackhawks,Chicago,de Chicago,CHI,5,3,REG,3,REG,8470645.0,8470281.0,,,,,,,,,,,,,,,,,,,,CHI
2013020260,20132014,2,2013-11-10,False,2013-11-11T01:00:00Z,-05:00,-07:00,America/Denver,OFF,OK,15,Capitals,Washington,de Washington,WSH,1,21,Avalanche,Colorado,du Colorado,COL,4,3,REG,3,REG,8473575.0,8474207.0,,,,,,,,,,,,,,,,,,,,COL
2013020261,20132014,2,2013-11-10,False,2013-11-11T01:00:00Z,-05:00,-08:00,America/Los_Angeles,OFF,OK,23,Canucks,Vancouver,de Vancouver,VAN,1,24,Ducks,Anaheim,d'Anaheim,ANA,3,3,REG,3,REG,8475883.0,8474009.0,,,,,,,,,,,,,,,,,,,,ANA
2013020259,20132014,2,2013-11-10,False,2013-11-11T01:00:00Z,-05:00,-06:00,America/Winnipeg,OFF,OK,28,Sharks,San Jose,de San Jose,SJS,4,52,Jets,Winnipeg,de Winnipeg,WPG,5,5,SO,3,SO,8471715.0,,,,,,,,,,,,,,,,,,,,,WPG
2013020262,20132014,2,2013-11-11,False,2013-11-11T18:00:00Z,-05:00,-05:00,US/Eastern,OFF,OK,14,Lightning,Tampa Bay,de Tampa Bay,TBL,0,6,Bruins,Boston,de Boston,BOS,3,3,REG,3,REG,8471695.0,8470638.0,,,,,,,,,,,,,,,,,,,,BOS
2013020267,20132014,2,2013-11-12,False,2013-11-13T00:00:00Z,-05:00,-05:00,US/Eastern,OFF,OK,21,Avalanche,Colorado,du Colorado,COL,1,12,Hurricanes,Carolina,de la Caroline,CAR,2,3,REG,3,REG,8471251.0,8470302.0,,,,,,,,,,,,,,,,,,,,CAR
2013020265,20132014,2,2013-11-12,False,2013-11-13T00:00:00Z,-05:00,-05:00,America/New_York,OFF,OK,1,Devils,New Jersey,du New Jersey,NJD,3,3,Rangers,New York,de New York,NYR,2,3,REG,3,REG,8455710.0,8464977.0,,,,,,,,,,,,,,,,,,,,NJD
2013020263,20132014,2,2013-11-12,False,2013-11-13T00:00:00Z,-05:00,-05:00,America/New_York,OFF,OK,26,Kings,Los Angeles,de Los Angeles,LAK,2,7,Sabres,Buffalo,de Buffalo,BUF,3,5,SO,3,SO,8468011.0,,,,,,,,,,,,,,,,,,,,,BUF
2013020266,20132014,2,2013-11-12,False,2013-11-13T00:00:00Z,-05:00,-05:00,US/Eastern,OFF,OK,29,Blue Jackets,Columbus,de Columbus,CBJ,3,15,Capitals,Washington,de Washington,WSH,4,4,OT,3,OT,8474651.0,8471214.0,,,,,,,,,,,,,,,,,,,,WSH
2013020264,20132014,2,2013-11-12,False,2013-11-13T00:00:00Z,-05:00,-05:00,America/New_York,OFF,OK,18,Predators,Nashville,de Nashville,NSH,1,2,Islanders,New York,de New York,NYI,3,3,REG,3,REG,8474690.0,8470153.0,,,,,,,,,,,,,,,,,,,,NYI
2013020271,20132014,2,2013-11-12,False,2013-11-13T00:30:00Z,-05:00,-05:00,US/Eastern,OFF,OK,24,Ducks,Anaheim,d'Anaheim,ANA,2,13,Panthers,Florida,de la Floride,FLA,3,3,REG,3,REG,8460703.0,8468504.0,,,,,,,,,,,,,,,,,,,,FLA
2013020269,20132014,2,2013-11-12,False,2013-11-13T00:30:00Z,-05:00,-05:00,US/Eastern,OFF,OK,4,Flyers,Philadelphia,de Philadelphie,PHI,5,9,Senators,Ottawa,d'Ottawa,OTT,0,3,REG,3,REG,8473461.0,8476177.0,,Sénateurs,,,,,,,,,,,,,,,,,,PHI
2013020270,20132014,2,2013-11-12,False,2013-11-13T00:30:00Z,-05:00,-05:00,America/Detroit,OFF,OK,52,Jets,Winnipeg,de Winnipeg,WPG,3,17,Red Wings,Detroit,de Detroit,DET,2,5,SO,3,SO,8471715.0,,,,,,,,,,,,,,,,,,,,,WPG
2013020268,20132014,2,2013-11-12,False,2013-11-13T00:30:00Z,-05:00,-05:00,America/Montreal,OFF,OK,14,Lightning,Tampa Bay,de Tampa Bay,TBL,2,8,Canadiens,Montréal,de Montréal,MTL,1,5,SO,3,SO,8471750.0,,,,,,,,,,,,,,,,,,,,,TBL
2013020272,20132014,2,2013-11-12,False,2013-11-13T01:00:00Z,-05:00,-06:00,US/Central,OFF,OK,27,Coyotes,Phoenix,de Phoenix,PHX,3,19,Blues,St. Louis,de St. Louis,STL,2,4,OT,3,OT,8469608.0,8475171.0,,,,,,,,,,,,,,,,,,,,PHX
2013020273,20132014,2,2013-11-12,False,2013-11-13T02:00:00Z,-05:00,-07:00,America/Edmonton,OFF,OK,28,Sharks,San Jose,de San Jose,SJS,3,20,Flames,Calgary,de Calgary,CGY,2,4,OT,3,OT,8471774.0,8467331.0,,,,,,,,,,,,,,,,,,,,SJS
2013020274,20132014,2,2013-11-13,False,2013-11-14T00:30:00Z,-05:00,-06:00,US/Central,OFF,OK,10,Maple Leafs,Toronto,de Toronto,TOR,1,30,Wild,Minnesota,du Minnesota,MIN,2,5,SO,3,SO,8470216.0,,,,,,,,,,,,,,,,,,,,,MIN
2013020275,20132014,2,2013-11-13,False,2013-11-14T01:00:00Z,-05:00,-05:00,US/Eastern,OFF,OK,4,Flyers,Philadelphia,de Philadelphie,PHI,2,5,Penguins,Pittsburgh,de Pittsburgh,PIT,1,3,REG,3,REG,8469548.0,8475170.0,,,,,,,,,,,,,,,,,,,,PHI
2013020276,20132014,2,2013-11-13,False,2013-11-14T03:00:00Z,-05:00,-07:00,America/Edmonton,OFF,OK,25,Stars,Dallas,de Dallas,DAL,3,22,Oilers,Edmonton,d'Edmonton,EDM,0,3,REG,3,REG,8470140.0,8471514.0,,,,,,,,,,,,,,,,,,,,DAL
2013020278,20132014,2,2013-11-14,False,2013-11-15T00:00:00Z,-05:00,-05:00,America/New_York,OFF,OK,26,Kings,Los Angeles,de Los Angeles,LAK,3,2,Islanders,New York,de New York,NYI,2,3,REG,3,REG,8475681.0,8475726.0,,,,,,,,,,,,,,,,,,,,LAK
2013020277,20132014,2,2013-11-14,False,2013-11-15T00:00:00Z,-05:00,-05:00,US/Eastern,OFF,OK,29,Blue Jackets,Columbus,de Columbus,CBJ,2,6,Bruins,Boston,de Boston,BOS,3,4,OT,3,OT,8473434.0,8473473.0,,,,,,,,,,,,,,,,,,,,BOS
2013020279,20132014,2,2013-11-14,False,2013-11-15T00:30:00Z,-05:00,-05:00,US/Eastern,OFF,OK,24,Ducks,Anaheim,d'Anaheim,ANA,1,14,Lightning,Tampa Bay,de Tampa Bay,TBL,5,3,REG,3,REG,8471750.0,8466378.0,,,,,,,,,,,,,,,,,,,,TBL
2013020281,20132014,2,2013-11-14,False,2013-11-15T01:00:00Z,-05:00,-06:00,US/Central,OFF,OK,21,Avalanche,Colorado,du Colorado,COL,3,19,Blues,St. Louis,de St. Louis,STL,7,3,REG,3,REG,8470860.0,8475765.0,,,,,,,,,,,,,,,,,,,,STL
2013020280,20132014,2,2013-11-14,False,2013-11-15T01:00:00Z,-05:00,-06:00,America/Chicago,OFF,OK,27,Coyotes,Phoenix,de Phoenix,PHX,4,16,Blackhawks,Chicago,de Chicago,CHI,5,5,SO,3,SO,8470645.0,,,,,,,,,,,,,,,,,,,,,CHI
2013020282,20132014,2,2013-11-14,False,2013-11-15T02:00:00Z,-05:00,-07:00,America/Edmonton,OFF,OK,25,Stars,Dallas,de Dallas,DAL,7,20,Flames,Calgary,de Calgary,CGY,3,3,REG,3,REG,8470140.0,8475794.0,,,,,,,,,,,,,,,,,,,,DAL
2013020283,20132014,2,2013-11-14,False,2013-11-15T03:00:00Z,-05:00,-08:00,America/Vancouver,OFF,OK,28,Sharks,San Jose,de San Jose,SJS,2,23,Canucks,Vancouver,de Vancouver,VAN,1,4,OT,3,OT,8474550.0,8467096.0,,,,,,,,,,,,,,,,,,,,SJS
2013020288,20132014,2,2013-11-15,False,2013-11-16T00:00:00Z,-05:00,-05:00,US/Eastern,OFF,OK,8,Canadiens,Montréal,de Montréal,MTL,3,29,Blue Jackets,Columbus,de Columbus,CBJ,2,5,SO,3,SO,8469514.0,,,,,,,,,,,,,,,,,,,,,MTL
2013020285,20132014,2,2013-11-15,False,2013-11-16T00:00:00Z,-05:00,-05:00,US/Eastern,OFF,OK,26,Kings,Los Angeles,de Los Angeles,LAK,2,1,Devils,New Jersey,du New Jersey,NJD,0,3,REG,3,REG,8475681.0,8474100.0,,,,,,,,,,,,,,,,,,,,LAK
2013020284,20132014,2,2013-11-15,False,2013-11-16T00:00:00Z,-05:00,-05:00,America/New_York,OFF,OK,10,Maple Leafs,Toronto,de Toronto,TOR,1,7,Sabres,Buffalo,de Buffalo,BUF,3,3,REG,3,REG,8468011.0,8475220.0,,,,,,,,,,,,,,,,,,,,BUF
2013020286,20132014,2,2013-11-15,False,2013-11-16T00:00:00Z,-05:00,-05:00,US/Eastern,OFF,OK,18,Predators,Nashville,de Nashville,NSH,1,5,Penguins,Pittsburgh,de Pittsburgh,PIT,4,3,REG,3,REG,8470594.0,8471707.0,,,,,,,,,,,,,,,,,,,,PIT
2013020287,20132014,2,2013-11-15,False,2013-11-16T00:00:00Z,-05:00,-05:00,US/Eastern,OFF,OK,24,Ducks,Anaheim,d'Anaheim,ANA,2,12,Hurricanes,Carolina,de la Caroline,CAR,3,5,SO,3,SO,8471251.0,,,,,,,,,,,,,,,,,,,,,CAR
2013020289,20132014,2,2013-11-15,False,2013-11-16T00:30:00Z,-05:00,-05:00,US/Eastern,OFF,OK,6,Bruins,Boston,de Boston,BOS,2,9,Senators,Ottawa,d'Ottawa,OTT,4,3,REG,3,REG,8467950.0,8475174.0,,Sénateurs,,,,,,,,,,,,,,,,,,OTT
2013020290,20132014,2,2013-11-15,False,2013-11-16T00:30:00Z,-05:00,-05:00,America/Detroit,OFF,OK,15,Capitals,Washington,de Washington,WSH,4,17,Red Wings,Detroit,de Detroit,DET,3,5,SO,3,SO,8474651.0,,,,,,,,,,,,,,,,,,,,,WSH
2013020291,20132014,2,2013-11-15,False,2013-11-16T01:00:00Z,-05:00,-06:00,US/Central,OFF,OK,13,Panthers,Florida,de la Floride,FLA,2,30,Wild,Minnesota,du Minnesota,MIN,3,3,REG,3,REG,8470216.0,8475745.0,,,,,,,,,,,,,,,,,,,,MIN
2013020292,20132014,2,2013-11-15,False,2013-11-16T01:00:00Z,-05:00,-06:00,America/Winnipeg,OFF,OK,4,Flyers,Philadelphia,de Philadelphie,PHI,2,52,Jets,Winnipeg,de Winnipeg,WPG,3,5,SO,3,SO,8471715.0,,,,,,,,,,,,,,,,,,,,,WPG
2013020293,20132014,2,2013-11-15,False,2013-11-16T03:00:00Z,-05:00,-07:00,America/Edmonton,OFF,OK,28,Sharks,San Jose,de San Jose,SJS,3,22,Oilers,Edmonton,d'Edmonton,EDM,1,3,REG,3,REG,8471774.0,8476881.0,,,,,,,,,,,,,,,,,,,,SJS
2013020297,20132014,2,2013-11-16,False,2013-11-17T00:00:00Z,-05:00,-05:00,America/New_York,OFF,OK,17,Red Wings,Detroit,de Detroit,DET,4,2,Islanders,New York,de New York,NYI,5,5,SO,3,SO,8474690.0,,,,,,,,,,,,,,,,,,,,,NYI
2013020294,20132014,2,2013-11-16,False,2013-11-17T00:00:00Z,-05:00,-05:00,America/Toronto,OFF,OK,7,Sabres,Buffalo,de Buffalo,BUF,2,10,Maple Leafs,Toronto,de Toronto,TOR,4,3,REG,3,REG,8473503.0,8473579.0,,,,,,,,,,,,,,,,,,,,TOR
2013020296,20132014,2,2013-11-16,False,2013-11-17T00:00:00Z,-05:00,-05:00,US/Eastern,OFF,OK,5,Penguins,Pittsburgh,de Pittsburgh,PIT,1,1,Devils,New Jersey,du New Jersey,NJD,4,3,REG,3,REG,8455710.0,8476457.0,,,,,,,,,,,,,,,,,,,,NJD
2013020295,20132014,2,2013-11-16,False,2013-11-17T00:00:00Z,-05:00,-05:00,America/Montreal,OFF,OK,3,Rangers,New York,de New York,NYR,1,8,Canadiens,Montréal,de Montréal,MTL,0,3,REG,3,REG,8475660.0,8471339.0,,,,,,,,,,,,,,,,,,,,NYR
2013020298,20132014,2,2013-11-16,False,2013-11-17T01:00:00Z,-05:00,-06:00,US/Central,OFF,OK,12,Hurricanes,Carolina,de la Caroline,CAR,2,19,Blues,St. Louis,de St. Louis,STL,4,3,REG,3,REG,8470880.0,8470257.0,,,,,,,,,,,,,,,,,,,,STL
2013020299,20132014,2,2013-11-16,False,2013-11-17T01:00:00Z,-05:00,-06:00,US/Central,OFF,OK,16,Blackhawks,Chicago,de Chicago,CHI,2,18,Predators,Nashville,de Nashville,NSH,7,3,REG,3,REG,8476992.0,8471887.0,,,,,,,,,,,,,,,,,,,,NSH
2013020300,20132014,2,2013-11-16,False,2013-11-17T01:00:00Z,-05:00,-07:00,America/Phoenix,OFF,OK,14,Lightning,Tampa Bay,de Tampa Bay,TBL,3,27,Coyotes,Phoenix,de Phoenix,PHX,6,3,REG,3,REG,8469608.0,8476473.0,,,,,,,,,,,,,,,,,,,,PHX
2013020301,20132014,2,2013-11-16,False,2013-11-17T02:00:00Z,-05:00,-07:00,America/Denver,OFF,OK,13,Panthers,Florida,de la Floride,FLA,4,21,Avalanche,Colorado,du Colorado,COL,1,3,REG,3,REG,8460703.0,8466285.0,,,,,,,,,,,,,,,,,,,,FLA
2013020302,20132014,2,2013-11-16,False,2013-11-17T03:00:00Z,-05:00,-07:00,America/Edmonton,OFF,OK,22,Oilers,Edmonton,d'Edmonton,EDM,4,20,Flames,Calgary,de Calgary,CGY,2,3,REG,3,REG,8471227.0,8474102.0,,,,,,,,,,,,,,,,,,,,EDM
2013020303,20132014,2,2013-11-17,False,2013-11-17T18:00:00Z,-05:00,-05:00,US/Eastern,OFF,OK,29,Blue Jackets,Columbus,de Columbus,CBJ,4,9,Senators,Ottawa,d'Ottawa,OTT,1,3,REG,3,REG,8475683.0,8469469.0,,Sénateurs,,,,,,,,,,,,,,,,,,CBJ
2013020304,20132014,2,2013-11-17,False,2013-11-17T23:00:00Z,-05:00,-05:00,US/Eastern,OFF,OK,19,Blues,St. Louis,de St. Louis,STL,1,15,Capitals,Washington,de Washington,WSH,4,3,REG,3,REG,8474651.0,8471214.0,,,,,,,,,,,,,,,,,,,,WSH
2013020305,20132014,2,2013-11-17,False,2013-11-18T00:00:00Z,-05:00,-05:00,America/New_York,OFF,OK,26,Kings,Los Angeles,de Los Angeles,LAK,1,3,Rangers,New York,de New York,NYR,0,3,REG,3,REG,8475681.0,8475726.0,,,,,,,,,,,,,,,,,,,,LAK
2013020306,20132014,2,2013-11-17,False,2013-11-18T00:00:00Z,-05:00,-06:00,America/Chicago,OFF,OK,28,Sharks,San Jose,de San Jose,SJS,1,16,Blackhawks,Chicago,de Chicago,CHI,5,3,REG,3,REG,8470645.0,8469544.0,,,,,,,,,,,,,,,,,,,,CHI
2013020308,20132014,2,2013-11-17,False,2013-11-18T01:00:00Z,-05:00,-08:00,America/Vancouver,OFF,OK,25,Stars,Dallas,de Dallas,DAL,2,23,Canucks,Vancouver,de Vancouver,VAN,1,3,REG,3,REG,8470140.0,8467396.0,,,,,,,,,,,,,,,,,,,,DAL
2013020307,20132014,2,2013-11-17,False,2013-11-18T01:00:00Z,-05:00,-06:00,US/Central,OFF,OK,52,Jets,Winnipeg,de Winnipeg,WPG,1,30,Wild,Minnesota,du Minnesota,MIN,2,3,REG,3,REG,8470216.0,8469459.0,,,,,,,,,,,,,,,,,,,,MIN
2013020309,20132014,2,2013-11-18,False,2013-11-19T00:00:00Z,-05:00,-05:00,US/Eastern,OFF,OK,6,Bruins,Boston,de Boston,BOS,4,12,Hurricanes,Carolina,de la Caroline,CAR,1,3,REG,3,REG,8471695.0,8471262.0,,,,,,,,,,,,,,,,,,,,BOS
2013020310,20132014,2,2013-11-18,False,2013-11-19T00:30:00Z,-05:00,-05:00,US/Eastern,OFF,OK,24,Ducks,Anaheim,d'Anaheim,ANA,1,5,Penguins,Pittsburgh,de Pittsburgh,PIT,3,3,REG,3,REG,8470594.0,8474091.0,,,,,,,,,,,,,,,,,,,,PIT
2013020311,20132014,2,2013-11-18,False,2013-11-19T01:00:00Z,-05:00,-06:00,America/Winnipeg,OFF,OK,20,Flames,Calgary,de Calgary,CGY,5,52,Jets,Winnipeg,de Winnipeg,WPG,4,5,SO,3,SO,8473499.0,,,,,,,,,,,,,,,,,,,,,CGY
2013020314,20132014,2,2013-11-19,False,2013-11-20T00:00:00Z,-05:00,-05:00,US/Eastern,OFF,OK,9,Senators,Ottawa,d'Ottawa,OTT,2,4,Flyers,Philadelphia,de Philadelphie,PHI,5,3,REG,3,REG,8473461.0,8459670.0,Sénateurs,,,,,,,,,,,,,,,,,,,PHI
2013020313,20132014,2,2013-11-19,False,2013-11-20T00:00:00Z,-05:00,-05:00,America/Toronto,OFF,OK,2,Islanders,New York,de New York,NYI,2,10,Maple Leafs,Toronto,de Toronto,TOR,5,3,REG,3,REG,8473541.0,8471664.0,,,,,,,,,,,,,,,,,,,,TOR
2013020312,20132014,2,2013-11-19,False,2013-11-20T00:00:00Z,-05:00,-05:00,America/New_York,OFF,OK,19,Blues,St. Louis,de St. Louis,STL,4,7,Sabres,Buffalo,de Buffalo,BUF,1,3,REG,3,REG,8470860.0,8475765.0,,,,,,,,,,,,,,,,,,,,STL
2013020315,20132014,2,2013-11-19,False,2013-11-20T00:30:00Z,-05:00,-05:00,America/Montreal,OFF,OK,30,Wild,Minnesota,du Minnesota,MIN,2,8,Canadiens,Montréal,de Montréal,MTL,6,3,REG,3,REG,,,,,,,,,,,,,,,,,,,,,,MTL
2013020316,20132014,2,2013-11-19,False,2013-11-20T00:30:00Z,-05:00,-05:00,America/Detroit,OFF,OK,18,Predators,Nashville,de Nashville,NSH,2,17,Red Wings,Detroit,de Detroit,DET,0,3,REG,3,REG,8476992.0,8470642.0,,,,,,,,,,,,,,,,,,,,NSH
2013020317,20132014,2,2013-11-19,False,2013-11-20T00:30:00Z,-05:00,-05:00,America/New_York,OFF,OK,6,Bruins,Boston,de Boston,BOS,2,3,Rangers,New York,de New York,NYR,1,3,REG,3,REG,8471695.0,8470230.0,,,,,,,,,,,,,,,,,,,,BOS
2013020318,20132014,2,2013-11-19,False,2013-11-20T02:00:00Z,-05:00,-07:00,America/Denver,OFF,OK,16,Blackhawks,Chicago,de Chicago,CHI,1,21,Avalanche,Colorado,du Colorado,COL,5,3,REG,3,REG,8473575.0,8476455.0,,,,,,,,,,,,,,,,,,,,COL
2013020319,20132014,2,2013-11-19,False,2013-11-20T02:30:00Z,-05:00,-07:00,America/Edmonton,OFF,OK,29,Blue Jackets,Columbus,de Columbus,CBJ,0,22,Oilers,Edmonton,d'Edmonton,EDM,7,3,REG,3,REG,8471227.0,8474586.0,,,,,,,,,,,,,,,,,,,,EDM
2013020320,20132014,2,2013-11-19,False,2013-11-20T03:00:00Z,-05:00,-08:00,America/Vancouver,OFF,OK,13,Panthers,Florida,de la Floride,FLA,3,23,Canucks,Vancouver,de Vancouver,VAN,2,5,SO,3,SO,8460703.0,,,,,,,,,,,,,,,,,,,,,FLA
2013020321,20132014,2,2013-11-19,False,2013-11-20T03:30:00Z,-05:00,-08:00,America/Los_Angeles,OFF,OK,14,Lightning,Tampa Bay,de Tampa Bay,TBL,2,26,Kings,Los Angeles,de Los Angeles,LAK,5,3,REG,3,REG,8475681.0,8468508.0,,,,,,,,,,,,,,,,,,,,LAK
2013020322,20132014,2,2013-11-20,False,2013-11-21T00:30:00Z,-05:00,-05:00,US/Eastern,OFF,OK,30,Wild,Minnesota,du Minnesota,MIN,4,9,Senators,Ottawa,d'Ottawa,OTT,3,3,REG,3,REG,8470216.0,8469459.0,,Sénateurs,,,,,,,,,,,,,,,,,,MIN
2013020323,20132014,2,2013-11-20,False,2013-11-21T01:00:00Z,-05:00,-05:00,US/Eastern,OFF,OK,5,Penguins,Pittsburgh,de Pittsburgh,PIT,4,15,Capitals,Washington,de Washington,WSH,0,3,REG,3,REG,8470594.0,8468542.0,,,,,,,,,,,,,,,,,,,,PIT
2013020324,20132014,2,2013-11-20,False,2013-11-21T03:00:00Z,-05:00,-07:00,America/Edmonton,OFF,OK,29,Blue Jackets,Columbus,de Columbus,CBJ,2,20,Flames,Calgary,de Calgary,CGY,1,4,OT,3,OT,8475683.0,8471348.0,,,,,,,,,,,,,,,,,,,,CBJ
2013020325,20132014,2,2013-11-20,False,2013-11-21T03:00:00Z,-05:00,-08:00,America/Los_Angeles,OFF,OK,1,Devils,New Jersey,du New Jersey,NJD,4,24,Ducks,Anaheim,d'Anaheim,ANA,3,4,OT,3,OT,8455710.0,8471233.0,,,,,,,,,,,,,,,,,,,,NJD
2013020326,20132014,2,2013-11-21,False,2013-11-22T00:00:00Z,-05:00,-05:00,US/Eastern,OFF,OK,19,Blues,St. Louis,de St. Louis,STL,3,6,Bruins,Boston,de Boston,BOS,2,5,SO,3,SO,8470860.0,,,,,,,,,,,,,,,,,,,,,STL
2013020327,20132014,2,2013-11-21,False,2013-11-22T00:00:00Z,-05:00,-05:00,America/Toronto,OFF,OK,18,Predators,Nashville,de Nashville,NSH,4,10,Maple Leafs,Toronto,de Toronto,TOR,2,3,REG,3,REG,8476992.0,8475225.0,,,,,,,,,,,,,,,,,,,,NSH
2013020328,20132014,2,2013-11-21,False,2013-11-22T00:00:00Z,-05:00,-05:00,US/Eastern,OFF,OK,7,Sabres,Buffalo,de Buffalo,BUF,1,4,Flyers,Philadelphia,de Philadelphie,PHI,4,3,REG,3,REG,8469548.0,8476177.0,,,,,,,,,,,,,,,,,,,,PHI
2013020329,20132014,2,2013-11-21,False,2013-11-22T00:30:00Z,-05:00,-05:00,America/Detroit,OFF,OK,12,Hurricanes,Carolina,de la Caroline,CAR,3,17,Red Wings,Detroit,de Detroit,DET,4,3,REG,3,REG,8475361.0,8474679.0,,,,,,,,,,,,,,,,,,,,DET
2013020330,20132014,2,2013-11-21,False,2013-11-22T01:00:00Z,-05:00,-06:00,America/Winnipeg,OFF,OK,16,Blackhawks,Chicago,de Chicago,CHI,6,52,Jets,Winnipeg,de Winnipeg,WPG,3,3,REG,3,REG,8470645.0,8466148.0,,,,,,,,,,,,,,,,,,,,CHI
2013020331,20132014,2,2013-11-21,False,2013-11-22T01:30:00Z,-05:00,-06:00,US/Central,OFF,OK,3,Rangers,New York,de New York,NYR,3,25,Stars,Dallas,de Dallas,DAL,2,3,REG,3,REG,8468685.0,8475186.0,,,,,,,,,,,,,,,,,,,,NYR
2013020332,20132014,2,2013-11-21,False,2013-11-22T02:00:00Z,-05:00,-07:00,America/Phoenix,OFF,OK,21,Avalanche,Colorado,du Colorado,COL,4,27,Coyotes,Phoenix,de Phoenix,PHX,3,4,OT,3,OT,8473575.0,8475158.0,,,,,,,,,,,,,,,,,,,,COL
2013020333,20132014,2,2013-11-21,False,2013-11-22T02:30:00Z,-05:00,-07:00,America/Edmonton,OFF,OK,13,Panthers,Florida,de la Floride,FLA,1,22,Oilers,Edmonton,d'Edmonton,EDM,4,3,REG,3,REG,8471227.0,8474040.0,,,,,,,,,,,,,,,,,,,,EDM
2013020335,20132014,2,2013-11-21,False,2013-11-22T03:30:00Z,-05:00,-08:00,US/Pacific,OFF,OK,14,Lightning,Tampa Bay,de Tampa Bay,TBL,1,28,Sharks,San Jose,de San Jose,SJS,5,3,REG,3,REG,8474550.0,8467331.0,,,,,,,,,,,,,,,,,,,,SJS
2013020334,20132014,2,2013-11-21,False,2013-11-22T03:30:00Z,-05:00,-08:00,America/Los_Angeles,OFF,OK,1,Devils,New Jersey,du New Jersey,NJD,2,26,Kings,Los Angeles,de Los Angeles,LAK,1,4,OT,3,OT,8471239.0,8448208.0,,,,,,,,,,,,,,,,,,,,NJD
2013020336,20132014,2,2013-11-22,False,2013-11-23T00:00:00Z,-05:00,-05:00,US/Eastern,OFF,OK,2,Islanders,New York,de New York,NYI,3,5,Penguins,Pittsburgh,de Pittsburgh,PIT,4,3,REG,3,REG,8473553.0,8471675.0,,,,,,,,,,,,,,,,,,,,PIT
2013020337,20132014,2,2013-11-22,False,2013-11-23T00:00:00Z,-05:00,-05:00,US/Eastern,OFF,OK,8,Canadiens,Montréal,de Montréal,MTL,3,15,Capitals,Washington,de Washington,WSH,2,3,REG,3,REG,8469514.0,8464975.0,,,,,,,,,,,,,,,,,,,,MTL
2013020338,20132014,2,2013-11-22,False,2013-11-23T02:00:00Z,-05:00,-07:00,America/Edmonton,OFF,OK,13,Panthers,Florida,de la Floride,FLA,3,20,Flames,Calgary,de Calgary,CGY,4,5,SO,3,SO,8473499.0,,,,,,,,,,,,,,,,,,,,,CGY
2013020339,20132014,2,2013-11-22,False,2013-11-23T03:00:00Z,-05:00,-08:00,America/Vancouver,OFF,OK,29,Blue Jackets,Columbus,de Columbus,CBJ,2,23,Canucks,Vancouver,de Vancouver,VAN,6,3,REG,3,REG,8466141.0,8467876.0,,,,,,,,,,,,,,,,,,,,VAN
2013020340,20132014,2,2013-11-22,False,2013-11-23T03:00:00Z,-05:00,-08:00,America/Los_Angeles,OFF,OK,14,Lightning,Tampa Bay,de Tampa Bay,TBL,0,24,Ducks,Anaheim,d'Anaheim,ANA,1,4,OT,3,OT,8473972.0,8470612.0,,,,,,,,,,,,,,,,,,,,ANA
2013020341,20132014,2,2013-11-23,False,2013-11-23T18:00:00Z,-05:00,-05:00,US/Eastern,OFF,OK,12,Hurricanes,Carolina,de la Caroline,CAR,2,6,Bruins,Boston,de Boston,BOS,3,4,OT,3,OT,8473434.0,8471276.0,,,,,,,,,,,,,,,,,,,,BOS
2013020342,20132014,2,2013-11-23,False,2013-11-23T20:00:00Z,-05:00,-06:00,America/Winnipeg,OFF,OK,30,Wild,Minnesota,du Minnesota,MIN,3,52,Jets,Winnipeg,de Winnipeg,WPG,2,5,SO,3,SO,8473404.0,,,,,,,,,,,,,,,,,,,,,MIN
2013020344,20132014,2,2013-11-23,False,2013-11-24T00:00:00Z,-05:00,-05:00,America/Montreal,OFF,OK,5,Penguins,Pittsburgh,de Pittsburgh,PIT,2,8,Canadiens,Montréal,de Montréal,MTL,3,3,REG,3,REG,8471679.0,8474157.0,,,,,,,,,,,,,,,,,,,,MTL
2013020345,20132014,2,2013-11-23,False,2013-11-24T00:00:00Z,-05:00,-05:00,America/Detroit,OFF,OK,9,Senators,Ottawa,d'Ottawa,OTT,4,17,Red Wings,Detroit,de Detroit,DET,2,3,REG,3,REG,8475215.0,8471676.0,Sénateurs,,,,,,,,,,,,,,,,,,,OTT
2013020343,20132014,2,2013-11-23,False,2013-11-24T00:00:00Z,-05:00,-05:00,America/Toronto,OFF,OK,15,Capitals,Washington,de Washington,WSH,1,10,Maple Leafs,Toronto,de Toronto,TOR,2,5,SO,3,SO,8473503.0,,,,,,,,,,,,,,,,,,,,,TOR
2013020346,20132014,2,2013-11-23,False,2013-11-24T00:00:00Z,-05:00,-05:00,US/Eastern,OFF,OK,2,Islanders,New York,de New York,NYI,2,4,Flyers,Philadelphia,de Philadelphie,PHI,5,3,REG,3,REG,8473461.0,8473512.0,,,,,,,,,,,,,,,,,,,,PHI
2013020349,20132014,2,2013-11-23,False,2013-11-24T01:00:00Z,-05:00,-07:00,America/Phoenix,OFF,OK,24,Ducks,Anaheim,d'Anaheim,ANA,4,27,Coyotes,Phoenix,de Phoenix,PHX,2,3,REG,3,REG,8473972.0,8470621.0,,,,,,,,,,,,,,,,,,,,ANA
2013020347,20132014,2,2013-11-23,False,2013-11-24T01:00:00Z,-05:00,-06:00,US/Central,OFF,OK,25,Stars,Dallas,de Dallas,DAL,1,19,Blues,St. Louis,de St. Louis,STL,6,3,REG,3,REG,8470880.0,8475765.0,,,,,,,,,,,,,,,,,,,,STL
2013020348,20132014,2,2013-11-23,False,2013-11-24T01:00:00Z,-05:00,-06:00,US/Central,OFF,OK,3,Rangers,New York,de New York,NYR,2,18,Predators,Nashville,de Nashville,NSH,0,3,REG,3,REG,8475660.0,8474151.0,,,,,,,,,,,,,,,,,,,,NYR
2013020350,20132014,2,2013-11-23,False,2013-11-24T03:00:00Z,-05:00,-08:00,America/Vancouver,OFF,OK,16,Blackhawks,Chicago,de Chicago,CHI,2,23,Canucks,Vancouver,de Vancouver,VAN,1,3,REG,3,REG,8470645.0,8475323.0,,,,,,,,,,,,,,,,,,,,CHI
2013020352,20132014,2,2013-11-23,False,2013-11-24T03:30:00Z,-05:00,-08:00,US/Pacific,OFF,OK,1,Devils,New Jersey,du New Jersey,NJD,1,28,Sharks,San Jose,de San Jose,SJS,2,3,REG,3,REG,8474550.0,8471311.0,,,,,,,,,,,,,,,,,,,,SJS
2013020351,20132014,2,2013-11-23,False,2013-11-24T03:30:00Z,-05:00,-08:00,America/Los_Angeles,OFF,OK,21,Avalanche,Colorado,du Colorado,COL,1,26,Kings,Los Angeles,de Los Angeles,LAK,0,4,OT,3,OT,8473575.0,8473465.0,,,,,,,,,,,,,,,,,,,,COL
2013020353,20132014,2,2013-11-24,False,2013-11-24T22:00:00Z,-05:00,-05:00,America/New_York,OFF,OK,17,Red Wings,Detroit,de Detroit,DET,3,7,Sabres,Buffalo,de Buffalo,BUF,1,3,REG,3,REG,8475361.0,8471309.0,,,,,,,,,,,,,,,,,,,,DET
2013020354,20132014,2,2013-11-24,False,2013-11-24T22:00:00Z,-05:00,-05:00,US/Eastern,OFF,OK,9,Senators,Ottawa,d'Ottawa,OTT,1,12,Hurricanes,Carolina,de la Caroline,CAR,4,3,REG,3,REG,8470320.0,8469462.0,Sénateurs,,,,,,,,,,,,,,,,,,,CAR
2013020357,20132014,2,2013-11-25,False,2013-11-26T00:00:00Z,-05:00,-05:00,US/Eastern,OFF,OK,52,Jets,Winnipeg,de Winnipeg,WPG,3,1,Devils,New Jersey,du New Jersey,NJD,1,3,REG,3,REG,8471715.0,8475169.0,,,,,,,,,,,,,,,,,,,,WPG
2013020355,20132014,2,2013-11-25,False,2013-11-26T00:00:00Z,-05:00,-05:00,US/Eastern,OFF,OK,5,Penguins,Pittsburgh,de Pittsburgh,PIT,3,6,Bruins,Boston,de Boston,BOS,4,4,OT,3,OT,8471695.0,8476792.0,,,,,,,,,,,,,,,,,,,,BOS
2013020356,20132014,2,2013-11-25,False,2013-11-26T00:00:00Z,-05:00,-05:00,America/Toronto,OFF,OK,29,Blue Jackets,Columbus,de Columbus,CBJ,6,10,Maple Leafs,Toronto,de Toronto,TOR,0,3,REG,3,REG,8475683.0,8474715.0,,,,,,,,,,,,,,,,,,,,CBJ
2013020358,20132014,2,2013-11-25,False,2013-11-26T00:30:00Z,-05:00,-05:00,US/Eastern,OFF,OK,3,Rangers,New York,de New York,NYR,0,14,Lightning,Tampa Bay,de Tampa Bay,TBL,5,3,REG,3,REG,8471750.0,8476453.0,,,,,,,,,,,,,,,,,,,,TBL
2013020359,20132014,2,2013-11-25,False,2013-11-26T00:30:00Z,-05:00,-05:00,US/Eastern,OFF,OK,4,Flyers,Philadelphia,de Philadelphie,PHI,1,13,Panthers,Florida,de la Floride,FLA,3,3,REG,3,REG,8460703.0,8470176.0,,,,,,,,,,,,,,,,,,,,FLA
2013020360,20132014,2,2013-11-25,False,2013-11-26T01:00:00Z,-05:00,-06:00,US/Central,OFF,OK,30,Wild,Minnesota,du Minnesota,MIN,0,19,Blues,St. Louis,de St. Louis,STL,3,3,REG,3,REG,8470860.0,8471743.0,,,,,,,,,,,,,,,,,,,,STL
2013020361,20132014,2,2013-11-25,False,2013-11-26T01:00:00Z,-05:00,-06:00,US/Central,OFF,OK,27,Coyotes,Phoenix,de Phoenix,PHX,2,18,Predators,Nashville,de Nashville,NSH,4,3,REG,3,REG,8476992.0,8475268.0,,,,,,,,,,,,,,,,,,,,NSH
2013020362,20132014,2,2013-11-25,False,2013-11-26T02:30:00Z,-05:00,-07:00,America/Edmonton,OFF,OK,16,Blackhawks,Chicago,de Chicago,CHI,5,22,Oilers,Edmonton,d'Edmonton,EDM,1,3,REG,3,REG,8470645.0,8474141.0,,,,,,,,,,,,,,,,,,,,CHI
2013020363,20132014,2,2013-11-25,False,2013-11-26T03:00:00Z,-05:00,-08:00,America/Vancouver,OFF,OK,26,Kings,Los Angeles,de Los Angeles,LAK,3,23,Canucks,Vancouver,de Vancouver,VAN,2,4,OT,3,OT,8475681.0,8471685.0,,,,,,,,,,,,,,,,,,,,LAK
2013020364,20132014,2,2013-11-26,False,2013-11-27T01:00:00Z,-05:00,-06:00,US/Central,OFF,OK,24,Ducks,Anaheim,d'Anaheim,ANA,3,25,Stars,Dallas,de Dallas,DAL,6,3,REG,3,REG,8468540.0,8476116.0,,,,,,,,,,,,,,,,,,,,DAL
2013020369,20132014,2,2013-11-27,False,2013-11-28T00:00:00Z,-05:00,-05:00,US/Eastern,OFF,OK,18,Predators,Nashville,de Nashville,NSH,4,29,Blue Jackets,Columbus,de Columbus,CBJ,0,3,REG,3,REG,8476992.0,8464989.0,,,,,,,,,,,,,,,,,,,,NSH
2013020366,20132014,2,2013-11-27,False,2013-11-28T00:00:00Z,-05:00,-05:00,US/Eastern,OFF,OK,12,Hurricanes,Carolina,de la Caroline,CAR,4,1,Devils,New Jersey,du New Jersey,NJD,3,3,REG,3,REG,8470320.0,8470302.0,,,,,,,,,,,,,,,,,,,,CAR
2013020365,20132014,2,2013-11-27,False,2013-11-28T00:00:00Z,-05:00,-05:00,America/New_York,OFF,OK,8,Canadiens,Montréal,de Montréal,MTL,3,7,Sabres,Buffalo,de Buffalo,BUF,1,3,REG,3,REG,8471679.0,8471976.0,,,,,,,,,,,,,,,,,,,,MTL
2013020368,20132014,2,2013-11-27,False,2013-11-28T00:00:00Z,-05:00,-05:00,US/Eastern,OFF,OK,9,Senators,Ottawa,d'Ottawa,OTT,6,15,Capitals,Washington,de Washington,WSH,4,3,REG,3,REG,8467950.0,8474250.0,Sénateurs,,,,,,,,,,,,,,,,,,,OTT
2013020367,20132014,2,2013-11-27,False,2013-11-28T00:00:00Z,-05:00,-05:00,America/New_York,OFF,OK,52,Jets,Winnipeg,de Winnipeg,WPG,3,2,Islanders,New York,de New York,NYI,2,3,REG,3,REG,8471219.0,8471682.0,,,,,,,,,,,,,,,,,,,,WPG
2013020371,20132014,2,2013-11-27,False,2013-11-28T00:30:00Z,-05:00,-05:00,US/Eastern,OFF,OK,4,Flyers,Philadelphia,de Philadelphie,PHI,2,14,Lightning,Tampa Bay,de Tampa Bay,TBL,4,3,REG,3,REG,8474765.0,8475167.0,,,,,,,,,,,,,,,Lindbäck,,,,,TBL
2013020370,20132014,2,2013-11-27,False,2013-11-28T00:30:00Z,-05:00,-05:00,America/Detroit,OFF,OK,6,Bruins,Boston,de Boston,BOS,1,17,Red Wings,Detroit,de Detroit,DET,6,3,REG,3,REG,8475361.0,8475193.0,,,,,,,,,,,,,,,,,,,,DET
2013020372,20132014,2,2013-11-27,False,2013-11-28T00:30:00Z,-05:00,-05:00,US/Eastern,OFF,OK,3,Rangers,New York,de New York,NYR,5,13,Panthers,Florida,de la Floride,FLA,2,3,REG,3,REG,8468685.0,8470041.0,,,,,,,,,,,,,,,,,,,,NYR
2013020373,20132014,2,2013-11-27,False,2013-11-28T00:30:00Z,-05:00,-05:00,US/Eastern,OFF,OK,10,Maple Leafs,Toronto,de Toronto,TOR,5,5,Penguins,Pittsburgh,de Pittsburgh,PIT,6,5,SO,3,SO,8473553.0,,,,,,,,,,,,,,,,,,,,,PIT
2013020374,20132014,2,2013-11-27,False,2013-11-28T01:00:00Z,-05:00,-06:00,US/Central,OFF,OK,27,Coyotes,Phoenix,de Phoenix,PHX,3,30,Wild,Minnesota,du Minnesota,MIN,1,3,REG,3,REG,8471306.0,8468085.0,,,,,,,,,,,,,,,,,,,,PHX
2013020375,20132014,2,2013-11-27,False,2013-11-28T02:00:00Z,-05:00,-07:00,America/Denver,OFF,OK,19,Blues,St. Louis,de St. Louis,STL,4,21,Avalanche,Colorado,du Colorado,COL,1,3,REG,3,REG,8470860.0,8470257.0,,,,,,,,,,,,,,,,,,,,STL
2013020376,20132014,2,2013-11-27,False,2013-11-28T03:00:00Z,-05:00,-07:00,America/Edmonton,OFF,OK,16,Blackhawks,Chicago,de Chicago,CHI,3,20,Flames,Calgary,de Calgary,CGY,2,3,REG,3,REG,8477293.0,8474141.0,,,,,,,,,,,,,,,,,,,,CHI
2013020377,20132014,2,2013-11-27,False,2013-11-28T03:30:00Z,-05:00,-08:00,US/Pacific,OFF,OK,26,Kings,Los Angeles,de Los Angeles,LAK,2,28,Sharks,San Jose,de San Jose,SJS,3,5,SO,3,SO,8474550.0,,,,,,,,,,,,,,,,,,,,,SJS
2013020378,20132014,2,2013-11-28,False,2013-11-29T00:30:00Z,-05:00,-05:00,US/Eastern,OFF,OK,23,Canucks,Vancouver,de Vancouver,VAN,5,9,Senators,Ottawa,d'Ottawa,OTT,2,3,REG,3,REG,8466141.0,8474520.0,,Sénateurs,,,,,,,,,,,,,,,,,,VAN
2013020379,20132014,2,2013-11-28,False,2013-11-29T01:00:00Z,-05:00,-06:00,US/Central,OFF,OK,22,Oilers,Edmonton,d'Edmonton,EDM,3,18,Predators,Nashville,de Nashville,NSH,0,3,REG,3,REG,8468524.0,8476454.0,,,,,,,,,,,,,,,,,,,,EDM
2013020383,20132014,2,2013-11-29,False,2013-11-29T16:30:00Z,-05:00,-05:00,US/Eastern,OFF,OK,52,Jets,Winnipeg,de Winnipeg,WPG,1,4,Flyers,Philadelphia,de Philadelphie,PHI,2,3,REG,3,REG,8473461.0,8476461.0,,,,,,,,,,,,,,,,,,,,PHI
2013020380,20132014,2,2013-11-29,False,2013-11-29T18:00:00Z,-05:00,-05:00,US/Eastern,OFF,OK,3,Rangers,New York,de New York,NYR,2,6,Bruins,Boston,de Boston,BOS,3,3,REG,3,REG,8471695.0,8465009.0,,,,,,,,,,,,,,,,,,,,BOS
2013020384,20132014,2,2013-11-29,False,2013-11-29T21:00:00Z,-05:00,-08:00,America/Los_Angeles,OFF,OK,20,Flames,Calgary,de Calgary,CGY,2,24,Ducks,Anaheim,d'Anaheim,ANA,5,3,REG,3,REG,8475883.0,8471208.0,,,,,,,,,,,,,,,,,,,,ANA
2013020385,20132014,2,2013-11-29,False,2013-11-29T21:00:00Z,-05:00,-08:00,US/Pacific,OFF,OK,19,Blues,St. Louis,de St. Louis,STL,3,28,Sharks,San Jose,de San Jose,SJS,6,3,REG,3,REG,8474550.0,8474739.0,,,,,,,,,,,,,,,,,,,,SJS
2013020381,20132014,2,2013-11-29,False,2013-11-29T21:00:00Z,-05:00,-05:00,US/Eastern,OFF,OK,5,Penguins,Pittsburgh,de Pittsburgh,PIT,3,14,Lightning,Tampa Bay,de Tampa Bay,TBL,0,3,REG,3,REG,8470594.0,8470543.0,,,,,,,,,,,,,,,,,,,,PIT
2013020382,20132014,2,2013-11-29,False,2013-11-29T21:00:00Z,-05:00,-05:00,America/New_York,OFF,OK,17,Red Wings,Detroit,de Detroit,DET,5,2,Islanders,New York,de New York,NYI,0,3,REG,3,REG,8470657.0,8471794.0,,,,,,,,,,,,,,,,,,,,DET
2013020386,20132014,2,2013-11-29,False,2013-11-29T22:00:00Z,-05:00,-05:00,US/Eastern,OFF,OK,8,Canadiens,Montréal,de Montréal,MTL,2,15,Capitals,Washington,de Washington,WSH,3,5,SO,3,SO,8474651.0,,,,,,,,,,,,,,,,,,,,,WSH
2013020387,20132014,2,2013-11-29,False,2013-11-29T23:00:00Z,-05:00,-06:00,US/Central,OFF,OK,21,Avalanche,Colorado,du Colorado,COL,3,30,Wild,Minnesota,du Minnesota,MIN,1,3,REG,3,REG,8462044.0,8477492.0,,,,,,,,,,,,,,,,,,,,COL
2013020390,20132014,2,2013-11-29,False,2013-11-30T00:00:00Z,-05:00,-05:00,US/Eastern,OFF,OK,22,Oilers,Edmonton,d'Edmonton,EDM,2,29,Blue Jackets,Columbus,de Columbus,CBJ,4,3,REG,3,REG,8475683.0,8473422.0,,,,,,,,,,,,,,,,,,,,CBJ
2013020389,20132014,2,2013-11-29,False,2013-11-30T00:00:00Z,-05:00,-05:00,US/Eastern,OFF,OK,1,Devils,New Jersey,du New Jersey,NJD,5,12,Hurricanes,Carolina,de la Caroline,CAR,2,3,REG,3,REG,8471239.0,8474641.0,,,,,,,,,,,,,,,,,,,,NJD
2013020388,20132014,2,2013-11-29,False,2013-11-30T00:30:00Z,-05:00,-05:00,America/New_York,OFF,OK,10,Maple Leafs,Toronto,de Toronto,TOR,2,7,Sabres,Buffalo,de Buffalo,BUF,3,4,OT,3,OT,8468011.0,8469555.0,,,,,,,,,,,,,,,,,,,,BUF
2013020391,20132014,2,2013-11-29,False,2013-11-30T01:30:00Z,-05:00,-06:00,US/Central,OFF,OK,16,Blackhawks,Chicago,de Chicago,CHI,2,25,Stars,Dallas,de Dallas,DAL,1,5,SO,3,SO,8470645.0,,,,,,,,,,,,,,,,,,,,,CHI
2013020392,20132014,2,2013-11-30,False,2013-11-30T19:00:00Z,-05:00,-05:00,America/New_York,OFF,OK,23,Canucks,Vancouver,de Vancouver,VAN,2,3,Rangers,New York,de New York,NYR,5,3,REG,3,REG,8475660.0,8470041.0,,,,,,,,,,,,,,,,,,,,NYR
2013020394,20132014,2,2013-11-30,False,2013-12-01T00:00:00Z,-05:00,-05:00,America/Montreal,OFF,OK,10,Maple Leafs,Toronto,de Toronto,TOR,2,8,Canadiens,Montréal,de Montréal,MTL,4,3,REG,3,REG,8471679.0,8469521.0,,,,,,,,,,,,,,,,,,,,MTL
2013020395,20132014,2,2013-11-30,False,2013-12-01T00:00:00Z,-05:00,-05:00,US/Eastern,OFF,OK,5,Penguins,Pittsburgh,de Pittsburgh,PIT,5,13,Panthers,Florida,de la Floride,FLA,1,3,REG,3,REG,8473553.0,8471856.0,,,,,,,,,,,,,,,,,,,,PIT
2013020397,20132014,2,2013-11-30,False,2013-12-01T00:00:00Z,-05:00,-05:00,America/New_York,OFF,OK,15,Capitals,Washington,de Washington,WSH,3,2,Islanders,New York,de New York,NYI,2,4,OT,3,OT,8474651.0,8471214.0,,,,,,,,,,,,,,,,,,,,WSH
2013020396,20132014,2,2013-11-30,False,2013-12-01T00:00:00Z,-05:00,-05:00,US/Eastern,OFF,OK,7,Sabres,Buffalo,de Buffalo,BUF,0,1,Devils,New Jersey,du New Jersey,NJD,1,4,OT,3,OT,8471239.0,8470609.0,,,,,,,,,,,,,,,,,,,,NJD
2013020393,20132014,2,2013-11-30,False,2013-12-01T00:00:00Z,-05:00,-05:00,US/Eastern,OFF,OK,29,Blue Jackets,Columbus,de Columbus,CBJ,1,6,Bruins,Boston,de Boston,BOS,3,3,REG,3,REG,8473434.0,8473473.0,,,,,,,,,,,,,,,,,,,,BOS
2013020398,20132014,2,2013-11-30,False,2013-12-01T01:00:00Z,-05:00,-06:00,US/Central,OFF,OK,4,Flyers,Philadelphia,de Philadelphie,PHI,3,18,Predators,Nashville,de Nashville,NSH,2,5,SO,3,SO,8473461.0,,,,,,,,,,,,,,,,,,,,,PHI
2013020399,20132014,2,2013-11-30,False,2013-12-01T01:00:00Z,-05:00,-07:00,America/Phoenix,OFF,OK,16,Blackhawks,Chicago,de Chicago,CHI,5,27,Coyotes,Phoenix,de Phoenix,PHX,2,3,REG,3,REG,8477293.0,8471769.0,,,,,,,,,,,,,,,,,,,,CHI
2013020400,20132014,2,2013-11-30,False,2013-12-01T02:00:00Z,-05:00,-07:00,America/Denver,OFF,OK,30,Wild,Minnesota,du Minnesota,MIN,2,21,Avalanche,Colorado,du Colorado,COL,3,5,SO,3,SO,8473575.0,,,,,,,,,,,,,,,,,,,,,COL
2013020401,20132014,2,2013-11-30,False,2013-12-01T03:00:00Z,-05:00,-08:00,America/Los_Angeles,OFF,OK,20,Flames,Calgary,de Calgary,CGY,2,26,Kings,Los Angeles,de Los Angeles,LAK,1,3,REG,3,REG,8471403.0,8469500.0,,,,,,,,,,,,,,,,,,,,CGY
2013020402,20132014,2,2013-11-30,False,2013-12-01T03:30:00Z,-05:00,-08:00,US/Pacific,OFF,OK,24,Ducks,Anaheim,d'Anaheim,ANA,3,28,Sharks,San Jose,de San Jose,SJS,4,5,SO,3,SO,8474550.0,,,,,,,,,,,,,,,,,,,,,SJS
2013020403,20132014,2,2013-12-01,False,2013-12-01T18:00:00Z,-05:00,-05:00,US/Eastern,OFF,OK,23,Canucks,Vancouver,de Vancouver,VAN,3,12,Hurricanes,Carolina,de la Caroline,CAR,2,3,REG,3,REG,8475663.0,8470616.0,,,,,,,,,,,,,,,,,,,,VAN
2013020404,20132014,2,2013-12-01,False,2013-12-01T22:30:00Z,-05:00,-05:00,US/Eastern,OFF,OK,17,Red Wings,Detroit,de Detroit,DET,4,9,Senators,Ottawa,d'Ottawa,OTT,2,3,REG,3,REG,8475361.0,8470778.0,,Sénateurs,,,,,,,,,,,,,,,,,,DET
2013020405,20132014,2,2013-12-01,False,2013-12-01T23:00:00Z,-05:00,-06:00,US/Central,OFF,OK,22,Oilers,Edmonton,d'Edmonton,EDM,3,25,Stars,Dallas,de Dallas,DAL,2,5,SO,3,SO,8471227.0,,,,,,,,,,,,,,,,,,,,,EDM
2013020406,20132014,2,2013-12-02,False,2013-12-03T00:00:00Z,-05:00,-05:00,America/New_York,OFF,OK,52,Jets,Winnipeg,de Winnipeg,WPG,5,3,Rangers,New York,de New York,NYR,2,3,REG,3,REG,8471715.0,8466140.0,,,,,,,,,,,,,,,,,,,,WPG
2013020407,20132014,2,2013-12-02,False,2013-12-03T00:30:00Z,-05:00,-05:00,America/Montreal,OFF,OK,1,Devils,New Jersey,du New Jersey,NJD,2,8,Canadiens,Montréal,de Montréal,MTL,3,3,REG,3,REG,8471679.0,8476851.0,,,,,,,,,,,,,,,,,,,,MTL
2013020408,20132014,2,2013-12-02,False,2013-12-03T01:00:00Z,-05:00,-06:00,US/Central,OFF,OK,4,Flyers,Philadelphia,de Philadelphie,PHI,0,30,Wild,Minnesota,du Minnesota,MIN,2,3,REG,3,REG,8470216.0,8469506.0,,,,,,,,,,,,,,,,,,,,MIN
2013020409,20132014,2,2013-12-02,False,2013-12-03T03:30:00Z,-05:00,-08:00,America/Los_Angeles,OFF,OK,19,Blues,St. Louis,de St. Louis,STL,2,26,Kings,Los Angeles,de Los Angeles,LAK,3,3,REG,3,REG,8475681.0,8475726.0,,,,,,,,,,,,,,,,,,,,LAK
2013020410,20132014,2,2013-12-03,False,2013-12-04T00:00:00Z,-05:00,-05:00,America/Toronto,OFF,OK,28,Sharks,San Jose,de San Jose,SJS,4,10,Maple Leafs,Toronto,de Toronto,TOR,2,3,REG,3,REG,8474550.0,8467331.0,,,,,,,,,,,,,,,,,,,,SJS
2013020411,20132014,2,2013-12-03,False,2013-12-04T00:00:00Z,-05:00,-05:00,America/New_York,OFF,OK,5,Penguins,Pittsburgh,de Pittsburgh,PIT,3,2,Islanders,New York,de New York,NYI,2,4,OT,3,OT,8470594.0,8471675.0,,,,,,,,,,,,,,,,,,,,PIT
2013020412,20132014,2,2013-12-03,False,2013-12-04T00:00:00Z,-05:00,-05:00,US/Eastern,OFF,OK,12,Hurricanes,Carolina,de la Caroline,CAR,4,15,Capitals,Washington,de Washington,WSH,1,3,REG,3,REG,8471251.0,8475784.0,,,,,,,,,,,,,,,,,,,,CAR
2013020413,20132014,2,2013-12-03,False,2013-12-04T00:00:00Z,-05:00,-05:00,US/Eastern,OFF,OK,14,Lightning,Tampa Bay,de Tampa Bay,TBL,0,29,Blue Jackets,Columbus,de Columbus,CBJ,1,3,REG,3,REG,8475683.0,8473422.0,,,,,,,,,,,,,,,,,,,,CBJ
2013020414,20132014,2,2013-12-03,False,2013-12-04T00:30:00Z,-05:00,-05:00,US/Eastern,OFF,OK,9,Senators,Ottawa,d'Ottawa,OTT,4,13,Panthers,Florida,de la Floride,FLA,2,3,REG,3,REG,8467950.0,8471862.0,Sénateurs,,,,,,,,,,,,,,,,,,,OTT
2013020415,20132014,2,2013-12-03,False,2013-12-04T01:00:00Z,-05:00,-06:00,America/Chicago,OFF,OK,25,Stars,Dallas,de Dallas,DAL,4,16,Blackhawks,Chicago,de Chicago,CHI,3,3,REG,3,REG,8470140.0,8474849.0,,,,,,,,,,,,,,,,,,,,DAL
2013020416,20132014,2,2013-12-03,False,2013-12-04T01:00:00Z,-05:00,-06:00,US/Central,OFF,OK,23,Canucks,Vancouver,de Vancouver,VAN,3,18,Predators,Nashville,de Nashville,NSH,1,3,REG,3,REG,8466141.0,8470616.0,,,,,,,,,,,,,,,,,,,,VAN
2013020417,20132014,2,2013-12-03,False,2013-12-04T02:30:00Z,-05:00,-07:00,America/Edmonton,OFF,OK,27,Coyotes,Phoenix,de Phoenix,PHX,6,22,Oilers,Edmonton,d'Edmonton,EDM,2,3,REG,3,REG,8469608.0,8462038.0,,,,,,,,,,,,,,,,,,,,PHX
2013020418,20132014,2,2013-12-03,False,2013-12-04T03:00:00Z,-05:00,-08:00,America/Los_Angeles,OFF,OK,26,Kings,Los Angeles,de Los Angeles,LAK,3,24,Ducks,Anaheim,d'Anaheim,ANA,2,5,SO,3,SO,8474889.0,,,,,,,,,,,,,,,,,,,,,LAK
2013020419,20132014,2,2013-12-04,False,2013-12-05T00:00:00Z,-05:00,-05:00,US/Eastern,OFF,OK,8,Canadiens,Montréal,de Montréal,MTL,4,1,Devils,New Jersey,du New Jersey,NJD,3,5,SO,3,SO,8469514.0,,,,,,,,,,,,,,,,,,,,,MTL
2013020420,20132014,2,2013-12-04,False,2013-12-05T01:00:00Z,-05:00,-05:00,America/Detroit,OFF,OK,4,Flyers,Philadelphia,de Philadelphie,PHI,6,17,Red Wings,Detroit,de Detroit,DET,3,3,REG,3,REG,8473461.0,8476461.0,,,,,,,,,,,,,,,,,,,,PHI
2013020421,20132014,2,2013-12-04,False,2013-12-05T03:00:00Z,-05:00,-07:00,America/Edmonton,OFF,OK,27,Coyotes,Phoenix,de Phoenix,PHX,1,20,Flames,Calgary,de Calgary,CGY,4,3,REG,3,REG,8471403.0,8474150.0,,,,,,,,,,,,,,,,,,,,CGY
2013020424,20132014,2,2013-12-05,False,2013-12-06T00:00:00Z,-05:00,-05:00,US/Eastern,OFF,OK,28,Sharks,San Jose,de San Jose,SJS,1,5,Penguins,Pittsburgh,de Pittsburgh,PIT,5,3,REG,3,REG,8470594.0,8477126.0,,,,,,,,,,,,,,,,,,,,PIT
2013020422,20132014,2,2013-12-05,False,2013-12-06T00:00:00Z,-05:00,-05:00,America/New_York,OFF,OK,3,Rangers,New York,de New York,NYR,3,7,Sabres,Buffalo,de Buffalo,BUF,1,3,REG,3,REG,8468685.0,8467389.0,,,,,,,,,,,,,,,,,,,,NYR
2013020423,20132014,2,2013-12-05,False,2013-12-06T00:00:00Z,-05:00,-05:00,America/Toronto,OFF,OK,25,Stars,Dallas,de Dallas,DAL,2,10,Maple Leafs,Toronto,de Toronto,TOR,3,4,OT,3,OT,8473541.0,8473942.0,,,,,,,,,,,,,,,,,,,,TOR
2013020427,20132014,2,2013-12-05,False,2013-12-06T00:30:00Z,-05:00,-05:00,US/Eastern,OFF,OK,52,Jets,Winnipeg,de Winnipeg,WPG,2,13,Panthers,Florida,de la Floride,FLA,5,3,REG,3,REG,8460703.0,8470039.0,,,,,,,,,,,,,,,,,,,,FLA
2013020426,20132014,2,2013-12-05,False,2013-12-06T00:30:00Z,-05:00,-05:00,US/Eastern,OFF,OK,9,Senators,Ottawa,d'Ottawa,OTT,1,14,Lightning,Tampa Bay,de Tampa Bay,TBL,3,3,REG,3,REG,8471750.0,8466378.0,Sénateurs,,,,,,,,,,,,,,,,,,,TBL
2013020425,20132014,2,2013-12-05,False,2013-12-06T00:30:00Z,-05:00,-05:00,America/Montreal,OFF,OK,6,Bruins,Boston,de Boston,BOS,1,8,Canadiens,Montréal,de Montréal,MTL,2,3,REG,3,REG,8471679.0,8474157.0,,,,,,,,,,,,,,,,,,,,MTL
2013020428,20132014,2,2013-12-05,False,2013-12-06T01:00:00Z,-05:00,-06:00,US/Central,OFF,OK,2,Islanders,New York,de New York,NYI,1,19,Blues,St. Louis,de St. Louis,STL,5,3,REG,3,REG,8470860.0,8469485.0,,,,,,,,,,,,,,,,,,,,STL
2013020430,20132014,2,2013-12-05,False,2013-12-06T01:00:00Z,-05:00,-06:00,US/Central,OFF,OK,16,Blackhawks,Chicago,de Chicago,CHI,3,30,Wild,Minnesota,du Minnesota,MIN,4,3,REG,3,REG,8470216.0,8474618.0,,,,,,,,,,,,,,,,,,,,MIN
2013020429,20132014,2,2013-12-05,False,2013-12-06T01:00:00Z,-05:00,-06:00,US/Central,OFF,OK,12,Hurricanes,Carolina,de la Caroline,CAR,5,18,Predators,Nashville,de Nashville,NSH,2,3,REG,3,REG,8471251.0,8474062.0,,,,,,,,,,,,,,,,,,,,CAR
2013020431,20132014,2,2013-12-05,False,2013-12-06T02:30:00Z,-05:00,-07:00,America/Edmonton,OFF,OK,21,Avalanche,Colorado,du Colorado,COL,2,22,Oilers,Edmonton,d'Edmonton,EDM,8,3,REG,3,REG,8471227.0,8469466.0,,,,,,,,,,,,,,,,,,,,EDM
2013020432,20132014,2,2013-12-06,False,2013-12-07T00:00:00Z,-05:00,-05:00,US/Eastern,OFF,OK,17,Red Wings,Detroit,de Detroit,DET,3,1,Devils,New Jersey,du New Jersey,NJD,1,3,REG,3,REG,8475361.0,8471309.0,,,,,,,,,,,,,,,,,,,,DET
2013020433,20132014,2,2013-12-06,False,2013-12-07T00:00:00Z,-05:00,-05:00,US/Eastern,OFF,OK,28,Sharks,San Jose,de San Jose,SJS,3,12,Hurricanes,Carolina,de la Caroline,CAR,5,3,REG,3,REG,8470320.0,8477496.0,,,,,,,,,,,,,,,,,,,,CAR
2013020434,20132014,2,2013-12-06,False,2013-12-07T00:00:00Z,-05:00,-05:00,US/Eastern,OFF,OK,30,Wild,Minnesota,du Minnesota,MIN,0,29,Blue Jackets,Columbus,de Columbus,CBJ,4,3,REG,3,REG,8470147.0,8474715.0,,,,,,,,,,,,,,,,,,,,CBJ
2013020435,20132014,2,2013-12-06,False,2013-12-07T01:00:00Z,-05:00,-06:00,America/Chicago,OFF,OK,24,Ducks,Anaheim,d'Anaheim,ANA,3,16,Blackhawks,Chicago,de Chicago,CHI,2,5,SO,3,SO,8473972.0,,,,,,,,,,,,,,,,,,,,,ANA
2013020436,20132014,2,2013-12-06,False,2013-12-07T02:00:00Z,-05:00,-07:00,America/Edmonton,OFF,OK,21,Avalanche,Colorado,du Colorado,COL,3,20,Flames,Calgary,de Calgary,CGY,2,3,REG,3,REG,8462044.0,8477492.0,,,,,,,,,,,,,,,,,,,,COL
2013020437,20132014,2,2013-12-06,False,2013-12-07T03:00:00Z,-05:00,-08:00,America/Vancouver,OFF,OK,27,Coyotes,Phoenix,de Phoenix,PHX,2,23,Canucks,Vancouver,de Vancouver,VAN,3,4,OT,3,OT,8466141.0,8470274.0,,,,,,,,,,,,,,,,,,,,VAN
2013020446,20132014,2,2013-12-07,False,2013-12-07T19:00:00Z,-05:00,-06:00,US/Central,OFF,OK,4,Flyers,Philadelphia,de Philadelphie,PHI,1,25,Stars,Dallas,de Dallas,DAL,5,3,REG,3,REG,8468540.0,8475794.0,,,,,,,,,,,,,,,,,,,,DAL
2013020443,20132014,2,2013-12-07,False,2013-12-08T00:00:00Z,-05:00,-05:00,US/Eastern,OFF,OK,18,Predators,Nashville,de Nashville,NSH,2,15,Capitals,Washington,de Washington,WSH,5,3,REG,3,REG,8474651.0,8473991.0,,,,,,,,,,,,,,,,,,,,WSH
2013020438,20132014,2,2013-12-07,False,2013-12-08T00:00:00Z,-05:00,-05:00,US/Eastern,OFF,OK,5,Penguins,Pittsburgh,de Pittsburgh,PIT,2,6,Bruins,Boston,de Boston,BOS,3,3,REG,3,REG,8471695.0,8465009.0,,,,,,,,,,,,,,,,,,,,BOS
2013020441,20132014,2,2013-12-07,False,2013-12-08T00:00:00Z,-05:00,-05:00,America/Detroit,OFF,OK,13,Panthers,Florida,de la Floride,FLA,2,17,Red Wings,Detroit,de Detroit,DET,1,3,REG,3,REG,8460703.0,8476456.0,,,,,,,,,,,,,,,,,,,,FLA
2013020442,20132014,2,2013-12-07,False,2013-12-08T00:00:00Z,-05:00,-05:00,US/Eastern,OFF,OK,52,Jets,Winnipeg,de Winnipeg,WPG,2,14,Lightning,Tampa Bay,de Tampa Bay,TBL,1,4,OT,3,OT,8471219.0,8476460.0,,,,,,,,,,,,,,,,,,,,WPG
2013020440,20132014,2,2013-12-07,False,2013-12-08T00:00:00Z,-05:00,-05:00,US/Eastern,OFF,OK,10,Maple Leafs,Toronto,de Toronto,TOR,4,9,Senators,Ottawa,d'Ottawa,OTT,3,5,SO,3,SO,8473503.0,,,Sénateurs,,,,,,,,,,,,,,,,,,TOR
2013020439,20132014,2,2013-12-07,False,2013-12-08T00:00:00Z,-05:00,-05:00,America/Montreal,OFF,OK,7,Sabres,Buffalo,de Buffalo,BUF,2,8,Canadiens,Montréal,de Montréal,MTL,3,3,REG,3,REG,8471679.0,8476851.0,,,,,,,,,,,,,,,,,,,,MTL
2013020444,20132014,2,2013-12-07,False,2013-12-08T00:30:00Z,-05:00,-05:00,America/New_York,OFF,OK,1,Devils,New Jersey,du New Jersey,NJD,4,3,Rangers,New York,de New York,NYR,3,4,OT,3,OT,8455710.0,8475199.0,,,,,,,,,,,,,,,,,,,,NJD
2013020445,20132014,2,2013-12-07,False,2013-12-08T01:00:00Z,-05:00,-06:00,US/Central,OFF,OK,24,Ducks,Anaheim,d'Anaheim,ANA,5,19,Blues,St. Louis,de St. Louis,STL,2,3,REG,3,REG,8475883.0,8470612.0,,,,,,,,,,,,,,,,,,,,ANA
2013020447,20132014,2,2013-12-07,False,2013-12-08T03:00:00Z,-05:00,-07:00,America/Edmonton,OFF,OK,20,Flames,Calgary,de Calgary,CGY,2,22,Oilers,Edmonton,d'Edmonton,EDM,1,4,OT,3,OT,8473499.0,8470201.0,,,,,,,,,,,,,,,,,,,,CGY
2013020448,20132014,2,2013-12-07,False,2013-12-08T03:30:00Z,-05:00,-08:00,America/Los_Angeles,OFF,OK,2,Islanders,New York,de New York,NYI,0,26,Kings,Los Angeles,de Los Angeles,LAK,3,3,REG,3,REG,8474889.0,8471685.0,,,,,,,,,,,,,,,,,,,,LAK
2013020449,20132014,2,2013-12-08,False,2013-12-08T23:00:00Z,-05:00,-06:00,US/Central,OFF,OK,28,Sharks,San Jose,de San Jose,SJS,1,30,Wild,Minnesota,du Minnesota,MIN,3,3,REG,3,REG,8470216.0,8469459.0,,,,,,,,,,,,,,,,,,,,MIN
2013020450,20132014,2,2013-12-08,False,2013-12-09T00:00:00Z,-05:00,-05:00,America/Toronto,OFF,OK,6,Bruins,Boston,de Boston,BOS,5,10,Maple Leafs,Toronto,de Toronto,TOR,2,3,REG,3,REG,8473434.0,8476191.0,,,,,,,,,,,,,,,,,,,,BOS
2013020451,20132014,2,2013-12-08,False,2013-12-09T00:00:00Z,-05:00,-05:00,America/New_York,OFF,OK,15,Capitals,Washington,de Washington,WSH,4,3,Rangers,New York,de New York,NYR,1,3,REG,3,REG,8475831.0,8476162.0,,,,,,,,,,,,,,,,,,,,WSH
2013020452,20132014,2,2013-12-08,False,2013-12-09T00:00:00Z,-05:00,-06:00,America/Chicago,OFF,OK,13,Panthers,Florida,de la Floride,FLA,2,16,Blackhawks,Chicago,de Chicago,CHI,6,3,REG,3,REG,8477293.0,8466148.0,,,,,,,,,,,,,,,,,,,,CHI
2013020453,20132014,2,2013-12-08,False,2013-12-09T01:00:00Z,-05:00,-08:00,America/Vancouver,OFF,OK,21,Avalanche,Colorado,du Colorado,COL,1,23,Canucks,Vancouver,de Vancouver,VAN,3,3,REG,3,REG,8466141.0,8470616.0,,,,,,,,,,,,,,,,,,,,VAN
2013020454,20132014,2,2013-12-09,False,2013-12-10T00:30:00Z,-05:00,-05:00,US/Eastern,OFF,OK,4,Flyers,Philadelphia,de Philadelphie,PHI,4,9,Senators,Ottawa,d'Ottawa,OTT,5,5,SO,3,SO,8467950.0,,,Sénateurs,,,,,,,,,,,,,,,,,,OTT
2013020455,20132014,2,2013-12-09,False,2013-12-10T00:30:00Z,-05:00,-05:00,US/Eastern,OFF,OK,29,Blue Jackets,Columbus,de Columbus,CBJ,1,5,Penguins,Pittsburgh,de Pittsburgh,PIT,2,3,REG,3,REG,8470594.0,8471675.0,,,,,,,,,,,,,,,,,,,,PIT
2013020456,20132014,2,2013-12-09,False,2013-12-10T03:00:00Z,-05:00,-08:00,America/Vancouver,OFF,OK,12,Hurricanes,Carolina,de la Caroline,CAR,0,23,Canucks,Vancouver,de Vancouver,VAN,2,3,REG,3,REG,8475663.0,8475690.0,,,,,,,,,,,,,,,,,,,,VAN
2013020457,20132014,2,2013-12-09,False,2013-12-10T03:00:00Z,-05:00,-08:00,America/Los_Angeles,OFF,OK,2,Islanders,New York,de New York,NYI,2,24,Ducks,Anaheim,d'Anaheim,ANA,5,3,REG,3,REG,8473972.0,8475764.0,,,,,,,,,,,,,,,,,,,,ANA
2013020461,20132014,2,2013-12-10,False,2013-12-11T00:00:00Z,-05:00,-05:00,America/Montreal,OFF,OK,26,Kings,Los Angeles,de Los Angeles,LAK,6,8,Canadiens,Montréal,de Montréal,MTL,0,3,REG,3,REG,8474889.0,8475325.0,,,,,,,,,,,,,,,,,,,,LAK
2013020458,20132014,2,2013-12-10,False,2013-12-11T00:00:00Z,-05:00,-05:00,America/New_York,OFF,OK,9,Senators,Ottawa,d'Ottawa,OTT,1,7,Sabres,Buffalo,de Buffalo,BUF,2,5,SO,3,SO,8468011.0,,Sénateurs,,,,,,,,,,,,,,,,,,,BUF
2013020460,20132014,2,2013-12-10,False,2013-12-11T00:00:00Z,-05:00,-05:00,US/Eastern,OFF,OK,1,Devils,New Jersey,du New Jersey,NJD,4,29,Blue Jackets,Columbus,de Columbus,CBJ,5,3,REG,3,REG,8470147.0,8473422.0,,,,,,,,,,,,,,,,,,,,CBJ
2013020459,20132014,2,2013-12-10,False,2013-12-11T00:00:00Z,-05:00,-05:00,US/Eastern,OFF,OK,14,Lightning,Tampa Bay,de Tampa Bay,TBL,5,15,Capitals,Washington,de Washington,WSH,6,5,SO,3,SO,8475831.0,,,,,,,,,,,,,,,,,,,,,WSH
2013020462,20132014,2,2013-12-10,False,2013-12-11T00:30:00Z,-05:00,-05:00,US/Eastern,OFF,OK,17,Red Wings,Detroit,de Detroit,DET,2,13,Panthers,Florida,de la Floride,FLA,3,5,SO,3,SO,8460703.0,,,,,,,,,,,,,,,,,,,,,FLA
2013020463,20132014,2,2013-12-10,False,2013-12-11T00:30:00Z,-05:00,-05:00,America/New_York,OFF,OK,18,Predators,Nashville,de Nashville,NSH,4,3,Rangers,New York,de New York,NYR,1,3,REG,3,REG,8475622.0,8471733.0,,,,,,,,,,,,,,,,,,,,NSH
2013020464,20132014,2,2013-12-10,False,2013-12-11T01:00:00Z,-05:00,-06:00,America/Winnipeg,OFF,OK,19,Blues,St. Louis,de St. Louis,STL,2,52,Jets,Winnipeg,de Winnipeg,WPG,1,3,REG,3,REG,8470880.0,8474031.0,,,,,,,,,,,,,,,,,,,,STL
2013020465,20132014,2,2013-12-10,False,2013-12-11T01:30:00Z,-05:00,-06:00,US/Central,OFF,OK,16,Blackhawks,Chicago,de Chicago,CHI,6,25,Stars,Dallas,de Dallas,DAL,2,3,REG,3,REG,8477293.0,8476438.0,,,,,,,,,,,,,,,,,,,,CHI
2013020466,20132014,2,2013-12-10,False,2013-12-11T02:00:00Z,-05:00,-07:00,America/Denver,OFF,OK,27,Coyotes,Phoenix,de Phoenix,PHX,3,21,Avalanche,Colorado,du Colorado,COL,1,3,REG,3,REG,8471306.0,8475224.0,,,,,,,,,,,,,,,,,,,,PHX
2013020468,20132014,2,2013-12-10,False,2013-12-11T02:30:00Z,-05:00,-07:00,America/Edmonton,OFF,OK,12,Hurricanes,Carolina,de la Caroline,CAR,4,22,Oilers,Edmonton,d'Edmonton,EDM,5,4,OT,3,OT,8471227.0,8474586.0,,,,,,,,,,,,,,,,,,,,EDM
2013020467,20132014,2,2013-12-10,False,2013-12-11T02:30:00Z,-05:00,-07:00,America/Edmonton,OFF,OK,6,Bruins,Boston,de Boston,BOS,2,20,Flames,Calgary,de Calgary,CGY,1,3,REG,3,REG,8471695.0,8475191.0,,,,,,,,,,,,,,,,,,,,BOS
2013020469,20132014,2,2013-12-10,False,2013-12-11T03:30:00Z,-05:00,-08:00,US/Pacific,OFF,OK,2,Islanders,New York,de New York,NYI,3,28,Sharks,San Jose,de San Jose,SJS,2,5,SO,3,SO,8474690.0,,,,,,,,,,,,,,,,,,,,,NYI
2013020470,20132014,2,2013-12-11,False,2013-12-12T00:30:00Z,-05:00,-05:00,America/Toronto,OFF,OK,26,Kings,Los Angeles,de Los Angeles,LAK,3,10,Maple Leafs,Toronto,de Toronto,TOR,1,3,REG,3,REG,8474889.0,8470604.0,,,,,,,,,,,,,,,,,,,,LAK
2013020471,20132014,2,2013-12-11,False,2013-12-12T01:00:00Z,-05:00,-06:00,America/Chicago,OFF,OK,4,Flyers,Philadelphia,de Philadelphie,PHI,2,16,Blackhawks,Chicago,de Chicago,CHI,7,3,REG,3,REG,8477293.0,8462129.0,,,,,,,,,,,,,,,,,,,,CHI
2013020472,20132014,2,2013-12-11,False,2013-12-12T03:30:00Z,-05:00,-08:00,America/Los_Angeles,OFF,OK,30,Wild,Minnesota,du Minnesota,MIN,1,24,Ducks,Anaheim,d'Anaheim,ANA,2,3,REG,3,REG,8473972.0,8470621.0,,,,,,,,,,,,,,,,,,,,ANA
2013020473,20132014,2,2013-12-12,False,2013-12-13T00:00:00Z,-05:00,-05:00,America/New_York,OFF,OK,29,Blue Jackets,Columbus,de Columbus,CBJ,4,3,Rangers,New York,de New York,NYR,2,3,REG,3,REG,8470147.0,8475233.0,,,,,,,,,,,,,,,,,,,,CBJ
2013020474,20132014,2,2013-12-12,False,2013-12-13T00:00:00Z,-05:00,-05:00,US/Eastern,OFF,OK,8,Canadiens,Montréal,de Montréal,MTL,1,4,Flyers,Philadelphia,de Philadelphie,PHI,2,3,REG,3,REG,8473461.0,8473512.0,,,,,,,,,,,,,,,,,,,,PHI
2013020475,20132014,2,2013-12-12,False,2013-12-13T00:30:00Z,-05:00,-05:00,US/Eastern,OFF,OK,7,Sabres,Buffalo,de Buffalo,BUF,1,9,Senators,Ottawa,d'Ottawa,OTT,2,3,REG,3,REG,8467950.0,8474250.0,,Sénateurs,,,,,,,,,,,,,,,,,,OTT
2013020476,20132014,2,2013-12-12,False,2013-12-13T00:30:00Z,-05:00,-05:00,US/Eastern,OFF,OK,17,Red Wings,Detroit,de Detroit,DET,1,14,Lightning,Tampa Bay,de Tampa Bay,TBL,2,5,SO,3,SO,8471750.0,,,,,,,,,,,,,,,,,,,,,TBL
2013020478,20132014,2,2013-12-12,False,2013-12-13T01:00:00Z,-05:00,-06:00,US/Central,OFF,OK,25,Stars,Dallas,de Dallas,DAL,1,18,Predators,Nashville,de Nashville,NSH,3,3,REG,3,REG,8475622.0,8467330.0,,,,,,,,,,,,,,,,,,,,NSH
2013020479,20132014,2,2013-12-12,False,2013-12-13T01:00:00Z,-05:00,-06:00,America/Winnipeg,OFF,OK,21,Avalanche,Colorado,du Colorado,COL,4,52,Jets,Winnipeg,de Winnipeg,WPG,3,5,SO,3,SO,8473575.0,,,,,,,,,,,,,,,,,,,,,COL
2013020477,20132014,2,2013-12-12,False,2013-12-13T01:00:00Z,-05:00,-06:00,US/Central,OFF,OK,10,Maple Leafs,Toronto,de Toronto,TOR,3,19,Blues,St. Louis,de St. Louis,STL,6,3,REG,3,REG,8470880.0,8473485.0,,,,,,,,,,,,,,,,,,,,STL
2013020480,20132014,2,2013-12-12,False,2013-12-13T02:00:00Z,-05:00,-07:00,America/Edmonton,OFF,OK,12,Hurricanes,Carolina,de la Caroline,CAR,1,20,Flames,Calgary,de Calgary,CGY,2,4,OT,3,OT,8471403.0,8471761.0,,,,,,,,,,,,,,,,,,,,CGY
2013020481,20132014,2,2013-12-12,False,2013-12-13T02:00:00Z,-05:00,-07:00,America/Phoenix,OFF,OK,2,Islanders,New York,de New York,NYI,3,27,Coyotes,Phoenix,de Phoenix,PHX,6,3,REG,3,REG,8469608.0,8467371.0,,,,,,,,,,,,,,,,,,,,PHX
2013020482,20132014,2,2013-12-12,False,2013-12-13T02:30:00Z,-05:00,-07:00,America/Edmonton,OFF,OK,6,Bruins,Boston,de Boston,BOS,4,22,Oilers,Edmonton,d'Edmonton,EDM,2,3,REG,3,REG,8473434.0,8473419.0,,,,,,,,,,,,,,,,,,,,BOS
2013020483,20132014,2,2013-12-12,False,2013-12-13T03:30:00Z,-05:00,-08:00,US/Pacific,OFF,OK,30,Wild,Minnesota,du Minnesota,MIN,1,28,Sharks,San Jose,de San Jose,SJS,3,3,REG,3,REG,8474550.0,8476881.0,,,,,,,,,,,,,,,,,,,,SJS
2013020484,20132014,2,2013-12-13,False,2013-12-14T00:00:00Z,-05:00,-05:00,US/Eastern,OFF,OK,1,Devils,New Jersey,du New Jersey,NJD,2,5,Penguins,Pittsburgh,de Pittsburgh,PIT,3,3,REG,3,REG,8470594.0,8477126.0,,,,,,,,,,,,,,,,,,,,PIT
2013020485,20132014,2,2013-12-13,False,2013-12-14T00:30:00Z,-05:00,-05:00,US/Eastern,OFF,OK,15,Capitals,Washington,de Washington,WSH,2,13,Panthers,Florida,de la Floride,FLA,3,5,SO,3,SO,8466339.0,,,,,,,,,,,,,,,,,,,,,FLA
2013020486,20132014,2,2013-12-13,False,2013-12-14T02:00:00Z,-05:00,-08:00,America/Vancouver,OFF,OK,22,Oilers,Edmonton,d'Edmonton,EDM,0,23,Canucks,Vancouver,de Vancouver,VAN,4,3,REG,3,REG,8466141.0,8467875.0,,,,,,,,,,,,,,,,,,,,VAN
2013020488,20132014,2,2013-12-14,False,2013-12-14T19:00:00Z,-05:00,-05:00,US/Eastern,OFF,OK,26,Kings,Los Angeles,de Los Angeles,LAK,5,9,Senators,Ottawa,d'Ottawa,OTT,2,3,REG,3,REG,8474889.0,8471685.0,,Sénateurs,,,,,,,,,,,,,,,,,,LAK
2013020487,20132014,2,2013-12-14,False,2013-12-14T19:00:00Z,-05:00,-05:00,America/New_York,OFF,OK,20,Flames,Calgary,de Calgary,CGY,2,7,Sabres,Buffalo,de Buffalo,BUF,1,4,OT,3,OT,8471403.0,8470162.0,,,,,,,,,,,,,,,,,,,,CGY
2013020489,20132014,2,2013-12-14,False,2013-12-14T20:00:00Z,-05:00,-06:00,America/Winnipeg,OFF,OK,25,Stars,Dallas,de Dallas,DAL,6,52,Jets,Winnipeg,de Winnipeg,WPG,4,3,REG,3,REG,8470140.0,8475794.0,,,,,,,,,,,,,,,,,,,,DAL
2013020494,20132014,2,2013-12-14,False,2013-12-15T00:00:00Z,-05:00,-05:00,US/Eastern,OFF,OK,19,Blues,St. Louis,de St. Louis,STL,4,29,Blue Jackets,Columbus,de Columbus,CBJ,3,4,OT,3,OT,8470860.0,8470655.0,,,,,,,,,,,,,,,,,,,,STL
2013020492,20132014,2,2013-12-14,False,2013-12-15T00:00:00Z,-05:00,-05:00,US/Eastern,OFF,OK,14,Lightning,Tampa Bay,de Tampa Bay,TBL,0,1,Devils,New Jersey,du New Jersey,NJD,3,3,REG,3,REG,8455710.0,8477059.0,,,,,,,,,,,,,,,,,,,,NJD
2013020491,20132014,2,2013-12-14,False,2013-12-15T00:00:00Z,-05:00,-05:00,America/Detroit,OFF,OK,5,Penguins,Pittsburgh,de Pittsburgh,PIT,4,17,Red Wings,Detroit,de Detroit,DET,1,3,REG,3,REG,8473553.0,8471215.0,,,,,,,,,,,,,,,,,,,,PIT
2013020490,20132014,2,2013-12-14,False,2013-12-15T00:00:00Z,-05:00,-05:00,America/Toronto,OFF,OK,16,Blackhawks,Chicago,de Chicago,CHI,3,10,Maple Leafs,Toronto,de Toronto,TOR,7,3,REG,3,REG,8473541.0,8473579.0,,,,,,,,,,,,,,,,,,,,TOR
2013020493,20132014,2,2013-12-14,False,2013-12-15T00:00:00Z,-05:00,-05:00,America/New_York,OFF,OK,8,Canadiens,Montréal,de Montréal,MTL,1,2,Islanders,New York,de New York,NYI,0,4,OT,3,OT,8471679.0,8474157.0,,,,,,,,,,,,,,,,,,,,MTL
2013020496,20132014,2,2013-12-14,False,2013-12-15T01:00:00Z,-05:00,-07:00,America/Phoenix,OFF,OK,12,Hurricanes,Carolina,de la Caroline,CAR,3,27,Coyotes,Phoenix,de Phoenix,PHX,1,3,REG,3,REG,8471251.0,8475784.0,,,,,,,,,,,,,,,,,,,,CAR
2013020495,20132014,2,2013-12-14,False,2013-12-15T01:00:00Z,-05:00,-06:00,US/Central,OFF,OK,28,Sharks,San Jose,de San Jose,SJS,2,18,Predators,Nashville,de Nashville,NSH,3,3,REG,3,REG,8475622.0,8473537.0,,,,,,,,,,,,,,,,,,,,NSH
2013020497,20132014,2,2013-12-14,False,2013-12-15T02:00:00Z,-05:00,-07:00,America/Denver,OFF,OK,30,Wild,Minnesota,du Minnesota,MIN,2,21,Avalanche,Colorado,du Colorado,COL,1,5,SO,3,SO,8470216.0,,,,,,,,,,,,,,,,,,,,,MIN
2013020498,20132014,2,2013-12-14,False,2013-12-15T03:00:00Z,-05:00,-08:00,America/Vancouver,OFF,OK,6,Bruins,Boston,de Boston,BOS,2,23,Canucks,Vancouver,de Vancouver,VAN,6,3,REG,3,REG,8466141.0,8470274.0,,,,,,,,,,,,,,,,,,,,VAN
2013020499,20132014,2,2013-12-15,False,2013-12-15T20:00:00Z,-05:00,-05:00,US/Eastern,OFF,OK,4,Flyers,Philadelphia,de Philadelphie,PHI,4,15,Capitals,Washington,de Washington,WSH,5,5,SO,3,SO,8475831.0,,,,,,,,,,,,,,,,,,,,,WSH
2013020500,20132014,2,2013-12-15,False,2013-12-15T22:00:00Z,-05:00,-05:00,America/Detroit,OFF,OK,14,Lightning,Tampa Bay,de Tampa Bay,TBL,3,17,Red Wings,Detroit,de Detroit,DET,0,3,REG,3,REG,8471750.0,8474870.0,,,,,,,,,,,,,,,,,,,,TBL
2013020501,20132014,2,2013-12-15,False,2013-12-15T23:00:00Z,-05:00,-05:00,America/Montreal,OFF,OK,13,Panthers,Florida,de la Floride,FLA,2,8,Canadiens,Montréal,de Montréal,MTL,1,3,REG,3,REG,8466339.0,8475760.0,,,,,,,,,,,,,,,,,,,,FLA
2013020503,20132014,2,2013-12-15,False,2013-12-16T00:00:00Z,-05:00,-06:00,America/Chicago,OFF,OK,26,Kings,Los Angeles,de Los Angeles,LAK,1,16,Blackhawks,Chicago,de Chicago,CHI,3,3,REG,3,REG,8477293.0,8471346.0,,,,,,,,,,,,,,,,,,,,CHI
2013020502,20132014,2,2013-12-15,False,2013-12-16T00:00:00Z,-05:00,-05:00,America/New_York,OFF,OK,20,Flames,Calgary,de Calgary,CGY,3,3,Rangers,New York,de New York,NYR,4,5,SO,3,SO,8468685.0,,,,,,,,,,,,,,,,,,,,,NYR
2013020504,20132014,2,2013-12-15,False,2013-12-16T01:00:00Z,-05:00,-08:00,America/Los_Angeles,OFF,OK,22,Oilers,Edmonton,d'Edmonton,EDM,2,24,Ducks,Anaheim,d'Anaheim,ANA,3,3,REG,3,REG,8473972.0,8471208.0,,,,,,,,,,,,,,,,,,,,ANA
2013020506,20132014,2,2013-12-16,False,2013-12-17T00:00:00Z,-05:00,-05:00,US/Eastern,OFF,OK,52,Jets,Winnipeg,de Winnipeg,WPG,3,29,Blue Jackets,Columbus,de Columbus,CBJ,2,3,REG,3,REG,8471219.0,8475169.0,,,,,,,,,,,,,,,,,,,,WPG
2013020505,20132014,2,2013-12-16,False,2013-12-17T00:00:00Z,-05:00,-05:00,US/Eastern,OFF,OK,10,Maple Leafs,Toronto,de Toronto,TOR,1,5,Penguins,Pittsburgh,de Pittsburgh,PIT,3,3,REG,3,REG,8470594.0,8471675.0,,,,,,,,,,,,,,,,,,,,PIT
2013020507,20132014,2,2013-12-16,False,2013-12-17T00:30:00Z,-05:00,-05:00,US/Eastern,OFF,OK,19,Blues,St. Louis,de St. Louis,STL,2,9,Senators,Ottawa,d'Ottawa,OTT,3,4,OT,3,OT,8475215.0,8476879.0,,Sénateurs,,,,,,,,,,,,,,,,,,OTT
2013020508,20132014,2,2013-12-16,False,2013-12-17T02:00:00Z,-05:00,-07:00,America/Denver,OFF,OK,25,Stars,Dallas,de Dallas,DAL,2,21,Avalanche,Colorado,du Colorado,COL,6,3,REG,3,REG,8473575.0,8470378.0,,,,,,,,,,,,,,,,,,,,COL
2013020509,20132014,2,2013-12-17,False,2013-12-18T00:00:00Z,-05:00,-05:00,US/Eastern,OFF,OK,20,Flames,Calgary,de Calgary,CGY,0,6,Bruins,Boston,de Boston,BOS,2,3,REG,3,REG,8471695.0,8465009.0,,,,,,,,,,,,,,,,,,,,BOS
2013020511,20132014,2,2013-12-17,False,2013-12-18T00:00:00Z,-05:00,-05:00,America/Toronto,OFF,OK,13,Panthers,Florida,de la Floride,FLA,3,10,Maple Leafs,Toronto,de Toronto,TOR,1,3,REG,3,REG,8466339.0,8470176.0,,,,,,,,,,,,,,,,,,,,FLA
2013020510,20132014,2,2013-12-17,False,2013-12-18T00:00:00Z,-05:00,-05:00,America/New_York,OFF,OK,52,Jets,Winnipeg,de Winnipeg,WPG,2,7,Sabres,Buffalo,de Buffalo,BUF,4,3,REG,3,REG,8468011.0,8470852.0,,,,,,,,,,,,,,,,,,,,BUF
2013020512,20132014,2,2013-12-17,False,2013-12-18T00:00:00Z,-05:00,-05:00,America/New_York,OFF,OK,14,Lightning,Tampa Bay,de Tampa Bay,TBL,3,2,Islanders,New York,de New York,NYI,2,5,SO,3,SO,8471750.0,,,,,,,,,,,,,,,,,,,,,TBL
2013020515,20132014,2,2013-12-17,False,2013-12-18T00:30:00Z,-05:00,-05:00,US/Eastern,OFF,OK,15,Capitals,Washington,de Washington,WSH,2,4,Flyers,Philadelphia,de Philadelphie,PHI,5,3,REG,3,REG,8473461.0,8468309.0,,,,,,,,,,,,,,,,,,,,PHI
2013020514,20132014,2,2013-12-17,False,2013-12-18T00:30:00Z,-05:00,-05:00,America/Detroit,OFF,OK,24,Ducks,Anaheim,d'Anaheim,ANA,5,17,Red Wings,Detroit,de Detroit,DET,2,3,REG,3,REG,8473972.0,8470621.0,,,,,,,,,,,,,,,,,,,,ANA
2013020513,20132014,2,2013-12-17,False,2013-12-18T00:30:00Z,-05:00,-05:00,America/Montreal,OFF,OK,27,Coyotes,Phoenix,de Phoenix,PHX,1,8,Canadiens,Montréal,de Montréal,MTL,3,3,REG,3,REG,8471679.0,8474157.0,,,,,,,,,,,,,,,,,,,,MTL
2013020516,20132014,2,2013-12-17,False,2013-12-18T01:00:00Z,-05:00,-06:00,US/Central,OFF,OK,28,Sharks,San Jose,de San Jose,SJS,4,19,Blues,St. Louis,de St. Louis,STL,2,3,REG,3,REG,8474550.0,8470613.0,,,,,,,,,,,,,,,,,,,,SJS
2013020517,20132014,2,2013-12-17,False,2013-12-18T01:00:00Z,-05:00,-06:00,US/Central,OFF,OK,16,Blackhawks,Chicago,de Chicago,CHI,3,18,Predators,Nashville,de Nashville,NSH,1,3,REG,3,REG,8477293.0,8474141.0,,,,,,,,,,,,,,,,,,,,CHI
2013020518,20132014,2,2013-12-17,False,2013-12-18T01:00:00Z,-05:00,-06:00,US/Central,OFF,OK,23,Canucks,Vancouver,de Vancouver,VAN,2,30,Wild,Minnesota,du Minnesota,MIN,3,5,SO,3,SO,8470216.0,,,,,,,,,,,,,,,,,,,,,MIN
2013020519,20132014,2,2013-12-17,False,2013-12-18T01:30:00Z,-05:00,-06:00,US/Central,OFF,OK,21,Avalanche,Colorado,du Colorado,COL,2,25,Stars,Dallas,de Dallas,DAL,3,3,REG,3,REG,8468540.0,8474098.0,,,,,,,,,,,,,,,,,,,,DAL
2013020520,20132014,2,2013-12-17,False,2013-12-18T03:30:00Z,-05:00,-08:00,America/Los_Angeles,OFF,OK,22,Oilers,Edmonton,d'Edmonton,EDM,0,26,Kings,Los Angeles,de Los Angeles,LAK,3,3,REG,3,REG,8474889.0,8474100.0,,,,,,,,,,,,,,,,,,,,LAK
2013020521,20132014,2,2013-12-18,False,2013-12-19T00:30:00Z,-05:00,-05:00,US/Eastern,OFF,OK,9,Senators,Ottawa,d'Ottawa,OTT,2,1,Devils,New Jersey,du New Jersey,NJD,5,3,REG,3,REG,8455710.0,8448208.0,Sénateurs,,,,,,,,,,,,,,,,,,,NJD
2013020522,20132014,2,2013-12-18,False,2013-12-19T01:00:00Z,-05:00,-05:00,America/New_York,OFF,OK,5,Penguins,Pittsburgh,de Pittsburgh,PIT,4,3,Rangers,New York,de New York,NYR,3,5,SO,3,SO,8470594.0,,,,,,,,,,,,,,,,,,,,,PIT
2013020525,20132014,2,2013-12-19,False,2013-12-20T00:00:00Z,-05:00,-05:00,US/Eastern,OFF,OK,29,Blue Jackets,Columbus,de Columbus,CBJ,4,4,Flyers,Philadelphia,de Philadelphie,PHI,5,3,REG,3,REG,8473461.0,8473512.0,,,,,,,,,,,,,,,,,,,,PHI
2013020523,20132014,2,2013-12-19,False,2013-12-20T00:00:00Z,-05:00,-05:00,America/New_York,OFF,OK,6,Bruins,Boston,de Boston,BOS,2,7,Sabres,Buffalo,de Buffalo,BUF,4,3,REG,3,REG,8468011.0,8471226.0,,,,,,,,,,,,,,,,,,,,BUF
2013020526,20132014,2,2013-12-19,False,2013-12-20T00:00:00Z,-05:00,-05:00,US/Eastern,OFF,OK,30,Wild,Minnesota,du Minnesota,MIN,2,5,Penguins,Pittsburgh,de Pittsburgh,PIT,5,3,REG,3,REG,8473553.0,8471702.0,,,,,,,,,,,,,,,,,,,,PIT
2013020524,20132014,2,2013-12-19,False,2013-12-20T00:00:00Z,-05:00,-05:00,America/Toronto,OFF,OK,27,Coyotes,Phoenix,de Phoenix,PHX,1,10,Maple Leafs,Toronto,de Toronto,TOR,2,5,SO,3,SO,8473503.0,,,,,,,,,,,,,,,,,,,,,TOR
2013020529,20132014,2,2013-12-19,False,2013-12-20T00:30:00Z,-05:00,-05:00,US/Eastern,OFF,OK,18,Predators,Nashville,de Nashville,NSH,2,14,Lightning,Tampa Bay,de Tampa Bay,TBL,4,3,REG,3,REG,8474765.0,8473962.0,,,,,,,,,,,,,,,Lindbäck,,,,,TBL
2013020527,20132014,2,2013-12-19,False,2013-12-20T00:30:00Z,-05:00,-05:00,US/Eastern,OFF,OK,13,Panthers,Florida,de la Floride,FLA,4,9,Senators,Ottawa,d'Ottawa,OTT,2,3,REG,3,REG,8466339.0,8470104.0,,Sénateurs,,,,,,,,,,,,,,,,,,FLA
2013020528,20132014,2,2013-12-19,False,2013-12-20T00:30:00Z,-05:00,-05:00,America/Detroit,OFF,OK,20,Flames,Calgary,de Calgary,CGY,2,17,Red Wings,Detroit,de Detroit,DET,3,4,OT,3,OT,8475361.0,8460621.0,,,,,,,,,,,,,,,,,,,,DET
2013020530,20132014,2,2013-12-19,False,2013-12-20T01:00:00Z,-05:00,-06:00,US/Central,OFF,OK,8,Canadiens,Montréal,de Montréal,MTL,1,19,Blues,St. Louis,de St. Louis,STL,5,3,REG,3,REG,8470860.0,8470257.0,,,,,,,,,,,,,,,,,,,,STL
2013020531,20132014,2,2013-12-19,False,2013-12-20T01:30:00Z,-05:00,-06:00,US/Central,OFF,OK,23,Canucks,Vancouver,de Vancouver,VAN,1,25,Stars,Dallas,de Dallas,DAL,4,3,REG,3,REG,8470140.0,8474098.0,,,,,,,,,,,,,,,,,,,,DAL
2013020532,20132014,2,2013-12-19,False,2013-12-20T02:30:00Z,-05:00,-07:00,America/Denver,OFF,OK,22,Oilers,Edmonton,d'Edmonton,EDM,2,21,Avalanche,Colorado,du Colorado,COL,4,3,REG,3,REG,8473575.0,8470171.0,,,,,,,,,,,,,,,,,,,,COL
2013020533,20132014,2,2013-12-19,False,2013-12-20T03:30:00Z,-05:00,-08:00,America/Los_Angeles,OFF,OK,28,Sharks,San Jose,de San Jose,SJS,1,26,Kings,Los Angeles,de Los Angeles,LAK,4,3,REG,3,REG,8474889.0,8475726.0,,,,,,,,,,,,,,,,,,,,LAK
2013020534,20132014,2,2013-12-20,False,2013-12-21T00:00:00Z,-05:00,-05:00,US/Eastern,OFF,OK,24,Ducks,Anaheim,d'Anaheim,ANA,3,1,Devils,New Jersey,du New Jersey,NJD,2,4,OT,3,OT,8473972.0,8475151.0,,,,,,,,,,,,,,,,,,,,ANA
2013020535,20132014,2,2013-12-20,False,2013-12-21T00:00:00Z,-05:00,-05:00,America/New_York,OFF,OK,2,Islanders,New York,de New York,NYI,5,3,Rangers,New York,de New York,NYR,3,3,REG,3,REG,8460705.0,8470598.0,,,,,,,,,,,,,,,,,,,,NYI
2013020536,20132014,2,2013-12-20,False,2013-12-21T00:00:00Z,-05:00,-05:00,US/Eastern,OFF,OK,15,Capitals,Washington,de Washington,WSH,4,12,Hurricanes,Carolina,de la Caroline,CAR,2,3,REG,3,REG,8475831.0,8471426.0,,,,,,,,,,,,,,,,,,,,WSH
2013020538,20132014,2,2013-12-20,False,2013-12-21T01:00:00Z,-05:00,-06:00,America/Winnipeg,OFF,OK,13,Panthers,Florida,de la Floride,FLA,2,52,Jets,Winnipeg,de Winnipeg,WPG,5,3,REG,3,REG,8471715.0,8471218.0,,,,,,,,,,,,,,,,,,,,WPG
2013020537,20132014,2,2013-12-20,False,2013-12-21T01:00:00Z,-05:00,-06:00,America/Chicago,OFF,OK,23,Canucks,Vancouver,de Vancouver,VAN,3,16,Blackhawks,Chicago,de Chicago,CHI,2,5,SO,3,SO,8475663.0,,,,,,,,,,,,,,,,,,,,,VAN
2013020545,20132014,2,2013-12-21,False,2013-12-21T18:00:00Z,-05:00,-05:00,US/Eastern,OFF,OK,20,Flames,Calgary,de Calgary,CGY,3,5,Penguins,Pittsburgh,de Pittsburgh,PIT,4,3,REG,3,REG,8470594.0,8471702.0,,,,,,,,,,,,,,,,,,,,PIT
2013020539,20132014,2,2013-12-21,False,2013-12-21T19:00:00Z,-05:00,-05:00,US/Eastern,OFF,OK,27,Coyotes,Phoenix,de Phoenix,PHX,4,9,Senators,Ottawa,d'Ottawa,OTT,3,4,OT,3,OT,8469608.0,8468535.0,,Sénateurs,,,,,,,,,,,,,,,,,,PHX
2013020540,20132014,2,2013-12-21,False,2013-12-21T21:00:00Z,-05:00,-08:00,America/Los_Angeles,OFF,OK,21,Avalanche,Colorado,du Colorado,COL,2,26,Kings,Los Angeles,de Los Angeles,LAK,3,5,SO,3,SO,8474889.0,,,,,,,,,,,,,,,,,,,,,LAK
2013020548,20132014,2,2013-12-21,False,2013-12-22T00:00:00Z,-05:00,-06:00,US/Central,OFF,OK,8,Canadiens,Montréal,de Montréal,MTL,4,18,Predators,Nashville,de Nashville,NSH,3,4,OT,3,OT,8471679.0,8471976.0,,,,,,,,,,,,,,,,,,,,MTL
2013020541,20132014,2,2013-12-21,False,2013-12-22T00:00:00Z,-05:00,-05:00,US/Eastern,OFF,OK,7,Sabres,Buffalo,de Buffalo,BUF,1,6,Bruins,Boston,de Boston,BOS,4,3,REG,3,REG,8471695.0,8471276.0,,,,,,,,,,,,,,,,,,,,BOS
2013020547,20132014,2,2013-12-21,False,2013-12-22T00:00:00Z,-05:00,-05:00,US/Eastern,OFF,OK,4,Flyers,Philadelphia,de Philadelphie,PHI,3,29,Blue Jackets,Columbus,de Columbus,CBJ,6,3,REG,3,REG,8470147.0,8476432.0,,,,,,,,,,,,,,,,,,,,CBJ
2013020543,20132014,2,2013-12-21,False,2013-12-22T00:00:00Z,-05:00,-05:00,US/Eastern,OFF,OK,12,Hurricanes,Carolina,de la Caroline,CAR,2,14,Lightning,Tampa Bay,de Tampa Bay,TBL,3,4,OT,3,OT,8471750.0,8475462.0,,,,,,,,,,,,,,,,,,,,TBL
2013020546,20132014,2,2013-12-21,False,2013-12-22T00:00:00Z,-05:00,-05:00,US/Eastern,OFF,OK,1,Devils,New Jersey,du New Jersey,NJD,5,15,Capitals,Washington,de Washington,WSH,4,4,OT,3,OT,8455710.0,8472382.0,,,,,,,,,,,,,,,,,,,,NJD
2013020544,20132014,2,2013-12-21,False,2013-12-22T00:00:00Z,-05:00,-05:00,America/New_York,OFF,OK,24,Ducks,Anaheim,d'Anaheim,ANA,5,2,Islanders,New York,de New York,NYI,3,3,REG,3,REG,8475883.0,8475151.0,,,,,,,,,,,,,,,,,,,,ANA
2013020542,20132014,2,2013-12-21,False,2013-12-22T00:00:00Z,-05:00,-05:00,America/Toronto,OFF,OK,17,Red Wings,Detroit,de Detroit,DET,5,10,Maple Leafs,Toronto,de Toronto,TOR,4,5,SO,3,SO,8475361.0,,,,,,,,,,,,,,,,,,,,,DET
2013020549,20132014,2,2013-12-21,False,2013-12-22T03:00:00Z,-05:00,-07:00,America/Edmonton,OFF,OK,19,Blues,St. Louis,de St. Louis,STL,6,22,Oilers,Edmonton,d'Edmonton,EDM,0,3,REG,3,REG,8470880.0,8473485.0,,,,,,,,,,,,,,,,,,,,STL
2013020550,20132014,2,2013-12-21,False,2013-12-22T03:30:00Z,-05:00,-08:00,US/Pacific,OFF,OK,25,Stars,Dallas,de Dallas,DAL,2,28,Sharks,San Jose,de San Jose,SJS,3,5,SO,3,SO,8471774.0,,,,,,,,,,,,,,,,,,,,,SJS
2013020551,20132014,2,2013-12-22,False,2013-12-23T00:30:00Z,-05:00,-05:00,America/New_York,OFF,OK,30,Wild,Minnesota,du Minnesota,MIN,1,3,Rangers,New York,de New York,NYR,4,3,REG,3,REG,8475660.0,8474176.0,,,,,,,,,,,,,,,,,,,,NYR
2013020552,20132014,2,2013-12-22,False,2013-12-23T01:00:00Z,-05:00,-08:00,America/Vancouver,OFF,OK,52,Jets,Winnipeg,de Winnipeg,WPG,1,23,Canucks,Vancouver,de Vancouver,VAN,2,3,REG,3,REG,8475663.0,8475690.0,,,,,,,,,,,,,,,,,,,,VAN
2013020554,20132014,2,2013-12-23,False,2013-12-24T00:00:00Z,-05:00,-05:00,America/New_York,OFF,OK,10,Maple Leafs,Toronto,de Toronto,TOR,1,3,Rangers,New York,de New York,NYR,2,5,SO,3,SO,8475660.0,,,,,,,,,,,,,,,,,,,,,NYR
2013020555,20132014,2,2013-12-23,False,2013-12-24T00:00:00Z,-05:00,-05:00,US/Eastern,OFF,OK,24,Ducks,Anaheim,d'Anaheim,ANA,3,15,Capitals,Washington,de Washington,WSH,2,3,REG,3,REG,8473972.0,8476854.0,,,,,,,,,,,,,,,,,,,,ANA
2013020553,20132014,2,2013-12-23,False,2013-12-24T00:00:00Z,-05:00,-05:00,America/New_York,OFF,OK,27,Coyotes,Phoenix,de Phoenix,PHX,1,7,Sabres,Buffalo,de Buffalo,BUF,2,4,OT,3,OT,8468011.0,8475796.0,,,,,,,,,,,,,,,,,,,,BUF
2013020556,20132014,2,2013-12-23,False,2013-12-24T00:00:00Z,-05:00,-05:00,US/Eastern,OFF,OK,29,Blue Jackets,Columbus,de Columbus,CBJ,4,12,Hurricanes,Carolina,de la Caroline,CAR,3,3,REG,3,REG,8470093.0,8471681.0,,,,,,,,,,,,,,,,,,,,CBJ
2013020560,20132014,2,2013-12-23,False,2013-12-24T00:30:00Z,-05:00,-05:00,US/Eastern,OFF,OK,30,Wild,Minnesota,du Minnesota,MIN,1,4,Flyers,Philadelphia,de Philadelphie,PHI,4,3,REG,3,REG,8473461.0,8474190.0,,,,,,,,,,,,,,,,,,,,PHI
2013020558,20132014,2,2013-12-23,False,2013-12-24T00:30:00Z,-05:00,-05:00,America/Detroit,OFF,OK,2,Islanders,New York,de New York,NYI,3,17,Red Wings,Detroit,de Detroit,DET,0,3,REG,3,REG,8460705.0,8473449.0,,,,,,,,,,,,,,,,,,,,NYI
2013020557,20132014,2,2013-12-23,False,2013-12-24T00:30:00Z,-05:00,-05:00,US/Eastern,OFF,OK,5,Penguins,Pittsburgh,de Pittsburgh,PIT,0,9,Senators,Ottawa,d'Ottawa,OTT,5,3,REG,3,REG,8467950.0,8474250.0,,Sénateurs,,,,,,,,,,,,,,,,,,OTT
2013020559,20132014,2,2013-12-23,False,2013-12-24T00:30:00Z,-05:00,-05:00,US/Eastern,OFF,OK,14,Lightning,Tampa Bay,de Tampa Bay,TBL,6,13,Panthers,Florida,de la Floride,FLA,1,3,REG,3,REG,8471750.0,8474870.0,,,,,,,,,,,,,,,,,,,,TBL
2013020561,20132014,2,2013-12-23,False,2013-12-24T01:00:00Z,-05:00,-06:00,America/Chicago,OFF,OK,1,Devils,New Jersey,du New Jersey,NJD,2,16,Blackhawks,Chicago,de Chicago,CHI,5,3,REG,3,REG,8477293.0,8471254.0,,,,,,,,,,,,,,,,,,,,CHI
2013020562,20132014,2,2013-12-23,False,2013-12-24T01:00:00Z,-05:00,-06:00,US/Central,OFF,OK,6,Bruins,Boston,de Boston,BOS,6,18,Predators,Nashville,de Nashville,NSH,2,3,REG,3,REG,8471695.0,8475191.0,,,,,,,,,,,,,,,,,,,,BOS
2013020563,20132014,2,2013-12-23,False,2013-12-24T01:00:00Z,-05:00,-07:00,America/Edmonton,OFF,OK,19,Blues,St. Louis,de St. Louis,STL,3,20,Flames,Calgary,de Calgary,CGY,4,5,SO,3,SO,8473499.0,,,,,,,,,,,,,,,,,,,,,CGY
2013020564,20132014,2,2013-12-23,False,2013-12-24T02:30:00Z,-05:00,-07:00,America/Edmonton,OFF,OK,52,Jets,Winnipeg,de Winnipeg,WPG,2,22,Oilers,Edmonton,d'Edmonton,EDM,6,3,REG,3,REG,8468524.0,8474102.0,,,,,,,,,,,,,,,,,,,,EDM
2013020565,20132014,2,2013-12-23,False,2013-12-24T03:30:00Z,-05:00,-08:00,America/Los_Angeles,OFF,OK,25,Stars,Dallas,de Dallas,DAL,5,26,Kings,Los Angeles,de Los Angeles,LAK,2,3,REG,3,REG,8470140.0,8477501.0,,,,,,,,,,,,,,,,,,,,DAL
2013020566,20132014,2,2013-12-23,False,2013-12-24T03:30:00Z,-05:00,-08:00,US/Pacific,OFF,OK,21,Avalanche,Colorado,du Colorado,COL,4,28,Sharks,San Jose,de San Jose,SJS,5,5,SO,3,SO,8474550.0,,,,,,,,,,,,,,,,,,,,,SJS
2013020569,20132014,2,2013-12-27,False,2013-12-28T00:00:00Z,-05:00,-05:00,US/Eastern,OFF,OK,29,Blue Jackets,Columbus,de Columbus,CBJ,2,1,Devils,New Jersey,du New Jersey,NJD,1,5,SO,3,SO,8470147.0,,,,,,,,,,,,,,,,,,,,,CBJ
2013020567,20132014,2,2013-12-27,False,2013-12-28T00:00:00Z,-05:00,-05:00,US/Eastern,OFF,OK,9,Senators,Ottawa,d'Ottawa,OTT,0,6,Bruins,Boston,de Boston,BOS,5,3,REG,3,REG,8471695.0,8462042.0,Sénateurs,,,,,,,,,,,,,,,,,,,BOS
2013020571,20132014,2,2013-12-27,False,2013-12-28T00:00:00Z,-05:00,-05:00,US/Eastern,OFF,OK,5,Penguins,Pittsburgh,de Pittsburgh,PIT,4,12,Hurricanes,Carolina,de la Caroline,CAR,3,4,OT,3,OT,8470594.0,8471707.0,,,,,,,,,,,,,,,,,,,,PIT
2013020570,20132014,2,2013-12-27,False,2013-12-28T00:00:00Z,-05:00,-05:00,US/Eastern,OFF,OK,3,Rangers,New York,de New York,NYR,2,15,Capitals,Washington,de Washington,WSH,3,3,REG,3,REG,8475831.0,8470611.0,,,,,,,,,,,,,,,,,,,,WSH
2013020568,20132014,2,2013-12-27,False,2013-12-28T00:30:00Z,-05:00,-05:00,America/Toronto,OFF,OK,7,Sabres,Buffalo,de Buffalo,BUF,3,10,Maple Leafs,Toronto,de Toronto,TOR,4,5,SO,3,SO,8473541.0,,,,,,,,,,,,,,,,,,,,,TOR
2013020573,20132014,2,2013-12-27,False,2013-12-28T01:00:00Z,-05:00,-06:00,America/Winnipeg,OFF,OK,30,Wild,Minnesota,du Minnesota,MIN,4,52,Jets,Winnipeg,de Winnipeg,WPG,6,3,REG,3,REG,8471219.0,8471218.0,,,,,,,,,,,,,,,,,,,,WPG
2013020572,20132014,2,2013-12-27,False,2013-12-28T01:00:00Z,-05:00,-06:00,America/Chicago,OFF,OK,21,Avalanche,Colorado,du Colorado,COL,2,16,Blackhawks,Chicago,de Chicago,CHI,7,3,REG,3,REG,8477293.0,8469544.0,,,,,,,,,,,,,,,,,,,,CHI
2013020574,20132014,2,2013-12-27,False,2013-12-28T01:30:00Z,-05:00,-06:00,US/Central,OFF,OK,18,Predators,Nashville,de Nashville,NSH,1,25,Stars,Dallas,de Dallas,DAL,4,3,REG,3,REG,8470140.0,8467396.0,,,,,,,,,,,,,,,,,,,,DAL
2013020575,20132014,2,2013-12-27,False,2013-12-28T02:00:00Z,-05:00,-07:00,America/Edmonton,OFF,OK,22,Oilers,Edmonton,d'Edmonton,EDM,2,20,Flames,Calgary,de Calgary,CGY,0,3,REG,3,REG,8471227.0,8460496.0,,,,,,,,,,,,,,,,,,,,EDM
2013020576,20132014,2,2013-12-27,False,2013-12-28T02:00:00Z,-05:00,-07:00,America/Phoenix,OFF,OK,28,Sharks,San Jose,de San Jose,SJS,4,27,Coyotes,Phoenix,de Phoenix,PHX,3,5,SO,3,SO,8474550.0,,,,,,,,,,,,,,,,,,,,,SJS
2013020579,20132014,2,2013-12-28,False,2013-12-29T00:00:00Z,-05:00,-05:00,US/Eastern,OFF,OK,17,Red Wings,Detroit,de Detroit,DET,4,13,Panthers,Florida,de la Floride,FLA,3,3,REG,3,REG,8475361.0,8474679.0,,,,,,,,,,,,,,,,,,,,DET
2013020578,20132014,2,2013-12-28,False,2013-12-29T00:00:00Z,-05:00,-05:00,US/Eastern,OFF,OK,8,Canadiens,Montréal,de Montréal,MTL,2,14,Lightning,Tampa Bay,de Tampa Bay,TBL,1,5,SO,3,SO,8471679.0,,,,,,,,,,,,,,,,,,,,,MTL
2013020580,20132014,2,2013-12-28,False,2013-12-29T00:00:00Z,-05:00,-05:00,America/New_York,OFF,OK,1,Devils,New Jersey,du New Jersey,NJD,2,2,Islanders,New York,de New York,NYI,1,3,REG,3,REG,8471239.0,8471233.0,,,,,,,,,,,,,,,,,,,,NJD
2013020577,20132014,2,2013-12-28,False,2013-12-29T00:00:00Z,-05:00,-05:00,US/Eastern,OFF,OK,6,Bruins,Boston,de Boston,BOS,3,9,Senators,Ottawa,d'Ottawa,OTT,4,3,REG,3,REG,8467950.0,8471676.0,,Sénateurs,,,,,,,,,,,,,,,,,,OTT
2013020582,20132014,2,2013-12-28,False,2013-12-29T01:00:00Z,-05:00,-06:00,US/Central,OFF,OK,26,Kings,Los Angeles,de Los Angeles,LAK,2,18,Predators,Nashville,de Nashville,NSH,3,3,REG,3,REG,8476992.0,8467370.0,,,,,,,,,,,,,,,,,,,,NSH
2013020581,20132014,2,2013-12-28,False,2013-12-29T01:00:00Z,-05:00,-06:00,US/Central,OFF,OK,16,Blackhawks,Chicago,de Chicago,CHI,5,19,Blues,St. Louis,de St. Louis,STL,6,5,SO,3,SO,8470880.0,,,,,,,,,,,,,,,,,,,,,STL
2013020583,20132014,2,2013-12-28,False,2013-12-29T01:00:00Z,-05:00,-08:00,America/Los_Angeles,OFF,OK,27,Coyotes,Phoenix,de Phoenix,PHX,2,24,Ducks,Anaheim,d'Anaheim,ANA,3,4,OT,3,OT,8473972.0,8459442.0,,,,,,,,,,,,,,,,,,,,ANA
2013020584,20132014,2,2013-12-28,False,2013-12-29T03:00:00Z,-05:00,-07:00,America/Edmonton,OFF,OK,4,Flyers,Philadelphia,de Philadelphie,PHI,4,22,Oilers,Edmonton,d'Edmonton,EDM,3,5,SO,3,SO,8473461.0,,,,,,,,,,,,,,,,,,,,,PHI
2013020585,20132014,2,2013-12-29,False,2013-12-29T22:00:00Z,-05:00,-05:00,America/New_York,OFF,OK,15,Capitals,Washington,de Washington,WSH,1,7,Sabres,Buffalo,de Buffalo,BUF,2,5,SO,3,SO,8468011.0,,,,,,,,,,,,,,,,,,,,,BUF
2013020586,20132014,2,2013-12-29,False,2013-12-29T22:00:00Z,-05:00,-05:00,US/Eastern,OFF,OK,8,Canadiens,Montréal,de Montréal,MTL,1,13,Panthers,Florida,de la Floride,FLA,4,3,REG,3,REG,8466339.0,8466285.0,,,,,,,,,,,,,,,,,,,,FLA
2013020588,20132014,2,2013-12-29,False,2013-12-29T23:00:00Z,-05:00,-06:00,US/Central,OFF,OK,19,Blues,St. Louis,de St. Louis,STL,3,25,Stars,Dallas,de Dallas,DAL,2,4,OT,3,OT,8470880.0,8474031.0,,,,,,,,,,,,,,,,,,,,STL
2013020587,20132014,2,2013-12-29,False,2013-12-29T23:00:00Z,-05:00,-05:00,US/Eastern,OFF,OK,5,Penguins,Pittsburgh,de Pittsburgh,PIT,5,29,Blue Jackets,Columbus,de Columbus,CBJ,3,3,REG,3,REG,8473553.0,8470543.0,,,,,,,,,,,,,,,,,,,,PIT
2013020591,20132014,2,2013-12-29,False,2013-12-30T00:00:00Z,-05:00,-05:00,US/Eastern,OFF,OK,3,Rangers,New York,de New York,NYR,4,14,Lightning,Tampa Bay,de Tampa Bay,TBL,3,3,REG,3,REG,8468685.0,8471678.0,,,,,,,,,,,,,,,,,,,,NYR
2013020590,20132014,2,2013-12-29,False,2013-12-30T00:00:00Z,-05:00,-05:00,America/Toronto,OFF,OK,12,Hurricanes,Carolina,de la Caroline,CAR,2,10,Maple Leafs,Toronto,de Toronto,TOR,5,3,REG,3,REG,8473541.0,8473579.0,,,,,,,,,,,,,,,,,,,,TOR
2013020589,20132014,2,2013-12-29,False,2013-12-30T00:30:00Z,-05:00,-07:00,America/Edmonton,OFF,OK,23,Canucks,Vancouver,de Vancouver,VAN,2,20,Flames,Calgary,de Calgary,CGY,0,3,REG,3,REG,8475663.0,8471498.0,,,,,,,,,,,,,,,,,,,,VAN
2013020592,20132014,2,2013-12-29,False,2013-12-30T01:00:00Z,-05:00,-06:00,US/Central,OFF,OK,2,Islanders,New York,de New York,NYI,5,30,Wild,Minnesota,du Minnesota,MIN,4,3,REG,3,REG,8474690.0,8473449.0,,,,,,,,,,,,,,,,,,,,NYI
2013020593,20132014,2,2013-12-29,False,2013-12-30T01:00:00Z,-05:00,-07:00,America/Denver,OFF,OK,52,Jets,Winnipeg,de Winnipeg,WPG,2,21,Avalanche,Colorado,du Colorado,COL,1,4,OT,3,OT,8471219.0,8471218.0,,,,,,,,,,,,,,,,,,,,WPG
2013020594,20132014,2,2013-12-29,False,2013-12-30T03:30:00Z,-05:00,-08:00,US/Pacific,OFF,OK,24,Ducks,Anaheim,d'Anaheim,ANA,1,28,Sharks,San Jose,de San Jose,SJS,3,3,REG,3,REG,8474550.0,8474053.0,,,,,,,,,,,,,,,,,,,,SJS
2013020595,20132014,2,2013-12-30,False,2013-12-31T00:30:00Z,-05:00,-05:00,US/Eastern,OFF,OK,15,Capitals,Washington,de Washington,WSH,1,9,Senators,Ottawa,d'Ottawa,OTT,3,3,REG,3,REG,8467950.0,8474068.0,,Sénateurs,,,,,,,,,,,,,,,,,,OTT
2013020597,20132014,2,2013-12-30,False,2013-12-31T01:00:00Z,-05:00,-06:00,US/Central,OFF,OK,17,Red Wings,Detroit,de Detroit,DET,4,18,Predators,Nashville,de Nashville,NSH,6,3,REG,3,REG,8476992.0,8474569.0,,,,,,,,,,,,,,,,,,,,NSH
2013020596,20132014,2,2013-12-30,False,2013-12-31T01:00:00Z,-05:00,-06:00,America/Chicago,OFF,OK,26,Kings,Los Angeles,de Los Angeles,LAK,0,16,Blackhawks,Chicago,de Chicago,CHI,1,3,REG,3,REG,8477293.0,8476438.0,,,,,,,,,,,,,,,,,,,,CHI
2013020598,20132014,2,2013-12-30,False,2013-12-31T03:00:00Z,-05:00,-08:00,America/Vancouver,OFF,OK,4,Flyers,Philadelphia,de Philadelphie,PHI,4,23,Canucks,Vancouver,de Vancouver,VAN,3,5,SO,3,SO,8473461.0,,,,,,,,,,,,,,,,,,,,,PHI
2013020599,20132014,2,2013-12-31,False,2013-12-31T18:00:00Z,-05:00,-05:00,US/Eastern,OFF,OK,5,Penguins,Pittsburgh,de Pittsburgh,PIT,1,1,Devils,New Jersey,du New Jersey,NJD,2,3,REG,3,REG,8455710.0,8467545.0,,,,,,,,,,,,,,,,,,,,NJD
2013020600,20132014,2,2013-12-31,False,2013-12-31T22:00:00Z,-05:00,-05:00,US/Eastern,OFF,OK,3,Rangers,New York,de New York,NYR,2,13,Panthers,Florida,de la Floride,FLA,1,5,SO,3,SO,8468685.0,,,,,,,,,,,,,,,,,,,,,NYR
2013020601,20132014,2,2013-12-31,False,2013-12-31T23:00:00Z,-05:00,-06:00,US/Central,OFF,OK,19,Blues,St. Louis,de St. Louis,STL,2,30,Wild,Minnesota,du Minnesota,MIN,1,3,REG,3,REG,8470880.0,8475768.0,,,,,,,,,,,,,,,,,,,,STL
2013020602,20132014,2,2013-12-31,False,2014-01-01T00:00:00Z,-05:00,-05:00,US/Eastern,OFF,OK,2,Islanders,New York,de New York,NYI,5,6,Bruins,Boston,de Boston,BOS,3,3,REG,3,REG,8460705.0,8475166.0,,,,,,,,,,,,,,,,,,,,NYI
2013020603,20132014,2,2013-12-31,False,2014-01-01T00:00:00Z,-05:00,-05:00,US/Eastern,OFF,OK,8,Canadiens,Montréal,de Montréal,MTL,4,12,Hurricanes,Carolina,de la Caroline,CAR,5,4,OT,3,OT,8470320.0,8470120.0,,,,,,,,,,,,,,,,,,,,CAR
2013020604,20132014,2,2013-12-31,False,2014-01-01T00:00:00Z,-05:00,-06:00,America/Winnipeg,OFF,OK,7,Sabres,Buffalo,de Buffalo,BUF,0,52,Jets,Winnipeg,de Winnipeg,WPG,3,3,REG,3,REG,8471219.0,8474184.0,,,,,,,,,,,,,,,,,,,,WPG
2013020605,20132014,2,2013-12-31,False,2014-01-01T01:00:00Z,-05:00,-06:00,US/Central,OFF,OK,26,Kings,Los Angeles,de Los Angeles,LAK,2,25,Stars,Dallas,de Dallas,DAL,3,3,REG,3,REG,8470140.0,8467396.0,,,,,,,,,,,,,,,,,,,,DAL
2013020606,20132014,2,2013-12-31,False,2014-01-01T01:00:00Z,-05:00,-07:00,America/Denver,OFF,OK,29,Blue Jackets,Columbus,de Columbus,CBJ,3,21,Avalanche,Colorado,du Colorado,COL,5,3,REG,3,REG,8473575.0,8476455.0,,,,,,,,,,,,,,,,,,,,COL
2013020607,20132014,2,2013-12-31,False,2014-01-01T01:00:00Z,-05:00,-08:00,America/Los_Angeles,OFF,OK,28,Sharks,San Jose,de San Jose,SJS,3,24,Ducks,Anaheim,d'Anaheim,ANA,6,3,REG,3,REG,8473972.0,8473492.0,,,,,,,,,,,,,,,,,,,,ANA
2013020608,20132014,2,2013-12-31,False,2014-01-01T02:00:00Z,-05:00,-07:00,America/Edmonton,OFF,OK,4,Flyers,Philadelphia,de Philadelphie,PHI,4,20,Flames,Calgary,de Calgary,CGY,1,3,REG,3,REG,8469548.0,8475170.0,,,,,,,,,,,,,,,,,,,,PHI
2013020609,20132014,2,2013-12-31,False,2014-01-01T02:00:00Z,-05:00,-07:00,America/Phoenix,OFF,OK,22,Oilers,Edmonton,d'Edmonton,EDM,3,27,Coyotes,Phoenix,de Phoenix,PHX,4,4,OT,3,OT,8471306.0,8471735.0,,,,,,,,,,,,,,,,,,,,PHX
2013020610,20132014,2,2014-01-01,True,2014-01-01T18:00:00Z,-05:00,-05:00,America/Detroit,OFF,OK,10,Maple Leafs,Toronto,de Toronto,TOR,3,17,Red Wings,Detroit,de Detroit,DET,2,5,SO,3,SO,8473541.0,,,,3.0,Bridgestone NHL Winter Classic,,,,,,,,,,,,,Classique d'hiver NHL,,,TOR
2013020611,20132014,2,2014-01-01,False,2014-01-02T03:00:00Z,-05:00,-08:00,America/Vancouver,OFF,OK,14,Lightning,Tampa Bay,de Tampa Bay,TBL,4,23,Canucks,Vancouver,de Vancouver,VAN,2,3,REG,3,REG,8471750.0,8476453.0,,,,,,,,,,,,,,,,,,,,TBL
2013020612,20132014,2,2014-01-02,False,2014-01-03T00:00:00Z,-05:00,-05:00,US/Eastern,OFF,OK,18,Predators,Nashville,de Nashville,NSH,2,6,Bruins,Boston,de Boston,BOS,3,4,OT,3,OT,8476844.0,8473419.0,,,,,,,,,,,,,,,,,,,,BOS
2013020613,20132014,2,2014-01-02,False,2014-01-03T00:00:00Z,-05:00,-05:00,America/New_York,OFF,OK,16,Blackhawks,Chicago,de Chicago,CHI,2,2,Islanders,New York,de New York,NYI,3,4,OT,3,OT,8460705.0,8473449.0,,,,,,,,,,,,,,,,,,,,NYI
2013020614,20132014,2,2014-01-02,False,2014-01-03T00:00:00Z,-05:00,-05:00,US/Eastern,OFF,OK,12,Hurricanes,Carolina,de la Caroline,CAR,4,15,Capitals,Washington,de Washington,WSH,3,4,OT,3,OT,8471418.0,8475784.0,,,,,,,,,,,,,,,,,,,,CAR
2013020615,20132014,2,2014-01-02,False,2014-01-03T00:30:00Z,-05:00,-05:00,US/Eastern,OFF,OK,52,Jets,Winnipeg,de Winnipeg,WPG,3,9,Senators,Ottawa,d'Ottawa,OTT,4,3,REG,3,REG,8467950.0,8470667.0,,Sénateurs,,,,,,,,,,,,,,,,,,OTT
2013020617,20132014,2,2014-01-02,False,2014-01-03T01:00:00Z,-05:00,-06:00,US/Central,OFF,OK,7,Sabres,Buffalo,de Buffalo,BUF,1,30,Wild,Minnesota,du Minnesota,MIN,4,3,REG,3,REG,8473404.0,8469506.0,,,,,,,,,,,,,,,,,,,,MIN
2013020616,20132014,2,2014-01-02,False,2014-01-03T01:00:00Z,-05:00,-06:00,US/Central,OFF,OK,26,Kings,Los Angeles,de Los Angeles,LAK,0,19,Blues,St. Louis,de St. Louis,STL,5,3,REG,3,REG,8470880.0,8466160.0,,,,,,,,,,,,,,,,,,,,STL
2013020618,20132014,2,2014-01-02,False,2014-01-03T01:30:00Z,-05:00,-06:00,US/Central,OFF,OK,8,Canadiens,Montréal,de Montréal,MTL,6,25,Stars,Dallas,de Dallas,DAL,4,3,REG,3,REG,8471679.0,8474189.0,,,,,,,,,,,,,,,,,,,,MTL
2013020620,20132014,2,2014-01-02,False,2014-01-03T02:00:00Z,-05:00,-07:00,America/Phoenix,OFF,OK,29,Blue Jackets,Columbus,de Columbus,CBJ,2,27,Coyotes,Phoenix,de Phoenix,PHX,0,3,REG,3,REG,8470147.0,8470596.0,,,,,,,,,,,,,,,,,,,,CBJ
2013020619,20132014,2,2014-01-02,False,2014-01-03T02:00:00Z,-05:00,-07:00,America/Denver,OFF,OK,4,Flyers,Philadelphia,de Philadelphie,PHI,1,21,Avalanche,Colorado,du Colorado,COL,2,3,REG,3,REG,8473575.0,8475158.0,,,,,,,,,,,,,,,,,,,,COL
2013020621,20132014,2,2014-01-02,False,2014-01-03T03:30:00Z,-05:00,-08:00,US/Pacific,OFF,OK,22,Oilers,Edmonton,d'Edmonton,EDM,1,28,Sharks,San Jose,de San Jose,SJS,5,3,REG,3,REG,8474550.0,8466139.0,,,,,,,,,,,,,,,,,,,,SJS
2013020622,20132014,2,2014-01-03,False,2014-01-04T00:00:00Z,-05:00,-05:00,US/Eastern,OFF,OK,16,Blackhawks,Chicago,de Chicago,CHI,5,1,Devils,New Jersey,du New Jersey,NJD,3,3,REG,3,REG,8477293.0,8466148.0,,,,,,,,,,,,,,,,,,,,CHI
2013020623,20132014,2,2014-01-03,False,2014-01-04T00:00:00Z,-05:00,-05:00,US/Eastern,OFF,OK,3,Rangers,New York,de New York,NYR,2,5,Penguins,Pittsburgh,de Pittsburgh,PIT,5,3,REG,3,REG,8470594.0,8469638.0,,,,,,,,,,,,,,,,,,,,PIT
2013020624,20132014,2,2014-01-03,False,2014-01-04T02:00:00Z,-05:00,-07:00,America/Edmonton,OFF,OK,14,Lightning,Tampa Bay,de Tampa Bay,TBL,2,20,Flames,Calgary,de Calgary,CGY,0,3,REG,3,REG,8471750.0,8476292.0,,,,,,,,,,,,,,,,,,,,TBL
2013020625,20132014,2,2014-01-03,False,2014-01-04T03:00:00Z,-05:00,-08:00,America/Los_Angeles,OFF,OK,22,Oilers,Edmonton,d'Edmonton,EDM,2,24,Ducks,Anaheim,d'Anaheim,ANA,5,3,REG,3,REG,8473972.0,8473933.0,,,,,,,,,,,,,,,,,,,,ANA
2013020626,20132014,2,2014-01-04,False,2014-01-04T18:00:00Z,-05:00,-05:00,US/Eastern,OFF,OK,52,Jets,Winnipeg,de Winnipeg,WPG,1,6,Bruins,Boston,de Boston,BOS,4,3,REG,3,REG,8471695.0,8476792.0,,,,,,,,,,,,,,,,,,,,BOS
2013020627,20132014,2,2014-01-04,False,2014-01-04T20:00:00Z,-05:00,-07:00,America/Denver,OFF,OK,28,Sharks,San Jose,de San Jose,SJS,3,21,Avalanche,Colorado,du Colorado,COL,4,3,REG,3,REG,8473575.0,8477492.0,,,,,,,,,,,,,,,,,,,,COL
2013020630,20132014,2,2014-01-04,False,2014-01-05T00:00:00Z,-05:00,-05:00,America/Montreal,OFF,OK,9,Senators,Ottawa,d'Ottawa,OTT,4,8,Canadiens,Montréal,de Montréal,MTL,3,4,OT,3,OT,8467950.0,8470667.0,Sénateurs,,,,,,,,,,,,,,,,,,,OTT
2013020628,20132014,2,2014-01-04,False,2014-01-05T00:00:00Z,-05:00,-05:00,America/New_York,OFF,OK,1,Devils,New Jersey,du New Jersey,NJD,1,7,Sabres,Buffalo,de Buffalo,BUF,2,3,REG,3,REG,8468011.0,8471851.0,,,,,,,,,,,,,,,,,,,,BUF
2013020631,20132014,2,2014-01-04,False,2014-01-05T00:00:00Z,-05:00,-05:00,US/Eastern,OFF,OK,18,Predators,Nashville,de Nashville,NSH,4,13,Panthers,Florida,de la Floride,FLA,5,5,SO,3,SO,8460703.0,,,,,,,,,,,,,,,,,,,,,FLA
2013020629,20132014,2,2014-01-04,False,2014-01-05T00:00:00Z,-05:00,-05:00,America/Toronto,OFF,OK,3,Rangers,New York,de New York,NYR,7,10,Maple Leafs,Toronto,de Toronto,TOR,1,3,REG,3,REG,8475660.0,8468575.0,,,,,,,,,,,,,,,,,,,,NYR
2013020632,20132014,2,2014-01-04,False,2014-01-05T00:00:00Z,-05:00,-05:00,America/New_York,OFF,OK,12,Hurricanes,Carolina,de la Caroline,CAR,3,2,Islanders,New York,de New York,NYI,2,3,REG,3,REG,8471418.0,8471840.0,,,,,,,,,,,,,,,,,,,,CAR
2013020634,20132014,2,2014-01-04,False,2014-01-05T01:00:00Z,-05:00,-06:00,US/Central,OFF,OK,17,Red Wings,Detroit,de Detroit,DET,5,25,Stars,Dallas,de Dallas,DAL,1,3,REG,3,REG,8470657.0,8474168.0,,,,,,,,,,,,,,,,,,,,DET
2013020633,20132014,2,2014-01-04,False,2014-01-05T01:00:00Z,-05:00,-06:00,US/Central,OFF,OK,29,Blue Jackets,Columbus,de Columbus,CBJ,2,19,Blues,St. Louis,de St. Louis,STL,6,3,REG,3,REG,8470880.0,8470654.0,,,,,,,,,,,,,,,,,,,,STL
2013020636,20132014,2,2014-01-04,False,2014-01-05T01:00:00Z,-05:00,-07:00,America/Phoenix,OFF,OK,4,Flyers,Philadelphia,de Philadelphie,PHI,5,27,Coyotes,Phoenix,de Phoenix,PHX,3,3,REG,3,REG,8473461.0,8474161.0,,,,,,,,,,,,,,,,,,,,PHI
2013020635,20132014,2,2014-01-04,False,2014-01-05T01:00:00Z,-05:00,-06:00,US/Central,OFF,OK,15,Capitals,Washington,de Washington,WSH,3,30,Wild,Minnesota,du Minnesota,MIN,5,3,REG,3,REG,8473404.0,8475722.0,,,,,,,,,,,,,,,,,,,,MIN
2013020637,20132014,2,2014-01-04,False,2014-01-05T03:00:00Z,-05:00,-08:00,America/Los_Angeles,OFF,OK,23,Canucks,Vancouver,de Vancouver,VAN,1,26,Kings,Los Angeles,de Los Angeles,LAK,3,3,REG,3,REG,8471734.0,8470604.0,,,,,,,,,,,,,,,,,,,,LAK
2013020638,20132014,2,2014-01-05,False,2014-01-05T18:00:00Z,-05:00,-05:00,US/Eastern,OFF,OK,52,Jets,Winnipeg,de Winnipeg,WPG,5,5,Penguins,Pittsburgh,de Pittsburgh,PIT,6,3,REG,3,REG,8470594.0,8471702.0,,,,,,,,,,,,,,,,,,,,PIT
2013020639,20132014,2,2014-01-05,False,2014-01-06T00:00:00Z,-05:00,-05:00,US/Eastern,OFF,OK,18,Predators,Nashville,de Nashville,NSH,1,12,Hurricanes,Carolina,de la Caroline,CAR,2,3,REG,3,REG,8471418.0,8475784.0,,,,,,,,,,,,,,,,,,,,CAR
2013020640,20132014,2,2014-01-05,False,2014-01-06T01:00:00Z,-05:00,-06:00,America/Chicago,OFF,OK,28,Sharks,San Jose,de San Jose,SJS,3,16,Blackhawks,Chicago,de Chicago,CHI,2,5,SO,3,SO,8471774.0,,,,,,,,,,,,,,,,,,,,,SJS
2013020642,20132014,2,2014-01-05,False,2014-01-06T01:00:00Z,-05:00,-08:00,America/Los_Angeles,OFF,OK,23,Canucks,Vancouver,de Vancouver,VAN,3,24,Ducks,Anaheim,d'Anaheim,ANA,4,4,OT,3,OT,8473972.0,8470621.0,,,,,,,,,,,,,,,,,,,,ANA
2013020641,20132014,2,2014-01-05,False,2014-01-06T01:00:00Z,-05:00,-07:00,America/Edmonton,OFF,OK,14,Lightning,Tampa Bay,de Tampa Bay,TBL,3,22,Oilers,Edmonton,d'Edmonton,EDM,5,3,REG,3,REG,8468524.0,8470159.0,,,,,,,,,,,,,,,,,,,,EDM
2013020643,20132014,2,2014-01-06,False,2014-01-07T00:00:00Z,-05:00,-05:00,America/New_York,OFF,OK,25,Stars,Dallas,de Dallas,DAL,3,2,Islanders,New York,de New York,NYI,7,3,REG,3,REG,8474690.0,8475754.0,,,,,,,,,,,,,,,,,,,,NYI
2013020644,20132014,2,2014-01-06,False,2014-01-07T00:00:00Z,-05:00,-05:00,America/New_York,OFF,OK,29,Blue Jackets,Columbus,de Columbus,CBJ,4,3,Rangers,New York,de New York,NYR,3,5,SO,3,SO,8475683.0,,,,,,,,,,,,,,,,,,,,,CBJ
2013020645,20132014,2,2014-01-06,False,2014-01-07T00:30:00Z,-05:00,-05:00,America/Montreal,OFF,OK,13,Panthers,Florida,de la Floride,FLA,1,8,Canadiens,Montréal,de Montréal,MTL,2,3,REG,3,REG,8471679.0,8467407.0,,,,,,,,,,,,,,,,,,,,MTL
2013020646,20132014,2,2014-01-06,False,2014-01-07T02:00:00Z,-05:00,-07:00,America/Denver,OFF,OK,20,Flames,Calgary,de Calgary,CGY,4,21,Avalanche,Colorado,du Colorado,COL,3,3,REG,3,REG,8471403.0,8469500.0,,,,,,,,,,,,,,,,,,,,CGY
2013020648,20132014,2,2014-01-07,False,2014-01-08T00:00:00Z,-05:00,-05:00,America/Toronto,OFF,OK,2,Islanders,New York,de New York,NYI,5,10,Maple Leafs,Toronto,de Toronto,TOR,3,3,REG,3,REG,8474690.0,8475177.0,,,,,,,,,,,,,,,,,,,,NYI
2013020649,20132014,2,2014-01-07,False,2014-01-08T00:30:00Z,-05:00,-05:00,US/Eastern,OFF,OK,4,Flyers,Philadelphia,de Philadelphie,PHI,3,1,Devils,New Jersey,du New Jersey,NJD,2,4,OT,3,OT,8469548.0,8475170.0,,,,,,,,,,,,,,,,,,,,PHI
2013020651,20132014,2,2014-01-07,False,2014-01-08T01:00:00Z,-05:00,-06:00,America/Winnipeg,OFF,OK,14,Lightning,Tampa Bay,de Tampa Bay,TBL,4,52,Jets,Winnipeg,de Winnipeg,WPG,2,3,REG,3,REG,8474765.0,8466378.0,,,,,,,,,,,,,,,Lindbäck,,,,,TBL
2013020650,20132014,2,2014-01-07,False,2014-01-08T01:00:00Z,-05:00,-06:00,US/Central,OFF,OK,28,Sharks,San Jose,de San Jose,SJS,2,18,Predators,Nashville,de Nashville,NSH,3,3,REG,3,REG,8476992.0,8474600.0,,,,,,,,,,,,,,,,,,,,NSH
2013020652,20132014,2,2014-01-07,False,2014-01-08T02:00:00Z,-05:00,-07:00,America/Phoenix,OFF,OK,20,Flames,Calgary,de Calgary,CGY,0,27,Coyotes,Phoenix,de Phoenix,PHX,6,3,REG,3,REG,8471306.0,8462038.0,,,,,,,,,,,,,,,,,,,,PHX
2013020653,20132014,2,2014-01-07,False,2014-01-08T02:30:00Z,-05:00,-07:00,America/Edmonton,OFF,OK,19,Blues,St. Louis,de St. Louis,STL,5,22,Oilers,Edmonton,d'Edmonton,EDM,2,3,REG,3,REG,8470880.0,8470655.0,,,,,,,,,,,,,,,,,,,,STL
2013020654,20132014,2,2014-01-07,False,2014-01-08T03:00:00Z,-05:00,-08:00,America/Vancouver,OFF,OK,5,Penguins,Pittsburgh,de Pittsburgh,PIT,5,23,Canucks,Vancouver,de Vancouver,VAN,4,5,SO,3,SO,8470594.0,,,,,,,,,,,,,,,,,,,,,PIT
2013020655,20132014,2,2014-01-07,False,2014-01-08T03:00:00Z,-05:00,-08:00,America/Los_Angeles,OFF,OK,6,Bruins,Boston,de Boston,BOS,2,24,Ducks,Anaheim,d'Anaheim,ANA,5,3,REG,3,REG,8473972.0,8471699.0,,,,,,,,,,,,,,,,,,,,ANA
2013020656,20132014,2,2014-01-07,False,2014-01-08T03:30:00Z,-05:00,-08:00,America/Los_Angeles,OFF,OK,30,Wild,Minnesota,du Minnesota,MIN,2,26,Kings,Los Angeles,de Los Angeles,LAK,1,5,SO,3,SO,8475311.0,,,,,,,,,,,,,,,,,,,,,MIN
2013020657,20132014,2,2014-01-08,False,2014-01-09T00:30:00Z,-05:00,-05:00,US/Eastern,OFF,OK,8,Canadiens,Montréal,de Montréal,MTL,1,4,Flyers,Philadelphia,de Philadelphie,PHI,3,3,REG,3,REG,8473461.0,8474736.0,,,,,,,,,,,,,,,,,,,,PHI
2013020658,20132014,2,2014-01-08,False,2014-01-09T01:00:00Z,-05:00,-06:00,America/Chicago,OFF,OK,3,Rangers,New York,de New York,NYR,3,16,Blackhawks,Chicago,de Chicago,CHI,2,3,REG,3,REG,8468685.0,8474176.0,,,,,,,,,,,,,,,,,,,,NYR
2013020659,20132014,2,2014-01-08,False,2014-01-09T02:30:00Z,-05:00,-07:00,America/Denver,OFF,OK,9,Senators,Ottawa,d'Ottawa,OTT,3,21,Avalanche,Colorado,du Colorado,COL,4,4,OT,3,OT,8473575.0,8475197.0,Sénateurs,,,,,,,,,,,,,,,,,,,COL
2013020661,20132014,2,2014-01-09,False,2014-01-10T00:00:00Z,-05:00,-05:00,US/Eastern,OFF,OK,25,Stars,Dallas,de Dallas,DAL,0,1,Devils,New Jersey,du New Jersey,NJD,1,3,REG,3,REG,8471239.0,8467545.0,,,,,,,,,,,,,,,,,,,,NJD
2013020660,20132014,2,2014-01-09,False,2014-01-10T00:00:00Z,-05:00,-05:00,America/New_York,OFF,OK,13,Panthers,Florida,de la Floride,FLA,2,7,Sabres,Buffalo,de Buffalo,BUF,1,5,SO,3,SO,8460703.0,,,,,,,,,,,,,,,,,,,,,FLA
2013020662,20132014,2,2014-01-09,False,2014-01-10T00:00:00Z,-05:00,-05:00,US/Eastern,OFF,OK,10,Maple Leafs,Toronto,de Toronto,TOR,1,12,Hurricanes,Carolina,de la Caroline,CAR,6,3,REG,3,REG,8471418.0,8475784.0,,,,,,,,,,,,,,,,,,,,CAR
2013020663,20132014,2,2014-01-09,False,2014-01-10T00:30:00Z,-05:00,-05:00,US/Eastern,OFF,OK,15,Capitals,Washington,de Washington,WSH,4,14,Lightning,Tampa Bay,de Tampa Bay,TBL,3,3,REG,3,REG,8475831.0,8470611.0,,,,,,,,,,,,,,,,,,,,WSH
2013020664,20132014,2,2014-01-09,False,2014-01-10T01:00:00Z,-05:00,-06:00,US/Central,OFF,OK,24,Ducks,Anaheim,d'Anaheim,ANA,4,18,Predators,Nashville,de Nashville,NSH,3,3,REG,3,REG,8475883.0,8457981.0,,,,,,,,,,,,,,,,,,,,ANA
2013020665,20132014,2,2014-01-09,False,2014-01-10T02:00:00Z,-05:00,-07:00,America/Edmonton,OFF,OK,19,Blues,St. Louis,de St. Louis,STL,5,20,Flames,Calgary,de Calgary,CGY,0,3,REG,3,REG,8470860.0,8473485.0,,,,,,,,,,,,,,,,,,,,STL
2013020666,20132014,2,2014-01-09,False,2014-01-10T02:00:00Z,-05:00,-07:00,America/Phoenix,OFF,OK,30,Wild,Minnesota,du Minnesota,MIN,4,27,Coyotes,Phoenix,de Phoenix,PHX,1,3,REG,3,REG,8473404.0,8470803.0,,,,,,,,,,,,,,,,,,,,MIN
2013020667,20132014,2,2014-01-09,False,2014-01-10T03:30:00Z,-05:00,-08:00,America/Los_Angeles,OFF,OK,6,Bruins,Boston,de Boston,BOS,2,26,Kings,Los Angeles,de Los Angeles,LAK,4,3,REG,3,REG,8471734.0,8474166.0,,,,,,,,,,,,,,,,,,,,LAK
2013020668,20132014,2,2014-01-09,False,2014-01-10T03:30:00Z,-05:00,-08:00,US/Pacific,OFF,OK,17,Red Wings,Detroit,de Detroit,DET,1,28,Sharks,San Jose,de San Jose,SJS,4,3,REG,3,REG,8474550.0,8471956.0,,,,,,,,,,,,,,,,,,,,SJS
2013020669,20132014,2,2014-01-10,False,2014-01-11T00:00:00Z,-05:00,-05:00,America/New_York,OFF,OK,25,Stars,Dallas,de Dallas,DAL,2,3,Rangers,New York,de New York,NYR,3,3,REG,3,REG,8468685.0,8470041.0,,,,,,,,,,,,,,,,,,,,NYR
2013020671,20132014,2,2014-01-10,False,2014-01-11T00:00:00Z,-05:00,-05:00,US/Eastern,OFF,OK,12,Hurricanes,Carolina,de la Caroline,CAR,0,29,Blue Jackets,Columbus,de Columbus,CBJ,3,3,REG,3,REG,8475683.0,8476432.0,,,,,,,,,,,,,,,,,,,,CBJ
2013020670,20132014,2,2014-01-10,False,2014-01-11T00:00:00Z,-05:00,-05:00,US/Eastern,OFF,OK,10,Maple Leafs,Toronto,de Toronto,TOR,2,15,Capitals,Washington,de Washington,WSH,3,3,REG,3,REG,8473607.0,8468208.0,,,,,,,,,,,,,,,,,,,,WSH
2013020672,20132014,2,2014-01-10,False,2014-01-11T02:00:00Z,-05:00,-07:00,America/Denver,OFF,OK,2,Islanders,New York,de New York,NYI,2,21,Avalanche,Colorado,du Colorado,COL,1,4,OT,3,OT,8474690.0,8473546.0,,,,,,,,,,,,,,,,,,,,NYI
2013020673,20132014,2,2014-01-10,False,2014-01-11T03:00:00Z,-05:00,-07:00,America/Edmonton,OFF,OK,5,Penguins,Pittsburgh,de Pittsburgh,PIT,3,22,Oilers,Edmonton,d'Edmonton,EDM,4,4,OT,3,OT,8471227.0,8476454.0,,,,,,,,,,,,,,,,,,,,EDM
2013020674,20132014,2,2014-01-10,False,2014-01-11T03:00:00Z,-05:00,-08:00,America/Vancouver,OFF,OK,19,Blues,St. Louis,de St. Louis,STL,1,23,Canucks,Vancouver,de Vancouver,VAN,2,3,REG,3,REG,8475663.0,8471390.0,,,,,,,,,,,,,,,,,,,,VAN
2013020675,20132014,2,2014-01-11,False,2014-01-11T18:00:00Z,-05:00,-05:00,US/Eastern,OFF,OK,14,Lightning,Tampa Bay,de Tampa Bay,TBL,6,4,Flyers,Philadelphia,de Philadelphie,PHI,3,3,REG,3,REG,8474765.0,8470047.0,,,,,,,,,,,,,,,Lindbäck,,,,,TBL
2013020676,20132014,2,2014-01-11,False,2014-01-12T00:00:00Z,-05:00,-05:00,America/Montreal,OFF,OK,16,Blackhawks,Chicago,de Chicago,CHI,1,8,Canadiens,Montréal,de Montréal,MTL,2,4,OT,3,OT,8471679.0,8467496.0,,,,,,,,,,,,,,,,,,,,MTL
2013020678,20132014,2,2014-01-11,False,2014-01-12T00:00:00Z,-05:00,-06:00,US/Central,OFF,OK,9,Senators,Ottawa,d'Ottawa,OTT,2,18,Predators,Nashville,de Nashville,NSH,1,5,SO,3,SO,8467950.0,,Sénateurs,,,,,,,,,,,,,,,,,,,OTT
2013020677,20132014,2,2014-01-11,False,2014-01-12T00:00:00Z,-05:00,-05:00,US/Eastern,OFF,OK,13,Panthers,Florida,de la Floride,FLA,1,1,Devils,New Jersey,du New Jersey,NJD,2,4,OT,3,OT,8471239.0,8469623.0,,,,,,,,,,,,,,,,,,,,NJD
2013020679,20132014,2,2014-01-11,False,2014-01-12T00:00:00Z,-05:00,-06:00,America/Winnipeg,OFF,OK,29,Blue Jackets,Columbus,de Columbus,CBJ,6,52,Jets,Winnipeg,de Winnipeg,WPG,3,3,REG,3,REG,8470147.0,8476432.0,,,,,,,,,,,,,,,,,,,,CBJ
2013020680,20132014,2,2014-01-11,False,2014-01-12T01:00:00Z,-05:00,-06:00,US/Central,OFF,OK,21,Avalanche,Colorado,du Colorado,COL,4,30,Wild,Minnesota,du Minnesota,MIN,2,3,REG,3,REG,8473575.0,8475158.0,,,,,,,,,,,,,,,,,,,,COL
2013020681,20132014,2,2014-01-11,False,2014-01-12T01:00:00Z,-05:00,-07:00,America/Phoenix,OFF,OK,24,Ducks,Anaheim,d'Anaheim,ANA,5,27,Coyotes,Phoenix,de Phoenix,PHX,3,3,REG,3,REG,8473972.0,8470612.0,,,,,,,,,,,,,,,,,,,,ANA
2013020682,20132014,2,2014-01-11,False,2014-01-12T03:00:00Z,-05:00,-07:00,America/Edmonton,OFF,OK,5,Penguins,Pittsburgh,de Pittsburgh,PIT,2,20,Flames,Calgary,de Calgary,CGY,1,3,REG,3,REG,8470594.0,8471702.0,,,,,,,,,,,,,,,,,,,,PIT
2013020684,20132014,2,2014-01-11,False,2014-01-12T03:30:00Z,-05:00,-08:00,US/Pacific,OFF,OK,6,Bruins,Boston,de Boston,BOS,1,28,Sharks,San Jose,de San Jose,SJS,0,3,REG,3,REG,8471695.0,8471262.0,,,,,,,,,,,,,,,,,,,,BOS
2013020683,20132014,2,2014-01-11,False,2014-01-12T03:30:00Z,-05:00,-08:00,America/Los_Angeles,OFF,OK,17,Red Wings,Detroit,de Detroit,DET,3,26,Kings,Los Angeles,de Los Angeles,LAK,1,3,REG,3,REG,8470657.0,8475193.0,,,,,,,,,,,,,,,,,,,,DET
2013020685,20132014,2,2014-01-12,False,2014-01-12T20:00:00Z,-05:00,-05:00,US/Eastern,OFF,OK,7,Sabres,Buffalo,de Buffalo,BUF,2,15,Capitals,Washington,de Washington,WSH,1,5,SO,3,SO,8468011.0,,,,,,,,,,,,,,,,,,,,,BUF
2013020686,20132014,2,2014-01-12,False,2014-01-12T23:00:00Z,-05:00,-06:00,US/Central,OFF,OK,2,Islanders,New York,de New York,NYI,4,25,Stars,Dallas,de Dallas,DAL,2,3,REG,3,REG,8474690.0,8475166.0,,,,,,,,,,,,,,,,,,,,NYI
2013020690,20132014,2,2014-01-12,False,2014-01-13T00:00:00Z,-05:00,-06:00,US/Central,OFF,OK,30,Wild,Minnesota,du Minnesota,MIN,4,18,Predators,Nashville,de Nashville,NSH,0,3,REG,3,REG,8475311.0,8468482.0,,,,,,,,,,,,,,,,,,,,MIN
2013020688,20132014,2,2014-01-12,False,2014-01-13T00:00:00Z,-05:00,-05:00,America/New_York,OFF,OK,4,Flyers,Philadelphia,de Philadelphie,PHI,1,3,Rangers,New York,de New York,NYR,4,3,REG,3,REG,8468685.0,8470041.0,,,,,,,,,,,,,,,,,,,,NYR
2013020689,20132014,2,2014-01-12,False,2014-01-13T00:00:00Z,-05:00,-06:00,America/Chicago,OFF,OK,22,Oilers,Edmonton,d'Edmonton,EDM,3,16,Blackhawks,Chicago,de Chicago,CHI,5,3,REG,3,REG,8477293.0,8473604.0,,,,,,,,,,,,,,,,,,,,CHI
2013020687,20132014,2,2014-01-12,False,2014-01-13T00:00:00Z,-05:00,-05:00,America/Toronto,OFF,OK,1,Devils,New Jersey,du New Jersey,NJD,2,10,Maple Leafs,Toronto,de Toronto,TOR,3,5,SO,3,SO,8473541.0,,,,,,,,,,,,,,,,,,,,,TOR
2013020691,20132014,2,2014-01-12,False,2014-01-13T01:00:00Z,-05:00,-08:00,America/Los_Angeles,OFF,OK,17,Red Wings,Detroit,de Detroit,DET,0,24,Ducks,Anaheim,d'Anaheim,ANA,1,3,REG,3,REG,8473972.0,8471699.0,,,,,,,,,,,,,,,,,,,,ANA
2013020693,20132014,2,2014-01-13,False,2014-01-14T00:00:00Z,-05:00,-05:00,US/Eastern,OFF,OK,14,Lightning,Tampa Bay,de Tampa Bay,TBL,2,29,Blue Jackets,Columbus,de Columbus,CBJ,3,3,REG,3,REG,8475683.0,8473914.0,,,,,,,,,,,,,,,,,,,,CBJ
2013020692,20132014,2,2014-01-13,False,2014-01-14T00:00:00Z,-05:00,-05:00,US/Eastern,OFF,OK,20,Flames,Calgary,de Calgary,CGY,2,12,Hurricanes,Carolina,de la Caroline,CAR,0,3,REG,3,REG,8471403.0,8474150.0,,,,,,,,,,,,,,,,,,,,CGY
2013020694,20132014,2,2014-01-13,False,2014-01-14T01:00:00Z,-05:00,-06:00,America/Winnipeg,OFF,OK,27,Coyotes,Phoenix,de Phoenix,PHX,1,52,Jets,Winnipeg,de Winnipeg,WPG,5,3,REG,3,REG,8471715.0,8474603.0,,,,,,,,,,,,,,,,,,,,WPG
2013020695,20132014,2,2014-01-13,False,2014-01-14T03:30:00Z,-05:00,-08:00,America/Los_Angeles,OFF,OK,23,Canucks,Vancouver,de Vancouver,VAN,0,26,Kings,Los Angeles,de Los Angeles,LAK,1,3,REG,3,REG,8471734.0,8470606.0,,,,,,,,,,,,,,,,,,,,LAK
2013020698,20132014,2,2014-01-14,False,2014-01-15T00:00:00Z,-05:00,-05:00,US/Eastern,OFF,OK,28,Sharks,San Jose,de San Jose,SJS,2,15,Capitals,Washington,de Washington,WSH,1,5,SO,3,SO,8474550.0,,,,,,,,,,,,,,,,,,,,,SJS
2013020696,20132014,2,2014-01-14,False,2014-01-15T00:00:00Z,-05:00,-05:00,US/Eastern,OFF,OK,10,Maple Leafs,Toronto,de Toronto,TOR,4,6,Bruins,Boston,de Boston,BOS,3,3,REG,3,REG,8473541.0,8474037.0,,,,,,,,,,,,,,,,,,,,TOR
2013020697,20132014,2,2014-01-14,False,2014-01-15T00:00:00Z,-05:00,-05:00,America/New_York,OFF,OK,14,Lightning,Tampa Bay,de Tampa Bay,TBL,2,3,Rangers,New York,de New York,NYR,1,3,REG,3,REG,8471750.0,8476453.0,,,,,,,,,,,,,,,,,,,,TBL
2013020700,20132014,2,2014-01-14,False,2014-01-15T00:30:00Z,-05:00,-05:00,America/Montreal,OFF,OK,1,Devils,New Jersey,du New Jersey,NJD,4,8,Canadiens,Montréal,de Montréal,MTL,1,3,REG,3,REG,8455710.0,8475199.0,,,,,,,,,,,,,,,,,,,,NJD
2013020701,20132014,2,2014-01-14,False,2014-01-15T00:30:00Z,-05:00,-05:00,US/Eastern,OFF,OK,2,Islanders,New York,de New York,NYI,2,13,Panthers,Florida,de la Floride,FLA,4,3,REG,3,REG,8460703.0,8475760.0,,,,,,,,,,,,,,,,,,,,FLA
2013020699,20132014,2,2014-01-14,False,2014-01-15T00:30:00Z,-05:00,-05:00,America/New_York,OFF,OK,4,Flyers,Philadelphia,de Philadelphie,PHI,4,7,Sabres,Buffalo,de Buffalo,BUF,3,3,REG,3,REG,8473461.0,8467329.0,,,,,,,,,,,,,,,,,,,,PHI
2013020702,20132014,2,2014-01-14,False,2014-01-15T01:00:00Z,-05:00,-06:00,America/Chicago,OFF,OK,21,Avalanche,Colorado,du Colorado,COL,3,16,Blackhawks,Chicago,de Chicago,CHI,2,4,OT,3,OT,8473575.0,8475197.0,,,,,,,,,,,,,,,,,,,,COL
2013020703,20132014,2,2014-01-14,False,2014-01-15T01:00:00Z,-05:00,-06:00,US/Central,OFF,OK,27,Coyotes,Phoenix,de Phoenix,PHX,1,19,Blues,St. Louis,de St. Louis,STL,2,3,REG,3,REG,8470860.0,8471698.0,,,,,,,,,,,,,,,,,,,,STL
2013020705,20132014,2,2014-01-14,False,2014-01-15T01:00:00Z,-05:00,-06:00,US/Central,OFF,OK,9,Senators,Ottawa,d'Ottawa,OTT,3,30,Wild,Minnesota,du Minnesota,MIN,0,3,REG,3,REG,8475215.0,8470667.0,Sénateurs,,,,,,,,,,,,,,,,,,,OTT
2013020704,20132014,2,2014-01-14,False,2014-01-15T01:00:00Z,-05:00,-06:00,US/Central,OFF,OK,20,Flames,Calgary,de Calgary,CGY,2,18,Predators,Nashville,de Nashville,NSH,4,3,REG,3,REG,8475622.0,8475225.0,,,,,,,,,,,,,,,,,,,,NSH
2013020706,20132014,2,2014-01-14,False,2014-01-15T01:30:00Z,-05:00,-06:00,US/Central,OFF,OK,22,Oilers,Edmonton,d'Edmonton,EDM,2,25,Stars,Dallas,de Dallas,DAL,5,3,REG,3,REG,8470140.0,8473994.0,,,,,,,,,,,,,,,,,,,,DAL
2013020707,20132014,2,2014-01-15,False,2014-01-16T00:30:00Z,-05:00,-05:00,America/Toronto,OFF,OK,7,Sabres,Buffalo,de Buffalo,BUF,3,10,Maple Leafs,Toronto,de Toronto,TOR,4,5,SO,3,SO,8473503.0,,,,,,,,,,,,,,,,,,,,,TOR
2013020708,20132014,2,2014-01-15,False,2014-01-16T01:00:00Z,-05:00,-05:00,US/Eastern,OFF,OK,15,Capitals,Washington,de Washington,WSH,3,5,Penguins,Pittsburgh,de Pittsburgh,PIT,4,3,REG,3,REG,8470594.0,8476874.0,,,,,,,,,,,,,,,,,,,,PIT
2013020709,20132014,2,2014-01-15,False,2014-01-16T03:30:00Z,-05:00,-08:00,America/Los_Angeles,OFF,OK,23,Canucks,Vancouver,de Vancouver,VAN,1,24,Ducks,Anaheim,d'Anaheim,ANA,9,3,REG,3,REG,8475883.0,8457981.0,,,,,,,,,,,,,,,,,,,,ANA
2013020710,20132014,2,2014-01-16,False,2014-01-17T00:00:00Z,-05:00,-05:00,America/New_York,OFF,OK,17,Red Wings,Detroit,de Detroit,DET,0,3,Rangers,New York,de New York,NYR,1,3,REG,3,REG,8468685.0,8475692.0,,,,,,,,,,,,,,,,,,,,NYR
2013020711,20132014,2,2014-01-16,False,2014-01-17T00:00:00Z,-05:00,-05:00,US/Eastern,OFF,OK,18,Predators,Nashville,de Nashville,NSH,4,4,Flyers,Philadelphia,de Philadelphie,PHI,3,5,SO,3,SO,8475622.0,,,,,,,,,,,,,,,,,,,,,NSH
2013020713,20132014,2,2014-01-16,False,2014-01-17T00:30:00Z,-05:00,-05:00,US/Eastern,OFF,OK,2,Islanders,New York,de New York,NYI,2,14,Lightning,Tampa Bay,de Tampa Bay,TBL,1,5,SO,3,SO,8474690.0,,,,,,,,,,,,,,,,,,,,,NYI
2013020714,20132014,2,2014-01-16,False,2014-01-17T00:30:00Z,-05:00,-05:00,US/Eastern,OFF,OK,28,Sharks,San Jose,de San Jose,SJS,3,13,Panthers,Florida,de la Floride,FLA,0,3,REG,3,REG,8471774.0,8466138.0,,,,,,,,,,,,,,,,,,,,SJS
2013020712,20132014,2,2014-01-16,False,2014-01-17T00:30:00Z,-05:00,-05:00,US/Eastern,OFF,OK,8,Canadiens,Montréal,de Montréal,MTL,5,9,Senators,Ottawa,d'Ottawa,OTT,4,4,OT,3,OT,8471679.0,8474056.0,,Sénateurs,,,,,,,,,,,,,,,,,,MTL
2013020715,20132014,2,2014-01-16,False,2014-01-17T01:00:00Z,-05:00,-06:00,US/Central,OFF,OK,26,Kings,Los Angeles,de Los Angeles,LAK,4,19,Blues,St. Louis,de St. Louis,STL,1,3,REG,3,REG,8471734.0,8473453.0,,,,,,,,,,,,,,,,,,,,LAK
2013020716,20132014,2,2014-01-16,False,2014-01-17T01:00:00Z,-05:00,-06:00,US/Central,OFF,OK,22,Oilers,Edmonton,d'Edmonton,EDM,1,30,Wild,Minnesota,du Minnesota,MIN,4,3,REG,3,REG,8475311.0,8475613.0,,,,,,,,,,,,,,,,,,,,MIN
2013020717,20132014,2,2014-01-16,False,2014-01-17T01:30:00Z,-05:00,-06:00,US/Central,OFF,OK,6,Bruins,Boston,de Boston,BOS,4,25,Stars,Dallas,de Dallas,DAL,2,3,REG,3,REG,8473434.0,8473473.0,,,,,,,,,,,,,,,,,,,,BOS
2013020718,20132014,2,2014-01-16,False,2014-01-17T02:00:00Z,-05:00,-07:00,America/Denver,OFF,OK,1,Devils,New Jersey,du New Jersey,NJD,1,21,Avalanche,Colorado,du Colorado,COL,2,5,SO,3,SO,8473575.0,,,,,,,,,,,,,,,,,,,,,COL
2013020719,20132014,2,2014-01-16,False,2014-01-17T02:00:00Z,-05:00,-07:00,America/Edmonton,OFF,OK,52,Jets,Winnipeg,de Winnipeg,WPG,5,20,Flames,Calgary,de Calgary,CGY,2,3,REG,3,REG,8471715.0,8476460.0,,,,,,,,,,,,,,,,,,,,WPG
2013020720,20132014,2,2014-01-16,False,2014-01-17T02:00:00Z,-05:00,-07:00,America/Phoenix,OFF,OK,23,Canucks,Vancouver,de Vancouver,VAN,0,27,Coyotes,Phoenix,de Phoenix,PHX,1,3,REG,3,REG,8469608.0,8468535.0,,,,,,,,,,,,,,,,,,,,PHX
2013020721,20132014,2,2014-01-17,False,2014-01-18T00:00:00Z,-05:00,-05:00,US/Eastern,OFF,OK,15,Capitals,Washington,de Washington,WSH,1,29,Blue Jackets,Columbus,de Columbus,CBJ,5,3,REG,3,REG,8475683.0,8474715.0,,,,,,,,,,,,,,,,,,,,CBJ
2013020722,20132014,2,2014-01-17,False,2014-01-18T01:00:00Z,-05:00,-06:00,America/Chicago,OFF,OK,24,Ducks,Anaheim,d'Anaheim,ANA,2,16,Blackhawks,Chicago,de Chicago,CHI,4,3,REG,3,REG,8470645.0,8471254.0,,,,,,,,,,,,,,,,,,,,CHI
2013020725,20132014,2,2014-01-18,False,2014-01-18T19:00:00Z,-05:00,-06:00,America/Winnipeg,OFF,OK,22,Oilers,Edmonton,d'Edmonton,EDM,2,52,Jets,Winnipeg,de Winnipeg,WPG,3,4,OT,3,OT,8471715.0,8476885.0,,,,,,,,,,,,,,,,,,,,WPG
2013020723,20132014,2,2014-01-18,False,2014-01-18T19:00:00Z,-05:00,-05:00,US/Eastern,OFF,OK,3,Rangers,New York,de New York,NYR,4,9,Senators,Ottawa,d'Ottawa,OTT,1,3,REG,3,REG,8475660.0,8470041.0,,Sénateurs,,,,,,,,,,,,,,,,,,NYR
2013020724,20132014,2,2014-01-18,False,2014-01-18T19:00:00Z,-05:00,-05:00,US/Eastern,OFF,OK,28,Sharks,San Jose,de San Jose,SJS,5,14,Lightning,Tampa Bay,de Tampa Bay,TBL,4,3,REG,3,REG,8474550.0,8470794.0,,,,,,,,,,,,,,,,,,,,SJS
2013020730,20132014,2,2014-01-18,False,2014-01-19T00:00:00Z,-05:00,-05:00,US/Eastern,OFF,OK,13,Panthers,Florida,de la Floride,FLA,2,12,Hurricanes,Carolina,de la Caroline,CAR,3,3,REG,3,REG,8471418.0,8470120.0,,,,,,,,,,,,,,,,,,,,CAR
2013020728,20132014,2,2014-01-18,False,2014-01-19T00:00:00Z,-05:00,-05:00,America/Detroit,OFF,OK,26,Kings,Los Angeles,de Los Angeles,LAK,2,17,Red Wings,Detroit,de Detroit,DET,3,5,SO,3,SO,8470657.0,,,,,,,,,,,,,,,,,,,,,DET
2013020726,20132014,2,2014-01-18,False,2014-01-19T00:00:00Z,-05:00,-05:00,America/New_York,OFF,OK,29,Blue Jackets,Columbus,de Columbus,CBJ,4,7,Sabres,Buffalo,de Buffalo,BUF,3,5,SO,3,SO,8475683.0,,,,,,,,,,,,,,,,,,,,,CBJ
2013020727,20132014,2,2014-01-18,False,2014-01-19T00:00:00Z,-05:00,-05:00,America/Toronto,OFF,OK,8,Canadiens,Montréal,de Montréal,MTL,3,10,Maple Leafs,Toronto,de Toronto,TOR,5,3,REG,3,REG,8473541.0,8474037.0,,,,,,,,,,,,,,,,,,,,TOR
2013020729,20132014,2,2014-01-18,False,2014-01-19T00:00:00Z,-05:00,-05:00,US/Eastern,OFF,OK,2,Islanders,New York,de New York,NYI,4,4,Flyers,Philadelphia,de Philadelphie,PHI,6,3,REG,3,REG,8469548.0,8477290.0,,,,,,,,,,,,,,,,,,,,PHI
2013020731,20132014,2,2014-01-18,False,2014-01-19T01:00:00Z,-05:00,-06:00,US/Central,OFF,OK,24,Ducks,Anaheim,d'Anaheim,ANA,3,19,Blues,St. Louis,de St. Louis,STL,2,3,REG,3,REG,8475883.0,8475764.0,,,,,,,,,,,,,,,,,,,,ANA
2013020733,20132014,2,2014-01-18,False,2014-01-19T01:00:00Z,-05:00,-07:00,America/Phoenix,OFF,OK,1,Devils,New Jersey,du New Jersey,NJD,2,27,Coyotes,Phoenix,de Phoenix,PHX,3,3,REG,3,REG,8469608.0,8471691.0,,,,,,,,,,,,,,,,,,,,PHX
2013020732,20132014,2,2014-01-18,False,2014-01-19T01:00:00Z,-05:00,-06:00,US/Central,OFF,OK,21,Avalanche,Colorado,du Colorado,COL,5,18,Predators,Nashville,de Nashville,NSH,4,3,REG,3,REG,8473575.0,8475168.0,,,,,,,,,,,,,,,,,,,,COL
2013020734,20132014,2,2014-01-18,False,2014-01-19T02:00:00Z,-05:00,-06:00,US/Central,OFF,OK,25,Stars,Dallas,de Dallas,DAL,2,30,Wild,Minnesota,du Minnesota,MIN,3,4,OT,3,OT,8475311.0,8475613.0,,,,,,,,,,,,,,,,,,,,MIN
2013020735,20132014,2,2014-01-18,False,2014-01-19T03:00:00Z,-05:00,-08:00,America/Vancouver,OFF,OK,20,Flames,Calgary,de Calgary,CGY,2,23,Canucks,Vancouver,de Vancouver,VAN,3,5,SO,3,SO,8466141.0,,,,,,,,,,,,,,,,,,,,,VAN
2013020736,20132014,2,2014-01-19,False,2014-01-19T17:30:00Z,-05:00,-06:00,America/Chicago,OFF,OK,6,Bruins,Boston,de Boston,BOS,2,16,Blackhawks,Chicago,de Chicago,CHI,3,5,SO,3,SO,8470645.0,,,,,,,,,,,,,,,,,,,,,CHI
2013020737,20132014,2,2014-01-19,False,2014-01-19T22:00:00Z,-05:00,-05:00,US/Eastern,OFF,OK,14,Lightning,Tampa Bay,de Tampa Bay,TBL,5,12,Hurricanes,Carolina,de la Caroline,CAR,3,3,REG,3,REG,8471750.0,8473962.0,,,,,,,,,,,,,,,,,,,,TBL
2013020738,20132014,2,2014-01-19,False,2014-01-20T00:30:00Z,-05:00,-05:00,America/New_York,OFF,OK,15,Capitals,Washington,de Washington,WSH,1,3,Rangers,New York,de New York,NYR,4,3,REG,3,REG,8468685.0,8470041.0,,,,,,,,,,,,,,,,,,,,NYR
2013020740,20132014,2,2014-01-20,False,2014-01-20T18:00:00Z,-05:00,-05:00,America/New_York,OFF,OK,4,Flyers,Philadelphia,de Philadelphie,PHI,3,2,Islanders,New York,de New York,NYI,4,5,SO,3,SO,8475195.0,,,,,,,,,,,,,,,,,,,,,NYI
2013020739,20132014,2,2014-01-20,False,2014-01-20T20:00:00Z,-05:00,-05:00,US/Eastern,OFF,OK,26,Kings,Los Angeles,de Los Angeles,LAK,2,6,Bruins,Boston,de Boston,BOS,3,3,REG,3,REG,8473434.0,8473419.0,,,,,,,,,,,,,,,,,,,,BOS
2013020741,20132014,2,2014-01-20,False,2014-01-21T00:00:00Z,-05:00,-05:00,US/Eastern,OFF,OK,13,Panthers,Florida,de la Floride,FLA,5,5,Penguins,Pittsburgh,de Pittsburgh,PIT,1,3,REG,3,REG,8466339.0,8475213.0,,,,,,,,,,,,,,,,,,,,FLA
2013020742,20132014,2,2014-01-20,False,2014-01-21T00:30:00Z,-05:00,-05:00,America/Detroit,OFF,OK,19,Blues,St. Louis,de St. Louis,STL,4,17,Red Wings,Detroit,de Detroit,DET,1,3,REG,3,REG,8470860.0,8467890.0,,,,,,,,,,,,,,,,,,,,STL
2013020743,20132014,2,2014-01-20,False,2014-01-21T01:00:00Z,-05:00,-06:00,US/Central,OFF,OK,25,Stars,Dallas,de Dallas,DAL,1,18,Predators,Nashville,de Nashville,NSH,4,3,REG,3,REG,8475622.0,8470642.0,,,,,,,,,,,,,,,,,,,,NSH
2013020744,20132014,2,2014-01-20,False,2014-01-21T01:00:00Z,-05:00,-07:00,America/Phoenix,OFF,OK,10,Maple Leafs,Toronto,de Toronto,TOR,4,27,Coyotes,Phoenix,de Phoenix,PHX,2,3,REG,3,REG,8473541.0,8474125.0,,,,,,,,,,,,,,,,,,,,TOR
2013020745,20132014,2,2014-01-20,False,2014-01-21T03:30:00Z,-05:00,-08:00,US/Pacific,OFF,OK,20,Flames,Calgary,de Calgary,CGY,2,28,Sharks,San Jose,de San Jose,SJS,3,3,REG,3,REG,8474550.0,8470794.0,,,,,,,,,,,,,,,,,,,,SJS
2013020751,20132014,2,2014-01-21,False,2014-01-22T00:00:00Z,-05:00,-05:00,US/Eastern,OFF,OK,26,Kings,Los Angeles,de Los Angeles,LAK,3,29,Blue Jackets,Columbus,de Columbus,CBJ,5,3,REG,3,REG,8475683.0,8470596.0,,,,,,,,,,,,,,,,,,,,CBJ
2013020748,20132014,2,2014-01-21,False,2014-01-22T00:00:00Z,-05:00,-05:00,America/New_York,OFF,OK,2,Islanders,New York,de New York,NYI,5,3,Rangers,New York,de New York,NYR,3,3,REG,3,REG,8474690.0,8470598.0,,,,,,,,,,,,,,,,,,,,NYI
2013020750,20132014,2,2014-01-21,False,2014-01-22T00:00:00Z,-05:00,-05:00,US/Eastern,OFF,OK,9,Senators,Ottawa,d'Ottawa,OTT,2,15,Capitals,Washington,de Washington,WSH,0,3,REG,3,REG,8467950.0,8474068.0,Sénateurs,,,,,,,,,,,,,,,,,,,OTT
2013020746,20132014,2,2014-01-21,False,2014-01-22T00:00:00Z,-05:00,-05:00,America/New_York,OFF,OK,13,Panthers,Florida,de la Floride,FLA,4,7,Sabres,Buffalo,de Buffalo,BUF,3,3,REG,3,REG,8460703.0,8475760.0,,,,,,,,,,,,,,,,,,,,FLA
2013020747,20132014,2,2014-01-21,False,2014-01-22T00:00:00Z,-05:00,-05:00,US/Eastern,OFF,OK,19,Blues,St. Louis,de St. Louis,STL,1,1,Devils,New Jersey,du New Jersey,NJD,7,3,REG,3,REG,8471239.0,8473646.0,,,,,,,,,,,,,,,,,,,,NJD
2013020752,20132014,2,2014-01-21,False,2014-01-22T01:00:00Z,-05:00,-06:00,US/Central,OFF,OK,30,Wild,Minnesota,du Minnesota,MIN,0,25,Stars,Dallas,de Dallas,DAL,4,3,REG,3,REG,8470140.0,8469759.0,,,,,,,,,,,,,,,,,,,,DAL
2013020753,20132014,2,2014-01-21,False,2014-01-22T02:00:00Z,-05:00,-07:00,America/Denver,OFF,OK,10,Maple Leafs,Toronto,de Toronto,TOR,5,21,Avalanche,Colorado,du Colorado,COL,2,3,REG,3,REG,8473503.0,8474581.0,,,,,,,,,,,,,,,,,,,,TOR
2013020754,20132014,2,2014-01-21,False,2014-01-22T02:30:00Z,-05:00,-07:00,America/Edmonton,OFF,OK,23,Canucks,Vancouver,de Vancouver,VAN,2,22,Oilers,Edmonton,d'Edmonton,EDM,1,3,REG,3,REG,8466141.0,8475178.0,,,,,,,,,,,,,,,,,,,,VAN
2013020755,20132014,2,2014-01-21,False,2014-01-22T03:00:00Z,-05:00,-08:00,America/Los_Angeles,OFF,OK,52,Jets,Winnipeg,de Winnipeg,WPG,3,24,Ducks,Anaheim,d'Anaheim,ANA,2,3,REG,3,REG,8471715.0,8475169.0,,,,,,,,,,,,,,,,,,,,WPG
2013020749,20132014,2,2014-01-22,False,2014-01-22T23:00:00Z,-05:00,-05:00,US/Eastern,OFF,OK,12,Hurricanes,Carolina,de la Caroline,CAR,3,4,Flyers,Philadelphia,de Philadelphie,PHI,2,3,REG,3,REG,8471418.0,8473482.0,,,,,,,,,,,,,,,,,,,,CAR
2013020756,20132014,2,2014-01-22,False,2014-01-23T00:00:00Z,-05:00,-05:00,US/Eastern,OFF,OK,8,Canadiens,Montréal,de Montréal,MTL,1,5,Penguins,Pittsburgh,de Pittsburgh,PIT,5,3,REG,3,REG,8470594.0,8467881.0,,,,,,,,,,,,,,,,,,,,PIT
2013020757,20132014,2,2014-01-22,False,2014-01-23T01:00:00Z,-05:00,-05:00,America/Detroit,OFF,OK,16,Blackhawks,Chicago,de Chicago,CHI,4,17,Red Wings,Detroit,de Detroit,DET,5,5,SO,3,SO,8475361.0,,,,,,,,,,,,,,,,,,,,,DET
2013020758,20132014,2,2014-01-22,False,2014-01-23T02:30:00Z,-05:00,-07:00,America/Edmonton,OFF,OK,27,Coyotes,Phoenix,de Phoenix,PHX,2,20,Flames,Calgary,de Calgary,CGY,3,3,REG,3,REG,8471403.0,8470162.0,,,,,,,,,,,,,,,,,,,,CGY
2013020759,20132014,2,2014-01-23,False,2014-01-24T00:00:00Z,-05:00,-05:00,America/New_York,OFF,OK,12,Hurricanes,Carolina,de la Caroline,CAR,5,7,Sabres,Buffalo,de Buffalo,BUF,3,3,REG,3,REG,8471418.0,8471284.0,,,,,,,,,,,,,,,,,,,,CAR
2013020760,20132014,2,2014-01-23,False,2014-01-24T00:00:00Z,-05:00,-05:00,America/New_York,OFF,OK,19,Blues,St. Louis,de St. Louis,STL,2,3,Rangers,New York,de New York,NYR,1,3,REG,3,REG,8470860.0,8474031.0,,,,,,,,,,,,,,,,,,,,STL
2013020761,20132014,2,2014-01-23,False,2014-01-24T00:00:00Z,-05:00,-05:00,US/Eastern,OFF,OK,4,Flyers,Philadelphia,de Philadelphie,PHI,2,29,Blue Jackets,Columbus,de Columbus,CBJ,5,3,REG,3,REG,8475683.0,8474685.0,,,,,,,,,,,,,,,,,,,,CBJ
2013020763,20132014,2,2014-01-23,False,2014-01-24T00:30:00Z,-05:00,-05:00,America/New_York,OFF,OK,5,Penguins,Pittsburgh,de Pittsburgh,PIT,6,2,Islanders,New York,de New York,NYI,4,3,REG,3,REG,8473553.0,8471215.0,,,,,,,,,,,,,,,,,,,,PIT
2013020762,20132014,2,2014-01-23,False,2014-01-24T00:30:00Z,-05:00,-05:00,US/Eastern,OFF,OK,9,Senators,Ottawa,d'Ottawa,OTT,3,14,Lightning,Tampa Bay,de Tampa Bay,TBL,4,5,SO,3,SO,8471750.0,,Sénateurs,,,,,,,,,,,,,,,,,,,TBL
2013020765,20132014,2,2014-01-23,False,2014-01-24T01:00:00Z,-05:00,-06:00,US/Central,OFF,OK,10,Maple Leafs,Toronto,de Toronto,TOR,1,25,Stars,Dallas,de Dallas,DAL,7,3,REG,3,REG,8470140.0,8475236.0,,,,,,,,,,,,,,,,,,,,DAL
2013020764,20132014,2,2014-01-23,False,2014-01-24T01:00:00Z,-05:00,-06:00,US/Central,OFF,OK,16,Blackhawks,Chicago,de Chicago,CHI,1,30,Wild,Minnesota,du Minnesota,MIN,2,3,REG,3,REG,8475311.0,8465951.0,,,,,,,,,,,,,,,,,,,,MIN
2013020766,20132014,2,2014-01-23,False,2014-01-24T03:00:00Z,-05:00,-08:00,America/Vancouver,OFF,OK,18,Predators,Nashville,de Nashville,NSH,2,23,Canucks,Vancouver,de Vancouver,VAN,1,3,REG,3,REG,8475622.0,8474096.0,,,,,,,,,,,,,,,,,,,,NSH
2013020767,20132014,2,2014-01-23,False,2014-01-24T03:00:00Z,-05:00,-08:00,America/Los_Angeles,OFF,OK,26,Kings,Los Angeles,de Los Angeles,LAK,1,24,Ducks,Anaheim,d'Anaheim,ANA,2,3,REG,3,REG,8475883.0,8474034.0,,,,,,,,,,,,,,,,,,,,ANA
2013020768,20132014,2,2014-01-23,False,2014-01-24T03:30:00Z,-05:00,-08:00,US/Pacific,OFF,OK,52,Jets,Winnipeg,de Winnipeg,WPG,0,28,Sharks,San Jose,de San Jose,SJS,1,3,REG,3,REG,8471774.0,8470794.0,,,,,,,,,,,,,,,,,,,,SJS
2013020769,20132014,2,2014-01-24,False,2014-01-25T00:00:00Z,-05:00,-05:00,US/Eastern,OFF,OK,15,Capitals,Washington,de Washington,WSH,1,1,Devils,New Jersey,du New Jersey,NJD,2,3,REG,3,REG,8471239.0,8474641.0,,,,,,,,,,,,,,,,,,,,NJD
2013020771,20132014,2,2014-01-24,False,2014-01-25T00:30:00Z,-05:00,-05:00,America/Detroit,OFF,OK,8,Canadiens,Montréal,de Montréal,MTL,1,17,Red Wings,Detroit,de Detroit,DET,4,3,REG,3,REG,8475361.0,8475772.0,,,,,,,,,,,,,,,,,,,,DET
2013020772,20132014,2,2014-01-24,False,2014-01-25T00:30:00Z,-05:00,-05:00,US/Eastern,OFF,OK,21,Avalanche,Colorado,du Colorado,COL,3,13,Panthers,Florida,de la Floride,FLA,2,3,REG,3,REG,8473575.0,8473465.0,,,,,,,,,,,,,,,,,,,,COL
2013020773,20132014,2,2014-01-24,False,2014-01-25T02:00:00Z,-05:00,-07:00,America/Edmonton,OFF,OK,18,Predators,Nashville,de Nashville,NSH,4,20,Flames,Calgary,de Calgary,CGY,5,5,SO,3,SO,8473499.0,,,,,,,,,,,,,,,,,,,,,CGY
2013020774,20132014,2,2014-01-24,False,2014-01-25T02:30:00Z,-05:00,-07:00,America/Edmonton,OFF,OK,27,Coyotes,Phoenix,de Phoenix,PHX,4,22,Oilers,Edmonton,d'Edmonton,EDM,3,3,REG,3,REG,8469608.0,8467371.0,,,,,,,,,,,,,,,,,,,,PHX
2013020770,20132014,2,2014-01-25,False,2014-01-25T17:00:00Z,-05:00,-05:00,US/Eastern,OFF,OK,9,Senators,Ottawa,d'Ottawa,OTT,3,12,Hurricanes,Carolina,de la Caroline,CAR,6,3,REG,3,REG,8471418.0,8474062.0,Sénateurs,,,,,,,,,,,,,,,,,,,CAR
2013020776,20132014,2,2014-01-25,False,2014-01-25T18:00:00Z,-05:00,-05:00,US/Eastern,OFF,OK,6,Bruins,Boston,de Boston,BOS,6,4,Flyers,Philadelphia,de Philadelphie,PHI,1,3,REG,3,REG,8471695.0,8462042.0,,,,,,,,,,,,,,,,,,,,BOS
2013020775,20132014,2,2014-01-25,False,2014-01-25T18:00:00Z,-05:00,-05:00,America/New_York,OFF,OK,19,Blues,St. Louis,de St. Louis,STL,4,2,Islanders,New York,de New York,NYI,3,5,SO,3,SO,8470860.0,,,,,,,,,,,,,,,,,,,,,STL
2013020778,20132014,2,2014-01-25,False,2014-01-26T00:00:00Z,-05:00,-05:00,US/Eastern,OFF,OK,21,Avalanche,Colorado,du Colorado,COL,2,14,Lightning,Tampa Bay,de Tampa Bay,TBL,5,3,REG,3,REG,8471750.0,8470047.0,,,,,,,,,,,,,,,,,,,,TBL
2013020780,20132014,2,2014-01-25,False,2014-01-26T00:00:00Z,-05:00,-06:00,America/Winnipeg,OFF,OK,10,Maple Leafs,Toronto,de Toronto,TOR,4,52,Jets,Winnipeg,de Winnipeg,WPG,5,4,OT,3,OT,8471715.0,8470834.0,,,,,,,,,,,,,,,,,,,,WPG
2013020779,20132014,2,2014-01-25,False,2014-01-26T00:00:00Z,-05:00,-05:00,US/Eastern,OFF,OK,7,Sabres,Buffalo,de Buffalo,BUF,5,29,Blue Jackets,Columbus,de Columbus,CBJ,2,3,REG,3,REG,8468011.0,8475220.0,,,,,,,,,,,,,,,,,,,,BUF
2013020777,20132014,2,2014-01-25,False,2014-01-26T00:00:00Z,-05:00,-05:00,America/Montreal,OFF,OK,15,Capitals,Washington,de Washington,WSH,5,8,Canadiens,Montréal,de Montréal,MTL,0,3,REG,3,REG,8474651.0,8471214.0,,,,,,,,,,,,,,,,,,,,WSH
2013020781,20132014,2,2014-01-25,False,2014-01-26T01:00:00Z,-05:00,-06:00,US/Central,OFF,OK,5,Penguins,Pittsburgh,de Pittsburgh,PIT,0,25,Stars,Dallas,de Dallas,DAL,3,3,REG,3,REG,8470140.0,8458951.0,,,,,,,,,,,,,,,,,,,,DAL
2013020782,20132014,2,2014-01-25,True,2014-01-26T02:30:00Z,-05:00,-08:00,America/Los_Angeles,OFF,OK,24,Ducks,Anaheim,d'Anaheim,ANA,3,26,Kings,Los Angeles,de Los Angeles,LAK,0,3,REG,3,REG,8473972.0,8470621.0,,,31.0,Coors Light NHL Stadium Series,,,,,,,,,,,,,,,,ANA
2013020783,20132014,2,2014-01-25,False,2014-01-26T03:30:00Z,-05:00,-08:00,US/Pacific,OFF,OK,30,Wild,Minnesota,du Minnesota,MIN,2,28,Sharks,San Jose,de San Jose,SJS,3,4,OT,3,OT,8474550.0,8466138.0,,,,,,,,,,,,,,,,,,,,SJS
2013020784,20132014,2,2014-01-26,True,2014-01-26T17:30:00Z,-05:00,-05:00,America/New_York,OFF,OK,3,Rangers,New York,de New York,NYR,7,1,Devils,New Jersey,du New Jersey,NJD,3,3,REG,3,REG,8468685.0,8475692.0,,,31.0,Coors Light NHL Stadium Series,,,,,,,,,,,,,,,,NYR
2013020785,20132014,2,2014-01-26,False,2014-01-26T22:00:00Z,-05:00,-05:00,America/Detroit,OFF,OK,13,Panthers,Florida,de la Floride,FLA,5,17,Red Wings,Detroit,de Detroit,DET,4,5,SO,3,SO,8460703.0,,,,,,,,,,,,,,,,,,,,,FLA
2013020786,20132014,2,2014-01-26,False,2014-01-27T00:00:00Z,-05:00,-06:00,America/Chicago,OFF,OK,52,Jets,Winnipeg,de Winnipeg,WPG,3,16,Blackhawks,Chicago,de Chicago,CHI,1,3,REG,3,REG,8471219.0,8471217.0,,,,,,,,,,,,,,,,,,,,WPG
2013020787,20132014,2,2014-01-26,False,2014-01-27T01:00:00Z,-05:00,-07:00,America/Edmonton,OFF,OK,18,Predators,Nashville,de Nashville,NSH,1,22,Oilers,Edmonton,d'Edmonton,EDM,5,3,REG,3,REG,8475681.0,8474586.0,,,,,,,,,,,,,,,,,,,,EDM
2013020788,20132014,2,2014-01-26,False,2014-01-27T01:00:00Z,-05:00,-08:00,America/Vancouver,OFF,OK,27,Coyotes,Phoenix,de Phoenix,PHX,4,23,Canucks,Vancouver,de Vancouver,VAN,5,4,OT,3,OT,8466141.0,8469598.0,,,,,,,,,,,,,,,,,,,,VAN
2013020790,20132014,2,2014-01-27,False,2014-01-28T00:00:00Z,-05:00,-05:00,US/Eastern,OFF,OK,29,Blue Jackets,Columbus,de Columbus,CBJ,2,12,Hurricanes,Carolina,de la Caroline,CAR,3,3,REG,3,REG,8471418.0,8473533.0,,,,,,,,,,,,,,,,,,,,CAR
2013020789,20132014,2,2014-01-27,False,2014-01-28T00:00:00Z,-05:00,-05:00,America/New_York,OFF,OK,6,Bruins,Boston,de Boston,BOS,6,2,Islanders,New York,de New York,NYI,3,3,REG,3,REG,8473434.0,8471262.0,,,,,,,,,,,,,,,,,,,,BOS
2013020791,20132014,2,2014-01-27,False,2014-01-28T00:30:00Z,-05:00,-05:00,US/Eastern,OFF,OK,7,Sabres,Buffalo,de Buffalo,BUF,0,5,Penguins,Pittsburgh,de Pittsburgh,PIT,3,3,REG,3,REG,8470594.0,8470543.0,,,,,,,,,,,,,,,,,,,,PIT
2013020792,20132014,2,2014-01-27,False,2014-01-28T01:30:00Z,-05:00,-06:00,US/Central,OFF,OK,21,Avalanche,Colorado,du Colorado,COL,4,25,Stars,Dallas,de Dallas,DAL,3,3,REG,3,REG,8473575.0,8467338.0,,,,,,,,,,,,,,,,,,,,COL
2013020793,20132014,2,2014-01-27,False,2014-01-28T03:00:00Z,-05:00,-08:00,America/Vancouver,OFF,OK,22,Oilers,Edmonton,d'Edmonton,EDM,4,23,Canucks,Vancouver,de Vancouver,VAN,2,3,REG,3,REG,8468524.0,8473514.0,,,,,,,,,,,,,,,,,,,,EDM
2013020794,20132014,2,2014-01-27,False,2014-01-28T03:00:00Z,-05:00,-08:00,US/Pacific,OFF,OK,26,Kings,Los Angeles,de Los Angeles,LAK,1,28,Sharks,San Jose,de San Jose,SJS,0,3,REG,3,REG,8471734.0,8471685.0,,,,,,,,,,,,,,,,,,,,LAK
2013020797,20132014,2,2014-01-28,False,2014-01-29T00:00:00Z,-05:00,-05:00,US/Eastern,OFF,OK,17,Red Wings,Detroit,de Detroit,DET,0,4,Flyers,Philadelphia,de Philadelphie,PHI,5,3,REG,3,REG,8473461.0,8468486.0,,,,,,,,,,,,,,,,,,,,PHI
2013020798,20132014,2,2014-01-28,False,2014-01-29T00:00:00Z,-05:00,-05:00,US/Eastern,OFF,OK,9,Senators,Ottawa,d'Ottawa,OTT,3,29,Blue Jackets,Columbus,de Columbus,CBJ,2,3,REG,3,REG,8467950.0,8469455.0,Sénateurs,,,,,,,,,,,,,,,,,,,OTT
2013020795,20132014,2,2014-01-28,False,2014-01-29T00:00:00Z,-05:00,-05:00,US/Eastern,OFF,OK,13,Panthers,Florida,de la Floride,FLA,2,6,Bruins,Boston,de Boston,BOS,6,3,REG,3,REG,8471695.0,8473473.0,,,,,,,,,,,,,,,,,,,,BOS
2013020796,20132014,2,2014-01-28,False,2014-01-29T00:00:00Z,-05:00,-05:00,America/Toronto,OFF,OK,14,Lightning,Tampa Bay,de Tampa Bay,TBL,2,10,Maple Leafs,Toronto,de Toronto,TOR,3,3,REG,3,REG,8473541.0,8474037.0,,,,,,,,,,,,,,,,,,,,TOR
2013020800,20132014,2,2014-01-28,False,2014-01-29T00:30:00Z,-05:00,-05:00,America/Montreal,OFF,OK,12,Hurricanes,Carolina,de la Caroline,CAR,0,8,Canadiens,Montréal,de Montréal,MTL,3,3,REG,3,REG,8471679.0,8471283.0,,,,,,,,,,,,,,,,,,,,MTL
2013020799,20132014,2,2014-01-28,False,2014-01-29T00:30:00Z,-05:00,-05:00,America/New_York,OFF,OK,15,Capitals,Washington,de Washington,WSH,5,7,Sabres,Buffalo,de Buffalo,BUF,4,4,OT,3,OT,8474651.0,8471242.0,,,,,,,,,,,,,,,,,,,,WSH
2013020801,20132014,2,2014-01-28,False,2014-01-29T01:00:00Z,-05:00,-06:00,US/Central,OFF,OK,1,Devils,New Jersey,du New Jersey,NJD,0,19,Blues,St. Louis,de St. Louis,STL,3,3,REG,3,REG,8470860.0,8470257.0,,,,,,,,,,,,,,,,,,,,STL
2013020802,20132014,2,2014-01-28,False,2014-01-29T01:00:00Z,-05:00,-06:00,America/Winnipeg,OFF,OK,18,Predators,Nashville,de Nashville,NSH,4,52,Jets,Winnipeg,de Winnipeg,WPG,3,3,REG,3,REG,8475622.0,8467370.0,,,,,,,,,,,,,,,,,,,,NSH
2013020804,20132014,2,2014-01-28,False,2014-01-29T02:00:00Z,-05:00,-07:00,America/Phoenix,OFF,OK,26,Kings,Los Angeles,de Los Angeles,LAK,0,27,Coyotes,Phoenix,de Phoenix,PHX,3,3,REG,3,REG,8471306.0,8475171.0,,,,,,,,,,,,,,,,,,,,PHX
2013020803,20132014,2,2014-01-28,False,2014-01-29T02:30:00Z,-05:00,-07:00,America/Edmonton,OFF,OK,16,Blackhawks,Chicago,de Chicago,CHI,4,20,Flames,Calgary,de Calgary,CGY,5,4,OT,3,OT,8471403.0,8474673.0,,,,,,,,,,,,,,,,,,,,CGY
2013020805,20132014,2,2014-01-28,False,2014-01-29T03:00:00Z,-05:00,-08:00,America/Los_Angeles,OFF,OK,30,Wild,Minnesota,du Minnesota,MIN,4,24,Ducks,Anaheim,d'Anaheim,ANA,2,3,REG,3,REG,8475311.0,8470610.0,,,,,,,,,,,,,,,,,,,,MIN
2013020806,20132014,2,2014-01-29,True,2014-01-30T00:30:00Z,-05:00,-05:00,America/New_York,OFF,OK,3,Rangers,New York,de New York,NYR,2,2,Islanders,New York,de New York,NYI,1,3,REG,3,REG,8468685.0,8470666.0,,,31.0,Coors Light NHL Stadium Series,,,,,,,,,,,,,,,,NYR
2013020807,20132014,2,2014-01-29,False,2014-01-30T02:30:00Z,-05:00,-07:00,America/Edmonton,OFF,OK,28,Sharks,San Jose,de San Jose,SJS,0,22,Oilers,Edmonton,d'Edmonton,EDM,3,3,REG,3,REG,8475681.0,8474602.0,,,,,,,,,,,,,,,,,,,,EDM
2013020808,20132014,2,2014-01-29,False,2014-01-30T03:30:00Z,-05:00,-08:00,America/Vancouver,OFF,OK,16,Blackhawks,Chicago,de Chicago,CHI,5,23,Canucks,Vancouver,de Vancouver,VAN,2,3,REG,3,REG,8470645.0,8473604.0,,,,,,,,,,,,,,,,,,,,CHI
2013020809,20132014,2,2014-01-30,False,2014-01-31T00:00:00Z,-05:00,-05:00,US/Eastern,OFF,OK,8,Canadiens,Montréal,de Montréal,MTL,4,6,Bruins,Boston,de Boston,BOS,1,3,REG,3,REG,8469514.0,8474157.0,,,,,,,,,,,,,,,,,,,,MTL
2013020811,20132014,2,2014-01-30,False,2014-01-31T00:00:00Z,-05:00,-05:00,US/Eastern,OFF,OK,15,Capitals,Washington,de Washington,WSH,2,29,Blue Jackets,Columbus,de Columbus,CBJ,5,3,REG,3,REG,8475683.0,8471273.0,,,,,,,,,,,,,,,,,,,,CBJ
2013020810,20132014,2,2014-01-30,False,2014-01-31T00:00:00Z,-05:00,-05:00,America/Toronto,OFF,OK,13,Panthers,Florida,de la Floride,FLA,3,10,Maple Leafs,Toronto,de Toronto,TOR,6,3,REG,3,REG,8473541.0,8473579.0,,,,,,,,,,,,,,,,,,,,TOR
2013020812,20132014,2,2014-01-30,False,2014-01-31T00:30:00Z,-05:00,-05:00,US/Eastern,OFF,OK,14,Lightning,Tampa Bay,de Tampa Bay,TBL,3,9,Senators,Ottawa,d'Ottawa,OTT,5,3,REG,3,REG,8467950.0,8474068.0,,Sénateurs,,,,,,,,,,,,,,,,,,OTT
2013020813,20132014,2,2014-01-30,False,2014-01-31T01:30:00Z,-05:00,-06:00,US/Central,OFF,OK,1,Devils,New Jersey,du New Jersey,NJD,3,25,Stars,Dallas,de Dallas,DAL,2,4,OT,3,OT,8471239.0,8460542.0,,,,,,,,,,,,,,,,,,,,NJD
2013020814,20132014,2,2014-01-30,False,2014-01-31T02:00:00Z,-05:00,-07:00,America/Denver,OFF,OK,30,Wild,Minnesota,du Minnesota,MIN,4,21,Avalanche,Colorado,du Colorado,COL,5,3,REG,3,REG,8473575.0,8477492.0,,,,,,,,,,,,,,,,,,,,COL
2013020816,20132014,2,2014-01-30,False,2014-01-31T02:00:00Z,-05:00,-07:00,America/Phoenix,OFF,OK,7,Sabres,Buffalo,de Buffalo,BUF,3,27,Coyotes,Phoenix,de Phoenix,PHX,2,3,REG,3,REG,8468011.0,8476878.0,,,,,,,,,,,,,,,,,,,,BUF
2013020815,20132014,2,2014-01-30,False,2014-01-31T02:00:00Z,-05:00,-07:00,America/Edmonton,OFF,OK,28,Sharks,San Jose,de San Jose,SJS,1,20,Flames,Calgary,de Calgary,CGY,4,3,REG,3,REG,8471403.0,8470966.0,,,,,,,,,,,,,,,,,,,,CGY
2013020817,20132014,2,2014-01-30,False,2014-01-31T03:00:00Z,-05:00,-08:00,America/Los_Angeles,OFF,OK,4,Flyers,Philadelphia,de Philadelphie,PHI,3,24,Ducks,Anaheim,d'Anaheim,ANA,5,3,REG,3,REG,8475883.0,8471476.0,,,,,,,,,,,,,,,,,,,,ANA
2013020818,20132014,2,2014-01-30,False,2014-01-31T03:30:00Z,-05:00,-08:00,America/Los_Angeles,OFF,OK,5,Penguins,Pittsburgh,de Pittsburgh,PIT,4,26,Kings,Los Angeles,de Los Angeles,LAK,1,3,REG,3,REG,8473553.0,8470543.0,,,,,,,,,,,,,,,,,,,,PIT
2013020820,20132014,2,2014-01-31,False,2014-02-01T00:00:00Z,-05:00,-05:00,US/Eastern,OFF,OK,19,Blues,St. Louis,de St. Louis,STL,1,12,Hurricanes,Carolina,de la Caroline,CAR,3,3,REG,3,REG,8471418.0,8475784.0,,,,,,,,,,,,,,,,,,,,CAR
2013020819,20132014,2,2014-01-31,False,2014-02-01T00:00:00Z,-05:00,-05:00,America/New_York,OFF,OK,2,Islanders,New York,de New York,NYI,1,3,Rangers,New York,de New York,NYR,4,3,REG,3,REG,8468685.0,8473544.0,,,,,,,,,,,,,,,,,,,,NYR
2013020821,20132014,2,2014-01-31,False,2014-02-01T00:30:00Z,-05:00,-05:00,America/Detroit,OFF,OK,15,Capitals,Washington,de Washington,WSH,3,17,Red Wings,Detroit,de Detroit,DET,4,5,SO,3,SO,8470657.0,,,,,,,,,,,,,,,,,,,,,DET
2013020822,20132014,2,2014-01-31,False,2014-02-01T01:00:00Z,-05:00,-06:00,US/Central,OFF,OK,1,Devils,New Jersey,du New Jersey,NJD,2,18,Predators,Nashville,de Nashville,NSH,3,4,OT,3,OT,8475622.0,8470642.0,,,,,,,,,,,,,,,,,,,,NSH
2013020823,20132014,2,2014-01-31,False,2014-02-01T01:30:00Z,-05:00,-06:00,America/Winnipeg,OFF,OK,23,Canucks,Vancouver,de Vancouver,VAN,3,52,Jets,Winnipeg,de Winnipeg,WPG,4,3,REG,3,REG,8471715.0,8471682.0,,,,,,,,,,,,,,,,,,,,WPG
2013020825,20132014,2,2014-02-01,False,2014-02-01T18:00:00Z,-05:00,-05:00,America/Montreal,OFF,OK,14,Lightning,Tampa Bay,de Tampa Bay,TBL,2,8,Canadiens,Montréal,de Montréal,MTL,1,4,OT,3,OT,8471750.0,8470775.0,,,,,,,,,,,,,,,,,,,,TBL
2013020824,20132014,2,2014-02-01,False,2014-02-01T18:00:00Z,-05:00,-05:00,US/Eastern,OFF,OK,22,Oilers,Edmonton,d'Edmonton,EDM,0,6,Bruins,Boston,de Boston,BOS,4,3,REG,3,REG,8473434.0,8471276.0,,,,,,,,,,,,,,,,,,,,BOS
2013020826,20132014,2,2014-02-01,False,2014-02-01T20:00:00Z,-05:00,-07:00,America/Denver,OFF,OK,7,Sabres,Buffalo,de Buffalo,BUF,1,21,Avalanche,Colorado,du Colorado,COL,7,3,REG,3,REG,8473575.0,8473465.0,,,,,,,,,,,,,,,,,,,,COL
2013020827,20132014,2,2014-02-01,False,2014-02-01T21:00:00Z,-05:00,-08:00,America/Los_Angeles,OFF,OK,4,Flyers,Philadelphia,de Philadelphie,PHI,2,26,Kings,Los Angeles,de Los Angeles,LAK,0,3,REG,3,REG,8473461.0,8474190.0,,,,,,,,,,,,,,,,,,,,PHI
2013020828,20132014,2,2014-02-01,False,2014-02-02T00:00:00Z,-05:00,-05:00,America/Toronto,OFF,OK,9,Senators,Ottawa,d'Ottawa,OTT,3,10,Maple Leafs,Toronto,de Toronto,TOR,6,3,REG,3,REG,8473541.0,8473548.0,Sénateurs,,,,,,,,,,,,,,,,,,,TOR
2013020829,20132014,2,2014-02-01,False,2014-02-02T00:00:00Z,-05:00,-05:00,US/Eastern,OFF,OK,13,Panthers,Florida,de la Floride,FLA,1,29,Blue Jackets,Columbus,de Columbus,CBJ,4,3,REG,3,REG,8475683.0,8475793.0,,,,,,,,,,,,,,,,,,,,CBJ
2013020830,20132014,2,2014-02-01,False,2014-02-02T01:00:00Z,-05:00,-06:00,US/Central,OFF,OK,18,Predators,Nashville,de Nashville,NSH,3,19,Blues,St. Louis,de St. Louis,STL,4,5,SO,3,SO,8470880.0,,,,,,,,,,,,,,,,,,,,,STL
2013020831,20132014,2,2014-02-01,False,2014-02-02T01:00:00Z,-05:00,-07:00,America/Phoenix,OFF,OK,5,Penguins,Pittsburgh,de Pittsburgh,PIT,1,27,Coyotes,Phoenix,de Phoenix,PHX,3,3,REG,3,REG,8469608.0,8469760.0,,,,,,,,,,,,,,,,,,,,PHX
2013020832,20132014,2,2014-02-01,False,2014-02-02T03:00:00Z,-05:00,-07:00,America/Edmonton,OFF,OK,30,Wild,Minnesota,du Minnesota,MIN,3,20,Flames,Calgary,de Calgary,CGY,4,4,OT,3,OT,8473499.0,8474150.0,,,,,,,,,,,,,,,,,,,,CGY
2013020833,20132014,2,2014-02-01,False,2014-02-02T03:00:00Z,-05:00,-08:00,America/Los_Angeles,OFF,OK,25,Stars,Dallas,de Dallas,DAL,2,24,Ducks,Anaheim,d'Anaheim,ANA,0,3,REG,3,REG,8468540.0,8470110.0,,,,,,,,,,,,,,,,,,,,DAL
2013020834,20132014,2,2014-02-01,False,2014-02-02T03:30:00Z,-05:00,-08:00,US/Pacific,OFF,OK,16,Blackhawks,Chicago,de Chicago,CHI,1,28,Sharks,San Jose,de San Jose,SJS,2,5,SO,3,SO,8474550.0,,,,,,,,,,,,,,,,,,,,,SJS
2013020835,20132014,2,2014-02-02,False,2014-02-02T17:30:00Z,-05:00,-05:00,US/Eastern,OFF,OK,17,Red Wings,Detroit,de Detroit,DET,5,15,Capitals,Washington,de Washington,WSH,6,4,OT,3,OT,8473607.0,8471214.0,,,,,,,,,,,,,,,,,,,,WSH
2013020836,20132014,2,2014-02-02,False,2014-02-02T18:00:00Z,-05:00,-05:00,America/Montreal,OFF,OK,52,Jets,Winnipeg,de Winnipeg,WPG,2,8,Canadiens,Montréal,de Montréal,MTL,1,3,REG,3,REG,8471219.0,8473564.0,,,,,,,,,,,,,,,,,,,,WPG
2013020838,20132014,2,2014-02-03,False,2014-02-04T00:00:00Z,-05:00,-05:00,US/Eastern,OFF,OK,9,Senators,Ottawa,d'Ottawa,OTT,1,5,Penguins,Pittsburgh,de Pittsburgh,PIT,2,4,OT,3,OT,8470594.0,8471707.0,Sénateurs,,,,,,,,,,,,,,,,,,,PIT
2013020837,20132014,2,2014-02-03,False,2014-02-04T00:00:00Z,-05:00,-05:00,America/New_York,OFF,OK,22,Oilers,Edmonton,d'Edmonton,EDM,3,7,Sabres,Buffalo,de Buffalo,BUF,2,3,REG,3,REG,8468524.0,8468611.0,,,,,,,,,,,,,,,,,,,,EDM
2013020840,20132014,2,2014-02-03,False,2014-02-04T00:30:00Z,-05:00,-05:00,US/Eastern,OFF,OK,21,Avalanche,Colorado,du Colorado,COL,2,1,Devils,New Jersey,du New Jersey,NJD,1,4,OT,3,OT,8462044.0,8475158.0,,,,,,,,,,,,,,,,,,,,COL
2013020839,20132014,2,2014-02-03,False,2014-02-04T00:30:00Z,-05:00,-05:00,America/Detroit,OFF,OK,23,Canucks,Vancouver,de Vancouver,VAN,0,17,Red Wings,Detroit,de Detroit,DET,2,3,REG,3,REG,8470657.0,8471716.0,,,,,,,,,,,,,,,,,,,,DET
2013020841,20132014,2,2014-02-03,False,2014-02-04T03:00:00Z,-05:00,-08:00,America/Los_Angeles,OFF,OK,29,Blue Jackets,Columbus,de Columbus,CBJ,4,24,Ducks,Anaheim,d'Anaheim,ANA,2,3,REG,3,REG,8475683.0,8473422.0,,,,,,,,,,,,,,,,,,,,CBJ
2013020843,20132014,2,2014-02-03,False,2014-02-04T03:30:00Z,-05:00,-08:00,US/Pacific,OFF,OK,4,Flyers,Philadelphia,de Philadelphie,PHI,5,28,Sharks,San Jose,de San Jose,SJS,2,3,REG,3,REG,8473461.0,8477290.0,,,,,,,,,,,,,,,,,,,,PHI
2013020842,20132014,2,2014-02-03,False,2014-02-04T03:30:00Z,-05:00,-08:00,America/Los_Angeles,OFF,OK,16,Blackhawks,Chicago,de Chicago,CHI,5,26,Kings,Los Angeles,de Los Angeles,LAK,3,3,REG,3,REG,8470645.0,8475181.0,,,,,,,,,,,,,,,,,,,,CHI
2013020844,20132014,2,2014-02-04,False,2014-02-05T00:00:00Z,-05:00,-05:00,US/Eastern,OFF,OK,23,Canucks,Vancouver,de Vancouver,VAN,1,6,Bruins,Boston,de Boston,BOS,3,3,REG,3,REG,8471695.0,8462042.0,,,,,,,,,,,,,,,,,,,,BOS
2013020845,20132014,2,2014-02-04,False,2014-02-05T00:00:00Z,-05:00,-05:00,America/New_York,OFF,OK,21,Avalanche,Colorado,du Colorado,COL,1,3,Rangers,New York,de New York,NYR,5,3,REG,3,REG,8468685.0,8471339.0,,,,,,,,,,,,,,,,,,,,NYR
2013020846,20132014,2,2014-02-04,False,2014-02-05T00:00:00Z,-05:00,-05:00,US/Eastern,OFF,OK,52,Jets,Winnipeg,de Winnipeg,WPG,2,12,Hurricanes,Carolina,de la Caroline,CAR,1,3,REG,3,REG,8471715.0,8469501.0,,,,,,,,,,,,,,,,,,,,WPG
2013020848,20132014,2,2014-02-04,False,2014-02-05T00:30:00Z,-05:00,-05:00,US/Eastern,OFF,OK,10,Maple Leafs,Toronto,de Toronto,TOR,1,13,Panthers,Florida,de la Floride,FLA,4,3,REG,3,REG,8460703.0,8474498.0,,,,,,,,,,,,,,,,,,,,FLA
2013020849,20132014,2,2014-02-04,False,2014-02-05T00:30:00Z,-05:00,-05:00,US/Eastern,OFF,OK,2,Islanders,New York,de New York,NYI,1,15,Capitals,Washington,de Washington,WSH,0,3,REG,3,REG,8460705.0,8473584.0,,,,,,,,,,,,,,,,,,,,NYI
2013020847,20132014,2,2014-02-04,False,2014-02-05T00:30:00Z,-05:00,-05:00,America/Montreal,OFF,OK,20,Flames,Calgary,de Calgary,CGY,0,8,Canadiens,Montréal,de Montréal,MTL,2,3,REG,3,REG,8471679.0,8471504.0,,,,,,,,,,,,,,,,,,,,MTL
2013020850,20132014,2,2014-02-04,False,2014-02-05T01:00:00Z,-05:00,-06:00,US/Central,OFF,OK,9,Senators,Ottawa,d'Ottawa,OTT,5,19,Blues,St. Louis,de St. Louis,STL,4,5,SO,3,SO,8475215.0,,Sénateurs,,,,,,,,,,,,,,,,,,,OTT
2013020851,20132014,2,2014-02-04,False,2014-02-05T01:00:00Z,-05:00,-06:00,US/Central,OFF,OK,14,Lightning,Tampa Bay,de Tampa Bay,TBL,1,30,Wild,Minnesota,du Minnesota,MIN,2,3,REG,3,REG,8475311.0,8468482.0,,,,,,,,,,,,,,,,,,,,MIN
2013020852,20132014,2,2014-02-04,False,2014-02-05T02:00:00Z,-05:00,-07:00,America/Phoenix,OFF,OK,25,Stars,Dallas,de Dallas,DAL,3,27,Coyotes,Phoenix,de Phoenix,PHX,1,3,REG,3,REG,8470140.0,8474849.0,,,,,,,,,,,,,,,,,,,,DAL
2013020853,20132014,2,2014-02-05,False,2014-02-06T00:30:00Z,-05:00,-05:00,America/New_York,OFF,OK,5,Penguins,Pittsburgh,de Pittsburgh,PIT,5,7,Sabres,Buffalo,de Buffalo,BUF,1,3,REG,3,REG,8470594.0,8471675.0,,,,,,,,,,,,,,,,,,,,PIT
2013020854,20132014,2,2014-02-05,False,2014-02-06T03:00:00Z,-05:00,-08:00,America/Los_Angeles,OFF,OK,16,Blackhawks,Chicago,de Chicago,CHI,2,24,Ducks,Anaheim,d'Anaheim,ANA,0,3,REG,3,REG,8470645.0,8466148.0,,,,,,,,,,,,,,,,,,,,CHI
2013020855,20132014,2,2014-02-05,False,2014-02-06T03:30:00Z,-05:00,-08:00,US/Pacific,OFF,OK,25,Stars,Dallas,de Dallas,DAL,1,28,Sharks,San Jose,de San Jose,SJS,2,4,OT,3,OT,8471774.0,8474739.0,,,,,,,,,,,,,,,,,,,,SJS
2013020857,20132014,2,2014-02-06,False,2014-02-07T00:00:00Z,-05:00,-05:00,America/New_York,OFF,OK,22,Oilers,Edmonton,d'Edmonton,EDM,2,3,Rangers,New York,de New York,NYR,1,3,REG,3,REG,8475681.0,8476855.0,,,,,,,,,,,,,,,,,,,,EDM
2013020858,20132014,2,2014-02-06,False,2014-02-07T00:00:00Z,-05:00,-05:00,US/Eastern,OFF,OK,21,Avalanche,Colorado,du Colorado,COL,1,4,Flyers,Philadelphia,de Philadelphie,PHI,3,3,REG,3,REG,8473461.0,8477290.0,,,,,,,,,,,,,,,,,,,,PHI
2013020856,20132014,2,2014-02-06,False,2014-02-07T00:00:00Z,-05:00,-05:00,America/New_York,OFF,OK,20,Flames,Calgary,de Calgary,CGY,4,2,Islanders,New York,de New York,NYI,2,3,REG,3,REG,8473499.0,8470877.0,,,,,,,,,,,,,,,,,,,,CGY
2013020859,20132014,2,2014-02-06,False,2014-02-07T00:00:00Z,-05:00,-05:00,US/Eastern,OFF,OK,52,Jets,Winnipeg,de Winnipeg,WPG,2,15,Capitals,Washington,de Washington,WSH,4,3,REG,3,REG,8474651.0,8471214.0,,,,,,,,,,,,,,,,,,,,WSH
2013020861,20132014,2,2014-02-06,False,2014-02-07T00:30:00Z,-05:00,-05:00,US/Eastern,OFF,OK,7,Sabres,Buffalo,de Buffalo,BUF,2,9,Senators,Ottawa,d'Ottawa,OTT,3,3,REG,3,REG,8467950.0,8470599.0,,Sénateurs,,,,,,,,,,,,,,,,,,OTT
2013020860,20132014,2,2014-02-06,False,2014-02-07T00:30:00Z,-05:00,-05:00,America/Montreal,OFF,OK,23,Canucks,Vancouver,de Vancouver,VAN,2,8,Canadiens,Montréal,de Montréal,MTL,5,3,REG,3,REG,8471679.0,8474157.0,,,,,,,,,,,,,,,,,,,,MTL
2013020862,20132014,2,2014-02-06,False,2014-02-07T00:30:00Z,-05:00,-05:00,US/Eastern,OFF,OK,10,Maple Leafs,Toronto,de Toronto,TOR,4,14,Lightning,Tampa Bay,de Tampa Bay,TBL,1,3,REG,3,REG,8473541.0,8469508.0,,,,,,,,,,,,,,,,,,,,TOR
2013020863,20132014,2,2014-02-06,False,2014-02-07T00:30:00Z,-05:00,-05:00,US/Eastern,OFF,OK,17,Red Wings,Detroit,de Detroit,DET,3,13,Panthers,Florida,de la Floride,FLA,1,3,REG,3,REG,8470657.0,8474679.0,,,,,,,,,,,,,,,,,,,,DET
2013020865,20132014,2,2014-02-06,False,2014-02-07T01:00:00Z,-05:00,-06:00,US/Central,OFF,OK,18,Predators,Nashville,de Nashville,NSH,2,30,Wild,Minnesota,du Minnesota,MIN,3,4,OT,3,OT,8475311.0,8475799.0,,,,,,,,,,,,,,,,,,,,MIN
2013020864,20132014,2,2014-02-06,False,2014-02-07T01:00:00Z,-05:00,-06:00,US/Central,OFF,OK,6,Bruins,Boston,de Boston,BOS,2,19,Blues,St. Louis,de St. Louis,STL,3,4,OT,3,OT,8470860.0,8471698.0,,,,,,,,,,,,,,,,,,,,STL
2013020866,20132014,2,2014-02-06,False,2014-02-07T03:30:00Z,-05:00,-08:00,America/Los_Angeles,OFF,OK,29,Blue Jackets,Columbus,de Columbus,CBJ,1,26,Kings,Los Angeles,de Los Angeles,LAK,2,4,OT,3,OT,8471734.0,8467344.0,,,,,,,,,,,,,,,,,,,,LAK
2013020868,20132014,2,2014-02-07,False,2014-02-08T00:00:00Z,-05:00,-05:00,US/Eastern,OFF,OK,3,Rangers,New York,de New York,NYR,4,5,Penguins,Pittsburgh,de Pittsburgh,PIT,3,5,SO,3,SO,8468685.0,,,,,,,,,,,,,,,,,,,,,NYR
2013020869,20132014,2,2014-02-07,False,2014-02-08T00:00:00Z,-05:00,-05:00,US/Eastern,OFF,OK,13,Panthers,Florida,de la Floride,FLA,1,12,Hurricanes,Carolina,de la Caroline,CAR,5,3,REG,3,REG,8471418.0,8470120.0,,,,,,,,,,,,,,,,,,,,CAR
2013020867,20132014,2,2014-02-07,False,2014-02-08T00:00:00Z,-05:00,-05:00,US/Eastern,OFF,OK,22,Oilers,Edmonton,d'Edmonton,EDM,1,1,Devils,New Jersey,du New Jersey,NJD,2,4,OT,3,OT,8471239.0,8475750.0,,,,,,,,,,,,,,,,,,,,NJD
2013020870,20132014,2,2014-02-07,False,2014-02-08T02:00:00Z,-05:00,-07:00,America/Phoenix,OFF,OK,16,Blackhawks,Chicago,de Chicago,CHI,0,27,Coyotes,Phoenix,de Phoenix,PHX,2,3,REG,3,REG,8469608.0,8471735.0,,,,,,,,,,,,,,,,,,,,PHX
2013020871,20132014,2,2014-02-07,False,2014-02-08T03:30:00Z,-05:00,-08:00,US/Pacific,OFF,OK,29,Blue Jackets,Columbus,de Columbus,CBJ,2,28,Sharks,San Jose,de San Jose,SJS,3,3,REG,3,REG,8474550.0,8474739.0,,,,,,,,,,,,,,,,,,,,SJS
2013020872,20132014,2,2014-02-08,False,2014-02-08T18:00:00Z,-05:00,-05:00,US/Eastern,OFF,OK,20,Flames,Calgary,de Calgary,CGY,1,4,Flyers,Philadelphia,de Philadelphie,PHI,2,3,REG,3,REG,8469548.0,8468486.0,,,,,,,,,,,,,,,,,,,,PHI
2013020873,20132014,2,2014-02-08,False,2014-02-08T19:00:00Z,-05:00,-06:00,US/Central,OFF,OK,52,Jets,Winnipeg,de Winnipeg,WPG,3,19,Blues,St. Louis,de St. Louis,STL,4,5,SO,3,SO,8470880.0,,,,,,,,,,,,,,,,,,,,,STL
2013020874,20132014,2,2014-02-08,False,2014-02-08T20:00:00Z,-05:00,-05:00,US/Eastern,OFF,OK,9,Senators,Ottawa,d'Ottawa,OTT,2,6,Bruins,Boston,de Boston,BOS,7,3,REG,3,REG,8473434.0,8470638.0,Sénateurs,,,,,,,,,,,,,,,,,,,BOS
2013020875,20132014,2,2014-02-08,False,2014-02-08T23:00:00Z,-05:00,-05:00,America/Toronto,OFF,OK,23,Canucks,Vancouver,de Vancouver,VAN,1,10,Maple Leafs,Toronto,de Toronto,TOR,3,3,REG,3,REG,8473541.0,8473548.0,,,,,,,,,,,,,,,,,,,,TOR
2013020876,20132014,2,2014-02-08,False,2014-02-08T23:00:00Z,-05:00,-05:00,US/Eastern,OFF,OK,8,Canadiens,Montréal,de Montréal,MTL,4,12,Hurricanes,Carolina,de la Caroline,CAR,1,3,REG,3,REG,8471679.0,8473466.0,,,,,,,,,,,,,,,,,,,,MTL
2013020878,20132014,2,2014-02-08,False,2014-02-09T00:00:00Z,-05:00,-05:00,America/New_York,OFF,OK,21,Avalanche,Colorado,du Colorado,COL,5,2,Islanders,New York,de New York,NYI,2,3,REG,3,REG,8462044.0,8475168.0,,,,,,,,,,,,,,,,,,,,COL
2013020877,20132014,2,2014-02-08,False,2014-02-09T00:00:00Z,-05:00,-05:00,US/Eastern,OFF,OK,17,Red Wings,Detroit,de Detroit,DET,2,14,Lightning,Tampa Bay,de Tampa Bay,TBL,4,3,REG,3,REG,8471750.0,8473986.0,,,,,,,,,,,,,,,,,,,,TBL
2013020879,20132014,2,2014-02-08,False,2014-02-09T01:00:00Z,-05:00,-05:00,US/Eastern,OFF,OK,1,Devils,New Jersey,du New Jersey,NJD,0,15,Capitals,Washington,de Washington,WSH,3,3,REG,3,REG,8474651.0,8475567.0,,,,,,,,,,,,,,,,,,,,WSH
2013020880,20132014,2,2014-02-08,False,2014-02-09T01:00:00Z,-05:00,-06:00,US/Central,OFF,OK,24,Ducks,Anaheim,d'Anaheim,ANA,5,18,Predators,Nashville,de Nashville,NSH,2,3,REG,3,REG,8473972.0,8475770.0,,,,,,,,,,,,,,,,,,,,ANA
2013020881,20132014,2,2014-02-08,False,2014-02-09T01:00:00Z,-05:00,-06:00,US/Central,OFF,OK,27,Coyotes,Phoenix,de Phoenix,PHX,1,25,Stars,Dallas,de Dallas,DAL,2,3,REG,3,REG,8470140.0,8477501.0,,,,,,,,,,,,,,,,,,,,DAL
2013020647,20132014,2,2014-02-25,False,2014-02-26T00:00:00Z,-05:00,-05:00,America/New_York,OFF,OK,12,Hurricanes,Carolina,de la Caroline,CAR,2,7,Sabres,Buffalo,de Buffalo,BUF,3,3,REG,3,REG,8468011.0,8469555.0,,,,,,,,,,,,,,,,,,,,BUF
2013020882,20132014,2,2014-02-26,False,2014-02-27T00:30:00Z,-05:00,-05:00,America/New_York,OFF,OK,6,Bruins,Boston,de Boston,BOS,4,7,Sabres,Buffalo,de Buffalo,BUF,5,4,OT,3,OT,8473523.0,8471851.0,,,,,,,,,,,,,,,,,,,,BUF
2013020883,20132014,2,2014-02-26,False,2014-02-27T00:30:00Z,-05:00,-05:00,America/Montreal,OFF,OK,17,Red Wings,Detroit,de Detroit,DET,2,8,Canadiens,Montréal,de Montréal,MTL,1,4,OT,3,OT,8470657.0,8474679.0,,,,,,,,,,,,,,,,,,,,DET
2013020884,20132014,2,2014-02-26,False,2014-02-27T03:00:00Z,-05:00,-07:00,America/Denver,OFF,OK,26,Kings,Los Angeles,de Los Angeles,LAK,6,21,Avalanche,Colorado,du Colorado,COL,4,3,REG,3,REG,8474889.0,8471685.0,,,,,,,,,,,,,,,,,,,,LAK
2013020885,20132014,2,2014-02-26,False,2014-02-27T03:30:00Z,-05:00,-08:00,America/Vancouver,OFF,OK,19,Blues,St. Louis,de St. Louis,STL,0,23,Canucks,Vancouver,de Vancouver,VAN,1,3,REG,3,REG,8475663.0,8471498.0,,,,,,,,,,,,,,,,,,,,VAN
2013020889,20132014,2,2014-02-27,False,2014-02-28T00:00:00Z,-05:00,-05:00,US/Eastern,OFF,OK,28,Sharks,San Jose,de San Jose,SJS,7,4,Flyers,Philadelphia,de Philadelphie,PHI,3,3,REG,3,REG,8471774.0,8474053.0,,,,,,,,,,,,,,,,,,,,SJS
2013020888,20132014,2,2014-02-27,False,2014-02-28T00:00:00Z,-05:00,-05:00,America/New_York,OFF,OK,16,Blackhawks,Chicago,de Chicago,CHI,1,3,Rangers,New York,de New York,NYR,2,3,REG,3,REG,8475660.0,8470041.0,,,,,,,,,,,,,,,,,,,,NYR
2013020890,20132014,2,2014-02-27,False,2014-02-28T00:00:00Z,-05:00,-05:00,US/Eastern,OFF,OK,8,Canadiens,Montréal,de Montréal,MTL,6,5,Penguins,Pittsburgh,de Pittsburgh,PIT,5,5,SO,3,SO,8469514.0,,,,,,,,,,,,,,,,,,,,,MTL
2013020886,20132014,2,2014-02-27,False,2014-02-28T00:00:00Z,-05:00,-05:00,US/Eastern,OFF,OK,29,Blue Jackets,Columbus,de Columbus,CBJ,2,1,Devils,New Jersey,du New Jersey,NJD,5,3,REG,3,REG,8471239.0,8474641.0,,,,,,,,,,,,,,,,,,,,NJD
2013020887,20132014,2,2014-02-27,False,2014-02-28T00:00:00Z,-05:00,-05:00,America/New_York,OFF,OK,10,Maple Leafs,Toronto,de Toronto,TOR,4,2,Islanders,New York,de New York,NYI,5,4,OT,3,OT,8460705.0,8468598.0,,,,,,,,,,,,,,,,,,,,NYI
2013020891,20132014,2,2014-02-27,False,2014-02-28T00:30:00Z,-05:00,-05:00,US/Eastern,OFF,OK,17,Red Wings,Detroit,de Detroit,DET,6,9,Senators,Ottawa,d'Ottawa,OTT,1,3,REG,3,REG,8475361.0,8471309.0,,Sénateurs,,,,,,,,,,,,,,,,,,DET
2013020892,20132014,2,2014-02-27,False,2014-02-28T00:30:00Z,-05:00,-05:00,US/Eastern,OFF,OK,15,Capitals,Washington,de Washington,WSH,5,13,Panthers,Florida,de la Floride,FLA,4,3,REG,3,REG,8474651.0,8471214.0,,,,,,,,,,,,,,,,,,,,WSH
2013020893,20132014,2,2014-02-27,False,2014-02-28T01:00:00Z,-05:00,-06:00,US/Central,OFF,OK,14,Lightning,Tampa Bay,de Tampa Bay,TBL,2,18,Predators,Nashville,de Nashville,NSH,3,3,REG,3,REG,8475622.0,8471887.0,,,,,,,,,,,,,,,,,,,,NSH
2013020894,20132014,2,2014-02-27,False,2014-02-28T01:00:00Z,-05:00,-06:00,America/Winnipeg,OFF,OK,27,Coyotes,Phoenix,de Phoenix,PHX,2,52,Jets,Winnipeg,de Winnipeg,WPG,3,5,SO,3,SO,8471715.0,,,,,,,,,,,,,,,,,,,,,WPG
2013020895,20132014,2,2014-02-27,False,2014-02-28T01:30:00Z,-05:00,-06:00,US/Central,OFF,OK,12,Hurricanes,Carolina,de la Caroline,CAR,1,25,Stars,Dallas,de Dallas,DAL,4,3,REG,3,REG,8470140.0,8475455.0,,,,,,,,,,,,,,,,,,,,DAL
2013020897,20132014,2,2014-02-27,False,2014-02-28T02:30:00Z,-05:00,-07:00,America/Edmonton,OFF,OK,30,Wild,Minnesota,du Minnesota,MIN,3,22,Oilers,Edmonton,d'Edmonton,EDM,0,3,REG,3,REG,8475311.0,8475798.0,,,,,,,,,,,,,,,,,,,,MIN
2013020896,20132014,2,2014-02-27,False,2014-02-28T02:30:00Z,-05:00,-07:00,America/Edmonton,OFF,OK,26,Kings,Los Angeles,de Los Angeles,LAK,2,20,Flames,Calgary,de Calgary,CGY,0,3,REG,3,REG,8471734.0,8470606.0,,,,,,,,,,,,,,,,,,,,LAK
2013020898,20132014,2,2014-02-28,False,2014-03-01T00:00:00Z,-05:00,-05:00,America/New_York,OFF,OK,28,Sharks,San Jose,de San Jose,SJS,2,7,Sabres,Buffalo,de Buffalo,BUF,4,3,REG,3,REG,8473523.0,8470852.0,,,,,,,,,,,,,,,,,,,,BUF
2013020899,20132014,2,2014-02-28,False,2014-03-01T02:00:00Z,-05:00,-07:00,America/Denver,OFF,OK,27,Coyotes,Phoenix,de Phoenix,PHX,2,21,Avalanche,Colorado,du Colorado,COL,4,3,REG,3,REG,8473575.0,8471669.0,,,,,,,,,,,,,,,,,,,,COL
2013020901,20132014,2,2014-02-28,False,2014-03-01T03:00:00Z,-05:00,-08:00,America/Los_Angeles,OFF,OK,19,Blues,St. Louis,de St. Louis,STL,0,24,Ducks,Anaheim,d'Anaheim,ANA,1,3,REG,3,REG,8473972.0,8471699.0,,,,,,,,,,,,,,,,,,,,ANA
2013020900,20132014,2,2014-02-28,False,2014-03-01T03:00:00Z,-05:00,-08:00,America/Vancouver,OFF,OK,30,Wild,Minnesota,du Minnesota,MIN,2,23,Canucks,Vancouver,de Vancouver,VAN,1,5,SO,3,SO,8475311.0,,,,,,,,,,,,,,,,,,,,,MIN
2013020902,20132014,2,2014-03-01,False,2014-03-01T18:00:00Z,-05:00,-05:00,US/Eastern,OFF,OK,15,Capitals,Washington,de Washington,WSH,4,6,Bruins,Boston,de Boston,BOS,2,3,REG,3,REG,8474651.0,8468208.0,,,,,,,,,,,,,,,,,,,,WSH
2013020903,20132014,2,2014-03-01,False,2014-03-01T18:00:00Z,-05:00,-05:00,America/New_York,OFF,OK,1,Devils,New Jersey,du New Jersey,NJD,6,2,Islanders,New York,de New York,NYI,1,3,REG,3,REG,8455710.0,8448208.0,,,,,,,,,,,,,,,,,,,,NJD
2013020904,20132014,2,2014-03-01,False,2014-03-01T18:00:00Z,-05:00,-05:00,US/Eastern,OFF,OK,3,Rangers,New York,de New York,NYR,2,4,Flyers,Philadelphia,de Philadelphie,PHI,4,3,REG,3,REG,8473461.0,8474190.0,,,,,,,,,,,,,,,,,,,,PHI
2013020905,20132014,2,2014-03-01,False,2014-03-01T19:00:00Z,-05:00,-05:00,US/Eastern,OFF,OK,13,Panthers,Florida,de la Floride,FLA,3,29,Blue Jackets,Columbus,de Columbus,CBJ,6,3,REG,3,REG,8475683.0,8473573.0,,,,,,,,,,,,,,,,,,,,CBJ
2013020906,20132014,2,2014-03-01,False,2014-03-01T20:00:00Z,-05:00,-06:00,US/Central,OFF,OK,52,Jets,Winnipeg,de Winnipeg,WPG,3,18,Predators,Nashville,de Nashville,NSH,1,3,REG,3,REG,8471715.0,8471217.0,,,,,,,,,,,,,,,,,,,,WPG
2013020907,20132014,2,2014-03-01,False,2014-03-01T20:00:00Z,-05:00,-06:00,US/Central,OFF,OK,14,Lightning,Tampa Bay,de Tampa Bay,TBL,4,25,Stars,Dallas,de Dallas,DAL,2,3,REG,3,REG,8471750.0,8466378.0,,,,,,,,,,,,,,,,,,,,TBL
2013020908,20132014,2,2014-03-01,False,2014-03-01T21:00:00Z,-05:00,-08:00,America/Los_Angeles,OFF,OK,12,Hurricanes,Carolina,de la Caroline,CAR,1,26,Kings,Los Angeles,de Los Angeles,LAK,3,3,REG,3,REG,8471734.0,8474166.0,,,,,,,,,,,,,,,,,,,,LAK
2013020909,20132014,2,2014-03-01,False,2014-03-02T00:00:00Z,-05:00,-05:00,America/Montreal,OFF,OK,10,Maple Leafs,Toronto,de Toronto,TOR,3,8,Canadiens,Montréal,de Montréal,MTL,4,4,OT,3,OT,8469514.0,8474157.0,,,,,,,,,,,,,,,,,,,,MTL
2013020910,20132014,2,2014-03-01,True,2014-03-02T01:00:00Z,-05:00,-06:00,America/Chicago,OFF,OK,5,Penguins,Pittsburgh,de Pittsburgh,PIT,1,16,Blackhawks,Chicago,de Chicago,CHI,5,3,REG,3,REG,8470645.0,8473604.0,,,31.0,Coors Light NHL Stadium Series,,,,,,,,,,,,,,,,CHI
2013020911,20132014,2,2014-03-01,False,2014-03-02T03:00:00Z,-05:00,-07:00,America/Edmonton,OFF,OK,20,Flames,Calgary,de Calgary,CGY,2,22,Oilers,Edmonton,d'Edmonton,EDM,1,4,OT,3,OT,8473499.0,8477497.0,,,,,,,,,,,,,,,,,,,,CGY
2013020912,20132014,2,2014-03-02,False,2014-03-02T17:30:00Z,-05:00,-05:00,US/Eastern,OFF,OK,4,Flyers,Philadelphia,de Philadelphie,PHI,5,15,Capitals,Washington,de Washington,WSH,4,4,OT,3,OT,8473461.0,8467329.0,,,,,,,,,,,,,,,,,,,,PHI
2013020913,20132014,2,2014-03-02,False,2014-03-02T20:00:00Z,-05:00,-05:00,US/Eastern,OFF,OK,28,Sharks,San Jose,de San Jose,SJS,4,1,Devils,New Jersey,du New Jersey,NJD,2,3,REG,3,REG,8471774.0,8476442.0,,,,,,,,,,,,,,,,,,,,SJS
2013020914,20132014,2,2014-03-02,False,2014-03-02T20:00:00Z,-05:00,-05:00,America/New_York,OFF,OK,13,Panthers,Florida,de la Floride,FLA,5,2,Islanders,New York,de New York,NYI,3,3,REG,3,REG,8460703.0,8470105.0,,,,,,,,,,,,,,,,,,,,FLA
2013020915,20132014,2,2014-03-02,True,2014-03-02T21:00:00Z,-05:00,-08:00,America/Vancouver,OFF,OK,9,Senators,Ottawa,d'Ottawa,OTT,4,23,Canucks,Vancouver,de Vancouver,VAN,2,3,REG,3,REG,8467950.0,8476879.0,Sénateurs,,18.0,Tim Hortons NHL Heritage Classic,,,,,,,,,,,,,Héritage classique NHL,,,OTT
2013020916,20132014,2,2014-03-02,False,2014-03-03T00:00:00Z,-05:00,-05:00,America/New_York,OFF,OK,6,Bruins,Boston,de Boston,BOS,6,3,Rangers,New York,de New York,NYR,3,3,REG,3,REG,8471695.0,8470169.0,,,,,,,,,,,,,,,,,,,,BOS
2013020917,20132014,2,2014-03-02,False,2014-03-03T01:00:00Z,-05:00,-07:00,America/Denver,OFF,OK,14,Lightning,Tampa Bay,de Tampa Bay,TBL,3,21,Avalanche,Colorado,du Colorado,COL,6,3,REG,3,REG,8473575.0,8473446.0,,,,,,,,,,,,,,,,,,,,COL
2013020918,20132014,2,2014-03-02,False,2014-03-03T01:00:00Z,-05:00,-07:00,America/Phoenix,OFF,OK,19,Blues,St. Louis,de St. Louis,STL,4,27,Coyotes,Phoenix,de Phoenix,PHX,2,3,REG,3,REG,8468011.0,8474031.0,,,,,,,,,,,,,,,,,,,,STL
2013020919,20132014,2,2014-03-02,False,2014-03-03T01:00:00Z,-05:00,-08:00,America/Los_Angeles,OFF,OK,12,Hurricanes,Carolina,de la Caroline,CAR,3,24,Ducks,Anaheim,d'Anaheim,ANA,5,3,REG,3,REG,8475883.0,8471699.0,,,,,,,,,,,,,,,,,,,,ANA
2013020920,20132014,2,2014-03-03,False,2014-03-04T00:00:00Z,-05:00,-05:00,America/Toronto,OFF,OK,29,Blue Jackets,Columbus,de Columbus,CBJ,2,10,Maple Leafs,Toronto,de Toronto,TOR,1,3,REG,3,REG,8475683.0,8473573.0,,,,,,,,,,,,,,,,,,,,CBJ
2013020921,20132014,2,2014-03-03,False,2014-03-04T01:00:00Z,-05:00,-06:00,US/Central,OFF,OK,7,Sabres,Buffalo,de Buffalo,BUF,2,25,Stars,Dallas,de Dallas,DAL,3,3,REG,3,REG,8470140.0,8475163.0,,,,,,,,,,,,,,,,,,,,DAL
2013020922,20132014,2,2014-03-03,False,2014-03-04T01:00:00Z,-05:00,-06:00,US/Central,OFF,OK,20,Flames,Calgary,de Calgary,CGY,2,30,Wild,Minnesota,du Minnesota,MIN,3,3,REG,3,REG,8475311.0,8470610.0,,,,,,,,,,,,,,,,,,,,MIN
2013020923,20132014,2,2014-03-03,False,2014-03-04T03:30:00Z,-05:00,-08:00,America/Los_Angeles,OFF,OK,8,Canadiens,Montréal,de Montréal,MTL,1,26,Kings,Los Angeles,de Los Angeles,LAK,2,3,REG,3,REG,8471734.0,8470604.0,,,,,,,,,,,,,,,,,,,,LAK
2013020926,20132014,2,2014-03-04,False,2014-03-05T00:00:00Z,-05:00,-05:00,US/Eastern,OFF,OK,25,Stars,Dallas,de Dallas,DAL,2,29,Blue Jackets,Columbus,de Columbus,CBJ,4,3,REG,3,REG,8475683.0,8473573.0,,,,,,,,,,,,,,,,,,,,CBJ
2013020925,20132014,2,2014-03-04,False,2014-03-05T00:00:00Z,-05:00,-05:00,US/Eastern,OFF,OK,17,Red Wings,Detroit,de Detroit,DET,3,1,Devils,New Jersey,du New Jersey,NJD,4,3,REG,3,REG,8455710.0,8472410.0,,,,,,,,,,,,,,,,,,,,NJD
2013020924,20132014,2,2014-03-04,False,2014-03-05T00:00:00Z,-05:00,-05:00,US/Eastern,OFF,OK,13,Panthers,Florida,de la Floride,FLA,1,6,Bruins,Boston,de Boston,BOS,4,3,REG,3,REG,8473434.0,8462042.0,,,,,,,,,,,,,,,,,,,,BOS
2013020929,20132014,2,2014-03-04,False,2014-03-05T01:00:00Z,-05:00,-06:00,US/Central,OFF,OK,5,Penguins,Pittsburgh,de Pittsburgh,PIT,3,18,Predators,Nashville,de Nashville,NSH,1,3,REG,3,REG,8470594.0,8471702.0,,,,,,,,,,,,,,,,,,,,PIT
2013020927,20132014,2,2014-03-04,False,2014-03-05T01:00:00Z,-05:00,-06:00,America/Chicago,OFF,OK,21,Avalanche,Colorado,du Colorado,COL,4,16,Blackhawks,Chicago,de Chicago,CHI,2,3,REG,3,REG,8473575.0,8475197.0,,,,,,,,,,,,,,,,,,,,COL
2013020930,20132014,2,2014-03-04,False,2014-03-05T01:00:00Z,-05:00,-06:00,America/Winnipeg,OFF,OK,2,Islanders,New York,de New York,NYI,3,52,Jets,Winnipeg,de Winnipeg,WPG,2,4,OT,3,OT,8475195.0,8473546.0,,,,,,,,,,,,,,,,,,,,NYI
2013020928,20132014,2,2014-03-04,False,2014-03-05T01:00:00Z,-05:00,-06:00,US/Central,OFF,OK,14,Lightning,Tampa Bay,de Tampa Bay,TBL,2,19,Blues,St. Louis,de St. Louis,STL,4,3,REG,3,REG,8468011.0,8470257.0,,,,,,,,,,,,,,,,,,,,STL
2013020931,20132014,2,2014-03-04,False,2014-03-05T02:00:00Z,-05:00,-07:00,America/Phoenix,OFF,OK,23,Canucks,Vancouver,de Vancouver,VAN,0,27,Coyotes,Phoenix,de Phoenix,PHX,1,3,REG,3,REG,8469608.0,8468535.0,,,,,,,,,,,,,,,,,,,,PHX
2013020932,20132014,2,2014-03-04,False,2014-03-05T02:30:00Z,-05:00,-07:00,America/Edmonton,OFF,OK,9,Senators,Ottawa,d'Ottawa,OTT,2,22,Oilers,Edmonton,d'Edmonton,EDM,3,3,REG,3,REG,8475681.0,8474586.0,Sénateurs,,,,,,,,,,,,,,,,,,,EDM
2013020933,20132014,2,2014-03-04,False,2014-03-05T03:30:00Z,-05:00,-08:00,US/Pacific,OFF,OK,12,Hurricanes,Carolina,de la Caroline,CAR,3,28,Sharks,San Jose,de San Jose,SJS,2,4,OT,3,OT,8471418.0,8469531.0,,,,,,,,,,,,,,,,,,,,CAR
2013020934,20132014,2,2014-03-05,False,2014-03-06T00:00:00Z,-05:00,-05:00,America/New_York,OFF,OK,10,Maple Leafs,Toronto,de Toronto,TOR,3,3,Rangers,New York,de New York,NYR,2,4,OT,3,OT,8473541.0,8475098.0,,,,,,,,,,,,,,,,,,,,TOR
2013020935,20132014,2,2014-03-05,False,2014-03-06T01:00:00Z,-05:00,-05:00,US/Eastern,OFF,OK,15,Capitals,Washington,de Washington,WSH,4,4,Flyers,Philadelphia,de Philadelphie,PHI,6,3,REG,3,REG,8473461.0,8474161.0,,,,,,,,,,,,,,,,,,,,PHI
2013020936,20132014,2,2014-03-05,False,2014-03-06T02:30:00Z,-05:00,-07:00,America/Edmonton,OFF,OK,9,Senators,Ottawa,d'Ottawa,OTT,1,20,Flames,Calgary,de Calgary,CGY,4,3,REG,3,REG,8475299.0,8474038.0,Sénateurs,,,,,,,,,,,,,,,,,,,CGY
2013020937,20132014,2,2014-03-05,False,2014-03-06T03:00:00Z,-05:00,-08:00,America/Los_Angeles,OFF,OK,8,Canadiens,Montréal,de Montréal,MTL,4,24,Ducks,Anaheim,d'Anaheim,ANA,3,5,SO,3,SO,8474682.0,,,,,,,,,,,,,,,,,,,,,MTL
2013020939,20132014,2,2014-03-06,False,2014-03-07T00:00:00Z,-05:00,-06:00,America/Winnipeg,OFF,OK,26,Kings,Los Angeles,de Los Angeles,LAK,3,52,Jets,Winnipeg,de Winnipeg,WPG,1,3,REG,3,REG,8471734.0,8470617.0,,,,,,,,,,,,,,,,,,,,LAK
2013020938,20132014,2,2014-03-06,False,2014-03-07T00:00:00Z,-05:00,-05:00,US/Eastern,OFF,OK,15,Capitals,Washington,de Washington,WSH,0,6,Bruins,Boston,de Boston,BOS,3,3,REG,3,REG,8471695.0,8470169.0,,,,,,,,,,,,,,,,,,,,BOS
2013020941,20132014,2,2014-03-06,False,2014-03-07T00:30:00Z,-05:00,-05:00,US/Eastern,OFF,OK,7,Sabres,Buffalo,de Buffalo,BUF,3,14,Lightning,Tampa Bay,de Tampa Bay,TBL,1,3,REG,3,REG,8473523.0,8475220.0,,,,,,,,,,,,,,,,,,,,BUF
2013020943,20132014,2,2014-03-06,False,2014-03-07T01:00:00Z,-05:00,-06:00,US/Central,OFF,OK,19,Blues,St. Louis,de St. Louis,STL,2,18,Predators,Nashville,de Nashville,NSH,1,3,REG,3,REG,8468011.0,8475175.0,,,,,,,,,,,,,,,,,,,,STL
2013020942,20132014,2,2014-03-06,False,2014-03-07T01:00:00Z,-05:00,-06:00,America/Chicago,OFF,OK,29,Blue Jackets,Columbus,de Columbus,CBJ,1,16,Blackhawks,Chicago,de Chicago,CHI,6,3,REG,3,REG,8470645.0,8476381.0,,,,,,,,,,,,,,,,,,,,CHI
2013020940,20132014,2,2014-03-06,False,2014-03-07T01:00:00Z,-05:00,-05:00,America/Detroit,OFF,OK,21,Avalanche,Colorado,du Colorado,COL,3,17,Red Wings,Detroit,de Detroit,DET,2,4,OT,3,OT,8462044.0,8470378.0,,,,,,,,,,,,,,,,,,,,COL
2013020944,20132014,2,2014-03-06,False,2014-03-07T01:30:00Z,-05:00,-06:00,US/Central,OFF,OK,23,Canucks,Vancouver,de Vancouver,VAN,1,25,Stars,Dallas,de Dallas,DAL,6,3,REG,3,REG,8470140.0,8475794.0,,,,,,,,,,,,,,,,,,,,DAL
2013020945,20132014,2,2014-03-06,False,2014-03-07T02:00:00Z,-05:00,-07:00,America/Phoenix,OFF,OK,8,Canadiens,Montréal,de Montréal,MTL,2,27,Coyotes,Phoenix,de Phoenix,PHX,5,3,REG,3,REG,8469608.0,8475171.0,,,,,,,,,,,,,,,,,,,,PHX
2013020946,20132014,2,2014-03-06,False,2014-03-07T02:30:00Z,-05:00,-07:00,America/Edmonton,OFF,OK,2,Islanders,New York,de New York,NYI,2,22,Oilers,Edmonton,d'Edmonton,EDM,3,4,OT,3,OT,8475681.0,8475791.0,,,,,,,,,,,,,,,,,,,,EDM
2013020947,20132014,2,2014-03-06,False,2014-03-07T03:30:00Z,-05:00,-08:00,US/Pacific,OFF,OK,5,Penguins,Pittsburgh,de Pittsburgh,PIT,3,28,Sharks,San Jose,de San Jose,SJS,5,3,REG,3,REG,8474550.0,8466138.0,,,,,,,,,,,,,,,,,,,,SJS
2013020948,20132014,2,2014-03-07,False,2014-03-08T00:00:00Z,-05:00,-05:00,US/Eastern,OFF,OK,3,Rangers,New York,de New York,NYR,4,12,Hurricanes,Carolina,de la Caroline,CAR,2,3,REG,3,REG,8468685.0,8474613.0,,,,,,,,,,,,,,,,,,,,NYR
2013020950,20132014,2,2014-03-07,False,2014-03-08T00:30:00Z,-05:00,-05:00,US/Eastern,OFF,OK,7,Sabres,Buffalo,de Buffalo,BUF,0,13,Panthers,Florida,de la Floride,FLA,2,3,REG,3,REG,8466141.0,8474498.0,,,,,,,,,,,,,,,,,,,,FLA
2013020949,20132014,2,2014-03-07,False,2014-03-08T00:30:00Z,-05:00,-05:00,America/Detroit,OFF,OK,1,Devils,New Jersey,du New Jersey,NJD,4,17,Red Wings,Detroit,de Detroit,DET,7,3,REG,3,REG,8475361.0,8470724.0,,,,,,,,,,,,,,,,,,,,DET
2013020951,20132014,2,2014-03-07,False,2014-03-08T02:00:00Z,-05:00,-07:00,America/Edmonton,OFF,OK,2,Islanders,New York,de New York,NYI,3,20,Flames,Calgary,de Calgary,CGY,4,3,REG,3,REG,8475299.0,8474577.0,,,,,,,,,,,,,,,,,,,,CGY
2013020952,20132014,2,2014-03-07,False,2014-03-08T03:00:00Z,-05:00,-08:00,America/Los_Angeles,OFF,OK,5,Penguins,Pittsburgh,de Pittsburgh,PIT,3,24,Ducks,Anaheim,d'Anaheim,ANA,2,5,SO,3,SO,8470594.0,,,,,,,,,,,,,,,,,,,,,PIT
2013020954,20132014,2,2014-03-08,False,2014-03-08T20:00:00Z,-05:00,-07:00,America/Denver,OFF,OK,19,Blues,St. Louis,de St. Louis,STL,2,21,Avalanche,Colorado,du Colorado,COL,1,3,REG,3,REG,8468011.0,8473534.0,,,,,,,,,,,,,,,,,,,,STL
2013020953,20132014,2,2014-03-08,False,2014-03-08T20:00:00Z,-05:00,-06:00,America/Winnipeg,OFF,OK,9,Senators,Ottawa,d'Ottawa,OTT,5,52,Jets,Winnipeg,de Winnipeg,WPG,3,3,REG,3,REG,8467950.0,8474068.0,Sénateurs,,,,,,,,,,,,,,,,,,,OTT
2013020957,20132014,2,2014-03-08,False,2014-03-09T00:00:00Z,-05:00,-05:00,US/Eastern,OFF,OK,12,Hurricanes,Carolina,de la Caroline,CAR,4,1,Devils,New Jersey,du New Jersey,NJD,5,3,REG,3,REG,8455710.0,8469462.0,,,,,,,,,,,,,,,,,,,,NJD
2013020955,20132014,2,2014-03-08,False,2014-03-09T00:00:00Z,-05:00,-05:00,America/Toronto,OFF,OK,4,Flyers,Philadelphia,de Philadelphie,PHI,3,10,Maple Leafs,Toronto,de Toronto,TOR,4,4,OT,3,OT,8473541.0,8470207.0,,,,,,,,,,,,,,,,,,,,TOR
2013020956,20132014,2,2014-03-08,False,2014-03-09T00:00:00Z,-05:00,-05:00,US/Eastern,OFF,OK,6,Bruins,Boston,de Boston,BOS,4,14,Lightning,Tampa Bay,de Tampa Bay,TBL,3,5,SO,3,SO,8471695.0,,,,,,,,,,,,,,,,,,,,,BOS
2013020958,20132014,2,2014-03-08,False,2014-03-09T00:00:00Z,-05:00,-05:00,US/Eastern,OFF,OK,27,Coyotes,Phoenix,de Phoenix,PHX,2,15,Capitals,Washington,de Washington,WSH,3,3,REG,3,REG,8470860.0,8471426.0,,,,,,,,,,,,,,,,,,,,WSH
2013020959,20132014,2,2014-03-08,False,2014-03-09T01:00:00Z,-05:00,-06:00,US/Central,OFF,OK,29,Blue Jackets,Columbus,de Columbus,CBJ,1,18,Predators,Nashville,de Nashville,NSH,0,3,REG,3,REG,8475683.0,8473573.0,,,,,,,,,,,,,,,,,,,,CBJ
2013020960,20132014,2,2014-03-08,False,2014-03-09T01:30:00Z,-05:00,-06:00,US/Central,OFF,OK,30,Wild,Minnesota,du Minnesota,MIN,3,25,Stars,Dallas,de Dallas,DAL,4,3,REG,3,REG,8460703.0,8467396.0,,,,,,,,,,,,,,,,,,,,DAL
2013020962,20132014,2,2014-03-08,False,2014-03-09T03:00:00Z,-05:00,-08:00,US/Pacific,OFF,OK,8,Canadiens,Montréal,de Montréal,MTL,0,28,Sharks,San Jose,de San Jose,SJS,4,3,REG,3,REG,8474550.0,8474739.0,,,,,,,,,,,,,,,,,,,,SJS
2013020961,20132014,2,2014-03-08,False,2014-03-09T03:00:00Z,-05:00,-08:00,America/Vancouver,OFF,OK,20,Flames,Calgary,de Calgary,CGY,1,23,Canucks,Vancouver,de Vancouver,VAN,2,3,REG,3,REG,8475663.0,8474134.0,,,,,,,,,,,,,,,,,,,,VAN
2013020965,20132014,2,2014-03-09,False,2014-03-09T16:30:00Z,-04:00,-04:00,America/New_York,OFF,OK,17,Red Wings,Detroit,de Detroit,DET,0,3,Rangers,New York,de New York,NYR,3,3,REG,3,REG,8468685.0,8470619.0,,,,,,,,,,,,,,,,,,,,NYR
2013020963,20132014,2,2014-03-09,False,2014-03-09T21:00:00Z,-04:00,-04:00,US/Eastern,OFF,OK,6,Bruins,Boston,de Boston,BOS,5,13,Panthers,Florida,de la Floride,FLA,2,3,REG,3,REG,8473434.0,8470638.0,,,,,,,,,,,,,,,,,,,,BOS
2013020964,20132014,2,2014-03-09,False,2014-03-09T23:30:00Z,-04:00,-04:00,America/New_York,OFF,OK,16,Blackhawks,Chicago,de Chicago,CHI,2,7,Sabres,Buffalo,de Buffalo,BUF,1,3,REG,3,REG,8470645.0,8473604.0,,,,,,,,,,,,,,,,,,,,CHI
2013020967,20132014,2,2014-03-09,False,2014-03-10T00:00:00Z,-04:00,-06:00,America/Edmonton,OFF,OK,26,Kings,Los Angeles,de Los Angeles,LAK,4,22,Oilers,Edmonton,d'Edmonton,EDM,2,3,REG,3,REG,8471734.0,8470604.0,,,,,,,,,,,,,,,,,,,,LAK
2013020966,20132014,2,2014-03-09,False,2014-03-10T00:00:00Z,-04:00,-05:00,US/Central,OFF,OK,19,Blues,St. Louis,de St. Louis,STL,3,30,Wild,Minnesota,du Minnesota,MIN,2,5,SO,3,SO,8470880.0,,,,,,,,,,,,,,,,,,,,,STL
2013020968,20132014,2,2014-03-10,False,2014-03-10T23:00:00Z,-04:00,-04:00,US/Eastern,OFF,OK,5,Penguins,Pittsburgh,de Pittsburgh,PIT,3,15,Capitals,Washington,de Washington,WSH,2,3,REG,3,REG,8473553.0,8470543.0,,,,,,,,,,,,,,,,,,,,PIT
2013020969,20132014,2,2014-03-10,False,2014-03-10T23:30:00Z,-04:00,-04:00,US/Eastern,OFF,OK,18,Predators,Nashville,de Nashville,NSH,4,9,Senators,Ottawa,d'Ottawa,OTT,3,4,OT,3,OT,8471469.0,8477495.0,,Sénateurs,,,,,,,,,,,,,,,,,,NSH
2013020970,20132014,2,2014-03-10,False,2014-03-10T23:30:00Z,-04:00,-04:00,US/Eastern,OFF,OK,27,Coyotes,Phoenix,de Phoenix,PHX,4,14,Lightning,Tampa Bay,de Tampa Bay,TBL,3,5,SO,3,SO,8469608.0,,,,,,,,,,,,,,,,,,,,,PHX
2013020972,20132014,2,2014-03-10,False,2014-03-11T01:00:00Z,-04:00,-06:00,America/Denver,OFF,OK,52,Jets,Winnipeg,de Winnipeg,WPG,2,21,Avalanche,Colorado,du Colorado,COL,3,4,OT,3,OT,8473575.0,8475168.0,,,,,,,,,,,,,,,,,,,,COL
2013020973,20132014,2,2014-03-10,False,2014-03-11T01:00:00Z,-04:00,-06:00,America/Edmonton,OFF,OK,26,Kings,Los Angeles,de Los Angeles,LAK,3,20,Flames,Calgary,de Calgary,CGY,2,3,REG,3,REG,8474889.0,8471685.0,,,,,,,,,,,,,,,,,,,,LAK
2013020974,20132014,2,2014-03-10,False,2014-03-11T02:00:00Z,-04:00,-07:00,America/Vancouver,OFF,OK,2,Islanders,New York,de New York,NYI,7,23,Canucks,Vancouver,de Vancouver,VAN,4,3,REG,3,REG,8460705.0,8474709.0,,,,,,,,,,,,,,,,,,,,NYI
2013020975,20132014,2,2014-03-10,False,2014-03-11T02:00:00Z,-04:00,-07:00,America/Los_Angeles,OFF,OK,10,Maple Leafs,Toronto,de Toronto,TOR,3,24,Ducks,Anaheim,d'Anaheim,ANA,1,3,REG,3,REG,8473541.0,8473548.0,,,,,,,,,,,,,,,,,,,,TOR
2013020976,20132014,2,2014-03-11,False,2014-03-11T23:00:00Z,-04:00,-04:00,America/New_York,OFF,OK,18,Predators,Nashville,de Nashville,NSH,4,7,Sabres,Buffalo,de Buffalo,BUF,1,3,REG,3,REG,8475622.0,8470642.0,,,,,,,,,,,,,,,,,,,,NSH
2013020979,20132014,2,2014-03-11,False,2014-03-11T23:00:00Z,-04:00,-04:00,US/Eastern,OFF,OK,17,Red Wings,Detroit,de Detroit,DET,1,29,Blue Jackets,Columbus,de Columbus,CBJ,4,3,REG,3,REG,8475683.0,8476432.0,,,,,,,,,,,,,,,,,,,,CBJ
2013020977,20132014,2,2014-03-11,False,2014-03-11T23:00:00Z,-04:00,-04:00,US/Eastern,OFF,OK,1,Devils,New Jersey,du New Jersey,NJD,2,4,Flyers,Philadelphia,de Philadelphie,PHI,1,3,REG,3,REG,8455710.0,8448208.0,,,,,,,,,,,,,,,,,,,,NJD
2013020978,20132014,2,2014-03-11,False,2014-03-11T23:00:00Z,-04:00,-04:00,US/Eastern,OFF,OK,3,Rangers,New York,de New York,NYR,1,12,Hurricanes,Carolina,de la Caroline,CAR,3,3,REG,3,REG,8470320.0,8473533.0,,,,,,,,,,,,,,,,,,,,CAR
2013020981,20132014,2,2014-03-11,False,2014-03-11T23:30:00Z,-04:00,-04:00,US/Eastern,OFF,OK,15,Capitals,Washington,de Washington,WSH,0,5,Penguins,Pittsburgh,de Pittsburgh,PIT,2,3,REG,3,REG,8470594.0,8469638.0,,,,,,,,,,,,,,,,,,,,PIT
2013020980,20132014,2,2014-03-11,False,2014-03-11T23:30:00Z,-04:00,-04:00,US/Eastern,OFF,OK,27,Coyotes,Phoenix,de Phoenix,PHX,3,13,Panthers,Florida,de la Floride,FLA,1,3,REG,3,REG,8469608.0,8475171.0,,,,,,,,,,,,,,,,,,,,PHX
2013020983,20132014,2,2014-03-11,False,2014-03-12T00:00:00Z,-04:00,-05:00,US/Central,OFF,OK,22,Oilers,Edmonton,d'Edmonton,EDM,4,30,Wild,Minnesota,du Minnesota,MIN,3,5,SO,3,SO,8476839.0,,,,,,,,,,,,,,,,,,,,,EDM
2013020982,20132014,2,2014-03-11,False,2014-03-12T00:00:00Z,-04:00,-05:00,US/Central,OFF,OK,25,Stars,Dallas,de Dallas,DAL,3,19,Blues,St. Louis,de St. Louis,STL,2,4,OT,3,OT,8460703.0,8473994.0,,,,,,,,,,,,,,,,,,,,DAL
2013020984,20132014,2,2014-03-11,False,2014-03-12T02:30:00Z,-04:00,-07:00,US/Pacific,OFF,OK,10,Maple Leafs,Toronto,de Toronto,TOR,2,28,Sharks,San Jose,de San Jose,SJS,6,3,REG,3,REG,8474550.0,8474739.0,,,,,,,,,,,,,,,,,,,,SJS
2013020985,20132014,2,2014-03-12,False,2014-03-12T23:30:00Z,-04:00,-04:00,America/Montreal,OFF,OK,6,Bruins,Boston,de Boston,BOS,4,8,Canadiens,Montréal,de Montréal,MTL,1,3,REG,3,REG,8471695.0,8470638.0,,,,,,,,,,,,,,,,,,,,BOS
2013020986,20132014,2,2014-03-12,False,2014-03-12T23:30:00Z,-04:00,-05:00,America/Winnipeg,OFF,OK,23,Canucks,Vancouver,de Vancouver,VAN,3,52,Jets,Winnipeg,de Winnipeg,WPG,2,5,SO,3,SO,8475663.0,,,,,,,,,,,,,,,,,,,,,VAN
2013020987,20132014,2,2014-03-12,False,2014-03-13T01:30:00Z,-04:00,-06:00,America/Denver,OFF,OK,16,Blackhawks,Chicago,de Chicago,CHI,2,21,Avalanche,Colorado,du Colorado,COL,3,3,REG,3,REG,8473575.0,8475158.0,,,,,,,,,,,,,,,,,,,,COL
2013020988,20132014,2,2014-03-12,False,2014-03-13T02:00:00Z,-04:00,-06:00,America/Edmonton,OFF,OK,24,Ducks,Anaheim,d'Anaheim,ANA,2,20,Flames,Calgary,de Calgary,CGY,7,3,REG,3,REG,8475299.0,8469500.0,,,,,,,,,,,,,,,,,,,,CGY
2013020990,20132014,2,2014-03-13,False,2014-03-13T23:00:00Z,-04:00,-04:00,US/Eastern,OFF,OK,7,Sabres,Buffalo,de Buffalo,BUF,2,12,Hurricanes,Carolina,de la Caroline,CAR,4,3,REG,3,REG,8470320.0,8473482.0,,,,,,,,,,,,,,,,,,,,CAR
2013020989,20132014,2,2014-03-13,False,2014-03-13T23:00:00Z,-04:00,-04:00,US/Eastern,OFF,OK,27,Coyotes,Phoenix,de Phoenix,PHX,1,6,Bruins,Boston,de Boston,BOS,2,3,REG,3,REG,8471695.0,8462042.0,,,,,,,,,,,,,,,,,,,,BOS
2013020991,20132014,2,2014-03-13,False,2014-03-13T23:00:00Z,-04:00,-04:00,US/Eastern,OFF,OK,28,Sharks,San Jose,de San Jose,SJS,4,29,Blue Jackets,Columbus,de Columbus,CBJ,3,5,SO,3,SO,8471774.0,,,,,,,,,,,,,,,,,,,,,SJS
2013020992,20132014,2,2014-03-13,False,2014-03-13T23:30:00Z,-04:00,-04:00,US/Eastern,OFF,OK,13,Panthers,Florida,de la Floride,FLA,4,14,Lightning,Tampa Bay,de Tampa Bay,TBL,5,3,REG,3,REG,8471750.0,8474564.0,,,,,,,,,,,,,,,,,,,,TBL
2013020993,20132014,2,2014-03-13,False,2014-03-14T00:00:00Z,-04:00,-05:00,US/Central,OFF,OK,22,Oilers,Edmonton,d'Edmonton,EDM,2,19,Blues,St. Louis,de St. Louis,STL,6,3,REG,3,REG,8468011.0,8474565.0,,,,,,,,,,,,,,,,,,,,STL
2013020994,20132014,2,2014-03-13,False,2014-03-14T00:00:00Z,-04:00,-05:00,US/Central,OFF,OK,3,Rangers,New York,de New York,NYR,1,30,Wild,Minnesota,du Minnesota,MIN,2,3,REG,3,REG,8475311.0,8470610.0,,,,,,,,,,,,,,,,,,,,MIN
2013020995,20132014,2,2014-03-13,False,2014-03-14T02:30:00Z,-04:00,-07:00,America/Los_Angeles,OFF,OK,10,Maple Leafs,Toronto,de Toronto,TOR,3,26,Kings,Los Angeles,de Los Angeles,LAK,2,3,REG,3,REG,8473503.0,8471664.0,,,,,,,,,,,,,,,,,,,,TOR
2013020997,20132014,2,2014-03-14,False,2014-03-14T23:00:00Z,-04:00,-04:00,US/Eastern,OFF,OK,23,Canucks,Vancouver,de Vancouver,VAN,3,15,Capitals,Washington,de Washington,WSH,4,3,REG,3,REG,8470860.0,8471242.0,,,,,,,,,,,,,,,,,,,,WSH
2013020996,20132014,2,2014-03-14,False,2014-03-14T23:00:00Z,-04:00,-04:00,America/New_York,OFF,OK,28,Sharks,San Jose,de San Jose,SJS,4,2,Islanders,New York,de New York,NYI,3,3,REG,3,REG,8474550.0,8467899.0,,,,,,,,,,,,,,,,,,,,SJS
2013020999,20132014,2,2014-03-14,False,2014-03-14T23:30:00Z,-04:00,-04:00,US/Eastern,OFF,OK,1,Devils,New Jersey,du New Jersey,NJD,3,13,Panthers,Florida,de la Floride,FLA,5,3,REG,3,REG,8466141.0,8470105.0,,,,,,,,,,,,,,,,,,,,FLA
2013020998,20132014,2,2014-03-14,False,2014-03-14T23:30:00Z,-04:00,-04:00,America/Detroit,OFF,OK,22,Oilers,Edmonton,d'Edmonton,EDM,1,17,Red Wings,Detroit,de Detroit,DET,2,5,SO,3,SO,8470657.0,,,,,,,,,,,,,,,,,,,,,DET
2013021001,20132014,2,2014-03-14,False,2014-03-15T00:00:00Z,-04:00,-05:00,America/Winnipeg,OFF,OK,3,Rangers,New York,de New York,NYR,4,52,Jets,Winnipeg,de Winnipeg,WPG,2,3,REG,3,REG,8468685.0,8474176.0,,,,,,,,,,,,,,,,,,,,NYR
2013021000,20132014,2,2014-03-14,False,2014-03-15T00:00:00Z,-04:00,-05:00,America/Chicago,OFF,OK,18,Predators,Nashville,de Nashville,NSH,3,16,Blackhawks,Chicago,de Chicago,CHI,2,3,REG,3,REG,8471469.0,8475176.0,,,,,,,,,,,,,,,,,,,,NSH
2013021002,20132014,2,2014-03-14,False,2014-03-15T00:30:00Z,-04:00,-05:00,US/Central,OFF,OK,20,Flames,Calgary,de Calgary,CGY,4,25,Stars,Dallas,de Dallas,DAL,3,5,SO,3,SO,8469732.0,,,,,,,,,,,,,,,,,,,,,CGY
2013021003,20132014,2,2014-03-14,False,2014-03-15T01:00:00Z,-04:00,-06:00,America/Denver,OFF,OK,24,Ducks,Anaheim,d'Anaheim,ANA,6,21,Avalanche,Colorado,du Colorado,COL,4,3,REG,3,REG,8473972.0,8473933.0,,,,,,,,,,,,,,,,,,,,ANA
2013021005,20132014,2,2014-03-15,False,2014-03-15T17:00:00Z,-04:00,-04:00,US/Eastern,OFF,OK,5,Penguins,Pittsburgh,de Pittsburgh,PIT,0,4,Flyers,Philadelphia,de Philadelphie,PHI,4,3,REG,3,REG,8473461.0,8468486.0,,,,,,,,,,,,,,,,,,,,PHI
2013021004,20132014,2,2014-03-15,False,2014-03-15T17:00:00Z,-04:00,-04:00,US/Eastern,OFF,OK,12,Hurricanes,Carolina,de la Caroline,CAR,1,6,Bruins,Boston,de Boston,BOS,5,3,REG,3,REG,8473434.0,8462042.0,,,,,,,,,,,,,,,,,,,,BOS
2013021007,20132014,2,2014-03-15,False,2014-03-15T23:00:00Z,-04:00,-04:00,US/Eastern,OFF,OK,1,Devils,New Jersey,du New Jersey,NJD,0,14,Lightning,Tampa Bay,de Tampa Bay,TBL,3,3,REG,3,REG,8471750.0,8470647.0,,,,,,,,,,,,,,,,,,,,TBL
2013021008,20132014,2,2014-03-15,False,2014-03-15T23:00:00Z,-04:00,-04:00,America/New_York,OFF,OK,7,Sabres,Buffalo,de Buffalo,BUF,1,2,Islanders,New York,de New York,NYI,4,3,REG,3,REG,8475195.0,8473449.0,,,,,,,,,,,,,,,,,,,,NYI
2013021006,20132014,2,2014-03-15,False,2014-03-15T23:00:00Z,-04:00,-04:00,America/Montreal,OFF,OK,9,Senators,Ottawa,d'Ottawa,OTT,4,8,Canadiens,Montréal,de Montréal,MTL,5,4,OT,3,OT,8471679.0,8465914.0,Sénateurs,,,,,,,,,,,,,,,,,,,MTL
2013021009,20132014,2,2014-03-15,False,2014-03-16T00:00:00Z,-04:00,-05:00,US/Central,OFF,OK,19,Blues,St. Louis,de St. Louis,STL,4,18,Predators,Nashville,de Nashville,NSH,1,3,REG,3,REG,8468011.0,8473534.0,,,,,,,,,,,,,,,,,,,,STL
2013021010,20132014,2,2014-03-15,False,2014-03-16T00:00:00Z,-04:00,-05:00,US/Central,OFF,OK,29,Blue Jackets,Columbus,de Columbus,CBJ,2,30,Wild,Minnesota,du Minnesota,MIN,1,5,SO,3,SO,8475683.0,,,,,,,,,,,,,,,,,,,,,CBJ
2013021011,20132014,2,2014-03-15,False,2014-03-16T02:00:00Z,-04:00,-07:00,America/Phoenix,OFF,OK,20,Flames,Calgary,de Calgary,CGY,2,27,Coyotes,Phoenix,de Phoenix,PHX,3,3,REG,3,REG,8469608.0,8462038.0,,,,,,,,,,,,,,,,,,,,PHX
2013021012,20132014,2,2014-03-15,False,2014-03-16T02:30:00Z,-04:00,-07:00,America/Los_Angeles,OFF,OK,24,Ducks,Anaheim,d'Anaheim,ANA,2,26,Kings,Los Angeles,de Los Angeles,LAK,1,3,REG,3,REG,8475883.0,8474034.0,,,,,,,,,,,,,,,,,,,,ANA
2013021019,20132014,2,2014-03-16,False,2014-03-16T16:30:00Z,-04:00,-04:00,US/Eastern,OFF,OK,4,Flyers,Philadelphia,de Philadelphie,PHI,4,5,Penguins,Pittsburgh,de Pittsburgh,PIT,3,3,REG,3,REG,8473461.0,8476177.0,,,,,,,,,,,,,,,,,,,,PHI
2013021014,20132014,2,2014-03-16,False,2014-03-16T19:00:00Z,-04:00,-04:00,US/Eastern,OFF,OK,10,Maple Leafs,Toronto,de Toronto,TOR,2,15,Capitals,Washington,de Washington,WSH,4,3,REG,3,REG,8470860.0,8468208.0,,,,,,,,,,,,,,,,,,,,WSH
2013021015,20132014,2,2014-03-16,False,2014-03-16T19:00:00Z,-04:00,-04:00,US/Eastern,OFF,OK,22,Oilers,Edmonton,d'Edmonton,EDM,2,12,Hurricanes,Carolina,de la Caroline,CAR,1,3,REG,3,REG,8475681.0,8474602.0,,,,,,,,,,,,,,,,,,,,EDM
2013021013,20132014,2,2014-03-16,False,2014-03-16T19:00:00Z,-04:00,-04:00,US/Eastern,OFF,OK,23,Canucks,Vancouver,de Vancouver,VAN,4,13,Panthers,Florida,de la Floride,FLA,3,5,SO,3,SO,8475663.0,,,,,,,,,,,,,,,,,,,,,VAN
2013021016,20132014,2,2014-03-16,False,2014-03-16T20:00:00Z,-04:00,-04:00,America/New_York,OFF,OK,28,Sharks,San Jose,de San Jose,SJS,1,3,Rangers,New York,de New York,NYR,0,3,REG,3,REG,8474550.0,8474053.0,,,,,,,,,,,,,,,,,,,,SJS
2013021017,20132014,2,2014-03-16,False,2014-03-16T21:00:00Z,-04:00,-04:00,US/Eastern,OFF,OK,21,Avalanche,Colorado,du Colorado,COL,3,9,Senators,Ottawa,d'Ottawa,OTT,1,3,REG,3,REG,8473575.0,8474207.0,,Sénateurs,,,,,,,,,,,,,,,,,,COL
2013021018,20132014,2,2014-03-16,False,2014-03-16T23:00:00Z,-04:00,-04:00,America/New_York,OFF,OK,8,Canadiens,Montréal,de Montréal,MTL,2,7,Sabres,Buffalo,de Buffalo,BUF,0,3,REG,3,REG,8474682.0,8474668.0,,,,,,,,,,,,,,,,,,,,MTL
2013021020,20132014,2,2014-03-16,False,2014-03-16T23:30:00Z,-04:00,-05:00,America/Chicago,OFF,OK,17,Red Wings,Detroit,de Detroit,DET,1,16,Blackhawks,Chicago,de Chicago,CHI,4,3,REG,3,REG,8470645.0,8474727.0,,,,,,,,,,,,,,,,,,,,CHI
2013021021,20132014,2,2014-03-16,False,2014-03-17T00:00:00Z,-04:00,-05:00,America/Winnipeg,OFF,OK,25,Stars,Dallas,de Dallas,DAL,2,52,Jets,Winnipeg,de Winnipeg,WPG,7,3,REG,3,REG,8471219.0,8470828.0,,,,,,,,,,,,,,,,,,,,WPG
2013021022,20132014,2,2014-03-17,False,2014-03-17T23:30:00Z,-04:00,-04:00,US/Eastern,OFF,OK,30,Wild,Minnesota,du Minnesota,MIN,1,6,Bruins,Boston,de Boston,BOS,4,3,REG,3,REG,8471695.0,8470626.0,,,,,,,,,,,,,,,,,,,,BOS
2013021023,20132014,2,2014-03-17,False,2014-03-17T23:30:00Z,-04:00,-04:00,US/Eastern,OFF,OK,23,Canucks,Vancouver,de Vancouver,VAN,3,14,Lightning,Tampa Bay,de Tampa Bay,TBL,4,3,REG,3,REG,8471750.0,8471768.0,,,,,,,,,,,,,,,,,,,,TBL
2013021024,20132014,2,2014-03-17,False,2014-03-18T00:00:00Z,-04:00,-05:00,US/Central,OFF,OK,52,Jets,Winnipeg,de Winnipeg,WPG,1,19,Blues,St. Louis,de St. Louis,STL,3,3,REG,3,REG,8468011.0,8470655.0,,,,,,,,,,,,,,,,,,,,STL
2013021025,20132014,2,2014-03-17,False,2014-03-18T02:30:00Z,-04:00,-07:00,America/Los_Angeles,OFF,OK,27,Coyotes,Phoenix,de Phoenix,PHX,4,26,Kings,Los Angeles,de Los Angeles,LAK,3,3,REG,3,REG,8469608.0,8467831.0,,,,,,,,,,,,,,,,,,,,PHX
2013021029,20132014,2,2014-03-18,False,2014-03-18T23:00:00Z,-04:00,-04:00,US/Eastern,OFF,OK,12,Hurricanes,Carolina,de la Caroline,CAR,3,29,Blue Jackets,Columbus,de Columbus,CBJ,1,3,REG,3,REG,8471418.0,8474681.0,,,,,,,,,,,,,,,,,,,,CAR
2013021027,20132014,2,2014-03-18,False,2014-03-18T23:00:00Z,-04:00,-04:00,America/New_York,OFF,OK,30,Wild,Minnesota,du Minnesota,MIN,6,2,Islanders,New York,de New York,NYI,0,3,REG,3,REG,8468524.0,8470852.0,,,,,,,,,,,,,,,,,,,,MIN
2013021028,20132014,2,2014-03-18,False,2014-03-18T23:00:00Z,-04:00,-04:00,US/Eastern,OFF,OK,25,Stars,Dallas,de Dallas,DAL,1,5,Penguins,Pittsburgh,de Pittsburgh,PIT,5,3,REG,3,REG,8473553.0,8470543.0,,,,,,,,,,,,,,,,,,,,PIT
2013021026,20132014,2,2014-03-18,False,2014-03-18T23:00:00Z,-04:00,-04:00,US/Eastern,OFF,OK,6,Bruins,Boston,de Boston,BOS,4,1,Devils,New Jersey,du New Jersey,NJD,2,3,REG,3,REG,8473434.0,8462042.0,,,,,,,,,,,,,,,,,,,,BOS
2013021033,20132014,2,2014-03-18,False,2014-03-18T23:30:00Z,-04:00,-04:00,US/Eastern,OFF,OK,16,Blackhawks,Chicago,de Chicago,CHI,2,4,Flyers,Philadelphia,de Philadelphie,PHI,3,4,OT,3,OT,8469548.0,8473512.0,,,,,,,,,,,,,,,,,,,,PHI
2013021031,20132014,2,2014-03-18,False,2014-03-18T23:30:00Z,-04:00,-04:00,US/Eastern,OFF,OK,3,Rangers,New York,de New York,NYR,8,9,Senators,Ottawa,d'Ottawa,OTT,4,3,REG,3,REG,8468685.0,8474151.0,,Sénateurs,,,,,,,,,,,,,,,,,,NYR
2013021030,20132014,2,2014-03-18,False,2014-03-18T23:30:00Z,-04:00,-04:00,America/Montreal,OFF,OK,21,Avalanche,Colorado,du Colorado,COL,3,8,Canadiens,Montréal,de Montréal,MTL,6,3,REG,3,REG,8471679.0,8470598.0,,,,,,,,,,,,,,,,,,,,MTL
2013021032,20132014,2,2014-03-18,False,2014-03-18T23:30:00Z,-04:00,-04:00,America/Detroit,OFF,OK,10,Maple Leafs,Toronto,de Toronto,TOR,2,17,Red Wings,Detroit,de Detroit,DET,3,3,REG,3,REG,8470657.0,8460621.0,,,,,,,,,,,,,,,,,,,,DET
2013021034,20132014,2,2014-03-18,False,2014-03-19T01:00:00Z,-04:00,-06:00,America/Edmonton,OFF,OK,7,Sabres,Buffalo,de Buffalo,BUF,1,20,Flames,Calgary,de Calgary,CGY,3,3,REG,3,REG,8475299.0,8469500.0,,,,,,,,,,,,,,,,,,,,CGY
2013021035,20132014,2,2014-03-18,False,2014-03-19T01:30:00Z,-04:00,-06:00,America/Edmonton,OFF,OK,18,Predators,Nashville,de Nashville,NSH,1,22,Oilers,Edmonton,d'Edmonton,EDM,5,3,REG,3,REG,8476839.0,8476454.0,,,,,,,,,,,,,,,,,,,,EDM
2013021036,20132014,2,2014-03-18,False,2014-03-19T02:00:00Z,-04:00,-07:00,America/Los_Angeles,OFF,OK,15,Capitals,Washington,de Washington,WSH,3,24,Ducks,Anaheim,d'Anaheim,ANA,2,3,REG,3,REG,8470860.0,8471214.0,,,,,,,,,,,,,,,,,,,,WSH
2013021037,20132014,2,2014-03-18,False,2014-03-19T02:30:00Z,-04:00,-07:00,US/Pacific,OFF,OK,13,Panthers,Florida,de la Floride,FLA,3,28,Sharks,San Jose,de San Jose,SJS,2,3,REG,3,REG,8466141.0,8470105.0,,,,,,,,,,,,,,,,,,,,FLA
2013021038,20132014,2,2014-03-19,False,2014-03-19T23:00:00Z,-04:00,-04:00,America/Toronto,OFF,OK,14,Lightning,Tampa Bay,de Tampa Bay,TBL,5,10,Maple Leafs,Toronto,de Toronto,TOR,3,3,REG,3,REG,8471750.0,8474564.0,,,,,,,,,,,,,,,,,,,,TBL
2013021040,20132014,2,2014-03-19,False,2014-03-20T00:00:00Z,-04:00,-05:00,America/Winnipeg,OFF,OK,21,Avalanche,Colorado,du Colorado,COL,4,52,Jets,Winnipeg,de Winnipeg,WPG,5,4,OT,3,OT,8471219.0,8471218.0,,,,,,,,,,,,,,,,,,,,WPG
2013021039,20132014,2,2014-03-19,False,2014-03-20T00:00:00Z,-04:00,-05:00,America/Chicago,OFF,OK,19,Blues,St. Louis,de St. Louis,STL,0,16,Blackhawks,Chicago,de Chicago,CHI,4,3,REG,3,REG,8470645.0,8470281.0,,,,,,,,,,,,,,,,,,,,CHI
2013021041,20132014,2,2014-03-19,False,2014-03-20T02:00:00Z,-04:00,-07:00,America/Vancouver,OFF,OK,18,Predators,Nashville,de Nashville,NSH,0,23,Canucks,Vancouver,de Vancouver,VAN,2,3,REG,3,REG,8475663.0,8476482.0,,,,,,,,,,,,,,,,,,,,VAN
2013021043,20132014,2,2014-03-20,False,2014-03-20T23:00:00Z,-04:00,-04:00,US/Eastern,OFF,OK,25,Stars,Dallas,de Dallas,DAL,2,4,Flyers,Philadelphia,de Philadelphie,PHI,4,3,REG,3,REG,8473461.0,8474190.0,,,,,,,,,,,,,,,,,,,,PHI
2013021042,20132014,2,2014-03-20,False,2014-03-20T23:00:00Z,-04:00,-04:00,US/Eastern,OFF,OK,30,Wild,Minnesota,du Minnesota,MIN,3,1,Devils,New Jersey,du New Jersey,NJD,4,4,OT,3,OT,8471239.0,8472382.0,,,,,,,,,,,,,,,,,,,,NJD
2013021045,20132014,2,2014-03-20,False,2014-03-20T23:30:00Z,-04:00,-04:00,US/Eastern,OFF,OK,14,Lightning,Tampa Bay,de Tampa Bay,TBL,5,9,Senators,Ottawa,d'Ottawa,OTT,4,3,REG,3,REG,8471750.0,8471339.0,,Sénateurs,,,,,,,,,,,,,,,,,,TBL
2013021046,20132014,2,2014-03-20,False,2014-03-20T23:30:00Z,-04:00,-04:00,America/Detroit,OFF,OK,5,Penguins,Pittsburgh,de Pittsburgh,PIT,4,17,Red Wings,Detroit,de Detroit,DET,5,4,OT,3,OT,8470657.0,8460621.0,,,,,,,,,,,,,,,,,,,,DET
2013021044,20132014,2,2014-03-20,False,2014-03-20T23:30:00Z,-04:00,-04:00,America/Montreal,OFF,OK,29,Blue Jackets,Columbus,de Columbus,CBJ,3,8,Canadiens,Montréal,de Montréal,MTL,2,3,REG,3,REG,8475683.0,8475793.0,,,,,,,,,,,,,,,,,,,,CBJ
2013021047,20132014,2,2014-03-20,False,2014-03-21T01:30:00Z,-04:00,-06:00,America/Edmonton,OFF,OK,7,Sabres,Buffalo,de Buffalo,BUF,3,22,Oilers,Edmonton,d'Edmonton,EDM,1,3,REG,3,REG,8475252.0,8476195.0,,,,,,,,,,,,,,,,,,,,BUF
2013021048,20132014,2,2014-03-20,False,2014-03-21T02:00:00Z,-04:00,-07:00,America/Phoenix,OFF,OK,13,Panthers,Florida,de la Floride,FLA,1,27,Coyotes,Phoenix,de Phoenix,PHX,2,3,REG,3,REG,8469608.0,8468535.0,,,,,,,,,,,,,,,,,,,,PHX
2013021050,20132014,2,2014-03-20,False,2014-03-21T02:30:00Z,-04:00,-07:00,US/Pacific,OFF,OK,24,Ducks,Anaheim,d'Anaheim,ANA,2,28,Sharks,San Jose,de San Jose,SJS,3,3,REG,3,REG,8474550.0,8470613.0,,,,,,,,,,,,,,,,,,,,SJS
2013021049,20132014,2,2014-03-20,False,2014-03-21T02:30:00Z,-04:00,-07:00,America/Los_Angeles,OFF,OK,15,Capitals,Washington,de Washington,WSH,1,26,Kings,Los Angeles,de Los Angeles,LAK,2,5,SO,3,SO,8471734.0,,,,,,,,,,,,,,,,,,,,,LAK
2013021051,20132014,2,2014-03-21,False,2014-03-21T23:00:00Z,-04:00,-04:00,US/Eastern,OFF,OK,3,Rangers,New York,de New York,NYR,3,29,Blue Jackets,Columbus,de Columbus,CBJ,1,3,REG,3,REG,8468685.0,8473544.0,,,,,,,,,,,,,,,,,,,,NYR
2013021052,20132014,2,2014-03-21,False,2014-03-22T00:00:00Z,-04:00,-05:00,America/Chicago,OFF,OK,12,Hurricanes,Carolina,de la Caroline,CAR,2,16,Blackhawks,Chicago,de Chicago,CHI,3,3,REG,3,REG,8470645.0,8473604.0,,,,,,,,,,,,,,,,,,,,CHI
2013021054,20132014,2,2014-03-21,False,2014-03-22T01:00:00Z,-04:00,-06:00,America/Edmonton,OFF,OK,18,Predators,Nashville,de Nashville,NSH,6,20,Flames,Calgary,de Calgary,CGY,5,3,REG,3,REG,8475622.0,8464989.0,,,,,,,,,,,,,,,,,,,,NSH
2013021053,20132014,2,2014-03-21,False,2014-03-22T01:00:00Z,-04:00,-06:00,America/Denver,OFF,OK,6,Bruins,Boston,de Boston,BOS,2,21,Avalanche,Colorado,du Colorado,COL,0,3,REG,3,REG,8473434.0,8470638.0,,,,,,,,,,,,,,,,,,,,BOS
2013021056,20132014,2,2014-03-22,False,2014-03-22T17:00:00Z,-04:00,-04:00,US/Eastern,OFF,OK,14,Lightning,Tampa Bay,de Tampa Bay,TBL,3,5,Penguins,Pittsburgh,de Pittsburgh,PIT,4,4,OT,3,OT,8473553.0,8471707.0,,,,,,,,,,,,,,,,,,,,PIT
2013021055,20132014,2,2014-03-22,False,2014-03-22T17:00:00Z,-04:00,-04:00,US/Eastern,OFF,OK,19,Blues,St. Louis,de St. Louis,STL,1,4,Flyers,Philadelphia,de Philadelphie,PHI,4,3,REG,3,REG,8473461.0,8475170.0,,,,,,,,,,,,,,,,,,,,PHI
2013021057,20132014,2,2014-03-22,False,2014-03-22T18:00:00Z,-04:00,-05:00,US/Central,OFF,OK,17,Red Wings,Detroit,de Detroit,DET,3,30,Wild,Minnesota,du Minnesota,MIN,2,3,REG,3,REG,8470657.0,8474679.0,,,,,,,,,,,,,,,,,,,,DET
2013021058,20132014,2,2014-03-22,False,2014-03-22T19:00:00Z,-04:00,-05:00,US/Central,OFF,OK,9,Senators,Ottawa,d'Ottawa,OTT,1,25,Stars,Dallas,de Dallas,DAL,3,3,REG,3,REG,8470140.0,8470110.0,Sénateurs,,,,,,,,,,,,,,,,,,,DAL
2013021059,20132014,2,2014-03-22,False,2014-03-22T20:00:00Z,-04:00,-07:00,America/Los_Angeles,OFF,OK,13,Panthers,Florida,de la Floride,FLA,0,26,Kings,Los Angeles,de Los Angeles,LAK,4,3,REG,3,REG,8471734.0,8473453.0,,,,,,,,,,,,,,,,,,,,LAK
2013021060,20132014,2,2014-03-22,False,2014-03-22T23:00:00Z,-04:00,-04:00,America/Toronto,OFF,OK,8,Canadiens,Montréal,de Montréal,MTL,4,10,Maple Leafs,Toronto,de Toronto,TOR,3,3,REG,3,REG,8471679.0,8469521.0,,,,,,,,,,,,,,,,,,,,MTL
2013021062,20132014,2,2014-03-22,False,2014-03-22T23:00:00Z,-04:00,-05:00,America/Winnipeg,OFF,OK,12,Hurricanes,Carolina,de la Caroline,CAR,3,52,Jets,Winnipeg,de Winnipeg,WPG,2,3,REG,3,REG,8470320.0,8474062.0,,,,,,,,,,,,,,,,,,,,CAR
2013021061,20132014,2,2014-03-22,False,2014-03-22T23:00:00Z,-04:00,-04:00,US/Eastern,OFF,OK,3,Rangers,New York,de New York,NYR,2,1,Devils,New Jersey,du New Jersey,NJD,0,3,REG,3,REG,8468685.0,8470041.0,,,,,,,,,,,,,,,,,,,,NYR
2013021063,20132014,2,2014-03-22,False,2014-03-23T01:00:00Z,-04:00,-07:00,America/Phoenix,OFF,OK,6,Bruins,Boston,de Boston,BOS,4,27,Coyotes,Phoenix,de Phoenix,PHX,2,3,REG,3,REG,8471695.0,8465978.0,,,,,,,,,,,,,,,,,,,,BOS
2013021064,20132014,2,2014-03-22,False,2014-03-23T02:00:00Z,-04:00,-06:00,America/Edmonton,OFF,OK,20,Flames,Calgary,de Calgary,CGY,8,22,Oilers,Edmonton,d'Edmonton,EDM,1,3,REG,3,REG,8471403.0,8469500.0,,,,,,,,,,,,,,,,,,,,CGY
2013021065,20132014,2,2014-03-22,False,2014-03-23T02:30:00Z,-04:00,-07:00,US/Pacific,OFF,OK,15,Capitals,Washington,de Washington,WSH,3,28,Sharks,San Jose,de San Jose,SJS,2,5,SO,3,SO,8474651.0,,,,,,,,,,,,,,,,,,,,,WSH
2013021067,20132014,2,2014-03-23,False,2014-03-23T17:00:00Z,-04:00,-04:00,US/Eastern,OFF,OK,19,Blues,St. Louis,de St. Louis,STL,1,5,Penguins,Pittsburgh,de Pittsburgh,PIT,0,3,REG,3,REG,8470880.0,8470655.0,,,,,,,,,,,,,,,,,,,,STL
2013021066,20132014,2,2014-03-23,False,2014-03-23T17:00:00Z,-04:00,-04:00,America/New_York,OFF,OK,29,Blue Jackets,Columbus,de Columbus,CBJ,0,2,Islanders,New York,de New York,NYI,2,3,REG,3,REG,8460705.0,8473504.0,,,,,,,,,,,,,,,,,,,,NYI
2013021069,20132014,2,2014-03-23,False,2014-03-23T23:00:00Z,-04:00,-05:00,America/Chicago,OFF,OK,18,Predators,Nashville,de Nashville,NSH,2,16,Blackhawks,Chicago,de Chicago,CHI,0,3,REG,3,REG,8471469.0,8467370.0,,,,,,,,,,,,,,,,,,,,NSH
2013021068,20132014,2,2014-03-23,False,2014-03-23T23:00:00Z,-04:00,-04:00,US/Eastern,OFF,OK,10,Maple Leafs,Toronto,de Toronto,TOR,2,1,Devils,New Jersey,du New Jersey,NJD,3,3,REG,3,REG,8471239.0,8475750.0,,,,,,,,,,,,,,,,,,,,NJD
2013021070,20132014,2,2014-03-23,False,2014-03-23T23:30:00Z,-04:00,-04:00,America/Detroit,OFF,OK,30,Wild,Minnesota,du Minnesota,MIN,4,17,Red Wings,Detroit,de Detroit,DET,3,4,OT,3,OT,8468524.0,8470852.0,,,,,,,,,,,,,,,,,,,,MIN
2013021072,20132014,2,2014-03-23,False,2014-03-24T00:00:00Z,-04:00,-07:00,America/Los_Angeles,OFF,OK,13,Panthers,Florida,de la Floride,FLA,2,24,Ducks,Anaheim,d'Anaheim,ANA,6,3,REG,3,REG,8473972.0,8475164.0,,,,,,,,,,,,,,,,,,,,ANA
2013021071,20132014,2,2014-03-23,False,2014-03-24T00:00:00Z,-04:00,-07:00,America/Vancouver,OFF,OK,7,Sabres,Buffalo,de Buffalo,BUF,2,23,Canucks,Vancouver,de Vancouver,VAN,4,3,REG,3,REG,8475663.0,8474134.0,,,,,,,,,,,,,,,,,,,,VAN
2013021074,20132014,2,2014-03-24,False,2014-03-24T23:00:00Z,-04:00,-04:00,US/Eastern,OFF,OK,26,Kings,Los Angeles,de Los Angeles,LAK,3,4,Flyers,Philadelphia,de Philadelphie,PHI,2,3,REG,3,REG,8471734.0,8474100.0,,,,,,,,,,,,,,,,,,,,LAK
2013021073,20132014,2,2014-03-24,False,2014-03-24T23:00:00Z,-04:00,-04:00,America/New_York,OFF,OK,27,Coyotes,Phoenix,de Phoenix,PHX,3,3,Rangers,New York,de New York,NYR,4,4,OT,3,OT,8468685.0,8474151.0,,,,,,,,,,,,,,,,,,,,NYR
2013021075,20132014,2,2014-03-24,False,2014-03-24T23:30:00Z,-04:00,-04:00,US/Eastern,OFF,OK,8,Canadiens,Montréal,de Montréal,MTL,2,6,Bruins,Boston,de Boston,BOS,1,5,SO,3,SO,8469514.0,,,,,,,,,,,,,,,,,,,,,MTL
2013021076,20132014,2,2014-03-24,False,2014-03-24T23:30:00Z,-04:00,-04:00,US/Eastern,OFF,OK,9,Senators,Ottawa,d'Ottawa,OTT,4,14,Lightning,Tampa Bay,de Tampa Bay,TBL,3,5,SO,3,SO,8475215.0,,Sénateurs,,,,,,,,,,,,,,,,,,,OTT
2013021077,20132014,2,2014-03-24,False,2014-03-25T00:30:00Z,-04:00,-05:00,US/Central,OFF,OK,52,Jets,Winnipeg,de Winnipeg,WPG,1,25,Stars,Dallas,de Dallas,DAL,2,3,REG,3,REG,8470140.0,8475794.0,,,,,,,,,,,,,,,,,,,,DAL
2013021078,20132014,2,2014-03-24,False,2014-03-25T01:00:00Z,-04:00,-06:00,America/Edmonton,OFF,OK,28,Sharks,San Jose,de San Jose,SJS,1,20,Flames,Calgary,de Calgary,CGY,2,5,SO,3,SO,8471403.0,,,,,,,,,,,,,,,,,,,,,CGY
2013021081,20132014,2,2014-03-25,False,2014-03-25T23:00:00Z,-04:00,-04:00,US/Eastern,OFF,OK,26,Kings,Los Angeles,de Los Angeles,LAK,5,15,Capitals,Washington,de Washington,WSH,4,5,SO,3,SO,8471734.0,,,,,,,,,,,,,,,,,,,,,LAK
2013021079,20132014,2,2014-03-25,False,2014-03-25T23:00:00Z,-04:00,-04:00,America/Toronto,OFF,OK,19,Blues,St. Louis,de St. Louis,STL,5,10,Maple Leafs,Toronto,de Toronto,TOR,3,3,REG,3,REG,8468011.0,8470257.0,,,,,,,,,,,,,,,,,,,,STL
2013021080,20132014,2,2014-03-25,False,2014-03-25T23:00:00Z,-04:00,-04:00,US/Eastern,OFF,OK,27,Coyotes,Phoenix,de Phoenix,PHX,3,5,Penguins,Pittsburgh,de Pittsburgh,PIT,2,3,REG,3,REG,8471306.0,8474571.0,,,,,,,,,,,,,,,,,,,,PHX
2013021082,20132014,2,2014-03-25,False,2014-03-25T23:00:00Z,-04:00,-04:00,US/Eastern,OFF,OK,2,Islanders,New York,de New York,NYI,5,12,Hurricanes,Carolina,de la Caroline,CAR,4,3,REG,3,REG,8475195.0,8474709.0,,,,,,,,,,,,,,,,,,,,NYI
2013021083,20132014,2,2014-03-25,False,2014-03-25T23:30:00Z,-04:00,-04:00,America/Montreal,OFF,OK,7,Sabres,Buffalo,de Buffalo,BUF,0,8,Canadiens,Montréal,de Montréal,MTL,2,3,REG,3,REG,8471679.0,8474157.0,,,,,,,,,,,,,,,,,,,,MTL
2013021084,20132014,2,2014-03-25,False,2014-03-25T23:30:00Z,-04:00,-04:00,US/Eastern,OFF,OK,9,Senators,Ottawa,d'Ottawa,OTT,2,13,Panthers,Florida,de la Floride,FLA,3,5,SO,3,SO,8466141.0,,Sénateurs,,,,,,,,,,,,,,,,,,,FLA
2013021085,20132014,2,2014-03-25,False,2014-03-25T23:30:00Z,-04:00,-04:00,US/Eastern,OFF,OK,17,Red Wings,Detroit,de Detroit,DET,2,29,Blue Jackets,Columbus,de Columbus,CBJ,4,3,REG,3,REG,8470147.0,8474715.0,,,,,,,,,,,,,,,,,,,,CBJ
2013021086,20132014,2,2014-03-25,False,2014-03-26T00:00:00Z,-04:00,-05:00,America/Chicago,OFF,OK,25,Stars,Dallas,de Dallas,DAL,2,16,Blackhawks,Chicago,de Chicago,CHI,4,3,REG,3,REG,8470645.0,8470281.0,,,,,,,,,,,,,,,,,,,,CHI
2013021087,20132014,2,2014-03-25,False,2014-03-26T00:00:00Z,-04:00,-05:00,US/Central,OFF,OK,21,Avalanche,Colorado,du Colorado,COL,5,18,Predators,Nashville,de Nashville,NSH,4,5,SO,3,SO,8473575.0,,,,,,,,,,,,,,,,,,,,,COL
2013021088,20132014,2,2014-03-25,False,2014-03-26T01:30:00Z,-04:00,-06:00,America/Edmonton,OFF,OK,28,Sharks,San Jose,de San Jose,SJS,5,22,Oilers,Edmonton,d'Edmonton,EDM,2,3,REG,3,REG,8474550.0,8467899.0,,,,,,,,,,,,,,,,,,,,SJS
2013021089,20132014,2,2014-03-26,False,2014-03-26T23:30:00Z,-04:00,-05:00,US/Central,OFF,OK,23,Canucks,Vancouver,de Vancouver,VAN,5,30,Wild,Minnesota,du Minnesota,MIN,2,3,REG,3,REG,8475663.0,8475178.0,,,,,,,,,,,,,,,,,,,,VAN
2013021090,20132014,2,2014-03-26,False,2014-03-27T00:00:00Z,-04:00,-04:00,America/New_York,OFF,OK,4,Flyers,Philadelphia,de Philadelphie,PHI,1,3,Rangers,New York,de New York,NYR,3,3,REG,3,REG,8468685.0,8474151.0,,,,,,,,,,,,,,,,,,,,NYR
2013021091,20132014,2,2014-03-26,False,2014-03-27T02:00:00Z,-04:00,-06:00,America/Edmonton,OFF,OK,24,Ducks,Anaheim,d'Anaheim,ANA,3,20,Flames,Calgary,de Calgary,CGY,2,3,REG,3,REG,8473972.0,8471699.0,,,,,,,,,,,,,,,,,,,,ANA
2013021095,20132014,2,2014-03-27,False,2014-03-27T23:00:00Z,-04:00,-04:00,America/Detroit,OFF,OK,8,Canadiens,Montréal,de Montréal,MTL,5,17,Red Wings,Detroit,de Detroit,DET,4,3,REG,3,REG,8471679.0,8470598.0,,,,,,,,,,,,,,,,,,,,MTL
2013021094,20132014,2,2014-03-27,False,2014-03-27T23:00:00Z,-04:00,-04:00,US/Eastern,OFF,OK,26,Kings,Los Angeles,de Los Angeles,LAK,3,5,Penguins,Pittsburgh,de Pittsburgh,PIT,2,3,REG,3,REG,8474889.0,8474563.0,,,,,,,,,,,,,,,,,,,,LAK
2013021093,20132014,2,2014-03-27,False,2014-03-27T23:00:00Z,-04:00,-04:00,US/Eastern,OFF,OK,27,Coyotes,Phoenix,de Phoenix,PHX,3,1,Devils,New Jersey,du New Jersey,NJD,2,5,SO,3,SO,8471306.0,,,,,,,,,,,,,,,,,,,,,PHX
2013021092,20132014,2,2014-03-27,False,2014-03-27T23:00:00Z,-04:00,-04:00,US/Eastern,OFF,OK,16,Blackhawks,Chicago,de Chicago,CHI,0,6,Bruins,Boston,de Boston,BOS,3,3,REG,3,REG,8471695.0,8470638.0,,,,,,,,,,,,,,,,,,,,BOS
2013021097,20132014,2,2014-03-27,False,2014-03-27T23:30:00Z,-04:00,-04:00,US/Eastern,OFF,OK,12,Hurricanes,Carolina,de la Caroline,CAR,3,13,Panthers,Florida,de la Floride,FLA,0,3,REG,3,REG,8471418.0,8473482.0,,,,,,,,,,,,,,,,,,,,CAR
2013021096,20132014,2,2014-03-27,False,2014-03-27T23:30:00Z,-04:00,-04:00,US/Eastern,OFF,OK,2,Islanders,New York,de New York,NYI,2,14,Lightning,Tampa Bay,de Tampa Bay,TBL,3,5,SO,3,SO,8471750.0,,,,,,,,,,,,,,,,,,,,,TBL
2013021098,20132014,2,2014-03-27,False,2014-03-28T00:00:00Z,-04:00,-05:00,US/Central,OFF,OK,30,Wild,Minnesota,du Minnesota,MIN,1,19,Blues,St. Louis,de St. Louis,STL,5,3,REG,3,REG,8468011.0,8471698.0,,,,,,,,,,,,,,,,,,,,STL
2013021099,20132014,2,2014-03-27,False,2014-03-28T00:00:00Z,-04:00,-05:00,US/Central,OFF,OK,7,Sabres,Buffalo,de Buffalo,BUF,1,18,Predators,Nashville,de Nashville,NSH,6,3,REG,3,REG,8475622.0,8474569.0,,,,,,,,,,,,,,,,,,,,NSH
2013021100,20132014,2,2014-03-27,False,2014-03-28T01:00:00Z,-04:00,-06:00,America/Denver,OFF,OK,23,Canucks,Vancouver,de Vancouver,VAN,2,21,Avalanche,Colorado,du Colorado,COL,3,4,OT,3,OT,8473575.0,8475197.0,,,,,,,,,,,,,,,,,,,,COL
2013021101,20132014,2,2014-03-27,False,2014-03-28T02:30:00Z,-04:00,-07:00,US/Pacific,OFF,OK,52,Jets,Winnipeg,de Winnipeg,WPG,4,28,Sharks,San Jose,de San Jose,SJS,3,3,REG,3,REG,8471219.0,8470828.0,,,,,,,,,,,,,,,,,,,,WPG
2013021102,20132014,2,2014-03-28,False,2014-03-28T23:00:00Z,-04:00,-04:00,US/Eastern,OFF,OK,10,Maple Leafs,Toronto,de Toronto,TOR,2,4,Flyers,Philadelphia,de Philadelphie,PHI,4,3,REG,3,REG,8473461.0,8473512.0,,,,,,,,,,,,,,,,,,,,PHI
2013021103,20132014,2,2014-03-28,False,2014-03-28T23:00:00Z,-04:00,-04:00,US/Eastern,OFF,OK,5,Penguins,Pittsburgh,de Pittsburgh,PIT,2,29,Blue Jackets,Columbus,de Columbus,CBJ,1,3,REG,3,REG,8470594.0,8475761.0,,,,,,,,,,,,,,,,,,,,PIT
2013021104,20132014,2,2014-03-28,False,2014-03-28T23:30:00Z,-04:00,-04:00,US/Eastern,OFF,OK,16,Blackhawks,Chicago,de Chicago,CHI,3,9,Senators,Ottawa,d'Ottawa,OTT,5,3,REG,3,REG,8467950.0,8474068.0,,Sénateurs,,,,,,,,,,,,,,,,,,OTT
2013021105,20132014,2,2014-03-28,False,2014-03-29T00:30:00Z,-04:00,-05:00,US/Central,OFF,OK,18,Predators,Nashville,de Nashville,NSH,3,25,Stars,Dallas,de Dallas,DAL,7,3,REG,3,REG,8470140.0,8475163.0,,,,,,,,,,,,,,,,,,,,DAL
2013021106,20132014,2,2014-03-28,False,2014-03-29T01:00:00Z,-04:00,-06:00,America/Edmonton,OFF,OK,3,Rangers,New York,de New York,NYR,3,20,Flames,Calgary,de Calgary,CGY,4,3,REG,3,REG,8471403.0,8469500.0,,,,,,,,,,,,,,,,,,,,CGY
2013021107,20132014,2,2014-03-28,False,2014-03-29T01:30:00Z,-04:00,-06:00,America/Edmonton,OFF,OK,24,Ducks,Anaheim,d'Anaheim,ANA,3,22,Oilers,Edmonton,d'Edmonton,EDM,4,4,OT,3,OT,8475681.0,8466333.0,,,,,,,,,,,,,,,,,,,,EDM
2013021108,20132014,2,2014-03-29,False,2014-03-29T16:30:00Z,-04:00,-04:00,US/Eastern,OFF,OK,6,Bruins,Boston,de Boston,BOS,4,15,Capitals,Washington,de Washington,WSH,2,3,REG,3,REG,8473434.0,8462042.0,,,,,,,,,,,,,,,,,,,,BOS
2013021109,20132014,2,2014-03-29,False,2014-03-29T19:00:00Z,-04:00,-06:00,America/Denver,OFF,OK,28,Sharks,San Jose,de San Jose,SJS,2,21,Avalanche,Colorado,du Colorado,COL,3,3,REG,3,REG,8473575.0,8470750.0,,,,,,,,,,,,,,,,,,,,COL
2013021114,20132014,2,2014-03-29,False,2014-03-29T23:00:00Z,-04:00,-04:00,US/Eastern,OFF,OK,29,Blue Jackets,Columbus,de Columbus,CBJ,3,12,Hurricanes,Carolina,de la Caroline,CAR,2,4,OT,3,OT,8470147.0,8475793.0,,,,,,,,,,,,,,,,,,,,CBJ
2013021111,20132014,2,2014-03-29,False,2014-03-29T23:00:00Z,-04:00,-04:00,America/Toronto,OFF,OK,17,Red Wings,Detroit,de Detroit,DET,4,10,Maple Leafs,Toronto,de Toronto,TOR,2,3,REG,3,REG,8470657.0,8471794.0,,,,,,,,,,,,,,,,,,,,DET
2013021112,20132014,2,2014-03-29,False,2014-03-29T23:00:00Z,-04:00,-04:00,US/Eastern,OFF,OK,8,Canadiens,Montréal,de Montréal,MTL,4,13,Panthers,Florida,de la Floride,FLA,1,3,REG,3,REG,8471679.0,8474157.0,,,,,,,,,,,,,,,,,,,,MTL
2013021110,20132014,2,2014-03-29,False,2014-03-29T23:00:00Z,-04:00,-04:00,America/New_York,OFF,OK,14,Lightning,Tampa Bay,de Tampa Bay,TBL,4,7,Sabres,Buffalo,de Buffalo,BUF,3,4,OT,3,OT,8471750.0,8474564.0,,,,,,,,,,,,,,,,,,,,TBL
2013021113,20132014,2,2014-03-29,False,2014-03-29T23:00:00Z,-04:00,-04:00,America/New_York,OFF,OK,1,Devils,New Jersey,du New Jersey,NJD,1,2,Islanders,New York,de New York,NYI,2,5,SO,3,SO,8475195.0,,,,,,,,,,,,,,,,,,,,,NYI
2013021115,20132014,2,2014-03-29,False,2014-03-30T00:00:00Z,-04:00,-05:00,US/Central,OFF,OK,25,Stars,Dallas,de Dallas,DAL,4,19,Blues,St. Louis,de St. Louis,STL,2,3,REG,3,REG,8470140.0,8475236.0,,,,,,,,,,,,,,,,,,,,DAL
2013021116,20132014,2,2014-03-29,False,2014-03-30T01:00:00Z,-04:00,-07:00,America/Phoenix,OFF,OK,30,Wild,Minnesota,du Minnesota,MIN,3,27,Coyotes,Phoenix,de Phoenix,PHX,1,3,REG,3,REG,8468524.0,8474716.0,,,,,,,,,,,,,,,,,,,,MIN
2013021118,20132014,2,2014-03-29,False,2014-03-30T02:00:00Z,-04:00,-07:00,America/Los_Angeles,OFF,OK,52,Jets,Winnipeg,de Winnipeg,WPG,2,26,Kings,Los Angeles,de Los Angeles,LAK,4,3,REG,3,REG,8471734.0,8471685.0,,,,,,,,,,,,,,,,,,,,LAK
2013021117,20132014,2,2014-03-29,False,2014-03-30T02:00:00Z,-04:00,-07:00,America/Vancouver,OFF,OK,24,Ducks,Anaheim,d'Anaheim,ANA,5,23,Canucks,Vancouver,de Vancouver,VAN,1,3,REG,3,REG,8475883.0,8473492.0,,,,,,,,,,,,,,,,,,,,ANA
2013021121,20132014,2,2014-03-30,False,2014-03-30T16:30:00Z,-04:00,-04:00,US/Eastern,OFF,OK,6,Bruins,Boston,de Boston,BOS,4,4,Flyers,Philadelphia,de Philadelphie,PHI,3,5,SO,3,SO,8471695.0,,,,,,,,,,,,,,,,,,,,,BOS
2013021119,20132014,2,2014-03-30,False,2014-03-30T21:00:00Z,-04:00,-04:00,US/Eastern,OFF,OK,20,Flames,Calgary,de Calgary,CGY,3,9,Senators,Ottawa,d'Ottawa,OTT,6,3,REG,3,REG,8475215.0,8475174.0,,Sénateurs,,,,,,,,,,,,,,,,,,OTT
2013021120,20132014,2,2014-03-30,False,2014-03-30T21:00:00Z,-04:00,-04:00,America/Detroit,OFF,OK,14,Lightning,Tampa Bay,de Tampa Bay,TBL,2,17,Red Wings,Detroit,de Detroit,DET,3,3,REG,3,REG,8475361.0,8467330.0,,,,,,,,,,,,,,,,,,,,DET
2013021122,20132014,2,2014-03-30,False,2014-03-30T23:30:00Z,-04:00,-04:00,US/Eastern,OFF,OK,16,Blackhawks,Chicago,de Chicago,CHI,1,5,Penguins,Pittsburgh,de Pittsburgh,PIT,4,3,REG,3,REG,8470594.0,8470740.0,,,,,,,,,,,,,,,,,,,,PIT
2013021123,20132014,2,2014-03-30,False,2014-03-31T00:00:00Z,-04:00,-05:00,US/Central,OFF,OK,15,Capitals,Washington,de Washington,WSH,3,18,Predators,Nashville,de Nashville,NSH,4,5,SO,3,SO,8475622.0,,,,,,,,,,,,,,,,,,,,,NSH
2013021124,20132014,2,2014-03-30,False,2014-03-31T00:00:00Z,-04:00,-06:00,America/Edmonton,OFF,OK,3,Rangers,New York,de New York,NYR,5,22,Oilers,Edmonton,d'Edmonton,EDM,0,3,REG,3,REG,8475660.0,8475692.0,,,,,,,,,,,,,,,,,,,,NYR
2013021126,20132014,2,2014-03-31,False,2014-03-31T23:30:00Z,-04:00,-04:00,US/Eastern,OFF,OK,13,Panthers,Florida,de la Floride,FLA,3,1,Devils,New Jersey,du New Jersey,NJD,6,3,REG,3,REG,8455710.0,8469622.0,,,,,,,,,,,,,,,,,,,,NJD
2013021125,20132014,2,2014-03-31,False,2014-03-31T23:30:00Z,-04:00,-04:00,US/Eastern,OFF,OK,12,Hurricanes,Carolina,de la Caroline,CAR,1,9,Senators,Ottawa,d'Ottawa,OTT,2,5,SO,3,SO,8467950.0,,,Sénateurs,,,,,,,,,,,,,,,,,,OTT
2013021127,20132014,2,2014-03-31,False,2014-04-01T02:00:00Z,-04:00,-07:00,America/Los_Angeles,OFF,OK,52,Jets,Winnipeg,de Winnipeg,WPG,4,24,Ducks,Anaheim,d'Anaheim,ANA,5,4,OT,3,OT,8475883.0,8462196.0,,,,,,,,,,,,,,,,,,,,ANA
2013021128,20132014,2,2014-03-31,False,2014-04-01T02:00:00Z,-04:00,-07:00,America/Los_Angeles,OFF,OK,30,Wild,Minnesota,du Minnesota,MIN,3,26,Kings,Los Angeles,de Los Angeles,LAK,2,3,REG,3,REG,8468524.0,8469459.0,,,,,,,,,,,,,,,,,,,,MIN
2013021129,20132014,2,2014-04-01,False,2014-04-01T23:00:00Z,-04:00,-04:00,America/New_York,OFF,OK,1,Devils,New Jersey,du New Jersey,NJD,2,7,Sabres,Buffalo,de Buffalo,BUF,3,5,SO,3,SO,8476319.0,,,,,,,,,,,,,,,,,,,,,BUF
2013021130,20132014,2,2014-04-01,False,2014-04-01T23:00:00Z,-04:00,-04:00,America/Toronto,OFF,OK,20,Flames,Calgary,de Calgary,CGY,2,10,Maple Leafs,Toronto,de Toronto,TOR,3,3,REG,3,REG,8473541.0,8470920.0,,,,,,,,,,,,,,,,,,,,TOR
2013021134,20132014,2,2014-04-01,False,2014-04-01T23:00:00Z,-04:00,-04:00,US/Eastern,OFF,OK,21,Avalanche,Colorado,du Colorado,COL,3,29,Blue Jackets,Columbus,de Columbus,CBJ,2,4,OT,3,OT,8473575.0,8476455.0,,,,,,,,,,,,,,,,,,,,COL
2013021132,20132014,2,2014-04-01,False,2014-04-01T23:00:00Z,-04:00,-04:00,US/Eastern,OFF,OK,12,Hurricanes,Carolina,de la Caroline,CAR,4,5,Penguins,Pittsburgh,de Pittsburgh,PIT,1,3,REG,3,REG,8471418.0,8477496.0,,,,,,,,,,,,,,,,,,,,CAR
2013021131,20132014,2,2014-04-01,False,2014-04-01T23:00:00Z,-04:00,-04:00,America/New_York,OFF,OK,13,Panthers,Florida,de la Floride,FLA,2,2,Islanders,New York,de New York,NYI,4,3,REG,3,REG,8460705.0,8474709.0,,,,,,,,,,,,,,,,,,,,NYI
2013021133,20132014,2,2014-04-01,False,2014-04-01T23:00:00Z,-04:00,-04:00,US/Eastern,OFF,OK,25,Stars,Dallas,de Dallas,DAL,5,15,Capitals,Washington,de Washington,WSH,0,3,REG,3,REG,8470140.0,8475794.0,,,,,,,,,,,,,,,,,,,,DAL
2013021135,20132014,2,2014-04-01,False,2014-04-01T23:30:00Z,-04:00,-04:00,US/Eastern,OFF,OK,8,Canadiens,Montréal,de Montréal,MTL,1,14,Lightning,Tampa Bay,de Tampa Bay,TBL,3,3,REG,3,REG,8471750.0,8474870.0,,,,,,,,,,,,,,,,,,,,TBL
2013021136,20132014,2,2014-04-01,False,2014-04-02T00:00:00Z,-04:00,-05:00,US/Central,OFF,OK,4,Flyers,Philadelphia,de Philadelphie,PHI,0,19,Blues,St. Louis,de St. Louis,STL,1,5,SO,3,SO,8468011.0,,,,,,,,,,,,,,,,,,,,,STL
2013021137,20132014,2,2014-04-01,False,2014-04-02T02:00:00Z,-04:00,-07:00,America/Vancouver,OFF,OK,3,Rangers,New York,de New York,NYR,3,23,Canucks,Vancouver,de Vancouver,VAN,1,3,REG,3,REG,8468685.0,8471678.0,,,,,,,,,,,,,,,,,,,,NYR
2013021138,20132014,2,2014-04-01,False,2014-04-02T02:00:00Z,-04:00,-07:00,America/Phoenix,OFF,OK,52,Jets,Winnipeg,de Winnipeg,WPG,2,27,Coyotes,Phoenix,de Phoenix,PHX,1,5,SO,3,SO,8471715.0,,,,,,,,,,,,,,,,,,,,,WPG
2013021139,20132014,2,2014-04-01,False,2014-04-02T02:30:00Z,-04:00,-07:00,US/Pacific,OFF,OK,22,Oilers,Edmonton,d'Edmonton,EDM,4,28,Sharks,San Jose,de San Jose,SJS,5,3,REG,3,REG,8474550.0,8466139.0,,,,,,,,,,,,,,,,,,,,SJS
2013021140,20132014,2,2014-04-02,False,2014-04-02T23:00:00Z,-04:00,-04:00,US/Eastern,OFF,OK,2,Islanders,New York,de New York,NYI,2,9,Senators,Ottawa,d'Ottawa,OTT,1,3,REG,3,REG,8475195.0,8475231.0,,Sénateurs,,,,,,,,,,,,,,,,,,NYI
2013021141,20132014,2,2014-04-02,False,2014-04-03T00:00:00Z,-04:00,-04:00,America/Detroit,OFF,OK,6,Bruins,Boston,de Boston,BOS,2,17,Red Wings,Detroit,de Detroit,DET,3,3,REG,3,REG,8470657.0,8474679.0,,,,,,,,,,,,,,,,,,,,DET
2013021142,20132014,2,2014-04-02,False,2014-04-03T02:00:00Z,-04:00,-07:00,America/Los_Angeles,OFF,OK,22,Oilers,Edmonton,d'Edmonton,EDM,2,24,Ducks,Anaheim,d'Anaheim,ANA,3,3,REG,3,REG,8475883.0,8467400.0,,,,,,,,,,,,,,,,,,,,ANA
2013021143,20132014,2,2014-04-02,False,2014-04-03T02:30:00Z,-04:00,-07:00,America/Los_Angeles,OFF,OK,27,Coyotes,Phoenix,de Phoenix,PHX,0,26,Kings,Los Angeles,de Los Angeles,LAK,4,3,REG,3,REG,8471734.0,8476871.0,,,,,,,,,,,,,,,,,,,,LAK
2013021145,20132014,2,2014-04-03,False,2014-04-03T23:00:00Z,-04:00,-04:00,US/Eastern,OFF,OK,29,Blue Jackets,Columbus,de Columbus,CBJ,2,4,Flyers,Philadelphia,de Philadelphie,PHI,0,3,REG,3,REG,8475683.0,8470222.0,,,,,,,,,,,,,,,,,,,,CBJ
2013021146,20132014,2,2014-04-03,False,2014-04-03T23:00:00Z,-04:00,-04:00,US/Eastern,OFF,OK,25,Stars,Dallas,de Dallas,DAL,1,12,Hurricanes,Carolina,de la Caroline,CAR,4,3,REG,3,REG,8471418.0,8475753.0,,,,,,,,,,,,,,,,,,,,CAR
2013021147,20132014,2,2014-04-03,False,2014-04-03T23:30:00Z,-04:00,-04:00,US/Eastern,OFF,OK,20,Flames,Calgary,de Calgary,CGY,4,14,Lightning,Tampa Bay,de Tampa Bay,TBL,1,3,REG,3,REG,8471403.0,8473908.0,,,,,,,,,,,,,,,,,,,,CGY
2013021144,20132014,2,2014-04-03,False,2014-04-03T23:30:00Z,-04:00,-04:00,America/Toronto,OFF,OK,6,Bruins,Boston,de Boston,BOS,3,10,Maple Leafs,Toronto,de Toronto,TOR,4,4,OT,3,OT,8473503.0,8475172.0,,,,,,,,,,,,,,,,,,,,TOR
2013021150,20132014,2,2014-04-03,False,2014-04-04T00:00:00Z,-04:00,-05:00,America/Winnipeg,OFF,OK,5,Penguins,Pittsburgh,de Pittsburgh,PIT,4,52,Jets,Winnipeg,de Winnipeg,WPG,2,3,REG,3,REG,8470594.0,8468542.0,,,,,,,,,,,,,,,,,,,,PIT
2013021148,20132014,2,2014-04-03,False,2014-04-04T00:00:00Z,-04:00,-05:00,America/Chicago,OFF,OK,30,Wild,Minnesota,du Minnesota,MIN,2,16,Blackhawks,Chicago,de Chicago,CHI,3,5,SO,3,SO,8470645.0,,,,,,,,,,,,,,,,,,,,,CHI
2013021149,20132014,2,2014-04-03,False,2014-04-04T00:00:00Z,-04:00,-05:00,US/Central,OFF,OK,7,Sabres,Buffalo,de Buffalo,BUF,1,19,Blues,St. Louis,de St. Louis,STL,2,3,REG,3,REG,8470880.0,8466160.0,,,,,,,,,,,,,,,,,,,,STL
2013021151,20132014,2,2014-04-03,False,2014-04-04T01:00:00Z,-04:00,-06:00,America/Denver,OFF,OK,3,Rangers,New York,de New York,NYR,2,21,Avalanche,Colorado,du Colorado,COL,3,5,SO,3,SO,8473575.0,,,,,,,,,,,,,,,,,,,,,COL
2013021152,20132014,2,2014-04-03,False,2014-04-04T02:30:00Z,-04:00,-07:00,US/Pacific,OFF,OK,26,Kings,Los Angeles,de Los Angeles,LAK,1,28,Sharks,San Jose,de San Jose,SJS,2,3,REG,3,REG,8474550.0,8474053.0,,,,,,,,,,,,,,,,,,,,SJS
2013021157,20132014,2,2014-04-04,False,2014-04-04T23:00:00Z,-04:00,-04:00,US/Eastern,OFF,OK,15,Capitals,Washington,de Washington,WSH,1,1,Devils,New Jersey,du New Jersey,NJD,2,3,REG,3,REG,8471239.0,8473646.0,,,,,,,,,,,,,,,,,,,,NJD
2013021154,20132014,2,2014-04-04,False,2014-04-04T23:00:00Z,-04:00,-04:00,US/Eastern,OFF,OK,16,Blackhawks,Chicago,de Chicago,CHI,4,29,Blue Jackets,Columbus,de Columbus,CBJ,3,3,REG,3,REG,8477293.0,8474727.0,,,,,,,,,,,,,,,,,,,,CHI
2013021153,20132014,2,2014-04-04,False,2014-04-04T23:00:00Z,-04:00,-04:00,US/Eastern,OFF,OK,8,Canadiens,Montréal,de Montréal,MTL,7,9,Senators,Ottawa,d'Ottawa,OTT,4,3,REG,3,REG,8469514.0,8474157.0,,Sénateurs,,,,,,,,,,,,,,,,,,MTL
2013021155,20132014,2,2014-04-04,False,2014-04-04T23:30:00Z,-04:00,-04:00,America/Detroit,OFF,OK,7,Sabres,Buffalo,de Buffalo,BUF,2,17,Red Wings,Detroit,de Detroit,DET,3,3,REG,3,REG,8470657.0,8460621.0,,,,,,,,,,,,,,,,,,,,DET
2013021156,20132014,2,2014-04-04,False,2014-04-04T23:30:00Z,-04:00,-04:00,US/Eastern,OFF,OK,20,Flames,Calgary,de Calgary,CGY,2,13,Panthers,Florida,de la Floride,FLA,1,3,REG,3,REG,8469732.0,8469500.0,,,,,,,,,,,,,,,,,,,,CGY
2013021158,20132014,2,2014-04-04,False,2014-04-05T02:00:00Z,-04:00,-07:00,America/Phoenix,OFF,OK,22,Oilers,Edmonton,d'Edmonton,EDM,3,27,Coyotes,Phoenix,de Phoenix,PHX,2,5,SO,3,SO,8475681.0,,,,,,,,,,,,,,,,,,,,,EDM
2013021159,20132014,2,2014-04-04,False,2014-04-05T02:00:00Z,-04:00,-07:00,America/Los_Angeles,OFF,OK,18,Predators,Nashville,de Nashville,NSH,5,24,Ducks,Anaheim,d'Anaheim,ANA,2,3,REG,3,REG,8471469.0,8467370.0,,,,,,,,,,,,,,,,,,,,NSH
2013021160,20132014,2,2014-04-05,False,2014-04-05T17:00:00Z,-04:00,-04:00,US/Eastern,OFF,OK,4,Flyers,Philadelphia,de Philadelphie,PHI,2,6,Bruins,Boston,de Boston,BOS,5,3,REG,3,REG,8471695.0,8470187.0,,,,,,,,,,,,,,,,,,,,BOS
2013021161,20132014,2,2014-04-05,False,2014-04-05T18:00:00Z,-04:00,-05:00,US/Central,OFF,OK,21,Avalanche,Colorado,du Colorado,COL,4,19,Blues,St. Louis,de St. Louis,STL,0,3,REG,3,REG,8473575.0,8471669.0,,,,,,,,,,,,,,,,,,,,COL
2013021162,20132014,2,2014-04-05,False,2014-04-05T21:00:00Z,-04:00,-04:00,America/New_York,OFF,OK,15,Capitals,Washington,de Washington,WSH,4,2,Islanders,New York,de New York,NYI,3,5,SO,3,SO,8474651.0,,,,,,,,,,,,,,,,,,,,,WSH
2013021165,20132014,2,2014-04-05,False,2014-04-05T23:00:00Z,-04:00,-04:00,US/Eastern,OFF,OK,25,Stars,Dallas,de Dallas,DAL,5,14,Lightning,Tampa Bay,de Tampa Bay,TBL,2,3,REG,3,REG,8470140.0,8475794.0,,,,,,,,,,,,,,,,,,,,DAL
2013021167,20132014,2,2014-04-05,False,2014-04-05T23:00:00Z,-04:00,-04:00,US/Eastern,OFF,OK,1,Devils,New Jersey,du New Jersey,NJD,3,12,Hurricanes,Carolina,de la Caroline,CAR,1,3,REG,3,REG,8471239.0,8471233.0,,,,,,,,,,,,,,,,,,,,NJD
2013021166,20132014,2,2014-04-05,False,2014-04-05T23:00:00Z,-04:00,-04:00,America/New_York,OFF,OK,9,Senators,Ottawa,d'Ottawa,OTT,3,3,Rangers,New York,de New York,NYR,2,3,REG,3,REG,8475215.0,8469455.0,Sénateurs,,,,,,,,,,,,,,,,,,,OTT
2013021164,20132014,2,2014-04-05,False,2014-04-05T23:00:00Z,-04:00,-04:00,America/Montreal,OFF,OK,17,Red Wings,Detroit,de Detroit,DET,3,8,Canadiens,Montréal,de Montréal,MTL,5,3,REG,3,REG,8471679.0,8467407.0,,,,,,,,,,,,,,,,,,,,MTL
2013021163,20132014,2,2014-04-05,False,2014-04-05T23:00:00Z,-04:00,-04:00,America/Toronto,OFF,OK,52,Jets,Winnipeg,de Winnipeg,WPG,4,10,Maple Leafs,Toronto,de Toronto,TOR,2,3,REG,3,REG,8471715.0,8470828.0,,,,,,,,,,,,,,,,,,,,WPG
2013021168,20132014,2,2014-04-05,False,2014-04-06T00:00:00Z,-04:00,-05:00,US/Central,OFF,OK,5,Penguins,Pittsburgh,de Pittsburgh,PIT,0,30,Wild,Minnesota,du Minnesota,MIN,4,3,REG,3,REG,8468524.0,8475287.0,,,,,,,,,,,,,,,,,,,,MIN
2013021169,20132014,2,2014-04-05,False,2014-04-06T02:00:00Z,-04:00,-07:00,America/Vancouver,OFF,OK,26,Kings,Los Angeles,de Los Angeles,LAK,1,23,Canucks,Vancouver,de Vancouver,VAN,2,3,REG,3,REG,8475663.0,8470755.0,,,,,,,,,,,,,,,,,,,,VAN
2013021170,20132014,2,2014-04-05,False,2014-04-06T02:30:00Z,-04:00,-07:00,US/Pacific,OFF,OK,18,Predators,Nashville,de Nashville,NSH,3,28,Sharks,San Jose,de San Jose,SJS,0,3,REG,3,REG,8475622.0,8471887.0,,,,,,,,,,,,,,,,,,,,NSH
2013021174,20132014,2,2014-04-06,False,2014-04-06T16:30:00Z,-04:00,-05:00,America/Chicago,OFF,OK,19,Blues,St. Louis,de St. Louis,STL,2,16,Blackhawks,Chicago,de Chicago,CHI,4,3,REG,3,REG,8470645.0,8475323.0,,,,,,,,,,,,,,,,,,,,CHI
2013021171,20132014,2,2014-04-06,False,2014-04-06T21:00:00Z,-04:00,-04:00,US/Eastern,OFF,OK,25,Stars,Dallas,de Dallas,DAL,2,13,Panthers,Florida,de la Floride,FLA,3,3,REG,3,REG,8466141.0,8470176.0,,,,,,,,,,,,,,,,,,,,FLA
2013021172,20132014,2,2014-04-06,False,2014-04-06T22:00:00Z,-04:00,-04:00,US/Eastern,OFF,OK,2,Islanders,New York,de New York,NYI,0,29,Blue Jackets,Columbus,de Columbus,CBJ,4,3,REG,3,REG,8475683.0,8476432.0,,,,,,,,,,,,,,,,,,,,CBJ
2013021173,20132014,2,2014-04-06,False,2014-04-06T23:30:00Z,-04:00,-04:00,US/Eastern,OFF,OK,7,Sabres,Buffalo,de Buffalo,BUF,2,4,Flyers,Philadelphia,de Philadelphie,PHI,5,3,REG,3,REG,8473461.0,8475170.0,,,,,,,,,,,,,,,,,,,,PHI
2013021176,20132014,2,2014-04-06,False,2014-04-07T00:00:00Z,-04:00,-06:00,America/Edmonton,OFF,OK,24,Ducks,Anaheim,d'Anaheim,ANA,2,22,Oilers,Edmonton,d'Edmonton,EDM,4,3,REG,3,REG,8476839.0,8474602.0,,,,,,,,,,,,,,,,,,,,EDM
2013021175,20132014,2,2014-04-06,False,2014-04-07T00:00:00Z,-04:00,-06:00,America/Denver,OFF,OK,5,Penguins,Pittsburgh,de Pittsburgh,PIT,3,21,Avalanche,Colorado,du Colorado,COL,2,5,SO,3,SO,8470594.0,,,,,,,,,,,,,,,,,,,,,PIT
2013021177,20132014,2,2014-04-07,False,2014-04-07T23:00:00Z,-04:00,-04:00,US/Eastern,OFF,OK,20,Flames,Calgary,de Calgary,CGY,1,1,Devils,New Jersey,du New Jersey,NJD,0,3,REG,3,REG,8471403.0,8470966.0,,,,,,,,,,,,,,,,,,,,CGY
2013021178,20132014,2,2014-04-07,False,2014-04-08T00:00:00Z,-04:00,-05:00,America/Winnipeg,OFF,OK,30,Wild,Minnesota,du Minnesota,MIN,1,52,Jets,Winnipeg,de Winnipeg,WPG,0,3,REG,3,REG,8468524.0,8475745.0,,,,,,,,,,,,,,,,,,,,MIN
2013021179,20132014,2,2014-04-07,False,2014-04-08T02:00:00Z,-04:00,-07:00,America/Vancouver,OFF,OK,24,Ducks,Anaheim,d'Anaheim,ANA,3,23,Canucks,Vancouver,de Vancouver,VAN,0,3,REG,3,REG,8476434.0,8471476.0,,,,,,,,,,,,,,,,,,,,ANA
2013021181,20132014,2,2014-04-08,False,2014-04-08T23:00:00Z,-04:00,-04:00,America/New_York,OFF,OK,9,Senators,Ottawa,d'Ottawa,OTT,4,2,Islanders,New York,de New York,NYI,1,3,REG,3,REG,8467950.0,8469455.0,Sénateurs,,,,,,,,,,,,,,,,,,,OTT
2013021182,20132014,2,2014-04-08,False,2014-04-08T23:00:00Z,-04:00,-04:00,America/New_York,OFF,OK,12,Hurricanes,Carolina,de la Caroline,CAR,1,3,Rangers,New York,de New York,NYR,4,3,REG,3,REG,8468685.0,8471678.0,,,,,,,,,,,,,,,,,,,,NYR
2013021180,20132014,2,2014-04-08,False,2014-04-08T23:00:00Z,-04:00,-04:00,America/New_York,OFF,OK,17,Red Wings,Detroit,de Detroit,DET,4,7,Sabres,Buffalo,de Buffalo,BUF,2,3,REG,3,REG,8470657.0,8467330.0,,,,,,,,,,,,,,,,,,,,DET
2013021183,20132014,2,2014-04-08,False,2014-04-08T23:00:00Z,-04:00,-04:00,US/Eastern,OFF,OK,27,Coyotes,Phoenix,de Phoenix,PHX,3,29,Blue Jackets,Columbus,de Columbus,CBJ,4,4,OT,3,OT,8475683.0,8475793.0,,,,,,,,,,,,,,,,,,,,CBJ
2013021184,20132014,2,2014-04-08,False,2014-04-08T23:30:00Z,-04:00,-04:00,US/Eastern,OFF,OK,10,Maple Leafs,Toronto,de Toronto,TOR,0,14,Lightning,Tampa Bay,de Tampa Bay,TBL,3,3,REG,3,REG,8474765.0,8476292.0,,,,,,,,,,,,,,,Lindbäck,,,,,TBL
2013021185,20132014,2,2014-04-08,False,2014-04-08T23:30:00Z,-04:00,-04:00,US/Eastern,OFF,OK,4,Flyers,Philadelphia,de Philadelphie,PHI,5,13,Panthers,Florida,de la Floride,FLA,2,3,REG,3,REG,8473461.0,8473512.0,,,,,,,,,,,,,,,,,,,,PHI
2013021186,20132014,2,2014-04-08,False,2014-04-09T00:00:00Z,-04:00,-05:00,US/Central,OFF,OK,15,Capitals,Washington,de Washington,WSH,4,19,Blues,St. Louis,de St. Louis,STL,1,3,REG,3,REG,8474651.0,8471362.0,,,,,,,,,,,,,,,,,,,,WSH
2013021187,20132014,2,2014-04-08,False,2014-04-09T00:00:00Z,-04:00,-05:00,US/Central,OFF,OK,6,Bruins,Boston,de Boston,BOS,3,30,Wild,Minnesota,du Minnesota,MIN,4,5,SO,3,SO,8468524.0,,,,,,,,,,,,,,,,,,,,,MIN
2013021188,20132014,2,2014-04-08,False,2014-04-09T00:30:00Z,-04:00,-05:00,US/Central,OFF,OK,18,Predators,Nashville,de Nashville,NSH,2,25,Stars,Dallas,de Dallas,DAL,3,5,SO,3,SO,8470140.0,,,,,,,,,,,,,,,,,,,,,DAL
2013021189,20132014,2,2014-04-08,False,2014-04-09T01:30:00Z,-04:00,-06:00,America/Edmonton,OFF,OK,21,Avalanche,Colorado,du Colorado,COL,4,22,Oilers,Edmonton,d'Edmonton,EDM,1,3,REG,3,REG,8462044.0,8473446.0,,,,,,,,,,,,,,,,,,,,COL
2013021190,20132014,2,2014-04-09,False,2014-04-09T23:30:00Z,-04:00,-05:00,America/Chicago,OFF,OK,8,Canadiens,Montréal,de Montréal,MTL,2,16,Blackhawks,Chicago,de Chicago,CHI,3,4,OT,3,OT,8470645.0,8469544.0,,,,,,,,,,,,,,,,,,,,CHI
2013021191,20132014,2,2014-04-09,False,2014-04-10T00:00:00Z,-04:00,-04:00,US/Eastern,OFF,OK,17,Red Wings,Detroit,de Detroit,DET,3,5,Penguins,Pittsburgh,de Pittsburgh,PIT,4,5,SO,3,SO,8470594.0,,,,,,,,,,,,,,,,,,,,,PIT
2013020971,20132014,2,2014-04-09,False,2014-04-10T00:30:00Z,-04:00,-05:00,US/Central,OFF,OK,29,Blue Jackets,Columbus,de Columbus,CBJ,3,25,Stars,Dallas,de Dallas,DAL,1,3,REG,3,REG,8475683.0,8473573.0,,,,,,,,,,,,,,,,,,,,CBJ
2013021192,20132014,2,2014-04-09,False,2014-04-10T02:00:00Z,-04:00,-06:00,America/Edmonton,OFF,OK,26,Kings,Los Angeles,de Los Angeles,LAK,3,20,Flames,Calgary,de Calgary,CGY,4,5,SO,3,SO,8471403.0,,,,,,,,,,,,,,,,,,,,,CGY
2013021193,20132014,2,2014-04-09,False,2014-04-10T02:30:00Z,-04:00,-07:00,America/Los_Angeles,OFF,OK,28,Sharks,San Jose,de San Jose,SJS,2,24,Ducks,Anaheim,d'Anaheim,ANA,5,3,REG,3,REG,8476434.0,8474034.0,,,,,,,,,,,,,,,,,,,,ANA
2013021195,20132014,2,2014-04-10,False,2014-04-10T23:00:00Z,-04:00,-04:00,US/Eastern,OFF,OK,15,Capitals,Washington,de Washington,WSH,5,12,Hurricanes,Carolina,de la Caroline,CAR,2,3,REG,3,REG,8474651.0,8471426.0,,,,,,,,,,,,,,,,,,,,WSH
2013021194,20132014,2,2014-04-10,False,2014-04-10T23:00:00Z,-04:00,-04:00,America/New_York,OFF,OK,7,Sabres,Buffalo,de Buffalo,BUF,1,3,Rangers,New York,de New York,NYR,2,3,REG,3,REG,8468685.0,8470041.0,,,,,,,,,,,,,,,,,,,,NYR
2013021196,20132014,2,2014-04-10,False,2014-04-10T23:30:00Z,-04:00,-04:00,America/Montreal,OFF,OK,2,Islanders,New York,de New York,NYI,2,8,Canadiens,Montréal,de Montréal,MTL,0,3,REG,3,REG,8460705.0,8476458.0,,,,,,,,,,,,,,,,,,,,NYI
2013021198,20132014,2,2014-04-10,False,2014-04-10T23:30:00Z,-04:00,-04:00,US/Eastern,OFF,OK,4,Flyers,Philadelphia,de Philadelphie,PHI,2,14,Lightning,Tampa Bay,de Tampa Bay,TBL,4,3,REG,3,REG,8474765.0,8466142.0,,,,,,,,,,,,,,,Lindbäck,,,,,TBL
2013021197,20132014,2,2014-04-10,False,2014-04-10T23:30:00Z,-04:00,-04:00,US/Eastern,OFF,OK,1,Devils,New Jersey,du New Jersey,NJD,1,9,Senators,Ottawa,d'Ottawa,OTT,2,5,SO,3,SO,8475215.0,,,Sénateurs,,,,,,,,,,,,,,,,,,OTT
2013021199,20132014,2,2014-04-10,False,2014-04-10T23:30:00Z,-04:00,-04:00,US/Eastern,OFF,OK,10,Maple Leafs,Toronto,de Toronto,TOR,2,13,Panthers,Florida,de la Floride,FLA,4,3,REG,3,REG,8466141.0,8475760.0,,,,,,,,,,,,,,,,,,,,FLA
2013021202,20132014,2,2014-04-10,False,2014-04-11T00:00:00Z,-04:00,-05:00,America/Winnipeg,OFF,OK,6,Bruins,Boston,de Boston,BOS,1,52,Jets,Winnipeg,de Winnipeg,WPG,2,5,SO,3,SO,8474636.0,,,,,,,,,,,,,,,,,,,,,WPG
2013021201,20132014,2,2014-04-10,False,2014-04-11T00:00:00Z,-04:00,-05:00,US/Central,OFF,OK,19,Blues,St. Louis,de St. Louis,STL,2,30,Wild,Minnesota,du Minnesota,MIN,4,3,REG,3,REG,8474202.0,8470852.0,,,,,,,,,,,,,,,,,,,,MIN
2013021200,20132014,2,2014-04-10,False,2014-04-11T00:00:00Z,-04:00,-05:00,US/Central,OFF,OK,27,Coyotes,Phoenix,de Phoenix,PHX,0,18,Predators,Nashville,de Nashville,NSH,2,3,REG,3,REG,8471469.0,8475225.0,,,,,,,,,,,,,,,,,,,,NSH
2013021203,20132014,2,2014-04-10,False,2014-04-11T01:30:00Z,-04:00,-06:00,America/Edmonton,OFF,OK,26,Kings,Los Angeles,de Los Angeles,LAK,3,22,Oilers,Edmonton,d'Edmonton,EDM,0,3,REG,3,REG,8474889.0,8471685.0,,,,,,,,,,,,,,,,,,,,LAK
2013021204,20132014,2,2014-04-10,False,2014-04-11T02:00:00Z,-04:00,-07:00,America/Vancouver,OFF,OK,21,Avalanche,Colorado,du Colorado,COL,4,23,Canucks,Vancouver,de Vancouver,VAN,2,3,REG,3,REG,8473575.0,8475197.0,,,,,,,,,,,,,,,,,,,,COL
2013021205,20132014,2,2014-04-11,False,2014-04-11T23:00:00Z,-04:00,-04:00,US/Eastern,OFF,OK,16,Blackhawks,Chicago,de Chicago,CHI,0,15,Capitals,Washington,de Washington,WSH,4,3,REG,3,REG,8470860.0,8471214.0,,,,,,,,,,,,,,,,,,,,WSH
2013021208,20132014,2,2014-04-11,False,2014-04-11T23:30:00Z,-04:00,-04:00,US/Eastern,OFF,OK,2,Islanders,New York,de New York,NYI,3,1,Devils,New Jersey,du New Jersey,NJD,2,5,SO,3,SO,8475195.0,,,,,,,,,,,,,,,,,,,,,NYI
2013021207,20132014,2,2014-04-11,False,2014-04-11T23:30:00Z,-04:00,-04:00,US/Eastern,OFF,OK,29,Blue Jackets,Columbus,de Columbus,CBJ,2,14,Lightning,Tampa Bay,de Tampa Bay,TBL,3,3,REG,3,REG,8477356.0,8466142.0,,,,,,,,,,,,,,,,,,,,TBL
2013021206,20132014,2,2014-04-11,False,2014-04-11T23:30:00Z,-04:00,-04:00,America/Detroit,OFF,OK,12,Hurricanes,Carolina,de la Caroline,CAR,2,17,Red Wings,Detroit,de Detroit,DET,1,3,REG,3,REG,8470320.0,8473482.0,,,,,,,,,,,,,,,,,,,,CAR
2013021209,20132014,2,2014-04-11,False,2014-04-12T00:30:00Z,-04:00,-05:00,US/Central,OFF,OK,19,Blues,St. Louis,de St. Louis,STL,0,25,Stars,Dallas,de Dallas,DAL,3,3,REG,3,REG,8470140.0,8470110.0,,,,,,,,,,,,,,,,,,,,DAL
2013021210,20132014,2,2014-04-11,False,2014-04-12T01:00:00Z,-04:00,-06:00,America/Edmonton,OFF,OK,52,Jets,Winnipeg,de Winnipeg,WPG,5,20,Flames,Calgary,de Calgary,CGY,3,3,REG,3,REG,8474636.0,8474074.0,,,,,,,,,,,,,,,,,,,,WPG
2013021211,20132014,2,2014-04-11,False,2014-04-12T02:00:00Z,-04:00,-07:00,US/Pacific,OFF,OK,21,Avalanche,Colorado,du Colorado,COL,1,28,Sharks,San Jose,de San Jose,SJS,5,3,REG,3,REG,8471774.0,8466139.0,,,,,,,,,,,,,,,,,,,,SJS
2013021212,20132014,2,2014-04-12,False,2014-04-12T16:30:00Z,-04:00,-04:00,US/Eastern,OFF,OK,7,Sabres,Buffalo,de Buffalo,BUF,1,6,Bruins,Boston,de Boston,BOS,4,3,REG,3,REG,8471695.0,8471276.0,,,,,,,,,,,,,,,,,,,,BOS
2013021213,20132014,2,2014-04-12,False,2014-04-12T19:00:00Z,-04:00,-04:00,US/Eastern,OFF,OK,4,Flyers,Philadelphia,de Philadelphie,PHI,4,5,Penguins,Pittsburgh,de Pittsburgh,PIT,3,4,OT,3,OT,8469548.0,8468309.0,,,,,,,,,,,,,,,,,,,,PHI
2013021215,20132014,2,2014-04-12,False,2014-04-12T23:00:00Z,-04:00,-04:00,US/Eastern,OFF,OK,10,Maple Leafs,Toronto,de Toronto,TOR,0,9,Senators,Ottawa,d'Ottawa,OTT,1,3,REG,3,REG,8467950.0,8469455.0,,Sénateurs,,,,,,,,,,,,,,,,,,OTT
2013021216,20132014,2,2014-04-12,False,2014-04-12T23:00:00Z,-04:00,-04:00,US/Eastern,OFF,OK,29,Blue Jackets,Columbus,de Columbus,CBJ,3,13,Panthers,Florida,de la Floride,FLA,2,3,REG,3,REG,8475683.0,8475793.0,,,,,,,,,,,,,,,,,,,,CBJ
2013021214,20132014,2,2014-04-12,False,2014-04-12T23:00:00Z,-04:00,-04:00,America/Montreal,OFF,OK,3,Rangers,New York,de New York,NYR,0,8,Canadiens,Montréal,de Montréal,MTL,1,4,OT,3,OT,8471679.0,8467407.0,,,,,,,,,,,,,,,,,,,,MTL
2013021217,20132014,2,2014-04-12,False,2014-04-13T00:00:00Z,-04:00,-05:00,US/Central,OFF,OK,16,Blackhawks,Chicago,de Chicago,CHI,5,18,Predators,Nashville,de Nashville,NSH,7,3,REG,3,REG,8471469.0,8471887.0,,,,,,,,,,,,,,,,,,,,NSH
2013021218,20132014,2,2014-04-12,False,2014-04-13T01:00:00Z,-04:00,-07:00,America/Phoenix,OFF,OK,28,Sharks,San Jose,de San Jose,SJS,3,27,Coyotes,Phoenix,de Phoenix,PHX,2,3,REG,3,REG,8474550.0,8474053.0,,,,,,,,,,,,,,,,,,,,SJS
2013021219,20132014,2,2014-04-12,False,2014-04-13T02:00:00Z,-04:00,-06:00,America/Edmonton,OFF,OK,23,Canucks,Vancouver,de Vancouver,VAN,2,22,Oilers,Edmonton,d'Edmonton,EDM,5,3,REG,3,REG,8475681.0,8476179.0,,,,,,,,,,,,,,,,,,,,EDM
2013021220,20132014,2,2014-04-12,False,2014-04-13T02:30:00Z,-04:00,-07:00,America/Los_Angeles,OFF,OK,24,Ducks,Anaheim,d'Anaheim,ANA,4,26,Kings,Los Angeles,de Los Angeles,LAK,3,5,SO,3,SO,8475883.0,,,,,,,,,,,,,,,,,,,,,ANA
2013021224,20132014,2,2014-04-13,False,2014-04-13T16:30:00Z,-04:00,-05:00,US/Central,OFF,OK,17,Red Wings,Detroit,de Detroit,DET,3,19,Blues,St. Louis,de St. Louis,STL,0,3,REG,3,REG,8475852.0,8471716.0,,,,,,,,,,,,,,,,,,,,DET
2013021222,20132014,2,2014-04-13,False,2014-04-13T19:00:00Z,-04:00,-04:00,US/Eastern,OFF,OK,12,Hurricanes,Carolina,de la Caroline,CAR,6,4,Flyers,Philadelphia,de Philadelphie,PHI,5,5,SO,3,SO,8471418.0,,,,,,,,,,,,,,,,,,,,,CAR
2013021223,20132014,2,2014-04-13,False,2014-04-13T19:00:00Z,-04:00,-04:00,US/Eastern,OFF,OK,14,Lightning,Tampa Bay,de Tampa Bay,TBL,1,15,Capitals,Washington,de Washington,WSH,0,5,SO,3,SO,8474765.0,,,,,,,,,,,,,,,,Lindbäck,,,,,TBL
2013021221,20132014,2,2014-04-13,False,2014-04-13T19:00:00Z,-04:00,-04:00,US/Eastern,OFF,OK,6,Bruins,Boston,de Boston,BOS,2,1,Devils,New Jersey,du New Jersey,NJD,3,3,REG,3,REG,8455710.0,8469623.0,,,,,,,,,,,,,,,,,,,,NJD
2013021225,20132014,2,2014-04-13,False,2014-04-13T21:00:00Z,-04:00,-04:00,America/New_York,OFF,OK,2,Islanders,New York,de New York,NYI,4,7,Sabres,Buffalo,de Buffalo,BUF,3,5,SO,3,SO,8475195.0,,,,,,,,,,,,,,,,,,,,,NYI
2013021226,20132014,2,2014-04-13,False,2014-04-13T23:30:00Z,-04:00,-04:00,US/Eastern,OFF,OK,9,Senators,Ottawa,d'Ottawa,OTT,3,5,Penguins,Pittsburgh,de Pittsburgh,PIT,2,5,SO,3,SO,8475215.0,,Sénateurs,,,,,,,,,,,,,,,,,,,OTT
2013021229,20132014,2,2014-04-13,False,2014-04-14T00:00:00Z,-04:00,-07:00,America/Los_Angeles,OFF,OK,21,Avalanche,Colorado,du Colorado,COL,2,24,Ducks,Anaheim,d'Anaheim,ANA,3,4,OT,3,OT,8476434.0,8474009.0,,,,,,,,,,,,,,,,,,,,ANA
2013021227,20132014,2,2014-04-13,False,2014-04-14T00:00:00Z,-04:00,-05:00,US/Central,OFF,OK,18,Predators,Nashville,de Nashville,NSH,7,30,Wild,Minnesota,du Minnesota,MIN,3,3,REG,3,REG,8475622.0,8474600.0,,,,,,,,,,,,,,,,,,,,NSH
2013021228,20132014,2,2014-04-13,False,2014-04-14T01:00:00Z,-04:00,-07:00,America/Vancouver,OFF,OK,20,Flames,Calgary,de Calgary,CGY,1,23,Canucks,Vancouver,de Vancouver,VAN,5,3,REG,3,REG,8474593.0,8467875.0,,,,,,,,,,,,,,,Markström,,,,,VAN
2013021230,20132014,2,2014-04-13,False,2014-04-14T01:00:00Z,-04:00,-07:00,America/Phoenix,OFF,OK,25,Stars,Dallas,de Dallas,DAL,1,27,Coyotes,Phoenix,de Phoenix,PHX,2,3,REG,3,REG,8471306.0,8469664.0,,,,,,,,,,,,,,,,,,,,PHX
2013030121,20132014,3,2014-04-16,False,2014-04-16T23:00:00Z,-04:00,-04:00,US/Eastern,OFF,OK,8,Canadiens,Montréal,de Montréal,MTL,5,14,Lightning,Tampa Bay,de Tampa Bay,TBL,4,4,OT,3,OT,8471679.0,8474668.0,,,,,/schedule/playoff-series/2014/series-b/lightning-vs-canadiens,1.0,R1,1st Round,B,4.0,0.0,1.0,1.0,,,,,,,MTL
2013030131,20132014,3,2014-04-16,False,2014-04-16T23:30:00Z,-04:00,-04:00,US/Eastern,OFF,OK,29,Blue Jackets,Columbus,de Columbus,CBJ,3,5,Penguins,Pittsburgh,de Pittsburgh,PIT,4,3,REG,3,REG,8470594.0,8474091.0,,,,,/schedule/playoff-series/2014/series-c/penguins-vs-bluejackets,1.0,R1,1st Round,C,4.0,1.0,0.0,1.0,,,,,,,PIT
2013030171,20132014,3,2014-04-16,False,2014-04-17T02:00:00Z,-04:00,-07:00,America/Los_Angeles,OFF,OK,25,Stars,Dallas,de Dallas,DAL,3,24,Ducks,Anaheim,d'Anaheim,ANA,4,3,REG,3,REG,8475883.0,8473492.0,,,,,/schedule/playoff-series/2014/series-g/ducks-vs-stars,1.0,R1,1st Round,G,4.0,1.0,0.0,1.0,,,,,,,ANA
2013030141,20132014,3,2014-04-17,False,2014-04-17T23:00:00Z,-04:00,-04:00,America/New_York,OFF,OK,4,Flyers,Philadelphia,de Philadelphie,PHI,1,3,Rangers,New York,de New York,NYR,4,3,REG,3,REG,8468685.0,8467389.0,,,,,/schedule/playoff-series/2014/series-d/rangers-vs-flyers,1.0,R1,1st Round,D,4.0,1.0,0.0,1.0,,,,,,,NYR
2013030161,20132014,3,2014-04-17,False,2014-04-18T00:00:00Z,-04:00,-05:00,US/Central,OFF,OK,16,Blackhawks,Chicago,de Chicago,CHI,3,19,Blues,St. Louis,de St. Louis,STL,4,6,OT,3,OT,8468011.0,8470257.0,,,,,/schedule/playoff-series/2014/series-f/blues-vs-blackhawks,1.0,R1,1st Round,F,4.0,1.0,0.0,1.0,3.0,,,,,,STL
2013030151,20132014,3,2014-04-17,False,2014-04-18T01:30:00Z,-04:00,-06:00,America/Denver,OFF,OK,30,Wild,Minnesota,du Minnesota,MIN,4,21,Avalanche,Colorado,du Colorado,COL,5,4,OT,3,OT,8473575.0,8471669.0,,,,,/schedule/playoff-series/2014/series-e/avalanche-vs-wild,1.0,R1,1st Round,E,4.0,1.0,0.0,1.0,,,,,,,COL
2013030181,20132014,3,2014-04-17,False,2014-04-18T02:30:00Z,-04:00,-07:00,US/Pacific,OFF,OK,26,Kings,Los Angeles,de Los Angeles,LAK,3,28,Sharks,San Jose,de San Jose,SJS,6,3,REG,3,REG,8474550.0,8468485.0,,,,,/schedule/playoff-series/2014/series-h/sharks-vs-kings,1.0,R1,1st Round,H,4.0,1.0,0.0,1.0,,,,,,,SJS
2013030122,20132014,3,2014-04-18,False,2014-04-18T23:00:00Z,-04:00,-04:00,US/Eastern,OFF,OK,8,Canadiens,Montréal,de Montréal,MTL,4,14,Lightning,Tampa Bay,de Tampa Bay,TBL,1,3,REG,3,REG,8471679.0,8471504.0,,,,,/schedule/playoff-series/2014/series-b/lightning-vs-canadiens,1.0,R1,1st Round,B,4.0,0.0,2.0,2.0,,,,,,,MTL
2013030111,20132014,3,2014-04-18,False,2014-04-18T23:30:00Z,-04:00,-04:00,US/Eastern,OFF,OK,17,Red Wings,Detroit,de Detroit,DET,1,6,Bruins,Boston,de Boston,BOS,0,3,REG,3,REG,8470657.0,8467514.0,,,,,/schedule/playoff-series/2014/series-a/bruins-vs-redwings,1.0,R1,1st Round,A,4.0,0.0,1.0,1.0,,,,,,,DET
2013030172,20132014,3,2014-04-18,False,2014-04-19T02:00:00Z,-04:00,-07:00,America/Los_Angeles,OFF,OK,25,Stars,Dallas,de Dallas,DAL,2,24,Ducks,Anaheim,d'Anaheim,ANA,3,3,REG,3,REG,8475883.0,8471699.0,,,,,/schedule/playoff-series/2014/series-g/ducks-vs-stars,1.0,R1,1st Round,G,4.0,2.0,0.0,2.0,,,,,,,ANA
2013030162,20132014,3,2014-04-19,False,2014-04-19T19:00:00Z,-04:00,-05:00,US/Central,OFF,OK,16,Blackhawks,Chicago,de Chicago,CHI,3,19,Blues,St. Louis,de St. Louis,STL,4,4,OT,3,OT,8468011.0,8467890.0,,,,,/schedule/playoff-series/2014/series-f/blues-vs-blackhawks,1.0,R1,1st Round,F,4.0,2.0,0.0,2.0,,,,,,,STL
2013030132,20132014,3,2014-04-19,False,2014-04-19T23:00:00Z,-04:00,-04:00,US/Eastern,OFF,OK,29,Blue Jackets,Columbus,de Columbus,CBJ,4,5,Penguins,Pittsburgh,de Pittsburgh,PIT,3,5,OT,3,OT,8475683.0,8474685.0,,,,,/schedule/playoff-series/2014/series-c/penguins-vs-bluejackets,1.0,R1,1st Round,C,4.0,1.0,1.0,2.0,2.0,,,,,,CBJ
2013030152,20132014,3,2014-04-19,False,2014-04-20T01:30:00Z,-04:00,-06:00,America/Denver,OFF,OK,30,Wild,Minnesota,du Minnesota,MIN,2,21,Avalanche,Colorado,du Colorado,COL,4,3,REG,3,REG,8473575.0,8476455.0,,,,,/schedule/playoff-series/2014/series-e/avalanche-vs-wild,1.0,R1,1st Round,E,4.0,2.0,0.0,2.0,,,,,,,COL
2013030142,20132014,3,2014-04-20,False,2014-04-20T16:00:00Z,-04:00,-04:00,America/New_York,OFF,OK,4,Flyers,Philadelphia,de Philadelphie,PHI,4,3,Rangers,New York,de New York,NYR,2,3,REG,3,REG,8469548.0,8474568.0,,,,,/schedule/playoff-series/2014/series-d/rangers-vs-flyers,1.0,R1,1st Round,D,4.0,1.0,1.0,2.0,,,,,,,PHI
2013030112,20132014,3,2014-04-20,False,2014-04-20T19:00:00Z,-04:00,-04:00,US/Eastern,OFF,OK,17,Red Wings,Detroit,de Detroit,DET,1,6,Bruins,Boston,de Boston,BOS,4,3,REG,3,REG,8471695.0,8475191.0,,,,,/schedule/playoff-series/2014/series-a/bruins-vs-redwings,1.0,R1,1st Round,A,4.0,1.0,1.0,2.0,,,,,,,BOS
2013030123,20132014,3,2014-04-20,False,2014-04-20T23:00:00Z,-04:00,-04:00,America/Montreal,OFF,OK,14,Lightning,Tampa Bay,de Tampa Bay,TBL,2,8,Canadiens,Montréal,de Montréal,MTL,3,3,REG,3,REG,8471679.0,8469521.0,,,,,/schedule/playoff-series/2014/series-b/canadiens-vs-lightning,1.0,R1,1st Round,B,4.0,0.0,3.0,3.0,,,,,,,MTL
2013030182,20132014,3,2014-04-20,False,2014-04-21T02:00:00Z,-04:00,-07:00,US/Pacific,OFF,OK,26,Kings,Los Angeles,de Los Angeles,LAK,2,28,Sharks,San Jose,de San Jose,SJS,7,3,REG,3,REG,8474550.0,8474027.0,,,,,/schedule/playoff-series/2014/series-h/sharks-vs-kings,1.0,R1,1st Round,H,4.0,2.0,0.0,2.0,,,,,,,SJS
2013030153,20132014,3,2014-04-21,False,2014-04-21T23:00:00Z,-04:00,-05:00,US/Central,OFF,OK,21,Avalanche,Colorado,du Colorado,COL,0,30,Wild,Minnesota,du Minnesota,MIN,1,4,OT,3,OT,8475311.0,8475798.0,,,,,/schedule/playoff-series/2014/series-e/wild-vs-avalanche,1.0,R1,1st Round,E,4.0,2.0,1.0,3.0,,,,,,,MIN
2013030133,20132014,3,2014-04-21,False,2014-04-21T23:00:00Z,-04:00,-04:00,US/Eastern,OFF,OK,5,Penguins,Pittsburgh,de Pittsburgh,PIT,4,29,Blue Jackets,Columbus,de Columbus,CBJ,3,3,REG,3,REG,8470594.0,8469638.0,,,,,/schedule/playoff-series/2014/series-c/bluejackets-vs-penguins,1.0,R1,1st Round,C,4.0,2.0,1.0,3.0,,,,,,,PIT
2013030163,20132014,3,2014-04-21,False,2014-04-22T00:30:00Z,-04:00,-05:00,America/Chicago,OFF,OK,19,Blues,St. Louis,de St. Louis,STL,0,16,Blackhawks,Chicago,de Chicago,CHI,2,3,REG,3,REG,8470645.0,8473604.0,,,,,/schedule/playoff-series/2014/series-f/blackhawks-vs-blues,1.0,R1,1st Round,F,4.0,2.0,1.0,3.0,,,,,,,CHI
2013030173,20132014,3,2014-04-21,False,2014-04-22T01:30:00Z,-04:00,-05:00,US/Central,OFF,OK,24,Ducks,Anaheim,d'Anaheim,ANA,0,25,Stars,Dallas,de Dallas,DAL,3,3,REG,3,REG,8470140.0,8473994.0,,,,,/schedule/playoff-series/2014/series-g/stars-vs-ducks,1.0,R1,1st Round,G,4.0,2.0,1.0,3.0,,,,,,,DAL
2013030124,20132014,3,2014-04-22,False,2014-04-22T23:00:00Z,-04:00,-04:00,America/Montreal,OFF,OK,14,Lightning,Tampa Bay,de Tampa Bay,TBL,3,8,Canadiens,Montréal,de Montréal,MTL,4,3,REG,3,REG,8471679.0,8474157.0,,,,,/schedule/playoff-series/2014/series-b/canadiens-vs-lightning,1.0,R1,1st Round,B,4.0,0.0,4.0,4.0,,,,,,,MTL
2013030113,20132014,3,2014-04-22,False,2014-04-22T23:30:00Z,-04:00,-04:00,America/Detroit,OFF,OK,6,Bruins,Boston,de Boston,BOS,3,17,Red Wings,Detroit,de Detroit,DET,0,3,REG,3,REG,8471695.0,8476462.0,,,,,/schedule/playoff-series/2014/series-a/redwings-vs-bruins,1.0,R1,1st Round,A,4.0,2.0,1.0,3.0,,,,,,,BOS
2013030143,20132014,3,2014-04-22,False,2014-04-23T00:00:00Z,-04:00,-04:00,US/Eastern,OFF,OK,3,Rangers,New York,de New York,NYR,4,4,Flyers,Philadelphia,de Philadelphie,PHI,1,3,REG,3,REG,8468685.0,8466378.0,,,,,/schedule/playoff-series/2014/series-d/flyers-vs-rangers,1.0,R1,1st Round,D,4.0,2.0,1.0,3.0,,,,,,,NYR
2013030183,20132014,3,2014-04-22,False,2014-04-23T02:00:00Z,-04:00,-07:00,America/Los_Angeles,OFF,OK,28,Sharks,San Jose,de San Jose,SJS,4,26,Kings,Los Angeles,de Los Angeles,LAK,3,4,OT,3,OT,8474550.0,8466139.0,,,,,/schedule/playoff-series/2014/series-h/kings-vs-sharks,1.0,R1,1st Round,H,4.0,3.0,0.0,3.0,,,,,,,SJS
2013030134,20132014,3,2014-04-23,False,2014-04-23T23:00:00Z,-04:00,-04:00,US/Eastern,OFF,OK,5,Penguins,Pittsburgh,de Pittsburgh,PIT,3,29,Blue Jackets,Columbus,de Columbus,CBJ,4,4,OT,3,OT,8475683.0,8473422.0,,,,,/schedule/playoff-series/2014/series-c/bluejackets-vs-penguins,1.0,R1,1st Round,C,4.0,2.0,2.0,4.0,,,,,,,CBJ
2013030174,20132014,3,2014-04-23,False,2014-04-24T00:00:00Z,-04:00,-05:00,US/Central,OFF,OK,24,Ducks,Anaheim,d'Anaheim,ANA,2,25,Stars,Dallas,de Dallas,DAL,4,3,REG,3,REG,8470140.0,8475236.0,,,,,/schedule/playoff-series/2014/series-g/stars-vs-ducks,1.0,R1,1st Round,G,4.0,2.0,2.0,4.0,,,,,,,DAL
2013030164,20132014,3,2014-04-23,False,2014-04-24T01:30:00Z,-04:00,-05:00,America/Chicago,OFF,OK,19,Blues,St. Louis,de St. Louis,STL,3,16,Blackhawks,Chicago,de Chicago,CHI,4,4,OT,3,OT,8470645.0,8474141.0,,,,,/schedule/playoff-series/2014/series-f/blackhawks-vs-blues,1.0,R1,1st Round,F,4.0,2.0,2.0,4.0,,,,,,,CHI
2013030114,20132014,3,2014-04-24,False,2014-04-25T00:00:00Z,-04:00,-04:00,America/Detroit,OFF,OK,6,Bruins,Boston,de Boston,BOS,3,17,Red Wings,Detroit,de Detroit,DET,2,4,OT,3,OT,8471695.0,8462042.0,,,,,/schedule/playoff-series/2014/series-a/redwings-vs-bruins,1.0,R1,1st Round,A,4.0,3.0,1.0,4.0,,,,,,,BOS
2013030154,20132014,3,2014-04-24,False,2014-04-25T01:30:00Z,-04:00,-05:00,US/Central,OFF,OK,21,Avalanche,Colorado,du Colorado,COL,1,30,Wild,Minnesota,du Minnesota,MIN,2,3,REG,3,REG,8475311.0,8475745.0,,,,,/schedule/playoff-series/2014/series-e/wild-vs-avalanche,1.0,R1,1st Round,E,4.0,2.0,2.0,4.0,,,,,,,MIN
2013030184,20132014,3,2014-04-24,False,2014-04-25T02:30:00Z,-04:00,-07:00,America/Los_Angeles,OFF,OK,28,Sharks,San Jose,de San Jose,SJS,3,26,Kings,Los Angeles,de Los Angeles,LAK,6,3,REG,3,REG,8471734.0,8475726.0,,,,,/schedule/playoff-series/2014/series-h/kings-vs-sharks,1.0,R1,1st Round,H,4.0,3.0,1.0,4.0,,,,,,,LAK
2013030144,20132014,3,2014-04-25,False,2014-04-25T23:00:00Z,-04:00,-04:00,US/Eastern,OFF,OK,3,Rangers,New York,de New York,NYR,1,4,Flyers,Philadelphia,de Philadelphie,PHI,2,3,REG,3,REG,8473461.0,8474161.0,,,,,/schedule/playoff-series/2014/series-d/flyers-vs-rangers,1.0,R1,1st Round,D,4.0,2.0,2.0,4.0,,,,,,,PHI
2013030165,20132014,3,2014-04-25,False,2014-04-26T00:00:00Z,-04:00,-05:00,US/Central,OFF,OK,16,Blackhawks,Chicago,de Chicago,CHI,3,19,Blues,St. Louis,de St. Louis,STL,2,4,OT,3,OT,8470645.0,8473604.0,,,,,/schedule/playoff-series/2014/series-f/blues-vs-blackhawks,1.0,R1,1st Round,F,4.0,2.0,3.0,5.0,,,,,,,CHI
2013030175,20132014,3,2014-04-25,False,2014-04-26T02:30:00Z,-04:00,-07:00,America/Los_Angeles,OFF,OK,25,Stars,Dallas,de Dallas,DAL,2,24,Ducks,Anaheim,d'Anaheim,ANA,6,3,REG,3,REG,8475883.0,8473618.0,,,,,/schedule/playoff-series/2014/series-g/ducks-vs-stars,1.0,R1,1st Round,G,4.0,3.0,2.0,5.0,,,,,,,ANA
2013030115,20132014,3,2014-04-26,False,2014-04-26T19:00:00Z,-04:00,-04:00,US/Eastern,OFF,OK,17,Red Wings,Detroit,de Detroit,DET,2,6,Bruins,Boston,de Boston,BOS,4,3,REG,3,REG,8471695.0,8473473.0,,,,,/schedule/playoff-series/2014/series-a/bruins-vs-redwings,1.0,R1,1st Round,A,4.0,4.0,1.0,5.0,,,,,,,BOS
2013030135,20132014,3,2014-04-26,False,2014-04-26T23:00:00Z,-04:00,-04:00,US/Eastern,OFF,OK,29,Blue Jackets,Columbus,de Columbus,CBJ,1,5,Penguins,Pittsburgh,de Pittsburgh,PIT,3,3,REG,3,REG,8470594.0,8469638.0,,,,,/schedule/playoff-series/2014/series-c/penguins-vs-bluejackets,1.0,R1,1st Round,C,4.0,3.0,2.0,5.0,,,,,,,PIT
2013030155,20132014,3,2014-04-26,False,2014-04-27T01:30:00Z,-04:00,-06:00,America/Denver,OFF,OK,30,Wild,Minnesota,du Minnesota,MIN,3,21,Avalanche,Colorado,du Colorado,COL,4,4,OT,3,OT,8473575.0,8477492.0,,,,,/schedule/playoff-series/2014/series-e/avalanche-vs-wild,1.0,R1,1st Round,E,4.0,3.0,2.0,5.0,,,,,,,COL
2013030185,20132014,3,2014-04-26,False,2014-04-27T02:00:00Z,-04:00,-07:00,US/Pacific,OFF,OK,26,Kings,Los Angeles,de Los Angeles,LAK,3,28,Sharks,San Jose,de San Jose,SJS,0,3,REG,3,REG,8471734.0,8475726.0,,,,,/schedule/playoff-series/2014/series-h/sharks-vs-kings,1.0,R1,1st Round,H,4.0,3.0,2.0,5.0,,,,,,,LAK
2013030145,20132014,3,2014-04-27,False,2014-04-27T16:00:00Z,-04:00,-04:00,America/New_York,OFF,OK,4,Flyers,Philadelphia,de Philadelphie,PHI,2,3,Rangers,New York,de New York,NYR,4,3,REG,3,REG,8468685.0,8468575.0,,,,,/schedule/playoff-series/2014/series-d/rangers-vs-flyers,1.0,R1,1st Round,D,4.0,3.0,2.0,5.0,,,,,,,NYR
2013030166,20132014,3,2014-04-27,False,2014-04-27T19:00:00Z,-04:00,-05:00,America/Chicago,OFF,OK,19,Blues,St. Louis,de St. Louis,STL,1,16,Blackhawks,Chicago,de Chicago,CHI,5,3,REG,3,REG,8470645.0,8473604.0,,,,,/schedule/playoff-series/2014/series-f/blackhawks-vs-blues,1.0,R1,1st Round,F,4.0,2.0,4.0,6.0,,,,,,,CHI
2013030176,20132014,3,2014-04-27,False,2014-04-28T00:00:00Z,-04:00,-05:00,US/Central,OFF,OK,24,Ducks,Anaheim,d'Anaheim,ANA,5,25,Stars,Dallas,de Dallas,DAL,4,4,OT,3,OT,8473972.0,8474009.0,,,,,/schedule/playoff-series/2014/series-g/stars-vs-ducks,1.0,R1,1st Round,G,4.0,4.0,2.0,6.0,,,,,,,ANA
2013030136,20132014,3,2014-04-28,False,2014-04-28T23:00:00Z,-04:00,-04:00,US/Eastern,OFF,OK,5,Penguins,Pittsburgh,de Pittsburgh,PIT,4,29,Blue Jackets,Columbus,de Columbus,CBJ,3,3,REG,3,REG,8470594.0,8471215.0,,,,,/schedule/playoff-series/2014/series-c/bluejackets-vs-penguins,1.0,R1,1st Round,C,4.0,4.0,2.0,6.0,,,,,,,PIT
2013030156,20132014,3,2014-04-28,False,2014-04-29T01:00:00Z,-04:00,-05:00,US/Central,OFF,OK,21,Avalanche,Colorado,du Colorado,COL,2,30,Wild,Minnesota,du Minnesota,MIN,5,3,REG,3,REG,8475311.0,8470610.0,,,,,/schedule/playoff-series/2014/series-e/wild-vs-avalanche,1.0,R1,1st Round,E,4.0,3.0,3.0,6.0,,,,,,,MIN
2013030186,20132014,3,2014-04-28,False,2014-04-29T02:00:00Z,-04:00,-07:00,America/Los_Angeles,OFF,OK,28,Sharks,San Jose,de San Jose,SJS,1,26,Kings,Los Angeles,de Los Angeles,LAK,4,3,REG,3,REG,8471734.0,8468508.0,,,,,/schedule/playoff-series/2014/series-h/kings-vs-sharks,1.0,R1,1st Round,H,4.0,3.0,3.0,6.0,,,,,,,LAK
2013030146,20132014,3,2014-04-29,False,2014-04-29T23:30:00Z,-04:00,-04:00,US/Eastern,OFF,OK,3,Rangers,New York,de New York,NYR,2,4,Flyers,Philadelphia,de Philadelphie,PHI,5,3,REG,3,REG,8473461.0,8475640.0,,,,,/schedule/playoff-series/2014/series-d/flyers-vs-rangers,1.0,R1,1st Round,D,4.0,3.0,3.0,6.0,,,,,,,PHI
2013030147,20132014,3,2014-04-30,False,2014-04-30T23:00:00Z,-04:00,-04:00,America/New_York,OFF,OK,4,Flyers,Philadelphia,de Philadelphie,PHI,1,3,Rangers,New York,de New York,NYR,2,3,REG,3,REG,8468685.0,8471678.0,,,,,/schedule/playoff-series/2014/series-d/rangers-vs-flyers,1.0,R1,1st Round,D,4.0,4.0,3.0,7.0,,,,,,,NYR
2013030157,20132014,3,2014-04-30,False,2014-05-01T01:30:00Z,-04:00,-06:00,America/Denver,OFF,OK,30,Wild,Minnesota,du Minnesota,MIN,5,21,Avalanche,Colorado,du Colorado,COL,4,4,OT,3,OT,8468524.0,8475799.0,,,,,/schedule/playoff-series/2014/series-e/avalanche-vs-wild,1.0,R1,1st Round,E,4.0,3.0,4.0,7.0,,,,,,,MIN
2013030187,20132014,3,2014-04-30,False,2014-05-01T02:00:00Z,-04:00,-07:00,US/Pacific,OFF,OK,26,Kings,Los Angeles,de Los Angeles,LAK,5,28,Sharks,San Jose,de San Jose,SJS,1,3,REG,3,REG,8471734.0,8471685.0,,,,,/schedule/playoff-series/2014/series-h/sharks-vs-kings,1.0,R1,1st Round,H,4.0,3.0,4.0,7.0,,,,,,,LAK
2013030211,20132014,3,2014-05-01,False,2014-05-01T23:30:00Z,-04:00,-04:00,US/Eastern,OFF,OK,8,Canadiens,Montréal,de Montréal,MTL,4,6,Bruins,Boston,de Boston,BOS,3,5,OT,3,OT,8471679.0,8474056.0,,,,,/schedule/playoff-series/2014/series-i/bruins-vs-canadiens,2.0,R2,2nd Round,I,4.0,0.0,1.0,1.0,2.0,,,,,,MTL
2013030221,20132014,3,2014-05-02,False,2014-05-02T23:00:00Z,-04:00,-04:00,US/Eastern,OFF,OK,3,Rangers,New York,de New York,NYR,3,5,Penguins,Pittsburgh,de Pittsburgh,PIT,2,4,OT,3,OT,8468685.0,8473544.0,,,,,/schedule/playoff-series/2014/series-j/penguins-vs-rangers,2.0,R2,2nd Round,J,4.0,0.0,1.0,1.0,,,,,,,NYR
2013030231,20132014,3,2014-05-02,False,2014-05-03T01:30:00Z,-04:00,-05:00,America/Chicago,OFF,OK,30,Wild,Minnesota,du Minnesota,MIN,2,16,Blackhawks,Chicago,de Chicago,CHI,5,3,REG,3,REG,8470645.0,8474141.0,,,,,/schedule/playoff-series/2014/series-k/blackhawks-vs-wild,2.0,R2,2nd Round,K,4.0,1.0,0.0,1.0,,,,,,,CHI
2013030212,20132014,3,2014-05-03,False,2014-05-03T16:30:00Z,-04:00,-04:00,US/Eastern,OFF,OK,8,Canadiens,Montréal,de Montréal,MTL,3,6,Bruins,Boston,de Boston,BOS,5,3,REG,3,REG,8471695.0,8475191.0,,,,,/schedule/playoff-series/2014/series-i/bruins-vs-canadiens,2.0,R2,2nd Round,I,4.0,1.0,1.0,2.0,,,,,,,BOS
2013030241,20132014,3,2014-05-03,False,2014-05-04T00:00:00Z,-04:00,-07:00,America/Los_Angeles,OFF,OK,26,Kings,Los Angeles,de Los Angeles,LAK,3,24,Ducks,Anaheim,d'Anaheim,ANA,2,4,OT,3,OT,8471734.0,8468483.0,,,,,/schedule/playoff-series/2014/series-l/ducks-vs-kings,2.0,R2,2nd Round,L,4.0,0.0,1.0,1.0,,,,,,,LAK
2013030232,20132014,3,2014-05-04,False,2014-05-04T19:00:00Z,-04:00,-05:00,America/Chicago,OFF,OK,30,Wild,Minnesota,du Minnesota,MIN,1,16,Blackhawks,Chicago,de Chicago,CHI,4,3,REG,3,REG,8470645.0,8476438.0,,,,,/schedule/playoff-series/2014/series-k/blackhawks-vs-wild,2.0,R2,2nd Round,K,4.0,2.0,0.0,2.0,,,,,,,CHI
2013030222,20132014,3,2014-05-04,False,2014-05-04T23:30:00Z,-04:00,-04:00,US/Eastern,OFF,OK,3,Rangers,New York,de New York,NYR,0,5,Penguins,Pittsburgh,de Pittsburgh,PIT,3,3,REG,3,REG,8470594.0,8471724.0,,,,,/schedule/playoff-series/2014/series-j/penguins-vs-rangers,2.0,R2,2nd Round,J,4.0,1.0,1.0,2.0,,,,,,,PIT
2013030223,20132014,3,2014-05-05,False,2014-05-05T23:30:00Z,-04:00,-04:00,America/New_York,OFF,OK,5,Penguins,Pittsburgh,de Pittsburgh,PIT,2,3,Rangers,New York,de New York,NYR,0,3,REG,3,REG,8470594.0,8471675.0,,,,,/schedule/playoff-series/2014/series-j/rangers-vs-penguins,2.0,R2,2nd Round,J,4.0,2.0,1.0,3.0,,,,,,,PIT
2013030242,20132014,3,2014-05-05,False,2014-05-06T02:00:00Z,-04:00,-07:00,America/Los_Angeles,OFF,OK,26,Kings,Los Angeles,de Los Angeles,LAK,3,24,Ducks,Anaheim,d'Anaheim,ANA,1,3,REG,3,REG,8471734.0,8474166.0,,,,,/schedule/playoff-series/2014/series-l/ducks-vs-kings,2.0,R2,2nd Round,L,4.0,0.0,2.0,2.0,,,,,,,LAK
2013030213,20132014,3,2014-05-06,False,2014-05-06T23:00:00Z,-04:00,-04:00,America/Montreal,OFF,OK,6,Bruins,Boston,de Boston,BOS,2,8,Canadiens,Montréal,de Montréal,MTL,4,3,REG,3,REG,8471679.0,8474668.0,,,,,/schedule/playoff-series/2014/series-i/canadiens-vs-bruins,2.0,R2,2nd Round,I,4.0,1.0,2.0,3.0,,,,,,,MTL
2013030233,20132014,3,2014-05-06,False,2014-05-07T01:00:00Z,-04:00,-05:00,US/Central,OFF,OK,16,Blackhawks,Chicago,de Chicago,CHI,0,30,Wild,Minnesota,du Minnesota,MIN,4,3,REG,3,REG,8468524.0,8475287.0,,,,,/schedule/playoff-series/2014/series-k/wild-vs-blackhawks,2.0,R2,2nd Round,K,4.0,2.0,1.0,3.0,,,,,,,MIN
2013030224,20132014,3,2014-05-07,False,2014-05-07T23:30:00Z,-04:00,-04:00,America/New_York,OFF,OK,5,Penguins,Pittsburgh,de Pittsburgh,PIT,4,3,Rangers,New York,de New York,NYR,2,3,REG,3,REG,8470594.0,8469638.0,,,,,/schedule/playoff-series/2014/series-j/rangers-vs-penguins,2.0,R2,2nd Round,J,4.0,3.0,1.0,4.0,,,,,,,PIT
2013030214,20132014,3,2014-05-08,False,2014-05-08T23:30:00Z,-04:00,-04:00,America/Montreal,OFF,OK,6,Bruins,Boston,de Boston,BOS,1,8,Canadiens,Montréal,de Montréal,MTL,0,4,OT,3,OT,8471695.0,8475671.0,,,,,/schedule/playoff-series/2014/series-i/canadiens-vs-bruins,2.0,R2,2nd Round,I,4.0,2.0,2.0,4.0,,,,,,,BOS
2013030243,20132014,3,2014-05-08,False,2014-05-09T02:00:00Z,-04:00,-07:00,America/Los_Angeles,OFF,OK,24,Ducks,Anaheim,d'Anaheim,ANA,3,26,Kings,Los Angeles,de Los Angeles,LAK,2,3,REG,3,REG,8473972.0,8473933.0,,,,,/schedule/playoff-series/2014/series-l/kings-vs-ducks,2.0,R2,2nd Round,L,4.0,1.0,2.0,3.0,,,,,,,ANA
2013030225,20132014,3,2014-05-09,False,2014-05-09T23:00:00Z,-04:00,-04:00,US/Eastern,OFF,OK,3,Rangers,New York,de New York,NYR,5,5,Penguins,Pittsburgh,de Pittsburgh,PIT,1,3,REG,3,REG,8468685.0,8473544.0,,,,,/schedule/playoff-series/2014/series-j/penguins-vs-rangers,2.0,R2,2nd Round,J,4.0,3.0,2.0,5.0,,,,,,,NYR
2013030234,20132014,3,2014-05-09,False,2014-05-10T01:30:00Z,-04:00,-05:00,US/Central,OFF,OK,16,Blackhawks,Chicago,de Chicago,CHI,2,30,Wild,Minnesota,du Minnesota,MIN,4,3,REG,3,REG,8468524.0,8475799.0,,,,,/schedule/playoff-series/2014/series-k/wild-vs-blackhawks,2.0,R2,2nd Round,K,4.0,2.0,2.0,4.0,,,,,,,MIN
2013030215,20132014,3,2014-05-10,False,2014-05-10T23:00:00Z,-04:00,-04:00,US/Eastern,OFF,OK,8,Canadiens,Montréal,de Montréal,MTL,2,6,Bruins,Boston,de Boston,BOS,4,3,REG,3,REG,8471695.0,8462042.0,,,,,/schedule/playoff-series/2014/series-i/bruins-vs-canadiens,2.0,R2,2nd Round,I,4.0,3.0,2.0,5.0,,,,,,,BOS
2013030244,20132014,3,2014-05-10,False,2014-05-11T01:30:00Z,-04:00,-07:00,America/Los_Angeles,OFF,OK,24,Ducks,Anaheim,d'Anaheim,ANA,2,26,Kings,Los Angeles,de Los Angeles,LAK,0,3,REG,3,REG,8476434.0,8475758.0,,,,,/schedule/playoff-series/2014/series-l/kings-vs-ducks,2.0,R2,2nd Round,L,4.0,2.0,2.0,4.0,,,,,,,ANA
2013030226,20132014,3,2014-05-11,False,2014-05-11T23:00:00Z,-04:00,-04:00,America/New_York,OFF,OK,5,Penguins,Pittsburgh,de Pittsburgh,PIT,1,3,Rangers,New York,de New York,NYR,3,3,REG,3,REG,8468685.0,8474176.0,,,,,/schedule/playoff-series/2014/series-j/rangers-vs-penguins,2.0,R2,2nd Round,J,4.0,3.0,3.0,6.0,,,,,,,NYR
2013030235,20132014,3,2014-05-11,False,2014-05-12T01:00:00Z,-04:00,-05:00,America/Chicago,OFF,OK,30,Wild,Minnesota,du Minnesota,MIN,1,16,Blackhawks,Chicago,de Chicago,CHI,2,3,REG,3,REG,8470645.0,8473604.0,,,,,/schedule/playoff-series/2014/series-k/blackhawks-vs-wild,2.0,R2,2nd Round,K,4.0,3.0,2.0,5.0,,,,,,,CHI
2013030216,20132014,3,2014-05-12,False,2014-05-12T23:30:00Z,-04:00,-04:00,America/Montreal,OFF,OK,6,Bruins,Boston,de Boston,BOS,0,8,Canadiens,Montréal,de Montréal,MTL,4,3,REG,3,REG,8471679.0,8474189.0,,,,,/schedule/playoff-series/2014/series-i/canadiens-vs-bruins,2.0,R2,2nd Round,I,4.0,3.0,3.0,6.0,,,,,,,MTL
2013030245,20132014,3,2014-05-12,False,2014-05-13T02:00:00Z,-04:00,-07:00,America/Los_Angeles,OFF,OK,26,Kings,Los Angeles,de Los Angeles,LAK,3,24,Ducks,Anaheim,d'Anaheim,ANA,4,3,REG,3,REG,8476434.0,8475164.0,,,,,/schedule/playoff-series/2014/series-l/ducks-vs-kings,2.0,R2,2nd Round,L,4.0,3.0,2.0,5.0,,,,,,,ANA
2013030227,20132014,3,2014-05-13,False,2014-05-13T23:00:00Z,-04:00,-04:00,US/Eastern,OFF,OK,3,Rangers,New York,de New York,NYR,2,5,Penguins,Pittsburgh,de Pittsburgh,PIT,1,3,REG,3,REG,8468685.0,8467389.0,,,,,/schedule/playoff-series/2014/series-j/penguins-vs-rangers,2.0,R2,2nd Round,J,4.0,3.0,4.0,7.0,,,,,,,NYR
2013030236,20132014,3,2014-05-13,False,2014-05-14T01:00:00Z,-04:00,-05:00,US/Central,OFF,OK,16,Blackhawks,Chicago,de Chicago,CHI,2,30,Wild,Minnesota,du Minnesota,MIN,1,4,OT,3,OT,8470645.0,8474141.0,,,,,/schedule/playoff-series/2014/series-k/wild-vs-blackhawks,2.0,R2,2nd Round,K,4.0,4.0,2.0,6.0,,,,,,,CHI
2013030217,20132014,3,2014-05-14,False,2014-05-14T23:00:00Z,-04:00,-04:00,US/Eastern,OFF,OK,8,Canadiens,Montréal,de Montréal,MTL,3,6,Bruins,Boston,de Boston,BOS,1,3,REG,3,REG,8471679.0,8474157.0,,,,,/schedule/playoff-series/2014/series-i/bruins-vs-canadiens,2.0,R2,2nd Round,I,4.0,3.0,4.0,7.0,,,,,,,MTL
2013030246,20132014,3,2014-05-14,False,2014-05-15T01:30:00Z,-04:00,-07:00,America/Los_Angeles,OFF,OK,24,Ducks,Anaheim,d'Anaheim,ANA,1,26,Kings,Los Angeles,de Los Angeles,LAK,2,3,REG,3,REG,8471734.0,8473453.0,,,,,/schedule/playoff-series/2014/series-l/kings-vs-ducks,2.0,R2,2nd Round,L,4.0,3.0,3.0,6.0,,,,,,,LAK
2013030247,20132014,3,2014-05-16,False,2014-05-17T01:00:00Z,-04:00,-07:00,America/Los_Angeles,OFF,OK,26,Kings,Los Angeles,de Los Angeles,LAK,6,24,Ducks,Anaheim,d'Anaheim,ANA,2,3,REG,3,REG,8471734.0,8470617.0,,,,,/schedule/playoff-series/2014/series-l/ducks-vs-kings,2.0,R2,2nd Round,L,4.0,3.0,4.0,7.0,,,,,,,LAK
2013030311,20132014,3,2014-05-17,False,2014-05-17T17:00:00Z,-04:00,-04:00,America/Montreal,OFF,OK,3,Rangers,New York,de New York,NYR,7,8,Canadiens,Montréal,de Montréal,MTL,2,3,REG,3,REG,8468685.0,8475184.0,,,,,/schedule/playoff-series/2014/series-m/canadiens-vs-rangers,3.0,ECF,Conference Finals,M,4.0,0.0,1.0,1.0,,,,,,,NYR
2013030321,20132014,3,2014-05-18,False,2014-05-18T19:00:00Z,-04:00,-05:00,America/Chicago,OFF,OK,26,Kings,Los Angeles,de Los Angeles,LAK,1,16,Blackhawks,Chicago,de Chicago,CHI,3,3,REG,3,REG,8470645.0,8470281.0,,,,,/schedule/playoff-series/2014/series-n/blackhawks-vs-kings,3.0,WCF,Conference Finals,N,4.0,1.0,0.0,1.0,,,,,,,CHI
2013030312,20132014,3,2014-05-19,False,2014-05-20T00:00:00Z,-04:00,-04:00,America/Montreal,OFF,OK,3,Rangers,New York,de New York,NYR,3,8,Canadiens,Montréal,de Montréal,MTL,1,3,REG,3,REG,8468685.0,8470041.0,,,,,/schedule/playoff-series/2014/series-m/canadiens-vs-rangers,3.0,ECF,Conference Finals,M,4.0,0.0,2.0,2.0,,,,,,,NYR
2013030322,20132014,3,2014-05-21,False,2014-05-22T00:00:00Z,-04:00,-05:00,America/Chicago,OFF,OK,26,Kings,Los Angeles,de Los Angeles,LAK,6,16,Blackhawks,Chicago,de Chicago,CHI,2,3,REG,3,REG,8471734.0,8474162.0,,,,,/schedule/playoff-series/2014/series-n/blackhawks-vs-kings,3.0,WCF,Conference Finals,N,4.0,1.0,1.0,2.0,,,,,,,LAK
2013030313,20132014,3,2014-05-22,False,2014-05-23T00:00:00Z,-04:00,-04:00,America/New_York,OFF,OK,8,Canadiens,Montréal,de Montréal,MTL,3,3,Rangers,New York,de New York,NYR,2,4,OT,3,OT,8474682.0,8476851.0,,,,,/schedule/playoff-series/2014/series-m/rangers-vs-canadiens,3.0,ECF,Conference Finals,M,4.0,1.0,2.0,3.0,,,,,,,MTL
2013030323,20132014,3,2014-05-24,False,2014-05-25T00:00:00Z,-04:00,-07:00,America/Los_Angeles,OFF,OK,16,Blackhawks,Chicago,de Chicago,CHI,3,26,Kings,Los Angeles,de Los Angeles,LAK,4,3,REG,3,REG,8471734.0,8474563.0,,,,,/schedule/playoff-series/2014/series-n/kings-vs-blackhawks,3.0,WCF,Conference Finals,N,4.0,1.0,2.0,3.0,,,,,,,LAK
2013030314,20132014,3,2014-05-25,False,2014-05-26T00:00:00Z,-04:00,-04:00,America/New_York,OFF,OK,8,Canadiens,Montréal,de Montréal,MTL,2,3,Rangers,New York,de New York,NYR,3,4,OT,3,OT,8468685.0,8466378.0,,,,,/schedule/playoff-series/2014/series-m/rangers-vs-canadiens,3.0,ECF,Conference Finals,M,4.0,1.0,3.0,4.0,,,,,,,NYR
2013030324,20132014,3,2014-05-26,False,2014-05-27T01:00:00Z,-04:00,-07:00,America/Los_Angeles,OFF,OK,16,Blackhawks,Chicago,de Chicago,CHI,2,26,Kings,Los Angeles,de Los Angeles,LAK,5,3,REG,3,REG,8471734.0,8470606.0,,,,,/schedule/playoff-series/2014/series-n/kings-vs-blackhawks,3.0,WCF,Conference Finals,N,4.0,1.0,3.0,4.0,,,,,,,LAK
2013030315,20132014,3,2014-05-27,False,2014-05-28T00:00:00Z,-04:00,-04:00,America/Montreal,OFF,OK,3,Rangers,New York,de New York,NYR,4,8,Canadiens,Montréal,de Montréal,MTL,7,3,REG,3,REG,8474682.0,8471504.0,,,,,/schedule/playoff-series/2014/series-m/canadiens-vs-rangers,3.0,ECF,Conference Finals,M,4.0,2.0,3.0,5.0,,,,,,,MTL
2013030325,20132014,3,2014-05-28,False,2014-05-29T00:00:00Z,-04:00,-05:00,America/Chicago,OFF,OK,26,Kings,Los Angeles,de Los Angeles,LAK,4,16,Blackhawks,Chicago,de Chicago,CHI,5,5,OT,3,OT,8470645.0,8462129.0,,,,,/schedule/playoff-series/2014/series-n/blackhawks-vs-kings,3.0,WCF,Conference Finals,N,4.0,2.0,3.0,5.0,2.0,,,,,,CHI
2013030316,20132014,3,2014-05-29,False,2014-05-30T00:00:00Z,-04:00,-04:00,America/New_York,OFF,OK,8,Canadiens,Montréal,de Montréal,MTL,0,3,Rangers,New York,de New York,NYR,1,3,REG,3,REG,8468685.0,8468575.0,,,,,/schedule/playoff-series/2014/series-m/rangers-vs-canadiens,3.0,ECF,Conference Finals,M,4.0,2.0,4.0,6.0,,,,,,,NYR
2013030326,20132014,3,2014-05-30,False,2014-05-31T01:00:00Z,-04:00,-07:00,America/Los_Angeles,OFF,OK,16,Blackhawks,Chicago,de Chicago,CHI,4,26,Kings,Los Angeles,de Los Angeles,LAK,3,3,REG,3,REG,8470645.0,8474141.0,,,,,/schedule/playoff-series/2014/series-n/kings-vs-blackhawks,3.0,WCF,Conference Finals,N,4.0,3.0,3.0,6.0,,,,,,,CHI
2013030327,20132014,3,2014-06-01,False,2014-06-02T00:00:00Z,-04:00,-05:00,America/Chicago,OFF,OK,26,Kings,Los Angeles,de Los Angeles,LAK,5,16,Blackhawks,Chicago,de Chicago,CHI,4,4,OT,3,OT,8471734.0,8474166.0,,,,,/schedule/playoff-series/2014/series-n/blackhawks-vs-kings,3.0,WCF,Conference Finals,N,4.0,3.0,4.0,7.0,,,,,,,LAK
2013030411,20132014,3,2014-06-04,False,2014-06-05T00:00:00Z,-04:00,-07:00,America/Los_Angeles,OFF,OK,3,Rangers,New York,de New York,NYR,2,26,Kings,Los Angeles,de Los Angeles,LAK,3,4,OT,3,OT,8471734.0,8468508.0,,,,,/schedule/playoff-series/2014/series-o/kings-vs-rangers,4.0,SCF,Stanley Cup Final,O,4.0,1.0,0.0,1.0,,,,,,,LAK
2013030412,20132014,3,2014-06-07,False,2014-06-07T23:00:00Z,-04:00,-07:00,America/Los_Angeles,OFF,OK,3,Rangers,New York,de New York,NYR,4,26,Kings,Los Angeles,de Los Angeles,LAK,5,5,OT,3,OT,8471734.0,8470606.0,,,,,/schedule/playoff-series/2014/series-o/kings-vs-rangers,4.0,SCF,Stanley Cup Final,O,4.0,2.0,0.0,2.0,2.0,,,,,,LAK
2013030413,20132014,3,2014-06-09,False,2014-06-10T00:00:00Z,-04:00,-04:00,America/New_York,OFF,OK,26,Kings,Los Angeles,de Los Angeles,LAK,3,3,Rangers,New York,de New York,NYR,0,3,REG,3,REG,8471734.0,8470604.0,,,,,/schedule/playoff-series/2014/series-o/rangers-vs-kings,4.0,SCF,Stanley Cup Final,O,4.0,3.0,0.0,3.0,,,,,,,LAK
2013030414,20132014,3,2014-06-11,False,2014-06-12T00:00:00Z,-04:00,-04:00,America/New_York,OFF,OK,26,Kings,Los Angeles,de Los Angeles,LAK,1,3,Rangers,New York,de New York,NYR,2,3,REG,3,REG,8468685.0,8466378.0,,,,,/schedule/playoff-series/2014/series-o/rangers-vs-kings,4.0,SCF,Stanley Cup Final,O,4.0,3.0,1.0,4.0,,,,,,,NYR
2013030415,20132014,3,2014-06-13,False,2014-06-14T00:00:00Z,-04:00,-07:00,America/Los_Angeles,OFF,OK,3,Rangers,New York,de New York,NYR,2,26,Kings,Los Angeles,de Los Angeles,LAK,3,5,OT,3,OT,8471734.0,8474166.0,,,,,/schedule/playoff-series/2014/series-o/kings-vs-rangers,4.0,SCF,Stanley Cup Final,O,4.0,4.0,1.0,5.0,2.0,,,,,,LAK
