gameIdx,team_tri,gameid,teamloc,goals,hits,goals_pp,shots,shots_blocked,poss_giveaway,poss_takeaway,win,seasonIdx,gameDate,gameEnd
MTL_TOR_2015-10-07,MTL,2015020001,away,3,4.0,0.0,4.0,2.0,1.0,2.0,1,2,2015-10-07,REG
MTL_TOR_2015-10-07,TOR,2015020001,home,1,5.0,0.0,2.0,0.0,0.0,2.0,0,2,2015-10-07,REG
NYR_CHI_2015-10-07,NYR,2015020002,away,3,7.0,0.0,2.0,1.0,2.0,1.0,1,2,2015-10-07,REG
NYR_CHI_2015-10-07,CHI,2015020002,home,2,2.0,0.0,5.0,2.0,3.0,0.0,0,2,2015-10-07,REG
VAN_CGY_2015-10-07,VAN,2015020003,away,5,3.0,0.0,2.0,0.0,0.0,0.0,1,2,2015-10-07,REG
VAN_CGY_2015-10-07,CGY,2015020003,home,1,2.0,0.0,5.0,4.0,2.0,2.0,0,2,2015-10-07,REG
SJS_LAK_2015-10-07,SJS,2015020004,away,5,2.0,1.0,8.0,2.0,0.0,0.0,1,2,2015-10-07,REG
SJS_LAK_2015-10-07,LAK,2015020004,home,1,7.0,0.0,3.0,1.0,2.0,0.0,0,2,2015-10-07,REG
OTT_BUF_2015-10-08,OTT,2015020006,away,3,3.0,0.0,1.0,1.0,0.0,0.0,1,2,2015-10-08,REG
OTT_BUF_2015-10-08,BUF,2015020006,home,1,3.0,0.0,4.0,2.0,2.0,2.0,0,2,2015-10-08,REG
WPG_BOS_2015-10-08,WPG,2015020005,away,6,5.0,0.0,1.0,1.0,1.0,0.0,1,2,2015-10-08,REG
WPG_BOS_2015-10-08,BOS,2015020005,home,2,5.0,0.0,2.0,4.0,2.0,1.0,0,2,2015-10-08,REG
PHI_TBL_2015-10-08,PHI,2015020007,away,2,4.0,1.0,3.0,0.0,1.0,2.0,0,2,2015-10-08,OT
PHI_TBL_2015-10-08,TBL,2015020007,home,3,3.0,0.0,7.0,1.0,2.0,0.0,1,2,2015-10-08,OT
CAR_NSH_2015-10-08,CAR,2015020009,away,1,3.0,0.0,1.0,1.0,1.0,1.0,0,2,2015-10-08,REG
CAR_NSH_2015-10-08,NSH,2015020009,home,2,1.0,0.0,3.0,1.0,1.0,2.0,1,2,2015-10-08,REG
EDM_STL_2015-10-08,EDM,2015020008,away,1,1.0,0.0,4.0,2.0,1.0,1.0,0,2,2015-10-08,REG
EDM_STL_2015-10-08,STL,2015020008,home,3,2.0,0.0,1.0,4.0,1.0,0.0,1,2,2015-10-08,REG
PIT_DAL_2015-10-08,PIT,2015020010,away,0,1.0,0.0,3.0,2.0,1.0,1.0,0,2,2015-10-08,REG
PIT_DAL_2015-10-08,DAL,2015020010,home,3,4.0,0.0,3.0,4.0,1.0,1.0,1,2,2015-10-08,REG
MIN_COL_2015-10-08,MIN,2015020011,away,5,6.0,0.0,2.0,2.0,0.0,1.0,1,2,2015-10-08,REG
MIN_COL_2015-10-08,COL,2015020011,home,4,6.0,0.0,3.0,5.0,0.0,1.0,0,2,2015-10-08,REG
NYR_CBJ_2015-10-09,NYR,2015020013,away,4,3.0,0.0,0.0,2.0,1.0,0.0,1,2,2015-10-09,REG
NYR_CBJ_2015-10-09,CBJ,2015020013,home,2,1.0,0.0,2.0,1.0,0.0,0.0,0,2,2015-10-09,REG
WPG_NJD_2015-10-09,WPG,2015020012,away,3,2.0,0.0,0.0,0.0,0.0,0.0,1,2,2015-10-09,REG
WPG_NJD_2015-10-09,NJD,2015020012,home,1,0.0,1.0,2.0,0.0,0.0,0.0,0,2,2015-10-09,REG
CHI_NYI_2015-10-09,CHI,2015020015,away,3,4.0,0.0,3.0,5.0,1.0,3.0,1,2,2015-10-09,OT
CHI_NYI_2015-10-09,NYI,2015020015,home,2,4.0,0.0,2.0,1.0,1.0,1.0,0,2,2015-10-09,OT
TOR_DET_2015-10-09,TOR,2015020014,away,0,2.0,0.0,0.0,2.0,0.0,0.0,0,2,2015-10-09,REG
TOR_DET_2015-10-09,DET,2015020014,home,4,5.0,1.0,3.0,1.0,1.0,0.0,1,2,2015-10-09,REG
ARI_LAK_2015-10-09,ARI,2015020016,away,4,1.0,0.0,2.0,1.0,1.0,1.0,1,2,2015-10-09,REG
ARI_LAK_2015-10-09,LAK,2015020016,home,1,0.0,0.0,6.0,0.0,2.0,0.0,0,2,2015-10-09,REG
TBL_BUF_2015-10-10,TBL,2015020017,away,4,3.0,0.0,2.0,2.0,0.0,2.0,1,2,2015-10-10,REG
TBL_BUF_2015-10-10,BUF,2015020017,home,1,5.0,0.0,3.0,1.0,1.0,0.0,0,2,2015-10-10,REG
OTT_TOR_2015-10-10,OTT,2015020019,away,5,6.0,0.0,3.0,3.0,2.0,2.0,1,2,2015-10-10,SO
OTT_TOR_2015-10-10,TOR,2015020019,home,4,4.0,0.0,1.0,1.0,1.0,0.0,0,2,2015-10-10,SO
DET_CAR_2015-10-10,DET,2015020023,away,4,10.0,0.0,3.0,2.0,1.0,0.0,1,2,2015-10-10,REG
DET_CAR_2015-10-10,CAR,2015020023,home,3,4.0,0.0,7.0,1.0,0.0,1.0,0,2,2015-10-10,REG
NJD_WSH_2015-10-10,NJD,2015020022,away,3,6.0,0.0,2.0,3.0,1.0,1.0,0,2,2015-10-10,REG
NJD_WSH_2015-10-10,WSH,2015020022,home,5,1.0,1.0,6.0,0.0,0.0,2.0,1,2,2015-10-10,REG
PHI_FLA_2015-10-10,PHI,2015020020,away,1,3.0,0.0,5.0,1.0,0.0,0.0,0,2,2015-10-10,REG
PHI_FLA_2015-10-10,FLA,2015020020,home,7,0.0,0.0,4.0,3.0,0.0,1.0,1,2,2015-10-10,REG
MTL_BOS_2015-10-10,MTL,2015020018,away,4,2.0,0.0,4.0,2.0,2.0,0.0,1,2,2015-10-10,REG
MTL_BOS_2015-10-10,BOS,2015020018,home,2,4.0,0.0,1.0,2.0,0.0,0.0,0,2,2015-10-10,REG
CBJ_NYR_2015-10-10,CBJ,2015020021,away,2,2.0,0.0,1.0,1.0,1.0,0.0,0,2,2015-10-10,REG
CBJ_NYR_2015-10-10,NYR,2015020021,home,5,5.0,0.0,0.0,3.0,0.0,0.0,1,2,2015-10-10,REG
EDM_NSH_2015-10-10,EDM,2015020024,away,0,2.0,0.0,9.0,3.0,3.0,0.0,0,2,2015-10-10,REG
EDM_NSH_2015-10-10,NSH,2015020024,home,2,2.0,0.0,6.0,4.0,1.0,1.0,1,2,2015-10-10,REG
STL_MIN_2015-10-10,STL,2015020025,away,2,3.0,0.0,0.0,0.0,0.0,0.0,0,2,2015-10-10,REG
STL_MIN_2015-10-10,MIN,2015020025,home,3,3.0,0.0,3.0,3.0,1.0,2.0,1,2,2015-10-10,REG
NYI_CHI_2015-10-10,NYI,2015020026,away,1,2.0,0.0,2.0,0.0,0.0,2.0,0,2,2015-10-10,REG
NYI_CHI_2015-10-10,CHI,2015020026,home,4,0.0,0.0,1.0,1.0,2.0,0.0,1,2,2015-10-10,REG
DAL_COL_2015-10-10,DAL,2015020027,away,3,1.0,0.0,3.0,0.0,0.0,1.0,0,2,2015-10-10,REG
DAL_COL_2015-10-10,COL,2015020027,home,6,2.0,0.0,3.0,1.0,1.0,0.0,1,2,2015-10-10,REG
CGY_VAN_2015-10-10,CGY,2015020028,away,3,3.0,0.0,1.0,2.0,0.0,0.0,1,2,2015-10-10,OT
CGY_VAN_2015-10-10,VAN,2015020028,home,2,3.0,0.0,2.0,5.0,2.0,0.0,0,2,2015-10-10,OT
PIT_ARI_2015-10-10,PIT,2015020029,away,1,1.0,0.0,2.0,1.0,0.0,0.0,0,2,2015-10-10,REG
PIT_ARI_2015-10-10,ARI,2015020029,home,2,2.0,0.0,4.0,1.0,1.0,0.0,1,2,2015-10-10,REG
ANA_SJS_2015-10-10,ANA,2015020030,away,0,5.0,0.0,1.0,4.0,1.0,0.0,0,2,2015-10-10,REG
ANA_SJS_2015-10-10,SJS,2015020030,home,2,7.0,0.0,2.0,3.0,1.0,0.0,1,2,2015-10-10,REG
MTL_OTT_2015-10-11,MTL,2015020031,away,3,6.0,0.0,4.0,1.0,1.0,3.0,1,2,2015-10-11,REG
MTL_OTT_2015-10-11,OTT,2015020031,home,1,6.0,0.0,0.0,3.0,2.0,1.0,0,2,2015-10-11,REG
WPG_NYI_2015-10-12,WPG,2015020033,away,2,9.0,0.0,0.0,2.0,0.0,0.0,0,2,2015-10-12,REG
WPG_NYI_2015-10-12,NYI,2015020033,home,4,2.0,0.0,8.0,3.0,2.0,2.0,1,2,2015-10-12,REG
TBL_BOS_2015-10-12,TBL,2015020032,away,6,0.0,0.0,4.0,1.0,1.0,1.0,1,2,2015-10-12,REG
TBL_BOS_2015-10-12,BOS,2015020032,home,3,1.0,0.0,3.0,1.0,1.0,1.0,0,2,2015-10-12,REG
CBJ_BUF_2015-10-12,CBJ,2015020034,away,2,2.0,0.0,0.0,1.0,0.0,0.0,0,2,2015-10-12,REG
CBJ_BUF_2015-10-12,BUF,2015020034,home,4,2.0,0.0,4.0,2.0,1.0,1.0,1,2,2015-10-12,REG
FLA_PHI_2015-10-12,FLA,2015020035,away,0,2.0,0.0,2.0,1.0,0.0,0.0,0,2,2015-10-12,REG
FLA_PHI_2015-10-12,PHI,2015020035,home,1,10.0,0.0,5.0,4.0,2.0,0.0,1,2,2015-10-12,REG
VAN_ANA_2015-10-12,VAN,2015020036,away,2,7.0,0.0,1.0,3.0,2.0,0.0,1,2,2015-10-12,SO
VAN_ANA_2015-10-12,ANA,2015020036,home,1,1.0,0.0,0.0,3.0,3.0,0.0,0,2,2015-10-12,SO
WPG_NYR_2015-10-13,WPG,2015020038,away,4,2.0,0.0,5.0,1.0,0.0,1.0,1,2,2015-10-13,REG
WPG_NYR_2015-10-13,NYR,2015020038,home,1,4.0,0.0,4.0,1.0,2.0,3.0,0,2,2015-10-13,REG
SJS_WSH_2015-10-13,SJS,2015020040,away,5,2.0,0.0,4.0,3.0,1.0,0.0,1,2,2015-10-13,REG
SJS_WSH_2015-10-13,WSH,2015020040,home,0,0.0,0.0,3.0,1.0,1.0,1.0,0,2,2015-10-13,REG
FLA_CAR_2015-10-13,FLA,2015020041,away,4,1.0,0.0,4.0,1.0,1.0,0.0,1,2,2015-10-13,REG
FLA_CAR_2015-10-13,CAR,2015020041,home,1,2.0,0.0,0.0,1.0,3.0,4.0,0,2,2015-10-13,REG
NSH_NJD_2015-10-13,NSH,2015020037,away,3,0.0,0.0,2.0,0.0,3.0,1.0,1,2,2015-10-13,REG
NSH_NJD_2015-10-13,NJD,2015020037,home,1,5.0,0.0,0.0,2.0,1.0,0.0,0,2,2015-10-13,REG
MTL_PIT_2015-10-13,MTL,2015020039,away,3,1.0,0.0,7.0,0.0,0.0,1.0,1,2,2015-10-13,REG
MTL_PIT_2015-10-13,PIT,2015020039,home,2,1.0,0.0,1.0,1.0,1.0,0.0,0,2,2015-10-13,REG
TBL_DET_2015-10-13,TBL,2015020042,away,1,2.0,0.0,6.0,4.0,1.0,0.0,0,2,2015-10-13,REG
TBL_DET_2015-10-13,DET,2015020042,home,3,9.0,0.0,2.0,1.0,2.0,1.0,1,2,2015-10-13,REG
EDM_DAL_2015-10-13,EDM,2015020043,away,2,2.0,0.0,3.0,2.0,3.0,6.0,0,2,2015-10-13,REG
EDM_DAL_2015-10-13,DAL,2015020043,home,4,0.0,0.0,9.0,1.0,3.0,1.0,1,2,2015-10-13,REG
STL_CGY_2015-10-13,STL,2015020044,away,4,1.0,0.0,2.0,3.0,2.0,0.0,1,2,2015-10-13,REG
STL_CGY_2015-10-13,CGY,2015020044,home,3,0.0,0.0,1.0,2.0,1.0,0.0,0,2,2015-10-13,REG
VAN_LAK_2015-10-13,VAN,2015020045,away,3,1.0,0.0,1.0,0.0,0.0,0.0,1,2,2015-10-13,REG
VAN_LAK_2015-10-13,LAK,2015020045,home,0,1.0,0.0,2.0,2.0,2.0,1.0,0,2,2015-10-13,REG
OTT_CBJ_2015-10-14,OTT,2015020046,away,7,2.0,0.0,3.0,5.0,0.0,0.0,1,2,2015-10-14,REG
OTT_CBJ_2015-10-14,CBJ,2015020046,home,3,1.0,0.0,2.0,0.0,0.0,1.0,0,2,2015-10-14,REG
CHI_PHI_2015-10-14,CHI,2015020047,away,0,3.0,0.0,2.0,2.0,0.0,0.0,0,2,2015-10-14,REG
CHI_PHI_2015-10-14,PHI,2015020047,home,3,5.0,0.0,1.0,1.0,1.0,0.0,1,2,2015-10-14,REG
BOS_COL_2015-10-14,BOS,2015020048,away,6,0.0,0.0,7.0,2.0,1.0,2.0,1,2,2015-10-14,REG
BOS_COL_2015-10-14,COL,2015020048,home,2,4.0,0.0,2.0,0.0,0.0,2.0,0,2,2015-10-14,REG
ARI_ANA_2015-10-14,ARI,2015020049,away,4,4.0,0.0,3.0,1.0,1.0,0.0,1,2,2015-10-14,REG
ARI_ANA_2015-10-14,ANA,2015020049,home,0,6.0,0.0,4.0,0.0,1.0,0.0,0,2,2015-10-14,REG
OTT_PIT_2015-10-15,OTT,2015020051,away,0,3.0,0.0,4.0,0.0,1.0,0.0,0,2,2015-10-15,REG
OTT_PIT_2015-10-15,PIT,2015020051,home,2,1.0,0.0,2.0,1.0,0.0,0.0,1,2,2015-10-15,REG
NSH_NYI_2015-10-15,NSH,2015020050,away,3,3.0,0.0,7.0,0.0,2.0,4.0,0,2,2015-10-15,REG
NSH_NYI_2015-10-15,NYI,2015020050,home,4,2.0,0.0,2.0,3.0,1.0,0.0,1,2,2015-10-15,REG
CHI_WSH_2015-10-15,CHI,2015020052,away,1,2.0,0.0,2.0,2.0,1.0,0.0,0,2,2015-10-15,REG
CHI_WSH_2015-10-15,WSH,2015020052,home,4,5.0,0.0,7.0,3.0,4.0,0.0,1,2,2015-10-15,REG
BUF_FLA_2015-10-15,BUF,2015020055,away,2,6.0,0.0,4.0,1.0,0.0,0.0,0,2,2015-10-15,REG
BUF_FLA_2015-10-15,FLA,2015020055,home,3,3.0,0.0,4.0,0.0,0.0,0.0,1,2,2015-10-15,REG
NYR_MTL_2015-10-15,NYR,2015020053,away,0,3.0,0.0,2.0,1.0,1.0,1.0,0,2,2015-10-15,REG
NYR_MTL_2015-10-15,MTL,2015020053,home,3,2.0,0.0,5.0,2.0,3.0,2.0,1,2,2015-10-15,REG
DAL_TBL_2015-10-15,DAL,2015020054,away,5,4.0,0.0,3.0,0.0,0.0,0.0,1,2,2015-10-15,REG
DAL_TBL_2015-10-15,TBL,2015020054,home,3,2.0,0.0,8.0,3.0,1.0,1.0,0,2,2015-10-15,REG
STL_EDM_2015-10-15,STL,2015020056,away,4,3.0,0.0,2.0,4.0,0.0,1.0,1,2,2015-10-15,REG
STL_EDM_2015-10-15,EDM,2015020056,home,2,2.0,0.0,9.0,2.0,1.0,3.0,0,2,2015-10-15,REG
MIN_ARI_2015-10-15,MIN,2015020057,away,4,5.0,0.0,4.0,7.0,1.0,0.0,1,2,2015-10-15,REG
MIN_ARI_2015-10-15,ARI,2015020057,home,3,2.0,0.0,5.0,2.0,1.0,0.0,0,2,2015-10-15,REG
TOR_CBJ_2015-10-16,TOR,2015020059,away,6,4.0,0.0,4.0,2.0,0.0,2.0,1,2,2015-10-16,REG
TOR_CBJ_2015-10-16,CBJ,2015020059,home,3,1.0,0.0,0.0,3.0,1.0,0.0,0,2,2015-10-16,REG
SJS_NJD_2015-10-16,SJS,2015020058,away,2,5.0,0.0,6.0,0.0,0.0,0.0,1,2,2015-10-16,SO
SJS_NJD_2015-10-16,NJD,2015020058,home,1,2.0,0.0,1.0,0.0,1.0,0.0,0,2,2015-10-16,SO
CAR_DET_2015-10-16,CAR,2015020060,away,5,2.0,0.0,1.0,1.0,0.0,0.0,1,2,2015-10-16,REG
CAR_DET_2015-10-16,DET,2015020060,home,3,2.0,0.0,2.0,1.0,3.0,1.0,0,2,2015-10-16,REG
CGY_WPG_2015-10-16,CGY,2015020061,away,1,1.0,0.0,2.0,7.0,1.0,0.0,0,2,2015-10-16,REG
CGY_WPG_2015-10-16,WPG,2015020061,home,3,4.0,0.0,2.0,2.0,1.0,0.0,1,2,2015-10-16,REG
STL_VAN_2015-10-16,STL,2015020062,away,4,2.0,0.0,3.0,1.0,0.0,1.0,1,2,2015-10-16,REG
STL_VAN_2015-10-16,VAN,2015020062,home,3,5.0,0.0,2.0,1.0,1.0,0.0,0,2,2015-10-16,REG
COL_ANA_2015-10-16,COL,2015020063,away,3,3.0,0.0,2.0,5.0,1.0,1.0,1,2,2015-10-16,REG
COL_ANA_2015-10-16,ANA,2015020063,home,0,3.0,0.0,3.0,4.0,2.0,0.0,0,2,2015-10-16,REG
MIN_LAK_2015-10-16,MIN,2015020064,away,1,6.0,0.0,1.0,2.0,0.0,1.0,0,2,2015-10-16,OT
MIN_LAK_2015-10-16,LAK,2015020064,home,2,3.0,0.0,4.0,5.0,1.0,0.0,1,2,2015-10-16,OT
TOR_PIT_2015-10-17,TOR,2015020069,away,1,3.0,0.0,7.0,5.0,1.0,0.0,0,2,2015-10-17,REG
TOR_PIT_2015-10-17,PIT,2015020069,home,2,0.0,0.0,6.0,1.0,1.0,0.0,1,2,2015-10-17,REG
NSH_OTT_2015-10-17,NSH,2015020066,away,4,3.0,0.0,2.0,6.0,0.0,0.0,1,2,2015-10-17,SO
NSH_OTT_2015-10-17,OTT,2015020066,home,3,5.0,0.0,3.0,1.0,1.0,1.0,0,2,2015-10-17,SO
CAR_WSH_2015-10-17,CAR,2015020070,away,1,2.0,0.0,3.0,1.0,2.0,1.0,0,2,2015-10-17,REG
CAR_WSH_2015-10-17,WSH,2015020070,home,4,4.0,0.0,6.0,3.0,4.0,4.0,1,2,2015-10-17,REG
DAL_FLA_2015-10-17,DAL,2015020068,away,4,2.0,0.0,2.0,1.0,1.0,1.0,1,2,2015-10-17,REG
DAL_FLA_2015-10-17,FLA,2015020068,home,2,6.0,0.0,4.0,0.0,0.0,0.0,0,2,2015-10-17,REG
DET_MTL_2015-10-17,DET,2015020065,away,1,4.0,0.0,0.0,0.0,1.0,0.0,0,2,2015-10-17,REG
DET_MTL_2015-10-17,MTL,2015020065,home,4,5.0,2.0,8.0,3.0,1.0,1.0,1,2,2015-10-17,REG
BUF_TBL_2015-10-17,BUF,2015020067,away,1,2.0,0.0,3.0,3.0,0.0,3.0,0,2,2015-10-17,REG
BUF_TBL_2015-10-17,TBL,2015020067,home,2,3.0,0.0,5.0,2.0,1.0,0.0,1,2,2015-10-17,REG
SJS_NYI_2015-10-17,SJS,2015020071,away,3,4.0,0.0,4.0,3.0,3.0,3.0,0,2,2015-10-17,REG
SJS_NYI_2015-10-17,NYI,2015020071,home,6,1.0,0.0,1.0,2.0,0.0,1.0,1,2,2015-10-17,REG
CBJ_CHI_2015-10-17,CBJ,2015020072,away,1,4.0,0.0,2.0,2.0,0.0,0.0,0,2,2015-10-17,REG
CBJ_CHI_2015-10-17,CHI,2015020072,home,4,0.0,0.0,1.0,0.0,0.0,0.0,1,2,2015-10-17,REG
EDM_CGY_2015-10-17,EDM,2015020073,away,5,1.0,0.0,6.0,2.0,2.0,0.0,1,2,2015-10-17,REG
EDM_CGY_2015-10-17,CGY,2015020073,home,2,0.0,0.0,2.0,5.0,1.0,1.0,0,2,2015-10-17,REG
BOS_ARI_2015-10-17,BOS,2015020074,away,5,2.0,0.0,5.0,6.0,1.0,0.0,1,2,2015-10-17,REG
BOS_ARI_2015-10-17,ARI,2015020074,home,3,3.0,1.0,6.0,1.0,0.0,1.0,0,2,2015-10-17,REG
NJD_NYR_2015-10-18,NJD,2015020075,away,2,5.0,0.0,3.0,2.0,3.0,2.0,1,2,2015-10-18,OT
NJD_NYR_2015-10-18,NYR,2015020075,home,1,3.0,0.0,4.0,0.0,1.0,1.0,0,2,2015-10-18,OT
STL_WPG_2015-10-18,STL,2015020076,away,4,3.0,1.0,3.0,0.0,0.0,1.0,1,2,2015-10-18,REG
STL_WPG_2015-10-18,WPG,2015020076,home,2,2.0,0.0,2.0,1.0,2.0,0.0,0,2,2015-10-18,REG
MIN_ANA_2015-10-18,MIN,2015020077,away,1,4.0,0.0,0.0,0.0,0.0,0.0,0,2,2015-10-18,REG
MIN_ANA_2015-10-18,ANA,2015020077,home,4,7.0,0.0,1.0,5.0,2.0,0.0,1,2,2015-10-18,REG
EDM_VAN_2015-10-18,EDM,2015020078,away,2,1.0,0.0,6.0,1.0,2.0,1.0,1,2,2015-10-18,OT
EDM_VAN_2015-10-18,VAN,2015020078,home,1,3.0,0.0,2.0,1.0,4.0,2.0,0,2,2015-10-18,OT
COL_LAK_2015-10-18,COL,2015020079,away,1,9.0,0.0,2.0,4.0,0.0,0.0,0,2,2015-10-18,REG
COL_LAK_2015-10-18,LAK,2015020079,home,2,3.0,0.0,2.0,3.0,2.0,2.0,1,2,2015-10-18,REG
SJS_NYR_2015-10-19,SJS,2015020080,away,0,3.0,0.0,2.0,4.0,1.0,0.0,0,2,2015-10-19,REG
SJS_NYR_2015-10-19,NYR,2015020080,home,4,3.0,0.0,1.0,4.0,2.0,0.0,1,2,2015-10-19,REG
NYI_CBJ_2015-10-20,NYI,2015020084,away,4,2.0,0.0,2.0,3.0,0.0,0.0,1,2,2015-10-20,REG
NYI_CBJ_2015-10-20,CBJ,2015020084,home,0,3.0,0.0,3.0,2.0,2.0,0.0,0,2,2015-10-20,REG
FLA_PIT_2015-10-20,FLA,2015020083,away,2,4.0,0.0,7.0,1.0,1.0,0.0,0,2,2015-10-20,OT
FLA_PIT_2015-10-20,PIT,2015020083,home,3,2.0,0.0,1.0,0.0,0.0,0.0,1,2,2015-10-20,OT
ARI_NJD_2015-10-20,ARI,2015020081,away,2,3.0,0.0,4.0,0.0,0.0,0.0,0,2,2015-10-20,OT
ARI_NJD_2015-10-20,NJD,2015020081,home,3,3.0,0.0,3.0,1.0,3.0,0.0,1,2,2015-10-20,OT
STL_MTL_2015-10-20,STL,2015020085,away,0,2.0,0.0,2.0,2.0,0.0,0.0,0,2,2015-10-20,REG
STL_MTL_2015-10-20,MTL,2015020085,home,3,4.0,0.0,5.0,0.0,4.0,3.0,1,2,2015-10-20,REG
DAL_PHI_2015-10-20,DAL,2015020082,away,2,4.0,0.0,3.0,0.0,0.0,3.0,1,2,2015-10-20,REG
DAL_PHI_2015-10-20,PHI,2015020082,home,1,8.0,0.0,0.0,2.0,3.0,0.0,0,2,2015-10-20,REG
TBL_NSH_2015-10-20,TBL,2015020086,away,4,2.0,0.0,4.0,2.0,1.0,0.0,0,2,2015-10-20,SO
TBL_NSH_2015-10-20,NSH,2015020086,home,5,2.0,0.0,2.0,1.0,0.0,1.0,1,2,2015-10-20,SO
WSH_CGY_2015-10-20,WSH,2015020087,away,6,1.0,0.0,7.0,1.0,3.0,0.0,1,2,2015-10-20,REG
WSH_CGY_2015-10-20,CGY,2015020087,home,2,4.0,0.0,1.0,3.0,1.0,1.0,0,2,2015-10-20,REG
TOR_BUF_2015-10-21,TOR,2015020088,away,1,5.0,0.0,4.0,6.0,0.0,1.0,0,2,2015-10-21,SO
TOR_BUF_2015-10-21,BUF,2015020088,home,2,5.0,0.0,7.0,0.0,2.0,1.0,1,2,2015-10-21,SO
PHI_BOS_2015-10-21,PHI,2015020089,away,5,10.0,0.0,6.0,1.0,1.0,1.0,1,2,2015-10-21,OT
PHI_BOS_2015-10-21,BOS,2015020089,home,4,1.0,0.0,6.0,0.0,2.0,0.0,0,2,2015-10-21,OT
DET_EDM_2015-10-21,DET,2015020090,away,1,1.0,0.0,1.0,0.0,1.0,0.0,0,2,2015-10-21,REG
DET_EDM_2015-10-21,EDM,2015020090,home,3,0.0,0.0,7.0,5.0,1.0,2.0,1,2,2015-10-21,REG
CAR_COL_2015-10-21,CAR,2015020091,away,1,2.0,0.0,2.0,1.0,0.0,0.0,1,2,2015-10-21,OT
CAR_COL_2015-10-21,COL,2015020091,home,0,2.0,0.0,2.0,3.0,0.0,2.0,0,2,2015-10-21,OT
ARI_NYR_2015-10-22,ARI,2015020092,away,1,1.0,0.0,2.0,1.0,0.0,0.0,0,2,2015-10-22,REG
ARI_NYR_2015-10-22,NYR,2015020092,home,4,10.0,0.0,2.0,1.0,1.0,0.0,1,2,2015-10-22,REG
DAL_PIT_2015-10-22,DAL,2015020093,away,4,3.0,0.0,3.0,1.0,0.0,1.0,1,2,2015-10-22,REG
DAL_PIT_2015-10-22,PIT,2015020093,home,1,2.0,0.0,1.0,3.0,0.0,0.0,0,2,2015-10-22,REG
NJD_OTT_2015-10-22,NJD,2015020094,away,5,1.0,0.0,5.0,4.0,1.0,0.0,1,2,2015-10-22,SO
NJD_OTT_2015-10-22,OTT,2015020094,home,4,4.0,0.0,4.0,2.0,4.0,0.0,0,2,2015-10-22,SO
ANA_NSH_2015-10-22,ANA,2015020095,away,1,4.0,0.0,1.0,2.0,0.0,1.0,0,2,2015-10-22,REG
ANA_NSH_2015-10-22,NSH,2015020095,home,5,3.0,0.0,2.0,1.0,3.0,0.0,1,2,2015-10-22,REG
CBJ_MIN_2015-10-22,CBJ,2015020096,away,2,2.0,0.0,2.0,1.0,1.0,1.0,0,2,2015-10-22,REG
CBJ_MIN_2015-10-22,MIN,2015020096,home,3,2.0,0.0,1.0,1.0,0.0,2.0,1,2,2015-10-22,REG
FLA_CHI_2015-10-22,FLA,2015020097,away,2,3.0,0.0,0.0,2.0,0.0,1.0,0,2,2015-10-22,REG
FLA_CHI_2015-10-22,CHI,2015020097,home,3,2.0,0.0,3.0,1.0,1.0,1.0,1,2,2015-10-22,REG
WSH_VAN_2015-10-22,WSH,2015020098,away,3,1.0,0.0,9.0,0.0,0.0,0.0,1,2,2015-10-22,REG
WSH_VAN_2015-10-22,VAN,2015020098,home,2,0.0,0.0,2.0,1.0,1.0,1.0,0,2,2015-10-22,REG
LAK_SJS_2015-10-22,LAK,2015020099,away,4,3.0,0.0,1.0,0.0,1.0,3.0,1,2,2015-10-22,REG
LAK_SJS_2015-10-22,SJS,2015020099,home,1,2.0,0.0,5.0,3.0,1.0,0.0,0,2,2015-10-22,REG
MTL_BUF_2015-10-23,MTL,2015020100,away,7,0.0,1.0,2.0,2.0,1.0,0.0,1,2,2015-10-23,REG
MTL_BUF_2015-10-23,BUF,2015020100,home,2,4.0,0.0,6.0,1.0,1.0,0.0,0,2,2015-10-23,REG
BOS_NYI_2015-10-23,BOS,2015020101,away,5,11.0,0.0,1.0,3.0,2.0,0.0,1,2,2015-10-23,REG
BOS_NYI_2015-10-23,NYI,2015020101,home,3,2.0,1.0,3.0,1.0,2.0,3.0,0,2,2015-10-23,REG
TBL_WPG_2015-10-23,TBL,2015020102,away,4,1.0,0.0,7.0,5.0,2.0,0.0,1,2,2015-10-23,OT
TBL_WPG_2015-10-23,WPG,2015020102,home,3,2.0,0.0,2.0,2.0,3.0,0.0,0,2,2015-10-23,OT
DET_CGY_2015-10-23,DET,2015020103,away,2,3.0,1.0,4.0,1.0,0.0,1.0,0,2,2015-10-23,OT
DET_CGY_2015-10-23,CGY,2015020103,home,3,1.0,0.0,3.0,7.0,0.0,3.0,1,2,2015-10-23,OT
WSH_EDM_2015-10-23,WSH,2015020104,away,7,4.0,0.0,4.0,1.0,0.0,0.0,1,2,2015-10-23,REG
WSH_EDM_2015-10-23,EDM,2015020104,home,4,3.0,0.0,2.0,1.0,2.0,1.0,0,2,2015-10-23,REG
CAR_LAK_2015-10-23,CAR,2015020105,away,0,1.0,0.0,3.0,1.0,2.0,0.0,0,2,2015-10-23,REG
CAR_LAK_2015-10-23,LAK,2015020105,home,3,0.0,0.0,3.0,2.0,1.0,0.0,1,2,2015-10-23,REG
ANA_MIN_2015-10-24,ANA,2015020106,away,0,3.0,0.0,2.0,4.0,1.0,0.0,0,2,2015-10-24,REG
ANA_MIN_2015-10-24,MIN,2015020106,home,3,1.0,0.0,2.0,3.0,2.0,2.0,1,2,2015-10-24,REG
TOR_MTL_2015-10-24,TOR,2015020108,away,3,3.0,0.0,4.0,0.0,3.0,0.0,0,2,2015-10-24,REG
TOR_MTL_2015-10-24,MTL,2015020108,home,5,1.0,1.0,5.0,2.0,2.0,0.0,1,2,2015-10-24,REG
ARI_OTT_2015-10-24,ARI,2015020109,away,4,3.0,0.0,3.0,2.0,1.0,0.0,1,2,2015-10-24,REG
ARI_OTT_2015-10-24,OTT,2015020109,home,1,5.0,0.0,9.0,2.0,2.0,1.0,0,2,2015-10-24,REG
NYR_PHI_2015-10-24,NYR,2015020110,away,2,5.0,0.0,2.0,2.0,1.0,0.0,0,2,2015-10-24,SO
NYR_PHI_2015-10-24,PHI,2015020110,home,3,10.0,0.0,6.0,2.0,1.0,0.0,1,2,2015-10-24,SO
NJD_BUF_2015-10-24,NJD,2015020107,away,4,3.0,0.0,2.0,1.0,0.0,1.0,1,2,2015-10-24,REG
NJD_BUF_2015-10-24,BUF,2015020107,home,3,2.0,0.0,2.0,2.0,2.0,2.0,0,2,2015-10-24,REG
FLA_DAL_2015-10-24,FLA,2015020113,away,6,1.0,0.0,6.0,4.0,1.0,1.0,1,2,2015-10-24,REG
FLA_DAL_2015-10-24,DAL,2015020113,home,2,3.0,0.0,4.0,1.0,2.0,2.0,0,2,2015-10-24,REG
NYI_STL_2015-10-24,NYI,2015020111,away,3,1.0,0.0,1.0,4.0,1.0,2.0,1,2,2015-10-24,OT
NYI_STL_2015-10-24,STL,2015020111,home,2,2.0,0.0,4.0,3.0,0.0,0.0,0,2,2015-10-24,OT
PIT_NSH_2015-10-24,PIT,2015020112,away,2,0.0,0.0,1.0,2.0,0.0,1.0,1,2,2015-10-24,OT
PIT_NSH_2015-10-24,NSH,2015020112,home,1,4.0,0.0,5.0,2.0,1.0,0.0,0,2,2015-10-24,OT
TBL_CHI_2015-10-24,TBL,2015020114,away,0,4.0,0.0,3.0,0.0,1.0,1.0,0,2,2015-10-24,OT
TBL_CHI_2015-10-24,CHI,2015020114,home,1,2.0,0.0,2.0,4.0,0.0,2.0,1,2,2015-10-24,OT
CBJ_COL_2015-10-24,CBJ,2015020115,away,4,2.0,0.0,4.0,1.0,0.0,0.0,1,2,2015-10-24,REG
CBJ_COL_2015-10-24,COL,2015020115,home,3,5.0,0.0,3.0,2.0,0.0,0.0,0,2,2015-10-24,REG
DET_VAN_2015-10-24,DET,2015020116,away,3,4.0,0.0,2.0,3.0,0.0,0.0,1,2,2015-10-24,OT
DET_VAN_2015-10-24,VAN,2015020116,home,2,3.0,0.0,2.0,1.0,0.0,2.0,0,2,2015-10-24,OT
CAR_SJS_2015-10-24,CAR,2015020117,away,2,2.0,0.0,1.0,0.0,1.0,0.0,0,2,2015-10-24,REG
CAR_SJS_2015-10-24,SJS,2015020117,home,5,5.0,0.0,1.0,5.0,1.0,1.0,1,2,2015-10-24,REG
MIN_WPG_2015-10-25,MIN,2015020118,away,4,4.0,0.0,3.0,2.0,1.0,1.0,0,2,2015-10-25,REG
MIN_WPG_2015-10-25,WPG,2015020118,home,5,6.0,0.0,4.0,0.0,1.0,0.0,1,2,2015-10-25,REG
CGY_NYR_2015-10-25,CGY,2015020119,away,1,3.0,0.0,4.0,4.0,1.0,0.0,0,2,2015-10-25,REG
CGY_NYR_2015-10-25,NYR,2015020119,home,4,4.0,0.0,4.0,4.0,5.0,1.0,1,2,2015-10-25,REG
LAK_EDM_2015-10-25,LAK,2015020120,away,3,3.0,0.0,3.0,3.0,2.0,1.0,1,2,2015-10-25,REG
LAK_EDM_2015-10-25,EDM,2015020120,home,2,2.0,1.0,5.0,2.0,1.0,3.0,0,2,2015-10-25,REG
CGY_NYI_2015-10-26,CGY,2015020121,away,0,5.0,0.0,7.0,5.0,0.0,3.0,0,2,2015-10-26,REG
CGY_NYI_2015-10-26,NYI,2015020121,home,4,1.0,0.0,3.0,0.0,2.0,2.0,1,2,2015-10-26,REG
ARI_TOR_2015-10-26,ARI,2015020122,away,4,4.0,0.0,2.0,0.0,0.0,0.0,1,2,2015-10-26,REG
ARI_TOR_2015-10-26,TOR,2015020122,home,3,5.0,0.0,0.0,1.0,1.0,1.0,0,2,2015-10-26,REG
ANA_CHI_2015-10-26,ANA,2015020123,away,0,4.0,0.0,4.0,1.0,0.0,1.0,0,2,2015-10-26,OT
ANA_CHI_2015-10-26,CHI,2015020123,home,1,3.0,0.0,4.0,4.0,0.0,0.0,1,2,2015-10-26,OT
ARI_BOS_2015-10-27,ARI,2015020124,away,0,3.0,0.0,4.0,1.0,0.0,0.0,0,2,2015-10-27,REG
ARI_BOS_2015-10-27,BOS,2015020124,home,6,0.0,0.0,4.0,2.0,2.0,1.0,1,2,2015-10-27,REG
CBJ_NJD_2015-10-27,CBJ,2015020125,away,3,3.0,0.0,2.0,1.0,1.0,0.0,1,2,2015-10-27,REG
CBJ_NJD_2015-10-27,NJD,2015020125,home,1,6.0,0.0,4.0,1.0,0.0,0.0,0,2,2015-10-27,REG
BUF_PHI_2015-10-27,BUF,2015020126,away,4,1.0,0.0,3.0,0.0,0.0,0.0,1,2,2015-10-27,OT
BUF_PHI_2015-10-27,PHI,2015020126,home,3,8.0,0.0,4.0,1.0,0.0,1.0,0,2,2015-10-27,OT
COL_FLA_2015-10-27,COL,2015020128,away,1,4.0,0.0,2.0,1.0,0.0,0.0,0,2,2015-10-27,REG
COL_FLA_2015-10-27,FLA,2015020128,home,4,3.0,0.0,3.0,0.0,1.0,1.0,1,2,2015-10-27,REG
CAR_DET_2015-10-27,CAR,2015020127,away,3,4.0,0.0,1.0,1.0,0.0,0.0,1,2,2015-10-27,REG
CAR_DET_2015-10-27,DET,2015020127,home,1,2.0,0.0,4.0,0.0,2.0,1.0,0,2,2015-10-27,REG
EDM_MIN_2015-10-27,EDM,2015020130,away,3,2.0,0.0,5.0,4.0,0.0,1.0,0,2,2015-10-27,REG
EDM_MIN_2015-10-27,MIN,2015020130,home,4,3.0,1.0,3.0,4.0,0.0,1.0,1,2,2015-10-27,REG
LAK_WPG_2015-10-27,LAK,2015020131,away,4,3.0,0.0,1.0,2.0,1.0,3.0,1,2,2015-10-27,REG
LAK_WPG_2015-10-27,WPG,2015020131,home,1,2.0,0.0,2.0,3.0,5.0,0.0,0,2,2015-10-27,REG
TBL_STL_2015-10-27,TBL,2015020129,away,0,1.0,0.0,3.0,1.0,0.0,1.0,0,2,2015-10-27,REG
TBL_STL_2015-10-27,STL,2015020129,home,2,3.0,0.0,0.0,4.0,1.0,0.0,1,2,2015-10-27,REG
ANA_DAL_2015-10-27,ANA,2015020132,away,3,4.0,0.0,4.0,2.0,1.0,0.0,0,2,2015-10-27,REG
ANA_DAL_2015-10-27,DAL,2015020132,home,4,2.0,1.0,4.0,0.0,0.0,0.0,1,2,2015-10-27,REG
MTL_VAN_2015-10-27,MTL,2015020133,away,1,3.0,0.0,4.0,1.0,0.0,0.0,0,2,2015-10-27,REG
MTL_VAN_2015-10-27,VAN,2015020133,home,5,4.0,0.0,3.0,4.0,0.0,0.0,1,2,2015-10-27,REG
CGY_OTT_2015-10-28,CGY,2015020134,away,4,8.0,0.0,2.0,9.0,0.0,0.0,0,2,2015-10-28,SO
CGY_OTT_2015-10-28,OTT,2015020134,home,5,2.0,0.0,2.0,2.0,5.0,1.0,1,2,2015-10-28,SO
PIT_WSH_2015-10-28,PIT,2015020135,away,3,0.0,0.0,2.0,2.0,0.0,0.0,1,2,2015-10-28,REG
PIT_WSH_2015-10-28,WSH,2015020135,home,1,5.0,0.0,7.0,5.0,2.0,1.0,0,2,2015-10-28,REG
NSH_SJS_2015-10-28,NSH,2015020136,away,2,1.0,0.0,3.0,1.0,1.0,2.0,1,2,2015-10-28,REG
NSH_SJS_2015-10-28,SJS,2015020136,home,1,4.0,0.0,4.0,3.0,1.0,0.0,0,2,2015-10-28,REG
CAR_NYI_2015-10-29,CAR,2015020137,away,3,4.0,0.0,6.0,2.0,3.0,2.0,1,2,2015-10-29,OT
CAR_NYI_2015-10-29,NYI,2015020137,home,2,0.0,0.0,1.0,1.0,0.0,4.0,0,2,2015-10-29,OT
NJD_PHI_2015-10-29,NJD,2015020138,away,4,5.0,0.0,2.0,4.0,2.0,0.0,1,2,2015-10-29,REG
NJD_PHI_2015-10-29,PHI,2015020138,home,1,5.0,0.0,5.0,0.0,1.0,2.0,0,2,2015-10-29,REG
BUF_PIT_2015-10-29,BUF,2015020139,away,3,1.0,0.0,8.0,1.0,0.0,0.0,0,2,2015-10-29,REG
BUF_PIT_2015-10-29,PIT,2015020139,home,4,1.0,0.0,1.0,2.0,1.0,0.0,1,2,2015-10-29,REG
COL_TBL_2015-10-29,COL,2015020140,away,2,1.0,0.0,2.0,4.0,0.0,1.0,1,2,2015-10-29,REG
COL_TBL_2015-10-29,TBL,2015020140,home,1,4.0,0.0,4.0,0.0,3.0,2.0,0,2,2015-10-29,REG
ANA_STL_2015-10-29,ANA,2015020141,away,1,4.0,0.0,1.0,2.0,0.0,1.0,0,2,2015-10-29,REG
ANA_STL_2015-10-29,STL,2015020141,home,2,4.0,0.0,1.0,0.0,1.0,0.0,1,2,2015-10-29,REG
CHI_WPG_2015-10-29,CHI,2015020142,away,1,1.0,0.0,5.0,2.0,2.0,0.0,0,2,2015-10-29,REG
CHI_WPG_2015-10-29,WPG,2015020142,home,3,10.0,0.0,7.0,5.0,3.0,1.0,1,2,2015-10-29,REG
VAN_DAL_2015-10-29,VAN,2015020143,away,3,0.0,0.0,3.0,4.0,1.0,0.0,0,2,2015-10-29,OT
VAN_DAL_2015-10-29,DAL,2015020143,home,4,2.0,0.0,6.0,0.0,4.0,0.0,1,2,2015-10-29,OT
MTL_EDM_2015-10-29,MTL,2015020144,away,3,3.0,1.0,7.0,1.0,2.0,0.0,0,2,2015-10-29,REG
MTL_EDM_2015-10-29,EDM,2015020144,home,4,0.0,0.0,4.0,1.0,2.0,0.0,1,2,2015-10-29,REG
TOR_NYR_2015-10-30,TOR,2015020146,away,1,1.0,0.0,2.0,3.0,2.0,0.0,0,2,2015-10-30,REG
TOR_NYR_2015-10-30,NYR,2015020146,home,3,7.0,0.0,0.0,5.0,1.0,1.0,1,2,2015-10-30,REG
PHI_BUF_2015-10-30,PHI,2015020145,away,1,3.0,0.0,5.0,1.0,1.0,1.0,0,2,2015-10-30,REG
PHI_BUF_2015-10-30,BUF,2015020145,home,3,2.0,0.0,3.0,2.0,0.0,0.0,1,2,2015-10-30,REG
CBJ_WSH_2015-10-30,CBJ,2015020147,away,1,1.0,0.0,0.0,2.0,0.0,0.0,0,2,2015-10-30,REG
CBJ_WSH_2015-10-30,WSH,2015020147,home,2,2.0,0.0,2.0,0.0,3.0,2.0,1,2,2015-10-30,REG
COL_CAR_2015-10-30,COL,2015020148,away,2,7.0,0.0,3.0,6.0,1.0,1.0,0,2,2015-10-30,REG
COL_CAR_2015-10-30,CAR,2015020148,home,3,2.0,0.0,3.0,0.0,2.0,0.0,1,2,2015-10-30,REG
OTT_DET_2015-10-30,OTT,2015020149,away,3,3.0,0.0,5.0,1.0,0.0,0.0,1,2,2015-10-30,REG
OTT_DET_2015-10-30,DET,2015020149,home,1,2.0,0.0,4.0,0.0,0.0,2.0,0,2,2015-10-30,REG
BOS_FLA_2015-10-30,BOS,2015020150,away,3,9.0,1.0,8.0,4.0,0.0,2.0,1,2,2015-10-30,REG
BOS_FLA_2015-10-30,FLA,2015020150,home,1,2.0,0.0,6.0,0.0,1.0,0.0,0,2,2015-10-30,REG
CHI_MIN_2015-10-30,CHI,2015020151,away,4,0.0,0.0,0.0,1.0,0.0,1.0,0,2,2015-10-30,REG
CHI_MIN_2015-10-30,MIN,2015020151,home,5,2.0,0.0,5.0,0.0,2.0,0.0,1,2,2015-10-30,REG
MTL_CGY_2015-10-30,MTL,2015020152,away,6,1.0,0.0,5.0,5.0,0.0,2.0,1,2,2015-10-30,REG
MTL_CGY_2015-10-30,CGY,2015020152,home,2,4.0,0.0,2.0,2.0,0.0,0.0,0,2,2015-10-30,REG
VAN_ARI_2015-10-30,VAN,2015020153,away,4,4.0,0.0,2.0,4.0,0.0,0.0,1,2,2015-10-30,REG
VAN_ARI_2015-10-30,ARI,2015020153,home,3,1.0,0.0,2.0,0.0,0.0,1.0,0,2,2015-10-30,REG
NYI_NJD_2015-10-31,NYI,2015020154,away,2,0.0,0.0,0.0,0.0,0.0,1.0,0,2,2015-10-31,SO
NYI_NJD_2015-10-31,NJD,2015020154,home,3,2.0,0.0,1.0,2.0,1.0,0.0,1,2,2015-10-31,SO
SJS_DAL_2015-10-31,SJS,2015020155,away,3,3.0,1.0,4.0,1.0,1.0,1.0,0,2,2015-10-31,REG
SJS_DAL_2015-10-31,DAL,2015020155,home,5,3.0,0.0,3.0,0.0,1.0,1.0,1,2,2015-10-31,REG
NSH_LAK_2015-10-31,NSH,2015020156,away,3,6.0,0.0,8.0,1.0,2.0,0.0,0,2,2015-10-31,OT
NSH_LAK_2015-10-31,LAK,2015020156,home,4,4.0,0.0,3.0,1.0,1.0,0.0,1,2,2015-10-31,OT
WPG_CBJ_2015-10-31,WPG,2015020161,away,3,3.0,0.0,1.0,4.0,0.0,1.0,1,2,2015-10-31,REG
WPG_CBJ_2015-10-31,CBJ,2015020161,home,2,1.0,0.0,3.0,2.0,0.0,2.0,0,2,2015-10-31,REG
BOS_TBL_2015-10-31,BOS,2015020159,away,3,3.0,0.0,5.0,1.0,2.0,3.0,1,2,2015-10-31,REG
BOS_TBL_2015-10-31,TBL,2015020159,home,1,6.0,0.0,5.0,1.0,1.0,0.0,0,2,2015-10-31,REG
PIT_TOR_2015-10-31,PIT,2015020157,away,4,1.0,0.0,5.0,2.0,0.0,0.0,1,2,2015-10-31,REG
PIT_TOR_2015-10-31,TOR,2015020157,home,0,2.0,0.0,2.0,0.0,0.0,2.0,0,2,2015-10-31,REG
DET_OTT_2015-10-31,DET,2015020158,away,5,1.0,0.0,4.0,2.0,0.0,0.0,1,2,2015-10-31,REG
DET_OTT_2015-10-31,OTT,2015020158,home,3,3.0,0.0,5.0,0.0,4.0,2.0,0,2,2015-10-31,REG
WSH_FLA_2015-10-31,WSH,2015020160,away,2,7.0,0.0,4.0,1.0,0.0,0.0,1,2,2015-10-31,OT
WSH_FLA_2015-10-31,FLA,2015020160,home,1,2.0,0.0,4.0,0.0,2.0,0.0,0,2,2015-10-31,OT
MIN_STL_2015-10-31,MIN,2015020162,away,2,3.0,0.0,0.0,2.0,1.0,0.0,0,2,2015-10-31,OT
MIN_STL_2015-10-31,STL,2015020162,home,3,3.0,0.0,3.0,2.0,0.0,1.0,1,2,2015-10-31,OT
CGY_EDM_2015-10-31,CGY,2015020163,away,5,9.0,0.0,3.0,4.0,1.0,0.0,1,2,2015-10-31,REG
CGY_EDM_2015-10-31,EDM,2015020163,home,4,2.0,0.0,5.0,3.0,2.0,1.0,0,2,2015-10-31,REG
SJS_COL_2015-11-01,SJS,2015020164,away,4,1.0,0.0,5.0,1.0,0.0,1.0,1,2,2015-11-01,REG
SJS_COL_2015-11-01,COL,2015020164,home,3,3.0,0.0,3.0,1.0,0.0,0.0,0,2,2015-11-01,REG
TBL_CAR_2015-11-01,TBL,2015020165,away,4,1.0,0.0,3.0,2.0,0.0,1.0,1,2,2015-11-01,REG
TBL_CAR_2015-11-01,CAR,2015020165,home,3,4.0,0.0,8.0,2.0,5.0,0.0,0,2,2015-11-01,REG
WPG_MTL_2015-11-01,WPG,2015020166,away,1,2.0,0.0,2.0,1.0,1.0,0.0,0,2,2015-11-01,REG
WPG_MTL_2015-11-01,MTL,2015020166,home,5,4.0,0.0,5.0,2.0,1.0,1.0,1,2,2015-11-01,REG
BUF_NYI_2015-11-01,BUF,2015020167,away,2,1.0,0.0,6.0,0.0,1.0,1.0,1,2,2015-11-01,REG
BUF_NYI_2015-11-01,NYI,2015020167,home,1,2.0,0.0,3.0,3.0,1.0,1.0,0,2,2015-11-01,REG
NSH_ANA_2015-11-01,NSH,2015020168,away,2,7.0,0.0,7.0,2.0,2.0,1.0,0,2,2015-11-01,REG
NSH_ANA_2015-11-01,ANA,2015020168,home,4,7.0,0.0,3.0,4.0,3.0,0.0,1,2,2015-11-01,REG
DAL_TOR_2015-11-02,DAL,2015020169,away,1,8.0,0.0,8.0,0.0,0.0,2.0,0,2,2015-11-02,REG
DAL_TOR_2015-11-02,TOR,2015020169,home,4,1.0,0.0,1.0,2.0,1.0,1.0,1,2,2015-11-02,REG
LAK_CHI_2015-11-02,LAK,2015020170,away,2,9.0,0.0,2.0,2.0,0.0,1.0,0,2,2015-11-02,REG
LAK_CHI_2015-11-02,CHI,2015020170,home,4,0.0,0.0,3.0,5.0,0.0,2.0,1,2,2015-11-02,REG
PHI_VAN_2015-11-02,PHI,2015020171,away,1,7.0,0.0,6.0,1.0,0.0,0.0,0,2,2015-11-02,REG
PHI_VAN_2015-11-02,VAN,2015020171,home,4,2.0,0.0,3.0,2.0,0.0,0.0,1,2,2015-11-02,REG
NJD_NYI_2015-11-03,NJD,2015020173,away,1,4.0,0.0,3.0,1.0,0.0,0.0,0,2,2015-11-03,REG
NJD_NYI_2015-11-03,NYI,2015020173,home,2,3.0,0.0,3.0,1.0,0.0,2.0,1,2,2015-11-03,REG
WSH_NYR_2015-11-03,WSH,2015020174,away,2,10.0,0.0,12.0,0.0,0.0,1.0,0,2,2015-11-03,REG
WSH_NYR_2015-11-03,NYR,2015020174,home,5,6.0,0.0,2.0,5.0,0.0,2.0,1,2,2015-11-03,REG
DAL_BOS_2015-11-03,DAL,2015020172,away,5,2.0,0.0,1.0,1.0,0.0,0.0,1,2,2015-11-03,REG
DAL_BOS_2015-11-03,BOS,2015020172,home,3,3.0,0.0,6.0,2.0,2.0,3.0,0,2,2015-11-03,REG
TBL_DET_2015-11-03,TBL,2015020176,away,1,0.0,0.0,1.0,1.0,1.0,0.0,0,2,2015-11-03,REG
TBL_DET_2015-11-03,DET,2015020176,home,2,6.0,0.0,4.0,0.0,1.0,0.0,1,2,2015-11-03,REG
OTT_MTL_2015-11-03,OTT,2015020175,away,2,5.0,0.0,3.0,4.0,1.0,0.0,1,2,2015-11-03,OT
OTT_MTL_2015-11-03,MTL,2015020175,home,1,2.0,0.0,9.0,1.0,1.0,2.0,0,2,2015-11-03,OT
LAK_STL_2015-11-03,LAK,2015020177,away,3,3.0,0.0,4.0,3.0,0.0,2.0,1,2,2015-11-03,REG
LAK_STL_2015-11-03,STL,2015020177,home,0,1.0,0.0,2.0,1.0,1.0,0.0,0,2,2015-11-03,REG
PHI_EDM_2015-11-03,PHI,2015020179,away,2,6.0,0.0,2.0,3.0,1.0,0.0,0,2,2015-11-03,REG
PHI_EDM_2015-11-03,EDM,2015020179,home,4,0.0,0.0,5.0,0.0,1.0,1.0,1,2,2015-11-03,REG
CGY_COL_2015-11-03,CGY,2015020178,away,3,1.0,0.0,3.0,0.0,0.0,1.0,0,2,2015-11-03,REG
CGY_COL_2015-11-03,COL,2015020178,home,6,4.0,0.0,4.0,5.0,0.0,0.0,1,2,2015-11-03,REG
CBJ_SJS_2015-11-03,CBJ,2015020180,away,5,4.0,0.0,2.0,1.0,0.0,1.0,1,2,2015-11-03,REG
CBJ_SJS_2015-11-03,SJS,2015020180,home,2,2.0,0.0,11.0,2.0,1.0,0.0,0,2,2015-11-03,REG
WPG_TOR_2015-11-04,WPG,2015020181,away,4,7.0,0.0,5.0,4.0,2.0,0.0,1,2,2015-11-04,REG
WPG_TOR_2015-11-04,TOR,2015020181,home,2,3.0,1.0,4.0,0.0,0.0,1.0,0,2,2015-11-04,REG
STL_CHI_2015-11-04,STL,2015020182,away,6,3.0,0.0,1.0,3.0,0.0,0.0,1,2,2015-11-04,OT
STL_CHI_2015-11-04,CHI,2015020182,home,5,1.0,0.0,2.0,3.0,0.0,0.0,0,2,2015-11-04,OT
PIT_VAN_2015-11-04,PIT,2015020183,away,3,1.0,0.0,1.0,3.0,1.0,0.0,1,2,2015-11-04,REG
PIT_VAN_2015-11-04,VAN,2015020183,home,2,1.0,0.0,2.0,3.0,0.0,0.0,0,2,2015-11-04,REG
FLA_ANA_2015-11-04,FLA,2015020184,away,2,3.0,0.0,4.0,3.0,2.0,1.0,0,2,2015-11-04,SO
FLA_ANA_2015-11-04,ANA,2015020184,home,3,8.0,0.0,3.0,1.0,2.0,0.0,1,2,2015-11-04,SO
TBL_BUF_2015-11-05,TBL,2015020185,away,4,0.0,0.0,3.0,4.0,1.0,0.0,1,2,2015-11-05,REG
TBL_BUF_2015-11-05,BUF,2015020185,home,1,0.0,0.0,1.0,0.0,1.0,0.0,0,2,2015-11-05,REG
BOS_WSH_2015-11-05,BOS,2015020186,away,1,4.0,1.0,3.0,1.0,0.0,0.0,0,2,2015-11-05,REG
BOS_WSH_2015-11-05,WSH,2015020186,home,4,3.0,0.0,7.0,2.0,2.0,1.0,1,2,2015-11-05,REG
NYI_MTL_2015-11-05,NYI,2015020187,away,1,3.0,0.0,3.0,1.0,1.0,0.0,0,2,2015-11-05,REG
NYI_MTL_2015-11-05,MTL,2015020187,home,4,3.0,0.0,4.0,0.0,0.0,0.0,1,2,2015-11-05,REG
WPG_OTT_2015-11-05,WPG,2015020188,away,2,6.0,0.0,2.0,1.0,0.0,0.0,0,2,2015-11-05,SO
WPG_OTT_2015-11-05,OTT,2015020188,home,3,5.0,0.0,5.0,0.0,3.0,1.0,1,2,2015-11-05,SO
NSH_MIN_2015-11-05,NSH,2015020189,away,3,3.0,0.0,2.0,2.0,1.0,1.0,1,2,2015-11-05,REG
NSH_MIN_2015-11-05,MIN,2015020189,home,2,4.0,1.0,4.0,4.0,3.0,1.0,0,2,2015-11-05,REG
PHI_CGY_2015-11-05,PHI,2015020190,away,1,7.0,0.0,4.0,2.0,2.0,0.0,0,2,2015-11-05,OT
PHI_CGY_2015-11-05,CGY,2015020190,home,2,0.0,0.0,2.0,4.0,2.0,4.0,1,2,2015-11-05,OT
COL_ARI_2015-11-05,COL,2015020191,away,2,4.0,0.0,2.0,2.0,0.0,0.0,0,2,2015-11-05,REG
COL_ARI_2015-11-05,ARI,2015020191,home,4,4.0,0.0,6.0,0.0,1.0,0.0,1,2,2015-11-05,REG
CBJ_LAK_2015-11-05,CBJ,2015020192,away,3,6.0,0.0,1.0,0.0,0.0,0.0,1,2,2015-11-05,REG
CBJ_LAK_2015-11-05,LAK,2015020192,home,2,3.0,0.0,2.0,2.0,4.0,0.0,0,2,2015-11-05,REG
FLA_SJS_2015-11-05,FLA,2015020193,away,2,0.0,0.0,4.0,1.0,3.0,2.0,0,2,2015-11-05,REG
FLA_SJS_2015-11-05,SJS,2015020193,home,5,3.0,0.0,7.0,0.0,0.0,1.0,1,2,2015-11-05,REG
DAL_CAR_2015-11-06,DAL,2015020196,away,4,3.0,0.0,3.0,1.0,0.0,4.0,1,2,2015-11-06,REG
DAL_CAR_2015-11-06,CAR,2015020196,home,1,3.0,0.0,5.0,0.0,1.0,5.0,0,2,2015-11-06,REG
CHI_NJD_2015-11-06,CHI,2015020195,away,2,4.0,0.0,1.0,1.0,2.0,0.0,0,2,2015-11-06,REG
CHI_NJD_2015-11-06,NJD,2015020195,home,4,1.0,0.0,3.0,1.0,0.0,0.0,1,2,2015-11-06,REG
DET_TOR_2015-11-06,DET,2015020194,away,2,5.0,0.0,2.0,1.0,0.0,0.0,1,2,2015-11-06,OT
DET_TOR_2015-11-06,TOR,2015020194,home,1,6.0,0.0,3.0,1.0,0.0,2.0,0,2,2015-11-06,OT
NYR_COL_2015-11-06,NYR,2015020197,away,2,3.0,0.0,1.0,0.0,0.0,1.0,1,2,2015-11-06,REG
NYR_COL_2015-11-06,COL,2015020197,home,1,3.0,0.0,2.0,0.0,0.0,0.0,0,2,2015-11-06,REG
PIT_EDM_2015-11-06,PIT,2015020198,away,2,1.0,0.0,1.0,0.0,2.0,2.0,1,2,2015-11-06,REG
PIT_EDM_2015-11-06,EDM,2015020198,home,1,0.0,0.0,8.0,0.0,2.0,1.0,0,2,2015-11-06,REG
CBJ_ANA_2015-11-06,CBJ,2015020199,away,2,1.0,0.0,8.0,1.0,0.0,0.0,0,2,2015-11-06,REG
CBJ_ANA_2015-11-06,ANA,2015020199,home,4,5.0,0.0,3.0,1.0,2.0,0.0,1,2,2015-11-06,REG
VAN_BUF_2015-11-07,VAN,2015020200,away,2,2.0,0.0,5.0,1.0,0.0,0.0,0,2,2015-11-07,REG
VAN_BUF_2015-11-07,BUF,2015020200,home,3,3.0,0.0,2.0,2.0,0.0,2.0,1,2,2015-11-07,REG
FLA_LAK_2015-11-07,FLA,2015020201,away,1,2.0,0.0,5.0,0.0,2.0,1.0,0,2,2015-11-07,REG
FLA_LAK_2015-11-07,LAK,2015020201,home,4,3.0,0.0,4.0,2.0,1.0,1.0,1,2,2015-11-07,REG
PHI_WPG_2015-11-07,PHI,2015020205,away,3,6.0,1.0,2.0,3.0,3.0,0.0,1,2,2015-11-07,REG
PHI_WPG_2015-11-07,WPG,2015020205,home,0,3.0,0.0,3.0,1.0,2.0,0.0,0,2,2015-11-07,REG
OTT_CAR_2015-11-07,OTT,2015020204,away,2,1.0,0.0,3.0,0.0,0.0,3.0,0,2,2015-11-07,OT
OTT_CAR_2015-11-07,CAR,2015020204,home,3,4.0,0.0,5.0,1.0,0.0,2.0,1,2,2015-11-07,OT
TOR_WSH_2015-11-07,TOR,2015020203,away,2,1.0,0.0,1.0,2.0,1.0,0.0,0,2,2015-11-07,SO
TOR_WSH_2015-11-07,WSH,2015020203,home,3,2.0,1.0,10.0,0.0,2.0,0.0,1,2,2015-11-07,SO
BOS_MTL_2015-11-07,BOS,2015020202,away,2,4.0,0.0,1.0,1.0,3.0,0.0,0,2,2015-11-07,REG
BOS_MTL_2015-11-07,MTL,2015020202,home,4,1.0,0.0,1.0,2.0,1.0,0.0,1,2,2015-11-07,REG
TBL_MIN_2015-11-07,TBL,2015020207,away,0,1.0,0.0,4.0,1.0,1.0,0.0,0,2,2015-11-07,REG
TBL_MIN_2015-11-07,MIN,2015020207,home,1,2.0,0.0,3.0,1.0,0.0,1.0,1,2,2015-11-07,REG
STL_NSH_2015-11-07,STL,2015020206,away,4,3.0,0.0,4.0,2.0,0.0,2.0,1,2,2015-11-07,REG
STL_NSH_2015-11-07,NSH,2015020206,home,0,2.0,0.0,7.0,1.0,3.0,0.0,0,2,2015-11-07,REG
NYR_ARI_2015-11-07,NYR,2015020208,away,4,5.0,0.0,4.0,4.0,0.0,1.0,1,2,2015-11-07,REG
NYR_ARI_2015-11-07,ARI,2015020208,home,1,1.0,0.0,5.0,2.0,0.0,0.0,0,2,2015-11-07,REG
PIT_CGY_2015-11-07,PIT,2015020209,away,2,2.0,0.0,2.0,2.0,1.0,0.0,0,2,2015-11-07,REG
PIT_CGY_2015-11-07,CGY,2015020209,home,5,3.0,0.0,3.0,7.0,3.0,3.0,1,2,2015-11-07,REG
ANA_SJS_2015-11-07,ANA,2015020210,away,1,5.0,0.0,1.0,1.0,0.0,1.0,1,2,2015-11-07,REG
ANA_SJS_2015-11-07,SJS,2015020210,home,0,7.0,0.0,6.0,3.0,3.0,1.0,0,2,2015-11-07,REG
DAL_DET_2015-11-08,DAL,2015020211,away,4,4.0,1.0,4.0,4.0,1.0,0.0,1,2,2015-11-08,REG
DAL_DET_2015-11-08,DET,2015020211,home,1,5.0,0.0,2.0,0.0,0.0,1.0,0,2,2015-11-08,REG
VAN_NJD_2015-11-08,VAN,2015020212,away,3,1.0,0.0,3.0,1.0,0.0,1.0,0,2,2015-11-08,OT
VAN_NJD_2015-11-08,NJD,2015020212,home,4,1.0,0.0,3.0,1.0,0.0,1.0,1,2,2015-11-08,OT
BOS_NYI_2015-11-08,BOS,2015020213,away,2,3.0,0.0,1.0,3.0,1.0,0.0,1,2,2015-11-08,REG
BOS_NYI_2015-11-08,NYI,2015020213,home,1,5.0,0.0,4.0,1.0,1.0,0.0,0,2,2015-11-08,REG
EDM_CHI_2015-11-08,EDM,2015020214,away,2,3.0,0.0,7.0,5.0,4.0,1.0,0,2,2015-11-08,REG
EDM_CHI_2015-11-08,CHI,2015020214,home,4,4.0,0.0,4.0,2.0,1.0,0.0,1,2,2015-11-08,REG
ARI_ANA_2015-11-09,ARI,2015020215,away,4,4.0,0.0,1.0,1.0,2.0,1.0,1,2,2015-11-09,OT
ARI_ANA_2015-11-09,ANA,2015020215,home,3,6.0,0.0,2.0,1.0,3.0,1.0,0,2,2015-11-09,OT
STL_NJD_2015-11-10,STL,2015020216,away,2,1.0,0.0,1.0,0.0,0.0,2.0,1,2,2015-11-10,REG
STL_NJD_2015-11-10,NJD,2015020216,home,0,2.0,0.0,3.0,1.0,0.0,1.0,0,2,2015-11-10,REG
COL_PHI_2015-11-10,COL,2015020218,away,4,7.0,0.0,5.0,2.0,2.0,0.0,1,2,2015-11-10,REG
COL_PHI_2015-11-10,PHI,2015020218,home,0,11.0,0.0,4.0,1.0,1.0,1.0,0,2,2015-11-10,REG
CAR_NYR_2015-11-10,CAR,2015020217,away,0,3.0,0.0,1.0,1.0,1.0,0.0,0,2,2015-11-10,REG
CAR_NYR_2015-11-10,NYR,2015020217,home,3,2.0,0.0,0.0,4.0,1.0,1.0,1,2,2015-11-10,REG
VAN_CBJ_2015-11-10,VAN,2015020219,away,5,2.0,0.0,1.0,3.0,1.0,1.0,1,2,2015-11-10,REG
VAN_CBJ_2015-11-10,CBJ,2015020219,home,3,0.0,0.0,2.0,2.0,2.0,0.0,0,2,2015-11-10,REG
WSH_DET_2015-11-10,WSH,2015020220,away,0,3.0,0.0,19.0,0.0,0.0,2.0,0,2,2015-11-10,REG
WSH_DET_2015-11-10,DET,2015020220,home,1,2.0,0.0,3.0,0.0,0.0,0.0,1,2,2015-11-10,REG
CGY_FLA_2015-11-10,CGY,2015020222,away,3,3.0,0.0,3.0,5.0,0.0,0.0,0,2,2015-11-10,REG
CGY_FLA_2015-11-10,FLA,2015020222,home,4,2.0,0.0,10.0,1.0,0.0,0.0,1,2,2015-11-10,REG
BUF_TBL_2015-11-10,BUF,2015020221,away,4,1.0,0.0,0.0,3.0,1.0,0.0,1,2,2015-11-10,REG
BUF_TBL_2015-11-10,TBL,2015020221,home,1,3.0,0.0,4.0,1.0,3.0,0.0,0,2,2015-11-10,REG
WPG_MIN_2015-11-10,WPG,2015020224,away,3,2.0,0.0,1.0,1.0,1.0,0.0,0,2,2015-11-10,REG
WPG_MIN_2015-11-10,MIN,2015020224,home,5,4.0,0.0,1.0,6.0,0.0,1.0,1,2,2015-11-10,REG
OTT_NSH_2015-11-10,OTT,2015020223,away,5,2.0,0.0,1.0,4.0,3.0,1.0,0,2,2015-11-10,REG
OTT_NSH_2015-11-10,NSH,2015020223,home,7,1.0,0.0,5.0,2.0,2.0,0.0,1,2,2015-11-10,REG
TOR_DAL_2015-11-10,TOR,2015020225,away,3,2.0,0.0,8.0,2.0,4.0,2.0,1,2,2015-11-10,REG
TOR_DAL_2015-11-10,DAL,2015020225,home,2,2.0,0.0,3.0,3.0,2.0,2.0,0,2,2015-11-10,REG
ARI_LAK_2015-11-10,ARI,2015020226,away,3,2.0,0.0,1.0,3.0,0.0,1.0,1,2,2015-11-10,REG
ARI_LAK_2015-11-10,LAK,2015020226,home,2,1.0,0.0,4.0,3.0,1.0,0.0,0,2,2015-11-10,REG
NYI_SJS_2015-11-10,NYI,2015020227,away,4,1.0,0.0,1.0,1.0,1.0,0.0,1,2,2015-11-10,REG
NYI_SJS_2015-11-10,SJS,2015020227,home,2,7.0,0.0,2.0,3.0,7.0,2.0,0,2,2015-11-10,REG
MTL_PIT_2015-11-11,MTL,2015020228,away,3,2.0,0.0,10.0,2.0,0.0,0.0,0,2,2015-11-11,SO
MTL_PIT_2015-11-11,PIT,2015020228,home,4,2.0,0.0,2.0,0.0,1.0,0.0,1,2,2015-11-11,SO
EDM_ANA_2015-11-11,EDM,2015020229,away,4,2.0,0.0,7.0,4.0,0.0,2.0,1,2,2015-11-11,OT
EDM_ANA_2015-11-11,ANA,2015020229,home,3,2.0,0.0,4.0,3.0,3.0,0.0,0,2,2015-11-11,OT
MIN_CAR_2015-11-12,MIN,2015020233,away,3,7.0,0.0,1.0,6.0,0.0,1.0,1,2,2015-11-12,OT
MIN_CAR_2015-11-12,CAR,2015020233,home,2,2.0,0.0,7.0,2.0,0.0,2.0,0,2,2015-11-12,OT
COL_BOS_2015-11-12,COL,2015020230,away,3,4.0,0.0,3.0,2.0,0.0,0.0,1,2,2015-11-12,REG
COL_BOS_2015-11-12,BOS,2015020230,home,2,2.0,0.0,2.0,2.0,4.0,0.0,0,2,2015-11-12,REG
STL_NYR_2015-11-12,STL,2015020231,away,3,3.0,0.0,3.0,2.0,1.0,0.0,0,2,2015-11-12,REG
STL_NYR_2015-11-12,NYR,2015020231,home,6,7.0,0.0,4.0,5.0,3.0,2.0,1,2,2015-11-12,REG
WSH_PHI_2015-11-12,WSH,2015020232,away,5,5.0,0.0,6.0,3.0,0.0,0.0,1,2,2015-11-12,REG
WSH_PHI_2015-11-12,PHI,2015020232,home,2,6.0,0.0,2.0,3.0,2.0,0.0,0,2,2015-11-12,REG
CGY_TBL_2015-11-12,CGY,2015020235,away,1,2.0,0.0,2.0,7.0,1.0,0.0,0,2,2015-11-12,REG
CGY_TBL_2015-11-12,TBL,2015020235,home,3,0.0,0.0,5.0,0.0,1.0,1.0,1,2,2015-11-12,REG
BUF_FLA_2015-11-12,BUF,2015020236,away,3,3.0,0.0,6.0,2.0,0.0,0.0,1,2,2015-11-12,REG
BUF_FLA_2015-11-12,FLA,2015020236,home,2,2.0,1.0,7.0,0.0,0.0,1.0,0,2,2015-11-12,REG
VAN_OTT_2015-11-12,VAN,2015020234,away,2,3.0,0.0,4.0,0.0,2.0,3.0,0,2,2015-11-12,REG
VAN_OTT_2015-11-12,OTT,2015020234,home,3,2.0,1.0,4.0,2.0,1.0,0.0,1,2,2015-11-12,REG
TOR_NSH_2015-11-12,TOR,2015020237,away,2,2.0,0.0,1.0,4.0,1.0,2.0,1,2,2015-11-12,SO
TOR_NSH_2015-11-12,NSH,2015020237,home,1,2.0,0.0,3.0,2.0,2.0,2.0,0,2,2015-11-12,SO
NJD_CHI_2015-11-12,NJD,2015020238,away,3,6.0,0.0,1.0,2.0,0.0,1.0,1,2,2015-11-12,REG
NJD_CHI_2015-11-12,CHI,2015020238,home,2,3.0,0.0,3.0,2.0,0.0,1.0,0,2,2015-11-12,REG
WPG_DAL_2015-11-12,WPG,2015020239,away,3,0.0,0.0,1.0,1.0,2.0,1.0,0,2,2015-11-12,REG
WPG_DAL_2015-11-12,DAL,2015020239,home,6,1.0,1.0,5.0,1.0,2.0,0.0,1,2,2015-11-12,REG
EDM_ARI_2015-11-12,EDM,2015020240,away,1,0.0,0.0,8.0,0.0,1.0,1.0,0,2,2015-11-12,REG
EDM_ARI_2015-11-12,ARI,2015020240,home,4,5.0,0.0,2.0,5.0,0.0,0.0,1,2,2015-11-12,REG
NYI_LAK_2015-11-12,NYI,2015020241,away,1,2.0,0.0,3.0,0.0,0.0,0.0,0,2,2015-11-12,REG
NYI_LAK_2015-11-12,LAK,2015020241,home,2,4.0,0.0,0.0,6.0,3.0,0.0,1,2,2015-11-12,REG
CGY_WSH_2015-11-13,CGY,2015020243,away,3,4.0,0.0,1.0,4.0,0.0,1.0,1,2,2015-11-13,OT
CGY_WSH_2015-11-13,WSH,2015020243,home,2,2.0,0.0,4.0,3.0,0.0,1.0,0,2,2015-11-13,OT
CBJ_PIT_2015-11-13,CBJ,2015020242,away,2,5.0,0.0,5.0,0.0,0.0,0.0,1,2,2015-11-13,REG
CBJ_PIT_2015-11-13,PIT,2015020242,home,1,1.0,0.0,3.0,4.0,0.0,0.0,0,2,2015-11-13,REG
SJS_DET_2015-11-13,SJS,2015020244,away,3,3.0,0.0,2.0,1.0,2.0,0.0,1,2,2015-11-13,REG
SJS_DET_2015-11-13,DET,2015020244,home,2,5.0,0.0,4.0,0.0,0.0,0.0,0,2,2015-11-13,REG
NYI_ANA_2015-11-13,NYI,2015020245,away,4,1.0,0.0,0.0,2.0,1.0,0.0,1,2,2015-11-13,REG
NYI_ANA_2015-11-13,ANA,2015020245,home,1,3.0,0.0,4.0,2.0,1.0,1.0,0,2,2015-11-13,REG
NYR_OTT_2015-11-14,NYR,2015020246,away,2,2.0,0.0,4.0,4.0,1.0,0.0,1,2,2015-11-14,SO
NYR_OTT_2015-11-14,OTT,2015020246,home,1,4.0,0.0,2.0,1.0,2.0,1.0,0,2,2015-11-14,SO
FLA_TBL_2015-11-14,FLA,2015020251,away,5,3.0,1.0,4.0,0.0,2.0,0.0,1,2,2015-11-14,SO
FLA_TBL_2015-11-14,TBL,2015020251,home,4,4.0,0.0,5.0,3.0,0.0,0.0,0,2,2015-11-14,SO
COL_MTL_2015-11-14,COL,2015020250,away,6,3.0,0.0,2.0,1.0,2.0,1.0,1,2,2015-11-14,REG
COL_MTL_2015-11-14,MTL,2015020250,home,1,5.0,0.0,7.0,0.0,3.0,0.0,0,2,2015-11-14,REG
SJS_BUF_2015-11-14,SJS,2015020248,away,2,2.0,0.0,4.0,1.0,0.0,0.0,1,2,2015-11-14,OT
SJS_BUF_2015-11-14,BUF,2015020248,home,1,1.0,0.0,2.0,0.0,1.0,1.0,0,2,2015-11-14,OT
ARI_CBJ_2015-11-14,ARI,2015020254,away,2,0.0,0.0,4.0,0.0,0.0,1.0,0,2,2015-11-14,REG
ARI_CBJ_2015-11-14,CBJ,2015020254,home,5,3.0,0.0,2.0,2.0,0.0,0.0,1,2,2015-11-14,REG
WPG_NSH_2015-11-14,WPG,2015020255,away,0,5.0,0.0,0.0,0.0,0.0,0.0,0,2,2015-11-14,REG
WPG_NSH_2015-11-14,NSH,2015020255,home,7,1.0,0.0,4.0,3.0,0.0,0.0,1,2,2015-11-14,REG
VAN_TOR_2015-11-14,VAN,2015020249,away,2,3.0,1.0,3.0,3.0,0.0,0.0,0,2,2015-11-14,REG
VAN_TOR_2015-11-14,TOR,2015020249,home,4,0.0,1.0,3.0,3.0,1.0,3.0,1,2,2015-11-14,REG
DET_BOS_2015-11-14,DET,2015020247,away,1,0.0,1.0,6.0,1.0,3.0,1.0,0,2,2015-11-14,REG
DET_BOS_2015-11-14,BOS,2015020247,home,3,1.0,0.0,2.0,1.0,2.0,0.0,1,2,2015-11-14,REG
PHI_CAR_2015-11-14,PHI,2015020253,away,3,9.0,0.0,4.0,4.0,0.0,1.0,1,2,2015-11-14,OT
PHI_CAR_2015-11-14,CAR,2015020253,home,2,6.0,0.0,6.0,1.0,0.0,3.0,0,2,2015-11-14,OT
PIT_NJD_2015-11-14,PIT,2015020252,away,0,0.0,0.0,1.0,0.0,1.0,0.0,0,2,2015-11-14,REG
PIT_NJD_2015-11-14,NJD,2015020252,home,4,4.0,0.0,4.0,1.0,0.0,1.0,1,2,2015-11-14,REG
MIN_DAL_2015-11-14,MIN,2015020257,away,2,3.0,0.0,5.0,0.0,1.0,0.0,0,2,2015-11-14,OT
MIN_DAL_2015-11-14,DAL,2015020257,home,3,1.0,0.0,8.0,1.0,1.0,3.0,1,2,2015-11-14,OT
CHI_STL_2015-11-14,CHI,2015020256,away,4,0.0,0.0,6.0,0.0,0.0,0.0,1,2,2015-11-14,REG
CHI_STL_2015-11-14,STL,2015020256,home,2,0.0,0.0,2.0,3.0,0.0,0.0,0,2,2015-11-14,REG
EDM_LAK_2015-11-14,EDM,2015020258,away,3,1.0,0.0,5.0,2.0,1.0,0.0,0,2,2015-11-14,REG
EDM_LAK_2015-11-14,LAK,2015020258,home,4,4.0,0.0,3.0,1.0,1.0,0.0,1,2,2015-11-14,REG
TOR_NYR_2015-11-15,TOR,2015020259,away,3,0.0,0.0,2.0,2.0,0.0,0.0,0,2,2015-11-15,REG
TOR_NYR_2015-11-15,NYR,2015020259,home,4,1.0,0.0,4.0,2.0,0.0,0.0,1,2,2015-11-15,REG
CGY_CHI_2015-11-15,CGY,2015020260,away,1,3.0,0.0,3.0,1.0,0.0,2.0,0,2,2015-11-15,REG
CGY_CHI_2015-11-15,CHI,2015020260,home,4,1.0,0.0,3.0,4.0,0.0,0.0,1,2,2015-11-15,REG
ARI_NYI_2015-11-16,ARI,2015020261,away,2,4.0,0.0,4.0,3.0,0.0,1.0,0,2,2015-11-16,REG
ARI_NYI_2015-11-16,NYI,2015020261,home,5,4.0,0.0,1.0,1.0,0.0,1.0,1,2,2015-11-16,REG
ANA_CAR_2015-11-16,ANA,2015020262,away,4,7.0,0.0,3.0,3.0,2.0,0.0,1,2,2015-11-16,REG
ANA_CAR_2015-11-16,CAR,2015020262,home,1,1.0,0.0,2.0,1.0,3.0,1.0,0,2,2015-11-16,REG
DET_OTT_2015-11-16,DET,2015020264,away,4,4.0,0.0,7.0,3.0,1.0,0.0,1,2,2015-11-16,OT
DET_OTT_2015-11-16,OTT,2015020264,home,3,2.0,0.0,5.0,2.0,2.0,0.0,0,2,2015-11-16,OT
VAN_MTL_2015-11-16,VAN,2015020263,away,3,5.0,0.0,1.0,4.0,2.0,0.0,0,2,2015-11-16,OT
VAN_MTL_2015-11-16,MTL,2015020263,home,4,3.0,0.0,4.0,0.0,1.0,1.0,1,2,2015-11-16,OT
TBL_FLA_2015-11-16,TBL,2015020265,away,0,5.0,0.0,3.0,3.0,1.0,0.0,0,2,2015-11-16,REG
TBL_FLA_2015-11-16,FLA,2015020265,home,1,3.0,0.0,1.0,1.0,2.0,0.0,1,2,2015-11-16,REG
WPG_STL_2015-11-16,WPG,2015020266,away,2,5.0,0.0,0.0,2.0,0.0,1.0,0,2,2015-11-16,REG
WPG_STL_2015-11-16,STL,2015020266,home,3,3.0,0.0,4.0,0.0,0.0,0.0,1,2,2015-11-16,REG
LAK_PHI_2015-11-17,LAK,2015020269,away,3,6.0,0.0,5.0,2.0,1.0,1.0,1,2,2015-11-17,SO
LAK_PHI_2015-11-17,PHI,2015020269,home,2,12.0,0.0,10.0,1.0,1.0,0.0,0,2,2015-11-17,SO
STL_CBJ_2015-11-17,STL,2015020271,away,1,0.0,0.0,0.0,4.0,0.0,0.0,0,2,2015-11-17,REG
STL_CBJ_2015-11-17,CBJ,2015020271,home,3,0.0,0.0,3.0,1.0,0.0,1.0,1,2,2015-11-17,REG
DAL_BUF_2015-11-17,DAL,2015020268,away,3,1.0,0.0,0.0,0.0,0.0,0.0,1,2,2015-11-17,REG
DAL_BUF_2015-11-17,BUF,2015020268,home,1,1.0,0.0,1.0,5.0,0.0,2.0,0,2,2015-11-17,REG
SJS_BOS_2015-11-17,SJS,2015020267,away,5,0.0,0.0,4.0,3.0,1.0,0.0,1,2,2015-11-17,REG
SJS_BOS_2015-11-17,BOS,2015020267,home,4,4.0,0.0,7.0,1.0,0.0,0.0,0,2,2015-11-17,REG
MIN_PIT_2015-11-17,MIN,2015020270,away,3,5.0,0.0,2.0,5.0,1.0,0.0,0,2,2015-11-17,REG
MIN_PIT_2015-11-17,PIT,2015020270,home,4,2.0,0.0,0.0,3.0,0.0,0.0,1,2,2015-11-17,REG
COL_TOR_2015-11-17,COL,2015020272,away,1,6.0,0.0,4.0,3.0,0.0,0.0,0,2,2015-11-17,REG
COL_TOR_2015-11-17,TOR,2015020272,home,5,3.0,2.0,3.0,2.0,3.0,0.0,1,2,2015-11-17,REG
ANA_NSH_2015-11-17,ANA,2015020273,away,2,3.0,0.0,4.0,1.0,0.0,1.0,0,2,2015-11-17,REG
ANA_NSH_2015-11-17,NSH,2015020273,home,3,1.0,0.0,4.0,3.0,6.0,3.0,1,2,2015-11-17,REG
NJD_CGY_2015-11-17,NJD,2015020274,away,2,2.0,0.0,0.0,2.0,1.0,1.0,0,2,2015-11-17,REG
NJD_CGY_2015-11-17,CGY,2015020274,home,3,3.0,0.0,2.0,3.0,2.0,1.0,1,2,2015-11-17,REG
VAN_WPG_2015-11-18,VAN,2015020275,away,1,2.0,0.0,2.0,1.0,1.0,0.0,0,2,2015-11-18,REG
VAN_WPG_2015-11-18,WPG,2015020275,home,4,3.0,0.0,0.0,0.0,1.0,1.0,1,2,2015-11-18,REG
WSH_DET_2015-11-18,WSH,2015020276,away,2,4.0,0.0,9.0,2.0,2.0,0.0,1,2,2015-11-18,OT
WSH_DET_2015-11-18,DET,2015020276,home,1,1.0,0.0,4.0,2.0,0.0,0.0,0,2,2015-11-18,OT
CHI_EDM_2015-11-18,CHI,2015020277,away,4,0.0,1.0,4.0,2.0,2.0,0.0,1,2,2015-11-18,OT
CHI_EDM_2015-11-18,EDM,2015020277,home,3,4.0,0.0,6.0,3.0,1.0,0.0,0,2,2015-11-18,OT
MIN_BOS_2015-11-19,MIN,2015020278,away,2,4.0,0.0,2.0,1.0,1.0,0.0,0,2,2015-11-19,REG
MIN_BOS_2015-11-19,BOS,2015020278,home,4,6.0,0.0,4.0,3.0,4.0,1.0,1,2,2015-11-19,REG
COL_PIT_2015-11-19,COL,2015020280,away,3,7.0,0.0,1.0,0.0,0.0,2.0,0,2,2015-11-19,REG
COL_PIT_2015-11-19,PIT,2015020280,home,4,0.0,0.0,4.0,2.0,1.0,3.0,1,2,2015-11-19,REG
SJS_PHI_2015-11-19,SJS,2015020279,away,1,6.0,0.0,0.0,2.0,2.0,1.0,1,2,2015-11-19,OT
SJS_PHI_2015-11-19,PHI,2015020279,home,0,11.0,0.0,3.0,2.0,1.0,0.0,0,2,2015-11-19,OT
DAL_WSH_2015-11-19,DAL,2015020281,away,3,1.0,0.0,2.0,1.0,0.0,0.0,1,2,2015-11-19,REG
DAL_WSH_2015-11-19,WSH,2015020281,home,2,5.0,0.0,6.0,0.0,2.0,0.0,0,2,2015-11-19,REG
NYR_TBL_2015-11-19,NYR,2015020284,away,1,5.0,0.0,0.0,3.0,2.0,0.0,0,2,2015-11-19,REG
NYR_TBL_2015-11-19,TBL,2015020284,home,2,2.0,0.0,4.0,2.0,1.0,2.0,1,2,2015-11-19,REG
ANA_FLA_2015-11-19,ANA,2015020285,away,3,7.0,0.0,7.0,0.0,2.0,1.0,1,2,2015-11-19,REG
ANA_FLA_2015-11-19,FLA,2015020285,home,1,4.0,0.0,4.0,1.0,0.0,0.0,0,2,2015-11-19,REG
CBJ_OTT_2015-11-19,CBJ,2015020283,away,0,0.0,0.0,0.0,1.0,0.0,0.0,0,2,2015-11-19,REG
CBJ_OTT_2015-11-19,OTT,2015020283,home,3,2.0,0.0,3.0,3.0,2.0,0.0,1,2,2015-11-19,REG
ARI_MTL_2015-11-19,ARI,2015020282,away,3,3.0,0.0,3.0,1.0,2.0,0.0,1,2,2015-11-19,REG
ARI_MTL_2015-11-19,MTL,2015020282,home,2,5.0,0.0,4.0,1.0,0.0,0.0,0,2,2015-11-19,REG
BUF_STL_2015-11-19,BUF,2015020286,away,2,5.0,0.0,6.0,3.0,0.0,0.0,0,2,2015-11-19,SO
BUF_STL_2015-11-19,STL,2015020286,home,3,1.0,0.0,0.0,1.0,0.0,0.0,1,2,2015-11-19,SO
TOR_CAR_2015-11-20,TOR,2015020287,away,2,3.0,0.0,4.0,5.0,3.0,2.0,1,2,2015-11-20,SO
TOR_CAR_2015-11-20,CAR,2015020287,home,1,4.0,0.0,5.0,1.0,1.0,1.0,0,2,2015-11-20,SO
NSH_CBJ_2015-11-20,NSH,2015020288,away,0,4.0,0.0,5.0,1.0,0.0,1.0,0,2,2015-11-20,REG
NSH_CBJ_2015-11-20,CBJ,2015020288,home,4,3.0,0.0,1.0,2.0,0.0,0.0,1,2,2015-11-20,REG
MTL_NYI_2015-11-20,MTL,2015020290,away,5,3.0,0.0,3.0,3.0,3.0,1.0,1,2,2015-11-20,REG
MTL_NYI_2015-11-20,NYI,2015020290,home,3,2.0,0.0,3.0,2.0,2.0,1.0,0,2,2015-11-20,REG
LAK_DET_2015-11-20,LAK,2015020289,away,2,1.0,0.0,5.0,0.0,1.0,0.0,0,2,2015-11-20,REG
LAK_DET_2015-11-20,DET,2015020289,home,3,5.0,0.0,2.0,1.0,0.0,1.0,1,2,2015-11-20,REG
CHI_CGY_2015-11-20,CHI,2015020291,away,1,1.0,0.0,2.0,2.0,0.0,0.0,0,2,2015-11-20,OT
CHI_CGY_2015-11-20,CGY,2015020291,home,2,1.0,0.0,2.0,1.0,0.0,2.0,1,2,2015-11-20,OT
NJD_EDM_2015-11-20,NJD,2015020292,away,1,2.0,0.0,2.0,1.0,0.0,0.0,0,2,2015-11-20,REG
NJD_EDM_2015-11-20,EDM,2015020292,home,5,2.0,0.0,7.0,0.0,3.0,0.0,1,2,2015-11-20,REG
SJS_PIT_2015-11-21,SJS,2015020297,away,3,4.0,0.0,1.0,0.0,1.0,1.0,1,2,2015-11-21,REG
SJS_PIT_2015-11-21,PIT,2015020297,home,1,0.0,0.0,1.0,0.0,0.0,0.0,0,2,2015-11-21,REG
ARI_WPG_2015-11-21,ARI,2015020299,away,2,1.0,0.0,9.0,3.0,1.0,1.0,0,2,2015-11-21,REG
ARI_WPG_2015-11-21,WPG,2015020299,home,3,6.0,0.0,2.0,1.0,1.0,3.0,1,2,2015-11-21,REG
PHI_OTT_2015-11-21,PHI,2015020294,away,0,4.0,0.0,6.0,2.0,1.0,0.0,0,2,2015-11-21,REG
PHI_OTT_2015-11-21,OTT,2015020294,home,4,4.0,0.0,3.0,1.0,4.0,1.0,1,2,2015-11-21,REG
COL_WSH_2015-11-21,COL,2015020298,away,3,1.0,0.0,3.0,1.0,0.0,0.0,0,2,2015-11-21,REG
COL_WSH_2015-11-21,WSH,2015020298,home,7,1.0,0.0,4.0,1.0,2.0,0.0,1,2,2015-11-21,REG
ANA_TBL_2015-11-21,ANA,2015020295,away,0,6.0,0.0,4.0,1.0,0.0,0.0,0,2,2015-11-21,REG
ANA_TBL_2015-11-21,TBL,2015020295,home,5,2.0,0.0,3.0,2.0,2.0,0.0,1,2,2015-11-21,REG
TOR_BOS_2015-11-21,TOR,2015020293,away,0,1.0,0.0,4.0,0.0,0.0,1.0,0,2,2015-11-21,REG
TOR_BOS_2015-11-21,BOS,2015020293,home,2,2.0,0.0,8.0,1.0,0.0,0.0,1,2,2015-11-21,REG
NYR_FLA_2015-11-21,NYR,2015020296,away,5,2.0,0.0,1.0,2.0,0.0,1.0,1,2,2015-11-21,OT
NYR_FLA_2015-11-21,FLA,2015020296,home,4,2.0,0.0,1.0,2.0,2.0,0.0,0,2,2015-11-21,OT
BUF_DAL_2015-11-21,BUF,2015020301,away,0,6.0,0.0,4.0,4.0,0.0,0.0,0,2,2015-11-21,REG
BUF_DAL_2015-11-21,DAL,2015020301,home,3,1.0,0.0,3.0,3.0,3.0,1.0,1,2,2015-11-21,REG
DET_STL_2015-11-21,DET,2015020300,away,4,2.0,0.0,1.0,2.0,1.0,0.0,1,2,2015-11-21,OT
DET_STL_2015-11-21,STL,2015020300,home,3,3.0,0.0,3.0,4.0,0.0,1.0,0,2,2015-11-21,OT
NSH_MIN_2015-11-21,NSH,2015020302,away,0,1.0,0.0,2.0,1.0,0.0,0.0,0,2,2015-11-21,REG
NSH_MIN_2015-11-21,MIN,2015020302,home,4,2.0,0.0,1.0,1.0,2.0,0.0,1,2,2015-11-21,REG
CHI_VAN_2015-11-21,CHI,2015020303,away,3,1.0,0.0,3.0,1.0,0.0,1.0,0,2,2015-11-21,REG
CHI_VAN_2015-11-21,VAN,2015020303,home,6,1.0,0.0,1.0,3.0,0.0,0.0,1,2,2015-11-21,REG
LAK_CAR_2015-11-22,LAK,2015020304,away,3,1.0,1.0,4.0,0.0,0.0,2.0,0,2,2015-11-22,REG
LAK_CAR_2015-11-22,CAR,2015020304,home,4,2.0,0.0,3.0,2.0,1.0,2.0,1,2,2015-11-22,REG
SJS_CBJ_2015-11-22,SJS,2015020305,away,5,1.0,0.0,6.0,0.0,1.0,1.0,1,2,2015-11-22,REG
SJS_CBJ_2015-11-22,CBJ,2015020305,home,3,0.0,0.0,3.0,1.0,0.0,0.0,0,2,2015-11-22,REG
NYI_MTL_2015-11-22,NYI,2015020306,away,2,3.0,0.0,2.0,2.0,2.0,0.0,0,2,2015-11-22,REG
NYI_MTL_2015-11-22,MTL,2015020306,home,4,4.0,0.0,4.0,1.0,1.0,1.0,1,2,2015-11-22,REG
NJD_VAN_2015-11-22,NJD,2015020307,away,3,2.0,0.0,4.0,3.0,1.0,0.0,1,2,2015-11-22,REG
NJD_VAN_2015-11-22,VAN,2015020307,home,2,0.0,0.0,3.0,0.0,0.0,1.0,0,2,2015-11-22,REG
CAR_PHI_2015-11-23,CAR,2015020310,away,2,3.0,0.0,6.0,3.0,1.0,0.0,0,2,2015-11-23,OT
CAR_PHI_2015-11-23,PHI,2015020310,home,3,8.0,1.0,8.0,3.0,3.0,0.0,1,2,2015-11-23,OT
EDM_WSH_2015-11-23,EDM,2015020311,away,0,2.0,0.0,7.0,0.0,2.0,1.0,0,2,2015-11-23,REG
EDM_WSH_2015-11-23,WSH,2015020311,home,1,9.0,0.0,5.0,0.0,1.0,2.0,1,2,2015-11-23,REG
STL_BUF_2015-11-23,STL,2015020308,away,2,1.0,0.0,4.0,0.0,0.0,0.0,1,2,2015-11-23,REG
STL_BUF_2015-11-23,BUF,2015020308,home,1,3.0,0.0,3.0,7.0,0.0,0.0,0,2,2015-11-23,REG
NSH_NYR_2015-11-23,NSH,2015020309,away,0,5.0,0.0,7.0,0.0,2.0,2.0,0,2,2015-11-23,REG
NSH_NYR_2015-11-23,NYR,2015020309,home,3,5.0,0.0,1.0,4.0,1.0,0.0,1,2,2015-11-23,REG
BOS_TOR_2015-11-23,BOS,2015020312,away,4,3.0,0.0,2.0,2.0,2.0,0.0,1,2,2015-11-23,SO
BOS_TOR_2015-11-23,TOR,2015020312,home,3,3.0,0.0,5.0,4.0,0.0,0.0,0,2,2015-11-23,SO
LAK_FLA_2015-11-23,LAK,2015020313,away,3,6.0,0.0,1.0,2.0,0.0,0.0,1,2,2015-11-23,REG
LAK_FLA_2015-11-23,FLA,2015020313,home,1,5.0,0.0,4.0,2.0,0.0,0.0,0,2,2015-11-23,REG
COL_WPG_2015-11-23,COL,2015020314,away,4,4.0,0.0,1.0,3.0,2.0,0.0,1,2,2015-11-23,REG
COL_WPG_2015-11-23,WPG,2015020314,home,1,1.0,0.0,0.0,1.0,3.0,0.0,0,2,2015-11-23,REG
OTT_DAL_2015-11-24,OTT,2015020315,away,7,2.0,0.0,1.0,3.0,1.0,3.0,1,2,2015-11-24,REG
OTT_DAL_2015-11-24,DAL,2015020315,home,4,1.0,0.0,5.0,3.0,2.0,1.0,0,2,2015-11-24,REG
CGY_ANA_2015-11-24,CGY,2015020316,away,3,5.0,0.0,3.0,4.0,1.0,0.0,0,2,2015-11-24,REG
CGY_ANA_2015-11-24,ANA,2015020316,home,5,2.0,0.0,4.0,1.0,0.0,1.0,1,2,2015-11-24,REG
VAN_MIN_2015-11-25,VAN,2015020324,away,3,2.0,0.0,1.0,0.0,1.0,0.0,1,2,2015-11-25,REG
VAN_MIN_2015-11-25,MIN,2015020324,home,2,3.0,0.0,3.0,2.0,2.0,0.0,0,2,2015-11-25,REG
STL_PIT_2015-11-25,STL,2015020321,away,3,5.0,0.0,5.0,2.0,1.0,1.0,0,2,2015-11-25,OT
STL_PIT_2015-11-25,PIT,2015020321,home,4,0.0,0.0,4.0,1.0,1.0,0.0,1,2,2015-11-25,OT
NSH_BUF_2015-11-25,NSH,2015020317,away,3,3.0,0.0,6.0,2.0,1.0,1.0,1,2,2015-11-25,REG
NSH_BUF_2015-11-25,BUF,2015020317,home,2,4.0,0.0,5.0,3.0,3.0,0.0,0,2,2015-11-25,REG
MTL_NYR_2015-11-25,MTL,2015020320,away,5,4.0,0.0,1.0,1.0,0.0,1.0,1,2,2015-11-25,REG
MTL_NYR_2015-11-25,NYR,2015020320,home,1,2.0,0.0,2.0,2.0,1.0,0.0,0,2,2015-11-25,REG
CBJ_NJD_2015-11-25,CBJ,2015020318,away,2,0.0,0.0,0.0,0.0,0.0,0.0,1,2,2015-11-25,REG
CBJ_NJD_2015-11-25,NJD,2015020318,home,1,3.0,0.0,2.0,1.0,0.0,1.0,0,2,2015-11-25,REG
WPG_WSH_2015-11-25,WPG,2015020322,away,3,1.0,0.0,2.0,0.0,0.0,0.0,0,2,2015-11-25,REG
WPG_WSH_2015-11-25,WSH,2015020322,home,5,10.0,1.0,8.0,5.0,2.0,0.0,1,2,2015-11-25,REG
EDM_CAR_2015-11-25,EDM,2015020323,away,1,0.0,0.0,5.0,4.0,3.0,1.0,0,2,2015-11-25,REG
EDM_CAR_2015-11-25,CAR,2015020323,home,4,2.0,0.0,2.0,1.0,1.0,4.0,1,2,2015-11-25,REG
LAK_TBL_2015-11-25,LAK,2015020326,away,1,2.0,0.0,5.0,1.0,1.0,2.0,0,2,2015-11-25,SO
LAK_TBL_2015-11-25,TBL,2015020326,home,2,1.0,0.0,2.0,2.0,0.0,1.0,1,2,2015-11-25,SO
PHI_NYI_2015-11-25,PHI,2015020319,away,1,4.0,0.0,2.0,2.0,1.0,1.0,0,2,2015-11-25,REG
PHI_NYI_2015-11-25,NYI,2015020319,home,3,3.0,0.0,4.0,0.0,1.0,0.0,1,2,2015-11-25,REG
BOS_DET_2015-11-25,BOS,2015020325,away,3,4.0,0.0,2.0,2.0,2.0,0.0,1,2,2015-11-25,OT
BOS_DET_2015-11-25,DET,2015020325,home,2,1.0,0.0,4.0,0.0,1.0,0.0,0,2,2015-11-25,OT
ANA_ARI_2015-11-25,ANA,2015020327,away,2,3.0,0.0,3.0,4.0,0.0,0.0,0,2,2015-11-25,REG
ANA_ARI_2015-11-25,ARI,2015020327,home,4,3.0,0.0,2.0,1.0,0.0,1.0,1,2,2015-11-25,REG
OTT_COL_2015-11-25,OTT,2015020328,away,5,1.0,0.0,5.0,2.0,0.0,1.0,1,2,2015-11-25,REG
OTT_COL_2015-11-25,COL,2015020328,home,3,3.0,0.0,2.0,0.0,0.0,0.0,0,2,2015-11-25,REG
CHI_SJS_2015-11-25,CHI,2015020329,away,5,1.0,0.0,3.0,2.0,2.0,1.0,1,2,2015-11-25,REG
CHI_SJS_2015-11-25,SJS,2015020329,home,2,5.0,0.0,5.0,3.0,1.0,0.0,0,2,2015-11-25,REG
NYR_BOS_2015-11-27,NYR,2015020330,away,3,3.0,1.0,4.0,3.0,2.0,0.0,0,2,2015-11-27,REG
NYR_BOS_2015-11-27,BOS,2015020330,home,4,1.0,0.0,0.0,1.0,0.0,1.0,1,2,2015-11-27,REG
NSH_PHI_2015-11-27,NSH,2015020331,away,2,1.0,0.0,8.0,1.0,0.0,1.0,0,2,2015-11-27,OT
NSH_PHI_2015-11-27,PHI,2015020331,home,3,6.0,0.0,4.0,1.0,1.0,1.0,1,2,2015-11-27,OT
WPG_MIN_2015-11-27,WPG,2015020332,away,3,3.0,0.0,2.0,1.0,0.0,1.0,1,2,2015-11-27,REG
WPG_MIN_2015-11-27,MIN,2015020332,home,1,4.0,0.0,2.0,0.0,0.0,0.0,0,2,2015-11-27,REG
TBL_WSH_2015-11-27,TBL,2015020334,away,2,2.0,0.0,1.0,0.0,0.0,1.0,0,2,2015-11-27,REG
TBL_WSH_2015-11-27,WSH,2015020334,home,4,8.0,1.0,9.0,1.0,3.0,0.0,1,2,2015-11-27,REG
CHI_ANA_2015-11-27,CHI,2015020333,away,3,0.0,0.0,4.0,3.0,1.0,1.0,1,2,2015-11-27,OT
CHI_ANA_2015-11-27,ANA,2015020333,home,2,1.0,0.0,2.0,1.0,1.0,2.0,0,2,2015-11-27,OT
MTL_NJD_2015-11-27,MTL,2015020336,away,3,4.0,0.0,4.0,1.0,0.0,1.0,1,2,2015-11-27,SO
MTL_NJD_2015-11-27,NJD,2015020336,home,2,3.0,0.0,2.0,1.0,2.0,1.0,0,2,2015-11-27,SO
CAR_BUF_2015-11-27,CAR,2015020335,away,1,2.0,0.0,4.0,1.0,1.0,1.0,0,2,2015-11-27,REG
CAR_BUF_2015-11-27,BUF,2015020335,home,4,2.0,0.0,4.0,3.0,3.0,0.0,1,2,2015-11-27,REG
PIT_CBJ_2015-11-27,PIT,2015020337,away,1,3.0,0.0,1.0,0.0,1.0,0.0,0,2,2015-11-27,OT
PIT_CBJ_2015-11-27,CBJ,2015020337,home,2,0.0,0.0,2.0,0.0,1.0,0.0,1,2,2015-11-27,OT
NYI_FLA_2015-11-27,NYI,2015020339,away,2,2.0,0.0,7.0,1.0,0.0,0.0,0,2,2015-11-27,SO
NYI_FLA_2015-11-27,FLA,2015020339,home,3,2.0,0.0,4.0,3.0,3.0,0.0,1,2,2015-11-27,SO
EDM_DET_2015-11-27,EDM,2015020338,away,3,2.0,1.0,3.0,3.0,1.0,0.0,0,2,2015-11-27,OT
EDM_DET_2015-11-27,DET,2015020338,home,4,3.0,0.0,1.0,1.0,1.0,0.0,1,2,2015-11-27,OT
VAN_DAL_2015-11-27,VAN,2015020340,away,2,3.0,0.0,4.0,2.0,1.0,0.0,0,2,2015-11-27,SO
VAN_DAL_2015-11-27,DAL,2015020340,home,3,4.0,0.0,0.0,0.0,1.0,0.0,1,2,2015-11-27,SO
CGY_ARI_2015-11-27,CGY,2015020341,away,1,3.0,0.0,2.0,2.0,2.0,0.0,0,2,2015-11-27,OT
CGY_ARI_2015-11-27,ARI,2015020341,home,2,3.0,0.0,3.0,3.0,0.0,1.0,1,2,2015-11-27,OT
PHI_NYR_2015-11-28,PHI,2015020342,away,3,2.0,0.0,4.0,2.0,2.0,0.0,1,2,2015-11-28,REG
PHI_NYR_2015-11-28,NYR,2015020342,home,0,4.0,0.0,2.0,5.0,0.0,2.0,0,2,2015-11-28,REG
NYI_TBL_2015-11-28,NYI,2015020345,away,3,5.0,1.0,4.0,0.0,2.0,1.0,1,2,2015-11-28,REG
NYI_TBL_2015-11-28,TBL,2015020345,home,2,3.0,0.0,2.0,1.0,0.0,0.0,0,2,2015-11-28,REG
NJD_MTL_2015-11-28,NJD,2015020344,away,3,3.0,0.0,2.0,3.0,2.0,1.0,1,2,2015-11-28,OT
NJD_MTL_2015-11-28,MTL,2015020344,home,2,7.0,0.0,1.0,3.0,3.0,0.0,0,2,2015-11-28,OT
WSH_TOR_2015-11-28,WSH,2015020343,away,4,6.0,0.0,4.0,0.0,1.0,2.0,1,2,2015-11-28,REG
WSH_TOR_2015-11-28,TOR,2015020343,home,2,2.0,0.0,2.0,1.0,1.0,1.0,0,2,2015-11-28,REG
EDM_PIT_2015-11-28,EDM,2015020346,away,3,4.0,0.0,7.0,5.0,1.0,1.0,1,2,2015-11-28,SO
EDM_PIT_2015-11-28,PIT,2015020346,home,2,1.0,0.0,1.0,1.0,1.0,0.0,0,2,2015-11-28,SO
DAL_MIN_2015-11-28,DAL,2015020349,away,4,1.0,0.0,6.0,3.0,0.0,0.0,1,2,2015-11-28,OT
DAL_MIN_2015-11-28,MIN,2015020349,home,3,3.0,0.0,4.0,4.0,1.0,2.0,0,2,2015-11-28,OT
BUF_NSH_2015-11-28,BUF,2015020348,away,4,3.0,0.0,3.0,2.0,2.0,1.0,1,2,2015-11-28,REG
BUF_NSH_2015-11-28,NSH,2015020348,home,1,1.0,0.0,5.0,0.0,1.0,2.0,0,2,2015-11-28,REG
CBJ_STL_2015-11-28,CBJ,2015020347,away,1,1.0,0.0,0.0,0.0,1.0,0.0,0,2,2015-11-28,REG
CBJ_STL_2015-11-28,STL,2015020347,home,3,3.0,0.0,1.0,5.0,1.0,0.0,1,2,2015-11-28,REG
CGY_SJS_2015-11-28,CGY,2015020352,away,2,1.0,0.0,2.0,2.0,1.0,1.0,0,2,2015-11-28,REG
CGY_SJS_2015-11-28,SJS,2015020352,home,5,4.0,0.0,3.0,4.0,1.0,1.0,1,2,2015-11-28,REG
OTT_ARI_2015-11-28,OTT,2015020351,away,3,3.0,0.0,4.0,0.0,1.0,0.0,0,2,2015-11-28,REG
OTT_ARI_2015-11-28,ARI,2015020351,home,4,3.0,0.0,1.0,2.0,2.0,0.0,1,2,2015-11-28,REG
WPG_COL_2015-11-28,WPG,2015020350,away,3,1.0,0.0,2.0,0.0,0.0,1.0,0,2,2015-11-28,REG
WPG_COL_2015-11-28,COL,2015020350,home,5,6.0,0.0,1.0,2.0,1.0,3.0,1,2,2015-11-28,REG
CHI_LAK_2015-11-28,CHI,2015020353,away,2,0.0,0.0,1.0,1.0,1.0,1.0,0,2,2015-11-28,OT
CHI_LAK_2015-11-28,LAK,2015020353,home,3,5.0,0.0,3.0,0.0,3.0,1.0,1,2,2015-11-28,OT
FLA_DET_2015-11-29,FLA,2015020354,away,2,0.0,0.0,2.0,2.0,1.0,0.0,1,2,2015-11-29,OT
FLA_DET_2015-11-29,DET,2015020354,home,1,3.0,0.0,4.0,1.0,0.0,0.0,0,2,2015-11-29,OT
COL_NYI_2015-11-30,COL,2015020355,away,3,6.0,0.0,3.0,1.0,1.0,1.0,0,2,2015-11-30,REG
COL_NYI_2015-11-30,NYI,2015020355,home,5,4.0,0.0,0.0,1.0,3.0,1.0,1,2,2015-11-30,REG
CAR_NYR_2015-11-30,CAR,2015020356,away,3,1.0,0.0,3.0,1.0,1.0,1.0,0,2,2015-11-30,REG
CAR_NYR_2015-11-30,NYR,2015020356,home,4,8.0,0.0,2.0,4.0,2.0,2.0,1,2,2015-11-30,REG
EDM_TOR_2015-11-30,EDM,2015020357,away,0,4.0,0.0,7.0,2.0,4.0,2.0,0,2,2015-11-30,REG
EDM_TOR_2015-11-30,TOR,2015020357,home,3,4.0,0.0,3.0,4.0,1.0,2.0,1,2,2015-11-30,REG
VAN_ANA_2015-11-30,VAN,2015020358,away,0,1.0,0.0,2.0,2.0,2.0,1.0,0,2,2015-11-30,REG
VAN_ANA_2015-11-30,ANA,2015020358,home,4,5.0,0.0,1.0,3.0,1.0,0.0,1,2,2015-11-30,REG
COL_NJD_2015-12-01,COL,2015020359,away,2,7.0,0.0,2.0,2.0,1.0,0.0,1,2,2015-12-01,REG
COL_NJD_2015-12-01,NJD,2015020359,home,1,3.0,0.0,3.0,0.0,0.0,0.0,0,2,2015-12-01,REG
BUF_DET_2015-12-01,BUF,2015020362,away,4,5.0,1.0,7.0,1.0,0.0,0.0,0,2,2015-12-01,SO
BUF_DET_2015-12-01,DET,2015020362,home,5,4.0,1.0,3.0,1.0,0.0,0.0,1,2,2015-12-01,SO
CBJ_MTL_2015-12-01,CBJ,2015020360,away,1,5.0,0.0,1.0,2.0,2.0,1.0,0,2,2015-12-01,REG
CBJ_MTL_2015-12-01,MTL,2015020360,home,2,2.0,0.0,4.0,3.0,5.0,1.0,1,2,2015-12-01,REG
PHI_OTT_2015-12-01,PHI,2015020361,away,4,10.0,0.0,0.0,3.0,0.0,0.0,1,2,2015-12-01,REG
PHI_OTT_2015-12-01,OTT,2015020361,home,2,5.0,0.0,4.0,3.0,3.0,0.0,0,2,2015-12-01,REG
ARI_NSH_2015-12-01,ARI,2015020364,away,2,1.0,0.0,2.0,2.0,2.0,0.0,0,2,2015-12-01,REG
ARI_NSH_2015-12-01,NSH,2015020364,home,5,3.0,0.0,10.0,2.0,0.0,0.0,1,2,2015-12-01,REG
FLA_STL_2015-12-01,FLA,2015020363,away,3,1.0,0.0,3.0,1.0,1.0,0.0,1,2,2015-12-01,REG
FLA_STL_2015-12-01,STL,2015020363,home,1,4.0,0.0,1.0,0.0,1.0,0.0,0,2,2015-12-01,REG
MIN_CHI_2015-12-01,MIN,2015020365,away,2,5.0,0.0,1.0,3.0,0.0,0.0,1,2,2015-12-01,REG
MIN_CHI_2015-12-01,CHI,2015020365,home,1,1.0,0.0,5.0,5.0,0.0,5.0,0,2,2015-12-01,REG
DAL_CGY_2015-12-01,DAL,2015020366,away,3,1.0,0.0,5.0,0.0,2.0,2.0,0,2,2015-12-01,SO
DAL_CGY_2015-12-01,CGY,2015020366,home,4,0.0,0.0,1.0,4.0,1.0,0.0,1,2,2015-12-01,SO
VAN_LAK_2015-12-01,VAN,2015020367,away,1,6.0,0.0,3.0,5.0,4.0,0.0,0,2,2015-12-01,OT
VAN_LAK_2015-12-01,LAK,2015020367,home,2,3.0,0.0,4.0,0.0,2.0,0.0,1,2,2015-12-01,OT
PIT_SJS_2015-12-01,PIT,2015020368,away,5,0.0,0.0,3.0,1.0,1.0,0.0,1,2,2015-12-01,REG
PIT_SJS_2015-12-01,SJS,2015020368,home,1,2.0,0.0,3.0,3.0,4.0,0.0,0,2,2015-12-01,REG
TOR_WPG_2015-12-02,TOR,2015020369,away,1,0.0,0.0,4.0,3.0,1.0,1.0,0,2,2015-12-02,REG
TOR_WPG_2015-12-02,WPG,2015020369,home,6,5.0,0.0,1.0,4.0,0.0,0.0,1,2,2015-12-02,REG
NYR_NYI_2015-12-02,NYR,2015020370,away,1,12.0,0.0,5.0,1.0,0.0,1.0,0,2,2015-12-02,SO
NYR_NYI_2015-12-02,NYI,2015020370,home,2,1.0,0.0,4.0,2.0,0.0,2.0,1,2,2015-12-02,SO
BOS_EDM_2015-12-02,BOS,2015020371,away,2,0.0,0.0,8.0,0.0,1.0,0.0,0,2,2015-12-02,SO
BOS_EDM_2015-12-02,EDM,2015020371,home,3,2.0,0.0,7.0,1.0,5.0,1.0,1,2,2015-12-02,SO
TBL_ANA_2015-12-02,TBL,2015020372,away,2,3.0,0.0,1.0,2.0,1.0,1.0,1,2,2015-12-02,REG
TBL_ANA_2015-12-02,ANA,2015020372,home,1,9.0,0.0,1.0,1.0,2.0,0.0,0,2,2015-12-02,REG
COL_NYR_2015-12-03,COL,2015020373,away,2,2.0,0.0,1.0,5.0,1.0,0.0,1,2,2015-12-03,REG
COL_NYR_2015-12-03,NYR,2015020373,home,1,4.0,0.0,2.0,2.0,2.0,1.0,0,2,2015-12-03,REG
NJD_CAR_2015-12-03,NJD,2015020374,away,5,8.0,0.0,3.0,1.0,0.0,2.0,1,2,2015-12-03,REG
NJD_CAR_2015-12-03,CAR,2015020374,home,1,6.0,0.0,2.0,5.0,2.0,0.0,0,2,2015-12-03,REG
CHI_OTT_2015-12-03,CHI,2015020376,away,3,1.0,0.0,4.0,0.0,2.0,1.0,0,2,2015-12-03,OT
CHI_OTT_2015-12-03,OTT,2015020376,home,4,7.0,1.0,4.0,3.0,2.0,2.0,1,2,2015-12-03,OT
WSH_MTL_2015-12-03,WSH,2015020375,away,3,4.0,0.0,2.0,4.0,2.0,0.0,1,2,2015-12-03,REG
WSH_MTL_2015-12-03,MTL,2015020375,home,2,0.0,0.0,3.0,1.0,2.0,3.0,0,2,2015-12-03,REG
ARI_DET_2015-12-03,ARI,2015020377,away,1,3.0,0.0,4.0,2.0,1.0,0.0,0,2,2015-12-03,REG
ARI_DET_2015-12-03,DET,2015020377,home,5,2.0,0.0,5.0,1.0,0.0,0.0,1,2,2015-12-03,REG
FLA_NSH_2015-12-03,FLA,2015020378,away,2,3.0,1.0,2.0,4.0,1.0,0.0,1,2,2015-12-03,REG
FLA_NSH_2015-12-03,NSH,2015020378,home,1,4.0,0.0,2.0,0.0,2.0,3.0,0,2,2015-12-03,REG
TOR_MIN_2015-12-03,TOR,2015020379,away,0,1.0,0.0,4.0,0.0,0.0,0.0,0,2,2015-12-03,REG
TOR_MIN_2015-12-03,MIN,2015020379,home,1,1.0,0.0,4.0,5.0,1.0,1.0,1,2,2015-12-03,REG
DAL_VAN_2015-12-03,DAL,2015020380,away,4,0.0,0.0,3.0,1.0,3.0,1.0,1,2,2015-12-03,REG
DAL_VAN_2015-12-03,VAN,2015020380,home,2,0.0,0.0,2.0,4.0,2.0,1.0,0,2,2015-12-03,REG
ARI_BUF_2015-12-04,ARI,2015020381,away,2,1.0,0.0,1.0,2.0,0.0,0.0,0,2,2015-12-04,REG
ARI_BUF_2015-12-04,BUF,2015020381,home,5,5.0,0.0,3.0,3.0,3.0,1.0,1,2,2015-12-04,REG
FLA_CBJ_2015-12-04,FLA,2015020383,away,2,0.0,0.0,5.0,2.0,0.0,0.0,1,2,2015-12-04,SO
FLA_CBJ_2015-12-04,CBJ,2015020383,home,1,6.0,0.0,0.0,1.0,0.0,0.0,0,2,2015-12-04,SO
PHI_NJD_2015-12-04,PHI,2015020382,away,4,8.0,0.0,3.0,4.0,2.0,0.0,1,2,2015-12-04,OT
PHI_NJD_2015-12-04,NJD,2015020382,home,3,3.0,0.0,3.0,2.0,0.0,1.0,0,2,2015-12-04,OT
STL_NYI_2015-12-04,STL,2015020384,away,1,5.0,0.0,2.0,2.0,3.0,0.0,0,2,2015-12-04,SO
STL_NYI_2015-12-04,NYI,2015020384,home,2,2.0,0.0,4.0,1.0,3.0,1.0,1,2,2015-12-04,SO
DAL_EDM_2015-12-04,DAL,2015020386,away,1,0.0,0.0,5.0,1.0,4.0,1.0,0,2,2015-12-04,OT
DAL_EDM_2015-12-04,EDM,2015020386,home,2,3.0,0.0,7.0,2.0,1.0,1.0,1,2,2015-12-04,OT
BOS_CGY_2015-12-04,BOS,2015020385,away,4,1.0,0.0,4.0,1.0,2.0,0.0,0,2,2015-12-04,OT
BOS_CGY_2015-12-04,CGY,2015020385,home,5,2.0,0.0,4.0,3.0,3.0,0.0,1,2,2015-12-04,OT
SJS_ANA_2015-12-04,SJS,2015020387,away,0,4.0,0.0,4.0,3.0,1.0,0.0,0,2,2015-12-04,REG
SJS_ANA_2015-12-04,ANA,2015020387,home,1,7.0,0.0,1.0,3.0,1.0,0.0,1,2,2015-12-04,REG
WSH_WPG_2015-12-05,WSH,2015020388,away,1,5.0,0.0,7.0,0.0,1.0,1.0,0,2,2015-12-05,OT
WSH_WPG_2015-12-05,WPG,2015020388,home,2,6.0,0.0,2.0,5.0,0.0,0.0,1,2,2015-12-05,OT
PIT_LAK_2015-12-05,PIT,2015020389,away,3,0.0,0.0,3.0,4.0,0.0,0.0,0,2,2015-12-05,REG
PIT_LAK_2015-12-05,LAK,2015020389,home,5,4.0,0.0,2.0,1.0,2.0,2.0,1,2,2015-12-05,REG
NYI_OTT_2015-12-05,NYI,2015020390,away,2,0.0,1.0,4.0,1.0,0.0,0.0,0,2,2015-12-05,OT
NYI_OTT_2015-12-05,OTT,2015020390,home,3,5.0,0.0,3.0,4.0,1.0,1.0,1,2,2015-12-05,OT
NSH_DET_2015-12-05,NSH,2015020391,away,4,1.0,0.0,9.0,1.0,0.0,1.0,0,2,2015-12-05,OT
NSH_DET_2015-12-05,DET,2015020391,home,5,2.0,1.0,4.0,0.0,0.0,0.0,1,2,2015-12-05,OT
MTL_CAR_2015-12-05,MTL,2015020392,away,2,3.0,0.0,2.0,1.0,0.0,0.0,0,2,2015-12-05,REG
MTL_CAR_2015-12-05,CAR,2015020392,home,3,2.0,0.0,2.0,2.0,1.0,2.0,1,2,2015-12-05,REG
TOR_STL_2015-12-05,TOR,2015020393,away,4,5.0,0.0,4.0,1.0,2.0,0.0,1,2,2015-12-05,REG
TOR_STL_2015-12-05,STL,2015020393,home,1,1.0,0.0,3.0,3.0,0.0,0.0,0,2,2015-12-05,REG
CBJ_PHI_2015-12-05,CBJ,2015020394,away,4,7.0,0.0,2.0,1.0,0.0,1.0,1,2,2015-12-05,REG
CBJ_PHI_2015-12-05,PHI,2015020394,home,1,8.0,0.0,3.0,3.0,3.0,0.0,0,2,2015-12-05,REG
COL_MIN_2015-12-05,COL,2015020395,away,0,5.0,0.0,3.0,0.0,0.0,0.0,0,2,2015-12-05,REG
COL_MIN_2015-12-05,MIN,2015020395,home,3,2.0,0.0,4.0,1.0,1.0,0.0,1,2,2015-12-05,REG
BOS_VAN_2015-12-05,BOS,2015020396,away,4,0.0,0.0,2.0,0.0,1.0,2.0,1,2,2015-12-05,REG
BOS_VAN_2015-12-05,VAN,2015020396,home,0,3.0,0.0,0.0,2.0,1.0,1.0,0,2,2015-12-05,REG
TBL_SJS_2015-12-05,TBL,2015020397,away,4,3.0,0.0,1.0,3.0,1.0,0.0,1,2,2015-12-05,REG
TBL_SJS_2015-12-05,SJS,2015020397,home,3,6.0,0.0,3.0,4.0,3.0,0.0,0,2,2015-12-05,REG
WPG_CHI_2015-12-06,WPG,2015020399,away,1,5.0,0.0,0.0,3.0,1.0,2.0,0,2,2015-12-06,REG
WPG_CHI_2015-12-06,CHI,2015020399,home,3,5.0,0.0,0.0,1.0,1.0,0.0,1,2,2015-12-06,REG
ARI_CAR_2015-12-06,ARI,2015020398,away,4,2.0,0.0,2.0,1.0,0.0,0.0,0,2,2015-12-06,REG
ARI_CAR_2015-12-06,CAR,2015020398,home,5,3.0,0.0,0.0,3.0,2.0,1.0,1,2,2015-12-06,REG
FLA_NJD_2015-12-06,FLA,2015020400,away,2,4.0,0.0,6.0,0.0,0.0,1.0,0,2,2015-12-06,REG
FLA_NJD_2015-12-06,NJD,2015020400,home,4,6.0,0.0,3.0,1.0,2.0,0.0,1,2,2015-12-06,REG
OTT_NYR_2015-12-06,OTT,2015020401,away,1,4.0,0.0,3.0,1.0,4.0,2.0,0,2,2015-12-06,REG
OTT_NYR_2015-12-06,NYR,2015020401,home,4,5.0,0.0,2.0,6.0,2.0,2.0,1,2,2015-12-06,REG
PIT_ANA_2015-12-06,PIT,2015020403,away,1,3.0,0.0,3.0,2.0,4.0,0.0,0,2,2015-12-06,REG
PIT_ANA_2015-12-06,ANA,2015020403,home,2,2.0,0.0,3.0,1.0,0.0,1.0,1,2,2015-12-06,REG
BUF_EDM_2015-12-06,BUF,2015020402,away,2,4.0,0.0,2.0,2.0,2.0,0.0,0,2,2015-12-06,REG
BUF_EDM_2015-12-06,EDM,2015020402,home,4,0.0,1.0,5.0,3.0,0.0,1.0,1,2,2015-12-06,REG
TBL_LAK_2015-12-06,TBL,2015020404,away,1,2.0,0.0,1.0,4.0,2.0,0.0,0,2,2015-12-06,REG
TBL_LAK_2015-12-06,LAK,2015020404,home,3,4.0,0.0,5.0,4.0,3.0,1.0,1,2,2015-12-06,REG
NSH_BOS_2015-12-07,NSH,2015020405,away,3,2.0,0.0,4.0,1.0,3.0,0.0,1,2,2015-12-07,REG
NSH_BOS_2015-12-07,BOS,2015020405,home,2,1.0,0.0,2.0,2.0,1.0,0.0,0,2,2015-12-07,REG
MIN_COL_2015-12-07,MIN,2015020406,away,1,2.0,0.0,0.0,6.0,0.0,0.0,0,2,2015-12-07,OT
MIN_COL_2015-12-07,COL,2015020406,home,2,4.0,0.0,1.0,2.0,0.0,0.0,1,2,2015-12-07,OT
BUF_VAN_2015-12-07,BUF,2015020407,away,2,9.0,0.0,7.0,3.0,1.0,0.0,0,2,2015-12-07,REG
BUF_VAN_2015-12-07,VAN,2015020407,home,5,4.0,0.0,1.0,2.0,0.0,1.0,1,2,2015-12-07,REG
LAK_CBJ_2015-12-08,LAK,2015020410,away,3,5.0,0.0,3.0,2.0,0.0,2.0,1,2,2015-12-08,OT
LAK_CBJ_2015-12-08,CBJ,2015020410,home,2,2.0,0.0,0.0,1.0,0.0,0.0,0,2,2015-12-08,OT
NYI_PHI_2015-12-08,NYI,2015020408,away,4,0.0,0.0,4.0,1.0,1.0,1.0,1,2,2015-12-08,SO
NYI_PHI_2015-12-08,PHI,2015020408,home,3,6.0,0.0,9.0,2.0,2.0,0.0,0,2,2015-12-08,SO
DET_WSH_2015-12-08,DET,2015020409,away,2,4.0,0.0,2.0,1.0,1.0,0.0,0,2,2015-12-08,SO
DET_WSH_2015-12-08,WSH,2015020409,home,3,9.0,1.0,11.0,0.0,0.0,1.0,1,2,2015-12-08,SO
OTT_FLA_2015-12-08,OTT,2015020412,away,4,5.0,0.0,1.0,2.0,0.0,3.0,1,2,2015-12-08,REG
OTT_FLA_2015-12-08,FLA,2015020412,home,2,3.0,0.0,3.0,0.0,1.0,0.0,0,2,2015-12-08,REG
NJD_TOR_2015-12-08,NJD,2015020411,away,2,5.0,0.0,3.0,3.0,0.0,2.0,0,2,2015-12-08,SO
NJD_TOR_2015-12-08,TOR,2015020411,home,3,1.0,0.0,6.0,3.0,0.0,1.0,1,2,2015-12-08,SO
ARI_STL_2015-12-08,ARI,2015020413,away,1,2.0,0.0,3.0,3.0,0.0,0.0,0,2,2015-12-08,REG
ARI_STL_2015-12-08,STL,2015020413,home,4,2.0,0.0,1.0,0.0,2.0,0.0,1,2,2015-12-08,REG
NSH_CHI_2015-12-08,NSH,2015020414,away,1,3.0,0.0,7.0,2.0,0.0,1.0,0,2,2015-12-08,REG
NSH_CHI_2015-12-08,CHI,2015020414,home,4,1.0,0.0,1.0,4.0,0.0,1.0,1,2,2015-12-08,REG
CAR_DAL_2015-12-08,CAR,2015020415,away,5,1.0,0.0,4.0,1.0,1.0,1.0,0,2,2015-12-08,REG
CAR_DAL_2015-12-08,DAL,2015020415,home,6,4.0,1.0,6.0,1.0,3.0,1.0,1,2,2015-12-08,REG
SJS_CGY_2015-12-08,SJS,2015020416,away,2,1.0,0.0,2.0,3.0,0.0,1.0,0,2,2015-12-08,REG
SJS_CGY_2015-12-08,CGY,2015020416,home,4,0.0,0.0,4.0,5.0,0.0,3.0,1,2,2015-12-08,REG
BOS_MTL_2015-12-09,BOS,2015020417,away,3,6.0,0.0,2.0,3.0,3.0,0.0,1,2,2015-12-09,REG
BOS_MTL_2015-12-09,MTL,2015020417,home,1,1.0,0.0,7.0,1.0,2.0,1.0,0,2,2015-12-09,REG
SJS_EDM_2015-12-09,SJS,2015020419,away,3,3.0,0.0,2.0,1.0,1.0,2.0,0,2,2015-12-09,OT
SJS_EDM_2015-12-09,EDM,2015020419,home,4,2.0,0.0,3.0,3.0,4.0,0.0,1,2,2015-12-09,OT
PIT_COL_2015-12-09,PIT,2015020418,away,4,1.0,0.0,2.0,2.0,0.0,1.0,1,2,2015-12-09,REG
PIT_COL_2015-12-09,COL,2015020418,home,2,1.0,0.0,1.0,1.0,0.0,1.0,0,2,2015-12-09,REG
NYR_VAN_2015-12-09,NYR,2015020420,away,1,2.0,0.0,2.0,3.0,1.0,2.0,0,2,2015-12-09,REG
NYR_VAN_2015-12-09,VAN,2015020420,home,2,3.0,0.0,3.0,4.0,2.0,0.0,1,2,2015-12-09,REG
MTL_DET_2015-12-10,MTL,2015020421,away,2,3.0,0.0,3.0,3.0,0.0,0.0,0,2,2015-12-10,REG
MTL_DET_2015-12-10,DET,2015020421,home,3,4.0,1.0,7.0,1.0,2.0,1.0,1,2,2015-12-10,REG
OTT_TBL_2015-12-10,OTT,2015020422,away,1,3.0,0.0,3.0,1.0,2.0,0.0,0,2,2015-12-10,REG
OTT_TBL_2015-12-10,TBL,2015020422,home,4,3.0,0.0,3.0,4.0,3.0,0.0,1,2,2015-12-10,REG
WSH_FLA_2015-12-10,WSH,2015020423,away,1,2.0,0.0,7.0,3.0,0.0,1.0,0,2,2015-12-10,REG
WSH_FLA_2015-12-10,FLA,2015020423,home,4,0.0,0.0,2.0,1.0,0.0,1.0,1,2,2015-12-10,REG
PHI_STL_2015-12-10,PHI,2015020424,away,4,10.0,0.0,8.0,3.0,0.0,1.0,1,2,2015-12-10,REG
PHI_STL_2015-12-10,STL,2015020424,home,2,1.0,0.0,2.0,4.0,0.0,0.0,0,2,2015-12-10,REG
CBJ_WPG_2015-12-10,CBJ,2015020426,away,4,3.0,0.0,1.0,1.0,0.0,0.0,0,2,2015-12-10,REG
CBJ_WPG_2015-12-10,WPG,2015020426,home,6,4.0,0.0,1.0,1.0,1.0,1.0,1,2,2015-12-10,REG
CHI_NSH_2015-12-10,CHI,2015020425,away,1,0.0,0.0,4.0,2.0,1.0,1.0,0,2,2015-12-10,REG
CHI_NSH_2015-12-10,NSH,2015020425,home,5,0.0,1.0,5.0,3.0,3.0,0.0,1,2,2015-12-10,REG
BUF_CGY_2015-12-10,BUF,2015020427,away,3,1.0,0.0,8.0,6.0,0.0,1.0,0,2,2015-12-10,REG
BUF_CGY_2015-12-10,CGY,2015020427,home,4,0.0,0.0,8.0,1.0,2.0,0.0,1,2,2015-12-10,REG
DET_NJD_2015-12-11,DET,2015020428,away,2,3.0,0.0,1.0,1.0,1.0,0.0,0,2,2015-12-11,OT
DET_NJD_2015-12-11,NJD,2015020428,home,3,0.0,0.0,2.0,1.0,1.0,2.0,1,2,2015-12-11,OT
LAK_PIT_2015-12-11,LAK,2015020429,away,3,8.0,0.0,6.0,1.0,0.0,0.0,1,2,2015-12-11,SO
LAK_PIT_2015-12-11,PIT,2015020429,home,2,1.0,0.0,3.0,1.0,0.0,2.0,0,2,2015-12-11,SO
PHI_DAL_2015-12-11,PHI,2015020431,away,1,8.0,0.0,4.0,5.0,1.0,0.0,0,2,2015-12-11,REG
PHI_DAL_2015-12-11,DAL,2015020431,home,3,1.0,0.0,5.0,4.0,1.0,3.0,1,2,2015-12-11,REG
WPG_CHI_2015-12-11,WPG,2015020430,away,0,3.0,0.0,2.0,2.0,2.0,1.0,0,2,2015-12-11,REG
WPG_CHI_2015-12-11,CHI,2015020430,home,2,2.0,0.0,7.0,8.0,3.0,0.0,1,2,2015-12-11,REG
MIN_ARI_2015-12-11,MIN,2015020433,away,1,5.0,0.0,2.0,3.0,1.0,2.0,0,2,2015-12-11,OT
MIN_ARI_2015-12-11,ARI,2015020433,home,2,6.0,0.0,1.0,1.0,0.0,1.0,1,2,2015-12-11,OT
NYR_EDM_2015-12-11,NYR,2015020432,away,5,5.0,0.0,4.0,1.0,2.0,1.0,0,2,2015-12-11,REG
NYR_EDM_2015-12-11,EDM,2015020432,home,7,2.0,0.0,4.0,1.0,3.0,2.0,1,2,2015-12-11,REG
CAR_ANA_2015-12-11,CAR,2015020434,away,5,2.0,0.0,2.0,2.0,1.0,1.0,1,2,2015-12-11,REG
CAR_ANA_2015-12-11,ANA,2015020434,home,1,4.0,0.0,7.0,2.0,0.0,0.0,0,2,2015-12-11,REG
FLA_BOS_2015-12-12,FLA,2015020435,away,1,1.0,0.0,1.0,3.0,1.0,0.0,0,2,2015-12-12,REG
FLA_BOS_2015-12-12,BOS,2015020435,home,3,4.0,0.0,1.0,1.0,1.0,0.0,1,2,2015-12-12,REG
OTT_MTL_2015-12-12,OTT,2015020437,away,1,7.0,0.0,5.0,3.0,1.0,1.0,0,2,2015-12-12,REG
OTT_MTL_2015-12-12,MTL,2015020437,home,3,5.0,0.0,6.0,3.0,2.0,0.0,1,2,2015-12-12,REG
NYI_CBJ_2015-12-12,NYI,2015020439,away,3,1.0,0.0,5.0,0.0,1.0,1.0,1,2,2015-12-12,OT
NYI_CBJ_2015-12-12,CBJ,2015020439,home,2,4.0,0.0,3.0,1.0,1.0,0.0,0,2,2015-12-12,OT
LAK_BUF_2015-12-12,LAK,2015020436,away,1,4.0,0.0,2.0,3.0,1.0,1.0,0,2,2015-12-12,OT
LAK_BUF_2015-12-12,BUF,2015020436,home,2,4.0,0.0,2.0,5.0,2.0,0.0,1,2,2015-12-12,OT
WSH_TBL_2015-12-12,WSH,2015020438,away,2,4.0,0.0,3.0,8.0,0.0,0.0,1,2,2015-12-12,REG
WSH_TBL_2015-12-12,TBL,2015020438,home,1,3.0,0.0,1.0,4.0,0.0,0.0,0,2,2015-12-12,REG
DAL_STL_2015-12-12,DAL,2015020440,away,0,5.0,0.0,6.0,0.0,1.0,1.0,0,2,2015-12-12,REG
DAL_STL_2015-12-12,STL,2015020440,home,3,2.0,0.0,1.0,2.0,0.0,1.0,1,2,2015-12-12,REG
COL_NSH_2015-12-12,COL,2015020441,away,3,2.0,0.0,3.0,3.0,1.0,1.0,1,2,2015-12-12,REG
COL_NSH_2015-12-12,NSH,2015020441,home,2,2.0,0.0,4.0,1.0,1.0,1.0,0,2,2015-12-12,REG
CAR_ARI_2015-12-12,CAR,2015020442,away,5,4.0,0.0,3.0,2.0,1.0,1.0,1,2,2015-12-12,OT
CAR_ARI_2015-12-12,ARI,2015020442,home,4,2.0,0.0,5.0,3.0,0.0,0.0,0,2,2015-12-12,OT
NYR_CGY_2015-12-12,NYR,2015020443,away,4,0.0,0.0,2.0,3.0,1.0,0.0,0,2,2015-12-12,OT
NYR_CGY_2015-12-12,CGY,2015020443,home,5,1.0,0.0,2.0,4.0,3.0,0.0,1,2,2015-12-12,OT
MIN_SJS_2015-12-12,MIN,2015020444,away,2,3.0,0.0,1.0,0.0,1.0,0.0,1,2,2015-12-12,REG
MIN_SJS_2015-12-12,SJS,2015020444,home,0,5.0,0.0,3.0,1.0,4.0,3.0,0,2,2015-12-12,REG
NJD_NYI_2015-12-13,NJD,2015020445,away,0,1.0,0.0,3.0,3.0,1.0,3.0,0,2,2015-12-13,REG
NJD_NYI_2015-12-13,NYI,2015020445,home,4,1.0,0.0,5.0,1.0,1.0,1.0,1,2,2015-12-13,REG
COL_STL_2015-12-13,COL,2015020446,away,3,9.0,0.0,2.0,2.0,1.0,0.0,1,2,2015-12-13,REG
COL_STL_2015-12-13,STL,2015020446,home,1,3.0,0.0,0.0,0.0,0.0,0.0,0,2,2015-12-13,REG
VAN_CHI_2015-12-13,VAN,2015020447,away,0,5.0,0.0,2.0,2.0,0.0,0.0,0,2,2015-12-13,REG
VAN_CHI_2015-12-13,CHI,2015020447,home,4,1.0,1.0,5.0,4.0,1.0,0.0,1,2,2015-12-13,REG
WSH_PIT_2015-12-14,WSH,2015020449,away,4,7.0,0.0,7.0,5.0,1.0,0.0,1,2,2015-12-14,REG
WSH_PIT_2015-12-14,PIT,2015020449,home,1,2.0,0.0,1.0,2.0,0.0,2.0,0,2,2015-12-14,REG
TBL_CBJ_2015-12-14,TBL,2015020450,away,2,6.0,0.0,2.0,2.0,2.0,0.0,1,2,2015-12-14,REG
TBL_CBJ_2015-12-14,CBJ,2015020450,home,1,2.0,0.0,1.0,0.0,0.0,0.0,0,2,2015-12-14,REG
EDM_BOS_2015-12-14,EDM,2015020448,away,3,0.0,0.0,3.0,2.0,1.0,2.0,1,2,2015-12-14,OT
EDM_BOS_2015-12-14,BOS,2015020448,home,2,2.0,0.0,4.0,2.0,2.0,1.0,0,2,2015-12-14,OT
BUF_DET_2015-12-14,BUF,2015020452,away,2,3.0,0.0,4.0,1.0,0.0,2.0,1,2,2015-12-14,REG
BUF_DET_2015-12-14,DET,2015020452,home,1,6.0,0.0,1.0,0.0,1.0,1.0,0,2,2015-12-14,REG
LAK_OTT_2015-12-14,LAK,2015020451,away,3,5.0,0.0,4.0,3.0,1.0,1.0,0,2,2015-12-14,REG
LAK_OTT_2015-12-14,OTT,2015020451,home,5,2.0,0.0,3.0,0.0,0.0,0.0,1,2,2015-12-14,REG
EDM_NYR_2015-12-15,EDM,2015020455,away,2,0.0,1.0,2.0,3.0,5.0,1.0,0,2,2015-12-15,REG
EDM_NYR_2015-12-15,NYR,2015020455,home,4,4.0,0.0,3.0,1.0,3.0,0.0,1,2,2015-12-15,REG
NJD_BUF_2015-12-15,NJD,2015020453,away,2,1.0,0.0,3.0,2.0,0.0,1.0,1,2,2015-12-15,REG
NJD_BUF_2015-12-15,BUF,2015020453,home,0,5.0,0.0,2.0,0.0,1.0,0.0,0,2,2015-12-15,REG
CAR_PHI_2015-12-15,CAR,2015020456,away,3,1.0,0.0,2.0,1.0,1.0,0.0,0,2,2015-12-15,OT
CAR_PHI_2015-12-15,PHI,2015020456,home,4,10.0,0.0,5.0,2.0,0.0,0.0,1,2,2015-12-15,OT
FLA_NYI_2015-12-15,FLA,2015020454,away,5,1.0,0.0,0.0,3.0,1.0,2.0,1,2,2015-12-15,REG
FLA_NYI_2015-12-15,NYI,2015020454,home,1,0.0,0.0,5.0,0.0,2.0,0.0,0,2,2015-12-15,REG
SJS_MTL_2015-12-15,SJS,2015020458,away,3,5.0,0.0,5.0,2.0,1.0,1.0,1,2,2015-12-15,REG
SJS_MTL_2015-12-15,MTL,2015020458,home,1,2.0,0.0,2.0,3.0,2.0,1.0,0,2,2015-12-15,REG
TBL_TOR_2015-12-15,TBL,2015020457,away,5,2.0,0.0,1.0,3.0,0.0,0.0,1,2,2015-12-15,OT
TBL_TOR_2015-12-15,TOR,2015020457,home,4,1.0,0.0,4.0,3.0,2.0,1.0,0,2,2015-12-15,OT
CGY_NSH_2015-12-15,CGY,2015020459,away,2,5.0,0.0,2.0,4.0,1.0,0.0,1,2,2015-12-15,OT
CGY_NSH_2015-12-15,NSH,2015020459,home,1,3.0,0.0,4.0,3.0,0.0,0.0,0,2,2015-12-15,OT
STL_WPG_2015-12-15,STL,2015020461,away,4,2.0,0.0,2.0,4.0,0.0,0.0,1,2,2015-12-15,REG
STL_WPG_2015-12-15,WPG,2015020461,home,3,3.0,0.0,3.0,5.0,2.0,1.0,0,2,2015-12-15,REG
VAN_MIN_2015-12-15,VAN,2015020460,away,2,5.0,0.0,3.0,2.0,0.0,1.0,0,2,2015-12-15,REG
VAN_MIN_2015-12-15,MIN,2015020460,home,6,2.0,0.0,7.0,2.0,2.0,2.0,1,2,2015-12-15,REG
COL_CHI_2015-12-15,COL,2015020462,away,3,5.0,0.0,6.0,3.0,1.0,0.0,1,2,2015-12-15,REG
COL_CHI_2015-12-15,CHI,2015020462,home,0,2.0,0.0,3.0,3.0,1.0,0.0,0,2,2015-12-15,REG
CBJ_DAL_2015-12-15,CBJ,2015020463,away,1,3.0,0.0,4.0,1.0,2.0,0.0,0,2,2015-12-15,REG
CBJ_DAL_2015-12-15,DAL,2015020463,home,5,1.0,0.0,6.0,4.0,3.0,1.0,1,2,2015-12-15,REG
OTT_WSH_2015-12-16,OTT,2015020464,away,1,3.0,1.0,3.0,1.0,1.0,1.0,0,2,2015-12-16,REG
OTT_WSH_2015-12-16,WSH,2015020464,home,2,4.0,0.0,4.0,2.0,1.0,2.0,1,2,2015-12-16,REG
PIT_BOS_2015-12-16,PIT,2015020465,away,0,4.0,0.0,3.0,1.0,0.0,1.0,0,2,2015-12-16,REG
PIT_BOS_2015-12-16,BOS,2015020465,home,3,3.0,0.0,3.0,1.0,1.0,1.0,1,2,2015-12-16,REG
ANA_BUF_2015-12-17,ANA,2015020466,away,0,4.0,0.0,2.0,2.0,1.0,1.0,0,2,2015-12-17,REG
ANA_BUF_2015-12-17,BUF,2015020466,home,3,7.0,0.0,5.0,4.0,0.0,0.0,1,2,2015-12-17,REG
VAN_PHI_2015-12-17,VAN,2015020468,away,0,3.0,0.0,2.0,0.0,0.0,0.0,0,2,2015-12-17,REG
VAN_PHI_2015-12-17,PHI,2015020468,home,2,6.0,0.0,5.0,1.0,0.0,1.0,1,2,2015-12-17,REG
FLA_NJD_2015-12-17,FLA,2015020467,away,5,1.0,0.0,3.0,0.0,0.0,1.0,1,2,2015-12-17,REG
FLA_NJD_2015-12-17,NJD,2015020467,home,1,3.0,0.0,2.0,1.0,0.0,0.0,0,2,2015-12-17,REG
LAK_MTL_2015-12-17,LAK,2015020470,away,3,3.0,0.0,5.0,4.0,2.0,2.0,1,2,2015-12-17,REG
LAK_MTL_2015-12-17,MTL,2015020470,home,0,2.0,0.0,6.0,3.0,1.0,1.0,0,2,2015-12-17,REG
SJS_TOR_2015-12-17,SJS,2015020469,away,5,1.0,1.0,6.0,2.0,1.0,1.0,1,2,2015-12-17,OT
SJS_TOR_2015-12-17,TOR,2015020469,home,4,4.0,0.0,1.0,3.0,1.0,0.0,0,2,2015-12-17,OT
NYR_MIN_2015-12-17,NYR,2015020472,away,2,4.0,0.0,2.0,2.0,1.0,1.0,0,2,2015-12-17,REG
NYR_MIN_2015-12-17,MIN,2015020472,home,5,2.0,0.0,5.0,2.0,0.0,0.0,1,2,2015-12-17,REG
NSH_STL_2015-12-17,NSH,2015020471,away,1,2.0,0.0,5.0,2.0,0.0,1.0,0,2,2015-12-17,REG
NSH_STL_2015-12-17,STL,2015020471,home,2,2.0,0.0,4.0,2.0,0.0,0.0,1,2,2015-12-17,REG
CGY_DAL_2015-12-17,CGY,2015020474,away,3,3.0,0.0,5.0,5.0,0.0,1.0,1,2,2015-12-17,REG
CGY_DAL_2015-12-17,DAL,2015020474,home,1,3.0,0.0,3.0,1.0,1.0,0.0,0,2,2015-12-17,REG
EDM_CHI_2015-12-17,EDM,2015020473,away,0,4.0,0.0,3.0,4.0,0.0,1.0,0,2,2015-12-17,REG
EDM_CHI_2015-12-17,CHI,2015020473,home,4,4.0,0.0,3.0,2.0,0.0,0.0,1,2,2015-12-17,REG
NYI_COL_2015-12-17,NYI,2015020475,away,1,0.0,0.0,6.0,1.0,2.0,1.0,0,2,2015-12-17,REG
NYI_COL_2015-12-17,COL,2015020475,home,2,0.0,0.0,3.0,0.0,1.0,0.0,1,2,2015-12-17,REG
CBJ_ARI_2015-12-17,CBJ,2015020476,away,7,0.0,0.0,1.0,4.0,0.0,0.0,1,2,2015-12-17,REG
CBJ_ARI_2015-12-17,ARI,2015020476,home,5,6.0,0.0,4.0,2.0,1.0,0.0,0,2,2015-12-17,REG
BOS_PIT_2015-12-18,BOS,2015020477,away,6,6.0,0.0,1.0,1.0,1.0,0.0,1,2,2015-12-18,REG
BOS_PIT_2015-12-18,PIT,2015020477,home,2,4.0,0.0,2.0,5.0,2.0,0.0,0,2,2015-12-18,REG
FLA_CAR_2015-12-18,FLA,2015020479,away,2,1.0,0.0,2.0,2.0,0.0,0.0,1,2,2015-12-18,REG
FLA_CAR_2015-12-18,CAR,2015020479,home,0,4.0,0.0,2.0,1.0,0.0,1.0,0,2,2015-12-18,REG
TBL_WSH_2015-12-18,TBL,2015020478,away,3,5.0,0.0,0.0,0.0,1.0,0.0,0,2,2015-12-18,REG
TBL_WSH_2015-12-18,WSH,2015020478,home,5,5.0,2.0,9.0,3.0,2.0,0.0,1,2,2015-12-18,REG
SJS_OTT_2015-12-18,SJS,2015020480,away,2,5.0,0.0,3.0,2.0,0.0,1.0,0,2,2015-12-18,REG
SJS_OTT_2015-12-18,OTT,2015020480,home,4,1.0,0.0,3.0,0.0,2.0,0.0,1,2,2015-12-18,REG
VAN_DET_2015-12-18,VAN,2015020481,away,4,0.0,0.0,2.0,0.0,1.0,0.0,1,2,2015-12-18,SO
VAN_DET_2015-12-18,DET,2015020481,home,3,4.0,0.0,0.0,0.0,1.0,0.0,0,2,2015-12-18,SO
NYR_WPG_2015-12-18,NYR,2015020482,away,2,3.0,0.0,3.0,3.0,2.0,0.0,0,2,2015-12-18,REG
NYR_WPG_2015-12-18,WPG,2015020482,home,5,4.0,0.0,3.0,2.0,1.0,0.0,1,2,2015-12-18,REG
CHI_BUF_2015-12-19,CHI,2015020483,away,3,1.0,0.0,1.0,3.0,0.0,0.0,1,2,2015-12-19,SO
CHI_BUF_2015-12-19,BUF,2015020483,home,2,5.0,0.0,4.0,2.0,1.0,1.0,0,2,2015-12-19,SO
CGY_STL_2015-12-19,CGY,2015020484,away,2,5.0,0.0,6.0,1.0,0.0,2.0,0,2,2015-12-19,REG
CGY_STL_2015-12-19,STL,2015020484,home,3,1.0,0.0,2.0,2.0,0.0,1.0,1,2,2015-12-19,REG
LAK_TOR_2015-12-19,LAK,2015020485,away,0,7.0,0.0,1.0,2.0,4.0,0.0,0,2,2015-12-19,REG
LAK_TOR_2015-12-19,TOR,2015020485,home,5,3.0,0.0,3.0,0.0,0.0,1.0,1,2,2015-12-19,REG
MTL_DAL_2015-12-19,MTL,2015020489,away,2,1.0,0.0,2.0,2.0,0.0,0.0,0,2,2015-12-19,REG
MTL_DAL_2015-12-19,DAL,2015020489,home,6,2.0,1.0,2.0,3.0,2.0,2.0,1,2,2015-12-19,REG
CAR_PIT_2015-12-19,CAR,2015020487,away,2,2.0,1.0,4.0,1.0,1.0,0.0,1,2,2015-12-19,REG
CAR_PIT_2015-12-19,PIT,2015020487,home,1,0.0,0.0,4.0,0.0,0.0,0.0,0,2,2015-12-19,REG
PHI_CBJ_2015-12-19,PHI,2015020488,away,2,8.0,0.0,3.0,1.0,0.0,2.0,0,2,2015-12-19,SO
PHI_CBJ_2015-12-19,CBJ,2015020488,home,3,2.0,0.0,1.0,2.0,0.0,0.0,1,2,2015-12-19,SO
ANA_NJD_2015-12-19,ANA,2015020486,away,2,3.0,0.0,2.0,1.0,1.0,0.0,1,2,2015-12-19,REG
ANA_NJD_2015-12-19,NJD,2015020486,home,1,3.0,0.0,1.0,1.0,1.0,0.0,0,2,2015-12-19,REG
MIN_NSH_2015-12-19,MIN,2015020490,away,2,0.0,0.0,1.0,2.0,0.0,1.0,0,2,2015-12-19,REG
MIN_NSH_2015-12-19,NSH,2015020490,home,3,0.0,0.0,8.0,3.0,1.0,0.0,1,2,2015-12-19,REG
NYI_ARI_2015-12-19,NYI,2015020491,away,0,4.0,0.0,2.0,2.0,1.0,1.0,0,2,2015-12-19,REG
NYI_ARI_2015-12-19,ARI,2015020491,home,1,4.0,0.0,4.0,4.0,0.0,1.0,1,2,2015-12-19,REG
EDM_COL_2015-12-19,EDM,2015020492,away,1,3.0,0.0,9.0,5.0,1.0,0.0,0,2,2015-12-19,REG
EDM_COL_2015-12-19,COL,2015020492,home,5,11.0,0.0,3.0,3.0,0.0,2.0,1,2,2015-12-19,REG
VAN_FLA_2015-12-20,VAN,2015020493,away,4,1.0,0.0,0.0,0.0,0.0,0.0,0,2,2015-12-20,SO
VAN_FLA_2015-12-20,FLA,2015020493,home,5,1.0,0.0,4.0,0.0,0.0,0.0,1,2,2015-12-20,SO
OTT_TBL_2015-12-20,OTT,2015020495,away,2,3.0,0.0,0.0,0.0,0.0,0.0,0,2,2015-12-20,REG
OTT_TBL_2015-12-20,TBL,2015020495,home,5,1.0,0.0,1.0,0.0,2.0,1.0,1,2,2015-12-20,REG
NJD_BOS_2015-12-20,NJD,2015020494,away,1,5.0,0.0,9.0,1.0,1.0,2.0,0,2,2015-12-20,SO
NJD_BOS_2015-12-20,BOS,2015020494,home,2,4.0,0.0,7.0,1.0,2.0,1.0,1,2,2015-12-20,SO
WSH_NYR_2015-12-20,WSH,2015020497,away,7,7.0,1.0,6.0,1.0,0.0,2.0,1,2,2015-12-20,REG
WSH_NYR_2015-12-20,NYR,2015020497,home,3,4.0,0.0,1.0,2.0,1.0,4.0,0,2,2015-12-20,REG
CGY_DET_2015-12-20,CGY,2015020496,away,2,5.0,0.0,1.0,3.0,2.0,0.0,0,2,2015-12-20,REG
CGY_DET_2015-12-20,DET,2015020496,home,4,6.0,0.0,3.0,3.0,4.0,0.0,1,2,2015-12-20,REG
SJS_CHI_2015-12-20,SJS,2015020498,away,3,14.0,0.0,3.0,3.0,0.0,0.0,0,2,2015-12-20,OT
SJS_CHI_2015-12-20,CHI,2015020498,home,4,2.0,0.0,3.0,3.0,2.0,0.0,1,2,2015-12-20,OT
CBJ_PIT_2015-12-21,CBJ,2015020501,away,2,1.0,0.0,2.0,0.0,0.0,0.0,0,2,2015-12-21,REG
CBJ_PIT_2015-12-21,PIT,2015020501,home,5,5.0,0.0,4.0,2.0,0.0,0.0,1,2,2015-12-21,REG
STL_PHI_2015-12-21,STL,2015020500,away,3,2.0,0.0,1.0,1.0,0.0,0.0,0,2,2015-12-21,REG
STL_PHI_2015-12-21,PHI,2015020500,home,4,10.0,0.0,3.0,1.0,1.0,0.0,1,2,2015-12-21,REG
WSH_CAR_2015-12-21,WSH,2015020502,away,2,2.0,0.0,4.0,10.0,1.0,2.0,1,2,2015-12-21,REG
WSH_CAR_2015-12-21,CAR,2015020502,home,1,2.0,0.0,3.0,0.0,1.0,1.0,0,2,2015-12-21,REG
ANA_NYI_2015-12-21,ANA,2015020499,away,2,4.0,0.0,3.0,3.0,0.0,0.0,0,2,2015-12-21,REG
ANA_NYI_2015-12-21,NYI,2015020499,home,5,0.0,0.0,2.0,2.0,1.0,2.0,1,2,2015-12-21,REG
MTL_NSH_2015-12-21,MTL,2015020503,away,1,3.0,0.0,3.0,0.0,0.0,0.0,0,2,2015-12-21,REG
MTL_NSH_2015-12-21,NSH,2015020503,home,5,2.0,0.0,2.0,3.0,4.0,1.0,1,2,2015-12-21,REG
DAL_MIN_2015-12-21,DAL,2015020504,away,6,2.0,0.0,2.0,0.0,0.0,0.0,1,2,2015-12-21,REG
DAL_MIN_2015-12-21,MIN,2015020504,home,3,2.0,0.0,6.0,1.0,1.0,1.0,0,2,2015-12-21,REG
TOR_COL_2015-12-21,TOR,2015020505,away,7,4.0,0.0,0.0,0.0,0.0,0.0,1,2,2015-12-21,REG
TOR_COL_2015-12-21,COL,2015020505,home,4,2.0,0.0,2.0,2.0,0.0,0.0,0,2,2015-12-21,REG
WPG_EDM_2015-12-21,WPG,2015020506,away,1,3.0,0.0,1.0,2.0,1.0,1.0,0,2,2015-12-21,REG
WPG_EDM_2015-12-21,EDM,2015020506,home,3,0.0,0.0,2.0,8.0,4.0,1.0,1,2,2015-12-21,REG
ANA_NYR_2015-12-22,ANA,2015020508,away,2,1.0,0.0,0.0,1.0,0.0,0.0,0,2,2015-12-22,OT
ANA_NYR_2015-12-22,NYR,2015020508,home,3,5.0,0.0,1.0,1.0,1.0,1.0,1,2,2015-12-22,OT
STL_BOS_2015-12-22,STL,2015020507,away,2,3.0,0.0,1.0,1.0,1.0,1.0,1,2,2015-12-22,REG
STL_BOS_2015-12-22,BOS,2015020507,home,0,10.0,0.0,5.0,1.0,1.0,1.0,0,2,2015-12-22,REG
OTT_FLA_2015-12-22,OTT,2015020511,away,1,8.0,0.0,3.0,2.0,0.0,0.0,0,2,2015-12-22,SO
OTT_FLA_2015-12-22,FLA,2015020511,home,2,4.0,0.0,7.0,0.0,1.0,2.0,1,2,2015-12-22,SO
VAN_TBL_2015-12-22,VAN,2015020510,away,2,0.0,0.0,1.0,1.0,0.0,0.0,1,2,2015-12-22,REG
VAN_TBL_2015-12-22,TBL,2015020510,home,1,3.0,0.0,0.0,1.0,0.0,0.0,0,2,2015-12-22,REG
NJD_DET_2015-12-22,NJD,2015020509,away,4,1.0,0.0,1.0,1.0,0.0,0.0,1,2,2015-12-22,REG
NJD_DET_2015-12-22,DET,2015020509,home,3,10.0,0.0,4.0,0.0,2.0,0.0,0,2,2015-12-22,REG
MTL_MIN_2015-12-22,MTL,2015020512,away,1,3.0,0.0,1.0,3.0,0.0,0.0,0,2,2015-12-22,REG
MTL_MIN_2015-12-22,MIN,2015020512,home,2,3.0,0.0,5.0,0.0,0.0,0.0,1,2,2015-12-22,REG
CHI_DAL_2015-12-22,CHI,2015020513,away,0,1.0,0.0,2.0,4.0,4.0,0.0,0,2,2015-12-22,REG
CHI_DAL_2015-12-22,DAL,2015020513,home,4,6.0,0.0,3.0,0.0,2.0,4.0,1,2,2015-12-22,REG
WPG_CGY_2015-12-22,WPG,2015020514,away,1,2.0,0.0,0.0,2.0,3.0,1.0,0,2,2015-12-22,REG
WPG_CGY_2015-12-22,CGY,2015020514,home,4,2.0,0.0,2.0,3.0,4.0,1.0,1,2,2015-12-22,REG
TOR_ARI_2015-12-22,TOR,2015020515,away,2,8.0,0.0,3.0,1.0,0.0,0.0,0,2,2015-12-22,REG
TOR_ARI_2015-12-22,ARI,2015020515,home,3,2.0,0.0,4.0,2.0,0.0,1.0,1,2,2015-12-22,REG
SJS_LAK_2015-12-22,SJS,2015020516,away,5,5.0,2.0,4.0,1.0,1.0,0.0,1,2,2015-12-22,REG
SJS_LAK_2015-12-22,LAK,2015020516,home,3,3.0,0.0,3.0,0.0,0.0,1.0,0,2,2015-12-22,REG
MTL_WSH_2015-12-26,MTL,2015020519,away,1,0.0,0.0,3.0,1.0,0.0,0.0,0,2,2015-12-26,REG
MTL_WSH_2015-12-26,WSH,2015020519,home,3,4.0,0.0,5.0,3.0,2.0,1.0,1,2,2015-12-26,REG
BUF_BOS_2015-12-26,BUF,2015020517,away,6,2.0,0.0,6.0,0.0,0.0,1.0,1,2,2015-12-26,REG
BUF_BOS_2015-12-26,BOS,2015020517,home,3,4.0,0.0,3.0,0.0,3.0,0.0,0,2,2015-12-26,REG
NJD_CAR_2015-12-26,NJD,2015020520,away,1,3.0,0.0,3.0,1.0,0.0,1.0,0,2,2015-12-26,REG
NJD_CAR_2015-12-26,CAR,2015020520,home,3,2.0,0.0,1.0,4.0,3.0,0.0,1,2,2015-12-26,REG
CBJ_TBL_2015-12-26,CBJ,2015020518,away,2,2.0,0.0,0.0,2.0,0.0,1.0,0,2,2015-12-26,REG
CBJ_TBL_2015-12-26,TBL,2015020518,home,5,4.0,0.0,1.0,2.0,1.0,0.0,1,2,2015-12-26,REG
PIT_MIN_2015-12-26,PIT,2015020523,away,3,1.0,0.0,2.0,1.0,0.0,2.0,1,2,2015-12-26,REG
PIT_MIN_2015-12-26,MIN,2015020523,home,1,2.0,0.0,4.0,2.0,1.0,3.0,0,2,2015-12-26,REG
DAL_STL_2015-12-26,DAL,2015020521,away,2,1.0,0.0,1.0,3.0,0.0,1.0,0,2,2015-12-26,SO
DAL_STL_2015-12-26,STL,2015020521,home,3,0.0,0.0,3.0,0.0,0.0,0.0,1,2,2015-12-26,SO
DET_NSH_2015-12-26,DET,2015020522,away,3,6.0,0.0,3.0,5.0,1.0,1.0,1,2,2015-12-26,REG
DET_NSH_2015-12-26,NSH,2015020522,home,2,0.0,0.0,6.0,0.0,2.0,1.0,0,2,2015-12-26,REG
LAK_ARI_2015-12-26,LAK,2015020524,away,4,0.0,0.0,5.0,6.0,1.0,1.0,1,2,2015-12-26,OT
LAK_ARI_2015-12-26,ARI,2015020524,home,3,2.0,0.0,3.0,2.0,0.0,1.0,0,2,2015-12-26,OT
EDM_VAN_2015-12-26,EDM,2015020525,away,1,0.0,0.0,8.0,1.0,0.0,0.0,0,2,2015-12-26,OT
EDM_VAN_2015-12-26,VAN,2015020525,home,2,0.0,0.0,3.0,1.0,1.0,0.0,1,2,2015-12-26,OT
BOS_OTT_2015-12-27,BOS,2015020526,away,1,4.0,0.0,4.0,1.0,2.0,0.0,0,2,2015-12-27,REG
BOS_OTT_2015-12-27,OTT,2015020526,home,3,7.0,0.0,2.0,1.0,3.0,0.0,1,2,2015-12-27,REG
STL_DAL_2015-12-27,STL,2015020529,away,0,2.0,0.0,2.0,3.0,2.0,0.0,0,2,2015-12-27,REG
STL_DAL_2015-12-27,DAL,2015020529,home,3,0.0,1.0,6.0,0.0,2.0,0.0,1,2,2015-12-27,REG
CBJ_FLA_2015-12-27,CBJ,2015020527,away,2,3.0,0.0,1.0,1.0,0.0,0.0,0,2,2015-12-27,REG
CBJ_FLA_2015-12-27,FLA,2015020527,home,3,4.0,0.0,8.0,0.0,2.0,1.0,1,2,2015-12-27,REG
TOR_NYI_2015-12-27,TOR,2015020528,away,3,1.0,0.0,4.0,5.0,2.0,0.0,1,2,2015-12-27,REG
TOR_NYI_2015-12-27,NYI,2015020528,home,1,1.0,0.0,2.0,2.0,1.0,1.0,0,2,2015-12-27,REG
CAR_CHI_2015-12-27,CAR,2015020530,away,2,5.0,0.0,3.0,2.0,0.0,1.0,1,2,2015-12-27,REG
CAR_CHI_2015-12-27,CHI,2015020530,home,1,5.0,0.0,4.0,1.0,0.0,0.0,0,2,2015-12-27,REG
ARI_COL_2015-12-27,ARI,2015020532,away,2,4.0,0.0,8.0,4.0,0.0,1.0,1,2,2015-12-27,OT
ARI_COL_2015-12-27,COL,2015020532,home,1,5.0,0.0,4.0,0.0,1.0,1.0,0,2,2015-12-27,OT
PHI_ANA_2015-12-27,PHI,2015020533,away,2,4.0,0.0,4.0,1.0,1.0,0.0,0,2,2015-12-27,REG
PHI_ANA_2015-12-27,ANA,2015020533,home,4,3.0,0.0,3.0,1.0,1.0,0.0,1,2,2015-12-27,REG
PIT_WPG_2015-12-27,PIT,2015020531,away,0,0.0,0.0,2.0,2.0,1.0,0.0,0,2,2015-12-27,REG
PIT_WPG_2015-12-27,WPG,2015020531,home,1,3.0,0.0,0.0,3.0,0.0,0.0,1,2,2015-12-27,REG
EDM_CGY_2015-12-27,EDM,2015020534,away,3,1.0,0.0,6.0,2.0,1.0,0.0,0,2,2015-12-27,REG
EDM_CGY_2015-12-27,CGY,2015020534,home,5,0.0,0.0,2.0,7.0,1.0,1.0,1,2,2015-12-27,REG
WSH_BUF_2015-12-28,WSH,2015020535,away,2,5.0,0.0,5.0,4.0,3.0,0.0,1,2,2015-12-28,REG
WSH_BUF_2015-12-28,BUF,2015020535,home,0,6.0,0.0,4.0,1.0,0.0,2.0,0,2,2015-12-28,REG
MTL_TBL_2015-12-28,MTL,2015020536,away,4,4.0,0.0,6.0,3.0,2.0,0.0,1,2,2015-12-28,SO
MTL_TBL_2015-12-28,TBL,2015020536,home,3,2.0,0.0,5.0,1.0,0.0,0.0,0,2,2015-12-28,SO
NYR_NSH_2015-12-28,NYR,2015020537,away,3,5.0,0.0,3.0,1.0,1.0,0.0,0,2,2015-12-28,REG
NYR_NSH_2015-12-28,NSH,2015020537,home,5,2.0,1.0,4.0,0.0,3.0,2.0,1,2,2015-12-28,REG
DET_MIN_2015-12-28,DET,2015020538,away,1,3.0,0.0,3.0,1.0,0.0,0.0,0,2,2015-12-28,REG
DET_MIN_2015-12-28,MIN,2015020538,home,3,1.0,0.0,7.0,0.0,0.0,1.0,1,2,2015-12-28,REG
LAK_VAN_2015-12-28,LAK,2015020539,away,5,2.0,0.0,5.0,1.0,1.0,0.0,1,2,2015-12-28,REG
LAK_VAN_2015-12-28,VAN,2015020539,home,0,1.0,0.0,1.0,1.0,0.0,0.0,0,2,2015-12-28,REG
COL_SJS_2015-12-28,COL,2015020540,away,6,4.0,0.0,2.0,2.0,1.0,0.0,1,2,2015-12-28,REG
COL_SJS_2015-12-28,SJS,2015020540,home,3,2.0,0.0,2.0,0.0,2.0,0.0,0,2,2015-12-28,REG
DAL_CBJ_2015-12-29,DAL,2015020544,away,3,1.0,0.0,9.0,1.0,0.0,0.0,0,2,2015-12-29,REG
DAL_CBJ_2015-12-29,CBJ,2015020544,home,6,2.0,0.0,3.0,2.0,0.0,0.0,1,2,2015-12-29,REG
NYI_TOR_2015-12-29,NYI,2015020542,away,6,0.0,0.0,1.0,1.0,3.0,2.0,1,2,2015-12-29,REG
NYI_TOR_2015-12-29,TOR,2015020542,home,3,4.0,0.0,3.0,2.0,0.0,1.0,0,2,2015-12-29,REG
OTT_BOS_2015-12-29,OTT,2015020541,away,3,6.0,0.0,2.0,0.0,3.0,0.0,0,2,2015-12-29,REG
OTT_BOS_2015-12-29,BOS,2015020541,home,7,1.0,1.0,8.0,2.0,2.0,0.0,1,2,2015-12-29,REG
CAR_NJD_2015-12-29,CAR,2015020543,away,2,2.0,0.0,1.0,0.0,0.0,1.0,0,2,2015-12-29,REG
CAR_NJD_2015-12-29,NJD,2015020543,home,3,2.0,0.0,4.0,2.0,0.0,1.0,1,2,2015-12-29,REG
MTL_FLA_2015-12-29,MTL,2015020545,away,1,2.0,0.0,2.0,3.0,0.0,0.0,0,2,2015-12-29,REG
MTL_FLA_2015-12-29,FLA,2015020545,home,3,3.0,0.0,5.0,0.0,1.0,1.0,1,2,2015-12-29,REG
NSH_STL_2015-12-29,NSH,2015020546,away,3,4.0,0.0,1.0,4.0,0.0,0.0,0,2,2015-12-29,OT
NSH_STL_2015-12-29,STL,2015020546,home,4,0.0,0.0,1.0,2.0,1.0,2.0,1,2,2015-12-29,OT
DET_WPG_2015-12-29,DET,2015020547,away,1,1.0,0.0,5.0,1.0,1.0,0.0,0,2,2015-12-29,REG
DET_WPG_2015-12-29,WPG,2015020547,home,4,3.0,0.0,1.0,1.0,1.0,1.0,1,2,2015-12-29,REG
ANA_CGY_2015-12-29,ANA,2015020548,away,1,2.0,0.0,4.0,4.0,0.0,2.0,1,2,2015-12-29,REG
ANA_CGY_2015-12-29,CGY,2015020548,home,0,2.0,0.0,1.0,5.0,3.0,1.0,0,2,2015-12-29,REG
LAK_EDM_2015-12-29,LAK,2015020549,away,5,1.0,0.0,2.0,4.0,0.0,2.0,1,2,2015-12-29,REG
LAK_EDM_2015-12-29,EDM,2015020549,home,2,3.0,0.0,6.0,8.0,0.0,1.0,0,2,2015-12-29,REG
CHI_ARI_2015-12-29,CHI,2015020550,away,7,2.0,1.0,5.0,1.0,0.0,2.0,1,2,2015-12-29,REG
CHI_ARI_2015-12-29,ARI,2015020550,home,5,1.0,0.0,6.0,0.0,1.0,0.0,0,2,2015-12-29,REG
BUF_WSH_2015-12-30,BUF,2015020552,away,2,1.0,0.0,6.0,4.0,1.0,2.0,0,2,2015-12-30,REG
BUF_WSH_2015-12-30,WSH,2015020552,home,5,7.0,0.0,12.0,1.0,2.0,2.0,1,2,2015-12-30,REG
TOR_PIT_2015-12-30,TOR,2015020551,away,3,2.0,0.0,1.0,3.0,0.0,0.0,1,2,2015-12-30,SO
TOR_PIT_2015-12-30,PIT,2015020551,home,2,3.0,0.0,1.0,5.0,2.0,0.0,0,2,2015-12-30,SO
NJD_OTT_2015-12-30,NJD,2015020553,away,3,2.0,0.0,0.0,3.0,2.0,0.0,1,2,2015-12-30,REG
NJD_OTT_2015-12-30,OTT,2015020553,home,0,7.0,0.0,1.0,1.0,3.0,2.0,0,2,2015-12-30,REG
NYR_TBL_2015-12-30,NYR,2015020554,away,5,6.0,0.0,1.0,1.0,2.0,1.0,1,2,2015-12-30,REG
NYR_TBL_2015-12-30,TBL,2015020554,home,2,4.0,0.0,4.0,3.0,1.0,0.0,0,2,2015-12-30,REG
PHI_SJS_2015-12-30,PHI,2015020555,away,2,7.0,0.0,2.0,1.0,0.0,1.0,0,2,2015-12-30,REG
PHI_SJS_2015-12-30,SJS,2015020555,home,4,5.0,1.0,6.0,1.0,4.0,0.0,1,2,2015-12-30,REG
WSH_CAR_2015-12-31,WSH,2015020558,away,2,9.0,0.0,8.0,0.0,2.0,3.0,0,2,2015-12-31,REG
WSH_CAR_2015-12-31,CAR,2015020558,home,4,5.0,0.0,2.0,1.0,4.0,1.0,1,2,2015-12-31,REG
PIT_DET_2015-12-31,PIT,2015020557,away,5,5.0,0.0,3.0,4.0,0.0,0.0,1,2,2015-12-31,REG
PIT_DET_2015-12-31,DET,2015020557,home,2,6.0,0.0,3.0,0.0,3.0,1.0,0,2,2015-12-31,REG
NYI_BUF_2015-12-31,NYI,2015020556,away,2,0.0,0.0,2.0,3.0,1.0,0.0,1,2,2015-12-31,REG
NYI_BUF_2015-12-31,BUF,2015020556,home,1,1.0,0.0,8.0,2.0,0.0,0.0,0,2,2015-12-31,REG
MIN_STL_2015-12-31,MIN,2015020559,away,3,0.0,0.0,5.0,1.0,0.0,2.0,1,2,2015-12-31,REG
MIN_STL_2015-12-31,STL,2015020559,home,1,2.0,0.0,0.0,0.0,0.0,1.0,0,2,2015-12-31,REG
CHI_COL_2015-12-31,CHI,2015020560,away,4,2.0,0.0,7.0,4.0,0.0,0.0,1,2,2015-12-31,OT
CHI_COL_2015-12-31,COL,2015020560,home,3,2.0,0.0,2.0,5.0,0.0,1.0,0,2,2015-12-31,OT
NSH_DAL_2015-12-31,NSH,2015020561,away,1,4.0,0.0,4.0,3.0,0.0,1.0,0,2,2015-12-31,REG
NSH_DAL_2015-12-31,DAL,2015020561,home,5,2.0,0.0,7.0,1.0,1.0,1.0,1,2,2015-12-31,REG
LAK_CGY_2015-12-31,LAK,2015020562,away,4,2.0,0.0,2.0,3.0,1.0,0.0,1,2,2015-12-31,REG
LAK_CGY_2015-12-31,CGY,2015020562,home,1,3.0,0.0,2.0,5.0,1.0,0.0,0,2,2015-12-31,REG
ANA_EDM_2015-12-31,ANA,2015020563,away,1,2.0,0.0,2.0,1.0,3.0,1.0,1,2,2015-12-31,REG
ANA_EDM_2015-12-31,EDM,2015020563,home,0,3.0,0.0,6.0,6.0,4.0,1.0,0,2,2015-12-31,REG
WPG_ARI_2015-12-31,WPG,2015020564,away,2,2.0,0.0,5.0,2.0,0.0,1.0,0,2,2015-12-31,REG
WPG_ARI_2015-12-31,ARI,2015020564,home,4,1.0,0.0,6.0,4.0,0.0,1.0,1,2,2015-12-31,REG
MTL_BOS_2016-01-01,MTL,2015020565,away,5,0.0,0.0,6.0,2.0,0.0,0.0,1,2,2016-01-01,REG
MTL_BOS_2016-01-01,BOS,2015020565,home,1,4.0,0.0,3.0,2.0,0.0,0.0,0,2,2016-01-01,REG
ANA_VAN_2016-01-01,ANA,2015020566,away,1,1.0,0.0,2.0,0.0,2.0,1.0,0,2,2016-01-01,SO
ANA_VAN_2016-01-01,VAN,2015020566,home,2,2.0,0.0,2.0,1.0,1.0,0.0,1,2,2016-01-01,SO
DET_BUF_2016-01-02,DET,2015020567,away,4,1.0,0.0,2.0,1.0,1.0,1.0,1,2,2016-01-02,REG
DET_BUF_2016-01-02,BUF,2015020567,home,3,3.0,0.0,5.0,2.0,0.0,0.0,0,2,2016-01-02,REG
ARI_EDM_2016-01-02,ARI,2015020568,away,3,6.0,0.0,4.0,3.0,2.0,1.0,0,2,2016-01-02,SO
ARI_EDM_2016-01-02,EDM,2015020568,home,4,1.0,0.0,11.0,3.0,1.0,4.0,1,2,2016-01-02,SO
PHI_LAK_2016-01-02,PHI,2015020569,away,1,11.0,1.0,3.0,5.0,1.0,0.0,0,2,2016-01-02,REG
PHI_LAK_2016-01-02,LAK,2015020569,home,2,1.0,0.0,2.0,3.0,3.0,0.0,1,2,2016-01-02,REG
STL_TOR_2016-01-02,STL,2015020570,away,1,3.0,0.0,1.0,3.0,0.0,1.0,0,2,2016-01-02,REG
STL_TOR_2016-01-02,TOR,2015020570,home,4,3.0,0.0,1.0,2.0,0.0,1.0,1,2,2016-01-02,REG
NYR_FLA_2016-01-02,NYR,2015020572,away,0,7.0,0.0,2.0,1.0,0.0,1.0,0,2,2016-01-02,REG
NYR_FLA_2016-01-02,FLA,2015020572,home,3,1.0,0.0,3.0,2.0,1.0,0.0,1,2,2016-01-02,REG
MIN_TBL_2016-01-02,MIN,2015020571,away,2,8.0,0.0,4.0,1.0,0.0,1.0,0,2,2016-01-02,SO
MIN_TBL_2016-01-02,TBL,2015020571,home,3,4.0,0.0,6.0,1.0,0.0,2.0,1,2,2016-01-02,SO
NSH_CAR_2016-01-02,NSH,2015020575,away,2,4.0,0.0,1.0,0.0,3.0,1.0,1,2,2016-01-02,OT
NSH_CAR_2016-01-02,CAR,2015020575,home,1,3.0,0.0,3.0,0.0,1.0,2.0,0,2,2016-01-02,OT
NYI_PIT_2016-01-02,NYI,2015020574,away,2,0.0,0.0,4.0,0.0,2.0,1.0,0,2,2016-01-02,REG
NYI_PIT_2016-01-02,PIT,2015020574,home,5,2.0,0.0,3.0,5.0,0.0,0.0,1,2,2016-01-02,REG
DAL_NJD_2016-01-02,DAL,2015020573,away,2,1.0,0.0,4.0,0.0,1.0,0.0,0,2,2016-01-02,OT
DAL_NJD_2016-01-02,NJD,2015020573,home,3,3.0,1.0,5.0,1.0,1.0,0.0,1,2,2016-01-02,OT
WSH_CBJ_2016-01-02,WSH,2015020576,away,4,0.0,0.0,10.0,2.0,2.0,1.0,0,2,2016-01-02,SO
WSH_CBJ_2016-01-02,CBJ,2015020576,home,5,1.0,2.0,5.0,9.0,0.0,0.0,1,2,2016-01-02,SO
WPG_SJS_2016-01-02,WPG,2015020578,away,4,8.0,0.0,2.0,4.0,1.0,0.0,1,2,2016-01-02,REG
WPG_SJS_2016-01-02,SJS,2015020578,home,1,2.0,0.0,4.0,2.0,3.0,0.0,0,2,2016-01-02,REG
CGY_COL_2016-01-02,CGY,2015020577,away,4,1.0,0.0,2.0,4.0,1.0,0.0,1,2,2016-01-02,REG
CGY_COL_2016-01-02,COL,2015020577,home,0,5.0,0.0,1.0,2.0,0.0,1.0,0,2,2016-01-02,REG
DAL_NYI_2016-01-03,DAL,2015020579,away,5,2.0,0.0,8.0,1.0,0.0,0.0,0,2,2016-01-03,REG
DAL_NYI_2016-01-03,NYI,2015020579,home,6,1.0,0.0,2.0,1.0,1.0,1.0,1,2,2016-01-03,REG
MIN_FLA_2016-01-03,MIN,2015020580,away,1,5.0,0.0,4.0,2.0,0.0,0.0,0,2,2016-01-03,REG
MIN_FLA_2016-01-03,FLA,2015020580,home,2,2.0,0.0,5.0,0.0,2.0,0.0,1,2,2016-01-03,REG
OTT_CHI_2016-01-03,OTT,2015020581,away,0,4.0,0.0,0.0,0.0,0.0,0.0,0,2,2016-01-03,REG
OTT_CHI_2016-01-03,CHI,2015020581,home,3,2.0,0.0,7.0,7.0,0.0,0.0,1,2,2016-01-03,REG
WPG_ANA_2016-01-03,WPG,2015020582,away,1,9.0,0.0,2.0,0.0,2.0,0.0,0,2,2016-01-03,REG
WPG_ANA_2016-01-03,ANA,2015020582,home,4,0.0,1.0,5.0,2.0,2.0,0.0,1,2,2016-01-03,REG
DET_NJD_2016-01-04,DET,2015020583,away,1,5.0,0.0,4.0,3.0,1.0,0.0,1,2,2016-01-04,REG
DET_NJD_2016-01-04,NJD,2015020583,home,0,2.0,0.0,5.0,1.0,1.0,1.0,0,2,2016-01-04,REG
OTT_STL_2016-01-04,OTT,2015020584,away,3,3.0,1.0,6.0,3.0,1.0,0.0,1,2,2016-01-04,OT
OTT_STL_2016-01-04,STL,2015020584,home,2,0.0,0.0,1.0,0.0,0.0,0.0,0,2,2016-01-04,OT
CAR_EDM_2016-01-04,CAR,2015020586,away,0,3.0,0.0,5.0,4.0,1.0,0.0,0,2,2016-01-04,OT
CAR_EDM_2016-01-04,EDM,2015020586,home,1,4.0,0.0,6.0,3.0,3.0,2.0,1,2,2016-01-04,OT
LAK_COL_2016-01-04,LAK,2015020585,away,1,2.0,0.0,7.0,1.0,1.0,2.0,0,2,2016-01-04,REG
LAK_COL_2016-01-04,COL,2015020585,home,4,6.0,0.0,3.0,4.0,0.0,1.0,1,2,2016-01-04,REG
ARI_VAN_2016-01-04,ARI,2015020587,away,3,1.0,0.0,2.0,3.0,2.0,0.0,1,2,2016-01-04,REG
ARI_VAN_2016-01-04,VAN,2015020587,home,2,0.0,0.0,3.0,1.0,0.0,0.0,0,2,2016-01-04,REG
CHI_PIT_2016-01-05,CHI,2015020592,away,3,2.0,0.0,5.0,2.0,1.0,1.0,1,2,2016-01-05,OT
CHI_PIT_2016-01-05,PIT,2015020592,home,2,6.0,0.0,3.0,1.0,2.0,0.0,0,2,2016-01-05,OT
MIN_CBJ_2016-01-05,MIN,2015020593,away,4,3.0,0.0,5.0,0.0,0.0,1.0,1,2,2016-01-05,REG
MIN_CBJ_2016-01-05,CBJ,2015020593,home,2,1.0,0.0,1.0,1.0,1.0,1.0,0,2,2016-01-05,REG
WSH_BOS_2016-01-05,WSH,2015020588,away,3,2.0,0.0,5.0,3.0,1.0,0.0,1,2,2016-01-05,REG
WSH_BOS_2016-01-05,BOS,2015020588,home,2,3.0,0.0,4.0,3.0,3.0,0.0,0,2,2016-01-05,REG
FLA_BUF_2016-01-05,FLA,2015020589,away,5,0.0,0.0,5.0,2.0,1.0,0.0,1,2,2016-01-05,REG
FLA_BUF_2016-01-05,BUF,2015020589,home,1,3.0,0.0,3.0,1.0,2.0,0.0,0,2,2016-01-05,REG
DAL_NYR_2016-01-05,DAL,2015020590,away,2,3.0,0.0,4.0,0.0,1.0,1.0,0,2,2016-01-05,REG
DAL_NYR_2016-01-05,NYR,2015020590,home,6,4.0,0.0,2.0,4.0,4.0,1.0,1,2,2016-01-05,REG
MTL_PHI_2016-01-05,MTL,2015020591,away,3,7.0,0.0,3.0,0.0,0.0,0.0,0,2,2016-01-05,REG
MTL_PHI_2016-01-05,PHI,2015020591,home,4,12.0,0.0,3.0,7.0,1.0,2.0,1,2,2016-01-05,REG
WPG_NSH_2016-01-05,WPG,2015020594,away,4,1.0,0.0,1.0,4.0,0.0,0.0,1,2,2016-01-05,REG
WPG_NSH_2016-01-05,NSH,2015020594,home,1,2.0,0.0,8.0,1.0,1.0,1.0,0,2,2016-01-05,REG
TBL_CGY_2016-01-05,TBL,2015020595,away,1,1.0,0.0,1.0,0.0,1.0,0.0,0,2,2016-01-05,REG
TBL_CGY_2016-01-05,CGY,2015020595,home,3,2.0,0.0,2.0,7.0,0.0,1.0,1,2,2016-01-05,REG
NJD_MTL_2016-01-06,NJD,2015020596,away,1,2.0,0.0,1.0,2.0,0.0,0.0,0,2,2016-01-06,REG
NJD_MTL_2016-01-06,MTL,2015020596,home,2,3.0,0.0,4.0,3.0,2.0,2.0,1,2,2016-01-06,REG
PIT_CHI_2016-01-06,PIT,2015020597,away,1,3.0,0.0,1.0,2.0,1.0,0.0,0,2,2016-01-06,REG
PIT_CHI_2016-01-06,CHI,2015020597,home,3,2.0,0.0,4.0,2.0,0.0,0.0,1,2,2016-01-06,REG
TOR_ANA_2016-01-06,TOR,2015020600,away,4,3.0,0.0,6.0,2.0,1.0,1.0,1,2,2016-01-06,REG
TOR_ANA_2016-01-06,ANA,2015020600,home,0,0.0,0.0,4.0,2.0,3.0,0.0,0,2,2016-01-06,REG
STL_COL_2016-01-06,STL,2015020598,away,3,3.0,0.0,1.0,2.0,0.0,2.0,0,2,2016-01-06,OT
STL_COL_2016-01-06,COL,2015020598,home,4,3.0,0.0,5.0,4.0,0.0,0.0,1,2,2016-01-06,OT
CAR_VAN_2016-01-06,CAR,2015020599,away,2,1.0,0.0,6.0,1.0,0.0,2.0,0,2,2016-01-06,REG
CAR_VAN_2016-01-06,VAN,2015020599,home,3,2.0,0.0,0.0,0.0,0.0,1.0,1,2,2016-01-06,REG
WSH_NYI_2016-01-07,WSH,2015020601,away,4,4.0,0.0,8.0,7.0,1.0,0.0,1,2,2016-01-07,REG
WSH_NYI_2016-01-07,NYI,2015020601,home,1,2.0,0.0,6.0,0.0,1.0,2.0,0,2,2016-01-07,REG
FLA_OTT_2016-01-07,FLA,2015020602,away,3,1.0,0.0,1.0,4.0,1.0,1.0,1,2,2016-01-07,REG
FLA_OTT_2016-01-07,OTT,2015020602,home,2,5.0,0.0,3.0,1.0,1.0,1.0,0,2,2016-01-07,REG
PHI_MIN_2016-01-07,PHI,2015020603,away,4,2.0,0.0,6.0,1.0,2.0,0.0,1,2,2016-01-07,OT
PHI_MIN_2016-01-07,MIN,2015020603,home,3,3.0,0.0,2.0,2.0,2.0,1.0,0,2,2016-01-07,OT
WPG_DAL_2016-01-07,WPG,2015020604,away,1,4.0,0.0,0.0,2.0,0.0,1.0,0,2,2016-01-07,SO
WPG_DAL_2016-01-07,DAL,2015020604,home,2,1.0,0.0,2.0,3.0,2.0,1.0,1,2,2016-01-07,SO
ARI_CGY_2016-01-07,ARI,2015020605,away,2,1.0,0.0,1.0,4.0,1.0,1.0,1,2,2016-01-07,REG
ARI_CGY_2016-01-07,CGY,2015020605,home,1,1.0,0.0,3.0,0.0,0.0,1.0,0,2,2016-01-07,REG
DET_SJS_2016-01-07,DET,2015020607,away,2,1.0,0.0,2.0,1.0,1.0,0.0,1,2,2016-01-07,REG
DET_SJS_2016-01-07,SJS,2015020607,home,1,3.0,0.0,2.0,4.0,3.0,1.0,0,2,2016-01-07,REG
TOR_LAK_2016-01-07,TOR,2015020606,away,1,2.0,0.0,2.0,1.0,3.0,0.0,0,2,2016-01-07,REG
TOR_LAK_2016-01-07,LAK,2015020606,home,2,1.0,0.0,5.0,3.0,3.0,0.0,1,2,2016-01-07,REG
BOS_NJD_2016-01-08,BOS,2015020608,away,4,0.0,1.0,2.0,0.0,1.0,3.0,1,2,2016-01-08,REG
BOS_NJD_2016-01-08,NJD,2015020608,home,1,3.0,0.0,1.0,4.0,1.0,0.0,0,2,2016-01-08,REG
CBJ_CAR_2016-01-08,CBJ,2015020609,away,1,4.0,0.0,3.0,3.0,0.0,0.0,0,2,2016-01-08,REG
CBJ_CAR_2016-01-08,CAR,2015020609,home,4,1.0,1.0,4.0,0.0,1.0,2.0,1,2,2016-01-08,REG
BUF_CHI_2016-01-08,BUF,2015020610,away,1,5.0,0.0,3.0,2.0,0.0,0.0,0,2,2016-01-08,REG
BUF_CHI_2016-01-08,CHI,2015020610,home,3,2.0,0.0,3.0,1.0,1.0,1.0,1,2,2016-01-08,REG
TBL_EDM_2016-01-08,TBL,2015020612,away,3,4.0,0.0,3.0,3.0,3.0,0.0,1,2,2016-01-08,REG
TBL_EDM_2016-01-08,EDM,2015020612,home,2,2.0,0.0,4.0,4.0,1.0,3.0,0,2,2016-01-08,REG
NSH_COL_2016-01-08,NSH,2015020611,away,3,3.0,0.0,4.0,2.0,1.0,0.0,0,2,2016-01-08,REG
NSH_COL_2016-01-08,COL,2015020611,home,5,1.0,0.0,2.0,0.0,0.0,0.0,1,2,2016-01-08,REG
STL_ANA_2016-01-08,STL,2015020613,away,3,3.0,0.0,0.0,2.0,0.0,0.0,0,2,2016-01-08,SO
STL_ANA_2016-01-08,ANA,2015020613,home,4,6.0,0.0,5.0,5.0,1.0,2.0,1,2,2016-01-08,SO
WSH_NYR_2016-01-09,WSH,2015020614,away,4,8.0,1.0,6.0,0.0,1.0,0.0,1,2,2016-01-09,OT
WSH_NYR_2016-01-09,NYR,2015020614,home,3,4.0,0.0,3.0,3.0,3.0,0.0,0,2,2016-01-09,OT
NYI_PHI_2016-01-09,NYI,2015020615,away,0,1.0,0.0,3.0,0.0,2.0,0.0,0,2,2016-01-09,REG
NYI_PHI_2016-01-09,PHI,2015020615,home,4,3.0,0.0,5.0,4.0,2.0,0.0,1,2,2016-01-09,REG
BOS_OTT_2016-01-09,BOS,2015020617,away,1,3.0,0.0,1.0,3.0,4.0,2.0,0,2,2016-01-09,OT
BOS_OTT_2016-01-09,OTT,2015020617,home,2,4.0,0.0,1.0,2.0,3.0,1.0,1,2,2016-01-09,OT
TOR_SJS_2016-01-09,TOR,2015020619,away,0,0.0,0.0,7.0,1.0,0.0,1.0,0,2,2016-01-09,REG
TOR_SJS_2016-01-09,SJS,2015020619,home,7,5.0,0.0,3.0,0.0,2.0,1.0,1,2,2016-01-09,REG
CAR_CBJ_2016-01-09,CAR,2015020618,away,4,1.0,0.0,3.0,3.0,0.0,0.0,1,2,2016-01-09,OT
CAR_CBJ_2016-01-09,CBJ,2015020618,home,3,3.0,0.0,1.0,1.0,0.0,1.0,0,2,2016-01-09,OT
PIT_MTL_2016-01-09,PIT,2015020616,away,3,2.0,0.0,1.0,1.0,1.0,0.0,1,2,2016-01-09,REG
PIT_MTL_2016-01-09,MTL,2015020616,home,1,5.0,0.0,4.0,2.0,1.0,0.0,0,2,2016-01-09,REG
MIN_DAL_2016-01-09,MIN,2015020620,away,2,2.0,0.0,2.0,3.0,1.0,1.0,1,2,2016-01-09,REG
MIN_DAL_2016-01-09,DAL,2015020620,home,1,1.0,0.0,8.0,3.0,0.0,0.0,0,2,2016-01-09,REG
NSH_ARI_2016-01-09,NSH,2015020621,away,0,4.0,0.0,4.0,1.0,1.0,0.0,0,2,2016-01-09,REG
NSH_ARI_2016-01-09,ARI,2015020621,home,4,4.0,0.0,10.0,3.0,0.0,0.0,1,2,2016-01-09,REG
TBL_VAN_2016-01-09,TBL,2015020622,away,3,2.0,0.0,2.0,3.0,3.0,2.0,1,2,2016-01-09,OT
TBL_VAN_2016-01-09,VAN,2015020622,home,2,0.0,0.0,3.0,0.0,1.0,1.0,0,2,2016-01-09,OT
STL_LAK_2016-01-09,STL,2015020623,away,2,2.0,0.0,2.0,2.0,1.0,0.0,1,2,2016-01-09,SO
STL_LAK_2016-01-09,LAK,2015020623,home,1,3.0,0.0,3.0,4.0,3.0,0.0,0,2,2016-01-09,SO
BUF_WPG_2016-01-10,BUF,2015020624,away,4,7.0,0.0,3.0,2.0,0.0,0.0,1,2,2016-01-10,REG
BUF_WPG_2016-01-10,WPG,2015020624,home,2,7.0,0.0,2.0,0.0,1.0,1.0,0,2,2016-01-10,REG
OTT_WSH_2016-01-10,OTT,2015020625,away,1,4.0,0.0,5.0,1.0,0.0,0.0,0,2,2016-01-10,REG
OTT_WSH_2016-01-10,WSH,2015020625,home,7,4.0,1.0,8.0,0.0,0.0,1.0,1,2,2016-01-10,REG
COL_CHI_2016-01-10,COL,2015020626,away,3,2.0,0.0,4.0,4.0,0.0,0.0,0,2,2016-01-10,REG
COL_CHI_2016-01-10,CHI,2015020626,home,6,1.0,0.0,8.0,2.0,1.0,0.0,1,2,2016-01-10,REG
NJD_MIN_2016-01-10,NJD,2015020627,away,2,0.0,0.0,0.0,1.0,1.0,1.0,1,2,2016-01-10,REG
NJD_MIN_2016-01-10,MIN,2015020627,home,1,2.0,0.0,1.0,3.0,1.0,0.0,0,2,2016-01-10,REG
DET_ANA_2016-01-10,DET,2015020628,away,2,7.0,0.0,4.0,0.0,2.0,0.0,1,2,2016-01-10,REG
DET_ANA_2016-01-10,ANA,2015020628,home,1,2.0,0.0,4.0,2.0,0.0,0.0,0,2,2016-01-10,REG
FLA_EDM_2016-01-10,FLA,2015020629,away,2,2.0,0.0,2.0,2.0,1.0,0.0,1,2,2016-01-10,REG
FLA_EDM_2016-01-10,EDM,2015020629,home,1,3.0,0.0,4.0,0.0,3.0,3.0,0,2,2016-01-10,REG
BOS_NYR_2016-01-11,BOS,2015020630,away,1,3.0,0.0,4.0,0.0,0.0,1.0,0,2,2016-01-11,REG
BOS_NYR_2016-01-11,NYR,2015020630,home,2,4.0,0.0,4.0,4.0,1.0,1.0,1,2,2016-01-11,REG
SJS_CGY_2016-01-11,SJS,2015020631,away,5,2.0,0.0,3.0,1.0,1.0,2.0,1,2,2016-01-11,REG
SJS_CGY_2016-01-11,CGY,2015020631,home,4,1.0,0.0,3.0,1.0,4.0,0.0,0,2,2016-01-11,REG
FLA_VAN_2016-01-11,FLA,2015020632,away,2,2.0,0.0,4.0,1.0,0.0,0.0,0,2,2016-01-11,OT
FLA_VAN_2016-01-11,VAN,2015020632,home,3,1.0,0.0,3.0,2.0,0.0,0.0,1,2,2016-01-11,OT
DET_LAK_2016-01-11,DET,2015020633,away,2,2.0,0.0,3.0,3.0,1.0,1.0,0,2,2016-01-11,REG
DET_LAK_2016-01-11,LAK,2015020633,home,4,1.0,1.0,4.0,4.0,0.0,0.0,1,2,2016-01-11,REG
PIT_CAR_2016-01-12,PIT,2015020635,away,2,2.0,0.0,1.0,0.0,1.0,2.0,0,2,2016-01-12,OT
PIT_CAR_2016-01-12,CAR,2015020635,home,3,7.0,0.0,3.0,3.0,4.0,2.0,1,2,2016-01-12,OT
CBJ_NYI_2016-01-12,CBJ,2015020634,away,2,4.0,0.0,1.0,1.0,1.0,2.0,0,2,2016-01-12,REG
CBJ_NYI_2016-01-12,NYI,2015020634,home,5,1.0,0.0,0.0,2.0,0.0,1.0,1,2,2016-01-12,REG
NJD_STL_2016-01-12,NJD,2015020636,away,2,3.0,0.0,1.0,3.0,0.0,1.0,0,2,2016-01-12,REG
NJD_STL_2016-01-12,STL,2015020636,home,5,10.0,0.0,4.0,1.0,0.0,0.0,1,2,2016-01-12,REG
BUF_MIN_2016-01-12,BUF,2015020637,away,3,5.0,0.0,3.0,1.0,0.0,1.0,1,2,2016-01-12,REG
BUF_MIN_2016-01-12,MIN,2015020637,home,2,2.0,0.0,3.0,2.0,0.0,0.0,0,2,2016-01-12,REG
SJS_WPG_2016-01-12,SJS,2015020638,away,4,4.0,1.0,2.0,1.0,1.0,1.0,1,2,2016-01-12,REG
SJS_WPG_2016-01-12,WPG,2015020638,home,1,2.0,0.0,3.0,2.0,1.0,1.0,0,2,2016-01-12,REG
NSH_CHI_2016-01-12,NSH,2015020639,away,2,6.0,1.0,3.0,2.0,0.0,1.0,0,2,2016-01-12,REG
NSH_CHI_2016-01-12,CHI,2015020639,home,3,3.0,0.0,1.0,1.0,0.0,2.0,1,2,2016-01-12,REG
TBL_COL_2016-01-12,TBL,2015020640,away,4,3.0,0.0,3.0,1.0,0.0,1.0,1,2,2016-01-12,REG
TBL_COL_2016-01-12,COL,2015020640,home,0,1.0,0.0,2.0,3.0,1.0,2.0,0,2,2016-01-12,REG
EDM_ARI_2016-01-12,EDM,2015020641,away,3,2.0,0.0,4.0,2.0,2.0,1.0,0,2,2016-01-12,OT
EDM_ARI_2016-01-12,ARI,2015020641,home,4,5.0,0.0,3.0,2.0,1.0,0.0,1,2,2016-01-12,OT
CBJ_TOR_2016-01-13,CBJ,2015020642,away,3,5.0,0.0,2.0,6.0,1.0,2.0,1,2,2016-01-13,REG
CBJ_TOR_2016-01-13,TOR,2015020642,home,1,5.0,0.0,5.0,0.0,1.0,2.0,0,2,2016-01-13,REG
BOS_PHI_2016-01-13,BOS,2015020643,away,2,2.0,0.0,1.0,5.0,1.0,1.0,0,2,2016-01-13,REG
BOS_PHI_2016-01-13,PHI,2015020643,home,3,4.0,0.0,2.0,1.0,2.0,1.0,1,2,2016-01-13,REG
FLA_CGY_2016-01-13,FLA,2015020644,away,0,3.0,0.0,5.0,0.0,0.0,0.0,0,2,2016-01-13,REG
FLA_CGY_2016-01-13,CGY,2015020644,home,6,2.0,0.0,2.0,3.0,2.0,1.0,1,2,2016-01-13,REG
OTT_ANA_2016-01-13,OTT,2015020645,away,1,3.0,0.0,3.0,0.0,2.0,0.0,0,2,2016-01-13,REG
OTT_ANA_2016-01-13,ANA,2015020645,home,4,2.0,0.0,4.0,0.0,1.0,1.0,1,2,2016-01-13,REG
NYR_NYI_2016-01-14,NYR,2015020646,away,1,9.0,0.0,0.0,2.0,0.0,1.0,0,2,2016-01-14,REG
NYR_NYI_2016-01-14,NYI,2015020646,home,3,1.0,1.0,3.0,2.0,0.0,1.0,1,2,2016-01-14,REG
VAN_WSH_2016-01-14,VAN,2015020647,away,1,0.0,0.0,2.0,2.0,0.0,0.0,0,2,2016-01-14,REG
VAN_WSH_2016-01-14,WSH,2015020647,home,4,7.0,0.0,7.0,2.0,2.0,0.0,1,2,2016-01-14,REG
CHI_MTL_2016-01-14,CHI,2015020648,away,2,0.0,0.0,3.0,5.0,1.0,0.0,1,2,2016-01-14,REG
CHI_MTL_2016-01-14,MTL,2015020648,home,1,3.0,0.0,3.0,2.0,0.0,1.0,0,2,2016-01-14,REG
NSH_WPG_2016-01-14,NSH,2015020650,away,4,3.0,0.0,5.0,3.0,0.0,2.0,0,2,2016-01-14,OT
NSH_WPG_2016-01-14,WPG,2015020650,home,5,5.0,0.0,1.0,4.0,4.0,0.0,1,2,2016-01-14,OT
CAR_STL_2016-01-14,CAR,2015020649,away,4,1.0,0.0,3.0,2.0,1.0,1.0,1,2,2016-01-14,REG
CAR_STL_2016-01-14,STL,2015020649,home,1,5.0,0.0,5.0,2.0,0.0,0.0,0,2,2016-01-14,REG
DET_ARI_2016-01-14,DET,2015020652,away,3,5.0,0.0,3.0,0.0,0.0,0.0,1,2,2016-01-14,OT
DET_ARI_2016-01-14,ARI,2015020652,home,2,3.0,0.0,2.0,2.0,0.0,3.0,0,2,2016-01-14,OT
NJD_COL_2016-01-14,NJD,2015020651,away,0,1.0,0.0,3.0,2.0,0.0,0.0,0,2,2016-01-14,REG
NJD_COL_2016-01-14,COL,2015020651,home,3,5.0,0.0,1.0,3.0,0.0,0.0,1,2,2016-01-14,REG
EDM_SJS_2016-01-14,EDM,2015020653,away,1,3.0,0.0,6.0,2.0,1.0,2.0,0,2,2016-01-14,SO
EDM_SJS_2016-01-14,SJS,2015020653,home,2,6.0,0.0,4.0,2.0,2.0,1.0,1,2,2016-01-14,SO
VAN_CAR_2016-01-15,VAN,2015020656,away,3,0.0,0.0,2.0,2.0,1.0,1.0,1,2,2016-01-15,OT
VAN_CAR_2016-01-15,CAR,2015020656,home,2,2.0,0.0,2.0,2.0,1.0,0.0,0,2,2016-01-15,OT
BOS_BUF_2016-01-15,BOS,2015020654,away,4,2.0,0.0,3.0,1.0,1.0,0.0,1,2,2016-01-15,REG
BOS_BUF_2016-01-15,BUF,2015020654,home,1,5.0,0.0,7.0,1.0,1.0,3.0,0,2,2016-01-15,REG
CHI_TOR_2016-01-15,CHI,2015020655,away,4,0.0,0.0,1.0,2.0,2.0,1.0,1,2,2016-01-15,REG
CHI_TOR_2016-01-15,TOR,2015020655,home,1,2.0,0.0,5.0,2.0,0.0,2.0,0,2,2016-01-15,REG
PIT_TBL_2016-01-15,PIT,2015020657,away,4,2.0,0.0,2.0,1.0,2.0,1.0,0,2,2016-01-15,OT
PIT_TBL_2016-01-15,TBL,2015020657,home,5,0.0,0.0,1.0,0.0,2.0,0.0,1,2,2016-01-15,OT
WPG_MIN_2016-01-15,WPG,2015020658,away,1,3.0,0.0,3.0,0.0,0.0,0.0,1,2,2016-01-15,REG
WPG_MIN_2016-01-15,MIN,2015020658,home,0,1.0,0.0,3.0,2.0,0.0,1.0,0,2,2016-01-15,REG
DAL_ANA_2016-01-15,DAL,2015020659,away,2,3.0,0.0,0.0,0.0,2.0,1.0,0,2,2016-01-15,REG
DAL_ANA_2016-01-15,ANA,2015020659,home,4,4.0,0.0,7.0,4.0,2.0,2.0,1,2,2016-01-15,REG
NYR_PHI_2016-01-16,NYR,2015020660,away,3,8.0,1.0,4.0,6.0,0.0,0.0,1,2,2016-01-16,SO
NYR_PHI_2016-01-16,PHI,2015020660,home,2,7.0,0.0,3.0,3.0,3.0,0.0,0,2,2016-01-16,SO
NJD_ARI_2016-01-16,NJD,2015020667,away,2,5.0,0.0,0.0,0.0,0.0,0.0,1,2,2016-01-16,REG
NJD_ARI_2016-01-16,ARI,2015020667,home,0,2.0,0.0,5.0,0.0,0.0,0.0,0,2,2016-01-16,REG
OTT_LAK_2016-01-16,OTT,2015020661,away,5,1.0,0.0,3.0,0.0,0.0,1.0,1,2,2016-01-16,REG
OTT_LAK_2016-01-16,LAK,2015020661,home,3,3.0,0.0,7.0,1.0,4.0,1.0,0,2,2016-01-16,REG
COL_CBJ_2016-01-16,COL,2015020664,away,1,3.0,0.0,5.0,1.0,0.0,1.0,0,2,2016-01-16,REG
COL_CBJ_2016-01-16,CBJ,2015020664,home,2,7.0,0.0,3.0,0.0,1.0,0.0,1,2,2016-01-16,REG
WSH_BUF_2016-01-16,WSH,2015020663,away,1,3.0,0.0,7.0,0.0,0.0,0.0,0,2,2016-01-16,REG
WSH_BUF_2016-01-16,BUF,2015020663,home,4,5.0,0.0,5.0,0.0,0.0,1.0,1,2,2016-01-16,REG
TOR_BOS_2016-01-16,TOR,2015020662,away,2,6.0,0.0,2.0,0.0,3.0,0.0,0,2,2016-01-16,REG
TOR_BOS_2016-01-16,BOS,2015020662,home,3,5.0,0.0,6.0,0.0,3.0,2.0,1,2,2016-01-16,REG
MTL_STL_2016-01-16,MTL,2015020665,away,3,3.0,0.0,9.0,2.0,1.0,0.0,0,2,2016-01-16,OT
MTL_STL_2016-01-16,STL,2015020665,home,4,6.0,0.0,3.0,0.0,3.0,0.0,1,2,2016-01-16,OT
MIN_NSH_2016-01-16,MIN,2015020666,away,0,0.0,0.0,1.0,0.0,0.0,0.0,0,2,2016-01-16,REG
MIN_NSH_2016-01-16,NSH,2015020666,home,3,5.0,0.0,2.0,1.0,2.0,1.0,1,2,2016-01-16,REG
CGY_EDM_2016-01-16,CGY,2015020668,away,1,5.0,0.0,5.0,8.0,2.0,1.0,0,2,2016-01-16,SO
CGY_EDM_2016-01-16,EDM,2015020668,home,2,0.0,0.0,6.0,3.0,6.0,2.0,1,2,2016-01-16,SO
DAL_SJS_2016-01-16,DAL,2015020669,away,3,0.0,0.0,9.0,1.0,1.0,0.0,0,2,2016-01-16,OT
DAL_SJS_2016-01-16,SJS,2015020669,home,4,6.0,0.0,2.0,1.0,3.0,0.0,1,2,2016-01-16,OT
CAR_PIT_2016-01-17,CAR,2015020670,away,0,3.0,0.0,3.0,1.0,0.0,0.0,0,2,2016-01-17,REG
CAR_PIT_2016-01-17,PIT,2015020670,home,5,3.0,0.0,3.0,2.0,2.0,1.0,1,2,2016-01-17,REG
VAN_NYI_2016-01-17,VAN,2015020671,away,2,5.0,0.0,1.0,2.0,4.0,0.0,1,2,2016-01-17,SO
VAN_NYI_2016-01-17,NYI,2015020671,home,1,3.0,0.0,5.0,2.0,2.0,2.0,0,2,2016-01-17,SO
NYR_WSH_2016-01-17,NYR,2015020673,away,2,5.0,0.0,2.0,5.0,2.0,1.0,0,2,2016-01-17,REG
NYR_WSH_2016-01-17,WSH,2015020673,home,5,6.0,1.0,5.0,6.0,3.0,1.0,1,2,2016-01-17,REG
FLA_TBL_2016-01-17,FLA,2015020672,away,1,2.0,0.0,2.0,3.0,0.0,0.0,0,2,2016-01-17,REG
FLA_TBL_2016-01-17,TBL,2015020672,home,3,2.0,0.0,7.0,2.0,0.0,2.0,1,2,2016-01-17,REG
MTL_CHI_2016-01-17,MTL,2015020674,away,2,4.0,0.0,7.0,2.0,0.0,0.0,0,2,2016-01-17,REG
MTL_CHI_2016-01-17,CHI,2015020674,home,5,0.0,0.0,3.0,1.0,0.0,0.0,1,2,2016-01-17,REG
PHI_DET_2016-01-17,PHI,2015020675,away,2,5.0,0.0,5.0,1.0,0.0,0.0,1,2,2016-01-17,SO
PHI_DET_2016-01-17,DET,2015020675,home,1,4.0,0.0,2.0,2.0,2.0,0.0,0,2,2016-01-17,SO
LAK_ANA_2016-01-17,LAK,2015020676,away,3,4.0,0.0,3.0,3.0,3.0,1.0,1,2,2016-01-17,REG
LAK_ANA_2016-01-17,ANA,2015020676,home,2,5.0,0.0,1.0,2.0,2.0,0.0,0,2,2016-01-17,REG
EDM_FLA_2016-01-18,EDM,2015020677,away,4,1.0,0.0,4.0,0.0,1.0,0.0,1,2,2016-01-18,REG
EDM_FLA_2016-01-18,FLA,2015020677,home,2,4.0,0.0,5.0,1.0,1.0,0.0,0,2,2016-01-18,REG
PIT_STL_2016-01-18,PIT,2015020678,away,2,0.0,0.0,3.0,0.0,0.0,0.0,0,2,2016-01-18,REG
PIT_STL_2016-01-18,STL,2015020678,home,5,3.0,0.0,0.0,1.0,0.0,0.0,1,2,2016-01-18,REG
COL_WPG_2016-01-18,COL,2015020679,away,2,1.0,0.0,3.0,1.0,0.0,1.0,1,2,2016-01-18,REG
COL_WPG_2016-01-18,WPG,2015020679,home,1,3.0,0.0,3.0,3.0,2.0,1.0,0,2,2016-01-18,REG
BUF_ARI_2016-01-18,BUF,2015020680,away,2,8.0,0.0,7.0,3.0,1.0,3.0,1,2,2016-01-18,REG
BUF_ARI_2016-01-18,ARI,2015020680,home,1,4.0,0.0,4.0,3.0,2.0,0.0,0,2,2016-01-18,REG
OTT_SJS_2016-01-18,OTT,2015020681,away,4,3.0,1.0,2.0,1.0,4.0,0.0,1,2,2016-01-18,SO
OTT_SJS_2016-01-18,SJS,2015020681,home,3,8.0,0.0,3.0,1.0,0.0,1.0,0,2,2016-01-18,SO
WSH_CBJ_2016-01-19,WSH,2015020685,away,6,7.0,1.0,10.0,2.0,0.0,0.0,1,2,2016-01-19,REG
WSH_CBJ_2016-01-19,CBJ,2015020685,home,3,4.0,0.0,6.0,4.0,1.0,0.0,0,2,2016-01-19,REG
VAN_NYR_2016-01-19,VAN,2015020683,away,2,1.0,0.0,1.0,3.0,0.0,1.0,0,2,2016-01-19,OT
VAN_NYR_2016-01-19,NYR,2015020683,home,3,3.0,0.0,13.0,4.0,3.0,1.0,1,2,2016-01-19,OT
TOR_PHI_2016-01-19,TOR,2015020684,away,3,2.0,0.0,6.0,1.0,1.0,1.0,1,2,2016-01-19,REG
TOR_PHI_2016-01-19,PHI,2015020684,home,2,9.0,0.0,2.0,2.0,2.0,1.0,0,2,2016-01-19,REG
CGY_NJD_2016-01-19,CGY,2015020682,away,2,3.0,1.0,3.0,3.0,1.0,0.0,0,2,2016-01-19,REG
CGY_NJD_2016-01-19,NJD,2015020682,home,4,2.0,0.0,2.0,0.0,0.0,1.0,1,2,2016-01-19,REG
BOS_MTL_2016-01-19,BOS,2015020686,away,4,6.0,0.0,3.0,6.0,4.0,0.0,1,2,2016-01-19,REG
BOS_MTL_2016-01-19,MTL,2015020686,home,1,3.0,0.0,6.0,2.0,5.0,0.0,0,2,2016-01-19,REG
EDM_TBL_2016-01-19,EDM,2015020687,away,4,1.0,0.0,5.0,2.0,1.0,2.0,0,2,2016-01-19,REG
EDM_TBL_2016-01-19,TBL,2015020687,home,6,3.0,0.0,2.0,0.0,1.0,0.0,1,2,2016-01-19,REG
CHI_NSH_2016-01-19,CHI,2015020688,away,4,1.0,0.0,5.0,1.0,1.0,0.0,1,2,2016-01-19,REG
CHI_NSH_2016-01-19,NSH,2015020688,home,1,2.0,0.0,6.0,2.0,3.0,0.0,0,2,2016-01-19,REG
DAL_LAK_2016-01-19,DAL,2015020689,away,2,0.0,0.0,6.0,3.0,2.0,0.0,0,2,2016-01-19,REG
DAL_LAK_2016-01-19,LAK,2015020689,home,3,8.0,0.0,4.0,2.0,1.0,0.0,1,2,2016-01-19,REG
STL_DET_2016-01-20,STL,2015020690,away,2,5.0,0.0,1.0,3.0,1.0,0.0,1,2,2016-01-20,REG
STL_DET_2016-01-20,DET,2015020690,home,1,3.0,0.0,3.0,1.0,0.0,0.0,0,2,2016-01-20,REG
BUF_COL_2016-01-20,BUF,2015020691,away,1,3.0,1.0,6.0,1.0,0.0,0.0,0,2,2016-01-20,REG
BUF_COL_2016-01-20,COL,2015020691,home,2,5.0,0.0,5.0,6.0,0.0,0.0,1,2,2016-01-20,REG
MIN_ANA_2016-01-20,MIN,2015020692,away,1,3.0,0.0,3.0,2.0,3.0,1.0,0,2,2016-01-20,REG
MIN_ANA_2016-01-20,ANA,2015020692,home,3,6.0,0.0,3.0,2.0,1.0,0.0,1,2,2016-01-20,REG
CGY_CBJ_2016-01-21,CGY,2015020696,away,4,1.0,0.0,2.0,2.0,0.0,0.0,1,2,2016-01-21,REG
CGY_CBJ_2016-01-21,CBJ,2015020696,home,2,3.0,0.0,4.0,1.0,2.0,1.0,0,2,2016-01-21,REG
VAN_BOS_2016-01-21,VAN,2015020693,away,4,2.0,0.0,5.0,1.0,1.0,1.0,1,2,2016-01-21,REG
VAN_BOS_2016-01-21,BOS,2015020693,home,2,3.0,0.0,3.0,0.0,7.0,1.0,0,2,2016-01-21,REG
PHI_PIT_2016-01-21,PHI,2015020695,away,3,9.0,1.0,4.0,3.0,0.0,0.0,0,2,2016-01-21,REG
PHI_PIT_2016-01-21,PIT,2015020695,home,4,2.0,0.0,2.0,1.0,1.0,0.0,1,2,2016-01-21,REG
OTT_NJD_2016-01-21,OTT,2015020694,away,3,11.0,0.0,3.0,1.0,0.0,0.0,0,2,2016-01-21,REG
OTT_NJD_2016-01-21,NJD,2015020694,home,6,3.0,0.0,1.0,0.0,0.0,1.0,1,2,2016-01-21,REG
CHI_TBL_2016-01-21,CHI,2015020698,away,1,0.0,0.0,3.0,2.0,0.0,0.0,0,2,2016-01-21,REG
CHI_TBL_2016-01-21,TBL,2015020698,home,2,2.0,0.0,3.0,0.0,2.0,1.0,1,2,2016-01-21,REG
CAR_TOR_2016-01-21,CAR,2015020697,away,1,3.0,0.0,5.0,0.0,1.0,0.0,1,2,2016-01-21,OT
CAR_TOR_2016-01-21,TOR,2015020697,home,0,0.0,0.0,5.0,2.0,3.0,1.0,0,2,2016-01-21,OT
NSH_WPG_2016-01-21,NSH,2015020699,away,4,1.0,0.0,5.0,2.0,1.0,1.0,1,2,2016-01-21,REG
NSH_WPG_2016-01-21,WPG,2015020699,home,1,4.0,0.0,2.0,1.0,0.0,1.0,0,2,2016-01-21,REG
EDM_DAL_2016-01-21,EDM,2015020700,away,2,3.0,0.0,6.0,0.0,1.0,1.0,0,2,2016-01-21,REG
EDM_DAL_2016-01-21,DAL,2015020700,home,3,2.0,0.0,6.0,3.0,2.0,1.0,1,2,2016-01-21,REG
SJS_ARI_2016-01-21,SJS,2015020701,away,3,1.0,0.0,2.0,3.0,2.0,1.0,1,2,2016-01-21,REG
SJS_ARI_2016-01-21,ARI,2015020701,home,1,1.0,0.0,1.0,2.0,0.0,0.0,0,2,2016-01-21,REG
MIN_LAK_2016-01-21,MIN,2015020702,away,3,2.0,0.0,5.0,3.0,2.0,1.0,1,2,2016-01-21,REG
MIN_LAK_2016-01-21,LAK,2015020702,home,0,5.0,0.0,1.0,1.0,0.0,1.0,0,2,2016-01-21,REG
NYR_CAR_2016-01-22,NYR,2015020705,away,4,12.0,0.0,2.0,4.0,1.0,1.0,1,2,2016-01-22,REG
NYR_CAR_2016-01-22,CAR,2015020705,home,1,3.0,0.0,1.0,0.0,1.0,1.0,0,2,2016-01-22,REG
DET_BUF_2016-01-22,DET,2015020703,away,3,0.0,0.0,6.0,1.0,2.0,0.0,1,2,2016-01-22,REG
DET_BUF_2016-01-22,BUF,2015020703,home,0,4.0,0.0,4.0,0.0,2.0,0.0,0,2,2016-01-22,REG
NYI_OTT_2016-01-22,NYI,2015020706,away,5,1.0,1.0,2.0,0.0,0.0,0.0,1,2,2016-01-22,REG
NYI_OTT_2016-01-22,OTT,2015020706,home,2,4.0,0.0,5.0,3.0,1.0,2.0,0,2,2016-01-22,REG
CHI_FLA_2016-01-22,CHI,2015020707,away,0,0.0,0.0,3.0,1.0,0.0,3.0,0,2,2016-01-22,REG
CHI_FLA_2016-01-22,FLA,2015020707,home,4,3.0,0.0,4.0,2.0,0.0,1.0,1,2,2016-01-22,REG
STL_COL_2016-01-22,STL,2015020708,away,1,1.0,0.0,1.0,3.0,2.0,1.0,0,2,2016-01-22,SO
STL_COL_2016-01-22,COL,2015020708,home,2,1.0,0.0,9.0,3.0,0.0,0.0,1,2,2016-01-22,SO
VAN_PIT_2016-01-23,VAN,2015020709,away,4,2.0,0.0,2.0,1.0,0.0,1.0,0,2,2016-01-23,REG
VAN_PIT_2016-01-23,PIT,2015020709,home,5,2.0,0.0,3.0,2.0,1.0,0.0,1,2,2016-01-23,REG
MIN_SJS_2016-01-23,MIN,2015020710,away,3,2.0,1.0,2.0,3.0,2.0,0.0,0,2,2016-01-23,REG
MIN_SJS_2016-01-23,SJS,2015020710,home,4,6.0,0.0,3.0,3.0,3.0,1.0,1,2,2016-01-23,REG
NJD_WPG_2016-01-23,NJD,2015020715,away,3,2.0,0.0,0.0,1.0,2.0,0.0,1,2,2016-01-23,REG
NJD_WPG_2016-01-23,WPG,2015020715,home,1,8.0,0.0,4.0,1.0,2.0,0.0,0,2,2016-01-23,REG
CBJ_BOS_2016-01-23,CBJ,2015020711,away,2,3.0,0.0,5.0,4.0,3.0,2.0,0,2,2016-01-23,SO
CBJ_BOS_2016-01-23,BOS,2015020711,home,3,1.0,0.0,3.0,3.0,0.0,1.0,1,2,2016-01-23,SO
TBL_FLA_2016-01-23,TBL,2015020714,away,2,4.0,0.0,5.0,2.0,0.0,0.0,0,2,2016-01-23,REG
TBL_FLA_2016-01-23,FLA,2015020714,home,5,2.0,0.0,5.0,0.0,0.0,0.0,1,2,2016-01-23,REG
MTL_TOR_2016-01-23,MTL,2015020712,away,3,10.0,0.0,6.0,1.0,1.0,1.0,1,2,2016-01-23,SO
MTL_TOR_2016-01-23,TOR,2015020712,home,2,8.0,0.0,1.0,3.0,2.0,1.0,0,2,2016-01-23,SO
ANA_DET_2016-01-23,ANA,2015020713,away,4,2.0,0.0,3.0,0.0,2.0,0.0,1,2,2016-01-23,REG
ANA_DET_2016-01-23,DET,2015020713,home,3,2.0,0.0,2.0,3.0,1.0,3.0,0,2,2016-01-23,REG
COL_DAL_2016-01-23,COL,2015020717,away,3,4.0,0.0,2.0,6.0,1.0,1.0,1,2,2016-01-23,REG
COL_DAL_2016-01-23,DAL,2015020717,home,1,3.0,0.0,3.0,0.0,2.0,0.0,0,2,2016-01-23,REG
LAK_ARI_2016-01-23,LAK,2015020718,away,2,1.0,0.0,2.0,2.0,1.0,0.0,0,2,2016-01-23,REG
LAK_ARI_2016-01-23,ARI,2015020718,home,3,2.0,0.0,2.0,4.0,0.0,0.0,1,2,2016-01-23,REG
NSH_EDM_2016-01-23,NSH,2015020719,away,4,0.0,0.0,4.0,6.0,0.0,0.0,1,2,2016-01-23,REG
NSH_EDM_2016-01-23,EDM,2015020719,home,1,0.0,0.0,3.0,0.0,3.0,2.0,0,2,2016-01-23,REG
NYR_OTT_2016-01-24,NYR,2015020721,away,0,4.0,0.0,5.0,7.0,1.0,2.0,0,2,2016-01-24,REG
NYR_OTT_2016-01-24,OTT,2015020721,home,3,4.0,0.0,2.0,2.0,1.0,0.0,1,2,2016-01-24,REG
CGY_CAR_2016-01-24,CGY,2015020722,away,2,1.0,0.0,4.0,7.0,1.0,4.0,0,2,2016-01-24,REG
CGY_CAR_2016-01-24,CAR,2015020722,home,5,1.0,0.0,3.0,1.0,0.0,0.0,1,2,2016-01-24,REG
STL_CHI_2016-01-24,STL,2015020723,away,0,3.0,0.0,5.0,3.0,1.0,0.0,0,2,2016-01-24,REG
STL_CHI_2016-01-24,CHI,2015020723,home,2,5.0,0.0,2.0,5.0,0.0,0.0,1,2,2016-01-24,REG
LAK_SJS_2016-01-24,LAK,2015020724,away,3,5.0,0.0,4.0,4.0,2.0,1.0,1,2,2016-01-24,OT
LAK_SJS_2016-01-24,SJS,2015020724,home,2,8.0,0.0,5.0,3.0,1.0,1.0,0,2,2016-01-24,OT
BOS_PHI_2016-01-25,BOS,2015020727,away,3,4.0,0.0,1.0,5.0,1.0,0.0,1,2,2016-01-25,REG
BOS_PHI_2016-01-25,PHI,2015020727,home,2,3.0,0.0,2.0,2.0,2.0,0.0,0,2,2016-01-25,REG
MTL_CBJ_2016-01-25,MTL,2015020728,away,2,2.0,1.0,6.0,5.0,1.0,0.0,0,2,2016-01-25,REG
MTL_CBJ_2016-01-25,CBJ,2015020728,home,5,3.0,0.0,2.0,2.0,0.0,1.0,1,2,2016-01-25,REG
DET_NYI_2016-01-25,DET,2015020725,away,4,1.0,0.0,4.0,0.0,1.0,0.0,1,2,2016-01-25,REG
DET_NYI_2016-01-25,NYI,2015020725,home,2,1.0,0.0,1.0,0.0,0.0,0.0,0,2,2016-01-25,REG
BUF_NYR_2016-01-25,BUF,2015020726,away,3,6.0,0.0,6.0,0.0,1.0,2.0,0,2,2016-01-25,REG
BUF_NYR_2016-01-25,NYR,2015020726,home,6,6.0,0.0,3.0,3.0,3.0,2.0,1,2,2016-01-25,REG
ARI_MIN_2016-01-25,ARI,2015020730,away,2,2.0,0.0,3.0,1.0,1.0,1.0,1,2,2016-01-25,SO
ARI_MIN_2016-01-25,MIN,2015020730,home,1,2.0,0.0,7.0,0.0,1.0,0.0,0,2,2016-01-25,SO
CGY_DAL_2016-01-25,CGY,2015020729,away,1,3.0,0.0,2.0,7.0,1.0,0.0,0,2,2016-01-25,REG
CGY_DAL_2016-01-25,DAL,2015020729,home,2,1.0,0.0,3.0,2.0,0.0,1.0,1,2,2016-01-25,REG
ANA_BOS_2016-01-26,ANA,2015020731,away,6,2.0,0.0,6.0,1.0,1.0,1.0,1,2,2016-01-26,REG
ANA_BOS_2016-01-26,BOS,2015020731,home,2,5.0,0.0,3.0,1.0,1.0,0.0,0,2,2016-01-26,REG
NJD_PIT_2016-01-26,NJD,2015020732,away,0,5.0,0.0,0.0,3.0,0.0,1.0,0,2,2016-01-26,REG
NJD_PIT_2016-01-26,PIT,2015020732,home,2,4.0,0.0,5.0,2.0,0.0,0.0,1,2,2016-01-26,REG
CHI_CAR_2016-01-26,CHI,2015020733,away,0,2.0,0.0,0.0,0.0,0.0,1.0,0,2,2016-01-26,REG
CHI_CAR_2016-01-26,CAR,2015020733,home,5,2.0,0.0,4.0,2.0,1.0,1.0,1,2,2016-01-26,REG
BUF_OTT_2016-01-26,BUF,2015020735,away,3,3.0,0.0,7.0,4.0,1.0,1.0,1,2,2016-01-26,REG
BUF_OTT_2016-01-26,OTT,2015020735,home,2,7.0,0.0,5.0,3.0,3.0,1.0,0,2,2016-01-26,REG
CBJ_MTL_2016-01-26,CBJ,2015020734,away,5,2.0,0.0,2.0,9.0,6.0,0.0,1,2,2016-01-26,REG
CBJ_MTL_2016-01-26,MTL,2015020734,home,2,2.0,0.0,3.0,4.0,1.0,0.0,0,2,2016-01-26,REG
TOR_FLA_2016-01-26,TOR,2015020736,away,1,3.0,0.0,3.0,0.0,1.0,2.0,0,2,2016-01-26,REG
TOR_FLA_2016-01-26,FLA,2015020736,home,5,5.0,0.0,2.0,3.0,1.0,1.0,1,2,2016-01-26,REG
ARI_WPG_2016-01-26,ARI,2015020737,away,2,3.0,0.0,1.0,2.0,0.0,0.0,0,2,2016-01-26,REG
ARI_WPG_2016-01-26,WPG,2015020737,home,5,2.0,0.0,2.0,6.0,3.0,1.0,1,2,2016-01-26,REG
NSH_VAN_2016-01-26,NSH,2015020738,away,2,1.0,0.0,2.0,1.0,0.0,2.0,1,2,2016-01-26,REG
NSH_VAN_2016-01-26,VAN,2015020738,home,1,2.0,0.0,3.0,2.0,1.0,2.0,0,2,2016-01-26,REG
COL_SJS_2016-01-26,COL,2015020739,away,1,7.0,0.0,5.0,2.0,0.0,0.0,0,2,2016-01-26,REG
COL_SJS_2016-01-26,SJS,2015020739,home,6,1.0,1.0,4.0,1.0,2.0,0.0,1,2,2016-01-26,REG
TOR_TBL_2016-01-27,TOR,2015020740,away,0,10.0,0.0,1.0,3.0,1.0,1.0,0,2,2016-01-27,REG
TOR_TBL_2016-01-27,TBL,2015020740,home,1,2.0,0.0,5.0,2.0,1.0,1.0,1,2,2016-01-27,REG
PHI_WSH_2016-01-27,PHI,2015020741,away,4,3.0,1.0,4.0,1.0,2.0,2.0,1,2,2016-01-27,OT
PHI_WSH_2016-01-27,WSH,2015020741,home,3,5.0,0.0,7.0,4.0,2.0,2.0,0,2,2016-01-27,OT
NSH_CGY_2016-01-27,NSH,2015020742,away,2,3.0,0.0,6.0,1.0,0.0,4.0,1,2,2016-01-27,REG
NSH_CGY_2016-01-27,CGY,2015020742,home,1,2.0,0.0,2.0,2.0,2.0,1.0,0,2,2016-01-27,REG
COL_LAK_2016-01-27,COL,2015020743,away,4,9.0,0.0,0.0,0.0,3.0,1.0,1,2,2016-01-27,REG
COL_LAK_2016-01-27,LAK,2015020743,home,3,3.0,0.0,4.0,1.0,3.0,0.0,0,2,2016-01-27,REG
TOR_BOS_2016-02-02,TOR,2015020744,away,4,4.0,1.0,3.0,3.0,2.0,0.0,1,2,2016-02-02,OT
TOR_BOS_2016-02-02,BOS,2015020744,home,3,1.0,0.0,5.0,3.0,1.0,1.0,0,2,2016-02-02,OT
MTL_PHI_2016-02-02,MTL,2015020747,away,2,2.0,0.0,3.0,1.0,1.0,0.0,0,2,2016-02-02,REG
MTL_PHI_2016-02-02,PHI,2015020747,home,4,1.0,1.0,4.0,2.0,1.0,0.0,1,2,2016-02-02,REG
OTT_PIT_2016-02-02,OTT,2015020748,away,5,2.0,0.0,2.0,4.0,0.0,1.0,0,2,2016-02-02,REG
OTT_PIT_2016-02-02,PIT,2015020748,home,6,2.0,0.0,6.0,1.0,1.0,0.0,1,2,2016-02-02,REG
MIN_NYI_2016-02-02,MIN,2015020746,away,3,4.0,0.0,6.0,3.0,2.0,1.0,0,2,2016-02-02,REG
MIN_NYI_2016-02-02,NYI,2015020746,home,5,0.0,0.0,3.0,0.0,1.0,1.0,1,2,2016-02-02,REG
NYR_NJD_2016-02-02,NYR,2015020745,away,2,2.0,0.0,4.0,3.0,1.0,0.0,0,2,2016-02-02,REG
NYR_NJD_2016-02-02,NJD,2015020745,home,3,3.0,0.0,3.0,2.0,0.0,1.0,1,2,2016-02-02,REG
FLA_WSH_2016-02-02,FLA,2015020749,away,5,0.0,1.0,3.0,5.0,0.0,0.0,1,2,2016-02-02,REG
FLA_WSH_2016-02-02,WSH,2015020749,home,2,5.0,0.0,5.0,1.0,4.0,1.0,0,2,2016-02-02,REG
STL_NSH_2016-02-02,STL,2015020750,away,1,3.0,0.0,1.0,7.0,0.0,0.0,1,2,2016-02-02,REG
STL_NSH_2016-02-02,NSH,2015020750,home,0,2.0,0.0,3.0,3.0,8.0,0.0,0,2,2016-02-02,REG
DAL_WPG_2016-02-02,DAL,2015020751,away,5,2.0,0.0,0.0,1.0,4.0,0.0,1,2,2016-02-02,REG
DAL_WPG_2016-02-02,WPG,2015020751,home,3,3.0,0.0,1.0,2.0,1.0,1.0,0,2,2016-02-02,REG
CBJ_EDM_2016-02-02,CBJ,2015020753,away,1,2.0,0.0,3.0,4.0,1.0,0.0,0,2,2016-02-02,REG
CBJ_EDM_2016-02-02,EDM,2015020753,home,5,1.0,0.0,5.0,2.0,4.0,1.0,1,2,2016-02-02,REG
LAK_ARI_2016-02-02,LAK,2015020754,away,6,4.0,0.0,6.0,5.0,0.0,0.0,1,2,2016-02-02,REG
LAK_ARI_2016-02-02,ARI,2015020754,home,2,2.0,0.0,2.0,1.0,0.0,0.0,0,2,2016-02-02,REG
CHI_COL_2016-02-02,CHI,2015020752,away,2,2.0,0.0,3.0,2.0,1.0,0.0,1,2,2016-02-02,REG
CHI_COL_2016-02-02,COL,2015020752,home,1,6.0,0.0,2.0,3.0,0.0,0.0,0,2,2016-02-02,REG
SJS_ANA_2016-02-02,SJS,2015020755,away,2,7.0,0.0,8.0,2.0,5.0,1.0,0,2,2016-02-02,REG
SJS_ANA_2016-02-02,ANA,2015020755,home,3,7.0,0.0,1.0,3.0,5.0,1.0,1,2,2016-02-02,REG
BUF_MTL_2016-02-03,BUF,2015020756,away,4,4.0,0.0,6.0,1.0,1.0,0.0,1,2,2016-02-03,REG
BUF_MTL_2016-02-03,MTL,2015020756,home,2,5.0,0.0,5.0,2.0,1.0,1.0,0,2,2016-02-03,REG
DET_TBL_2016-02-03,DET,2015020757,away,1,6.0,0.0,3.0,0.0,0.0,1.0,0,2,2016-02-03,REG
DET_TBL_2016-02-03,TBL,2015020757,home,3,1.0,1.0,6.0,1.0,2.0,1.0,1,2,2016-02-03,REG
CAR_CGY_2016-02-03,CAR,2015020758,away,1,2.0,0.0,5.0,0.0,1.0,0.0,0,2,2016-02-03,REG
CAR_CGY_2016-02-03,CGY,2015020758,home,4,0.0,0.0,0.0,4.0,2.0,0.0,1,2,2016-02-03,REG
MIN_NYR_2016-02-04,MIN,2015020760,away,2,6.0,0.0,6.0,3.0,1.0,1.0,0,2,2016-02-04,REG
MIN_NYR_2016-02-04,NYR,2015020760,home,4,4.0,0.0,4.0,2.0,1.0,0.0,1,2,2016-02-04,REG
BOS_BUF_2016-02-04,BOS,2015020759,away,3,1.0,0.0,9.0,2.0,0.0,0.0,1,2,2016-02-04,SO
BOS_BUF_2016-02-04,BUF,2015020759,home,2,3.0,0.0,11.0,1.0,1.0,0.0,0,2,2016-02-04,SO
EDM_OTT_2016-02-04,EDM,2015020763,away,7,2.0,1.0,7.0,5.0,2.0,2.0,1,2,2016-02-04,REG
EDM_OTT_2016-02-04,OTT,2015020763,home,2,3.0,0.0,4.0,1.0,1.0,0.0,0,2,2016-02-04,REG
DET_FLA_2016-02-04,DET,2015020764,away,3,3.0,0.0,5.0,0.0,3.0,0.0,0,2,2016-02-04,REG
DET_FLA_2016-02-04,FLA,2015020764,home,6,2.0,0.0,5.0,2.0,1.0,2.0,1,2,2016-02-04,REG
NJD_TOR_2016-02-04,NJD,2015020762,away,2,1.0,0.0,5.0,5.0,1.0,0.0,0,2,2016-02-04,SO
NJD_TOR_2016-02-04,TOR,2015020762,home,3,2.0,0.0,4.0,1.0,2.0,0.0,1,2,2016-02-04,SO
NYI_WSH_2016-02-04,NYI,2015020761,away,2,0.0,0.0,3.0,2.0,2.0,2.0,0,2,2016-02-04,REG
NYI_WSH_2016-02-04,WSH,2015020761,home,3,5.0,0.0,6.0,6.0,2.0,0.0,1,2,2016-02-04,REG
SJS_STL_2016-02-04,SJS,2015020765,away,3,4.0,0.0,6.0,7.0,1.0,1.0,1,2,2016-02-04,REG
SJS_STL_2016-02-04,STL,2015020765,home,1,2.0,0.0,1.0,1.0,0.0,0.0,0,2,2016-02-04,REG
PHI_NSH_2016-02-04,PHI,2015020766,away,6,3.0,0.0,1.0,2.0,2.0,2.0,1,2,2016-02-04,REG
PHI_NSH_2016-02-04,NSH,2015020766,home,3,1.0,0.0,5.0,2.0,0.0,0.0,0,2,2016-02-04,REG
DAL_COL_2016-02-04,DAL,2015020767,away,4,3.0,0.0,9.0,0.0,0.0,1.0,1,2,2016-02-04,OT
DAL_COL_2016-02-04,COL,2015020767,home,3,8.0,0.0,4.0,2.0,1.0,3.0,0,2,2016-02-04,OT
CHI_ARI_2016-02-04,CHI,2015020768,away,5,0.0,0.0,5.0,0.0,0.0,1.0,1,2,2016-02-04,OT
CHI_ARI_2016-02-04,ARI,2015020768,home,4,2.0,0.0,2.0,0.0,0.0,1.0,0,2,2016-02-04,OT
ANA_LAK_2016-02-04,ANA,2015020770,away,4,3.0,0.0,3.0,1.0,0.0,0.0,1,2,2016-02-04,REG
ANA_LAK_2016-02-04,LAK,2015020770,home,2,4.0,0.0,1.0,2.0,1.0,0.0,0,2,2016-02-04,REG
CBJ_VAN_2016-02-04,CBJ,2015020769,away,2,3.0,0.0,2.0,4.0,0.0,0.0,1,2,2016-02-04,SO
CBJ_VAN_2016-02-04,VAN,2015020769,home,1,1.0,1.0,5.0,1.0,4.0,0.0,0,2,2016-02-04,SO
PIT_TBL_2016-02-05,PIT,2015020771,away,3,2.0,0.0,1.0,5.0,1.0,1.0,0,2,2016-02-05,REG
PIT_TBL_2016-02-05,TBL,2015020771,home,6,0.0,1.0,7.0,3.0,2.0,0.0,1,2,2016-02-05,REG
CAR_WPG_2016-02-05,CAR,2015020772,away,5,4.0,1.0,3.0,3.0,2.0,1.0,1,2,2016-02-05,REG
CAR_WPG_2016-02-05,WPG,2015020772,home,3,4.0,0.0,1.0,2.0,1.0,0.0,0,2,2016-02-05,REG
CBJ_CGY_2016-02-05,CBJ,2015020773,away,2,1.0,0.0,4.0,1.0,0.0,0.0,1,2,2016-02-05,REG
CBJ_CGY_2016-02-05,CGY,2015020773,home,1,0.0,0.0,2.0,2.0,1.0,1.0,0,2,2016-02-05,REG
ARI_ANA_2016-02-05,ARI,2015020774,away,2,0.0,0.0,1.0,4.0,2.0,0.0,0,2,2016-02-05,REG
ARI_ANA_2016-02-05,ANA,2015020774,home,5,8.0,0.0,3.0,3.0,0.0,0.0,1,2,2016-02-05,REG
WSH_NJD_2016-02-06,WSH,2015020775,away,3,5.0,0.0,4.0,3.0,0.0,1.0,1,2,2016-02-06,SO
WSH_NJD_2016-02-06,NJD,2015020775,home,2,5.0,0.0,2.0,4.0,1.0,1.0,0,2,2016-02-06,SO
NYR_PHI_2016-02-06,NYR,2015020776,away,3,4.0,0.0,2.0,7.0,0.0,0.0,1,2,2016-02-06,SO
NYR_PHI_2016-02-06,PHI,2015020776,home,2,5.0,0.0,3.0,3.0,3.0,0.0,0,2,2016-02-06,SO
EDM_MTL_2016-02-06,EDM,2015020777,away,1,2.0,0.0,5.0,2.0,1.0,1.0,0,2,2016-02-06,REG
EDM_MTL_2016-02-06,MTL,2015020777,home,5,0.0,1.0,5.0,2.0,0.0,3.0,1,2,2016-02-06,REG
NYI_DET_2016-02-06,NYI,2015020778,away,1,0.0,0.0,2.0,2.0,2.0,0.0,0,2,2016-02-06,REG
NYI_DET_2016-02-06,DET,2015020778,home,5,3.0,0.0,1.0,1.0,0.0,0.0,1,2,2016-02-06,REG
TOR_OTT_2016-02-06,TOR,2015020780,away,1,5.0,0.0,3.0,2.0,1.0,0.0,0,2,2016-02-06,REG
TOR_OTT_2016-02-06,OTT,2015020780,home,6,8.0,0.0,3.0,3.0,3.0,2.0,1,2,2016-02-06,REG
BUF_BOS_2016-02-06,BUF,2015020779,away,1,2.0,0.0,6.0,2.0,1.0,0.0,0,2,2016-02-06,OT
BUF_BOS_2016-02-06,BOS,2015020779,home,2,1.0,0.0,5.0,2.0,2.0,1.0,1,2,2016-02-06,OT
PIT_FLA_2016-02-06,PIT,2015020781,away,3,0.0,0.0,0.0,2.0,0.0,0.0,1,2,2016-02-06,OT
PIT_FLA_2016-02-06,FLA,2015020781,home,2,4.0,0.0,4.0,3.0,0.0,2.0,0,2,2016-02-06,OT
MIN_STL_2016-02-06,MIN,2015020782,away,1,5.0,0.0,0.0,1.0,0.0,0.0,0,2,2016-02-06,REG
MIN_STL_2016-02-06,STL,2015020782,home,4,3.0,0.0,0.0,1.0,0.0,0.0,1,2,2016-02-06,REG
SJS_NSH_2016-02-06,SJS,2015020783,away,2,1.0,0.0,7.0,3.0,4.0,1.0,0,2,2016-02-06,REG
SJS_NSH_2016-02-06,NSH,2015020783,home,6,1.0,0.0,2.0,1.0,0.0,1.0,1,2,2016-02-06,REG
CHI_DAL_2016-02-06,CHI,2015020784,away,5,2.0,0.0,4.0,5.0,2.0,2.0,1,2,2016-02-06,REG
CHI_DAL_2016-02-06,DAL,2015020784,home,1,0.0,0.0,7.0,0.0,5.0,2.0,0,2,2016-02-06,REG
WPG_COL_2016-02-06,WPG,2015020785,away,4,3.0,0.0,2.0,3.0,0.0,0.0,1,2,2016-02-06,REG
WPG_COL_2016-02-06,COL,2015020785,home,2,3.0,0.0,3.0,1.0,3.0,0.0,0,2,2016-02-06,REG
CGY_VAN_2016-02-06,CGY,2015020786,away,4,0.0,0.0,1.0,2.0,0.0,1.0,1,2,2016-02-06,REG
CGY_VAN_2016-02-06,VAN,2015020786,home,1,0.0,0.0,3.0,1.0,1.0,1.0,0,2,2016-02-06,REG
PHI_WSH_2016-02-07,PHI,2015020787,away,2,3.0,0.0,3.0,4.0,2.0,0.0,0,2,2016-02-07,REG
PHI_WSH_2016-02-07,WSH,2015020787,home,3,2.0,0.0,12.0,3.0,3.0,1.0,1,2,2016-02-07,REG
CAR_MTL_2016-02-07,CAR,2015020788,away,1,5.0,0.0,2.0,1.0,1.0,0.0,0,2,2016-02-07,SO
CAR_MTL_2016-02-07,MTL,2015020788,home,2,3.0,0.0,5.0,2.0,3.0,2.0,1,2,2016-02-07,SO
EDM_NYI_2016-02-07,EDM,2015020789,away,1,2.0,0.0,2.0,1.0,2.0,2.0,0,2,2016-02-07,REG
EDM_NYI_2016-02-07,NYI,2015020789,home,8,2.0,0.0,2.0,0.0,2.0,0.0,1,2,2016-02-07,REG
ANA_PIT_2016-02-08,ANA,2015020791,away,2,4.0,0.0,3.0,0.0,0.0,0.0,0,2,2016-02-08,REG
ANA_PIT_2016-02-08,PIT,2015020791,home,6,2.0,0.0,6.0,2.0,1.0,0.0,1,2,2016-02-08,REG
NJD_NYR_2016-02-08,NJD,2015020790,away,1,6.0,0.0,2.0,4.0,2.0,1.0,0,2,2016-02-08,REG
NJD_NYR_2016-02-08,NYR,2015020790,home,2,6.0,0.0,3.0,3.0,2.0,1.0,1,2,2016-02-08,REG
FLA_DET_2016-02-08,FLA,2015020793,away,0,0.0,0.0,0.0,1.0,1.0,0.0,0,2,2016-02-08,REG
FLA_DET_2016-02-08,DET,2015020793,home,3,6.0,0.0,4.0,1.0,0.0,0.0,1,2,2016-02-08,REG
TBL_OTT_2016-02-08,TBL,2015020792,away,1,2.0,0.0,5.0,0.0,0.0,0.0,0,2,2016-02-08,REG
TBL_OTT_2016-02-08,OTT,2015020792,home,5,5.0,0.0,4.0,2.0,2.0,0.0,1,2,2016-02-08,REG
NYI_CBJ_2016-02-09,NYI,2015020798,away,3,0.0,0.0,4.0,0.0,1.0,0.0,1,2,2016-02-09,SO
NYI_CBJ_2016-02-09,CBJ,2015020798,home,2,1.0,0.0,2.0,3.0,0.0,1.0,0,2,2016-02-09,SO
FLA_BUF_2016-02-09,FLA,2015020795,away,7,1.0,0.0,7.0,3.0,0.0,0.0,1,2,2016-02-09,REG
FLA_BUF_2016-02-09,BUF,2015020795,home,4,3.0,0.0,4.0,3.0,1.0,0.0,0,2,2016-02-09,REG
ANA_PHI_2016-02-09,ANA,2015020797,away,4,1.0,0.0,4.0,1.0,0.0,1.0,1,2,2016-02-09,REG
ANA_PHI_2016-02-09,PHI,2015020797,home,1,4.0,0.0,4.0,6.0,2.0,0.0,0,2,2016-02-09,REG
LAK_BOS_2016-02-09,LAK,2015020794,away,9,4.0,0.0,4.0,3.0,1.0,3.0,1,2,2016-02-09,REG
LAK_BOS_2016-02-09,BOS,2015020794,home,2,2.0,0.0,3.0,1.0,0.0,1.0,0,2,2016-02-09,REG
TBL_MTL_2016-02-09,TBL,2015020799,away,2,5.0,0.0,6.0,2.0,2.0,1.0,0,2,2016-02-09,REG
TBL_MTL_2016-02-09,MTL,2015020799,home,4,4.0,0.0,5.0,3.0,1.0,1.0,1,2,2016-02-09,REG
EDM_NJD_2016-02-09,EDM,2015020796,away,1,2.0,0.0,2.0,1.0,0.0,2.0,0,2,2016-02-09,REG
EDM_NJD_2016-02-09,NJD,2015020796,home,2,5.0,0.0,3.0,2.0,2.0,2.0,1,2,2016-02-09,REG
DAL_MIN_2016-02-09,DAL,2015020802,away,4,1.0,0.0,6.0,4.0,0.0,1.0,1,2,2016-02-09,OT
DAL_MIN_2016-02-09,MIN,2015020802,home,3,0.0,0.0,3.0,2.0,0.0,1.0,0,2,2016-02-09,OT
WSH_NSH_2016-02-09,WSH,2015020801,away,5,5.0,1.0,6.0,2.0,1.0,0.0,1,2,2016-02-09,REG
WSH_NSH_2016-02-09,NSH,2015020801,home,3,0.0,1.0,4.0,2.0,0.0,2.0,0,2,2016-02-09,REG
WPG_STL_2016-02-09,WPG,2015020800,away,2,2.0,0.0,3.0,1.0,0.0,0.0,1,2,2016-02-09,SO
WPG_STL_2016-02-09,STL,2015020800,home,1,2.0,0.0,1.0,2.0,0.0,0.0,0,2,2016-02-09,SO
SJS_CHI_2016-02-09,SJS,2015020803,away,2,5.0,0.0,4.0,1.0,0.0,1.0,1,2,2016-02-09,REG
SJS_CHI_2016-02-09,CHI,2015020803,home,0,1.0,0.0,3.0,3.0,1.0,1.0,0,2,2016-02-09,REG
TOR_CGY_2016-02-09,TOR,2015020805,away,3,0.0,0.0,4.0,5.0,2.0,1.0,0,2,2016-02-09,REG
TOR_CGY_2016-02-09,CGY,2015020805,home,4,1.0,0.0,2.0,1.0,2.0,2.0,1,2,2016-02-09,REG
VAN_COL_2016-02-09,VAN,2015020804,away,3,0.0,0.0,2.0,0.0,1.0,2.0,1,2,2016-02-09,REG
VAN_COL_2016-02-09,COL,2015020804,home,1,1.0,0.0,5.0,0.0,0.0,2.0,0,2,2016-02-09,REG
OTT_DET_2016-02-10,OTT,2015020806,away,1,4.0,0.0,2.0,0.0,0.0,0.0,0,2,2016-02-10,REG
OTT_DET_2016-02-10,DET,2015020806,home,3,4.0,0.0,6.0,3.0,0.0,0.0,1,2,2016-02-10,REG
NYR_PIT_2016-02-10,NYR,2015020807,away,3,8.0,0.0,3.0,5.0,0.0,0.0,1,2,2016-02-10,REG
NYR_PIT_2016-02-10,PIT,2015020807,home,0,1.0,0.0,4.0,2.0,0.0,0.0,0,2,2016-02-10,REG
VAN_ARI_2016-02-10,VAN,2015020808,away,2,0.0,0.0,1.0,2.0,0.0,2.0,1,2,2016-02-10,REG
VAN_ARI_2016-02-10,ARI,2015020808,home,1,3.0,0.0,3.0,1.0,0.0,2.0,0,2,2016-02-10,REG
LAK_NYI_2016-02-11,LAK,2015020809,away,2,3.0,0.0,3.0,1.0,1.0,0.0,0,2,2016-02-11,REG
LAK_NYI_2016-02-11,NYI,2015020809,home,5,2.0,0.0,3.0,4.0,0.0,1.0,1,2,2016-02-11,REG
BUF_PHI_2016-02-11,BUF,2015020810,away,1,1.0,0.0,9.0,0.0,1.0,0.0,0,2,2016-02-11,REG
BUF_PHI_2016-02-11,PHI,2015020810,home,5,7.0,0.0,2.0,6.0,1.0,1.0,1,2,2016-02-11,REG
ANA_CBJ_2016-02-11,ANA,2015020811,away,3,3.0,0.0,1.0,1.0,2.0,1.0,0,2,2016-02-11,SO
ANA_CBJ_2016-02-11,CBJ,2015020811,home,4,4.0,0.0,4.0,1.0,0.0,3.0,1,2,2016-02-11,SO
COL_OTT_2016-02-11,COL,2015020812,away,4,6.0,0.0,1.0,2.0,2.0,0.0,1,2,2016-02-11,REG
COL_OTT_2016-02-11,OTT,2015020812,home,3,2.0,0.0,4.0,0.0,1.0,3.0,0,2,2016-02-11,REG
BOS_WPG_2016-02-11,BOS,2015020814,away,6,5.0,0.0,5.0,0.0,1.0,1.0,1,2,2016-02-11,REG
BOS_WPG_2016-02-11,WPG,2015020814,home,2,1.0,0.0,4.0,1.0,1.0,0.0,0,2,2016-02-11,REG
WSH_MIN_2016-02-11,WSH,2015020813,away,4,3.0,1.0,10.0,3.0,0.0,0.0,1,2,2016-02-11,REG
WSH_MIN_2016-02-11,MIN,2015020813,home,3,0.0,0.0,3.0,1.0,1.0,1.0,0,2,2016-02-11,REG
DAL_CHI_2016-02-11,DAL,2015020815,away,4,1.0,0.0,4.0,2.0,0.0,1.0,1,2,2016-02-11,REG
DAL_CHI_2016-02-11,CHI,2015020815,home,2,4.0,0.0,6.0,4.0,1.0,1.0,0,2,2016-02-11,REG
TOR_EDM_2016-02-11,TOR,2015020816,away,2,1.0,0.0,5.0,2.0,1.0,2.0,0,2,2016-02-11,REG
TOR_EDM_2016-02-11,EDM,2015020816,home,5,1.0,0.0,9.0,2.0,0.0,2.0,1,2,2016-02-11,REG
CGY_SJS_2016-02-11,CGY,2015020817,away,6,2.0,1.0,2.0,6.0,1.0,0.0,1,2,2016-02-11,SO
CGY_SJS_2016-02-11,SJS,2015020817,home,5,0.0,0.0,4.0,0.0,2.0,0.0,0,2,2016-02-11,SO
MTL_BUF_2016-02-12,MTL,2015020818,away,4,0.0,0.0,5.0,0.0,0.0,0.0,0,2,2016-02-12,REG
MTL_BUF_2016-02-12,BUF,2015020818,home,6,4.0,0.0,6.0,2.0,0.0,1.0,1,2,2016-02-12,REG
PIT_CAR_2016-02-12,PIT,2015020820,away,2,1.0,0.0,4.0,5.0,0.0,1.0,1,2,2016-02-12,SO
PIT_CAR_2016-02-12,CAR,2015020820,home,1,2.0,0.0,1.0,0.0,1.0,6.0,0,2,2016-02-12,SO
LAK_NYR_2016-02-12,LAK,2015020819,away,5,9.0,0.0,4.0,2.0,1.0,2.0,1,2,2016-02-12,OT
LAK_NYR_2016-02-12,NYR,2015020819,home,4,5.0,0.0,4.0,5.0,0.0,1.0,0,2,2016-02-12,OT
COL_DET_2016-02-12,COL,2015020821,away,3,5.0,0.0,0.0,4.0,1.0,0.0,1,2,2016-02-12,SO
COL_DET_2016-02-12,DET,2015020821,home,2,3.0,0.0,4.0,0.0,0.0,0.0,0,2,2016-02-12,SO
STL_FLA_2016-02-12,STL,2015020823,away,5,1.0,0.0,3.0,0.0,1.0,0.0,1,2,2016-02-12,REG
STL_FLA_2016-02-12,FLA,2015020823,home,3,4.0,0.0,2.0,1.0,0.0,0.0,0,2,2016-02-12,REG
NSH_TBL_2016-02-12,NSH,2015020822,away,3,6.0,0.0,5.0,0.0,0.0,1.0,0,2,2016-02-12,OT
NSH_TBL_2016-02-12,TBL,2015020822,home,4,2.0,0.0,5.0,0.0,0.0,3.0,1,2,2016-02-12,OT
CGY_ARI_2016-02-12,CGY,2015020824,away,1,6.0,0.0,2.0,3.0,1.0,1.0,0,2,2016-02-12,REG
CGY_ARI_2016-02-12,ARI,2015020824,home,4,1.0,0.0,3.0,1.0,1.0,1.0,1,2,2016-02-12,REG
NJD_PHI_2016-02-13,NJD,2015020825,away,2,5.0,0.0,3.0,2.0,1.0,0.0,1,2,2016-02-13,OT
NJD_PHI_2016-02-13,PHI,2015020825,home,1,4.0,0.0,4.0,4.0,2.0,0.0,0,2,2016-02-13,OT
BOS_MIN_2016-02-13,BOS,2015020826,away,4,4.0,0.0,6.0,2.0,2.0,0.0,1,2,2016-02-13,REG
BOS_MIN_2016-02-13,MIN,2015020826,home,2,3.0,0.0,3.0,0.0,0.0,1.0,0,2,2016-02-13,REG
NSH_FLA_2016-02-13,NSH,2015020827,away,5,9.0,0.0,1.0,1.0,1.0,0.0,1,2,2016-02-13,REG
NSH_FLA_2016-02-13,FLA,2015020827,home,0,3.0,0.0,4.0,4.0,2.0,2.0,0,2,2016-02-13,REG
OTT_CBJ_2016-02-13,OTT,2015020829,away,2,2.0,1.0,4.0,2.0,0.0,1.0,0,2,2016-02-13,REG
OTT_CBJ_2016-02-13,CBJ,2015020829,home,4,2.0,0.0,5.0,3.0,0.0,0.0,1,2,2016-02-13,REG
NYI_CAR_2016-02-13,NYI,2015020828,away,3,5.0,1.0,6.0,2.0,0.0,2.0,0,2,2016-02-13,REG
NYI_CAR_2016-02-13,CAR,2015020828,home,6,5.0,0.0,4.0,2.0,1.0,3.0,1,2,2016-02-13,REG
TOR_VAN_2016-02-13,TOR,2015020830,away,5,2.0,0.0,4.0,2.0,2.0,0.0,1,2,2016-02-13,REG
TOR_VAN_2016-02-13,VAN,2015020830,home,2,0.0,0.0,0.0,1.0,0.0,1.0,0,2,2016-02-13,REG
WSH_DAL_2016-02-13,WSH,2015020831,away,3,5.0,1.0,6.0,4.0,0.0,0.0,0,2,2016-02-13,REG
WSH_DAL_2016-02-13,DAL,2015020831,home,4,0.0,0.0,7.0,3.0,0.0,1.0,1,2,2016-02-13,REG
ANA_CHI_2016-02-13,ANA,2015020832,away,3,9.0,0.0,2.0,1.0,2.0,0.0,1,2,2016-02-13,OT
ANA_CHI_2016-02-13,CHI,2015020832,home,2,1.0,0.0,1.0,3.0,0.0,0.0,0,2,2016-02-13,OT
WPG_EDM_2016-02-13,WPG,2015020833,away,2,2.0,0.0,1.0,2.0,1.0,0.0,1,2,2016-02-13,SO
WPG_EDM_2016-02-13,EDM,2015020833,home,1,3.0,0.0,3.0,5.0,1.0,1.0,0,2,2016-02-13,SO
ARI_SJS_2016-02-13,ARI,2015020834,away,1,1.0,0.0,5.0,3.0,0.0,0.0,0,2,2016-02-13,REG
ARI_SJS_2016-02-13,SJS,2015020834,home,4,2.0,0.0,1.0,4.0,2.0,1.0,1,2,2016-02-13,REG
LAK_NJD_2016-02-14,LAK,2015020836,away,0,5.0,0.0,1.0,2.0,0.0,2.0,0,2,2016-02-14,REG
LAK_NJD_2016-02-14,NJD,2015020836,home,1,2.0,0.0,1.0,2.0,1.0,1.0,1,2,2016-02-14,REG
COL_BUF_2016-02-14,COL,2015020835,away,1,0.0,0.0,3.0,2.0,0.0,0.0,0,2,2016-02-14,REG
COL_BUF_2016-02-14,BUF,2015020835,home,4,3.0,0.0,3.0,1.0,1.0,0.0,1,2,2016-02-14,REG
BOS_DET_2016-02-14,BOS,2015020837,away,5,6.0,0.0,4.0,1.0,1.0,1.0,0,2,2016-02-14,REG
BOS_DET_2016-02-14,DET,2015020837,home,6,1.0,0.0,6.0,2.0,1.0,0.0,1,2,2016-02-14,REG
STL_TBL_2016-02-14,STL,2015020838,away,2,1.0,0.0,1.0,2.0,0.0,1.0,1,2,2016-02-14,REG
STL_TBL_2016-02-14,TBL,2015020838,home,1,4.0,0.0,3.0,0.0,0.0,0.0,0,2,2016-02-14,REG
PHI_NYR_2016-02-14,PHI,2015020839,away,1,7.0,1.0,5.0,2.0,1.0,0.0,0,2,2016-02-14,REG
PHI_NYR_2016-02-14,NYR,2015020839,home,3,8.0,0.0,2.0,4.0,3.0,2.0,1,2,2016-02-14,REG
DET_NYI_2016-02-15,DET,2015020840,away,1,3.0,0.0,3.0,2.0,2.0,1.0,0,2,2016-02-15,REG
DET_NYI_2016-02-15,NYI,2015020840,home,4,1.0,1.0,3.0,2.0,7.0,1.0,1,2,2016-02-15,REG
ANA_CGY_2016-02-15,ANA,2015020841,away,6,1.0,0.0,1.0,1.0,3.0,0.0,1,2,2016-02-15,REG
ANA_CGY_2016-02-15,CGY,2015020841,home,4,2.0,0.0,5.0,1.0,2.0,2.0,0,2,2016-02-15,REG
PIT_FLA_2016-02-15,PIT,2015020842,away,1,1.0,0.0,3.0,2.0,0.0,0.0,0,2,2016-02-15,SO
PIT_FLA_2016-02-15,FLA,2015020842,home,2,2.0,0.0,5.0,2.0,3.0,1.0,1,2,2016-02-15,SO
DAL_NSH_2016-02-15,DAL,2015020843,away,3,1.0,0.0,4.0,2.0,2.0,1.0,1,2,2016-02-15,OT
DAL_NSH_2016-02-15,NSH,2015020843,home,2,1.0,0.0,3.0,1.0,1.0,1.0,0,2,2016-02-15,OT
TOR_CHI_2016-02-15,TOR,2015020844,away,2,2.0,1.0,5.0,2.0,0.0,0.0,0,2,2016-02-15,REG
TOR_CHI_2016-02-15,CHI,2015020844,home,7,2.0,0.0,4.0,3.0,1.0,0.0,1,2,2016-02-15,REG
MTL_ARI_2016-02-15,MTL,2015020845,away,2,1.0,0.0,1.0,1.0,0.0,0.0,0,2,2016-02-15,REG
MTL_ARI_2016-02-15,ARI,2015020845,home,6,4.0,0.0,2.0,0.0,0.0,0.0,1,2,2016-02-15,REG
MIN_VAN_2016-02-15,MIN,2015020846,away,5,2.0,1.0,3.0,2.0,1.0,1.0,1,2,2016-02-15,REG
MIN_VAN_2016-02-15,VAN,2015020846,home,2,2.0,0.0,2.0,0.0,1.0,0.0,0,2,2016-02-15,REG
LAK_WSH_2016-02-16,LAK,2015020848,away,1,1.0,0.0,5.0,2.0,1.0,2.0,0,2,2016-02-16,REG
LAK_WSH_2016-02-16,WSH,2015020848,home,3,7.0,0.0,10.0,2.0,3.0,3.0,1,2,2016-02-16,REG
PHI_NJD_2016-02-16,PHI,2015020847,away,6,1.0,1.0,4.0,0.0,0.0,1.0,1,2,2016-02-16,REG
PHI_NJD_2016-02-16,NJD,2015020847,home,3,0.0,0.0,1.0,1.0,0.0,0.0,0,2,2016-02-16,REG
BOS_CBJ_2016-02-16,BOS,2015020850,away,2,2.0,0.0,3.0,2.0,1.0,0.0,1,2,2016-02-16,OT
BOS_CBJ_2016-02-16,CBJ,2015020850,home,1,0.0,0.0,2.0,0.0,0.0,0.0,0,2,2016-02-16,OT
WPG_CAR_2016-02-16,WPG,2015020849,away,1,1.0,0.0,2.0,4.0,1.0,2.0,0,2,2016-02-16,REG
WPG_CAR_2016-02-16,CAR,2015020849,home,2,2.0,1.0,6.0,1.0,0.0,2.0,1,2,2016-02-16,REG
SJS_TBL_2016-02-16,SJS,2015020852,away,4,2.0,0.0,5.0,3.0,0.0,0.0,1,2,2016-02-16,REG
SJS_TBL_2016-02-16,TBL,2015020852,home,2,2.0,0.0,5.0,0.0,0.0,0.0,0,2,2016-02-16,REG
BUF_OTT_2016-02-16,BUF,2015020851,away,1,1.0,0.0,2.0,1.0,3.0,1.0,0,2,2016-02-16,SO
BUF_OTT_2016-02-16,OTT,2015020851,home,2,6.0,0.0,4.0,0.0,0.0,0.0,1,2,2016-02-16,SO
DAL_STL_2016-02-16,DAL,2015020853,away,1,1.0,0.0,5.0,2.0,1.0,1.0,0,2,2016-02-16,OT
DAL_STL_2016-02-16,STL,2015020853,home,2,1.0,0.0,1.0,3.0,0.0,0.0,1,2,2016-02-16,OT
ANA_EDM_2016-02-16,ANA,2015020854,away,5,3.0,0.0,2.0,3.0,0.0,0.0,1,2,2016-02-16,REG
ANA_EDM_2016-02-16,EDM,2015020854,home,3,3.0,0.0,6.0,4.0,3.0,3.0,0,2,2016-02-16,REG
CHI_NYR_2016-02-17,CHI,2015020855,away,5,1.0,0.0,2.0,0.0,2.0,0.0,1,2,2016-02-17,REG
CHI_NYR_2016-02-17,NYR,2015020855,home,3,5.0,0.0,6.0,1.0,3.0,1.0,0,2,2016-02-17,REG
MTL_COL_2016-02-17,MTL,2015020856,away,2,1.0,0.0,4.0,4.0,0.0,2.0,0,2,2016-02-17,REG
MTL_COL_2016-02-17,COL,2015020856,home,3,3.0,0.0,2.0,5.0,1.0,1.0,1,2,2016-02-17,REG
MIN_CGY_2016-02-17,MIN,2015020857,away,5,0.0,0.0,4.0,0.0,1.0,0.0,1,2,2016-02-17,REG
MIN_CGY_2016-02-17,CGY,2015020857,home,3,4.0,0.0,0.0,2.0,0.0,0.0,0,2,2016-02-17,REG
DET_PIT_2016-02-18,DET,2015020859,away,3,3.0,0.0,9.0,2.0,1.0,0.0,0,2,2016-02-18,REG
DET_PIT_2016-02-18,PIT,2015020859,home,6,0.0,0.0,5.0,1.0,0.0,0.0,1,2,2016-02-18,REG
WSH_NYI_2016-02-18,WSH,2015020858,away,3,4.0,1.0,13.0,3.0,0.0,0.0,1,2,2016-02-18,OT
WSH_NYI_2016-02-18,NYI,2015020858,home,2,1.0,0.0,1.0,2.0,2.0,0.0,0,2,2016-02-18,OT
NYR_TOR_2016-02-18,NYR,2015020860,away,4,5.0,0.0,1.0,5.0,0.0,2.0,1,2,2016-02-18,REG
NYR_TOR_2016-02-18,TOR,2015020860,home,2,2.0,0.0,6.0,0.0,1.0,1.0,0,2,2016-02-18,REG
CAR_OTT_2016-02-18,CAR,2015020861,away,2,1.0,0.0,3.0,4.0,3.0,0.0,0,2,2016-02-18,REG
CAR_OTT_2016-02-18,OTT,2015020861,home,4,3.0,0.0,0.0,1.0,1.0,0.0,1,2,2016-02-18,REG
SJS_FLA_2016-02-18,SJS,2015020863,away,2,2.0,0.0,2.0,1.0,1.0,1.0,1,2,2016-02-18,SO
SJS_FLA_2016-02-18,FLA,2015020863,home,1,0.0,0.0,2.0,2.0,2.0,2.0,0,2,2016-02-18,SO
WPG_TBL_2016-02-18,WPG,2015020862,away,5,3.0,0.0,2.0,0.0,0.0,0.0,0,2,2016-02-18,SO
WPG_TBL_2016-02-18,TBL,2015020862,home,6,2.0,0.0,2.0,1.0,3.0,1.0,1,2,2016-02-18,SO
BOS_NSH_2016-02-18,BOS,2015020865,away,0,5.0,0.0,2.0,4.0,0.0,0.0,0,2,2016-02-18,REG
BOS_NSH_2016-02-18,NSH,2015020865,home,2,0.0,0.0,2.0,3.0,2.0,2.0,1,2,2016-02-18,REG
LAK_STL_2016-02-18,LAK,2015020864,away,1,3.0,0.0,1.0,2.0,1.0,0.0,0,2,2016-02-18,OT
LAK_STL_2016-02-18,STL,2015020864,home,2,3.0,0.0,3.0,3.0,1.0,1.0,1,2,2016-02-18,OT
MIN_EDM_2016-02-18,MIN,2015020866,away,5,0.0,0.0,5.0,3.0,2.0,0.0,1,2,2016-02-18,REG
MIN_EDM_2016-02-18,EDM,2015020866,home,2,1.0,0.0,1.0,1.0,4.0,0.0,0,2,2016-02-18,REG
DAL_ARI_2016-02-18,DAL,2015020867,away,3,1.0,0.0,4.0,0.0,1.0,0.0,0,2,2016-02-18,REG
DAL_ARI_2016-02-18,ARI,2015020867,home,6,1.0,0.0,4.0,8.0,0.0,3.0,1,2,2016-02-18,REG
ANA_VAN_2016-02-18,ANA,2015020868,away,5,3.0,0.0,4.0,1.0,0.0,0.0,1,2,2016-02-18,REG
ANA_VAN_2016-02-18,VAN,2015020868,home,2,1.0,0.0,1.0,1.0,2.0,0.0,0,2,2016-02-18,REG
BUF_CBJ_2016-02-19,BUF,2015020871,away,4,3.0,0.0,7.0,2.0,1.0,2.0,1,2,2016-02-19,REG
BUF_CBJ_2016-02-19,CBJ,2015020871,home,0,3.0,0.0,6.0,0.0,1.0,1.0,0,2,2016-02-19,REG
NYI_NJD_2016-02-19,NYI,2015020869,away,1,2.0,0.0,1.0,1.0,1.0,1.0,1,2,2016-02-19,REG
NYI_NJD_2016-02-19,NJD,2015020869,home,0,0.0,0.0,1.0,2.0,2.0,1.0,0,2,2016-02-19,REG
SJS_CAR_2016-02-19,SJS,2015020870,away,2,2.0,0.0,0.0,1.0,0.0,0.0,0,2,2016-02-19,REG
SJS_CAR_2016-02-19,CAR,2015020870,home,5,5.0,0.0,6.0,2.0,0.0,1.0,1,2,2016-02-19,REG
PHI_MTL_2016-02-19,PHI,2015020872,away,2,6.0,0.0,2.0,1.0,1.0,0.0,0,2,2016-02-19,SO
PHI_MTL_2016-02-19,MTL,2015020872,home,3,3.0,0.0,6.0,0.0,0.0,0.0,1,2,2016-02-19,SO
VAN_CGY_2016-02-19,VAN,2015020873,away,2,2.0,0.0,4.0,3.0,1.0,2.0,0,2,2016-02-19,REG
VAN_CGY_2016-02-19,CGY,2015020873,home,5,1.0,0.0,4.0,1.0,1.0,0.0,1,2,2016-02-19,REG
TBL_PIT_2016-02-20,TBL,2015020874,away,4,3.0,0.0,5.0,3.0,0.0,0.0,1,2,2016-02-20,REG
TBL_PIT_2016-02-20,PIT,2015020874,home,2,2.0,0.0,4.0,3.0,0.0,0.0,0,2,2016-02-20,REG
NJD_WSH_2016-02-20,NJD,2015020878,away,3,1.0,0.0,4.0,2.0,2.0,0.0,0,2,2016-02-20,REG
NJD_WSH_2016-02-20,WSH,2015020878,home,4,5.0,0.0,7.0,0.0,1.0,1.0,1,2,2016-02-20,REG
PHI_TOR_2016-02-20,PHI,2015020875,away,5,10.0,0.0,4.0,5.0,0.0,2.0,1,2,2016-02-20,OT
PHI_TOR_2016-02-20,TOR,2015020875,home,4,2.0,0.0,1.0,5.0,2.0,2.0,0,2,2016-02-20,OT
DET_OTT_2016-02-20,DET,2015020876,away,2,8.0,0.0,4.0,2.0,1.0,0.0,0,2,2016-02-20,SO
DET_OTT_2016-02-20,OTT,2015020876,home,3,7.0,0.0,7.0,0.0,4.0,2.0,1,2,2016-02-20,SO
WPG_FLA_2016-02-20,WPG,2015020877,away,1,2.0,0.0,1.0,2.0,1.0,1.0,0,2,2016-02-20,REG
WPG_FLA_2016-02-20,FLA,2015020877,home,3,3.0,0.0,1.0,2.0,0.0,0.0,1,2,2016-02-20,REG
BOS_DAL_2016-02-20,BOS,2015020880,away,7,1.0,0.0,8.0,1.0,0.0,0.0,1,2,2016-02-20,REG
BOS_DAL_2016-02-20,DAL,2015020880,home,3,2.0,0.0,4.0,0.0,1.0,1.0,0,2,2016-02-20,REG
LAK_NSH_2016-02-20,LAK,2015020879,away,2,2.0,0.0,3.0,1.0,0.0,0.0,1,2,2016-02-20,OT
LAK_NSH_2016-02-20,NSH,2015020879,home,1,2.0,0.0,8.0,2.0,0.0,2.0,0,2,2016-02-20,OT
STL_ARI_2016-02-20,STL,2015020881,away,6,3.0,0.0,6.0,2.0,0.0,0.0,1,2,2016-02-20,REG
STL_ARI_2016-02-20,ARI,2015020881,home,4,1.0,0.0,2.0,3.0,0.0,0.0,0,2,2016-02-20,REG
COL_EDM_2016-02-20,COL,2015020882,away,3,2.0,0.0,2.0,2.0,0.0,1.0,1,2,2016-02-20,REG
COL_EDM_2016-02-20,EDM,2015020882,home,2,1.0,0.0,4.0,3.0,2.0,0.0,0,2,2016-02-20,REG
PIT_BUF_2016-02-21,PIT,2015020883,away,4,0.0,0.0,7.0,2.0,1.0,0.0,1,2,2016-02-21,REG
PIT_BUF_2016-02-21,BUF,2015020883,home,3,2.0,0.0,2.0,1.0,0.0,1.0,0,2,2016-02-21,REG
CHI_MIN_2016-02-21,CHI,2015020884,away,1,1.0,0.0,6.0,2.0,0.0,2.0,0,2,2016-02-21,REG
CHI_MIN_2016-02-21,MIN,2015020884,home,6,0.0,0.0,2.0,3.0,0.0,0.0,1,2,2016-02-21,REG
CGY_ANA_2016-02-21,CGY,2015020887,away,2,6.0,1.0,5.0,2.0,3.0,0.0,0,2,2016-02-21,REG
CGY_ANA_2016-02-21,ANA,2015020887,home,5,3.0,1.0,8.0,2.0,2.0,0.0,1,2,2016-02-21,REG
TBL_CAR_2016-02-21,TBL,2015020886,away,4,1.0,0.0,6.0,1.0,0.0,0.0,1,2,2016-02-21,REG
TBL_CAR_2016-02-21,CAR,2015020886,home,2,2.0,0.0,4.0,1.0,0.0,5.0,0,2,2016-02-21,REG
DET_NYR_2016-02-21,DET,2015020885,away,0,5.0,0.0,4.0,2.0,1.0,1.0,0,2,2016-02-21,OT
DET_NYR_2016-02-21,NYR,2015020885,home,1,3.0,0.0,3.0,2.0,2.0,1.0,1,2,2016-02-21,OT
COL_VAN_2016-02-21,COL,2015020888,away,1,2.0,0.0,4.0,0.0,0.0,0.0,0,2,2016-02-21,REG
COL_VAN_2016-02-21,VAN,2015020888,home,5,1.0,0.0,3.0,1.0,1.0,1.0,1,2,2016-02-21,REG
ARI_WSH_2016-02-22,ARI,2015020890,away,2,2.0,0.0,2.0,1.0,1.0,1.0,0,2,2016-02-22,REG
ARI_WSH_2016-02-22,WSH,2015020890,home,3,2.0,0.0,12.0,5.0,5.0,1.0,1,2,2016-02-22,REG
CBJ_BOS_2016-02-22,CBJ,2015020889,away,6,2.0,0.0,1.0,2.0,1.0,1.0,1,2,2016-02-22,REG
CBJ_BOS_2016-02-22,BOS,2015020889,home,4,6.0,0.0,2.0,2.0,0.0,1.0,0,2,2016-02-22,REG
NSH_MTL_2016-02-22,NSH,2015020891,away,2,2.0,0.0,5.0,0.0,1.0,0.0,1,2,2016-02-22,SO
NSH_MTL_2016-02-22,MTL,2015020891,home,1,2.0,0.0,6.0,0.0,0.0,2.0,0,2,2016-02-22,SO
SJS_STL_2016-02-22,SJS,2015020892,away,6,1.0,0.0,2.0,4.0,0.0,0.0,1,2,2016-02-22,REG
SJS_STL_2016-02-22,STL,2015020892,home,3,0.0,0.0,0.0,1.0,0.0,1.0,0,2,2016-02-22,REG
PHI_CAR_2016-02-23,PHI,2015020894,away,1,2.0,0.0,2.0,3.0,1.0,3.0,0,2,2016-02-23,REG
PHI_CAR_2016-02-23,CAR,2015020894,home,3,3.0,0.0,3.0,0.0,0.0,2.0,1,2,2016-02-23,REG
NYR_NJD_2016-02-23,NYR,2015020893,away,2,2.0,0.0,1.0,2.0,1.0,2.0,0,2,2016-02-23,REG
NYR_NJD_2016-02-23,NJD,2015020893,home,5,4.0,0.0,3.0,1.0,1.0,0.0,1,2,2016-02-23,REG
ARI_TBL_2016-02-23,ARI,2015020897,away,1,4.0,0.0,0.0,2.0,0.0,1.0,0,2,2016-02-23,REG
ARI_TBL_2016-02-23,TBL,2015020897,home,2,1.0,0.0,7.0,1.0,1.0,0.0,1,2,2016-02-23,REG
NSH_TOR_2016-02-23,NSH,2015020895,away,3,2.0,1.0,8.0,3.0,0.0,4.0,1,2,2016-02-23,REG
NSH_TOR_2016-02-23,TOR,2015020895,home,2,2.0,0.0,1.0,3.0,0.0,0.0,0,2,2016-02-23,REG
CBJ_DET_2016-02-23,CBJ,2015020896,away,1,1.0,0.0,1.0,4.0,0.0,0.0,0,2,2016-02-23,SO
CBJ_DET_2016-02-23,DET,2015020896,home,2,2.0,0.0,3.0,0.0,1.0,0.0,1,2,2016-02-23,SO
NYI_MIN_2016-02-23,NYI,2015020898,away,4,1.0,0.0,2.0,4.0,0.0,2.0,1,2,2016-02-23,REG
NYI_MIN_2016-02-23,MIN,2015020898,home,1,0.0,0.0,0.0,0.0,2.0,0.0,0,2,2016-02-23,REG
DAL_WPG_2016-02-23,DAL,2015020899,away,5,1.0,0.0,5.0,2.0,1.0,2.0,1,2,2016-02-23,REG
DAL_WPG_2016-02-23,WPG,2015020899,home,3,1.0,0.0,1.0,1.0,1.0,1.0,0,2,2016-02-23,REG
OTT_EDM_2016-02-23,OTT,2015020900,away,4,4.0,0.0,2.0,1.0,1.0,1.0,1,2,2016-02-23,REG
OTT_EDM_2016-02-23,EDM,2015020900,home,1,5.0,0.0,5.0,4.0,3.0,2.0,0,2,2016-02-23,REG
CGY_LAK_2016-02-23,CGY,2015020901,away,1,1.0,0.0,1.0,1.0,1.0,2.0,0,2,2016-02-23,REG
CGY_LAK_2016-02-23,LAK,2015020901,home,2,2.0,1.0,5.0,1.0,0.0,0.0,1,2,2016-02-23,REG
MTL_WSH_2016-02-24,MTL,2015020902,away,4,4.0,1.0,6.0,5.0,1.0,2.0,1,2,2016-02-24,REG
MTL_WSH_2016-02-24,WSH,2015020902,home,3,6.0,0.0,2.0,2.0,0.0,0.0,0,2,2016-02-24,REG
PIT_BOS_2016-02-24,PIT,2015020903,away,1,1.0,0.0,7.0,2.0,3.0,0.0,0,2,2016-02-24,REG
PIT_BOS_2016-02-24,BOS,2015020903,home,5,2.0,0.0,4.0,1.0,1.0,1.0,1,2,2016-02-24,REG
SJS_COL_2016-02-24,SJS,2015020904,away,3,2.0,0.0,2.0,2.0,0.0,0.0,0,2,2016-02-24,SO
SJS_COL_2016-02-24,COL,2015020904,home,4,1.0,0.0,2.0,1.0,0.0,0.0,1,2,2016-02-24,SO
BUF_ANA_2016-02-24,BUF,2015020905,away,0,3.0,0.0,4.0,1.0,1.0,0.0,0,2,2016-02-24,REG
BUF_ANA_2016-02-24,ANA,2015020905,home,1,1.0,0.0,5.0,0.0,0.0,0.0,1,2,2016-02-24,REG
MIN_PHI_2016-02-25,MIN,2015020906,away,2,3.0,0.0,1.0,1.0,0.0,0.0,0,2,2016-02-25,REG
MIN_PHI_2016-02-25,PHI,2015020906,home,3,3.0,0.0,8.0,2.0,0.0,2.0,1,2,2016-02-25,REG
NJD_CBJ_2016-02-25,NJD,2015020907,away,1,1.0,0.0,3.0,1.0,0.0,0.0,0,2,2016-02-25,REG
NJD_CBJ_2016-02-25,CBJ,2015020907,home,6,1.0,0.0,1.0,3.0,1.0,0.0,1,2,2016-02-25,REG
CAR_TOR_2016-02-25,CAR,2015020908,away,1,4.0,0.0,3.0,4.0,2.0,0.0,0,2,2016-02-25,REG
CAR_TOR_2016-02-25,TOR,2015020908,home,3,2.0,0.0,4.0,1.0,1.0,1.0,1,2,2016-02-25,REG
ARI_FLA_2016-02-25,ARI,2015020909,away,2,3.0,0.0,1.0,0.0,1.0,1.0,0,2,2016-02-25,REG
ARI_FLA_2016-02-25,FLA,2015020909,home,3,2.0,1.0,4.0,2.0,3.0,0.0,1,2,2016-02-25,REG
NYR_STL_2016-02-25,NYR,2015020910,away,2,3.0,0.0,4.0,2.0,0.0,0.0,1,2,2016-02-25,REG
NYR_STL_2016-02-25,STL,2015020910,home,1,0.0,0.0,4.0,3.0,2.0,3.0,0,2,2016-02-25,REG
NSH_CHI_2016-02-25,NSH,2015020911,away,3,2.0,0.0,1.0,5.0,1.0,1.0,1,2,2016-02-25,REG
NSH_CHI_2016-02-25,CHI,2015020911,home,1,4.0,0.0,3.0,1.0,0.0,0.0,0,2,2016-02-25,REG
WPG_DAL_2016-02-25,WPG,2015020912,away,6,3.0,0.0,4.0,1.0,1.0,0.0,1,2,2016-02-25,REG
WPG_DAL_2016-02-25,DAL,2015020912,home,3,2.0,0.0,4.0,1.0,2.0,0.0,0,2,2016-02-25,REG
NYI_CGY_2016-02-25,NYI,2015020913,away,2,1.0,0.0,2.0,2.0,1.0,2.0,1,2,2016-02-25,OT
NYI_CGY_2016-02-25,CGY,2015020913,home,1,0.0,0.0,5.0,4.0,1.0,1.0,0,2,2016-02-25,OT
OTT_VAN_2016-02-25,OTT,2015020914,away,3,2.0,0.0,4.0,1.0,0.0,1.0,0,2,2016-02-25,REG
OTT_VAN_2016-02-25,VAN,2015020914,home,5,1.0,0.0,3.0,2.0,3.0,3.0,1,2,2016-02-25,REG
EDM_LAK_2016-02-25,EDM,2015020915,away,1,3.0,0.0,3.0,2.0,1.0,1.0,0,2,2016-02-25,REG
EDM_LAK_2016-02-25,LAK,2015020915,home,2,1.0,0.0,3.0,4.0,3.0,1.0,1,2,2016-02-25,REG
BOS_CAR_2016-02-26,BOS,2015020918,away,4,3.0,0.0,2.0,5.0,1.0,0.0,1,2,2016-02-26,REG
BOS_CAR_2016-02-26,CAR,2015020918,home,1,3.0,1.0,4.0,1.0,2.0,1.0,0,2,2016-02-26,REG
MIN_WSH_2016-02-26,MIN,2015020917,away,2,1.0,0.0,2.0,1.0,1.0,0.0,0,2,2016-02-26,REG
MIN_WSH_2016-02-26,WSH,2015020917,home,3,8.0,1.0,7.0,0.0,2.0,0.0,1,2,2016-02-26,REG
TBL_NJD_2016-02-26,TBL,2015020916,away,4,1.0,0.0,1.0,0.0,1.0,0.0,1,2,2016-02-26,REG
TBL_NJD_2016-02-26,NJD,2015020916,home,0,1.0,0.0,0.0,1.0,0.0,0.0,0,2,2016-02-26,REG
EDM_ANA_2016-02-26,EDM,2015020919,away,1,5.0,0.0,1.0,7.0,5.0,3.0,0,2,2016-02-26,OT
EDM_ANA_2016-02-26,ANA,2015020919,home,2,1.0,0.0,7.0,2.0,2.0,0.0,1,2,2016-02-26,OT
BUF_SJS_2016-02-26,BUF,2015020920,away,3,3.0,0.0,2.0,2.0,0.0,2.0,1,2,2016-02-26,REG
BUF_SJS_2016-02-26,SJS,2015020920,home,1,3.0,0.0,2.0,1.0,2.0,0.0,0,2,2016-02-26,REG
ARI_PHI_2016-02-27,ARI,2015020921,away,2,3.0,0.0,0.0,3.0,0.0,0.0,0,2,2016-02-27,REG
ARI_PHI_2016-02-27,PHI,2015020921,home,4,5.0,0.0,2.0,5.0,1.0,0.0,1,2,2016-02-27,REG
WPG_PIT_2016-02-27,WPG,2015020922,away,1,5.0,0.0,3.0,0.0,0.0,1.0,0,2,2016-02-27,REG
WPG_PIT_2016-02-27,PIT,2015020922,home,4,1.0,0.0,1.0,1.0,0.0,0.0,1,2,2016-02-27,REG
STL_NSH_2016-02-27,STL,2015020924,away,0,3.0,0.0,2.0,1.0,1.0,1.0,0,2,2016-02-27,REG
STL_NSH_2016-02-27,NSH,2015020924,home,5,7.0,1.0,8.0,0.0,3.0,2.0,1,2,2016-02-27,REG
FLA_CBJ_2016-02-27,FLA,2015020923,away,3,1.0,0.0,3.0,3.0,1.0,1.0,0,2,2016-02-27,SO
FLA_CBJ_2016-02-27,CBJ,2015020923,home,4,1.0,1.0,1.0,2.0,2.0,0.0,1,2,2016-02-27,SO
NYR_DAL_2016-02-27,NYR,2015020925,away,3,3.0,0.0,1.0,5.0,1.0,0.0,1,2,2016-02-27,REG
NYR_DAL_2016-02-27,DAL,2015020925,home,2,2.0,0.0,4.0,3.0,3.0,2.0,0,2,2016-02-27,REG
TOR_MTL_2016-02-27,TOR,2015020926,away,1,3.0,0.0,3.0,0.0,2.0,0.0,0,2,2016-02-27,REG
TOR_MTL_2016-02-27,MTL,2015020926,home,4,3.0,0.0,6.0,1.0,0.0,0.0,1,2,2016-02-27,REG
DET_COL_2016-02-27,DET,2015020927,away,5,4.0,0.0,5.0,2.0,0.0,0.0,1,2,2016-02-27,REG
DET_COL_2016-02-27,COL,2015020927,home,3,5.0,0.0,1.0,1.0,0.0,0.0,0,2,2016-02-27,REG
OTT_CGY_2016-02-27,OTT,2015020928,away,6,1.0,0.0,5.0,0.0,0.0,1.0,1,2,2016-02-27,REG
OTT_CGY_2016-02-27,CGY,2015020928,home,4,4.0,1.0,8.0,3.0,3.0,0.0,0,2,2016-02-27,REG
BUF_LAK_2016-02-27,BUF,2015020929,away,0,3.0,0.0,5.0,1.0,2.0,0.0,0,2,2016-02-27,REG
BUF_LAK_2016-02-27,LAK,2015020929,home,2,1.0,0.0,3.0,1.0,1.0,0.0,1,2,2016-02-27,REG
WSH_CHI_2016-02-28,WSH,2015020930,away,2,11.0,0.0,6.0,1.0,1.0,1.0,0,2,2016-02-28,REG
WSH_CHI_2016-02-28,CHI,2015020930,home,3,4.0,0.0,3.0,0.0,3.0,3.0,1,2,2016-02-28,REG
FLA_MIN_2016-02-28,FLA,2015020932,away,1,4.0,0.0,5.0,2.0,0.0,1.0,0,2,2016-02-28,REG
FLA_MIN_2016-02-28,MIN,2015020932,home,3,1.0,0.0,5.0,2.0,1.0,2.0,1,2,2016-02-28,REG
STL_CAR_2016-02-28,STL,2015020931,away,5,6.0,0.0,4.0,5.0,0.0,0.0,1,2,2016-02-28,REG
STL_CAR_2016-02-28,CAR,2015020931,home,2,4.0,0.0,2.0,1.0,1.0,2.0,0,2,2016-02-28,REG
TBL_BOS_2016-02-28,TBL,2015020933,away,4,0.0,0.0,4.0,3.0,0.0,0.0,1,2,2016-02-28,REG
TBL_BOS_2016-02-28,BOS,2015020933,home,1,3.0,0.0,3.0,0.0,1.0,0.0,0,2,2016-02-28,REG
SJS_VAN_2016-02-28,SJS,2015020934,away,4,0.0,0.0,7.0,2.0,0.0,0.0,1,2,2016-02-28,REG
SJS_VAN_2016-02-28,VAN,2015020934,home,1,0.0,0.0,1.0,0.0,1.0,2.0,0,2,2016-02-28,REG
LAK_ANA_2016-02-28,LAK,2015020935,away,2,2.0,0.0,5.0,0.0,1.0,0.0,0,2,2016-02-28,REG
LAK_ANA_2016-02-28,ANA,2015020935,home,4,5.0,0.0,3.0,0.0,3.0,1.0,1,2,2016-02-28,REG
NYI_EDM_2016-02-28,NYI,2015020936,away,1,1.0,0.0,4.0,2.0,1.0,0.0,0,2,2016-02-28,REG
NYI_EDM_2016-02-28,EDM,2015020936,home,3,4.0,0.0,6.0,2.0,2.0,2.0,1,2,2016-02-28,REG
ARI_PIT_2016-02-29,ARI,2015020939,away,0,0.0,0.0,6.0,4.0,0.0,0.0,0,2,2016-02-29,REG
ARI_PIT_2016-02-29,PIT,2015020939,home,6,1.0,0.0,5.0,1.0,1.0,0.0,1,2,2016-02-29,REG
CGY_PHI_2016-02-29,CGY,2015020938,away,3,3.0,0.0,5.0,3.0,2.0,0.0,0,2,2016-02-29,REG
CGY_PHI_2016-02-29,PHI,2015020938,home,5,4.0,1.0,10.0,0.0,1.0,1.0,1,2,2016-02-29,REG
CBJ_NYR_2016-02-29,CBJ,2015020937,away,1,3.0,0.0,1.0,2.0,3.0,0.0,0,2,2016-02-29,REG
CBJ_NYR_2016-02-29,NYR,2015020937,home,2,1.0,0.0,4.0,5.0,1.0,2.0,1,2,2016-02-29,REG
TBL_TOR_2016-02-29,TBL,2015020940,away,2,3.0,0.0,4.0,2.0,2.0,0.0,1,2,2016-02-29,REG
TBL_TOR_2016-02-29,TOR,2015020940,home,1,4.0,0.0,5.0,1.0,0.0,0.0,0,2,2016-02-29,REG
DET_DAL_2016-02-29,DET,2015020941,away,3,4.0,0.0,3.0,4.0,0.0,0.0,1,2,2016-02-29,OT
DET_DAL_2016-02-29,DAL,2015020941,home,2,1.0,0.0,5.0,1.0,2.0,2.0,0,2,2016-02-29,OT
MTL_SJS_2016-02-29,MTL,2015020942,away,2,4.0,0.0,3.0,3.0,3.0,0.0,0,2,2016-02-29,REG
MTL_SJS_2016-02-29,SJS,2015020942,home,6,1.0,0.0,8.0,1.0,1.0,0.0,1,2,2016-02-29,REG
CGY_BOS_2016-03-01,CGY,2015020943,away,1,3.0,0.0,1.0,0.0,4.0,0.0,0,2,2016-03-01,REG
CGY_BOS_2016-03-01,BOS,2015020943,home,2,1.0,0.0,2.0,0.0,2.0,1.0,1,2,2016-03-01,REG
CAR_NJD_2016-03-01,CAR,2015020945,away,3,5.0,0.0,2.0,0.0,1.0,0.0,1,2,2016-03-01,REG
CAR_NJD_2016-03-01,NJD,2015020945,home,1,5.0,0.0,3.0,0.0,1.0,0.0,0,2,2016-03-01,REG
STL_OTT_2016-03-01,STL,2015020946,away,4,3.0,0.0,2.0,3.0,1.0,1.0,1,2,2016-03-01,SO
STL_OTT_2016-03-01,OTT,2015020946,home,3,8.0,0.0,6.0,5.0,4.0,0.0,0,2,2016-03-01,SO
EDM_BUF_2016-03-01,EDM,2015020944,away,2,1.0,0.0,9.0,2.0,0.0,0.0,1,2,2016-03-01,OT
EDM_BUF_2016-03-01,BUF,2015020944,home,1,5.0,0.0,6.0,2.0,2.0,1.0,0,2,2016-03-01,OT
PIT_WSH_2016-03-01,PIT,2015020720,away,2,1.0,0.0,2.0,0.0,1.0,1.0,0,2,2016-03-01,REG
PIT_WSH_2016-03-01,WSH,2015020720,home,3,8.0,0.0,5.0,1.0,3.0,0.0,1,2,2016-03-01,REG
FLA_WPG_2016-03-01,FLA,2015020949,away,3,0.0,0.0,1.0,2.0,0.0,0.0,1,2,2016-03-01,REG
FLA_WPG_2016-03-01,WPG,2015020949,home,2,3.0,0.0,2.0,1.0,1.0,1.0,0,2,2016-03-01,REG
COL_MIN_2016-03-01,COL,2015020948,away,3,2.0,0.0,3.0,1.0,0.0,0.0,0,2,2016-03-01,REG
COL_MIN_2016-03-01,MIN,2015020948,home,6,2.0,0.0,6.0,1.0,0.0,0.0,1,2,2016-03-01,REG
DAL_NSH_2016-03-01,DAL,2015020947,away,3,1.0,0.0,2.0,1.0,0.0,1.0,0,2,2016-03-01,REG
DAL_NSH_2016-03-01,NSH,2015020947,home,5,1.0,0.0,4.0,1.0,0.0,1.0,1,2,2016-03-01,REG
NYI_VAN_2016-03-01,NYI,2015020950,away,3,1.0,0.0,1.0,2.0,1.0,0.0,1,2,2016-03-01,REG
NYI_VAN_2016-03-01,VAN,2015020950,home,2,2.0,1.0,2.0,0.0,2.0,1.0,0,2,2016-03-01,REG
TOR_WSH_2016-03-02,TOR,2015020951,away,2,4.0,0.0,1.0,2.0,0.0,1.0,0,2,2016-03-02,REG
TOR_WSH_2016-03-02,WSH,2015020951,home,3,3.0,1.0,4.0,4.0,4.0,0.0,1,2,2016-03-02,REG
CHI_DET_2016-03-02,CHI,2015020952,away,5,1.0,0.0,4.0,4.0,0.0,1.0,1,2,2016-03-02,REG
CHI_DET_2016-03-02,DET,2015020952,home,2,6.0,0.0,3.0,3.0,1.0,0.0,0,2,2016-03-02,REG
MTL_ANA_2016-03-02,MTL,2015020953,away,2,4.0,0.0,4.0,2.0,1.0,2.0,0,2,2016-03-02,SO
MTL_ANA_2016-03-02,ANA,2015020953,home,3,5.0,0.0,4.0,3.0,2.0,0.0,1,2,2016-03-02,SO
CHI_BOS_2016-03-03,CHI,2015020954,away,2,1.0,0.0,4.0,2.0,5.0,1.0,0,2,2016-03-03,REG
CHI_BOS_2016-03-03,BOS,2015020954,home,4,2.0,0.0,0.0,3.0,1.0,0.0,1,2,2016-03-03,REG
EDM_PHI_2016-03-03,EDM,2015020956,away,4,3.0,0.0,4.0,7.0,1.0,2.0,1,2,2016-03-03,REG
EDM_PHI_2016-03-03,PHI,2015020956,home,0,7.0,0.0,7.0,1.0,2.0,1.0,0,2,2016-03-03,REG
NYR_PIT_2016-03-03,NYR,2015020957,away,1,4.0,0.0,2.0,4.0,2.0,1.0,0,2,2016-03-03,REG
NYR_PIT_2016-03-03,PIT,2015020957,home,4,4.0,0.0,1.0,2.0,0.0,0.0,1,2,2016-03-03,REG
CGY_BUF_2016-03-03,CGY,2015020955,away,3,2.0,0.0,2.0,2.0,0.0,1.0,0,2,2016-03-03,REG
CGY_BUF_2016-03-03,BUF,2015020955,home,6,1.0,0.0,5.0,1.0,1.0,0.0,1,2,2016-03-03,REG
TBL_OTT_2016-03-03,TBL,2015020959,away,4,5.0,0.0,5.0,5.0,1.0,1.0,1,2,2016-03-03,REG
TBL_OTT_2016-03-03,OTT,2015020959,home,1,5.0,0.0,4.0,3.0,1.0,0.0,0,2,2016-03-03,REG
MIN_TOR_2016-03-03,MIN,2015020958,away,2,0.0,0.0,1.0,1.0,0.0,0.0,1,2,2016-03-03,REG
MIN_TOR_2016-03-03,TOR,2015020958,home,1,2.0,0.0,5.0,4.0,2.0,0.0,0,2,2016-03-03,REG
NYI_WPG_2016-03-03,NYI,2015020961,away,4,2.0,0.0,4.0,1.0,2.0,0.0,1,2,2016-03-03,OT
NYI_WPG_2016-03-03,WPG,2015020961,home,3,1.0,0.0,2.0,0.0,1.0,0.0,0,2,2016-03-03,OT
NJD_NSH_2016-03-03,NJD,2015020960,away,5,1.0,0.0,3.0,3.0,0.0,1.0,1,2,2016-03-03,OT
NJD_NSH_2016-03-03,NSH,2015020960,home,4,2.0,0.0,2.0,1.0,2.0,2.0,0,2,2016-03-03,OT
FLA_COL_2016-03-03,FLA,2015020962,away,2,0.0,0.0,4.0,1.0,0.0,0.0,0,2,2016-03-03,REG
FLA_COL_2016-03-03,COL,2015020962,home,3,3.0,0.0,1.0,2.0,0.0,3.0,1,2,2016-03-03,REG
ANA_ARI_2016-03-03,ANA,2015020963,away,5,4.0,0.0,4.0,1.0,0.0,1.0,1,2,2016-03-03,REG
ANA_ARI_2016-03-03,ARI,2015020963,home,1,0.0,0.0,1.0,3.0,1.0,0.0,0,2,2016-03-03,REG
SJS_VAN_2016-03-03,SJS,2015020964,away,3,3.0,0.0,2.0,1.0,0.0,0.0,1,2,2016-03-03,REG
SJS_VAN_2016-03-03,VAN,2015020964,home,2,0.0,0.0,3.0,3.0,1.0,3.0,0,2,2016-03-03,REG
MTL_LAK_2016-03-03,MTL,2015020965,away,2,5.0,0.0,0.0,1.0,1.0,0.0,0,2,2016-03-03,REG
MTL_LAK_2016-03-03,LAK,2015020965,home,3,4.0,0.0,3.0,2.0,0.0,0.0,1,2,2016-03-03,REG
EDM_CBJ_2016-03-04,EDM,2015020967,away,3,1.0,1.0,11.0,2.0,0.0,0.0,0,2,2016-03-04,REG
EDM_CBJ_2016-03-04,CBJ,2015020967,home,6,4.0,0.0,1.0,6.0,0.0,0.0,1,2,2016-03-04,REG
NYR_WSH_2016-03-04,NYR,2015020966,away,3,3.0,0.0,2.0,3.0,0.0,0.0,1,2,2016-03-04,REG
NYR_WSH_2016-03-04,WSH,2015020966,home,2,5.0,0.0,5.0,3.0,1.0,0.0,0,2,2016-03-04,REG
NJD_DAL_2016-03-04,NJD,2015020968,away,2,2.0,0.0,0.0,5.0,0.0,0.0,0,2,2016-03-04,REG
NJD_DAL_2016-03-04,DAL,2015020968,home,4,1.0,0.0,4.0,3.0,1.0,1.0,1,2,2016-03-04,REG
MIN_BUF_2016-03-05,MIN,2015020969,away,3,0.0,0.0,7.0,2.0,2.0,0.0,1,2,2016-03-05,SO
MIN_BUF_2016-03-05,BUF,2015020969,home,2,4.0,0.0,8.0,1.0,0.0,0.0,0,2,2016-03-05,SO
NSH_COL_2016-03-05,NSH,2015020971,away,5,2.0,0.0,4.0,3.0,0.0,1.0,1,2,2016-03-05,REG
NSH_COL_2016-03-05,COL,2015020971,home,2,5.0,0.0,2.0,5.0,1.0,0.0,0,2,2016-03-05,REG
CGY_PIT_2016-03-05,CGY,2015020970,away,4,3.0,0.0,2.0,1.0,0.0,1.0,1,2,2016-03-05,REG
CGY_PIT_2016-03-05,PIT,2015020970,home,2,1.0,0.0,1.0,0.0,3.0,0.0,0,2,2016-03-05,REG
ANA_LAK_2016-03-05,ANA,2015020972,away,3,4.0,0.0,0.0,2.0,0.0,0.0,1,2,2016-03-05,REG
ANA_LAK_2016-03-05,LAK,2015020972,home,2,1.0,0.0,3.0,0.0,0.0,1.0,0,2,2016-03-05,REG
CAR_TBL_2016-03-05,CAR,2015020975,away,3,4.0,1.0,4.0,2.0,3.0,1.0,0,2,2016-03-05,OT
CAR_TBL_2016-03-05,TBL,2015020975,home,4,3.0,0.0,7.0,2.0,0.0,1.0,1,2,2016-03-05,OT
OTT_TOR_2016-03-05,OTT,2015020974,away,3,1.0,0.0,6.0,3.0,1.0,1.0,1,2,2016-03-05,REG
OTT_TOR_2016-03-05,TOR,2015020974,home,2,7.0,0.0,4.0,3.0,1.0,2.0,0,2,2016-03-05,REG
MTL_WPG_2016-03-05,MTL,2015020977,away,2,2.0,0.0,1.0,1.0,0.0,0.0,0,2,2016-03-05,REG
MTL_WPG_2016-03-05,WPG,2015020977,home,4,5.0,0.0,1.0,0.0,1.0,0.0,1,2,2016-03-05,REG
WSH_BOS_2016-03-05,WSH,2015020973,away,2,4.0,0.0,6.0,3.0,2.0,0.0,1,2,2016-03-05,OT
WSH_BOS_2016-03-05,BOS,2015020973,home,1,3.0,0.0,2.0,5.0,3.0,0.0,0,2,2016-03-05,OT
CBJ_PHI_2016-03-05,CBJ,2015020976,away,0,4.0,0.0,3.0,2.0,2.0,0.0,0,2,2016-03-05,REG
CBJ_PHI_2016-03-05,PHI,2015020976,home,6,7.0,0.0,8.0,2.0,1.0,1.0,1,2,2016-03-05,REG
FLA_ARI_2016-03-05,FLA,2015020978,away,1,3.0,0.0,4.0,1.0,1.0,0.0,0,2,2016-03-05,REG
FLA_ARI_2016-03-05,ARI,2015020978,home,5,4.0,0.0,2.0,2.0,0.0,0.0,1,2,2016-03-05,REG
VAN_SJS_2016-03-05,VAN,2015020979,away,4,2.0,2.0,6.0,3.0,0.0,1.0,1,2,2016-03-05,REG
VAN_SJS_2016-03-05,SJS,2015020979,home,2,5.0,0.0,5.0,3.0,1.0,1.0,0,2,2016-03-05,REG
DAL_OTT_2016-03-06,DAL,2015020980,away,2,1.0,0.0,1.0,5.0,0.0,0.0,1,2,2016-03-06,REG
DAL_OTT_2016-03-06,OTT,2015020980,home,1,0.0,0.0,2.0,1.0,1.0,0.0,0,2,2016-03-06,REG
NYI_NYR_2016-03-06,NYI,2015020982,away,6,1.0,0.0,4.0,1.0,0.0,0.0,1,2,2016-03-06,REG
NYI_NYR_2016-03-06,NYR,2015020982,home,4,4.0,0.0,1.0,3.0,4.0,0.0,0,2,2016-03-06,REG
PIT_NJD_2016-03-06,PIT,2015020981,away,6,0.0,0.0,2.0,2.0,1.0,0.0,1,2,2016-03-06,REG
PIT_NJD_2016-03-06,NJD,2015020981,home,1,1.0,0.0,2.0,0.0,0.0,0.0,0,2,2016-03-06,REG
DET_CHI_2016-03-06,DET,2015020983,away,1,6.0,0.0,4.0,2.0,0.0,1.0,0,2,2016-03-06,REG
DET_CHI_2016-03-06,CHI,2015020983,home,4,2.0,1.0,3.0,5.0,1.0,0.0,1,2,2016-03-06,REG
EDM_WPG_2016-03-06,EDM,2015020984,away,2,0.0,0.0,4.0,2.0,2.0,0.0,1,2,2016-03-06,REG
EDM_WPG_2016-03-06,WPG,2015020984,home,1,1.0,0.0,3.0,1.0,0.0,0.0,0,2,2016-03-06,REG
STL_MIN_2016-03-06,STL,2015020985,away,4,1.0,0.0,6.0,1.0,0.0,2.0,1,2,2016-03-06,REG
STL_MIN_2016-03-06,MIN,2015020985,home,2,3.0,0.0,4.0,1.0,1.0,0.0,0,2,2016-03-06,REG
TBL_PHI_2016-03-07,TBL,2015020986,away,2,2.0,0.0,0.0,4.0,3.0,1.0,0,2,2016-03-07,REG
TBL_PHI_2016-03-07,PHI,2015020986,home,4,11.0,0.0,6.0,2.0,1.0,0.0,1,2,2016-03-07,REG
BOS_FLA_2016-03-07,BOS,2015020988,away,5,0.0,0.0,3.0,2.0,1.0,0.0,1,2,2016-03-07,OT
BOS_FLA_2016-03-07,FLA,2015020988,home,4,3.0,0.0,6.0,0.0,1.0,0.0,0,2,2016-03-07,OT
BUF_TOR_2016-03-07,BUF,2015020987,away,4,4.0,0.0,3.0,0.0,2.0,2.0,1,2,2016-03-07,SO
BUF_TOR_2016-03-07,TOR,2015020987,home,3,3.0,0.0,5.0,5.0,0.0,1.0,0,2,2016-03-07,SO
ARI_COL_2016-03-07,ARI,2015020989,away,1,2.0,0.0,5.0,0.0,0.0,0.0,0,2,2016-03-07,REG
ARI_COL_2016-03-07,COL,2015020989,home,3,5.0,0.0,2.0,4.0,1.0,0.0,1,2,2016-03-07,REG
SJS_CGY_2016-03-07,SJS,2015020990,away,2,3.0,0.0,4.0,1.0,0.0,0.0,1,2,2016-03-07,OT
SJS_CGY_2016-03-07,CGY,2015020990,home,1,1.0,1.0,3.0,0.0,3.0,0.0,0,2,2016-03-07,OT
WSH_ANA_2016-03-07,WSH,2015020991,away,2,5.0,0.0,7.0,2.0,3.0,0.0,1,2,2016-03-07,SO
WSH_ANA_2016-03-07,ANA,2015020991,home,1,7.0,0.0,4.0,1.0,2.0,1.0,0,2,2016-03-07,SO
VAN_LAK_2016-03-07,VAN,2015020992,away,1,1.0,0.0,4.0,1.0,1.0,1.0,0,2,2016-03-07,REG
VAN_LAK_2016-03-07,LAK,2015020992,home,5,2.0,0.0,1.0,2.0,0.0,0.0,1,2,2016-03-07,REG
OTT_CAR_2016-03-08,OTT,2015020995,away,3,2.0,0.0,2.0,2.0,0.0,1.0,0,2,2016-03-08,SO
OTT_CAR_2016-03-08,CAR,2015020995,home,4,2.0,0.0,5.0,1.0,3.0,1.0,1,2,2016-03-08,SO
DET_CBJ_2016-03-08,DET,2015020996,away,3,8.0,0.0,1.0,3.0,0.0,1.0,0,2,2016-03-08,REG
DET_CBJ_2016-03-08,CBJ,2015020996,home,5,2.0,0.0,2.0,2.0,0.0,2.0,1,2,2016-03-08,REG
NYR_BUF_2016-03-08,NYR,2015020993,away,4,5.0,0.0,3.0,4.0,2.0,1.0,1,2,2016-03-08,REG
NYR_BUF_2016-03-08,BUF,2015020993,home,2,0.0,0.0,5.0,1.0,0.0,2.0,0,2,2016-03-08,REG
PIT_NYI_2016-03-08,PIT,2015020994,away,1,2.0,0.0,3.0,1.0,1.0,0.0,0,2,2016-03-08,REG
PIT_NYI_2016-03-08,NYI,2015020994,home,2,1.0,0.0,2.0,1.0,2.0,1.0,1,2,2016-03-08,REG
DAL_MTL_2016-03-08,DAL,2015020997,away,3,4.0,0.0,0.0,7.0,3.0,1.0,0,2,2016-03-08,OT
DAL_MTL_2016-03-08,MTL,2015020997,home,4,10.0,0.0,3.0,3.0,3.0,0.0,1,2,2016-03-08,OT
BOS_TBL_2016-03-08,BOS,2015020998,away,1,9.0,0.0,5.0,3.0,1.0,1.0,1,2,2016-03-08,OT
BOS_TBL_2016-03-08,TBL,2015020998,home,0,1.0,0.0,8.0,0.0,0.0,1.0,0,2,2016-03-08,OT
NSH_WPG_2016-03-08,NSH,2015020999,away,4,4.0,0.0,5.0,2.0,0.0,1.0,1,2,2016-03-08,REG
NSH_WPG_2016-03-08,WPG,2015020999,home,2,3.0,0.0,2.0,0.0,0.0,0.0,0,2,2016-03-08,REG
SJS_EDM_2016-03-08,SJS,2015021000,away,3,2.0,0.0,2.0,1.0,0.0,2.0,1,2,2016-03-08,REG
SJS_EDM_2016-03-08,EDM,2015021000,home,0,2.0,0.0,7.0,3.0,3.0,0.0,0,2,2016-03-08,REG
NYI_TOR_2016-03-09,NYI,2015021001,away,3,0.0,0.0,3.0,0.0,0.0,1.0,0,2,2016-03-09,SO
NYI_TOR_2016-03-09,TOR,2015021001,home,4,6.0,0.0,1.0,3.0,1.0,1.0,1,2,2016-03-09,SO
CHI_STL_2016-03-09,CHI,2015021002,away,2,2.0,0.0,3.0,3.0,1.0,1.0,0,2,2016-03-09,SO
CHI_STL_2016-03-09,STL,2015021002,home,3,3.0,0.0,0.0,0.0,0.0,1.0,1,2,2016-03-09,SO
NSH_CGY_2016-03-09,NSH,2015021003,away,2,4.0,0.0,5.0,1.0,1.0,4.0,0,2,2016-03-09,OT
NSH_CGY_2016-03-09,CGY,2015021003,home,3,2.0,0.0,3.0,2.0,0.0,1.0,1,2,2016-03-09,OT
ANA_COL_2016-03-09,ANA,2015021004,away,0,1.0,0.0,5.0,3.0,0.0,1.0,0,2,2016-03-09,REG
ANA_COL_2016-03-09,COL,2015021004,home,3,2.0,0.0,3.0,1.0,0.0,4.0,1,2,2016-03-09,REG
ARI_VAN_2016-03-09,ARI,2015021005,away,2,1.0,1.0,5.0,2.0,0.0,0.0,0,2,2016-03-09,OT
ARI_VAN_2016-03-09,VAN,2015021005,home,3,2.0,0.0,3.0,3.0,2.0,0.0,1,2,2016-03-09,OT
WSH_LAK_2016-03-09,WSH,2015021006,away,3,5.0,0.0,5.0,1.0,2.0,0.0,0,2,2016-03-09,OT
WSH_LAK_2016-03-09,LAK,2015021006,home,4,3.0,0.0,1.0,0.0,0.0,1.0,1,2,2016-03-09,OT
CAR_BOS_2016-03-10,CAR,2015021007,away,3,5.0,0.0,6.0,0.0,2.0,1.0,1,2,2016-03-10,OT
CAR_BOS_2016-03-10,BOS,2015021007,home,2,1.0,0.0,3.0,0.0,2.0,1.0,0,2,2016-03-10,OT
BUF_MTL_2016-03-10,BUF,2015021008,away,2,6.0,0.0,8.0,1.0,1.0,0.0,0,2,2016-03-10,REG
BUF_MTL_2016-03-10,MTL,2015021008,home,3,6.0,0.0,0.0,2.0,1.0,0.0,1,2,2016-03-10,REG
WPG_DET_2016-03-10,WPG,2015021009,away,2,3.0,0.0,0.0,2.0,0.0,3.0,0,2,2016-03-10,REG
WPG_DET_2016-03-10,DET,2015021009,home,3,10.0,0.0,3.0,0.0,1.0,0.0,1,2,2016-03-10,REG
OTT_FLA_2016-03-10,OTT,2015021010,away,2,3.0,0.0,1.0,2.0,2.0,1.0,0,2,2016-03-10,REG
OTT_FLA_2016-03-10,FLA,2015021010,home,6,0.0,0.0,6.0,2.0,3.0,3.0,1,2,2016-03-10,REG
EDM_MIN_2016-03-10,EDM,2015021011,away,2,0.0,0.0,3.0,2.0,0.0,0.0,1,2,2016-03-10,REG
EDM_MIN_2016-03-10,MIN,2015021011,home,1,1.0,0.0,4.0,2.0,0.0,0.0,0,2,2016-03-10,REG
NJD_SJS_2016-03-10,NJD,2015021012,away,3,2.0,0.0,2.0,3.0,0.0,2.0,1,2,2016-03-10,REG
NJD_SJS_2016-03-10,SJS,2015021012,home,0,4.0,0.0,5.0,4.0,1.0,2.0,0,2,2016-03-10,REG
PIT_CBJ_2016-03-11,PIT,2015021013,away,3,0.0,0.0,1.0,2.0,0.0,0.0,1,2,2016-03-11,REG
PIT_CBJ_2016-03-11,CBJ,2015021013,home,2,0.0,0.0,2.0,3.0,1.0,0.0,0,2,2016-03-11,REG
PHI_TBL_2016-03-11,PHI,2015021014,away,3,6.0,0.0,6.0,2.0,1.0,0.0,1,2,2016-03-11,REG
PHI_TBL_2016-03-11,TBL,2015021014,home,1,0.0,0.0,3.0,1.0,0.0,0.0,0,2,2016-03-11,REG
ANA_STL_2016-03-11,ANA,2015021015,away,2,1.0,0.0,2.0,3.0,0.0,0.0,0,2,2016-03-11,REG
ANA_STL_2016-03-11,STL,2015021015,home,5,3.0,0.0,1.0,0.0,0.0,1.0,1,2,2016-03-11,REG
CHI_DAL_2016-03-11,CHI,2015021016,away,2,0.0,0.0,0.0,2.0,1.0,0.0,0,2,2016-03-11,REG
CHI_DAL_2016-03-11,DAL,2015021016,home,5,1.0,0.0,2.0,7.0,0.0,3.0,1,2,2016-03-11,REG
ARI_CGY_2016-03-11,ARI,2015021017,away,4,0.0,0.0,1.0,0.0,1.0,0.0,1,2,2016-03-11,REG
ARI_CGY_2016-03-11,CGY,2015021017,home,1,2.0,0.0,2.0,2.0,1.0,1.0,0,2,2016-03-11,REG
CAR_BUF_2016-03-12,CAR,2015021020,away,2,1.0,0.0,3.0,2.0,0.0,0.0,0,2,2016-03-12,OT
CAR_BUF_2016-03-12,BUF,2015021020,home,3,3.0,0.0,7.0,1.0,0.0,1.0,1,2,2016-03-12,OT
NYI_BOS_2016-03-12,NYI,2015021018,away,1,0.0,0.0,3.0,2.0,3.0,2.0,0,2,2016-03-12,REG
NYI_BOS_2016-03-12,BOS,2015021018,home,3,2.0,0.0,4.0,3.0,1.0,0.0,1,2,2016-03-12,REG
NYR_DET_2016-03-12,NYR,2015021019,away,2,6.0,0.0,2.0,5.0,0.0,0.0,0,2,2016-03-12,OT
NYR_DET_2016-03-12,DET,2015021019,home,3,5.0,0.0,4.0,2.0,0.0,0.0,1,2,2016-03-12,OT
PHI_FLA_2016-03-12,PHI,2015021023,away,4,3.0,0.0,3.0,1.0,3.0,2.0,0,2,2016-03-12,SO
PHI_FLA_2016-03-12,FLA,2015021023,home,5,2.0,0.0,4.0,1.0,1.0,2.0,1,2,2016-03-12,SO
MIN_MTL_2016-03-12,MIN,2015021021,away,4,3.0,0.0,2.0,3.0,1.0,1.0,1,2,2016-03-12,REG
MIN_MTL_2016-03-12,MTL,2015021021,home,1,6.0,0.0,6.0,1.0,1.0,0.0,0,2,2016-03-12,REG
TOR_OTT_2016-03-12,TOR,2015021022,away,0,7.0,0.0,4.0,1.0,3.0,1.0,0,2,2016-03-12,REG
TOR_OTT_2016-03-12,OTT,2015021022,home,4,3.0,0.0,1.0,4.0,0.0,2.0,1,2,2016-03-12,REG
COL_WPG_2016-03-12,COL,2015021024,away,2,5.0,0.0,1.0,1.0,0.0,0.0,0,2,2016-03-12,REG
COL_WPG_2016-03-12,WPG,2015021024,home,3,4.0,0.0,1.0,2.0,2.0,0.0,1,2,2016-03-12,REG
STL_DAL_2016-03-12,STL,2015021025,away,5,3.0,0.0,2.0,1.0,0.0,0.0,1,2,2016-03-12,OT
STL_DAL_2016-03-12,DAL,2015021025,home,4,0.0,0.0,2.0,2.0,1.0,0.0,0,2,2016-03-12,OT
ARI_EDM_2016-03-12,ARI,2015021026,away,4,0.0,0.0,4.0,2.0,2.0,2.0,1,2,2016-03-12,REG
ARI_EDM_2016-03-12,EDM,2015021026,home,0,1.0,0.0,9.0,3.0,6.0,1.0,0,2,2016-03-12,REG
NSH_VAN_2016-03-12,NSH,2015021027,away,2,1.0,0.0,3.0,2.0,1.0,2.0,0,2,2016-03-12,REG
NSH_VAN_2016-03-12,VAN,2015021027,home,4,2.0,0.0,2.0,0.0,1.0,0.0,1,2,2016-03-12,REG
WSH_SJS_2016-03-12,WSH,2015021029,away,2,7.0,0.0,3.0,3.0,4.0,2.0,0,2,2016-03-12,REG
WSH_SJS_2016-03-12,SJS,2015021029,home,5,2.0,1.0,4.0,1.0,2.0,1.0,1,2,2016-03-12,REG
NJD_LAK_2016-03-12,NJD,2015021028,away,2,3.0,0.0,3.0,1.0,1.0,0.0,1,2,2016-03-12,OT
NJD_LAK_2016-03-12,LAK,2015021028,home,1,2.0,0.0,1.0,0.0,1.0,0.0,0,2,2016-03-12,OT
PIT_NYR_2016-03-13,PIT,2015021030,away,5,1.0,0.0,3.0,2.0,1.0,1.0,1,2,2016-03-13,REG
PIT_NYR_2016-03-13,NYR,2015021030,home,3,4.0,0.0,3.0,3.0,5.0,0.0,0,2,2016-03-13,REG
TBL_CBJ_2016-03-13,TBL,2015021031,away,4,1.0,0.0,5.0,2.0,0.0,0.0,1,2,2016-03-13,REG
TBL_CBJ_2016-03-13,CBJ,2015021031,home,0,3.0,0.0,3.0,1.0,0.0,0.0,0,2,2016-03-13,REG
TOR_DET_2016-03-13,TOR,2015021032,away,1,0.0,0.0,5.0,1.0,0.0,0.0,1,2,2016-03-13,REG
TOR_DET_2016-03-13,DET,2015021032,home,0,4.0,0.0,2.0,0.0,0.0,0.0,0,2,2016-03-13,REG
FLA_NYI_2016-03-14,FLA,2015021033,away,2,0.0,0.0,4.0,2.0,0.0,1.0,0,2,2016-03-14,REG
FLA_NYI_2016-03-14,NYI,2015021033,home,3,1.0,0.0,2.0,0.0,1.0,1.0,1,2,2016-03-14,REG
LAK_CHI_2016-03-14,LAK,2015021034,away,5,8.0,0.0,3.0,0.0,0.0,0.0,1,2,2016-03-14,REG
LAK_CHI_2016-03-14,CHI,2015021034,home,0,0.0,0.0,3.0,5.0,1.0,1.0,0,2,2016-03-14,REG
STL_CGY_2016-03-14,STL,2015021035,away,4,3.0,0.0,3.0,2.0,0.0,2.0,0,2,2016-03-14,REG
STL_CGY_2016-03-14,CGY,2015021035,home,7,4.0,0.0,2.0,0.0,1.0,1.0,1,2,2016-03-14,REG
NSH_EDM_2016-03-14,NSH,2015021036,away,3,5.0,0.0,3.0,5.0,2.0,1.0,1,2,2016-03-14,REG
NSH_EDM_2016-03-14,EDM,2015021036,home,2,1.0,0.0,4.0,0.0,1.0,3.0,0,2,2016-03-14,REG
WPG_VAN_2016-03-14,WPG,2015021037,away,5,3.0,0.0,5.0,0.0,0.0,1.0,1,2,2016-03-14,REG
WPG_VAN_2016-03-14,VAN,2015021037,home,2,3.0,0.0,2.0,1.0,1.0,1.0,0,2,2016-03-14,REG
NJD_ANA_2016-03-14,NJD,2015021038,away,1,2.0,0.0,2.0,0.0,2.0,0.0,0,2,2016-03-14,REG
NJD_ANA_2016-03-14,ANA,2015021038,home,7,5.0,0.0,3.0,1.0,0.0,2.0,1,2,2016-03-14,REG
CAR_WSH_2016-03-15,CAR,2015021041,away,1,2.0,0.0,4.0,1.0,1.0,0.0,0,2,2016-03-15,OT
CAR_WSH_2016-03-15,WSH,2015021041,home,2,7.0,0.0,9.0,3.0,1.0,1.0,1,2,2016-03-15,OT
NYI_PIT_2016-03-15,NYI,2015021040,away,1,3.0,0.0,4.0,4.0,0.0,1.0,0,2,2016-03-15,SO
NYI_PIT_2016-03-15,PIT,2015021040,home,2,5.0,0.0,4.0,2.0,0.0,2.0,1,2,2016-03-15,SO
FLA_MTL_2016-03-15,FLA,2015021043,away,4,0.0,0.0,4.0,3.0,0.0,0.0,1,2,2016-03-15,REG
FLA_MTL_2016-03-15,MTL,2015021043,home,1,8.0,0.0,1.0,1.0,2.0,0.0,0,2,2016-03-15,REG
MIN_OTT_2016-03-15,MIN,2015021044,away,2,5.0,0.0,3.0,2.0,1.0,1.0,0,2,2016-03-15,OT
MIN_OTT_2016-03-15,OTT,2015021044,home,3,7.0,0.0,1.0,0.0,2.0,1.0,1,2,2016-03-15,OT
TBL_TOR_2016-03-15,TBL,2015021042,away,1,1.0,0.0,2.0,1.0,1.0,0.0,0,2,2016-03-15,REG
TBL_TOR_2016-03-15,TOR,2015021042,home,4,1.0,0.0,5.0,2.0,0.0,0.0,1,2,2016-03-15,REG
DET_PHI_2016-03-15,DET,2015021039,away,3,7.0,0.0,4.0,5.0,3.0,2.0,0,2,2016-03-15,REG
DET_PHI_2016-03-15,PHI,2015021039,home,4,7.0,0.0,6.0,2.0,0.0,0.0,1,2,2016-03-15,REG
LAK_DAL_2016-03-15,LAK,2015021045,away,5,4.0,0.0,2.0,0.0,2.0,0.0,1,2,2016-03-15,REG
LAK_DAL_2016-03-15,DAL,2015021045,home,2,2.0,0.0,1.0,4.0,3.0,2.0,0,2,2016-03-15,REG
BOS_SJS_2016-03-15,BOS,2015021046,away,2,1.0,0.0,0.0,3.0,1.0,0.0,0,2,2016-03-15,REG
BOS_SJS_2016-03-15,SJS,2015021046,home,3,3.0,0.0,1.0,4.0,1.0,1.0,1,2,2016-03-15,REG
MTL_BUF_2016-03-16,MTL,2015021047,away,3,5.0,0.0,1.0,4.0,2.0,1.0,1,2,2016-03-16,OT
MTL_BUF_2016-03-16,BUF,2015021047,home,2,5.0,0.0,7.0,0.0,2.0,1.0,0,2,2016-03-16,OT
PHI_CHI_2016-03-16,PHI,2015021048,away,3,6.0,0.0,2.0,5.0,0.0,0.0,1,2,2016-03-16,REG
PHI_CHI_2016-03-16,CHI,2015021048,home,2,2.0,0.0,3.0,1.0,0.0,0.0,0,2,2016-03-16,REG
STL_EDM_2016-03-16,STL,2015021049,away,4,2.0,0.0,0.0,2.0,0.0,0.0,0,2,2016-03-16,REG
STL_EDM_2016-03-16,EDM,2015021049,home,6,0.0,0.0,6.0,1.0,4.0,0.0,1,2,2016-03-16,REG
WPG_CGY_2016-03-16,WPG,2015021050,away,1,1.0,0.0,0.0,1.0,0.0,0.0,0,2,2016-03-16,REG
WPG_CGY_2016-03-16,CGY,2015021050,home,4,5.0,0.0,3.0,5.0,3.0,2.0,1,2,2016-03-16,REG
COL_VAN_2016-03-16,COL,2015021051,away,3,5.0,0.0,2.0,6.0,2.0,0.0,1,2,2016-03-16,REG
COL_VAN_2016-03-16,VAN,2015021051,home,1,0.0,0.0,3.0,0.0,1.0,1.0,0,2,2016-03-16,REG
NYR_ANA_2016-03-16,NYR,2015021052,away,2,5.0,0.0,3.0,7.0,1.0,0.0,1,2,2016-03-16,REG
NYR_ANA_2016-03-16,ANA,2015021052,home,1,1.0,0.0,3.0,1.0,1.0,0.0,0,2,2016-03-16,REG
DET_CBJ_2016-03-17,DET,2015021055,away,3,2.0,0.0,2.0,0.0,0.0,1.0,1,2,2016-03-17,REG
DET_CBJ_2016-03-17,CBJ,2015021055,home,1,5.0,0.0,3.0,3.0,0.0,1.0,0,2,2016-03-17,REG
MIN_NJD_2016-03-17,MIN,2015021053,away,4,2.0,0.0,3.0,3.0,0.0,2.0,0,2,2016-03-17,REG
MIN_NJD_2016-03-17,NJD,2015021053,home,7,0.0,0.0,0.0,1.0,0.0,0.0,1,2,2016-03-17,REG
CAR_PIT_2016-03-17,CAR,2015021054,away,2,3.0,0.0,5.0,1.0,1.0,2.0,0,2,2016-03-17,REG
CAR_PIT_2016-03-17,PIT,2015021054,home,4,3.0,0.0,5.0,1.0,2.0,1.0,1,2,2016-03-17,REG
FLA_TOR_2016-03-17,FLA,2015021056,away,4,0.0,0.0,3.0,4.0,1.0,1.0,1,2,2016-03-17,REG
FLA_TOR_2016-03-17,TOR,2015021056,home,1,5.0,0.0,6.0,3.0,0.0,3.0,0,2,2016-03-17,REG
NYI_NSH_2016-03-17,NYI,2015021057,away,2,3.0,0.0,5.0,0.0,0.0,0.0,0,2,2016-03-17,REG
NYI_NSH_2016-03-17,NSH,2015021057,home,4,9.0,0.0,5.0,2.0,0.0,0.0,1,2,2016-03-17,REG
TBL_DAL_2016-03-17,TBL,2015021058,away,3,2.0,0.0,1.0,1.0,0.0,1.0,0,2,2016-03-17,REG
TBL_DAL_2016-03-17,DAL,2015021058,home,4,1.0,0.0,1.0,2.0,2.0,0.0,1,2,2016-03-17,REG
SJS_ARI_2016-03-17,SJS,2015021059,away,1,2.0,0.0,1.0,1.0,0.0,0.0,0,2,2016-03-17,REG
SJS_ARI_2016-03-17,ARI,2015021059,home,3,3.0,0.0,4.0,2.0,1.0,0.0,1,2,2016-03-17,REG
NYR_LAK_2016-03-17,NYR,2015021060,away,3,6.0,0.0,3.0,4.0,2.0,0.0,0,2,2016-03-17,OT
NYR_LAK_2016-03-17,LAK,2015021060,home,4,3.0,0.0,3.0,1.0,1.0,0.0,1,2,2016-03-17,OT
NSH_WSH_2016-03-18,NSH,2015021062,away,1,2.0,1.0,4.0,2.0,1.0,3.0,0,2,2016-03-18,REG
NSH_WSH_2016-03-18,WSH,2015021062,home,4,4.0,0.0,7.0,1.0,1.0,2.0,1,2,2016-03-18,REG
OTT_BUF_2016-03-18,OTT,2015021061,away,1,1.0,0.0,7.0,1.0,1.0,0.0,0,2,2016-03-18,REG
OTT_BUF_2016-03-18,BUF,2015021061,home,3,3.0,0.0,8.0,1.0,1.0,1.0,1,2,2016-03-18,REG
CHI_WPG_2016-03-18,CHI,2015021063,away,4,2.0,0.0,4.0,1.0,0.0,0.0,1,2,2016-03-18,REG
CHI_WPG_2016-03-18,WPG,2015021063,home,0,4.0,0.0,3.0,0.0,1.0,1.0,0,2,2016-03-18,REG
VAN_EDM_2016-03-18,VAN,2015021065,away,0,2.0,0.0,2.0,0.0,1.0,0.0,0,2,2016-03-18,REG
VAN_EDM_2016-03-18,EDM,2015021065,home,2,1.0,0.0,6.0,3.0,2.0,1.0,1,2,2016-03-18,REG
COL_CGY_2016-03-18,COL,2015021064,away,4,1.0,0.0,1.0,3.0,1.0,1.0,1,2,2016-03-18,SO
COL_CGY_2016-03-18,CGY,2015021064,home,3,1.0,0.0,1.0,0.0,1.0,0.0,0,2,2016-03-18,SO
BOS_ANA_2016-03-18,BOS,2015021066,away,0,7.0,0.0,2.0,2.0,4.0,0.0,0,2,2016-03-18,REG
BOS_ANA_2016-03-18,ANA,2015021066,home,4,1.0,0.0,4.0,2.0,0.0,1.0,1,2,2016-03-18,REG
PIT_PHI_2016-03-19,PIT,2015021067,away,4,1.0,0.0,9.0,2.0,0.0,1.0,1,2,2016-03-19,REG
PIT_PHI_2016-03-19,PHI,2015021067,home,1,12.0,0.0,4.0,3.0,6.0,1.0,0,2,2016-03-19,REG
CAR_MIN_2016-03-19,CAR,2015021068,away,2,2.0,0.0,3.0,1.0,0.0,0.0,0,2,2016-03-19,SO
CAR_MIN_2016-03-19,MIN,2015021068,home,3,0.0,0.0,0.0,1.0,0.0,0.0,1,2,2016-03-19,SO
NYR_SJS_2016-03-19,NYR,2015021069,away,1,3.0,0.0,0.0,3.0,4.0,1.0,0,2,2016-03-19,REG
NYR_SJS_2016-03-19,SJS,2015021069,home,4,4.0,0.0,4.0,0.0,0.0,1.0,1,2,2016-03-19,REG
MTL_OTT_2016-03-19,MTL,2015021071,away,0,9.0,0.0,2.0,2.0,0.0,1.0,0,2,2016-03-19,REG
MTL_OTT_2016-03-19,OTT,2015021071,home,5,6.0,0.0,5.0,3.0,0.0,0.0,1,2,2016-03-19,REG
DET_FLA_2016-03-19,DET,2015021072,away,5,2.0,0.0,2.0,0.0,2.0,0.0,1,2,2016-03-19,REG
DET_FLA_2016-03-19,FLA,2015021072,home,3,1.0,0.0,6.0,2.0,2.0,0.0,0,2,2016-03-19,REG
NJD_CBJ_2016-03-19,NJD,2015021073,away,3,1.0,0.0,2.0,4.0,0.0,0.0,0,2,2016-03-19,REG
NJD_CBJ_2016-03-19,CBJ,2015021073,home,6,2.0,0.0,3.0,1.0,1.0,0.0,1,2,2016-03-19,REG
BUF_TOR_2016-03-19,BUF,2015021070,away,1,5.0,0.0,1.0,0.0,0.0,0.0,0,2,2016-03-19,REG
BUF_TOR_2016-03-19,TOR,2015021070,home,4,3.0,0.0,3.0,2.0,2.0,0.0,1,2,2016-03-19,REG
NYI_DAL_2016-03-19,NYI,2015021074,away,0,0.0,0.0,4.0,1.0,0.0,0.0,0,2,2016-03-19,REG
NYI_DAL_2016-03-19,DAL,2015021074,home,3,2.0,0.0,3.0,4.0,0.0,0.0,1,2,2016-03-19,REG
TBL_ARI_2016-03-19,TBL,2015021076,away,2,1.0,0.0,2.0,2.0,0.0,0.0,1,2,2016-03-19,REG
TBL_ARI_2016-03-19,ARI,2015021076,home,0,3.0,0.0,2.0,4.0,1.0,0.0,0,2,2016-03-19,REG
STL_VAN_2016-03-19,STL,2015021075,away,3,0.0,0.0,6.0,0.0,0.0,0.0,1,2,2016-03-19,REG
STL_VAN_2016-03-19,VAN,2015021075,home,0,2.0,0.0,1.0,2.0,0.0,1.0,0,2,2016-03-19,REG
BOS_LAK_2016-03-19,BOS,2015021077,away,1,7.0,0.0,0.0,2.0,0.0,1.0,0,2,2016-03-19,REG
BOS_LAK_2016-03-19,LAK,2015021077,home,2,2.0,0.0,1.0,3.0,1.0,0.0,1,2,2016-03-19,REG
ANA_WPG_2016-03-20,ANA,2015021078,away,3,2.0,0.0,2.0,2.0,1.0,0.0,1,2,2016-03-20,OT
ANA_WPG_2016-03-20,WPG,2015021078,home,2,2.0,0.0,5.0,1.0,2.0,1.0,0,2,2016-03-20,OT
CBJ_NJD_2016-03-20,CBJ,2015021079,away,1,0.0,0.0,1.0,1.0,3.0,0.0,0,2,2016-03-20,REG
CBJ_NJD_2016-03-20,NJD,2015021079,home,2,0.0,0.0,0.0,3.0,1.0,0.0,1,2,2016-03-20,REG
WSH_PIT_2016-03-20,WSH,2015021080,away,2,8.0,0.0,3.0,2.0,0.0,0.0,0,2,2016-03-20,REG
WSH_PIT_2016-03-20,PIT,2015021080,home,6,3.0,0.0,4.0,3.0,2.0,0.0,1,2,2016-03-20,REG
CGY_MTL_2016-03-20,CGY,2015021081,away,4,7.0,0.0,6.0,3.0,2.0,0.0,1,2,2016-03-20,REG
CGY_MTL_2016-03-20,MTL,2015021081,home,1,11.0,0.0,2.0,1.0,2.0,0.0,0,2,2016-03-20,REG
MIN_CHI_2016-03-20,MIN,2015021082,away,3,1.0,0.0,3.0,0.0,0.0,0.0,1,2,2016-03-20,SO
MIN_CHI_2016-03-20,CHI,2015021082,home,2,2.0,0.0,3.0,4.0,0.0,2.0,0,2,2016-03-20,SO
COL_EDM_2016-03-20,COL,2015021083,away,3,0.0,0.0,2.0,1.0,1.0,3.0,1,2,2016-03-20,REG
COL_EDM_2016-03-20,EDM,2015021083,home,2,0.0,0.0,5.0,2.0,0.0,1.0,0,2,2016-03-20,REG
ARI_SJS_2016-03-20,ARI,2015021084,away,0,0.0,0.0,3.0,4.0,0.0,0.0,0,2,2016-03-20,REG
ARI_SJS_2016-03-20,SJS,2015021084,home,3,5.0,1.0,5.0,1.0,2.0,1.0,1,2,2016-03-20,REG
FLA_NYR_2016-03-21,FLA,2015021086,away,2,1.0,0.0,0.0,1.0,1.0,1.0,0,2,2016-03-21,REG
FLA_NYR_2016-03-21,NYR,2015021086,home,4,1.0,0.0,4.0,3.0,2.0,3.0,1,2,2016-03-21,REG
PHI_NYI_2016-03-21,PHI,2015021085,away,4,3.0,0.0,2.0,3.0,2.0,0.0,1,2,2016-03-21,REG
PHI_NYI_2016-03-21,NYI,2015021085,home,1,2.0,0.0,2.0,0.0,0.0,1.0,0,2,2016-03-21,REG
CGY_TOR_2016-03-21,CGY,2015021087,away,2,6.0,0.0,6.0,3.0,1.0,1.0,0,2,2016-03-21,REG
CGY_TOR_2016-03-21,TOR,2015021087,home,5,2.0,0.0,3.0,0.0,2.0,1.0,1,2,2016-03-21,REG
LAK_NSH_2016-03-21,LAK,2015021088,away,2,3.0,0.0,4.0,0.0,0.0,0.0,0,2,2016-03-21,REG
LAK_NSH_2016-03-21,NSH,2015021088,home,5,1.0,0.0,4.0,4.0,1.0,2.0,1,2,2016-03-21,REG
PHI_CBJ_2016-03-22,PHI,2015021090,away,2,2.0,0.0,4.0,5.0,0.0,0.0,0,2,2016-03-22,SO
PHI_CBJ_2016-03-22,CBJ,2015021090,home,3,1.0,0.0,6.0,3.0,1.0,1.0,1,2,2016-03-22,SO
BUF_CAR_2016-03-22,BUF,2015021089,away,3,0.0,0.0,5.0,2.0,0.0,2.0,1,2,2016-03-22,REG
BUF_CAR_2016-03-22,CAR,2015021089,home,2,4.0,0.0,3.0,0.0,1.0,1.0,0,2,2016-03-22,REG
WSH_OTT_2016-03-22,WSH,2015021092,away,4,7.0,1.0,8.0,4.0,1.0,1.0,1,2,2016-03-22,REG
WSH_OTT_2016-03-22,OTT,2015021092,home,2,6.0,0.0,0.0,5.0,2.0,0.0,0,2,2016-03-22,REG
DET_TBL_2016-03-22,DET,2015021093,away,2,7.0,1.0,6.0,0.0,0.0,1.0,0,2,2016-03-22,REG
DET_TBL_2016-03-22,TBL,2015021093,home,6,0.0,0.0,4.0,7.0,1.0,0.0,1,2,2016-03-22,REG
ANA_MTL_2016-03-22,ANA,2015021091,away,3,5.0,0.0,2.0,3.0,0.0,2.0,0,2,2016-03-22,REG
ANA_MTL_2016-03-22,MTL,2015021091,home,4,7.0,0.0,4.0,4.0,3.0,0.0,1,2,2016-03-22,REG
VAN_WPG_2016-03-22,VAN,2015021095,away,0,1.0,0.0,3.0,4.0,4.0,0.0,0,2,2016-03-22,REG
VAN_WPG_2016-03-22,WPG,2015021095,home,2,2.0,0.0,2.0,1.0,0.0,2.0,1,2,2016-03-22,REG
DAL_CHI_2016-03-22,DAL,2015021096,away,6,2.0,0.0,5.0,3.0,0.0,0.0,1,2,2016-03-22,REG
DAL_CHI_2016-03-22,CHI,2015021096,home,2,3.0,0.0,7.0,3.0,1.0,1.0,0,2,2016-03-22,REG
LAK_MIN_2016-03-22,LAK,2015021094,away,1,1.0,0.0,2.0,1.0,1.0,1.0,0,2,2016-03-22,REG
LAK_MIN_2016-03-22,MIN,2015021094,home,2,0.0,0.0,1.0,2.0,1.0,1.0,1,2,2016-03-22,REG
EDM_ARI_2016-03-22,EDM,2015021097,away,2,2.0,0.0,5.0,5.0,0.0,0.0,0,2,2016-03-22,REG
EDM_ARI_2016-03-22,ARI,2015021097,home,4,2.0,0.0,6.0,3.0,0.0,0.0,1,2,2016-03-22,REG
STL_SJS_2016-03-22,STL,2015021098,away,1,1.0,0.0,3.0,1.0,0.0,0.0,1,2,2016-03-22,REG
STL_SJS_2016-03-22,SJS,2015021098,home,0,6.0,0.0,4.0,2.0,3.0,0.0,0,2,2016-03-22,REG
OTT_NYI_2016-03-23,OTT,2015021099,away,1,2.0,0.0,3.0,2.0,1.0,1.0,0,2,2016-03-23,REG
OTT_NYI_2016-03-23,NYI,2015021099,home,3,0.0,0.0,2.0,1.0,0.0,0.0,1,2,2016-03-23,REG
BOS_NYR_2016-03-23,BOS,2015021100,away,2,3.0,0.0,6.0,3.0,0.0,0.0,0,2,2016-03-23,REG
BOS_NYR_2016-03-23,NYR,2015021100,home,5,2.0,0.0,1.0,0.0,2.0,1.0,1,2,2016-03-23,REG
CAR_CBJ_2016-03-24,CAR,2015021103,away,3,1.0,0.0,3.0,2.0,0.0,0.0,1,2,2016-03-24,REG
CAR_CBJ_2016-03-24,CBJ,2015021103,home,2,2.0,0.0,6.0,4.0,0.0,0.0,0,2,2016-03-24,REG
NJD_PIT_2016-03-24,NJD,2015021102,away,3,1.0,0.0,1.0,3.0,0.0,0.0,1,2,2016-03-24,REG
NJD_PIT_2016-03-24,PIT,2015021102,home,0,2.0,0.0,2.0,1.0,1.0,0.0,0,2,2016-03-24,REG
FLA_BOS_2016-03-24,FLA,2015021101,away,4,2.0,0.0,4.0,5.0,0.0,0.0,1,2,2016-03-24,REG
FLA_BOS_2016-03-24,BOS,2015021101,home,1,1.0,0.0,2.0,0.0,1.0,0.0,0,2,2016-03-24,REG
MTL_DET_2016-03-24,MTL,2015021105,away,3,8.0,0.0,1.0,2.0,0.0,0.0,0,2,2016-03-24,REG
MTL_DET_2016-03-24,DET,2015021105,home,4,4.0,0.0,3.0,2.0,0.0,0.0,1,2,2016-03-24,REG
ANA_TOR_2016-03-24,ANA,2015021104,away,5,7.0,0.0,2.0,1.0,0.0,0.0,0,2,2016-03-24,OT
ANA_TOR_2016-03-24,TOR,2015021104,home,6,3.0,0.0,5.0,1.0,2.0,0.0,1,2,2016-03-24,OT
LAK_WPG_2016-03-24,LAK,2015021108,away,1,4.0,1.0,4.0,2.0,1.0,1.0,0,2,2016-03-24,REG
LAK_WPG_2016-03-24,WPG,2015021108,home,4,0.0,0.0,3.0,1.0,1.0,0.0,1,2,2016-03-24,REG
CGY_MIN_2016-03-24,CGY,2015021107,away,2,2.0,0.0,4.0,1.0,0.0,0.0,0,2,2016-03-24,REG
CGY_MIN_2016-03-24,MIN,2015021107,home,6,0.0,0.0,3.0,3.0,0.0,2.0,1,2,2016-03-24,REG
VAN_NSH_2016-03-24,VAN,2015021106,away,2,3.0,0.0,2.0,0.0,0.0,0.0,0,2,2016-03-24,SO
VAN_NSH_2016-03-24,NSH,2015021106,home,3,2.0,0.0,7.0,2.0,1.0,1.0,1,2,2016-03-24,SO
PHI_COL_2016-03-24,PHI,2015021109,away,4,3.0,0.0,4.0,0.0,1.0,0.0,1,2,2016-03-24,REG
PHI_COL_2016-03-24,COL,2015021109,home,2,5.0,0.0,5.0,2.0,0.0,3.0,0,2,2016-03-24,REG
DAL_ARI_2016-03-24,DAL,2015021110,away,1,5.0,0.0,13.0,0.0,1.0,0.0,0,2,2016-03-24,REG
DAL_ARI_2016-03-24,ARI,2015021110,home,3,2.0,0.0,4.0,3.0,0.0,0.0,1,2,2016-03-24,REG
EDM_SJS_2016-03-24,EDM,2015021111,away,6,4.0,0.0,2.0,3.0,2.0,1.0,1,2,2016-03-24,REG
EDM_SJS_2016-03-24,SJS,2015021111,home,3,3.0,1.0,7.0,2.0,2.0,0.0,0,2,2016-03-24,REG
WSH_NJD_2016-03-25,WSH,2015021112,away,1,4.0,0.0,5.0,1.0,0.0,1.0,1,2,2016-03-25,OT
WSH_NJD_2016-03-25,NJD,2015021112,home,0,1.0,0.0,1.0,1.0,0.0,0.0,0,2,2016-03-25,OT
NYI_TBL_2016-03-25,NYI,2015021113,away,4,2.0,0.0,4.0,3.0,3.0,0.0,0,2,2016-03-25,REG
NYI_TBL_2016-03-25,TBL,2015021113,home,7,2.0,0.0,3.0,2.0,1.0,0.0,1,2,2016-03-25,REG
VAN_STL_2016-03-25,VAN,2015021114,away,0,0.0,0.0,2.0,0.0,1.0,1.0,0,2,2016-03-25,REG
VAN_STL_2016-03-25,STL,2015021114,home,4,3.0,0.0,7.0,1.0,3.0,1.0,1,2,2016-03-25,REG
WPG_BUF_2016-03-26,WPG,2015021116,away,2,0.0,0.0,3.0,1.0,0.0,1.0,0,2,2016-03-26,REG
WPG_BUF_2016-03-26,BUF,2015021116,home,3,4.0,0.0,5.0,0.0,0.0,0.0,1,2,2016-03-26,REG
PIT_DET_2016-03-26,PIT,2015021115,away,7,0.0,0.0,4.0,0.0,0.0,0.0,1,2,2016-03-26,REG
PIT_DET_2016-03-26,DET,2015021115,home,2,7.0,0.0,2.0,0.0,2.0,1.0,0,2,2016-03-26,REG
MIN_COL_2016-03-26,MIN,2015021117,away,4,0.0,0.0,3.0,2.0,0.0,0.0,1,2,2016-03-26,REG
MIN_COL_2016-03-26,COL,2015021117,home,0,5.0,0.0,4.0,1.0,1.0,1.0,0,2,2016-03-26,REG
DAL_SJS_2016-03-26,DAL,2015021118,away,4,1.0,1.0,2.0,3.0,2.0,0.0,1,2,2016-03-26,REG
DAL_SJS_2016-03-26,SJS,2015021118,home,2,4.0,0.0,5.0,1.0,3.0,2.0,0,2,2016-03-26,REG
BOS_TOR_2016-03-26,BOS,2015021119,away,3,6.0,0.0,3.0,1.0,1.0,1.0,1,2,2016-03-26,REG
BOS_TOR_2016-03-26,TOR,2015021119,home,1,8.0,0.0,7.0,4.0,2.0,2.0,0,2,2016-03-26,REG
ANA_OTT_2016-03-26,ANA,2015021121,away,4,4.0,0.0,4.0,0.0,3.0,0.0,1,2,2016-03-26,OT
ANA_OTT_2016-03-26,OTT,2015021121,home,3,4.0,0.0,3.0,1.0,1.0,2.0,0,2,2016-03-26,OT
NYR_MTL_2016-03-26,NYR,2015021120,away,5,4.0,0.0,1.0,2.0,1.0,0.0,1,2,2016-03-26,REG
NYR_MTL_2016-03-26,MTL,2015021120,home,2,6.0,0.0,2.0,4.0,3.0,1.0,0,2,2016-03-26,REG
NYI_CAR_2016-03-26,NYI,2015021124,away,4,2.0,0.0,1.0,1.0,1.0,0.0,1,2,2016-03-26,OT
NYI_CAR_2016-03-26,CAR,2015021124,home,3,4.0,0.0,3.0,0.0,2.0,2.0,0,2,2016-03-26,OT
STL_WSH_2016-03-26,STL,2015021123,away,4,4.0,0.0,0.0,2.0,1.0,2.0,1,2,2016-03-26,REG
STL_WSH_2016-03-26,WSH,2015021123,home,0,3.0,0.0,5.0,2.0,2.0,0.0,0,2,2016-03-26,REG
FLA_TBL_2016-03-26,FLA,2015021122,away,5,5.0,0.0,6.0,3.0,0.0,1.0,1,2,2016-03-26,REG
FLA_TBL_2016-03-26,TBL,2015021122,home,2,0.0,1.0,7.0,0.0,0.0,0.0,0,2,2016-03-26,REG
CBJ_NSH_2016-03-26,CBJ,2015021125,away,1,5.0,0.0,1.0,3.0,2.0,0.0,0,2,2016-03-26,REG
CBJ_NSH_2016-03-26,NSH,2015021125,home,5,3.0,0.0,4.0,1.0,2.0,2.0,1,2,2016-03-26,REG
EDM_LAK_2016-03-26,EDM,2015021128,away,4,3.0,0.0,4.0,2.0,2.0,1.0,0,2,2016-03-26,REG
EDM_LAK_2016-03-26,LAK,2015021128,home,6,2.0,0.0,2.0,0.0,2.0,0.0,1,2,2016-03-26,REG
CHI_CGY_2016-03-26,CHI,2015021126,away,4,2.0,0.0,2.0,2.0,2.0,2.0,1,2,2016-03-26,REG
CHI_CGY_2016-03-26,CGY,2015021126,home,1,2.0,0.0,0.0,1.0,1.0,1.0,0,2,2016-03-26,REG
PHI_ARI_2016-03-26,PHI,2015021127,away,1,7.0,0.0,7.0,2.0,0.0,0.0,0,2,2016-03-26,REG
PHI_ARI_2016-03-26,ARI,2015021127,home,2,0.0,0.0,0.0,2.0,0.0,0.0,1,2,2016-03-26,REG
NJD_CAR_2016-03-27,NJD,2015021129,away,2,3.0,0.0,2.0,0.0,0.0,0.0,0,2,2016-03-27,REG
NJD_CAR_2016-03-27,CAR,2015021129,home,3,7.0,0.0,3.0,0.0,1.0,2.0,1,2,2016-03-27,REG
PIT_NYR_2016-03-27,PIT,2015021130,away,3,4.0,0.0,3.0,2.0,1.0,1.0,1,2,2016-03-27,OT
PIT_NYR_2016-03-27,NYR,2015021130,home,2,2.0,0.0,5.0,4.0,3.0,0.0,0,2,2016-03-27,OT
CHI_VAN_2016-03-27,CHI,2015021131,away,3,0.0,0.0,5.0,1.0,2.0,0.0,1,2,2016-03-27,REG
CHI_VAN_2016-03-27,VAN,2015021131,home,2,0.0,0.0,2.0,2.0,1.0,1.0,0,2,2016-03-27,REG
WPG_PHI_2016-03-28,WPG,2015021132,away,2,4.0,0.0,1.0,2.0,1.0,1.0,0,2,2016-03-28,OT
WPG_PHI_2016-03-28,PHI,2015021132,home,3,4.0,0.0,7.0,6.0,1.0,0.0,1,2,2016-03-28,OT
CBJ_WSH_2016-03-28,CBJ,2015021133,away,1,3.0,0.0,3.0,4.0,1.0,1.0,0,2,2016-03-28,REG
CBJ_WSH_2016-03-28,WSH,2015021133,home,4,0.0,0.0,7.0,1.0,0.0,0.0,1,2,2016-03-28,REG
BUF_DET_2016-03-28,BUF,2015021134,away,2,1.0,0.0,2.0,2.0,0.0,1.0,0,2,2016-03-28,REG
BUF_DET_2016-03-28,DET,2015021134,home,3,0.0,0.0,2.0,0.0,0.0,2.0,1,2,2016-03-28,REG
TOR_TBL_2016-03-28,TOR,2015021135,away,0,8.0,0.0,4.0,1.0,0.0,1.0,0,2,2016-03-28,REG
TOR_TBL_2016-03-28,TBL,2015021135,home,3,2.0,0.0,2.0,3.0,1.0,1.0,1,2,2016-03-28,REG
COL_NSH_2016-03-28,COL,2015021136,away,4,7.0,0.0,5.0,0.0,2.0,1.0,1,2,2016-03-28,REG
COL_NSH_2016-03-28,NSH,2015021136,home,3,6.0,0.0,3.0,0.0,3.0,0.0,0,2,2016-03-28,REG
ANA_EDM_2016-03-28,ANA,2015021137,away,2,4.0,0.0,2.0,2.0,1.0,2.0,1,2,2016-03-28,REG
ANA_EDM_2016-03-28,EDM,2015021137,home,1,0.0,0.0,5.0,1.0,4.0,3.0,0,2,2016-03-28,REG
LAK_SJS_2016-03-28,LAK,2015021139,away,2,8.0,0.0,4.0,3.0,3.0,1.0,0,2,2016-03-28,REG
LAK_SJS_2016-03-28,SJS,2015021139,home,5,9.0,0.0,6.0,2.0,7.0,3.0,1,2,2016-03-28,REG
CGY_ARI_2016-03-28,CGY,2015021138,away,5,3.0,0.0,3.0,3.0,0.0,1.0,1,2,2016-03-28,REG
CGY_ARI_2016-03-28,ARI,2015021138,home,2,4.0,0.0,1.0,2.0,0.0,0.0,0,2,2016-03-28,REG
CAR_NYI_2016-03-29,CAR,2015021141,away,1,5.0,0.0,3.0,2.0,1.0,2.0,0,2,2016-03-29,SO
CAR_NYI_2016-03-29,NYI,2015021141,home,2,1.0,0.0,3.0,3.0,4.0,1.0,1,2,2016-03-29,SO
BOS_NJD_2016-03-29,BOS,2015021140,away,1,2.0,0.0,1.0,2.0,0.0,0.0,0,2,2016-03-29,REG
BOS_NJD_2016-03-29,NJD,2015021140,home,2,3.0,0.0,1.0,0.0,2.0,0.0,1,2,2016-03-29,REG
BUF_PIT_2016-03-29,BUF,2015021142,away,4,1.0,0.0,3.0,2.0,0.0,1.0,0,2,2016-03-29,SO
BUF_PIT_2016-03-29,PIT,2015021142,home,5,1.0,0.0,2.0,1.0,0.0,2.0,1,2,2016-03-29,SO
DET_MTL_2016-03-29,DET,2015021143,away,3,4.0,1.0,3.0,1.0,1.0,1.0,0,2,2016-03-29,REG
DET_MTL_2016-03-29,MTL,2015021143,home,4,5.0,0.0,1.0,3.0,2.0,0.0,1,2,2016-03-29,REG
TOR_FLA_2016-03-29,TOR,2015021144,away,5,3.0,0.0,2.0,1.0,1.0,2.0,1,2,2016-03-29,REG
TOR_FLA_2016-03-29,FLA,2015021144,home,2,1.0,0.0,6.0,1.0,2.0,0.0,0,2,2016-03-29,REG
CHI_MIN_2016-03-29,CHI,2015021146,away,1,1.0,0.0,0.0,1.0,0.0,0.0,0,2,2016-03-29,REG
CHI_MIN_2016-03-29,MIN,2015021146,home,4,3.0,0.0,3.0,1.0,1.0,0.0,1,2,2016-03-29,REG
NSH_DAL_2016-03-29,NSH,2015021147,away,2,1.0,0.0,3.0,2.0,1.0,2.0,0,2,2016-03-29,REG
NSH_DAL_2016-03-29,DAL,2015021147,home,5,1.0,0.0,6.0,0.0,1.0,2.0,1,2,2016-03-29,REG
COL_STL_2016-03-29,COL,2015021145,away,1,0.0,0.0,3.0,5.0,0.0,1.0,0,2,2016-03-29,REG
COL_STL_2016-03-29,STL,2015021145,home,3,9.0,0.0,2.0,1.0,0.0,0.0,1,2,2016-03-29,REG
SJS_VAN_2016-03-29,SJS,2015021148,away,4,2.0,0.0,4.0,6.0,1.0,0.0,1,2,2016-03-29,REG
SJS_VAN_2016-03-29,VAN,2015021148,home,1,2.0,0.0,4.0,1.0,4.0,1.0,0,2,2016-03-29,REG
OTT_WPG_2016-03-30,OTT,2015021149,away,2,0.0,0.0,3.0,3.0,2.0,1.0,1,2,2016-03-30,REG
OTT_WPG_2016-03-30,WPG,2015021149,home,1,4.0,0.0,3.0,2.0,3.0,1.0,0,2,2016-03-30,REG
WSH_PHI_2016-03-30,WSH,2015021150,away,1,3.0,1.0,5.0,2.0,0.0,0.0,0,2,2016-03-30,SO
WSH_PHI_2016-03-30,PHI,2015021150,home,2,12.0,1.0,6.0,3.0,1.0,2.0,1,2,2016-03-30,SO
CGY_ANA_2016-03-30,CGY,2015021151,away,3,2.0,0.0,5.0,0.0,1.0,2.0,0,2,2016-03-30,REG
CGY_ANA_2016-03-30,ANA,2015021151,home,8,3.0,0.0,3.0,3.0,0.0,0.0,1,2,2016-03-30,REG
NSH_PIT_2016-03-31,NSH,2015021154,away,2,4.0,0.0,1.0,1.0,0.0,0.0,0,2,2016-03-31,REG
NSH_PIT_2016-03-31,PIT,2015021154,home,5,1.0,0.0,2.0,0.0,0.0,1.0,1,2,2016-03-31,REG
NYR_CAR_2016-03-31,NYR,2015021155,away,3,6.0,0.0,2.0,1.0,1.0,0.0,0,2,2016-03-31,REG
NYR_CAR_2016-03-31,CAR,2015021155,home,4,2.0,0.0,0.0,2.0,2.0,2.0,1,2,2016-03-31,REG
CBJ_NYI_2016-03-31,CBJ,2015021153,away,3,2.0,0.0,1.0,1.0,1.0,2.0,0,2,2016-03-31,REG
CBJ_NYI_2016-03-31,NYI,2015021153,home,4,0.0,0.0,1.0,3.0,2.0,3.0,1,2,2016-03-31,REG
TOR_BUF_2016-03-31,TOR,2015021152,away,1,1.0,0.0,4.0,0.0,2.0,0.0,0,2,2016-03-31,REG
TOR_BUF_2016-03-31,BUF,2015021152,home,4,0.0,0.0,3.0,1.0,0.0,1.0,1,2,2016-03-31,REG
MTL_TBL_2016-03-31,MTL,2015021156,away,3,1.0,0.0,2.0,1.0,0.0,0.0,1,2,2016-03-31,REG
MTL_TBL_2016-03-31,TBL,2015021156,home,0,2.0,0.0,1.0,1.0,2.0,0.0,0,2,2016-03-31,REG
NJD_FLA_2016-03-31,NJD,2015021157,away,2,1.0,0.0,1.0,2.0,0.0,0.0,0,2,2016-03-31,REG
NJD_FLA_2016-03-31,FLA,2015021157,home,3,2.0,0.0,7.0,0.0,1.0,0.0,1,2,2016-03-31,REG
OTT_MIN_2016-03-31,OTT,2015021158,away,3,3.0,0.0,1.0,0.0,2.0,1.0,1,2,2016-03-31,REG
OTT_MIN_2016-03-31,MIN,2015021158,home,2,2.0,0.0,1.0,1.0,3.0,0.0,0,2,2016-03-31,REG
ARI_DAL_2016-03-31,ARI,2015021159,away,1,5.0,0.0,2.0,1.0,0.0,1.0,0,2,2016-03-31,REG
ARI_DAL_2016-03-31,DAL,2015021159,home,4,2.0,1.0,6.0,1.0,3.0,1.0,1,2,2016-03-31,REG
VAN_SJS_2016-03-31,VAN,2015021161,away,4,0.0,0.0,2.0,1.0,2.0,0.0,1,2,2016-03-31,REG
VAN_SJS_2016-03-31,SJS,2015021161,home,2,7.0,0.0,4.0,1.0,3.0,2.0,0,2,2016-03-31,REG
CGY_LAK_2016-03-31,CGY,2015021160,away,0,1.0,0.0,1.0,2.0,1.0,0.0,0,2,2016-03-31,REG
CGY_LAK_2016-03-31,LAK,2015021160,home,3,5.0,0.0,2.0,1.0,0.0,0.0,1,2,2016-03-31,REG
MIN_DET_2016-04-01,MIN,2015021162,away,2,1.0,0.0,0.0,0.0,2.0,0.0,0,2,2016-04-01,REG
MIN_DET_2016-04-01,DET,2015021162,home,3,2.0,0.0,2.0,1.0,2.0,0.0,1,2,2016-04-01,REG
BOS_STL_2016-04-01,BOS,2015021163,away,6,1.0,0.0,1.0,2.0,0.0,1.0,1,2,2016-04-01,REG
BOS_STL_2016-04-01,STL,2015021163,home,5,4.0,0.0,2.0,2.0,2.0,0.0,0,2,2016-04-01,REG
CHI_WPG_2016-04-01,CHI,2015021164,away,5,1.0,0.0,2.0,1.0,2.0,2.0,1,2,2016-04-01,OT
CHI_WPG_2016-04-01,WPG,2015021164,home,4,2.0,0.0,2.0,2.0,1.0,0.0,0,2,2016-04-01,OT
WSH_COL_2016-04-01,WSH,2015021165,away,4,2.0,1.0,8.0,2.0,0.0,1.0,1,2,2016-04-01,REG
WSH_COL_2016-04-01,COL,2015021165,home,2,4.0,0.0,0.0,2.0,1.0,0.0,0,2,2016-04-01,REG
VAN_ANA_2016-04-01,VAN,2015021166,away,3,1.0,0.0,1.0,1.0,3.0,0.0,1,2,2016-04-01,REG
VAN_ANA_2016-04-01,ANA,2015021166,home,2,2.0,0.0,2.0,0.0,2.0,1.0,0,2,2016-04-01,REG
OTT_PHI_2016-04-02,OTT,2015021168,away,2,2.0,0.0,5.0,3.0,0.0,2.0,0,2,2016-04-02,REG
OTT_PHI_2016-04-02,PHI,2015021168,home,3,2.0,0.0,4.0,1.0,1.0,1.0,1,2,2016-04-02,REG
PIT_NYI_2016-04-02,PIT,2015021167,away,5,0.0,0.0,4.0,0.0,0.0,0.0,1,2,2016-04-02,REG
PIT_NYI_2016-04-02,NYI,2015021167,home,0,3.0,0.0,4.0,1.0,2.0,1.0,0,2,2016-04-02,REG
DAL_LAK_2016-04-02,DAL,2015021169,away,3,4.0,0.0,8.0,0.0,1.0,1.0,1,2,2016-04-02,REG
DAL_LAK_2016-04-02,LAK,2015021169,home,2,1.0,0.0,4.0,2.0,0.0,0.0,0,2,2016-04-02,REG
MTL_FLA_2016-04-02,MTL,2015021172,away,3,2.0,0.0,5.0,3.0,1.0,3.0,0,2,2016-04-02,REG
MTL_FLA_2016-04-02,FLA,2015021172,home,4,3.0,1.0,4.0,3.0,0.0,1.0,1,2,2016-04-02,REG
NJD_TBL_2016-04-02,NJD,2015021171,away,1,6.0,0.0,4.0,5.0,0.0,0.0,0,2,2016-04-02,REG
NJD_TBL_2016-04-02,TBL,2015021171,home,3,2.0,0.0,4.0,5.0,2.0,0.0,1,2,2016-04-02,REG
CBJ_CAR_2016-04-02,CBJ,2015021174,away,5,5.0,0.0,4.0,2.0,1.0,3.0,1,2,2016-04-02,REG
CBJ_CAR_2016-04-02,CAR,2015021174,home,1,4.0,0.0,5.0,2.0,2.0,0.0,0,2,2016-04-02,REG
DET_TOR_2016-04-02,DET,2015021170,away,3,1.0,0.0,6.0,4.0,1.0,2.0,1,2,2016-04-02,REG
DET_TOR_2016-04-02,TOR,2015021170,home,2,1.0,0.0,4.0,1.0,1.0,0.0,0,2,2016-04-02,REG
BUF_NYR_2016-04-02,BUF,2015021173,away,4,1.0,0.0,3.0,2.0,1.0,2.0,1,2,2016-04-02,REG
BUF_NYR_2016-04-02,NYR,2015021173,home,3,5.0,0.0,6.0,2.0,1.0,0.0,0,2,2016-04-02,REG
SJS_NSH_2016-04-02,SJS,2015021175,away,3,4.0,0.0,4.0,0.0,0.0,0.0,1,2,2016-04-02,SO
SJS_NSH_2016-04-02,NSH,2015021175,home,2,2.0,0.0,4.0,2.0,2.0,1.0,0,2,2016-04-02,SO
CGY_EDM_2016-04-02,CGY,2015021176,away,5,3.0,0.0,4.0,2.0,1.0,0.0,1,2,2016-04-02,REG
CGY_EDM_2016-04-02,EDM,2015021176,home,0,1.0,0.0,10.0,0.0,0.0,0.0,0,2,2016-04-02,REG
WSH_ARI_2016-04-02,WSH,2015021177,away,0,7.0,0.0,4.0,2.0,0.0,1.0,0,2,2016-04-02,REG
WSH_ARI_2016-04-02,ARI,2015021177,home,3,1.0,0.0,7.0,4.0,0.0,1.0,1,2,2016-04-02,REG
BOS_CHI_2016-04-03,BOS,2015021178,away,4,5.0,0.0,0.0,3.0,0.0,0.0,0,2,2016-04-03,REG
BOS_CHI_2016-04-03,CHI,2015021178,home,6,1.0,0.0,0.0,2.0,1.0,0.0,1,2,2016-04-03,REG
PHI_PIT_2016-04-03,PHI,2015021179,away,2,10.0,0.0,5.0,4.0,0.0,0.0,0,2,2016-04-03,REG
PHI_PIT_2016-04-03,PIT,2015021179,home,6,1.0,0.0,3.0,0.0,0.0,0.0,1,2,2016-04-03,REG
STL_COL_2016-04-03,STL,2015021181,away,5,1.0,0.0,2.0,1.0,0.0,0.0,1,2,2016-04-03,REG
STL_COL_2016-04-03,COL,2015021181,home,1,4.0,0.0,3.0,2.0,2.0,1.0,0,2,2016-04-03,REG
MIN_WPG_2016-04-03,MIN,2015021180,away,1,1.0,0.0,0.0,3.0,2.0,0.0,0,2,2016-04-03,REG
MIN_WPG_2016-04-03,WPG,2015021180,home,5,1.0,0.0,4.0,0.0,2.0,0.0,1,2,2016-04-03,REG
DAL_ANA_2016-04-03,DAL,2015021182,away,1,1.0,0.0,6.0,2.0,5.0,1.0,0,2,2016-04-03,REG
DAL_ANA_2016-04-03,ANA,2015021182,home,3,5.0,0.0,2.0,4.0,1.0,1.0,1,2,2016-04-03,REG
TBL_NYI_2016-04-04,TBL,2015021183,away,2,0.0,0.0,4.0,2.0,0.0,2.0,0,2,2016-04-04,REG
TBL_NYI_2016-04-04,NYI,2015021183,home,5,8.0,0.0,6.0,3.0,0.0,1.0,1,2,2016-04-04,REG
NYR_CBJ_2016-04-04,NYR,2015021184,away,4,2.0,0.0,4.0,5.0,1.0,0.0,1,2,2016-04-04,REG
NYR_CBJ_2016-04-04,CBJ,2015021184,home,2,4.0,0.0,7.0,2.0,0.0,0.0,0,2,2016-04-04,REG
FLA_TOR_2016-04-04,FLA,2015021185,away,4,3.0,0.0,4.0,1.0,2.0,2.0,1,2,2016-04-04,REG
FLA_TOR_2016-04-04,TOR,2015021185,home,3,1.0,0.0,1.0,1.0,0.0,0.0,0,2,2016-04-04,REG
ARI_STL_2016-04-04,ARI,2015021186,away,2,2.0,0.0,2.0,2.0,1.0,0.0,0,2,2016-04-04,REG
ARI_STL_2016-04-04,STL,2015021186,home,5,2.0,0.0,1.0,1.0,0.0,1.0,1,2,2016-04-04,REG
LAK_VAN_2016-04-04,LAK,2015021187,away,2,3.0,0.0,2.0,0.0,0.0,0.0,0,2,2016-04-04,REG
LAK_VAN_2016-04-04,VAN,2015021187,home,3,0.0,0.0,2.0,2.0,0.0,1.0,1,2,2016-04-04,REG
NYI_WSH_2016-04-05,NYI,2015021191,away,4,3.0,0.0,0.0,2.0,4.0,1.0,1,2,2016-04-05,OT
NYI_WSH_2016-04-05,WSH,2015021191,home,3,2.0,0.0,6.0,2.0,1.0,1.0,0,2,2016-04-05,OT
BUF_NJD_2016-04-05,BUF,2015021189,away,3,2.0,0.0,0.0,0.0,1.0,0.0,1,2,2016-04-05,REG
BUF_NJD_2016-04-05,NJD,2015021189,home,1,0.0,0.0,1.0,0.0,1.0,1.0,0,2,2016-04-05,REG
CAR_BOS_2016-04-05,CAR,2015021188,away,2,1.0,0.0,6.0,1.0,1.0,4.0,1,2,2016-04-05,SO
CAR_BOS_2016-04-05,BOS,2015021188,home,1,2.0,0.0,3.0,1.0,1.0,1.0,0,2,2016-04-05,SO
FLA_MTL_2016-04-05,FLA,2015021192,away,4,1.0,0.0,1.0,4.0,3.0,0.0,1,2,2016-04-05,REG
FLA_MTL_2016-04-05,MTL,2015021192,home,1,0.0,0.0,7.0,2.0,0.0,2.0,0,2,2016-04-05,REG
PIT_OTT_2016-04-05,PIT,2015021193,away,5,0.0,0.0,4.0,0.0,1.0,1.0,1,2,2016-04-05,REG
PIT_OTT_2016-04-05,OTT,2015021193,home,3,1.0,0.0,2.0,0.0,2.0,1.0,0,2,2016-04-05,REG
TBL_NYR_2016-04-05,TBL,2015021190,away,2,1.0,0.0,11.0,0.0,2.0,0.0,0,2,2016-04-05,REG
TBL_NYR_2016-04-05,NYR,2015021190,home,3,3.0,0.0,4.0,3.0,3.0,2.0,1,2,2016-04-05,REG
SJS_MIN_2016-04-05,SJS,2015021195,away,3,3.0,0.0,1.0,1.0,0.0,1.0,1,2,2016-04-05,REG
SJS_MIN_2016-04-05,MIN,2015021195,home,0,3.0,0.0,2.0,1.0,2.0,1.0,0,2,2016-04-05,REG
COL_NSH_2016-04-05,COL,2015021194,away,3,2.0,0.0,3.0,0.0,1.0,0.0,0,2,2016-04-05,REG
COL_NSH_2016-04-05,NSH,2015021194,home,4,2.0,1.0,5.0,2.0,0.0,0.0,1,2,2016-04-05,REG
ARI_CHI_2016-04-05,ARI,2015021196,away,2,3.0,0.0,5.0,4.0,0.0,0.0,0,2,2016-04-05,REG
ARI_CHI_2016-04-05,CHI,2015021196,home,6,1.0,0.0,1.0,2.0,0.0,2.0,1,2,2016-04-05,REG
LAK_CGY_2016-04-05,LAK,2015021197,away,5,4.0,0.0,2.0,1.0,0.0,0.0,1,2,2016-04-05,OT
LAK_CGY_2016-04-05,CGY,2015021197,home,4,0.0,0.0,0.0,1.0,2.0,1.0,0,2,2016-04-05,OT
WPG_ANA_2016-04-05,WPG,2015021198,away,2,3.0,0.0,3.0,3.0,0.0,0.0,1,2,2016-04-05,OT
WPG_ANA_2016-04-05,ANA,2015021198,home,1,5.0,0.0,5.0,0.0,2.0,0.0,0,2,2016-04-05,OT
CBJ_TOR_2016-04-06,CBJ,2015021199,away,5,4.0,0.0,2.0,4.0,0.0,0.0,1,2,2016-04-06,REG
CBJ_TOR_2016-04-06,TOR,2015021199,home,1,2.0,0.0,4.0,0.0,0.0,0.0,0,2,2016-04-06,REG
VAN_EDM_2016-04-06,VAN,2015021201,away,2,2.0,0.0,2.0,2.0,1.0,0.0,0,2,2016-04-06,REG
VAN_EDM_2016-04-06,EDM,2015021201,home,6,2.0,0.0,7.0,3.0,3.0,2.0,1,2,2016-04-06,REG
PHI_DET_2016-04-06,PHI,2015021200,away,0,8.0,0.0,3.0,3.0,0.0,1.0,0,2,2016-04-06,REG
PHI_DET_2016-04-06,DET,2015021200,home,3,5.0,0.0,1.0,0.0,0.0,0.0,1,2,2016-04-06,REG
MTL_CAR_2016-04-07,MTL,2015021207,away,4,4.0,0.0,4.0,2.0,0.0,4.0,1,2,2016-04-07,REG
MTL_CAR_2016-04-07,CAR,2015021207,home,2,5.0,0.0,3.0,2.0,2.0,1.0,0,2,2016-04-07,REG
NYI_NYR_2016-04-07,NYI,2015021204,away,4,4.0,0.0,4.0,1.0,1.0,1.0,1,2,2016-04-07,REG
NYI_NYR_2016-04-07,NYR,2015021204,home,1,3.0,0.0,3.0,3.0,2.0,1.0,0,2,2016-04-07,REG
PIT_WSH_2016-04-07,PIT,2015021206,away,4,1.0,0.0,4.0,0.0,0.0,1.0,1,2,2016-04-07,OT
PIT_WSH_2016-04-07,WSH,2015021206,home,3,9.0,0.0,8.0,2.0,3.0,1.0,0,2,2016-04-07,OT
DET_BOS_2016-04-07,DET,2015021202,away,2,2.0,0.0,1.0,1.0,2.0,3.0,0,2,2016-04-07,REG
DET_BOS_2016-04-07,BOS,2015021202,home,5,2.0,0.0,6.0,1.0,0.0,0.0,1,2,2016-04-07,REG
TBL_NJD_2016-04-07,TBL,2015021203,away,4,0.0,0.0,4.0,1.0,3.0,1.0,1,2,2016-04-07,REG
TBL_NJD_2016-04-07,NJD,2015021203,home,2,1.0,0.0,4.0,3.0,0.0,0.0,0,2,2016-04-07,REG
TOR_PHI_2016-04-07,TOR,2015021205,away,4,4.0,0.0,6.0,3.0,1.0,0.0,1,2,2016-04-07,OT
TOR_PHI_2016-04-07,PHI,2015021205,home,3,7.0,0.0,8.0,1.0,0.0,0.0,0,2,2016-04-07,OT
FLA_OTT_2016-04-07,FLA,2015021208,away,1,0.0,0.0,4.0,2.0,2.0,1.0,0,2,2016-04-07,REG
FLA_OTT_2016-04-07,OTT,2015021208,home,3,2.0,0.0,4.0,2.0,0.0,0.0,1,2,2016-04-07,REG
ARI_NSH_2016-04-07,ARI,2015021209,away,2,0.0,0.0,3.0,1.0,2.0,2.0,0,2,2016-04-07,OT
ARI_NSH_2016-04-07,NSH,2015021209,home,3,5.0,0.0,5.0,4.0,1.0,1.0,1,2,2016-04-07,OT
COL_DAL_2016-04-07,COL,2015021211,away,2,1.0,0.0,1.0,4.0,0.0,0.0,0,2,2016-04-07,REG
COL_DAL_2016-04-07,DAL,2015021211,home,4,2.0,0.0,3.0,5.0,4.0,1.0,1,2,2016-04-07,REG
STL_CHI_2016-04-07,STL,2015021210,away,2,1.0,0.0,1.0,1.0,0.0,0.0,1,2,2016-04-07,OT
STL_CHI_2016-04-07,CHI,2015021210,home,1,3.0,0.0,2.0,7.0,0.0,2.0,0,2,2016-04-07,OT
VAN_CGY_2016-04-07,VAN,2015021212,away,3,1.0,0.0,3.0,1.0,1.0,2.0,0,2,2016-04-07,REG
VAN_CGY_2016-04-07,CGY,2015021212,home,7,0.0,1.0,4.0,1.0,1.0,0.0,1,2,2016-04-07,REG
ANA_LAK_2016-04-07,ANA,2015021213,away,1,3.0,0.0,1.0,2.0,1.0,0.0,0,2,2016-04-07,REG
ANA_LAK_2016-04-07,LAK,2015021213,home,2,5.0,0.0,4.0,2.0,0.0,0.0,1,2,2016-04-07,REG
WPG_SJS_2016-04-07,WPG,2015021214,away,5,1.0,0.0,4.0,0.0,1.0,0.0,1,2,2016-04-07,REG
WPG_SJS_2016-04-07,SJS,2015021214,home,4,5.0,0.0,8.0,2.0,4.0,0.0,0,2,2016-04-07,REG
CBJ_BUF_2016-04-08,CBJ,2015021215,away,4,3.0,0.0,1.0,1.0,3.0,0.0,1,2,2016-04-08,REG
CBJ_BUF_2016-04-08,BUF,2015021215,home,1,1.0,0.0,4.0,2.0,1.0,0.0,0,2,2016-04-08,REG
OTT_BOS_2016-04-09,OTT,2015021216,away,6,2.0,0.0,4.0,2.0,2.0,1.0,1,2,2016-04-09,REG
OTT_BOS_2016-04-09,BOS,2015021216,home,1,2.0,0.0,2.0,0.0,2.0,0.0,0,2,2016-04-09,REG
DET_NYR_2016-04-09,DET,2015021217,away,2,1.0,0.0,5.0,1.0,1.0,1.0,0,2,2016-04-09,REG
DET_NYR_2016-04-09,NYR,2015021217,home,3,8.0,0.0,1.0,2.0,2.0,1.0,1,2,2016-04-09,REG
PIT_PHI_2016-04-09,PIT,2015021218,away,1,1.0,0.0,1.0,1.0,0.0,0.0,0,2,2016-04-09,REG
PIT_PHI_2016-04-09,PHI,2015021218,home,3,3.0,0.0,6.0,3.0,2.0,1.0,1,2,2016-04-09,REG
ANA_COL_2016-04-09,ANA,2015021219,away,5,1.0,1.0,5.0,1.0,0.0,1.0,1,2,2016-04-09,REG
ANA_COL_2016-04-09,COL,2015021219,home,3,2.0,0.0,3.0,2.0,1.0,1.0,0,2,2016-04-09,REG
CAR_FLA_2016-04-09,CAR,2015021221,away,2,0.0,1.0,8.0,1.0,3.0,3.0,0,2,2016-04-09,REG
CAR_FLA_2016-04-09,FLA,2015021221,home,5,1.0,0.0,6.0,1.0,0.0,2.0,1,2,2016-04-09,REG
CGY_MIN_2016-04-09,CGY,2015021224,away,2,0.0,0.0,3.0,1.0,0.0,0.0,1,2,2016-04-09,REG
CGY_MIN_2016-04-09,MIN,2015021224,home,1,1.0,0.0,3.0,0.0,0.0,0.0,0,2,2016-04-09,REG
CHI_CBJ_2016-04-09,CHI,2015021223,away,4,1.0,0.0,2.0,2.0,0.0,0.0,0,2,2016-04-09,OT
CHI_CBJ_2016-04-09,CBJ,2015021223,home,5,2.0,0.0,2.0,3.0,1.0,0.0,1,2,2016-04-09,OT
TBL_MTL_2016-04-09,TBL,2015021220,away,2,1.0,0.0,2.0,2.0,2.0,0.0,0,2,2016-04-09,REG
TBL_MTL_2016-04-09,MTL,2015021220,home,5,0.0,0.0,4.0,0.0,1.0,0.0,1,2,2016-04-09,REG
TOR_NJD_2016-04-09,TOR,2015021222,away,1,0.0,0.0,4.0,2.0,2.0,0.0,0,2,2016-04-09,REG
TOR_NJD_2016-04-09,NJD,2015021222,home,5,1.0,0.0,4.0,2.0,0.0,2.0,1,2,2016-04-09,REG
BUF_NYI_2016-04-09,BUF,2015021225,away,4,2.0,0.0,3.0,1.0,1.0,0.0,1,2,2016-04-09,OT
BUF_NYI_2016-04-09,NYI,2015021225,home,3,3.0,0.0,3.0,0.0,3.0,1.0,0,2,2016-04-09,OT
WSH_STL_2016-04-09,WSH,2015021226,away,5,0.0,0.0,12.0,1.0,0.0,0.0,1,2,2016-04-09,REG
WSH_STL_2016-04-09,STL,2015021226,home,1,2.0,0.0,2.0,1.0,0.0,1.0,0,2,2016-04-09,REG
NSH_DAL_2016-04-09,NSH,2015021227,away,2,7.0,0.0,4.0,0.0,0.0,0.0,0,2,2016-04-09,REG
NSH_DAL_2016-04-09,DAL,2015021227,home,3,2.0,0.0,2.0,3.0,3.0,1.0,1,2,2016-04-09,REG
EDM_VAN_2016-04-09,EDM,2015021228,away,3,1.0,0.0,6.0,0.0,0.0,0.0,0,2,2016-04-09,SO
EDM_VAN_2016-04-09,VAN,2015021228,home,4,3.0,0.0,6.0,0.0,2.0,2.0,1,2,2016-04-09,SO
WPG_LAK_2016-04-09,WPG,2015021229,away,4,0.0,0.0,0.0,2.0,1.0,0.0,1,2,2016-04-09,SO
WPG_LAK_2016-04-09,LAK,2015021229,home,3,4.0,0.0,2.0,0.0,1.0,0.0,0,2,2016-04-09,SO
ARI_SJS_2016-04-09,ARI,2015021230,away,0,3.0,0.0,0.0,0.0,1.0,0.0,0,2,2016-04-09,REG
ARI_SJS_2016-04-09,SJS,2015021230,home,1,3.0,1.0,5.0,1.0,1.0,3.0,1,2,2016-04-09,REG
PHI_NYI_2016-04-10,PHI,2015020716,away,5,1.0,0.0,2.0,4.0,0.0,1.0,1,2,2016-04-10,REG
PHI_NYI_2016-04-10,NYI,2015020716,home,2,1.0,0.0,3.0,3.0,1.0,1.0,0,2,2016-04-10,REG
ANA_WSH_2016-04-10,ANA,2015020704,away,2,2.0,0.0,3.0,0.0,1.0,0.0,1,2,2016-04-10,REG
ANA_WSH_2016-04-10,WSH,2015020704,home,0,0.0,0.0,3.0,0.0,0.0,0.0,0,2,2016-04-10,REG
DET_TBL_2016-04-13,DET,2015030121,away,2,5.0,0.0,8.0,0.0,1.0,0.0,0,3,2016-04-13,REG
DET_TBL_2016-04-13,TBL,2015030121,home,3,2.0,0.0,4.0,3.0,2.0,2.0,1,3,2016-04-13,REG
NYR_PIT_2016-04-13,NYR,2015030141,away,2,10.0,0.0,3.0,3.0,0.0,1.0,0,3,2016-04-13,REG
NYR_PIT_2016-04-13,PIT,2015030141,home,5,3.0,0.0,0.0,1.0,0.0,1.0,1,3,2016-04-13,REG
CHI_STL_2016-04-13,CHI,2015030161,away,0,2.0,0.0,0.0,6.0,0.0,0.0,0,3,2016-04-13,OT
CHI_STL_2016-04-13,STL,2015030161,home,1,5.0,0.0,1.0,0.0,0.0,2.0,1,3,2016-04-13,OT
PHI_WSH_2016-04-14,PHI,2015030131,away,0,9.0,0.0,3.0,3.0,2.0,0.0,0,3,2016-04-14,REG
PHI_WSH_2016-04-14,WSH,2015030131,home,2,5.0,0.0,5.0,3.0,1.0,2.0,1,3,2016-04-14,REG
NYI_FLA_2016-04-14,NYI,2015030111,away,5,4.0,0.0,3.0,2.0,0.0,0.0,1,3,2016-04-14,REG
NYI_FLA_2016-04-14,FLA,2015030111,home,4,0.0,0.0,6.0,1.0,1.0,1.0,0,3,2016-04-14,REG
MIN_DAL_2016-04-14,MIN,2015030151,away,0,1.0,0.0,2.0,3.0,0.0,0.0,0,3,2016-04-14,REG
MIN_DAL_2016-04-14,DAL,2015030151,home,4,3.0,0.0,1.0,1.0,2.0,1.0,1,3,2016-04-14,REG
SJS_LAK_2016-04-14,SJS,2015030181,away,4,4.0,1.0,3.0,2.0,1.0,0.0,1,3,2016-04-14,REG
SJS_LAK_2016-04-14,LAK,2015030181,home,3,4.0,0.0,4.0,0.0,6.0,0.0,0,3,2016-04-14,REG
DET_TBL_2016-04-15,DET,2015030122,away,2,5.0,0.0,1.0,1.0,0.0,0.0,0,3,2016-04-15,REG
DET_TBL_2016-04-15,TBL,2015030122,home,5,3.0,0.0,6.0,0.0,1.0,2.0,1,3,2016-04-15,REG
NYI_FLA_2016-04-15,NYI,2015030112,away,1,0.0,0.0,5.0,2.0,0.0,1.0,0,3,2016-04-15,REG
NYI_FLA_2016-04-15,FLA,2015030112,home,3,5.0,0.0,8.0,2.0,2.0,2.0,1,3,2016-04-15,REG
CHI_STL_2016-04-15,CHI,2015030162,away,3,2.0,0.0,4.0,1.0,1.0,1.0,1,3,2016-04-15,REG
CHI_STL_2016-04-15,STL,2015030162,home,2,2.0,0.0,0.0,1.0,0.0,1.0,0,3,2016-04-15,REG
NSH_ANA_2016-04-15,NSH,2015030171,away,3,3.0,0.0,3.0,2.0,2.0,1.0,1,3,2016-04-15,REG
NSH_ANA_2016-04-15,ANA,2015030171,home,2,4.0,0.0,3.0,2.0,2.0,0.0,0,3,2016-04-15,REG
NYR_PIT_2016-04-16,NYR,2015030142,away,4,3.0,0.0,2.0,0.0,1.0,0.0,1,3,2016-04-16,REG
NYR_PIT_2016-04-16,PIT,2015030142,home,2,2.0,0.0,4.0,1.0,0.0,0.0,0,3,2016-04-16,REG
PHI_WSH_2016-04-16,PHI,2015030132,away,1,7.0,0.0,8.0,2.0,2.0,1.0,0,3,2016-04-16,REG
PHI_WSH_2016-04-16,WSH,2015030132,home,4,10.0,1.0,5.0,3.0,0.0,0.0,1,3,2016-04-16,REG
MIN_DAL_2016-04-16,MIN,2015030152,away,1,4.0,1.0,6.0,2.0,1.0,0.0,0,3,2016-04-16,REG
MIN_DAL_2016-04-16,DAL,2015030152,home,2,0.0,0.0,5.0,1.0,2.0,0.0,1,3,2016-04-16,REG
SJS_LAK_2016-04-16,SJS,2015030182,away,2,5.0,0.0,4.0,4.0,2.0,0.0,1,3,2016-04-16,REG
SJS_LAK_2016-04-16,LAK,2015030182,home,1,4.0,0.0,2.0,1.0,0.0,0.0,0,3,2016-04-16,REG
STL_CHI_2016-04-17,STL,2015030163,away,3,5.0,0.0,1.0,4.0,1.0,1.0,1,3,2016-04-17,REG
STL_CHI_2016-04-17,CHI,2015030163,home,2,1.0,0.0,6.0,1.0,3.0,1.0,0,3,2016-04-17,REG
TBL_DET_2016-04-17,TBL,2015030123,away,0,1.0,0.0,1.0,3.0,2.0,2.0,0,3,2016-04-17,REG
TBL_DET_2016-04-17,DET,2015030123,home,2,4.0,0.0,2.0,3.0,1.0,0.0,1,3,2016-04-17,REG
FLA_NYI_2016-04-17,FLA,2015030113,away,3,4.0,0.0,9.0,1.0,4.0,1.0,0,3,2016-04-17,OT
FLA_NYI_2016-04-17,NYI,2015030113,home,4,2.0,0.0,0.0,0.0,1.0,2.0,1,3,2016-04-17,OT
NSH_ANA_2016-04-17,NSH,2015030172,away,3,6.0,0.0,3.0,1.0,1.0,3.0,1,3,2016-04-17,REG
NSH_ANA_2016-04-17,ANA,2015030172,home,2,4.0,0.0,2.0,2.0,2.0,2.0,0,3,2016-04-17,REG
WSH_PHI_2016-04-18,WSH,2015030133,away,6,5.0,1.0,6.0,5.0,1.0,1.0,1,3,2016-04-18,REG
WSH_PHI_2016-04-18,PHI,2015030133,home,1,7.0,0.0,4.0,2.0,1.0,0.0,0,3,2016-04-18,REG
DAL_MIN_2016-04-18,DAL,2015030153,away,3,0.0,0.0,7.0,2.0,0.0,2.0,0,3,2016-04-18,REG
DAL_MIN_2016-04-18,MIN,2015030153,home,5,0.0,0.0,2.0,1.0,1.0,0.0,1,3,2016-04-18,REG
LAK_SJS_2016-04-18,LAK,2015030183,away,2,4.0,0.0,2.0,1.0,0.0,0.0,1,3,2016-04-18,OT
LAK_SJS_2016-04-18,SJS,2015030183,home,1,8.0,0.0,1.0,2.0,3.0,0.0,0,3,2016-04-18,OT
PIT_NYR_2016-04-19,PIT,2015030143,away,3,4.0,0.0,2.0,0.0,1.0,0.0,1,3,2016-04-19,REG
PIT_NYR_2016-04-19,NYR,2015030143,home,1,8.0,0.0,3.0,3.0,3.0,0.0,0,3,2016-04-19,REG
TBL_DET_2016-04-19,TBL,2015030124,away,3,2.0,0.0,4.0,1.0,1.0,0.0,1,3,2016-04-19,REG
TBL_DET_2016-04-19,DET,2015030124,home,2,5.0,0.0,4.0,1.0,0.0,0.0,0,3,2016-04-19,REG
ANA_NSH_2016-04-19,ANA,2015030173,away,3,2.0,0.0,2.0,0.0,0.0,3.0,1,3,2016-04-19,REG
ANA_NSH_2016-04-19,NSH,2015030173,home,0,3.0,0.0,4.0,1.0,4.0,2.0,0,3,2016-04-19,REG
STL_CHI_2016-04-19,STL,2015030164,away,4,7.0,0.0,0.0,1.0,1.0,0.0,1,3,2016-04-19,REG
STL_CHI_2016-04-19,CHI,2015030164,home,3,7.0,1.0,3.0,1.0,1.0,1.0,0,3,2016-04-19,REG
WSH_PHI_2016-04-20,WSH,2015030134,away,1,6.0,0.0,3.0,3.0,2.0,0.0,0,3,2016-04-20,REG
WSH_PHI_2016-04-20,PHI,2015030134,home,2,12.0,0.0,2.0,7.0,3.0,1.0,1,3,2016-04-20,REG
FLA_NYI_2016-04-20,FLA,2015030114,away,2,3.0,0.0,7.0,1.0,3.0,1.0,1,3,2016-04-20,REG
FLA_NYI_2016-04-20,NYI,2015030114,home,1,3.0,0.0,3.0,2.0,1.0,1.0,0,3,2016-04-20,REG
DAL_MIN_2016-04-20,DAL,2015030154,away,3,1.0,0.0,0.0,0.0,0.0,0.0,1,3,2016-04-20,REG
DAL_MIN_2016-04-20,MIN,2015030154,home,2,2.0,0.0,7.0,3.0,1.0,2.0,0,3,2016-04-20,REG
LAK_SJS_2016-04-20,LAK,2015030184,away,2,3.0,0.0,1.0,0.0,0.0,1.0,0,3,2016-04-20,REG
LAK_SJS_2016-04-20,SJS,2015030184,home,3,7.0,1.0,6.0,2.0,1.0,1.0,1,3,2016-04-20,REG
PIT_NYR_2016-04-21,PIT,2015030144,away,5,5.0,0.0,3.0,1.0,2.0,2.0,1,3,2016-04-21,REG
PIT_NYR_2016-04-21,NYR,2015030144,home,0,3.0,0.0,2.0,1.0,1.0,1.0,0,3,2016-04-21,REG
DET_TBL_2016-04-21,DET,2015030125,away,0,8.0,0.0,4.0,2.0,1.0,1.0,0,3,2016-04-21,REG
DET_TBL_2016-04-21,TBL,2015030125,home,1,2.0,0.0,6.0,1.0,1.0,1.0,1,3,2016-04-21,REG
ANA_NSH_2016-04-21,ANA,2015030174,away,4,5.0,0.0,2.0,3.0,0.0,3.0,1,3,2016-04-21,REG
ANA_NSH_2016-04-21,NSH,2015030174,home,1,6.0,0.0,5.0,1.0,1.0,1.0,0,3,2016-04-21,REG
CHI_STL_2016-04-21,CHI,2015030165,away,4,1.0,0.0,5.0,1.0,4.0,1.0,1,3,2016-04-21,OT
CHI_STL_2016-04-21,STL,2015030165,home,3,7.0,0.0,3.0,1.0,0.0,1.0,0,3,2016-04-21,OT
PHI_WSH_2016-04-22,PHI,2015030135,away,2,5.0,0.0,1.0,4.0,1.0,0.0,1,3,2016-04-22,REG
PHI_WSH_2016-04-22,WSH,2015030135,home,0,13.0,0.0,10.0,1.0,1.0,1.0,0,3,2016-04-22,REG
NYI_FLA_2016-04-22,NYI,2015030115,away,2,4.0,1.0,7.0,6.0,4.0,3.0,1,3,2016-04-22,OT
NYI_FLA_2016-04-22,FLA,2015030115,home,1,3.0,0.0,7.0,1.0,3.0,2.0,0,3,2016-04-22,OT
MIN_DAL_2016-04-22,MIN,2015030155,away,5,4.0,0.0,4.0,4.0,0.0,3.0,1,3,2016-04-22,OT
MIN_DAL_2016-04-22,DAL,2015030155,home,4,4.0,0.0,5.0,3.0,1.0,1.0,0,3,2016-04-22,OT
SJS_LAK_2016-04-22,SJS,2015030185,away,6,8.0,0.0,4.0,2.0,0.0,0.0,1,3,2016-04-22,REG
SJS_LAK_2016-04-22,LAK,2015030185,home,3,4.0,0.0,2.0,0.0,1.0,1.0,0,3,2016-04-22,REG
NYR_PIT_2016-04-23,NYR,2015030145,away,3,10.0,0.0,1.0,1.0,0.0,0.0,0,3,2016-04-23,REG
NYR_PIT_2016-04-23,PIT,2015030145,home,6,2.0,0.0,2.0,2.0,1.0,0.0,1,3,2016-04-23,REG
NSH_ANA_2016-04-23,NSH,2015030175,away,2,2.0,0.0,3.0,2.0,1.0,1.0,0,3,2016-04-23,REG
NSH_ANA_2016-04-23,ANA,2015030175,home,5,1.0,0.0,3.0,4.0,2.0,0.0,1,3,2016-04-23,REG
STL_CHI_2016-04-23,STL,2015030166,away,3,6.0,0.0,1.0,2.0,1.0,0.0,0,3,2016-04-23,REG
STL_CHI_2016-04-23,CHI,2015030166,home,6,4.0,0.0,4.0,1.0,4.0,0.0,1,3,2016-04-23,REG
WSH_PHI_2016-04-24,WSH,2015030136,away,1,8.0,0.0,7.0,1.0,1.0,0.0,1,3,2016-04-24,REG
WSH_PHI_2016-04-24,PHI,2015030136,home,0,11.0,0.0,2.0,3.0,0.0,0.0,0,3,2016-04-24,REG
DAL_MIN_2016-04-24,DAL,2015030156,away,5,1.0,0.0,4.0,5.0,1.0,0.0,1,3,2016-04-24,REG
DAL_MIN_2016-04-24,MIN,2015030156,home,4,3.0,0.0,4.0,1.0,0.0,0.0,0,3,2016-04-24,REG
FLA_NYI_2016-04-24,FLA,2015030116,away,1,5.0,0.0,11.0,3.0,5.0,0.0,0,3,2016-04-24,OT
FLA_NYI_2016-04-24,NYI,2015030116,home,2,6.0,0.0,5.0,1.0,4.0,2.0,1,3,2016-04-24,OT
ANA_NSH_2016-04-25,ANA,2015030176,away,1,1.0,0.0,5.0,0.0,0.0,1.0,0,3,2016-04-25,REG
ANA_NSH_2016-04-25,NSH,2015030176,home,3,6.0,0.0,2.0,2.0,1.0,2.0,1,3,2016-04-25,REG
CHI_STL_2016-04-25,CHI,2015030167,away,2,2.0,0.0,4.0,2.0,2.0,0.0,0,3,2016-04-25,REG
CHI_STL_2016-04-25,STL,2015030167,home,3,4.0,0.0,0.0,0.0,0.0,0.0,1,3,2016-04-25,REG
NYI_TBL_2016-04-27,NYI,2015030211,away,5,6.0,0.0,2.0,1.0,2.0,0.0,1,3,2016-04-27,REG
NYI_TBL_2016-04-27,TBL,2015030211,home,3,4.0,0.0,3.0,0.0,2.0,0.0,0,3,2016-04-27,REG
NSH_ANA_2016-04-27,NSH,2015030177,away,2,1.0,0.0,3.0,2.0,0.0,3.0,1,3,2016-04-27,REG
NSH_ANA_2016-04-27,ANA,2015030177,home,1,4.0,0.0,3.0,2.0,1.0,0.0,0,3,2016-04-27,REG
PIT_WSH_2016-04-28,PIT,2015030221,away,3,3.0,0.0,2.0,4.0,0.0,0.0,0,3,2016-04-28,OT
PIT_WSH_2016-04-28,WSH,2015030221,home,4,12.0,0.0,5.0,2.0,1.0,0.0,1,3,2016-04-28,OT
STL_DAL_2016-04-29,STL,2015030231,away,1,1.0,0.0,3.0,1.0,0.0,1.0,0,3,2016-04-29,REG
STL_DAL_2016-04-29,DAL,2015030231,home,2,4.0,0.0,4.0,2.0,3.0,1.0,1,3,2016-04-29,REG
NSH_SJS_2016-04-29,NSH,2015030241,away,2,3.0,0.0,3.0,0.0,4.0,0.0,0,3,2016-04-29,REG
NSH_SJS_2016-04-29,SJS,2015030241,home,5,5.0,0.0,4.0,2.0,5.0,0.0,1,3,2016-04-29,REG
NYI_TBL_2016-04-30,NYI,2015030212,away,1,3.0,0.0,2.0,1.0,0.0,1.0,0,3,2016-04-30,REG
NYI_TBL_2016-04-30,TBL,2015030212,home,4,0.0,0.0,7.0,0.0,1.0,0.0,1,3,2016-04-30,REG
PIT_WSH_2016-04-30,PIT,2015030222,away,2,0.0,0.0,2.0,1.0,0.0,2.0,1,3,2016-04-30,REG
PIT_WSH_2016-04-30,WSH,2015030222,home,1,8.0,0.0,6.0,6.0,1.0,2.0,0,3,2016-04-30,REG
STL_DAL_2016-05-01,STL,2015030232,away,4,5.0,0.0,0.0,3.0,1.0,1.0,1,3,2016-05-01,OT
STL_DAL_2016-05-01,DAL,2015030232,home,3,3.0,0.0,2.0,6.0,1.0,0.0,0,3,2016-05-01,OT
NSH_SJS_2016-05-01,NSH,2015030242,away,2,8.0,0.0,4.0,4.0,0.0,1.0,0,3,2016-05-01,REG
NSH_SJS_2016-05-01,SJS,2015030242,home,3,4.0,0.0,5.0,4.0,0.0,2.0,1,3,2016-05-01,REG
WSH_PIT_2016-05-02,WSH,2015030223,away,2,12.0,0.0,8.0,1.0,1.0,1.0,0,3,2016-05-02,REG
WSH_PIT_2016-05-02,PIT,2015030223,home,3,1.0,0.0,0.0,1.0,0.0,1.0,1,3,2016-05-02,REG
TBL_NYI_2016-05-03,TBL,2015030213,away,5,5.0,0.0,4.0,1.0,0.0,1.0,1,3,2016-05-03,OT
TBL_NYI_2016-05-03,NYI,2015030213,home,4,4.0,0.0,1.0,2.0,0.0,1.0,0,3,2016-05-03,OT
SJS_NSH_2016-05-03,SJS,2015030243,away,1,7.0,0.0,6.0,4.0,0.0,0.0,0,3,2016-05-03,REG
SJS_NSH_2016-05-03,NSH,2015030243,home,4,3.0,1.0,4.0,5.0,3.0,2.0,1,3,2016-05-03,REG
DAL_STL_2016-05-03,DAL,2015030233,away,1,5.0,0.0,4.0,0.0,0.0,3.0,0,3,2016-05-03,REG
DAL_STL_2016-05-03,STL,2015030233,home,6,6.0,0.0,2.0,0.0,0.0,1.0,1,3,2016-05-03,REG
WSH_PIT_2016-05-04,WSH,2015030224,away,2,4.0,0.0,9.0,2.0,0.0,1.0,0,3,2016-05-04,OT
WSH_PIT_2016-05-04,PIT,2015030224,home,3,3.0,0.0,4.0,2.0,0.0,2.0,1,3,2016-05-04,OT
DAL_STL_2016-05-05,DAL,2015030234,away,3,3.0,1.0,8.0,1.0,0.0,3.0,1,3,2016-05-05,OT
DAL_STL_2016-05-05,STL,2015030234,home,2,2.0,0.0,0.0,0.0,0.0,1.0,0,3,2016-05-05,OT
SJS_NSH_2016-05-05,SJS,2015030244,away,3,4.0,0.0,8.0,2.0,1.0,1.0,0,3,2016-05-05,OT
SJS_NSH_2016-05-05,NSH,2015030244,home,4,9.0,0.0,3.0,6.0,2.0,1.0,1,3,2016-05-05,OT
TBL_NYI_2016-05-06,TBL,2015030214,away,2,3.0,0.0,4.0,4.0,3.0,2.0,1,3,2016-05-06,OT
TBL_NYI_2016-05-06,NYI,2015030214,home,1,1.0,0.0,4.0,1.0,1.0,0.0,0,3,2016-05-06,OT
STL_DAL_2016-05-07,STL,2015030235,away,4,2.0,0.0,0.0,5.0,0.0,0.0,1,3,2016-05-07,REG
STL_DAL_2016-05-07,DAL,2015030235,home,1,3.0,0.0,3.0,3.0,3.0,2.0,0,3,2016-05-07,REG
PIT_WSH_2016-05-07,PIT,2015030225,away,1,0.0,0.0,4.0,3.0,1.0,0.0,0,3,2016-05-07,REG
PIT_WSH_2016-05-07,WSH,2015030225,home,3,4.0,1.0,7.0,2.0,4.0,4.0,1,3,2016-05-07,REG
NSH_SJS_2016-05-07,NSH,2015030245,away,1,7.0,0.0,4.0,1.0,1.0,1.0,0,3,2016-05-07,REG
NSH_SJS_2016-05-07,SJS,2015030245,home,5,10.0,1.0,6.0,3.0,1.0,1.0,1,3,2016-05-07,REG
NYI_TBL_2016-05-08,NYI,2015030215,away,0,2.0,0.0,3.0,0.0,2.0,1.0,0,3,2016-05-08,REG
NYI_TBL_2016-05-08,TBL,2015030215,home,4,1.0,0.0,4.0,1.0,1.0,0.0,1,3,2016-05-08,REG
DAL_STL_2016-05-09,DAL,2015030236,away,3,0.0,0.0,0.0,3.0,2.0,0.0,1,3,2016-05-09,REG
DAL_STL_2016-05-09,STL,2015030236,home,2,1.0,0.0,2.0,0.0,0.0,1.0,0,3,2016-05-09,REG
SJS_NSH_2016-05-09,SJS,2015030246,away,3,2.0,0.0,1.0,5.0,3.0,0.0,0,3,2016-05-09,OT
SJS_NSH_2016-05-09,NSH,2015030246,home,4,5.0,0.0,5.0,2.0,1.0,0.0,1,3,2016-05-09,OT
WSH_PIT_2016-05-10,WSH,2015030226,away,3,10.0,0.0,8.0,3.0,0.0,0.0,0,3,2016-05-10,OT
WSH_PIT_2016-05-10,PIT,2015030226,home,4,2.0,0.0,1.0,1.0,1.0,0.0,1,3,2016-05-10,OT
STL_DAL_2016-05-11,STL,2015030237,away,6,4.0,0.0,0.0,7.0,1.0,0.0,1,3,2016-05-11,REG
STL_DAL_2016-05-11,DAL,2015030237,home,1,0.0,0.0,5.0,2.0,0.0,1.0,0,3,2016-05-11,REG
NSH_SJS_2016-05-12,NSH,2015030247,away,0,5.0,0.0,2.0,0.0,2.0,2.0,0,3,2016-05-12,REG
NSH_SJS_2016-05-12,SJS,2015030247,home,5,4.0,1.0,4.0,2.0,1.0,1.0,1,3,2016-05-12,REG
TBL_PIT_2016-05-13,TBL,2015030311,away,3,4.0,0.0,0.0,1.0,0.0,1.0,1,3,2016-05-13,REG
TBL_PIT_2016-05-13,PIT,2015030311,home,1,2.0,0.0,0.0,2.0,1.0,0.0,0,3,2016-05-13,REG
SJS_STL_2016-05-15,SJS,2015030321,away,1,2.0,0.0,7.0,0.0,0.0,0.0,0,3,2016-05-15,REG
SJS_STL_2016-05-15,STL,2015030321,home,2,3.0,0.0,1.0,1.0,0.0,1.0,1,3,2016-05-15,REG
TBL_PIT_2016-05-16,TBL,2015030312,away,2,4.0,0.0,3.0,0.0,0.0,0.0,0,3,2016-05-16,OT
TBL_PIT_2016-05-16,PIT,2015030312,home,3,3.0,0.0,3.0,1.0,0.0,0.0,1,3,2016-05-16,OT
SJS_STL_2016-05-17,SJS,2015030322,away,4,8.0,0.0,4.0,1.0,1.0,0.0,1,3,2016-05-17,REG
SJS_STL_2016-05-17,STL,2015030322,home,0,1.0,0.0,1.0,4.0,0.0,1.0,0,3,2016-05-17,REG
PIT_TBL_2016-05-18,PIT,2015030313,away,4,2.0,0.0,1.0,0.0,2.0,0.0,1,3,2016-05-18,REG
PIT_TBL_2016-05-18,TBL,2015030313,home,2,1.0,0.0,6.0,3.0,1.0,0.0,0,3,2016-05-18,REG
STL_SJS_2016-05-19,STL,2015030323,away,0,0.0,0.0,1.0,1.0,2.0,1.0,0,3,2016-05-19,REG
STL_SJS_2016-05-19,SJS,2015030323,home,3,7.0,0.0,2.0,3.0,3.0,2.0,1,3,2016-05-19,REG
PIT_TBL_2016-05-20,PIT,2015030314,away,3,3.0,0.0,6.0,1.0,1.0,0.0,0,3,2016-05-20,REG
PIT_TBL_2016-05-20,TBL,2015030314,home,4,1.0,0.0,5.0,0.0,3.0,0.0,1,3,2016-05-20,REG
STL_SJS_2016-05-21,STL,2015030324,away,6,1.0,0.0,2.0,3.0,3.0,0.0,1,3,2016-05-21,REG
STL_SJS_2016-05-21,SJS,2015030324,home,3,6.0,0.0,4.0,2.0,3.0,0.0,0,3,2016-05-21,REG
TBL_PIT_2016-05-22,TBL,2015030315,away,4,5.0,0.0,9.0,0.0,0.0,1.0,1,3,2016-05-22,OT
TBL_PIT_2016-05-22,PIT,2015030315,home,3,5.0,0.0,1.0,2.0,1.0,0.0,0,3,2016-05-22,OT
SJS_STL_2016-05-23,SJS,2015030325,away,6,3.0,1.0,2.0,2.0,0.0,1.0,1,3,2016-05-23,REG
SJS_STL_2016-05-23,STL,2015030325,home,3,2.0,0.0,2.0,0.0,0.0,0.0,0,3,2016-05-23,REG
PIT_TBL_2016-05-24,PIT,2015030316,away,5,3.0,0.0,3.0,4.0,1.0,1.0,1,3,2016-05-24,REG
PIT_TBL_2016-05-24,TBL,2015030316,home,2,0.0,0.0,3.0,1.0,1.0,1.0,0,3,2016-05-24,REG
STL_SJS_2016-05-25,STL,2015030326,away,2,5.0,0.0,3.0,1.0,0.0,0.0,0,3,2016-05-25,REG
STL_SJS_2016-05-25,SJS,2015030326,home,5,5.0,0.0,5.0,1.0,6.0,1.0,1,3,2016-05-25,REG
TBL_PIT_2016-05-26,TBL,2015030317,away,1,4.0,0.0,2.0,3.0,0.0,0.0,0,3,2016-05-26,REG
TBL_PIT_2016-05-26,PIT,2015030317,home,2,4.0,0.0,2.0,1.0,0.0,1.0,1,3,2016-05-26,REG
SJS_PIT_2016-05-30,SJS,2015030411,away,2,7.0,0.0,3.0,1.0,0.0,0.0,0,3,2016-05-30,REG
SJS_PIT_2016-05-30,PIT,2015030411,home,3,2.0,0.0,1.0,3.0,1.0,1.0,1,3,2016-05-30,REG
SJS_PIT_2016-06-01,SJS,2015030412,away,1,10.0,0.0,2.0,2.0,0.0,0.0,0,3,2016-06-01,OT
SJS_PIT_2016-06-01,PIT,2015030412,home,2,4.0,0.0,4.0,2.0,1.0,0.0,1,3,2016-06-01,OT
PIT_SJS_2016-06-04,PIT,2015030413,away,2,2.0,0.0,4.0,8.0,4.0,1.0,0,3,2016-06-04,OT
PIT_SJS_2016-06-04,SJS,2015030413,home,3,5.0,0.0,1.0,1.0,2.0,1.0,1,3,2016-06-04,OT
PIT_SJS_2016-06-06,PIT,2015030414,away,3,1.0,0.0,1.0,4.0,2.0,0.0,1,3,2016-06-06,REG
PIT_SJS_2016-06-06,SJS,2015030414,home,1,7.0,0.0,6.0,1.0,1.0,0.0,0,3,2016-06-06,REG
SJS_PIT_2016-06-09,SJS,2015030415,away,4,4.0,0.0,5.0,1.0,1.0,2.0,1,3,2016-06-09,REG
SJS_PIT_2016-06-09,PIT,2015030415,home,2,1.0,0.0,2.0,1.0,2.0,0.0,0,3,2016-06-09,REG
PIT_SJS_2016-06-12,PIT,2015030416,away,3,2.0,0.0,2.0,1.0,2.0,0.0,1,3,2016-06-12,REG
PIT_SJS_2016-06-12,SJS,2015030416,home,1,6.0,0.0,0.0,3.0,3.0,0.0,0,3,2016-06-12,REG
