gameIdx,team_tri,gameid,teamloc,goals,hits,goals_pp,shots,shots_blocked,poss_giveaway,poss_takeaway,win,seasonIdx,gameDate,gameEnd
TOR_OTT_2016-10-12,TOR,2016020001,away,4,1.0,0.0,0.0,0.0,0.0,0.0,0,2,2016-10-12,OT
TOR_OTT_2016-10-12,OTT,2016020001,home,5,3.0,0.0,4.0,5.0,1.0,0.0,1,2,2016-10-12,OT
STL_CHI_2016-10-12,STL,2016020002,away,5,6.0,0.0,2.0,1.0,1.0,0.0,1,2,2016-10-12,REG
STL_CHI_2016-10-12,CHI,2016020002,home,2,2.0,0.0,1.0,2.0,1.0,0.0,0,2,2016-10-12,REG
CGY_EDM_2016-10-12,CGY,2016020003,away,4,1.0,0.0,4.0,2.0,0.0,3.0,0,2,2016-10-12,REG
CGY_EDM_2016-10-12,EDM,2016020003,home,7,0.0,0.0,3.0,3.0,0.0,0.0,1,2,2016-10-12,REG
LAK_SJS_2016-10-12,LAK,2016020004,away,1,9.0,0.0,1.0,0.0,1.0,0.0,0,2,2016-10-12,REG
LAK_SJS_2016-10-12,SJS,2016020004,home,2,5.0,0.0,6.0,2.0,0.0,1.0,1,2,2016-10-12,REG
NYI_NYR_2016-10-13,NYI,2016020006,away,3,3.0,0.0,4.0,3.0,0.0,0.0,0,2,2016-10-13,REG
NYI_NYR_2016-10-13,NYR,2016020006,home,5,2.0,0.0,6.0,1.0,1.0,1.0,1,2,2016-10-13,REG
BOS_CBJ_2016-10-13,BOS,2016020008,away,6,2.0,0.0,4.0,2.0,0.0,1.0,1,2,2016-10-13,REG
BOS_CBJ_2016-10-13,CBJ,2016020008,home,3,1.0,0.0,5.0,1.0,1.0,3.0,0,2,2016-10-13,REG
MTL_BUF_2016-10-13,MTL,2016020005,away,4,2.0,0.0,2.0,1.0,2.0,1.0,1,2,2016-10-13,REG
MTL_BUF_2016-10-13,BUF,2016020005,home,1,3.0,0.0,4.0,1.0,0.0,0.0,0,2,2016-10-13,REG
NJD_FLA_2016-10-13,NJD,2016020010,away,1,2.0,0.0,3.0,3.0,0.0,0.0,0,2,2016-10-13,OT
NJD_FLA_2016-10-13,FLA,2016020010,home,2,3.0,0.0,3.0,1.0,1.0,1.0,1,2,2016-10-13,OT
DET_TBL_2016-10-13,DET,2016020009,away,4,6.0,0.0,6.0,1.0,2.0,0.0,0,2,2016-10-13,REG
DET_TBL_2016-10-13,TBL,2016020009,home,6,1.0,1.0,3.0,2.0,3.0,2.0,1,2,2016-10-13,REG
CAR_WPG_2016-10-13,CAR,2016020012,away,4,2.0,0.0,4.0,1.0,1.0,1.0,0,2,2016-10-13,OT
CAR_WPG_2016-10-13,WPG,2016020012,home,5,0.0,0.0,1.0,1.0,1.0,1.0,1,2,2016-10-13,OT
MIN_STL_2016-10-13,MIN,2016020011,away,2,2.0,0.0,1.0,1.0,0.0,0.0,0,2,2016-10-13,REG
MIN_STL_2016-10-13,STL,2016020011,home,3,4.0,0.0,3.0,0.0,1.0,0.0,1,2,2016-10-13,REG
WSH_PIT_2016-10-13,WSH,2016020007,away,2,3.0,0.0,7.0,2.0,1.0,0.0,0,2,2016-10-13,SO
WSH_PIT_2016-10-13,PIT,2016020007,home,3,0.0,0.0,1.0,2.0,3.0,0.0,1,2,2016-10-13,SO
ANA_DAL_2016-10-13,ANA,2016020013,away,2,5.0,0.0,10.0,4.0,1.0,1.0,0,2,2016-10-13,REG
ANA_DAL_2016-10-13,DAL,2016020013,home,4,2.0,0.0,5.0,0.0,0.0,0.0,1,2,2016-10-13,REG
CHI_NSH_2016-10-14,CHI,2016020014,away,2,0.0,0.0,2.0,0.0,1.0,0.0,0,2,2016-10-14,REG
CHI_NSH_2016-10-14,NSH,2016020014,home,3,2.0,0.0,1.0,0.0,0.0,1.0,1,2,2016-10-14,REG
EDM_CGY_2016-10-14,EDM,2016020015,away,5,0.0,1.0,5.0,0.0,0.0,1.0,1,2,2016-10-14,REG
EDM_CGY_2016-10-14,CGY,2016020015,home,3,0.0,0.0,3.0,0.0,0.0,0.0,0,2,2016-10-14,REG
PHI_LAK_2016-10-14,PHI,2016020016,away,4,6.0,0.0,4.0,2.0,2.0,0.0,1,2,2016-10-14,REG
PHI_LAK_2016-10-14,LAK,2016020016,home,2,1.0,0.0,0.0,1.0,1.0,0.0,0,2,2016-10-14,REG
NJD_TBL_2016-10-15,NJD,2016020019,away,2,1.0,0.0,3.0,0.0,0.0,1.0,0,2,2016-10-15,REG
NJD_TBL_2016-10-15,TBL,2016020019,home,3,3.0,0.0,3.0,1.0,0.0,0.0,1,2,2016-10-15,REG
ANA_PIT_2016-10-15,ANA,2016020021,away,2,4.0,0.0,6.0,1.0,0.0,1.0,0,2,2016-10-15,REG
ANA_PIT_2016-10-15,PIT,2016020021,home,3,2.0,0.0,4.0,1.0,0.0,0.0,1,2,2016-10-15,REG
MTL_OTT_2016-10-15,MTL,2016020018,away,3,7.0,0.0,6.0,2.0,2.0,0.0,0,2,2016-10-15,SO
MTL_OTT_2016-10-15,OTT,2016020018,home,4,6.0,0.0,4.0,2.0,0.0,0.0,1,2,2016-10-15,SO
NYI_WSH_2016-10-15,NYI,2016020022,away,1,2.0,0.0,0.0,4.0,0.0,0.0,0,2,2016-10-15,REG
NYI_WSH_2016-10-15,WSH,2016020022,home,2,3.0,0.0,5.0,1.0,5.0,4.0,1,2,2016-10-15,REG
WPG_MIN_2016-10-15,WPG,2016020024,away,3,0.0,0.0,2.0,1.0,2.0,0.0,0,2,2016-10-15,REG
WPG_MIN_2016-10-15,MIN,2016020024,home,4,3.0,0.0,4.0,4.0,1.0,1.0,1,2,2016-10-15,REG
SJS_CBJ_2016-10-15,SJS,2016020023,away,3,4.0,0.0,6.0,4.0,0.0,0.0,1,2,2016-10-15,REG
SJS_CBJ_2016-10-15,CBJ,2016020023,home,2,0.0,0.0,4.0,3.0,1.0,0.0,0,2,2016-10-15,REG
BOS_TOR_2016-10-15,BOS,2016020017,away,1,5.0,0.0,3.0,1.0,2.0,0.0,0,2,2016-10-15,REG
BOS_TOR_2016-10-15,TOR,2016020017,home,4,4.0,0.0,2.0,3.0,0.0,2.0,1,2,2016-10-15,REG
DET_FLA_2016-10-15,DET,2016020020,away,1,4.0,0.0,3.0,2.0,0.0,1.0,0,2,2016-10-15,REG
DET_FLA_2016-10-15,FLA,2016020020,home,4,1.0,0.0,6.0,5.0,1.0,0.0,1,2,2016-10-15,REG
NYR_STL_2016-10-15,NYR,2016020025,away,2,1.0,0.0,4.0,0.0,1.0,0.0,0,2,2016-10-15,REG
NYR_STL_2016-10-15,STL,2016020025,home,3,3.0,0.0,0.0,1.0,0.0,0.0,1,2,2016-10-15,REG
NSH_CHI_2016-10-15,NSH,2016020026,away,3,5.0,0.0,5.0,2.0,0.0,3.0,0,2,2016-10-15,REG
NSH_CHI_2016-10-15,CHI,2016020026,home,5,2.0,0.0,4.0,2.0,1.0,2.0,1,2,2016-10-15,REG
DAL_COL_2016-10-15,DAL,2016020027,away,5,3.0,0.0,1.0,1.0,0.0,0.0,0,2,2016-10-15,REG
DAL_COL_2016-10-15,COL,2016020027,home,6,1.0,2.0,5.0,2.0,0.0,0.0,1,2,2016-10-15,REG
PHI_ARI_2016-10-15,PHI,2016020028,away,3,3.0,0.0,3.0,3.0,0.0,0.0,0,2,2016-10-15,OT
PHI_ARI_2016-10-15,ARI,2016020028,home,4,2.0,0.0,5.0,1.0,0.0,0.0,1,2,2016-10-15,OT
CGY_VAN_2016-10-15,CGY,2016020029,away,1,0.0,0.0,0.0,0.0,1.0,0.0,0,2,2016-10-15,SO
CGY_VAN_2016-10-15,VAN,2016020029,home,2,4.0,0.0,2.0,1.0,1.0,1.0,1,2,2016-10-15,SO
ANA_NYI_2016-10-16,ANA,2016020030,away,2,2.0,0.0,2.0,1.0,0.0,0.0,0,2,2016-10-16,OT
ANA_NYI_2016-10-16,NYI,2016020030,home,3,2.0,0.0,3.0,2.0,1.0,1.0,1,2,2016-10-16,OT
BUF_EDM_2016-10-16,BUF,2016020031,away,6,6.0,0.0,3.0,2.0,1.0,0.0,1,2,2016-10-16,REG
BUF_EDM_2016-10-16,EDM,2016020031,home,2,3.0,0.0,3.0,3.0,1.0,2.0,0,2,2016-10-16,REG
CAR_VAN_2016-10-16,CAR,2016020032,away,3,3.0,0.0,3.0,0.0,1.0,0.0,0,2,2016-10-16,OT
CAR_VAN_2016-10-16,VAN,2016020032,home,4,2.0,0.0,0.0,1.0,0.0,1.0,1,2,2016-10-16,OT
COL_PIT_2016-10-17,COL,2016020034,away,4,3.0,0.0,5.0,1.0,0.0,0.0,1,2,2016-10-17,OT
COL_PIT_2016-10-17,PIT,2016020034,home,3,2.0,0.0,6.0,3.0,0.0,0.0,0,2,2016-10-17,OT
SJS_NYR_2016-10-17,SJS,2016020033,away,4,3.0,0.0,3.0,1.0,2.0,1.0,0,2,2016-10-17,REG
SJS_NYR_2016-10-17,NYR,2016020033,home,7,4.0,0.0,3.0,3.0,0.0,0.0,1,2,2016-10-17,REG
OTT_DET_2016-10-17,OTT,2016020035,away,1,0.0,0.0,9.0,2.0,2.0,0.0,0,2,2016-10-17,REG
OTT_DET_2016-10-17,DET,2016020035,home,5,4.0,0.0,2.0,2.0,1.0,0.0,1,2,2016-10-17,REG
BOS_WPG_2016-10-17,BOS,2016020036,away,4,1.0,0.0,4.0,0.0,1.0,1.0,1,2,2016-10-17,REG
BOS_WPG_2016-10-17,WPG,2016020036,home,1,1.0,0.0,1.0,0.0,0.0,0.0,0,2,2016-10-17,REG
ANA_NJD_2016-10-18,ANA,2016020037,away,1,4.0,0.0,2.0,2.0,1.0,0.0,0,2,2016-10-18,REG
ANA_NJD_2016-10-18,NJD,2016020037,home,2,2.0,0.0,2.0,1.0,0.0,0.0,1,2,2016-10-18,REG
COL_WSH_2016-10-18,COL,2016020039,away,0,3.0,0.0,1.0,2.0,1.0,0.0,0,2,2016-10-18,REG
COL_WSH_2016-10-18,WSH,2016020039,home,3,5.0,1.0,8.0,1.0,4.0,5.0,1,2,2016-10-18,REG
SJS_NYI_2016-10-18,SJS,2016020038,away,3,1.0,0.0,5.0,2.0,0.0,1.0,1,2,2016-10-18,REG
SJS_NYI_2016-10-18,NYI,2016020038,home,2,5.0,0.0,1.0,1.0,1.0,0.0,0,2,2016-10-18,REG
FLA_TBL_2016-10-18,FLA,2016020042,away,3,2.0,0.0,7.0,0.0,1.0,0.0,0,2,2016-10-18,SO
FLA_TBL_2016-10-18,TBL,2016020042,home,4,3.0,0.0,1.0,3.0,1.0,1.0,1,2,2016-10-18,SO
PIT_MTL_2016-10-18,PIT,2016020040,away,0,0.0,0.0,7.0,2.0,0.0,0.0,0,2,2016-10-18,REG
PIT_MTL_2016-10-18,MTL,2016020040,home,4,6.0,0.0,4.0,1.0,3.0,0.0,1,2,2016-10-18,REG
ARI_OTT_2016-10-18,ARI,2016020041,away,4,2.0,0.0,2.0,2.0,2.0,0.0,0,2,2016-10-18,REG
ARI_OTT_2016-10-18,OTT,2016020041,home,7,4.0,0.0,5.0,5.0,1.0,1.0,1,2,2016-10-18,REG
DAL_NSH_2016-10-18,DAL,2016020043,away,2,2.0,0.0,5.0,6.0,1.0,0.0,1,2,2016-10-18,REG
DAL_NSH_2016-10-18,NSH,2016020043,home,1,5.0,0.0,3.0,2.0,0.0,2.0,0,2,2016-10-18,REG
LAK_MIN_2016-10-18,LAK,2016020044,away,3,0.0,0.0,0.0,1.0,2.0,0.0,0,2,2016-10-18,REG
LAK_MIN_2016-10-18,MIN,2016020044,home,6,6.0,1.0,3.0,2.0,0.0,2.0,1,2,2016-10-18,REG
PHI_CHI_2016-10-18,PHI,2016020045,away,4,1.0,0.0,2.0,0.0,1.0,1.0,0,2,2016-10-18,REG
PHI_CHI_2016-10-18,CHI,2016020045,home,7,1.0,0.0,3.0,2.0,2.0,1.0,1,2,2016-10-18,REG
CAR_EDM_2016-10-18,CAR,2016020047,away,2,3.0,0.0,5.0,0.0,2.0,2.0,0,2,2016-10-18,REG
CAR_EDM_2016-10-18,EDM,2016020047,home,3,1.0,0.0,5.0,2.0,1.0,1.0,1,2,2016-10-18,REG
BUF_CGY_2016-10-18,BUF,2016020046,away,3,1.0,0.0,3.0,2.0,1.0,0.0,0,2,2016-10-18,OT
BUF_CGY_2016-10-18,CGY,2016020046,home,4,0.0,0.0,4.0,0.0,1.0,1.0,1,2,2016-10-18,OT
STL_VAN_2016-10-18,STL,2016020048,away,1,2.0,0.0,4.0,0.0,0.0,0.0,0,2,2016-10-18,OT
STL_VAN_2016-10-18,VAN,2016020048,home,2,3.0,0.0,1.0,3.0,3.0,0.0,1,2,2016-10-18,OT
DET_NYR_2016-10-19,DET,2016020049,away,2,4.0,0.0,0.0,4.0,2.0,2.0,1,2,2016-10-19,REG
DET_NYR_2016-10-19,NYR,2016020049,home,1,2.0,0.0,0.0,1.0,1.0,2.0,0,2,2016-10-19,REG
TOR_WPG_2016-10-19,TOR,2016020050,away,4,2.0,0.0,2.0,7.0,1.0,0.0,0,2,2016-10-19,OT
TOR_WPG_2016-10-19,WPG,2016020050,home,5,1.0,0.0,1.0,1.0,2.0,0.0,1,2,2016-10-19,OT
NJD_BOS_2016-10-20,NJD,2016020051,away,1,2.0,0.0,3.0,2.0,0.0,1.0,0,2,2016-10-20,REG
NJD_BOS_2016-10-20,BOS,2016020051,home,2,1.0,0.0,2.0,2.0,0.0,0.0,1,2,2016-10-20,REG
ANA_PHI_2016-10-20,ANA,2016020052,away,3,3.0,0.0,3.0,0.0,0.0,0.0,1,2,2016-10-20,REG
ANA_PHI_2016-10-20,PHI,2016020052,home,2,3.0,0.0,1.0,2.0,3.0,0.0,0,2,2016-10-20,REG
SJS_PIT_2016-10-20,SJS,2016020053,away,2,7.0,0.0,5.0,3.0,1.0,0.0,0,2,2016-10-20,REG
SJS_PIT_2016-10-20,PIT,2016020053,home,3,1.0,0.0,0.0,2.0,1.0,0.0,1,2,2016-10-20,REG
COL_TBL_2016-10-20,COL,2016020055,away,4,4.0,0.0,1.0,0.0,1.0,0.0,1,2,2016-10-20,REG
COL_TBL_2016-10-20,TBL,2016020055,home,0,2.0,0.0,1.0,2.0,1.0,1.0,0,2,2016-10-20,REG
WSH_FLA_2016-10-20,WSH,2016020056,away,4,5.0,0.0,3.0,4.0,0.0,0.0,1,2,2016-10-20,REG
WSH_FLA_2016-10-20,FLA,2016020056,home,2,0.0,0.0,1.0,0.0,1.0,2.0,0,2,2016-10-20,REG
ARI_MTL_2016-10-20,ARI,2016020054,away,2,6.0,0.0,2.0,1.0,1.0,0.0,0,2,2016-10-20,REG
ARI_MTL_2016-10-20,MTL,2016020054,home,5,3.0,1.0,13.0,4.0,2.0,1.0,1,2,2016-10-20,REG
TOR_MIN_2016-10-20,TOR,2016020057,away,2,3.0,0.0,6.0,2.0,0.0,1.0,0,2,2016-10-20,REG
TOR_MIN_2016-10-20,MIN,2016020057,home,3,2.0,0.0,4.0,1.0,3.0,0.0,1,2,2016-10-20,REG
LAK_DAL_2016-10-20,LAK,2016020058,away,4,2.0,0.0,1.0,0.0,1.0,0.0,1,2,2016-10-20,OT
LAK_DAL_2016-10-20,DAL,2016020058,home,3,1.0,0.0,2.0,2.0,0.0,0.0,0,2,2016-10-20,OT
CAR_CGY_2016-10-20,CAR,2016020059,away,4,0.0,0.0,2.0,1.0,1.0,2.0,1,2,2016-10-20,REG
CAR_CGY_2016-10-20,CGY,2016020059,home,2,1.0,0.0,3.0,0.0,0.0,0.0,0,2,2016-10-20,REG
STL_EDM_2016-10-20,STL,2016020060,away,1,2.0,0.0,3.0,2.0,0.0,1.0,0,2,2016-10-20,REG
STL_EDM_2016-10-20,EDM,2016020060,home,3,1.0,0.0,2.0,6.0,2.0,1.0,1,2,2016-10-20,REG
BUF_VAN_2016-10-20,BUF,2016020061,away,1,3.0,0.0,4.0,4.0,0.0,0.0,0,2,2016-10-20,REG
BUF_VAN_2016-10-20,VAN,2016020061,home,2,2.0,0.0,2.0,2.0,1.0,0.0,1,2,2016-10-20,REG
CHI_CBJ_2016-10-21,CHI,2016020063,away,2,0.0,0.0,4.0,3.0,0.0,1.0,0,2,2016-10-21,REG
CHI_CBJ_2016-10-21,CBJ,2016020063,home,3,1.0,0.0,1.0,7.0,0.0,0.0,1,2,2016-10-21,REG
ARI_NYI_2016-10-21,ARI,2016020062,away,2,6.0,0.0,2.0,2.0,1.0,1.0,0,2,2016-10-21,REG
ARI_NYI_2016-10-21,NYI,2016020062,home,3,4.0,0.0,1.0,1.0,1.0,1.0,1,2,2016-10-21,REG
NSH_DET_2016-10-21,NSH,2016020064,away,3,7.0,0.0,4.0,1.0,0.0,0.0,0,2,2016-10-21,REG
NSH_DET_2016-10-21,DET,2016020064,home,5,1.0,1.0,4.0,1.0,1.0,0.0,1,2,2016-10-21,REG
SJS_DET_2016-10-22,SJS,2016020067,away,0,5.0,0.0,6.0,1.0,0.0,1.0,0,2,2016-10-22,REG
SJS_DET_2016-10-22,DET,2016020067,home,3,1.0,0.0,5.0,1.0,0.0,0.0,1,2,2016-10-22,REG
NYR_WSH_2016-10-22,NYR,2016020071,away,4,0.0,0.0,1.0,2.0,0.0,1.0,1,2,2016-10-22,REG
NYR_WSH_2016-10-22,WSH,2016020071,home,2,6.0,0.0,7.0,2.0,1.0,1.0,0,2,2016-10-22,REG
CAR_PHI_2016-10-22,CAR,2016020070,away,3,4.0,0.0,3.0,1.0,2.0,0.0,0,2,2016-10-22,REG
CAR_PHI_2016-10-22,PHI,2016020070,home,6,2.0,0.0,2.0,4.0,1.0,1.0,1,2,2016-10-22,REG
TOR_CHI_2016-10-22,TOR,2016020072,away,4,5.0,0.0,3.0,1.0,0.0,0.0,0,2,2016-10-22,SO
TOR_CHI_2016-10-22,CHI,2016020072,home,5,0.0,0.0,4.0,1.0,1.0,1.0,1,2,2016-10-22,SO
COL_FLA_2016-10-22,COL,2016020068,away,2,1.0,0.0,2.0,1.0,2.0,0.0,0,2,2016-10-22,REG
COL_FLA_2016-10-22,FLA,2016020068,home,5,2.0,0.0,8.0,0.0,2.0,0.0,1,2,2016-10-22,REG
MIN_NJD_2016-10-22,MIN,2016020069,away,1,1.0,0.0,3.0,1.0,0.0,2.0,0,2,2016-10-22,OT
MIN_NJD_2016-10-22,NJD,2016020069,home,2,0.0,0.0,3.0,0.0,1.0,1.0,1,2,2016-10-22,OT
TBL_OTT_2016-10-22,TBL,2016020066,away,4,1.0,0.0,4.0,2.0,1.0,0.0,1,2,2016-10-22,REG
TBL_OTT_2016-10-22,OTT,2016020066,home,1,3.0,0.0,3.0,3.0,2.0,0.0,0,2,2016-10-22,REG
MTL_BOS_2016-10-22,MTL,2016020065,away,4,3.0,0.0,3.0,2.0,1.0,1.0,1,2,2016-10-22,REG
MTL_BOS_2016-10-22,BOS,2016020065,home,2,4.0,0.0,2.0,0.0,1.0,0.0,0,2,2016-10-22,REG
PIT_NSH_2016-10-22,PIT,2016020073,away,1,3.0,0.0,2.0,3.0,2.0,0.0,0,2,2016-10-22,REG
PIT_NSH_2016-10-22,NSH,2016020073,home,5,0.0,0.0,3.0,2.0,2.0,1.0,1,2,2016-10-22,REG
CBJ_DAL_2016-10-22,CBJ,2016020074,away,3,2.0,0.0,3.0,1.0,1.0,2.0,1,2,2016-10-22,REG
CBJ_DAL_2016-10-22,DAL,2016020074,home,0,1.0,0.0,3.0,2.0,1.0,0.0,0,2,2016-10-22,REG
STL_CGY_2016-10-22,STL,2016020075,away,6,2.0,0.0,4.0,2.0,0.0,0.0,1,2,2016-10-22,REG
STL_CGY_2016-10-22,CGY,2016020075,home,4,0.0,0.0,3.0,3.0,4.0,1.0,0,2,2016-10-22,REG
VAN_LAK_2016-10-22,VAN,2016020076,away,3,1.0,0.0,1.0,2.0,1.0,1.0,0,2,2016-10-22,SO
VAN_LAK_2016-10-22,LAK,2016020076,home,4,4.0,0.0,2.0,1.0,3.0,2.0,1,2,2016-10-22,SO
EDM_WPG_2016-10-23,EDM,2016020077,away,3,0.0,0.0,3.0,1.0,0.0,0.0,1,2,2016-10-23,REG
EDM_WPG_2016-10-23,WPG,2016020077,home,0,1.0,0.0,4.0,1.0,3.0,1.0,0,2,2016-10-23,REG
MIN_NYI_2016-10-23,MIN,2016020078,away,3,4.0,0.0,1.0,0.0,1.0,1.0,0,2,2016-10-23,REG
MIN_NYI_2016-10-23,NYI,2016020078,home,6,3.0,0.0,4.0,2.0,1.0,1.0,1,2,2016-10-23,REG
ARI_NYR_2016-10-23,ARI,2016020079,away,2,1.0,0.0,2.0,0.0,0.0,1.0,0,2,2016-10-23,REG
ARI_NYR_2016-10-23,NYR,2016020079,home,3,7.0,1.0,9.0,3.0,2.0,1.0,1,2,2016-10-23,REG
VAN_ANA_2016-10-23,VAN,2016020080,away,2,4.0,0.0,2.0,3.0,1.0,1.0,0,2,2016-10-23,REG
VAN_ANA_2016-10-23,ANA,2016020080,home,4,4.0,0.0,5.0,0.0,0.0,0.0,1,2,2016-10-23,REG
PHI_MTL_2016-10-24,PHI,2016020081,away,1,7.0,0.0,5.0,1.0,0.0,0.0,0,2,2016-10-24,REG
PHI_MTL_2016-10-24,MTL,2016020081,home,3,3.0,1.0,5.0,2.0,0.0,1.0,1,2,2016-10-24,REG
CGY_CHI_2016-10-24,CGY,2016020082,away,3,0.0,0.0,2.0,2.0,1.0,0.0,1,2,2016-10-24,SO
CGY_CHI_2016-10-24,CHI,2016020082,home,2,0.0,0.0,3.0,1.0,0.0,0.0,0,2,2016-10-24,SO
FLA_PIT_2016-10-25,FLA,2016020086,away,2,3.0,0.0,5.0,5.0,0.0,0.0,0,2,2016-10-25,REG
FLA_PIT_2016-10-25,PIT,2016020086,home,3,1.0,0.0,1.0,3.0,0.0,0.0,1,2,2016-10-25,REG
ARI_NJD_2016-10-25,ARI,2016020084,away,3,4.0,0.0,5.0,2.0,0.0,1.0,0,2,2016-10-25,REG
ARI_NJD_2016-10-25,NJD,2016020084,home,5,0.0,0.0,5.0,1.0,1.0,0.0,1,2,2016-10-25,REG
MIN_BOS_2016-10-25,MIN,2016020083,away,5,4.0,0.0,4.0,1.0,2.0,1.0,1,2,2016-10-25,REG
MIN_BOS_2016-10-25,BOS,2016020083,home,0,6.0,0.0,3.0,1.0,1.0,0.0,0,2,2016-10-25,REG
BUF_PHI_2016-10-25,BUF,2016020085,away,3,2.0,0.0,2.0,2.0,0.0,0.0,0,2,2016-10-25,SO
BUF_PHI_2016-10-25,PHI,2016020085,home,4,6.0,1.0,4.0,0.0,1.0,0.0,1,2,2016-10-25,SO
CAR_DET_2016-10-25,CAR,2016020088,away,2,2.0,0.0,3.0,1.0,0.0,0.0,0,2,2016-10-25,REG
CAR_DET_2016-10-25,DET,2016020088,home,4,1.0,0.0,1.0,0.0,1.0,0.0,1,2,2016-10-25,REG
TBL_TOR_2016-10-25,TBL,2016020087,away,7,0.0,0.0,3.0,3.0,1.0,3.0,1,2,2016-10-25,REG
TBL_TOR_2016-10-25,TOR,2016020087,home,3,3.0,0.0,7.0,0.0,0.0,1.0,0,2,2016-10-25,REG
CGY_STL_2016-10-25,CGY,2016020089,away,4,1.0,0.0,4.0,4.0,1.0,2.0,1,2,2016-10-25,REG
CGY_STL_2016-10-25,STL,2016020089,home,1,2.0,0.0,0.0,1.0,0.0,1.0,0,2,2016-10-25,REG
WPG_DAL_2016-10-25,WPG,2016020090,away,2,2.0,0.0,0.0,3.0,0.0,0.0,0,2,2016-10-25,REG
WPG_DAL_2016-10-25,DAL,2016020090,home,3,2.0,0.0,0.0,3.0,0.0,0.0,1,2,2016-10-25,REG
OTT_VAN_2016-10-25,OTT,2016020091,away,3,2.0,0.0,3.0,1.0,0.0,0.0,1,2,2016-10-25,REG
OTT_VAN_2016-10-25,VAN,2016020091,home,0,3.0,0.0,4.0,4.0,2.0,0.0,0,2,2016-10-25,REG
ANA_SJS_2016-10-25,ANA,2016020093,away,1,4.0,0.0,2.0,3.0,0.0,0.0,0,2,2016-10-25,OT
ANA_SJS_2016-10-25,SJS,2016020093,home,2,2.0,1.0,4.0,1.0,4.0,0.0,1,2,2016-10-25,OT
CBJ_LAK_2016-10-25,CBJ,2016020092,away,2,5.0,0.0,4.0,5.0,1.0,0.0,0,2,2016-10-25,OT
CBJ_LAK_2016-10-25,LAK,2016020092,home,3,3.0,0.0,3.0,1.0,3.0,1.0,1,2,2016-10-25,OT
MTL_NYI_2016-10-26,MTL,2016020094,away,3,3.0,1.0,8.0,4.0,1.0,0.0,1,2,2016-10-26,REG
MTL_NYI_2016-10-26,NYI,2016020094,home,2,0.0,0.0,2.0,2.0,0.0,2.0,0,2,2016-10-26,REG
BOS_NYR_2016-10-26,BOS,2016020095,away,2,5.0,0.0,5.0,0.0,0.0,1.0,0,2,2016-10-26,REG
BOS_NYR_2016-10-26,NYR,2016020095,home,5,2.0,0.0,3.0,3.0,5.0,1.0,1,2,2016-10-26,REG
WSH_EDM_2016-10-26,WSH,2016020096,away,1,6.0,0.0,5.0,1.0,1.0,0.0,0,2,2016-10-26,REG
WSH_EDM_2016-10-26,EDM,2016020096,home,4,2.0,0.0,8.0,1.0,0.0,0.0,1,2,2016-10-26,REG
NSH_ANA_2016-10-26,NSH,2016020097,away,1,4.0,0.0,6.0,1.0,1.0,0.0,0,2,2016-10-26,REG
NSH_ANA_2016-10-26,ANA,2016020097,home,6,3.0,0.0,6.0,0.0,3.0,1.0,1,2,2016-10-26,REG
MIN_BUF_2016-10-27,MIN,2016020098,away,4,1.0,0.0,2.0,2.0,1.0,1.0,1,2,2016-10-27,REG
MIN_BUF_2016-10-27,BUF,2016020098,home,0,2.0,0.0,1.0,1.0,2.0,0.0,0,2,2016-10-27,REG
ARI_PHI_2016-10-27,ARI,2016020099,away,5,4.0,0.0,4.0,4.0,3.0,2.0,1,2,2016-10-27,REG
ARI_PHI_2016-10-27,PHI,2016020099,home,4,4.0,1.0,4.0,3.0,2.0,0.0,0,2,2016-10-27,REG
NYI_PIT_2016-10-27,NYI,2016020100,away,2,7.0,0.0,2.0,2.0,0.0,0.0,0,2,2016-10-27,REG
NYI_PIT_2016-10-27,PIT,2016020100,home,4,4.0,0.0,2.0,1.0,1.0,1.0,1,2,2016-10-27,REG
FLA_TOR_2016-10-27,FLA,2016020101,away,2,3.0,0.0,6.0,2.0,4.0,3.0,0,2,2016-10-27,REG
FLA_TOR_2016-10-27,TOR,2016020101,home,3,2.0,0.0,7.0,1.0,1.0,1.0,1,2,2016-10-27,REG
TBL_MTL_2016-10-27,TBL,2016020102,away,1,1.0,0.0,8.0,3.0,3.0,1.0,0,2,2016-10-27,REG
TBL_MTL_2016-10-27,MTL,2016020102,home,3,2.0,0.0,4.0,1.0,1.0,0.0,1,2,2016-10-27,REG
DAL_WPG_2016-10-27,DAL,2016020104,away,1,3.0,0.0,3.0,0.0,1.0,1.0,0,2,2016-10-27,REG
DAL_WPG_2016-10-27,WPG,2016020104,home,4,2.0,0.0,3.0,4.0,1.0,0.0,1,2,2016-10-27,REG
DET_STL_2016-10-27,DET,2016020103,away,2,2.0,0.0,0.0,1.0,0.0,0.0,1,2,2016-10-27,SO
DET_STL_2016-10-27,STL,2016020103,home,1,3.0,0.0,2.0,1.0,0.0,1.0,0,2,2016-10-27,SO
CBJ_SJS_2016-10-27,CBJ,2016020106,away,1,4.0,0.0,3.0,3.0,6.0,1.0,0,2,2016-10-27,REG
CBJ_SJS_2016-10-27,SJS,2016020106,home,3,3.0,0.0,4.0,3.0,2.0,0.0,1,2,2016-10-27,REG
NSH_LAK_2016-10-27,NSH,2016020105,away,2,4.0,0.0,5.0,6.0,0.0,0.0,0,2,2016-10-27,OT
NSH_LAK_2016-10-27,LAK,2016020105,home,3,3.0,0.0,1.0,1.0,1.0,1.0,1,2,2016-10-27,OT
CHI_NJD_2016-10-28,CHI,2016020107,away,3,0.0,0.0,4.0,0.0,0.0,0.0,1,2,2016-10-28,OT
CHI_NJD_2016-10-28,NJD,2016020107,home,2,3.0,0.0,3.0,2.0,2.0,0.0,0,2,2016-10-28,OT
NYR_CAR_2016-10-28,NYR,2016020108,away,2,6.0,0.0,5.0,2.0,0.0,1.0,0,2,2016-10-28,REG
NYR_CAR_2016-10-28,CAR,2016020108,home,3,3.0,0.0,7.0,0.0,1.0,1.0,1,2,2016-10-28,REG
OTT_CGY_2016-10-28,OTT,2016020110,away,2,1.0,1.0,6.0,1.0,2.0,1.0,0,2,2016-10-28,REG
OTT_CGY_2016-10-28,CGY,2016020110,home,5,1.0,0.0,0.0,3.0,1.0,0.0,1,2,2016-10-28,REG
WPG_COL_2016-10-28,WPG,2016020109,away,1,3.0,0.0,5.0,1.0,0.0,2.0,1,2,2016-10-28,REG
WPG_COL_2016-10-28,COL,2016020109,home,0,0.0,0.0,3.0,2.0,0.0,1.0,0,2,2016-10-28,REG
CBJ_ANA_2016-10-28,CBJ,2016020112,away,4,6.0,0.0,3.0,1.0,0.0,1.0,1,2,2016-10-28,REG
CBJ_ANA_2016-10-28,ANA,2016020112,home,0,2.0,0.0,5.0,1.0,1.0,1.0,0,2,2016-10-28,REG
EDM_VAN_2016-10-28,EDM,2016020111,away,2,0.0,0.0,4.0,3.0,1.0,1.0,1,2,2016-10-28,REG
EDM_VAN_2016-10-28,VAN,2016020111,home,0,4.0,0.0,0.0,2.0,2.0,0.0,0,2,2016-10-28,REG
FLA_BUF_2016-10-29,FLA,2016020113,away,0,1.0,0.0,8.0,0.0,0.0,0.0,0,2,2016-10-29,REG
FLA_BUF_2016-10-29,BUF,2016020113,home,3,0.0,0.0,5.0,2.0,0.0,0.0,1,2,2016-10-29,REG
TOR_MTL_2016-10-29,TOR,2016020114,away,1,4.0,0.0,5.0,6.0,3.0,0.0,0,2,2016-10-29,REG
TOR_MTL_2016-10-29,MTL,2016020114,home,2,4.0,1.0,9.0,3.0,0.0,0.0,1,2,2016-10-29,REG
PIT_PHI_2016-10-29,PIT,2016020117,away,5,1.0,0.0,4.0,2.0,1.0,0.0,1,2,2016-10-29,REG
PIT_PHI_2016-10-29,PHI,2016020117,home,4,8.0,0.0,4.0,1.0,0.0,2.0,0,2,2016-10-29,REG
TBL_NJD_2016-10-29,TBL,2016020116,away,1,4.0,0.0,2.0,0.0,0.0,2.0,0,2,2016-10-29,REG
TBL_NJD_2016-10-29,NJD,2016020116,home,3,1.0,0.0,3.0,0.0,2.0,1.0,1,2,2016-10-29,REG
BOS_DET_2016-10-29,BOS,2016020115,away,1,1.0,0.0,4.0,0.0,2.0,0.0,1,2,2016-10-29,REG
BOS_DET_2016-10-29,DET,2016020115,home,0,9.0,0.0,4.0,2.0,1.0,0.0,0,2,2016-10-29,REG
DAL_MIN_2016-10-29,DAL,2016020119,away,0,4.0,0.0,1.0,0.0,0.0,0.0,0,2,2016-10-29,REG
DAL_MIN_2016-10-29,MIN,2016020119,home,4,2.0,0.0,0.0,4.0,1.0,1.0,1,2,2016-10-29,REG
LAK_STL_2016-10-29,LAK,2016020118,away,0,3.0,0.0,2.0,2.0,0.0,0.0,0,2,2016-10-29,REG
LAK_STL_2016-10-29,STL,2016020118,home,1,1.0,0.0,1.0,3.0,0.0,0.0,1,2,2016-10-29,REG
COL_ARI_2016-10-29,COL,2016020120,away,3,1.0,0.0,9.0,1.0,1.0,0.0,1,2,2016-10-29,REG
COL_ARI_2016-10-29,ARI,2016020120,home,2,3.0,0.0,1.0,3.0,0.0,0.0,0,2,2016-10-29,REG
WSH_VAN_2016-10-29,WSH,2016020121,away,5,5.0,0.0,5.0,1.0,1.0,3.0,1,2,2016-10-29,REG
WSH_VAN_2016-10-29,VAN,2016020121,home,2,4.0,0.0,1.0,2.0,2.0,0.0,0,2,2016-10-29,REG
NSH_SJS_2016-10-29,NSH,2016020122,away,1,4.0,0.0,1.0,1.0,1.0,2.0,0,2,2016-10-29,REG
NSH_SJS_2016-10-29,SJS,2016020122,home,4,4.0,1.0,5.0,3.0,3.0,1.0,1,2,2016-10-29,REG
BUF_WPG_2016-10-30,BUF,2016020123,away,3,6.0,0.0,4.0,2.0,2.0,0.0,1,2,2016-10-30,REG
BUF_WPG_2016-10-30,WPG,2016020123,home,1,2.0,0.0,0.0,3.0,1.0,0.0,0,2,2016-10-30,REG
PHI_CAR_2016-10-30,PHI,2016020125,away,4,8.0,0.0,4.0,4.0,1.0,0.0,1,2,2016-10-30,REG
PHI_CAR_2016-10-30,CAR,2016020125,home,3,5.0,0.0,3.0,1.0,1.0,1.0,0,2,2016-10-30,REG
FLA_DET_2016-10-30,FLA,2016020124,away,5,1.0,1.0,7.0,4.0,3.0,0.0,1,2,2016-10-30,REG
FLA_DET_2016-10-30,DET,2016020124,home,2,1.0,1.0,7.0,2.0,1.0,0.0,0,2,2016-10-30,REG
TOR_NYI_2016-10-30,TOR,2016020126,away,1,3.0,0.0,5.0,0.0,1.0,1.0,0,2,2016-10-30,REG
TOR_NYI_2016-10-30,NYI,2016020126,home,5,3.0,0.0,6.0,3.0,2.0,0.0,1,2,2016-10-30,REG
TBL_NYR_2016-10-30,TBL,2016020127,away,1,8.0,0.0,3.0,2.0,0.0,0.0,0,2,2016-10-30,REG
TBL_NYR_2016-10-30,NYR,2016020127,home,6,2.0,0.0,4.0,4.0,0.0,1.0,1,2,2016-10-30,REG
LAK_CHI_2016-10-30,LAK,2016020128,away,0,6.0,0.0,3.0,2.0,1.0,0.0,0,2,2016-10-30,REG
LAK_CHI_2016-10-30,CHI,2016020128,home,3,0.0,0.0,5.0,2.0,2.0,2.0,1,2,2016-10-30,REG
OTT_EDM_2016-10-30,OTT,2016020129,away,2,3.0,0.0,2.0,8.0,1.0,2.0,1,2,2016-10-30,REG
OTT_EDM_2016-10-30,EDM,2016020129,home,0,1.0,0.0,7.0,3.0,0.0,1.0,0,2,2016-10-30,REG
WSH_CGY_2016-10-30,WSH,2016020130,away,3,0.0,0.0,6.0,3.0,1.0,2.0,1,2,2016-10-30,REG
WSH_CGY_2016-10-30,CGY,2016020130,home,1,0.0,0.0,0.0,1.0,0.0,2.0,0,2,2016-10-30,REG
DAL_CBJ_2016-11-01,DAL,2016020133,away,2,1.0,0.0,8.0,5.0,0.0,1.0,0,2,2016-11-01,OT
DAL_CBJ_2016-11-01,CBJ,2016020133,home,3,2.0,0.0,2.0,6.0,0.0,0.0,1,2,2016-11-01,OT
STL_NYR_2016-11-01,STL,2016020132,away,0,0.0,0.0,6.0,2.0,0.0,0.0,0,2,2016-11-01,REG
STL_NYR_2016-11-01,NYR,2016020132,home,5,2.0,0.0,4.0,3.0,2.0,0.0,1,2,2016-11-01,REG
BOS_FLA_2016-11-01,BOS,2016020136,away,2,1.0,0.0,2.0,1.0,0.0,0.0,1,2,2016-11-01,REG
BOS_FLA_2016-11-01,FLA,2016020136,home,1,0.0,0.0,5.0,1.0,1.0,0.0,0,2,2016-11-01,REG
CAR_OTT_2016-11-01,CAR,2016020135,away,1,2.0,0.0,5.0,0.0,1.0,1.0,0,2,2016-11-01,OT
CAR_OTT_2016-11-01,OTT,2016020135,home,2,2.0,0.0,5.0,1.0,1.0,1.0,1,2,2016-11-01,OT
EDM_TOR_2016-11-01,EDM,2016020134,away,2,1.0,0.0,3.0,1.0,1.0,2.0,0,2,2016-11-01,OT
EDM_TOR_2016-11-01,TOR,2016020134,home,3,3.0,0.0,3.0,2.0,1.0,3.0,1,2,2016-11-01,OT
TBL_NYI_2016-11-01,TBL,2016020131,away,6,1.0,0.0,3.0,1.0,0.0,0.0,1,2,2016-11-01,REG
TBL_NYI_2016-11-01,NYI,2016020131,home,1,1.0,0.0,2.0,0.0,0.0,0.0,0,2,2016-11-01,REG
WSH_WPG_2016-11-01,WSH,2016020138,away,3,2.0,0.0,5.0,0.0,1.0,0.0,1,2,2016-11-01,REG
WSH_WPG_2016-11-01,WPG,2016020138,home,2,1.0,0.0,4.0,0.0,0.0,1.0,0,2,2016-11-01,REG
BUF_MIN_2016-11-01,BUF,2016020137,away,2,5.0,0.0,0.0,6.0,0.0,0.0,1,2,2016-11-01,REG
BUF_MIN_2016-11-01,MIN,2016020137,home,1,1.0,0.0,5.0,1.0,1.0,0.0,0,2,2016-11-01,REG
CGY_CHI_2016-11-01,CGY,2016020139,away,1,0.0,0.0,2.0,1.0,2.0,0.0,0,2,2016-11-01,REG
CGY_CHI_2016-11-01,CHI,2016020139,home,5,0.0,0.0,1.0,3.0,2.0,0.0,1,2,2016-11-01,REG
NSH_COL_2016-11-01,NSH,2016020140,away,5,2.0,0.0,3.0,3.0,1.0,1.0,1,2,2016-11-01,REG
NSH_COL_2016-11-01,COL,2016020140,home,1,1.0,0.0,5.0,0.0,0.0,1.0,0,2,2016-11-01,REG
SJS_ARI_2016-11-01,SJS,2016020141,away,2,2.0,0.0,2.0,1.0,0.0,0.0,0,2,2016-11-01,REG
SJS_ARI_2016-11-01,ARI,2016020141,home,3,1.0,0.0,5.0,8.0,2.0,0.0,1,2,2016-11-01,REG
ANA_LAK_2016-11-01,ANA,2016020142,away,4,5.0,0.0,4.0,1.0,0.0,0.0,1,2,2016-11-01,REG
ANA_LAK_2016-11-01,LAK,2016020142,home,0,2.0,0.0,2.0,1.0,1.0,1.0,0,2,2016-11-01,REG
VAN_MTL_2016-11-02,VAN,2016020143,away,0,6.0,0.0,4.0,0.0,1.0,1.0,0,2,2016-11-02,REG
VAN_MTL_2016-11-02,MTL,2016020143,home,3,3.0,0.0,4.0,2.0,3.0,0.0,1,2,2016-11-02,REG
DET_PHI_2016-11-02,DET,2016020144,away,3,2.0,0.0,0.0,0.0,0.0,0.0,0,2,2016-11-02,OT
DET_PHI_2016-11-02,PHI,2016020144,home,4,9.0,0.0,4.0,7.0,1.0,0.0,1,2,2016-11-02,OT
PIT_ANA_2016-11-02,PIT,2016020145,away,5,1.0,0.0,1.0,2.0,2.0,0.0,1,2,2016-11-02,REG
PIT_ANA_2016-11-02,ANA,2016020145,home,1,1.0,0.0,2.0,1.0,1.0,2.0,0,2,2016-11-02,REG
WPG_WSH_2016-11-03,WPG,2016020149,away,3,3.0,0.0,2.0,0.0,0.0,0.0,0,2,2016-11-03,OT
WPG_WSH_2016-11-03,WSH,2016020149,home,4,3.0,1.0,9.0,1.0,3.0,1.0,1,2,2016-11-03,OT
TOR_BUF_2016-11-03,TOR,2016020146,away,2,2.0,0.0,2.0,1.0,1.0,0.0,1,2,2016-11-03,REG
TOR_BUF_2016-11-03,BUF,2016020146,home,1,7.0,0.0,3.0,2.0,1.0,1.0,0,2,2016-11-03,REG
EDM_NYR_2016-11-03,EDM,2016020148,away,3,1.0,0.0,4.0,1.0,0.0,0.0,0,2,2016-11-03,REG
EDM_NYR_2016-11-03,NYR,2016020148,home,5,6.0,0.0,4.0,1.0,0.0,2.0,1,2,2016-11-03,REG
PHI_NYI_2016-11-03,PHI,2016020147,away,3,2.0,0.0,4.0,2.0,0.0,1.0,1,2,2016-11-03,SO
PHI_NYI_2016-11-03,NYI,2016020147,home,2,0.0,0.0,4.0,0.0,0.0,0.0,0,2,2016-11-03,SO
VAN_OTT_2016-11-03,VAN,2016020150,away,0,0.0,0.0,4.0,2.0,0.0,1.0,0,2,2016-11-03,REG
VAN_OTT_2016-11-03,OTT,2016020150,home,1,2.0,0.0,5.0,4.0,4.0,0.0,1,2,2016-11-03,REG
NJD_FLA_2016-11-03,NJD,2016020152,away,3,0.0,0.0,1.0,1.0,2.0,0.0,0,2,2016-11-03,OT
NJD_FLA_2016-11-03,FLA,2016020152,home,4,0.0,0.0,3.0,1.0,0.0,1.0,1,2,2016-11-03,OT
BOS_TBL_2016-11-03,BOS,2016020151,away,4,2.0,0.0,3.0,0.0,1.0,2.0,1,2,2016-11-03,SO
BOS_TBL_2016-11-03,TBL,2016020151,home,3,2.0,1.0,5.0,3.0,1.0,0.0,0,2,2016-11-03,SO
COL_CHI_2016-11-03,COL,2016020153,away,0,2.0,0.0,4.0,3.0,0.0,0.0,0,2,2016-11-03,REG
COL_CHI_2016-11-03,CHI,2016020153,home,4,1.0,0.0,2.0,0.0,2.0,2.0,1,2,2016-11-03,REG
STL_DAL_2016-11-03,STL,2016020154,away,2,2.0,0.0,1.0,2.0,1.0,0.0,0,2,2016-11-03,REG
STL_DAL_2016-11-03,DAL,2016020154,home,6,6.0,0.0,2.0,1.0,1.0,0.0,1,2,2016-11-03,REG
NSH_ARI_2016-11-03,NSH,2016020155,away,2,0.0,0.0,3.0,1.0,0.0,1.0,0,2,2016-11-03,SO
NSH_ARI_2016-11-03,ARI,2016020155,home,3,4.0,0.0,2.0,4.0,0.0,0.0,1,2,2016-11-03,SO
PIT_LAK_2016-11-03,PIT,2016020156,away,2,0.0,0.0,1.0,3.0,1.0,0.0,0,2,2016-11-03,OT
PIT_LAK_2016-11-03,LAK,2016020156,home,3,7.0,0.0,2.0,1.0,2.0,0.0,1,2,2016-11-03,OT
CGY_SJS_2016-11-03,CGY,2016020157,away,3,2.0,0.0,1.0,1.0,0.0,0.0,1,2,2016-11-03,REG
CGY_SJS_2016-11-03,SJS,2016020157,home,2,8.0,0.0,0.0,4.0,2.0,0.0,0,2,2016-11-03,REG
MTL_CBJ_2016-11-04,MTL,2016020158,away,0,4.0,0.0,5.0,1.0,0.0,0.0,0,2,2016-11-04,REG
MTL_CBJ_2016-11-04,CBJ,2016020158,home,10,1.0,0.0,2.0,2.0,1.0,0.0,1,2,2016-11-04,REG
WPG_DET_2016-11-04,WPG,2016020159,away,5,1.0,0.0,4.0,2.0,0.0,0.0,1,2,2016-11-04,REG
WPG_DET_2016-11-04,DET,2016020159,home,3,4.0,0.0,5.0,0.0,1.0,1.0,0,2,2016-11-04,REG
ARI_ANA_2016-11-04,ARI,2016020160,away,1,2.0,0.0,0.0,2.0,0.0,1.0,0,2,2016-11-04,REG
ARI_ANA_2016-11-04,ANA,2016020160,home,5,1.0,1.0,4.0,0.0,0.0,0.0,1,2,2016-11-04,REG
MIN_COL_2016-11-05,MIN,2016020161,away,0,0.0,0.0,5.0,2.0,0.0,1.0,0,2,2016-11-05,REG
MIN_COL_2016-11-05,COL,2016020161,home,1,2.0,0.0,5.0,3.0,0.0,1.0,1,2,2016-11-05,REG
PHI_MTL_2016-11-05,PHI,2016020164,away,4,8.0,0.0,6.0,7.0,2.0,0.0,0,2,2016-11-05,REG
PHI_MTL_2016-11-05,MTL,2016020164,home,5,2.0,0.0,3.0,2.0,3.0,2.0,1,2,2016-11-05,REG
NJD_TBL_2016-11-05,NJD,2016020166,away,1,1.0,0.0,6.0,1.0,0.0,1.0,0,2,2016-11-05,REG
NJD_TBL_2016-11-05,TBL,2016020166,home,4,4.0,0.0,3.0,2.0,0.0,1.0,1,2,2016-11-05,REG
BUF_OTT_2016-11-05,BUF,2016020165,away,2,1.0,0.0,3.0,1.0,1.0,0.0,1,2,2016-11-05,REG
BUF_OTT_2016-11-05,OTT,2016020165,home,1,0.0,0.0,3.0,4.0,1.0,0.0,0,2,2016-11-05,REG
NYR_BOS_2016-11-05,NYR,2016020162,away,5,2.0,0.0,0.0,4.0,1.0,0.0,1,2,2016-11-05,REG
NYR_BOS_2016-11-05,BOS,2016020162,home,2,1.0,0.0,3.0,0.0,1.0,1.0,0,2,2016-11-05,REG
VAN_TOR_2016-11-05,VAN,2016020163,away,3,5.0,0.0,0.0,0.0,0.0,2.0,0,2,2016-11-05,REG
VAN_TOR_2016-11-05,TOR,2016020163,home,6,6.0,0.0,6.0,0.0,1.0,0.0,1,2,2016-11-05,REG
CBJ_STL_2016-11-05,CBJ,2016020169,away,1,5.0,0.0,2.0,2.0,0.0,0.0,0,2,2016-11-05,OT
CBJ_STL_2016-11-05,STL,2016020169,home,2,3.0,0.0,2.0,0.0,0.0,0.0,1,2,2016-11-05,OT
FLA_WSH_2016-11-05,FLA,2016020168,away,2,1.0,0.0,3.0,2.0,1.0,1.0,0,2,2016-11-05,REG
FLA_WSH_2016-11-05,WSH,2016020168,home,4,1.0,0.0,8.0,0.0,3.0,0.0,1,2,2016-11-05,REG
EDM_NYI_2016-11-05,EDM,2016020167,away,4,2.0,0.0,3.0,2.0,2.0,1.0,1,2,2016-11-05,SO
EDM_NYI_2016-11-05,NYI,2016020167,home,3,1.0,0.0,8.0,1.0,3.0,2.0,0,2,2016-11-05,SO
CHI_DAL_2016-11-05,CHI,2016020171,away,3,1.0,0.0,3.0,0.0,0.0,1.0,1,2,2016-11-05,REG
CHI_DAL_2016-11-05,DAL,2016020171,home,2,11.0,0.0,3.0,1.0,0.0,0.0,0,2,2016-11-05,REG
CAR_NSH_2016-11-05,CAR,2016020170,away,3,3.0,0.0,1.0,2.0,1.0,1.0,1,2,2016-11-05,SO
CAR_NSH_2016-11-05,NSH,2016020170,home,2,3.0,0.0,2.0,0.0,3.0,1.0,0,2,2016-11-05,SO
CGY_LAK_2016-11-05,CGY,2016020172,away,0,1.0,0.0,4.0,0.0,0.0,0.0,0,2,2016-11-05,REG
CGY_LAK_2016-11-05,LAK,2016020172,home,5,4.0,0.0,3.0,1.0,0.0,0.0,1,2,2016-11-05,REG
PIT_SJS_2016-11-05,PIT,2016020173,away,5,0.0,0.0,0.0,1.0,4.0,3.0,1,2,2016-11-05,REG
PIT_SJS_2016-11-05,SJS,2016020173,home,0,7.0,0.0,2.0,0.0,2.0,0.0,0,2,2016-11-05,REG
COL_STL_2016-11-06,COL,2016020175,away,1,3.0,0.0,2.0,1.0,0.0,0.0,0,2,2016-11-06,REG
COL_STL_2016-11-06,STL,2016020175,home,5,2.0,0.0,1.0,1.0,2.0,1.0,1,2,2016-11-06,REG
EDM_DET_2016-11-06,EDM,2016020174,away,2,2.0,0.0,2.0,3.0,1.0,1.0,1,2,2016-11-06,REG
EDM_DET_2016-11-06,DET,2016020174,home,1,5.0,1.0,3.0,1.0,3.0,0.0,0,2,2016-11-06,REG
NJD_CAR_2016-11-06,NJD,2016020176,away,4,2.0,0.0,0.0,2.0,2.0,1.0,1,2,2016-11-06,REG
NJD_CAR_2016-11-06,CAR,2016020176,home,1,1.0,0.0,8.0,1.0,2.0,2.0,0,2,2016-11-06,REG
DAL_CHI_2016-11-06,DAL,2016020178,away,3,7.0,0.0,3.0,2.0,0.0,0.0,0,2,2016-11-06,OT
DAL_CHI_2016-11-06,CHI,2016020178,home,4,0.0,0.0,4.0,3.0,0.0,0.0,1,2,2016-11-06,OT
WPG_NYR_2016-11-06,WPG,2016020177,away,2,2.0,0.0,2.0,3.0,1.0,0.0,0,2,2016-11-06,REG
WPG_NYR_2016-11-06,NYR,2016020177,home,5,2.0,0.0,1.0,2.0,2.0,1.0,1,2,2016-11-06,REG
CGY_ANA_2016-11-06,CGY,2016020179,away,1,2.0,0.0,0.0,2.0,0.0,0.0,0,2,2016-11-06,REG
CGY_ANA_2016-11-06,ANA,2016020179,home,4,4.0,0.0,4.0,1.0,1.0,0.0,1,2,2016-11-06,REG
BUF_BOS_2016-11-07,BUF,2016020180,away,0,5.0,0.0,4.0,4.0,0.0,1.0,0,2,2016-11-07,REG
BUF_BOS_2016-11-07,BOS,2016020180,home,4,2.0,0.0,3.0,4.0,0.0,0.0,1,2,2016-11-07,REG
VAN_NYI_2016-11-07,VAN,2016020181,away,2,5.0,0.0,1.0,3.0,0.0,0.0,0,2,2016-11-07,REG
VAN_NYI_2016-11-07,NYI,2016020181,home,4,3.0,0.0,3.0,0.0,0.0,1.0,1,2,2016-11-07,REG
TBL_FLA_2016-11-07,TBL,2016020182,away,1,1.0,0.0,2.0,1.0,1.0,1.0,0,2,2016-11-07,REG
TBL_FLA_2016-11-07,FLA,2016020182,home,3,1.0,0.0,2.0,5.0,2.0,2.0,1,2,2016-11-07,REG
EDM_PIT_2016-11-08,EDM,2016020186,away,3,0.0,0.0,9.0,3.0,1.0,0.0,0,2,2016-11-08,REG
EDM_PIT_2016-11-08,PIT,2016020186,home,4,2.0,0.0,3.0,1.0,0.0,0.0,1,2,2016-11-08,REG
VAN_NYR_2016-11-08,VAN,2016020184,away,5,2.0,0.0,1.0,2.0,2.0,0.0,1,2,2016-11-08,REG
VAN_NYR_2016-11-08,NYR,2016020184,home,3,0.0,0.0,1.0,4.0,3.0,1.0,0,2,2016-11-08,REG
CAR_NJD_2016-11-08,CAR,2016020183,away,2,2.0,1.0,4.0,1.0,1.0,3.0,0,2,2016-11-08,SO
CAR_NJD_2016-11-08,NJD,2016020183,home,3,0.0,0.0,3.0,0.0,1.0,0.0,1,2,2016-11-08,SO
DET_PHI_2016-11-08,DET,2016020185,away,3,4.0,0.0,5.0,2.0,2.0,0.0,1,2,2016-11-08,SO
DET_PHI_2016-11-08,PHI,2016020185,home,2,5.0,0.0,3.0,3.0,1.0,0.0,0,2,2016-11-08,SO
SJS_WSH_2016-11-08,SJS,2016020187,away,3,2.0,0.0,5.0,2.0,2.0,1.0,1,2,2016-11-08,REG
SJS_WSH_2016-11-08,WSH,2016020187,home,0,7.0,0.0,4.0,1.0,3.0,0.0,0,2,2016-11-08,REG
LAK_TOR_2016-11-08,LAK,2016020188,away,7,3.0,0.0,2.0,2.0,1.0,0.0,1,2,2016-11-08,REG
LAK_TOR_2016-11-08,TOR,2016020188,home,0,4.0,0.0,0.0,3.0,1.0,2.0,0,2,2016-11-08,REG
BOS_MTL_2016-11-08,BOS,2016020189,away,2,1.0,0.0,3.0,0.0,0.0,0.0,0,2,2016-11-08,REG
BOS_MTL_2016-11-08,MTL,2016020189,home,3,4.0,1.0,2.0,8.0,3.0,1.0,1,2,2016-11-08,REG
OTT_NSH_2016-11-08,OTT,2016020190,away,1,3.0,0.0,9.0,3.0,0.0,1.0,0,2,2016-11-08,REG
OTT_NSH_2016-11-08,NSH,2016020190,home,3,3.0,0.0,3.0,1.0,0.0,5.0,1,2,2016-11-08,REG
DAL_WPG_2016-11-08,DAL,2016020191,away,2,3.0,0.0,2.0,3.0,1.0,0.0,0,2,2016-11-08,REG
DAL_WPG_2016-11-08,WPG,2016020191,home,8,3.0,0.0,3.0,1.0,3.0,1.0,1,2,2016-11-08,REG
ARI_COL_2016-11-08,ARI,2016020192,away,4,4.0,0.0,2.0,1.0,0.0,2.0,1,2,2016-11-08,REG
ARI_COL_2016-11-08,COL,2016020192,home,2,1.0,0.0,3.0,3.0,0.0,0.0,0,2,2016-11-08,REG
ANA_CBJ_2016-11-09,ANA,2016020193,away,2,1.0,0.0,4.0,1.0,0.0,1.0,0,2,2016-11-09,OT
ANA_CBJ_2016-11-09,CBJ,2016020193,home,3,3.0,0.0,2.0,3.0,0.0,0.0,1,2,2016-11-09,OT
OTT_BUF_2016-11-09,OTT,2016020194,away,2,3.0,0.0,3.0,2.0,1.0,0.0,1,2,2016-11-09,SO
OTT_BUF_2016-11-09,BUF,2016020194,home,1,3.0,0.0,2.0,0.0,2.0,1.0,0,2,2016-11-09,SO
CHI_STL_2016-11-09,CHI,2016020195,away,2,0.0,0.0,2.0,2.0,0.0,0.0,1,2,2016-11-09,OT
CHI_STL_2016-11-09,STL,2016020195,home,1,1.0,0.0,0.0,2.0,0.0,0.0,0,2,2016-11-09,OT
MIN_PIT_2016-11-10,MIN,2016020197,away,4,2.0,1.0,7.0,3.0,1.0,0.0,1,2,2016-11-10,REG
MIN_PIT_2016-11-10,PIT,2016020197,home,2,3.0,0.0,0.0,2.0,0.0,0.0,0,2,2016-11-10,REG
CBJ_BOS_2016-11-10,CBJ,2016020196,away,2,3.0,0.0,2.0,1.0,0.0,0.0,0,2,2016-11-10,REG
CBJ_BOS_2016-11-10,BOS,2016020196,home,5,2.0,0.0,1.0,0.0,1.0,0.0,1,2,2016-11-10,REG
ANA_CAR_2016-11-10,ANA,2016020198,away,4,3.0,0.0,2.0,2.0,0.0,0.0,1,2,2016-11-10,REG
ANA_CAR_2016-11-10,CAR,2016020198,home,2,4.0,0.0,7.0,2.0,1.0,2.0,0,2,2016-11-10,REG
VAN_DET_2016-11-10,VAN,2016020200,away,1,3.0,0.0,3.0,1.0,0.0,0.0,0,2,2016-11-10,REG
VAN_DET_2016-11-10,DET,2016020200,home,3,4.0,0.0,1.0,1.0,1.0,0.0,1,2,2016-11-10,REG
LAK_MTL_2016-11-10,LAK,2016020199,away,1,11.0,0.0,3.0,1.0,1.0,0.0,0,2,2016-11-10,REG
LAK_MTL_2016-11-10,MTL,2016020199,home,4,4.0,0.0,4.0,1.0,1.0,0.0,1,2,2016-11-10,REG
SJS_FLA_2016-11-10,SJS,2016020202,away,4,4.0,0.0,4.0,1.0,1.0,1.0,1,2,2016-11-10,REG
SJS_FLA_2016-11-10,FLA,2016020202,home,2,1.0,0.0,2.0,1.0,1.0,0.0,0,2,2016-11-10,REG
NYI_TBL_2016-11-10,NYI,2016020201,away,1,4.0,0.0,2.0,3.0,1.0,0.0,0,2,2016-11-10,REG
NYI_TBL_2016-11-10,TBL,2016020201,home,4,2.0,1.0,4.0,5.0,1.0,0.0,1,2,2016-11-10,REG
STL_NSH_2016-11-10,STL,2016020203,away,1,1.0,0.0,2.0,1.0,0.0,0.0,0,2,2016-11-10,REG
STL_NSH_2016-11-10,NSH,2016020203,home,3,3.0,0.0,3.0,5.0,3.0,1.0,1,2,2016-11-10,REG
DAL_CGY_2016-11-10,DAL,2016020204,away,4,0.0,0.0,2.0,4.0,0.0,0.0,1,2,2016-11-10,REG
DAL_CGY_2016-11-10,CGY,2016020204,home,2,3.0,0.0,3.0,1.0,0.0,1.0,0,2,2016-11-10,REG
WPG_ARI_2016-11-10,WPG,2016020205,away,3,1.0,0.0,4.0,1.0,0.0,1.0,1,2,2016-11-10,REG
WPG_ARI_2016-11-10,ARI,2016020205,home,2,5.0,0.0,3.0,1.0,1.0,0.0,0,2,2016-11-10,REG
PHI_TOR_2016-11-11,PHI,2016020207,away,3,7.0,0.0,6.0,7.0,1.0,2.0,0,2,2016-11-11,REG
PHI_TOR_2016-11-11,TOR,2016020207,home,6,6.0,0.0,2.0,0.0,2.0,2.0,1,2,2016-11-11,REG
NJD_BUF_2016-11-11,NJD,2016020206,away,2,1.0,0.0,8.0,0.0,2.0,0.0,1,2,2016-11-11,OT
NJD_BUF_2016-11-11,BUF,2016020206,home,1,7.0,0.0,2.0,3.0,0.0,0.0,0,2,2016-11-11,OT
LAK_OTT_2016-11-11,LAK,2016020208,away,1,1.0,0.0,4.0,5.0,0.0,0.0,0,2,2016-11-11,REG
LAK_OTT_2016-11-11,OTT,2016020208,home,2,1.0,0.0,3.0,3.0,1.0,1.0,1,2,2016-11-11,REG
WSH_CHI_2016-11-11,WSH,2016020209,away,3,4.0,0.0,6.0,4.0,0.0,0.0,1,2,2016-11-11,OT
WSH_CHI_2016-11-11,CHI,2016020209,home,2,0.0,0.0,2.0,1.0,0.0,1.0,0,2,2016-11-11,OT
DAL_EDM_2016-11-11,DAL,2016020211,away,3,4.0,0.0,5.0,2.0,1.0,0.0,1,2,2016-11-11,REG
DAL_EDM_2016-11-11,EDM,2016020211,home,2,1.0,0.0,4.0,0.0,2.0,0.0,0,2,2016-11-11,REG
WPG_COL_2016-11-11,WPG,2016020210,away,2,1.0,0.0,1.0,2.0,0.0,1.0,0,2,2016-11-11,OT
WPG_COL_2016-11-11,COL,2016020210,home,3,0.0,0.0,1.0,0.0,0.0,1.0,1,2,2016-11-11,OT
NYI_FLA_2016-11-12,NYI,2016020214,away,2,5.0,1.0,2.0,0.0,0.0,0.0,0,2,2016-11-12,OT
NYI_FLA_2016-11-12,FLA,2016020214,home,3,1.0,0.0,3.0,3.0,0.0,0.0,1,2,2016-11-12,OT
MIN_PHI_2016-11-12,MIN,2016020216,away,2,2.0,0.0,2.0,2.0,1.0,1.0,0,2,2016-11-12,REG
MIN_PHI_2016-11-12,PHI,2016020216,home,3,12.0,1.0,5.0,4.0,1.0,0.0,1,2,2016-11-12,REG
DET_MTL_2016-11-12,DET,2016020212,away,0,6.0,0.0,3.0,1.0,2.0,1.0,0,2,2016-11-12,REG
DET_MTL_2016-11-12,MTL,2016020212,home,5,1.0,1.0,5.0,3.0,1.0,2.0,1,2,2016-11-12,REG
STL_CBJ_2016-11-12,STL,2016020219,away,4,1.0,0.0,2.0,1.0,0.0,0.0,0,2,2016-11-12,REG
STL_CBJ_2016-11-12,CBJ,2016020219,home,8,2.0,0.0,1.0,0.0,1.0,0.0,1,2,2016-11-12,REG
SJS_TBL_2016-11-12,SJS,2016020213,away,3,2.0,0.0,3.0,3.0,0.0,0.0,1,2,2016-11-12,REG
SJS_TBL_2016-11-12,TBL,2016020213,home,1,2.0,0.0,1.0,1.0,0.0,1.0,0,2,2016-11-12,REG
BUF_NJD_2016-11-12,BUF,2016020215,away,2,2.0,0.0,1.0,4.0,0.0,1.0,0,2,2016-11-12,REG
BUF_NJD_2016-11-12,NJD,2016020215,home,4,1.0,0.0,3.0,2.0,2.0,0.0,1,2,2016-11-12,REG
WSH_CAR_2016-11-12,WSH,2016020218,away,1,5.0,0.0,5.0,2.0,2.0,0.0,0,2,2016-11-12,REG
WSH_CAR_2016-11-12,CAR,2016020218,home,5,1.0,1.0,7.0,2.0,1.0,0.0,1,2,2016-11-12,REG
TOR_PIT_2016-11-12,TOR,2016020217,away,1,6.0,0.0,6.0,2.0,0.0,0.0,0,2,2016-11-12,REG
TOR_PIT_2016-11-12,PIT,2016020217,home,4,3.0,0.0,1.0,3.0,1.0,0.0,1,2,2016-11-12,REG
ANA_NSH_2016-11-12,ANA,2016020220,away,0,4.0,0.0,2.0,2.0,0.0,0.0,0,2,2016-11-12,REG
ANA_NSH_2016-11-12,NSH,2016020220,home,5,1.0,0.0,7.0,2.0,0.0,1.0,1,2,2016-11-12,REG
BOS_ARI_2016-11-12,BOS,2016020221,away,2,0.0,0.0,3.0,0.0,1.0,0.0,1,2,2016-11-12,REG
BOS_ARI_2016-11-12,ARI,2016020221,home,1,4.0,0.0,6.0,3.0,0.0,0.0,0,2,2016-11-12,REG
NYR_CGY_2016-11-12,NYR,2016020222,away,4,3.0,0.0,3.0,6.0,1.0,0.0,1,2,2016-11-12,REG
NYR_CGY_2016-11-12,CGY,2016020222,home,1,1.0,0.0,8.0,1.0,0.0,1.0,0,2,2016-11-12,REG
LAK_WPG_2016-11-13,LAK,2016020223,away,2,4.0,0.0,5.0,2.0,0.0,1.0,0,2,2016-11-13,SO
LAK_WPG_2016-11-13,WPG,2016020223,home,3,5.0,0.0,2.0,0.0,1.0,0.0,1,2,2016-11-13,SO
DAL_VAN_2016-11-13,DAL,2016020224,away,4,6.0,0.0,2.0,2.0,2.0,0.0,0,2,2016-11-13,OT
DAL_VAN_2016-11-13,VAN,2016020224,home,5,4.0,0.0,0.0,1.0,0.0,0.0,1,2,2016-11-13,OT
MIN_OTT_2016-11-13,MIN,2016020225,away,2,1.0,0.0,6.0,1.0,3.0,1.0,1,2,2016-11-13,OT
MIN_OTT_2016-11-13,OTT,2016020225,home,1,3.0,0.0,6.0,4.0,3.0,0.0,0,2,2016-11-13,OT
BOS_COL_2016-11-13,BOS,2016020227,away,2,1.0,0.0,7.0,2.0,1.0,2.0,1,2,2016-11-13,REG
BOS_COL_2016-11-13,COL,2016020227,home,0,1.0,0.0,3.0,2.0,2.0,1.0,0,2,2016-11-13,REG
MTL_CHI_2016-11-13,MTL,2016020226,away,2,7.0,1.0,1.0,1.0,0.0,0.0,0,2,2016-11-13,REG
MTL_CHI_2016-11-13,CHI,2016020226,home,3,5.0,0.0,2.0,2.0,1.0,2.0,1,2,2016-11-13,REG
NYR_EDM_2016-11-13,NYR,2016020228,away,3,2.0,0.0,3.0,1.0,1.0,0.0,1,2,2016-11-13,REG
NYR_EDM_2016-11-13,EDM,2016020228,home,1,0.0,0.0,2.0,2.0,0.0,1.0,0,2,2016-11-13,REG
TBL_NYI_2016-11-14,TBL,2016020229,away,4,1.0,0.0,3.0,3.0,0.0,1.0,1,2,2016-11-14,REG
TBL_NYI_2016-11-14,NYI,2016020229,home,0,1.0,0.0,3.0,3.0,0.0,2.0,0,2,2016-11-14,REG
OTT_PHI_2016-11-15,OTT,2016020230,away,3,1.0,0.0,2.0,3.0,3.0,0.0,1,2,2016-11-15,SO
OTT_PHI_2016-11-15,PHI,2016020230,home,2,2.0,0.0,5.0,5.0,2.0,0.0,0,2,2016-11-15,SO
SJS_CAR_2016-11-15,SJS,2016020231,away,0,5.0,0.0,2.0,4.0,1.0,1.0,0,2,2016-11-15,REG
SJS_CAR_2016-11-15,CAR,2016020231,home,1,3.0,0.0,2.0,1.0,2.0,0.0,1,2,2016-11-15,REG
WSH_CBJ_2016-11-15,WSH,2016020232,away,1,5.0,0.0,4.0,2.0,1.0,1.0,0,2,2016-11-15,OT
WSH_CBJ_2016-11-15,CBJ,2016020232,home,2,2.0,0.0,0.0,2.0,0.0,0.0,1,2,2016-11-15,OT
FLA_MTL_2016-11-15,FLA,2016020234,away,4,0.0,0.0,2.0,3.0,1.0,2.0,1,2,2016-11-15,OT
FLA_MTL_2016-11-15,MTL,2016020234,home,3,5.0,0.0,9.0,2.0,3.0,1.0,0,2,2016-11-15,OT
TBL_DET_2016-11-15,TBL,2016020235,away,4,1.0,0.0,4.0,1.0,2.0,0.0,1,2,2016-11-15,REG
TBL_DET_2016-11-15,DET,2016020235,home,3,4.0,0.0,4.0,0.0,2.0,0.0,0,2,2016-11-15,REG
NSH_TOR_2016-11-15,NSH,2016020233,away,2,4.0,0.0,3.0,2.0,3.0,2.0,0,2,2016-11-15,REG
NSH_TOR_2016-11-15,TOR,2016020233,home,6,3.0,0.0,1.0,0.0,1.0,2.0,1,2,2016-11-15,REG
BUF_STL_2016-11-15,BUF,2016020236,away,1,8.0,0.0,0.0,2.0,1.0,1.0,0,2,2016-11-15,REG
BUF_STL_2016-11-15,STL,2016020236,home,4,2.0,0.0,1.0,1.0,0.0,0.0,1,2,2016-11-15,REG
CHI_WPG_2016-11-15,CHI,2016020238,away,0,0.0,0.0,3.0,2.0,4.0,1.0,0,2,2016-11-15,REG
CHI_WPG_2016-11-15,WPG,2016020238,home,4,0.0,0.0,1.0,3.0,1.0,1.0,1,2,2016-11-15,REG
CGY_MIN_2016-11-15,CGY,2016020237,away,1,1.0,0.0,8.0,1.0,1.0,0.0,1,2,2016-11-15,REG
CGY_MIN_2016-11-15,MIN,2016020237,home,0,1.0,0.0,4.0,1.0,0.0,0.0,0,2,2016-11-15,REG
NJD_DAL_2016-11-15,NJD,2016020239,away,2,1.0,0.0,4.0,0.0,2.0,0.0,1,2,2016-11-15,OT
NJD_DAL_2016-11-15,DAL,2016020239,home,1,2.0,0.0,3.0,5.0,0.0,0.0,0,2,2016-11-15,OT
LAK_COL_2016-11-15,LAK,2016020240,away,1,2.0,0.0,3.0,0.0,0.0,1.0,0,2,2016-11-15,REG
LAK_COL_2016-11-15,COL,2016020240,home,4,2.0,0.0,3.0,3.0,0.0,2.0,1,2,2016-11-15,REG
NYR_VAN_2016-11-15,NYR,2016020241,away,7,2.0,0.0,4.0,4.0,2.0,2.0,1,2,2016-11-15,REG
NYR_VAN_2016-11-15,VAN,2016020241,home,2,2.0,0.0,1.0,2.0,0.0,1.0,0,2,2016-11-15,REG
EDM_ANA_2016-11-15,EDM,2016020242,away,1,1.0,0.0,2.0,2.0,0.0,0.0,0,2,2016-11-15,REG
EDM_ANA_2016-11-15,ANA,2016020242,home,4,3.0,0.0,4.0,2.0,0.0,2.0,1,2,2016-11-15,REG
PIT_WSH_2016-11-16,PIT,2016020243,away,1,1.0,0.0,1.0,0.0,1.0,1.0,0,2,2016-11-16,REG
PIT_WSH_2016-11-16,WSH,2016020243,home,7,6.0,0.0,6.0,2.0,3.0,1.0,1,2,2016-11-16,REG
ARI_CGY_2016-11-16,ARI,2016020244,away,1,2.0,0.0,3.0,4.0,0.0,0.0,0,2,2016-11-16,OT
ARI_CGY_2016-11-16,CGY,2016020244,home,2,3.0,0.0,2.0,1.0,0.0,3.0,1,2,2016-11-16,OT
TBL_BUF_2016-11-17,TBL,2016020245,away,4,1.0,0.0,8.0,3.0,0.0,0.0,1,2,2016-11-17,REG
TBL_BUF_2016-11-17,BUF,2016020245,home,1,4.0,0.0,3.0,5.0,1.0,0.0,0,2,2016-11-17,REG
WPG_PHI_2016-11-17,WPG,2016020246,away,2,3.0,0.0,2.0,0.0,1.0,1.0,0,2,2016-11-17,REG
WPG_PHI_2016-11-17,PHI,2016020246,home,5,7.0,0.0,1.0,3.0,1.0,1.0,1,2,2016-11-17,REG
NSH_OTT_2016-11-17,NSH,2016020248,away,5,2.0,0.0,5.0,3.0,1.0,3.0,1,2,2016-11-17,REG
NSH_OTT_2016-11-17,OTT,2016020248,home,1,1.0,0.0,7.0,3.0,1.0,0.0,0,2,2016-11-17,REG
FLA_TOR_2016-11-17,FLA,2016020247,away,1,3.0,0.0,3.0,2.0,2.0,0.0,0,2,2016-11-17,REG
FLA_TOR_2016-11-17,TOR,2016020247,home,6,2.0,0.0,6.0,3.0,2.0,4.0,1,2,2016-11-17,REG
BOS_MIN_2016-11-17,BOS,2016020250,away,0,0.0,0.0,2.0,3.0,0.0,0.0,0,2,2016-11-17,REG
BOS_MIN_2016-11-17,MIN,2016020250,home,1,0.0,0.0,2.0,2.0,0.0,0.0,1,2,2016-11-17,REG
SJS_STL_2016-11-17,SJS,2016020249,away,2,2.0,0.0,3.0,1.0,2.0,0.0,0,2,2016-11-17,REG
SJS_STL_2016-11-17,STL,2016020249,home,3,1.0,0.0,3.0,3.0,0.0,0.0,1,2,2016-11-17,REG
COL_DAL_2016-11-17,COL,2016020251,away,2,0.0,0.0,1.0,2.0,2.0,0.0,0,2,2016-11-17,REG
COL_DAL_2016-11-17,DAL,2016020251,home,3,0.0,0.0,2.0,2.0,1.0,0.0,1,2,2016-11-17,REG
NJD_ANA_2016-11-17,NJD,2016020253,away,2,5.0,0.0,3.0,3.0,4.0,0.0,0,2,2016-11-17,REG
NJD_ANA_2016-11-17,ANA,2016020253,home,3,6.0,0.0,3.0,4.0,1.0,0.0,1,2,2016-11-17,REG
ARI_VAN_2016-11-17,ARI,2016020252,away,2,6.0,0.0,1.0,1.0,1.0,0.0,0,2,2016-11-17,OT
ARI_VAN_2016-11-17,VAN,2016020252,home,3,5.0,0.0,2.0,0.0,0.0,1.0,1,2,2016-11-17,OT
EDM_LAK_2016-11-17,EDM,2016020254,away,2,2.0,0.0,5.0,0.0,0.0,0.0,0,2,2016-11-17,REG
EDM_LAK_2016-11-17,LAK,2016020254,home,4,1.0,0.0,2.0,4.0,1.0,1.0,1,2,2016-11-17,REG
NYR_CBJ_2016-11-18,NYR,2016020257,away,2,0.0,0.0,4.0,5.0,1.0,0.0,0,2,2016-11-18,REG
NYR_CBJ_2016-11-18,CBJ,2016020257,home,4,4.0,0.0,3.0,3.0,1.0,1.0,1,2,2016-11-18,REG
DET_WSH_2016-11-18,DET,2016020256,away,0,3.0,0.0,4.0,0.0,1.0,0.0,0,2,2016-11-18,REG
DET_WSH_2016-11-18,WSH,2016020256,home,1,5.0,0.0,8.0,1.0,3.0,1.0,1,2,2016-11-18,REG
PIT_NYI_2016-11-18,PIT,2016020255,away,3,1.0,0.0,2.0,1.0,0.0,0.0,1,2,2016-11-18,OT
PIT_NYI_2016-11-18,NYI,2016020255,home,2,6.0,0.0,2.0,5.0,0.0,1.0,0,2,2016-11-18,OT
MTL_CAR_2016-11-18,MTL,2016020258,away,2,4.0,0.0,4.0,2.0,0.0,1.0,0,2,2016-11-18,REG
MTL_CAR_2016-11-18,CAR,2016020258,home,3,5.0,0.0,1.0,1.0,0.0,2.0,1,2,2016-11-18,REG
CHI_CGY_2016-11-18,CHI,2016020259,away,3,1.0,0.0,1.0,1.0,1.0,1.0,1,2,2016-11-18,REG
CHI_CGY_2016-11-18,CGY,2016020259,home,2,0.0,0.0,8.0,4.0,1.0,1.0,0,2,2016-11-18,REG
TBL_PHI_2016-11-19,TBL,2016020260,away,3,2.0,1.0,3.0,4.0,4.0,0.0,1,2,2016-11-19,REG
TBL_PHI_2016-11-19,PHI,2016020260,home,0,7.0,0.0,4.0,4.0,2.0,0.0,0,2,2016-11-19,REG
NJD_LAK_2016-11-19,NJD,2016020261,away,2,3.0,0.0,3.0,1.0,1.0,0.0,0,2,2016-11-19,REG
NJD_LAK_2016-11-19,LAK,2016020261,home,4,4.0,0.0,0.0,1.0,1.0,0.0,1,2,2016-11-19,REG
EDM_DAL_2016-11-19,EDM,2016020266,away,5,0.0,0.0,0.0,1.0,0.0,1.0,1,2,2016-11-19,REG
EDM_DAL_2016-11-19,DAL,2016020266,home,2,4.0,0.0,3.0,1.0,0.0,1.0,0,2,2016-11-19,REG
PIT_BUF_2016-11-19,PIT,2016020263,away,1,0.0,0.0,3.0,1.0,2.0,0.0,0,2,2016-11-19,SO
PIT_BUF_2016-11-19,BUF,2016020263,home,2,3.0,0.0,2.0,2.0,0.0,0.0,1,2,2016-11-19,SO
WPG_BOS_2016-11-19,WPG,2016020262,away,1,4.0,0.0,0.0,2.0,0.0,1.0,0,2,2016-11-19,REG
WPG_BOS_2016-11-19,BOS,2016020262,home,4,4.0,0.0,7.0,0.0,0.0,1.0,1,2,2016-11-19,REG
FLA_OTT_2016-11-19,FLA,2016020265,away,4,2.0,0.0,5.0,4.0,0.0,1.0,1,2,2016-11-19,REG
FLA_OTT_2016-11-19,OTT,2016020265,home,1,1.0,0.0,5.0,0.0,1.0,0.0,0,2,2016-11-19,REG
TOR_MTL_2016-11-19,TOR,2016020264,away,1,2.0,0.0,4.0,3.0,2.0,2.0,0,2,2016-11-19,REG
TOR_MTL_2016-11-19,MTL,2016020264,home,2,5.0,0.0,6.0,8.0,4.0,0.0,1,2,2016-11-19,REG
COL_MIN_2016-11-19,COL,2016020268,away,3,2.0,0.0,5.0,2.0,0.0,1.0,1,2,2016-11-19,REG
COL_MIN_2016-11-19,MIN,2016020268,home,2,3.0,1.0,4.0,1.0,1.0,0.0,0,2,2016-11-19,REG
SJS_ARI_2016-11-19,SJS,2016020269,away,2,4.0,0.0,7.0,5.0,0.0,1.0,0,2,2016-11-19,OT
SJS_ARI_2016-11-19,ARI,2016020269,home,3,4.0,0.0,4.0,1.0,0.0,1.0,1,2,2016-11-19,OT
NSH_STL_2016-11-19,NSH,2016020267,away,1,4.0,0.0,5.0,4.0,0.0,0.0,0,2,2016-11-19,REG
NSH_STL_2016-11-19,STL,2016020267,home,3,4.0,0.0,1.0,2.0,0.0,0.0,1,2,2016-11-19,REG
CHI_VAN_2016-11-19,CHI,2016020270,away,4,0.0,0.0,2.0,0.0,2.0,2.0,1,2,2016-11-19,OT
CHI_VAN_2016-11-19,VAN,2016020270,home,3,2.0,0.0,4.0,4.0,0.0,0.0,0,2,2016-11-19,OT
CBJ_WSH_2016-11-20,CBJ,2016020271,away,3,1.0,1.0,2.0,1.0,2.0,0.0,1,2,2016-11-20,REG
CBJ_WSH_2016-11-20,WSH,2016020271,home,2,2.0,1.0,6.0,2.0,1.0,1.0,0,2,2016-11-20,REG
WPG_CAR_2016-11-20,WPG,2016020273,away,1,5.0,0.0,3.0,4.0,1.0,0.0,0,2,2016-11-20,REG
WPG_CAR_2016-11-20,CAR,2016020273,home,3,5.0,1.0,5.0,0.0,2.0,2.0,1,2,2016-11-20,REG
FLA_NYR_2016-11-20,FLA,2016020272,away,3,4.0,1.0,9.0,3.0,0.0,0.0,1,2,2016-11-20,SO
FLA_NYR_2016-11-20,NYR,2016020272,home,2,7.0,0.0,2.0,2.0,1.0,1.0,0,2,2016-11-20,SO
CGY_DET_2016-11-20,CGY,2016020274,away,3,1.0,0.0,5.0,0.0,0.0,2.0,1,2,2016-11-20,REG
CGY_DET_2016-11-20,DET,2016020274,home,2,3.0,0.0,2.0,6.0,4.0,1.0,0,2,2016-11-20,REG
LAK_ANA_2016-11-20,LAK,2016020275,away,3,2.0,0.0,0.0,3.0,0.0,0.0,1,2,2016-11-20,REG
LAK_ANA_2016-11-20,ANA,2016020275,home,2,3.0,0.0,3.0,0.0,0.0,0.0,0,2,2016-11-20,REG
NYR_PIT_2016-11-21,NYR,2016020277,away,5,7.0,0.0,5.0,2.0,0.0,2.0,1,2,2016-11-21,REG
NYR_PIT_2016-11-21,PIT,2016020277,home,2,0.0,0.0,5.0,1.0,2.0,2.0,0,2,2016-11-21,REG
COL_CBJ_2016-11-21,COL,2016020278,away,3,1.0,0.0,2.0,3.0,0.0,0.0,1,2,2016-11-21,OT
COL_CBJ_2016-11-21,CBJ,2016020278,home,2,1.0,0.0,4.0,2.0,2.0,0.0,0,2,2016-11-21,OT
CGY_BUF_2016-11-21,CGY,2016020276,away,2,3.0,0.0,7.0,1.0,0.0,0.0,0,2,2016-11-21,REG
CGY_BUF_2016-11-21,BUF,2016020276,home,4,3.0,0.0,6.0,1.0,1.0,3.0,1,2,2016-11-21,REG
TBL_NSH_2016-11-21,TBL,2016020279,away,1,3.0,0.0,4.0,0.0,0.0,1.0,0,2,2016-11-21,REG
TBL_NSH_2016-11-21,NSH,2016020279,home,3,1.0,0.0,3.0,1.0,1.0,1.0,1,2,2016-11-21,REG
MIN_DAL_2016-11-21,MIN,2016020280,away,2,0.0,0.0,3.0,1.0,1.0,1.0,0,2,2016-11-21,OT
MIN_DAL_2016-11-21,DAL,2016020280,home,3,4.0,0.0,2.0,1.0,3.0,1.0,1,2,2016-11-21,OT
CHI_EDM_2016-11-21,CHI,2016020281,away,0,1.0,0.0,5.0,3.0,1.0,3.0,0,2,2016-11-21,REG
CHI_EDM_2016-11-21,EDM,2016020281,home,5,0.0,0.0,7.0,3.0,4.0,0.0,1,2,2016-11-21,REG
NJD_SJS_2016-11-21,NJD,2016020282,away,0,1.0,0.0,4.0,1.0,3.0,0.0,0,2,2016-11-21,REG
NJD_SJS_2016-11-21,SJS,2016020282,home,4,2.0,0.0,10.0,0.0,1.0,0.0,1,2,2016-11-21,REG
STL_BOS_2016-11-22,STL,2016020283,away,4,1.0,0.0,1.0,1.0,0.0,0.0,1,2,2016-11-22,REG
STL_BOS_2016-11-22,BOS,2016020283,home,2,6.0,0.0,4.0,2.0,2.0,1.0,0,2,2016-11-22,REG
CAR_TOR_2016-11-22,CAR,2016020284,away,2,7.0,0.0,3.0,0.0,1.0,2.0,1,2,2016-11-22,REG
CAR_TOR_2016-11-22,TOR,2016020284,home,1,4.0,0.0,2.0,6.0,4.0,1.0,0,2,2016-11-22,REG
OTT_MTL_2016-11-22,OTT,2016020285,away,4,0.0,0.0,2.0,3.0,2.0,1.0,1,2,2016-11-22,REG
OTT_MTL_2016-11-22,MTL,2016020285,home,3,2.0,1.0,9.0,1.0,3.0,1.0,0,2,2016-11-22,REG
PHI_FLA_2016-11-22,PHI,2016020286,away,3,6.0,0.0,1.0,4.0,0.0,0.0,1,2,2016-11-22,REG
PHI_FLA_2016-11-22,FLA,2016020286,home,1,2.0,0.0,3.0,1.0,1.0,0.0,0,2,2016-11-22,REG
NYI_ANA_2016-11-22,NYI,2016020287,away,3,4.0,0.0,3.0,0.0,1.0,0.0,1,2,2016-11-22,SO
NYI_ANA_2016-11-22,ANA,2016020287,home,2,4.0,0.0,7.0,1.0,2.0,0.0,0,2,2016-11-22,SO
DET_BUF_2016-11-23,DET,2016020288,away,2,2.0,0.0,4.0,2.0,2.0,0.0,1,2,2016-11-23,SO
DET_BUF_2016-11-23,BUF,2016020288,home,1,5.0,0.0,5.0,0.0,1.0,0.0,0,2,2016-11-23,SO
STL_WSH_2016-11-23,STL,2016020291,away,3,2.0,0.0,1.0,0.0,0.0,0.0,0,2,2016-11-23,REG
STL_WSH_2016-11-23,WSH,2016020291,home,4,1.0,1.0,7.0,0.0,0.0,2.0,1,2,2016-11-23,REG
PIT_NYR_2016-11-23,PIT,2016020290,away,6,3.0,0.0,3.0,2.0,1.0,1.0,1,2,2016-11-23,REG
PIT_NYR_2016-11-23,NYR,2016020290,home,1,3.0,0.0,1.0,4.0,1.0,1.0,0,2,2016-11-23,REG
CGY_CBJ_2016-11-23,CGY,2016020292,away,2,0.0,0.0,1.0,3.0,0.0,0.0,1,2,2016-11-23,REG
CGY_CBJ_2016-11-23,CBJ,2016020292,home,0,0.0,0.0,3.0,3.0,2.0,0.0,0,2,2016-11-23,REG
TOR_NJD_2016-11-23,TOR,2016020289,away,4,1.0,0.0,1.0,2.0,0.0,2.0,0,2,2016-11-23,SO
TOR_NJD_2016-11-23,NJD,2016020289,home,5,3.0,1.0,5.0,0.0,1.0,0.0,1,2,2016-11-23,SO
WPG_MIN_2016-11-23,WPG,2016020293,away,1,2.0,0.0,0.0,2.0,0.0,1.0,0,2,2016-11-23,REG
WPG_MIN_2016-11-23,MIN,2016020293,home,3,5.0,0.0,3.0,0.0,0.0,1.0,1,2,2016-11-23,REG
PHI_TBL_2016-11-23,PHI,2016020294,away,2,8.0,0.0,4.0,1.0,2.0,2.0,0,2,2016-11-23,REG
PHI_TBL_2016-11-23,TBL,2016020294,home,4,3.0,0.0,1.0,2.0,2.0,0.0,1,2,2016-11-23,REG
DAL_NSH_2016-11-23,DAL,2016020295,away,2,1.0,0.0,5.0,4.0,1.0,0.0,0,2,2016-11-23,REG
DAL_NSH_2016-11-23,NSH,2016020295,home,5,4.0,0.0,4.0,2.0,3.0,0.0,1,2,2016-11-23,REG
EDM_COL_2016-11-23,EDM,2016020296,away,6,1.0,1.0,5.0,3.0,0.0,1.0,1,2,2016-11-23,REG
EDM_COL_2016-11-23,COL,2016020296,home,3,2.0,0.0,2.0,3.0,3.0,2.0,0,2,2016-11-23,REG
CHI_SJS_2016-11-23,CHI,2016020299,away,1,0.0,0.0,4.0,2.0,1.0,1.0,0,2,2016-11-23,REG
CHI_SJS_2016-11-23,SJS,2016020299,home,2,3.0,0.0,4.0,2.0,2.0,2.0,1,2,2016-11-23,REG
VAN_ARI_2016-11-23,VAN,2016020297,away,4,4.0,0.0,2.0,1.0,0.0,0.0,1,2,2016-11-23,REG
VAN_ARI_2016-11-23,ARI,2016020297,home,1,0.0,0.0,3.0,0.0,2.0,1.0,0,2,2016-11-23,REG
NYI_LAK_2016-11-23,NYI,2016020298,away,2,1.0,0.0,4.0,2.0,0.0,1.0,0,2,2016-11-23,REG
NYI_LAK_2016-11-23,LAK,2016020298,home,4,4.0,0.0,1.0,5.0,2.0,0.0,1,2,2016-11-23,REG
BOS_OTT_2016-11-24,BOS,2016020301,away,1,4.0,0.0,2.0,1.0,2.0,0.0,0,2,2016-11-24,REG
BOS_OTT_2016-11-24,OTT,2016020301,home,3,3.0,0.0,4.0,3.0,2.0,0.0,1,2,2016-11-24,REG
CAR_MTL_2016-11-24,CAR,2016020300,away,1,1.0,0.0,2.0,0.0,1.0,1.0,0,2,2016-11-24,REG
CAR_MTL_2016-11-24,MTL,2016020300,home,2,2.0,0.0,5.0,3.0,2.0,0.0,1,2,2016-11-24,REG
NYR_PHI_2016-11-25,NYR,2016020302,away,3,8.0,0.0,1.0,4.0,2.0,1.0,1,2,2016-11-25,REG
NYR_PHI_2016-11-25,PHI,2016020302,home,2,7.0,0.0,2.0,2.0,2.0,0.0,0,2,2016-11-25,REG
CHI_ANA_2016-11-25,CHI,2016020304,away,3,3.0,0.0,1.0,0.0,1.0,0.0,1,2,2016-11-25,REG
CHI_ANA_2016-11-25,ANA,2016020304,home,2,5.0,0.0,5.0,3.0,1.0,0.0,0,2,2016-11-25,REG
PIT_MIN_2016-11-25,PIT,2016020303,away,2,0.0,0.0,3.0,3.0,2.0,0.0,0,2,2016-11-25,REG
PIT_MIN_2016-11-25,MIN,2016020303,home,6,1.0,0.0,3.0,1.0,0.0,1.0,1,2,2016-11-25,REG
NYI_SJS_2016-11-25,NYI,2016020305,away,2,1.0,0.0,4.0,4.0,0.0,0.0,0,2,2016-11-25,REG
NYI_SJS_2016-11-25,SJS,2016020305,home,3,3.0,0.0,6.0,0.0,1.0,1.0,1,2,2016-11-25,REG
BUF_WSH_2016-11-25,BUF,2016020306,away,1,3.0,0.0,4.0,3.0,0.0,1.0,0,2,2016-11-25,REG
BUF_WSH_2016-11-25,WSH,2016020306,home,3,1.0,0.0,6.0,2.0,1.0,1.0,1,2,2016-11-25,REG
WPG_NSH_2016-11-25,WPG,2016020307,away,1,3.0,0.0,1.0,0.0,0.0,0.0,0,2,2016-11-25,REG
WPG_NSH_2016-11-25,NSH,2016020307,home,5,6.0,0.0,3.0,3.0,2.0,1.0,1,2,2016-11-25,REG
DET_NJD_2016-11-25,DET,2016020310,away,5,0.0,0.0,3.0,2.0,0.0,1.0,1,2,2016-11-25,OT
DET_NJD_2016-11-25,NJD,2016020310,home,4,1.0,0.0,4.0,1.0,1.0,0.0,0,2,2016-11-25,OT
CBJ_TBL_2016-11-25,CBJ,2016020309,away,5,3.0,0.0,2.0,0.0,1.0,1.0,1,2,2016-11-25,REG
CBJ_TBL_2016-11-25,TBL,2016020309,home,3,4.0,0.0,6.0,2.0,0.0,0.0,0,2,2016-11-25,REG
CGY_BOS_2016-11-25,CGY,2016020308,away,2,3.0,0.0,6.0,3.0,1.0,1.0,1,2,2016-11-25,REG
CGY_BOS_2016-11-25,BOS,2016020308,home,1,1.0,0.0,1.0,0.0,0.0,1.0,0,2,2016-11-25,REG
VAN_DAL_2016-11-25,VAN,2016020311,away,1,3.0,0.0,3.0,2.0,1.0,1.0,0,2,2016-11-25,REG
VAN_DAL_2016-11-25,DAL,2016020311,home,2,3.0,0.0,2.0,5.0,0.0,0.0,1,2,2016-11-25,REG
EDM_ARI_2016-11-25,EDM,2016020312,away,2,2.0,0.0,3.0,2.0,1.0,3.0,0,2,2016-11-25,SO
EDM_ARI_2016-11-25,ARI,2016020312,home,3,1.0,0.0,2.0,1.0,0.0,0.0,1,2,2016-11-25,SO
CBJ_FLA_2016-11-26,CBJ,2016020316,away,1,2.0,0.0,5.0,0.0,1.0,2.0,0,2,2016-11-26,SO
CBJ_FLA_2016-11-26,FLA,2016020316,home,2,2.0,0.0,3.0,3.0,1.0,3.0,1,2,2016-11-26,SO
NJD_PIT_2016-11-26,NJD,2016020317,away,3,10.0,0.0,4.0,2.0,0.0,0.0,0,2,2016-11-26,SO
NJD_PIT_2016-11-26,PIT,2016020317,home,4,4.0,0.0,4.0,3.0,1.0,0.0,1,2,2016-11-26,SO
MTL_DET_2016-11-26,MTL,2016020315,away,2,3.0,0.0,6.0,3.0,1.0,0.0,1,2,2016-11-26,OT
MTL_DET_2016-11-26,DET,2016020315,home,1,6.0,0.0,2.0,1.0,0.0,0.0,0,2,2016-11-26,OT
CAR_OTT_2016-11-26,CAR,2016020314,away,1,1.0,0.0,4.0,0.0,1.0,0.0,0,2,2016-11-26,REG
CAR_OTT_2016-11-26,OTT,2016020314,home,2,0.0,0.0,3.0,2.0,1.0,0.0,1,2,2016-11-26,REG
WSH_TOR_2016-11-26,WSH,2016020313,away,2,8.0,0.0,4.0,2.0,1.0,0.0,0,2,2016-11-26,REG
WSH_TOR_2016-11-26,TOR,2016020313,home,4,3.0,0.0,3.0,0.0,2.0,2.0,1,2,2016-11-26,REG
MIN_STL_2016-11-26,MIN,2016020318,away,3,2.0,0.0,4.0,0.0,0.0,2.0,0,2,2016-11-26,SO
MIN_STL_2016-11-26,STL,2016020318,home,4,1.0,0.0,3.0,3.0,0.0,0.0,1,2,2016-11-26,SO
VAN_COL_2016-11-26,VAN,2016020319,away,3,4.0,0.0,2.0,0.0,0.0,0.0,1,2,2016-11-26,SO
VAN_COL_2016-11-26,COL,2016020319,home,2,2.0,0.0,4.0,1.0,1.0,2.0,0,2,2016-11-26,SO
ANA_SJS_2016-11-26,ANA,2016020321,away,3,6.0,0.0,7.0,3.0,2.0,0.0,1,2,2016-11-26,REG
ANA_SJS_2016-11-26,SJS,2016020321,home,2,9.0,0.0,5.0,2.0,4.0,5.0,0,2,2016-11-26,REG
CHI_LAK_2016-11-26,CHI,2016020320,away,1,1.0,0.0,1.0,2.0,0.0,0.0,0,2,2016-11-26,OT
CHI_LAK_2016-11-26,LAK,2016020320,home,2,3.0,0.0,2.0,2.0,2.0,1.0,1,2,2016-11-26,OT
NSH_WPG_2016-11-27,NSH,2016020325,away,0,3.0,0.0,1.0,1.0,2.0,1.0,0,2,2016-11-27,REG
NSH_WPG_2016-11-27,WPG,2016020325,home,3,2.0,0.0,1.0,3.0,0.0,0.0,1,2,2016-11-27,REG
TBL_BOS_2016-11-27,TBL,2016020322,away,1,2.0,0.0,2.0,2.0,2.0,0.0,0,2,2016-11-27,REG
TBL_BOS_2016-11-27,BOS,2016020322,home,4,2.0,0.0,1.0,1.0,0.0,1.0,1,2,2016-11-27,REG
ARI_EDM_2016-11-27,ARI,2016020323,away,2,5.0,0.0,5.0,1.0,0.0,1.0,1,2,2016-11-27,REG
ARI_EDM_2016-11-27,EDM,2016020323,home,1,0.0,0.0,3.0,2.0,3.0,1.0,0,2,2016-11-27,REG
FLA_CAR_2016-11-27,FLA,2016020324,away,2,0.0,0.0,3.0,1.0,1.0,1.0,0,2,2016-11-27,REG
FLA_CAR_2016-11-27,CAR,2016020324,home,3,2.0,0.0,0.0,1.0,1.0,0.0,1,2,2016-11-27,REG
OTT_NYR_2016-11-27,OTT,2016020326,away,2,1.0,0.0,2.0,5.0,1.0,0.0,1,2,2016-11-27,REG
OTT_NYR_2016-11-27,NYR,2016020326,home,0,3.0,0.0,6.0,2.0,1.0,1.0,0,2,2016-11-27,REG
CGY_PHI_2016-11-27,CGY,2016020327,away,3,2.0,0.0,3.0,6.0,0.0,0.0,0,2,2016-11-27,REG
CGY_PHI_2016-11-27,PHI,2016020327,home,5,8.0,0.0,6.0,0.0,2.0,0.0,1,2,2016-11-27,REG
CGY_NYI_2016-11-28,CGY,2016020328,away,1,1.0,0.0,1.0,1.0,0.0,1.0,0,2,2016-11-28,OT
CGY_NYI_2016-11-28,NYI,2016020328,home,2,2.0,0.0,5.0,3.0,1.0,2.0,1,2,2016-11-28,OT
DAL_STL_2016-11-28,DAL,2016020329,away,3,0.0,0.0,2.0,2.0,3.0,2.0,0,2,2016-11-28,OT
DAL_STL_2016-11-28,STL,2016020329,home,4,3.0,0.0,1.0,1.0,0.0,0.0,1,2,2016-11-28,OT
CAR_NYR_2016-11-29,CAR,2016020330,away,2,1.0,0.0,4.0,0.0,0.0,2.0,0,2,2016-11-29,REG
CAR_NYR_2016-11-29,NYR,2016020330,home,3,4.0,0.0,1.0,6.0,2.0,0.0,1,2,2016-11-29,REG
TBL_CBJ_2016-11-29,TBL,2016020332,away,1,0.0,0.0,3.0,1.0,0.0,0.0,0,2,2016-11-29,REG
TBL_CBJ_2016-11-29,CBJ,2016020332,home,5,4.0,0.0,3.0,4.0,0.0,0.0,1,2,2016-11-29,REG
BOS_PHI_2016-11-29,BOS,2016020331,away,2,3.0,0.0,3.0,0.0,0.0,0.0,0,2,2016-11-29,SO
BOS_PHI_2016-11-29,PHI,2016020331,home,3,7.0,0.0,3.0,3.0,6.0,0.0,1,2,2016-11-29,SO
BUF_OTT_2016-11-29,BUF,2016020333,away,5,1.0,0.0,2.0,5.0,2.0,1.0,1,2,2016-11-29,REG
BUF_OTT_2016-11-29,OTT,2016020333,home,4,1.0,0.0,4.0,1.0,2.0,1.0,0,2,2016-11-29,REG
DAL_DET_2016-11-29,DAL,2016020334,away,1,0.0,0.0,5.0,4.0,0.0,0.0,0,2,2016-11-29,REG
DAL_DET_2016-11-29,DET,2016020334,home,3,3.0,0.0,3.0,0.0,1.0,1.0,1,2,2016-11-29,REG
NJD_WPG_2016-11-29,NJD,2016020335,away,2,0.0,0.0,3.0,1.0,2.0,0.0,0,2,2016-11-29,REG
NJD_WPG_2016-11-29,WPG,2016020335,home,3,1.0,0.0,2.0,1.0,2.0,1.0,1,2,2016-11-29,REG
FLA_CHI_2016-11-29,FLA,2016020336,away,1,3.0,0.0,5.0,0.0,2.0,0.0,0,2,2016-11-29,SO
FLA_CHI_2016-11-29,CHI,2016020336,home,2,2.0,0.0,4.0,1.0,1.0,1.0,1,2,2016-11-29,SO
TOR_EDM_2016-11-29,TOR,2016020338,away,4,2.0,0.0,5.0,5.0,2.0,1.0,1,2,2016-11-29,REG
TOR_EDM_2016-11-29,EDM,2016020338,home,2,0.0,0.0,5.0,0.0,2.0,1.0,0,2,2016-11-29,REG
NSH_COL_2016-11-29,NSH,2016020337,away,5,0.0,0.0,4.0,1.0,0.0,2.0,1,2,2016-11-29,REG
NSH_COL_2016-11-29,COL,2016020337,home,3,4.0,0.0,6.0,3.0,1.0,1.0,0,2,2016-11-29,REG
MIN_VAN_2016-11-29,MIN,2016020339,away,4,1.0,0.0,4.0,0.0,1.0,0.0,0,2,2016-11-29,REG
MIN_VAN_2016-11-29,VAN,2016020339,home,5,3.0,0.0,2.0,3.0,0.0,0.0,1,2,2016-11-29,REG
MTL_ANA_2016-11-29,MTL,2016020340,away,1,2.0,0.0,5.0,0.0,2.0,0.0,0,2,2016-11-29,REG
MTL_ANA_2016-11-29,ANA,2016020340,home,2,4.0,0.0,4.0,4.0,1.0,1.0,1,2,2016-11-29,REG
ARI_SJS_2016-11-29,ARI,2016020341,away,1,9.0,0.0,0.0,1.0,1.0,0.0,0,2,2016-11-29,OT
ARI_SJS_2016-11-29,SJS,2016020341,home,2,9.0,0.0,2.0,2.0,1.0,0.0,1,2,2016-11-29,OT
PIT_NYI_2016-11-30,PIT,2016020342,away,3,0.0,0.0,5.0,3.0,1.0,0.0,0,2,2016-11-30,REG
PIT_NYI_2016-11-30,NYI,2016020342,home,5,2.0,0.0,4.0,2.0,0.0,2.0,1,2,2016-11-30,REG
TOR_CGY_2016-11-30,TOR,2016020343,away,0,1.0,0.0,1.0,1.0,0.0,3.0,0,2,2016-11-30,REG
TOR_CGY_2016-11-30,CGY,2016020343,home,3,1.0,0.0,5.0,2.0,2.0,2.0,1,2,2016-11-30,REG
SJS_LAK_2016-11-30,SJS,2016020344,away,4,7.0,0.0,4.0,1.0,0.0,0.0,1,2,2016-11-30,REG
SJS_LAK_2016-11-30,LAK,2016020344,home,1,2.0,0.0,0.0,0.0,2.0,0.0,0,2,2016-11-30,REG
NYI_WSH_2016-12-01,NYI,2016020348,away,3,2.0,0.0,3.0,3.0,2.0,1.0,1,2,2016-12-01,REG
NYI_WSH_2016-12-01,WSH,2016020348,home,0,4.0,0.0,10.0,4.0,4.0,0.0,0,2,2016-12-01,REG
DAL_PIT_2016-12-01,DAL,2016020347,away,2,1.0,0.0,4.0,1.0,0.0,0.0,0,2,2016-12-01,REG
DAL_PIT_2016-12-01,PIT,2016020347,home,6,1.0,0.0,1.0,3.0,0.0,0.0,1,2,2016-12-01,REG
CAR_BOS_2016-12-01,CAR,2016020345,away,1,2.0,1.0,2.0,4.0,2.0,1.0,0,2,2016-12-01,SO
CAR_BOS_2016-12-01,BOS,2016020345,home,2,3.0,0.0,1.0,1.0,2.0,0.0,1,2,2016-12-01,SO
NYR_BUF_2016-12-01,NYR,2016020346,away,3,3.0,0.0,0.0,2.0,0.0,2.0,0,2,2016-12-01,REG
NYR_BUF_2016-12-01,BUF,2016020346,home,4,6.0,0.0,5.0,0.0,1.0,0.0,1,2,2016-12-01,REG
PHI_OTT_2016-12-01,PHI,2016020349,away,3,8.0,0.0,4.0,3.0,0.0,2.0,1,2,2016-12-01,OT
PHI_OTT_2016-12-01,OTT,2016020349,home,2,1.0,0.0,2.0,3.0,1.0,1.0,0,2,2016-12-01,OT
FLA_DET_2016-12-01,FLA,2016020350,away,2,0.0,0.0,2.0,1.0,1.0,0.0,1,2,2016-12-01,OT
FLA_DET_2016-12-01,DET,2016020350,home,1,1.0,0.0,3.0,2.0,0.0,0.0,0,2,2016-12-01,OT
EDM_WPG_2016-12-01,EDM,2016020352,away,6,1.0,0.0,5.0,8.0,2.0,2.0,1,2,2016-12-01,REG
EDM_WPG_2016-12-01,WPG,2016020352,home,3,0.0,0.0,1.0,0.0,0.0,0.0,0,2,2016-12-01,REG
TBL_STL_2016-12-01,TBL,2016020351,away,4,1.0,0.0,2.0,2.0,0.0,1.0,0,2,2016-12-01,REG
TBL_STL_2016-12-01,STL,2016020351,home,5,2.0,0.0,2.0,1.0,0.0,1.0,1,2,2016-12-01,REG
NJD_CHI_2016-12-01,NJD,2016020353,away,3,5.0,0.0,3.0,3.0,1.0,1.0,0,2,2016-12-01,OT
NJD_CHI_2016-12-01,CHI,2016020353,home,4,1.0,0.0,3.0,1.0,1.0,0.0,1,2,2016-12-01,OT
LAK_ARI_2016-12-01,LAK,2016020355,away,4,3.0,0.0,3.0,0.0,0.0,1.0,1,2,2016-12-01,REG
LAK_ARI_2016-12-01,ARI,2016020355,home,3,3.0,0.0,6.0,1.0,1.0,1.0,0,2,2016-12-01,REG
CBJ_COL_2016-12-01,CBJ,2016020354,away,3,2.0,0.0,5.0,2.0,0.0,1.0,1,2,2016-12-01,REG
CBJ_COL_2016-12-01,COL,2016020354,home,2,1.0,0.0,2.0,3.0,1.0,0.0,0,2,2016-12-01,REG
ANA_VAN_2016-12-01,ANA,2016020356,away,3,2.0,0.0,2.0,0.0,2.0,0.0,1,2,2016-12-01,REG
ANA_VAN_2016-12-01,VAN,2016020356,home,1,5.0,0.0,4.0,7.0,3.0,0.0,0,2,2016-12-01,REG
MIN_CGY_2016-12-02,MIN,2016020357,away,2,1.0,0.0,1.0,1.0,1.0,1.0,0,2,2016-12-02,SO
MIN_CGY_2016-12-02,CGY,2016020357,home,3,2.0,0.0,3.0,1.0,3.0,2.0,1,2,2016-12-02,SO
MTL_SJS_2016-12-02,MTL,2016020358,away,1,1.0,0.0,8.0,1.0,3.0,1.0,0,2,2016-12-02,REG
MTL_SJS_2016-12-02,SJS,2016020358,home,2,7.0,0.0,6.0,0.0,4.0,0.0,1,2,2016-12-02,REG
CAR_NYR_2016-12-03,CAR,2016020360,away,2,1.0,0.0,1.0,0.0,2.0,0.0,0,2,2016-12-03,REG
CAR_NYR_2016-12-03,NYR,2016020360,home,4,1.0,0.0,2.0,8.0,1.0,1.0,1,2,2016-12-03,REG
BOS_BUF_2016-12-03,BOS,2016020359,away,2,1.0,0.0,3.0,1.0,0.0,2.0,1,2,2016-12-03,REG
BOS_BUF_2016-12-03,BUF,2016020359,home,1,1.0,0.0,4.0,3.0,0.0,0.0,0,2,2016-12-03,REG
CHI_PHI_2016-12-03,CHI,2016020361,away,1,2.0,0.0,2.0,1.0,1.0,0.0,0,2,2016-12-03,REG
CHI_PHI_2016-12-03,PHI,2016020361,home,3,6.0,0.0,6.0,2.0,1.0,0.0,1,2,2016-12-03,REG
NJD_NSH_2016-12-03,NJD,2016020362,away,5,1.0,0.0,1.0,3.0,1.0,1.0,1,2,2016-12-03,OT
NJD_NSH_2016-12-03,NSH,2016020362,home,4,3.0,0.0,4.0,1.0,1.0,0.0,0,2,2016-12-03,OT
WSH_TBL_2016-12-03,WSH,2016020364,away,1,6.0,0.0,5.0,1.0,1.0,1.0,0,2,2016-12-03,SO
WSH_TBL_2016-12-03,TBL,2016020364,home,2,5.0,0.0,4.0,2.0,0.0,1.0,1,2,2016-12-03,SO
TOR_VAN_2016-12-03,TOR,2016020367,away,2,2.0,0.0,1.0,1.0,1.0,0.0,0,2,2016-12-03,SO
TOR_VAN_2016-12-03,VAN,2016020367,home,3,4.0,0.0,2.0,2.0,4.0,0.0,1,2,2016-12-03,SO
FLA_OTT_2016-12-03,FLA,2016020363,away,0,2.0,0.0,3.0,1.0,2.0,1.0,0,2,2016-12-03,REG
FLA_OTT_2016-12-03,OTT,2016020363,home,2,3.0,0.0,7.0,2.0,2.0,0.0,1,2,2016-12-03,REG
WPG_STL_2016-12-03,WPG,2016020366,away,3,2.0,0.0,2.0,2.0,0.0,1.0,1,2,2016-12-03,OT
WPG_STL_2016-12-03,STL,2016020366,home,2,1.0,0.0,0.0,1.0,0.0,1.0,0,2,2016-12-03,OT
DET_PIT_2016-12-03,DET,2016020365,away,3,2.0,0.0,3.0,1.0,2.0,1.0,0,2,2016-12-03,REG
DET_PIT_2016-12-03,PIT,2016020365,home,5,1.0,0.0,1.0,2.0,0.0,0.0,1,2,2016-12-03,REG
CBJ_ARI_2016-12-03,CBJ,2016020368,away,3,1.0,0.0,6.0,4.0,2.0,1.0,1,2,2016-12-03,SO
CBJ_ARI_2016-12-03,ARI,2016020368,home,2,7.0,0.0,2.0,1.0,0.0,1.0,0,2,2016-12-03,SO
DAL_COL_2016-12-03,DAL,2016020369,away,3,1.0,0.0,5.0,1.0,0.0,0.0,1,2,2016-12-03,REG
DAL_COL_2016-12-03,COL,2016020369,home,0,2.0,0.0,1.0,1.0,1.0,1.0,0,2,2016-12-03,REG
ANA_EDM_2016-12-03,ANA,2016020370,away,2,2.0,0.0,5.0,2.0,2.0,1.0,0,2,2016-12-03,OT
ANA_EDM_2016-12-03,EDM,2016020370,home,3,1.0,0.0,1.0,1.0,1.0,4.0,1,2,2016-12-03,OT
MTL_LAK_2016-12-04,MTL,2016020377,away,5,4.0,0.0,2.0,2.0,0.0,0.0,1,2,2016-12-04,SO
MTL_LAK_2016-12-04,LAK,2016020377,home,4,6.0,0.0,3.0,1.0,3.0,1.0,0,2,2016-12-04,SO
TBL_CAR_2016-12-04,TBL,2016020371,away,0,2.0,0.0,1.0,4.0,0.0,2.0,0,2,2016-12-04,OT
TBL_CAR_2016-12-04,CAR,2016020371,home,1,0.0,0.0,3.0,1.0,2.0,0.0,1,2,2016-12-04,OT
PHI_NSH_2016-12-04,PHI,2016020373,away,4,3.0,0.0,2.0,4.0,0.0,0.0,1,2,2016-12-04,REG
PHI_NSH_2016-12-04,NSH,2016020373,home,2,2.0,0.0,6.0,0.0,0.0,1.0,0,2,2016-12-04,REG
DET_NYI_2016-12-04,DET,2016020372,away,4,2.0,0.0,1.0,1.0,1.0,0.0,1,2,2016-12-04,OT
DET_NYI_2016-12-04,NYI,2016020372,home,3,2.0,0.0,6.0,0.0,0.0,1.0,0,2,2016-12-04,OT
WPG_CHI_2016-12-04,WPG,2016020374,away,2,4.0,0.0,3.0,1.0,0.0,1.0,1,2,2016-12-04,REG
WPG_CHI_2016-12-04,CHI,2016020374,home,1,5.0,0.0,4.0,1.0,3.0,0.0,0,2,2016-12-04,REG
ANA_CGY_2016-12-04,ANA,2016020375,away,3,2.0,0.0,3.0,0.0,0.0,1.0,0,2,2016-12-04,REG
ANA_CGY_2016-12-04,CGY,2016020375,home,8,0.0,0.0,2.0,0.0,2.0,1.0,1,2,2016-12-04,REG
MIN_EDM_2016-12-04,MIN,2016020376,away,2,0.0,0.0,8.0,3.0,0.0,0.0,1,2,2016-12-04,OT
MIN_EDM_2016-12-04,EDM,2016020376,home,1,2.0,0.0,0.0,1.0,2.0,2.0,0,2,2016-12-04,OT
FLA_BOS_2016-12-05,FLA,2016020378,away,3,4.0,0.0,3.0,1.0,2.0,1.0,0,2,2016-12-05,OT
FLA_BOS_2016-12-05,BOS,2016020378,home,4,2.0,0.0,4.0,0.0,0.0,0.0,1,2,2016-12-05,OT
OTT_PIT_2016-12-05,OTT,2016020379,away,5,4.0,1.0,8.0,4.0,1.0,1.0,0,2,2016-12-05,REG
OTT_PIT_2016-12-05,PIT,2016020379,home,8,3.0,0.0,1.0,2.0,0.0,0.0,1,2,2016-12-05,REG
BUF_WSH_2016-12-05,BUF,2016020380,away,2,4.0,0.0,4.0,3.0,0.0,1.0,0,2,2016-12-05,OT
BUF_WSH_2016-12-05,WSH,2016020380,home,3,5.0,0.0,3.0,3.0,0.0,0.0,1,2,2016-12-05,OT
ARI_CBJ_2016-12-05,ARI,2016020381,away,1,5.0,1.0,5.0,2.0,3.0,0.0,0,2,2016-12-05,REG
ARI_CBJ_2016-12-05,CBJ,2016020381,home,4,2.0,0.0,1.0,3.0,1.0,0.0,1,2,2016-12-05,REG
VAN_NJD_2016-12-06,VAN,2016020383,away,2,7.0,0.0,4.0,1.0,1.0,2.0,0,2,2016-12-06,REG
VAN_NJD_2016-12-06,NJD,2016020383,home,3,0.0,0.0,1.0,2.0,0.0,0.0,1,2,2016-12-06,REG
NYR_NYI_2016-12-06,NYR,2016020384,away,2,6.0,0.0,3.0,1.0,1.0,1.0,0,2,2016-12-06,REG
NYR_NYI_2016-12-06,NYI,2016020384,home,4,3.0,0.0,5.0,5.0,0.0,0.0,1,2,2016-12-06,REG
EDM_BUF_2016-12-06,EDM,2016020382,away,3,0.0,1.0,7.0,0.0,1.0,0.0,0,2,2016-12-06,OT
EDM_BUF_2016-12-06,BUF,2016020382,home,4,4.0,1.0,5.0,1.0,1.0,0.0,1,2,2016-12-06,OT
FLA_PHI_2016-12-06,FLA,2016020385,away,2,2.0,0.0,6.0,3.0,2.0,0.0,0,2,2016-12-06,OT
FLA_PHI_2016-12-06,PHI,2016020385,home,3,6.0,0.0,3.0,3.0,3.0,1.0,1,2,2016-12-06,OT
MTL_STL_2016-12-06,MTL,2016020386,away,2,1.0,0.0,3.0,3.0,0.0,1.0,0,2,2016-12-06,OT
MTL_STL_2016-12-06,STL,2016020386,home,3,2.0,0.0,1.0,0.0,0.0,0.0,1,2,2016-12-06,OT
DET_WPG_2016-12-06,DET,2016020388,away,4,1.0,0.0,2.0,1.0,1.0,0.0,1,2,2016-12-06,SO
DET_WPG_2016-12-06,WPG,2016020388,home,3,2.0,0.0,2.0,1.0,1.0,0.0,0,2,2016-12-06,SO
COL_NSH_2016-12-06,COL,2016020387,away,3,2.0,0.0,4.0,3.0,1.0,1.0,0,2,2016-12-06,REG
COL_NSH_2016-12-06,NSH,2016020387,home,4,1.0,0.0,2.0,2.0,2.0,2.0,1,2,2016-12-06,REG
CGY_DAL_2016-12-06,CGY,2016020390,away,2,3.0,0.0,1.0,3.0,1.0,0.0,1,2,2016-12-06,REG
CGY_DAL_2016-12-06,DAL,2016020390,home,1,4.0,0.0,4.0,1.0,0.0,1.0,0,2,2016-12-06,REG
ARI_CHI_2016-12-06,ARI,2016020389,away,0,6.0,0.0,2.0,0.0,0.0,1.0,0,2,2016-12-06,REG
ARI_CHI_2016-12-06,CHI,2016020389,home,4,0.0,0.0,3.0,1.0,1.0,1.0,1,2,2016-12-06,REG
MIN_TOR_2016-12-07,MIN,2016020391,away,3,4.0,0.0,2.0,5.0,4.0,3.0,1,2,2016-12-07,REG
MIN_TOR_2016-12-07,TOR,2016020391,home,2,2.0,0.0,2.0,1.0,1.0,1.0,0,2,2016-12-07,REG
BOS_WSH_2016-12-07,BOS,2016020392,away,3,5.0,1.0,3.0,0.0,2.0,0.0,0,2,2016-12-07,OT
BOS_WSH_2016-12-07,WSH,2016020392,home,4,1.0,0.0,3.0,1.0,0.0,0.0,1,2,2016-12-07,OT
OTT_SJS_2016-12-07,OTT,2016020394,away,4,1.0,0.0,4.0,4.0,1.0,0.0,1,2,2016-12-07,REG
OTT_SJS_2016-12-07,SJS,2016020394,home,2,9.0,0.0,9.0,2.0,3.0,0.0,0,2,2016-12-07,REG
CAR_ANA_2016-12-07,CAR,2016020393,away,5,1.0,0.0,1.0,2.0,1.0,0.0,0,2,2016-12-07,SO
CAR_ANA_2016-12-07,ANA,2016020393,home,6,4.0,0.0,2.0,1.0,2.0,2.0,1,2,2016-12-07,SO
STL_NYI_2016-12-08,STL,2016020396,away,2,2.0,0.0,0.0,4.0,1.0,0.0,0,2,2016-12-08,REG
STL_NYI_2016-12-08,NYI,2016020396,home,3,1.0,0.0,2.0,2.0,0.0,3.0,1,2,2016-12-08,REG
COL_BOS_2016-12-08,COL,2016020395,away,4,1.0,0.0,2.0,2.0,2.0,2.0,1,2,2016-12-08,REG
COL_BOS_2016-12-08,BOS,2016020395,home,2,2.0,0.0,6.0,2.0,0.0,1.0,0,2,2016-12-08,REG
EDM_PHI_2016-12-08,EDM,2016020397,away,5,1.0,0.0,4.0,1.0,3.0,0.0,0,2,2016-12-08,REG
EDM_PHI_2016-12-08,PHI,2016020397,home,6,2.0,0.0,6.0,3.0,0.0,0.0,1,2,2016-12-08,REG
PIT_FLA_2016-12-08,PIT,2016020400,away,5,0.0,0.0,1.0,4.0,1.0,1.0,1,2,2016-12-08,REG
PIT_FLA_2016-12-08,FLA,2016020400,home,1,3.0,0.0,5.0,1.0,0.0,2.0,0,2,2016-12-08,REG
NJD_MTL_2016-12-08,NJD,2016020398,away,2,3.0,0.0,0.0,4.0,2.0,0.0,0,2,2016-12-08,REG
NJD_MTL_2016-12-08,MTL,2016020398,home,5,1.0,0.0,7.0,2.0,3.0,0.0,1,2,2016-12-08,REG
VAN_TBL_2016-12-08,VAN,2016020399,away,5,2.0,0.0,5.0,4.0,0.0,0.0,1,2,2016-12-08,REG
VAN_TBL_2016-12-08,TBL,2016020399,home,1,2.0,0.0,6.0,0.0,1.0,0.0,0,2,2016-12-08,REG
NYR_WPG_2016-12-08,NYR,2016020401,away,2,1.0,0.0,1.0,3.0,0.0,0.0,1,2,2016-12-08,REG
NYR_WPG_2016-12-08,WPG,2016020401,home,1,1.0,0.0,2.0,0.0,1.0,0.0,0,2,2016-12-08,REG
NSH_DAL_2016-12-08,NSH,2016020402,away,2,0.0,0.0,7.0,0.0,1.0,0.0,0,2,2016-12-08,REG
NSH_DAL_2016-12-08,DAL,2016020402,home,5,3.0,0.0,3.0,2.0,1.0,0.0,1,2,2016-12-08,REG
CGY_ARI_2016-12-08,CGY,2016020403,away,2,2.0,0.0,3.0,1.0,0.0,1.0,1,2,2016-12-08,OT
CGY_ARI_2016-12-08,ARI,2016020403,home,1,3.0,0.0,4.0,1.0,1.0,3.0,0,2,2016-12-08,OT
CAR_LAK_2016-12-08,CAR,2016020404,away,3,0.0,0.0,1.0,3.0,0.0,0.0,1,2,2016-12-08,REG
CAR_LAK_2016-12-08,LAK,2016020404,home,1,2.0,0.0,1.0,2.0,2.0,0.0,0,2,2016-12-08,REG
WSH_BUF_2016-12-09,WSH,2016020405,away,4,5.0,0.0,6.0,2.0,1.0,1.0,1,2,2016-12-09,REG
WSH_BUF_2016-12-09,BUF,2016020405,home,1,3.0,0.0,5.0,1.0,1.0,0.0,0,2,2016-12-09,REG
CBJ_DET_2016-12-09,CBJ,2016020406,away,4,0.0,0.0,3.0,5.0,2.0,1.0,1,2,2016-12-09,REG
CBJ_DET_2016-12-09,DET,2016020406,home,1,5.0,0.0,1.0,0.0,0.0,1.0,0,2,2016-12-09,REG
STL_NJD_2016-12-09,STL,2016020407,away,4,2.0,0.0,3.0,2.0,0.0,1.0,1,2,2016-12-09,REG
STL_NJD_2016-12-09,NJD,2016020407,home,1,0.0,0.0,4.0,0.0,0.0,0.0,0,2,2016-12-09,REG
EDM_MIN_2016-12-09,EDM,2016020408,away,2,0.0,0.0,2.0,8.0,0.0,1.0,0,2,2016-12-09,SO
EDM_MIN_2016-12-09,MIN,2016020408,home,3,4.0,0.0,7.0,7.0,0.0,0.0,1,2,2016-12-09,SO
NYR_CHI_2016-12-09,NYR,2016020409,away,1,3.0,0.0,5.0,4.0,3.0,0.0,1,2,2016-12-09,OT
NYR_CHI_2016-12-09,CHI,2016020409,home,0,0.0,0.0,4.0,4.0,0.0,0.0,0,2,2016-12-09,OT
SJS_ANA_2016-12-09,SJS,2016020410,away,2,7.0,0.0,2.0,0.0,1.0,0.0,0,2,2016-12-09,REG
SJS_ANA_2016-12-09,ANA,2016020410,home,3,5.0,0.0,1.0,4.0,3.0,0.0,1,2,2016-12-09,REG
DAL_PHI_2016-12-10,DAL,2016020411,away,2,2.0,0.0,0.0,3.0,1.0,0.0,0,2,2016-12-10,REG
DAL_PHI_2016-12-10,PHI,2016020411,home,4,5.0,3.0,7.0,0.0,3.0,1.0,1,2,2016-12-10,REG
OTT_LAK_2016-12-10,OTT,2016020412,away,1,3.0,0.0,2.0,2.0,1.0,0.0,0,2,2016-12-10,REG
OTT_LAK_2016-12-10,LAK,2016020412,home,4,4.0,0.0,0.0,2.0,1.0,1.0,1,2,2016-12-10,REG
VAN_FLA_2016-12-10,VAN,2016020416,away,2,2.0,0.0,2.0,2.0,0.0,0.0,0,2,2016-12-10,REG
VAN_FLA_2016-12-10,FLA,2016020416,home,4,2.0,0.0,2.0,1.0,0.0,1.0,1,2,2016-12-10,REG
COL_MTL_2016-12-10,COL,2016020414,away,1,3.0,0.0,5.0,2.0,2.0,0.0,0,2,2016-12-10,REG
COL_MTL_2016-12-10,MTL,2016020414,home,10,0.0,0.0,4.0,4.0,0.0,2.0,1,2,2016-12-10,REG
PIT_TBL_2016-12-10,PIT,2016020415,away,4,2.0,0.0,6.0,2.0,2.0,0.0,1,2,2016-12-10,REG
PIT_TBL_2016-12-10,TBL,2016020415,home,3,1.0,0.0,3.0,1.0,0.0,0.0,0,2,2016-12-10,REG
NYI_CBJ_2016-12-10,NYI,2016020417,away,2,3.0,0.0,3.0,3.0,0.0,0.0,0,2,2016-12-10,REG
NYI_CBJ_2016-12-10,CBJ,2016020417,home,6,1.0,0.0,3.0,2.0,0.0,0.0,1,2,2016-12-10,REG
TOR_BOS_2016-12-10,TOR,2016020413,away,4,3.0,0.0,1.0,6.0,1.0,2.0,1,2,2016-12-10,REG
TOR_BOS_2016-12-10,BOS,2016020413,home,1,1.0,0.0,2.0,0.0,1.0,0.0,0,2,2016-12-10,REG
NSH_ARI_2016-12-10,NSH,2016020418,away,1,3.0,0.0,7.0,0.0,0.0,0.0,0,2,2016-12-10,REG
NSH_ARI_2016-12-10,ARI,2016020418,home,4,4.0,0.0,5.0,2.0,1.0,0.0,1,2,2016-12-10,REG
WPG_CGY_2016-12-10,WPG,2016020419,away,2,0.0,0.0,5.0,1.0,1.0,2.0,0,2,2016-12-10,REG
WPG_CGY_2016-12-10,CGY,2016020419,home,6,0.0,1.0,6.0,1.0,1.0,2.0,1,2,2016-12-10,REG
CAR_SJS_2016-12-10,CAR,2016020420,away,3,1.0,0.0,0.0,0.0,1.0,2.0,0,2,2016-12-10,REG
CAR_SJS_2016-12-10,SJS,2016020420,home,4,6.0,0.0,2.0,3.0,2.0,1.0,1,2,2016-12-10,REG
OTT_ANA_2016-12-11,OTT,2016020421,away,1,6.0,0.0,3.0,2.0,3.0,1.0,0,2,2016-12-11,REG
OTT_ANA_2016-12-11,ANA,2016020421,home,5,1.0,0.0,5.0,2.0,1.0,0.0,1,2,2016-12-11,REG
PHI_DET_2016-12-11,PHI,2016020422,away,1,6.0,0.0,6.0,2.0,0.0,0.0,1,2,2016-12-11,OT
PHI_DET_2016-12-11,DET,2016020422,home,0,3.0,0.0,4.0,0.0,1.0,0.0,0,2,2016-12-11,OT
VAN_WSH_2016-12-11,VAN,2016020423,away,0,2.0,0.0,5.0,1.0,0.0,2.0,0,2,2016-12-11,REG
VAN_WSH_2016-12-11,WSH,2016020423,home,3,0.0,1.0,7.0,1.0,1.0,0.0,1,2,2016-12-11,REG
STL_MIN_2016-12-11,STL,2016020424,away,1,1.0,0.0,1.0,2.0,0.0,2.0,0,2,2016-12-11,REG
STL_MIN_2016-12-11,MIN,2016020424,home,3,6.0,0.0,0.0,5.0,0.0,0.0,1,2,2016-12-11,REG
DAL_CHI_2016-12-11,DAL,2016020427,away,1,1.0,0.0,3.0,0.0,0.0,0.0,0,2,2016-12-11,REG
DAL_CHI_2016-12-11,CHI,2016020427,home,3,3.0,0.0,3.0,3.0,0.0,0.0,1,2,2016-12-11,REG
COL_TOR_2016-12-11,COL,2016020425,away,3,3.0,0.0,6.0,1.0,0.0,0.0,1,2,2016-12-11,REG
COL_TOR_2016-12-11,TOR,2016020425,home,1,4.0,0.0,4.0,3.0,0.0,1.0,0,2,2016-12-11,REG
NJD_NYR_2016-12-11,NJD,2016020426,away,0,1.0,0.0,1.0,3.0,1.0,0.0,0,2,2016-12-11,REG
NJD_NYR_2016-12-11,NYR,2016020426,home,5,0.0,0.0,1.0,6.0,1.0,1.0,1,2,2016-12-11,REG
WPG_EDM_2016-12-11,WPG,2016020428,away,2,3.0,0.0,3.0,3.0,2.0,1.0,0,2,2016-12-11,REG
WPG_EDM_2016-12-11,EDM,2016020428,home,3,0.0,0.0,3.0,1.0,5.0,0.0,1,2,2016-12-11,REG
ARI_PIT_2016-12-12,ARI,2016020429,away,0,2.0,0.0,4.0,1.0,0.0,2.0,0,2,2016-12-12,REG
ARI_PIT_2016-12-12,PIT,2016020429,home,7,4.0,0.0,1.0,4.0,2.0,1.0,1,2,2016-12-12,REG
BOS_MTL_2016-12-12,BOS,2016020430,away,2,3.0,0.0,4.0,6.0,2.0,0.0,1,2,2016-12-12,OT
BOS_MTL_2016-12-12,MTL,2016020430,home,1,4.0,0.0,3.0,1.0,1.0,3.0,0,2,2016-12-12,OT
VAN_CAR_2016-12-13,VAN,2016020434,away,6,3.0,0.0,3.0,3.0,0.0,1.0,0,2,2016-12-13,REG
VAN_CAR_2016-12-13,CAR,2016020434,home,8,2.0,0.0,6.0,1.0,2.0,2.0,1,2,2016-12-13,REG
CHI_NYR_2016-12-13,CHI,2016020433,away,2,3.0,0.0,2.0,0.0,2.0,2.0,1,2,2016-12-13,REG
CHI_NYR_2016-12-13,NYR,2016020433,home,1,1.0,0.0,3.0,0.0,1.0,0.0,0,2,2016-12-13,REG
WSH_NYI_2016-12-13,WSH,2016020432,away,4,6.0,1.0,8.0,1.0,0.0,2.0,1,2,2016-12-13,REG
WSH_NYI_2016-12-13,NYI,2016020432,home,2,1.0,0.0,4.0,2.0,1.0,5.0,0,2,2016-12-13,REG
LAK_BUF_2016-12-13,LAK,2016020431,away,3,4.0,0.0,1.0,0.0,2.0,0.0,0,2,2016-12-13,REG
LAK_BUF_2016-12-13,BUF,2016020431,home,6,4.0,0.0,3.0,3.0,0.0,0.0,1,2,2016-12-13,REG
ARI_DET_2016-12-13,ARI,2016020436,away,4,2.0,0.0,3.0,1.0,0.0,0.0,1,2,2016-12-13,REG
ARI_DET_2016-12-13,DET,2016020436,home,1,3.0,0.0,6.0,3.0,2.0,0.0,0,2,2016-12-13,REG
SJS_TOR_2016-12-13,SJS,2016020435,away,3,4.0,1.0,6.0,3.0,0.0,1.0,1,2,2016-12-13,SO
SJS_TOR_2016-12-13,TOR,2016020435,home,2,4.0,0.0,4.0,5.0,4.0,1.0,0,2,2016-12-13,SO
FLA_MIN_2016-12-13,FLA,2016020438,away,1,1.0,0.0,6.0,3.0,0.0,0.0,0,2,2016-12-13,REG
FLA_MIN_2016-12-13,MIN,2016020438,home,5,3.0,0.0,2.0,3.0,0.0,0.0,1,2,2016-12-13,REG
STL_NSH_2016-12-13,STL,2016020437,away,3,2.0,0.0,1.0,4.0,2.0,0.0,0,2,2016-12-13,REG
STL_NSH_2016-12-13,NSH,2016020437,home,6,0.0,0.0,7.0,1.0,3.0,2.0,1,2,2016-12-13,REG
ANA_DAL_2016-12-13,ANA,2016020439,away,2,2.0,0.0,1.0,3.0,0.0,0.0,0,2,2016-12-13,REG
ANA_DAL_2016-12-13,DAL,2016020439,home,6,3.0,1.0,4.0,2.0,3.0,0.0,1,2,2016-12-13,REG
CBJ_EDM_2016-12-13,CBJ,2016020440,away,3,2.0,0.0,3.0,2.0,2.0,2.0,1,2,2016-12-13,REG
CBJ_EDM_2016-12-13,EDM,2016020440,home,1,2.0,0.0,6.0,2.0,1.0,0.0,0,2,2016-12-13,REG
SJS_OTT_2016-12-14,SJS,2016020441,away,4,6.0,0.0,6.0,3.0,5.0,1.0,1,2,2016-12-14,SO
SJS_OTT_2016-12-14,OTT,2016020441,home,3,1.0,1.0,7.0,4.0,1.0,0.0,0,2,2016-12-14,SO
BOS_PIT_2016-12-14,BOS,2016020442,away,3,3.0,0.0,1.0,2.0,0.0,0.0,0,2,2016-12-14,OT
BOS_PIT_2016-12-14,PIT,2016020442,home,4,0.0,0.0,1.0,1.0,0.0,1.0,1,2,2016-12-14,OT
TBL_CGY_2016-12-14,TBL,2016020443,away,6,0.0,0.0,3.0,0.0,0.0,0.0,1,2,2016-12-14,REG
TBL_CGY_2016-12-14,CGY,2016020443,home,3,0.0,0.0,3.0,0.0,3.0,2.0,0,2,2016-12-14,REG
PHI_COL_2016-12-14,PHI,2016020444,away,4,3.0,0.0,1.0,3.0,0.0,0.0,1,2,2016-12-14,REG
PHI_COL_2016-12-14,COL,2016020444,home,3,1.0,0.0,4.0,0.0,3.0,1.0,0,2,2016-12-14,REG
ANA_BOS_2016-12-15,ANA,2016020445,away,4,5.0,0.0,2.0,3.0,0.0,0.0,1,2,2016-12-15,REG
ANA_BOS_2016-12-15,BOS,2016020445,home,3,1.0,0.0,1.0,0.0,1.0,1.0,0,2,2016-12-15,REG
CHI_NYI_2016-12-15,CHI,2016020446,away,5,2.0,0.0,4.0,1.0,1.0,1.0,1,2,2016-12-15,REG
CHI_NYI_2016-12-15,NYI,2016020446,home,4,1.0,0.0,3.0,0.0,1.0,1.0,0,2,2016-12-15,REG
LAK_DET_2016-12-15,LAK,2016020448,away,4,4.0,0.0,5.0,2.0,1.0,0.0,1,2,2016-12-15,REG
LAK_DET_2016-12-15,DET,2016020448,home,1,2.0,0.0,4.0,1.0,4.0,2.0,0,2,2016-12-15,REG
ARI_TOR_2016-12-15,ARI,2016020447,away,3,4.0,0.0,5.0,6.0,1.0,2.0,1,2,2016-12-15,SO
ARI_TOR_2016-12-15,TOR,2016020447,home,2,1.0,0.0,7.0,1.0,0.0,1.0,0,2,2016-12-15,SO
FLA_WPG_2016-12-15,FLA,2016020451,away,3,1.0,0.0,4.0,0.0,1.0,0.0,0,2,2016-12-15,SO
FLA_WPG_2016-12-15,WPG,2016020451,home,4,0.0,0.0,0.0,1.0,0.0,0.0,1,2,2016-12-15,SO
NJD_STL_2016-12-15,NJD,2016020449,away,2,3.0,0.0,4.0,2.0,0.0,0.0,0,2,2016-12-15,REG
NJD_STL_2016-12-15,STL,2016020449,home,5,3.0,0.0,3.0,0.0,1.0,0.0,1,2,2016-12-15,REG
MIN_NSH_2016-12-15,MIN,2016020450,away,5,1.0,0.0,2.0,0.0,1.0,0.0,1,2,2016-12-15,REG
MIN_NSH_2016-12-15,NSH,2016020450,home,2,2.0,0.0,7.0,2.0,1.0,2.0,0,2,2016-12-15,REG
NYR_DAL_2016-12-15,NYR,2016020452,away,2,3.0,0.0,1.0,4.0,0.0,0.0,1,2,2016-12-15,REG
NYR_DAL_2016-12-15,DAL,2016020452,home,0,2.0,0.0,1.0,4.0,4.0,0.0,0,2,2016-12-15,REG
NYI_BUF_2016-12-16,NYI,2016020453,away,2,3.0,1.0,5.0,1.0,1.0,1.0,0,2,2016-12-16,OT
NYI_BUF_2016-12-16,BUF,2016020453,home,3,3.0,0.0,6.0,1.0,0.0,2.0,1,2,2016-12-16,OT
LAK_PIT_2016-12-16,LAK,2016020454,away,1,7.0,0.0,4.0,3.0,1.0,0.0,1,2,2016-12-16,OT
LAK_PIT_2016-12-16,PIT,2016020454,home,0,5.0,0.0,2.0,1.0,1.0,1.0,0,2,2016-12-16,OT
WSH_CAR_2016-12-16,WSH,2016020456,away,4,4.0,1.0,7.0,1.0,1.0,0.0,1,2,2016-12-16,SO
WSH_CAR_2016-12-16,CAR,2016020456,home,3,2.0,0.0,1.0,3.0,4.0,2.0,0,2,2016-12-16,SO
SJS_MTL_2016-12-16,SJS,2016020455,away,4,3.0,0.0,5.0,3.0,1.0,0.0,1,2,2016-12-16,REG
SJS_MTL_2016-12-16,MTL,2016020455,home,2,2.0,0.0,8.0,0.0,0.0,0.0,0,2,2016-12-16,REG
CBJ_CGY_2016-12-16,CBJ,2016020458,away,4,2.0,0.0,5.0,6.0,1.0,1.0,1,2,2016-12-16,REG
CBJ_CGY_2016-12-16,CGY,2016020458,home,1,0.0,0.0,2.0,1.0,3.0,0.0,0,2,2016-12-16,REG
FLA_COL_2016-12-16,FLA,2016020457,away,3,0.0,0.0,1.0,0.0,0.0,2.0,1,2,2016-12-16,REG
FLA_COL_2016-12-16,COL,2016020457,home,1,1.0,0.0,7.0,1.0,0.0,1.0,0,2,2016-12-16,REG
TBL_VAN_2016-12-16,TBL,2016020459,away,2,1.0,0.0,0.0,3.0,2.0,0.0,0,2,2016-12-16,REG
TBL_VAN_2016-12-16,VAN,2016020459,home,4,2.0,0.0,1.0,1.0,1.0,1.0,1,2,2016-12-16,REG
PHI_DAL_2016-12-17,PHI,2016020460,away,1,3.0,0.0,5.0,5.0,5.0,0.0,0,2,2016-12-17,REG
PHI_DAL_2016-12-17,DAL,2016020460,home,3,2.0,0.0,1.0,3.0,1.0,0.0,1,2,2016-12-17,REG
ARI_MIN_2016-12-17,ARI,2016020461,away,1,2.0,0.0,5.0,4.0,0.0,0.0,0,2,2016-12-17,REG
ARI_MIN_2016-12-17,MIN,2016020461,home,4,2.0,0.0,1.0,0.0,0.0,1.0,1,2,2016-12-17,REG
PIT_TOR_2016-12-17,PIT,2016020462,away,1,7.0,0.0,2.0,6.0,1.0,1.0,0,2,2016-12-17,OT
PIT_TOR_2016-12-17,TOR,2016020462,home,2,5.0,0.0,8.0,2.0,0.0,2.0,1,2,2016-12-17,OT
ANA_DET_2016-12-17,ANA,2016020464,away,4,4.0,0.0,2.0,0.0,0.0,0.0,0,2,2016-12-17,REG
ANA_DET_2016-12-17,DET,2016020464,home,6,4.0,0.0,6.0,1.0,2.0,0.0,1,2,2016-12-17,REG
BUF_CAR_2016-12-17,BUF,2016020466,away,1,5.0,0.0,3.0,1.0,0.0,1.0,0,2,2016-12-17,SO
BUF_CAR_2016-12-17,CAR,2016020466,home,2,3.0,0.0,3.0,1.0,1.0,1.0,1,2,2016-12-17,SO
NJD_OTT_2016-12-17,NJD,2016020463,away,1,2.0,0.0,8.0,0.0,0.0,0.0,0,2,2016-12-17,REG
NJD_OTT_2016-12-17,OTT,2016020463,home,3,4.0,0.0,4.0,4.0,2.0,0.0,1,2,2016-12-17,REG
MTL_WSH_2016-12-17,MTL,2016020465,away,2,1.0,0.0,3.0,5.0,3.0,0.0,1,2,2016-12-17,REG
MTL_WSH_2016-12-17,WSH,2016020465,home,1,8.0,0.0,3.0,1.0,1.0,1.0,0,2,2016-12-17,REG
CHI_STL_2016-12-17,CHI,2016020467,away,6,1.0,0.0,4.0,0.0,0.0,1.0,1,2,2016-12-17,REG
CHI_STL_2016-12-17,STL,2016020467,home,4,2.0,0.0,2.0,3.0,0.0,0.0,0,2,2016-12-17,REG
NYR_NSH_2016-12-17,NYR,2016020468,away,2,2.0,0.0,1.0,2.0,3.0,0.0,1,2,2016-12-17,SO
NYR_NSH_2016-12-17,NSH,2016020468,home,1,5.0,0.0,5.0,6.0,1.0,1.0,0,2,2016-12-17,SO
TBL_EDM_2016-12-17,TBL,2016020469,away,2,0.0,0.0,5.0,3.0,3.0,1.0,0,2,2016-12-17,SO
TBL_EDM_2016-12-17,EDM,2016020469,home,3,1.0,0.0,3.0,2.0,1.0,3.0,1,2,2016-12-17,SO
LAK_BOS_2016-12-18,LAK,2016020470,away,0,3.0,0.0,2.0,2.0,0.0,0.0,0,2,2016-12-18,REG
LAK_BOS_2016-12-18,BOS,2016020470,home,1,4.0,0.0,5.0,3.0,1.0,1.0,1,2,2016-12-18,REG
COL_WPG_2016-12-18,COL,2016020471,away,1,1.0,0.0,4.0,2.0,2.0,0.0,0,2,2016-12-18,REG
COL_WPG_2016-12-18,WPG,2016020471,home,4,0.0,0.0,1.0,0.0,1.0,0.0,1,2,2016-12-18,REG
CBJ_VAN_2016-12-18,CBJ,2016020472,away,4,2.0,0.0,3.0,2.0,1.0,2.0,1,2,2016-12-18,OT
CBJ_VAN_2016-12-18,VAN,2016020472,home,3,0.0,0.0,0.0,1.0,0.0,1.0,0,2,2016-12-18,OT
OTT_NYI_2016-12-18,OTT,2016020473,away,6,1.0,0.0,2.0,5.0,3.0,0.0,1,2,2016-12-18,REG
OTT_NYI_2016-12-18,NYI,2016020473,home,2,3.0,0.0,3.0,0.0,0.0,0.0,0,2,2016-12-18,REG
SJS_CHI_2016-12-18,SJS,2016020474,away,1,4.0,0.0,3.0,2.0,2.0,0.0,0,2,2016-12-18,REG
SJS_CHI_2016-12-18,CHI,2016020474,home,4,2.0,0.0,2.0,3.0,1.0,0.0,1,2,2016-12-18,REG
NJD_NYR_2016-12-18,NJD,2016020475,away,2,3.0,0.0,3.0,3.0,0.0,1.0,0,2,2016-12-18,SO
NJD_NYR_2016-12-18,NYR,2016020475,home,3,3.0,0.0,3.0,4.0,2.0,1.0,1,2,2016-12-18,SO
NSH_PHI_2016-12-19,NSH,2016020476,away,2,7.0,0.0,9.0,2.0,0.0,1.0,1,2,2016-12-19,SO
NSH_PHI_2016-12-19,PHI,2016020476,home,1,9.0,0.0,5.0,7.0,1.0,1.0,0,2,2016-12-19,SO
ANA_TOR_2016-12-19,ANA,2016020478,away,3,1.0,0.0,0.0,1.0,0.0,2.0,1,2,2016-12-19,REG
ANA_TOR_2016-12-19,TOR,2016020478,home,2,1.0,0.0,4.0,2.0,3.0,1.0,0,2,2016-12-19,REG
EDM_STL_2016-12-19,EDM,2016020479,away,3,1.0,0.0,1.0,2.0,2.0,0.0,1,2,2016-12-19,OT
EDM_STL_2016-12-19,STL,2016020479,home,2,0.0,0.0,2.0,0.0,0.0,1.0,0,2,2016-12-19,OT
CGY_ARI_2016-12-19,CGY,2016020480,away,4,1.0,1.0,2.0,1.0,1.0,1.0,1,2,2016-12-19,REG
CGY_ARI_2016-12-19,ARI,2016020480,home,2,5.0,0.0,1.0,1.0,0.0,1.0,0,2,2016-12-19,REG
LAK_CBJ_2016-12-20,LAK,2016020484,away,2,1.0,0.0,3.0,0.0,1.0,1.0,0,2,2016-12-20,SO
LAK_CBJ_2016-12-20,CBJ,2016020484,home,3,0.0,0.0,5.0,2.0,2.0,2.0,1,2,2016-12-20,SO
NYR_PIT_2016-12-20,NYR,2016020483,away,2,3.0,0.0,0.0,2.0,1.0,0.0,0,2,2016-12-20,REG
NYR_PIT_2016-12-20,PIT,2016020483,home,7,0.0,0.0,2.0,2.0,0.0,0.0,1,2,2016-12-20,REG
NSH_NJD_2016-12-20,NSH,2016020482,away,5,2.0,1.0,3.0,0.0,0.0,1.0,1,2,2016-12-20,REG
NSH_NJD_2016-12-20,NJD,2016020482,home,1,4.0,0.0,3.0,0.0,1.0,0.0,0,2,2016-12-20,REG
NYI_BOS_2016-12-20,NYI,2016020481,away,4,0.0,0.0,2.0,6.0,2.0,0.0,1,2,2016-12-20,REG
NYI_BOS_2016-12-20,BOS,2016020481,home,2,2.0,0.0,10.0,1.0,0.0,0.0,0,2,2016-12-20,REG
DET_TBL_2016-12-20,DET,2016020486,away,1,1.0,0.0,5.0,0.0,0.0,1.0,0,2,2016-12-20,REG
DET_TBL_2016-12-20,TBL,2016020486,home,4,2.0,0.0,2.0,0.0,1.0,0.0,1,2,2016-12-20,REG
BUF_FLA_2016-12-20,BUF,2016020487,away,3,3.0,0.0,6.0,3.0,0.0,2.0,0,2,2016-12-20,SO
BUF_FLA_2016-12-20,FLA,2016020487,home,4,1.0,1.0,7.0,1.0,1.0,2.0,1,2,2016-12-20,SO
ANA_MTL_2016-12-20,ANA,2016020485,away,1,4.0,0.0,4.0,0.0,2.0,0.0,0,2,2016-12-20,REG
ANA_MTL_2016-12-20,MTL,2016020485,home,5,1.0,0.0,3.0,0.0,1.0,3.0,1,2,2016-12-20,REG
COL_MIN_2016-12-20,COL,2016020488,away,0,2.0,0.0,2.0,2.0,0.0,2.0,0,2,2016-12-20,REG
COL_MIN_2016-12-20,MIN,2016020488,home,2,2.0,1.0,4.0,3.0,0.0,0.0,1,2,2016-12-20,REG
STL_DAL_2016-12-20,STL,2016020490,away,3,0.0,0.0,0.0,5.0,2.0,0.0,1,2,2016-12-20,OT
STL_DAL_2016-12-20,DAL,2016020490,home,2,3.0,0.0,5.0,1.0,0.0,0.0,0,2,2016-12-20,OT
OTT_CHI_2016-12-20,OTT,2016020489,away,4,2.0,1.0,3.0,1.0,1.0,0.0,1,2,2016-12-20,REG
OTT_CHI_2016-12-20,CHI,2016020489,home,3,2.0,0.0,3.0,1.0,2.0,0.0,0,2,2016-12-20,REG
WPG_VAN_2016-12-20,WPG,2016020491,away,1,1.0,0.0,4.0,1.0,1.0,0.0,0,2,2016-12-20,REG
WPG_VAN_2016-12-20,VAN,2016020491,home,4,2.0,0.0,3.0,1.0,2.0,0.0,1,2,2016-12-20,REG
CGY_SJS_2016-12-20,CGY,2016020492,away,1,1.0,0.0,0.0,1.0,0.0,0.0,0,2,2016-12-20,REG
CGY_SJS_2016-12-20,SJS,2016020492,home,4,3.0,0.0,4.0,2.0,1.0,1.0,1,2,2016-12-20,REG
WSH_PHI_2016-12-21,WSH,2016020493,away,2,8.0,0.0,5.0,3.0,0.0,0.0,0,2,2016-12-21,SO
WSH_PHI_2016-12-21,PHI,2016020493,home,3,6.0,0.0,3.0,4.0,3.0,0.0,1,2,2016-12-21,SO
EDM_ARI_2016-12-21,EDM,2016020494,away,3,0.0,0.0,4.0,1.0,1.0,1.0,1,2,2016-12-21,REG
EDM_ARI_2016-12-21,ARI,2016020494,home,2,5.0,0.0,7.0,1.0,0.0,0.0,0,2,2016-12-21,REG
CAR_BUF_2016-12-22,CAR,2016020495,away,3,0.0,0.0,5.0,0.0,0.0,0.0,1,2,2016-12-22,REG
CAR_BUF_2016-12-22,BUF,2016020495,home,1,2.0,0.0,6.0,0.0,0.0,0.0,0,2,2016-12-22,REG
PHI_NJD_2016-12-22,PHI,2016020496,away,0,7.0,0.0,0.0,1.0,2.0,0.0,0,2,2016-12-22,REG
PHI_NJD_2016-12-22,NJD,2016020496,home,4,3.0,0.0,2.0,1.0,1.0,0.0,1,2,2016-12-22,REG
PIT_CBJ_2016-12-22,PIT,2016020497,away,1,2.0,0.0,1.0,2.0,1.0,1.0,0,2,2016-12-22,REG
PIT_CBJ_2016-12-22,CBJ,2016020497,home,7,1.0,0.0,3.0,1.0,0.0,4.0,1,2,2016-12-22,REG
BOS_FLA_2016-12-22,BOS,2016020501,away,3,1.0,0.0,6.0,1.0,1.0,1.0,1,2,2016-12-22,REG
BOS_FLA_2016-12-22,FLA,2016020501,home,1,2.0,0.0,3.0,3.0,3.0,2.0,0,2,2016-12-22,REG
STL_TBL_2016-12-22,STL,2016020500,away,2,4.0,0.0,1.0,2.0,1.0,0.0,0,2,2016-12-22,REG
STL_TBL_2016-12-22,TBL,2016020500,home,5,3.0,0.0,2.0,4.0,2.0,0.0,1,2,2016-12-22,REG
MIN_MTL_2016-12-22,MIN,2016020498,away,4,3.0,0.0,1.0,4.0,0.0,1.0,1,2,2016-12-22,REG
MIN_MTL_2016-12-22,MTL,2016020498,home,2,3.0,0.0,5.0,3.0,2.0,1.0,0,2,2016-12-22,REG
ANA_OTT_2016-12-22,ANA,2016020499,away,1,3.0,0.0,2.0,2.0,2.0,0.0,0,2,2016-12-22,OT
ANA_OTT_2016-12-22,OTT,2016020499,home,2,1.0,0.0,2.0,4.0,1.0,4.0,1,2,2016-12-22,OT
LAK_NSH_2016-12-22,LAK,2016020502,away,4,5.0,0.0,2.0,0.0,1.0,0.0,1,2,2016-12-22,REG
LAK_NSH_2016-12-22,NSH,2016020502,home,0,5.0,0.0,2.0,1.0,3.0,1.0,0,2,2016-12-22,REG
TOR_COL_2016-12-22,TOR,2016020503,away,6,1.0,0.0,4.0,3.0,1.0,2.0,1,2,2016-12-22,REG
TOR_COL_2016-12-22,COL,2016020503,home,0,1.0,0.0,9.0,0.0,0.0,2.0,0,2,2016-12-22,REG
WPG_VAN_2016-12-22,WPG,2016020504,away,4,0.0,0.0,2.0,1.0,0.0,0.0,1,2,2016-12-22,REG
WPG_VAN_2016-12-22,VAN,2016020504,home,1,2.0,0.0,1.0,1.0,1.0,0.0,0,2,2016-12-22,REG
NJD_PIT_2016-12-23,NJD,2016020507,away,1,4.0,0.0,4.0,2.0,2.0,1.0,0,2,2016-12-23,REG
NJD_PIT_2016-12-23,PIT,2016020507,home,4,2.0,0.0,4.0,0.0,1.0,0.0,1,2,2016-12-23,REG
MIN_NYR_2016-12-23,MIN,2016020506,away,7,3.0,0.0,6.0,3.0,0.0,1.0,1,2,2016-12-23,REG
MIN_NYR_2016-12-23,NYR,2016020506,home,4,3.0,0.0,1.0,2.0,4.0,0.0,0,2,2016-12-23,REG
MTL_CBJ_2016-12-23,MTL,2016020509,away,1,3.0,0.0,8.0,3.0,2.0,0.0,0,2,2016-12-23,REG
MTL_CBJ_2016-12-23,CBJ,2016020509,home,2,1.0,0.0,2.0,1.0,0.0,0.0,1,2,2016-12-23,REG
BUF_NYI_2016-12-23,BUF,2016020505,away,1,4.0,0.0,1.0,3.0,1.0,1.0,0,2,2016-12-23,REG
BUF_NYI_2016-12-23,NYI,2016020505,home,5,2.0,0.0,2.0,2.0,2.0,2.0,1,2,2016-12-23,REG
TBL_WSH_2016-12-23,TBL,2016020508,away,0,0.0,0.0,2.0,2.0,2.0,0.0,0,2,2016-12-23,REG
TBL_WSH_2016-12-23,WSH,2016020508,home,4,4.0,0.0,6.0,2.0,2.0,0.0,1,2,2016-12-23,REG
BOS_CAR_2016-12-23,BOS,2016020511,away,2,1.0,0.0,1.0,0.0,0.0,2.0,0,2,2016-12-23,OT
BOS_CAR_2016-12-23,CAR,2016020511,home,3,8.0,0.0,1.0,1.0,1.0,1.0,1,2,2016-12-23,OT
DET_FLA_2016-12-23,DET,2016020510,away,4,3.0,0.0,3.0,0.0,1.0,0.0,1,2,2016-12-23,SO
DET_FLA_2016-12-23,FLA,2016020510,home,3,3.0,0.0,5.0,4.0,4.0,2.0,0,2,2016-12-23,SO
LAK_DAL_2016-12-23,LAK,2016020513,away,2,6.0,0.0,5.0,0.0,2.0,1.0,0,2,2016-12-23,OT
LAK_DAL_2016-12-23,DAL,2016020513,home,3,3.0,0.0,2.0,2.0,1.0,0.0,1,2,2016-12-23,OT
COL_CHI_2016-12-23,COL,2016020512,away,2,4.0,0.0,3.0,2.0,1.0,2.0,1,2,2016-12-23,OT
COL_CHI_2016-12-23,CHI,2016020512,home,1,2.0,0.0,3.0,1.0,1.0,0.0,0,2,2016-12-23,OT
VAN_CGY_2016-12-23,VAN,2016020514,away,1,2.0,0.0,1.0,0.0,0.0,1.0,0,2,2016-12-23,REG
VAN_CGY_2016-12-23,CGY,2016020514,home,4,0.0,1.0,6.0,1.0,2.0,0.0,1,2,2016-12-23,REG
TOR_ARI_2016-12-23,TOR,2016020515,away,4,2.0,0.0,3.0,2.0,0.0,0.0,1,2,2016-12-23,REG
TOR_ARI_2016-12-23,ARI,2016020515,home,1,4.0,0.0,7.0,1.0,0.0,1.0,0,2,2016-12-23,REG
EDM_SJS_2016-12-23,EDM,2016020516,away,2,0.0,0.0,3.0,3.0,2.0,1.0,0,2,2016-12-23,OT
EDM_SJS_2016-12-23,SJS,2016020516,home,3,4.0,1.0,5.0,4.0,0.0,2.0,1,2,2016-12-23,OT
BOS_CBJ_2016-12-27,BOS,2016020520,away,3,2.0,0.0,1.0,0.0,0.0,2.0,0,2,2016-12-27,REG
BOS_CBJ_2016-12-27,CBJ,2016020520,home,4,1.0,0.0,2.0,3.0,2.0,3.0,1,2,2016-12-27,REG
PIT_NJD_2016-12-27,PIT,2016020517,away,5,0.0,0.0,2.0,1.0,0.0,0.0,1,2,2016-12-27,REG
PIT_NJD_2016-12-27,NJD,2016020517,home,2,2.0,0.0,2.0,0.0,2.0,1.0,0,2,2016-12-27,REG
OTT_NYR_2016-12-27,OTT,2016020519,away,3,1.0,0.0,3.0,3.0,3.0,1.0,0,2,2016-12-27,REG
OTT_NYR_2016-12-27,NYR,2016020519,home,4,1.0,0.0,3.0,4.0,1.0,0.0,1,2,2016-12-27,REG
WSH_NYI_2016-12-27,WSH,2016020518,away,3,2.0,0.0,10.0,1.0,1.0,2.0,0,2,2016-12-27,REG
WSH_NYI_2016-12-27,NYI,2016020518,home,4,0.0,0.0,0.0,1.0,1.0,2.0,1,2,2016-12-27,REG
BUF_DET_2016-12-27,BUF,2016020521,away,4,4.0,0.0,4.0,3.0,0.0,1.0,1,2,2016-12-27,REG
BUF_DET_2016-12-27,DET,2016020521,home,3,1.0,0.0,3.0,1.0,1.0,0.0,0,2,2016-12-27,REG
MIN_NSH_2016-12-27,MIN,2016020522,away,3,3.0,0.0,3.0,3.0,1.0,0.0,1,2,2016-12-27,OT
MIN_NSH_2016-12-27,NSH,2016020522,home,2,1.0,0.0,5.0,5.0,1.0,2.0,0,2,2016-12-27,OT
WPG_CHI_2016-12-27,WPG,2016020523,away,3,4.0,0.0,4.0,1.0,2.0,1.0,1,2,2016-12-27,REG
WPG_CHI_2016-12-27,CHI,2016020523,home,1,3.0,0.0,3.0,0.0,1.0,2.0,0,2,2016-12-27,REG
DAL_ARI_2016-12-27,DAL,2016020525,away,3,6.0,0.0,3.0,2.0,0.0,0.0,1,2,2016-12-27,REG
DAL_ARI_2016-12-27,ARI,2016020525,home,2,6.0,0.0,5.0,2.0,0.0,0.0,0,2,2016-12-27,REG
CGY_COL_2016-12-27,CGY,2016020524,away,6,1.0,1.0,1.0,1.0,0.0,1.0,1,2,2016-12-27,REG
CGY_COL_2016-12-27,COL,2016020524,home,3,0.0,0.0,2.0,3.0,3.0,1.0,0,2,2016-12-27,REG
SJS_ANA_2016-12-27,SJS,2016020526,away,3,4.0,0.0,2.0,0.0,2.0,0.0,1,2,2016-12-27,OT
SJS_ANA_2016-12-27,ANA,2016020526,home,2,3.0,0.0,1.0,1.0,1.0,0.0,0,2,2016-12-27,OT
TOR_FLA_2016-12-28,TOR,2016020527,away,3,2.0,0.0,5.0,2.0,0.0,2.0,1,2,2016-12-28,SO
TOR_FLA_2016-12-28,FLA,2016020527,home,2,3.0,0.0,6.0,2.0,1.0,1.0,0,2,2016-12-28,SO
CAR_PIT_2016-12-28,CAR,2016020528,away,2,4.0,0.0,4.0,0.0,0.0,1.0,0,2,2016-12-28,REG
CAR_PIT_2016-12-28,PIT,2016020528,home,3,3.0,0.0,1.0,0.0,1.0,2.0,1,2,2016-12-28,REG
MTL_TBL_2016-12-28,MTL,2016020529,away,3,4.0,1.0,5.0,2.0,1.0,1.0,0,2,2016-12-28,OT
MTL_TBL_2016-12-28,TBL,2016020529,home,4,4.0,0.0,5.0,1.0,0.0,0.0,1,2,2016-12-28,OT
PHI_STL_2016-12-28,PHI,2016020530,away,3,6.0,1.0,4.0,1.0,1.0,2.0,0,2,2016-12-28,REG
PHI_STL_2016-12-28,STL,2016020530,home,6,3.0,0.0,2.0,1.0,2.0,0.0,1,2,2016-12-28,REG
LAK_VAN_2016-12-28,LAK,2016020531,away,1,4.0,0.0,2.0,0.0,0.0,2.0,0,2,2016-12-28,REG
LAK_VAN_2016-12-28,VAN,2016020531,home,2,5.0,0.0,0.0,1.0,1.0,0.0,1,2,2016-12-28,REG
NJD_WSH_2016-12-29,NJD,2016020533,away,2,2.0,0.0,3.0,1.0,2.0,0.0,1,2,2016-12-29,SO
NJD_WSH_2016-12-29,WSH,2016020533,home,1,1.0,0.0,5.0,1.0,2.0,2.0,0,2,2016-12-29,SO
BOS_BUF_2016-12-29,BOS,2016020532,away,4,2.0,0.0,3.0,1.0,0.0,1.0,1,2,2016-12-29,REG
BOS_BUF_2016-12-29,BUF,2016020532,home,2,6.0,0.0,4.0,3.0,1.0,3.0,0,2,2016-12-29,REG
MTL_FLA_2016-12-29,MTL,2016020536,away,3,2.0,0.0,6.0,2.0,2.0,2.0,1,2,2016-12-29,OT
MTL_FLA_2016-12-29,FLA,2016020536,home,2,1.0,0.0,2.0,2.0,5.0,0.0,0,2,2016-12-29,OT
TOR_TBL_2016-12-29,TOR,2016020535,away,3,2.0,0.0,3.0,4.0,1.0,1.0,1,2,2016-12-29,OT
TOR_TBL_2016-12-29,TBL,2016020535,home,2,3.0,0.0,1.0,2.0,3.0,0.0,0,2,2016-12-29,OT
CBJ_WPG_2016-12-29,CBJ,2016020539,away,5,1.0,1.0,7.0,2.0,1.0,0.0,1,2,2016-12-29,REG
CBJ_WPG_2016-12-29,WPG,2016020539,home,3,1.0,0.0,2.0,0.0,0.0,1.0,0,2,2016-12-29,REG
NYI_MIN_2016-12-29,NYI,2016020538,away,4,4.0,1.0,3.0,1.0,0.0,2.0,0,2,2016-12-29,REG
NYI_MIN_2016-12-29,MIN,2016020538,home,6,6.0,0.0,1.0,1.0,1.0,3.0,1,2,2016-12-29,REG
DET_OTT_2016-12-29,DET,2016020534,away,3,2.0,0.0,4.0,2.0,2.0,1.0,1,2,2016-12-29,OT
DET_OTT_2016-12-29,OTT,2016020534,home,2,3.0,0.0,5.0,6.0,0.0,1.0,0,2,2016-12-29,OT
CHI_NSH_2016-12-29,CHI,2016020537,away,3,2.0,0.0,3.0,4.0,1.0,1.0,1,2,2016-12-29,REG
CHI_NSH_2016-12-29,NSH,2016020537,home,2,0.0,0.0,7.0,1.0,2.0,4.0,0,2,2016-12-29,REG
COL_DAL_2016-12-29,COL,2016020540,away,2,0.0,0.0,4.0,2.0,1.0,0.0,0,2,2016-12-29,REG
COL_DAL_2016-12-29,DAL,2016020540,home,4,0.0,0.0,2.0,0.0,2.0,4.0,1,2,2016-12-29,REG
ANA_CGY_2016-12-29,ANA,2016020541,away,3,2.0,0.0,1.0,1.0,1.0,1.0,1,2,2016-12-29,REG
ANA_CGY_2016-12-29,CGY,2016020541,home,1,0.0,0.0,7.0,0.0,1.0,0.0,0,2,2016-12-29,REG
NYR_ARI_2016-12-29,NYR,2016020543,away,6,2.0,0.0,1.0,6.0,0.0,0.0,1,2,2016-12-29,REG
NYR_ARI_2016-12-29,ARI,2016020543,home,3,5.0,1.0,2.0,0.0,0.0,0.0,0,2,2016-12-29,REG
LAK_EDM_2016-12-29,LAK,2016020542,away,1,3.0,0.0,4.0,4.0,3.0,2.0,0,2,2016-12-29,REG
LAK_EDM_2016-12-29,EDM,2016020542,home,3,2.0,0.0,7.0,4.0,2.0,2.0,1,2,2016-12-29,REG
CHI_CAR_2016-12-30,CHI,2016020544,away,2,2.0,0.0,3.0,1.0,2.0,0.0,0,2,2016-12-30,REG
CHI_CAR_2016-12-30,CAR,2016020544,home,3,0.0,0.0,5.0,2.0,0.0,2.0,1,2,2016-12-30,REG
NSH_STL_2016-12-30,NSH,2016020545,away,4,0.0,1.0,2.0,1.0,0.0,2.0,1,2,2016-12-30,REG
NSH_STL_2016-12-30,STL,2016020545,home,0,4.0,0.0,1.0,1.0,2.0,0.0,0,2,2016-12-30,REG
ANA_VAN_2016-12-30,ANA,2016020546,away,2,2.0,0.0,4.0,1.0,0.0,0.0,0,2,2016-12-30,OT
ANA_VAN_2016-12-30,VAN,2016020546,home,3,1.0,0.0,2.0,0.0,1.0,0.0,1,2,2016-12-30,OT
PHI_SJS_2016-12-30,PHI,2016020547,away,0,2.0,0.0,4.0,1.0,1.0,0.0,0,2,2016-12-30,REG
PHI_SJS_2016-12-30,SJS,2016020547,home,2,3.0,0.0,2.0,1.0,0.0,0.0,1,2,2016-12-30,REG
BUF_BOS_2016-12-31,BUF,2016020548,away,1,3.0,0.0,5.0,1.0,0.0,0.0,0,2,2016-12-31,REG
BUF_BOS_2016-12-31,BOS,2016020548,home,3,1.0,0.0,4.0,1.0,0.0,0.0,1,2,2016-12-31,REG
WSH_NJD_2016-12-31,WSH,2016020549,away,6,3.0,0.0,3.0,1.0,0.0,0.0,1,2,2016-12-31,REG
WSH_NJD_2016-12-31,NJD,2016020549,home,2,4.0,0.0,3.0,0.0,1.0,1.0,0,2,2016-12-31,REG
CBJ_MIN_2016-12-31,CBJ,2016020550,away,4,2.0,0.0,5.0,2.0,0.0,0.0,1,2,2016-12-31,REG
CBJ_MIN_2016-12-31,MIN,2016020550,home,2,5.0,0.0,5.0,1.0,0.0,1.0,0,2,2016-12-31,REG
CAR_TBL_2016-12-31,CAR,2016020551,away,1,1.0,0.0,2.0,3.0,2.0,0.0,0,2,2016-12-31,REG
CAR_TBL_2016-12-31,TBL,2016020551,home,3,3.0,0.0,2.0,2.0,0.0,1.0,1,2,2016-12-31,REG
NYI_WPG_2016-12-31,NYI,2016020553,away,6,3.0,0.0,5.0,3.0,0.0,0.0,1,2,2016-12-31,REG
NYI_WPG_2016-12-31,WPG,2016020553,home,2,3.0,0.0,2.0,1.0,0.0,1.0,0,2,2016-12-31,REG
MTL_PIT_2016-12-31,MTL,2016020552,away,3,4.0,0.0,8.0,5.0,1.0,0.0,0,2,2016-12-31,OT
MTL_PIT_2016-12-31,PIT,2016020552,home,4,1.0,0.0,2.0,0.0,1.0,2.0,1,2,2016-12-31,OT
FLA_DAL_2016-12-31,FLA,2016020554,away,3,3.0,0.0,4.0,5.0,0.0,1.0,1,2,2016-12-31,REG
FLA_DAL_2016-12-31,DAL,2016020554,home,1,5.0,0.0,4.0,0.0,2.0,0.0,0,2,2016-12-31,REG
NYR_COL_2016-12-31,NYR,2016020555,away,6,3.0,0.0,6.0,0.0,0.0,0.0,1,2,2016-12-31,REG
NYR_COL_2016-12-31,COL,2016020555,home,2,3.0,0.0,3.0,1.0,1.0,2.0,0,2,2016-12-31,REG
ARI_CGY_2016-12-31,ARI,2016020556,away,2,4.0,0.0,3.0,2.0,1.0,0.0,0,2,2016-12-31,REG
ARI_CGY_2016-12-31,CGY,2016020556,home,4,1.0,0.0,1.0,3.0,1.0,1.0,1,2,2016-12-31,REG
VAN_EDM_2016-12-31,VAN,2016020557,away,3,2.0,0.0,3.0,2.0,2.0,0.0,1,2,2016-12-31,SO
VAN_EDM_2016-12-31,EDM,2016020557,home,2,0.0,0.0,6.0,1.0,5.0,2.0,0,2,2016-12-31,SO
SJS_LAK_2016-12-31,SJS,2016020558,away,2,4.0,0.0,2.0,2.0,2.0,0.0,0,2,2016-12-31,REG
SJS_LAK_2016-12-31,LAK,2016020558,home,3,3.0,0.0,0.0,1.0,3.0,0.0,1,2,2016-12-31,REG
DET_TOR_2017-01-01,DET,2016020559,away,4,5.0,0.0,7.0,0.0,0.0,1.0,0,2,2017-01-01,OT
DET_TOR_2017-01-01,TOR,2016020559,home,5,3.0,0.0,0.0,1.0,1.0,2.0,1,2,2017-01-01,OT
OTT_WSH_2017-01-01,OTT,2016020560,away,1,0.0,0.0,2.0,2.0,1.0,0.0,0,2,2017-01-01,REG
OTT_WSH_2017-01-01,WSH,2016020560,home,2,8.0,0.0,4.0,2.0,2.0,1.0,1,2,2017-01-01,REG
PHI_ANA_2017-01-01,PHI,2016020561,away,3,9.0,1.0,11.0,6.0,2.0,0.0,0,2,2017-01-01,SO
PHI_ANA_2017-01-01,ANA,2016020561,home,4,3.0,0.0,2.0,1.0,0.0,2.0,1,2,2017-01-01,SO
CHI_STL_2017-01-02,CHI,2016020562,away,1,3.0,0.0,2.0,3.0,0.0,0.0,0,2,2017-01-02,REG
CHI_STL_2017-01-02,STL,2016020562,home,4,1.0,0.0,3.0,0.0,0.0,0.0,1,2,2017-01-02,REG
BOS_NJD_2017-01-02,BOS,2016020563,away,0,1.0,0.0,2.0,1.0,0.0,0.0,0,2,2017-01-02,REG
BOS_NJD_2017-01-02,NJD,2016020563,home,3,2.0,0.0,5.0,0.0,2.0,1.0,1,2,2017-01-02,REG
COL_VAN_2017-01-02,COL,2016020564,away,2,1.0,0.0,4.0,1.0,2.0,0.0,0,2,2017-01-02,REG
COL_VAN_2017-01-02,VAN,2016020564,home,3,1.0,0.0,2.0,2.0,0.0,1.0,1,2,2017-01-02,REG
BUF_NYR_2017-01-03,BUF,2016020565,away,4,2.0,0.0,2.0,2.0,1.0,0.0,1,2,2017-01-03,REG
BUF_NYR_2017-01-03,NYR,2016020565,home,1,2.0,0.0,0.0,4.0,2.0,0.0,0,2,2017-01-03,REG
NJD_CAR_2017-01-03,NJD,2016020567,away,3,0.0,0.0,2.0,1.0,0.0,0.0,1,2,2017-01-03,REG
NJD_CAR_2017-01-03,CAR,2016020567,home,1,1.0,0.0,2.0,4.0,1.0,0.0,0,2,2017-01-03,REG
TOR_WSH_2017-01-03,TOR,2016020566,away,5,2.0,0.0,1.0,2.0,0.0,0.0,0,2,2017-01-03,OT
TOR_WSH_2017-01-03,WSH,2016020566,home,6,6.0,0.0,10.0,1.0,2.0,1.0,1,2,2017-01-03,OT
EDM_CBJ_2017-01-03,EDM,2016020568,away,1,1.0,0.0,0.0,3.0,2.0,1.0,0,2,2017-01-03,REG
EDM_CBJ_2017-01-03,CBJ,2016020568,home,3,2.0,0.0,4.0,1.0,1.0,1.0,1,2,2017-01-03,REG
WPG_TBL_2017-01-03,WPG,2016020569,away,6,2.0,0.0,2.0,0.0,0.0,0.0,1,2,2017-01-03,REG
WPG_TBL_2017-01-03,TBL,2016020569,home,4,6.0,0.0,4.0,1.0,1.0,0.0,0,2,2017-01-03,REG
MTL_NSH_2017-01-03,MTL,2016020570,away,2,2.0,0.0,6.0,1.0,1.0,2.0,1,2,2017-01-03,OT
MTL_NSH_2017-01-03,NSH,2016020570,home,1,2.0,0.0,1.0,4.0,0.0,1.0,0,2,2017-01-03,OT
LAK_SJS_2017-01-03,LAK,2016020571,away,2,5.0,0.0,1.0,1.0,1.0,0.0,1,2,2017-01-03,OT
LAK_SJS_2017-01-03,SJS,2016020571,home,1,7.0,0.0,3.0,3.0,3.0,0.0,0,2,2017-01-03,OT
WPG_FLA_2017-01-04,WPG,2016020572,away,4,3.0,0.0,0.0,2.0,0.0,0.0,1,2,2017-01-04,REG
WPG_FLA_2017-01-04,FLA,2016020572,home,1,4.0,0.0,4.0,1.0,1.0,0.0,0,2,2017-01-04,REG
NYR_PHI_2017-01-04,NYR,2016020573,away,5,0.0,0.0,0.0,2.0,2.0,1.0,1,2,2017-01-04,REG
NYR_PHI_2017-01-04,PHI,2016020573,home,2,9.0,0.0,3.0,2.0,1.0,0.0,0,2,2017-01-04,REG
MTL_DAL_2017-01-04,MTL,2016020574,away,4,1.0,0.0,6.0,2.0,3.0,0.0,1,2,2017-01-04,OT
MTL_DAL_2017-01-04,DAL,2016020574,home,3,1.0,0.0,6.0,1.0,1.0,0.0,0,2,2017-01-04,OT
ARI_VAN_2017-01-04,ARI,2016020576,away,0,5.0,0.0,2.0,0.0,0.0,0.0,0,2,2017-01-04,REG
ARI_VAN_2017-01-04,VAN,2016020576,home,3,0.0,0.0,2.0,2.0,1.0,1.0,1,2,2017-01-04,REG
COL_CGY_2017-01-04,COL,2016020575,away,1,0.0,0.0,2.0,1.0,0.0,1.0,0,2,2017-01-04,REG
COL_CGY_2017-01-04,CGY,2016020575,home,4,1.0,1.0,7.0,1.0,1.0,2.0,1,2,2017-01-04,REG
DET_ANA_2017-01-04,DET,2016020577,away,0,2.0,0.0,3.0,2.0,1.0,0.0,0,2,2017-01-04,REG
DET_ANA_2017-01-04,ANA,2016020577,home,2,1.0,0.0,3.0,2.0,2.0,0.0,1,2,2017-01-04,REG
EDM_BOS_2017-01-05,EDM,2016020578,away,4,0.0,0.0,3.0,4.0,1.0,1.0,1,2,2017-01-05,REG
EDM_BOS_2017-01-05,BOS,2016020578,home,3,4.0,0.0,3.0,2.0,0.0,1.0,0,2,2017-01-05,REG
CBJ_WSH_2017-01-05,CBJ,2016020579,away,0,1.0,0.0,4.0,4.0,3.0,0.0,0,2,2017-01-05,REG
CBJ_WSH_2017-01-05,WSH,2016020579,home,5,2.0,0.0,2.0,2.0,2.0,1.0,1,2,2017-01-05,REG
NSH_TBL_2017-01-05,NSH,2016020580,away,6,1.0,0.0,3.0,5.0,0.0,1.0,1,2,2017-01-05,REG
NSH_TBL_2017-01-05,TBL,2016020580,home,1,1.0,1.0,5.0,0.0,0.0,1.0,0,2,2017-01-05,REG
CAR_STL_2017-01-05,CAR,2016020581,away,4,3.0,0.0,3.0,2.0,0.0,1.0,1,2,2017-01-05,REG
CAR_STL_2017-01-05,STL,2016020581,home,2,3.0,0.0,4.0,0.0,1.0,0.0,0,2,2017-01-05,REG
BUF_CHI_2017-01-05,BUF,2016020582,away,3,6.0,0.0,1.0,4.0,3.0,2.0,0,2,2017-01-05,OT
BUF_CHI_2017-01-05,CHI,2016020582,home,4,4.0,0.0,0.0,4.0,2.0,0.0,1,2,2017-01-05,OT
DET_LAK_2017-01-05,DET,2016020583,away,4,1.0,0.0,4.0,4.0,0.0,0.0,1,2,2017-01-05,REG
DET_LAK_2017-01-05,LAK,2016020583,home,0,6.0,0.0,7.0,3.0,0.0,0.0,0,2,2017-01-05,REG
MIN_SJS_2017-01-05,MIN,2016020584,away,5,2.0,0.0,2.0,4.0,4.0,0.0,1,2,2017-01-05,REG
MIN_SJS_2017-01-05,SJS,2016020584,home,4,3.0,0.0,4.0,0.0,1.0,0.0,0,2,2017-01-05,REG
NSH_FLA_2017-01-06,NSH,2016020585,away,1,2.0,0.0,3.0,0.0,0.0,0.0,0,2,2017-01-06,REG
NSH_FLA_2017-01-06,FLA,2016020585,home,2,3.0,0.0,8.0,3.0,1.0,0.0,1,2,2017-01-06,REG
TOR_NJD_2017-01-06,TOR,2016020586,away,4,1.0,0.0,0.0,1.0,2.0,2.0,1,2,2017-01-06,REG
TOR_NJD_2017-01-06,NJD,2016020586,home,2,1.0,0.0,3.0,3.0,0.0,1.0,0,2,2017-01-06,REG
CAR_CHI_2017-01-06,CAR,2016020587,away,1,2.0,0.0,8.0,1.0,1.0,2.0,0,2,2017-01-06,REG
CAR_CHI_2017-01-06,CHI,2016020587,home,2,2.0,0.0,2.0,0.0,1.0,0.0,1,2,2017-01-06,REG
NYI_COL_2017-01-06,NYI,2016020588,away,1,3.0,0.0,5.0,1.0,1.0,0.0,0,2,2017-01-06,OT
NYI_COL_2017-01-06,COL,2016020588,home,2,1.0,0.0,3.0,4.0,2.0,2.0,1,2,2017-01-06,OT
ARI_ANA_2017-01-06,ARI,2016020590,away,2,6.0,0.0,3.0,4.0,0.0,0.0,0,2,2017-01-06,OT
ARI_ANA_2017-01-06,ANA,2016020590,home,3,4.0,0.0,2.0,0.0,0.0,0.0,1,2,2017-01-06,OT
CGY_VAN_2017-01-06,CGY,2016020589,away,2,5.0,0.0,4.0,1.0,0.0,0.0,0,2,2017-01-06,REG
CGY_VAN_2017-01-06,VAN,2016020589,home,4,4.0,0.0,1.0,3.0,1.0,0.0,1,2,2017-01-06,REG
TBL_PHI_2017-01-07,TBL,2016020592,away,2,1.0,0.0,5.0,1.0,0.0,0.0,0,2,2017-01-07,REG
TBL_PHI_2017-01-07,PHI,2016020592,home,4,4.0,0.0,9.0,0.0,2.0,2.0,1,2,2017-01-07,REG
WPG_BUF_2017-01-07,WPG,2016020591,away,3,3.0,0.0,1.0,0.0,1.0,0.0,0,2,2017-01-07,REG
WPG_BUF_2017-01-07,BUF,2016020591,home,4,2.0,0.0,2.0,1.0,0.0,1.0,1,2,2017-01-07,REG
MIN_LAK_2017-01-07,MIN,2016020593,away,3,1.0,0.0,4.0,0.0,4.0,0.0,0,2,2017-01-07,OT
MIN_LAK_2017-01-07,LAK,2016020593,home,4,1.0,0.0,1.0,1.0,1.0,0.0,1,2,2017-01-07,OT
BOS_FLA_2017-01-07,BOS,2016020596,away,4,1.0,0.0,0.0,0.0,1.0,0.0,1,2,2017-01-07,REG
BOS_FLA_2017-01-07,FLA,2016020596,home,0,1.0,0.0,3.0,3.0,1.0,0.0,0,2,2017-01-07,REG
MTL_TOR_2017-01-07,MTL,2016020594,away,5,3.0,0.0,8.0,7.0,2.0,0.0,1,2,2017-01-07,REG
MTL_TOR_2017-01-07,TOR,2016020594,home,3,6.0,0.0,5.0,1.0,2.0,1.0,0,2,2017-01-07,REG
WSH_OTT_2017-01-07,WSH,2016020595,away,1,1.0,0.0,4.0,1.0,1.0,1.0,1,2,2017-01-07,REG
WSH_OTT_2017-01-07,OTT,2016020595,home,0,4.0,0.0,3.0,1.0,1.0,0.0,0,2,2017-01-07,REG
EDM_NJD_2017-01-07,EDM,2016020597,away,2,0.0,0.0,3.0,3.0,1.0,1.0,1,2,2017-01-07,OT
EDM_NJD_2017-01-07,NJD,2016020597,home,1,0.0,0.0,4.0,4.0,0.0,0.0,0,2,2017-01-07,OT
NYR_CBJ_2017-01-07,NYR,2016020598,away,5,1.0,1.0,3.0,1.0,2.0,0.0,1,2,2017-01-07,REG
NYR_CBJ_2017-01-07,CBJ,2016020598,home,4,1.0,0.0,4.0,2.0,1.0,1.0,0,2,2017-01-07,REG
NYI_ARI_2017-01-07,NYI,2016020600,away,1,2.0,0.0,3.0,4.0,0.0,0.0,0,2,2017-01-07,SO
NYI_ARI_2017-01-07,ARI,2016020600,home,2,4.0,0.0,2.0,2.0,0.0,1.0,1,2,2017-01-07,SO
DAL_STL_2017-01-07,DAL,2016020599,away,3,2.0,0.0,2.0,2.0,0.0,0.0,0,2,2017-01-07,REG
DAL_STL_2017-01-07,STL,2016020599,home,4,4.0,0.0,2.0,2.0,1.0,1.0,1,2,2017-01-07,REG
VAN_CGY_2017-01-07,VAN,2016020601,away,1,1.0,0.0,2.0,1.0,0.0,0.0,0,2,2017-01-07,REG
VAN_CGY_2017-01-07,CGY,2016020601,home,3,0.0,0.0,3.0,0.0,1.0,2.0,1,2,2017-01-07,REG
DET_SJS_2017-01-07,DET,2016020602,away,3,3.0,0.0,3.0,2.0,0.0,0.0,0,2,2017-01-07,REG
DET_SJS_2017-01-07,SJS,2016020602,home,6,4.0,0.0,5.0,1.0,2.0,0.0,1,2,2017-01-07,REG
BOS_CAR_2017-01-08,BOS,2016020604,away,3,5.0,0.0,2.0,2.0,0.0,1.0,0,2,2017-01-08,OT
BOS_CAR_2017-01-08,CAR,2016020604,home,4,3.0,0.0,2.0,2.0,1.0,1.0,1,2,2017-01-08,OT
TBL_PIT_2017-01-08,TBL,2016020603,away,2,3.0,0.0,3.0,1.0,0.0,0.0,0,2,2017-01-08,REG
TBL_PIT_2017-01-08,PIT,2016020603,home,6,1.0,0.0,1.0,2.0,0.0,1.0,1,2,2017-01-08,REG
PHI_CBJ_2017-01-08,PHI,2016020605,away,1,1.0,0.0,2.0,6.0,0.0,2.0,0,2,2017-01-08,OT
PHI_CBJ_2017-01-08,CBJ,2016020605,home,2,0.0,0.0,1.0,5.0,0.0,3.0,1,2,2017-01-08,OT
EDM_OTT_2017-01-08,EDM,2016020606,away,3,2.0,0.0,3.0,2.0,0.0,0.0,0,2,2017-01-08,REG
EDM_OTT_2017-01-08,OTT,2016020606,home,5,2.0,0.0,5.0,1.0,2.0,1.0,1,2,2017-01-08,REG
NSH_CHI_2017-01-08,NSH,2016020607,away,2,5.0,0.0,2.0,0.0,0.0,1.0,0,2,2017-01-08,REG
NSH_CHI_2017-01-08,CHI,2016020607,home,5,2.0,0.0,4.0,5.0,1.0,2.0,1,2,2017-01-08,REG
MIN_ANA_2017-01-08,MIN,2016020608,away,2,4.0,0.0,1.0,2.0,1.0,1.0,1,2,2017-01-08,REG
MIN_ANA_2017-01-08,ANA,2016020608,home,1,0.0,0.0,3.0,3.0,0.0,1.0,0,2,2017-01-08,REG
FLA_NJD_2017-01-09,FLA,2016020609,away,3,1.0,0.0,5.0,1.0,1.0,0.0,1,2,2017-01-09,REG
FLA_NJD_2017-01-09,NJD,2016020609,home,0,0.0,0.0,4.0,1.0,0.0,0.0,0,2,2017-01-09,REG
WSH_MTL_2017-01-09,WSH,2016020610,away,4,2.0,1.0,7.0,3.0,2.0,1.0,1,2,2017-01-09,REG
WSH_MTL_2017-01-09,MTL,2016020610,home,1,2.0,1.0,5.0,1.0,1.0,1.0,0,2,2017-01-09,REG
CGY_WPG_2017-01-09,CGY,2016020611,away,0,0.0,0.0,5.0,0.0,1.0,0.0,0,2,2017-01-09,REG
CGY_WPG_2017-01-09,WPG,2016020611,home,2,1.0,0.0,2.0,1.0,1.0,0.0,1,2,2017-01-09,REG
DAL_LAK_2017-01-09,DAL,2016020612,away,6,4.0,0.0,4.0,1.0,1.0,1.0,1,2,2017-01-09,REG
DAL_LAK_2017-01-09,LAK,2016020612,home,4,0.0,0.0,2.0,1.0,0.0,0.0,0,2,2017-01-09,REG
CBJ_CAR_2017-01-10,CBJ,2016020614,away,3,0.0,0.0,4.0,2.0,0.0,0.0,0,2,2017-01-10,REG
CBJ_CAR_2017-01-10,CAR,2016020614,home,5,2.0,0.0,4.0,1.0,1.0,2.0,1,2,2017-01-10,REG
PHI_BUF_2017-01-10,PHI,2016020613,away,1,3.0,1.0,6.0,0.0,2.0,0.0,0,2,2017-01-10,REG
PHI_BUF_2017-01-10,BUF,2016020613,home,4,3.0,0.0,7.0,0.0,1.0,3.0,1,2,2017-01-10,REG
VAN_NSH_2017-01-10,VAN,2016020616,away,1,5.0,0.0,6.0,0.0,0.0,0.0,0,2,2017-01-10,OT
VAN_NSH_2017-01-10,NSH,2016020616,home,2,3.0,0.0,3.0,0.0,3.0,0.0,1,2,2017-01-10,OT
BOS_STL_2017-01-10,BOS,2016020615,away,5,3.0,0.0,3.0,2.0,0.0,0.0,1,2,2017-01-10,REG
BOS_STL_2017-01-10,STL,2016020615,home,3,1.0,0.0,2.0,1.0,0.0,0.0,0,2,2017-01-10,REG
DET_CHI_2017-01-10,DET,2016020617,away,3,5.0,0.0,5.0,4.0,0.0,0.0,0,2,2017-01-10,OT
DET_CHI_2017-01-10,CHI,2016020617,home,4,3.0,1.0,5.0,2.0,1.0,1.0,1,2,2017-01-10,OT
SJS_EDM_2017-01-10,SJS,2016020618,away,5,1.0,0.0,6.0,4.0,2.0,0.0,1,2,2017-01-10,REG
SJS_EDM_2017-01-10,EDM,2016020618,home,3,0.0,0.0,4.0,0.0,3.0,0.0,0,2,2017-01-10,REG
DAL_ANA_2017-01-10,DAL,2016020619,away,0,3.0,0.0,9.0,0.0,1.0,0.0,0,2,2017-01-10,REG
DAL_ANA_2017-01-10,ANA,2016020619,home,2,1.0,0.0,9.0,1.0,1.0,0.0,1,2,2017-01-10,REG
FLA_NYI_2017-01-11,FLA,2016020620,away,2,4.0,0.0,4.0,0.0,0.0,1.0,1,2,2017-01-11,REG
FLA_NYI_2017-01-11,NYI,2016020620,home,1,1.0,0.0,3.0,4.0,0.0,1.0,0,2,2017-01-11,REG
MTL_WPG_2017-01-11,MTL,2016020621,away,7,0.0,0.0,5.0,4.0,1.0,0.0,1,2,2017-01-11,REG
MTL_WPG_2017-01-11,WPG,2016020621,home,4,5.0,0.0,1.0,1.0,1.0,0.0,0,2,2017-01-11,REG
PIT_WSH_2017-01-11,PIT,2016020622,away,2,1.0,0.0,2.0,2.0,2.0,0.0,0,2,2017-01-11,REG
PIT_WSH_2017-01-11,WSH,2016020622,home,5,4.0,1.0,9.0,3.0,1.0,1.0,1,2,2017-01-11,REG
SJS_CGY_2017-01-11,SJS,2016020623,away,2,2.0,0.0,7.0,3.0,1.0,1.0,0,2,2017-01-11,REG
SJS_CGY_2017-01-11,CGY,2016020623,home,3,0.0,0.0,2.0,1.0,1.0,0.0,1,2,2017-01-11,REG
VAN_PHI_2017-01-12,VAN,2016020624,away,4,5.0,0.0,1.0,1.0,0.0,0.0,0,2,2017-01-12,SO
VAN_PHI_2017-01-12,PHI,2016020624,home,5,7.0,1.0,6.0,1.0,1.0,1.0,1,2,2017-01-12,SO
BUF_TBL_2017-01-12,BUF,2016020626,away,2,4.0,0.0,10.0,2.0,2.0,0.0,0,2,2017-01-12,REG
BUF_TBL_2017-01-12,TBL,2016020626,home,4,2.0,0.0,3.0,1.0,1.0,0.0,1,2,2017-01-12,REG
PIT_OTT_2017-01-12,PIT,2016020625,away,1,0.0,0.0,2.0,3.0,4.0,0.0,0,2,2017-01-12,REG
PIT_OTT_2017-01-12,OTT,2016020625,home,4,2.0,0.0,3.0,3.0,0.0,0.0,1,2,2017-01-12,REG
MTL_MIN_2017-01-12,MTL,2016020628,away,1,1.0,1.0,6.0,2.0,0.0,1.0,0,2,2017-01-12,REG
MTL_MIN_2017-01-12,MIN,2016020628,home,7,2.0,0.0,2.0,4.0,0.0,0.0,1,2,2017-01-12,REG
BOS_NSH_2017-01-12,BOS,2016020627,away,1,0.0,0.0,3.0,0.0,0.0,2.0,0,2,2017-01-12,REG
BOS_NSH_2017-01-12,NSH,2016020627,home,2,1.0,0.0,2.0,3.0,4.0,1.0,1,2,2017-01-12,REG
DET_DAL_2017-01-12,DET,2016020629,away,2,0.0,0.0,2.0,2.0,0.0,1.0,0,2,2017-01-12,REG
DET_DAL_2017-01-12,DAL,2016020629,home,5,2.0,0.0,2.0,2.0,0.0,1.0,1,2,2017-01-12,REG
NJD_EDM_2017-01-12,NJD,2016020631,away,2,6.0,0.0,0.0,2.0,2.0,0.0,0,2,2017-01-12,OT
NJD_EDM_2017-01-12,EDM,2016020631,home,3,0.0,0.0,7.0,1.0,2.0,1.0,1,2,2017-01-12,OT
ANA_COL_2017-01-12,ANA,2016020630,away,4,1.0,0.0,5.0,2.0,0.0,1.0,1,2,2017-01-12,REG
ANA_COL_2017-01-12,COL,2016020630,home,1,0.0,0.0,4.0,1.0,1.0,0.0,0,2,2017-01-12,REG
STL_LAK_2017-01-12,STL,2016020632,away,1,5.0,0.0,0.0,2.0,1.0,0.0,0,2,2017-01-12,REG
STL_LAK_2017-01-12,LAK,2016020632,home,5,2.0,0.0,2.0,1.0,1.0,1.0,1,2,2017-01-12,REG
TOR_NYR_2017-01-13,TOR,2016020633,away,4,2.0,0.0,1.0,0.0,2.0,1.0,1,2,2017-01-13,REG
TOR_NYR_2017-01-13,NYR,2016020633,home,2,2.0,0.0,8.0,1.0,4.0,0.0,0,2,2017-01-13,REG
CHI_WSH_2017-01-13,CHI,2016020634,away,0,2.0,0.0,4.0,3.0,2.0,0.0,0,2,2017-01-13,REG
CHI_WSH_2017-01-13,WSH,2016020634,home,6,1.0,0.0,2.0,2.0,2.0,1.0,1,2,2017-01-13,REG
NYI_FLA_2017-01-13,NYI,2016020636,away,5,2.0,0.0,8.0,0.0,0.0,0.0,1,2,2017-01-13,REG
NYI_FLA_2017-01-13,FLA,2016020636,home,2,1.0,0.0,5.0,0.0,1.0,2.0,0,2,2017-01-13,REG
BUF_CAR_2017-01-13,BUF,2016020637,away,2,4.0,0.0,7.0,0.0,0.0,1.0,0,2,2017-01-13,REG
BUF_CAR_2017-01-13,CAR,2016020637,home,5,1.0,0.0,3.0,3.0,2.0,2.0,1,2,2017-01-13,REG
CBJ_TBL_2017-01-13,CBJ,2016020635,away,3,2.0,0.0,2.0,2.0,2.0,2.0,1,2,2017-01-13,REG
CBJ_TBL_2017-01-13,TBL,2016020635,home,1,0.0,0.0,0.0,1.0,0.0,0.0,0,2,2017-01-13,REG
NJD_CGY_2017-01-13,NJD,2016020638,away,2,0.0,0.0,0.0,3.0,1.0,5.0,1,2,2017-01-13,REG
NJD_CGY_2017-01-13,CGY,2016020638,home,1,1.0,0.0,4.0,1.0,2.0,0.0,0,2,2017-01-13,REG
WPG_ARI_2017-01-13,WPG,2016020639,away,3,1.0,0.0,1.0,1.0,0.0,0.0,0,2,2017-01-13,REG
WPG_ARI_2017-01-13,ARI,2016020639,home,4,5.0,0.0,4.0,2.0,1.0,1.0,1,2,2017-01-13,REG
PHI_BOS_2017-01-14,PHI,2016020640,away,3,5.0,1.0,3.0,3.0,1.0,1.0,0,2,2017-01-14,REG
PHI_BOS_2017-01-14,BOS,2016020640,home,6,1.0,0.0,1.0,1.0,0.0,3.0,1,2,2017-01-14,REG
NSH_COL_2017-01-14,NSH,2016020641,away,3,1.0,0.0,8.0,3.0,1.0,0.0,1,2,2017-01-14,REG
NSH_COL_2017-01-14,COL,2016020641,home,2,7.0,0.0,6.0,0.0,1.0,1.0,0,2,2017-01-14,REG
PIT_DET_2017-01-14,PIT,2016020644,away,3,1.0,1.0,4.0,5.0,1.0,0.0,0,2,2017-01-14,REG
PIT_DET_2017-01-14,DET,2016020644,home,6,7.0,0.0,6.0,1.0,0.0,0.0,1,2,2017-01-14,REG
NYI_CAR_2017-01-14,NYI,2016020646,away,4,2.0,0.0,2.0,2.0,0.0,0.0,0,2,2017-01-14,REG
NYI_CAR_2017-01-14,CAR,2016020646,home,7,2.0,0.0,8.0,2.0,1.0,2.0,1,2,2017-01-14,REG
NYR_MTL_2017-01-14,NYR,2016020642,away,4,3.0,0.0,4.0,1.0,1.0,2.0,0,2,2017-01-14,REG
NYR_MTL_2017-01-14,MTL,2016020642,home,5,1.0,0.0,4.0,4.0,1.0,0.0,1,2,2017-01-14,REG
TOR_OTT_2017-01-14,TOR,2016020643,away,4,5.0,0.0,6.0,1.0,2.0,0.0,1,2,2017-01-14,REG
TOR_OTT_2017-01-14,OTT,2016020643,home,2,3.0,0.0,5.0,2.0,1.0,0.0,0,2,2017-01-14,REG
CBJ_FLA_2017-01-14,CBJ,2016020645,away,3,1.0,0.0,4.0,3.0,2.0,3.0,0,2,2017-01-14,REG
CBJ_FLA_2017-01-14,FLA,2016020645,home,4,2.0,0.0,3.0,2.0,1.0,1.0,1,2,2017-01-14,REG
MIN_DAL_2017-01-14,MIN,2016020648,away,5,0.0,0.0,1.0,1.0,1.0,0.0,1,2,2017-01-14,REG
MIN_DAL_2017-01-14,DAL,2016020648,home,4,1.0,0.0,3.0,0.0,1.0,0.0,0,2,2017-01-14,REG
ANA_ARI_2017-01-14,ANA,2016020647,away,3,5.0,0.0,3.0,1.0,0.0,0.0,1,2,2017-01-14,REG
ANA_ARI_2017-01-14,ARI,2016020647,home,0,6.0,0.0,0.0,0.0,1.0,0.0,0,2,2017-01-14,REG
WPG_LAK_2017-01-14,WPG,2016020650,away,2,4.0,0.0,0.0,2.0,1.0,0.0,0,2,2017-01-14,OT
WPG_LAK_2017-01-14,LAK,2016020650,home,3,2.0,0.0,2.0,3.0,4.0,2.0,1,2,2017-01-14,OT
CGY_EDM_2017-01-14,CGY,2016020649,away,1,3.0,0.0,4.0,1.0,1.0,0.0,0,2,2017-01-14,SO
CGY_EDM_2017-01-14,EDM,2016020649,home,2,0.0,0.0,6.0,4.0,1.0,1.0,1,2,2017-01-14,SO
STL_SJS_2017-01-14,STL,2016020651,away,4,4.0,0.0,2.0,1.0,2.0,0.0,1,2,2017-01-14,REG
STL_SJS_2017-01-14,SJS,2016020651,home,0,6.0,0.0,5.0,1.0,2.0,0.0,0,2,2017-01-14,REG
PHI_WSH_2017-01-15,PHI,2016020652,away,0,7.0,0.0,3.0,2.0,1.0,0.0,0,2,2017-01-15,REG
PHI_WSH_2017-01-15,WSH,2016020652,home,5,12.0,0.0,7.0,2.0,1.0,0.0,1,2,2017-01-15,REG
NJD_VAN_2017-01-15,NJD,2016020654,away,2,4.0,0.0,1.0,1.0,0.0,1.0,1,2,2017-01-15,OT
NJD_VAN_2017-01-15,VAN,2016020654,home,1,8.0,0.0,2.0,3.0,1.0,0.0,0,2,2017-01-15,OT
MIN_CHI_2017-01-15,MIN,2016020653,away,3,5.0,0.0,0.0,2.0,0.0,1.0,1,2,2017-01-15,REG
MIN_CHI_2017-01-15,CHI,2016020653,home,2,0.0,0.0,3.0,1.0,0.0,0.0,0,2,2017-01-15,REG
STL_ANA_2017-01-15,STL,2016020655,away,2,3.0,0.0,5.0,0.0,2.0,3.0,1,2,2017-01-15,OT
STL_ANA_2017-01-15,ANA,2016020655,home,1,10.0,0.0,3.0,3.0,2.0,0.0,0,2,2017-01-15,OT
DAL_BUF_2017-01-16,DAL,2016020657,away,1,1.0,0.0,6.0,1.0,3.0,0.0,0,2,2017-01-16,REG
DAL_BUF_2017-01-16,BUF,2016020657,home,4,3.0,0.0,2.0,0.0,1.0,0.0,1,2,2017-01-16,REG
NYI_BOS_2017-01-16,NYI,2016020656,away,4,3.0,0.0,3.0,1.0,1.0,1.0,1,2,2017-01-16,REG
NYI_BOS_2017-01-16,BOS,2016020656,home,0,0.0,0.0,6.0,1.0,2.0,2.0,0,2,2017-01-16,REG
MTL_DET_2017-01-16,MTL,2016020658,away,0,1.0,0.0,1.0,2.0,0.0,0.0,0,2,2017-01-16,REG
MTL_DET_2017-01-16,DET,2016020658,home,1,0.0,0.0,2.0,0.0,1.0,0.0,1,2,2017-01-16,REG
WPG_SJS_2017-01-16,WPG,2016020660,away,2,1.0,0.0,1.0,1.0,0.0,0.0,0,2,2017-01-16,REG
WPG_SJS_2017-01-16,SJS,2016020660,home,5,2.0,0.0,6.0,1.0,1.0,0.0,1,2,2017-01-16,REG
TBL_LAK_2017-01-16,TBL,2016020659,away,2,1.0,0.0,3.0,2.0,0.0,0.0,1,2,2017-01-16,REG
TBL_LAK_2017-01-16,LAK,2016020659,home,1,4.0,0.0,1.0,2.0,1.0,1.0,0,2,2017-01-16,REG
WSH_PIT_2017-01-16,WSH,2016020661,away,7,14.0,0.0,5.0,1.0,1.0,0.0,0,2,2017-01-16,OT
WSH_PIT_2017-01-16,PIT,2016020661,home,8,0.0,0.0,1.0,1.0,0.0,1.0,1,2,2017-01-16,OT
ARI_EDM_2017-01-16,ARI,2016020662,away,1,4.0,0.0,2.0,0.0,1.0,0.0,0,2,2017-01-16,REG
ARI_EDM_2017-01-16,EDM,2016020662,home,3,0.0,0.0,7.0,2.0,0.0,0.0,1,2,2017-01-16,REG
DAL_NYR_2017-01-17,DAL,2016020663,away,7,0.0,0.0,5.0,2.0,0.0,1.0,1,2,2017-01-17,REG
DAL_NYR_2017-01-17,NYR,2016020663,home,6,2.0,0.0,1.0,2.0,0.0,3.0,0,2,2017-01-17,REG
CAR_CBJ_2017-01-17,CAR,2016020664,away,1,0.0,0.0,5.0,1.0,0.0,2.0,0,2,2017-01-17,REG
CAR_CBJ_2017-01-17,CBJ,2016020664,home,4,0.0,0.0,6.0,3.0,0.0,1.0,1,2,2017-01-17,REG
BUF_TOR_2017-01-17,BUF,2016020665,away,3,8.0,0.0,5.0,2.0,1.0,0.0,0,2,2017-01-17,REG
BUF_TOR_2017-01-17,TOR,2016020665,home,4,1.0,0.0,6.0,1.0,2.0,0.0,1,2,2017-01-17,REG
OTT_STL_2017-01-17,OTT,2016020666,away,6,2.0,0.0,5.0,3.0,0.0,0.0,1,2,2017-01-17,REG
OTT_STL_2017-01-17,STL,2016020666,home,4,4.0,0.0,3.0,1.0,0.0,1.0,0,2,2017-01-17,REG
NJD_MIN_2017-01-17,NJD,2016020667,away,4,2.0,0.0,2.0,1.0,0.0,0.0,1,2,2017-01-17,REG
NJD_MIN_2017-01-17,MIN,2016020667,home,3,5.0,0.0,2.0,1.0,0.0,0.0,0,2,2017-01-17,REG
FLA_CGY_2017-01-17,FLA,2016020669,away,2,2.0,0.0,2.0,1.0,2.0,3.0,0,2,2017-01-17,REG
FLA_CGY_2017-01-17,CGY,2016020669,home,5,0.0,0.0,6.0,1.0,2.0,1.0,1,2,2017-01-17,REG
CHI_COL_2017-01-17,CHI,2016020668,away,6,0.0,0.0,3.0,2.0,0.0,1.0,1,2,2017-01-17,REG
CHI_COL_2017-01-17,COL,2016020668,home,4,3.0,0.0,1.0,3.0,1.0,2.0,0,2,2017-01-17,REG
NSH_VAN_2017-01-17,NSH,2016020670,away,0,3.0,0.0,4.0,0.0,0.0,0.0,0,2,2017-01-17,REG
NSH_VAN_2017-01-17,VAN,2016020670,home,1,3.0,0.0,5.0,2.0,1.0,0.0,1,2,2017-01-17,REG
TBL_ANA_2017-01-17,TBL,2016020671,away,1,2.0,0.0,4.0,2.0,7.0,0.0,0,2,2017-01-17,OT
TBL_ANA_2017-01-17,ANA,2016020671,home,2,5.0,0.0,1.0,3.0,3.0,1.0,1,2,2017-01-17,OT
PIT_MTL_2017-01-18,PIT,2016020672,away,4,5.0,0.0,4.0,5.0,1.0,1.0,1,2,2017-01-18,REG
PIT_MTL_2017-01-18,MTL,2016020672,home,1,1.0,0.0,3.0,3.0,2.0,2.0,0,2,2017-01-18,REG
ARI_WPG_2017-01-18,ARI,2016020673,away,3,4.0,0.0,4.0,2.0,1.0,0.0,0,2,2017-01-18,REG
ARI_WPG_2017-01-18,WPG,2016020673,home,6,2.0,0.0,2.0,0.0,2.0,2.0,1,2,2017-01-18,REG
BOS_DET_2017-01-18,BOS,2016020674,away,5,2.0,0.0,5.0,0.0,1.0,0.0,0,2,2017-01-18,SO
BOS_DET_2017-01-18,DET,2016020674,home,6,5.0,0.0,2.0,1.0,4.0,0.0,1,2,2017-01-18,SO
FLA_EDM_2017-01-18,FLA,2016020675,away,3,3.0,0.0,6.0,1.0,1.0,0.0,0,2,2017-01-18,OT
FLA_EDM_2017-01-18,EDM,2016020675,home,4,2.0,0.0,3.0,4.0,8.0,2.0,1,2,2017-01-18,OT
SJS_LAK_2017-01-18,SJS,2016020676,away,3,7.0,1.0,4.0,3.0,1.0,0.0,1,2,2017-01-18,REG
SJS_LAK_2017-01-18,LAK,2016020676,home,2,2.0,0.0,1.0,0.0,0.0,1.0,0,2,2017-01-18,REG
OTT_CBJ_2017-01-19,OTT,2016020678,away,2,2.0,0.0,3.0,3.0,1.0,0.0,1,2,2017-01-19,REG
OTT_CBJ_2017-01-19,CBJ,2016020678,home,0,1.0,0.0,4.0,1.0,0.0,1.0,0,2,2017-01-19,REG
DAL_NYI_2017-01-19,DAL,2016020677,away,0,2.0,0.0,1.0,1.0,0.0,3.0,0,2,2017-01-19,REG
DAL_NYI_2017-01-19,NYI,2016020677,home,3,0.0,0.0,3.0,1.0,1.0,0.0,1,2,2017-01-19,REG
NYR_TOR_2017-01-19,NYR,2016020679,away,5,2.0,0.0,8.0,2.0,1.0,2.0,1,2,2017-01-19,REG
NYR_TOR_2017-01-19,TOR,2016020679,home,2,5.0,0.0,4.0,0.0,1.0,2.0,0,2,2017-01-19,REG
WSH_STL_2017-01-19,WSH,2016020680,away,7,2.0,0.0,2.0,1.0,1.0,0.0,1,2,2017-01-19,REG
WSH_STL_2017-01-19,STL,2016020680,home,3,3.0,0.0,1.0,0.0,0.0,0.0,0,2,2017-01-19,REG
ARI_MIN_2017-01-19,ARI,2016020681,away,3,3.0,0.0,1.0,1.0,1.0,0.0,0,2,2017-01-19,REG
ARI_MIN_2017-01-19,MIN,2016020681,home,4,2.0,0.0,3.0,2.0,0.0,0.0,1,2,2017-01-19,REG
NSH_CGY_2017-01-19,NSH,2016020682,away,4,0.0,0.0,2.0,2.0,0.0,0.0,1,2,2017-01-19,REG
NSH_CGY_2017-01-19,CGY,2016020682,home,3,1.0,1.0,5.0,1.0,2.0,0.0,0,2,2017-01-19,REG
COL_ANA_2017-01-19,COL,2016020683,away,1,5.0,0.0,0.0,6.0,1.0,1.0,0,2,2017-01-19,REG
COL_ANA_2017-01-19,ANA,2016020683,home,2,2.0,0.0,2.0,0.0,1.0,0.0,1,2,2017-01-19,REG
TBL_SJS_2017-01-19,TBL,2016020684,away,1,4.0,0.0,3.0,2.0,1.0,1.0,0,2,2017-01-19,REG
TBL_SJS_2017-01-19,SJS,2016020684,home,2,3.0,0.0,2.0,4.0,0.0,2.0,1,2,2017-01-19,REG
CHI_BOS_2017-01-20,CHI,2016020685,away,1,2.0,0.0,3.0,0.0,3.0,2.0,1,2,2017-01-20,REG
CHI_BOS_2017-01-20,BOS,2016020685,home,0,1.0,0.0,1.0,4.0,0.0,0.0,0,2,2017-01-20,REG
DET_BUF_2017-01-20,DET,2016020686,away,2,1.0,0.0,3.0,1.0,0.0,0.0,0,2,2017-01-20,OT
DET_BUF_2017-01-20,BUF,2016020686,home,3,3.0,0.0,3.0,2.0,1.0,0.0,1,2,2017-01-20,OT
PIT_CAR_2017-01-20,PIT,2016020687,away,7,3.0,0.0,2.0,3.0,0.0,0.0,1,2,2017-01-20,REG
PIT_CAR_2017-01-20,CAR,2016020687,home,1,3.0,0.0,2.0,0.0,1.0,2.0,0,2,2017-01-20,REG
MTL_NJD_2017-01-20,MTL,2016020688,away,3,3.0,1.0,6.0,2.0,0.0,1.0,1,2,2017-01-20,REG
MTL_NJD_2017-01-20,NJD,2016020688,home,1,3.0,0.0,3.0,2.0,0.0,0.0,0,2,2017-01-20,REG
NSH_EDM_2017-01-20,NSH,2016020689,away,3,3.0,0.0,1.0,1.0,2.0,0.0,1,2,2017-01-20,SO
NSH_EDM_2017-01-20,EDM,2016020689,home,2,2.0,0.0,4.0,3.0,1.0,2.0,0,2,2017-01-20,SO
FLA_VAN_2017-01-20,FLA,2016020690,away,1,3.0,0.0,6.0,1.0,0.0,1.0,0,2,2017-01-20,REG
FLA_VAN_2017-01-20,VAN,2016020690,home,2,3.0,0.0,5.0,4.0,0.0,1.0,1,2,2017-01-20,REG
STL_WPG_2017-01-21,STL,2016020691,away,3,0.0,0.0,1.0,1.0,1.0,1.0,0,2,2017-01-21,REG
STL_WPG_2017-01-21,WPG,2016020691,home,5,2.0,0.0,0.0,0.0,3.0,0.0,1,2,2017-01-21,REG
CAR_CBJ_2017-01-21,CAR,2016020692,away,2,3.0,0.0,2.0,0.0,0.0,1.0,0,2,2017-01-21,REG
CAR_CBJ_2017-01-21,CBJ,2016020692,home,3,1.0,0.0,0.0,0.0,0.0,4.0,1,2,2017-01-21,REG
OTT_TOR_2017-01-21,OTT,2016020693,away,3,4.0,0.0,4.0,2.0,0.0,1.0,1,2,2017-01-21,SO
OTT_TOR_2017-01-21,TOR,2016020693,home,2,2.0,0.0,3.0,0.0,2.0,2.0,0,2,2017-01-21,SO
LAK_NYI_2017-01-21,LAK,2016020695,away,2,2.0,0.0,3.0,2.0,3.0,0.0,0,2,2017-01-21,REG
LAK_NYI_2017-01-21,NYI,2016020695,home,4,2.0,0.0,1.0,1.0,3.0,1.0,1,2,2017-01-21,REG
NJD_PHI_2017-01-21,NJD,2016020696,away,4,1.0,0.0,3.0,4.0,2.0,1.0,1,2,2017-01-21,REG
NJD_PHI_2017-01-21,PHI,2016020696,home,1,11.0,0.0,7.0,0.0,0.0,1.0,0,2,2017-01-21,REG
BUF_MTL_2017-01-21,BUF,2016020694,away,3,6.0,0.0,8.0,1.0,2.0,0.0,1,2,2017-01-21,OT
BUF_MTL_2017-01-21,MTL,2016020694,home,2,0.0,0.0,6.0,4.0,2.0,0.0,0,2,2017-01-21,OT
WSH_DAL_2017-01-21,WSH,2016020697,away,4,6.0,1.0,3.0,1.0,1.0,1.0,1,2,2017-01-21,OT
WSH_DAL_2017-01-21,DAL,2016020697,home,3,2.0,0.0,2.0,3.0,2.0,0.0,0,2,2017-01-21,OT
TBL_ARI_2017-01-21,TBL,2016020698,away,3,2.0,0.0,9.0,2.0,1.0,0.0,0,2,2017-01-21,REG
TBL_ARI_2017-01-21,ARI,2016020698,home,5,3.0,0.0,4.0,2.0,1.0,0.0,1,2,2017-01-21,REG
ANA_MIN_2017-01-21,ANA,2016020699,away,3,5.0,0.0,4.0,2.0,1.0,0.0,0,2,2017-01-21,REG
ANA_MIN_2017-01-21,MIN,2016020699,home,5,0.0,0.0,3.0,2.0,0.0,0.0,1,2,2017-01-21,REG
EDM_CGY_2017-01-21,EDM,2016020700,away,7,1.0,0.0,7.0,1.0,1.0,0.0,1,2,2017-01-21,REG
EDM_CGY_2017-01-21,CGY,2016020700,home,3,0.0,0.0,3.0,0.0,1.0,0.0,0,2,2017-01-21,REG
COL_SJS_2017-01-21,COL,2016020701,away,2,7.0,0.0,3.0,3.0,3.0,1.0,0,2,2017-01-21,OT
COL_SJS_2017-01-21,SJS,2016020701,home,3,1.0,0.0,2.0,2.0,0.0,0.0,1,2,2017-01-21,OT
NYR_DET_2017-01-22,NYR,2016020703,away,1,0.0,0.0,1.0,0.0,1.0,0.0,1,2,2017-01-22,OT
NYR_DET_2017-01-22,DET,2016020703,home,0,1.0,0.0,2.0,2.0,2.0,0.0,0,2,2017-01-22,OT
BOS_PIT_2017-01-22,BOS,2016020702,away,1,9.0,0.0,2.0,1.0,0.0,0.0,0,2,2017-01-22,REG
BOS_PIT_2017-01-22,PIT,2016020702,home,5,4.0,0.0,1.0,3.0,0.0,0.0,1,2,2017-01-22,REG
CBJ_OTT_2017-01-22,CBJ,2016020704,away,7,1.0,0.0,2.0,3.0,0.0,1.0,1,2,2017-01-22,OT
CBJ_OTT_2017-01-22,OTT,2016020704,home,6,1.0,1.0,4.0,1.0,2.0,0.0,0,2,2017-01-22,OT
PHI_NYI_2017-01-22,PHI,2016020705,away,3,4.0,0.0,7.0,1.0,1.0,0.0,1,2,2017-01-22,OT
PHI_NYI_2017-01-22,NYI,2016020705,home,2,2.0,0.0,3.0,2.0,6.0,1.0,0,2,2017-01-22,OT
VAN_CHI_2017-01-22,VAN,2016020706,away,2,3.0,0.0,2.0,2.0,0.0,0.0,0,2,2017-01-22,REG
VAN_CHI_2017-01-22,CHI,2016020706,home,4,0.0,0.0,7.0,0.0,0.0,1.0,1,2,2017-01-22,REG
NSH_MIN_2017-01-22,NSH,2016020707,away,4,2.0,0.0,6.0,3.0,0.0,1.0,1,2,2017-01-22,REG
NSH_MIN_2017-01-22,MIN,2016020707,home,2,2.0,0.0,2.0,1.0,1.0,2.0,0,2,2017-01-22,REG
LAK_NYR_2017-01-23,LAK,2016020708,away,2,5.0,0.0,1.0,3.0,1.0,1.0,0,2,2017-01-23,REG
LAK_NYR_2017-01-23,NYR,2016020708,home,3,2.0,0.0,1.0,6.0,5.0,0.0,1,2,2017-01-23,REG
CAR_WSH_2017-01-23,CAR,2016020709,away,1,4.0,0.0,2.0,1.0,0.0,1.0,0,2,2017-01-23,REG
CAR_WSH_2017-01-23,WSH,2016020709,home,6,4.0,0.0,4.0,1.0,2.0,0.0,1,2,2017-01-23,REG
CGY_TOR_2017-01-23,CGY,2016020710,away,0,4.0,0.0,3.0,2.0,2.0,2.0,0,2,2017-01-23,REG
CGY_TOR_2017-01-23,TOR,2016020710,home,4,1.0,0.0,4.0,3.0,2.0,1.0,1,2,2017-01-23,REG
ANA_WPG_2017-01-23,ANA,2016020711,away,3,3.0,0.0,4.0,1.0,2.0,0.0,1,2,2017-01-23,REG
ANA_WPG_2017-01-23,WPG,2016020711,home,2,2.0,0.0,5.0,0.0,1.0,0.0,0,2,2017-01-23,REG
SJS_COL_2017-01-23,SJS,2016020712,away,5,2.0,0.0,3.0,2.0,1.0,0.0,1,2,2017-01-23,REG
SJS_COL_2017-01-23,COL,2016020712,home,2,3.0,0.0,4.0,1.0,2.0,0.0,0,2,2017-01-23,REG
FLA_ARI_2017-01-23,FLA,2016020713,away,2,2.0,0.0,2.0,5.0,1.0,0.0,0,2,2017-01-23,OT
FLA_ARI_2017-01-23,ARI,2016020713,home,3,7.0,0.0,5.0,3.0,0.0,2.0,1,2,2017-01-23,OT
CBJ_NYI_2017-01-24,CBJ,2016020716,away,2,3.0,0.0,6.0,3.0,1.0,1.0,0,2,2017-01-24,REG
CBJ_NYI_2017-01-24,NYI,2016020716,home,4,1.0,0.0,2.0,0.0,5.0,0.0,1,2,2017-01-24,REG
STL_PIT_2017-01-24,STL,2016020717,away,3,10.0,0.0,2.0,3.0,0.0,0.0,1,2,2017-01-24,REG
STL_PIT_2017-01-24,PIT,2016020717,home,0,2.0,0.0,8.0,2.0,1.0,1.0,0,2,2017-01-24,REG
DET_BOS_2017-01-24,DET,2016020714,away,3,3.0,0.0,2.0,2.0,2.0,0.0,0,2,2017-01-24,OT
DET_BOS_2017-01-24,BOS,2016020714,home,4,7.0,0.0,2.0,1.0,4.0,2.0,1,2,2017-01-24,OT
LAK_NJD_2017-01-24,LAK,2016020715,away,3,0.0,0.0,0.0,0.0,0.0,1.0,1,2,2017-01-24,REG
LAK_NJD_2017-01-24,NJD,2016020715,home,1,1.0,0.0,2.0,0.0,0.0,0.0,0,2,2017-01-24,REG
CGY_MTL_2017-01-24,CGY,2016020718,away,1,2.0,0.0,7.0,3.0,1.0,2.0,0,2,2017-01-24,REG
CGY_MTL_2017-01-24,MTL,2016020718,home,5,2.0,0.0,3.0,2.0,2.0,0.0,1,2,2017-01-24,REG
WSH_OTT_2017-01-24,WSH,2016020719,away,0,8.0,0.0,11.0,3.0,0.0,0.0,0,2,2017-01-24,REG
WSH_OTT_2017-01-24,OTT,2016020719,home,3,2.0,0.0,6.0,4.0,1.0,1.0,1,2,2017-01-24,REG
BUF_NSH_2017-01-24,BUF,2016020720,away,5,1.0,0.0,11.0,1.0,0.0,0.0,1,2,2017-01-24,OT
BUF_NSH_2017-01-24,NSH,2016020720,home,4,1.0,0.0,8.0,1.0,1.0,0.0,0,2,2017-01-24,OT
SJS_WPG_2017-01-24,SJS,2016020721,away,4,1.0,0.0,2.0,2.0,0.0,1.0,1,2,2017-01-24,REG
SJS_WPG_2017-01-24,WPG,2016020721,home,3,0.0,0.0,3.0,2.0,1.0,2.0,0,2,2017-01-24,REG
TBL_CHI_2017-01-24,TBL,2016020722,away,5,2.0,0.0,5.0,1.0,0.0,1.0,1,2,2017-01-24,REG
TBL_CHI_2017-01-24,CHI,2016020722,home,2,0.0,0.0,7.0,3.0,1.0,4.0,0,2,2017-01-24,REG
MIN_DAL_2017-01-24,MIN,2016020723,away,3,1.0,0.0,3.0,0.0,0.0,0.0,1,2,2017-01-24,SO
MIN_DAL_2017-01-24,DAL,2016020723,home,2,2.0,0.0,2.0,1.0,2.0,0.0,0,2,2017-01-24,SO
TOR_DET_2017-01-25,TOR,2016020724,away,4,1.0,0.0,3.0,2.0,2.0,0.0,1,2,2017-01-25,REG
TOR_DET_2017-01-25,DET,2016020724,home,0,4.0,0.0,3.0,1.0,1.0,0.0,0,2,2017-01-25,REG
PHI_NYR_2017-01-25,PHI,2016020725,away,2,10.0,0.0,4.0,1.0,2.0,1.0,1,2,2017-01-25,REG
PHI_NYR_2017-01-25,NYR,2016020725,home,0,3.0,0.0,3.0,2.0,4.0,1.0,0,2,2017-01-25,REG
VAN_COL_2017-01-25,VAN,2016020726,away,3,2.0,0.0,4.0,1.0,0.0,0.0,1,2,2017-01-25,REG
VAN_COL_2017-01-25,COL,2016020726,home,2,5.0,0.0,2.0,1.0,2.0,1.0,0,2,2017-01-25,REG
EDM_ANA_2017-01-25,EDM,2016020727,away,4,2.0,0.0,4.0,1.0,2.0,0.0,1,2,2017-01-25,REG
EDM_ANA_2017-01-25,ANA,2016020727,home,0,3.0,0.0,3.0,1.0,5.0,0.0,0,2,2017-01-25,REG
TOR_PHI_2017-01-26,TOR,2016020731,away,1,1.0,0.0,0.0,1.0,3.0,0.0,0,2,2017-01-26,REG
TOR_PHI_2017-01-26,PHI,2016020731,home,2,7.0,0.0,1.0,2.0,1.0,1.0,1,2,2017-01-26,REG
MTL_NYI_2017-01-26,MTL,2016020730,away,1,2.0,1.0,2.0,0.0,1.0,1.0,0,2,2017-01-26,REG
MTL_NYI_2017-01-26,NYI,2016020730,home,3,1.0,0.0,4.0,1.0,1.0,0.0,1,2,2017-01-26,REG
PIT_BOS_2017-01-26,PIT,2016020728,away,3,1.0,0.0,3.0,0.0,0.0,1.0,0,2,2017-01-26,REG
PIT_BOS_2017-01-26,BOS,2016020728,home,4,5.0,0.0,0.0,1.0,0.0,1.0,1,2,2017-01-26,REG
WSH_NJD_2017-01-26,WSH,2016020729,away,5,3.0,0.0,5.0,0.0,1.0,1.0,1,2,2017-01-26,REG
WSH_NJD_2017-01-26,NJD,2016020729,home,2,1.0,0.0,5.0,3.0,3.0,1.0,0,2,2017-01-26,REG
LAK_CAR_2017-01-26,LAK,2016020732,away,3,9.0,0.0,1.0,1.0,1.0,1.0,1,2,2017-01-26,REG
LAK_CAR_2017-01-26,CAR,2016020732,home,0,3.0,0.0,3.0,1.0,0.0,3.0,0,2,2017-01-26,REG
CGY_OTT_2017-01-26,CGY,2016020733,away,3,2.0,0.0,2.0,2.0,1.0,1.0,1,2,2017-01-26,OT
CGY_OTT_2017-01-26,OTT,2016020733,home,2,1.0,0.0,5.0,1.0,2.0,0.0,0,2,2017-01-26,OT
TBL_FLA_2017-01-26,TBL,2016020734,away,1,0.0,0.0,2.0,1.0,1.0,0.0,0,2,2017-01-26,OT
TBL_FLA_2017-01-26,FLA,2016020734,home,2,3.0,0.0,5.0,2.0,3.0,1.0,1,2,2017-01-26,OT
STL_MIN_2017-01-26,STL,2016020736,away,1,2.0,0.0,4.0,5.0,1.0,0.0,0,2,2017-01-26,REG
STL_MIN_2017-01-26,MIN,2016020736,home,5,0.0,0.0,1.0,4.0,0.0,0.0,1,2,2017-01-26,REG
CBJ_NSH_2017-01-26,CBJ,2016020735,away,3,0.0,0.0,7.0,1.0,2.0,1.0,0,2,2017-01-26,REG
CBJ_NSH_2017-01-26,NSH,2016020735,home,4,3.0,0.0,6.0,0.0,2.0,3.0,1,2,2017-01-26,REG
WPG_CHI_2017-01-26,WPG,2016020737,away,5,2.0,0.0,1.0,1.0,0.0,0.0,1,2,2017-01-26,REG
WPG_CHI_2017-01-26,CHI,2016020737,home,3,0.0,1.0,7.0,3.0,2.0,1.0,0,2,2017-01-26,REG
BUF_DAL_2017-01-26,BUF,2016020738,away,3,4.0,0.0,5.0,0.0,0.0,1.0,0,2,2017-01-26,REG
BUF_DAL_2017-01-26,DAL,2016020738,home,4,0.0,0.0,6.0,0.0,2.0,0.0,1,2,2017-01-26,REG
VAN_ARI_2017-01-26,VAN,2016020739,away,0,2.0,0.0,3.0,0.0,1.0,1.0,0,2,2017-01-26,REG
VAN_ARI_2017-01-26,ARI,2016020739,home,3,5.0,0.0,4.0,6.0,0.0,0.0,1,2,2017-01-26,REG
EDM_SJS_2017-01-26,EDM,2016020740,away,4,0.0,1.0,5.0,2.0,2.0,2.0,1,2,2017-01-26,REG
EDM_SJS_2017-01-26,SJS,2016020740,home,1,4.0,0.0,2.0,0.0,3.0,1.0,0,2,2017-01-26,REG
CBJ_NYR_2017-01-31,CBJ,2016020742,away,6,0.0,0.0,6.0,0.0,0.0,1.0,1,2,2017-01-31,REG
CBJ_NYR_2017-01-31,NYR,2016020742,home,4,3.0,0.0,2.0,4.0,1.0,1.0,0,2,2017-01-31,REG
WSH_NYI_2017-01-31,WSH,2016020741,away,2,5.0,0.0,9.0,1.0,2.0,1.0,0,2,2017-01-31,REG
WSH_NYI_2017-01-31,NYI,2016020741,home,3,1.0,1.0,5.0,2.0,1.0,1.0,1,2,2017-01-31,REG
NSH_PIT_2017-01-31,NSH,2016020743,away,2,0.0,0.0,6.0,2.0,0.0,1.0,0,2,2017-01-31,REG
NSH_PIT_2017-01-31,PIT,2016020743,home,4,2.0,0.0,5.0,5.0,0.0,0.0,1,2,2017-01-31,REG
PHI_CAR_2017-01-31,PHI,2016020744,away,1,6.0,1.0,2.0,0.0,0.0,1.0,0,2,2017-01-31,REG
PHI_CAR_2017-01-31,CAR,2016020744,home,5,2.0,0.0,1.0,3.0,5.0,6.0,1,2,2017-01-31,REG
BUF_MTL_2017-01-31,BUF,2016020745,away,2,5.0,0.0,5.0,2.0,4.0,0.0,0,2,2017-01-31,REG
BUF_MTL_2017-01-31,MTL,2016020745,home,5,2.0,0.0,5.0,1.0,3.0,0.0,1,2,2017-01-31,REG
BOS_TBL_2017-01-31,BOS,2016020747,away,4,2.0,0.0,2.0,1.0,0.0,0.0,1,2,2017-01-31,REG
BOS_TBL_2017-01-31,TBL,2016020747,home,3,2.0,0.0,3.0,1.0,1.0,0.0,0,2,2017-01-31,REG
NJD_DET_2017-01-31,NJD,2016020746,away,4,1.0,0.0,0.0,2.0,0.0,0.0,1,2,2017-01-31,REG
NJD_DET_2017-01-31,DET,2016020746,home,3,5.0,0.0,3.0,0.0,0.0,0.0,0,2,2017-01-31,REG
OTT_FLA_2017-01-31,OTT,2016020748,away,5,0.0,0.0,3.0,1.0,1.0,0.0,0,2,2017-01-31,REG
OTT_FLA_2017-01-31,FLA,2016020748,home,6,1.0,0.0,2.0,2.0,2.0,1.0,1,2,2017-01-31,REG
WPG_STL_2017-01-31,WPG,2016020749,away,5,3.0,0.0,1.0,0.0,0.0,0.0,1,2,2017-01-31,REG
WPG_STL_2017-01-31,STL,2016020749,home,3,4.0,0.0,1.0,0.0,0.0,0.0,0,2,2017-01-31,REG
TOR_DAL_2017-01-31,TOR,2016020750,away,3,1.0,0.0,5.0,0.0,0.0,0.0,0,2,2017-01-31,REG
TOR_DAL_2017-01-31,DAL,2016020750,home,6,1.0,0.0,4.0,1.0,1.0,0.0,1,2,2017-01-31,REG
LAK_ARI_2017-01-31,LAK,2016020752,away,3,5.0,0.0,4.0,3.0,2.0,0.0,1,2,2017-01-31,REG
LAK_ARI_2017-01-31,ARI,2016020752,home,2,3.0,0.0,1.0,0.0,0.0,0.0,0,2,2017-01-31,REG
MIN_EDM_2017-01-31,MIN,2016020751,away,5,0.0,0.0,5.0,2.0,0.0,0.0,1,2,2017-01-31,REG
MIN_EDM_2017-01-31,EDM,2016020751,home,2,0.0,0.0,9.0,3.0,6.0,0.0,0,2,2017-01-31,REG
COL_ANA_2017-01-31,COL,2016020753,away,1,2.0,0.0,2.0,1.0,0.0,0.0,0,2,2017-01-31,REG
COL_ANA_2017-01-31,ANA,2016020753,home,5,4.0,0.0,2.0,3.0,0.0,0.0,1,2,2017-01-31,REG
CHI_SJS_2017-01-31,CHI,2016020754,away,1,0.0,0.0,6.0,3.0,5.0,0.0,0,2,2017-01-31,REG
CHI_SJS_2017-01-31,SJS,2016020754,home,3,7.0,0.0,4.0,3.0,1.0,2.0,1,2,2017-01-31,REG
BOS_WSH_2017-02-01,BOS,2016020755,away,3,2.0,0.0,3.0,1.0,1.0,1.0,0,2,2017-02-01,REG
BOS_WSH_2017-02-01,WSH,2016020755,home,5,4.0,1.0,8.0,2.0,3.0,1.0,1,2,2017-02-01,REG
MIN_CGY_2017-02-01,MIN,2016020756,away,1,3.0,0.0,0.0,1.0,1.0,1.0,0,2,2017-02-01,REG
MIN_CGY_2017-02-01,CGY,2016020756,home,5,2.0,0.0,2.0,1.0,0.0,0.0,1,2,2017-02-01,REG
COL_LAK_2017-02-01,COL,2016020757,away,0,3.0,0.0,2.0,2.0,0.0,0.0,0,2,2017-02-01,REG
COL_LAK_2017-02-01,LAK,2016020757,home,5,2.0,0.0,3.0,0.0,1.0,0.0,1,2,2017-02-01,REG
MTL_PHI_2017-02-02,MTL,2016020759,away,1,4.0,0.0,3.0,6.0,1.0,0.0,0,2,2017-02-02,REG
MTL_PHI_2017-02-02,PHI,2016020759,home,3,9.0,0.0,1.0,0.0,2.0,1.0,1,2,2017-02-02,REG
OTT_TBL_2017-02-02,OTT,2016020760,away,5,0.0,1.0,7.0,2.0,0.0,0.0,1,2,2017-02-02,REG
OTT_TBL_2017-02-02,TBL,2016020760,home,2,1.0,0.0,2.0,5.0,1.0,1.0,0,2,2017-02-02,REG
NYR_BUF_2017-02-02,NYR,2016020758,away,2,3.0,0.0,5.0,2.0,0.0,0.0,1,2,2017-02-02,OT
NYR_BUF_2017-02-02,BUF,2016020758,home,1,4.0,0.0,9.0,2.0,1.0,2.0,0,2,2017-02-02,OT
EDM_NSH_2017-02-02,EDM,2016020762,away,0,4.0,0.0,4.0,2.0,2.0,0.0,0,2,2017-02-02,REG
EDM_NSH_2017-02-02,NSH,2016020762,home,2,3.0,0.0,3.0,0.0,3.0,2.0,1,2,2017-02-02,REG
WPG_DAL_2017-02-02,WPG,2016020763,away,4,2.0,0.0,3.0,2.0,2.0,0.0,1,2,2017-02-02,REG
WPG_DAL_2017-02-02,DAL,2016020763,home,3,3.0,0.0,6.0,1.0,1.0,3.0,0,2,2017-02-02,REG
CHI_ARI_2017-02-02,CHI,2016020764,away,4,0.0,0.0,0.0,4.0,1.0,0.0,1,2,2017-02-02,REG
CHI_ARI_2017-02-02,ARI,2016020764,home,3,3.0,0.0,1.0,1.0,0.0,1.0,0,2,2017-02-02,REG
TOR_STL_2017-02-02,TOR,2016020761,away,1,1.0,0.0,2.0,2.0,1.0,1.0,0,2,2017-02-02,REG
TOR_STL_2017-02-02,STL,2016020761,home,5,4.0,0.0,3.0,1.0,0.0,0.0,1,2,2017-02-02,REG
SJS_VAN_2017-02-02,SJS,2016020765,away,4,3.0,0.0,1.0,4.0,0.0,0.0,1,2,2017-02-02,REG
SJS_VAN_2017-02-02,VAN,2016020765,home,1,0.0,0.0,3.0,3.0,2.0,1.0,0,2,2017-02-02,REG
CBJ_PIT_2017-02-03,CBJ,2016020766,away,3,4.0,0.0,9.0,5.0,1.0,1.0,0,2,2017-02-03,OT
CBJ_PIT_2017-02-03,PIT,2016020766,home,4,3.0,0.0,2.0,3.0,2.0,0.0,1,2,2017-02-03,OT
ANA_FLA_2017-02-03,ANA,2016020768,away,1,1.0,0.0,3.0,3.0,0.0,1.0,0,2,2017-02-03,REG
ANA_FLA_2017-02-03,FLA,2016020768,home,2,1.0,0.0,6.0,2.0,1.0,0.0,1,2,2017-02-03,REG
CGY_NJD_2017-02-03,CGY,2016020769,away,4,1.0,1.0,6.0,2.0,1.0,1.0,1,2,2017-02-03,OT
CGY_NJD_2017-02-03,NJD,2016020769,home,3,1.0,0.0,6.0,3.0,0.0,0.0,0,2,2017-02-03,OT
NYI_DET_2017-02-03,NYI,2016020767,away,4,2.0,0.0,1.0,0.0,0.0,0.0,0,2,2017-02-03,REG
NYI_DET_2017-02-03,DET,2016020767,home,5,5.0,0.0,2.0,1.0,0.0,0.0,1,2,2017-02-03,REG
EDM_CAR_2017-02-03,EDM,2016020770,away,1,2.0,0.0,1.0,1.0,1.0,3.0,0,2,2017-02-03,REG
EDM_CAR_2017-02-03,CAR,2016020770,home,2,1.0,0.0,3.0,0.0,2.0,0.0,1,2,2017-02-03,REG
LAK_PHI_2017-02-04,LAK,2016020772,away,1,3.0,0.0,2.0,3.0,0.0,1.0,1,2,2017-02-04,OT
LAK_PHI_2017-02-04,PHI,2016020772,home,0,7.0,0.0,1.0,1.0,1.0,0.0,0,2,2017-02-04,OT
WSH_MTL_2017-02-04,WSH,2016020771,away,3,2.0,0.0,6.0,3.0,3.0,0.0,1,2,2017-02-04,REG
WSH_MTL_2017-02-04,MTL,2016020771,home,2,2.0,0.0,1.0,0.0,2.0,0.0,0,2,2017-02-04,REG
WPG_COL_2017-02-04,WPG,2016020773,away,2,4.0,0.0,4.0,2.0,0.0,0.0,0,2,2017-02-04,REG
WPG_COL_2017-02-04,COL,2016020773,home,5,5.0,0.0,2.0,0.0,0.0,1.0,1,2,2017-02-04,REG
OTT_BUF_2017-02-04,OTT,2016020775,away,0,1.0,0.0,7.0,0.0,2.0,0.0,0,2,2017-02-04,REG
OTT_BUF_2017-02-04,BUF,2016020775,home,4,7.0,0.0,6.0,2.0,1.0,0.0,1,2,2017-02-04,REG
CAR_NYI_2017-02-04,CAR,2016020777,away,5,2.0,0.0,2.0,3.0,0.0,0.0,1,2,2017-02-04,OT
CAR_NYI_2017-02-04,NYI,2016020777,home,4,1.0,0.0,5.0,1.0,0.0,3.0,0,2,2017-02-04,OT
NJD_CBJ_2017-02-04,NJD,2016020778,away,5,0.0,0.0,8.0,3.0,0.0,0.0,1,2,2017-02-04,REG
NJD_CBJ_2017-02-04,CBJ,2016020778,home,1,1.0,0.0,3.0,0.0,2.0,3.0,0,2,2017-02-04,REG
TOR_BOS_2017-02-04,TOR,2016020774,away,6,5.0,0.0,1.0,1.0,0.0,2.0,1,2,2017-02-04,REG
TOR_BOS_2017-02-04,BOS,2016020774,home,5,9.0,0.0,4.0,2.0,1.0,1.0,0,2,2017-02-04,REG
ANA_TBL_2017-02-04,ANA,2016020776,away,2,4.0,0.0,1.0,2.0,0.0,1.0,0,2,2017-02-04,SO
ANA_TBL_2017-02-04,TBL,2016020776,home,3,3.0,0.0,4.0,3.0,2.0,1.0,1,2,2017-02-04,SO
DET_NSH_2017-02-04,DET,2016020780,away,1,2.0,0.0,2.0,5.0,0.0,1.0,1,2,2017-02-04,REG
DET_NSH_2017-02-04,NSH,2016020780,home,0,0.0,0.0,9.0,0.0,2.0,2.0,0,2,2017-02-04,REG
PIT_STL_2017-02-04,PIT,2016020779,away,4,2.0,0.0,1.0,3.0,0.0,1.0,1,2,2017-02-04,REG
PIT_STL_2017-02-04,STL,2016020779,home,1,2.0,0.0,2.0,1.0,0.0,0.0,0,2,2017-02-04,REG
CHI_DAL_2017-02-04,CHI,2016020781,away,5,0.0,0.0,1.0,1.0,1.0,2.0,1,2,2017-02-04,REG
CHI_DAL_2017-02-04,DAL,2016020781,home,3,1.0,0.0,5.0,1.0,2.0,0.0,0,2,2017-02-04,REG
MIN_VAN_2017-02-04,MIN,2016020782,away,6,0.0,0.0,5.0,2.0,1.0,0.0,1,2,2017-02-04,REG
MIN_VAN_2017-02-04,VAN,2016020782,home,3,1.0,0.0,4.0,1.0,0.0,1.0,0,2,2017-02-04,REG
ARI_SJS_2017-02-04,ARI,2016020783,away,3,1.0,0.0,4.0,1.0,1.0,0.0,1,2,2017-02-04,SO
ARI_SJS_2017-02-04,SJS,2016020783,home,2,3.0,0.0,6.0,0.0,2.0,1.0,0,2,2017-02-04,SO
LAK_WSH_2017-02-05,LAK,2016020784,away,0,4.0,0.0,8.0,2.0,1.0,0.0,0,2,2017-02-05,REG
LAK_WSH_2017-02-05,WSH,2016020784,home,5,7.0,0.0,5.0,3.0,5.0,1.0,1,2,2017-02-05,REG
EDM_MTL_2017-02-05,EDM,2016020785,away,1,2.0,0.0,6.0,3.0,4.0,2.0,1,2,2017-02-05,SO
EDM_MTL_2017-02-05,MTL,2016020785,home,0,1.0,0.0,4.0,4.0,1.0,1.0,0,2,2017-02-05,SO
CGY_NYR_2017-02-05,CGY,2016020786,away,3,2.0,0.0,3.0,1.0,2.0,0.0,0,2,2017-02-05,REG
CGY_NYR_2017-02-05,NYR,2016020786,home,4,2.0,0.0,5.0,2.0,1.0,0.0,1,2,2017-02-05,REG
TOR_NYI_2017-02-06,TOR,2016020788,away,5,2.0,0.0,3.0,2.0,1.0,0.0,0,2,2017-02-06,OT
TOR_NYI_2017-02-06,NYI,2016020788,home,6,2.0,0.0,1.0,1.0,0.0,0.0,1,2,2017-02-06,OT
STL_PHI_2017-02-06,STL,2016020789,away,2,3.0,0.0,1.0,0.0,1.0,0.0,1,2,2017-02-06,REG
STL_PHI_2017-02-06,PHI,2016020789,home,0,4.0,0.0,4.0,4.0,0.0,0.0,0,2,2017-02-06,REG
BUF_NJD_2017-02-06,BUF,2016020787,away,1,2.0,0.0,7.0,2.0,0.0,0.0,0,2,2017-02-06,REG
BUF_NJD_2017-02-06,NJD,2016020787,home,2,0.0,0.0,5.0,4.0,2.0,1.0,1,2,2017-02-06,REG
CGY_PIT_2017-02-07,CGY,2016020792,away,3,2.0,0.0,4.0,2.0,0.0,3.0,1,2,2017-02-07,SO
CGY_PIT_2017-02-07,PIT,2016020792,home,2,0.0,0.0,3.0,2.0,1.0,0.0,0,2,2017-02-07,SO
ANA_NYR_2017-02-07,ANA,2016020791,away,1,3.0,0.0,4.0,0.0,1.0,0.0,0,2,2017-02-07,REG
ANA_NYR_2017-02-07,NYR,2016020791,home,4,2.0,0.0,0.0,6.0,1.0,2.0,1,2,2017-02-07,REG
SJS_BUF_2017-02-07,SJS,2016020790,away,4,1.0,1.0,8.0,2.0,0.0,0.0,0,2,2017-02-07,OT
SJS_BUF_2017-02-07,BUF,2016020790,home,5,1.0,0.0,7.0,2.0,0.0,0.0,1,2,2017-02-07,OT
CAR_WSH_2017-02-07,CAR,2016020793,away,0,1.0,0.0,1.0,2.0,0.0,2.0,0,2,2017-02-07,REG
CAR_WSH_2017-02-07,WSH,2016020793,home,5,6.0,1.0,8.0,3.0,0.0,3.0,1,2,2017-02-07,REG
CBJ_DET_2017-02-07,CBJ,2016020796,away,3,3.0,0.0,3.0,0.0,0.0,0.0,1,2,2017-02-07,OT
CBJ_DET_2017-02-07,DET,2016020796,home,2,5.0,0.0,2.0,2.0,1.0,0.0,0,2,2017-02-07,OT
STL_OTT_2017-02-07,STL,2016020795,away,6,5.0,0.0,0.0,5.0,0.0,0.0,1,2,2017-02-07,REG
STL_OTT_2017-02-07,OTT,2016020795,home,0,1.0,0.0,4.0,1.0,2.0,0.0,0,2,2017-02-07,REG
LAK_TBL_2017-02-07,LAK,2016020797,away,0,1.0,0.0,3.0,3.0,0.0,1.0,0,2,2017-02-07,REG
LAK_TBL_2017-02-07,TBL,2016020797,home,5,3.0,0.0,2.0,1.0,2.0,1.0,1,2,2017-02-07,REG
DAL_TOR_2017-02-07,DAL,2016020794,away,1,3.0,0.0,7.0,1.0,1.0,1.0,0,2,2017-02-07,REG
DAL_TOR_2017-02-07,TOR,2016020794,home,3,2.0,0.0,4.0,1.0,0.0,0.0,1,2,2017-02-07,REG
VAN_NSH_2017-02-07,VAN,2016020798,away,2,2.0,0.0,2.0,2.0,0.0,0.0,0,2,2017-02-07,REG
VAN_NSH_2017-02-07,NSH,2016020798,home,4,1.0,0.0,3.0,1.0,1.0,2.0,1,2,2017-02-07,REG
MIN_WPG_2017-02-07,MIN,2016020799,away,4,0.0,0.0,0.0,1.0,0.0,0.0,1,2,2017-02-07,REG
MIN_WPG_2017-02-07,WPG,2016020799,home,2,1.0,0.0,1.0,1.0,0.0,0.0,0,2,2017-02-07,REG
MTL_COL_2017-02-07,MTL,2016020800,away,0,0.0,0.0,4.0,2.0,0.0,0.0,0,2,2017-02-07,REG
MTL_COL_2017-02-07,COL,2016020800,home,4,4.0,0.0,2.0,0.0,0.0,0.0,1,2,2017-02-07,REG
CHI_MIN_2017-02-08,CHI,2016020801,away,4,2.0,0.0,5.0,0.0,0.0,0.0,1,2,2017-02-08,OT
CHI_MIN_2017-02-08,MIN,2016020801,home,3,3.0,0.0,5.0,2.0,3.0,1.0,0,2,2017-02-08,OT
VAN_CBJ_2017-02-09,VAN,2016020807,away,3,1.0,0.0,1.0,3.0,0.0,0.0,1,2,2017-02-09,REG
VAN_CBJ_2017-02-09,CBJ,2016020807,home,0,0.0,0.0,1.0,1.0,0.0,0.0,0,2,2017-02-09,REG
NYI_PHI_2017-02-09,NYI,2016020805,away,3,3.0,0.0,3.0,2.0,1.0,1.0,1,2,2017-02-09,REG
NYI_PHI_2017-02-09,PHI,2016020805,home,1,7.0,0.0,5.0,5.0,2.0,0.0,0,2,2017-02-09,REG
NSH_NYR_2017-02-09,NSH,2016020804,away,3,4.0,0.0,2.0,2.0,0.0,1.0,0,2,2017-02-09,REG
NSH_NYR_2017-02-09,NYR,2016020804,home,4,2.0,0.0,4.0,2.0,3.0,2.0,1,2,2017-02-09,REG
ANA_BUF_2017-02-09,ANA,2016020803,away,5,1.0,0.0,5.0,0.0,1.0,1.0,1,2,2017-02-09,REG
ANA_BUF_2017-02-09,BUF,2016020803,home,2,3.0,0.0,3.0,1.0,0.0,0.0,0,2,2017-02-09,REG
DET_WSH_2017-02-09,DET,2016020806,away,3,1.0,0.0,2.0,2.0,1.0,1.0,0,2,2017-02-09,REG
DET_WSH_2017-02-09,WSH,2016020806,home,6,4.0,0.0,0.0,0.0,3.0,0.0,1,2,2017-02-09,REG
SJS_BOS_2017-02-09,SJS,2016020802,away,3,3.0,0.0,2.0,1.0,0.0,0.0,0,2,2017-02-09,REG
SJS_BOS_2017-02-09,BOS,2016020802,home,6,3.0,0.0,4.0,0.0,0.0,0.0,1,2,2017-02-09,REG
LAK_FLA_2017-02-09,LAK,2016020810,away,6,3.0,0.0,4.0,1.0,0.0,2.0,1,2,2017-02-09,REG
LAK_FLA_2017-02-09,FLA,2016020810,home,3,2.0,0.0,7.0,4.0,0.0,0.0,0,2,2017-02-09,REG
STL_TOR_2017-02-09,STL,2016020808,away,2,3.0,0.0,4.0,3.0,2.0,1.0,1,2,2017-02-09,OT
STL_TOR_2017-02-09,TOR,2016020808,home,1,6.0,0.0,1.0,1.0,1.0,0.0,0,2,2017-02-09,OT
DAL_OTT_2017-02-09,DAL,2016020809,away,2,2.0,0.0,4.0,2.0,1.0,0.0,0,2,2017-02-09,REG
DAL_OTT_2017-02-09,OTT,2016020809,home,3,3.0,0.0,3.0,4.0,0.0,0.0,1,2,2017-02-09,REG
PIT_COL_2017-02-09,PIT,2016020811,away,4,1.0,0.0,2.0,1.0,2.0,0.0,1,2,2017-02-09,REG
PIT_COL_2017-02-09,COL,2016020811,home,1,7.0,0.0,2.0,0.0,1.0,0.0,0,2,2017-02-09,REG
MTL_ARI_2017-02-09,MTL,2016020812,away,5,0.0,0.0,3.0,2.0,0.0,0.0,1,2,2017-02-09,OT
MTL_ARI_2017-02-09,ARI,2016020812,home,4,3.0,0.0,1.0,2.0,0.0,1.0,0,2,2017-02-09,OT
CHI_WPG_2017-02-10,CHI,2016020814,away,5,0.0,0.0,1.0,2.0,0.0,1.0,1,2,2017-02-10,REG
CHI_WPG_2017-02-10,WPG,2016020814,home,2,1.0,0.0,0.0,0.0,1.0,1.0,0,2,2017-02-10,REG
TBL_MIN_2017-02-10,TBL,2016020813,away,1,3.0,0.0,8.0,1.0,0.0,0.0,0,2,2017-02-10,SO
TBL_MIN_2017-02-10,MIN,2016020813,home,2,2.0,0.0,2.0,1.0,0.0,0.0,1,2,2017-02-10,SO
SJS_PHI_2017-02-11,SJS,2016020817,away,1,5.0,0.0,2.0,3.0,2.0,0.0,0,2,2017-02-11,OT
SJS_PHI_2017-02-11,PHI,2016020817,home,2,13.0,0.0,2.0,1.0,0.0,1.0,1,2,2017-02-11,OT
NYI_OTT_2017-02-11,NYI,2016020816,away,0,3.0,0.0,4.0,1.0,2.0,0.0,0,2,2017-02-11,REG
NYI_OTT_2017-02-11,OTT,2016020816,home,3,3.0,0.0,2.0,3.0,2.0,2.0,1,2,2017-02-11,REG
VAN_BOS_2017-02-11,VAN,2016020815,away,3,6.0,0.0,2.0,2.0,1.0,2.0,0,2,2017-02-11,REG
VAN_BOS_2017-02-11,BOS,2016020815,home,4,3.0,0.0,2.0,0.0,0.0,1.0,1,2,2017-02-11,REG
FLA_NSH_2017-02-11,FLA,2016020818,away,7,0.0,0.0,4.0,0.0,1.0,2.0,1,2,2017-02-11,REG
FLA_NSH_2017-02-11,NSH,2016020818,home,4,0.0,0.0,4.0,0.0,2.0,4.0,0,2,2017-02-11,REG
CAR_DAL_2017-02-11,CAR,2016020819,away,2,1.0,0.0,2.0,1.0,0.0,1.0,0,2,2017-02-11,REG
CAR_DAL_2017-02-11,DAL,2016020819,home,5,1.0,0.0,7.0,1.0,1.0,1.0,1,2,2017-02-11,REG
DET_CBJ_2017-02-11,DET,2016020820,away,1,1.0,0.0,4.0,1.0,0.0,2.0,0,2,2017-02-11,REG
DET_CBJ_2017-02-11,CBJ,2016020820,home,2,1.0,0.0,5.0,1.0,4.0,0.0,1,2,2017-02-11,REG
TBL_WPG_2017-02-11,TBL,2016020825,away,4,2.0,0.0,4.0,2.0,1.0,0.0,1,2,2017-02-11,REG
TBL_WPG_2017-02-11,WPG,2016020825,home,1,2.0,0.0,0.0,1.0,0.0,0.0,0,2,2017-02-11,REG
STL_MTL_2017-02-11,STL,2016020822,away,4,3.0,0.0,2.0,1.0,2.0,0.0,1,2,2017-02-11,REG
STL_MTL_2017-02-11,MTL,2016020822,home,2,6.0,0.0,7.0,2.0,2.0,0.0,0,2,2017-02-11,REG
BUF_TOR_2017-02-11,BUF,2016020821,away,3,10.0,0.0,3.0,2.0,1.0,2.0,1,2,2017-02-11,REG
BUF_TOR_2017-02-11,TOR,2016020821,home,1,7.0,0.0,3.0,1.0,0.0,0.0,0,2,2017-02-11,REG
COL_NYR_2017-02-11,COL,2016020823,away,2,4.0,0.0,4.0,2.0,0.0,0.0,0,2,2017-02-11,REG
COL_NYR_2017-02-11,NYR,2016020823,home,4,0.0,0.0,5.0,3.0,0.0,4.0,1,2,2017-02-11,REG
ANA_WSH_2017-02-11,ANA,2016020824,away,4,3.0,0.0,2.0,1.0,2.0,1.0,0,2,2017-02-11,REG
ANA_WSH_2017-02-11,WSH,2016020824,home,6,6.0,0.0,4.0,1.0,3.0,1.0,1,2,2017-02-11,REG
PIT_ARI_2017-02-11,PIT,2016020826,away,3,0.0,0.0,1.0,1.0,0.0,0.0,0,2,2017-02-11,OT
PIT_ARI_2017-02-11,ARI,2016020826,home,4,6.0,0.0,4.0,1.0,0.0,1.0,1,2,2017-02-11,OT
CHI_EDM_2017-02-11,CHI,2016020827,away,5,0.0,0.0,1.0,2.0,3.0,0.0,1,2,2017-02-11,REG
CHI_EDM_2017-02-11,EDM,2016020827,home,1,0.0,0.0,4.0,3.0,3.0,0.0,0,2,2017-02-11,REG
SJS_NJD_2017-02-12,SJS,2016020828,away,4,1.0,0.0,3.0,1.0,0.0,0.0,1,2,2017-02-12,REG
SJS_NJD_2017-02-12,NJD,2016020828,home,1,2.0,0.0,4.0,2.0,1.0,1.0,0,2,2017-02-12,REG
DET_MIN_2017-02-12,DET,2016020829,away,3,2.0,0.0,3.0,1.0,0.0,0.0,0,2,2017-02-12,REG
DET_MIN_2017-02-12,MIN,2016020829,home,6,2.0,0.0,2.0,1.0,0.0,0.0,1,2,2017-02-12,REG
DAL_NSH_2017-02-12,DAL,2016020831,away,3,1.0,1.0,3.0,2.0,0.0,0.0,0,2,2017-02-12,REG
DAL_NSH_2017-02-12,NSH,2016020831,home,5,2.0,0.0,8.0,2.0,0.0,4.0,1,2,2017-02-12,REG
COL_NYI_2017-02-12,COL,2016020830,away,1,1.0,0.0,6.0,2.0,1.0,1.0,0,2,2017-02-12,REG
COL_NYI_2017-02-12,NYI,2016020830,home,5,0.0,0.0,1.0,0.0,3.0,2.0,1,2,2017-02-12,REG
VAN_BUF_2017-02-12,VAN,2016020833,away,4,5.0,0.0,4.0,1.0,1.0,3.0,1,2,2017-02-12,REG
VAN_BUF_2017-02-12,BUF,2016020833,home,2,2.0,0.0,2.0,2.0,1.0,0.0,0,2,2017-02-12,REG
MTL_BOS_2017-02-12,MTL,2016020832,away,0,5.0,0.0,2.0,1.0,1.0,0.0,0,2,2017-02-12,REG
MTL_BOS_2017-02-12,BOS,2016020832,home,4,1.0,0.0,2.0,1.0,0.0,0.0,1,2,2017-02-12,REG
NYR_CBJ_2017-02-13,NYR,2016020834,away,3,0.0,0.0,2.0,3.0,0.0,0.0,1,2,2017-02-13,REG
NYR_CBJ_2017-02-13,CBJ,2016020834,home,2,1.0,0.0,5.0,2.0,1.0,0.0,0,2,2017-02-13,REG
ARI_CGY_2017-02-13,ARI,2016020835,away,5,4.0,0.0,6.0,3.0,1.0,0.0,1,2,2017-02-13,REG
ARI_CGY_2017-02-13,CGY,2016020835,home,0,2.0,0.0,7.0,4.0,1.0,2.0,0,2,2017-02-13,REG
COL_NJD_2017-02-14,COL,2016020836,away,2,2.0,0.0,4.0,0.0,1.0,2.0,0,2,2017-02-14,REG
COL_NJD_2017-02-14,NJD,2016020836,home,3,0.0,0.0,7.0,1.0,3.0,2.0,1,2,2017-02-14,REG
VAN_PIT_2017-02-14,VAN,2016020837,away,0,4.0,0.0,4.0,4.0,0.0,1.0,0,2,2017-02-14,REG
VAN_PIT_2017-02-14,PIT,2016020837,home,4,2.0,0.0,3.0,0.0,0.0,1.0,1,2,2017-02-14,REG
BUF_OTT_2017-02-14,BUF,2016020839,away,3,4.0,0.0,1.0,3.0,0.0,0.0,1,2,2017-02-14,REG
BUF_OTT_2017-02-14,OTT,2016020839,home,2,2.0,0.0,2.0,2.0,1.0,0.0,0,2,2017-02-14,REG
NYI_TOR_2017-02-14,NYI,2016020838,away,1,3.0,0.0,5.0,0.0,1.0,0.0,0,2,2017-02-14,REG
NYI_TOR_2017-02-14,TOR,2016020838,home,7,1.0,0.0,3.0,2.0,1.0,1.0,1,2,2017-02-14,REG
ANA_MIN_2017-02-14,ANA,2016020840,away,1,1.0,0.0,2.0,2.0,0.0,0.0,1,2,2017-02-14,REG
ANA_MIN_2017-02-14,MIN,2016020840,home,0,1.0,0.0,5.0,2.0,1.0,1.0,0,2,2017-02-14,REG
DAL_WPG_2017-02-14,DAL,2016020841,away,2,3.0,0.0,3.0,2.0,0.0,0.0,0,2,2017-02-14,REG
DAL_WPG_2017-02-14,WPG,2016020841,home,5,1.0,0.0,1.0,2.0,0.0,0.0,1,2,2017-02-14,REG
ARI_EDM_2017-02-14,ARI,2016020842,away,2,5.0,0.0,4.0,2.0,2.0,0.0,0,2,2017-02-14,REG
ARI_EDM_2017-02-14,EDM,2016020842,home,5,2.0,0.0,2.0,1.0,4.0,1.0,1,2,2017-02-14,REG
TOR_CBJ_2017-02-15,TOR,2016020843,away,2,2.0,0.0,4.0,0.0,0.0,0.0,0,2,2017-02-15,REG
TOR_CBJ_2017-02-15,CBJ,2016020843,home,5,0.0,0.0,2.0,4.0,0.0,0.0,1,2,2017-02-15,REG
STL_DET_2017-02-15,STL,2016020844,away,2,2.0,0.0,1.0,2.0,0.0,1.0,1,2,2017-02-15,REG
STL_DET_2017-02-15,DET,2016020844,home,0,3.0,0.0,4.0,1.0,4.0,0.0,0,2,2017-02-15,REG
PHI_CGY_2017-02-15,PHI,2016020845,away,1,9.0,0.0,2.0,0.0,0.0,0.0,0,2,2017-02-15,REG
PHI_CGY_2017-02-15,CGY,2016020845,home,3,3.0,0.0,3.0,5.0,2.0,1.0,1,2,2017-02-15,REG
FLA_SJS_2017-02-15,FLA,2016020846,away,6,0.0,0.0,1.0,1.0,3.0,1.0,1,2,2017-02-15,OT
FLA_SJS_2017-02-15,SJS,2016020846,home,5,5.0,0.0,4.0,1.0,4.0,2.0,0,2,2017-02-15,OT
OTT_NJD_2017-02-16,OTT,2016020848,away,3,2.0,1.0,4.0,0.0,1.0,1.0,1,2,2017-02-16,REG
OTT_NJD_2017-02-16,NJD,2016020848,home,0,1.0,0.0,3.0,1.0,0.0,0.0,0,2,2017-02-16,REG
NYR_NYI_2017-02-16,NYR,2016020849,away,2,4.0,0.0,4.0,0.0,1.0,1.0,0,2,2017-02-16,REG
NYR_NYI_2017-02-16,NYI,2016020849,home,4,0.0,0.0,1.0,2.0,4.0,0.0,1,2,2017-02-16,REG
WPG_PIT_2017-02-16,WPG,2016020850,away,3,2.0,0.0,4.0,0.0,0.0,0.0,0,2,2017-02-16,OT
WPG_PIT_2017-02-16,PIT,2016020850,home,4,3.0,0.0,5.0,0.0,2.0,0.0,1,2,2017-02-16,OT
COL_BUF_2017-02-16,COL,2016020847,away,0,2.0,0.0,2.0,1.0,1.0,0.0,0,2,2017-02-16,REG
COL_BUF_2017-02-16,BUF,2016020847,home,2,5.0,0.0,5.0,1.0,1.0,1.0,1,2,2017-02-16,REG
VAN_STL_2017-02-16,VAN,2016020851,away,3,3.0,0.0,0.0,1.0,0.0,0.0,0,2,2017-02-16,REG
VAN_STL_2017-02-16,STL,2016020851,home,4,2.0,0.0,2.0,2.0,2.0,0.0,1,2,2017-02-16,REG
DAL_MIN_2017-02-16,DAL,2016020852,away,1,1.0,0.0,3.0,2.0,0.0,0.0,0,2,2017-02-16,REG
DAL_MIN_2017-02-16,MIN,2016020852,home,3,4.0,0.0,2.0,6.0,2.0,0.0,1,2,2017-02-16,REG
PHI_EDM_2017-02-16,PHI,2016020853,away,3,8.0,1.0,5.0,3.0,0.0,0.0,0,2,2017-02-16,REG
PHI_EDM_2017-02-16,EDM,2016020853,home,6,1.0,0.0,4.0,2.0,1.0,1.0,1,2,2017-02-16,REG
ARI_LAK_2017-02-16,ARI,2016020854,away,5,4.0,0.0,3.0,6.0,1.0,0.0,1,2,2017-02-16,REG
ARI_LAK_2017-02-16,LAK,2016020854,home,3,1.0,0.0,4.0,0.0,0.0,0.0,0,2,2017-02-16,REG
PIT_CBJ_2017-02-17,PIT,2016020855,away,1,1.0,0.0,1.0,3.0,0.0,3.0,0,2,2017-02-17,OT
PIT_CBJ_2017-02-17,CBJ,2016020855,home,2,1.0,0.0,2.0,2.0,3.0,0.0,1,2,2017-02-17,OT
COL_CAR_2017-02-17,COL,2016020856,away,2,3.0,0.0,9.0,2.0,1.0,0.0,1,2,2017-02-17,OT
COL_CAR_2017-02-17,CAR,2016020856,home,1,0.0,0.0,7.0,2.0,5.0,1.0,0,2,2017-02-17,OT
FLA_ANA_2017-02-17,FLA,2016020857,away,4,1.0,0.0,8.0,2.0,0.0,0.0,1,2,2017-02-17,REG
FLA_ANA_2017-02-17,ANA,2016020857,home,1,1.0,0.0,4.0,1.0,0.0,0.0,0,2,2017-02-17,REG
STL_BUF_2017-02-18,STL,2016020858,away,2,0.0,0.0,3.0,1.0,0.0,0.0,0,2,2017-02-18,REG
STL_BUF_2017-02-18,BUF,2016020858,home,3,4.0,0.0,1.0,2.0,0.0,1.0,1,2,2017-02-18,REG
WPG_MTL_2017-02-18,WPG,2016020859,away,3,4.0,0.0,2.0,0.0,1.0,0.0,1,2,2017-02-18,REG
WPG_MTL_2017-02-18,MTL,2016020859,home,1,2.0,0.0,4.0,3.0,1.0,1.0,0,2,2017-02-18,REG
WSH_DET_2017-02-18,WSH,2016020860,away,2,5.0,0.0,6.0,1.0,1.0,0.0,0,2,2017-02-18,SO
WSH_DET_2017-02-18,DET,2016020860,home,3,1.0,0.0,2.0,2.0,1.0,0.0,1,2,2017-02-18,SO
NYI_NJD_2017-02-18,NYI,2016020862,away,2,2.0,0.0,6.0,1.0,0.0,1.0,0,2,2017-02-18,REG
NYI_NJD_2017-02-18,NJD,2016020862,home,3,1.0,0.0,1.0,3.0,0.0,1.0,1,2,2017-02-18,REG
EDM_CHI_2017-02-18,EDM,2016020863,away,3,0.0,0.0,4.0,6.0,5.0,1.0,1,2,2017-02-18,REG
EDM_CHI_2017-02-18,CHI,2016020863,home,1,0.0,0.0,7.0,1.0,0.0,0.0,0,2,2017-02-18,REG
OTT_TOR_2017-02-18,OTT,2016020861,away,6,2.0,0.0,7.0,3.0,1.0,0.0,1,2,2017-02-18,REG
OTT_TOR_2017-02-18,TOR,2016020861,home,3,0.0,0.0,2.0,2.0,0.0,1.0,0,2,2017-02-18,REG
NSH_MIN_2017-02-18,NSH,2016020865,away,2,3.0,0.0,7.0,4.0,0.0,1.0,0,2,2017-02-18,REG
NSH_MIN_2017-02-18,MIN,2016020865,home,5,1.0,0.0,2.0,4.0,0.0,0.0,1,2,2017-02-18,REG
TBL_DAL_2017-02-18,TBL,2016020864,away,3,5.0,1.0,8.0,1.0,0.0,1.0,0,2,2017-02-18,OT
TBL_DAL_2017-02-18,DAL,2016020864,home,4,2.0,0.0,4.0,3.0,1.0,2.0,1,2,2017-02-18,OT
SJS_ARI_2017-02-18,SJS,2016020866,away,4,2.0,0.0,2.0,0.0,0.0,1.0,1,2,2017-02-18,REG
SJS_ARI_2017-02-18,ARI,2016020866,home,1,6.0,0.0,9.0,2.0,0.0,0.0,0,2,2017-02-18,REG
FLA_LAK_2017-02-18,FLA,2016020868,away,3,5.0,0.0,1.0,2.0,1.0,0.0,1,2,2017-02-18,REG
FLA_LAK_2017-02-18,LAK,2016020868,home,2,1.0,0.0,3.0,3.0,2.0,1.0,0,2,2017-02-18,REG
CGY_VAN_2017-02-18,CGY,2016020867,away,1,0.0,0.0,3.0,1.0,1.0,1.0,0,2,2017-02-18,OT
CGY_VAN_2017-02-18,VAN,2016020867,home,2,5.0,0.0,0.0,1.0,0.0,0.0,1,2,2017-02-18,OT
WSH_NYR_2017-02-19,WSH,2016020869,away,1,6.0,1.0,7.0,2.0,1.0,0.0,0,2,2017-02-19,REG
WSH_NYR_2017-02-19,NYR,2016020869,home,2,2.0,0.0,0.0,4.0,1.0,0.0,1,2,2017-02-19,REG
DET_PIT_2017-02-19,DET,2016020870,away,5,5.0,0.0,2.0,2.0,2.0,0.0,1,2,2017-02-19,REG
DET_PIT_2017-02-19,PIT,2016020870,home,2,0.0,0.0,1.0,2.0,0.0,0.0,0,2,2017-02-19,REG
WPG_OTT_2017-02-19,WPG,2016020871,away,3,2.0,0.0,0.0,0.0,0.0,0.0,1,2,2017-02-19,REG
WPG_OTT_2017-02-19,OTT,2016020871,home,2,1.0,0.0,8.0,4.0,3.0,1.0,0,2,2017-02-19,REG
NSH_CBJ_2017-02-19,NSH,2016020874,away,4,0.0,0.0,2.0,3.0,0.0,0.0,1,2,2017-02-19,REG
NSH_CBJ_2017-02-19,CBJ,2016020874,home,3,1.0,0.0,1.0,4.0,1.0,0.0,0,2,2017-02-19,REG
NJD_NYI_2017-02-19,NJD,2016020873,away,4,3.0,0.0,1.0,4.0,0.0,1.0,0,2,2017-02-19,REG
NJD_NYI_2017-02-19,NYI,2016020873,home,6,4.0,0.0,0.0,2.0,1.0,0.0,1,2,2017-02-19,REG
CHI_BUF_2017-02-19,CHI,2016020872,away,5,0.0,0.0,5.0,0.0,1.0,1.0,1,2,2017-02-19,REG
CHI_BUF_2017-02-19,BUF,2016020872,home,1,0.0,0.0,5.0,2.0,2.0,1.0,0,2,2017-02-19,REG
TOR_CAR_2017-02-19,TOR,2016020875,away,4,4.0,0.0,2.0,1.0,0.0,0.0,1,2,2017-02-19,REG
TOR_CAR_2017-02-19,CAR,2016020875,home,0,2.0,0.0,2.0,1.0,2.0,1.0,0,2,2017-02-19,REG
TBL_COL_2017-02-19,TBL,2016020876,away,3,3.0,0.0,4.0,3.0,1.0,1.0,1,2,2017-02-19,OT
TBL_COL_2017-02-19,COL,2016020876,home,2,0.0,0.0,5.0,2.0,2.0,0.0,0,2,2017-02-19,OT
BOS_SJS_2017-02-19,BOS,2016020877,away,2,2.0,0.0,1.0,1.0,0.0,0.0,1,2,2017-02-19,OT
BOS_SJS_2017-02-19,SJS,2016020877,home,1,2.0,0.0,4.0,1.0,1.0,1.0,0,2,2017-02-19,OT
LAK_ANA_2017-02-19,LAK,2016020878,away,0,2.0,0.0,4.0,6.0,0.0,2.0,0,2,2017-02-19,REG
LAK_ANA_2017-02-19,ANA,2016020878,home,1,4.0,0.0,1.0,4.0,0.0,0.0,1,2,2017-02-19,REG
PHI_VAN_2017-02-19,PHI,2016020879,away,3,9.0,1.0,4.0,5.0,0.0,1.0,1,2,2017-02-19,REG
PHI_VAN_2017-02-19,VAN,2016020879,home,2,2.0,0.0,2.0,4.0,0.0,0.0,0,2,2017-02-19,REG
FLA_STL_2017-02-20,FLA,2016020880,away,2,0.0,0.0,2.0,1.0,0.0,0.0,1,2,2017-02-20,REG
FLA_STL_2017-02-20,STL,2016020880,home,1,1.0,0.0,2.0,1.0,0.0,0.0,0,2,2017-02-20,REG
ANA_ARI_2017-02-20,ANA,2016020881,away,2,4.0,0.0,5.0,2.0,0.0,0.0,0,2,2017-02-20,REG
ANA_ARI_2017-02-20,ARI,2016020881,home,3,2.0,0.0,5.0,3.0,1.0,1.0,1,2,2017-02-20,REG
OTT_NJD_2017-02-21,OTT,2016020882,away,2,0.0,0.0,3.0,4.0,0.0,3.0,1,2,2017-02-21,REG
OTT_NJD_2017-02-21,NJD,2016020882,home,1,1.0,0.0,1.0,1.0,0.0,1.0,0,2,2017-02-21,REG
MTL_NYR_2017-02-21,MTL,2016020883,away,3,2.0,1.0,4.0,1.0,0.0,2.0,1,2,2017-02-21,SO
MTL_NYR_2017-02-21,NYR,2016020883,home,2,0.0,0.0,3.0,2.0,2.0,0.0,0,2,2017-02-21,SO
PIT_CAR_2017-02-21,PIT,2016020884,away,3,1.0,0.0,2.0,3.0,2.0,0.0,1,2,2017-02-21,REG
PIT_CAR_2017-02-21,CAR,2016020884,home,1,1.0,0.0,3.0,0.0,2.0,1.0,0,2,2017-02-21,REG
NYI_DET_2017-02-21,NYI,2016020886,away,3,3.0,0.0,3.0,1.0,0.0,0.0,1,2,2017-02-21,REG
NYI_DET_2017-02-21,DET,2016020886,home,1,4.0,0.0,0.0,1.0,0.0,0.0,0,2,2017-02-21,REG
WPG_TOR_2017-02-21,WPG,2016020885,away,4,3.0,0.0,1.0,2.0,1.0,0.0,0,2,2017-02-21,OT
WPG_TOR_2017-02-21,TOR,2016020885,home,5,2.0,0.0,3.0,0.0,0.0,0.0,1,2,2017-02-21,OT
EDM_TBL_2017-02-21,EDM,2016020887,away,1,3.0,0.0,2.0,4.0,1.0,0.0,0,2,2017-02-21,REG
EDM_TBL_2017-02-21,TBL,2016020887,home,4,1.0,0.0,2.0,0.0,1.0,0.0,1,2,2017-02-21,REG
CGY_NSH_2017-02-21,CGY,2016020888,away,6,0.0,0.0,3.0,3.0,1.0,0.0,1,2,2017-02-21,OT
CGY_NSH_2017-02-21,NSH,2016020888,home,5,1.0,0.0,3.0,2.0,2.0,0.0,0,2,2017-02-21,OT
CHI_MIN_2017-02-21,CHI,2016020889,away,5,0.0,0.0,5.0,3.0,1.0,1.0,1,2,2017-02-21,REG
CHI_MIN_2017-02-21,MIN,2016020889,home,3,4.0,0.0,2.0,3.0,1.0,1.0,0,2,2017-02-21,REG
LAK_COL_2017-02-21,LAK,2016020890,away,2,3.0,0.0,1.0,2.0,1.0,1.0,1,2,2017-02-21,REG
LAK_COL_2017-02-21,COL,2016020890,home,1,3.0,0.0,2.0,2.0,1.0,0.0,0,2,2017-02-21,REG
EDM_FLA_2017-02-22,EDM,2016020891,away,4,0.0,0.0,6.0,2.0,0.0,1.0,1,2,2017-02-22,REG
EDM_FLA_2017-02-22,FLA,2016020891,home,3,1.0,0.0,2.0,2.0,1.0,1.0,0,2,2017-02-22,REG
WSH_PHI_2017-02-22,WSH,2016020892,away,4,5.0,0.0,1.0,1.0,2.0,0.0,1,2,2017-02-22,REG
WSH_PHI_2017-02-22,PHI,2016020892,home,1,7.0,0.0,6.0,2.0,0.0,0.0,0,2,2017-02-22,REG
BOS_ANA_2017-02-22,BOS,2016020893,away,3,2.0,0.0,3.0,0.0,1.0,0.0,0,2,2017-02-22,REG
BOS_ANA_2017-02-22,ANA,2016020893,home,5,4.0,0.0,7.0,4.0,2.0,0.0,1,2,2017-02-22,REG
NYR_TOR_2017-02-23,NYR,2016020894,away,2,2.0,0.0,2.0,0.0,1.0,0.0,1,2,2017-02-23,SO
NYR_TOR_2017-02-23,TOR,2016020894,home,1,4.0,0.0,2.0,0.0,1.0,1.0,0,2,2017-02-23,SO
CGY_TBL_2017-02-23,CGY,2016020896,away,3,0.0,0.0,3.0,3.0,0.0,0.0,1,2,2017-02-23,REG
CGY_TBL_2017-02-23,TBL,2016020896,home,2,2.0,0.0,4.0,4.0,0.0,1.0,0,2,2017-02-23,REG
NYI_MTL_2017-02-23,NYI,2016020895,away,3,4.0,0.0,1.0,1.0,1.0,0.0,1,2,2017-02-23,REG
NYI_MTL_2017-02-23,MTL,2016020895,home,0,2.0,0.0,6.0,3.0,2.0,0.0,0,2,2017-02-23,REG
COL_NSH_2017-02-23,COL,2016020897,away,2,2.0,0.0,2.0,0.0,1.0,0.0,0,2,2017-02-23,REG
COL_NSH_2017-02-23,NSH,2016020897,home,4,0.0,0.0,7.0,4.0,3.0,2.0,1,2,2017-02-23,REG
ARI_CHI_2017-02-23,ARI,2016020898,away,3,5.0,0.0,2.0,3.0,2.0,0.0,0,2,2017-02-23,REG
ARI_CHI_2017-02-23,CHI,2016020898,home,6,1.0,0.0,2.0,2.0,1.0,1.0,1,2,2017-02-23,REG
BOS_LAK_2017-02-23,BOS,2016020899,away,4,3.0,0.0,2.0,2.0,1.0,0.0,1,2,2017-02-23,REG
BOS_LAK_2017-02-23,LAK,2016020899,home,1,5.0,0.0,3.0,2.0,0.0,0.0,0,2,2017-02-23,REG
EDM_WSH_2017-02-24,EDM,2016020900,away,1,0.0,0.0,4.0,2.0,0.0,0.0,0,2,2017-02-24,REG
EDM_WSH_2017-02-24,WSH,2016020900,home,2,3.0,0.0,4.0,1.0,1.0,0.0,1,2,2017-02-24,REG
OTT_CAR_2017-02-24,OTT,2016020902,away,0,1.0,0.0,4.0,2.0,0.0,1.0,0,2,2017-02-24,REG
OTT_CAR_2017-02-24,CAR,2016020902,home,3,2.0,0.0,8.0,2.0,1.0,4.0,1,2,2017-02-24,REG
CGY_FLA_2017-02-24,CGY,2016020901,away,4,1.0,0.0,1.0,4.0,0.0,1.0,1,2,2017-02-24,REG
CGY_FLA_2017-02-24,FLA,2016020901,home,2,1.0,0.0,6.0,0.0,1.0,0.0,0,2,2017-02-24,REG
ARI_DAL_2017-02-24,ARI,2016020903,away,2,5.0,0.0,2.0,3.0,0.0,1.0,0,2,2017-02-24,REG
ARI_DAL_2017-02-24,DAL,2016020903,home,5,3.0,0.0,5.0,1.0,0.0,1.0,1,2,2017-02-24,REG
ANA_LAK_2017-02-25,ANA,2016020904,away,1,3.0,0.0,7.0,1.0,1.0,0.0,0,2,2017-02-25,REG
ANA_LAK_2017-02-25,LAK,2016020904,home,4,5.0,0.0,4.0,2.0,0.0,1.0,1,2,2017-02-25,REG
WSH_NSH_2017-02-25,WSH,2016020906,away,2,4.0,0.0,1.0,2.0,0.0,0.0,0,2,2017-02-25,REG
WSH_NSH_2017-02-25,NSH,2016020906,home,5,1.0,0.0,4.0,2.0,1.0,0.0,1,2,2017-02-25,REG
NYI_CBJ_2017-02-25,NYI,2016020909,away,0,1.0,0.0,3.0,3.0,0.0,0.0,0,2,2017-02-25,REG
NYI_CBJ_2017-02-25,CBJ,2016020909,home,7,2.0,0.0,3.0,4.0,0.0,2.0,1,2,2017-02-25,REG
NYR_NJD_2017-02-25,NYR,2016020905,away,4,3.0,0.0,7.0,0.0,1.0,0.0,1,2,2017-02-25,OT
NYR_NJD_2017-02-25,NJD,2016020905,home,3,3.0,0.0,6.0,2.0,1.0,0.0,0,2,2017-02-25,OT
MTL_TOR_2017-02-25,MTL,2016020907,away,3,4.0,0.0,5.0,1.0,1.0,0.0,1,2,2017-02-25,OT
MTL_TOR_2017-02-25,TOR,2016020907,home,2,3.0,0.0,0.0,3.0,1.0,1.0,0,2,2017-02-25,OT
PHI_PIT_2017-02-25,PHI,2016020908,away,2,13.0,0.0,7.0,3.0,0.0,0.0,0,2,2017-02-25,REG
PHI_PIT_2017-02-25,PIT,2016020908,home,4,0.0,0.0,4.0,1.0,0.0,0.0,1,2,2017-02-25,REG
BUF_COL_2017-02-25,BUF,2016020910,away,3,1.0,0.0,3.0,0.0,0.0,0.0,0,2,2017-02-25,REG
BUF_COL_2017-02-25,COL,2016020910,home,5,0.0,0.0,4.0,2.0,1.0,0.0,1,2,2017-02-25,REG
SJS_VAN_2017-02-25,SJS,2016020911,away,4,0.0,0.0,2.0,1.0,1.0,1.0,1,2,2017-02-25,REG
SJS_VAN_2017-02-25,VAN,2016020911,home,1,1.0,0.0,6.0,1.0,1.0,0.0,0,2,2017-02-25,REG
BOS_DAL_2017-02-26,BOS,2016020912,away,6,1.0,0.0,3.0,1.0,0.0,0.0,1,2,2017-02-26,REG
BOS_DAL_2017-02-26,DAL,2016020912,home,3,0.0,0.0,3.0,2.0,2.0,0.0,0,2,2017-02-26,REG
CGY_CAR_2017-02-26,CGY,2016020913,away,3,2.0,0.0,1.0,2.0,0.0,4.0,1,2,2017-02-26,REG
CGY_CAR_2017-02-26,CAR,2016020913,home,1,3.0,0.0,6.0,1.0,4.0,0.0,0,2,2017-02-26,REG
EDM_NSH_2017-02-26,EDM,2016020915,away,4,4.0,0.0,5.0,1.0,0.0,2.0,0,2,2017-02-26,REG
EDM_NSH_2017-02-26,NSH,2016020915,home,5,2.0,2.0,6.0,5.0,1.0,0.0,1,2,2017-02-26,REG
CBJ_NYR_2017-02-26,CBJ,2016020914,away,5,2.0,0.0,3.0,2.0,3.0,2.0,1,2,2017-02-26,REG
CBJ_NYR_2017-02-26,NYR,2016020914,home,2,1.0,0.0,2.0,2.0,2.0,1.0,0,2,2017-02-26,REG
STL_CHI_2017-02-26,STL,2016020917,away,2,2.0,0.0,1.0,3.0,0.0,0.0,0,2,2017-02-26,REG
STL_CHI_2017-02-26,CHI,2016020917,home,4,0.0,0.0,3.0,2.0,0.0,3.0,1,2,2017-02-26,REG
OTT_FLA_2017-02-26,OTT,2016020916,away,2,2.0,0.0,7.0,6.0,2.0,0.0,1,2,2017-02-26,REG
OTT_FLA_2017-02-26,FLA,2016020916,home,1,6.0,0.0,4.0,1.0,2.0,0.0,0,2,2017-02-26,REG
BUF_ARI_2017-02-26,BUF,2016020918,away,2,1.0,0.0,6.0,1.0,0.0,1.0,0,2,2017-02-26,REG
BUF_ARI_2017-02-26,ARI,2016020918,home,3,3.0,0.0,3.0,4.0,0.0,1.0,1,2,2017-02-26,REG
MTL_NJD_2017-02-27,MTL,2016020919,away,4,7.0,0.0,2.0,1.0,1.0,0.0,1,2,2017-02-27,OT
MTL_NJD_2017-02-27,NJD,2016020919,home,3,6.0,0.0,3.0,1.0,2.0,1.0,0,2,2017-02-27,OT
OTT_TBL_2017-02-27,OTT,2016020920,away,1,1.0,1.0,8.0,1.0,2.0,0.0,0,2,2017-02-27,REG
OTT_TBL_2017-02-27,TBL,2016020920,home,5,2.0,0.0,5.0,0.0,2.0,1.0,1,2,2017-02-27,REG
LAK_MIN_2017-02-27,LAK,2016020921,away,4,3.0,0.0,2.0,2.0,1.0,0.0,0,2,2017-02-27,OT
LAK_MIN_2017-02-27,MIN,2016020921,home,5,2.0,0.0,2.0,2.0,2.0,0.0,1,2,2017-02-27,OT
WSH_NYR_2017-02-28,WSH,2016020924,away,4,7.0,0.0,8.0,1.0,1.0,2.0,1,2,2017-02-28,REG
WSH_NYR_2017-02-28,NYR,2016020924,home,1,2.0,0.0,2.0,1.0,2.0,0.0,0,2,2017-02-28,REG
COL_PHI_2017-02-28,COL,2016020925,away,0,2.0,0.0,5.0,5.0,4.0,1.0,0,2,2017-02-28,REG
COL_PHI_2017-02-28,PHI,2016020925,home,4,8.0,0.0,4.0,4.0,0.0,1.0,1,2,2017-02-28,REG
ARI_BOS_2017-02-28,ARI,2016020922,away,1,3.0,0.0,0.0,0.0,1.0,0.0,0,2,2017-02-28,REG
ARI_BOS_2017-02-28,BOS,2016020922,home,4,3.0,0.0,1.0,0.0,0.0,0.0,1,2,2017-02-28,REG
NSH_BUF_2017-02-28,NSH,2016020923,away,5,2.0,0.0,7.0,0.0,1.0,1.0,1,2,2017-02-28,OT
NSH_BUF_2017-02-28,BUF,2016020923,home,4,4.0,0.0,2.0,4.0,2.0,2.0,0,2,2017-02-28,OT
CBJ_MTL_2017-02-28,CBJ,2016020926,away,0,3.0,0.0,2.0,4.0,2.0,0.0,0,2,2017-02-28,OT
CBJ_MTL_2017-02-28,MTL,2016020926,home,1,4.0,0.0,4.0,1.0,1.0,0.0,1,2,2017-02-28,OT
CAR_FLA_2017-02-28,CAR,2016020927,away,2,3.0,0.0,3.0,1.0,0.0,1.0,0,2,2017-02-28,SO
CAR_FLA_2017-02-28,FLA,2016020927,home,3,1.0,0.0,2.0,1.0,0.0,1.0,1,2,2017-02-28,SO
EDM_STL_2017-02-28,EDM,2016020928,away,2,3.0,0.0,2.0,3.0,3.0,1.0,1,2,2017-02-28,REG
EDM_STL_2017-02-28,STL,2016020928,home,1,2.0,0.0,1.0,0.0,0.0,0.0,0,2,2017-02-28,REG
MIN_WPG_2017-02-28,MIN,2016020929,away,6,2.0,0.0,2.0,1.0,1.0,0.0,1,2,2017-02-28,REG
MIN_WPG_2017-02-28,WPG,2016020929,home,5,2.0,0.0,3.0,0.0,2.0,0.0,0,2,2017-02-28,REG
PIT_DAL_2017-02-28,PIT,2016020930,away,2,0.0,0.0,2.0,1.0,0.0,1.0,0,2,2017-02-28,REG
PIT_DAL_2017-02-28,DAL,2016020930,home,3,1.0,0.0,3.0,2.0,1.0,0.0,1,2,2017-02-28,REG
LAK_CGY_2017-02-28,LAK,2016020931,away,1,2.0,0.0,5.0,1.0,0.0,0.0,0,2,2017-02-28,OT
LAK_CGY_2017-02-28,CGY,2016020931,home,2,1.0,0.0,5.0,5.0,0.0,1.0,1,2,2017-02-28,OT
DET_VAN_2017-02-28,DET,2016020932,away,3,2.0,1.0,4.0,0.0,0.0,0.0,1,2,2017-02-28,OT
DET_VAN_2017-02-28,VAN,2016020932,home,2,1.0,0.0,1.0,1.0,5.0,1.0,0,2,2017-02-28,OT
TOR_SJS_2017-02-28,TOR,2016020933,away,1,3.0,0.0,0.0,3.0,1.0,1.0,0,2,2017-02-28,REG
TOR_SJS_2017-02-28,SJS,2016020933,home,3,4.0,0.0,7.0,4.0,2.0,1.0,1,2,2017-02-28,REG
CAR_TBL_2017-03-01,CAR,2016020934,away,3,3.0,0.0,4.0,1.0,1.0,0.0,0,2,2017-03-01,OT
CAR_TBL_2017-03-01,TBL,2016020934,home,4,1.0,0.0,4.0,0.0,0.0,0.0,1,2,2017-03-01,OT
PIT_CHI_2017-03-01,PIT,2016020935,away,1,2.0,0.0,5.0,1.0,0.0,1.0,0,2,2017-03-01,REG
PIT_CHI_2017-03-01,CHI,2016020935,home,4,0.0,0.0,7.0,6.0,3.0,3.0,1,2,2017-03-01,REG
NYR_BOS_2017-03-02,NYR,2016020936,away,2,3.0,0.0,1.0,3.0,0.0,1.0,1,2,2017-03-02,REG
NYR_BOS_2017-03-02,BOS,2016020936,home,1,5.0,0.0,3.0,1.0,4.0,1.0,0,2,2017-03-02,REG
FLA_PHI_2017-03-02,FLA,2016020938,away,1,1.0,0.0,4.0,0.0,5.0,2.0,0,2,2017-03-02,SO
FLA_PHI_2017-03-02,PHI,2016020938,home,2,7.0,0.0,4.0,1.0,0.0,1.0,1,2,2017-03-02,SO
NJD_WSH_2017-03-02,NJD,2016020939,away,0,1.0,0.0,0.0,3.0,0.0,0.0,0,2,2017-03-02,REG
NJD_WSH_2017-03-02,WSH,2016020939,home,1,5.0,0.0,4.0,2.0,0.0,1.0,1,2,2017-03-02,REG
MIN_CBJ_2017-03-02,MIN,2016020940,away,0,1.0,0.0,3.0,3.0,0.0,0.0,0,2,2017-03-02,REG
MIN_CBJ_2017-03-02,CBJ,2016020940,home,1,4.0,0.0,4.0,4.0,2.0,2.0,1,2,2017-03-02,REG
ARI_BUF_2017-03-02,ARI,2016020937,away,3,1.0,0.0,1.0,3.0,0.0,1.0,0,2,2017-03-02,REG
ARI_BUF_2017-03-02,BUF,2016020937,home,6,9.0,0.0,6.0,0.0,1.0,0.0,1,2,2017-03-02,REG
NSH_MTL_2017-03-02,NSH,2016020941,away,1,3.0,1.0,4.0,0.0,1.0,2.0,0,2,2017-03-02,REG
NSH_MTL_2017-03-02,MTL,2016020941,home,2,3.0,0.0,5.0,3.0,0.0,0.0,1,2,2017-03-02,REG
COL_OTT_2017-03-02,COL,2016020942,away,1,1.0,0.0,1.0,2.0,1.0,0.0,0,2,2017-03-02,REG
COL_OTT_2017-03-02,OTT,2016020942,home,2,2.0,0.0,7.0,6.0,0.0,0.0,1,2,2017-03-02,REG
NYI_DAL_2017-03-02,NYI,2016020943,away,5,2.0,0.0,7.0,2.0,0.0,0.0,1,2,2017-03-02,REG
NYI_DAL_2017-03-02,DAL,2016020943,home,4,2.0,0.0,1.0,0.0,2.0,3.0,0,2,2017-03-02,REG
TOR_LAK_2017-03-02,TOR,2016020944,away,2,3.0,0.0,1.0,1.0,0.0,0.0,0,2,2017-03-02,SO
TOR_LAK_2017-03-02,LAK,2016020944,home,3,5.0,1.0,1.0,2.0,3.0,1.0,1,2,2017-03-02,SO
VAN_SJS_2017-03-02,VAN,2016020945,away,1,0.0,0.0,1.0,6.0,0.0,0.0,0,2,2017-03-02,REG
VAN_SJS_2017-03-02,SJS,2016020945,home,3,4.0,0.0,5.0,2.0,2.0,0.0,1,2,2017-03-02,REG
TBL_PIT_2017-03-03,TBL,2016020946,away,2,3.0,0.0,3.0,2.0,1.0,0.0,0,2,2017-03-03,REG
TBL_PIT_2017-03-03,PIT,2016020946,home,5,2.0,0.0,5.0,4.0,1.0,1.0,1,2,2017-03-03,REG
ARI_CAR_2017-03-03,ARI,2016020947,away,4,3.0,0.0,4.0,1.0,1.0,2.0,1,2,2017-03-03,REG
ARI_CAR_2017-03-03,CAR,2016020947,home,2,2.0,0.0,6.0,1.0,0.0,3.0,0,2,2017-03-03,REG
STL_WPG_2017-03-03,STL,2016020948,away,0,0.0,0.0,2.0,0.0,2.0,1.0,0,2,2017-03-03,REG
STL_WPG_2017-03-03,WPG,2016020948,home,3,0.0,0.0,1.0,2.0,1.0,0.0,1,2,2017-03-03,REG
NYI_CHI_2017-03-03,NYI,2016020949,away,1,4.0,0.0,1.0,2.0,0.0,0.0,0,2,2017-03-03,SO
NYI_CHI_2017-03-03,CHI,2016020949,home,2,3.0,0.0,4.0,2.0,1.0,0.0,1,2,2017-03-03,SO
DET_CGY_2017-03-03,DET,2016020950,away,2,2.0,0.0,3.0,3.0,0.0,0.0,0,2,2017-03-03,OT
DET_CGY_2017-03-03,CGY,2016020950,home,3,1.0,1.0,5.0,5.0,0.0,1.0,1,2,2017-03-03,OT
TOR_ANA_2017-03-03,TOR,2016020951,away,2,2.0,0.0,3.0,0.0,0.0,0.0,0,2,2017-03-03,REG
TOR_ANA_2017-03-03,ANA,2016020951,home,5,0.0,0.0,6.0,3.0,0.0,0.0,1,2,2017-03-03,REG
CBJ_OTT_2017-03-04,CBJ,2016020954,away,2,3.0,0.0,5.0,0.0,1.0,0.0,0,2,2017-03-04,REG
CBJ_OTT_2017-03-04,OTT,2016020954,home,3,1.0,0.0,3.0,2.0,3.0,1.0,1,2,2017-03-04,REG
NJD_BOS_2017-03-04,NJD,2016020952,away,2,2.0,0.0,1.0,0.0,2.0,1.0,0,2,2017-03-04,REG
NJD_BOS_2017-03-04,BOS,2016020952,home,3,7.0,0.0,7.0,0.0,3.0,1.0,1,2,2017-03-04,REG
TBL_BUF_2017-03-04,TBL,2016020953,away,2,0.0,0.0,8.0,1.0,0.0,0.0,1,2,2017-03-04,SO
TBL_BUF_2017-03-04,BUF,2016020953,home,1,4.0,0.0,4.0,1.0,1.0,0.0,0,2,2017-03-04,SO
MTL_NYR_2017-03-04,MTL,2016020956,away,4,6.0,0.0,5.0,2.0,0.0,0.0,1,2,2017-03-04,REG
MTL_NYR_2017-03-04,NYR,2016020956,home,1,5.0,0.0,1.0,0.0,3.0,0.0,0,2,2017-03-04,REG
DAL_FLA_2017-03-04,DAL,2016020955,away,2,1.0,0.0,3.0,1.0,0.0,1.0,1,2,2017-03-04,REG
DAL_FLA_2017-03-04,FLA,2016020955,home,1,0.0,0.0,4.0,1.0,3.0,2.0,0,2,2017-03-04,REG
COL_WPG_2017-03-04,COL,2016020958,away,1,7.0,0.0,2.0,1.0,0.0,1.0,0,2,2017-03-04,REG
COL_WPG_2017-03-04,WPG,2016020958,home,6,3.0,0.0,2.0,2.0,1.0,2.0,1,2,2017-03-04,REG
PHI_WSH_2017-03-04,PHI,2016020957,away,1,7.0,0.0,2.0,2.0,0.0,0.0,0,2,2017-03-04,OT
PHI_WSH_2017-03-04,WSH,2016020957,home,2,6.0,0.0,4.0,0.0,3.0,1.0,1,2,2017-03-04,OT
CHI_NSH_2017-03-04,CHI,2016020959,away,5,1.0,0.0,6.0,1.0,2.0,2.0,1,2,2017-03-04,REG
CHI_NSH_2017-03-04,NSH,2016020959,home,3,4.0,0.0,8.0,2.0,2.0,1.0,0,2,2017-03-04,REG
DET_EDM_2017-03-04,DET,2016020960,away,3,5.0,0.0,3.0,2.0,1.0,0.0,0,2,2017-03-04,REG
DET_EDM_2017-03-04,EDM,2016020960,home,4,1.0,0.0,2.0,1.0,2.0,2.0,1,2,2017-03-04,REG
VAN_LAK_2017-03-04,VAN,2016020961,away,4,2.0,0.0,2.0,2.0,1.0,0.0,1,2,2017-03-04,REG
VAN_LAK_2017-03-04,LAK,2016020961,home,3,5.0,1.0,1.0,1.0,3.0,0.0,0,2,2017-03-04,REG
NYI_CGY_2017-03-05,NYI,2016020962,away,2,0.0,0.0,1.0,2.0,2.0,1.0,0,2,2017-03-05,REG
NYI_CGY_2017-03-05,CGY,2016020962,home,5,0.0,0.0,3.0,2.0,0.0,0.0,1,2,2017-03-05,REG
CBJ_NJD_2017-03-05,CBJ,2016020963,away,3,3.0,0.0,3.0,1.0,0.0,0.0,1,2,2017-03-05,REG
CBJ_NJD_2017-03-05,NJD,2016020963,home,0,5.0,0.0,2.0,0.0,0.0,1.0,0,2,2017-03-05,REG
BUF_PIT_2017-03-05,BUF,2016020964,away,3,3.0,0.0,11.0,1.0,0.0,0.0,0,2,2017-03-05,REG
BUF_PIT_2017-03-05,PIT,2016020964,home,4,2.0,0.0,5.0,0.0,1.0,0.0,1,2,2017-03-05,REG
SJS_MIN_2017-03-05,SJS,2016020965,away,1,2.0,0.0,2.0,0.0,0.0,0.0,0,2,2017-03-05,REG
SJS_MIN_2017-03-05,MIN,2016020965,home,3,1.0,0.0,1.0,1.0,0.0,0.0,1,2,2017-03-05,REG
VAN_ANA_2017-03-05,VAN,2016020967,away,2,2.0,0.0,2.0,4.0,0.0,1.0,1,2,2017-03-05,REG
VAN_ANA_2017-03-05,ANA,2016020967,home,1,3.0,0.0,2.0,0.0,1.0,1.0,0,2,2017-03-05,REG
STL_COL_2017-03-05,STL,2016020966,away,3,1.0,0.0,3.0,0.0,0.0,1.0,1,2,2017-03-05,REG
STL_COL_2017-03-05,COL,2016020966,home,0,2.0,0.0,1.0,1.0,0.0,0.0,0,2,2017-03-05,REG
CAR_ARI_2017-03-05,CAR,2016020968,away,2,3.0,0.0,2.0,0.0,2.0,0.0,1,2,2017-03-05,REG
CAR_ARI_2017-03-05,ARI,2016020968,home,1,1.0,0.0,4.0,2.0,0.0,2.0,0,2,2017-03-05,REG
NYR_TBL_2017-03-06,NYR,2016020971,away,1,2.0,0.0,0.0,3.0,0.0,0.0,1,2,2017-03-06,OT
NYR_TBL_2017-03-06,TBL,2016020971,home,0,4.0,0.0,5.0,0.0,0.0,0.0,0,2,2017-03-06,OT
DAL_WSH_2017-03-06,DAL,2016020969,away,4,0.0,0.0,4.0,3.0,1.0,0.0,1,2,2017-03-06,REG
DAL_WSH_2017-03-06,WSH,2016020969,home,2,6.0,0.0,10.0,2.0,0.0,2.0,0,2,2017-03-06,REG
BOS_OTT_2017-03-06,BOS,2016020970,away,2,2.0,0.0,3.0,1.0,4.0,1.0,0,2,2017-03-06,REG
BOS_OTT_2017-03-06,OTT,2016020970,home,4,3.0,0.0,1.0,1.0,2.0,0.0,1,2,2017-03-06,REG
SJS_WPG_2017-03-06,SJS,2016020972,away,3,2.0,0.0,5.0,0.0,0.0,0.0,1,2,2017-03-06,REG
SJS_WPG_2017-03-06,WPG,2016020972,home,2,1.0,0.0,3.0,2.0,0.0,0.0,0,2,2017-03-06,REG
NJD_CBJ_2017-03-07,NJD,2016020974,away,0,1.0,0.0,6.0,1.0,1.0,0.0,0,2,2017-03-07,REG
NJD_CBJ_2017-03-07,CBJ,2016020974,home,2,0.0,0.0,1.0,1.0,0.0,0.0,1,2,2017-03-07,REG
DET_TOR_2017-03-07,DET,2016020975,away,2,0.0,0.0,1.0,0.0,1.0,1.0,0,2,2017-03-07,REG
DET_TOR_2017-03-07,TOR,2016020975,home,3,3.0,0.0,3.0,2.0,1.0,0.0,1,2,2017-03-07,REG
PHI_BUF_2017-03-07,PHI,2016020973,away,6,6.0,0.0,2.0,2.0,1.0,0.0,1,2,2017-03-07,REG
PHI_BUF_2017-03-07,BUF,2016020973,home,3,4.0,1.0,4.0,1.0,3.0,1.0,0,2,2017-03-07,REG
NYR_FLA_2017-03-07,NYR,2016020976,away,5,5.0,0.0,1.0,2.0,0.0,1.0,1,2,2017-03-07,REG
NYR_FLA_2017-03-07,FLA,2016020976,home,2,4.0,0.0,5.0,2.0,0.0,1.0,0,2,2017-03-07,REG
STL_MIN_2017-03-07,STL,2016020977,away,2,2.0,0.0,2.0,1.0,0.0,0.0,1,2,2017-03-07,REG
STL_MIN_2017-03-07,MIN,2016020977,home,1,6.0,0.0,4.0,2.0,1.0,1.0,0,2,2017-03-07,REG
NYI_EDM_2017-03-07,NYI,2016020979,away,4,1.0,0.0,0.0,1.0,0.0,0.0,1,2,2017-03-07,REG
NYI_EDM_2017-03-07,EDM,2016020979,home,1,0.0,0.0,4.0,2.0,4.0,1.0,0,2,2017-03-07,REG
CAR_COL_2017-03-07,CAR,2016020978,away,1,2.0,0.0,1.0,2.0,0.0,2.0,0,2,2017-03-07,REG
CAR_COL_2017-03-07,COL,2016020978,home,3,1.0,0.0,3.0,1.0,0.0,0.0,1,2,2017-03-07,REG
NSH_ANA_2017-03-07,NSH,2016020981,away,3,6.0,1.0,9.0,3.0,3.0,2.0,0,2,2017-03-07,SO
NSH_ANA_2017-03-07,ANA,2016020981,home,4,2.0,0.0,2.0,0.0,1.0,1.0,1,2,2017-03-07,SO
MTL_VAN_2017-03-07,MTL,2016020980,away,2,2.0,0.0,10.0,3.0,0.0,0.0,1,2,2017-03-07,OT
MTL_VAN_2017-03-07,VAN,2016020980,home,1,3.0,0.0,2.0,4.0,3.0,0.0,0,2,2017-03-07,OT
PIT_WPG_2017-03-08,PIT,2016020984,away,7,1.0,0.0,2.0,0.0,1.0,0.0,1,2,2017-03-08,REG
PIT_WPG_2017-03-08,WPG,2016020984,home,4,3.0,0.0,5.0,0.0,2.0,1.0,0,2,2017-03-08,REG
DET_BOS_2017-03-08,DET,2016020982,away,1,5.0,0.0,4.0,2.0,2.0,0.0,0,2,2017-03-08,REG
DET_BOS_2017-03-08,BOS,2016020982,home,6,2.0,0.0,0.0,1.0,1.0,1.0,1,2,2017-03-08,REG
OTT_DAL_2017-03-08,OTT,2016020983,away,5,2.0,0.0,2.0,0.0,0.0,0.0,1,2,2017-03-08,REG
OTT_DAL_2017-03-08,DAL,2016020983,home,2,1.0,0.0,4.0,0.0,2.0,0.0,0,2,2017-03-08,REG
NYR_CAR_2017-03-09,NYR,2016020985,away,3,3.0,0.0,3.0,1.0,2.0,3.0,0,2,2017-03-09,REG
NYR_CAR_2017-03-09,CAR,2016020985,home,4,2.0,0.0,4.0,2.0,1.0,1.0,1,2,2017-03-09,REG
MIN_TBL_2017-03-09,MIN,2016020987,away,1,2.0,0.0,6.0,1.0,0.0,1.0,0,2,2017-03-09,REG
MIN_TBL_2017-03-09,TBL,2016020987,home,4,1.0,0.0,1.0,1.0,1.0,0.0,1,2,2017-03-09,REG
PHI_TOR_2017-03-09,PHI,2016020986,away,2,2.0,0.0,4.0,1.0,1.0,1.0,0,2,2017-03-09,REG
PHI_TOR_2017-03-09,TOR,2016020986,home,4,3.0,0.0,7.0,6.0,1.0,0.0,1,2,2017-03-09,REG
ANA_CHI_2017-03-09,ANA,2016020988,away,1,5.0,0.0,9.0,0.0,2.0,0.0,1,2,2017-03-09,REG
ANA_CHI_2017-03-09,CHI,2016020988,home,0,0.0,0.0,3.0,1.0,0.0,2.0,0,2,2017-03-09,REG
NJD_COL_2017-03-09,NJD,2016020989,away,2,2.0,0.0,5.0,3.0,1.0,0.0,0,2,2017-03-09,REG
NJD_COL_2017-03-09,COL,2016020989,home,3,2.0,0.0,1.0,0.0,1.0,2.0,1,2,2017-03-09,REG
MTL_CGY_2017-03-09,MTL,2016020990,away,0,2.0,0.0,4.0,2.0,1.0,1.0,0,2,2017-03-09,REG
MTL_CGY_2017-03-09,CGY,2016020990,home,5,1.0,0.0,1.0,2.0,1.0,1.0,1,2,2017-03-09,REG
OTT_ARI_2017-03-09,OTT,2016020991,away,3,1.0,0.0,2.0,6.0,0.0,1.0,1,2,2017-03-09,OT
OTT_ARI_2017-03-09,ARI,2016020991,home,2,6.0,0.0,3.0,4.0,1.0,1.0,0,2,2017-03-09,OT
NYI_VAN_2017-03-09,NYI,2016020992,away,4,2.0,0.0,2.0,0.0,0.0,2.0,1,2,2017-03-09,OT
NYI_VAN_2017-03-09,VAN,2016020992,home,3,4.0,0.0,3.0,1.0,0.0,0.0,0,2,2017-03-09,OT
WSH_SJS_2017-03-09,WSH,2016020994,away,2,2.0,0.0,4.0,1.0,0.0,1.0,0,2,2017-03-09,REG
WSH_SJS_2017-03-09,SJS,2016020994,home,4,3.0,0.0,3.0,1.0,3.0,1.0,1,2,2017-03-09,REG
NSH_LAK_2017-03-09,NSH,2016020993,away,2,4.0,0.0,5.0,1.0,0.0,0.0,0,2,2017-03-09,OT
NSH_LAK_2017-03-09,LAK,2016020993,home,3,4.0,0.0,2.0,2.0,2.0,1.0,1,2,2017-03-09,OT
BUF_CBJ_2017-03-10,BUF,2016020995,away,3,2.0,0.0,7.0,2.0,2.0,1.0,0,2,2017-03-10,REG
BUF_CBJ_2017-03-10,CBJ,2016020995,home,4,1.0,0.0,3.0,0.0,0.0,1.0,1,2,2017-03-10,REG
MIN_FLA_2017-03-10,MIN,2016020997,away,7,1.0,0.0,5.0,0.0,1.0,0.0,1,2,2017-03-10,REG
MIN_FLA_2017-03-10,FLA,2016020997,home,4,2.0,0.0,8.0,2.0,4.0,2.0,0,2,2017-03-10,REG
CHI_DET_2017-03-10,CHI,2016020996,away,2,0.0,0.0,5.0,2.0,0.0,1.0,0,2,2017-03-10,REG
CHI_DET_2017-03-10,DET,2016020996,home,4,4.0,0.0,4.0,2.0,0.0,1.0,1,2,2017-03-10,REG
ANA_STL_2017-03-10,ANA,2016020998,away,3,3.0,0.0,4.0,2.0,2.0,0.0,0,2,2017-03-10,REG
ANA_STL_2017-03-10,STL,2016020998,home,4,5.0,0.0,0.0,1.0,1.0,0.0,1,2,2017-03-10,REG
PIT_EDM_2017-03-10,PIT,2016020999,away,3,0.0,0.0,4.0,2.0,1.0,3.0,1,2,2017-03-10,SO
PIT_EDM_2017-03-10,EDM,2016020999,home,2,2.0,0.0,5.0,2.0,1.0,1.0,0,2,2017-03-10,SO
PHI_BOS_2017-03-11,PHI,2016021000,away,1,6.0,0.0,2.0,1.0,0.0,2.0,0,2,2017-03-11,REG
PHI_BOS_2017-03-11,BOS,2016021000,home,2,4.0,0.0,1.0,0.0,1.0,1.0,1,2,2017-03-11,REG
NSH_SJS_2017-03-11,NSH,2016021001,away,3,5.0,0.0,1.0,3.0,0.0,1.0,1,2,2017-03-11,REG
NSH_SJS_2017-03-11,SJS,2016021001,home,1,4.0,0.0,4.0,1.0,4.0,2.0,0,2,2017-03-11,REG
FLA_TBL_2017-03-11,FLA,2016021003,away,2,2.0,0.0,4.0,0.0,1.0,0.0,0,2,2017-03-11,REG
FLA_TBL_2017-03-11,TBL,2016021003,home,3,2.0,0.0,3.0,2.0,0.0,1.0,1,2,2017-03-11,REG
OTT_COL_2017-03-11,OTT,2016021006,away,4,1.0,0.0,3.0,3.0,0.0,0.0,1,2,2017-03-11,REG
OTT_COL_2017-03-11,COL,2016021006,home,2,3.0,0.0,2.0,2.0,2.0,0.0,0,2,2017-03-11,REG
CGY_WPG_2017-03-11,CGY,2016021005,away,3,1.0,0.0,5.0,4.0,1.0,3.0,1,2,2017-03-11,REG
CGY_WPG_2017-03-11,WPG,2016021005,home,0,0.0,0.0,5.0,0.0,0.0,1.0,0,2,2017-03-11,REG
TOR_CAR_2017-03-11,TOR,2016021004,away,3,1.0,0.0,0.0,1.0,0.0,1.0,1,2,2017-03-11,OT
TOR_CAR_2017-03-11,CAR,2016021004,home,2,6.0,0.0,7.0,0.0,1.0,4.0,0,2,2017-03-11,OT
CBJ_BUF_2017-03-11,CBJ,2016021002,away,3,3.0,0.0,1.0,5.0,1.0,0.0,0,2,2017-03-11,REG
CBJ_BUF_2017-03-11,BUF,2016021002,home,5,3.0,1.0,6.0,2.0,0.0,1.0,1,2,2017-03-11,REG
NYI_STL_2017-03-11,NYI,2016021007,away,3,1.0,1.0,5.0,1.0,1.0,0.0,0,2,2017-03-11,REG
NYI_STL_2017-03-11,STL,2016021007,home,4,0.0,0.0,3.0,5.0,1.0,2.0,1,2,2017-03-11,REG
NJD_ARI_2017-03-11,NJD,2016021008,away,4,1.0,0.0,4.0,1.0,1.0,0.0,0,2,2017-03-11,REG
NJD_ARI_2017-03-11,ARI,2016021008,home,5,4.0,0.0,4.0,0.0,0.0,0.0,1,2,2017-03-11,REG
PIT_VAN_2017-03-11,PIT,2016021009,away,3,2.0,0.0,5.0,2.0,0.0,3.0,1,2,2017-03-11,REG
PIT_VAN_2017-03-11,VAN,2016021009,home,0,2.0,0.0,1.0,5.0,1.0,1.0,0,2,2017-03-11,REG
WSH_LAK_2017-03-11,WSH,2016021010,away,2,5.0,0.0,6.0,3.0,0.0,0.0,0,2,2017-03-11,REG
WSH_LAK_2017-03-11,LAK,2016021010,home,4,4.0,1.0,4.0,2.0,2.0,0.0,1,2,2017-03-11,REG
MIN_CHI_2017-03-12,MIN,2016021012,away,2,7.0,0.0,8.0,1.0,0.0,0.0,0,2,2017-03-12,REG
MIN_CHI_2017-03-12,CHI,2016021012,home,4,0.0,0.0,2.0,3.0,2.0,1.0,1,2,2017-03-12,REG
NYR_DET_2017-03-12,NYR,2016021011,away,4,5.0,0.0,1.0,2.0,0.0,2.0,1,2,2017-03-12,REG
NYR_DET_2017-03-12,DET,2016021011,home,1,6.0,0.0,0.0,1.0,4.0,0.0,0,2,2017-03-12,REG
MTL_EDM_2017-03-12,MTL,2016021013,away,4,3.0,0.0,8.0,4.0,1.0,0.0,1,2,2017-03-12,REG
MTL_EDM_2017-03-12,EDM,2016021013,home,1,0.0,0.0,2.0,3.0,1.0,1.0,0,2,2017-03-12,REG
WSH_ANA_2017-03-12,WSH,2016021014,away,2,4.0,0.0,6.0,1.0,0.0,0.0,0,2,2017-03-12,REG
WSH_ANA_2017-03-12,ANA,2016021014,home,5,3.0,0.0,0.0,2.0,1.0,1.0,1,2,2017-03-12,REG
DAL_SJS_2017-03-12,DAL,2016021015,away,1,2.0,0.0,6.0,5.0,2.0,2.0,0,2,2017-03-12,REG
DAL_SJS_2017-03-12,SJS,2016021015,home,5,7.0,0.0,6.0,1.0,1.0,1.0,1,2,2017-03-12,REG
CBJ_PHI_2017-03-13,CBJ,2016021018,away,5,1.0,0.0,4.0,2.0,3.0,3.0,1,2,2017-03-13,REG
CBJ_PHI_2017-03-13,PHI,2016021018,home,3,2.0,1.0,4.0,0.0,2.0,0.0,0,2,2017-03-13,REG
TBL_NYR_2017-03-13,TBL,2016021017,away,3,3.0,0.0,1.0,1.0,2.0,1.0,1,2,2017-03-13,REG
TBL_NYR_2017-03-13,NYR,2016021017,home,2,3.0,0.0,0.0,1.0,0.0,0.0,0,2,2017-03-13,REG
CAR_NYI_2017-03-13,CAR,2016021016,away,8,3.0,0.0,2.0,4.0,0.0,1.0,1,2,2017-03-13,REG
CAR_NYI_2017-03-13,NYI,2016021016,home,4,3.0,0.0,3.0,0.0,1.0,0.0,0,2,2017-03-13,REG
WPG_NSH_2017-03-13,WPG,2016021019,away,4,4.0,0.0,4.0,2.0,0.0,0.0,0,2,2017-03-13,OT
WPG_NSH_2017-03-13,NSH,2016021019,home,5,3.0,0.0,3.0,0.0,2.0,2.0,1,2,2017-03-13,OT
PIT_CGY_2017-03-13,PIT,2016021020,away,3,0.0,0.0,1.0,4.0,1.0,0.0,0,2,2017-03-13,SO
PIT_CGY_2017-03-13,CGY,2016021020,home,4,0.0,0.0,3.0,1.0,2.0,2.0,1,2,2017-03-13,SO
STL_LAK_2017-03-13,STL,2016021023,away,3,4.0,0.0,1.0,4.0,1.0,0.0,1,2,2017-03-13,REG
STL_LAK_2017-03-13,LAK,2016021023,home,1,4.0,0.0,3.0,2.0,1.0,0.0,0,2,2017-03-13,REG
COL_ARI_2017-03-13,COL,2016021022,away,0,1.0,0.0,0.0,1.0,0.0,0.0,0,2,2017-03-13,REG
COL_ARI_2017-03-13,ARI,2016021022,home,1,6.0,0.0,5.0,4.0,0.0,0.0,1,2,2017-03-13,REG
BOS_VAN_2017-03-13,BOS,2016021021,away,6,1.0,0.0,3.0,0.0,0.0,0.0,1,2,2017-03-13,REG
BOS_VAN_2017-03-13,VAN,2016021021,home,3,2.0,0.0,4.0,2.0,2.0,2.0,0,2,2017-03-13,REG
NYI_CAR_2017-03-14,NYI,2016021026,away,3,2.0,0.0,3.0,0.0,1.0,2.0,1,2,2017-03-14,OT
NYI_CAR_2017-03-14,CAR,2016021026,home,2,1.0,0.0,3.0,4.0,2.0,0.0,0,2,2017-03-14,OT
MIN_WSH_2017-03-14,MIN,2016021025,away,2,2.0,0.0,3.0,2.0,0.0,0.0,0,2,2017-03-14,REG
MIN_WSH_2017-03-14,WSH,2016021025,home,4,7.0,0.0,7.0,2.0,2.0,1.0,1,2,2017-03-14,REG
TBL_OTT_2017-03-14,TBL,2016021028,away,2,2.0,0.0,4.0,3.0,0.0,0.0,1,2,2017-03-14,OT
TBL_OTT_2017-03-14,OTT,2016021028,home,1,3.0,0.0,4.0,6.0,3.0,1.0,0,2,2017-03-14,OT
CHI_MTL_2017-03-14,CHI,2016021027,away,4,1.0,0.0,0.0,1.0,2.0,0.0,1,2,2017-03-14,REG
CHI_MTL_2017-03-14,MTL,2016021027,home,2,3.0,0.0,11.0,1.0,1.0,2.0,0,2,2017-03-14,REG
TOR_FLA_2017-03-14,TOR,2016021029,away,2,1.0,0.0,3.0,2.0,0.0,0.0,0,2,2017-03-14,REG
TOR_FLA_2017-03-14,FLA,2016021029,home,7,3.0,0.0,5.0,1.0,0.0,0.0,1,2,2017-03-14,REG
DAL_EDM_2017-03-14,DAL,2016021030,away,1,1.0,0.0,4.0,0.0,2.0,0.0,0,2,2017-03-14,REG
DAL_EDM_2017-03-14,EDM,2016021030,home,7,1.0,0.0,4.0,6.0,1.0,0.0,1,2,2017-03-14,REG
BUF_SJS_2017-03-14,BUF,2016021032,away,1,4.0,0.0,4.0,4.0,0.0,0.0,0,2,2017-03-14,REG
BUF_SJS_2017-03-14,SJS,2016021032,home,4,1.0,1.0,4.0,1.0,5.0,0.0,1,2,2017-03-14,REG
ARI_LAK_2017-03-14,ARI,2016021031,away,3,4.0,0.0,2.0,5.0,0.0,0.0,1,2,2017-03-14,SO
ARI_LAK_2017-03-14,LAK,2016021031,home,2,1.0,0.0,6.0,1.0,2.0,0.0,0,2,2017-03-14,SO
PIT_PHI_2017-03-15,PIT,2016021033,away,0,5.0,0.0,4.0,2.0,1.0,2.0,0,2,2017-03-15,REG
PIT_PHI_2017-03-15,PHI,2016021033,home,4,12.0,0.0,3.0,1.0,2.0,0.0,1,2,2017-03-15,REG
BOS_CGY_2017-03-15,BOS,2016021034,away,5,0.0,0.0,2.0,0.0,0.0,0.0,1,2,2017-03-15,REG
BOS_CGY_2017-03-15,CGY,2016021034,home,2,1.0,0.0,1.0,6.0,4.0,4.0,0,2,2017-03-15,REG
DET_COL_2017-03-15,DET,2016021035,away,1,2.0,0.0,2.0,3.0,0.0,1.0,0,2,2017-03-15,REG
DET_COL_2017-03-15,COL,2016021035,home,3,1.0,0.0,3.0,4.0,1.0,1.0,1,2,2017-03-15,REG
STL_ANA_2017-03-15,STL,2016021036,away,1,5.0,0.0,2.0,5.0,0.0,0.0,0,2,2017-03-15,REG
STL_ANA_2017-03-15,ANA,2016021036,home,2,3.0,0.0,1.0,0.0,1.0,1.0,1,2,2017-03-15,REG
WPG_NYI_2017-03-16,WPG,2016021038,away,4,3.0,0.0,1.0,2.0,1.0,2.0,1,2,2017-03-16,REG
WPG_NYI_2017-03-16,NYI,2016021038,home,2,1.0,0.0,0.0,2.0,1.0,0.0,0,2,2017-03-16,REG
PHI_NJD_2017-03-16,PHI,2016021037,away,2,7.0,0.0,3.0,3.0,2.0,0.0,0,2,2017-03-16,REG
PHI_NJD_2017-03-16,NJD,2016021037,home,6,1.0,0.0,2.0,0.0,1.0,0.0,1,2,2017-03-16,REG
MIN_CAR_2017-03-16,MIN,2016021040,away,1,3.0,0.0,5.0,3.0,1.0,2.0,0,2,2017-03-16,REG
MIN_CAR_2017-03-16,CAR,2016021040,home,3,3.0,0.0,2.0,1.0,2.0,2.0,1,2,2017-03-16,REG
NSH_WSH_2017-03-16,NSH,2016021039,away,2,0.0,0.0,4.0,2.0,2.0,0.0,1,2,2017-03-16,OT
NSH_WSH_2017-03-16,WSH,2016021039,home,1,5.0,0.0,4.0,1.0,0.0,0.0,0,2,2017-03-16,OT
FLA_CBJ_2017-03-16,FLA,2016021041,away,1,0.0,0.0,5.0,2.0,0.0,0.0,0,2,2017-03-16,REG
FLA_CBJ_2017-03-16,CBJ,2016021041,home,2,0.0,0.0,2.0,5.0,0.0,1.0,1,2,2017-03-16,REG
CHI_OTT_2017-03-16,CHI,2016021042,away,2,0.0,0.0,5.0,1.0,5.0,3.0,1,2,2017-03-16,REG
CHI_OTT_2017-03-16,OTT,2016021042,home,1,2.0,1.0,4.0,5.0,2.0,0.0,0,2,2017-03-16,REG
TOR_TBL_2017-03-16,TOR,2016021043,away,5,1.0,0.0,0.0,4.0,0.0,0.0,1,2,2017-03-16,REG
TOR_TBL_2017-03-16,TBL,2016021043,home,0,3.0,0.0,6.0,1.0,0.0,0.0,0,2,2017-03-16,REG
BOS_EDM_2017-03-16,BOS,2016021044,away,4,2.0,0.0,1.0,0.0,1.0,0.0,0,2,2017-03-16,REG
BOS_EDM_2017-03-16,EDM,2016021044,home,7,1.0,0.0,3.0,3.0,4.0,0.0,1,2,2017-03-16,REG
DAL_VAN_2017-03-16,DAL,2016021045,away,4,2.0,0.0,5.0,5.0,0.0,1.0,1,2,2017-03-16,REG
DAL_VAN_2017-03-16,VAN,2016021045,home,2,0.0,0.0,2.0,2.0,1.0,0.0,0,2,2017-03-16,REG
DET_ARI_2017-03-16,DET,2016021046,away,5,4.0,0.0,3.0,0.0,0.0,1.0,1,2,2017-03-16,SO
DET_ARI_2017-03-16,ARI,2016021046,home,4,4.0,0.0,3.0,6.0,0.0,1.0,0,2,2017-03-16,SO
STL_SJS_2017-03-16,STL,2016021048,away,4,1.0,0.0,3.0,2.0,1.0,0.0,1,2,2017-03-16,REG
STL_SJS_2017-03-16,SJS,2016021048,home,1,3.0,0.0,4.0,5.0,5.0,2.0,0,2,2017-03-16,REG
BUF_LAK_2017-03-16,BUF,2016021047,away,0,5.0,0.0,5.0,2.0,1.0,0.0,0,2,2017-03-16,REG
BUF_LAK_2017-03-16,LAK,2016021047,home,2,4.0,0.0,2.0,4.0,1.0,0.0,1,2,2017-03-16,REG
FLA_NYR_2017-03-17,FLA,2016021049,away,4,1.0,0.0,8.0,3.0,1.0,1.0,1,2,2017-03-17,SO
FLA_NYR_2017-03-17,NYR,2016021049,home,3,1.0,0.0,3.0,2.0,0.0,3.0,0,2,2017-03-17,SO
NJD_PIT_2017-03-17,NJD,2016021050,away,4,5.0,0.0,2.0,0.0,1.0,2.0,0,2,2017-03-17,REG
NJD_PIT_2017-03-17,PIT,2016021050,home,6,0.0,0.0,4.0,2.0,0.0,1.0,1,2,2017-03-17,REG
DAL_CGY_2017-03-17,DAL,2016021051,away,1,0.0,0.0,2.0,1.0,2.0,0.0,0,2,2017-03-17,REG
DAL_CGY_2017-03-17,CGY,2016021051,home,3,0.0,0.0,4.0,5.0,1.0,2.0,1,2,2017-03-17,REG
BUF_ANA_2017-03-17,BUF,2016021052,away,2,3.0,0.0,6.0,1.0,1.0,0.0,1,2,2017-03-17,SO
BUF_ANA_2017-03-17,ANA,2016021052,home,1,1.0,0.0,3.0,3.0,0.0,0.0,0,2,2017-03-17,SO
CBJ_NYI_2017-03-18,CBJ,2016021054,away,3,0.0,0.0,2.0,1.0,2.0,2.0,1,2,2017-03-18,OT
CBJ_NYI_2017-03-18,NYI,2016021054,home,2,1.0,0.0,6.0,0.0,2.0,0.0,0,2,2017-03-18,OT
COL_DET_2017-03-18,COL,2016021053,away,1,2.0,0.0,3.0,2.0,2.0,0.0,0,2,2017-03-18,REG
COL_DET_2017-03-18,DET,2016021053,home,5,3.0,1.0,2.0,0.0,3.0,0.0,1,2,2017-03-18,REG
MTL_OTT_2017-03-18,MTL,2016021056,away,4,4.0,0.0,2.0,5.0,1.0,0.0,1,2,2017-03-18,SO
MTL_OTT_2017-03-18,OTT,2016021056,home,3,2.0,0.0,5.0,4.0,2.0,1.0,0,2,2017-03-18,SO
WSH_TBL_2017-03-18,WSH,2016021057,away,5,4.0,0.0,9.0,2.0,2.0,0.0,1,2,2017-03-18,REG
WSH_TBL_2017-03-18,TBL,2016021057,home,3,2.0,0.0,3.0,1.0,1.0,2.0,0,2,2017-03-18,REG
NSH_CAR_2017-03-18,NSH,2016021058,away,2,1.0,0.0,6.0,3.0,0.0,1.0,0,2,2017-03-18,REG
NSH_CAR_2017-03-18,CAR,2016021058,home,4,1.0,0.0,4.0,1.0,2.0,2.0,1,2,2017-03-18,REG
CHI_TOR_2017-03-18,CHI,2016021055,away,2,0.0,0.0,4.0,2.0,1.0,3.0,1,2,2017-03-18,OT
CHI_TOR_2017-03-18,TOR,2016021055,home,1,6.0,0.0,1.0,2.0,2.0,0.0,0,2,2017-03-18,OT
NYR_MIN_2017-03-18,NYR,2016021059,away,3,0.0,0.0,1.0,0.0,0.0,0.0,1,2,2017-03-18,REG
NYR_MIN_2017-03-18,MIN,2016021059,home,2,2.0,0.0,3.0,1.0,1.0,0.0,0,2,2017-03-18,REG
STL_ARI_2017-03-18,STL,2016021060,away,3,2.0,0.0,2.0,2.0,1.0,0.0,1,2,2017-03-18,REG
STL_ARI_2017-03-18,ARI,2016021060,home,0,2.0,0.0,2.0,1.0,0.0,0.0,0,2,2017-03-18,REG
VAN_EDM_2017-03-18,VAN,2016021061,away,0,1.0,0.0,5.0,2.0,2.0,0.0,0,2,2017-03-18,REG
VAN_EDM_2017-03-18,EDM,2016021061,home,2,0.0,0.0,2.0,3.0,2.0,0.0,1,2,2017-03-18,REG
ANA_SJS_2017-03-18,ANA,2016021062,away,2,1.0,0.0,2.0,3.0,0.0,0.0,1,2,2017-03-18,REG
ANA_SJS_2017-03-18,SJS,2016021062,home,1,6.0,0.0,2.0,5.0,2.0,0.0,0,2,2017-03-18,REG
CBJ_NJD_2017-03-19,CBJ,2016021063,away,4,2.0,0.0,4.0,0.0,0.0,0.0,1,2,2017-03-19,REG
CBJ_NJD_2017-03-19,NJD,2016021063,home,1,1.0,0.0,6.0,1.0,0.0,0.0,0,2,2017-03-19,REG
FLA_PIT_2017-03-19,FLA,2016021064,away,0,1.0,0.0,1.0,3.0,0.0,0.0,0,2,2017-03-19,REG
FLA_PIT_2017-03-19,PIT,2016021064,home,4,2.0,0.0,2.0,2.0,2.0,1.0,1,2,2017-03-19,REG
MIN_WPG_2017-03-19,MIN,2016021065,away,4,0.0,0.0,4.0,2.0,1.0,0.0,0,2,2017-03-19,REG
MIN_WPG_2017-03-19,WPG,2016021065,home,5,5.0,0.0,1.0,5.0,0.0,1.0,1,2,2017-03-19,REG
COL_CHI_2017-03-19,COL,2016021067,away,3,1.0,0.0,5.0,2.0,1.0,0.0,0,2,2017-03-19,REG
COL_CHI_2017-03-19,CHI,2016021067,home,6,1.0,0.0,6.0,3.0,3.0,0.0,1,2,2017-03-19,REG
CAR_PHI_2017-03-19,CAR,2016021066,away,3,2.0,1.0,4.0,1.0,0.0,0.0,0,2,2017-03-19,OT
CAR_PHI_2017-03-19,PHI,2016021066,home,4,6.0,0.0,6.0,2.0,1.0,1.0,1,2,2017-03-19,OT
OTT_MTL_2017-03-19,OTT,2016021068,away,1,3.0,0.0,7.0,0.0,2.0,1.0,0,2,2017-03-19,REG
OTT_MTL_2017-03-19,MTL,2016021068,home,4,1.0,0.0,7.0,4.0,3.0,1.0,1,2,2017-03-19,REG
LAK_CGY_2017-03-19,LAK,2016021069,away,2,2.0,0.0,3.0,1.0,1.0,1.0,0,2,2017-03-19,REG
LAK_CGY_2017-03-19,CGY,2016021069,home,5,3.0,0.0,6.0,3.0,1.0,2.0,1,2,2017-03-19,REG
BUF_DET_2017-03-20,BUF,2016021071,away,2,2.0,0.0,3.0,7.0,0.0,1.0,1,2,2017-03-20,REG
BUF_DET_2017-03-20,DET,2016021071,home,1,3.0,0.0,3.0,1.0,0.0,1.0,0,2,2017-03-20,REG
BOS_TOR_2017-03-20,BOS,2016021070,away,2,2.0,0.0,3.0,0.0,1.0,2.0,0,2,2017-03-20,REG
BOS_TOR_2017-03-20,TOR,2016021070,home,4,1.0,0.0,3.0,2.0,2.0,0.0,1,2,2017-03-20,REG
ARI_NSH_2017-03-20,ARI,2016021072,away,1,3.0,0.0,1.0,3.0,0.0,1.0,0,2,2017-03-20,REG
ARI_NSH_2017-03-20,NSH,2016021072,home,3,1.0,0.0,5.0,3.0,0.0,0.0,1,2,2017-03-20,REG
SJS_DAL_2017-03-20,SJS,2016021073,away,0,1.0,0.0,3.0,1.0,0.0,0.0,0,2,2017-03-20,REG
SJS_DAL_2017-03-20,DAL,2016021073,home,1,2.0,0.0,7.0,4.0,2.0,2.0,1,2,2017-03-20,REG
LAK_EDM_2017-03-20,LAK,2016021074,away,0,2.0,0.0,2.0,1.0,1.0,2.0,0,2,2017-03-20,REG
LAK_EDM_2017-03-20,EDM,2016021074,home,2,0.0,0.0,0.0,9.0,2.0,0.0,1,2,2017-03-20,REG
NYR_NJD_2017-03-21,NYR,2016021077,away,2,4.0,0.0,5.0,1.0,0.0,0.0,0,2,2017-03-21,OT
NYR_NJD_2017-03-21,NJD,2016021077,home,3,2.0,0.0,1.0,1.0,0.0,1.0,1,2,2017-03-21,OT
OTT_BOS_2017-03-21,OTT,2016021075,away,3,0.0,1.0,5.0,0.0,3.0,2.0,1,2,2017-03-21,REG
OTT_BOS_2017-03-21,BOS,2016021075,home,2,3.0,0.0,2.0,0.0,1.0,1.0,0,2,2017-03-21,REG
PIT_BUF_2017-03-21,PIT,2016021076,away,3,0.0,0.0,3.0,0.0,1.0,0.0,1,2,2017-03-21,REG
PIT_BUF_2017-03-21,BUF,2016021076,home,1,0.0,0.0,3.0,1.0,2.0,0.0,0,2,2017-03-21,REG
CGY_WSH_2017-03-21,CGY,2016021078,away,2,0.0,0.0,4.0,3.0,1.0,0.0,0,2,2017-03-21,REG
CGY_WSH_2017-03-21,WSH,2016021078,home,4,2.0,1.0,11.0,0.0,1.0,0.0,1,2,2017-03-21,REG
CAR_FLA_2017-03-21,CAR,2016021081,away,4,1.0,0.0,1.0,1.0,1.0,0.0,1,2,2017-03-21,REG
CAR_FLA_2017-03-21,FLA,2016021081,home,3,1.0,0.0,6.0,2.0,1.0,0.0,0,2,2017-03-21,REG
ARI_TBL_2017-03-21,ARI,2016021080,away,5,2.0,0.0,1.0,1.0,1.0,0.0,1,2,2017-03-21,REG
ARI_TBL_2017-03-21,TBL,2016021080,home,3,1.0,0.0,3.0,2.0,2.0,0.0,0,2,2017-03-21,REG
DET_MTL_2017-03-21,DET,2016021079,away,2,1.0,1.0,5.0,5.0,2.0,2.0,1,2,2017-03-21,OT
DET_MTL_2017-03-21,MTL,2016021079,home,1,2.0,0.0,7.0,1.0,0.0,0.0,0,2,2017-03-21,OT
PHI_WPG_2017-03-21,PHI,2016021083,away,2,8.0,0.0,1.0,1.0,0.0,1.0,0,2,2017-03-21,REG
PHI_WPG_2017-03-21,WPG,2016021083,home,3,3.0,0.0,4.0,2.0,1.0,0.0,1,2,2017-03-21,REG
SJS_MIN_2017-03-21,SJS,2016021082,away,2,5.0,0.0,2.0,1.0,0.0,2.0,0,2,2017-03-21,REG
SJS_MIN_2017-03-21,MIN,2016021082,home,3,1.0,0.0,3.0,2.0,0.0,1.0,1,2,2017-03-21,REG
VAN_CHI_2017-03-21,VAN,2016021084,away,5,2.0,0.0,1.0,0.0,2.0,1.0,1,2,2017-03-21,OT
VAN_CHI_2017-03-21,CHI,2016021084,home,4,1.0,0.0,6.0,1.0,6.0,5.0,0,2,2017-03-21,OT
STL_COL_2017-03-21,STL,2016021085,away,4,0.0,0.0,0.0,0.0,1.0,0.0,1,2,2017-03-21,REG
STL_COL_2017-03-21,COL,2016021085,home,2,3.0,0.0,4.0,2.0,1.0,2.0,0,2,2017-03-21,REG
TOR_CBJ_2017-03-22,TOR,2016021086,away,5,3.0,0.0,1.0,4.0,1.0,0.0,1,2,2017-03-22,REG
TOR_CBJ_2017-03-22,CBJ,2016021086,home,2,1.0,0.0,1.0,3.0,0.0,1.0,0,2,2017-03-22,REG
NYI_NYR_2017-03-22,NYI,2016021087,away,3,2.0,0.0,1.0,1.0,3.0,0.0,1,2,2017-03-22,REG
NYI_NYR_2017-03-22,NYR,2016021087,home,2,3.0,0.0,2.0,4.0,0.0,1.0,0,2,2017-03-22,REG
EDM_ANA_2017-03-22,EDM,2016021088,away,3,1.0,0.0,2.0,7.0,2.0,0.0,0,2,2017-03-22,REG
EDM_ANA_2017-03-22,ANA,2016021088,home,4,0.0,0.0,0.0,1.0,2.0,0.0,1,2,2017-03-22,REG
TBL_BOS_2017-03-23,TBL,2016021089,away,6,2.0,0.0,1.0,2.0,1.0,2.0,1,2,2017-03-23,REG
TBL_BOS_2017-03-23,BOS,2016021089,home,3,5.0,0.0,4.0,1.0,1.0,1.0,0,2,2017-03-23,REG
CBJ_WSH_2017-03-23,CBJ,2016021090,away,1,2.0,0.0,3.0,2.0,1.0,3.0,0,2,2017-03-23,SO
CBJ_WSH_2017-03-23,WSH,2016021090,home,2,4.0,0.0,10.0,1.0,0.0,0.0,1,2,2017-03-23,SO
NJD_TOR_2017-03-23,NJD,2016021091,away,2,3.0,1.0,6.0,2.0,0.0,2.0,0,2,2017-03-23,REG
NJD_TOR_2017-03-23,TOR,2016021091,home,4,2.0,0.0,1.0,2.0,0.0,2.0,1,2,2017-03-23,REG
CAR_MTL_2017-03-23,CAR,2016021092,away,4,3.0,0.0,5.0,0.0,2.0,2.0,1,2,2017-03-23,REG
CAR_MTL_2017-03-23,MTL,2016021092,home,1,4.0,0.0,1.0,2.0,3.0,0.0,0,2,2017-03-23,REG
ARI_FLA_2017-03-23,ARI,2016021094,away,1,4.0,0.0,2.0,2.0,0.0,0.0,0,2,2017-03-23,REG
ARI_FLA_2017-03-23,FLA,2016021094,home,3,3.0,0.0,6.0,1.0,0.0,3.0,1,2,2017-03-23,REG
PIT_OTT_2017-03-23,PIT,2016021093,away,1,3.0,0.0,3.0,1.0,0.0,1.0,0,2,2017-03-23,SO
PIT_OTT_2017-03-23,OTT,2016021093,home,2,1.0,0.0,3.0,0.0,0.0,1.0,1,2,2017-03-23,SO
CGY_NSH_2017-03-23,CGY,2016021096,away,1,2.0,0.0,5.0,3.0,4.0,2.0,0,2,2017-03-23,REG
CGY_NSH_2017-03-23,NSH,2016021096,home,3,2.0,0.0,6.0,2.0,2.0,0.0,1,2,2017-03-23,REG
VAN_STL_2017-03-23,VAN,2016021095,away,1,2.0,0.0,3.0,4.0,0.0,0.0,0,2,2017-03-23,REG
VAN_STL_2017-03-23,STL,2016021095,home,4,1.0,0.0,3.0,1.0,0.0,0.0,1,2,2017-03-23,REG
PHI_MIN_2017-03-23,PHI,2016021097,away,3,3.0,0.0,4.0,2.0,1.0,0.0,1,2,2017-03-23,REG
PHI_MIN_2017-03-23,MIN,2016021097,home,1,0.0,0.0,1.0,1.0,1.0,1.0,0,2,2017-03-23,REG
DAL_CHI_2017-03-23,DAL,2016021098,away,2,1.0,0.0,8.0,3.0,0.0,2.0,0,2,2017-03-23,SO
DAL_CHI_2017-03-23,CHI,2016021098,home,3,0.0,0.0,3.0,5.0,0.0,2.0,1,2,2017-03-23,SO
EDM_COL_2017-03-23,EDM,2016021099,away,7,0.0,0.0,2.0,0.0,0.0,0.0,1,2,2017-03-23,REG
EDM_COL_2017-03-23,COL,2016021099,home,4,1.0,0.0,1.0,1.0,0.0,2.0,0,2,2017-03-23,REG
WPG_LAK_2017-03-23,WPG,2016021100,away,2,4.0,0.0,2.0,4.0,1.0,0.0,0,2,2017-03-23,REG
WPG_LAK_2017-03-23,LAK,2016021100,home,5,3.0,1.0,4.0,1.0,2.0,0.0,1,2,2017-03-23,REG
NYI_PIT_2017-03-24,NYI,2016021101,away,4,2.0,0.0,3.0,2.0,0.0,1.0,1,2,2017-03-24,SO
NYI_PIT_2017-03-24,PIT,2016021101,home,3,2.0,0.0,3.0,0.0,2.0,0.0,0,2,2017-03-24,SO
TBL_DET_2017-03-24,TBL,2016021102,away,2,3.0,0.0,3.0,1.0,0.0,0.0,1,2,2017-03-24,OT
TBL_DET_2017-03-24,DET,2016021102,home,1,6.0,0.0,6.0,3.0,1.0,1.0,0,2,2017-03-24,OT
SJS_DAL_2017-03-24,SJS,2016021103,away,1,3.0,0.0,3.0,1.0,1.0,0.0,0,2,2017-03-24,REG
SJS_DAL_2017-03-24,DAL,2016021103,home,6,1.0,0.0,4.0,1.0,2.0,0.0,1,2,2017-03-24,REG
WPG_ANA_2017-03-24,WPG,2016021104,away,1,5.0,0.0,0.0,1.0,1.0,0.0,0,2,2017-03-24,REG
WPG_ANA_2017-03-24,ANA,2016021104,home,3,2.0,0.0,5.0,1.0,0.0,1.0,1,2,2017-03-24,REG
PHI_CBJ_2017-03-25,PHI,2016021105,away,0,4.0,0.0,4.0,1.0,0.0,0.0,0,2,2017-03-25,REG
PHI_CBJ_2017-03-25,CBJ,2016021105,home,1,2.0,0.0,4.0,0.0,0.0,1.0,1,2,2017-03-25,REG
VAN_MIN_2017-03-25,VAN,2016021106,away,4,7.0,0.0,4.0,1.0,0.0,1.0,1,2,2017-03-25,REG
VAN_MIN_2017-03-25,MIN,2016021106,home,2,3.0,0.0,0.0,1.0,0.0,0.0,0,2,2017-03-25,REG
OTT_MTL_2017-03-25,OTT,2016021108,away,1,3.0,0.0,3.0,3.0,1.0,2.0,0,2,2017-03-25,REG
OTT_MTL_2017-03-25,MTL,2016021108,home,3,3.0,1.0,8.0,1.0,3.0,0.0,1,2,2017-03-25,REG
TOR_BUF_2017-03-25,TOR,2016021107,away,2,1.0,0.0,5.0,1.0,0.0,0.0,0,2,2017-03-25,REG
TOR_BUF_2017-03-25,BUF,2016021107,home,5,3.0,0.0,10.0,2.0,0.0,1.0,1,2,2017-03-25,REG
CAR_NJD_2017-03-25,CAR,2016021110,away,3,5.0,0.0,1.0,0.0,1.0,2.0,1,2,2017-03-25,REG
CAR_NJD_2017-03-25,NJD,2016021110,home,1,5.0,0.0,1.0,0.0,0.0,0.0,0,2,2017-03-25,REG
BOS_NYI_2017-03-25,BOS,2016021111,away,2,1.0,0.0,3.0,0.0,1.0,0.0,1,2,2017-03-25,REG
BOS_NYI_2017-03-25,NYI,2016021111,home,1,2.0,0.0,3.0,2.0,0.0,0.0,0,2,2017-03-25,REG
CHI_FLA_2017-03-25,CHI,2016021109,away,0,2.0,0.0,2.0,2.0,1.0,2.0,0,2,2017-03-25,REG
CHI_FLA_2017-03-25,FLA,2016021109,home,7,1.0,0.0,3.0,0.0,1.0,1.0,1,2,2017-03-25,REG
ARI_WSH_2017-03-25,ARI,2016021112,away,1,2.0,0.0,2.0,5.0,3.0,2.0,0,2,2017-03-25,REG
ARI_WSH_2017-03-25,WSH,2016021112,home,4,1.0,1.0,6.0,0.0,2.0,1.0,1,2,2017-03-25,REG
CGY_STL_2017-03-25,CGY,2016021113,away,3,3.0,0.0,8.0,3.0,1.0,1.0,1,2,2017-03-25,OT
CGY_STL_2017-03-25,STL,2016021113,home,2,3.0,0.0,3.0,3.0,0.0,0.0,0,2,2017-03-25,OT
SJS_NSH_2017-03-25,SJS,2016021114,away,2,2.0,0.0,3.0,3.0,1.0,0.0,0,2,2017-03-25,REG
SJS_NSH_2017-03-25,NSH,2016021114,home,7,1.0,0.0,5.0,6.0,3.0,1.0,1,2,2017-03-25,REG
COL_EDM_2017-03-25,COL,2016021115,away,1,3.0,0.0,3.0,0.0,1.0,0.0,0,2,2017-03-25,REG
COL_EDM_2017-03-25,EDM,2016021115,home,4,1.0,0.0,0.0,4.0,2.0,1.0,1,2,2017-03-25,REG
NYR_LAK_2017-03-25,NYR,2016021116,away,3,5.0,0.0,2.0,5.0,3.0,0.0,1,2,2017-03-25,REG
NYR_LAK_2017-03-25,LAK,2016021116,home,0,5.0,0.0,0.0,1.0,1.0,1.0,0,2,2017-03-25,REG
MIN_DET_2017-03-26,MIN,2016021119,away,2,3.0,0.0,2.0,0.0,2.0,0.0,0,2,2017-03-26,OT
MIN_DET_2017-03-26,DET,2016021119,home,3,8.0,0.0,2.0,2.0,3.0,0.0,1,2,2017-03-26,OT
DAL_NJD_2017-03-26,DAL,2016021118,away,2,2.0,0.0,2.0,1.0,0.0,1.0,1,2,2017-03-26,OT
DAL_NJD_2017-03-26,NJD,2016021118,home,1,3.0,0.0,1.0,1.0,1.0,0.0,0,2,2017-03-26,OT
PHI_PIT_2017-03-26,PHI,2016021117,away,6,7.0,0.0,3.0,3.0,0.0,0.0,1,2,2017-03-26,REG
PHI_PIT_2017-03-26,PIT,2016021117,home,2,3.0,1.0,4.0,2.0,2.0,1.0,0,2,2017-03-26,REG
VAN_WPG_2017-03-26,VAN,2016021120,away,1,0.0,0.0,2.0,0.0,2.0,0.0,0,2,2017-03-26,REG
VAN_WPG_2017-03-26,WPG,2016021120,home,2,3.0,0.0,4.0,0.0,2.0,0.0,1,2,2017-03-26,REG
NYR_ANA_2017-03-26,NYR,2016021121,away,3,2.0,0.0,0.0,0.0,0.0,0.0,0,2,2017-03-26,REG
NYR_ANA_2017-03-26,ANA,2016021121,home,6,5.0,0.0,2.0,2.0,1.0,1.0,1,2,2017-03-26,REG
NSH_NYI_2017-03-27,NSH,2016021123,away,3,2.0,0.0,5.0,0.0,2.0,0.0,1,2,2017-03-27,REG
NSH_NYI_2017-03-27,NYI,2016021123,home,1,2.0,0.0,3.0,1.0,3.0,0.0,0,2,2017-03-27,REG
DET_CAR_2017-03-27,DET,2016020477,away,4,4.0,0.0,3.0,2.0,2.0,1.0,1,2,2017-03-27,OT
DET_CAR_2017-03-27,CAR,2016020477,home,3,5.0,0.0,4.0,4.0,4.0,0.0,0,2,2017-03-27,OT
FLA_BUF_2017-03-27,FLA,2016021122,away,2,2.0,0.0,5.0,2.0,1.0,0.0,0,2,2017-03-27,REG
FLA_BUF_2017-03-27,BUF,2016021122,home,4,7.0,0.0,4.0,1.0,1.0,0.0,1,2,2017-03-27,REG
CHI_TBL_2017-03-27,CHI,2016021124,away,4,0.0,0.0,5.0,4.0,0.0,0.0,0,2,2017-03-27,OT
CHI_TBL_2017-03-27,TBL,2016021124,home,5,4.0,0.0,2.0,1.0,0.0,2.0,1,2,2017-03-27,OT
ARI_STL_2017-03-27,ARI,2016021125,away,1,9.0,0.0,4.0,2.0,0.0,0.0,0,2,2017-03-27,REG
ARI_STL_2017-03-27,STL,2016021125,home,4,4.0,0.0,3.0,2.0,0.0,0.0,1,2,2017-03-27,REG
COL_CGY_2017-03-27,COL,2016021126,away,2,1.0,0.0,2.0,2.0,1.0,1.0,0,2,2017-03-27,REG
COL_CGY_2017-03-27,CGY,2016021126,home,4,1.0,0.0,2.0,0.0,1.0,1.0,1,2,2017-03-27,REG
OTT_PHI_2017-03-28,OTT,2016021128,away,2,3.0,0.0,6.0,1.0,3.0,1.0,0,2,2017-03-28,SO
OTT_PHI_2017-03-28,PHI,2016021128,home,3,5.0,1.0,5.0,1.0,0.0,0.0,1,2,2017-03-28,SO
DET_CAR_2017-03-28,DET,2016021129,away,1,3.0,0.0,3.0,5.0,1.0,0.0,0,2,2017-03-28,REG
DET_CAR_2017-03-28,CAR,2016021129,home,4,5.0,0.0,3.0,3.0,1.0,2.0,1,2,2017-03-28,REG
BUF_CBJ_2017-03-28,BUF,2016021130,away,1,0.0,0.0,9.0,2.0,0.0,0.0,0,2,2017-03-28,REG
BUF_CBJ_2017-03-28,CBJ,2016021130,home,3,1.0,0.0,3.0,0.0,0.0,1.0,1,2,2017-03-28,REG
WPG_NJD_2017-03-28,WPG,2016021024,away,4,3.0,0.0,3.0,0.0,1.0,0.0,1,2,2017-03-28,SO
WPG_NJD_2017-03-28,NJD,2016021024,home,3,1.0,0.0,7.0,0.0,1.0,0.0,0,2,2017-03-28,SO
NSH_BOS_2017-03-28,NSH,2016021127,away,1,4.0,0.0,1.0,0.0,2.0,2.0,0,2,2017-03-28,REG
NSH_BOS_2017-03-28,BOS,2016021127,home,4,1.0,0.0,2.0,2.0,1.0,0.0,1,2,2017-03-28,REG
FLA_TOR_2017-03-28,FLA,2016021131,away,2,1.0,0.0,2.0,2.0,0.0,2.0,0,2,2017-03-28,REG
FLA_TOR_2017-03-28,TOR,2016021131,home,3,0.0,0.0,4.0,1.0,0.0,1.0,1,2,2017-03-28,REG
DAL_MTL_2017-03-28,DAL,2016021132,away,1,9.0,0.0,2.0,1.0,1.0,0.0,0,2,2017-03-28,REG
DAL_MTL_2017-03-28,MTL,2016021132,home,4,5.0,0.0,4.0,2.0,2.0,1.0,1,2,2017-03-28,REG
WSH_MIN_2017-03-28,WSH,2016021133,away,5,5.0,3.0,8.0,2.0,0.0,0.0,1,2,2017-03-28,OT
WSH_MIN_2017-03-28,MIN,2016021133,home,4,1.0,0.0,3.0,0.0,2.0,1.0,0,2,2017-03-28,OT
LAK_EDM_2017-03-28,LAK,2016021134,away,1,3.0,0.0,1.0,3.0,1.0,0.0,0,2,2017-03-28,REG
LAK_EDM_2017-03-28,EDM,2016021134,home,2,2.0,0.0,6.0,3.0,3.0,3.0,1,2,2017-03-28,REG
ANA_VAN_2017-03-28,ANA,2016021135,away,4,2.0,0.0,3.0,1.0,1.0,0.0,1,2,2017-03-28,REG
ANA_VAN_2017-03-28,VAN,2016021135,home,1,1.0,0.0,4.0,2.0,1.0,0.0,0,2,2017-03-28,REG
NYR_SJS_2017-03-28,NYR,2016021136,away,4,1.0,1.0,4.0,4.0,1.0,0.0,0,2,2017-03-28,OT
NYR_SJS_2017-03-28,SJS,2016021136,home,5,5.0,0.0,3.0,0.0,4.0,0.0,1,2,2017-03-28,OT
CHI_PIT_2017-03-29,CHI,2016021137,away,5,1.0,0.0,1.0,2.0,1.0,2.0,1,2,2017-03-29,REG
CHI_PIT_2017-03-29,PIT,2016021137,home,1,2.0,0.0,5.0,1.0,1.0,0.0,0,2,2017-03-29,REG
LAK_CGY_2017-03-29,LAK,2016021138,away,4,2.0,0.0,6.0,3.0,0.0,0.0,1,2,2017-03-29,REG
LAK_CGY_2017-03-29,CGY,2016021138,home,1,0.0,0.0,8.0,3.0,0.0,0.0,0,2,2017-03-29,REG
WSH_COL_2017-03-29,WSH,2016021139,away,5,3.0,0.0,3.0,1.0,2.0,2.0,1,2,2017-03-29,REG
WSH_COL_2017-03-29,COL,2016021139,home,3,0.0,0.0,5.0,1.0,0.0,0.0,0,2,2017-03-29,REG
STL_ARI_2017-03-29,STL,2016021140,away,3,3.0,0.0,4.0,2.0,0.0,1.0,1,2,2017-03-29,REG
STL_ARI_2017-03-29,ARI,2016021140,home,1,10.0,0.0,3.0,2.0,1.0,0.0,0,2,2017-03-29,REG
NYI_PHI_2017-03-30,NYI,2016021142,away,3,5.0,0.0,9.0,3.0,0.0,0.0,0,2,2017-03-30,REG
NYI_PHI_2017-03-30,PHI,2016021142,home,6,10.0,0.0,4.0,2.0,0.0,0.0,1,2,2017-03-30,REG
CBJ_CAR_2017-03-30,CBJ,2016021143,away,1,1.0,0.0,2.0,3.0,0.0,0.0,0,2,2017-03-30,OT
CBJ_CAR_2017-03-30,CAR,2016021143,home,2,7.0,0.0,5.0,1.0,0.0,1.0,1,2,2017-03-30,OT
FLA_MTL_2017-03-30,FLA,2016021144,away,2,3.0,0.0,5.0,1.0,1.0,0.0,0,2,2017-03-30,REG
FLA_MTL_2017-03-30,MTL,2016021144,home,6,2.0,0.0,5.0,0.0,3.0,1.0,1,2,2017-03-30,REG
DAL_BOS_2017-03-30,DAL,2016021141,away,0,2.0,0.0,1.0,2.0,1.0,3.0,0,2,2017-03-30,REG
DAL_BOS_2017-03-30,BOS,2016021141,home,2,2.0,0.0,2.0,2.0,1.0,0.0,1,2,2017-03-30,REG
DET_TBL_2017-03-30,DET,2016021145,away,3,4.0,0.0,5.0,2.0,0.0,0.0,0,2,2017-03-30,REG
DET_TBL_2017-03-30,TBL,2016021145,home,5,2.0,1.0,6.0,0.0,0.0,0.0,1,2,2017-03-30,REG
TOR_NSH_2017-03-30,TOR,2016021146,away,3,1.0,0.0,0.0,1.0,0.0,0.0,1,2,2017-03-30,REG
TOR_NSH_2017-03-30,NSH,2016021146,home,1,3.0,0.0,5.0,1.0,1.0,1.0,0,2,2017-03-30,REG
OTT_MIN_2017-03-30,OTT,2016021147,away,1,0.0,0.0,3.0,3.0,0.0,0.0,0,2,2017-03-30,REG
OTT_MIN_2017-03-30,MIN,2016021147,home,5,1.0,0.0,2.0,1.0,0.0,0.0,1,2,2017-03-30,REG
ANA_WPG_2017-03-30,ANA,2016021148,away,3,3.0,0.0,3.0,1.0,1.0,0.0,0,2,2017-03-30,OT
ANA_WPG_2017-03-30,WPG,2016021148,home,4,3.0,0.0,0.0,2.0,2.0,0.0,1,2,2017-03-30,OT
SJS_EDM_2017-03-30,SJS,2016021149,away,2,4.0,0.0,5.0,2.0,1.0,0.0,0,2,2017-03-30,REG
SJS_EDM_2017-03-30,EDM,2016021149,home,3,0.0,0.0,0.0,3.0,2.0,1.0,1,2,2017-03-30,REG
PIT_NYR_2017-03-31,PIT,2016021150,away,4,1.0,0.0,1.0,1.0,1.0,1.0,1,2,2017-03-31,SO
PIT_NYR_2017-03-31,NYR,2016021150,home,3,3.0,0.0,3.0,3.0,2.0,3.0,0,2,2017-03-31,SO
NJD_NYI_2017-03-31,NJD,2016021151,away,1,1.0,0.0,5.0,1.0,1.0,0.0,0,2,2017-03-31,REG
NJD_NYI_2017-03-31,NYI,2016021151,home,2,5.0,0.0,5.0,3.0,2.0,1.0,1,2,2017-03-31,REG
CBJ_CHI_2017-03-31,CBJ,2016021152,away,1,0.0,0.0,6.0,3.0,2.0,2.0,0,2,2017-03-31,REG
CBJ_CHI_2017-03-31,CHI,2016021152,home,3,0.0,0.0,2.0,0.0,2.0,1.0,1,2,2017-03-31,REG
STL_COL_2017-03-31,STL,2016021153,away,1,3.0,0.0,4.0,7.0,0.0,0.0,0,2,2017-03-31,SO
STL_COL_2017-03-31,COL,2016021153,home,2,0.0,0.0,0.0,3.0,1.0,2.0,1,2,2017-03-31,SO
SJS_CGY_2017-03-31,SJS,2016021154,away,2,0.0,0.0,7.0,0.0,2.0,1.0,0,2,2017-03-31,REG
SJS_CGY_2017-03-31,CGY,2016021154,home,5,0.0,0.0,6.0,1.0,2.0,0.0,1,2,2017-03-31,REG
WSH_ARI_2017-03-31,WSH,2016021156,away,3,7.0,0.0,5.0,1.0,0.0,2.0,0,2,2017-03-31,REG
WSH_ARI_2017-03-31,ARI,2016021156,home,6,4.0,0.0,1.0,7.0,1.0,0.0,1,2,2017-03-31,REG
LAK_VAN_2017-03-31,LAK,2016021155,away,2,3.0,0.0,2.0,3.0,0.0,0.0,1,2,2017-03-31,REG
LAK_VAN_2017-03-31,VAN,2016021155,home,0,3.0,0.0,6.0,1.0,1.0,1.0,0,2,2017-03-31,REG
FLA_BOS_2017-04-01,FLA,2016021157,away,2,2.0,0.0,6.0,2.0,2.0,1.0,0,2,2017-04-01,REG
FLA_BOS_2017-04-01,BOS,2016021157,home,5,2.0,0.0,1.0,0.0,2.0,0.0,1,2,2017-04-01,REG
MIN_NSH_2017-04-01,MIN,2016021158,away,0,3.0,0.0,2.0,1.0,2.0,0.0,0,2,2017-04-01,REG
MIN_NSH_2017-04-01,NSH,2016021158,home,3,0.0,0.0,3.0,1.0,5.0,1.0,1,2,2017-04-01,REG
DAL_CAR_2017-04-01,DAL,2016021162,away,3,2.0,0.0,2.0,3.0,0.0,0.0,1,2,2017-04-01,REG
DAL_CAR_2017-04-01,CAR,2016021162,home,0,3.0,0.0,1.0,1.0,1.0,2.0,0,2,2017-04-01,REG
MTL_TBL_2017-04-01,MTL,2016021160,away,2,2.0,0.0,6.0,0.0,1.0,1.0,1,2,2017-04-01,OT
MTL_TBL_2017-04-01,TBL,2016021160,home,1,5.0,0.0,2.0,3.0,0.0,2.0,0,2,2017-04-01,OT
TOR_DET_2017-04-01,TOR,2016021159,away,5,2.0,0.0,3.0,0.0,0.0,0.0,1,2,2017-04-01,REG
TOR_DET_2017-04-01,DET,2016021159,home,4,2.0,0.0,5.0,2.0,2.0,0.0,0,2,2017-04-01,REG
NJD_PHI_2017-04-01,NJD,2016021161,away,0,2.0,0.0,4.0,0.0,0.0,0.0,0,2,2017-04-01,REG
NJD_PHI_2017-04-01,PHI,2016021161,home,3,4.0,1.0,8.0,1.0,2.0,0.0,1,2,2017-04-01,REG
OTT_WPG_2017-04-01,OTT,2016021163,away,2,2.0,0.0,3.0,1.0,0.0,0.0,0,2,2017-04-01,REG
OTT_WPG_2017-04-01,WPG,2016021163,home,4,2.0,0.0,3.0,1.0,2.0,0.0,1,2,2017-04-01,REG
ANA_EDM_2017-04-01,ANA,2016021164,away,2,1.0,0.0,2.0,6.0,1.0,0.0,0,2,2017-04-01,OT
ANA_EDM_2017-04-01,EDM,2016021164,home,3,4.0,0.0,4.0,2.0,1.0,1.0,1,2,2017-04-01,OT
BOS_CHI_2017-04-02,BOS,2016021165,away,3,4.0,0.0,3.0,2.0,0.0,0.0,1,2,2017-04-02,REG
BOS_CHI_2017-04-02,CHI,2016021165,home,2,0.0,0.0,4.0,2.0,3.0,0.0,0,2,2017-04-02,REG
NYI_BUF_2017-04-02,NYI,2016021166,away,4,0.0,0.0,1.0,2.0,0.0,0.0,1,2,2017-04-02,REG
NYI_BUF_2017-04-02,BUF,2016021166,home,2,2.0,0.0,8.0,2.0,0.0,0.0,0,2,2017-04-02,REG
NSH_STL_2017-04-02,NSH,2016021170,away,1,2.0,0.0,3.0,1.0,0.0,1.0,0,2,2017-04-02,REG
NSH_STL_2017-04-02,STL,2016021170,home,4,3.0,0.0,6.0,6.0,0.0,1.0,1,2,2017-04-02,REG
CAR_PIT_2017-04-02,CAR,2016021167,away,2,4.0,0.0,6.0,0.0,0.0,1.0,0,2,2017-04-02,REG
CAR_PIT_2017-04-02,PIT,2016021167,home,3,1.0,0.0,3.0,0.0,0.0,0.0,1,2,2017-04-02,REG
COL_MIN_2017-04-02,COL,2016021171,away,2,1.0,0.0,5.0,0.0,0.0,2.0,0,2,2017-04-02,REG
COL_MIN_2017-04-02,MIN,2016021171,home,5,1.0,0.0,2.0,1.0,1.0,1.0,1,2,2017-04-02,REG
WSH_CBJ_2017-04-02,WSH,2016021169,away,3,6.0,0.0,6.0,2.0,1.0,0.0,1,2,2017-04-02,REG
WSH_CBJ_2017-04-02,CBJ,2016021169,home,2,2.0,0.0,5.0,0.0,0.0,1.0,0,2,2017-04-02,REG
DAL_TBL_2017-04-02,DAL,2016021168,away,3,0.0,0.0,2.0,3.0,0.0,0.0,0,2,2017-04-02,REG
DAL_TBL_2017-04-02,TBL,2016021168,home,6,0.0,0.0,3.0,3.0,0.0,0.0,1,2,2017-04-02,REG
SJS_VAN_2017-04-02,SJS,2016021172,away,3,3.0,0.0,0.0,3.0,1.0,0.0,1,2,2017-04-02,REG
SJS_VAN_2017-04-02,VAN,2016021172,home,1,2.0,0.0,1.0,2.0,0.0,1.0,0,2,2017-04-02,REG
PHI_NYR_2017-04-02,PHI,2016021173,away,3,2.0,0.0,5.0,0.0,3.0,2.0,0,2,2017-04-02,REG
PHI_NYR_2017-04-02,NYR,2016021173,home,4,1.0,0.0,3.0,1.0,3.0,1.0,1,2,2017-04-02,REG
ANA_CGY_2017-04-02,ANA,2016021174,away,4,2.0,0.0,6.0,1.0,4.0,0.0,1,2,2017-04-02,REG
ANA_CGY_2017-04-02,CGY,2016021174,home,3,0.0,2.0,3.0,2.0,2.0,1.0,0,2,2017-04-02,REG
ARI_LAK_2017-04-02,ARI,2016021175,away,2,7.0,0.0,1.0,3.0,2.0,0.0,1,2,2017-04-02,REG
ARI_LAK_2017-04-02,LAK,2016021175,home,1,4.0,0.0,5.0,0.0,0.0,0.0,0,2,2017-04-02,REG
TOR_BUF_2017-04-03,TOR,2016021176,away,4,3.0,0.0,4.0,1.0,0.0,0.0,1,2,2017-04-03,REG
TOR_BUF_2017-04-03,BUF,2016021176,home,2,2.0,0.0,4.0,2.0,0.0,0.0,0,2,2017-04-03,REG
OTT_DET_2017-04-03,OTT,2016021177,away,4,6.0,0.0,6.0,5.0,0.0,0.0,0,2,2017-04-03,SO
OTT_DET_2017-04-03,DET,2016021177,home,5,1.0,0.0,3.0,1.0,1.0,0.0,1,2,2017-04-03,SO
MTL_FLA_2017-04-03,MTL,2016021178,away,4,2.0,0.0,5.0,1.0,3.0,1.0,1,2,2017-04-03,REG
MTL_FLA_2017-04-03,FLA,2016021178,home,1,2.0,0.0,5.0,2.0,1.0,1.0,0,2,2017-04-03,REG
PHI_NJD_2017-04-04,PHI,2016021180,away,0,2.0,0.0,4.0,2.0,0.0,2.0,0,2,2017-04-04,OT
PHI_NJD_2017-04-04,NJD,2016021180,home,1,2.0,0.0,3.0,2.0,0.0,1.0,1,2,2017-04-04,OT
TBL_BOS_2017-04-04,TBL,2016021179,away,0,1.0,0.0,2.0,3.0,1.0,7.0,0,2,2017-04-04,REG
TBL_BOS_2017-04-04,BOS,2016021179,home,4,2.0,0.0,5.0,3.0,0.0,0.0,1,2,2017-04-04,REG
CBJ_PIT_2017-04-04,CBJ,2016021181,away,1,1.0,0.0,2.0,3.0,0.0,1.0,0,2,2017-04-04,REG
CBJ_PIT_2017-04-04,PIT,2016021181,home,4,3.0,0.0,0.0,0.0,1.0,0.0,1,2,2017-04-04,REG
DET_OTT_2017-04-04,DET,2016021183,away,0,5.0,0.0,0.0,1.0,1.0,0.0,0,2,2017-04-04,REG
DET_OTT_2017-04-04,OTT,2016021183,home,2,0.0,0.0,5.0,2.0,2.0,0.0,1,2,2017-04-04,REG
WSH_TOR_2017-04-04,WSH,2016021182,away,4,6.0,0.0,4.0,1.0,2.0,0.0,1,2,2017-04-04,REG
WSH_TOR_2017-04-04,TOR,2016021182,home,1,1.0,0.0,3.0,0.0,1.0,1.0,0,2,2017-04-04,REG
WPG_STL_2017-04-04,WPG,2016021184,away,5,3.0,0.0,5.0,3.0,0.0,0.0,1,2,2017-04-04,REG
WPG_STL_2017-04-04,STL,2016021184,home,2,4.0,0.0,2.0,3.0,1.0,0.0,0,2,2017-04-04,REG
NYI_NSH_2017-04-04,NYI,2016021185,away,2,1.0,0.0,2.0,4.0,1.0,0.0,1,2,2017-04-04,OT
NYI_NSH_2017-04-04,NSH,2016021185,home,1,2.0,0.0,4.0,2.0,4.0,3.0,0,2,2017-04-04,OT
CAR_MIN_2017-04-04,CAR,2016021186,away,3,0.0,0.0,0.0,2.0,0.0,1.0,0,2,2017-04-04,REG
CAR_MIN_2017-04-04,MIN,2016021186,home,5,4.0,0.0,3.0,0.0,0.0,1.0,1,2,2017-04-04,REG
ARI_DAL_2017-04-04,ARI,2016021187,away,2,5.0,0.0,5.0,2.0,1.0,0.0,0,2,2017-04-04,OT
ARI_DAL_2017-04-04,DAL,2016021187,home,3,3.0,0.0,1.0,1.0,0.0,1.0,1,2,2017-04-04,OT
CHI_COL_2017-04-04,CHI,2016021188,away,3,0.0,0.0,0.0,2.0,2.0,0.0,0,2,2017-04-04,OT
CHI_COL_2017-04-04,COL,2016021188,home,4,1.0,0.0,3.0,3.0,2.0,1.0,1,2,2017-04-04,OT
CGY_ANA_2017-04-04,CGY,2016021189,away,1,2.0,0.0,5.0,4.0,0.0,0.0,0,2,2017-04-04,REG
CGY_ANA_2017-04-04,ANA,2016021189,home,3,5.0,0.0,2.0,1.0,1.0,0.0,1,2,2017-04-04,REG
EDM_LAK_2017-04-04,EDM,2016021190,away,4,2.0,0.0,3.0,2.0,2.0,0.0,0,2,2017-04-04,REG
EDM_LAK_2017-04-04,LAK,2016021190,home,6,2.0,0.0,1.0,2.0,0.0,0.0,1,2,2017-04-04,REG
VAN_SJS_2017-04-04,VAN,2016021191,away,1,0.0,0.0,3.0,1.0,2.0,0.0,0,2,2017-04-04,REG
VAN_SJS_2017-04-04,SJS,2016021191,home,3,2.0,0.0,3.0,3.0,1.0,0.0,1,2,2017-04-04,REG
MTL_BUF_2017-04-05,MTL,2016021192,away,1,3.0,0.0,6.0,0.0,1.0,0.0,0,2,2017-04-05,REG
MTL_BUF_2017-04-05,BUF,2016021192,home,2,4.0,0.0,5.0,1.0,1.0,1.0,1,2,2017-04-05,REG
NYR_WSH_2017-04-05,NYR,2016021193,away,0,2.0,0.0,0.0,1.0,1.0,0.0,0,2,2017-04-05,REG
NYR_WSH_2017-04-05,WSH,2016021193,home,2,7.0,0.0,3.0,1.0,5.0,2.0,1,2,2017-04-05,REG
OTT_BOS_2017-04-06,OTT,2016021194,away,2,3.0,0.0,4.0,1.0,5.0,1.0,1,2,2017-04-06,SO
OTT_BOS_2017-04-06,BOS,2016021194,home,1,2.0,1.0,2.0,3.0,1.0,1.0,0,2,2017-04-06,SO
NYI_CAR_2017-04-06,NYI,2016021196,away,3,1.0,0.0,1.0,4.0,1.0,1.0,1,2,2017-04-06,REG
NYI_CAR_2017-04-06,CAR,2016021196,home,0,2.0,0.0,4.0,0.0,3.0,2.0,0,2,2017-04-06,REG
WPG_CBJ_2017-04-06,WPG,2016021197,away,5,1.0,0.0,3.0,3.0,0.0,0.0,1,2,2017-04-06,REG
WPG_CBJ_2017-04-06,CBJ,2016021197,home,4,0.0,0.0,3.0,2.0,0.0,1.0,0,2,2017-04-06,REG
PIT_NJD_2017-04-06,PIT,2016021195,away,7,1.0,0.0,2.0,1.0,0.0,1.0,1,2,2017-04-06,REG
PIT_NJD_2017-04-06,NJD,2016021195,home,4,6.0,0.0,5.0,0.0,0.0,0.0,0,2,2017-04-06,REG
STL_FLA_2017-04-06,STL,2016021199,away,6,3.0,0.0,1.0,1.0,0.0,1.0,1,2,2017-04-06,REG
STL_FLA_2017-04-06,FLA,2016021199,home,3,0.0,0.0,4.0,3.0,3.0,1.0,0,2,2017-04-06,REG
TBL_TOR_2017-04-06,TBL,2016021198,away,4,5.0,0.0,5.0,2.0,0.0,1.0,1,2,2017-04-06,REG
TBL_TOR_2017-04-06,TOR,2016021198,home,1,1.0,0.0,3.0,0.0,0.0,1.0,0,2,2017-04-06,REG
NSH_DAL_2017-04-06,NSH,2016021200,away,7,3.0,0.0,3.0,3.0,0.0,2.0,1,2,2017-04-06,REG
NSH_DAL_2017-04-06,DAL,2016021200,home,3,3.0,0.0,5.0,4.0,1.0,2.0,0,2,2017-04-06,REG
MIN_COL_2017-04-06,MIN,2016021201,away,4,2.0,0.0,3.0,3.0,0.0,1.0,1,2,2017-04-06,REG
MIN_COL_2017-04-06,COL,2016021201,home,3,0.0,0.0,5.0,1.0,3.0,1.0,0,2,2017-04-06,REG
CHI_ANA_2017-04-06,CHI,2016021203,away,0,0.0,0.0,6.0,2.0,1.0,1.0,0,2,2017-04-06,REG
CHI_ANA_2017-04-06,ANA,2016021203,home,4,8.0,0.0,1.0,0.0,5.0,0.0,1,2,2017-04-06,REG
VAN_ARI_2017-04-06,VAN,2016021202,away,3,3.0,1.0,5.0,3.0,0.0,0.0,0,2,2017-04-06,REG
VAN_ARI_2017-04-06,ARI,2016021202,home,4,1.0,0.0,5.0,2.0,0.0,2.0,1,2,2017-04-06,REG
EDM_SJS_2017-04-06,EDM,2016021205,away,4,2.0,0.0,2.0,6.0,4.0,0.0,1,2,2017-04-06,REG
EDM_SJS_2017-04-06,SJS,2016021205,home,2,3.0,0.0,2.0,2.0,1.0,1.0,0,2,2017-04-06,REG
CGY_LAK_2017-04-06,CGY,2016021204,away,4,0.0,0.0,0.0,1.0,2.0,0.0,1,2,2017-04-06,REG
CGY_LAK_2017-04-06,LAK,2016021204,home,1,3.0,0.0,3.0,3.0,1.0,0.0,0,2,2017-04-06,REG
TBL_MTL_2017-04-07,TBL,2016021206,away,4,4.0,0.0,3.0,0.0,1.0,0.0,1,2,2017-04-07,REG
TBL_MTL_2017-04-07,MTL,2016021206,home,2,8.0,0.0,6.0,1.0,2.0,1.0,0,2,2017-04-07,REG
CBJ_PHI_2017-04-08,CBJ,2016021208,away,2,1.0,1.0,7.0,0.0,2.0,0.0,0,2,2017-04-08,REG
CBJ_PHI_2017-04-08,PHI,2016021208,home,4,3.0,0.0,3.0,2.0,1.0,0.0,1,2,2017-04-08,REG
NYR_OTT_2017-04-08,NYR,2016021207,away,1,2.0,0.0,0.0,1.0,0.0,1.0,0,2,2017-04-08,REG
NYR_OTT_2017-04-08,OTT,2016021207,home,3,0.0,0.0,5.0,2.0,2.0,0.0,1,2,2017-04-08,REG
WSH_BOS_2017-04-08,WSH,2016021209,away,3,5.0,0.0,7.0,2.0,1.0,3.0,1,2,2017-04-08,REG
WSH_BOS_2017-04-08,BOS,2016021209,home,1,4.0,0.0,3.0,2.0,1.0,2.0,0,2,2017-04-08,REG
NYI_NJD_2017-04-08,NYI,2016021210,away,4,1.0,0.0,2.0,2.0,0.0,1.0,1,2,2017-04-08,REG
NYI_NJD_2017-04-08,NJD,2016021210,home,2,5.0,0.0,9.0,0.0,0.0,0.0,0,2,2017-04-08,REG
CHI_LAK_2017-04-08,CHI,2016021220,away,2,1.0,0.0,4.0,1.0,1.0,1.0,0,2,2017-04-08,OT
CHI_LAK_2017-04-08,LAK,2016021220,home,3,5.0,0.0,2.0,1.0,2.0,1.0,1,2,2017-04-08,OT
STL_CAR_2017-04-08,STL,2016021214,away,5,7.0,0.0,5.0,1.0,0.0,0.0,1,2,2017-04-08,SO
STL_CAR_2017-04-08,CAR,2016021214,home,4,4.0,0.0,4.0,2.0,2.0,0.0,0,2,2017-04-08,SO
BUF_FLA_2017-04-08,BUF,2016021213,away,0,3.0,0.0,3.0,0.0,0.0,0.0,0,2,2017-04-08,REG
BUF_FLA_2017-04-08,FLA,2016021213,home,3,2.0,0.0,6.0,0.0,1.0,1.0,1,2,2017-04-08,REG
NSH_WPG_2017-04-08,NSH,2016021215,away,1,1.0,0.0,1.0,1.0,1.0,0.0,0,2,2017-04-08,REG
NSH_WPG_2017-04-08,WPG,2016021215,home,2,1.0,0.0,0.0,4.0,0.0,1.0,1,2,2017-04-08,REG
PIT_TOR_2017-04-08,PIT,2016021211,away,3,2.0,0.0,3.0,5.0,3.0,0.0,0,2,2017-04-08,REG
PIT_TOR_2017-04-08,TOR,2016021211,home,5,1.0,0.0,4.0,3.0,3.0,2.0,1,2,2017-04-08,REG
MTL_DET_2017-04-08,MTL,2016021212,away,3,4.0,0.0,3.0,1.0,1.0,2.0,1,2,2017-04-08,OT
MTL_DET_2017-04-08,DET,2016021212,home,2,5.0,0.0,2.0,2.0,1.0,0.0,0,2,2017-04-08,OT
COL_DAL_2017-04-08,COL,2016021216,away,3,2.0,1.0,6.0,2.0,2.0,2.0,0,2,2017-04-08,SO
COL_DAL_2017-04-08,DAL,2016021216,home,4,2.0,0.0,3.0,1.0,1.0,1.0,1,2,2017-04-08,SO
MIN_ARI_2017-04-08,MIN,2016021217,away,3,2.0,0.0,2.0,0.0,0.0,0.0,1,2,2017-04-08,REG
MIN_ARI_2017-04-08,ARI,2016021217,home,1,0.0,0.0,2.0,0.0,1.0,1.0,0,2,2017-04-08,REG
EDM_VAN_2017-04-08,EDM,2016021218,away,3,0.0,0.0,2.0,3.0,1.0,0.0,1,2,2017-04-08,REG
EDM_VAN_2017-04-08,VAN,2016021218,home,2,1.0,1.0,4.0,0.0,1.0,1.0,0,2,2017-04-08,REG
CGY_SJS_2017-04-08,CGY,2016021219,away,1,0.0,0.0,3.0,3.0,1.0,0.0,0,2,2017-04-08,REG
CGY_SJS_2017-04-08,SJS,2016021219,home,3,0.0,0.0,3.0,4.0,2.0,0.0,1,2,2017-04-08,REG
OTT_NYI_2017-04-09,OTT,2016021223,away,2,2.0,0.0,4.0,0.0,1.0,1.0,0,2,2017-04-09,REG
OTT_NYI_2017-04-09,NYI,2016021223,home,4,0.0,0.0,1.0,1.0,2.0,0.0,1,2,2017-04-09,REG
NJD_DET_2017-04-09,NJD,2016021221,away,1,5.0,0.0,3.0,0.0,1.0,0.0,0,2,2017-04-09,REG
NJD_DET_2017-04-09,DET,2016021221,home,4,5.0,0.0,3.0,4.0,3.0,1.0,1,2,2017-04-09,REG
BUF_TBL_2017-04-09,BUF,2016021222,away,2,2.0,0.0,2.0,2.0,1.0,0.0,0,2,2017-04-09,REG
BUF_TBL_2017-04-09,TBL,2016021222,home,4,0.0,0.0,7.0,2.0,0.0,1.0,1,2,2017-04-09,REG
COL_STL_2017-04-09,COL,2016021225,away,2,1.0,0.0,5.0,0.0,1.0,1.0,0,2,2017-04-09,REG
COL_STL_2017-04-09,STL,2016021225,home,3,0.0,0.0,2.0,1.0,0.0,0.0,1,2,2017-04-09,REG
CBJ_TOR_2017-04-09,CBJ,2016021224,away,3,0.0,0.0,3.0,3.0,1.0,0.0,1,2,2017-04-09,REG
CBJ_TOR_2017-04-09,TOR,2016021224,home,2,2.0,0.0,2.0,1.0,2.0,2.0,0,2,2017-04-09,REG
CAR_PHI_2017-04-09,CAR,2016021227,away,4,4.0,0.0,2.0,4.0,0.0,0.0,1,2,2017-04-09,SO
CAR_PHI_2017-04-09,PHI,2016021227,home,3,1.0,0.0,4.0,1.0,1.0,0.0,0,2,2017-04-09,SO
FLA_WSH_2017-04-09,FLA,2016021228,away,2,0.0,0.0,0.0,1.0,1.0,0.0,1,2,2017-04-09,REG
FLA_WSH_2017-04-09,WSH,2016021228,home,0,0.0,0.0,7.0,2.0,0.0,0.0,0,2,2017-04-09,REG
PIT_NYR_2017-04-09,PIT,2016021226,away,2,3.0,0.0,3.0,2.0,0.0,1.0,0,2,2017-04-09,REG
PIT_NYR_2017-04-09,NYR,2016021226,home,3,2.0,0.0,2.0,7.0,2.0,1.0,1,2,2017-04-09,REG
LAK_ANA_2017-04-09,LAK,2016021229,away,3,2.0,0.0,3.0,2.0,2.0,0.0,0,2,2017-04-09,OT
LAK_ANA_2017-04-09,ANA,2016021229,home,4,1.0,0.0,3.0,0.0,1.0,0.0,1,2,2017-04-09,OT
VAN_EDM_2017-04-09,VAN,2016021230,away,2,2.0,0.0,2.0,2.0,1.0,0.0,0,2,2017-04-09,REG
VAN_EDM_2017-04-09,EDM,2016021230,home,5,0.0,0.0,4.0,0.0,2.0,2.0,1,2,2017-04-09,REG
BOS_OTT_2017-04-12,BOS,2016030121,away,2,1.0,0.0,3.0,1.0,0.0,0.0,1,3,2017-04-12,REG
BOS_OTT_2017-04-12,OTT,2016030121,home,1,4.0,0.0,3.0,4.0,1.0,1.0,0,3,2017-04-12,REG
NYR_MTL_2017-04-12,NYR,2016030111,away,2,8.0,0.0,2.0,4.0,3.0,0.0,1,3,2017-04-12,REG
NYR_MTL_2017-04-12,MTL,2016030111,home,0,4.0,0.0,5.0,2.0,2.0,1.0,0,3,2017-04-12,REG
CBJ_PIT_2017-04-12,CBJ,2016030141,away,1,4.0,0.0,3.0,0.0,0.0,2.0,0,3,2017-04-12,REG
CBJ_PIT_2017-04-12,PIT,2016030141,home,3,0.0,0.0,3.0,4.0,3.0,0.0,1,3,2017-04-12,REG
STL_MIN_2017-04-12,STL,2016030161,away,2,3.0,0.0,0.0,2.0,1.0,0.0,1,3,2017-04-12,OT
STL_MIN_2017-04-12,MIN,2016030161,home,1,3.0,0.0,6.0,1.0,1.0,0.0,0,3,2017-04-12,OT
SJS_EDM_2017-04-12,SJS,2016030181,away,3,4.0,0.0,3.0,1.0,1.0,4.0,1,3,2017-04-12,OT
SJS_EDM_2017-04-12,EDM,2016030181,home,2,1.0,0.0,1.0,2.0,3.0,0.0,0,3,2017-04-12,OT
TOR_WSH_2017-04-13,TOR,2016030131,away,2,4.0,0.0,2.0,2.0,2.0,0.0,0,3,2017-04-13,OT
TOR_WSH_2017-04-13,WSH,2016030131,home,3,10.0,0.0,3.0,1.0,1.0,1.0,1,3,2017-04-13,OT
NSH_CHI_2017-04-13,NSH,2016030151,away,1,2.0,0.0,3.0,4.0,2.0,1.0,1,3,2017-04-13,REG
NSH_CHI_2017-04-13,CHI,2016030151,home,0,1.0,0.0,1.0,0.0,2.0,1.0,0,3,2017-04-13,REG
CGY_ANA_2017-04-13,CGY,2016030171,away,2,3.0,0.0,5.0,2.0,1.0,1.0,0,3,2017-04-13,REG
CGY_ANA_2017-04-13,ANA,2016030171,home,3,4.0,0.0,4.0,3.0,0.0,0.0,1,3,2017-04-13,REG
CBJ_PIT_2017-04-14,CBJ,2016030142,away,1,4.0,0.0,6.0,2.0,0.0,0.0,0,3,2017-04-14,REG
CBJ_PIT_2017-04-14,PIT,2016030142,home,4,2.0,0.0,2.0,2.0,0.0,0.0,1,3,2017-04-14,REG
NYR_MTL_2017-04-14,NYR,2016030112,away,3,9.0,0.0,2.0,7.0,3.0,0.0,0,3,2017-04-14,OT
NYR_MTL_2017-04-14,MTL,2016030112,home,4,6.0,0.0,13.0,7.0,0.0,0.0,1,3,2017-04-14,OT
STL_MIN_2017-04-14,STL,2016030162,away,2,4.0,0.0,2.0,2.0,0.0,0.0,1,3,2017-04-14,REG
STL_MIN_2017-04-14,MIN,2016030162,home,1,7.0,0.0,2.0,0.0,1.0,0.0,0,3,2017-04-14,REG
SJS_EDM_2017-04-14,SJS,2016030182,away,0,4.0,0.0,2.0,1.0,1.0,2.0,0,3,2017-04-14,REG
SJS_EDM_2017-04-14,EDM,2016030182,home,2,1.0,0.0,2.0,2.0,4.0,2.0,1,3,2017-04-14,REG
BOS_OTT_2017-04-15,BOS,2016030122,away,3,2.0,0.0,5.0,2.0,1.0,0.0,0,3,2017-04-15,OT
BOS_OTT_2017-04-15,OTT,2016030122,home,4,6.0,0.0,4.0,1.0,4.0,1.0,1,3,2017-04-15,OT
TOR_WSH_2017-04-15,TOR,2016030132,away,4,8.0,0.0,6.0,4.0,4.0,0.0,1,3,2017-04-15,OT
TOR_WSH_2017-04-15,WSH,2016030132,home,3,17.0,1.0,10.0,3.0,4.0,0.0,0,3,2017-04-15,OT
NSH_CHI_2017-04-15,NSH,2016030152,away,5,5.0,0.0,8.0,4.0,3.0,2.0,1,3,2017-04-15,REG
NSH_CHI_2017-04-15,CHI,2016030152,home,0,3.0,0.0,2.0,4.0,2.0,1.0,0,3,2017-04-15,REG
CGY_ANA_2017-04-15,CGY,2016030172,away,2,3.0,0.0,4.0,1.0,1.0,1.0,0,3,2017-04-15,REG
CGY_ANA_2017-04-15,ANA,2016030172,home,3,3.0,0.0,5.0,4.0,0.0,1.0,1,3,2017-04-15,REG
MIN_STL_2017-04-16,MIN,2016030163,away,1,5.0,0.0,4.0,2.0,1.0,3.0,0,3,2017-04-16,REG
MIN_STL_2017-04-16,STL,2016030163,home,3,3.0,0.0,1.0,2.0,1.0,0.0,1,3,2017-04-16,REG
PIT_CBJ_2017-04-16,PIT,2016030143,away,5,1.0,0.0,2.0,1.0,0.0,0.0,1,3,2017-04-16,OT
PIT_CBJ_2017-04-16,CBJ,2016030143,home,4,2.0,0.0,2.0,4.0,1.0,3.0,0,3,2017-04-16,OT
MTL_NYR_2017-04-16,MTL,2016030113,away,3,6.0,1.0,3.0,2.0,3.0,0.0,1,3,2017-04-16,REG
MTL_NYR_2017-04-16,NYR,2016030113,home,1,3.0,0.0,3.0,3.0,3.0,2.0,0,3,2017-04-16,REG
EDM_SJS_2017-04-16,EDM,2016030183,away,1,1.0,0.0,1.0,3.0,1.0,2.0,1,3,2017-04-16,REG
EDM_SJS_2017-04-16,SJS,2016030183,home,0,5.0,0.0,3.0,3.0,3.0,0.0,0,3,2017-04-16,REG
WSH_TOR_2017-04-17,WSH,2016030133,away,3,6.0,0.0,6.0,7.0,5.0,1.0,0,3,2017-04-17,OT
WSH_TOR_2017-04-17,TOR,2016030133,home,4,8.0,0.0,1.0,1.0,2.0,1.0,1,3,2017-04-17,OT
OTT_BOS_2017-04-17,OTT,2016030123,away,4,2.0,0.0,2.0,3.0,2.0,2.0,1,3,2017-04-17,OT
OTT_BOS_2017-04-17,BOS,2016030123,home,3,1.0,0.0,1.0,0.0,0.0,0.0,0,3,2017-04-17,OT
CHI_NSH_2017-04-17,CHI,2016030153,away,2,3.0,0.0,3.0,3.0,1.0,1.0,0,3,2017-04-17,OT
CHI_NSH_2017-04-17,NSH,2016030153,home,3,2.0,0.0,9.0,4.0,2.0,1.0,1,3,2017-04-17,OT
ANA_CGY_2017-04-17,ANA,2016030173,away,5,2.0,0.0,2.0,2.0,0.0,0.0,1,3,2017-04-17,OT
ANA_CGY_2017-04-17,CGY,2016030173,home,4,2.0,1.0,4.0,2.0,0.0,0.0,0,3,2017-04-17,OT
MTL_NYR_2017-04-18,MTL,2016030114,away,1,3.0,0.0,3.0,3.0,2.0,0.0,0,3,2017-04-18,REG
MTL_NYR_2017-04-18,NYR,2016030114,home,2,3.0,0.0,2.0,4.0,1.0,2.0,1,3,2017-04-18,REG
PIT_CBJ_2017-04-18,PIT,2016030144,away,4,2.0,0.0,4.0,2.0,1.0,0.0,0,3,2017-04-18,REG
PIT_CBJ_2017-04-18,CBJ,2016030144,home,5,0.0,0.0,3.0,2.0,0.0,1.0,1,3,2017-04-18,REG
EDM_SJS_2017-04-18,EDM,2016030184,away,0,3.0,0.0,3.0,3.0,3.0,0.0,0,3,2017-04-18,REG
EDM_SJS_2017-04-18,SJS,2016030184,home,7,5.0,1.0,4.0,3.0,1.0,1.0,1,3,2017-04-18,REG
WSH_TOR_2017-04-19,WSH,2016030134,away,5,8.0,1.0,4.0,1.0,0.0,2.0,1,3,2017-04-19,REG
WSH_TOR_2017-04-19,TOR,2016030134,home,4,5.0,0.0,4.0,5.0,4.0,1.0,0,3,2017-04-19,REG
OTT_BOS_2017-04-19,OTT,2016030124,away,1,3.0,0.0,2.0,1.0,1.0,4.0,1,3,2017-04-19,REG
OTT_BOS_2017-04-19,BOS,2016030124,home,0,2.0,0.0,1.0,0.0,0.0,0.0,0,3,2017-04-19,REG
MIN_STL_2017-04-19,MIN,2016030164,away,2,6.0,0.0,7.0,4.0,1.0,3.0,1,3,2017-04-19,REG
MIN_STL_2017-04-19,STL,2016030164,home,0,2.0,0.0,2.0,1.0,0.0,1.0,0,3,2017-04-19,REG
ANA_CGY_2017-04-19,ANA,2016030174,away,3,2.0,0.0,5.0,0.0,2.0,0.0,1,3,2017-04-19,REG
ANA_CGY_2017-04-19,CGY,2016030174,home,1,3.0,0.0,5.0,3.0,2.0,0.0,0,3,2017-04-19,REG
NYR_MTL_2017-04-20,NYR,2016030115,away,3,6.0,0.0,1.0,7.0,8.0,1.0,1,3,2017-04-20,OT
NYR_MTL_2017-04-20,MTL,2016030115,home,2,7.0,1.0,5.0,8.0,3.0,1.0,0,3,2017-04-20,OT
CBJ_PIT_2017-04-20,CBJ,2016030145,away,2,3.0,0.0,8.0,0.0,2.0,2.0,0,3,2017-04-20,REG
CBJ_PIT_2017-04-20,PIT,2016030145,home,5,3.0,0.0,1.0,3.0,1.0,0.0,1,3,2017-04-20,REG
CHI_NSH_2017-04-20,CHI,2016030154,away,1,2.0,0.0,2.0,1.0,1.0,2.0,0,3,2017-04-20,REG
CHI_NSH_2017-04-20,NSH,2016030154,home,4,1.0,0.0,2.0,6.0,3.0,3.0,1,3,2017-04-20,REG
SJS_EDM_2017-04-20,SJS,2016030185,away,3,6.0,0.0,3.0,3.0,2.0,2.0,0,3,2017-04-20,OT
SJS_EDM_2017-04-20,EDM,2016030185,home,4,1.0,0.0,5.0,3.0,1.0,1.0,1,3,2017-04-20,OT
TOR_WSH_2017-04-21,TOR,2016030135,away,1,3.0,0.0,3.0,3.0,0.0,1.0,0,3,2017-04-21,OT
TOR_WSH_2017-04-21,WSH,2016030135,home,2,8.0,0.0,5.0,4.0,3.0,0.0,1,3,2017-04-21,OT
BOS_OTT_2017-04-21,BOS,2016030125,away,3,7.0,0.0,4.0,0.0,1.0,0.0,1,3,2017-04-21,OT
BOS_OTT_2017-04-21,OTT,2016030125,home,2,5.0,0.0,9.0,2.0,2.0,1.0,0,3,2017-04-21,OT
STL_MIN_2017-04-22,STL,2016030165,away,4,0.0,0.0,2.0,1.0,0.0,0.0,1,3,2017-04-22,OT
STL_MIN_2017-04-22,MIN,2016030165,home,3,2.0,0.0,4.0,1.0,3.0,1.0,0,3,2017-04-22,OT
MTL_NYR_2017-04-22,MTL,2016030116,away,1,7.0,0.0,5.0,1.0,0.0,2.0,0,3,2017-04-22,REG
MTL_NYR_2017-04-22,NYR,2016030116,home,3,6.0,0.0,5.0,5.0,4.0,0.0,1,3,2017-04-22,REG
EDM_SJS_2017-04-22,EDM,2016030186,away,3,0.0,0.0,1.0,5.0,0.0,1.0,1,3,2017-04-22,REG
EDM_SJS_2017-04-22,SJS,2016030186,home,1,4.0,0.0,4.0,1.0,1.0,1.0,0,3,2017-04-22,REG
OTT_BOS_2017-04-23,OTT,2016030126,away,3,3.0,0.0,4.0,0.0,2.0,1.0,1,3,2017-04-23,OT
OTT_BOS_2017-04-23,BOS,2016030126,home,2,1.0,1.0,7.0,2.0,2.0,0.0,0,3,2017-04-23,OT
WSH_TOR_2017-04-23,WSH,2016030136,away,2,9.0,0.0,7.0,1.0,3.0,2.0,1,3,2017-04-23,OT
WSH_TOR_2017-04-23,TOR,2016030136,home,1,7.0,0.0,7.0,2.0,2.0,4.0,0,3,2017-04-23,OT
NSH_STL_2017-04-26,NSH,2016030231,away,4,2.0,1.0,4.0,5.0,1.0,2.0,1,3,2017-04-26,REG
NSH_STL_2017-04-26,STL,2016030231,home,3,5.0,0.0,2.0,1.0,1.0,0.0,0,3,2017-04-26,REG
EDM_ANA_2017-04-26,EDM,2016030241,away,5,2.0,0.0,3.0,5.0,0.0,1.0,1,3,2017-04-26,REG
EDM_ANA_2017-04-26,ANA,2016030241,home,3,1.0,0.0,4.0,2.0,0.0,0.0,0,3,2017-04-26,REG
NYR_OTT_2017-04-27,NYR,2016030211,away,1,1.0,0.0,4.0,1.0,2.0,0.0,0,3,2017-04-27,REG
NYR_OTT_2017-04-27,OTT,2016030211,home,2,1.0,0.0,4.0,2.0,0.0,1.0,1,3,2017-04-27,REG
PIT_WSH_2017-04-27,PIT,2016030221,away,3,0.0,0.0,1.0,1.0,0.0,0.0,1,3,2017-04-27,REG
PIT_WSH_2017-04-27,WSH,2016030221,home,2,9.0,0.0,8.0,0.0,0.0,0.0,0,3,2017-04-27,REG
NSH_STL_2017-04-28,NSH,2016030232,away,2,1.0,0.0,6.0,2.0,0.0,3.0,0,3,2017-04-28,REG
NSH_STL_2017-04-28,STL,2016030232,home,3,7.0,0.0,2.0,3.0,0.0,1.0,1,3,2017-04-28,REG
EDM_ANA_2017-04-28,EDM,2016030242,away,2,4.0,0.0,4.0,1.0,0.0,1.0,1,3,2017-04-28,REG
EDM_ANA_2017-04-28,ANA,2016030242,home,1,2.0,0.0,7.0,0.0,2.0,1.0,0,3,2017-04-28,REG
NYR_OTT_2017-04-29,NYR,2016030212,away,5,1.0,0.0,5.0,5.0,6.0,1.0,0,3,2017-04-29,OT
NYR_OTT_2017-04-29,OTT,2016030212,home,6,3.0,0.0,5.0,6.0,5.0,1.0,1,3,2017-04-29,OT
PIT_WSH_2017-04-29,PIT,2016030222,away,6,3.0,0.0,4.0,9.0,1.0,1.0,1,3,2017-04-29,REG
PIT_WSH_2017-04-29,WSH,2016030222,home,2,7.0,1.0,8.0,3.0,1.0,2.0,0,3,2017-04-29,REG
STL_NSH_2017-04-30,STL,2016030233,away,1,3.0,0.0,1.0,3.0,0.0,0.0,0,3,2017-04-30,REG
STL_NSH_2017-04-30,NSH,2016030233,home,3,2.0,0.0,5.0,3.0,1.0,2.0,1,3,2017-04-30,REG
ANA_EDM_2017-04-30,ANA,2016030243,away,6,2.0,0.0,1.0,0.0,2.0,2.0,1,3,2017-04-30,REG
ANA_EDM_2017-04-30,EDM,2016030243,home,3,4.0,0.0,2.0,0.0,0.0,0.0,0,3,2017-04-30,REG
WSH_PIT_2017-05-01,WSH,2016030223,away,3,4.0,0.0,2.0,0.0,1.0,0.0,1,3,2017-05-01,OT
WSH_PIT_2017-05-01,PIT,2016030223,home,2,4.0,0.0,2.0,1.0,3.0,0.0,0,3,2017-05-01,OT
OTT_NYR_2017-05-02,OTT,2016030213,away,1,4.0,0.0,4.0,2.0,1.0,0.0,0,3,2017-05-02,REG
OTT_NYR_2017-05-02,NYR,2016030213,home,4,5.0,0.0,3.0,2.0,2.0,1.0,1,3,2017-05-02,REG
STL_NSH_2017-05-02,STL,2016030234,away,1,2.0,0.0,0.0,3.0,0.0,0.0,0,3,2017-05-02,REG
STL_NSH_2017-05-02,NSH,2016030234,home,2,1.0,1.0,4.0,6.0,0.0,1.0,1,3,2017-05-02,REG
WSH_PIT_2017-05-03,WSH,2016030224,away,2,7.0,0.0,6.0,2.0,0.0,0.0,0,3,2017-05-03,REG
WSH_PIT_2017-05-03,PIT,2016030224,home,3,4.0,0.0,0.0,4.0,0.0,0.0,1,3,2017-05-03,REG
ANA_EDM_2017-05-03,ANA,2016030244,away,4,1.0,0.0,4.0,1.0,1.0,0.0,1,3,2017-05-03,OT
ANA_EDM_2017-05-03,EDM,2016030244,home,3,1.0,0.0,1.0,3.0,2.0,2.0,0,3,2017-05-03,OT
OTT_NYR_2017-05-04,OTT,2016030214,away,1,4.0,0.0,2.0,1.0,2.0,1.0,0,3,2017-05-04,REG
OTT_NYR_2017-05-04,NYR,2016030214,home,4,4.0,0.0,1.0,7.0,3.0,1.0,1,3,2017-05-04,REG
NSH_STL_2017-05-05,NSH,2016030235,away,1,3.0,0.0,6.0,3.0,0.0,2.0,0,3,2017-05-05,REG
NSH_STL_2017-05-05,STL,2016030235,home,2,3.0,0.0,2.0,4.0,0.0,0.0,1,3,2017-05-05,REG
EDM_ANA_2017-05-05,EDM,2016030245,away,3,0.0,0.0,0.0,0.0,0.0,1.0,0,3,2017-05-05,OT
EDM_ANA_2017-05-05,ANA,2016030245,home,4,2.0,0.0,5.0,1.0,3.0,3.0,1,3,2017-05-05,OT
NYR_OTT_2017-05-06,NYR,2016030215,away,4,3.0,0.0,1.0,6.0,1.0,0.0,0,3,2017-05-06,OT
NYR_OTT_2017-05-06,OTT,2016030215,home,5,12.0,0.0,4.0,1.0,1.0,0.0,1,3,2017-05-06,OT
PIT_WSH_2017-05-06,PIT,2016030225,away,2,0.0,0.0,4.0,3.0,0.0,0.0,0,3,2017-05-06,REG
PIT_WSH_2017-05-06,WSH,2016030225,home,4,10.0,0.0,5.0,1.0,3.0,0.0,1,3,2017-05-06,REG
STL_NSH_2017-05-07,STL,2016030236,away,1,2.0,0.0,0.0,2.0,0.0,0.0,0,3,2017-05-07,REG
STL_NSH_2017-05-07,NSH,2016030236,home,3,1.0,0.0,4.0,4.0,3.0,1.0,1,3,2017-05-07,REG
ANA_EDM_2017-05-07,ANA,2016030246,away,1,4.0,0.0,2.0,2.0,0.0,1.0,0,3,2017-05-07,REG
ANA_EDM_2017-05-07,EDM,2016030246,home,7,3.0,0.0,3.0,4.0,3.0,2.0,1,3,2017-05-07,REG
WSH_PIT_2017-05-08,WSH,2016030226,away,5,3.0,0.0,3.0,0.0,2.0,0.0,1,3,2017-05-08,REG
WSH_PIT_2017-05-08,PIT,2016030226,home,2,1.0,0.0,4.0,2.0,2.0,0.0,0,3,2017-05-08,REG
OTT_NYR_2017-05-09,OTT,2016030216,away,4,5.0,0.0,4.0,1.0,2.0,1.0,1,3,2017-05-09,REG
OTT_NYR_2017-05-09,NYR,2016030216,home,2,4.0,0.0,4.0,4.0,3.0,1.0,0,3,2017-05-09,REG
PIT_WSH_2017-05-10,PIT,2016030227,away,2,1.0,0.0,3.0,2.0,1.0,0.0,1,3,2017-05-10,REG
PIT_WSH_2017-05-10,WSH,2016030227,home,0,8.0,0.0,6.0,1.0,1.0,2.0,0,3,2017-05-10,REG
EDM_ANA_2017-05-10,EDM,2016030247,away,1,1.0,0.0,2.0,6.0,1.0,0.0,0,3,2017-05-10,REG
EDM_ANA_2017-05-10,ANA,2016030247,home,2,2.0,0.0,2.0,1.0,0.0,0.0,1,3,2017-05-10,REG
NSH_ANA_2017-05-12,NSH,2016030321,away,3,2.0,0.0,9.0,3.0,3.0,0.0,1,3,2017-05-12,OT
NSH_ANA_2017-05-12,ANA,2016030321,home,2,0.0,0.0,2.0,4.0,2.0,0.0,0,3,2017-05-12,OT
OTT_PIT_2017-05-13,OTT,2016030311,away,2,7.0,0.0,2.0,2.0,0.0,1.0,1,3,2017-05-13,OT
OTT_PIT_2017-05-13,PIT,2016030311,home,1,3.0,0.0,0.0,2.0,0.0,0.0,0,3,2017-05-13,OT
NSH_ANA_2017-05-14,NSH,2016030322,away,3,3.0,0.0,5.0,0.0,2.0,0.0,0,3,2017-05-14,REG
NSH_ANA_2017-05-14,ANA,2016030322,home,5,2.0,0.0,1.0,3.0,1.0,0.0,1,3,2017-05-14,REG
OTT_PIT_2017-05-15,OTT,2016030312,away,0,6.0,0.0,5.0,1.0,1.0,0.0,0,3,2017-05-15,REG
OTT_PIT_2017-05-15,PIT,2016030312,home,1,7.0,0.0,6.0,0.0,0.0,0.0,1,3,2017-05-15,REG
ANA_NSH_2017-05-16,ANA,2016030323,away,1,1.0,0.0,4.0,1.0,1.0,1.0,0,3,2017-05-16,REG
ANA_NSH_2017-05-16,NSH,2016030323,home,2,3.0,0.0,15.0,1.0,2.0,0.0,1,3,2017-05-16,REG
PIT_OTT_2017-05-17,PIT,2016030313,away,1,3.0,0.0,2.0,0.0,1.0,0.0,0,3,2017-05-17,REG
PIT_OTT_2017-05-17,OTT,2016030313,home,5,3.0,0.0,1.0,2.0,1.0,0.0,1,3,2017-05-17,REG
ANA_NSH_2017-05-18,ANA,2016030324,away,3,2.0,0.0,5.0,0.0,2.0,0.0,1,3,2017-05-18,OT
ANA_NSH_2017-05-18,NSH,2016030324,home,2,3.0,0.0,8.0,3.0,1.0,3.0,0,3,2017-05-18,OT
PIT_OTT_2017-05-19,PIT,2016030314,away,3,0.0,0.0,3.0,0.0,0.0,0.0,1,3,2017-05-19,REG
PIT_OTT_2017-05-19,OTT,2016030314,home,2,11.0,0.0,2.0,2.0,1.0,0.0,0,3,2017-05-19,REG
NSH_ANA_2017-05-20,NSH,2016030325,away,3,3.0,0.0,6.0,3.0,1.0,3.0,1,3,2017-05-20,REG
NSH_ANA_2017-05-20,ANA,2016030325,home,1,5.0,0.0,3.0,1.0,0.0,1.0,0,3,2017-05-20,REG
OTT_PIT_2017-05-21,OTT,2016030315,away,0,7.0,0.0,5.0,2.0,1.0,1.0,0,3,2017-05-21,REG
OTT_PIT_2017-05-21,PIT,2016030315,home,7,2.0,0.0,5.0,3.0,1.0,1.0,1,3,2017-05-21,REG
ANA_NSH_2017-05-22,ANA,2016030326,away,3,5.0,0.0,4.0,1.0,1.0,0.0,0,3,2017-05-22,REG
ANA_NSH_2017-05-22,NSH,2016030326,home,6,1.0,0.0,2.0,1.0,1.0,2.0,1,3,2017-05-22,REG
PIT_OTT_2017-05-23,PIT,2016030316,away,1,2.0,0.0,4.0,1.0,2.0,0.0,0,3,2017-05-23,REG
PIT_OTT_2017-05-23,OTT,2016030316,home,2,4.0,0.0,10.0,0.0,1.0,1.0,1,3,2017-05-23,REG
OTT_PIT_2017-05-25,OTT,2016030317,away,2,4.0,0.0,3.0,2.0,0.0,0.0,0,3,2017-05-25,OT
OTT_PIT_2017-05-25,PIT,2016030317,home,3,2.0,0.0,3.0,3.0,1.0,2.0,1,3,2017-05-25,OT
NSH_PIT_2017-05-29,NSH,2016030411,away,3,5.0,1.0,3.0,2.0,0.0,1.0,0,3,2017-05-29,REG
NSH_PIT_2017-05-29,PIT,2016030411,home,5,3.0,0.0,0.0,0.0,2.0,0.0,1,3,2017-05-29,REG
NSH_PIT_2017-05-31,NSH,2016030412,away,1,3.0,0.0,6.0,1.0,0.0,2.0,0,3,2017-05-31,REG
NSH_PIT_2017-05-31,PIT,2016030412,home,4,1.0,0.0,2.0,2.0,0.0,1.0,1,3,2017-05-31,REG
PIT_NSH_2017-06-03,PIT,2016030413,away,1,1.0,0.0,2.0,3.0,2.0,0.0,0,3,2017-06-03,REG
PIT_NSH_2017-06-03,NSH,2016030413,home,5,6.0,0.0,1.0,3.0,2.0,2.0,1,3,2017-06-03,REG
PIT_NSH_2017-06-05,PIT,2016030414,away,1,5.0,0.0,1.0,2.0,2.0,0.0,0,3,2017-06-05,REG
PIT_NSH_2017-06-05,NSH,2016030414,home,4,5.0,0.0,5.0,3.0,1.0,1.0,1,3,2017-06-05,REG
NSH_PIT_2017-06-08,NSH,2016030415,away,0,1.0,0.0,3.0,1.0,0.0,1.0,0,3,2017-06-08,REG
NSH_PIT_2017-06-08,PIT,2016030415,home,6,3.0,0.0,1.0,3.0,0.0,0.0,1,3,2017-06-08,REG
PIT_NSH_2017-06-11,PIT,2016030416,away,2,2.0,0.0,0.0,1.0,1.0,0.0,1,3,2017-06-11,REG
PIT_NSH_2017-06-11,NSH,2016030416,home,0,3.0,0.0,5.0,3.0,4.0,1.0,0,3,2017-06-11,REG
