id,season,gameType,gameDate,neutralSite,startTimeUTC,easternUTCOffset,venueUTCOffset,venueTimezone,gameState,gameScheduleState,awayTeam.id,awayTeam.commonName.default,awayTeam.placeNameWithPreposition.default,awayTeam.placeNameWithPreposition.fr,awayTeam.abbrev,awayTeam.score,homeTeam.id,homeTeam.commonName.default,homeTeam.placeNameWithPreposition.default,homeTeam.placeNameWithPreposition.fr,homeTeam.abbrev,homeTeam.score,periodDescriptor.number,periodDescriptor.periodType,periodDescriptor.maxRegulationPeriods,gameOutcome.lastPeriodType,winningGoalie.playerId,winningGoalScorer.playerId,awayTeam.commonName.fr,homeTeam.commonName.fr,seriesUrl,seriesStatus.round,seriesStatus.seriesAbbrev,seriesStatus.seriesTitle,seriesStatus.seriesLetter,seriesStatus.neededToWin,seriesStatus.topSeedWins,seriesStatus.bottomSeedWins,seriesStatus.gameNumberOfSeries,periodDescriptor.otPeriods,specialEvent.parentId,specialEvent.name.default,winningGoalie.lastName.sv,specialEvent.name.fr,winningGoalie.lastName.de,tricode_winteam
2016020001,20162017,2,2016-10-12,False,2016-10-12T23:00:00Z,-04:00,-04:00,US/Eastern,OFF,OK,10,Maple Leafs,Toronto,de Toronto,TOR,4,9,Senators,Ottawa,d'Ottawa,OTT,5,4,OT,3,OT,8467950.0,8474068.0,,Sénateurs,,,,,,,,,,,,,,,,OTT
2016020002,20162017,2,2016-10-12,False,2016-10-13T00:00:00Z,-04:00,-05:00,America/Chicago,OFF,OK,19,Blues,St. Louis,de St. Louis,STL,5,16,Blackhawks,Chicago,de Chicago,CHI,2,3,REG,3,REG,8474596.0,8471669.0,,,,,,,,,,,,,,,,,,STL
2016020003,20162017,2,2016-10-12,False,2016-10-13T02:00:00Z,-04:00,-06:00,America/Edmonton,OFF,OK,20,Flames,Calgary,de Calgary,CGY,4,22,Oilers,Edmonton,d'Edmonton,EDM,7,3,REG,3,REG,8475660.0,8478402.0,,,,,,,,,,,,,,,,,,EDM
2016020004,20162017,2,2016-10-12,False,2016-10-13T02:30:00Z,-04:00,-07:00,US/Pacific,OFF,OK,26,Kings,Los Angeles,de Los Angeles,LAK,1,28,Sharks,San Jose,de San Jose,SJS,2,3,REG,3,REG,8474889.0,8470613.0,,,,,,,,,,,,,,,,,,SJS
2016020006,20162017,2,2016-10-13,False,2016-10-13T23:00:00Z,-04:00,-04:00,America/New_York,OFF,OK,2,Islanders,New York,de New York,NYI,3,3,Rangers,New York,de New York,NYR,5,3,REG,3,REG,8468685.0,8475204.0,,,,,,,,,,,,,,,,,,NYR
2016020008,20162017,2,2016-10-13,False,2016-10-13T23:00:00Z,-04:00,-04:00,US/Eastern,OFF,OK,6,Bruins,Boston,de Boston,BOS,6,29,Blue Jackets,Columbus,de Columbus,CBJ,3,3,REG,3,REG,8471695.0,8473419.0,,,,,,,,,,,,,,,,,,BOS
2016020005,20162017,2,2016-10-13,False,2016-10-13T23:00:00Z,-04:00,-04:00,America/New_York,OFF,OK,8,Canadiens,Montréal,de Montréal,MTL,4,7,Sabres,Buffalo,de Buffalo,BUF,1,3,REG,3,REG,8471219.0,8471338.0,,,,,,,,,,,,,,,,,,MTL
2016020010,20162017,2,2016-10-13,False,2016-10-13T23:30:00Z,-04:00,-04:00,US/Eastern,OFF,OK,1,Devils,New Jersey,du New Jersey,NJD,1,13,Panthers,Florida,de la Floride,FLA,2,4,OT,3,OT,8466141.0,8477493.0,,,,,,,,,,,,,,,,,,FLA
2016020009,20162017,2,2016-10-13,False,2016-10-13T23:30:00Z,-04:00,-04:00,US/Eastern,OFF,OK,17,Red Wings,Detroit,de Detroit,DET,4,14,Lightning,Tampa Bay,de Tampa Bay,TBL,6,3,REG,3,REG,8471750.0,8473986.0,,,,,,,,,,,,,,,,,,TBL
2016020012,20162017,2,2016-10-13,False,2016-10-14T00:00:00Z,-04:00,-05:00,America/Winnipeg,OFF,OK,12,Hurricanes,Carolina,de la Caroline,CAR,4,52,Jets,Winnipeg,de Winnipeg,WPG,5,4,OT,3,OT,8476945.0,8476460.0,,,,,,,,,,,,,,,,,,WPG
2016020011,20162017,2,2016-10-13,False,2016-10-14T00:00:00Z,-04:00,-05:00,US/Central,OFF,OK,30,Wild,Minnesota,du Minnesota,MIN,2,19,Blues,St. Louis,de St. Louis,STL,3,3,REG,3,REG,8474596.0,8475175.0,,,,,,,,,,,,,,,,,,STL
2016020007,20162017,2,2016-10-13,False,2016-10-14T00:00:00Z,-04:00,-04:00,US/Eastern,OFF,OK,15,Capitals,Washington,de Washington,WSH,2,5,Penguins,Pittsburgh,de Pittsburgh,PIT,3,5,SO,3,SO,8470594.0,,,,,,,,,,,,,,,,,,,PIT
2016020013,20162017,2,2016-10-13,False,2016-10-14T00:30:00Z,-04:00,-05:00,US/Central,OFF,OK,24,Ducks,Anaheim,d'Anaheim,ANA,2,25,Stars,Dallas,de Dallas,DAL,4,3,REG,3,REG,8474550.0,8474849.0,,,,,,,,,,,,,,,,,,DAL
2016020014,20162017,2,2016-10-14,False,2016-10-15T00:00:00Z,-04:00,-05:00,US/Central,OFF,OK,16,Blackhawks,Chicago,de Chicago,CHI,2,18,Predators,Nashville,de Nashville,NSH,3,3,REG,3,REG,8471469.0,8467370.0,,,,,,,,,,,,,,,,,,NSH
2016020015,20162017,2,2016-10-14,False,2016-10-15T01:00:00Z,-04:00,-06:00,America/Edmonton,OFF,OK,22,Oilers,Edmonton,d'Edmonton,EDM,5,20,Flames,Calgary,de Calgary,CGY,3,3,REG,3,REG,8475660.0,8473914.0,,,,,,,,,,,,,,,,,,EDM
2016020016,20162017,2,2016-10-14,False,2016-10-15T02:30:00Z,-04:00,-07:00,America/Los_Angeles,OFF,OK,4,Flyers,Philadelphia,de Philadelphie,PHI,4,26,Kings,Los Angeles,de Los Angeles,LAK,2,3,REG,3,REG,8473607.0,8476461.0,,,,,,,,,,,,,,,,,,PHI
2016020019,20162017,2,2016-10-15,False,2016-10-15T23:00:00Z,-04:00,-04:00,US/Eastern,OFF,OK,1,Devils,New Jersey,du New Jersey,NJD,2,14,Lightning,Tampa Bay,de Tampa Bay,TBL,3,3,REG,3,REG,8476883.0,8470047.0,,,,,,,,,,,,,,,,,,TBL
2016020021,20162017,2,2016-10-15,False,2016-10-15T23:00:00Z,-04:00,-04:00,US/Eastern,OFF,OK,24,Ducks,Anaheim,d'Anaheim,ANA,2,5,Penguins,Pittsburgh,de Pittsburgh,PIT,3,3,REG,3,REG,8470594.0,8473548.0,,,,,,,,,,,,,,,,,,PIT
2016020018,20162017,2,2016-10-15,False,2016-10-15T23:00:00Z,-04:00,-04:00,US/Eastern,OFF,OK,8,Canadiens,Montréal,de Montréal,MTL,3,9,Senators,Ottawa,d'Ottawa,OTT,4,5,SO,3,SO,8467950.0,,,Sénateurs,,,,,,,,,,,,,,,,OTT
2016020022,20162017,2,2016-10-15,False,2016-10-15T23:00:00Z,-04:00,-04:00,US/Eastern,OFF,OK,2,Islanders,New York,de New York,NYI,1,15,Capitals,Washington,de Washington,WSH,2,3,REG,3,REG,8474651.0,8471476.0,,,,,,,,,,,,,,,,,,WSH
2016020024,20162017,2,2016-10-15,False,2016-10-15T23:00:00Z,-04:00,-05:00,US/Central,OFF,OK,52,Jets,Winnipeg,de Winnipeg,WPG,3,30,Wild,Minnesota,du Minnesota,MIN,4,3,REG,3,REG,8471227.0,8476463.0,,,,,,,,,,,,,,,,,,MIN
2016020023,20162017,2,2016-10-15,False,2016-10-15T23:00:00Z,-04:00,-04:00,US/Eastern,OFF,OK,28,Sharks,San Jose,de San Jose,SJS,3,29,Blue Jackets,Columbus,de Columbus,CBJ,2,3,REG,3,REG,8474889.0,8466139.0,,,,,,,,,,,,,,,,,,SJS
2016020017,20162017,2,2016-10-15,False,2016-10-15T23:00:00Z,-04:00,-04:00,America/Toronto,OFF,OK,6,Bruins,Boston,de Boston,BOS,1,10,Maple Leafs,Toronto,de Toronto,TOR,4,3,REG,3,REG,8475883.0,8478483.0,,,,,,,,,,,,,,,,,,TOR
2016020020,20162017,2,2016-10-15,False,2016-10-15T23:00:00Z,-04:00,-04:00,US/Eastern,OFF,OK,17,Red Wings,Detroit,de Detroit,DET,1,13,Panthers,Florida,de la Floride,FLA,4,3,REG,3,REG,8466141.0,8474098.0,,,,,,,,,,,,,,,,,,FLA
2016020025,20162017,2,2016-10-15,False,2016-10-16T00:00:00Z,-04:00,-05:00,US/Central,OFF,OK,3,Rangers,New York,de New York,NYR,2,19,Blues,St. Louis,de St. Louis,STL,3,3,REG,3,REG,8475622.0,8474565.0,,,,,,,,,,,,,,,,,,STL
2016020026,20162017,2,2016-10-15,False,2016-10-16T00:30:00Z,-04:00,-05:00,America/Chicago,OFF,OK,18,Predators,Nashville,de Nashville,NSH,3,16,Blackhawks,Chicago,de Chicago,CHI,5,3,REG,3,REG,8474152.0,8475209.0,,,,,,,,,,,,,,,,,,CHI
2016020027,20162017,2,2016-10-15,False,2016-10-16T01:00:00Z,-04:00,-06:00,America/Denver,OFF,OK,25,Stars,Dallas,de Dallas,DAL,5,21,Avalanche,Colorado,du Colorado,COL,6,3,REG,3,REG,8473575.0,8475197.0,,,,,,,,,,,,,,,,,,COL
2016020028,20162017,2,2016-10-15,False,2016-10-16T01:00:00Z,-04:00,-07:00,America/Phoenix,OFF,OK,4,Flyers,Philadelphia,de Philadelphie,PHI,3,53,Coyotes,Arizona,de l'Arizona,ARI,4,4,OT,3,OT,8469608.0,8475171.0,,,,,,,,,,,,,,,,,,ARI
2016020029,20162017,2,2016-10-15,False,2016-10-16T02:00:00Z,-04:00,-07:00,America/Vancouver,OFF,OK,20,Flames,Calgary,de Calgary,CGY,1,23,Canucks,Vancouver,de Vancouver,VAN,2,5,SO,3,SO,8468011.0,,,,,,,,,,,,,,,,,,,VAN
2016020030,20162017,2,2016-10-16,False,2016-10-16T22:00:00Z,-04:00,-04:00,America/New_York,OFF,OK,24,Ducks,Anaheim,d'Anaheim,ANA,2,2,Islanders,New York,de New York,NYI,3,4,OT,3,OT,8470860.0,8474573.0,,,,,,,,,,,,,,,,,,NYI
2016020031,20162017,2,2016-10-16,False,2016-10-16T23:00:00Z,-04:00,-06:00,America/Edmonton,OFF,OK,7,Sabres,Buffalo,de Buffalo,BUF,6,22,Oilers,Edmonton,d'Edmonton,EDM,2,3,REG,3,REG,8475215.0,8475158.0,,,,,,,,,,,,,,,,,,BUF
2016020032,20162017,2,2016-10-16,False,2016-10-17T02:00:00Z,-04:00,-07:00,America/Vancouver,OFF,OK,12,Hurricanes,Carolina,de la Caroline,CAR,3,23,Canucks,Vancouver,de Vancouver,VAN,4,4,OT,3,OT,8474593.0,8474091.0,,,,,,,,,,,,,,,Markström,,,VAN
2016020034,20162017,2,2016-10-17,False,2016-10-17T23:00:00Z,-04:00,-04:00,US/Eastern,OFF,OK,21,Avalanche,Colorado,du Colorado,COL,4,5,Penguins,Pittsburgh,de Pittsburgh,PIT,3,4,OT,3,OT,8475717.0,8476455.0,,,,,,,,,,,,,,,,,,COL
2016020033,20162017,2,2016-10-17,False,2016-10-17T23:00:00Z,-04:00,-04:00,America/New_York,OFF,OK,28,Sharks,San Jose,de San Jose,SJS,4,3,Rangers,New York,de New York,NYR,7,3,REG,3,REG,8477293.0,8476918.0,,,,,,,,,,,,,,,,,,NYR
2016020035,20162017,2,2016-10-17,False,2016-10-17T23:30:00Z,-04:00,-04:00,America/Detroit,OFF,OK,9,Senators,Ottawa,d'Ottawa,OTT,1,17,Red Wings,Detroit,de Detroit,DET,5,3,REG,3,REG,8475852.0,8471794.0,Sénateurs,,,,,,,,,,,,,,,,,DET
2016020036,20162017,2,2016-10-17,False,2016-10-18T00:00:00Z,-04:00,-05:00,America/Winnipeg,OFF,OK,6,Bruins,Boston,de Boston,BOS,4,52,Jets,Winnipeg,de Winnipeg,WPG,1,3,REG,3,REG,8471695.0,8477956.0,,,,,,,,,,,,,,,,,,BOS
2016020037,20162017,2,2016-10-18,False,2016-10-18T23:00:00Z,-04:00,-04:00,US/Eastern,OFF,OK,24,Ducks,Anaheim,d'Anaheim,ANA,1,1,Devils,New Jersey,du New Jersey,NJD,2,3,REG,3,REG,8471239.0,8475791.0,,,,,,,,,,,,,,,,,,NJD
2016020039,20162017,2,2016-10-18,False,2016-10-18T23:00:00Z,-04:00,-04:00,US/Eastern,OFF,OK,21,Avalanche,Colorado,du Colorado,COL,0,15,Capitals,Washington,de Washington,WSH,3,3,REG,3,REG,8475831.0,8471214.0,,,,,,,,,,,,,,,,,,WSH
2016020038,20162017,2,2016-10-18,False,2016-10-18T23:00:00Z,-04:00,-04:00,America/New_York,OFF,OK,28,Sharks,San Jose,de San Jose,SJS,3,2,Islanders,New York,de New York,NYI,2,3,REG,3,REG,8477180.0,8470794.0,,,,,,,,,,,,,,,,,,SJS
2016020042,20162017,2,2016-10-18,False,2016-10-18T23:30:00Z,-04:00,-04:00,US/Eastern,OFF,OK,13,Panthers,Florida,de la Floride,FLA,3,14,Lightning,Tampa Bay,de Tampa Bay,TBL,4,5,SO,3,SO,8471750.0,,,,,,,,,,,,,,,,,,,TBL
2016020040,20162017,2,2016-10-18,False,2016-10-18T23:30:00Z,-04:00,-04:00,America/Montreal,OFF,OK,5,Penguins,Pittsburgh,de Pittsburgh,PIT,0,8,Canadiens,Montréal,de Montréal,MTL,4,3,REG,3,REG,8471219.0,8474157.0,,,,,,,,,,,,,,,,,,MTL
2016020041,20162017,2,2016-10-18,False,2016-10-18T23:30:00Z,-04:00,-04:00,US/Eastern,OFF,OK,53,Coyotes,Arizona,de l'Arizona,ARI,4,9,Senators,Ottawa,d'Ottawa,OTT,7,3,REG,3,REG,8467950.0,8475913.0,,Sénateurs,,,,,,,,,,,,,,,,OTT
2016020043,20162017,2,2016-10-18,False,2016-10-19T00:00:00Z,-04:00,-05:00,US/Central,OFF,OK,25,Stars,Dallas,de Dallas,DAL,2,18,Predators,Nashville,de Nashville,NSH,1,3,REG,3,REG,8470140.0,8469455.0,,,,,,,,,,,,,,,,,,DAL
2016020044,20162017,2,2016-10-18,False,2016-10-19T00:00:00Z,-04:00,-05:00,US/Central,OFF,OK,26,Kings,Los Angeles,de Los Angeles,LAK,3,30,Wild,Minnesota,du Minnesota,MIN,6,3,REG,3,REG,8475311.0,8469459.0,,,,,,,,,,,,,,,,,,MIN
2016020045,20162017,2,2016-10-18,False,2016-10-19T00:30:00Z,-04:00,-05:00,America/Chicago,OFF,OK,4,Flyers,Philadelphia,de Philadelphie,PHI,4,16,Blackhawks,Chicago,de Chicago,CHI,7,3,REG,3,REG,8470645.0,8473573.0,,,,,,,,,,,,,,,,,,CHI
2016020047,20162017,2,2016-10-18,False,2016-10-19T01:00:00Z,-04:00,-06:00,America/Edmonton,OFF,OK,12,Hurricanes,Carolina,de la Caroline,CAR,2,22,Oilers,Edmonton,d'Edmonton,EDM,3,3,REG,3,REG,8475660.0,8475752.0,,,,,,,,,,,,,,,,,,EDM
2016020046,20162017,2,2016-10-18,False,2016-10-19T01:00:00Z,-04:00,-06:00,America/Edmonton,OFF,OK,7,Sabres,Buffalo,de Buffalo,BUF,3,20,Flames,Calgary,de Calgary,CGY,4,4,OT,3,OT,8473434.0,8477497.0,,,,,,,,,,,,,,,,,,CGY
2016020048,20162017,2,2016-10-18,False,2016-10-19T02:00:00Z,-04:00,-07:00,America/Vancouver,OFF,OK,19,Blues,St. Louis,de St. Louis,STL,1,23,Canucks,Vancouver,de Vancouver,VAN,2,4,OT,3,OT,8474593.0,8467876.0,,,,,,,,,,,,,,,Markström,,,VAN
2016020049,20162017,2,2016-10-19,False,2016-10-20T00:00:00Z,-04:00,-04:00,America/New_York,OFF,OK,17,Red Wings,Detroit,de Detroit,DET,2,3,Rangers,New York,de New York,NYR,1,3,REG,3,REG,8470657.0,8470778.0,,,,,,,,,,,,,,,,,,DET
2016020050,20162017,2,2016-10-19,False,2016-10-20T00:00:00Z,-04:00,-05:00,America/Winnipeg,OFF,OK,10,Maple Leafs,Toronto,de Toronto,TOR,4,52,Jets,Winnipeg,de Winnipeg,WPG,5,4,OT,3,OT,8474636.0,8479339.0,,,,,,,,,,,,,,,,,,WPG
2016020051,20162017,2,2016-10-20,False,2016-10-20T23:00:00Z,-04:00,-04:00,US/Eastern,OFF,OK,1,Devils,New Jersey,du New Jersey,NJD,1,6,Bruins,Boston,de Boston,BOS,2,3,REG,3,REG,8471695.0,8470638.0,,,,,,,,,,,,,,,,,,BOS
2016020052,20162017,2,2016-10-20,False,2016-10-20T23:00:00Z,-04:00,-04:00,US/Eastern,OFF,OK,24,Ducks,Anaheim,d'Anaheim,ANA,3,4,Flyers,Philadelphia,de Philadelphie,PHI,2,3,REG,3,REG,8476434.0,8476116.0,,,,,,,,,,,,,,,,,,ANA
2016020053,20162017,2,2016-10-20,False,2016-10-20T23:00:00Z,-04:00,-04:00,US/Eastern,OFF,OK,28,Sharks,San Jose,de San Jose,SJS,2,5,Penguins,Pittsburgh,de Pittsburgh,PIT,3,3,REG,3,REG,8470594.0,8471887.0,,,,,,,,,,,,,,,,,,PIT
2016020055,20162017,2,2016-10-20,False,2016-10-20T23:30:00Z,-04:00,-04:00,US/Eastern,OFF,OK,21,Avalanche,Colorado,du Colorado,COL,4,14,Lightning,Tampa Bay,de Tampa Bay,TBL,0,3,REG,3,REG,8473575.0,8475168.0,,,,,,,,,,,,,,,,,,COL
2016020056,20162017,2,2016-10-20,False,2016-10-20T23:30:00Z,-04:00,-04:00,US/Eastern,OFF,OK,15,Capitals,Washington,de Washington,WSH,4,13,Panthers,Florida,de la Floride,FLA,2,3,REG,3,REG,8474651.0,8471214.0,,,,,,,,,,,,,,,,,,WSH
2016020054,20162017,2,2016-10-20,False,2016-10-20T23:30:00Z,-04:00,-04:00,America/Montreal,OFF,OK,53,Coyotes,Arizona,de l'Arizona,ARI,2,8,Canadiens,Montréal,de Montréal,MTL,5,3,REG,3,REG,8471679.0,8470642.0,,,,,,,,,,,,,,,,,,MTL
2016020057,20162017,2,2016-10-20,False,2016-10-21T00:00:00Z,-04:00,-05:00,US/Central,OFF,OK,10,Maple Leafs,Toronto,de Toronto,TOR,2,30,Wild,Minnesota,du Minnesota,MIN,3,3,REG,3,REG,8471227.0,8470595.0,,,,,,,,,,,,,,,,,,MIN
2016020058,20162017,2,2016-10-20,False,2016-10-21T00:30:00Z,-04:00,-05:00,US/Central,OFF,OK,26,Kings,Los Angeles,de Los Angeles,LAK,4,25,Stars,Dallas,de Dallas,DAL,3,4,OT,3,OT,8469514.0,8474166.0,,,,,,,,,,,,,,,,,,LAK
2016020059,20162017,2,2016-10-20,False,2016-10-21T01:00:00Z,-04:00,-06:00,America/Edmonton,OFF,OK,12,Hurricanes,Carolina,de la Caroline,CAR,4,20,Flames,Calgary,de Calgary,CGY,2,3,REG,3,REG,8475663.0,8473537.0,,,,,,,,,,,,,,,,,,CAR
2016020060,20162017,2,2016-10-20,False,2016-10-21T01:00:00Z,-04:00,-06:00,America/Edmonton,OFF,OK,19,Blues,St. Louis,de St. Louis,STL,1,22,Oilers,Edmonton,d'Edmonton,EDM,3,3,REG,3,REG,8475660.0,8473473.0,,,,,,,,,,,,,,,,,,EDM
2016020061,20162017,2,2016-10-20,False,2016-10-21T02:00:00Z,-04:00,-07:00,America/Vancouver,OFF,OK,7,Sabres,Buffalo,de Buffalo,BUF,1,23,Canucks,Vancouver,de Vancouver,VAN,2,3,REG,3,REG,8474593.0,8467875.0,,,,,,,,,,,,,,,Markström,,,VAN
2016020063,20162017,2,2016-10-21,False,2016-10-21T23:00:00Z,-04:00,-04:00,US/Eastern,OFF,OK,16,Blackhawks,Chicago,de Chicago,CHI,2,29,Blue Jackets,Columbus,de Columbus,CBJ,3,3,REG,3,REG,8475683.0,8476448.0,,,,,,,,,,,,,,,,,,CBJ
2016020062,20162017,2,2016-10-21,False,2016-10-21T23:00:00Z,-04:00,-04:00,America/New_York,OFF,OK,53,Coyotes,Arizona,de l'Arizona,ARI,2,2,Islanders,New York,de New York,NYI,3,3,REG,3,REG,8470860.0,8470187.0,,,,,,,,,,,,,,,,,,NYI
2016020064,20162017,2,2016-10-21,False,2016-10-21T23:30:00Z,-04:00,-04:00,America/Detroit,OFF,OK,18,Predators,Nashville,de Nashville,NSH,3,17,Red Wings,Detroit,de Detroit,DET,5,3,REG,3,REG,8475852.0,8474679.0,,,,,,,,,,,,,,,,,,DET
2016020067,20162017,2,2016-10-22,False,2016-10-22T23:00:00Z,-04:00,-04:00,America/Detroit,OFF,OK,28,Sharks,San Jose,de San Jose,SJS,0,17,Red Wings,Detroit,de Detroit,DET,3,3,REG,3,REG,8470657.0,8474679.0,,,,,,,,,,,,,,,,,,DET
2016020071,20162017,2,2016-10-22,False,2016-10-22T23:00:00Z,-04:00,-04:00,US/Eastern,OFF,OK,3,Rangers,New York,de New York,NYR,4,15,Capitals,Washington,de Washington,WSH,2,3,REG,3,REG,8468685.0,8476918.0,,,,,,,,,,,,,,,,,,NYR
2016020070,20162017,2,2016-10-22,False,2016-10-22T23:00:00Z,-04:00,-04:00,US/Eastern,OFF,OK,12,Hurricanes,Carolina,de la Caroline,CAR,3,4,Flyers,Philadelphia,de Philadelphie,PHI,6,3,REG,3,REG,8473461.0,8476906.0,,,,,,,,,,,,,,,,,,PHI
2016020072,20162017,2,2016-10-22,False,2016-10-22T23:00:00Z,-04:00,-05:00,America/Chicago,OFF,OK,10,Maple Leafs,Toronto,de Toronto,TOR,4,16,Blackhawks,Chicago,de Chicago,CHI,5,5,SO,3,SO,8474152.0,,,,,,,,,,,,,,,,,,,CHI
2016020068,20162017,2,2016-10-22,False,2016-10-22T23:00:00Z,-04:00,-04:00,US/Eastern,OFF,OK,21,Avalanche,Colorado,du Colorado,COL,2,13,Panthers,Florida,de la Floride,FLA,5,3,REG,3,REG,8466141.0,8476539.0,,,,,,,,,,,,,,,,,,FLA
2016020069,20162017,2,2016-10-22,False,2016-10-22T23:00:00Z,-04:00,-04:00,US/Eastern,OFF,OK,30,Wild,Minnesota,du Minnesota,MIN,1,1,Devils,New Jersey,du New Jersey,NJD,2,4,OT,3,OT,8471239.0,8475791.0,,,,,,,,,,,,,,,,,,NJD
2016020066,20162017,2,2016-10-22,False,2016-10-22T23:00:00Z,-04:00,-04:00,US/Eastern,OFF,OK,14,Lightning,Tampa Bay,de Tampa Bay,TBL,4,9,Senators,Ottawa,d'Ottawa,OTT,1,3,REG,3,REG,8476883.0,8474564.0,,Sénateurs,,,,,,,,,,,,,,,,TBL
2016020065,20162017,2,2016-10-22,False,2016-10-22T23:00:00Z,-04:00,-04:00,US/Eastern,OFF,OK,8,Canadiens,Montréal,de Montréal,MTL,4,6,Bruins,Boston,de Boston,BOS,2,3,REG,3,REG,8471679.0,8474038.0,,,,,,,,,,,,,,,,,,MTL
2016020073,20162017,2,2016-10-22,False,2016-10-23T00:00:00Z,-04:00,-05:00,US/Central,OFF,OK,5,Penguins,Pittsburgh,de Pittsburgh,PIT,1,18,Predators,Nashville,de Nashville,NSH,5,3,REG,3,REG,8477424.0,8477942.0,,,,,,,,,,,,,,,,,,NSH
2016020074,20162017,2,2016-10-22,False,2016-10-23T00:00:00Z,-04:00,-05:00,US/Central,OFF,OK,29,Blue Jackets,Columbus,de Columbus,CBJ,3,25,Stars,Dallas,de Dallas,DAL,0,3,REG,3,REG,8475683.0,8476981.0,,,,,,,,,,,,,,,,,,CBJ
2016020075,20162017,2,2016-10-22,False,2016-10-23T02:00:00Z,-04:00,-06:00,America/Edmonton,OFF,OK,19,Blues,St. Louis,de St. Louis,STL,6,20,Flames,Calgary,de Calgary,CGY,4,3,REG,3,REG,8474596.0,8474102.0,,,,,,,,,,,,,,,,,,STL
2016020076,20162017,2,2016-10-22,False,2016-10-23T02:00:00Z,-04:00,-07:00,America/Los_Angeles,OFF,OK,23,Canucks,Vancouver,de Vancouver,VAN,3,26,Kings,Los Angeles,de Los Angeles,LAK,4,5,SO,3,SO,8469514.0,,,,,,,,,,,,,,,,,,,LAK
2016020077,20162017,2,2016-10-23,True,2016-10-23T19:00:00Z,-04:00,-05:00,America/Winnipeg,OFF,OK,22,Oilers,Edmonton,d'Edmonton,EDM,3,52,Jets,Winnipeg,de Winnipeg,WPG,0,3,REG,3,REG,8475660.0,8473914.0,,,,,,,,,,,,,18.0,Tim Hortons NHL Heritage Classic,,Héritage classique NHL,,EDM
2016020078,20162017,2,2016-10-23,False,2016-10-23T22:00:00Z,-04:00,-04:00,America/New_York,OFF,OK,30,Wild,Minnesota,du Minnesota,MIN,3,2,Islanders,New York,de New York,NYI,6,3,REG,3,REG,8471306.0,8476409.0,,,,,,,,,,,,,,,,,,NYI
2016020079,20162017,2,2016-10-23,False,2016-10-23T23:00:00Z,-04:00,-04:00,America/New_York,OFF,OK,53,Coyotes,Arizona,de l'Arizona,ARI,2,3,Rangers,New York,de New York,NYR,3,3,REG,3,REG,8468685.0,8471958.0,,,,,,,,,,,,,,,,,,NYR
2016020080,20162017,2,2016-10-23,False,2016-10-24T00:00:00Z,-04:00,-07:00,America/Los_Angeles,OFF,OK,23,Canucks,Vancouver,de Vancouver,VAN,2,24,Ducks,Anaheim,d'Anaheim,ANA,4,3,REG,3,REG,8476434.0,8477941.0,,,,,,,,,,,,,,,,,,ANA
2016020081,20162017,2,2016-10-24,False,2016-10-24T23:30:00Z,-04:00,-04:00,America/Montreal,OFF,OK,4,Flyers,Philadelphia,de Philadelphie,PHI,1,8,Canadiens,Montréal,de Montréal,MTL,3,3,REG,3,REG,8471679.0,8475848.0,,,,,,,,,,,,,,,,,,MTL
2016020082,20162017,2,2016-10-24,False,2016-10-25T00:30:00Z,-04:00,-05:00,America/Chicago,OFF,OK,20,Flames,Calgary,de Calgary,CGY,3,16,Blackhawks,Chicago,de Chicago,CHI,2,5,SO,3,SO,8470880.0,,,,,,,,,,,,,,,,,,,CGY
2016020086,20162017,2,2016-10-25,False,2016-10-25T23:00:00Z,-04:00,-04:00,US/Eastern,OFF,OK,13,Panthers,Florida,de la Floride,FLA,2,5,Penguins,Pittsburgh,de Pittsburgh,PIT,3,3,REG,3,REG,8470594.0,8470611.0,,,,,,,,,,,,,,,,,,PIT
2016020084,20162017,2,2016-10-25,False,2016-10-25T23:00:00Z,-04:00,-04:00,US/Eastern,OFF,OK,53,Coyotes,Arizona,de l'Arizona,ARI,3,1,Devils,New Jersey,du New Jersey,NJD,5,3,REG,3,REG,8471239.0,8471233.0,,,,,,,,,,,,,,,,,,NJD
2016020083,20162017,2,2016-10-25,False,2016-10-25T23:00:00Z,-04:00,-04:00,US/Eastern,OFF,OK,30,Wild,Minnesota,du Minnesota,MIN,5,6,Bruins,Boston,de Boston,BOS,0,3,REG,3,REG,8471227.0,8475745.0,,,,,,,,,,,,,,,,,,MIN
2016020085,20162017,2,2016-10-25,False,2016-10-25T23:30:00Z,-04:00,-04:00,US/Eastern,OFF,OK,7,Sabres,Buffalo,de Buffalo,BUF,3,4,Flyers,Philadelphia,de Philadelphie,PHI,4,5,SO,3,SO,8473461.0,,,,,,,,,,,,,,,,,,,PHI
2016020088,20162017,2,2016-10-25,False,2016-10-25T23:30:00Z,-04:00,-04:00,America/Detroit,OFF,OK,12,Hurricanes,Carolina,de la Caroline,CAR,2,17,Red Wings,Detroit,de Detroit,DET,4,3,REG,3,REG,8475852.0,8477946.0,,,,,,,,,,,,,,,,,,DET
2016020087,20162017,2,2016-10-25,False,2016-10-25T23:30:00Z,-04:00,-04:00,America/Toronto,OFF,OK,14,Lightning,Tampa Bay,de Tampa Bay,TBL,7,10,Maple Leafs,Toronto,de Toronto,TOR,3,3,REG,3,REG,8471750.0,8475167.0,,,,,,,,,,,,,,,,,,TBL
2016020089,20162017,2,2016-10-25,False,2016-10-26T00:00:00Z,-04:00,-05:00,US/Central,OFF,OK,20,Flames,Calgary,de Calgary,CGY,4,19,Blues,St. Louis,de St. Louis,STL,1,3,REG,3,REG,8470880.0,8468674.0,,,,,,,,,,,,,,,,,,CGY
2016020090,20162017,2,2016-10-25,False,2016-10-26T00:30:00Z,-04:00,-05:00,US/Central,OFF,OK,52,Jets,Winnipeg,de Winnipeg,WPG,2,25,Stars,Dallas,de Dallas,DAL,3,3,REG,3,REG,8474550.0,8475794.0,,,,,,,,,,,,,,,,,,DAL
2016020091,20162017,2,2016-10-25,False,2016-10-26T02:00:00Z,-04:00,-07:00,America/Vancouver,OFF,OK,9,Senators,Ottawa,d'Ottawa,OTT,3,23,Canucks,Vancouver,de Vancouver,VAN,0,3,REG,3,REG,8467950.0,8476288.0,Sénateurs,,,,,,,,,,,,,,,,,OTT
2016020093,20162017,2,2016-10-25,False,2016-10-26T02:00:00Z,-04:00,-07:00,US/Pacific,OFF,OK,24,Ducks,Anaheim,d'Anaheim,ANA,1,28,Sharks,San Jose,de San Jose,SJS,2,4,OT,3,OT,8474889.0,8471709.0,,,,,,,,,,,,,,,,,,SJS
2016020092,20162017,2,2016-10-25,False,2016-10-26T02:30:00Z,-04:00,-07:00,America/Los_Angeles,OFF,OK,29,Blue Jackets,Columbus,de Columbus,CBJ,2,26,Kings,Los Angeles,de Los Angeles,LAK,3,4,OT,3,OT,8469514.0,8474166.0,,,,,,,,,,,,,,,,,,LAK
2016020094,20162017,2,2016-10-26,False,2016-10-26T23:00:00Z,-04:00,-04:00,America/New_York,OFF,OK,8,Canadiens,Montréal,de Montréal,MTL,3,2,Islanders,New York,de New York,NYI,2,3,REG,3,REG,8471219.0,8470642.0,,,,,,,,,,,,,,,,,,MTL
2016020095,20162017,2,2016-10-26,False,2016-10-27T00:00:00Z,-04:00,-04:00,America/New_York,OFF,OK,6,Bruins,Boston,de Boston,BOS,2,3,Rangers,New York,de New York,NYR,5,3,REG,3,REG,8468685.0,8475204.0,,,,,,,,,,,,,,,,,,NYR
2016020096,20162017,2,2016-10-26,False,2016-10-27T01:30:00Z,-04:00,-06:00,America/Edmonton,OFF,OK,15,Capitals,Washington,de Washington,WSH,1,22,Oilers,Edmonton,d'Edmonton,EDM,4,3,REG,3,REG,8475660.0,8471678.0,,,,,,,,,,,,,,,,,,EDM
2016020097,20162017,2,2016-10-26,False,2016-10-27T02:30:00Z,-04:00,-07:00,America/Los_Angeles,OFF,OK,18,Predators,Nashville,de Nashville,NSH,1,24,Ducks,Anaheim,d'Anaheim,ANA,6,3,REG,3,REG,8476434.0,8475164.0,,,,,,,,,,,,,,,,,,ANA
2016020098,20162017,2,2016-10-27,False,2016-10-27T23:00:00Z,-04:00,-04:00,America/New_York,OFF,OK,30,Wild,Minnesota,du Minnesota,MIN,4,7,Sabres,Buffalo,de Buffalo,BUF,0,3,REG,3,REG,8471227.0,8478493.0,,,,,,,,,,,,,,,,,,MIN
2016020099,20162017,2,2016-10-27,False,2016-10-27T23:00:00Z,-04:00,-04:00,US/Eastern,OFF,OK,53,Coyotes,Arizona,de l'Arizona,ARI,5,4,Flyers,Philadelphia,de Philadelphie,PHI,4,3,REG,3,REG,8475839.0,8473466.0,,,,,,,,,,,,,,,,,,ARI
2016020100,20162017,2,2016-10-27,False,2016-10-27T23:00:00Z,-04:00,-04:00,US/Eastern,OFF,OK,2,Islanders,New York,de New York,NYI,2,5,Penguins,Pittsburgh,de Pittsburgh,PIT,4,3,REG,3,REG,8470594.0,8471675.0,,,,,,,,,,,,,,,,,,PIT
2016020101,20162017,2,2016-10-27,False,2016-10-27T23:30:00Z,-04:00,-04:00,America/Toronto,OFF,OK,13,Panthers,Florida,de la Floride,FLA,2,10,Maple Leafs,Toronto,de Toronto,TOR,3,3,REG,3,REG,8475883.0,8475098.0,,,,,,,,,,,,,,,,,,TOR
2016020102,20162017,2,2016-10-27,False,2016-10-27T23:30:00Z,-04:00,-04:00,America/Montreal,OFF,OK,14,Lightning,Tampa Bay,de Tampa Bay,TBL,1,8,Canadiens,Montréal,de Montréal,MTL,3,3,REG,3,REG,8471679.0,8474157.0,,,,,,,,,,,,,,,,,,MTL
2016020104,20162017,2,2016-10-27,False,2016-10-28T00:00:00Z,-04:00,-05:00,America/Winnipeg,OFF,OK,25,Stars,Dallas,de Dallas,DAL,1,52,Jets,Winnipeg,de Winnipeg,WPG,4,3,REG,3,REG,8476945.0,8478398.0,,,,,,,,,,,,,,,,,,WPG
2016020103,20162017,2,2016-10-27,False,2016-10-28T00:00:00Z,-04:00,-05:00,US/Central,OFF,OK,17,Red Wings,Detroit,de Detroit,DET,2,19,Blues,St. Louis,de St. Louis,STL,1,5,SO,3,SO,8475852.0,,,,,,,,,,,,,,,,,,,DET
2016020106,20162017,2,2016-10-27,False,2016-10-28T02:30:00Z,-04:00,-07:00,US/Pacific,OFF,OK,29,Blue Jackets,Columbus,de Columbus,CBJ,1,28,Sharks,San Jose,de San Jose,SJS,3,3,REG,3,REG,8474889.0,8476881.0,,,,,,,,,,,,,,,,,,SJS
2016020105,20162017,2,2016-10-27,False,2016-10-28T02:30:00Z,-04:00,-07:00,America/Los_Angeles,OFF,OK,18,Predators,Nashville,de Nashville,NSH,2,26,Kings,Los Angeles,de Los Angeles,LAK,3,4,OT,3,OT,8469514.0,8470604.0,,,,,,,,,,,,,,,,,,LAK
2016020107,20162017,2,2016-10-28,False,2016-10-28T23:30:00Z,-04:00,-04:00,US/Eastern,OFF,OK,16,Blackhawks,Chicago,de Chicago,CHI,3,1,Devils,New Jersey,du New Jersey,NJD,2,4,OT,3,OT,8470645.0,8473573.0,,,,,,,,,,,,,,,,,,CHI
2016020108,20162017,2,2016-10-28,False,2016-10-28T23:30:00Z,-04:00,-04:00,US/Eastern,OFF,OK,3,Rangers,New York,de New York,NYR,2,12,Hurricanes,Carolina,de la Caroline,CAR,3,3,REG,3,REG,8470320.0,8471254.0,,,,,,,,,,,,,,,,,,CAR
2016020110,20162017,2,2016-10-28,False,2016-10-29T01:00:00Z,-04:00,-06:00,America/Edmonton,OFF,OK,9,Senators,Ottawa,d'Ottawa,OTT,2,20,Flames,Calgary,de Calgary,CGY,5,3,REG,3,REG,8470880.0,8476462.0,Sénateurs,,,,,,,,,,,,,,,,,CGY
2016020109,20162017,2,2016-10-28,False,2016-10-29T01:00:00Z,-04:00,-06:00,America/Denver,OFF,OK,52,Jets,Winnipeg,de Winnipeg,WPG,1,21,Avalanche,Colorado,du Colorado,COL,0,3,REG,3,REG,8474636.0,8473574.0,,,,,,,,,,,,,,,,,,WPG
2016020112,20162017,2,2016-10-28,False,2016-10-29T02:00:00Z,-04:00,-07:00,America/Los_Angeles,OFF,OK,29,Blue Jackets,Columbus,de Columbus,CBJ,4,24,Ducks,Anaheim,d'Anaheim,ANA,0,3,REG,3,REG,8475683.0,8474040.0,,,,,,,,,,,,,,,,,,CBJ
2016020111,20162017,2,2016-10-28,False,2016-10-29T02:00:00Z,-04:00,-07:00,America/Vancouver,OFF,OK,22,Oilers,Edmonton,d'Edmonton,EDM,2,23,Canucks,Vancouver,de Vancouver,VAN,0,3,REG,3,REG,8475660.0,8478402.0,,,,,,,,,,,,,,,,,,EDM
2016020113,20162017,2,2016-10-29,False,2016-10-29T17:00:00Z,-04:00,-04:00,America/New_York,OFF,OK,13,Panthers,Florida,de la Floride,FLA,0,7,Sabres,Buffalo,de Buffalo,BUF,3,3,REG,3,REG,8475195.0,8475728.0,,,,,,,,,,,,,,,,,,BUF
2016020114,20162017,2,2016-10-29,False,2016-10-29T23:00:00Z,-04:00,-04:00,America/Montreal,OFF,OK,10,Maple Leafs,Toronto,de Toronto,TOR,1,8,Canadiens,Montréal,de Montréal,MTL,2,3,REG,3,REG,8471679.0,8470642.0,,,,,,,,,,,,,,,,,,MTL
2016020117,20162017,2,2016-10-29,False,2016-10-29T23:00:00Z,-04:00,-04:00,US/Eastern,OFF,OK,5,Penguins,Pittsburgh,de Pittsburgh,PIT,5,4,Flyers,Philadelphia,de Philadelphie,PHI,4,3,REG,3,REG,8470594.0,8471215.0,,,,,,,,,,,,,,,,,,PIT
2016020116,20162017,2,2016-10-29,False,2016-10-29T23:00:00Z,-04:00,-04:00,US/Eastern,OFF,OK,14,Lightning,Tampa Bay,de Tampa Bay,TBL,1,1,Devils,New Jersey,du New Jersey,NJD,3,3,REG,3,REG,8471239.0,8476923.0,,,,,,,,,,,,,,,,,,NJD
2016020115,20162017,2,2016-10-29,False,2016-10-29T23:00:00Z,-04:00,-04:00,America/Detroit,OFF,OK,6,Bruins,Boston,de Boston,BOS,1,17,Red Wings,Detroit,de Detroit,DET,0,3,REG,3,REG,8471695.0,8477213.0,,,,,,,,,,,,,,,,,,BOS
2016020119,20162017,2,2016-10-29,False,2016-10-30T00:00:00Z,-04:00,-05:00,US/Central,OFF,OK,25,Stars,Dallas,de Dallas,DAL,0,30,Wild,Minnesota,du Minnesota,MIN,4,3,REG,3,REG,8471227.0,8475798.0,,,,,,,,,,,,,,,,,,MIN
2016020118,20162017,2,2016-10-29,False,2016-10-30T00:00:00Z,-04:00,-05:00,US/Central,OFF,OK,26,Kings,Los Angeles,de Los Angeles,LAK,0,19,Blues,St. Louis,de St. Louis,STL,1,3,REG,3,REG,8474596.0,8475768.0,,,,,,,,,,,,,,,,,,STL
2016020120,20162017,2,2016-10-29,False,2016-10-30T01:00:00Z,-04:00,-07:00,America/Phoenix,OFF,OK,21,Avalanche,Colorado,du Colorado,COL,3,53,Coyotes,Arizona,de l'Arizona,ARI,2,3,REG,3,REG,8475717.0,8475168.0,,,,,,,,,,,,,,,,,,COL
2016020121,20162017,2,2016-10-29,False,2016-10-30T02:00:00Z,-04:00,-07:00,America/Vancouver,OFF,OK,15,Capitals,Washington,de Washington,WSH,5,23,Canucks,Vancouver,de Vancouver,VAN,2,3,REG,3,REG,8475831.0,8475149.0,,,,,,,,,,,,,,,,,,WSH
2016020122,20162017,2,2016-10-29,False,2016-10-30T02:30:00Z,-04:00,-07:00,US/Pacific,OFF,OK,18,Predators,Nashville,de Nashville,NSH,1,28,Sharks,San Jose,de San Jose,SJS,4,3,REG,3,REG,8474889.0,8470794.0,,,,,,,,,,,,,,,,,,SJS
2016020123,20162017,2,2016-10-30,False,2016-10-30T19:00:00Z,-04:00,-05:00,America/Winnipeg,OFF,OK,7,Sabres,Buffalo,de Buffalo,BUF,3,52,Jets,Winnipeg,de Winnipeg,WPG,1,3,REG,3,REG,8475215.0,8467407.0,,,,,,,,,,,,,,,,,,BUF
2016020125,20162017,2,2016-10-30,False,2016-10-30T21:00:00Z,-04:00,-04:00,US/Eastern,OFF,OK,4,Flyers,Philadelphia,de Philadelphie,PHI,4,12,Hurricanes,Carolina,de la Caroline,CAR,3,3,REG,3,REG,8473607.0,8475430.0,,,,,,,,,,,,,,,,,,PHI
2016020124,20162017,2,2016-10-30,False,2016-10-30T21:00:00Z,-04:00,-04:00,America/Detroit,OFF,OK,13,Panthers,Florida,de la Floride,FLA,5,17,Red Wings,Detroit,de Detroit,DET,2,3,REG,3,REG,8473503.0,8476539.0,,,,,,,,,,,,,,,,,,FLA
2016020126,20162017,2,2016-10-30,False,2016-10-30T22:00:00Z,-04:00,-04:00,America/New_York,OFF,OK,10,Maple Leafs,Toronto,de Toronto,TOR,1,2,Islanders,New York,de New York,NYI,5,3,REG,3,REG,8471306.0,8475231.0,,,,,,,,,,,,,,,,,,NYI
2016020127,20162017,2,2016-10-30,False,2016-10-30T23:00:00Z,-04:00,-04:00,America/New_York,OFF,OK,14,Lightning,Tampa Bay,de Tampa Bay,TBL,1,3,Rangers,New York,de New York,NYR,6,3,REG,3,REG,8477293.0,8473546.0,,,,,,,,,,,,,,,,,,NYR
2016020128,20162017,2,2016-10-30,False,2016-10-30T23:00:00Z,-04:00,-05:00,America/Chicago,OFF,OK,26,Kings,Los Angeles,de Los Angeles,LAK,0,16,Blackhawks,Chicago,de Chicago,CHI,3,3,REG,3,REG,8470645.0,8473604.0,,,,,,,,,,,,,,,,,,CHI
2016020129,20162017,2,2016-10-30,False,2016-10-31T01:00:00Z,-04:00,-06:00,America/Edmonton,OFF,OK,9,Senators,Ottawa,d'Ottawa,OTT,2,22,Oilers,Edmonton,d'Edmonton,EDM,0,3,REG,3,REG,8467950.0,8474884.0,Sénateurs,,,,,,,,,,,,,,,,,OTT
2016020130,20162017,2,2016-10-30,False,2016-10-31T01:30:00Z,-04:00,-06:00,America/Edmonton,OFF,OK,15,Capitals,Washington,de Washington,WSH,3,20,Flames,Calgary,de Calgary,CGY,1,3,REG,3,REG,8474651.0,8475149.0,,,,,,,,,,,,,,,,,,WSH
2016020133,20162017,2,2016-11-01,False,2016-11-01T23:00:00Z,-04:00,-04:00,US/Eastern,OFF,OK,25,Stars,Dallas,de Dallas,DAL,2,29,Blue Jackets,Columbus,de Columbus,CBJ,3,4,OT,3,OT,8475683.0,8477495.0,,,,,,,,,,,,,,,,,,CBJ
2016020132,20162017,2,2016-11-01,False,2016-11-01T23:00:00Z,-04:00,-04:00,America/New_York,OFF,OK,19,Blues,St. Louis,de St. Louis,STL,0,3,Rangers,New York,de New York,NYR,5,3,REG,3,REG,8468685.0,8471958.0,,,,,,,,,,,,,,,,,,NYR
2016020136,20162017,2,2016-11-01,False,2016-11-01T23:30:00Z,-04:00,-04:00,US/Eastern,OFF,OK,6,Bruins,Boston,de Boston,BOS,2,13,Panthers,Florida,de la Floride,FLA,1,3,REG,3,REG,8471695.0,8468575.0,,,,,,,,,,,,,,,,,,BOS
2016020135,20162017,2,2016-11-01,False,2016-11-01T23:30:00Z,-04:00,-04:00,US/Eastern,OFF,OK,12,Hurricanes,Carolina,de la Caroline,CAR,1,9,Senators,Ottawa,d'Ottawa,OTT,2,4,OT,3,OT,8467950.0,8474068.0,,Sénateurs,,,,,,,,,,,,,,,,OTT
2016020134,20162017,2,2016-11-01,False,2016-11-01T23:30:00Z,-04:00,-04:00,America/Toronto,OFF,OK,22,Oilers,Edmonton,d'Edmonton,EDM,2,10,Maple Leafs,Toronto,de Toronto,TOR,3,4,OT,3,OT,8475883.0,8475172.0,,,,,,,,,,,,,,,,,,TOR
2016020131,20162017,2,2016-11-01,False,2016-11-01T23:30:00Z,-04:00,-04:00,America/New_York,OFF,OK,14,Lightning,Tampa Bay,de Tampa Bay,TBL,6,2,Islanders,New York,de New York,NYI,1,3,REG,3,REG,8471750.0,8476453.0,,,,,,,,,,,,,,,,,,TBL
2016020138,20162017,2,2016-11-01,False,2016-11-02T00:00:00Z,-04:00,-05:00,America/Winnipeg,OFF,OK,15,Capitals,Washington,de Washington,WSH,3,52,Jets,Winnipeg,de Winnipeg,WPG,2,3,REG,3,REG,8474651.0,8474291.0,,,,,,,,,,,,,,,,,,WSH
2016020137,20162017,2,2016-11-01,False,2016-11-02T00:00:00Z,-04:00,-05:00,US/Central,OFF,OK,7,Sabres,Buffalo,de Buffalo,BUF,2,30,Wild,Minnesota,du Minnesota,MIN,1,3,REG,3,REG,8475215.0,8475728.0,,,,,,,,,,,,,,,,,,BUF
2016020139,20162017,2,2016-11-01,False,2016-11-02T00:30:00Z,-04:00,-05:00,America/Chicago,OFF,OK,20,Flames,Calgary,de Calgary,CGY,1,16,Blackhawks,Chicago,de Chicago,CHI,5,3,REG,3,REG,8470645.0,8473573.0,,,,,,,,,,,,,,,,,,CHI
2016020140,20162017,2,2016-11-01,False,2016-11-02T01:00:00Z,-04:00,-06:00,America/Denver,OFF,OK,18,Predators,Nashville,de Nashville,NSH,5,21,Avalanche,Colorado,du Colorado,COL,1,3,REG,3,REG,8471469.0,8475625.0,,,,,,,,,,,,,,,,,,NSH
2016020141,20162017,2,2016-11-01,False,2016-11-02T02:00:00Z,-04:00,-07:00,America/Phoenix,OFF,OK,28,Sharks,San Jose,de San Jose,SJS,2,53,Coyotes,Arizona,de l'Arizona,ARI,3,3,REG,3,REG,8475839.0,8473465.0,,,,,,,,,,,,,,,,,,ARI
2016020142,20162017,2,2016-11-01,False,2016-11-02T02:30:00Z,-04:00,-07:00,America/Los_Angeles,OFF,OK,24,Ducks,Anaheim,d'Anaheim,ANA,4,26,Kings,Los Angeles,de Los Angeles,LAK,0,3,REG,3,REG,8476434.0,8476483.0,,,,,,,,,,,,,,,,,,ANA
2016020143,20162017,2,2016-11-02,False,2016-11-02T23:30:00Z,-04:00,-04:00,America/Montreal,OFF,OK,23,Canucks,Vancouver,de Vancouver,VAN,0,8,Canadiens,Montréal,de Montréal,MTL,3,3,REG,3,REG,8471679.0,8476470.0,,,,,,,,,,,,,,,,,,MTL
2016020144,20162017,2,2016-11-02,False,2016-11-03T00:00:00Z,-04:00,-04:00,US/Eastern,OFF,OK,17,Red Wings,Detroit,de Detroit,DET,3,4,Flyers,Philadelphia,de Philadelphie,PHI,4,4,OT,3,OT,8473607.0,8474161.0,,,,,,,,,,,,,,,,,,PHI
2016020145,20162017,2,2016-11-02,False,2016-11-03T02:30:00Z,-04:00,-07:00,America/Los_Angeles,OFF,OK,5,Penguins,Pittsburgh,de Pittsburgh,PIT,5,24,Ducks,Anaheim,d'Anaheim,ANA,1,3,REG,3,REG,8476899.0,8464989.0,,,,,,,,,,,,,,,,,,PIT
2016020149,20162017,2,2016-11-03,False,2016-11-03T23:00:00Z,-04:00,-04:00,US/Eastern,OFF,OK,52,Jets,Winnipeg,de Winnipeg,WPG,3,15,Capitals,Washington,de Washington,WSH,4,4,OT,3,OT,8474651.0,8471214.0,,,,,,,,,,,,,,,,,,WSH
2016020146,20162017,2,2016-11-03,False,2016-11-03T23:00:00Z,-04:00,-04:00,America/New_York,OFF,OK,10,Maple Leafs,Toronto,de Toronto,TOR,2,7,Sabres,Buffalo,de Buffalo,BUF,1,3,REG,3,REG,8475883.0,8478483.0,,,,,,,,,,,,,,,,,,TOR
2016020148,20162017,2,2016-11-03,False,2016-11-03T23:00:00Z,-04:00,-04:00,America/New_York,OFF,OK,22,Oilers,Edmonton,d'Edmonton,EDM,3,3,Rangers,New York,de New York,NYR,5,3,REG,3,REG,8468685.0,8470041.0,,,,,,,,,,,,,,,,,,NYR
2016020147,20162017,2,2016-11-03,False,2016-11-03T23:00:00Z,-04:00,-04:00,America/New_York,OFF,OK,4,Flyers,Philadelphia,de Philadelphie,PHI,3,2,Islanders,New York,de New York,NYI,2,5,SO,3,SO,8473607.0,,,,,,,,,,,,,,,,,,,PHI
2016020150,20162017,2,2016-11-03,False,2016-11-03T23:30:00Z,-04:00,-04:00,US/Eastern,OFF,OK,23,Canucks,Vancouver,de Vancouver,VAN,0,9,Senators,Ottawa,d'Ottawa,OTT,1,3,REG,3,REG,8477237.0,8474884.0,,Sénateurs,,,,,,,,,,,,,,,,OTT
2016020152,20162017,2,2016-11-03,False,2016-11-03T23:30:00Z,-04:00,-04:00,US/Eastern,OFF,OK,1,Devils,New Jersey,du New Jersey,NJD,3,13,Panthers,Florida,de la Floride,FLA,4,4,OT,3,OT,8473503.0,8476389.0,,,,,,,,,,,,,,,,,,FLA
2016020151,20162017,2,2016-11-03,False,2016-11-03T23:30:00Z,-04:00,-04:00,US/Eastern,OFF,OK,6,Bruins,Boston,de Boston,BOS,4,14,Lightning,Tampa Bay,de Tampa Bay,TBL,3,5,SO,3,SO,8471695.0,,,,,,,,,,,,,,,,,,,BOS
2016020153,20162017,2,2016-11-03,False,2016-11-04T00:30:00Z,-04:00,-05:00,America/Chicago,OFF,OK,21,Avalanche,Colorado,du Colorado,COL,0,16,Blackhawks,Chicago,de Chicago,CHI,4,3,REG,3,REG,8470645.0,8473604.0,,,,,,,,,,,,,,,,,,CHI
2016020154,20162017,2,2016-11-03,False,2016-11-04T00:30:00Z,-04:00,-05:00,US/Central,OFF,OK,19,Blues,St. Louis,de St. Louis,STL,2,25,Stars,Dallas,de Dallas,DAL,6,3,REG,3,REG,8474550.0,8475730.0,,,,,,,,,,,,,,,,,,DAL
2016020155,20162017,2,2016-11-03,False,2016-11-04T02:00:00Z,-04:00,-07:00,America/Phoenix,OFF,OK,18,Predators,Nashville,de Nashville,NSH,2,53,Coyotes,Arizona,de l'Arizona,ARI,3,5,SO,3,SO,8475839.0,,,,,,,,,,,,,,,,,,,ARI
2016020156,20162017,2,2016-11-03,False,2016-11-04T02:30:00Z,-04:00,-07:00,America/Los_Angeles,OFF,OK,5,Penguins,Pittsburgh,de Pittsburgh,PIT,2,26,Kings,Los Angeles,de Los Angeles,LAK,3,4,OT,3,OT,8469514.0,8475343.0,,,,,,,,,,,,,,,,,,LAK
2016020157,20162017,2,2016-11-03,False,2016-11-04T02:30:00Z,-04:00,-07:00,US/Pacific,OFF,OK,20,Flames,Calgary,de Calgary,CGY,3,28,Sharks,San Jose,de San Jose,SJS,2,3,REG,3,REG,8473434.0,8479314.0,,,,,,,,,,,,,,,,,,CGY
2016020158,20162017,2,2016-11-04,False,2016-11-04T23:00:00Z,-04:00,-04:00,US/Eastern,OFF,OK,8,Canadiens,Montréal,de Montréal,MTL,0,29,Blue Jackets,Columbus,de Columbus,CBJ,10,3,REG,3,REG,8475683.0,8474715.0,,,,,,,,,,,,,,,,,,CBJ
2016020159,20162017,2,2016-11-04,False,2016-11-04T23:30:00Z,-04:00,-04:00,America/Detroit,OFF,OK,52,Jets,Winnipeg,de Winnipeg,WPG,5,17,Red Wings,Detroit,de Detroit,DET,3,3,REG,3,REG,8476945.0,8479293.0,,,,,,,,,,,,,,,,,,WPG
2016020160,20162017,2,2016-11-04,False,2016-11-05T02:00:00Z,-04:00,-07:00,America/Los_Angeles,OFF,OK,53,Coyotes,Arizona,de l'Arizona,ARI,1,24,Ducks,Anaheim,d'Anaheim,ANA,5,3,REG,3,REG,8476434.0,8476483.0,,,,,,,,,,,,,,,,,,ANA
2016020161,20162017,2,2016-11-05,False,2016-11-05T19:00:00Z,-04:00,-06:00,America/Denver,OFF,OK,30,Wild,Minnesota,du Minnesota,MIN,0,21,Avalanche,Colorado,du Colorado,COL,1,3,REG,3,REG,8475717.0,8476455.0,,,,,,,,,,,,,,,,,,COL
2016020164,20162017,2,2016-11-05,False,2016-11-05T23:00:00Z,-04:00,-04:00,America/Montreal,OFF,OK,4,Flyers,Philadelphia,de Philadelphie,PHI,4,8,Canadiens,Montréal,de Montréal,MTL,5,3,REG,3,REG,8471679.0,8469521.0,,,,,,,,,,,,,,,,,,MTL
2016020166,20162017,2,2016-11-05,False,2016-11-05T23:00:00Z,-04:00,-04:00,US/Eastern,OFF,OK,1,Devils,New Jersey,du New Jersey,NJD,1,14,Lightning,Tampa Bay,de Tampa Bay,TBL,4,3,REG,3,REG,8471750.0,8475167.0,,,,,,,,,,,,,,,,,,TBL
2016020165,20162017,2,2016-11-05,False,2016-11-05T23:00:00Z,-04:00,-04:00,US/Eastern,OFF,OK,7,Sabres,Buffalo,de Buffalo,BUF,2,9,Senators,Ottawa,d'Ottawa,OTT,1,3,REG,3,REG,8475215.0,8477933.0,,Sénateurs,,,,,,,,,,,,,,,,BUF
2016020162,20162017,2,2016-11-05,False,2016-11-05T23:00:00Z,-04:00,-04:00,US/Eastern,OFF,OK,3,Rangers,New York,de New York,NYR,5,6,Bruins,Boston,de Boston,BOS,2,3,REG,3,REG,8477293.0,8475763.0,,,,,,,,,,,,,,,,,,NYR
2016020163,20162017,2,2016-11-05,False,2016-11-05T23:00:00Z,-04:00,-04:00,America/Toronto,OFF,OK,23,Canucks,Vancouver,de Vancouver,VAN,3,10,Maple Leafs,Toronto,de Toronto,TOR,6,3,REG,3,REG,8475883.0,8478483.0,,,,,,,,,,,,,,,,,,TOR
2016020169,20162017,2,2016-11-05,False,2016-11-05T23:00:00Z,-04:00,-05:00,US/Central,OFF,OK,29,Blue Jackets,Columbus,de Columbus,CBJ,1,19,Blues,St. Louis,de St. Louis,STL,2,4,OT,3,OT,8475622.0,8475765.0,,,,,,,,,,,,,,,,,,STL
2016020168,20162017,2,2016-11-05,False,2016-11-05T23:00:00Z,-04:00,-04:00,US/Eastern,OFF,OK,13,Panthers,Florida,de la Floride,FLA,2,15,Capitals,Washington,de Washington,WSH,4,3,REG,3,REG,8474651.0,8471698.0,,,,,,,,,,,,,,,,,,WSH
2016020167,20162017,2,2016-11-05,False,2016-11-05T23:00:00Z,-04:00,-04:00,America/New_York,OFF,OK,22,Oilers,Edmonton,d'Edmonton,EDM,4,2,Islanders,New York,de New York,NYI,3,5,SO,3,SO,8475660.0,,,,,,,,,,,,,,,,,,,EDM
2016020171,20162017,2,2016-11-05,False,2016-11-06T00:00:00Z,-04:00,-05:00,US/Central,OFF,OK,16,Blackhawks,Chicago,de Chicago,CHI,3,25,Stars,Dallas,de Dallas,DAL,2,3,REG,3,REG,8470645.0,8474141.0,,,,,,,,,,,,,,,,,,CHI
2016020170,20162017,2,2016-11-05,False,2016-11-06T00:00:00Z,-04:00,-05:00,US/Central,OFF,OK,12,Hurricanes,Carolina,de la Caroline,CAR,3,18,Predators,Nashville,de Nashville,NSH,2,5,SO,3,SO,8470320.0,,,,,,,,,,,,,,,,,,,CAR
2016020172,20162017,2,2016-11-05,False,2016-11-06T02:00:00Z,-04:00,-07:00,America/Los_Angeles,OFF,OK,20,Flames,Calgary,de Calgary,CGY,0,26,Kings,Los Angeles,de Los Angeles,LAK,5,3,REG,3,REG,8469514.0,8470604.0,,,,,,,,,,,,,,,,,,LAK
2016020173,20162017,2,2016-11-05,False,2016-11-06T02:30:00Z,-04:00,-07:00,US/Pacific,OFF,OK,5,Penguins,Pittsburgh,de Pittsburgh,PIT,5,28,Sharks,San Jose,de San Jose,SJS,0,3,REG,3,REG,8476899.0,8470543.0,,,,,,,,,,,,,,,,,,PIT
2016020175,20162017,2,2016-11-06,False,2016-11-06T22:00:00Z,-05:00,-06:00,US/Central,OFF,OK,21,Avalanche,Colorado,du Colorado,COL,1,19,Blues,St. Louis,de St. Louis,STL,5,3,REG,3,REG,8474596.0,8474627.0,,,,,,,,,,,,,,,,,,STL
2016020174,20162017,2,2016-11-06,False,2016-11-06T22:00:00Z,-05:00,-05:00,America/Detroit,OFF,OK,22,Oilers,Edmonton,d'Edmonton,EDM,2,17,Red Wings,Detroit,de Detroit,DET,1,3,REG,3,REG,8475361.0,8476454.0,,,,,,,,,,,,,,,,,,EDM
2016020176,20162017,2,2016-11-06,False,2016-11-06T23:00:00Z,-05:00,-05:00,US/Eastern,OFF,OK,1,Devils,New Jersey,du New Jersey,NJD,4,12,Hurricanes,Carolina,de la Caroline,CAR,1,3,REG,3,REG,8476234.0,8469500.0,,,,,,,,,,,,,,,,,,NJD
2016020178,20162017,2,2016-11-06,False,2016-11-07T00:00:00Z,-05:00,-06:00,America/Chicago,OFF,OK,25,Stars,Dallas,de Dallas,DAL,3,16,Blackhawks,Chicago,de Chicago,CHI,4,4,OT,3,OT,8474152.0,8466148.0,,,,,,,,,,,,,,,,,,CHI
2016020177,20162017,2,2016-11-06,False,2016-11-07T00:00:00Z,-05:00,-05:00,America/New_York,OFF,OK,52,Jets,Winnipeg,de Winnipeg,WPG,2,3,Rangers,New York,de New York,NYR,5,3,REG,3,REG,8468685.0,8476468.0,,,,,,,,,,,,,,,,,,NYR
2016020179,20162017,2,2016-11-06,False,2016-11-07T02:30:00Z,-05:00,-08:00,America/Los_Angeles,OFF,OK,20,Flames,Calgary,de Calgary,CGY,1,24,Ducks,Anaheim,d'Anaheim,ANA,4,3,REG,3,REG,8473541.0,8470616.0,,,,,,,,,,,,,,,,,,ANA
2016020180,20162017,2,2016-11-07,False,2016-11-08T00:00:00Z,-05:00,-05:00,US/Eastern,OFF,OK,7,Sabres,Buffalo,de Buffalo,BUF,0,6,Bruins,Boston,de Boston,BOS,4,3,REG,3,REG,8471695.0,8473419.0,,,,,,,,,,,,,,,,,,BOS
2016020181,20162017,2,2016-11-07,False,2016-11-08T00:00:00Z,-05:00,-05:00,America/New_York,OFF,OK,23,Canucks,Vancouver,de Vancouver,VAN,2,2,Islanders,New York,de New York,NYI,4,3,REG,3,REG,8470860.0,8473504.0,,,,,,,,,,,,,,,,,,NYI
2016020182,20162017,2,2016-11-07,False,2016-11-08T00:30:00Z,-05:00,-05:00,US/Eastern,OFF,OK,14,Lightning,Tampa Bay,de Tampa Bay,TBL,1,13,Panthers,Florida,de la Floride,FLA,3,3,REG,3,REG,8466141.0,8475191.0,,,,,,,,,,,,,,,,,,FLA
2016020186,20162017,2,2016-11-08,False,2016-11-09T00:00:00Z,-05:00,-05:00,US/Eastern,OFF,OK,22,Oilers,Edmonton,d'Edmonton,EDM,3,5,Penguins,Pittsburgh,de Pittsburgh,PIT,4,3,REG,3,REG,8476899.0,8477839.0,,,,,,,,,,,,,,,,,,PIT
2016020184,20162017,2,2016-11-08,False,2016-11-09T00:00:00Z,-05:00,-05:00,America/New_York,OFF,OK,23,Canucks,Vancouver,de Vancouver,VAN,5,3,Rangers,New York,de New York,NYR,3,3,REG,3,REG,8474593.0,8476466.0,,,,,,,,,,,,,,,Markström,,,VAN
2016020183,20162017,2,2016-11-08,False,2016-11-09T00:00:00Z,-05:00,-05:00,US/Eastern,OFF,OK,12,Hurricanes,Carolina,de la Caroline,CAR,2,1,Devils,New Jersey,du New Jersey,NJD,3,5,SO,3,SO,8471239.0,,,,,,,,,,,,,,,,,,,NJD
2016020185,20162017,2,2016-11-08,False,2016-11-09T00:00:00Z,-05:00,-05:00,US/Eastern,OFF,OK,17,Red Wings,Detroit,de Detroit,DET,3,4,Flyers,Philadelphia,de Philadelphie,PHI,2,5,SO,3,SO,8470657.0,,,,,,,,,,,,,,,,,,,DET
2016020187,20162017,2,2016-11-08,False,2016-11-09T00:00:00Z,-05:00,-05:00,US/Eastern,OFF,OK,28,Sharks,San Jose,de San Jose,SJS,3,15,Capitals,Washington,de Washington,WSH,0,3,REG,3,REG,8474889.0,8471709.0,,,,,,,,,,,,,,,,,,SJS
2016020188,20162017,2,2016-11-08,False,2016-11-09T00:30:00Z,-05:00,-05:00,America/Toronto,OFF,OK,26,Kings,Los Angeles,de Los Angeles,LAK,7,10,Maple Leafs,Toronto,de Toronto,TOR,0,3,REG,3,REG,8469514.0,8470606.0,,,,,,,,,,,,,,,,,,LAK
2016020189,20162017,2,2016-11-08,False,2016-11-09T00:30:00Z,-05:00,-05:00,America/Montreal,OFF,OK,6,Bruins,Boston,de Boston,BOS,2,8,Canadiens,Montréal,de Montréal,MTL,3,3,REG,3,REG,8471679.0,8474038.0,,,,,,,,,,,,,,,,,,MTL
2016020190,20162017,2,2016-11-08,False,2016-11-09T01:00:00Z,-05:00,-06:00,US/Central,OFF,OK,9,Senators,Ottawa,d'Ottawa,OTT,1,18,Predators,Nashville,de Nashville,NSH,3,3,REG,3,REG,8471469.0,8474056.0,Sénateurs,,,,,,,,,,,,,,,,,NSH
2016020191,20162017,2,2016-11-08,False,2016-11-09T01:00:00Z,-05:00,-06:00,America/Winnipeg,OFF,OK,25,Stars,Dallas,de Dallas,DAL,2,52,Jets,Winnipeg,de Winnipeg,WPG,8,3,REG,3,REG,8476945.0,8479339.0,,,,,,,,,,,,,,,,,,WPG
2016020192,20162017,2,2016-11-08,False,2016-11-09T02:00:00Z,-05:00,-07:00,America/Denver,OFF,OK,53,Coyotes,Arizona,de l'Arizona,ARI,4,21,Avalanche,Colorado,du Colorado,COL,2,3,REG,3,REG,8475839.0,8477503.0,,,,,,,,,,,,,,,,,,ARI
2016020193,20162017,2,2016-11-09,False,2016-11-10T00:00:00Z,-05:00,-05:00,US/Eastern,OFF,OK,24,Ducks,Anaheim,d'Anaheim,ANA,2,29,Blue Jackets,Columbus,de Columbus,CBJ,3,4,OT,3,OT,8475683.0,8478460.0,,,,,,,,,,,,,,,,,,CBJ
2016020194,20162017,2,2016-11-09,False,2016-11-10T00:30:00Z,-05:00,-05:00,America/New_York,OFF,OK,9,Senators,Ottawa,d'Ottawa,OTT,2,7,Sabres,Buffalo,de Buffalo,BUF,1,5,SO,3,SO,8477237.0,,Sénateurs,,,,,,,,,,,,,,,,,OTT
2016020195,20162017,2,2016-11-09,False,2016-11-10T01:00:00Z,-05:00,-06:00,US/Central,OFF,OK,16,Blackhawks,Chicago,de Chicago,CHI,2,19,Blues,St. Louis,de St. Louis,STL,1,4,OT,3,OT,8470645.0,8478550.0,,,,,,,,,,,,,,,,,,CHI
2016020197,20162017,2,2016-11-10,False,2016-11-11T00:00:00Z,-05:00,-05:00,US/Eastern,OFF,OK,30,Wild,Minnesota,du Minnesota,MIN,4,5,Penguins,Pittsburgh,de Pittsburgh,PIT,2,3,REG,3,REG,8471227.0,8470595.0,,,,,,,,,,,,,,,,,,MIN
2016020196,20162017,2,2016-11-10,False,2016-11-11T00:00:00Z,-05:00,-05:00,US/Eastern,OFF,OK,29,Blue Jackets,Columbus,de Columbus,CBJ,2,6,Bruins,Boston,de Boston,BOS,5,3,REG,3,REG,8471695.0,8478512.0,,,,,,,,,,,,,,,,,,BOS
2016020198,20162017,2,2016-11-10,False,2016-11-11T00:00:00Z,-05:00,-05:00,US/Eastern,OFF,OK,24,Ducks,Anaheim,d'Anaheim,ANA,4,12,Hurricanes,Carolina,de la Caroline,CAR,2,3,REG,3,REG,8473541.0,8475164.0,,,,,,,,,,,,,,,,,,ANA
2016020200,20162017,2,2016-11-10,False,2016-11-11T00:30:00Z,-05:00,-05:00,America/Detroit,OFF,OK,23,Canucks,Vancouver,de Vancouver,VAN,1,17,Red Wings,Detroit,de Detroit,DET,3,3,REG,3,REG,8470657.0,8474090.0,,,,,,,,,,,,,,,,,,DET
2016020199,20162017,2,2016-11-10,False,2016-11-11T00:30:00Z,-05:00,-05:00,America/Montreal,OFF,OK,26,Kings,Los Angeles,de Los Angeles,LAK,1,8,Canadiens,Montréal,de Montréal,MTL,4,3,REG,3,REG,8471679.0,8477901.0,,,,,,,,,,,,,,,,,,MTL
2016020202,20162017,2,2016-11-10,False,2016-11-11T00:30:00Z,-05:00,-05:00,US/Eastern,OFF,OK,28,Sharks,San Jose,de San Jose,SJS,4,13,Panthers,Florida,de la Floride,FLA,2,3,REG,3,REG,8474889.0,8474739.0,,,,,,,,,,,,,,,,,,SJS
2016020201,20162017,2,2016-11-10,False,2016-11-11T00:30:00Z,-05:00,-05:00,US/Eastern,OFF,OK,2,Islanders,New York,de New York,NYI,1,14,Lightning,Tampa Bay,de Tampa Bay,TBL,4,3,REG,3,REG,8476883.0,8476453.0,,,,,,,,,,,,,,,,,,TBL
2016020203,20162017,2,2016-11-10,False,2016-11-11T01:00:00Z,-05:00,-06:00,US/Central,OFF,OK,19,Blues,St. Louis,de St. Louis,STL,1,18,Predators,Nashville,de Nashville,NSH,3,3,REG,3,REG,8471469.0,8471707.0,,,,,,,,,,,,,,,,,,NSH
2016020204,20162017,2,2016-11-10,False,2016-11-11T02:00:00Z,-05:00,-07:00,America/Edmonton,OFF,OK,25,Stars,Dallas,de Dallas,DAL,4,20,Flames,Calgary,de Calgary,CGY,2,3,REG,3,REG,8470140.0,8473994.0,,,,,,,,,,,,,,,,,,DAL
2016020205,20162017,2,2016-11-10,False,2016-11-11T02:00:00Z,-05:00,-07:00,America/Phoenix,OFF,OK,52,Jets,Winnipeg,de Winnipeg,WPG,3,53,Coyotes,Arizona,de l'Arizona,ARI,2,3,REG,3,REG,8476945.0,8477940.0,,,,,,,,,,,,,,,,,,WPG
2016020207,20162017,2,2016-11-11,False,2016-11-12T00:00:00Z,-05:00,-05:00,America/Toronto,OFF,OK,4,Flyers,Philadelphia,de Philadelphie,PHI,3,10,Maple Leafs,Toronto,de Toronto,TOR,6,3,REG,3,REG,8475883.0,8475786.0,,,,,,,,,,,,,,,,,,TOR
2016020206,20162017,2,2016-11-11,False,2016-11-12T00:00:00Z,-05:00,-05:00,America/New_York,OFF,OK,1,Devils,New Jersey,du New Jersey,NJD,2,7,Sabres,Buffalo,de Buffalo,BUF,1,4,OT,3,OT,8476234.0,8472382.0,,,,,,,,,,,,,,,,,,NJD
2016020208,20162017,2,2016-11-11,False,2016-11-12T00:30:00Z,-05:00,-05:00,US/Eastern,OFF,OK,26,Kings,Los Angeles,de Los Angeles,LAK,1,9,Senators,Ottawa,d'Ottawa,OTT,2,3,REG,3,REG,8467950.0,8475913.0,,Sénateurs,,,,,,,,,,,,,,,,OTT
2016020209,20162017,2,2016-11-11,False,2016-11-12T01:30:00Z,-05:00,-06:00,America/Chicago,OFF,OK,15,Capitals,Washington,de Washington,WSH,3,16,Blackhawks,Chicago,de Chicago,CHI,2,4,OT,3,OT,8474651.0,8475149.0,,,,,,,,,,,,,,,,,,WSH
2016020211,20162017,2,2016-11-11,False,2016-11-12T02:00:00Z,-05:00,-07:00,America/Edmonton,OFF,OK,25,Stars,Dallas,de Dallas,DAL,3,22,Oilers,Edmonton,d'Edmonton,EDM,2,3,REG,3,REG,8470140.0,8474849.0,,,,,,,,,,,,,,,,,,DAL
2016020210,20162017,2,2016-11-11,False,2016-11-12T02:00:00Z,-05:00,-07:00,America/Denver,OFF,OK,52,Jets,Winnipeg,de Winnipeg,WPG,2,21,Avalanche,Colorado,du Colorado,COL,3,4,OT,3,OT,8473575.0,8471504.0,,,,,,,,,,,,,,,,,,COL
2016020214,20162017,2,2016-11-12,False,2016-11-13T00:00:00Z,-05:00,-05:00,US/Eastern,OFF,OK,2,Islanders,New York,de New York,NYI,2,13,Panthers,Florida,de la Floride,FLA,3,4,OT,3,OT,8466141.0,8478843.0,,,,,,,,,,,,,,,,,,FLA
2016020216,20162017,2,2016-11-12,False,2016-11-13T00:00:00Z,-05:00,-05:00,US/Eastern,OFF,OK,30,Wild,Minnesota,du Minnesota,MIN,2,4,Flyers,Philadelphia,de Philadelphie,PHI,3,3,REG,3,REG,8473461.0,8475170.0,,,,,,,,,,,,,,,,,,PHI
2016020212,20162017,2,2016-11-12,False,2016-11-13T00:00:00Z,-05:00,-05:00,America/Montreal,OFF,OK,17,Red Wings,Detroit,de Detroit,DET,0,8,Canadiens,Montréal,de Montréal,MTL,5,3,REG,3,REG,8471679.0,8476479.0,,,,,,,,,,,,,,,,,,MTL
2016020219,20162017,2,2016-11-12,False,2016-11-13T00:00:00Z,-05:00,-05:00,US/Eastern,OFF,OK,19,Blues,St. Louis,de St. Louis,STL,4,29,Blue Jackets,Columbus,de Columbus,CBJ,8,3,REG,3,REG,8475683.0,8471273.0,,,,,,,,,,,,,,,,,,CBJ
2016020213,20162017,2,2016-11-12,False,2016-11-13T00:00:00Z,-05:00,-05:00,US/Eastern,OFF,OK,28,Sharks,San Jose,de San Jose,SJS,3,14,Lightning,Tampa Bay,de Tampa Bay,TBL,1,3,REG,3,REG,8474889.0,8474739.0,,,,,,,,,,,,,,,,,,SJS
2016020215,20162017,2,2016-11-12,False,2016-11-13T00:00:00Z,-05:00,-05:00,US/Eastern,OFF,OK,7,Sabres,Buffalo,de Buffalo,BUF,2,1,Devils,New Jersey,du New Jersey,NJD,4,3,REG,3,REG,8471239.0,8475151.0,,,,,,,,,,,,,,,,,,NJD
2016020218,20162017,2,2016-11-12,False,2016-11-13T00:00:00Z,-05:00,-05:00,US/Eastern,OFF,OK,15,Capitals,Washington,de Washington,WSH,1,12,Hurricanes,Carolina,de la Caroline,CAR,5,3,REG,3,REG,8470320.0,8476882.0,,,,,,,,,,,,,,,,,,CAR
2016020217,20162017,2,2016-11-12,False,2016-11-13T00:00:00Z,-05:00,-05:00,US/Eastern,OFF,OK,10,Maple Leafs,Toronto,de Toronto,TOR,1,5,Penguins,Pittsburgh,de Pittsburgh,PIT,4,3,REG,3,REG,8476899.0,8470543.0,,,,,,,,,,,,,,,,,,PIT
2016020220,20162017,2,2016-11-12,False,2016-11-13T01:00:00Z,-05:00,-06:00,US/Central,OFF,OK,24,Ducks,Anaheim,d'Anaheim,ANA,0,18,Predators,Nashville,de Nashville,NSH,5,3,REG,3,REG,8471469.0,8475176.0,,,,,,,,,,,,,,,,,,NSH
2016020221,20162017,2,2016-11-12,False,2016-11-13T01:00:00Z,-05:00,-07:00,America/Phoenix,OFF,OK,6,Bruins,Boston,de Boston,BOS,2,53,Coyotes,Arizona,de l'Arizona,ARI,1,3,REG,3,REG,8471695.0,8477956.0,,,,,,,,,,,,,,,,,,BOS
2016020222,20162017,2,2016-11-12,False,2016-11-13T03:00:00Z,-05:00,-07:00,America/Edmonton,OFF,OK,3,Rangers,New York,de New York,NYR,4,20,Flames,Calgary,de Calgary,CGY,1,3,REG,3,REG,8468685.0,8474613.0,,,,,,,,,,,,,,,,,,NYR
2016020223,20162017,2,2016-11-13,False,2016-11-13T19:00:00Z,-05:00,-06:00,America/Winnipeg,OFF,OK,26,Kings,Los Angeles,de Los Angeles,LAK,2,52,Jets,Winnipeg,de Winnipeg,WPG,3,5,SO,3,SO,8476945.0,,,,,,,,,,,,,,,,,,,WPG
2016020224,20162017,2,2016-11-13,False,2016-11-13T21:00:00Z,-05:00,-08:00,America/Vancouver,OFF,OK,25,Stars,Dallas,de Dallas,DAL,4,23,Canucks,Vancouver,de Vancouver,VAN,5,4,OT,3,OT,8468011.0,8476440.0,,,,,,,,,,,,,,,,,,VAN
2016020225,20162017,2,2016-11-13,False,2016-11-13T22:00:00Z,-05:00,-05:00,US/Eastern,OFF,OK,30,Wild,Minnesota,du Minnesota,MIN,2,9,Senators,Ottawa,d'Ottawa,OTT,1,4,OT,3,OT,8475311.0,8476856.0,,Sénateurs,,,,,,,,,,,,,,,,MIN
2016020227,20162017,2,2016-11-13,False,2016-11-14T00:00:00Z,-05:00,-07:00,America/Denver,OFF,OK,6,Bruins,Boston,de Boston,BOS,2,21,Avalanche,Colorado,du Colorado,COL,0,3,REG,3,REG,8471695.0,8471276.0,,,,,,,,,,,,,,,,,,BOS
2016020226,20162017,2,2016-11-13,False,2016-11-14T00:00:00Z,-05:00,-06:00,America/Chicago,OFF,OK,8,Canadiens,Montréal,de Montréal,MTL,2,16,Blackhawks,Chicago,de Chicago,CHI,3,3,REG,3,REG,8470645.0,8474141.0,,,,,,,,,,,,,,,,,,CHI
2016020228,20162017,2,2016-11-13,False,2016-11-14T02:30:00Z,-05:00,-07:00,America/Edmonton,OFF,OK,3,Rangers,New York,de New York,NYR,3,22,Oilers,Edmonton,d'Edmonton,EDM,1,3,REG,3,REG,8477293.0,8471958.0,,,,,,,,,,,,,,,,,,NYR
2016020229,20162017,2,2016-11-14,False,2016-11-15T00:00:00Z,-05:00,-05:00,America/New_York,OFF,OK,14,Lightning,Tampa Bay,de Tampa Bay,TBL,4,2,Islanders,New York,de New York,NYI,0,3,REG,3,REG,8476883.0,8476806.0,,,,,,,,,,,,,,,,,,TBL
2016020230,20162017,2,2016-11-15,False,2016-11-16T00:00:00Z,-05:00,-05:00,US/Eastern,OFF,OK,9,Senators,Ottawa,d'Ottawa,OTT,3,4,Flyers,Philadelphia,de Philadelphie,PHI,2,5,SO,3,SO,8467950.0,,Sénateurs,,,,,,,,,,,,,,,,,OTT
2016020231,20162017,2,2016-11-15,False,2016-11-16T00:00:00Z,-05:00,-05:00,US/Eastern,OFF,OK,28,Sharks,San Jose,de San Jose,SJS,0,12,Hurricanes,Carolina,de la Caroline,CAR,1,3,REG,3,REG,8470320.0,8475807.0,,,,,,,,,,,,,,,,,,CAR
2016020232,20162017,2,2016-11-15,False,2016-11-16T00:00:00Z,-05:00,-05:00,US/Eastern,OFF,OK,15,Capitals,Washington,de Washington,WSH,1,29,Blue Jackets,Columbus,de Columbus,CBJ,2,4,OT,3,OT,8475683.0,8474715.0,,,,,,,,,,,,,,,,,,CBJ
2016020234,20162017,2,2016-11-15,False,2016-11-16T00:30:00Z,-05:00,-05:00,America/Montreal,OFF,OK,13,Panthers,Florida,de la Floride,FLA,4,8,Canadiens,Montréal,de Montréal,MTL,3,4,OT,3,OT,8466141.0,8477932.0,,,,,,,,,,,,,,,,,,FLA
2016020235,20162017,2,2016-11-15,False,2016-11-16T00:30:00Z,-05:00,-05:00,America/Detroit,OFF,OK,14,Lightning,Tampa Bay,de Tampa Bay,TBL,4,17,Red Wings,Detroit,de Detroit,DET,3,3,REG,3,REG,8471750.0,8476453.0,,,,,,,,,,,,,,,,,,TBL
2016020233,20162017,2,2016-11-15,False,2016-11-16T00:30:00Z,-05:00,-05:00,America/Toronto,OFF,OK,18,Predators,Nashville,de Nashville,NSH,2,10,Maple Leafs,Toronto,de Toronto,TOR,6,3,REG,3,REG,8475883.0,8474037.0,,,,,,,,,,,,,,,,,,TOR
2016020236,20162017,2,2016-11-15,False,2016-11-16T01:00:00Z,-05:00,-06:00,US/Central,OFF,OK,7,Sabres,Buffalo,de Buffalo,BUF,1,19,Blues,St. Louis,de St. Louis,STL,4,3,REG,3,REG,8474596.0,8475768.0,,,,,,,,,,,,,,,,,,STL
2016020238,20162017,2,2016-11-15,False,2016-11-16T01:00:00Z,-05:00,-06:00,America/Winnipeg,OFF,OK,16,Blackhawks,Chicago,de Chicago,CHI,0,52,Jets,Winnipeg,de Winnipeg,WPG,4,3,REG,3,REG,8476945.0,8477504.0,,,,,,,,,,,,,,,,,,WPG
2016020237,20162017,2,2016-11-15,False,2016-11-16T01:00:00Z,-05:00,-06:00,US/Central,OFF,OK,20,Flames,Calgary,de Calgary,CGY,1,30,Wild,Minnesota,du Minnesota,MIN,0,3,REG,3,REG,8473434.0,8476346.0,,,,,,,,,,,,,,,,,,CGY
2016020239,20162017,2,2016-11-15,False,2016-11-16T01:30:00Z,-05:00,-06:00,US/Central,OFF,OK,1,Devils,New Jersey,du New Jersey,NJD,2,25,Stars,Dallas,de Dallas,DAL,1,4,OT,3,OT,8471239.0,8474641.0,,,,,,,,,,,,,,,,,,NJD
2016020240,20162017,2,2016-11-15,False,2016-11-16T02:00:00Z,-05:00,-07:00,America/Denver,OFF,OK,26,Kings,Los Angeles,de Los Angeles,LAK,1,21,Avalanche,Colorado,du Colorado,COL,4,3,REG,3,REG,8473575.0,8471504.0,,,,,,,,,,,,,,,,,,COL
2016020241,20162017,2,2016-11-15,False,2016-11-16T03:00:00Z,-05:00,-08:00,America/Vancouver,OFF,OK,3,Rangers,New York,de New York,NYR,7,23,Canucks,Vancouver,de Vancouver,VAN,2,3,REG,3,REG,8468685.0,8475204.0,,,,,,,,,,,,,,,,,,NYR
2016020242,20162017,2,2016-11-15,False,2016-11-16T03:00:00Z,-05:00,-08:00,America/Los_Angeles,OFF,OK,22,Oilers,Edmonton,d'Edmonton,EDM,1,24,Ducks,Anaheim,d'Anaheim,ANA,4,3,REG,3,REG,8476434.0,8475764.0,,,,,,,,,,,,,,,,,,ANA
2016020243,20162017,2,2016-11-16,False,2016-11-17T00:30:00Z,-05:00,-05:00,US/Eastern,OFF,OK,5,Penguins,Pittsburgh,de Pittsburgh,PIT,1,15,Capitals,Washington,de Washington,WSH,7,3,REG,3,REG,8474651.0,8473563.0,,,,,,,,,,,,,,,,,,WSH
2016020244,20162017,2,2016-11-16,False,2016-11-17T03:00:00Z,-05:00,-07:00,America/Edmonton,OFF,OK,53,Coyotes,Arizona,de l'Arizona,ARI,1,20,Flames,Calgary,de Calgary,CGY,2,4,OT,3,OT,8473434.0,8473564.0,,,,,,,,,,,,,,,,,,CGY
2016020245,20162017,2,2016-11-17,False,2016-11-18T00:00:00Z,-05:00,-05:00,America/New_York,OFF,OK,14,Lightning,Tampa Bay,de Tampa Bay,TBL,4,7,Sabres,Buffalo,de Buffalo,BUF,1,3,REG,3,REG,8471750.0,8473986.0,,,,,,,,,,,,,,,,,,TBL
2016020246,20162017,2,2016-11-17,False,2016-11-18T00:00:00Z,-05:00,-05:00,US/Eastern,OFF,OK,52,Jets,Winnipeg,de Winnipeg,WPG,2,4,Flyers,Philadelphia,de Philadelphie,PHI,5,3,REG,3,REG,8473461.0,8468309.0,,,,,,,,,,,,,,,,,,PHI
2016020248,20162017,2,2016-11-17,False,2016-11-18T00:30:00Z,-05:00,-05:00,US/Eastern,OFF,OK,18,Predators,Nashville,de Nashville,NSH,5,9,Senators,Ottawa,d'Ottawa,OTT,1,3,REG,3,REG,8471469.0,8475176.0,,Sénateurs,,,,,,,,,,,,,,,,NSH
2016020247,20162017,2,2016-11-17,False,2016-11-18T00:30:00Z,-05:00,-05:00,America/Toronto,OFF,OK,13,Panthers,Florida,de la Floride,FLA,1,10,Maple Leafs,Toronto,de Toronto,TOR,6,3,REG,3,REG,8475883.0,8477015.0,,,,,,,,,,,,,,,,,,TOR
2016020250,20162017,2,2016-11-17,False,2016-11-18T01:00:00Z,-05:00,-06:00,US/Central,OFF,OK,6,Bruins,Boston,de Boston,BOS,0,30,Wild,Minnesota,du Minnesota,MIN,1,3,REG,3,REG,8471227.0,8475798.0,,,,,,,,,,,,,,,,,,MIN
2016020249,20162017,2,2016-11-17,False,2016-11-18T01:00:00Z,-05:00,-06:00,US/Central,OFF,OK,28,Sharks,San Jose,de San Jose,SJS,2,19,Blues,St. Louis,de St. Louis,STL,3,3,REG,3,REG,8474596.0,8474102.0,,,,,,,,,,,,,,,,,,STL
2016020251,20162017,2,2016-11-17,False,2016-11-18T01:30:00Z,-05:00,-06:00,US/Central,OFF,OK,21,Avalanche,Colorado,du Colorado,COL,2,25,Stars,Dallas,de Dallas,DAL,3,3,REG,3,REG,8470140.0,8470622.0,,,,,,,,,,,,,,,,,,DAL
2016020253,20162017,2,2016-11-17,False,2016-11-18T03:00:00Z,-05:00,-08:00,America/Los_Angeles,OFF,OK,1,Devils,New Jersey,du New Jersey,NJD,2,24,Ducks,Anaheim,d'Anaheim,ANA,3,3,REG,3,REG,8473541.0,8470616.0,,,,,,,,,,,,,,,,,,ANA
2016020252,20162017,2,2016-11-17,False,2016-11-18T03:00:00Z,-05:00,-08:00,America/Vancouver,OFF,OK,53,Coyotes,Arizona,de l'Arizona,ARI,2,23,Canucks,Vancouver,de Vancouver,VAN,3,4,OT,3,OT,8474593.0,8477018.0,,,,,,,,,,,,,,,Markström,,,VAN
2016020254,20162017,2,2016-11-17,False,2016-11-18T03:30:00Z,-05:00,-08:00,America/Los_Angeles,OFF,OK,22,Oilers,Edmonton,d'Edmonton,EDM,2,26,Kings,Los Angeles,de Los Angeles,LAK,4,3,REG,3,REG,8469514.0,8470604.0,,,,,,,,,,,,,,,,,,LAK
2016020257,20162017,2,2016-11-18,False,2016-11-19T00:00:00Z,-05:00,-05:00,US/Eastern,OFF,OK,3,Rangers,New York,de New York,NYR,2,29,Blue Jackets,Columbus,de Columbus,CBJ,4,3,REG,3,REG,8475683.0,8474685.0,,,,,,,,,,,,,,,,,,CBJ
2016020256,20162017,2,2016-11-18,False,2016-11-19T00:00:00Z,-05:00,-05:00,US/Eastern,OFF,OK,17,Red Wings,Detroit,de Detroit,DET,0,15,Capitals,Washington,de Washington,WSH,1,3,REG,3,REG,8474651.0,8474291.0,,,,,,,,,,,,,,,,,,WSH
2016020255,20162017,2,2016-11-18,False,2016-11-19T00:00:00Z,-05:00,-05:00,America/New_York,OFF,OK,5,Penguins,Pittsburgh,de Pittsburgh,PIT,3,2,Islanders,New York,de New York,NYI,2,4,OT,3,OT,8476899.0,8471724.0,,,,,,,,,,,,,,,,,,PIT
2016020258,20162017,2,2016-11-18,False,2016-11-19T00:30:00Z,-05:00,-05:00,US/Eastern,OFF,OK,8,Canadiens,Montréal,de Montréal,MTL,2,12,Hurricanes,Carolina,de la Caroline,CAR,3,3,REG,3,REG,8470320.0,8476437.0,,,,,,,,,,,,,,,,,,CAR
2016020259,20162017,2,2016-11-18,False,2016-11-19T02:00:00Z,-05:00,-07:00,America/Edmonton,OFF,OK,16,Blackhawks,Chicago,de Chicago,CHI,3,20,Flames,Calgary,de Calgary,CGY,2,3,REG,3,REG,8470645.0,8466148.0,,,,,,,,,,,,,,,,,,CHI
2016020260,20162017,2,2016-11-19,False,2016-11-19T18:00:00Z,-05:00,-05:00,US/Eastern,OFF,OK,14,Lightning,Tampa Bay,de Tampa Bay,TBL,3,4,Flyers,Philadelphia,de Philadelphie,PHI,0,3,REG,3,REG,8476883.0,8474870.0,,,,,,,,,,,,,,,,,,TBL
2016020261,20162017,2,2016-11-19,False,2016-11-19T21:00:00Z,-05:00,-08:00,America/Los_Angeles,OFF,OK,1,Devils,New Jersey,du New Jersey,NJD,2,26,Kings,Los Angeles,de Los Angeles,LAK,4,3,REG,3,REG,8469514.0,8470604.0,,,,,,,,,,,,,,,,,,LAK
2016020266,20162017,2,2016-11-19,False,2016-11-20T00:00:00Z,-05:00,-06:00,US/Central,OFF,OK,22,Oilers,Edmonton,d'Edmonton,EDM,5,25,Stars,Dallas,de Dallas,DAL,2,3,REG,3,REG,8475660.0,8476472.0,,,,,,,,,,,,,,,,,,EDM
2016020263,20162017,2,2016-11-19,False,2016-11-20T00:00:00Z,-05:00,-05:00,America/New_York,OFF,OK,5,Penguins,Pittsburgh,de Pittsburgh,PIT,1,7,Sabres,Buffalo,de Buffalo,BUF,2,5,SO,3,SO,8475195.0,,,,,,,,,,,,,,,,,,,BUF
2016020262,20162017,2,2016-11-19,False,2016-11-20T00:00:00Z,-05:00,-05:00,US/Eastern,OFF,OK,52,Jets,Winnipeg,de Winnipeg,WPG,1,6,Bruins,Boston,de Boston,BOS,4,3,REG,3,REG,8471695.0,8473419.0,,,,,,,,,,,,,,,,,,BOS
2016020265,20162017,2,2016-11-19,False,2016-11-20T00:00:00Z,-05:00,-05:00,US/Eastern,OFF,OK,13,Panthers,Florida,de la Floride,FLA,4,9,Senators,Ottawa,d'Ottawa,OTT,1,3,REG,3,REG,8466141.0,8469638.0,,Sénateurs,,,,,,,,,,,,,,,,FLA
2016020264,20162017,2,2016-11-19,False,2016-11-20T00:00:00Z,-05:00,-05:00,America/Montreal,OFF,OK,10,Maple Leafs,Toronto,de Toronto,TOR,1,8,Canadiens,Montréal,de Montréal,MTL,2,3,REG,3,REG,8471679.0,8476851.0,,,,,,,,,,,,,,,,,,MTL
2016020268,20162017,2,2016-11-19,False,2016-11-20T01:00:00Z,-05:00,-06:00,US/Central,OFF,OK,21,Avalanche,Colorado,du Colorado,COL,3,30,Wild,Minnesota,du Minnesota,MIN,2,3,REG,3,REG,8475717.0,8477492.0,,,,,,,,,,,,,,,,,,COL
2016020269,20162017,2,2016-11-19,False,2016-11-20T01:00:00Z,-05:00,-07:00,America/Phoenix,OFF,OK,28,Sharks,San Jose,de San Jose,SJS,2,53,Coyotes,Arizona,de l'Arizona,ARI,3,4,OT,3,OT,8469608.0,8471691.0,,,,,,,,,,,,,,,,,,ARI
2016020267,20162017,2,2016-11-19,False,2016-11-20T01:00:00Z,-05:00,-06:00,US/Central,OFF,OK,18,Predators,Nashville,de Nashville,NSH,1,19,Blues,St. Louis,de St. Louis,STL,3,3,REG,3,REG,8474596.0,8470803.0,,,,,,,,,,,,,,,,,,STL
2016020270,20162017,2,2016-11-19,False,2016-11-20T03:00:00Z,-05:00,-08:00,America/Vancouver,OFF,OK,16,Blackhawks,Chicago,de Chicago,CHI,4,23,Canucks,Vancouver,de Vancouver,VAN,3,4,OT,3,OT,8474152.0,8466148.0,,,,,,,,,,,,,,,,,,CHI
2016020271,20162017,2,2016-11-20,False,2016-11-20T17:30:00Z,-05:00,-05:00,US/Eastern,OFF,OK,29,Blue Jackets,Columbus,de Columbus,CBJ,3,15,Capitals,Washington,de Washington,WSH,2,3,REG,3,REG,8475683.0,8477505.0,,,,,,,,,,,,,,,,,,CBJ
2016020273,20162017,2,2016-11-20,False,2016-11-20T22:00:00Z,-05:00,-05:00,US/Eastern,OFF,OK,52,Jets,Winnipeg,de Winnipeg,WPG,1,12,Hurricanes,Carolina,de la Caroline,CAR,3,3,REG,3,REG,8470320.0,8476437.0,,,,,,,,,,,,,,,,,,CAR
2016020272,20162017,2,2016-11-20,False,2016-11-21T00:00:00Z,-05:00,-05:00,America/New_York,OFF,OK,13,Panthers,Florida,de la Floride,FLA,3,3,Rangers,New York,de New York,NYR,2,5,SO,3,SO,8473503.0,,,,,,,,,,,,,,,,,,,FLA
2016020274,20162017,2,2016-11-20,False,2016-11-21T00:30:00Z,-05:00,-05:00,America/Detroit,OFF,OK,20,Flames,Calgary,de Calgary,CGY,3,17,Red Wings,Detroit,de Detroit,DET,2,3,REG,3,REG,8473434.0,8474150.0,,,,,,,,,,,,,,,,,,CGY
2016020275,20162017,2,2016-11-20,False,2016-11-21T01:00:00Z,-05:00,-08:00,America/Los_Angeles,OFF,OK,26,Kings,Los Angeles,de Los Angeles,LAK,3,24,Ducks,Anaheim,d'Anaheim,ANA,2,3,REG,3,REG,8469514.0,8470604.0,,,,,,,,,,,,,,,,,,LAK
2016020277,20162017,2,2016-11-21,False,2016-11-22T00:00:00Z,-05:00,-05:00,US/Eastern,OFF,OK,3,Rangers,New York,de New York,NYR,5,5,Penguins,Pittsburgh,de Pittsburgh,PIT,2,3,REG,3,REG,8477293.0,8476468.0,,,,,,,,,,,,,,,,,,NYR
2016020278,20162017,2,2016-11-21,False,2016-11-22T00:00:00Z,-05:00,-05:00,US/Eastern,OFF,OK,21,Avalanche,Colorado,du Colorado,COL,3,29,Blue Jackets,Columbus,de Columbus,CBJ,2,4,OT,3,OT,8473575.0,8475168.0,,,,,,,,,,,,,,,,,,COL
2016020276,20162017,2,2016-11-21,False,2016-11-22T00:00:00Z,-05:00,-05:00,America/New_York,OFF,OK,20,Flames,Calgary,de Calgary,CGY,2,7,Sabres,Buffalo,de Buffalo,BUF,4,3,REG,3,REG,8475215.0,8470852.0,,,,,,,,,,,,,,,,,,BUF
2016020279,20162017,2,2016-11-21,False,2016-11-22T01:00:00Z,-05:00,-06:00,US/Central,OFF,OK,14,Lightning,Tampa Bay,de Tampa Bay,TBL,1,18,Predators,Nashville,de Nashville,NSH,3,3,REG,3,REG,8471469.0,8474056.0,,,,,,,,,,,,,,,,,,NSH
2016020280,20162017,2,2016-11-21,False,2016-11-22T01:30:00Z,-05:00,-06:00,US/Central,OFF,OK,30,Wild,Minnesota,du Minnesota,MIN,2,25,Stars,Dallas,de Dallas,DAL,3,4,OT,3,OT,8474550.0,8473994.0,,,,,,,,,,,,,,,,,,DAL
2016020281,20162017,2,2016-11-21,False,2016-11-22T02:00:00Z,-05:00,-07:00,America/Edmonton,OFF,OK,16,Blackhawks,Chicago,de Chicago,CHI,0,22,Oilers,Edmonton,d'Edmonton,EDM,5,3,REG,3,REG,8475660.0,8476472.0,,,,,,,,,,,,,,,,,,EDM
2016020282,20162017,2,2016-11-21,False,2016-11-22T03:30:00Z,-05:00,-08:00,US/Pacific,OFF,OK,1,Devils,New Jersey,du New Jersey,NJD,0,28,Sharks,San Jose,de San Jose,SJS,4,3,REG,3,REG,8474889.0,8476919.0,,,,,,,,,,,,,,,,,,SJS
2016020283,20162017,2,2016-11-22,False,2016-11-23T00:00:00Z,-05:00,-05:00,US/Eastern,OFF,OK,19,Blues,St. Louis,de St. Louis,STL,4,6,Bruins,Boston,de Boston,BOS,2,3,REG,3,REG,8474596.0,8471669.0,,,,,,,,,,,,,,,,,,STL
2016020284,20162017,2,2016-11-22,False,2016-11-23T00:00:00Z,-05:00,-05:00,America/Toronto,OFF,OK,12,Hurricanes,Carolina,de la Caroline,CAR,2,10,Maple Leafs,Toronto,de Toronto,TOR,1,3,REG,3,REG,8470320.0,8473537.0,,,,,,,,,,,,,,,,,,CAR
2016020285,20162017,2,2016-11-22,False,2016-11-23T00:30:00Z,-05:00,-05:00,America/Montreal,OFF,OK,9,Senators,Ottawa,d'Ottawa,OTT,4,8,Canadiens,Montréal,de Montréal,MTL,3,3,REG,3,REG,8467950.0,8474578.0,Sénateurs,,,,,,,,,,,,,,,,,OTT
2016020286,20162017,2,2016-11-22,False,2016-11-23T00:30:00Z,-05:00,-05:00,US/Eastern,OFF,OK,4,Flyers,Philadelphia,de Philadelphie,PHI,3,13,Panthers,Florida,de la Floride,FLA,1,3,REG,3,REG,8473461.0,8474668.0,,,,,,,,,,,,,,,,,,PHI
2016020287,20162017,2,2016-11-22,False,2016-11-23T03:00:00Z,-05:00,-08:00,America/Los_Angeles,OFF,OK,2,Islanders,New York,de New York,NYI,3,24,Ducks,Anaheim,d'Anaheim,ANA,2,5,SO,3,SO,8471306.0,,,,,,,,,,,,,,,,,,,NYI
2016020288,20162017,2,2016-11-23,False,2016-11-24T00:00:00Z,-05:00,-05:00,America/New_York,OFF,OK,17,Red Wings,Detroit,de Detroit,DET,2,7,Sabres,Buffalo,de Buffalo,BUF,1,5,SO,3,SO,8470657.0,,,,,,,,,,,,,,,,,,,DET
2016020291,20162017,2,2016-11-23,False,2016-11-24T00:00:00Z,-05:00,-05:00,US/Eastern,OFF,OK,19,Blues,St. Louis,de St. Louis,STL,3,15,Capitals,Washington,de Washington,WSH,4,3,REG,3,REG,8474651.0,8471214.0,,,,,,,,,,,,,,,,,,WSH
2016020290,20162017,2,2016-11-23,False,2016-11-24T00:00:00Z,-05:00,-05:00,America/New_York,OFF,OK,5,Penguins,Pittsburgh,de Pittsburgh,PIT,6,3,Rangers,New York,de New York,NYR,1,3,REG,3,REG,8476899.0,8471675.0,,,,,,,,,,,,,,,,,,PIT
2016020292,20162017,2,2016-11-23,False,2016-11-24T00:00:00Z,-05:00,-05:00,US/Eastern,OFF,OK,20,Flames,Calgary,de Calgary,CGY,2,29,Blue Jackets,Columbus,de Columbus,CBJ,0,3,REG,3,REG,8473434.0,8471426.0,,,,,,,,,,,,,,,,,,CGY
2016020289,20162017,2,2016-11-23,False,2016-11-24T00:00:00Z,-05:00,-05:00,US/Eastern,OFF,OK,10,Maple Leafs,Toronto,de Toronto,TOR,4,1,Devils,New Jersey,du New Jersey,NJD,5,5,SO,3,SO,8471239.0,,,,,,,,,,,,,,,,,,,NJD
2016020293,20162017,2,2016-11-23,False,2016-11-24T00:00:00Z,-05:00,-06:00,US/Central,OFF,OK,52,Jets,Winnipeg,de Winnipeg,WPG,1,30,Wild,Minnesota,du Minnesota,MIN,3,3,REG,3,REG,8471227.0,8476463.0,,,,,,,,,,,,,,,,,,MIN
2016020294,20162017,2,2016-11-23,False,2016-11-24T00:30:00Z,-05:00,-05:00,US/Eastern,OFF,OK,4,Flyers,Philadelphia,de Philadelphie,PHI,2,14,Lightning,Tampa Bay,de Tampa Bay,TBL,4,3,REG,3,REG,8476883.0,8471339.0,,,,,,,,,,,,,,,,,,TBL
2016020295,20162017,2,2016-11-23,False,2016-11-24T01:00:00Z,-05:00,-06:00,US/Central,OFF,OK,25,Stars,Dallas,de Dallas,DAL,2,18,Predators,Nashville,de Nashville,NSH,5,3,REG,3,REG,8471469.0,8475793.0,,,,,,,,,,,,,,,,,,NSH
2016020296,20162017,2,2016-11-23,False,2016-11-24T03:00:00Z,-05:00,-07:00,America/Denver,OFF,OK,22,Oilers,Edmonton,d'Edmonton,EDM,6,21,Avalanche,Colorado,du Colorado,COL,3,3,REG,3,REG,8475660.0,8478402.0,,,,,,,,,,,,,,,,,,EDM
2016020299,20162017,2,2016-11-23,False,2016-11-24T03:00:00Z,-05:00,-08:00,US/Pacific,OFF,OK,16,Blackhawks,Chicago,de Chicago,CHI,1,28,Sharks,San Jose,de San Jose,SJS,2,3,REG,3,REG,8474889.0,8468208.0,,,,,,,,,,,,,,,,,,SJS
2016020297,20162017,2,2016-11-23,False,2016-11-24T03:00:00Z,-05:00,-07:00,America/Phoenix,OFF,OK,23,Canucks,Vancouver,de Vancouver,VAN,4,53,Coyotes,Arizona,de l'Arizona,ARI,1,3,REG,3,REG,8468011.0,8470626.0,,,,,,,,,,,,,,,,,,VAN
2016020298,20162017,2,2016-11-23,False,2016-11-24T03:30:00Z,-05:00,-08:00,America/Los_Angeles,OFF,OK,2,Islanders,New York,de New York,NYI,2,26,Kings,Los Angeles,de Los Angeles,LAK,4,3,REG,3,REG,8469514.0,8474100.0,,,,,,,,,,,,,,,,,,LAK
2016020301,20162017,2,2016-11-24,False,2016-11-25T00:30:00Z,-05:00,-05:00,US/Eastern,OFF,OK,6,Bruins,Boston,de Boston,BOS,1,9,Senators,Ottawa,d'Ottawa,OTT,3,3,REG,3,REG,8467950.0,8475227.0,,Sénateurs,,,,,,,,,,,,,,,,OTT
2016020300,20162017,2,2016-11-24,False,2016-11-25T00:30:00Z,-05:00,-05:00,America/Montreal,OFF,OK,12,Hurricanes,Carolina,de la Caroline,CAR,1,8,Canadiens,Montréal,de Montréal,MTL,2,3,REG,3,REG,8471679.0,8474157.0,,,,,,,,,,,,,,,,,,MTL
2016020302,20162017,2,2016-11-25,False,2016-11-25T18:00:00Z,-05:00,-05:00,US/Eastern,OFF,OK,3,Rangers,New York,de New York,NYR,3,4,Flyers,Philadelphia,de Philadelphie,PHI,2,3,REG,3,REG,8468685.0,8475763.0,,,,,,,,,,,,,,,,,,NYR
2016020304,20162017,2,2016-11-25,False,2016-11-25T21:00:00Z,-05:00,-08:00,America/Los_Angeles,OFF,OK,16,Blackhawks,Chicago,de Chicago,CHI,3,24,Ducks,Anaheim,d'Anaheim,ANA,2,3,REG,3,REG,8470645.0,8477451.0,,,,,,,,,,,,,,,,,,CHI
2016020303,20162017,2,2016-11-25,False,2016-11-25T21:00:00Z,-05:00,-06:00,US/Central,OFF,OK,5,Penguins,Pittsburgh,de Pittsburgh,PIT,2,30,Wild,Minnesota,du Minnesota,MIN,6,3,REG,3,REG,8471227.0,8475745.0,,,,,,,,,,,,,,,,,,MIN
2016020305,20162017,2,2016-11-25,False,2016-11-25T21:00:00Z,-05:00,-08:00,US/Pacific,OFF,OK,2,Islanders,New York,de New York,NYI,2,28,Sharks,San Jose,de San Jose,SJS,3,3,REG,3,REG,8477180.0,8466139.0,,,,,,,,,,,,,,,,,,SJS
2016020306,20162017,2,2016-11-25,False,2016-11-25T22:00:00Z,-05:00,-05:00,US/Eastern,OFF,OK,7,Sabres,Buffalo,de Buffalo,BUF,1,15,Capitals,Washington,de Washington,WSH,3,3,REG,3,REG,8475831.0,8475149.0,,,,,,,,,,,,,,,,,,WSH
2016020307,20162017,2,2016-11-25,False,2016-11-25T23:00:00Z,-05:00,-06:00,US/Central,OFF,OK,52,Jets,Winnipeg,de Winnipeg,WPG,1,18,Predators,Nashville,de Nashville,NSH,5,3,REG,3,REG,8471469.0,8475793.0,,,,,,,,,,,,,,,,,,NSH
2016020310,20162017,2,2016-11-25,False,2016-11-26T00:30:00Z,-05:00,-05:00,US/Eastern,OFF,OK,17,Red Wings,Detroit,de Detroit,DET,5,1,Devils,New Jersey,du New Jersey,NJD,4,4,OT,3,OT,8475852.0,8471242.0,,,,,,,,,,,,,,,,,,DET
2016020309,20162017,2,2016-11-25,False,2016-11-26T00:30:00Z,-05:00,-05:00,US/Eastern,OFF,OK,29,Blue Jackets,Columbus,de Columbus,CBJ,5,14,Lightning,Tampa Bay,de Tampa Bay,TBL,3,3,REG,3,REG,8475683.0,8476438.0,,,,,,,,,,,,,,,,,,CBJ
2016020308,20162017,2,2016-11-25,False,2016-11-26T00:30:00Z,-05:00,-05:00,US/Eastern,OFF,OK,20,Flames,Calgary,de Calgary,CGY,2,6,Bruins,Boston,de Boston,BOS,1,3,REG,3,REG,8473434.0,8475163.0,,,,,,,,,,,,,,,,,,CGY
2016020311,20162017,2,2016-11-25,False,2016-11-26T01:30:00Z,-05:00,-06:00,US/Central,OFF,OK,23,Canucks,Vancouver,de Vancouver,VAN,1,25,Stars,Dallas,de Dallas,DAL,2,3,REG,3,REG,8474550.0,8476902.0,,,,,,,,,,,,,,,,,,DAL
2016020312,20162017,2,2016-11-25,False,2016-11-26T02:00:00Z,-05:00,-07:00,America/Phoenix,OFF,OK,22,Oilers,Edmonton,d'Edmonton,EDM,2,53,Coyotes,Arizona,de l'Arizona,ARI,3,5,SO,3,SO,8469608.0,,,,,,,,,,,,,,,,,,,ARI
2016020316,20162017,2,2016-11-26,False,2016-11-27T00:00:00Z,-05:00,-05:00,US/Eastern,OFF,OK,29,Blue Jackets,Columbus,de Columbus,CBJ,1,13,Panthers,Florida,de la Floride,FLA,2,5,SO,3,SO,8466141.0,,,,,,,,,,,,,,,,,,,FLA
2016020317,20162017,2,2016-11-26,False,2016-11-27T00:00:00Z,-05:00,-05:00,US/Eastern,OFF,OK,1,Devils,New Jersey,du New Jersey,NJD,3,5,Penguins,Pittsburgh,de Pittsburgh,PIT,4,5,SO,3,SO,8476899.0,,,,,,,,,,,,,,,,,,,PIT
2016020315,20162017,2,2016-11-26,False,2016-11-27T00:00:00Z,-05:00,-05:00,America/Detroit,OFF,OK,8,Canadiens,Montréal,de Montréal,MTL,2,17,Red Wings,Detroit,de Detroit,DET,1,4,OT,3,OT,8471679.0,8476851.0,,,,,,,,,,,,,,,,,,MTL
2016020314,20162017,2,2016-11-26,False,2016-11-27T00:00:00Z,-05:00,-05:00,US/Eastern,OFF,OK,12,Hurricanes,Carolina,de la Caroline,CAR,1,9,Senators,Ottawa,d'Ottawa,OTT,2,3,REG,3,REG,8467950.0,8474068.0,,Sénateurs,,,,,,,,,,,,,,,,OTT
2016020313,20162017,2,2016-11-26,False,2016-11-27T00:00:00Z,-05:00,-05:00,America/Toronto,OFF,OK,15,Capitals,Washington,de Washington,WSH,2,10,Maple Leafs,Toronto,de Toronto,TOR,4,3,REG,3,REG,8475883.0,8479318.0,,,,,,,,,,,,,,,,,,TOR
2016020318,20162017,2,2016-11-26,False,2016-11-27T01:00:00Z,-05:00,-06:00,US/Central,OFF,OK,30,Wild,Minnesota,du Minnesota,MIN,3,19,Blues,St. Louis,de St. Louis,STL,4,5,SO,3,SO,8474596.0,,,,,,,,,,,,,,,,,,,STL
2016020319,20162017,2,2016-11-26,False,2016-11-27T03:00:00Z,-05:00,-07:00,America/Denver,OFF,OK,23,Canucks,Vancouver,de Vancouver,VAN,3,21,Avalanche,Colorado,du Colorado,COL,2,5,SO,3,SO,8474593.0,,,,,,,,,,,,,,,,Markström,,,VAN
2016020321,20162017,2,2016-11-26,False,2016-11-27T03:30:00Z,-05:00,-08:00,US/Pacific,OFF,OK,24,Ducks,Anaheim,d'Anaheim,ANA,3,28,Sharks,San Jose,de San Jose,SJS,2,3,REG,3,REG,8473541.0,8470612.0,,,,,,,,,,,,,,,,,,ANA
2016020320,20162017,2,2016-11-26,False,2016-11-27T03:30:00Z,-05:00,-08:00,America/Los_Angeles,OFF,OK,16,Blackhawks,Chicago,de Chicago,CHI,1,26,Kings,Los Angeles,de Los Angeles,LAK,2,4,OT,3,OT,8469514.0,8470604.0,,,,,,,,,,,,,,,,,,LAK
2016020325,20162017,2,2016-11-27,False,2016-11-27T18:00:00Z,-05:00,-06:00,America/Winnipeg,OFF,OK,18,Predators,Nashville,de Nashville,NSH,0,52,Jets,Winnipeg,de Winnipeg,WPG,3,3,REG,3,REG,8476945.0,8471226.0,,,,,,,,,,,,,,,,,,WPG
2016020322,20162017,2,2016-11-27,False,2016-11-27T18:00:00Z,-05:00,-05:00,US/Eastern,OFF,OK,14,Lightning,Tampa Bay,de Tampa Bay,TBL,1,6,Bruins,Boston,de Boston,BOS,4,3,REG,3,REG,8471695.0,8470655.0,,,,,,,,,,,,,,,,,,BOS
2016020323,20162017,2,2016-11-27,False,2016-11-27T20:00:00Z,-05:00,-07:00,America/Edmonton,OFF,OK,53,Coyotes,Arizona,de l'Arizona,ARI,2,22,Oilers,Edmonton,d'Edmonton,EDM,1,3,REG,3,REG,8469608.0,8473465.0,,,,,,,,,,,,,,,,,,ARI
2016020324,20162017,2,2016-11-27,False,2016-11-27T23:00:00Z,-05:00,-05:00,US/Eastern,OFF,OK,13,Panthers,Florida,de la Floride,FLA,2,12,Hurricanes,Carolina,de la Caroline,CAR,3,3,REG,3,REG,8468038.0,8478585.0,,,,,,,,,,,,,,,,,,CAR
2016020326,20162017,2,2016-11-27,False,2016-11-28T00:00:00Z,-05:00,-05:00,America/New_York,OFF,OK,9,Senators,Ottawa,d'Ottawa,OTT,2,3,Rangers,New York,de New York,NYR,0,3,REG,3,REG,8467950.0,8476419.0,Sénateurs,,,,,,,,,,,,,,,,,OTT
2016020327,20162017,2,2016-11-27,False,2016-11-28T00:30:00Z,-05:00,-05:00,US/Eastern,OFF,OK,20,Flames,Calgary,de Calgary,CGY,3,4,Flyers,Philadelphia,de Philadelphie,PHI,5,3,REG,3,REG,8476932.0,8474190.0,,,,,,,,,,,,,,,,,,PHI
2016020328,20162017,2,2016-11-28,False,2016-11-29T00:00:00Z,-05:00,-05:00,America/New_York,OFF,OK,20,Flames,Calgary,de Calgary,CGY,1,2,Islanders,New York,de New York,NYI,2,4,OT,3,OT,8471306.0,8474066.0,,,,,,,,,,,,,,,,,,NYI
2016020329,20162017,2,2016-11-28,False,2016-11-29T01:00:00Z,-05:00,-06:00,US/Central,OFF,OK,25,Stars,Dallas,de Dallas,DAL,3,19,Blues,St. Louis,de St. Louis,STL,4,4,OT,3,OT,8474596.0,8475765.0,,,,,,,,,,,,,,,,,,STL
2016020330,20162017,2,2016-11-29,False,2016-11-30T00:00:00Z,-05:00,-05:00,America/New_York,OFF,OK,12,Hurricanes,Carolina,de la Caroline,CAR,2,3,Rangers,New York,de New York,NYR,3,3,REG,3,REG,8468685.0,8476918.0,,,,,,,,,,,,,,,,,,NYR
2016020332,20162017,2,2016-11-29,False,2016-11-30T00:00:00Z,-05:00,-05:00,US/Eastern,OFF,OK,14,Lightning,Tampa Bay,de Tampa Bay,TBL,1,29,Blue Jackets,Columbus,de Columbus,CBJ,5,3,REG,3,REG,8475683.0,8477505.0,,,,,,,,,,,,,,,,,,CBJ
2016020331,20162017,2,2016-11-29,False,2016-11-30T00:30:00Z,-05:00,-05:00,US/Eastern,OFF,OK,6,Bruins,Boston,de Boston,BOS,2,4,Flyers,Philadelphia,de Philadelphie,PHI,3,5,SO,3,SO,8473461.0,,,,,,,,,,,,,,,,,,,PHI
2016020333,20162017,2,2016-11-29,False,2016-11-30T00:30:00Z,-05:00,-05:00,US/Eastern,OFF,OK,7,Sabres,Buffalo,de Buffalo,BUF,5,9,Senators,Ottawa,d'Ottawa,OTT,4,3,REG,3,REG,8475195.0,8475158.0,,Sénateurs,,,,,,,,,,,,,,,,BUF
2016020334,20162017,2,2016-11-29,False,2016-11-30T00:30:00Z,-05:00,-05:00,America/Detroit,OFF,OK,25,Stars,Dallas,de Dallas,DAL,1,17,Red Wings,Detroit,de Detroit,DET,3,3,REG,3,REG,8475852.0,8477511.0,,,,,,,,,,,,,,,,,,DET
2016020335,20162017,2,2016-11-29,False,2016-11-30T01:00:00Z,-05:00,-06:00,America/Winnipeg,OFF,OK,1,Devils,New Jersey,du New Jersey,NJD,2,52,Jets,Winnipeg,de Winnipeg,WPG,3,3,REG,3,REG,8476945.0,8479339.0,,,,,,,,,,,,,,,,,,WPG
2016020336,20162017,2,2016-11-29,False,2016-11-30T01:30:00Z,-05:00,-06:00,America/Chicago,OFF,OK,13,Panthers,Florida,de la Floride,FLA,1,16,Blackhawks,Chicago,de Chicago,CHI,2,5,SO,3,SO,8470645.0,,,,,,,,,,,,,,,,,,,CHI
2016020338,20162017,2,2016-11-29,False,2016-11-30T02:00:00Z,-05:00,-07:00,America/Edmonton,OFF,OK,10,Maple Leafs,Toronto,de Toronto,TOR,4,22,Oilers,Edmonton,d'Edmonton,EDM,2,3,REG,3,REG,8475883.0,8475172.0,,,,,,,,,,,,,,,,,,TOR
2016020337,20162017,2,2016-11-29,False,2016-11-30T02:00:00Z,-05:00,-07:00,America/Denver,OFF,OK,18,Predators,Nashville,de Nashville,NSH,5,21,Avalanche,Colorado,du Colorado,COL,3,3,REG,3,REG,8471469.0,8475793.0,,,,,,,,,,,,,,,,,,NSH
2016020339,20162017,2,2016-11-29,False,2016-11-30T03:00:00Z,-05:00,-08:00,America/Vancouver,OFF,OK,30,Wild,Minnesota,du Minnesota,MIN,4,23,Canucks,Vancouver,de Vancouver,VAN,5,3,REG,3,REG,8468011.0,8476466.0,,,,,,,,,,,,,,,,,,VAN
2016020340,20162017,2,2016-11-29,False,2016-11-30T03:00:00Z,-05:00,-08:00,America/Los_Angeles,OFF,OK,8,Canadiens,Montréal,de Montréal,MTL,1,24,Ducks,Anaheim,d'Anaheim,ANA,2,3,REG,3,REG,8476434.0,8475764.0,,,,,,,,,,,,,,,,,,ANA
2016020341,20162017,2,2016-11-29,False,2016-11-30T03:00:00Z,-05:00,-08:00,US/Pacific,OFF,OK,53,Coyotes,Arizona,de l'Arizona,ARI,1,28,Sharks,San Jose,de San Jose,SJS,2,4,OT,3,OT,8474889.0,8470613.0,,,,,,,,,,,,,,,,,,SJS
2016020342,20162017,2,2016-11-30,False,2016-12-01T01:00:00Z,-05:00,-05:00,America/New_York,OFF,OK,5,Penguins,Pittsburgh,de Pittsburgh,PIT,3,2,Islanders,New York,de New York,NYI,5,3,REG,3,REG,8471306.0,8475314.0,,,,,,,,,,,,,,,,,,NYI
2016020343,20162017,2,2016-11-30,False,2016-12-01T01:30:00Z,-05:00,-07:00,America/Edmonton,OFF,OK,10,Maple Leafs,Toronto,de Toronto,TOR,0,20,Flames,Calgary,de Calgary,CGY,3,3,REG,3,REG,8473434.0,8475878.0,,,,,,,,,,,,,,,,,,CGY
2016020344,20162017,2,2016-11-30,False,2016-12-01T03:30:00Z,-05:00,-08:00,America/Los_Angeles,OFF,OK,28,Sharks,San Jose,de San Jose,SJS,4,26,Kings,Los Angeles,de Los Angeles,LAK,1,3,REG,3,REG,8474889.0,8474053.0,,,,,,,,,,,,,,,,,,SJS
2016020348,20162017,2,2016-12-01,False,2016-12-02T00:00:00Z,-05:00,-05:00,US/Eastern,OFF,OK,2,Islanders,New York,de New York,NYI,3,15,Capitals,Washington,de Washington,WSH,0,3,REG,3,REG,8470860.0,8476386.0,,,,,,,,,,,,,,,,,,NYI
2016020347,20162017,2,2016-12-01,False,2016-12-02T00:00:00Z,-05:00,-05:00,US/Eastern,OFF,OK,25,Stars,Dallas,de Dallas,DAL,2,5,Penguins,Pittsburgh,de Pittsburgh,PIT,6,3,REG,3,REG,8470594.0,8471675.0,,,,,,,,,,,,,,,,,,PIT
2016020345,20162017,2,2016-12-01,False,2016-12-02T00:00:00Z,-05:00,-05:00,US/Eastern,OFF,OK,12,Hurricanes,Carolina,de la Caroline,CAR,1,6,Bruins,Boston,de Boston,BOS,2,5,SO,3,SO,8471418.0,,,,,,,,,,,,,,,,,,,BOS
2016020346,20162017,2,2016-12-01,False,2016-12-02T00:00:00Z,-05:00,-05:00,America/New_York,OFF,OK,3,Rangers,New York,de New York,NYR,3,7,Sabres,Buffalo,de Buffalo,BUF,4,3,REG,3,REG,8475195.0,8478403.0,,,,,,,,,,,,,,,,,,BUF
2016020349,20162017,2,2016-12-01,False,2016-12-02T00:30:00Z,-05:00,-05:00,US/Eastern,OFF,OK,4,Flyers,Philadelphia,de Philadelphie,PHI,3,9,Senators,Ottawa,d'Ottawa,OTT,2,4,OT,3,OT,8473461.0,8473512.0,,Sénateurs,,,,,,,,,,,,,,,,PHI
2016020350,20162017,2,2016-12-01,False,2016-12-02T00:30:00Z,-05:00,-05:00,America/Detroit,OFF,OK,13,Panthers,Florida,de la Floride,FLA,2,17,Red Wings,Detroit,de Detroit,DET,1,4,OT,3,OT,8466141.0,8477493.0,,,,,,,,,,,,,,,,,,FLA
2016020352,20162017,2,2016-12-01,False,2016-12-02T01:00:00Z,-05:00,-06:00,America/Winnipeg,OFF,OK,22,Oilers,Edmonton,d'Edmonton,EDM,6,52,Jets,Winnipeg,de Winnipeg,WPG,3,3,REG,3,REG,8475660.0,8474034.0,,,,,,,,,,,,,,,,,,EDM
2016020351,20162017,2,2016-12-01,False,2016-12-02T01:00:00Z,-05:00,-06:00,US/Central,OFF,OK,14,Lightning,Tampa Bay,de Tampa Bay,TBL,4,19,Blues,St. Louis,de St. Louis,STL,5,3,REG,3,REG,8474596.0,8475765.0,,,,,,,,,,,,,,,,,,STL
2016020353,20162017,2,2016-12-01,False,2016-12-02T01:30:00Z,-05:00,-06:00,America/Chicago,OFF,OK,1,Devils,New Jersey,du New Jersey,NJD,3,16,Blackhawks,Chicago,de Chicago,CHI,4,4,OT,3,OT,8470645.0,8466148.0,,,,,,,,,,,,,,,,,,CHI
2016020355,20162017,2,2016-12-01,False,2016-12-02T02:00:00Z,-05:00,-07:00,America/Phoenix,OFF,OK,26,Kings,Los Angeles,de Los Angeles,LAK,4,53,Coyotes,Arizona,de l'Arizona,ARI,3,3,REG,3,REG,8473553.0,8473453.0,,,,,,,,,,,,,,,,,,LAK
2016020354,20162017,2,2016-12-01,False,2016-12-02T02:00:00Z,-05:00,-07:00,America/Denver,OFF,OK,29,Blue Jackets,Columbus,de Columbus,CBJ,3,21,Avalanche,Colorado,du Colorado,COL,2,3,REG,3,REG,8475683.0,8476432.0,,,,,,,,,,,,,,,,,,CBJ
2016020356,20162017,2,2016-12-01,False,2016-12-02T03:00:00Z,-05:00,-08:00,America/Vancouver,OFF,OK,24,Ducks,Anaheim,d'Anaheim,ANA,3,23,Canucks,Vancouver,de Vancouver,VAN,1,3,REG,3,REG,8476434.0,8478131.0,,,,,,,,,,,,,,,,,,ANA
2016020357,20162017,2,2016-12-02,False,2016-12-03T02:00:00Z,-05:00,-07:00,America/Edmonton,OFF,OK,30,Wild,Minnesota,du Minnesota,MIN,2,20,Flames,Calgary,de Calgary,CGY,3,5,SO,3,SO,8473434.0,,,,,,,,,,,,,,,,,,,CGY
2016020358,20162017,2,2016-12-02,False,2016-12-03T03:30:00Z,-05:00,-08:00,US/Pacific,OFF,OK,8,Canadiens,Montréal,de Montréal,MTL,1,28,Sharks,San Jose,de San Jose,SJS,2,3,REG,3,REG,8474889.0,8470794.0,,,,,,,,,,,,,,,,,,SJS
2016020360,20162017,2,2016-12-03,False,2016-12-03T18:00:00Z,-05:00,-05:00,America/New_York,OFF,OK,12,Hurricanes,Carolina,de la Caroline,CAR,2,3,Rangers,New York,de New York,NYR,4,3,REG,3,REG,8468685.0,8475184.0,,,,,,,,,,,,,,,,,,NYR
2016020359,20162017,2,2016-12-03,False,2016-12-03T18:00:00Z,-05:00,-05:00,America/New_York,OFF,OK,6,Bruins,Boston,de Boston,BOS,2,7,Sabres,Buffalo,de Buffalo,BUF,1,3,REG,3,REG,8471695.0,8470638.0,,,,,,,,,,,,,,,,,,BOS
2016020361,20162017,2,2016-12-03,False,2016-12-03T18:00:00Z,-05:00,-05:00,US/Eastern,OFF,OK,16,Blackhawks,Chicago,de Chicago,CHI,1,4,Flyers,Philadelphia,de Philadelphie,PHI,3,3,REG,3,REG,8473461.0,8478500.0,,,,,,,,,,,,,,,,,,PHI
2016020362,20162017,2,2016-12-03,False,2016-12-03T19:00:00Z,-05:00,-06:00,US/Central,OFF,OK,1,Devils,New Jersey,du New Jersey,NJD,5,18,Predators,Nashville,de Nashville,NSH,4,4,OT,3,OT,8476234.0,8469500.0,,,,,,,,,,,,,,,,,,NJD
2016020364,20162017,2,2016-12-03,False,2016-12-04T00:00:00Z,-05:00,-05:00,US/Eastern,OFF,OK,15,Capitals,Washington,de Washington,WSH,1,14,Lightning,Tampa Bay,de Tampa Bay,TBL,2,5,SO,3,SO,8471750.0,,,,,,,,,,,,,,,,,,,TBL
2016020367,20162017,2,2016-12-03,False,2016-12-04T00:00:00Z,-05:00,-08:00,America/Vancouver,OFF,OK,10,Maple Leafs,Toronto,de Toronto,TOR,2,23,Canucks,Vancouver,de Vancouver,VAN,3,5,SO,3,SO,8468011.0,,,,,,,,,,,,,,,,,,,VAN
2016020363,20162017,2,2016-12-03,False,2016-12-04T00:00:00Z,-05:00,-05:00,US/Eastern,OFF,OK,13,Panthers,Florida,de la Floride,FLA,0,9,Senators,Ottawa,d'Ottawa,OTT,2,3,REG,3,REG,8477237.0,8474578.0,,Sénateurs,,,,,,,,,,,,,,,,OTT
2016020366,20162017,2,2016-12-03,False,2016-12-04T00:00:00Z,-05:00,-06:00,US/Central,OFF,OK,52,Jets,Winnipeg,de Winnipeg,WPG,3,19,Blues,St. Louis,de St. Louis,STL,2,4,OT,3,OT,8474636.0,8473412.0,,,,,,,,,,,,,,,,,,WPG
2016020365,20162017,2,2016-12-03,False,2016-12-04T00:00:00Z,-05:00,-05:00,US/Eastern,OFF,OK,17,Red Wings,Detroit,de Detroit,DET,3,5,Penguins,Pittsburgh,de Pittsburgh,PIT,5,3,REG,3,REG,8470594.0,8473548.0,,,,,,,,,,,,,,,,,,PIT
2016020368,20162017,2,2016-12-03,False,2016-12-04T01:00:00Z,-05:00,-07:00,America/Phoenix,OFF,OK,29,Blue Jackets,Columbus,de Columbus,CBJ,3,53,Coyotes,Arizona,de l'Arizona,ARI,2,5,SO,3,SO,8470147.0,,,,,,,,,,,,,,,,,,,CBJ
2016020369,20162017,2,2016-12-03,False,2016-12-04T02:00:00Z,-05:00,-07:00,America/Denver,OFF,OK,25,Stars,Dallas,de Dallas,DAL,3,21,Avalanche,Colorado,du Colorado,COL,0,3,REG,3,REG,8470140.0,8475310.0,,,,,,,,,,,,,,,,,,DAL
2016020370,20162017,2,2016-12-03,False,2016-12-04T03:00:00Z,-05:00,-07:00,America/Edmonton,OFF,OK,24,Ducks,Anaheim,d'Anaheim,ANA,2,22,Oilers,Edmonton,d'Edmonton,EDM,3,4,OT,3,OT,8475660.0,8477934.0,,,,,,,,,,,,,,,,,,EDM
2016020377,20162017,2,2016-12-04,False,2016-12-04T20:00:00Z,-05:00,-08:00,America/Los_Angeles,OFF,OK,8,Canadiens,Montréal,de Montréal,MTL,5,26,Kings,Los Angeles,de Los Angeles,LAK,4,5,SO,3,SO,8471679.0,,,,,,,,,,,,,,,,,,,MTL
2016020371,20162017,2,2016-12-04,False,2016-12-04T22:00:00Z,-05:00,-05:00,US/Eastern,OFF,OK,14,Lightning,Tampa Bay,de Tampa Bay,TBL,0,12,Hurricanes,Carolina,de la Caroline,CAR,1,4,OT,3,OT,8470320.0,8476858.0,,,,,,,,,,,,,,,,,,CAR
2016020373,20162017,2,2016-12-04,False,2016-12-04T23:00:00Z,-05:00,-06:00,US/Central,OFF,OK,4,Flyers,Philadelphia,de Philadelphie,PHI,4,18,Predators,Nashville,de Nashville,NSH,2,3,REG,3,REG,8473461.0,8477290.0,,,,,,,,,,,,,,,,,,PHI
2016020372,20162017,2,2016-12-04,False,2016-12-04T23:00:00Z,-05:00,-05:00,America/New_York,OFF,OK,17,Red Wings,Detroit,de Detroit,DET,4,2,Islanders,New York,de New York,NYI,3,4,OT,3,OT,8475852.0,8477215.0,,,,,,,,,,,,,,,,,,DET
2016020374,20162017,2,2016-12-04,False,2016-12-05T00:00:00Z,-05:00,-06:00,America/Chicago,OFF,OK,52,Jets,Winnipeg,de Winnipeg,WPG,2,16,Blackhawks,Chicago,de Chicago,CHI,1,3,REG,3,REG,8476945.0,8477429.0,,,,,,,,,,,,,,,,,,WPG
2016020375,20162017,2,2016-12-04,False,2016-12-05T02:30:00Z,-05:00,-07:00,America/Edmonton,OFF,OK,24,Ducks,Anaheim,d'Anaheim,ANA,3,20,Flames,Calgary,de Calgary,CGY,8,3,REG,3,REG,8473434.0,8470162.0,,,,,,,,,,,,,,,,,,CGY
2016020376,20162017,2,2016-12-04,False,2016-12-05T02:30:00Z,-05:00,-07:00,America/Edmonton,OFF,OK,30,Wild,Minnesota,du Minnesota,MIN,2,22,Oilers,Edmonton,d'Edmonton,EDM,1,4,OT,3,OT,8471227.0,8469459.0,,,,,,,,,,,,,,,,,,MIN
2016020378,20162017,2,2016-12-05,False,2016-12-06T00:00:00Z,-05:00,-05:00,US/Eastern,OFF,OK,13,Panthers,Florida,de la Floride,FLA,3,6,Bruins,Boston,de Boston,BOS,4,4,OT,3,OT,8471695.0,8477956.0,,,,,,,,,,,,,,,,,,BOS
2016020379,20162017,2,2016-12-05,False,2016-12-06T00:00:00Z,-05:00,-05:00,US/Eastern,OFF,OK,9,Senators,Ottawa,d'Ottawa,OTT,5,5,Penguins,Pittsburgh,de Pittsburgh,PIT,8,3,REG,3,REG,8476899.0,8471215.0,Sénateurs,,,,,,,,,,,,,,,,,PIT
2016020380,20162017,2,2016-12-05,False,2016-12-06T00:00:00Z,-05:00,-05:00,US/Eastern,OFF,OK,7,Sabres,Buffalo,de Buffalo,BUF,2,15,Capitals,Washington,de Washington,WSH,3,4,OT,3,OT,8474651.0,8475149.0,,,,,,,,,,,,,,,,,,WSH
2016020381,20162017,2,2016-12-05,False,2016-12-06T00:00:00Z,-05:00,-05:00,US/Eastern,OFF,OK,53,Coyotes,Arizona,de l'Arizona,ARI,1,29,Blue Jackets,Columbus,de Columbus,CBJ,4,3,REG,3,REG,8475683.0,8473422.0,,,,,,,,,,,,,,,,,,CBJ
2016020383,20162017,2,2016-12-06,False,2016-12-07T00:00:00Z,-05:00,-05:00,US/Eastern,OFF,OK,23,Canucks,Vancouver,de Vancouver,VAN,2,1,Devils,New Jersey,du New Jersey,NJD,3,3,REG,3,REG,8471239.0,8473933.0,,,,,,,,,,,,,,,,,,NJD
2016020384,20162017,2,2016-12-06,False,2016-12-07T00:00:00Z,-05:00,-05:00,America/New_York,OFF,OK,3,Rangers,New York,de New York,NYR,2,2,Islanders,New York,de New York,NYI,4,3,REG,3,REG,8470860.0,8471217.0,,,,,,,,,,,,,,,,,,NYI
2016020382,20162017,2,2016-12-06,False,2016-12-07T00:00:00Z,-05:00,-05:00,America/New_York,OFF,OK,22,Oilers,Edmonton,d'Edmonton,EDM,3,7,Sabres,Buffalo,de Buffalo,BUF,4,4,OT,3,OT,8475195.0,8477499.0,,,,,,,,,,,,,,,,,,BUF
2016020385,20162017,2,2016-12-06,False,2016-12-07T00:00:00Z,-05:00,-05:00,US/Eastern,OFF,OK,13,Panthers,Florida,de la Floride,FLA,2,4,Flyers,Philadelphia,de Philadelphie,PHI,3,4,OT,3,OT,8473461.0,8474161.0,,,,,,,,,,,,,,,,,,PHI
2016020386,20162017,2,2016-12-06,False,2016-12-07T01:00:00Z,-05:00,-06:00,US/Central,OFF,OK,8,Canadiens,Montréal,de Montréal,MTL,2,19,Blues,St. Louis,de St. Louis,STL,3,4,OT,3,OT,8474596.0,8475768.0,,,,,,,,,,,,,,,,,,STL
2016020388,20162017,2,2016-12-06,False,2016-12-07T01:00:00Z,-05:00,-06:00,America/Winnipeg,OFF,OK,17,Red Wings,Detroit,de Detroit,DET,4,52,Jets,Winnipeg,de Winnipeg,WPG,3,5,SO,3,SO,8475852.0,,,,,,,,,,,,,,,,,,,DET
2016020387,20162017,2,2016-12-06,False,2016-12-07T01:00:00Z,-05:00,-06:00,US/Central,OFF,OK,21,Avalanche,Colorado,du Colorado,COL,3,18,Predators,Nashville,de Nashville,NSH,4,3,REG,3,REG,8471469.0,8474600.0,,,,,,,,,,,,,,,,,,NSH
2016020390,20162017,2,2016-12-06,False,2016-12-07T01:30:00Z,-05:00,-06:00,US/Central,OFF,OK,20,Flames,Calgary,de Calgary,CGY,2,25,Stars,Dallas,de Dallas,DAL,1,3,REG,3,REG,8473434.0,8477497.0,,,,,,,,,,,,,,,,,,CGY
2016020389,20162017,2,2016-12-06,False,2016-12-07T01:30:00Z,-05:00,-06:00,America/Chicago,OFF,OK,53,Coyotes,Arizona,de l'Arizona,ARI,0,16,Blackhawks,Chicago,de Chicago,CHI,4,3,REG,3,REG,8474152.0,8473573.0,,,,,,,,,,,,,,,,,,CHI
2016020391,20162017,2,2016-12-07,False,2016-12-08T00:30:00Z,-05:00,-05:00,America/Toronto,OFF,OK,30,Wild,Minnesota,du Minnesota,MIN,3,10,Maple Leafs,Toronto,de Toronto,TOR,2,3,REG,3,REG,8471227.0,8470595.0,,,,,,,,,,,,,,,,,,MIN
2016020392,20162017,2,2016-12-07,False,2016-12-08T01:00:00Z,-05:00,-05:00,US/Eastern,OFF,OK,6,Bruins,Boston,de Boston,BOS,3,15,Capitals,Washington,de Washington,WSH,4,4,OT,3,OT,8474651.0,8473563.0,,,,,,,,,,,,,,,,,,WSH
2016020394,20162017,2,2016-12-07,False,2016-12-08T03:30:00Z,-05:00,-08:00,US/Pacific,OFF,OK,9,Senators,Ottawa,d'Ottawa,OTT,4,28,Sharks,San Jose,de San Jose,SJS,2,3,REG,3,REG,8477237.0,8467967.0,Sénateurs,,,,,,,,,,,,,,,,,OTT
2016020393,20162017,2,2016-12-07,False,2016-12-08T03:30:00Z,-05:00,-08:00,America/Los_Angeles,OFF,OK,12,Hurricanes,Carolina,de la Caroline,CAR,5,24,Ducks,Anaheim,d'Anaheim,ANA,6,5,SO,3,SO,8476434.0,,,,,,,,,,,,,,,,,,,ANA
2016020396,20162017,2,2016-12-08,False,2016-12-09T00:00:00Z,-05:00,-05:00,America/New_York,OFF,OK,19,Blues,St. Louis,de St. Louis,STL,2,2,Islanders,New York,de New York,NYI,3,3,REG,3,REG,8471306.0,8475314.0,,,,,,,,,,,,,,,,,,NYI
2016020395,20162017,2,2016-12-08,False,2016-12-09T00:00:00Z,-05:00,-05:00,US/Eastern,OFF,OK,21,Avalanche,Colorado,du Colorado,COL,4,6,Bruins,Boston,de Boston,BOS,2,3,REG,3,REG,8475717.0,8470750.0,,,,,,,,,,,,,,,,,,COL
2016020397,20162017,2,2016-12-08,False,2016-12-09T00:00:00Z,-05:00,-05:00,US/Eastern,OFF,OK,22,Oilers,Edmonton,d'Edmonton,EDM,5,4,Flyers,Philadelphia,de Philadelphie,PHI,6,3,REG,3,REG,8473461.0,8477290.0,,,,,,,,,,,,,,,,,,PHI
2016020400,20162017,2,2016-12-08,False,2016-12-09T00:30:00Z,-05:00,-05:00,US/Eastern,OFF,OK,5,Penguins,Pittsburgh,de Pittsburgh,PIT,5,13,Panthers,Florida,de la Floride,FLA,1,3,REG,3,REG,8476899.0,8477839.0,,,,,,,,,,,,,,,,,,PIT
2016020398,20162017,2,2016-12-08,False,2016-12-09T00:30:00Z,-05:00,-05:00,America/Montreal,OFF,OK,1,Devils,New Jersey,du New Jersey,NJD,2,8,Canadiens,Montréal,de Montréal,MTL,5,3,REG,3,REG,8471679.0,8477476.0,,,,,,,,,,,,,,,,,,MTL
2016020399,20162017,2,2016-12-08,False,2016-12-09T00:30:00Z,-05:00,-05:00,US/Eastern,OFF,OK,23,Canucks,Vancouver,de Vancouver,VAN,5,14,Lightning,Tampa Bay,de Tampa Bay,TBL,1,3,REG,3,REG,8468011.0,8475790.0,,,,,,,,,,,,,,,,,,VAN
2016020401,20162017,2,2016-12-08,False,2016-12-09T01:00:00Z,-05:00,-06:00,America/Winnipeg,OFF,OK,3,Rangers,New York,de New York,NYR,2,52,Jets,Winnipeg,de Winnipeg,WPG,1,3,REG,3,REG,8477293.0,8475763.0,,,,,,,,,,,,,,,,,,NYR
2016020402,20162017,2,2016-12-08,False,2016-12-09T01:30:00Z,-05:00,-06:00,US/Central,OFF,OK,18,Predators,Nashville,de Nashville,NSH,2,25,Stars,Dallas,de Dallas,DAL,5,3,REG,3,REG,8470140.0,8469455.0,,,,,,,,,,,,,,,,,,DAL
2016020403,20162017,2,2016-12-08,False,2016-12-09T02:00:00Z,-05:00,-07:00,America/Phoenix,OFF,OK,20,Flames,Calgary,de Calgary,CGY,2,53,Coyotes,Arizona,de l'Arizona,ARI,1,4,OT,3,OT,8473434.0,8476462.0,,,,,,,,,,,,,,,,,,CGY
2016020404,20162017,2,2016-12-08,False,2016-12-09T03:30:00Z,-05:00,-08:00,America/Los_Angeles,OFF,OK,12,Hurricanes,Carolina,de la Caroline,CAR,3,26,Kings,Los Angeles,de Los Angeles,LAK,1,3,REG,3,REG,8470320.0,8478585.0,,,,,,,,,,,,,,,,,,CAR
2016020405,20162017,2,2016-12-09,False,2016-12-10T00:00:00Z,-05:00,-05:00,America/New_York,OFF,OK,15,Capitals,Washington,de Washington,WSH,4,7,Sabres,Buffalo,de Buffalo,BUF,1,3,REG,3,REG,8475831.0,8477944.0,,,,,,,,,,,,,,,,,,WSH
2016020406,20162017,2,2016-12-09,False,2016-12-10T00:30:00Z,-05:00,-05:00,America/Detroit,OFF,OK,29,Blue Jackets,Columbus,de Columbus,CBJ,4,17,Red Wings,Detroit,de Detroit,DET,1,3,REG,3,REG,8475683.0,8471273.0,,,,,,,,,,,,,,,,,,CBJ
2016020407,20162017,2,2016-12-09,False,2016-12-10T00:30:00Z,-05:00,-05:00,US/Eastern,OFF,OK,19,Blues,St. Louis,de St. Louis,STL,4,1,Devils,New Jersey,du New Jersey,NJD,1,3,REG,3,REG,8474596.0,8471817.0,,,,,,,,,,,,,,,,,,STL
2016020408,20162017,2,2016-12-09,False,2016-12-10T01:00:00Z,-05:00,-06:00,US/Central,OFF,OK,22,Oilers,Edmonton,d'Edmonton,EDM,2,30,Wild,Minnesota,du Minnesota,MIN,3,5,SO,3,SO,8471227.0,,,,,,,,,,,,,,,,,,,MIN
2016020409,20162017,2,2016-12-09,False,2016-12-10T01:30:00Z,-05:00,-06:00,America/Chicago,OFF,OK,3,Rangers,New York,de New York,NYR,1,16,Blackhawks,Chicago,de Chicago,CHI,0,4,OT,3,OT,8477293.0,8474207.0,,,,,,,,,,,,,,,,,,NYR
2016020410,20162017,2,2016-12-09,False,2016-12-10T03:00:00Z,-05:00,-08:00,America/Los_Angeles,OFF,OK,28,Sharks,San Jose,de San Jose,SJS,2,24,Ducks,Anaheim,d'Anaheim,ANA,3,3,REG,3,REG,8473541.0,8476854.0,,,,,,,,,,,,,,,,,,ANA
2016020411,20162017,2,2016-12-10,False,2016-12-10T18:00:00Z,-05:00,-05:00,US/Eastern,OFF,OK,25,Stars,Dallas,de Dallas,DAL,2,4,Flyers,Philadelphia,de Philadelphie,PHI,4,3,REG,3,REG,8473461.0,8475170.0,,,,,,,,,,,,,,,,,,PHI
2016020412,20162017,2,2016-12-10,False,2016-12-10T21:00:00Z,-05:00,-08:00,America/Los_Angeles,OFF,OK,9,Senators,Ottawa,d'Ottawa,OTT,1,26,Kings,Los Angeles,de Los Angeles,LAK,4,3,REG,3,REG,8469514.0,8474166.0,Sénateurs,,,,,,,,,,,,,,,,,LAK
2016020416,20162017,2,2016-12-10,False,2016-12-11T00:00:00Z,-05:00,-05:00,US/Eastern,OFF,OK,23,Canucks,Vancouver,de Vancouver,VAN,2,13,Panthers,Florida,de la Floride,FLA,4,3,REG,3,REG,8466141.0,8477932.0,,,,,,,,,,,,,,,,,,FLA
2016020414,20162017,2,2016-12-10,False,2016-12-11T00:00:00Z,-05:00,-05:00,America/Montreal,OFF,OK,21,Avalanche,Colorado,du Colorado,COL,1,8,Canadiens,Montréal,de Montréal,MTL,10,3,REG,3,REG,8471679.0,8474157.0,,,,,,,,,,,,,,,,,,MTL
2016020415,20162017,2,2016-12-10,False,2016-12-11T00:00:00Z,-05:00,-05:00,US/Eastern,OFF,OK,5,Penguins,Pittsburgh,de Pittsburgh,PIT,4,14,Lightning,Tampa Bay,de Tampa Bay,TBL,3,3,REG,3,REG,8476899.0,8471215.0,,,,,,,,,,,,,,,,,,PIT
2016020417,20162017,2,2016-12-10,False,2016-12-11T00:00:00Z,-05:00,-05:00,US/Eastern,OFF,OK,2,Islanders,New York,de New York,NYI,2,29,Blue Jackets,Columbus,de Columbus,CBJ,6,3,REG,3,REG,8475683.0,8476981.0,,,,,,,,,,,,,,,,,,CBJ
2016020413,20162017,2,2016-12-10,False,2016-12-11T00:00:00Z,-05:00,-05:00,US/Eastern,OFF,OK,10,Maple Leafs,Toronto,de Toronto,TOR,4,6,Bruins,Boston,de Boston,BOS,1,3,REG,3,REG,8475883.0,8475786.0,,,,,,,,,,,,,,,,,,TOR
2016020418,20162017,2,2016-12-10,False,2016-12-11T01:00:00Z,-05:00,-07:00,America/Phoenix,OFF,OK,18,Predators,Nashville,de Nashville,NSH,1,53,Coyotes,Arizona,de l'Arizona,ARI,4,3,REG,3,REG,8469608.0,8477460.0,,,,,,,,,,,,,,,,,,ARI
2016020419,20162017,2,2016-12-10,False,2016-12-11T03:00:00Z,-05:00,-07:00,America/Edmonton,OFF,OK,52,Jets,Winnipeg,de Winnipeg,WPG,2,20,Flames,Calgary,de Calgary,CGY,6,3,REG,3,REG,8473434.0,8476462.0,,,,,,,,,,,,,,,,,,CGY
2016020420,20162017,2,2016-12-10,False,2016-12-11T03:30:00Z,-05:00,-08:00,US/Pacific,OFF,OK,12,Hurricanes,Carolina,de la Caroline,CAR,3,28,Sharks,San Jose,de San Jose,SJS,4,3,REG,3,REG,8477180.0,8478099.0,,,,,,,,,,,,,,,,,,SJS
2016020421,20162017,2,2016-12-11,False,2016-12-11T21:00:00Z,-05:00,-08:00,America/Los_Angeles,OFF,OK,9,Senators,Ottawa,d'Ottawa,OTT,1,24,Ducks,Anaheim,d'Anaheim,ANA,5,3,REG,3,REG,8476434.0,8470621.0,Sénateurs,,,,,,,,,,,,,,,,,ANA
2016020422,20162017,2,2016-12-11,False,2016-12-11T22:00:00Z,-05:00,-05:00,America/Detroit,OFF,OK,4,Flyers,Philadelphia,de Philadelphie,PHI,1,17,Red Wings,Detroit,de Detroit,DET,0,4,OT,3,OT,8476932.0,8475170.0,,,,,,,,,,,,,,,,,,PHI
2016020423,20162017,2,2016-12-11,False,2016-12-11T22:00:00Z,-05:00,-05:00,US/Eastern,OFF,OK,23,Canucks,Vancouver,de Vancouver,VAN,0,15,Capitals,Washington,de Washington,WSH,3,3,REG,3,REG,8474651.0,8471214.0,,,,,,,,,,,,,,,,,,WSH
2016020424,20162017,2,2016-12-11,False,2016-12-11T23:00:00Z,-05:00,-06:00,US/Central,OFF,OK,19,Blues,St. Louis,de St. Louis,STL,1,30,Wild,Minnesota,du Minnesota,MIN,3,3,REG,3,REG,8471227.0,8475799.0,,,,,,,,,,,,,,,,,,MIN
2016020427,20162017,2,2016-12-11,False,2016-12-12T00:00:00Z,-05:00,-06:00,America/Chicago,OFF,OK,25,Stars,Dallas,de Dallas,DAL,1,16,Blackhawks,Chicago,de Chicago,CHI,3,3,REG,3,REG,8474152.0,8473573.0,,,,,,,,,,,,,,,,,,CHI
2016020425,20162017,2,2016-12-11,False,2016-12-12T00:00:00Z,-05:00,-05:00,America/Toronto,OFF,OK,21,Avalanche,Colorado,du Colorado,COL,3,10,Maple Leafs,Toronto,de Toronto,TOR,1,3,REG,3,REG,8473575.0,8477492.0,,,,,,,,,,,,,,,,,,COL
2016020426,20162017,2,2016-12-11,False,2016-12-12T00:00:00Z,-05:00,-05:00,America/New_York,OFF,OK,1,Devils,New Jersey,du New Jersey,NJD,0,3,Rangers,New York,de New York,NYR,5,3,REG,3,REG,8477293.0,8475184.0,,,,,,,,,,,,,,,,,,NYR
2016020428,20162017,2,2016-12-11,False,2016-12-12T02:30:00Z,-05:00,-07:00,America/Edmonton,OFF,OK,52,Jets,Winnipeg,de Winnipeg,WPG,2,22,Oilers,Edmonton,d'Edmonton,EDM,3,3,REG,3,REG,8475660.0,8473914.0,,,,,,,,,,,,,,,,,,EDM
2016020429,20162017,2,2016-12-12,False,2016-12-13T00:00:00Z,-05:00,-05:00,US/Eastern,OFF,OK,53,Coyotes,Arizona,de l'Arizona,ARI,0,5,Penguins,Pittsburgh,de Pittsburgh,PIT,7,3,REG,3,REG,8476899.0,8476293.0,,,,,,,,,,,,,,,,,,PIT
2016020430,20162017,2,2016-12-12,False,2016-12-13T00:30:00Z,-05:00,-05:00,America/Montreal,OFF,OK,6,Bruins,Boston,de Boston,BOS,2,8,Canadiens,Montréal,de Montréal,MTL,1,4,OT,3,OT,8471695.0,8475727.0,,,,,,,,,,,,,,,,,,BOS
2016020434,20162017,2,2016-12-13,False,2016-12-14T00:00:00Z,-05:00,-05:00,US/Eastern,OFF,OK,23,Canucks,Vancouver,de Vancouver,VAN,6,12,Hurricanes,Carolina,de la Caroline,CAR,8,3,REG,3,REG,8468038.0,8473533.0,,,,,,,,,,,,,,,,,,CAR
2016020433,20162017,2,2016-12-13,False,2016-12-14T00:00:00Z,-05:00,-05:00,America/New_York,OFF,OK,16,Blackhawks,Chicago,de Chicago,CHI,2,3,Rangers,New York,de New York,NYR,1,3,REG,3,REG,8474152.0,8473573.0,,,,,,,,,,,,,,,,,,CHI
2016020432,20162017,2,2016-12-13,False,2016-12-14T00:00:00Z,-05:00,-05:00,America/New_York,OFF,OK,15,Capitals,Washington,de Washington,WSH,4,2,Islanders,New York,de New York,NYI,2,3,REG,3,REG,8474651.0,8471702.0,,,,,,,,,,,,,,,,,,WSH
2016020431,20162017,2,2016-12-13,False,2016-12-14T00:00:00Z,-05:00,-05:00,America/New_York,OFF,OK,26,Kings,Los Angeles,de Los Angeles,LAK,3,7,Sabres,Buffalo,de Buffalo,BUF,6,3,REG,3,REG,8475215.0,8478403.0,,,,,,,,,,,,,,,,,,BUF
2016020436,20162017,2,2016-12-13,False,2016-12-14T00:30:00Z,-05:00,-05:00,America/Detroit,OFF,OK,53,Coyotes,Arizona,de l'Arizona,ARI,4,17,Red Wings,Detroit,de Detroit,DET,1,3,REG,3,REG,8469608.0,8478474.0,,,,,,,,,,,,,,,,,,ARI
2016020435,20162017,2,2016-12-13,False,2016-12-14T00:30:00Z,-05:00,-05:00,America/Toronto,OFF,OK,28,Sharks,San Jose,de San Jose,SJS,3,10,Maple Leafs,Toronto,de Toronto,TOR,2,5,SO,3,SO,8474889.0,,,,,,,,,,,,,,,,,,,SJS
2016020438,20162017,2,2016-12-13,False,2016-12-14T01:00:00Z,-05:00,-06:00,US/Central,OFF,OK,13,Panthers,Florida,de la Floride,FLA,1,30,Wild,Minnesota,du Minnesota,MIN,5,3,REG,3,REG,8471227.0,8475287.0,,,,,,,,,,,,,,,,,,MIN
2016020437,20162017,2,2016-12-13,False,2016-12-14T01:00:00Z,-05:00,-06:00,US/Central,OFF,OK,19,Blues,St. Louis,de St. Louis,STL,3,18,Predators,Nashville,de Nashville,NSH,6,3,REG,3,REG,8471469.0,8467370.0,,,,,,,,,,,,,,,,,,NSH
2016020439,20162017,2,2016-12-13,False,2016-12-14T01:30:00Z,-05:00,-06:00,US/Central,OFF,OK,24,Ducks,Anaheim,d'Anaheim,ANA,2,25,Stars,Dallas,de Dallas,DAL,6,3,REG,3,REG,8474550.0,8471490.0,,,,,,,,,,,,,,,,,,DAL
2016020440,20162017,2,2016-12-13,False,2016-12-14T02:00:00Z,-05:00,-07:00,America/Edmonton,OFF,OK,29,Blue Jackets,Columbus,de Columbus,CBJ,3,22,Oilers,Edmonton,d'Edmonton,EDM,1,3,REG,3,REG,8475683.0,8474715.0,,,,,,,,,,,,,,,,,,CBJ
2016020441,20162017,2,2016-12-14,False,2016-12-15T00:00:00Z,-05:00,-05:00,US/Eastern,OFF,OK,28,Sharks,San Jose,de San Jose,SJS,4,9,Senators,Ottawa,d'Ottawa,OTT,3,5,SO,3,SO,8474889.0,,,Sénateurs,,,,,,,,,,,,,,,,SJS
2016020442,20162017,2,2016-12-14,False,2016-12-15T00:30:00Z,-05:00,-05:00,US/Eastern,OFF,OK,6,Bruins,Boston,de Boston,BOS,3,5,Penguins,Pittsburgh,de Pittsburgh,PIT,4,4,OT,3,OT,8476899.0,8475810.0,,,,,,,,,,,,,,,,,,PIT
2016020443,20162017,2,2016-12-14,False,2016-12-15T02:30:00Z,-05:00,-07:00,America/Edmonton,OFF,OK,14,Lightning,Tampa Bay,de Tampa Bay,TBL,6,20,Flames,Calgary,de Calgary,CGY,3,3,REG,3,REG,8471750.0,8477205.0,,,,,,,,,,,,,,,,,,TBL
2016020444,20162017,2,2016-12-14,False,2016-12-15T03:00:00Z,-05:00,-07:00,America/Denver,OFF,OK,4,Flyers,Philadelphia,de Philadelphie,PHI,4,21,Avalanche,Colorado,du Colorado,COL,3,3,REG,3,REG,8473461.0,8475170.0,,,,,,,,,,,,,,,,,,PHI
2016020445,20162017,2,2016-12-15,False,2016-12-16T00:00:00Z,-05:00,-05:00,US/Eastern,OFF,OK,24,Ducks,Anaheim,d'Anaheim,ANA,4,6,Bruins,Boston,de Boston,BOS,3,3,REG,3,REG,8473541.0,8476483.0,,,,,,,,,,,,,,,,,,ANA
2016020446,20162017,2,2016-12-15,False,2016-12-16T00:00:00Z,-05:00,-05:00,America/New_York,OFF,OK,16,Blackhawks,Chicago,de Chicago,CHI,5,2,Islanders,New York,de New York,NYI,4,3,REG,3,REG,8474152.0,8475209.0,,,,,,,,,,,,,,,,,,CHI
2016020448,20162017,2,2016-12-15,False,2016-12-16T00:30:00Z,-05:00,-05:00,America/Detroit,OFF,OK,26,Kings,Los Angeles,de Los Angeles,LAK,4,17,Red Wings,Detroit,de Detroit,DET,1,3,REG,3,REG,8473553.0,8475343.0,,,,,,,,,,,,,,,,,,LAK
2016020447,20162017,2,2016-12-15,False,2016-12-16T00:30:00Z,-05:00,-05:00,America/Toronto,OFF,OK,53,Coyotes,Arizona,de l'Arizona,ARI,3,10,Maple Leafs,Toronto,de Toronto,TOR,2,5,SO,3,SO,8469608.0,,,,,,,,,,,,,,,,,,,ARI
2016020451,20162017,2,2016-12-15,False,2016-12-16T01:00:00Z,-05:00,-06:00,America/Winnipeg,OFF,OK,13,Panthers,Florida,de la Floride,FLA,3,52,Jets,Winnipeg,de Winnipeg,WPG,4,5,SO,3,SO,8476945.0,,,,,,,,,,,,,,,,,,,WPG
2016020449,20162017,2,2016-12-15,False,2016-12-16T01:00:00Z,-05:00,-06:00,US/Central,OFF,OK,1,Devils,New Jersey,du New Jersey,NJD,2,19,Blues,St. Louis,de St. Louis,STL,5,3,REG,3,REG,8474596.0,8474565.0,,,,,,,,,,,,,,,,,,STL
2016020450,20162017,2,2016-12-15,False,2016-12-16T01:00:00Z,-05:00,-06:00,US/Central,OFF,OK,30,Wild,Minnesota,du Minnesota,MIN,5,18,Predators,Nashville,de Nashville,NSH,2,3,REG,3,REG,8471227.0,8470595.0,,,,,,,,,,,,,,,,,,MIN
2016020452,20162017,2,2016-12-15,False,2016-12-16T01:30:00Z,-05:00,-06:00,US/Central,OFF,OK,3,Rangers,New York,de New York,NYR,2,25,Stars,Dallas,de Dallas,DAL,0,3,REG,3,REG,8468685.0,8470041.0,,,,,,,,,,,,,,,,,,NYR
2016020453,20162017,2,2016-12-16,False,2016-12-17T00:00:00Z,-05:00,-05:00,America/New_York,OFF,OK,2,Islanders,New York,de New York,NYI,2,7,Sabres,Buffalo,de Buffalo,BUF,3,4,OT,3,OT,8475215.0,8477499.0,,,,,,,,,,,,,,,,,,BUF
2016020454,20162017,2,2016-12-16,False,2016-12-17T00:00:00Z,-05:00,-05:00,US/Eastern,OFF,OK,26,Kings,Los Angeles,de Los Angeles,LAK,1,5,Penguins,Pittsburgh,de Pittsburgh,PIT,0,4,OT,3,OT,8469514.0,8475726.0,,,,,,,,,,,,,,,,,,LAK
2016020456,20162017,2,2016-12-16,False,2016-12-17T00:30:00Z,-05:00,-05:00,US/Eastern,OFF,OK,15,Capitals,Washington,de Washington,WSH,4,12,Hurricanes,Carolina,de la Caroline,CAR,3,5,SO,3,SO,8475831.0,,,,,,,,,,,,,,,,,,,WSH
2016020455,20162017,2,2016-12-16,False,2016-12-17T00:30:00Z,-05:00,-05:00,America/Montreal,OFF,OK,28,Sharks,San Jose,de San Jose,SJS,4,8,Canadiens,Montréal,de Montréal,MTL,2,3,REG,3,REG,8474889.0,8478414.0,,,,,,,,,,,,,,,,,,SJS
2016020458,20162017,2,2016-12-16,False,2016-12-17T02:00:00Z,-05:00,-07:00,America/Edmonton,OFF,OK,29,Blue Jackets,Columbus,de Columbus,CBJ,4,20,Flames,Calgary,de Calgary,CGY,1,3,REG,3,REG,8475683.0,8476438.0,,,,,,,,,,,,,,,,,,CBJ
2016020457,20162017,2,2016-12-16,False,2016-12-17T02:00:00Z,-05:00,-07:00,America/Denver,OFF,OK,13,Panthers,Florida,de la Floride,FLA,3,21,Avalanche,Colorado,du Colorado,COL,1,3,REG,3,REG,8473503.0,8475191.0,,,,,,,,,,,,,,,,,,FLA
2016020459,20162017,2,2016-12-16,False,2016-12-17T03:00:00Z,-05:00,-08:00,America/Vancouver,OFF,OK,14,Lightning,Tampa Bay,de Tampa Bay,TBL,2,23,Canucks,Vancouver,de Vancouver,VAN,4,3,REG,3,REG,8468011.0,8477500.0,,,,,,,,,,,,,,,,,,VAN
2016020460,20162017,2,2016-12-17,False,2016-12-17T19:00:00Z,-05:00,-06:00,US/Central,OFF,OK,4,Flyers,Philadelphia,de Philadelphie,PHI,1,25,Stars,Dallas,de Dallas,DAL,3,3,REG,3,REG,8474550.0,8471490.0,,,,,,,,,,,,,,,,,,DAL
2016020461,20162017,2,2016-12-17,False,2016-12-17T19:00:00Z,-05:00,-06:00,US/Central,OFF,OK,53,Coyotes,Arizona,de l'Arizona,ARI,1,30,Wild,Minnesota,du Minnesota,MIN,4,3,REG,3,REG,8475311.0,8476344.0,,,,,,,,,,,,,,,,,,MIN
2016020462,20162017,2,2016-12-17,False,2016-12-18T00:00:00Z,-05:00,-05:00,America/Toronto,OFF,OK,5,Penguins,Pittsburgh,de Pittsburgh,PIT,1,10,Maple Leafs,Toronto,de Toronto,TOR,2,4,OT,3,OT,8475883.0,8474581.0,,,,,,,,,,,,,,,,,,TOR
2016020464,20162017,2,2016-12-17,False,2016-12-18T00:00:00Z,-05:00,-05:00,America/Detroit,OFF,OK,24,Ducks,Anaheim,d'Anaheim,ANA,4,17,Red Wings,Detroit,de Detroit,DET,6,3,REG,3,REG,8475852.0,8475193.0,,,,,,,,,,,,,,,,,,DET
2016020466,20162017,2,2016-12-17,False,2016-12-18T00:00:00Z,-05:00,-05:00,US/Eastern,OFF,OK,7,Sabres,Buffalo,de Buffalo,BUF,1,12,Hurricanes,Carolina,de la Caroline,CAR,2,5,SO,3,SO,8470320.0,,,,,,,,,,,,,,,,,,,CAR
2016020463,20162017,2,2016-12-17,False,2016-12-18T00:00:00Z,-05:00,-05:00,US/Eastern,OFF,OK,1,Devils,New Jersey,du New Jersey,NJD,1,9,Senators,Ottawa,d'Ottawa,OTT,3,3,REG,3,REG,8477237.0,8473544.0,,Sénateurs,,,,,,,,,,,,,,,,OTT
2016020465,20162017,2,2016-12-17,False,2016-12-18T00:00:00Z,-05:00,-05:00,US/Eastern,OFF,OK,8,Canadiens,Montréal,de Montréal,MTL,2,15,Capitals,Washington,de Washington,WSH,1,3,REG,3,REG,8471679.0,8473507.0,,,,,,,,,,,,,,,,,,MTL
2016020467,20162017,2,2016-12-17,False,2016-12-18T01:00:00Z,-05:00,-06:00,US/Central,OFF,OK,16,Blackhawks,Chicago,de Chicago,CHI,6,19,Blues,St. Louis,de St. Louis,STL,4,3,REG,3,REG,8474152.0,8476994.0,,,,,,,,,,,,,,,,,,CHI
2016020468,20162017,2,2016-12-17,False,2016-12-18T01:00:00Z,-05:00,-06:00,US/Central,OFF,OK,3,Rangers,New York,de New York,NYR,2,18,Predators,Nashville,de Nashville,NSH,1,5,SO,3,SO,8468685.0,,,,,,,,,,,,,,,,,,,NYR
2016020469,20162017,2,2016-12-17,False,2016-12-18T03:00:00Z,-05:00,-07:00,America/Edmonton,OFF,OK,14,Lightning,Tampa Bay,de Tampa Bay,TBL,2,22,Oilers,Edmonton,d'Edmonton,EDM,3,5,SO,3,SO,8475660.0,,,,,,,,,,,,,,,,,,,EDM
2016020470,20162017,2,2016-12-18,False,2016-12-18T18:00:00Z,-05:00,-05:00,US/Eastern,OFF,OK,26,Kings,Los Angeles,de Los Angeles,LAK,0,6,Bruins,Boston,de Boston,BOS,1,3,REG,3,REG,8471695.0,8474625.0,,,,,,,,,,,,,,,,,,BOS
2016020471,20162017,2,2016-12-18,False,2016-12-18T20:00:00Z,-05:00,-06:00,America/Winnipeg,OFF,OK,21,Avalanche,Colorado,du Colorado,COL,1,52,Jets,Winnipeg,de Winnipeg,WPG,4,3,REG,3,REG,8476945.0,8471218.0,,,,,,,,,,,,,,,,,,WPG
2016020472,20162017,2,2016-12-18,False,2016-12-18T21:00:00Z,-05:00,-08:00,America/Vancouver,OFF,OK,29,Blue Jackets,Columbus,de Columbus,CBJ,4,23,Canucks,Vancouver,de Vancouver,VAN,3,4,OT,3,OT,8475683.0,8477495.0,,,,,,,,,,,,,,,,,,CBJ
2016020473,20162017,2,2016-12-18,False,2016-12-19T00:00:00Z,-05:00,-05:00,America/New_York,OFF,OK,9,Senators,Ottawa,d'Ottawa,OTT,6,2,Islanders,New York,de New York,NYI,2,3,REG,3,REG,8477237.0,8475913.0,Sénateurs,,,,,,,,,,,,,,,,,OTT
2016020474,20162017,2,2016-12-18,False,2016-12-19T00:00:00Z,-05:00,-06:00,America/Chicago,OFF,OK,28,Sharks,San Jose,de San Jose,SJS,1,16,Blackhawks,Chicago,de Chicago,CHI,4,3,REG,3,REG,8474152.0,8477451.0,,,,,,,,,,,,,,,,,,CHI
2016020475,20162017,2,2016-12-18,False,2016-12-19T00:30:00Z,-05:00,-05:00,America/New_York,OFF,OK,1,Devils,New Jersey,du New Jersey,NJD,2,3,Rangers,New York,de New York,NYR,3,5,SO,3,SO,8468685.0,,,,,,,,,,,,,,,,,,,NYR
2016020476,20162017,2,2016-12-19,False,2016-12-20T00:00:00Z,-05:00,-05:00,US/Eastern,OFF,OK,18,Predators,Nashville,de Nashville,NSH,2,4,Flyers,Philadelphia,de Philadelphie,PHI,1,5,SO,3,SO,8471469.0,,,,,,,,,,,,,,,,,,,NSH
2016020478,20162017,2,2016-12-19,False,2016-12-20T00:30:00Z,-05:00,-05:00,America/Toronto,OFF,OK,24,Ducks,Anaheim,d'Anaheim,ANA,3,10,Maple Leafs,Toronto,de Toronto,TOR,2,3,REG,3,REG,8476434.0,8475764.0,,,,,,,,,,,,,,,,,,ANA
2016020479,20162017,2,2016-12-19,False,2016-12-20T01:00:00Z,-05:00,-06:00,US/Central,OFF,OK,22,Oilers,Edmonton,d'Edmonton,EDM,3,19,Blues,St. Louis,de St. Louis,STL,2,4,OT,3,OT,8475660.0,8476454.0,,,,,,,,,,,,,,,,,,EDM
2016020480,20162017,2,2016-12-19,False,2016-12-20T02:00:00Z,-05:00,-07:00,America/Phoenix,OFF,OK,20,Flames,Calgary,de Calgary,CGY,4,53,Coyotes,Arizona,de l'Arizona,ARI,2,3,REG,3,REG,8470880.0,8471346.0,,,,,,,,,,,,,,,,,,CGY
2016020484,20162017,2,2016-12-20,False,2016-12-21T00:00:00Z,-05:00,-05:00,US/Eastern,OFF,OK,26,Kings,Los Angeles,de Los Angeles,LAK,2,29,Blue Jackets,Columbus,de Columbus,CBJ,3,5,SO,3,SO,8470147.0,,,,,,,,,,,,,,,,,,,CBJ
2016020483,20162017,2,2016-12-20,False,2016-12-21T00:00:00Z,-05:00,-05:00,US/Eastern,OFF,OK,3,Rangers,New York,de New York,NYR,2,5,Penguins,Pittsburgh,de Pittsburgh,PIT,7,3,REG,3,REG,8476899.0,8473548.0,,,,,,,,,,,,,,,,,,PIT
2016020482,20162017,2,2016-12-20,False,2016-12-21T00:00:00Z,-05:00,-05:00,US/Eastern,OFF,OK,18,Predators,Nashville,de Nashville,NSH,5,1,Devils,New Jersey,du New Jersey,NJD,1,3,REG,3,REG,8477424.0,8471707.0,,,,,,,,,,,,,,,,,,NSH
2016020481,20162017,2,2016-12-20,False,2016-12-21T00:00:00Z,-05:00,-05:00,US/Eastern,OFF,OK,2,Islanders,New York,de New York,NYI,4,6,Bruins,Boston,de Boston,BOS,2,3,REG,3,REG,8471306.0,8473579.0,,,,,,,,,,,,,,,,,,NYI
2016020486,20162017,2,2016-12-20,False,2016-12-21T00:30:00Z,-05:00,-05:00,US/Eastern,OFF,OK,17,Red Wings,Detroit,de Detroit,DET,1,14,Lightning,Tampa Bay,de Tampa Bay,TBL,4,3,REG,3,REG,8476883.0,8477494.0,,,,,,,,,,,,,,,,,,TBL
2016020487,20162017,2,2016-12-20,False,2016-12-21T00:30:00Z,-05:00,-05:00,US/Eastern,OFF,OK,7,Sabres,Buffalo,de Buffalo,BUF,3,13,Panthers,Florida,de la Floride,FLA,4,5,SO,3,SO,8466141.0,,,,,,,,,,,,,,,,,,,FLA
2016020485,20162017,2,2016-12-20,False,2016-12-21T00:30:00Z,-05:00,-05:00,America/Montreal,OFF,OK,24,Ducks,Anaheim,d'Anaheim,ANA,1,8,Canadiens,Montréal,de Montréal,MTL,5,3,REG,3,REG,8471679.0,8469521.0,,,,,,,,,,,,,,,,,,MTL
2016020488,20162017,2,2016-12-20,False,2016-12-21T01:00:00Z,-05:00,-06:00,US/Central,OFF,OK,21,Avalanche,Colorado,du Colorado,COL,0,30,Wild,Minnesota,du Minnesota,MIN,2,3,REG,3,REG,8471227.0,8475745.0,,,,,,,,,,,,,,,,,,MIN
2016020490,20162017,2,2016-12-20,False,2016-12-21T01:30:00Z,-05:00,-06:00,US/Central,OFF,OK,19,Blues,St. Louis,de St. Louis,STL,3,25,Stars,Dallas,de Dallas,DAL,2,4,OT,3,OT,8474596.0,8474102.0,,,,,,,,,,,,,,,,,,STL
2016020489,20162017,2,2016-12-20,False,2016-12-21T01:30:00Z,-05:00,-06:00,America/Chicago,OFF,OK,9,Senators,Ottawa,d'Ottawa,OTT,4,16,Blackhawks,Chicago,de Chicago,CHI,3,3,REG,3,REG,8477237.0,8470602.0,Sénateurs,,,,,,,,,,,,,,,,,OTT
2016020491,20162017,2,2016-12-20,False,2016-12-21T03:00:00Z,-05:00,-08:00,America/Vancouver,OFF,OK,52,Jets,Winnipeg,de Winnipeg,WPG,1,23,Canucks,Vancouver,de Vancouver,VAN,4,3,REG,3,REG,8474593.0,8471498.0,,,,,,,,,,,,,,,Markström,,,VAN
2016020492,20162017,2,2016-12-20,False,2016-12-21T03:30:00Z,-05:00,-08:00,US/Pacific,OFF,OK,20,Flames,Calgary,de Calgary,CGY,1,28,Sharks,San Jose,de San Jose,SJS,4,3,REG,3,REG,8474889.0,8468542.0,,,,,,,,,,,,,,,,,,SJS
2016020493,20162017,2,2016-12-21,False,2016-12-22T01:00:00Z,-05:00,-05:00,US/Eastern,OFF,OK,15,Capitals,Washington,de Washington,WSH,2,4,Flyers,Philadelphia,de Philadelphie,PHI,3,5,SO,3,SO,8473461.0,,,,,,,,,,,,,,,,,,,PHI
2016020494,20162017,2,2016-12-21,False,2016-12-22T02:30:00Z,-05:00,-07:00,America/Phoenix,OFF,OK,22,Oilers,Edmonton,d'Edmonton,EDM,3,53,Coyotes,Arizona,de l'Arizona,ARI,2,3,REG,3,REG,8475660.0,8468611.0,,,,,,,,,,,,,,,,,,EDM
2016020495,20162017,2,2016-12-22,False,2016-12-23T00:00:00Z,-05:00,-05:00,America/New_York,OFF,OK,12,Hurricanes,Carolina,de la Caroline,CAR,3,7,Sabres,Buffalo,de Buffalo,BUF,1,3,REG,3,REG,8470320.0,8475753.0,,,,,,,,,,,,,,,,,,CAR
2016020496,20162017,2,2016-12-22,False,2016-12-23T00:00:00Z,-05:00,-05:00,US/Eastern,OFF,OK,4,Flyers,Philadelphia,de Philadelphie,PHI,0,1,Devils,New Jersey,du New Jersey,NJD,4,3,REG,3,REG,8471239.0,8469707.0,,,,,,,,,,,,,,,,,,NJD
2016020497,20162017,2,2016-12-22,False,2016-12-23T00:00:00Z,-05:00,-05:00,US/Eastern,OFF,OK,5,Penguins,Pittsburgh,de Pittsburgh,PIT,1,29,Blue Jackets,Columbus,de Columbus,CBJ,7,3,REG,3,REG,8475683.0,8476448.0,,,,,,,,,,,,,,,,,,CBJ
2016020501,20162017,2,2016-12-22,False,2016-12-23T00:30:00Z,-05:00,-05:00,US/Eastern,OFF,OK,6,Bruins,Boston,de Boston,BOS,3,13,Panthers,Florida,de la Floride,FLA,1,3,REG,3,REG,8471695.0,8470638.0,,,,,,,,,,,,,,,,,,BOS
2016020500,20162017,2,2016-12-22,False,2016-12-23T00:30:00Z,-05:00,-05:00,US/Eastern,OFF,OK,19,Blues,St. Louis,de St. Louis,STL,2,14,Lightning,Tampa Bay,de Tampa Bay,TBL,5,3,REG,3,REG,8476883.0,8473986.0,,,,,,,,,,,,,,,,,,TBL
2016020498,20162017,2,2016-12-22,False,2016-12-23T00:30:00Z,-05:00,-05:00,America/Montreal,OFF,OK,30,Wild,Minnesota,du Minnesota,MIN,4,8,Canadiens,Montréal,de Montréal,MTL,2,3,REG,3,REG,8471227.0,8470595.0,,,,,,,,,,,,,,,,,,MIN
2016020499,20162017,2,2016-12-22,False,2016-12-23T00:30:00Z,-05:00,-05:00,US/Eastern,OFF,OK,24,Ducks,Anaheim,d'Anaheim,ANA,1,9,Senators,Ottawa,d'Ottawa,OTT,2,4,OT,3,OT,8477237.0,8474884.0,,Sénateurs,,,,,,,,,,,,,,,,OTT
2016020502,20162017,2,2016-12-22,False,2016-12-23T01:00:00Z,-05:00,-06:00,US/Central,OFF,OK,26,Kings,Los Angeles,de Los Angeles,LAK,4,18,Predators,Nashville,de Nashville,NSH,0,3,REG,3,REG,8469514.0,8476406.0,,,,,,,,,,,,,,,,,,LAK
2016020503,20162017,2,2016-12-22,False,2016-12-23T02:00:00Z,-05:00,-07:00,America/Denver,OFF,OK,10,Maple Leafs,Toronto,de Toronto,TOR,6,21,Avalanche,Colorado,du Colorado,COL,0,3,REG,3,REG,8475883.0,8479318.0,,,,,,,,,,,,,,,,,,TOR
2016020504,20162017,2,2016-12-22,False,2016-12-23T03:00:00Z,-05:00,-08:00,America/Vancouver,OFF,OK,52,Jets,Winnipeg,de Winnipeg,WPG,4,23,Canucks,Vancouver,de Vancouver,VAN,1,3,REG,3,REG,8474636.0,8477940.0,,,,,,,,,,,,,,,,,,WPG
2016020507,20162017,2,2016-12-23,False,2016-12-24T00:00:00Z,-05:00,-05:00,US/Eastern,OFF,OK,1,Devils,New Jersey,du New Jersey,NJD,1,5,Penguins,Pittsburgh,de Pittsburgh,PIT,4,3,REG,3,REG,8470594.0,8470611.0,,,,,,,,,,,,,,,,,,PIT
2016020506,20162017,2,2016-12-23,False,2016-12-24T00:00:00Z,-05:00,-05:00,America/New_York,OFF,OK,30,Wild,Minnesota,du Minnesota,MIN,7,3,Rangers,New York,de New York,NYR,4,3,REG,3,REG,8475311.0,8475722.0,,,,,,,,,,,,,,,,,,MIN
2016020509,20162017,2,2016-12-23,False,2016-12-24T00:00:00Z,-05:00,-05:00,US/Eastern,OFF,OK,8,Canadiens,Montréal,de Montréal,MTL,1,29,Blue Jackets,Columbus,de Columbus,CBJ,2,3,REG,3,REG,8475683.0,8476438.0,,,,,,,,,,,,,,,,,,CBJ
2016020505,20162017,2,2016-12-23,False,2016-12-24T00:00:00Z,-05:00,-05:00,America/New_York,OFF,OK,7,Sabres,Buffalo,de Buffalo,BUF,1,2,Islanders,New York,de New York,NYI,5,3,REG,3,REG,8471306.0,8476458.0,,,,,,,,,,,,,,,,,,NYI
2016020508,20162017,2,2016-12-23,False,2016-12-24T00:00:00Z,-05:00,-05:00,US/Eastern,OFF,OK,14,Lightning,Tampa Bay,de Tampa Bay,TBL,0,15,Capitals,Washington,de Washington,WSH,4,3,REG,3,REG,8474651.0,8474590.0,,,,,,,,,,,,,,,,,,WSH
2016020511,20162017,2,2016-12-23,False,2016-12-24T00:30:00Z,-05:00,-05:00,US/Eastern,OFF,OK,6,Bruins,Boston,de Boston,BOS,2,12,Hurricanes,Carolina,de la Caroline,CAR,3,4,OT,3,OT,8470320.0,8476882.0,,,,,,,,,,,,,,,,,,CAR
2016020510,20162017,2,2016-12-23,False,2016-12-24T00:30:00Z,-05:00,-05:00,US/Eastern,OFF,OK,17,Red Wings,Detroit,de Detroit,DET,4,13,Panthers,Florida,de la Floride,FLA,3,5,SO,3,SO,8477225.0,,,,,,,,,,,,,,,,,,,DET
2016020513,20162017,2,2016-12-23,False,2016-12-24T01:30:00Z,-05:00,-06:00,US/Central,OFF,OK,26,Kings,Los Angeles,de Los Angeles,LAK,2,25,Stars,Dallas,de Dallas,DAL,3,4,OT,3,OT,8470140.0,8476902.0,,,,,,,,,,,,,,,,,,DAL
2016020512,20162017,2,2016-12-23,False,2016-12-24T01:30:00Z,-05:00,-06:00,America/Chicago,OFF,OK,21,Avalanche,Colorado,du Colorado,COL,2,16,Blackhawks,Chicago,de Chicago,CHI,1,4,OT,3,OT,8475717.0,8477492.0,,,,,,,,,,,,,,,,,,COL
2016020514,20162017,2,2016-12-23,False,2016-12-24T02:00:00Z,-05:00,-07:00,America/Edmonton,OFF,OK,23,Canucks,Vancouver,de Vancouver,VAN,1,20,Flames,Calgary,de Calgary,CGY,4,3,REG,3,REG,8470880.0,8470966.0,,,,,,,,,,,,,,,,,,CGY
2016020515,20162017,2,2016-12-23,False,2016-12-24T02:00:00Z,-05:00,-07:00,America/Phoenix,OFF,OK,10,Maple Leafs,Toronto,de Toronto,TOR,4,53,Coyotes,Arizona,de l'Arizona,ARI,1,3,REG,3,REG,8475883.0,8473463.0,,,,,,,,,,,,,,,,,,TOR
2016020516,20162017,2,2016-12-23,False,2016-12-24T03:30:00Z,-05:00,-08:00,US/Pacific,OFF,OK,22,Oilers,Edmonton,d'Edmonton,EDM,2,28,Sharks,San Jose,de San Jose,SJS,3,4,OT,3,OT,8474889.0,8478099.0,,,,,,,,,,,,,,,,,,SJS
2016020520,20162017,2,2016-12-27,False,2016-12-28T00:00:00Z,-05:00,-05:00,US/Eastern,OFF,OK,6,Bruins,Boston,de Boston,BOS,3,29,Blue Jackets,Columbus,de Columbus,CBJ,4,3,REG,3,REG,8475683.0,8473422.0,,,,,,,,,,,,,,,,,,CBJ
2016020517,20162017,2,2016-12-27,False,2016-12-28T00:00:00Z,-05:00,-05:00,US/Eastern,OFF,OK,5,Penguins,Pittsburgh,de Pittsburgh,PIT,5,1,Devils,New Jersey,du New Jersey,NJD,2,3,REG,3,REG,8470594.0,8474602.0,,,,,,,,,,,,,,,,,,PIT
2016020519,20162017,2,2016-12-27,False,2016-12-28T00:00:00Z,-05:00,-05:00,America/New_York,OFF,OK,9,Senators,Ottawa,d'Ottawa,OTT,3,3,Rangers,New York,de New York,NYR,4,3,REG,3,REG,8477293.0,8474207.0,Sénateurs,,,,,,,,,,,,,,,,,NYR
2016020518,20162017,2,2016-12-27,False,2016-12-28T00:00:00Z,-05:00,-05:00,America/New_York,OFF,OK,15,Capitals,Washington,de Washington,WSH,3,2,Islanders,New York,de New York,NYI,4,3,REG,3,REG,8470860.0,8475314.0,,,,,,,,,,,,,,,,,,NYI
2016020521,20162017,2,2016-12-27,False,2016-12-28T00:30:00Z,-05:00,-05:00,America/Detroit,OFF,OK,7,Sabres,Buffalo,de Buffalo,BUF,4,17,Red Wings,Detroit,de Detroit,DET,3,3,REG,3,REG,8475215.0,8475169.0,,,,,,,,,,,,,,,,,,BUF
2016020522,20162017,2,2016-12-27,False,2016-12-28T01:00:00Z,-05:00,-06:00,US/Central,OFF,OK,30,Wild,Minnesota,du Minnesota,MIN,3,18,Predators,Nashville,de Nashville,NSH,2,4,OT,3,OT,8471227.0,8474716.0,,,,,,,,,,,,,,,,,,MIN
2016020523,20162017,2,2016-12-27,False,2016-12-28T01:30:00Z,-05:00,-06:00,America/Chicago,OFF,OK,52,Jets,Winnipeg,de Winnipeg,WPG,3,16,Blackhawks,Chicago,de Chicago,CHI,1,3,REG,3,REG,8476945.0,8476460.0,,,,,,,,,,,,,,,,,,WPG
2016020525,20162017,2,2016-12-27,False,2016-12-28T02:00:00Z,-05:00,-07:00,America/Phoenix,OFF,OK,25,Stars,Dallas,de Dallas,DAL,3,53,Coyotes,Arizona,de l'Arizona,ARI,2,3,REG,3,REG,8470140.0,8475906.0,,,,,,,,,,,,,,,,,,DAL
2016020524,20162017,2,2016-12-27,False,2016-12-28T02:00:00Z,-05:00,-07:00,America/Denver,OFF,OK,20,Flames,Calgary,de Calgary,CGY,6,21,Avalanche,Colorado,du Colorado,COL,3,3,REG,3,REG,8470880.0,8474150.0,,,,,,,,,,,,,,,,,,CGY
2016020526,20162017,2,2016-12-27,False,2016-12-28T03:00:00Z,-05:00,-08:00,America/Los_Angeles,OFF,OK,28,Sharks,San Jose,de San Jose,SJS,3,24,Ducks,Anaheim,d'Anaheim,ANA,2,4,OT,3,OT,8474889.0,8470613.0,,,,,,,,,,,,,,,,,,SJS
2016020527,20162017,2,2016-12-28,False,2016-12-29T00:00:00Z,-05:00,-05:00,US/Eastern,OFF,OK,10,Maple Leafs,Toronto,de Toronto,TOR,3,13,Panthers,Florida,de la Floride,FLA,2,5,SO,3,SO,8475883.0,,,,,,,,,,,,,,,,,,,TOR
2016020528,20162017,2,2016-12-28,False,2016-12-29T00:00:00Z,-05:00,-05:00,US/Eastern,OFF,OK,12,Hurricanes,Carolina,de la Caroline,CAR,2,5,Penguins,Pittsburgh,de Pittsburgh,PIT,3,3,REG,3,REG,8470594.0,8474176.0,,,,,,,,,,,,,,,,,,PIT
2016020529,20162017,2,2016-12-28,False,2016-12-29T00:30:00Z,-05:00,-05:00,US/Eastern,OFF,OK,8,Canadiens,Montréal,de Montréal,MTL,3,14,Lightning,Tampa Bay,de Tampa Bay,TBL,4,4,OT,3,OT,8476883.0,8474870.0,,,,,,,,,,,,,,,,,,TBL
2016020530,20162017,2,2016-12-28,False,2016-12-29T01:00:00Z,-05:00,-06:00,US/Central,OFF,OK,4,Flyers,Philadelphia,de Philadelphie,PHI,3,19,Blues,St. Louis,de St. Louis,STL,6,3,REG,3,REG,8475622.0,8470105.0,,,,,,,,,,,,,,,,,,STL
2016020531,20162017,2,2016-12-28,False,2016-12-29T03:00:00Z,-05:00,-08:00,America/Vancouver,OFF,OK,26,Kings,Los Angeles,de Los Angeles,LAK,1,23,Canucks,Vancouver,de Vancouver,VAN,2,3,REG,3,REG,8468011.0,8467876.0,,,,,,,,,,,,,,,,,,VAN
2016020533,20162017,2,2016-12-29,False,2016-12-30T00:00:00Z,-05:00,-05:00,US/Eastern,OFF,OK,1,Devils,New Jersey,du New Jersey,NJD,2,15,Capitals,Washington,de Washington,WSH,1,5,SO,3,SO,8476234.0,,,,,,,,,,,,,,,,,,,NJD
2016020532,20162017,2,2016-12-29,False,2016-12-30T00:00:00Z,-05:00,-05:00,America/New_York,OFF,OK,6,Bruins,Boston,de Boston,BOS,4,7,Sabres,Buffalo,de Buffalo,BUF,2,3,REG,3,REG,8471695.0,8475727.0,,,,,,,,,,,,,,,,,,BOS
2016020536,20162017,2,2016-12-29,False,2016-12-30T00:30:00Z,-05:00,-05:00,US/Eastern,OFF,OK,8,Canadiens,Montréal,de Montréal,MTL,3,13,Panthers,Florida,de la Floride,FLA,2,4,OT,3,OT,8471219.0,8476479.0,,,,,,,,,,,,,,,,,,MTL
2016020535,20162017,2,2016-12-29,False,2016-12-30T00:30:00Z,-05:00,-05:00,US/Eastern,OFF,OK,10,Maple Leafs,Toronto,de Toronto,TOR,3,14,Lightning,Tampa Bay,de Tampa Bay,TBL,2,4,OT,3,OT,8477312.0,8475172.0,,,,,,,,,,,,,,,,,,TOR
2016020539,20162017,2,2016-12-29,False,2016-12-30T01:00:00Z,-05:00,-06:00,America/Winnipeg,OFF,OK,29,Blue Jackets,Columbus,de Columbus,CBJ,5,52,Jets,Winnipeg,de Winnipeg,WPG,3,3,REG,3,REG,8475683.0,8477505.0,,,,,,,,,,,,,,,,,,CBJ
2016020538,20162017,2,2016-12-29,False,2016-12-30T01:00:00Z,-05:00,-06:00,US/Central,OFF,OK,2,Islanders,New York,de New York,NYI,4,30,Wild,Minnesota,du Minnesota,MIN,6,3,REG,3,REG,8471227.0,8475287.0,,,,,,,,,,,,,,,,,,MIN
2016020534,20162017,2,2016-12-29,False,2016-12-30T01:00:00Z,-05:00,-05:00,US/Eastern,OFF,OK,17,Red Wings,Detroit,de Detroit,DET,3,9,Senators,Ottawa,d'Ottawa,OTT,2,4,OT,3,OT,8477225.0,8477511.0,,Sénateurs,,,,,,,,,,,,,,,,DET
2016020537,20162017,2,2016-12-29,False,2016-12-30T01:00:00Z,-05:00,-06:00,US/Central,OFF,OK,16,Blackhawks,Chicago,de Chicago,CHI,3,18,Predators,Nashville,de Nashville,NSH,2,3,REG,3,REG,8470645.0,8474141.0,,,,,,,,,,,,,,,,,,CHI
2016020540,20162017,2,2016-12-29,False,2016-12-30T01:30:00Z,-05:00,-06:00,US/Central,OFF,OK,21,Avalanche,Colorado,du Colorado,COL,2,25,Stars,Dallas,de Dallas,DAL,4,3,REG,3,REG,8470140.0,8476467.0,,,,,,,,,,,,,,,,,,DAL
2016020541,20162017,2,2016-12-29,False,2016-12-30T02:00:00Z,-05:00,-07:00,America/Edmonton,OFF,OK,24,Ducks,Anaheim,d'Anaheim,ANA,3,20,Flames,Calgary,de Calgary,CGY,1,3,REG,3,REG,8476434.0,8475164.0,,,,,,,,,,,,,,,,,,ANA
2016020543,20162017,2,2016-12-29,False,2016-12-30T02:00:00Z,-05:00,-07:00,America/Phoenix,OFF,OK,3,Rangers,New York,de New York,NYR,6,53,Coyotes,Arizona,de l'Arizona,ARI,3,3,REG,3,REG,8477293.0,8476477.0,,,,,,,,,,,,,,,,,,NYR
2016020542,20162017,2,2016-12-29,False,2016-12-30T02:00:00Z,-05:00,-07:00,America/Edmonton,OFF,OK,26,Kings,Los Angeles,de Los Angeles,LAK,1,22,Oilers,Edmonton,d'Edmonton,EDM,3,3,REG,3,REG,8475660.0,8473468.0,,,,,,,,,,,,,,,,,,EDM
2016020544,20162017,2,2016-12-30,False,2016-12-31T00:30:00Z,-05:00,-05:00,US/Eastern,OFF,OK,16,Blackhawks,Chicago,de Chicago,CHI,2,12,Hurricanes,Carolina,de la Caroline,CAR,3,3,REG,3,REG,8470320.0,8469508.0,,,,,,,,,,,,,,,,,,CAR
2016020545,20162017,2,2016-12-30,False,2016-12-31T01:00:00Z,-05:00,-06:00,US/Central,OFF,OK,18,Predators,Nashville,de Nashville,NSH,4,19,Blues,St. Louis,de St. Louis,STL,0,3,REG,3,REG,8477424.0,8474134.0,,,,,,,,,,,,,,,,,,NSH
2016020546,20162017,2,2016-12-30,False,2016-12-31T03:00:00Z,-05:00,-08:00,America/Vancouver,OFF,OK,24,Ducks,Anaheim,d'Anaheim,ANA,2,23,Canucks,Vancouver,de Vancouver,VAN,3,4,OT,3,OT,8468011.0,8467876.0,,,,,,,,,,,,,,,,,,VAN
2016020547,20162017,2,2016-12-30,False,2016-12-31T03:00:00Z,-05:00,-08:00,US/Pacific,OFF,OK,4,Flyers,Philadelphia,de Philadelphie,PHI,0,28,Sharks,San Jose,de San Jose,SJS,2,3,REG,3,REG,8477180.0,8466139.0,,,,,,,,,,,,,,,,,,SJS
2016020548,20162017,2,2016-12-31,False,2016-12-31T18:00:00Z,-05:00,-05:00,US/Eastern,OFF,OK,7,Sabres,Buffalo,de Buffalo,BUF,1,6,Bruins,Boston,de Boston,BOS,3,3,REG,3,REG,8471695.0,8470638.0,,,,,,,,,,,,,,,,,,BOS
2016020549,20162017,2,2016-12-31,False,2016-12-31T18:00:00Z,-05:00,-05:00,US/Eastern,OFF,OK,15,Capitals,Washington,de Washington,WSH,6,1,Devils,New Jersey,du New Jersey,NJD,2,3,REG,3,REG,8475831.0,8471698.0,,,,,,,,,,,,,,,,,,WSH
2016020550,20162017,2,2016-12-31,False,2016-12-31T23:00:00Z,-05:00,-06:00,US/Central,OFF,OK,29,Blue Jackets,Columbus,de Columbus,CBJ,4,30,Wild,Minnesota,du Minnesota,MIN,2,3,REG,3,REG,8475683.0,8474715.0,,,,,,,,,,,,,,,,,,CBJ
2016020551,20162017,2,2016-12-31,False,2017-01-01T00:00:00Z,-05:00,-05:00,US/Eastern,OFF,OK,12,Hurricanes,Carolina,de la Caroline,CAR,1,14,Lightning,Tampa Bay,de Tampa Bay,TBL,3,3,REG,3,REG,8476883.0,8477494.0,,,,,,,,,,,,,,,,,,TBL
2016020553,20162017,2,2016-12-31,False,2017-01-01T00:00:00Z,-05:00,-06:00,America/Winnipeg,OFF,OK,2,Islanders,New York,de New York,NYI,6,52,Jets,Winnipeg,de Winnipeg,WPG,2,3,REG,3,REG,8471306.0,8476386.0,,,,,,,,,,,,,,,,,,NYI
2016020552,20162017,2,2016-12-31,False,2017-01-01T00:00:00Z,-05:00,-05:00,US/Eastern,OFF,OK,8,Canadiens,Montréal,de Montréal,MTL,3,5,Penguins,Pittsburgh,de Pittsburgh,PIT,4,4,OT,3,OT,8470594.0,8471215.0,,,,,,,,,,,,,,,,,,PIT
2016020554,20162017,2,2016-12-31,False,2017-01-01T01:00:00Z,-05:00,-06:00,US/Central,OFF,OK,13,Panthers,Florida,de la Floride,FLA,3,25,Stars,Dallas,de Dallas,DAL,1,3,REG,3,REG,8473503.0,8469638.0,,,,,,,,,,,,,,,,,,FLA
2016020555,20162017,2,2016-12-31,False,2017-01-01T01:00:00Z,-05:00,-07:00,America/Denver,OFF,OK,3,Rangers,New York,de New York,NYR,6,21,Avalanche,Colorado,du Colorado,COL,2,3,REG,3,REG,8468685.0,8476468.0,,,,,,,,,,,,,,,,,,NYR
2016020556,20162017,2,2016-12-31,False,2017-01-01T03:00:00Z,-05:00,-07:00,America/Edmonton,OFF,OK,53,Coyotes,Arizona,de l'Arizona,ARI,2,20,Flames,Calgary,de Calgary,CGY,4,3,REG,3,REG,8470880.0,8474642.0,,,,,,,,,,,,,,,,,,CGY
2016020557,20162017,2,2016-12-31,False,2017-01-01T03:00:00Z,-05:00,-07:00,America/Edmonton,OFF,OK,23,Canucks,Vancouver,de Vancouver,VAN,3,22,Oilers,Edmonton,d'Edmonton,EDM,2,5,SO,3,SO,8474593.0,,,,,,,,,,,,,,,,Markström,,,VAN
2016020558,20162017,2,2016-12-31,False,2017-01-01T03:30:00Z,-05:00,-08:00,America/Los_Angeles,OFF,OK,28,Sharks,San Jose,de San Jose,SJS,2,26,Kings,Los Angeles,de Los Angeles,LAK,3,3,REG,3,REG,8469514.0,8470604.0,,,,,,,,,,,,,,,,,,LAK
2016020559,20162017,2,2017-01-01,True,2017-01-01T20:30:00Z,-05:00,-05:00,America/Toronto,OFF,OK,17,Red Wings,Detroit,de Detroit,DET,4,10,Maple Leafs,Toronto,de Toronto,TOR,5,4,OT,3,OT,8475883.0,8479318.0,,,,,,,,,,,,,33.0,NHL Centennial Classic,,,,TOR
2016020560,20162017,2,2017-01-01,False,2017-01-02T00:30:00Z,-05:00,-05:00,US/Eastern,OFF,OK,9,Senators,Ottawa,d'Ottawa,OTT,1,15,Capitals,Washington,de Washington,WSH,2,3,REG,3,REG,8474651.0,8471710.0,Sénateurs,,,,,,,,,,,,,,,,,WSH
2016020561,20162017,2,2017-01-01,False,2017-01-02T01:00:00Z,-05:00,-08:00,America/Los_Angeles,OFF,OK,4,Flyers,Philadelphia,de Philadelphie,PHI,3,24,Ducks,Anaheim,d'Anaheim,ANA,4,5,SO,3,SO,8476434.0,,,,,,,,,,,,,,,,,,,ANA
2016020562,20162017,2,2017-01-02,True,2017-01-02T18:00:00Z,-05:00,-06:00,America/Chicago,OFF,OK,16,Blackhawks,Chicago,de Chicago,CHI,1,19,Blues,St. Louis,de St. Louis,STL,4,3,REG,3,REG,8474596.0,8475765.0,,,,,,,,,,,,,3.0,Bridgestone NHL Winter Classic,,Classique d'hiver NHL,,STL
2016020563,20162017,2,2017-01-02,False,2017-01-03T00:00:00Z,-05:00,-05:00,US/Eastern,OFF,OK,6,Bruins,Boston,de Boston,BOS,0,1,Devils,New Jersey,du New Jersey,NJD,3,3,REG,3,REG,8471239.0,8469707.0,,,,,,,,,,,,,,,,,,NJD
2016020564,20162017,2,2017-01-02,False,2017-01-03T03:00:00Z,-05:00,-08:00,America/Vancouver,OFF,OK,21,Avalanche,Colorado,du Colorado,COL,2,23,Canucks,Vancouver,de Vancouver,VAN,3,3,REG,3,REG,8468011.0,8476466.0,,,,,,,,,,,,,,,,,,VAN
2016020565,20162017,2,2017-01-03,False,2017-01-04T00:00:00Z,-05:00,-05:00,America/New_York,OFF,OK,7,Sabres,Buffalo,de Buffalo,BUF,4,3,Rangers,New York,de New York,NYR,1,3,REG,3,REG,8475195.0,8475169.0,,,,,,,,,,,,,,,,,,BUF
2016020567,20162017,2,2017-01-03,False,2017-01-04T00:00:00Z,-05:00,-05:00,US/Eastern,OFF,OK,1,Devils,New Jersey,du New Jersey,NJD,3,12,Hurricanes,Carolina,de la Caroline,CAR,1,3,REG,3,REG,8471239.0,8469500.0,,,,,,,,,,,,,,,,,,NJD
2016020566,20162017,2,2017-01-03,False,2017-01-04T00:00:00Z,-05:00,-05:00,US/Eastern,OFF,OK,10,Maple Leafs,Toronto,de Toronto,TOR,5,15,Capitals,Washington,de Washington,WSH,6,4,OT,3,OT,8475831.0,8471214.0,,,,,,,,,,,,,,,,,,WSH
2016020568,20162017,2,2017-01-03,False,2017-01-04T00:00:00Z,-05:00,-05:00,US/Eastern,OFF,OK,22,Oilers,Edmonton,d'Edmonton,EDM,1,29,Blue Jackets,Columbus,de Columbus,CBJ,3,3,REG,3,REG,8475683.0,8476448.0,,,,,,,,,,,,,,,,,,CBJ
2016020569,20162017,2,2017-01-03,False,2017-01-04T00:30:00Z,-05:00,-05:00,US/Eastern,OFF,OK,52,Jets,Winnipeg,de Winnipeg,WPG,6,14,Lightning,Tampa Bay,de Tampa Bay,TBL,4,3,REG,3,REG,8476945.0,8477940.0,,,,,,,,,,,,,,,,,,WPG
2016020570,20162017,2,2017-01-03,False,2017-01-04T01:00:00Z,-05:00,-06:00,US/Central,OFF,OK,8,Canadiens,Montréal,de Montréal,MTL,2,18,Predators,Nashville,de Nashville,NSH,1,4,OT,3,OT,8471679.0,8474157.0,,,,,,,,,,,,,,,,,,MTL
2016020571,20162017,2,2017-01-03,False,2017-01-04T03:00:00Z,-05:00,-08:00,US/Pacific,OFF,OK,26,Kings,Los Angeles,de Los Angeles,LAK,2,28,Sharks,San Jose,de San Jose,SJS,1,4,OT,3,OT,8469514.0,8476871.0,,,,,,,,,,,,,,,,,,LAK
2016020572,20162017,2,2017-01-04,False,2017-01-05T00:00:00Z,-05:00,-05:00,US/Eastern,OFF,OK,52,Jets,Winnipeg,de Winnipeg,WPG,4,13,Panthers,Florida,de la Floride,FLA,1,3,REG,3,REG,8476945.0,8479339.0,,,,,,,,,,,,,,,,,,WPG
2016020573,20162017,2,2017-01-04,False,2017-01-05T01:00:00Z,-05:00,-05:00,US/Eastern,OFF,OK,3,Rangers,New York,de New York,NYR,5,4,Flyers,Philadelphia,de Philadelphie,PHI,2,3,REG,3,REG,8468685.0,8473546.0,,,,,,,,,,,,,,,,,,NYR
2016020574,20162017,2,2017-01-04,False,2017-01-05T01:00:00Z,-05:00,-06:00,US/Central,OFF,OK,8,Canadiens,Montréal,de Montréal,MTL,4,25,Stars,Dallas,de Dallas,DAL,3,4,OT,3,OT,8471219.0,8474157.0,,,,,,,,,,,,,,,,,,MTL
2016020576,20162017,2,2017-01-04,False,2017-01-05T03:00:00Z,-05:00,-08:00,America/Vancouver,OFF,OK,53,Coyotes,Arizona,de l'Arizona,ARI,0,23,Canucks,Vancouver,de Vancouver,VAN,3,3,REG,3,REG,8468011.0,8476466.0,,,,,,,,,,,,,,,,,,VAN
2016020575,20162017,2,2017-01-04,False,2017-01-05T03:00:00Z,-05:00,-07:00,America/Edmonton,OFF,OK,21,Avalanche,Colorado,du Colorado,COL,1,20,Flames,Calgary,de Calgary,CGY,4,3,REG,3,REG,8470880.0,8474150.0,,,,,,,,,,,,,,,,,,CGY
2016020577,20162017,2,2017-01-04,False,2017-01-05T03:30:00Z,-05:00,-08:00,America/Los_Angeles,OFF,OK,17,Red Wings,Detroit,de Detroit,DET,0,24,Ducks,Anaheim,d'Anaheim,ANA,2,3,REG,3,REG,8476434.0,8477941.0,,,,,,,,,,,,,,,,,,ANA
2016020578,20162017,2,2017-01-05,False,2017-01-06T00:00:00Z,-05:00,-05:00,US/Eastern,OFF,OK,22,Oilers,Edmonton,d'Edmonton,EDM,4,6,Bruins,Boston,de Boston,BOS,3,3,REG,3,REG,8475660.0,8474034.0,,,,,,,,,,,,,,,,,,EDM
2016020579,20162017,2,2017-01-05,False,2017-01-06T00:00:00Z,-05:00,-05:00,US/Eastern,OFF,OK,29,Blue Jackets,Columbus,de Columbus,CBJ,0,15,Capitals,Washington,de Washington,WSH,5,3,REG,3,REG,8474651.0,8471476.0,,,,,,,,,,,,,,,,,,WSH
2016020580,20162017,2,2017-01-05,False,2017-01-06T00:30:00Z,-05:00,-05:00,US/Eastern,OFF,OK,18,Predators,Nashville,de Nashville,NSH,6,14,Lightning,Tampa Bay,de Tampa Bay,TBL,1,3,REG,3,REG,8471469.0,8476887.0,,,,,,,,,,,,,,,,,,NSH
2016020581,20162017,2,2017-01-05,False,2017-01-06T01:00:00Z,-05:00,-06:00,US/Central,OFF,OK,12,Hurricanes,Carolina,de la Caroline,CAR,4,19,Blues,St. Louis,de St. Louis,STL,2,3,REG,3,REG,8470320.0,8475784.0,,,,,,,,,,,,,,,,,,CAR
2016020582,20162017,2,2017-01-05,False,2017-01-06T01:30:00Z,-05:00,-06:00,America/Chicago,OFF,OK,7,Sabres,Buffalo,de Buffalo,BUF,3,16,Blackhawks,Chicago,de Chicago,CHI,4,4,OT,3,OT,8470645.0,8474141.0,,,,,,,,,,,,,,,,,,CHI
2016020583,20162017,2,2017-01-05,False,2017-01-06T03:30:00Z,-05:00,-08:00,America/Los_Angeles,OFF,OK,17,Red Wings,Detroit,de Detroit,DET,4,26,Kings,Los Angeles,de Los Angeles,LAK,0,3,REG,3,REG,8477225.0,8470598.0,,,,,,,,,,,,,,,,,,DET
2016020584,20162017,2,2017-01-05,False,2017-01-06T03:30:00Z,-05:00,-08:00,US/Pacific,OFF,OK,30,Wild,Minnesota,du Minnesota,MIN,5,28,Sharks,San Jose,de San Jose,SJS,4,3,REG,3,REG,8471227.0,8469459.0,,,,,,,,,,,,,,,,,,MIN
2016020585,20162017,2,2017-01-06,False,2017-01-07T00:30:00Z,-05:00,-05:00,US/Eastern,OFF,OK,18,Predators,Nashville,de Nashville,NSH,1,13,Panthers,Florida,de la Floride,FLA,2,3,REG,3,REG,8473503.0,8476539.0,,,,,,,,,,,,,,,,,,FLA
2016020586,20162017,2,2017-01-06,False,2017-01-07T00:30:00Z,-05:00,-05:00,US/Eastern,OFF,OK,10,Maple Leafs,Toronto,de Toronto,TOR,4,1,Devils,New Jersey,du New Jersey,NJD,2,3,REG,3,REG,8475883.0,8479318.0,,,,,,,,,,,,,,,,,,TOR
2016020587,20162017,2,2017-01-06,False,2017-01-07T01:30:00Z,-05:00,-06:00,America/Chicago,OFF,OK,12,Hurricanes,Carolina,de la Caroline,CAR,1,16,Blackhawks,Chicago,de Chicago,CHI,2,3,REG,3,REG,8474152.0,8478550.0,,,,,,,,,,,,,,,,,,CHI
2016020588,20162017,2,2017-01-06,False,2017-01-07T02:00:00Z,-05:00,-07:00,America/Denver,OFF,OK,2,Islanders,New York,de New York,NYI,1,21,Avalanche,Colorado,du Colorado,COL,2,4,OT,3,OT,8475717.0,8477492.0,,,,,,,,,,,,,,,,,,COL
2016020590,20162017,2,2017-01-06,False,2017-01-07T03:00:00Z,-05:00,-08:00,America/Los_Angeles,OFF,OK,53,Coyotes,Arizona,de l'Arizona,ARI,2,24,Ducks,Anaheim,d'Anaheim,ANA,3,4,OT,3,OT,8476434.0,8478131.0,,,,,,,,,,,,,,,,,,ANA
2016020589,20162017,2,2017-01-06,False,2017-01-07T03:00:00Z,-05:00,-08:00,America/Vancouver,OFF,OK,20,Flames,Calgary,de Calgary,CGY,2,23,Canucks,Vancouver,de Vancouver,VAN,4,3,REG,3,REG,8468011.0,8476440.0,,,,,,,,,,,,,,,,,,VAN
2016020592,20162017,2,2017-01-07,False,2017-01-07T18:00:00Z,-05:00,-05:00,US/Eastern,OFF,OK,14,Lightning,Tampa Bay,de Tampa Bay,TBL,2,4,Flyers,Philadelphia,de Philadelphie,PHI,4,3,REG,3,REG,8473607.0,8477290.0,,,,,,,,,,,,,,,,,,PHI
2016020591,20162017,2,2017-01-07,False,2017-01-07T18:00:00Z,-05:00,-05:00,America/New_York,OFF,OK,52,Jets,Winnipeg,de Winnipeg,WPG,3,7,Sabres,Buffalo,de Buffalo,BUF,4,3,REG,3,REG,8475215.0,8467407.0,,,,,,,,,,,,,,,,,,BUF
2016020593,20162017,2,2017-01-07,False,2017-01-07T21:00:00Z,-05:00,-08:00,America/Los_Angeles,OFF,OK,30,Wild,Minnesota,du Minnesota,MIN,3,26,Kings,Los Angeles,de Los Angeles,LAK,4,4,OT,3,OT,8469514.0,8476871.0,,,,,,,,,,,,,,,,,,LAK
2016020596,20162017,2,2017-01-07,False,2017-01-08T00:00:00Z,-05:00,-05:00,US/Eastern,OFF,OK,6,Bruins,Boston,de Boston,BOS,4,13,Panthers,Florida,de la Floride,FLA,0,3,REG,3,REG,8471695.0,8473419.0,,,,,,,,,,,,,,,,,,BOS
2016020594,20162017,2,2017-01-07,False,2017-01-08T00:00:00Z,-05:00,-05:00,America/Toronto,OFF,OK,8,Canadiens,Montréal,de Montréal,MTL,5,10,Maple Leafs,Toronto,de Toronto,TOR,3,3,REG,3,REG,8471679.0,8471228.0,,,,,,,,,,,,,,,,,,MTL
2016020595,20162017,2,2017-01-07,False,2017-01-08T00:00:00Z,-05:00,-05:00,US/Eastern,OFF,OK,15,Capitals,Washington,de Washington,WSH,1,9,Senators,Ottawa,d'Ottawa,OTT,0,3,REG,3,REG,8474651.0,8471698.0,,Sénateurs,,,,,,,,,,,,,,,,WSH
2016020597,20162017,2,2017-01-07,False,2017-01-08T00:00:00Z,-05:00,-05:00,US/Eastern,OFF,OK,22,Oilers,Edmonton,d'Edmonton,EDM,2,1,Devils,New Jersey,du New Jersey,NJD,1,4,OT,3,OT,8475660.0,8473914.0,,,,,,,,,,,,,,,,,,EDM
2016020598,20162017,2,2017-01-07,False,2017-01-08T00:00:00Z,-05:00,-05:00,US/Eastern,OFF,OK,3,Rangers,New York,de New York,NYR,5,29,Blue Jackets,Columbus,de Columbus,CBJ,4,3,REG,3,REG,8468685.0,8473546.0,,,,,,,,,,,,,,,,,,NYR
2016020600,20162017,2,2017-01-07,False,2017-01-08T01:00:00Z,-05:00,-07:00,America/Phoenix,OFF,OK,2,Islanders,New York,de New York,NYI,1,53,Coyotes,Arizona,de l'Arizona,ARI,2,5,SO,3,SO,8475839.0,,,,,,,,,,,,,,,,,,,ARI
2016020599,20162017,2,2017-01-07,False,2017-01-08T01:00:00Z,-05:00,-06:00,US/Central,OFF,OK,25,Stars,Dallas,de Dallas,DAL,3,19,Blues,St. Louis,de St. Louis,STL,4,3,REG,3,REG,8475622.0,8473534.0,,,,,,,,,,,,,,,,,,STL
2016020601,20162017,2,2017-01-07,False,2017-01-08T03:00:00Z,-05:00,-07:00,America/Edmonton,OFF,OK,23,Canucks,Vancouver,de Vancouver,VAN,1,20,Flames,Calgary,de Calgary,CGY,3,3,REG,3,REG,8473434.0,8470162.0,,,,,,,,,,,,,,,,,,CGY
2016020602,20162017,2,2017-01-07,False,2017-01-08T03:30:00Z,-05:00,-08:00,US/Pacific,OFF,OK,17,Red Wings,Detroit,de Detroit,DET,3,28,Sharks,San Jose,de San Jose,SJS,6,3,REG,3,REG,8474889.0,8470794.0,,,,,,,,,,,,,,,,,,SJS
2016020604,20162017,2,2017-01-08,False,2017-01-08T22:00:00Z,-05:00,-05:00,US/Eastern,OFF,OK,6,Bruins,Boston,de Boston,BOS,3,12,Hurricanes,Carolina,de la Caroline,CAR,4,4,OT,3,OT,8470320.0,8478427.0,,,,,,,,,,,,,,,,,,CAR
2016020603,20162017,2,2017-01-08,False,2017-01-08T22:00:00Z,-05:00,-05:00,US/Eastern,OFF,OK,14,Lightning,Tampa Bay,de Tampa Bay,TBL,2,5,Penguins,Pittsburgh,de Pittsburgh,PIT,6,3,REG,3,REG,8470594.0,8470543.0,,,,,,,,,,,,,,,,,,PIT
2016020605,20162017,2,2017-01-08,False,2017-01-08T23:00:00Z,-05:00,-05:00,US/Eastern,OFF,OK,4,Flyers,Philadelphia,de Philadelphie,PHI,1,29,Blue Jackets,Columbus,de Columbus,CBJ,2,4,OT,3,OT,8475683.0,8473422.0,,,,,,,,,,,,,,,,,,CBJ
2016020606,20162017,2,2017-01-08,False,2017-01-09T00:00:00Z,-05:00,-05:00,US/Eastern,OFF,OK,22,Oilers,Edmonton,d'Edmonton,EDM,3,9,Senators,Ottawa,d'Ottawa,OTT,5,3,REG,3,REG,8477237.0,8471768.0,,Sénateurs,,,,,,,,,,,,,,,,OTT
2016020607,20162017,2,2017-01-08,False,2017-01-09T00:00:00Z,-05:00,-06:00,America/Chicago,OFF,OK,18,Predators,Nashville,de Nashville,NSH,2,16,Blackhawks,Chicago,de Chicago,CHI,5,3,REG,3,REG,8470645.0,8477451.0,,,,,,,,,,,,,,,,,,CHI
2016020608,20162017,2,2017-01-08,False,2017-01-09T01:00:00Z,-05:00,-08:00,America/Los_Angeles,OFF,OK,30,Wild,Minnesota,du Minnesota,MIN,2,24,Ducks,Anaheim,d'Anaheim,ANA,1,3,REG,3,REG,8471227.0,8474716.0,,,,,,,,,,,,,,,,,,MIN
2016020609,20162017,2,2017-01-09,False,2017-01-10T00:00:00Z,-05:00,-05:00,US/Eastern,OFF,OK,13,Panthers,Florida,de la Floride,FLA,3,1,Devils,New Jersey,du New Jersey,NJD,0,3,REG,3,REG,8466141.0,8475191.0,,,,,,,,,,,,,,,,,,FLA
2016020610,20162017,2,2017-01-09,False,2017-01-10T00:30:00Z,-05:00,-05:00,America/Montreal,OFF,OK,15,Capitals,Washington,de Washington,WSH,4,8,Canadiens,Montréal,de Montréal,MTL,1,3,REG,3,REG,8474651.0,8475744.0,,,,,,,,,,,,,,,,,,WSH
2016020611,20162017,2,2017-01-09,False,2017-01-10T01:00:00Z,-05:00,-06:00,America/Winnipeg,OFF,OK,20,Flames,Calgary,de Calgary,CGY,0,52,Jets,Winnipeg,de Winnipeg,WPG,2,3,REG,3,REG,8476945.0,8470834.0,,,,,,,,,,,,,,,,,,WPG
2016020612,20162017,2,2017-01-09,False,2017-01-10T03:30:00Z,-05:00,-08:00,America/Los_Angeles,OFF,OK,25,Stars,Dallas,de Dallas,DAL,6,26,Kings,Los Angeles,de Los Angeles,LAK,4,3,REG,3,REG,8474550.0,8470201.0,,,,,,,,,,,,,,,,,,DAL
2016020614,20162017,2,2017-01-10,False,2017-01-11T00:00:00Z,-05:00,-05:00,US/Eastern,OFF,OK,29,Blue Jackets,Columbus,de Columbus,CBJ,3,12,Hurricanes,Carolina,de la Caroline,CAR,5,3,REG,3,REG,8470320.0,8473533.0,,,,,,,,,,,,,,,,,,CAR
2016020613,20162017,2,2017-01-10,False,2017-01-11T00:00:00Z,-05:00,-05:00,America/New_York,OFF,OK,4,Flyers,Philadelphia,de Philadelphie,PHI,1,7,Sabres,Buffalo,de Buffalo,BUF,4,3,REG,3,REG,8475195.0,8477478.0,,,,,,,,,,,,,,,,,,BUF
2016020616,20162017,2,2017-01-10,False,2017-01-11T01:00:00Z,-05:00,-06:00,US/Central,OFF,OK,23,Canucks,Vancouver,de Vancouver,VAN,1,18,Predators,Nashville,de Nashville,NSH,2,4,OT,3,OT,8471469.0,8475714.0,,,,,,,,,,,,,,,,,,NSH
2016020615,20162017,2,2017-01-10,False,2017-01-11T01:00:00Z,-05:00,-06:00,US/Central,OFF,OK,6,Bruins,Boston,de Boston,BOS,5,19,Blues,St. Louis,de St. Louis,STL,3,3,REG,3,REG,8471695.0,8476792.0,,,,,,,,,,,,,,,,,,BOS
2016020617,20162017,2,2017-01-10,False,2017-01-11T01:30:00Z,-05:00,-06:00,America/Chicago,OFF,OK,17,Red Wings,Detroit,de Detroit,DET,3,16,Blackhawks,Chicago,de Chicago,CHI,4,4,OT,3,OT,8470645.0,8470281.0,,,,,,,,,,,,,,,,,,CHI
2016020618,20162017,2,2017-01-10,False,2017-01-11T02:00:00Z,-05:00,-07:00,America/Edmonton,OFF,OK,28,Sharks,San Jose,de San Jose,SJS,5,22,Oilers,Edmonton,d'Edmonton,EDM,3,3,REG,3,REG,8474889.0,8474571.0,,,,,,,,,,,,,,,,,,SJS
2016020619,20162017,2,2017-01-10,False,2017-01-11T03:00:00Z,-05:00,-08:00,America/Los_Angeles,OFF,OK,25,Stars,Dallas,de Dallas,DAL,0,24,Ducks,Anaheim,d'Anaheim,ANA,2,3,REG,3,REG,8476434.0,8475164.0,,,,,,,,,,,,,,,,,,ANA
2016020620,20162017,2,2017-01-11,False,2017-01-12T00:00:00Z,-05:00,-05:00,America/New_York,OFF,OK,13,Panthers,Florida,de la Floride,FLA,2,2,Islanders,New York,de New York,NYI,1,3,REG,3,REG,8466141.0,8474218.0,,,,,,,,,,,,,,,,,,FLA
2016020621,20162017,2,2017-01-11,False,2017-01-12T00:30:00Z,-05:00,-06:00,America/Winnipeg,OFF,OK,8,Canadiens,Montréal,de Montréal,MTL,7,52,Jets,Winnipeg,de Winnipeg,WPG,4,3,REG,3,REG,8471219.0,8476479.0,,,,,,,,,,,,,,,,,,MTL
2016020622,20162017,2,2017-01-11,False,2017-01-12T01:00:00Z,-05:00,-05:00,US/Eastern,OFF,OK,5,Penguins,Pittsburgh,de Pittsburgh,PIT,2,15,Capitals,Washington,de Washington,WSH,5,3,REG,3,REG,8474651.0,8468508.0,,,,,,,,,,,,,,,,,,WSH
2016020623,20162017,2,2017-01-11,False,2017-01-12T02:30:00Z,-05:00,-07:00,America/Edmonton,OFF,OK,28,Sharks,San Jose,de San Jose,SJS,2,20,Flames,Calgary,de Calgary,CGY,3,3,REG,3,REG,8473434.0,8476462.0,,,,,,,,,,,,,,,,,,CGY
2016020624,20162017,2,2017-01-12,False,2017-01-13T00:00:00Z,-05:00,-05:00,US/Eastern,OFF,OK,23,Canucks,Vancouver,de Vancouver,VAN,4,4,Flyers,Philadelphia,de Philadelphie,PHI,5,5,SO,3,SO,8473607.0,,,,,,,,,,,,,,,,,,,PHI
2016020626,20162017,2,2017-01-12,False,2017-01-13T00:30:00Z,-05:00,-05:00,US/Eastern,OFF,OK,7,Sabres,Buffalo,de Buffalo,BUF,2,14,Lightning,Tampa Bay,de Tampa Bay,TBL,4,3,REG,3,REG,8471750.0,8476453.0,,,,,,,,,,,,,,,,,,TBL
2016020625,20162017,2,2017-01-12,False,2017-01-13T00:30:00Z,-05:00,-05:00,US/Eastern,OFF,OK,5,Penguins,Pittsburgh,de Pittsburgh,PIT,1,9,Senators,Ottawa,d'Ottawa,OTT,4,3,REG,3,REG,8477237.0,8474884.0,,Sénateurs,,,,,,,,,,,,,,,,OTT
2016020628,20162017,2,2017-01-12,False,2017-01-13T01:00:00Z,-05:00,-06:00,US/Central,OFF,OK,8,Canadiens,Montréal,de Montréal,MTL,1,30,Wild,Minnesota,du Minnesota,MIN,7,3,REG,3,REG,8471227.0,8470595.0,,,,,,,,,,,,,,,,,,MIN
2016020627,20162017,2,2017-01-12,False,2017-01-13T01:00:00Z,-05:00,-06:00,US/Central,OFF,OK,6,Bruins,Boston,de Boston,BOS,1,18,Predators,Nashville,de Nashville,NSH,2,3,REG,3,REG,8477424.0,8476887.0,,,,,,,,,,,,,,,,,,NSH
2016020629,20162017,2,2017-01-12,False,2017-01-13T01:30:00Z,-05:00,-06:00,US/Central,OFF,OK,17,Red Wings,Detroit,de Detroit,DET,2,25,Stars,Dallas,de Dallas,DAL,5,3,REG,3,REG,8474550.0,8475906.0,,,,,,,,,,,,,,,,,,DAL
2016020631,20162017,2,2017-01-12,False,2017-01-13T02:00:00Z,-05:00,-07:00,America/Edmonton,OFF,OK,1,Devils,New Jersey,du New Jersey,NJD,2,22,Oilers,Edmonton,d'Edmonton,EDM,3,4,OT,3,OT,8475660.0,8477934.0,,,,,,,,,,,,,,,,,,EDM
2016020630,20162017,2,2017-01-12,False,2017-01-13T02:00:00Z,-05:00,-07:00,America/Denver,OFF,OK,24,Ducks,Anaheim,d'Anaheim,ANA,4,21,Avalanche,Colorado,du Colorado,COL,1,3,REG,3,REG,8476434.0,8476483.0,,,,,,,,,,,,,,,,,,ANA
2016020632,20162017,2,2017-01-12,False,2017-01-13T03:30:00Z,-05:00,-08:00,America/Los_Angeles,OFF,OK,19,Blues,St. Louis,de St. Louis,STL,1,26,Kings,Los Angeles,de Los Angeles,LAK,5,3,REG,3,REG,8469514.0,8473453.0,,,,,,,,,,,,,,,,,,LAK
2016020633,20162017,2,2017-01-13,False,2017-01-14T00:00:00Z,-05:00,-05:00,America/New_York,OFF,OK,10,Maple Leafs,Toronto,de Toronto,TOR,4,3,Rangers,New York,de New York,NYR,2,3,REG,3,REG,8475883.0,8477015.0,,,,,,,,,,,,,,,,,,TOR
2016020634,20162017,2,2017-01-13,False,2017-01-14T00:00:00Z,-05:00,-05:00,US/Eastern,OFF,OK,16,Blackhawks,Chicago,de Chicago,CHI,0,15,Capitals,Washington,de Washington,WSH,6,3,REG,3,REG,8474651.0,8474291.0,,,,,,,,,,,,,,,,,,WSH
2016020636,20162017,2,2017-01-13,False,2017-01-14T00:30:00Z,-05:00,-05:00,US/Eastern,OFF,OK,2,Islanders,New York,de New York,NYI,5,13,Panthers,Florida,de la Floride,FLA,2,3,REG,3,REG,8471306.0,8475181.0,,,,,,,,,,,,,,,,,,NYI
2016020637,20162017,2,2017-01-13,False,2017-01-14T00:30:00Z,-05:00,-05:00,US/Eastern,OFF,OK,7,Sabres,Buffalo,de Buffalo,BUF,2,12,Hurricanes,Carolina,de la Caroline,CAR,5,3,REG,3,REG,8470320.0,8476934.0,,,,,,,,,,,,,,,,,,CAR
2016020635,20162017,2,2017-01-13,False,2017-01-14T01:00:00Z,-05:00,-05:00,US/Eastern,OFF,OK,29,Blue Jackets,Columbus,de Columbus,CBJ,3,14,Lightning,Tampa Bay,de Tampa Bay,TBL,1,3,REG,3,REG,8476914.0,8473422.0,,,,,,,,,,,,,,,,,,CBJ
2016020638,20162017,2,2017-01-13,False,2017-01-14T02:00:00Z,-05:00,-07:00,America/Edmonton,OFF,OK,1,Devils,New Jersey,du New Jersey,NJD,2,20,Flames,Calgary,de Calgary,CGY,1,3,REG,3,REG,8476234.0,8475791.0,,,,,,,,,,,,,,,,,,NJD
2016020639,20162017,2,2017-01-13,False,2017-01-14T02:00:00Z,-05:00,-07:00,America/Phoenix,OFF,OK,52,Jets,Winnipeg,de Winnipeg,WPG,3,53,Coyotes,Arizona,de l'Arizona,ARI,4,3,REG,3,REG,8469608.0,8477943.0,,,,,,,,,,,,,,,,,,ARI
2016020640,20162017,2,2017-01-14,False,2017-01-14T18:00:00Z,-05:00,-05:00,US/Eastern,OFF,OK,4,Flyers,Philadelphia,de Philadelphie,PHI,3,6,Bruins,Boston,de Boston,BOS,6,3,REG,3,REG,8471695.0,8470638.0,,,,,,,,,,,,,,,,,,BOS
2016020641,20162017,2,2017-01-14,False,2017-01-14T20:00:00Z,-05:00,-07:00,America/Denver,OFF,OK,18,Predators,Nashville,de Nashville,NSH,3,21,Avalanche,Colorado,du Colorado,COL,2,3,REG,3,REG,8471469.0,8476887.0,,,,,,,,,,,,,,,,,,NSH
2016020644,20162017,2,2017-01-14,False,2017-01-15T00:00:00Z,-05:00,-05:00,America/Detroit,OFF,OK,5,Penguins,Pittsburgh,de Pittsburgh,PIT,3,17,Red Wings,Detroit,de Detroit,DET,6,3,REG,3,REG,8477225.0,8476960.0,,,,,,,,,,,,,,,,,,DET
2016020646,20162017,2,2017-01-14,False,2017-01-15T00:00:00Z,-05:00,-05:00,US/Eastern,OFF,OK,2,Islanders,New York,de New York,NYI,4,12,Hurricanes,Carolina,de la Caroline,CAR,7,3,REG,3,REG,8470320.0,8470740.0,,,,,,,,,,,,,,,,,,CAR
2016020642,20162017,2,2017-01-14,False,2017-01-15T00:00:00Z,-05:00,-05:00,America/Montreal,OFF,OK,3,Rangers,New York,de New York,NYR,4,8,Canadiens,Montréal,de Montréal,MTL,5,3,REG,3,REG,8471679.0,8474038.0,,,,,,,,,,,,,,,,,,MTL
2016020643,20162017,2,2017-01-14,False,2017-01-15T00:00:00Z,-05:00,-05:00,US/Eastern,OFF,OK,10,Maple Leafs,Toronto,de Toronto,TOR,4,9,Senators,Ottawa,d'Ottawa,OTT,2,3,REG,3,REG,8470147.0,8475172.0,,Sénateurs,,,,,,,,,,,,,,,,TOR
2016020645,20162017,2,2017-01-14,False,2017-01-15T00:00:00Z,-05:00,-05:00,US/Eastern,OFF,OK,29,Blue Jackets,Columbus,de Columbus,CBJ,3,13,Panthers,Florida,de la Floride,FLA,4,3,REG,3,REG,8473503.0,8448208.0,,,,,,,,,,,,,,,,,,FLA
2016020648,20162017,2,2017-01-14,False,2017-01-15T01:00:00Z,-05:00,-06:00,US/Central,OFF,OK,30,Wild,Minnesota,du Minnesota,MIN,5,25,Stars,Dallas,de Dallas,DAL,4,3,REG,3,REG,8475311.0,8475722.0,,,,,,,,,,,,,,,,,,MIN
2016020647,20162017,2,2017-01-14,False,2017-01-15T01:00:00Z,-05:00,-07:00,America/Phoenix,OFF,OK,24,Ducks,Anaheim,d'Anaheim,ANA,3,53,Coyotes,Arizona,de l'Arizona,ARI,0,3,REG,3,REG,8473541.0,8476854.0,,,,,,,,,,,,,,,,,,ANA
2016020650,20162017,2,2017-01-14,False,2017-01-15T03:00:00Z,-05:00,-08:00,America/Los_Angeles,OFF,OK,52,Jets,Winnipeg,de Winnipeg,WPG,2,26,Kings,Los Angeles,de Los Angeles,LAK,3,4,OT,3,OT,8469514.0,8470604.0,,,,,,,,,,,,,,,,,,LAK
2016020649,20162017,2,2017-01-14,False,2017-01-15T03:00:00Z,-05:00,-07:00,America/Edmonton,OFF,OK,20,Flames,Calgary,de Calgary,CGY,1,22,Oilers,Edmonton,d'Edmonton,EDM,2,5,SO,3,SO,8475660.0,,,,,,,,,,,,,,,,,,,EDM
2016020651,20162017,2,2017-01-14,False,2017-01-15T03:30:00Z,-05:00,-08:00,US/Pacific,OFF,OK,19,Blues,St. Louis,de St. Louis,STL,4,28,Sharks,San Jose,de San Jose,SJS,0,3,REG,3,REG,8475622.0,8476892.0,,,,,,,,,,,,,,,,,,STL
2016020652,20162017,2,2017-01-15,False,2017-01-15T18:00:00Z,-05:00,-05:00,US/Eastern,OFF,OK,4,Flyers,Philadelphia,de Philadelphie,PHI,0,15,Capitals,Washington,de Washington,WSH,5,3,REG,3,REG,8475831.0,8477444.0,,,,,,,,,,,,,,,,,,WSH
2016020654,20162017,2,2017-01-15,False,2017-01-16T00:00:00Z,-05:00,-08:00,America/Vancouver,OFF,OK,1,Devils,New Jersey,du New Jersey,NJD,2,23,Canucks,Vancouver,de Vancouver,VAN,1,4,OT,3,OT,8471239.0,8475791.0,,,,,,,,,,,,,,,,,,NJD
2016020653,20162017,2,2017-01-15,False,2017-01-16T00:00:00Z,-05:00,-06:00,America/Chicago,OFF,OK,30,Wild,Minnesota,du Minnesota,MIN,3,16,Blackhawks,Chicago,de Chicago,CHI,2,3,REG,3,REG,8471227.0,8469506.0,,,,,,,,,,,,,,,,,,MIN
2016020655,20162017,2,2017-01-15,False,2017-01-16T02:00:00Z,-05:00,-08:00,America/Los_Angeles,OFF,OK,19,Blues,St. Louis,de St. Louis,STL,2,24,Ducks,Anaheim,d'Anaheim,ANA,1,4,OT,3,OT,8475622.0,8473534.0,,,,,,,,,,,,,,,,,,STL
2016020657,20162017,2,2017-01-16,False,2017-01-16T18:00:00Z,-05:00,-05:00,America/New_York,OFF,OK,25,Stars,Dallas,de Dallas,DAL,1,7,Sabres,Buffalo,de Buffalo,BUF,4,3,REG,3,REG,8475215.0,8476931.0,,,,,,,,,,,,,,,,,,BUF
2016020656,20162017,2,2017-01-16,False,2017-01-16T18:00:00Z,-05:00,-05:00,US/Eastern,OFF,OK,2,Islanders,New York,de New York,NYI,4,6,Bruins,Boston,de Boston,BOS,0,3,REG,3,REG,8471306.0,8473579.0,,,,,,,,,,,,,,,,,,NYI
2016020658,20162017,2,2017-01-16,False,2017-01-16T20:00:00Z,-05:00,-05:00,America/Detroit,OFF,OK,8,Canadiens,Montréal,de Montréal,MTL,0,17,Red Wings,Detroit,de Detroit,DET,1,3,REG,3,REG,8477225.0,8470598.0,,,,,,,,,,,,,,,,,,DET
2016020660,20162017,2,2017-01-16,False,2017-01-16T21:00:00Z,-05:00,-08:00,US/Pacific,OFF,OK,52,Jets,Winnipeg,de Winnipeg,WPG,2,28,Sharks,San Jose,de San Jose,SJS,5,3,REG,3,REG,8474889.0,8470613.0,,,,,,,,,,,,,,,,,,SJS
2016020659,20162017,2,2017-01-16,False,2017-01-16T21:00:00Z,-05:00,-08:00,America/Los_Angeles,OFF,OK,14,Lightning,Tampa Bay,de Tampa Bay,TBL,2,26,Kings,Los Angeles,de Los Angeles,LAK,1,3,REG,3,REG,8471750.0,8470619.0,,,,,,,,,,,,,,,,,,TBL
2016020661,20162017,2,2017-01-16,False,2017-01-17T00:00:00Z,-05:00,-05:00,US/Eastern,OFF,OK,15,Capitals,Washington,de Washington,WSH,7,5,Penguins,Pittsburgh,de Pittsburgh,PIT,8,4,OT,3,OT,8476899.0,8477839.0,,,,,,,,,,,,,,,,,,PIT
2016020662,20162017,2,2017-01-16,False,2017-01-17T02:00:00Z,-05:00,-07:00,America/Edmonton,OFF,OK,53,Coyotes,Arizona,de l'Arizona,ARI,1,22,Oilers,Edmonton,d'Edmonton,EDM,3,3,REG,3,REG,8475660.0,8476915.0,,,,,,,,,,,,,,,,,,EDM
2016020663,20162017,2,2017-01-17,False,2017-01-18T00:00:00Z,-05:00,-05:00,America/New_York,OFF,OK,25,Stars,Dallas,de Dallas,DAL,7,3,Rangers,New York,de New York,NYR,6,3,REG,3,REG,8474550.0,8475236.0,,,,,,,,,,,,,,,,,,DAL
2016020664,20162017,2,2017-01-17,False,2017-01-18T00:00:00Z,-05:00,-05:00,US/Eastern,OFF,OK,12,Hurricanes,Carolina,de la Caroline,CAR,1,29,Blue Jackets,Columbus,de Columbus,CBJ,4,3,REG,3,REG,8475683.0,8471273.0,,,,,,,,,,,,,,,,,,CBJ
2016020665,20162017,2,2017-01-17,False,2017-01-18T00:30:00Z,-05:00,-05:00,America/Toronto,OFF,OK,7,Sabres,Buffalo,de Buffalo,BUF,3,10,Maple Leafs,Toronto,de Toronto,TOR,4,3,REG,3,REG,8475883.0,8474037.0,,,,,,,,,,,,,,,,,,TOR
2016020666,20162017,2,2017-01-17,False,2017-01-18T01:00:00Z,-05:00,-06:00,US/Central,OFF,OK,9,Senators,Ottawa,d'Ottawa,OTT,6,19,Blues,St. Louis,de St. Louis,STL,4,3,REG,3,REG,8477237.0,8474884.0,Sénateurs,,,,,,,,,,,,,,,,,OTT
2016020667,20162017,2,2017-01-17,False,2017-01-18T01:00:00Z,-05:00,-06:00,US/Central,OFF,OK,1,Devils,New Jersey,du New Jersey,NJD,4,30,Wild,Minnesota,du Minnesota,MIN,3,3,REG,3,REG,8471239.0,8475761.0,,,,,,,,,,,,,,,,,,NJD
2016020669,20162017,2,2017-01-17,False,2017-01-18T02:00:00Z,-05:00,-07:00,America/Edmonton,OFF,OK,13,Panthers,Florida,de la Floride,FLA,2,20,Flames,Calgary,de Calgary,CGY,5,3,REG,3,REG,8473434.0,8474150.0,,,,,,,,,,,,,,,,,,CGY
2016020668,20162017,2,2017-01-17,False,2017-01-18T02:00:00Z,-05:00,-07:00,America/Denver,OFF,OK,16,Blackhawks,Chicago,de Chicago,CHI,6,21,Avalanche,Colorado,du Colorado,COL,4,3,REG,3,REG,8470645.0,8476994.0,,,,,,,,,,,,,,,,,,CHI
2016020670,20162017,2,2017-01-17,False,2017-01-18T03:00:00Z,-05:00,-08:00,America/Vancouver,OFF,OK,18,Predators,Nashville,de Nashville,NSH,0,23,Canucks,Vancouver,de Vancouver,VAN,1,3,REG,3,REG,8468011.0,8467876.0,,,,,,,,,,,,,,,,,,VAN
2016020671,20162017,2,2017-01-17,False,2017-01-18T03:00:00Z,-05:00,-08:00,America/Los_Angeles,OFF,OK,14,Lightning,Tampa Bay,de Tampa Bay,TBL,1,24,Ducks,Anaheim,d'Anaheim,ANA,2,4,OT,3,OT,8476434.0,8476483.0,,,,,,,,,,,,,,,,,,ANA
2016020672,20162017,2,2017-01-18,False,2017-01-19T00:30:00Z,-05:00,-05:00,America/Montreal,OFF,OK,5,Penguins,Pittsburgh,de Pittsburgh,PIT,4,8,Canadiens,Montréal,de Montréal,MTL,1,3,REG,3,REG,8476899.0,8470611.0,,,,,,,,,,,,,,,,,,PIT
2016020673,20162017,2,2017-01-18,False,2017-01-19T00:30:00Z,-05:00,-06:00,America/Winnipeg,OFF,OK,53,Coyotes,Arizona,de l'Arizona,ARI,3,52,Jets,Winnipeg,de Winnipeg,WPG,6,3,REG,3,REG,8471715.0,8476469.0,,,,,,,,,,,,,,,,,,WPG
2016020674,20162017,2,2017-01-18,False,2017-01-19T01:00:00Z,-05:00,-05:00,America/Detroit,OFF,OK,6,Bruins,Boston,de Boston,BOS,5,17,Red Wings,Detroit,de Detroit,DET,6,5,SO,3,SO,8475852.0,,,,,,,,,,,,,,,,,,,DET
2016020675,20162017,2,2017-01-18,False,2017-01-19T02:30:00Z,-05:00,-07:00,America/Edmonton,OFF,OK,13,Panthers,Florida,de la Floride,FLA,3,22,Oilers,Edmonton,d'Edmonton,EDM,4,4,OT,3,OT,8475660.0,8478402.0,,,,,,,,,,,,,,,,,,EDM
2016020676,20162017,2,2017-01-18,False,2017-01-19T03:30:00Z,-05:00,-08:00,America/Los_Angeles,OFF,OK,28,Sharks,San Jose,de San Jose,SJS,3,26,Kings,Los Angeles,de Los Angeles,LAK,2,3,REG,3,REG,8474889.0,8470794.0,,,,,,,,,,,,,,,,,,SJS
2016020678,20162017,2,2017-01-19,False,2017-01-20T00:00:00Z,-05:00,-05:00,US/Eastern,OFF,OK,9,Senators,Ottawa,d'Ottawa,OTT,2,29,Blue Jackets,Columbus,de Columbus,CBJ,0,3,REG,3,REG,8477237.0,8474068.0,Sénateurs,,,,,,,,,,,,,,,,,OTT
2016020677,20162017,2,2017-01-19,False,2017-01-20T00:00:00Z,-05:00,-05:00,America/New_York,OFF,OK,25,Stars,Dallas,de Dallas,DAL,0,2,Islanders,New York,de New York,NYI,3,3,REG,3,REG,8471306.0,8475166.0,,,,,,,,,,,,,,,,,,NYI
2016020679,20162017,2,2017-01-19,False,2017-01-20T00:30:00Z,-05:00,-05:00,America/Toronto,OFF,OK,3,Rangers,New York,de New York,NYR,5,10,Maple Leafs,Toronto,de Toronto,TOR,2,3,REG,3,REG,8468685.0,8476468.0,,,,,,,,,,,,,,,,,,NYR
2016020680,20162017,2,2017-01-19,False,2017-01-20T01:00:00Z,-05:00,-06:00,US/Central,OFF,OK,15,Capitals,Washington,de Washington,WSH,7,19,Blues,St. Louis,de St. Louis,STL,3,3,REG,3,REG,8474651.0,8475792.0,,,,,,,,,,,,,,,,,,WSH
2016020681,20162017,2,2017-01-19,False,2017-01-20T01:00:00Z,-05:00,-06:00,US/Central,OFF,OK,53,Coyotes,Arizona,de l'Arizona,ARI,3,30,Wild,Minnesota,du Minnesota,MIN,4,3,REG,3,REG,8471227.0,8475799.0,,,,,,,,,,,,,,,,,,MIN
2016020682,20162017,2,2017-01-19,False,2017-01-20T02:00:00Z,-05:00,-07:00,America/Edmonton,OFF,OK,18,Predators,Nashville,de Nashville,NSH,4,20,Flames,Calgary,de Calgary,CGY,3,3,REG,3,REG,8477424.0,8476887.0,,,,,,,,,,,,,,,,,,NSH
2016020683,20162017,2,2017-01-19,False,2017-01-20T03:00:00Z,-05:00,-08:00,America/Los_Angeles,OFF,OK,21,Avalanche,Colorado,du Colorado,COL,1,24,Ducks,Anaheim,d'Anaheim,ANA,2,3,REG,3,REG,8476434.0,8477941.0,,,,,,,,,,,,,,,,,,ANA
2016020684,20162017,2,2017-01-19,False,2017-01-20T03:30:00Z,-05:00,-08:00,US/Pacific,OFF,OK,14,Lightning,Tampa Bay,de Tampa Bay,TBL,1,28,Sharks,San Jose,de San Jose,SJS,2,3,REG,3,REG,8477180.0,8474053.0,,,,,,,,,,,,,,,,,,SJS
2016020685,20162017,2,2017-01-20,False,2017-01-21T00:00:00Z,-05:00,-05:00,US/Eastern,OFF,OK,16,Blackhawks,Chicago,de Chicago,CHI,1,6,Bruins,Boston,de Boston,BOS,0,3,REG,3,REG,8474152.0,8466148.0,,,,,,,,,,,,,,,,,,CHI
2016020686,20162017,2,2017-01-20,False,2017-01-21T00:00:00Z,-05:00,-05:00,America/New_York,OFF,OK,17,Red Wings,Detroit,de Detroit,DET,2,7,Sabres,Buffalo,de Buffalo,BUF,3,4,OT,3,OT,8475195.0,8473449.0,,,,,,,,,,,,,,,,,,BUF
2016020687,20162017,2,2017-01-20,False,2017-01-21T00:00:00Z,-05:00,-05:00,US/Eastern,OFF,OK,5,Penguins,Pittsburgh,de Pittsburgh,PIT,7,12,Hurricanes,Carolina,de la Caroline,CAR,1,3,REG,3,REG,8476899.0,8474176.0,,,,,,,,,,,,,,,,,,PIT
2016020688,20162017,2,2017-01-20,False,2017-01-21T00:30:00Z,-05:00,-05:00,US/Eastern,OFF,OK,8,Canadiens,Montréal,de Montréal,MTL,3,1,Devils,New Jersey,du New Jersey,NJD,1,3,REG,3,REG,8471219.0,8470642.0,,,,,,,,,,,,,,,,,,MTL
2016020689,20162017,2,2017-01-20,False,2017-01-21T02:00:00Z,-05:00,-07:00,America/Edmonton,OFF,OK,18,Predators,Nashville,de Nashville,NSH,3,22,Oilers,Edmonton,d'Edmonton,EDM,2,5,SO,3,SO,8471469.0,,,,,,,,,,,,,,,,,,,NSH
2016020690,20162017,2,2017-01-20,False,2017-01-21T03:00:00Z,-05:00,-08:00,America/Vancouver,OFF,OK,13,Panthers,Florida,de la Floride,FLA,1,23,Canucks,Vancouver,de Vancouver,VAN,2,3,REG,3,REG,8468011.0,8474579.0,,,,,,,,,,,,,,,,,,VAN
2016020691,20162017,2,2017-01-21,False,2017-01-21T20:00:00Z,-05:00,-06:00,America/Winnipeg,OFF,OK,19,Blues,St. Louis,de St. Louis,STL,3,52,Jets,Winnipeg,de Winnipeg,WPG,5,3,REG,3,REG,8471715.0,8476460.0,,,,,,,,,,,,,,,,,,WPG
2016020692,20162017,2,2017-01-21,False,2017-01-21T22:00:00Z,-05:00,-05:00,US/Eastern,OFF,OK,12,Hurricanes,Carolina,de la Caroline,CAR,2,29,Blue Jackets,Columbus,de Columbus,CBJ,3,3,REG,3,REG,8475683.0,8468486.0,,,,,,,,,,,,,,,,,,CBJ
2016020693,20162017,2,2017-01-21,False,2017-01-22T00:00:00Z,-05:00,-05:00,America/Toronto,OFF,OK,9,Senators,Ottawa,d'Ottawa,OTT,3,10,Maple Leafs,Toronto,de Toronto,TOR,2,5,SO,3,SO,8477237.0,,Sénateurs,,,,,,,,,,,,,,,,,OTT
2016020695,20162017,2,2017-01-21,False,2017-01-22T00:00:00Z,-05:00,-05:00,America/New_York,OFF,OK,26,Kings,Los Angeles,de Los Angeles,LAK,2,2,Islanders,New York,de New York,NYI,4,3,REG,3,REG,8475234.0,8475314.0,,,,,,,,,,,,,,,,,,NYI
2016020696,20162017,2,2017-01-21,False,2017-01-22T00:00:00Z,-05:00,-05:00,US/Eastern,OFF,OK,1,Devils,New Jersey,du New Jersey,NJD,4,4,Flyers,Philadelphia,de Philadelphie,PHI,1,3,REG,3,REG,8476234.0,8475151.0,,,,,,,,,,,,,,,,,,NJD
2016020694,20162017,2,2017-01-21,False,2017-01-22T00:00:00Z,-05:00,-05:00,America/Montreal,OFF,OK,7,Sabres,Buffalo,de Buffalo,BUF,3,8,Canadiens,Montréal,de Montréal,MTL,2,4,OT,3,OT,8475215.0,8474567.0,,,,,,,,,,,,,,,,,,BUF
2016020697,20162017,2,2017-01-21,False,2017-01-22T01:00:00Z,-05:00,-06:00,US/Central,OFF,OK,15,Capitals,Washington,de Washington,WSH,4,25,Stars,Dallas,de Dallas,DAL,3,4,OT,3,OT,8475831.0,8474291.0,,,,,,,,,,,,,,,,,,WSH
2016020698,20162017,2,2017-01-21,False,2017-01-22T01:00:00Z,-05:00,-07:00,America/Phoenix,OFF,OK,14,Lightning,Tampa Bay,de Tampa Bay,TBL,3,53,Coyotes,Arizona,de l'Arizona,ARI,5,3,REG,3,REG,8469608.0,8478432.0,,,,,,,,,,,,,,,,,,ARI
2016020699,20162017,2,2017-01-21,False,2017-01-22T02:00:00Z,-05:00,-06:00,US/Central,OFF,OK,24,Ducks,Anaheim,d'Anaheim,ANA,3,30,Wild,Minnesota,du Minnesota,MIN,5,3,REG,3,REG,8471227.0,8470600.0,,,,,,,,,,,,,,,,,,MIN
2016020700,20162017,2,2017-01-21,False,2017-01-22T03:00:00Z,-05:00,-07:00,America/Edmonton,OFF,OK,22,Oilers,Edmonton,d'Edmonton,EDM,7,20,Flames,Calgary,de Calgary,CGY,3,3,REG,3,REG,8476316.0,8478402.0,,,,,,,,,,,,,,,,,,EDM
2016020701,20162017,2,2017-01-21,False,2017-01-22T03:30:00Z,-05:00,-08:00,US/Pacific,OFF,OK,21,Avalanche,Colorado,du Colorado,COL,2,28,Sharks,San Jose,de San Jose,SJS,3,4,OT,3,OT,8474889.0,8473673.0,,,,,,,,,,,,,,,,,,SJS
2016020703,20162017,2,2017-01-22,False,2017-01-22T17:30:00Z,-05:00,-05:00,America/Detroit,OFF,OK,3,Rangers,New York,de New York,NYR,1,17,Red Wings,Detroit,de Detroit,DET,0,4,OT,3,OT,8468685.0,8476468.0,,,,,,,,,,,,,,,,,,NYR
2016020702,20162017,2,2017-01-22,False,2017-01-22T20:00:00Z,-05:00,-05:00,US/Eastern,OFF,OK,6,Bruins,Boston,de Boston,BOS,1,5,Penguins,Pittsburgh,de Pittsburgh,PIT,5,3,REG,3,REG,8476899.0,8477839.0,,,,,,,,,,,,,,,,,,PIT
2016020704,20162017,2,2017-01-22,False,2017-01-22T22:00:00Z,-05:00,-05:00,US/Eastern,OFF,OK,29,Blue Jackets,Columbus,de Columbus,CBJ,7,9,Senators,Ottawa,d'Ottawa,OTT,6,4,OT,3,OT,8476914.0,8474715.0,,Sénateurs,,,,,,,,,,,,,,,,CBJ
2016020705,20162017,2,2017-01-22,False,2017-01-22T23:00:00Z,-05:00,-05:00,America/New_York,OFF,OK,4,Flyers,Philadelphia,de Philadelphie,PHI,3,2,Islanders,New York,de New York,NYI,2,4,OT,3,OT,8473461.0,8473512.0,,,,,,,,,,,,,,,,,,PHI
2016020706,20162017,2,2017-01-22,False,2017-01-23T00:30:00Z,-05:00,-06:00,America/Chicago,OFF,OK,23,Canucks,Vancouver,de Vancouver,VAN,2,16,Blackhawks,Chicago,de Chicago,CHI,4,3,REG,3,REG,8470645.0,8473604.0,,,,,,,,,,,,,,,,,,CHI
2016020707,20162017,2,2017-01-22,False,2017-01-23T01:00:00Z,-05:00,-06:00,US/Central,OFF,OK,18,Predators,Nashville,de Nashville,NSH,4,30,Wild,Minnesota,du Minnesota,MIN,2,3,REG,3,REG,8471469.0,8476887.0,,,,,,,,,,,,,,,,,,NSH
2016020708,20162017,2,2017-01-23,False,2017-01-24T00:00:00Z,-05:00,-05:00,America/New_York,OFF,OK,26,Kings,Los Angeles,de Los Angeles,LAK,2,3,Rangers,New York,de New York,NYR,3,3,REG,3,REG,8468685.0,8475692.0,,,,,,,,,,,,,,,,,,NYR
2016020709,20162017,2,2017-01-23,False,2017-01-24T00:00:00Z,-05:00,-05:00,US/Eastern,OFF,OK,12,Hurricanes,Carolina,de la Caroline,CAR,1,15,Capitals,Washington,de Washington,WSH,6,3,REG,3,REG,8474651.0,8468508.0,,,,,,,,,,,,,,,,,,WSH
2016020710,20162017,2,2017-01-23,False,2017-01-24T00:30:00Z,-05:00,-05:00,America/Toronto,OFF,OK,20,Flames,Calgary,de Calgary,CGY,0,10,Maple Leafs,Toronto,de Toronto,TOR,4,3,REG,3,REG,8475883.0,8478483.0,,,,,,,,,,,,,,,,,,TOR
2016020711,20162017,2,2017-01-23,False,2017-01-24T01:00:00Z,-05:00,-06:00,America/Winnipeg,OFF,OK,24,Ducks,Anaheim,d'Anaheim,ANA,3,52,Jets,Winnipeg,de Winnipeg,WPG,2,3,REG,3,REG,8473541.0,8470612.0,,,,,,,,,,,,,,,,,,ANA
2016020712,20162017,2,2017-01-23,False,2017-01-24T02:00:00Z,-05:00,-07:00,America/Denver,OFF,OK,28,Sharks,San Jose,de San Jose,SJS,5,21,Avalanche,Colorado,du Colorado,COL,2,3,REG,3,REG,8474889.0,8466139.0,,,,,,,,,,,,,,,,,,SJS
2016020713,20162017,2,2017-01-23,False,2017-01-24T02:00:00Z,-05:00,-07:00,America/Phoenix,OFF,OK,13,Panthers,Florida,de la Floride,FLA,2,53,Coyotes,Arizona,de l'Arizona,ARI,3,4,OT,3,OT,8469608.0,8476356.0,,,,,,,,,,,,,,,,,,ARI
2016020716,20162017,2,2017-01-24,False,2017-01-25T00:00:00Z,-05:00,-05:00,America/New_York,OFF,OK,29,Blue Jackets,Columbus,de Columbus,CBJ,2,2,Islanders,New York,de New York,NYI,4,3,REG,3,REG,8471306.0,8475754.0,,,,,,,,,,,,,,,,,,NYI
2016020717,20162017,2,2017-01-24,False,2017-01-25T00:00:00Z,-05:00,-05:00,US/Eastern,OFF,OK,19,Blues,St. Louis,de St. Louis,STL,3,5,Penguins,Pittsburgh,de Pittsburgh,PIT,0,3,REG,3,REG,8475622.0,8476892.0,,,,,,,,,,,,,,,,,,STL
2016020714,20162017,2,2017-01-24,False,2017-01-25T00:00:00Z,-05:00,-05:00,US/Eastern,OFF,OK,17,Red Wings,Detroit,de Detroit,DET,3,6,Bruins,Boston,de Boston,BOS,4,4,OT,3,OT,8471695.0,8477956.0,,,,,,,,,,,,,,,,,,BOS
2016020715,20162017,2,2017-01-24,False,2017-01-25T00:00:00Z,-05:00,-05:00,US/Eastern,OFF,OK,26,Kings,Los Angeles,de Los Angeles,LAK,3,1,Devils,New Jersey,du New Jersey,NJD,1,3,REG,3,REG,8469514.0,8476871.0,,,,,,,,,,,,,,,,,,LAK
2016020718,20162017,2,2017-01-24,False,2017-01-25T00:30:00Z,-05:00,-05:00,America/Montreal,OFF,OK,20,Flames,Calgary,de Calgary,CGY,1,8,Canadiens,Montréal,de Montréal,MTL,5,3,REG,3,REG,8471679.0,8469521.0,,,,,,,,,,,,,,,,,,MTL
2016020719,20162017,2,2017-01-24,False,2017-01-25T00:30:00Z,-05:00,-05:00,US/Eastern,OFF,OK,15,Capitals,Washington,de Washington,WSH,0,9,Senators,Ottawa,d'Ottawa,OTT,3,3,REG,3,REG,8477237.0,8467967.0,,Sénateurs,,,,,,,,,,,,,,,,OTT
2016020720,20162017,2,2017-01-24,False,2017-01-25T01:00:00Z,-05:00,-06:00,US/Central,OFF,OK,7,Sabres,Buffalo,de Buffalo,BUF,5,18,Predators,Nashville,de Nashville,NSH,4,4,OT,3,OT,8475215.0,8478403.0,,,,,,,,,,,,,,,,,,BUF
2016020721,20162017,2,2017-01-24,False,2017-01-25T01:00:00Z,-05:00,-06:00,America/Winnipeg,OFF,OK,28,Sharks,San Jose,de San Jose,SJS,4,52,Jets,Winnipeg,de Winnipeg,WPG,3,3,REG,3,REG,8477180.0,8466139.0,,,,,,,,,,,,,,,,,,SJS
2016020722,20162017,2,2017-01-24,False,2017-01-25T01:30:00Z,-05:00,-06:00,America/Chicago,OFF,OK,14,Lightning,Tampa Bay,de Tampa Bay,TBL,5,16,Blackhawks,Chicago,de Chicago,CHI,2,3,REG,3,REG,8476883.0,8474870.0,,,,,,,,,,,,,,,,,,TBL
2016020723,20162017,2,2017-01-24,False,2017-01-25T01:30:00Z,-05:00,-06:00,US/Central,OFF,OK,30,Wild,Minnesota,du Minnesota,MIN,3,25,Stars,Dallas,de Dallas,DAL,2,5,SO,3,SO,8471227.0,,,,,,,,,,,,,,,,,,,MIN
2016020724,20162017,2,2017-01-25,False,2017-01-26T00:00:00Z,-05:00,-05:00,America/Detroit,OFF,OK,10,Maple Leafs,Toronto,de Toronto,TOR,4,17,Red Wings,Detroit,de Detroit,DET,0,3,REG,3,REG,8475883.0,8479318.0,,,,,,,,,,,,,,,,,,TOR
2016020725,20162017,2,2017-01-25,False,2017-01-26T01:00:00Z,-05:00,-05:00,America/New_York,OFF,OK,4,Flyers,Philadelphia,de Philadelphie,PHI,2,3,Rangers,New York,de New York,NYR,0,3,REG,3,REG,8473461.0,8474190.0,,,,,,,,,,,,,,,,,,PHI
2016020726,20162017,2,2017-01-25,False,2017-01-26T02:30:00Z,-05:00,-07:00,America/Denver,OFF,OK,23,Canucks,Vancouver,de Vancouver,VAN,3,21,Avalanche,Colorado,du Colorado,COL,2,3,REG,3,REG,8474593.0,8476466.0,,,,,,,,,,,,,,,Markström,,,VAN
2016020727,20162017,2,2017-01-25,False,2017-01-26T03:00:00Z,-05:00,-08:00,America/Los_Angeles,OFF,OK,22,Oilers,Edmonton,d'Edmonton,EDM,4,24,Ducks,Anaheim,d'Anaheim,ANA,0,3,REG,3,REG,8475660.0,8477934.0,,,,,,,,,,,,,,,,,,EDM
2016020731,20162017,2,2017-01-26,False,2017-01-27T00:00:00Z,-05:00,-05:00,US/Eastern,OFF,OK,10,Maple Leafs,Toronto,de Toronto,TOR,1,4,Flyers,Philadelphia,de Philadelphie,PHI,2,3,REG,3,REG,8473607.0,8479648.0,,,,,,,,,,,,,,,,,,PHI
2016020730,20162017,2,2017-01-26,False,2017-01-27T00:00:00Z,-05:00,-05:00,America/New_York,OFF,OK,8,Canadiens,Montréal,de Montréal,MTL,1,2,Islanders,New York,de New York,NYI,3,3,REG,3,REG,8471306.0,8471217.0,,,,,,,,,,,,,,,,,,NYI
2016020728,20162017,2,2017-01-26,False,2017-01-27T00:00:00Z,-05:00,-05:00,US/Eastern,OFF,OK,5,Penguins,Pittsburgh,de Pittsburgh,PIT,3,6,Bruins,Boston,de Boston,BOS,4,3,REG,3,REG,8471695.0,8470638.0,,,,,,,,,,,,,,,,,,BOS
2016020729,20162017,2,2017-01-26,False,2017-01-27T00:00:00Z,-05:00,-05:00,US/Eastern,OFF,OK,15,Capitals,Washington,de Washington,WSH,5,1,Devils,New Jersey,du New Jersey,NJD,2,3,REG,3,REG,8474651.0,8474189.0,,,,,,,,,,,,,,,,,,WSH
2016020732,20162017,2,2017-01-26,False,2017-01-27T00:00:00Z,-05:00,-05:00,US/Eastern,OFF,OK,26,Kings,Los Angeles,de Los Angeles,LAK,3,12,Hurricanes,Carolina,de la Caroline,CAR,0,3,REG,3,REG,8469514.0,8468483.0,,,,,,,,,,,,,,,,,,LAK
2016020733,20162017,2,2017-01-26,False,2017-01-27T00:30:00Z,-05:00,-05:00,US/Eastern,OFF,OK,20,Flames,Calgary,de Calgary,CGY,3,9,Senators,Ottawa,d'Ottawa,OTT,2,4,OT,3,OT,8470880.0,8476346.0,,Sénateurs,,,,,,,,,,,,,,,,CGY
2016020734,20162017,2,2017-01-26,False,2017-01-27T00:30:00Z,-05:00,-05:00,US/Eastern,OFF,OK,14,Lightning,Tampa Bay,de Tampa Bay,TBL,1,13,Panthers,Florida,de la Floride,FLA,2,4,OT,3,OT,8473503.0,8476539.0,,,,,,,,,,,,,,,,,,FLA
2016020736,20162017,2,2017-01-26,False,2017-01-27T01:00:00Z,-05:00,-06:00,US/Central,OFF,OK,19,Blues,St. Louis,de St. Louis,STL,1,30,Wild,Minnesota,du Minnesota,MIN,5,3,REG,3,REG,8471227.0,8476344.0,,,,,,,,,,,,,,,,,,MIN
2016020735,20162017,2,2017-01-26,False,2017-01-27T01:00:00Z,-05:00,-06:00,US/Central,OFF,OK,29,Blue Jackets,Columbus,de Columbus,CBJ,3,18,Predators,Nashville,de Nashville,NSH,4,3,REG,3,REG,8471469.0,8475225.0,,,,,,,,,,,,,,,,,,NSH
2016020737,20162017,2,2017-01-26,False,2017-01-27T01:30:00Z,-05:00,-06:00,America/Chicago,OFF,OK,52,Jets,Winnipeg,de Winnipeg,WPG,5,16,Blackhawks,Chicago,de Chicago,CHI,3,3,REG,3,REG,8476945.0,8473412.0,,,,,,,,,,,,,,,,,,WPG
2016020738,20162017,2,2017-01-26,False,2017-01-27T01:30:00Z,-05:00,-06:00,US/Central,OFF,OK,7,Sabres,Buffalo,de Buffalo,BUF,3,25,Stars,Dallas,de Dallas,DAL,4,3,REG,3,REG,8470140.0,8475794.0,,,,,,,,,,,,,,,,,,DAL
2016020739,20162017,2,2017-01-26,False,2017-01-27T02:00:00Z,-05:00,-07:00,America/Phoenix,OFF,OK,23,Canucks,Vancouver,de Vancouver,VAN,0,53,Coyotes,Arizona,de l'Arizona,ARI,3,3,REG,3,REG,8469608.0,8478474.0,,,,,,,,,,,,,,,,,,ARI
2016020740,20162017,2,2017-01-26,False,2017-01-27T03:30:00Z,-05:00,-08:00,US/Pacific,OFF,OK,22,Oilers,Edmonton,d'Edmonton,EDM,4,28,Sharks,San Jose,de San Jose,SJS,1,3,REG,3,REG,8475660.0,8471284.0,,,,,,,,,,,,,,,,,,EDM
2016020742,20162017,2,2017-01-31,False,2017-02-01T00:00:00Z,-05:00,-05:00,America/New_York,OFF,OK,29,Blue Jackets,Columbus,de Columbus,CBJ,6,3,Rangers,New York,de New York,NYR,4,3,REG,3,REG,8476914.0,8473422.0,,,,,,,,,,,,,,,,,,CBJ
2016020741,20162017,2,2017-01-31,False,2017-02-01T00:00:00Z,-05:00,-05:00,America/New_York,OFF,OK,15,Capitals,Washington,de Washington,WSH,2,2,Islanders,New York,de New York,NYI,3,3,REG,3,REG,8471306.0,8470187.0,,,,,,,,,,,,,,,,,,NYI
2016020743,20162017,2,2017-01-31,False,2017-02-01T00:00:00Z,-05:00,-05:00,US/Eastern,OFF,OK,18,Predators,Nashville,de Nashville,NSH,2,5,Penguins,Pittsburgh,de Pittsburgh,PIT,4,3,REG,3,REG,8476899.0,8471887.0,,,,,,,,,,,,,,,,,,PIT
2016020744,20162017,2,2017-01-31,False,2017-02-01T00:00:00Z,-05:00,-05:00,US/Eastern,OFF,OK,4,Flyers,Philadelphia,de Philadelphie,PHI,1,12,Hurricanes,Carolina,de la Caroline,CAR,5,3,REG,3,REG,8470320.0,8478427.0,,,,,,,,,,,,,,,,,,CAR
2016020745,20162017,2,2017-01-31,False,2017-02-01T00:30:00Z,-05:00,-05:00,America/Montreal,OFF,OK,7,Sabres,Buffalo,de Buffalo,BUF,2,8,Canadiens,Montréal,de Montréal,MTL,5,3,REG,3,REG,8471679.0,8471976.0,,,,,,,,,,,,,,,,,,MTL
2016020747,20162017,2,2017-01-31,False,2017-02-01T00:30:00Z,-05:00,-05:00,US/Eastern,OFF,OK,6,Bruins,Boston,de Boston,BOS,4,14,Lightning,Tampa Bay,de Tampa Bay,TBL,3,3,REG,3,REG,8471695.0,8478366.0,,,,,,,,,,,,,,,,,,BOS
2016020746,20162017,2,2017-01-31,False,2017-02-01T00:30:00Z,-05:00,-05:00,America/Detroit,OFF,OK,1,Devils,New Jersey,du New Jersey,NJD,4,17,Red Wings,Detroit,de Detroit,DET,3,3,REG,3,REG,8471239.0,8474641.0,,,,,,,,,,,,,,,,,,NJD
2016020748,20162017,2,2017-01-31,False,2017-02-01T00:30:00Z,-05:00,-05:00,US/Eastern,OFF,OK,9,Senators,Ottawa,d'Ottawa,OTT,5,13,Panthers,Florida,de la Floride,FLA,6,3,REG,3,REG,8466141.0,8474218.0,Sénateurs,,,,,,,,,,,,,,,,,FLA
2016020749,20162017,2,2017-01-31,False,2017-02-01T01:00:00Z,-05:00,-06:00,US/Central,OFF,OK,52,Jets,Winnipeg,de Winnipeg,WPG,5,19,Blues,St. Louis,de St. Louis,STL,3,3,REG,3,REG,8471715.0,8476885.0,,,,,,,,,,,,,,,,,,WPG
2016020750,20162017,2,2017-01-31,False,2017-02-01T01:30:00Z,-05:00,-06:00,US/Central,OFF,OK,10,Maple Leafs,Toronto,de Toronto,TOR,3,25,Stars,Dallas,de Dallas,DAL,6,3,REG,3,REG,8470140.0,8476439.0,,,,,,,,,,,,,,,,,,DAL
2016020752,20162017,2,2017-01-31,False,2017-02-01T02:00:00Z,-05:00,-07:00,America/Phoenix,OFF,OK,26,Kings,Los Angeles,de Los Angeles,LAK,3,53,Coyotes,Arizona,de l'Arizona,ARI,2,3,REG,3,REG,8469514.0,8474162.0,,,,,,,,,,,,,,,,,,LAK
2016020751,20162017,2,2017-01-31,False,2017-02-01T02:00:00Z,-05:00,-07:00,America/Edmonton,OFF,OK,30,Wild,Minnesota,du Minnesota,MIN,5,22,Oilers,Edmonton,d'Edmonton,EDM,2,3,REG,3,REG,8475311.0,8470610.0,,,,,,,,,,,,,,,,,,MIN
2016020753,20162017,2,2017-01-31,False,2017-02-01T03:00:00Z,-05:00,-08:00,America/Los_Angeles,OFF,OK,21,Avalanche,Colorado,du Colorado,COL,1,24,Ducks,Anaheim,d'Anaheim,ANA,5,3,REG,3,REG,8476434.0,8476483.0,,,,,,,,,,,,,,,,,,ANA
2016020754,20162017,2,2017-01-31,False,2017-02-01T03:30:00Z,-05:00,-08:00,US/Pacific,OFF,OK,16,Blackhawks,Chicago,de Chicago,CHI,1,28,Sharks,San Jose,de San Jose,SJS,3,3,REG,3,REG,8474889.0,8476881.0,,,,,,,,,,,,,,,,,,SJS
2016020755,20162017,2,2017-02-01,False,2017-02-02T01:00:00Z,-05:00,-05:00,US/Eastern,OFF,OK,6,Bruins,Boston,de Boston,BOS,3,15,Capitals,Washington,de Washington,WSH,5,3,REG,3,REG,8474651.0,8475792.0,,,,,,,,,,,,,,,,,,WSH
2016020756,20162017,2,2017-02-01,False,2017-02-02T03:00:00Z,-05:00,-07:00,America/Edmonton,OFF,OK,30,Wild,Minnesota,du Minnesota,MIN,1,20,Flames,Calgary,de Calgary,CGY,5,3,REG,3,REG,8470880.0,8477497.0,,,,,,,,,,,,,,,,,,CGY
2016020757,20162017,2,2017-02-01,False,2017-02-02T03:30:00Z,-05:00,-08:00,America/Los_Angeles,OFF,OK,21,Avalanche,Colorado,du Colorado,COL,0,26,Kings,Los Angeles,de Los Angeles,LAK,5,3,REG,3,REG,8469514.0,8468483.0,,,,,,,,,,,,,,,,,,LAK
2016020759,20162017,2,2017-02-02,False,2017-02-03T00:00:00Z,-05:00,-05:00,US/Eastern,OFF,OK,8,Canadiens,Montréal,de Montréal,MTL,1,4,Flyers,Philadelphia,de Philadelphie,PHI,3,3,REG,3,REG,8473607.0,8476177.0,,,,,,,,,,,,,,,,,,PHI
2016020760,20162017,2,2017-02-02,False,2017-02-03T00:30:00Z,-05:00,-05:00,US/Eastern,OFF,OK,9,Senators,Ottawa,d'Ottawa,OTT,5,14,Lightning,Tampa Bay,de Tampa Bay,TBL,2,3,REG,3,REG,8477237.0,8474884.0,Sénateurs,,,,,,,,,,,,,,,,,OTT
2016020758,20162017,2,2017-02-02,False,2017-02-03T00:30:00Z,-05:00,-05:00,America/New_York,OFF,OK,3,Rangers,New York,de New York,NYR,2,7,Sabres,Buffalo,de Buffalo,BUF,1,4,OT,3,OT,8468685.0,8475184.0,,,,,,,,,,,,,,,,,,NYR
2016020762,20162017,2,2017-02-02,False,2017-02-03T01:00:00Z,-05:00,-06:00,US/Central,OFF,OK,22,Oilers,Edmonton,d'Edmonton,EDM,0,18,Predators,Nashville,de Nashville,NSH,2,3,REG,3,REG,8471469.0,8478042.0,,,,,,,,,,,,,,,,,,NSH
2016020763,20162017,2,2017-02-02,False,2017-02-03T01:30:00Z,-05:00,-06:00,US/Central,OFF,OK,52,Jets,Winnipeg,de Winnipeg,WPG,4,25,Stars,Dallas,de Dallas,DAL,3,3,REG,3,REG,8471715.0,8477940.0,,,,,,,,,,,,,,,,,,WPG
2016020764,20162017,2,2017-02-02,False,2017-02-03T02:00:00Z,-05:00,-07:00,America/Phoenix,OFF,OK,16,Blackhawks,Chicago,de Chicago,CHI,4,53,Coyotes,Arizona,de l'Arizona,ARI,3,3,REG,3,REG,8470645.0,8478550.0,,,,,,,,,,,,,,,,,,CHI
2016020761,20162017,2,2017-02-02,False,2017-02-03T02:00:00Z,-05:00,-06:00,US/Central,OFF,OK,10,Maple Leafs,Toronto,de Toronto,TOR,1,19,Blues,St. Louis,de St. Louis,STL,5,3,REG,3,REG,8474596.0,8471669.0,,,,,,,,,,,,,,,,,,STL
2016020765,20162017,2,2017-02-02,False,2017-02-03T03:00:00Z,-05:00,-08:00,America/Vancouver,OFF,OK,28,Sharks,San Jose,de San Jose,SJS,4,23,Canucks,Vancouver,de Vancouver,VAN,1,3,REG,3,REG,8474889.0,8476919.0,,,,,,,,,,,,,,,,,,SJS
2016020766,20162017,2,2017-02-03,False,2017-02-04T00:00:00Z,-05:00,-05:00,US/Eastern,OFF,OK,29,Blue Jackets,Columbus,de Columbus,CBJ,3,5,Penguins,Pittsburgh,de Pittsburgh,PIT,4,4,OT,3,OT,8476899.0,8473548.0,,,,,,,,,,,,,,,,,,PIT
2016020768,20162017,2,2017-02-03,False,2017-02-04T00:30:00Z,-05:00,-05:00,US/Eastern,OFF,OK,24,Ducks,Anaheim,d'Anaheim,ANA,1,13,Panthers,Florida,de la Floride,FLA,2,3,REG,3,REG,8473503.0,8476456.0,,,,,,,,,,,,,,,,,,FLA
2016020769,20162017,2,2017-02-03,False,2017-02-04T00:30:00Z,-05:00,-05:00,US/Eastern,OFF,OK,20,Flames,Calgary,de Calgary,CGY,4,1,Devils,New Jersey,du New Jersey,NJD,3,4,OT,3,OT,8470880.0,8474150.0,,,,,,,,,,,,,,,,,,CGY
2016020767,20162017,2,2017-02-03,False,2017-02-04T00:30:00Z,-05:00,-05:00,America/Detroit,OFF,OK,2,Islanders,New York,de New York,NYI,4,17,Red Wings,Detroit,de Detroit,DET,5,3,REG,3,REG,8475852.0,8477215.0,,,,,,,,,,,,,,,,,,DET
2016020770,20162017,2,2017-02-03,False,2017-02-04T00:30:00Z,-05:00,-05:00,US/Eastern,OFF,OK,22,Oilers,Edmonton,d'Edmonton,EDM,1,12,Hurricanes,Carolina,de la Caroline,CAR,2,3,REG,3,REG,8470320.0,8478427.0,,,,,,,,,,,,,,,,,,CAR
2016020772,20162017,2,2017-02-04,False,2017-02-04T18:00:00Z,-05:00,-05:00,US/Eastern,OFF,OK,26,Kings,Los Angeles,de Los Angeles,LAK,1,4,Flyers,Philadelphia,de Philadelphie,PHI,0,4,OT,3,OT,8469514.0,8470604.0,,,,,,,,,,,,,,,,,,LAK
2016020771,20162017,2,2017-02-04,False,2017-02-04T18:00:00Z,-05:00,-05:00,America/Montreal,OFF,OK,15,Capitals,Washington,de Washington,WSH,3,8,Canadiens,Montréal,de Montréal,MTL,2,3,REG,3,REG,8474651.0,8473563.0,,,,,,,,,,,,,,,,,,WSH
2016020773,20162017,2,2017-02-04,False,2017-02-04T20:00:00Z,-05:00,-07:00,America/Denver,OFF,OK,52,Jets,Winnipeg,de Winnipeg,WPG,2,21,Avalanche,Colorado,du Colorado,COL,5,3,REG,3,REG,8475717.0,8476442.0,,,,,,,,,,,,,,,,,,COL
2016020775,20162017,2,2017-02-04,False,2017-02-05T00:00:00Z,-05:00,-05:00,America/New_York,OFF,OK,9,Senators,Ottawa,d'Ottawa,OTT,0,7,Sabres,Buffalo,de Buffalo,BUF,4,3,REG,3,REG,8475215.0,8473449.0,Sénateurs,,,,,,,,,,,,,,,,,BUF
2016020777,20162017,2,2017-02-04,False,2017-02-05T00:00:00Z,-05:00,-05:00,America/New_York,OFF,OK,12,Hurricanes,Carolina,de la Caroline,CAR,5,2,Islanders,New York,de New York,NYI,4,4,OT,3,OT,8470320.0,8468493.0,,,,,,,,,,,,,,,,,,CAR
2016020778,20162017,2,2017-02-04,False,2017-02-05T00:00:00Z,-05:00,-05:00,US/Eastern,OFF,OK,1,Devils,New Jersey,du New Jersey,NJD,5,29,Blue Jackets,Columbus,de Columbus,CBJ,1,3,REG,3,REG,8471239.0,8475185.0,,,,,,,,,,,,,,,,,,NJD
2016020774,20162017,2,2017-02-04,False,2017-02-05T00:00:00Z,-05:00,-05:00,US/Eastern,OFF,OK,10,Maple Leafs,Toronto,de Toronto,TOR,6,6,Bruins,Boston,de Boston,BOS,5,3,REG,3,REG,8475883.0,8474037.0,,,,,,,,,,,,,,,,,,TOR
2016020776,20162017,2,2017-02-04,False,2017-02-05T00:00:00Z,-05:00,-05:00,US/Eastern,OFF,OK,24,Ducks,Anaheim,d'Anaheim,ANA,2,14,Lightning,Tampa Bay,de Tampa Bay,TBL,3,5,SO,3,SO,8471750.0,,,,,,,,,,,,,,,,,,,TBL
2016020780,20162017,2,2017-02-04,False,2017-02-05T01:00:00Z,-05:00,-06:00,US/Central,OFF,OK,17,Red Wings,Detroit,de Detroit,DET,1,18,Predators,Nashville,de Nashville,NSH,0,3,REG,3,REG,8475852.0,8471242.0,,,,,,,,,,,,,,,,,,DET
2016020779,20162017,2,2017-02-04,False,2017-02-05T01:00:00Z,-05:00,-06:00,US/Central,OFF,OK,5,Penguins,Pittsburgh,de Pittsburgh,PIT,4,19,Blues,St. Louis,de St. Louis,STL,1,3,REG,3,REG,8470594.0,8471724.0,,,,,,,,,,,,,,,,,,PIT
2016020781,20162017,2,2017-02-04,False,2017-02-05T01:00:00Z,-05:00,-06:00,US/Central,OFF,OK,16,Blackhawks,Chicago,de Chicago,CHI,5,25,Stars,Dallas,de Dallas,DAL,3,3,REG,3,REG,8470645.0,8477845.0,,,,,,,,,,,,,,,,,,CHI
2016020782,20162017,2,2017-02-04,False,2017-02-05T03:00:00Z,-05:00,-08:00,America/Vancouver,OFF,OK,30,Wild,Minnesota,du Minnesota,MIN,6,23,Canucks,Vancouver,de Vancouver,VAN,3,3,REG,3,REG,8471227.0,8470610.0,,,,,,,,,,,,,,,,,,MIN
2016020783,20162017,2,2017-02-04,False,2017-02-05T03:30:00Z,-05:00,-08:00,US/Pacific,OFF,OK,53,Coyotes,Arizona,de l'Arizona,ARI,3,28,Sharks,San Jose,de San Jose,SJS,2,5,SO,3,SO,8469608.0,,,,,,,,,,,,,,,,,,,ARI
2016020784,20162017,2,2017-02-05,False,2017-02-05T17:00:00Z,-05:00,-05:00,US/Eastern,OFF,OK,26,Kings,Los Angeles,de Los Angeles,LAK,0,15,Capitals,Washington,de Washington,WSH,5,3,REG,3,REG,8475831.0,8474189.0,,,,,,,,,,,,,,,,,,WSH
2016020785,20162017,2,2017-02-05,False,2017-02-05T18:00:00Z,-05:00,-05:00,America/Montreal,OFF,OK,22,Oilers,Edmonton,d'Edmonton,EDM,1,8,Canadiens,Montréal,de Montréal,MTL,0,5,SO,3,SO,8475660.0,,,,,,,,,,,,,,,,,,,EDM
2016020786,20162017,2,2017-02-05,False,2017-02-05T19:00:00Z,-05:00,-05:00,America/New_York,OFF,OK,20,Flames,Calgary,de Calgary,CGY,3,3,Rangers,New York,de New York,NYR,4,3,REG,3,REG,8468685.0,8475855.0,,,,,,,,,,,,,,,,,,NYR
2016020788,20162017,2,2017-02-06,False,2017-02-07T00:00:00Z,-05:00,-05:00,America/New_York,OFF,OK,10,Maple Leafs,Toronto,de Toronto,TOR,5,2,Islanders,New York,de New York,NYI,6,4,OT,3,OT,8471306.0,8475754.0,,,,,,,,,,,,,,,,,,NYI
2016020789,20162017,2,2017-02-06,False,2017-02-07T00:00:00Z,-05:00,-05:00,US/Eastern,OFF,OK,19,Blues,St. Louis,de St. Louis,STL,2,4,Flyers,Philadelphia,de Philadelphie,PHI,0,3,REG,3,REG,8475622.0,8471669.0,,,,,,,,,,,,,,,,,,STL
2016020787,20162017,2,2017-02-06,False,2017-02-07T00:00:00Z,-05:00,-05:00,US/Eastern,OFF,OK,7,Sabres,Buffalo,de Buffalo,BUF,1,1,Devils,New Jersey,du New Jersey,NJD,2,3,REG,3,REG,8471239.0,8478401.0,,,,,,,,,,,,,,,,,,NJD
2016020792,20162017,2,2017-02-07,False,2017-02-08T00:00:00Z,-05:00,-05:00,US/Eastern,OFF,OK,20,Flames,Calgary,de Calgary,CGY,3,5,Penguins,Pittsburgh,de Pittsburgh,PIT,2,5,SO,3,SO,8473434.0,,,,,,,,,,,,,,,,,,,CGY
2016020791,20162017,2,2017-02-07,False,2017-02-08T00:00:00Z,-05:00,-05:00,America/New_York,OFF,OK,24,Ducks,Anaheim,d'Anaheim,ANA,1,3,Rangers,New York,de New York,NYR,4,3,REG,3,REG,8468685.0,8475692.0,,,,,,,,,,,,,,,,,,NYR
2016020790,20162017,2,2017-02-07,False,2017-02-08T00:00:00Z,-05:00,-05:00,America/New_York,OFF,OK,28,Sharks,San Jose,de San Jose,SJS,4,7,Sabres,Buffalo,de Buffalo,BUF,5,4,OT,3,OT,8475195.0,8475169.0,,,,,,,,,,,,,,,,,,BUF
2016020793,20162017,2,2017-02-07,False,2017-02-08T00:00:00Z,-05:00,-05:00,US/Eastern,OFF,OK,12,Hurricanes,Carolina,de la Caroline,CAR,0,15,Capitals,Washington,de Washington,WSH,5,3,REG,3,REG,8474651.0,8471214.0,,,,,,,,,,,,,,,,,,WSH
2016020796,20162017,2,2017-02-07,False,2017-02-08T00:30:00Z,-05:00,-05:00,America/Detroit,OFF,OK,29,Blue Jackets,Columbus,de Columbus,CBJ,3,17,Red Wings,Detroit,de Detroit,DET,2,4,OT,3,OT,8475683.0,8477495.0,,,,,,,,,,,,,,,,,,CBJ
2016020795,20162017,2,2017-02-07,False,2017-02-08T00:30:00Z,-05:00,-05:00,US/Eastern,OFF,OK,19,Blues,St. Louis,de St. Louis,STL,6,9,Senators,Ottawa,d'Ottawa,OTT,0,3,REG,3,REG,8474596.0,8475175.0,,Sénateurs,,,,,,,,,,,,,,,,STL
2016020797,20162017,2,2017-02-07,False,2017-02-08T00:30:00Z,-05:00,-05:00,US/Eastern,OFF,OK,26,Kings,Los Angeles,de Los Angeles,LAK,0,14,Lightning,Tampa Bay,de Tampa Bay,TBL,5,3,REG,3,REG,8471750.0,8477494.0,,,,,,,,,,,,,,,,,,TBL
2016020794,20162017,2,2017-02-07,False,2017-02-08T00:30:00Z,-05:00,-05:00,America/Toronto,OFF,OK,25,Stars,Dallas,de Dallas,DAL,1,10,Maple Leafs,Toronto,de Toronto,TOR,3,3,REG,3,REG,8470147.0,8479318.0,,,,,,,,,,,,,,,,,,TOR
2016020798,20162017,2,2017-02-07,False,2017-02-08T01:00:00Z,-05:00,-06:00,US/Central,OFF,OK,23,Canucks,Vancouver,de Vancouver,VAN,2,18,Predators,Nashville,de Nashville,NSH,4,3,REG,3,REG,8471469.0,8478042.0,,,,,,,,,,,,,,,,,,NSH
2016020799,20162017,2,2017-02-07,False,2017-02-08T01:00:00Z,-05:00,-06:00,America/Winnipeg,OFF,OK,30,Wild,Minnesota,du Minnesota,MIN,4,52,Jets,Winnipeg,de Winnipeg,WPG,2,3,REG,3,REG,8471227.0,8469506.0,,,,,,,,,,,,,,,,,,MIN
2016020800,20162017,2,2017-02-07,False,2017-02-08T02:00:00Z,-05:00,-07:00,America/Denver,OFF,OK,8,Canadiens,Montréal,de Montréal,MTL,0,21,Avalanche,Colorado,du Colorado,COL,4,3,REG,3,REG,8475717.0,8478420.0,,,,,,,,,,,,,,,,,,COL
2016020801,20162017,2,2017-02-08,False,2017-02-09T01:00:00Z,-05:00,-06:00,US/Central,OFF,OK,16,Blackhawks,Chicago,de Chicago,CHI,4,30,Wild,Minnesota,du Minnesota,MIN,3,4,OT,3,OT,8470645.0,8473604.0,,,,,,,,,,,,,,,,,,CHI
2016020807,20162017,2,2017-02-09,False,2017-02-10T00:00:00Z,-05:00,-05:00,US/Eastern,OFF,OK,23,Canucks,Vancouver,de Vancouver,VAN,3,29,Blue Jackets,Columbus,de Columbus,CBJ,0,3,REG,3,REG,8468011.0,8467875.0,,,,,,,,,,,,,,,,,,VAN
2016020805,20162017,2,2017-02-09,False,2017-02-10T00:00:00Z,-05:00,-05:00,US/Eastern,OFF,OK,2,Islanders,New York,de New York,NYI,3,4,Flyers,Philadelphia,de Philadelphie,PHI,1,3,REG,3,REG,8471306.0,8466251.0,,,,,,,,,,,,,,,,,,NYI
2016020804,20162017,2,2017-02-09,False,2017-02-10T00:00:00Z,-05:00,-05:00,America/New_York,OFF,OK,18,Predators,Nashville,de Nashville,NSH,3,3,Rangers,New York,de New York,NYR,4,3,REG,3,REG,8468685.0,8476468.0,,,,,,,,,,,,,,,,,,NYR
2016020803,20162017,2,2017-02-09,False,2017-02-10T00:00:00Z,-05:00,-05:00,America/New_York,OFF,OK,24,Ducks,Anaheim,d'Anaheim,ANA,5,7,Sabres,Buffalo,de Buffalo,BUF,2,3,REG,3,REG,8476434.0,8468535.0,,,,,,,,,,,,,,,,,,ANA
2016020806,20162017,2,2017-02-09,False,2017-02-10T00:00:00Z,-05:00,-05:00,US/Eastern,OFF,OK,17,Red Wings,Detroit,de Detroit,DET,3,15,Capitals,Washington,de Washington,WSH,6,3,REG,3,REG,8474651.0,8474590.0,,,,,,,,,,,,,,,,,,WSH
2016020802,20162017,2,2017-02-09,False,2017-02-10T00:00:00Z,-05:00,-05:00,US/Eastern,OFF,OK,28,Sharks,San Jose,de San Jose,SJS,3,6,Bruins,Boston,de Boston,BOS,6,3,REG,3,REG,8471695.0,8477213.0,,,,,,,,,,,,,,,,,,BOS
2016020810,20162017,2,2017-02-09,False,2017-02-10T00:30:00Z,-05:00,-05:00,US/Eastern,OFF,OK,26,Kings,Los Angeles,de Los Angeles,LAK,6,13,Panthers,Florida,de la Floride,FLA,3,3,REG,3,REG,8469514.0,8476871.0,,,,,,,,,,,,,,,,,,LAK
2016020808,20162017,2,2017-02-09,False,2017-02-10T00:30:00Z,-05:00,-05:00,America/Toronto,OFF,OK,19,Blues,St. Louis,de St. Louis,STL,2,10,Maple Leafs,Toronto,de Toronto,TOR,1,4,OT,3,OT,8474596.0,8475765.0,,,,,,,,,,,,,,,,,,STL
2016020809,20162017,2,2017-02-09,False,2017-02-10T00:30:00Z,-05:00,-05:00,US/Eastern,OFF,OK,25,Stars,Dallas,de Dallas,DAL,2,9,Senators,Ottawa,d'Ottawa,OTT,3,3,REG,3,REG,8477237.0,8475913.0,,Sénateurs,,,,,,,,,,,,,,,,OTT
2016020811,20162017,2,2017-02-09,False,2017-02-10T02:00:00Z,-05:00,-07:00,America/Denver,OFF,OK,5,Penguins,Pittsburgh,de Pittsburgh,PIT,4,21,Avalanche,Colorado,du Colorado,COL,1,3,REG,3,REG,8476899.0,8471887.0,,,,,,,,,,,,,,,,,,PIT
2016020812,20162017,2,2017-02-09,False,2017-02-10T02:00:00Z,-05:00,-07:00,America/Phoenix,OFF,OK,8,Canadiens,Montréal,de Montréal,MTL,5,53,Coyotes,Arizona,de l'Arizona,ARI,4,4,OT,3,OT,8471679.0,8476851.0,,,,,,,,,,,,,,,,,,MTL
2016020814,20162017,2,2017-02-10,False,2017-02-11T01:00:00Z,-05:00,-06:00,America/Winnipeg,OFF,OK,16,Blackhawks,Chicago,de Chicago,CHI,5,52,Jets,Winnipeg,de Winnipeg,WPG,2,3,REG,3,REG,8470645.0,8470281.0,,,,,,,,,,,,,,,,,,CHI
2016020813,20162017,2,2017-02-10,False,2017-02-11T01:00:00Z,-05:00,-06:00,US/Central,OFF,OK,14,Lightning,Tampa Bay,de Tampa Bay,TBL,1,30,Wild,Minnesota,du Minnesota,MIN,2,5,SO,3,SO,8471227.0,,,,,,,,,,,,,,,,,,,MIN
2016020817,20162017,2,2017-02-11,False,2017-02-11T18:00:00Z,-05:00,-05:00,US/Eastern,OFF,OK,28,Sharks,San Jose,de San Jose,SJS,1,4,Flyers,Philadelphia,de Philadelphie,PHI,2,4,OT,3,OT,8473607.0,8474190.0,,,,,,,,,,,,,,,,,,PHI
2016020816,20162017,2,2017-02-11,False,2017-02-11T18:00:00Z,-05:00,-05:00,US/Eastern,OFF,OK,2,Islanders,New York,de New York,NYI,0,9,Senators,Ottawa,d'Ottawa,OTT,3,3,REG,3,REG,8467950.0,8475913.0,,Sénateurs,,,,,,,,,,,,,,,,OTT
2016020815,20162017,2,2017-02-11,False,2017-02-11T18:00:00Z,-05:00,-05:00,US/Eastern,OFF,OK,23,Canucks,Vancouver,de Vancouver,VAN,3,6,Bruins,Boston,de Boston,BOS,4,3,REG,3,REG,8471418.0,8477956.0,,,,,,,,,,,,,,,,,,BOS
2016020818,20162017,2,2017-02-11,False,2017-02-11T19:00:00Z,-05:00,-06:00,US/Central,OFF,OK,13,Panthers,Florida,de la Floride,FLA,7,18,Predators,Nashville,de Nashville,NSH,4,3,REG,3,REG,8466141.0,8477493.0,,,,,,,,,,,,,,,,,,FLA
2016020819,20162017,2,2017-02-11,False,2017-02-11T19:00:00Z,-05:00,-06:00,US/Central,OFF,OK,12,Hurricanes,Carolina,de la Caroline,CAR,2,25,Stars,Dallas,de Dallas,DAL,5,3,REG,3,REG,8470140.0,8475310.0,,,,,,,,,,,,,,,,,,DAL
2016020820,20162017,2,2017-02-11,False,2017-02-11T22:00:00Z,-05:00,-05:00,US/Eastern,OFF,OK,17,Red Wings,Detroit,de Detroit,DET,1,29,Blue Jackets,Columbus,de Columbus,CBJ,2,3,REG,3,REG,8475683.0,8474715.0,,,,,,,,,,,,,,,,,,CBJ
2016020825,20162017,2,2017-02-11,False,2017-02-12T00:00:00Z,-05:00,-06:00,America/Winnipeg,OFF,OK,14,Lightning,Tampa Bay,de Tampa Bay,TBL,4,52,Jets,Winnipeg,de Winnipeg,WPG,1,3,REG,3,REG,8471750.0,8470619.0,,,,,,,,,,,,,,,,,,TBL
2016020822,20162017,2,2017-02-11,False,2017-02-12T00:00:00Z,-05:00,-05:00,America/Montreal,OFF,OK,19,Blues,St. Louis,de St. Louis,STL,4,8,Canadiens,Montréal,de Montréal,MTL,2,3,REG,3,REG,8474596.0,8473534.0,,,,,,,,,,,,,,,,,,STL
2016020821,20162017,2,2017-02-11,False,2017-02-12T00:00:00Z,-05:00,-05:00,America/Toronto,OFF,OK,7,Sabres,Buffalo,de Buffalo,BUF,3,10,Maple Leafs,Toronto,de Toronto,TOR,1,3,REG,3,REG,8475215.0,8477933.0,,,,,,,,,,,,,,,,,,BUF
2016020823,20162017,2,2017-02-11,False,2017-02-12T00:00:00Z,-05:00,-05:00,America/New_York,OFF,OK,21,Avalanche,Colorado,du Colorado,COL,2,3,Rangers,New York,de New York,NYR,4,3,REG,3,REG,8468685.0,8470041.0,,,,,,,,,,,,,,,,,,NYR
2016020824,20162017,2,2017-02-11,False,2017-02-12T00:30:00Z,-05:00,-05:00,US/Eastern,OFF,OK,24,Ducks,Anaheim,d'Anaheim,ANA,4,15,Capitals,Washington,de Washington,WSH,6,3,REG,3,REG,8474651.0,8477482.0,,,,,,,,,,,,,,,,,,WSH
2016020826,20162017,2,2017-02-11,False,2017-02-12T01:00:00Z,-05:00,-07:00,America/Phoenix,OFF,OK,5,Penguins,Pittsburgh,de Pittsburgh,PIT,3,53,Coyotes,Arizona,de l'Arizona,ARI,4,4,OT,3,OT,8469608.0,8476473.0,,,,,,,,,,,,,,,,,,ARI
2016020827,20162017,2,2017-02-11,False,2017-02-12T03:00:00Z,-05:00,-07:00,America/Edmonton,OFF,OK,16,Blackhawks,Chicago,de Chicago,CHI,5,22,Oilers,Edmonton,d'Edmonton,EDM,1,3,REG,3,REG,8474152.0,8474141.0,,,,,,,,,,,,,,,,,,CHI
2016020828,20162017,2,2017-02-12,False,2017-02-12T17:30:00Z,-05:00,-05:00,US/Eastern,OFF,OK,28,Sharks,San Jose,de San Jose,SJS,4,1,Devils,New Jersey,du New Jersey,NJD,1,3,REG,3,REG,8474889.0,8470613.0,,,,,,,,,,,,,,,,,,SJS
2016020829,20162017,2,2017-02-12,False,2017-02-12T20:00:00Z,-05:00,-06:00,US/Central,OFF,OK,17,Red Wings,Detroit,de Detroit,DET,3,30,Wild,Minnesota,du Minnesota,MIN,6,3,REG,3,REG,8471227.0,8470610.0,,,,,,,,,,,,,,,,,,MIN
2016020831,20162017,2,2017-02-12,False,2017-02-12T23:00:00Z,-05:00,-06:00,US/Central,OFF,OK,25,Stars,Dallas,de Dallas,DAL,3,18,Predators,Nashville,de Nashville,NSH,5,3,REG,3,REG,8471469.0,8476887.0,,,,,,,,,,,,,,,,,,NSH
2016020830,20162017,2,2017-02-12,False,2017-02-12T23:00:00Z,-05:00,-05:00,America/New_York,OFF,OK,21,Avalanche,Colorado,du Colorado,COL,1,2,Islanders,New York,de New York,NYI,5,3,REG,3,REG,8475234.0,8476458.0,,,,,,,,,,,,,,,,,,NYI
2016020833,20162017,2,2017-02-12,False,2017-02-13T00:30:00Z,-05:00,-05:00,America/New_York,OFF,OK,23,Canucks,Vancouver,de Vancouver,VAN,4,7,Sabres,Buffalo,de Buffalo,BUF,2,3,REG,3,REG,8474593.0,8470358.0,,,,,,,,,,,,,,,Markström,,,VAN
2016020832,20162017,2,2017-02-12,False,2017-02-13T00:30:00Z,-05:00,-05:00,US/Eastern,OFF,OK,8,Canadiens,Montréal,de Montréal,MTL,0,6,Bruins,Boston,de Boston,BOS,4,3,REG,3,REG,8471695.0,8471717.0,,,,,,,,,,,,,,,,,,BOS
2016020834,20162017,2,2017-02-13,False,2017-02-14T00:30:00Z,-05:00,-05:00,US/Eastern,OFF,OK,3,Rangers,New York,de New York,NYR,3,29,Blue Jackets,Columbus,de Columbus,CBJ,2,3,REG,3,REG,8477293.0,8476918.0,,,,,,,,,,,,,,,,,,NYR
2016020835,20162017,2,2017-02-13,False,2017-02-14T02:00:00Z,-05:00,-07:00,America/Edmonton,OFF,OK,53,Coyotes,Arizona,de l'Arizona,ARI,5,20,Flames,Calgary,de Calgary,CGY,0,3,REG,3,REG,8469608.0,8471691.0,,,,,,,,,,,,,,,,,,ARI
2016020836,20162017,2,2017-02-14,False,2017-02-15T00:00:00Z,-05:00,-05:00,US/Eastern,OFF,OK,21,Avalanche,Colorado,du Colorado,COL,2,1,Devils,New Jersey,du New Jersey,NJD,3,3,REG,3,REG,8471239.0,8475151.0,,,,,,,,,,,,,,,,,,NJD
2016020837,20162017,2,2017-02-14,False,2017-02-15T00:00:00Z,-05:00,-05:00,US/Eastern,OFF,OK,23,Canucks,Vancouver,de Vancouver,VAN,0,5,Penguins,Pittsburgh,de Pittsburgh,PIT,4,3,REG,3,REG,8476899.0,8471215.0,,,,,,,,,,,,,,,,,,PIT
2016020839,20162017,2,2017-02-14,False,2017-02-15T00:30:00Z,-05:00,-05:00,US/Eastern,OFF,OK,7,Sabres,Buffalo,de Buffalo,BUF,3,9,Senators,Ottawa,d'Ottawa,OTT,2,3,REG,3,REG,8475215.0,8477473.0,,Sénateurs,,,,,,,,,,,,,,,,BUF
2016020838,20162017,2,2017-02-14,False,2017-02-15T00:30:00Z,-05:00,-05:00,America/Toronto,OFF,OK,2,Islanders,New York,de New York,NYI,1,10,Maple Leafs,Toronto,de Toronto,TOR,7,3,REG,3,REG,8475883.0,8475172.0,,,,,,,,,,,,,,,,,,TOR
2016020840,20162017,2,2017-02-14,False,2017-02-15T01:00:00Z,-05:00,-06:00,US/Central,OFF,OK,24,Ducks,Anaheim,d'Anaheim,ANA,1,30,Wild,Minnesota,du Minnesota,MIN,0,3,REG,3,REG,8476434.0,8476390.0,,,,,,,,,,,,,,,,,,ANA
2016020841,20162017,2,2017-02-14,False,2017-02-15T01:00:00Z,-05:00,-06:00,America/Winnipeg,OFF,OK,25,Stars,Dallas,de Dallas,DAL,2,52,Jets,Winnipeg,de Winnipeg,WPG,5,3,REG,3,REG,8476945.0,8479339.0,,,,,,,,,,,,,,,,,,WPG
2016020842,20162017,2,2017-02-14,False,2017-02-15T02:00:00Z,-05:00,-07:00,America/Edmonton,OFF,OK,53,Coyotes,Arizona,de l'Arizona,ARI,2,22,Oilers,Edmonton,d'Edmonton,EDM,5,3,REG,3,REG,8475660.0,8473914.0,,,,,,,,,,,,,,,,,,EDM
2016020843,20162017,2,2017-02-15,False,2017-02-16T00:00:00Z,-05:00,-05:00,US/Eastern,OFF,OK,10,Maple Leafs,Toronto,de Toronto,TOR,2,29,Blue Jackets,Columbus,de Columbus,CBJ,5,3,REG,3,REG,8476914.0,8477416.0,,,,,,,,,,,,,,,,,,CBJ
2016020844,20162017,2,2017-02-15,False,2017-02-16T01:00:00Z,-05:00,-05:00,America/Detroit,OFF,OK,19,Blues,St. Louis,de St. Louis,STL,2,17,Red Wings,Detroit,de Detroit,DET,0,3,REG,3,REG,8475622.0,8477964.0,,,,,,,,,,,,,,,,,,STL
2016020845,20162017,2,2017-02-15,False,2017-02-16T02:30:00Z,-05:00,-07:00,America/Edmonton,OFF,OK,4,Flyers,Philadelphia,de Philadelphie,PHI,1,20,Flames,Calgary,de Calgary,CGY,3,3,REG,3,REG,8470880.0,8474673.0,,,,,,,,,,,,,,,,,,CGY
2016020846,20162017,2,2017-02-15,False,2017-02-16T03:30:00Z,-05:00,-08:00,US/Pacific,OFF,OK,13,Panthers,Florida,de la Floride,FLA,6,28,Sharks,San Jose,de San Jose,SJS,5,4,OT,3,OT,8473503.0,8476456.0,,,,,,,,,,,,,,,,,,FLA
2016020848,20162017,2,2017-02-16,False,2017-02-17T00:00:00Z,-05:00,-05:00,US/Eastern,OFF,OK,9,Senators,Ottawa,d'Ottawa,OTT,3,1,Devils,New Jersey,du New Jersey,NJD,0,3,REG,3,REG,8477237.0,8470602.0,Sénateurs,,,,,,,,,,,,,,,,,OTT
2016020849,20162017,2,2017-02-16,False,2017-02-17T00:00:00Z,-05:00,-05:00,America/New_York,OFF,OK,3,Rangers,New York,de New York,NYR,2,2,Islanders,New York,de New York,NYI,4,3,REG,3,REG,8471306.0,8473579.0,,,,,,,,,,,,,,,,,,NYI
2016020850,20162017,2,2017-02-16,False,2017-02-17T00:00:00Z,-05:00,-05:00,US/Eastern,OFF,OK,52,Jets,Winnipeg,de Winnipeg,WPG,3,5,Penguins,Pittsburgh,de Pittsburgh,PIT,4,4,OT,3,OT,8470594.0,8471675.0,,,,,,,,,,,,,,,,,,PIT
2016020847,20162017,2,2017-02-16,False,2017-02-17T00:30:00Z,-05:00,-05:00,America/New_York,OFF,OK,21,Avalanche,Colorado,du Colorado,COL,0,7,Sabres,Buffalo,de Buffalo,BUF,2,3,REG,3,REG,8475215.0,8477933.0,,,,,,,,,,,,,,,,,,BUF
2016020851,20162017,2,2017-02-16,False,2017-02-17T01:00:00Z,-05:00,-06:00,US/Central,OFF,OK,23,Canucks,Vancouver,de Vancouver,VAN,3,19,Blues,St. Louis,de St. Louis,STL,4,3,REG,3,REG,8474596.0,8470257.0,,,,,,,,,,,,,,,,,,STL
2016020852,20162017,2,2017-02-16,False,2017-02-17T01:00:00Z,-05:00,-06:00,US/Central,OFF,OK,25,Stars,Dallas,de Dallas,DAL,1,30,Wild,Minnesota,du Minnesota,MIN,3,3,REG,3,REG,8475311.0,8475287.0,,,,,,,,,,,,,,,,,,MIN
2016020853,20162017,2,2017-02-16,False,2017-02-17T02:00:00Z,-05:00,-07:00,America/Edmonton,OFF,OK,4,Flyers,Philadelphia,de Philadelphie,PHI,3,22,Oilers,Edmonton,d'Edmonton,EDM,6,3,REG,3,REG,8475660.0,8476454.0,,,,,,,,,,,,,,,,,,EDM
2016020854,20162017,2,2017-02-16,False,2017-02-17T03:30:00Z,-05:00,-08:00,America/Los_Angeles,OFF,OK,53,Coyotes,Arizona,de l'Arizona,ARI,5,26,Kings,Los Angeles,de Los Angeles,LAK,3,3,REG,3,REG,8469608.0,8476921.0,,,,,,,,,,,,,,,,,,ARI
2016020855,20162017,2,2017-02-17,False,2017-02-18T00:00:00Z,-05:00,-05:00,US/Eastern,OFF,OK,5,Penguins,Pittsburgh,de Pittsburgh,PIT,1,29,Blue Jackets,Columbus,de Columbus,CBJ,2,4,OT,3,OT,8475683.0,8471273.0,,,,,,,,,,,,,,,,,,CBJ
2016020856,20162017,2,2017-02-17,False,2017-02-18T00:30:00Z,-05:00,-05:00,US/Eastern,OFF,OK,21,Avalanche,Colorado,du Colorado,COL,2,12,Hurricanes,Carolina,de la Caroline,CAR,1,4,OT,3,OT,8475717.0,8478420.0,,,,,,,,,,,,,,,,,,COL
2016020857,20162017,2,2017-02-17,False,2017-02-18T03:00:00Z,-05:00,-08:00,America/Los_Angeles,OFF,OK,13,Panthers,Florida,de la Floride,FLA,4,24,Ducks,Anaheim,d'Anaheim,ANA,1,3,REG,3,REG,8473503.0,8448208.0,,,,,,,,,,,,,,,,,,FLA
2016020858,20162017,2,2017-02-18,False,2017-02-18T18:00:00Z,-05:00,-05:00,America/New_York,OFF,OK,19,Blues,St. Louis,de St. Louis,STL,2,7,Sabres,Buffalo,de Buffalo,BUF,3,3,REG,3,REG,8475215.0,8475158.0,,,,,,,,,,,,,,,,,,BUF
2016020859,20162017,2,2017-02-18,False,2017-02-18T19:00:00Z,-05:00,-05:00,America/Montreal,OFF,OK,52,Jets,Winnipeg,de Winnipeg,WPG,3,8,Canadiens,Montréal,de Montréal,MTL,1,3,REG,3,REG,8476945.0,8473618.0,,,,,,,,,,,,,,,,,,WPG
2016020860,20162017,2,2017-02-18,False,2017-02-18T19:00:00Z,-05:00,-05:00,America/Detroit,OFF,OK,15,Capitals,Washington,de Washington,WSH,2,17,Red Wings,Detroit,de Detroit,DET,3,5,SO,3,SO,8475852.0,,,,,,,,,,,,,,,,,,,DET
2016020862,20162017,2,2017-02-18,False,2017-02-19T00:00:00Z,-05:00,-05:00,US/Eastern,OFF,OK,2,Islanders,New York,de New York,NYI,2,1,Devils,New Jersey,du New Jersey,NJD,3,3,REG,3,REG,8471239.0,8478401.0,,,,,,,,,,,,,,,,,,NJD
2016020863,20162017,2,2017-02-18,False,2017-02-19T00:00:00Z,-05:00,-06:00,America/Chicago,OFF,OK,22,Oilers,Edmonton,d'Edmonton,EDM,3,16,Blackhawks,Chicago,de Chicago,CHI,1,3,REG,3,REG,8475660.0,8473473.0,,,,,,,,,,,,,,,,,,EDM
2016020861,20162017,2,2017-02-18,False,2017-02-19T00:00:00Z,-05:00,-05:00,America/Toronto,OFF,OK,9,Senators,Ottawa,d'Ottawa,OTT,6,10,Maple Leafs,Toronto,de Toronto,TOR,3,3,REG,3,REG,8467950.0,8473544.0,Sénateurs,,,,,,,,,,,,,,,,,OTT
2016020865,20162017,2,2017-02-18,False,2017-02-19T01:00:00Z,-05:00,-06:00,US/Central,OFF,OK,18,Predators,Nashville,de Nashville,NSH,2,30,Wild,Minnesota,du Minnesota,MIN,5,3,REG,3,REG,8471227.0,8469459.0,,,,,,,,,,,,,,,,,,MIN
2016020864,20162017,2,2017-02-18,False,2017-02-19T01:00:00Z,-05:00,-06:00,US/Central,OFF,OK,14,Lightning,Tampa Bay,de Tampa Bay,TBL,3,25,Stars,Dallas,de Dallas,DAL,4,4,OT,3,OT,8470140.0,8473994.0,,,,,,,,,,,,,,,,,,DAL
2016020866,20162017,2,2017-02-18,False,2017-02-19T01:00:00Z,-05:00,-07:00,America/Phoenix,OFF,OK,28,Sharks,San Jose,de San Jose,SJS,4,53,Coyotes,Arizona,de l'Arizona,ARI,1,3,REG,3,REG,8477180.0,8477922.0,,,,,,,,,,,,,,,,,,SJS
2016020868,20162017,2,2017-02-18,False,2017-02-19T03:00:00Z,-05:00,-08:00,America/Los_Angeles,OFF,OK,13,Panthers,Florida,de la Floride,FLA,3,26,Kings,Los Angeles,de Los Angeles,LAK,2,3,REG,3,REG,8466141.0,8477493.0,,,,,,,,,,,,,,,,,,FLA
2016020867,20162017,2,2017-02-18,False,2017-02-19T03:00:00Z,-05:00,-08:00,America/Vancouver,OFF,OK,20,Flames,Calgary,de Calgary,CGY,1,23,Canucks,Vancouver,de Vancouver,VAN,2,4,OT,3,OT,8468011.0,8475690.0,,,,,,,,,,,,,,,,,,VAN
2016020869,20162017,2,2017-02-19,False,2017-02-19T17:30:00Z,-05:00,-05:00,America/New_York,OFF,OK,15,Capitals,Washington,de Washington,WSH,1,3,Rangers,New York,de New York,NYR,2,3,REG,3,REG,8468685.0,8475692.0,,,,,,,,,,,,,,,,,,NYR
2016020870,20162017,2,2017-02-19,False,2017-02-19T20:00:00Z,-05:00,-05:00,US/Eastern,OFF,OK,17,Red Wings,Detroit,de Detroit,DET,5,5,Penguins,Pittsburgh,de Pittsburgh,PIT,2,3,REG,3,REG,8475852.0,8475193.0,,,,,,,,,,,,,,,,,,DET
2016020871,20162017,2,2017-02-19,False,2017-02-19T22:00:00Z,-05:00,-05:00,US/Eastern,OFF,OK,52,Jets,Winnipeg,de Winnipeg,WPG,3,9,Senators,Ottawa,d'Ottawa,OTT,2,3,REG,3,REG,8476945.0,8477504.0,,Sénateurs,,,,,,,,,,,,,,,,WPG
2016020874,20162017,2,2017-02-19,False,2017-02-19T23:00:00Z,-05:00,-05:00,US/Eastern,OFF,OK,18,Predators,Nashville,de Nashville,NSH,4,29,Blue Jackets,Columbus,de Columbus,CBJ,3,3,REG,3,REG,8477424.0,8475218.0,,,,,,,,,,,,,,,,,,NSH
2016020873,20162017,2,2017-02-19,False,2017-02-19T23:00:00Z,-05:00,-05:00,America/New_York,OFF,OK,1,Devils,New Jersey,du New Jersey,NJD,4,2,Islanders,New York,de New York,NYI,6,3,REG,3,REG,8475234.0,8475166.0,,,,,,,,,,,,,,,,,,NYI
2016020872,20162017,2,2017-02-19,False,2017-02-19T23:00:00Z,-05:00,-05:00,America/New_York,OFF,OK,16,Blackhawks,Chicago,de Chicago,CHI,5,7,Sabres,Buffalo,de Buffalo,BUF,1,3,REG,3,REG,8474152.0,8466148.0,,,,,,,,,,,,,,,,,,CHI
2016020875,20162017,2,2017-02-19,False,2017-02-20T00:00:00Z,-05:00,-05:00,US/Eastern,OFF,OK,10,Maple Leafs,Toronto,de Toronto,TOR,4,12,Hurricanes,Carolina,de la Caroline,CAR,0,3,REG,3,REG,8470147.0,8477015.0,,,,,,,,,,,,,,,,,,TOR
2016020876,20162017,2,2017-02-19,False,2017-02-20T01:00:00Z,-05:00,-07:00,America/Denver,OFF,OK,14,Lightning,Tampa Bay,de Tampa Bay,TBL,3,21,Avalanche,Colorado,du Colorado,COL,2,4,OT,3,OT,8471750.0,8477494.0,,,,,,,,,,,,,,,,,,TBL
2016020877,20162017,2,2017-02-19,False,2017-02-20T01:30:00Z,-05:00,-08:00,US/Pacific,OFF,OK,6,Bruins,Boston,de Boston,BOS,2,28,Sharks,San Jose,de San Jose,SJS,1,4,OT,3,OT,8471695.0,8473419.0,,,,,,,,,,,,,,,,,,BOS
2016020878,20162017,2,2017-02-19,False,2017-02-20T02:00:00Z,-05:00,-08:00,America/Los_Angeles,OFF,OK,26,Kings,Los Angeles,de Los Angeles,LAK,0,24,Ducks,Anaheim,d'Anaheim,ANA,1,3,REG,3,REG,8476434.0,8476312.0,,,,,,,,,,,,,,,,,,ANA
2016020879,20162017,2,2017-02-19,False,2017-02-20T03:00:00Z,-05:00,-08:00,America/Vancouver,OFF,OK,4,Flyers,Philadelphia,de Philadelphie,PHI,3,23,Canucks,Vancouver,de Vancouver,VAN,2,3,REG,3,REG,8473607.0,8475170.0,,,,,,,,,,,,,,,,,,PHI
2016020880,20162017,2,2017-02-20,False,2017-02-21T01:00:00Z,-05:00,-06:00,US/Central,OFF,OK,13,Panthers,Florida,de la Floride,FLA,2,19,Blues,St. Louis,de St. Louis,STL,1,3,REG,3,REG,8473503.0,8476389.0,,,,,,,,,,,,,,,,,,FLA
2016020881,20162017,2,2017-02-20,False,2017-02-21T02:00:00Z,-05:00,-07:00,America/Phoenix,OFF,OK,24,Ducks,Anaheim,d'Anaheim,ANA,2,53,Coyotes,Arizona,de l'Arizona,ARI,3,3,REG,3,REG,8469608.0,8468085.0,,,,,,,,,,,,,,,,,,ARI
2016020882,20162017,2,2017-02-21,False,2017-02-22T00:00:00Z,-05:00,-05:00,US/Eastern,OFF,OK,9,Senators,Ottawa,d'Ottawa,OTT,2,1,Devils,New Jersey,du New Jersey,NJD,1,3,REG,3,REG,8467950.0,8474578.0,Sénateurs,,,,,,,,,,,,,,,,,OTT
2016020883,20162017,2,2017-02-21,False,2017-02-22T00:00:00Z,-05:00,-05:00,America/New_York,OFF,OK,8,Canadiens,Montréal,de Montréal,MTL,3,3,Rangers,New York,de New York,NYR,2,5,SO,3,SO,8471679.0,,,,,,,,,,,,,,,,,,,MTL
2016020884,20162017,2,2017-02-21,False,2017-02-22T00:00:00Z,-05:00,-05:00,US/Eastern,OFF,OK,5,Penguins,Pittsburgh,de Pittsburgh,PIT,3,12,Hurricanes,Carolina,de la Caroline,CAR,1,3,REG,3,REG,8476899.0,8471675.0,,,,,,,,,,,,,,,,,,PIT
2016020886,20162017,2,2017-02-21,False,2017-02-22T00:30:00Z,-05:00,-05:00,America/Detroit,OFF,OK,2,Islanders,New York,de New York,NYI,3,17,Red Wings,Detroit,de Detroit,DET,1,3,REG,3,REG,8471306.0,8475177.0,,,,,,,,,,,,,,,,,,NYI
2016020885,20162017,2,2017-02-21,False,2017-02-22T00:30:00Z,-05:00,-05:00,America/Toronto,OFF,OK,52,Jets,Winnipeg,de Winnipeg,WPG,4,10,Maple Leafs,Toronto,de Toronto,TOR,5,4,OT,3,OT,8475883.0,8474581.0,,,,,,,,,,,,,,,,,,TOR
2016020887,20162017,2,2017-02-21,False,2017-02-22T00:30:00Z,-05:00,-05:00,US/Eastern,OFF,OK,22,Oilers,Edmonton,d'Edmonton,EDM,1,14,Lightning,Tampa Bay,de Tampa Bay,TBL,4,3,REG,3,REG,8471750.0,8476292.0,,,,,,,,,,,,,,,,,,TBL
2016020888,20162017,2,2017-02-21,False,2017-02-22T01:00:00Z,-05:00,-06:00,US/Central,OFF,OK,20,Flames,Calgary,de Calgary,CGY,6,18,Predators,Nashville,de Nashville,NSH,5,4,OT,3,OT,8470880.0,8470966.0,,,,,,,,,,,,,,,,,,CGY
2016020889,20162017,2,2017-02-21,False,2017-02-22T01:00:00Z,-05:00,-06:00,US/Central,OFF,OK,16,Blackhawks,Chicago,de Chicago,CHI,5,30,Wild,Minnesota,du Minnesota,MIN,3,3,REG,3,REG,8470645.0,8473604.0,,,,,,,,,,,,,,,,,,CHI
2016020890,20162017,2,2017-02-21,False,2017-02-22T02:00:00Z,-05:00,-07:00,America/Denver,OFF,OK,26,Kings,Los Angeles,de Los Angeles,LAK,2,21,Avalanche,Colorado,du Colorado,COL,1,3,REG,3,REG,8469514.0,8473453.0,,,,,,,,,,,,,,,,,,LAK
2016020891,20162017,2,2017-02-22,False,2017-02-23T00:30:00Z,-05:00,-05:00,US/Eastern,OFF,OK,22,Oilers,Edmonton,d'Edmonton,EDM,4,13,Panthers,Florida,de la Floride,FLA,3,3,REG,3,REG,8475660.0,8471729.0,,,,,,,,,,,,,,,,,,EDM
2016020892,20162017,2,2017-02-22,False,2017-02-23T01:00:00Z,-05:00,-05:00,US/Eastern,OFF,OK,15,Capitals,Washington,de Washington,WSH,4,4,Flyers,Philadelphia,de Philadelphie,PHI,1,3,REG,3,REG,8474651.0,8475744.0,,,,,,,,,,,,,,,,,,WSH
2016020893,20162017,2,2017-02-22,False,2017-02-23T03:30:00Z,-05:00,-08:00,America/Los_Angeles,OFF,OK,6,Bruins,Boston,de Boston,BOS,3,24,Ducks,Anaheim,d'Anaheim,ANA,5,3,REG,3,REG,8473541.0,8476483.0,,,,,,,,,,,,,,,,,,ANA
2016020894,20162017,2,2017-02-23,False,2017-02-24T00:30:00Z,-05:00,-05:00,America/Toronto,OFF,OK,3,Rangers,New York,de New York,NYR,2,10,Maple Leafs,Toronto,de Toronto,TOR,1,5,SO,3,SO,8468685.0,,,,,,,,,,,,,,,,,,,NYR
2016020896,20162017,2,2017-02-23,False,2017-02-24T00:30:00Z,-05:00,-05:00,US/Eastern,OFF,OK,20,Flames,Calgary,de Calgary,CGY,3,14,Lightning,Tampa Bay,de Tampa Bay,TBL,2,3,REG,3,REG,8470880.0,8476462.0,,,,,,,,,,,,,,,,,,CGY
2016020895,20162017,2,2017-02-23,False,2017-02-24T00:30:00Z,-05:00,-05:00,America/Montreal,OFF,OK,2,Islanders,New York,de New York,NYI,3,8,Canadiens,Montréal,de Montréal,MTL,0,3,REG,3,REG,8471306.0,8478463.0,,,,,,,,,,,,,,,,,,NYI
2016020897,20162017,2,2017-02-23,False,2017-02-24T01:00:00Z,-05:00,-06:00,US/Central,OFF,OK,21,Avalanche,Colorado,du Colorado,COL,2,18,Predators,Nashville,de Nashville,NSH,4,3,REG,3,REG,8471469.0,8476887.0,,,,,,,,,,,,,,,,,,NSH
2016020898,20162017,2,2017-02-23,False,2017-02-24T01:30:00Z,-05:00,-06:00,America/Chicago,OFF,OK,53,Coyotes,Arizona,de l'Arizona,ARI,3,16,Blackhawks,Chicago,de Chicago,CHI,6,3,REG,3,REG,8470645.0,8465058.0,,,,,,,,,,,,,,,,,,CHI
2016020899,20162017,2,2017-02-23,False,2017-02-24T03:30:00Z,-05:00,-08:00,America/Los_Angeles,OFF,OK,6,Bruins,Boston,de Boston,BOS,4,26,Kings,Los Angeles,de Los Angeles,LAK,1,3,REG,3,REG,8471418.0,8477956.0,,,,,,,,,,,,,,,,,,BOS
2016020900,20162017,2,2017-02-24,False,2017-02-25T00:00:00Z,-05:00,-05:00,US/Eastern,OFF,OK,22,Oilers,Edmonton,d'Edmonton,EDM,1,15,Capitals,Washington,de Washington,WSH,2,3,REG,3,REG,8474651.0,8468508.0,,,,,,,,,,,,,,,,,,WSH
2016020902,20162017,2,2017-02-24,False,2017-02-25T00:30:00Z,-05:00,-05:00,US/Eastern,OFF,OK,9,Senators,Ottawa,d'Ottawa,OTT,0,12,Hurricanes,Carolina,de la Caroline,CAR,3,3,REG,3,REG,8475663.0,8473533.0,Sénateurs,,,,,,,,,,,,,,,,,CAR
2016020901,20162017,2,2017-02-24,False,2017-02-25T00:30:00Z,-05:00,-05:00,US/Eastern,OFF,OK,20,Flames,Calgary,de Calgary,CGY,4,13,Panthers,Florida,de la Floride,FLA,2,3,REG,3,REG,8473434.0,8468674.0,,,,,,,,,,,,,,,,,,CGY
2016020903,20162017,2,2017-02-24,False,2017-02-25T01:30:00Z,-05:00,-06:00,US/Central,OFF,OK,53,Coyotes,Arizona,de l'Arizona,ARI,2,25,Stars,Dallas,de Dallas,DAL,5,3,REG,3,REG,8470140.0,8473994.0,,,,,,,,,,,,,,,,,,DAL
2016020904,20162017,2,2017-02-25,False,2017-02-25T21:00:00Z,-05:00,-08:00,America/Los_Angeles,OFF,OK,24,Ducks,Anaheim,d'Anaheim,ANA,1,26,Kings,Los Angeles,de Los Angeles,LAK,4,3,REG,3,REG,8471734.0,8475726.0,,,,,,,,,,,,,,,,,,LAK
2016020906,20162017,2,2017-02-25,False,2017-02-25T22:00:00Z,-05:00,-06:00,US/Central,OFF,OK,15,Capitals,Washington,de Washington,WSH,2,18,Predators,Nashville,de Nashville,NSH,5,3,REG,3,REG,8477424.0,8467370.0,,,,,,,,,,,,,,,,,,NSH
2016020909,20162017,2,2017-02-25,False,2017-02-25T22:00:00Z,-05:00,-05:00,US/Eastern,OFF,OK,2,Islanders,New York,de New York,NYI,0,29,Blue Jackets,Columbus,de Columbus,CBJ,7,3,REG,3,REG,8476914.0,8471677.0,,,,,,,,,,,,,,,,,,CBJ
2016020905,20162017,2,2017-02-25,False,2017-02-25T22:00:00Z,-05:00,-05:00,US/Eastern,OFF,OK,3,Rangers,New York,de New York,NYR,4,1,Devils,New Jersey,du New Jersey,NJD,3,4,OT,3,OT,8477293.0,8476459.0,,,,,,,,,,,,,,,,,,NYR
2016020907,20162017,2,2017-02-25,False,2017-02-26T00:00:00Z,-05:00,-05:00,America/Toronto,OFF,OK,8,Canadiens,Montréal,de Montréal,MTL,3,10,Maple Leafs,Toronto,de Toronto,TOR,2,4,OT,3,OT,8471679.0,8476381.0,,,,,,,,,,,,,,,,,,MTL
2016020908,20162017,2,2017-02-25,True,2017-02-26T01:00:00Z,-05:00,-05:00,America/New_York,OFF,OK,4,Flyers,Philadelphia,de Philadelphie,PHI,2,5,Penguins,Pittsburgh,de Pittsburgh,PIT,4,3,REG,3,REG,8476899.0,8464989.0,,,,,,,,,,,,,31.0,Coors Light NHL Stadium Series,,,,PIT
2016020910,20162017,2,2017-02-25,False,2017-02-26T03:00:00Z,-05:00,-07:00,America/Denver,OFF,OK,7,Sabres,Buffalo,de Buffalo,BUF,3,21,Avalanche,Colorado,du Colorado,COL,5,3,REG,3,REG,8474092.0,8471260.0,,,,,,,,,,,,,,,,,,COL
2016020911,20162017,2,2017-02-25,False,2017-02-26T03:00:00Z,-05:00,-08:00,America/Vancouver,OFF,OK,28,Sharks,San Jose,de San Jose,SJS,4,23,Canucks,Vancouver,de Vancouver,VAN,1,3,REG,3,REG,8474889.0,8466139.0,,,,,,,,,,,,,,,,,,SJS
2016020912,20162017,2,2017-02-26,False,2017-02-26T17:30:00Z,-05:00,-06:00,US/Central,OFF,OK,6,Bruins,Boston,de Boston,BOS,6,25,Stars,Dallas,de Dallas,DAL,3,3,REG,3,REG,8471695.0,8470638.0,,,,,,,,,,,,,,,,,,BOS
2016020913,20162017,2,2017-02-26,False,2017-02-26T20:00:00Z,-05:00,-05:00,US/Eastern,OFF,OK,20,Flames,Calgary,de Calgary,CGY,3,12,Hurricanes,Carolina,de la Caroline,CAR,1,3,REG,3,REG,8470880.0,8476346.0,,,,,,,,,,,,,,,,,,CGY
2016020915,20162017,2,2017-02-26,False,2017-02-26T22:00:00Z,-05:00,-06:00,US/Central,OFF,OK,22,Oilers,Edmonton,d'Edmonton,EDM,4,18,Predators,Nashville,de Nashville,NSH,5,3,REG,3,REG,8471469.0,8478042.0,,,,,,,,,,,,,,,,,,NSH
2016020914,20162017,2,2017-02-26,False,2017-02-26T22:00:00Z,-05:00,-05:00,America/New_York,OFF,OK,29,Blue Jackets,Columbus,de Columbus,CBJ,5,3,Rangers,New York,de New York,NYR,2,3,REG,3,REG,8475683.0,8477505.0,,,,,,,,,,,,,,,,,,CBJ
2016020917,20162017,2,2017-02-26,False,2017-02-27T00:30:00Z,-05:00,-06:00,America/Chicago,OFF,OK,19,Blues,St. Louis,de St. Louis,STL,2,16,Blackhawks,Chicago,de Chicago,CHI,4,3,REG,3,REG,8474152.0,8473573.0,,,,,,,,,,,,,,,,,,CHI
2016020916,20162017,2,2017-02-26,False,2017-02-27T00:30:00Z,-05:00,-05:00,US/Eastern,OFF,OK,9,Senators,Ottawa,d'Ottawa,OTT,2,13,Panthers,Florida,de la Floride,FLA,1,3,REG,3,REG,8467950.0,8474068.0,Sénateurs,,,,,,,,,,,,,,,,,OTT
2016020918,20162017,2,2017-02-26,False,2017-02-27T01:30:00Z,-05:00,-07:00,America/Phoenix,OFF,OK,7,Sabres,Buffalo,de Buffalo,BUF,2,53,Coyotes,Arizona,de l'Arizona,ARI,3,3,REG,3,REG,8475839.0,8468085.0,,,,,,,,,,,,,,,,,,ARI
2016020919,20162017,2,2017-02-27,False,2017-02-28T00:00:00Z,-05:00,-05:00,US/Eastern,OFF,OK,8,Canadiens,Montréal,de Montréal,MTL,4,1,Devils,New Jersey,du New Jersey,NJD,3,4,OT,3,OT,8471219.0,8476851.0,,,,,,,,,,,,,,,,,,MTL
2016020920,20162017,2,2017-02-27,False,2017-02-28T00:30:00Z,-05:00,-05:00,US/Eastern,OFF,OK,9,Senators,Ottawa,d'Ottawa,OTT,1,14,Lightning,Tampa Bay,de Tampa Bay,TBL,5,3,REG,3,REG,8476883.0,8476453.0,Sénateurs,,,,,,,,,,,,,,,,,TBL
2016020921,20162017,2,2017-02-27,False,2017-02-28T01:00:00Z,-05:00,-06:00,US/Central,OFF,OK,26,Kings,Los Angeles,de Los Angeles,LAK,4,30,Wild,Minnesota,du Minnesota,MIN,5,4,OT,3,OT,8471227.0,8475798.0,,,,,,,,,,,,,,,,,,MIN
2016020924,20162017,2,2017-02-28,False,2017-03-01T00:00:00Z,-05:00,-05:00,America/New_York,OFF,OK,15,Capitals,Washington,de Washington,WSH,4,3,Rangers,New York,de New York,NYR,1,3,REG,3,REG,8474651.0,8475792.0,,,,,,,,,,,,,,,,,,WSH
2016020925,20162017,2,2017-02-28,False,2017-03-01T00:00:00Z,-05:00,-05:00,US/Eastern,OFF,OK,21,Avalanche,Colorado,du Colorado,COL,0,4,Flyers,Philadelphia,de Philadelphie,PHI,4,3,REG,3,REG,8473461.0,8474190.0,,,,,,,,,,,,,,,,,,PHI
2016020922,20162017,2,2017-02-28,False,2017-03-01T00:00:00Z,-05:00,-05:00,US/Eastern,OFF,OK,53,Coyotes,Arizona,de l'Arizona,ARI,1,6,Bruins,Boston,de Boston,BOS,4,3,REG,3,REG,8471695.0,8474062.0,,,,,,,,,,,,,,,,,,BOS
2016020923,20162017,2,2017-02-28,False,2017-03-01T00:00:00Z,-05:00,-05:00,America/New_York,OFF,OK,18,Predators,Nashville,de Nashville,NSH,5,7,Sabres,Buffalo,de Buffalo,BUF,4,4,OT,3,OT,8471469.0,8476887.0,,,,,,,,,,,,,,,,,,NSH
2016020926,20162017,2,2017-02-28,False,2017-03-01T00:30:00Z,-05:00,-05:00,America/Montreal,OFF,OK,29,Blue Jackets,Columbus,de Columbus,CBJ,0,8,Canadiens,Montréal,de Montréal,MTL,1,4,OT,3,OT,8471679.0,8476851.0,,,,,,,,,,,,,,,,,,MTL
2016020927,20162017,2,2017-02-28,False,2017-03-01T00:30:00Z,-05:00,-05:00,US/Eastern,OFF,OK,12,Hurricanes,Carolina,de la Caroline,CAR,2,13,Panthers,Florida,de la Floride,FLA,3,5,SO,3,SO,8466141.0,,,,,,,,,,,,,,,,,,,FLA
2016020928,20162017,2,2017-02-28,False,2017-03-01T01:00:00Z,-05:00,-06:00,US/Central,OFF,OK,22,Oilers,Edmonton,d'Edmonton,EDM,2,19,Blues,St. Louis,de St. Louis,STL,1,3,REG,3,REG,8475660.0,8473914.0,,,,,,,,,,,,,,,,,,EDM
2016020929,20162017,2,2017-02-28,False,2017-03-01T01:00:00Z,-05:00,-06:00,America/Winnipeg,OFF,OK,30,Wild,Minnesota,du Minnesota,MIN,6,52,Jets,Winnipeg,de Winnipeg,WPG,5,3,REG,3,REG,8471227.0,8475722.0,,,,,,,,,,,,,,,,,,MIN
2016020930,20162017,2,2017-02-28,False,2017-03-01T01:30:00Z,-05:00,-06:00,US/Central,OFF,OK,5,Penguins,Pittsburgh,de Pittsburgh,PIT,2,25,Stars,Dallas,de Dallas,DAL,3,3,REG,3,REG,8474550.0,8474849.0,,,,,,,,,,,,,,,,,,DAL
2016020931,20162017,2,2017-02-28,False,2017-03-01T02:00:00Z,-05:00,-07:00,America/Edmonton,OFF,OK,26,Kings,Los Angeles,de Los Angeles,LAK,1,20,Flames,Calgary,de Calgary,CGY,2,4,OT,3,OT,8470880.0,8474673.0,,,,,,,,,,,,,,,,,,CGY
2016020932,20162017,2,2017-02-28,False,2017-03-01T03:00:00Z,-05:00,-08:00,America/Vancouver,OFF,OK,17,Red Wings,Detroit,de Detroit,DET,3,23,Canucks,Vancouver,de Vancouver,VAN,2,4,OT,3,OT,8475852.0,8471716.0,,,,,,,,,,,,,,,,,,DET
2016020933,20162017,2,2017-02-28,False,2017-03-01T03:30:00Z,-05:00,-08:00,US/Pacific,OFF,OK,10,Maple Leafs,Toronto,de Toronto,TOR,1,28,Sharks,San Jose,de San Jose,SJS,3,3,REG,3,REG,8474889.0,8476881.0,,,,,,,,,,,,,,,,,,SJS
2016020934,20162017,2,2017-03-01,False,2017-03-02T00:00:00Z,-05:00,-05:00,US/Eastern,OFF,OK,12,Hurricanes,Carolina,de la Caroline,CAR,3,14,Lightning,Tampa Bay,de Tampa Bay,TBL,4,4,OT,3,OT,8476883.0,8475167.0,,,,,,,,,,,,,,,,,,TBL
2016020935,20162017,2,2017-03-01,False,2017-03-02T01:00:00Z,-05:00,-06:00,America/Chicago,OFF,OK,5,Penguins,Pittsburgh,de Pittsburgh,PIT,1,16,Blackhawks,Chicago,de Chicago,CHI,4,3,REG,3,REG,8474152.0,8475209.0,,,,,,,,,,,,,,,,,,CHI
2016020936,20162017,2,2017-03-02,False,2017-03-03T00:00:00Z,-05:00,-05:00,US/Eastern,OFF,OK,3,Rangers,New York,de New York,NYR,2,6,Bruins,Boston,de Boston,BOS,1,3,REG,3,REG,8468685.0,8475715.0,,,,,,,,,,,,,,,,,,NYR
2016020938,20162017,2,2017-03-02,False,2017-03-03T00:00:00Z,-05:00,-05:00,US/Eastern,OFF,OK,13,Panthers,Florida,de la Floride,FLA,1,4,Flyers,Philadelphia,de Philadelphie,PHI,2,5,SO,3,SO,8473461.0,,,,,,,,,,,,,,,,,,,PHI
2016020939,20162017,2,2017-03-02,False,2017-03-03T00:00:00Z,-05:00,-05:00,US/Eastern,OFF,OK,1,Devils,New Jersey,du New Jersey,NJD,0,15,Capitals,Washington,de Washington,WSH,1,3,REG,3,REG,8474651.0,8477944.0,,,,,,,,,,,,,,,,,,WSH
2016020940,20162017,2,2017-03-02,False,2017-03-03T00:00:00Z,-05:00,-05:00,US/Eastern,OFF,OK,30,Wild,Minnesota,du Minnesota,MIN,0,29,Blue Jackets,Columbus,de Columbus,CBJ,1,3,REG,3,REG,8475683.0,8476438.0,,,,,,,,,,,,,,,,,,CBJ
2016020937,20162017,2,2017-03-02,False,2017-03-03T00:00:00Z,-05:00,-05:00,America/New_York,OFF,OK,53,Coyotes,Arizona,de l'Arizona,ARI,3,7,Sabres,Buffalo,de Buffalo,BUF,6,3,REG,3,REG,8475215.0,8475169.0,,,,,,,,,,,,,,,,,,BUF
2016020941,20162017,2,2017-03-02,False,2017-03-03T00:30:00Z,-05:00,-05:00,America/Montreal,OFF,OK,18,Predators,Nashville,de Nashville,NSH,1,8,Canadiens,Montréal,de Montréal,MTL,2,3,REG,3,REG,8471679.0,8474038.0,,,,,,,,,,,,,,,,,,MTL
2016020942,20162017,2,2017-03-02,False,2017-03-03T00:30:00Z,-05:00,-05:00,US/Eastern,OFF,OK,21,Avalanche,Colorado,du Colorado,COL,1,9,Senators,Ottawa,d'Ottawa,OTT,2,3,REG,3,REG,8467950.0,8470358.0,,Sénateurs,,,,,,,,,,,,,,,,OTT
2016020943,20162017,2,2017-03-02,False,2017-03-03T01:30:00Z,-05:00,-06:00,US/Central,OFF,OK,2,Islanders,New York,de New York,NYI,5,25,Stars,Dallas,de Dallas,DAL,4,3,REG,3,REG,8471306.0,8473579.0,,,,,,,,,,,,,,,,,,NYI
2016020944,20162017,2,2017-03-02,False,2017-03-03T03:30:00Z,-05:00,-08:00,America/Los_Angeles,OFF,OK,10,Maple Leafs,Toronto,de Toronto,TOR,2,26,Kings,Los Angeles,de Los Angeles,LAK,3,5,SO,3,SO,8471734.0,,,,,,,,,,,,,,,,,,,LAK
2016020945,20162017,2,2017-03-02,False,2017-03-03T03:30:00Z,-05:00,-08:00,US/Pacific,OFF,OK,23,Canucks,Vancouver,de Vancouver,VAN,1,28,Sharks,San Jose,de San Jose,SJS,3,3,REG,3,REG,8477180.0,8475834.0,,,,,,,,,,,,,,,,,,SJS
2016020946,20162017,2,2017-03-03,False,2017-03-04T00:00:00Z,-05:00,-05:00,US/Eastern,OFF,OK,14,Lightning,Tampa Bay,de Tampa Bay,TBL,2,5,Penguins,Pittsburgh,de Pittsburgh,PIT,5,3,REG,3,REG,8476899.0,8468309.0,,,,,,,,,,,,,,,,,,PIT
2016020947,20162017,2,2017-03-03,False,2017-03-04T00:30:00Z,-05:00,-05:00,US/Eastern,OFF,OK,53,Coyotes,Arizona,de l'Arizona,ARI,4,12,Hurricanes,Carolina,de la Caroline,CAR,2,3,REG,3,REG,8475839.0,8476921.0,,,,,,,,,,,,,,,,,,ARI
2016020948,20162017,2,2017-03-03,False,2017-03-04T01:00:00Z,-05:00,-06:00,America/Winnipeg,OFF,OK,19,Blues,St. Louis,de St. Louis,STL,0,52,Jets,Winnipeg,de Winnipeg,WPG,3,3,REG,3,REG,8476945.0,8471218.0,,,,,,,,,,,,,,,,,,WPG
2016020949,20162017,2,2017-03-03,False,2017-03-04T01:30:00Z,-05:00,-06:00,America/Chicago,OFF,OK,2,Islanders,New York,de New York,NYI,1,16,Blackhawks,Chicago,de Chicago,CHI,2,5,SO,3,SO,8470645.0,,,,,,,,,,,,,,,,,,,CHI
2016020950,20162017,2,2017-03-03,False,2017-03-04T02:00:00Z,-05:00,-07:00,America/Edmonton,OFF,OK,17,Red Wings,Detroit,de Detroit,DET,2,20,Flames,Calgary,de Calgary,CGY,3,4,OT,3,OT,8470880.0,8474150.0,,,,,,,,,,,,,,,,,,CGY
2016020951,20162017,2,2017-03-03,False,2017-03-04T03:00:00Z,-05:00,-08:00,America/Los_Angeles,OFF,OK,10,Maple Leafs,Toronto,de Toronto,TOR,2,24,Ducks,Anaheim,d'Anaheim,ANA,5,3,REG,3,REG,8473541.0,8476483.0,,,,,,,,,,,,,,,,,,ANA
2016020954,20162017,2,2017-03-04,False,2017-03-05T00:00:00Z,-05:00,-05:00,US/Eastern,OFF,OK,29,Blue Jackets,Columbus,de Columbus,CBJ,2,9,Senators,Ottawa,d'Ottawa,OTT,3,3,REG,3,REG,8467950.0,8474250.0,,Sénateurs,,,,,,,,,,,,,,,,OTT
2016020952,20162017,2,2017-03-04,False,2017-03-05T00:00:00Z,-05:00,-05:00,US/Eastern,OFF,OK,1,Devils,New Jersey,du New Jersey,NJD,2,6,Bruins,Boston,de Boston,BOS,3,3,REG,3,REG,8471418.0,8475727.0,,,,,,,,,,,,,,,,,,BOS
2016020953,20162017,2,2017-03-04,False,2017-03-05T00:00:00Z,-05:00,-05:00,America/New_York,OFF,OK,14,Lightning,Tampa Bay,de Tampa Bay,TBL,2,7,Sabres,Buffalo,de Buffalo,BUF,1,5,SO,3,SO,8476883.0,,,,,,,,,,,,,,,,,,,TBL
2016020956,20162017,2,2017-03-04,False,2017-03-05T00:00:00Z,-05:00,-05:00,America/New_York,OFF,OK,8,Canadiens,Montréal,de Montréal,MTL,4,3,Rangers,New York,de New York,NYR,1,3,REG,3,REG,8471679.0,8477476.0,,,,,,,,,,,,,,,,,,MTL
2016020955,20162017,2,2017-03-04,False,2017-03-05T00:00:00Z,-05:00,-05:00,US/Eastern,OFF,OK,25,Stars,Dallas,de Dallas,DAL,2,13,Panthers,Florida,de la Floride,FLA,1,3,REG,3,REG,8470140.0,8475906.0,,,,,,,,,,,,,,,,,,DAL
2016020958,20162017,2,2017-03-04,False,2017-03-05T00:00:00Z,-05:00,-06:00,America/Winnipeg,OFF,OK,21,Avalanche,Colorado,du Colorado,COL,1,52,Jets,Winnipeg,de Winnipeg,WPG,6,3,REG,3,REG,8476945.0,8471218.0,,,,,,,,,,,,,,,,,,WPG
2016020957,20162017,2,2017-03-04,False,2017-03-05T00:30:00Z,-05:00,-05:00,US/Eastern,OFF,OK,4,Flyers,Philadelphia,de Philadelphie,PHI,1,15,Capitals,Washington,de Washington,WSH,2,4,OT,3,OT,8474651.0,8473563.0,,,,,,,,,,,,,,,,,,WSH
2016020959,20162017,2,2017-03-04,False,2017-03-05T01:00:00Z,-05:00,-06:00,US/Central,OFF,OK,16,Blackhawks,Chicago,de Chicago,CHI,5,18,Predators,Nashville,de Nashville,NSH,3,3,REG,3,REG,8470645.0,8466285.0,,,,,,,,,,,,,,,,,,CHI
2016020960,20162017,2,2017-03-04,False,2017-03-05T03:00:00Z,-05:00,-07:00,America/Edmonton,OFF,OK,17,Red Wings,Detroit,de Detroit,DET,3,22,Oilers,Edmonton,d'Edmonton,EDM,4,3,REG,3,REG,8475660.0,8474034.0,,,,,,,,,,,,,,,,,,EDM
2016020961,20162017,2,2017-03-04,False,2017-03-05T03:00:00Z,-05:00,-08:00,America/Los_Angeles,OFF,OK,23,Canucks,Vancouver,de Vancouver,VAN,4,26,Kings,Los Angeles,de Los Angeles,LAK,3,3,REG,3,REG,8468011.0,8477958.0,,,,,,,,,,,,,,,,,,VAN
2016020962,20162017,2,2017-03-05,False,2017-03-05T21:00:00Z,-05:00,-07:00,America/Edmonton,OFF,OK,2,Islanders,New York,de New York,NYI,2,20,Flames,Calgary,de Calgary,CGY,5,3,REG,3,REG,8470880.0,8475907.0,,,,,,,,,,,,,,,,,,CGY
2016020963,20162017,2,2017-03-05,False,2017-03-05T22:00:00Z,-05:00,-05:00,US/Eastern,OFF,OK,29,Blue Jackets,Columbus,de Columbus,CBJ,3,1,Devils,New Jersey,du New Jersey,NJD,0,3,REG,3,REG,8475683.0,8476432.0,,,,,,,,,,,,,,,,,,CBJ
2016020964,20162017,2,2017-03-05,False,2017-03-05T22:00:00Z,-05:00,-05:00,US/Eastern,OFF,OK,7,Sabres,Buffalo,de Buffalo,BUF,3,5,Penguins,Pittsburgh,de Pittsburgh,PIT,4,3,REG,3,REG,8470594.0,8477839.0,,,,,,,,,,,,,,,,,,PIT
2016020965,20162017,2,2017-03-05,False,2017-03-05T23:00:00Z,-05:00,-06:00,US/Central,OFF,OK,28,Sharks,San Jose,de San Jose,SJS,1,30,Wild,Minnesota,du Minnesota,MIN,3,3,REG,3,REG,8471227.0,8470595.0,,,,,,,,,,,,,,,,,,MIN
2016020967,20162017,2,2017-03-05,False,2017-03-06T01:00:00Z,-05:00,-08:00,America/Los_Angeles,OFF,OK,23,Canucks,Vancouver,de Vancouver,VAN,2,24,Ducks,Anaheim,d'Anaheim,ANA,1,3,REG,3,REG,8473614.0,8476440.0,,,,,,,,,,,,,,,,,,VAN
2016020966,20162017,2,2017-03-05,False,2017-03-06T01:00:00Z,-05:00,-07:00,America/Denver,OFF,OK,19,Blues,St. Louis,de St. Louis,STL,3,21,Avalanche,Colorado,du Colorado,COL,0,3,REG,3,REG,8474596.0,8471669.0,,,,,,,,,,,,,,,,,,STL
2016020968,20162017,2,2017-03-05,False,2017-03-06T01:30:00Z,-05:00,-07:00,America/Phoenix,OFF,OK,12,Hurricanes,Carolina,de la Caroline,CAR,2,53,Coyotes,Arizona,de l'Arizona,ARI,1,3,REG,3,REG,8475663.0,8478585.0,,,,,,,,,,,,,,,,,,CAR
2016020971,20162017,2,2017-03-06,False,2017-03-07T00:30:00Z,-05:00,-05:00,US/Eastern,OFF,OK,3,Rangers,New York,de New York,NYR,1,14,Lightning,Tampa Bay,de Tampa Bay,TBL,0,4,OT,3,OT,8477293.0,8476459.0,,,,,,,,,,,,,,,,,,NYR
2016020969,20162017,2,2017-03-06,False,2017-03-07T00:30:00Z,-05:00,-05:00,US/Eastern,OFF,OK,25,Stars,Dallas,de Dallas,DAL,4,15,Capitals,Washington,de Washington,WSH,2,3,REG,3,REG,8470140.0,8469455.0,,,,,,,,,,,,,,,,,,DAL
2016020970,20162017,2,2017-03-06,False,2017-03-07T00:30:00Z,-05:00,-05:00,US/Eastern,OFF,OK,6,Bruins,Boston,de Boston,BOS,2,9,Senators,Ottawa,d'Ottawa,OTT,4,3,REG,3,REG,8467950.0,8474884.0,,Sénateurs,,,,,,,,,,,,,,,,OTT
2016020972,20162017,2,2017-03-06,False,2017-03-07T01:00:00Z,-05:00,-06:00,America/Winnipeg,OFF,OK,28,Sharks,San Jose,de San Jose,SJS,3,52,Jets,Winnipeg,de Winnipeg,WPG,2,3,REG,3,REG,8477180.0,8470794.0,,,,,,,,,,,,,,,,,,SJS
2016020974,20162017,2,2017-03-07,False,2017-03-08T00:00:00Z,-05:00,-05:00,US/Eastern,OFF,OK,1,Devils,New Jersey,du New Jersey,NJD,0,29,Blue Jackets,Columbus,de Columbus,CBJ,2,3,REG,3,REG,8475683.0,8477416.0,,,,,,,,,,,,,,,,,,CBJ
2016020975,20162017,2,2017-03-07,False,2017-03-08T00:30:00Z,-05:00,-05:00,America/Toronto,OFF,OK,17,Red Wings,Detroit,de Detroit,DET,2,10,Maple Leafs,Toronto,de Toronto,TOR,3,3,REG,3,REG,8475883.0,8475172.0,,,,,,,,,,,,,,,,,,TOR
2016020973,20162017,2,2017-03-07,False,2017-03-08T00:30:00Z,-05:00,-05:00,America/New_York,OFF,OK,4,Flyers,Philadelphia,de Philadelphie,PHI,6,7,Sabres,Buffalo,de Buffalo,BUF,3,3,REG,3,REG,8473461.0,8473512.0,,,,,,,,,,,,,,,,,,PHI
2016020976,20162017,2,2017-03-07,False,2017-03-08T00:30:00Z,-05:00,-05:00,US/Eastern,OFF,OK,3,Rangers,New York,de New York,NYR,5,13,Panthers,Florida,de la Floride,FLA,2,3,REG,3,REG,8468685.0,8475763.0,,,,,,,,,,,,,,,,,,NYR
2016020977,20162017,2,2017-03-07,False,2017-03-08T01:00:00Z,-05:00,-06:00,US/Central,OFF,OK,19,Blues,St. Louis,de St. Louis,STL,2,30,Wild,Minnesota,du Minnesota,MIN,1,3,REG,3,REG,8474596.0,8475765.0,,,,,,,,,,,,,,,,,,STL
2016020979,20162017,2,2017-03-07,False,2017-03-08T02:00:00Z,-05:00,-07:00,America/Edmonton,OFF,OK,2,Islanders,New York,de New York,NYI,4,22,Oilers,Edmonton,d'Edmonton,EDM,1,3,REG,3,REG,8471306.0,8475314.0,,,,,,,,,,,,,,,,,,NYI
2016020978,20162017,2,2017-03-07,False,2017-03-08T02:00:00Z,-05:00,-07:00,America/Denver,OFF,OK,12,Hurricanes,Carolina,de la Caroline,CAR,1,21,Avalanche,Colorado,du Colorado,COL,3,3,REG,3,REG,8475717.0,8475197.0,,,,,,,,,,,,,,,,,,COL
2016020981,20162017,2,2017-03-07,False,2017-03-08T03:00:00Z,-05:00,-08:00,America/Los_Angeles,OFF,OK,18,Predators,Nashville,de Nashville,NSH,3,24,Ducks,Anaheim,d'Anaheim,ANA,4,5,SO,3,SO,8473541.0,,,,,,,,,,,,,,,,,,,ANA
2016020980,20162017,2,2017-03-07,False,2017-03-08T03:00:00Z,-05:00,-08:00,America/Vancouver,OFF,OK,8,Canadiens,Montréal,de Montréal,MTL,2,23,Canucks,Vancouver,de Vancouver,VAN,1,4,OT,3,OT,8471679.0,8474038.0,,,,,,,,,,,,,,,,,,MTL
2016020984,20162017,2,2017-03-08,False,2017-03-09T01:00:00Z,-05:00,-06:00,America/Winnipeg,OFF,OK,5,Penguins,Pittsburgh,de Pittsburgh,PIT,7,52,Jets,Winnipeg,de Winnipeg,WPG,4,3,REG,3,REG,8476899.0,8471215.0,,,,,,,,,,,,,,,,,,PIT
2016020982,20162017,2,2017-03-08,False,2017-03-09T01:00:00Z,-05:00,-05:00,US/Eastern,OFF,OK,17,Red Wings,Detroit,de Detroit,DET,1,6,Bruins,Boston,de Boston,BOS,6,3,REG,3,REG,8471695.0,8473419.0,,,,,,,,,,,,,,,,,,BOS
2016020983,20162017,2,2017-03-08,False,2017-03-09T01:00:00Z,-05:00,-06:00,US/Central,OFF,OK,9,Senators,Ottawa,d'Ottawa,OTT,5,25,Stars,Dallas,de Dallas,DAL,2,3,REG,3,REG,8467950.0,8476419.0,Sénateurs,,,,,,,,,,,,,,,,,OTT
2016020985,20162017,2,2017-03-09,False,2017-03-10T00:00:00Z,-05:00,-05:00,US/Eastern,OFF,OK,3,Rangers,New York,de New York,NYR,3,12,Hurricanes,Carolina,de la Caroline,CAR,4,3,REG,3,REG,8470320.0,8478427.0,,,,,,,,,,,,,,,,,,CAR
2016020987,20162017,2,2017-03-09,False,2017-03-10T00:30:00Z,-05:00,-05:00,US/Eastern,OFF,OK,30,Wild,Minnesota,du Minnesota,MIN,1,14,Lightning,Tampa Bay,de Tampa Bay,TBL,4,3,REG,3,REG,8476883.0,8475167.0,,,,,,,,,,,,,,,,,,TBL
2016020986,20162017,2,2017-03-09,False,2017-03-10T00:30:00Z,-05:00,-05:00,America/Toronto,OFF,OK,4,Flyers,Philadelphia,de Philadelphie,PHI,2,10,Maple Leafs,Toronto,de Toronto,TOR,4,3,REG,3,REG,8475883.0,8478483.0,,,,,,,,,,,,,,,,,,TOR
2016020988,20162017,2,2017-03-09,False,2017-03-10T01:30:00Z,-05:00,-06:00,America/Chicago,OFF,OK,24,Ducks,Anaheim,d'Anaheim,ANA,1,16,Blackhawks,Chicago,de Chicago,CHI,0,3,REG,3,REG,8473541.0,8470621.0,,,,,,,,,,,,,,,,,,ANA
2016020989,20162017,2,2017-03-09,False,2017-03-10T02:00:00Z,-05:00,-07:00,America/Denver,OFF,OK,1,Devils,New Jersey,du New Jersey,NJD,2,21,Avalanche,Colorado,du Colorado,COL,3,3,REG,3,REG,8475717.0,8467400.0,,,,,,,,,,,,,,,,,,COL
2016020990,20162017,2,2017-03-09,False,2017-03-10T02:00:00Z,-05:00,-07:00,America/Edmonton,OFF,OK,8,Canadiens,Montréal,de Montréal,MTL,0,20,Flames,Calgary,de Calgary,CGY,5,3,REG,3,REG,8470880.0,8470966.0,,,,,,,,,,,,,,,,,,CGY
2016020991,20162017,2,2017-03-09,False,2017-03-10T02:00:00Z,-05:00,-07:00,America/Phoenix,OFF,OK,9,Senators,Ottawa,d'Ottawa,OTT,3,53,Coyotes,Arizona,de l'Arizona,ARI,2,4,OT,3,OT,8477237.0,8474578.0,Sénateurs,,,,,,,,,,,,,,,,,OTT
2016020992,20162017,2,2017-03-09,False,2017-03-10T03:00:00Z,-05:00,-08:00,America/Vancouver,OFF,OK,2,Islanders,New York,de New York,NYI,4,23,Canucks,Vancouver,de Vancouver,VAN,3,4,OT,3,OT,8471306.0,8471217.0,,,,,,,,,,,,,,,,,,NYI
2016020994,20162017,2,2017-03-09,False,2017-03-10T03:30:00Z,-05:00,-08:00,US/Pacific,OFF,OK,15,Capitals,Washington,de Washington,WSH,2,28,Sharks,San Jose,de San Jose,SJS,4,3,REG,3,REG,8474889.0,8474053.0,,,,,,,,,,,,,,,,,,SJS
2016020993,20162017,2,2017-03-09,False,2017-03-10T03:30:00Z,-05:00,-08:00,America/Los_Angeles,OFF,OK,18,Predators,Nashville,de Nashville,NSH,2,26,Kings,Los Angeles,de Los Angeles,LAK,3,4,OT,3,OT,8471734.0,8462042.0,,,,,,,,,,,,,,,,,,LAK
2016020995,20162017,2,2017-03-10,False,2017-03-11T00:00:00Z,-05:00,-05:00,US/Eastern,OFF,OK,7,Sabres,Buffalo,de Buffalo,BUF,3,29,Blue Jackets,Columbus,de Columbus,CBJ,4,3,REG,3,REG,8475683.0,8476432.0,,,,,,,,,,,,,,,,,,CBJ
2016020997,20162017,2,2017-03-10,False,2017-03-11T00:30:00Z,-05:00,-05:00,US/Eastern,OFF,OK,30,Wild,Minnesota,du Minnesota,MIN,7,13,Panthers,Florida,de la Floride,FLA,4,3,REG,3,REG,8471227.0,8470610.0,,,,,,,,,,,,,,,,,,MIN
2016020996,20162017,2,2017-03-10,False,2017-03-11T00:30:00Z,-05:00,-05:00,America/Detroit,OFF,OK,16,Blackhawks,Chicago,de Chicago,CHI,2,17,Red Wings,Detroit,de Detroit,DET,4,3,REG,3,REG,8470657.0,8475193.0,,,,,,,,,,,,,,,,,,DET
2016020998,20162017,2,2017-03-10,False,2017-03-11T01:00:00Z,-05:00,-06:00,US/Central,OFF,OK,24,Ducks,Anaheim,d'Anaheim,ANA,3,19,Blues,St. Louis,de St. Louis,STL,4,3,REG,3,REG,8474596.0,8476441.0,,,,,,,,,,,,,,,,,,STL
2016020999,20162017,2,2017-03-10,False,2017-03-11T02:00:00Z,-05:00,-07:00,America/Edmonton,OFF,OK,5,Penguins,Pittsburgh,de Pittsburgh,PIT,3,22,Oilers,Edmonton,d'Edmonton,EDM,2,5,SO,3,SO,8470594.0,,,,,,,,,,,,,,,,,,,PIT
2016021000,20162017,2,2017-03-11,False,2017-03-11T18:00:00Z,-05:00,-05:00,US/Eastern,OFF,OK,4,Flyers,Philadelphia,de Philadelphie,PHI,1,6,Bruins,Boston,de Boston,BOS,2,3,REG,3,REG,8471695.0,8471226.0,,,,,,,,,,,,,,,,,,BOS
2016021001,20162017,2,2017-03-11,False,2017-03-11T21:00:00Z,-05:00,-08:00,US/Pacific,OFF,OK,18,Predators,Nashville,de Nashville,NSH,3,28,Sharks,San Jose,de San Jose,SJS,1,3,REG,3,REG,8477424.0,8471707.0,,,,,,,,,,,,,,,,,,NSH
2016021003,20162017,2,2017-03-11,False,2017-03-12T00:00:00Z,-05:00,-05:00,US/Eastern,OFF,OK,13,Panthers,Florida,de la Floride,FLA,2,14,Lightning,Tampa Bay,de Tampa Bay,TBL,3,3,REG,3,REG,8476883.0,8476292.0,,,,,,,,,,,,,,,,,,TBL
2016021006,20162017,2,2017-03-11,False,2017-03-12T00:00:00Z,-05:00,-07:00,America/Denver,OFF,OK,9,Senators,Ottawa,d'Ottawa,OTT,4,21,Avalanche,Colorado,du Colorado,COL,2,3,REG,3,REG,8467950.0,8474884.0,Sénateurs,,,,,,,,,,,,,,,,,OTT
2016021005,20162017,2,2017-03-11,False,2017-03-12T00:00:00Z,-05:00,-06:00,America/Winnipeg,OFF,OK,20,Flames,Calgary,de Calgary,CGY,3,52,Jets,Winnipeg,de Winnipeg,WPG,0,3,REG,3,REG,8470880.0,8474150.0,,,,,,,,,,,,,,,,,,CGY
2016021004,20162017,2,2017-03-11,False,2017-03-12T00:00:00Z,-05:00,-05:00,US/Eastern,OFF,OK,10,Maple Leafs,Toronto,de Toronto,TOR,3,12,Hurricanes,Carolina,de la Caroline,CAR,2,4,OT,3,OT,8475883.0,8476853.0,,,,,,,,,,,,,,,,,,TOR
2016021002,20162017,2,2017-03-11,False,2017-03-12T00:00:00Z,-05:00,-05:00,America/New_York,OFF,OK,29,Blue Jackets,Columbus,de Columbus,CBJ,3,7,Sabres,Buffalo,de Buffalo,BUF,5,3,REG,3,REG,8475215.0,8475169.0,,,,,,,,,,,,,,,,,,BUF
2016021007,20162017,2,2017-03-11,False,2017-03-12T01:00:00Z,-05:00,-06:00,US/Central,OFF,OK,2,Islanders,New York,de New York,NYI,3,19,Blues,St. Louis,de St. Louis,STL,4,3,REG,3,REG,8475622.0,8473534.0,,,,,,,,,,,,,,,,,,STL
2016021008,20162017,2,2017-03-11,False,2017-03-12T01:00:00Z,-05:00,-07:00,America/Phoenix,OFF,OK,1,Devils,New Jersey,du New Jersey,NJD,4,53,Coyotes,Arizona,de l'Arizona,ARI,5,3,REG,3,REG,8469608.0,8477950.0,,,,,,,,,,,,,,,,,,ARI
2016021009,20162017,2,2017-03-11,False,2017-03-12T03:00:00Z,-05:00,-08:00,America/Vancouver,OFF,OK,5,Penguins,Pittsburgh,de Pittsburgh,PIT,3,23,Canucks,Vancouver,de Vancouver,VAN,0,3,REG,3,REG,8476899.0,8474013.0,,,,,,,,,,,,,,,,,,PIT
2016021010,20162017,2,2017-03-11,False,2017-03-12T03:30:00Z,-05:00,-08:00,America/Los_Angeles,OFF,OK,15,Capitals,Washington,de Washington,WSH,2,26,Kings,Los Angeles,de Los Angeles,LAK,4,3,REG,3,REG,8471734.0,8477960.0,,,,,,,,,,,,,,,,,,LAK
2016021012,20162017,2,2017-03-12,False,2017-03-12T16:30:00Z,-04:00,-05:00,America/Chicago,OFF,OK,30,Wild,Minnesota,du Minnesota,MIN,2,16,Blackhawks,Chicago,de Chicago,CHI,4,3,REG,3,REG,8470645.0,8477845.0,,,,,,,,,,,,,,,,,,CHI
2016021011,20162017,2,2017-03-12,False,2017-03-12T23:00:00Z,-04:00,-04:00,America/Detroit,OFF,OK,3,Rangers,New York,de New York,NYR,4,17,Red Wings,Detroit,de Detroit,DET,1,3,REG,3,REG,8477293.0,8474151.0,,,,,,,,,,,,,,,,,,NYR
2016021013,20162017,2,2017-03-12,False,2017-03-12T23:00:00Z,-04:00,-06:00,America/Edmonton,OFF,OK,8,Canadiens,Montréal,de Montréal,MTL,4,22,Oilers,Edmonton,d'Edmonton,EDM,1,3,REG,3,REG,8471679.0,8474157.0,,,,,,,,,,,,,,,,,,MTL
2016021014,20162017,2,2017-03-12,False,2017-03-13T01:30:00Z,-04:00,-07:00,America/Los_Angeles,OFF,OK,15,Capitals,Washington,de Washington,WSH,2,24,Ducks,Anaheim,d'Anaheim,ANA,5,3,REG,3,REG,8473541.0,8476483.0,,,,,,,,,,,,,,,,,,ANA
2016021015,20162017,2,2017-03-12,False,2017-03-13T02:00:00Z,-04:00,-07:00,US/Pacific,OFF,OK,25,Stars,Dallas,de Dallas,DAL,1,28,Sharks,San Jose,de San Jose,SJS,5,3,REG,3,REG,8477180.0,8470794.0,,,,,,,,,,,,,,,,,,SJS
2016021018,20162017,2,2017-03-13,False,2017-03-13T23:00:00Z,-04:00,-04:00,US/Eastern,OFF,OK,29,Blue Jackets,Columbus,de Columbus,CBJ,5,4,Flyers,Philadelphia,de Philadelphie,PHI,3,3,REG,3,REG,8475683.0,8471273.0,,,,,,,,,,,,,,,,,,CBJ
2016021017,20162017,2,2017-03-13,False,2017-03-13T23:00:00Z,-04:00,-04:00,America/New_York,OFF,OK,14,Lightning,Tampa Bay,de Tampa Bay,TBL,3,3,Rangers,New York,de New York,NYR,2,3,REG,3,REG,8469514.0,8478010.0,,,,,,,,,,,,,,,,,,TBL
2016021016,20162017,2,2017-03-13,False,2017-03-13T23:30:00Z,-04:00,-04:00,America/New_York,OFF,OK,12,Hurricanes,Carolina,de la Caroline,CAR,8,2,Islanders,New York,de New York,NYI,4,3,REG,3,REG,8470320.0,8475753.0,,,,,,,,,,,,,,,,,,CAR
2016021019,20162017,2,2017-03-13,False,2017-03-14T00:00:00Z,-04:00,-05:00,US/Central,OFF,OK,52,Jets,Winnipeg,de Winnipeg,WPG,4,18,Predators,Nashville,de Nashville,NSH,5,4,OT,3,OT,8471469.0,8471707.0,,,,,,,,,,,,,,,,,,NSH
2016021020,20162017,2,2017-03-13,False,2017-03-14T01:00:00Z,-04:00,-06:00,America/Edmonton,OFF,OK,5,Penguins,Pittsburgh,de Pittsburgh,PIT,3,20,Flames,Calgary,de Calgary,CGY,4,5,SO,3,SO,8470880.0,,,,,,,,,,,,,,,,,,,CGY
2016021023,20162017,2,2017-03-13,False,2017-03-14T02:00:00Z,-04:00,-07:00,America/Los_Angeles,OFF,OK,19,Blues,St. Louis,de St. Louis,STL,3,26,Kings,Los Angeles,de Los Angeles,LAK,1,3,REG,3,REG,8474596.0,8475175.0,,,,,,,,,,,,,,,,,,STL
2016021022,20162017,2,2017-03-13,False,2017-03-14T02:00:00Z,-04:00,-07:00,America/Phoenix,OFF,OK,21,Avalanche,Colorado,du Colorado,COL,0,53,Coyotes,Arizona,de l'Arizona,ARI,1,3,REG,3,REG,8469608.0,8477943.0,,,,,,,,,,,,,,,,,,ARI
2016021021,20162017,2,2017-03-13,False,2017-03-14T02:00:00Z,-04:00,-07:00,America/Vancouver,OFF,OK,6,Bruins,Boston,de Boston,BOS,6,23,Canucks,Vancouver,de Vancouver,VAN,3,3,REG,3,REG,8471695.0,8473419.0,,,,,,,,,,,,,,,,,,BOS
2016021026,20162017,2,2017-03-14,False,2017-03-14T23:00:00Z,-04:00,-04:00,US/Eastern,OFF,OK,2,Islanders,New York,de New York,NYI,3,12,Hurricanes,Carolina,de la Caroline,CAR,2,4,OT,3,OT,8471306.0,8475166.0,,,,,,,,,,,,,,,,,,NYI
2016021025,20162017,2,2017-03-14,False,2017-03-14T23:00:00Z,-04:00,-04:00,US/Eastern,OFF,OK,30,Wild,Minnesota,du Minnesota,MIN,2,15,Capitals,Washington,de Washington,WSH,4,3,REG,3,REG,8474651.0,8475744.0,,,,,,,,,,,,,,,,,,WSH
2016021028,20162017,2,2017-03-14,False,2017-03-14T23:30:00Z,-04:00,-04:00,US/Eastern,OFF,OK,14,Lightning,Tampa Bay,de Tampa Bay,TBL,2,9,Senators,Ottawa,d'Ottawa,OTT,1,4,OT,3,OT,8476883.0,8475167.0,,Sénateurs,,,,,,,,,,,,,,,,TBL
2016021027,20162017,2,2017-03-14,False,2017-03-14T23:30:00Z,-04:00,-04:00,America/Montreal,OFF,OK,16,Blackhawks,Chicago,de Chicago,CHI,4,8,Canadiens,Montréal,de Montréal,MTL,2,3,REG,3,REG,8470645.0,8478550.0,,,,,,,,,,,,,,,,,,CHI
2016021029,20162017,2,2017-03-14,False,2017-03-14T23:30:00Z,-04:00,-04:00,US/Eastern,OFF,OK,10,Maple Leafs,Toronto,de Toronto,TOR,2,13,Panthers,Florida,de la Floride,FLA,7,3,REG,3,REG,8473503.0,8476539.0,,,,,,,,,,,,,,,,,,FLA
2016021030,20162017,2,2017-03-14,False,2017-03-15T01:00:00Z,-04:00,-06:00,America/Edmonton,OFF,OK,25,Stars,Dallas,de Dallas,DAL,1,22,Oilers,Edmonton,d'Edmonton,EDM,7,3,REG,3,REG,8475660.0,8476472.0,,,,,,,,,,,,,,,,,,EDM
2016021032,20162017,2,2017-03-14,False,2017-03-15T02:30:00Z,-04:00,-07:00,US/Pacific,OFF,OK,7,Sabres,Buffalo,de Buffalo,BUF,1,28,Sharks,San Jose,de San Jose,SJS,4,3,REG,3,REG,8474889.0,8474230.0,,,,,,,,,,,,,,,,,,SJS
2016021031,20162017,2,2017-03-14,False,2017-03-15T02:30:00Z,-04:00,-07:00,America/Los_Angeles,OFF,OK,53,Coyotes,Arizona,de l'Arizona,ARI,3,26,Kings,Los Angeles,de Los Angeles,LAK,2,5,SO,3,SO,8475839.0,,,,,,,,,,,,,,,,,,,ARI
2016021033,20162017,2,2017-03-15,False,2017-03-15T23:30:00Z,-04:00,-04:00,US/Eastern,OFF,OK,5,Penguins,Pittsburgh,de Pittsburgh,PIT,0,4,Flyers,Philadelphia,de Philadelphie,PHI,4,3,REG,3,REG,8473461.0,8476461.0,,,,,,,,,,,,,,,,,,PHI
2016021034,20162017,2,2017-03-15,False,2017-03-16T01:00:00Z,-04:00,-06:00,America/Edmonton,OFF,OK,6,Bruins,Boston,de Boston,BOS,5,20,Flames,Calgary,de Calgary,CGY,2,3,REG,3,REG,8471418.0,8470655.0,,,,,,,,,,,,,,,,,,BOS
2016021035,20162017,2,2017-03-15,False,2017-03-16T01:30:00Z,-04:00,-06:00,America/Denver,OFF,OK,17,Red Wings,Detroit,de Detroit,DET,1,21,Avalanche,Colorado,du Colorado,COL,3,3,REG,3,REG,8475717.0,8477456.0,,,,,,,,,,,,,,,,,,COL
2016021036,20162017,2,2017-03-15,False,2017-03-16T02:00:00Z,-04:00,-07:00,America/Los_Angeles,OFF,OK,19,Blues,St. Louis,de St. Louis,STL,1,24,Ducks,Anaheim,d'Anaheim,ANA,2,3,REG,3,REG,8473541.0,8470612.0,,,,,,,,,,,,,,,,,,ANA
2016021038,20162017,2,2017-03-16,False,2017-03-16T23:00:00Z,-04:00,-04:00,America/New_York,OFF,OK,52,Jets,Winnipeg,de Winnipeg,WPG,4,2,Islanders,New York,de New York,NYI,2,3,REG,3,REG,8476945.0,8473618.0,,,,,,,,,,,,,,,,,,WPG
2016021037,20162017,2,2017-03-16,False,2017-03-16T23:00:00Z,-04:00,-04:00,US/Eastern,OFF,OK,4,Flyers,Philadelphia,de Philadelphie,PHI,2,1,Devils,New Jersey,du New Jersey,NJD,6,3,REG,3,REG,8476234.0,8477010.0,,,,,,,,,,,,,,,,,,NJD
2016021040,20162017,2,2017-03-16,False,2017-03-16T23:00:00Z,-04:00,-04:00,US/Eastern,OFF,OK,30,Wild,Minnesota,du Minnesota,MIN,1,12,Hurricanes,Carolina,de la Caroline,CAR,3,3,REG,3,REG,8475663.0,8476437.0,,,,,,,,,,,,,,,,,,CAR
2016021039,20162017,2,2017-03-16,False,2017-03-16T23:00:00Z,-04:00,-04:00,US/Eastern,OFF,OK,18,Predators,Nashville,de Nashville,NSH,2,15,Capitals,Washington,de Washington,WSH,1,4,OT,3,OT,8471469.0,8478042.0,,,,,,,,,,,,,,,,,,NSH
2016021041,20162017,2,2017-03-16,False,2017-03-16T23:00:00Z,-04:00,-04:00,US/Eastern,OFF,OK,13,Panthers,Florida,de la Floride,FLA,1,29,Blue Jackets,Columbus,de Columbus,CBJ,2,3,REG,3,REG,8475683.0,8476981.0,,,,,,,,,,,,,,,,,,CBJ
2016021042,20162017,2,2017-03-16,False,2017-03-16T23:30:00Z,-04:00,-04:00,US/Eastern,OFF,OK,16,Blackhawks,Chicago,de Chicago,CHI,2,9,Senators,Ottawa,d'Ottawa,OTT,1,3,REG,3,REG,8474152.0,8475209.0,,Sénateurs,,,,,,,,,,,,,,,,CHI
2016021043,20162017,2,2017-03-16,False,2017-03-16T23:30:00Z,-04:00,-04:00,US/Eastern,OFF,OK,10,Maple Leafs,Toronto,de Toronto,TOR,5,14,Lightning,Tampa Bay,de Tampa Bay,TBL,0,3,REG,3,REG,8475883.0,8471392.0,,,,,,,,,,,,,,,,,,TOR
2016021044,20162017,2,2017-03-16,False,2017-03-17T01:00:00Z,-04:00,-06:00,America/Edmonton,OFF,OK,6,Bruins,Boston,de Boston,BOS,4,22,Oilers,Edmonton,d'Edmonton,EDM,7,3,REG,3,REG,8475660.0,8476454.0,,,,,,,,,,,,,,,,,,EDM
2016021045,20162017,2,2017-03-16,False,2017-03-17T02:00:00Z,-04:00,-07:00,America/Vancouver,OFF,OK,25,Stars,Dallas,de Dallas,DAL,4,23,Canucks,Vancouver,de Vancouver,VAN,2,3,REG,3,REG,8470140.0,8475794.0,,,,,,,,,,,,,,,,,,DAL
2016021046,20162017,2,2017-03-16,False,2017-03-17T02:00:00Z,-04:00,-07:00,America/Phoenix,OFF,OK,17,Red Wings,Detroit,de Detroit,DET,5,53,Coyotes,Arizona,de l'Arizona,ARI,4,5,SO,3,SO,8475852.0,,,,,,,,,,,,,,,,,,,DET
2016021048,20162017,2,2017-03-16,False,2017-03-17T02:30:00Z,-04:00,-07:00,US/Pacific,OFF,OK,19,Blues,St. Louis,de St. Louis,STL,4,28,Sharks,San Jose,de San Jose,SJS,1,3,REG,3,REG,8475622.0,8477482.0,,,,,,,,,,,,,,,,,,STL
2016021047,20162017,2,2017-03-16,False,2017-03-17T02:30:00Z,-04:00,-07:00,America/Los_Angeles,OFF,OK,7,Sabres,Buffalo,de Buffalo,BUF,0,26,Kings,Los Angeles,de Los Angeles,LAK,2,3,REG,3,REG,8471734.0,8462042.0,,,,,,,,,,,,,,,,,,LAK
2016021049,20162017,2,2017-03-17,False,2017-03-17T23:00:00Z,-04:00,-04:00,America/New_York,OFF,OK,13,Panthers,Florida,de la Floride,FLA,4,3,Rangers,New York,de New York,NYR,3,5,SO,3,SO,8473503.0,,,,,,,,,,,,,,,,,,,FLA
2016021050,20162017,2,2017-03-17,False,2017-03-17T23:00:00Z,-04:00,-04:00,US/Eastern,OFF,OK,1,Devils,New Jersey,du New Jersey,NJD,4,5,Penguins,Pittsburgh,de Pittsburgh,PIT,6,3,REG,3,REG,8476899.0,8477240.0,,,,,,,,,,,,,,,,,,PIT
2016021051,20162017,2,2017-03-17,False,2017-03-18T01:00:00Z,-04:00,-06:00,America/Edmonton,OFF,OK,25,Stars,Dallas,de Dallas,DAL,1,20,Flames,Calgary,de Calgary,CGY,3,3,REG,3,REG,8470880.0,8479314.0,,,,,,,,,,,,,,,,,,CGY
2016021052,20162017,2,2017-03-17,False,2017-03-18T02:00:00Z,-04:00,-07:00,America/Los_Angeles,OFF,OK,7,Sabres,Buffalo,de Buffalo,BUF,2,24,Ducks,Anaheim,d'Anaheim,ANA,1,5,SO,3,SO,8475195.0,,,,,,,,,,,,,,,,,,,BUF
2016021054,20162017,2,2017-03-18,False,2017-03-18T17:00:00Z,-04:00,-04:00,America/New_York,OFF,OK,29,Blue Jackets,Columbus,de Columbus,CBJ,3,2,Islanders,New York,de New York,NYI,2,4,OT,3,OT,8476914.0,8474715.0,,,,,,,,,,,,,,,,,,CBJ
2016021053,20162017,2,2017-03-18,False,2017-03-18T17:00:00Z,-04:00,-04:00,America/Detroit,OFF,OK,21,Avalanche,Colorado,du Colorado,COL,1,17,Red Wings,Detroit,de Detroit,DET,5,3,REG,3,REG,8470657.0,8475193.0,,,,,,,,,,,,,,,,,,DET
2016021056,20162017,2,2017-03-18,False,2017-03-18T23:00:00Z,-04:00,-04:00,US/Eastern,OFF,OK,8,Canadiens,Montréal,de Montréal,MTL,4,9,Senators,Ottawa,d'Ottawa,OTT,3,5,SO,3,SO,8471679.0,,,Sénateurs,,,,,,,,,,,,,,,,MTL
2016021057,20162017,2,2017-03-18,False,2017-03-18T23:00:00Z,-04:00,-04:00,US/Eastern,OFF,OK,15,Capitals,Washington,de Washington,WSH,5,14,Lightning,Tampa Bay,de Tampa Bay,TBL,3,3,REG,3,REG,8474651.0,8474590.0,,,,,,,,,,,,,,,,,,WSH
2016021058,20162017,2,2017-03-18,False,2017-03-18T23:00:00Z,-04:00,-04:00,US/Eastern,OFF,OK,18,Predators,Nashville,de Nashville,NSH,2,12,Hurricanes,Carolina,de la Caroline,CAR,4,3,REG,3,REG,8475663.0,8475784.0,,,,,,,,,,,,,,,,,,CAR
2016021055,20162017,2,2017-03-18,False,2017-03-18T23:00:00Z,-04:00,-04:00,America/Toronto,OFF,OK,16,Blackhawks,Chicago,de Chicago,CHI,2,10,Maple Leafs,Toronto,de Toronto,TOR,1,4,OT,3,OT,8470645.0,8477451.0,,,,,,,,,,,,,,,,,,CHI
2016021059,20162017,2,2017-03-18,False,2017-03-18T23:00:00Z,-04:00,-05:00,US/Central,OFF,OK,3,Rangers,New York,de New York,NYR,3,30,Wild,Minnesota,du Minnesota,MIN,2,3,REG,3,REG,8477293.0,8476918.0,,,,,,,,,,,,,,,,,,NYR
2016021060,20162017,2,2017-03-18,False,2017-03-19T01:00:00Z,-04:00,-07:00,America/Phoenix,OFF,OK,19,Blues,St. Louis,de St. Louis,STL,3,53,Coyotes,Arizona,de l'Arizona,ARI,0,3,REG,3,REG,8474596.0,8474565.0,,,,,,,,,,,,,,,,,,STL
2016021061,20162017,2,2017-03-18,False,2017-03-19T02:00:00Z,-04:00,-06:00,America/Edmonton,OFF,OK,23,Canucks,Vancouver,de Vancouver,VAN,0,22,Oilers,Edmonton,d'Edmonton,EDM,2,3,REG,3,REG,8475660.0,8478402.0,,,,,,,,,,,,,,,,,,EDM
2016021062,20162017,2,2017-03-18,False,2017-03-19T02:30:00Z,-04:00,-07:00,US/Pacific,OFF,OK,24,Ducks,Anaheim,d'Anaheim,ANA,2,28,Sharks,San Jose,de San Jose,SJS,1,3,REG,3,REG,8473541.0,8475164.0,,,,,,,,,,,,,,,,,,ANA
2016021063,20162017,2,2017-03-19,False,2017-03-19T17:00:00Z,-04:00,-04:00,US/Eastern,OFF,OK,29,Blue Jackets,Columbus,de Columbus,CBJ,4,1,Devils,New Jersey,du New Jersey,NJD,1,3,REG,3,REG,8475683.0,8476432.0,,,,,,,,,,,,,,,,,,CBJ
2016021064,20162017,2,2017-03-19,False,2017-03-19T17:00:00Z,-04:00,-04:00,US/Eastern,OFF,OK,13,Panthers,Florida,de la Floride,FLA,0,5,Penguins,Pittsburgh,de Pittsburgh,PIT,4,3,REG,3,REG,8470594.0,8471887.0,,,,,,,,,,,,,,,,,,PIT
2016021065,20162017,2,2017-03-19,False,2017-03-19T21:00:00Z,-04:00,-05:00,America/Winnipeg,OFF,OK,30,Wild,Minnesota,du Minnesota,MIN,4,52,Jets,Winnipeg,de Winnipeg,WPG,5,3,REG,3,REG,8474636.0,8477504.0,,,,,,,,,,,,,,,,,,WPG
2016021067,20162017,2,2017-03-19,False,2017-03-19T23:00:00Z,-04:00,-05:00,America/Chicago,OFF,OK,21,Avalanche,Colorado,du Colorado,COL,3,16,Blackhawks,Chicago,de Chicago,CHI,6,3,REG,3,REG,8474152.0,8478550.0,,,,,,,,,,,,,,,,,,CHI
2016021066,20162017,2,2017-03-19,False,2017-03-19T23:30:00Z,-04:00,-04:00,US/Eastern,OFF,OK,12,Hurricanes,Carolina,de la Caroline,CAR,3,4,Flyers,Philadelphia,de Philadelphie,PHI,4,4,OT,3,OT,8473461.0,8475170.0,,,,,,,,,,,,,,,,,,PHI
2016021068,20162017,2,2017-03-19,False,2017-03-19T23:30:00Z,-04:00,-04:00,America/Montreal,OFF,OK,9,Senators,Ottawa,d'Ottawa,OTT,1,8,Canadiens,Montréal,de Montréal,MTL,4,3,REG,3,REG,8471679.0,8474818.0,Sénateurs,,,,,,,,,,,,,,,,,MTL
2016021069,20162017,2,2017-03-19,False,2017-03-20T01:30:00Z,-04:00,-06:00,America/Edmonton,OFF,OK,26,Kings,Los Angeles,de Los Angeles,LAK,2,20,Flames,Calgary,de Calgary,CGY,5,3,REG,3,REG,8470880.0,8470966.0,,,,,,,,,,,,,,,,,,CGY
2016021071,20162017,2,2017-03-20,False,2017-03-20T23:30:00Z,-04:00,-04:00,America/Detroit,OFF,OK,7,Sabres,Buffalo,de Buffalo,BUF,2,17,Red Wings,Detroit,de Detroit,DET,1,3,REG,3,REG,8475215.0,8470852.0,,,,,,,,,,,,,,,,,,BUF
2016021070,20162017,2,2017-03-20,False,2017-03-20T23:30:00Z,-04:00,-04:00,America/Toronto,OFF,OK,6,Bruins,Boston,de Boston,BOS,2,10,Maple Leafs,Toronto,de Toronto,TOR,4,3,REG,3,REG,8475883.0,8477939.0,,,,,,,,,,,,,,,,,,TOR
2016021072,20162017,2,2017-03-20,False,2017-03-21T00:00:00Z,-04:00,-05:00,US/Central,OFF,OK,53,Coyotes,Arizona,de l'Arizona,ARI,1,18,Predators,Nashville,de Nashville,NSH,3,3,REG,3,REG,8471469.0,8475176.0,,,,,,,,,,,,,,,,,,NSH
2016021073,20162017,2,2017-03-20,False,2017-03-21T00:30:00Z,-04:00,-05:00,US/Central,OFF,OK,28,Sharks,San Jose,de San Jose,SJS,0,25,Stars,Dallas,de Dallas,DAL,1,3,REG,3,REG,8470140.0,8475310.0,,,,,,,,,,,,,,,,,,DAL
2016021074,20162017,2,2017-03-20,False,2017-03-21T01:00:00Z,-04:00,-06:00,America/Edmonton,OFF,OK,26,Kings,Los Angeles,de Los Angeles,LAK,0,22,Oilers,Edmonton,d'Edmonton,EDM,2,3,REG,3,REG,8475660.0,8474034.0,,,,,,,,,,,,,,,,,,EDM
2016021077,20162017,2,2017-03-21,False,2017-03-21T23:00:00Z,-04:00,-04:00,US/Eastern,OFF,OK,3,Rangers,New York,de New York,NYR,2,1,Devils,New Jersey,du New Jersey,NJD,3,4,OT,3,OT,8471239.0,8477010.0,,,,,,,,,,,,,,,,,,NJD
2016021075,20162017,2,2017-03-21,False,2017-03-21T23:00:00Z,-04:00,-04:00,US/Eastern,OFF,OK,9,Senators,Ottawa,d'Ottawa,OTT,3,6,Bruins,Boston,de Boston,BOS,2,3,REG,3,REG,8467950.0,8474068.0,Sénateurs,,,,,,,,,,,,,,,,,OTT
2016021076,20162017,2,2017-03-21,False,2017-03-21T23:00:00Z,-04:00,-04:00,America/New_York,OFF,OK,5,Penguins,Pittsburgh,de Pittsburgh,PIT,3,7,Sabres,Buffalo,de Buffalo,BUF,1,3,REG,3,REG,8476899.0,8474009.0,,,,,,,,,,,,,,,,,,PIT
2016021078,20162017,2,2017-03-21,False,2017-03-21T23:00:00Z,-04:00,-04:00,US/Eastern,OFF,OK,20,Flames,Calgary,de Calgary,CGY,2,15,Capitals,Washington,de Washington,WSH,4,3,REG,3,REG,8474651.0,8473563.0,,,,,,,,,,,,,,,,,,WSH
2016021081,20162017,2,2017-03-21,False,2017-03-21T23:30:00Z,-04:00,-04:00,US/Eastern,OFF,OK,12,Hurricanes,Carolina,de la Caroline,CAR,4,13,Panthers,Florida,de la Floride,FLA,3,3,REG,3,REG,8470320.0,8475784.0,,,,,,,,,,,,,,,,,,CAR
2016021080,20162017,2,2017-03-21,False,2017-03-21T23:30:00Z,-04:00,-04:00,US/Eastern,OFF,OK,53,Coyotes,Arizona,de l'Arizona,ARI,5,14,Lightning,Tampa Bay,de Tampa Bay,TBL,3,3,REG,3,REG,8475839.0,8468085.0,,,,,,,,,,,,,,,,,,ARI
2016021079,20162017,2,2017-03-21,False,2017-03-21T23:30:00Z,-04:00,-04:00,America/Montreal,OFF,OK,17,Red Wings,Detroit,de Detroit,DET,2,8,Canadiens,Montréal,de Montréal,MTL,1,4,OT,3,OT,8470657.0,8477511.0,,,,,,,,,,,,,,,,,,DET
2016021083,20162017,2,2017-03-21,False,2017-03-22T00:00:00Z,-04:00,-05:00,America/Winnipeg,OFF,OK,4,Flyers,Philadelphia,de Philadelphie,PHI,2,52,Jets,Winnipeg,de Winnipeg,WPG,3,3,REG,3,REG,8474636.0,8476460.0,,,,,,,,,,,,,,,,,,WPG
2016021082,20162017,2,2017-03-21,False,2017-03-22T00:30:00Z,-04:00,-05:00,US/Central,OFF,OK,28,Sharks,San Jose,de San Jose,SJS,2,30,Wild,Minnesota,du Minnesota,MIN,3,3,REG,3,REG,8471227.0,8475745.0,,,,,,,,,,,,,,,,,,MIN
2016021084,20162017,2,2017-03-21,False,2017-03-22T00:30:00Z,-04:00,-05:00,America/Chicago,OFF,OK,23,Canucks,Vancouver,de Vancouver,VAN,5,16,Blackhawks,Chicago,de Chicago,CHI,4,4,OT,3,OT,8468011.0,8467875.0,,,,,,,,,,,,,,,,,,VAN
2016021085,20162017,2,2017-03-21,False,2017-03-22T01:00:00Z,-04:00,-06:00,America/Denver,OFF,OK,19,Blues,St. Louis,de St. Louis,STL,4,21,Avalanche,Colorado,du Colorado,COL,2,3,REG,3,REG,8474596.0,8475768.0,,,,,,,,,,,,,,,,,,STL
2016021086,20162017,2,2017-03-22,False,2017-03-22T23:00:00Z,-04:00,-04:00,US/Eastern,OFF,OK,10,Maple Leafs,Toronto,de Toronto,TOR,5,29,Blue Jackets,Columbus,de Columbus,CBJ,2,3,REG,3,REG,8475883.0,8477939.0,,,,,,,,,,,,,,,,,,TOR
2016021087,20162017,2,2017-03-22,False,2017-03-23T00:00:00Z,-04:00,-04:00,America/New_York,OFF,OK,2,Islanders,New York,de New York,NYI,3,3,Rangers,New York,de New York,NYR,2,3,REG,3,REG,8471306.0,8471217.0,,,,,,,,,,,,,,,,,,NYI
2016021088,20162017,2,2017-03-22,False,2017-03-23T02:00:00Z,-04:00,-07:00,America/Los_Angeles,OFF,OK,22,Oilers,Edmonton,d'Edmonton,EDM,3,24,Ducks,Anaheim,d'Anaheim,ANA,4,3,REG,3,REG,8473541.0,8476483.0,,,,,,,,,,,,,,,,,,ANA
2016021089,20162017,2,2017-03-23,False,2017-03-23T23:00:00Z,-04:00,-04:00,US/Eastern,OFF,OK,14,Lightning,Tampa Bay,de Tampa Bay,TBL,6,6,Bruins,Boston,de Boston,BOS,3,3,REG,3,REG,8469514.0,8477494.0,,,,,,,,,,,,,,,,,,TBL
2016021090,20162017,2,2017-03-23,False,2017-03-23T23:00:00Z,-04:00,-04:00,US/Eastern,OFF,OK,29,Blue Jackets,Columbus,de Columbus,CBJ,1,15,Capitals,Washington,de Washington,WSH,2,5,SO,3,SO,8474651.0,,,,,,,,,,,,,,,,,,,WSH
2016021091,20162017,2,2017-03-23,False,2017-03-23T23:30:00Z,-04:00,-04:00,America/Toronto,OFF,OK,1,Devils,New Jersey,du New Jersey,NJD,2,10,Maple Leafs,Toronto,de Toronto,TOR,4,3,REG,3,REG,8470147.0,8474037.0,,,,,,,,,,,,,,,,,,TOR
2016021092,20162017,2,2017-03-23,False,2017-03-23T23:30:00Z,-04:00,-04:00,America/Montreal,OFF,OK,12,Hurricanes,Carolina,de la Caroline,CAR,4,8,Canadiens,Montréal,de Montréal,MTL,1,3,REG,3,REG,8475663.0,8470740.0,,,,,,,,,,,,,,,,,,CAR
2016021094,20162017,2,2017-03-23,False,2017-03-23T23:30:00Z,-04:00,-04:00,US/Eastern,OFF,OK,53,Coyotes,Arizona,de l'Arizona,ARI,1,13,Panthers,Florida,de la Floride,FLA,3,3,REG,3,REG,8473503.0,8476539.0,,,,,,,,,,,,,,,,,,FLA
2016021093,20162017,2,2017-03-23,False,2017-03-23T23:30:00Z,-04:00,-04:00,US/Eastern,OFF,OK,5,Penguins,Pittsburgh,de Pittsburgh,PIT,1,9,Senators,Ottawa,d'Ottawa,OTT,2,5,SO,3,SO,8477237.0,,,Sénateurs,,,,,,,,,,,,,,,,OTT
2016021096,20162017,2,2017-03-23,False,2017-03-24T00:00:00Z,-04:00,-05:00,US/Central,OFF,OK,20,Flames,Calgary,de Calgary,CGY,1,18,Predators,Nashville,de Nashville,NSH,3,3,REG,3,REG,8471469.0,8476925.0,,,,,,,,,,,,,,,,,,NSH
2016021095,20162017,2,2017-03-23,False,2017-03-24T00:00:00Z,-04:00,-05:00,US/Central,OFF,OK,23,Canucks,Vancouver,de Vancouver,VAN,1,19,Blues,St. Louis,de St. Louis,STL,4,3,REG,3,REG,8474596.0,8470803.0,,,,,,,,,,,,,,,,,,STL
2016021097,20162017,2,2017-03-23,False,2017-03-24T00:00:00Z,-04:00,-05:00,US/Central,OFF,OK,4,Flyers,Philadelphia,de Philadelphie,PHI,3,30,Wild,Minnesota,du Minnesota,MIN,1,3,REG,3,REG,8473461.0,8476177.0,,,,,,,,,,,,,,,,,,PHI
2016021098,20162017,2,2017-03-23,False,2017-03-24T00:30:00Z,-04:00,-05:00,America/Chicago,OFF,OK,25,Stars,Dallas,de Dallas,DAL,2,16,Blackhawks,Chicago,de Chicago,CHI,3,5,SO,3,SO,8470645.0,,,,,,,,,,,,,,,,,,,CHI
2016021099,20162017,2,2017-03-23,False,2017-03-24T01:00:00Z,-04:00,-06:00,America/Denver,OFF,OK,22,Oilers,Edmonton,d'Edmonton,EDM,7,21,Avalanche,Colorado,du Colorado,COL,4,3,REG,3,REG,8476316.0,8479465.0,,,,,,,,,,,,,,,,,,EDM
2016021100,20162017,2,2017-03-23,False,2017-03-24T02:30:00Z,-04:00,-07:00,America/Los_Angeles,OFF,OK,52,Jets,Winnipeg,de Winnipeg,WPG,2,26,Kings,Los Angeles,de Los Angeles,LAK,5,3,REG,3,REG,8471750.0,8468483.0,,,,,,,,,,,,,,,,,,LAK
2016021101,20162017,2,2017-03-24,False,2017-03-24T23:00:00Z,-04:00,-04:00,US/Eastern,OFF,OK,2,Islanders,New York,de New York,NYI,4,5,Penguins,Pittsburgh,de Pittsburgh,PIT,3,5,SO,3,SO,8470860.0,,,,,,,,,,,,,,,,,,,NYI
2016021102,20162017,2,2017-03-24,False,2017-03-24T23:30:00Z,-04:00,-04:00,America/Detroit,OFF,OK,14,Lightning,Tampa Bay,de Tampa Bay,TBL,2,17,Red Wings,Detroit,de Detroit,DET,1,4,OT,3,OT,8476883.0,8476453.0,,,,,,,,,,,,,,,,,,TBL
2016021103,20162017,2,2017-03-24,False,2017-03-25T00:30:00Z,-04:00,-05:00,US/Central,OFF,OK,28,Sharks,San Jose,de San Jose,SJS,1,25,Stars,Dallas,de Dallas,DAL,6,3,REG,3,REG,8470140.0,8476439.0,,,,,,,,,,,,,,,,,,DAL
2016021104,20162017,2,2017-03-24,False,2017-03-25T02:00:00Z,-04:00,-07:00,America/Los_Angeles,OFF,OK,52,Jets,Winnipeg,de Winnipeg,WPG,1,24,Ducks,Anaheim,d'Anaheim,ANA,3,3,REG,3,REG,8473541.0,8471699.0,,,,,,,,,,,,,,,,,,ANA
2016021105,20162017,2,2017-03-25,False,2017-03-25T18:00:00Z,-04:00,-04:00,US/Eastern,OFF,OK,4,Flyers,Philadelphia,de Philadelphie,PHI,0,29,Blue Jackets,Columbus,de Columbus,CBJ,1,3,REG,3,REG,8475683.0,8477505.0,,,,,,,,,,,,,,,,,,CBJ
2016021106,20162017,2,2017-03-25,False,2017-03-25T18:00:00Z,-04:00,-05:00,US/Central,OFF,OK,23,Canucks,Vancouver,de Vancouver,VAN,4,30,Wild,Minnesota,du Minnesota,MIN,2,3,REG,3,REG,8473614.0,8478444.0,,,,,,,,,,,,,,,,,,VAN
2016021108,20162017,2,2017-03-25,False,2017-03-25T23:00:00Z,-04:00,-04:00,America/Montreal,OFF,OK,9,Senators,Ottawa,d'Ottawa,OTT,1,8,Canadiens,Montréal,de Montréal,MTL,3,3,REG,3,REG,8471679.0,8467496.0,Sénateurs,,,,,,,,,,,,,,,,,MTL
2016021107,20162017,2,2017-03-25,False,2017-03-25T23:00:00Z,-04:00,-04:00,America/New_York,OFF,OK,10,Maple Leafs,Toronto,de Toronto,TOR,2,7,Sabres,Buffalo,de Buffalo,BUF,5,3,REG,3,REG,8475215.0,8478403.0,,,,,,,,,,,,,,,,,,BUF
2016021110,20162017,2,2017-03-25,False,2017-03-25T23:00:00Z,-04:00,-04:00,US/Eastern,OFF,OK,12,Hurricanes,Carolina,de la Caroline,CAR,3,1,Devils,New Jersey,du New Jersey,NJD,1,3,REG,3,REG,8475663.0,8475784.0,,,,,,,,,,,,,,,,,,CAR
2016021111,20162017,2,2017-03-25,False,2017-03-25T23:00:00Z,-04:00,-04:00,America/New_York,OFF,OK,6,Bruins,Boston,de Boston,BOS,2,2,Islanders,New York,de New York,NYI,1,3,REG,3,REG,8471418.0,8474062.0,,,,,,,,,,,,,,,,,,BOS
2016021109,20162017,2,2017-03-25,False,2017-03-25T23:00:00Z,-04:00,-04:00,US/Eastern,OFF,OK,16,Blackhawks,Chicago,de Chicago,CHI,0,13,Panthers,Florida,de la Floride,FLA,7,3,REG,3,REG,8473503.0,8477493.0,,,,,,,,,,,,,,,,,,FLA
2016021112,20162017,2,2017-03-25,False,2017-03-25T23:00:00Z,-04:00,-04:00,US/Eastern,OFF,OK,53,Coyotes,Arizona,de l'Arizona,ARI,1,15,Capitals,Washington,de Washington,WSH,4,3,REG,3,REG,8474651.0,8471476.0,,,,,,,,,,,,,,,,,,WSH
2016021113,20162017,2,2017-03-25,False,2017-03-25T23:00:00Z,-04:00,-05:00,US/Central,OFF,OK,20,Flames,Calgary,de Calgary,CGY,3,19,Blues,St. Louis,de St. Louis,STL,2,4,OT,3,OT,8470880.0,8477497.0,,,,,,,,,,,,,,,,,,CGY
2016021114,20162017,2,2017-03-25,False,2017-03-26T00:00:00Z,-04:00,-05:00,US/Central,OFF,OK,28,Sharks,San Jose,de San Jose,SJS,2,18,Predators,Nashville,de Nashville,NSH,7,3,REG,3,REG,8471469.0,8471707.0,,,,,,,,,,,,,,,,,,NSH
2016021115,20162017,2,2017-03-25,False,2017-03-26T02:00:00Z,-04:00,-06:00,America/Edmonton,OFF,OK,21,Avalanche,Colorado,du Colorado,COL,1,22,Oilers,Edmonton,d'Edmonton,EDM,4,3,REG,3,REG,8476316.0,8477934.0,,,,,,,,,,,,,,,,,,EDM
2016021116,20162017,2,2017-03-25,False,2017-03-26T02:30:00Z,-04:00,-07:00,America/Los_Angeles,OFF,OK,3,Rangers,New York,de New York,NYR,3,26,Kings,Los Angeles,de Los Angeles,LAK,0,3,REG,3,REG,8477293.0,8474613.0,,,,,,,,,,,,,,,,,,NYR
2016021119,20162017,2,2017-03-26,False,2017-03-26T16:30:00Z,-04:00,-04:00,America/Detroit,OFF,OK,30,Wild,Minnesota,du Minnesota,MIN,2,17,Red Wings,Detroit,de Detroit,DET,3,4,OT,3,OT,8470657.0,8476960.0,,,,,,,,,,,,,,,,,,DET
2016021118,20162017,2,2017-03-26,False,2017-03-26T21:00:00Z,-04:00,-04:00,US/Eastern,OFF,OK,25,Stars,Dallas,de Dallas,DAL,2,1,Devils,New Jersey,du New Jersey,NJD,1,4,OT,3,OT,8470140.0,8475794.0,,,,,,,,,,,,,,,,,,DAL
2016021117,20162017,2,2017-03-26,False,2017-03-26T23:00:00Z,-04:00,-04:00,US/Eastern,OFF,OK,4,Flyers,Philadelphia,de Philadelphie,PHI,6,5,Penguins,Pittsburgh,de Pittsburgh,PIT,2,3,REG,3,REG,8473461.0,8474668.0,,,,,,,,,,,,,,,,,,PHI
2016021120,20162017,2,2017-03-26,False,2017-03-27T00:00:00Z,-04:00,-05:00,America/Winnipeg,OFF,OK,23,Canucks,Vancouver,de Vancouver,VAN,1,52,Jets,Winnipeg,de Winnipeg,WPG,2,3,REG,3,REG,8474636.0,8476392.0,,,,,,,,,,,,,,,,,,WPG
2016021121,20162017,2,2017-03-26,False,2017-03-27T01:00:00Z,-04:00,-07:00,America/Los_Angeles,OFF,OK,3,Rangers,New York,de New York,NYR,3,24,Ducks,Anaheim,d'Anaheim,ANA,6,3,REG,3,REG,8473541.0,8471699.0,,,,,,,,,,,,,,,,,,ANA
2016021123,20162017,2,2017-03-27,False,2017-03-27T23:00:00Z,-04:00,-04:00,America/New_York,OFF,OK,18,Predators,Nashville,de Nashville,NSH,3,2,Islanders,New York,de New York,NYI,1,3,REG,3,REG,8477424.0,8478042.0,,,,,,,,,,,,,,,,,,NSH
2016020477,20162017,2,2017-03-27,False,2017-03-27T23:00:00Z,-04:00,-04:00,US/Eastern,OFF,OK,17,Red Wings,Detroit,de Detroit,DET,4,12,Hurricanes,Carolina,de la Caroline,CAR,3,4,OT,3,OT,8475852.0,8476960.0,,,,,,,,,,,,,,,,,,DET
2016021122,20162017,2,2017-03-27,False,2017-03-27T23:00:00Z,-04:00,-04:00,America/New_York,OFF,OK,13,Panthers,Florida,de la Floride,FLA,2,7,Sabres,Buffalo,de Buffalo,BUF,4,3,REG,3,REG,8475215.0,8467407.0,,,,,,,,,,,,,,,,,,BUF
2016021124,20162017,2,2017-03-27,False,2017-03-27T23:30:00Z,-04:00,-04:00,US/Eastern,OFF,OK,16,Blackhawks,Chicago,de Chicago,CHI,4,14,Lightning,Tampa Bay,de Tampa Bay,TBL,5,4,OT,3,OT,8476883.0,8476826.0,,,,,,,,,,,,,,,,,,TBL
2016021125,20162017,2,2017-03-27,False,2017-03-28T00:00:00Z,-04:00,-05:00,US/Central,OFF,OK,53,Coyotes,Arizona,de l'Arizona,ARI,1,19,Blues,St. Louis,de St. Louis,STL,4,3,REG,3,REG,8474596.0,8474565.0,,,,,,,,,,,,,,,,,,STL
2016021126,20162017,2,2017-03-27,False,2017-03-28T01:00:00Z,-04:00,-06:00,America/Edmonton,OFF,OK,21,Avalanche,Colorado,du Colorado,COL,2,20,Flames,Calgary,de Calgary,CGY,4,3,REG,3,REG,8470880.0,8471426.0,,,,,,,,,,,,,,,,,,CGY
2016021128,20162017,2,2017-03-28,False,2017-03-28T23:00:00Z,-04:00,-04:00,US/Eastern,OFF,OK,9,Senators,Ottawa,d'Ottawa,OTT,2,4,Flyers,Philadelphia,de Philadelphie,PHI,3,5,SO,3,SO,8473461.0,,Sénateurs,,,,,,,,,,,,,,,,,PHI
2016021129,20162017,2,2017-03-28,False,2017-03-28T23:00:00Z,-04:00,-04:00,US/Eastern,OFF,OK,17,Red Wings,Detroit,de Detroit,DET,1,12,Hurricanes,Carolina,de la Caroline,CAR,4,3,REG,3,REG,8470320.0,8475807.0,,,,,,,,,,,,,,,,,,CAR
2016021130,20162017,2,2017-03-28,False,2017-03-28T23:00:00Z,-04:00,-04:00,US/Eastern,OFF,OK,7,Sabres,Buffalo,de Buffalo,BUF,1,29,Blue Jackets,Columbus,de Columbus,CBJ,3,3,REG,3,REG,8475683.0,8474715.0,,,,,,,,,,,,,,,,,,CBJ
2016021024,20162017,2,2017-03-28,False,2017-03-28T23:00:00Z,-04:00,-04:00,US/Eastern,OFF,OK,52,Jets,Winnipeg,de Winnipeg,WPG,4,1,Devils,New Jersey,du New Jersey,NJD,3,5,SO,3,SO,8476945.0,,,,,,,,,,,,,,,,,,,WPG
2016021127,20162017,2,2017-03-28,False,2017-03-28T23:00:00Z,-04:00,-04:00,US/Eastern,OFF,OK,18,Predators,Nashville,de Nashville,NSH,1,6,Bruins,Boston,de Boston,BOS,4,3,REG,3,REG,8471695.0,8471276.0,,,,,,,,,,,,,,,,,,BOS
2016021131,20162017,2,2017-03-28,False,2017-03-28T23:30:00Z,-04:00,-04:00,America/Toronto,OFF,OK,13,Panthers,Florida,de la Floride,FLA,2,10,Maple Leafs,Toronto,de Toronto,TOR,3,3,REG,3,REG,8470147.0,8475786.0,,,,,,,,,,,,,,,,,,TOR
2016021132,20162017,2,2017-03-28,False,2017-03-28T23:30:00Z,-04:00,-04:00,America/Montreal,OFF,OK,25,Stars,Dallas,de Dallas,DAL,1,8,Canadiens,Montréal,de Montréal,MTL,4,3,REG,3,REG,8471679.0,8475848.0,,,,,,,,,,,,,,,,,,MTL
2016021133,20162017,2,2017-03-28,False,2017-03-29T00:00:00Z,-04:00,-05:00,US/Central,OFF,OK,15,Capitals,Washington,de Washington,WSH,5,30,Wild,Minnesota,du Minnesota,MIN,4,4,OT,3,OT,8474651.0,8471698.0,,,,,,,,,,,,,,,,,,WSH
2016021134,20162017,2,2017-03-28,False,2017-03-29T01:00:00Z,-04:00,-06:00,America/Edmonton,OFF,OK,26,Kings,Los Angeles,de Los Angeles,LAK,1,22,Oilers,Edmonton,d'Edmonton,EDM,2,3,REG,3,REG,8475660.0,8473468.0,,,,,,,,,,,,,,,,,,EDM
2016021135,20162017,2,2017-03-28,False,2017-03-29T02:00:00Z,-04:00,-07:00,America/Vancouver,OFF,OK,24,Ducks,Anaheim,d'Anaheim,ANA,4,23,Canucks,Vancouver,de Vancouver,VAN,1,3,REG,3,REG,8473541.0,8470622.0,,,,,,,,,,,,,,,,,,ANA
2016021136,20162017,2,2017-03-28,False,2017-03-29T02:30:00Z,-04:00,-07:00,US/Pacific,OFF,OK,3,Rangers,New York,de New York,NYR,4,28,Sharks,San Jose,de San Jose,SJS,5,4,OT,3,OT,8474889.0,8470613.0,,,,,,,,,,,,,,,,,,SJS
2016021137,20162017,2,2017-03-29,False,2017-03-30T00:00:00Z,-04:00,-04:00,US/Eastern,OFF,OK,16,Blackhawks,Chicago,de Chicago,CHI,5,5,Penguins,Pittsburgh,de Pittsburgh,PIT,1,3,REG,3,REG,8470645.0,8475209.0,,,,,,,,,,,,,,,,,,CHI
2016021138,20162017,2,2017-03-29,False,2017-03-30T01:00:00Z,-04:00,-06:00,America/Edmonton,OFF,OK,26,Kings,Los Angeles,de Los Angeles,LAK,4,20,Flames,Calgary,de Calgary,CGY,1,3,REG,3,REG,8471750.0,8462042.0,,,,,,,,,,,,,,,,,,LAK
2016021139,20162017,2,2017-03-29,False,2017-03-30T02:00:00Z,-04:00,-06:00,America/Denver,OFF,OK,15,Capitals,Washington,de Washington,WSH,5,21,Avalanche,Colorado,du Colorado,COL,3,3,REG,3,REG,8475831.0,8475744.0,,,,,,,,,,,,,,,,,,WSH
2016021140,20162017,2,2017-03-29,False,2017-03-30T02:30:00Z,-04:00,-07:00,America/Phoenix,OFF,OK,19,Blues,St. Louis,de St. Louis,STL,3,53,Coyotes,Arizona,de l'Arizona,ARI,1,3,REG,3,REG,8475622.0,8475765.0,,,,,,,,,,,,,,,,,,STL
2016021142,20162017,2,2017-03-30,False,2017-03-30T23:00:00Z,-04:00,-04:00,US/Eastern,OFF,OK,2,Islanders,New York,de New York,NYI,3,4,Flyers,Philadelphia,de Philadelphie,PHI,6,3,REG,3,REG,8473461.0,8475738.0,,,,,,,,,,,,,,,,,,PHI
2016021143,20162017,2,2017-03-30,False,2017-03-30T23:00:00Z,-04:00,-04:00,US/Eastern,OFF,OK,29,Blue Jackets,Columbus,de Columbus,CBJ,1,12,Hurricanes,Carolina,de la Caroline,CAR,2,4,OT,3,OT,8470320.0,8478396.0,,,,,,,,,,,,,,,,,,CAR
2016021144,20162017,2,2017-03-30,False,2017-03-30T23:30:00Z,-04:00,-04:00,America/Montreal,OFF,OK,13,Panthers,Florida,de la Floride,FLA,2,8,Canadiens,Montréal,de Montréal,MTL,6,3,REG,3,REG,8471679.0,8474038.0,,,,,,,,,,,,,,,,,,MTL
2016021141,20162017,2,2017-03-30,False,2017-03-30T23:30:00Z,-04:00,-04:00,US/Eastern,OFF,OK,25,Stars,Dallas,de Dallas,DAL,0,6,Bruins,Boston,de Boston,BOS,2,3,REG,3,REG,8471695.0,8473419.0,,,,,,,,,,,,,,,,,,BOS
2016021145,20162017,2,2017-03-30,False,2017-03-30T23:30:00Z,-04:00,-04:00,US/Eastern,OFF,OK,17,Red Wings,Detroit,de Detroit,DET,3,14,Lightning,Tampa Bay,de Tampa Bay,TBL,5,3,REG,3,REG,8476883.0,8477494.0,,,,,,,,,,,,,,,,,,TBL
2016021146,20162017,2,2017-03-30,False,2017-03-31T00:00:00Z,-04:00,-05:00,US/Central,OFF,OK,10,Maple Leafs,Toronto,de Toronto,TOR,3,18,Predators,Nashville,de Nashville,NSH,1,3,REG,3,REG,8475883.0,8479318.0,,,,,,,,,,,,,,,,,,TOR
2016021147,20162017,2,2017-03-30,False,2017-03-31T00:00:00Z,-04:00,-05:00,US/Central,OFF,OK,9,Senators,Ottawa,d'Ottawa,OTT,1,30,Wild,Minnesota,du Minnesota,MIN,5,3,REG,3,REG,8471774.0,8475799.0,Sénateurs,,,,,,,,,,,,,,,,,MIN
2016021148,20162017,2,2017-03-30,False,2017-03-31T00:00:00Z,-04:00,-05:00,America/Winnipeg,OFF,OK,24,Ducks,Anaheim,d'Anaheim,ANA,3,52,Jets,Winnipeg,de Winnipeg,WPG,4,4,OT,3,OT,8474636.0,8476460.0,,,,,,,,,,,,,,,,,,WPG
2016021149,20162017,2,2017-03-30,False,2017-03-31T01:00:00Z,-04:00,-06:00,America/Edmonton,OFF,OK,28,Sharks,San Jose,de San Jose,SJS,2,22,Oilers,Edmonton,d'Edmonton,EDM,3,3,REG,3,REG,8475660.0,8474034.0,,,,,,,,,,,,,,,,,,EDM
2016021150,20162017,2,2017-03-31,False,2017-03-31T23:00:00Z,-04:00,-04:00,America/New_York,OFF,OK,5,Penguins,Pittsburgh,de Pittsburgh,PIT,4,3,Rangers,New York,de New York,NYR,3,5,SO,3,SO,8476899.0,,,,,,,,,,,,,,,,,,,PIT
2016021151,20162017,2,2017-03-31,False,2017-03-31T23:30:00Z,-04:00,-04:00,America/New_York,OFF,OK,1,Devils,New Jersey,du New Jersey,NJD,1,2,Islanders,New York,de New York,NYI,2,3,REG,3,REG,8470860.0,8478463.0,,,,,,,,,,,,,,,,,,NYI
2016021152,20162017,2,2017-03-31,False,2017-04-01T00:30:00Z,-04:00,-05:00,America/Chicago,OFF,OK,29,Blue Jackets,Columbus,de Columbus,CBJ,1,16,Blackhawks,Chicago,de Chicago,CHI,3,3,REG,3,REG,8470645.0,8466148.0,,,,,,,,,,,,,,,,,,CHI
2016021153,20162017,2,2017-03-31,False,2017-04-01T01:00:00Z,-04:00,-06:00,America/Denver,OFF,OK,19,Blues,St. Louis,de St. Louis,STL,1,21,Avalanche,Colorado,du Colorado,COL,2,5,SO,3,SO,8475717.0,,,,,,,,,,,,,,,,,,,COL
2016021154,20162017,2,2017-03-31,False,2017-04-01T01:00:00Z,-04:00,-06:00,America/Edmonton,OFF,OK,28,Sharks,San Jose,de San Jose,SJS,2,20,Flames,Calgary,de Calgary,CGY,5,3,REG,3,REG,8470880.0,8470162.0,,,,,,,,,,,,,,,,,,CGY
2016021156,20162017,2,2017-03-31,False,2017-04-01T02:00:00Z,-04:00,-07:00,America/Phoenix,OFF,OK,15,Capitals,Washington,de Washington,WSH,3,53,Coyotes,Arizona,de l'Arizona,ARI,6,3,REG,3,REG,8475839.0,8477989.0,,,,,,,,,,,,,,,,,,ARI
2016021155,20162017,2,2017-03-31,False,2017-04-01T02:00:00Z,-04:00,-07:00,America/Vancouver,OFF,OK,26,Kings,Los Angeles,de Los Angeles,LAK,2,23,Canucks,Vancouver,de Vancouver,VAN,0,3,REG,3,REG,8471734.0,8462042.0,,,,,,,,,,,,,,,,,,LAK
2016021157,20162017,2,2017-04-01,False,2017-04-01T17:00:00Z,-04:00,-04:00,US/Eastern,OFF,OK,13,Panthers,Florida,de la Floride,FLA,2,6,Bruins,Boston,de Boston,BOS,5,3,REG,3,REG,8471695.0,8471276.0,,,,,,,,,,,,,,,,,,BOS
2016021158,20162017,2,2017-04-01,False,2017-04-01T18:00:00Z,-04:00,-05:00,US/Central,OFF,OK,30,Wild,Minnesota,du Minnesota,MIN,0,18,Predators,Nashville,de Nashville,NSH,3,3,REG,3,REG,8471469.0,8476887.0,,,,,,,,,,,,,,,,,,NSH
2016021162,20162017,2,2017-04-01,False,2017-04-01T23:00:00Z,-04:00,-04:00,US/Eastern,OFF,OK,25,Stars,Dallas,de Dallas,DAL,3,12,Hurricanes,Carolina,de la Caroline,CAR,0,3,REG,3,REG,8470140.0,8469455.0,,,,,,,,,,,,,,,,,,DAL
2016021160,20162017,2,2017-04-01,False,2017-04-01T23:00:00Z,-04:00,-04:00,US/Eastern,OFF,OK,8,Canadiens,Montréal,de Montréal,MTL,2,14,Lightning,Tampa Bay,de Tampa Bay,TBL,1,4,OT,3,OT,8471679.0,8471228.0,,,,,,,,,,,,,,,,,,MTL
2016021159,20162017,2,2017-04-01,False,2017-04-01T23:00:00Z,-04:00,-04:00,America/Detroit,OFF,OK,10,Maple Leafs,Toronto,de Toronto,TOR,5,17,Red Wings,Detroit,de Detroit,DET,4,3,REG,3,REG,8475883.0,8479318.0,,,,,,,,,,,,,,,,,,TOR
2016021161,20162017,2,2017-04-01,False,2017-04-01T23:00:00Z,-04:00,-04:00,US/Eastern,OFF,OK,1,Devils,New Jersey,du New Jersey,NJD,0,4,Flyers,Philadelphia,de Philadelphie,PHI,3,3,REG,3,REG,8473607.0,8475170.0,,,,,,,,,,,,,,,,,,PHI
2016021163,20162017,2,2017-04-01,False,2017-04-01T23:00:00Z,-04:00,-05:00,America/Winnipeg,OFF,OK,9,Senators,Ottawa,d'Ottawa,OTT,2,52,Jets,Winnipeg,de Winnipeg,WPG,4,3,REG,3,REG,8476945.0,8473618.0,Sénateurs,,,,,,,,,,,,,,,,,WPG
2016021164,20162017,2,2017-04-01,False,2017-04-02T02:00:00Z,-04:00,-06:00,America/Edmonton,OFF,OK,24,Ducks,Anaheim,d'Anaheim,ANA,2,22,Oilers,Edmonton,d'Edmonton,EDM,3,4,OT,3,OT,8475660.0,8477934.0,,,,,,,,,,,,,,,,,,EDM
2016021165,20162017,2,2017-04-02,False,2017-04-02T16:30:00Z,-04:00,-05:00,America/Chicago,OFF,OK,6,Bruins,Boston,de Boston,BOS,3,16,Blackhawks,Chicago,de Chicago,CHI,2,3,REG,3,REG,8471418.0,8476191.0,,,,,,,,,,,,,,,,,,BOS
2016021166,20162017,2,2017-04-02,False,2017-04-02T19:00:00Z,-04:00,-04:00,America/New_York,OFF,OK,2,Islanders,New York,de New York,NYI,4,7,Sabres,Buffalo,de Buffalo,BUF,2,3,REG,3,REG,8470860.0,8475314.0,,,,,,,,,,,,,,,,,,NYI
2016021170,20162017,2,2017-04-02,False,2017-04-02T20:00:00Z,-04:00,-05:00,US/Central,OFF,OK,18,Predators,Nashville,de Nashville,NSH,1,19,Blues,St. Louis,de St. Louis,STL,4,3,REG,3,REG,8474596.0,8470257.0,,,,,,,,,,,,,,,,,,STL
2016021167,20162017,2,2017-04-02,False,2017-04-02T21:00:00Z,-04:00,-04:00,US/Eastern,OFF,OK,12,Hurricanes,Carolina,de la Caroline,CAR,2,5,Penguins,Pittsburgh,de Pittsburgh,PIT,3,3,REG,3,REG,8476899.0,8477839.0,,,,,,,,,,,,,,,,,,PIT
2016021171,20162017,2,2017-04-02,False,2017-04-02T22:00:00Z,-04:00,-05:00,US/Central,OFF,OK,21,Avalanche,Colorado,du Colorado,COL,2,30,Wild,Minnesota,du Minnesota,MIN,5,3,REG,3,REG,8471227.0,8475287.0,,,,,,,,,,,,,,,,,,MIN
2016021169,20162017,2,2017-04-02,False,2017-04-02T22:00:00Z,-04:00,-04:00,US/Eastern,OFF,OK,15,Capitals,Washington,de Washington,WSH,3,29,Blue Jackets,Columbus,de Columbus,CBJ,2,3,REG,3,REG,8474651.0,8471702.0,,,,,,,,,,,,,,,,,,WSH
2016021168,20162017,2,2017-04-02,False,2017-04-02T22:00:00Z,-04:00,-04:00,US/Eastern,OFF,OK,25,Stars,Dallas,de Dallas,DAL,3,14,Lightning,Tampa Bay,de Tampa Bay,TBL,6,3,REG,3,REG,8469514.0,8476292.0,,,,,,,,,,,,,,,,,,TBL
2016021172,20162017,2,2017-04-02,False,2017-04-02T23:00:00Z,-04:00,-07:00,America/Vancouver,OFF,OK,28,Sharks,San Jose,de San Jose,SJS,3,23,Canucks,Vancouver,de Vancouver,VAN,1,3,REG,3,REG,8474889.0,8476881.0,,,,,,,,,,,,,,,,,,SJS
2016021173,20162017,2,2017-04-02,False,2017-04-02T23:30:00Z,-04:00,-04:00,America/New_York,OFF,OK,4,Flyers,Philadelphia,de Philadelphie,PHI,3,3,Rangers,New York,de New York,NYR,4,3,REG,3,REG,8468685.0,8475184.0,,,,,,,,,,,,,,,,,,NYR
2016021174,20162017,2,2017-04-02,False,2017-04-03T01:30:00Z,-04:00,-06:00,America/Edmonton,OFF,OK,24,Ducks,Anaheim,d'Anaheim,ANA,4,20,Flames,Calgary,de Calgary,CGY,3,3,REG,3,REG,8473541.0,8476400.0,,,,,,,,,,,,,,,,,,ANA
2016021175,20162017,2,2017-04-02,False,2017-04-03T02:30:00Z,-04:00,-07:00,America/Los_Angeles,OFF,OK,53,Coyotes,Arizona,de l'Arizona,ARI,2,26,Kings,Los Angeles,de Los Angeles,LAK,1,3,REG,3,REG,8469608.0,8477407.0,,,,,,,,,,,,,,,,,,ARI
2016021176,20162017,2,2017-04-03,False,2017-04-03T23:00:00Z,-04:00,-04:00,America/New_York,OFF,OK,10,Maple Leafs,Toronto,de Toronto,TOR,4,7,Sabres,Buffalo,de Buffalo,BUF,2,3,REG,3,REG,8475883.0,8474037.0,,,,,,,,,,,,,,,,,,TOR
2016021177,20162017,2,2017-04-03,False,2017-04-03T23:00:00Z,-04:00,-04:00,America/Detroit,OFF,OK,9,Senators,Ottawa,d'Ottawa,OTT,4,17,Red Wings,Detroit,de Detroit,DET,5,5,SO,3,SO,8475852.0,,Sénateurs,,,,,,,,,,,,,,,,,DET
2016021178,20162017,2,2017-04-03,False,2017-04-03T23:30:00Z,-04:00,-04:00,US/Eastern,OFF,OK,8,Canadiens,Montréal,de Montréal,MTL,4,13,Panthers,Florida,de la Floride,FLA,1,3,REG,3,REG,8479292.0,8477476.0,,,,,,,,,,,,,,,,,,MTL
2016021180,20162017,2,2017-04-04,False,2017-04-04T23:00:00Z,-04:00,-04:00,US/Eastern,OFF,OK,4,Flyers,Philadelphia,de Philadelphie,PHI,0,1,Devils,New Jersey,du New Jersey,NJD,1,4,OT,3,OT,8476234.0,8475186.0,,,,,,,,,,,,,,,,,,NJD
2016021179,20162017,2,2017-04-04,False,2017-04-04T23:00:00Z,-04:00,-04:00,US/Eastern,OFF,OK,14,Lightning,Tampa Bay,de Tampa Bay,TBL,0,6,Bruins,Boston,de Boston,BOS,4,3,REG,3,REG,8471695.0,8471226.0,,,,,,,,,,,,,,,,,,BOS
2016021181,20162017,2,2017-04-04,False,2017-04-04T23:00:00Z,-04:00,-04:00,US/Eastern,OFF,OK,29,Blue Jackets,Columbus,de Columbus,CBJ,1,5,Penguins,Pittsburgh,de Pittsburgh,PIT,4,3,REG,3,REG,8476899.0,8471887.0,,,,,,,,,,,,,,,,,,PIT
2016021183,20162017,2,2017-04-04,False,2017-04-04T23:30:00Z,-04:00,-04:00,US/Eastern,OFF,OK,17,Red Wings,Detroit,de Detroit,DET,0,9,Senators,Ottawa,d'Ottawa,OTT,2,3,REG,3,REG,8467950.0,8474578.0,,Sénateurs,,,,,,,,,,,,,,,,OTT
2016021182,20162017,2,2017-04-04,False,2017-04-04T23:30:00Z,-04:00,-04:00,America/Toronto,OFF,OK,15,Capitals,Washington,de Washington,WSH,4,10,Maple Leafs,Toronto,de Toronto,TOR,1,3,REG,3,REG,8475831.0,8474031.0,,,,,,,,,,,,,,,,,,WSH
2016021184,20162017,2,2017-04-04,False,2017-04-05T00:00:00Z,-04:00,-05:00,US/Central,OFF,OK,52,Jets,Winnipeg,de Winnipeg,WPG,5,19,Blues,St. Louis,de St. Louis,STL,2,3,REG,3,REG,8474636.0,8470614.0,,,,,,,,,,,,,,,,,,WPG
2016021185,20162017,2,2017-04-04,False,2017-04-05T00:00:00Z,-04:00,-05:00,US/Central,OFF,OK,2,Islanders,New York,de New York,NYI,2,18,Predators,Nashville,de Nashville,NSH,1,4,OT,3,OT,8470860.0,8474066.0,,,,,,,,,,,,,,,,,,NYI
2016021186,20162017,2,2017-04-04,False,2017-04-05T00:00:00Z,-04:00,-05:00,US/Central,OFF,OK,12,Hurricanes,Carolina,de la Caroline,CAR,3,30,Wild,Minnesota,du Minnesota,MIN,5,3,REG,3,REG,8471227.0,8475745.0,,,,,,,,,,,,,,,,,,MIN
2016021187,20162017,2,2017-04-04,False,2017-04-05T00:30:00Z,-04:00,-05:00,US/Central,OFF,OK,53,Coyotes,Arizona,de l'Arizona,ARI,2,25,Stars,Dallas,de Dallas,DAL,3,4,OT,3,OT,8474550.0,8477945.0,,,,,,,,,,,,,,,,,,DAL
2016021188,20162017,2,2017-04-04,False,2017-04-05T01:00:00Z,-04:00,-06:00,America/Denver,OFF,OK,16,Blackhawks,Chicago,de Chicago,CHI,3,21,Avalanche,Colorado,du Colorado,COL,4,4,OT,3,OT,8475717.0,8473446.0,,,,,,,,,,,,,,,,,,COL
2016021189,20162017,2,2017-04-04,False,2017-04-05T02:00:00Z,-04:00,-07:00,America/Los_Angeles,OFF,OK,20,Flames,Calgary,de Calgary,CGY,1,24,Ducks,Anaheim,d'Anaheim,ANA,3,3,REG,3,REG,8476434.0,8469598.0,,,,,,,,,,,,,,,,,,ANA
2016021190,20162017,2,2017-04-04,False,2017-04-05T02:30:00Z,-04:00,-07:00,America/Los_Angeles,OFF,OK,22,Oilers,Edmonton,d'Edmonton,EDM,4,26,Kings,Los Angeles,de Los Angeles,LAK,6,3,REG,3,REG,8471734.0,8476871.0,,,,,,,,,,,,,,,,,,LAK
2016021191,20162017,2,2017-04-04,False,2017-04-05T02:30:00Z,-04:00,-07:00,US/Pacific,OFF,OK,23,Canucks,Vancouver,de Vancouver,VAN,1,28,Sharks,San Jose,de San Jose,SJS,3,3,REG,3,REG,8474889.0,8468208.0,,,,,,,,,,,,,,,,,,SJS
2016021192,20162017,2,2017-04-05,False,2017-04-05T23:30:00Z,-04:00,-04:00,America/New_York,OFF,OK,8,Canadiens,Montréal,de Montréal,MTL,1,7,Sabres,Buffalo,de Buffalo,BUF,2,3,REG,3,REG,8475215.0,8474589.0,,,,,,,,,,,,,,,,,,BUF
2016021193,20162017,2,2017-04-05,False,2017-04-06T00:00:00Z,-04:00,-04:00,US/Eastern,OFF,OK,3,Rangers,New York,de New York,NYR,0,15,Capitals,Washington,de Washington,WSH,2,3,REG,3,REG,8474651.0,8468508.0,,,,,,,,,,,,,,,,,,WSH
2016021194,20162017,2,2017-04-06,False,2017-04-06T23:00:00Z,-04:00,-04:00,US/Eastern,OFF,OK,9,Senators,Ottawa,d'Ottawa,OTT,2,6,Bruins,Boston,de Boston,BOS,1,5,SO,3,SO,8467950.0,,Sénateurs,,,,,,,,,,,,,,,,,OTT
2016021196,20162017,2,2017-04-06,False,2017-04-06T23:00:00Z,-04:00,-04:00,US/Eastern,OFF,OK,2,Islanders,New York,de New York,NYI,3,12,Hurricanes,Carolina,de la Caroline,CAR,0,3,REG,3,REG,8470860.0,8475754.0,,,,,,,,,,,,,,,,,,NYI
2016021197,20162017,2,2017-04-06,False,2017-04-06T23:00:00Z,-04:00,-04:00,US/Eastern,OFF,OK,52,Jets,Winnipeg,de Winnipeg,WPG,5,29,Blue Jackets,Columbus,de Columbus,CBJ,4,3,REG,3,REG,8477480.0,8473412.0,,,,,,,,,,,,,,,,,,WPG
2016021195,20162017,2,2017-04-06,False,2017-04-06T23:00:00Z,-04:00,-04:00,US/Eastern,OFF,OK,5,Penguins,Pittsburgh,de Pittsburgh,PIT,7,1,Devils,New Jersey,du New Jersey,NJD,4,3,REG,3,REG,8476899.0,8471887.0,,,,,,,,,,,,,,,,,,PIT
2016021199,20162017,2,2017-04-06,False,2017-04-06T23:30:00Z,-04:00,-04:00,US/Eastern,OFF,OK,19,Blues,St. Louis,de St. Louis,STL,6,13,Panthers,Florida,de la Floride,FLA,3,3,REG,3,REG,8474596.0,8473534.0,,,,,,,,,,,,,,,,,,STL
2016021198,20162017,2,2017-04-06,False,2017-04-06T23:30:00Z,-04:00,-04:00,America/Toronto,OFF,OK,14,Lightning,Tampa Bay,de Tampa Bay,TBL,4,10,Maple Leafs,Toronto,de Toronto,TOR,1,3,REG,3,REG,8476883.0,8476453.0,,,,,,,,,,,,,,,,,,TBL
2016021200,20162017,2,2017-04-06,False,2017-04-07T00:30:00Z,-04:00,-05:00,US/Central,OFF,OK,18,Predators,Nashville,de Nashville,NSH,7,25,Stars,Dallas,de Dallas,DAL,3,3,REG,3,REG,8477424.0,8478042.0,,,,,,,,,,,,,,,,,,NSH
2016021201,20162017,2,2017-04-06,False,2017-04-07T01:00:00Z,-04:00,-06:00,America/Denver,OFF,OK,30,Wild,Minnesota,du Minnesota,MIN,4,21,Avalanche,Colorado,du Colorado,COL,3,3,REG,3,REG,8471227.0,8475798.0,,,,,,,,,,,,,,,,,,MIN
2016021203,20162017,2,2017-04-06,False,2017-04-07T02:00:00Z,-04:00,-07:00,America/Los_Angeles,OFF,OK,16,Blackhawks,Chicago,de Chicago,CHI,0,24,Ducks,Anaheim,d'Anaheim,ANA,4,3,REG,3,REG,8476434.0,8470621.0,,,,,,,,,,,,,,,,,,ANA
2016021202,20162017,2,2017-04-06,False,2017-04-07T02:00:00Z,-04:00,-07:00,America/Phoenix,OFF,OK,23,Canucks,Vancouver,de Vancouver,VAN,3,53,Coyotes,Arizona,de l'Arizona,ARI,4,3,REG,3,REG,8475839.0,8468085.0,,,,,,,,,,,,,,,,,,ARI
2016021205,20162017,2,2017-04-06,False,2017-04-07T02:30:00Z,-04:00,-07:00,US/Pacific,OFF,OK,22,Oilers,Edmonton,d'Edmonton,EDM,4,28,Sharks,San Jose,de San Jose,SJS,2,3,REG,3,REG,8475660.0,8473473.0,,,,,,,,,,,,,,,,,,EDM
2016021204,20162017,2,2017-04-06,False,2017-04-07T02:30:00Z,-04:00,-07:00,America/Los_Angeles,OFF,OK,20,Flames,Calgary,de Calgary,CGY,4,26,Kings,Los Angeles,de Los Angeles,LAK,1,3,REG,3,REG,8476903.0,8469770.0,,,,,,,,,,,,,,,,,,CGY
2016021206,20162017,2,2017-04-07,False,2017-04-07T23:30:00Z,-04:00,-04:00,America/Montreal,OFF,OK,14,Lightning,Tampa Bay,de Tampa Bay,TBL,4,8,Canadiens,Montréal,de Montréal,MTL,2,3,REG,3,REG,8476883.0,8473986.0,,,,,,,,,,,,,,,,,,TBL
2016021208,20162017,2,2017-04-08,False,2017-04-08T16:30:00Z,-04:00,-04:00,US/Eastern,OFF,OK,29,Blue Jackets,Columbus,de Columbus,CBJ,2,4,Flyers,Philadelphia,de Philadelphie,PHI,4,3,REG,3,REG,8473461.0,8474161.0,,,,,,,,,,,,,,,,,,PHI
2016021207,20162017,2,2017-04-08,False,2017-04-08T16:30:00Z,-04:00,-04:00,US/Eastern,OFF,OK,3,Rangers,New York,de New York,NYR,1,9,Senators,Ottawa,d'Ottawa,OTT,3,3,REG,3,REG,8467950.0,8473544.0,,Sénateurs,,,,,,,,,,,,,,,,OTT
2016021209,20162017,2,2017-04-08,False,2017-04-08T19:00:00Z,-04:00,-04:00,US/Eastern,OFF,OK,15,Capitals,Washington,de Washington,WSH,3,6,Bruins,Boston,de Boston,BOS,1,3,REG,3,REG,8475831.0,8474031.0,,,,,,,,,,,,,,,,,,WSH
2016021210,20162017,2,2017-04-08,False,2017-04-08T22:00:00Z,-04:00,-04:00,US/Eastern,OFF,OK,2,Islanders,New York,de New York,NYI,4,1,Devils,New Jersey,du New Jersey,NJD,2,3,REG,3,REG,8470860.0,8466251.0,,,,,,,,,,,,,,,,,,NYI
2016021220,20162017,2,2017-04-08,False,2017-04-08T22:00:00Z,-04:00,-07:00,America/Los_Angeles,OFF,OK,16,Blackhawks,Chicago,de Chicago,CHI,2,26,Kings,Los Angeles,de Los Angeles,LAK,3,4,OT,3,OT,8471734.0,8474563.0,,,,,,,,,,,,,,,,,,LAK
2016021214,20162017,2,2017-04-08,False,2017-04-08T23:00:00Z,-04:00,-04:00,US/Eastern,OFF,OK,19,Blues,St. Louis,de St. Louis,STL,5,12,Hurricanes,Carolina,de la Caroline,CAR,4,5,SO,3,SO,8475622.0,,,,,,,,,,,,,,,,,,,STL
2016021213,20162017,2,2017-04-08,False,2017-04-08T23:00:00Z,-04:00,-04:00,US/Eastern,OFF,OK,7,Sabres,Buffalo,de Buffalo,BUF,0,13,Panthers,Florida,de la Floride,FLA,3,3,REG,3,REG,8473503.0,8475760.0,,,,,,,,,,,,,,,,,,FLA
2016021215,20162017,2,2017-04-08,False,2017-04-08T23:00:00Z,-04:00,-05:00,America/Winnipeg,OFF,OK,18,Predators,Nashville,de Nashville,NSH,1,52,Jets,Winnipeg,de Winnipeg,WPG,2,3,REG,3,REG,8476945.0,8471218.0,,,,,,,,,,,,,,,,,,WPG
2016021211,20162017,2,2017-04-08,False,2017-04-08T23:00:00Z,-04:00,-04:00,America/Toronto,OFF,OK,5,Penguins,Pittsburgh,de Pittsburgh,PIT,3,10,Maple Leafs,Toronto,de Toronto,TOR,5,3,REG,3,REG,8470147.0,8477015.0,,,,,,,,,,,,,,,,,,TOR
2016021212,20162017,2,2017-04-08,False,2017-04-08T23:00:00Z,-04:00,-04:00,America/Detroit,OFF,OK,8,Canadiens,Montréal,de Montréal,MTL,3,17,Red Wings,Detroit,de Detroit,DET,2,4,OT,3,OT,8479292.0,8476851.0,,,,,,,,,,,,,,,,,,MTL
2016021216,20162017,2,2017-04-08,False,2017-04-09T00:00:00Z,-04:00,-05:00,US/Central,OFF,OK,21,Avalanche,Colorado,du Colorado,COL,3,25,Stars,Dallas,de Dallas,DAL,4,5,SO,3,SO,8470140.0,,,,,,,,,,,,,,,,,,,DAL
2016021217,20162017,2,2017-04-08,False,2017-04-09T01:00:00Z,-04:00,-07:00,America/Phoenix,OFF,OK,30,Wild,Minnesota,du Minnesota,MIN,3,53,Coyotes,Arizona,de l'Arizona,ARI,1,3,REG,3,REG,8475311.0,8470595.0,,,,,,,,,,,,,,,,,,MIN
2016021218,20162017,2,2017-04-08,False,2017-04-09T02:00:00Z,-04:00,-07:00,America/Vancouver,OFF,OK,22,Oilers,Edmonton,d'Edmonton,EDM,3,23,Canucks,Vancouver,de Vancouver,VAN,2,3,REG,3,REG,8475660.0,8476336.0,,,,,,,,,,,,,,,,,,EDM
2016021219,20162017,2,2017-04-08,False,2017-04-09T02:00:00Z,-04:00,-07:00,US/Pacific,OFF,OK,20,Flames,Calgary,de Calgary,CGY,1,28,Sharks,San Jose,de San Jose,SJS,3,3,REG,3,REG,8477180.0,8474571.0,,,,,,,,,,,,,,,,,,SJS
2016021223,20162017,2,2017-04-09,False,2017-04-09T21:00:00Z,-04:00,-04:00,America/New_York,OFF,OK,9,Senators,Ottawa,d'Ottawa,OTT,2,2,Islanders,New York,de New York,NYI,4,3,REG,3,REG,8471306.0,8475754.0,Sénateurs,,,,,,,,,,,,,,,,,NYI
2016021221,20162017,2,2017-04-09,False,2017-04-09T21:00:00Z,-04:00,-04:00,America/Detroit,OFF,OK,1,Devils,New Jersey,du New Jersey,NJD,1,17,Red Wings,Detroit,de Detroit,DET,4,3,REG,3,REG,8470657.0,8475193.0,,,,,,,,,,,,,,,,,,DET
2016021222,20162017,2,2017-04-09,False,2017-04-09T21:00:00Z,-04:00,-04:00,US/Eastern,OFF,OK,7,Sabres,Buffalo,de Buffalo,BUF,2,14,Lightning,Tampa Bay,de Tampa Bay,TBL,4,3,REG,3,REG,8476883.0,8478010.0,,,,,,,,,,,,,,,,,,TBL
2016021225,20162017,2,2017-04-09,False,2017-04-09T22:00:00Z,-04:00,-05:00,US/Central,OFF,OK,21,Avalanche,Colorado,du Colorado,COL,2,19,Blues,St. Louis,de St. Louis,STL,3,3,REG,3,REG,8474596.0,8475765.0,,,,,,,,,,,,,,,,,,STL
2016021224,20162017,2,2017-04-09,False,2017-04-09T22:00:00Z,-04:00,-04:00,America/Toronto,OFF,OK,29,Blue Jackets,Columbus,de Columbus,CBJ,3,10,Maple Leafs,Toronto,de Toronto,TOR,2,3,REG,3,REG,8476914.0,8474715.0,,,,,,,,,,,,,,,,,,CBJ
2016021227,20162017,2,2017-04-09,False,2017-04-09T23:00:00Z,-04:00,-04:00,US/Eastern,OFF,OK,12,Hurricanes,Carolina,de la Caroline,CAR,4,4,Flyers,Philadelphia,de Philadelphie,PHI,3,5,SO,3,SO,8475663.0,,,,,,,,,,,,,,,,,,,CAR
2016021228,20162017,2,2017-04-09,False,2017-04-09T23:00:00Z,-04:00,-04:00,US/Eastern,OFF,OK,13,Panthers,Florida,de la Floride,FLA,2,15,Capitals,Washington,de Washington,WSH,0,3,REG,3,REG,,,,,,,,,,,,,,,,,,,,FLA
2016021226,20162017,2,2017-04-09,False,2017-04-09T23:00:00Z,-04:00,-04:00,America/New_York,OFF,OK,5,Penguins,Pittsburgh,de Pittsburgh,PIT,2,3,Rangers,New York,de New York,NYR,3,3,REG,3,REG,8476433.0,8476918.0,,,,,,,,,,,,,,,,,,NYR
2016021229,20162017,2,2017-04-09,False,2017-04-10T00:30:00Z,-04:00,-07:00,America/Los_Angeles,OFF,OK,26,Kings,Los Angeles,de Los Angeles,LAK,3,24,Ducks,Anaheim,d'Anaheim,ANA,4,4,OT,3,OT,8473541.0,8477447.0,,,,,,,,,,,,,,,,,,ANA
2016021230,20162017,2,2017-04-09,False,2017-04-10T01:00:00Z,-04:00,-06:00,America/Edmonton,OFF,OK,23,Canucks,Vancouver,de Vancouver,VAN,2,22,Oilers,Edmonton,d'Edmonton,EDM,5,3,REG,3,REG,8476316.0,8479465.0,,,,,,,,,,,,,,,,,,EDM
2016030121,20162017,3,2017-04-12,False,2017-04-12T23:00:00Z,-04:00,-04:00,US/Eastern,OFF,OK,6,Bruins,Boston,de Boston,BOS,2,9,Senators,Ottawa,d'Ottawa,OTT,1,3,REG,3,REG,8471695.0,8473419.0,,Sénateurs,/schedule/playoff-series/2017/series-b/senators-vs-bruins,1.0,R1,1st Round,B,4.0,0.0,1.0,1.0,,,,,,,BOS
2016030111,20162017,3,2017-04-12,False,2017-04-12T23:00:00Z,-04:00,-04:00,America/Montreal,OFF,OK,3,Rangers,New York,de New York,NYR,2,8,Canadiens,Montréal,de Montréal,MTL,0,3,REG,3,REG,8468685.0,8470854.0,,,/schedule/playoff-series/2017/series-a/canadiens-vs-rangers,1.0,R1,1st Round,A,4.0,0.0,1.0,1.0,,,,,,,NYR
2016030141,20162017,3,2017-04-12,False,2017-04-12T23:30:00Z,-04:00,-04:00,US/Eastern,OFF,OK,29,Blue Jackets,Columbus,de Columbus,CBJ,1,5,Penguins,Pittsburgh,de Pittsburgh,PIT,3,3,REG,3,REG,8470594.0,8473548.0,,,/schedule/playoff-series/2017/series-d/penguins-vs-bluejackets,1.0,R1,1st Round,D,4.0,1.0,0.0,1.0,,,,,,,PIT
2016030161,20162017,3,2017-04-12,False,2017-04-13T01:30:00Z,-04:00,-05:00,US/Central,OFF,OK,19,Blues,St. Louis,de St. Louis,STL,2,30,Wild,Minnesota,du Minnesota,MIN,1,4,OT,3,OT,8474596.0,8476441.0,,,/schedule/playoff-series/2017/series-f/wild-vs-blues,1.0,R1,1st Round,F,4.0,0.0,1.0,1.0,,,,,,,STL
2016030181,20162017,3,2017-04-12,False,2017-04-13T02:00:00Z,-04:00,-06:00,America/Edmonton,OFF,OK,28,Sharks,San Jose,de San Jose,SJS,3,22,Oilers,Edmonton,d'Edmonton,EDM,2,4,OT,3,OT,8474889.0,8477922.0,,,/schedule/playoff-series/2017/series-h/oilers-vs-sharks,1.0,R1,1st Round,H,4.0,0.0,1.0,1.0,,,,,,,SJS
2016030131,20162017,3,2017-04-13,False,2017-04-13T23:00:00Z,-04:00,-04:00,US/Eastern,OFF,OK,10,Maple Leafs,Toronto,de Toronto,TOR,2,15,Capitals,Washington,de Washington,WSH,3,4,OT,3,OT,8474651.0,8476880.0,,,/schedule/playoff-series/2017/series-c/capitals-vs-mapleleafs,1.0,R1,1st Round,C,4.0,1.0,0.0,1.0,,,,,,,WSH
2016030151,20162017,3,2017-04-13,False,2017-04-14T00:00:00Z,-04:00,-05:00,America/Chicago,OFF,OK,18,Predators,Nashville,de Nashville,NSH,1,16,Blackhawks,Chicago,de Chicago,CHI,0,3,REG,3,REG,8471469.0,8478042.0,,,/schedule/playoff-series/2017/series-e/blackhawks-vs-predators,1.0,R1,1st Round,E,4.0,0.0,1.0,1.0,,,,,,,NSH
2016030171,20162017,3,2017-04-13,False,2017-04-14T02:30:00Z,-04:00,-07:00,America/Los_Angeles,OFF,OK,20,Flames,Calgary,de Calgary,CGY,2,24,Ducks,Anaheim,d'Anaheim,ANA,3,3,REG,3,REG,8476434.0,8475164.0,,,/schedule/playoff-series/2017/series-g/ducks-vs-flames,1.0,R1,1st Round,G,4.0,1.0,0.0,1.0,,,,,,,ANA
2016030142,20162017,3,2017-04-14,False,2017-04-14T23:00:00Z,-04:00,-04:00,US/Eastern,OFF,OK,29,Blue Jackets,Columbus,de Columbus,CBJ,1,5,Penguins,Pittsburgh,de Pittsburgh,PIT,4,3,REG,3,REG,8470594.0,8477404.0,,,/schedule/playoff-series/2017/series-d/penguins-vs-bluejackets,1.0,R1,1st Round,D,4.0,2.0,0.0,2.0,,,,,,,PIT
2016030112,20162017,3,2017-04-14,False,2017-04-14T23:00:00Z,-04:00,-04:00,America/Montreal,OFF,OK,3,Rangers,New York,de New York,NYR,3,8,Canadiens,Montréal,de Montréal,MTL,4,4,OT,3,OT,8471679.0,8471228.0,,,/schedule/playoff-series/2017/series-a/canadiens-vs-rangers,1.0,R1,1st Round,A,4.0,1.0,1.0,2.0,,,,,,,MTL
2016030162,20162017,3,2017-04-14,False,2017-04-15T00:00:00Z,-04:00,-05:00,US/Central,OFF,OK,19,Blues,St. Louis,de St. Louis,STL,2,30,Wild,Minnesota,du Minnesota,MIN,1,3,REG,3,REG,8474596.0,8475768.0,,,/schedule/playoff-series/2017/series-f/wild-vs-blues,1.0,R1,1st Round,F,4.0,0.0,2.0,2.0,,,,,,,STL
2016030182,20162017,3,2017-04-14,False,2017-04-15T02:30:00Z,-04:00,-06:00,America/Edmonton,OFF,OK,28,Sharks,San Jose,de San Jose,SJS,0,22,Oilers,Edmonton,d'Edmonton,EDM,2,3,REG,3,REG,8475660.0,8475178.0,,,/schedule/playoff-series/2017/series-h/oilers-vs-sharks,1.0,R1,1st Round,H,4.0,1.0,1.0,2.0,,,,,,,EDM
2016030122,20162017,3,2017-04-15,False,2017-04-15T19:00:00Z,-04:00,-04:00,US/Eastern,OFF,OK,6,Bruins,Boston,de Boston,BOS,3,9,Senators,Ottawa,d'Ottawa,OTT,4,4,OT,3,OT,8467950.0,8470602.0,,Sénateurs,/schedule/playoff-series/2017/series-b/senators-vs-bruins,1.0,R1,1st Round,B,4.0,1.0,1.0,2.0,,,,,,,OTT
2016030132,20162017,3,2017-04-15,False,2017-04-15T23:00:00Z,-04:00,-04:00,US/Eastern,OFF,OK,10,Maple Leafs,Toronto,de Toronto,TOR,4,15,Capitals,Washington,de Washington,WSH,3,5,OT,3,OT,8475883.0,8477953.0,,,/schedule/playoff-series/2017/series-c/capitals-vs-mapleleafs,1.0,R1,1st Round,C,4.0,1.0,1.0,2.0,2.0,,,,,,TOR
2016030152,20162017,3,2017-04-15,False,2017-04-16T00:00:00Z,-04:00,-05:00,America/Chicago,OFF,OK,18,Predators,Nashville,de Nashville,NSH,5,16,Blackhawks,Chicago,de Chicago,CHI,0,3,REG,3,REG,8471469.0,8475176.0,,,/schedule/playoff-series/2017/series-e/blackhawks-vs-predators,1.0,R1,1st Round,E,4.0,0.0,2.0,2.0,,,,,,,NSH
2016030172,20162017,3,2017-04-15,False,2017-04-16T02:30:00Z,-04:00,-07:00,America/Los_Angeles,OFF,OK,20,Flames,Calgary,de Calgary,CGY,2,24,Ducks,Anaheim,d'Anaheim,ANA,3,3,REG,3,REG,8476434.0,8470612.0,,,/schedule/playoff-series/2017/series-g/ducks-vs-flames,1.0,R1,1st Round,G,4.0,2.0,0.0,2.0,,,,,,,ANA
2016030163,20162017,3,2017-04-16,False,2017-04-16T19:00:00Z,-04:00,-05:00,US/Central,OFF,OK,30,Wild,Minnesota,du Minnesota,MIN,1,19,Blues,St. Louis,de St. Louis,STL,3,3,REG,3,REG,8474596.0,8475768.0,,,/schedule/playoff-series/2017/series-f/blues-vs-wild,1.0,R1,1st Round,F,4.0,0.0,3.0,3.0,,,,,,,STL
2016030143,20162017,3,2017-04-16,False,2017-04-16T22:00:00Z,-04:00,-04:00,US/Eastern,OFF,OK,5,Penguins,Pittsburgh,de Pittsburgh,PIT,5,29,Blue Jackets,Columbus,de Columbus,CBJ,4,4,OT,3,OT,8470594.0,8477404.0,,,/schedule/playoff-series/2017/series-d/bluejackets-vs-penguins,1.0,R1,1st Round,D,4.0,3.0,0.0,3.0,,,,,,,PIT
2016030113,20162017,3,2017-04-16,False,2017-04-16T23:00:00Z,-04:00,-04:00,America/New_York,OFF,OK,8,Canadiens,Montréal,de Montréal,MTL,3,3,Rangers,New York,de New York,NYR,1,3,REG,3,REG,8471679.0,8470642.0,,,/schedule/playoff-series/2017/series-a/rangers-vs-canadiens,1.0,R1,1st Round,A,4.0,2.0,1.0,3.0,,,,,,,MTL
2016030183,20162017,3,2017-04-16,False,2017-04-17T02:00:00Z,-04:00,-07:00,US/Pacific,OFF,OK,22,Oilers,Edmonton,d'Edmonton,EDM,1,28,Sharks,San Jose,de San Jose,SJS,0,3,REG,3,REG,8475660.0,8475178.0,,,/schedule/playoff-series/2017/series-h/sharks-vs-oilers,1.0,R1,1st Round,H,4.0,2.0,1.0,3.0,,,,,,,EDM
2016030133,20162017,3,2017-04-17,False,2017-04-17T23:00:00Z,-04:00,-04:00,America/Toronto,OFF,OK,15,Capitals,Washington,de Washington,WSH,3,10,Maple Leafs,Toronto,de Toronto,TOR,4,4,OT,3,OT,8475883.0,8475098.0,,,/schedule/playoff-series/2017/series-c/mapleleafs-vs-capitals,1.0,R1,1st Round,C,4.0,1.0,2.0,3.0,,,,,,,TOR
2016030123,20162017,3,2017-04-17,False,2017-04-17T23:00:00Z,-04:00,-04:00,US/Eastern,OFF,OK,9,Senators,Ottawa,d'Ottawa,OTT,4,6,Bruins,Boston,de Boston,BOS,3,4,OT,3,OT,8467950.0,8471676.0,Sénateurs,,/schedule/playoff-series/2017/series-b/bruins-vs-senators,1.0,R1,1st Round,B,4.0,2.0,1.0,3.0,,,,,,,OTT
2016030153,20162017,3,2017-04-17,False,2017-04-18T01:30:00Z,-04:00,-05:00,US/Central,OFF,OK,16,Blackhawks,Chicago,de Chicago,CHI,2,18,Predators,Nashville,de Nashville,NSH,3,4,OT,3,OT,8471469.0,8477942.0,,,/schedule/playoff-series/2017/series-e/predators-vs-blackhawks,1.0,R1,1st Round,E,4.0,0.0,3.0,3.0,,,,,,,NSH
2016030173,20162017,3,2017-04-17,False,2017-04-18T02:00:00Z,-04:00,-06:00,America/Edmonton,OFF,OK,24,Ducks,Anaheim,d'Anaheim,ANA,5,20,Flames,Calgary,de Calgary,CGY,4,4,OT,3,OT,8473541.0,8470621.0,,,/schedule/playoff-series/2017/series-g/flames-vs-ducks,1.0,R1,1st Round,G,4.0,3.0,0.0,3.0,,,,,,,ANA
2016030114,20162017,3,2017-04-18,False,2017-04-18T23:00:00Z,-04:00,-04:00,America/New_York,OFF,OK,8,Canadiens,Montréal,de Montréal,MTL,1,3,Rangers,New York,de New York,NYR,2,3,REG,3,REG,8468685.0,8470041.0,,,/schedule/playoff-series/2017/series-a/rangers-vs-canadiens,1.0,R1,1st Round,A,4.0,2.0,2.0,4.0,,,,,,,NYR
2016030144,20162017,3,2017-04-18,False,2017-04-18T23:30:00Z,-04:00,-04:00,US/Eastern,OFF,OK,5,Penguins,Pittsburgh,de Pittsburgh,PIT,4,29,Blue Jackets,Columbus,de Columbus,CBJ,5,3,REG,3,REG,8475683.0,8476432.0,,,/schedule/playoff-series/2017/series-d/bluejackets-vs-penguins,1.0,R1,1st Round,D,4.0,3.0,1.0,4.0,,,,,,,CBJ
2016030184,20162017,3,2017-04-18,False,2017-04-19T02:00:00Z,-04:00,-07:00,US/Pacific,OFF,OK,22,Oilers,Edmonton,d'Edmonton,EDM,0,28,Sharks,San Jose,de San Jose,SJS,7,3,REG,3,REG,8474889.0,8470794.0,,,/schedule/playoff-series/2017/series-h/sharks-vs-oilers,1.0,R1,1st Round,H,4.0,2.0,2.0,4.0,,,,,,,SJS
2016030134,20162017,3,2017-04-19,False,2017-04-19T23:00:00Z,-04:00,-04:00,America/Toronto,OFF,OK,15,Capitals,Washington,de Washington,WSH,5,10,Maple Leafs,Toronto,de Toronto,TOR,4,3,REG,3,REG,8474651.0,8471698.0,,,/schedule/playoff-series/2017/series-c/mapleleafs-vs-capitals,1.0,R1,1st Round,C,4.0,2.0,2.0,4.0,,,,,,,WSH
2016030124,20162017,3,2017-04-19,False,2017-04-19T23:30:00Z,-04:00,-04:00,US/Eastern,OFF,OK,9,Senators,Ottawa,d'Ottawa,OTT,1,6,Bruins,Boston,de Boston,BOS,0,3,REG,3,REG,8467950.0,8471676.0,Sénateurs,,/schedule/playoff-series/2017/series-b/bruins-vs-senators,1.0,R1,1st Round,B,4.0,3.0,1.0,4.0,,,,,,,OTT
2016030164,20162017,3,2017-04-19,False,2017-04-20T01:30:00Z,-04:00,-05:00,US/Central,OFF,OK,30,Wild,Minnesota,du Minnesota,MIN,2,19,Blues,St. Louis,de St. Louis,STL,0,3,REG,3,REG,8471227.0,8475745.0,,,/schedule/playoff-series/2017/series-f/blues-vs-wild,1.0,R1,1st Round,F,4.0,1.0,3.0,4.0,,,,,,,MIN
2016030174,20162017,3,2017-04-19,False,2017-04-20T02:00:00Z,-04:00,-06:00,America/Edmonton,OFF,OK,24,Ducks,Anaheim,d'Anaheim,ANA,3,20,Flames,Calgary,de Calgary,CGY,1,3,REG,3,REG,8476434.0,8470775.0,,,/schedule/playoff-series/2017/series-g/flames-vs-ducks,1.0,R1,1st Round,G,4.0,4.0,0.0,4.0,,,,,,,ANA
2016030115,20162017,3,2017-04-20,False,2017-04-20T23:00:00Z,-04:00,-04:00,America/Montreal,OFF,OK,3,Rangers,New York,de New York,NYR,3,8,Canadiens,Montréal,de Montréal,MTL,2,4,OT,3,OT,8468685.0,8476459.0,,,/schedule/playoff-series/2017/series-a/canadiens-vs-rangers,1.0,R1,1st Round,A,4.0,2.0,3.0,5.0,,,,,,,NYR
2016030145,20162017,3,2017-04-20,False,2017-04-20T23:00:00Z,-04:00,-04:00,US/Eastern,OFF,OK,29,Blue Jackets,Columbus,de Columbus,CBJ,2,5,Penguins,Pittsburgh,de Pittsburgh,PIT,5,3,REG,3,REG,8470594.0,8475810.0,,,/schedule/playoff-series/2017/series-d/penguins-vs-bluejackets,1.0,R1,1st Round,D,4.0,4.0,1.0,5.0,,,,,,,PIT
2016030154,20162017,3,2017-04-20,False,2017-04-21T00:00:00Z,-04:00,-05:00,US/Central,OFF,OK,16,Blackhawks,Chicago,de Chicago,CHI,1,18,Predators,Nashville,de Nashville,NSH,4,3,REG,3,REG,8471469.0,8476925.0,,,/schedule/playoff-series/2017/series-e/predators-vs-blackhawks,1.0,R1,1st Round,E,4.0,0.0,4.0,4.0,,,,,,,NSH
2016030185,20162017,3,2017-04-20,False,2017-04-21T02:30:00Z,-04:00,-06:00,America/Edmonton,OFF,OK,28,Sharks,San Jose,de San Jose,SJS,3,22,Oilers,Edmonton,d'Edmonton,EDM,4,4,OT,3,OT,8475660.0,8471976.0,,,/schedule/playoff-series/2017/series-h/oilers-vs-sharks,1.0,R1,1st Round,H,4.0,3.0,2.0,5.0,,,,,,,EDM
2016030135,20162017,3,2017-04-21,False,2017-04-21T23:00:00Z,-04:00,-04:00,US/Eastern,OFF,OK,10,Maple Leafs,Toronto,de Toronto,TOR,1,15,Capitals,Washington,de Washington,WSH,2,4,OT,3,OT,8474651.0,8468508.0,,,/schedule/playoff-series/2017/series-c/capitals-vs-mapleleafs,1.0,R1,1st Round,C,4.0,3.0,2.0,5.0,,,,,,,WSH
2016030125,20162017,3,2017-04-21,False,2017-04-21T23:30:00Z,-04:00,-04:00,US/Eastern,OFF,OK,6,Bruins,Boston,de Boston,BOS,3,9,Senators,Ottawa,d'Ottawa,OTT,2,5,OT,3,OT,8471695.0,8476374.0,,Sénateurs,/schedule/playoff-series/2017/series-b/senators-vs-bruins,1.0,R1,1st Round,B,4.0,3.0,2.0,5.0,2.0,,,,,,BOS
2016030165,20162017,3,2017-04-22,False,2017-04-22T19:00:00Z,-04:00,-05:00,US/Central,OFF,OK,19,Blues,St. Louis,de St. Louis,STL,4,30,Wild,Minnesota,du Minnesota,MIN,3,4,OT,3,OT,8474596.0,8475175.0,,,/schedule/playoff-series/2017/series-f/wild-vs-blues,1.0,R1,1st Round,F,4.0,1.0,4.0,5.0,,,,,,,STL
2016030116,20162017,3,2017-04-22,False,2017-04-23T00:00:00Z,-04:00,-04:00,America/New_York,OFF,OK,8,Canadiens,Montréal,de Montréal,MTL,1,3,Rangers,New York,de New York,NYR,3,3,REG,3,REG,8468685.0,8475692.0,,,/schedule/playoff-series/2017/series-a/rangers-vs-canadiens,1.0,R1,1st Round,A,4.0,2.0,4.0,6.0,,,,,,,NYR
2016030186,20162017,3,2017-04-22,False,2017-04-23T02:30:00Z,-04:00,-07:00,US/Pacific,OFF,OK,22,Oilers,Edmonton,d'Edmonton,EDM,3,28,Sharks,San Jose,de San Jose,SJS,1,3,REG,3,REG,8475660.0,8477415.0,,,/schedule/playoff-series/2017/series-h/sharks-vs-oilers,1.0,R1,1st Round,H,4.0,4.0,2.0,6.0,,,,,,,EDM
2016030126,20162017,3,2017-04-23,False,2017-04-23T19:00:00Z,-04:00,-04:00,US/Eastern,OFF,OK,9,Senators,Ottawa,d'Ottawa,OTT,3,6,Bruins,Boston,de Boston,BOS,2,4,OT,3,OT,8467950.0,8470667.0,Sénateurs,,/schedule/playoff-series/2017/series-b/bruins-vs-senators,1.0,R1,1st Round,B,4.0,4.0,2.0,6.0,,,,,,,OTT
2016030136,20162017,3,2017-04-23,False,2017-04-23T23:00:00Z,-04:00,-04:00,America/Toronto,OFF,OK,15,Capitals,Washington,de Washington,WSH,2,10,Maple Leafs,Toronto,de Toronto,TOR,1,4,OT,3,OT,8474651.0,8475149.0,,,/schedule/playoff-series/2017/series-c/mapleleafs-vs-capitals,1.0,R1,1st Round,C,4.0,4.0,2.0,6.0,,,,,,,WSH
2016030231,20162017,3,2017-04-26,False,2017-04-27T00:00:00Z,-04:00,-05:00,US/Central,OFF,OK,18,Predators,Nashville,de Nashville,NSH,4,19,Blues,St. Louis,de St. Louis,STL,3,3,REG,3,REG,8471469.0,8469759.0,,,/schedule/playoff-series/2017/series-k/blues-vs-predators,2.0,R2,2nd Round,K,4.0,0.0,1.0,1.0,,,,,,,NSH
2016030241,20162017,3,2017-04-26,False,2017-04-27T02:30:00Z,-04:00,-07:00,America/Los_Angeles,OFF,OK,22,Oilers,Edmonton,d'Edmonton,EDM,5,24,Ducks,Anaheim,d'Anaheim,ANA,3,3,REG,3,REG,8475660.0,8476457.0,,,/schedule/playoff-series/2017/series-l/ducks-vs-oilers,2.0,R2,2nd Round,L,4.0,0.0,1.0,1.0,,,,,,,EDM
2016030211,20162017,3,2017-04-27,False,2017-04-27T23:00:00Z,-04:00,-04:00,US/Eastern,OFF,OK,3,Rangers,New York,de New York,NYR,1,9,Senators,Ottawa,d'Ottawa,OTT,2,3,REG,3,REG,8467950.0,8474578.0,,Sénateurs,/schedule/playoff-series/2017/series-i/senators-vs-rangers,2.0,R2,2nd Round,I,4.0,1.0,0.0,1.0,,,,,,,OTT
2016030221,20162017,3,2017-04-27,False,2017-04-27T23:30:00Z,-04:00,-04:00,US/Eastern,OFF,OK,5,Penguins,Pittsburgh,de Pittsburgh,PIT,3,15,Capitals,Washington,de Washington,WSH,2,3,REG,3,REG,8470594.0,8474009.0,,,/schedule/playoff-series/2017/series-j/capitals-vs-penguins,2.0,R2,2nd Round,J,4.0,0.0,1.0,1.0,,,,,,,PIT
2016030232,20162017,3,2017-04-28,False,2017-04-29T00:00:00Z,-04:00,-05:00,US/Central,OFF,OK,18,Predators,Nashville,de Nashville,NSH,2,19,Blues,St. Louis,de St. Louis,STL,3,3,REG,3,REG,8474596.0,8475765.0,,,/schedule/playoff-series/2017/series-k/blues-vs-predators,2.0,R2,2nd Round,K,4.0,1.0,1.0,2.0,,,,,,,STL
2016030242,20162017,3,2017-04-28,False,2017-04-29T02:30:00Z,-04:00,-07:00,America/Los_Angeles,OFF,OK,22,Oilers,Edmonton,d'Edmonton,EDM,2,24,Ducks,Anaheim,d'Anaheim,ANA,1,3,REG,3,REG,8475660.0,8474034.0,,,/schedule/playoff-series/2017/series-l/ducks-vs-oilers,2.0,R2,2nd Round,L,4.0,0.0,2.0,2.0,,,,,,,EDM
2016030212,20162017,3,2017-04-29,False,2017-04-29T19:00:00Z,-04:00,-04:00,US/Eastern,OFF,OK,3,Rangers,New York,de New York,NYR,5,9,Senators,Ottawa,d'Ottawa,OTT,6,5,OT,3,OT,8467950.0,8476419.0,,Sénateurs,/schedule/playoff-series/2017/series-i/senators-vs-rangers,2.0,R2,2nd Round,I,4.0,2.0,0.0,2.0,2.0,,,,,,OTT
2016030222,20162017,3,2017-04-29,False,2017-04-30T00:00:00Z,-04:00,-04:00,US/Eastern,OFF,OK,5,Penguins,Pittsburgh,de Pittsburgh,PIT,6,15,Capitals,Washington,de Washington,WSH,2,3,REG,3,REG,8470594.0,8477404.0,,,/schedule/playoff-series/2017/series-j/capitals-vs-penguins,2.0,R2,2nd Round,J,4.0,0.0,2.0,2.0,,,,,,,PIT
2016030233,20162017,3,2017-04-30,False,2017-04-30T19:00:00Z,-04:00,-05:00,US/Central,OFF,OK,19,Blues,St. Louis,de St. Louis,STL,1,18,Predators,Nashville,de Nashville,NSH,3,3,REG,3,REG,8471469.0,8471657.0,,,/schedule/playoff-series/2017/series-k/predators-vs-blues,2.0,R2,2nd Round,K,4.0,1.0,2.0,3.0,,,,,,,NSH
2016030243,20162017,3,2017-04-30,False,2017-04-30T23:00:00Z,-04:00,-06:00,America/Edmonton,OFF,OK,24,Ducks,Anaheim,d'Anaheim,ANA,6,22,Oilers,Edmonton,d'Edmonton,EDM,3,3,REG,3,REG,8476434.0,8475780.0,,,/schedule/playoff-series/2017/series-l/oilers-vs-ducks,2.0,R2,2nd Round,L,4.0,1.0,2.0,3.0,,,,,,,ANA
2016030223,20162017,3,2017-05-01,False,2017-05-01T23:30:00Z,-04:00,-04:00,US/Eastern,OFF,OK,15,Capitals,Washington,de Washington,WSH,3,5,Penguins,Pittsburgh,de Pittsburgh,PIT,2,4,OT,3,OT,8474651.0,8474031.0,,,/schedule/playoff-series/2017/series-j/penguins-vs-capitals,2.0,R2,2nd Round,J,4.0,1.0,2.0,3.0,,,,,,,WSH
2016030213,20162017,3,2017-05-02,False,2017-05-02T23:00:00Z,-04:00,-04:00,America/New_York,OFF,OK,9,Senators,Ottawa,d'Ottawa,OTT,1,3,Rangers,New York,de New York,NYR,4,3,REG,3,REG,8468685.0,8473546.0,Sénateurs,,/schedule/playoff-series/2017/series-i/rangers-vs-senators,2.0,R2,2nd Round,I,4.0,2.0,1.0,3.0,,,,,,,NYR
2016030234,20162017,3,2017-05-02,False,2017-05-03T01:30:00Z,-04:00,-05:00,US/Central,OFF,OK,19,Blues,St. Louis,de St. Louis,STL,1,18,Predators,Nashville,de Nashville,NSH,2,3,REG,3,REG,8471469.0,8471707.0,,,/schedule/playoff-series/2017/series-k/predators-vs-blues,2.0,R2,2nd Round,K,4.0,1.0,3.0,4.0,,,,,,,NSH
2016030224,20162017,3,2017-05-03,False,2017-05-03T23:30:00Z,-04:00,-04:00,US/Eastern,OFF,OK,15,Capitals,Washington,de Washington,WSH,2,5,Penguins,Pittsburgh,de Pittsburgh,PIT,3,3,REG,3,REG,8470594.0,8474602.0,,,/schedule/playoff-series/2017/series-j/penguins-vs-capitals,2.0,R2,2nd Round,J,4.0,1.0,3.0,4.0,,,,,,,PIT
2016030244,20162017,3,2017-05-03,False,2017-05-04T02:00:00Z,-04:00,-06:00,America/Edmonton,OFF,OK,24,Ducks,Anaheim,d'Anaheim,ANA,4,22,Oilers,Edmonton,d'Edmonton,EDM,3,4,OT,3,OT,8476434.0,8475164.0,,,/schedule/playoff-series/2017/series-l/oilers-vs-ducks,2.0,R2,2nd Round,L,4.0,2.0,2.0,4.0,,,,,,,ANA
2016030214,20162017,3,2017-05-04,False,2017-05-04T23:30:00Z,-04:00,-04:00,America/New_York,OFF,OK,9,Senators,Ottawa,d'Ottawa,OTT,1,3,Rangers,New York,de New York,NYR,4,3,REG,3,REG,8468685.0,8475715.0,Sénateurs,,/schedule/playoff-series/2017/series-i/rangers-vs-senators,2.0,R2,2nd Round,I,4.0,2.0,2.0,4.0,,,,,,,NYR
2016030235,20162017,3,2017-05-05,False,2017-05-06T00:00:00Z,-04:00,-05:00,US/Central,OFF,OK,18,Predators,Nashville,de Nashville,NSH,1,19,Blues,St. Louis,de St. Louis,STL,2,3,REG,3,REG,8474596.0,,,,/schedule/playoff-series/2017/series-k/blues-vs-predators,2.0,R2,2nd Round,K,4.0,2.0,3.0,5.0,,,,,,,STL
2016030245,20162017,3,2017-05-05,False,2017-05-06T02:30:00Z,-04:00,-07:00,America/Los_Angeles,OFF,OK,22,Oilers,Edmonton,d'Edmonton,EDM,3,24,Ducks,Anaheim,d'Anaheim,ANA,4,5,OT,3,OT,8476434.0,,,,/schedule/playoff-series/2017/series-l/ducks-vs-oilers,2.0,R2,2nd Round,L,4.0,3.0,2.0,5.0,2.0,,,,,,ANA
2016030215,20162017,3,2017-05-06,False,2017-05-06T19:00:00Z,-04:00,-04:00,US/Eastern,OFF,OK,3,Rangers,New York,de New York,NYR,4,9,Senators,Ottawa,d'Ottawa,OTT,5,4,OT,3,OT,8467950.0,,,Sénateurs,/schedule/playoff-series/2017/series-i/senators-vs-rangers,2.0,R2,2nd Round,I,4.0,3.0,2.0,5.0,,,,,,,OTT
2016030225,20162017,3,2017-05-06,False,2017-05-06T23:15:00Z,-04:00,-04:00,US/Eastern,OFF,OK,5,Penguins,Pittsburgh,de Pittsburgh,PIT,2,15,Capitals,Washington,de Washington,WSH,4,3,REG,3,REG,8474651.0,,,,/schedule/playoff-series/2017/series-j/capitals-vs-penguins,2.0,R2,2nd Round,J,4.0,2.0,3.0,5.0,,,,,,,WSH
2016030236,20162017,3,2017-05-07,False,2017-05-07T19:00:00Z,-04:00,-05:00,US/Central,OFF,OK,19,Blues,St. Louis,de St. Louis,STL,1,18,Predators,Nashville,de Nashville,NSH,3,3,REG,3,REG,8471469.0,,,,/schedule/playoff-series/2017/series-k/predators-vs-blues,2.0,R2,2nd Round,K,4.0,2.0,4.0,6.0,,,,,,,NSH
2016030246,20162017,3,2017-05-07,False,2017-05-07T23:00:00Z,-04:00,-06:00,America/Edmonton,OFF,OK,24,Ducks,Anaheim,d'Anaheim,ANA,1,22,Oilers,Edmonton,d'Edmonton,EDM,7,3,REG,3,REG,8475660.0,,,,/schedule/playoff-series/2017/series-l/oilers-vs-ducks,2.0,R2,2nd Round,L,4.0,3.0,3.0,6.0,,,,,,,EDM
2016030226,20162017,3,2017-05-08,False,2017-05-08T23:30:00Z,-04:00,-04:00,US/Eastern,OFF,OK,15,Capitals,Washington,de Washington,WSH,5,5,Penguins,Pittsburgh,de Pittsburgh,PIT,2,3,REG,3,REG,8474651.0,,,,/schedule/playoff-series/2017/series-j/penguins-vs-capitals,2.0,R2,2nd Round,J,4.0,3.0,3.0,6.0,,,,,,,WSH
2016030216,20162017,3,2017-05-09,False,2017-05-09T23:30:00Z,-04:00,-04:00,America/New_York,OFF,OK,9,Senators,Ottawa,d'Ottawa,OTT,4,3,Rangers,New York,de New York,NYR,2,3,REG,3,REG,8467950.0,,Sénateurs,,/schedule/playoff-series/2017/series-i/rangers-vs-senators,2.0,R2,2nd Round,I,4.0,4.0,2.0,6.0,,,,,,,OTT
2016030227,20162017,3,2017-05-10,False,2017-05-10T23:30:00Z,-04:00,-04:00,US/Eastern,OFF,OK,5,Penguins,Pittsburgh,de Pittsburgh,PIT,2,15,Capitals,Washington,de Washington,WSH,0,3,REG,3,REG,8470594.0,,,,/schedule/playoff-series/2017/series-j/capitals-vs-penguins,2.0,R2,2nd Round,J,4.0,3.0,4.0,7.0,,,,,,,PIT
2016030247,20162017,3,2017-05-10,False,2017-05-11T02:00:00Z,-04:00,-07:00,America/Los_Angeles,OFF,OK,22,Oilers,Edmonton,d'Edmonton,EDM,1,24,Ducks,Anaheim,d'Anaheim,ANA,2,3,REG,3,REG,8476434.0,,,,/schedule/playoff-series/2017/series-l/ducks-vs-oilers,2.0,R2,2nd Round,L,4.0,4.0,3.0,7.0,,,,,,,ANA
2016030321,20162017,3,2017-05-12,False,2017-05-13T01:00:00Z,-04:00,-07:00,America/Los_Angeles,OFF,OK,18,Predators,Nashville,de Nashville,NSH,3,24,Ducks,Anaheim,d'Anaheim,ANA,2,4,OT,3,OT,8471469.0,,,,/schedule/playoff-series/2017/series-n/ducks-vs-predators,3.0,WCF,Conference Finals,N,4.0,0.0,1.0,1.0,,,,,,,NSH
2016030311,20162017,3,2017-05-13,False,2017-05-13T23:00:00Z,-04:00,-04:00,US/Eastern,OFF,OK,9,Senators,Ottawa,d'Ottawa,OTT,2,5,Penguins,Pittsburgh,de Pittsburgh,PIT,1,4,OT,3,OT,8467950.0,,Sénateurs,,/schedule/playoff-series/2017/series-m/penguins-vs-senators,3.0,ECF,Conference Finals,M,4.0,0.0,1.0,1.0,,,,,,,OTT
2016030322,20162017,3,2017-05-14,False,2017-05-14T23:30:00Z,-04:00,-07:00,America/Los_Angeles,OFF,OK,18,Predators,Nashville,de Nashville,NSH,3,24,Ducks,Anaheim,d'Anaheim,ANA,5,3,REG,3,REG,8476434.0,,,,/schedule/playoff-series/2017/series-n/ducks-vs-predators,3.0,WCF,Conference Finals,N,4.0,1.0,1.0,2.0,,,,,,,ANA
2016030312,20162017,3,2017-05-15,False,2017-05-16T00:00:00Z,-04:00,-04:00,US/Eastern,OFF,OK,9,Senators,Ottawa,d'Ottawa,OTT,0,5,Penguins,Pittsburgh,de Pittsburgh,PIT,1,3,REG,3,REG,8470594.0,,Sénateurs,,/schedule/playoff-series/2017/series-m/penguins-vs-senators,3.0,ECF,Conference Finals,M,4.0,1.0,1.0,2.0,,,,,,,PIT
2016030323,20162017,3,2017-05-16,False,2017-05-17T00:00:00Z,-04:00,-05:00,US/Central,OFF,OK,24,Ducks,Anaheim,d'Anaheim,ANA,1,18,Predators,Nashville,de Nashville,NSH,2,3,REG,3,REG,8471469.0,,,,/schedule/playoff-series/2017/series-n/predators-vs-ducks,3.0,WCF,Conference Finals,N,4.0,1.0,2.0,3.0,,,,,,,NSH
2016030313,20162017,3,2017-05-17,False,2017-05-18T00:00:00Z,-04:00,-04:00,US/Eastern,OFF,OK,5,Penguins,Pittsburgh,de Pittsburgh,PIT,1,9,Senators,Ottawa,d'Ottawa,OTT,5,3,REG,3,REG,8467950.0,,,Sénateurs,/schedule/playoff-series/2017/series-m/senators-vs-penguins,3.0,ECF,Conference Finals,M,4.0,1.0,2.0,3.0,,,,,,,OTT
2016030324,20162017,3,2017-05-18,False,2017-05-19T00:00:00Z,-04:00,-05:00,US/Central,OFF,OK,24,Ducks,Anaheim,d'Anaheim,ANA,3,18,Predators,Nashville,de Nashville,NSH,2,4,OT,3,OT,8476434.0,,,,/schedule/playoff-series/2017/series-n/predators-vs-ducks,3.0,WCF,Conference Finals,N,4.0,2.0,2.0,4.0,,,,,,,ANA
2016030314,20162017,3,2017-05-19,False,2017-05-20T00:00:00Z,-04:00,-04:00,US/Eastern,OFF,OK,5,Penguins,Pittsburgh,de Pittsburgh,PIT,3,9,Senators,Ottawa,d'Ottawa,OTT,2,3,REG,3,REG,8476899.0,,,Sénateurs,/schedule/playoff-series/2017/series-m/senators-vs-penguins,3.0,ECF,Conference Finals,M,4.0,2.0,2.0,4.0,,,,,,,PIT
2016030325,20162017,3,2017-05-20,False,2017-05-20T23:15:00Z,-04:00,-07:00,America/Los_Angeles,OFF,OK,18,Predators,Nashville,de Nashville,NSH,3,24,Ducks,Anaheim,d'Anaheim,ANA,1,3,REG,3,REG,8471469.0,,,,/schedule/playoff-series/2017/series-n/ducks-vs-predators,3.0,WCF,Conference Finals,N,4.0,2.0,3.0,5.0,,,,,,,NSH
2016030315,20162017,3,2017-05-21,False,2017-05-21T19:00:00Z,-04:00,-04:00,US/Eastern,OFF,OK,9,Senators,Ottawa,d'Ottawa,OTT,0,5,Penguins,Pittsburgh,de Pittsburgh,PIT,7,3,REG,3,REG,8476899.0,,Sénateurs,,/schedule/playoff-series/2017/series-m/penguins-vs-senators,3.0,ECF,Conference Finals,M,4.0,3.0,2.0,5.0,,,,,,,PIT
2016030326,20162017,3,2017-05-22,False,2017-05-23T00:00:00Z,-04:00,-05:00,US/Central,OFF,OK,24,Ducks,Anaheim,d'Anaheim,ANA,3,18,Predators,Nashville,de Nashville,NSH,6,3,REG,3,REG,8471469.0,,,,/schedule/playoff-series/2017/series-n/predators-vs-ducks,3.0,WCF,Conference Finals,N,4.0,2.0,4.0,6.0,,,,,,,NSH
2016030316,20162017,3,2017-05-23,False,2017-05-24T00:00:00Z,-04:00,-04:00,US/Eastern,OFF,OK,5,Penguins,Pittsburgh,de Pittsburgh,PIT,1,9,Senators,Ottawa,d'Ottawa,OTT,2,3,REG,3,REG,8467950.0,,,Sénateurs,/schedule/playoff-series/2017/series-m/senators-vs-penguins,3.0,ECF,Conference Finals,M,4.0,3.0,3.0,6.0,,,,,,,OTT
2016030317,20162017,3,2017-05-25,False,2017-05-26T00:00:00Z,-04:00,-04:00,US/Eastern,OFF,OK,9,Senators,Ottawa,d'Ottawa,OTT,2,5,Penguins,Pittsburgh,de Pittsburgh,PIT,3,5,OT,3,OT,8476899.0,,Sénateurs,,/schedule/playoff-series/2017/series-m/penguins-vs-senators,3.0,ECF,Conference Finals,M,4.0,4.0,3.0,7.0,2.0,,,,,,PIT
2016030411,20162017,3,2017-05-29,False,2017-05-30T00:00:00Z,-04:00,-04:00,US/Eastern,OFF,OK,18,Predators,Nashville,de Nashville,NSH,3,5,Penguins,Pittsburgh,de Pittsburgh,PIT,5,3,REG,3,REG,8476899.0,,,,/schedule/playoff-series/2017/series-o/penguins-vs-predators,4.0,SCF,Stanley Cup Final,O,4.0,1.0,0.0,1.0,,,,,,,PIT
2016030412,20162017,3,2017-05-31,False,2017-06-01T00:00:00Z,-04:00,-04:00,US/Eastern,OFF,OK,18,Predators,Nashville,de Nashville,NSH,1,5,Penguins,Pittsburgh,de Pittsburgh,PIT,4,3,REG,3,REG,8476899.0,,,,/schedule/playoff-series/2017/series-o/penguins-vs-predators,4.0,SCF,Stanley Cup Final,O,4.0,2.0,0.0,2.0,,,,,,,PIT
2016030413,20162017,3,2017-06-03,False,2017-06-04T00:00:00Z,-04:00,-05:00,US/Central,OFF,OK,5,Penguins,Pittsburgh,de Pittsburgh,PIT,1,18,Predators,Nashville,de Nashville,NSH,5,3,REG,3,REG,8471469.0,,,,/schedule/playoff-series/2017/series-o/predators-vs-penguins,4.0,SCF,Stanley Cup Final,O,4.0,2.0,1.0,3.0,,,,,,,NSH
2016030414,20162017,3,2017-06-05,False,2017-06-06T00:00:00Z,-04:00,-05:00,US/Central,OFF,OK,5,Penguins,Pittsburgh,de Pittsburgh,PIT,1,18,Predators,Nashville,de Nashville,NSH,4,3,REG,3,REG,8471469.0,,,,/schedule/playoff-series/2017/series-o/predators-vs-penguins,4.0,SCF,Stanley Cup Final,O,4.0,2.0,2.0,4.0,,,,,,,NSH
2016030415,20162017,3,2017-06-08,False,2017-06-09T00:00:00Z,-04:00,-04:00,US/Eastern,OFF,OK,18,Predators,Nashville,de Nashville,NSH,0,5,Penguins,Pittsburgh,de Pittsburgh,PIT,6,3,REG,3,REG,8476899.0,,,,/schedule/playoff-series/2017/series-o/penguins-vs-predators,4.0,SCF,Stanley Cup Final,O,4.0,3.0,2.0,5.0,,,,,,,PIT
2016030416,20162017,3,2017-06-11,False,2017-06-12T00:00:00Z,-04:00,-05:00,US/Central,OFF,OK,5,Penguins,Pittsburgh,de Pittsburgh,PIT,2,18,Predators,Nashville,de Nashville,NSH,0,3,REG,3,REG,8476899.0,,,,/schedule/playoff-series/2017/series-o/predators-vs-penguins,4.0,SCF,Stanley Cup Final,O,4.0,4.0,2.0,6.0,,,,,,,PIT
