id,season,gameType,gameDate,neutralSite,startTimeUTC,easternUTCOffset,venueUTCOffset,venueTimezone,gameState,gameScheduleState,awayTeam.id,awayTeam.commonName.default,awayTeam.placeNameWithPreposition.default,awayTeam.placeNameWithPreposition.fr,awayTeam.abbrev,awayTeam.score,homeTeam.id,homeTeam.commonName.default,homeTeam.placeNameWithPreposition.default,homeTeam.placeNameWithPreposition.fr,homeTeam.abbrev,homeTeam.score,periodDescriptor.number,periodDescriptor.periodType,periodDescriptor.maxRegulationPeriods,gameOutcome.lastPeriodType,winningGoalie.playerId,winningGoalie.lastName.de,winningGoalie.lastName.sv,awayTeam.commonName.fr,homeTeam.commonName.fr,seriesUrl,seriesStatus.round,seriesStatus.seriesAbbrev,seriesStatus.seriesTitle,seriesStatus.seriesLetter,seriesStatus.neededToWin,seriesStatus.topSeedWins,seriesStatus.bottomSeedWins,seriesStatus.gameNumberOfSeries,specialEvent.parentId,specialEvent.name.default,specialEvent.name.fr,periodDescriptor.otPeriods,venue.sv,winningGoalScorer.playerId,tricode_winteam
2017020001,20172018,2,2017-10-04,False,2017-10-04T23:00:00Z,-04:00,-05:00,America/Winnipeg,OFF,OK,10,Maple Leafs,Toronto,de Toronto,TOR,7,52,Jets,Winnipeg,de Winnipeg,WPG,2,3,REG,3,REG,8475883.0,,,,,,,,,,,,,,,,,,,,TOR
2017020002,20172018,2,2017-10-04,False,2017-10-05T00:00:00Z,-04:00,-04:00,US/Eastern,OFF,OK,19,Blues,St. Louis,de St. Louis,STL,5,5,Penguins,Pittsburgh,de Pittsburgh,PIT,4,4,OT,3,OT,8474596.0,,,,,,,,,,,,,,,,,,,,STL
2017020003,20172018,2,2017-10-04,False,2017-10-05T02:00:00Z,-04:00,-06:00,America/Edmonton,OFF,OK,20,Flames,Calgary,de Calgary,CGY,0,22,Oilers,Edmonton,d'Edmonton,EDM,3,3,REG,3,REG,8475660.0,,,,,,,,,,,,,,,,,,,,EDM
2017020004,20172018,2,2017-10-04,False,2017-10-05T02:30:00Z,-04:00,-07:00,US/Pacific,OFF,OK,4,Flyers,Philadelphia,de Philadelphie,PHI,5,28,Sharks,San Jose,de San Jose,SJS,3,3,REG,3,REG,8470880.0,,,,,,,,,,,,,,,,,,,,PHI
2017020006,20172018,2,2017-10-05,False,2017-10-05T23:00:00Z,-04:00,-04:00,America/New_York,OFF,OK,8,Canadiens,Montréal,de Montréal,MTL,3,7,Sabres,Buffalo,de Buffalo,BUF,2,5,SO,3,SO,8471679.0,,,,,,,,,,,,,,,,,,,,MTL
2017020007,20172018,2,2017-10-05,False,2017-10-05T23:00:00Z,-04:00,-04:00,America/New_York,OFF,OK,21,Avalanche,Colorado,du Colorado,COL,4,3,Rangers,New York,de New York,NYR,2,3,REG,3,REG,8473575.0,,,,,,,,,,,,,,,,,,,,COL
2017020005,20172018,2,2017-10-05,False,2017-10-05T23:00:00Z,-04:00,-04:00,US/Eastern,OFF,OK,18,Predators,Nashville,de Nashville,NSH,3,6,Bruins,Boston,de Boston,BOS,4,3,REG,3,REG,8471695.0,,,,,,,,,,,,,,,,,,,,BOS
2017020008,20172018,2,2017-10-05,False,2017-10-05T23:30:00Z,-04:00,-04:00,US/Eastern,OFF,OK,15,Capitals,Washington,de Washington,WSH,5,9,Senators,Ottawa,d'Ottawa,OTT,4,5,SO,3,SO,8474651.0,,,,Sénateurs,,,,,,,,,,,,,,,,WSH
2017020009,20172018,2,2017-10-05,False,2017-10-05T23:30:00Z,-04:00,-04:00,America/Detroit,OFF,OK,30,Wild,Minnesota,du Minnesota,MIN,2,17,Red Wings,Detroit,de Detroit,DET,4,3,REG,3,REG,8470657.0,,,,,,,,,,,,,,,,,,,,DET
2017020010,20172018,2,2017-10-05,False,2017-10-06T00:30:00Z,-04:00,-05:00,America/Chicago,OFF,OK,5,Penguins,Pittsburgh,de Pittsburgh,PIT,1,16,Blackhawks,Chicago,de Chicago,CHI,10,3,REG,3,REG,8470645.0,,,,,,,,,,,,,,,,,,,,CHI
2017020012,20172018,2,2017-10-05,False,2017-10-06T02:00:00Z,-04:00,-07:00,America/Los_Angeles,OFF,OK,4,Flyers,Philadelphia,de Philadelphie,PHI,0,26,Kings,Los Angeles,de Los Angeles,LAK,2,3,REG,3,REG,8471734.0,,,,,,,,,,,,,,,,,,,,LAK
2017020011,20172018,2,2017-10-05,False,2017-10-06T02:00:00Z,-04:00,-07:00,America/Los_Angeles,OFF,OK,53,Coyotes,Arizona,de l'Arizona,ARI,4,24,Ducks,Anaheim,d'Anaheim,ANA,5,3,REG,3,REG,8476434.0,,,,,,,,,,,,,,,,,,,,ANA
2017020013,20172018,2,2017-10-06,False,2017-10-06T23:00:00Z,-04:00,-04:00,US/Eastern,OFF,OK,2,Islanders,New York,de New York,NYI,0,29,Blue Jackets,Columbus,de Columbus,CBJ,5,3,REG,3,REG,8475683.0,,,,,,,,,,,,,,,,,,,,CBJ
2017020014,20172018,2,2017-10-06,False,2017-10-06T23:30:00Z,-04:00,-04:00,US/Eastern,OFF,OK,13,Panthers,Florida,de la Floride,FLA,3,14,Lightning,Tampa Bay,de Tampa Bay,TBL,5,3,REG,3,REG,8476883.0,,,,,,,,,,,,,,,,,,,,TBL
2017020015,20172018,2,2017-10-06,False,2017-10-07T00:30:00Z,-04:00,-05:00,US/Central,OFF,OK,54,Golden Knights,Vegas,de Vegas,VGK,2,25,Stars,Dallas,de Dallas,DAL,1,3,REG,3,REG,8470594.0,,,,,,,,,,,,,,,,,,,,VGK
2017020019,20172018,2,2017-10-07,False,2017-10-07T18:00:00Z,-04:00,-04:00,US/Eastern,OFF,OK,21,Avalanche,Colorado,du Colorado,COL,1,1,Devils,New Jersey,du New Jersey,NJD,4,3,REG,3,REG,8471239.0,,,,,,,,,,,,,,,,,,,,NJD
2017020021,20172018,2,2017-10-07,False,2017-10-07T23:00:00Z,-04:00,-04:00,US/Eastern,OFF,OK,18,Predators,Nashville,de Nashville,NSH,0,5,Penguins,Pittsburgh,de Pittsburgh,PIT,4,3,REG,3,REG,8476899.0,,,,,,,,,,,,,,,,,,,,PIT
2017020022,20172018,2,2017-10-07,False,2017-10-07T23:00:00Z,-04:00,-04:00,US/Eastern,OFF,OK,8,Canadiens,Montréal,de Montréal,MTL,1,15,Capitals,Washington,de Washington,WSH,6,3,REG,3,REG,8474651.0,,,,,,,,,,,,,,,,,,,,WSH
2017020023,20172018,2,2017-10-07,False,2017-10-07T23:00:00Z,-04:00,-04:00,US/Eastern,OFF,OK,30,Wild,Minnesota,du Minnesota,MIN,4,12,Hurricanes,Carolina,de la Caroline,CAR,5,5,SO,3,SO,8474152.0,,,,,,,,,,,,,,,,,,,,CAR
2017020017,20172018,2,2017-10-07,False,2017-10-07T23:00:00Z,-04:00,-04:00,US/Eastern,OFF,OK,17,Red Wings,Detroit,de Detroit,DET,2,9,Senators,Ottawa,d'Ottawa,OTT,1,5,SO,3,SO,8470657.0,,,,Sénateurs,,,,,,,,,,,,,,,,DET
2017020018,20172018,2,2017-10-07,False,2017-10-07T23:00:00Z,-04:00,-04:00,US/Eastern,OFF,OK,14,Lightning,Tampa Bay,de Tampa Bay,TBL,4,13,Panthers,Florida,de la Floride,FLA,5,3,REG,3,REG,8473503.0,,,,,,,,,,,,,,,,,,,,FLA
2017020020,20172018,2,2017-10-07,False,2017-10-07T23:00:00Z,-04:00,-04:00,America/New_York,OFF,OK,7,Sabres,Buffalo,de Buffalo,BUF,3,2,Islanders,New York,de New York,NYI,6,3,REG,3,REG,8470860.0,,,,,,,,,,,,,,,,,,,,NYI
2017020016,20172018,2,2017-10-07,False,2017-10-07T23:00:00Z,-04:00,-04:00,America/Toronto,OFF,OK,3,Rangers,New York,de New York,NYR,5,10,Maple Leafs,Toronto,de Toronto,TOR,8,3,REG,3,REG,8475883.0,,,,,,,,,,,,,,,,,,,,TOR
2017020024,20172018,2,2017-10-07,False,2017-10-08T00:00:00Z,-04:00,-05:00,US/Central,OFF,OK,25,Stars,Dallas,de Dallas,DAL,2,19,Blues,St. Louis,de St. Louis,STL,4,3,REG,3,REG,8474596.0,,,,,,,,,,,,,,,,,,,,STL
2017020025,20172018,2,2017-10-07,False,2017-10-08T00:30:00Z,-04:00,-05:00,America/Chicago,OFF,OK,29,Blue Jackets,Columbus,de Columbus,CBJ,1,16,Blackhawks,Chicago,de Chicago,CHI,5,3,REG,3,REG,8470645.0,,,,,,,,,,,,,,,,,,,,CHI
2017020026,20172018,2,2017-10-07,False,2017-10-08T01:00:00Z,-04:00,-07:00,America/Phoenix,OFF,OK,54,Golden Knights,Vegas,de Vegas,VGK,2,53,Coyotes,Arizona,de l'Arizona,ARI,1,4,OT,3,OT,8470594.0,,,,,,,,,,,,,,,,,,,,VGK
2017020029,20172018,2,2017-10-07,False,2017-10-08T02:00:00Z,-04:00,-07:00,America/Los_Angeles,OFF,OK,4,Flyers,Philadelphia,de Philadelphie,PHI,3,24,Ducks,Anaheim,d'Anaheim,ANA,2,4,OT,3,OT,8470880.0,,,,,,,,,,,,,,,,,,,,PHI
2017020027,20172018,2,2017-10-07,False,2017-10-08T02:00:00Z,-04:00,-06:00,America/Edmonton,OFF,OK,52,Jets,Winnipeg,de Winnipeg,WPG,3,20,Flames,Calgary,de Calgary,CGY,6,3,REG,3,REG,8469608.0,,,,,,,,,,,,,,,,,,,,CGY
2017020028,20172018,2,2017-10-07,False,2017-10-08T02:00:00Z,-04:00,-07:00,America/Vancouver,OFF,OK,22,Oilers,Edmonton,d'Edmonton,EDM,2,23,Canucks,Vancouver,de Vancouver,VAN,3,3,REG,3,REG,8474593.0,,Markström,,,,,,,,,,,,,,,,,,VAN
2017020030,20172018,2,2017-10-07,False,2017-10-08T02:30:00Z,-04:00,-07:00,US/Pacific,OFF,OK,26,Kings,Los Angeles,de Los Angeles,LAK,4,28,Sharks,San Jose,de San Jose,SJS,1,3,REG,3,REG,8471734.0,,,,,,,,,,,,,,,,,,,,LAK
2017020031,20172018,2,2017-10-08,False,2017-10-08T23:00:00Z,-04:00,-04:00,America/New_York,OFF,OK,8,Canadiens,Montréal,de Montréal,MTL,0,3,Rangers,New York,de New York,NYR,2,3,REG,3,REG,8468685.0,,,,,,,,,,,,,,,,,,,,NYR
2017020032,20172018,2,2017-10-09,False,2017-10-09T17:00:00Z,-04:00,-04:00,US/Eastern,OFF,OK,21,Avalanche,Colorado,du Colorado,COL,4,6,Bruins,Boston,de Boston,BOS,0,3,REG,3,REG,8473575.0,,,,,,,,,,,,,,,,,,,,COL
2017020033,20172018,2,2017-10-09,False,2017-10-09T17:00:00Z,-04:00,-04:00,America/New_York,OFF,OK,19,Blues,St. Louis,de St. Louis,STL,3,2,Islanders,New York,de New York,NYI,2,5,SO,3,SO,8474596.0,,,,,,,,,,,,,,,,,,,,STL
2017020034,20172018,2,2017-10-09,False,2017-10-09T19:00:00Z,-04:00,-04:00,America/New_York,OFF,OK,1,Devils,New Jersey,du New Jersey,NJD,6,7,Sabres,Buffalo,de Buffalo,BUF,2,3,REG,3,REG,8471239.0,,,,,,,,,,,,,,,,,,,,NJD
2017020035,20172018,2,2017-10-09,False,2017-10-09T23:00:00Z,-04:00,-04:00,America/Toronto,OFF,OK,16,Blackhawks,Chicago,de Chicago,CHI,3,10,Maple Leafs,Toronto,de Toronto,TOR,4,4,OT,3,OT,8475883.0,,,,,,,,,,,,,,,,,,,,TOR
2017020036,20172018,2,2017-10-09,False,2017-10-09T23:30:00Z,-04:00,-04:00,US/Eastern,OFF,OK,15,Capitals,Washington,de Washington,WSH,3,14,Lightning,Tampa Bay,de Tampa Bay,TBL,4,4,OT,3,OT,8476883.0,,,,,,,,,,,,,,,,,,,,TBL
2017020037,20172018,2,2017-10-09,False,2017-10-10T01:00:00Z,-04:00,-06:00,America/Edmonton,OFF,OK,52,Jets,Winnipeg,de Winnipeg,WPG,5,22,Oilers,Edmonton,d'Edmonton,EDM,2,3,REG,3,REG,8476945.0,,,,,,,,,,,,,,,,,,,,WPG
2017020038,20172018,2,2017-10-09,False,2017-10-10T02:00:00Z,-04:00,-07:00,America/Los_Angeles,OFF,OK,20,Flames,Calgary,de Calgary,CGY,2,24,Ducks,Anaheim,d'Anaheim,ANA,0,3,REG,3,REG,8469608.0,,,,,,,,,,,,,,,,,,,,CGY
2017020039,20172018,2,2017-10-10,False,2017-10-10T23:00:00Z,-04:00,-04:00,America/New_York,OFF,OK,19,Blues,St. Louis,de St. Louis,STL,3,3,Rangers,New York,de New York,NYR,1,3,REG,3,REG,8475622.0,,,,,,,,,,,,,,,,,,,,STL
2017020040,20172018,2,2017-10-10,False,2017-10-10T23:00:00Z,-04:00,-04:00,US/Eastern,OFF,OK,29,Blue Jackets,Columbus,de Columbus,CBJ,2,12,Hurricanes,Carolina,de la Caroline,CAR,1,4,OT,3,OT,8475683.0,,,,,,,,,,,,,,,,,,,,CBJ
2017020041,20172018,2,2017-10-10,False,2017-10-10T23:30:00Z,-04:00,-04:00,America/Montreal,OFF,OK,16,Blackhawks,Chicago,de Chicago,CHI,3,8,Canadiens,Montréal,de Montréal,MTL,1,3,REG,3,REG,8470645.0,,,,,,,,,,,,,,,,,,,,CHI
2017020042,20172018,2,2017-10-10,False,2017-10-11T00:00:00Z,-04:00,-05:00,US/Central,OFF,OK,4,Flyers,Philadelphia,de Philadelphie,PHI,5,18,Predators,Nashville,de Nashville,NSH,6,3,REG,3,REG,8471469.0,,,,,,,,,,,,,,,,,,,,NSH
2017020043,20172018,2,2017-10-10,False,2017-10-11T00:30:00Z,-04:00,-05:00,US/Central,OFF,OK,17,Red Wings,Detroit,de Detroit,DET,2,25,Stars,Dallas,de Dallas,DAL,4,3,REG,3,REG,8471750.0,,,,,,,,,,,,,,,,,,,,DAL
2017020045,20172018,2,2017-10-10,False,2017-10-11T02:00:00Z,-04:00,-07:00,US/Pacific,OFF,OK,53,Coyotes,Arizona,de l'Arizona,ARI,2,54,Golden Knights,Vegas,de Vegas,VGK,5,3,REG,3,REG,8470594.0,,,,,,,,,,,,,,,,,,,,VGK
2017020044,20172018,2,2017-10-10,False,2017-10-11T02:00:00Z,-04:00,-07:00,America/Vancouver,OFF,OK,9,Senators,Ottawa,d'Ottawa,OTT,3,23,Canucks,Vancouver,de Vancouver,VAN,2,5,SO,3,SO,8467950.0,,,Sénateurs,,,,,,,,,,,,,,,,,OTT
2017020047,20172018,2,2017-10-11,False,2017-10-11T23:30:00Z,-04:00,-04:00,US/Eastern,OFF,OK,5,Penguins,Pittsburgh,de Pittsburgh,PIT,3,15,Capitals,Washington,de Washington,WSH,2,3,REG,3,REG,8476899.0,,,,,,,,,,,,,,,,,,,,PIT
2017020046,20172018,2,2017-10-11,False,2017-10-11T23:30:00Z,-04:00,-04:00,America/Toronto,OFF,OK,1,Devils,New Jersey,du New Jersey,NJD,6,10,Maple Leafs,Toronto,de Toronto,TOR,3,3,REG,3,REG,8471239.0,,,,,,,,,,,,,,,,,,,,NJD
2017020048,20172018,2,2017-10-11,False,2017-10-12T01:30:00Z,-04:00,-06:00,America/Denver,OFF,OK,6,Bruins,Boston,de Boston,BOS,3,21,Avalanche,Colorado,du Colorado,COL,6,3,REG,3,REG,8473575.0,,,,,,,,,,,,,,,,,,,,COL
2017020049,20172018,2,2017-10-11,False,2017-10-12T02:00:00Z,-04:00,-07:00,America/Los_Angeles,OFF,OK,2,Islanders,New York,de New York,NYI,2,24,Ducks,Anaheim,d'Anaheim,ANA,3,3,REG,3,REG,8476434.0,,,,,,,,,,,,,,,,,,,,ANA
2017020050,20172018,2,2017-10-11,False,2017-10-12T02:30:00Z,-04:00,-07:00,America/Los_Angeles,OFF,OK,20,Flames,Calgary,de Calgary,CGY,4,26,Kings,Los Angeles,de Los Angeles,LAK,3,4,OT,3,OT,8469608.0,,,,,,,,,,,,,,,,,,,,CGY
2017020051,20172018,2,2017-10-12,False,2017-10-12T23:30:00Z,-04:00,-04:00,US/Eastern,OFF,OK,5,Penguins,Pittsburgh,de Pittsburgh,PIT,4,14,Lightning,Tampa Bay,de Tampa Bay,TBL,5,3,REG,3,REG,8476883.0,,,,,,,,,,,,,,,,,,,,TBL
2017020052,20172018,2,2017-10-12,False,2017-10-12T23:30:00Z,-04:00,-04:00,US/Eastern,OFF,OK,19,Blues,St. Louis,de St. Louis,STL,2,13,Panthers,Florida,de la Floride,FLA,5,3,REG,3,REG,8466141.0,,,,,,,,,,,,,,,,,,,,FLA
2017020053,20172018,2,2017-10-12,False,2017-10-13T00:00:00Z,-04:00,-05:00,US/Central,OFF,OK,25,Stars,Dallas,de Dallas,DAL,1,18,Predators,Nashville,de Nashville,NSH,4,3,REG,3,REG,8471469.0,,,,,,,,,,,,,,,,,,,,NSH
2017020054,20172018,2,2017-10-12,False,2017-10-13T00:30:00Z,-04:00,-05:00,America/Chicago,OFF,OK,30,Wild,Minnesota,du Minnesota,MIN,5,16,Blackhawks,Chicago,de Chicago,CHI,2,3,REG,3,REG,8471227.0,,,,,,,,,,,,,,,,,,,,MIN
2017020056,20172018,2,2017-10-12,False,2017-10-13T02:00:00Z,-04:00,-07:00,America/Phoenix,OFF,OK,17,Red Wings,Detroit,de Detroit,DET,4,53,Coyotes,Arizona,de l'Arizona,ARI,2,3,REG,3,REG,8470657.0,,,,,,,,,,,,,,,,,,,,DET
2017020055,20172018,2,2017-10-12,False,2017-10-13T02:00:00Z,-04:00,-07:00,America/Vancouver,OFF,OK,52,Jets,Winnipeg,de Winnipeg,WPG,4,23,Canucks,Vancouver,de Vancouver,VAN,2,3,REG,3,REG,8476945.0,,,,,,,,,,,,,,,,,,,,WPG
2017020057,20172018,2,2017-10-12,False,2017-10-13T02:30:00Z,-04:00,-07:00,US/Pacific,OFF,OK,7,Sabres,Buffalo,de Buffalo,BUF,2,28,Sharks,San Jose,de San Jose,SJS,3,3,REG,3,REG,8474889.0,,,,,,,,,,,,,,,,,,,,SJS
2017020058,20172018,2,2017-10-13,False,2017-10-13T23:00:00Z,-04:00,-04:00,US/Eastern,OFF,OK,15,Capitals,Washington,de Washington,WSH,5,1,Devils,New Jersey,du New Jersey,NJD,2,3,REG,3,REG,8474651.0,,,,,,,,,,,,,,,,,,,,WSH
2017020059,20172018,2,2017-10-13,False,2017-10-13T23:00:00Z,-04:00,-04:00,US/Eastern,OFF,OK,3,Rangers,New York,de New York,NYR,1,29,Blue Jackets,Columbus,de Columbus,CBJ,3,3,REG,3,REG,8475683.0,,,,,,,,,,,,,,,,,,,,CBJ
2017020061,20172018,2,2017-10-13,False,2017-10-14T01:00:00Z,-04:00,-06:00,America/Edmonton,OFF,OK,9,Senators,Ottawa,d'Ottawa,OTT,6,20,Flames,Calgary,de Calgary,CGY,0,3,REG,3,REG,8467950.0,,,Sénateurs,,,,,,,,,,,,,,,,,OTT
2017020060,20172018,2,2017-10-13,False,2017-10-14T01:00:00Z,-04:00,-06:00,America/Denver,OFF,OK,24,Ducks,Anaheim,d'Anaheim,ANA,1,21,Avalanche,Colorado,du Colorado,COL,3,3,REG,3,REG,8473541.0,,,,,,,,,,,,,,,,,,,,COL
2017020062,20172018,2,2017-10-13,False,2017-10-14T02:30:00Z,-04:00,-07:00,US/Pacific,OFF,OK,17,Red Wings,Detroit,de Detroit,DET,6,54,Golden Knights,Vegas,de Vegas,VGK,3,3,REG,3,REG,8475852.0,,,,,,,,,,,,,,,,,,,,DET
2017020066,20172018,2,2017-10-14,False,2017-10-14T23:00:00Z,-04:00,-04:00,US/Eastern,OFF,OK,15,Capitals,Washington,de Washington,WSH,2,4,Flyers,Philadelphia,de Philadelphie,PHI,8,3,REG,3,REG,8470880.0,,,,,,,,,,,,,,,,,,,,PHI
2017020065,20172018,2,2017-10-14,False,2017-10-14T23:00:00Z,-04:00,-04:00,America/New_York,OFF,OK,1,Devils,New Jersey,du New Jersey,NJD,3,3,Rangers,New York,de New York,NYR,2,3,REG,3,REG,8476234.0,,,,,,,,,,,,,,,,,,,,NJD
2017020063,20172018,2,2017-10-14,False,2017-10-14T23:00:00Z,-04:00,-04:00,America/Montreal,OFF,OK,10,Maple Leafs,Toronto,de Toronto,TOR,4,8,Canadiens,Montréal,de Montréal,MTL,3,4,OT,3,OT,8475883.0,,,,,,,,,,,,,,,,,,,,TOR
2017020067,20172018,2,2017-10-14,False,2017-10-14T23:00:00Z,-04:00,-04:00,US/Eastern,OFF,OK,13,Panthers,Florida,de la Floride,FLA,3,5,Penguins,Pittsburgh,de Pittsburgh,PIT,4,3,REG,3,REG,8476899.0,,,,,,,,,,,,,,,,,,,,PIT
2017020064,20172018,2,2017-10-14,False,2017-10-14T23:00:00Z,-04:00,-04:00,US/Eastern,OFF,OK,19,Blues,St. Louis,de St. Louis,STL,1,14,Lightning,Tampa Bay,de Tampa Bay,TBL,2,3,REG,3,REG,8476883.0,,,,,,,,,,,,,,,,,,,,TBL
2017020068,20172018,2,2017-10-14,False,2017-10-14T23:00:00Z,-04:00,-05:00,America/Winnipeg,OFF,OK,12,Hurricanes,Carolina,de la Caroline,CAR,1,52,Jets,Winnipeg,de Winnipeg,WPG,2,3,REG,3,REG,8476945.0,,,,,,,,,,,,,,,,,,,,WPG
2017020069,20172018,2,2017-10-14,False,2017-10-15T00:00:00Z,-04:00,-05:00,US/Central,OFF,OK,21,Avalanche,Colorado,du Colorado,COL,1,25,Stars,Dallas,de Dallas,DAL,3,3,REG,3,REG,8471750.0,,,,,,,,,,,,,,,,,,,,DAL
2017020070,20172018,2,2017-10-14,False,2017-10-15T00:00:00Z,-04:00,-05:00,US/Central,OFF,OK,29,Blue Jackets,Columbus,de Columbus,CBJ,5,30,Wild,Minnesota,du Minnesota,MIN,4,4,OT,3,OT,8475683.0,,,,,,,,,,,,,,,,,,,,CBJ
2017020071,20172018,2,2017-10-14,False,2017-10-15T00:30:00Z,-04:00,-05:00,America/Chicago,OFF,OK,18,Predators,Nashville,de Nashville,NSH,1,16,Blackhawks,Chicago,de Chicago,CHI,2,4,OT,3,OT,8470645.0,,,,,,,,,,,,,,,,,,,,CHI
2017020072,20172018,2,2017-10-14,False,2017-10-15T01:00:00Z,-04:00,-07:00,America/Phoenix,OFF,OK,6,Bruins,Boston,de Boston,BOS,6,53,Coyotes,Arizona,de l'Arizona,ARI,2,3,REG,3,REG,8471418.0,,,,,,,,,,,,,,,,,,,,BOS
2017020073,20172018,2,2017-10-14,False,2017-10-15T02:00:00Z,-04:00,-06:00,America/Edmonton,OFF,OK,9,Senators,Ottawa,d'Ottawa,OTT,6,22,Oilers,Edmonton,d'Edmonton,EDM,1,3,REG,3,REG,8477237.0,,,Sénateurs,,,,,,,,,,,,,,,,,OTT
2017020074,20172018,2,2017-10-14,False,2017-10-15T02:00:00Z,-04:00,-07:00,America/Vancouver,OFF,OK,20,Flames,Calgary,de Calgary,CGY,5,23,Canucks,Vancouver,de Vancouver,VAN,2,3,REG,3,REG,8469608.0,,,,,,,,,,,,,,,,,,,,CGY
2017020076,20172018,2,2017-10-14,False,2017-10-15T02:30:00Z,-04:00,-07:00,US/Pacific,OFF,OK,2,Islanders,New York,de New York,NYI,3,28,Sharks,San Jose,de San Jose,SJS,1,3,REG,3,REG,8471306.0,,,,,,,,,,,,,,,,,,,,NYI
2017020075,20172018,2,2017-10-14,False,2017-10-15T02:30:00Z,-04:00,-07:00,America/Los_Angeles,OFF,OK,7,Sabres,Buffalo,de Buffalo,BUF,2,26,Kings,Los Angeles,de Los Angeles,LAK,4,3,REG,3,REG,8471734.0,,,,,,,,,,,,,,,,,,,,LAK
2017020077,20172018,2,2017-10-15,False,2017-10-15T23:00:00Z,-04:00,-07:00,US/Pacific,OFF,OK,6,Bruins,Boston,de Boston,BOS,1,54,Golden Knights,Vegas,de Vegas,VGK,3,3,REG,3,REG,8476876.0,,,,,,,,,,,,,,,,,,,,VGK
2017020078,20172018,2,2017-10-15,False,2017-10-16T01:00:00Z,-04:00,-07:00,America/Los_Angeles,OFF,OK,7,Sabres,Buffalo,de Buffalo,BUF,3,24,Ducks,Anaheim,d'Anaheim,ANA,1,3,REG,3,REG,8473434.0,,,,,,,,,,,,,,,,,,,,BUF
2017020079,20172018,2,2017-10-15,False,2017-10-16T02:30:00Z,-04:00,-07:00,America/Los_Angeles,OFF,OK,2,Islanders,New York,de New York,NYI,2,26,Kings,Los Angeles,de Los Angeles,LAK,3,3,REG,3,REG,8475311.0,,,,,,,,,,,,,,,,,,,,LAK
2017020080,20172018,2,2017-10-16,False,2017-10-16T23:30:00Z,-04:00,-04:00,America/Detroit,OFF,OK,14,Lightning,Tampa Bay,de Tampa Bay,TBL,3,17,Red Wings,Detroit,de Detroit,DET,2,3,REG,3,REG,8476883.0,,,,,,,,,,,,,,,,,,,,TBL
2017020084,20172018,2,2017-10-17,False,2017-10-17T23:00:00Z,-04:00,-04:00,US/Eastern,OFF,OK,10,Maple Leafs,Toronto,de Toronto,TOR,2,15,Capitals,Washington,de Washington,WSH,0,3,REG,3,REG,8475883.0,,,,,,,,,,,,,,,,,,,,TOR
2017020083,20172018,2,2017-10-17,False,2017-10-17T23:00:00Z,-04:00,-04:00,US/Eastern,OFF,OK,13,Panthers,Florida,de la Floride,FLA,1,4,Flyers,Philadelphia,de Philadelphie,PHI,5,3,REG,3,REG,8473607.0,,,,,,,,,,,,,,,,,,,,PHI
2017020082,20172018,2,2017-10-17,False,2017-10-17T23:00:00Z,-04:00,-04:00,America/New_York,OFF,OK,5,Penguins,Pittsburgh,de Pittsburgh,PIT,5,3,Rangers,New York,de New York,NYR,4,4,OT,3,OT,8476899.0,,,,,,,,,,,,,,,,,,,,PIT
2017020085,20172018,2,2017-10-17,False,2017-10-17T23:30:00Z,-04:00,-04:00,US/Eastern,OFF,OK,23,Canucks,Vancouver,de Vancouver,VAN,3,9,Senators,Ottawa,d'Ottawa,OTT,0,3,REG,3,REG,8475195.0,,,,Sénateurs,,,,,,,,,,,,,,,,VAN
2017020081,20172018,2,2017-10-17,False,2017-10-17T23:30:00Z,-04:00,-04:00,US/Eastern,OFF,OK,14,Lightning,Tampa Bay,de Tampa Bay,TBL,4,1,Devils,New Jersey,du New Jersey,NJD,5,5,SO,3,SO,8471239.0,,,,,,,,,,,,,,,,,,,,NJD
2017020087,20172018,2,2017-10-17,False,2017-10-18T00:00:00Z,-04:00,-05:00,America/Winnipeg,OFF,OK,29,Blue Jackets,Columbus,de Columbus,CBJ,5,52,Jets,Winnipeg,de Winnipeg,WPG,2,3,REG,3,REG,8476914.0,,,,,,,,,,,,,,,,,,,,CBJ
2017020086,20172018,2,2017-10-17,False,2017-10-18T00:00:00Z,-04:00,-05:00,US/Central,OFF,OK,21,Avalanche,Colorado,du Colorado,COL,1,18,Predators,Nashville,de Nashville,NSH,4,3,REG,3,REG,8471469.0,,,,,,,,,,,,,,,,,,,,NSH
2017020088,20172018,2,2017-10-17,False,2017-10-18T00:30:00Z,-04:00,-05:00,US/Central,OFF,OK,53,Coyotes,Arizona,de l'Arizona,ARI,1,25,Stars,Dallas,de Dallas,DAL,3,3,REG,3,REG,8471750.0,,,,,,,,,,,,,,,,,,,,DAL
2017020089,20172018,2,2017-10-17,False,2017-10-18T01:00:00Z,-04:00,-06:00,America/Edmonton,OFF,OK,12,Hurricanes,Carolina,de la Caroline,CAR,5,22,Oilers,Edmonton,d'Edmonton,EDM,3,3,REG,3,REG,8470320.0,,,,,,,,,,,,,,,,,,,,CAR
2017020090,20172018,2,2017-10-17,False,2017-10-18T02:00:00Z,-04:00,-07:00,US/Pacific,OFF,OK,7,Sabres,Buffalo,de Buffalo,BUF,4,54,Golden Knights,Vegas,de Vegas,VGK,5,4,OT,3,OT,8476876.0,,,,,,,,,,,,,,,,,,,,VGK
2017020091,20172018,2,2017-10-17,False,2017-10-18T02:30:00Z,-04:00,-07:00,US/Pacific,OFF,OK,8,Canadiens,Montréal,de Montréal,MTL,2,28,Sharks,San Jose,de San Jose,SJS,5,3,REG,3,REG,8474889.0,,,,,,,,,,,,,,,,,,,,SJS
2017020092,20172018,2,2017-10-18,False,2017-10-18T23:30:00Z,-04:00,-04:00,America/Toronto,OFF,OK,17,Red Wings,Detroit,de Detroit,DET,3,10,Maple Leafs,Toronto,de Toronto,TOR,6,3,REG,3,REG,8470147.0,,,,,,,,,,,,,,,,,,,,TOR
2017020093,20172018,2,2017-10-18,False,2017-10-19T00:00:00Z,-04:00,-05:00,US/Central,OFF,OK,16,Blackhawks,Chicago,de Chicago,CHI,2,19,Blues,St. Louis,de St. Louis,STL,5,3,REG,3,REG,8474596.0,,,,,,,,,,,,,,,,,,,,STL
2017020094,20172018,2,2017-10-18,False,2017-10-19T02:30:00Z,-04:00,-07:00,America/Los_Angeles,OFF,OK,8,Canadiens,Montréal,de Montréal,MTL,1,26,Kings,Los Angeles,de Los Angeles,LAK,5,3,REG,3,REG,8471734.0,,,,,,,,,,,,,,,,,,,,LAK
2017020098,20172018,2,2017-10-19,False,2017-10-19T23:00:00Z,-04:00,-04:00,US/Eastern,OFF,OK,14,Lightning,Tampa Bay,de Tampa Bay,TBL,2,29,Blue Jackets,Columbus,de Columbus,CBJ,0,3,REG,3,REG,8476883.0,,,,,,,,,,,,,,,,,,,,TBL
2017020095,20172018,2,2017-10-19,False,2017-10-19T23:00:00Z,-04:00,-04:00,US/Eastern,OFF,OK,23,Canucks,Vancouver,de Vancouver,VAN,3,6,Bruins,Boston,de Boston,BOS,6,3,REG,3,REG,8471418.0,,,,,,,,,,,,,,,,,,,,BOS
2017020097,20172018,2,2017-10-19,False,2017-10-19T23:00:00Z,-04:00,-04:00,US/Eastern,OFF,OK,18,Predators,Nashville,de Nashville,NSH,1,4,Flyers,Philadelphia,de Philadelphie,PHI,0,3,REG,3,REG,8471469.0,,,,,,,,,,,,,,,,,,,,NSH
2017020096,20172018,2,2017-10-19,False,2017-10-19T23:00:00Z,-04:00,-04:00,America/New_York,OFF,OK,2,Islanders,New York,de New York,NYI,4,3,Rangers,New York,de New York,NYR,3,5,SO,3,SO,8470860.0,,,,,,,,,,,,,,,,,,,,NYI
2017020099,20172018,2,2017-10-19,False,2017-10-19T23:30:00Z,-04:00,-04:00,US/Eastern,OFF,OK,1,Devils,New Jersey,du New Jersey,NJD,5,9,Senators,Ottawa,d'Ottawa,OTT,4,4,OT,3,OT,8476234.0,,,,Sénateurs,,,,,,,,,,,,,,,,NJD
2017020100,20172018,2,2017-10-19,False,2017-10-20T00:30:00Z,-04:00,-05:00,America/Chicago,OFF,OK,22,Oilers,Edmonton,d'Edmonton,EDM,2,16,Blackhawks,Chicago,de Chicago,CHI,1,4,OT,3,OT,8475660.0,,,,,,,,,,,,,,,,,,,,EDM
2017020102,20172018,2,2017-10-19,False,2017-10-20T01:00:00Z,-04:00,-06:00,America/Edmonton,OFF,OK,12,Hurricanes,Carolina,de la Caroline,CAR,2,20,Flames,Calgary,de Calgary,CGY,1,3,REG,3,REG,8474152.0,,,,,,,,,,,,,,,,,,,,CAR
2017020101,20172018,2,2017-10-19,False,2017-10-20T01:00:00Z,-04:00,-06:00,America/Denver,OFF,OK,19,Blues,St. Louis,de St. Louis,STL,4,21,Avalanche,Colorado,du Colorado,COL,3,3,REG,3,REG,8475622.0,,,,,,,,,,,,,,,,,,,,STL
2017020103,20172018,2,2017-10-19,False,2017-10-20T02:00:00Z,-04:00,-07:00,America/Phoenix,OFF,OK,25,Stars,Dallas,de Dallas,DAL,5,53,Coyotes,Arizona,de l'Arizona,ARI,4,3,REG,3,REG,8471750.0,,,,,,,,,,,,,,,,,,,,DAL
2017020105,20172018,2,2017-10-20,False,2017-10-20T23:00:00Z,-04:00,-04:00,US/Eastern,OFF,OK,28,Sharks,San Jose,de San Jose,SJS,3,1,Devils,New Jersey,du New Jersey,NJD,0,3,REG,3,REG,8474889.0,,,,,,,,,,,,,,,,,,,,SJS
2017020104,20172018,2,2017-10-20,False,2017-10-20T23:00:00Z,-04:00,-04:00,America/New_York,OFF,OK,23,Canucks,Vancouver,de Vancouver,VAN,4,7,Sabres,Buffalo,de Buffalo,BUF,2,3,REG,3,REG,8474593.0,,Markström,,,,,,,,,,,,,,,,,,VAN
2017020106,20172018,2,2017-10-20,False,2017-10-20T23:30:00Z,-04:00,-04:00,America/Detroit,OFF,OK,15,Capitals,Washington,de Washington,WSH,4,17,Red Wings,Detroit,de Detroit,DET,3,4,OT,3,OT,8474651.0,,,,,,,,,,,,,,,,,,,,WSH
2017020107,20172018,2,2017-10-20,False,2017-10-20T23:30:00Z,-04:00,-04:00,US/Eastern,OFF,OK,5,Penguins,Pittsburgh,de Pittsburgh,PIT,4,13,Panthers,Florida,de la Floride,FLA,3,3,REG,3,REG,8476899.0,,,,,,,,,,,,,,,,,,,,PIT
2017020108,20172018,2,2017-10-20,False,2017-10-21T00:00:00Z,-04:00,-05:00,America/Winnipeg,OFF,OK,30,Wild,Minnesota,du Minnesota,MIN,3,52,Jets,Winnipeg,de Winnipeg,WPG,4,3,REG,3,REG,8476945.0,,,,,,,,,,,,,,,,,,,,WPG
2017020109,20172018,2,2017-10-20,False,2017-10-21T02:00:00Z,-04:00,-07:00,America/Los_Angeles,OFF,OK,8,Canadiens,Montréal,de Montréal,MTL,2,24,Ducks,Anaheim,d'Anaheim,ANA,6,3,REG,3,REG,8476434.0,,,,,,,,,,,,,,,,,,,,ANA
2017020110,20172018,2,2017-10-21,False,2017-10-21T16:30:00Z,-04:00,-04:00,America/New_York,OFF,OK,18,Predators,Nashville,de Nashville,NSH,2,3,Rangers,New York,de New York,NYR,4,3,REG,3,REG,8468685.0,,,,,,,,,,,,,,,,,,,,NYR
2017020111,20172018,2,2017-10-21,False,2017-10-21T17:00:00Z,-04:00,-04:00,US/Eastern,OFF,OK,22,Oilers,Edmonton,d'Edmonton,EDM,1,4,Flyers,Philadelphia,de Philadelphie,PHI,2,3,REG,3,REG,8470880.0,,,,,,,,,,,,,,,,,,,,PHI
2017020114,20172018,2,2017-10-21,False,2017-10-21T23:00:00Z,-04:00,-04:00,US/Eastern,OFF,OK,5,Penguins,Pittsburgh,de Pittsburgh,PIT,1,14,Lightning,Tampa Bay,de Tampa Bay,TBL,7,3,REG,3,REG,8476883.0,,,,,,,,,,,,,,,,,,,,TBL
2017020115,20172018,2,2017-10-21,False,2017-10-21T23:00:00Z,-04:00,-04:00,America/New_York,OFF,OK,28,Sharks,San Jose,de San Jose,SJS,3,2,Islanders,New York,de New York,NYI,5,3,REG,3,REG,8471306.0,,,,,,,,,,,,,,,,,,,,NYI
2017020112,20172018,2,2017-10-21,False,2017-10-21T23:00:00Z,-04:00,-04:00,US/Eastern,OFF,OK,7,Sabres,Buffalo,de Buffalo,BUF,5,6,Bruins,Boston,de Boston,BOS,4,4,OT,3,OT,8475215.0,,,,,,,,,,,,,,,,,,,,BUF
2017020117,20172018,2,2017-10-21,False,2017-10-21T23:00:00Z,-04:00,-04:00,US/Eastern,OFF,OK,26,Kings,Los Angeles,de Los Angeles,LAK,6,29,Blue Jackets,Columbus,de Columbus,CBJ,4,3,REG,3,REG,8471734.0,,,,,,,,,,,,,,,,,,,,LAK
2017020113,20172018,2,2017-10-21,False,2017-10-21T23:00:00Z,-04:00,-04:00,US/Eastern,OFF,OK,10,Maple Leafs,Toronto,de Toronto,TOR,3,9,Senators,Ottawa,d'Ottawa,OTT,6,3,REG,3,REG,8467950.0,,,,Sénateurs,,,,,,,,,,,,,,,,OTT
2017020116,20172018,2,2017-10-21,False,2017-10-21T23:30:00Z,-04:00,-04:00,US/Eastern,OFF,OK,13,Panthers,Florida,de la Floride,FLA,4,15,Capitals,Washington,de Washington,WSH,1,3,REG,3,REG,8473503.0,,,,,,,,,,,,,,,,,,,,FLA
2017020118,20172018,2,2017-10-21,False,2017-10-22T00:00:00Z,-04:00,-05:00,US/Central,OFF,OK,12,Hurricanes,Carolina,de la Caroline,CAR,3,25,Stars,Dallas,de Dallas,DAL,4,3,REG,3,REG,8471750.0,,,,,,,,,,,,,,,,,,,,DAL
2017020119,20172018,2,2017-10-21,False,2017-10-22T01:00:00Z,-04:00,-07:00,America/Phoenix,OFF,OK,16,Blackhawks,Chicago,de Chicago,CHI,4,53,Coyotes,Arizona,de l'Arizona,ARI,2,3,REG,3,REG,8470645.0,,,,,,,,,,,,,,,,,,,,CHI
2017020120,20172018,2,2017-10-21,False,2017-10-22T02:00:00Z,-04:00,-06:00,America/Edmonton,OFF,OK,30,Wild,Minnesota,du Minnesota,MIN,4,20,Flames,Calgary,de Calgary,CGY,2,3,REG,3,REG,8471774.0,,,,,,,,,,,,,,,,,,,,MIN
2017020121,20172018,2,2017-10-21,False,2017-10-22T02:30:00Z,-04:00,-07:00,US/Pacific,OFF,OK,19,Blues,St. Louis,de St. Louis,STL,2,54,Golden Knights,Vegas,de Vegas,VGK,3,4,OT,3,OT,8476861.0,,,,,,,,,,,,,,,,,,,,VGK
2017020122,20172018,2,2017-10-22,False,2017-10-22T23:00:00Z,-04:00,-04:00,America/Detroit,OFF,OK,23,Canucks,Vancouver,de Vancouver,VAN,4,17,Red Wings,Detroit,de Detroit,DET,1,3,REG,3,REG,8474593.0,,Markström,,,,,,,,,,,,,,,,,,VAN
2017020123,20172018,2,2017-10-23,False,2017-10-23T23:00:00Z,-04:00,-04:00,America/Toronto,OFF,OK,26,Kings,Los Angeles,de Los Angeles,LAK,2,10,Maple Leafs,Toronto,de Toronto,TOR,3,3,REG,3,REG,8475883.0,,,,,,,,,,,,,,,,,,,,TOR
2017020124,20172018,2,2017-10-23,False,2017-10-23T23:00:00Z,-04:00,-04:00,America/New_York,OFF,OK,28,Sharks,San Jose,de San Jose,SJS,4,3,Rangers,New York,de New York,NYR,1,3,REG,3,REG,8474889.0,,,,,,,,,,,,,,,,,,,,SJS
2017020129,20172018,2,2017-10-24,False,2017-10-24T23:00:00Z,-04:00,-04:00,US/Eastern,OFF,OK,14,Lightning,Tampa Bay,de Tampa Bay,TBL,5,12,Hurricanes,Carolina,de la Caroline,CAR,1,3,REG,3,REG,8476883.0,,,,,,,,,,,,,,,,,,,,TBL
2017020126,20172018,2,2017-10-24,False,2017-10-24T23:00:00Z,-04:00,-04:00,America/New_York,OFF,OK,53,Coyotes,Arizona,de l'Arizona,ARI,3,2,Islanders,New York,de New York,NYI,5,3,REG,3,REG,8470860.0,,,,,,,,,,,,,,,,,,,,NYI
2017020127,20172018,2,2017-10-24,False,2017-10-24T23:00:00Z,-04:00,-04:00,US/Eastern,OFF,OK,24,Ducks,Anaheim,d'Anaheim,ANA,6,4,Flyers,Philadelphia,de Philadelphie,PHI,2,3,REG,3,REG,8476434.0,,,,,,,,,,,,,,,,,,,,ANA
2017020128,20172018,2,2017-10-24,False,2017-10-24T23:00:00Z,-04:00,-04:00,US/Eastern,OFF,OK,22,Oilers,Edmonton,d'Edmonton,EDM,1,5,Penguins,Pittsburgh,de Pittsburgh,PIT,2,4,OT,3,OT,8476899.0,,,,,,,,,,,,,,,,,,,,PIT
2017020130,20172018,2,2017-10-24,False,2017-10-24T23:30:00Z,-04:00,-04:00,America/Montreal,OFF,OK,13,Panthers,Florida,de la Floride,FLA,1,8,Canadiens,Montréal,de Montréal,MTL,5,3,REG,3,REG,8471679.0,,,,,,,,,,,,,,,,,,,,MTL
2017020131,20172018,2,2017-10-24,False,2017-10-24T23:30:00Z,-04:00,-04:00,US/Eastern,OFF,OK,26,Kings,Los Angeles,de Los Angeles,LAK,3,9,Senators,Ottawa,d'Ottawa,OTT,2,5,SO,3,SO,8475311.0,,,,Sénateurs,,,,,,,,,,,,,,,,LAK
2017020125,20172018,2,2017-10-24,False,2017-10-24T23:30:00Z,-04:00,-04:00,America/New_York,OFF,OK,17,Red Wings,Detroit,de Detroit,DET,0,7,Sabres,Buffalo,de Buffalo,BUF,1,3,REG,3,REG,8475215.0,,,,,,,,,,,,,,,,,,,,BUF
2017020132,20172018,2,2017-10-24,False,2017-10-25T00:00:00Z,-04:00,-05:00,US/Central,OFF,OK,20,Flames,Calgary,de Calgary,CGY,3,18,Predators,Nashville,de Nashville,NSH,2,5,SO,3,SO,8469608.0,,,,,,,,,,,,,,,,,,,,CGY
2017020133,20172018,2,2017-10-24,False,2017-10-25T00:00:00Z,-04:00,-05:00,US/Central,OFF,OK,23,Canucks,Vancouver,de Vancouver,VAN,1,30,Wild,Minnesota,du Minnesota,MIN,0,3,REG,3,REG,8475195.0,,,,,,,,,,,,,,,,,,,,VAN
2017020134,20172018,2,2017-10-24,False,2017-10-25T01:00:00Z,-04:00,-06:00,America/Denver,OFF,OK,25,Stars,Dallas,de Dallas,DAL,3,21,Avalanche,Colorado,du Colorado,COL,5,3,REG,3,REG,8473575.0,,,,,,,,,,,,,,,,,,,,COL
2017020135,20172018,2,2017-10-24,False,2017-10-25T02:00:00Z,-04:00,-07:00,US/Pacific,OFF,OK,16,Blackhawks,Chicago,de Chicago,CHI,2,54,Golden Knights,Vegas,de Vegas,VGK,4,3,REG,3,REG,8476861.0,,,,,,,,,,,,,,,,,,,,VGK
2017020137,20172018,2,2017-10-25,False,2017-10-26T00:00:00Z,-04:00,-05:00,US/Central,OFF,OK,20,Flames,Calgary,de Calgary,CGY,2,19,Blues,St. Louis,de St. Louis,STL,5,3,REG,3,REG,8474596.0,,,,,,,,,,,,,,,,,,,,STL
2017020136,20172018,2,2017-10-25,False,2017-10-26T00:00:00Z,-04:00,-04:00,US/Eastern,OFF,OK,7,Sabres,Buffalo,de Buffalo,BUF,1,29,Blue Jackets,Columbus,de Columbus,CBJ,5,3,REG,3,REG,8475683.0,,,,,,,,,,,,,,,,,,,,CBJ
2017020138,20172018,2,2017-10-26,False,2017-10-26T23:00:00Z,-04:00,-04:00,US/Eastern,OFF,OK,28,Sharks,San Jose,de San Jose,SJS,1,6,Bruins,Boston,de Boston,BOS,2,3,REG,3,REG,8471418.0,,,,,,,,,,,,,,,,,,,,BOS
2017020139,20172018,2,2017-10-26,False,2017-10-26T23:00:00Z,-04:00,-04:00,America/Toronto,OFF,OK,12,Hurricanes,Carolina,de la Caroline,CAR,6,10,Maple Leafs,Toronto,de Toronto,TOR,3,3,REG,3,REG,8474152.0,,,,,,,,,,,,,,,,,,,,CAR
2017020140,20172018,2,2017-10-26,False,2017-10-26T23:00:00Z,-04:00,-04:00,America/New_York,OFF,OK,53,Coyotes,Arizona,de l'Arizona,ARI,2,3,Rangers,New York,de New York,NYR,5,3,REG,3,REG,8471715.0,,,,,,,,,,,,,,,,,,,,NYR
2017020141,20172018,2,2017-10-26,False,2017-10-26T23:00:00Z,-04:00,-04:00,US/Eastern,OFF,OK,52,Jets,Winnipeg,de Winnipeg,WPG,1,5,Penguins,Pittsburgh,de Pittsburgh,PIT,2,4,OT,3,OT,8476899.0,,,,,,,,,,,,,,,,,,,,PIT
2017020143,20172018,2,2017-10-26,False,2017-10-26T23:30:00Z,-04:00,-04:00,US/Eastern,OFF,OK,4,Flyers,Philadelphia,de Philadelphie,PHI,4,9,Senators,Ottawa,d'Ottawa,OTT,5,3,REG,3,REG,8467950.0,,,,Sénateurs,,,,,,,,,,,,,,,,OTT
2017020142,20172018,2,2017-10-26,False,2017-10-26T23:30:00Z,-04:00,-04:00,America/Montreal,OFF,OK,26,Kings,Los Angeles,de Los Angeles,LAK,4,8,Canadiens,Montréal,de Montréal,MTL,0,3,REG,3,REG,8471734.0,,,,,,,,,,,,,,,,,,,,LAK
2017020144,20172018,2,2017-10-26,False,2017-10-26T23:30:00Z,-04:00,-04:00,US/Eastern,OFF,OK,17,Red Wings,Detroit,de Detroit,DET,2,14,Lightning,Tampa Bay,de Tampa Bay,TBL,3,3,REG,3,REG,8476883.0,,,,,,,,,,,,,,,,,,,,TBL
2017020145,20172018,2,2017-10-26,False,2017-10-26T23:30:00Z,-04:00,-04:00,US/Eastern,OFF,OK,24,Ducks,Anaheim,d'Anaheim,ANA,3,13,Panthers,Florida,de la Floride,FLA,8,3,REG,3,REG,8473503.0,,,,,,,,,,,,,,,,,,,,FLA
2017020146,20172018,2,2017-10-26,False,2017-10-27T00:00:00Z,-04:00,-05:00,US/Central,OFF,OK,2,Islanders,New York,de New York,NYI,4,30,Wild,Minnesota,du Minnesota,MIN,6,3,REG,3,REG,8471227.0,,,,,,,,,,,,,,,,,,,,MIN
2017020147,20172018,2,2017-10-26,False,2017-10-27T01:00:00Z,-04:00,-06:00,America/Edmonton,OFF,OK,25,Stars,Dallas,de Dallas,DAL,4,22,Oilers,Edmonton,d'Edmonton,EDM,5,3,REG,3,REG,8475660.0,,,,,,,,,,,,,,,,,,,,EDM
2017020148,20172018,2,2017-10-26,False,2017-10-27T02:00:00Z,-04:00,-07:00,America/Vancouver,OFF,OK,15,Capitals,Washington,de Washington,WSH,2,23,Canucks,Vancouver,de Vancouver,VAN,6,3,REG,3,REG,8475195.0,,,,,,,,,,,,,,,,,,,,VAN
2017020149,20172018,2,2017-10-27,False,2017-10-27T22:00:00Z,-04:00,-07:00,US/Pacific,OFF,OK,21,Avalanche,Colorado,du Colorado,COL,0,54,Golden Knights,Vegas,de Vegas,VGK,7,3,REG,3,REG,8476861.0,,,,,,,,,,,,,,,,,,,,VGK
2017020150,20172018,2,2017-10-27,False,2017-10-27T23:00:00Z,-04:00,-04:00,US/Eastern,OFF,OK,9,Senators,Ottawa,d'Ottawa,OTT,4,1,Devils,New Jersey,du New Jersey,NJD,5,5,SO,3,SO,8476234.0,,,Sénateurs,,,,,,,,,,,,,,,,,NJD
2017020151,20172018,2,2017-10-27,False,2017-10-27T23:00:00Z,-04:00,-04:00,US/Eastern,OFF,OK,52,Jets,Winnipeg,de Winnipeg,WPG,1,29,Blue Jackets,Columbus,de Columbus,CBJ,2,4,OT,3,OT,8475683.0,,,,,,,,,,,,,,,,,,,,CBJ
2017020152,20172018,2,2017-10-27,False,2017-10-27T23:30:00Z,-04:00,-04:00,US/Eastern,OFF,OK,19,Blues,St. Louis,de St. Louis,STL,2,12,Hurricanes,Carolina,de la Caroline,CAR,1,3,REG,3,REG,8475622.0,,,,,,,,,,,,,,,,,,,,STL
2017020153,20172018,2,2017-10-27,False,2017-10-28T00:30:00Z,-04:00,-05:00,America/Chicago,OFF,OK,18,Predators,Nashville,de Nashville,NSH,2,16,Blackhawks,Chicago,de Chicago,CHI,1,3,REG,3,REG,8471469.0,,,,,,,,,,,,,,,,,,,,NSH
2017020154,20172018,2,2017-10-27,False,2017-10-28T01:00:00Z,-04:00,-06:00,America/Edmonton,OFF,OK,25,Stars,Dallas,de Dallas,DAL,2,20,Flames,Calgary,de Calgary,CGY,1,3,REG,3,REG,8470140.0,,,,,,,,,,,,,,,,,,,,DAL
2017020155,20172018,2,2017-10-28,False,2017-10-28T17:00:00Z,-04:00,-04:00,America/New_York,OFF,OK,28,Sharks,San Jose,de San Jose,SJS,3,7,Sabres,Buffalo,de Buffalo,BUF,2,3,REG,3,REG,8477180.0,,,,,,,,,,,,,,,,,,,,SJS
2017020160,20172018,2,2017-10-28,False,2017-10-28T23:00:00Z,-04:00,-04:00,US/Eastern,OFF,OK,17,Red Wings,Detroit,de Detroit,DET,3,13,Panthers,Florida,de la Floride,FLA,2,5,SO,3,SO,8470657.0,,,,,,,,,,,,,,,,,,,,DET
2017020157,20172018,2,2017-10-28,False,2017-10-28T23:00:00Z,-04:00,-04:00,America/Toronto,OFF,OK,4,Flyers,Philadelphia,de Philadelphie,PHI,4,10,Maple Leafs,Toronto,de Toronto,TOR,2,3,REG,3,REG,8470880.0,,,,,,,,,,,,,,,,,,,,PHI
2017020156,20172018,2,2017-10-28,False,2017-10-28T23:00:00Z,-04:00,-04:00,US/Eastern,OFF,OK,26,Kings,Los Angeles,de Los Angeles,LAK,2,6,Bruins,Boston,de Boston,BOS,1,4,OT,3,OT,8471734.0,,,,,,,,,,,,,,,,,,,,LAK
2017020158,20172018,2,2017-10-28,False,2017-10-28T23:00:00Z,-04:00,-04:00,America/Montreal,OFF,OK,3,Rangers,New York,de New York,NYR,4,8,Canadiens,Montréal,de Montréal,MTL,5,3,REG,3,REG,8471679.0,,,,,,,,,,,,,,,,,,,,MTL
2017020161,20172018,2,2017-10-28,False,2017-10-28T23:00:00Z,-04:00,-04:00,US/Eastern,OFF,OK,53,Coyotes,Arizona,de l'Arizona,ARI,3,1,Devils,New Jersey,du New Jersey,NJD,4,3,REG,3,REG,8471239.0,,,,,,,,,,,,,,,,,,,,NJD
2017020159,20172018,2,2017-10-28,False,2017-10-28T23:00:00Z,-04:00,-04:00,US/Eastern,OFF,OK,24,Ducks,Anaheim,d'Anaheim,ANA,4,14,Lightning,Tampa Bay,de Tampa Bay,TBL,1,3,REG,3,REG,8476434.0,,,,,,,,,,,,,,,,,,,,ANA
2017020163,20172018,2,2017-10-28,False,2017-10-29T00:00:00Z,-04:00,-05:00,US/Central,OFF,OK,2,Islanders,New York,de New York,NYI,6,18,Predators,Nashville,de Nashville,NSH,2,3,REG,3,REG,8470860.0,,,,,,,,,,,,,,,,,,,,NYI
2017020164,20172018,2,2017-10-28,False,2017-10-29T00:00:00Z,-04:00,-05:00,US/Central,OFF,OK,5,Penguins,Pittsburgh,de Pittsburgh,PIT,1,30,Wild,Minnesota,du Minnesota,MIN,2,3,REG,3,REG,8471227.0,,,,,,,,,,,,,,,,,,,,MIN
2017020162,20172018,2,2017-10-28,False,2017-10-29T00:00:00Z,-04:00,-05:00,US/Central,OFF,OK,29,Blue Jackets,Columbus,de Columbus,CBJ,1,19,Blues,St. Louis,de St. Louis,STL,4,3,REG,3,REG,8474596.0,,,,,,,,,,,,,,,,,,,,STL
2017020165,20172018,2,2017-10-28,False,2017-10-29T01:00:00Z,-04:00,-06:00,America/Denver,OFF,OK,16,Blackhawks,Chicago,de Chicago,CHI,3,21,Avalanche,Colorado,du Colorado,COL,6,3,REG,3,REG,8473541.0,,,,,,,,,,,,,,,,,,,,COL
2017020166,20172018,2,2017-10-28,False,2017-10-29T02:00:00Z,-04:00,-06:00,America/Edmonton,OFF,OK,15,Capitals,Washington,de Washington,WSH,5,22,Oilers,Edmonton,d'Edmonton,EDM,2,3,REG,3,REG,8474651.0,,,,,,,,,,,,,,,,,,,,WSH
2017020167,20172018,2,2017-10-29,False,2017-10-29T21:00:00Z,-04:00,-04:00,US/Eastern,OFF,OK,24,Ducks,Anaheim,d'Anaheim,ANA,4,12,Hurricanes,Carolina,de la Caroline,CAR,3,5,SO,3,SO,8468011.0,,,,,,,,,,,,,,,,,,,,ANA
2017020168,20172018,2,2017-10-29,False,2017-10-29T23:00:00Z,-04:00,-05:00,America/Winnipeg,OFF,OK,5,Penguins,Pittsburgh,de Pittsburgh,PIT,1,52,Jets,Winnipeg,de Winnipeg,WPG,7,3,REG,3,REG,8476945.0,,,,,,,,,,,,,,,,,,,,WPG
2017020169,20172018,2,2017-10-29,False,2017-10-30T01:00:00Z,-04:00,-06:00,America/Edmonton,OFF,OK,15,Capitals,Washington,de Washington,WSH,1,20,Flames,Calgary,de Calgary,CGY,2,3,REG,3,REG,8469608.0,,,,,,,,,,,,,,,,,,,,CGY
2017020172,20172018,2,2017-10-30,False,2017-10-30T23:00:00Z,-04:00,-04:00,US/Eastern,OFF,OK,6,Bruins,Boston,de Boston,BOS,3,29,Blue Jackets,Columbus,de Columbus,CBJ,4,5,SO,3,SO,8475683.0,,,,,,,,,,,,,,,,,,,,CBJ
2017020170,20172018,2,2017-10-30,False,2017-10-30T23:00:00Z,-04:00,-04:00,America/New_York,OFF,OK,54,Golden Knights,Vegas,de Vegas,VGK,3,2,Islanders,New York,de New York,NYI,6,3,REG,3,REG,8470860.0,,,,,,,,,,,,,,,,,,,,NYI
2017020171,20172018,2,2017-10-30,False,2017-10-30T23:00:00Z,-04:00,-04:00,US/Eastern,OFF,OK,53,Coyotes,Arizona,de l'Arizona,ARI,4,4,Flyers,Philadelphia,de Philadelphie,PHI,3,4,OT,3,OT,8475809.0,,,,,,,,,,,,,,,,,,,,ARI
2017020173,20172018,2,2017-10-30,False,2017-10-30T23:30:00Z,-04:00,-04:00,US/Eastern,OFF,OK,8,Canadiens,Montréal,de Montréal,MTL,8,9,Senators,Ottawa,d'Ottawa,OTT,3,3,REG,3,REG,8471219.0,,,,Sénateurs,,,,,,,,,,,,,,,,MTL
2017020174,20172018,2,2017-10-30,False,2017-10-30T23:30:00Z,-04:00,-04:00,US/Eastern,OFF,OK,14,Lightning,Tampa Bay,de Tampa Bay,TBL,8,13,Panthers,Florida,de la Floride,FLA,5,3,REG,3,REG,8476883.0,,,,,,,,,,,,,,,,,,,,TBL
2017020175,20172018,2,2017-10-30,False,2017-10-31T00:00:00Z,-04:00,-05:00,US/Central,OFF,OK,26,Kings,Los Angeles,de Los Angeles,LAK,2,19,Blues,St. Louis,de St. Louis,STL,4,3,REG,3,REG,8474596.0,,,,,,,,,,,,,,,,,,,,STL
2017020176,20172018,2,2017-10-30,False,2017-10-31T02:00:00Z,-04:00,-07:00,America/Vancouver,OFF,OK,25,Stars,Dallas,de Dallas,DAL,2,23,Canucks,Vancouver,de Vancouver,VAN,1,4,OT,3,OT,8471750.0,,,,,,,,,,,,,,,,,,,,DAL
2017020177,20172018,2,2017-10-30,False,2017-10-31T02:30:00Z,-04:00,-07:00,US/Pacific,OFF,OK,10,Maple Leafs,Toronto,de Toronto,TOR,2,28,Sharks,San Jose,de San Jose,SJS,3,3,REG,3,REG,8474889.0,,,,,,,,,,,,,,,,,,,,SJS
2017020178,20172018,2,2017-10-31,False,2017-10-31T23:00:00Z,-04:00,-04:00,America/New_York,OFF,OK,54,Golden Knights,Vegas,de Vegas,VGK,4,3,Rangers,New York,de New York,NYR,6,3,REG,3,REG,8468685.0,,,,,,,,,,,,,,,,,,,,NYR
2017020179,20172018,2,2017-10-31,False,2017-10-31T23:30:00Z,-04:00,-04:00,America/Detroit,OFF,OK,53,Coyotes,Arizona,de l'Arizona,ARI,3,17,Red Wings,Detroit,de Detroit,DET,5,3,REG,3,REG,8470657.0,,,,,,,,,,,,,,,,,,,,DET
2017020180,20172018,2,2017-10-31,False,2017-11-01T00:00:00Z,-04:00,-05:00,US/Central,OFF,OK,52,Jets,Winnipeg,de Winnipeg,WPG,2,30,Wild,Minnesota,du Minnesota,MIN,1,3,REG,3,REG,8476945.0,,,,,,,,,,,,,,,,,,,,WPG
2017020181,20172018,2,2017-11-01,False,2017-11-02T00:00:00Z,-04:00,-05:00,America/Chicago,OFF,OK,4,Flyers,Philadelphia,de Philadelphie,PHI,0,16,Blackhawks,Chicago,de Chicago,CHI,3,3,REG,3,REG,8470645.0,,,,,,,,,,,,,,,,,,,,CHI
2017020182,20172018,2,2017-11-01,False,2017-11-02T00:30:00Z,-04:00,-06:00,America/Edmonton,OFF,OK,5,Penguins,Pittsburgh,de Pittsburgh,PIT,3,22,Oilers,Edmonton,d'Edmonton,EDM,2,3,REG,3,REG,8476899.0,,,,,,,,,,,,,,,,,,,,PIT
2017020183,20172018,2,2017-11-01,False,2017-11-02T02:00:00Z,-04:00,-07:00,America/Vancouver,OFF,OK,1,Devils,New Jersey,du New Jersey,NJD,2,23,Canucks,Vancouver,de Vancouver,VAN,0,3,REG,3,REG,8471239.0,,,,,,,,,,,,,,,,,,,,NJD
2017020184,20172018,2,2017-11-01,False,2017-11-02T02:00:00Z,-04:00,-07:00,America/Los_Angeles,OFF,OK,10,Maple Leafs,Toronto,de Toronto,TOR,3,24,Ducks,Anaheim,d'Anaheim,ANA,1,3,REG,3,REG,8475883.0,,,,,,,,,,,,,,,,,,,,TOR
2017020185,20172018,2,2017-11-01,False,2017-11-02T02:30:00Z,-04:00,-07:00,US/Pacific,OFF,OK,18,Predators,Nashville,de Nashville,NSH,1,28,Sharks,San Jose,de San Jose,SJS,4,3,REG,3,REG,8474889.0,,,,,,,,,,,,,,,,,,,,SJS
2017020186,20172018,2,2017-11-02,False,2017-11-02T23:00:00Z,-04:00,-04:00,US/Eastern,OFF,OK,54,Golden Knights,Vegas,de Vegas,VGK,1,6,Bruins,Boston,de Boston,BOS,2,3,REG,3,REG,8471695.0,,,,,,,,,,,,,,,,,,,,BOS
2017020187,20172018,2,2017-11-02,False,2017-11-02T23:00:00Z,-04:00,-04:00,US/Eastern,OFF,OK,2,Islanders,New York,de New York,NYI,3,15,Capitals,Washington,de Washington,WSH,4,3,REG,3,REG,8474651.0,,,,,,,,,,,,,,,,,,,,WSH
2017020190,20172018,2,2017-11-02,False,2017-11-02T23:30:00Z,-04:00,-04:00,US/Eastern,OFF,OK,29,Blue Jackets,Columbus,de Columbus,CBJ,7,13,Panthers,Florida,de la Floride,FLA,3,3,REG,3,REG,8475683.0,,,,,,,,,,,,,,,,,,,,CBJ
2017020188,20172018,2,2017-11-02,False,2017-11-02T23:30:00Z,-04:00,-04:00,US/Eastern,OFF,OK,17,Red Wings,Detroit,de Detroit,DET,1,9,Senators,Ottawa,d'Ottawa,OTT,3,3,REG,3,REG,8467950.0,,,,Sénateurs,,,,,,,,,,,,,,,,OTT
2017020189,20172018,2,2017-11-02,False,2017-11-02T23:30:00Z,-04:00,-04:00,US/Eastern,OFF,OK,3,Rangers,New York,de New York,NYR,2,14,Lightning,Tampa Bay,de Tampa Bay,TBL,1,4,OT,3,OT,8468685.0,,,,,,,,,,,,,,,,,,,,NYR
2017020193,20172018,2,2017-11-02,False,2017-11-03T00:00:00Z,-04:00,-05:00,America/Winnipeg,OFF,OK,25,Stars,Dallas,de Dallas,DAL,2,52,Jets,Winnipeg,de Winnipeg,WPG,5,3,REG,3,REG,8476945.0,,,,,,,,,,,,,,,,,,,,WPG
2017020192,20172018,2,2017-11-02,False,2017-11-03T00:00:00Z,-04:00,-05:00,US/Central,OFF,OK,8,Canadiens,Montréal,de Montréal,MTL,3,30,Wild,Minnesota,du Minnesota,MIN,6,3,REG,3,REG,8471227.0,,,,,,,,,,,,,,,,,,,,MIN
2017020191,20172018,2,2017-11-02,False,2017-11-03T00:00:00Z,-04:00,-05:00,US/Central,OFF,OK,4,Flyers,Philadelphia,de Philadelphie,PHI,2,19,Blues,St. Louis,de St. Louis,STL,0,3,REG,3,REG,8473607.0,,,,,,,,,,,,,,,,,,,,PHI
2017020195,20172018,2,2017-11-02,False,2017-11-03T01:00:00Z,-04:00,-06:00,America/Edmonton,OFF,OK,5,Penguins,Pittsburgh,de Pittsburgh,PIT,1,20,Flames,Calgary,de Calgary,CGY,2,4,OT,3,OT,8469608.0,,,,,,,,,,,,,,,,,,,,CGY
2017020194,20172018,2,2017-11-02,False,2017-11-03T01:00:00Z,-04:00,-06:00,America/Denver,OFF,OK,12,Hurricanes,Carolina,de la Caroline,CAR,3,21,Avalanche,Colorado,du Colorado,COL,5,3,REG,3,REG,8473575.0,,,,,,,,,,,,,,,,,,,,COL
2017020196,20172018,2,2017-11-02,False,2017-11-03T02:00:00Z,-04:00,-07:00,America/Phoenix,OFF,OK,7,Sabres,Buffalo,de Buffalo,BUF,5,53,Coyotes,Arizona,de l'Arizona,ARI,4,3,REG,3,REG,8475215.0,,,,,,,,,,,,,,,,,,,,BUF
2017020197,20172018,2,2017-11-02,False,2017-11-03T02:30:00Z,-04:00,-07:00,America/Los_Angeles,OFF,OK,10,Maple Leafs,Toronto,de Toronto,TOR,3,26,Kings,Los Angeles,de Los Angeles,LAK,5,3,REG,3,REG,8471734.0,,,,,,,,,,,,,,,,,,,,LAK
2017020198,20172018,2,2017-11-03,False,2017-11-04T01:00:00Z,-04:00,-06:00,America/Edmonton,OFF,OK,1,Devils,New Jersey,du New Jersey,NJD,3,22,Oilers,Edmonton,d'Edmonton,EDM,6,3,REG,3,REG,8475660.0,,,,,,,,,,,,,,,,,,,,EDM
2017020199,20172018,2,2017-11-03,False,2017-11-04T02:00:00Z,-04:00,-07:00,America/Los_Angeles,OFF,OK,18,Predators,Nashville,de Nashville,NSH,5,24,Ducks,Anaheim,d'Anaheim,ANA,3,3,REG,3,REG,8471469.0,,,,,,,,,,,,,,,,,,,,NSH
2017020200,20172018,2,2017-11-04,False,2017-11-04T18:00:00Z,-04:00,-04:00,US/Eastern,OFF,OK,54,Golden Knights,Vegas,de Vegas,VGK,5,9,Senators,Ottawa,d'Ottawa,OTT,4,3,REG,3,REG,8476509.0,Legace,Legace,,Sénateurs,,,,,,,,,,,,,,,,VGK
2017020204,20172018,2,2017-11-04,False,2017-11-04T23:00:00Z,-04:00,-04:00,US/Eastern,OFF,OK,21,Avalanche,Colorado,du Colorado,COL,5,4,Flyers,Philadelphia,de Philadelphie,PHI,4,5,SO,3,SO,8473575.0,,,,,,,,,,,,,,,,,,,,COL
2017020203,20172018,2,2017-11-04,False,2017-11-04T23:00:00Z,-04:00,-04:00,US/Eastern,OFF,OK,3,Rangers,New York,de New York,NYR,5,13,Panthers,Florida,de la Floride,FLA,4,4,OT,3,OT,8468685.0,,,,,,,,,,,,,,,,,,,,NYR
2017020202,20172018,2,2017-11-04,False,2017-11-04T23:00:00Z,-04:00,-04:00,US/Eastern,OFF,OK,29,Blue Jackets,Columbus,de Columbus,CBJ,4,14,Lightning,Tampa Bay,de Tampa Bay,TBL,5,5,SO,3,SO,8476883.0,,,,,,,,,,,,,,,,,,,,TBL
2017020201,20172018,2,2017-11-04,False,2017-11-04T23:00:00Z,-04:00,-04:00,US/Eastern,OFF,OK,15,Capitals,Washington,de Washington,WSH,3,6,Bruins,Boston,de Boston,BOS,2,3,REG,3,REG,8474651.0,,,,,,,,,,,,,,,,,,,,WSH
2017020205,20172018,2,2017-11-04,False,2017-11-04T23:00:00Z,-04:00,-05:00,US/Central,OFF,OK,10,Maple Leafs,Toronto,de Toronto,TOR,4,19,Blues,St. Louis,de St. Louis,STL,6,3,REG,3,REG,8474596.0,,,,,,,,,,,,,,,,,,,,STL
2017020206,20172018,2,2017-11-04,False,2017-11-04T23:00:00Z,-04:00,-05:00,America/Winnipeg,OFF,OK,8,Canadiens,Montréal,de Montréal,MTL,5,52,Jets,Winnipeg,de Winnipeg,WPG,4,4,OT,3,OT,8471219.0,,,,,,,,,,,,,,,,,,,,MTL
2017020207,20172018,2,2017-11-04,False,2017-11-05T00:00:00Z,-04:00,-05:00,US/Central,OFF,OK,7,Sabres,Buffalo,de Buffalo,BUF,1,25,Stars,Dallas,de Dallas,DAL,5,3,REG,3,REG,8470140.0,,,,,,,,,,,,,,,,,,,,DAL
2017020208,20172018,2,2017-11-04,False,2017-11-05T00:00:00Z,-04:00,-05:00,US/Central,OFF,OK,16,Blackhawks,Chicago,de Chicago,CHI,2,30,Wild,Minnesota,du Minnesota,MIN,0,3,REG,3,REG,8470645.0,,,,,,,,,,,,,,,,,,,,CHI
2017020209,20172018,2,2017-11-04,False,2017-11-05T01:00:00Z,-04:00,-07:00,America/Phoenix,OFF,OK,12,Hurricanes,Carolina,de la Caroline,CAR,1,53,Coyotes,Arizona,de l'Arizona,ARI,2,5,SO,3,SO,8477293.0,,,,,,,,,,,,,,,,,,,,ARI
2017020210,20172018,2,2017-11-04,False,2017-11-05T02:00:00Z,-04:00,-07:00,America/Vancouver,OFF,OK,5,Penguins,Pittsburgh,de Pittsburgh,PIT,2,23,Canucks,Vancouver,de Vancouver,VAN,4,3,REG,3,REG,8474593.0,,Markström,,,,,,,,,,,,,,,,,,VAN
2017020211,20172018,2,2017-11-04,False,2017-11-05T02:30:00Z,-04:00,-07:00,America/Los_Angeles,OFF,OK,18,Predators,Nashville,de Nashville,NSH,4,26,Kings,Los Angeles,de Los Angeles,LAK,3,4,OT,3,OT,8477424.0,,,,,,,,,,,,,,,,,,,,NSH
2017020212,20172018,2,2017-11-04,False,2017-11-05T02:30:00Z,-04:00,-07:00,US/Pacific,OFF,OK,24,Ducks,Anaheim,d'Anaheim,ANA,1,28,Sharks,San Jose,de San Jose,SJS,2,5,SO,3,SO,8474889.0,,,,,,,,,,,,,,,,,,,,SJS
2017020213,20172018,2,2017-11-05,False,2017-11-05T21:00:00Z,-05:00,-07:00,America/Edmonton,OFF,OK,17,Red Wings,Detroit,de Detroit,DET,4,22,Oilers,Edmonton,d'Edmonton,EDM,0,3,REG,3,REG,8475852.0,,,,,,,,,,,,,,,,,,,,DET
2017020214,20172018,2,2017-11-05,False,2017-11-05T23:00:00Z,-05:00,-05:00,America/New_York,OFF,OK,21,Avalanche,Colorado,du Colorado,COL,4,2,Islanders,New York,de New York,NYI,6,3,REG,3,REG,8471306.0,,,,,,,,,,,,,,,,,,,,NYI
2017020215,20172018,2,2017-11-05,False,2017-11-06T00:00:00Z,-05:00,-06:00,America/Chicago,OFF,OK,8,Canadiens,Montréal,de Montréal,MTL,2,16,Blackhawks,Chicago,de Chicago,CHI,0,3,REG,3,REG,8479292.0,,,,,,,,,,,,,,,,,,,,MTL
2017020216,20172018,2,2017-11-05,False,2017-11-06T02:00:00Z,-05:00,-07:00,America/Edmonton,OFF,OK,1,Devils,New Jersey,du New Jersey,NJD,4,20,Flames,Calgary,de Calgary,CGY,5,5,SO,3,SO,8469608.0,,,,,,,,,,,,,,,,,,,,CGY
2017020217,20172018,2,2017-11-06,False,2017-11-07T00:00:00Z,-05:00,-05:00,US/Eastern,OFF,OK,30,Wild,Minnesota,du Minnesota,MIN,3,6,Bruins,Boston,de Boston,BOS,5,3,REG,3,REG,8471695.0,,,,,,,,,,,,,,,,,,,,BOS
2017020218,20172018,2,2017-11-06,False,2017-11-07T00:00:00Z,-05:00,-05:00,America/Toronto,OFF,OK,54,Golden Knights,Vegas,de Vegas,VGK,3,10,Maple Leafs,Toronto,de Toronto,TOR,4,5,SO,3,SO,8475883.0,,,,,,,,,,,,,,,,,,,,TOR
2017020219,20172018,2,2017-11-06,False,2017-11-07T00:00:00Z,-05:00,-05:00,America/New_York,OFF,OK,29,Blue Jackets,Columbus,de Columbus,CBJ,3,3,Rangers,New York,de New York,NYR,5,3,REG,3,REG,8468685.0,,,,,,,,,,,,,,,,,,,,NYR
2017020220,20172018,2,2017-11-06,False,2017-11-07T00:00:00Z,-05:00,-05:00,US/Eastern,OFF,OK,53,Coyotes,Arizona,de l'Arizona,ARI,2,15,Capitals,Washington,de Washington,WSH,3,4,OT,3,OT,8474651.0,,,,,,,,,,,,,,,,,,,,WSH
2017020221,20172018,2,2017-11-06,False,2017-11-07T01:30:00Z,-05:00,-06:00,US/Central,OFF,OK,52,Jets,Winnipeg,de Winnipeg,WPG,4,25,Stars,Dallas,de Dallas,DAL,1,3,REG,3,REG,8476945.0,,,,,,,,,,,,,,,,,,,,WPG
2017020222,20172018,2,2017-11-06,False,2017-11-07T03:00:00Z,-05:00,-08:00,America/Vancouver,OFF,OK,17,Red Wings,Detroit,de Detroit,DET,3,23,Canucks,Vancouver,de Vancouver,VAN,2,3,REG,3,REG,8470657.0,,,,,,,,,,,,,,,,,,,,DET
2017020227,20172018,2,2017-11-07,False,2017-11-08T00:00:00Z,-05:00,-05:00,US/Eastern,OFF,OK,13,Panthers,Florida,de la Floride,FLA,1,12,Hurricanes,Carolina,de la Caroline,CAR,3,3,REG,3,REG,8474152.0,,,,,,,,,,,,,,,,,,,,CAR
2017020228,20172018,2,2017-11-07,False,2017-11-08T00:00:00Z,-05:00,-05:00,US/Eastern,OFF,OK,18,Predators,Nashville,de Nashville,NSH,3,29,Blue Jackets,Columbus,de Columbus,CBJ,1,3,REG,3,REG,8471469.0,,,,,,,,,,,,,,,,,,,,NSH
2017020224,20172018,2,2017-11-07,False,2017-11-08T00:00:00Z,-05:00,-05:00,US/Eastern,OFF,OK,19,Blues,St. Louis,de St. Louis,STL,3,1,Devils,New Jersey,du New Jersey,NJD,1,3,REG,3,REG,8474596.0,,,,,,,,,,,,,,,,,,,,STL
2017020226,20172018,2,2017-11-07,False,2017-11-08T00:00:00Z,-05:00,-05:00,US/Eastern,OFF,OK,53,Coyotes,Arizona,de l'Arizona,ARI,1,5,Penguins,Pittsburgh,de Pittsburgh,PIT,3,3,REG,3,REG,8476899.0,,,,,,,,,,,,,,,,,,,,PIT
2017020223,20172018,2,2017-11-07,False,2017-11-08T00:00:00Z,-05:00,-05:00,America/New_York,OFF,OK,15,Capitals,Washington,de Washington,WSH,1,7,Sabres,Buffalo,de Buffalo,BUF,3,3,REG,3,REG,8475215.0,,,,,,,,,,,,,,,,,,,,BUF
2017020225,20172018,2,2017-11-07,False,2017-11-08T00:00:00Z,-05:00,-05:00,America/New_York,OFF,OK,22,Oilers,Edmonton,d'Edmonton,EDM,2,2,Islanders,New York,de New York,NYI,1,4,OT,3,OT,8475660.0,,,,,,,,,,,,,,,,,,,,EDM
2017020229,20172018,2,2017-11-07,False,2017-11-08T00:30:00Z,-05:00,-05:00,America/Montreal,OFF,OK,54,Golden Knights,Vegas,de Vegas,VGK,2,8,Canadiens,Montréal,de Montréal,MTL,3,3,REG,3,REG,8479292.0,,,,,,,,,,,,,,,,,,,,MTL
2017020230,20172018,2,2017-11-07,False,2017-11-08T02:00:00Z,-05:00,-07:00,America/Edmonton,OFF,OK,23,Canucks,Vancouver,de Vancouver,VAN,5,20,Flames,Calgary,de Calgary,CGY,3,3,REG,3,REG,8474593.0,,Markström,,,,,,,,,,,,,,,,,,VAN
2017020231,20172018,2,2017-11-07,False,2017-11-08T03:00:00Z,-05:00,-08:00,America/Los_Angeles,OFF,OK,26,Kings,Los Angeles,de Los Angeles,LAK,4,24,Ducks,Anaheim,d'Anaheim,ANA,3,4,OT,3,OT,8471734.0,,,,,,,,,,,,,,,,,,,,LAK
2017020232,20172018,2,2017-11-08,False,2017-11-09T00:30:00Z,-05:00,-05:00,America/Toronto,OFF,OK,30,Wild,Minnesota,du Minnesota,MIN,2,10,Maple Leafs,Toronto,de Toronto,TOR,4,3,REG,3,REG,8475883.0,,,,,,,,,,,,,,,,,,,,TOR
2017020233,20172018,2,2017-11-08,False,2017-11-09T01:00:00Z,-05:00,-05:00,America/New_York,OFF,OK,6,Bruins,Boston,de Boston,BOS,2,3,Rangers,New York,de New York,NYR,4,3,REG,3,REG,8468685.0,,,,,,,,,,,,,,,,,,,,NYR
2017020234,20172018,2,2017-11-08,False,2017-11-09T03:30:00Z,-05:00,-08:00,US/Pacific,OFF,OK,14,Lightning,Tampa Bay,de Tampa Bay,TBL,5,28,Sharks,San Jose,de San Jose,SJS,1,3,REG,3,REG,8476883.0,,,,,,,,,,,,,,,,,,,,TBL
2017020236,20172018,2,2017-11-09,False,2017-11-10T00:00:00Z,-05:00,-05:00,US/Eastern,OFF,OK,16,Blackhawks,Chicago,de Chicago,CHI,1,4,Flyers,Philadelphia,de Philadelphie,PHI,3,3,REG,3,REG,8470880.0,,,,,,,,,,,,,,,,,,,,PHI
2017020235,20172018,2,2017-11-09,False,2017-11-10T00:00:00Z,-05:00,-05:00,US/Eastern,OFF,OK,22,Oilers,Edmonton,d'Edmonton,EDM,3,1,Devils,New Jersey,du New Jersey,NJD,2,4,OT,3,OT,8475660.0,,,,,,,,,,,,,,,,,,,,EDM
2017020237,20172018,2,2017-11-09,False,2017-11-10T00:30:00Z,-05:00,-05:00,America/Montreal,OFF,OK,30,Wild,Minnesota,du Minnesota,MIN,3,8,Canadiens,Montréal,de Montréal,MTL,0,3,REG,3,REG,8471227.0,,,,,,,,,,,,,,,,,,,,MIN
2017020238,20172018,2,2017-11-09,False,2017-11-10T01:00:00Z,-05:00,-06:00,US/Central,OFF,OK,53,Coyotes,Arizona,de l'Arizona,ARI,2,19,Blues,St. Louis,de St. Louis,STL,3,5,SO,3,SO,8475622.0,,,,,,,,,,,,,,,,,,,,STL
2017020239,20172018,2,2017-11-09,False,2017-11-10T02:00:00Z,-05:00,-07:00,America/Edmonton,OFF,OK,17,Red Wings,Detroit,de Detroit,DET,3,20,Flames,Calgary,de Calgary,CGY,6,3,REG,3,REG,8469608.0,,,,,,,,,,,,,,,,,,,,CGY
2017020240,20172018,2,2017-11-09,False,2017-11-10T03:00:00Z,-05:00,-08:00,America/Los_Angeles,OFF,OK,23,Canucks,Vancouver,de Vancouver,VAN,1,24,Ducks,Anaheim,d'Anaheim,ANA,4,3,REG,3,REG,8468011.0,,,,,,,,,,,,,,,,,,,,ANA
2017020241,20172018,2,2017-11-09,False,2017-11-10T03:30:00Z,-05:00,-08:00,America/Los_Angeles,OFF,OK,14,Lightning,Tampa Bay,de Tampa Bay,TBL,5,26,Kings,Los Angeles,de Los Angeles,LAK,2,3,REG,3,REG,8469514.0,,,,,,,,,,,,,,,,,,,,TBL
2017020247,20172018,2,2017-11-10,True,2017-11-10T19:00:00Z,-05:00,+01:00,Europe/Stockholm,OFF,OK,9,Senators,Ottawa,d'Ottawa,OTT,4,21,Avalanche,Colorado,du Colorado,COL,3,4,OT,3,OT,8467950.0,,,Sénateurs,,,,,,,,,,,36.0,NHL Global Series,,,Ericsson Globen,,OTT
2017020242,20172018,2,2017-11-10,False,2017-11-11T00:00:00Z,-05:00,-05:00,America/New_York,OFF,OK,13,Panthers,Florida,de la Floride,FLA,4,7,Sabres,Buffalo,de Buffalo,BUF,1,3,REG,3,REG,8466141.0,,,,,,,,,,,,,,,,,,,,FLA
2017020244,20172018,2,2017-11-10,False,2017-11-11T00:00:00Z,-05:00,-05:00,US/Eastern,OFF,OK,5,Penguins,Pittsburgh,de Pittsburgh,PIT,1,15,Capitals,Washington,de Washington,WSH,4,3,REG,3,REG,8474651.0,,,,,,,,,,,,,,,,,,,,WSH
2017020245,20172018,2,2017-11-10,False,2017-11-11T00:00:00Z,-05:00,-05:00,US/Eastern,OFF,OK,12,Hurricanes,Carolina,de la Caroline,CAR,3,29,Blue Jackets,Columbus,de Columbus,CBJ,1,3,REG,3,REG,8470320.0,,,,,,,,,,,,,,,,,,,,CAR
2017020243,20172018,2,2017-11-10,False,2017-11-11T00:00:00Z,-05:00,-05:00,America/Toronto,OFF,OK,6,Bruins,Boston,de Boston,BOS,2,10,Maple Leafs,Toronto,de Toronto,TOR,3,4,OT,3,OT,8475883.0,,,,,,,,,,,,,,,,,,,,TOR
2017020246,20172018,2,2017-11-10,False,2017-11-11T01:30:00Z,-05:00,-06:00,US/Central,OFF,OK,2,Islanders,New York,de New York,NYI,0,25,Stars,Dallas,de Dallas,DAL,5,3,REG,3,REG,8471750.0,,,,,,,,,,,,,,,,,,,,DAL
2017020248,20172018,2,2017-11-10,False,2017-11-11T03:30:00Z,-05:00,-08:00,US/Pacific,OFF,OK,52,Jets,Winnipeg,de Winnipeg,WPG,2,54,Golden Knights,Vegas,de Vegas,VGK,5,3,REG,3,REG,8476509.0,Legace,Legace,,,,,,,,,,,,,,,,,,VGK
2017020252,20172018,2,2017-11-11,True,2017-11-11T18:00:00Z,-05:00,+01:00,Europe/Stockholm,OFF,OK,21,Avalanche,Colorado,du Colorado,COL,3,9,Senators,Ottawa,d'Ottawa,OTT,4,3,REG,3,REG,8467950.0,,,,Sénateurs,,,,,,,,,,36.0,NHL Global Series,,,Ericsson Globen,,OTT
2017020249,20172018,2,2017-11-11,False,2017-11-11T18:00:00Z,-05:00,-05:00,America/New_York,OFF,OK,22,Oilers,Edmonton,d'Edmonton,EDM,2,3,Rangers,New York,de New York,NYR,4,3,REG,3,REG,8468685.0,,,,,,,,,,,,,,,,,,,,NYR
2017020250,20172018,2,2017-11-11,False,2017-11-12T00:00:00Z,-05:00,-05:00,US/Eastern,OFF,OK,10,Maple Leafs,Toronto,de Toronto,TOR,4,6,Bruins,Boston,de Boston,BOS,1,3,REG,3,REG,8470147.0,,,,,,,,,,,,,,,,,,,,TOR
2017020253,20172018,2,2017-11-11,False,2017-11-12T00:00:00Z,-05:00,-05:00,America/Detroit,OFF,OK,29,Blue Jackets,Columbus,de Columbus,CBJ,2,17,Red Wings,Detroit,de Detroit,DET,1,5,SO,3,SO,8475683.0,,,,,,,,,,,,,,,,,,,,CBJ
2017020254,20172018,2,2017-11-11,False,2017-11-12T00:00:00Z,-05:00,-05:00,US/Eastern,OFF,OK,13,Panthers,Florida,de la Floride,FLA,1,1,Devils,New Jersey,du New Jersey,NJD,2,3,REG,3,REG,8471239.0,,,,,,,,,,,,,,,,,,,,NJD
2017020256,20172018,2,2017-11-11,False,2017-11-12T00:00:00Z,-05:00,-05:00,US/Eastern,OFF,OK,16,Blackhawks,Chicago,de Chicago,CHI,4,12,Hurricanes,Carolina,de la Caroline,CAR,3,4,OT,3,OT,8476341.0,,,,,,,,,,,,,,,,,,,,CHI
2017020255,20172018,2,2017-11-11,False,2017-11-12T00:00:00Z,-05:00,-05:00,US/Eastern,OFF,OK,30,Wild,Minnesota,du Minnesota,MIN,1,4,Flyers,Philadelphia,de Philadelphie,PHI,0,3,REG,3,REG,8471227.0,,,,,,,,,,,,,,,,,,,,MIN
2017020251,20172018,2,2017-11-11,False,2017-11-12T00:00:00Z,-05:00,-05:00,America/Montreal,OFF,OK,7,Sabres,Buffalo,de Buffalo,BUF,1,8,Canadiens,Montréal,de Montréal,MTL,2,4,OT,3,OT,8479292.0,,,,,,,,,,,,,,,,,,,,MTL
2017020258,20172018,2,2017-11-11,False,2017-11-12T01:00:00Z,-05:00,-06:00,US/Central,OFF,OK,5,Penguins,Pittsburgh,de Pittsburgh,PIT,4,18,Predators,Nashville,de Nashville,NSH,5,5,SO,3,SO,8471469.0,,,,,,,,,,,,,,,,,,,,NSH
2017020257,20172018,2,2017-11-11,False,2017-11-12T01:00:00Z,-05:00,-06:00,US/Central,OFF,OK,2,Islanders,New York,de New York,NYI,5,19,Blues,St. Louis,de St. Louis,STL,2,3,REG,3,REG,8471306.0,,,,,,,,,,,,,,,,,,,,NYI
2017020260,20172018,2,2017-11-11,False,2017-11-12T03:00:00Z,-05:00,-08:00,US/Pacific,OFF,OK,23,Canucks,Vancouver,de Vancouver,VAN,0,28,Sharks,San Jose,de San Jose,SJS,5,3,REG,3,REG,8477180.0,,,,,,,,,,,,,,,,,,,,SJS
2017020259,20172018,2,2017-11-11,False,2017-11-12T03:00:00Z,-05:00,-07:00,America/Phoenix,OFF,OK,52,Jets,Winnipeg,de Winnipeg,WPG,4,53,Coyotes,Arizona,de l'Arizona,ARI,1,3,REG,3,REG,8473461.0,,,,,,,,,,,,,,,,,,,,WPG
2017020261,20172018,2,2017-11-12,False,2017-11-13T00:00:00Z,-05:00,-05:00,US/Eastern,OFF,OK,22,Oilers,Edmonton,d'Edmonton,EDM,1,15,Capitals,Washington,de Washington,WSH,2,5,SO,3,SO,8474651.0,,,,,,,,,,,,,,,,,,,,WSH
2017020262,20172018,2,2017-11-12,False,2017-11-13T00:00:00Z,-05:00,-06:00,America/Chicago,OFF,OK,1,Devils,New Jersey,du New Jersey,NJD,7,16,Blackhawks,Chicago,de Chicago,CHI,5,3,REG,3,REG,8476234.0,,,,,,,,,,,,,,,,,,,,NJD
2017020263,20172018,2,2017-11-12,False,2017-11-13T01:00:00Z,-05:00,-08:00,America/Los_Angeles,OFF,OK,14,Lightning,Tampa Bay,de Tampa Bay,TBL,2,24,Ducks,Anaheim,d'Anaheim,ANA,1,3,REG,3,REG,8476883.0,,,,,,,,,,,,,,,,,,,,TBL
2017020264,20172018,2,2017-11-12,False,2017-11-13T03:30:00Z,-05:00,-08:00,America/Los_Angeles,OFF,OK,28,Sharks,San Jose,de San Jose,SJS,2,26,Kings,Los Angeles,de Los Angeles,LAK,1,3,REG,3,REG,8474889.0,,,,,,,,,,,,,,,,,,,,SJS
2017020265,20172018,2,2017-11-13,False,2017-11-14T00:00:00Z,-05:00,-05:00,US/Eastern,OFF,OK,25,Stars,Dallas,de Dallas,DAL,1,12,Hurricanes,Carolina,de la Caroline,CAR,5,3,REG,3,REG,8474152.0,,,,,,,,,,,,,,,,,,,,CAR
2017020266,20172018,2,2017-11-13,False,2017-11-14T02:00:00Z,-05:00,-07:00,America/Edmonton,OFF,OK,19,Blues,St. Louis,de St. Louis,STL,4,20,Flames,Calgary,de Calgary,CGY,7,3,REG,3,REG,8475663.0,,,,,,,,,,,,,,,,,,,,CGY
2017020267,20172018,2,2017-11-14,False,2017-11-15T00:00:00Z,-05:00,-05:00,US/Eastern,OFF,OK,7,Sabres,Buffalo,de Buffalo,BUF,4,5,Penguins,Pittsburgh,de Pittsburgh,PIT,5,4,OT,3,OT,8476899.0,,,,,,,,,,,,,,,,,,,,PIT
2017020269,20172018,2,2017-11-14,False,2017-11-15T00:30:00Z,-05:00,-05:00,US/Eastern,OFF,OK,25,Stars,Dallas,de Dallas,DAL,3,13,Panthers,Florida,de la Floride,FLA,4,5,SO,3,SO,8466141.0,,,,,,,,,,,,,,,,,,,,FLA
2017020268,20172018,2,2017-11-14,False,2017-11-15T00:30:00Z,-05:00,-05:00,America/Montreal,OFF,OK,29,Blue Jackets,Columbus,de Columbus,CBJ,2,8,Canadiens,Montréal,de Montréal,MTL,1,4,OT,3,OT,8475683.0,,,,,,,,,,,,,,,,,,,,CBJ
2017020271,20172018,2,2017-11-14,False,2017-11-15T01:00:00Z,-05:00,-06:00,US/Central,OFF,OK,4,Flyers,Philadelphia,de Philadelphie,PHI,0,30,Wild,Minnesota,du Minnesota,MIN,3,3,REG,3,REG,8471227.0,,,,,,,,,,,,,,,,,,,,MIN
2017020270,20172018,2,2017-11-14,False,2017-11-15T01:00:00Z,-05:00,-06:00,US/Central,OFF,OK,15,Capitals,Washington,de Washington,WSH,3,18,Predators,Nashville,de Nashville,NSH,6,3,REG,3,REG,8471469.0,,,,,,,,,,,,,,,,,,,,NSH
2017020272,20172018,2,2017-11-14,False,2017-11-15T01:00:00Z,-05:00,-06:00,America/Winnipeg,OFF,OK,53,Coyotes,Arizona,de l'Arizona,ARI,1,52,Jets,Winnipeg,de Winnipeg,WPG,4,3,REG,3,REG,8476945.0,,,,,,,,,,,,,,,,,,,,WPG
2017020273,20172018,2,2017-11-14,False,2017-11-15T02:00:00Z,-05:00,-07:00,America/Edmonton,OFF,OK,54,Golden Knights,Vegas,de Vegas,VGK,2,22,Oilers,Edmonton,d'Edmonton,EDM,8,3,REG,3,REG,8475660.0,,,,,,,,,,,,,,,,,,,,EDM
2017020274,20172018,2,2017-11-14,False,2017-11-15T03:30:00Z,-05:00,-08:00,America/Los_Angeles,OFF,OK,23,Canucks,Vancouver,de Vancouver,VAN,3,26,Kings,Los Angeles,de Los Angeles,LAK,2,3,REG,3,REG,8475195.0,,,,,,,,,,,,,,,,,,,,VAN
2017020275,20172018,2,2017-11-15,False,2017-11-16T00:30:00Z,-05:00,-05:00,America/Detroit,OFF,OK,20,Flames,Calgary,de Calgary,CGY,2,17,Red Wings,Detroit,de Detroit,DET,8,3,REG,3,REG,8470657.0,,,,,,,,,,,,,,,,,,,,DET
2017020276,20172018,2,2017-11-15,False,2017-11-16T01:00:00Z,-05:00,-06:00,America/Chicago,OFF,OK,3,Rangers,New York,de New York,NYR,3,16,Blackhawks,Chicago,de Chicago,CHI,6,3,REG,3,REG,8470645.0,,,,,,,,,,,,,,,,,,,,CHI
2017020277,20172018,2,2017-11-15,False,2017-11-16T03:00:00Z,-05:00,-08:00,America/Los_Angeles,OFF,OK,6,Bruins,Boston,de Boston,BOS,2,24,Ducks,Anaheim,d'Anaheim,ANA,4,3,REG,3,REG,8476434.0,,,,,,,,,,,,,,,,,,,,ANA
2017020278,20172018,2,2017-11-16,False,2017-11-17T00:00:00Z,-05:00,-05:00,America/Toronto,OFF,OK,1,Devils,New Jersey,du New Jersey,NJD,0,10,Maple Leafs,Toronto,de Toronto,TOR,1,4,OT,3,OT,8475883.0,,,,,,,,,,,,,,,,,,,,TOR
2017020279,20172018,2,2017-11-16,False,2017-11-17T00:00:00Z,-05:00,-05:00,America/New_York,OFF,OK,12,Hurricanes,Carolina,de la Caroline,CAR,4,2,Islanders,New York,de New York,NYI,6,3,REG,3,REG,8471306.0,,,,,,,,,,,,,,,,,,,,NYI
2017020281,20172018,2,2017-11-16,False,2017-11-17T00:30:00Z,-05:00,-05:00,US/Eastern,OFF,OK,5,Penguins,Pittsburgh,de Pittsburgh,PIT,3,9,Senators,Ottawa,d'Ottawa,OTT,1,3,REG,3,REG,8476899.0,,,,Sénateurs,,,,,,,,,,,,,,,,PIT
2017020282,20172018,2,2017-11-16,False,2017-11-17T00:30:00Z,-05:00,-05:00,US/Eastern,OFF,OK,25,Stars,Dallas,de Dallas,DAL,1,14,Lightning,Tampa Bay,de Tampa Bay,TBL,6,3,REG,3,REG,8476883.0,,,,,,,,,,,,,,,,,,,,TBL
2017020280,20172018,2,2017-11-16,False,2017-11-17T00:30:00Z,-05:00,-05:00,America/Montreal,OFF,OK,53,Coyotes,Arizona,de l'Arizona,ARI,5,8,Canadiens,Montréal,de Montréal,MTL,4,3,REG,3,REG,8477293.0,,,,,,,,,,,,,,,,,,,,ARI
2017020283,20172018,2,2017-11-16,False,2017-11-17T01:00:00Z,-05:00,-06:00,US/Central,OFF,OK,18,Predators,Nashville,de Nashville,NSH,4,30,Wild,Minnesota,du Minnesota,MIN,6,3,REG,3,REG,8471227.0,,,,,,,,,,,,,,,,,,,,MIN
2017020284,20172018,2,2017-11-16,False,2017-11-17T01:00:00Z,-05:00,-06:00,America/Winnipeg,OFF,OK,4,Flyers,Philadelphia,de Philadelphie,PHI,2,52,Jets,Winnipeg,de Winnipeg,WPG,3,5,SO,3,SO,8476945.0,,,,,,,,,,,,,,,,,,,,WPG
2017020286,20172018,2,2017-11-16,False,2017-11-17T02:00:00Z,-05:00,-07:00,America/Edmonton,OFF,OK,19,Blues,St. Louis,de St. Louis,STL,4,22,Oilers,Edmonton,d'Edmonton,EDM,1,3,REG,3,REG,8474596.0,,,,,,,,,,,,,,,,,,,,STL
2017020285,20172018,2,2017-11-16,False,2017-11-17T02:00:00Z,-05:00,-07:00,America/Denver,OFF,OK,15,Capitals,Washington,de Washington,WSH,2,21,Avalanche,Colorado,du Colorado,COL,6,3,REG,3,REG,8473575.0,,,,,,,,,,,,,,,,,,,,COL
2017020287,20172018,2,2017-11-16,False,2017-11-17T03:00:00Z,-05:00,-08:00,America/Vancouver,OFF,OK,54,Golden Knights,Vegas,de Vegas,VGK,5,23,Canucks,Vancouver,de Vancouver,VAN,2,3,REG,3,REG,8476509.0,Legace,Legace,,,,,,,,,,,,,,,,,,VGK
2017020289,20172018,2,2017-11-16,False,2017-11-17T03:30:00Z,-05:00,-08:00,US/Pacific,OFF,OK,13,Panthers,Florida,de la Floride,FLA,2,28,Sharks,San Jose,de San Jose,SJS,0,3,REG,3,REG,8466141.0,,,,,,,,,,,,,,,,,,,,FLA
2017020288,20172018,2,2017-11-16,False,2017-11-17T03:30:00Z,-05:00,-08:00,America/Los_Angeles,OFF,OK,6,Bruins,Boston,de Boston,BOS,2,26,Kings,Los Angeles,de Los Angeles,LAK,1,3,REG,3,REG,8471418.0,,,,,,,,,,,,,,,,,,,,BOS
2017020290,20172018,2,2017-11-17,False,2017-11-18T00:00:00Z,-05:00,-05:00,US/Eastern,OFF,OK,3,Rangers,New York,de New York,NYR,0,29,Blue Jackets,Columbus,de Columbus,CBJ,2,3,REG,3,REG,8475683.0,,,,,,,,,,,,,,,,,,,,CBJ
2017020291,20172018,2,2017-11-17,False,2017-11-18T00:30:00Z,-05:00,-05:00,America/Detroit,OFF,OK,7,Sabres,Buffalo,de Buffalo,BUF,1,17,Red Wings,Detroit,de Detroit,DET,3,3,REG,3,REG,8470657.0,,,,,,,,,,,,,,,,,,,,DET
2017020292,20172018,2,2017-11-18,False,2017-11-18T18:00:00Z,-05:00,-05:00,US/Eastern,OFF,OK,20,Flames,Calgary,de Calgary,CGY,5,4,Flyers,Philadelphia,de Philadelphie,PHI,4,4,OT,3,OT,8469608.0,,,,,,,,,,,,,,,,,,,,CGY
2017020294,20172018,2,2017-11-18,False,2017-11-18T19:00:00Z,-05:00,-06:00,US/Central,OFF,OK,22,Oilers,Edmonton,d'Edmonton,EDM,3,25,Stars,Dallas,de Dallas,DAL,6,3,REG,3,REG,8471750.0,,,,,,,,,,,,,,,,,,,,DAL
2017020293,20172018,2,2017-11-18,False,2017-11-18T19:00:00Z,-05:00,-05:00,US/Eastern,OFF,OK,53,Coyotes,Arizona,de l'Arizona,ARI,3,9,Senators,Ottawa,d'Ottawa,OTT,2,4,OT,3,OT,8477293.0,,,,Sénateurs,,,,,,,,,,,,,,,,ARI
2017020295,20172018,2,2017-11-18,False,2017-11-18T20:00:00Z,-05:00,-06:00,America/Winnipeg,OFF,OK,1,Devils,New Jersey,du New Jersey,NJD,2,52,Jets,Winnipeg,de Winnipeg,WPG,5,3,REG,3,REG,8476945.0,,,,,,,,,,,,,,,,,,,,WPG
2017020296,20172018,2,2017-11-18,False,2017-11-18T21:00:00Z,-05:00,-08:00,America/Los_Angeles,OFF,OK,13,Panthers,Florida,de la Floride,FLA,0,26,Kings,Los Angeles,de Los Angeles,LAK,4,3,REG,3,REG,8475311.0,,,,,,,,,,,,,,,,,,,,LAK
2017020297,20172018,2,2017-11-18,False,2017-11-19T00:00:00Z,-05:00,-05:00,America/New_York,OFF,OK,12,Hurricanes,Carolina,de la Caroline,CAR,3,7,Sabres,Buffalo,de Buffalo,BUF,1,3,REG,3,REG,8474152.0,,,,,,,,,,,,,,,,,,,,CAR
2017020299,20172018,2,2017-11-18,False,2017-11-19T00:00:00Z,-05:00,-05:00,US/Eastern,OFF,OK,2,Islanders,New York,de New York,NYI,5,14,Lightning,Tampa Bay,de Tampa Bay,TBL,3,3,REG,3,REG,8471306.0,,,,,,,,,,,,,,,,,,,,NYI
2017020298,20172018,2,2017-11-18,False,2017-11-19T00:00:00Z,-05:00,-05:00,America/Montreal,OFF,OK,10,Maple Leafs,Toronto,de Toronto,TOR,6,8,Canadiens,Montréal,de Montréal,MTL,0,3,REG,3,REG,8475883.0,,,,,,,,,,,,,,,,,,,,TOR
2017020300,20172018,2,2017-11-18,False,2017-11-19T00:00:00Z,-05:00,-05:00,US/Eastern,OFF,OK,16,Blackhawks,Chicago,de Chicago,CHI,2,5,Penguins,Pittsburgh,de Pittsburgh,PIT,1,3,REG,3,REG,8470645.0,,,,,,,,,,,,,,,,,,,,CHI
2017020301,20172018,2,2017-11-18,False,2017-11-19T00:30:00Z,-05:00,-05:00,US/Eastern,OFF,OK,30,Wild,Minnesota,du Minnesota,MIN,1,15,Capitals,Washington,de Washington,WSH,3,3,REG,3,REG,8474651.0,,,,,,,,,,,,,,,,,,,,WSH
2017020302,20172018,2,2017-11-18,False,2017-11-19T01:00:00Z,-05:00,-06:00,US/Central,OFF,OK,21,Avalanche,Colorado,du Colorado,COL,2,18,Predators,Nashville,de Nashville,NSH,5,3,REG,3,REG,8471469.0,,,,,,,,,,,,,,,,,,,,NSH
2017020303,20172018,2,2017-11-18,False,2017-11-19T03:00:00Z,-05:00,-08:00,America/Vancouver,OFF,OK,19,Blues,St. Louis,de St. Louis,STL,4,23,Canucks,Vancouver,de Vancouver,VAN,3,4,OT,3,OT,8474596.0,,,,,,,,,,,,,,,,,,,,STL
2017020304,20172018,2,2017-11-18,False,2017-11-19T03:30:00Z,-05:00,-08:00,US/Pacific,OFF,OK,6,Bruins,Boston,de Boston,BOS,3,28,Sharks,San Jose,de San Jose,SJS,1,3,REG,3,REG,8471418.0,,,,,,,,,,,,,,,,,,,,BOS
2017020305,20172018,2,2017-11-19,False,2017-11-19T22:00:00Z,-05:00,-05:00,US/Eastern,OFF,OK,2,Islanders,New York,de New York,NYI,2,12,Hurricanes,Carolina,de la Caroline,CAR,4,3,REG,3,REG,8470320.0,,,,,,,,,,,,,,,,,,,,CAR
2017020306,20172018,2,2017-11-19,False,2017-11-19T23:00:00Z,-05:00,-05:00,America/Detroit,OFF,OK,21,Avalanche,Colorado,du Colorado,COL,4,17,Red Wings,Detroit,de Detroit,DET,3,4,OT,3,OT,8473541.0,,,,,,,,,,,,,,,,,,,,COL
2017020307,20172018,2,2017-11-19,False,2017-11-20T00:00:00Z,-05:00,-05:00,America/New_York,OFF,OK,9,Senators,Ottawa,d'Ottawa,OTT,0,3,Rangers,New York,de New York,NYR,3,3,REG,3,REG,8468685.0,,,Sénateurs,,,,,,,,,,,,,,,,,NYR
2017020308,20172018,2,2017-11-19,False,2017-11-20T01:00:00Z,-05:00,-08:00,US/Pacific,OFF,OK,26,Kings,Los Angeles,de Los Angeles,LAK,2,54,Golden Knights,Vegas,de Vegas,VGK,4,3,REG,3,REG,8476509.0,Legace,Legace,,,,,,,,,,,,,,,,,,VGK
2017020309,20172018,2,2017-11-19,False,2017-11-20T01:00:00Z,-05:00,-08:00,America/Los_Angeles,OFF,OK,13,Panthers,Florida,de la Floride,FLA,2,24,Ducks,Anaheim,d'Anaheim,ANA,3,3,REG,3,REG,8476434.0,,,,,,,,,,,,,,,,,,,,ANA
2017020312,20172018,2,2017-11-20,False,2017-11-21T00:00:00Z,-05:00,-05:00,US/Eastern,OFF,OK,20,Flames,Calgary,de Calgary,CGY,4,15,Capitals,Washington,de Washington,WSH,1,3,REG,3,REG,8469608.0,,,,,,,,,,,,,,,,,,,,CGY
2017020310,20172018,2,2017-11-20,False,2017-11-21T00:00:00Z,-05:00,-05:00,America/New_York,OFF,OK,29,Blue Jackets,Columbus,de Columbus,CBJ,3,7,Sabres,Buffalo,de Buffalo,BUF,2,3,REG,3,REG,8475683.0,,,,,,,,,,,,,,,,,,,,CBJ
2017020311,20172018,2,2017-11-20,False,2017-11-21T00:00:00Z,-05:00,-05:00,America/Toronto,OFF,OK,53,Coyotes,Arizona,de l'Arizona,ARI,4,10,Maple Leafs,Toronto,de Toronto,TOR,1,3,REG,3,REG,8477293.0,,,,,,,,,,,,,,,,,,,,ARI
2017020314,20172018,2,2017-11-20,False,2017-11-21T01:00:00Z,-05:00,-06:00,US/Central,OFF,OK,1,Devils,New Jersey,du New Jersey,NJD,4,30,Wild,Minnesota,du Minnesota,MIN,3,4,OT,3,OT,8471239.0,,,,,,,,,,,,,,,,,,,,NJD
2017020313,20172018,2,2017-11-20,False,2017-11-21T01:00:00Z,-05:00,-06:00,US/Central,OFF,OK,52,Jets,Winnipeg,de Winnipeg,WPG,3,18,Predators,Nashville,de Nashville,NSH,5,3,REG,3,REG,8471469.0,,,,,,,,,,,,,,,,,,,,NSH
2017020315,20172018,2,2017-11-20,False,2017-11-21T03:30:00Z,-05:00,-08:00,US/Pacific,OFF,OK,24,Ducks,Anaheim,d'Anaheim,ANA,3,28,Sharks,San Jose,de San Jose,SJS,2,5,SO,3,SO,8473499.0,,,,,,,,,,,,,,,,,,,,ANA
2017020316,20172018,2,2017-11-21,False,2017-11-22T00:00:00Z,-05:00,-05:00,US/Eastern,OFF,OK,23,Canucks,Vancouver,de Vancouver,VAN,5,4,Flyers,Philadelphia,de Philadelphie,PHI,2,3,REG,3,REG,8474593.0,,Markström,,,,,,,,,,,,,,,,,,VAN
2017020317,20172018,2,2017-11-21,False,2017-11-22T01:00:00Z,-05:00,-06:00,US/Central,OFF,OK,22,Oilers,Edmonton,d'Edmonton,EDM,3,19,Blues,St. Louis,de St. Louis,STL,8,3,REG,3,REG,8474596.0,,,,,,,,,,,,,,,,,,,,STL
2017020318,20172018,2,2017-11-21,False,2017-11-22T01:30:00Z,-05:00,-06:00,US/Central,OFF,OK,8,Canadiens,Montréal,de Montréal,MTL,1,25,Stars,Dallas,de Dallas,DAL,3,3,REG,3,REG,8471750.0,,,,,,,,,,,,,,,,,,,,DAL
2017020322,20172018,2,2017-11-22,False,2017-11-23T00:00:00Z,-05:00,-05:00,US/Eastern,OFF,OK,6,Bruins,Boston,de Boston,BOS,3,1,Devils,New Jersey,du New Jersey,NJD,2,5,SO,3,SO,8471418.0,,,,,,,,,,,,,,,,,,,,BOS
2017020321,20172018,2,2017-11-22,False,2017-11-23T00:00:00Z,-05:00,-05:00,US/Eastern,OFF,OK,10,Maple Leafs,Toronto,de Toronto,TOR,1,13,Panthers,Florida,de la Floride,FLA,2,5,SO,3,SO,8466141.0,,,,,,,,,,,,,,,,,,,,FLA
2017020326,20172018,2,2017-11-22,False,2017-11-23T00:00:00Z,-05:00,-05:00,US/Eastern,OFF,OK,3,Rangers,New York,de New York,NYR,6,12,Hurricanes,Carolina,de la Caroline,CAR,1,3,REG,3,REG,8468685.0,,,,,,,,,,,,,,,,,,,,NYR
2017020320,20172018,2,2017-11-22,False,2017-11-23T00:00:00Z,-05:00,-05:00,America/Detroit,OFF,OK,22,Oilers,Edmonton,d'Edmonton,EDM,6,17,Red Wings,Detroit,de Detroit,DET,2,3,REG,3,REG,8475660.0,,,,,,,,,,,,,,,,,,,,EDM
2017020324,20172018,2,2017-11-22,False,2017-11-23T00:00:00Z,-05:00,-05:00,US/Eastern,OFF,OK,23,Canucks,Vancouver,de Vancouver,VAN,5,5,Penguins,Pittsburgh,de Pittsburgh,PIT,2,3,REG,3,REG,8475195.0,,,,,,,,,,,,,,,,,,,,VAN
2017020319,20172018,2,2017-11-22,False,2017-11-23T00:00:00Z,-05:00,-05:00,America/New_York,OFF,OK,30,Wild,Minnesota,du Minnesota,MIN,5,7,Sabres,Buffalo,de Buffalo,BUF,4,3,REG,3,REG,8471227.0,,,,,,,,,,,,,,,,,,,,MIN
2017020325,20172018,2,2017-11-22,False,2017-11-23T00:00:00Z,-05:00,-05:00,US/Eastern,OFF,OK,9,Senators,Ottawa,d'Ottawa,OTT,2,15,Capitals,Washington,de Washington,WSH,5,3,REG,3,REG,8474651.0,,,Sénateurs,,,,,,,,,,,,,,,,,WSH
2017020327,20172018,2,2017-11-22,False,2017-11-23T00:00:00Z,-05:00,-05:00,US/Eastern,OFF,OK,20,Flames,Calgary,de Calgary,CGY,0,29,Blue Jackets,Columbus,de Columbus,CBJ,1,4,OT,3,OT,8475683.0,,,,,,,,,,,,,,,,,,,,CBJ
2017020323,20172018,2,2017-11-22,False,2017-11-23T00:00:00Z,-05:00,-05:00,America/New_York,OFF,OK,4,Flyers,Philadelphia,de Philadelphie,PHI,3,2,Islanders,New York,de New York,NYI,4,4,OT,3,OT,8471306.0,,,,,,,,,,,,,,,,,,,,NYI
2017020328,20172018,2,2017-11-22,False,2017-11-23T00:30:00Z,-05:00,-05:00,US/Eastern,OFF,OK,16,Blackhawks,Chicago,de Chicago,CHI,2,14,Lightning,Tampa Bay,de Tampa Bay,TBL,3,4,OT,3,OT,8476883.0,,,,,,,,,,,,,,,,,,,,TBL
2017020329,20172018,2,2017-11-22,False,2017-11-23T01:00:00Z,-05:00,-06:00,US/Central,OFF,OK,8,Canadiens,Montréal,de Montréal,MTL,2,18,Predators,Nashville,de Nashville,NSH,3,5,SO,3,SO,8471469.0,,,,,,,,,,,,,,,,,,,,NSH
2017020331,20172018,2,2017-11-22,False,2017-11-23T02:00:00Z,-05:00,-07:00,America/Phoenix,OFF,OK,28,Sharks,San Jose,de San Jose,SJS,3,53,Coyotes,Arizona,de l'Arizona,ARI,1,3,REG,3,REG,8474889.0,,,,,,,,,,,,,,,,,,,,SJS
2017020330,20172018,2,2017-11-22,False,2017-11-23T02:00:00Z,-05:00,-07:00,America/Denver,OFF,OK,25,Stars,Dallas,de Dallas,DAL,0,21,Avalanche,Colorado,du Colorado,COL,3,3,REG,3,REG,8473541.0,,,,,,,,,,,,,,,,,,,,COL
2017020332,20172018,2,2017-11-22,False,2017-11-23T03:30:00Z,-05:00,-08:00,America/Los_Angeles,OFF,OK,54,Golden Knights,Vegas,de Vegas,VGK,4,24,Ducks,Anaheim,d'Anaheim,ANA,2,3,REG,3,REG,8476509.0,Legace,Legace,,,,,,,,,,,,,,,,,,VGK
2017020333,20172018,2,2017-11-22,False,2017-11-23T03:30:00Z,-05:00,-08:00,America/Los_Angeles,OFF,OK,52,Jets,Winnipeg,de Winnipeg,WPG,2,26,Kings,Los Angeles,de Los Angeles,LAK,1,3,REG,3,REG,8473461.0,,,,,,,,,,,,,,,,,,,,WPG
2017020334,20172018,2,2017-11-24,False,2017-11-24T18:00:00Z,-05:00,-05:00,US/Eastern,OFF,OK,5,Penguins,Pittsburgh,de Pittsburgh,PIT,3,6,Bruins,Boston,de Boston,BOS,4,3,REG,3,REG,8471418.0,,,,,,,,,,,,,,,,,,,,BOS
2017020337,20172018,2,2017-11-24,False,2017-11-24T21:00:00Z,-05:00,-08:00,America/Los_Angeles,OFF,OK,52,Jets,Winnipeg,de Winnipeg,WPG,4,24,Ducks,Anaheim,d'Anaheim,ANA,1,3,REG,3,REG,8476945.0,,,,,,,,,,,,,,,,,,,,WPG
2017020335,20172018,2,2017-11-24,False,2017-11-24T21:00:00Z,-05:00,-05:00,US/Eastern,OFF,OK,2,Islanders,New York,de New York,NYI,5,4,Flyers,Philadelphia,de Philadelphie,PHI,4,4,OT,3,OT,8471306.0,,,,,,,,,,,,,,,,,,,,NYI
2017020336,20172018,2,2017-11-24,False,2017-11-24T21:00:00Z,-05:00,-06:00,US/Central,OFF,OK,21,Avalanche,Colorado,du Colorado,COL,2,30,Wild,Minnesota,du Minnesota,MIN,3,5,SO,3,SO,8471774.0,,,,,,,,,,,,,,,,,,,,MIN
2017020338,20172018,2,2017-11-24,False,2017-11-24T22:00:00Z,-05:00,-05:00,US/Eastern,OFF,OK,14,Lightning,Tampa Bay,de Tampa Bay,TBL,1,15,Capitals,Washington,de Washington,WSH,3,3,REG,3,REG,8475831.0,,,,,,,,,,,,,,,,,,,,WSH
2017020347,20172018,2,2017-11-24,False,2017-11-24T23:00:00Z,-05:00,-08:00,US/Pacific,OFF,OK,28,Sharks,San Jose,de San Jose,SJS,4,54,Golden Knights,Vegas,de Vegas,VGK,5,4,OT,3,OT,8476876.0,,,,,,,,,,,,,,,,,,,,VGK
2017020339,20172018,2,2017-11-24,False,2017-11-25T00:00:00Z,-05:00,-05:00,America/New_York,OFF,OK,22,Oilers,Edmonton,d'Edmonton,EDM,1,7,Sabres,Buffalo,de Buffalo,BUF,3,3,REG,3,REG,8475215.0,,,,,,,,,,,,,,,,,,,,BUF
2017020340,20172018,2,2017-11-24,False,2017-11-25T00:00:00Z,-05:00,-05:00,US/Eastern,OFF,OK,23,Canucks,Vancouver,de Vancouver,VAN,2,1,Devils,New Jersey,du New Jersey,NJD,3,3,REG,3,REG,8471239.0,,,,,,,,,,,,,,,,,,,,NJD
2017020342,20172018,2,2017-11-24,False,2017-11-25T00:00:00Z,-05:00,-05:00,US/Eastern,OFF,OK,9,Senators,Ottawa,d'Ottawa,OTT,2,29,Blue Jackets,Columbus,de Columbus,CBJ,5,3,REG,3,REG,8475683.0,,,Sénateurs,,,,,,,,,,,,,,,,,CBJ
2017020341,20172018,2,2017-11-24,False,2017-11-25T00:00:00Z,-05:00,-05:00,America/New_York,OFF,OK,17,Red Wings,Detroit,de Detroit,DET,1,3,Rangers,New York,de New York,NYR,2,4,OT,3,OT,8468685.0,,,,,,,,,,,,,,,,,,,,NYR
2017020343,20172018,2,2017-11-24,False,2017-11-25T00:30:00Z,-05:00,-05:00,US/Eastern,OFF,OK,10,Maple Leafs,Toronto,de Toronto,TOR,5,12,Hurricanes,Carolina,de la Caroline,CAR,4,3,REG,3,REG,8475883.0,,,,,,,,,,,,,,,,,,,,TOR
2017020344,20172018,2,2017-11-24,False,2017-11-25T01:00:00Z,-05:00,-06:00,US/Central,OFF,OK,18,Predators,Nashville,de Nashville,NSH,2,19,Blues,St. Louis,de St. Louis,STL,0,3,REG,3,REG,8471469.0,,,,,,,,,,,,,,,,,,,,NSH
2017020345,20172018,2,2017-11-24,False,2017-11-25T02:00:00Z,-05:00,-06:00,US/Central,OFF,OK,20,Flames,Calgary,de Calgary,CGY,4,25,Stars,Dallas,de Dallas,DAL,6,3,REG,3,REG,8471750.0,,,,,,,,,,,,,,,,,,,,DAL
2017020346,20172018,2,2017-11-24,False,2017-11-25T02:00:00Z,-05:00,-07:00,America/Phoenix,OFF,OK,26,Kings,Los Angeles,de Los Angeles,LAK,2,53,Coyotes,Arizona,de l'Arizona,ARI,3,4,OT,3,OT,8475809.0,,,,,,,,,,,,,,,,,,,,ARI
2017020350,20172018,2,2017-11-25,False,2017-11-26T00:00:00Z,-05:00,-05:00,US/Eastern,OFF,OK,2,Islanders,New York,de New York,NYI,2,9,Senators,Ottawa,d'Ottawa,OTT,1,3,REG,3,REG,8470860.0,,,,Sénateurs,,,,,,,,,,,,,,,,NYI
2017020353,20172018,2,2017-11-25,False,2017-11-26T00:00:00Z,-05:00,-05:00,US/Eastern,OFF,OK,14,Lightning,Tampa Bay,de Tampa Bay,TBL,2,5,Penguins,Pittsburgh,de Pittsburgh,PIT,5,3,REG,3,REG,8477465.0,,,,,,,,,,,,,,,,,,,,PIT
2017020352,20172018,2,2017-11-25,False,2017-11-26T00:00:00Z,-05:00,-05:00,US/Eastern,OFF,OK,16,Blackhawks,Chicago,de Chicago,CHI,4,13,Panthers,Florida,de la Floride,FLA,1,3,REG,3,REG,8470645.0,,,,,,,,,,,,,,,,,,,,CHI
2017020348,20172018,2,2017-11-25,False,2017-11-26T00:00:00Z,-05:00,-05:00,America/Toronto,OFF,OK,15,Capitals,Washington,de Washington,WSH,4,10,Maple Leafs,Toronto,de Toronto,TOR,2,3,REG,3,REG,8474651.0,,,,,,,,,,,,,,,,,,,,WSH
2017020351,20172018,2,2017-11-25,False,2017-11-26T00:00:00Z,-05:00,-05:00,America/Detroit,OFF,OK,1,Devils,New Jersey,du New Jersey,NJD,4,17,Red Wings,Detroit,de Detroit,DET,3,4,OT,3,OT,8476234.0,,,,,,,,,,,,,,,,,,,,NJD
2017020349,20172018,2,2017-11-25,False,2017-11-26T00:00:00Z,-05:00,-05:00,America/Montreal,OFF,OK,7,Sabres,Buffalo,de Buffalo,BUF,0,8,Canadiens,Montréal,de Montréal,MTL,3,3,REG,3,REG,8471679.0,,,,,,,,,,,,,,,,,,,,MTL
2017020354,20172018,2,2017-11-25,False,2017-11-26T01:00:00Z,-05:00,-06:00,US/Central,OFF,OK,30,Wild,Minnesota,du Minnesota,MIN,3,19,Blues,St. Louis,de St. Louis,STL,6,3,REG,3,REG,8474596.0,,,,,,,,,,,,,,,,,,,,STL
2017020355,20172018,2,2017-11-25,False,2017-11-26T01:00:00Z,-05:00,-07:00,America/Phoenix,OFF,OK,54,Golden Knights,Vegas,de Vegas,VGK,4,53,Coyotes,Arizona,de l'Arizona,ARI,2,3,REG,3,REG,8476876.0,,,,,,,,,,,,,,,,,,,,VGK
2017020356,20172018,2,2017-11-25,False,2017-11-26T03:00:00Z,-05:00,-07:00,America/Denver,OFF,OK,20,Flames,Calgary,de Calgary,CGY,3,21,Avalanche,Colorado,du Colorado,COL,2,3,REG,3,REG,8479496.0,,,,,,,,,,,,,,,,,,,,CGY
2017020357,20172018,2,2017-11-25,False,2017-11-26T03:00:00Z,-05:00,-08:00,US/Pacific,OFF,OK,52,Jets,Winnipeg,de Winnipeg,WPG,0,28,Sharks,San Jose,de San Jose,SJS,4,3,REG,3,REG,8474889.0,,,,,,,,,,,,,,,,,,,,SJS
2017020358,20172018,2,2017-11-25,False,2017-11-26T03:30:00Z,-05:00,-08:00,America/Los_Angeles,OFF,OK,24,Ducks,Anaheim,d'Anaheim,ANA,1,26,Kings,Los Angeles,de Los Angeles,LAK,2,5,SO,3,SO,8471734.0,,,,,,,,,,,,,,,,,,,,LAK
2017020359,20172018,2,2017-11-26,False,2017-11-26T18:00:00Z,-05:00,-05:00,US/Eastern,OFF,OK,18,Predators,Nashville,de Nashville,NSH,3,12,Hurricanes,Carolina,de la Caroline,CAR,4,5,SO,3,SO,8474152.0,,,,,,,,,,,,,,,,,,,,CAR
2017020360,20172018,2,2017-11-26,False,2017-11-26T19:00:00Z,-05:00,-05:00,America/New_York,OFF,OK,23,Canucks,Vancouver,de Vancouver,VAN,3,3,Rangers,New York,de New York,NYR,4,5,SO,3,SO,8468685.0,,,,,,,,,,,,,,,,,,,,NYR
2017020361,20172018,2,2017-11-26,False,2017-11-26T22:00:00Z,-05:00,-05:00,US/Eastern,OFF,OK,22,Oilers,Edmonton,d'Edmonton,EDM,4,6,Bruins,Boston,de Boston,BOS,2,3,REG,3,REG,8475660.0,,,,,,,,,,,,,,,,,,,,EDM
2017020363,20172018,2,2017-11-27,False,2017-11-28T00:00:00Z,-05:00,-05:00,US/Eastern,OFF,OK,4,Flyers,Philadelphia,de Philadelphie,PHI,4,5,Penguins,Pittsburgh,de Pittsburgh,PIT,5,4,OT,3,OT,8477465.0,,,,,,,,,,,,,,,,,,,,PIT
2017020362,20172018,2,2017-11-27,False,2017-11-28T00:00:00Z,-05:00,-05:00,US/Eastern,OFF,OK,13,Panthers,Florida,de la Floride,FLA,3,1,Devils,New Jersey,du New Jersey,NJD,2,3,REG,3,REG,8466141.0,,,,,,,,,,,,,,,,,,,,FLA
2017020364,20172018,2,2017-11-27,False,2017-11-28T00:30:00Z,-05:00,-05:00,America/Montreal,OFF,OK,29,Blue Jackets,Columbus,de Columbus,CBJ,1,8,Canadiens,Montréal,de Montréal,MTL,3,3,REG,3,REG,8471679.0,,,,,,,,,,,,,,,,,,,,MTL
2017020365,20172018,2,2017-11-27,False,2017-11-28T01:00:00Z,-05:00,-06:00,America/Winnipeg,OFF,OK,30,Wild,Minnesota,du Minnesota,MIN,2,52,Jets,Winnipeg,de Winnipeg,WPG,7,3,REG,3,REG,8476945.0,,,,,,,,,,,,,,,,,,,,WPG
2017020366,20172018,2,2017-11-27,False,2017-11-28T01:30:00Z,-05:00,-06:00,America/Chicago,OFF,OK,24,Ducks,Anaheim,d'Anaheim,ANA,3,16,Blackhawks,Chicago,de Chicago,CHI,7,3,REG,3,REG,8470645.0,,,,,,,,,,,,,,,,,,,,CHI
2017020369,20172018,2,2017-11-28,False,2017-11-29T00:00:00Z,-05:00,-05:00,America/New_York,OFF,OK,13,Panthers,Florida,de la Floride,FLA,5,3,Rangers,New York,de New York,NYR,4,3,REG,3,REG,8473503.0,,,,,,,,,,,,,,,,,,,,FLA
2017020367,20172018,2,2017-11-28,False,2017-11-29T00:00:00Z,-05:00,-05:00,America/New_York,OFF,OK,14,Lightning,Tampa Bay,de Tampa Bay,TBL,2,7,Sabres,Buffalo,de Buffalo,BUF,0,3,REG,3,REG,8476883.0,,,,,,,,,,,,,,,,,,,,TBL
2017020371,20172018,2,2017-11-28,False,2017-11-29T00:00:00Z,-05:00,-05:00,US/Eastern,OFF,OK,12,Hurricanes,Carolina,de la Caroline,CAR,2,29,Blue Jackets,Columbus,de Columbus,CBJ,3,5,SO,3,SO,8476914.0,,,,,,,,,,,,,,,,,,,,CBJ
2017020368,20172018,2,2017-11-28,False,2017-11-29T00:00:00Z,-05:00,-05:00,America/New_York,OFF,OK,23,Canucks,Vancouver,de Vancouver,VAN,2,2,Islanders,New York,de New York,NYI,5,3,REG,3,REG,8470860.0,,,,,,,,,,,,,,,,,,,,NYI
2017020370,20172018,2,2017-11-28,False,2017-11-29T00:00:00Z,-05:00,-05:00,US/Eastern,OFF,OK,28,Sharks,San Jose,de San Jose,SJS,3,4,Flyers,Philadelphia,de Philadelphie,PHI,1,3,REG,3,REG,8477180.0,,,,,,,,,,,,,,,,,,,,SJS
2017020372,20172018,2,2017-11-28,False,2017-11-29T00:30:00Z,-05:00,-05:00,America/Detroit,OFF,OK,26,Kings,Los Angeles,de Los Angeles,LAK,4,17,Red Wings,Detroit,de Detroit,DET,1,3,REG,3,REG,8471734.0,,,,,,,,,,,,,,,,,,,,LAK
2017020373,20172018,2,2017-11-28,False,2017-11-29T01:00:00Z,-05:00,-06:00,US/Central,OFF,OK,16,Blackhawks,Chicago,de Chicago,CHI,2,18,Predators,Nashville,de Nashville,NSH,3,3,REG,3,REG,8471469.0,,,,,,,,,,,,,,,,,,,,NSH
2017020374,20172018,2,2017-11-28,False,2017-11-29T02:00:00Z,-05:00,-07:00,America/Edmonton,OFF,OK,10,Maple Leafs,Toronto,de Toronto,TOR,4,20,Flames,Calgary,de Calgary,CGY,1,3,REG,3,REG,8475883.0,,,,,,,,,,,,,,,,,,,,TOR
2017020375,20172018,2,2017-11-28,False,2017-11-29T02:00:00Z,-05:00,-07:00,America/Edmonton,OFF,OK,53,Coyotes,Arizona,de l'Arizona,ARI,2,22,Oilers,Edmonton,d'Edmonton,EDM,3,4,OT,3,OT,8475660.0,,,,,,,,,,,,,,,,,,,,EDM
2017020376,20172018,2,2017-11-28,False,2017-11-29T03:00:00Z,-05:00,-08:00,US/Pacific,OFF,OK,25,Stars,Dallas,de Dallas,DAL,3,54,Golden Knights,Vegas,de Vegas,VGK,0,3,REG,3,REG,8471750.0,,,,,,,,,,,,,,,,,,,,DAL
2017020378,20172018,2,2017-11-29,False,2017-11-30T00:30:00Z,-05:00,-05:00,America/Montreal,OFF,OK,9,Senators,Ottawa,d'Ottawa,OTT,1,8,Canadiens,Montréal,de Montréal,MTL,2,3,REG,3,REG,8471679.0,,,Sénateurs,,,,,,,,,,,,,,,,,MTL
2017020377,20172018,2,2017-11-29,False,2017-11-30T00:30:00Z,-05:00,-05:00,US/Eastern,OFF,OK,14,Lightning,Tampa Bay,de Tampa Bay,TBL,2,6,Bruins,Boston,de Boston,BOS,3,3,REG,3,REG,8471695.0,,,,,,,,,,,,,,,,,,,,BOS
2017020379,20172018,2,2017-11-29,False,2017-11-30T02:00:00Z,-05:00,-06:00,US/Central,OFF,OK,24,Ducks,Anaheim,d'Anaheim,ANA,3,19,Blues,St. Louis,de St. Louis,STL,2,3,REG,3,REG,8476434.0,,,,,,,,,,,,,,,,,,,,ANA
2017020380,20172018,2,2017-11-29,False,2017-11-30T02:30:00Z,-05:00,-07:00,America/Denver,OFF,OK,52,Jets,Winnipeg,de Winnipeg,WPG,2,21,Avalanche,Colorado,du Colorado,COL,3,4,OT,3,OT,8473575.0,,,,,,,,,,,,,,,,,,,,COL
2017020381,20172018,2,2017-11-30,False,2017-12-01T00:00:00Z,-05:00,-05:00,US/Eastern,OFF,OK,26,Kings,Los Angeles,de Los Angeles,LAK,5,15,Capitals,Washington,de Washington,WSH,2,3,REG,3,REG,8471734.0,,,,,,,,,,,,,,,,,,,,LAK
2017020382,20172018,2,2017-11-30,False,2017-12-01T00:30:00Z,-05:00,-05:00,America/Detroit,OFF,OK,8,Canadiens,Montréal,de Montréal,MTL,6,17,Red Wings,Detroit,de Detroit,DET,3,3,REG,3,REG,8471679.0,,,,,,,,,,,,,,,,,,,,MTL
2017020383,20172018,2,2017-11-30,False,2017-12-01T01:00:00Z,-05:00,-06:00,US/Central,OFF,OK,23,Canucks,Vancouver,de Vancouver,VAN,5,18,Predators,Nashville,de Nashville,NSH,3,3,REG,3,REG,8475195.0,,,,,,,,,,,,,,,,,,,,VAN
2017020384,20172018,2,2017-11-30,False,2017-12-01T01:00:00Z,-05:00,-06:00,US/Central,OFF,OK,54,Golden Knights,Vegas,de Vegas,VGK,2,30,Wild,Minnesota,du Minnesota,MIN,4,3,REG,3,REG,8471227.0,,,,,,,,,,,,,,,,,,,,MIN
2017020385,20172018,2,2017-11-30,False,2017-12-01T01:30:00Z,-05:00,-06:00,America/Chicago,OFF,OK,25,Stars,Dallas,de Dallas,DAL,4,16,Blackhawks,Chicago,de Chicago,CHI,3,4,OT,3,OT,8471750.0,,,,,,,,,,,,,,,,,,,,DAL
2017020387,20172018,2,2017-11-30,False,2017-12-01T02:00:00Z,-05:00,-07:00,America/Edmonton,OFF,OK,10,Maple Leafs,Toronto,de Toronto,TOR,6,22,Oilers,Edmonton,d'Edmonton,EDM,4,3,REG,3,REG,8475883.0,,,,,,,,,,,,,,,,,,,,TOR
2017020386,20172018,2,2017-11-30,False,2017-12-01T02:00:00Z,-05:00,-07:00,America/Edmonton,OFF,OK,53,Coyotes,Arizona,de l'Arizona,ARI,0,20,Flames,Calgary,de Calgary,CGY,3,3,REG,3,REG,8469608.0,,,,,,,,,,,,,,,,,,,,CGY
2017020388,20172018,2,2017-12-01,False,2017-12-02T00:00:00Z,-05:00,-05:00,America/New_York,OFF,OK,5,Penguins,Pittsburgh,de Pittsburgh,PIT,4,7,Sabres,Buffalo,de Buffalo,BUF,0,3,REG,3,REG,8477465.0,,,,,,,,,,,,,,,,,,,,PIT
2017020389,20172018,2,2017-12-01,False,2017-12-02T00:00:00Z,-05:00,-05:00,America/New_York,OFF,OK,9,Senators,Ottawa,d'Ottawa,OTT,6,2,Islanders,New York,de New York,NYI,5,3,REG,3,REG,8477237.0,,,Sénateurs,,,,,,,,,,,,,,,,,OTT
2017020390,20172018,2,2017-12-01,False,2017-12-02T00:00:00Z,-05:00,-05:00,America/New_York,OFF,OK,12,Hurricanes,Carolina,de la Caroline,CAR,1,3,Rangers,New York,de New York,NYR,5,3,REG,3,REG,8468685.0,,,,,,,,,,,,,,,,,,,,NYR
2017020391,20172018,2,2017-12-01,False,2017-12-02T00:00:00Z,-05:00,-05:00,US/Eastern,OFF,OK,24,Ducks,Anaheim,d'Anaheim,ANA,2,29,Blue Jackets,Columbus,de Columbus,CBJ,4,3,REG,3,REG,8476914.0,,,,,,,,,,,,,,,,,,,,CBJ
2017020392,20172018,2,2017-12-01,False,2017-12-02T00:30:00Z,-05:00,-05:00,US/Eastern,OFF,OK,28,Sharks,San Jose,de San Jose,SJS,2,13,Panthers,Florida,de la Floride,FLA,1,3,REG,3,REG,8477180.0,,,,,,,,,,,,,,,,,,,,SJS
2017020394,20172018,2,2017-12-01,False,2017-12-02T01:00:00Z,-05:00,-06:00,America/Winnipeg,OFF,OK,54,Golden Knights,Vegas,de Vegas,VGK,4,52,Jets,Winnipeg,de Winnipeg,WPG,7,3,REG,3,REG,8476945.0,,,,,,,,,,,,,,,,,,,,WPG
2017020393,20172018,2,2017-12-01,False,2017-12-02T01:00:00Z,-05:00,-06:00,US/Central,OFF,OK,26,Kings,Los Angeles,de Los Angeles,LAK,4,19,Blues,St. Louis,de St. Louis,STL,1,3,REG,3,REG,8475311.0,,,,,,,,,,,,,,,,,,,,LAK
2017020395,20172018,2,2017-12-01,False,2017-12-02T02:00:00Z,-05:00,-07:00,America/Denver,OFF,OK,1,Devils,New Jersey,du New Jersey,NJD,2,21,Avalanche,Colorado,du Colorado,COL,1,3,REG,3,REG,8471239.0,,,,,,,,,,,,,,,,,,,,NJD
2017020396,20172018,2,2017-12-02,False,2017-12-02T18:00:00Z,-05:00,-05:00,US/Eastern,OFF,OK,6,Bruins,Boston,de Boston,BOS,3,4,Flyers,Philadelphia,de Philadelphie,PHI,0,3,REG,3,REG,8471695.0,,,,,,,,,,,,,,,,,,,,BOS
2017020397,20172018,2,2017-12-02,False,2017-12-02T23:00:00Z,-05:00,-06:00,US/Central,OFF,OK,19,Blues,St. Louis,de St. Louis,STL,1,30,Wild,Minnesota,du Minnesota,MIN,2,4,OT,3,OT,8471227.0,,,,,,,,,,,,,,,,,,,,MIN
2017020401,20172018,2,2017-12-02,False,2017-12-03T00:00:00Z,-05:00,-05:00,US/Eastern,OFF,OK,29,Blue Jackets,Columbus,de Columbus,CBJ,3,15,Capitals,Washington,de Washington,WSH,4,3,REG,3,REG,8474651.0,,,,,,,,,,,,,,,,,,,,WSH
2017020400,20172018,2,2017-12-02,False,2017-12-03T00:00:00Z,-05:00,-05:00,US/Eastern,OFF,OK,7,Sabres,Buffalo,de Buffalo,BUF,1,5,Penguins,Pittsburgh,de Pittsburgh,PIT,5,3,REG,3,REG,8477465.0,,,,,,,,,,,,,,,,,,,,PIT
2017020399,20172018,2,2017-12-02,False,2017-12-03T00:00:00Z,-05:00,-05:00,US/Eastern,OFF,OK,28,Sharks,San Jose,de San Jose,SJS,2,14,Lightning,Tampa Bay,de Tampa Bay,TBL,5,3,REG,3,REG,8476883.0,,,,,,,,,,,,,,,,,,,,TBL
2017020398,20172018,2,2017-12-02,False,2017-12-03T00:00:00Z,-05:00,-05:00,America/Montreal,OFF,OK,17,Red Wings,Detroit,de Detroit,DET,1,8,Canadiens,Montréal,de Montréal,MTL,10,3,REG,3,REG,8471679.0,,,,,,,,,,,,,,,,,,,,MTL
2017020403,20172018,2,2017-12-02,False,2017-12-03T00:00:00Z,-05:00,-05:00,US/Eastern,OFF,OK,13,Panthers,Florida,de la Floride,FLA,2,12,Hurricanes,Carolina,de la Caroline,CAR,3,4,OT,3,OT,8470320.0,,,,,,,,,,,,,,,,,,,,CAR
2017020402,20172018,2,2017-12-02,False,2017-12-03T00:00:00Z,-05:00,-08:00,America/Vancouver,OFF,OK,10,Maple Leafs,Toronto,de Toronto,TOR,1,23,Canucks,Vancouver,de Vancouver,VAN,2,3,REG,3,REG,8474593.0,,Markström,,,,,,,,,,,,,,,,,,VAN
2017020404,20172018,2,2017-12-02,False,2017-12-03T01:00:00Z,-05:00,-06:00,US/Central,OFF,OK,24,Ducks,Anaheim,d'Anaheim,ANA,2,18,Predators,Nashville,de Nashville,NSH,3,5,SO,3,SO,8471469.0,,,,,,,,,,,,,,,,,,,,NSH
2017020405,20172018,2,2017-12-02,False,2017-12-03T01:00:00Z,-05:00,-07:00,America/Phoenix,OFF,OK,1,Devils,New Jersey,du New Jersey,NJD,0,53,Coyotes,Arizona,de l'Arizona,ARI,5,3,REG,3,REG,8475809.0,,,,,,,,,,,,,,,,,,,,ARI
2017020406,20172018,2,2017-12-02,False,2017-12-03T02:00:00Z,-05:00,-06:00,US/Central,OFF,OK,16,Blackhawks,Chicago,de Chicago,CHI,2,25,Stars,Dallas,de Dallas,DAL,3,5,SO,3,SO,8471750.0,,,,,,,,,,,,,,,,,,,,DAL
2017020407,20172018,2,2017-12-02,False,2017-12-03T03:00:00Z,-05:00,-07:00,America/Edmonton,OFF,OK,22,Oilers,Edmonton,d'Edmonton,EDM,7,20,Flames,Calgary,de Calgary,CGY,5,3,REG,3,REG,8476316.0,,,,,,,,,,,,,,,,,,,,EDM
2017020408,20172018,2,2017-12-03,False,2017-12-04T00:00:00Z,-05:00,-06:00,America/Chicago,OFF,OK,26,Kings,Los Angeles,de Los Angeles,LAK,3,16,Blackhawks,Chicago,de Chicago,CHI,1,3,REG,3,REG,8471734.0,,,,,,,,,,,,,,,,,,,,LAK
2017020409,20172018,2,2017-12-03,False,2017-12-04T00:00:00Z,-05:00,-06:00,America/Winnipeg,OFF,OK,9,Senators,Ottawa,d'Ottawa,OTT,0,52,Jets,Winnipeg,de Winnipeg,WPG,5,3,REG,3,REG,8476945.0,,,Sénateurs,,,,,,,,,,,,,,,,,WPG
2017020410,20172018,2,2017-12-03,False,2017-12-04T01:00:00Z,-05:00,-07:00,America/Denver,OFF,OK,25,Stars,Dallas,de Dallas,DAL,7,21,Avalanche,Colorado,du Colorado,COL,2,3,REG,3,REG,8470140.0,,,,,,,,,,,,,,,,,,,,DAL
2017020411,20172018,2,2017-12-03,False,2017-12-04T01:00:00Z,-05:00,-08:00,US/Pacific,OFF,OK,53,Coyotes,Arizona,de l'Arizona,ARI,2,54,Golden Knights,Vegas,de Vegas,VGK,3,4,OT,3,OT,8476876.0,,,,,,,,,,,,,,,,,,,,VGK
2017020412,20172018,2,2017-12-04,False,2017-12-05T00:00:00Z,-05:00,-05:00,US/Eastern,OFF,OK,28,Sharks,San Jose,de San Jose,SJS,1,15,Capitals,Washington,de Washington,WSH,4,3,REG,3,REG,8475831.0,,,,,,,,,,,,,,,,,,,,WSH
2017020413,20172018,2,2017-12-04,False,2017-12-05T00:30:00Z,-05:00,-05:00,US/Eastern,OFF,OK,2,Islanders,New York,de New York,NYI,5,13,Panthers,Florida,de la Floride,FLA,4,5,SO,3,SO,8470860.0,,,,,,,,,,,,,,,,,,,,NYI
2017020414,20172018,2,2017-12-04,False,2017-12-05T01:00:00Z,-05:00,-06:00,US/Central,OFF,OK,6,Bruins,Boston,de Boston,BOS,3,18,Predators,Nashville,de Nashville,NSH,5,3,REG,3,REG,8471469.0,,,,,,,,,,,,,,,,,,,,NSH
2017020415,20172018,2,2017-12-04,False,2017-12-05T02:00:00Z,-05:00,-07:00,America/Edmonton,OFF,OK,4,Flyers,Philadelphia,de Philadelphie,PHI,5,20,Flames,Calgary,de Calgary,CGY,2,3,REG,3,REG,8470880.0,,,,,,,,,,,,,,,,,,,,PHI
2017020417,20172018,2,2017-12-05,False,2017-12-06T00:00:00Z,-05:00,-05:00,US/Eastern,OFF,OK,1,Devils,New Jersey,du New Jersey,NJD,4,29,Blue Jackets,Columbus,de Columbus,CBJ,1,3,REG,3,REG,8471239.0,,,,,,,,,,,,,,,,,,,,NJD
2017020420,20172018,2,2017-12-05,False,2017-12-06T00:30:00Z,-05:00,-05:00,US/Eastern,OFF,OK,2,Islanders,New York,de New York,NYI,2,14,Lightning,Tampa Bay,de Tampa Bay,TBL,6,3,REG,3,REG,8476883.0,,,,,,,,,,,,,,,,,,,,TBL
2017020419,20172018,2,2017-12-05,False,2017-12-06T00:30:00Z,-05:00,-05:00,America/Detroit,OFF,OK,52,Jets,Winnipeg,de Winnipeg,WPG,1,17,Red Wings,Detroit,de Detroit,DET,5,3,REG,3,REG,8470657.0,,,,,,,,,,,,,,,,,,,,DET
2017020416,20172018,2,2017-12-05,False,2017-12-06T00:30:00Z,-05:00,-05:00,US/Eastern,OFF,OK,3,Rangers,New York,de New York,NYR,4,5,Penguins,Pittsburgh,de Pittsburgh,PIT,3,3,REG,3,REG,8471715.0,,,,,,,,,,,,,,,,,,,,NYR
2017020418,20172018,2,2017-12-05,False,2017-12-06T00:30:00Z,-05:00,-05:00,America/Montreal,OFF,OK,19,Blues,St. Louis,de St. Louis,STL,4,8,Canadiens,Montréal,de Montréal,MTL,3,3,REG,3,REG,8474596.0,,,,,,,,,,,,,,,,,,,,STL
2017020421,20172018,2,2017-12-05,False,2017-12-06T01:30:00Z,-05:00,-06:00,US/Central,OFF,OK,18,Predators,Nashville,de Nashville,NSH,5,25,Stars,Dallas,de Dallas,DAL,2,3,REG,3,REG,8477424.0,,,,,,,,,,,,,,,,,,,,NSH
2017020422,20172018,2,2017-12-05,False,2017-12-06T02:00:00Z,-05:00,-07:00,America/Denver,OFF,OK,7,Sabres,Buffalo,de Buffalo,BUF,4,21,Avalanche,Colorado,du Colorado,COL,2,3,REG,3,REG,8475215.0,,,,,,,,,,,,,,,,,,,,BUF
2017020425,20172018,2,2017-12-05,False,2017-12-06T03:00:00Z,-05:00,-08:00,America/Los_Angeles,OFF,OK,30,Wild,Minnesota,du Minnesota,MIN,2,26,Kings,Los Angeles,de Los Angeles,LAK,5,3,REG,3,REG,8471734.0,,,,,,,,,,,,,,,,,,,,LAK
2017020423,20172018,2,2017-12-05,False,2017-12-06T03:00:00Z,-05:00,-08:00,America/Vancouver,OFF,OK,12,Hurricanes,Carolina,de la Caroline,CAR,0,23,Canucks,Vancouver,de Vancouver,VAN,3,3,REG,3,REG,8474593.0,,Markström,,,,,,,,,,,,,,,,,,VAN
2017020424,20172018,2,2017-12-05,False,2017-12-06T03:00:00Z,-05:00,-08:00,US/Pacific,OFF,OK,24,Ducks,Anaheim,d'Anaheim,ANA,3,54,Golden Knights,Vegas,de Vegas,VGK,4,5,SO,3,SO,8476876.0,,,,,,,,,,,,,,,,,,,,VGK
2017020426,20172018,2,2017-12-06,False,2017-12-07T00:30:00Z,-05:00,-05:00,America/Toronto,OFF,OK,20,Flames,Calgary,de Calgary,CGY,1,10,Maple Leafs,Toronto,de Toronto,TOR,2,5,SO,3,SO,8475883.0,,,,,,,,,,,,,,,,,,,,TOR
2017020427,20172018,2,2017-12-06,False,2017-12-07T01:00:00Z,-05:00,-05:00,US/Eastern,OFF,OK,16,Blackhawks,Chicago,de Chicago,CHI,2,15,Capitals,Washington,de Washington,WSH,6,3,REG,3,REG,8474651.0,,,,,,,,,,,,,,,,,,,,WSH
2017020428,20172018,2,2017-12-06,False,2017-12-07T02:30:00Z,-05:00,-07:00,America/Edmonton,OFF,OK,4,Flyers,Philadelphia,de Philadelphie,PHI,4,22,Oilers,Edmonton,d'Edmonton,EDM,2,3,REG,3,REG,8470880.0,,,,,,,,,,,,,,,,,,,,PHI
2017020429,20172018,2,2017-12-06,False,2017-12-07T03:00:00Z,-05:00,-08:00,America/Los_Angeles,OFF,OK,9,Senators,Ottawa,d'Ottawa,OTT,0,24,Ducks,Anaheim,d'Anaheim,ANA,3,3,REG,3,REG,8468011.0,,,Sénateurs,,,,,,,,,,,,,,,,,ANA
2017020430,20172018,2,2017-12-07,False,2017-12-08T00:00:00Z,-05:00,-05:00,US/Eastern,OFF,OK,53,Coyotes,Arizona,de l'Arizona,ARI,1,6,Bruins,Boston,de Boston,BOS,6,3,REG,3,REG,8471695.0,,,,,,,,,,,,,,,,,,,,BOS
2017020431,20172018,2,2017-12-07,False,2017-12-08T00:00:00Z,-05:00,-05:00,US/Eastern,OFF,OK,2,Islanders,New York,de New York,NYI,3,5,Penguins,Pittsburgh,de Pittsburgh,PIT,4,4,OT,3,OT,8477465.0,,,,,,,,,,,,,,,,,,,,PIT
2017020433,20172018,2,2017-12-07,False,2017-12-08T00:30:00Z,-05:00,-05:00,US/Eastern,OFF,OK,21,Avalanche,Colorado,du Colorado,COL,2,14,Lightning,Tampa Bay,de Tampa Bay,TBL,5,3,REG,3,REG,8469514.0,,,,,,,,,,,,,,,,,,,,TBL
2017020434,20172018,2,2017-12-07,False,2017-12-08T00:30:00Z,-05:00,-05:00,US/Eastern,OFF,OK,52,Jets,Winnipeg,de Winnipeg,WPG,4,13,Panthers,Florida,de la Floride,FLA,6,3,REG,3,REG,8473503.0,,,,,,,,,,,,,,,,,,,,FLA
2017020432,20172018,2,2017-12-07,False,2017-12-08T00:30:00Z,-05:00,-05:00,America/Montreal,OFF,OK,20,Flames,Calgary,de Calgary,CGY,3,8,Canadiens,Montréal,de Montréal,MTL,2,4,OT,3,OT,8479496.0,,,,,,,,,,,,,,,,,,,,CGY
2017020435,20172018,2,2017-12-07,False,2017-12-08T01:00:00Z,-05:00,-06:00,US/Central,OFF,OK,25,Stars,Dallas,de Dallas,DAL,0,19,Blues,St. Louis,de St. Louis,STL,3,3,REG,3,REG,8474596.0,,,,,,,,,,,,,,,,,,,,STL
2017020436,20172018,2,2017-12-07,False,2017-12-08T03:00:00Z,-05:00,-08:00,America/Vancouver,OFF,OK,4,Flyers,Philadelphia,de Philadelphie,PHI,4,23,Canucks,Vancouver,de Vancouver,VAN,1,3,REG,3,REG,8470880.0,,,,,,,,,,,,,,,,,,,,PHI
2017020438,20172018,2,2017-12-07,False,2017-12-08T03:30:00Z,-05:00,-08:00,US/Pacific,OFF,OK,12,Hurricanes,Carolina,de la Caroline,CAR,4,28,Sharks,San Jose,de San Jose,SJS,5,4,OT,3,OT,8474889.0,,,,,,,,,,,,,,,,,,,,SJS
2017020437,20172018,2,2017-12-07,False,2017-12-08T03:30:00Z,-05:00,-08:00,America/Los_Angeles,OFF,OK,9,Senators,Ottawa,d'Ottawa,OTT,3,26,Kings,Los Angeles,de Los Angeles,LAK,4,4,OT,3,OT,8475311.0,,,Sénateurs,,,,,,,,,,,,,,,,,LAK
2017020439,20172018,2,2017-12-08,False,2017-12-09T00:00:00Z,-05:00,-05:00,US/Eastern,OFF,OK,29,Blue Jackets,Columbus,de Columbus,CBJ,5,1,Devils,New Jersey,du New Jersey,NJD,3,3,REG,3,REG,8475683.0,,,,,,,,,,,,,,,,,,,,CBJ
2017020440,20172018,2,2017-12-08,False,2017-12-09T00:00:00Z,-05:00,-05:00,US/Eastern,OFF,OK,3,Rangers,New York,de New York,NYR,2,15,Capitals,Washington,de Washington,WSH,4,3,REG,3,REG,8474651.0,,,,,,,,,,,,,,,,,,,,WSH
2017020441,20172018,2,2017-12-08,False,2017-12-09T01:00:00Z,-05:00,-06:00,US/Central,OFF,OK,54,Golden Knights,Vegas,de Vegas,VGK,4,18,Predators,Nashville,de Nashville,NSH,3,5,SO,3,SO,8476876.0,,,,,,,,,,,,,,,,,,,,VGK
2017020442,20172018,2,2017-12-08,False,2017-12-09T01:30:00Z,-05:00,-06:00,America/Chicago,OFF,OK,7,Sabres,Buffalo,de Buffalo,BUF,2,16,Blackhawks,Chicago,de Chicago,CHI,3,4,OT,3,OT,8470645.0,,,,,,,,,,,,,,,,,,,,CHI
2017020443,20172018,2,2017-12-08,False,2017-12-09T03:00:00Z,-05:00,-08:00,America/Los_Angeles,OFF,OK,30,Wild,Minnesota,du Minnesota,MIN,3,24,Ducks,Anaheim,d'Anaheim,ANA,2,4,OT,3,OT,8471227.0,,,,,,,,,,,,,,,,,,,,MIN
2017020446,20172018,2,2017-12-09,False,2017-12-09T18:00:00Z,-05:00,-05:00,America/Detroit,OFF,OK,19,Blues,St. Louis,de St. Louis,STL,6,17,Red Wings,Detroit,de Detroit,DET,1,3,REG,3,REG,8474596.0,,,,,,,,,,,,,,,,,,,,STL
2017020450,20172018,2,2017-12-09,False,2017-12-10T00:00:00Z,-05:00,-05:00,US/Eastern,OFF,OK,10,Maple Leafs,Toronto,de Toronto,TOR,4,5,Penguins,Pittsburgh,de Pittsburgh,PIT,3,3,REG,3,REG,8475883.0,,,,,,,,,,,,,,,,,,,,TOR
2017020445,20172018,2,2017-12-09,False,2017-12-10T00:00:00Z,-05:00,-05:00,America/Montreal,OFF,OK,22,Oilers,Edmonton,d'Edmonton,EDM,6,8,Canadiens,Montréal,de Montréal,MTL,2,3,REG,3,REG,8476316.0,,,,,,,,,,,,,,,,,,,,EDM
2017020449,20172018,2,2017-12-09,False,2017-12-10T00:00:00Z,-05:00,-05:00,America/New_York,OFF,OK,1,Devils,New Jersey,du New Jersey,NJD,2,3,Rangers,New York,de New York,NYR,5,3,REG,3,REG,8468685.0,,,,,,,,,,,,,,,,,,,,NYR
2017020451,20172018,2,2017-12-09,False,2017-12-10T00:00:00Z,-05:00,-05:00,US/Eastern,OFF,OK,53,Coyotes,Arizona,de l'Arizona,ARI,0,29,Blue Jackets,Columbus,de Columbus,CBJ,1,3,REG,3,REG,8475683.0,,,,,,,,,,,,,,,,,,,,CBJ
2017020444,20172018,2,2017-12-09,False,2017-12-10T00:00:00Z,-05:00,-05:00,US/Eastern,OFF,OK,2,Islanders,New York,de New York,NYI,1,6,Bruins,Boston,de Boston,BOS,3,3,REG,3,REG,8471695.0,,,,,,,,,,,,,,,,,,,,BOS
2017020448,20172018,2,2017-12-09,False,2017-12-10T00:00:00Z,-05:00,-05:00,US/Eastern,OFF,OK,21,Avalanche,Colorado,du Colorado,COL,7,13,Panthers,Florida,de la Floride,FLA,3,3,REG,3,REG,8473575.0,,,,,,,,,,,,,,,,,,,,COL
2017020447,20172018,2,2017-12-09,False,2017-12-10T00:00:00Z,-05:00,-05:00,US/Eastern,OFF,OK,52,Jets,Winnipeg,de Winnipeg,WPG,3,14,Lightning,Tampa Bay,de Tampa Bay,TBL,4,4,OT,3,OT,8476883.0,,,,,,,,,,,,,,,,,,,,TBL
2017020452,20172018,2,2017-12-09,False,2017-12-10T01:00:00Z,-05:00,-06:00,US/Central,OFF,OK,54,Golden Knights,Vegas,de Vegas,VGK,5,25,Stars,Dallas,de Dallas,DAL,3,3,REG,3,REG,8476509.0,Legace,Legace,,,,,,,,,,,,,,,,,,VGK
2017020453,20172018,2,2017-12-09,False,2017-12-10T03:00:00Z,-05:00,-07:00,America/Edmonton,OFF,OK,23,Canucks,Vancouver,de Vancouver,VAN,2,20,Flames,Calgary,de Calgary,CGY,4,3,REG,3,REG,8469608.0,,,,,,,,,,,,,,,,,,,,CGY
2017020454,20172018,2,2017-12-09,False,2017-12-10T03:00:00Z,-05:00,-08:00,US/Pacific,OFF,OK,9,Senators,Ottawa,d'Ottawa,OTT,0,28,Sharks,San Jose,de San Jose,SJS,5,3,REG,3,REG,8477180.0,,,Sénateurs,,,,,,,,,,,,,,,,,SJS
2017020455,20172018,2,2017-12-09,False,2017-12-10T03:30:00Z,-05:00,-08:00,America/Los_Angeles,OFF,OK,12,Hurricanes,Carolina,de la Caroline,CAR,2,26,Kings,Los Angeles,de Los Angeles,LAK,3,4,OT,3,OT,8471734.0,,,,,,,,,,,,,,,,,,,,LAK
2017020458,20172018,2,2017-12-10,False,2017-12-11T00:00:00Z,-05:00,-06:00,US/Central,OFF,OK,7,Sabres,Buffalo,de Buffalo,BUF,2,19,Blues,St. Louis,de St. Louis,STL,3,4,OT,3,OT,8474596.0,,,,,,,,,,,,,,,,,,,,STL
2017020456,20172018,2,2017-12-10,False,2017-12-11T00:00:00Z,-05:00,-05:00,America/Toronto,OFF,OK,22,Oilers,Edmonton,d'Edmonton,EDM,0,10,Maple Leafs,Toronto,de Toronto,TOR,1,3,REG,3,REG,8470147.0,,,,,,,,,,,,,,,,,,,,TOR
2017020457,20172018,2,2017-12-10,False,2017-12-11T00:00:00Z,-05:00,-06:00,America/Chicago,OFF,OK,53,Coyotes,Arizona,de l'Arizona,ARI,1,16,Blackhawks,Chicago,de Chicago,CHI,3,3,REG,3,REG,8470645.0,,,,,,,,,,,,,,,,,,,,CHI
2017020459,20172018,2,2017-12-10,False,2017-12-11T02:00:00Z,-05:00,-08:00,US/Pacific,OFF,OK,30,Wild,Minnesota,du Minnesota,MIN,4,28,Sharks,San Jose,de San Jose,SJS,3,4,OT,3,OT,8471774.0,,,,,,,,,,,,,,,,,,,,MIN
2017020461,20172018,2,2017-12-11,False,2017-12-12T00:00:00Z,-05:00,-05:00,America/New_York,OFF,OK,25,Stars,Dallas,de Dallas,DAL,2,3,Rangers,New York,de New York,NYR,1,5,SO,3,SO,8470140.0,,,,,,,,,,,,,,,,,,,,DAL
2017020462,20172018,2,2017-12-11,False,2017-12-12T00:00:00Z,-05:00,-05:00,US/Eastern,OFF,OK,21,Avalanche,Colorado,du Colorado,COL,2,5,Penguins,Pittsburgh,de Pittsburgh,PIT,1,3,REG,3,REG,8473541.0,,,,,,,,,,,,,,,,,,,,COL
2017020460,20172018,2,2017-12-11,False,2017-12-12T00:00:00Z,-05:00,-05:00,America/New_York,OFF,OK,15,Capitals,Washington,de Washington,WSH,1,2,Islanders,New York,de New York,NYI,3,3,REG,3,REG,8470860.0,,,,,,,,,,,,,,,,,,,,NYI
2017020463,20172018,2,2017-12-11,False,2017-12-12T00:30:00Z,-05:00,-05:00,America/Detroit,OFF,OK,13,Panthers,Florida,de la Floride,FLA,2,17,Red Wings,Detroit,de Detroit,DET,1,4,OT,3,OT,8473503.0,,,,,,,,,,,,,,,,,,,,FLA
2017020464,20172018,2,2017-12-11,False,2017-12-12T01:00:00Z,-05:00,-06:00,America/Winnipeg,OFF,OK,23,Canucks,Vancouver,de Vancouver,VAN,1,52,Jets,Winnipeg,de Winnipeg,WPG,5,3,REG,3,REG,8476945.0,,,,,,,,,,,,,,,,,,,,WPG
2017020465,20172018,2,2017-12-11,False,2017-12-12T03:00:00Z,-05:00,-08:00,America/Los_Angeles,OFF,OK,12,Hurricanes,Carolina,de la Caroline,CAR,2,24,Ducks,Anaheim,d'Anaheim,ANA,3,3,REG,3,REG,8476434.0,,,,,,,,,,,,,,,,,,,,ANA
2017020470,20172018,2,2017-12-12,False,2017-12-13T00:00:00Z,-05:00,-05:00,US/Eastern,OFF,OK,22,Oilers,Edmonton,d'Edmonton,EDM,7,29,Blue Jackets,Columbus,de Columbus,CBJ,2,3,REG,3,REG,8476316.0,,,,,,,,,,,,,,,,,,,,EDM
2017020467,20172018,2,2017-12-12,False,2017-12-13T00:00:00Z,-05:00,-05:00,US/Eastern,OFF,OK,26,Kings,Los Angeles,de Los Angeles,LAK,1,1,Devils,New Jersey,du New Jersey,NJD,5,3,REG,3,REG,8471239.0,,,,,,,,,,,,,,,,,,,,NJD
2017020466,20172018,2,2017-12-12,False,2017-12-13T00:00:00Z,-05:00,-05:00,America/New_York,OFF,OK,9,Senators,Ottawa,d'Ottawa,OTT,2,7,Sabres,Buffalo,de Buffalo,BUF,3,3,REG,3,REG,8475215.0,,,Sénateurs,,,,,,,,,,,,,,,,,BUF
2017020468,20172018,2,2017-12-12,False,2017-12-13T00:00:00Z,-05:00,-05:00,US/Eastern,OFF,OK,10,Maple Leafs,Toronto,de Toronto,TOR,2,4,Flyers,Philadelphia,de Philadelphie,PHI,4,3,REG,3,REG,8470880.0,,,,,,,,,,,,,,,,,,,,PHI
2017020469,20172018,2,2017-12-12,False,2017-12-13T00:00:00Z,-05:00,-05:00,US/Eastern,OFF,OK,21,Avalanche,Colorado,du Colorado,COL,2,15,Capitals,Washington,de Washington,WSH,5,3,REG,3,REG,8474651.0,,,,,,,,,,,,,,,,,,,,WSH
2017020472,20172018,2,2017-12-12,False,2017-12-13T01:00:00Z,-05:00,-06:00,US/Central,OFF,OK,20,Flames,Calgary,de Calgary,CGY,1,30,Wild,Minnesota,du Minnesota,MIN,2,5,SO,3,SO,8471774.0,,,,,,,,,,,,,,,,,,,,MIN
2017020471,20172018,2,2017-12-12,False,2017-12-13T01:00:00Z,-05:00,-06:00,US/Central,OFF,OK,14,Lightning,Tampa Bay,de Tampa Bay,TBL,3,19,Blues,St. Louis,de St. Louis,STL,0,3,REG,3,REG,8476883.0,,,,,,,,,,,,,,,,,,,,TBL
2017020473,20172018,2,2017-12-12,False,2017-12-13T01:30:00Z,-05:00,-06:00,America/Chicago,OFF,OK,13,Panthers,Florida,de la Floride,FLA,2,16,Blackhawks,Chicago,de Chicago,CHI,3,4,OT,3,OT,8470645.0,,,,,,,,,,,,,,,,,,,,CHI
2017020474,20172018,2,2017-12-12,False,2017-12-13T03:00:00Z,-05:00,-08:00,US/Pacific,OFF,OK,12,Hurricanes,Carolina,de la Caroline,CAR,3,54,Golden Knights,Vegas,de Vegas,VGK,2,5,SO,3,SO,8470320.0,,,,,,,,,,,,,,,,,,,,CAR
2017020475,20172018,2,2017-12-13,False,2017-12-14T00:00:00Z,-05:00,-05:00,US/Eastern,OFF,OK,3,Rangers,New York,de New York,NYR,2,9,Senators,Ottawa,d'Ottawa,OTT,3,3,REG,3,REG,8467950.0,,,,Sénateurs,,,,,,,,,,,,,,,,OTT
2017020476,20172018,2,2017-12-13,False,2017-12-14T00:00:00Z,-05:00,-05:00,America/New_York,OFF,OK,25,Stars,Dallas,de Dallas,DAL,5,2,Islanders,New York,de New York,NYI,2,3,REG,3,REG,8470140.0,,,,,,,,,,,,,,,,,,,,DAL
2017020477,20172018,2,2017-12-13,False,2017-12-14T01:00:00Z,-05:00,-05:00,America/Detroit,OFF,OK,6,Bruins,Boston,de Boston,BOS,3,17,Red Wings,Detroit,de Detroit,DET,2,4,OT,3,OT,8471695.0,,,,,,,,,,,,,,,,,,,,BOS
2017020478,20172018,2,2017-12-13,False,2017-12-14T03:00:00Z,-05:00,-08:00,America/Vancouver,OFF,OK,18,Predators,Nashville,de Nashville,NSH,7,23,Canucks,Vancouver,de Vancouver,VAN,1,3,REG,3,REG,8471469.0,,,,,,,,,,,,,,,,,,,,NSH
2017020481,20172018,2,2017-12-14,False,2017-12-15T00:00:00Z,-05:00,-05:00,US/Eastern,OFF,OK,2,Islanders,New York,de New York,NYI,4,29,Blue Jackets,Columbus,de Columbus,CBJ,6,3,REG,3,REG,8475683.0,,,,,,,,,,,,,,,,,,,,CBJ
2017020479,20172018,2,2017-12-14,False,2017-12-15T00:00:00Z,-05:00,-05:00,US/Eastern,OFF,OK,15,Capitals,Washington,de Washington,WSH,5,6,Bruins,Boston,de Boston,BOS,3,3,REG,3,REG,8474651.0,,,,,,,,,,,,,,,,,,,,WSH
2017020480,20172018,2,2017-12-14,False,2017-12-15T00:00:00Z,-05:00,-05:00,US/Eastern,OFF,OK,7,Sabres,Buffalo,de Buffalo,BUF,1,4,Flyers,Philadelphia,de Philadelphie,PHI,2,3,REG,3,REG,8470880.0,,,,,,,,,,,,,,,,,,,,PHI
2017020482,20172018,2,2017-12-14,False,2017-12-15T00:30:00Z,-05:00,-05:00,America/Montreal,OFF,OK,1,Devils,New Jersey,du New Jersey,NJD,1,8,Canadiens,Montréal,de Montréal,MTL,2,4,OT,3,OT,8471679.0,,,,,,,,,,,,,,,,,,,,MTL
2017020485,20172018,2,2017-12-14,False,2017-12-15T01:00:00Z,-05:00,-06:00,America/Winnipeg,OFF,OK,16,Blackhawks,Chicago,de Chicago,CHI,5,52,Jets,Winnipeg,de Winnipeg,WPG,1,3,REG,3,REG,8470645.0,,,,,,,,,,,,,,,,,,,,CHI
2017020484,20172018,2,2017-12-14,False,2017-12-15T01:00:00Z,-05:00,-06:00,US/Central,OFF,OK,10,Maple Leafs,Toronto,de Toronto,TOR,0,30,Wild,Minnesota,du Minnesota,MIN,2,3,REG,3,REG,8471774.0,,,,,,,,,,,,,,,,,,,,MIN
2017020483,20172018,2,2017-12-14,False,2017-12-15T01:00:00Z,-05:00,-06:00,US/Central,OFF,OK,24,Ducks,Anaheim,d'Anaheim,ANA,3,19,Blues,St. Louis,de St. Louis,STL,1,3,REG,3,REG,8476434.0,,,,,,,,,,,,,,,,,,,,ANA
2017020489,20172018,2,2017-12-14,False,2017-12-15T02:00:00Z,-05:00,-07:00,America/Phoenix,OFF,OK,14,Lightning,Tampa Bay,de Tampa Bay,TBL,4,53,Coyotes,Arizona,de l'Arizona,ARI,1,3,REG,3,REG,8476883.0,,,,,,,,,,,,,,,,,,,,TBL
2017020488,20172018,2,2017-12-14,False,2017-12-15T02:00:00Z,-05:00,-07:00,America/Edmonton,OFF,OK,18,Predators,Nashville,de Nashville,NSH,4,22,Oilers,Edmonton,d'Edmonton,EDM,0,3,REG,3,REG,8477424.0,,,,,,,,,,,,,,,,,,,,NSH
2017020487,20172018,2,2017-12-14,False,2017-12-15T02:00:00Z,-05:00,-07:00,America/Edmonton,OFF,OK,28,Sharks,San Jose,de San Jose,SJS,3,20,Flames,Calgary,de Calgary,CGY,2,3,REG,3,REG,8477180.0,,,,,,,,,,,,,,,,,,,,SJS
2017020486,20172018,2,2017-12-14,False,2017-12-15T02:00:00Z,-05:00,-07:00,America/Denver,OFF,OK,13,Panthers,Florida,de la Floride,FLA,1,21,Avalanche,Colorado,du Colorado,COL,2,3,REG,3,REG,8473575.0,,,,,,,,,,,,,,,,,,,,COL
2017020490,20172018,2,2017-12-14,False,2017-12-15T03:00:00Z,-05:00,-08:00,US/Pacific,OFF,OK,5,Penguins,Pittsburgh,de Pittsburgh,PIT,1,54,Golden Knights,Vegas,de Vegas,VGK,2,3,REG,3,REG,8470594.0,,,,,,,,,,,,,,,,,,,,VGK
2017020493,20172018,2,2017-12-15,False,2017-12-16T00:00:00Z,-05:00,-05:00,America/New_York,OFF,OK,26,Kings,Los Angeles,de Los Angeles,LAK,2,3,Rangers,New York,de New York,NYR,4,3,REG,3,REG,8468685.0,,,,,,,,,,,,,,,,,,,,NYR
2017020492,20172018,2,2017-12-15,False,2017-12-16T00:00:00Z,-05:00,-05:00,US/Eastern,OFF,OK,25,Stars,Dallas,de Dallas,DAL,2,1,Devils,New Jersey,du New Jersey,NJD,5,3,REG,3,REG,8471239.0,,,,,,,,,,,,,,,,,,,,NJD
2017020491,20172018,2,2017-12-15,False,2017-12-16T00:00:00Z,-05:00,-05:00,America/New_York,OFF,OK,12,Hurricanes,Carolina,de la Caroline,CAR,5,7,Sabres,Buffalo,de Buffalo,BUF,4,4,OT,3,OT,8470320.0,,,,,,,,,,,,,,,,,,,,CAR
2017020494,20172018,2,2017-12-15,False,2017-12-16T00:30:00Z,-05:00,-05:00,America/Detroit,OFF,OK,10,Maple Leafs,Toronto,de Toronto,TOR,1,17,Red Wings,Detroit,de Detroit,DET,3,3,REG,3,REG,8470657.0,,,,,,,,,,,,,,,,,,,,DET
2017020495,20172018,2,2017-12-15,False,2017-12-16T03:00:00Z,-05:00,-08:00,America/Vancouver,OFF,OK,28,Sharks,San Jose,de San Jose,SJS,3,23,Canucks,Vancouver,de Vancouver,VAN,4,4,OT,3,OT,8474593.0,,Markström,,,,,,,,,,,,,,,,,,VAN
2017020496,20172018,2,2017-12-16,False,2017-12-16T19:00:00Z,-05:00,-06:00,US/Central,OFF,OK,22,Oilers,Edmonton,d'Edmonton,EDM,3,30,Wild,Minnesota,du Minnesota,MIN,2,3,REG,3,REG,8475660.0,,,,,,,,,,,,,,,,,,,,EDM
2017020497,20172018,2,2017-12-16,False,2017-12-16T22:00:00Z,-05:00,-05:00,US/Eastern,OFF,OK,3,Rangers,New York,de New York,NYR,3,6,Bruins,Boston,de Boston,BOS,2,4,OT,3,OT,8468685.0,,,,,,,,,,,,,,,,,,,,NYR
2017020501,20172018,2,2017-12-16,False,2017-12-17T00:00:00Z,-05:00,-06:00,US/Central,OFF,OK,52,Jets,Winnipeg,de Winnipeg,WPG,0,19,Blues,St. Louis,de St. Louis,STL,2,3,REG,3,REG,8475622.0,,,,,,,,,,,,,,,,,,,,STL
2017020503,20172018,2,2017-12-16,False,2017-12-17T00:00:00Z,-05:00,-05:00,US/Eastern,OFF,OK,29,Blue Jackets,Columbus,de Columbus,CBJ,1,12,Hurricanes,Carolina,de la Caroline,CAR,2,3,REG,3,REG,8474152.0,,,,,,,,,,,,,,,,,,,,CAR
2017020500,20172018,2,2017-12-16,False,2017-12-17T00:00:00Z,-05:00,-05:00,US/Eastern,OFF,OK,25,Stars,Dallas,de Dallas,DAL,1,4,Flyers,Philadelphia,de Philadelphie,PHI,2,4,OT,3,OT,8470880.0,,,,,,,,,,,,,,,,,,,,PHI
2017020499,20172018,2,2017-12-16,False,2017-12-17T00:00:00Z,-05:00,-05:00,America/New_York,OFF,OK,26,Kings,Los Angeles,de Los Angeles,LAK,3,2,Islanders,New York,de New York,NYI,4,4,OT,3,OT,8471306.0,,,,,,,,,,,,,,,,,,,,NYI
2017020498,20172018,2,2017-12-16,True,2017-12-17T00:00:00Z,-05:00,-05:00,America/Toronto,OFF,OK,8,Canadiens,Montréal,de Montréal,MTL,0,9,Senators,Ottawa,d'Ottawa,OTT,3,3,REG,3,REG,8467950.0,,,,Sénateurs,,,,,,,,,,37.0,NHL100 Classic,,,,,OTT
2017020502,20172018,2,2017-12-16,False,2017-12-17T01:00:00Z,-05:00,-05:00,US/Eastern,OFF,OK,24,Ducks,Anaheim,d'Anaheim,ANA,2,15,Capitals,Washington,de Washington,WSH,3,4,OT,3,OT,8474651.0,,,,,,,,,,,,,,,,,,,,WSH
2017020504,20172018,2,2017-12-16,False,2017-12-17T01:00:00Z,-05:00,-07:00,America/Phoenix,OFF,OK,5,Penguins,Pittsburgh,de Pittsburgh,PIT,4,53,Coyotes,Arizona,de l'Arizona,ARI,2,3,REG,3,REG,8476899.0,,,,,,,,,,,,,,,,,,,,PIT
2017020505,20172018,2,2017-12-16,False,2017-12-17T02:00:00Z,-05:00,-07:00,America/Denver,OFF,OK,14,Lightning,Tampa Bay,de Tampa Bay,TBL,6,21,Avalanche,Colorado,du Colorado,COL,5,3,REG,3,REG,8469514.0,,,,,,,,,,,,,,,,,,,,TBL
2017020506,20172018,2,2017-12-16,False,2017-12-17T03:00:00Z,-05:00,-07:00,America/Edmonton,OFF,OK,18,Predators,Nashville,de Nashville,NSH,2,20,Flames,Calgary,de Calgary,CGY,0,3,REG,3,REG,8471469.0,,,,,,,,,,,,,,,,,,,,NSH
2017020507,20172018,2,2017-12-17,False,2017-12-17T23:00:00Z,-05:00,-06:00,America/Winnipeg,OFF,OK,19,Blues,St. Louis,de St. Louis,STL,0,52,Jets,Winnipeg,de Winnipeg,WPG,4,3,REG,3,REG,8476945.0,,,,,,,,,,,,,,,,,,,,WPG
2017020508,20172018,2,2017-12-17,False,2017-12-18T00:00:00Z,-05:00,-06:00,America/Chicago,OFF,OK,30,Wild,Minnesota,du Minnesota,MIN,1,16,Blackhawks,Chicago,de Chicago,CHI,4,3,REG,3,REG,8470645.0,,,,,,,,,,,,,,,,,,,,CHI
2017020510,20172018,2,2017-12-17,False,2017-12-18T01:00:00Z,-05:00,-08:00,US/Pacific,OFF,OK,13,Panthers,Florida,de la Floride,FLA,2,54,Golden Knights,Vegas,de Vegas,VGK,5,3,REG,3,REG,8476876.0,,,,,,,,,,,,,,,,,,,,VGK
2017020509,20172018,2,2017-12-17,False,2017-12-18T01:00:00Z,-05:00,-08:00,America/Vancouver,OFF,OK,20,Flames,Calgary,de Calgary,CGY,6,23,Canucks,Vancouver,de Vancouver,VAN,1,3,REG,3,REG,8479496.0,,,,,,,,,,,,,,,,,,,,CGY
2017020513,20172018,2,2017-12-18,False,2017-12-19T00:00:00Z,-05:00,-05:00,US/Eastern,OFF,OK,26,Kings,Los Angeles,de Los Angeles,LAK,4,4,Flyers,Philadelphia,de Philadelphie,PHI,1,3,REG,3,REG,8471734.0,,,,,,,,,,,,,,,,,,,,LAK
2017020511,20172018,2,2017-12-18,False,2017-12-19T00:00:00Z,-05:00,-05:00,US/Eastern,OFF,OK,29,Blue Jackets,Columbus,de Columbus,CBJ,2,6,Bruins,Boston,de Boston,BOS,7,3,REG,3,REG,8471695.0,,,,,,,,,,,,,,,,,,,,BOS
2017020512,20172018,2,2017-12-18,False,2017-12-19T00:00:00Z,-05:00,-05:00,US/Eastern,OFF,OK,24,Ducks,Anaheim,d'Anaheim,ANA,3,1,Devils,New Jersey,du New Jersey,NJD,5,3,REG,3,REG,8471239.0,,,,,,,,,,,,,,,,,,,,NJD
2017020515,20172018,2,2017-12-18,False,2017-12-19T02:00:00Z,-05:00,-07:00,America/Edmonton,OFF,OK,28,Sharks,San Jose,de San Jose,SJS,3,22,Oilers,Edmonton,d'Edmonton,EDM,5,3,REG,3,REG,8475660.0,,,,,,,,,,,,,,,,,,,,EDM
2017020514,20172018,2,2017-12-18,False,2017-12-19T02:00:00Z,-05:00,-07:00,America/Denver,OFF,OK,5,Penguins,Pittsburgh,de Pittsburgh,PIT,2,21,Avalanche,Colorado,du Colorado,COL,4,3,REG,3,REG,8473575.0,,,,,,,,,,,,,,,,,,,,COL
2017020516,20172018,2,2017-12-19,False,2017-12-19T19:00:00Z,-05:00,-05:00,America/Toronto,OFF,OK,12,Hurricanes,Carolina,de la Caroline,CAR,1,10,Maple Leafs,Toronto,de Toronto,TOR,8,3,REG,3,REG,8475883.0,,,,,,,,,,,,,,,,,,,,TOR
2017020519,20172018,2,2017-12-19,False,2017-12-20T00:00:00Z,-05:00,-05:00,America/New_York,OFF,OK,24,Ducks,Anaheim,d'Anaheim,ANA,1,3,Rangers,New York,de New York,NYR,4,3,REG,3,REG,8468685.0,,,,,,,,,,,,,,,,,,,,NYR
2017020520,20172018,2,2017-12-19,False,2017-12-20T00:00:00Z,-05:00,-05:00,US/Eastern,OFF,OK,30,Wild,Minnesota,du Minnesota,MIN,6,9,Senators,Ottawa,d'Ottawa,OTT,4,3,REG,3,REG,8471774.0,,,,Sénateurs,,,,,,,,,,,,,,,,MIN
2017020518,20172018,2,2017-12-19,False,2017-12-20T00:00:00Z,-05:00,-05:00,America/New_York,OFF,OK,17,Red Wings,Detroit,de Detroit,DET,6,2,Islanders,New York,de New York,NYI,3,3,REG,3,REG,8475852.0,,,,,,,,,,,,,,,,,,,,DET
2017020517,20172018,2,2017-12-19,False,2017-12-20T00:30:00Z,-05:00,-05:00,America/New_York,OFF,OK,6,Bruins,Boston,de Boston,BOS,3,7,Sabres,Buffalo,de Buffalo,BUF,0,3,REG,3,REG,8471418.0,,,,,,,,,,,,,,,,,,,,BOS
2017020521,20172018,2,2017-12-19,False,2017-12-20T01:00:00Z,-05:00,-06:00,US/Central,OFF,OK,52,Jets,Winnipeg,de Winnipeg,WPG,6,18,Predators,Nashville,de Nashville,NSH,4,3,REG,3,REG,8476945.0,,,,,,,,,,,,,,,,,,,,WPG
2017020522,20172018,2,2017-12-19,False,2017-12-20T01:30:00Z,-05:00,-06:00,US/Central,OFF,OK,15,Capitals,Washington,de Washington,WSH,4,25,Stars,Dallas,de Dallas,DAL,3,4,OT,3,OT,8474651.0,,,,,,,,,,,,,,,,,,,,WSH
2017020523,20172018,2,2017-12-19,False,2017-12-20T02:00:00Z,-05:00,-07:00,America/Phoenix,OFF,OK,13,Panthers,Florida,de la Floride,FLA,3,53,Coyotes,Arizona,de l'Arizona,ARI,2,3,REG,3,REG,8473503.0,,,,,,,,,,,,,,,,,,,,FLA
2017020524,20172018,2,2017-12-19,False,2017-12-20T03:00:00Z,-05:00,-08:00,America/Vancouver,OFF,OK,8,Canadiens,Montréal,de Montréal,MTL,7,23,Canucks,Vancouver,de Vancouver,VAN,5,3,REG,3,REG,8471679.0,,,,,,,,,,,,,,,,,,,,MTL
2017020525,20172018,2,2017-12-19,False,2017-12-20T03:00:00Z,-05:00,-08:00,US/Pacific,OFF,OK,14,Lightning,Tampa Bay,de Tampa Bay,TBL,3,54,Golden Knights,Vegas,de Vegas,VGK,4,3,REG,3,REG,8470594.0,,,,,,,,,,,,,,,,,,,,VGK
2017020526,20172018,2,2017-12-20,False,2017-12-21T00:30:00Z,-05:00,-05:00,US/Eastern,OFF,OK,10,Maple Leafs,Toronto,de Toronto,TOR,2,29,Blue Jackets,Columbus,de Columbus,CBJ,4,3,REG,3,REG,8476914.0,,,,,,,,,,,,,,,,,,,,CBJ
2017020527,20172018,2,2017-12-20,False,2017-12-21T01:00:00Z,-05:00,-05:00,US/Eastern,OFF,OK,17,Red Wings,Detroit,de Detroit,DET,3,4,Flyers,Philadelphia,de Philadelphie,PHI,4,3,REG,3,REG,8470880.0,,,,,,,,,,,,,,,,,,,,PHI
2017020528,20172018,2,2017-12-20,False,2017-12-21T02:30:00Z,-05:00,-07:00,America/Edmonton,OFF,OK,19,Blues,St. Louis,de St. Louis,STL,1,20,Flames,Calgary,de Calgary,CGY,2,3,REG,3,REG,8469608.0,,,,,,,,,,,,,,,,,,,,CGY
2017020529,20172018,2,2017-12-21,False,2017-12-22T00:00:00Z,-05:00,-05:00,US/Eastern,OFF,OK,52,Jets,Winnipeg,de Winnipeg,WPG,1,6,Bruins,Boston,de Boston,BOS,2,5,SO,3,SO,8471695.0,,,,,,,,,,,,,,,,,,,,BOS
2017020530,20172018,2,2017-12-21,False,2017-12-22T00:00:00Z,-05:00,-05:00,US/Eastern,OFF,OK,3,Rangers,New York,de New York,NYR,3,1,Devils,New Jersey,du New Jersey,NJD,4,5,SO,3,SO,8471239.0,,,,,,,,,,,,,,,,,,,,NJD
2017020532,20172018,2,2017-12-21,False,2017-12-22T00:00:00Z,-05:00,-05:00,US/Eastern,OFF,OK,29,Blue Jackets,Columbus,de Columbus,CBJ,2,5,Penguins,Pittsburgh,de Pittsburgh,PIT,3,5,SO,3,SO,8476899.0,,,,,,,,,,,,,,,,,,,,PIT
2017020531,20172018,2,2017-12-21,False,2017-12-22T00:00:00Z,-05:00,-05:00,America/New_York,OFF,OK,24,Ducks,Anaheim,d'Anaheim,ANA,5,2,Islanders,New York,de New York,NYI,4,4,OT,3,OT,8468011.0,,,,,,,,,,,,,,,,,,,,ANA
2017020533,20172018,2,2017-12-21,False,2017-12-22T00:30:00Z,-05:00,-05:00,US/Eastern,OFF,OK,9,Senators,Ottawa,d'Ottawa,OTT,3,14,Lightning,Tampa Bay,de Tampa Bay,TBL,4,5,SO,3,SO,8476883.0,,,Sénateurs,,,,,,,,,,,,,,,,,TBL
2017020534,20172018,2,2017-12-21,False,2017-12-22T01:00:00Z,-05:00,-06:00,US/Central,OFF,OK,12,Hurricanes,Carolina,de la Caroline,CAR,4,18,Predators,Nashville,de Nashville,NSH,1,3,REG,3,REG,8470320.0,,,,,,,,,,,,,,,,,,,,CAR
2017020535,20172018,2,2017-12-21,False,2017-12-22T01:30:00Z,-05:00,-06:00,US/Central,OFF,OK,16,Blackhawks,Chicago,de Chicago,CHI,0,25,Stars,Dallas,de Dallas,DAL,4,3,REG,3,REG,8471750.0,,,,,,,,,,,,,,,,,,,,DAL
2017020536,20172018,2,2017-12-21,False,2017-12-22T02:00:00Z,-05:00,-07:00,America/Edmonton,OFF,OK,19,Blues,St. Louis,de St. Louis,STL,2,22,Oilers,Edmonton,d'Edmonton,EDM,3,3,REG,3,REG,8475660.0,,,,,,,,,,,,,,,,,,,,EDM
2017020537,20172018,2,2017-12-21,False,2017-12-22T03:30:00Z,-05:00,-08:00,America/Los_Angeles,OFF,OK,21,Avalanche,Colorado,du Colorado,COL,1,26,Kings,Los Angeles,de Los Angeles,LAK,2,4,OT,3,OT,8471734.0,,,,,,,,,,,,,,,,,,,,LAK
2017020538,20172018,2,2017-12-21,False,2017-12-22T03:30:00Z,-05:00,-08:00,US/Pacific,OFF,OK,23,Canucks,Vancouver,de Vancouver,VAN,4,28,Sharks,San Jose,de San Jose,SJS,5,4,OT,3,OT,8477180.0,,,,,,,,,,,,,,,,,,,,SJS
2017020539,20172018,2,2017-12-22,False,2017-12-23T00:00:00Z,-05:00,-05:00,America/New_York,OFF,OK,4,Flyers,Philadelphia,de Philadelphie,PHI,2,7,Sabres,Buffalo,de Buffalo,BUF,4,3,REG,3,REG,8475215.0,,,,,,,,,,,,,,,,,,,,BUF
2017020540,20172018,2,2017-12-22,False,2017-12-23T00:30:00Z,-05:00,-05:00,US/Eastern,OFF,OK,30,Wild,Minnesota,du Minnesota,MIN,2,13,Panthers,Florida,de la Floride,FLA,4,3,REG,3,REG,8473503.0,,,,,,,,,,,,,,,,,,,,FLA
2017020541,20172018,2,2017-12-22,False,2017-12-23T02:00:00Z,-05:00,-07:00,America/Edmonton,OFF,OK,8,Canadiens,Montréal,de Montréal,MTL,3,20,Flames,Calgary,de Calgary,CGY,2,3,REG,3,REG,8471679.0,,,,,,,,,,,,,,,,,,,,MTL
2017020542,20172018,2,2017-12-22,False,2017-12-23T02:00:00Z,-05:00,-07:00,America/Phoenix,OFF,OK,15,Capitals,Washington,de Washington,WSH,2,53,Coyotes,Arizona,de l'Arizona,ARI,3,4,OT,3,OT,8475809.0,,,,,,,,,,,,,,,,,,,,ARI
2017020544,20172018,2,2017-12-23,False,2017-12-23T18:00:00Z,-05:00,-05:00,America/New_York,OFF,OK,52,Jets,Winnipeg,de Winnipeg,WPG,2,2,Islanders,New York,de New York,NYI,5,3,REG,3,REG,8470860.0,,,,,,,,,,,,,,,,,,,,NYI
2017020543,20172018,2,2017-12-23,False,2017-12-23T18:00:00Z,-05:00,-05:00,US/Eastern,OFF,OK,17,Red Wings,Detroit,de Detroit,DET,1,6,Bruins,Boston,de Boston,BOS,3,3,REG,3,REG,8471695.0,,,,,,,,,,,,,,,,,,,,BOS
2017020546,20172018,2,2017-12-23,False,2017-12-24T00:00:00Z,-05:00,-05:00,US/Eastern,OFF,OK,9,Senators,Ottawa,d'Ottawa,OTT,0,13,Panthers,Florida,de la Floride,FLA,1,3,REG,3,REG,8473503.0,,,Sénateurs,,,,,,,,,,,,,,,,,FLA
2017020548,20172018,2,2017-12-23,False,2017-12-24T00:00:00Z,-05:00,-05:00,America/New_York,OFF,OK,10,Maple Leafs,Toronto,de Toronto,TOR,3,3,Rangers,New York,de New York,NYR,2,3,REG,3,REG,8475883.0,,,,,,,,,,,,,,,,,,,,TOR
2017020545,20172018,2,2017-12-23,False,2017-12-24T00:00:00Z,-05:00,-05:00,US/Eastern,OFF,OK,30,Wild,Minnesota,du Minnesota,MIN,0,14,Lightning,Tampa Bay,de Tampa Bay,TBL,3,3,REG,3,REG,8476883.0,,,,,,,,,,,,,,,,,,,,TBL
2017020550,20172018,2,2017-12-23,False,2017-12-24T00:00:00Z,-05:00,-05:00,US/Eastern,OFF,OK,7,Sabres,Buffalo,de Buffalo,BUF,2,12,Hurricanes,Carolina,de la Caroline,CAR,4,3,REG,3,REG,8470320.0,,,,,,,,,,,,,,,,,,,,CAR
2017020549,20172018,2,2017-12-23,False,2017-12-24T00:00:00Z,-05:00,-05:00,US/Eastern,OFF,OK,24,Ducks,Anaheim,d'Anaheim,ANA,4,5,Penguins,Pittsburgh,de Pittsburgh,PIT,0,3,REG,3,REG,8476434.0,,,,,,,,,,,,,,,,,,,,ANA
2017020552,20172018,2,2017-12-23,False,2017-12-24T00:00:00Z,-05:00,-07:00,America/Edmonton,OFF,OK,8,Canadiens,Montréal,de Montréal,MTL,1,22,Oilers,Edmonton,d'Edmonton,EDM,4,3,REG,3,REG,8475660.0,,,,,,,,,,,,,,,,,,,,EDM
2017020547,20172018,2,2017-12-23,False,2017-12-24T00:00:00Z,-05:00,-05:00,US/Eastern,OFF,OK,16,Blackhawks,Chicago,de Chicago,CHI,1,1,Devils,New Jersey,du New Jersey,NJD,4,3,REG,3,REG,8471239.0,,,,,,,,,,,,,,,,,,,,NJD
2017020551,20172018,2,2017-12-23,False,2017-12-24T00:00:00Z,-05:00,-05:00,US/Eastern,OFF,OK,4,Flyers,Philadelphia,de Philadelphie,PHI,1,29,Blue Jackets,Columbus,de Columbus,CBJ,2,5,SO,3,SO,8475683.0,,,,,,,,,,,,,,,,,,,,CBJ
2017020555,20172018,2,2017-12-23,False,2017-12-24T01:00:00Z,-05:00,-08:00,US/Pacific,OFF,OK,15,Capitals,Washington,de Washington,WSH,0,54,Golden Knights,Vegas,de Vegas,VGK,3,3,REG,3,REG,8470594.0,,,,,,,,,,,,,,,,,,,,VGK
2017020553,20172018,2,2017-12-23,False,2017-12-24T01:00:00Z,-05:00,-06:00,US/Central,OFF,OK,18,Predators,Nashville,de Nashville,NSH,3,25,Stars,Dallas,de Dallas,DAL,4,5,SO,3,SO,8471750.0,,,,,,,,,,,,,,,,,,,,DAL
2017020554,20172018,2,2017-12-23,False,2017-12-24T01:00:00Z,-05:00,-07:00,America/Phoenix,OFF,OK,21,Avalanche,Colorado,du Colorado,COL,6,53,Coyotes,Arizona,de l'Arizona,ARI,2,3,REG,3,REG,8473575.0,,,,,,,,,,,,,,,,,,,,COL
2017020556,20172018,2,2017-12-23,False,2017-12-24T03:00:00Z,-05:00,-08:00,America/Vancouver,OFF,OK,19,Blues,St. Louis,de St. Louis,STL,3,23,Canucks,Vancouver,de Vancouver,VAN,1,3,REG,3,REG,8474596.0,,,,,,,,,,,,,,,,,,,,STL
2017020557,20172018,2,2017-12-23,False,2017-12-24T03:00:00Z,-05:00,-08:00,US/Pacific,OFF,OK,26,Kings,Los Angeles,de Los Angeles,LAK,0,28,Sharks,San Jose,de San Jose,SJS,2,3,REG,3,REG,8474889.0,,,,,,,,,,,,,,,,,,,,SJS
2017020562,20172018,2,2017-12-27,False,2017-12-28T00:00:00Z,-05:00,-05:00,US/Eastern,OFF,OK,29,Blue Jackets,Columbus,de Columbus,CBJ,4,5,Penguins,Pittsburgh,de Pittsburgh,PIT,5,5,SO,3,SO,8476899.0,,,,,,,,,,,,,,,,,,,,PIT
2017020560,20172018,2,2017-12-27,False,2017-12-28T00:00:00Z,-05:00,-05:00,America/New_York,OFF,OK,7,Sabres,Buffalo,de Buffalo,BUF,2,2,Islanders,New York,de New York,NYI,3,4,OT,3,OT,8470860.0,,,,,,,,,,,,,,,,,,,,NYI
2017020563,20172018,2,2017-12-27,False,2017-12-28T00:00:00Z,-05:00,-05:00,US/Eastern,OFF,OK,8,Canadiens,Montréal,de Montréal,MTL,1,12,Hurricanes,Carolina,de la Caroline,CAR,3,3,REG,3,REG,8470320.0,,,,,,,,,,,,,,,,,,,,CAR
2017020558,20172018,2,2017-12-27,False,2017-12-28T00:00:00Z,-05:00,-05:00,US/Eastern,OFF,OK,9,Senators,Ottawa,d'Ottawa,OTT,1,6,Bruins,Boston,de Boston,BOS,5,3,REG,3,REG,8471695.0,,,Sénateurs,,,,,,,,,,,,,,,,,BOS
2017020559,20172018,2,2017-12-27,False,2017-12-28T00:00:00Z,-05:00,-05:00,US/Eastern,OFF,OK,17,Red Wings,Detroit,de Detroit,DET,1,1,Devils,New Jersey,du New Jersey,NJD,3,3,REG,3,REG,8471239.0,,,,,,,,,,,,,,,,,,,,NJD
2017020561,20172018,2,2017-12-27,False,2017-12-28T01:00:00Z,-05:00,-05:00,America/New_York,OFF,OK,15,Capitals,Washington,de Washington,WSH,0,3,Rangers,New York,de New York,NYR,1,5,SO,3,SO,8471715.0,,,,,,,,,,,,,,,,,,,,NYR
2017020565,20172018,2,2017-12-27,False,2017-12-28T01:00:00Z,-05:00,-06:00,US/Central,OFF,OK,25,Stars,Dallas,de Dallas,DAL,2,30,Wild,Minnesota,du Minnesota,MIN,4,3,REG,3,REG,8471774.0,,,,,,,,,,,,,,,,,,,,MIN
2017020566,20172018,2,2017-12-27,False,2017-12-28T01:00:00Z,-05:00,-06:00,America/Winnipeg,OFF,OK,22,Oilers,Edmonton,d'Edmonton,EDM,3,52,Jets,Winnipeg,de Winnipeg,WPG,4,3,REG,3,REG,8476945.0,,,,,,,,,,,,,,,,,,,,WPG
2017020564,20172018,2,2017-12-27,False,2017-12-28T01:00:00Z,-05:00,-06:00,US/Central,OFF,OK,18,Predators,Nashville,de Nashville,NSH,2,19,Blues,St. Louis,de St. Louis,STL,1,3,REG,3,REG,8471469.0,,,,,,,,,,,,,,,,,,,,NSH
2017020567,20172018,2,2017-12-27,False,2017-12-28T02:00:00Z,-05:00,-07:00,America/Denver,OFF,OK,53,Coyotes,Arizona,de l'Arizona,ARI,3,21,Avalanche,Colorado,du Colorado,COL,1,3,REG,3,REG,8477293.0,,,,,,,,,,,,,,,,,,,,ARI
2017020568,20172018,2,2017-12-27,False,2017-12-28T03:00:00Z,-05:00,-08:00,America/Los_Angeles,OFF,OK,54,Golden Knights,Vegas,de Vegas,VGK,4,24,Ducks,Anaheim,d'Anaheim,ANA,1,3,REG,3,REG,8476876.0,,,,,,,,,,,,,,,,,,,,VGK
2017020571,20172018,2,2017-12-28,False,2017-12-29T00:30:00Z,-05:00,-05:00,US/Eastern,OFF,OK,4,Flyers,Philadelphia,de Philadelphie,PHI,2,13,Panthers,Florida,de la Floride,FLA,3,3,REG,3,REG,8473503.0,,,,,,,,,,,,,,,,,,,,FLA
2017020570,20172018,2,2017-12-28,False,2017-12-29T00:30:00Z,-05:00,-05:00,US/Eastern,OFF,OK,8,Canadiens,Montréal,de Montréal,MTL,1,14,Lightning,Tampa Bay,de Tampa Bay,TBL,3,3,REG,3,REG,8476883.0,,,,,,,,,,,,,,,,,,,,TBL
2017020569,20172018,2,2017-12-28,False,2017-12-29T00:30:00Z,-05:00,-05:00,US/Eastern,OFF,OK,6,Bruins,Boston,de Boston,BOS,3,15,Capitals,Washington,de Washington,WSH,4,5,SO,3,SO,8474651.0,,,,,,,,,,,,,,,,,,,,WSH
2017020572,20172018,2,2017-12-28,False,2017-12-29T02:00:00Z,-05:00,-07:00,America/Phoenix,OFF,OK,10,Maple Leafs,Toronto,de Toronto,TOR,7,53,Coyotes,Arizona,de l'Arizona,ARI,4,3,REG,3,REG,8475883.0,,,,,,,,,,,,,,,,,,,,TOR
2017020574,20172018,2,2017-12-28,False,2017-12-29T03:00:00Z,-05:00,-08:00,America/Los_Angeles,OFF,OK,54,Golden Knights,Vegas,de Vegas,VGK,3,26,Kings,Los Angeles,de Los Angeles,LAK,2,4,OT,3,OT,8470594.0,,,,,,,,,,,,,,,,,,,,VGK
2017020573,20172018,2,2017-12-28,False,2017-12-29T03:00:00Z,-05:00,-08:00,America/Vancouver,OFF,OK,16,Blackhawks,Chicago,de Chicago,CHI,2,23,Canucks,Vancouver,de Vancouver,VAN,5,3,REG,3,REG,8474593.0,,Markström,,,,,,,,,,,,,,,,,,VAN
2017020575,20172018,2,2017-12-28,False,2017-12-29T03:30:00Z,-05:00,-08:00,US/Pacific,OFF,OK,20,Flames,Calgary,de Calgary,CGY,2,28,Sharks,San Jose,de San Jose,SJS,3,5,SO,3,SO,8474889.0,,,,,,,,,,,,,,,,,,,,SJS
2017020576,20172018,2,2017-12-29,False,2017-12-30T00:00:00Z,-05:00,-05:00,US/Eastern,OFF,OK,7,Sabres,Buffalo,de Buffalo,BUF,4,1,Devils,New Jersey,du New Jersey,NJD,3,4,OT,3,OT,8475215.0,,,,,,,,,,,,,,,,,,,,BUF
2017020577,20172018,2,2017-12-29,False,2017-12-30T00:30:00Z,-05:00,-05:00,US/Eastern,OFF,OK,29,Blue Jackets,Columbus,de Columbus,CBJ,4,9,Senators,Ottawa,d'Ottawa,OTT,5,3,REG,3,REG,8477237.0,,,,Sénateurs,,,,,,,,,,,,,,,,OTT
2017020580,20172018,2,2017-12-29,False,2017-12-30T00:30:00Z,-05:00,-05:00,US/Eastern,OFF,OK,5,Penguins,Pittsburgh,de Pittsburgh,PIT,1,12,Hurricanes,Carolina,de la Caroline,CAR,2,3,REG,3,REG,8470320.0,,,,,,,,,,,,,,,,,,,,CAR
2017020578,20172018,2,2017-12-29,False,2017-12-30T00:30:00Z,-05:00,-05:00,America/Detroit,OFF,OK,3,Rangers,New York,de New York,NYR,2,17,Red Wings,Detroit,de Detroit,DET,3,5,SO,3,SO,8470657.0,,,,,,,,,,,,,,,,,,,,DET
2017020579,20172018,2,2017-12-29,False,2017-12-30T00:30:00Z,-05:00,-05:00,US/Eastern,OFF,OK,4,Flyers,Philadelphia,de Philadelphie,PHI,5,14,Lightning,Tampa Bay,de Tampa Bay,TBL,3,3,REG,3,REG,8470880.0,,,,,,,,,,,,,,,,,,,,PHI
2017020582,20172018,2,2017-12-29,False,2017-12-30T01:00:00Z,-05:00,-06:00,America/Winnipeg,OFF,OK,2,Islanders,New York,de New York,NYI,2,52,Jets,Winnipeg,de Winnipeg,WPG,4,3,REG,3,REG,8476945.0,,,,,,,,,,,,,,,,,,,,WPG
2017020581,20172018,2,2017-12-29,False,2017-12-30T01:00:00Z,-05:00,-06:00,US/Central,OFF,OK,18,Predators,Nashville,de Nashville,NSH,2,30,Wild,Minnesota,du Minnesota,MIN,4,3,REG,3,REG,8471227.0,,,,,,,,,,,,,,,,,,,,MIN
2017020583,20172018,2,2017-12-29,False,2017-12-30T01:30:00Z,-05:00,-06:00,US/Central,OFF,OK,19,Blues,St. Louis,de St. Louis,STL,2,25,Stars,Dallas,de Dallas,DAL,4,3,REG,3,REG,8471750.0,,,,,,,,,,,,,,,,,,,,DAL
2017020584,20172018,2,2017-12-29,False,2017-12-30T02:00:00Z,-05:00,-07:00,America/Denver,OFF,OK,10,Maple Leafs,Toronto,de Toronto,TOR,3,21,Avalanche,Colorado,du Colorado,COL,4,4,OT,3,OT,8473575.0,,,,,,,,,,,,,,,,,,,,COL
2017020585,20172018,2,2017-12-29,False,2017-12-30T02:00:00Z,-05:00,-07:00,America/Edmonton,OFF,OK,16,Blackhawks,Chicago,de Chicago,CHI,4,22,Oilers,Edmonton,d'Edmonton,EDM,3,4,OT,3,OT,8471301.0,,,,,,,,,,,,,,,,,,,,CHI
2017020586,20172018,2,2017-12-29,False,2017-12-30T03:00:00Z,-05:00,-08:00,America/Los_Angeles,OFF,OK,20,Flames,Calgary,de Calgary,CGY,1,24,Ducks,Anaheim,d'Anaheim,ANA,2,3,REG,3,REG,8476434.0,,,,,,,,,,,,,,,,,,,,ANA
2017020589,20172018,2,2017-12-30,False,2017-12-31T00:00:00Z,-05:00,-05:00,US/Eastern,OFF,OK,1,Devils,New Jersey,du New Jersey,NJD,2,15,Capitals,Washington,de Washington,WSH,5,3,REG,3,REG,8474651.0,,,,,,,,,,,,,,,,,,,,WSH
2017020587,20172018,2,2017-12-30,False,2017-12-31T00:00:00Z,-05:00,-05:00,US/Eastern,OFF,OK,6,Bruins,Boston,de Boston,BOS,5,9,Senators,Ottawa,d'Ottawa,OTT,0,3,REG,3,REG,8471695.0,,,,Sénateurs,,,,,,,,,,,,,,,,BOS
2017020588,20172018,2,2017-12-30,False,2017-12-31T00:00:00Z,-05:00,-05:00,US/Eastern,OFF,OK,8,Canadiens,Montréal,de Montréal,MTL,0,13,Panthers,Florida,de la Floride,FLA,2,3,REG,3,REG,8473503.0,,,,,,,,,,,,,,,,,,,,FLA
2017020591,20172018,2,2017-12-30,False,2017-12-31T01:00:00Z,-05:00,-06:00,US/Central,OFF,OK,30,Wild,Minnesota,du Minnesota,MIN,0,18,Predators,Nashville,de Nashville,NSH,3,3,REG,3,REG,8477424.0,,,,,,,,,,,,,,,,,,,,NSH
2017020590,20172018,2,2017-12-30,False,2017-12-31T01:00:00Z,-05:00,-06:00,US/Central,OFF,OK,12,Hurricanes,Carolina,de la Caroline,CAR,2,19,Blues,St. Louis,de St. Louis,STL,3,3,REG,3,REG,8475622.0,,,,,,,,,,,,,,,,,,,,STL
2017020592,20172018,2,2017-12-30,False,2017-12-31T03:00:00Z,-05:00,-08:00,America/Vancouver,OFF,OK,26,Kings,Los Angeles,de Los Angeles,LAK,4,23,Canucks,Vancouver,de Vancouver,VAN,3,3,REG,3,REG,8471734.0,,,,,,,,,,,,,,,,,,,,LAK
2017020593,20172018,2,2017-12-31,False,2017-12-31T20:30:00Z,-05:00,-08:00,US/Pacific,OFF,OK,10,Maple Leafs,Toronto,de Toronto,TOR,3,54,Golden Knights,Vegas,de Vegas,VGK,6,3,REG,3,REG,8476876.0,,,,,,,,,,,,,,,,,,,,VGK
2017020598,20172018,2,2017-12-31,False,2017-12-31T21:00:00Z,-05:00,-08:00,America/Los_Angeles,OFF,OK,53,Coyotes,Arizona,de l'Arizona,ARI,2,24,Ducks,Anaheim,d'Anaheim,ANA,5,3,REG,3,REG,8476434.0,,,,,,,,,,,,,,,,,,,,ANA
2017020594,20172018,2,2017-12-31,False,2017-12-31T23:00:00Z,-05:00,-05:00,US/Eastern,OFF,OK,14,Lightning,Tampa Bay,de Tampa Bay,TBL,5,29,Blue Jackets,Columbus,de Columbus,CBJ,0,3,REG,3,REG,8476883.0,,,,,,,,,,,,,,,,,,,,TBL
2017020600,20172018,2,2017-12-31,False,2018-01-01T00:00:00Z,-05:00,-07:00,America/Edmonton,OFF,OK,52,Jets,Winnipeg,de Winnipeg,WPG,5,22,Oilers,Edmonton,d'Edmonton,EDM,0,3,REG,3,REG,8476945.0,,,,,,,,,,,,,,,,,,,,WPG
2017020595,20172018,2,2017-12-31,False,2018-01-01T00:00:00Z,-05:00,-05:00,America/Detroit,OFF,OK,5,Penguins,Pittsburgh,de Pittsburgh,PIT,1,17,Red Wings,Detroit,de Detroit,DET,4,3,REG,3,REG,8470657.0,,,,,,,,,,,,,,,,,,,,DET
2017020596,20172018,2,2017-12-31,False,2018-01-01T01:00:00Z,-05:00,-06:00,US/Central,OFF,OK,28,Sharks,San Jose,de San Jose,SJS,0,25,Stars,Dallas,de Dallas,DAL,6,3,REG,3,REG,8471750.0,,,,,,,,,,,,,,,,,,,,DAL
2017020597,20172018,2,2017-12-31,False,2018-01-01T01:00:00Z,-05:00,-07:00,America/Denver,OFF,OK,2,Islanders,New York,de New York,NYI,1,21,Avalanche,Colorado,du Colorado,COL,6,3,REG,3,REG,8473541.0,,,,,,,,,,,,,,,,,,,,COL
2017020599,20172018,2,2017-12-31,False,2018-01-01T02:00:00Z,-05:00,-07:00,America/Edmonton,OFF,OK,16,Blackhawks,Chicago,de Chicago,CHI,3,20,Flames,Calgary,de Calgary,CGY,4,4,OT,3,OT,8469608.0,,,,,,,,,,,,,,,,,,,,CGY
2017020601,20172018,2,2018-01-01,True,2018-01-01T18:00:00Z,-05:00,-05:00,America/New_York,OFF,OK,3,Rangers,New York,de New York,NYR,3,7,Sabres,Buffalo,de Buffalo,BUF,2,4,OT,3,OT,8468685.0,,,,,,,,,,,,,,3.0,Bridgestone NHL Winter Classic,Classique d'hiver NHL,,,,NYR
2017020604,20172018,2,2018-01-02,False,2018-01-03T00:00:00Z,-05:00,-05:00,US/Eastern,OFF,OK,5,Penguins,Pittsburgh,de Pittsburgh,PIT,5,4,Flyers,Philadelphia,de Philadelphie,PHI,1,3,REG,3,REG,8477465.0,,,,,,,,,,,,,,,,,,,,PIT
2017020602,20172018,2,2018-01-02,False,2018-01-03T00:00:00Z,-05:00,-05:00,America/Toronto,OFF,OK,14,Lightning,Tampa Bay,de Tampa Bay,TBL,2,10,Maple Leafs,Toronto,de Toronto,TOR,0,3,REG,3,REG,8476883.0,,,,,,,,,,,,,,,,,,,,TBL
2017020603,20172018,2,2018-01-02,False,2018-01-03T00:00:00Z,-05:00,-05:00,America/New_York,OFF,OK,6,Bruins,Boston,de Boston,BOS,5,2,Islanders,New York,de New York,NYI,1,3,REG,3,REG,8471695.0,,,,,,,,,,,,,,,,,,,,BOS
2017020605,20172018,2,2018-01-02,False,2018-01-03T00:00:00Z,-05:00,-05:00,US/Eastern,OFF,OK,15,Capitals,Washington,de Washington,WSH,5,12,Hurricanes,Carolina,de la Caroline,CAR,4,4,OT,3,OT,8474651.0,,,,,,,,,,,,,,,,,,,,WSH
2017020606,20172018,2,2018-01-02,False,2018-01-03T00:30:00Z,-05:00,-05:00,America/Montreal,OFF,OK,28,Sharks,San Jose,de San Jose,SJS,4,8,Canadiens,Montréal,de Montréal,MTL,1,3,REG,3,REG,8477180.0,,,,,,,,,,,,,,,,,,,,SJS
2017020607,20172018,2,2018-01-02,False,2018-01-03T01:00:00Z,-05:00,-06:00,US/Central,OFF,OK,1,Devils,New Jersey,du New Jersey,NJD,2,19,Blues,St. Louis,de St. Louis,STL,3,5,SO,3,SO,8475622.0,,,,,,,,,,,,,,,,,,,,STL
2017020608,20172018,2,2018-01-02,False,2018-01-03T01:00:00Z,-05:00,-06:00,US/Central,OFF,OK,13,Panthers,Florida,de la Floride,FLA,1,30,Wild,Minnesota,du Minnesota,MIN,5,3,REG,3,REG,8471227.0,,,,,,,,,,,,,,,,,,,,MIN
2017020609,20172018,2,2018-01-02,False,2018-01-03T01:30:00Z,-05:00,-06:00,US/Central,OFF,OK,29,Blue Jackets,Columbus,de Columbus,CBJ,2,25,Stars,Dallas,de Dallas,DAL,1,3,REG,3,REG,8475683.0,,,,,,,,,,,,,,,,,,,,CBJ
2017020610,20172018,2,2018-01-02,False,2018-01-03T02:00:00Z,-05:00,-07:00,America/Denver,OFF,OK,52,Jets,Winnipeg,de Winnipeg,WPG,2,21,Avalanche,Colorado,du Colorado,COL,3,4,OT,3,OT,8473541.0,,,,,,,,,,,,,,,,,,,,COL
2017020611,20172018,2,2018-01-02,False,2018-01-03T02:30:00Z,-05:00,-07:00,America/Edmonton,OFF,OK,26,Kings,Los Angeles,de Los Angeles,LAK,5,22,Oilers,Edmonton,d'Edmonton,EDM,0,3,REG,3,REG,8471734.0,,,,,,,,,,,,,,,,,,,,LAK
2017020612,20172018,2,2018-01-02,False,2018-01-03T03:00:00Z,-05:00,-08:00,America/Vancouver,OFF,OK,24,Ducks,Anaheim,d'Anaheim,ANA,5,23,Canucks,Vancouver,de Vancouver,VAN,0,3,REG,3,REG,8468011.0,,,,,,,,,,,,,,,,,,,,ANA
2017020613,20172018,2,2018-01-02,False,2018-01-03T03:00:00Z,-05:00,-08:00,US/Pacific,OFF,OK,18,Predators,Nashville,de Nashville,NSH,0,54,Golden Knights,Vegas,de Vegas,VGK,3,3,REG,3,REG,8470594.0,,,,,,,,,,,,,,,,,,,,VGK
2017020614,20172018,2,2018-01-03,False,2018-01-04T00:30:00Z,-05:00,-05:00,America/Detroit,OFF,OK,9,Senators,Ottawa,d'Ottawa,OTT,1,17,Red Wings,Detroit,de Detroit,DET,2,4,OT,3,OT,8470657.0,,,Sénateurs,,,,,,,,,,,,,,,,,DET
2017020615,20172018,2,2018-01-03,False,2018-01-04T01:00:00Z,-05:00,-05:00,America/New_York,OFF,OK,16,Blackhawks,Chicago,de Chicago,CHI,5,3,Rangers,New York,de New York,NYR,2,3,REG,3,REG,8471301.0,,,,,,,,,,,,,,,,,,,,CHI
2017020617,20172018,2,2018-01-04,False,2018-01-05T00:00:00Z,-05:00,-05:00,America/Toronto,OFF,OK,28,Sharks,San Jose,de San Jose,SJS,2,10,Maple Leafs,Toronto,de Toronto,TOR,3,5,SO,3,SO,8475883.0,,,,,,,,,,,,,,,,,,,,TOR
2017020618,20172018,2,2018-01-04,False,2018-01-05T00:00:00Z,-05:00,-05:00,US/Eastern,OFF,OK,2,Islanders,New York,de New York,NYI,4,4,Flyers,Philadelphia,de Philadelphie,PHI,6,3,REG,3,REG,8470880.0,,,,,,,,,,,,,,,,,,,,PHI
2017020619,20172018,2,2018-01-04,False,2018-01-05T00:00:00Z,-05:00,-05:00,US/Eastern,OFF,OK,12,Hurricanes,Carolina,de la Caroline,CAR,4,5,Penguins,Pittsburgh,de Pittsburgh,PIT,0,3,REG,3,REG,8470320.0,,,,,,,,,,,,,,,,,,,,CAR
2017020620,20172018,2,2018-01-04,False,2018-01-05T00:30:00Z,-05:00,-05:00,America/Montreal,OFF,OK,14,Lightning,Tampa Bay,de Tampa Bay,TBL,1,8,Canadiens,Montréal,de Montréal,MTL,2,5,SO,3,SO,8471679.0,,,,,,,,,,,,,,,,,,,,MTL
2017020621,20172018,2,2018-01-04,False,2018-01-05T01:00:00Z,-05:00,-06:00,US/Central,OFF,OK,54,Golden Knights,Vegas,de Vegas,VGK,1,19,Blues,St. Louis,de St. Louis,STL,2,3,REG,3,REG,8475622.0,,,,,,,,,,,,,,,,,,,,STL
2017020622,20172018,2,2018-01-04,False,2018-01-05T01:00:00Z,-05:00,-06:00,US/Central,OFF,OK,7,Sabres,Buffalo,de Buffalo,BUF,2,30,Wild,Minnesota,du Minnesota,MIN,6,3,REG,3,REG,8471227.0,,,,,,,,,,,,,,,,,,,,MIN
2017020623,20172018,2,2018-01-04,False,2018-01-05T01:30:00Z,-05:00,-06:00,US/Central,OFF,OK,1,Devils,New Jersey,du New Jersey,NJD,3,25,Stars,Dallas,de Dallas,DAL,4,3,REG,3,REG,8471750.0,,,,,,,,,,,,,,,,,,,,DAL
2017020627,20172018,2,2018-01-04,False,2018-01-05T02:00:00Z,-05:00,-07:00,America/Phoenix,OFF,OK,18,Predators,Nashville,de Nashville,NSH,2,53,Coyotes,Arizona,de l'Arizona,ARI,3,4,OT,3,OT,8477293.0,,,,,,,,,,,,,,,,,,,,ARI
2017020626,20172018,2,2018-01-04,False,2018-01-05T02:00:00Z,-05:00,-07:00,America/Edmonton,OFF,OK,24,Ducks,Anaheim,d'Anaheim,ANA,1,22,Oilers,Edmonton,d'Edmonton,EDM,2,5,SO,3,SO,8475660.0,,,,,,,,,,,,,,,,,,,,EDM
2017020624,20172018,2,2018-01-04,False,2018-01-05T02:00:00Z,-05:00,-07:00,America/Denver,OFF,OK,29,Blue Jackets,Columbus,de Columbus,CBJ,0,21,Avalanche,Colorado,du Colorado,COL,2,3,REG,3,REG,8473541.0,,,,,,,,,,,,,,,,,,,,COL
2017020625,20172018,2,2018-01-04,False,2018-01-05T02:00:00Z,-05:00,-07:00,America/Edmonton,OFF,OK,26,Kings,Los Angeles,de Los Angeles,LAK,3,20,Flames,Calgary,de Calgary,CGY,4,3,REG,3,REG,8469608.0,,,,,,,,,,,,,,,,,,,,CGY
2017020628,20172018,2,2018-01-05,False,2018-01-06T00:00:00Z,-05:00,-05:00,America/New_York,OFF,OK,5,Penguins,Pittsburgh,de Pittsburgh,PIT,4,2,Islanders,New York,de New York,NYI,0,3,REG,3,REG,8477465.0,,,,,,,,,,,,,,,,,,,,PIT
2017020629,20172018,2,2018-01-05,False,2018-01-06T00:30:00Z,-05:00,-05:00,US/Eastern,OFF,OK,28,Sharks,San Jose,de San Jose,SJS,5,9,Senators,Ottawa,d'Ottawa,OTT,6,4,OT,3,OT,8467950.0,,,,Sénateurs,,,,,,,,,,,,,,,,OTT
2017020630,20172018,2,2018-01-05,False,2018-01-06T00:30:00Z,-05:00,-05:00,America/Detroit,OFF,OK,13,Panthers,Florida,de la Floride,FLA,2,17,Red Wings,Detroit,de Detroit,DET,4,3,REG,3,REG,8470657.0,,,,,,,,,,,,,,,,,,,,DET
2017020631,20172018,2,2018-01-05,False,2018-01-06T01:00:00Z,-05:00,-06:00,America/Winnipeg,OFF,OK,7,Sabres,Buffalo,de Buffalo,BUF,3,52,Jets,Winnipeg,de Winnipeg,WPG,4,3,REG,3,REG,8476945.0,,,,,,,,,,,,,,,,,,,,WPG
2017020632,20172018,2,2018-01-05,False,2018-01-06T01:30:00Z,-05:00,-06:00,America/Chicago,OFF,OK,54,Golden Knights,Vegas,de Vegas,VGK,5,16,Blackhawks,Chicago,de Chicago,CHI,4,3,REG,3,REG,8476876.0,,,,,,,,,,,,,,,,,,,,VGK
2017020633,20172018,2,2018-01-06,False,2018-01-06T18:00:00Z,-05:00,-05:00,US/Eastern,OFF,OK,19,Blues,St. Louis,de St. Louis,STL,3,4,Flyers,Philadelphia,de Philadelphie,PHI,6,3,REG,3,REG,8470880.0,,,,,,,,,,,,,,,,,,,,PHI
2017020634,20172018,2,2018-01-06,False,2018-01-06T20:00:00Z,-05:00,-06:00,US/Central,OFF,OK,22,Oilers,Edmonton,d'Edmonton,EDM,1,25,Stars,Dallas,de Dallas,DAL,5,3,REG,3,REG,8471750.0,,,,,,,,,,,,,,,,,,,,DAL
2017020636,20172018,2,2018-01-06,False,2018-01-07T00:00:00Z,-05:00,-05:00,US/Eastern,OFF,OK,12,Hurricanes,Carolina,de la Caroline,CAR,1,6,Bruins,Boston,de Boston,BOS,7,3,REG,3,REG,8471418.0,,,,,,,,,,,,,,,,,,,,BOS
2017020637,20172018,2,2018-01-06,False,2018-01-07T00:00:00Z,-05:00,-05:00,America/Toronto,OFF,OK,23,Canucks,Vancouver,de Vancouver,VAN,2,10,Maple Leafs,Toronto,de Toronto,TOR,3,5,SO,3,SO,8475883.0,,,,,,,,,,,,,,,,,,,,TOR
2017020638,20172018,2,2018-01-06,False,2018-01-07T00:00:00Z,-05:00,-05:00,US/Eastern,OFF,OK,14,Lightning,Tampa Bay,de Tampa Bay,TBL,3,9,Senators,Ottawa,d'Ottawa,OTT,6,3,REG,3,REG,8467950.0,,,,Sénateurs,,,,,,,,,,,,,,,,OTT
2017020639,20172018,2,2018-01-06,False,2018-01-07T01:00:00Z,-05:00,-07:00,America/Phoenix,OFF,OK,3,Rangers,New York,de New York,NYR,2,53,Coyotes,Arizona,de l'Arizona,ARI,1,5,SO,3,SO,8468685.0,,,,,,,,,,,,,,,,,,,,NYR
2017020635,20172018,2,2018-01-06,False,2018-01-07T02:00:00Z,-05:00,-07:00,America/Denver,OFF,OK,30,Wild,Minnesota,du Minnesota,MIN,2,21,Avalanche,Colorado,du Colorado,COL,7,3,REG,3,REG,8473541.0,,,,,,,,,,,,,,,,,,,,COL
2017020640,20172018,2,2018-01-06,False,2018-01-07T03:00:00Z,-05:00,-07:00,America/Edmonton,OFF,OK,24,Ducks,Anaheim,d'Anaheim,ANA,2,20,Flames,Calgary,de Calgary,CGY,3,3,REG,3,REG,8469608.0,,,,,,,,,,,,,,,,,,,,CGY
2017020641,20172018,2,2018-01-06,False,2018-01-07T03:30:00Z,-05:00,-08:00,America/Los_Angeles,OFF,OK,18,Predators,Nashville,de Nashville,NSH,4,26,Kings,Los Angeles,de Los Angeles,LAK,3,3,REG,3,REG,8471469.0,,,,,,,,,,,,,,,,,,,,NSH
2017020643,20172018,2,2018-01-07,False,2018-01-07T18:00:00Z,-05:00,-05:00,US/Eastern,OFF,OK,7,Sabres,Buffalo,de Buffalo,BUF,1,4,Flyers,Philadelphia,de Philadelphie,PHI,4,3,REG,3,REG,8473607.0,,,,,,,,,,,,,,,,,,,,PHI
2017020642,20172018,2,2018-01-07,False,2018-01-07T18:00:00Z,-05:00,-05:00,America/New_York,OFF,OK,1,Devils,New Jersey,du New Jersey,NJD,4,2,Islanders,New York,de New York,NYI,5,5,SO,3,SO,8470860.0,,,,,,,,,,,,,,,,,,,,NYI
2017020644,20172018,2,2018-01-07,False,2018-01-07T20:00:00Z,-05:00,-05:00,US/Eastern,OFF,OK,19,Blues,St. Louis,de St. Louis,STL,3,15,Capitals,Washington,de Washington,WSH,4,4,OT,3,OT,8474651.0,,,,,,,,,,,,,,,,,,,,WSH
2017020646,20172018,2,2018-01-07,False,2018-01-07T20:00:00Z,-05:00,-06:00,America/Winnipeg,OFF,OK,28,Sharks,San Jose,de San Jose,SJS,1,52,Jets,Winnipeg,de Winnipeg,WPG,4,3,REG,3,REG,8476945.0,,,,,,,,,,,,,,,,,,,,WPG
2017020645,20172018,2,2018-01-07,False,2018-01-07T20:00:00Z,-05:00,-06:00,America/Chicago,OFF,OK,22,Oilers,Edmonton,d'Edmonton,EDM,1,16,Blackhawks,Chicago,de Chicago,CHI,4,3,REG,3,REG,8476341.0,,,,,,,,,,,,,,,,,,,,CHI
2017020647,20172018,2,2018-01-07,False,2018-01-07T22:00:00Z,-05:00,-05:00,US/Eastern,OFF,OK,13,Panthers,Florida,de la Floride,FLA,2,29,Blue Jackets,Columbus,de Columbus,CBJ,3,5,SO,3,SO,8475683.0,,,,,,,,,,,,,,,,,,,,CBJ
2017020648,20172018,2,2018-01-07,False,2018-01-08T00:00:00Z,-05:00,-05:00,America/Montreal,OFF,OK,23,Canucks,Vancouver,de Vancouver,VAN,2,8,Canadiens,Montréal,de Montréal,MTL,5,3,REG,3,REG,8471679.0,,,,,,,,,,,,,,,,,,,,MTL
2017020649,20172018,2,2018-01-07,False,2018-01-08T00:00:00Z,-05:00,-05:00,America/Detroit,OFF,OK,14,Lightning,Tampa Bay,de Tampa Bay,TBL,5,17,Red Wings,Detroit,de Detroit,DET,2,3,REG,3,REG,8475839.0,,,,,,,,,,,,,,,,,,,,TBL
2017020650,20172018,2,2018-01-07,False,2018-01-08T00:30:00Z,-05:00,-05:00,US/Eastern,OFF,OK,6,Bruins,Boston,de Boston,BOS,5,5,Penguins,Pittsburgh,de Pittsburgh,PIT,6,4,OT,3,OT,8476899.0,,,,,,,,,,,,,,,,,,,,PIT
2017020651,20172018,2,2018-01-07,False,2018-01-08T02:30:00Z,-05:00,-08:00,US/Pacific,OFF,OK,3,Rangers,New York,de New York,NYR,1,54,Golden Knights,Vegas,de Vegas,VGK,2,3,REG,3,REG,8470594.0,,,,,,,,,,,,,,,,,,,,VGK
2017020652,20172018,2,2018-01-08,False,2018-01-09T00:00:00Z,-05:00,-05:00,America/Toronto,OFF,OK,29,Blue Jackets,Columbus,de Columbus,CBJ,3,10,Maple Leafs,Toronto,de Toronto,TOR,2,4,OT,3,OT,8475683.0,,,,,,,,,,,,,,,,,,,,CBJ
2017020653,20172018,2,2018-01-09,False,2018-01-10T00:00:00Z,-05:00,-05:00,America/New_York,OFF,OK,52,Jets,Winnipeg,de Winnipeg,WPG,7,7,Sabres,Buffalo,de Buffalo,BUF,4,3,REG,3,REG,8473461.0,,,,,,,,,,,,,,,,,,,,WPG
2017020654,20172018,2,2018-01-09,False,2018-01-10T00:00:00Z,-05:00,-05:00,US/Eastern,OFF,OK,23,Canucks,Vancouver,de Vancouver,VAN,1,15,Capitals,Washington,de Washington,WSH,3,3,REG,3,REG,8475831.0,,,,,,,,,,,,,,,,,,,,WSH
2017020656,20172018,2,2018-01-09,False,2018-01-10T00:30:00Z,-05:00,-05:00,US/Eastern,OFF,OK,12,Hurricanes,Carolina,de la Caroline,CAR,4,14,Lightning,Tampa Bay,de Tampa Bay,TBL,5,3,REG,3,REG,8476883.0,,,,,,,,,,,,,,,,,,,,TBL
2017020655,20172018,2,2018-01-09,False,2018-01-10T00:30:00Z,-05:00,-05:00,US/Eastern,OFF,OK,16,Blackhawks,Chicago,de Chicago,CHI,8,9,Senators,Ottawa,d'Ottawa,OTT,2,3,REG,3,REG,8476341.0,,,,Sénateurs,,,,,,,,,,,,,,,,CHI
2017020657,20172018,2,2018-01-09,False,2018-01-10T01:00:00Z,-05:00,-06:00,US/Central,OFF,OK,13,Panthers,Florida,de la Floride,FLA,7,19,Blues,St. Louis,de St. Louis,STL,4,3,REG,3,REG,8473503.0,,,,,,,,,,,,,,,,,,,,FLA
2017020658,20172018,2,2018-01-09,False,2018-01-10T01:00:00Z,-05:00,-06:00,US/Central,OFF,OK,22,Oilers,Edmonton,d'Edmonton,EDM,1,18,Predators,Nashville,de Nashville,NSH,2,3,REG,3,REG,8471469.0,,,,,,,,,,,,,,,,,,,,NSH
2017020659,20172018,2,2018-01-09,False,2018-01-10T01:00:00Z,-05:00,-06:00,US/Central,OFF,OK,20,Flames,Calgary,de Calgary,CGY,3,30,Wild,Minnesota,du Minnesota,MIN,2,4,OT,3,OT,8469608.0,,,,,,,,,,,,,,,,,,,,CGY
2017020660,20172018,2,2018-01-10,False,2018-01-11T00:30:00Z,-05:00,-05:00,America/Toronto,OFF,OK,9,Senators,Ottawa,d'Ottawa,OTT,4,10,Maple Leafs,Toronto,de Toronto,TOR,3,3,REG,3,REG,8467950.0,,,Sénateurs,,,,,,,,,,,,,,,,,OTT
2017020661,20172018,2,2018-01-10,False,2018-01-11T01:00:00Z,-05:00,-06:00,America/Chicago,OFF,OK,30,Wild,Minnesota,du Minnesota,MIN,2,16,Blackhawks,Chicago,de Chicago,CHI,1,3,REG,3,REG,8471227.0,,,,,,,,,,,,,,,,,,,,MIN
2017020662,20172018,2,2018-01-11,False,2018-01-12T00:00:00Z,-05:00,-05:00,America/New_York,OFF,OK,29,Blue Jackets,Columbus,de Columbus,CBJ,1,7,Sabres,Buffalo,de Buffalo,BUF,3,3,REG,3,REG,8476999.0,,,,,,,,,,,,,,,,,,,,BUF
2017020663,20172018,2,2018-01-11,False,2018-01-12T00:00:00Z,-05:00,-05:00,US/Eastern,OFF,OK,12,Hurricanes,Carolina,de la Caroline,CAR,3,15,Capitals,Washington,de Washington,WSH,1,3,REG,3,REG,8474152.0,,,,,,,,,,,,,,,,,,,,CAR
2017020664,20172018,2,2018-01-11,False,2018-01-12T00:30:00Z,-05:00,-05:00,US/Eastern,OFF,OK,20,Flames,Calgary,de Calgary,CGY,5,14,Lightning,Tampa Bay,de Tampa Bay,TBL,1,3,REG,3,REG,8469608.0,,,,,,,,,,,,,,,,,,,,CGY
2017020665,20172018,2,2018-01-12,False,2018-01-13T00:00:00Z,-05:00,-05:00,US/Eastern,OFF,OK,23,Canucks,Vancouver,de Vancouver,VAN,5,29,Blue Jackets,Columbus,de Columbus,CBJ,2,3,REG,3,REG,8474593.0,,Markström,,,,,,,,,,,,,,,,,,VAN
2017020666,20172018,2,2018-01-12,False,2018-01-13T00:30:00Z,-05:00,-05:00,US/Eastern,OFF,OK,20,Flames,Calgary,de Calgary,CGY,4,13,Panthers,Florida,de la Floride,FLA,2,3,REG,3,REG,8479496.0,,,,,,,,,,,,,,,,,,,,CGY
2017020667,20172018,2,2018-01-12,False,2018-01-13T00:30:00Z,-05:00,-05:00,US/Eastern,OFF,OK,15,Capitals,Washington,de Washington,WSH,4,12,Hurricanes,Carolina,de la Caroline,CAR,3,3,REG,3,REG,8475831.0,,,,,,,,,,,,,,,,,,,,WSH
2017020668,20172018,2,2018-01-12,False,2018-01-13T01:30:00Z,-05:00,-06:00,America/Chicago,OFF,OK,52,Jets,Winnipeg,de Winnipeg,WPG,1,16,Blackhawks,Chicago,de Chicago,CHI,2,3,REG,3,REG,8471301.0,,,,,,,,,,,,,,,,,,,,CHI
2017020669,20172018,2,2018-01-12,False,2018-01-13T02:00:00Z,-05:00,-07:00,America/Phoenix,OFF,OK,22,Oilers,Edmonton,d'Edmonton,EDM,4,53,Coyotes,Arizona,de l'Arizona,ARI,2,3,REG,3,REG,8471219.0,,,,,,,,,,,,,,,,,,,,EDM
2017020670,20172018,2,2018-01-13,False,2018-01-13T18:00:00Z,-05:00,-05:00,America/New_York,OFF,OK,2,Islanders,New York,de New York,NYI,7,3,Rangers,New York,de New York,NYR,2,3,REG,3,REG,8470860.0,,,,,,,,,,,,,,,,,,,,NYI
2017020671,20172018,2,2018-01-13,False,2018-01-13T18:00:00Z,-05:00,-05:00,US/Eastern,OFF,OK,17,Red Wings,Detroit,de Detroit,DET,1,5,Penguins,Pittsburgh,de Pittsburgh,PIT,4,3,REG,3,REG,8477465.0,,,,,,,,,,,,,,,,,,,,PIT
2017020674,20172018,2,2018-01-13,False,2018-01-14T00:00:00Z,-05:00,-06:00,US/Central,OFF,OK,52,Jets,Winnipeg,de Winnipeg,WPG,1,30,Wild,Minnesota,du Minnesota,MIN,4,3,REG,3,REG,8471227.0,,,,,,,,,,,,,,,,,,,,MIN
2017020672,20172018,2,2018-01-13,False,2018-01-14T00:00:00Z,-05:00,-05:00,America/Montreal,OFF,OK,6,Bruins,Boston,de Boston,BOS,4,8,Canadiens,Montréal,de Montréal,MTL,3,5,SO,3,SO,8471695.0,,,,,,,,,,,,,,,,,,,,BOS
2017020673,20172018,2,2018-01-13,False,2018-01-14T00:00:00Z,-05:00,-05:00,US/Eastern,OFF,OK,4,Flyers,Philadelphia,de Philadelphie,PHI,5,1,Devils,New Jersey,du New Jersey,NJD,3,3,REG,3,REG,8470880.0,,,,,,,,,,,,,,,,,,,,PHI
2017020675,20172018,2,2018-01-13,False,2018-01-14T02:00:00Z,-05:00,-06:00,US/Central,OFF,OK,21,Avalanche,Colorado,du Colorado,COL,4,25,Stars,Dallas,de Dallas,DAL,1,3,REG,3,REG,8473541.0,,,,,,,,,,,,,,,,,,,,COL
2017020676,20172018,2,2018-01-13,False,2018-01-14T03:00:00Z,-05:00,-08:00,US/Pacific,OFF,OK,22,Oilers,Edmonton,d'Edmonton,EDM,3,54,Golden Knights,Vegas,de Vegas,VGK,2,4,OT,3,OT,8475660.0,,,,,,,,,,,,,,,,,,,,EDM
2017020677,20172018,2,2018-01-13,False,2018-01-14T03:30:00Z,-05:00,-08:00,America/Los_Angeles,OFF,OK,24,Ducks,Anaheim,d'Anaheim,ANA,4,26,Kings,Los Angeles,de Los Angeles,LAK,2,3,REG,3,REG,8476434.0,,,,,,,,,,,,,,,,,,,,ANA
2017020678,20172018,2,2018-01-13,False,2018-01-14T03:30:00Z,-05:00,-08:00,US/Pacific,OFF,OK,53,Coyotes,Arizona,de l'Arizona,ARI,5,28,Sharks,San Jose,de San Jose,SJS,6,4,OT,3,OT,8477180.0,,,,,,,,,,,,,,,,,,,,SJS
2017020681,20172018,2,2018-01-14,False,2018-01-14T17:30:00Z,-05:00,-06:00,America/Chicago,OFF,OK,17,Red Wings,Detroit,de Detroit,DET,4,16,Blackhawks,Chicago,de Chicago,CHI,0,3,REG,3,REG,8475852.0,,,,,,,,,,,,,,,,,,,,DET
2017020680,20172018,2,2018-01-14,False,2018-01-14T20:00:00Z,-05:00,-05:00,US/Eastern,OFF,OK,20,Flames,Calgary,de Calgary,CGY,4,12,Hurricanes,Carolina,de la Caroline,CAR,1,3,REG,3,REG,8469608.0,,,,,,,,,,,,,,,,,,,,CGY
2017020679,20172018,2,2018-01-14,False,2018-01-15T00:30:00Z,-05:00,-05:00,US/Eastern,OFF,OK,3,Rangers,New York,de New York,NYR,2,5,Penguins,Pittsburgh,de Pittsburgh,PIT,5,3,REG,3,REG,8477465.0,,,,,,,,,,,,,,,,,,,,PIT
2017020682,20172018,2,2018-01-14,False,2018-01-15T01:00:00Z,-05:00,-06:00,US/Central,OFF,OK,23,Canucks,Vancouver,de Vancouver,VAN,3,30,Wild,Minnesota,du Minnesota,MIN,2,4,OT,3,OT,8474593.0,,Markström,,,,,,,,,,,,,,,,,,VAN
2017020683,20172018,2,2018-01-15,False,2018-01-15T18:00:00Z,-05:00,-05:00,US/Eastern,OFF,OK,25,Stars,Dallas,de Dallas,DAL,3,6,Bruins,Boston,de Boston,BOS,2,4,OT,3,OT,8470140.0,,,,,,,,,,,,,,,,,,,,DAL
2017020684,20172018,2,2018-01-15,False,2018-01-15T20:00:00Z,-05:00,-07:00,America/Denver,OFF,OK,24,Ducks,Anaheim,d'Anaheim,ANA,1,21,Avalanche,Colorado,du Colorado,COL,3,3,REG,3,REG,8473541.0,,,,,,,,,,,,,,,,,,,,COL
2017020685,20172018,2,2018-01-15,False,2018-01-15T21:00:00Z,-05:00,-08:00,America/Los_Angeles,OFF,OK,28,Sharks,San Jose,de San Jose,SJS,4,26,Kings,Los Angeles,de Los Angeles,LAK,1,3,REG,3,REG,8474889.0,,,,,,,,,,,,,,,,,,,,SJS
2017020686,20172018,2,2018-01-15,False,2018-01-16T00:30:00Z,-05:00,-05:00,America/Montreal,OFF,OK,2,Islanders,New York,de New York,NYI,5,8,Canadiens,Montréal,de Montréal,MTL,4,4,OT,3,OT,8471306.0,,,,,,,,,,,,,,,,,,,,NYI
2017020687,20172018,2,2018-01-16,False,2018-01-17T00:00:00Z,-05:00,-05:00,America/Toronto,OFF,OK,19,Blues,St. Louis,de St. Louis,STL,2,10,Maple Leafs,Toronto,de Toronto,TOR,1,4,OT,3,OT,8475622.0,,,,,,,,,,,,,,,,,,,,STL
2017020689,20172018,2,2018-01-16,False,2018-01-17T00:00:00Z,-05:00,-05:00,America/New_York,OFF,OK,4,Flyers,Philadelphia,de Philadelphie,PHI,1,3,Rangers,New York,de New York,NYR,5,3,REG,3,REG,8468685.0,,,,,,,,,,,,,,,,,,,,NYR
2017020688,20172018,2,2018-01-16,False,2018-01-17T00:00:00Z,-05:00,-05:00,America/New_York,OFF,OK,1,Devils,New Jersey,du New Jersey,NJD,4,2,Islanders,New York,de New York,NYI,1,3,REG,3,REG,8476234.0,,,,,,,,,,,,,,,,,,,,NJD
2017020690,20172018,2,2018-01-16,False,2018-01-17T00:30:00Z,-05:00,-05:00,America/Detroit,OFF,OK,25,Stars,Dallas,de Dallas,DAL,4,17,Red Wings,Detroit,de Detroit,DET,2,3,REG,3,REG,8471750.0,,,,,,,,,,,,,,,,,,,,DAL
2017020691,20172018,2,2018-01-16,False,2018-01-17T01:00:00Z,-05:00,-06:00,US/Central,OFF,OK,54,Golden Knights,Vegas,de Vegas,VGK,0,18,Predators,Nashville,de Nashville,NSH,1,3,REG,3,REG,8477424.0,,,,,,,,,,,,,,,,,,,,NSH
2017020692,20172018,2,2018-01-16,False,2018-01-17T02:00:00Z,-05:00,-07:00,America/Phoenix,OFF,OK,28,Sharks,San Jose,de San Jose,SJS,3,53,Coyotes,Arizona,de l'Arizona,ARI,2,5,SO,3,SO,8477180.0,,,,,,,,,,,,,,,,,,,,SJS
2017020693,20172018,2,2018-01-17,False,2018-01-18T00:30:00Z,-05:00,-05:00,US/Eastern,OFF,OK,8,Canadiens,Montréal,de Montréal,MTL,1,6,Bruins,Boston,de Boston,BOS,4,3,REG,3,REG,8471695.0,,,,,,,,,,,,,,,,,,,,BOS
2017020694,20172018,2,2018-01-17,False,2018-01-18T03:00:00Z,-05:00,-08:00,America/Los_Angeles,OFF,OK,5,Penguins,Pittsburgh,de Pittsburgh,PIT,3,24,Ducks,Anaheim,d'Anaheim,ANA,5,3,REG,3,REG,8476434.0,,,,,,,,,,,,,,,,,,,,ANA
2017020698,20172018,2,2018-01-18,False,2018-01-19T00:00:00Z,-05:00,-05:00,US/Eastern,OFF,OK,10,Maple Leafs,Toronto,de Toronto,TOR,2,4,Flyers,Philadelphia,de Philadelphie,PHI,3,4,OT,3,OT,8473607.0,,,,,,,,,,,,,,,,,,,,PHI
2017020695,20172018,2,2018-01-18,False,2018-01-19T00:00:00Z,-05:00,-05:00,US/Eastern,OFF,OK,15,Capitals,Washington,de Washington,WSH,3,1,Devils,New Jersey,du New Jersey,NJD,4,4,OT,3,OT,8476234.0,,,,,,,,,,,,,,,,,,,,NJD
2017020699,20172018,2,2018-01-18,False,2018-01-19T00:00:00Z,-05:00,-05:00,US/Eastern,OFF,OK,25,Stars,Dallas,de Dallas,DAL,1,29,Blue Jackets,Columbus,de Columbus,CBJ,2,5,SO,3,SO,8476914.0,,,,,,,,,,,,,,,,,,,,CBJ
2017020696,20172018,2,2018-01-18,False,2018-01-19T00:00:00Z,-05:00,-05:00,America/New_York,OFF,OK,6,Bruins,Boston,de Boston,BOS,5,2,Islanders,New York,de New York,NYI,2,3,REG,3,REG,8471418.0,,,,,,,,,,,,,,,,,,,,BOS
2017020697,20172018,2,2018-01-18,False,2018-01-19T00:30:00Z,-05:00,-05:00,America/New_York,OFF,OK,7,Sabres,Buffalo,de Buffalo,BUF,3,3,Rangers,New York,de New York,NYR,4,3,REG,3,REG,8468685.0,,,,,,,,,,,,,,,,,,,,NYR
2017020700,20172018,2,2018-01-18,False,2018-01-19T00:30:00Z,-05:00,-05:00,US/Eastern,OFF,OK,19,Blues,St. Louis,de St. Louis,STL,4,9,Senators,Ottawa,d'Ottawa,OTT,1,3,REG,3,REG,8475622.0,,,,Sénateurs,,,,,,,,,,,,,,,,STL
2017020701,20172018,2,2018-01-18,False,2018-01-19T00:30:00Z,-05:00,-05:00,US/Eastern,OFF,OK,54,Golden Knights,Vegas,de Vegas,VGK,4,14,Lightning,Tampa Bay,de Tampa Bay,TBL,1,3,REG,3,REG,8470594.0,,,,,,,,,,,,,,,,,,,,VGK
2017020702,20172018,2,2018-01-18,False,2018-01-19T01:00:00Z,-05:00,-06:00,US/Central,OFF,OK,53,Coyotes,Arizona,de l'Arizona,ARI,2,18,Predators,Nashville,de Nashville,NSH,3,5,SO,3,SO,8471469.0,,,,,,,,,,,,,,,,,,,,NSH
2017020703,20172018,2,2018-01-18,False,2018-01-19T02:00:00Z,-05:00,-07:00,America/Denver,OFF,OK,28,Sharks,San Jose,de San Jose,SJS,3,21,Avalanche,Colorado,du Colorado,COL,5,3,REG,3,REG,8473541.0,,,,,,,,,,,,,,,,,,,,COL
2017020704,20172018,2,2018-01-18,False,2018-01-19T03:00:00Z,-05:00,-08:00,America/Los_Angeles,OFF,OK,5,Penguins,Pittsburgh,de Pittsburgh,PIT,3,26,Kings,Los Angeles,de Los Angeles,LAK,1,3,REG,3,REG,8479193.0,,,,,,,,,,,,,,,,,,,,PIT
2017020706,20172018,2,2018-01-19,False,2018-01-20T00:30:00Z,-05:00,-05:00,US/Eastern,OFF,OK,8,Canadiens,Montréal,de Montréal,MTL,3,15,Capitals,Washington,de Washington,WSH,2,3,REG,3,REG,8474550.0,,,,,,,,,,,,,,,,,,,,MTL
2017020705,20172018,2,2018-01-19,False,2018-01-20T00:30:00Z,-05:00,-05:00,US/Eastern,OFF,OK,54,Golden Knights,Vegas,de Vegas,VGK,3,13,Panthers,Florida,de la Floride,FLA,4,4,OT,3,OT,8473503.0,,,,,,,,,,,,,,,,,,,,FLA
2017020707,20172018,2,2018-01-19,False,2018-01-20T03:00:00Z,-05:00,-08:00,America/Los_Angeles,OFF,OK,26,Kings,Los Angeles,de Los Angeles,LAK,1,24,Ducks,Anaheim,d'Anaheim,ANA,2,3,REG,3,REG,8476434.0,,,,,,,,,,,,,,,,,,,,ANA
2017020708,20172018,2,2018-01-20,False,2018-01-20T18:00:00Z,-05:00,-05:00,America/New_York,OFF,OK,25,Stars,Dallas,de Dallas,DAL,7,7,Sabres,Buffalo,de Buffalo,BUF,1,3,REG,3,REG,8470140.0,,,,,,,,,,,,,,,,,,,,DAL
2017020709,20172018,2,2018-01-20,False,2018-01-20T18:00:00Z,-05:00,-05:00,US/Eastern,OFF,OK,1,Devils,New Jersey,du New Jersey,NJD,1,4,Flyers,Philadelphia,de Philadelphie,PHI,3,3,REG,3,REG,8473607.0,,,,,,,,,,,,,,,,,,,,PHI
2017020711,20172018,2,2018-01-20,False,2018-01-20T20:00:00Z,-05:00,-07:00,America/Edmonton,OFF,OK,52,Jets,Winnipeg,de Winnipeg,WPG,2,20,Flames,Calgary,de Calgary,CGY,1,5,SO,3,SO,8476945.0,,,,,,,,,,,,,,,,,,,,WPG
2017020710,20172018,2,2018-01-20,False,2018-01-20T20:00:00Z,-05:00,-07:00,America/Denver,OFF,OK,3,Rangers,New York,de New York,NYR,1,21,Avalanche,Colorado,du Colorado,COL,3,3,REG,3,REG,8473541.0,,,,,,,,,,,,,,,,,,,,COL
2017020713,20172018,2,2018-01-20,False,2018-01-21T00:00:00Z,-05:00,-05:00,US/Eastern,OFF,OK,10,Maple Leafs,Toronto,de Toronto,TOR,4,9,Senators,Ottawa,d'Ottawa,OTT,3,3,REG,3,REG,8475883.0,,,,Sénateurs,,,,,,,,,,,,,,,,TOR
2017020714,20172018,2,2018-01-20,False,2018-01-21T00:00:00Z,-05:00,-05:00,America/Detroit,OFF,OK,12,Hurricanes,Carolina,de la Caroline,CAR,3,17,Red Wings,Detroit,de Detroit,DET,1,3,REG,3,REG,8470320.0,,,,,,,,,,,,,,,,,,,,CAR
2017020712,20172018,2,2018-01-20,False,2018-01-21T00:00:00Z,-05:00,-05:00,America/Montreal,OFF,OK,6,Bruins,Boston,de Boston,BOS,4,8,Canadiens,Montréal,de Montréal,MTL,1,3,REG,3,REG,8471695.0,,,,,,,,,,,,,,,,,,,,BOS
2017020716,20172018,2,2018-01-20,False,2018-01-21T01:00:00Z,-05:00,-06:00,US/Central,OFF,OK,13,Panthers,Florida,de la Floride,FLA,3,18,Predators,Nashville,de Nashville,NSH,4,3,REG,3,REG,8471469.0,,,,,,,,,,,,,,,,,,,,NSH
2017020715,20172018,2,2018-01-20,False,2018-01-21T01:00:00Z,-05:00,-06:00,US/Central,OFF,OK,53,Coyotes,Arizona,de l'Arizona,ARI,5,19,Blues,St. Louis,de St. Louis,STL,2,3,REG,3,REG,8477293.0,,,,,,,,,,,,,,,,,,,,ARI
2017020717,20172018,2,2018-01-20,False,2018-01-21T01:00:00Z,-05:00,-08:00,US/Pacific,OFF,OK,5,Penguins,Pittsburgh,de Pittsburgh,PIT,1,28,Sharks,San Jose,de San Jose,SJS,2,3,REG,3,REG,8477180.0,,,,,,,,,,,,,,,,,,,,SJS
2017020718,20172018,2,2018-01-20,False,2018-01-21T01:30:00Z,-05:00,-06:00,America/Chicago,OFF,OK,2,Islanders,New York,de New York,NYI,7,16,Blackhawks,Chicago,de Chicago,CHI,3,3,REG,3,REG,8470860.0,,,,,,,,,,,,,,,,,,,,NYI
2017020719,20172018,2,2018-01-20,False,2018-01-21T02:00:00Z,-05:00,-06:00,US/Central,OFF,OK,14,Lightning,Tampa Bay,de Tampa Bay,TBL,2,30,Wild,Minnesota,du Minnesota,MIN,5,3,REG,3,REG,8471227.0,,,,,,,,,,,,,,,,,,,,MIN
2017020720,20172018,2,2018-01-20,False,2018-01-21T03:00:00Z,-05:00,-07:00,America/Edmonton,OFF,OK,23,Canucks,Vancouver,de Vancouver,VAN,2,22,Oilers,Edmonton,d'Edmonton,EDM,5,3,REG,3,REG,8475660.0,,,,,,,,,,,,,,,,,,,,EDM
2017020721,20172018,2,2018-01-21,False,2018-01-21T17:30:00Z,-05:00,-05:00,US/Eastern,OFF,OK,4,Flyers,Philadelphia,de Philadelphie,PHI,2,15,Capitals,Washington,de Washington,WSH,1,4,OT,3,OT,8470880.0,,,,,,,,,,,,,,,,,,,,PHI
2017020722,20172018,2,2018-01-21,False,2018-01-21T23:00:00Z,-05:00,-05:00,US/Eastern,OFF,OK,54,Golden Knights,Vegas,de Vegas,VGK,5,12,Hurricanes,Carolina,de la Caroline,CAR,1,3,REG,3,REG,8470594.0,,,,,,,,,,,,,,,,,,,,VGK
2017020723,20172018,2,2018-01-21,False,2018-01-22T01:00:00Z,-05:00,-06:00,America/Winnipeg,OFF,OK,23,Canucks,Vancouver,de Vancouver,VAN,0,52,Jets,Winnipeg,de Winnipeg,WPG,1,3,REG,3,REG,8476945.0,,,,,,,,,,,,,,,,,,,,WPG
2017020724,20172018,2,2018-01-21,False,2018-01-22T02:00:00Z,-05:00,-08:00,America/Los_Angeles,OFF,OK,28,Sharks,San Jose,de San Jose,SJS,6,24,Ducks,Anaheim,d'Anaheim,ANA,2,3,REG,3,REG,8477180.0,,,,,,,,,,,,,,,,,,,,SJS
2017020725,20172018,2,2018-01-21,False,2018-01-22T03:30:00Z,-05:00,-08:00,America/Los_Angeles,OFF,OK,3,Rangers,New York,de New York,NYR,2,26,Kings,Los Angeles,de Los Angeles,LAK,4,3,REG,3,REG,8471734.0,,,,,,,,,,,,,,,,,,,,LAK
2017020727,20172018,2,2018-01-22,False,2018-01-23T00:00:00Z,-05:00,-05:00,US/Eastern,OFF,OK,17,Red Wings,Detroit,de Detroit,DET,3,1,Devils,New Jersey,du New Jersey,NJD,0,3,REG,3,REG,8475852.0,,,,,,,,,,,,,,,,,,,,DET
2017020726,20172018,2,2018-01-22,False,2018-01-23T00:00:00Z,-05:00,-05:00,America/Toronto,OFF,OK,21,Avalanche,Colorado,du Colorado,COL,4,10,Maple Leafs,Toronto,de Toronto,TOR,2,3,REG,3,REG,8473541.0,,,,,,,,,,,,,,,,,,,,COL
2017020728,20172018,2,2018-01-22,False,2018-01-23T01:00:00Z,-05:00,-06:00,US/Central,OFF,OK,9,Senators,Ottawa,d'Ottawa,OTT,1,30,Wild,Minnesota,du Minnesota,MIN,3,3,REG,3,REG,8471774.0,,,Sénateurs,,,,,,,,,,,,,,,,,MIN
2017020729,20172018,2,2018-01-22,False,2018-01-23T01:30:00Z,-05:00,-06:00,America/Chicago,OFF,OK,14,Lightning,Tampa Bay,de Tampa Bay,TBL,2,16,Blackhawks,Chicago,de Chicago,CHI,0,3,REG,3,REG,8476883.0,,,,,,,,,,,,,,,,,,,,TBL
2017020731,20172018,2,2018-01-22,False,2018-01-23T02:00:00Z,-05:00,-07:00,America/Phoenix,OFF,OK,2,Islanders,New York,de New York,NYI,2,53,Coyotes,Arizona,de l'Arizona,ARI,3,4,OT,3,OT,8477293.0,,,,,,,,,,,,,,,,,,,,ARI
2017020730,20172018,2,2018-01-22,False,2018-01-23T02:00:00Z,-05:00,-07:00,America/Edmonton,OFF,OK,7,Sabres,Buffalo,de Buffalo,BUF,2,20,Flames,Calgary,de Calgary,CGY,1,4,OT,3,OT,8473434.0,,,,,,,,,,,,,,,,,,,,BUF
2017020733,20172018,2,2018-01-23,False,2018-01-24T00:00:00Z,-05:00,-05:00,US/Eastern,OFF,OK,12,Hurricanes,Carolina,de la Caroline,CAR,1,5,Penguins,Pittsburgh,de Pittsburgh,PIT,3,3,REG,3,REG,8479193.0,,,,,,,,,,,,,,,,,,,,PIT
2017020732,20172018,2,2018-01-23,False,2018-01-24T00:00:00Z,-05:00,-05:00,US/Eastern,OFF,OK,1,Devils,New Jersey,du New Jersey,NJD,2,6,Bruins,Boston,de Boston,BOS,3,3,REG,3,REG,8471695.0,,,,,,,,,,,,,,,,,,,,BOS
2017020734,20172018,2,2018-01-23,False,2018-01-24T00:30:00Z,-05:00,-05:00,America/Montreal,OFF,OK,21,Avalanche,Colorado,du Colorado,COL,2,8,Canadiens,Montréal,de Montréal,MTL,4,3,REG,3,REG,8471679.0,,,,,,,,,,,,,,,,,,,,MTL
2017020735,20172018,2,2018-01-23,False,2018-01-24T00:30:00Z,-05:00,-05:00,America/Detroit,OFF,OK,4,Flyers,Philadelphia,de Philadelphie,PHI,3,17,Red Wings,Detroit,de Detroit,DET,2,4,OT,3,OT,8470880.0,,,,,,,,,,,,,,,,,,,,PHI
2017020736,20172018,2,2018-01-23,False,2018-01-24T01:00:00Z,-05:00,-06:00,US/Central,OFF,OK,9,Senators,Ottawa,d'Ottawa,OTT,0,19,Blues,St. Louis,de St. Louis,STL,3,3,REG,3,REG,8475622.0,,,Sénateurs,,,,,,,,,,,,,,,,,STL
2017020737,20172018,2,2018-01-23,False,2018-01-24T01:00:00Z,-05:00,-06:00,US/Central,OFF,OK,14,Lightning,Tampa Bay,de Tampa Bay,TBL,4,18,Predators,Nashville,de Nashville,NSH,3,4,OT,3,OT,8475839.0,,,,,,,,,,,,,,,,,,,,TBL
2017020738,20172018,2,2018-01-23,False,2018-01-24T01:30:00Z,-05:00,-06:00,US/Central,OFF,OK,13,Panthers,Florida,de la Floride,FLA,1,25,Stars,Dallas,de Dallas,DAL,6,3,REG,3,REG,8471750.0,,,,,,,,,,,,,,,,,,,,DAL
2017020739,20172018,2,2018-01-23,False,2018-01-24T02:00:00Z,-05:00,-07:00,America/Edmonton,OFF,OK,7,Sabres,Buffalo,de Buffalo,BUF,5,22,Oilers,Edmonton,d'Edmonton,EDM,0,3,REG,3,REG,8475215.0,,,,,,,,,,,,,,,,,,,,BUF
2017020740,20172018,2,2018-01-23,False,2018-01-24T03:00:00Z,-05:00,-08:00,America/Vancouver,OFF,OK,26,Kings,Los Angeles,de Los Angeles,LAK,2,23,Canucks,Vancouver,de Vancouver,VAN,6,3,REG,3,REG,8474593.0,,Markström,,,,,,,,,,,,,,,,,,VAN
2017020742,20172018,2,2018-01-23,False,2018-01-24T03:00:00Z,-05:00,-08:00,America/Los_Angeles,OFF,OK,3,Rangers,New York,de New York,NYR,3,24,Ducks,Anaheim,d'Anaheim,ANA,6,3,REG,3,REG,8476434.0,,,,,,,,,,,,,,,,,,,,ANA
2017020741,20172018,2,2018-01-23,False,2018-01-24T03:00:00Z,-05:00,-08:00,US/Pacific,OFF,OK,29,Blue Jackets,Columbus,de Columbus,CBJ,3,54,Golden Knights,Vegas,de Vegas,VGK,6,3,REG,3,REG,8470594.0,,,,,,,,,,,,,,,,,,,,VGK
2017020743,20172018,2,2018-01-23,False,2018-01-24T03:30:00Z,-05:00,-08:00,US/Pacific,OFF,OK,52,Jets,Winnipeg,de Winnipeg,WPG,5,28,Sharks,San Jose,de San Jose,SJS,4,4,OT,3,OT,8476945.0,,,,,,,,,,,,,,,,,,,,WPG
2017020744,20172018,2,2018-01-24,False,2018-01-25T01:00:00Z,-05:00,-06:00,America/Chicago,OFF,OK,10,Maple Leafs,Toronto,de Toronto,TOR,3,16,Blackhawks,Chicago,de Chicago,CHI,2,4,OT,3,OT,8475883.0,,,,,,,,,,,,,,,,,,,,TOR
2017020745,20172018,2,2018-01-24,False,2018-01-25T03:00:00Z,-05:00,-07:00,America/Edmonton,OFF,OK,26,Kings,Los Angeles,de Los Angeles,LAK,2,20,Flames,Calgary,de Calgary,CGY,1,4,OT,3,OT,8475311.0,,,,,,,,,,,,,,,,,,,,LAK
2017020746,20172018,2,2018-01-25,False,2018-01-26T00:00:00Z,-05:00,-05:00,US/Eastern,OFF,OK,18,Predators,Nashville,de Nashville,NSH,3,1,Devils,New Jersey,du New Jersey,NJD,0,3,REG,3,REG,8471469.0,,,,,,,,,,,,,,,,,,,,NSH
2017020748,20172018,2,2018-01-25,False,2018-01-26T00:00:00Z,-05:00,-05:00,US/Eastern,OFF,OK,30,Wild,Minnesota,du Minnesota,MIN,3,5,Penguins,Pittsburgh,de Pittsburgh,PIT,6,3,REG,3,REG,8479193.0,,,,,,,,,,,,,,,,,,,,PIT
2017020747,20172018,2,2018-01-25,False,2018-01-26T00:00:00Z,-05:00,-05:00,US/Eastern,OFF,OK,14,Lightning,Tampa Bay,de Tampa Bay,TBL,5,4,Flyers,Philadelphia,de Philadelphie,PHI,1,3,REG,3,REG,8476883.0,,,,,,,,,,,,,,,,,,,,TBL
2017020750,20172018,2,2018-01-25,False,2018-01-26T00:30:00Z,-05:00,-05:00,US/Eastern,OFF,OK,6,Bruins,Boston,de Boston,BOS,3,9,Senators,Ottawa,d'Ottawa,OTT,2,3,REG,3,REG,8471695.0,,,,Sénateurs,,,,,,,,,,,,,,,,BOS
2017020752,20172018,2,2018-01-25,False,2018-01-26T00:30:00Z,-05:00,-05:00,US/Eastern,OFF,OK,15,Capitals,Washington,de Washington,WSH,4,13,Panthers,Florida,de la Floride,FLA,2,3,REG,3,REG,8474651.0,,,,,,,,,,,,,,,,,,,,WSH
2017020751,20172018,2,2018-01-25,False,2018-01-26T00:30:00Z,-05:00,-05:00,America/Detroit,OFF,OK,16,Blackhawks,Chicago,de Chicago,CHI,5,17,Red Wings,Detroit,de Detroit,DET,1,3,REG,3,REG,8476341.0,,,,,,,,,,,,,,,,,,,,CHI
2017020749,20172018,2,2018-01-25,False,2018-01-26T00:30:00Z,-05:00,-05:00,America/Montreal,OFF,OK,12,Hurricanes,Carolina,de la Caroline,CAR,6,8,Canadiens,Montréal,de Montréal,MTL,5,3,REG,3,REG,8470320.0,,,,,,,,,,,,,,,,,,,,CAR
2017020753,20172018,2,2018-01-25,False,2018-01-26T01:00:00Z,-05:00,-06:00,US/Central,OFF,OK,21,Avalanche,Colorado,du Colorado,COL,1,19,Blues,St. Louis,de St. Louis,STL,3,3,REG,3,REG,8475622.0,,,,,,,,,,,,,,,,,,,,STL
2017020754,20172018,2,2018-01-25,False,2018-01-26T01:30:00Z,-05:00,-06:00,US/Central,OFF,OK,10,Maple Leafs,Toronto,de Toronto,TOR,4,25,Stars,Dallas,de Dallas,DAL,1,3,REG,3,REG,8470147.0,,,,,,,,,,,,,,,,,,,,TOR
2017020755,20172018,2,2018-01-25,False,2018-01-26T02:00:00Z,-05:00,-07:00,America/Edmonton,OFF,OK,20,Flames,Calgary,de Calgary,CGY,3,22,Oilers,Edmonton,d'Edmonton,EDM,4,5,SO,3,SO,8475660.0,,,,,,,,,,,,,,,,,,,,EDM
2017020756,20172018,2,2018-01-25,False,2018-01-26T02:00:00Z,-05:00,-07:00,America/Phoenix,OFF,OK,29,Blue Jackets,Columbus,de Columbus,CBJ,2,53,Coyotes,Arizona,de l'Arizona,ARI,1,3,REG,3,REG,8475683.0,,,,,,,,,,,,,,,,,,,,CBJ
2017020758,20172018,2,2018-01-25,False,2018-01-26T03:00:00Z,-05:00,-08:00,US/Pacific,OFF,OK,2,Islanders,New York,de New York,NYI,2,54,Golden Knights,Vegas,de Vegas,VGK,1,3,REG,3,REG,8470860.0,,,,,,,,,,,,,,,,,,,,NYI
2017020757,20172018,2,2018-01-25,False,2018-01-26T03:00:00Z,-05:00,-08:00,America/Vancouver,OFF,OK,7,Sabres,Buffalo,de Buffalo,BUF,4,23,Canucks,Vancouver,de Vancouver,VAN,0,3,REG,3,REG,8475215.0,,,,,,,,,,,,,,,,,,,,BUF
2017020759,20172018,2,2018-01-25,False,2018-01-26T03:00:00Z,-05:00,-08:00,America/Los_Angeles,OFF,OK,52,Jets,Winnipeg,de Winnipeg,WPG,3,24,Ducks,Anaheim,d'Anaheim,ANA,4,5,SO,3,SO,8468011.0,,,,,,,,,,,,,,,,,,,,ANA
2017020760,20172018,2,2018-01-25,False,2018-01-26T03:30:00Z,-05:00,-08:00,US/Pacific,OFF,OK,3,Rangers,New York,de New York,NYR,6,28,Sharks,San Jose,de San Jose,SJS,5,3,REG,3,REG,8471715.0,,,,,,,,,,,,,,,,,,,,NYR
2017020763,20172018,2,2018-01-30,False,2018-01-31T00:00:00Z,-05:00,-05:00,America/New_York,OFF,OK,13,Panthers,Florida,de la Floride,FLA,4,2,Islanders,New York,de New York,NYI,1,3,REG,3,REG,8474667.0,,,,,,,,,,,,,,,,,,,,FLA
2017020764,20172018,2,2018-01-30,False,2018-01-31T00:00:00Z,-05:00,-05:00,US/Eastern,OFF,OK,28,Sharks,San Jose,de San Jose,SJS,2,5,Penguins,Pittsburgh,de Pittsburgh,PIT,5,3,REG,3,REG,8476899.0,,,,,,,,,,,,,,,,,,,,PIT
2017020762,20172018,2,2018-01-30,False,2018-01-31T00:00:00Z,-05:00,-05:00,America/New_York,OFF,OK,1,Devils,New Jersey,du New Jersey,NJD,3,7,Sabres,Buffalo,de Buffalo,BUF,1,3,REG,3,REG,8476234.0,,,,,,,,,,,,,,,,,,,,NJD
2017020765,20172018,2,2018-01-30,False,2018-01-31T00:00:00Z,-05:00,-05:00,US/Eastern,OFF,OK,9,Senators,Ottawa,d'Ottawa,OTT,1,12,Hurricanes,Carolina,de la Caroline,CAR,2,3,REG,3,REG,8470320.0,,,Sénateurs,,,,,,,,,,,,,,,,,CAR
2017020761,20172018,2,2018-01-30,False,2018-01-31T00:00:00Z,-05:00,-05:00,US/Eastern,OFF,OK,24,Ducks,Anaheim,d'Anaheim,ANA,3,6,Bruins,Boston,de Boston,BOS,1,3,REG,3,REG,8476434.0,,,,,,,,,,,,,,,,,,,,ANA
2017020766,20172018,2,2018-01-30,False,2018-01-31T00:00:00Z,-05:00,-05:00,US/Eastern,OFF,OK,30,Wild,Minnesota,du Minnesota,MIN,3,29,Blue Jackets,Columbus,de Columbus,CBJ,2,5,SO,3,SO,8471227.0,,,,,,,,,,,,,,,,,,,,MIN
2017020767,20172018,2,2018-01-30,False,2018-01-31T01:00:00Z,-05:00,-06:00,US/Central,OFF,OK,8,Canadiens,Montréal,de Montréal,MTL,1,19,Blues,St. Louis,de St. Louis,STL,3,3,REG,3,REG,8475622.0,,,,,,,,,,,,,,,,,,,,STL
2017020768,20172018,2,2018-01-30,False,2018-01-31T01:00:00Z,-05:00,-06:00,US/Central,OFF,OK,16,Blackhawks,Chicago,de Chicago,CHI,2,18,Predators,Nashville,de Nashville,NSH,1,3,REG,3,REG,8476341.0,,,,,,,,,,,,,,,,,,,,CHI
2017020769,20172018,2,2018-01-30,False,2018-01-31T01:00:00Z,-05:00,-06:00,America/Winnipeg,OFF,OK,14,Lightning,Tampa Bay,de Tampa Bay,TBL,1,52,Jets,Winnipeg,de Winnipeg,WPG,3,3,REG,3,REG,8474636.0,,,,,,,,,,,,,,,,,,,,WPG
2017020770,20172018,2,2018-01-30,False,2018-01-31T01:30:00Z,-05:00,-06:00,US/Central,OFF,OK,26,Kings,Los Angeles,de Los Angeles,LAK,3,25,Stars,Dallas,de Dallas,DAL,0,3,REG,3,REG,8475311.0,,,,,,,,,,,,,,,,,,,,LAK
2017020771,20172018,2,2018-01-30,False,2018-01-31T02:00:00Z,-05:00,-07:00,America/Edmonton,OFF,OK,54,Golden Knights,Vegas,de Vegas,VGK,4,20,Flames,Calgary,de Calgary,CGY,2,3,REG,3,REG,8470594.0,,,,,,,,,,,,,,,,,,,,VGK
2017020772,20172018,2,2018-01-30,False,2018-01-31T03:00:00Z,-05:00,-08:00,America/Vancouver,OFF,OK,21,Avalanche,Colorado,du Colorado,COL,3,23,Canucks,Vancouver,de Vancouver,VAN,4,4,OT,3,OT,8474593.0,,Markström,,,,,,,,,,,,,,,,,,VAN
2017020773,20172018,2,2018-01-31,False,2018-02-01T00:30:00Z,-05:00,-05:00,America/Toronto,OFF,OK,2,Islanders,New York,de New York,NYI,0,10,Maple Leafs,Toronto,de Toronto,TOR,5,3,REG,3,REG,8475883.0,,,,,,,,,,,,,,,,,,,,TOR
2017020774,20172018,2,2018-01-31,False,2018-02-01T01:00:00Z,-05:00,-05:00,America/Detroit,OFF,OK,28,Sharks,San Jose,de San Jose,SJS,1,17,Red Wings,Detroit,de Detroit,DET,2,5,SO,3,SO,8475852.0,,,,,,,,,,,,,,,,,,,,DET
2017020775,20172018,2,2018-01-31,False,2018-02-01T01:00:00Z,-05:00,-05:00,US/Eastern,OFF,OK,4,Flyers,Philadelphia,de Philadelphie,PHI,3,15,Capitals,Washington,de Washington,WSH,5,3,REG,3,REG,8474651.0,,,,,,,,,,,,,,,,,,,,WSH
2017020779,20172018,2,2018-02-01,False,2018-02-02T00:00:00Z,-05:00,-05:00,America/New_York,OFF,OK,10,Maple Leafs,Toronto,de Toronto,TOR,4,3,Rangers,New York,de New York,NYR,0,3,REG,3,REG,8470147.0,,,,,,,,,,,,,,,,,,,,TOR
2017020777,20172018,2,2018-02-01,False,2018-02-02T00:00:00Z,-05:00,-05:00,America/New_York,OFF,OK,13,Panthers,Florida,de la Floride,FLA,4,7,Sabres,Buffalo,de Buffalo,BUF,2,3,REG,3,REG,8474667.0,,,,,,,,,,,,,,,,,,,,FLA
2017020780,20172018,2,2018-02-01,False,2018-02-02T00:00:00Z,-05:00,-05:00,US/Eastern,OFF,OK,8,Canadiens,Montréal,de Montréal,MTL,0,12,Hurricanes,Carolina,de la Caroline,CAR,2,3,REG,3,REG,8470320.0,,,,,,,,,,,,,,,,,,,,CAR
2017020778,20172018,2,2018-02-01,False,2018-02-02T00:00:00Z,-05:00,-05:00,US/Eastern,OFF,OK,4,Flyers,Philadelphia,de Philadelphie,PHI,3,1,Devils,New Jersey,du New Jersey,NJD,4,3,REG,3,REG,8476234.0,,,,,,,,,,,,,,,,,,,,NJD
2017020776,20172018,2,2018-02-01,False,2018-02-02T00:00:00Z,-05:00,-05:00,US/Eastern,OFF,OK,19,Blues,St. Louis,de St. Louis,STL,1,6,Bruins,Boston,de Boston,BOS,3,3,REG,3,REG,8471695.0,,,,,,,,,,,,,,,,,,,,BOS
2017020781,20172018,2,2018-02-01,False,2018-02-02T00:00:00Z,-05:00,-05:00,US/Eastern,OFF,OK,24,Ducks,Anaheim,d'Anaheim,ANA,1,9,Senators,Ottawa,d'Ottawa,OTT,2,4,OT,3,OT,8477237.0,,,,Sénateurs,,,,,,,,,,,,,,,,OTT
2017020783,20172018,2,2018-02-01,False,2018-02-02T01:00:00Z,-05:00,-06:00,America/Winnipeg,OFF,OK,54,Golden Knights,Vegas,de Vegas,VGK,3,52,Jets,Winnipeg,de Winnipeg,WPG,2,4,OT,3,OT,8470594.0,,,,,,,,,,,,,,,,,,,,VGK
2017020782,20172018,2,2018-02-01,False,2018-02-02T01:30:00Z,-05:00,-06:00,US/Central,OFF,OK,26,Kings,Los Angeles,de Los Angeles,LAK,0,18,Predators,Nashville,de Nashville,NSH,5,3,REG,3,REG,8471469.0,,,,,,,,,,,,,,,,,,,,NSH
2017020784,20172018,2,2018-02-01,False,2018-02-02T02:00:00Z,-05:00,-07:00,America/Edmonton,OFF,OK,14,Lightning,Tampa Bay,de Tampa Bay,TBL,7,20,Flames,Calgary,de Calgary,CGY,4,3,REG,3,REG,8476883.0,,,,,,,,,,,,,,,,,,,,TBL
2017020785,20172018,2,2018-02-01,False,2018-02-02T02:00:00Z,-05:00,-07:00,America/Edmonton,OFF,OK,21,Avalanche,Colorado,du Colorado,COL,4,22,Oilers,Edmonton,d'Edmonton,EDM,3,4,OT,3,OT,8473541.0,,,,,,,,,,,,,,,,,,,,COL
2017020786,20172018,2,2018-02-01,False,2018-02-02T02:00:00Z,-05:00,-07:00,America/Phoenix,OFF,OK,25,Stars,Dallas,de Dallas,DAL,4,53,Coyotes,Arizona,de l'Arizona,ARI,1,3,REG,3,REG,8470140.0,,,,,,,,,,,,,,,,,,,,DAL
2017020787,20172018,2,2018-02-01,False,2018-02-02T03:00:00Z,-05:00,-08:00,America/Vancouver,OFF,OK,16,Blackhawks,Chicago,de Chicago,CHI,2,23,Canucks,Vancouver,de Vancouver,VAN,4,3,REG,3,REG,8474593.0,,Markström,,,,,,,,,,,,,,,,,,VAN
2017020788,20172018,2,2018-02-02,False,2018-02-03T00:00:00Z,-05:00,-05:00,US/Eastern,OFF,OK,15,Capitals,Washington,de Washington,WSH,4,5,Penguins,Pittsburgh,de Pittsburgh,PIT,7,3,REG,3,REG,8476899.0,,,,,,,,,,,,,,,,,,,,PIT
2017020790,20172018,2,2018-02-02,False,2018-02-03T00:00:00Z,-05:00,-05:00,US/Eastern,OFF,OK,28,Sharks,San Jose,de San Jose,SJS,3,29,Blue Jackets,Columbus,de Columbus,CBJ,1,3,REG,3,REG,8474889.0,,,,,,,,,,,,,,,,,,,,SJS
2017020789,20172018,2,2018-02-02,False,2018-02-03T00:00:00Z,-05:00,-05:00,US/Eastern,OFF,OK,17,Red Wings,Detroit,de Detroit,DET,4,12,Hurricanes,Carolina,de la Caroline,CAR,1,3,REG,3,REG,8475852.0,,,,,,,,,,,,,,,,,,,,DET
2017020791,20172018,2,2018-02-02,False,2018-02-03T01:00:00Z,-05:00,-06:00,US/Central,OFF,OK,54,Golden Knights,Vegas,de Vegas,VGK,2,30,Wild,Minnesota,du Minnesota,MIN,5,3,REG,3,REG,8471227.0,,,,,,,,,,,,,,,,,,,,MIN
2017020793,20172018,2,2018-02-03,False,2018-02-03T18:00:00Z,-05:00,-05:00,US/Eastern,OFF,OK,9,Senators,Ottawa,d'Ottawa,OTT,4,4,Flyers,Philadelphia,de Philadelphie,PHI,3,5,SO,3,SO,8467950.0,,,Sénateurs,,,,,,,,,,,,,,,,,OTT
2017020792,20172018,2,2018-02-03,False,2018-02-03T18:00:00Z,-05:00,-05:00,America/Montreal,OFF,OK,24,Ducks,Anaheim,d'Anaheim,ANA,2,8,Canadiens,Montréal,de Montréal,MTL,5,3,REG,3,REG,8474550.0,,,,,,,,,,,,,,,,,,,,MTL
2017020799,20172018,2,2018-02-03,False,2018-02-04T00:00:00Z,-05:00,-06:00,America/Winnipeg,OFF,OK,21,Avalanche,Colorado,du Colorado,COL,0,52,Jets,Winnipeg,de Winnipeg,WPG,3,3,REG,3,REG,8476945.0,,,,,,,,,,,,,,,,,,,,WPG
2017020797,20172018,2,2018-02-03,False,2018-02-04T00:00:00Z,-05:00,-05:00,US/Eastern,OFF,OK,5,Penguins,Pittsburgh,de Pittsburgh,PIT,1,1,Devils,New Jersey,du New Jersey,NJD,3,3,REG,3,REG,8476234.0,,,,,,,,,,,,,,,,,,,,NJD
2017020798,20172018,2,2018-02-03,False,2018-02-04T00:00:00Z,-05:00,-05:00,America/New_York,OFF,OK,29,Blue Jackets,Columbus,de Columbus,CBJ,3,2,Islanders,New York,de New York,NYI,4,3,REG,3,REG,8470860.0,,,,,,,,,,,,,,,,,,,,NYI
2017020794,20172018,2,2018-02-03,False,2018-02-04T00:00:00Z,-05:00,-05:00,US/Eastern,OFF,OK,10,Maple Leafs,Toronto,de Toronto,TOR,1,6,Bruins,Boston,de Boston,BOS,4,3,REG,3,REG,8471695.0,,,,,,,,,,,,,,,,,,,,BOS
2017020795,20172018,2,2018-02-03,False,2018-02-04T00:00:00Z,-05:00,-05:00,America/New_York,OFF,OK,19,Blues,St. Louis,de St. Louis,STL,1,7,Sabres,Buffalo,de Buffalo,BUF,0,3,REG,3,REG,8475622.0,,,,,,,,,,,,,,,,,,,,STL
2017020796,20172018,2,2018-02-03,False,2018-02-04T00:00:00Z,-05:00,-05:00,US/Eastern,OFF,OK,17,Red Wings,Detroit,de Detroit,DET,2,13,Panthers,Florida,de la Floride,FLA,3,3,REG,3,REG,8474667.0,,,,,,,,,,,,,,,,,,,,FLA
2017020801,20172018,2,2018-02-03,False,2018-02-04T01:00:00Z,-05:00,-06:00,US/Central,OFF,OK,30,Wild,Minnesota,du Minnesota,MIN,1,25,Stars,Dallas,de Dallas,DAL,6,3,REG,3,REG,8470140.0,,,,,,,,,,,,,,,,,,,,DAL
2017020800,20172018,2,2018-02-03,False,2018-02-04T01:00:00Z,-05:00,-06:00,US/Central,OFF,OK,3,Rangers,New York,de New York,NYR,2,18,Predators,Nashville,de Nashville,NSH,5,3,REG,3,REG,8471469.0,,,,,,,,,,,,,,,,,,,,NSH
2017020803,20172018,2,2018-02-03,False,2018-02-04T03:00:00Z,-05:00,-08:00,America/Vancouver,OFF,OK,14,Lightning,Tampa Bay,de Tampa Bay,TBL,4,23,Canucks,Vancouver,de Vancouver,VAN,2,3,REG,3,REG,8476883.0,,,,,,,,,,,,,,,,,,,,TBL
2017020802,20172018,2,2018-02-03,False,2018-02-04T03:00:00Z,-05:00,-07:00,America/Edmonton,OFF,OK,16,Blackhawks,Chicago,de Chicago,CHI,3,20,Flames,Calgary,de Calgary,CGY,4,4,OT,3,OT,8469608.0,,,,,,,,,,,,,,,,,,,,CGY
2017020804,20172018,2,2018-02-03,False,2018-02-04T03:30:00Z,-05:00,-08:00,America/Los_Angeles,OFF,OK,53,Coyotes,Arizona,de l'Arizona,ARI,0,26,Kings,Los Angeles,de Los Angeles,LAK,6,3,REG,3,REG,8475311.0,,,,,,,,,,,,,,,,,,,,LAK
2017020805,20172018,2,2018-02-04,False,2018-02-04T17:30:00Z,-05:00,-05:00,US/Eastern,OFF,OK,54,Golden Knights,Vegas,de Vegas,VGK,4,15,Capitals,Washington,de Washington,WSH,3,3,REG,3,REG,8470594.0,,,,,,,,,,,,,,,,,,,,VGK
2017020806,20172018,2,2018-02-04,False,2018-02-04T18:00:00Z,-05:00,-05:00,America/Montreal,OFF,OK,9,Senators,Ottawa,d'Ottawa,OTT,1,8,Canadiens,Montréal,de Montréal,MTL,4,3,REG,3,REG,8471679.0,,,Sénateurs,,,,,,,,,,,,,,,,,MTL
2017020807,20172018,2,2018-02-04,False,2018-02-04T18:00:00Z,-05:00,-05:00,US/Eastern,OFF,OK,28,Sharks,San Jose,de San Jose,SJS,3,12,Hurricanes,Carolina,de la Caroline,CAR,1,3,REG,3,REG,8477180.0,,,,,,,,,,,,,,,,,,,,SJS
2017020809,20172018,2,2018-02-05,False,2018-02-06T00:00:00Z,-05:00,-05:00,America/New_York,OFF,OK,18,Predators,Nashville,de Nashville,NSH,5,2,Islanders,New York,de New York,NYI,4,4,OT,3,OT,8471469.0,,,,,,,,,,,,,,,,,,,,NSH
2017020808,20172018,2,2018-02-05,False,2018-02-06T00:00:00Z,-05:00,-05:00,America/Toronto,OFF,OK,24,Ducks,Anaheim,d'Anaheim,ANA,4,10,Maple Leafs,Toronto,de Toronto,TOR,7,3,REG,3,REG,8470147.0,,,,,,,,,,,,,,,,,,,,TOR
2017020810,20172018,2,2018-02-05,False,2018-02-06T01:30:00Z,-05:00,-06:00,US/Central,OFF,OK,3,Rangers,New York,de New York,NYR,1,25,Stars,Dallas,de Dallas,DAL,2,3,REG,3,REG,8471750.0,,,,,,,,,,,,,,,,,,,,DAL
2017020811,20172018,2,2018-02-05,False,2018-02-06T02:00:00Z,-05:00,-07:00,America/Edmonton,OFF,OK,14,Lightning,Tampa Bay,de Tampa Bay,TBL,2,22,Oilers,Edmonton,d'Edmonton,EDM,6,3,REG,3,REG,8475660.0,,,,,,,,,,,,,,,,,,,,EDM
2017020815,20172018,2,2018-02-06,False,2018-02-07T00:00:00Z,-05:00,-05:00,US/Eastern,OFF,OK,15,Capitals,Washington,de Washington,WSH,3,29,Blue Jackets,Columbus,de Columbus,CBJ,2,3,REG,3,REG,8474651.0,,,,,,,,,,,,,,,,,,,,WSH
2017020812,20172018,2,2018-02-06,False,2018-02-07T00:00:00Z,-05:00,-05:00,America/New_York,OFF,OK,24,Ducks,Anaheim,d'Anaheim,ANA,4,7,Sabres,Buffalo,de Buffalo,BUF,3,4,OT,3,OT,8468011.0,,,,,,,,,,,,,,,,,,,,ANA
2017020814,20172018,2,2018-02-06,False,2018-02-07T00:00:00Z,-05:00,-05:00,US/Eastern,OFF,OK,4,Flyers,Philadelphia,de Philadelphie,PHI,2,12,Hurricanes,Carolina,de la Caroline,CAR,1,4,OT,3,OT,8470880.0,,,,,,,,,,,,,,,,,,,,PHI
2017020813,20172018,2,2018-02-06,False,2018-02-07T00:00:00Z,-05:00,-05:00,US/Eastern,OFF,OK,54,Golden Knights,Vegas,de Vegas,VGK,4,5,Penguins,Pittsburgh,de Pittsburgh,PIT,5,3,REG,3,REG,8476899.0,,,,,,,,,,,,,,,,,,,,PIT
2017020816,20172018,2,2018-02-06,False,2018-02-07T00:30:00Z,-05:00,-05:00,US/Eastern,OFF,OK,1,Devils,New Jersey,du New Jersey,NJD,3,9,Senators,Ottawa,d'Ottawa,OTT,5,3,REG,3,REG,8467950.0,,,,Sénateurs,,,,,,,,,,,,,,,,OTT
2017020818,20172018,2,2018-02-06,False,2018-02-07T00:30:00Z,-05:00,-05:00,US/Eastern,OFF,OK,23,Canucks,Vancouver,de Vancouver,VAN,1,13,Panthers,Florida,de la Floride,FLA,3,3,REG,3,REG,8474667.0,,,,,,,,,,,,,,,,,,,,FLA
2017020817,20172018,2,2018-02-06,False,2018-02-07T00:30:00Z,-05:00,-05:00,America/Detroit,OFF,OK,6,Bruins,Boston,de Boston,BOS,3,17,Red Wings,Detroit,de Detroit,DET,2,3,REG,3,REG,8471695.0,,,,,,,,,,,,,,,,,,,,BOS
2017020819,20172018,2,2018-02-06,False,2018-02-07T01:00:00Z,-05:00,-06:00,US/Central,OFF,OK,30,Wild,Minnesota,du Minnesota,MIN,6,19,Blues,St. Louis,de St. Louis,STL,2,3,REG,3,REG,8471227.0,,,,,,,,,,,,,,,,,,,,MIN
2017020820,20172018,2,2018-02-06,False,2018-02-07T01:00:00Z,-05:00,-06:00,America/Winnipeg,OFF,OK,53,Coyotes,Arizona,de l'Arizona,ARI,3,52,Jets,Winnipeg,de Winnipeg,WPG,4,3,REG,3,REG,8476945.0,,,,,,,,,,,,,,,,,,,,WPG
2017020821,20172018,2,2018-02-06,False,2018-02-07T01:30:00Z,-05:00,-06:00,America/Chicago,OFF,OK,20,Flames,Calgary,de Calgary,CGY,3,16,Blackhawks,Chicago,de Chicago,CHI,2,3,REG,3,REG,8469608.0,,,,,,,,,,,,,,,,,,,,CGY
2017020822,20172018,2,2018-02-06,False,2018-02-07T02:00:00Z,-05:00,-07:00,America/Denver,OFF,OK,28,Sharks,San Jose,de San Jose,SJS,1,21,Avalanche,Colorado,du Colorado,COL,3,3,REG,3,REG,8473541.0,,,,,,,,,,,,,,,,,,,,COL
2017020823,20172018,2,2018-02-07,False,2018-02-08T00:30:00Z,-05:00,-05:00,America/Toronto,OFF,OK,18,Predators,Nashville,de Nashville,NSH,2,10,Maple Leafs,Toronto,de Toronto,TOR,3,5,SO,3,SO,8475883.0,,,,,,,,,,,,,,,,,,,,TOR
2017020824,20172018,2,2018-02-07,False,2018-02-08T01:00:00Z,-05:00,-05:00,America/New_York,OFF,OK,6,Bruins,Boston,de Boston,BOS,6,3,Rangers,New York,de New York,NYR,1,3,REG,3,REG,8471418.0,,,,,,,,,,,,,,,,,,,,BOS
2017020825,20172018,2,2018-02-07,False,2018-02-08T03:30:00Z,-05:00,-08:00,America/Los_Angeles,OFF,OK,22,Oilers,Edmonton,d'Edmonton,EDM,2,26,Kings,Los Angeles,de Los Angeles,LAK,5,3,REG,3,REG,8475311.0,,,,,,,,,,,,,,,,,,,,LAK
2017020828,20172018,2,2018-02-08,False,2018-02-09T00:00:00Z,-05:00,-05:00,US/Eastern,OFF,OK,8,Canadiens,Montréal,de Montréal,MTL,3,4,Flyers,Philadelphia,de Philadelphie,PHI,5,3,REG,3,REG,8470880.0,,,,,,,,,,,,,,,,,,,,PHI
2017020827,20172018,2,2018-02-08,False,2018-02-09T00:00:00Z,-05:00,-05:00,US/Eastern,OFF,OK,20,Flames,Calgary,de Calgary,CGY,3,1,Devils,New Jersey,du New Jersey,NJD,2,3,REG,3,REG,8479496.0,,,,,,,,,,,,,,,,,,,,CGY
2017020826,20172018,2,2018-02-08,False,2018-02-09T00:00:00Z,-05:00,-05:00,America/New_York,OFF,OK,2,Islanders,New York,de New York,NYI,3,7,Sabres,Buffalo,de Buffalo,BUF,4,3,REG,3,REG,8475215.0,,,,,,,,,,,,,,,,,,,,BUF
2017020829,20172018,2,2018-02-08,False,2018-02-09T00:30:00Z,-05:00,-05:00,US/Eastern,OFF,OK,18,Predators,Nashville,de Nashville,NSH,3,9,Senators,Ottawa,d'Ottawa,OTT,4,4,OT,3,OT,8467950.0,,,,Sénateurs,,,,,,,,,,,,,,,8474884.0,OTT
2017020830,20172018,2,2018-02-08,False,2018-02-09T00:30:00Z,-05:00,-05:00,US/Eastern,OFF,OK,23,Canucks,Vancouver,de Vancouver,VAN,2,14,Lightning,Tampa Bay,de Tampa Bay,TBL,5,3,REG,3,REG,8476883.0,,,,,,,,,,,,,,,,,,,,TBL
2017020831,20172018,2,2018-02-08,False,2018-02-09T01:00:00Z,-05:00,-06:00,US/Central,OFF,OK,21,Avalanche,Colorado,du Colorado,COL,1,19,Blues,St. Louis,de St. Louis,STL,6,3,REG,3,REG,8475622.0,,,,,,,,,,,,,,,,,,,,STL
2017020832,20172018,2,2018-02-08,False,2018-02-09T01:00:00Z,-05:00,-06:00,US/Central,OFF,OK,53,Coyotes,Arizona,de l'Arizona,ARI,4,30,Wild,Minnesota,du Minnesota,MIN,3,4,OT,3,OT,8477293.0,,,,,,,,,,,,,,,,,,,,ARI
2017020833,20172018,2,2018-02-08,False,2018-02-09T01:30:00Z,-05:00,-06:00,America/Chicago,OFF,OK,25,Stars,Dallas,de Dallas,DAL,4,16,Blackhawks,Chicago,de Chicago,CHI,2,3,REG,3,REG,8471750.0,,,,,,,,,,,,,,,,,,,,DAL
2017020834,20172018,2,2018-02-08,False,2018-02-09T03:30:00Z,-05:00,-08:00,US/Pacific,OFF,OK,54,Golden Knights,Vegas,de Vegas,VGK,5,28,Sharks,San Jose,de San Jose,SJS,3,3,REG,3,REG,8470594.0,,,,,,,,,,,,,,,,,,,,VGK
2017020837,20172018,2,2018-02-09,False,2018-02-10T00:00:00Z,-05:00,-05:00,US/Eastern,OFF,OK,29,Blue Jackets,Columbus,de Columbus,CBJ,2,15,Capitals,Washington,de Washington,WSH,4,3,REG,3,REG,8474651.0,,,,,,,,,,,,,,,,,,,,WSH
2017020835,20172018,2,2018-02-09,False,2018-02-10T00:00:00Z,-05:00,-05:00,America/New_York,OFF,OK,17,Red Wings,Detroit,de Detroit,DET,6,2,Islanders,New York,de New York,NYI,7,4,OT,3,OT,8470860.0,,,,,,,,,,,,,,,,,,,,NYI
2017020836,20172018,2,2018-02-09,False,2018-02-10T00:00:00Z,-05:00,-05:00,America/New_York,OFF,OK,20,Flames,Calgary,de Calgary,CGY,3,3,Rangers,New York,de New York,NYR,4,3,REG,3,REG,8468685.0,,,,,,,,,,,,,,,,,,,,NYR
2017020839,20172018,2,2018-02-09,False,2018-02-10T00:30:00Z,-05:00,-05:00,US/Eastern,OFF,OK,23,Canucks,Vancouver,de Vancouver,VAN,1,12,Hurricanes,Carolina,de la Caroline,CAR,4,3,REG,3,REG,8474152.0,,,,,,,,,,,,,,,,,,,,CAR
2017020838,20172018,2,2018-02-09,False,2018-02-10T00:30:00Z,-05:00,-05:00,US/Eastern,OFF,OK,26,Kings,Los Angeles,de Los Angeles,LAK,3,13,Panthers,Florida,de la Floride,FLA,1,3,REG,3,REG,8471734.0,,,,,,,,,,,,,,,,,,,,LAK
2017020840,20172018,2,2018-02-09,False,2018-02-10T01:00:00Z,-05:00,-06:00,America/Winnipeg,OFF,OK,19,Blues,St. Louis,de St. Louis,STL,5,52,Jets,Winnipeg,de Winnipeg,WPG,2,3,REG,3,REG,8474596.0,,,,,,,,,,,,,,,,,,,,STL
2017020841,20172018,2,2018-02-09,False,2018-02-10T01:30:00Z,-05:00,-06:00,US/Central,OFF,OK,5,Penguins,Pittsburgh,de Pittsburgh,PIT,3,25,Stars,Dallas,de Dallas,DAL,4,5,SO,3,SO,8470140.0,,,,,,,,,,,,,,,,,,,,DAL
2017020842,20172018,2,2018-02-09,False,2018-02-10T03:00:00Z,-05:00,-08:00,America/Los_Angeles,OFF,OK,22,Oilers,Edmonton,d'Edmonton,EDM,2,24,Ducks,Anaheim,d'Anaheim,ANA,3,3,REG,3,REG,8476434.0,,,,,,,,,,,,,,,,,,,,ANA
2017020848,20172018,2,2018-02-10,False,2018-02-11T00:00:00Z,-05:00,-05:00,US/Eastern,OFF,OK,1,Devils,New Jersey,du New Jersey,NJD,1,29,Blue Jackets,Columbus,de Columbus,CBJ,6,3,REG,3,REG,8475683.0,,,,,,,,,,,,,,,,,,,,CBJ
2017020845,20172018,2,2018-02-10,False,2018-02-11T00:00:00Z,-05:00,-05:00,America/Montreal,OFF,OK,18,Predators,Nashville,de Nashville,NSH,3,8,Canadiens,Montréal,de Montréal,MTL,2,5,SO,3,SO,8471469.0,,,,,,,,,,,,,,,,,,,,NSH
2017020843,20172018,2,2018-02-10,False,2018-02-11T00:00:00Z,-05:00,-05:00,US/Eastern,OFF,OK,7,Sabres,Buffalo,de Buffalo,BUF,4,6,Bruins,Boston,de Boston,BOS,2,3,REG,3,REG,8473434.0,,,,,,,,,,,,,,,,,,,,BUF
2017020846,20172018,2,2018-02-10,False,2018-02-11T00:00:00Z,-05:00,-05:00,US/Eastern,OFF,OK,26,Kings,Los Angeles,de Los Angeles,LAK,3,14,Lightning,Tampa Bay,de Tampa Bay,TBL,4,3,REG,3,REG,8476883.0,,,,,,,,,,,,,,,,,,,,TBL
2017020844,20172018,2,2018-02-10,False,2018-02-11T00:00:00Z,-05:00,-05:00,America/Toronto,OFF,OK,9,Senators,Ottawa,d'Ottawa,OTT,3,10,Maple Leafs,Toronto,de Toronto,TOR,6,3,REG,3,REG,8475883.0,,,Sénateurs,,,,,,,,,,,,,,,,,TOR
2017020849,20172018,2,2018-02-10,False,2018-02-11T01:00:00Z,-05:00,-06:00,US/Central,OFF,OK,16,Blackhawks,Chicago,de Chicago,CHI,0,30,Wild,Minnesota,du Minnesota,MIN,3,3,REG,3,REG,8471227.0,,,,,,,,,,,,,,,,,,,,MIN
2017020847,20172018,2,2018-02-10,False,2018-02-11T01:00:00Z,-05:00,-05:00,US/Eastern,OFF,OK,21,Avalanche,Colorado,du Colorado,COL,1,12,Hurricanes,Carolina,de la Caroline,CAR,3,3,REG,3,REG,8470320.0,,,,,,,,,,,,,,,,,,,,CAR
2017020850,20172018,2,2018-02-10,False,2018-02-11T01:00:00Z,-05:00,-07:00,America/Phoenix,OFF,OK,4,Flyers,Philadelphia,de Philadelphie,PHI,4,53,Coyotes,Arizona,de l'Arizona,ARI,3,5,SO,3,SO,8473607.0,,,,,,,,,,,,,,,,,,,,PHI
2017020851,20172018,2,2018-02-10,False,2018-02-11T03:00:00Z,-05:00,-08:00,US/Pacific,OFF,OK,22,Oilers,Edmonton,d'Edmonton,EDM,4,28,Sharks,San Jose,de San Jose,SJS,6,3,REG,3,REG,8477180.0,,,,,,,,,,,,,,,,,,,,SJS
2017020853,20172018,2,2018-02-11,False,2018-02-11T17:00:00Z,-05:00,-06:00,US/Central,OFF,OK,5,Penguins,Pittsburgh,de Pittsburgh,PIT,4,19,Blues,St. Louis,de St. Louis,STL,1,3,REG,3,REG,8476899.0,,,,,,,,,,,,,,,,,,,,PIT
2017020854,20172018,2,2018-02-11,False,2018-02-11T20:00:00Z,-05:00,-06:00,America/Winnipeg,OFF,OK,3,Rangers,New York,de New York,NYR,3,52,Jets,Winnipeg,de Winnipeg,WPG,1,3,REG,3,REG,8468685.0,,,,,,,,,,,,,,,,,,,,NYR
2017020852,20172018,2,2018-02-11,False,2018-02-11T20:00:00Z,-05:00,-05:00,US/Eastern,OFF,OK,17,Red Wings,Detroit,de Detroit,DET,5,15,Capitals,Washington,de Washington,WSH,4,4,OT,3,OT,8470657.0,,,,,,,,,,,,,,,,,,,,DET
2017020855,20172018,2,2018-02-11,False,2018-02-11T21:00:00Z,-05:00,-06:00,US/Central,OFF,OK,23,Canucks,Vancouver,de Vancouver,VAN,6,25,Stars,Dallas,de Dallas,DAL,0,3,REG,3,REG,8474593.0,,Markström,,,,,,,,,,,,,,,,,,VAN
2017020856,20172018,2,2018-02-11,False,2018-02-12T00:00:00Z,-05:00,-05:00,America/New_York,OFF,OK,21,Avalanche,Colorado,du Colorado,COL,5,7,Sabres,Buffalo,de Buffalo,BUF,4,3,REG,3,REG,8473541.0,,,,,,,,,,,,,,,,,,,,COL
2017020857,20172018,2,2018-02-11,False,2018-02-12T00:00:00Z,-05:00,-05:00,US/Eastern,OFF,OK,6,Bruins,Boston,de Boston,BOS,5,1,Devils,New Jersey,du New Jersey,NJD,3,3,REG,3,REG,8471418.0,,,,,,,,,,,,,,,,,,,,BOS
2017020858,20172018,2,2018-02-11,False,2018-02-12T00:00:00Z,-05:00,-05:00,America/New_York,OFF,OK,20,Flames,Calgary,de Calgary,CGY,3,2,Islanders,New York,de New York,NYI,2,3,REG,3,REG,8469608.0,,,,,,,,,,,,,,,,,,,,CGY
2017020860,20172018,2,2018-02-11,False,2018-02-12T01:00:00Z,-05:00,-08:00,America/Los_Angeles,OFF,OK,28,Sharks,San Jose,de San Jose,SJS,3,24,Ducks,Anaheim,d'Anaheim,ANA,2,5,SO,3,SO,8474889.0,,,,,,,,,,,,,,,,,,,,SJS
2017020859,20172018,2,2018-02-11,False,2018-02-12T01:00:00Z,-05:00,-08:00,US/Pacific,OFF,OK,4,Flyers,Philadelphia,de Philadelphie,PHI,4,54,Golden Knights,Vegas,de Vegas,VGK,1,3,REG,3,REG,8473607.0,,,,,,,,,,,,,,,,,,,,PHI
2017020861,20172018,2,2018-02-12,False,2018-02-13T00:00:00Z,-05:00,-05:00,America/Toronto,OFF,OK,14,Lightning,Tampa Bay,de Tampa Bay,TBL,3,10,Maple Leafs,Toronto,de Toronto,TOR,4,3,REG,3,REG,8475883.0,,,,,,,,,,,,,,,,,,,,TOR
2017020863,20172018,2,2018-02-12,False,2018-02-13T02:00:00Z,-05:00,-07:00,America/Phoenix,OFF,OK,16,Blackhawks,Chicago,de Chicago,CHI,1,53,Coyotes,Arizona,de l'Arizona,ARI,6,3,REG,3,REG,8477293.0,,,,,,,,,,,,,,,,,,,,ARI
2017020862,20172018,2,2018-02-12,False,2018-02-13T02:00:00Z,-05:00,-07:00,America/Edmonton,OFF,OK,13,Panthers,Florida,de la Floride,FLA,7,22,Oilers,Edmonton,d'Edmonton,EDM,5,3,REG,3,REG,8473503.0,,,,,,,,,,,,,,,,,,,,FLA
2017020868,20172018,2,2018-02-13,False,2018-02-14T00:00:00Z,-05:00,-05:00,US/Eastern,OFF,OK,9,Senators,Ottawa,d'Ottawa,OTT,3,5,Penguins,Pittsburgh,de Pittsburgh,PIT,6,3,REG,3,REG,8476899.0,,,Sénateurs,,,,,,,,,,,,,,,,,PIT
2017020869,20172018,2,2018-02-13,False,2018-02-14T00:00:00Z,-05:00,-05:00,US/Eastern,OFF,OK,26,Kings,Los Angeles,de Los Angeles,LAK,3,12,Hurricanes,Carolina,de la Caroline,CAR,7,3,REG,3,REG,8470320.0,,,,,,,,,,,,,,,,,,,,CAR
2017020865,20172018,2,2018-02-13,False,2018-02-14T00:00:00Z,-05:00,-05:00,America/New_York,OFF,OK,14,Lightning,Tampa Bay,de Tampa Bay,TBL,3,7,Sabres,Buffalo,de Buffalo,BUF,5,3,REG,3,REG,8473434.0,,,,,,,,,,,,,,,,,,,,BUF
2017020867,20172018,2,2018-02-13,False,2018-02-14T00:00:00Z,-05:00,-05:00,US/Eastern,OFF,OK,1,Devils,New Jersey,du New Jersey,NJD,5,4,Flyers,Philadelphia,de Philadelphie,PHI,4,5,SO,3,SO,8476234.0,,,,,,,,,,,,,,,,,,,,NJD
2017020864,20172018,2,2018-02-13,False,2018-02-14T00:00:00Z,-05:00,-05:00,US/Eastern,OFF,OK,20,Flames,Calgary,de Calgary,CGY,2,6,Bruins,Boston,de Boston,BOS,5,3,REG,3,REG,8471695.0,,,,,,,,,,,,,,,,,,,,BOS
2017020866,20172018,2,2018-02-13,False,2018-02-14T00:00:00Z,-05:00,-05:00,America/New_York,OFF,OK,29,Blue Jackets,Columbus,de Columbus,CBJ,4,2,Islanders,New York,de New York,NYI,1,3,REG,3,REG,8475683.0,,,,,,,,,,,,,,,,,,,,CBJ
2017020870,20172018,2,2018-02-13,False,2018-02-14T00:30:00Z,-05:00,-05:00,America/Detroit,OFF,OK,24,Ducks,Anaheim,d'Anaheim,ANA,1,17,Red Wings,Detroit,de Detroit,DET,2,3,REG,3,REG,8470657.0,,,,,,,,,,,,,,,,,,,,DET
2017020871,20172018,2,2018-02-13,False,2018-02-14T01:00:00Z,-05:00,-06:00,US/Central,OFF,OK,19,Blues,St. Louis,de St. Louis,STL,3,18,Predators,Nashville,de Nashville,NSH,4,4,OT,3,OT,8471469.0,,,,,,,,,,,,,,,,,,,,NSH
2017020872,20172018,2,2018-02-13,False,2018-02-14T01:00:00Z,-05:00,-06:00,US/Central,OFF,OK,3,Rangers,New York,de New York,NYR,2,30,Wild,Minnesota,du Minnesota,MIN,3,3,REG,3,REG,8471227.0,,,,,,,,,,,,,,,,,,,,MIN
2017020873,20172018,2,2018-02-13,False,2018-02-14T01:00:00Z,-05:00,-06:00,America/Winnipeg,OFF,OK,15,Capitals,Washington,de Washington,WSH,3,52,Jets,Winnipeg,de Winnipeg,WPG,4,4,OT,3,OT,8476945.0,,,,,,,,,,,,,,,,,,,,WPG
2017020874,20172018,2,2018-02-13,False,2018-02-14T03:00:00Z,-05:00,-08:00,US/Pacific,OFF,OK,16,Blackhawks,Chicago,de Chicago,CHI,2,54,Golden Knights,Vegas,de Vegas,VGK,5,3,REG,3,REG,8470594.0,,,,,,,,,,,,,,,,,,,,VGK
2017020875,20172018,2,2018-02-13,False,2018-02-14T03:30:00Z,-05:00,-08:00,US/Pacific,OFF,OK,53,Coyotes,Arizona,de l'Arizona,ARI,2,28,Sharks,San Jose,de San Jose,SJS,1,3,REG,3,REG,8475809.0,,,,,,,,,,,,,,,,,,,,ARI
2017020876,20172018,2,2018-02-14,False,2018-02-15T00:00:00Z,-05:00,-05:00,America/Toronto,OFF,OK,29,Blue Jackets,Columbus,de Columbus,CBJ,3,10,Maple Leafs,Toronto,de Toronto,TOR,6,3,REG,3,REG,8475883.0,,,,,,,,,,,,,,,,,,,,TOR
2017020877,20172018,2,2018-02-14,False,2018-02-15T02:30:00Z,-05:00,-07:00,America/Denver,OFF,OK,8,Canadiens,Montréal,de Montréal,MTL,0,21,Avalanche,Colorado,du Colorado,COL,2,3,REG,3,REG,8473575.0,,,,,,,,,,,,,,,,,,,,COL
2017020878,20172018,2,2018-02-14,False,2018-02-15T03:00:00Z,-05:00,-08:00,America/Vancouver,OFF,OK,13,Panthers,Florida,de la Floride,FLA,4,23,Canucks,Vancouver,de Vancouver,VAN,3,3,REG,3,REG,8473503.0,,,,,,,,,,,,,,,,,,,,FLA
2017020881,20172018,2,2018-02-15,False,2018-02-16T00:00:00Z,-05:00,-05:00,US/Eastern,OFF,OK,26,Kings,Los Angeles,de Los Angeles,LAK,1,5,Penguins,Pittsburgh,de Pittsburgh,PIT,3,3,REG,3,REG,8476899.0,,,,,,,,,,,,,,,,,,,,PIT
2017020880,20172018,2,2018-02-15,False,2018-02-16T00:00:00Z,-05:00,-05:00,America/New_York,OFF,OK,3,Rangers,New York,de New York,NYR,0,2,Islanders,New York,de New York,NYI,3,3,REG,3,REG,8470860.0,,,,,,,,,,,,,,,,,,,,NYI
2017020879,20172018,2,2018-02-15,False,2018-02-16T00:00:00Z,-05:00,-05:00,US/Eastern,OFF,OK,12,Hurricanes,Carolina,de la Caroline,CAR,2,1,Devils,New Jersey,du New Jersey,NJD,5,3,REG,3,REG,8476234.0,,,,,,,,,,,,,,,,,,,,NJD
2017020882,20172018,2,2018-02-15,False,2018-02-16T00:30:00Z,-05:00,-05:00,US/Eastern,OFF,OK,7,Sabres,Buffalo,de Buffalo,BUF,2,9,Senators,Ottawa,d'Ottawa,OTT,3,4,OT,3,OT,8467950.0,,,,Sénateurs,,,,,,,,,,,,,,,,OTT
2017020883,20172018,2,2018-02-15,False,2018-02-16T00:30:00Z,-05:00,-05:00,US/Eastern,OFF,OK,17,Red Wings,Detroit,de Detroit,DET,1,14,Lightning,Tampa Bay,de Tampa Bay,TBL,4,3,REG,3,REG,8476883.0,,,,,,,,,,,,,,,,,,,,TBL
2017020885,20172018,2,2018-02-15,False,2018-02-16T01:00:00Z,-05:00,-06:00,US/Central,OFF,OK,15,Capitals,Washington,de Washington,WSH,5,30,Wild,Minnesota,du Minnesota,MIN,2,3,REG,3,REG,8475831.0,,,,,,,,,,,,,,,,,,,,WSH
2017020884,20172018,2,2018-02-15,False,2018-02-16T01:00:00Z,-05:00,-06:00,US/Central,OFF,OK,20,Flames,Calgary,de Calgary,CGY,4,18,Predators,Nashville,de Nashville,NSH,3,3,REG,3,REG,8479496.0,,,,,,,,,,,,,,,,,,,,CGY
2017020886,20172018,2,2018-02-15,False,2018-02-16T01:30:00Z,-05:00,-06:00,America/Chicago,OFF,OK,24,Ducks,Anaheim,d'Anaheim,ANA,3,16,Blackhawks,Chicago,de Chicago,CHI,2,3,REG,3,REG,8476434.0,,,,,,,,,,,,,,,,,,,,ANA
2017020887,20172018,2,2018-02-15,False,2018-02-16T02:00:00Z,-05:00,-07:00,America/Phoenix,OFF,OK,8,Canadiens,Montréal,de Montréal,MTL,2,53,Coyotes,Arizona,de l'Arizona,ARI,5,3,REG,3,REG,8477293.0,,,,,,,,,,,,,,,,,,,,ARI
2017020888,20172018,2,2018-02-15,False,2018-02-16T03:00:00Z,-05:00,-08:00,US/Pacific,OFF,OK,22,Oilers,Edmonton,d'Edmonton,EDM,1,54,Golden Knights,Vegas,de Vegas,VGK,4,3,REG,3,REG,8470594.0,,,,,,,,,,,,,,,,,,,,VGK
2017020889,20172018,2,2018-02-15,False,2018-02-16T03:30:00Z,-05:00,-08:00,US/Pacific,OFF,OK,23,Canucks,Vancouver,de Vancouver,VAN,1,28,Sharks,San Jose,de San Jose,SJS,4,3,REG,3,REG,8474889.0,,,,,,,,,,,,,,,,,,,,SJS
2017020890,20172018,2,2018-02-16,False,2018-02-17T00:00:00Z,-05:00,-05:00,US/Eastern,OFF,OK,4,Flyers,Philadelphia,de Philadelphie,PHI,2,29,Blue Jackets,Columbus,de Columbus,CBJ,1,4,OT,3,OT,8473607.0,,,,,,,,,,,,,,,,,,,,PHI
2017020891,20172018,2,2018-02-16,False,2018-02-17T00:30:00Z,-05:00,-05:00,US/Eastern,OFF,OK,2,Islanders,New York,de New York,NYI,3,12,Hurricanes,Carolina,de la Caroline,CAR,0,3,REG,3,REG,8471306.0,,,,,,,,,,,,,,,,,,,,NYI
2017020892,20172018,2,2018-02-16,False,2018-02-17T01:00:00Z,-05:00,-06:00,America/Winnipeg,OFF,OK,21,Avalanche,Colorado,du Colorado,COL,1,52,Jets,Winnipeg,de Winnipeg,WPG,6,3,REG,3,REG,8476945.0,,,,,,,,,,,,,,,,,,,,WPG
2017020893,20172018,2,2018-02-16,False,2018-02-17T01:30:00Z,-05:00,-06:00,US/Central,OFF,OK,19,Blues,St. Louis,de St. Louis,STL,1,25,Stars,Dallas,de Dallas,DAL,2,3,REG,3,REG,8471750.0,,,,,,,,,,,,,,,,,,,,DAL
2017020894,20172018,2,2018-02-17,False,2018-02-17T18:00:00Z,-05:00,-05:00,America/New_York,OFF,OK,26,Kings,Los Angeles,de Los Angeles,LAK,4,7,Sabres,Buffalo,de Buffalo,BUF,2,3,REG,3,REG,8471734.0,,,,,,,,,,,,,,,,,,,,LAK
2017020896,20172018,2,2018-02-17,False,2018-02-17T19:00:00Z,-05:00,-06:00,US/Central,OFF,OK,24,Ducks,Anaheim,d'Anaheim,ANA,3,30,Wild,Minnesota,du Minnesota,MIN,2,5,SO,3,SO,8476434.0,,,,,,,,,,,,,,,,,,,,ANA
2017020895,20172018,2,2018-02-17,False,2018-02-17T19:00:00Z,-05:00,-05:00,US/Eastern,OFF,OK,3,Rangers,New York,de New York,NYR,3,9,Senators,Ottawa,d'Ottawa,OTT,6,3,REG,3,REG,8467950.0,,,,Sénateurs,,,,,,,,,,,,,,,,OTT
2017020897,20172018,2,2018-02-17,False,2018-02-17T21:00:00Z,-05:00,-07:00,America/Phoenix,OFF,OK,22,Oilers,Edmonton,d'Edmonton,EDM,0,53,Coyotes,Arizona,de l'Arizona,ARI,1,3,REG,3,REG,8477293.0,,,,,,,,,,,,,,,,,,,,ARI
2017020900,20172018,2,2018-02-17,False,2018-02-18T00:00:00Z,-05:00,-08:00,US/Pacific,OFF,OK,8,Canadiens,Montréal,de Montréal,MTL,3,54,Golden Knights,Vegas,de Vegas,VGK,6,3,REG,3,REG,8470594.0,,,,,,,,,,,,,,,,,,,,VGK
2017020898,20172018,2,2018-02-17,False,2018-02-18T00:00:00Z,-05:00,-05:00,US/Eastern,OFF,OK,1,Devils,New Jersey,du New Jersey,NJD,4,14,Lightning,Tampa Bay,de Tampa Bay,TBL,3,3,REG,3,REG,8475663.0,,,,,,,,,,,,,,,,,,,,NJD
2017020899,20172018,2,2018-02-17,False,2018-02-18T00:00:00Z,-05:00,-05:00,US/Eastern,OFF,OK,10,Maple Leafs,Toronto,de Toronto,TOR,3,5,Penguins,Pittsburgh,de Pittsburgh,PIT,5,3,REG,3,REG,8476899.0,,,,,,,,,,,,,,,,,,,,PIT
2017020901,20172018,2,2018-02-17,False,2018-02-18T01:00:00Z,-05:00,-06:00,US/Central,OFF,OK,17,Red Wings,Detroit,de Detroit,DET,3,18,Predators,Nashville,de Nashville,NSH,1,3,REG,3,REG,8475852.0,,,,,,,,,,,,,,,,,,,,DET
2017020902,20172018,2,2018-02-17,False,2018-02-18T01:30:00Z,-05:00,-06:00,America/Chicago,OFF,OK,15,Capitals,Washington,de Washington,WSH,1,16,Blackhawks,Chicago,de Chicago,CHI,7,3,REG,3,REG,8476341.0,,,,,,,,,,,,,,,,,,,,CHI
2017020903,20172018,2,2018-02-17,False,2018-02-18T03:00:00Z,-05:00,-07:00,America/Edmonton,OFF,OK,13,Panthers,Florida,de la Floride,FLA,6,20,Flames,Calgary,de Calgary,CGY,3,3,REG,3,REG,8466141.0,,,,,,,,,,,,,,,,,,,,FLA
2017020904,20172018,2,2018-02-17,False,2018-02-18T03:00:00Z,-05:00,-08:00,America/Vancouver,OFF,OK,6,Bruins,Boston,de Boston,BOS,1,23,Canucks,Vancouver,de Vancouver,VAN,6,3,REG,3,REG,8475195.0,,,,,,,,,,,,,,,,,,,,VAN
2017020905,20172018,2,2018-02-18,False,2018-02-18T17:00:00Z,-05:00,-05:00,America/New_York,OFF,OK,4,Flyers,Philadelphia,de Philadelphie,PHI,7,3,Rangers,New York,de New York,NYR,4,3,REG,3,REG,8479312.0,,,,,,,,,,,,,,,,,,,,PHI
2017020906,20172018,2,2018-02-18,False,2018-02-18T20:00:00Z,-05:00,-07:00,America/Denver,OFF,OK,22,Oilers,Edmonton,d'Edmonton,EDM,4,21,Avalanche,Colorado,du Colorado,COL,2,3,REG,3,REG,8475660.0,,,,,,,,,,,,,,,,,,,,EDM
2017020907,20172018,2,2018-02-18,False,2018-02-18T22:00:00Z,-05:00,-05:00,US/Eastern,OFF,OK,1,Devils,New Jersey,du New Jersey,NJD,3,12,Hurricanes,Carolina,de la Caroline,CAR,2,4,OT,3,OT,8476234.0,,,,,,,,,,,,,,,,,,,,NJD
2017020908,20172018,2,2018-02-18,False,2018-02-18T23:00:00Z,-05:00,-05:00,US/Eastern,OFF,OK,5,Penguins,Pittsburgh,de Pittsburgh,PIT,5,29,Blue Jackets,Columbus,de Columbus,CBJ,2,3,REG,3,REG,8477465.0,,,,,,,,,,,,,,,,,,,,PIT
2017020909,20172018,2,2018-02-18,False,2018-02-19T00:00:00Z,-05:00,-05:00,America/Detroit,OFF,OK,10,Maple Leafs,Toronto,de Toronto,TOR,3,17,Red Wings,Detroit,de Detroit,DET,2,3,REG,3,REG,8470147.0,,,,,,,,,,,,,,,,,,,,TOR
2017020910,20172018,2,2018-02-18,False,2018-02-19T01:00:00Z,-05:00,-06:00,America/Winnipeg,OFF,OK,13,Panthers,Florida,de la Floride,FLA,2,52,Jets,Winnipeg,de Winnipeg,WPG,7,3,REG,3,REG,8476945.0,,,,,,,,,,,,,,,,,,,,WPG
2017020911,20172018,2,2018-02-18,False,2018-02-19T01:00:00Z,-05:00,-08:00,US/Pacific,OFF,OK,25,Stars,Dallas,de Dallas,DAL,2,28,Sharks,San Jose,de San Jose,SJS,5,3,REG,3,REG,8474889.0,,,,,,,,,,,,,,,,,,,,SJS
2017020912,20172018,2,2018-02-19,False,2018-02-19T18:00:00Z,-05:00,-05:00,America/New_York,OFF,OK,30,Wild,Minnesota,du Minnesota,MIN,5,2,Islanders,New York,de New York,NYI,3,3,REG,3,REG,8471227.0,,,,,,,,,,,,,,,,,,,,MIN
2017020913,20172018,2,2018-02-19,False,2018-02-19T20:00:00Z,-05:00,-05:00,America/New_York,OFF,OK,15,Capitals,Washington,de Washington,WSH,3,7,Sabres,Buffalo,de Buffalo,BUF,2,3,REG,3,REG,8475831.0,,,,,,,,,,,,,,,,,,,,WSH
2017020914,20172018,2,2018-02-19,False,2018-02-19T21:00:00Z,-05:00,-07:00,America/Edmonton,OFF,OK,6,Bruins,Boston,de Boston,BOS,2,20,Flames,Calgary,de Calgary,CGY,1,4,OT,3,OT,8471695.0,,,,,,,,,,,,,,,,,,,,BOS
2017020915,20172018,2,2018-02-19,False,2018-02-20T01:00:00Z,-05:00,-06:00,US/Central,OFF,OK,9,Senators,Ottawa,d'Ottawa,OTT,2,18,Predators,Nashville,de Nashville,NSH,5,3,REG,3,REG,8471469.0,,,Sénateurs,,,,,,,,,,,,,,,,,NSH
2017020916,20172018,2,2018-02-19,False,2018-02-20T01:30:00Z,-05:00,-06:00,America/Chicago,OFF,OK,26,Kings,Los Angeles,de Los Angeles,LAK,3,16,Blackhawks,Chicago,de Chicago,CHI,1,3,REG,3,REG,8471734.0,,,,,,,,,,,,,,,,,,,,LAK
2017020917,20172018,2,2018-02-19,False,2018-02-20T03:00:00Z,-05:00,-08:00,US/Pacific,OFF,OK,24,Ducks,Anaheim,d'Anaheim,ANA,2,54,Golden Knights,Vegas,de Vegas,VGK,0,3,REG,3,REG,8476434.0,,,,,,,,,,,,,,,,,,,,ANA
2017020918,20172018,2,2018-02-20,False,2018-02-21T00:00:00Z,-05:00,-05:00,America/Toronto,OFF,OK,13,Panthers,Florida,de la Floride,FLA,0,10,Maple Leafs,Toronto,de Toronto,TOR,1,3,REG,3,REG,8475883.0,,,,,,,,,,,,,,,,,,,,TOR
2017020921,20172018,2,2018-02-20,False,2018-02-21T00:00:00Z,-05:00,-05:00,US/Eastern,OFF,OK,14,Lightning,Tampa Bay,de Tampa Bay,TBL,4,15,Capitals,Washington,de Washington,WSH,2,3,REG,3,REG,8476883.0,,,,,,,,,,,,,,,,,,,,TBL
2017020920,20172018,2,2018-02-20,False,2018-02-21T00:00:00Z,-05:00,-05:00,US/Eastern,OFF,OK,8,Canadiens,Montréal,de Montréal,MTL,2,4,Flyers,Philadelphia,de Philadelphie,PHI,3,4,OT,3,OT,8479312.0,,,,,,,,,,,,,,,,,,,,PHI
2017020919,20172018,2,2018-02-20,False,2018-02-21T00:00:00Z,-05:00,-05:00,US/Eastern,OFF,OK,29,Blue Jackets,Columbus,de Columbus,CBJ,2,1,Devils,New Jersey,du New Jersey,NJD,1,3,REG,3,REG,8475683.0,,,,,,,,,,,,,,,,,,,,CBJ
2017020922,20172018,2,2018-02-20,False,2018-02-21T00:30:00Z,-05:00,-05:00,America/Detroit,OFF,OK,18,Predators,Nashville,de Nashville,NSH,3,17,Red Wings,Detroit,de Detroit,DET,2,3,REG,3,REG,8477424.0,,,,,,,,,,,,,,,,,,,,NSH
2017020924,20172018,2,2018-02-20,False,2018-02-21T01:00:00Z,-05:00,-06:00,America/Winnipeg,OFF,OK,26,Kings,Los Angeles,de Los Angeles,LAK,4,52,Jets,Winnipeg,de Winnipeg,WPG,3,3,REG,3,REG,8475311.0,,,,,,,,,,,,,,,,,,,,LAK
2017020923,20172018,2,2018-02-20,False,2018-02-21T01:00:00Z,-05:00,-06:00,US/Central,OFF,OK,28,Sharks,San Jose,de San Jose,SJS,3,19,Blues,St. Louis,de St. Louis,STL,2,3,REG,3,REG,8474889.0,,,,,,,,,,,,,,,,,,,,SJS
2017020925,20172018,2,2018-02-20,False,2018-02-21T02:00:00Z,-05:00,-07:00,America/Edmonton,OFF,OK,6,Bruins,Boston,de Boston,BOS,3,22,Oilers,Edmonton,d'Edmonton,EDM,2,3,REG,3,REG,8471418.0,,,,,,,,,,,,,,,,,,,,BOS
2017020926,20172018,2,2018-02-20,False,2018-02-21T03:00:00Z,-05:00,-08:00,America/Vancouver,OFF,OK,21,Avalanche,Colorado,du Colorado,COL,5,23,Canucks,Vancouver,de Vancouver,VAN,4,4,OT,3,OT,8473575.0,,,,,,,,,,,,,,,,,,,,COL
2017020927,20172018,2,2018-02-21,False,2018-02-22T01:00:00Z,-05:00,-06:00,America/Chicago,OFF,OK,9,Senators,Ottawa,d'Ottawa,OTT,2,16,Blackhawks,Chicago,de Chicago,CHI,3,5,SO,3,SO,8476341.0,,,Sénateurs,,,,,,,,,,,,,,,,,CHI
2017020928,20172018,2,2018-02-21,False,2018-02-22T03:00:00Z,-05:00,-08:00,America/Los_Angeles,OFF,OK,25,Stars,Dallas,de Dallas,DAL,0,24,Ducks,Anaheim,d'Anaheim,ANA,2,3,REG,3,REG,8468011.0,,,,,,,,,,,,,,,,,,,,ANA
2017020929,20172018,2,2018-02-21,False,2018-02-22T03:30:00Z,-05:00,-08:00,US/Pacific,OFF,OK,20,Flames,Calgary,de Calgary,CGY,3,54,Golden Knights,Vegas,de Vegas,VGK,7,3,REG,3,REG,8470594.0,,,,,,,,,,,,,,,,,,,,VGK
2017020930,20172018,2,2018-02-22,False,2018-02-23T00:00:00Z,-05:00,-05:00,America/Toronto,OFF,OK,2,Islanders,New York,de New York,NYI,3,10,Maple Leafs,Toronto,de Toronto,TOR,4,5,SO,3,SO,8475883.0,,,,,,,,,,,,,,,,,,,,TOR
2017020931,20172018,2,2018-02-22,False,2018-02-23T00:00:00Z,-05:00,-05:00,US/Eastern,OFF,OK,30,Wild,Minnesota,du Minnesota,MIN,4,1,Devils,New Jersey,du New Jersey,NJD,2,3,REG,3,REG,8471774.0,,,,,,,,,,,,,,,,,,,,MIN
2017020932,20172018,2,2018-02-22,False,2018-02-23T00:00:00Z,-05:00,-05:00,US/Eastern,OFF,OK,29,Blue Jackets,Columbus,de Columbus,CBJ,1,4,Flyers,Philadelphia,de Philadelphie,PHI,2,3,REG,3,REG,8475852.0,,,,,,,,,,,,,,,,,,,,PHI
2017020935,20172018,2,2018-02-22,False,2018-02-23T00:30:00Z,-05:00,-05:00,America/Detroit,OFF,OK,7,Sabres,Buffalo,de Buffalo,BUF,3,17,Red Wings,Detroit,de Detroit,DET,2,4,OT,3,OT,8475215.0,,,,,,,,,,,,,,,,,,,,BUF
2017020936,20172018,2,2018-02-22,False,2018-02-23T00:30:00Z,-05:00,-05:00,US/Eastern,OFF,OK,15,Capitals,Washington,de Washington,WSH,2,13,Panthers,Florida,de la Floride,FLA,3,3,REG,3,REG,8466141.0,,,,,,,,,,,,,,,,,,,,FLA
2017020934,20172018,2,2018-02-22,False,2018-02-23T00:30:00Z,-05:00,-05:00,US/Eastern,OFF,OK,14,Lightning,Tampa Bay,de Tampa Bay,TBL,4,9,Senators,Ottawa,d'Ottawa,OTT,3,3,REG,3,REG,8475839.0,,,,Sénateurs,,,,,,,,,,,,,,,,TBL
2017020933,20172018,2,2018-02-22,False,2018-02-23T00:30:00Z,-05:00,-05:00,America/Montreal,OFF,OK,3,Rangers,New York,de New York,NYR,1,8,Canadiens,Montréal,de Montréal,MTL,3,3,REG,3,REG,8474550.0,,,,,,,,,,,,,,,,,,,,MTL
2017020937,20172018,2,2018-02-22,False,2018-02-23T01:00:00Z,-05:00,-06:00,US/Central,OFF,OK,28,Sharks,San Jose,de San Jose,SJS,1,18,Predators,Nashville,de Nashville,NSH,7,3,REG,3,REG,8471469.0,,,,,,,,,,,,,,,,,,,,NSH
2017020939,20172018,2,2018-02-22,False,2018-02-23T02:00:00Z,-05:00,-07:00,America/Phoenix,OFF,OK,20,Flames,Calgary,de Calgary,CGY,5,53,Coyotes,Arizona,de l'Arizona,ARI,2,3,REG,3,REG,8476903.0,,,,,,,,,,,,,,,,,,,,CGY
2017020938,20172018,2,2018-02-22,False,2018-02-23T02:00:00Z,-05:00,-07:00,America/Edmonton,OFF,OK,21,Avalanche,Colorado,du Colorado,COL,2,22,Oilers,Edmonton,d'Edmonton,EDM,3,4,OT,3,OT,8475660.0,,,,,,,,,,,,,,,,,,,,EDM
2017020940,20172018,2,2018-02-22,False,2018-02-23T03:30:00Z,-05:00,-08:00,America/Los_Angeles,OFF,OK,25,Stars,Dallas,de Dallas,DAL,2,26,Kings,Los Angeles,de Los Angeles,LAK,0,3,REG,3,REG,8470140.0,,,,,,,,,,,,,,,,,,,,DAL
2017020941,20172018,2,2018-02-23,False,2018-02-24T00:00:00Z,-05:00,-05:00,America/New_York,OFF,OK,30,Wild,Minnesota,du Minnesota,MIN,4,3,Rangers,New York,de New York,NYR,1,3,REG,3,REG,8471227.0,,,,,,,,,,,,,,,,,,,,MIN
2017020942,20172018,2,2018-02-23,False,2018-02-24T00:30:00Z,-05:00,-05:00,US/Eastern,OFF,OK,5,Penguins,Pittsburgh,de Pittsburgh,PIT,6,12,Hurricanes,Carolina,de la Caroline,CAR,1,3,REG,3,REG,8476899.0,,,,,,,,,,,,,,,,,,,,PIT
2017020943,20172018,2,2018-02-23,False,2018-02-24T01:00:00Z,-05:00,-06:00,US/Central,OFF,OK,52,Jets,Winnipeg,de Winnipeg,WPG,4,19,Blues,St. Louis,de St. Louis,STL,0,3,REG,3,REG,8476945.0,,,,,,,,,,,,,,,,,,,,WPG
2017020944,20172018,2,2018-02-23,False,2018-02-24T01:30:00Z,-05:00,-06:00,America/Chicago,OFF,OK,28,Sharks,San Jose,de San Jose,SJS,1,16,Blackhawks,Chicago,de Chicago,CHI,3,3,REG,3,REG,8475234.0,,,,,,,,,,,,,,,,,,,,CHI
2017020945,20172018,2,2018-02-23,False,2018-02-24T03:30:00Z,-05:00,-08:00,US/Pacific,OFF,OK,23,Canucks,Vancouver,de Vancouver,VAN,3,54,Golden Knights,Vegas,de Vegas,VGK,6,3,REG,3,REG,8470594.0,,,,,,,,,,,,,,,,,,,,VGK
2017020946,20172018,2,2018-02-24,False,2018-02-24T19:00:00Z,-05:00,-05:00,US/Eastern,OFF,OK,4,Flyers,Philadelphia,de Philadelphie,PHI,5,9,Senators,Ottawa,d'Ottawa,OTT,3,3,REG,3,REG,8475852.0,,,,Sénateurs,,,,,,,,,,,,,,,,PHI
2017020947,20172018,2,2018-02-24,False,2018-02-24T21:00:00Z,-05:00,-07:00,America/Edmonton,OFF,OK,21,Avalanche,Colorado,du Colorado,COL,1,20,Flames,Calgary,de Calgary,CGY,5,3,REG,3,REG,8476903.0,,,,,,,,,,,,,,,,,,,,CGY
2017020952,20172018,2,2018-02-24,False,2018-02-24T23:15:00Z,-05:00,-05:00,US/Eastern,OFF,OK,2,Islanders,New York,de New York,NYI,1,1,Devils,New Jersey,du New Jersey,NJD,2,3,REG,3,REG,8476234.0,,,,,,,,,,,,,,,,,,,,NJD
2017020955,20172018,2,2018-02-24,False,2018-02-25T00:00:00Z,-05:00,-06:00,US/Central,OFF,OK,52,Jets,Winnipeg,de Winnipeg,WPG,5,25,Stars,Dallas,de Dallas,DAL,3,3,REG,3,REG,8474636.0,,,,,,,,,,,,,,,,,,,,WPG
2017020948,20172018,2,2018-02-24,False,2018-02-25T00:00:00Z,-05:00,-05:00,America/Toronto,OFF,OK,6,Bruins,Boston,de Boston,BOS,3,10,Maple Leafs,Toronto,de Toronto,TOR,4,3,REG,3,REG,8475883.0,,,,,,,,,,,,,,,,,,,,TOR
2017020950,20172018,2,2018-02-24,False,2018-02-25T00:00:00Z,-05:00,-05:00,America/Detroit,OFF,OK,12,Hurricanes,Carolina,de la Caroline,CAR,1,17,Red Wings,Detroit,de Detroit,DET,3,3,REG,3,REG,8470657.0,,,,,,,,,,,,,,,,,,,,DET
2017020953,20172018,2,2018-02-24,False,2018-02-25T00:00:00Z,-05:00,-05:00,US/Eastern,OFF,OK,7,Sabres,Buffalo,de Buffalo,BUF,1,15,Capitals,Washington,de Washington,WSH,5,3,REG,3,REG,8475831.0,,,,,,,,,,,,,,,,,,,,WSH
2017020954,20172018,2,2018-02-24,False,2018-02-25T00:00:00Z,-05:00,-05:00,US/Eastern,OFF,OK,16,Blackhawks,Chicago,de Chicago,CHI,2,29,Blue Jackets,Columbus,de Columbus,CBJ,3,3,REG,3,REG,8475683.0,,,,,,,,,,,,,,,,,,,,CBJ
2017020949,20172018,2,2018-02-24,False,2018-02-25T00:00:00Z,-05:00,-05:00,America/Montreal,OFF,OK,14,Lightning,Tampa Bay,de Tampa Bay,TBL,4,8,Canadiens,Montréal,de Montréal,MTL,3,5,SO,3,SO,8476883.0,,,,,,,,,,,,,,,,,,,,TBL
2017020951,20172018,2,2018-02-24,False,2018-02-25T00:00:00Z,-05:00,-05:00,US/Eastern,OFF,OK,5,Penguins,Pittsburgh,de Pittsburgh,PIT,5,13,Panthers,Florida,de la Floride,FLA,6,3,REG,3,REG,8466141.0,,,,,,,,,,,,,,,,,,,,FLA
2017020956,20172018,2,2018-02-24,False,2018-02-25T01:00:00Z,-05:00,-07:00,America/Phoenix,OFF,OK,24,Ducks,Anaheim,d'Anaheim,ANA,0,53,Coyotes,Arizona,de l'Arizona,ARI,2,3,REG,3,REG,8477293.0,,,,,,,,,,,,,,,,,,,,ARI
2017020957,20172018,2,2018-02-24,False,2018-02-25T03:00:00Z,-05:00,-08:00,America/Los_Angeles,OFF,OK,22,Oilers,Edmonton,d'Edmonton,EDM,4,26,Kings,Los Angeles,de Los Angeles,LAK,3,3,REG,3,REG,8475660.0,,,,,,,,,,,,,,,,,,,,EDM
2017020959,20172018,2,2018-02-25,False,2018-02-25T17:00:00Z,-05:00,-06:00,US/Central,OFF,OK,19,Blues,St. Louis,de St. Louis,STL,0,18,Predators,Nashville,de Nashville,NSH,4,3,REG,3,REG,8471469.0,,,,,,,,,,,,,,,,,,,,NSH
2017020958,20172018,2,2018-02-25,False,2018-02-25T22:00:00Z,-05:00,-05:00,America/New_York,OFF,OK,6,Bruins,Boston,de Boston,BOS,1,7,Sabres,Buffalo,de Buffalo,BUF,4,3,REG,3,REG,8473434.0,,,,,,,,,,,,,,,,,,,,BUF
2017020960,20172018,2,2018-02-25,False,2018-02-26T00:30:00Z,-05:00,-05:00,America/New_York,OFF,OK,17,Red Wings,Detroit,de Detroit,DET,3,3,Rangers,New York,de New York,NYR,2,4,OT,3,OT,8470657.0,,,,,,,,,,,,,,,,,,,,DET
2017020962,20172018,2,2018-02-25,False,2018-02-26T01:00:00Z,-05:00,-08:00,America/Los_Angeles,OFF,OK,22,Oilers,Edmonton,d'Edmonton,EDM,6,24,Ducks,Anaheim,d'Anaheim,ANA,5,5,SO,3,SO,8471219.0,,,,,,,,,,,,,,,,,,,,EDM
2017020961,20172018,2,2018-02-25,False,2018-02-26T01:00:00Z,-05:00,-06:00,US/Central,OFF,OK,28,Sharks,San Jose,de San Jose,SJS,2,30,Wild,Minnesota,du Minnesota,MIN,3,4,OT,3,OT,8471227.0,,,,,,,,,,,,,,,,,,,,MIN
2017020963,20172018,2,2018-02-25,False,2018-02-26T02:30:00Z,-05:00,-07:00,America/Phoenix,OFF,OK,23,Canucks,Vancouver,de Vancouver,VAN,3,53,Coyotes,Arizona,de l'Arizona,ARI,1,3,REG,3,REG,8474593.0,,Markström,,,,,,,,,,,,,,,,,,VAN
2017020964,20172018,2,2018-02-26,False,2018-02-27T00:00:00Z,-05:00,-05:00,US/Eastern,OFF,OK,15,Capitals,Washington,de Washington,WSH,1,29,Blue Jackets,Columbus,de Columbus,CBJ,5,3,REG,3,REG,8475683.0,,,,,,,,,,,,,,,,,,,,CBJ
2017020966,20172018,2,2018-02-26,False,2018-02-27T00:30:00Z,-05:00,-05:00,US/Eastern,OFF,OK,10,Maple Leafs,Toronto,de Toronto,TOR,3,14,Lightning,Tampa Bay,de Tampa Bay,TBL,4,5,SO,3,SO,8476883.0,,,,,,,,,,,,,,,,,,,,TBL
2017020965,20172018,2,2018-02-26,False,2018-02-27T00:30:00Z,-05:00,-05:00,America/Montreal,OFF,OK,4,Flyers,Philadelphia,de Philadelphie,PHI,1,8,Canadiens,Montréal,de Montréal,MTL,0,5,SO,3,SO,8475852.0,,,,,,,,,,,,,,,,,,,,PHI
2017020967,20172018,2,2018-02-26,False,2018-02-27T02:00:00Z,-05:00,-07:00,America/Denver,OFF,OK,23,Canucks,Vancouver,de Vancouver,VAN,1,21,Avalanche,Colorado,du Colorado,COL,3,3,REG,3,REG,8473575.0,,,,,,,,,,,,,,,,,,,,COL
2017020968,20172018,2,2018-02-26,False,2018-02-27T03:30:00Z,-05:00,-08:00,America/Los_Angeles,OFF,OK,54,Golden Knights,Vegas,de Vegas,VGK,2,26,Kings,Los Angeles,de Los Angeles,LAK,3,4,OT,3,OT,8471734.0,,,,,,,,,,,,,,,,,,,,LAK
2017020970,20172018,2,2018-02-27,False,2018-02-28T00:00:00Z,-05:00,-05:00,US/Eastern,OFF,OK,1,Devils,New Jersey,du New Jersey,NJD,3,5,Penguins,Pittsburgh,de Pittsburgh,PIT,2,3,REG,3,REG,8476234.0,,,,,,,,,,,,,,,,,,,,NJD
2017020969,20172018,2,2018-02-27,False,2018-02-28T00:00:00Z,-05:00,-05:00,US/Eastern,OFF,OK,12,Hurricanes,Carolina,de la Caroline,CAR,3,6,Bruins,Boston,de Boston,BOS,4,4,OT,3,OT,8471695.0,,,,,,,,,,,,,,,,,,,,BOS
2017020971,20172018,2,2018-02-27,False,2018-02-28T00:00:00Z,-05:00,-05:00,US/Eastern,OFF,OK,9,Senators,Ottawa,d'Ottawa,OTT,2,15,Capitals,Washington,de Washington,WSH,3,3,REG,3,REG,8475831.0,,,Sénateurs,,,,,,,,,,,,,,,,,WSH
2017020972,20172018,2,2018-02-27,False,2018-02-28T00:30:00Z,-05:00,-05:00,US/Eastern,OFF,OK,10,Maple Leafs,Toronto,de Toronto,TOR,2,13,Panthers,Florida,de la Floride,FLA,3,4,OT,3,OT,8466141.0,,,,,,,,,,,,,,,,,,,,FLA
2017020974,20172018,2,2018-02-27,False,2018-02-28T01:00:00Z,-05:00,-06:00,America/Winnipeg,OFF,OK,18,Predators,Nashville,de Nashville,NSH,6,52,Jets,Winnipeg,de Winnipeg,WPG,5,3,REG,3,REG,8471469.0,,,,,,,,,,,,,,,,,,,,NSH
2017020973,20172018,2,2018-02-27,False,2018-02-28T01:00:00Z,-05:00,-06:00,US/Central,OFF,OK,19,Blues,St. Louis,de St. Louis,STL,3,30,Wild,Minnesota,du Minnesota,MIN,8,3,REG,3,REG,8471227.0,,,,,,,,,,,,,,,,,,,,MIN
2017020975,20172018,2,2018-02-27,False,2018-02-28T01:30:00Z,-05:00,-06:00,US/Central,OFF,OK,20,Flames,Calgary,de Calgary,CGY,0,25,Stars,Dallas,de Dallas,DAL,2,3,REG,3,REG,8471750.0,,,,,,,,,,,,,,,,,,,,DAL
2017020977,20172018,2,2018-02-27,False,2018-02-28T03:30:00Z,-05:00,-08:00,US/Pacific,OFF,OK,22,Oilers,Edmonton,d'Edmonton,EDM,2,28,Sharks,San Jose,de San Jose,SJS,5,3,REG,3,REG,8474889.0,,,,,,,,,,,,,,,,,,,,SJS
2017020976,20172018,2,2018-02-27,False,2018-02-28T03:30:00Z,-05:00,-08:00,US/Pacific,OFF,OK,26,Kings,Los Angeles,de Los Angeles,LAK,4,54,Golden Knights,Vegas,de Vegas,VGK,1,3,REG,3,REG,8475789.0,,,,,,,,,,,,,,,,,,,,LAK
2017020979,20172018,2,2018-02-28,False,2018-03-01T00:00:00Z,-05:00,-05:00,US/Eastern,OFF,OK,7,Sabres,Buffalo,de Buffalo,BUF,2,14,Lightning,Tampa Bay,de Tampa Bay,TBL,1,4,OT,3,OT,8473434.0,,,,,,,,,,,,,,,,,,,,BUF
2017020978,20172018,2,2018-02-28,False,2018-03-01T00:00:00Z,-05:00,-05:00,America/Montreal,OFF,OK,2,Islanders,New York,de New York,NYI,1,8,Canadiens,Montréal,de Montréal,MTL,3,3,REG,3,REG,8474550.0,,,,,,,,,,,,,,,,,,,,MTL
2017020980,20172018,2,2018-02-28,False,2018-03-01T01:00:00Z,-05:00,-06:00,US/Central,OFF,OK,17,Red Wings,Detroit,de Detroit,DET,1,19,Blues,St. Louis,de St. Louis,STL,2,3,REG,3,REG,8475622.0,,,,,,,,,,,,,,,,,,,,STL
2017020981,20172018,2,2018-02-28,False,2018-03-01T02:30:00Z,-05:00,-07:00,America/Denver,OFF,OK,20,Flames,Calgary,de Calgary,CGY,2,21,Avalanche,Colorado,du Colorado,COL,5,3,REG,3,REG,8473575.0,,,,,,,,,,,,,,,,,,,,COL
2017020982,20172018,2,2018-02-28,False,2018-03-01T03:00:00Z,-05:00,-08:00,America/Vancouver,OFF,OK,3,Rangers,New York,de New York,NYR,6,23,Canucks,Vancouver,de Vancouver,VAN,5,4,OT,3,OT,8468685.0,,,,,,,,,,,,,,,,,,,,NYR
2017020984,20172018,2,2018-03-01,False,2018-03-02T00:00:00Z,-05:00,-05:00,US/Eastern,OFF,OK,12,Hurricanes,Carolina,de la Caroline,CAR,4,4,Flyers,Philadelphia,de Philadelphie,PHI,1,3,REG,3,REG,8470320.0,,,,,,,,,,,,,,,,,,,,CAR
2017020983,20172018,2,2018-03-01,False,2018-03-02T00:00:00Z,-05:00,-05:00,US/Eastern,OFF,OK,5,Penguins,Pittsburgh,de Pittsburgh,PIT,4,6,Bruins,Boston,de Boston,BOS,8,3,REG,3,REG,8471695.0,,,,,,,,,,,,,,,,,,,,BOS
2017020985,20172018,2,2018-03-01,False,2018-03-02T00:30:00Z,-05:00,-05:00,US/Eastern,OFF,OK,1,Devils,New Jersey,du New Jersey,NJD,2,13,Panthers,Florida,de la Floride,FLA,3,3,REG,3,REG,8466141.0,,,,,,,,,,,,,,,,,,,,FLA
2017020986,20172018,2,2018-03-01,False,2018-03-02T01:30:00Z,-05:00,-06:00,US/Central,OFF,OK,14,Lightning,Tampa Bay,de Tampa Bay,TBL,5,25,Stars,Dallas,de Dallas,DAL,4,4,OT,3,OT,8475839.0,,,,,,,,,,,,,,,,,,,,TBL
2017020988,20172018,2,2018-03-01,False,2018-03-02T02:00:00Z,-05:00,-07:00,America/Phoenix,OFF,OK,30,Wild,Minnesota,du Minnesota,MIN,3,53,Coyotes,Arizona,de l'Arizona,ARI,5,3,REG,3,REG,8477293.0,,,,,,,,,,,,,,,,,,,,ARI
2017020987,20172018,2,2018-03-01,False,2018-03-02T02:00:00Z,-05:00,-07:00,America/Edmonton,OFF,OK,18,Predators,Nashville,de Nashville,NSH,4,22,Oilers,Edmonton,d'Edmonton,EDM,2,3,REG,3,REG,8471469.0,,,,,,,,,,,,,,,,,,,,NSH
2017020990,20172018,2,2018-03-01,False,2018-03-02T03:00:00Z,-05:00,-08:00,US/Pacific,OFF,OK,16,Blackhawks,Chicago,de Chicago,CHI,2,28,Sharks,San Jose,de San Jose,SJS,7,3,REG,3,REG,8474889.0,,,,,,,,,,,,,,,,,,,,SJS
2017020989,20172018,2,2018-03-01,False,2018-03-02T03:30:00Z,-05:00,-08:00,America/Los_Angeles,OFF,OK,29,Blue Jackets,Columbus,de Columbus,CBJ,2,26,Kings,Los Angeles,de Los Angeles,LAK,5,3,REG,3,REG,8471734.0,,,,,,,,,,,,,,,,,,,,LAK
2017020991,20172018,2,2018-03-02,False,2018-03-03T00:00:00Z,-05:00,-05:00,America/New_York,OFF,OK,8,Canadiens,Montréal,de Montréal,MTL,6,2,Islanders,New York,de New York,NYI,3,3,REG,3,REG,8479292.0,,,,,,,,,,,,,,,,,,,,MTL
2017020993,20172018,2,2018-03-02,False,2018-03-03T00:30:00Z,-05:00,-05:00,US/Eastern,OFF,OK,1,Devils,New Jersey,du New Jersey,NJD,1,12,Hurricanes,Carolina,de la Caroline,CAR,3,3,REG,3,REG,8470320.0,,,,,,,,,,,,,,,,,,,,CAR
2017020992,20172018,2,2018-03-02,False,2018-03-03T00:30:00Z,-05:00,-05:00,US/Eastern,OFF,OK,7,Sabres,Buffalo,de Buffalo,BUF,1,13,Panthers,Florida,de la Floride,FLA,4,3,REG,3,REG,8473503.0,,,,,,,,,,,,,,,,,,,,FLA
2017020994,20172018,2,2018-03-02,False,2018-03-03T01:00:00Z,-05:00,-06:00,America/Winnipeg,OFF,OK,17,Red Wings,Detroit,de Detroit,DET,3,52,Jets,Winnipeg,de Winnipeg,WPG,4,3,REG,3,REG,8476945.0,,,,,,,,,,,,,,,,,,,,WPG
2017020996,20172018,2,2018-03-02,False,2018-03-03T02:00:00Z,-05:00,-07:00,America/Edmonton,OFF,OK,3,Rangers,New York,de New York,NYR,3,20,Flames,Calgary,de Calgary,CGY,1,3,REG,3,REG,8468685.0,,,,,,,,,,,,,,,,,,,,NYR
2017020995,20172018,2,2018-03-02,False,2018-03-03T02:00:00Z,-05:00,-07:00,America/Denver,OFF,OK,30,Wild,Minnesota,du Minnesota,MIN,1,21,Avalanche,Colorado,du Colorado,COL,7,3,REG,3,REG,8473575.0,,,,,,,,,,,,,,,,,,,,COL
2017020997,20172018,2,2018-03-02,False,2018-03-03T03:00:00Z,-05:00,-08:00,America/Vancouver,OFF,OK,18,Predators,Nashville,de Nashville,NSH,4,23,Canucks,Vancouver,de Vancouver,VAN,3,4,OT,3,OT,8477424.0,,,,,,,,,,,,,,,,,,,,NSH
2017020998,20172018,2,2018-03-02,False,2018-03-03T03:00:00Z,-05:00,-08:00,US/Pacific,OFF,OK,9,Senators,Ottawa,d'Ottawa,OTT,5,54,Golden Knights,Vegas,de Vegas,VGK,4,3,REG,3,REG,8467950.0,,,Sénateurs,,,,,,,,,,,,,,,,,OTT
2017020999,20172018,2,2018-03-02,False,2018-03-03T03:00:00Z,-05:00,-08:00,America/Los_Angeles,OFF,OK,29,Blue Jackets,Columbus,de Columbus,CBJ,2,24,Ducks,Anaheim,d'Anaheim,ANA,4,3,REG,3,REG,8476434.0,,,,,,,,,,,,,,,,,,,,ANA
2017021000,20172018,2,2018-03-03,False,2018-03-03T18:00:00Z,-05:00,-05:00,US/Eastern,OFF,OK,4,Flyers,Philadelphia,de Philadelphie,PHI,6,14,Lightning,Tampa Bay,de Tampa Bay,TBL,7,5,SO,3,SO,8476883.0,,,,,,,,,,,,,,,,,,,,TBL
2017021001,20172018,2,2018-03-03,False,2018-03-03T19:00:00Z,-05:00,-06:00,US/Central,OFF,OK,19,Blues,St. Louis,de St. Louis,STL,2,25,Stars,Dallas,de Dallas,DAL,3,4,OT,3,OT,8471750.0,,,,,,,,,,,,,,,,,,,,DAL
2017021002,20172018,2,2018-03-03,False,2018-03-03T21:00:00Z,-05:00,-08:00,America/Los_Angeles,OFF,OK,16,Blackhawks,Chicago,de Chicago,CHI,5,26,Kings,Los Angeles,de Los Angeles,LAK,3,3,REG,3,REG,8476341.0,,,,,,,,,,,,,,,,,,,,CHI
2017021003,20172018,2,2018-03-03,False,2018-03-03T22:00:00Z,-05:00,-05:00,US/Eastern,OFF,OK,8,Canadiens,Montréal,de Montréal,MTL,1,6,Bruins,Boston,de Boston,BOS,2,4,OT,3,OT,8471418.0,,,,,,,,,,,,,,,,,,,,BOS
2017021004,20172018,2,2018-03-03,False,2018-03-03T22:00:00Z,-05:00,-05:00,US/Eastern,OFF,OK,2,Islanders,New York,de New York,NYI,2,5,Penguins,Pittsburgh,de Pittsburgh,PIT,3,4,OT,3,OT,8477465.0,,,,,,,,,,,,,,,,,,,,PIT
2017021006,20172018,2,2018-03-03,False,2018-03-04T01:00:00Z,-05:00,-07:00,America/Phoenix,OFF,OK,9,Senators,Ottawa,d'Ottawa,OTT,1,53,Coyotes,Arizona,de l'Arizona,ARI,2,3,REG,3,REG,8477293.0,,,Sénateurs,,,,,,,,,,,,,,,,,ARI
2017021005,20172018,2,2018-03-03,True,2018-03-04T01:00:00Z,-05:00,-05:00,America/New_York,OFF,OK,10,Maple Leafs,Toronto,de Toronto,TOR,2,15,Capitals,Washington,de Washington,WSH,5,3,REG,3,REG,8474651.0,,,,,,,,,,,,,,31.0,NHL Stadium Series,,,,,WSH
2017021007,20172018,2,2018-03-03,False,2018-03-04T03:30:00Z,-05:00,-07:00,America/Edmonton,OFF,OK,3,Rangers,New York,de New York,NYR,3,22,Oilers,Edmonton,d'Edmonton,EDM,2,3,REG,3,REG,8480382.0,,,,,,,,,,,,,,,,,,,,NYR
2017021009,20172018,2,2018-03-04,False,2018-03-04T20:00:00Z,-05:00,-07:00,America/Denver,OFF,OK,18,Predators,Nashville,de Nashville,NSH,4,21,Avalanche,Colorado,du Colorado,COL,3,4,OT,3,OT,8471469.0,,,,,,,,,,,,,,,,,,,,NSH
2017021008,20172018,2,2018-03-04,False,2018-03-04T20:00:00Z,-05:00,-05:00,US/Eastern,OFF,OK,4,Flyers,Philadelphia,de Philadelphie,PHI,1,13,Panthers,Florida,de la Floride,FLA,4,3,REG,3,REG,8466141.0,,,,,,,,,,,,,,,,,,,,FLA
2017021010,20172018,2,2018-03-04,False,2018-03-04T21:00:00Z,-05:00,-08:00,America/Los_Angeles,OFF,OK,16,Blackhawks,Chicago,de Chicago,CHI,3,24,Ducks,Anaheim,d'Anaheim,ANA,6,3,REG,3,REG,8476434.0,,,,,,,,,,,,,,,,,,,,ANA
2017021011,20172018,2,2018-03-04,False,2018-03-04T22:00:00Z,-05:00,-05:00,US/Eastern,OFF,OK,54,Golden Knights,Vegas,de Vegas,VGK,3,1,Devils,New Jersey,du New Jersey,NJD,2,3,REG,3,REG,8470594.0,,,,,,,,,,,,,,,,,,,,VGK
2017021012,20172018,2,2018-03-04,False,2018-03-05T00:00:00Z,-05:00,-05:00,US/Eastern,OFF,OK,52,Jets,Winnipeg,de Winnipeg,WPG,3,12,Hurricanes,Carolina,de la Caroline,CAR,2,3,REG,3,REG,8476945.0,,,,,,,,,,,,,,,,,,,,WPG
2017021013,20172018,2,2018-03-04,False,2018-03-05T00:00:00Z,-05:00,-06:00,US/Central,OFF,OK,17,Red Wings,Detroit,de Detroit,DET,1,30,Wild,Minnesota,du Minnesota,MIN,4,3,REG,3,REG,8471227.0,,,,,,,,,,,,,,,,,,,,MIN
2017021014,20172018,2,2018-03-04,False,2018-03-05T02:00:00Z,-05:00,-08:00,US/Pacific,OFF,OK,29,Blue Jackets,Columbus,de Columbus,CBJ,4,28,Sharks,San Jose,de San Jose,SJS,2,3,REG,3,REG,8475683.0,,,,,,,,,,,,,,,,,,,,CBJ
2017021016,20172018,2,2018-03-05,False,2018-03-06T00:00:00Z,-05:00,-05:00,US/Eastern,OFF,OK,20,Flames,Calgary,de Calgary,CGY,3,5,Penguins,Pittsburgh,de Pittsburgh,PIT,4,4,OT,3,OT,8477465.0,,,,,,,,,,,,,,,,,,,,PIT
2017021015,20172018,2,2018-03-05,False,2018-03-06T00:30:00Z,-05:00,-05:00,America/New_York,OFF,OK,10,Maple Leafs,Toronto,de Toronto,TOR,3,7,Sabres,Buffalo,de Buffalo,BUF,5,3,REG,3,REG,8473434.0,,,,,,,,,,,,,,,,,,,,BUF
2017021017,20172018,2,2018-03-05,False,2018-03-06T01:30:00Z,-05:00,-06:00,US/Central,OFF,OK,9,Senators,Ottawa,d'Ottawa,OTT,3,25,Stars,Dallas,de Dallas,DAL,2,4,OT,3,OT,8467950.0,,,Sénateurs,,,,,,,,,,,,,,,,,OTT
2017021018,20172018,2,2018-03-05,False,2018-03-06T02:00:00Z,-05:00,-07:00,America/Edmonton,OFF,OK,53,Coyotes,Arizona,de l'Arizona,ARI,3,22,Oilers,Edmonton,d'Edmonton,EDM,4,4,OT,3,OT,8475660.0,,,,,,,,,,,,,,,,,,,,EDM
2017021019,20172018,2,2018-03-05,False,2018-03-06T03:00:00Z,-05:00,-08:00,America/Vancouver,OFF,OK,2,Islanders,New York,de New York,NYI,3,23,Canucks,Vancouver,de Vancouver,VAN,4,4,OT,3,OT,8474593.0,,Markström,,,,,,,,,,,,,,,,,,VAN
2017021021,20172018,2,2018-03-06,False,2018-03-07T00:00:00Z,-05:00,-05:00,US/Eastern,OFF,OK,8,Canadiens,Montréal,de Montréal,MTL,4,1,Devils,New Jersey,du New Jersey,NJD,6,3,REG,3,REG,8476234.0,,,,,,,,,,,,,,,,,,,,NJD
2017021022,20172018,2,2018-03-06,False,2018-03-07T00:00:00Z,-05:00,-05:00,America/New_York,OFF,OK,52,Jets,Winnipeg,de Winnipeg,WPG,3,3,Rangers,New York,de New York,NYR,0,3,REG,3,REG,8473461.0,,,,,,,,,,,,,,,,,,,,WPG
2017021023,20172018,2,2018-03-06,False,2018-03-07T00:00:00Z,-05:00,-05:00,US/Eastern,OFF,OK,54,Golden Knights,Vegas,de Vegas,VGK,1,29,Blue Jackets,Columbus,de Columbus,CBJ,4,3,REG,3,REG,8476914.0,,,,,,,,,,,,,,,,,,,,CBJ
2017021020,20172018,2,2018-03-06,False,2018-03-07T00:00:00Z,-05:00,-05:00,US/Eastern,OFF,OK,17,Red Wings,Detroit,de Detroit,DET,5,6,Bruins,Boston,de Boston,BOS,6,4,OT,3,OT,8471418.0,,,,,,,,,,,,,,,,,,,,BOS
2017021024,20172018,2,2018-03-06,False,2018-03-07T00:30:00Z,-05:00,-05:00,US/Eastern,OFF,OK,13,Panthers,Florida,de la Floride,FLA,4,14,Lightning,Tampa Bay,de Tampa Bay,TBL,5,4,OT,3,OT,8476883.0,,,,,,,,,,,,,,,,,,,,TBL
2017021026,20172018,2,2018-03-06,False,2018-03-07T01:00:00Z,-05:00,-06:00,US/Central,OFF,OK,12,Hurricanes,Carolina,de la Caroline,CAR,2,30,Wild,Minnesota,du Minnesota,MIN,6,3,REG,3,REG,8471227.0,,,,,,,,,,,,,,,,,,,,MIN
2017021025,20172018,2,2018-03-06,False,2018-03-07T01:00:00Z,-05:00,-06:00,US/Central,OFF,OK,25,Stars,Dallas,de Dallas,DAL,0,18,Predators,Nashville,de Nashville,NSH,2,3,REG,3,REG,8471469.0,,,,,,,,,,,,,,,,,,,,NSH
2017021027,20172018,2,2018-03-06,False,2018-03-07T01:30:00Z,-05:00,-06:00,America/Chicago,OFF,OK,21,Avalanche,Colorado,du Colorado,COL,1,16,Blackhawks,Chicago,de Chicago,CHI,2,4,OT,3,OT,8475234.0,,,,,,,,,,,,,,,,,,,,CHI
2017021028,20172018,2,2018-03-06,False,2018-03-07T03:00:00Z,-05:00,-08:00,America/Los_Angeles,OFF,OK,15,Capitals,Washington,de Washington,WSH,0,24,Ducks,Anaheim,d'Anaheim,ANA,4,3,REG,3,REG,8476434.0,,,,,,,,,,,,,,,,,,,,ANA
2017021029,20172018,2,2018-03-07,False,2018-03-08T00:30:00Z,-05:00,-05:00,America/New_York,OFF,OK,20,Flames,Calgary,de Calgary,CGY,5,7,Sabres,Buffalo,de Buffalo,BUF,1,3,REG,3,REG,8479496.0,,,,,,,,,,,,,,,,,,,,CGY
2017021030,20172018,2,2018-03-07,False,2018-03-08T01:00:00Z,-05:00,-05:00,US/Eastern,OFF,OK,5,Penguins,Pittsburgh,de Pittsburgh,PIT,5,4,Flyers,Philadelphia,de Philadelphie,PHI,2,3,REG,3,REG,8477465.0,,,,,,,,,,,,,,,,,,,,PIT
2017021031,20172018,2,2018-03-07,False,2018-03-08T03:00:00Z,-05:00,-08:00,America/Vancouver,OFF,OK,53,Coyotes,Arizona,de l'Arizona,ARI,2,23,Canucks,Vancouver,de Vancouver,VAN,1,3,REG,3,REG,8475311.0,,,,,,,,,,,,,,,,,,,,ARI
2017021034,20172018,2,2018-03-08,False,2018-03-09T00:00:00Z,-05:00,-05:00,US/Eastern,OFF,OK,21,Avalanche,Colorado,du Colorado,COL,4,29,Blue Jackets,Columbus,de Columbus,CBJ,5,4,OT,3,OT,8476914.0,,,,,,,,,,,,,,,,,,,,CBJ
2017021032,20172018,2,2018-03-08,False,2018-03-09T00:00:00Z,-05:00,-05:00,US/Eastern,OFF,OK,4,Flyers,Philadelphia,de Philadelphie,PHI,2,6,Bruins,Boston,de Boston,BOS,3,3,REG,3,REG,8471695.0,,,,,,,,,,,,,,,,,,,,BOS
2017021033,20172018,2,2018-03-08,False,2018-03-09T00:00:00Z,-05:00,-05:00,US/Eastern,OFF,OK,52,Jets,Winnipeg,de Winnipeg,WPG,3,1,Devils,New Jersey,du New Jersey,NJD,2,3,REG,3,REG,8476945.0,,,,,,,,,,,,,,,,,,,,WPG
2017021037,20172018,2,2018-03-08,False,2018-03-09T00:30:00Z,-05:00,-05:00,US/Eastern,OFF,OK,3,Rangers,New York,de New York,NYR,3,14,Lightning,Tampa Bay,de Tampa Bay,TBL,5,3,REG,3,REG,8476883.0,,,,,,,,,,,,,,,,,,,,TBL
2017021035,20172018,2,2018-03-08,False,2018-03-09T00:30:00Z,-05:00,-05:00,US/Eastern,OFF,OK,7,Sabres,Buffalo,de Buffalo,BUF,4,9,Senators,Ottawa,d'Ottawa,OTT,3,5,SO,3,SO,8475215.0,,,,Sénateurs,,,,,,,,,,,,,,,,BUF
2017021036,20172018,2,2018-03-08,False,2018-03-09T00:30:00Z,-05:00,-05:00,America/Detroit,OFF,OK,54,Golden Knights,Vegas,de Vegas,VGK,4,17,Red Wings,Detroit,de Detroit,DET,0,3,REG,3,REG,8470594.0,,,,,,,,,,,,,,,,,,,,VGK
2017021038,20172018,2,2018-03-08,False,2018-03-09T00:30:00Z,-05:00,-05:00,US/Eastern,OFF,OK,8,Canadiens,Montréal,de Montréal,MTL,0,13,Panthers,Florida,de la Floride,FLA,5,3,REG,3,REG,8466141.0,,,,,,,,,,,,,,,,,,,,FLA
2017021039,20172018,2,2018-03-08,False,2018-03-09T01:00:00Z,-05:00,-06:00,US/Central,OFF,OK,24,Ducks,Anaheim,d'Anaheim,ANA,2,18,Predators,Nashville,de Nashville,NSH,4,3,REG,3,REG,8471469.0,,,,,,,,,,,,,,,,,,,,NSH
2017021040,20172018,2,2018-03-08,False,2018-03-09T01:30:00Z,-05:00,-06:00,America/Chicago,OFF,OK,12,Hurricanes,Carolina,de la Caroline,CAR,3,16,Blackhawks,Chicago,de Chicago,CHI,2,3,REG,3,REG,8474152.0,,,,,,,,,,,,,,,,,,,,CAR
2017021041,20172018,2,2018-03-08,False,2018-03-09T02:00:00Z,-05:00,-07:00,America/Edmonton,OFF,OK,2,Islanders,New York,de New York,NYI,1,22,Oilers,Edmonton,d'Edmonton,EDM,2,5,SO,3,SO,8475660.0,,,,,,,,,,,,,,,,,,,,EDM
2017021043,20172018,2,2018-03-08,False,2018-03-09T03:30:00Z,-05:00,-08:00,US/Pacific,OFF,OK,19,Blues,St. Louis,de St. Louis,STL,0,28,Sharks,San Jose,de San Jose,SJS,2,3,REG,3,REG,8474889.0,,,,,,,,,,,,,,,,,,,,SJS
2017021042,20172018,2,2018-03-08,False,2018-03-09T03:30:00Z,-05:00,-08:00,America/Los_Angeles,OFF,OK,15,Capitals,Washington,de Washington,WSH,1,26,Kings,Los Angeles,de Los Angeles,LAK,3,3,REG,3,REG,8471734.0,,,,,,,,,,,,,,,,,,,,LAK
2017021044,20172018,2,2018-03-09,False,2018-03-10T00:00:00Z,-05:00,-05:00,US/Eastern,OFF,OK,17,Red Wings,Detroit,de Detroit,DET,2,29,Blue Jackets,Columbus,de Columbus,CBJ,3,3,REG,3,REG,8475683.0,,,,,,,,,,,,,,,,,,,,CBJ
2017021045,20172018,2,2018-03-09,False,2018-03-10T00:30:00Z,-05:00,-05:00,US/Eastern,OFF,OK,20,Flames,Calgary,de Calgary,CGY,2,9,Senators,Ottawa,d'Ottawa,OTT,1,3,REG,3,REG,8479496.0,,,,Sénateurs,,,,,,,,,,,,,,,,CGY
2017021046,20172018,2,2018-03-09,False,2018-03-10T01:30:00Z,-05:00,-06:00,US/Central,OFF,OK,24,Ducks,Anaheim,d'Anaheim,ANA,1,25,Stars,Dallas,de Dallas,DAL,2,3,REG,3,REG,8470140.0,,,,,,,,,,,,,,,,,,,,DAL
2017021047,20172018,2,2018-03-09,False,2018-03-10T03:00:00Z,-05:00,-08:00,America/Vancouver,OFF,OK,30,Wild,Minnesota,du Minnesota,MIN,5,23,Canucks,Vancouver,de Vancouver,VAN,2,3,REG,3,REG,8471227.0,,,,,,,,,,,,,,,,,,,,MIN
2017021049,20172018,2,2018-03-10,False,2018-03-10T18:00:00Z,-05:00,-05:00,America/New_York,OFF,OK,54,Golden Knights,Vegas,de Vegas,VGK,2,7,Sabres,Buffalo,de Buffalo,BUF,1,5,SO,3,SO,8470594.0,,,,,,,,,,,,,,,,,,,,VGK
2017021050,20172018,2,2018-03-10,False,2018-03-10T18:00:00Z,-05:00,-05:00,US/Eastern,OFF,OK,8,Canadiens,Montréal,de Montréal,MTL,2,14,Lightning,Tampa Bay,de Tampa Bay,TBL,3,5,SO,3,SO,8475839.0,,,,,,,,,,,,,,,,,,,,TBL
2017021048,20172018,2,2018-03-10,False,2018-03-10T18:00:00Z,-05:00,-05:00,US/Eastern,OFF,OK,16,Blackhawks,Chicago,de Chicago,CHI,4,6,Bruins,Boston,de Boston,BOS,7,3,REG,3,REG,8471695.0,,,,,,,,,,,,,,,,,,,,BOS
2017021051,20172018,2,2018-03-10,False,2018-03-10T18:00:00Z,-05:00,-05:00,US/Eastern,OFF,OK,52,Jets,Winnipeg,de Winnipeg,WPG,1,4,Flyers,Philadelphia,de Philadelphie,PHI,2,3,REG,3,REG,8475852.0,,,,,,,,,,,,,,,,,,,,PHI
2017021052,20172018,2,2018-03-10,False,2018-03-10T20:00:00Z,-05:00,-07:00,America/Denver,OFF,OK,53,Coyotes,Arizona,de l'Arizona,ARI,2,21,Avalanche,Colorado,du Colorado,COL,5,3,REG,3,REG,8473541.0,,,,,,,,,,,,,,,,,,,,COL
2017021054,20172018,2,2018-03-10,False,2018-03-10T21:00:00Z,-05:00,-08:00,US/Pacific,OFF,OK,15,Capitals,Washington,de Washington,WSH,2,28,Sharks,San Jose,de San Jose,SJS,0,3,REG,3,REG,8475831.0,,,,,,,,,,,,,,,,,,,,WSH
2017021053,20172018,2,2018-03-10,False,2018-03-10T21:00:00Z,-05:00,-08:00,America/Los_Angeles,OFF,OK,19,Blues,St. Louis,de St. Louis,STL,7,26,Kings,Los Angeles,de Los Angeles,LAK,2,3,REG,3,REG,8474596.0,,,,,,,,,,,,,,,,,,,,STL
2017021056,20172018,2,2018-03-10,False,2018-03-11T00:00:00Z,-05:00,-05:00,US/Eastern,OFF,OK,3,Rangers,New York,de New York,NYR,3,13,Panthers,Florida,de la Floride,FLA,4,5,SO,3,SO,8466141.0,,,,,,,,,,,,,,,,,,,,FLA
2017021055,20172018,2,2018-03-10,False,2018-03-11T00:00:00Z,-05:00,-05:00,America/Toronto,OFF,OK,5,Penguins,Pittsburgh,de Pittsburgh,PIT,2,10,Maple Leafs,Toronto,de Toronto,TOR,5,3,REG,3,REG,8475883.0,,,,,,,,,,,,,,,,,,,,TOR
2017021057,20172018,2,2018-03-10,False,2018-03-11T01:00:00Z,-05:00,-06:00,US/Central,OFF,OK,1,Devils,New Jersey,du New Jersey,NJD,3,18,Predators,Nashville,de Nashville,NSH,2,5,SO,3,SO,8476234.0,,,,,,,,,,,,,,,,,,,,NJD
2017021058,20172018,2,2018-03-10,False,2018-03-11T03:00:00Z,-05:00,-07:00,America/Edmonton,OFF,OK,30,Wild,Minnesota,du Minnesota,MIN,1,22,Oilers,Edmonton,d'Edmonton,EDM,4,3,REG,3,REG,8475660.0,,,,,,,,,,,,,,,,,,,,EDM
2017021059,20172018,2,2018-03-11,False,2018-03-11T16:30:00Z,-04:00,-05:00,America/Chicago,OFF,OK,6,Bruins,Boston,de Boston,BOS,1,16,Blackhawks,Chicago,de Chicago,CHI,3,3,REG,3,REG,8476341.0,,,,,,,,,,,,,,,,,,,,CHI
2017021060,20172018,2,2018-03-11,False,2018-03-11T23:00:00Z,-04:00,-06:00,America/Edmonton,OFF,OK,2,Islanders,New York,de New York,NYI,5,20,Flames,Calgary,de Calgary,CGY,2,3,REG,3,REG,8476444.0,,,,,,,,,,,,,,,,,,,,NYI
2017021061,20172018,2,2018-03-11,False,2018-03-11T23:30:00Z,-04:00,-04:00,US/Eastern,OFF,OK,25,Stars,Dallas,de Dallas,DAL,1,5,Penguins,Pittsburgh,de Pittsburgh,PIT,3,3,REG,3,REG,8479193.0,,,,,,,,,,,,,,,,,,,,PIT
2017021062,20172018,2,2018-03-11,False,2018-03-12T01:00:00Z,-04:00,-07:00,America/Phoenix,OFF,OK,23,Canucks,Vancouver,de Vancouver,VAN,0,53,Coyotes,Arizona,de l'Arizona,ARI,1,3,REG,3,REG,8475311.0,,,,,,,,,,,,,,,,,,,,ARI
2017021063,20172018,2,2018-03-12,False,2018-03-12T23:00:00Z,-04:00,-04:00,America/New_York,OFF,OK,12,Hurricanes,Carolina,de la Caroline,CAR,3,3,Rangers,New York,de New York,NYR,6,3,REG,3,REG,8480382.0,,,,,,,,,,,,,,,,,,,,NYR
2017021065,20172018,2,2018-03-12,False,2018-03-12T23:00:00Z,-04:00,-04:00,US/Eastern,OFF,OK,52,Jets,Winnipeg,de Winnipeg,WPG,2,15,Capitals,Washington,de Washington,WSH,3,4,OT,3,OT,8475831.0,,,,,,,,,,,,,,,,,,,,WSH
2017021066,20172018,2,2018-03-12,False,2018-03-12T23:00:00Z,-04:00,-04:00,US/Eastern,OFF,OK,8,Canadiens,Montréal,de Montréal,MTL,2,29,Blue Jackets,Columbus,de Columbus,CBJ,5,3,REG,3,REG,8475683.0,,,,,,,,,,,,,,,,,,,,CBJ
2017021064,20172018,2,2018-03-12,False,2018-03-12T23:00:00Z,-04:00,-04:00,US/Eastern,OFF,OK,54,Golden Knights,Vegas,de Vegas,VGK,3,4,Flyers,Philadelphia,de Philadelphie,PHI,2,3,REG,3,REG,8470594.0,,,,,,,,,,,,,,,,,,,,VGK
2017021067,20172018,2,2018-03-12,False,2018-03-12T23:30:00Z,-04:00,-04:00,US/Eastern,OFF,OK,9,Senators,Ottawa,d'Ottawa,OTT,5,13,Panthers,Florida,de la Floride,FLA,3,3,REG,3,REG,8467950.0,,,Sénateurs,,,,,,,,,,,,,,,,,OTT
2017021068,20172018,2,2018-03-12,False,2018-03-13T02:00:00Z,-04:00,-07:00,America/Los_Angeles,OFF,OK,19,Blues,St. Louis,de St. Louis,STL,4,24,Ducks,Anaheim,d'Anaheim,ANA,2,3,REG,3,REG,8474596.0,,,,,,,,,,,,,,,,,,,,STL
2017021070,20172018,2,2018-03-12,False,2018-03-13T02:30:00Z,-04:00,-07:00,US/Pacific,OFF,OK,17,Red Wings,Detroit,de Detroit,DET,3,28,Sharks,San Jose,de San Jose,SJS,5,3,REG,3,REG,8474889.0,,,,,,,,,,,,,,,,,,,,SJS
2017021069,20172018,2,2018-03-12,False,2018-03-13T02:30:00Z,-04:00,-07:00,America/Los_Angeles,OFF,OK,23,Canucks,Vancouver,de Vancouver,VAN,0,26,Kings,Los Angeles,de Los Angeles,LAK,3,3,REG,3,REG,8471734.0,,,,,,,,,,,,,,,,,,,,LAK
2017021071,20172018,2,2018-03-13,False,2018-03-13T23:00:00Z,-04:00,-04:00,US/Eastern,OFF,OK,6,Bruins,Boston,de Boston,BOS,6,12,Hurricanes,Carolina,de la Caroline,CAR,4,3,REG,3,REG,8471695.0,,,,,,,,,,,,,,,,,,,,BOS
2017021072,20172018,2,2018-03-13,False,2018-03-13T23:30:00Z,-04:00,-04:00,America/Montreal,OFF,OK,25,Stars,Dallas,de Dallas,DAL,2,8,Canadiens,Montréal,de Montréal,MTL,4,3,REG,3,REG,8474550.0,,,,,,,,,,,,,,,,,,,,MTL
2017021073,20172018,2,2018-03-13,False,2018-03-13T23:30:00Z,-04:00,-04:00,US/Eastern,OFF,OK,9,Senators,Ottawa,d'Ottawa,OTT,7,14,Lightning,Tampa Bay,de Tampa Bay,TBL,4,3,REG,3,REG,8477237.0,,,Sénateurs,,,,,,,,,,,,,,,,,OTT
2017021074,20172018,2,2018-03-13,False,2018-03-14T00:00:00Z,-04:00,-05:00,US/Central,OFF,OK,52,Jets,Winnipeg,de Winnipeg,WPG,1,18,Predators,Nashville,de Nashville,NSH,3,3,REG,3,REG,8471469.0,,,,,,,,,,,,,,,,,,,,NSH
2017021075,20172018,2,2018-03-13,False,2018-03-14T00:30:00Z,-04:00,-05:00,US/Central,OFF,OK,21,Avalanche,Colorado,du Colorado,COL,5,30,Wild,Minnesota,du Minnesota,MIN,1,3,REG,3,REG,8473575.0,,,,,,,,,,,,,,,,,,,,COL
2017021076,20172018,2,2018-03-13,False,2018-03-14T01:00:00Z,-04:00,-06:00,America/Edmonton,OFF,OK,22,Oilers,Edmonton,d'Edmonton,EDM,0,20,Flames,Calgary,de Calgary,CGY,1,3,REG,3,REG,8469608.0,,,,,,,,,,,,,,,,,,,,CGY
2017021077,20172018,2,2018-03-13,False,2018-03-14T02:00:00Z,-04:00,-07:00,America/Phoenix,OFF,OK,26,Kings,Los Angeles,de Los Angeles,LAK,3,53,Coyotes,Arizona,de l'Arizona,ARI,4,5,SO,3,SO,8478499.0,,,,,,,,,,,,,,,,,,,,ARI
2017021078,20172018,2,2018-03-14,False,2018-03-14T23:00:00Z,-04:00,-04:00,America/Toronto,OFF,OK,25,Stars,Dallas,de Dallas,DAL,5,10,Maple Leafs,Toronto,de Toronto,TOR,6,5,SO,3,SO,8470147.0,,,,,,,,,,,,,,,,,,,,TOR
2017021079,20172018,2,2018-03-14,False,2018-03-15T00:00:00Z,-04:00,-04:00,America/New_York,OFF,OK,5,Penguins,Pittsburgh,de Pittsburgh,PIT,3,3,Rangers,New York,de New York,NYR,4,4,OT,3,OT,8480382.0,,,,,,,,,,,,,,,,,,,,NYR
2017021080,20172018,2,2018-03-14,False,2018-03-15T01:30:00Z,-04:00,-06:00,America/Edmonton,OFF,OK,28,Sharks,San Jose,de San Jose,SJS,4,22,Oilers,Edmonton,d'Edmonton,EDM,3,4,OT,3,OT,8474889.0,,,,,,,,,,,,,,,,,,,,SJS
2017021081,20172018,2,2018-03-14,False,2018-03-15T02:00:00Z,-04:00,-07:00,US/Pacific,OFF,OK,1,Devils,New Jersey,du New Jersey,NJD,8,54,Golden Knights,Vegas,de Vegas,VGK,3,3,REG,3,REG,8476234.0,,,,,,,,,,,,,,,,,,,,NJD
2017021082,20172018,2,2018-03-14,False,2018-03-15T02:00:00Z,-04:00,-07:00,America/Los_Angeles,OFF,OK,23,Canucks,Vancouver,de Vancouver,VAN,0,24,Ducks,Anaheim,d'Anaheim,ANA,3,3,REG,3,REG,8476434.0,,,,,,,,,,,,,,,,,,,,ANA
2017021083,20172018,2,2018-03-15,False,2018-03-15T23:00:00Z,-04:00,-04:00,America/New_York,OFF,OK,10,Maple Leafs,Toronto,de Toronto,TOR,5,7,Sabres,Buffalo,de Buffalo,BUF,2,3,REG,3,REG,8470147.0,,,,,,,,,,,,,,,,,,,,TOR
2017021084,20172018,2,2018-03-15,False,2018-03-15T23:00:00Z,-04:00,-04:00,America/New_York,OFF,OK,15,Capitals,Washington,de Washington,WSH,7,2,Islanders,New York,de New York,NYI,3,3,REG,3,REG,8475831.0,,,,,,,,,,,,,,,,,,,,WSH
2017021085,20172018,2,2018-03-15,False,2018-03-15T23:00:00Z,-04:00,-04:00,US/Eastern,OFF,OK,29,Blue Jackets,Columbus,de Columbus,CBJ,5,4,Flyers,Philadelphia,de Philadelphie,PHI,3,3,REG,3,REG,8475683.0,,,,,,,,,,,,,,,,,,,,CBJ
2017021087,20172018,2,2018-03-15,False,2018-03-15T23:30:00Z,-04:00,-04:00,US/Eastern,OFF,OK,6,Bruins,Boston,de Boston,BOS,0,13,Panthers,Florida,de la Floride,FLA,3,3,REG,3,REG,8473503.0,,,,,,,,,,,,,,,,,,,,FLA
2017021086,20172018,2,2018-03-15,False,2018-03-15T23:30:00Z,-04:00,-04:00,America/Montreal,OFF,OK,5,Penguins,Pittsburgh,de Pittsburgh,PIT,5,8,Canadiens,Montréal,de Montréal,MTL,3,3,REG,3,REG,8477465.0,,,,,,,,,,,,,,,,,,,,PIT
2017021089,20172018,2,2018-03-15,False,2018-03-16T00:00:00Z,-04:00,-05:00,America/Winnipeg,OFF,OK,16,Blackhawks,Chicago,de Chicago,CHI,2,52,Jets,Winnipeg,de Winnipeg,WPG,6,3,REG,3,REG,8476945.0,,,,,,,,,,,,,,,,,,,,WPG
2017021088,20172018,2,2018-03-15,False,2018-03-16T00:00:00Z,-04:00,-05:00,US/Central,OFF,OK,21,Avalanche,Colorado,du Colorado,COL,4,19,Blues,St. Louis,de St. Louis,STL,1,3,REG,3,REG,8473575.0,,,,,,,,,,,,,,,,,,,,COL
2017021091,20172018,2,2018-03-15,False,2018-03-16T02:00:00Z,-04:00,-07:00,America/Los_Angeles,OFF,OK,17,Red Wings,Detroit,de Detroit,DET,1,26,Kings,Los Angeles,de Los Angeles,LAK,4,3,REG,3,REG,8471734.0,,,,,,,,,,,,,,,,,,,,LAK
2017021090,20172018,2,2018-03-15,False,2018-03-16T02:00:00Z,-04:00,-07:00,America/Phoenix,OFF,OK,18,Predators,Nashville,de Nashville,NSH,3,53,Coyotes,Arizona,de l'Arizona,ARI,2,3,REG,3,REG,8471469.0,,,,,,,,,,,,,,,,,,,,NSH
2017021092,20172018,2,2018-03-16,False,2018-03-16T23:00:00Z,-04:00,-04:00,US/Eastern,OFF,OK,2,Islanders,New York,de New York,NYI,3,15,Capitals,Washington,de Washington,WSH,6,3,REG,3,REG,8474651.0,,,,,,,,,,,,,,,,,,,,WSH
2017021093,20172018,2,2018-03-16,False,2018-03-16T23:30:00Z,-04:00,-04:00,US/Eastern,OFF,OK,25,Stars,Dallas,de Dallas,DAL,2,9,Senators,Ottawa,d'Ottawa,OTT,3,4,OT,3,OT,8467950.0,,,,Sénateurs,,,,,,,,,,,,,,,,OTT
2017021095,20172018,2,2018-03-16,False,2018-03-17T01:00:00Z,-04:00,-06:00,America/Edmonton,OFF,OK,28,Sharks,San Jose,de San Jose,SJS,7,20,Flames,Calgary,de Calgary,CGY,4,3,REG,3,REG,8474889.0,,,,,,,,,,,,,,,,,,,,SJS
2017021094,20172018,2,2018-03-16,False,2018-03-17T01:00:00Z,-04:00,-06:00,America/Denver,OFF,OK,18,Predators,Nashville,de Nashville,NSH,4,21,Avalanche,Colorado,du Colorado,COL,2,3,REG,3,REG,8477424.0,,,,,,,,,,,,,,,,,,,,NSH
2017021096,20172018,2,2018-03-16,False,2018-03-17T02:00:00Z,-04:00,-07:00,America/Los_Angeles,OFF,OK,17,Red Wings,Detroit,de Detroit,DET,2,24,Ducks,Anaheim,d'Anaheim,ANA,4,3,REG,3,REG,8476434.0,,,,,,,,,,,,,,,,,,,,ANA
2017021097,20172018,2,2018-03-16,False,2018-03-17T02:30:00Z,-04:00,-07:00,US/Pacific,OFF,OK,30,Wild,Minnesota,du Minnesota,MIN,4,54,Golden Knights,Vegas,de Vegas,VGK,2,3,REG,3,REG,8471774.0,,,,,,,,,,,,,,,,,,,,MIN
2017021098,20172018,2,2018-03-17,False,2018-03-17T17:00:00Z,-04:00,-04:00,America/New_York,OFF,OK,16,Blackhawks,Chicago,de Chicago,CHI,3,7,Sabres,Buffalo,de Buffalo,BUF,5,3,REG,3,REG,8473434.0,,,,,,,,,,,,,,,,,,,,BUF
2017021099,20172018,2,2018-03-17,False,2018-03-17T18:00:00Z,-04:00,-04:00,US/Eastern,OFF,OK,22,Oilers,Edmonton,d'Edmonton,EDM,4,13,Panthers,Florida,de la Floride,FLA,2,3,REG,3,REG,8475660.0,,,,,,,,,,,,,,,,,,,,EDM
2017021100,20172018,2,2018-03-17,False,2018-03-17T20:00:00Z,-04:00,-07:00,America/Los_Angeles,OFF,OK,1,Devils,New Jersey,du New Jersey,NJD,3,26,Kings,Los Angeles,de Los Angeles,LAK,0,3,REG,3,REG,8476234.0,,,,,,,,,,,,,,,,,,,,NJD
2017021103,20172018,2,2018-03-17,False,2018-03-17T23:00:00Z,-04:00,-04:00,US/Eastern,OFF,OK,4,Flyers,Philadelphia,de Philadelphie,PHI,4,12,Hurricanes,Carolina,de la Caroline,CAR,2,3,REG,3,REG,8479312.0,,,,,,,,,,,,,,,,,,,,PHI
2017021104,20172018,2,2018-03-17,False,2018-03-17T23:00:00Z,-04:00,-04:00,US/Eastern,OFF,OK,9,Senators,Ottawa,d'Ottawa,OTT,1,29,Blue Jackets,Columbus,de Columbus,CBJ,2,3,REG,3,REG,8475683.0,,,Sénateurs,,,,,,,,,,,,,,,,,CBJ
2017021102,20172018,2,2018-03-17,False,2018-03-17T23:00:00Z,-04:00,-04:00,US/Eastern,OFF,OK,6,Bruins,Boston,de Boston,BOS,3,14,Lightning,Tampa Bay,de Tampa Bay,TBL,0,3,REG,3,REG,8471695.0,,,,,,,,,,,,,,,,,,,,BOS
2017021101,20172018,2,2018-03-17,False,2018-03-17T23:00:00Z,-04:00,-04:00,America/Toronto,OFF,OK,8,Canadiens,Montréal,de Montréal,MTL,0,10,Maple Leafs,Toronto,de Toronto,TOR,4,3,REG,3,REG,8470147.0,,,,,,,,,,,,,,,,,,,,TOR
2017021105,20172018,2,2018-03-17,False,2018-03-18T00:00:00Z,-04:00,-05:00,US/Central,OFF,OK,3,Rangers,New York,de New York,NYR,3,19,Blues,St. Louis,de St. Louis,STL,4,4,OT,3,OT,8474596.0,,,,,,,,,,,,,,,,,,,,STL
2017021106,20172018,2,2018-03-17,False,2018-03-18T01:00:00Z,-04:00,-07:00,America/Phoenix,OFF,OK,30,Wild,Minnesota,du Minnesota,MIN,3,53,Coyotes,Arizona,de l'Arizona,ARI,1,3,REG,3,REG,8471227.0,,,,,,,,,,,,,,,,,,,,MIN
2017021107,20172018,2,2018-03-17,False,2018-03-18T02:00:00Z,-04:00,-07:00,America/Vancouver,OFF,OK,28,Sharks,San Jose,de San Jose,SJS,5,23,Canucks,Vancouver,de Vancouver,VAN,3,3,REG,3,REG,8477180.0,,,,,,,,,,,,,,,,,,,,SJS
2017021108,20172018,2,2018-03-18,False,2018-03-18T19:00:00Z,-04:00,-06:00,America/Denver,OFF,OK,17,Red Wings,Detroit,de Detroit,DET,1,21,Avalanche,Colorado,du Colorado,COL,5,3,REG,3,REG,8473575.0,,,,,,,,,,,,,,,,,,,,COL
2017021109,20172018,2,2018-03-18,False,2018-03-18T20:00:00Z,-04:00,-07:00,US/Pacific,OFF,OK,20,Flames,Calgary,de Calgary,CGY,0,54,Golden Knights,Vegas,de Vegas,VGK,4,3,REG,3,REG,8470594.0,,,,,,,,,,,,,,,,,,,,VGK
2017021112,20172018,2,2018-03-18,False,2018-03-18T21:00:00Z,-04:00,-04:00,US/Eastern,OFF,OK,15,Capitals,Washington,de Washington,WSH,3,4,Flyers,Philadelphia,de Philadelphie,PHI,6,3,REG,3,REG,8475852.0,,,,,,,,,,,,,,,,,,,,PHI
2017021111,20172018,2,2018-03-18,False,2018-03-18T21:00:00Z,-04:00,-04:00,America/New_York,OFF,OK,12,Hurricanes,Carolina,de la Caroline,CAR,4,2,Islanders,New York,de New York,NYI,3,3,REG,3,REG,8474152.0,,,,,,,,,,,,,,,,,,,,CAR
2017021110,20172018,2,2018-03-18,False,2018-03-18T21:00:00Z,-04:00,-04:00,US/Eastern,OFF,OK,22,Oilers,Edmonton,d'Edmonton,EDM,1,14,Lightning,Tampa Bay,de Tampa Bay,TBL,3,3,REG,3,REG,8475839.0,,,,,,,,,,,,,,,,,,,,TBL
2017021113,20172018,2,2018-03-18,False,2018-03-18T23:30:00Z,-04:00,-05:00,America/Chicago,OFF,OK,19,Blues,St. Louis,de St. Louis,STL,5,16,Blackhawks,Chicago,de Chicago,CHI,4,4,OT,3,OT,8474596.0,,,,,,,,,,,,,,,,,,,,STL
2017021114,20172018,2,2018-03-18,False,2018-03-18T23:30:00Z,-04:00,-05:00,America/Winnipeg,OFF,OK,25,Stars,Dallas,de Dallas,DAL,2,52,Jets,Winnipeg,de Winnipeg,WPG,4,3,REG,3,REG,8476945.0,,,,,,,,,,,,,,,,,,,,WPG
2017021115,20172018,2,2018-03-18,False,2018-03-19T01:00:00Z,-04:00,-07:00,America/Los_Angeles,OFF,OK,1,Devils,New Jersey,du New Jersey,NJD,2,24,Ducks,Anaheim,d'Anaheim,ANA,4,3,REG,3,REG,8476434.0,,,,,,,,,,,,,,,,,,,,ANA
2017021117,20172018,2,2018-03-19,False,2018-03-19T23:00:00Z,-04:00,-04:00,America/New_York,OFF,OK,18,Predators,Nashville,de Nashville,NSH,4,7,Sabres,Buffalo,de Buffalo,BUF,0,3,REG,3,REG,8471469.0,,,,,,,,,,,,,,,,,,,,NSH
2017021116,20172018,2,2018-03-19,False,2018-03-19T23:00:00Z,-04:00,-04:00,US/Eastern,OFF,OK,29,Blue Jackets,Columbus,de Columbus,CBJ,5,6,Bruins,Boston,de Boston,BOS,4,4,OT,3,OT,8476914.0,,,,,,,,,,,,,,,,,,,,CBJ
2017021118,20172018,2,2018-03-19,False,2018-03-19T23:30:00Z,-04:00,-04:00,America/Montreal,OFF,OK,13,Panthers,Florida,de la Floride,FLA,2,8,Canadiens,Montréal,de Montréal,MTL,0,3,REG,3,REG,8466141.0,,,,,,,,,,,,,,,,,,,,FLA
2017021119,20172018,2,2018-03-19,False,2018-03-20T00:00:00Z,-04:00,-05:00,US/Central,OFF,OK,26,Kings,Los Angeles,de Los Angeles,LAK,4,30,Wild,Minnesota,du Minnesota,MIN,3,4,OT,3,OT,8471734.0,,,,,,,,,,,,,,,,,,,,LAK
2017021120,20172018,2,2018-03-19,False,2018-03-20T02:00:00Z,-04:00,-07:00,America/Phoenix,OFF,OK,20,Flames,Calgary,de Calgary,CGY,2,53,Coyotes,Arizona,de l'Arizona,ARI,5,3,REG,3,REG,8477293.0,,,,,,,,,,,,,,,,,,,,ARI
2017021121,20172018,2,2018-03-20,False,2018-03-20T23:00:00Z,-04:00,-04:00,America/New_York,OFF,OK,5,Penguins,Pittsburgh,de Pittsburgh,PIT,1,2,Islanders,New York,de New York,NYI,4,3,REG,3,REG,8476444.0,,,,,,,,,,,,,,,,,,,,NYI
2017021124,20172018,2,2018-03-20,False,2018-03-20T23:00:00Z,-04:00,-04:00,US/Eastern,OFF,OK,22,Oilers,Edmonton,d'Edmonton,EDM,7,12,Hurricanes,Carolina,de la Caroline,CAR,3,3,REG,3,REG,8475660.0,,,,,,,,,,,,,,,,,,,,EDM
2017021123,20172018,2,2018-03-20,False,2018-03-20T23:00:00Z,-04:00,-04:00,US/Eastern,OFF,OK,25,Stars,Dallas,de Dallas,DAL,3,15,Capitals,Washington,de Washington,WSH,4,3,REG,3,REG,8474651.0,,,,,,,,,,,,,,,,,,,,WSH
2017021122,20172018,2,2018-03-20,False,2018-03-20T23:00:00Z,-04:00,-04:00,America/New_York,OFF,OK,29,Blue Jackets,Columbus,de Columbus,CBJ,5,3,Rangers,New York,de New York,NYR,3,3,REG,3,REG,8475683.0,,,,,,,,,,,,,,,,,,,,CBJ
2017021125,20172018,2,2018-03-20,False,2018-03-20T23:30:00Z,-04:00,-04:00,US/Eastern,OFF,OK,13,Panthers,Florida,de la Floride,FLA,7,9,Senators,Ottawa,d'Ottawa,OTT,2,3,REG,3,REG,8473503.0,,,,Sénateurs,,,,,,,,,,,,,,,,FLA
2017021126,20172018,2,2018-03-20,False,2018-03-20T23:30:00Z,-04:00,-04:00,America/Detroit,OFF,OK,4,Flyers,Philadelphia,de Philadelphie,PHI,4,17,Red Wings,Detroit,de Detroit,DET,5,5,SO,3,SO,8470657.0,,,,,,,,,,,,,,,,,,,,DET
2017021127,20172018,2,2018-03-20,False,2018-03-20T23:30:00Z,-04:00,-04:00,US/Eastern,OFF,OK,10,Maple Leafs,Toronto,de Toronto,TOR,3,14,Lightning,Tampa Bay,de Tampa Bay,TBL,4,3,REG,3,REG,8476883.0,,,,,,,,,,,,,,,,,,,,TBL
2017021128,20172018,2,2018-03-20,False,2018-03-21T00:00:00Z,-04:00,-05:00,America/Winnipeg,OFF,OK,26,Kings,Los Angeles,de Los Angeles,LAK,1,52,Jets,Winnipeg,de Winnipeg,WPG,2,4,OT,3,OT,8477480.0,,,,,,,,,,,,,,,,,,,,WPG
2017021129,20172018,2,2018-03-20,False,2018-03-21T00:30:00Z,-04:00,-05:00,America/Chicago,OFF,OK,21,Avalanche,Colorado,du Colorado,COL,5,16,Blackhawks,Chicago,de Chicago,CHI,1,3,REG,3,REG,8473575.0,,,,,,,,,,,,,,,,,,,,COL
2017021130,20172018,2,2018-03-20,False,2018-03-21T02:00:00Z,-04:00,-07:00,US/Pacific,OFF,OK,23,Canucks,Vancouver,de Vancouver,VAN,1,54,Golden Knights,Vegas,de Vegas,VGK,4,3,REG,3,REG,8470594.0,,,,,,,,,,,,,,,,,,,,VGK
2017021131,20172018,2,2018-03-20,False,2018-03-21T02:30:00Z,-04:00,-07:00,US/Pacific,OFF,OK,1,Devils,New Jersey,du New Jersey,NJD,2,28,Sharks,San Jose,de San Jose,SJS,6,3,REG,3,REG,8474889.0,,,,,,,,,,,,,,,,,,,,SJS
2017021133,20172018,2,2018-03-21,False,2018-03-21T23:00:00Z,-04:00,-04:00,US/Eastern,OFF,OK,8,Canadiens,Montréal,de Montréal,MTL,3,5,Penguins,Pittsburgh,de Pittsburgh,PIT,5,3,REG,3,REG,8479193.0,,,,,,,,,,,,,,,,,,,,PIT
2017021132,20172018,2,2018-03-21,False,2018-03-21T23:00:00Z,-04:00,-04:00,America/New_York,OFF,OK,53,Coyotes,Arizona,de l'Arizona,ARI,4,7,Sabres,Buffalo,de Buffalo,BUF,1,3,REG,3,REG,8477293.0,,,,,,,,,,,,,,,,,,,,ARI
2017021134,20172018,2,2018-03-21,False,2018-03-22T00:00:00Z,-04:00,-05:00,US/Central,OFF,OK,6,Bruins,Boston,de Boston,BOS,1,19,Blues,St. Louis,de St. Louis,STL,2,4,OT,3,OT,8474596.0,,,,,,,,,,,,,,,,,,,,STL
2017021135,20172018,2,2018-03-21,False,2018-03-22T01:30:00Z,-04:00,-06:00,America/Edmonton,OFF,OK,24,Ducks,Anaheim,d'Anaheim,ANA,4,20,Flames,Calgary,de Calgary,CGY,0,3,REG,3,REG,8476434.0,,,,,,,,,,,,,,,,,,,,ANA
2017021137,20172018,2,2018-03-22,False,2018-03-22T23:00:00Z,-04:00,-04:00,US/Eastern,OFF,OK,3,Rangers,New York,de New York,NYR,3,4,Flyers,Philadelphia,de Philadelphie,PHI,4,3,REG,3,REG,8479312.0,,,,,,,,,,,,,,,,,,,,PHI
2017021139,20172018,2,2018-03-22,False,2018-03-22T23:00:00Z,-04:00,-04:00,US/Eastern,OFF,OK,13,Panthers,Florida,de la Floride,FLA,0,29,Blue Jackets,Columbus,de Columbus,CBJ,4,3,REG,3,REG,8475683.0,,,,,,,,,,,,,,,,,,,,CBJ
2017021136,20172018,2,2018-03-22,False,2018-03-22T23:00:00Z,-04:00,-04:00,America/New_York,OFF,OK,14,Lightning,Tampa Bay,de Tampa Bay,TBL,7,2,Islanders,New York,de New York,NYI,6,3,REG,3,REG,8476883.0,,,,,,,,,,,,,,,,,,,,TBL
2017021138,20172018,2,2018-03-22,False,2018-03-22T23:00:00Z,-04:00,-04:00,US/Eastern,OFF,OK,53,Coyotes,Arizona,de l'Arizona,ARI,5,12,Hurricanes,Carolina,de la Caroline,CAR,6,3,REG,3,REG,8470320.0,,,,,,,,,,,,,,,,,,,,CAR
2017021141,20172018,2,2018-03-22,False,2018-03-22T23:30:00Z,-04:00,-04:00,America/Detroit,OFF,OK,15,Capitals,Washington,de Washington,WSH,1,17,Red Wings,Detroit,de Detroit,DET,0,3,REG,3,REG,8475831.0,,,,,,,,,,,,,,,,,,,,WSH
2017021140,20172018,2,2018-03-22,False,2018-03-22T23:30:00Z,-04:00,-04:00,US/Eastern,OFF,OK,22,Oilers,Edmonton,d'Edmonton,EDM,6,9,Senators,Ottawa,d'Ottawa,OTT,2,3,REG,3,REG,8475660.0,,,,Sénateurs,,,,,,,,,,,,,,,,EDM
2017021142,20172018,2,2018-03-22,False,2018-03-23T00:00:00Z,-04:00,-05:00,US/Central,OFF,OK,10,Maple Leafs,Toronto,de Toronto,TOR,5,18,Predators,Nashville,de Nashville,NSH,2,3,REG,3,REG,8475883.0,,,,,,,,,,,,,,,,,,,,TOR
2017021143,20172018,2,2018-03-22,False,2018-03-23T00:30:00Z,-04:00,-05:00,America/Chicago,OFF,OK,23,Canucks,Vancouver,de Vancouver,VAN,5,16,Blackhawks,Chicago,de Chicago,CHI,2,3,REG,3,REG,8474593.0,,Markström,,,,,,,,,,,,,,,,,,VAN
2017021144,20172018,2,2018-03-22,False,2018-03-23T01:00:00Z,-04:00,-06:00,America/Denver,OFF,OK,26,Kings,Los Angeles,de Los Angeles,LAK,7,21,Avalanche,Colorado,du Colorado,COL,1,3,REG,3,REG,8471734.0,,,,,,,,,,,,,,,,,,,,LAK
2017021145,20172018,2,2018-03-22,False,2018-03-23T02:00:00Z,-04:00,-07:00,US/Pacific,OFF,OK,54,Golden Knights,Vegas,de Vegas,VGK,1,28,Sharks,San Jose,de San Jose,SJS,2,4,OT,3,OT,8474889.0,,,,,,,,,,,,,,,,,,,,SJS
2017021146,20172018,2,2018-03-23,False,2018-03-23T23:00:00Z,-04:00,-04:00,America/New_York,OFF,OK,8,Canadiens,Montréal,de Montréal,MTL,3,7,Sabres,Buffalo,de Buffalo,BUF,0,3,REG,3,REG,8474550.0,,,,,,,,,,,,,,,,,,,,MTL
2017021147,20172018,2,2018-03-23,False,2018-03-23T23:00:00Z,-04:00,-04:00,US/Eastern,OFF,OK,1,Devils,New Jersey,du New Jersey,NJD,4,5,Penguins,Pittsburgh,de Pittsburgh,PIT,3,4,OT,3,OT,8476234.0,,,,,,,,,,,,,,,,,,,,NJD
2017021149,20172018,2,2018-03-23,False,2018-03-24T00:00:00Z,-04:00,-05:00,America/Winnipeg,OFF,OK,24,Ducks,Anaheim,d'Anaheim,ANA,2,52,Jets,Winnipeg,de Winnipeg,WPG,3,4,OT,3,OT,8476945.0,,,,,,,,,,,,,,,,,,,,WPG
2017021148,20172018,2,2018-03-23,False,2018-03-24T00:00:00Z,-04:00,-05:00,US/Central,OFF,OK,23,Canucks,Vancouver,de Vancouver,VAN,1,19,Blues,St. Louis,de St. Louis,STL,4,3,REG,3,REG,8474596.0,,,,,,,,,,,,,,,,,,,,STL
2017021150,20172018,2,2018-03-23,False,2018-03-24T00:30:00Z,-04:00,-05:00,US/Central,OFF,OK,6,Bruins,Boston,de Boston,BOS,3,25,Stars,Dallas,de Dallas,DAL,2,3,REG,3,REG,8471695.0,,,,,,,,,,,,,,,,,,,,BOS
2017021151,20172018,2,2018-03-24,False,2018-03-24T19:00:00Z,-04:00,-06:00,America/Denver,OFF,OK,54,Golden Knights,Vegas,de Vegas,VGK,1,21,Avalanche,Colorado,du Colorado,COL,2,5,SO,3,SO,8473575.0,,,,,,,,,,,,,,,,,,,,COL
2017021152,20172018,2,2018-03-24,False,2018-03-24T20:00:00Z,-04:00,-07:00,US/Pacific,OFF,OK,20,Flames,Calgary,de Calgary,CGY,1,28,Sharks,San Jose,de San Jose,SJS,5,3,REG,3,REG,8474889.0,,,,,,,,,,,,,,,,,,,,SJS
2017021155,20172018,2,2018-03-24,False,2018-03-24T23:00:00Z,-04:00,-04:00,US/Eastern,OFF,OK,12,Hurricanes,Carolina,de la Caroline,CAR,5,9,Senators,Ottawa,d'Ottawa,OTT,2,3,REG,3,REG,8470320.0,,,,Sénateurs,,,,,,,,,,,,,,,,CAR
2017021159,20172018,2,2018-03-24,False,2018-03-24T23:00:00Z,-04:00,-04:00,America/New_York,OFF,OK,7,Sabres,Buffalo,de Buffalo,BUF,1,3,Rangers,New York,de New York,NYR,5,3,REG,3,REG,8480382.0,,,,,,,,,,,,,,,,,,,,NYR
2017021158,20172018,2,2018-03-24,False,2018-03-24T23:00:00Z,-04:00,-04:00,America/New_York,OFF,OK,16,Blackhawks,Chicago,de Chicago,CHI,3,2,Islanders,New York,de New York,NYI,1,3,REG,3,REG,8476341.0,,,,,,,,,,,,,,,,,,,,CHI
2017021157,20172018,2,2018-03-24,False,2018-03-24T23:00:00Z,-04:00,-04:00,US/Eastern,OFF,OK,14,Lightning,Tampa Bay,de Tampa Bay,TBL,1,1,Devils,New Jersey,du New Jersey,NJD,2,3,REG,3,REG,8476234.0,,,,,,,,,,,,,,,,,,,,NJD
2017021154,20172018,2,2018-03-24,False,2018-03-24T23:00:00Z,-04:00,-04:00,America/Montreal,OFF,OK,15,Capitals,Washington,de Washington,WSH,6,8,Canadiens,Montréal,de Montréal,MTL,4,3,REG,3,REG,8475831.0,,,,,,,,,,,,,,,,,,,,WSH
2017021160,20172018,2,2018-03-24,False,2018-03-24T23:00:00Z,-04:00,-04:00,US/Eastern,OFF,OK,19,Blues,St. Louis,de St. Louis,STL,2,29,Blue Jackets,Columbus,de Columbus,CBJ,1,3,REG,3,REG,8474596.0,,,,,,,,,,,,,,,,,,,,STL
2017021156,20172018,2,2018-03-24,False,2018-03-24T23:00:00Z,-04:00,-04:00,US/Eastern,OFF,OK,53,Coyotes,Arizona,de l'Arizona,ARI,2,13,Panthers,Florida,de la Floride,FLA,4,3,REG,3,REG,8473503.0,,,,,,,,,,,,,,,,,,,,FLA
2017021153,20172018,2,2018-03-24,False,2018-03-24T23:00:00Z,-04:00,-04:00,America/Toronto,OFF,OK,17,Red Wings,Detroit,de Detroit,DET,3,10,Maple Leafs,Toronto,de Toronto,TOR,4,3,REG,3,REG,8475883.0,,,,,,,,,,,,,,,,,,,,TOR
2017021161,20172018,2,2018-03-24,False,2018-03-25T00:00:00Z,-04:00,-05:00,US/Central,OFF,OK,18,Predators,Nashville,de Nashville,NSH,1,30,Wild,Minnesota,du Minnesota,MIN,4,3,REG,3,REG,8471227.0,,,,,,,,,,,,,,,,,,,,MIN
2017021162,20172018,2,2018-03-24,False,2018-03-25T02:00:00Z,-04:00,-06:00,America/Edmonton,OFF,OK,26,Kings,Los Angeles,de Los Angeles,LAK,2,22,Oilers,Edmonton,d'Edmonton,EDM,3,3,REG,3,REG,8475660.0,,,,,,,,,,,,,,,,,,,,EDM
2017021163,20172018,2,2018-03-25,False,2018-03-25T16:30:00Z,-04:00,-04:00,US/Eastern,OFF,OK,4,Flyers,Philadelphia,de Philadelphie,PHI,4,5,Penguins,Pittsburgh,de Pittsburgh,PIT,5,4,OT,3,OT,8476899.0,,,,,,,,,,,,,,,,,,,,PIT
2017021165,20172018,2,2018-03-25,False,2018-03-25T23:00:00Z,-04:00,-05:00,America/Winnipeg,OFF,OK,18,Predators,Nashville,de Nashville,NSH,4,52,Jets,Winnipeg,de Winnipeg,WPG,5,5,SO,3,SO,8476945.0,,,,,,,,,,,,,,,,,,,,WPG
2017021164,20172018,2,2018-03-25,False,2018-03-25T23:00:00Z,-04:00,-05:00,US/Central,OFF,OK,23,Canucks,Vancouver,de Vancouver,VAN,4,25,Stars,Dallas,de Dallas,DAL,1,3,REG,3,REG,8474593.0,,Markström,,,,,,,,,,,,,,,,,,VAN
2017021166,20172018,2,2018-03-25,False,2018-03-25T23:30:00Z,-04:00,-05:00,US/Central,OFF,OK,6,Bruins,Boston,de Boston,BOS,2,30,Wild,Minnesota,du Minnesota,MIN,1,4,OT,3,OT,8471695.0,,,,,,,,,,,,,,,,,,,,BOS
2017021167,20172018,2,2018-03-25,False,2018-03-26T01:30:00Z,-04:00,-06:00,America/Edmonton,OFF,OK,24,Ducks,Anaheim,d'Anaheim,ANA,5,22,Oilers,Edmonton,d'Edmonton,EDM,4,4,OT,3,OT,8476434.0,,,,,,,,,,,,,,,,,,,,ANA
2017021169,20172018,2,2018-03-26,False,2018-03-26T23:00:00Z,-04:00,-04:00,America/New_York,OFF,OK,13,Panthers,Florida,de la Floride,FLA,3,2,Islanders,New York,de New York,NYI,0,3,REG,3,REG,8473503.0,,,,,,,,,,,,,,,,,,,,FLA
2017021168,20172018,2,2018-03-26,False,2018-03-26T23:00:00Z,-04:00,-04:00,America/Toronto,OFF,OK,7,Sabres,Buffalo,de Buffalo,BUF,3,10,Maple Leafs,Toronto,de Toronto,TOR,2,3,REG,3,REG,8473434.0,,,,,,,,,,,,,,,,,,,,BUF
2017021171,20172018,2,2018-03-26,False,2018-03-26T23:00:00Z,-04:00,-04:00,US/Eastern,OFF,OK,9,Senators,Ottawa,d'Ottawa,OTT,1,12,Hurricanes,Carolina,de la Caroline,CAR,4,3,REG,3,REG,8470320.0,,,Sénateurs,,,,,,,,,,,,,,,,,CAR
2017021172,20172018,2,2018-03-26,False,2018-03-26T23:30:00Z,-04:00,-04:00,America/Montreal,OFF,OK,17,Red Wings,Detroit,de Detroit,DET,2,8,Canadiens,Montréal,de Montréal,MTL,4,3,REG,3,REG,8471679.0,,,,,,,,,,,,,,,,,,,,MTL
2017021170,20172018,2,2018-03-26,False,2018-03-26T23:30:00Z,-04:00,-04:00,America/New_York,OFF,OK,15,Capitals,Washington,de Washington,WSH,4,3,Rangers,New York,de New York,NYR,2,3,REG,3,REG,8475831.0,,,,,,,,,,,,,,,,,,,,WSH
2017021173,20172018,2,2018-03-26,False,2018-03-26T23:30:00Z,-04:00,-04:00,US/Eastern,OFF,OK,53,Coyotes,Arizona,de l'Arizona,ARI,4,14,Lightning,Tampa Bay,de Tampa Bay,TBL,1,3,REG,3,REG,8477293.0,,,,,,,,,,,,,,,,,,,,ARI
2017021174,20172018,2,2018-03-26,False,2018-03-27T00:30:00Z,-04:00,-05:00,America/Chicago,OFF,OK,28,Sharks,San Jose,de San Jose,SJS,4,16,Blackhawks,Chicago,de Chicago,CHI,3,5,SO,3,SO,8474889.0,,,,,,,,,,,,,,,,,,,,SJS
2017021175,20172018,2,2018-03-26,False,2018-03-27T02:00:00Z,-04:00,-07:00,US/Pacific,OFF,OK,21,Avalanche,Colorado,du Colorado,COL,1,54,Golden Knights,Vegas,de Vegas,VGK,4,3,REG,3,REG,8470594.0,,,,,,,,,,,,,,,,,,,,VGK
2017021176,20172018,2,2018-03-26,False,2018-03-27T02:30:00Z,-04:00,-07:00,America/Los_Angeles,OFF,OK,20,Flames,Calgary,de Calgary,CGY,0,26,Kings,Los Angeles,de Los Angeles,LAK,3,3,REG,3,REG,8471734.0,,,,,,,,,,,,,,,,,,,,LAK
2017021177,20172018,2,2018-03-27,False,2018-03-27T23:00:00Z,-04:00,-04:00,US/Eastern,OFF,OK,12,Hurricanes,Carolina,de la Caroline,CAR,3,1,Devils,New Jersey,du New Jersey,NJD,4,3,REG,3,REG,8476234.0,,,,,,,,,,,,,,,,,,,,NJD
2017021178,20172018,2,2018-03-27,False,2018-03-27T23:30:00Z,-04:00,-04:00,US/Eastern,OFF,OK,2,Islanders,New York,de New York,NYI,4,9,Senators,Ottawa,d'Ottawa,OTT,3,3,REG,3,REG,8470860.0,,,,Sénateurs,,,,,,,,,,,,,,,,NYI
2017021179,20172018,2,2018-03-27,False,2018-03-27T23:30:00Z,-04:00,-04:00,America/Detroit,OFF,OK,5,Penguins,Pittsburgh,de Pittsburgh,PIT,2,17,Red Wings,Detroit,de Detroit,DET,5,3,REG,3,REG,8470657.0,,,,,,,,,,,,,,,,,,,,DET
2017021180,20172018,2,2018-03-27,False,2018-03-28T00:00:00Z,-04:00,-05:00,US/Central,OFF,OK,28,Sharks,San Jose,de San Jose,SJS,2,19,Blues,St. Louis,de St. Louis,STL,3,4,OT,3,OT,8474596.0,,,,,,,,,,,,,,,,,,,,STL
2017021181,20172018,2,2018-03-27,False,2018-03-28T00:00:00Z,-04:00,-05:00,US/Central,OFF,OK,30,Wild,Minnesota,du Minnesota,MIN,1,18,Predators,Nashville,de Nashville,NSH,2,5,SO,3,SO,8471469.0,,,,,,,,,,,,,,,,,,,,NSH
2017021182,20172018,2,2018-03-27,False,2018-03-28T00:00:00Z,-04:00,-05:00,America/Winnipeg,OFF,OK,6,Bruins,Boston,de Boston,BOS,4,52,Jets,Winnipeg,de Winnipeg,WPG,5,5,SO,3,SO,8476945.0,,,,,,,,,,,,,,,,,,,,WPG
2017021183,20172018,2,2018-03-27,False,2018-03-28T00:30:00Z,-04:00,-05:00,US/Central,OFF,OK,4,Flyers,Philadelphia,de Philadelphie,PHI,2,25,Stars,Dallas,de Dallas,DAL,3,4,OT,3,OT,8470140.0,,,,,,,,,,,,,,,,,,,,DAL
2017021184,20172018,2,2018-03-27,False,2018-03-28T01:00:00Z,-04:00,-06:00,America/Edmonton,OFF,OK,29,Blue Jackets,Columbus,de Columbus,CBJ,7,22,Oilers,Edmonton,d'Edmonton,EDM,3,3,REG,3,REG,8475683.0,,,,,,,,,,,,,,,,,,,,CBJ
2017021185,20172018,2,2018-03-27,False,2018-03-28T02:00:00Z,-04:00,-07:00,America/Vancouver,OFF,OK,24,Ducks,Anaheim,d'Anaheim,ANA,1,23,Canucks,Vancouver,de Vancouver,VAN,4,3,REG,3,REG,8474593.0,,Markström,,,,,,,,,,,,,,,,,,VAN
2017021186,20172018,2,2018-03-28,False,2018-03-28T23:30:00Z,-04:00,-04:00,America/Toronto,OFF,OK,13,Panthers,Florida,de la Floride,FLA,3,10,Maple Leafs,Toronto,de Toronto,TOR,4,3,REG,3,REG,8475883.0,,,,,,,,,,,,,,,,,,,,TOR
2017021187,20172018,2,2018-03-28,False,2018-03-29T00:00:00Z,-04:00,-04:00,US/Eastern,OFF,OK,3,Rangers,New York,de New York,NYR,2,15,Capitals,Washington,de Washington,WSH,3,4,OT,3,OT,8474651.0,,,,,,,,,,,,,,,,,,,,WSH
2017021188,20172018,2,2018-03-28,False,2018-03-29T02:00:00Z,-04:00,-06:00,America/Denver,OFF,OK,4,Flyers,Philadelphia,de Philadelphie,PHI,2,21,Avalanche,Colorado,du Colorado,COL,1,3,REG,3,REG,8473607.0,,,,,,,,,,,,,,,,,,,,PHI
2017021189,20172018,2,2018-03-28,False,2018-03-29T02:00:00Z,-04:00,-07:00,US/Pacific,OFF,OK,53,Coyotes,Arizona,de l'Arizona,ARI,3,54,Golden Knights,Vegas,de Vegas,VGK,2,3,REG,3,REG,8477293.0,,,,,,,,,,,,,,,,,,,,ARI
2017021191,20172018,2,2018-03-29,False,2018-03-29T23:00:00Z,-04:00,-04:00,America/New_York,OFF,OK,17,Red Wings,Detroit,de Detroit,DET,6,7,Sabres,Buffalo,de Buffalo,BUF,3,3,REG,3,REG,8470657.0,,,,,,,,,,,,,,,,,,,,DET
2017021190,20172018,2,2018-03-29,False,2018-03-29T23:00:00Z,-04:00,-04:00,US/Eastern,OFF,OK,14,Lightning,Tampa Bay,de Tampa Bay,TBL,2,6,Bruins,Boston,de Boston,BOS,4,3,REG,3,REG,8471695.0,,,,,,,,,,,,,,,,,,,,BOS
2017021192,20172018,2,2018-03-29,False,2018-03-29T23:00:00Z,-04:00,-04:00,US/Eastern,OFF,OK,5,Penguins,Pittsburgh,de Pittsburgh,PIT,4,1,Devils,New Jersey,du New Jersey,NJD,3,4,OT,3,OT,8476899.0,,,,,,,,,,,,,,,,,,,,PIT
2017021193,20172018,2,2018-03-29,False,2018-03-29T23:30:00Z,-04:00,-04:00,US/Eastern,OFF,OK,13,Panthers,Florida,de la Floride,FLA,2,9,Senators,Ottawa,d'Ottawa,OTT,3,4,OT,3,OT,8467950.0,,,,Sénateurs,,,,,,,,,,,,,,,,OTT
2017021194,20172018,2,2018-03-29,False,2018-03-30T00:00:00Z,-04:00,-05:00,US/Central,OFF,OK,28,Sharks,San Jose,de San Jose,SJS,3,18,Predators,Nashville,de Nashville,NSH,5,3,REG,3,REG,8477424.0,,,,,,,,,,,,,,,,,,,,NSH
2017021195,20172018,2,2018-03-29,False,2018-03-30T00:00:00Z,-04:00,-05:00,US/Central,OFF,OK,25,Stars,Dallas,de Dallas,DAL,2,30,Wild,Minnesota,du Minnesota,MIN,5,3,REG,3,REG,8471227.0,,,,,,,,,,,,,,,,,,,,MIN
2017021196,20172018,2,2018-03-29,False,2018-03-30T00:30:00Z,-04:00,-05:00,America/Chicago,OFF,OK,52,Jets,Winnipeg,de Winnipeg,WPG,2,16,Blackhawks,Chicago,de Chicago,CHI,6,3,REG,3,REG,8480420.0,,,,,,,,,,,,,,,,,,,,CHI
2017021197,20172018,2,2018-03-29,False,2018-03-30T01:00:00Z,-04:00,-06:00,America/Edmonton,OFF,OK,29,Blue Jackets,Columbus,de Columbus,CBJ,5,20,Flames,Calgary,de Calgary,CGY,1,3,REG,3,REG,8475683.0,,,,,,,,,,,,,,,,,,,,CBJ
2017021198,20172018,2,2018-03-29,False,2018-03-30T02:00:00Z,-04:00,-07:00,America/Vancouver,OFF,OK,22,Oilers,Edmonton,d'Edmonton,EDM,1,23,Canucks,Vancouver,de Vancouver,VAN,2,3,REG,3,REG,8474593.0,,Markström,,,,,,,,,,,,,,,,,,VAN
2017021199,20172018,2,2018-03-29,False,2018-03-30T02:30:00Z,-04:00,-07:00,America/Los_Angeles,OFF,OK,53,Coyotes,Arizona,de l'Arizona,ARI,2,26,Kings,Los Angeles,de Los Angeles,LAK,4,3,REG,3,REG,8475789.0,,,,,,,,,,,,,,,,,,,,LAK
2017021200,20172018,2,2018-03-30,False,2018-03-30T23:00:00Z,-04:00,-04:00,America/New_York,OFF,OK,10,Maple Leafs,Toronto,de Toronto,TOR,5,2,Islanders,New York,de New York,NYI,4,3,REG,3,REG,8475883.0,,,,,,,,,,,,,,,,,,,,TOR
2017021202,20172018,2,2018-03-30,False,2018-03-30T23:00:00Z,-04:00,-04:00,US/Eastern,OFF,OK,12,Hurricanes,Carolina,de la Caroline,CAR,4,15,Capitals,Washington,de Washington,WSH,1,3,REG,3,REG,8474152.0,,,,,,,,,,,,,,,,,,,,CAR
2017021201,20172018,2,2018-03-30,False,2018-03-30T23:00:00Z,-04:00,-04:00,America/New_York,OFF,OK,14,Lightning,Tampa Bay,de Tampa Bay,TBL,7,3,Rangers,New York,de New York,NYR,3,3,REG,3,REG,8475839.0,,,,,,,,,,,,,,,,,,,,TBL
2017021203,20172018,2,2018-03-30,False,2018-03-31T01:00:00Z,-04:00,-06:00,America/Denver,OFF,OK,16,Blackhawks,Chicago,de Chicago,CHI,0,21,Avalanche,Colorado,du Colorado,COL,5,3,REG,3,REG,8473575.0,,,,,,,,,,,,,,,,,,,,COL
2017021204,20172018,2,2018-03-30,False,2018-03-31T02:00:00Z,-04:00,-07:00,America/Los_Angeles,OFF,OK,26,Kings,Los Angeles,de Los Angeles,LAK,1,24,Ducks,Anaheim,d'Anaheim,ANA,2,4,OT,3,OT,8476434.0,,,,,,,,,,,,,,,,,,,,ANA
2017021205,20172018,2,2018-03-30,False,2018-03-31T02:30:00Z,-04:00,-07:00,US/Pacific,OFF,OK,19,Blues,St. Louis,de St. Louis,STL,3,54,Golden Knights,Vegas,de Vegas,VGK,4,4,OT,3,OT,8476876.0,,,,,,,,,,,,,,,,,,,,VGK
2017021206,20172018,2,2018-03-31,False,2018-03-31T17:00:00Z,-04:00,-04:00,US/Eastern,OFF,OK,13,Panthers,Florida,de la Floride,FLA,1,6,Bruins,Boston,de Boston,BOS,5,3,REG,3,REG,8471695.0,,,,,,,,,,,,,,,,,,,,BOS
2017021207,20172018,2,2018-03-31,False,2018-03-31T18:00:00Z,-04:00,-04:00,America/Detroit,OFF,OK,9,Senators,Ottawa,d'Ottawa,OTT,0,17,Red Wings,Detroit,de Detroit,DET,2,3,REG,3,REG,8470657.0,,,Sénateurs,,,,,,,,,,,,,,,,,DET
2017021208,20172018,2,2018-03-31,False,2018-03-31T20:00:00Z,-04:00,-07:00,America/Vancouver,OFF,OK,29,Blue Jackets,Columbus,de Columbus,CBJ,4,23,Canucks,Vancouver,de Vancouver,VAN,5,4,OT,3,OT,8477967.0,,,,,,,,,,,,,,,,,,,,VAN
2017021209,20172018,2,2018-03-31,False,2018-03-31T23:00:00Z,-04:00,-04:00,America/Toronto,OFF,OK,52,Jets,Winnipeg,de Winnipeg,WPG,3,10,Maple Leafs,Toronto,de Toronto,TOR,1,3,REG,3,REG,8476945.0,,,,,,,,,,,,,,,,,,,,WPG
2017021211,20172018,2,2018-03-31,False,2018-03-31T23:00:00Z,-04:00,-04:00,US/Eastern,OFF,OK,8,Canadiens,Montréal,de Montréal,MTL,2,5,Penguins,Pittsburgh,de Pittsburgh,PIT,5,3,REG,3,REG,8476899.0,,,,,,,,,,,,,,,,,,,,PIT
2017021210,20172018,2,2018-03-31,False,2018-03-31T23:00:00Z,-04:00,-04:00,US/Eastern,OFF,OK,2,Islanders,New York,de New York,NYI,3,1,Devils,New Jersey,du New Jersey,NJD,4,3,REG,3,REG,8476234.0,,,,,,,,,,,,,,,,,,,,NJD
2017021212,20172018,2,2018-03-31,False,2018-03-31T23:00:00Z,-04:00,-04:00,US/Eastern,OFF,OK,3,Rangers,New York,de New York,NYR,2,12,Hurricanes,Carolina,de la Caroline,CAR,1,3,REG,3,REG,8468685.0,,,,,,,,,,,,,,,,,,,,NYR
2017021214,20172018,2,2018-03-31,False,2018-04-01T00:00:00Z,-04:00,-05:00,US/Central,OFF,OK,30,Wild,Minnesota,du Minnesota,MIN,1,25,Stars,Dallas,de Dallas,DAL,4,3,REG,3,REG,8470140.0,,,,,,,,,,,,,,,,,,,,DAL
2017021213,20172018,2,2018-03-31,False,2018-04-01T00:00:00Z,-04:00,-05:00,US/Central,OFF,OK,7,Sabres,Buffalo,de Buffalo,BUF,7,18,Predators,Nashville,de Nashville,NSH,4,3,REG,3,REG,8473434.0,,,,,,,,,,,,,,,,,,,,BUF
2017021215,20172018,2,2018-03-31,False,2018-04-01T01:00:00Z,-04:00,-07:00,America/Phoenix,OFF,OK,19,Blues,St. Louis,de St. Louis,STL,0,53,Coyotes,Arizona,de l'Arizona,ARI,6,3,REG,3,REG,8477293.0,,,,,,,,,,,,,,,,,,,,ARI
2017021216,20172018,2,2018-03-31,False,2018-04-01T02:00:00Z,-04:00,-06:00,America/Edmonton,OFF,OK,22,Oilers,Edmonton,d'Edmonton,EDM,2,20,Flames,Calgary,de Calgary,CGY,3,3,REG,3,REG,8469608.0,,,,,,,,,,,,,,,,,,,,CGY
2017021217,20172018,2,2018-03-31,False,2018-04-01T02:30:00Z,-04:00,-07:00,US/Pacific,OFF,OK,28,Sharks,San Jose,de San Jose,SJS,2,54,Golden Knights,Vegas,de Vegas,VGK,3,3,REG,3,REG,8470594.0,,,,,,,,,,,,,,,,,,,,VGK
2017021218,20172018,2,2018-04-01,False,2018-04-01T16:30:00Z,-04:00,-04:00,US/Eastern,OFF,OK,6,Bruins,Boston,de Boston,BOS,3,4,Flyers,Philadelphia,de Philadelphie,PHI,4,4,OT,3,OT,8475852.0,,,,,,,,,,,,,,,,,,,,PHI
2017021219,20172018,2,2018-04-01,False,2018-04-01T22:00:00Z,-04:00,-04:00,US/Eastern,OFF,OK,18,Predators,Nashville,de Nashville,NSH,4,14,Lightning,Tampa Bay,de Tampa Bay,TBL,1,3,REG,3,REG,8477424.0,,,,,,,,,,,,,,,,,,,,NSH
2017021220,20172018,2,2018-04-01,False,2018-04-01T23:00:00Z,-04:00,-04:00,America/Montreal,OFF,OK,1,Devils,New Jersey,du New Jersey,NJD,2,8,Canadiens,Montréal,de Montréal,MTL,1,3,REG,3,REG,8476234.0,,,,,,,,,,,,,,,,,,,,NJD
2017021221,20172018,2,2018-04-01,False,2018-04-01T23:30:00Z,-04:00,-04:00,US/Eastern,OFF,OK,15,Capitals,Washington,de Washington,WSH,3,5,Penguins,Pittsburgh,de Pittsburgh,PIT,1,3,REG,3,REG,8475831.0,,,,,,,,,,,,,,,,,,,,WSH
2017021222,20172018,2,2018-04-01,False,2018-04-02T01:00:00Z,-04:00,-07:00,America/Los_Angeles,OFF,OK,21,Avalanche,Colorado,du Colorado,COL,3,24,Ducks,Anaheim,d'Anaheim,ANA,4,4,OT,3,OT,8468011.0,,,,,,,,,,,,,,,,,,,,ANA
2017021223,20172018,2,2018-04-02,False,2018-04-02T23:00:00Z,-04:00,-04:00,America/Toronto,OFF,OK,7,Sabres,Buffalo,de Buffalo,BUF,2,10,Maple Leafs,Toronto,de Toronto,TOR,5,3,REG,3,REG,8470147.0,,,,,,,,,,,,,,,,,,,,TOR
2017021225,20172018,2,2018-04-02,False,2018-04-02T23:30:00Z,-04:00,-04:00,US/Eastern,OFF,OK,12,Hurricanes,Carolina,de la Caroline,CAR,2,13,Panthers,Florida,de la Floride,FLA,3,3,REG,3,REG,8466141.0,,,,,,,,,,,,,,,,,,,,FLA
2017021224,20172018,2,2018-04-02,False,2018-04-02T23:30:00Z,-04:00,-04:00,US/Eastern,OFF,OK,52,Jets,Winnipeg,de Winnipeg,WPG,6,9,Senators,Ottawa,d'Ottawa,OTT,5,3,REG,3,REG,8476945.0,,,,Sénateurs,,,,,,,,,,,,,,,,WPG
2017021227,20172018,2,2018-04-02,False,2018-04-03T00:00:00Z,-04:00,-05:00,US/Central,OFF,OK,22,Oilers,Edmonton,d'Edmonton,EDM,0,30,Wild,Minnesota,du Minnesota,MIN,3,3,REG,3,REG,8471227.0,,,,,,,,,,,,,,,,,,,,MIN
2017021226,20172018,2,2018-04-02,False,2018-04-03T00:00:00Z,-04:00,-05:00,US/Central,OFF,OK,15,Capitals,Washington,de Washington,WSH,4,19,Blues,St. Louis,de St. Louis,STL,2,3,REG,3,REG,8474651.0,,,,,,,,,,,,,,,,,,,,WSH
2017021228,20172018,2,2018-04-02,False,2018-04-03T02:30:00Z,-04:00,-07:00,America/Los_Angeles,OFF,OK,21,Avalanche,Colorado,du Colorado,COL,1,26,Kings,Los Angeles,de Los Angeles,LAK,3,3,REG,3,REG,8471734.0,,,,,,,,,,,,,,,,,,,,LAK
2017021229,20172018,2,2018-04-03,False,2018-04-03T23:00:00Z,-04:00,-04:00,US/Eastern,OFF,OK,3,Rangers,New York,de New York,NYR,2,1,Devils,New Jersey,du New Jersey,NJD,5,3,REG,3,REG,8476234.0,,,,,,,,,,,,,,,,,,,,NJD
2017021231,20172018,2,2018-04-03,False,2018-04-03T23:00:00Z,-04:00,-04:00,US/Eastern,OFF,OK,17,Red Wings,Detroit,de Detroit,DET,4,29,Blue Jackets,Columbus,de Columbus,CBJ,5,4,OT,3,OT,8475683.0,,,,,,,,,,,,,,,,,,,,CBJ
2017021230,20172018,2,2018-04-03,False,2018-04-03T23:00:00Z,-04:00,-04:00,America/New_York,OFF,OK,4,Flyers,Philadelphia,de Philadelphie,PHI,4,2,Islanders,New York,de New York,NYI,5,3,REG,3,REG,8471306.0,,,,,,,,,,,,,,,,,,,,NYI
2017021234,20172018,2,2018-04-03,False,2018-04-03T23:30:00Z,-04:00,-04:00,US/Eastern,OFF,OK,18,Predators,Nashville,de Nashville,NSH,1,13,Panthers,Florida,de la Floride,FLA,2,3,REG,3,REG,8466141.0,,,,,,,,,,,,,,,,,,,,FLA
2017021233,20172018,2,2018-04-03,False,2018-04-03T23:30:00Z,-04:00,-04:00,US/Eastern,OFF,OK,6,Bruins,Boston,de Boston,BOS,0,14,Lightning,Tampa Bay,de Tampa Bay,TBL,4,3,REG,3,REG,8476883.0,,,,,,,,,,,,,,,,,,,,TBL
2017021232,20172018,2,2018-04-03,False,2018-04-03T23:30:00Z,-04:00,-04:00,America/Montreal,OFF,OK,52,Jets,Winnipeg,de Winnipeg,WPG,5,8,Canadiens,Montréal,de Montréal,MTL,4,4,OT,3,OT,8473461.0,,,,,,,,,,,,,,,,,,,,WPG
2017021235,20172018,2,2018-04-03,False,2018-04-04T01:00:00Z,-04:00,-06:00,America/Edmonton,OFF,OK,53,Coyotes,Arizona,de l'Arizona,ARI,4,20,Flames,Calgary,de Calgary,CGY,1,3,REG,3,REG,8477293.0,,,,,,,,,,,,,,,,,,,,ARI
2017021236,20172018,2,2018-04-03,False,2018-04-04T02:00:00Z,-04:00,-07:00,America/Vancouver,OFF,OK,54,Golden Knights,Vegas,de Vegas,VGK,5,23,Canucks,Vancouver,de Vancouver,VAN,4,5,SO,3,SO,8476876.0,,,,,,,,,,,,,,,,,,,,VGK
2017021237,20172018,2,2018-04-03,False,2018-04-04T02:30:00Z,-04:00,-07:00,US/Pacific,OFF,OK,25,Stars,Dallas,de Dallas,DAL,4,28,Sharks,San Jose,de San Jose,SJS,2,3,REG,3,REG,8470093.0,,,,,,,,,,,,,,,,,,,,DAL
2017021238,20172018,2,2018-04-04,False,2018-04-04T23:30:00Z,-04:00,-04:00,America/New_York,OFF,OK,9,Senators,Ottawa,d'Ottawa,OTT,4,7,Sabres,Buffalo,de Buffalo,BUF,2,3,REG,3,REG,8467950.0,,,Sénateurs,,,,,,,,,,,,,,,,,OTT
2017021239,20172018,2,2018-04-04,False,2018-04-05T00:00:00Z,-04:00,-05:00,US/Central,OFF,OK,16,Blackhawks,Chicago,de Chicago,CHI,4,19,Blues,St. Louis,de St. Louis,STL,3,3,REG,3,REG,8475234.0,,,,,,,,,,,,,,,,,,,,CHI
2017021240,20172018,2,2018-04-04,False,2018-04-05T02:00:00Z,-04:00,-07:00,America/Los_Angeles,OFF,OK,30,Wild,Minnesota,du Minnesota,MIN,1,24,Ducks,Anaheim,d'Anaheim,ANA,3,3,REG,3,REG,8468011.0,,,,,,,,,,,,,,,,,,,,ANA
2017021241,20172018,2,2018-04-05,False,2018-04-05T23:00:00Z,-04:00,-04:00,US/Eastern,OFF,OK,10,Maple Leafs,Toronto,de Toronto,TOR,1,1,Devils,New Jersey,du New Jersey,NJD,2,3,REG,3,REG,8476234.0,,,,,,,,,,,,,,,,,,,,NJD
2017021243,20172018,2,2018-04-05,False,2018-04-05T23:00:00Z,-04:00,-04:00,US/Eastern,OFF,OK,12,Hurricanes,Carolina,de la Caroline,CAR,3,4,Flyers,Philadelphia,de Philadelphie,PHI,4,3,REG,3,REG,8470880.0,,,,,,,,,,,,,,,,,,,,PHI
2017021245,20172018,2,2018-04-05,False,2018-04-05T23:00:00Z,-04:00,-04:00,US/Eastern,OFF,OK,5,Penguins,Pittsburgh,de Pittsburgh,PIT,5,29,Blue Jackets,Columbus,de Columbus,CBJ,4,4,OT,3,OT,8476899.0,,,,,,,,,,,,,,,,,,,,PIT
2017021244,20172018,2,2018-04-05,False,2018-04-05T23:00:00Z,-04:00,-04:00,US/Eastern,OFF,OK,18,Predators,Nashville,de Nashville,NSH,4,15,Capitals,Washington,de Washington,WSH,3,3,REG,3,REG,8477424.0,,,,,,,,,,,,,,,,,,,,NSH
2017021242,20172018,2,2018-04-05,False,2018-04-05T23:00:00Z,-04:00,-04:00,America/New_York,OFF,OK,3,Rangers,New York,de New York,NYR,1,2,Islanders,New York,de New York,NYI,2,3,REG,3,REG,8470860.0,,,,,,,,,,,,,,,,,,,,NYI
2017021246,20172018,2,2018-04-05,False,2018-04-05T23:30:00Z,-04:00,-04:00,America/Detroit,OFF,OK,8,Canadiens,Montréal,de Montréal,MTL,4,17,Red Wings,Detroit,de Detroit,DET,3,3,REG,3,REG,8474550.0,,,,,,,,,,,,,,,,,,,,MTL
2017021247,20172018,2,2018-04-05,False,2018-04-05T23:30:00Z,-04:00,-04:00,US/Eastern,OFF,OK,6,Bruins,Boston,de Boston,BOS,2,13,Panthers,Florida,de la Floride,FLA,3,3,REG,3,REG,8466141.0,,,,,,,,,,,,,,,,,,,,FLA
2017021248,20172018,2,2018-04-05,False,2018-04-06T00:00:00Z,-04:00,-05:00,America/Winnipeg,OFF,OK,20,Flames,Calgary,de Calgary,CGY,1,52,Jets,Winnipeg,de Winnipeg,WPG,2,3,REG,3,REG,8476945.0,,,,,,,,,,,,,,,,,,,,WPG
2017021249,20172018,2,2018-04-05,False,2018-04-06T01:00:00Z,-04:00,-06:00,America/Edmonton,OFF,OK,54,Golden Knights,Vegas,de Vegas,VGK,3,22,Oilers,Edmonton,d'Edmonton,EDM,4,3,REG,3,REG,8475660.0,,,,,,,,,,,,,,,,,,,,EDM
2017021250,20172018,2,2018-04-05,False,2018-04-06T02:00:00Z,-04:00,-07:00,America/Vancouver,OFF,OK,53,Coyotes,Arizona,de l'Arizona,ARI,3,23,Canucks,Vancouver,de Vancouver,VAN,4,4,OT,3,OT,8474593.0,,Markström,,,,,,,,,,,,,,,,,,VAN
2017021251,20172018,2,2018-04-05,False,2018-04-06T02:30:00Z,-04:00,-07:00,America/Los_Angeles,OFF,OK,30,Wild,Minnesota,du Minnesota,MIN,4,26,Kings,Los Angeles,de Los Angeles,LAK,5,4,OT,3,OT,8471734.0,,,,,,,,,,,,,,,,,,,,LAK
2017021252,20172018,2,2018-04-05,False,2018-04-06T02:30:00Z,-04:00,-07:00,US/Pacific,OFF,OK,21,Avalanche,Colorado,du Colorado,COL,2,28,Sharks,San Jose,de San Jose,SJS,4,3,REG,3,REG,8474889.0,,,,,,,,,,,,,,,,,,,,SJS
2017021254,20172018,2,2018-04-06,False,2018-04-06T23:30:00Z,-04:00,-04:00,US/Eastern,OFF,OK,7,Sabres,Buffalo,de Buffalo,BUF,5,14,Lightning,Tampa Bay,de Tampa Bay,TBL,7,3,REG,3,REG,8476883.0,,,,,,,,,,,,,,,,,,,,TBL
2017021253,20172018,2,2018-04-06,False,2018-04-06T23:30:00Z,-04:00,-04:00,US/Eastern,OFF,OK,9,Senators,Ottawa,d'Ottawa,OTT,0,5,Penguins,Pittsburgh,de Pittsburgh,PIT,4,3,REG,3,REG,8479193.0,,,Sénateurs,,,,,,,,,,,,,,,,,PIT
2017021255,20172018,2,2018-04-06,False,2018-04-07T00:30:00Z,-04:00,-05:00,America/Chicago,OFF,OK,19,Blues,St. Louis,de St. Louis,STL,4,16,Blackhawks,Chicago,de Chicago,CHI,1,3,REG,3,REG,8475622.0,,,,,,,,,,,,,,,,,,,,STL
2017021256,20172018,2,2018-04-06,False,2018-04-07T02:00:00Z,-04:00,-07:00,America/Los_Angeles,OFF,OK,25,Stars,Dallas,de Dallas,DAL,3,24,Ducks,Anaheim,d'Anaheim,ANA,5,3,REG,3,REG,8468011.0,,,,,,,,,,,,,,,,,,,,ANA
2017021257,20172018,2,2018-04-07,False,2018-04-07T19:00:00Z,-04:00,-04:00,US/Eastern,OFF,OK,3,Rangers,New York,de New York,NYR,0,4,Flyers,Philadelphia,de Philadelphie,PHI,5,3,REG,3,REG,8470880.0,,,,,,,,,,,,,,,,,,,,PHI
2017021262,20172018,2,2018-04-07,False,2018-04-07T23:00:00Z,-04:00,-04:00,US/Eastern,OFF,OK,1,Devils,New Jersey,du New Jersey,NJD,3,15,Capitals,Washington,de Washington,WSH,5,3,REG,3,REG,8474651.0,,,,,,,,,,,,,,,,,,,,WSH
2017021263,20172018,2,2018-04-07,False,2018-04-07T23:00:00Z,-04:00,-04:00,US/Eastern,OFF,OK,14,Lightning,Tampa Bay,de Tampa Bay,TBL,2,12,Hurricanes,Carolina,de la Caroline,CAR,3,4,OT,3,OT,8470320.0,,,,,,,,,,,,,,,,,,,,CAR
2017021264,20172018,2,2018-04-07,False,2018-04-07T23:00:00Z,-04:00,-05:00,America/Winnipeg,OFF,OK,16,Blackhawks,Chicago,de Chicago,CHI,1,52,Jets,Winnipeg,de Winnipeg,WPG,4,3,REG,3,REG,8476945.0,,,,,,,,,,,,,,,,,,,,WPG
2017021260,20172018,2,2018-04-07,False,2018-04-07T23:00:00Z,-04:00,-04:00,America/Detroit,OFF,OK,2,Islanders,New York,de New York,NYI,4,17,Red Wings,Detroit,de Detroit,DET,3,4,OT,3,OT,8471306.0,,,,,,,,,,,,,,,,,,,,NYI
2017021261,20172018,2,2018-04-07,False,2018-04-07T23:00:00Z,-04:00,-04:00,US/Eastern,OFF,OK,7,Sabres,Buffalo,de Buffalo,BUF,3,13,Panthers,Florida,de la Floride,FLA,4,3,REG,3,REG,8473503.0,,,,,,,,,,,,,,,,,,,,FLA
2017021259,20172018,2,2018-04-07,False,2018-04-07T23:00:00Z,-04:00,-04:00,America/Toronto,OFF,OK,8,Canadiens,Montréal,de Montréal,MTL,2,10,Maple Leafs,Toronto,de Toronto,TOR,4,3,REG,3,REG,8475883.0,,,,,,,,,,,,,,,,,,,,TOR
2017021258,20172018,2,2018-04-07,False,2018-04-07T23:00:00Z,-04:00,-04:00,US/Eastern,OFF,OK,9,Senators,Ottawa,d'Ottawa,OTT,2,6,Bruins,Boston,de Boston,BOS,5,3,REG,3,REG,8471418.0,,,Sénateurs,,,,,,,,,,,,,,,,,BOS
2017021265,20172018,2,2018-04-07,False,2018-04-08T00:00:00Z,-04:00,-05:00,US/Central,OFF,OK,29,Blue Jackets,Columbus,de Columbus,CBJ,2,18,Predators,Nashville,de Nashville,NSH,4,3,REG,3,REG,8471469.0,,,,,,,,,,,,,,,,,,,,NSH
2017021266,20172018,2,2018-04-07,False,2018-04-08T01:00:00Z,-04:00,-06:00,America/Denver,OFF,OK,19,Blues,St. Louis,de St. Louis,STL,2,21,Avalanche,Colorado,du Colorado,COL,5,3,REG,3,REG,8473541.0,,,,,,,,,,,,,,,,,,,,COL
2017021267,20172018,2,2018-04-07,False,2018-04-08T01:00:00Z,-04:00,-07:00,America/Phoenix,OFF,OK,24,Ducks,Anaheim,d'Anaheim,ANA,3,53,Coyotes,Arizona,de l'Arizona,ARI,0,3,REG,3,REG,8468011.0,,,,,,,,,,,,,,,,,,,,ANA
2017021269,20172018,2,2018-04-07,False,2018-04-08T02:00:00Z,-04:00,-06:00,America/Edmonton,OFF,OK,23,Canucks,Vancouver,de Vancouver,VAN,2,22,Oilers,Edmonton,d'Edmonton,EDM,3,5,SO,3,SO,8475660.0,,,,,,,,,,,,,,,,,,,,EDM
2017021268,20172018,2,2018-04-07,False,2018-04-08T02:00:00Z,-04:00,-06:00,America/Edmonton,OFF,OK,54,Golden Knights,Vegas,de Vegas,VGK,1,20,Flames,Calgary,de Calgary,CGY,7,3,REG,3,REG,8476903.0,,,,,,,,,,,,,,,,,,,,CGY
2017021271,20172018,2,2018-04-07,False,2018-04-08T02:30:00Z,-04:00,-07:00,US/Pacific,OFF,OK,30,Wild,Minnesota,du Minnesota,MIN,6,28,Sharks,San Jose,de San Jose,SJS,3,3,REG,3,REG,8471227.0,,,,,,,,,,,,,,,,,,,,MIN
2017021270,20172018,2,2018-04-07,False,2018-04-08T02:30:00Z,-04:00,-07:00,America/Los_Angeles,OFF,OK,25,Stars,Dallas,de Dallas,DAL,4,26,Kings,Los Angeles,de Los Angeles,LAK,2,3,REG,3,REG,8470140.0,,,,,,,,,,,,,,,,,,,,DAL
2017020616,20172018,2,2018-04-08,False,2018-04-08T23:30:00Z,-04:00,-04:00,US/Eastern,OFF,OK,13,Panthers,Florida,de la Floride,FLA,4,6,Bruins,Boston,de Boston,BOS,2,3,REG,3,REG,8473503.0,,,,,,,,,,,,,,,,,,,,FLA
2017030161,20172018,3,2018-04-11,False,2018-04-11T23:00:00Z,-04:00,-05:00,America/Winnipeg,OFF,OK,30,Wild,Minnesota,du Minnesota,MIN,2,52,Jets,Winnipeg,de Winnipeg,WPG,3,3,REG,3,REG,8476945.0,,,,,/schedule/playoff-series/2018/series-f/jets-vs-wild,1.0,R1,1st Round,F,4.0,1.0,0.0,1.0,,,,,,,WPG
2017030141,20172018,3,2018-04-11,False,2018-04-11T23:00:00Z,-04:00,-04:00,US/Eastern,OFF,OK,4,Flyers,Philadelphia,de Philadelphie,PHI,0,5,Penguins,Pittsburgh,de Pittsburgh,PIT,7,3,REG,3,REG,8476899.0,,,,,/schedule/playoff-series/2018/series-d/penguins-vs-flyers,1.0,R1,1st Round,D,4.0,1.0,0.0,1.0,,,,,,,PIT
2017030171,20172018,3,2018-04-11,False,2018-04-12T02:00:00Z,-04:00,-07:00,US/Pacific,OFF,OK,26,Kings,Los Angeles,de Los Angeles,LAK,0,54,Golden Knights,Vegas,de Vegas,VGK,1,3,REG,3,REG,8470594.0,,,,,/schedule/playoff-series/2018/series-g/goldenknights-vs-kings,1.0,R1,1st Round,G,4.0,1.0,0.0,1.0,,,,,,,VGK
2017030111,20172018,3,2018-04-12,False,2018-04-12T23:00:00Z,-04:00,-04:00,US/Eastern,OFF,OK,1,Devils,New Jersey,du New Jersey,NJD,2,14,Lightning,Tampa Bay,de Tampa Bay,TBL,5,3,REG,3,REG,8476883.0,,,,,/schedule/playoff-series/2018/series-a/lightning-vs-devils,1.0,R1,1st Round,A,4.0,1.0,0.0,1.0,,,,,,,TBL
2017030121,20172018,3,2018-04-12,False,2018-04-12T23:00:00Z,-04:00,-04:00,US/Eastern,OFF,OK,10,Maple Leafs,Toronto,de Toronto,TOR,1,6,Bruins,Boston,de Boston,BOS,5,3,REG,3,REG,8471695.0,,,,,/schedule/playoff-series/2018/series-b/bruins-vs-mapleleafs,1.0,R1,1st Round,B,4.0,1.0,0.0,1.0,,,,,,,BOS
2017030131,20172018,3,2018-04-12,False,2018-04-12T23:30:00Z,-04:00,-04:00,US/Eastern,OFF,OK,29,Blue Jackets,Columbus,de Columbus,CBJ,4,15,Capitals,Washington,de Washington,WSH,3,4,OT,3,OT,8475683.0,,,,,/schedule/playoff-series/2018/series-c/capitals-vs-bluejackets,1.0,R1,1st Round,C,4.0,0.0,1.0,1.0,,,,,,,CBJ
2017030151,20172018,3,2018-04-12,False,2018-04-13T01:30:00Z,-04:00,-05:00,US/Central,OFF,OK,21,Avalanche,Colorado,du Colorado,COL,2,18,Predators,Nashville,de Nashville,NSH,5,3,REG,3,REG,8471469.0,,,,,/schedule/playoff-series/2018/series-e/predators-vs-avalanche,1.0,R1,1st Round,E,4.0,1.0,0.0,1.0,,,,,,,NSH
2017030181,20172018,3,2018-04-12,False,2018-04-13T02:30:00Z,-04:00,-07:00,America/Los_Angeles,OFF,OK,28,Sharks,San Jose,de San Jose,SJS,3,24,Ducks,Anaheim,d'Anaheim,ANA,0,3,REG,3,REG,8474889.0,,,,,/schedule/playoff-series/2018/series-h/ducks-vs-sharks,1.0,R1,1st Round,H,4.0,0.0,1.0,1.0,,,,,,,SJS
2017030142,20172018,3,2018-04-13,False,2018-04-13T23:00:00Z,-04:00,-04:00,US/Eastern,OFF,OK,4,Flyers,Philadelphia,de Philadelphie,PHI,5,5,Penguins,Pittsburgh,de Pittsburgh,PIT,1,3,REG,3,REG,8470880.0,,,,,/schedule/playoff-series/2018/series-d/penguins-vs-flyers,1.0,R1,1st Round,D,4.0,1.0,1.0,2.0,,,,,,,PHI
2017030162,20172018,3,2018-04-13,False,2018-04-13T23:30:00Z,-04:00,-05:00,America/Winnipeg,OFF,OK,30,Wild,Minnesota,du Minnesota,MIN,1,52,Jets,Winnipeg,de Winnipeg,WPG,4,3,REG,3,REG,8476945.0,,,,,/schedule/playoff-series/2018/series-f/jets-vs-wild,1.0,R1,1st Round,F,4.0,2.0,0.0,2.0,,,,,,,WPG
2017030172,20172018,3,2018-04-13,False,2018-04-14T02:00:00Z,-04:00,-07:00,US/Pacific,OFF,OK,26,Kings,Los Angeles,de Los Angeles,LAK,1,54,Golden Knights,Vegas,de Vegas,VGK,2,5,OT,3,OT,8470594.0,,,,,/schedule/playoff-series/2018/series-g/goldenknights-vs-kings,1.0,R1,1st Round,G,4.0,2.0,0.0,2.0,,,,2.0,,,VGK
2017030112,20172018,3,2018-04-14,False,2018-04-14T19:00:00Z,-04:00,-04:00,US/Eastern,OFF,OK,1,Devils,New Jersey,du New Jersey,NJD,3,14,Lightning,Tampa Bay,de Tampa Bay,TBL,5,3,REG,3,REG,8476883.0,,,,,/schedule/playoff-series/2018/series-a/lightning-vs-devils,1.0,R1,1st Round,A,4.0,2.0,0.0,2.0,,,,,,,TBL
2017030152,20172018,3,2018-04-14,False,2018-04-14T19:00:00Z,-04:00,-05:00,US/Central,OFF,OK,21,Avalanche,Colorado,du Colorado,COL,4,18,Predators,Nashville,de Nashville,NSH,5,3,REG,3,REG,8471469.0,,,,,/schedule/playoff-series/2018/series-e/predators-vs-avalanche,1.0,R1,1st Round,E,4.0,2.0,0.0,2.0,,,,,,,NSH
2017030122,20172018,3,2018-04-14,False,2018-04-15T00:00:00Z,-04:00,-04:00,US/Eastern,OFF,OK,10,Maple Leafs,Toronto,de Toronto,TOR,3,6,Bruins,Boston,de Boston,BOS,7,3,REG,3,REG,8471695.0,,,,,/schedule/playoff-series/2018/series-b/bruins-vs-mapleleafs,1.0,R1,1st Round,B,4.0,2.0,0.0,2.0,,,,,,,BOS
2017030182,20172018,3,2018-04-14,False,2018-04-15T02:30:00Z,-04:00,-07:00,America/Los_Angeles,OFF,OK,28,Sharks,San Jose,de San Jose,SJS,3,24,Ducks,Anaheim,d'Anaheim,ANA,2,3,REG,3,REG,8474889.0,,,,,/schedule/playoff-series/2018/series-h/ducks-vs-sharks,1.0,R1,1st Round,H,4.0,0.0,2.0,2.0,,,,,,,SJS
2017030143,20172018,3,2018-04-15,False,2018-04-15T19:00:00Z,-04:00,-04:00,US/Eastern,OFF,OK,5,Penguins,Pittsburgh,de Pittsburgh,PIT,5,4,Flyers,Philadelphia,de Philadelphie,PHI,1,3,REG,3,REG,8476899.0,,,,,/schedule/playoff-series/2018/series-d/flyers-vs-penguins,1.0,R1,1st Round,D,4.0,2.0,1.0,3.0,,,,,,,PIT
2017030163,20172018,3,2018-04-15,False,2018-04-15T23:00:00Z,-04:00,-05:00,US/Central,OFF,OK,52,Jets,Winnipeg,de Winnipeg,WPG,2,30,Wild,Minnesota,du Minnesota,MIN,6,3,REG,3,REG,8471227.0,,,,,/schedule/playoff-series/2018/series-f/wild-vs-jets,1.0,R1,1st Round,F,4.0,2.0,1.0,3.0,,,,,,,MIN
2017030132,20172018,3,2018-04-15,False,2018-04-15T23:30:00Z,-04:00,-04:00,US/Eastern,OFF,OK,29,Blue Jackets,Columbus,de Columbus,CBJ,5,15,Capitals,Washington,de Washington,WSH,4,4,OT,3,OT,8475683.0,,,,,/schedule/playoff-series/2018/series-c/capitals-vs-bluejackets,1.0,R1,1st Round,C,4.0,0.0,2.0,2.0,,,,,,,CBJ
2017030173,20172018,3,2018-04-15,False,2018-04-16T02:30:00Z,-04:00,-07:00,America/Los_Angeles,OFF,OK,54,Golden Knights,Vegas,de Vegas,VGK,3,26,Kings,Los Angeles,de Los Angeles,LAK,2,3,REG,3,REG,8470594.0,,,,,/schedule/playoff-series/2018/series-g/kings-vs-goldenknights,1.0,R1,1st Round,G,4.0,3.0,0.0,3.0,,,,,,,VGK
2017030123,20172018,3,2018-04-16,False,2018-04-16T23:00:00Z,-04:00,-04:00,America/Toronto,OFF,OK,6,Bruins,Boston,de Boston,BOS,2,10,Maple Leafs,Toronto,de Toronto,TOR,4,3,REG,3,REG,8475883.0,,,,,/schedule/playoff-series/2018/series-b/mapleleafs-vs-bruins,1.0,R1,1st Round,B,4.0,2.0,1.0,3.0,,,,,,,TOR
2017030113,20172018,3,2018-04-16,False,2018-04-16T23:30:00Z,-04:00,-04:00,US/Eastern,OFF,OK,14,Lightning,Tampa Bay,de Tampa Bay,TBL,2,1,Devils,New Jersey,du New Jersey,NJD,5,3,REG,3,REG,8471239.0,,,,,/schedule/playoff-series/2018/series-a/devils-vs-lightning,1.0,R1,1st Round,A,4.0,2.0,1.0,3.0,,,,,,,NJD
2017030153,20172018,3,2018-04-16,False,2018-04-17T02:00:00Z,-04:00,-06:00,America/Denver,OFF,OK,18,Predators,Nashville,de Nashville,NSH,3,21,Avalanche,Colorado,du Colorado,COL,5,3,REG,3,REG,8473541.0,,,,,/schedule/playoff-series/2018/series-e/avalanche-vs-predators,1.0,R1,1st Round,E,4.0,2.0,1.0,3.0,,,,,,,COL
2017030183,20172018,3,2018-04-16,False,2018-04-17T02:30:00Z,-04:00,-07:00,US/Pacific,OFF,OK,24,Ducks,Anaheim,d'Anaheim,ANA,1,28,Sharks,San Jose,de San Jose,SJS,8,3,REG,3,REG,8474889.0,,,,,/schedule/playoff-series/2018/series-h/sharks-vs-ducks,1.0,R1,1st Round,H,4.0,0.0,3.0,3.0,,,,,,,SJS
2017030133,20172018,3,2018-04-17,False,2018-04-17T23:30:00Z,-04:00,-04:00,US/Eastern,OFF,OK,15,Capitals,Washington,de Washington,WSH,3,29,Blue Jackets,Columbus,de Columbus,CBJ,2,5,OT,3,OT,8474651.0,,,,,/schedule/playoff-series/2018/series-c/bluejackets-vs-capitals,1.0,R1,1st Round,C,4.0,1.0,2.0,3.0,,,,2.0,,,WSH
2017030164,20172018,3,2018-04-17,False,2018-04-18T00:00:00Z,-04:00,-05:00,US/Central,OFF,OK,52,Jets,Winnipeg,de Winnipeg,WPG,2,30,Wild,Minnesota,du Minnesota,MIN,0,3,REG,3,REG,8476945.0,,,,,/schedule/playoff-series/2018/series-f/wild-vs-jets,1.0,R1,1st Round,F,4.0,3.0,1.0,4.0,,,,,,,WPG
2017030174,20172018,3,2018-04-17,False,2018-04-18T02:30:00Z,-04:00,-07:00,America/Los_Angeles,OFF,OK,54,Golden Knights,Vegas,de Vegas,VGK,1,26,Kings,Los Angeles,de Los Angeles,LAK,0,3,REG,3,REG,8470594.0,,,,,/schedule/playoff-series/2018/series-g/kings-vs-goldenknights,1.0,R1,1st Round,G,4.0,4.0,0.0,4.0,,,,,,,VGK
2017030144,20172018,3,2018-04-18,False,2018-04-18T23:00:00Z,-04:00,-04:00,US/Eastern,OFF,OK,5,Penguins,Pittsburgh,de Pittsburgh,PIT,5,4,Flyers,Philadelphia,de Philadelphie,PHI,0,3,REG,3,REG,8476899.0,,,,,/schedule/playoff-series/2018/series-d/flyers-vs-penguins,1.0,R1,1st Round,D,4.0,3.0,1.0,4.0,,,,,,,PIT
2017030114,20172018,3,2018-04-18,False,2018-04-18T23:30:00Z,-04:00,-04:00,US/Eastern,OFF,OK,14,Lightning,Tampa Bay,de Tampa Bay,TBL,3,1,Devils,New Jersey,du New Jersey,NJD,1,3,REG,3,REG,8476883.0,,,,,/schedule/playoff-series/2018/series-a/devils-vs-lightning,1.0,R1,1st Round,A,4.0,3.0,1.0,4.0,,,,,,,TBL
2017030154,20172018,3,2018-04-18,False,2018-04-19T02:00:00Z,-04:00,-06:00,America/Denver,OFF,OK,18,Predators,Nashville,de Nashville,NSH,3,21,Avalanche,Colorado,du Colorado,COL,2,3,REG,3,REG,8471469.0,,,,,/schedule/playoff-series/2018/series-e/avalanche-vs-predators,1.0,R1,1st Round,E,4.0,3.0,1.0,4.0,,,,,,,NSH
2017030184,20172018,3,2018-04-18,False,2018-04-19T02:30:00Z,-04:00,-07:00,US/Pacific,OFF,OK,24,Ducks,Anaheim,d'Anaheim,ANA,1,28,Sharks,San Jose,de San Jose,SJS,2,3,REG,3,REG,8474889.0,,,,,/schedule/playoff-series/2018/series-h/sharks-vs-ducks,1.0,R1,1st Round,H,4.0,0.0,4.0,4.0,,,,,,,SJS
2017030124,20172018,3,2018-04-19,False,2018-04-19T23:00:00Z,-04:00,-04:00,America/Toronto,OFF,OK,6,Bruins,Boston,de Boston,BOS,3,10,Maple Leafs,Toronto,de Toronto,TOR,1,3,REG,3,REG,8471695.0,,,,,/schedule/playoff-series/2018/series-b/mapleleafs-vs-bruins,1.0,R1,1st Round,B,4.0,3.0,1.0,4.0,,,,,,,BOS
2017030134,20172018,3,2018-04-19,False,2018-04-19T23:30:00Z,-04:00,-04:00,US/Eastern,OFF,OK,15,Capitals,Washington,de Washington,WSH,4,29,Blue Jackets,Columbus,de Columbus,CBJ,1,3,REG,3,REG,8474651.0,,,,,/schedule/playoff-series/2018/series-c/bluejackets-vs-capitals,1.0,R1,1st Round,C,4.0,2.0,2.0,4.0,,,,,,,WSH
2017030145,20172018,3,2018-04-20,False,2018-04-20T23:00:00Z,-04:00,-04:00,US/Eastern,OFF,OK,4,Flyers,Philadelphia,de Philadelphie,PHI,4,5,Penguins,Pittsburgh,de Pittsburgh,PIT,2,3,REG,3,REG,8473607.0,,,,,/schedule/playoff-series/2018/series-d/penguins-vs-flyers,1.0,R1,1st Round,D,4.0,3.0,2.0,5.0,,,,,,,PHI
2017030165,20172018,3,2018-04-20,False,2018-04-20T23:30:00Z,-04:00,-05:00,America/Winnipeg,OFF,OK,30,Wild,Minnesota,du Minnesota,MIN,0,52,Jets,Winnipeg,de Winnipeg,WPG,5,3,REG,3,REG,8476945.0,,,,,/schedule/playoff-series/2018/series-f/jets-vs-wild,1.0,R1,1st Round,F,4.0,4.0,1.0,5.0,,,,,,,WPG
2017030155,20172018,3,2018-04-20,False,2018-04-21T01:30:00Z,-04:00,-05:00,US/Central,OFF,OK,21,Avalanche,Colorado,du Colorado,COL,2,18,Predators,Nashville,de Nashville,NSH,1,3,REG,3,REG,8477202.0,,,,,/schedule/playoff-series/2018/series-e/predators-vs-avalanche,1.0,R1,1st Round,E,4.0,3.0,2.0,5.0,,,,,,,COL
2017030135,20172018,3,2018-04-21,False,2018-04-21T19:00:00Z,-04:00,-04:00,US/Eastern,OFF,OK,29,Blue Jackets,Columbus,de Columbus,CBJ,3,15,Capitals,Washington,de Washington,WSH,4,4,OT,3,OT,8474651.0,,,,,/schedule/playoff-series/2018/series-c/capitals-vs-bluejackets,1.0,R1,1st Round,C,4.0,3.0,2.0,5.0,,,,,,,WSH
2017030115,20172018,3,2018-04-21,False,2018-04-21T19:00:00Z,-04:00,-04:00,US/Eastern,OFF,OK,1,Devils,New Jersey,du New Jersey,NJD,1,14,Lightning,Tampa Bay,de Tampa Bay,TBL,3,3,REG,3,REG,8476883.0,,,,,/schedule/playoff-series/2018/series-a/lightning-vs-devils,1.0,R1,1st Round,A,4.0,4.0,1.0,5.0,,,,,,,TBL
2017030125,20172018,3,2018-04-21,False,2018-04-22T00:00:00Z,-04:00,-04:00,US/Eastern,OFF,OK,10,Maple Leafs,Toronto,de Toronto,TOR,4,6,Bruins,Boston,de Boston,BOS,3,3,REG,3,REG,8475883.0,,,,,/schedule/playoff-series/2018/series-b/bruins-vs-mapleleafs,1.0,R1,1st Round,B,4.0,3.0,2.0,5.0,,,,,,,TOR
2017030146,20172018,3,2018-04-22,False,2018-04-22T19:00:00Z,-04:00,-04:00,US/Eastern,OFF,OK,5,Penguins,Pittsburgh,de Pittsburgh,PIT,8,4,Flyers,Philadelphia,de Philadelphie,PHI,5,3,REG,3,REG,8476899.0,,,,,/schedule/playoff-series/2018/series-d/flyers-vs-penguins,1.0,R1,1st Round,D,4.0,4.0,2.0,6.0,,,,,,,PIT
2017030156,20172018,3,2018-04-22,False,2018-04-22T23:00:00Z,-04:00,-06:00,America/Denver,OFF,OK,18,Predators,Nashville,de Nashville,NSH,5,21,Avalanche,Colorado,du Colorado,COL,0,3,REG,3,REG,8471469.0,,,,,/schedule/playoff-series/2018/series-e/avalanche-vs-predators,1.0,R1,1st Round,E,4.0,4.0,2.0,6.0,,,,,,,NSH
2017030126,20172018,3,2018-04-23,False,2018-04-23T23:00:00Z,-04:00,-04:00,America/Toronto,OFF,OK,6,Bruins,Boston,de Boston,BOS,1,10,Maple Leafs,Toronto,de Toronto,TOR,3,3,REG,3,REG,8475883.0,,,,,/schedule/playoff-series/2018/series-b/mapleleafs-vs-bruins,1.0,R1,1st Round,B,4.0,3.0,3.0,6.0,,,,,,,TOR
2017030136,20172018,3,2018-04-23,False,2018-04-23T23:30:00Z,-04:00,-04:00,US/Eastern,OFF,OK,15,Capitals,Washington,de Washington,WSH,6,29,Blue Jackets,Columbus,de Columbus,CBJ,3,3,REG,3,REG,8474651.0,,,,,/schedule/playoff-series/2018/series-c/bluejackets-vs-capitals,1.0,R1,1st Round,C,4.0,4.0,2.0,6.0,,,,,,,WSH
2017030127,20172018,3,2018-04-25,False,2018-04-25T23:30:00Z,-04:00,-04:00,US/Eastern,OFF,OK,10,Maple Leafs,Toronto,de Toronto,TOR,4,6,Bruins,Boston,de Boston,BOS,7,3,REG,3,REG,8471695.0,,,,,/schedule/playoff-series/2018/series-b/bruins-vs-mapleleafs,1.0,R1,1st Round,B,4.0,4.0,3.0,7.0,,,,,,,BOS
2017030221,20172018,3,2018-04-26,False,2018-04-26T23:00:00Z,-04:00,-04:00,US/Eastern,OFF,OK,5,Penguins,Pittsburgh,de Pittsburgh,PIT,3,15,Capitals,Washington,de Washington,WSH,2,3,REG,3,REG,8476899.0,,,,,/schedule/playoff-series/2018/series-j/capitals-vs-penguins,2.0,R2,2nd Round,J,4.0,0.0,1.0,1.0,,,,,,,PIT
2017030241,20172018,3,2018-04-26,False,2018-04-27T02:00:00Z,-04:00,-07:00,US/Pacific,OFF,OK,28,Sharks,San Jose,de San Jose,SJS,0,54,Golden Knights,Vegas,de Vegas,VGK,7,3,REG,3,REG,8470594.0,,,,,/schedule/playoff-series/2018/series-l/goldenknights-vs-sharks,2.0,R2,2nd Round,L,4.0,1.0,0.0,1.0,,,,,,,VGK
2017030231,20172018,3,2018-04-27,False,2018-04-28T00:00:00Z,-04:00,-05:00,US/Central,OFF,OK,52,Jets,Winnipeg,de Winnipeg,WPG,4,18,Predators,Nashville,de Nashville,NSH,1,3,REG,3,REG,8476945.0,,,,,/schedule/playoff-series/2018/series-k/predators-vs-jets,2.0,R2,2nd Round,K,4.0,0.0,1.0,1.0,,,,,,,WPG
2017030211,20172018,3,2018-04-28,False,2018-04-28T19:00:00Z,-04:00,-04:00,US/Eastern,OFF,OK,6,Bruins,Boston,de Boston,BOS,6,14,Lightning,Tampa Bay,de Tampa Bay,TBL,2,3,REG,3,REG,8471695.0,,,,,/schedule/playoff-series/2018/series-i/lightning-vs-bruins,2.0,R2,2nd Round,I,4.0,0.0,1.0,1.0,,,,,,,BOS
2017030242,20172018,3,2018-04-28,False,2018-04-29T00:00:00Z,-04:00,-07:00,US/Pacific,OFF,OK,28,Sharks,San Jose,de San Jose,SJS,4,54,Golden Knights,Vegas,de Vegas,VGK,3,5,OT,3,OT,8474889.0,,,,,/schedule/playoff-series/2018/series-l/goldenknights-vs-sharks,2.0,R2,2nd Round,L,4.0,1.0,1.0,2.0,,,,2.0,,,SJS
2017030222,20172018,3,2018-04-29,False,2018-04-29T19:00:00Z,-04:00,-04:00,US/Eastern,OFF,OK,5,Penguins,Pittsburgh,de Pittsburgh,PIT,1,15,Capitals,Washington,de Washington,WSH,4,3,REG,3,REG,8474651.0,,,,,/schedule/playoff-series/2018/series-j/capitals-vs-penguins,2.0,R2,2nd Round,J,4.0,1.0,1.0,2.0,,,,,,,WSH
2017030232,20172018,3,2018-04-29,False,2018-04-29T23:00:00Z,-04:00,-05:00,US/Central,OFF,OK,52,Jets,Winnipeg,de Winnipeg,WPG,4,18,Predators,Nashville,de Nashville,NSH,5,5,OT,3,OT,8471469.0,,,,,/schedule/playoff-series/2018/series-k/predators-vs-jets,2.0,R2,2nd Round,K,4.0,1.0,1.0,2.0,,,,2.0,,,NSH
2017030212,20172018,3,2018-04-30,False,2018-04-30T23:00:00Z,-04:00,-04:00,US/Eastern,OFF,OK,6,Bruins,Boston,de Boston,BOS,2,14,Lightning,Tampa Bay,de Tampa Bay,TBL,4,3,REG,3,REG,8476883.0,,,,,/schedule/playoff-series/2018/series-i/lightning-vs-bruins,2.0,R2,2nd Round,I,4.0,1.0,1.0,2.0,,,,,,,TBL
2017030243,20172018,3,2018-04-30,False,2018-05-01T02:00:00Z,-04:00,-07:00,US/Pacific,OFF,OK,54,Golden Knights,Vegas,de Vegas,VGK,4,28,Sharks,San Jose,de San Jose,SJS,3,4,OT,3,OT,8470594.0,,,,,/schedule/playoff-series/2018/series-l/sharks-vs-goldenknights,2.0,R2,2nd Round,L,4.0,2.0,1.0,3.0,,,,,,,VGK
2017030223,20172018,3,2018-05-01,False,2018-05-01T23:30:00Z,-04:00,-04:00,US/Eastern,OFF,OK,15,Capitals,Washington,de Washington,WSH,4,5,Penguins,Pittsburgh,de Pittsburgh,PIT,3,3,REG,3,REG,8474651.0,,,,,/schedule/playoff-series/2018/series-j/penguins-vs-capitals,2.0,R2,2nd Round,J,4.0,2.0,1.0,3.0,,,,,,,WSH
2017030233,20172018,3,2018-05-01,False,2018-05-02T00:00:00Z,-04:00,-05:00,America/Winnipeg,OFF,OK,18,Predators,Nashville,de Nashville,NSH,4,52,Jets,Winnipeg,de Winnipeg,WPG,7,3,REG,3,REG,8476945.0,,,,,/schedule/playoff-series/2018/series-k/jets-vs-predators,2.0,R2,2nd Round,K,4.0,1.0,2.0,3.0,,,,,,,WPG
2017030213,20172018,3,2018-05-02,False,2018-05-02T23:00:00Z,-04:00,-04:00,US/Eastern,OFF,OK,14,Lightning,Tampa Bay,de Tampa Bay,TBL,4,6,Bruins,Boston,de Boston,BOS,1,3,REG,3,REG,8476883.0,,,,,/schedule/playoff-series/2018/series-i/bruins-vs-lightning,2.0,R2,2nd Round,I,4.0,2.0,1.0,3.0,,,,,,,TBL
2017030244,20172018,3,2018-05-02,False,2018-05-03T02:00:00Z,-04:00,-07:00,US/Pacific,OFF,OK,54,Golden Knights,Vegas,de Vegas,VGK,0,28,Sharks,San Jose,de San Jose,SJS,4,3,REG,3,REG,8474889.0,,,,,/schedule/playoff-series/2018/series-l/sharks-vs-goldenknights,2.0,R2,2nd Round,L,4.0,2.0,2.0,4.0,,,,,,,SJS
2017030224,20172018,3,2018-05-03,False,2018-05-03T23:00:00Z,-04:00,-04:00,US/Eastern,OFF,OK,15,Capitals,Washington,de Washington,WSH,1,5,Penguins,Pittsburgh,de Pittsburgh,PIT,3,3,REG,3,REG,8476899.0,,,,,/schedule/playoff-series/2018/series-j/penguins-vs-capitals,2.0,R2,2nd Round,J,4.0,2.0,2.0,4.0,,,,,,,PIT
2017030234,20172018,3,2018-05-03,False,2018-05-04T01:30:00Z,-04:00,-05:00,America/Winnipeg,OFF,OK,18,Predators,Nashville,de Nashville,NSH,2,52,Jets,Winnipeg,de Winnipeg,WPG,1,3,REG,3,REG,8471469.0,,,,,/schedule/playoff-series/2018/series-k/jets-vs-predators,2.0,R2,2nd Round,K,4.0,2.0,2.0,4.0,,,,,,,NSH
2017030214,20172018,3,2018-05-04,False,2018-05-04T23:00:00Z,-04:00,-04:00,US/Eastern,OFF,OK,14,Lightning,Tampa Bay,de Tampa Bay,TBL,4,6,Bruins,Boston,de Boston,BOS,3,4,OT,3,OT,8476883.0,,,,,/schedule/playoff-series/2018/series-i/bruins-vs-lightning,2.0,R2,2nd Round,I,4.0,3.0,1.0,4.0,,,,,,,TBL
2017030245,20172018,3,2018-05-04,False,2018-05-05T02:00:00Z,-04:00,-07:00,US/Pacific,OFF,OK,28,Sharks,San Jose,de San Jose,SJS,3,54,Golden Knights,Vegas,de Vegas,VGK,5,3,REG,3,REG,8470594.0,,,,,/schedule/playoff-series/2018/series-l/goldenknights-vs-sharks,2.0,R2,2nd Round,L,4.0,3.0,2.0,5.0,,,,,,,VGK
2017030225,20172018,3,2018-05-05,False,2018-05-05T23:00:00Z,-04:00,-04:00,US/Eastern,OFF,OK,5,Penguins,Pittsburgh,de Pittsburgh,PIT,3,15,Capitals,Washington,de Washington,WSH,6,3,REG,3,REG,8474651.0,,,,,/schedule/playoff-series/2018/series-j/capitals-vs-penguins,2.0,R2,2nd Round,J,4.0,3.0,2.0,5.0,,,,,,,WSH
2017030235,20172018,3,2018-05-05,False,2018-05-06T01:30:00Z,-04:00,-05:00,US/Central,OFF,OK,52,Jets,Winnipeg,de Winnipeg,WPG,6,18,Predators,Nashville,de Nashville,NSH,2,3,REG,3,REG,8476945.0,,,,,/schedule/playoff-series/2018/series-k/predators-vs-jets,2.0,R2,2nd Round,K,4.0,2.0,3.0,5.0,,,,,,,WPG
2017030215,20172018,3,2018-05-06,False,2018-05-06T19:00:00Z,-04:00,-04:00,US/Eastern,OFF,OK,6,Bruins,Boston,de Boston,BOS,1,14,Lightning,Tampa Bay,de Tampa Bay,TBL,3,3,REG,3,REG,8476883.0,,,,,/schedule/playoff-series/2018/series-i/lightning-vs-bruins,2.0,R2,2nd Round,I,4.0,4.0,1.0,5.0,,,,,,,TBL
2017030246,20172018,3,2018-05-06,False,2018-05-06T23:30:00Z,-04:00,-07:00,US/Pacific,OFF,OK,54,Golden Knights,Vegas,de Vegas,VGK,3,28,Sharks,San Jose,de San Jose,SJS,0,3,REG,3,REG,8470594.0,,,,,/schedule/playoff-series/2018/series-l/sharks-vs-goldenknights,2.0,R2,2nd Round,L,4.0,4.0,2.0,6.0,,,,,,,VGK
2017030226,20172018,3,2018-05-07,False,2018-05-07T23:00:00Z,-04:00,-04:00,US/Eastern,OFF,OK,15,Capitals,Washington,de Washington,WSH,2,5,Penguins,Pittsburgh,de Pittsburgh,PIT,1,4,OT,3,OT,8474651.0,,,,,/schedule/playoff-series/2018/series-j/penguins-vs-capitals,2.0,R2,2nd Round,J,4.0,4.0,2.0,6.0,,,,,,,WSH
2017030236,20172018,3,2018-05-07,False,2018-05-08T01:30:00Z,-04:00,-05:00,America/Winnipeg,OFF,OK,18,Predators,Nashville,de Nashville,NSH,4,52,Jets,Winnipeg,de Winnipeg,WPG,0,3,REG,3,REG,8471469.0,,,,,/schedule/playoff-series/2018/series-k/jets-vs-predators,2.0,R2,2nd Round,K,4.0,3.0,3.0,6.0,,,,,,,NSH
2017030237,20172018,3,2018-05-10,False,2018-05-11T00:00:00Z,-04:00,-05:00,US/Central,OFF,OK,52,Jets,Winnipeg,de Winnipeg,WPG,5,18,Predators,Nashville,de Nashville,NSH,1,3,REG,3,REG,8476945.0,,,,,/schedule/playoff-series/2018/series-k/predators-vs-jets,2.0,R2,2nd Round,K,4.0,3.0,4.0,7.0,,,,,,,WPG
2017030311,20172018,3,2018-05-11,False,2018-05-12T00:00:00Z,-04:00,-04:00,US/Eastern,OFF,OK,15,Capitals,Washington,de Washington,WSH,4,14,Lightning,Tampa Bay,de Tampa Bay,TBL,2,3,REG,3,REG,8474651.0,,,,,/schedule/playoff-series/2018/series-m/lightning-vs-capitals,3.0,ECF,Conference Finals,M,4.0,0.0,1.0,1.0,,,,,,8474291.0,WSH
2017030321,20172018,3,2018-05-12,False,2018-05-12T23:00:00Z,-04:00,-05:00,America/Winnipeg,OFF,OK,54,Golden Knights,Vegas,de Vegas,VGK,2,52,Jets,Winnipeg,de Winnipeg,WPG,4,3,REG,3,REG,8476945.0,,,,,/schedule/playoff-series/2018/series-n/jets-vs-goldenknights,3.0,WCF,Conference Finals,N,4.0,1.0,0.0,1.0,,,,,,8476469.0,WPG
2017030312,20172018,3,2018-05-13,False,2018-05-14T00:00:00Z,-04:00,-04:00,US/Eastern,OFF,OK,15,Capitals,Washington,de Washington,WSH,6,14,Lightning,Tampa Bay,de Tampa Bay,TBL,2,3,REG,3,REG,8474651.0,,,,,/schedule/playoff-series/2018/series-m/lightning-vs-capitals,3.0,ECF,Conference Finals,M,4.0,0.0,2.0,2.0,,,,,,8474189.0,WSH
2017030322,20172018,3,2018-05-14,False,2018-05-15T00:00:00Z,-04:00,-05:00,America/Winnipeg,OFF,OK,54,Golden Knights,Vegas,de Vegas,VGK,3,52,Jets,Winnipeg,de Winnipeg,WPG,1,3,REG,3,REG,8470594.0,,,,,/schedule/playoff-series/2018/series-n/jets-vs-goldenknights,3.0,WCF,Conference Finals,N,4.0,1.0,1.0,2.0,,,,,,8476539.0,VGK
2017030313,20172018,3,2018-05-15,False,2018-05-16T00:00:00Z,-04:00,-04:00,US/Eastern,OFF,OK,14,Lightning,Tampa Bay,de Tampa Bay,TBL,4,15,Capitals,Washington,de Washington,WSH,2,3,REG,3,REG,8476883.0,,,,,/schedule/playoff-series/2018/series-m/capitals-vs-lightning,3.0,ECF,Conference Finals,M,4.0,1.0,2.0,3.0,,,,,,8475167.0,TBL
2017030323,20172018,3,2018-05-16,False,2018-05-17T01:00:00Z,-04:00,-07:00,US/Pacific,OFF,OK,52,Jets,Winnipeg,de Winnipeg,WPG,2,54,Golden Knights,Vegas,de Vegas,VGK,4,3,REG,3,REG,8470594.0,,,,,/schedule/playoff-series/2018/series-n/goldenknights-vs-jets,3.0,WCF,Conference Finals,N,4.0,1.0,2.0,3.0,,,,,,8477949.0,VGK
2017030314,20172018,3,2018-05-17,False,2018-05-18T00:00:00Z,-04:00,-04:00,US/Eastern,OFF,OK,14,Lightning,Tampa Bay,de Tampa Bay,TBL,4,15,Capitals,Washington,de Washington,WSH,2,3,REG,3,REG,8476883.0,,,,,/schedule/playoff-series/2018/series-m/capitals-vs-lightning,3.0,ECF,Conference Finals,M,4.0,2.0,2.0,4.0,,,,,,8473986.0,TBL
2017030324,20172018,3,2018-05-18,False,2018-05-19T00:00:00Z,-04:00,-07:00,US/Pacific,OFF,OK,52,Jets,Winnipeg,de Winnipeg,WPG,2,54,Golden Knights,Vegas,de Vegas,VGK,3,3,REG,3,REG,8470594.0,,,,,/schedule/playoff-series/2018/series-n/goldenknights-vs-jets,3.0,WCF,Conference Finals,N,4.0,1.0,3.0,4.0,,,,,,8475191.0,VGK
2017030315,20172018,3,2018-05-19,False,2018-05-19T23:15:00Z,-04:00,-04:00,US/Eastern,OFF,OK,15,Capitals,Washington,de Washington,WSH,2,14,Lightning,Tampa Bay,de Tampa Bay,TBL,3,3,REG,3,REG,8476883.0,,,,,/schedule/playoff-series/2018/series-m/lightning-vs-capitals,3.0,ECF,Conference Finals,M,4.0,3.0,2.0,5.0,,,,,,8471339.0,TBL
2017030325,20172018,3,2018-05-20,False,2018-05-20T19:00:00Z,-04:00,-05:00,America/Winnipeg,OFF,OK,54,Golden Knights,Vegas,de Vegas,VGK,2,52,Jets,Winnipeg,de Winnipeg,WPG,1,3,REG,3,REG,8470594.0,,,,,/schedule/playoff-series/2018/series-n/jets-vs-goldenknights,3.0,WCF,Conference Finals,N,4.0,1.0,4.0,5.0,,,,,,8471817.0,VGK
2017030316,20172018,3,2018-05-21,False,2018-05-22T00:00:00Z,-04:00,-04:00,US/Eastern,OFF,OK,14,Lightning,Tampa Bay,de Tampa Bay,TBL,0,15,Capitals,Washington,de Washington,WSH,3,3,REG,3,REG,8474651.0,,,,,/schedule/playoff-series/2018/series-m/capitals-vs-lightning,3.0,ECF,Conference Finals,M,4.0,3.0,3.0,6.0,,,,,,8471698.0,WSH
2017030317,20172018,3,2018-05-23,False,2018-05-24T00:00:00Z,-04:00,-04:00,US/Eastern,OFF,OK,15,Capitals,Washington,de Washington,WSH,4,14,Lightning,Tampa Bay,de Tampa Bay,TBL,0,3,REG,3,REG,8474651.0,,,,,/schedule/playoff-series/2018/series-m/lightning-vs-capitals,3.0,ECF,Conference Finals,M,4.0,3.0,4.0,7.0,,,,,,8471214.0,WSH
2017030411,20172018,3,2018-05-28,False,2018-05-29T00:00:00Z,-04:00,-07:00,US/Pacific,OFF,OK,15,Capitals,Washington,de Washington,WSH,4,54,Golden Knights,Vegas,de Vegas,VGK,6,3,REG,3,REG,8470594.0,,,,,/schedule/playoff-series/2018/series-o/goldenknights-vs-capitals,4.0,SCF,Stanley Cup Final,O,4.0,1.0,0.0,1.0,,,,,,8477931.0,VGK
2017030412,20172018,3,2018-05-30,False,2018-05-31T00:00:00Z,-04:00,-07:00,US/Pacific,OFF,OK,15,Capitals,Washington,de Washington,WSH,3,54,Golden Knights,Vegas,de Vegas,VGK,2,3,REG,3,REG,8474651.0,,,,,/schedule/playoff-series/2018/series-o/goldenknights-vs-capitals,4.0,SCF,Stanley Cup Final,O,4.0,1.0,1.0,2.0,,,,,,8468498.0,WSH
2017030413,20172018,3,2018-06-02,False,2018-06-03T00:00:00Z,-04:00,-04:00,US/Eastern,OFF,OK,54,Golden Knights,Vegas,de Vegas,VGK,1,15,Capitals,Washington,de Washington,WSH,3,3,REG,3,REG,8474651.0,,,,,/schedule/playoff-series/2018/series-o/capitals-vs-goldenknights,4.0,SCF,Stanley Cup Final,O,4.0,1.0,2.0,3.0,,,,,,8475744.0,WSH
2017030414,20172018,3,2018-06-04,False,2018-06-05T00:00:00Z,-04:00,-04:00,US/Eastern,OFF,OK,54,Golden Knights,Vegas,de Vegas,VGK,2,15,Capitals,Washington,de Washington,WSH,6,3,REG,3,REG,8474651.0,,,,,/schedule/playoff-series/2018/series-o/capitals-vs-goldenknights,4.0,SCF,Stanley Cup Final,O,4.0,1.0,3.0,4.0,,,,,,8475758.0,WSH
2017030415,20172018,3,2018-06-07,False,2018-06-08T00:00:00Z,-04:00,-07:00,US/Pacific,OFF,OK,15,Capitals,Washington,de Washington,WSH,4,54,Golden Knights,Vegas,de Vegas,VGK,3,3,REG,3,REG,8474651.0,,,,,/schedule/playoff-series/2018/series-o/goldenknights-vs-capitals,4.0,SCF,Stanley Cup Final,O,4.0,1.0,4.0,5.0,,,,,,8474189.0,WSH
