id,season,gameType,gameDate,neutralSite,startTimeUTC,easternUTCOffset,venueUTCOffset,venueTimezone,gameState,gameScheduleState,condensedGame,awayTeam.id,awayTeam.commonName.default,awayTeam.placeNameWithPreposition.default,awayTeam.placeNameWithPreposition.fr,awayTeam.abbrev,awayTeam.score,homeTeam.id,homeTeam.commonName.default,homeTeam.placeNameWithPreposition.default,homeTeam.placeNameWithPreposition.fr,homeTeam.abbrev,homeTeam.score,periodDescriptor.number,periodDescriptor.periodType,periodDescriptor.maxRegulationPeriods,gameOutcome.lastPeriodType,winningGoalie.playerId,winningGoalScorer.playerId,winningGoalie.lastName.sv,specialEvent.parentId,specialEvent.name.default,seriesUrl,seriesStatus.round,seriesStatus.seriesAbbrev,seriesStatus.seriesTitle,seriesStatus.seriesLetter,seriesStatus.neededToWin,seriesStatus.topSeedWins,seriesStatus.bottomSeedWins,seriesStatus.gameNumberOfSeries,periodDescriptor.otPeriods,winningGoalie.lastName.de,homeTeam.commonName.fr,awayTeam.commonName.fr,tricode_winteam
2020020001,20202021,2,2021-01-13,False,2021-01-13T22:30:00Z,-05:00,-05:00,US/Eastern,OFF,OK,/video/pit-phi-320252090,5,Penguins,Pittsburgh,de Pittsburgh,PIT,3,4,Flyers,Philadelphia,de Philadelphie,PHI,6,3,REG,3,REG,8479394,8477290.0,,,,,,,,,,,,,,,,,PHI
2020020003,20202021,2,2021-01-13,False,2021-01-14T00:00:00Z,-05:00,-05:00,America/Toronto,OFF,OK,/video/mtl-tor-320257064,8,Canadiens,Montréal,de Montréal,MTL,4,10,Maple Leafs,Toronto,de Toronto,TOR,5,4,OT,3,OT,8475883,8476853.0,,,,,,,,,,,,,,,,,TOR
2020020002,20202021,2,2021-01-13,False,2021-01-14T01:00:00Z,-05:00,-05:00,US/Eastern,OFF,OK,/video/chi-tbl-320261704,16,Blackhawks,Chicago,de Chicago,CHI,1,14,Lightning,Tampa Bay,de Tampa Bay,TBL,5,3,REG,3,REG,8476883,8478472.0,,,,,,,,,,,,,,,,,TBL
2020020004,20202021,2,2021-01-13,False,2021-01-14T03:00:00Z,-05:00,-07:00,America/Edmonton,OFF,OK,/video/van-edm-320266124,23,Canucks,Vancouver,de Vancouver,VAN,5,22,Oilers,Edmonton,d'Edmonton,EDM,3,3,REG,3,REG,8474651,8478444.0,,,,,,,,,,,,,,,,,VAN
2020020005,20202021,2,2021-01-13,False,2021-01-14T03:30:00Z,-05:00,-07:00,America/Denver,OFF,OK,/video/stl-col-320267532,19,Blues,St. Louis,de St. Louis,STL,4,21,Avalanche,Colorado,du Colorado,COL,1,3,REG,3,REG,8476412,8479385.0,,,,,,,,,,,,,,,,,STL
2020020006,20202021,2,2021-01-14,False,2021-01-15T00:00:00Z,-05:00,-05:00,America/New_York,OFF,OK,/video/wsh-buf-320298690,15,Capitals,Washington,de Washington,WSH,6,7,Sabres,Buffalo,de Buffalo,BUF,4,3,REG,3,REG,8478492,8477944.0,,,,,,,,,,,,,,,,,WSH
2020020008,20202021,2,2021-01-14,False,2021-01-15T00:00:00Z,-05:00,-05:00,America/New_York,OFF,OK,/video/nyi-nyr-320300380,2,Islanders,New York,de New York,NYI,4,3,Rangers,New York,de New York,NYR,0,3,REG,3,REG,8473575,8475754.0,,,,,,,,,,,,,,,,,NYI
2020020007,20202021,2,2021-01-14,False,2021-01-15T00:00:00Z,-05:00,-05:00,US/Eastern,OFF,OK,/video/bos-njd-320300568,6,Bruins,Boston,de Boston,BOS,3,1,Devils,New Jersey,du New Jersey,NJD,2,5,SO,3,SO,8471695,,,,,,,,,,,,,,,,,,BOS
2020020010,20202021,2,2021-01-14,False,2021-01-15T00:30:00Z,-05:00,-05:00,America/Detroit,OFF,OK,/video/car-det-320302104,12,Hurricanes,Carolina,de la Caroline,CAR,3,17,Red Wings,Detroit,de Detroit,DET,0,3,REG,3,REG,8475852,8475799.0,,,,,,,,,,,,,,,,,CAR
2020020012,20202021,2,2021-01-14,False,2021-01-15T01:00:00Z,-05:00,-06:00,America/Winnipeg,OFF,OK,/video/cgy-wpg-320306836,20,Flames,Calgary,de Calgary,CGY,3,52,Jets,Winnipeg,de Winnipeg,WPG,4,4,OT,3,OT,8476945,8479339.0,,,,,,,,,,,,,,,,,WPG
2020020011,20202021,2,2021-01-14,False,2021-01-15T01:00:00Z,-05:00,-06:00,US/Central,OFF,OK,/video/cbj-nsh-320307718,29,Blue Jackets,Columbus,de Columbus,CBJ,1,18,Predators,Nashville,de Nashville,NSH,3,3,REG,3,REG,8477424,8476887.0,,,,,,,,,,,,,,,,,NSH
2020020013,20202021,2,2021-01-14,False,2021-01-15T02:00:00Z,-05:00,-07:00,America/Edmonton,OFF,OK,/video/van-edm-320312066,23,Canucks,Vancouver,de Vancouver,VAN,2,22,Oilers,Edmonton,d'Edmonton,EDM,5,3,REG,3,REG,8475156,8478402.0,,,,,,,,,,,,,,,,,EDM
2020020014,20202021,2,2021-01-14,False,2021-01-15T02:00:00Z,-05:00,-07:00,America/Phoenix,OFF,OK,/video/sjs-ari-320314866,28,Sharks,San Jose,de San Jose,SJS,4,53,Coyotes,Arizona,de l'Arizona,ARI,3,5,SO,3,SO,8474889,,,,,,,,,,,,,,,,,,SJS
2020020016,20202021,2,2021-01-14,False,2021-01-15T03:00:00Z,-05:00,-08:00,America/Los_Angeles,OFF,OK,/video/min-lak-320317552,30,Wild,Minnesota,du Minnesota,MIN,4,26,Kings,Los Angeles,de Los Angeles,LAK,3,4,OT,3,OT,8475660,8478864.0,,,,,,,,,,,,,,,,,MIN
2020020015,20202021,2,2021-01-14,False,2021-01-15T03:00:00Z,-05:00,-08:00,US/Pacific,OFF,OK,/video/ana-vgk-320317496,24,Ducks,Anaheim,d'Anaheim,ANA,2,54,Golden Knights,Vegas,de Vegas,VGK,5,3,REG,3,REG,8475215,8475913.0,,,,,,,,,,,,,,,,,VGK
2020020017,20202021,2,2021-01-15,False,2021-01-16T00:00:00Z,-05:00,-05:00,America/New_York,OFF,OK,/video/wsh-buf-320345892,15,Capitals,Washington,de Washington,WSH,2,7,Sabres,Buffalo,de Buffalo,BUF,1,3,REG,3,REG,8477970,8476880.0,,,,,,,,,,,,,,,,,WSH
2020020018,20202021,2,2021-01-15,False,2021-01-16T00:00:00Z,-05:00,-05:00,US/Eastern,OFF,OK,/video/pit-phi-320345314,5,Penguins,Pittsburgh,de Pittsburgh,PIT,2,4,Flyers,Philadelphia,de Philadelphie,PHI,5,3,REG,3,REG,8479394,8478500.0,,,,,,,,,,,,,,,,,PHI
2020020021,20202021,2,2021-01-15,False,2021-01-16T00:00:00Z,-05:00,-05:00,US/Eastern,OFF,OK,/video/tor-ott-320348112,10,Maple Leafs,Toronto,de Toronto,TOR,3,9,Senators,Ottawa,d'Ottawa,OTT,5,3,REG,3,REG,8476899,8476919.0,,,,,,,,,,,,,,,Sénateurs,,OTT
2020020019,20202021,2,2021-01-15,False,2021-01-16T00:00:00Z,-05:00,-05:00,US/Eastern,OFF,OK,/video/chi-tbl-320346226,16,Blackhawks,Chicago,de Chicago,CHI,2,14,Lightning,Tampa Bay,de Tampa Bay,TBL,5,3,REG,3,REG,8476883,8476399.0,,,,,,,,,,,,,,,,,TBL
2020020022,20202021,2,2021-01-15,False,2021-01-16T02:00:00Z,-05:00,-07:00,America/Denver,OFF,OK,/video/stl-col-320352766,19,Blues,St. Louis,de St. Louis,STL,0,21,Avalanche,Colorado,du Colorado,COL,8,3,REG,3,REG,8475831,8476455.0,,,,,,,,,,,,,,,,,COL
2020020023,20202021,2,2021-01-16,False,2021-01-16T18:00:00Z,-05:00,-05:00,US/Eastern,OFF,OK,/video/bos-njd-320363840,6,Bruins,Boston,de Boston,BOS,1,1,Devils,New Jersey,du New Jersey,NJD,2,4,OT,3,OT,8478406,8481068.0,,,,,,,,,,,,,,,,,NJD
2020020030,20202021,2,2021-01-16,False,2021-01-16T21:00:00Z,-05:00,-07:00,America/Phoenix,OFF,OK,/video/sjs-ari-320368856,28,Sharks,San Jose,de San Jose,SJS,3,53,Coyotes,Arizona,de l'Arizona,ARI,5,3,REG,3,REG,8477293,8479345.0,,,,,,,,,,,,,,,,,ARI
2020020025,20202021,2,2021-01-16,False,2021-01-17T00:00:00Z,-05:00,-05:00,America/Detroit,OFF,OK,/video/car-det-320379514,12,Hurricanes,Carolina,de la Caroline,CAR,2,17,Red Wings,Detroit,de Detroit,DET,4,3,REG,3,REG,8473541,8477952.0,,,,,,,,,,,,,,,,,DET
2020020027,20202021,2,2021-01-16,False,2021-01-17T00:00:00Z,-05:00,-05:00,US/Eastern,OFF,OK,/video/tor-ott-320379340,10,Maple Leafs,Toronto,de Toronto,TOR,3,9,Senators,Ottawa,d'Ottawa,OTT,2,3,REG,3,REG,8475789,8479318.0,,,,,,,,,,,,,,,Sénateurs,,TOR
2020020029,20202021,2,2021-01-16,False,2021-01-17T00:00:00Z,-05:00,-07:00,America/Edmonton,OFF,OK,/video/mtl-edm-320379852,8,Canadiens,Montréal,de Montréal,MTL,5,22,Oilers,Edmonton,d'Edmonton,EDM,1,3,REG,3,REG,8471679,8475193.0,,,,,,,,,,,,,,,,,MTL
2020020024,20202021,2,2021-01-16,False,2021-01-17T00:00:00Z,-05:00,-05:00,America/New_York,OFF,OK,/video/nyi-nyr-320378296,2,Islanders,New York,de New York,NYI,0,3,Rangers,New York,de New York,NYR,5,3,REG,3,REG,8480382,8477402.0,,,,,,,,,,,,,,,,,NYR
2020020026,20202021,2,2021-01-16,False,2021-01-17T01:00:00Z,-05:00,-06:00,US/Central,OFF,OK,/video/cbj-nsh-320386484,29,Blue Jackets,Columbus,de Columbus,CBJ,2,18,Predators,Nashville,de Nashville,NSH,5,3,REG,3,REG,8477424,8470755.0,,,,,,,,,,,,,,,,,NSH
2020020032,20202021,2,2021-01-16,False,2021-01-17T02:00:00Z,-05:00,-08:00,America/Los_Angeles,OFF,OK,/video/min-lak-320388424,30,Wild,Minnesota,du Minnesota,MIN,4,26,Kings,Los Angeles,de Los Angeles,LAK,3,4,OT,3,OT,8475660,8475149.0,,,,,,,,,,,,,,,,,MIN
2020020028,20202021,2,2021-01-16,False,2021-01-17T03:00:00Z,-05:00,-07:00,America/Edmonton,OFF,OK,/video/van-cgy-320391008,23,Canucks,Vancouver,de Vancouver,VAN,0,20,Flames,Calgary,de Calgary,CGY,3,3,REG,3,REG,8474593,8477497.0,Markström,,,,,,,,,,,,,,,,CGY
2020020031,20202021,2,2021-01-16,False,2021-01-17T03:00:00Z,-05:00,-08:00,US/Pacific,OFF,OK,/video/ana-vgk-320390080,24,Ducks,Anaheim,d'Anaheim,ANA,1,54,Golden Knights,Vegas,de Vegas,VGK,2,4,OT,3,OT,8470594,8474157.0,,,,,,,,,,,,,,,,,VGK
2020020035,20202021,2,2021-01-17,False,2021-01-17T17:00:00Z,-05:00,-05:00,US/Eastern,OFF,OK,/video/wsh-pit-320400318,15,Capitals,Washington,de Washington,WSH,3,5,Penguins,Pittsburgh,de Pittsburgh,PIT,4,5,SO,3,SO,8479193,,,,,,,,,,,,,,,,,,PIT
2020020034,20202021,2,2021-01-17,False,2021-01-18T00:00:00Z,-05:00,-05:00,US/Eastern,OFF,OK,/video/chi-fla-320407898,16,Blackhawks,Chicago,de Chicago,CHI,2,13,Panthers,Florida,de la Floride,FLA,5,3,REG,3,REG,8476904,8480185.0,,,,,,,,,,,,,,,,,FLA
2020020038,20202021,2,2021-01-18,False,2021-01-18T17:00:00Z,-05:00,-05:00,America/Detroit,OFF,OK,/video/cbj-det-320424430,29,Blue Jackets,Columbus,de Columbus,CBJ,3,17,Red Wings,Detroit,de Detroit,DET,2,3,REG,3,REG,8476914,8479400.0,,,,,,,,,,,,,,,,,CBJ
2020020036,20202021,2,2021-01-18,False,2021-01-18T22:00:00Z,-05:00,-05:00,America/New_York,OFF,OK,/video/bos-nyi-320430628,6,Bruins,Boston,de Boston,BOS,0,2,Islanders,New York,de New York,NYI,1,3,REG,3,REG,8473575,8476419.0,,,,,,,,,,,,,,,,,NYI
2020020041,20202021,2,2021-01-18,False,2021-01-19T00:00:00Z,-05:00,-05:00,America/Toronto,OFF,OK,/video/wpg-tor-320437120,52,Jets,Winnipeg,de Winnipeg,WPG,1,10,Maple Leafs,Toronto,de Toronto,TOR,3,3,REG,3,REG,8475883,8478483.0,,,,,,,,,,,,,,,,,TOR
2020020037,20202021,2,2021-01-18,False,2021-01-19T00:30:00Z,-05:00,-05:00,US/Eastern,OFF,OK,/video/buf-phi-320442380,7,Sabres,Buffalo,de Buffalo,BUF,6,4,Flyers,Philadelphia,de Philadelphie,PHI,1,3,REG,3,REG,8475622,8477933.0,,,,,,,,,,,,,,,,,BUF
2020020039,20202021,2,2021-01-18,False,2021-01-19T01:00:00Z,-05:00,-06:00,US/Central,OFF,OK,/video/sjs-stl-320445170,28,Sharks,San Jose,de San Jose,SJS,4,19,Blues,St. Louis,de St. Louis,STL,5,3,REG,3,REG,8476412,8479385.0,,,,,,,,,,,,,,,,,STL
2020020040,20202021,2,2021-01-18,False,2021-01-19T01:00:00Z,-05:00,-06:00,US/Central,OFF,OK,/video/car-nsh-320444148,12,Hurricanes,Carolina,de la Caroline,CAR,4,18,Predators,Nashville,de Nashville,NSH,2,3,REG,3,REG,8473503,8478427.0,,,,,,,,,,,,,,,,,CAR
2020020043,20202021,2,2021-01-18,False,2021-01-19T02:00:00Z,-05:00,-07:00,America/Edmonton,OFF,OK,/video/mtl-edm-320450202,8,Canadiens,Montréal,de Montréal,MTL,3,22,Oilers,Edmonton,d'Edmonton,EDM,1,3,REG,3,REG,8474596,8470642.0,,,,,,,,,,,,,,,,,MTL
2020020045,20202021,2,2021-01-18,False,2021-01-19T02:00:00Z,-05:00,-08:00,America/Los_Angeles,OFF,OK,/video/min-ana-320450050,30,Wild,Minnesota,du Minnesota,MIN,0,24,Ducks,Anaheim,d'Anaheim,ANA,1,3,REG,3,REG,8476434,8475235.0,,,,,,,,,,,,,,,,,ANA
2020020042,20202021,2,2021-01-18,False,2021-01-19T02:00:00Z,-05:00,-07:00,America/Edmonton,OFF,OK,/video/van-cgy-320450256,23,Canucks,Vancouver,de Vancouver,VAN,2,20,Flames,Calgary,de Calgary,CGY,5,3,REG,3,REG,8474593,8477496.0,Markström,,,,,,,,,,,,,,,,CGY
2020020044,20202021,2,2021-01-18,False,2021-01-19T03:00:00Z,-05:00,-08:00,US/Pacific,OFF,OK,/video/ari-vgk-320454288,53,Coyotes,Arizona,de l'Arizona,ARI,2,54,Golden Knights,Vegas,de Vegas,VGK,4,3,REG,3,REG,8475215,8476905.0,,,,,,,,,,,,,,,,,VGK
2020020050,20202021,2,2021-01-19,False,2021-01-20T00:00:00Z,-05:00,-05:00,US/Eastern,OFF,OK,/video/wsh-pit-320488634,15,Capitals,Washington,de Washington,WSH,4,5,Penguins,Pittsburgh,de Pittsburgh,PIT,5,4,OT,3,OT,8479193,8471675.0,,,,,,,,,,,,,,,,,PIT
2020020046,20202021,2,2021-01-19,False,2021-01-20T00:00:00Z,-05:00,-05:00,America/New_York,OFF,OK,/video/njd-nyr-320490598,1,Devils,New Jersey,du New Jersey,NJD,4,3,Rangers,New York,de New York,NYR,3,3,REG,3,REG,8478406,8477425.0,,,,,,,,,,,,,,,,,NJD
2020020053,20202021,2,2021-01-19,False,2021-01-20T00:00:00Z,-05:00,-05:00,US/Eastern,OFF,OK,/video/wpg-ott-320488436,52,Jets,Winnipeg,de Winnipeg,WPG,4,9,Senators,Ottawa,d'Ottawa,OTT,3,4,OT,3,OT,8476316,8477940.0,,,,,,,,,,,,,,,Sénateurs,,WPG
2020020047,20202021,2,2021-01-19,False,2021-01-20T00:00:00Z,-05:00,-05:00,US/Eastern,OFF,OK,/video/buf-phi-320488152,7,Sabres,Buffalo,de Buffalo,BUF,0,4,Flyers,Philadelphia,de Philadelphie,PHI,3,3,REG,3,REG,8470880,8478439.0,,,,,,,,,,,,,,,,,PHI
2020020049,20202021,2,2021-01-19,False,2021-01-20T00:00:00Z,-05:00,-05:00,US/Eastern,OFF,OK,/video/chi-fla-320490642,16,Blackhawks,Chicago,de Chicago,CHI,4,13,Panthers,Florida,de la Floride,FLA,5,4,OT,3,OT,8475683,8478366.0,,,,,,,,,,,,,,,,,FLA
2020020051,20202021,2,2021-01-19,False,2021-01-20T00:30:00Z,-05:00,-05:00,America/Detroit,OFF,OK,/video/cbj-det-320490856,29,Blue Jackets,Columbus,de Columbus,CBJ,2,17,Red Wings,Detroit,de Detroit,DET,3,4,OT,3,OT,8473541,8477479.0,,,,,,,,,,,,,,,,,DET
2020020054,20202021,2,2021-01-19,False,2021-01-20T03:00:00Z,-05:00,-08:00,America/Los_Angeles,OFF,OK,/video/col-lak-320497062,21,Avalanche,Colorado,du Colorado,COL,3,26,Kings,Los Angeles,de Los Angeles,LAK,2,3,REG,3,REG,8475831,8478420.0,,,,,,,,,,,,,,,,,COL
2020020056,20202021,2,2021-01-20,False,2021-01-21T00:00:00Z,-05:00,-05:00,America/Toronto,OFF,OK,/video/edm-tor-320517798,22,Oilers,Edmonton,d'Edmonton,EDM,3,10,Maple Leafs,Toronto,de Toronto,TOR,1,3,REG,3,REG,8475156,8477934.0,,,,,,,,,,,,,,,,,EDM
2020020055,20202021,2,2021-01-20,False,2021-01-21T02:00:00Z,-05:00,-06:00,US/Central,OFF,OK,/video/sjs-stl-320524114,28,Sharks,San Jose,de San Jose,SJS,2,19,Blues,St. Louis,de St. Louis,STL,1,5,SO,3,SO,8474889,,,,,,,,,,,,,,,,,,SJS
2020020059,20202021,2,2021-01-20,False,2021-01-21T02:30:00Z,-05:00,-08:00,America/Los_Angeles,OFF,OK,/video/min-ana-320525966,30,Wild,Minnesota,du Minnesota,MIN,3,24,Ducks,Anaheim,d'Anaheim,ANA,2,3,REG,3,REG,8478039,8478493.0,Kähkönen,,,,,,,,,,,,,,,,MIN
2020020058,20202021,2,2021-01-20,False,2021-01-21T03:00:00Z,-05:00,-08:00,US/Pacific,OFF,OK,/video/ari-vgk-320526832,53,Coyotes,Arizona,de l'Arizona,ARI,2,54,Golden Knights,Vegas,de Vegas,VGK,5,3,REG,3,REG,8470594,8475913.0,,,,,,,,,,,,,,,,,VGK
2020020057,20202021,2,2021-01-20,False,2021-01-21T03:00:00Z,-05:00,-08:00,America/Vancouver,OFF,OK,/video/mtl-van-320527624,8,Canadiens,Montréal,de Montréal,MTL,5,23,Canucks,Vancouver,de Vancouver,VAN,6,5,SO,3,SO,8474651,,,,,,,,,,,,,,,,,,VAN
2020020063,20202021,2,2021-01-21,False,2021-01-22T00:00:00Z,-05:00,-05:00,US/Eastern,OFF,OK,/video/tbl-cbj-320556702,14,Lightning,Tampa Bay,de Tampa Bay,TBL,3,29,Blue Jackets,Columbus,de Columbus,CBJ,2,4,OT,3,OT,8476883,8478010.0,,,,,,,,,,,,,,,,,TBL
2020020060,20202021,2,2021-01-21,False,2021-01-22T00:00:00Z,-05:00,-05:00,US/Eastern,OFF,OK,/video/phi-bos-320557574,4,Flyers,Philadelphia,de Philadelphie,PHI,4,6,Bruins,Boston,de Boston,BOS,5,5,SO,3,SO,8471695,,,,,,,,,,,,,,,,,,BOS
2020020061,20202021,2,2021-01-21,False,2021-01-22T00:00:00Z,-05:00,-05:00,America/New_York,OFF,OK,/video/njd-nyi-320554762,1,Devils,New Jersey,du New Jersey,NJD,1,2,Islanders,New York,de New York,NYI,4,3,REG,3,REG,8473575,8474586.0,,,,,,,,,,,,,,,,,NYI
2020020064,20202021,2,2021-01-21,False,2021-01-22T00:00:00Z,-05:00,-05:00,US/Eastern,OFF,OK,/video/wpg-ott-320555708,52,Jets,Winnipeg,de Winnipeg,WPG,4,9,Senators,Ottawa,d'Ottawa,OTT,1,3,REG,3,REG,8476945,8476460.0,,,,,,,,,,,,,,,Sénateurs,,WPG
2020020065,20202021,2,2021-01-21,False,2021-01-22T02:30:00Z,-05:00,-08:00,America/Vancouver,OFF,OK,/video/mtl-van-320565470,8,Canadiens,Montréal,de Montréal,MTL,7,23,Canucks,Vancouver,de Vancouver,VAN,3,3,REG,3,REG,8474596,8476981.0,,,,,,,,,,,,,,,,,MTL
2020020066,20202021,2,2021-01-21,False,2021-01-22T03:00:00Z,-05:00,-08:00,America/Los_Angeles,OFF,OK,/video/col-lak-320566692,21,Avalanche,Colorado,du Colorado,COL,2,26,Kings,Los Angeles,de Los Angeles,LAK,4,3,REG,3,REG,8471734,8477960.0,,,,,,,,,,,,,,,,,LAK
2020020070,20202021,2,2021-01-22,False,2021-01-23T00:00:00Z,-05:00,-05:00,America/Toronto,OFF,OK,/video/edm-tor-320594058,22,Oilers,Edmonton,d'Edmonton,EDM,2,10,Maple Leafs,Toronto,de Toronto,TOR,4,3,REG,3,REG,8475883,8475166.0,,,,,,,,,,,,,,,,,TOR
2020020067,20202021,2,2021-01-22,False,2021-01-23T00:00:00Z,-05:00,-05:00,US/Eastern,OFF,OK,/video/buf-wsh-320597394,7,Sabres,Buffalo,de Buffalo,BUF,3,15,Capitals,Washington,de Washington,WSH,4,5,SO,3,SO,8477970,,,,,,,,,,,,,,,,,,WSH
2020020068,20202021,2,2021-01-22,False,2021-01-23T00:00:00Z,-05:00,-05:00,US/Eastern,OFF,OK,/video/nyr-pit-320596558,3,Rangers,New York,de New York,NYR,3,5,Penguins,Pittsburgh,de Pittsburgh,PIT,4,5,SO,3,SO,8477465,,,,,,,,,,,,,,,,,,PIT
2020020069,20202021,2,2021-01-22,False,2021-01-23T01:00:00Z,-05:00,-06:00,America/Chicago,OFF,OK,/video/det-chi-320603428,17,Red Wings,Detroit,de Detroit,DET,1,16,Blackhawks,Chicago,de Chicago,CHI,4,3,REG,3,REG,8480947,8475177.0,,,,,,,,,,,,,,,,,CHI
2020020071,20202021,2,2021-01-22,False,2021-01-23T01:00:00Z,-05:00,-06:00,US/Central,OFF,OK,/video/sjs-min-320603324,28,Sharks,San Jose,de San Jose,SJS,1,30,Wild,Minnesota,du Minnesota,MIN,4,3,REG,3,REG,8478039,8470610.0,Kähkönen,,,,,,,,,,,,,,,,MIN
2020020072,20202021,2,2021-01-22,False,2021-01-23T01:30:00Z,-05:00,-06:00,US/Central,OFF,OK,/video/nsh-dal-320606650,18,Predators,Nashville,de Nashville,NSH,0,25,Stars,Dallas,de Dallas,DAL,7,3,REG,3,REG,8471418,8470794.0,,,,,,,,,,,,,,,,,DAL
2020020073,20202021,2,2021-01-22,False,2021-01-23T02:00:00Z,-05:00,-07:00,America/Phoenix,OFF,OK,/video/vgk-ari-320608336,54,Golden Knights,Vegas,de Vegas,VGK,2,53,Coyotes,Arizona,de l'Arizona,ARI,5,3,REG,3,REG,8475311,8477951.0,,,,,,,,,,,,,,,,,ARI
2020020074,20202021,2,2021-01-22,False,2021-01-23T03:00:00Z,-05:00,-08:00,America/Los_Angeles,OFF,OK,/video/col-ana-320611154,21,Avalanche,Colorado,du Colorado,COL,3,24,Ducks,Anaheim,d'Anaheim,ANA,2,4,OT,3,OT,8475831,8476455.0,,,,,,,,,,,,,,,,,COL
2020020077,20202021,2,2021-01-23,False,2021-01-23T19:00:00Z,-05:00,-05:00,US/Eastern,OFF,OK,/video/tbl-cbj-320626172,14,Lightning,Tampa Bay,de Tampa Bay,TBL,2,29,Blue Jackets,Columbus,de Columbus,CBJ,5,3,REG,3,REG,8478007,8478882.0,,,,,,,,,,,,,,,,,CBJ
2020020075,20202021,2,2021-01-23,False,2021-01-24T00:00:00Z,-05:00,-05:00,US/Eastern,OFF,OK,/video/phi-bos-320634578,4,Flyers,Philadelphia,de Philadelphie,PHI,1,6,Bruins,Boston,de Boston,BOS,6,3,REG,3,REG,8470860,8475225.0,,,,,,,,,,,,,,,,,BOS
2020020080,20202021,2,2021-01-23,False,2021-01-24T00:00:00Z,-05:00,-08:00,America/Vancouver,OFF,OK,/video/mtl-van-320634870,8,Canadiens,Montréal,de Montréal,MTL,5,23,Canucks,Vancouver,de Vancouver,VAN,2,3,REG,3,REG,8471679,8475848.0,,,,,,,,,,,,,,,,,MTL
2020020078,20202021,2,2021-01-23,False,2021-01-24T01:00:00Z,-05:00,-06:00,US/Central,OFF,OK,/video/lak-stl-320636672,26,Kings,Los Angeles,de Los Angeles,LAK,2,19,Blues,St. Louis,de St. Louis,STL,4,3,REG,3,REG,8476412,8474102.0,,,,,,,,,,,,,,,,,STL
2020020079,20202021,2,2021-01-23,False,2021-01-24T03:00:00Z,-05:00,-06:00,America/Winnipeg,OFF,OK,/video/ott-wpg-320640436,9,Senators,Ottawa,d'Ottawa,OTT,3,52,Jets,Winnipeg,de Winnipeg,WPG,6,3,REG,3,REG,8476945,8471669.0,,,,,,,,,,,,,,,,Sénateurs,WPG
2020020084,20202021,2,2021-01-24,False,2021-01-24T17:30:00Z,-05:00,-06:00,America/Chicago,OFF,OK,/video/det-chi-320652834,17,Red Wings,Detroit,de Detroit,DET,2,16,Blackhawks,Chicago,de Chicago,CHI,6,3,REG,3,REG,8480947,8476473.0,,,,,,,,,,,,,,,,,CHI
2020020082,20202021,2,2021-01-24,False,2021-01-24T20:00:00Z,-05:00,-05:00,US/Eastern,OFF,OK,/video/buf-wsh-320659700,7,Sabres,Buffalo,de Buffalo,BUF,4,15,Capitals,Washington,de Washington,WSH,3,5,SO,3,SO,8476999,,,,,,,,,,,,,,,,,,BUF
2020020087,20202021,2,2021-01-24,False,2021-01-24T21:00:00Z,-05:00,-07:00,America/Edmonton,OFF,OK,/video/tor-cgy-320661604,10,Maple Leafs,Toronto,de Toronto,TOR,3,20,Flames,Calgary,de Calgary,CGY,2,3,REG,3,REG,8475789,8479318.0,,,,,,,,,,,,,,,,,TOR
2020020090,20202021,2,2021-01-24,False,2021-01-24T21:00:00Z,-05:00,-07:00,America/Phoenix,OFF,OK,/video/vgk-ari-320663302,54,Golden Knights,Vegas,de Vegas,VGK,1,53,Coyotes,Arizona,de l'Arizona,ARI,0,3,REG,3,REG,8470594,8476448.0,,,,,,,,,,,,,,,,,VGK
2020020081,20202021,2,2021-01-24,False,2021-01-25T00:00:00Z,-05:00,-05:00,US/Eastern,OFF,OK,/video/nyi-njd-320671724,2,Islanders,New York,de New York,NYI,0,1,Devils,New Jersey,du New Jersey,NJD,2,3,REG,3,REG,8475809,8481559.0,,,,,,,,,,,,,,,,,NJD
2020020083,20202021,2,2021-01-24,False,2021-01-25T00:00:00Z,-05:00,-05:00,US/Eastern,OFF,OK,/video/nyr-pit-320671580,3,Rangers,New York,de New York,NYR,2,5,Penguins,Pittsburgh,de Pittsburgh,PIT,3,3,REG,3,REG,8477465,8477404.0,,,,,,,,,,,,,,,,,PIT
2020020089,20202021,2,2021-01-24,False,2021-01-25T01:00:00Z,-05:00,-06:00,US/Central,OFF,OK,/video/nsh-dal-320678826,18,Predators,Nashville,de Nashville,NSH,2,25,Stars,Dallas,de Dallas,DAL,3,3,REG,3,REG,8471418,8470794.0,,,,,,,,,,,,,,,,,DAL
2020020085,20202021,2,2021-01-24,False,2021-01-25T01:00:00Z,-05:00,-06:00,US/Central,OFF,OK,/video/lak-stl-320679626,26,Kings,Los Angeles,de Los Angeles,LAK,6,19,Blues,St. Louis,de St. Louis,STL,3,3,REG,3,REG,8471734,8471685.0,,,,,,,,,,,,,,,,,LAK
2020020091,20202021,2,2021-01-24,False,2021-01-25T01:00:00Z,-05:00,-08:00,America/Los_Angeles,OFF,OK,/video/col-ana-320677180,21,Avalanche,Colorado,du Colorado,COL,1,24,Ducks,Anaheim,d'Anaheim,ANA,3,3,REG,3,REG,8476434,8476483.0,,,,,,,,,,,,,,,,,ANA
2020020088,20202021,2,2021-01-24,False,2021-01-25T01:00:00Z,-05:00,-06:00,US/Central,OFF,OK,/video/sjs-min-320679954,28,Sharks,San Jose,de San Jose,SJS,5,30,Wild,Minnesota,du Minnesota,MIN,3,3,REG,3,REG,8474889,8470613.0,,,,,,,,,,,,,,,,,SJS
2020020086,20202021,2,2021-01-24,False,2021-01-25T02:00:00Z,-05:00,-06:00,America/Winnipeg,OFF,OK,/video/edm-wpg-320683528,22,Oilers,Edmonton,d'Edmonton,EDM,4,52,Jets,Winnipeg,de Winnipeg,WPG,3,3,REG,3,REG,8475156,8477934.0,,,,,,,,,,,,,,,,,EDM
2020020092,20202021,2,2021-01-25,False,2021-01-26T03:00:00Z,-05:00,-08:00,America/Vancouver,OFF,OK,/video/ott-van-320708582,9,Senators,Ottawa,d'Ottawa,OTT,1,23,Canucks,Vancouver,de Vancouver,VAN,7,3,REG,3,REG,8477967,8477353.0,,,,,,,,,,,,,,,,Sénateurs,VAN
2020020094,20202021,2,2021-01-26,False,2021-01-27T00:00:00Z,-05:00,-05:00,America/New_York,OFF,OK,/video/nyr-buf-320738886,3,Rangers,New York,de New York,NYR,2,7,Sabres,Buffalo,de Buffalo,BUF,3,3,REG,3,REG,8476999,8478403.0,,,,,,,,,,,,,,,,,BUF
2020020095,20202021,2,2021-01-26,False,2021-01-27T00:00:00Z,-05:00,-05:00,US/Eastern,OFF,OK,,4,Flyers,Philadelphia,de Philadelphie,PHI,5,1,Devils,New Jersey,du New Jersey,NJD,3,3,REG,3,REG,8470880,8480797.0,,,,,,,,,,,,,,,,,PHI
2020020098,20202021,2,2021-01-26,False,2021-01-27T00:00:00Z,-05:00,-05:00,US/Eastern,OFF,OK,/video/fla-cbj-320743890,13,Panthers,Florida,de la Floride,FLA,4,29,Blue Jackets,Columbus,de Columbus,CBJ,3,5,SO,3,SO,8475683,,,,,,,,,,,,,,,,,,FLA
2020020093,20202021,2,2021-01-26,False,2021-01-27T00:00:00Z,-05:00,-05:00,US/Eastern,OFF,OK,/video/pit-bos-320743078,5,Penguins,Pittsburgh,de Pittsburgh,PIT,2,6,Bruins,Boston,de Boston,BOS,3,4,OT,3,OT,8471695,8475225.0,,,,,,,,,,,,,,,,,BOS
2020020096,20202021,2,2021-01-26,False,2021-01-27T00:00:00Z,-05:00,-05:00,US/Eastern,OFF,OK,/video/nyi-wsh-320739170,2,Islanders,New York,de New York,NYI,2,15,Capitals,Washington,de Washington,WSH,3,3,REG,3,REG,8477970,8474602.0,,,,,,,,,,,,,,,,,WSH
2020020102,20202021,2,2021-01-26,False,2021-01-27T01:00:00Z,-05:00,-06:00,US/Central,OFF,OK,/video/lak-min-320754756,26,Kings,Los Angeles,de Los Angeles,LAK,2,30,Wild,Minnesota,du Minnesota,MIN,1,3,REG,3,REG,8477361,8479336.0,,,,,,,,,,,,,,,,,LAK
2020020100,20202021,2,2021-01-26,False,2021-01-27T01:00:00Z,-05:00,-06:00,America/Winnipeg,OFF,OK,/video/edm-wpg-320750176,22,Oilers,Edmonton,d'Edmonton,EDM,4,52,Jets,Winnipeg,de Winnipeg,WPG,6,3,REG,3,REG,8476945,8476392.0,,,,,,,,,,,,,,,,,WPG
2020020099,20202021,2,2021-01-26,False,2021-01-27T01:00:00Z,-05:00,-06:00,US/Central,OFF,OK,/video/chi-nsh-320750262,16,Blackhawks,Chicago,de Chicago,CHI,2,18,Predators,Nashville,de Nashville,NSH,3,4,OT,3,OT,8471469,8474600.0,,,,,,,,,,,,,,,,,NSH
2020020103,20202021,2,2021-01-26,False,2021-01-27T01:30:00Z,-05:00,-06:00,US/Central,OFF,OK,/video/det-dal-320755994,17,Red Wings,Detroit,de Detroit,DET,1,25,Stars,Dallas,de Dallas,DAL,2,4,OT,3,OT,8471418,8477450.0,,,,,,,,,,,,,,,,,DAL
2020020101,20202021,2,2021-01-26,False,2021-01-27T02:00:00Z,-05:00,-07:00,America/Edmonton,OFF,OK,/video/tor-cgy-320756838,10,Maple Leafs,Toronto,de Toronto,TOR,4,20,Flames,Calgary,de Calgary,CGY,3,3,REG,3,REG,8475883,8478483.0,,,,,,,,,,,,,,,,,TOR
2020020106,20202021,2,2021-01-26,False,2021-01-27T02:00:00Z,-05:00,-08:00,US/Pacific,OFF,OK,/video/stl-vgk-320758662,19,Blues,St. Louis,de St. Louis,STL,5,54,Golden Knights,Vegas,de Vegas,VGK,4,5,SO,3,SO,8476412,,,,,,,,,,,,,,,,,,STL
2020020104,20202021,2,2021-01-26,False,2021-01-27T02:00:00Z,-05:00,-07:00,America/Denver,OFF,OK,/video/sjs-col-320758078,28,Sharks,San Jose,de San Jose,SJS,3,21,Avalanche,Colorado,du Colorado,COL,7,3,REG,3,REG,8475831,8477501.0,,,,,,,,,,,,,,,,,COL
2020020105,20202021,2,2021-01-26,False,2021-01-27T02:00:00Z,-05:00,-07:00,America/Phoenix,OFF,OK,/video/ana-ari-320756522,24,Ducks,Anaheim,d'Anaheim,ANA,1,53,Coyotes,Arizona,de l'Arizona,ARI,0,3,REG,3,REG,8476434,8478046.0,,,,,,,,,,,,,,,,,ANA
2020020107,20202021,2,2021-01-27,False,2021-01-28T00:30:00Z,-05:00,-06:00,US/Central,OFF,OK,/video/chi-nsh-320783346,16,Blackhawks,Chicago,de Chicago,CHI,1,18,Predators,Nashville,de Nashville,NSH,2,5,SO,3,SO,8477424,,,,,,,,,,,,,,,,,,NSH
2020020108,20202021,2,2021-01-27,False,2021-01-28T01:00:00Z,-05:00,-08:00,America/Vancouver,OFF,OK,/video/ott-van-320785324,9,Senators,Ottawa,d'Ottawa,OTT,1,23,Canucks,Vancouver,de Vancouver,VAN,5,3,REG,3,REG,8477967,8476468.0,,,,,,,,,,,,,,,,Sénateurs,VAN
2020020111,20202021,2,2021-01-28,False,2021-01-29T00:00:00Z,-05:00,-05:00,US/Eastern,OFF,OK,,4,Flyers,Philadelphia,de Philadelphie,PHI,3,1,Devils,New Jersey,du New Jersey,NJD,1,3,REG,3,REG,8479394,8477290.0,,,,,,,,,,,,,,,,,PHI
2020020115,20202021,2,2021-01-28,False,2021-01-29T00:00:00Z,-05:00,-05:00,America/Montreal,OFF,OK,/video/cgy-mtl-320824410,20,Flames,Calgary,de Calgary,CGY,2,8,Canadiens,Montréal,de Montréal,MTL,4,3,REG,3,REG,8471679,8476981.0,,,,,,,,,,,,,,,,,MTL
2020020114,20202021,2,2021-01-28,False,2021-01-29T00:00:00Z,-05:00,-05:00,US/Eastern,OFF,OK,/video/fla-cbj-320821410,13,Panthers,Florida,de la Floride,FLA,2,29,Blue Jackets,Columbus,de Columbus,CBJ,3,5,SO,3,SO,8478007,,,,,,,,,,,,,,,,,,CBJ
2020020110,20202021,2,2021-01-28,False,2021-01-29T00:00:00Z,-05:00,-05:00,America/New_York,OFF,OK,/video/nyr-buf-320821474,3,Rangers,New York,de New York,NYR,3,7,Sabres,Buffalo,de Buffalo,BUF,2,4,OT,3,OT,8478048,8482109.0,,,,,,,,,,,,,,,,,NYR
2020020112,20202021,2,2021-01-28,False,2021-01-29T00:00:00Z,-05:00,-05:00,US/Eastern,OFF,OK,/video/nyi-wsh-320819162,2,Islanders,New York,de New York,NYI,3,15,Capitals,Washington,de Washington,WSH,6,3,REG,3,REG,8477970,8474590.0,,,,,,,,,,,,,,,,,WSH
2020020113,20202021,2,2021-01-28,False,2021-01-29T00:00:00Z,-05:00,-05:00,US/Eastern,OFF,OK,/video/tbl-car-320818940,14,Lightning,Tampa Bay,de Tampa Bay,TBL,0,12,Hurricanes,Carolina,de la Caroline,CAR,1,4,OT,3,OT,8475852,8480039.0,,,,,,,,,,,,,,,,,CAR
2020020109,20202021,2,2021-01-28,False,2021-01-29T00:00:00Z,-05:00,-05:00,US/Eastern,OFF,OK,/video/pit-bos-320816238,5,Penguins,Pittsburgh,de Pittsburgh,PIT,1,6,Bruins,Boston,de Boston,BOS,4,3,REG,3,REG,8470860,8476374.0,,,,,,,,,,,,,,,,,BOS
2020020118,20202021,2,2021-01-28,False,2021-01-29T01:00:00Z,-05:00,-06:00,US/Central,OFF,OK,/video/lak-min-320827750,26,Kings,Los Angeles,de Los Angeles,LAK,3,30,Wild,Minnesota,du Minnesota,MIN,5,3,REG,3,REG,8478039,8475760.0,Kähkönen,,,,,,,,,,,,,,,,MIN
2020020119,20202021,2,2021-01-28,False,2021-01-29T01:30:00Z,-05:00,-06:00,US/Central,OFF,OK,/video/det-dal-320832202,17,Red Wings,Detroit,de Detroit,DET,3,25,Stars,Dallas,de Dallas,DAL,7,3,REG,3,REG,8479979,8476467.0,,,,,,,,,,,,,,,,,DAL
2020020121,20202021,2,2021-01-28,False,2021-01-29T02:00:00Z,-05:00,-07:00,America/Phoenix,OFF,OK,/video/ana-ari-320836482,24,Ducks,Anaheim,d'Anaheim,ANA,2,53,Coyotes,Arizona,de l'Arizona,ARI,3,3,REG,3,REG,8475311,8477989.0,,,,,,,,,,,,,,,,,ARI
2020020120,20202021,2,2021-01-28,False,2021-01-29T02:00:00Z,-05:00,-07:00,America/Denver,OFF,OK,/video/sjs-col-320835770,28,Sharks,San Jose,de San Jose,SJS,0,21,Avalanche,Colorado,du Colorado,COL,3,3,REG,3,REG,8475831,8475172.0,,,,,,,,,,,,,,,,,COL
2020020116,20202021,2,2021-01-28,False,2021-01-29T03:00:00Z,-05:00,-07:00,America/Edmonton,OFF,OK,/video/tor-edm-320839444,10,Maple Leafs,Toronto,de Toronto,TOR,4,22,Oilers,Edmonton,d'Edmonton,EDM,3,3,REG,3,REG,8475883,8479318.0,,,,,,,,,,,,,,,,,TOR
2020020117,20202021,2,2021-01-28,False,2021-01-29T03:00:00Z,-05:00,-08:00,America/Vancouver,OFF,OK,/video/ott-van-320838836,9,Senators,Ottawa,d'Ottawa,OTT,1,23,Canucks,Vancouver,de Vancouver,VAN,4,3,REG,3,REG,8474651,8480012.0,,,,,,,,,,,,,,,,Sénateurs,VAN
2020020123,20202021,2,2021-01-29,False,2021-01-30T01:00:00Z,-05:00,-06:00,America/Chicago,OFF,OK,/video/cbj-chi-320865434,29,Blue Jackets,Columbus,de Columbus,CBJ,2,16,Blackhawks,Chicago,de Chicago,CHI,1,3,REG,3,REG,8476914,8480762.0,,,,,,,,,,,,,,,,,CBJ
2020020124,20202021,2,2021-01-30,False,2021-01-30T18:00:00Z,-05:00,-05:00,America/New_York,OFF,OK,/video/njd-buf-320881218,1,Devils,New Jersey,du New Jersey,NJD,3,7,Sabres,Buffalo,de Buffalo,BUF,4,5,SO,3,SO,8476999,,,,,,,,,,,,,,,,,,BUF
2020020131,20202021,2,2021-01-30,False,2021-01-31T00:00:00Z,-05:00,-05:00,America/Montreal,OFF,OK,/video/cgy-mtl-320906286,20,Flames,Calgary,de Calgary,CGY,2,8,Canadiens,Montréal,de Montréal,MTL,0,3,REG,3,REG,8474593,8476346.0,Markström,,,,,,,,,,,,,,,,CGY
2020020128,20202021,2,2021-01-30,False,2021-01-31T00:00:00Z,-05:00,-05:00,US/Eastern,OFF,OK,/video/dal-car-320901748,25,Stars,Dallas,de Dallas,DAL,1,12,Hurricanes,Carolina,de la Caroline,CAR,4,3,REG,3,REG,8473503,8476389.0,,,,,,,,,,,,,,,,,CAR
2020020127,20202021,2,2021-01-30,False,2021-01-31T00:00:00Z,-05:00,-05:00,US/Eastern,OFF,OK,/video/bos-wsh-320900000,6,Bruins,Boston,de Boston,BOS,3,15,Capitals,Washington,de Washington,WSH,4,4,OT,3,OT,8477970,8471214.0,,,,,,,,,,,,,,,,,WSH
2020020133,20202021,2,2021-01-30,False,2021-01-31T00:00:00Z,-05:00,-07:00,America/Edmonton,OFF,OK,/video/tor-edm-320903846,10,Maple Leafs,Toronto,de Toronto,TOR,3,22,Oilers,Edmonton,d'Edmonton,EDM,4,4,OT,3,OT,8475156,8478402.0,,,,,,,,,,,,,,,,,EDM
2020020126,20202021,2,2021-01-30,False,2021-01-31T00:00:00Z,-05:00,-05:00,US/Eastern,OFF,OK,,2,Islanders,New York,de New York,NYI,2,4,Flyers,Philadelphia,de Philadelphie,PHI,3,4,OT,3,OT,8479394,8476872.0,,,,,,,,,,,,,,,,,PHI
2020020129,20202021,2,2021-01-30,False,2021-01-31T00:00:00Z,-05:00,-05:00,US/Eastern,OFF,OK,/video/nsh-tbl-320904174,18,Predators,Nashville,de Nashville,NSH,3,14,Lightning,Tampa Bay,de Tampa Bay,TBL,4,3,REG,3,REG,8476883,8474564.0,,,,,,,,,,,,,,,,,TBL
2020020125,20202021,2,2021-01-30,False,2021-01-31T00:00:00Z,-05:00,-05:00,America/New_York,OFF,OK,/video/pit-nyr-320904578,5,Penguins,Pittsburgh,de Pittsburgh,PIT,5,3,Rangers,New York,de New York,NYR,4,4,OT,3,OT,8479193,8471675.0,,,,,,,,,,,,,,,,,PIT
2020020130,20202021,2,2021-01-30,False,2021-01-31T00:00:00Z,-05:00,-05:00,America/Detroit,OFF,OK,/video/fla-det-320901962,13,Panthers,Florida,de la Floride,FLA,3,17,Red Wings,Detroit,de Detroit,DET,2,4,OT,3,OT,8475683,8480037.0,,,,,,,,,,,,,,,,,FLA
2020020134,20202021,2,2021-01-30,False,2021-01-31T01:00:00Z,-05:00,-06:00,US/Central,OFF,OK,/video/col-min-320912178,21,Avalanche,Colorado,du Colorado,COL,5,30,Wild,Minnesota,du Minnesota,MIN,1,3,REG,3,REG,8475831,8475820.0,,,,,,,,,,,,,,,,,COL
2020020135,20202021,2,2021-01-30,False,2021-01-31T02:00:00Z,-05:00,-08:00,America/Los_Angeles,OFF,OK,/video/stl-ana-320913696,19,Blues,St. Louis,de St. Louis,STL,6,24,Ducks,Anaheim,d'Anaheim,ANA,1,3,REG,3,REG,8476412,8477482.0,,,,,,,,,,,,,,,,,STL
2020020132,20202021,2,2021-01-30,False,2021-01-31T03:00:00Z,-05:00,-06:00,America/Winnipeg,OFF,OK,/video/van-wpg-320916628,23,Canucks,Vancouver,de Vancouver,VAN,4,52,Jets,Winnipeg,de Winnipeg,WPG,1,3,REG,3,REG,8477967,8481535.0,,,,,,,,,,,,,,,,,VAN
2020020136,20202021,2,2021-01-31,False,2021-01-31T18:00:00Z,-05:00,-05:00,America/New_York,OFF,OK,/video/njd-buf-320929666,1,Devils,New Jersey,du New Jersey,NJD,5,7,Sabres,Buffalo,de Buffalo,BUF,3,3,REG,3,REG,8477480,8479415.0,,,,,,,,,,,,,,,,,NJD
2020020138,20202021,2,2021-01-31,False,2021-01-31T22:00:00Z,-05:00,-05:00,US/Eastern,OFF,OK,/video/dal-car-320938394,25,Stars,Dallas,de Dallas,DAL,3,12,Hurricanes,Carolina,de la Caroline,CAR,4,5,SO,3,SO,8473503,,,,,,,,,,,,,,,,,,CAR
2020020139,20202021,2,2021-01-31,False,2021-01-31T22:00:00Z,-05:00,-05:00,America/Detroit,OFF,OK,/video/fla-det-320937004,13,Panthers,Florida,de la Floride,FLA,3,17,Red Wings,Detroit,de Detroit,DET,2,3,REG,3,REG,8476904,8477409.0,,,,,,,,,,,,,,,,,FLA
2020020137,20202021,2,2021-01-31,False,2021-02-01T00:00:00Z,-05:00,-05:00,US/Eastern,OFF,OK,,2,Islanders,New York,de New York,NYI,3,4,Flyers,Philadelphia,de Philadelphie,PHI,4,4,OT,3,OT,8470880,8475763.0,,,,,,,,,,,,,,,,,PHI
2020020140,20202021,2,2021-01-31,False,2021-02-01T00:00:00Z,-05:00,-06:00,America/Chicago,OFF,OK,/video/cbj-chi-320944616,29,Blue Jackets,Columbus,de Columbus,CBJ,1,16,Blackhawks,Chicago,de Chicago,CHI,3,3,REG,3,REG,8480947,8480459.0,,,,,,,,,,,,,,,,,CHI
2020020143,20202021,2,2021-01-31,False,2021-02-01T01:00:00Z,-05:00,-08:00,America/Los_Angeles,OFF,OK,/video/stl-ana-320951142,19,Blues,St. Louis,de St. Louis,STL,4,24,Ducks,Anaheim,d'Anaheim,ANA,1,3,REG,3,REG,8478024,8478104.0,,,,,,,,,,,,,,,,,STL
2020020142,20202021,2,2021-01-31,False,2021-02-01T01:00:00Z,-05:00,-06:00,US/Central,OFF,OK,/video/col-min-320952700,21,Avalanche,Colorado,du Colorado,COL,3,30,Wild,Minnesota,du Minnesota,MIN,4,4,OT,3,OT,8475660,8476463.0,,,,,,,,,,,,,,,,,MIN
2020020141,20202021,2,2021-01-31,False,2021-02-01T02:00:00Z,-05:00,-07:00,America/Edmonton,OFF,OK,/video/ott-edm-320954290,9,Senators,Ottawa,d'Ottawa,OTT,5,22,Oilers,Edmonton,d'Edmonton,EDM,8,3,REG,3,REG,8479973,8478402.0,,,,,,,,,,,,,,,,Sénateurs,EDM
2020020144,20202021,2,2021-02-01,False,2021-02-02T00:00:00Z,-05:00,-05:00,America/New_York,OFF,OK,/video/pit-nyr-320986534,5,Penguins,Pittsburgh,de Pittsburgh,PIT,1,3,Rangers,New York,de New York,NYR,3,3,REG,3,REG,8478048,8475184.0,,,,,,,,,,,,,,,,,NYR
2020020145,20202021,2,2021-02-01,False,2021-02-02T00:00:00Z,-05:00,-05:00,US/Eastern,OFF,OK,/video/bos-wsh-320988062,6,Bruins,Boston,de Boston,BOS,5,15,Capitals,Washington,de Washington,WSH,3,3,REG,3,REG,8470860,8478443.0,,,,,,,,,,,,,,,,,BOS
2020020147,20202021,2,2021-02-01,False,2021-02-02T00:00:00Z,-05:00,-05:00,America/Montreal,OFF,OK,/video/van-mtl-320985504,23,Canucks,Vancouver,de Vancouver,VAN,2,8,Canadiens,Montréal,de Montréal,MTL,6,3,REG,3,REG,8471679,8473507.0,,,,,,,,,,,,,,,,,MTL
2020020146,20202021,2,2021-02-01,False,2021-02-02T00:00:00Z,-05:00,-05:00,US/Eastern,OFF,OK,/video/nsh-tbl-320986930,18,Predators,Nashville,de Nashville,NSH,2,14,Lightning,Tampa Bay,de Tampa Bay,TBL,5,3,REG,3,REG,8476883,8478010.0,,,,,,,,,,,,,,,,,TBL
2020020148,20202021,2,2021-02-01,False,2021-02-02T01:00:00Z,-05:00,-06:00,America/Winnipeg,OFF,OK,/video/cgy-wpg-320990176,20,Flames,Calgary,de Calgary,CGY,4,52,Jets,Winnipeg,de Winnipeg,WPG,3,5,SO,3,SO,8474593,,Markström,,,,,,,,,,,,,,,,CGY
2020020155,20202021,2,2021-02-02,False,2021-02-03T00:00:00Z,-05:00,-05:00,America/Montreal,OFF,OK,/video/van-mtl-321026586,23,Canucks,Vancouver,de Vancouver,VAN,3,8,Canadiens,Montréal,de Montréal,MTL,5,3,REG,3,REG,8474596,8475726.0,,,,,,,,,,,,,,,,,MTL
2020020152,20202021,2,2021-02-02,False,2021-02-03T00:00:00Z,-05:00,-05:00,US/Eastern,OFF,OK,/video/dal-cbj-321025496,25,Stars,Dallas,de Dallas,DAL,6,29,Blue Jackets,Columbus,de Columbus,CBJ,3,3,REG,3,REG,8479979,8478495.0,,,,,,,,,,,,,,,,,DAL
2020020156,20202021,2,2021-02-02,False,2021-02-03T01:00:00Z,-05:00,-06:00,America/Winnipeg,OFF,OK,/video/cgy-wpg-321030992,20,Flames,Calgary,de Calgary,CGY,2,52,Jets,Winnipeg,de Winnipeg,WPG,3,3,REG,3,REG,8476316,8477940.0,,,,,,,,,,,,,,,,,WPG
2020020153,20202021,2,2021-02-02,False,2021-02-03T01:00:00Z,-05:00,-06:00,America/Chicago,OFF,OK,/video/car-chi-321033666,12,Hurricanes,Carolina,de la Caroline,CAR,4,16,Blackhawks,Chicago,de Chicago,CHI,3,5,SO,3,SO,8473503,,,,,,,,,,,,,,,,,,CAR
2020020154,20202021,2,2021-02-02,False,2021-02-03T01:00:00Z,-05:00,-06:00,US/Central,OFF,OK,/video/ari-stl-321032134,53,Coyotes,Arizona,de l'Arizona,ARI,3,19,Blues,St. Louis,de St. Louis,STL,4,3,REG,3,REG,8476412,8475158.0,,,,,,,,,,,,,,,,,STL
2020020158,20202021,2,2021-02-02,False,2021-02-03T01:30:00Z,-05:00,-07:00,America/Denver,OFF,OK,/video/min-col-321034530,30,Wild,Minnesota,du Minnesota,MIN,1,21,Avalanche,Colorado,du Colorado,COL,2,3,REG,3,REG,8475831,8477501.0,,,,,,,,,,,,,,,,,COL
2020020157,20202021,2,2021-02-02,False,2021-02-03T03:00:00Z,-05:00,-07:00,America/Edmonton,OFF,OK,/video/ott-edm-321040270,9,Senators,Ottawa,d'Ottawa,OTT,2,22,Oilers,Edmonton,d'Edmonton,EDM,4,3,REG,3,REG,8475156,8477934.0,,,,,,,,,,,,,,,,Sénateurs,EDM
2020020161,20202021,2,2021-02-02,False,2021-02-03T03:00:00Z,-05:00,-08:00,America/Los_Angeles,OFF,OK,/video/ana-lak-321039704,24,Ducks,Anaheim,d'Anaheim,ANA,3,26,Kings,Los Angeles,de Los Angeles,LAK,1,3,REG,3,REG,8476434,8470655.0,,,,,,,,,,,,,,,,,ANA
2020020160,20202021,2,2021-02-03,False,2021-02-03T22:30:00Z,-05:00,-05:00,US/Eastern,OFF,OK,/video/det-tbl-321066028,17,Red Wings,Detroit,de Detroit,DET,1,14,Lightning,Tampa Bay,de Tampa Bay,TBL,5,3,REG,3,REG,8476883,8478519.0,,,,,,,,,,,,,,,,,TBL
2020020159,20202021,2,2021-02-03,False,2021-02-04T01:00:00Z,-05:00,-05:00,US/Eastern,OFF,OK,/video/bos-phi-321068172,6,Bruins,Boston,de Boston,BOS,4,4,Flyers,Philadelphia,de Philadelphie,PHI,3,4,OT,3,OT,8471695,8470638.0,,,,,,,,,,,,,,,,,BOS
2020020170,20202021,2,2021-02-04,False,2021-02-05T00:00:00Z,-05:00,-05:00,America/Montreal,OFF,OK,/video/ott-mtl-321101542,9,Senators,Ottawa,d'Ottawa,OTT,3,8,Canadiens,Montréal,de Montréal,MTL,2,3,REG,3,REG,8476899,8477015.0,,,,,,,,,,,,,,,,Sénateurs,OTT
2020020165,20202021,2,2021-02-04,False,2021-02-05T00:00:00Z,-05:00,-05:00,US/Eastern,OFF,OK,/video/nsh-fla-321103682,18,Predators,Nashville,de Nashville,NSH,6,13,Panthers,Florida,de la Floride,FLA,5,4,OT,3,OT,8471469,8476887.0,,,,,,,,,,,,,,,,,NSH
2020020171,20202021,2,2021-02-04,False,2021-02-05T00:00:00Z,-05:00,-05:00,America/Toronto,OFF,OK,/video/van-tor-321102226,23,Canucks,Vancouver,de Vancouver,VAN,3,10,Maple Leafs,Toronto,de Toronto,TOR,7,3,REG,3,REG,8475883,8469455.0,,,,,,,,,,,,,,,,,TOR
2020020167,20202021,2,2021-02-04,False,2021-02-05T00:00:00Z,-05:00,-05:00,US/Eastern,OFF,OK,/video/dal-cbj-321101338,25,Stars,Dallas,de Dallas,DAL,3,29,Blue Jackets,Columbus,de Columbus,CBJ,4,3,REG,3,REG,8476914,8474715.0,,,,,,,,,,,,,,,,,CBJ
2020020164,20202021,2,2021-02-04,False,2021-02-05T00:00:00Z,-05:00,-05:00,America/New_York,OFF,OK,/video/wsh-nyr-321102016,15,Capitals,Washington,de Washington,WSH,2,3,Rangers,New York,de New York,NYR,4,3,REG,3,REG,8478048,8476458.0,,,,,,,,,,,,,,,,,NYR
2020020168,20202021,2,2021-02-04,False,2021-02-05T01:00:00Z,-05:00,-06:00,America/Chicago,OFF,OK,/video/car-chi-321111044,12,Hurricanes,Carolina,de la Caroline,CAR,4,16,Blackhawks,Chicago,de Chicago,CHI,6,3,REG,3,REG,8480947,8479337.0,,,,,,,,,,,,,,,,,CHI
2020020172,20202021,2,2021-02-04,False,2021-02-05T01:00:00Z,-05:00,-06:00,America/Winnipeg,OFF,OK,/video/cgy-wpg-321108176,20,Flames,Calgary,de Calgary,CGY,1,52,Jets,Winnipeg,de Winnipeg,WPG,4,3,REG,3,REG,8476945,8478398.0,,,,,,,,,,,,,,,,,WPG
2020020169,20202021,2,2021-02-04,False,2021-02-05T01:00:00Z,-05:00,-06:00,US/Central,OFF,OK,/video/ari-stl-321109062,53,Coyotes,Arizona,de l'Arizona,ARI,4,19,Blues,St. Louis,de St. Louis,STL,3,3,REG,3,REG,8477293,8477989.0,,,,,,,,,,,,,,,,,ARI
2020020175,20202021,2,2021-02-05,False,2021-02-06T00:00:00Z,-05:00,-05:00,US/Eastern,OFF,OK,/video/det-tbl-321135572,17,Red Wings,Detroit,de Detroit,DET,1,14,Lightning,Tampa Bay,de Tampa Bay,TBL,3,3,REG,3,REG,8476883,8476624.0,,,,,,,,,,,,,,,,,TBL
2020020176,20202021,2,2021-02-05,False,2021-02-06T00:00:00Z,-05:00,-05:00,US/Eastern,OFF,OK,/video/nsh-fla-321136434,18,Predators,Nashville,de Nashville,NSH,1,13,Panthers,Florida,de la Floride,FLA,2,3,REG,3,REG,8476904,8477409.0,,,,,,,,,,,,,,,,,FLA
2020020174,20202021,2,2021-02-05,False,2021-02-06T00:00:00Z,-05:00,-05:00,US/Eastern,OFF,OK,/video/bos-phi-321136858,6,Bruins,Boston,de Boston,BOS,2,4,Flyers,Philadelphia,de Philadelphie,PHI,1,3,REG,3,REG,8471695,8476374.0,,,,,,,,,,,,,,,,,BOS
2020020178,20202021,2,2021-02-05,False,2021-02-06T03:00:00Z,-05:00,-08:00,America/Los_Angeles,OFF,OK,/video/sjs-ana-321143630,28,Sharks,San Jose,de San Jose,SJS,5,24,Ducks,Anaheim,d'Anaheim,ANA,4,5,SO,3,SO,8474889,,,,,,,,,,,,,,,,,,SJS
2020020177,20202021,2,2021-02-05,False,2021-02-06T03:00:00Z,-05:00,-08:00,US/Pacific,OFF,OK,/video/lak-vgk-321142934,26,Kings,Los Angeles,de Los Angeles,LAK,2,54,Golden Knights,Vegas,de Vegas,VGK,5,3,REG,3,REG,8470594,8476539.0,,,,,,,,,,,,,,,,,VGK
2020020183,20202021,2,2021-02-06,False,2021-02-06T18:00:00Z,-05:00,-05:00,US/Eastern,OFF,OK,/video/mtl-ott-321154830,8,Canadiens,Montréal,de Montréal,MTL,2,9,Senators,Ottawa,d'Ottawa,OTT,1,3,REG,3,REG,8474596,8476981.0,,,,,,,,,,,,,,,Sénateurs,,MTL
2020020550,20202021,2,2021-02-06,False,2021-02-06T20:00:00Z,-05:00,-06:00,US/Central,OFF,OK,/video/ari-stl-321158766,53,Coyotes,Arizona,de l'Arizona,ARI,3,19,Blues,St. Louis,de St. Louis,STL,1,3,REG,3,REG,8475311,8479343.0,,,,,,,,,,,,,,,,,ARI
2020020181,20202021,2,2021-02-06,False,2021-02-07T00:00:00Z,-05:00,-05:00,America/New_York,OFF,OK,/video/pit-nyi-321163284,5,Penguins,Pittsburgh,de Pittsburgh,PIT,3,2,Islanders,New York,de New York,NYI,4,3,REG,3,REG,8473575,8475314.0,,,,,,,,,,,,,,,,,NYI
2020020184,20202021,2,2021-02-06,False,2021-02-07T00:00:00Z,-05:00,-05:00,America/Toronto,OFF,OK,/video/van-tor-321164436,23,Canucks,Vancouver,de Vancouver,VAN,1,10,Maple Leafs,Toronto,de Toronto,TOR,5,3,REG,3,REG,8475883,8479318.0,,,,,,,,,,,,,,,,,TOR
2020020185,20202021,2,2021-02-06,False,2021-02-07T03:00:00Z,-05:00,-07:00,America/Edmonton,OFF,OK,/video/edm-cgy-321171870,22,Oilers,Edmonton,d'Edmonton,EDM,4,20,Flames,Calgary,de Calgary,CGY,6,3,REG,3,REG,8474593,8476346.0,Markström,,,,,,,,,,,,,,,,CGY
2020020187,20202021,2,2021-02-06,False,2021-02-07T03:00:00Z,-05:00,-08:00,America/Los_Angeles,OFF,OK,/video/sjs-ana-321171612,28,Sharks,San Jose,de San Jose,SJS,1,24,Ducks,Anaheim,d'Anaheim,ANA,2,5,SO,3,SO,8468011,,,,,,,,,,,,,,,,,,ANA
2020020188,20202021,2,2021-02-07,False,2021-02-07T17:00:00Z,-05:00,-05:00,US/Eastern,OFF,OK,,4,Flyers,Philadelphia,de Philadelphie,PHI,7,15,Capitals,Washington,de Washington,WSH,4,3,REG,3,REG,8479394,8476461.0,,,,,,,,,,,,,,,,,PHI
2020020194,20202021,2,2021-02-07,False,2021-02-07T20:00:00Z,-05:00,-08:00,US/Pacific,OFF,OK,/video/lak-vgk-321190790,26,Kings,Los Angeles,de Los Angeles,LAK,3,54,Golden Knights,Vegas,de Vegas,VGK,4,3,REG,3,REG,8475215,8476905.0,,,,,,,,,,,,,,,,,VGK
2020020189,20202021,2,2021-02-07,False,2021-02-07T20:00:00Z,-05:00,-05:00,US/Eastern,OFF,OK,/video/det-fla-321192204,17,Red Wings,Detroit,de Detroit,DET,4,13,Panthers,Florida,de la Floride,FLA,1,3,REG,3,REG,8471306,8479379.0,,,,,,,,,,,,,,,,,DET
2020020190,20202021,2,2021-02-07,False,2021-02-07T20:00:00Z,-05:00,-05:00,US/Eastern,OFF,OK,/video/car-cbj-321192558,12,Hurricanes,Carolina,de la Caroline,CAR,6,29,Blue Jackets,Columbus,de Columbus,CBJ,5,3,REG,3,REG,8473503,8476462.0,,,,,,,,,,,,,,,,,CAR
2020020193,20202021,2,2021-02-07,False,2021-02-07T20:00:00Z,-05:00,-06:00,US/Central,OFF,OK,/video/chi-dal-321191832,16,Blackhawks,Chicago,de Chicago,CHI,2,25,Stars,Dallas,de Dallas,DAL,1,4,OT,3,OT,8476876,8479337.0,,,,,,,,,,,,,,,,,CHI
2020020200,20202021,2,2021-02-08,False,2021-02-09T00:00:00Z,-05:00,-05:00,America/Toronto,OFF,OK,/video/van-tor-321223238,23,Canucks,Vancouver,de Vancouver,VAN,1,10,Maple Leafs,Toronto,de Toronto,TOR,3,3,REG,3,REG,8475883,8479318.0,,,,,,,,,,,,,,,,,TOR
2020020196,20202021,2,2021-02-08,False,2021-02-09T00:00:00Z,-05:00,-05:00,America/New_York,OFF,OK,/video/nyi-nyr-321221816,2,Islanders,New York,de New York,NYI,2,3,Rangers,New York,de New York,NYR,0,3,REG,3,REG,8473575,8475231.0,,,,,,,,,,,,,,,,,NYI
2020020197,20202021,2,2021-02-08,False,2021-02-09T00:00:00Z,-05:00,-05:00,US/Eastern,OFF,OK,/video/car-cbj-321227764,12,Hurricanes,Carolina,de la Caroline,CAR,2,29,Blue Jackets,Columbus,de Columbus,CBJ,3,3,REG,3,REG,8476914,8478458.0,,,,,,,,,,,,,,,,,CBJ
2020020199,20202021,2,2021-02-08,False,2021-02-09T00:00:00Z,-05:00,-05:00,US/Eastern,OFF,OK,/video/edm-ott-321227628,22,Oilers,Edmonton,d'Edmonton,EDM,3,9,Senators,Ottawa,d'Ottawa,OTT,1,3,REG,3,REG,8469608,8474589.0,,,,,,,,,,,,,,,Sénateurs,,EDM
2020020565,20202021,2,2021-02-08,False,2021-02-09T01:00:00Z,-05:00,-06:00,US/Central,OFF,OK,/video/ari-stl-321231346,53,Coyotes,Arizona,de l'Arizona,ARI,4,19,Blues,St. Louis,de St. Louis,STL,3,5,SO,3,SO,8475311,,,,,,,,,,,,,,,,,,ARI
2020020198,20202021,2,2021-02-08,False,2021-02-09T01:00:00Z,-05:00,-06:00,US/Central,OFF,OK,/video/tbl-nsh-321229864,14,Lightning,Tampa Bay,de Tampa Bay,TBL,4,18,Predators,Nashville,de Nashville,NSH,1,3,REG,3,REG,8470147,8478519.0,,,,,,,,,,,,,,,,,TBL
2020020205,20202021,2,2021-02-09,False,2021-02-10T00:00:00Z,-05:00,-05:00,US/Eastern,OFF,OK,/video/edm-ott-321253570,22,Oilers,Edmonton,d'Edmonton,EDM,3,9,Senators,Ottawa,d'Ottawa,OTT,2,3,REG,3,REG,8475156,8475197.0,,,,,,,,,,,,,,,Sénateurs,,EDM
2020020203,20202021,2,2021-02-09,False,2021-02-10T00:00:00Z,-05:00,-05:00,US/Eastern,OFF,OK,/video/det-fla-321253742,17,Red Wings,Detroit,de Detroit,DET,1,13,Panthers,Florida,de la Floride,FLA,2,3,REG,3,REG,8475683,8471887.0,,,,,,,,,,,,,,,,,FLA
2020020204,20202021,2,2021-02-09,False,2021-02-10T01:30:00Z,-05:00,-06:00,US/Central,OFF,OK,/video/tbl-nsh-321261050,14,Lightning,Tampa Bay,de Tampa Bay,TBL,6,18,Predators,Nashville,de Nashville,NSH,1,3,REG,3,REG,8476883,8476292.0,,,,,,,,,,,,,,,,,TBL
2020020208,20202021,2,2021-02-09,False,2021-02-10T01:30:00Z,-05:00,-06:00,US/Central,OFF,OK,/video/chi-dal-321260486,16,Blackhawks,Chicago,de Chicago,CHI,2,25,Stars,Dallas,de Dallas,DAL,1,4,OT,3,OT,8480947,8480459.0,,,,,,,,,,,,,,,,,CHI
2020020211,20202021,2,2021-02-09,False,2021-02-10T03:00:00Z,-05:00,-08:00,America/Los_Angeles,OFF,OK,/video/sjs-lak-321266826,28,Sharks,San Jose,de San Jose,SJS,4,26,Kings,Los Angeles,de Los Angeles,LAK,3,5,SO,3,SO,8474889,,,,,,,,,,,,,,,,,,SJS
2020020206,20202021,2,2021-02-09,False,2021-02-10T03:00:00Z,-05:00,-07:00,America/Edmonton,OFF,OK,/video/wpg-cgy-321266310,52,Jets,Winnipeg,de Winnipeg,WPG,2,20,Flames,Calgary,de Calgary,CGY,3,3,REG,3,REG,8474593,8477496.0,Markström,,,,,,,,,,,,,,,,CGY
2020020210,20202021,2,2021-02-09,False,2021-02-10T03:00:00Z,-05:00,-08:00,US/Pacific,OFF,OK,/video/ana-vgk-321264746,24,Ducks,Anaheim,d'Anaheim,ANA,4,54,Golden Knights,Vegas,de Vegas,VGK,5,3,REG,3,REG,8470594,8480727.0,,,,,,,,,,,,,,,,,VGK
2020020212,20202021,2,2021-02-10,False,2021-02-11T00:00:00Z,-05:00,-05:00,America/New_York,OFF,OK,/video/bos-nyr-321288294,6,Bruins,Boston,de Boston,BOS,3,3,Rangers,New York,de New York,NYR,2,4,OT,3,OT,8471695,8473419.0,,,,,,,,,,,,,,,,,BOS
2020020213,20202021,2,2021-02-10,False,2021-02-11T00:30:00Z,-05:00,-05:00,America/Montreal,OFF,OK,/video/tor-mtl-321288308,10,Maple Leafs,Toronto,de Toronto,TOR,4,8,Canadiens,Montréal,de Montréal,MTL,2,3,REG,3,REG,8475883,8481624.0,,,,,,,,,,,,,,,,,TOR
2020020217,20202021,2,2021-02-11,False,2021-02-12T00:00:00Z,-05:00,-05:00,US/Eastern,OFF,OK,/video/tbl-fla-321317286,14,Lightning,Tampa Bay,de Tampa Bay,TBL,2,13,Panthers,Florida,de la Floride,FLA,5,3,REG,3,REG,8475683,8477932.0,,,,,,,,,,,,,,,,,FLA
2020020215,20202021,2,2021-02-11,False,2021-02-12T00:00:00Z,-05:00,-05:00,America/New_York,OFF,OK,/video/pit-nyi-321319154,5,Penguins,Pittsburgh,de Pittsburgh,PIT,4,2,Islanders,New York,de New York,NYI,3,5,SO,3,SO,8479193,,,,,,,,,,,,,,,,,,PIT
2020020220,20202021,2,2021-02-11,False,2021-02-12T01:00:00Z,-05:00,-05:00,America/Montreal,OFF,OK,/video/edm-mtl-321326540,22,Oilers,Edmonton,d'Edmonton,EDM,3,8,Canadiens,Montréal,de Montréal,MTL,0,3,REG,3,REG,8469608,8476915.0,,,,,,,,,,,,,,,,,EDM
2020020221,20202021,2,2021-02-11,False,2021-02-12T01:00:00Z,-05:00,-06:00,America/Winnipeg,OFF,OK,/video/ott-wpg-321324628,9,Senators,Ottawa,d'Ottawa,OTT,1,52,Jets,Winnipeg,de Winnipeg,WPG,5,3,REG,3,REG,8476945,8477940.0,,,,,,,,,,,,,,,,Sénateurs,WPG
2020020218,20202021,2,2021-02-11,False,2021-02-12T01:00:00Z,-05:00,-06:00,America/Chicago,OFF,OK,/video/cbj-chi-321324868,29,Blue Jackets,Columbus,de Columbus,CBJ,6,16,Blackhawks,Chicago,de Chicago,CHI,5,3,REG,3,REG,8476914,8478831.0,,,,,,,,,,,,,,,,,CBJ
2020020219,20202021,2,2021-02-11,False,2021-02-12T01:00:00Z,-05:00,-06:00,US/Central,OFF,OK,/video/det-nsh-321325912,17,Red Wings,Detroit,de Detroit,DET,2,18,Predators,Nashville,de Nashville,NSH,3,3,REG,3,REG,8471469,8479371.0,,,,,,,,,,,,,,,,,NSH
2020020224,20202021,2,2021-02-11,False,2021-02-12T01:30:00Z,-05:00,-06:00,US/Central,OFF,OK,/video/car-dal-321330770,12,Hurricanes,Carolina,de la Caroline,CAR,5,25,Stars,Dallas,de Dallas,DAL,3,3,REG,3,REG,8473503,8475799.0,,,,,,,,,,,,,,,,,CAR
2020020227,20202021,2,2021-02-11,False,2021-02-12T03:00:00Z,-05:00,-08:00,America/Los_Angeles,OFF,OK,/video/sjs-lak-321335454,28,Sharks,San Jose,de San Jose,SJS,2,26,Kings,Los Angeles,de Los Angeles,LAK,6,3,REG,3,REG,8477361,8478455.0,,,,,,,,,,,,,,,,,LAK
2020020226,20202021,2,2021-02-11,False,2021-02-12T03:00:00Z,-05:00,-08:00,US/Pacific,OFF,OK,/video/ana-vgk-321333910,24,Ducks,Anaheim,d'Anaheim,ANA,1,54,Golden Knights,Vegas,de Vegas,VGK,0,3,REG,3,REG,8476434,8480031.0,,,,,,,,,,,,,,,,,ANA
2020020222,20202021,2,2021-02-11,False,2021-02-12T03:00:00Z,-05:00,-08:00,America/Vancouver,OFF,OK,/video/cgy-van-321335178,20,Flames,Calgary,de Calgary,CGY,3,23,Canucks,Vancouver,de Vancouver,VAN,1,3,REG,3,REG,8474593,8478233.0,Markström,,,,,,,,,,,,,,,,CGY
2020020228,20202021,2,2021-02-12,False,2021-02-13T00:00:00Z,-05:00,-05:00,America/New_York,OFF,OK,/video/bos-nyr-321354356,6,Bruins,Boston,de Boston,BOS,1,3,Rangers,New York,de New York,NYR,0,3,REG,3,REG,8470860,8477941.0,,,,,,,,,,,,,,,,,BOS
2020020684,20202021,2,2021-02-12,False,2021-02-13T02:00:00Z,-05:00,-07:00,America/Phoenix,OFF,OK,/video/stl-ari-321358054,19,Blues,St. Louis,de St. Louis,STL,4,53,Coyotes,Arizona,de l'Arizona,ARI,1,3,REG,3,REG,8476412,8475753.0,,,,,,,,,,,,,,,,,STL
2020020236,20202021,2,2021-02-13,False,2021-02-13T20:00:00Z,-05:00,-06:00,America/Winnipeg,OFF,OK,/video/ott-wpg-321370396,9,Senators,Ottawa,d'Ottawa,OTT,2,52,Jets,Winnipeg,de Winnipeg,WPG,1,3,REG,3,REG,8477405,8480801.0,,,,,,,,,,,,,,,,Sénateurs,OTT
2020020149,20202021,2,2021-02-13,False,2021-02-13T21:00:00Z,-05:00,-08:00,US/Pacific,OFF,OK,/video/vgk-sjs-321373788,54,Golden Knights,Vegas,de Vegas,VGK,3,28,Sharks,San Jose,de San Jose,SJS,1,3,REG,3,REG,8470594,8475913.0,,,,,,,,,,,,,,,,,VGK
2020020230,20202021,2,2021-02-13,False,2021-02-14T00:00:00Z,-05:00,-05:00,America/New_York,OFF,OK,/video/bos-nyi-321383650,6,Bruins,Boston,de Boston,BOS,2,2,Islanders,New York,de New York,NYI,4,3,REG,3,REG,8473575,8478445.0,,,,,,,,,,,,,,,,,NYI
2020020235,20202021,2,2021-02-13,False,2021-02-14T00:00:00Z,-05:00,-05:00,America/Toronto,OFF,OK,/video/mtl-tor-321382452,8,Canadiens,Montréal,de Montréal,MTL,2,10,Maple Leafs,Toronto,de Toronto,TOR,1,3,REG,3,REG,8471679,8475848.0,,,,,,,,,,,,,,,,,MTL
2020020232,20202021,2,2021-02-13,False,2021-02-14T00:00:00Z,-05:00,-05:00,US/Eastern,OFF,OK,/video/tbl-fla-321384612,14,Lightning,Tampa Bay,de Tampa Bay,TBL,6,13,Panthers,Florida,de la Floride,FLA,1,3,REG,3,REG,8476883,8478472.0,,,,,,,,,,,,,,,,,TBL
2020020233,20202021,2,2021-02-13,False,2021-02-14T01:00:00Z,-05:00,-06:00,America/Chicago,OFF,OK,/video/cbj-chi-321389354,29,Blue Jackets,Columbus,de Columbus,CBJ,2,16,Blackhawks,Chicago,de Chicago,CHI,3,4,OT,3,OT,8480947,8479337.0,,,,,,,,,,,,,,,,,CHI
2020020238,20202021,2,2021-02-13,False,2021-02-14T01:00:00Z,-05:00,-06:00,US/Central,OFF,OK,/video/car-dal-321392700,12,Hurricanes,Carolina,de la Caroline,CAR,4,25,Stars,Dallas,de Dallas,DAL,3,5,SO,3,SO,8477968,,,,,,,,,,,,,,,,,,CAR
2020020239,20202021,2,2021-02-13,False,2021-02-14T01:00:00Z,-05:00,-07:00,America/Phoenix,OFF,OK,/video/stl-ari-321391872,19,Blues,St. Louis,de St. Louis,STL,5,53,Coyotes,Arizona,de l'Arizona,ARI,4,4,OT,3,OT,8478024,8474884.0,,,,,,,,,,,,,,,,,STL
2020020234,20202021,2,2021-02-13,False,2021-02-14T01:00:00Z,-05:00,-06:00,US/Central,OFF,OK,/video/det-nsh-321390658,17,Red Wings,Detroit,de Detroit,DET,4,18,Predators,Nashville,de Nashville,NSH,2,3,REG,3,REG,8473541,8476822.0,,,,,,,,,,,,,,,,,DET
2020020237,20202021,2,2021-02-13,False,2021-02-14T03:00:00Z,-05:00,-08:00,America/Vancouver,OFF,OK,/video/cgy-van-321397120,20,Flames,Calgary,de Calgary,CGY,1,23,Canucks,Vancouver,de Vancouver,VAN,3,3,REG,3,REG,8477967,8474574.0,,,,,,,,,,,,,,,,,VAN
2020020242,20202021,2,2021-02-14,False,2021-02-14T20:00:00Z,-05:00,-05:00,US/Eastern,OFF,OK,/video/wsh-pit-321408732,15,Capitals,Washington,de Washington,WSH,3,5,Penguins,Pittsburgh,de Pittsburgh,PIT,6,3,REG,3,REG,8477465,8477404.0,,,,,,,,,,,,,,,,,PIT
2020020243,20202021,2,2021-02-14,False,2021-02-15T00:00:00Z,-05:00,-08:00,US/Pacific,OFF,OK,/video/col-vgk-321412594,21,Avalanche,Colorado,du Colorado,COL,0,54,Golden Knights,Vegas,de Vegas,VGK,1,3,REG,3,REG,8470594,8474157.0,,,,,,,,,,,,,,,,,VGK
2020020251,20202021,2,2021-02-15,False,2021-02-15T21:00:00Z,-05:00,-07:00,America/Phoenix,OFF,OK,/video/stl-ari-321431098,19,Blues,St. Louis,de St. Louis,STL,0,53,Coyotes,Arizona,de l'Arizona,ARI,1,3,REG,3,REG,8475311,8479343.0,,,,,,,,,,,,,,,,,ARI
2020020256,20202021,2,2021-02-15,False,2021-02-16T00:00:00Z,-05:00,-05:00,US/Eastern,OFF,OK,,13,Panthers,Florida,de la Floride,FLA,6,14,Lightning,Tampa Bay,de Tampa Bay,TBL,4,3,REG,3,REG,8476904,8477493.0,,,,,,,,,,,,,,,,,FLA
2020020255,20202021,2,2021-02-15,False,2021-02-16T00:00:00Z,-05:00,-05:00,US/Eastern,OFF,OK,/video/cbj-car-321446222,29,Blue Jackets,Columbus,de Columbus,CBJ,3,12,Hurricanes,Carolina,de la Caroline,CAR,7,3,REG,3,REG,8473503,8476882.0,,,,,,,,,,,,,,,,,CAR
2020020245,20202021,2,2021-02-15,False,2021-02-16T00:00:00Z,-05:00,-05:00,America/New_York,OFF,OK,/video/nyi-buf-321443076,2,Islanders,New York,de New York,NYI,3,7,Sabres,Buffalo,de Buffalo,BUF,1,3,REG,3,REG,8473575,8476419.0,,,,,,,,,,,,,,,,,NYI
2020020247,20202021,2,2021-02-15,False,2021-02-16T00:00:00Z,-05:00,-05:00,America/Toronto,OFF,OK,/video/ott-tor-321444684,9,Senators,Ottawa,d'Ottawa,OTT,6,10,Maple Leafs,Toronto,de Toronto,TOR,5,4,OT,3,OT,8477405,8474149.0,,,,,,,,,,,,,,,,Sénateurs,OTT
2020020246,20202021,2,2021-02-15,False,2021-02-16T00:30:00Z,-05:00,-05:00,America/Detroit,OFF,OK,/video/chi-det-321446494,16,Blackhawks,Chicago,de Chicago,CHI,3,17,Red Wings,Detroit,de Detroit,DET,2,4,OT,3,OT,8476876,8477330.0,,,,,,,,,,,,,,,,,CHI
2020020248,20202021,2,2021-02-15,False,2021-02-16T02:00:00Z,-05:00,-07:00,America/Edmonton,OFF,OK,/video/wpg-edm-321454134,52,Jets,Winnipeg,de Winnipeg,WPG,6,22,Oilers,Edmonton,d'Edmonton,EDM,5,3,REG,3,REG,8476945,8471218.0,,,,,,,,,,,,,,,,,WPG
2020020249,20202021,2,2021-02-15,False,2021-02-16T03:00:00Z,-05:00,-08:00,America/Vancouver,OFF,OK,/video/cgy-van-321457684,20,Flames,Calgary,de Calgary,CGY,4,23,Canucks,Vancouver,de Vancouver,VAN,3,4,OT,3,OT,8474593,8476346.0,Markström,,,,,,,,,,,,,,,,CGY
2020020252,20202021,2,2021-02-15,False,2021-02-16T03:30:00Z,-05:00,-08:00,US/Pacific,OFF,OK,/video/ana-sjs-321458570,24,Ducks,Anaheim,d'Anaheim,ANA,2,28,Sharks,San Jose,de San Jose,SJS,3,3,REG,3,REG,8474889,8474053.0,,,,,,,,,,,,,,,,,SJS
2020020253,20202021,2,2021-02-16,False,2021-02-17T00:00:00Z,-05:00,-05:00,America/New_York,OFF,OK,/video/nyi-buf-321481922,2,Islanders,New York,de New York,NYI,3,7,Sabres,Buffalo,de Buffalo,BUF,0,3,REG,3,REG,8478009,8475314.0,,,,,,,,,,,,,,,,,NYI
2020020257,20202021,2,2021-02-16,False,2021-02-17T00:00:00Z,-05:00,-05:00,US/Eastern,OFF,OK,/video/wsh-pit-321482418,15,Capitals,Washington,de Washington,WSH,3,5,Penguins,Pittsburgh,de Pittsburgh,PIT,1,3,REG,3,REG,8477970,8477944.0,,,,,,,,,,,,,,,,,WSH
2020020364,20202021,2,2021-02-16,False,2021-02-17T00:00:00Z,-05:00,-05:00,America/New_York,OFF,OK,/video/njd-nyr-321482486,1,Devils,New Jersey,du New Jersey,NJD,5,3,Rangers,New York,de New York,NYR,2,3,REG,3,REG,8478406,8481068.0,,,,,,,,,,,,,,,,,NJD
2020020259,20202021,2,2021-02-16,False,2021-02-17T03:00:00Z,-05:00,-08:00,US/Pacific,OFF,OK,/video/col-vgk-321487958,21,Avalanche,Colorado,du Colorado,COL,3,54,Golden Knights,Vegas,de Vegas,VGK,2,3,REG,3,REG,8475831,8475172.0,,,,,,,,,,,,,,,,,COL
2020020260,20202021,2,2021-02-16,False,2021-02-17T03:00:00Z,-05:00,-08:00,America/Los_Angeles,OFF,OK,/video/min-lak-321489178,30,Wild,Minnesota,du Minnesota,MIN,0,26,Kings,Los Angeles,de Los Angeles,LAK,4,3,REG,3,REG,8471734,8479994.0,,,,,,,,,,,,,,,,,LAK
2020020062,20202021,2,2021-02-17,False,2021-02-17T22:00:00Z,-05:00,-05:00,US/Eastern,OFF,OK,/video/fla-car-321508250,13,Panthers,Florida,de la Floride,FLA,4,12,Hurricanes,Carolina,de la Caroline,CAR,3,4,OT,3,OT,8476904,8476456.0,,,,,,,,,,,,,,,,,FLA
2020020262,20202021,2,2021-02-17,False,2021-02-18T00:00:00Z,-05:00,-05:00,America/Toronto,OFF,OK,/video/ott-tor-321511472,9,Senators,Ottawa,d'Ottawa,OTT,1,10,Maple Leafs,Toronto,de Toronto,TOR,2,3,REG,3,REG,8475883,8477021.0,,,,,,,,,,,,,,,,Sénateurs,TOR
2020020261,20202021,2,2021-02-17,False,2021-02-18T00:30:00Z,-05:00,-05:00,America/Detroit,OFF,OK,/video/chi-det-321511290,16,Blackhawks,Chicago,de Chicago,CHI,2,17,Red Wings,Detroit,de Detroit,DET,0,3,REG,3,REG,8480947,8480798.0,,,,,,,,,,,,,,,,,CHI
2020020263,20202021,2,2021-02-17,False,2021-02-18T03:00:00Z,-05:00,-07:00,America/Edmonton,OFF,OK,/video/van-cgy-321518918,23,Canucks,Vancouver,de Vancouver,VAN,5,20,Flames,Calgary,de Calgary,CGY,1,3,REG,3,REG,8474651,8477500.0,,,,,,,,,,,,,,,,,VAN
2020020264,20202021,2,2021-02-17,False,2021-02-18T03:00:00Z,-05:00,-07:00,America/Edmonton,OFF,OK,/video/wpg-edm-321517174,52,Jets,Winnipeg,de Winnipeg,WPG,2,22,Oilers,Edmonton,d'Edmonton,EDM,3,3,REG,3,REG,8469608,8477934.0,,,,,,,,,,,,,,,,,EDM
2020020266,20202021,2,2021-02-18,False,2021-02-19T00:00:00Z,-05:00,-05:00,US/Eastern,OFF,OK,,3,Rangers,New York,de New York,NYR,3,4,Flyers,Philadelphia,de Philadelphie,PHI,2,5,SO,3,SO,8480382,,,,,,,,,,,,,,,,,,NYR
2020020270,20202021,2,2021-02-18,False,2021-02-19T00:00:00Z,-05:00,-05:00,America/Toronto,OFF,OK,/video/ott-tor-321549484,9,Senators,Ottawa,d'Ottawa,OTT,3,10,Maple Leafs,Toronto,de Toronto,TOR,7,3,REG,3,REG,8474636,8481624.0,,,,,,,,,,,,,,,,Sénateurs,TOR
2020020268,20202021,2,2021-02-18,False,2021-02-19T00:00:00Z,-05:00,-05:00,US/Eastern,OFF,OK,/video/nsh-cbj-321549612,18,Predators,Nashville,de Nashville,NSH,0,29,Blue Jackets,Columbus,de Columbus,CBJ,3,3,REG,3,REG,8478007,8474715.0,,,,,,,,,,,,,,,,,CBJ
2020020265,20202021,2,2021-02-18,False,2021-02-19T00:00:00Z,-05:00,-05:00,US/Eastern,OFF,OK,/video/njd-bos-321549996,1,Devils,New Jersey,du New Jersey,NJD,3,6,Bruins,Boston,de Boston,BOS,2,3,REG,3,REG,8478406,8478401.0,,,,,,,,,,,,,,,,,NJD
2020020667,20202021,2,2021-02-18,False,2021-02-19T00:00:00Z,-05:00,-05:00,US/Eastern,OFF,OK,/video/buf-wsh-321547852,7,Sabres,Buffalo,de Buffalo,BUF,1,15,Capitals,Washington,de Washington,WSH,3,3,REG,3,REG,8477970,8476880.0,,,,,,,,,,,,,,,,,WSH
2020020267,20202021,2,2021-02-18,False,2021-02-19T00:00:00Z,-05:00,-05:00,US/Eastern,OFF,OK,/video/nyi-pit-321548536,2,Islanders,New York,de New York,NYI,1,5,Penguins,Pittsburgh,de Pittsburgh,PIT,4,3,REG,3,REG,8477465,8476927.0,,,,,,,,,,,,,,,,,PIT
2020020269,20202021,2,2021-02-18,False,2021-02-19T01:00:00Z,-05:00,-06:00,US/Central,OFF,OK,/video/sjs-stl-321555124,28,Sharks,San Jose,de San Jose,SJS,2,19,Blues,St. Louis,de St. Louis,STL,3,4,OT,3,OT,8476412,8474102.0,,,,,,,,,,,,,,,,,STL
2020020272,20202021,2,2021-02-18,False,2021-02-19T02:00:00Z,-05:00,-07:00,America/Phoenix,OFF,OK,/video/lak-ari-321557740,26,Kings,Los Angeles,de Los Angeles,LAK,3,53,Coyotes,Arizona,de l'Arizona,ARI,2,5,SO,3,SO,8471734,,,,,,,,,,,,,,,,,,LAK
2020020273,20202021,2,2021-02-18,False,2021-02-19T03:00:00Z,-05:00,-08:00,America/Los_Angeles,OFF,OK,/video/min-ana-321558200,30,Wild,Minnesota,du Minnesota,MIN,3,24,Ducks,Anaheim,d'Anaheim,ANA,1,3,REG,3,REG,8478039,8477942.0,Kähkönen,,,,,,,,,,,,,,,,MIN
2020020274,20202021,2,2021-02-19,False,2021-02-20T00:00:00Z,-05:00,-05:00,US/Eastern,OFF,OK,/video/chi-car-321586038,16,Blackhawks,Chicago,de Chicago,CHI,3,12,Hurricanes,Carolina,de la Caroline,CAR,5,3,REG,3,REG,8473503,8475799.0,,,,,,,,,,,,,,,,,CAR
2020020275,20202021,2,2021-02-19,False,2021-02-20T00:00:00Z,-05:00,-05:00,America/Detroit,OFF,OK,/video/fla-det-321586638,13,Panthers,Florida,de la Floride,FLA,7,17,Red Wings,Detroit,de Detroit,DET,2,3,REG,3,REG,8476904,8471887.0,,,,,,,,,,,,,,,,,FLA
2020020276,20202021,2,2021-02-19,False,2021-02-20T02:00:00Z,-05:00,-07:00,America/Edmonton,OFF,OK,/video/edm-cgy-321592148,22,Oilers,Edmonton,d'Edmonton,EDM,2,20,Flames,Calgary,de Calgary,CGY,1,3,REG,3,REG,8469608,8481813.0,,,,,,,,,,,,,,,,,EDM
2020020277,20202021,2,2021-02-19,False,2021-02-20T03:00:00Z,-05:00,-08:00,America/Vancouver,OFF,OK,/video/wpg-van-321594254,52,Jets,Winnipeg,de Winnipeg,WPG,2,23,Canucks,Vancouver,de Vancouver,VAN,0,3,REG,3,REG,8476316,8476460.0,,,,,,,,,,,,,,,,,WPG
2020020278,20202021,2,2021-02-20,False,2021-02-20T17:30:00Z,-05:00,-05:00,US/Eastern,OFF,OK,/video/buf-njd-321609872,7,Sabres,Buffalo,de Buffalo,BUF,3,1,Devils,New Jersey,du New Jersey,NJD,2,3,REG,3,REG,8476999,8477933.0,,,,,,,,,,,,,,,,,BUF
2020020279,20202021,2,2021-02-20,False,2021-02-20T17:30:00Z,-05:00,-05:00,US/Eastern,OFF,OK,/video/nyr-wsh-321609700,3,Rangers,New York,de New York,NYR,4,15,Capitals,Washington,de Washington,WSH,1,3,REG,3,REG,8478048,8482109.0,,,,,,,,,,,,,,,,,NYR
2020020287,20202021,2,2021-02-20,True,2021-02-20T20:00:00Z,-05:00,-08:00,US/Pacific,OFF,OK,/video/vgk-col-321647420,54,Golden Knights,Vegas,de Vegas,VGK,2,21,Avalanche,Colorado,du Colorado,COL,3,3,REG,3,REG,8475831,8478038.0,,42.0,Bridgestone NHL Outdoors at Lake Tahoe,,,,,,,,,,,,,,COL
2020020292,20202021,2,2021-02-20,False,2021-02-20T22:00:00Z,-05:00,-05:00,America/Detroit,OFF,OK,/video/fla-det-321619822,13,Panthers,Florida,de la Floride,FLA,1,17,Red Wings,Detroit,de Detroit,DET,2,3,REG,3,REG,8473541,8482240.0,,,,,,,,,,,,,,,,,DET
2020020283,20202021,2,2021-02-20,False,2021-02-21T00:00:00Z,-05:00,-06:00,US/Central,OFF,OK,/video/sjs-stl-321634842,28,Sharks,San Jose,de San Jose,SJS,5,19,Blues,St. Louis,de St. Louis,STL,4,3,REG,3,REG,8471227,8474053.0,,,,,,,,,,,,,,,,,SJS
2020020282,20202021,2,2021-02-20,False,2021-02-21T00:00:00Z,-05:00,-05:00,US/Eastern,OFF,OK,/video/nsh-cbj-321633848,18,Predators,Nashville,de Nashville,NSH,4,29,Blue Jackets,Columbus,de Columbus,CBJ,2,3,REG,3,REG,8471469,8475714.0,,,,,,,,,,,,,,,,,NSH
2020020543,20202021,2,2021-02-20,False,2021-02-21T00:00:00Z,-05:00,-05:00,US/Eastern,OFF,OK,/video/tbl-car-321632886,14,Lightning,Tampa Bay,de Tampa Bay,TBL,0,12,Hurricanes,Carolina,de la Caroline,CAR,4,3,REG,3,REG,8477968,8476389.0,,,,,,,,,,,,,,,,,CAR
2020020281,20202021,2,2021-02-20,False,2021-02-21T00:00:00Z,-05:00,-05:00,US/Eastern,OFF,OK,/video/nyi-pit-321633272,2,Islanders,New York,de New York,NYI,2,5,Penguins,Pittsburgh,de Pittsburgh,PIT,3,3,REG,3,REG,8477465,8471724.0,,,,,,,,,,,,,,,,,PIT
2020020284,20202021,2,2021-02-20,False,2021-02-21T00:00:00Z,-05:00,-05:00,America/Montreal,OFF,OK,/video/tor-mtl-321634498,10,Maple Leafs,Toronto,de Toronto,TOR,5,8,Canadiens,Montréal,de Montréal,MTL,3,3,REG,3,REG,8475883,8479318.0,,,,,,,,,,,,,,,,,TOR
2020020288,20202021,2,2021-02-20,False,2021-02-21T00:00:00Z,-05:00,-07:00,America/Phoenix,OFF,OK,/video/lak-ari-321630838,26,Kings,Los Angeles,de Los Angeles,LAK,4,53,Coyotes,Arizona,de l'Arizona,ARI,2,3,REG,3,REG,8477361,8480014.0,,,,,,,,,,,,,,,,,LAK
2020020289,20202021,2,2021-02-20,False,2021-02-21T02:00:00Z,-05:00,-08:00,America/Los_Angeles,OFF,OK,/video/min-ana-321642172,30,Wild,Minnesota,du Minnesota,MIN,5,24,Ducks,Anaheim,d'Anaheim,ANA,1,3,REG,3,REG,8478039,8477942.0,Kähkönen,,,,,,,,,,,,,,,,MIN
2020020285,20202021,2,2021-02-20,False,2021-02-21T03:00:00Z,-05:00,-07:00,America/Edmonton,OFF,OK,/video/cgy-edm-321645356,20,Flames,Calgary,de Calgary,CGY,1,22,Oilers,Edmonton,d'Edmonton,EDM,7,3,REG,3,REG,8475156,8476454.0,,,,,,,,,,,,,,,,,EDM
2020020392,20202021,2,2021-02-21,False,2021-02-21T19:00:00Z,-05:00,-05:00,US/Eastern,OFF,OK,/video/njd-wsh-321658126,1,Devils,New Jersey,du New Jersey,NJD,3,15,Capitals,Washington,de Washington,WSH,4,3,REG,3,REG,8467950,8471214.0,,,,,,,,,,,,,,,,,WSH
2020020293,20202021,2,2021-02-21,False,2021-02-22T00:00:00Z,-05:00,-05:00,US/Eastern,OFF,OK,/video/mtl-ott-321662596,8,Canadiens,Montréal,de Montréal,MTL,2,9,Senators,Ottawa,d'Ottawa,OTT,3,4,OT,3,OT,8476899,8480801.0,,,,,,,,,,,,,,,Sénateurs,,OTT
2020020290,20202021,2,2021-02-21,True,2021-02-22T00:30:00Z,-05:00,-08:00,US/Pacific,OFF,OK,/video/phi-bos-321665646,4,Flyers,Philadelphia,de Philadelphie,PHI,3,6,Bruins,Boston,de Boston,BOS,7,3,REG,3,REG,8471695,8475745.0,,42.0,Honda NHL Outdoors at Lake Tahoe,,,,,,,,,,,,,,BOS
2020020294,20202021,2,2021-02-21,False,2021-02-22T03:00:00Z,-05:00,-08:00,America/Vancouver,OFF,OK,/video/wpg-van-321669882,52,Jets,Winnipeg,de Winnipeg,WPG,4,23,Canucks,Vancouver,de Vancouver,VAN,3,4,OT,3,OT,8476945,8479400.0,,,,,,,,,,,,,,,,,WPG
2020020009,20202021,2,2021-02-22,False,2021-02-23T00:00:00Z,-05:00,-05:00,US/Eastern,OFF,OK,/video/dal-fla-321700164,25,Stars,Dallas,de Dallas,DAL,1,13,Panthers,Florida,de la Floride,FLA,3,3,REG,3,REG,8476904,8471735.0,,,,,,,,,,,,,,,,,FLA
2020020298,20202021,2,2021-02-22,False,2021-02-23T00:00:00Z,-05:00,-05:00,America/Toronto,OFF,OK,/video/cgy-tor-321699150,20,Flames,Calgary,de Calgary,CGY,3,10,Maple Leafs,Toronto,de Toronto,TOR,0,3,REG,3,REG,8479496,8477935.0,,,,,,,,,,,,,,,,,CGY
2020020150,20202021,2,2021-02-22,False,2021-02-23T00:00:00Z,-05:00,-05:00,America/New_York,OFF,OK,/video/buf-nyi-321698974,7,Sabres,Buffalo,de Buffalo,BUF,2,2,Islanders,New York,de New York,NYI,3,3,REG,3,REG,8473575,8476419.0,,,,,,,,,,,,,,,,,NYI
2020020097,20202021,2,2021-02-22,False,2021-02-23T00:00:00Z,-05:00,-05:00,US/Eastern,OFF,OK,/video/tbl-car-321701178,14,Lightning,Tampa Bay,de Tampa Bay,TBL,4,12,Hurricanes,Carolina,de la Caroline,CAR,2,3,REG,3,REG,8476883,8476292.0,,,,,,,,,,,,,,,,,TBL
2020020297,20202021,2,2021-02-22,False,2021-02-23T01:00:00Z,-05:00,-06:00,US/Central,OFF,OK,/video/lak-stl-321706428,26,Kings,Los Angeles,de Los Angeles,LAK,3,19,Blues,St. Louis,de St. Louis,STL,0,3,REG,3,REG,8471734,8480014.0,,,,,,,,,,,,,,,,,LAK
2020020299,20202021,2,2021-02-22,False,2021-02-23T02:00:00Z,-05:00,-07:00,America/Denver,OFF,OK,/video/vgk-col-321709862,54,Golden Knights,Vegas,de Vegas,VGK,3,21,Avalanche,Colorado,du Colorado,COL,0,3,REG,3,REG,8470594,8477949.0,,,,,,,,,,,,,,,,,VGK
2020020300,20202021,2,2021-02-22,False,2021-02-23T02:00:00Z,-05:00,-07:00,America/Phoenix,OFF,OK,/video/ana-ari-321710340,24,Ducks,Anaheim,d'Anaheim,ANA,3,53,Coyotes,Arizona,de l'Arizona,ARI,4,3,REG,3,REG,8475311,8477989.0,,,,,,,,,,,,,,,,,ARI
2020020743,20202021,2,2021-02-22,False,2021-02-23T03:30:00Z,-05:00,-08:00,US/Pacific,OFF,OK,/video/min-sjs-321713492,30,Wild,Minnesota,du Minnesota,MIN,6,28,Sharks,San Jose,de San Jose,SJS,2,3,REG,3,REG,8478039,8474013.0,Kähkönen,,,,,,,,,,,,,,,,MIN
2020020295,20202021,2,2021-02-23,False,2021-02-24T00:00:00Z,-05:00,-05:00,US/Eastern,OFF,OK,/video/buf-njd-321743678,7,Sabres,Buffalo,de Buffalo,BUF,4,1,Devils,New Jersey,du New Jersey,NJD,1,3,REG,3,REG,8476999,8479335.0,,,,,,,,,,,,,,,,,BUF
2020020302,20202021,2,2021-02-23,False,2021-02-24T00:00:00Z,-05:00,-05:00,US/Eastern,OFF,OK,/video/pit-wsh-321742544,5,Penguins,Pittsburgh,de Pittsburgh,PIT,3,15,Capitals,Washington,de Washington,WSH,2,4,OT,3,OT,8477465,8477953.0,,,,,,,,,,,,,,,,,PIT
2020020306,20202021,2,2021-02-23,False,2021-02-24T00:00:00Z,-05:00,-05:00,US/Eastern,OFF,OK,/video/mtl-ott-321745466,8,Canadiens,Montréal,de Montréal,MTL,4,9,Senators,Ottawa,d'Ottawa,OTT,5,5,SO,3,SO,8476899,,,,,,,,,,,,,,,,Sénateurs,,OTT
2020020304,20202021,2,2021-02-23,False,2021-02-24T00:00:00Z,-05:00,-05:00,US/Eastern,OFF,OK,/video/chi-cbj-321744124,16,Blackhawks,Chicago,de Chicago,CHI,6,29,Blue Jackets,Columbus,de Columbus,CBJ,5,5,SO,3,SO,8480947,,,,,,,,,,,,,,,,,,CHI
2020020305,20202021,2,2021-02-23,False,2021-02-24T00:30:00Z,-05:00,-05:00,America/Detroit,OFF,OK,/video/nsh-det-321745104,18,Predators,Nashville,de Nashville,NSH,2,17,Red Wings,Detroit,de Detroit,DET,0,3,REG,3,REG,8471469,8476887.0,,,,,,,,,,,,,,,,,NSH
2020020307,20202021,2,2021-02-23,False,2021-02-24T03:00:00Z,-05:00,-08:00,America/Vancouver,OFF,OK,/video/edm-van-321752178,22,Oilers,Edmonton,d'Edmonton,EDM,4,23,Canucks,Vancouver,de Vancouver,VAN,3,3,REG,3,REG,8469608,8474589.0,,,,,,,,,,,,,,,,,EDM
2020020296,20202021,2,2021-02-24,False,2021-02-24T22:00:00Z,-05:00,-05:00,US/Eastern,OFF,OK,/video/car-tbl-321778202,12,Hurricanes,Carolina,de la Caroline,CAR,0,14,Lightning,Tampa Bay,de Tampa Bay,TBL,3,3,REG,3,REG,8476883,8479525.0,,,,,,,,,,,,,,,,,TBL
2020020303,20202021,2,2021-02-24,False,2021-02-24T22:00:00Z,-05:00,-05:00,US/Eastern,OFF,OK,/video/dal-fla-321779010,25,Stars,Dallas,de Dallas,DAL,3,13,Panthers,Florida,de la Floride,FLA,0,3,REG,3,REG,8471418,8475906.0,,,,,,,,,,,,,,,,,DAL
2020020310,20202021,2,2021-02-24,False,2021-02-25T00:00:00Z,-05:00,-05:00,America/Toronto,OFF,OK,/video/cgy-tor-321782506,20,Flames,Calgary,de Calgary,CGY,1,10,Maple Leafs,Toronto,de Toronto,TOR,2,4,OT,3,OT,8474636,8477939.0,,,,,,,,,,,,,,,,,TOR
2020020308,20202021,2,2021-02-24,False,2021-02-25T00:00:00Z,-05:00,-05:00,US/Eastern,OFF,OK,,3,Rangers,New York,de New York,NYR,3,4,Flyers,Philadelphia,de Philadelphie,PHI,4,3,REG,3,REG,8470880,8475763.0,,,,,,,,,,,,,,,,,PHI
2020020173,20202021,2,2021-02-24,False,2021-02-25T02:00:00Z,-05:00,-07:00,America/Denver,OFF,OK,/video/min-col-321790834,30,Wild,Minnesota,du Minnesota,MIN,6,21,Avalanche,Colorado,du Colorado,COL,2,3,REG,3,REG,8478039,8475220.0,Kähkönen,,,,,,,,,,,,,,,,MIN
2020020311,20202021,2,2021-02-24,False,2021-02-25T02:00:00Z,-05:00,-07:00,America/Phoenix,OFF,OK,/video/ana-ari-321792192,24,Ducks,Anaheim,d'Anaheim,ANA,3,53,Coyotes,Arizona,de l'Arizona,ARI,4,5,SO,3,SO,8478499,,,,,,,,,,,,,,,,,,ARI
2020020309,20202021,2,2021-02-24,False,2021-02-25T02:30:00Z,-05:00,-06:00,US/Central,OFF,OK,/video/lak-stl-321793134,26,Kings,Los Angeles,de Los Angeles,LAK,2,19,Blues,St. Louis,de St. Louis,STL,1,3,REG,3,REG,8477361,8476960.0,,,,,,,,,,,,,,,,,LAK
2020020313,20202021,2,2021-02-25,False,2021-02-26T00:00:00Z,-05:00,-05:00,US/Eastern,OFF,OK,/video/pit-wsh-321831902,5,Penguins,Pittsburgh,de Pittsburgh,PIT,2,15,Capitals,Washington,de Washington,WSH,5,3,REG,3,REG,8477970,8476880.0,,,,,,,,,,,,,,,,,WSH
2020020312,20202021,2,2021-02-25,False,2021-02-26T00:00:00Z,-05:00,-05:00,America/New_York,OFF,OK,/video/bos-nyi-321830442,6,Bruins,Boston,de Boston,BOS,2,2,Islanders,New York,de New York,NYI,7,3,REG,3,REG,8473575,8478463.0,,,,,,,,,,,,,,,,,NYI
2020020318,20202021,2,2021-02-25,False,2021-02-26T00:00:00Z,-05:00,-05:00,US/Eastern,OFF,OK,/video/cgy-ott-321828160,20,Flames,Calgary,de Calgary,CGY,1,9,Senators,Ottawa,d'Ottawa,OTT,6,3,REG,3,REG,8476899,8475790.0,,,,,,,,,,,,,,,Sénateurs,,OTT
2020020314,20202021,2,2021-02-25,False,2021-02-26T00:00:00Z,-05:00,-05:00,US/Eastern,OFF,OK,/video/car-tbl-321831680,12,Hurricanes,Carolina,de la Caroline,CAR,1,14,Lightning,Tampa Bay,de Tampa Bay,TBL,3,3,REG,3,REG,8470147,8476826.0,,,,,,,,,,,,,,,,,TBL
2020020635,20202021,2,2021-02-25,False,2021-02-26T00:00:00Z,-05:00,-05:00,America/New_York,OFF,OK,/video/njd-buf-321829290,1,Devils,New Jersey,du New Jersey,NJD,4,7,Sabres,Buffalo,de Buffalo,BUF,3,4,OT,3,OT,8478406,8478401.0,,,,,,,,,,,,,,,,,NJD
2020020316,20202021,2,2021-02-25,False,2021-02-26T00:00:00Z,-05:00,-05:00,US/Eastern,OFF,OK,/video/chi-cbj-321828734,16,Blackhawks,Chicago,de Chicago,CHI,2,29,Blue Jackets,Columbus,de Columbus,CBJ,0,3,REG,3,REG,8476876,8474141.0,,,,,,,,,,,,,,,,,CHI
2020020315,20202021,2,2021-02-25,False,2021-02-26T00:00:00Z,-05:00,-05:00,US/Eastern,OFF,OK,/video/dal-fla-321831822,25,Stars,Dallas,de Dallas,DAL,2,13,Panthers,Florida,de la Floride,FLA,3,3,REG,3,REG,8475683,8478366.0,,,,,,,,,,,,,,,,,FLA
2020020317,20202021,2,2021-02-25,False,2021-02-26T00:30:00Z,-05:00,-05:00,America/Detroit,OFF,OK,/video/nsh-det-321833584,18,Predators,Nashville,de Nashville,NSH,2,17,Red Wings,Detroit,de Detroit,DET,5,3,REG,3,REG,8473541,8474040.0,,,,,,,,,,,,,,,,,DET
2020020319,20202021,2,2021-02-25,False,2021-02-26T01:00:00Z,-05:00,-06:00,America/Winnipeg,OFF,OK,/video/mtl-wpg-321837566,8,Canadiens,Montréal,de Montréal,MTL,3,52,Jets,Winnipeg,de Winnipeg,WPG,6,3,REG,3,REG,8476945,8470775.0,,,,,,,,,,,,,,,,,WPG
2020020320,20202021,2,2021-02-25,False,2021-02-26T03:00:00Z,-05:00,-08:00,America/Vancouver,OFF,OK,/video/edm-van-321843028,22,Oilers,Edmonton,d'Edmonton,EDM,3,23,Canucks,Vancouver,de Vancouver,VAN,0,3,REG,3,REG,8469608,8475163.0,,,,,,,,,,,,,,,,,EDM
2020020323,20202021,2,2021-02-26,False,2021-02-27T00:00:00Z,-05:00,-05:00,America/New_York,OFF,OK,/video/bos-nyr-321868870,6,Bruins,Boston,de Boston,BOS,2,3,Rangers,New York,de New York,NYR,6,3,REG,3,REG,8480382,8476278.0,,,,,,,,,,,,,,,,,NYR
2020020324,20202021,2,2021-02-26,False,2021-02-27T01:00:00Z,-05:00,-06:00,US/Central,OFF,OK,/video/lak-min-321871360,26,Kings,Los Angeles,de Los Angeles,LAK,1,30,Wild,Minnesota,du Minnesota,MIN,3,3,REG,3,REG,8475660,8475760.0,,,,,,,,,,,,,,,,,MIN
2020020321,20202021,2,2021-02-26,False,2021-02-27T02:00:00Z,-05:00,-07:00,America/Phoenix,OFF,OK,/video/col-ari-321872290,21,Avalanche,Colorado,du Colorado,COL,3,53,Coyotes,Arizona,de l'Arizona,ARI,2,3,REG,3,REG,8480112,8475172.0,,,,,,,,,,,,,,,,,COL
2020020322,20202021,2,2021-02-27,False,2021-02-27T18:00:00Z,-05:00,-05:00,America/New_York,OFF,OK,/video/phi-buf-321888592,4,Flyers,Philadelphia,de Philadelphie,PHI,3,7,Sabres,Buffalo,de Buffalo,BUF,0,3,REG,3,REG,8470880,8476461.0,,,,,,,,,,,,,,,,,PHI
2020020327,20202021,2,2021-02-27,False,2021-02-27T18:00:00Z,-05:00,-05:00,US/Eastern,OFF,OK,/video/wsh-njd-321889772,15,Capitals,Washington,de Washington,WSH,5,1,Devils,New Jersey,du New Jersey,NJD,2,3,REG,3,REG,8477970,8474189.0,,,,,,,,,,,,,,,,,WSH
2020020333,20202021,2,2021-02-27,False,2021-02-27T18:00:00Z,-05:00,-05:00,US/Eastern,OFF,OK,/video/cgy-ott-321889848,20,Flames,Calgary,de Calgary,CGY,6,9,Senators,Ottawa,d'Ottawa,OTT,3,3,REG,3,REG,8479496,8477497.0,,,,,,,,,,,,,,,Sénateurs,,CGY
2020020332,20202021,2,2021-02-27,False,2021-02-27T20:00:00Z,-05:00,-06:00,US/Central,OFF,OK,/video/cbj-nsh-321894146,29,Blue Jackets,Columbus,de Columbus,CBJ,1,18,Predators,Nashville,de Nashville,NSH,2,3,REG,3,REG,8477424,8475218.0,,,,,,,,,,,,,,,,,NSH
2020020335,20202021,2,2021-02-27,False,2021-02-28T00:00:00Z,-05:00,-07:00,America/Edmonton,OFF,OK,/video/tor-edm-321908336,10,Maple Leafs,Toronto,de Toronto,TOR,4,22,Oilers,Edmonton,d'Edmonton,EDM,0,3,REG,3,REG,8475789,8477939.0,,,,,,,,,,,,,,,,,TOR
2020020329,20202021,2,2021-02-27,False,2021-02-28T00:00:00Z,-05:00,-05:00,US/Eastern,OFF,OK,/video/dal-tbl-321906626,25,Stars,Dallas,de Dallas,DAL,0,14,Lightning,Tampa Bay,de Tampa Bay,TBL,5,3,REG,3,REG,8476883,8476292.0,,,,,,,,,,,,,,,,,TBL
2020020330,20202021,2,2021-02-27,False,2021-02-28T00:00:00Z,-05:00,-05:00,US/Eastern,OFF,OK,/video/car-fla-321913076,12,Hurricanes,Carolina,de la Caroline,CAR,4,13,Panthers,Florida,de la Floride,FLA,3,5,SO,3,SO,8473503,,,,,,,,,,,,,,,,,,CAR
2020020328,20202021,2,2021-02-27,False,2021-02-28T00:00:00Z,-05:00,-05:00,America/New_York,OFF,OK,/video/pit-nyi-321909000,5,Penguins,Pittsburgh,de Pittsburgh,PIT,4,2,Islanders,New York,de New York,NYI,3,4,OT,3,OT,8477465,8471724.0,,,,,,,,,,,,,,,,,PIT
2020020336,20202021,2,2021-02-27,False,2021-02-28T01:00:00Z,-05:00,-06:00,US/Central,OFF,OK,/video/lak-min-321918614,26,Kings,Los Angeles,de Los Angeles,LAK,3,30,Wild,Minnesota,du Minnesota,MIN,4,4,OT,3,OT,8478039,8476856.0,Kähkönen,,,,,,,,,,,,,,,,MIN
2020020331,20202021,2,2021-02-27,False,2021-02-28T01:00:00Z,-05:00,-06:00,America/Chicago,OFF,OK,/video/det-chi-321914608,17,Red Wings,Detroit,de Detroit,DET,5,16,Blackhawks,Chicago,de Chicago,CHI,3,3,REG,3,REG,8473541,8478431.0,,,,,,,,,,,,,,,,,DET
2020020337,20202021,2,2021-02-27,False,2021-02-28T02:00:00Z,-05:00,-07:00,America/Phoenix,OFF,OK,/video/col-ari-321920544,21,Avalanche,Colorado,du Colorado,COL,6,53,Coyotes,Arizona,de l'Arizona,ARI,2,3,REG,3,REG,8475831,8476455.0,,,,,,,,,,,,,,,,,COL
2020020338,20202021,2,2021-02-27,False,2021-02-28T03:00:00Z,-05:00,-08:00,America/Los_Angeles,OFF,OK,/video/vgk-ana-321925030,54,Golden Knights,Vegas,de Vegas,VGK,3,24,Ducks,Anaheim,d'Anaheim,ANA,2,4,OT,3,OT,8470594,8476448.0,,,,,,,,,,,,,,,,,VGK
2020020334,20202021,2,2021-02-27,False,2021-02-28T03:00:00Z,-05:00,-06:00,America/Winnipeg,OFF,OK,/video/mtl-wpg-321924410,8,Canadiens,Montréal,de Montréal,MTL,1,52,Jets,Winnipeg,de Winnipeg,WPG,2,4,OT,3,OT,8476945,8471669.0,,,,,,,,,,,,,,,,,WPG
2020020339,20202021,2,2021-02-27,False,2021-02-28T03:30:00Z,-05:00,-08:00,US/Pacific,OFF,OK,/video/stl-sjs-321926132,19,Blues,St. Louis,de St. Louis,STL,7,28,Sharks,San Jose,de San Jose,SJS,6,3,REG,3,REG,8478024,8474618.0,,,,,,,,,,,,,,,,,STL
2020020342,20202021,2,2021-02-28,False,2021-02-28T17:00:00Z,-05:00,-05:00,America/New_York,OFF,OK,/video/bos-nyr-321935210,6,Bruins,Boston,de Boston,BOS,4,3,Rangers,New York,de New York,NYR,1,3,REG,3,REG,8471695,8479365.0,,,,,,,,,,,,,,,,,BOS
2020020344,20202021,2,2021-02-28,False,2021-02-28T20:00:00Z,-05:00,-06:00,US/Central,OFF,OK,/video/cbj-nsh-321942468,29,Blue Jackets,Columbus,de Columbus,CBJ,1,18,Predators,Nashville,de Nashville,NSH,3,3,REG,3,REG,8477424,8480009.0,,,,,,,,,,,,,,,,,NSH
2020020340,20202021,2,2021-02-28,False,2021-02-28T20:00:00Z,-05:00,-05:00,America/New_York,OFF,OK,/video/phi-buf-321941904,4,Flyers,Philadelphia,de Philadelphie,PHI,3,7,Sabres,Buffalo,de Buffalo,BUF,0,3,REG,3,REG,8479394,8476461.0,,,,,,,,,,,,,,,,,PHI
2020020346,20202021,2,2021-02-28,False,2021-02-28T20:00:00Z,-05:00,-05:00,US/Eastern,OFF,OK,/video/wsh-njd-321942628,15,Capitals,Washington,de Washington,WSH,3,1,Devils,New Jersey,du New Jersey,NJD,2,3,REG,3,REG,8478492,8471214.0,,,,,,,,,,,,,,,,,WSH
2020020341,20202021,2,2021-02-28,False,2021-02-28T22:00:00Z,-05:00,-05:00,America/New_York,OFF,OK,/video/pit-nyi-321947322,5,Penguins,Pittsburgh,de Pittsburgh,PIT,0,2,Islanders,New York,de New York,NYI,2,3,REG,3,REG,8478009,8480789.0,,,,,,,,,,,,,,,,,NYI
2020020343,20202021,2,2021-02-28,False,2021-03-01T00:00:00Z,-05:00,-06:00,America/Chicago,OFF,OK,/video/det-chi-321949616,17,Red Wings,Detroit,de Detroit,DET,2,16,Blackhawks,Chicago,de Chicago,CHI,7,3,REG,3,REG,8480947,8480459.0,,,,,,,,,,,,,,,,,CHI
2020020349,20202021,2,2021-03-01,False,2021-03-02T00:00:00Z,-05:00,-05:00,US/Eastern,OFF,OK,/video/cgy-ott-321979010,20,Flames,Calgary,de Calgary,CGY,1,9,Senators,Ottawa,d'Ottawa,OTT,5,3,REG,3,REG,8476899,8480208.0,,,,,,,,,,,,,,,Sénateurs,,OTT
2020020348,20202021,2,2021-03-01,False,2021-03-02T00:00:00Z,-05:00,-05:00,US/Eastern,OFF,OK,/video/car-fla-321979056,12,Hurricanes,Carolina,de la Caroline,CAR,3,13,Panthers,Florida,de la Floride,FLA,2,4,OT,3,OT,8477968,8480039.0,,,,,,,,,,,,,,,,,CAR
2020020345,20202021,2,2021-03-01,False,2021-03-02T01:00:00Z,-05:00,-06:00,America/Winnipeg,OFF,OK,/video/van-wpg-321981748,23,Canucks,Vancouver,de Vancouver,VAN,4,52,Jets,Winnipeg,de Winnipeg,WPG,0,3,REG,3,REG,8477967,8477220.0,,,,,,,,,,,,,,,,,VAN
2020020350,20202021,2,2021-03-01,False,2021-03-02T03:00:00Z,-05:00,-07:00,America/Edmonton,OFF,OK,/video/tor-edm-321991986,10,Maple Leafs,Toronto,de Toronto,TOR,3,22,Oilers,Edmonton,d'Edmonton,EDM,0,3,REG,3,REG,8474636,8475786.0,,,,,,,,,,,,,,,,,TOR
2020020352,20202021,2,2021-03-01,False,2021-03-02T03:00:00Z,-05:00,-08:00,America/Los_Angeles,OFF,OK,/video/stl-ana-321992602,19,Blues,St. Louis,de St. Louis,STL,5,24,Ducks,Anaheim,d'Anaheim,ANA,4,3,REG,3,REG,8478024,8477482.0,,,,,,,,,,,,,,,,,STL
2020020351,20202021,2,2021-03-01,False,2021-03-02T03:00:00Z,-05:00,-08:00,US/Pacific,OFF,OK,/video/min-vgk-321994194,30,Wild,Minnesota,du Minnesota,MIN,4,54,Golden Knights,Vegas,de Vegas,VGK,5,4,OT,3,OT,8470594,8474157.0,,,,,,,,,,,,,,,,,VGK
2020020353,20202021,2,2021-03-01,False,2021-03-02T03:30:00Z,-05:00,-08:00,US/Pacific,OFF,OK,/video/col-sjs-321994116,21,Avalanche,Colorado,du Colorado,COL,2,28,Sharks,San Jose,de San Jose,SJS,6,3,REG,3,REG,8474889,8478870.0,,,,,,,,,,,,,,,,,SJS
2020020356,20202021,2,2021-03-02,False,2021-03-03T00:00:00Z,-05:00,-05:00,US/Eastern,OFF,OK,/video/det-cbj-322028978,17,Red Wings,Detroit,de Detroit,DET,1,29,Blue Jackets,Columbus,de Columbus,CBJ,4,3,REG,3,REG,8476914,8474062.0,,,,,,,,,,,,,,,,,CBJ
2020020355,20202021,2,2021-03-02,False,2021-03-03T00:00:00Z,-05:00,-05:00,US/Eastern,OFF,OK,/video/phi-pit-322029204,4,Flyers,Philadelphia,de Philadelphie,PHI,2,5,Penguins,Pittsburgh,de Pittsburgh,PIT,5,3,REG,3,REG,8477465,8475810.0,,,,,,,,,,,,,,,,,PIT
2020020354,20202021,2,2021-03-02,False,2021-03-03T00:00:00Z,-05:00,-05:00,America/New_York,OFF,OK,/video/buf-nyr-322028750,7,Sabres,Buffalo,de Buffalo,BUF,2,3,Rangers,New York,de New York,NYR,3,3,REG,3,REG,8478048,8475184.0,,,,,,,,,,,,,,,,,NYR
2020020301,20202021,2,2021-03-02,False,2021-03-03T00:00:00Z,-05:00,-05:00,US/Eastern,OFF,OK,/video/nyi-njd-322029104,2,Islanders,New York,de New York,NYI,2,1,Devils,New Jersey,du New Jersey,NJD,1,3,REG,3,REG,8473575,8475314.0,,,,,,,,,,,,,,,,,NYI
2020020357,20202021,2,2021-03-02,False,2021-03-03T00:00:00Z,-05:00,-05:00,America/Montreal,OFF,OK,/video/ott-mtl-322030300,9,Senators,Ottawa,d'Ottawa,OTT,1,8,Canadiens,Montréal,de Montréal,MTL,3,3,REG,3,REG,8471679,8473507.0,,,,,,,,,,,,,,,,Sénateurs,MTL
2020020358,20202021,2,2021-03-02,False,2021-03-03T01:00:00Z,-05:00,-06:00,America/Winnipeg,OFF,OK,/video/van-wpg-322035148,23,Canucks,Vancouver,de Vancouver,VAN,2,52,Jets,Winnipeg,de Winnipeg,WPG,5,3,REG,3,REG,8476316,8478398.0,,,,,,,,,,,,,,,,,WPG
2020020052,20202021,2,2021-03-02,False,2021-03-03T01:00:00Z,-05:00,-06:00,US/Central,OFF,OK,/video/car-nsh-322035954,12,Hurricanes,Carolina,de la Caroline,CAR,4,18,Predators,Nashville,de Nashville,NSH,2,3,REG,3,REG,8473503,8478904.0,,,,,,,,,,,,,,,,,CAR
2020020271,20202021,2,2021-03-02,False,2021-03-03T01:30:00Z,-05:00,-06:00,US/Central,OFF,OK,/video/tbl-dal-322038030,14,Lightning,Tampa Bay,de Tampa Bay,TBL,2,25,Stars,Dallas,de Dallas,DAL,0,3,REG,3,REG,8476883,8476292.0,,,,,,,,,,,,,,,,,TBL
2020020359,20202021,2,2021-03-03,False,2021-03-04T00:00:00Z,-05:00,-05:00,US/Eastern,OFF,OK,/video/wsh-bos-322062014,15,Capitals,Washington,de Washington,WSH,2,6,Bruins,Boston,de Boston,BOS,1,5,SO,3,SO,8477970,,,,,,,,,,,,,,,,,,WSH
2020020360,20202021,2,2021-03-03,False,2021-03-04T01:00:00Z,-05:00,-07:00,America/Edmonton,OFF,OK,/video/tor-edm-322064248,10,Maple Leafs,Toronto,de Toronto,TOR,6,22,Oilers,Edmonton,d'Edmonton,EDM,1,3,REG,3,REG,8475883,8476918.0,,,,,,,,,,,,,,,,,TOR
2020020362,20202021,2,2021-03-03,False,2021-03-04T02:30:00Z,-05:00,-08:00,America/Los_Angeles,OFF,OK,/video/stl-ana-322069430,19,Blues,St. Louis,de St. Louis,STL,3,24,Ducks,Anaheim,d'Anaheim,ANA,2,3,REG,3,REG,8476412,8477482.0,,,,,,,,,,,,,,,,,STL
2020020742,20202021,2,2021-03-03,False,2021-03-04T03:00:00Z,-05:00,-08:00,America/Los_Angeles,OFF,OK,/video/ari-lak-322070808,53,Coyotes,Arizona,de l'Arizona,ARI,3,26,Kings,Los Angeles,de Los Angeles,LAK,2,3,REG,3,REG,8477293,8475728.0,,,,,,,,,,,,,,,,,ARI
2020020361,20202021,2,2021-03-03,False,2021-03-04T03:00:00Z,-05:00,-08:00,US/Pacific,OFF,OK,/video/min-vgk-322070666,30,Wild,Minnesota,du Minnesota,MIN,1,54,Golden Knights,Vegas,de Vegas,VGK,5,3,REG,3,REG,8470594,8476539.0,,,,,,,,,,,,,,,,,VGK
2020020363,20202021,2,2021-03-03,False,2021-03-04T03:30:00Z,-05:00,-08:00,US/Pacific,OFF,OK,/video/col-sjs-322072510,21,Avalanche,Colorado,du Colorado,COL,4,28,Sharks,San Jose,de San Jose,SJS,0,3,REG,3,REG,8475831,8478420.0,,,,,,,,,,,,,,,,,COL
2020020369,20202021,2,2021-03-04,False,2021-03-05T00:00:00Z,-05:00,-05:00,America/Montreal,OFF,OK,/video/wpg-mtl-322114670,52,Jets,Winnipeg,de Winnipeg,WPG,4,8,Canadiens,Montréal,de Montréal,MTL,3,4,OT,3,OT,8476945,8479400.0,,,,,,,,,,,,,,,,,WPG
2020020366,20202021,2,2021-03-04,False,2021-03-05T00:00:00Z,-05:00,-05:00,US/Eastern,OFF,OK,/video/phi-pit-322112264,4,Flyers,Philadelphia,de Philadelphie,PHI,4,5,Penguins,Pittsburgh,de Pittsburgh,PIT,3,3,REG,3,REG,8470880,8473512.0,,,,,,,,,,,,,,,,,PHI
2020020180,20202021,2,2021-03-04,False,2021-03-05T00:00:00Z,-05:00,-05:00,US/Eastern,OFF,OK,/video/nyr-njd-322113336,3,Rangers,New York,de New York,NYR,6,1,Devils,New Jersey,du New Jersey,NJD,1,3,REG,3,REG,8478048,8475184.0,,,,,,,,,,,,,,,,,NYR
2020020365,20202021,2,2021-03-04,False,2021-03-05T00:00:00Z,-05:00,-05:00,US/Eastern,OFF,OK,/video/det-car-322111526,17,Red Wings,Detroit,de Detroit,DET,2,12,Hurricanes,Carolina,de la Caroline,CAR,5,3,REG,3,REG,8477968,8473533.0,,,,,,,,,,,,,,,,,CAR
2020020163,20202021,2,2021-03-04,False,2021-03-05T00:00:00Z,-05:00,-05:00,America/New_York,OFF,OK,/video/buf-nyi-322109854,7,Sabres,Buffalo,de Buffalo,BUF,2,2,Islanders,New York,de New York,NYI,5,3,REG,3,REG,8478009,8478463.0,,,,,,,,,,,,,,,,,NYI
2020020368,20202021,2,2021-03-04,False,2021-03-05T01:00:00Z,-05:00,-06:00,US/Central,OFF,OK,/video/fla-nsh-322122610,13,Panthers,Florida,de la Floride,FLA,5,18,Predators,Nashville,de Nashville,NSH,4,3,REG,3,REG,8475683,8477932.0,,,,,,,,,,,,,,,,,FLA
2020020367,20202021,2,2021-03-04,False,2021-03-05T01:00:00Z,-05:00,-06:00,America/Chicago,OFF,OK,/video/tbl-chi-322121754,14,Lightning,Tampa Bay,de Tampa Bay,TBL,3,16,Blackhawks,Chicago,de Chicago,CHI,2,4,OT,3,OT,8476883,8473986.0,,,,,,,,,,,,,,,,,TBL
2020020372,20202021,2,2021-03-04,False,2021-03-05T01:30:00Z,-05:00,-06:00,US/Central,OFF,OK,/video/cbj-dal-322122890,29,Blue Jackets,Columbus,de Columbus,CBJ,3,25,Stars,Dallas,de Dallas,DAL,2,3,REG,3,REG,8476914,8480762.0,,,,,,,,,,,,,,,,,CBJ
2020020370,20202021,2,2021-03-04,False,2021-03-05T02:00:00Z,-05:00,-07:00,America/Edmonton,OFF,OK,/video/ott-cgy-322125802,9,Senators,Ottawa,d'Ottawa,OTT,3,20,Flames,Calgary,de Calgary,CGY,7,3,REG,3,REG,8479496,8476410.0,,,,,,,,,,,,,,,,Sénateurs,CGY
2020020371,20202021,2,2021-03-04,False,2021-03-05T03:00:00Z,-05:00,-08:00,America/Vancouver,OFF,OK,/video/tor-van-322128944,10,Maple Leafs,Toronto,de Toronto,TOR,1,23,Canucks,Vancouver,de Vancouver,VAN,3,3,REG,3,REG,8477967,8477937.0,,,,,,,,,,,,,,,,,VAN
2020020373,20202021,2,2021-03-05,False,2021-03-06T00:00:00Z,-05:00,-05:00,US/Eastern,OFF,OK,/video/wsh-bos-322156934,15,Capitals,Washington,de Washington,WSH,1,6,Bruins,Boston,de Boston,BOS,5,3,REG,3,REG,8470860,8479365.0,,,,,,,,,,,,,,,,,BOS
2020020376,20202021,2,2021-03-05,False,2021-03-06T01:00:00Z,-05:00,-06:00,America/Chicago,OFF,OK,,14,Lightning,Tampa Bay,de Tampa Bay,TBL,3,16,Blackhawks,Chicago,de Chicago,CHI,4,5,SO,3,SO,8476876,,,,,,,,,,,,,,,,,,CHI
2020020377,20202021,2,2021-03-05,False,2021-03-06T02:00:00Z,-05:00,-07:00,America/Denver,OFF,OK,/video/ana-col-322164442,24,Ducks,Anaheim,d'Anaheim,ANA,2,21,Avalanche,Colorado,du Colorado,COL,3,4,OT,3,OT,8475831,8477501.0,,,,,,,,,,,,,,,,,COL
2020020379,20202021,2,2021-03-05,False,2021-03-06T02:00:00Z,-05:00,-08:00,America/Los_Angeles,OFF,OK,/video/stl-lak-322164530,19,Blues,St. Louis,de St. Louis,STL,3,26,Kings,Los Angeles,de Los Angeles,LAK,2,4,OT,3,OT,8478024,8474884.0,,,,,,,,,,,,,,,,,STL
2020020378,20202021,2,2021-03-05,False,2021-03-06T02:00:00Z,-05:00,-07:00,America/Phoenix,OFF,OK,/video/min-ari-322165164,30,Wild,Minnesota,du Minnesota,MIN,5,53,Coyotes,Arizona,de l'Arizona,ARI,1,3,REG,3,REG,8478039,8476779.0,Kähkönen,,,,,,,,,,,,,,,,MIN
2020020380,20202021,2,2021-03-05,False,2021-03-06T03:30:00Z,-05:00,-08:00,US/Pacific,OFF,OK,/video/vgk-sjs-322169880,54,Golden Knights,Vegas,de Vegas,VGK,5,28,Sharks,San Jose,de San Jose,SJS,4,4,OT,3,OT,8476861,8474157.0,,,,,,,,,,,,,,,,,VGK
2020020374,20202021,2,2021-03-06,False,2021-03-06T18:00:00Z,-05:00,-05:00,US/Eastern,OFF,OK,/video/nyr-njd-322188596,3,Rangers,New York,de New York,NYR,6,1,Devils,New Jersey,du New Jersey,NJD,3,3,REG,3,REG,8480382,8479333.0,,,,,,,,,,,,,,,,,NYR
2020020668,20202021,2,2021-03-06,False,2021-03-06T18:00:00Z,-05:00,-05:00,US/Eastern,OFF,OK,/video/phi-pit-322188752,4,Flyers,Philadelphia,de Philadelphie,PHI,3,5,Penguins,Pittsburgh,de Pittsburgh,PIT,4,3,REG,3,REG,8477465,8477955.0,,,,,,,,,,,,,,,,,PIT
2020020375,20202021,2,2021-03-06,False,2021-03-06T18:00:00Z,-05:00,-05:00,America/New_York,OFF,OK,/video/buf-nyi-322188552,7,Sabres,Buffalo,de Buffalo,BUF,2,2,Islanders,New York,de New York,NYI,5,3,REG,3,REG,8473575,8473504.0,,,,,,,,,,,,,,,,,NYI
2020020381,20202021,2,2021-03-06,False,2021-03-06T19:00:00Z,-05:00,-06:00,US/Central,OFF,OK,/video/fla-nsh-322192716,13,Panthers,Florida,de la Floride,FLA,6,18,Predators,Nashville,de Nashville,NSH,2,3,REG,3,REG,8475683,8478569.0,,,,,,,,,,,,,,,,,FLA
2020020382,20202021,2,2021-03-06,False,2021-03-07T00:00:00Z,-05:00,-05:00,America/Montreal,OFF,OK,/video/wpg-mtl-322202332,52,Jets,Winnipeg,de Winnipeg,WPG,1,8,Canadiens,Montréal,de Montréal,MTL,7,3,REG,3,REG,8471679,8475726.0,,,,,,,,,,,,,,,,,MTL
2020020387,20202021,2,2021-03-06,False,2021-03-07T00:00:00Z,-05:00,-07:00,America/Phoenix,OFF,OK,/video/min-ari-322203246,30,Wild,Minnesota,du Minnesota,MIN,2,53,Coyotes,Arizona,de l'Arizona,ARI,5,3,REG,3,REG,8475311,8478856.0,,,,,,,,,,,,,,,,,ARI
2020020384,20202021,2,2021-03-06,False,2021-03-07T00:00:00Z,-05:00,-08:00,America/Vancouver,OFF,OK,/video/tor-van-322202988,10,Maple Leafs,Toronto,de Toronto,TOR,2,23,Canucks,Vancouver,de Vancouver,VAN,4,3,REG,3,REG,8477967,8476468.0,,,,,,,,,,,,,,,,,VAN
2020020385,20202021,2,2021-03-06,False,2021-03-07T01:00:00Z,-05:00,-06:00,US/Central,OFF,OK,/video/cbj-dal-322207294,29,Blue Jackets,Columbus,de Columbus,CBJ,0,25,Stars,Dallas,de Dallas,DAL,5,3,REG,3,REG,8479979,8477450.0,,,,,,,,,,,,,,,,,DAL
2020020386,20202021,2,2021-03-06,False,2021-03-07T01:00:00Z,-05:00,-07:00,America/Denver,OFF,OK,/video/ana-col-322209306,24,Ducks,Anaheim,d'Anaheim,ANA,5,21,Avalanche,Colorado,du Colorado,COL,4,4,OT,3,OT,8468011,8470612.0,,,,,,,,,,,,,,,,,ANA
2020020388,20202021,2,2021-03-06,False,2021-03-07T02:00:00Z,-05:00,-08:00,America/Los_Angeles,OFF,OK,/video/stl-lak-322213504,19,Blues,St. Louis,de St. Louis,STL,3,26,Kings,Los Angeles,de Los Angeles,LAK,4,4,OT,3,OT,8471734,8477960.0,,,,,,,,,,,,,,,,,LAK
2020020383,20202021,2,2021-03-06,False,2021-03-07T03:00:00Z,-05:00,-07:00,America/Edmonton,OFF,OK,/video/cgy-edm-322216900,20,Flames,Calgary,de Calgary,CGY,2,22,Oilers,Edmonton,d'Edmonton,EDM,3,3,REG,3,REG,8469608,8478402.0,,,,,,,,,,,,,,,,,EDM
2020020389,20202021,2,2021-03-06,False,2021-03-07T03:30:00Z,-05:00,-08:00,US/Pacific,OFF,OK,/video/vgk-sjs-322217360,54,Golden Knights,Vegas,de Vegas,VGK,4,28,Sharks,San Jose,de San Jose,SJS,0,3,REG,3,REG,8470594,8475913.0,,,,,,,,,,,,,,,,,VGK
2020020391,20202021,2,2021-03-07,False,2021-03-07T17:00:00Z,-05:00,-05:00,America/New_York,OFF,OK,/video/buf-nyi-322228014,7,Sabres,Buffalo,de Buffalo,BUF,2,2,Islanders,New York,de New York,NYI,5,3,REG,3,REG,8478009,8475231.0,,,,,,,,,,,,,,,,,NYI
2020020394,20202021,2,2021-03-07,False,2021-03-07T19:30:00Z,-05:00,-06:00,America/Chicago,OFF,OK,/video/tbl-chi-322232148,14,Lightning,Tampa Bay,de Tampa Bay,TBL,6,16,Blackhawks,Chicago,de Chicago,CHI,3,3,REG,3,REG,8476883,8476826.0,,,,,,,,,,,,,,,,,TBL
2020020244,20202021,2,2021-03-07,False,2021-03-07T22:00:00Z,-05:00,-05:00,US/Eastern,OFF,OK,/video/njd-bos-322236754,1,Devils,New Jersey,du New Jersey,NJD,1,6,Bruins,Boston,de Boston,BOS,0,3,REG,3,REG,8475809,8475151.0,,,,,,,,,,,,,,,,,NJD
2020020076,20202021,2,2021-03-07,False,2021-03-07T22:00:00Z,-05:00,-05:00,US/Eastern,OFF,OK,/video/fla-car-322236834,13,Panthers,Florida,de la Floride,FLA,2,12,Hurricanes,Carolina,de la Caroline,CAR,4,3,REG,3,REG,8473503,8478427.0,,,,,,,,,,,,,,,,,CAR
2020020769,20202021,2,2021-03-07,False,2021-03-08T00:00:00Z,-05:00,-05:00,US/Eastern,OFF,OK,,15,Capitals,Washington,de Washington,WSH,3,4,Flyers,Philadelphia,de Philadelphie,PHI,1,3,REG,3,REG,8478492,8475200.0,,,,,,,,,,,,,,,,,WSH
2020020393,20202021,2,2021-03-07,False,2021-03-08T00:30:00Z,-05:00,-05:00,US/Eastern,OFF,OK,/video/nyr-pit-322244978,3,Rangers,New York,de New York,NYR,1,5,Penguins,Pittsburgh,de Pittsburgh,PIT,5,3,REG,3,REG,8479193,8477953.0,,,,,,,,,,,,,,,,,PIT
2020020250,20202021,2,2021-03-07,False,2021-03-08T01:00:00Z,-05:00,-06:00,US/Central,OFF,OK,/video/nsh-dal-322246516,18,Predators,Nashville,de Nashville,NSH,4,25,Stars,Dallas,de Dallas,DAL,3,5,SO,3,SO,8471469,,,,,,,,,,,,,,,,,,NSH
2020020395,20202021,2,2021-03-07,False,2021-03-08T02:30:00Z,-05:00,-07:00,America/Edmonton,OFF,OK,/video/ott-cgy-322248408,9,Senators,Ottawa,d'Ottawa,OTT,4,20,Flames,Calgary,de Calgary,CGY,3,5,SO,3,SO,8476899,,,,,,,,,,,,,,,,,Sénateurs,OTT
2020020398,20202021,2,2021-03-08,False,2021-03-09T01:00:00Z,-05:00,-06:00,US/Central,OFF,OK,/video/vgk-min-322278948,54,Golden Knights,Vegas,de Vegas,VGK,0,30,Wild,Minnesota,du Minnesota,MIN,2,3,REG,3,REG,8478039,8477942.0,Kähkönen,,,,,,,,,,,,,,,,MIN
2020020396,20202021,2,2021-03-08,False,2021-03-09T02:00:00Z,-05:00,-07:00,America/Edmonton,OFF,OK,/video/ott-edm-322282986,9,Senators,Ottawa,d'Ottawa,OTT,2,22,Oilers,Edmonton,d'Edmonton,EDM,3,3,REG,3,REG,8475156,8477934.0,,,,,,,,,,,,,,,,Sénateurs,EDM
2020020326,20202021,2,2021-03-08,False,2021-03-09T02:00:00Z,-05:00,-08:00,US/Pacific,OFF,OK,/video/stl-sjs-322283498,19,Blues,St. Louis,de St. Louis,STL,2,28,Sharks,San Jose,de San Jose,SJS,3,4,OT,3,OT,8471227,8475169.0,,,,,,,,,,,,,,,,,SJS
2020020399,20202021,2,2021-03-08,False,2021-03-09T02:00:00Z,-05:00,-07:00,America/Denver,OFF,OK,/video/ari-col-322284016,53,Coyotes,Arizona,de l'Arizona,ARI,3,21,Avalanche,Colorado,du Colorado,COL,2,3,REG,3,REG,8477293,8475728.0,,,,,,,,,,,,,,,,,ARI
2020020397,20202021,2,2021-03-08,False,2021-03-09T03:00:00Z,-05:00,-08:00,America/Vancouver,OFF,OK,/video/mtl-van-322287552,8,Canadiens,Montréal,de Montréal,MTL,1,23,Canucks,Vancouver,de Vancouver,VAN,2,5,SO,3,SO,8477967,,,,,,,,,,,,,,,,,,VAN
2020020400,20202021,2,2021-03-08,False,2021-03-09T03:00:00Z,-05:00,-08:00,America/Los_Angeles,OFF,OK,/video/lak-ana-322288016,26,Kings,Los Angeles,de Los Angeles,LAK,5,24,Ducks,Anaheim,d'Anaheim,ANA,6,4,OT,3,OT,8476434,8474641.0,,,,,,,,,,,,,,,,,ANA
2020020405,20202021,2,2021-03-09,False,2021-03-09T23:00:00Z,-05:00,-05:00,US/Eastern,OFF,OK,/video/nyr-pit-322320858,3,Rangers,New York,de New York,NYR,2,5,Penguins,Pittsburgh,de Pittsburgh,PIT,4,3,REG,3,REG,8477465,8477953.0,,,,,,,,,,,,,,,,,PIT
2020020403,20202021,2,2021-03-09,False,2021-03-10T00:00:00Z,-05:00,-05:00,US/Eastern,OFF,OK,/video/njd-wsh-322328638,1,Devils,New Jersey,du New Jersey,NJD,4,15,Capitals,Washington,de Washington,WSH,5,4,OT,3,OT,8477970,8477944.0,,,,,,,,,,,,,,,,,WSH
2020020408,20202021,2,2021-03-09,False,2021-03-10T00:00:00Z,-05:00,-05:00,America/Toronto,OFF,OK,/video/wpg-tor-322324986,52,Jets,Winnipeg,de Winnipeg,WPG,4,10,Maple Leafs,Toronto,de Toronto,TOR,3,3,REG,3,REG,8476945,8478891.0,,,,,,,,,,,,,,,,,WPG
2020020406,20202021,2,2021-03-09,False,2021-03-10T00:00:00Z,-05:00,-05:00,US/Eastern,OFF,OK,/video/fla-cbj-322326608,13,Panthers,Florida,de la Floride,FLA,4,29,Blue Jackets,Columbus,de Columbus,CBJ,2,3,REG,3,REG,8475683,8480015.0,,,,,,,,,,,,,,,,,FLA
2020020404,20202021,2,2021-03-09,False,2021-03-10T00:00:00Z,-05:00,-05:00,US/Eastern,OFF,OK,/video/nsh-car-322328710,18,Predators,Nashville,de Nashville,NSH,2,12,Hurricanes,Carolina,de la Caroline,CAR,3,4,OT,3,OT,8477968,8473533.0,,,,,,,,,,,,,,,,,CAR
2020020401,20202021,2,2021-03-09,False,2021-03-10T00:00:00Z,-05:00,-05:00,America/New_York,OFF,OK,/video/bos-nyi-322327026,6,Bruins,Boston,de Boston,BOS,1,2,Islanders,New York,de New York,NYI,2,5,SO,3,SO,8473575,,,,,,,,,,,,,,,,,,NYI
2020020402,20202021,2,2021-03-09,False,2021-03-10T00:00:00Z,-05:00,-05:00,US/Eastern,OFF,OK,/video/buf-phi-322326716,7,Sabres,Buffalo,de Buffalo,BUF,4,4,Flyers,Philadelphia,de Philadelphie,PHI,5,5,SO,3,SO,8470880,,,,,,,,,,,,,,,,,,PHI
2020020407,20202021,2,2021-03-09,False,2021-03-10T00:30:00Z,-05:00,-05:00,America/Detroit,OFF,OK,/video/tbl-det-322331860,14,Lightning,Tampa Bay,de Tampa Bay,TBL,4,17,Red Wings,Detroit,de Detroit,DET,3,4,OT,3,OT,8476883,8476399.0,,,,,,,,,,,,,,,,,TBL
2020020409,20202021,2,2021-03-09,False,2021-03-10T01:30:00Z,-05:00,-06:00,US/Central,OFF,OK,/video/chi-dal-322335198,16,Blackhawks,Chicago,de Chicago,CHI,1,25,Stars,Dallas,de Dallas,DAL,6,3,REG,3,REG,8471418,8476467.0,,,,,,,,,,,,,,,,,DAL
2020020412,20202021,2,2021-03-10,False,2021-03-11T00:00:00Z,-05:00,-06:00,US/Central,OFF,OK,/video/vgk-min-322359454,54,Golden Knights,Vegas,de Vegas,VGK,3,30,Wild,Minnesota,du Minnesota,MIN,4,3,REG,3,REG,8478039,8477369.0,Kähkönen,,,,,,,,,,,,,,,,MIN
2020020410,20202021,2,2021-03-10,False,2021-03-11T01:00:00Z,-05:00,-07:00,America/Edmonton,OFF,OK,/video/ott-edm-322362016,9,Senators,Ottawa,d'Ottawa,OTT,1,22,Oilers,Edmonton,d'Edmonton,EDM,7,3,REG,3,REG,8469608,8476915.0,,,,,,,,,,,,,,,,Sénateurs,EDM
2020020413,20202021,2,2021-03-10,False,2021-03-11T02:00:00Z,-05:00,-07:00,America/Denver,OFF,OK,/video/ari-col-322365510,53,Coyotes,Arizona,de l'Arizona,ARI,1,21,Avalanche,Colorado,du Colorado,COL,2,4,OT,3,OT,8475831,8476455.0,,,,,,,,,,,,,,,,,COL
2020020414,20202021,2,2021-03-10,False,2021-03-11T02:30:00Z,-05:00,-08:00,America/Los_Angeles,OFF,OK,/video/lak-ana-322365198,26,Kings,Los Angeles,de Los Angeles,LAK,5,24,Ducks,Anaheim,d'Anaheim,ANA,1,3,REG,3,REG,8477234,8471685.0,,,,,,,,,,,,,,,,,LAK
2020020411,20202021,2,2021-03-10,False,2021-03-11T04:00:00Z,-05:00,-08:00,America/Vancouver,OFF,OK,/video/mtl-van-322370112,8,Canadiens,Montréal,de Montréal,MTL,5,23,Canucks,Vancouver,de Vancouver,VAN,1,3,REG,3,REG,8471679,8470621.0,,,,,,,,,,,,,,,,,MTL
2020020420,20202021,2,2021-03-11,False,2021-03-12T00:00:00Z,-05:00,-05:00,US/Eastern,OFF,OK,/video/fla-cbj-322408338,13,Panthers,Florida,de la Floride,FLA,5,29,Blue Jackets,Columbus,de Columbus,CBJ,4,4,OT,3,OT,8475683,8478366.0,,,,,,,,,,,,,,,,,FLA
2020020422,20202021,2,2021-03-11,False,2021-03-12T00:00:00Z,-05:00,-05:00,America/Toronto,OFF,OK,/video/wpg-tor-322408060,52,Jets,Winnipeg,de Winnipeg,WPG,3,10,Maple Leafs,Toronto,de Toronto,TOR,4,4,OT,3,OT,8475883,8479318.0,,,,,,,,,,,,,,,,,TOR
2020020415,20202021,2,2021-03-11,False,2021-03-12T00:00:00Z,-05:00,-05:00,US/Eastern,OFF,OK,/video/nyr-bos-322405278,3,Rangers,New York,de New York,NYR,0,6,Bruins,Boston,de Boston,BOS,4,3,REG,3,REG,8470860,8477956.0,,,,,,,,,,,,,,,,,BOS
2020020416,20202021,2,2021-03-11,False,2021-03-12T00:00:00Z,-05:00,-05:00,America/New_York,OFF,OK,/video/pit-buf-322405662,5,Penguins,Pittsburgh,de Pittsburgh,PIT,5,7,Sabres,Buffalo,de Buffalo,BUF,2,3,REG,3,REG,8477465,8477404.0,,,,,,,,,,,,,,,,,PIT
2020020417,20202021,2,2021-03-11,False,2021-03-12T00:00:00Z,-05:00,-05:00,America/New_York,OFF,OK,/video/njd-nyi-322405826,1,Devils,New Jersey,du New Jersey,NJD,3,2,Islanders,New York,de New York,NYI,5,3,REG,3,REG,8478009,8474573.0,,,,,,,,,,,,,,,,,NYI
2020020419,20202021,2,2021-03-11,False,2021-03-12T00:00:00Z,-05:00,-05:00,US/Eastern,OFF,OK,/video/nsh-car-322408186,18,Predators,Nashville,de Nashville,NSH,1,12,Hurricanes,Carolina,de la Caroline,CAR,5,3,REG,3,REG,8473503,8476934.0,,,,,,,,,,,,,,,,,CAR
2020020418,20202021,2,2021-03-11,False,2021-03-12T00:00:00Z,-05:00,-05:00,US/Eastern,OFF,OK,,15,Capitals,Washington,de Washington,WSH,5,4,Flyers,Philadelphia,de Philadelphie,PHI,3,3,REG,3,REG,8478492,8475343.0,,,,,,,,,,,,,,,,,WSH
2020020421,20202021,2,2021-03-11,False,2021-03-12T00:30:00Z,-05:00,-05:00,America/Detroit,OFF,OK,/video/tbl-det-322411708,14,Lightning,Tampa Bay,de Tampa Bay,TBL,4,17,Red Wings,Detroit,de Detroit,DET,6,3,REG,3,REG,8473541,8477952.0,,,,,,,,,,,,,,,,,DET
2020020424,20202021,2,2021-03-11,False,2021-03-12T01:30:00Z,-05:00,-06:00,US/Central,OFF,OK,/video/chi-dal-322417526,16,Blackhawks,Chicago,de Chicago,CHI,4,25,Stars,Dallas,de Dallas,DAL,2,3,REG,3,REG,8480947,8470281.0,,,,,,,,,,,,,,,,,CHI
2020020423,20202021,2,2021-03-11,False,2021-03-12T02:00:00Z,-05:00,-07:00,America/Edmonton,OFF,OK,/video/mtl-cgy-322418774,8,Canadiens,Montréal,de Montréal,MTL,1,20,Flames,Calgary,de Calgary,CGY,2,3,REG,3,REG,8474593,8476410.0,Markström,,,,,,,,,,,,,,,,CGY
2020020425,20202021,2,2021-03-12,False,2021-03-13T01:00:00Z,-05:00,-06:00,US/Central,OFF,OK,/video/vgk-stl-322447444,54,Golden Knights,Vegas,de Vegas,VGK,5,19,Blues,St. Louis,de St. Louis,STL,4,4,OT,3,OT,8470594,8475191.0,,,,,,,,,,,,,,,,,VGK
2020020427,20202021,2,2021-03-12,False,2021-03-13T01:00:00Z,-05:00,-06:00,US/Central,OFF,OK,/video/ari-min-322445074,53,Coyotes,Arizona,de l'Arizona,ARI,0,30,Wild,Minnesota,du Minnesota,MIN,4,3,REG,3,REG,8475660,8478864.0,,,,,,,,,,,,,,,,,MIN
2020020426,20202021,2,2021-03-12,False,2021-03-13T02:00:00Z,-05:00,-07:00,America/Edmonton,OFF,OK,/video/ott-edm-322449820,9,Senators,Ottawa,d'Ottawa,OTT,2,22,Oilers,Edmonton,d'Edmonton,EDM,6,3,REG,3,REG,8469608,8477498.0,,,,,,,,,,,,,,,,Sénateurs,EDM
2020020428,20202021,2,2021-03-12,False,2021-03-13T02:00:00Z,-05:00,-07:00,America/Denver,OFF,OK,/video/lak-col-322449936,26,Kings,Los Angeles,de Los Angeles,LAK,0,21,Avalanche,Colorado,du Colorado,COL,2,3,REG,3,REG,8475831,8478420.0,,,,,,,,,,,,,,,,,COL
2020020429,20202021,2,2021-03-12,False,2021-03-13T03:00:00Z,-05:00,-08:00,America/Los_Angeles,OFF,OK,/video/sjs-ana-322453768,28,Sharks,San Jose,de San Jose,SJS,6,24,Ducks,Anaheim,d'Anaheim,ANA,0,3,REG,3,REG,8471227,8476881.0,,,,,,,,,,,,,,,,,SJS
2020020430,20202021,2,2021-03-13,False,2021-03-13T18:00:00Z,-05:00,-05:00,US/Eastern,OFF,OK,/video/nyr-bos-322463628,3,Rangers,New York,de New York,NYR,4,6,Bruins,Boston,de Boston,BOS,0,3,REG,3,REG,8476234,8480817.0,,,,,,,,,,,,,,,,,NYR
2020020436,20202021,2,2021-03-13,False,2021-03-13T22:00:00Z,-05:00,-05:00,US/Eastern,OFF,OK,/video/dal-cbj-322471714,25,Stars,Dallas,de Dallas,DAL,3,29,Blue Jackets,Columbus,de Columbus,CBJ,4,4,OT,3,OT,8478007,8478460.0,,,,,,,,,,,,,,,,,CBJ
2020020433,20202021,2,2021-03-13,False,2021-03-14T00:00:00Z,-05:00,-05:00,US/Eastern,OFF,OK,,15,Capitals,Washington,de Washington,WSH,5,4,Flyers,Philadelphia,de Philadelphie,PHI,4,3,REG,3,REG,8478492,8475343.0,,,,,,,,,,,,,,,,,WSH
2020020439,20202021,2,2021-03-13,False,2021-03-14T00:00:00Z,-05:00,-07:00,America/Edmonton,OFF,OK,/video/mtl-cgy-322483218,8,Canadiens,Montréal,de Montréal,MTL,1,20,Flames,Calgary,de Calgary,CGY,3,3,REG,3,REG,8474593,8477497.0,Markström,,,,,,,,,,,,,,,,CGY
2020020438,20202021,2,2021-03-13,False,2021-03-14T00:00:00Z,-05:00,-05:00,America/Toronto,OFF,OK,/video/wpg-tor-322490880,52,Jets,Winnipeg,de Winnipeg,WPG,5,10,Maple Leafs,Toronto,de Toronto,TOR,2,3,REG,3,REG,8476316,8476392.0,,,,,,,,,,,,,,,,,WPG
2020020435,20202021,2,2021-03-13,False,2021-03-14T00:00:00Z,-05:00,-05:00,US/Eastern,OFF,OK,/video/chi-fla-322485338,16,Blackhawks,Chicago,de Chicago,CHI,2,13,Panthers,Florida,de la Floride,FLA,4,3,REG,3,REG,8475683,8478366.0,,,,,,,,,,,,,,,,,FLA
2020020431,20202021,2,2021-03-13,False,2021-03-14T00:00:00Z,-05:00,-05:00,America/New_York,OFF,OK,/video/pit-buf-322487058,5,Penguins,Pittsburgh,de Pittsburgh,PIT,3,7,Sabres,Buffalo,de Buffalo,BUF,0,3,REG,3,REG,8479193,8477404.0,,,,,,,,,,,,,,,,,PIT
2020020434,20202021,2,2021-03-13,False,2021-03-14T00:00:00Z,-05:00,-05:00,US/Eastern,OFF,OK,/video/nsh-tbl-322486352,18,Predators,Nashville,de Nashville,NSH,3,14,Lightning,Tampa Bay,de Tampa Bay,TBL,6,3,REG,3,REG,8476883,8478010.0,,,,,,,,,,,,,,,,,TBL
2020020432,20202021,2,2021-03-13,False,2021-03-14T00:00:00Z,-05:00,-05:00,US/Eastern,OFF,OK,/video/nyi-njd-322484670,2,Islanders,New York,de New York,NYI,3,1,Devils,New Jersey,du New Jersey,NJD,2,3,REG,3,REG,8473575,8479356.0,,,,,,,,,,,,,,,,,NYI
2020020437,20202021,2,2021-03-13,False,2021-03-14T01:00:00Z,-05:00,-06:00,US/Central,OFF,OK,/video/vgk-stl-322494406,54,Golden Knights,Vegas,de Vegas,VGK,5,19,Blues,St. Louis,de St. Louis,STL,1,3,REG,3,REG,8470594,8475913.0,,,,,,,,,,,,,,,,,VGK
2020020441,20202021,2,2021-03-13,False,2021-03-14T03:00:00Z,-05:00,-08:00,America/Los_Angeles,OFF,OK,/video/sjs-ana-322497662,28,Sharks,San Jose,de San Jose,SJS,3,24,Ducks,Anaheim,d'Anaheim,ANA,1,3,REG,3,REG,8474889,8478099.0,,,,,,,,,,,,,,,,,SJS
2020020440,20202021,2,2021-03-13,False,2021-03-14T03:00:00Z,-05:00,-08:00,America/Vancouver,OFF,OK,/video/edm-van-322497592,22,Oilers,Edmonton,d'Edmonton,EDM,1,23,Canucks,Vancouver,de Vancouver,VAN,2,3,REG,3,REG,8477967,8474574.0,,,,,,,,,,,,,,,,,VAN
2020020444,20202021,2,2021-03-14,False,2021-03-14T18:00:00Z,-04:00,-05:00,US/Central,OFF,OK,/video/ari-min-322508702,53,Coyotes,Arizona,de l'Arizona,ARI,1,30,Wild,Minnesota,du Minnesota,MIN,4,3,REG,3,REG,8475660,8474009.0,,,,,,,,,,,,,,,,,MIN
2020020451,20202021,2,2021-03-14,False,2021-03-14T21:00:00Z,-04:00,-04:00,US/Eastern,OFF,OK,/video/dal-cbj-322514808,25,Stars,Dallas,de Dallas,DAL,2,29,Blue Jackets,Columbus,de Columbus,CBJ,1,5,SO,3,SO,8479979,,,,,,,,,,,,,,,,,,DAL
2020020442,20202021,2,2021-03-14,False,2021-03-14T21:00:00Z,-04:00,-04:00,America/Detroit,OFF,OK,/video/car-det-322514514,12,Hurricanes,Carolina,de la Caroline,CAR,2,17,Red Wings,Detroit,de Detroit,DET,1,3,REG,3,REG,8477968,8475799.0,,,,,,,,,,,,,,,,,CAR
2020020767,20202021,2,2021-03-14,False,2021-03-14T21:00:00Z,-04:00,-04:00,US/Eastern,OFF,OK,/video/nyi-njd-322518042,2,Islanders,New York,de New York,NYI,3,1,Devils,New Jersey,du New Jersey,NJD,2,5,SO,3,SO,8478009,8480789.0,,,,,,,,,,,,,,,,,NYI
2020020445,20202021,2,2021-03-14,False,2021-03-14T21:30:00Z,-04:00,-06:00,America/Denver,OFF,OK,/video/lak-col-322516044,26,Kings,Los Angeles,de Los Angeles,LAK,1,21,Avalanche,Colorado,du Colorado,COL,4,3,REG,3,REG,8475831,8477444.0,,,,,,,,,,,,,,,,,COL
2020020443,20202021,2,2021-03-14,False,2021-03-14T23:00:00Z,-04:00,-04:00,US/Eastern,OFF,OK,/video/tor-ott-322521024,10,Maple Leafs,Toronto,de Toronto,TOR,3,9,Senators,Ottawa,d'Ottawa,OTT,4,3,REG,3,REG,8478916,8480208.0,,,,,,,,,,,,,,,Sénateurs,,OTT
2020020448,20202021,2,2021-03-15,False,2021-03-15T20:00:00Z,-04:00,-04:00,US/Eastern,OFF,OK,/video/nsh-tbl-322541628,18,Predators,Nashville,de Nashville,NSH,4,14,Lightning,Tampa Bay,de Tampa Bay,TBL,1,3,REG,3,REG,8471469,8478042.0,,,,,,,,,,,,,,,,,NSH
2020020214,20202021,2,2021-03-15,False,2021-03-15T23:00:00Z,-04:00,-04:00,America/New_York,OFF,OK,/video/wsh-buf-322553902,15,Capitals,Washington,de Washington,WSH,6,7,Sabres,Buffalo,de Buffalo,BUF,0,3,REG,3,REG,8477970,8475744.0,,,,,,,,,,,,,,,,,WSH
2020020452,20202021,2,2021-03-15,False,2021-03-15T23:00:00Z,-04:00,-04:00,US/Eastern,OFF,OK,/video/van-ott-322555834,23,Canucks,Vancouver,de Vancouver,VAN,3,9,Senators,Ottawa,d'Ottawa,OTT,2,4,OT,3,OT,8477967,8476468.0,,,,,,,,,,,,,,,Sénateurs,,VAN
2020020446,20202021,2,2021-03-15,False,2021-03-15T23:00:00Z,-04:00,-04:00,America/New_York,OFF,OK,,4,Flyers,Philadelphia,de Philadelphie,PHI,5,3,Rangers,New York,de New York,NYR,4,4,OT,3,OT,8479394,8474161.0,,,,,,,,,,,,,,,,,PHI
2020020450,20202021,2,2021-03-15,False,2021-03-15T23:00:00Z,-04:00,-04:00,US/Eastern,OFF,OK,/video/bos-pit-322555192,6,Bruins,Boston,de Boston,BOS,1,5,Penguins,Pittsburgh,de Pittsburgh,PIT,4,3,REG,3,REG,8477465,8471675.0,,,,,,,,,,,,,,,,,PIT
2020020449,20202021,2,2021-03-15,False,2021-03-15T23:00:00Z,-04:00,-04:00,US/Eastern,OFF,OK,/video/chi-fla-322555774,16,Blackhawks,Chicago,de Chicago,CHI,3,13,Panthers,Florida,de la Floride,FLA,6,3,REG,3,REG,8475683,8477493.0,,,,,,,,,,,,,,,,,FLA
2020020453,20202021,2,2021-03-15,False,2021-03-16T00:00:00Z,-04:00,-05:00,America/Winnipeg,OFF,OK,/video/mtl-wpg-322565126,8,Canadiens,Montréal,de Montréal,MTL,4,52,Jets,Winnipeg,de Winnipeg,WPG,2,3,REG,3,REG,8471679,8475726.0,,,,,,,,,,,,,,,,,MTL
2020020454,20202021,2,2021-03-15,False,2021-03-16T01:00:00Z,-04:00,-06:00,America/Edmonton,OFF,OK,/video/edm-cgy-322564104,22,Oilers,Edmonton,d'Edmonton,EDM,3,20,Flames,Calgary,de Calgary,CGY,4,3,REG,3,REG,8474593,8478396.0,Markström,,,,,,,,,,,,,,,,CGY
2020020455,20202021,2,2021-03-15,False,2021-03-16T02:00:00Z,-04:00,-07:00,US/Pacific,OFF,OK,/video/sjs-vgk-322566260,28,Sharks,San Jose,de San Jose,SJS,1,54,Golden Knights,Vegas,de Vegas,VGK,2,3,REG,3,REG,8470594,8475913.0,,,,,,,,,,,,,,,,,VGK
2020020457,20202021,2,2021-03-16,False,2021-03-16T23:00:00Z,-04:00,-04:00,US/Eastern,OFF,OK,/video/buf-njd-322592360,7,Sabres,Buffalo,de Buffalo,BUF,2,1,Devils,New Jersey,du New Jersey,NJD,3,3,REG,3,REG,8478406,8477425.0,,,,,,,,,,,,,,,,,NJD
2020020459,20202021,2,2021-03-16,False,2021-03-16T23:00:00Z,-04:00,-04:00,US/Eastern,OFF,OK,/video/bos-pit-322593608,6,Bruins,Boston,de Boston,BOS,2,5,Penguins,Pittsburgh,de Pittsburgh,PIT,1,3,REG,3,REG,8478435,8479365.0,,,,,,,,,,,,,,,,,BOS
2020020458,20202021,2,2021-03-16,False,2021-03-16T23:00:00Z,-04:00,-04:00,US/Eastern,OFF,OK,/video/nyi-wsh-322591750,2,Islanders,New York,de New York,NYI,1,15,Capitals,Washington,de Washington,WSH,3,3,REG,3,REG,8478492,8471214.0,,,,,,,,,,,,,,,,,WSH
2020020460,20202021,2,2021-03-16,False,2021-03-16T23:30:00Z,-04:00,-04:00,America/Detroit,OFF,OK,/video/car-det-322595034,12,Hurricanes,Carolina,de la Caroline,CAR,2,17,Red Wings,Detroit,de Detroit,DET,4,3,REG,3,REG,8473541,8477952.0,,,,,,,,,,,,,,,,,DET
2020020186,20202021,2,2021-03-16,False,2021-03-17T00:00:00Z,-04:00,-05:00,US/Central,OFF,OK,/video/ari-min-322597568,53,Coyotes,Arizona,de l'Arizona,ARI,0,30,Wild,Minnesota,du Minnesota,MIN,3,3,REG,3,REG,8478039,8477451.0,Kähkönen,,,,,,,,,,,,,,,,MIN
2020020286,20202021,2,2021-03-16,False,2021-03-17T00:30:00Z,-04:00,-05:00,US/Central,OFF,OK,/video/tbl-dal-322600108,14,Lightning,Tampa Bay,de Tampa Bay,TBL,4,25,Stars,Dallas,de Dallas,DAL,3,5,SO,3,SO,8476883,,,,,,,,,,,,,,,,,,TBL
2020020568,20202021,2,2021-03-16,False,2021-03-17T01:00:00Z,-04:00,-06:00,America/Denver,OFF,OK,/video/ana-col-322601606,24,Ducks,Anaheim,d'Anaheim,ANA,4,21,Avalanche,Colorado,du Colorado,COL,8,3,REG,3,REG,8475831,8477492.0,,,,,,,,,,,,,,,,,COL
2020020463,20202021,2,2021-03-17,False,2021-03-17T23:00:00Z,-04:00,-04:00,US/Eastern,OFF,OK,/video/van-ott-322624566,23,Canucks,Vancouver,de Vancouver,VAN,3,9,Senators,Ottawa,d'Ottawa,OTT,2,5,SO,3,SO,8477967,,,,,,,,,,,,,,,,Sénateurs,,VAN
2020020462,20202021,2,2021-03-17,False,2021-03-17T23:30:00Z,-04:00,-04:00,America/New_York,OFF,OK,,4,Flyers,Philadelphia,de Philadelphie,PHI,0,3,Rangers,New York,de New York,NYR,9,3,REG,3,REG,8480382,8477962.0,,,,,,,,,,,,,,,,,NYR
2020020464,20202021,2,2021-03-17,False,2021-03-18T01:00:00Z,-04:00,-05:00,America/Winnipeg,OFF,OK,/video/mtl-wpg-322631832,8,Canadiens,Montréal,de Montréal,MTL,3,52,Jets,Winnipeg,de Winnipeg,WPG,4,4,OT,3,OT,8476945,8477940.0,,,,,,,,,,,,,,,,,WPG
2020020467,20202021,2,2021-03-17,False,2021-03-18T02:00:00Z,-04:00,-07:00,America/Los_Angeles,OFF,OK,/video/stl-lak-322636660,19,Blues,St. Louis,de St. Louis,STL,1,26,Kings,Los Angeles,de Los Angeles,LAK,4,3,REG,3,REG,8477361,8479336.0,,,,,,,,,,,,,,,,,LAK
2020020465,20202021,2,2021-03-17,False,2021-03-18T02:00:00Z,-04:00,-06:00,America/Edmonton,OFF,OK,/video/edm-cgy-322636728,22,Oilers,Edmonton,d'Edmonton,EDM,7,20,Flames,Calgary,de Calgary,CGY,3,3,REG,3,REG,8469608,8478402.0,,,,,,,,,,,,,,,,,EDM
2020020466,20202021,2,2021-03-17,False,2021-03-18T02:00:00Z,-04:00,-07:00,US/Pacific,OFF,OK,/video/sjs-vgk-322637256,28,Sharks,San Jose,de San Jose,SJS,4,54,Golden Knights,Vegas,de Vegas,VGK,5,3,REG,3,REG,8470594,8474166.0,,,,,,,,,,,,,,,,,VGK
2020020472,20202021,2,2021-03-18,False,2021-03-18T23:00:00Z,-04:00,-04:00,US/Eastern,OFF,OK,/video/nsh-fla-322671176,18,Predators,Nashville,de Nashville,NSH,2,13,Panthers,Florida,de la Floride,FLA,1,3,REG,3,REG,8477424,8475714.0,,,,,,,,,,,,,,,,,NSH
2020020201,20202021,2,2021-03-18,False,2021-03-18T23:00:00Z,-04:00,-04:00,US/Eastern,OFF,OK,/video/pit-njd-322671108,5,Penguins,Pittsburgh,de Pittsburgh,PIT,2,1,Devils,New Jersey,du New Jersey,NJD,3,3,REG,3,REG,8475809,8471233.0,,,,,,,,,,,,,,,,,NJD
2020020469,20202021,2,2021-03-18,False,2021-03-18T23:00:00Z,-04:00,-04:00,America/New_York,OFF,OK,,4,Flyers,Philadelphia,de Philadelphie,PHI,4,2,Islanders,New York,de New York,NYI,3,3,REG,3,REG,8479394,8478067.0,,,,,,,,,,,,,,,,,PHI
2020020468,20202021,2,2021-03-18,False,2021-03-18T23:00:00Z,-04:00,-04:00,America/New_York,OFF,OK,/video/bos-buf-322672524,6,Bruins,Boston,de Boston,BOS,4,7,Sabres,Buffalo,de Buffalo,BUF,1,3,REG,3,REG,8470860,8478498.0,,,,,,,,,,,,,,,,,BOS
2020020470,20202021,2,2021-03-18,False,2021-03-18T23:00:00Z,-04:00,-04:00,US/Eastern,OFF,OK,/video/cbj-car-322670594,29,Blue Jackets,Columbus,de Columbus,CBJ,3,12,Hurricanes,Carolina,de la Caroline,CAR,2,4,OT,3,OT,8476914,8477495.0,,,,,,,,,,,,,,,,,CBJ
2020020471,20202021,2,2021-03-18,False,2021-03-18T23:00:00Z,-04:00,-04:00,US/Eastern,OFF,OK,/video/chi-tbl-322669480,16,Blackhawks,Chicago,de Chicago,CHI,2,14,Lightning,Tampa Bay,de Tampa Bay,TBL,4,3,REG,3,REG,8476883,8479525.0,,,,,,,,,,,,,,,,,TBL
2020020473,20202021,2,2021-03-18,False,2021-03-18T23:30:00Z,-04:00,-04:00,America/Detroit,OFF,OK,/video/dal-det-322673896,25,Stars,Dallas,de Dallas,DAL,2,17,Red Wings,Detroit,de Detroit,DET,3,3,REG,3,REG,8471306,8477952.0,,,,,,,,,,,,,,,,,DET
2020020475,20202021,2,2021-03-18,False,2021-03-19T01:00:00Z,-04:00,-06:00,America/Denver,OFF,OK,/video/min-col-322681088,30,Wild,Minnesota,du Minnesota,MIN,1,21,Avalanche,Colorado,du Colorado,COL,5,3,REG,3,REG,8475831,8478420.0,,,,,,,,,,,,,,,,,COL
2020020474,20202021,2,2021-03-18,False,2021-03-19T01:00:00Z,-04:00,-06:00,America/Edmonton,OFF,OK,/video/wpg-edm-322680666,52,Jets,Winnipeg,de Winnipeg,WPG,1,22,Oilers,Edmonton,d'Edmonton,EDM,2,3,REG,3,REG,8475156,8478402.0,,,,,,,,,,,,,,,,,EDM
2020020476,20202021,2,2021-03-18,False,2021-03-19T02:00:00Z,-04:00,-07:00,America/Los_Angeles,OFF,OK,/video/ari-ana-322684358,53,Coyotes,Arizona,de l'Arizona,ARI,2,24,Ducks,Anaheim,d'Anaheim,ANA,3,4,OT,3,OT,8468011,8474641.0,,,,,,,,,,,,,,,,,ANA
2020020480,20202021,2,2021-03-19,False,2021-03-19T23:00:00Z,-04:00,-04:00,America/Toronto,OFF,OK,/video/cgy-tor-322706968,20,Flames,Calgary,de Calgary,CGY,4,10,Maple Leafs,Toronto,de Toronto,TOR,3,3,REG,3,REG,8474593,8470966.0,Markström,,,,,,,,,,,,,,,,CGY
2020020478,20202021,2,2021-03-19,False,2021-03-19T23:00:00Z,-04:00,-04:00,US/Eastern,OFF,OK,/video/nyr-wsh-322707350,3,Rangers,New York,de New York,NYR,1,15,Capitals,Washington,de Washington,WSH,2,3,REG,3,REG,8477970,8471214.0,,,,,,,,,,,,,,,,,WSH
2020020479,20202021,2,2021-03-19,False,2021-03-19T23:00:00Z,-04:00,-04:00,America/Montreal,OFF,OK,/video/van-mtl-322707502,23,Canucks,Vancouver,de Vancouver,VAN,3,8,Canadiens,Montréal,de Montréal,MTL,2,4,OT,3,OT,8477967,8476468.0,,,,,,,,,,,,,,,,,VAN
2020020482,20202021,2,2021-03-19,False,2021-03-20T01:00:00Z,-04:00,-07:00,US/Pacific,OFF,OK,/video/stl-sjs-322713936,19,Blues,St. Louis,de St. Louis,STL,2,28,Sharks,San Jose,de San Jose,SJS,1,5,SO,3,SO,8476412,,,,,,,,,,,,,,,,,,STL
2020020481,20202021,2,2021-03-19,False,2021-03-20T02:00:00Z,-04:00,-07:00,America/Los_Angeles,OFF,OK,/video/vgk-lak-322714832,54,Golden Knights,Vegas,de Vegas,VGK,4,26,Kings,Los Angeles,de Los Angeles,LAK,2,3,REG,3,REG,8475215,8476448.0,,,,,,,,,,,,,,,,,VGK
2020020477,20202021,2,2021-03-20,False,2021-03-20T17:00:00Z,-04:00,-04:00,US/Eastern,OFF,OK,/video/pit-njd-322725936,5,Penguins,Pittsburgh,de Pittsburgh,PIT,3,1,Devils,New Jersey,du New Jersey,NJD,1,3,REG,3,REG,8479193,8475810.0,,,,,,,,,,,,,,,,,PIT
2020020487,20202021,2,2021-03-20,False,2021-03-20T18:00:00Z,-04:00,-04:00,US/Eastern,OFF,OK,/video/nsh-fla-322728498,18,Predators,Nashville,de Nashville,NSH,0,13,Panthers,Florida,de la Floride,FLA,2,3,REG,3,REG,8476904,8477493.0,,,,,,,,,,,,,,,,,FLA
2020020492,20202021,2,2021-03-20,False,2021-03-20T19:00:00Z,-04:00,-06:00,America/Denver,OFF,OK,/video/min-col-322732420,30,Wild,Minnesota,du Minnesota,MIN,0,21,Avalanche,Colorado,du Colorado,COL,6,3,REG,3,REG,8475831,8480069.0,,,,,,,,,,,,,,,,,COL
2020020486,20202021,2,2021-03-20,False,2021-03-20T20:00:00Z,-04:00,-04:00,US/Eastern,OFF,OK,/video/chi-tbl-322734372,16,Blackhawks,Chicago,de Chicago,CHI,1,14,Lightning,Tampa Bay,de Tampa Bay,TBL,4,3,REG,3,REG,8476883,8478519.0,,,,,,,,,,,,,,,,,TBL
2020020484,20202021,2,2021-03-20,False,2021-03-20T23:00:00Z,-04:00,-04:00,America/New_York,OFF,OK,,4,Flyers,Philadelphia,de Philadelphie,PHI,1,2,Islanders,New York,de New York,NYI,6,3,REG,3,REG,8478009,8474586.0,,,,,,,,,,,,,,,,,NYI
2020020485,20202021,2,2021-03-20,False,2021-03-20T23:00:00Z,-04:00,-04:00,US/Eastern,OFF,OK,/video/cbj-car-322748396,29,Blue Jackets,Columbus,de Columbus,CBJ,3,12,Hurricanes,Carolina,de la Caroline,CAR,2,5,SO,3,SO,8478007,,,,,,,,,,,,,,,,,,CBJ
2020020490,20202021,2,2021-03-20,False,2021-03-20T23:00:00Z,-04:00,-04:00,America/Toronto,OFF,OK,/video/cgy-tor-322746528,20,Flames,Calgary,de Calgary,CGY,0,10,Maple Leafs,Toronto,de Toronto,TOR,2,3,REG,3,REG,8475789,8469455.0,,,,,,,,,,,,,,,,,TOR
2020020489,20202021,2,2021-03-20,False,2021-03-20T23:00:00Z,-04:00,-04:00,America/Montreal,OFF,OK,,23,Canucks,Vancouver,de Vancouver,VAN,4,8,Canadiens,Montréal,de Montréal,MTL,5,5,SO,3,SO,8471679,,,,,,,,,,,,,,,,,,MTL
2020020488,20202021,2,2021-03-20,False,2021-03-20T23:00:00Z,-04:00,-04:00,America/Detroit,OFF,OK,/video/dal-det-322745290,25,Stars,Dallas,de Dallas,DAL,3,17,Red Wings,Detroit,de Detroit,DET,0,3,REG,3,REG,8471418,8478528.0,,,,,,,,,,,,,,,,,DAL
2020020291,20202021,2,2021-03-20,False,2021-03-20T23:00:00Z,-04:00,-04:00,US/Eastern,OFF,OK,/video/nyr-wsh-322745734,3,Rangers,New York,de New York,NYR,3,15,Capitals,Washington,de Washington,WSH,1,3,REG,3,REG,8476234,8476459.0,,,,,,,,,,,,,,,,,NYR
2020020461,20202021,2,2021-03-20,False,2021-03-21T00:00:00Z,-04:00,-07:00,America/Los_Angeles,OFF,OK,/video/ari-ana-322752406,53,Coyotes,Arizona,de l'Arizona,ARI,5,24,Ducks,Anaheim,d'Anaheim,ANA,1,3,REG,3,REG,8477293,8479345.0,,,,,,,,,,,,,,,,,ARI
2020020493,20202021,2,2021-03-20,False,2021-03-21T01:00:00Z,-04:00,-07:00,US/Pacific,OFF,OK,/video/stl-sjs-322758030,19,Blues,St. Louis,de St. Louis,STL,5,28,Sharks,San Jose,de San Jose,SJS,2,3,REG,3,REG,8478024,8475158.0,,,,,,,,,,,,,,,,,STL
2020020491,20202021,2,2021-03-20,False,2021-03-21T02:00:00Z,-04:00,-06:00,America/Edmonton,OFF,OK,/video/wpg-edm-322760236,52,Jets,Winnipeg,de Winnipeg,WPG,2,22,Oilers,Edmonton,d'Edmonton,EDM,4,3,REG,3,REG,8469608,8477934.0,,,,,,,,,,,,,,,,,EDM
2020020151,20202021,2,2021-03-21,False,2021-03-21T17:00:00Z,-04:00,-04:00,US/Eastern,OFF,OK,/video/njd-pit-322770304,1,Devils,New Jersey,du New Jersey,NJD,2,5,Penguins,Pittsburgh,de Pittsburgh,PIT,1,4,OT,3,OT,8478406,8479407.0,,,,,,,,,,,,,,,,,NJD
2020020828,20202021,2,2021-03-21,False,2021-03-21T20:00:00Z,-04:00,-04:00,US/Eastern,OFF,OK,,13,Panthers,Florida,de la Floride,FLA,3,14,Lightning,Tampa Bay,de Tampa Bay,TBL,5,3,REG,3,REG,8470147,8474870.0,,,,,,,,,,,,,,,,,TBL
2020020495,20202021,2,2021-03-21,False,2021-03-21T22:00:00Z,-04:00,-07:00,America/Los_Angeles,OFF,OK,/video/vgk-lak-322776216,54,Golden Knights,Vegas,de Vegas,VGK,1,26,Kings,Los Angeles,de Los Angeles,LAK,3,3,REG,3,REG,8477361,8470606.0,,,,,,,,,,,,,,,,,LAK
2020020258,20202021,2,2021-03-21,False,2021-03-22T00:30:00Z,-04:00,-05:00,US/Central,OFF,OK,/video/nsh-dal-322779838,18,Predators,Nashville,de Nashville,NSH,4,25,Stars,Dallas,de Dallas,DAL,3,5,SO,3,SO,8471469,,,,,,,,,,,,,,,,,,NSH
2020020755,20202021,2,2021-03-22,False,2021-03-22T23:00:00Z,-04:00,-04:00,US/Eastern,OFF,OK,,2,Islanders,New York,de New York,NYI,2,4,Flyers,Philadelphia,de Philadelphie,PHI,1,4,OT,3,OT,8478009,8478463.0,,,,,,,,,,,,,,,,,NYI
2020020499,20202021,2,2021-03-22,False,2021-03-22T23:00:00Z,-04:00,-04:00,US/Eastern,OFF,OK,/video/cgy-ott-322807128,20,Flames,Calgary,de Calgary,CGY,1,9,Senators,Ottawa,d'Ottawa,OTT,2,3,REG,3,REG,8479406,8476919.0,,,,,,,,,,,,,,,Sénateurs,,OTT
2020020496,20202021,2,2021-03-22,False,2021-03-22T23:00:00Z,-04:00,-04:00,America/New_York,OFF,OK,/video/buf-nyr-322806746,7,Sabres,Buffalo,de Buffalo,BUF,3,3,Rangers,New York,de New York,NYR,5,3,REG,3,REG,8476234,8475184.0,,,,,,,,,,,,,,,,,NYR
2020020497,20202021,2,2021-03-22,False,2021-03-22T23:00:00Z,-04:00,-04:00,US/Eastern,OFF,OK,/video/car-cbj-322808370,12,Hurricanes,Carolina,de la Caroline,CAR,3,29,Blue Jackets,Columbus,de Columbus,CBJ,0,3,REG,3,REG,8477968,8476869.0,,,,,,,,,,,,,,,,,CAR
2020020501,20202021,2,2021-03-22,False,2021-03-22T23:30:00Z,-04:00,-05:00,US/Central,OFF,OK,/video/ana-min-322810288,24,Ducks,Anaheim,d'Anaheim,ANA,1,30,Wild,Minnesota,du Minnesota,MIN,2,3,REG,3,REG,8475660,8475760.0,,,,,,,,,,,,,,,,,MIN
2020020500,20202021,2,2021-03-22,False,2021-03-23T02:00:00Z,-04:00,-07:00,America/Vancouver,OFF,OK,/video/wpg-van-322819058,52,Jets,Winnipeg,de Winnipeg,WPG,4,23,Canucks,Vancouver,de Vancouver,VAN,0,3,REG,3,REG,8476945,8471218.0,,,,,,,,,,,,,,,,,WPG
2020020502,20202021,2,2021-03-22,False,2021-03-23T02:00:00Z,-04:00,-07:00,America/Phoenix,OFF,OK,/video/col-ari-322819658,21,Avalanche,Colorado,du Colorado,COL,5,53,Coyotes,Arizona,de l'Arizona,ARI,1,3,REG,3,REG,8475831,8478420.0,,,,,,,,,,,,,,,,,COL
2020020122,20202021,2,2021-03-22,False,2021-03-23T02:00:00Z,-04:00,-07:00,US/Pacific,OFF,OK,/video/stl-vgk-322819004,19,Blues,St. Louis,de St. Louis,STL,1,54,Golden Knights,Vegas,de Vegas,VGK,5,3,REG,3,REG,8475215,8475913.0,,,,,,,,,,,,,,,,,VGK
2020020503,20202021,2,2021-03-22,False,2021-03-23T02:30:00Z,-04:00,-07:00,US/Pacific,OFF,OK,/video/lak-sjs-322821160,26,Kings,Los Angeles,de Los Angeles,LAK,1,28,Sharks,San Jose,de San Jose,SJS,2,3,REG,3,REG,8474889,8477987.0,,,,,,,,,,,,,,,,,SJS
2020020504,20202021,2,2021-03-23,False,2021-03-23T23:00:00Z,-04:00,-04:00,US/Eastern,OFF,OK,,1,Devils,New Jersey,du New Jersey,NJD,4,4,Flyers,Philadelphia,de Philadelphie,PHI,3,3,REG,3,REG,8478406,8471233.0,,,,,,,,,,,,,,,,,NJD
2020020505,20202021,2,2021-03-23,False,2021-03-24T00:00:00Z,-04:00,-05:00,America/Chicago,OFF,OK,/video/fla-chi-322847356,13,Panthers,Florida,de la Floride,FLA,2,16,Blackhawks,Chicago,de Chicago,CHI,3,3,REG,3,REG,8480947,8471262.0,,,,,,,,,,,,,,,,,CHI
2020020506,20202021,2,2021-03-23,False,2021-03-24T00:00:00Z,-04:00,-05:00,US/Central,OFF,OK,/video/det-nsh-322846830,17,Red Wings,Detroit,de Detroit,DET,0,18,Predators,Nashville,de Nashville,NSH,2,3,REG,3,REG,8477424,8475798.0,,,,,,,,,,,,,,,,,NSH
2020020507,20202021,2,2021-03-23,False,2021-03-24T00:30:00Z,-04:00,-05:00,US/Central,OFF,OK,/video/tbl-dal-322848356,14,Lightning,Tampa Bay,de Tampa Bay,TBL,2,25,Stars,Dallas,de Dallas,DAL,1,3,REG,3,REG,8476883,8476826.0,,,,,,,,,,,,,,,,,TBL
2020020508,20202021,2,2021-03-23,False,2021-03-24T02:00:00Z,-04:00,-07:00,America/Phoenix,OFF,OK,/video/col-ari-322852328,21,Avalanche,Colorado,du Colorado,COL,4,53,Coyotes,Arizona,de l'Arizona,ARI,5,5,SO,3,SO,8478499,,,,,,,,,,,,,,,,,,ARI
2020020511,20202021,2,2021-03-24,False,2021-03-24T21:00:00Z,-04:00,-04:00,US/Eastern,OFF,OK,/video/cgy-ott-322872006,20,Flames,Calgary,de Calgary,CGY,1,9,Senators,Ottawa,d'Ottawa,OTT,3,3,REG,3,REG,8479406,8476919.0,,,,,,,,,,,,,,,Sénateurs,,OTT
2020020513,20202021,2,2021-03-24,False,2021-03-24T21:30:00Z,-04:00,-05:00,US/Central,OFF,OK,/video/ana-min-322872364,24,Ducks,Anaheim,d'Anaheim,ANA,2,30,Wild,Minnesota,du Minnesota,MIN,3,3,REG,3,REG,8475660,8481477.0,,,,,,,,,,,,,,,,,MIN
2020020509,20202021,2,2021-03-24,False,2021-03-25T00:00:00Z,-04:00,-04:00,US/Eastern,OFF,OK,/video/buf-pit-322877378,7,Sabres,Buffalo,de Buffalo,BUF,2,5,Penguins,Pittsburgh,de Pittsburgh,PIT,5,3,REG,3,REG,8477465,8478507.0,,,,,,,,,,,,,,,,,PIT
2020020512,20202021,2,2021-03-24,False,2021-03-25T02:30:00Z,-04:00,-07:00,America/Vancouver,OFF,OK,/video/wpg-van-322882554,52,Jets,Winnipeg,de Winnipeg,WPG,5,23,Canucks,Vancouver,de Vancouver,VAN,1,3,REG,3,REG,8476945,8477429.0,,,,,,,,,,,,,,,,,WPG
2020020514,20202021,2,2021-03-24,False,2021-03-25T02:30:00Z,-04:00,-07:00,US/Pacific,OFF,OK,/video/lak-sjs-322881924,26,Kings,Los Angeles,de Los Angeles,LAK,2,28,Sharks,San Jose,de San Jose,SJS,4,3,REG,3,REG,8474889,8475169.0,,,,,,,,,,,,,,,,,SJS
2020020532,20202021,2,2021-03-25,False,2021-03-25T23:00:00Z,-04:00,-04:00,US/Eastern,OFF,OK,/video/buf-pit-322920642,7,Sabres,Buffalo,de Buffalo,BUF,0,5,Penguins,Pittsburgh,de Pittsburgh,PIT,4,3,REG,3,REG,8479193,8482241.0,,,,,,,,,,,,,,,,,PIT
2020020521,20202021,2,2021-03-25,False,2021-03-25T23:00:00Z,-04:00,-04:00,US/Eastern,OFF,OK,/video/tor-ott-322918736,10,Maple Leafs,Toronto,de Toronto,TOR,3,9,Senators,Ottawa,d'Ottawa,OTT,2,4,OT,3,OT,8475789,8475718.0,,,,,,,,,,,,,,,Sénateurs,,TOR
2020020516,20202021,2,2021-03-25,False,2021-03-25T23:00:00Z,-04:00,-04:00,US/Eastern,OFF,OK,,3,Rangers,New York,de New York,NYR,8,4,Flyers,Philadelphia,de Philadelphie,PHI,3,3,REG,3,REG,8478048,8476459.0,,,,,,,,,,,,,,,,,NYR
2020020515,20202021,2,2021-03-25,False,2021-03-25T23:00:00Z,-04:00,-04:00,US/Eastern,OFF,OK,/video/nyi-bos-322919096,2,Islanders,New York,de New York,NYI,4,6,Bruins,Boston,de Boston,BOS,3,4,OT,3,OT,8473575,8478463.0,,,,,,,,,,,,,,,,,NYI
2020020517,20202021,2,2021-03-25,False,2021-03-25T23:00:00Z,-04:00,-04:00,US/Eastern,OFF,OK,/video/njd-wsh-322917438,1,Devils,New Jersey,du New Jersey,NJD,3,15,Capitals,Washington,de Washington,WSH,4,3,REG,3,REG,8477970,8475744.0,,,,,,,,,,,,,,,,,WSH
2020020518,20202021,2,2021-03-25,False,2021-03-25T23:00:00Z,-04:00,-04:00,US/Eastern,OFF,OK,/video/car-cbj-322920204,12,Hurricanes,Carolina,de la Caroline,CAR,4,29,Blue Jackets,Columbus,de Columbus,CBJ,3,4,OT,3,OT,8477968,8478427.0,,,,,,,,,,,,,,,,,CAR
2020020520,20202021,2,2021-03-25,False,2021-03-26T00:00:00Z,-04:00,-05:00,US/Central,OFF,OK,/video/det-nsh-322927032,17,Red Wings,Detroit,de Detroit,DET,1,18,Predators,Nashville,de Nashville,NSH,7,3,REG,3,REG,8477424,8480009.0,,,,,,,,,,,,,,,,,NSH
2020020519,20202021,2,2021-03-25,False,2021-03-26T00:00:00Z,-04:00,-05:00,America/Chicago,OFF,OK,/video/fla-chi-322926908,13,Panthers,Florida,de la Floride,FLA,0,16,Blackhawks,Chicago,de Chicago,CHI,3,3,REG,3,REG,8480947,8474141.0,,,,,,,,,,,,,,,,,CHI
2020020223,20202021,2,2021-03-25,False,2021-03-26T00:00:00Z,-04:00,-05:00,US/Central,OFF,OK,/video/stl-min-322925522,19,Blues,St. Louis,de St. Louis,STL,0,30,Wild,Minnesota,du Minnesota,MIN,2,3,REG,3,REG,8475660,8475149.0,,,,,,,,,,,,,,,,,MIN
2020020522,20202021,2,2021-03-25,False,2021-03-26T00:30:00Z,-04:00,-05:00,US/Central,OFF,OK,/video/tbl-dal-322931326,14,Lightning,Tampa Bay,de Tampa Bay,TBL,3,25,Stars,Dallas,de Dallas,DAL,4,3,REG,3,REG,8479979,8478449.0,,,,,,,,,,,,,,,,,DAL
2020020523,20202021,2,2021-03-25,False,2021-03-26T01:00:00Z,-04:00,-06:00,America/Denver,OFF,OK,/video/vgk-col-322933086,54,Golden Knights,Vegas,de Vegas,VGK,1,21,Avalanche,Colorado,du Colorado,COL,5,3,REG,3,REG,8475831,8477456.0,,,,,,,,,,,,,,,,,COL
2020020524,20202021,2,2021-03-26,False,2021-03-26T23:00:00Z,-04:00,-04:00,US/Eastern,OFF,OK,/video/njd-wsh-322952580,1,Devils,New Jersey,du New Jersey,NJD,0,15,Capitals,Washington,de Washington,WSH,4,3,REG,3,REG,8478492,8471214.0,,,,,,,,,,,,,,,,,WSH
2020020525,20202021,2,2021-03-26,False,2021-03-27T00:00:00Z,-04:00,-05:00,US/Central,OFF,OK,/video/ana-stl-322955614,24,Ducks,Anaheim,d'Anaheim,ANA,4,19,Blues,St. Louis,de St. Louis,STL,1,3,REG,3,REG,8476434,8479368.0,,,,,,,,,,,,,,,,,ANA
2020020528,20202021,2,2021-03-26,False,2021-03-27T02:00:00Z,-04:00,-07:00,America/Phoenix,OFF,OK,/video/sjs-ari-322960000,28,Sharks,San Jose,de San Jose,SJS,2,53,Coyotes,Arizona,de l'Arizona,ARI,5,3,REG,3,REG,8478499,8477989.0,,,,,,,,,,,,,,,,,ARI
2020020527,20202021,2,2021-03-26,False,2021-03-27T02:00:00Z,-04:00,-06:00,America/Edmonton,OFF,OK,/video/wpg-cgy-322960492,52,Jets,Winnipeg,de Winnipeg,WPG,3,20,Flames,Calgary,de Calgary,CGY,2,3,REG,3,REG,8476945,8471669.0,,,,,,,,,,,,,,,,,WPG
2020020179,20202021,2,2021-03-27,False,2021-03-27T17:00:00Z,-04:00,-04:00,US/Eastern,OFF,OK,/video/buf-bos-322974724,7,Sabres,Buffalo,de Buffalo,BUF,2,6,Bruins,Boston,de Boston,BOS,3,3,REG,3,REG,8478435,8475225.0,,,,,,,,,,,,,,,,,BOS
2020020530,20202021,2,2021-03-27,False,2021-03-27T17:00:00Z,-04:00,-04:00,US/Eastern,OFF,OK,,3,Rangers,New York,de New York,NYR,1,4,Flyers,Philadelphia,de Philadelphie,PHI,2,3,REG,3,REG,8470880,8477502.0,,,,,,,,,,,,,,,,,PHI
2020020539,20202021,2,2021-03-27,False,2021-03-27T19:00:00Z,-04:00,-06:00,America/Denver,OFF,OK,/video/vgk-col-322978974,54,Golden Knights,Vegas,de Vegas,VGK,3,21,Avalanche,Colorado,du Colorado,COL,2,4,OT,3,OT,8470594,8474157.0,,,,,,,,,,,,,,,,,VGK
2020020533,20202021,2,2021-03-27,False,2021-03-27T19:00:00Z,-04:00,-04:00,America/Detroit,OFF,OK,/video/cbj-det-322978430,29,Blue Jackets,Columbus,de Columbus,CBJ,1,17,Red Wings,Detroit,de Detroit,DET,3,3,REG,3,REG,8475717,8477952.0,,,,,,,,,,,,,,,,,DET
2020020531,20202021,2,2021-03-27,False,2021-03-27T23:00:00Z,-04:00,-04:00,US/Eastern,OFF,OK,/video/tbl-car-322990270,14,Lightning,Tampa Bay,de Tampa Bay,TBL,3,12,Hurricanes,Carolina,de la Caroline,CAR,4,3,REG,3,REG,8473503,8480039.0,,,,,,,,,,,,,,,,,CAR
2020020561,20202021,2,2021-03-27,False,2021-03-27T23:00:00Z,-04:00,-04:00,US/Eastern,OFF,OK,/video/nyi-pit-322990914,2,Islanders,New York,de New York,NYI,3,5,Penguins,Pittsburgh,de Pittsburgh,PIT,6,3,REG,3,REG,8477465,8475810.0,,,,,,,,,,,,,,,,,PIT
2020020536,20202021,2,2021-03-27,False,2021-03-27T23:00:00Z,-04:00,-04:00,America/Toronto,OFF,OK,/video/edm-tor-322991330,22,Oilers,Edmonton,d'Edmonton,EDM,3,10,Maple Leafs,Toronto,de Toronto,TOR,4,4,OT,3,OT,8475789,8479318.0,,,,,,,,,,,,,,,,,TOR
2020020538,20202021,2,2021-03-27,False,2021-03-28T00:00:00Z,-04:00,-05:00,US/Central,OFF,OK,/video/fla-dal-322999912,13,Panthers,Florida,de la Floride,FLA,4,25,Stars,Dallas,de Dallas,DAL,3,4,OT,3,OT,8475683,8477932.0,,,,,,,,,,,,,,,,,FLA
2020020534,20202021,2,2021-03-27,False,2021-03-28T00:00:00Z,-04:00,-05:00,America/Chicago,OFF,OK,/video/nsh-chi-322994044,18,Predators,Nashville,de Nashville,NSH,3,16,Blackhawks,Chicago,de Chicago,CHI,1,3,REG,3,REG,8477424,8476428.0,,,,,,,,,,,,,,,,,NSH
2020020537,20202021,2,2021-03-27,False,2021-03-28T02:00:00Z,-04:00,-06:00,America/Edmonton,OFF,OK,/video/wpg-cgy-323001900,52,Jets,Winnipeg,de Winnipeg,WPG,2,20,Flames,Calgary,de Calgary,CGY,4,3,REG,3,REG,8479496,8478233.0,,,,,,,,,,,,,,,,,CGY
2020020540,20202021,2,2021-03-27,False,2021-03-28T02:00:00Z,-04:00,-07:00,America/Phoenix,OFF,OK,/video/sjs-ari-323001566,28,Sharks,San Jose,de San Jose,SJS,0,53,Coyotes,Arizona,de l'Arizona,ARI,4,3,REG,3,REG,8478499,8479343.0,,,,,,,,,,,,,,,,,ARI
2020020542,20202021,2,2021-03-28,False,2021-03-28T16:00:00Z,-04:00,-04:00,US/Eastern,OFF,OK,/video/nyr-wsh-323013352,3,Rangers,New York,de New York,NYR,4,15,Capitals,Washington,de Washington,WSH,5,3,REG,3,REG,8478492,8471698.0,,,,,,,,,,,,,,,,,WSH
2020020544,20202021,2,2021-03-28,False,2021-03-28T19:00:00Z,-04:00,-04:00,America/Detroit,OFF,OK,/video/cbj-det-323017834,29,Blue Jackets,Columbus,de Columbus,CBJ,1,17,Red Wings,Detroit,de Detroit,DET,4,3,REG,3,REG,8475717,8479992.0,,,,,,,,,,,,,,,,,DET
2020020535,20202021,2,2021-03-28,False,2021-03-28T21:00:00Z,-04:00,-05:00,US/Central,OFF,OK,/video/ana-stl-323020510,24,Ducks,Anaheim,d'Anaheim,ANA,3,19,Blues,St. Louis,de St. Louis,STL,2,4,OT,3,OT,8476932,8476312.0,,,,,,,,,,,,,,,,,ANA
2020020541,20202021,2,2021-03-28,False,2021-03-28T21:30:00Z,-04:00,-04:00,US/Eastern,OFF,OK,/video/njd-bos-323021912,1,Devils,New Jersey,du New Jersey,NJD,1,6,Bruins,Boston,de Boston,BOS,0,3,REG,3,REG,8478406,8475151.0,,,,,,,,,,,,,,,,,NJD
2020020547,20202021,2,2021-03-28,False,2021-03-28T22:00:00Z,-04:00,-05:00,US/Central,OFF,OK,/video/fla-dal-323023012,13,Panthers,Florida,de la Floride,FLA,4,25,Stars,Dallas,de Dallas,DAL,1,3,REG,3,REG,8476904,8477407.0,,,,,,,,,,,,,,,,,FLA
2020020545,20202021,2,2021-03-28,False,2021-03-29T00:00:00Z,-04:00,-05:00,America/Chicago,OFF,OK,/video/nsh-chi-323026358,18,Predators,Nashville,de Nashville,NSH,3,16,Blackhawks,Chicago,de Chicago,CHI,2,3,REG,3,REG,8471469,8474600.0,,,,,,,,,,,,,,,,,NSH
2020020551,20202021,2,2021-03-29,False,2021-03-29T23:00:00Z,-04:00,-04:00,America/Toronto,OFF,OK,/video/edm-tor-323053582,22,Oilers,Edmonton,d'Edmonton,EDM,3,10,Maple Leafs,Toronto,de Toronto,TOR,2,4,OT,3,OT,8469608,8477498.0,,,,,,,,,,,,,,,,,EDM
2020020548,20202021,2,2021-03-29,False,2021-03-29T23:00:00Z,-04:00,-04:00,America/New_York,OFF,OK,/video/phi-buf-323053888,4,Flyers,Philadelphia,de Philadelphie,PHI,4,7,Sabres,Buffalo,de Buffalo,BUF,3,4,OT,3,OT,8470880,8478500.0,,,,,,,,,,,,,,,,,PHI
2020020549,20202021,2,2021-03-29,False,2021-03-29T23:00:00Z,-04:00,-04:00,US/Eastern,OFF,OK,/video/nyi-pit-323053976,2,Islanders,New York,de New York,NYI,1,5,Penguins,Pittsburgh,de Pittsburgh,PIT,2,3,REG,3,REG,8477465,8477955.0,,,,,,,,,,,,,,,,,PIT
2020020553,20202021,2,2021-03-29,False,2021-03-30T01:00:00Z,-04:00,-06:00,America/Denver,OFF,OK,/video/ana-col-323062780,24,Ducks,Anaheim,d'Anaheim,ANA,2,21,Avalanche,Colorado,du Colorado,COL,5,3,REG,3,REG,8475831,8476455.0,,,,,,,,,,,,,,,,,COL
2020020554,20202021,2,2021-03-29,False,2021-03-30T02:00:00Z,-04:00,-07:00,US/Pacific,OFF,OK,/video/lak-vgk-323063858,26,Kings,Los Angeles,de Los Angeles,LAK,1,54,Golden Knights,Vegas,de Vegas,VGK,4,3,REG,3,REG,8475215,8477931.0,,,,,,,,,,,,,,,,,VGK
2020020552,20202021,2,2021-03-29,False,2021-03-30T02:00:00Z,-04:00,-06:00,America/Edmonton,OFF,OK,/video/wpg-cgy-323065754,52,Jets,Winnipeg,de Winnipeg,WPG,5,20,Flames,Calgary,de Calgary,CGY,1,3,REG,3,REG,8476945,8476460.0,,,,,,,,,,,,,,,,,WPG
2020020555,20202021,2,2021-03-29,False,2021-03-30T02:30:00Z,-04:00,-07:00,US/Pacific,OFF,OK,/video/min-sjs-323068170,30,Wild,Minnesota,du Minnesota,MIN,3,28,Sharks,San Jose,de San Jose,SJS,4,5,SO,3,SO,8474889,,,,,,,,,,,,,,,,,,SJS
2020020558,20202021,2,2021-03-30,False,2021-03-30T23:00:00Z,-04:00,-04:00,America/New_York,OFF,OK,/video/wsh-nyr-323098182,15,Capitals,Washington,de Washington,WSH,2,3,Rangers,New York,de New York,NYR,5,3,REG,3,REG,8478048,8479323.0,,,,,,,,,,,,,,,,,NYR
2020020559,20202021,2,2021-03-30,False,2021-03-30T23:00:00Z,-04:00,-04:00,US/Eastern,OFF,OK,/video/cbj-tbl-323097984,29,Blue Jackets,Columbus,de Columbus,CBJ,3,14,Lightning,Tampa Bay,de Tampa Bay,TBL,1,3,REG,3,REG,8478007,8475233.0,,,,,,,,,,,,,,,,,CBJ
2020020560,20202021,2,2021-03-30,False,2021-03-30T23:00:00Z,-04:00,-04:00,US/Eastern,OFF,OK,/video/det-fla-323097188,17,Red Wings,Detroit,de Detroit,DET,1,13,Panthers,Florida,de la Floride,FLA,4,3,REG,3,REG,8475683,8477409.0,,,,,,,,,,,,,,,,,FLA
2020020556,20202021,2,2021-03-30,False,2021-03-30T23:00:00Z,-04:00,-04:00,US/Eastern,OFF,OK,/video/njd-bos-323099720,1,Devils,New Jersey,du New Jersey,NJD,4,6,Bruins,Boston,de Boston,BOS,5,5,SO,3,SO,8470860,,,,,,,,,,,,,,,,,,BOS
2020020498,20202021,2,2021-03-30,False,2021-03-30T23:00:00Z,-04:00,-04:00,America/Montreal,OFF,OK,/video/edm-mtl-323098850,22,Oilers,Edmonton,d'Edmonton,EDM,0,8,Canadiens,Montréal,de Montréal,MTL,4,3,REG,3,REG,8471679,8480829.0,,,,,,,,,,,,,,,,,MTL
2020020562,20202021,2,2021-03-30,False,2021-03-30T23:30:00Z,-04:00,-05:00,America/Chicago,OFF,OK,/video/car-chi-323101128,12,Hurricanes,Carolina,de la Caroline,CAR,1,16,Blackhawks,Chicago,de Chicago,CHI,2,3,REG,3,REG,8480947,8479337.0,,,,,,,,,,,,,,,,,CHI
2020020563,20202021,2,2021-03-30,False,2021-03-31T00:00:00Z,-04:00,-05:00,US/Central,OFF,OK,/video/dal-nsh-323104110,25,Stars,Dallas,de Dallas,DAL,2,18,Predators,Nashville,de Nashville,NSH,3,4,OT,3,OT,8477424,8480009.0,,,,,,,,,,,,,,,,,NSH
2020020566,20202021,2,2021-03-31,False,2021-03-31T23:30:00Z,-04:00,-05:00,America/Winnipeg,OFF,OK,/video/tor-wpg-323131980,10,Maple Leafs,Toronto,de Toronto,TOR,3,52,Jets,Winnipeg,de Winnipeg,WPG,1,3,REG,3,REG,8475789,8475786.0,,,,,,,,,,,,,,,,,TOR
2020020557,20202021,2,2021-03-31,False,2021-03-31T23:30:00Z,-04:00,-04:00,America/New_York,OFF,OK,/video/phi-buf-323131936,4,Flyers,Philadelphia,de Philadelphie,PHI,1,7,Sabres,Buffalo,de Buffalo,BUF,6,3,REG,3,REG,8476999,8477508.0,,,,,,,,,,,,,,,,,BUF
2020020209,20202021,2,2021-03-31,False,2021-04-01T01:30:00Z,-04:00,-06:00,America/Denver,OFF,OK,/video/ari-col-323137808,53,Coyotes,Arizona,de l'Arizona,ARI,3,21,Avalanche,Colorado,du Colorado,COL,9,3,REG,3,REG,8475831,8475820.0,,,,,,,,,,,,,,,,,COL
2020020569,20202021,2,2021-03-31,False,2021-04-01T02:00:00Z,-04:00,-07:00,US/Pacific,OFF,OK,/video/lak-vgk-323138718,26,Kings,Los Angeles,de Los Angeles,LAK,4,54,Golden Knights,Vegas,de Vegas,VGK,2,3,REG,3,REG,8477361,8479994.0,,,,,,,,,,,,,,,,,LAK
2020020570,20202021,2,2021-03-31,False,2021-04-01T02:30:00Z,-04:00,-07:00,US/Pacific,OFF,OK,/video/min-sjs-323140514,30,Wild,Minnesota,du Minnesota,MIN,2,28,Sharks,San Jose,de San Jose,SJS,4,3,REG,3,REG,8474889,8481812.0,,,,,,,,,,,,,,,,,SJS
2020020572,20202021,2,2021-04-01,False,2021-04-01T23:00:00Z,-04:00,-04:00,America/New_York,OFF,OK,/video/nyr-buf-323173366,3,Rangers,New York,de New York,NYR,3,7,Sabres,Buffalo,de Buffalo,BUF,2,4,OT,3,OT,8478048,8476459.0,,,,,,,,,,,,,,,,,NYR
2020020578,20202021,2,2021-04-01,False,2021-04-01T23:00:00Z,-04:00,-04:00,US/Eastern,OFF,OK,/video/mtl-ott-323172068,8,Canadiens,Montréal,de Montréal,MTL,4,9,Senators,Ottawa,d'Ottawa,OTT,1,3,REG,3,REG,8474596,8474038.0,,,,,,,,,,,,,,,Sénateurs,,MTL
2020020575,20202021,2,2021-04-01,False,2021-04-01T23:00:00Z,-04:00,-04:00,US/Eastern,OFF,OK,/video/det-fla-323173808,17,Red Wings,Detroit,de Detroit,DET,2,13,Panthers,Florida,de la Floride,FLA,3,4,OT,3,OT,8476904,8477505.0,,,,,,,,,,,,,,,,,FLA
2020020573,20202021,2,2021-04-01,False,2021-04-01T23:00:00Z,-04:00,-04:00,America/New_York,OFF,OK,/video/wsh-nyi-323174588,15,Capitals,Washington,de Washington,WSH,4,2,Islanders,New York,de New York,NYI,8,3,REG,3,REG,8473575,8475231.0,,,,,,,,,,,,,,,,,NYI
2020020574,20202021,2,2021-04-01,False,2021-04-01T23:00:00Z,-04:00,-04:00,US/Eastern,OFF,OK,/video/cbj-tbl-323174518,29,Blue Jackets,Columbus,de Columbus,CBJ,2,14,Lightning,Tampa Bay,de Tampa Bay,TBL,3,3,REG,3,REG,8476883,8478010.0,,,,,,,,,,,,,,,,,TBL
2020020571,20202021,2,2021-04-01,False,2021-04-01T23:00:00Z,-04:00,-04:00,US/Eastern,OFF,OK,/video/pit-bos-323174644,5,Penguins,Pittsburgh,de Pittsburgh,PIT,4,6,Bruins,Boston,de Boston,BOS,1,3,REG,3,REG,8479193,8476875.0,,,,,,,,,,,,,,,,,PIT
2020020576,20202021,2,2021-04-01,False,2021-04-02T00:00:00Z,-04:00,-05:00,America/Chicago,OFF,OK,/video/car-chi-323181286,12,Hurricanes,Carolina,de la Caroline,CAR,4,16,Blackhawks,Chicago,de Chicago,CHI,3,3,REG,3,REG,8473503,8475855.0,,,,,,,,,,,,,,,,,CAR
2020020577,20202021,2,2021-04-01,False,2021-04-02T00:00:00Z,-04:00,-05:00,US/Central,OFF,OK,/video/dal-nsh-323179514,25,Stars,Dallas,de Dallas,DAL,4,18,Predators,Nashville,de Nashville,NSH,1,3,REG,3,REG,8471418,8480027.0,,,,,,,,,,,,,,,,,DAL
2020020579,20202021,2,2021-04-01,False,2021-04-02T02:30:00Z,-04:00,-07:00,US/Pacific,OFF,OK,/video/min-vgk-323183994,30,Wild,Minnesota,du Minnesota,MIN,3,54,Golden Knights,Vegas,de Vegas,VGK,2,5,SO,3,SO,8475660,,,,,,,,,,,,,,,,,,MIN
2020020580,20202021,2,2021-04-02,False,2021-04-02T23:00:00Z,-04:00,-04:00,US/Eastern,OFF,OK,/video/wsh-njd-323205660,15,Capitals,Washington,de Washington,WSH,2,1,Devils,New Jersey,du New Jersey,NJD,1,4,OT,3,OT,8477970,8475200.0,,,,,,,,,,,,,,,,,WSH
2020020581,20202021,2,2021-04-02,False,2021-04-03T00:00:00Z,-04:00,-05:00,America/Winnipeg,OFF,OK,/video/tor-wpg-323208964,10,Maple Leafs,Toronto,de Toronto,TOR,2,52,Jets,Winnipeg,de Winnipeg,WPG,1,5,SO,3,SO,8475789,,,,,,,,,,,,,,,,,,TOR
2020020582,20202021,2,2021-04-02,False,2021-04-03T01:00:00Z,-04:00,-06:00,America/Edmonton,OFF,OK,/video/cgy-edm-323212596,20,Flames,Calgary,de Calgary,CGY,2,22,Oilers,Edmonton,d'Edmonton,EDM,3,3,REG,3,REG,8469608,8478402.0,,,,,,,,,,,,,,,,,EDM
2020020723,20202021,2,2021-04-02,False,2021-04-03T01:00:00Z,-04:00,-06:00,America/Denver,OFF,OK,/video/stl-col-323213666,19,Blues,St. Louis,de St. Louis,STL,2,21,Avalanche,Colorado,du Colorado,COL,3,3,REG,3,REG,8477992,8477492.0,,,,,,,,,,,,,,,,,COL
2020020583,20202021,2,2021-04-02,False,2021-04-03T02:00:00Z,-04:00,-07:00,America/Los_Angeles,OFF,OK,/video/ari-ana-323215314,53,Coyotes,Arizona,de l'Arizona,ARI,4,24,Ducks,Anaheim,d'Anaheim,ANA,2,3,REG,3,REG,8478499,8473548.0,,,,,,,,,,,,,,,,,ARI
2020020584,20202021,2,2021-04-02,False,2021-04-03T02:00:00Z,-04:00,-07:00,America/Los_Angeles,OFF,OK,/video/sjs-lak-323217198,28,Sharks,San Jose,de San Jose,SJS,3,26,Kings,Los Angeles,de Los Angeles,LAK,0,3,REG,3,REG,8474889,8476881.0,,,,,,,,,,,,,,,,,SJS
2020020589,20202021,2,2021-04-03,False,2021-04-03T17:00:00Z,-04:00,-04:00,US/Eastern,OFF,OK,/video/det-tbl-323229684,17,Red Wings,Detroit,de Detroit,DET,1,14,Lightning,Tampa Bay,de Tampa Bay,TBL,2,3,REG,3,REG,8476883,8478010.0,,,,,,,,,,,,,,,,,TBL
2020020585,20202021,2,2021-04-03,False,2021-04-03T17:00:00Z,-04:00,-04:00,US/Eastern,OFF,OK,/video/pit-bos-323230118,5,Penguins,Pittsburgh,de Pittsburgh,PIT,5,6,Bruins,Boston,de Boston,BOS,7,3,REG,3,REG,8470860,8477956.0,,,,,,,,,,,,,,,,,BOS
2020020591,20202021,2,2021-04-03,False,2021-04-03T19:00:00Z,-04:00,-05:00,US/Central,OFF,OK,/video/chi-nsh-323234304,16,Blackhawks,Chicago,de Chicago,CHI,0,18,Predators,Nashville,de Nashville,NSH,3,3,REG,3,REG,8477424,8480009.0,,,,,,,,,,,,,,,,,NSH
2020020590,20202021,2,2021-04-03,False,2021-04-03T23:00:00Z,-04:00,-04:00,US/Eastern,OFF,OK,/video/cbj-fla-323247540,29,Blue Jackets,Columbus,de Columbus,CBJ,2,13,Panthers,Florida,de la Floride,FLA,5,3,REG,3,REG,8475683,8477505.0,,,,,,,,,,,,,,,,,FLA
2020020588,20202021,2,2021-04-03,False,2021-04-03T23:00:00Z,-04:00,-04:00,US/Eastern,OFF,OK,/video/dal-car-323246112,25,Stars,Dallas,de Dallas,DAL,3,12,Hurricanes,Carolina,de la Caroline,CAR,2,3,REG,3,REG,8479979,8478528.0,,,,,,,,,,,,,,,,,DAL
2020020586,20202021,2,2021-04-03,False,2021-04-03T23:00:00Z,-04:00,-04:00,America/New_York,OFF,OK,/video/nyr-buf-323247584,3,Rangers,New York,de New York,NYR,2,7,Sabres,Buffalo,de Buffalo,BUF,3,5,SO,3,SO,8476999,,,,,,,,,,,,,,,,,,BUF
2020020592,20202021,2,2021-04-03,False,2021-04-03T23:00:00Z,-04:00,-04:00,America/Montreal,OFF,OK,/video/ott-mtl-323246802,9,Senators,Ottawa,d'Ottawa,OTT,6,8,Canadiens,Montréal,de Montréal,MTL,3,3,REG,3,REG,8476341,8474149.0,,,,,,,,,,,,,,,,Sénateurs,OTT
2020020587,20202021,2,2021-04-03,False,2021-04-03T23:00:00Z,-04:00,-04:00,America/New_York,OFF,OK,,4,Flyers,Philadelphia,de Philadelphie,PHI,2,2,Islanders,New York,de New York,NYI,3,5,SO,3,SO,8478009,,,,,,,,,,,,,,,,,,NYI
2020020595,20202021,2,2021-04-03,False,2021-04-04T01:00:00Z,-04:00,-07:00,US/Pacific,OFF,OK,/video/min-vgk-323254002,30,Wild,Minnesota,du Minnesota,MIN,2,54,Golden Knights,Vegas,de Vegas,VGK,1,3,REG,3,REG,8475660,8478493.0,,,,,,,,,,,,,,,,,MIN
2020020594,20202021,2,2021-04-03,False,2021-04-04T01:00:00Z,-04:00,-06:00,America/Denver,OFF,OK,/video/stl-col-323254152,19,Blues,St. Louis,de St. Louis,STL,1,21,Avalanche,Colorado,du Colorado,COL,2,3,REG,3,REG,8475831,8480069.0,,,,,,,,,,,,,,,,,COL
2020020596,20202021,2,2021-04-03,False,2021-04-04T02:00:00Z,-04:00,-07:00,America/Los_Angeles,OFF,OK,/video/sjs-lak-323255606,28,Sharks,San Jose,de San Jose,SJS,3,26,Kings,Los Angeles,de Los Angeles,LAK,2,3,REG,3,REG,8474889,8479580.0,,,,,,,,,,,,,,,,,SJS
2020020599,20202021,2,2021-04-04,False,2021-04-04T16:00:00Z,-04:00,-04:00,US/Eastern,OFF,OK,/video/det-tbl-323264838,17,Red Wings,Detroit,de Detroit,DET,5,14,Lightning,Tampa Bay,de Tampa Bay,TBL,1,3,REG,3,REG,8471306,8470047.0,,,,,,,,,,,,,,,,,DET
2020020597,20202021,2,2021-04-04,False,2021-04-04T19:00:00Z,-04:00,-04:00,US/Eastern,OFF,OK,/video/wsh-njd-323268492,15,Capitals,Washington,de Washington,WSH,5,1,Devils,New Jersey,du New Jersey,NJD,4,3,REG,3,REG,8478492,8475744.0,,,,,,,,,,,,,,,,,WSH
2020020600,20202021,2,2021-04-04,False,2021-04-04T21:00:00Z,-04:00,-04:00,US/Eastern,OFF,OK,/video/cbj-fla-323269550,29,Blue Jackets,Columbus,de Columbus,CBJ,0,13,Panthers,Florida,de la Floride,FLA,3,3,REG,3,REG,8476904,8477493.0,,,,,,,,,,,,,,,,,FLA
2020020598,20202021,2,2021-04-04,False,2021-04-04T23:00:00Z,-04:00,-04:00,US/Eastern,OFF,OK,/video/dal-car-323273502,25,Stars,Dallas,de Dallas,DAL,0,12,Hurricanes,Carolina,de la Caroline,CAR,1,3,REG,3,REG,8475852,8476921.0,,,,,,,,,,,,,,,,,CAR
2020020604,20202021,2,2021-04-04,False,2021-04-05T01:00:00Z,-04:00,-07:00,America/Los_Angeles,OFF,OK,/video/ari-ana-323278166,53,Coyotes,Arizona,de l'Arizona,ARI,3,24,Ducks,Anaheim,d'Anaheim,ANA,2,4,OT,3,OT,8478499,8479345.0,,,,,,,,,,,,,,,,,ARI
2020020603,20202021,2,2021-04-04,False,2021-04-05T01:00:00Z,-04:00,-06:00,America/Edmonton,OFF,OK,/video/tor-cgy-323276380,10,Maple Leafs,Toronto,de Toronto,TOR,4,20,Flames,Calgary,de Calgary,CGY,2,3,REG,3,REG,8474636,8475166.0,,,,,,,,,,,,,,,,,TOR
2020020848,20202021,2,2021-04-05,False,2021-04-05T23:00:00Z,-04:00,-05:00,America/Winnipeg,OFF,OK,/video/ott-wpg-323307194,9,Senators,Ottawa,d'Ottawa,OTT,3,52,Jets,Winnipeg,de Winnipeg,WPG,4,3,REG,3,REG,8476945,8478398.0,,,,,,,,,,,,,,,,Sénateurs,WPG
2020020390,20202021,2,2021-04-05,False,2021-04-05T23:00:00Z,-04:00,-04:00,US/Eastern,OFF,OK,/video/phi-bos-323309802,4,Flyers,Philadelphia,de Philadelphie,PHI,3,6,Bruins,Boston,de Boston,BOS,2,4,OT,3,OT,8470880,8477948.0,,,,,,,,,,,,,,,,,PHI
2020020607,20202021,2,2021-04-05,False,2021-04-05T23:00:00Z,-04:00,-04:00,America/Montreal,OFF,OK,/video/edm-mtl-323308796,22,Oilers,Edmonton,d'Edmonton,EDM,2,8,Canadiens,Montréal,de Montréal,MTL,3,4,OT,3,OT,8471679,8470595.0,,,,,,,,,,,,,,,,,MTL
2020020609,20202021,2,2021-04-05,False,2021-04-06T00:00:00Z,-04:00,-05:00,US/Central,OFF,OK,/video/col-min-323315684,21,Avalanche,Colorado,du Colorado,COL,5,30,Wild,Minnesota,du Minnesota,MIN,4,3,REG,3,REG,8475831,8476455.0,,,,,,,,,,,,,,,,,COL
2020020606,20202021,2,2021-04-05,False,2021-04-06T00:00:00Z,-04:00,-05:00,US/Central,OFF,OK,/video/vgk-stl-323314782,54,Golden Knights,Vegas,de Vegas,VGK,6,19,Blues,St. Louis,de St. Louis,STL,1,3,REG,3,REG,8475215,8474166.0,,,,,,,,,,,,,,,,,VGK
2020020608,20202021,2,2021-04-05,False,2021-04-06T01:30:00Z,-04:00,-06:00,America/Edmonton,OFF,OK,/video/tor-cgy-323320082,10,Maple Leafs,Toronto,de Toronto,TOR,5,20,Flames,Calgary,de Calgary,CGY,3,3,REG,3,REG,8475789,8479318.0,,,,,,,,,,,,,,,,,TOR
2020020610,20202021,2,2021-04-05,False,2021-04-06T02:00:00Z,-04:00,-07:00,America/Los_Angeles,OFF,OK,/video/ari-lak-323320682,53,Coyotes,Arizona,de l'Arizona,ARI,5,26,Kings,Los Angeles,de Los Angeles,LAK,2,3,REG,3,REG,8478499,8473544.0,,,,,,,,,,,,,,,,,ARI
2020020613,20202021,2,2021-04-06,False,2021-04-06T23:00:00Z,-04:00,-04:00,America/New_York,OFF,OK,/video/pit-nyr-323356438,5,Penguins,Pittsburgh,de Pittsburgh,PIT,4,3,Rangers,New York,de New York,NYR,8,3,REG,3,REG,8478048,8482109.0,,,,,,,,,,,,,,,,,NYR
2020020615,20202021,2,2021-04-06,False,2021-04-06T23:00:00Z,-04:00,-04:00,US/Eastern,OFF,OK,/video/fla-car-323354072,13,Panthers,Florida,de la Floride,FLA,2,12,Hurricanes,Carolina,de la Caroline,CAR,5,3,REG,3,REG,8475852,8473533.0,,,,,,,,,,,,,,,,,CAR
2020020616,20202021,2,2021-04-06,False,2021-04-06T23:00:00Z,-04:00,-04:00,US/Eastern,OFF,OK,/video/tbl-cbj-323352760,14,Lightning,Tampa Bay,de Tampa Bay,TBL,2,29,Blue Jackets,Columbus,de Columbus,CBJ,4,3,REG,3,REG,8476914,8477503.0,,,,,,,,,,,,,,,,,CBJ
2020020614,20202021,2,2021-04-06,False,2021-04-06T23:00:00Z,-04:00,-04:00,US/Eastern,OFF,OK,/video/bos-phi-323356052,6,Bruins,Boston,de Boston,BOS,4,4,Flyers,Philadelphia,de Philadelphie,PHI,2,3,REG,3,REG,8480280,8473419.0,,,,,,,,,,,,,,,,,BOS
2020020612,20202021,2,2021-04-06,False,2021-04-06T23:00:00Z,-04:00,-04:00,America/New_York,OFF,OK,/video/wsh-nyi-323352812,15,Capitals,Washington,de Washington,WSH,0,2,Islanders,New York,de New York,NYI,1,3,REG,3,REG,8473575,8475754.0,,,,,,,,,,,,,,,,,NYI
2020020611,20202021,2,2021-04-06,False,2021-04-06T23:00:00Z,-04:00,-04:00,US/Eastern,OFF,OK,/video/buf-njd-323351824,7,Sabres,Buffalo,de Buffalo,BUF,5,1,Devils,New Jersey,du New Jersey,NJD,3,3,REG,3,REG,8476999,8479999.0,,,,,,,,,,,,,,,,,BUF
2020020617,20202021,2,2021-04-06,False,2021-04-06T23:30:00Z,-04:00,-04:00,America/Detroit,OFF,OK,/video/nsh-det-323357372,18,Predators,Nashville,de Nashville,NSH,3,17,Red Wings,Detroit,de Detroit,DET,2,5,SO,3,SO,8477424,,,,,,,,,,,,,,,,,,NSH
2020020618,20202021,2,2021-04-06,False,2021-04-07T00:00:00Z,-04:00,-05:00,America/Chicago,OFF,OK,/video/dal-chi-323358544,25,Stars,Dallas,de Dallas,DAL,2,16,Blackhawks,Chicago,de Chicago,CHI,4,3,REG,3,REG,8480947,8479337.0,,,,,,,,,,,,,,,,,CHI
2020020241,20202021,2,2021-04-06,False,2021-04-07T02:30:00Z,-04:00,-07:00,US/Pacific,OFF,OK,/video/ana-sjs-323364494,24,Ducks,Anaheim,d'Anaheim,ANA,5,28,Sharks,San Jose,de San Jose,SJS,1,3,REG,3,REG,8476434,8480031.0,,,,,,,,,,,,,,,,,ANA
2020020621,20202021,2,2021-04-07,False,2021-04-07T21:00:00Z,-04:00,-04:00,US/Eastern,OFF,OK,/video/edm-ott-323382972,22,Oilers,Edmonton,d'Edmonton,EDM,4,9,Senators,Ottawa,d'Ottawa,OTT,2,3,REG,3,REG,8475156,8478402.0,,,,,,,,,,,,,,,Sénateurs,,EDM
2020020622,20202021,2,2021-04-07,False,2021-04-07T23:30:00Z,-04:00,-04:00,America/Toronto,OFF,OK,/video/mtl-tor-323388744,8,Canadiens,Montréal,de Montréal,MTL,2,10,Maple Leafs,Toronto,de Toronto,TOR,3,3,REG,3,REG,8475789,8475786.0,,,,,,,,,,,,,,,,,TOR
2020020623,20202021,2,2021-04-07,False,2021-04-08T01:00:00Z,-04:00,-05:00,US/Central,OFF,OK,/video/col-min-323394958,21,Avalanche,Colorado,du Colorado,COL,3,30,Wild,Minnesota,du Minnesota,MIN,8,3,REG,3,REG,8475660,8477451.0,,,,,,,,,,,,,,,,,MIN
2020020620,20202021,2,2021-04-07,False,2021-04-08T01:00:00Z,-04:00,-05:00,US/Central,OFF,OK,/video/vgk-stl-323392924,54,Golden Knights,Vegas,de Vegas,VGK,1,19,Blues,St. Louis,de St. Louis,STL,3,3,REG,3,REG,8476412,8478104.0,,,,,,,,,,,,,,,,,STL
2020020624,20202021,2,2021-04-07,False,2021-04-08T02:00:00Z,-04:00,-07:00,America/Los_Angeles,OFF,OK,/video/ari-lak-323396224,53,Coyotes,Arizona,de l'Arizona,ARI,3,26,Kings,Los Angeles,de Los Angeles,LAK,4,3,REG,3,REG,8471734,8479336.0,,,,,,,,,,,,,,,,,LAK
2020020629,20202021,2,2021-04-08,False,2021-04-08T23:00:00Z,-04:00,-04:00,US/Eastern,OFF,OK,/video/fla-car-323432788,13,Panthers,Florida,de la Floride,FLA,0,12,Hurricanes,Carolina,de la Caroline,CAR,3,3,REG,3,REG,8477968,8478427.0,,,,,,,,,,,,,,,,,CAR
2020020625,20202021,2,2021-04-08,False,2021-04-08T23:00:00Z,-04:00,-04:00,America/New_York,OFF,OK,/video/njd-buf-323430872,1,Devils,New Jersey,du New Jersey,NJD,6,7,Sabres,Buffalo,de Buffalo,BUF,3,3,REG,3,REG,8477180,8480003.0,,,,,,,,,,,,,,,,,NJD
2020020626,20202021,2,2021-04-08,False,2021-04-08T23:00:00Z,-04:00,-04:00,America/New_York,OFF,OK,,4,Flyers,Philadelphia,de Philadelphie,PHI,2,2,Islanders,New York,de New York,NYI,3,5,SO,3,SO,8478009,,,,,,,,,,,,,,,,,,NYI
2020020630,20202021,2,2021-04-08,False,2021-04-08T23:00:00Z,-04:00,-04:00,US/Eastern,OFF,OK,/video/tbl-cbj-323435416,14,Lightning,Tampa Bay,de Tampa Bay,TBL,6,29,Blue Jackets,Columbus,de Columbus,CBJ,4,3,REG,3,REG,8476883,8479525.0,,,,,,,,,,,,,,,,,TBL
2020020628,20202021,2,2021-04-08,False,2021-04-08T23:00:00Z,-04:00,-04:00,US/Eastern,OFF,OK,/video/bos-wsh-323433344,6,Bruins,Boston,de Boston,BOS,4,15,Capitals,Washington,de Washington,WSH,2,3,REG,3,REG,8480280,8473419.0,,,,,,,,,,,,,,,,,BOS
2020020627,20202021,2,2021-04-08,False,2021-04-08T23:00:00Z,-04:00,-04:00,America/New_York,OFF,OK,/video/pit-nyr-323433930,5,Penguins,Pittsburgh,de Pittsburgh,PIT,5,3,Rangers,New York,de New York,NYR,2,3,REG,3,REG,8477465,8478542.0,,,,,,,,,,,,,,,,,PIT
2020020638,20202021,2,2021-04-08,False,2021-04-08T23:00:00Z,-04:00,-04:00,US/Eastern,OFF,OK,/video/edm-ott-323430048,22,Oilers,Edmonton,d'Edmonton,EDM,3,9,Senators,Ottawa,d'Ottawa,OTT,1,3,REG,3,REG,8469608,8476913.0,,,,,,,,,,,,,,,Sénateurs,,EDM
2020020633,20202021,2,2021-04-08,False,2021-04-08T23:00:00Z,-04:00,-04:00,America/Montreal,OFF,OK,/video/wpg-mtl-323431734,52,Jets,Winnipeg,de Winnipeg,WPG,4,8,Canadiens,Montréal,de Montréal,MTL,2,3,REG,3,REG,8476945,8477940.0,,,,,,,,,,,,,,,,,WPG
2020020631,20202021,2,2021-04-08,False,2021-04-08T23:30:00Z,-04:00,-04:00,America/Detroit,OFF,OK,/video/nsh-det-323437018,18,Predators,Nashville,de Nashville,NSH,7,17,Red Wings,Detroit,de Detroit,DET,1,3,REG,3,REG,8477424,8475287.0,,,,,,,,,,,,,,,,,NSH
2020020632,20202021,2,2021-04-08,False,2021-04-09T00:00:00Z,-04:00,-05:00,America/Chicago,OFF,OK,/video/dal-chi-323440484,25,Stars,Dallas,de Dallas,DAL,5,16,Blackhawks,Chicago,de Chicago,CHI,1,3,REG,3,REG,8471418,8480027.0,,,,,,,,,,,,,,,,,DAL
2020020229,20202021,2,2021-04-09,False,2021-04-09T23:00:00Z,-04:00,-04:00,America/New_York,OFF,OK,/video/wsh-buf-323473070,15,Capitals,Washington,de Washington,WSH,4,7,Sabres,Buffalo,de Buffalo,BUF,3,3,REG,3,REG,8477970,8477944.0,,,,,,,,,,,,,,,,,WSH
2020020494,20202021,2,2021-04-09,False,2021-04-09T23:00:00Z,-04:00,-04:00,US/Eastern,OFF,OK,/video/pit-njd-323472260,5,Penguins,Pittsburgh,de Pittsburgh,PIT,6,1,Devils,New Jersey,du New Jersey,NJD,4,3,REG,3,REG,8479193,8471675.0,,,,,,,,,,,,,,,,,PIT
2020020636,20202021,2,2021-04-09,False,2021-04-09T23:00:00Z,-04:00,-04:00,America/New_York,OFF,OK,/video/nyr-nyi-323472336,3,Rangers,New York,de New York,NYR,4,2,Islanders,New York,de New York,NYI,1,3,REG,3,REG,8480382,8476278.0,,,,,,,,,,,,,,,,,NYR
2020020637,20202021,2,2021-04-09,False,2021-04-10T00:00:00Z,-04:00,-05:00,US/Central,OFF,OK,/video/min-stl-323476262,30,Wild,Minnesota,du Minnesota,MIN,1,19,Blues,St. Louis,de St. Louis,STL,9,3,REG,3,REG,8476412,8475768.0,,,,,,,,,,,,,,,,,STL
2020020639,20202021,2,2021-04-09,False,2021-04-10T02:00:00Z,-04:00,-07:00,US/Pacific,OFF,OK,/video/ari-vgk-323482154,53,Coyotes,Arizona,de l'Arizona,ARI,4,54,Golden Knights,Vegas,de Vegas,VGK,7,3,REG,3,REG,8475215,8476905.0,,,,,,,,,,,,,,,,,VGK
2020020640,20202021,2,2021-04-09,False,2021-04-10T02:00:00Z,-04:00,-07:00,America/Los_Angeles,OFF,OK,/video/col-ana-323482212,21,Avalanche,Colorado,du Colorado,COL,2,24,Ducks,Anaheim,d'Anaheim,ANA,0,3,REG,3,REG,8477992,8477501.0,,,,,,,,,,,,,,,,,COL
2020020641,20202021,2,2021-04-09,False,2021-04-10T02:30:00Z,-04:00,-07:00,US/Pacific,OFF,OK,/video/lak-sjs-323482902,26,Kings,Los Angeles,de Los Angeles,LAK,2,28,Sharks,San Jose,de San Jose,SJS,5,3,REG,3,REG,8474889,8478870.0,,,,,,,,,,,,,,,,,SJS
2020020648,20202021,2,2021-04-10,False,2021-04-10T18:00:00Z,-04:00,-05:00,US/Central,OFF,OK,/video/fla-dal-323496154,13,Panthers,Florida,de la Floride,FLA,1,25,Stars,Dallas,de Dallas,DAL,4,3,REG,3,REG,8471418,8480769.0,,,,,,,,,,,,,,,,,DAL
2020020605,20202021,2,2021-04-10,False,2021-04-10T18:00:00Z,-04:00,-04:00,US/Eastern,OFF,OK,/video/bos-phi-323496530,6,Bruins,Boston,de Boston,BOS,2,4,Flyers,Philadelphia,de Philadelphie,PHI,3,3,REG,3,REG,8470880,8476461.0,,,,,,,,,,,,,,,,,PHI
2020020645,20202021,2,2021-04-10,False,2021-04-10T23:00:00Z,-04:00,-04:00,America/Montreal,OFF,OK,/video/wpg-mtl-323509898,52,Jets,Winnipeg,de Winnipeg,WPG,5,8,Canadiens,Montréal,de Montréal,MTL,0,3,REG,3,REG,8476945,8471669.0,,,,,,,,,,,,,,,,,WPG
2020020646,20202021,2,2021-04-10,False,2021-04-10T23:00:00Z,-04:00,-04:00,America/Toronto,OFF,OK,/video/ott-tor-323509486,9,Senators,Ottawa,d'Ottawa,OTT,5,10,Maple Leafs,Toronto,de Toronto,TOR,6,3,REG,3,REG,8475789,8475786.0,,,,,,,,,,,,,,,,Sénateurs,TOR
2020020642,20202021,2,2021-04-10,False,2021-04-10T23:00:00Z,-04:00,-04:00,US/Eastern,OFF,OK,/video/det-car-323511270,17,Red Wings,Detroit,de Detroit,DET,5,12,Hurricanes,Carolina,de la Caroline,CAR,4,5,SO,3,SO,8471306,,,,,,,,,,,,,,,,,,DET
2020020643,20202021,2,2021-04-10,False,2021-04-10T23:00:00Z,-04:00,-04:00,US/Eastern,OFF,OK,/video/chi-cbj-323509668,16,Blackhawks,Chicago,de Chicago,CHI,4,29,Blue Jackets,Columbus,de Columbus,CBJ,3,3,REG,3,REG,8480947,8478440.0,,,,,,,,,,,,,,,,,CHI
2020020654,20202021,2,2021-04-10,False,2021-04-11T00:00:00Z,-04:00,-05:00,US/Central,OFF,OK,/video/min-stl-323517984,30,Wild,Minnesota,du Minnesota,MIN,2,19,Blues,St. Louis,de St. Louis,STL,3,4,OT,3,OT,8478024,8475158.0,,,,,,,,,,,,,,,,,STL
2020020644,20202021,2,2021-04-10,False,2021-04-11T00:00:00Z,-04:00,-05:00,US/Central,OFF,OK,/video/tbl-nsh-323517848,14,Lightning,Tampa Bay,de Tampa Bay,TBL,3,18,Predators,Nashville,de Nashville,NSH,0,3,REG,3,REG,8476883,8479525.0,,,,,,,,,,,,,,,,,TBL
2020020849,20202021,2,2021-04-10,False,2021-04-11T02:00:00Z,-04:00,-06:00,America/Edmonton,OFF,OK,/video/edm-cgy-323523516,22,Oilers,Edmonton,d'Edmonton,EDM,0,20,Flames,Calgary,de Calgary,CGY,5,3,REG,3,REG,8474593,8477497.0,Markström,,,,,,,,,,,,,,,,CGY
2020020649,20202021,2,2021-04-10,False,2021-04-11T02:30:00Z,-04:00,-07:00,US/Pacific,OFF,OK,/video/lak-sjs-323524382,26,Kings,Los Angeles,de Los Angeles,LAK,4,28,Sharks,San Jose,de San Jose,SJS,2,3,REG,3,REG,8471734,8480113.0,,,,,,,,,,,,,,,,,LAK
2020020652,20202021,2,2021-04-11,False,2021-04-11T18:00:00Z,-04:00,-04:00,US/Eastern,OFF,OK,/video/buf-phi-323536680,7,Sabres,Buffalo,de Buffalo,BUF,5,4,Flyers,Philadelphia,de Philadelphie,PHI,3,3,REG,3,REG,8476999,8479335.0,,,,,,,,,,,,,,,,,BUF
2020020655,20202021,2,2021-04-11,False,2021-04-11T20:00:00Z,-04:00,-07:00,US/Pacific,OFF,OK,/video/ari-vgk-323540440,53,Coyotes,Arizona,de l'Arizona,ARI,0,54,Golden Knights,Vegas,de Vegas,VGK,1,3,REG,3,REG,8470594,8477931.0,,,,,,,,,,,,,,,,,VGK
2020020656,20202021,2,2021-04-11,False,2021-04-11T22:00:00Z,-04:00,-07:00,America/Los_Angeles,OFF,OK,/video/col-ana-323545684,21,Avalanche,Colorado,du Colorado,COL,4,24,Ducks,Anaheim,d'Anaheim,ANA,1,3,REG,3,REG,8477992,8476455.0,,,,,,,,,,,,,,,,,COL
2020020650,20202021,2,2021-04-11,False,2021-04-11T23:00:00Z,-04:00,-04:00,US/Eastern,OFF,OK,/video/pit-njd-323550008,5,Penguins,Pittsburgh,de Pittsburgh,PIT,5,1,Devils,New Jersey,du New Jersey,NJD,2,3,REG,3,REG,8477465,8477404.0,,,,,,,,,,,,,,,,,PIT
2020020714,20202021,2,2021-04-11,False,2021-04-11T23:00:00Z,-04:00,-04:00,US/Eastern,OFF,OK,/video/wsh-bos-323550400,15,Capitals,Washington,de Washington,WSH,8,6,Bruins,Boston,de Boston,BOS,1,3,REG,3,REG,8477970,8474189.0,,,,,,,,,,,,,,,,,WSH
2020020651,20202021,2,2021-04-11,False,2021-04-11T23:00:00Z,-04:00,-04:00,America/New_York,OFF,OK,/video/nyr-nyi-323549630,3,Rangers,New York,de New York,NYR,2,2,Islanders,New York,de New York,NYI,3,4,OT,3,OT,8478009,8477506.0,,,,,,,,,,,,,,,,,NYI
2020020788,20202021,2,2021-04-11,False,2021-04-12T00:00:00Z,-04:00,-05:00,US/Central,OFF,OK,/video/dal-nsh-323553856,25,Stars,Dallas,de Dallas,DAL,2,18,Predators,Nashville,de Nashville,NSH,3,5,SO,3,SO,8477424,,,,,,,,,,,,,,,,,,NSH
2020020661,20202021,2,2021-04-12,False,2021-04-12T23:00:00Z,-04:00,-04:00,US/Eastern,OFF,OK,/video/wpg-ott-323589620,52,Jets,Winnipeg,de Winnipeg,WPG,2,9,Senators,Ottawa,d'Ottawa,OTT,4,3,REG,3,REG,8476341,8474149.0,,,,,,,,,,,,,,,Sénateurs,,OTT
2020020657,20202021,2,2021-04-12,False,2021-04-12T23:00:00Z,-04:00,-04:00,US/Eastern,OFF,OK,/video/det-car-323590416,17,Red Wings,Detroit,de Detroit,DET,3,12,Hurricanes,Carolina,de la Caroline,CAR,1,3,REG,3,REG,8473541,8480821.0,,,,,,,,,,,,,,,,,DET
2020020658,20202021,2,2021-04-12,False,2021-04-12T23:00:00Z,-04:00,-04:00,US/Eastern,OFF,OK,/video/chi-cbj-323590282,16,Blackhawks,Chicago,de Chicago,CHI,4,29,Blue Jackets,Columbus,de Columbus,CBJ,3,4,OT,3,OT,8480947,8479542.0,,,,,,,,,,,,,,,,,CHI
2020020660,20202021,2,2021-04-12,False,2021-04-12T23:00:00Z,-04:00,-04:00,America/Montreal,OFF,OK,/video/tor-mtl-323588976,10,Maple Leafs,Toronto,de Toronto,TOR,2,8,Canadiens,Montréal,de Montréal,MTL,4,3,REG,3,REG,8474596,8476981.0,,,,,,,,,,,,,,,,,MTL
2020020225,20202021,2,2021-04-12,False,2021-04-13T01:00:00Z,-04:00,-06:00,America/Denver,OFF,OK,/video/ari-col-323597038,53,Coyotes,Arizona,de l'Arizona,ARI,2,21,Avalanche,Colorado,du Colorado,COL,4,3,REG,3,REG,8475831,8478420.0,,,,,,,,,,,,,,,,,COL
2020020663,20202021,2,2021-04-12,False,2021-04-13T02:00:00Z,-04:00,-07:00,America/Los_Angeles,OFF,OK,/video/vgk-lak-323598098,54,Golden Knights,Vegas,de Vegas,VGK,4,26,Kings,Los Angeles,de Los Angeles,LAK,2,3,REG,3,REG,8475215,8477949.0,,,,,,,,,,,,,,,,,VGK
2020020664,20202021,2,2021-04-12,False,2021-04-13T02:30:00Z,-04:00,-07:00,US/Pacific,OFF,OK,/video/ana-sjs-323598440,24,Ducks,Anaheim,d'Anaheim,ANA,4,28,Sharks,San Jose,de San Jose,SJS,0,3,REG,3,REG,8476932,8480031.0,,,,,,,,,,,,,,,,,ANA
2020020666,20202021,2,2021-04-13,False,2021-04-13T23:00:00Z,-04:00,-04:00,US/Eastern,OFF,OK,/video/nyr-njd-323626064,3,Rangers,New York,de New York,NYR,3,1,Devils,New Jersey,du New Jersey,NJD,0,3,REG,3,REG,8478048,8476459.0,,,,,,,,,,,,,,,,,NYR
2020020202,20202021,2,2021-04-13,False,2021-04-13T23:00:00Z,-04:00,-04:00,US/Eastern,OFF,OK,,4,Flyers,Philadelphia,de Philadelphie,PHI,1,15,Capitals,Washington,de Washington,WSH,6,3,REG,3,REG,8478492,8476880.0,,,,,,,,,,,,,,,,,WSH
2020020195,20202021,2,2021-04-13,False,2021-04-13T23:00:00Z,-04:00,-04:00,US/Eastern,OFF,OK,/video/buf-bos-323628918,7,Sabres,Buffalo,de Buffalo,BUF,2,6,Bruins,Boston,de Boston,BOS,3,5,SO,3,SO,8480280,,,,,,,,,,,,,,,,,,BOS
2020020669,20202021,2,2021-04-13,False,2021-04-13T23:30:00Z,-04:00,-04:00,America/Toronto,OFF,OK,/video/cgy-tor-323628756,20,Flames,Calgary,de Calgary,CGY,3,10,Maple Leafs,Toronto,de Toronto,TOR,2,4,OT,3,OT,8474593,8476346.0,Markström,,,,,,,,,,,,,,,,CGY
2020020659,20202021,2,2021-04-13,False,2021-04-14T00:00:00Z,-04:00,-05:00,US/Central,OFF,OK,/video/tbl-nsh-323632234,14,Lightning,Tampa Bay,de Tampa Bay,TBL,2,18,Predators,Nashville,de Nashville,NSH,7,3,REG,3,REG,8477424,8478042.0,,,,,,,,,,,,,,,,,NSH
2020020670,20202021,2,2021-04-13,False,2021-04-14T00:30:00Z,-04:00,-05:00,US/Central,OFF,OK,/video/fla-dal-323634328,13,Panthers,Florida,de la Floride,FLA,3,25,Stars,Dallas,de Dallas,DAL,2,4,OT,3,OT,8476904,8478366.0,,,,,,,,,,,,,,,,,FLA
2020020192,20202021,2,2021-04-14,False,2021-04-14T18:00:00Z,-04:00,-05:00,US/Central,OFF,OK,/video/ari-min-323651168,53,Coyotes,Arizona,de l'Arizona,ARI,2,30,Wild,Minnesota,du Minnesota,MIN,5,3,REG,3,REG,8475660,8474009.0,,,,,,,,,,,,,,,,,MIN
2020020672,20202021,2,2021-04-14,False,2021-04-14T23:00:00Z,-04:00,-04:00,US/Eastern,OFF,OK,/video/wpg-ott-323661296,52,Jets,Winnipeg,de Winnipeg,WPG,3,9,Senators,Ottawa,d'Ottawa,OTT,2,3,REG,3,REG,8476316,8473453.0,,,,,,,,,,,,,,,Sénateurs,,WPG
2020020671,20202021,2,2021-04-14,False,2021-04-14T23:00:00Z,-04:00,-04:00,America/Montreal,OFF,OK,/video/cgy-mtl-323661968,20,Flames,Calgary,de Calgary,CGY,4,8,Canadiens,Montréal,de Montréal,MTL,1,3,REG,3,REG,8474593,8470966.0,Markström,,,,,,,,,,,,,,,,CGY
2020020182,20202021,2,2021-04-14,False,2021-04-14T23:30:00Z,-04:00,-05:00,US/Central,OFF,OK,/video/col-stl-323663036,21,Avalanche,Colorado,du Colorado,COL,4,19,Blues,St. Louis,de St. Louis,STL,3,3,REG,3,REG,8471227,8476438.0,,,,,,,,,,,,,,,,,COL
2020020674,20202021,2,2021-04-14,False,2021-04-15T02:00:00Z,-04:00,-07:00,America/Los_Angeles,OFF,OK,/video/vgk-lak-323668076,54,Golden Knights,Vegas,de Vegas,VGK,6,26,Kings,Los Angeles,de Los Angeles,LAK,2,3,REG,3,REG,8470594,8474157.0,,,,,,,,,,,,,,,,,VGK
2020020675,20202021,2,2021-04-14,False,2021-04-15T02:30:00Z,-04:00,-07:00,US/Pacific,OFF,OK,/video/ana-sjs-323669644,24,Ducks,Anaheim,d'Anaheim,ANA,4,28,Sharks,San Jose,de San Jose,SJS,1,3,REG,3,REG,8476932,8474683.0,,,,,,,,,,,,,,,,,ANA
2020020679,20202021,2,2021-04-15,False,2021-04-15T23:00:00Z,-04:00,-04:00,US/Eastern,OFF,OK,/video/fla-tbl-323701648,13,Panthers,Florida,de la Floride,FLA,2,14,Lightning,Tampa Bay,de Tampa Bay,TBL,3,4,OT,3,OT,8476883,8475167.0,,,,,,,,,,,,,,,,,TBL
2020020665,20202021,2,2021-04-15,False,2021-04-15T23:00:00Z,-04:00,-04:00,US/Eastern,OFF,OK,/video/nyi-bos-323700410,2,Islanders,New York,de New York,NYI,1,6,Bruins,Boston,de Boston,BOS,4,3,REG,3,REG,8471695,8475225.0,,,,,,,,,,,,,,,,,BOS
2020020677,20202021,2,2021-04-15,False,2021-04-15T23:00:00Z,-04:00,-04:00,US/Eastern,OFF,OK,/video/buf-wsh-323699720,7,Sabres,Buffalo,de Buffalo,BUF,5,15,Capitals,Washington,de Washington,WSH,2,3,REG,3,REG,8474682,8479999.0,,,,,,,,,,,,,,,,,BUF
2020020680,20202021,2,2021-04-15,False,2021-04-15T23:00:00Z,-04:00,-04:00,US/Eastern,OFF,OK,/video/phi-pit-323703134,4,Flyers,Philadelphia,de Philadelphie,PHI,2,5,Penguins,Pittsburgh,de Pittsburgh,PIT,1,5,SO,3,SO,8479394,,,,,,,,,,,,,,,,,,PHI
2020020678,20202021,2,2021-04-15,False,2021-04-15T23:00:00Z,-04:00,-04:00,US/Eastern,OFF,OK,/video/nsh-car-323699888,18,Predators,Nashville,de Nashville,NSH,1,12,Hurricanes,Carolina,de la Caroline,CAR,4,3,REG,3,REG,8475852,8480830.0,,,,,,,,,,,,,,,,,CAR
2020020676,20202021,2,2021-04-15,False,2021-04-15T23:00:00Z,-04:00,-04:00,America/New_York,OFF,OK,/video/njd-nyr-323699108,1,Devils,New Jersey,du New Jersey,NJD,0,3,Rangers,New York,de New York,NYR,4,3,REG,3,REG,8478048,8476885.0,,,,,,,,,,,,,,,,,NYR
2020020682,20202021,2,2021-04-15,False,2021-04-15T23:00:00Z,-04:00,-04:00,America/Toronto,OFF,OK,/video/wpg-tor-323699250,52,Jets,Winnipeg,de Winnipeg,WPG,5,10,Maple Leafs,Toronto,de Toronto,TOR,2,3,REG,3,REG,8476945,8476460.0,,,,,,,,,,,,,,,,,WPG
2020020681,20202021,2,2021-04-15,False,2021-04-15T23:30:00Z,-04:00,-04:00,America/Detroit,OFF,OK,/video/chi-det-323703384,16,Blackhawks,Chicago,de Chicago,CHI,1,17,Red Wings,Detroit,de Detroit,DET,4,3,REG,3,REG,8471306,8477944.0,,,,,,,,,,,,,,,,,DET
2020020683,20202021,2,2021-04-15,False,2021-04-16T00:30:00Z,-04:00,-05:00,US/Central,OFF,OK,/video/cbj-dal-323707298,29,Blue Jackets,Columbus,de Columbus,CBJ,1,25,Stars,Dallas,de Dallas,DAL,4,3,REG,3,REG,8479979,8480036.0,,,,,,,,,,,,,,,,,DAL
2020020686,20202021,2,2021-04-16,False,2021-04-16T22:00:00Z,-04:00,-04:00,America/Montreal,OFF,OK,/video/cgy-mtl-323729304,20,Flames,Calgary,de Calgary,CGY,1,8,Canadiens,Montréal,de Montréal,MTL,2,3,REG,3,REG,8474596,8475726.0,,,,,,,,,,,,,,,,,MTL
2020020685,20202021,2,2021-04-16,False,2021-04-16T23:00:00Z,-04:00,-04:00,US/Eastern,OFF,OK,/video/nyi-bos-323730952,2,Islanders,New York,de New York,NYI,0,6,Bruins,Boston,de Boston,BOS,3,3,REG,3,REG,8480280,8477956.0,,,,,,,,,,,,,,,,,BOS
2020020687,20202021,2,2021-04-16,False,2021-04-17T00:00:00Z,-04:00,-05:00,US/Central,OFF,OK,/video/sjs-min-323734430,28,Sharks,San Jose,de San Jose,SJS,2,30,Wild,Minnesota,du Minnesota,MIN,3,3,REG,3,REG,8475660,8470610.0,,,,,,,,,,,,,,,,,MIN
2020020689,20202021,2,2021-04-16,False,2021-04-17T02:00:00Z,-04:00,-07:00,America/Los_Angeles,OFF,OK,,54,Golden Knights,Vegas,de Vegas,VGK,4,24,Ducks,Anaheim,d'Anaheim,ANA,0,3,REG,3,REG,8475215,8476448.0,,,,,,,,,,,,,,,,,VGK
2020020691,20202021,2,2021-04-17,False,2021-04-17T16:30:00Z,-04:00,-04:00,America/New_York,OFF,OK,/video/njd-nyr-323749862,1,Devils,New Jersey,du New Jersey,NJD,3,3,Rangers,New York,de New York,NYR,6,3,REG,3,REG,8478048,8478550.0,,,,,,,,,,,,,,,,,NYR
2020020692,20202021,2,2021-04-17,False,2021-04-17T16:30:00Z,-04:00,-04:00,US/Eastern,OFF,OK,,15,Capitals,Washington,de Washington,WSH,6,4,Flyers,Philadelphia,de Philadelphie,PHI,3,3,REG,3,REG,8478492,8475744.0,,,,,,,,,,,,,,,,,WSH
2020020690,20202021,2,2021-04-17,False,2021-04-17T19:00:00Z,-04:00,-04:00,America/New_York,OFF,OK,/video/pit-buf-323754934,5,Penguins,Pittsburgh,de Pittsburgh,PIT,3,7,Sabres,Buffalo,de Buffalo,BUF,2,3,REG,3,REG,8477465,8475810.0,,,,,,,,,,,,,,,,,PIT
2020020546,20202021,2,2021-04-17,False,2021-04-17T20:00:00Z,-04:00,-04:00,America/Montreal,OFF,OK,/video/ott-mtl-323758208,9,Senators,Ottawa,d'Ottawa,OTT,4,8,Canadiens,Montréal,de Montréal,MTL,0,3,REG,3,REG,8476899,8482245.0,,,,,,,,,,,,,,,,Sénateurs,OTT
2020020700,20202021,2,2021-04-17,False,2021-04-17T22:00:00Z,-04:00,-07:00,America/Phoenix,OFF,OK,/video/stl-ari-323765800,19,Blues,St. Louis,de St. Louis,STL,2,53,Coyotes,Arizona,de l'Arizona,ARI,3,3,REG,3,REG,8475311,8478047.0,,,,,,,,,,,,,,,,,ARI
2020020694,20202021,2,2021-04-17,False,2021-04-17T23:00:00Z,-04:00,-04:00,US/Eastern,OFF,OK,/video/fla-tbl-323771316,13,Panthers,Florida,de la Floride,FLA,5,14,Lightning,Tampa Bay,de Tampa Bay,TBL,3,3,REG,3,REG,8475683,8478366.0,,,,,,,,,,,,,,,,,FLA
2020020695,20202021,2,2021-04-17,False,2021-04-17T23:00:00Z,-04:00,-04:00,America/Detroit,OFF,OK,/video/chi-det-323769582,16,Blackhawks,Chicago,de Chicago,CHI,4,17,Red Wings,Detroit,de Detroit,DET,0,3,REG,3,REG,8476876,8474141.0,,,,,,,,,,,,,,,,,CHI
2020020696,20202021,2,2021-04-17,False,2021-04-17T23:00:00Z,-04:00,-05:00,America/Winnipeg,OFF,OK,/video/edm-wpg-323770804,22,Oilers,Edmonton,d'Edmonton,EDM,3,52,Jets,Winnipeg,de Winnipeg,WPG,0,3,REG,3,REG,8469608,8475197.0,,,,,,,,,,,,,,,,,EDM
2020020693,20202021,2,2021-04-17,False,2021-04-17T23:00:00Z,-04:00,-04:00,US/Eastern,OFF,OK,/video/nsh-car-323770466,18,Predators,Nashville,de Nashville,NSH,1,12,Hurricanes,Carolina,de la Caroline,CAR,3,3,REG,3,REG,8477968,8475825.0,,,,,,,,,,,,,,,,,CAR
2020020698,20202021,2,2021-04-17,False,2021-04-18T00:00:00Z,-04:00,-05:00,US/Central,OFF,OK,/video/sjs-min-323773930,28,Sharks,San Jose,de San Jose,SJS,2,30,Wild,Minnesota,du Minnesota,MIN,5,3,REG,3,REG,8478039,8470610.0,Kähkönen,,,,,,,,,,,,,,,,MIN
2020020699,20202021,2,2021-04-17,False,2021-04-18T00:00:00Z,-04:00,-05:00,US/Central,OFF,OK,/video/cbj-dal-323774958,29,Blue Jackets,Columbus,de Columbus,CBJ,1,25,Stars,Dallas,de Dallas,DAL,5,3,REG,3,REG,8479979,8478495.0,,,,,,,,,,,,,,,,,DAL
2020020701,20202021,2,2021-04-18,False,2021-04-18T16:00:00Z,-04:00,-04:00,US/Eastern,OFF,OK,/video/wsh-bos-323784316,15,Capitals,Washington,de Washington,WSH,3,6,Bruins,Boston,de Boston,BOS,6,3,REG,3,REG,8471695,8471276.0,,,,,,,,,,,,,,,,,BOS
2020020702,20202021,2,2021-04-18,False,2021-04-18T19:00:00Z,-04:00,-04:00,US/Eastern,OFF,OK,/video/nyr-njd-323791368,3,Rangers,New York,de New York,NYR,5,1,Devils,New Jersey,du New Jersey,NJD,3,3,REG,3,REG,8480382,8476459.0,,,,,,,,,,,,,,,,,NYR
2020020715,20202021,2,2021-04-18,False,2021-04-18T19:00:00Z,-04:00,-04:00,America/New_York,OFF,OK,/video/pit-buf-323791166,5,Penguins,Pittsburgh,de Pittsburgh,PIT,2,7,Sabres,Buffalo,de Buffalo,BUF,4,3,REG,3,REG,8474682,8477933.0,,,,,,,,,,,,,,,,,BUF
2020020705,20202021,2,2021-04-18,False,2021-04-18T20:00:00Z,-04:00,-07:00,America/Los_Angeles,OFF,OK,/video/vgk-ana-323793664,54,Golden Knights,Vegas,de Vegas,VGK,5,24,Ducks,Anaheim,d'Anaheim,ANA,2,3,REG,3,REG,8470594,8478462.0,,,,,,,,,,,,,,,,,VGK
2020020703,20202021,2,2021-04-18,False,2021-04-18T22:30:00Z,-04:00,-04:00,US/Eastern,OFF,OK,,2,Islanders,New York,de New York,NYI,1,4,Flyers,Philadelphia,de Philadelphie,PHI,0,4,OT,3,OT,8478009,8475181.0,,,,,,,,,,,,,,,,,NYI
2020020697,20202021,2,2021-04-18,False,2021-04-18T23:00:00Z,-04:00,-07:00,America/Vancouver,OFF,OK,/video/tor-van-323795946,10,Maple Leafs,Toronto,de Toronto,TOR,2,23,Canucks,Vancouver,de Vancouver,VAN,3,4,OT,3,OT,8474651,8477500.0,,,,,,,,,,,,,,,,,VAN
2020020706,20202021,2,2021-04-19,False,2021-04-19T23:00:00Z,-04:00,-04:00,US/Eastern,OFF,OK,/video/car-tbl-323826110,12,Hurricanes,Carolina,de la Caroline,CAR,2,14,Lightning,Tampa Bay,de Tampa Bay,TBL,3,4,OT,3,OT,8476883,8476826.0,,,,,,,,,,,,,,,,,TBL
2020020707,20202021,2,2021-04-19,False,2021-04-19T23:00:00Z,-04:00,-04:00,US/Eastern,OFF,OK,/video/cbj-fla-323825020,29,Blue Jackets,Columbus,de Columbus,CBJ,2,13,Panthers,Florida,de la Floride,FLA,4,3,REG,3,REG,8475683,8475462.0,,,,,,,,,,,,,,,,,FLA
2020020711,20202021,2,2021-04-19,False,2021-04-19T23:30:00Z,-04:00,-05:00,US/Central,OFF,OK,/video/det-dal-323829064,17,Red Wings,Detroit,de Detroit,DET,2,25,Stars,Dallas,de Dallas,DAL,3,5,SO,3,SO,8471418,,,,,,,,,,,,,,,,,,DAL
2020020601,20202021,2,2021-04-19,False,2021-04-20T00:00:00Z,-04:00,-05:00,US/Central,OFF,OK,/video/chi-nsh-323830570,16,Blackhawks,Chicago,de Chicago,CHI,2,18,Predators,Nashville,de Nashville,NSH,5,3,REG,3,REG,8477424,8475218.0,,,,,,,,,,,,,,,,,NSH
2020020708,20202021,2,2021-04-19,False,2021-04-20T01:00:00Z,-04:00,-06:00,America/Edmonton,OFF,OK,/video/ott-cgy-323837172,9,Senators,Ottawa,d'Ottawa,OTT,4,20,Flames,Calgary,de Calgary,CGY,2,3,REG,3,REG,8476899,8480064.0,,,,,,,,,,,,,,,,Sénateurs,OTT
2020020712,20202021,2,2021-04-19,False,2021-04-20T01:00:00Z,-04:00,-07:00,America/Phoenix,OFF,OK,/video/min-ari-323837208,30,Wild,Minnesota,du Minnesota,MIN,5,53,Coyotes,Arizona,de l'Arizona,ARI,2,3,REG,3,REG,8475660,8475149.0,,,,,,,,,,,,,,,,,MIN
2020020709,20202021,2,2021-04-19,False,2021-04-20T01:00:00Z,-04:00,-06:00,America/Edmonton,OFF,OK,/video/mtl-edm-323836836,8,Canadiens,Montréal,de Montréal,MTL,1,22,Oilers,Edmonton,d'Edmonton,EDM,4,3,REG,3,REG,8469608,8478402.0,,,,,,,,,,,,,,,,,EDM
2020020713,20202021,2,2021-04-19,False,2021-04-20T02:00:00Z,-04:00,-07:00,US/Pacific,OFF,OK,/video/sjs-vgk-323841366,28,Sharks,San Jose,de San Jose,SJS,2,54,Golden Knights,Vegas,de Vegas,VGK,3,5,SO,3,SO,8475215,,,,,,,,,,,,,,,,,,VGK
2020020483,20202021,2,2021-04-20,False,2021-04-20T22:30:00Z,-04:00,-04:00,America/New_York,OFF,OK,/video/bos-buf-323864146,6,Bruins,Boston,de Boston,BOS,2,7,Sabres,Buffalo,de Buffalo,BUF,0,3,REG,3,REG,8471695,8473419.0,,,,,,,,,,,,,,,,,BOS
2020020718,20202021,2,2021-04-20,False,2021-04-20T23:00:00Z,-04:00,-04:00,US/Eastern,OFF,OK,/video/car-tbl-323867758,12,Hurricanes,Carolina,de la Caroline,CAR,4,14,Lightning,Tampa Bay,de Tampa Bay,TBL,1,3,REG,3,REG,8477968,8473533.0,,,,,,,,,,,,,,,,,CAR
2020020719,20202021,2,2021-04-20,False,2021-04-20T23:00:00Z,-04:00,-04:00,US/Eastern,OFF,OK,/video/cbj-fla-323866480,29,Blue Jackets,Columbus,de Columbus,CBJ,1,13,Panthers,Florida,de la Floride,FLA,5,3,REG,3,REG,8481519,8477935.0,,,,,,,,,,,,,,,,,FLA
2020020717,20202021,2,2021-04-20,False,2021-04-20T23:00:00Z,-04:00,-04:00,America/New_York,OFF,OK,/video/nyr-nyi-323864628,3,Rangers,New York,de New York,NYR,1,2,Islanders,New York,de New York,NYI,6,3,REG,3,REG,8473575,8475754.0,,,,,,,,,,,,,,,,,NYI
2020020166,20202021,2,2021-04-20,False,2021-04-20T23:00:00Z,-04:00,-04:00,US/Eastern,OFF,OK,/video/njd-pit-323867374,1,Devils,New Jersey,du New Jersey,NJD,6,5,Penguins,Pittsburgh,de Pittsburgh,PIT,7,3,REG,3,REG,8477465,8471675.0,,,,,,,,,,,,,,,,,PIT
2020020722,20202021,2,2021-04-20,False,2021-04-21T00:30:00Z,-04:00,-05:00,US/Central,OFF,OK,/video/det-dal-323871886,17,Red Wings,Detroit,de Detroit,DET,2,25,Stars,Dallas,de Dallas,DAL,5,3,REG,3,REG,8479979,8470794.0,,,,,,,,,,,,,,,,,DAL
2020020710,20202021,2,2021-04-20,False,2021-04-21T01:00:00Z,-04:00,-07:00,America/Vancouver,OFF,OK,/video/tor-van-323872814,10,Maple Leafs,Toronto,de Toronto,TOR,3,23,Canucks,Vancouver,de Vancouver,VAN,6,3,REG,3,REG,8474651,8476871.0,,,,,,,,,,,,,,,,,VAN
2020020724,20202021,2,2021-04-20,False,2021-04-21T02:00:00Z,-04:00,-07:00,America/Los_Angeles,OFF,OK,/video/ana-lak-323874556,24,Ducks,Anaheim,d'Anaheim,ANA,1,26,Kings,Los Angeles,de Los Angeles,LAK,4,3,REG,3,REG,8477361,8471685.0,,,,,,,,,,,,,,,,,LAK
2020020725,20202021,2,2021-04-21,False,2021-04-21T23:00:00Z,-04:00,-05:00,America/Chicago,OFF,OK,/video/nsh-chi-323893766,18,Predators,Nashville,de Nashville,NSH,4,16,Blackhawks,Chicago,de Chicago,CHI,5,4,OT,3,OT,8476876,8479542.0,,,,,,,,,,,,,,,,,CHI
2020020727,20202021,2,2021-04-21,False,2021-04-22T01:00:00Z,-04:00,-07:00,America/Phoenix,OFF,OK,/video/min-ari-323898324,30,Wild,Minnesota,du Minnesota,MIN,4,53,Coyotes,Arizona,de l'Arizona,ARI,1,3,REG,3,REG,8475660,8475220.0,,,,,,,,,,,,,,,,,MIN
2020020728,20202021,2,2021-04-21,False,2021-04-22T01:30:00Z,-04:00,-07:00,US/Pacific,OFF,OK,/video/sjs-vgk-323899582,28,Sharks,San Jose,de San Jose,SJS,2,54,Golden Knights,Vegas,de Vegas,VGK,5,3,REG,3,REG,8470594,8477949.0,,,,,,,,,,,,,,,,,VGK
2020020721,20202021,2,2021-04-21,False,2021-04-22T02:00:00Z,-04:00,-06:00,America/Edmonton,OFF,OK,/video/mtl-edm-323901334,8,Canadiens,Montréal,de Montréal,MTL,4,22,Oilers,Edmonton,d'Edmonton,EDM,3,3,REG,3,REG,8474596,8476981.0,,,,,,,,,,,,,,,,,MTL
2020020726,20202021,2,2021-04-22,False,2021-04-22T23:00:00Z,-04:00,-05:00,America/Winnipeg,OFF,OK,/video/tor-wpg-323932006,10,Maple Leafs,Toronto,de Toronto,TOR,5,52,Jets,Winnipeg,de Winnipeg,WPG,3,3,REG,3,REG,8475789,8478483.0,,,,,,,,,,,,,,,,,TOR
2020020729,20202021,2,2021-04-22,False,2021-04-22T23:00:00Z,-04:00,-04:00,America/New_York,OFF,OK,/video/bos-buf-323934192,6,Bruins,Boston,de Boston,BOS,5,7,Sabres,Buffalo,de Buffalo,BUF,1,3,REG,3,REG,8480280,8476891.0,,,,,,,,,,,,,,,,,BOS
2020020254,20202021,2,2021-04-22,False,2021-04-22T23:00:00Z,-04:00,-04:00,America/New_York,OFF,OK,,4,Flyers,Philadelphia,de Philadelphie,PHI,3,3,Rangers,New York,de New York,NYR,2,3,REG,3,REG,8470880,8474161.0,,,,,,,,,,,,,,,,,PHI
2020020732,20202021,2,2021-04-22,False,2021-04-22T23:00:00Z,-04:00,-04:00,US/Eastern,OFF,OK,/video/car-fla-323935274,12,Hurricanes,Carolina,de la Caroline,CAR,4,13,Panthers,Florida,de la Floride,FLA,2,3,REG,3,REG,8477968,8478427.0,,,,,,,,,,,,,,,,,CAR
2020020731,20202021,2,2021-04-22,False,2021-04-22T23:00:00Z,-04:00,-04:00,US/Eastern,OFF,OK,/video/cbj-tbl-323931068,29,Blue Jackets,Columbus,de Columbus,CBJ,1,14,Lightning,Tampa Bay,de Tampa Bay,TBL,3,3,REG,3,REG,8470147,8476292.0,,,,,,,,,,,,,,,,,TBL
2020020733,20202021,2,2021-04-22,False,2021-04-22T23:00:00Z,-04:00,-04:00,US/Eastern,OFF,OK,/video/njd-pit-323930646,1,Devils,New Jersey,du New Jersey,NJD,1,5,Penguins,Pittsburgh,de Pittsburgh,PIT,5,3,REG,3,REG,8477465,8476879.0,,,,,,,,,,,,,,,,,PIT
2020020730,20202021,2,2021-04-22,False,2021-04-22T23:00:00Z,-04:00,-04:00,America/New_York,OFF,OK,/video/wsh-nyi-323933496,15,Capitals,Washington,de Washington,WSH,1,2,Islanders,New York,de New York,NYI,0,5,SO,3,SO,8478492,,,,,,,,,,,,,,,,,,WSH
2020020734,20202021,2,2021-04-22,False,2021-04-22T23:30:00Z,-04:00,-04:00,America/Detroit,OFF,OK,/video/dal-det-323933302,25,Stars,Dallas,de Dallas,DAL,3,17,Red Wings,Detroit,de Detroit,DET,7,3,REG,3,REG,8471306,8477944.0,,,,,,,,,,,,,,,,,DET
2020020735,20202021,2,2021-04-22,False,2021-04-23T00:00:00Z,-04:00,-05:00,US/Central,OFF,OK,/video/col-stl-323939392,21,Avalanche,Colorado,du Colorado,COL,4,19,Blues,St. Louis,de St. Louis,STL,2,3,REG,3,REG,8471227,8477444.0,,,,,,,,,,,,,,,,,COL
2020020737,20202021,2,2021-04-22,False,2021-04-23T02:00:00Z,-04:00,-07:00,America/Vancouver,OFF,OK,/video/ott-van-323942888,9,Senators,Ottawa,d'Ottawa,OTT,3,23,Canucks,Vancouver,de Vancouver,VAN,0,3,REG,3,REG,8476899,8482116.0,,,,,,,,,,,,,,,,Sénateurs,OTT
2020020739,20202021,2,2021-04-23,False,2021-04-23T23:00:00Z,-04:00,-04:00,America/New_York,OFF,OK,,4,Flyers,Philadelphia,de Philadelphie,PHI,1,3,Rangers,New York,de New York,NYR,4,3,REG,3,REG,8480382,8477402.0,,,,,,,,,,,,,,,,,NYR
2020020738,20202021,2,2021-04-23,False,2021-04-23T23:00:00Z,-04:00,-04:00,America/New_York,OFF,OK,/video/bos-buf-323968154,6,Bruins,Boston,de Boston,BOS,4,7,Sabres,Buffalo,de Buffalo,BUF,6,3,REG,3,REG,8480045,8477933.0,,,,,,,,,,,,,,,,,BUF
2020020740,20202021,2,2021-04-23,False,2021-04-24T00:00:00Z,-04:00,-05:00,America/Chicago,OFF,OK,/video/nsh-chi-323971534,18,Predators,Nashville,de Nashville,NSH,3,16,Blackhawks,Chicago,de Chicago,CHI,1,3,REG,3,REG,8477424,8479316.0,,,,,,,,,,,,,,,,,NSH
2020020736,20202021,2,2021-04-23,False,2021-04-24T01:00:00Z,-04:00,-06:00,America/Edmonton,OFF,OK,/video/mtl-cgy-323973526,8,Canadiens,Montréal,de Montréal,MTL,2,20,Flames,Calgary,de Calgary,CGY,4,3,REG,3,REG,8474593,8477497.0,Markström,,,,,,,,,,,,,,,,CGY
2020020240,20202021,2,2021-04-23,False,2021-04-24T02:00:00Z,-04:00,-07:00,America/Los_Angeles,OFF,OK,/video/min-lak-323976110,30,Wild,Minnesota,du Minnesota,MIN,4,26,Kings,Los Angeles,de Los Angeles,LAK,2,3,REG,3,REG,8475660,8481477.0,,,,,,,,,,,,,,,,,MIN
2020020746,20202021,2,2021-04-24,False,2021-04-24T16:30:00Z,-04:00,-04:00,US/Eastern,OFF,OK,/video/njd-pit-323985742,1,Devils,New Jersey,du New Jersey,NJD,2,5,Penguins,Pittsburgh,de Pittsburgh,PIT,4,3,REG,3,REG,8479193,8475810.0,,,,,,,,,,,,,,,,,PIT
2020020748,20202021,2,2021-04-24,False,2021-04-24T19:00:00Z,-04:00,-05:00,US/Central,OFF,OK,/video/col-stl-323989930,21,Avalanche,Colorado,du Colorado,COL,3,19,Blues,St. Louis,de St. Louis,STL,5,3,REG,3,REG,8476412,8474884.0,,,,,,,,,,,,,,,,,STL
2020020745,20202021,2,2021-04-24,False,2021-04-24T23:00:00Z,-04:00,-04:00,US/Eastern,OFF,OK,/video/car-fla-324001478,12,Hurricanes,Carolina,de la Caroline,CAR,3,13,Panthers,Florida,de la Floride,FLA,4,4,OT,3,OT,8476904,8477493.0,,,,,,,,,,,,,,,,,FLA
2020020749,20202021,2,2021-04-24,False,2021-04-24T23:00:00Z,-04:00,-05:00,America/Winnipeg,OFF,OK,/video/tor-wpg-324000862,10,Maple Leafs,Toronto,de Toronto,TOR,4,52,Jets,Winnipeg,de Winnipeg,WPG,1,3,REG,3,REG,8475789,8478483.0,,,,,,,,,,,,,,,,,TOR
2020020744,20202021,2,2021-04-24,False,2021-04-24T23:00:00Z,-04:00,-04:00,America/New_York,OFF,OK,/video/wsh-nyi-324000740,15,Capitals,Washington,de Washington,WSH,6,2,Islanders,New York,de New York,NYI,3,3,REG,3,REG,8478492,8478466.0,,,,,,,,,,,,,,,,,WSH
2020020747,20202021,2,2021-04-24,False,2021-04-24T23:00:00Z,-04:00,-04:00,America/Detroit,OFF,OK,/video/dal-det-324000616,25,Stars,Dallas,de Dallas,DAL,2,17,Red Wings,Detroit,de Detroit,DET,1,4,OT,3,OT,8471418,8473994.0,,,,,,,,,,,,,,,,,DAL
2020020750,20202021,2,2021-04-24,False,2021-04-24T23:00:00Z,-04:00,-06:00,America/Edmonton,OFF,OK,/video/mtl-cgy-324001788,8,Canadiens,Montréal,de Montréal,MTL,2,20,Flames,Calgary,de Calgary,CGY,5,3,REG,3,REG,8474593,8476346.0,Markström,,,,,,,,,,,,,,,,CGY
2020020753,20202021,2,2021-04-24,False,2021-04-25T01:00:00Z,-04:00,-07:00,US/Pacific,OFF,OK,/video/min-sjs-324009318,30,Wild,Minnesota,du Minnesota,MIN,6,28,Sharks,San Jose,de San Jose,SJS,3,3,REG,3,REG,8478039,8477942.0,Kähkönen,,,,,,,,,,,,,,,,MIN
2020020325,20202021,2,2021-04-24,False,2021-04-25T01:00:00Z,-04:00,-07:00,America/Los_Angeles,OFF,OK,,54,Golden Knights,Vegas,de Vegas,VGK,5,24,Ducks,Anaheim,d'Anaheim,ANA,1,3,REG,3,REG,8475215,8476905.0,,,,,,,,,,,,,,,,,VGK
2020020752,20202021,2,2021-04-24,False,2021-04-25T02:00:00Z,-04:00,-07:00,America/Los_Angeles,OFF,OK,/video/ari-lak-324011142,53,Coyotes,Arizona,de l'Arizona,ARI,4,26,Kings,Los Angeles,de Los Angeles,LAK,0,3,REG,3,REG,8475311,8477401.0,,,,,,,,,,,,,,,,,ARI
2020020751,20202021,2,2021-04-24,False,2021-04-25T02:00:00Z,-04:00,-07:00,America/Vancouver,OFF,OK,/video/ott-van-324012134,9,Senators,Ottawa,d'Ottawa,OTT,2,23,Canucks,Vancouver,de Vancouver,VAN,4,3,REG,3,REG,8474651,8476871.0,,,,,,,,,,,,,,,,Sénateurs,VAN
2020020757,20202021,2,2021-04-25,False,2021-04-25T19:00:00Z,-04:00,-04:00,US/Eastern,OFF,OK,/video/bos-pit-324021038,6,Bruins,Boston,de Boston,BOS,0,5,Penguins,Pittsburgh,de Pittsburgh,PIT,1,3,REG,3,REG,8477465,8477404.0,,,,,,,,,,,,,,,,,PIT
2020020216,20202021,2,2021-04-25,False,2021-04-25T22:00:00Z,-04:00,-04:00,US/Eastern,OFF,OK,,1,Devils,New Jersey,du New Jersey,NJD,3,4,Flyers,Philadelphia,de Philadelphie,PHI,4,5,SO,3,SO,8470880,,,,,,,,,,,,,,,,,,PHI
2020020754,20202021,2,2021-04-25,False,2021-04-25T22:00:00Z,-04:00,-04:00,America/New_York,OFF,OK,/video/buf-nyr-324026054,7,Sabres,Buffalo,de Buffalo,BUF,3,3,Rangers,New York,de New York,NYR,6,3,REG,3,REG,8478048,8476459.0,,,,,,,,,,,,,,,,,NYR
2020020756,20202021,2,2021-04-25,False,2021-04-25T23:00:00Z,-04:00,-04:00,US/Eastern,OFF,OK,/video/cbj-tbl-324029192,29,Blue Jackets,Columbus,de Columbus,CBJ,3,14,Lightning,Tampa Bay,de Tampa Bay,TBL,4,4,OT,3,OT,8476883,8475167.0,,,,,,,,,,,,,,,,,TBL
2020020761,20202021,2,2021-04-26,False,2021-04-26T22:30:00Z,-04:00,-06:00,America/Edmonton,OFF,OK,/video/mtl-cgy-324054312,8,Canadiens,Montréal,de Montréal,MTL,2,20,Flames,Calgary,de Calgary,CGY,1,3,REG,3,REG,8474596,8475726.0,,,,,,,,,,,,,,,,,MTL
2020020191,20202021,2,2021-04-26,False,2021-04-26T23:00:00Z,-04:00,-05:00,US/Central,OFF,OK,/video/col-stl-324057906,21,Avalanche,Colorado,du Colorado,COL,1,19,Blues,St. Louis,de St. Louis,STL,4,3,REG,3,REG,8476412,8475170.0,,,,,,,,,,,,,,,,,STL
2020020759,20202021,2,2021-04-26,False,2021-04-26T23:00:00Z,-04:00,-04:00,US/Eastern,OFF,OK,/video/van-ott-324056950,23,Canucks,Vancouver,de Vancouver,VAN,1,9,Senators,Ottawa,d'Ottawa,OTT,2,3,REG,3,REG,8477405,8480208.0,,,,,,,,,,,,,,,Sénateurs,,OTT
2020020763,20202021,2,2021-04-26,False,2021-04-26T23:30:00Z,-04:00,-05:00,US/Central,OFF,OK,/video/car-dal-324062734,12,Hurricanes,Carolina,de la Caroline,CAR,3,25,Stars,Dallas,de Dallas,DAL,4,4,OT,3,OT,8479979,8473994.0,,,,,,,,,,,,,,,,,DAL
2020020758,20202021,2,2021-04-26,False,2021-04-27T00:00:00Z,-04:00,-05:00,US/Central,OFF,OK,/video/fla-nsh-324064402,13,Panthers,Florida,de la Floride,FLA,1,18,Predators,Nashville,de Nashville,NSH,4,3,REG,3,REG,8477424,8476393.0,,,,,,,,,,,,,,,,,NSH
2020020760,20202021,2,2021-04-26,False,2021-04-27T01:00:00Z,-04:00,-05:00,America/Winnipeg,OFF,OK,/video/edm-wpg-324067476,22,Oilers,Edmonton,d'Edmonton,EDM,6,52,Jets,Winnipeg,de Winnipeg,WPG,1,3,REG,3,REG,8469608,8478402.0,,,,,,,,,,,,,,,,,EDM
2020020765,20202021,2,2021-04-26,False,2021-04-27T02:00:00Z,-04:00,-07:00,America/Los_Angeles,OFF,OK,/video/ana-lak-324070676,24,Ducks,Anaheim,d'Anaheim,ANA,1,26,Kings,Los Angeles,de Los Angeles,LAK,4,3,REG,3,REG,8471734,8479998.0,,,,,,,,,,,,,,,,,LAK
2020020766,20202021,2,2021-04-26,False,2021-04-27T02:30:00Z,-04:00,-07:00,US/Pacific,OFF,OK,/video/ari-sjs-324072406,53,Coyotes,Arizona,de l'Arizona,ARI,4,28,Sharks,San Jose,de San Jose,SJS,6,3,REG,3,REG,8480373,8482222.0,,,,,,,,,,,,,,,,,SJS
2020020770,20202021,2,2021-04-27,False,2021-04-27T23:00:00Z,-04:00,-04:00,US/Eastern,OFF,OK,/video/bos-pit-324099282,6,Bruins,Boston,de Boston,BOS,3,5,Penguins,Pittsburgh,de Pittsburgh,PIT,1,3,REG,3,REG,8471695,8473419.0,,,,,,,,,,,,,,,,,BOS
2020020447,20202021,2,2021-04-27,False,2021-04-27T23:00:00Z,-04:00,-04:00,US/Eastern,OFF,OK,/video/nyi-wsh-324098748,2,Islanders,New York,de New York,NYI,0,15,Capitals,Washington,de Washington,WSH,1,3,REG,3,REG,8477970,8478466.0,,,,,,,,,,,,,,,,,WSH
2020020716,20202021,2,2021-04-27,False,2021-04-27T23:00:00Z,-04:00,-04:00,US/Eastern,OFF,OK,,4,Flyers,Philadelphia,de Philadelphie,PHI,4,1,Devils,New Jersey,du New Jersey,NJD,6,3,REG,3,REG,8478406,8481068.0,,,,,,,,,,,,,,,,,NJD
2020020768,20202021,2,2021-04-27,False,2021-04-27T23:00:00Z,-04:00,-04:00,America/New_York,OFF,OK,/video/buf-nyr-324099066,7,Sabres,Buffalo,de Buffalo,BUF,1,3,Rangers,New York,de New York,NYR,3,3,REG,3,REG,8478048,8482109.0,,,,,,,,,,,,,,,,,NYR
2020020771,20202021,2,2021-04-27,False,2021-04-27T23:00:00Z,-04:00,-04:00,US/Eastern,OFF,OK,/video/det-cbj-324100066,17,Red Wings,Detroit,de Detroit,DET,0,29,Blue Jackets,Columbus,de Columbus,CBJ,1,5,SO,3,SO,8478007,,,,,,,,,,,,,,,,,,CBJ
2020020772,20202021,2,2021-04-27,False,2021-04-28T00:00:00Z,-04:00,-05:00,America/Chicago,OFF,OK,/video/tbl-chi-324105982,14,Lightning,Tampa Bay,de Tampa Bay,TBL,7,16,Blackhawks,Chicago,de Chicago,CHI,4,3,REG,3,REG,8476883,8476399.0,,,,,,,,,,,,,,,,,TBL
2020020773,20202021,2,2021-04-27,False,2021-04-28T00:00:00Z,-04:00,-05:00,US/Central,OFF,OK,/video/fla-nsh-324106024,13,Panthers,Florida,de la Floride,FLA,7,18,Predators,Nashville,de Nashville,NSH,4,3,REG,3,REG,8481519,8478366.0,,,,,,,,,,,,,,,,,FLA
2020020774,20202021,2,2021-04-27,False,2021-04-28T00:30:00Z,-04:00,-05:00,US/Central,OFF,OK,/video/car-dal-324108282,12,Hurricanes,Carolina,de la Caroline,CAR,5,25,Stars,Dallas,de Dallas,DAL,1,3,REG,3,REG,8477968,8478427.0,,,,,,,,,,,,,,,,,CAR
2020020776,20202021,2,2021-04-28,False,2021-04-28T21:30:00Z,-04:00,-04:00,US/Eastern,OFF,OK,/video/van-ott-324129192,23,Canucks,Vancouver,de Vancouver,VAN,3,9,Senators,Ottawa,d'Ottawa,OTT,6,3,REG,3,REG,8477405,8478469.0,,,,,,,,,,,,,,,Sénateurs,,OTT
2020020778,20202021,2,2021-04-28,False,2021-04-28T23:00:00Z,-04:00,-05:00,US/Central,OFF,OK,/video/stl-min-324131426,19,Blues,St. Louis,de St. Louis,STL,4,30,Wild,Minnesota,du Minnesota,MIN,3,3,REG,3,REG,8476412,8480023.0,,,,,,,,,,,,,,,,,STL
2020020775,20202021,2,2021-04-28,False,2021-04-29T00:00:00Z,-04:00,-04:00,America/Montreal,OFF,OK,/video/tor-mtl-324134066,10,Maple Leafs,Toronto,de Toronto,TOR,4,8,Canadiens,Montréal,de Montréal,MTL,1,3,REG,3,REG,8475789,8479318.0,,,,,,,,,,,,,,,,,TOR
2020020777,20202021,2,2021-04-28,False,2021-04-29T01:00:00Z,-04:00,-05:00,America/Winnipeg,OFF,OK,/video/edm-wpg-324138946,22,Oilers,Edmonton,d'Edmonton,EDM,3,52,Jets,Winnipeg,de Winnipeg,WPG,1,3,REG,3,REG,8475156,8476454.0,,,,,,,,,,,,,,,,,EDM
2020020779,20202021,2,2021-04-28,False,2021-04-29T01:30:00Z,-04:00,-07:00,US/Pacific,OFF,OK,/video/col-vgk-324140256,21,Avalanche,Colorado,du Colorado,COL,2,54,Golden Knights,Vegas,de Vegas,VGK,5,3,REG,3,REG,8470594,8475913.0,,,,,,,,,,,,,,,,,VGK
2020020780,20202021,2,2021-04-28,False,2021-04-29T02:00:00Z,-04:00,-07:00,America/Los_Angeles,OFF,OK,/video/ana-lak-324142092,24,Ducks,Anaheim,d'Anaheim,ANA,3,26,Kings,Los Angeles,de Los Angeles,LAK,2,3,REG,3,REG,8476434,8475764.0,,,,,,,,,,,,,,,,,ANA
2020020781,20202021,2,2021-04-28,False,2021-04-29T02:30:00Z,-04:00,-07:00,US/Pacific,OFF,OK,/video/ari-sjs-324143478,53,Coyotes,Arizona,de l'Arizona,ARI,2,28,Sharks,San Jose,de San Jose,SJS,4,3,REG,3,REG,8480373,8478099.0,,,,,,,,,,,,,,,,,SJS
2020020786,20202021,2,2021-04-29,False,2021-04-29T23:00:00Z,-04:00,-04:00,US/Eastern,OFF,OK,/video/det-car-324173356,17,Red Wings,Detroit,de Detroit,DET,1,12,Hurricanes,Carolina,de la Caroline,CAR,3,3,REG,3,REG,8473503,8477998.0,,,,,,,,,,,,,,,,,CAR
2020020347,20202021,2,2021-04-29,False,2021-04-29T23:00:00Z,-04:00,-04:00,US/Eastern,OFF,OK,/video/dal-tbl-324172314,25,Stars,Dallas,de Dallas,DAL,0,14,Lightning,Tampa Bay,de Tampa Bay,TBL,3,3,REG,3,REG,8476883,8476292.0,,,,,,,,,,,,,,,,,TBL
2020020784,20202021,2,2021-04-29,False,2021-04-29T23:00:00Z,-04:00,-04:00,America/New_York,OFF,OK,/video/nyi-nyr-324174938,2,Islanders,New York,de New York,NYI,4,3,Rangers,New York,de New York,NYR,0,3,REG,3,REG,8473575,8473463.0,,,,,,,,,,,,,,,,,NYI
2020020783,20202021,2,2021-04-29,False,2021-04-29T23:00:00Z,-04:00,-04:00,US/Eastern,OFF,OK,,4,Flyers,Philadelphia,de Philadelphie,PHI,3,1,Devils,New Jersey,du New Jersey,NJD,5,3,REG,3,REG,8478406,8478401.0,,,,,,,,,,,,,,,,,NJD
2020020785,20202021,2,2021-04-29,False,2021-04-29T23:00:00Z,-04:00,-04:00,US/Eastern,OFF,OK,/video/pit-wsh-324177128,5,Penguins,Pittsburgh,de Pittsburgh,PIT,5,15,Capitals,Washington,de Washington,WSH,4,4,OT,3,OT,8477465,8477404.0,,,,,,,,,,,,,,,,,PIT
2020020782,20202021,2,2021-04-29,False,2021-04-29T23:00:00Z,-04:00,-04:00,US/Eastern,OFF,OK,/video/buf-bos-324174252,7,Sabres,Buffalo,de Buffalo,BUF,2,6,Bruins,Boston,de Boston,BOS,5,3,REG,3,REG,8471695,8475745.0,,,,,,,,,,,,,,,,,BOS
2020020792,20202021,2,2021-04-29,False,2021-04-29T23:30:00Z,-04:00,-04:00,America/Toronto,OFF,OK,/video/van-tor-324177270,23,Canucks,Vancouver,de Vancouver,VAN,1,10,Maple Leafs,Toronto,de Toronto,TOR,4,3,REG,3,REG,8479496,8479318.0,,,,,,,,,,,,,,,,,TOR
2020020762,20202021,2,2021-04-29,False,2021-04-30T00:00:00Z,-04:00,-05:00,US/Central,OFF,OK,/video/stl-min-324183836,19,Blues,St. Louis,de St. Louis,STL,5,30,Wild,Minnesota,du Minnesota,MIN,4,4,OT,3,OT,8478024,8475158.0,,,,,,,,,,,,,,,,,STL
2020020787,20202021,2,2021-04-29,False,2021-04-30T00:00:00Z,-04:00,-05:00,America/Chicago,OFF,OK,/video/fla-chi-324183658,13,Panthers,Florida,de la Floride,FLA,4,16,Blackhawks,Chicago,de Chicago,CHI,3,4,OT,3,OT,8481519,8477935.0,,,,,,,,,,,,,,,,,FLA
2020020789,20202021,2,2021-04-29,False,2021-04-30T01:00:00Z,-04:00,-06:00,America/Edmonton,OFF,OK,/video/cgy-edm-324186572,20,Flames,Calgary,de Calgary,CGY,3,22,Oilers,Edmonton,d'Edmonton,EDM,1,3,REG,3,REG,8474593,8477496.0,Markström,,,,,,,,,,,,,,,,CGY
2020020791,20202021,2,2021-04-30,False,2021-04-30T23:00:00Z,-04:00,-04:00,America/Montreal,OFF,OK,/video/wpg-mtl-324209632,52,Jets,Winnipeg,de Winnipeg,WPG,3,8,Canadiens,Montréal,de Montréal,MTL,5,3,REG,3,REG,8474596,8480018.0,,,,,,,,,,,,,,,,,MTL
2020020793,20202021,2,2021-04-30,False,2021-05-01T01:00:00Z,-04:00,-06:00,America/Denver,OFF,OK,/video/sjs-col-324213038,28,Sharks,San Jose,de San Jose,SJS,0,21,Avalanche,Colorado,du Colorado,COL,3,3,REG,3,REG,8475831,8476455.0,,,,,,,,,,,,,,,,,COL
2020020795,20202021,2,2021-04-30,False,2021-05-01T02:00:00Z,-04:00,-07:00,America/Los_Angeles,OFF,OK,/video/lak-ana-324216554,26,Kings,Los Angeles,de Los Angeles,LAK,2,24,Ducks,Anaheim,d'Anaheim,ANA,1,3,REG,3,REG,8471734,8471685.0,,,,,,,,,,,,,,,,,LAK
2020020794,20202021,2,2021-04-30,False,2021-05-01T02:00:00Z,-04:00,-07:00,America/Phoenix,OFF,OK,/video/vgk-ari-324215886,54,Golden Knights,Vegas,de Vegas,VGK,0,53,Coyotes,Arizona,de l'Arizona,ARI,3,3,REG,3,REG,8478499,8477401.0,,,,,,,,,,,,,,,,,ARI
2020020796,20202021,2,2021-05-01,False,2021-05-01T17:00:00Z,-04:00,-04:00,US/Eastern,OFF,OK,/video/buf-bos-324228486,7,Sabres,Buffalo,de Buffalo,BUF,2,6,Bruins,Boston,de Boston,BOS,6,3,REG,3,REG,8480280,8470638.0,,,,,,,,,,,,,,,,,BOS
2020020801,20202021,2,2021-05-01,False,2021-05-01T19:00:00Z,-04:00,-04:00,America/Detroit,OFF,OK,/video/tbl-det-324230292,14,Lightning,Tampa Bay,de Tampa Bay,TBL,0,17,Red Wings,Detroit,de Detroit,DET,1,5,SO,3,SO,8471306,,,,,,,,,,,,,,,,,,DET
2020020800,20202021,2,2021-05-01,False,2021-05-01T23:00:00Z,-04:00,-04:00,US/Eastern,OFF,OK,/video/cbj-car-324244790,29,Blue Jackets,Columbus,de Columbus,CBJ,1,12,Hurricanes,Carolina,de la Caroline,CAR,2,4,OT,3,OT,8477968,8476462.0,,,,,,,,,,,,,,,,,CAR
2020020806,20202021,2,2021-05-01,False,2021-05-01T23:00:00Z,-04:00,-04:00,America/Toronto,OFF,OK,/video/van-tor-324244174,23,Canucks,Vancouver,de Vancouver,VAN,1,10,Maple Leafs,Toronto,de Toronto,TOR,5,3,REG,3,REG,8475789,8479318.0,,,,,,,,,,,,,,,,,TOR
2020020798,20202021,2,2021-05-01,False,2021-05-01T23:00:00Z,-04:00,-04:00,US/Eastern,OFF,OK,,1,Devils,New Jersey,du New Jersey,NJD,4,4,Flyers,Philadelphia,de Philadelphie,PHI,1,3,REG,3,REG,8478406,8479511.0,,,,,,,,,,,,,,,,,NJD
2020020805,20202021,2,2021-05-01,False,2021-05-01T23:00:00Z,-04:00,-04:00,America/Montreal,OFF,OK,/video/ott-mtl-324246824,9,Senators,Ottawa,d'Ottawa,OTT,2,8,Canadiens,Montréal,de Montréal,MTL,3,4,OT,3,OT,8480051,8481540.0,,,,,,,,,,,,,,,,Sénateurs,MTL
2020020797,20202021,2,2021-05-01,False,2021-05-01T23:00:00Z,-04:00,-04:00,America/New_York,OFF,OK,/video/nyr-nyi-324246906,3,Rangers,New York,de New York,NYR,0,2,Islanders,New York,de New York,NYI,3,3,REG,3,REG,8473575,8478463.0,,,,,,,,,,,,,,,,,NYI
2020020799,20202021,2,2021-05-01,False,2021-05-01T23:00:00Z,-04:00,-04:00,US/Eastern,OFF,OK,/video/pit-wsh-324243762,5,Penguins,Pittsburgh,de Pittsburgh,PIT,3,15,Capitals,Washington,de Washington,WSH,0,3,REG,3,REG,8477465,8475810.0,,,,,,,,,,,,,,,,,PIT
2020020207,20202021,2,2021-05-01,False,2021-05-02T00:00:00Z,-04:00,-05:00,US/Central,OFF,OK,/video/stl-min-324254508,19,Blues,St. Louis,de St. Louis,STL,3,30,Wild,Minnesota,du Minnesota,MIN,4,4,OT,3,OT,8478039,8477942.0,Kähkönen,,,,,,,,,,,,,,,,MIN
2020020804,20202021,2,2021-05-01,False,2021-05-02T00:00:00Z,-04:00,-05:00,US/Central,OFF,OK,/video/dal-nsh-324254338,25,Stars,Dallas,de Dallas,DAL,0,18,Predators,Nashville,de Nashville,NSH,1,4,OT,3,OT,8477424,8475287.0,,,,,,,,,,,,,,,,,NSH
2020020802,20202021,2,2021-05-01,False,2021-05-02T00:00:00Z,-04:00,-05:00,America/Chicago,OFF,OK,/video/fla-chi-324253862,13,Panthers,Florida,de la Floride,FLA,5,16,Blackhawks,Chicago,de Chicago,CHI,4,3,REG,3,REG,8475683,8480015.0,,,,,,,,,,,,,,,,,FLA
2020020808,20202021,2,2021-05-01,False,2021-05-02T00:00:00Z,-04:00,-06:00,America/Denver,OFF,OK,/video/sjs-col-324257352,28,Sharks,San Jose,de San Jose,SJS,3,21,Avalanche,Colorado,du Colorado,COL,4,3,REG,3,REG,8471227,8478420.0,,,,,,,,,,,,,,,,,COL
2020020809,20202021,2,2021-05-01,False,2021-05-02T02:00:00Z,-04:00,-07:00,America/Phoenix,OFF,OK,/video/vgk-ari-324263802,54,Golden Knights,Vegas,de Vegas,VGK,3,53,Coyotes,Arizona,de l'Arizona,ARI,2,4,OT,3,OT,8470594,8476539.0,,,,,,,,,,,,,,,,,VGK
2020020810,20202021,2,2021-05-01,False,2021-05-02T02:00:00Z,-04:00,-07:00,America/Los_Angeles,OFF,OK,/video/lak-ana-324264396,26,Kings,Los Angeles,de Los Angeles,LAK,2,24,Ducks,Anaheim,d'Anaheim,ANA,6,3,REG,3,REG,8468011,8475235.0,,,,,,,,,,,,,,,,,ANA
2020020807,20202021,2,2021-05-01,False,2021-05-02T02:00:00Z,-04:00,-06:00,America/Edmonton,OFF,OK,/video/cgy-edm-324263894,20,Flames,Calgary,de Calgary,CGY,1,22,Oilers,Edmonton,d'Edmonton,EDM,4,3,REG,3,REG,8469608,8478451.0,,,,,,,,,,,,,,,,,EDM
2020020811,20202021,2,2021-05-02,False,2021-05-02T19:00:00Z,-04:00,-04:00,America/Detroit,OFF,OK,/video/tbl-det-324274884,14,Lightning,Tampa Bay,de Tampa Bay,TBL,2,17,Red Wings,Detroit,de Detroit,DET,1,3,REG,3,REG,8476444,8479410.0,,,,,,,,,,,,,,,,,TBL
2020020813,20202021,2,2021-05-03,False,2021-05-03T23:00:00Z,-04:00,-04:00,US/Eastern,OFF,OK,/video/bos-njd-324314906,6,Bruins,Boston,de Boston,BOS,3,1,Devils,New Jersey,du New Jersey,NJD,0,3,REG,3,REG,8471695,8477941.0,,,,,,,,,,,,,,,,,BOS
2020020812,20202021,2,2021-05-03,False,2021-05-03T23:00:00Z,-04:00,-04:00,America/New_York,OFF,OK,/video/nyi-buf-324314284,2,Islanders,New York,de New York,NYI,2,7,Sabres,Buffalo,de Buffalo,BUF,4,3,REG,3,REG,8475920,8477933.0,,,,,,,,,,,,,,,,,BUF
2020020815,20202021,2,2021-05-03,False,2021-05-03T23:00:00Z,-04:00,-04:00,US/Eastern,OFF,OK,/video/pit-phi-324314412,5,Penguins,Pittsburgh,de Pittsburgh,PIT,2,4,Flyers,Philadelphia,de Philadelphie,PHI,7,3,REG,3,REG,8479312,8473512.0,,,,,,,,,,,,,,,,,PHI
2020020819,20202021,2,2021-05-03,False,2021-05-03T23:00:00Z,-04:00,-04:00,America/Montreal,OFF,OK,/video/tor-mtl-324314542,10,Maple Leafs,Toronto,de Toronto,TOR,2,8,Canadiens,Montréal,de Montréal,MTL,3,4,OT,3,OT,8474596,8481540.0,,,,,,,,,,,,,,,,,MTL
2020020814,20202021,2,2021-05-03,False,2021-05-03T23:00:00Z,-04:00,-04:00,America/New_York,OFF,OK,/video/wsh-nyr-324315890,15,Capitals,Washington,de Washington,WSH,6,3,Rangers,New York,de New York,NYR,3,3,REG,3,REG,8477970,8478466.0,,,,,,,,,,,,,,,,,WSH
2020020816,20202021,2,2021-05-03,False,2021-05-03T23:00:00Z,-04:00,-04:00,US/Eastern,OFF,OK,/video/chi-car-324312348,16,Blackhawks,Chicago,de Chicago,CHI,2,12,Hurricanes,Carolina,de la Caroline,CAR,5,3,REG,3,REG,8477968,8478427.0,,,,,,,,,,,,,,,,,CAR
2020020020,20202021,2,2021-05-03,False,2021-05-03T23:00:00Z,-04:00,-04:00,US/Eastern,OFF,OK,/video/dal-fla-324315070,25,Stars,Dallas,de Dallas,DAL,4,13,Panthers,Florida,de la Floride,FLA,5,4,OT,3,OT,8481519,8477493.0,,,,,,,,,,,,,,,,,FLA
2020020820,20202021,2,2021-05-03,False,2021-05-03T23:00:00Z,-04:00,-04:00,US/Eastern,OFF,OK,/video/wpg-ott-324310626,52,Jets,Winnipeg,de Winnipeg,WPG,1,9,Senators,Ottawa,d'Ottawa,OTT,2,3,REG,3,REG,8479406,8479458.0,,,,,,,,,,,,,,,Sénateurs,,OTT
2020020817,20202021,2,2021-05-03,False,2021-05-03T23:00:00Z,-04:00,-04:00,US/Eastern,OFF,OK,/video/nsh-cbj-324314082,18,Predators,Nashville,de Nashville,NSH,4,29,Blue Jackets,Columbus,de Columbus,CBJ,3,4,OT,3,OT,8477424,8474600.0,,,,,,,,,,,,,,,,,NSH
2020020821,20202021,2,2021-05-03,False,2021-05-04T00:00:00Z,-04:00,-05:00,US/Central,OFF,OK,/video/vgk-min-324323816,54,Golden Knights,Vegas,de Vegas,VGK,5,30,Wild,Minnesota,du Minnesota,MIN,6,3,REG,3,REG,8475660,8476463.0,,,,,,,,,,,,,,,,,MIN
2020020818,20202021,2,2021-05-03,False,2021-05-04T00:00:00Z,-04:00,-05:00,US/Central,OFF,OK,/video/ana-stl-324321438,24,Ducks,Anaheim,d'Anaheim,ANA,1,19,Blues,St. Louis,de St. Louis,STL,3,3,REG,3,REG,8476412,8474145.0,,,,,,,,,,,,,,,,,STL
2020020822,20202021,2,2021-05-03,False,2021-05-04T02:00:00Z,-04:00,-07:00,America/Phoenix,OFF,OK,/video/lak-ari-324329820,26,Kings,Los Angeles,de Los Angeles,LAK,3,53,Coyotes,Arizona,de l'Arizona,ARI,2,3,REG,3,REG,8471734,8480113.0,,,,,,,,,,,,,,,,,LAK
2020020829,20202021,2,2021-05-03,False,2021-05-04T02:00:00Z,-04:00,-07:00,America/Vancouver,OFF,OK,/video/edm-van-324328980,22,Oilers,Edmonton,d'Edmonton,EDM,5,23,Canucks,Vancouver,de Vancouver,VAN,3,3,REG,3,REG,8475156,8480946.0,,,,,,,,,,,,,,,,,EDM
2020020823,20202021,2,2021-05-03,False,2021-05-04T02:30:00Z,-04:00,-07:00,US/Pacific,OFF,OK,/video/col-sjs-324332426,21,Avalanche,Colorado,du Colorado,COL,5,28,Sharks,San Jose,de San Jose,SJS,4,4,OT,3,OT,8475831,8477444.0,,,,,,,,,,,,,,,,,COL
2020020827,20202021,2,2021-05-04,False,2021-05-04T23:00:00Z,-04:00,-04:00,US/Eastern,OFF,OK,/video/chi-car-324357678,16,Blackhawks,Chicago,de Chicago,CHI,3,12,Hurricanes,Carolina,de la Caroline,CAR,6,3,REG,3,REG,8475852,8476882.0,,,,,,,,,,,,,,,,,CAR
2020020824,20202021,2,2021-05-04,False,2021-05-04T23:00:00Z,-04:00,-04:00,America/New_York,OFF,OK,/video/nyi-buf-324357722,2,Islanders,New York,de New York,NYI,3,7,Sabres,Buffalo,de Buffalo,BUF,4,5,SO,3,SO,8475920,,,,,,,,,,,,,,,,,,BUF
2020020825,20202021,2,2021-05-04,False,2021-05-04T23:00:00Z,-04:00,-04:00,US/Eastern,OFF,OK,/video/bos-njd-324358748,6,Bruins,Boston,de Boston,BOS,3,1,Devils,New Jersey,du New Jersey,NJD,4,4,OT,3,OT,8478406,8478401.0,,,,,,,,,,,,,,,,,NJD
2020020826,20202021,2,2021-05-04,False,2021-05-04T23:00:00Z,-04:00,-04:00,US/Eastern,OFF,OK,/video/pit-phi-324360328,5,Penguins,Pittsburgh,de Pittsburgh,PIT,7,4,Flyers,Philadelphia,de Philadelphie,PHI,3,3,REG,3,REG,8477465,8475722.0,,,,,,,,,,,,,,,,,PIT
2020020844,20202021,2,2021-05-04,False,2021-05-05T02:00:00Z,-04:00,-07:00,America/Vancouver,OFF,OK,/video/edm-van-324364478,22,Oilers,Edmonton,d'Edmonton,EDM,4,23,Canucks,Vancouver,de Vancouver,VAN,1,3,REG,3,REG,8469608,8477934.0,,,,,,,,,,,,,,,,,EDM
2020020033,20202021,2,2021-05-05,False,2021-05-05T23:00:00Z,-04:00,-04:00,US/Eastern,OFF,OK,/video/dal-tbl-324388048,25,Stars,Dallas,de Dallas,DAL,2,14,Lightning,Tampa Bay,de Tampa Bay,TBL,6,3,REG,3,REG,8476883,8478010.0,,,,,,,,,,,,,,,,,TBL
2020020830,20202021,2,2021-05-05,False,2021-05-05T23:00:00Z,-04:00,-04:00,America/New_York,OFF,OK,/video/wsh-nyr-324390128,15,Capitals,Washington,de Washington,WSH,4,3,Rangers,New York,de New York,NYR,2,3,REG,3,REG,8477970,8475343.0,,,,,,,,,,,,,,,,,WSH
2020020564,20202021,2,2021-05-05,False,2021-05-05T23:00:00Z,-04:00,-04:00,US/Eastern,OFF,OK,/video/mtl-ott-324388270,8,Canadiens,Montréal,de Montréal,MTL,1,9,Senators,Ottawa,d'Ottawa,OTT,5,3,REG,3,REG,8476341,8480801.0,,,,,,,,,,,,,,,Sénateurs,,OTT
2020020831,20202021,2,2021-05-05,False,2021-05-05T23:00:00Z,-04:00,-04:00,US/Eastern,OFF,OK,/video/nsh-cbj-324388160,18,Predators,Nashville,de Nashville,NSH,2,29,Blue Jackets,Columbus,de Columbus,CBJ,4,3,REG,3,REG,8478007,8476888.0,,,,,,,,,,,,,,,,,CBJ
2020020835,20202021,2,2021-05-05,False,2021-05-06T00:00:00Z,-04:00,-05:00,US/Central,OFF,OK,/video/vgk-min-324396282,54,Golden Knights,Vegas,de Vegas,VGK,3,30,Wild,Minnesota,du Minnesota,MIN,2,4,OT,3,OT,8470594,8474565.0,,,,,,,,,,,,,,,,,VGK
2020020832,20202021,2,2021-05-05,False,2021-05-06T00:00:00Z,-04:00,-05:00,US/Central,OFF,OK,/video/ana-stl-324395700,24,Ducks,Anaheim,d'Anaheim,ANA,3,19,Blues,St. Louis,de St. Louis,STL,2,5,SO,3,SO,8476932,,,,,,,,,,,,,,,,,,ANA
2020020837,20202021,2,2021-05-05,False,2021-05-06T01:30:00Z,-04:00,-07:00,US/Pacific,OFF,OK,/video/col-sjs-324400844,21,Avalanche,Colorado,du Colorado,COL,2,28,Sharks,San Jose,de San Jose,SJS,3,3,REG,3,REG,8480373,8474578.0,,,,,,,,,,,,,,,,,SJS
2020020834,20202021,2,2021-05-05,False,2021-05-06T01:30:00Z,-04:00,-06:00,America/Edmonton,OFF,OK,/video/wpg-cgy-324399768,52,Jets,Winnipeg,de Winnipeg,WPG,4,20,Flames,Calgary,de Calgary,CGY,0,3,REG,3,REG,8476945,8476392.0,,,,,,,,,,,,,,,,,WPG
2020020836,20202021,2,2021-05-05,False,2021-05-06T02:00:00Z,-04:00,-07:00,America/Phoenix,OFF,OK,/video/lak-ari-324402726,26,Kings,Los Angeles,de Los Angeles,LAK,4,53,Coyotes,Arizona,de l'Arizona,ARI,2,3,REG,3,REG,8477361,8480014.0,,,,,,,,,,,,,,,,,LAK
2020020842,20202021,2,2021-05-06,False,2021-05-06T23:00:00Z,-04:00,-04:00,US/Eastern,OFF,OK,/video/buf-pit-324429360,7,Sabres,Buffalo,de Buffalo,BUF,4,5,Penguins,Pittsburgh,de Pittsburgh,PIT,8,3,REG,3,REG,8477465,8477955.0,,,,,,,,,,,,,,,,,PIT
2020020280,20202021,2,2021-05-06,False,2021-05-06T23:00:00Z,-04:00,-04:00,US/Eastern,OFF,OK,/video/chi-car-324430532,16,Blackhawks,Chicago,de Chicago,CHI,2,12,Hurricanes,Carolina,de la Caroline,CAR,1,4,OT,3,OT,8480420,8479337.0,,,,,,,,,,,,,,,,,CHI
2020020839,20202021,2,2021-05-06,False,2021-05-06T23:00:00Z,-04:00,-04:00,America/New_York,OFF,OK,/video/njd-nyi-324428222,1,Devils,New Jersey,du New Jersey,NJD,2,2,Islanders,New York,de New York,NYI,1,3,REG,3,REG,8478406,8479415.0,,,,,,,,,,,,,,,,,NJD
2020020838,20202021,2,2021-05-06,False,2021-05-06T23:00:00Z,-04:00,-04:00,US/Eastern,OFF,OK,/video/nyr-bos-324428030,3,Rangers,New York,de New York,NYR,0,6,Bruins,Boston,de Boston,BOS,4,3,REG,3,REG,8480280,8470638.0,,,,,,,,,,,,,,,,,BOS
2020020847,20202021,2,2021-05-06,False,2021-05-06T23:00:00Z,-04:00,-04:00,America/Toronto,OFF,OK,/video/mtl-tor-324428572,8,Canadiens,Montréal,de Montréal,MTL,2,10,Maple Leafs,Toronto,de Toronto,TOR,5,3,REG,3,REG,8475789,8478115.0,,,,,,,,,,,,,,,,,TOR
2020020593,20202021,2,2021-05-06,False,2021-05-07T01:00:00Z,-04:00,-06:00,America/Edmonton,OFF,OK,/video/van-edm-324436112,23,Canucks,Vancouver,de Vancouver,VAN,6,22,Oilers,Edmonton,d'Edmonton,EDM,3,3,REG,3,REG,8477967,8477963.0,,,,,,,,,,,,,,,,,VAN
2020020845,20202021,2,2021-05-07,False,2021-05-07T23:00:00Z,-04:00,-04:00,US/Eastern,OFF,OK,/video/det-cbj-324461578,17,Red Wings,Detroit,de Detroit,DET,5,29,Blue Jackets,Columbus,de Columbus,CBJ,2,3,REG,3,REG,8471306,8477944.0,,,,,,,,,,,,,,,,,DET
2020020840,20202021,2,2021-05-07,False,2021-05-07T23:00:00Z,-04:00,-04:00,US/Eastern,OFF,OK,,4,Flyers,Philadelphia,de Philadelphie,PHI,4,15,Capitals,Washington,de Washington,WSH,2,3,REG,3,REG,8470880,8479322.0,,,,,,,,,,,,,,,,,PHI
2020020048,20202021,2,2021-05-07,False,2021-05-07T23:00:00Z,-04:00,-04:00,US/Eastern,OFF,OK,/video/dal-tbl-324463230,25,Stars,Dallas,de Dallas,DAL,5,14,Lightning,Tampa Bay,de Tampa Bay,TBL,2,3,REG,3,REG,8471418,8470794.0,,,,,,,,,,,,,,,,,DAL
2020020850,20202021,2,2021-05-07,False,2021-05-08T00:00:00Z,-04:00,-05:00,US/Central,OFF,OK,/video/ana-min-324466554,24,Ducks,Anaheim,d'Anaheim,ANA,3,30,Wild,Minnesota,du Minnesota,MIN,4,4,OT,3,OT,8478039,8478864.0,Kähkönen,,,,,,,,,,,,,,,,MIN
2020020851,20202021,2,2021-05-07,False,2021-05-08T02:00:00Z,-04:00,-07:00,US/Pacific,OFF,OK,/video/stl-vgk-324470468,19,Blues,St. Louis,de St. Louis,STL,3,54,Golden Knights,Vegas,de Vegas,VGK,4,4,OT,3,OT,8475215,8476539.0,,,,,,,,,,,,,,,,,VGK
2020020852,20202021,2,2021-05-07,False,2021-05-08T02:00:00Z,-04:00,-07:00,America/Los_Angeles,OFF,OK,/video/col-lak-324470294,21,Avalanche,Colorado,du Colorado,COL,3,26,Kings,Los Angeles,de Los Angeles,LAK,2,3,REG,3,REG,8475831,8480069.0,,,,,,,,,,,,,,,,,COL
2020020853,20202021,2,2021-05-07,False,2021-05-08T02:30:00Z,-04:00,-07:00,US/Pacific,OFF,OK,/video/ari-sjs-324471070,53,Coyotes,Arizona,de l'Arizona,ARI,5,28,Sharks,San Jose,de San Jose,SJS,2,3,REG,3,REG,8475311,8473548.0,,,,,,,,,,,,,,,,,ARI
2020020854,20202021,2,2021-05-08,False,2021-05-08T19:00:00Z,-04:00,-04:00,US/Eastern,OFF,OK,/video/nyr-bos-324486460,3,Rangers,New York,de New York,NYR,5,6,Bruins,Boston,de Boston,BOS,4,3,REG,3,REG,8478048,8476459.0,,,,,,,,,,,,,,,,,NYR
2020020858,20202021,2,2021-05-08,False,2021-05-08T19:00:00Z,-04:00,-04:00,US/Eastern,OFF,OK,/video/buf-pit-324487030,7,Sabres,Buffalo,de Buffalo,BUF,0,5,Penguins,Pittsburgh,de Pittsburgh,PIT,1,3,REG,3,REG,8476509,8470604.0,Legace,,,,,,,,,,,,,Legace,,,PIT
2020020856,20202021,2,2021-05-08,False,2021-05-08T23:00:00Z,-04:00,-04:00,US/Eastern,OFF,OK,,4,Flyers,Philadelphia,de Philadelphie,PHI,1,15,Capitals,Washington,de Washington,WSH,2,4,OT,3,OT,8467950,8477839.0,,,,,,,,,,,,,,,,,WSH
2020020859,20202021,2,2021-05-08,False,2021-05-08T23:00:00Z,-04:00,-04:00,US/Eastern,OFF,OK,/video/det-cbj-324503558,17,Red Wings,Detroit,de Detroit,DET,4,29,Blue Jackets,Columbus,de Columbus,CBJ,5,4,OT,3,OT,8480162,8477503.0,,,,,,,,,,,,,,,,,CBJ
2020020862,20202021,2,2021-05-08,False,2021-05-08T23:00:00Z,-04:00,-04:00,America/Toronto,OFF,OK,/video/mtl-tor-324503848,8,Canadiens,Montréal,de Montréal,MTL,2,10,Maple Leafs,Toronto,de Toronto,TOR,3,3,REG,3,REG,8475789,8478483.0,,,,,,,,,,,,,,,,,TOR
2020020855,20202021,2,2021-05-08,False,2021-05-08T23:00:00Z,-04:00,-04:00,America/New_York,OFF,OK,/video/njd-nyi-324498228,1,Devils,New Jersey,du New Jersey,NJD,1,2,Islanders,New York,de New York,NYI,5,3,REG,3,REG,8478009,8475754.0,,,,,,,,,,,,,,,,,NYI
2020020863,20202021,2,2021-05-08,False,2021-05-08T23:00:00Z,-04:00,-05:00,America/Winnipeg,OFF,OK,/video/ott-wpg-324499886,9,Senators,Ottawa,d'Ottawa,OTT,4,52,Jets,Winnipeg,de Winnipeg,WPG,2,3,REG,3,REG,8479406,8482116.0,,,,,,,,,,,,,,,,Sénateurs,OTT
2020020857,20202021,2,2021-05-08,False,2021-05-08T23:00:00Z,-04:00,-04:00,US/Eastern,OFF,OK,/video/tbl-fla-324500556,14,Lightning,Tampa Bay,de Tampa Bay,TBL,1,13,Panthers,Florida,de la Floride,FLA,5,3,REG,3,REG,8475683,8477935.0,,,,,,,,,,,,,,,,,FLA
2020020865,20202021,2,2021-05-08,False,2021-05-09T00:00:00Z,-04:00,-05:00,US/Central,OFF,OK,/video/ana-min-324510030,24,Ducks,Anaheim,d'Anaheim,ANA,3,30,Wild,Minnesota,du Minnesota,MIN,4,4,OT,3,OT,8475660,8476437.0,,,,,,,,,,,,,,,,,MIN
2020020861,20202021,2,2021-05-08,False,2021-05-09T00:00:00Z,-04:00,-05:00,US/Central,OFF,OK,/video/car-nsh-324508164,12,Hurricanes,Carolina,de la Caroline,CAR,1,18,Predators,Nashville,de Nashville,NSH,3,3,REG,3,REG,8477424,8479316.0,,,,,,,,,,,,,,,,,NSH
2020020866,20202021,2,2021-05-08,False,2021-05-09T02:00:00Z,-04:00,-07:00,US/Pacific,OFF,OK,/video/stl-vgk-324518248,19,Blues,St. Louis,de St. Louis,STL,1,54,Golden Knights,Vegas,de Vegas,VGK,4,3,REG,3,REG,8470594,8476905.0,,,,,,,,,,,,,,,,,VGK
2020020662,20202021,2,2021-05-08,False,2021-05-09T02:00:00Z,-04:00,-06:00,America/Edmonton,OFF,OK,/video/van-edm-324515804,23,Canucks,Vancouver,de Vancouver,VAN,3,22,Oilers,Edmonton,d'Edmonton,EDM,4,3,REG,3,REG,8469608,8477934.0,,,,,,,,,,,,,,,,,EDM
2020020867,20202021,2,2021-05-08,False,2021-05-09T02:00:00Z,-04:00,-07:00,America/Los_Angeles,OFF,OK,/video/col-lak-324516858,21,Avalanche,Colorado,du Colorado,COL,3,26,Kings,Los Angeles,de Los Angeles,LAK,2,3,REG,3,REG,8477992,8478038.0,,,,,,,,,,,,,,,,,COL
2020020868,20202021,2,2021-05-08,False,2021-05-09T02:30:00Z,-04:00,-07:00,US/Pacific,OFF,OK,/video/ari-sjs-324520608,53,Coyotes,Arizona,de l'Arizona,ARI,5,28,Sharks,San Jose,de San Jose,SJS,4,4,OT,3,OT,8478499,8473548.0,,,,,,,,,,,,,,,,,ARI
2020020843,20202021,2,2021-05-09,False,2021-05-09T23:00:00Z,-04:00,-05:00,America/Chicago,OFF,OK,/video/dal-chi-324533604,25,Stars,Dallas,de Dallas,DAL,2,16,Blackhawks,Chicago,de Chicago,CHI,4,3,REG,3,REG,8480947,8479337.0,,,,,,,,,,,,,,,,,CHI
2020020720,20202021,2,2021-05-09,False,2021-05-10T00:00:00Z,-04:00,-06:00,America/Edmonton,OFF,OK,/video/ott-cgy-324535342,9,Senators,Ottawa,d'Ottawa,OTT,1,20,Flames,Calgary,de Calgary,CGY,6,3,REG,3,REG,8474593,8474150.0,Markström,,,,,,,,,,,,,,,Sénateurs,CGY
2020020529,20202021,2,2021-05-10,False,2021-05-10T23:00:00Z,-04:00,-04:00,US/Eastern,OFF,OK,/video/nyi-bos-324571078,2,Islanders,New York,de New York,NYI,2,6,Bruins,Boston,de Boston,BOS,3,4,OT,3,OT,8471695,8475791.0,,,,,,,,,,,,,,,,,BOS
2020020841,20202021,2,2021-05-10,False,2021-05-10T23:00:00Z,-04:00,-04:00,US/Eastern,OFF,OK,/video/tbl-fla-324569920,14,Lightning,Tampa Bay,de Tampa Bay,TBL,0,13,Panthers,Florida,de la Floride,FLA,4,3,REG,3,REG,8476904,8477346.0,,,,,,,,,,,,,,,,,FLA
2020020231,20202021,2,2021-05-10,False,2021-05-10T23:00:00Z,-04:00,-04:00,US/Eastern,OFF,OK,,1,Devils,New Jersey,du New Jersey,NJD,2,4,Flyers,Philadelphia,de Philadelphie,PHI,4,3,REG,3,REG,8470880,8474037.0,,,,,,,,,,,,,,,,,PHI
2020020510,20202021,2,2021-05-10,False,2021-05-10T23:00:00Z,-04:00,-04:00,America/Montreal,OFF,OK,/video/edm-mtl-324572064,22,Oilers,Edmonton,d'Edmonton,EDM,4,8,Canadiens,Montréal,de Montréal,MTL,3,4,OT,3,OT,8475156,8478402.0,,,,,,,,,,,,,,,,,EDM
2020020860,20202021,2,2021-05-10,False,2021-05-11T00:00:00Z,-04:00,-05:00,America/Chicago,OFF,OK,/video/dal-chi-324577346,25,Stars,Dallas,de Dallas,DAL,5,16,Blackhawks,Chicago,de Chicago,CHI,4,4,OT,3,OT,8479979,8480027.0,,,,,,,,,,,,,,,,,DAL
2020020846,20202021,2,2021-05-10,False,2021-05-11T00:00:00Z,-04:00,-05:00,US/Central,OFF,OK,/video/car-nsh-324576952,12,Hurricanes,Carolina,de la Caroline,CAR,0,18,Predators,Nashville,de Nashville,NSH,5,3,REG,3,REG,8471469,8476428.0,,,,,,,,,,,,,,,,,NSH
2020020602,20202021,2,2021-05-10,False,2021-05-11T00:00:00Z,-04:00,-05:00,America/Winnipeg,OFF,OK,/video/van-wpg-324576536,23,Canucks,Vancouver,de Vancouver,VAN,3,52,Jets,Winnipeg,de Winnipeg,WPG,1,3,REG,3,REG,8477967,8477500.0,,,,,,,,,,,,,,,,,VAN
2020020764,20202021,2,2021-05-10,False,2021-05-11T02:00:00Z,-04:00,-07:00,US/Pacific,OFF,OK,/video/col-vgk-324585308,21,Avalanche,Colorado,du Colorado,COL,2,54,Golden Knights,Vegas,de Vegas,VGK,1,3,REG,3,REG,8475831,8477456.0,,,,,,,,,,,,,,,,,COL
2020020456,20202021,2,2021-05-10,False,2021-05-11T02:00:00Z,-04:00,-07:00,America/Los_Angeles,OFF,OK,/video/stl-lak-324585756,19,Blues,St. Louis,de St. Louis,STL,2,26,Kings,Los Angeles,de Los Angeles,LAK,1,4,OT,3,OT,8476412,8475753.0,,,,,,,,,,,,,,,,,STL
2020020653,20202021,2,2021-05-11,False,2021-05-11T23:00:00Z,-04:00,-04:00,US/Eastern,OFF,OK,/video/bos-wsh-324610454,6,Bruins,Boston,de Boston,BOS,1,15,Capitals,Washington,de Washington,WSH,2,3,REG,3,REG,8477970,8477290.0,,,,,,,,,,,,,,,,,WSH
2020020619,20202021,2,2021-05-11,False,2021-05-12T00:00:00Z,-04:00,-05:00,America/Winnipeg,OFF,OK,/video/van-wpg-324611174,23,Canucks,Vancouver,de Vancouver,VAN,0,52,Jets,Winnipeg,de Winnipeg,WPG,5,3,REG,3,REG,8476945,8478398.0,,,,,,,,,,,,,,,,,WPG
2020020526,20202021,2,2021-05-12,False,2021-05-12T21:00:00Z,-04:00,-04:00,America/Montreal,OFF,OK,/video/edm-mtl-324644790,22,Oilers,Edmonton,d'Edmonton,EDM,4,8,Canadiens,Montréal,de Montréal,MTL,3,4,OT,3,OT,8469608,8480946.0,,,,,,,,,,,,,,,,,EDM
2020020833,20202021,2,2021-05-12,False,2021-05-13T00:00:00Z,-04:00,-04:00,US/Eastern,OFF,OK,/video/tor-ott-324651922,10,Maple Leafs,Toronto,de Toronto,TOR,3,9,Senators,Ottawa,d'Ottawa,OTT,4,4,OT,3,OT,8479406,8480064.0,,,,,,,,,,,,,,,Sénateurs,,OTT
2020020688,20202021,2,2021-05-12,False,2021-05-13T01:00:00Z,-04:00,-06:00,America/Denver,OFF,OK,/video/lak-col-324655640,26,Kings,Los Angeles,de Los Angeles,LAK,0,21,Avalanche,Colorado,du Colorado,COL,6,3,REG,3,REG,8475831,8475820.0,,,,,,,,,,,,,,,,,COL
2020020162,20202021,2,2021-05-12,False,2021-05-13T01:00:00Z,-04:00,-07:00,US/Pacific,OFF,OK,/video/vgk-sjs-324654268,54,Golden Knights,Vegas,de Vegas,VGK,6,28,Sharks,San Jose,de San Jose,SJS,0,3,REG,3,REG,8470594,8474565.0,,,,,,,,,,,,,,,,,VGK
2020020790,20202021,2,2021-05-12,False,2021-05-13T01:00:00Z,-04:00,-05:00,US/Central,OFF,OK,/video/min-stl-324655136,30,Wild,Minnesota,du Minnesota,MIN,0,19,Blues,St. Louis,de St. Louis,STL,4,3,REG,3,REG,8478024,8477964.0,,,,,,,,,,,,,,,,,STL
2020020803,20202021,2,2021-05-13,False,2021-05-14T00:00:00Z,-04:00,-05:00,US/Central,OFF,OK,/video/min-stl-324698572,30,Wild,Minnesota,du Minnesota,MIN,3,19,Blues,St. Louis,de St. Louis,STL,7,3,REG,3,REG,8476412,8475170.0,,,,,,,,,,,,,,,,,STL
2020020647,20202021,2,2021-05-13,False,2021-05-14T01:00:00Z,-04:00,-06:00,America/Edmonton,OFF,OK,/video/van-cgy-324700524,23,Canucks,Vancouver,de Vancouver,VAN,1,20,Flames,Calgary,de Calgary,CGY,4,3,REG,3,REG,8474593,8478233.0,Markström,,,,,,,,,,,,,,,,CGY
2020020704,20202021,2,2021-05-13,False,2021-05-14T01:00:00Z,-04:00,-06:00,America/Denver,OFF,OK,/video/lak-col-324702014,26,Kings,Los Angeles,de Los Angeles,LAK,1,21,Avalanche,Colorado,du Colorado,COL,5,3,REG,3,REG,8477992,8479370.0,,,,,,,,,,,,,,,,,COL
2020020741,20202021,2,2021-05-14,False,2021-05-15T00:00:00Z,-04:00,-05:00,America/Winnipeg,OFF,OK,/video/tor-wpg-324724942,10,Maple Leafs,Toronto,de Toronto,TOR,2,52,Jets,Winnipeg,de Winnipeg,WPG,4,3,REG,3,REG,8476945,8478398.0,,,,,,,,,,,,,,,,,WPG
2020020673,20202021,2,2021-05-15,False,2021-05-15T19:30:00Z,-04:00,-06:00,America/Edmonton,OFF,OK,/video/van-edm-324737078,23,Canucks,Vancouver,de Vancouver,VAN,4,22,Oilers,Edmonton,d'Edmonton,EDM,1,3,REG,3,REG,8477967,8478146.0,,,,,,,,,,,,,,,,,VAN
2020030121,20202021,3,2021-05-15,False,2021-05-15T23:15:00Z,-04:00,-04:00,US/Eastern,OFF,OK,/video/first-round-gm1-bos-wsh-324742196,6,Bruins,Boston,de Boston,BOS,2,15,Capitals,Washington,de Washington,WSH,3,4,OT,3,OT,8467950,8475343.0,,,,/schedule/playoff-series/2021/series-b/capitals-vs-bruins,1.0,R1,1st Round,B,4.0,1.0,0.0,1.0,,,,,WSH
2020030111,20202021,3,2021-05-16,False,2021-05-16T16:00:00Z,-04:00,-04:00,US/Eastern,OFF,OK,/video/first-round-gm1-nyi-pit-324751520,2,Islanders,New York,de New York,NYI,4,5,Penguins,Pittsburgh,de Pittsburgh,PIT,3,4,OT,3,OT,8478009,8475151.0,,,,/schedule/playoff-series/2021/series-a/penguins-vs-islanders,1.0,R1,1st Round,A,4.0,0.0,1.0,1.0,,,,,NYI
2020030161,20202021,3,2021-05-16,False,2021-05-16T19:00:00Z,-04:00,-07:00,US/Pacific,OFF,OK,,30,Wild,Minnesota,du Minnesota,MIN,1,54,Golden Knights,Vegas,de Vegas,VGK,0,4,OT,3,OT,8475660,8478493.0,,,,/schedule/playoff-series/2021/series-f/goldenknights-vs-wild,1.0,R1,1st Round,F,4.0,0.0,1.0,1.0,,,,,MIN
2020030141,20202021,3,2021-05-16,False,2021-05-16T23:30:00Z,-04:00,-04:00,US/Eastern,OFF,OK,/video/first-round-gm1-tbl-fla-324759224,14,Lightning,Tampa Bay,de Tampa Bay,TBL,5,13,Panthers,Florida,de la Floride,FLA,4,3,REG,3,REG,8476883,8478010.0,,,,/schedule/playoff-series/2021/series-d/panthers-vs-lightning,1.0,R1,1st Round,D,4.0,0.0,1.0,1.0,,,,,TBL
2020020567,20202021,2,2021-05-16,False,2021-05-17T02:30:00Z,-04:00,-07:00,America/Vancouver,OFF,OK,/video/cgy-van-324763400,20,Flames,Calgary,de Calgary,CGY,6,23,Canucks,Vancouver,de Vancouver,VAN,5,4,OT,3,OT,8474593,8477496.0,Markström,,,,,,,,,,,,,,,,CGY
2020030122,20202021,3,2021-05-17,False,2021-05-17T23:30:00Z,-04:00,-04:00,US/Eastern,OFF,OK,/video/first-round-gm2-bos-wsh-324784120,6,Bruins,Boston,de Boston,BOS,4,15,Capitals,Washington,de Washington,WSH,3,4,OT,3,OT,8471695,8473419.0,,,,/schedule/playoff-series/2021/series-b/capitals-vs-bruins,1.0,R1,1st Round,B,4.0,1.0,1.0,2.0,,,,,BOS
2020030131,20202021,3,2021-05-17,False,2021-05-18T00:00:00Z,-04:00,-04:00,US/Eastern,OFF,OK,/video/first-round-gm1-nsh-car-324785036,18,Predators,Nashville,de Nashville,NSH,2,12,Hurricanes,Carolina,de la Caroline,CAR,5,3,REG,3,REG,8477968,8475799.0,,,,/schedule/playoff-series/2021/series-c/hurricanes-vs-predators,1.0,R1,1st Round,C,4.0,1.0,0.0,1.0,,,,,CAR
2020030151,20202021,3,2021-05-17,False,2021-05-18T02:00:00Z,-04:00,-06:00,America/Denver,OFF,OK,/video/first-round-gm1-stl-col-324789422,19,Blues,St. Louis,de St. Louis,STL,1,21,Avalanche,Colorado,du Colorado,COL,4,3,REG,3,REG,8475831,8477492.0,,,,/schedule/playoff-series/2021/series-e/avalanche-vs-blues,1.0,R1,1st Round,E,4.0,1.0,0.0,1.0,,,,,COL
2020020864,20202021,2,2021-05-18,False,2021-05-18T20:00:00Z,-04:00,-07:00,America/Vancouver,OFF,OK,/video/cgy-van-324810124,20,Flames,Calgary,de Calgary,CGY,2,23,Canucks,Vancouver,de Vancouver,VAN,4,3,REG,3,REG,8477967,8474574.0,,,,,,,,,,,,,,,,,VAN
2020030112,20202021,3,2021-05-18,False,2021-05-18T23:30:00Z,-04:00,-04:00,US/Eastern,OFF,OK,/video/first-round-gm2-nyi-pit-324814956,2,Islanders,New York,de New York,NYI,1,5,Penguins,Pittsburgh,de Pittsburgh,PIT,2,3,REG,3,REG,8477465,8470604.0,,,,/schedule/playoff-series/2021/series-a/penguins-vs-islanders,1.0,R1,1st Round,A,4.0,1.0,1.0,2.0,,,,,PIT
2020030142,20202021,3,2021-05-18,False,2021-05-19T00:00:00Z,-04:00,-04:00,US/Eastern,OFF,OK,/video/first-round-gm2-tbl-fla-324818346,14,Lightning,Tampa Bay,de Tampa Bay,TBL,3,13,Panthers,Florida,de la Floride,FLA,1,3,REG,3,REG,8476883,8476292.0,,,,/schedule/playoff-series/2021/series-d/panthers-vs-lightning,1.0,R1,1st Round,D,4.0,0.0,2.0,2.0,,,,,TBL
2020030162,20202021,3,2021-05-18,False,2021-05-19T02:00:00Z,-04:00,-07:00,US/Pacific,OFF,OK,/video/first-round-gm2-min-vgk-324821076,30,Wild,Minnesota,du Minnesota,MIN,1,54,Golden Knights,Vegas,de Vegas,VGK,3,3,REG,3,REG,8470594,8477949.0,,,,/schedule/playoff-series/2021/series-f/goldenknights-vs-wild,1.0,R1,1st Round,F,4.0,1.0,1.0,2.0,,,,,VGK
2020020634,20202021,2,2021-05-19,False,2021-05-19T19:30:00Z,-04:00,-06:00,America/Edmonton,OFF,OK,/video/van-cgy-324836238,23,Canucks,Vancouver,de Vancouver,VAN,2,20,Flames,Calgary,de Calgary,CGY,6,3,REG,3,REG,8474593,8478233.0,Markström,,,,,,,,,,,,,,,,CGY
2020030123,20202021,3,2021-05-19,False,2021-05-19T22:30:00Z,-04:00,-04:00,US/Eastern,OFF,OK,/video/first-round-gm3-wsh-bos-324843702,15,Capitals,Washington,de Washington,WSH,2,6,Bruins,Boston,de Boston,BOS,3,5,OT,3,OT,8471695,8475225.0,,,,/schedule/playoff-series/2021/series-b/bruins-vs-capitals,1.0,R1,1st Round,B,4.0,1.0,2.0,3.0,2.0,,,,BOS
2020030132,20202021,3,2021-05-19,False,2021-05-20T00:00:00Z,-04:00,-04:00,US/Eastern,OFF,OK,/video/first-round-gm2-nsh-car-324845252,18,Predators,Nashville,de Nashville,NSH,0,12,Hurricanes,Carolina,de la Caroline,CAR,3,3,REG,3,REG,8477968,8478427.0,,,,/schedule/playoff-series/2021/series-c/hurricanes-vs-predators,1.0,R1,1st Round,C,4.0,2.0,0.0,2.0,,,,,CAR
2020030181,20202021,3,2021-05-19,False,2021-05-20T01:00:00Z,-04:00,-06:00,America/Edmonton,OFF,OK,/video/first-round-gm1-wpg-edm-324848028,52,Jets,Winnipeg,de Winnipeg,WPG,4,22,Oilers,Edmonton,d'Edmonton,EDM,1,3,REG,3,REG,8476945,8476952.0,,,,/schedule/playoff-series/2021/series-h/oilers-vs-jets,1.0,R1,1st Round,H,4.0,0.0,1.0,1.0,,,,,WPG
2020030152,20202021,3,2021-05-19,False,2021-05-20T02:30:00Z,-04:00,-06:00,America/Denver,OFF,OK,/video/first-round-gm2-stl-col-324853974,19,Blues,St. Louis,de St. Louis,STL,3,21,Avalanche,Colorado,du Colorado,COL,6,3,REG,3,REG,8475831,8477492.0,,,,/schedule/playoff-series/2021/series-e/avalanche-vs-blues,1.0,R1,1st Round,E,4.0,2.0,0.0,2.0,,,,,COL
2020030143,20202021,3,2021-05-20,False,2021-05-20T22:30:00Z,-04:00,-04:00,US/Eastern,OFF,OK,/video/first-round-gm3-fla-tbl-324878290,13,Panthers,Florida,de la Floride,FLA,6,14,Lightning,Tampa Bay,de Tampa Bay,TBL,5,4,OT,3,OT,8475683,8479066.0,,,,/schedule/playoff-series/2021/series-d/lightning-vs-panthers,1.0,R1,1st Round,D,4.0,1.0,2.0,3.0,,,,,FLA
2020030113,20202021,3,2021-05-20,False,2021-05-20T23:00:00Z,-04:00,-04:00,America/New_York,OFF,OK,/video/first-round-gm3-pit-nyi-324878020,5,Penguins,Pittsburgh,de Pittsburgh,PIT,5,2,Islanders,New York,de New York,NYI,4,3,REG,3,REG,8477465,8479293.0,,,,/schedule/playoff-series/2021/series-a/islanders-vs-penguins,1.0,R1,1st Round,A,4.0,2.0,1.0,3.0,,,,,PIT
2020030171,20202021,3,2021-05-20,False,2021-05-20T23:30:00Z,-04:00,-04:00,America/Toronto,OFF,OK,/video/first-round-gm1-mtl-tor-324879082,8,Canadiens,Montréal,de Montréal,MTL,2,10,Maple Leafs,Toronto,de Toronto,TOR,1,3,REG,3,REG,8471679,8474038.0,,,,/schedule/playoff-series/2021/series-g/mapleleafs-vs-canadiens,1.0,R1,1st Round,G,4.0,0.0,1.0,1.0,,,,,MTL
2020030163,20202021,3,2021-05-20,False,2021-05-21T01:30:00Z,-04:00,-05:00,US/Central,OFF,OK,/video/first-round-gm3-vgk-min-324883832,54,Golden Knights,Vegas,de Vegas,VGK,5,30,Wild,Minnesota,du Minnesota,MIN,2,3,REG,3,REG,8470594,8475191.0,,,,/schedule/playoff-series/2021/series-f/wild-vs-goldenknights,1.0,R1,1st Round,F,4.0,2.0,1.0,3.0,,,,,VGK
2020030124,20202021,3,2021-05-21,False,2021-05-21T22:30:00Z,-04:00,-04:00,US/Eastern,OFF,OK,/video/first-round-gm4-wsh-bos-324903160,15,Capitals,Washington,de Washington,WSH,1,6,Bruins,Boston,de Boston,BOS,4,3,REG,3,REG,8471695,8477956.0,,,,/schedule/playoff-series/2021/series-b/bruins-vs-capitals,1.0,R1,1st Round,B,4.0,1.0,3.0,4.0,,,,,BOS
2020030133,20202021,3,2021-05-21,False,2021-05-21T23:00:00Z,-04:00,-05:00,US/Central,OFF,OK,/video/first-round-gm3-car-nsh-324907316,12,Hurricanes,Carolina,de la Caroline,CAR,4,18,Predators,Nashville,de Nashville,NSH,5,5,OT,3,OT,8477424,8475168.0,,,,/schedule/playoff-series/2021/series-c/predators-vs-hurricanes,1.0,R1,1st Round,C,4.0,2.0,1.0,3.0,2.0,,,,NSH
2020030182,20202021,3,2021-05-21,False,2021-05-22T01:00:00Z,-04:00,-06:00,America/Edmonton,OFF,OK,/video/first-round-gm2-wpg-edm-324909712,52,Jets,Winnipeg,de Winnipeg,WPG,1,22,Oilers,Edmonton,d'Edmonton,EDM,0,4,OT,3,OT,8476945,8471669.0,,,,/schedule/playoff-series/2021/series-h/oilers-vs-jets,1.0,R1,1st Round,H,4.0,0.0,2.0,2.0,,,,,WPG
2020030153,20202021,3,2021-05-21,False,2021-05-22T01:30:00Z,-04:00,-05:00,US/Central,OFF,OK,/video/first-round-gm3-col-stl-324910820,21,Avalanche,Colorado,du Colorado,COL,5,19,Blues,St. Louis,de St. Louis,STL,1,3,REG,3,REG,8475831,8481618.0,,,,/schedule/playoff-series/2021/series-e/blues-vs-avalanche,1.0,R1,1st Round,E,4.0,3.0,0.0,3.0,,,,,COL
2020030144,20202021,3,2021-05-22,False,2021-05-22T16:30:00Z,-04:00,-04:00,US/Eastern,OFF,OK,/video/first-round-gm4-fla-tbl-324922394,13,Panthers,Florida,de la Floride,FLA,2,14,Lightning,Tampa Bay,de Tampa Bay,TBL,6,3,REG,3,REG,8476883,8476292.0,,,,/schedule/playoff-series/2021/series-d/lightning-vs-panthers,1.0,R1,1st Round,D,4.0,1.0,3.0,4.0,,,,,TBL
2020030114,20202021,3,2021-05-22,False,2021-05-22T19:00:00Z,-04:00,-04:00,America/New_York,OFF,OK,/video/first-round-gm4-pit-nyi-324925594,5,Penguins,Pittsburgh,de Pittsburgh,PIT,1,2,Islanders,New York,de New York,NYI,4,3,REG,3,REG,8478009,8477506.0,,,,/schedule/playoff-series/2021/series-a/islanders-vs-penguins,1.0,R1,1st Round,A,4.0,2.0,2.0,4.0,,,,,NYI
2020030172,20202021,3,2021-05-22,False,2021-05-22T23:00:00Z,-04:00,-04:00,America/Toronto,OFF,OK,/video/first-round-gm2-mtl-tor-324930596,8,Canadiens,Montréal,de Montréal,MTL,1,10,Maple Leafs,Toronto,de Toronto,TOR,5,3,REG,3,REG,8475789,8479318.0,,,,/schedule/playoff-series/2021/series-g/mapleleafs-vs-canadiens,1.0,R1,1st Round,G,4.0,1.0,1.0,2.0,,,,,TOR
2020030164,20202021,3,2021-05-22,False,2021-05-23T00:00:00Z,-04:00,-05:00,US/Central,OFF,OK,/video/first-round-gm4-vgk-min-324932928,54,Golden Knights,Vegas,de Vegas,VGK,4,30,Wild,Minnesota,du Minnesota,MIN,0,3,REG,3,REG,8470594,8478462.0,,,,/schedule/playoff-series/2021/series-f/wild-vs-goldenknights,1.0,R1,1st Round,F,4.0,3.0,1.0,4.0,,,,,VGK
2020030134,20202021,3,2021-05-23,False,2021-05-23T18:30:00Z,-04:00,-05:00,US/Central,OFF,OK,/video/first-round-gm4-car-nsh-324946200,12,Hurricanes,Carolina,de la Caroline,CAR,3,18,Predators,Nashville,de Nashville,NSH,4,5,OT,3,OT,8477424,8479316.0,,,,/schedule/playoff-series/2021/series-c/predators-vs-hurricanes,1.0,R1,1st Round,C,4.0,2.0,2.0,4.0,2.0,,,,NSH
2020030154,20202021,3,2021-05-23,False,2021-05-23T21:00:00Z,-04:00,-05:00,US/Central,OFF,OK,/video/first-round-gm4-col-stl-324949154,21,Avalanche,Colorado,du Colorado,COL,5,19,Blues,St. Louis,de St. Louis,STL,2,3,REG,3,REG,8475831,8478420.0,,,,/schedule/playoff-series/2021/series-e/blues-vs-avalanche,1.0,R1,1st Round,E,4.0,4.0,0.0,4.0,,,,,COL
2020030125,20202021,3,2021-05-23,False,2021-05-23T23:00:00Z,-04:00,-04:00,US/Eastern,OFF,OK,/video/first-round-gm5-bos-wsh-324953964,6,Bruins,Boston,de Boston,BOS,3,15,Capitals,Washington,de Washington,WSH,1,3,REG,3,REG,8471695,8470638.0,,,,/schedule/playoff-series/2021/series-b/capitals-vs-bruins,1.0,R1,1st Round,B,4.0,1.0,4.0,5.0,,,,,BOS
2020030183,20202021,3,2021-05-23,False,2021-05-23T23:30:00Z,-04:00,-05:00,America/Winnipeg,OFF,OK,/video/first-round-gm3-edm-wpg-324955066,22,Oilers,Edmonton,d'Edmonton,EDM,4,52,Jets,Winnipeg,de Winnipeg,WPG,5,4,OT,3,OT,8476945,8477940.0,,,,/schedule/playoff-series/2021/series-h/jets-vs-oilers,1.0,R1,1st Round,H,4.0,0.0,3.0,3.0,,,,,WPG
2020030173,20202021,3,2021-05-24,False,2021-05-24T23:00:00Z,-04:00,-04:00,America/Montreal,OFF,OK,/video/first-round-gm3-tor-mtl-324973908,10,Maple Leafs,Toronto,de Toronto,TOR,2,8,Canadiens,Montréal,de Montréal,MTL,1,3,REG,3,REG,8475789,8476853.0,,,,/schedule/playoff-series/2021/series-g/canadiens-vs-mapleleafs,1.0,R1,1st Round,G,4.0,2.0,1.0,3.0,,,,,TOR
2020030115,20202021,3,2021-05-24,False,2021-05-24T23:00:00Z,-04:00,-04:00,US/Eastern,OFF,OK,/video/first-round-gm5-nyi-pit-324976946,2,Islanders,New York,de New York,NYI,3,5,Penguins,Pittsburgh,de Pittsburgh,PIT,2,5,OT,3,OT,8478009,8474573.0,,,,/schedule/playoff-series/2021/series-a/penguins-vs-islanders,1.0,R1,1st Round,A,4.0,2.0,3.0,5.0,2.0,,,,NYI
2020030145,20202021,3,2021-05-24,False,2021-05-25T00:00:00Z,-04:00,-04:00,US/Eastern,OFF,OK,/video/first-round-gm5-tbl-fla-324978730,14,Lightning,Tampa Bay,de Tampa Bay,TBL,1,13,Panthers,Florida,de la Floride,FLA,4,3,REG,3,REG,8481519,8478975.0,,,,/schedule/playoff-series/2021/series-d/panthers-vs-lightning,1.0,R1,1st Round,D,4.0,2.0,3.0,5.0,,,,,FLA
2020030184,20202021,3,2021-05-24,False,2021-05-25T01:45:00Z,-04:00,-05:00,America/Winnipeg,OFF,OK,/video/first-round-gm4-edm-wpg-324984456,22,Oilers,Edmonton,d'Edmonton,EDM,3,52,Jets,Winnipeg,de Winnipeg,WPG,4,6,OT,3,OT,8476945,8478398.0,,,,/schedule/playoff-series/2021/series-h/jets-vs-oilers,1.0,R1,1st Round,H,4.0,0.0,4.0,4.0,3.0,,,,WPG
2020030165,20202021,3,2021-05-24,False,2021-05-25T02:30:00Z,-04:00,-07:00,US/Pacific,OFF,OK,/video/first-round-gm5-min-vgk-324983184,30,Wild,Minnesota,du Minnesota,MIN,4,54,Golden Knights,Vegas,de Vegas,VGK,2,3,REG,3,REG,8475660,8478413.0,,,,/schedule/playoff-series/2021/series-f/goldenknights-vs-wild,1.0,R1,1st Round,F,4.0,3.0,2.0,5.0,,,,,MIN
2020030174,20202021,3,2021-05-25,False,2021-05-25T23:30:00Z,-04:00,-04:00,America/Montreal,OFF,OK,/video/first-round-gm4-tor-mtl-325001548,10,Maple Leafs,Toronto,de Toronto,TOR,4,8,Canadiens,Montréal,de Montréal,MTL,0,3,REG,3,REG,8475789,8477939.0,,,,/schedule/playoff-series/2021/series-g/canadiens-vs-mapleleafs,1.0,R1,1st Round,G,4.0,3.0,1.0,4.0,,,,,TOR
2020030135,20202021,3,2021-05-25,False,2021-05-26T00:00:00Z,-04:00,-04:00,US/Eastern,OFF,OK,/video/first-round-gm5-nsh-car-325005700,18,Predators,Nashville,de Nashville,NSH,2,12,Hurricanes,Carolina,de la Caroline,CAR,3,4,OT,3,OT,8477968,8473533.0,,,,/schedule/playoff-series/2021/series-c/hurricanes-vs-predators,1.0,R1,1st Round,C,4.0,3.0,2.0,5.0,,,,,CAR
2020030116,20202021,3,2021-05-26,False,2021-05-26T22:30:00Z,-04:00,-04:00,America/New_York,OFF,OK,/video/first-round-gm6-pit-nyi-325021556,5,Penguins,Pittsburgh,de Pittsburgh,PIT,3,2,Islanders,New York,de New York,NYI,5,3,REG,3,REG,8478009,8477506.0,,,,/schedule/playoff-series/2021/series-a/islanders-vs-penguins,1.0,R1,1st Round,A,4.0,2.0,4.0,6.0,,,,,NYI
2020030146,20202021,3,2021-05-26,False,2021-05-27T00:00:00Z,-04:00,-04:00,US/Eastern,OFF,OK,/video/first-round-gm6-fla-tbl-325025356,13,Panthers,Florida,de la Floride,FLA,0,14,Lightning,Tampa Bay,de Tampa Bay,TBL,4,3,REG,3,REG,8476883,8474034.0,,,,/schedule/playoff-series/2021/series-d/lightning-vs-panthers,1.0,R1,1st Round,D,4.0,2.0,4.0,6.0,,,,,TBL
2020030166,20202021,3,2021-05-26,False,2021-05-27T01:00:00Z,-04:00,-05:00,US/Central,OFF,OK,/video/first-round-gm6-vgk-min-325028908,54,Golden Knights,Vegas,de Vegas,VGK,0,30,Wild,Minnesota,du Minnesota,MIN,3,3,REG,3,REG,8475660,8477451.0,,,,/schedule/playoff-series/2021/series-f/wild-vs-goldenknights,1.0,R1,1st Round,F,4.0,3.0,3.0,6.0,,,,,MIN
2020030175,20202021,3,2021-05-27,False,2021-05-27T23:00:00Z,-04:00,-04:00,America/Toronto,OFF,OK,/video/first-round-gm5-mtl-tor-325043602,8,Canadiens,Montréal,de Montréal,MTL,4,10,Maple Leafs,Toronto,de Toronto,TOR,3,4,OT,3,OT,8471679,8480018.0,,,,/schedule/playoff-series/2021/series-g/mapleleafs-vs-canadiens,1.0,R1,1st Round,G,4.0,3.0,2.0,5.0,,,,,MTL
2020030136,20202021,3,2021-05-27,False,2021-05-28T01:30:00Z,-04:00,-05:00,US/Central,OFF,OK,/video/first-round-gm6-car-nsh-325049600,12,Hurricanes,Carolina,de la Caroline,CAR,4,18,Predators,Nashville,de Nashville,NSH,3,4,OT,3,OT,8477968,8478427.0,,,,/schedule/playoff-series/2021/series-c/predators-vs-hurricanes,1.0,R1,1st Round,C,4.0,4.0,2.0,6.0,,,,,CAR
2020030167,20202021,3,2021-05-28,False,2021-05-29T01:00:00Z,-04:00,-07:00,US/Pacific,OFF,OK,/video/first-round-gm7-min-vgk-325067294,30,Wild,Minnesota,du Minnesota,MIN,2,54,Golden Knights,Vegas,de Vegas,VGK,6,3,REG,3,REG,8470594,8474157.0,,,,/schedule/playoff-series/2021/series-f/goldenknights-vs-wild,1.0,R1,1st Round,F,4.0,4.0,3.0,7.0,,,,,VGK
2020030176,20202021,3,2021-05-29,False,2021-05-29T23:30:00Z,-04:00,-04:00,America/Montreal,OFF,OK,/video/first-round-gm6-tor-mtl-325079344,10,Maple Leafs,Toronto,de Toronto,TOR,2,8,Canadiens,Montréal,de Montréal,MTL,3,4,OT,3,OT,8471679,8480829.0,,,,/schedule/playoff-series/2021/series-g/canadiens-vs-mapleleafs,1.0,R1,1st Round,G,4.0,3.0,3.0,6.0,,,,,MTL
2020030211,20202021,3,2021-05-29,False,2021-05-30T00:00:00Z,-04:00,-04:00,US/Eastern,OFF,OK,/video/second-round-gm1-nyi-bos-325080624,2,Islanders,New York,de New York,NYI,2,6,Bruins,Boston,de Boston,BOS,5,3,REG,3,REG,8471695,8479325.0,,,,/schedule/playoff-series/2021/series-i/bruins-vs-islanders,2.0,R2,2nd Round,I,4.0,1.0,0.0,1.0,,,,,BOS
2020030221,20202021,3,2021-05-30,False,2021-05-30T21:00:00Z,-04:00,-04:00,US/Eastern,OFF,OK,/video/second-round-gm1-tbl-car-325089828,14,Lightning,Tampa Bay,de Tampa Bay,TBL,2,12,Hurricanes,Carolina,de la Caroline,CAR,1,3,REG,3,REG,8476883,8476624.0,,,,/schedule/playoff-series/2021/series-j/hurricanes-vs-lightning,2.0,R2,2nd Round,J,4.0,0.0,1.0,1.0,,,,,TBL
2020030231,20202021,3,2021-05-30,False,2021-05-31T00:00:00Z,-04:00,-06:00,America/Denver,OFF,OK,/video/second-round-gm1-vgk-col-325095100,54,Golden Knights,Vegas,de Vegas,VGK,1,21,Avalanche,Colorado,du Colorado,COL,7,3,REG,3,REG,8475831,8476455.0,,,,/schedule/playoff-series/2021/series-k/avalanche-vs-goldenknights,2.0,R2,2nd Round,K,4.0,1.0,0.0,1.0,,,,,COL
2020030177,20202021,3,2021-05-31,False,2021-05-31T23:00:00Z,-04:00,-04:00,America/Toronto,OFF,OK,/video/first-round-gm7-mtl-tor-325108410,8,Canadiens,Montréal,de Montréal,MTL,3,10,Maple Leafs,Toronto,de Toronto,TOR,1,3,REG,3,REG,8471679,8470621.0,,,,/schedule/playoff-series/2021/series-g/mapleleafs-vs-canadiens,1.0,R1,1st Round,G,4.0,3.0,4.0,7.0,,,,,MTL
2020030212,20202021,3,2021-05-31,False,2021-05-31T23:30:00Z,-04:00,-04:00,US/Eastern,OFF,OK,/video/second-round-gm2-nyi-bos-325113094,2,Islanders,New York,de New York,NYI,4,6,Bruins,Boston,de Boston,BOS,3,4,OT,3,OT,8473575,8475231.0,,,,/schedule/playoff-series/2021/series-i/bruins-vs-islanders,2.0,R2,2nd Round,I,4.0,1.0,1.0,2.0,,,,,NYI
2020030222,20202021,3,2021-06-01,False,2021-06-01T23:30:00Z,-04:00,-04:00,US/Eastern,OFF,OK,/video/second-round-gm2-tbl-car-325132704,14,Lightning,Tampa Bay,de Tampa Bay,TBL,2,12,Hurricanes,Carolina,de la Caroline,CAR,1,3,REG,3,REG,8476883,8478519.0,,,,/schedule/playoff-series/2021/series-j/hurricanes-vs-lightning,2.0,R2,2nd Round,J,4.0,0.0,2.0,2.0,,,,,TBL
2020030241,20202021,3,2021-06-02,False,2021-06-02T23:30:00Z,-04:00,-05:00,America/Winnipeg,OFF,OK,/video/second-round-gm1-mtl-wpg-325155088,8,Canadiens,Montréal,de Montréal,MTL,5,52,Jets,Winnipeg,de Winnipeg,WPG,3,3,REG,3,REG,8471679,8475848.0,,,,/schedule/playoff-series/2021/series-l/jets-vs-canadiens,2.0,R2,2nd Round,L,4.0,0.0,1.0,1.0,,,,,MTL
2020030232,20202021,3,2021-06-02,False,2021-06-03T02:00:00Z,-04:00,-06:00,America/Denver,OFF,OK,/video/second-round-gm2-vgk-col-325159034,54,Golden Knights,Vegas,de Vegas,VGK,2,21,Avalanche,Colorado,du Colorado,COL,3,4,OT,3,OT,8475831,8478420.0,,,,/schedule/playoff-series/2021/series-k/avalanche-vs-goldenknights,2.0,R2,2nd Round,K,4.0,2.0,0.0,2.0,,,,,COL
2020030213,20202021,3,2021-06-03,False,2021-06-03T23:30:00Z,-04:00,-04:00,America/New_York,OFF,OK,/video/second-round-gm3-bos-nyi-325173810,6,Bruins,Boston,de Boston,BOS,2,2,Islanders,New York,de New York,NYI,1,4,OT,3,OT,8471695,8473419.0,,,,/schedule/playoff-series/2021/series-i/islanders-vs-bruins,2.0,R2,2nd Round,I,4.0,2.0,1.0,3.0,,,,,BOS
2020030223,20202021,3,2021-06-03,False,2021-06-04T00:00:00Z,-04:00,-04:00,US/Eastern,OFF,OK,/video/second-round-gm3-car-tbl-325174448,12,Hurricanes,Carolina,de la Caroline,CAR,3,14,Lightning,Tampa Bay,de Tampa Bay,TBL,2,4,OT,3,OT,8475852,8473533.0,,,,/schedule/playoff-series/2021/series-j/lightning-vs-hurricanes,2.0,R2,2nd Round,J,4.0,1.0,2.0,3.0,,,,,CAR
2020030242,20202021,3,2021-06-04,False,2021-06-04T23:30:00Z,-04:00,-05:00,America/Winnipeg,OFF,OK,/video/second-round-gm2-mtl-wpg-325191210,8,Canadiens,Montréal,de Montréal,MTL,1,52,Jets,Winnipeg,de Winnipeg,WPG,0,3,REG,3,REG,8471679,8475726.0,,,,/schedule/playoff-series/2021/series-l/jets-vs-canadiens,2.0,R2,2nd Round,L,4.0,0.0,2.0,2.0,,,,,MTL
2020030233,20202021,3,2021-06-04,False,2021-06-05T02:00:00Z,-04:00,-07:00,US/Pacific,OFF,OK,/video/second-round-gm3-col-vgk-325195378,21,Avalanche,Colorado,du Colorado,COL,2,54,Golden Knights,Vegas,de Vegas,VGK,3,3,REG,3,REG,8470594,8474157.0,,,,/schedule/playoff-series/2021/series-k/goldenknights-vs-avalanche,2.0,R2,2nd Round,K,4.0,2.0,1.0,3.0,,,,,VGK
2020030224,20202021,3,2021-06-05,False,2021-06-05T20:00:00Z,-04:00,-04:00,US/Eastern,OFF,OK,/video/second-round-gm4-car-tbl-325204074,12,Hurricanes,Carolina,de la Caroline,CAR,4,14,Lightning,Tampa Bay,de Tampa Bay,TBL,6,3,REG,3,REG,8476883,8474564.0,,,,/schedule/playoff-series/2021/series-j/lightning-vs-hurricanes,2.0,R2,2nd Round,J,4.0,1.0,3.0,4.0,,,,,TBL
2020030214,20202021,3,2021-06-05,False,2021-06-05T23:15:00Z,-04:00,-04:00,America/New_York,OFF,OK,/video/second-round-gm4-bos-nyi-325206860,6,Bruins,Boston,de Boston,BOS,1,2,Islanders,New York,de New York,NYI,4,3,REG,3,REG,8473575,8478445.0,,,,/schedule/playoff-series/2021/series-i/islanders-vs-bruins,2.0,R2,2nd Round,I,4.0,2.0,2.0,4.0,,,,,NYI
2020030243,20202021,3,2021-06-06,False,2021-06-06T22:00:00Z,-04:00,-04:00,America/Montreal,OFF,OK,/video/second-round-gm3-wpg-mtl-325218750,52,Jets,Winnipeg,de Winnipeg,WPG,1,8,Canadiens,Montréal,de Montréal,MTL,5,3,REG,3,REG,8471679,8477476.0,,,,/schedule/playoff-series/2021/series-l/canadiens-vs-jets,2.0,R2,2nd Round,L,4.0,0.0,3.0,3.0,,,,,MTL
2020030234,20202021,3,2021-06-06,False,2021-06-07T00:30:00Z,-04:00,-07:00,US/Pacific,OFF,OK,/video/second-round-gm4-col-vgk-325222000,21,Avalanche,Colorado,du Colorado,COL,1,54,Golden Knights,Vegas,de Vegas,VGK,5,3,REG,3,REG,8470594,8474157.0,,,,/schedule/playoff-series/2021/series-k/goldenknights-vs-avalanche,2.0,R2,2nd Round,K,4.0,2.0,2.0,4.0,,,,,VGK
2020030215,20202021,3,2021-06-07,False,2021-06-07T22:30:00Z,-04:00,-04:00,US/Eastern,OFF,OK,/video/second-round-gm5-nyi-bos-325239520,2,Islanders,New York,de New York,NYI,5,6,Bruins,Boston,de Boston,BOS,4,3,REG,3,REG,8473575,8475754.0,,,,/schedule/playoff-series/2021/series-i/bruins-vs-islanders,2.0,R2,2nd Round,I,4.0,2.0,3.0,5.0,,,,,NYI
2020030244,20202021,3,2021-06-07,False,2021-06-08T00:00:00Z,-04:00,-04:00,America/Montreal,OFF,OK,/video/second-round-gm4-wpg-mtl-325242032,52,Jets,Winnipeg,de Winnipeg,WPG,2,8,Canadiens,Montréal,de Montréal,MTL,3,4,OT,3,OT,8471679,8475726.0,,,,/schedule/playoff-series/2021/series-l/canadiens-vs-jets,2.0,R2,2nd Round,L,4.0,0.0,4.0,4.0,,,,,MTL
2020030225,20202021,3,2021-06-08,False,2021-06-08T22:30:00Z,-04:00,-04:00,US/Eastern,OFF,OK,,14,Lightning,Tampa Bay,de Tampa Bay,TBL,2,12,Hurricanes,Carolina,de la Caroline,CAR,0,3,REG,3,REG,8476883,8478010.0,,,,/schedule/playoff-series/2021/series-j/hurricanes-vs-lightning,2.0,R2,2nd Round,J,4.0,1.0,4.0,5.0,,,,,TBL
2020030235,20202021,3,2021-06-08,False,2021-06-09T01:00:00Z,-04:00,-06:00,America/Denver,OFF,OK,/video/second-round-gm5-vgk-col-325262894,54,Golden Knights,Vegas,de Vegas,VGK,3,21,Avalanche,Colorado,du Colorado,COL,2,4,OT,3,OT,8470594,8475913.0,,,,/schedule/playoff-series/2021/series-k/avalanche-vs-goldenknights,2.0,R2,2nd Round,K,4.0,2.0,3.0,5.0,,,,,VGK
2020030216,20202021,3,2021-06-09,False,2021-06-09T23:30:00Z,-04:00,-04:00,America/New_York,OFF,OK,/video/second-round-gm6-bos-nyi-325279470,6,Bruins,Boston,de Boston,BOS,2,2,Islanders,New York,de New York,NYI,6,3,REG,3,REG,8473575,8475754.0,,,,/schedule/playoff-series/2021/series-i/islanders-vs-bruins,2.0,R2,2nd Round,I,4.0,2.0,4.0,6.0,,,,,NYI
2020030236,20202021,3,2021-06-10,False,2021-06-11T01:00:00Z,-04:00,-07:00,US/Pacific,OFF,OK,/video/second-round-gm6-col-vgk-325299170,21,Avalanche,Colorado,du Colorado,COL,3,54,Golden Knights,Vegas,de Vegas,VGK,6,3,REG,3,REG,8470594,8474565.0,,,,/schedule/playoff-series/2021/series-k/goldenknights-vs-avalanche,2.0,R2,2nd Round,K,4.0,2.0,4.0,6.0,,,,,VGK
2020030321,20202021,3,2021-06-13,False,2021-06-13T19:00:00Z,-04:00,-04:00,US/Eastern,OFF,OK,/video/semis-gm1-nyi-tbl-325321164,2,Islanders,New York,de New York,NYI,2,14,Lightning,Tampa Bay,de Tampa Bay,TBL,1,3,REG,3,REG,8473575,8477506.0,,,,/schedule/playoff-series/2021/series-n/lightning-vs-islanders,3.0,SF,Stanley Cup Semifinals,N,4.0,0.0,1.0,1.0,,,,,NYI
2020030311,20202021,3,2021-06-14,False,2021-06-15T01:00:00Z,-04:00,-07:00,US/Pacific,OFF,OK,/video/semis-gm1-mtl-vgk-325335268,8,Canadiens,Montréal,de Montréal,MTL,1,54,Golden Knights,Vegas,de Vegas,VGK,4,3,REG,3,REG,8470594,8474166.0,,,,/schedule/playoff-series/2021/series-m/goldenknights-vs-canadiens,3.0,SF,Stanley Cup Semifinals,M,4.0,1.0,0.0,1.0,,,,,VGK
2020030322,20202021,3,2021-06-15,False,2021-06-16T00:00:00Z,-04:00,-04:00,US/Eastern,OFF,OK,/video/semis-gm2-nyi-tbl-325351224,2,Islanders,New York,de New York,NYI,2,14,Lightning,Tampa Bay,de Tampa Bay,TBL,4,3,REG,3,REG,8476883,8480172.0,,,,/schedule/playoff-series/2021/series-n/lightning-vs-islanders,3.0,SF,Stanley Cup Semifinals,N,4.0,1.0,1.0,2.0,,,,,TBL
2020030312,20202021,3,2021-06-16,False,2021-06-17T01:00:00Z,-04:00,-07:00,US/Pacific,OFF,OK,/video/semis-gm2-mtl-vgk-325364590,8,Canadiens,Montréal,de Montréal,MTL,3,54,Golden Knights,Vegas,de Vegas,VGK,2,3,REG,3,REG,8471679,8474038.0,,,,/schedule/playoff-series/2021/series-m/goldenknights-vs-canadiens,3.0,SF,Stanley Cup Semifinals,M,4.0,1.0,1.0,2.0,,,,,MTL
2020030323,20202021,3,2021-06-17,False,2021-06-18T00:00:00Z,-04:00,-04:00,America/New_York,OFF,OK,/video/semis-gm3-tbl-nyi-325377748,14,Lightning,Tampa Bay,de Tampa Bay,TBL,2,2,Islanders,New York,de New York,NYI,1,3,REG,3,REG,8476883,8478010.0,,,,/schedule/playoff-series/2021/series-n/islanders-vs-lightning,3.0,SF,Stanley Cup Semifinals,N,4.0,2.0,1.0,3.0,,,,,TBL
2020030313,20202021,3,2021-06-18,False,2021-06-19T00:00:00Z,-04:00,-04:00,America/Montreal,OFF,OK,/video/semis-gm3-vgk-mtl-325390110,54,Golden Knights,Vegas,de Vegas,VGK,2,8,Canadiens,Montréal,de Montréal,MTL,3,4,OT,3,OT,8471679,8476981.0,,,,/schedule/playoff-series/2021/series-m/canadiens-vs-goldenknights,3.0,SF,Stanley Cup Semifinals,M,4.0,1.0,2.0,3.0,,,,,MTL
2020030324,20202021,3,2021-06-19,False,2021-06-20T00:00:00Z,-04:00,-04:00,America/New_York,OFF,OK,/video/semis-gm4-tbl-nyi-325400364,14,Lightning,Tampa Bay,de Tampa Bay,TBL,2,2,Islanders,New York,de New York,NYI,3,3,REG,3,REG,8473575,8474709.0,,,,/schedule/playoff-series/2021/series-n/islanders-vs-lightning,3.0,SF,Stanley Cup Semifinals,N,4.0,2.0,2.0,4.0,,,,,NYI
2020030314,20202021,3,2021-06-20,False,2021-06-21T00:00:00Z,-04:00,-04:00,America/Montreal,OFF,OK,/video/semis-gm4-vgk-mtl-325408230,54,Golden Knights,Vegas,de Vegas,VGK,2,8,Canadiens,Montréal,de Montréal,MTL,1,4,OT,3,OT,8475215,8478462.0,,,,/schedule/playoff-series/2021/series-m/canadiens-vs-goldenknights,3.0,SF,Stanley Cup Semifinals,M,4.0,2.0,2.0,4.0,,,,,VGK
2020030325,20202021,3,2021-06-21,False,2021-06-22T00:00:00Z,-04:00,-04:00,US/Eastern,OFF,OK,/video/semis-gm5-nyi-tbl-325423580,2,Islanders,New York,de New York,NYI,0,14,Lightning,Tampa Bay,de Tampa Bay,TBL,8,3,REG,3,REG,8476883,8474564.0,,,,/schedule/playoff-series/2021/series-n/lightning-vs-islanders,3.0,SF,Stanley Cup Semifinals,N,4.0,3.0,2.0,5.0,,,,,TBL
2020030315,20202021,3,2021-06-22,False,2021-06-23T01:00:00Z,-04:00,-07:00,US/Pacific,OFF,OK,/video/semis-gm5-mtl-vgk-325436220,8,Canadiens,Montréal,de Montréal,MTL,4,54,Golden Knights,Vegas,de Vegas,VGK,1,3,REG,3,REG,8471679,8470595.0,,,,/schedule/playoff-series/2021/series-m/goldenknights-vs-canadiens,3.0,SF,Stanley Cup Semifinals,M,4.0,2.0,3.0,5.0,,,,,MTL
2020030326,20202021,3,2021-06-23,False,2021-06-24T00:00:00Z,-04:00,-04:00,America/New_York,OFF,OK,/video/semis-gm6-tbl-nyi-325451526,14,Lightning,Tampa Bay,de Tampa Bay,TBL,2,2,Islanders,New York,de New York,NYI,3,4,OT,3,OT,8473575,8478463.0,,,,/schedule/playoff-series/2021/series-n/islanders-vs-lightning,3.0,SF,Stanley Cup Semifinals,N,4.0,3.0,3.0,6.0,,,,,NYI
2020030316,20202021,3,2021-06-24,False,2021-06-25T00:00:00Z,-04:00,-04:00,America/Montreal,OFF,OK,/video/semis-gm6-vgk-mtl-325466100,54,Golden Knights,Vegas,de Vegas,VGK,2,8,Canadiens,Montréal,de Montréal,MTL,3,4,OT,3,OT,8471679,8477476.0,,,,/schedule/playoff-series/2021/series-m/canadiens-vs-goldenknights,3.0,SF,Stanley Cup Semifinals,M,4.0,2.0,4.0,6.0,,,,,MTL
2020030327,20202021,3,2021-06-25,False,2021-06-26T00:00:00Z,-04:00,-04:00,US/Eastern,OFF,OK,/video/semis-gm7-nyi-tbl-325480020,2,Islanders,New York,de New York,NYI,0,14,Lightning,Tampa Bay,de Tampa Bay,TBL,1,3,REG,3,REG,8476883,8476826.0,,,,/schedule/playoff-series/2021/series-n/lightning-vs-islanders,3.0,SF,Stanley Cup Semifinals,N,4.0,4.0,3.0,7.0,,,,,TBL
2020030411,20202021,3,2021-06-28,False,2021-06-29T00:00:00Z,-04:00,-04:00,US/Eastern,OFF,OK,/video/cup-final-gm1-mtl-tbl-325507192,8,Canadiens,Montréal,de Montréal,MTL,1,14,Lightning,Tampa Bay,de Tampa Bay,TBL,5,3,REG,3,REG,8476883,8476826.0,,,,/schedule/playoff-series/2021/series-o/lightning-vs-canadiens,4.0,SCF,Stanley Cup Final,O,4.0,1.0,0.0,1.0,,,,,TBL
2020030412,20202021,3,2021-06-30,False,2021-07-01T00:00:00Z,-04:00,-04:00,US/Eastern,OFF,OK,/video/cup-final-gm2-mtl-tbl-325537470,8,Canadiens,Montréal,de Montréal,MTL,1,14,Lightning,Tampa Bay,de Tampa Bay,TBL,3,3,REG,3,REG,8476883,8476399.0,,,,/schedule/playoff-series/2021/series-o/lightning-vs-canadiens,4.0,SCF,Stanley Cup Final,O,4.0,2.0,0.0,2.0,,,,,TBL
2020030413,20202021,3,2021-07-02,False,2021-07-03T00:00:00Z,-04:00,-04:00,America/Montreal,OFF,OK,/video/cup-final-gm3-tbl-mtl-325559080,14,Lightning,Tampa Bay,de Tampa Bay,TBL,6,8,Canadiens,Montréal,de Montréal,MTL,3,3,REG,3,REG,8476883,8474870.0,,,,/schedule/playoff-series/2021/series-o/canadiens-vs-lightning,4.0,SCF,Stanley Cup Final,O,4.0,3.0,0.0,3.0,,,,,TBL
2020030414,20202021,3,2021-07-05,False,2021-07-06T00:00:00Z,-04:00,-04:00,America/Montreal,OFF,OK,/video/cup-final-gm4-tbl-mtl-325576144,14,Lightning,Tampa Bay,de Tampa Bay,TBL,2,8,Canadiens,Montréal,de Montréal,MTL,3,4,OT,3,OT,8471679,8476981.0,,,,/schedule/playoff-series/2021/series-o/canadiens-vs-lightning,4.0,SCF,Stanley Cup Final,O,4.0,3.0,1.0,4.0,,,,,MTL
2020030415,20202021,3,2021-07-07,False,2021-07-08T00:00:00Z,-04:00,-04:00,US/Eastern,OFF,OK,/video/cup-final-gm5-mtl-tbl-325597842,8,Canadiens,Montréal,de Montréal,MTL,0,14,Lightning,Tampa Bay,de Tampa Bay,TBL,1,3,REG,3,REG,8476883,8479525.0,,,,/schedule/playoff-series/2021/series-o/lightning-vs-canadiens,4.0,SCF,Stanley Cup Final,O,4.0,4.0,1.0,5.0,,,,,TBL
