id,season,gameType,gameDate,neutralSite,startTimeUTC,easternUTCOffset,venueUTCOffset,venueTimezone,gameState,gameScheduleState,awayTeam.id,awayTeam.commonName.default,awayTeam.placeNameWithPreposition.default,awayTeam.placeNameWithPreposition.fr,awayTeam.abbrev,awayTeam.score,homeTeam.id,homeTeam.commonName.default,homeTeam.placeNameWithPreposition.default,homeTeam.placeNameWithPreposition.fr,homeTeam.abbrev,homeTeam.score,periodDescriptor.number,periodDescriptor.periodType,periodDescriptor.maxRegulationPeriods,gameOutcome.lastPeriodType,winningGoalie.playerId,winningGoalScorer.playerId,condensedGame,awayTeam.commonName.fr,winningGoalie.lastName.sv,homeTeam.commonName.fr,seriesUrl,seriesStatus.round,seriesStatus.seriesAbbrev,seriesStatus.seriesTitle,seriesStatus.seriesLetter,seriesStatus.neededToWin,seriesStatus.topSeedWins,seriesStatus.bottomSeedWins,seriesStatus.gameNumberOfSeries,specialEvent.parentId,specialEvent.name.default,specialEvent.name.fr,winningGoalie.lastName.de,winningGoalie.lastName.es,periodDescriptor.otPeriods,tricode_winteam
2021020001,20212022,2,2021-10-12,False,2021-10-12T23:30:00Z,-04:00,-04:00,US/Eastern,OFF,OK,5,Penguins,Pittsburgh,de Pittsburgh,PIT,6,14,Lightning,Tampa Bay,de Tampa Bay,TBL,2,3,REG,3,REG,8477465,8478866.0,/video/pit-tbl-326775812,,,,,,,,,,,,,,,,,,,PIT
2021020002,20212022,2,2021-10-12,False,2021-10-13T02:00:00Z,-04:00,-07:00,US/Pacific,OFF,OK,55,Kraken,Seattle,de Seattle,SEA,3,54,Golden Knights,Vegas,de Vegas,VGK,4,3,REG,3,REG,8475215,8476905.0,/video/sea-vgk-326780816,,,,,,,,,,,,,,,,,,,VGK
2021020003,20212022,2,2021-10-13,False,2021-10-13T23:00:00Z,-04:00,-04:00,America/Toronto,OFF,OK,8,Canadiens,Montréal,de Montréal,MTL,1,10,Maple Leafs,Toronto,de Toronto,TOR,2,3,REG,3,REG,8475789,8477939.0,/video/mtl-tor-326804766,,,,,,,,,,,,,,,,,,,TOR
2021020004,20212022,2,2021-10-13,False,2021-10-13T23:30:00Z,-04:00,-04:00,US/Eastern,OFF,OK,3,Rangers,New York,de New York,NYR,1,15,Capitals,Washington,de Washington,WSH,5,3,REG,3,REG,8477970,8474602.0,/video/nyr-wsh-326805094,,,,,,,,,,,,,,,,,,,WSH
2021020005,20212022,2,2021-10-13,False,2021-10-14T02:00:00Z,-04:00,-06:00,America/Denver,OFF,OK,16,Blackhawks,Chicago,de Chicago,CHI,2,21,Avalanche,Colorado,du Colorado,COL,4,3,REG,3,REG,8475311,8481524.0,/video/chi-col-326815234,,,,,,,,,,,,,,,,,,,COL
2021020015,20212022,2,2021-10-13,False,2021-10-14T02:00:00Z,-04:00,-07:00,America/Los_Angeles,OFF,OK,52,Jets,Winnipeg,de Winnipeg,WPG,1,24,Ducks,Anaheim,d'Anaheim,ANA,4,3,REG,3,REG,8476434,8482745.0,/video/wpg-ana-326814834,,,,,,,,,,,,,,,,,,,ANA
2021020006,20212022,2,2021-10-13,False,2021-10-14T02:00:00Z,-04:00,-06:00,America/Edmonton,OFF,OK,23,Canucks,Vancouver,de Vancouver,VAN,2,22,Oilers,Edmonton,d'Edmonton,EDM,3,5,SO,3,SO,8469608,,/video/van-edm-326815502,,,,,,,,,,,,,,,,,,,EDM
2021020011,20212022,2,2021-10-14,False,2021-10-14T23:00:00Z,-04:00,-04:00,America/New_York,OFF,OK,25,Stars,Dallas,de Dallas,DAL,3,3,Rangers,New York,de New York,NYR,2,4,OT,3,OT,8471418,8480036.0,/video/dal-nyr-326852948,,,,,,,,,,,,,,,,,,,DAL
2021020008,20212022,2,2021-10-14,False,2021-10-14T23:00:00Z,-04:00,-04:00,US/Eastern,OFF,OK,10,Maple Leafs,Toronto,de Toronto,TOR,2,9,Senators,Ottawa,d'Ottawa,OTT,3,3,REG,3,REG,8476341,8480029.0,/video/tor-ott-326852648,,,Sénateurs,,,,,,,,,,,,,,,,OTT
2021020010,20212022,2,2021-10-14,False,2021-10-14T23:00:00Z,-04:00,-04:00,US/Eastern,OFF,OK,5,Penguins,Pittsburgh,de Pittsburgh,PIT,4,13,Panthers,Florida,de la Floride,FLA,5,4,OT,3,OT,8475683,8477409.0,/video/pit-fla-326851698,,,,,,,,,,,,,,,,,,,FLA
2021020012,20212022,2,2021-10-14,False,2021-10-14T23:00:00Z,-04:00,-04:00,US/Eastern,OFF,OK,2,Islanders,New York,de New York,NYI,3,12,Hurricanes,Carolina,de la Caroline,CAR,6,3,REG,3,REG,8475883,8475799.0,/video/nyi-car-326854580,,,,,,,,,,,,,,,,,,,CAR
2021020013,20212022,2,2021-10-14,False,2021-10-14T23:00:00Z,-04:00,-04:00,US/Eastern,OFF,OK,53,Coyotes,Arizona,de l'Arizona,ARI,2,29,Blue Jackets,Columbus,de Columbus,CBJ,8,3,REG,3,REG,8478007,8476432.0,/video/ari-cbj-326851600,,,,,,,,,,,,,,,,,,,CBJ
2021020007,20212022,2,2021-10-14,False,2021-10-14T23:00:00Z,-04:00,-04:00,America/New_York,OFF,OK,8,Canadiens,Montréal,de Montréal,MTL,1,7,Sabres,Buffalo,de Buffalo,BUF,5,3,REG,3,REG,8467950,8476878.0,/video/mtl-buf-326849964,,,,,,,,,,,,,,,,,,,BUF
2021020009,20212022,2,2021-10-14,False,2021-10-14T23:30:00Z,-04:00,-04:00,America/Detroit,OFF,OK,14,Lightning,Tampa Bay,de Tampa Bay,TBL,7,17,Red Wings,Detroit,de Detroit,DET,6,4,OT,3,OT,8476883,8476292.0,/video/tbl-det-326857452,,,,,,,,,,,,,,,,,,,TBL
2021020014,20212022,2,2021-10-14,False,2021-10-15T00:00:00Z,-04:00,-05:00,US/Central,OFF,OK,55,Kraken,Seattle,de Seattle,SEA,4,18,Predators,Nashville,de Nashville,NSH,3,3,REG,3,REG,8475831,8479293.0,/video/sea-nsh-326859308,,,,,,,,,,,,,,,,,,,SEA
2021020016,20212022,2,2021-10-14,False,2021-10-15T02:30:00Z,-04:00,-07:00,America/Los_Angeles,OFF,OK,54,Golden Knights,Vegas,de Vegas,VGK,2,26,Kings,Los Angeles,de Los Angeles,LAK,6,3,REG,3,REG,8477361,8476479.0,/video/vgk-lak-326865114,,,,,,,,,,,,,,,,,,,LAK
2021020018,20212022,2,2021-10-15,False,2021-10-15T23:00:00Z,-04:00,-04:00,US/Eastern,OFF,OK,23,Canucks,Vancouver,de Vancouver,VAN,5,4,Flyers,Philadelphia,de Philadelphie,PHI,4,5,SO,3,SO,8477967,,,,,,,,,,,,,,,,,,,,,VAN
2021020017,20212022,2,2021-10-15,False,2021-10-15T23:00:00Z,-04:00,-04:00,US/Eastern,OFF,OK,16,Blackhawks,Chicago,de Chicago,CHI,3,1,Devils,New Jersey,du New Jersey,NJD,4,4,OT,3,OT,8473541,8481559.0,/video/chi-njd-326891788,,,,,,,,,,,,,,,,,,,NJD
2021020019,20212022,2,2021-10-15,False,2021-10-16T02:00:00Z,-04:00,-07:00,America/Los_Angeles,OFF,OK,30,Wild,Minnesota,du Minnesota,MIN,2,24,Ducks,Anaheim,d'Anaheim,ANA,1,3,REG,3,REG,8475660,8475220.0,/video/min-ana-326894566,,,,,,,,,,,,,,,,,,,MIN
2021020021,20212022,2,2021-10-16,False,2021-10-16T17:00:00Z,-04:00,-04:00,America/New_York,OFF,OK,53,Coyotes,Arizona,de l'Arizona,ARI,1,7,Sabres,Buffalo,de Buffalo,BUF,2,5,SO,3,SO,8474682,,/video/ari-buf-326907498,,,,,,,,,,,,,,,,,,,BUF
2021020025,20212022,2,2021-10-16,False,2021-10-16T22:00:00Z,-04:00,-04:00,US/Eastern,OFF,OK,2,Islanders,New York,de New York,NYI,1,13,Panthers,Florida,de la Floride,FLA,5,3,REG,3,REG,8475683,8477935.0,/video/nyi-fla-326926864,,,,,,,,,,,,,,,,,,,FLA
2021020024,20212022,2,2021-10-16,False,2021-10-16T23:00:00Z,-04:00,-04:00,America/Detroit,OFF,OK,23,Canucks,Vancouver,de Vancouver,VAN,1,17,Red Wings,Detroit,de Detroit,DET,3,3,REG,3,REG,8471306,8480821.0,/video/van-det-326924864,,,,,,,,,,,,,,,,,,,DET
2021020026,20212022,2,2021-10-16,False,2021-10-16T23:00:00Z,-04:00,-04:00,US/Eastern,OFF,OK,16,Blackhawks,Chicago,de Chicago,CHI,2,5,Penguins,Pittsburgh,de Pittsburgh,PIT,5,3,REG,3,REG,8477465,8476934.0,/video/chi-pit-326922148,,,,,,,,,,,,,,,,,,,PIT
2021020020,20212022,2,2021-10-16,False,2021-10-16T23:00:00Z,-04:00,-04:00,US/Eastern,OFF,OK,25,Stars,Dallas,de Dallas,DAL,1,6,Bruins,Boston,de Boston,BOS,3,3,REG,3,REG,8480280,8478498.0,/video/dal-bos-326923632,,,,,,,,,,,,,,,,,,,BOS
2021020028,20212022,2,2021-10-16,False,2021-10-16T23:00:00Z,-04:00,-04:00,US/Eastern,OFF,OK,55,Kraken,Seattle,de Seattle,SEA,1,29,Blue Jackets,Columbus,de Columbus,CBJ,2,4,OT,3,OT,8478007,8479339.0,/video/sea-cbj-326921996,,,,,,,,,,,,,,,,,,,CBJ
2021020022,20212022,2,2021-10-16,False,2021-10-16T23:00:00Z,-04:00,-04:00,America/Toronto,OFF,OK,9,Senators,Ottawa,d'Ottawa,OTT,1,10,Maple Leafs,Toronto,de Toronto,TOR,3,3,REG,3,REG,8475789,8477021.0,/video/ott-tor-326923342,Sénateurs,,,,,,,,,,,,,,,,,,TOR
2021020023,20212022,2,2021-10-16,False,2021-10-16T23:00:00Z,-04:00,-04:00,America/Montreal,OFF,OK,3,Rangers,New York,de New York,NYR,3,8,Canadiens,Montréal,de Montréal,MTL,1,3,REG,3,REG,8478048,8482109.0,/video/nyr-mtl-326926132,,,,,,,,,,,,,,,,,,,NYR
2021020027,20212022,2,2021-10-16,False,2021-10-16T23:00:00Z,-04:00,-04:00,US/Eastern,OFF,OK,14,Lightning,Tampa Bay,de Tampa Bay,TBL,2,15,Capitals,Washington,de Washington,WSH,1,4,OT,3,OT,8476883,8474564.0,/video/tbl-wsh-326925520,,,,,,,,,,,,,,,,,,,TBL
2021020029,20212022,2,2021-10-16,False,2021-10-17T00:00:00Z,-04:00,-05:00,US/Central,OFF,OK,12,Hurricanes,Carolina,de la Caroline,CAR,3,18,Predators,Nashville,de Nashville,NSH,2,3,REG,3,REG,8475883,8476882.0,/video/car-nsh-326931688,,,,,,,,,,,,,,,,,,,CAR
2021020030,20212022,2,2021-10-16,False,2021-10-17T01:00:00Z,-04:00,-06:00,America/Denver,OFF,OK,19,Blues,St. Louis,de St. Louis,STL,5,21,Avalanche,Colorado,du Colorado,COL,3,3,REG,3,REG,8476412,8474102.0,/video/stl-col-326940084,,,,,,,,,,,,,,,,,,,STL
2021020033,20212022,2,2021-10-16,False,2021-10-17T02:00:00Z,-04:00,-07:00,US/Pacific,OFF,OK,52,Jets,Winnipeg,de Winnipeg,WPG,3,28,Sharks,San Jose,de San Jose,SJS,4,3,REG,3,REG,8478499,8478870.0,/video/wpg-sjs-326945330,,,,,,,,,,,,,,,,,,,SJS
2021020031,20212022,2,2021-10-16,False,2021-10-17T02:00:00Z,-04:00,-06:00,America/Edmonton,OFF,OK,20,Flames,Calgary,de Calgary,CGY,2,22,Oilers,Edmonton,d'Edmonton,EDM,5,3,REG,3,REG,8469608,8478402.0,/video/cgy-edm-326945864,,,,,,,,,,,,,,,,,,,EDM
2021020032,20212022,2,2021-10-16,False,2021-10-17T02:30:00Z,-04:00,-07:00,America/Los_Angeles,OFF,OK,30,Wild,Minnesota,du Minnesota,MIN,3,26,Kings,Los Angeles,de Los Angeles,LAK,2,3,REG,3,REG,8475660,8477451.0,/video/min-lak-326946472,,,,,,,,,,,,,,,,,,,MIN
2021020034,20212022,2,2021-10-17,False,2021-10-17T21:00:00Z,-04:00,-04:00,US/Eastern,OFF,OK,25,Stars,Dallas,de Dallas,DAL,2,9,Senators,Ottawa,d'Ottawa,OTT,3,3,REG,3,REG,8479406,8476919.0,/video/dal-ott-326958424,,,Sénateurs,,,,,,,,,,,,,,,,OTT
2021020036,20212022,2,2021-10-18,False,2021-10-18T23:00:00Z,-04:00,-04:00,US/Eastern,OFF,OK,55,Kraken,Seattle,de Seattle,SEA,1,4,Flyers,Philadelphia,de Philadelphie,PHI,6,3,REG,3,REG,8479394,8478439.0,,,,,,,,,,,,,,,,,,,,PHI
2021020035,20212022,2,2021-10-18,False,2021-10-18T23:00:00Z,-04:00,-04:00,America/Toronto,OFF,OK,3,Rangers,New York,de New York,NYR,2,10,Maple Leafs,Toronto,de Toronto,TOR,1,4,OT,3,OT,8478048,8478550.0,/video/nyr-tor-326983560,,,,,,,,,,,,,,,,,,,NYR
2021020037,20212022,2,2021-10-18,False,2021-10-19T01:30:00Z,-04:00,-06:00,America/Edmonton,OFF,OK,24,Ducks,Anaheim,d'Anaheim,ANA,3,20,Flames,Calgary,de Calgary,CGY,2,4,OT,3,OT,8476434,8482142.0,/video/ana-cgy-326989830,,,,,,,,,,,,,,,,,,,ANA
2021020038,20212022,2,2021-10-18,False,2021-10-19T02:00:00Z,-04:00,-07:00,America/Phoenix,OFF,OK,19,Blues,St. Louis,de St. Louis,STL,7,53,Coyotes,Arizona,de l'Arizona,ARI,4,3,REG,3,REG,8476412,8480011.0,/video/stl-ari-326991310,,,,,,,,,,,,,,,,,,,STL
2021020044,20212022,2,2021-10-19,False,2021-10-19T23:00:00Z,-04:00,-04:00,US/Eastern,OFF,OK,25,Stars,Dallas,de Dallas,DAL,2,5,Penguins,Pittsburgh,de Pittsburgh,PIT,1,5,SO,3,SO,8474651,,/video/dal-pit-327027486,,,,,,,,,,,,,,,,,,,DAL
2021020042,20212022,2,2021-10-19,False,2021-10-19T23:00:00Z,-04:00,-04:00,US/Eastern,OFF,OK,13,Panthers,Florida,de la Floride,FLA,4,14,Lightning,Tampa Bay,de Tampa Bay,TBL,1,3,REG,3,REG,8481519,8477493.0,/video/fla-tbl-327027778,,,,,,,,,,,,,,,,,,,FLA
2021020043,20212022,2,2021-10-19,False,2021-10-19T23:00:00Z,-04:00,-04:00,US/Eastern,OFF,OK,55,Kraken,Seattle,de Seattle,SEA,2,1,Devils,New Jersey,du New Jersey,NJD,4,3,REG,3,REG,8473541,8476918.0,/video/sea-njd-327029764,,,,,,,,,,,,,,,,,,,NJD
2021020040,20212022,2,2021-10-19,False,2021-10-19T23:00:00Z,-04:00,-04:00,America/Montreal,OFF,OK,28,Sharks,San Jose,de San Jose,SJS,5,8,Canadiens,Montréal,de Montréal,MTL,0,3,REG,3,REG,8478499,8479373.0,/video/sjs-mtl-327023112,,,,,,,,,,,,,,,,,,,SJS
2021020039,20212022,2,2021-10-19,False,2021-10-19T23:00:00Z,-04:00,-04:00,America/New_York,OFF,OK,23,Canucks,Vancouver,de Vancouver,VAN,2,7,Sabres,Buffalo,de Buffalo,BUF,5,3,REG,3,REG,8467950,8475784.0,/video/van-buf-327023736,,,,,,,,,,,,,,,,,,,BUF
2021020045,20212022,2,2021-10-19,False,2021-10-19T23:00:00Z,-04:00,-04:00,US/Eastern,OFF,OK,21,Avalanche,Colorado,du Colorado,COL,3,15,Capitals,Washington,de Washington,WSH,6,3,REG,3,REG,8478492,8475744.0,/video/col-wsh-327027104,,,,,,,,,,,,,,,,,,,WSH
2021020041,20212022,2,2021-10-19,False,2021-10-19T23:30:00Z,-04:00,-04:00,America/Detroit,OFF,OK,29,Blue Jackets,Columbus,de Columbus,CBJ,1,17,Red Wings,Detroit,de Detroit,DET,4,3,REG,3,REG,8471306,8477479.0,/video/cbj-det-327033182,,,,,,,,,,,,,,,,,,,DET
2021020048,20212022,2,2021-10-19,False,2021-10-20T00:00:00Z,-04:00,-05:00,US/Central,OFF,OK,52,Jets,Winnipeg,de Winnipeg,WPG,5,30,Wild,Minnesota,du Minnesota,MIN,6,4,OT,3,OT,8475660,8478493.0,/video/wpg-min-327037042,,,,,,,,,,,,,,,,,,,MIN
2021020047,20212022,2,2021-10-19,False,2021-10-20T00:00:00Z,-04:00,-05:00,US/Central,OFF,OK,26,Kings,Los Angeles,de Los Angeles,LAK,1,18,Predators,Nashville,de Nashville,NSH,2,3,REG,3,REG,8477424,8479661.0,/video/lak-nsh-327036376,,,,,,,,,,,,,,,,,,,NSH
2021020046,20212022,2,2021-10-19,False,2021-10-20T00:00:00Z,-04:00,-05:00,America/Chicago,OFF,OK,2,Islanders,New York,de New York,NYI,4,16,Blackhawks,Chicago,de Chicago,CHI,1,3,REG,3,REG,8478009,8480789.0,/video/nyi-chi-327035892,,,,,,,,,,,,,,,,,,,NYI
2021020049,20212022,2,2021-10-19,False,2021-10-20T01:00:00Z,-04:00,-06:00,America/Edmonton,OFF,OK,24,Ducks,Anaheim,d'Anaheim,ANA,5,22,Oilers,Edmonton,d'Edmonton,EDM,6,3,REG,3,REG,8475156,8477934.0,/video/ana-edm-327041938,,,,,,,,,,,,,,,,,,,EDM
2021020050,20212022,2,2021-10-20,False,2021-10-20T23:30:00Z,-04:00,-04:00,US/Eastern,OFF,OK,6,Bruins,Boston,de Boston,BOS,3,4,Flyers,Philadelphia,de Philadelphie,PHI,6,3,REG,3,REG,8474889,8474715.0,/video/bos-phi-327064292,,,,,,,,,,,,,,,,,,,PHI
2021020051,20212022,2,2021-10-20,False,2021-10-21T02:00:00Z,-04:00,-07:00,US/Pacific,OFF,OK,19,Blues,St. Louis,de St. Louis,STL,3,54,Golden Knights,Vegas,de Vegas,VGK,1,3,REG,3,REG,8476412,8475765.0,/video/stl-vgk-327066596,,,,,,,,,,,,,,,,,,,STL
2021020052,20212022,2,2021-10-21,False,2021-10-21T23:00:00Z,-04:00,-04:00,America/Montreal,OFF,OK,12,Hurricanes,Carolina,de la Caroline,CAR,4,8,Canadiens,Montréal,de Montréal,MTL,1,3,REG,3,REG,8475883,8480830.0,/video/car-mtl-327096398,,,,,,,,,,,,,,,,,,,CAR
2021020056,20212022,2,2021-10-21,False,2021-10-21T23:00:00Z,-04:00,-04:00,US/Eastern,OFF,OK,15,Capitals,Washington,de Washington,WSH,4,1,Devils,New Jersey,du New Jersey,NJD,1,3,REG,3,REG,8477970,8475200.0,/video/wsh-njd-327099684,,,,,,,,,,,,,,,,,,,WSH
2021020053,20212022,2,2021-10-21,False,2021-10-21T23:00:00Z,-04:00,-04:00,US/Eastern,OFF,OK,28,Sharks,San Jose,de San Jose,SJS,2,9,Senators,Ottawa,d'Ottawa,OTT,1,3,REG,3,REG,8473503,8478099.0,/video/sjs-ott-327098344,,,Sénateurs,,,,,,,,,,,,,,,,SJS
2021020057,20212022,2,2021-10-21,False,2021-10-21T23:00:00Z,-04:00,-04:00,US/Eastern,OFF,OK,2,Islanders,New York,de New York,NYI,2,29,Blue Jackets,Columbus,de Columbus,CBJ,3,4,OT,3,OT,8478007,8479339.0,/video/nyi-cbj-327097304,,,,,,,,,,,,,,,,,,,CBJ
2021020055,20212022,2,2021-10-21,False,2021-10-21T23:00:00Z,-04:00,-04:00,US/Eastern,OFF,OK,21,Avalanche,Colorado,du Colorado,COL,1,13,Panthers,Florida,de la Floride,FLA,4,3,REG,3,REG,8475683,8477935.0,/video/col-fla-327098556,,,,,,,,,,,,,,,,,,,FLA
2021020054,20212022,2,2021-10-21,False,2021-10-21T23:30:00Z,-04:00,-04:00,America/Detroit,OFF,OK,20,Flames,Calgary,de Calgary,CGY,3,17,Red Wings,Detroit,de Detroit,DET,0,3,REG,3,REG,8474593,8477496.0,/video/cgy-det-327100464,,Markström,,,,,,,,,,,,,,,,,CGY
2021020060,20212022,2,2021-10-21,False,2021-10-22T00:00:00Z,-04:00,-05:00,America/Winnipeg,OFF,OK,24,Ducks,Anaheim,d'Anaheim,ANA,1,52,Jets,Winnipeg,de Winnipeg,WPG,5,3,REG,3,REG,8476945,8477429.0,/video/ana-wpg-327106812,,,,,,,,,,,,,,,,,,,WPG
2021020059,20212022,2,2021-10-21,False,2021-10-22T00:00:00Z,-04:00,-05:00,US/Central,OFF,OK,3,Rangers,New York,de New York,NYR,3,18,Predators,Nashville,de Nashville,NSH,1,3,REG,3,REG,8478048,8482109.0,/video/nyr-nsh-327107326,,,,,,,,,,,,,,,,,,,NYR
2021020058,20212022,2,2021-10-21,False,2021-10-22T00:30:00Z,-04:00,-05:00,America/Chicago,OFF,OK,23,Canucks,Vancouver,de Vancouver,VAN,4,16,Blackhawks,Chicago,de Chicago,CHI,1,3,REG,3,REG,8477967,8476871.0,/video/van-chi-327110364,,,,,,,,,,,,,,,,,,,VAN
2021020061,20212022,2,2021-10-21,False,2021-10-22T02:00:00Z,-04:00,-07:00,America/Phoenix,OFF,OK,22,Oilers,Edmonton,d'Edmonton,EDM,5,53,Coyotes,Arizona,de l'Arizona,ARI,1,3,REG,3,REG,8475156,8475786.0,/video/edm-ari-327114384,,,,,,,,,,,,,,,,,,,EDM
2021020063,20212022,2,2021-10-22,False,2021-10-22T22:00:00Z,-04:00,-04:00,America/Toronto,OFF,OK,28,Sharks,San Jose,de San Jose,SJS,5,10,Maple Leafs,Toronto,de Toronto,TOR,3,3,REG,3,REG,8478499,8479373.0,/video/sjs-tor-327131072,,,,,,,,,,,,,,,,,,,SJS
2021020062,20212022,2,2021-10-22,False,2021-10-22T23:00:00Z,-04:00,-04:00,America/New_York,OFF,OK,6,Bruins,Boston,de Boston,BOS,4,7,Sabres,Buffalo,de Buffalo,BUF,1,3,REG,3,REG,8476999,8477931.0,/video/bos-buf-327132586,,,,,,,,,,,,,,,,,,,BOS
2021020064,20212022,2,2021-10-22,False,2021-10-23T00:30:00Z,-04:00,-05:00,US/Central,OFF,OK,26,Kings,Los Angeles,de Los Angeles,LAK,2,25,Stars,Dallas,de Dallas,DAL,3,4,OT,3,OT,8474651,8478495.0,/video/lak-dal-327136204,,,,,,,,,,,,,,,,,,,DAL
2021020065,20212022,2,2021-10-22,False,2021-10-23T02:00:00Z,-04:00,-07:00,US/Pacific,OFF,OK,22,Oilers,Edmonton,d'Edmonton,EDM,5,54,Golden Knights,Vegas,de Vegas,VGK,3,3,REG,3,REG,8475156,8475178.0,/video/edm-vgk-327138740,,,,,,,,,,,,,,,,,,,EDM
2021020067,20212022,2,2021-10-23,False,2021-10-23T17:00:00Z,-04:00,-04:00,US/Eastern,OFF,OK,3,Rangers,New York,de New York,NYR,3,9,Senators,Ottawa,d'Ottawa,OTT,2,3,REG,3,REG,8480382,8476624.0,/video/nyr-ott-327155512,,,Sénateurs,,,,,,,,,,,,,,,,NYR
2021020072,20212022,2,2021-10-23,False,2021-10-23T17:00:00Z,-04:00,-04:00,US/Eastern,OFF,OK,20,Flames,Calgary,de Calgary,CGY,4,15,Capitals,Washington,de Washington,WSH,3,4,OT,3,OT,8478435,8477496.0,/video/cgy-wsh-327155838,,,,,,,,,,,,,,,,,,,CGY
2021020075,20212022,2,2021-10-23,False,2021-10-23T22:00:00Z,-04:00,-05:00,US/Central,OFF,OK,24,Ducks,Anaheim,d'Anaheim,ANA,3,30,Wild,Minnesota,du Minnesota,MIN,4,4,OT,3,OT,8475660,8477451.0,,,,,,,,,,,,,,,,,,,,MIN
2021020069,20212022,2,2021-10-23,False,2021-10-23T23:00:00Z,-04:00,-04:00,US/Eastern,OFF,OK,7,Sabres,Buffalo,de Buffalo,BUF,1,1,Devils,New Jersey,du New Jersey,NJD,2,4,OT,3,OT,8482076,8478401.0,/video/buf-njd-327174386,,,,,,,,,,,,,,,,,,,NJD
2021020068,20212022,2,2021-10-23,False,2021-10-23T23:00:00Z,-04:00,-04:00,US/Eastern,OFF,OK,21,Avalanche,Colorado,du Colorado,COL,4,14,Lightning,Tampa Bay,de Tampa Bay,TBL,3,5,SO,3,SO,8475311,,/video/col-tbl-327179620,,,,,,,,,,,,,,,,,,,COL
2021020066,20212022,2,2021-10-23,False,2021-10-23T23:00:00Z,-04:00,-04:00,America/Montreal,OFF,OK,17,Red Wings,Detroit,de Detroit,DET,1,8,Canadiens,Montréal,de Montréal,MTL,6,3,REG,3,REG,8474596,8474884.0,/video/det-mtl-327174682,,,,,,,,,,,,,,,,,,,MTL
2021020071,20212022,2,2021-10-23,False,2021-10-23T23:00:00Z,-04:00,-04:00,US/Eastern,OFF,OK,10,Maple Leafs,Toronto,de Toronto,TOR,1,5,Penguins,Pittsburgh,de Pittsburgh,PIT,7,3,REG,3,REG,8477465,8476875.0,/video/tor-pit-327175062,,,,,,,,,,,,,,,,,,,PIT
2021020070,20212022,2,2021-10-23,False,2021-10-23T23:00:00Z,-04:00,-04:00,US/Eastern,OFF,OK,13,Panthers,Florida,de la Floride,FLA,4,4,Flyers,Philadelphia,de Philadelphie,PHI,2,3,REG,3,REG,8475683,8476456.0,,,,,,,,,,,,,,,,,,,,FLA
2021020073,20212022,2,2021-10-23,False,2021-10-23T23:00:00Z,-04:00,-04:00,US/Eastern,OFF,OK,12,Hurricanes,Carolina,de la Caroline,CAR,5,29,Blue Jackets,Columbus,de Columbus,CBJ,1,3,REG,3,REG,8475883,8476389.0,/video/car-cbj-327173688,,,,,,,,,,,,,,,,,,,CAR
2021020076,20212022,2,2021-10-23,False,2021-10-23T23:00:00Z,-04:00,-05:00,America/Winnipeg,OFF,OK,18,Predators,Nashville,de Nashville,NSH,4,52,Jets,Winnipeg,de Winnipeg,WPG,6,3,REG,3,REG,8476945,8471669.0,/video/nsh-wpg-327176522,,,,,,,,,,,,,,,,,,,WPG
2021020074,20212022,2,2021-10-23,False,2021-10-24T00:00:00Z,-04:00,-05:00,US/Central,OFF,OK,26,Kings,Los Angeles,de Los Angeles,LAK,3,19,Blues,St. Louis,de St. Louis,STL,7,3,REG,3,REG,8476412,8482089.0,/video/lak-stl-327183004,,,,,,,,,,,,,,,,,,,STL
2021020077,20212022,2,2021-10-23,False,2021-10-24T01:00:00Z,-04:00,-07:00,America/Phoenix,OFF,OK,2,Islanders,New York,de New York,NYI,3,53,Coyotes,Arizona,de l'Arizona,ARI,0,3,REG,3,REG,8478009,8473504.0,/video/nyi-ari-327185368,,,,,,,,,,,,,,,,,,,NYI
2021020078,20212022,2,2021-10-23,False,2021-10-24T02:00:00Z,-04:00,-07:00,US/Pacific,OFF,OK,23,Canucks,Vancouver,de Vancouver,VAN,4,55,Kraken,Seattle,de Seattle,SEA,2,3,REG,3,REG,8477967,8478856.0,/video/van-sea-327189644,,,,,,,,,,,,,,,,,,,VAN
2021020079,20212022,2,2021-10-24,False,2021-10-24T17:00:00Z,-04:00,-04:00,US/Eastern,OFF,OK,28,Sharks,San Jose,de San Jose,SJS,3,6,Bruins,Boston,de Boston,BOS,4,3,REG,3,REG,8476999,8478498.0,/video/sjs-bos-327199202,,,,,,,,,,,,,,,,,,,BOS
2021020081,20212022,2,2021-10-24,False,2021-10-24T22:00:00Z,-04:00,-05:00,US/Central,OFF,OK,18,Predators,Nashville,de Nashville,NSH,5,30,Wild,Minnesota,du Minnesota,MIN,2,3,REG,3,REG,8478971,8475793.0,/video/nsh-min-327204758,,,,,,,,,,,,,,,,,,,NSH
2021020080,20212022,2,2021-10-24,False,2021-10-24T23:00:00Z,-04:00,-05:00,America/Chicago,OFF,OK,17,Red Wings,Detroit,de Detroit,DET,6,16,Blackhawks,Chicago,de Chicago,CHI,3,3,REG,3,REG,8477968,8477479.0,/video/det-chi-327207680,,,,,,,,,,,,,,,,,,,DET
2021020082,20212022,2,2021-10-24,False,2021-10-25T02:00:00Z,-04:00,-07:00,US/Pacific,OFF,OK,2,Islanders,New York,de New York,NYI,2,54,Golden Knights,Vegas,de Vegas,VGK,0,3,REG,3,REG,8478009,8474573.0,/video/nyi-vgk-327209660,,,,,,,,,,,,,,,,,,,NYI
2021020084,20212022,2,2021-10-25,False,2021-10-25T23:00:00Z,-04:00,-04:00,US/Eastern,OFF,OK,15,Capitals,Washington,de Washington,WSH,7,9,Senators,Ottawa,d'Ottawa,OTT,5,3,REG,3,REG,8478492,8471698.0,/video/wsh-ott-327243154,,,Sénateurs,,,,,,,,,,,,,,,,WSH
2021020088,20212022,2,2021-10-25,False,2021-10-25T23:00:00Z,-04:00,-04:00,US/Eastern,OFF,OK,25,Stars,Dallas,de Dallas,DAL,1,29,Blue Jackets,Columbus,de Columbus,CBJ,4,3,REG,3,REG,8478007,8476345.0,/video/dal-cbj-327241196,,,,,,,,,,,,,,,,,,,CBJ
2021020083,20212022,2,2021-10-25,False,2021-10-25T23:00:00Z,-04:00,-04:00,America/New_York,OFF,OK,14,Lightning,Tampa Bay,de Tampa Bay,TBL,1,7,Sabres,Buffalo,de Buffalo,BUF,5,3,REG,3,REG,8467950,8479465.0,/video/tbl-buf-327240216,,,,,,,,,,,,,,,,,,,BUF
2021020086,20212022,2,2021-10-25,False,2021-10-25T23:00:00Z,-04:00,-04:00,America/New_York,OFF,OK,20,Flames,Calgary,de Calgary,CGY,5,3,Rangers,New York,de New York,NYR,1,3,REG,3,REG,8474593,8478233.0,/video/cgy-nyr-327241062,,Markström,,,,,,,,,,,,,,,,,CGY
2021020087,20212022,2,2021-10-25,False,2021-10-25T23:00:00Z,-04:00,-04:00,US/Eastern,OFF,OK,10,Maple Leafs,Toronto,de Toronto,TOR,1,12,Hurricanes,Carolina,de la Caroline,CAR,4,3,REG,3,REG,8475883,8478904.0,/video/tor-car-327242372,,,,,,,,,,,,,,,,,,,CAR
2021020085,20212022,2,2021-10-25,False,2021-10-25T23:00:00Z,-04:00,-04:00,US/Eastern,OFF,OK,53,Coyotes,Arizona,de l'Arizona,ARI,3,13,Panthers,Florida,de la Floride,FLA,5,3,REG,3,REG,8481519,8476456.0,/video/ari-fla-327241986,,,,,,,,,,,,,,,,,,,FLA
2021020089,20212022,2,2021-10-25,False,2021-10-26T00:00:00Z,-04:00,-05:00,US/Central,OFF,OK,26,Kings,Los Angeles,de Los Angeles,LAK,0,19,Blues,St. Louis,de St. Louis,STL,3,3,REG,3,REG,8478024,8475765.0,/video/lak-stl-327246970,,,,,,,,,,,,,,,,,,,STL
2021020090,20212022,2,2021-10-26,False,2021-10-26T23:00:00Z,-04:00,-04:00,US/Eastern,OFF,OK,20,Flames,Calgary,de Calgary,CGY,5,1,Devils,New Jersey,du New Jersey,NJD,3,3,REG,3,REG,8478435,8478233.0,/video/cgy-njd-327271284,,,,,,,,,,,,,,,,,,,CGY
2021020091,20212022,2,2021-10-26,False,2021-10-26T23:00:00Z,-04:00,-04:00,US/Eastern,OFF,OK,14,Lightning,Tampa Bay,de Tampa Bay,TBL,5,5,Penguins,Pittsburgh,de Pittsburgh,PIT,1,3,REG,3,REG,8476883,8476292.0,/video/tbl-pit-327270458,,,,,,,,,,,,,,,,,,,TBL
2021020093,20212022,2,2021-10-26,False,2021-10-27T00:00:00Z,-04:00,-06:00,America/Denver,OFF,OK,54,Golden Knights,Vegas,de Vegas,VGK,3,21,Avalanche,Colorado,du Colorado,COL,1,3,REG,3,REG,8475215,8475191.0,/video/vgk-col-327274678,,,,,,,,,,,,,,,,,,,VGK
2021020092,20212022,2,2021-10-26,False,2021-10-27T00:30:00Z,-04:00,-05:00,US/Central,OFF,OK,28,Sharks,San Jose,de San Jose,SJS,1,18,Predators,Nashville,de Nashville,NSH,3,3,REG,3,REG,8477424,8476887.0,/video/sjs-nsh-327275820,,,,,,,,,,,,,,,,,,,NSH
2021020095,20212022,2,2021-10-26,False,2021-10-27T02:00:00Z,-04:00,-07:00,America/Los_Angeles,OFF,OK,52,Jets,Winnipeg,de Winnipeg,WPG,4,24,Ducks,Anaheim,d'Anaheim,ANA,3,3,REG,3,REG,8476945,8477940.0,/video/wpg-ana-327283094,,,,,,,,,,,,,,,,,,,WPG
2021020094,20212022,2,2021-10-26,False,2021-10-27T02:00:00Z,-04:00,-07:00,America/Vancouver,OFF,OK,30,Wild,Minnesota,du Minnesota,MIN,3,23,Canucks,Vancouver,de Vancouver,VAN,2,3,REG,3,REG,8475660,8476856.0,/video/min-van-327283882,,,,,,,,,,,,,,,,,,,MIN
2021020096,20212022,2,2021-10-26,False,2021-10-27T02:00:00Z,-04:00,-07:00,US/Pacific,OFF,OK,8,Canadiens,Montréal,de Montréal,MTL,1,55,Kraken,Seattle,de Seattle,SEA,5,3,REG,3,REG,8475831,8479293.0,/video/mtl-sea-327282130,,,,,,,,,,,,,,,,,,,SEA
2021020097,20212022,2,2021-10-27,False,2021-10-27T23:00:00Z,-04:00,-04:00,US/Eastern,OFF,OK,6,Bruins,Boston,de Boston,BOS,1,13,Panthers,Florida,de la Floride,FLA,4,3,REG,3,REG,8475683,8480185.0,/video/bos-fla-327308456,,,,,,,,,,,,,,,,,,,FLA
2021020098,20212022,2,2021-10-27,False,2021-10-27T23:00:00Z,-04:00,-04:00,US/Eastern,OFF,OK,17,Red Wings,Detroit,de Detroit,DET,3,15,Capitals,Washington,de Washington,WSH,2,4,OT,3,OT,8471306,8477946.0,/video/det-wsh-327308598,,,,,,,,,,,,,,,,,,,DET
2021020099,20212022,2,2021-10-27,False,2021-10-27T23:30:00Z,-04:00,-05:00,America/Chicago,OFF,OK,10,Maple Leafs,Toronto,de Toronto,TOR,3,16,Blackhawks,Chicago,de Chicago,CHI,2,4,OT,3,OT,8475789,8477939.0,/video/tor-chi-327310292,,,,,,,,,,,,,,,,,,,TOR
2021020100,20212022,2,2021-10-27,False,2021-10-28T00:30:00Z,-04:00,-05:00,US/Central,OFF,OK,54,Golden Knights,Vegas,de Vegas,VGK,3,25,Stars,Dallas,de Dallas,DAL,2,4,OT,3,OT,8476316,8474149.0,/video/vgk-dal-327313234,,,,,,,,,,,,,,,,,,,VGK
2021020101,20212022,2,2021-10-27,False,2021-10-28T02:00:00Z,-04:00,-06:00,America/Edmonton,OFF,OK,4,Flyers,Philadelphia,de Philadelphie,PHI,5,22,Oilers,Edmonton,d'Edmonton,EDM,3,3,REG,3,REG,8479394,8474715.0,,,,,,,,,,,,,,,,,,,,PHI
2021020102,20212022,2,2021-10-28,False,2021-10-28T23:00:00Z,-04:00,-04:00,US/Eastern,OFF,OK,53,Coyotes,Arizona,de l'Arizona,ARI,1,14,Lightning,Tampa Bay,de Tampa Bay,TBL,5,3,REG,3,REG,8476883,8473986.0,/video/ari-tbl-327342806,,,,,,,,,,,,,,,,,,,TBL
2021020104,20212022,2,2021-10-28,False,2021-10-28T23:00:00Z,-04:00,-04:00,US/Eastern,OFF,OK,6,Bruins,Boston,de Boston,BOS,0,12,Hurricanes,Carolina,de la Caroline,CAR,3,3,REG,3,REG,8475883,8477950.0,/video/bos-car-327343058,,,,,,,,,,,,,,,,,,,CAR
2021020103,20212022,2,2021-10-28,False,2021-10-28T23:00:00Z,-04:00,-04:00,US/Eastern,OFF,OK,20,Flames,Calgary,de Calgary,CGY,4,5,Penguins,Pittsburgh,de Pittsburgh,PIT,0,3,REG,3,REG,8474593,8476346.0,/video/cgy-pit-327341302,,Markström,,,,,,,,,,,,,,,,,CGY
2021020105,20212022,2,2021-10-28,False,2021-10-29T00:00:00Z,-04:00,-05:00,US/Central,OFF,OK,21,Avalanche,Colorado,du Colorado,COL,4,19,Blues,St. Louis,de St. Louis,STL,3,3,REG,3,REG,8475311,8480069.0,/video/col-stl-327348662,,,,,,,,,,,,,,,,,,,COL
2021020107,20212022,2,2021-10-28,False,2021-10-29T02:00:00Z,-04:00,-07:00,America/Los_Angeles,OFF,OK,7,Sabres,Buffalo,de Buffalo,BUF,4,24,Ducks,Anaheim,d'Anaheim,ANA,3,4,OT,3,OT,8467950,8479335.0,/video/buf-ana-327353930,,,,,,,,,,,,,,,,,,,BUF
2021020106,20212022,2,2021-10-28,False,2021-10-29T02:00:00Z,-04:00,-07:00,America/Vancouver,OFF,OK,4,Flyers,Philadelphia,de Philadelphie,PHI,2,23,Canucks,Vancouver,de Vancouver,VAN,1,3,REG,3,REG,8474889,8474037.0,,,,,,,,,,,,,,,,,,,,PHI
2021020110,20212022,2,2021-10-28,False,2021-10-29T02:00:00Z,-04:00,-07:00,US/Pacific,OFF,OK,30,Wild,Minnesota,du Minnesota,MIN,1,55,Kraken,Seattle,de Seattle,SEA,4,3,REG,3,REG,8475831,8477938.0,/video/min-sea-327355362,,,,,,,,,,,,,,,,,,,SEA
2021020109,20212022,2,2021-10-28,False,2021-10-29T02:30:00Z,-04:00,-07:00,US/Pacific,OFF,OK,8,Canadiens,Montréal,de Montréal,MTL,4,28,Sharks,San Jose,de San Jose,SJS,0,3,REG,3,REG,8474596,8474884.0,/video/mtl-sjs-327355916,,,,,,,,,,,,,,,,,,,MTL
2021020108,20212022,2,2021-10-28,False,2021-10-29T02:30:00Z,-04:00,-07:00,America/Los_Angeles,OFF,OK,52,Jets,Winnipeg,de Winnipeg,WPG,3,26,Kings,Los Angeles,de Los Angeles,LAK,2,3,REG,3,REG,8477480,8479400.0,/video/wpg-lak-327355230,,,,,,,,,,,,,,,,,,,WPG
2021020113,20212022,2,2021-10-29,False,2021-10-29T23:00:00Z,-04:00,-04:00,US/Eastern,OFF,OK,53,Coyotes,Arizona,de l'Arizona,ARI,0,15,Capitals,Washington,de Washington,WSH,2,3,REG,3,REG,8478492,8474590.0,/video/ari-wsh-327385896,,,,,,,,,,,,,,,,,,,WSH
2021020111,20212022,2,2021-10-29,False,2021-10-29T23:00:00Z,-04:00,-04:00,America/Detroit,OFF,OK,13,Panthers,Florida,de la Floride,FLA,3,17,Red Wings,Detroit,de Detroit,DET,2,4,OT,3,OT,8475683,8477493.0,/video/fla-det-327386794,,,,,,,,,,,,,,,,,,,FLA
2021020112,20212022,2,2021-10-29,False,2021-10-29T23:00:00Z,-04:00,-04:00,America/New_York,OFF,OK,29,Blue Jackets,Columbus,de Columbus,CBJ,0,3,Rangers,New York,de New York,NYR,4,3,REG,3,REG,8478048,8476458.0,/video/cbj-nyr-327387278,,,,,,,,,,,,,,,,,,,NYR
2021020114,20212022,2,2021-10-29,False,2021-10-29T23:00:00Z,-04:00,-04:00,US/Eastern,OFF,OK,16,Blackhawks,Chicago,de Chicago,CHI,3,12,Hurricanes,Carolina,de la Caroline,CAR,6,3,REG,3,REG,8477293,8480829.0,/video/chi-car-327387586,,,,,,,,,,,,,,,,,,,CAR
2021020116,20212022,2,2021-10-29,False,2021-10-30T00:00:00Z,-04:00,-07:00,US/Pacific,OFF,OK,24,Ducks,Anaheim,d'Anaheim,ANA,4,54,Golden Knights,Vegas,de Vegas,VGK,5,5,SO,3,SO,8475215,,/video/ana-vgk-327392224,,,,,,,,,,,,,,,,,,,VGK
2021020115,20212022,2,2021-10-29,False,2021-10-30T00:30:00Z,-04:00,-05:00,US/Central,OFF,OK,9,Senators,Ottawa,d'Ottawa,OTT,4,25,Stars,Dallas,de Dallas,DAL,1,3,REG,3,REG,8479406,8480801.0,/video/ott-dal-327392818,Sénateurs,,,,,,,,,,,,,,,,,,OTT
2021020121,20212022,2,2021-10-30,False,2021-10-30T17:30:00Z,-04:00,-05:00,US/Central,OFF,OK,2,Islanders,New York,de New York,NYI,2,18,Predators,Nashville,de Nashville,NSH,3,5,SO,3,SO,8477424,,/video/nyi-nsh-327404596,,,,,,,,,,,,,,,,,,,NSH
2021020125,20212022,2,2021-10-30,False,2021-10-30T20:00:00Z,-04:00,-07:00,America/Los_Angeles,OFF,OK,8,Canadiens,Montréal,de Montréal,MTL,2,26,Kings,Los Angeles,de Los Angeles,LAK,5,3,REG,3,REG,8477361,8480845.0,/video/mtl-lak-327410670,,,,,,,,,,,,,,,,,,,LAK
2021020118,20212022,2,2021-10-30,False,2021-10-30T23:00:00Z,-04:00,-04:00,America/Toronto,OFF,OK,17,Red Wings,Detroit,de Detroit,DET,4,10,Maple Leafs,Toronto,de Toronto,TOR,5,3,REG,3,REG,8475852,8478483.0,/video/det-tor-327420552,,,,,,,,,,,,,,,,,,,TOR
2021020117,20212022,2,2021-10-30,False,2021-10-30T23:00:00Z,-04:00,-04:00,US/Eastern,OFF,OK,13,Panthers,Florida,de la Floride,FLA,2,6,Bruins,Boston,de Boston,BOS,3,5,SO,3,SO,8476999,,/video/fla-bos-327419978,,,,,,,,,,,,,,,,,,,BOS
2021020126,20212022,2,2021-10-30,False,2021-10-30T23:00:00Z,-04:00,-07:00,US/Pacific,OFF,OK,52,Jets,Winnipeg,de Winnipeg,WPG,1,28,Sharks,San Jose,de San Jose,SJS,2,4,OT,3,OT,8473503,8478414.0,/video/wpg-sjs-327421040,,,,,,,,,,,,,,,,,,,SJS
2021020119,20212022,2,2021-10-30,False,2021-10-30T23:00:00Z,-04:00,-04:00,US/Eastern,OFF,OK,1,Devils,New Jersey,du New Jersey,NJD,4,5,Penguins,Pittsburgh,de Pittsburgh,PIT,2,3,REG,3,REG,8473541,8479407.0,/video/njd-pit-327418760,,,,,,,,,,,,,,,,,,,NJD
2021020120,20212022,2,2021-10-30,False,2021-10-31T00:00:00Z,-04:00,-05:00,US/Central,OFF,OK,16,Blackhawks,Chicago,de Chicago,CHI,0,19,Blues,St. Louis,de St. Louis,STL,1,3,REG,3,REG,8476412,8476792.0,/video/chi-stl-327422088,,,,,,,,,,,,,,,,,,,STL
2021020122,20212022,2,2021-10-30,False,2021-10-31T01:00:00Z,-04:00,-06:00,America/Denver,OFF,OK,30,Wild,Minnesota,du Minnesota,MIN,1,21,Avalanche,Colorado,du Colorado,COL,4,3,REG,3,REG,8475311,8473446.0,/video/min-col-327427616,,,,,,,,,,,,,,,,,,,COL
2021020123,20212022,2,2021-10-30,False,2021-10-31T02:00:00Z,-04:00,-06:00,America/Edmonton,OFF,OK,4,Flyers,Philadelphia,de Philadelphie,PHI,0,20,Flames,Calgary,de Calgary,CGY,4,3,REG,3,REG,8474593,8477497.0,,,Markström,,,,,,,,,,,,,,,,,CGY
2021020124,20212022,2,2021-10-30,False,2021-10-31T02:00:00Z,-04:00,-07:00,America/Vancouver,OFF,OK,22,Oilers,Edmonton,d'Edmonton,EDM,2,23,Canucks,Vancouver,de Vancouver,VAN,1,3,REG,3,REG,8475156,8477934.0,/video/edm-van-327429662,,,,,,,,,,,,,,,,,,,EDM
2021020128,20212022,2,2021-10-31,False,2021-10-31T17:00:00Z,-04:00,-04:00,US/Eastern,OFF,OK,53,Coyotes,Arizona,de l'Arizona,ARI,1,12,Hurricanes,Carolina,de la Caroline,CAR,2,3,REG,3,REG,8475883,8477488.0,/video/ari-car-327438968,,,,,,,,,,,,,,,,,,,CAR
2021020129,20212022,2,2021-10-31,False,2021-10-31T20:00:00Z,-04:00,-07:00,America/Los_Angeles,OFF,OK,8,Canadiens,Montréal,de Montréal,MTL,2,24,Ducks,Anaheim,d'Anaheim,ANA,4,3,REG,3,REG,8476434,8478873.0,/video/mtl-ana-327444728,,,,,,,,,,,,,,,,,,,ANA
2021020130,20212022,2,2021-10-31,False,2021-10-31T20:00:00Z,-04:00,-07:00,America/Los_Angeles,OFF,OK,7,Sabres,Buffalo,de Buffalo,BUF,2,26,Kings,Los Angeles,de Los Angeles,LAK,3,3,REG,3,REG,8471734,8480113.0,/video/buf-lak-327444526,,,,,,,,,,,,,,,,,,,LAK
2021020127,20212022,2,2021-10-31,False,2021-10-31T21:00:00Z,-04:00,-04:00,US/Eastern,OFF,OK,29,Blue Jackets,Columbus,de Columbus,CBJ,4,1,Devils,New Jersey,du New Jersey,NJD,3,5,SO,3,SO,8476914,,/video/cbj-njd-327446682,,,,,,,,,,,,,,,,,,,CBJ
2021020131,20212022,2,2021-10-31,False,2021-11-01T01:00:00Z,-04:00,-07:00,US/Pacific,OFF,OK,3,Rangers,New York,de New York,NYR,3,55,Kraken,Seattle,de Seattle,SEA,1,3,REG,3,REG,8478048,8479323.0,/video/nyr-sea-327450002,,,,,,,,,,,,,,,,,,,NYR
2021020132,20212022,2,2021-11-01,False,2021-11-01T23:00:00Z,-04:00,-04:00,US/Eastern,OFF,OK,15,Capitals,Washington,de Washington,WSH,2,14,Lightning,Tampa Bay,de Tampa Bay,TBL,3,3,REG,3,REG,8476883,8478010.0,/video/wsh-tbl-327474696,,,,,,,,,,,,,,,,,,,TBL
2021020133,20212022,2,2021-11-01,False,2021-11-02T00:00:00Z,-04:00,-05:00,America/Chicago,OFF,OK,9,Senators,Ottawa,d'Ottawa,OTT,1,16,Blackhawks,Chicago,de Chicago,CHI,5,3,REG,3,REG,8470594,8474141.0,/video/ott-chi-327478522,Sénateurs,,,,,,,,,,,,,,,,,,CHI
2021020134,20212022,2,2021-11-01,False,2021-11-02T01:30:00Z,-04:00,-06:00,America/Edmonton,OFF,OK,55,Kraken,Seattle,de Seattle,SEA,2,22,Oilers,Edmonton,d'Edmonton,EDM,5,3,REG,3,REG,8475156,8470281.0,/video/sea-edm-327481572,,,,,,,,,,,,,,,,,,,EDM
2021020135,20212022,2,2021-11-02,False,2021-11-02T23:00:00Z,-04:00,-04:00,America/Toronto,OFF,OK,54,Golden Knights,Vegas,de Vegas,VGK,0,10,Maple Leafs,Toronto,de Toronto,TOR,4,3,REG,3,REG,8475789,8478483.0,/video/vgk-tor-327509918,,,,,,,,,,,,,,,,,,,TOR
2021020136,20212022,2,2021-11-02,False,2021-11-02T23:00:00Z,-04:00,-04:00,America/Montreal,OFF,OK,17,Red Wings,Detroit,de Detroit,DET,0,8,Canadiens,Montréal,de Montréal,MTL,3,3,REG,3,REG,8474596,8480018.0,/video/det-mtl-327510786,,,,,,,,,,,,,,,,,,,MTL
2021020137,20212022,2,2021-11-02,False,2021-11-02T23:00:00Z,-04:00,-04:00,US/Eastern,OFF,OK,53,Coyotes,Arizona,de l'Arizona,ARI,0,4,Flyers,Philadelphia,de Philadelphie,PHI,3,3,REG,3,REG,8479394,8476461.0,/video/ari-phi-327510256,,,,,,,,,,,,,,,,,,,PHI
2021020139,20212022,2,2021-11-02,False,2021-11-03T00:00:00Z,-04:00,-05:00,America/Winnipeg,OFF,OK,25,Stars,Dallas,de Dallas,DAL,3,52,Jets,Winnipeg,de Winnipeg,WPG,4,5,SO,3,SO,8477480,,/video/dal-wpg-327516960,,,,,,,,,,,,,,,,,,,WPG
2021020138,20212022,2,2021-11-02,False,2021-11-03T00:00:00Z,-04:00,-05:00,US/Central,OFF,OK,9,Senators,Ottawa,d'Ottawa,OTT,4,30,Wild,Minnesota,du Minnesota,MIN,5,4,OT,3,OT,8475660,8478864.0,,Sénateurs,,,,,,,,,,,,,,,,,,MIN
2021020140,20212022,2,2021-11-02,False,2021-11-03T01:00:00Z,-04:00,-06:00,America/Edmonton,OFF,OK,18,Predators,Nashville,de Nashville,NSH,3,20,Flames,Calgary,de Calgary,CGY,2,4,OT,3,OT,8477424,8475168.0,/video/nsh-cgy-327520056,,,,,,,,,,,,,,,,,,,NSH
2021020142,20212022,2,2021-11-02,False,2021-11-03T02:00:00Z,-04:00,-07:00,America/Los_Angeles,OFF,OK,1,Devils,New Jersey,du New Jersey,NJD,0,24,Ducks,Anaheim,d'Anaheim,ANA,4,3,REG,3,REG,8476434,8470612.0,/video/njd-ana-327523746,,,,,,,,,,,,,,,,,,,ANA
2021020141,20212022,2,2021-11-02,False,2021-11-03T02:00:00Z,-04:00,-07:00,America/Vancouver,OFF,OK,3,Rangers,New York,de New York,NYR,2,23,Canucks,Vancouver,de Vancouver,VAN,3,4,OT,3,OT,8477967,8476468.0,/video/nyr-van-327523556,,,,,,,,,,,,,,,,,,,VAN
2021020143,20212022,2,2021-11-02,False,2021-11-03T02:30:00Z,-04:00,-07:00,US/Pacific,OFF,OK,7,Sabres,Buffalo,de Buffalo,BUF,3,28,Sharks,San Jose,de San Jose,SJS,5,3,REG,3,REG,8473503,8479983.0,/video/buf-sjs-327525336,,,,,,,,,,,,,,,,,,,SJS
2021020144,20212022,2,2021-11-03,False,2021-11-04T00:30:00Z,-04:00,-05:00,America/Chicago,OFF,OK,12,Hurricanes,Carolina,de la Caroline,CAR,4,16,Blackhawks,Chicago,de Chicago,CHI,3,3,REG,3,REG,8475883,8480039.0,/video/car-chi-327555568,,,,,,,,,,,,,,,,,,,CAR
2021020146,20212022,2,2021-11-03,False,2021-11-04T00:30:00Z,-04:00,-06:00,America/Edmonton,OFF,OK,18,Predators,Nashville,de Nashville,NSH,2,22,Oilers,Edmonton,d'Edmonton,EDM,5,3,REG,3,REG,8475156,8477934.0,/video/nsh-edm-327556152,,,,,,,,,,,,,,,,,,,EDM
2021020145,20212022,2,2021-11-03,False,2021-11-04T01:00:00Z,-04:00,-06:00,America/Denver,OFF,OK,29,Blue Jackets,Columbus,de Columbus,CBJ,5,21,Avalanche,Colorado,du Colorado,COL,4,4,OT,3,OT,8476914,8479402.0,/video/cbj-col-327557162,,,,,,,,,,,,,,,,,,,CBJ
2021020147,20212022,2,2021-11-03,False,2021-11-04T02:00:00Z,-04:00,-07:00,America/Los_Angeles,OFF,OK,19,Blues,St. Louis,de St. Louis,STL,2,26,Kings,Los Angeles,de Los Angeles,LAK,3,5,SO,3,SO,8471734,,/video/stl-lak-327560892,,,,,,,,,,,,,,,,,,,LAK
2021020152,20212022,2,2021-11-04,False,2021-11-04T23:00:00Z,-04:00,-04:00,US/Eastern,OFF,OK,15,Capitals,Washington,de Washington,WSH,4,13,Panthers,Florida,de la Floride,FLA,5,4,OT,3,OT,8481519,8480185.0,/video/wsh-fla-327590772,,,,,,,,,,,,,,,,,,,FLA
2021020148,20212022,2,2021-11-04,False,2021-11-04T23:00:00Z,-04:00,-04:00,US/Eastern,OFF,OK,17,Red Wings,Detroit,de Detroit,DET,1,6,Bruins,Boston,de Boston,BOS,5,3,REG,3,REG,8480280,8470638.0,/video/det-bos-327590102,,,,,,,,,,,,,,,,,,,BOS
2021020149,20212022,2,2021-11-04,False,2021-11-04T23:00:00Z,-04:00,-04:00,America/Toronto,OFF,OK,14,Lightning,Tampa Bay,de Tampa Bay,TBL,1,10,Maple Leafs,Toronto,de Toronto,TOR,2,4,OT,3,OT,8475789,8477939.0,/video/tbl-tor-327591002,,,,,,,,,,,,,,,,,,,TOR
2021020150,20212022,2,2021-11-04,False,2021-11-04T23:00:00Z,-04:00,-04:00,America/Montreal,OFF,OK,2,Islanders,New York,de New York,NYI,6,8,Canadiens,Montréal,de Montréal,MTL,2,3,REG,3,REG,8478009,8475754.0,/video/nyi-mtl-327589010,,,,,,,,,,,,,,,,,,,NYI
2021020151,20212022,2,2021-11-04,False,2021-11-04T23:00:00Z,-04:00,-04:00,US/Eastern,OFF,OK,54,Golden Knights,Vegas,de Vegas,VGK,5,9,Senators,Ottawa,d'Ottawa,OTT,1,3,REG,3,REG,8475215,8479353.0,/video/vgk-ott-327588578,,,Sénateurs,,,,,,,,,,,,,,,,VGK
2021020153,20212022,2,2021-11-04,False,2021-11-04T23:00:00Z,-04:00,-04:00,US/Eastern,OFF,OK,4,Flyers,Philadelphia,de Philadelphie,PHI,2,5,Penguins,Pittsburgh,de Pittsburgh,PIT,3,4,OT,3,OT,8477465,8471724.0,/video/phi-pit-327592214,,,,,,,,,,,,,,,,,,,PIT
2021020154,20212022,2,2021-11-04,False,2021-11-05T01:00:00Z,-04:00,-06:00,America/Edmonton,OFF,OK,25,Stars,Dallas,de Dallas,DAL,4,20,Flames,Calgary,de Calgary,CGY,3,4,OT,3,OT,8471418,8473994.0,/video/dal-cgy-327599960,,,,,,,,,,,,,,,,,,,DAL
2021020156,20212022,2,2021-11-04,False,2021-11-05T02:00:00Z,-04:00,-07:00,US/Pacific,OFF,OK,7,Sabres,Buffalo,de Buffalo,BUF,2,55,Kraken,Seattle,de Seattle,SEA,5,3,REG,3,REG,8475831,8474586.0,/video/buf-sea-327602986,,,,,,,,,,,,,,,,,,,SEA
2021020155,20212022,2,2021-11-04,False,2021-11-05T02:30:00Z,-04:00,-07:00,US/Pacific,OFF,OK,19,Blues,St. Louis,de St. Louis,STL,5,28,Sharks,San Jose,de San Jose,SJS,3,3,REG,3,REG,8480981,8471707.0,/video/stl-sjs-327604064,,,,,,,,,,,,,,,,,,,STL
2021020157,20212022,2,2021-11-05,False,2021-11-06T00:00:00Z,-04:00,-05:00,America/Winnipeg,OFF,OK,16,Blackhawks,Chicago,de Chicago,CHI,1,52,Jets,Winnipeg,de Winnipeg,WPG,5,3,REG,3,REG,8477480,8480145.0,/video/chi-wpg-327634176,,,,,,,,,,,,,,,,,,,WPG
2021020158,20212022,2,2021-11-05,False,2021-11-06T01:30:00Z,-04:00,-06:00,America/Edmonton,OFF,OK,3,Rangers,New York,de New York,NYR,5,22,Oilers,Edmonton,d'Edmonton,EDM,6,4,OT,3,OT,8475156,8477934.0,/video/nyr-edm-327639258,,,,,,,,,,,,,,,,,,,EDM
2021020160,20212022,2,2021-11-05,False,2021-11-06T02:00:00Z,-04:00,-07:00,America/Los_Angeles,OFF,OK,53,Coyotes,Arizona,de l'Arizona,ARI,1,24,Ducks,Anaheim,d'Anaheim,ANA,3,3,REG,3,REG,8476932,8477947.0,/video/ari-ana-327641986,,,,,,,,,,,,,,,,,,,ANA
2021020159,20212022,2,2021-11-05,False,2021-11-06T02:00:00Z,-04:00,-07:00,America/Vancouver,OFF,OK,18,Predators,Nashville,de Nashville,NSH,3,23,Canucks,Vancouver,de Vancouver,VAN,2,3,REG,3,REG,8477424,8481577.0,/video/nsh-van-327641850,,,,,,,,,,,,,,,,,,,NSH
2021020161,20212022,2,2021-11-05,False,2021-11-06T02:30:00Z,-04:00,-07:00,America/Los_Angeles,OFF,OK,1,Devils,New Jersey,du New Jersey,NJD,2,26,Kings,Los Angeles,de Los Angeles,LAK,3,4,OT,3,OT,8477361,8480113.0,/video/njd-lak-327644356,,,,,,,,,,,,,,,,,,,LAK
2021020165,20212022,2,2021-11-06,False,2021-11-06T18:00:00Z,-04:00,-04:00,US/Eastern,OFF,OK,14,Lightning,Tampa Bay,de Tampa Bay,TBL,5,9,Senators,Ottawa,d'Ottawa,OTT,3,3,REG,3,REG,8470880,8476292.0,/video/tbl-ott-327657388,,,Sénateurs,,,,,,,,,,,,,,,,TBL
2021020166,20212022,2,2021-11-06,False,2021-11-06T22:00:00Z,-04:00,-04:00,US/Eastern,OFF,OK,12,Hurricanes,Carolina,de la Caroline,CAR,2,13,Panthers,Florida,de la Floride,FLA,5,3,REG,3,REG,8481519,8482113.0,/video/car-fla-327667444,,,,,,,,,,,,,,,,,,,FLA
2021020164,20212022,2,2021-11-06,False,2021-11-06T23:00:00Z,-04:00,-04:00,America/Montreal,OFF,OK,54,Golden Knights,Vegas,de Vegas,VGK,5,8,Canadiens,Montréal,de Montréal,MTL,2,3,REG,3,REG,8475215,8479639.0,/video/vgk-mtl-327672874,,,,,,,,,,,,,,,,,,,VGK
2021020162,20212022,2,2021-11-06,False,2021-11-06T23:00:00Z,-04:00,-04:00,America/New_York,OFF,OK,17,Red Wings,Detroit,de Detroit,DET,4,7,Sabres,Buffalo,de Buffalo,BUF,3,4,OT,3,OT,8477968,8481542.0,/video/det-buf-327672432,,,,,,,,,,,,,,,,,,,DET
2021020169,20212022,2,2021-11-06,False,2021-11-06T23:00:00Z,-04:00,-04:00,US/Eastern,OFF,OK,21,Avalanche,Colorado,du Colorado,COL,2,29,Blue Jackets,Columbus,de Columbus,CBJ,4,3,REG,3,REG,8478007,8482705.0,/video/col-cbj-327671786,,,,,,,,,,,,,,,,,,,CBJ
2021020170,20212022,2,2021-11-06,False,2021-11-06T23:00:00Z,-04:00,-05:00,America/Winnipeg,OFF,OK,2,Islanders,New York,de New York,NYI,2,52,Jets,Winnipeg,de Winnipeg,WPG,0,3,REG,3,REG,8478009,8475314.0,/video/nyi-wpg-327672332,,,,,,,,,,,,,,,,,,,NYI
2021020163,20212022,2,2021-11-06,False,2021-11-06T23:00:00Z,-04:00,-04:00,America/Toronto,OFF,OK,6,Bruins,Boston,de Boston,BOS,2,10,Maple Leafs,Toronto,de Toronto,TOR,5,3,REG,3,REG,8475789,8479318.0,/video/bos-tor-327673012,,,,,,,,,,,,,,,,,,,TOR
2021020168,20212022,2,2021-11-06,False,2021-11-06T23:00:00Z,-04:00,-04:00,US/Eastern,OFF,OK,4,Flyers,Philadelphia,de Philadelphie,PHI,2,15,Capitals,Washington,de Washington,WSH,1,3,REG,3,REG,8474889,8476461.0,,,,,,,,,,,,,,,,,,,,PHI
2021020167,20212022,2,2021-11-06,False,2021-11-06T23:00:00Z,-04:00,-04:00,US/Eastern,OFF,OK,30,Wild,Minnesota,du Minnesota,MIN,5,5,Penguins,Pittsburgh,de Pittsburgh,PIT,4,5,SO,3,SO,8475660,,/video/min-pit-327674890,,,,,,,,,,,,,,,,,,,MIN
2021020171,20212022,2,2021-11-06,False,2021-11-07T02:00:00Z,-04:00,-06:00,America/Edmonton,OFF,OK,3,Rangers,New York,de New York,NYR,0,20,Flames,Calgary,de Calgary,CGY,6,3,REG,3,REG,8474593,8477497.0,/video/nyr-cgy-327683918,,Markström,,,,,,,,,,,,,,,,,CGY
2021020172,20212022,2,2021-11-06,False,2021-11-07T02:00:00Z,-04:00,-07:00,America/Phoenix,OFF,OK,55,Kraken,Seattle,de Seattle,SEA,4,53,Coyotes,Arizona,de l'Arizona,ARI,5,3,REG,3,REG,8475809,8478474.0,/video/sea-ari-327684598,,,,,,,,,,,,,,,,,,,ARI
2021020173,20212022,2,2021-11-06,False,2021-11-07T02:30:00Z,-04:00,-07:00,US/Pacific,OFF,OK,1,Devils,New Jersey,du New Jersey,NJD,3,28,Sharks,San Jose,de San Jose,SJS,2,5,SO,3,SO,8473541,,/video/njd-sjs-327687590,,,,,,,,,,,,,,,,,,,NJD
2021020174,20212022,2,2021-11-07,False,2021-11-07T23:00:00Z,-05:00,-05:00,America/Detroit,OFF,OK,54,Golden Knights,Vegas,de Vegas,VGK,2,17,Red Wings,Detroit,de Detroit,DET,5,3,REG,3,REG,8471306,8480459.0,/video/vgk-det-327698530,,,,,,,,,,,,,,,,,,,DET
2021020175,20212022,2,2021-11-07,False,2021-11-08T00:00:00Z,-05:00,-06:00,America/Chicago,OFF,OK,18,Predators,Nashville,de Nashville,NSH,1,16,Blackhawks,Chicago,de Chicago,CHI,2,4,OT,3,OT,8480947,8479337.0,/video/nsh-chi-327700784,,,,,,,,,,,,,,,,,,,CHI
2021020176,20212022,2,2021-11-07,False,2021-11-08T01:00:00Z,-05:00,-06:00,US/Central,OFF,OK,2,Islanders,New York,de New York,NYI,2,30,Wild,Minnesota,du Minnesota,MIN,5,3,REG,3,REG,8478039,8479520.0,/video/nyi-min-327703562,,Kähkönen,,,,,,,,,,,,,,,,,MIN
2021020178,20212022,2,2021-11-07,False,2021-11-08T01:00:00Z,-05:00,-08:00,America/Los_Angeles,OFF,OK,19,Blues,St. Louis,de St. Louis,STL,1,24,Ducks,Anaheim,d'Anaheim,ANA,4,3,REG,3,REG,8476434,8478873.0,/video/stl-ana-327704142,,,,,,,,,,,,,,,,,,,ANA
2021020177,20212022,2,2021-11-07,False,2021-11-08T03:00:00Z,-05:00,-08:00,America/Vancouver,OFF,OK,25,Stars,Dallas,de Dallas,DAL,3,23,Canucks,Vancouver,de Vancouver,VAN,6,3,REG,3,REG,8477967,8481617.0,/video/dal-van-327707696,,,,,,,,,,,,,,,,,,,VAN
2021020181,20212022,2,2021-11-08,False,2021-11-09T00:00:00Z,-05:00,-05:00,US/Eastern,OFF,OK,7,Sabres,Buffalo,de Buffalo,BUF,3,15,Capitals,Washington,de Washington,WSH,5,3,REG,3,REG,8477970,8476880.0,/video/buf-wsh-327734912,,,,,,,,,,,,,,,,,,,WSH
2021020180,20212022,2,2021-11-08,False,2021-11-09T00:00:00Z,-05:00,-05:00,America/New_York,OFF,OK,13,Panthers,Florida,de la Floride,FLA,3,3,Rangers,New York,de New York,NYR,4,3,REG,3,REG,8478048,8476458.0,/video/fla-nyr-327734472,,,,,,,,,,,,,,,,,,,NYR
2021020179,20212022,2,2021-11-08,False,2021-11-09T00:30:00Z,-05:00,-05:00,America/Toronto,OFF,OK,26,Kings,Los Angeles,de Los Angeles,LAK,5,10,Maple Leafs,Toronto,de Toronto,TOR,1,3,REG,3,REG,8471734,8476960.0,/video/lak-tor-327735646,,,,,,,,,,,,,,,,,,,LAK
2021020185,20212022,2,2021-11-09,False,2021-11-10T00:00:00Z,-05:00,-05:00,US/Eastern,OFF,OK,12,Hurricanes,Carolina,de la Caroline,CAR,2,14,Lightning,Tampa Bay,de Tampa Bay,TBL,1,4,OT,3,OT,8475883,8480039.0,/video/car-tbl-327768244,,,,,,,,,,,,,,,,,,,CAR
2021020183,20212022,2,2021-11-09,False,2021-11-10T00:00:00Z,-05:00,-05:00,America/Montreal,OFF,OK,26,Kings,Los Angeles,de Los Angeles,LAK,3,8,Canadiens,Montréal,de Montréal,MTL,2,4,OT,3,OT,8477361,8477960.0,/video/lak-mtl-327766864,,,,,,,,,,,,,,,,,,,LAK
2021020182,20212022,2,2021-11-09,False,2021-11-10T00:00:00Z,-05:00,-05:00,US/Eastern,OFF,OK,9,Senators,Ottawa,d'Ottawa,OTT,2,6,Bruins,Boston,de Boston,BOS,3,3,REG,3,REG,8480280,8470638.0,/video/ott-bos-327767498,Sénateurs,,,,,,,,,,,,,,,,,,BOS
2021020186,20212022,2,2021-11-09,False,2021-11-10T00:00:00Z,-05:00,-05:00,US/Eastern,OFF,OK,13,Panthers,Florida,de la Floride,FLA,3,1,Devils,New Jersey,du New Jersey,NJD,7,3,REG,3,REG,8478406,8474056.0,/video/fla-njd-327765604,,,,,,,,,,,,,,,,,,,NJD
2021020184,20212022,2,2021-11-09,False,2021-11-10T00:30:00Z,-05:00,-05:00,America/Detroit,OFF,OK,22,Oilers,Edmonton,d'Edmonton,EDM,2,17,Red Wings,Detroit,de Detroit,DET,4,3,REG,3,REG,8477968,8477946.0,/video/edm-det-327770682,,,,,,,,,,,,,,,,,,,DET
2021020188,20212022,2,2021-11-09,False,2021-11-10T01:00:00Z,-05:00,-06:00,America/Winnipeg,OFF,OK,19,Blues,St. Louis,de St. Louis,STL,3,52,Jets,Winnipeg,de Winnipeg,WPG,2,5,SO,3,SO,8476412,,/video/stl-wpg-327774206,,,,,,,,,,,,,,,,,,,STL
2021020187,20212022,2,2021-11-09,False,2021-11-10T01:30:00Z,-05:00,-06:00,America/Chicago,OFF,OK,5,Penguins,Pittsburgh,de Pittsburgh,PIT,2,16,Blackhawks,Chicago,de Chicago,CHI,3,5,SO,3,SO,8470594,,/video/pit-chi-327777094,,,,,,,,,,,,,,,,,,,CHI
2021020189,20212022,2,2021-11-09,False,2021-11-10T02:00:00Z,-05:00,-07:00,America/Edmonton,OFF,OK,28,Sharks,San Jose,de San Jose,SJS,4,20,Flames,Calgary,de Calgary,CGY,1,3,REG,3,REG,8478499,8474053.0,/video/sjs-cgy-327779786,,,,,,,,,,,,,,,,,,,SJS
2021020191,20212022,2,2021-11-09,False,2021-11-10T03:00:00Z,-05:00,-08:00,US/Pacific,OFF,OK,55,Kraken,Seattle,de Seattle,SEA,2,54,Golden Knights,Vegas,de Vegas,VGK,4,3,REG,3,REG,8475215,8475191.0,/video/sea-vgk-327782298,,,,,,,,,,,,,,,,,,,VGK
2021020190,20212022,2,2021-11-09,False,2021-11-10T03:00:00Z,-05:00,-08:00,America/Vancouver,OFF,OK,24,Ducks,Anaheim,d'Anaheim,ANA,3,23,Canucks,Vancouver,de Vancouver,VAN,2,4,OT,3,OT,8476434,8478873.0,/video/ana-van-327781454,,,,,,,,,,,,,,,,,,,ANA
2021020192,20212022,2,2021-11-10,False,2021-11-11T00:30:00Z,-05:00,-05:00,US/Eastern,OFF,OK,10,Maple Leafs,Toronto,de Toronto,TOR,3,4,Flyers,Philadelphia,de Philadelphie,PHI,0,3,REG,3,REG,8475789,8477939.0,,,,,,,,,,,,,,,,,,,,TOR
2021020193,20212022,2,2021-11-10,False,2021-11-11T01:30:00Z,-05:00,-06:00,US/Central,OFF,OK,18,Predators,Nashville,de Nashville,NSH,4,25,Stars,Dallas,de Dallas,DAL,2,3,REG,3,REG,8477424,8475168.0,/video/nsh-dal-327806492,,,,,,,,,,,,,,,,,,,NSH
2021020194,20212022,2,2021-11-10,False,2021-11-11T03:00:00Z,-05:00,-07:00,America/Phoenix,OFF,OK,30,Wild,Minnesota,du Minnesota,MIN,5,53,Coyotes,Arizona,de l'Arizona,ARI,2,3,REG,3,REG,8478039,8477942.0,/video/min-ari-327807750,,Kähkönen,,,,,,,,,,,,,,,,,MIN
2021020200,20212022,2,2021-11-11,False,2021-11-12T00:00:00Z,-05:00,-05:00,US/Eastern,OFF,OK,13,Panthers,Florida,de la Floride,FLA,2,5,Penguins,Pittsburgh,de Pittsburgh,PIT,3,5,SO,3,SO,8477465,,/video/fla-pit-327843010,,,,,,,,,,,,,,,,,,,PIT
2021020199,20212022,2,2021-11-11,False,2021-11-12T00:00:00Z,-05:00,-05:00,US/Eastern,OFF,OK,2,Islanders,New York,de New York,NYI,0,1,Devils,New Jersey,du New Jersey,NJD,4,3,REG,3,REG,8478406,8479511.0,/video/nyi-njd-327836522,,,,,,,,,,,,,,,,,,,NJD
2021020196,20212022,2,2021-11-11,False,2021-11-12T00:00:00Z,-05:00,-05:00,America/Montreal,OFF,OK,20,Flames,Calgary,de Calgary,CGY,2,8,Canadiens,Montréal,de Montréal,MTL,4,3,REG,3,REG,8474596,8480018.0,/video/cgy-mtl-327838898,,,,,,,,,,,,,,,,,,,MTL
2021020195,20212022,2,2021-11-11,False,2021-11-12T00:00:00Z,-05:00,-05:00,US/Eastern,OFF,OK,22,Oilers,Edmonton,d'Edmonton,EDM,5,6,Bruins,Boston,de Boston,BOS,3,3,REG,3,REG,8475156,8477934.0,/video/edm-bos-327839682,,,,,,,,,,,,,,,,,,,EDM
2021020197,20212022,2,2021-11-11,False,2021-11-12T00:00:00Z,-05:00,-05:00,US/Eastern,OFF,OK,26,Kings,Los Angeles,de Los Angeles,LAK,2,9,Senators,Ottawa,d'Ottawa,OTT,0,3,REG,3,REG,8471734,8471685.0,/video/lak-ott-327837984,,,Sénateurs,,,,,,,,,,,,,,,,LAK
2021020198,20212022,2,2021-11-11,False,2021-11-12T00:30:00Z,-05:00,-05:00,America/Detroit,OFF,OK,15,Capitals,Washington,de Washington,WSH,2,17,Red Wings,Detroit,de Detroit,DET,0,3,REG,3,REG,8477457,8475200.0,,,,,,,,,,,,,,,,,,,,WSH
2021020201,20212022,2,2021-11-11,False,2021-11-12T01:00:00Z,-05:00,-06:00,US/Central,OFF,OK,18,Predators,Nashville,de Nashville,NSH,4,19,Blues,St. Louis,de St. Louis,STL,3,4,OT,3,OT,8479496,8475168.0,/video/nsh-stl-327847348,,,,,,,,,,,,,,,,,,,NSH
2021020202,20212022,2,2021-11-11,False,2021-11-12T01:00:00Z,-05:00,-06:00,America/Winnipeg,OFF,OK,28,Sharks,San Jose,de San Jose,SJS,1,52,Jets,Winnipeg,de Winnipeg,WPG,4,3,REG,3,REG,8476945,8477220.0,/video/sjs-wpg-327846466,,,,,,,,,,,,,,,,,,,WPG
2021020203,20212022,2,2021-11-11,False,2021-11-12T02:00:00Z,-05:00,-07:00,America/Denver,OFF,OK,23,Canucks,Vancouver,de Vancouver,VAN,1,21,Avalanche,Colorado,du Colorado,COL,7,3,REG,3,REG,8475311,8476455.0,/video/van-col-327851708,,,,,,,,,,,,,,,,,,,COL
2021020204,20212022,2,2021-11-11,False,2021-11-12T03:00:00Z,-05:00,-08:00,US/Pacific,OFF,OK,30,Wild,Minnesota,du Minnesota,MIN,2,54,Golden Knights,Vegas,de Vegas,VGK,3,3,REG,3,REG,8476316,8476539.0,/video/min-vgk-327855568,,,,,,,,,,,,,,,,,,,VGK
2021020205,20212022,2,2021-11-11,False,2021-11-12T03:00:00Z,-05:00,-08:00,US/Pacific,OFF,OK,24,Ducks,Anaheim,d'Anaheim,ANA,7,55,Kraken,Seattle,de Seattle,SEA,4,3,REG,3,REG,8476434,8476854.0,/video/ana-sea-327855812,,,,,,,,,,,,,,,,,,,ANA
2021020207,20212022,2,2021-11-12,False,2021-11-13T00:00:00Z,-05:00,-05:00,America/Toronto,OFF,OK,20,Flames,Calgary,de Calgary,CGY,1,10,Maple Leafs,Toronto,de Toronto,TOR,2,4,OT,3,OT,8475789,8479318.0,/video/cgy-tor-327882270,,,,,,,,,,,,,,,,,,,TOR
2021020206,20212022,2,2021-11-12,False,2021-11-13T00:00:00Z,-05:00,-05:00,America/New_York,OFF,OK,22,Oilers,Edmonton,d'Edmonton,EDM,2,7,Sabres,Buffalo,de Buffalo,BUF,3,3,REG,3,REG,8474682,8481528.0,/video/edm-buf-327881016,,,,,,,,,,,,,,,,,,,BUF
2021020209,20212022,2,2021-11-12,False,2021-11-13T00:00:00Z,-05:00,-05:00,US/Eastern,OFF,OK,15,Capitals,Washington,de Washington,WSH,4,29,Blue Jackets,Columbus,de Columbus,CBJ,3,3,REG,3,REG,8478492,8477839.0,/video/wsh-cbj-327880240,,,,,,,,,,,,,,,,,,,WSH
2021020208,20212022,2,2021-11-12,False,2021-11-13T00:00:00Z,-05:00,-05:00,US/Eastern,OFF,OK,4,Flyers,Philadelphia,de Philadelphie,PHI,2,12,Hurricanes,Carolina,de la Caroline,CAR,1,3,REG,3,REG,8479394,8479772.0,,,,,,,,,,,,,,,,,,,,PHI
2021020210,20212022,2,2021-11-12,False,2021-11-13T01:30:00Z,-05:00,-06:00,America/Chicago,OFF,OK,53,Coyotes,Arizona,de l'Arizona,ARI,1,16,Blackhawks,Chicago,de Chicago,CHI,2,3,REG,3,REG,8470594,8478440.0,/video/ari-chi-327886934,,,,,,,,,,,,,,,,,,,CHI
2021020215,20212022,2,2021-11-13,False,2021-11-13T18:00:00Z,-05:00,-05:00,US/Eastern,OFF,OK,6,Bruins,Boston,de Boston,BOS,5,1,Devils,New Jersey,du New Jersey,NJD,2,3,REG,3,REG,8480280,8473419.0,/video/bos-njd-327898154,,,,,,,,,,,,,,,,,,,BOS
2021020211,20212022,2,2021-11-13,False,2021-11-14T00:00:00Z,-05:00,-05:00,America/New_York,OFF,OK,10,Maple Leafs,Toronto,de Toronto,TOR,5,7,Sabres,Buffalo,de Buffalo,BUF,4,3,REG,3,REG,8479361,8476853.0,/video/tor-buf-327916810,,,,,,,,,,,,,,,,,,,TOR
2021020213,20212022,2,2021-11-13,False,2021-11-14T00:00:00Z,-05:00,-05:00,America/Detroit,OFF,OK,8,Canadiens,Montréal,de Montréal,MTL,2,17,Red Wings,Detroit,de Detroit,DET,3,4,OT,3,OT,8477968,8477946.0,/video/mtl-det-327922292,,,,,,,,,,,,,,,,,,,DET
2021020217,20212022,2,2021-11-13,False,2021-11-14T00:00:00Z,-05:00,-05:00,US/Eastern,OFF,OK,3,Rangers,New York,de New York,NYR,5,29,Blue Jackets,Columbus,de Columbus,CBJ,3,3,REG,3,REG,8478048,8476885.0,/video/nyr-cbj-327917372,,,,,,,,,,,,,,,,,,,NYR
2021020214,20212022,2,2021-11-13,False,2021-11-14T00:00:00Z,-05:00,-05:00,US/Eastern,OFF,OK,13,Panthers,Florida,de la Floride,FLA,2,14,Lightning,Tampa Bay,de Tampa Bay,TBL,3,4,OT,3,OT,8476883,8478010.0,/video/fla-tbl-327918804,,,,,,,,,,,,,,,,,,,TBL
2021020220,20212022,2,2021-11-13,False,2021-11-14T00:00:00Z,-05:00,-06:00,America/Winnipeg,OFF,OK,26,Kings,Los Angeles,de Los Angeles,LAK,2,52,Jets,Winnipeg,de Winnipeg,WPG,3,4,OT,3,OT,8476945,8476460.0,/video/lak-wpg-327919032,,,,,,,,,,,,,,,,,,,WPG
2021020212,20212022,2,2021-11-13,False,2021-11-14T00:00:00Z,-05:00,-05:00,US/Eastern,OFF,OK,5,Penguins,Pittsburgh,de Pittsburgh,PIT,3,9,Senators,Ottawa,d'Ottawa,OTT,6,3,REG,3,REG,8479406,8482116.0,/video/pit-ott-327917910,,,Sénateurs,,,,,,,,,,,,,,,,OTT
2021020216,20212022,2,2021-11-13,False,2021-11-14T00:30:00Z,-05:00,-05:00,US/Eastern,OFF,OK,19,Blues,St. Louis,de St. Louis,STL,2,12,Hurricanes,Carolina,de la Caroline,CAR,3,3,REG,3,REG,8479312,8474090.0,/video/stl-car-327922576,,,,,,,,,,,,,,,,,,,CAR
2021020219,20212022,2,2021-11-13,False,2021-11-14T01:00:00Z,-05:00,-06:00,US/Central,OFF,OK,4,Flyers,Philadelphia,de Philadelphie,PHI,2,25,Stars,Dallas,de Dallas,DAL,5,3,REG,3,REG,8471418,8475794.0,,,,,,,,,,,,,,,,,,,,DAL
2021020218,20212022,2,2021-11-13,False,2021-11-14T01:00:00Z,-05:00,-06:00,US/Central,OFF,OK,53,Coyotes,Arizona,de l'Arizona,ARI,1,18,Predators,Nashville,de Nashville,NSH,4,3,REG,3,REG,8477424,8474600.0,/video/ari-nsh-327927614,,,,,,,,,,,,,,,,,,,NSH
2021020221,20212022,2,2021-11-13,False,2021-11-14T02:00:00Z,-05:00,-07:00,America/Denver,OFF,OK,28,Sharks,San Jose,de San Jose,SJS,2,21,Avalanche,Colorado,du Colorado,COL,6,3,REG,3,REG,8475311,8481618.0,/video/sjs-col-327933254,,,,,,,,,,,,,,,,,,,COL
2021020223,20212022,2,2021-11-13,False,2021-11-14T03:00:00Z,-05:00,-08:00,US/Pacific,OFF,OK,30,Wild,Minnesota,du Minnesota,MIN,4,55,Kraken,Seattle,de Seattle,SEA,2,3,REG,3,REG,8475660,8479514.0,/video/min-sea-327937400,,,,,,,,,,,,,,,,,,,MIN
2021020222,20212022,2,2021-11-13,False,2021-11-14T03:00:00Z,-05:00,-08:00,US/Pacific,OFF,OK,23,Canucks,Vancouver,de Vancouver,VAN,4,54,Golden Knights,Vegas,de Vegas,VGK,7,3,REG,3,REG,8475215,8476539.0,/video/van-vgk-327937734,,,,,,,,,,,,,,,,,,,VGK
2021020225,20212022,2,2021-11-14,False,2021-11-14T22:00:00Z,-05:00,-05:00,US/Eastern,OFF,OK,20,Flames,Calgary,de Calgary,CGY,4,9,Senators,Ottawa,d'Ottawa,OTT,0,3,REG,3,REG,8478435,8478233.0,/video/cgy-ott-327950572,,,Sénateurs,,,,,,,,,,,,,,,,CGY
2021020228,20212022,2,2021-11-14,False,2021-11-15T00:00:00Z,-05:00,-06:00,US/Central,OFF,OK,22,Oilers,Edmonton,d'Edmonton,EDM,5,19,Blues,St. Louis,de St. Louis,STL,4,3,REG,3,REG,8475156,8479977.0,/video/edm-stl-327959662,,,,,,,,,,,,,,,,,,,EDM
2021020227,20212022,2,2021-11-14,False,2021-11-15T00:00:00Z,-05:00,-05:00,US/Eastern,OFF,OK,5,Penguins,Pittsburgh,de Pittsburgh,PIT,1,15,Capitals,Washington,de Washington,WSH,6,3,REG,3,REG,8477970,8477903.0,/video/pit-wsh-327958938,,,,,,,,,,,,,,,,,,,WSH
2021020226,20212022,2,2021-11-14,False,2021-11-15T00:00:00Z,-05:00,-05:00,America/New_York,OFF,OK,1,Devils,New Jersey,du New Jersey,NJD,3,3,Rangers,New York,de New York,NYR,4,5,SO,3,SO,8480382,,/video/njd-nyr-327961184,,,,,,,,,,,,,,,,,,,NYR
2021020224,20212022,2,2021-11-14,False,2021-11-15T00:00:00Z,-05:00,-05:00,US/Eastern,OFF,OK,8,Canadiens,Montréal,de Montréal,MTL,2,6,Bruins,Boston,de Boston,BOS,5,3,REG,3,REG,8480280,8475745.0,/video/mtl-bos-327959518,,,,,,,,,,,,,,,,,,,BOS
2021020229,20212022,2,2021-11-14,False,2021-11-15T01:00:00Z,-05:00,-08:00,America/Los_Angeles,OFF,OK,23,Canucks,Vancouver,de Vancouver,VAN,1,24,Ducks,Anaheim,d'Anaheim,ANA,5,3,REG,3,REG,8476434,8481533.0,/video/van-ana-327963400,,,,,,,,,,,,,,,,,,,ANA
2021020231,20212022,2,2021-11-15,False,2021-11-16T00:00:00Z,-05:00,-05:00,US/Eastern,OFF,OK,17,Red Wings,Detroit,de Detroit,DET,3,29,Blue Jackets,Columbus,de Columbus,CBJ,5,3,REG,3,REG,8478007,8478460.0,/video/det-cbj-327989556,,,,,,,,,,,,,,,,,,,CBJ
2021020230,20212022,2,2021-11-15,False,2021-11-16T00:00:00Z,-05:00,-05:00,US/Eastern,OFF,OK,2,Islanders,New York,de New York,NYI,1,14,Lightning,Tampa Bay,de Tampa Bay,TBL,4,3,REG,3,REG,8476883,8478519.0,/video/nyi-tbl-327990034,,,,,,,,,,,,,,,,,,,TBL
2021020233,20212022,2,2021-11-16,False,2021-11-17T00:00:00Z,-05:00,-05:00,US/Eastern,OFF,OK,2,Islanders,New York,de New York,NYI,1,13,Panthers,Florida,de la Floride,FLA,6,3,REG,3,REG,8475683,8479066.0,/video/nyi-fla-328017442,,,,,,,,,,,,,,,,,,,FLA
2021020235,20212022,2,2021-11-16,False,2021-11-17T00:00:00Z,-05:00,-05:00,America/New_York,OFF,OK,8,Canadiens,Montréal,de Montréal,MTL,2,3,Rangers,New York,de New York,NYR,3,3,REG,3,REG,8478048,8479328.0,/video/mtl-nyr-328018428,,,,,,,,,,,,,,,,,,,NYR
2021020236,20212022,2,2021-11-16,False,2021-11-17T00:00:00Z,-05:00,-05:00,US/Eastern,OFF,OK,20,Flames,Calgary,de Calgary,CGY,1,4,Flyers,Philadelphia,de Philadelphie,PHI,2,4,OT,3,OT,8479394,8474715.0,/video/cgy-phi-328022732,,,,,,,,,,,,,,,,,,,PHI
2021020237,20212022,2,2021-11-16,False,2021-11-17T00:00:00Z,-05:00,-05:00,US/Eastern,OFF,OK,7,Sabres,Buffalo,de Buffalo,BUF,2,5,Penguins,Pittsburgh,de Pittsburgh,PIT,1,3,REG,3,REG,8474682,8473449.0,/video/buf-pit-328018660,,,,,,,,,,,,,,,,,,,BUF
2021020232,20212022,2,2021-11-16,False,2021-11-17T00:00:00Z,-05:00,-05:00,America/Toronto,OFF,OK,18,Predators,Nashville,de Nashville,NSH,0,10,Maple Leafs,Toronto,de Toronto,TOR,3,3,REG,3,REG,8475789,8479318.0,/video/nsh-tor-328018772,,,,,,,,,,,,,,,,,,,TOR
2021020241,20212022,2,2021-11-16,False,2021-11-17T01:00:00Z,-05:00,-06:00,America/Winnipeg,OFF,OK,22,Oilers,Edmonton,d'Edmonton,EDM,2,52,Jets,Winnipeg,de Winnipeg,WPG,5,3,REG,3,REG,8476945,8479400.0,/video/edm-wpg-328024360,,,,,,,,,,,,,,,,,,,WPG
2021020238,20212022,2,2021-11-16,False,2021-11-17T01:00:00Z,-05:00,-06:00,US/Central,OFF,OK,53,Coyotes,Arizona,de l'Arizona,ARI,3,19,Blues,St. Louis,de St. Louis,STL,2,3,REG,3,REG,8475809,8480849.0,/video/ari-stl-328023828,,,,,,,,,,,,,,,,,,,ARI
2021020240,20212022,2,2021-11-16,False,2021-11-17T01:00:00Z,-05:00,-06:00,US/Central,OFF,OK,28,Sharks,San Jose,de San Jose,SJS,4,30,Wild,Minnesota,du Minnesota,MIN,1,3,REG,3,REG,8473503,8478414.0,/video/sjs-min-328023188,,,,,,,,,,,,,,,,,,,SJS
2021020239,20212022,2,2021-11-16,False,2021-11-17T01:30:00Z,-05:00,-06:00,US/Central,OFF,OK,17,Red Wings,Detroit,de Detroit,DET,2,25,Stars,Dallas,de Dallas,DAL,5,3,REG,3,REG,8479979,8478449.0,/video/det-dal-328027182,,,,,,,,,,,,,,,,,,,DAL
2021020243,20212022,2,2021-11-16,False,2021-11-17T03:00:00Z,-05:00,-08:00,America/Los_Angeles,OFF,OK,15,Capitals,Washington,de Washington,WSH,2,24,Ducks,Anaheim,d'Anaheim,ANA,3,4,OT,3,OT,8476434,8481533.0,/video/wsh-ana-328035500,,,,,,,,,,,,,,,,,,,ANA
2021020242,20212022,2,2021-11-16,False,2021-11-17T03:00:00Z,-05:00,-08:00,US/Pacific,OFF,OK,12,Hurricanes,Carolina,de la Caroline,CAR,4,54,Golden Knights,Vegas,de Vegas,VGK,2,3,REG,3,REG,8477293,8482093.0,/video/car-vgk-328034018,,,,,,,,,,,,,,,,,,,CAR
2021020244,20212022,2,2021-11-17,False,2021-11-18T02:00:00Z,-05:00,-08:00,America/Vancouver,OFF,OK,21,Avalanche,Colorado,du Colorado,COL,4,23,Canucks,Vancouver,de Vancouver,VAN,2,3,REG,3,REG,8475311,8480069.0,/video/col-van-328058502,,,,,,,,,,,,,,,,,,,COL
2021020246,20212022,2,2021-11-17,False,2021-11-18T03:00:00Z,-05:00,-08:00,US/Pacific,OFF,OK,16,Blackhawks,Chicago,de Chicago,CHI,4,55,Kraken,Seattle,de Seattle,SEA,2,3,REG,3,REG,8470594,8474141.0,/video/chi-sea-328060586,,,,,,,,,,,,,,,,,,,CHI
2021020245,20212022,2,2021-11-17,False,2021-11-18T03:30:00Z,-05:00,-08:00,America/Los_Angeles,OFF,OK,15,Capitals,Washington,de Washington,WSH,2,26,Kings,Los Angeles,de Los Angeles,LAK,0,3,REG,3,REG,8478492,8477903.0,/video/wsh-lak-328061556,,,,,,,,,,,,,,,,,,,WSH
2021020251,20212022,2,2021-11-18,False,2021-11-19T00:00:00Z,-05:00,-05:00,US/Eastern,OFF,OK,1,Devils,New Jersey,du New Jersey,NJD,1,13,Panthers,Florida,de la Floride,FLA,4,3,REG,3,REG,8481519,8480185.0,/video/njd-fla-328097030,,,,,,,,,,,,,,,,,,,FLA
2021020252,20212022,2,2021-11-18,False,2021-11-19T00:00:00Z,-05:00,-05:00,US/Eastern,OFF,OK,14,Lightning,Tampa Bay,de Tampa Bay,TBL,4,4,Flyers,Philadelphia,de Philadelphie,PHI,3,5,SO,3,SO,8476883,,,,,,,,,,,,,,,,,,,,,TBL
2021020247,20212022,2,2021-11-18,False,2021-11-19T00:00:00Z,-05:00,-05:00,America/New_York,OFF,OK,20,Flames,Calgary,de Calgary,CGY,5,7,Sabres,Buffalo,de Buffalo,BUF,0,3,REG,3,REG,8474593,8476346.0,/video/cgy-buf-328094306,,Markström,,,,,,,,,,,,,,,,,CGY
2021020249,20212022,2,2021-11-18,False,2021-11-19T00:00:00Z,-05:00,-05:00,America/Montreal,OFF,OK,5,Penguins,Pittsburgh,de Pittsburgh,PIT,6,8,Canadiens,Montréal,de Montréal,MTL,0,3,REG,3,REG,8477465,8471675.0,/video/pit-mtl-328093442,,,,,,,,,,,,,,,,,,,PIT
2021020248,20212022,2,2021-11-18,False,2021-11-19T00:00:00Z,-05:00,-05:00,America/Toronto,OFF,OK,3,Rangers,New York,de New York,NYR,1,10,Maple Leafs,Toronto,de Toronto,TOR,2,3,REG,3,REG,8475789,8476853.0,/video/nyr-tor-328097446,,,,,,,,,,,,,,,,,,,TOR
2021020253,20212022,2,2021-11-18,False,2021-11-19T01:00:00Z,-05:00,-06:00,US/Central,OFF,OK,28,Sharks,San Jose,de San Jose,SJS,1,19,Blues,St. Louis,de St. Louis,STL,4,3,REG,3,REG,8478024,8480023.0,/video/sjs-stl-328100446,,,,,,,,,,,,,,,,,,,STL
2021020254,20212022,2,2021-11-18,False,2021-11-19T01:00:00Z,-05:00,-06:00,US/Central,OFF,OK,25,Stars,Dallas,de Dallas,DAL,2,30,Wild,Minnesota,du Minnesota,MIN,7,3,REG,3,REG,8475660,8477451.0,,,,,,,,,,,,,,,,,,,,MIN
2021020255,20212022,2,2021-11-18,False,2021-11-19T02:00:00Z,-05:00,-07:00,America/Edmonton,OFF,OK,52,Jets,Winnipeg,de Winnipeg,WPG,1,22,Oilers,Edmonton,d'Edmonton,EDM,2,5,SO,3,SO,8479973,,/video/wpg-edm-328105868,,,,,,,,,,,,,,,,,,,EDM
2021020256,20212022,2,2021-11-18,False,2021-11-19T02:00:00Z,-05:00,-07:00,America/Phoenix,OFF,OK,29,Blue Jackets,Columbus,de Columbus,CBJ,5,53,Coyotes,Arizona,de l'Arizona,ARI,4,5,SO,3,SO,8478007,,/video/cbj-ari-328108486,,,,,,,,,,,,,,,,,,,CBJ
2021020258,20212022,2,2021-11-18,False,2021-11-19T03:00:00Z,-05:00,-08:00,America/Los_Angeles,OFF,OK,12,Hurricanes,Carolina,de la Caroline,CAR,2,24,Ducks,Anaheim,d'Anaheim,ANA,1,3,REG,3,REG,8475883,8482093.0,/video/car-ana-328109596,,,,,,,,,,,,,,,,,,,CAR
2021020257,20212022,2,2021-11-18,False,2021-11-19T03:00:00Z,-05:00,-08:00,US/Pacific,OFF,OK,17,Red Wings,Detroit,de Detroit,DET,2,54,Golden Knights,Vegas,de Vegas,VGK,5,3,REG,3,REG,8475215,8480727.0,/video/det-vgk-328108992,,,,,,,,,,,,,,,,,,,VGK
2021020260,20212022,2,2021-11-19,False,2021-11-20T03:00:00Z,-05:00,-08:00,US/Pacific,OFF,OK,21,Avalanche,Colorado,du Colorado,COL,7,55,Kraken,Seattle,de Seattle,SEA,3,3,REG,3,REG,8475311,8477444.0,/video/col-sea-328133276,,,,,,,,,,,,,,,,,,,COL
2021020259,20212022,2,2021-11-19,False,2021-11-20T03:00:00Z,-05:00,-08:00,America/Vancouver,OFF,OK,52,Jets,Winnipeg,de Winnipeg,WPG,2,23,Canucks,Vancouver,de Vancouver,VAN,3,3,REG,3,REG,8477967,8478856.0,/video/wpg-van-328132464,,,,,,,,,,,,,,,,,,,VAN
2021020272,20212022,2,2021-11-20,False,2021-11-20T21:00:00Z,-05:00,-08:00,America/Los_Angeles,OFF,OK,12,Hurricanes,Carolina,de la Caroline,CAR,5,26,Kings,Los Angeles,de Los Angeles,LAK,4,3,REG,3,REG,8475883,8480039.0,/video/car-lak-328149550,,,,,,,,,,,,,,,,,,,CAR
2021020264,20212022,2,2021-11-20,False,2021-11-20T21:00:00Z,-05:00,-05:00,US/Eastern,OFF,OK,1,Devils,New Jersey,du New Jersey,NJD,5,14,Lightning,Tampa Bay,de Tampa Bay,TBL,3,3,REG,3,REG,8478406,8481068.0,/video/njd-tbl-328149724,,,,,,,,,,,,,,,,,,,NJD
2021020265,20212022,2,2021-11-20,False,2021-11-20T23:00:00Z,-05:00,-05:00,US/Eastern,OFF,OK,30,Wild,Minnesota,du Minnesota,MIN,4,13,Panthers,Florida,de la Floride,FLA,5,3,REG,3,REG,8475683,8477935.0,/video/min-fla-328159598,,,,,,,,,,,,,,,,,,,FLA
2021020262,20212022,2,2021-11-20,False,2021-11-21T00:00:00Z,-05:00,-05:00,America/Montreal,OFF,OK,18,Predators,Nashville,de Nashville,NSH,3,8,Canadiens,Montréal,de Montréal,MTL,6,3,REG,3,REG,8478470,8480068.0,/video/nsh-mtl-328165426,,,,,,,,,,,,,,,,,,,MTL
2021020261,20212022,2,2021-11-20,False,2021-11-21T00:00:00Z,-05:00,-05:00,America/Toronto,OFF,OK,5,Penguins,Pittsburgh,de Pittsburgh,PIT,2,10,Maple Leafs,Toronto,de Toronto,TOR,0,3,REG,3,REG,8477465,8477404.0,/video/pit-tor-328162418,,,,,,,,,,,,,,,,,,,PIT
2021020267,20212022,2,2021-11-20,False,2021-11-21T00:00:00Z,-05:00,-05:00,US/Eastern,OFF,OK,6,Bruins,Boston,de Boston,BOS,5,4,Flyers,Philadelphia,de Philadelphie,PHI,2,3,REG,3,REG,8476999,8475762.0,/video/bos-phi-328163490,,,,,,,,,,,,,,,,,,,BOS
2021020266,20212022,2,2021-11-20,False,2021-11-21T00:00:00Z,-05:00,-05:00,America/New_York,OFF,OK,20,Flames,Calgary,de Calgary,CGY,5,2,Islanders,New York,de New York,NYI,2,3,REG,3,REG,8474593,8478233.0,/video/cgy-nyi-328164784,,Markström,,,,,,,,,,,,,,,,,CGY
2021020268,20212022,2,2021-11-20,False,2021-11-21T01:00:00Z,-05:00,-06:00,US/Central,OFF,OK,19,Blues,St. Louis,de St. Louis,STL,1,25,Stars,Dallas,de Dallas,DAL,4,3,REG,3,REG,8479979,8478449.0,/video/stl-dal-328170102,,,,,,,,,,,,,,,,,,,DAL
2021020270,20212022,2,2021-11-20,False,2021-11-21T01:00:00Z,-05:00,-07:00,America/Phoenix,OFF,OK,17,Red Wings,Detroit,de Detroit,DET,1,53,Coyotes,Arizona,de l'Arizona,ARI,2,4,OT,3,OT,8475809,8479343.0,/video/det-ari-328169496,,,,,,,,,,,,,,,,,,,ARI
2021020269,20212022,2,2021-11-20,False,2021-11-21T03:00:00Z,-05:00,-07:00,America/Edmonton,OFF,OK,16,Blackhawks,Chicago,de Chicago,CHI,2,22,Oilers,Edmonton,d'Edmonton,EDM,5,3,REG,3,REG,8479973,8479977.0,/video/chi-edm-328178574,,,,,,,,,,,,,,,,,,,EDM
2021020271,20212022,2,2021-11-20,False,2021-11-21T03:00:00Z,-05:00,-08:00,US/Pacific,OFF,OK,29,Blue Jackets,Columbus,de Columbus,CBJ,2,54,Golden Knights,Vegas,de Vegas,VGK,3,3,REG,3,REG,8476316,8477406.0,/video/cbj-vgk-328178530,,,,,,,,,,,,,,,,,,,VGK
2021020273,20212022,2,2021-11-20,False,2021-11-21T03:30:00Z,-05:00,-08:00,US/Pacific,OFF,OK,15,Capitals,Washington,de Washington,WSH,4,28,Sharks,San Jose,de San Jose,SJS,0,3,REG,3,REG,8478492,8477839.0,/video/wsh-sjs-328179116,,,,,,,,,,,,,,,,,,,WSH
2021020275,20212022,2,2021-11-21,False,2021-11-21T22:00:00Z,-05:00,-05:00,US/Eastern,OFF,OK,30,Wild,Minnesota,du Minnesota,MIN,4,14,Lightning,Tampa Bay,de Tampa Bay,TBL,5,5,SO,3,SO,8470880,,/video/min-tbl-328196420,,,,,,,,,,,,,,,,,,,TBL
2021020277,20212022,2,2021-11-21,False,2021-11-21T23:00:00Z,-05:00,-05:00,America/New_York,OFF,OK,7,Sabres,Buffalo,de Buffalo,BUF,4,3,Rangers,New York,de New York,NYR,5,3,REG,3,REG,8478048,8479324.0,/video/buf-nyr-328198332,,,,,,,,,,,,,,,,,,,NYR
2021020274,20212022,2,2021-11-21,False,2021-11-22T00:00:00Z,-05:00,-05:00,US/Eastern,OFF,OK,20,Flames,Calgary,de Calgary,CGY,4,6,Bruins,Boston,de Boston,BOS,0,3,REG,3,REG,8478435,8476346.0,/video/cgy-bos-328202408,,,,,,,,,,,,,,,,,,,CGY
2021020276,20212022,2,2021-11-21,False,2021-11-22T00:30:00Z,-05:00,-05:00,America/New_York,OFF,OK,10,Maple Leafs,Toronto,de Toronto,TOR,3,2,Islanders,New York,de New York,NYI,0,3,REG,3,REG,8479361,8478483.0,/video/tor-nyi-328203682,,,,,,,,,,,,,,,,,,,TOR
2021020278,20212022,2,2021-11-21,False,2021-11-22T01:00:00Z,-05:00,-08:00,America/Vancouver,OFF,OK,16,Blackhawks,Chicago,de Chicago,CHI,1,23,Canucks,Vancouver,de Vancouver,VAN,0,3,REG,3,REG,8470594,8479542.0,/video/chi-van-328206146,,,,,,,,,,,,,,,,,,,CHI
2021020280,20212022,2,2021-11-21,False,2021-11-22T02:00:00Z,-05:00,-08:00,US/Pacific,OFF,OK,15,Capitals,Washington,de Washington,WSH,2,55,Kraken,Seattle,de Seattle,SEA,5,3,REG,3,REG,8475831,8476457.0,/video/wsh-sea-328209056,,,,,,,,,,,,,,,,,,,SEA
2021020279,20212022,2,2021-11-21,False,2021-11-22T03:00:00Z,-05:00,-08:00,America/Los_Angeles,OFF,OK,53,Coyotes,Arizona,de l'Arizona,ARI,2,26,Kings,Los Angeles,de Los Angeles,LAK,1,4,OT,3,OT,8478872,8478476.0,/video/ari-lak-328210324,,,,,,,,,,,,,,,,,,,ARI
2021020281,20212022,2,2021-11-22,False,2021-11-23T00:00:00Z,-05:00,-05:00,America/New_York,OFF,OK,29,Blue Jackets,Columbus,de Columbus,CBJ,7,7,Sabres,Buffalo,de Buffalo,BUF,4,3,REG,3,REG,8476914,8478882.0,/video/cbj-buf-328236734,,,,,,,,,,,,,,,,,,,CBJ
2021020282,20212022,2,2021-11-22,False,2021-11-23T01:00:00Z,-05:00,-06:00,US/Central,OFF,OK,54,Golden Knights,Vegas,de Vegas,VGK,2,19,Blues,St. Louis,de St. Louis,STL,5,3,REG,3,REG,8476412,8475753.0,/video/vgk-stl-328241970,,,,,,,,,,,,,,,,,,,STL
2021020283,20212022,2,2021-11-22,False,2021-11-23T01:00:00Z,-05:00,-06:00,US/Central,OFF,OK,24,Ducks,Anaheim,d'Anaheim,ANA,2,18,Predators,Nashville,de Nashville,NSH,3,3,REG,3,REG,8477424,8478508.0,/video/ana-nsh-328241742,,,,,,,,,,,,,,,,,,,NSH
2021020285,20212022,2,2021-11-22,False,2021-11-23T01:30:00Z,-05:00,-07:00,America/Denver,OFF,OK,9,Senators,Ottawa,d'Ottawa,OTT,5,21,Avalanche,Colorado,du Colorado,COL,7,3,REG,3,REG,8475311,8481618.0,/video/ott-col-328243774,Sénateurs,,,,,,,,,,,,,,,,,,COL
2021020284,20212022,2,2021-11-22,False,2021-11-23T01:30:00Z,-05:00,-06:00,America/Winnipeg,OFF,OK,5,Penguins,Pittsburgh,de Pittsburgh,PIT,3,52,Jets,Winnipeg,de Winnipeg,WPG,1,3,REG,3,REG,8477465,8478046.0,/video/pit-wpg-328242918,,,,,,,,,,,,,,,,,,,PIT
2021020286,20212022,2,2021-11-22,False,2021-11-23T03:30:00Z,-05:00,-08:00,US/Pacific,OFF,OK,12,Hurricanes,Carolina,de la Caroline,CAR,1,28,Sharks,San Jose,de San Jose,SJS,2,4,OT,3,OT,8473503,8482222.0,/video/car-sjs-328248234,,,,,,,,,,,,,,,,,,,SJS
2021020287,20212022,2,2021-11-23,False,2021-11-24T00:00:00Z,-05:00,-05:00,US/Eastern,OFF,OK,4,Flyers,Philadelphia,de Philadelphie,PHI,0,14,Lightning,Tampa Bay,de Tampa Bay,TBL,4,3,REG,3,REG,8476883,8474567.0,/video/phi-tbl-328273024,,,,,,,,,,,,,,,,,,,TBL
2021020288,20212022,2,2021-11-23,False,2021-11-24T01:30:00Z,-05:00,-06:00,US/Central,OFF,OK,22,Oilers,Edmonton,d'Edmonton,EDM,1,25,Stars,Dallas,de Dallas,DAL,4,3,REG,3,REG,8479979,8480027.0,/video/edm-dal-328278694,,,,,,,,,,,,,,,,,,,DAL
2021020289,20212022,2,2021-11-23,False,2021-11-24T02:00:00Z,-05:00,-07:00,America/Edmonton,OFF,OK,16,Blackhawks,Chicago,de Chicago,CHI,2,20,Flames,Calgary,de Calgary,CGY,5,3,REG,3,REG,8474593,8479314.0,/video/chi-cgy-328278264,,Markström,,,,,,,,,,,,,,,,,CGY
2021020295,20212022,2,2021-11-24,False,2021-11-25T00:00:00Z,-05:00,-05:00,US/Eastern,OFF,OK,23,Canucks,Vancouver,de Vancouver,VAN,1,5,Penguins,Pittsburgh,de Pittsburgh,PIT,4,3,REG,3,REG,8477465,8478542.0,/video/van-pit-328312894,,,,,,,,,,,,,,,,,,,PIT
2021020290,20212022,2,2021-11-24,False,2021-11-25T00:00:00Z,-05:00,-05:00,America/New_York,OFF,OK,6,Bruins,Boston,de Boston,BOS,5,7,Sabres,Buffalo,de Buffalo,BUF,1,3,REG,3,REG,8480280,8475745.0,/video/bos-buf-328310942,,,,,,,,,,,,,,,,,,,BOS
2021020296,20212022,2,2021-11-24,False,2021-11-25T00:00:00Z,-05:00,-05:00,US/Eastern,OFF,OK,8,Canadiens,Montréal,de Montréal,MTL,3,15,Capitals,Washington,de Washington,WSH,6,3,REG,3,REG,8478492,8475744.0,/video/mtl-wsh-328313132,,,,,,,,,,,,,,,,,,,WSH
2021020292,20212022,2,2021-11-24,False,2021-11-25T00:00:00Z,-05:00,-05:00,US/Eastern,OFF,OK,4,Flyers,Philadelphia,de Philadelphie,PHI,1,13,Panthers,Florida,de la Floride,FLA,2,4,OT,3,OT,8475683,8477932.0,/video/phi-fla-328313494,,,,,,,,,,,,,,,,,,,FLA
2021020297,20212022,2,2021-11-24,False,2021-11-25T00:00:00Z,-05:00,-05:00,US/Eastern,OFF,OK,52,Jets,Winnipeg,de Winnipeg,WPG,0,29,Blue Jackets,Columbus,de Columbus,CBJ,3,3,REG,3,REG,8478007,8476345.0,/video/wpg-cbj-328312388,,,,,,,,,,,,,,,,,,,CBJ
2021020293,20212022,2,2021-11-24,False,2021-11-25T00:00:00Z,-05:00,-05:00,US/Eastern,OFF,OK,30,Wild,Minnesota,du Minnesota,MIN,3,1,Devils,New Jersey,du New Jersey,NJD,2,5,SO,3,SO,8475660,,/video/min-njd-328318546,,,,,,,,,,,,,,,,,,,MIN
2021020291,20212022,2,2021-11-24,False,2021-11-25T00:30:00Z,-05:00,-05:00,America/Detroit,OFF,OK,19,Blues,St. Louis,de St. Louis,STL,2,17,Red Wings,Detroit,de Detroit,DET,4,3,REG,3,REG,8477968,8477454.0,/video/stl-det-328316438,,,,,,,,,,,,,,,,,,,DET
2021020294,20212022,2,2021-11-24,False,2021-11-25T00:30:00Z,-05:00,-05:00,America/New_York,OFF,OK,3,Rangers,New York,de New York,NYR,4,2,Islanders,New York,de New York,NYI,1,3,REG,3,REG,8478048,8479291.0,/video/nyr-nyi-328316542,,,,,,,,,,,,,,,,,,,NYR
2021020298,20212022,2,2021-11-24,False,2021-11-25T01:00:00Z,-05:00,-06:00,US/Central,OFF,OK,54,Golden Knights,Vegas,de Vegas,VGK,5,18,Predators,Nashville,de Nashville,NSH,2,3,REG,3,REG,8475215,8478996.0,/video/vgk-nsh-328322154,,,,,,,,,,,,,,,,,,,VGK
2021020299,20212022,2,2021-11-24,False,2021-11-25T02:00:00Z,-05:00,-07:00,America/Denver,OFF,OK,24,Ducks,Anaheim,d'Anaheim,ANA,2,21,Avalanche,Colorado,du Colorado,COL,5,3,REG,3,REG,8477992,8477979.0,/video/ana-col-328327888,,,,,,,,,,,,,,,,,,,COL
2021020303,20212022,2,2021-11-24,False,2021-11-25T03:00:00Z,-05:00,-08:00,US/Pacific,OFF,OK,12,Hurricanes,Carolina,de la Caroline,CAR,1,55,Kraken,Seattle,de Seattle,SEA,2,3,REG,3,REG,8475831,8475149.0,/video/car-sea-328332390,,,,,,,,,,,,,,,,,,,SEA
2021020300,20212022,2,2021-11-24,False,2021-11-25T03:00:00Z,-05:00,-07:00,America/Phoenix,OFF,OK,22,Oilers,Edmonton,d'Edmonton,EDM,5,53,Coyotes,Arizona,de l'Arizona,ARI,3,3,REG,3,REG,8475156,8477934.0,/video/edm-ari-328332808,,,,,,,,,,,,,,,,,,,EDM
2021020301,20212022,2,2021-11-24,False,2021-11-25T03:00:00Z,-05:00,-08:00,America/Los_Angeles,OFF,OK,10,Maple Leafs,Toronto,de Toronto,TOR,6,26,Kings,Los Angeles,de Los Angeles,LAK,2,3,REG,3,REG,8475789,8475166.0,/video/tor-lak-328331434,,,,,,,,,,,,,,,,,,,TOR
2021020302,20212022,2,2021-11-24,False,2021-11-25T03:30:00Z,-05:00,-08:00,US/Pacific,OFF,OK,9,Senators,Ottawa,d'Ottawa,OTT,3,28,Sharks,San Jose,de San Jose,SJS,6,3,REG,3,REG,8473503,8478414.0,/video/ott-sjs-328334214,Sénateurs,,,,,,,,,,,,,,,,,,SJS
2021020304,20212022,2,2021-11-26,False,2021-11-26T18:00:00Z,-05:00,-05:00,US/Eastern,OFF,OK,3,Rangers,New York,de New York,NYR,5,6,Bruins,Boston,de Boston,BOS,2,3,REG,3,REG,8478048,8478550.0,/video/nyr-bos-328352974,,,,,,,,,,,,,,,,,,,NYR
2021020314,20212022,2,2021-11-26,False,2021-11-26T20:30:00Z,-05:00,-06:00,US/Central,OFF,OK,52,Jets,Winnipeg,de Winnipeg,WPG,1,30,Wild,Minnesota,du Minnesota,MIN,7,3,REG,3,REG,8475660,8475692.0,,,,,,,,,,,,,,,,,,,,MIN
2021020308,20212022,2,2021-11-26,False,2021-11-26T20:30:00Z,-05:00,-05:00,US/Eastern,OFF,OK,12,Hurricanes,Carolina,de la Caroline,CAR,6,4,Flyers,Philadelphia,de Philadelphie,PHI,3,3,REG,3,REG,8477293,8480829.0,/video/car-phi-328361798,,,,,,,,,,,,,,,,,,,CAR
2021020311,20212022,2,2021-11-26,False,2021-11-26T20:30:00Z,-05:00,-06:00,America/Chicago,OFF,OK,19,Blues,St. Louis,de St. Louis,STL,2,16,Blackhawks,Chicago,de Chicago,CHI,3,4,OT,3,OT,8480947,8479337.0,/video/stl-chi-328362328,,,,,,,,,,,,,,,,,,,CHI
2021020315,20212022,2,2021-11-26,False,2021-11-26T21:00:00Z,-05:00,-08:00,America/Los_Angeles,OFF,OK,9,Senators,Ottawa,d'Ottawa,OTT,0,24,Ducks,Anaheim,d'Anaheim,ANA,4,3,REG,3,REG,8476932,8480806.0,/video/ott-ana-328364170,Sénateurs,,,,,,,,,,,,,,,,,,ANA
2021020309,20212022,2,2021-11-26,False,2021-11-26T22:00:00Z,-05:00,-05:00,US/Eastern,OFF,OK,13,Panthers,Florida,de la Floride,FLA,3,15,Capitals,Washington,de Washington,WSH,4,3,REG,3,REG,8478492,8471214.0,/video/fla-wsh-328368772,,,,,,,,,,,,,,,,,,,WSH
2021020312,20212022,2,2021-11-26,False,2021-11-26T23:00:00Z,-05:00,-06:00,US/Central,OFF,OK,1,Devils,New Jersey,du New Jersey,NJD,2,18,Predators,Nashville,de Nashville,NSH,4,3,REG,3,REG,8477424,8475798.0,/video/njd-nsh-328371122,,,,,,,,,,,,,,,,,,,NSH
2021020305,20212022,2,2021-11-26,False,2021-11-27T00:00:00Z,-05:00,-05:00,America/New_York,OFF,OK,8,Canadiens,Montréal,de Montréal,MTL,1,7,Sabres,Buffalo,de Buffalo,BUF,4,3,REG,3,REG,8474682,8475236.0,/video/mtl-buf-328374906,,,,,,,,,,,,,,,,,,,BUF
2021020310,20212022,2,2021-11-26,False,2021-11-27T00:00:00Z,-05:00,-05:00,US/Eastern,OFF,OK,23,Canucks,Vancouver,de Vancouver,VAN,2,29,Blue Jackets,Columbus,de Columbus,CBJ,4,3,REG,3,REG,8478007,8478458.0,/video/van-cbj-328374634,,,,,,,,,,,,,,,,,,,CBJ
2021020306,20212022,2,2021-11-26,False,2021-11-27T00:00:00Z,-05:00,-05:00,US/Eastern,OFF,OK,55,Kraken,Seattle,de Seattle,SEA,0,14,Lightning,Tampa Bay,de Tampa Bay,TBL,3,3,REG,3,REG,8476883,8477930.0,/video/sea-tbl-328374806,,,,,,,,,,,,,,,,,,,TBL
2021020313,20212022,2,2021-11-26,False,2021-11-27T00:30:00Z,-05:00,-06:00,US/Central,OFF,OK,21,Avalanche,Colorado,du Colorado,COL,1,25,Stars,Dallas,de Dallas,DAL,3,3,REG,3,REG,8479979,8470794.0,/video/col-dal-328378336,,,,,,,,,,,,,,,,,,,DAL
2021020307,20212022,2,2021-11-26,False,2021-11-27T00:30:00Z,-05:00,-05:00,America/New_York,OFF,OK,5,Penguins,Pittsburgh,de Pittsburgh,PIT,1,2,Islanders,New York,de New York,NYI,0,3,REG,3,REG,8477465,8477953.0,/video/pit-nyi-328377928,,,,,,,,,,,,,,,,,,,PIT
2021020316,20212022,2,2021-11-26,False,2021-11-27T03:30:00Z,-05:00,-08:00,US/Pacific,OFF,OK,10,Maple Leafs,Toronto,de Toronto,TOR,4,28,Sharks,San Jose,de San Jose,SJS,1,3,REG,3,REG,8479361,8474190.0,/video/tor-sjs-328383256,,,,,,,,,,,,,,,,,,,TOR
2021020318,20212022,2,2021-11-27,False,2021-11-27T23:00:00Z,-05:00,-05:00,US/Eastern,OFF,OK,55,Kraken,Seattle,de Seattle,SEA,4,13,Panthers,Florida,de la Floride,FLA,1,3,REG,3,REG,8476904,8477987.0,/video/sea-fla-328399472,,,,,,,,,,,,,,,,,,,SEA
2021020317,20212022,2,2021-11-27,False,2021-11-28T00:00:00Z,-05:00,-05:00,America/Detroit,OFF,OK,7,Sabres,Buffalo,de Buffalo,BUF,2,17,Red Wings,Detroit,de Detroit,DET,3,4,OT,3,OT,8477968,8482078.0,/video/buf-det-328406916,,,,,,,,,,,,,,,,,,,DET
2021020324,20212022,2,2021-11-27,False,2021-11-28T00:00:00Z,-05:00,-08:00,US/Pacific,OFF,OK,22,Oilers,Edmonton,d'Edmonton,EDM,3,54,Golden Knights,Vegas,de Vegas,VGK,2,3,REG,3,REG,8475156,8479344.0,/video/edm-vgk-328405728,,,,,,,,,,,,,,,,,,,EDM
2021020319,20212022,2,2021-11-27,False,2021-11-28T00:00:00Z,-05:00,-05:00,US/Eastern,OFF,OK,8,Canadiens,Montréal,de Montréal,MTL,6,5,Penguins,Pittsburgh,de Pittsburgh,PIT,3,3,REG,3,REG,8474596,8476981.0,/video/mtl-pit-328409930,,,,,,,,,,,,,,,,,,,MTL
2021020325,20212022,2,2021-11-27,False,2021-11-28T00:00:00Z,-05:00,-08:00,America/Los_Angeles,OFF,OK,9,Senators,Ottawa,d'Ottawa,OTT,2,26,Kings,Los Angeles,de Los Angeles,LAK,4,3,REG,3,REG,8477361,8481560.0,/video/ott-lak-328407860,Sénateurs,,,,,,,,,,,,,,,,,,LAK
2021020320,20212022,2,2021-11-27,False,2021-11-28T01:00:00Z,-05:00,-06:00,US/Central,OFF,OK,29,Blue Jackets,Columbus,de Columbus,CBJ,3,19,Blues,St. Louis,de St. Louis,STL,6,3,REG,3,REG,8478024,8475753.0,/video/cbj-stl-328411614,,,,,,,,,,,,,,,,,,,STL
2021020323,20212022,2,2021-11-27,False,2021-11-28T01:00:00Z,-05:00,-07:00,America/Phoenix,OFF,OK,25,Stars,Dallas,de Dallas,DAL,3,53,Coyotes,Arizona,de l'Arizona,ARI,2,3,REG,3,REG,8474651,8480027.0,/video/dal-ari-328411810,,,,,,,,,,,,,,,,,,,DAL
2021020321,20212022,2,2021-11-27,False,2021-11-28T02:00:00Z,-05:00,-07:00,America/Denver,OFF,OK,18,Predators,Nashville,de Nashville,NSH,2,21,Avalanche,Colorado,du Colorado,COL,6,3,REG,3,REG,8477992,8481524.0,/video/nsh-col-328415700,,,,,,,,,,,,,,,,,,,COL
2021020322,20212022,2,2021-11-27,False,2021-11-28T03:00:00Z,-05:00,-07:00,America/Edmonton,OFF,OK,52,Jets,Winnipeg,de Winnipeg,WPG,4,20,Flames,Calgary,de Calgary,CGY,2,3,REG,3,REG,8476945,8478398.0,/video/wpg-cgy-328417298,,,,,,,,,,,,,,,,,,,WPG
2021020329,20212022,2,2021-11-28,False,2021-11-28T18:00:00Z,-05:00,-05:00,US/Eastern,OFF,OK,15,Capitals,Washington,de Washington,WSH,4,12,Hurricanes,Carolina,de la Caroline,CAR,2,3,REG,3,REG,8478492,8475200.0,/video/wsh-car-328428738,,,,,,,,,,,,,,,,,,,WSH
2021020331,20212022,2,2021-11-28,False,2021-11-28T19:00:00Z,-05:00,-06:00,US/Central,OFF,OK,14,Lightning,Tampa Bay,de Tampa Bay,TBL,2,30,Wild,Minnesota,du Minnesota,MIN,4,3,REG,3,REG,8475660,8477451.0,,,,,,,,,,,,,,,,,,,,MIN
2021020330,20212022,2,2021-11-28,False,2021-11-29T00:00:00Z,-05:00,-06:00,America/Chicago,OFF,OK,28,Sharks,San Jose,de San Jose,SJS,2,16,Blackhawks,Chicago,de Chicago,CHI,0,3,REG,3,REG,8473503,8478414.0,/video/sjs-chi-328436290,,,,,,,,,,,,,,,,,,,SJS
2021020327,20212022,2,2021-11-28,False,2021-11-29T00:00:00Z,-05:00,-05:00,US/Eastern,OFF,OK,4,Flyers,Philadelphia,de Philadelphie,PHI,2,1,Devils,New Jersey,du New Jersey,NJD,5,3,REG,3,REG,8478406,8479407.0,/video/phi-njd-328437318,,,,,,,,,,,,,,,,,,,NJD
2021020326,20212022,2,2021-11-28,False,2021-11-29T00:00:00Z,-05:00,-05:00,US/Eastern,OFF,OK,23,Canucks,Vancouver,de Vancouver,VAN,2,6,Bruins,Boston,de Boston,BOS,3,3,REG,3,REG,8476999,8477956.0,/video/van-bos-328437842,,,,,,,,,,,,,,,,,,,BOS
2021020332,20212022,2,2021-11-28,False,2021-11-29T01:00:00Z,-05:00,-08:00,America/Los_Angeles,OFF,OK,10,Maple Leafs,Toronto,de Toronto,TOR,5,24,Ducks,Anaheim,d'Anaheim,ANA,1,3,REG,3,REG,8475789,8478047.0,/video/tor-ana-328440286,,,,,,,,,,,,,,,,,,,TOR
2021020333,20212022,2,2021-11-29,False,2021-11-30T00:00:00Z,-05:00,-05:00,America/New_York,OFF,OK,55,Kraken,Seattle,de Seattle,SEA,7,7,Sabres,Buffalo,de Buffalo,BUF,4,3,REG,3,REG,8476904,8478891.0,/video/sea-buf-328464350,,,,,,,,,,,,,,,,,,,SEA
2021020335,20212022,2,2021-11-29,False,2021-11-30T00:30:00Z,-05:00,-06:00,America/Winnipeg,OFF,OK,53,Coyotes,Arizona,de l'Arizona,ARI,1,52,Jets,Winnipeg,de Winnipeg,WPG,0,3,REG,3,REG,8478872,8474849.0,/video/ari-wpg-328466294,,,,,,,,,,,,,,,,,,,ARI
2021020334,20212022,2,2021-11-29,False,2021-11-30T00:30:00Z,-05:00,-05:00,America/Montreal,OFF,OK,23,Canucks,Vancouver,de Vancouver,VAN,2,8,Canadiens,Montréal,de Montréal,MTL,1,3,REG,3,REG,8477967,8478856.0,/video/van-mtl-328465912,,,,,,,,,,,,,,,,,,,VAN
2021020336,20212022,2,2021-11-29,False,2021-11-30T02:00:00Z,-05:00,-07:00,America/Edmonton,OFF,OK,5,Penguins,Pittsburgh,de Pittsburgh,PIT,1,20,Flames,Calgary,de Calgary,CGY,2,5,SO,3,SO,8474593,,/video/pit-cgy-328470448,,Markström,,,,,,,,,,,,,,,,,CGY
2021020339,20212022,2,2021-11-30,False,2021-12-01T00:00:00Z,-05:00,-05:00,US/Eastern,OFF,OK,28,Sharks,San Jose,de San Jose,SJS,5,1,Devils,New Jersey,du New Jersey,NJD,2,3,REG,3,REG,8473503,8478414.0,/video/sjs-njd-328495930,,,,,,,,,,,,,,,,,,,SJS
2021020338,20212022,2,2021-11-30,False,2021-12-01T00:00:00Z,-05:00,-05:00,US/Eastern,OFF,OK,15,Capitals,Washington,de Washington,WSH,4,13,Panthers,Florida,de la Floride,FLA,5,3,REG,3,REG,8475683,8477933.0,/video/wsh-fla-328497940,,,,,,,,,,,,,,,,,,,FLA
2021020337,20212022,2,2021-11-30,False,2021-12-01T00:00:00Z,-05:00,-05:00,US/Eastern,OFF,OK,17,Red Wings,Detroit,de Detroit,DET,2,6,Bruins,Boston,de Boston,BOS,1,3,REG,3,REG,8477968,8471686.0,/video/det-bos-328498204,,,,,,,,,,,,,,,,,,,DET
2021020342,20212022,2,2021-11-30,False,2021-12-01T01:00:00Z,-05:00,-06:00,US/Central,OFF,OK,29,Blue Jackets,Columbus,de Columbus,CBJ,0,18,Predators,Nashville,de Nashville,NSH,6,3,REG,3,REG,8477424,8476887.0,/video/cbj-nsh-328501568,,,,,,,,,,,,,,,,,,,NSH
2021020341,20212022,2,2021-11-30,False,2021-12-01T01:00:00Z,-05:00,-06:00,US/Central,OFF,OK,14,Lightning,Tampa Bay,de Tampa Bay,TBL,3,19,Blues,St. Louis,de St. Louis,STL,4,5,SO,3,SO,8476412,,/video/tbl-stl-328501250,,,,,,,,,,,,,,,,,,,STL
2021020344,20212022,2,2021-11-30,False,2021-12-01T01:00:00Z,-05:00,-06:00,US/Central,OFF,OK,53,Coyotes,Arizona,de l'Arizona,ARI,2,30,Wild,Minnesota,du Minnesota,MIN,5,3,REG,3,REG,8478039,8478413.0,,,Kähkönen,,,,,,,,,,,,,,,,,MIN
2021020343,20212022,2,2021-11-30,False,2021-12-01T01:30:00Z,-05:00,-06:00,US/Central,OFF,OK,12,Hurricanes,Carolina,de la Caroline,CAR,1,25,Stars,Dallas,de Dallas,DAL,4,3,REG,3,REG,8474651,8478449.0,/video/car-dal-328503960,,,,,,,,,,,,,,,,,,,DAL
2021020345,20212022,2,2021-11-30,False,2021-12-01T03:30:00Z,-05:00,-08:00,America/Los_Angeles,OFF,OK,24,Ducks,Anaheim,d'Anaheim,ANA,5,26,Kings,Los Angeles,de Los Angeles,LAK,4,5,SO,3,SO,8476434,,/video/ana-lak-328510078,,,,,,,,,,,,,,,,,,,ANA
2021020349,20212022,2,2021-12-01,False,2021-12-02T00:00:00Z,-05:00,-05:00,America/New_York,OFF,OK,4,Flyers,Philadelphia,de Philadelphie,PHI,1,3,Rangers,New York,de New York,NYR,4,3,REG,3,REG,8478048,8478211.0,,,,,,,,,,,,,,,,,,,,NYR
2021020347,20212022,2,2021-12-01,False,2021-12-02T00:30:00Z,-05:00,-05:00,US/Eastern,OFF,OK,23,Canucks,Vancouver,de Vancouver,VAN,6,9,Senators,Ottawa,d'Ottawa,OTT,2,3,REG,3,REG,8477967,8474568.0,/video/van-ott-328538744,,,Sénateurs,,,,,,,,,,,,,,,,VAN
2021020346,20212022,2,2021-12-01,False,2021-12-02T00:30:00Z,-05:00,-05:00,America/Toronto,OFF,OK,21,Avalanche,Colorado,du Colorado,COL,3,10,Maple Leafs,Toronto,de Toronto,TOR,8,3,REG,3,REG,8475789,8478408.0,/video/col-tor-328539444,,,,,,,,,,,,,,,,,,,TOR
2021020348,20212022,2,2021-12-01,False,2021-12-02T00:30:00Z,-05:00,-05:00,America/Detroit,OFF,OK,55,Kraken,Seattle,de Seattle,SEA,3,17,Red Wings,Detroit,de Detroit,DET,4,5,SO,3,SO,8471306,,/video/sea-det-328541066,,,,,,,,,,,,,,,,,,,DET
2021020351,20212022,2,2021-12-01,False,2021-12-02T03:00:00Z,-05:00,-08:00,America/Los_Angeles,OFF,OK,54,Golden Knights,Vegas,de Vegas,VGK,5,24,Ducks,Anaheim,d'Anaheim,ANA,6,3,REG,3,REG,8476932,8480806.0,/video/vgk-ana-328548708,,,,,,,,,,,,,,,,,,,ANA
2021020350,20212022,2,2021-12-01,False,2021-12-02T03:00:00Z,-05:00,-07:00,America/Edmonton,OFF,OK,5,Penguins,Pittsburgh,de Pittsburgh,PIT,2,22,Oilers,Edmonton,d'Edmonton,EDM,5,3,REG,3,REG,8475156,8479977.0,/video/pit-edm-328548404,,,,,,,,,,,,,,,,,,,EDM
2021020354,20212022,2,2021-12-02,False,2021-12-03T00:00:00Z,-05:00,-05:00,US/Eastern,OFF,OK,7,Sabres,Buffalo,de Buffalo,BUF,4,13,Panthers,Florida,de la Floride,FLA,7,3,REG,3,REG,8481519,8482113.0,/video/buf-fla-328583952,,,,,,,,,,,,,,,,,,,FLA
2021020352,20212022,2,2021-12-02,False,2021-12-03T00:00:00Z,-05:00,-05:00,America/Montreal,OFF,OK,21,Avalanche,Colorado,du Colorado,COL,4,8,Canadiens,Montréal,de Montréal,MTL,1,3,REG,3,REG,8477992,8480069.0,/video/col-mtl-328582546,,,,,,,,,,,,,,,,,,,COL
2021020356,20212022,2,2021-12-02,False,2021-12-03T00:00:00Z,-05:00,-05:00,US/Eastern,OFF,OK,16,Blackhawks,Chicago,de Chicago,CHI,4,15,Capitals,Washington,de Washington,WSH,3,5,SO,3,SO,8470594,,/video/chi-wsh-328584210,,,,,,,,,,,,,,,,,,,CHI
2021020353,20212022,2,2021-12-02,False,2021-12-03T00:00:00Z,-05:00,-05:00,US/Eastern,OFF,OK,19,Blues,St. Louis,de St. Louis,STL,2,14,Lightning,Tampa Bay,de Tampa Bay,TBL,4,3,REG,3,REG,8476883,8475167.0,/video/stl-tbl-328582854,,,,,,,,,,,,,,,,,,,TBL
2021020357,20212022,2,2021-12-02,False,2021-12-03T00:00:00Z,-05:00,-05:00,US/Eastern,OFF,OK,9,Senators,Ottawa,d'Ottawa,OTT,3,12,Hurricanes,Carolina,de la Caroline,CAR,2,3,REG,3,REG,8476341,8480064.0,/video/ott-car-328583584,Sénateurs,,,,,,,,,,,,,,,,,,OTT
2021020355,20212022,2,2021-12-02,False,2021-12-03T00:30:00Z,-05:00,-05:00,America/New_York,OFF,OK,28,Sharks,San Jose,de San Jose,SJS,2,2,Islanders,New York,de New York,NYI,1,4,OT,3,OT,8478499,8474578.0,/video/sjs-nyi-328585808,,,,,,,,,,,,,,,,,,,SJS
2021020360,20212022,2,2021-12-02,False,2021-12-03T01:00:00Z,-05:00,-06:00,US/Central,OFF,OK,1,Devils,New Jersey,du New Jersey,NJD,2,30,Wild,Minnesota,du Minnesota,MIN,5,3,REG,3,REG,8478039,8478864.0,,,Kähkönen,,,,,,,,,,,,,,,,,MIN
2021020358,20212022,2,2021-12-02,False,2021-12-03T01:00:00Z,-05:00,-06:00,US/Central,OFF,OK,6,Bruins,Boston,de Boston,BOS,2,18,Predators,Nashville,de Nashville,NSH,0,3,REG,3,REG,8480280,8478498.0,/video/bos-nsh-328588792,,,,,,,,,,,,,,,,,,,BOS
2021020359,20212022,2,2021-12-02,False,2021-12-03T01:30:00Z,-05:00,-06:00,US/Central,OFF,OK,29,Blue Jackets,Columbus,de Columbus,CBJ,2,25,Stars,Dallas,de Dallas,DAL,3,3,REG,3,REG,8479979,8480027.0,/video/cbj-dal-328589596,,,,,,,,,,,,,,,,,,,DAL
2021020361,20212022,2,2021-12-02,False,2021-12-03T03:30:00Z,-05:00,-08:00,America/Los_Angeles,OFF,OK,20,Flames,Calgary,de Calgary,CGY,3,26,Kings,Los Angeles,de Los Angeles,LAK,2,3,REG,3,REG,8474593,8479314.0,/video/cgy-lak-328595004,,Markström,,,,,,,,,,,,,,,,,CGY
2021020362,20212022,2,2021-12-03,False,2021-12-04T00:00:00Z,-05:00,-05:00,America/New_York,OFF,OK,28,Sharks,San Jose,de San Jose,SJS,0,3,Rangers,New York,de New York,NYR,1,3,REG,3,REG,8478048,8476458.0,/video/sjs-nyr-328618418,,,,,,,,,,,,,,,,,,,NYR
2021020363,20212022,2,2021-12-03,False,2021-12-04T01:00:00Z,-05:00,-06:00,America/Winnipeg,OFF,OK,1,Devils,New Jersey,du New Jersey,NJD,4,52,Jets,Winnipeg,de Winnipeg,WPG,8,3,REG,3,REG,8476945,8477504.0,/video/njd-wpg-328620896,,,,,,,,,,,,,,,,,,,WPG
2021020364,20212022,2,2021-12-03,False,2021-12-04T02:30:00Z,-05:00,-07:00,America/Phoenix,OFF,OK,54,Golden Knights,Vegas,de Vegas,VGK,7,53,Coyotes,Arizona,de l'Arizona,ARI,1,3,REG,3,REG,8476316,8474157.0,/video/vgk-ari-328627618,,,,,,,,,,,,,,,,,,,VGK
2021020366,20212022,2,2021-12-03,False,2021-12-04T03:00:00Z,-05:00,-08:00,US/Pacific,OFF,OK,22,Oilers,Edmonton,d'Edmonton,EDM,3,55,Kraken,Seattle,de Seattle,SEA,4,3,REG,3,REG,8475831,8477505.0,/video/edm-sea-328628326,,,,,,,,,,,,,,,,,,,SEA
2021020365,20212022,2,2021-12-03,False,2021-12-04T03:00:00Z,-05:00,-08:00,America/Los_Angeles,OFF,OK,20,Flames,Calgary,de Calgary,CGY,4,24,Ducks,Anaheim,d'Anaheim,ANA,3,5,SO,3,SO,8478435,,/video/cgy-ana-328629552,,,,,,,,,,,,,,,,,,,CGY
2021020370,20212022,2,2021-12-04,False,2021-12-04T18:00:00Z,-05:00,-05:00,US/Eastern,OFF,OK,19,Blues,St. Louis,de St. Louis,STL,3,13,Panthers,Florida,de la Floride,FLA,4,5,SO,3,SO,8475683,,/video/stl-fla-328641736,,,,,,,,,,,,,,,,,,,FLA
2021020369,20212022,2,2021-12-04,False,2021-12-05T00:00:00Z,-05:00,-05:00,America/Detroit,OFF,OK,2,Islanders,New York,de New York,NYI,3,17,Red Wings,Detroit,de Detroit,DET,4,4,OT,3,OT,8477968,8481542.0,/video/nyi-det-328655994,,,,,,,,,,,,,,,,,,,DET
2021020368,20212022,2,2021-12-04,False,2021-12-05T00:00:00Z,-05:00,-05:00,US/Eastern,OFF,OK,21,Avalanche,Colorado,du Colorado,COL,5,9,Senators,Ottawa,d'Ottawa,OTT,6,4,OT,3,OT,8476341,8480801.0,/video/col-ott-328658524,,,Sénateurs,,,,,,,,,,,,,,,,OTT
2021020372,20212022,2,2021-12-04,False,2021-12-05T00:00:00Z,-05:00,-05:00,US/Eastern,OFF,OK,29,Blue Jackets,Columbus,de Columbus,CBJ,1,15,Capitals,Washington,de Washington,WSH,3,3,REG,3,REG,8478492,8471214.0,/video/cbj-wsh-328654584,,,,,,,,,,,,,,,,,,,WSH
2021020374,20212022,2,2021-12-04,False,2021-12-05T00:00:00Z,-05:00,-06:00,US/Central,OFF,OK,8,Canadiens,Montréal,de Montréal,MTL,3,18,Predators,Nashville,de Nashville,NSH,4,4,OT,3,OT,8477424,8476887.0,/video/mtl-nsh-328658544,,,,,,,,,,,,,,,,,,,NSH
2021020367,20212022,2,2021-12-04,False,2021-12-05T00:00:00Z,-05:00,-05:00,US/Eastern,OFF,OK,14,Lightning,Tampa Bay,de Tampa Bay,TBL,3,6,Bruins,Boston,de Boston,BOS,2,4,OT,3,OT,8476883,8474564.0,/video/tbl-bos-328655924,,,,,,,,,,,,,,,,,,,TBL
2021020375,20212022,2,2021-12-04,False,2021-12-05T00:00:00Z,-05:00,-06:00,US/Central,OFF,OK,10,Maple Leafs,Toronto,de Toronto,TOR,3,30,Wild,Minnesota,du Minnesota,MIN,4,5,SO,3,SO,8475660,,/video/tor-min-328658452,,,,,,,,,,,,,,,,,,,MIN
2021020373,20212022,2,2021-12-04,False,2021-12-05T00:30:00Z,-05:00,-05:00,US/Eastern,OFF,OK,7,Sabres,Buffalo,de Buffalo,BUF,2,12,Hurricanes,Carolina,de la Caroline,CAR,6,3,REG,3,REG,8477293,8474013.0,/video/buf-car-328658852,,,,,,,,,,,,,,,,,,,CAR
2021020371,20212022,2,2021-12-04,False,2021-12-05T01:00:00Z,-05:00,-05:00,America/New_York,OFF,OK,16,Blackhawks,Chicago,de Chicago,CHI,2,3,Rangers,New York,de New York,NYR,3,3,REG,3,REG,8480382,8478550.0,/video/chi-nyr-328661576,,,,,,,,,,,,,,,,,,,NYR
2021020376,20212022,2,2021-12-04,False,2021-12-05T03:00:00Z,-05:00,-08:00,America/Vancouver,OFF,OK,5,Penguins,Pittsburgh,de Pittsburgh,PIT,4,23,Canucks,Vancouver,de Vancouver,VAN,1,3,REG,3,REG,8477465,8477404.0,/video/pit-van-328667456,,,,,,,,,,,,,,,,,,,PIT
2021020379,20212022,2,2021-12-05,False,2021-12-05T23:00:00Z,-05:00,-05:00,US/Eastern,OFF,OK,28,Sharks,San Jose,de San Jose,SJS,4,29,Blue Jackets,Columbus,de Columbus,CBJ,6,3,REG,3,REG,8478007,8480871.0,/video/sjs-cbj-328680674,,,,,,,,,,,,,,,,,,,CBJ
2021020378,20212022,2,2021-12-05,False,2021-12-05T23:00:00Z,-05:00,-05:00,US/Eastern,OFF,OK,14,Lightning,Tampa Bay,de Tampa Bay,TBL,7,4,Flyers,Philadelphia,de Philadelphie,PHI,1,3,REG,3,REG,8470880,8470621.0,,,,,,,,,,,,,,,,,,,,TBL
2021020377,20212022,2,2021-12-05,False,2021-12-06T00:30:00Z,-05:00,-05:00,America/New_York,OFF,OK,16,Blackhawks,Chicago,de Chicago,CHI,3,2,Islanders,New York,de New York,NYI,2,5,SO,3,SO,8470594,,/video/chi-nyi-328685560,,,,,,,,,,,,,,,,,,,CHI
2021020381,20212022,2,2021-12-05,False,2021-12-06T01:00:00Z,-05:00,-07:00,America/Edmonton,OFF,OK,26,Kings,Los Angeles,de Los Angeles,LAK,5,22,Oilers,Edmonton,d'Edmonton,EDM,1,3,REG,3,REG,8471734,8477960.0,/video/lak-edm-328687146,,,,,,,,,,,,,,,,,,,LAK
2021020380,20212022,2,2021-12-05,False,2021-12-06T01:00:00Z,-05:00,-06:00,America/Winnipeg,OFF,OK,10,Maple Leafs,Toronto,de Toronto,TOR,3,52,Jets,Winnipeg,de Winnipeg,WPG,6,3,REG,3,REG,8476945,8478398.0,/video/tor-wpg-328686982,,,,,,,,,,,,,,,,,,,WPG
2021020382,20212022,2,2021-12-05,False,2021-12-06T03:00:00Z,-05:00,-08:00,US/Pacific,OFF,OK,20,Flames,Calgary,de Calgary,CGY,2,54,Golden Knights,Vegas,de Vegas,VGK,3,3,REG,3,REG,8475215,8474149.0,/video/cgy-vgk-328693458,,,,,,,,,,,,,,,,,,,VGK
2021020384,20212022,2,2021-12-06,False,2021-12-07T00:00:00Z,-05:00,-05:00,US/Eastern,OFF,OK,24,Ducks,Anaheim,d'Anaheim,ANA,3,15,Capitals,Washington,de Washington,WSH,4,5,SO,3,SO,8478492,,/video/ana-wsh-328723592,,,,,,,,,,,,,,,,,,,WSH
2021020234,20212022,2,2021-12-06,False,2021-12-07T00:00:00Z,-05:00,-05:00,US/Eastern,OFF,OK,9,Senators,Ottawa,d'Ottawa,OTT,3,1,Devils,New Jersey,du New Jersey,NJD,2,5,SO,3,SO,8476341,,/video/ott-njd-328721566,Sénateurs,,,,,,,,,,,,,,,,,,OTT
2021020383,20212022,2,2021-12-06,False,2021-12-07T00:00:00Z,-05:00,-05:00,US/Eastern,OFF,OK,21,Avalanche,Colorado,du Colorado,COL,7,4,Flyers,Philadelphia,de Philadelphie,PHI,5,3,REG,3,REG,8481020,8475172.0,/video/col-phi-328721392,,,,,,,,,,,,,,,,,,,COL
2021020385,20212022,2,2021-12-06,False,2021-12-07T01:30:00Z,-05:00,-06:00,US/Central,OFF,OK,53,Coyotes,Arizona,de l'Arizona,ARI,1,25,Stars,Dallas,de Dallas,DAL,4,3,REG,3,REG,8474651,8480216.0,/video/ari-dal-328725850,,,,,,,,,,,,,,,,,,,DAL
2021020386,20212022,2,2021-12-06,False,2021-12-07T03:00:00Z,-05:00,-08:00,America/Vancouver,OFF,OK,26,Kings,Los Angeles,de Los Angeles,LAK,0,23,Canucks,Vancouver,de Vancouver,VAN,4,3,REG,3,REG,8477967,8478444.0,/video/lak-van-328728336,,,,,,,,,,,,,,,,,,,VAN
2021020387,20212022,2,2021-12-06,False,2021-12-07T03:00:00Z,-05:00,-08:00,US/Pacific,OFF,OK,5,Penguins,Pittsburgh,de Pittsburgh,PIT,6,55,Kraken,Seattle,de Seattle,SEA,1,3,REG,3,REG,8479193,8471675.0,/video/pit-sea-328728936,,,,,,,,,,,,,,,,,,,PIT
2021020392,20212022,2,2021-12-07,False,2021-12-08T00:00:00Z,-05:00,-05:00,America/Detroit,OFF,OK,18,Predators,Nashville,de Nashville,NSH,5,17,Red Wings,Detroit,de Detroit,DET,2,3,REG,3,REG,8479496,8476393.0,/video/nsh-det-328762608,,,,,,,,,,,,,,,,,,,NSH
2021020391,20212022,2,2021-12-07,False,2021-12-08T00:00:00Z,-05:00,-05:00,US/Eastern,OFF,OK,2,Islanders,New York,de New York,NYI,5,9,Senators,Ottawa,d'Ottawa,OTT,3,3,REG,3,REG,8478009,8479356.0,/video/nyi-ott-328765858,,,Sénateurs,,,,,,,,,,,,,,,,NYI
2021020389,20212022,2,2021-12-07,False,2021-12-08T00:00:00Z,-05:00,-05:00,America/Toronto,OFF,OK,29,Blue Jackets,Columbus,de Columbus,CBJ,4,10,Maple Leafs,Toronto,de Toronto,TOR,5,3,REG,3,REG,8475789,8479318.0,/video/cbj-tor-328764436,,,,,,,,,,,,,,,,,,,TOR
2021020390,20212022,2,2021-12-07,False,2021-12-08T00:00:00Z,-05:00,-05:00,America/Montreal,OFF,OK,14,Lightning,Tampa Bay,de Tampa Bay,TBL,3,8,Canadiens,Montréal,de Montréal,MTL,2,3,REG,3,REG,8476883,8476292.0,/video/tbl-mtl-328762536,,,,,,,,,,,,,,,,,,,TBL
2021020388,20212022,2,2021-12-07,False,2021-12-08T00:30:00Z,-05:00,-05:00,America/New_York,OFF,OK,24,Ducks,Anaheim,d'Anaheim,ANA,2,7,Sabres,Buffalo,de Buffalo,BUF,0,3,REG,3,REG,8476932,8477947.0,/video/ana-buf-328766556,,,,,,,,,,,,,,,,,,,ANA
2021020394,20212022,2,2021-12-07,False,2021-12-08T01:00:00Z,-05:00,-06:00,US/Central,OFF,OK,13,Panthers,Florida,de la Floride,FLA,3,19,Blues,St. Louis,de St. Louis,STL,4,4,OT,3,OT,8479292,8477402.0,/video/fla-stl-328771318,,,,,,,,,,,,,,,,,,,STL
2021020395,20212022,2,2021-12-07,False,2021-12-08T01:00:00Z,-05:00,-06:00,America/Winnipeg,OFF,OK,12,Hurricanes,Carolina,de la Caroline,CAR,4,52,Jets,Winnipeg,de Winnipeg,WPG,2,3,REG,3,REG,8475883,8480039.0,,,,,,,,,,,,,,,,,,,,CAR
2021020393,20212022,2,2021-12-07,False,2021-12-08T01:30:00Z,-05:00,-06:00,America/Chicago,OFF,OK,3,Rangers,New York,de New York,NYR,6,16,Blackhawks,Chicago,de Chicago,CHI,2,3,REG,3,REG,8480382,8475184.0,/video/nyr-chi-328775062,,,,,,,,,,,,,,,,,,,NYR
2021020396,20212022,2,2021-12-07,False,2021-12-08T02:00:00Z,-05:00,-07:00,America/Edmonton,OFF,OK,30,Wild,Minnesota,du Minnesota,MIN,4,22,Oilers,Edmonton,d'Edmonton,EDM,1,3,REG,3,REG,8475660,8475220.0,/video/min-edm-328775714,,,,,,,,,,,,,,,,,,,MIN
2021020397,20212022,2,2021-12-07,False,2021-12-08T03:30:00Z,-05:00,-08:00,US/Pacific,OFF,OK,20,Flames,Calgary,de Calgary,CGY,3,28,Sharks,San Jose,de San Jose,SJS,5,3,REG,3,REG,8478499,8476881.0,/video/cgy-sjs-328779504,,,,,,,,,,,,,,,,,,,SJS
2021020398,20212022,2,2021-12-08,False,2021-12-09T00:00:00Z,-05:00,-05:00,US/Eastern,OFF,OK,4,Flyers,Philadelphia,de Philadelphie,PHI,0,1,Devils,New Jersey,du New Jersey,NJD,3,3,REG,3,REG,8478406,8479407.0,/video/phi-njd-328805362,,,,,,,,,,,,,,,,,,,NJD
2021020399,20212022,2,2021-12-08,False,2021-12-09T00:00:00Z,-05:00,-05:00,America/New_York,OFF,OK,21,Avalanche,Colorado,du Colorado,COL,7,3,Rangers,New York,de New York,NYR,3,3,REG,3,REG,8475311,8481618.0,,,,,,,,,,,,,,,,,,,,COL
2021020400,20212022,2,2021-12-08,False,2021-12-09T02:00:00Z,-05:00,-08:00,America/Vancouver,OFF,OK,6,Bruins,Boston,de Boston,BOS,1,23,Canucks,Vancouver,de Vancouver,VAN,2,5,SO,3,SO,8477967,,/video/bos-van-328808204,,,,,,,,,,,,,,,,,,,VAN
2021020401,20212022,2,2021-12-08,False,2021-12-09T03:00:00Z,-05:00,-08:00,US/Pacific,OFF,OK,25,Stars,Dallas,de Dallas,DAL,4,54,Golden Knights,Vegas,de Vegas,VGK,5,3,REG,3,REG,8476316,8474157.0,/video/dal-vgk-328808634,,,,,,,,,,,,,,,,,,,VGK
2021020402,20212022,2,2021-12-09,False,2021-12-10T00:00:00Z,-05:00,-05:00,America/Toronto,OFF,OK,14,Lightning,Tampa Bay,de Tampa Bay,TBL,5,10,Maple Leafs,Toronto,de Toronto,TOR,3,3,REG,3,REG,8476883,8479390.0,/video/tbl-tor-328833946,,,,,,,,,,,,,,,,,,,TBL
2021020403,20212022,2,2021-12-09,False,2021-12-10T00:00:00Z,-05:00,-05:00,America/Montreal,OFF,OK,16,Blackhawks,Chicago,de Chicago,CHI,2,8,Canadiens,Montréal,de Montréal,MTL,0,3,REG,3,REG,8470594,8473604.0,/video/chi-mtl-328832664,,,,,,,,,,,,,,,,,,,CHI
2021020405,20212022,2,2021-12-09,False,2021-12-10T00:00:00Z,-05:00,-05:00,US/Eastern,OFF,OK,24,Ducks,Anaheim,d'Anaheim,ANA,2,29,Blue Jackets,Columbus,de Columbus,CBJ,1,5,SO,3,SO,8476434,,/video/ana-cbj-328837588,,,,,,,,,,,,,,,,,,,ANA
2021020404,20212022,2,2021-12-09,False,2021-12-10T00:30:00Z,-05:00,-05:00,America/New_York,OFF,OK,18,Predators,Nashville,de Nashville,NSH,4,2,Islanders,New York,de New York,NYI,3,3,REG,3,REG,8479496,8480009.0,/video/nsh-nyi-328843510,,,,,,,,,,,,,,,,,,,NSH
2021020406,20212022,2,2021-12-09,False,2021-12-10T01:00:00Z,-05:00,-06:00,US/Central,OFF,OK,17,Red Wings,Detroit,de Detroit,DET,2,19,Blues,St. Louis,de St. Louis,STL,6,3,REG,3,REG,8479292,8476892.0,/video/det-stl-328839724,,,,,,,,,,,,,,,,,,,STL
2021020408,20212022,2,2021-12-09,False,2021-12-10T02:00:00Z,-05:00,-07:00,America/Edmonton,OFF,OK,6,Bruins,Boston,de Boston,BOS,3,22,Oilers,Edmonton,d'Edmonton,EDM,2,3,REG,3,REG,8476999,8476891.0,/video/bos-edm-328846152,,,,,,,,,,,,,,,,,,,BOS
2021020407,20212022,2,2021-12-09,False,2021-12-10T02:00:00Z,-05:00,-07:00,America/Edmonton,OFF,OK,12,Hurricanes,Carolina,de la Caroline,CAR,2,20,Flames,Calgary,de Calgary,CGY,1,4,OT,3,OT,8475883,8478427.0,/video/car-cgy-328846196,,,,,,,,,,,,,,,,,,,CAR
2021020411,20212022,2,2021-12-09,False,2021-12-10T03:00:00Z,-05:00,-08:00,US/Pacific,OFF,OK,52,Jets,Winnipeg,de Winnipeg,WPG,3,55,Kraken,Seattle,de Seattle,SEA,0,3,REG,3,REG,8476945,8476952.0,/video/wpg-sea-328850516,,,,,,,,,,,,,,,,,,,WPG
2021020410,20212022,2,2021-12-09,False,2021-12-10T03:30:00Z,-05:00,-08:00,US/Pacific,OFF,OK,30,Wild,Minnesota,du Minnesota,MIN,5,28,Sharks,San Jose,de San Jose,SJS,2,3,REG,3,REG,8475660,8478413.0,/video/min-sjs-328852970,,,,,,,,,,,,,,,,,,,MIN
2021020409,20212022,2,2021-12-09,False,2021-12-10T03:30:00Z,-05:00,-08:00,America/Los_Angeles,OFF,OK,25,Stars,Dallas,de Dallas,DAL,0,26,Kings,Los Angeles,de Los Angeles,LAK,4,3,REG,3,REG,8471734,8477960.0,/video/dal-lak-328853166,,,,,,,,,,,,,,,,,,,LAK
2021020414,20212022,2,2021-12-10,False,2021-12-11T00:00:00Z,-05:00,-05:00,US/Eastern,OFF,OK,5,Penguins,Pittsburgh,de Pittsburgh,PIT,4,15,Capitals,Washington,de Washington,WSH,2,3,REG,3,REG,8477465,8477953.0,/video/pit-wsh-328879788,,,,,,,,,,,,,,,,,,,PIT
2021020412,20212022,2,2021-12-10,False,2021-12-11T00:00:00Z,-05:00,-05:00,America/New_York,OFF,OK,3,Rangers,New York,de New York,NYR,2,7,Sabres,Buffalo,de Buffalo,BUF,1,3,REG,3,REG,8480382,8482109.0,/video/nyr-buf-328881484,,,,,,,,,,,,,,,,,,,NYR
2021020413,20212022,2,2021-12-10,False,2021-12-11T00:30:00Z,-05:00,-05:00,US/Eastern,OFF,OK,18,Predators,Nashville,de Nashville,NSH,3,1,Devils,New Jersey,du New Jersey,NJD,2,3,REG,3,REG,8477424,8478508.0,/video/nsh-njd-328882340,,,,,,,,,,,,,,,,,,,NSH
2021020415,20212022,2,2021-12-10,False,2021-12-11T02:00:00Z,-05:00,-07:00,America/Denver,OFF,OK,17,Red Wings,Detroit,de Detroit,DET,3,21,Avalanche,Colorado,du Colorado,COL,7,3,REG,3,REG,8475311,8477492.0,/video/det-col-328887536,,,,,,,,,,,,,,,,,,,COL
2021020416,20212022,2,2021-12-10,False,2021-12-11T02:00:00Z,-05:00,-07:00,America/Phoenix,OFF,OK,13,Panthers,Florida,de la Floride,FLA,3,53,Coyotes,Arizona,de l'Arizona,ARI,1,3,REG,3,REG,8475683,8477935.0,/video/fla-ari-328887492,,,,,,,,,,,,,,,,,,,FLA
2021020417,20212022,2,2021-12-10,False,2021-12-11T03:00:00Z,-05:00,-08:00,America/Vancouver,OFF,OK,52,Jets,Winnipeg,de Winnipeg,WPG,3,23,Canucks,Vancouver,de Vancouver,VAN,4,5,SO,3,SO,8477967,,/video/wpg-van-328890676,,,,,,,,,,,,,,,,,,,VAN
2021020418,20212022,2,2021-12-10,False,2021-12-11T03:00:00Z,-05:00,-08:00,US/Pacific,OFF,OK,4,Flyers,Philadelphia,de Philadelphie,PHI,4,54,Golden Knights,Vegas,de Vegas,VGK,3,3,REG,3,REG,8479394,8474037.0,/video/phi-vgk-328890030,,,,,,,,,,,,,,,,,,,PHI
2021020421,20212022,2,2021-12-11,False,2021-12-11T18:00:00Z,-05:00,-05:00,US/Eastern,OFF,OK,14,Lightning,Tampa Bay,de Tampa Bay,TBL,0,9,Senators,Ottawa,d'Ottawa,OTT,4,3,REG,3,REG,8476341,8480064.0,/video/tbl-ott-328902090,,,Sénateurs,,,,,,,,,,,,,,,,OTT
2021020419,20212022,2,2021-12-11,False,2021-12-12T00:00:00Z,-05:00,-05:00,America/New_York,OFF,OK,15,Capitals,Washington,de Washington,WSH,3,7,Sabres,Buffalo,de Buffalo,BUF,2,5,SO,3,SO,8477970,,/video/wsh-buf-328916620,,,,,,,,,,,,,,,,,,,WSH
2021020420,20212022,2,2021-12-11,False,2021-12-12T00:00:00Z,-05:00,-05:00,America/Toronto,OFF,OK,16,Blackhawks,Chicago,de Chicago,CHI,4,10,Maple Leafs,Toronto,de Toronto,TOR,5,3,REG,3,REG,8475852,8480144.0,/video/chi-tor-328915780,,,,,,,,,,,,,,,,,,,TOR
2021020424,20212022,2,2021-12-11,False,2021-12-12T00:00:00Z,-05:00,-06:00,US/Central,OFF,OK,8,Canadiens,Montréal,de Montréal,MTL,1,19,Blues,St. Louis,de St. Louis,STL,4,3,REG,3,REG,8479292,8478057.0,/video/mtl-stl-328916142,,,,,,,,,,,,,,,,,,,STL
2021020423,20212022,2,2021-12-11,False,2021-12-12T00:00:00Z,-05:00,-05:00,US/Eastern,OFF,OK,24,Ducks,Anaheim,d'Anaheim,ANA,0,5,Penguins,Pittsburgh,de Pittsburgh,PIT,1,3,REG,3,REG,8479193,8476934.0,/video/ana-pit-328914814,,,,,,,,,,,,,,,,,,,PIT
2021020422,20212022,2,2021-12-11,False,2021-12-12T00:30:00Z,-05:00,-05:00,America/New_York,OFF,OK,1,Devils,New Jersey,du New Jersey,NJD,2,2,Islanders,New York,de New York,NYI,4,3,REG,3,REG,8478009,8470610.0,/video/njd-nyi-328919228,,,,,,,,,,,,,,,,,,,NYI
2021020427,20212022,2,2021-12-11,False,2021-12-12T02:00:00Z,-05:00,-07:00,America/Phoenix,OFF,OK,4,Flyers,Philadelphia,de Philadelphie,PHI,5,53,Coyotes,Arizona,de l'Arizona,ARI,3,3,REG,3,REG,8474889,8474037.0,/video/phi-ari-328926664,,,,,,,,,,,,,,,,,,,PHI
2021020425,20212022,2,2021-12-11,False,2021-12-12T03:00:00Z,-05:00,-07:00,America/Edmonton,OFF,OK,6,Bruins,Boston,de Boston,BOS,4,20,Flames,Calgary,de Calgary,CGY,2,3,REG,3,REG,8476999,8479325.0,/video/bos-cgy-328931694,,,,,,,,,,,,,,,,,,,BOS
2021020430,20212022,2,2021-12-11,False,2021-12-12T03:00:00Z,-05:00,-08:00,US/Pacific,OFF,OK,29,Blue Jackets,Columbus,de Columbus,CBJ,5,55,Kraken,Seattle,de Seattle,SEA,4,4,OT,3,OT,8478007,8479402.0,/video/cbj-sea-328931390,,,,,,,,,,,,,,,,,,,CBJ
2021020426,20212022,2,2021-12-11,False,2021-12-12T03:00:00Z,-05:00,-07:00,America/Edmonton,OFF,OK,12,Hurricanes,Carolina,de la Caroline,CAR,3,22,Oilers,Edmonton,d'Edmonton,EDM,1,3,REG,3,REG,8475883,8475799.0,/video/car-edm-328931150,,,,,,,,,,,,,,,,,,,CAR
2021020428,20212022,2,2021-12-11,False,2021-12-12T03:30:00Z,-05:00,-08:00,America/Los_Angeles,OFF,OK,30,Wild,Minnesota,du Minnesota,MIN,1,26,Kings,Los Angeles,de Los Angeles,LAK,2,3,REG,3,REG,8471734,8477962.0,/video/min-lak-328932548,,,,,,,,,,,,,,,,,,,LAK
2021020429,20212022,2,2021-12-11,False,2021-12-12T03:30:00Z,-05:00,-08:00,US/Pacific,OFF,OK,25,Stars,Dallas,de Dallas,DAL,1,28,Sharks,San Jose,de San Jose,SJS,2,3,REG,3,REG,8473503,8474578.0,/video/dal-sjs-328932858,,,,,,,,,,,,,,,,,,,SJS
2021020431,20212022,2,2021-12-12,False,2021-12-13T00:00:00Z,-05:00,-05:00,America/New_York,OFF,OK,18,Predators,Nashville,de Nashville,NSH,1,3,Rangers,New York,de New York,NYR,0,3,REG,3,REG,8477424,8481577.0,/video/nsh-nyr-328945316,,,,,,,,,,,,,,,,,,,NSH
2021020432,20212022,2,2021-12-12,False,2021-12-13T00:00:00Z,-05:00,-06:00,US/Central,OFF,OK,24,Ducks,Anaheim,d'Anaheim,ANA,3,19,Blues,St. Louis,de St. Louis,STL,2,4,OT,3,OT,8476932,8478873.0,/video/ana-stl-328947098,,,,,,,,,,,,,,,,,,,ANA
2021020433,20212022,2,2021-12-12,False,2021-12-13T01:00:00Z,-05:00,-07:00,America/Denver,OFF,OK,13,Panthers,Florida,de la Floride,FLA,2,21,Avalanche,Colorado,du Colorado,COL,3,3,REG,3,REG,8475311,8477444.0,/video/fla-col-328951512,,,,,,,,,,,,,,,,,,,COL
2021020435,20212022,2,2021-12-12,False,2021-12-13T02:00:00Z,-05:00,-08:00,US/Pacific,OFF,OK,30,Wild,Minnesota,du Minnesota,MIN,4,54,Golden Knights,Vegas,de Vegas,VGK,6,3,REG,3,REG,8475215,8475913.0,/video/min-vgk-328952984,,,,,,,,,,,,,,,,,,,VGK
2021020434,20212022,2,2021-12-12,False,2021-12-13T03:00:00Z,-05:00,-08:00,America/Vancouver,OFF,OK,12,Hurricanes,Carolina,de la Caroline,CAR,1,23,Canucks,Vancouver,de Vancouver,VAN,2,3,REG,3,REG,8477967,8480012.0,/video/car-van-328954272,,,,,,,,,,,,,,,,,,,VAN
2021020442,20212022,2,2021-12-14,False,2021-12-15T00:00:00Z,-05:00,-05:00,US/Eastern,OFF,OK,8,Canadiens,Montréal,de Montréal,MTL,2,5,Penguins,Pittsburgh,de Pittsburgh,PIT,5,3,REG,3,REG,8477465,8476875.0,/video/mtl-pit-329001758,,,,,,,,,,,,,,,,,,,PIT
2021020439,20212022,2,2021-12-14,False,2021-12-15T00:00:00Z,-05:00,-05:00,US/Eastern,OFF,OK,26,Kings,Los Angeles,de Los Angeles,LAK,2,14,Lightning,Tampa Bay,de Tampa Bay,TBL,3,4,OT,3,OT,8476883,8478472.0,/video/lak-tbl-329004758,,,,,,,,,,,,,,,,,,,TBL
2021020440,20212022,2,2021-12-14,False,2021-12-15T00:00:00Z,-05:00,-05:00,US/Eastern,OFF,OK,9,Senators,Ottawa,d'Ottawa,OTT,8,13,Panthers,Florida,de la Floride,FLA,2,3,REG,3,REG,8476341,8480064.0,/video/ott-fla-329006916,Sénateurs,,,,,,,,,,,,,,,,,,OTT
2021020437,20212022,2,2021-12-14,False,2021-12-15T00:00:00Z,-05:00,-05:00,US/Eastern,OFF,OK,54,Golden Knights,Vegas,de Vegas,VGK,4,6,Bruins,Boston,de Boston,BOS,1,3,REG,3,REG,8475215,8474157.0,/video/vgk-bos-329003090,,,,,,,,,,,,,,,,,,,VGK
2021020441,20212022,2,2021-12-14,False,2021-12-15T00:00:00Z,-05:00,-05:00,US/Eastern,OFF,OK,1,Devils,New Jersey,du New Jersey,NJD,1,4,Flyers,Philadelphia,de Philadelphie,PHI,6,3,REG,3,REG,8479394,8474715.0,/video/njd-phi-329004162,,,,,,,,,,,,,,,,,,,PHI
2021020438,20212022,2,2021-12-14,False,2021-12-15T00:30:00Z,-05:00,-05:00,America/Detroit,OFF,OK,2,Islanders,New York,de New York,NYI,1,17,Red Wings,Detroit,de Detroit,DET,2,3,REG,3,REG,8477968,8479992.0,/video/nyi-det-329008544,,,,,,,,,,,,,,,,,,,DET
2021020446,20212022,2,2021-12-14,False,2021-12-15T01:00:00Z,-05:00,-06:00,America/Winnipeg,OFF,OK,7,Sabres,Buffalo,de Buffalo,BUF,4,52,Jets,Winnipeg,de Winnipeg,WPG,2,3,REG,3,REG,8480045,8480839.0,/video/buf-wpg-329010076,,,,,,,,,,,,,,,,,,,BUF
2021020444,20212022,2,2021-12-14,False,2021-12-15T01:30:00Z,-05:00,-06:00,US/Central,OFF,OK,19,Blues,St. Louis,de St. Louis,STL,4,25,Stars,Dallas,de Dallas,DAL,1,3,REG,3,REG,8479292,8475753.0,/video/stl-dal-329014668,,,,,,,,,,,,,,,,,,,STL
2021020448,20212022,2,2021-12-14,False,2021-12-15T02:00:00Z,-05:00,-07:00,America/Edmonton,OFF,OK,10,Maple Leafs,Toronto,de Toronto,TOR,5,22,Oilers,Edmonton,d'Edmonton,EDM,1,3,REG,3,REG,8475789,8474190.0,/video/tor-edm-329015214,,,,,,,,,,,,,,,,,,,TOR
2021020447,20212022,2,2021-12-14,False,2021-12-15T02:00:00Z,-05:00,-07:00,America/Denver,OFF,OK,3,Rangers,New York,de New York,NYR,2,21,Avalanche,Colorado,du Colorado,COL,4,3,REG,3,REG,8475311,8477501.0,/video/nyr-col-329015796,,,,,,,,,,,,,,,,,,,COL
2021020449,20212022,2,2021-12-14,False,2021-12-15T03:00:00Z,-05:00,-08:00,America/Vancouver,OFF,OK,29,Blue Jackets,Columbus,de Columbus,CBJ,3,23,Canucks,Vancouver,de Vancouver,VAN,4,3,REG,3,REG,8470860,8477500.0,/video/cbj-van-329021266,,,,,,,,,,,,,,,,,,,VAN
2021020450,20212022,2,2021-12-14,False,2021-12-15T03:30:00Z,-05:00,-08:00,US/Pacific,OFF,OK,55,Kraken,Seattle,de Seattle,SEA,3,28,Sharks,San Jose,de San Jose,SJS,1,3,REG,3,REG,8476904,8479293.0,/video/sea-sjs-329021714,,,,,,,,,,,,,,,,,,,SEA
2021020451,20212022,2,2021-12-15,False,2021-12-16T01:00:00Z,-05:00,-06:00,America/Chicago,OFF,OK,15,Capitals,Washington,de Washington,WSH,4,16,Blackhawks,Chicago,de Chicago,CHI,5,4,OT,3,OT,8470594,8478452.0,/video/wsh-chi-329044824,,,,,,,,,,,,,,,,,,,CHI
2021020452,20212022,2,2021-12-15,False,2021-12-16T02:00:00Z,-05:00,-07:00,America/Phoenix,OFF,OK,3,Rangers,New York,de New York,NYR,3,53,Coyotes,Arizona,de l'Arizona,ARI,2,3,REG,3,REG,8476234,8481554.0,/video/nyr-ari-329045770,,,,,,,,,,,,,,,,,,,NYR
2021020453,20212022,2,2021-12-15,False,2021-12-16T03:00:00Z,-05:00,-08:00,America/Los_Angeles,OFF,OK,55,Kraken,Seattle,de Seattle,SEA,1,24,Ducks,Anaheim,d'Anaheim,ANA,4,3,REG,3,REG,8476932,8474683.0,/video/sea-ana-329048980,,,,,,,,,,,,,,,,,,,ANA
2021020454,20212022,2,2021-12-16,False,2021-12-17T00:00:00Z,-05:00,-05:00,America/Montreal,OFF,OK,4,Flyers,Philadelphia,de Philadelphie,PHI,2,8,Canadiens,Montréal,de Montréal,MTL,3,5,SO,3,SO,8480051,,/video/phi-mtl-329081282,,,,,,,,,,,,,,,,,,,MTL
2021020455,20212022,2,2021-12-16,False,2021-12-17T00:00:00Z,-05:00,-05:00,US/Eastern,OFF,OK,9,Senators,Ottawa,d'Ottawa,OTT,1,14,Lightning,Tampa Bay,de Tampa Bay,TBL,2,3,REG,3,REG,8476883,8475167.0,/video/ott-tbl-329077018,Sénateurs,,,,,,,,,,,,,,,,,,TBL
2021020456,20212022,2,2021-12-16,False,2021-12-17T00:00:00Z,-05:00,-05:00,US/Eastern,OFF,OK,26,Kings,Los Angeles,de Los Angeles,LAK,4,13,Panthers,Florida,de la Floride,FLA,1,3,REG,3,REG,8471734,8471685.0,/video/lak-fla-329078348,,,,,,,,,,,,,,,,,,,LAK
2021020457,20212022,2,2021-12-16,False,2021-12-17T00:00:00Z,-05:00,-05:00,US/Eastern,OFF,OK,54,Golden Knights,Vegas,de Vegas,VGK,5,1,Devils,New Jersey,du New Jersey,NJD,3,3,REG,3,REG,8475215,8478462.0,/video/vgk-njd-329079316,,,,,,,,,,,,,,,,,,,VGK
2021020459,20212022,2,2021-12-16,False,2021-12-17T00:00:00Z,-05:00,-05:00,US/Eastern,OFF,OK,17,Red Wings,Detroit,de Detroit,DET,3,12,Hurricanes,Carolina,de la Caroline,CAR,5,3,REG,3,REG,8475883,8475799.0,/video/det-car-329078524,,,,,,,,,,,,,,,,,,,CAR
2021020458,20212022,2,2021-12-16,False,2021-12-17T00:30:00Z,-05:00,-05:00,America/New_York,OFF,OK,6,Bruins,Boston,de Boston,BOS,1,2,Islanders,New York,de New York,NYI,3,3,REG,3,REG,8473575,8478463.0,/video/bos-nyi-329081846,,,,,,,,,,,,,,,,,,,NYI
2021020461,20212022,2,2021-12-16,False,2021-12-17T01:00:00Z,-05:00,-06:00,US/Central,OFF,OK,7,Sabres,Buffalo,de Buffalo,BUF,3,30,Wild,Minnesota,du Minnesota,MIN,2,5,SO,3,SO,8480045,,/video/buf-min-329086568,,,,,,,,,,,,,,,,,,,BUF
2021020460,20212022,2,2021-12-16,False,2021-12-17T01:00:00Z,-05:00,-06:00,US/Central,OFF,OK,21,Avalanche,Colorado,du Colorado,COL,2,18,Predators,Nashville,de Nashville,NSH,5,3,REG,3,REG,8477424,8476887.0,/video/col-nsh-329084962,,,,,,,,,,,,,,,,,,,NSH
2021020463,20212022,2,2021-12-16,False,2021-12-17T02:00:00Z,-05:00,-07:00,America/Edmonton,OFF,OK,29,Blue Jackets,Columbus,de Columbus,CBJ,2,22,Oilers,Edmonton,d'Edmonton,EDM,5,3,REG,3,REG,8479973,8478585.0,/video/cbj-edm-329088602,,,,,,,,,,,,,,,,,,,EDM
2021020464,20212022,2,2021-12-16,False,2021-12-17T03:30:00Z,-05:00,-08:00,US/Pacific,OFF,OK,23,Canucks,Vancouver,de Vancouver,VAN,5,28,Sharks,San Jose,de San Jose,SJS,2,3,REG,3,REG,8477967,8478444.0,/video/van-sjs-329093026,,,,,,,,,,,,,,,,,,,VAN
2021020466,20212022,2,2021-12-17,False,2021-12-18T00:00:00Z,-05:00,-05:00,US/Eastern,OFF,OK,7,Sabres,Buffalo,de Buffalo,BUF,2,5,Penguins,Pittsburgh,de Pittsburgh,PIT,3,4,OT,3,OT,8477465,8470604.0,/video/buf-pit-329111456,,,,,,,,,,,,,,,,,,,PIT
2021020465,20212022,2,2021-12-17,False,2021-12-18T00:00:00Z,-05:00,-05:00,America/New_York,OFF,OK,54,Golden Knights,Vegas,de Vegas,VGK,3,3,Rangers,New York,de New York,NYR,2,5,SO,3,SO,8476316,,/video/vgk-nyr-329112170,,,,,,,,,,,,,,,,,,,VGK
2021020469,20212022,2,2021-12-17,False,2021-12-18T01:00:00Z,-05:00,-06:00,America/Winnipeg,OFF,OK,15,Capitals,Washington,de Washington,WSH,5,52,Jets,Winnipeg,de Winnipeg,WPG,2,3,REG,3,REG,8477970,8477839.0,/video/wsh-wpg-329115818,,,,,,,,,,,,,,,,,,,WSH
2021020468,20212022,2,2021-12-17,False,2021-12-18T01:00:00Z,-05:00,-06:00,US/Central,OFF,OK,25,Stars,Dallas,de Dallas,DAL,1,19,Blues,St. Louis,de St. Louis,STL,4,3,REG,3,REG,8479292,8475765.0,/video/dal-stl-329116502,,,,,,,,,,,,,,,,,,,STL
2021020467,20212022,2,2021-12-17,False,2021-12-18T01:30:00Z,-05:00,-06:00,America/Chicago,OFF,OK,18,Predators,Nashville,de Nashville,NSH,3,16,Blackhawks,Chicago,de Chicago,CHI,2,4,OT,3,OT,8477424,8479661.0,/video/nsh-chi-329117844,,,,,,,,,,,,,,,,,,,NSH
2021020470,20212022,2,2021-12-17,False,2021-12-18T03:00:00Z,-05:00,-08:00,America/Los_Angeles,OFF,OK,53,Coyotes,Arizona,de l'Arizona,ARI,6,24,Ducks,Anaheim,d'Anaheim,ANA,5,4,OT,3,OT,8475809,8479343.0,/video/ari-ana-329121524,,,,,,,,,,,,,,,,,,,ARI
2021020473,20212022,2,2021-12-18,False,2021-12-19T00:00:00Z,-05:00,-05:00,US/Eastern,OFF,OK,9,Senators,Ottawa,d'Ottawa,OTT,3,4,Flyers,Philadelphia,de Philadelphie,PHI,4,4,OT,3,OT,8474889,8477948.0,/video/ott-phi-329138632,Sénateurs,,,,,,,,,,,,,,,,,,PHI
2021020474,20212022,2,2021-12-18,False,2021-12-19T00:00:00Z,-05:00,-05:00,US/Eastern,OFF,OK,26,Kings,Los Angeles,de Los Angeles,LAK,1,12,Hurricanes,Carolina,de la Caroline,CAR,5,3,REG,3,REG,8475883,8475855.0,/video/lak-car-329137428,,,,,,,,,,,,,,,,,,,CAR
2021020472,20212022,2,2021-12-18,False,2021-12-19T01:00:00Z,-05:00,-05:00,America/Detroit,OFF,OK,1,Devils,New Jersey,du New Jersey,NJD,2,17,Red Wings,Detroit,de Detroit,DET,5,3,REG,3,REG,8471306,8477479.0,/video/njd-det-329141126,,,,,,,,,,,,,,,,,,,DET
2021020475,20212022,2,2021-12-18,False,2021-12-19T01:00:00Z,-05:00,-06:00,US/Central,OFF,OK,16,Blackhawks,Chicago,de Chicago,CHI,3,25,Stars,Dallas,de Dallas,DAL,4,4,OT,3,OT,8479979,8475906.0,/video/chi-dal-329141594,,,,,,,,,,,,,,,,,,,DAL
2021020480,20212022,2,2021-12-18,False,2021-12-19T03:00:00Z,-05:00,-08:00,US/Pacific,OFF,OK,22,Oilers,Edmonton,d'Edmonton,EDM,5,55,Kraken,Seattle,de Seattle,SEA,3,3,REG,3,REG,8479973,8477998.0,/video/edm-sea-329147126,,,,,,,,,,,,,,,,,,,EDM
2021020483,20212022,2,2021-12-19,False,2021-12-19T19:00:00Z,-05:00,-05:00,America/New_York,OFF,OK,54,Golden Knights,Vegas,de Vegas,VGK,4,2,Islanders,New York,de New York,NYI,3,5,SO,3,SO,8475215,,/video/vgk-nyi-329156530,,,,,,,,,,,,,,,,,,,VGK
2021020486,20212022,2,2021-12-19,False,2021-12-19T20:00:00Z,-05:00,-06:00,America/Winnipeg,OFF,OK,19,Blues,St. Louis,de St. Louis,STL,2,52,Jets,Winnipeg,de Winnipeg,WPG,4,3,REG,3,REG,8476945,8471669.0,/video/stl-wpg-329158700,,,,,,,,,,,,,,,,,,,WPG
2021020482,20212022,2,2021-12-19,False,2021-12-20T00:00:00Z,-05:00,-05:00,US/Eastern,OFF,OK,5,Penguins,Pittsburgh,de Pittsburgh,PIT,3,1,Devils,New Jersey,du New Jersey,NJD,2,3,REG,3,REG,8477465,8476875.0,/video/pit-njd-329164772,,,,,,,,,,,,,,,,,,,PIT
2021020484,20212022,2,2021-12-19,False,2021-12-20T00:00:00Z,-05:00,-05:00,US/Eastern,OFF,OK,26,Kings,Los Angeles,de Los Angeles,LAK,3,15,Capitals,Washington,de Washington,WSH,2,3,REG,3,REG,8476343,8477960.0,/video/lak-wsh-329164704,,,,,,,,,,,,,,,,,,,LAK
2021020492,20212022,2,2021-12-20,False,2021-12-21T01:30:00Z,-05:00,-06:00,US/Central,OFF,OK,30,Wild,Minnesota,du Minnesota,MIN,4,25,Stars,Dallas,de Dallas,DAL,7,3,REG,3,REG,8479979,8480216.0,/video/min-dal-329186634,,,,,,,,,,,,,,,,,,,DAL
2021020501,20212022,2,2021-12-21,False,2021-12-22T03:00:00Z,-05:00,-08:00,US/Pacific,OFF,OK,14,Lightning,Tampa Bay,de Tampa Bay,TBL,4,54,Golden Knights,Vegas,de Vegas,VGK,3,3,REG,3,REG,8476883,8474564.0,/video/tbl-vgk-329204658,,,,,,,,,,,,,,,,,,,TBL
2021020537,20212022,2,2021-12-28,False,2021-12-29T00:00:00Z,-05:00,-05:00,US/Eastern,OFF,OK,8,Canadiens,Montréal,de Montréal,MTL,4,14,Lightning,Tampa Bay,de Tampa Bay,TBL,5,4,OT,3,OT,8476509,8476292.0,/video/mtl-tbl-329265834,,Legace,,,,,,,,,,,,,,Legace,,,TBL
2021020540,20212022,2,2021-12-28,False,2021-12-29T03:30:00Z,-05:00,-08:00,US/Pacific,OFF,OK,53,Coyotes,Arizona,de l'Arizona,ARI,7,28,Sharks,San Jose,de San Jose,SJS,8,5,SO,3,SO,8473503,,/video/ari-sjs-329272772,,,,,,,,,,,,,,,,,,,SJS
2021020539,20212022,2,2021-12-28,False,2021-12-29T03:30:00Z,-05:00,-08:00,America/Los_Angeles,OFF,OK,54,Golden Knights,Vegas,de Vegas,VGK,6,26,Kings,Los Angeles,de Los Angeles,LAK,3,3,REG,3,REG,8476316,8476905.0,/video/vgk-lak-329272224,,,,,,,,,,,,,,,,,,,VGK
2021020544,20212022,2,2021-12-29,False,2021-12-30T00:00:00Z,-05:00,-05:00,US/Eastern,OFF,OK,3,Rangers,New York,de New York,NYR,3,13,Panthers,Florida,de la Floride,FLA,4,3,REG,3,REG,8475683,8477407.0,/video/nyr-fla-329294268,,,,,,,,,,,,,,,,,,,FLA
2021020546,20212022,2,2021-12-29,False,2021-12-30T00:00:00Z,-05:00,-05:00,US/Eastern,OFF,OK,18,Predators,Nashville,de Nashville,NSH,3,15,Capitals,Washington,de Washington,WSH,5,3,REG,3,REG,8478492,8475744.0,/video/nsh-wsh-329295982,,,,,,,,,,,,,,,,,,,WSH
2021020541,20212022,2,2021-12-29,False,2021-12-30T00:00:00Z,-05:00,-05:00,America/New_York,OFF,OK,1,Devils,New Jersey,du New Jersey,NJD,4,7,Sabres,Buffalo,de Buffalo,BUF,3,3,REG,3,REG,8478406,8481068.0,/video/njd-buf-329293472,,,,,,,,,,,,,,,,,,,NJD
2021020547,20212022,2,2021-12-29,False,2021-12-30T01:30:00Z,-05:00,-06:00,US/Central,OFF,OK,22,Oilers,Edmonton,d'Edmonton,EDM,2,19,Blues,St. Louis,de St. Louis,STL,4,3,REG,3,REG,8476412,8475765.0,/video/edm-stl-329298096,,,,,,,,,,,,,,,,,,,STL
2021020551,20212022,2,2021-12-29,False,2021-12-30T03:00:00Z,-05:00,-08:00,US/Pacific,OFF,OK,4,Flyers,Philadelphia,de Philadelphie,PHI,3,55,Kraken,Seattle,de Seattle,SEA,2,4,OT,3,OT,8474889,8478500.0,/video/phi-sea-329302118,,,,,,,,,,,,,,,,,,,PHI
2021020550,20212022,2,2021-12-29,False,2021-12-30T03:30:00Z,-05:00,-08:00,America/Los_Angeles,OFF,OK,23,Canucks,Vancouver,de Vancouver,VAN,2,24,Ducks,Anaheim,d'Anaheim,ANA,1,4,OT,3,OT,8477967,8476468.0,/video/van-ana-329302908,,,,,,,,,,,,,,,,,,,VAN
2021020552,20212022,2,2021-12-30,False,2021-12-31T00:00:00Z,-05:00,-05:00,US/Eastern,OFF,OK,14,Lightning,Tampa Bay,de Tampa Bay,TBL,3,13,Panthers,Florida,de la Floride,FLA,9,3,REG,3,REG,8481519,8480185.0,/video/tbl-fla-329325918,,,,,,,,,,,,,,,,,,,FLA
2021020555,20212022,2,2021-12-30,False,2021-12-31T00:00:00Z,-05:00,-05:00,US/Eastern,OFF,OK,18,Predators,Nashville,de Nashville,NSH,3,29,Blue Jackets,Columbus,de Columbus,CBJ,4,5,SO,3,SO,8478007,,/video/nsh-cbj-329327338,,,,,,,,,,,,,,,,,,,CBJ
2021020554,20212022,2,2021-12-30,False,2021-12-31T00:00:00Z,-05:00,-05:00,US/Eastern,OFF,OK,8,Canadiens,Montréal,de Montréal,MTL,0,12,Hurricanes,Carolina,de la Caroline,CAR,4,3,REG,3,REG,8477293,8475799.0,/video/mtl-car-329325296,,,,,,,,,,,,,,,,,,,CAR
2021020553,20212022,2,2021-12-30,False,2021-12-31T00:30:00Z,-05:00,-05:00,America/New_York,OFF,OK,7,Sabres,Buffalo,de Buffalo,BUF,1,2,Islanders,New York,de New York,NYI,4,3,REG,3,REG,8473575,8479356.0,/video/buf-nyi-329328174,,,,,,,,,,,,,,,,,,,NYI
2021020558,20212022,2,2021-12-30,False,2021-12-31T03:00:00Z,-05:00,-08:00,US/Pacific,OFF,OK,20,Flames,Calgary,de Calgary,CGY,6,55,Kraken,Seattle,de Seattle,SEA,4,3,REG,3,REG,8474593,8479314.0,/video/cgy-sea-329334250,,Markström,,,,,,,,,,,,,,,,,CGY
2021020557,20212022,2,2021-12-30,False,2021-12-31T03:30:00Z,-05:00,-08:00,US/Pacific,OFF,OK,4,Flyers,Philadelphia,de Philadelphie,PHI,2,28,Sharks,San Jose,de San Jose,SJS,3,4,OT,3,OT,8473503,8476881.0,/video/phi-sjs-329336856,,,,,,,,,,,,,,,,,,,SJS
2021020556,20212022,2,2021-12-30,False,2021-12-31T03:30:00Z,-05:00,-08:00,America/Los_Angeles,OFF,OK,23,Canucks,Vancouver,de Vancouver,VAN,1,26,Kings,Los Angeles,de Los Angeles,LAK,2,5,SO,3,SO,8471734,,/video/van-lak-329336596,,,,,,,,,,,,,,,,,,,LAK
2021020562,20212022,2,2021-12-31,False,2021-12-31T18:00:00Z,-05:00,-05:00,US/Eastern,OFF,OK,22,Oilers,Edmonton,d'Edmonton,EDM,5,1,Devils,New Jersey,du New Jersey,NJD,6,4,OT,3,OT,8478406,8481559.0,/video/edm-njd-329352492,,,,,,,,,,,,,,,,,,,NJD
2021020565,20212022,2,2021-12-31,False,2021-12-31T20:00:00Z,-05:00,-08:00,US/Pacific,OFF,OK,24,Ducks,Anaheim,d'Anaheim,ANA,1,54,Golden Knights,Vegas,de Vegas,VGK,3,3,REG,3,REG,8476316,8478996.0,/video/ana-vgk-329354814,,,,,,,,,,,,,,,,,,,VGK
2021020561,20212022,2,2021-12-31,False,2022-01-01T00:00:00Z,-05:00,-05:00,US/Eastern,OFF,OK,3,Rangers,New York,de New York,NYR,4,14,Lightning,Tampa Bay,de Tampa Bay,TBL,3,5,SO,3,SO,8478048,,,,,,,,,,,,,,,,,,,,,NYR
2021020560,20212022,2,2021-12-31,False,2022-01-01T00:30:00Z,-05:00,-05:00,America/Detroit,OFF,OK,15,Capitals,Washington,de Washington,WSH,3,17,Red Wings,Detroit,de Detroit,DET,1,3,REG,3,REG,8478492,8471214.0,,,,,,,,,,,,,,,,,,,,WSH
2021020566,20212022,2,2022-01-01,False,2022-01-01T18:00:00Z,-05:00,-05:00,US/Eastern,OFF,OK,7,Sabres,Buffalo,de Buffalo,BUF,3,6,Bruins,Boston,de Boston,BOS,4,4,OT,3,OT,8476999,8475745.0,,,,,,,,,,,,,,,,,,,,BOS
2021020570,20212022,2,2022-01-01,False,2022-01-01T18:00:00Z,-05:00,-05:00,US/Eastern,OFF,OK,12,Hurricanes,Carolina,de la Caroline,CAR,7,29,Blue Jackets,Columbus,de Columbus,CBJ,4,3,REG,3,REG,8475883,8478451.0,,,,,,,,,,,,,,,,,,,,CAR
2021020568,20212022,2,2022-01-01,False,2022-01-01T18:00:00Z,-05:00,-05:00,US/Eastern,OFF,OK,8,Canadiens,Montréal,de Montréal,MTL,2,13,Panthers,Florida,de la Floride,FLA,5,3,REG,3,REG,8475683,8478366.0,,,,,,,,,,,,,,,,,,,,FLA
2021020569,20212022,2,2022-01-01,False,2022-01-01T19:00:00Z,-05:00,-05:00,America/New_York,OFF,OK,22,Oilers,Edmonton,d'Edmonton,EDM,2,2,Islanders,New York,de New York,NYI,3,4,OT,3,OT,8478009,8480865.0,,,,,,,,,,,,,,,,,,,,NYI
2021020571,20212022,2,2022-01-01,False,2022-01-01T19:00:00Z,-05:00,-06:00,US/Central,OFF,OK,16,Blackhawks,Chicago,de Chicago,CHI,1,18,Predators,Nashville,de Nashville,NSH,6,3,REG,3,REG,8477424,8475793.0,,,,,,,,,,,,,,,,,,,,NSH
2021020572,20212022,2,2022-01-01,True,2022-01-02T00:00:00Z,-05:00,-06:00,US/Central,OFF,OK,19,Blues,St. Louis,de St. Louis,STL,6,30,Wild,Minnesota,du Minnesota,MIN,4,3,REG,3,REG,8476412,8479385.0,,,,,,,,,,,,,,3.0,2022 Discover NHL Winter Classic,Classique d'hiver NHL,,,,STL
2021020567,20212022,2,2022-01-01,False,2022-01-02T00:00:00Z,-05:00,-05:00,America/Toronto,OFF,OK,9,Senators,Ottawa,d'Ottawa,OTT,0,10,Maple Leafs,Toronto,de Toronto,TOR,6,3,REG,3,REG,8475789,8475718.0,,Sénateurs,,,,,,,,,,,,,,,,,,TOR
2021020574,20212022,2,2022-01-01,False,2022-01-02T03:00:00Z,-05:00,-08:00,US/Pacific,OFF,OK,23,Canucks,Vancouver,de Vancouver,VAN,5,55,Kraken,Seattle,de Seattle,SEA,2,3,REG,3,REG,8477967,8477353.0,,,,,,,,,,,,,,,,,,,,VAN
2021020573,20212022,2,2022-01-01,False,2022-01-02T03:30:00Z,-05:00,-08:00,America/Los_Angeles,OFF,OK,4,Flyers,Philadelphia,de Philadelphie,PHI,3,26,Kings,Los Angeles,de Los Angeles,LAK,6,3,REG,3,REG,8471734,8477962.0,,,,,,,,,,,,,,,,,,,,LAK
2021020576,20212022,2,2022-01-02,False,2022-01-02T17:30:00Z,-05:00,-05:00,America/New_York,OFF,OK,14,Lightning,Tampa Bay,de Tampa Bay,TBL,0,3,Rangers,New York,de New York,NYR,4,3,REG,3,REG,8478048,8476459.0,,,,,,,,,,,,,,,,,,,,NYR
2021020577,20212022,2,2022-01-02,False,2022-01-02T18:00:00Z,-05:00,-05:00,US/Eastern,OFF,OK,28,Sharks,San Jose,de San Jose,SJS,5,5,Penguins,Pittsburgh,de Pittsburgh,PIT,8,3,REG,3,REG,8479193,8475810.0,,,,,,,,,,,,,,,,,,,,PIT
2021020575,20212022,2,2022-01-02,False,2022-01-02T18:00:00Z,-05:00,-05:00,America/Detroit,OFF,OK,6,Bruins,Boston,de Boston,BOS,5,17,Red Wings,Detroit,de Detroit,DET,1,3,REG,3,REG,8480280,8475287.0,,,,,,,,,,,,,,,,,,,,BOS
2021020578,20212022,2,2022-01-02,False,2022-01-02T20:00:00Z,-05:00,-05:00,US/Eastern,OFF,OK,1,Devils,New Jersey,du New Jersey,NJD,4,15,Capitals,Washington,de Washington,WSH,3,4,OT,3,OT,8478406,8480002.0,,,,,,,,,,,,,,,,,,,,NJD
2021020580,20212022,2,2022-01-02,False,2022-01-02T20:00:00Z,-05:00,-07:00,America/Denver,OFF,OK,24,Ducks,Anaheim,d'Anaheim,ANA,2,21,Avalanche,Colorado,du Colorado,COL,4,3,REG,3,REG,8475311,8481186.0,,,,,,,,,,,,,,,,,,,,COL
2021020582,20212022,2,2022-01-02,False,2022-01-02T21:00:00Z,-05:00,-08:00,US/Pacific,OFF,OK,52,Jets,Winnipeg,de Winnipeg,WPG,5,54,Golden Knights,Vegas,de Vegas,VGK,4,4,OT,3,OT,8476945,8478398.0,,,,,,,,,,,,,,,,,,,,WPG
2021020579,20212022,2,2022-01-02,False,2022-01-03T00:00:00Z,-05:00,-06:00,America/Chicago,OFF,OK,20,Flames,Calgary,de Calgary,CGY,5,16,Blackhawks,Chicago,de Chicago,CHI,1,3,REG,3,REG,8474593,8477496.0,,,Markström,,,,,,,,,,,,,,,,,CGY
2021020585,20212022,2,2022-01-03,False,2022-01-04T00:00:00Z,-05:00,-05:00,America/New_York,OFF,OK,22,Oilers,Edmonton,d'Edmonton,EDM,1,3,Rangers,New York,de New York,NYR,4,3,REG,3,REG,8480382,8476624.0,,,,,,,,,,,,,,,,,,,,NYR
2021020586,20212022,2,2022-01-04,False,2022-01-05T00:00:00Z,-05:00,-05:00,US/Eastern,OFF,OK,1,Devils,New Jersey,du New Jersey,NJD,3,6,Bruins,Boston,de Boston,BOS,5,3,REG,3,REG,8476999,8477956.0,/video/njd-bos-329484706,,,,,,,,,,,,,,,,,,,BOS
2021020589,20212022,2,2022-01-04,False,2022-01-05T00:00:00Z,-05:00,-05:00,US/Eastern,OFF,OK,20,Flames,Calgary,de Calgary,CGY,2,13,Panthers,Florida,de la Floride,FLA,6,3,REG,3,REG,8475683,8466138.0,/video/cgy-fla-329483488,,,,,,,,,,,,,,,,,,,FLA
2021020590,20212022,2,2022-01-04,False,2022-01-05T00:00:00Z,-05:00,-05:00,US/Eastern,OFF,OK,14,Lightning,Tampa Bay,de Tampa Bay,TBL,7,29,Blue Jackets,Columbus,de Columbus,CBJ,2,3,REG,3,REG,8476883,8470621.0,/video/tbl-cbj-329482786,,,,,,,,,,,,,,,,,,,TBL
2021020588,20212022,2,2022-01-04,False,2022-01-05T00:30:00Z,-05:00,-05:00,America/Detroit,OFF,OK,28,Sharks,San Jose,de San Jose,SJS,2,17,Red Wings,Detroit,de Detroit,DET,6,3,REG,3,REG,8477968,8477479.0,/video/sjs-det-329486996,,,,,,,,,,,,,,,,,,,DET
2021020591,20212022,2,2022-01-04,False,2022-01-05T01:30:00Z,-05:00,-06:00,America/Chicago,OFF,OK,21,Avalanche,Colorado,du Colorado,COL,4,16,Blackhawks,Chicago,de Chicago,CHI,3,4,OT,3,OT,8475311,8480069.0,/video/col-chi-329490860,,,,,,,,,,,,,,,,,,,COL
2021020592,20212022,2,2022-01-04,False,2022-01-05T02:00:00Z,-05:00,-07:00,America/Phoenix,OFF,OK,52,Jets,Winnipeg,de Winnipeg,WPG,3,53,Coyotes,Arizona,de l'Arizona,ARI,1,3,REG,3,REG,8476945,8479400.0,/video/wpg-ari-329491800,,,,,,,,,,,,,,,,,,,WPG
2021020593,20212022,2,2022-01-04,False,2022-01-05T03:00:00Z,-05:00,-08:00,US/Pacific,OFF,OK,18,Predators,Nashville,de Nashville,NSH,3,54,Golden Knights,Vegas,de Vegas,VGK,2,3,REG,3,REG,8477424,8476887.0,/video/nsh-vgk-329495620,,,,,,,,,,,,,,,,,,,NSH
2021020594,20212022,2,2022-01-04,False,2022-01-05T03:00:00Z,-05:00,-08:00,America/Los_Angeles,OFF,OK,4,Flyers,Philadelphia,de Philadelphie,PHI,1,24,Ducks,Anaheim,d'Anaheim,ANA,4,3,REG,3,REG,8476434,8478873.0,/video/phi-ana-329495314,,,,,,,,,,,,,,,,,,,ANA
2021020596,20212022,2,2022-01-05,False,2022-01-06T00:00:00Z,-05:00,-05:00,America/Toronto,OFF,OK,22,Oilers,Edmonton,d'Edmonton,EDM,2,10,Maple Leafs,Toronto,de Toronto,TOR,4,3,REG,3,REG,8475789,8481624.0,/video/edm-tor-329515352,,,,,,,,,,,,,,,,,,,TOR
2021020597,20212022,2,2022-01-05,False,2022-01-06T00:30:00Z,-05:00,-05:00,US/Eastern,OFF,OK,19,Blues,St. Louis,de St. Louis,STL,3,5,Penguins,Pittsburgh,de Pittsburgh,PIT,5,3,REG,3,REG,8477465,8478542.0,/video/stl-pit-329517236,,,,,,,,,,,,,,,,,,,PIT
2021020602,20212022,2,2022-01-06,False,2022-01-07T00:00:00Z,-05:00,-05:00,US/Eastern,OFF,OK,20,Flames,Calgary,de Calgary,CGY,1,14,Lightning,Tampa Bay,de Tampa Bay,TBL,4,3,REG,3,REG,8476883,8478010.0,,,,,,,,,,,,,,,,,,,,TBL
2021020599,20212022,2,2022-01-06,False,2022-01-07T00:00:00Z,-05:00,-05:00,US/Eastern,OFF,OK,30,Wild,Minnesota,du Minnesota,MIN,3,6,Bruins,Boston,de Boston,BOS,2,3,REG,3,REG,8478039,8481557.0,/video/min-bos-329546668,,Kähkönen,,,,,,,,,,,,,,,,,MIN
2021020600,20212022,2,2022-01-06,False,2022-01-07T00:00:00Z,-05:00,-05:00,America/New_York,OFF,OK,28,Sharks,San Jose,de San Jose,SJS,3,7,Sabres,Buffalo,de Buffalo,BUF,2,3,REG,3,REG,8478499,8476881.0,/video/sjs-buf-329544614,,,,,,,,,,,,,,,,,,,SJS
2021020604,20212022,2,2022-01-06,False,2022-01-07T00:00:00Z,-05:00,-05:00,US/Eastern,OFF,OK,5,Penguins,Pittsburgh,de Pittsburgh,PIT,6,4,Flyers,Philadelphia,de Philadelphie,PHI,2,3,REG,3,REG,8477465,8477404.0,/video/pit-phi-329544696,,,,,,,,,,,,,,,,,,,PIT
2021020603,20212022,2,2022-01-06,False,2022-01-07T00:00:00Z,-05:00,-05:00,US/Eastern,OFF,OK,29,Blue Jackets,Columbus,de Columbus,CBJ,1,1,Devils,New Jersey,du New Jersey,NJD,3,3,REG,3,REG,8478406,8479407.0,/video/cbj-njd-329545550,,,,,,,,,,,,,,,,,,,NJD
2021020605,20212022,2,2022-01-06,False,2022-01-07T01:30:00Z,-05:00,-06:00,US/Central,OFF,OK,13,Panthers,Florida,de la Floride,FLA,5,25,Stars,Dallas,de Dallas,DAL,6,5,SO,3,SO,8474651,,/video/fla-dal-329557390,,,,,,,,,,,,,,,,,,,DAL
2021020607,20212022,2,2022-01-06,False,2022-01-07T02:00:00Z,-05:00,-07:00,America/Phoenix,OFF,OK,16,Blackhawks,Chicago,de Chicago,CHI,4,53,Coyotes,Arizona,de l'Arizona,ARI,6,3,REG,3,REG,8478872,8475728.0,/video/chi-ari-329558276,,,,,,,,,,,,,,,,,,,ARI
2021020606,20212022,2,2022-01-06,False,2022-01-07T02:00:00Z,-05:00,-07:00,America/Denver,OFF,OK,52,Jets,Winnipeg,de Winnipeg,WPG,1,21,Avalanche,Colorado,du Colorado,COL,7,3,REG,3,REG,8475311,8476455.0,/video/wpg-col-329558014,,,,,,,,,,,,,,,,,,,COL
2021020608,20212022,2,2022-01-06,False,2022-01-07T03:00:00Z,-05:00,-08:00,US/Pacific,OFF,OK,3,Rangers,New York,de New York,NYR,1,54,Golden Knights,Vegas,de Vegas,VGK,5,3,REG,3,REG,8475215,8475913.0,/video/nyr-vgk-329560242,,,,,,,,,,,,,,,,,,,VGK
2021020610,20212022,2,2022-01-06,False,2022-01-07T03:30:00Z,-05:00,-08:00,America/Los_Angeles,OFF,OK,18,Predators,Nashville,de Nashville,NSH,4,26,Kings,Los Angeles,de Los Angeles,LAK,2,3,REG,3,REG,8477424,8479644.0,/video/nsh-lak-329561166,,,,,,,,,,,,,,,,,,,NSH
2021020612,20212022,2,2022-01-07,False,2022-01-08T00:00:00Z,-05:00,-05:00,US/Eastern,OFF,OK,20,Flames,Calgary,de Calgary,CGY,3,12,Hurricanes,Carolina,de la Caroline,CAR,6,3,REG,3,REG,8475883,8477950.0,/video/cgy-car-329584334,,,,,,,,,,,,,,,,,,,CAR
2021020613,20212022,2,2022-01-07,False,2022-01-08T01:00:00Z,-05:00,-06:00,US/Central,OFF,OK,15,Capitals,Washington,de Washington,WSH,1,19,Blues,St. Louis,de St. Louis,STL,5,3,REG,3,REG,8478024,8477402.0,/video/wsh-stl-329587150,,,,,,,,,,,,,,,,,,,STL
2021020619,20212022,2,2022-01-08,False,2022-01-08T19:00:00Z,-05:00,-06:00,US/Central,OFF,OK,5,Penguins,Pittsburgh,de Pittsburgh,PIT,2,25,Stars,Dallas,de Dallas,DAL,3,3,REG,3,REG,8479979,8478449.0,/video/pit-dal-329596834,,,,,,,,,,,,,,,,,,,DAL
2021020617,20212022,2,2022-01-08,False,2022-01-09T00:00:00Z,-05:00,-05:00,US/Eastern,OFF,OK,13,Panthers,Florida,de la Floride,FLA,4,12,Hurricanes,Carolina,de la Caroline,CAR,3,4,OT,3,OT,8475683,8477407.0,/video/fla-car-329613186,,,,,,,,,,,,,,,,,,,FLA
2021020616,20212022,2,2022-01-08,False,2022-01-09T00:00:00Z,-05:00,-05:00,US/Eastern,OFF,OK,28,Sharks,San Jose,de San Jose,SJS,3,4,Flyers,Philadelphia,de Philadelphie,PHI,2,4,OT,3,OT,8478499,8476881.0,/video/sjs-phi-329611328,,,,,,,,,,,,,,,,,,,SJS
2021020615,20212022,2,2022-01-08,False,2022-01-09T00:00:00Z,-05:00,-05:00,US/Eastern,OFF,OK,6,Bruins,Boston,de Boston,BOS,5,14,Lightning,Tampa Bay,de Tampa Bay,TBL,2,3,REG,3,REG,8476999,8473419.0,,,,,,,,,,,,,,,,,,,,BOS
2021020622,20212022,2,2022-01-08,False,2022-01-09T00:00:00Z,-05:00,-07:00,America/Denver,OFF,OK,10,Maple Leafs,Toronto,de Toronto,TOR,4,21,Avalanche,Colorado,du Colorado,COL,5,4,OT,3,OT,8480925,8478038.0,/video/tor-col-329613296,,,,,,,,,,,,,,,,,,,COL
2021020618,20212022,2,2022-01-08,False,2022-01-09T00:00:00Z,-05:00,-05:00,US/Eastern,OFF,OK,1,Devils,New Jersey,du New Jersey,NJD,3,29,Blue Jackets,Columbus,de Columbus,CBJ,4,3,REG,3,REG,8476914,8477416.0,/video/njd-cbj-329612286,,,,,,,,,,,,,,,,,,,CBJ
2021020620,20212022,2,2022-01-08,False,2022-01-09T01:00:00Z,-05:00,-06:00,US/Central,OFF,OK,15,Capitals,Washington,de Washington,WSH,2,30,Wild,Minnesota,du Minnesota,MIN,3,5,SO,3,SO,8478039,,/video/wsh-min-329618682,,Kähkönen,,,,,,,,,,,,,,,,,MIN
2021020624,20212022,2,2022-01-08,False,2022-01-09T01:00:00Z,-05:00,-07:00,America/Phoenix,OFF,OK,18,Predators,Nashville,de Nashville,NSH,4,53,Coyotes,Arizona,de l'Arizona,ARI,2,3,REG,3,REG,8477424,8479661.0,/video/nsh-ari-329617298,,,,,,,,,,,,,,,,,,,NSH
2021020627,20212022,2,2022-01-08,False,2022-01-09T03:00:00Z,-05:00,-08:00,America/Los_Angeles,OFF,OK,3,Rangers,New York,de New York,NYR,4,24,Ducks,Anaheim,d'Anaheim,ANA,1,3,REG,3,REG,8480382,8475797.0,/video/nyr-ana-329621802,,,,,,,,,,,,,,,,,,,NYR
2021020626,20212022,2,2022-01-08,False,2022-01-09T03:00:00Z,-05:00,-08:00,US/Pacific,OFF,OK,16,Blackhawks,Chicago,de Chicago,CHI,2,54,Golden Knights,Vegas,de Vegas,VGK,1,3,REG,3,REG,8470594,8479388.0,/video/chi-vgk-329622206,,,,,,,,,,,,,,,,,,,CHI
2021020628,20212022,2,2022-01-08,False,2022-01-09T03:30:00Z,-05:00,-08:00,America/Los_Angeles,OFF,OK,17,Red Wings,Detroit,de Detroit,DET,0,26,Kings,Los Angeles,de Los Angeles,LAK,4,3,REG,3,REG,8477361,8476479.0,/video/det-lak-329623414,,,,,,,,,,,,,,,,,,,LAK
2021020629,20212022,2,2022-01-09,False,2022-01-09T19:00:00Z,-05:00,-06:00,US/Central,OFF,OK,25,Stars,Dallas,de Dallas,DAL,1,19,Blues,St. Louis,de St. Louis,STL,2,3,REG,3,REG,8476412,8479385.0,/video/dal-stl-329632052,,,,,,,,,,,,,,,,,,,STL
2021020609,20212022,2,2022-01-09,False,2022-01-10T01:00:00Z,-05:00,-08:00,America/Los_Angeles,OFF,OK,17,Red Wings,Detroit,de Detroit,DET,3,24,Ducks,Anaheim,d'Anaheim,ANA,4,5,SO,3,SO,8480843,,/video/det-ana-329636230,,,,,,,,,,,,,,,,,,,ANA
2021020632,20212022,2,2022-01-10,False,2022-01-11T00:00:00Z,-05:00,-05:00,US/Eastern,OFF,OK,6,Bruins,Boston,de Boston,BOS,7,15,Capitals,Washington,de Washington,WSH,3,3,REG,3,REG,8476999,8475225.0,/video/bos-wsh-329660190,,,,,,,,,,,,,,,,,,,BOS
2021020634,20212022,2,2022-01-10,False,2022-01-11T02:00:00Z,-05:00,-07:00,America/Denver,OFF,OK,55,Kraken,Seattle,de Seattle,SEA,3,21,Avalanche,Colorado,du Colorado,COL,4,3,REG,3,REG,8480925,8475172.0,/video/sea-col-329663722,,,,,,,,,,,,,,,,,,,COL
2021020636,20212022,2,2022-01-10,False,2022-01-11T03:30:00Z,-05:00,-08:00,America/Los_Angeles,OFF,OK,3,Rangers,New York,de New York,NYR,1,26,Kings,Los Angeles,de Los Angeles,LAK,3,3,REG,3,REG,8477361,8481481.0,/video/nyr-lak-329665974,,,,,,,,,,,,,,,,,,,LAK
2021020638,20212022,2,2022-01-11,False,2022-01-12T00:00:00Z,-05:00,-05:00,US/Eastern,OFF,OK,23,Canucks,Vancouver,de Vancouver,VAN,2,13,Panthers,Florida,de la Floride,FLA,5,3,REG,3,REG,8475683,8477933.0,/video/van-fla-329693390,,,,,,,,,,,,,,,,,,,FLA
2021020637,20212022,2,2022-01-11,False,2022-01-12T00:00:00Z,-05:00,-05:00,America/New_York,OFF,OK,14,Lightning,Tampa Bay,de Tampa Bay,TBL,6,7,Sabres,Buffalo,de Buffalo,BUF,1,3,REG,3,REG,8476883,8478519.0,/video/tbl-buf-329691504,,,,,,,,,,,,,,,,,,,TBL
2021020640,20212022,2,2022-01-11,False,2022-01-12T00:00:00Z,-05:00,-05:00,US/Eastern,OFF,OK,16,Blackhawks,Chicago,de Chicago,CHI,4,29,Blue Jackets,Columbus,de Columbus,CBJ,2,3,REG,3,REG,8470594,8476473.0,/video/chi-cbj-329691262,,,,,,,,,,,,,,,,,,,CHI
2021020641,20212022,2,2022-01-11,False,2022-01-12T01:00:00Z,-05:00,-06:00,US/Central,OFF,OK,21,Avalanche,Colorado,du Colorado,COL,4,18,Predators,Nashville,de Nashville,NSH,5,4,OT,3,OT,8477424,8475168.0,/video/col-nsh-329696896,,,,,,,,,,,,,,,,,,,NSH
2021020643,20212022,2,2022-01-11,False,2022-01-12T03:00:00Z,-05:00,-08:00,US/Pacific,OFF,OK,10,Maple Leafs,Toronto,de Toronto,TOR,4,54,Golden Knights,Vegas,de Vegas,VGK,3,5,SO,3,SO,8475789,,/video/tor-vgk-329701566,,,,,,,,,,,,,,,,,,,TOR
2021020644,20212022,2,2022-01-11,False,2022-01-12T03:00:00Z,-05:00,-08:00,America/Los_Angeles,OFF,OK,5,Penguins,Pittsburgh,de Pittsburgh,PIT,4,24,Ducks,Anaheim,d'Anaheim,ANA,1,3,REG,3,REG,8477465,8471215.0,/video/pit-ana-329701274,,,,,,,,,,,,,,,,,,,PIT
2021020645,20212022,2,2022-01-11,False,2022-01-12T03:30:00Z,-05:00,-08:00,US/Pacific,OFF,OK,17,Red Wings,Detroit,de Detroit,DET,2,28,Sharks,San Jose,de San Jose,SJS,3,4,OT,3,OT,8478499,8474053.0,/video/det-sjs-329701748,,,,,,,,,,,,,,,,,,,SJS
2021021000,20212022,2,2022-01-12,False,2022-01-13T00:00:00Z,-05:00,-05:00,US/Eastern,OFF,OK,8,Canadiens,Montréal,de Montréal,MTL,1,6,Bruins,Boston,de Boston,BOS,5,3,REG,3,REG,8476999,8473419.0,/video/mtl-bos-329724316,,,,,,,,,,,,,,,,,,,BOS
2021020647,20212022,2,2022-01-12,False,2022-01-13T01:30:00Z,-05:00,-06:00,US/Central,OFF,OK,55,Kraken,Seattle,de Seattle,SEA,2,25,Stars,Dallas,de Dallas,DAL,5,3,REG,3,REG,8479979,8480027.0,/video/sea-dal-329725872,,,,,,,,,,,,,,,,,,,DAL
2021020649,20212022,2,2022-01-12,False,2022-01-13T03:00:00Z,-05:00,-07:00,America/Phoenix,OFF,OK,10,Maple Leafs,Toronto,de Toronto,TOR,1,53,Coyotes,Arizona,de l'Arizona,ARI,2,3,REG,3,REG,8478872,8476288.0,/video/tor-ari-329727534,,,,,,,,,,,,,,,,,,,ARI
2021020652,20212022,2,2022-01-13,False,2022-01-14T00:00:00Z,-05:00,-05:00,US/Eastern,OFF,OK,23,Canucks,Vancouver,de Vancouver,VAN,2,14,Lightning,Tampa Bay,de Tampa Bay,TBL,4,3,REG,3,REG,8476883,8479383.0,/video/van-tbl-329757734,,,,,,,,,,,,,,,,,,,TBL
2021020650,20212022,2,2022-01-13,False,2022-01-14T00:00:00Z,-05:00,-05:00,US/Eastern,OFF,OK,4,Flyers,Philadelphia,de Philadelphie,PHI,2,6,Bruins,Boston,de Boston,BOS,3,3,REG,3,REG,8471695,8477956.0,/video/phi-bos-329760030,,,,,,,,,,,,,,,,,,,BOS
2021020654,20212022,2,2022-01-13,False,2022-01-14T00:00:00Z,-05:00,-05:00,US/Eastern,OFF,OK,29,Blue Jackets,Columbus,de Columbus,CBJ,6,12,Hurricanes,Carolina,de la Caroline,CAR,0,3,REG,3,REG,8478007,8480205.0,/video/cbj-car-329756366,,,,,,,,,,,,,,,,,,,CBJ
2021020653,20212022,2,2022-01-13,False,2022-01-14T00:30:00Z,-05:00,-05:00,America/New_York,OFF,OK,1,Devils,New Jersey,du New Jersey,NJD,2,2,Islanders,New York,de New York,NYI,3,3,REG,3,REG,8478009,8478445.0,/video/njd-nyi-329763720,,,,,,,,,,,,,,,,,,,NYI
2021020651,20212022,2,2022-01-13,False,2022-01-14T00:30:00Z,-05:00,-05:00,America/Detroit,OFF,OK,52,Jets,Winnipeg,de Winnipeg,WPG,3,17,Red Wings,Detroit,de Detroit,DET,0,3,REG,3,REG,8476945,8477429.0,/video/wpg-det-329763488,,,,,,,,,,,,,,,,,,,WPG
2021020656,20212022,2,2022-01-13,False,2022-01-14T01:00:00Z,-05:00,-06:00,US/Central,OFF,OK,55,Kraken,Seattle,de Seattle,SEA,1,19,Blues,St. Louis,de St. Louis,STL,2,3,REG,3,REG,8478024,8477402.0,/video/sea-stl-329766548,,,,,,,,,,,,,,,,,,,STL
2021020657,20212022,2,2022-01-13,False,2022-01-14T01:00:00Z,-05:00,-06:00,US/Central,OFF,OK,7,Sabres,Buffalo,de Buffalo,BUF,4,18,Predators,Nashville,de Nashville,NSH,1,3,REG,3,REG,8477180,8475784.0,/video/buf-nsh-329767852,,,,,,,,,,,,,,,,,,,BUF
2021020655,20212022,2,2022-01-13,False,2022-01-14T01:30:00Z,-05:00,-06:00,America/Chicago,OFF,OK,8,Canadiens,Montréal,de Montréal,MTL,2,16,Blackhawks,Chicago,de Chicago,CHI,3,4,OT,3,OT,8470594,8480798.0,/video/mtl-chi-329772648,,,,,,,,,,,,,,,,,,,CHI
2021020658,20212022,2,2022-01-13,False,2022-01-14T02:00:00Z,-05:00,-07:00,America/Edmonton,OFF,OK,9,Senators,Ottawa,d'Ottawa,OTT,4,20,Flames,Calgary,de Calgary,CGY,1,3,REG,3,REG,8476899,8477426.0,/video/ott-cgy-329773940,Sénateurs,,,,,,,,,,,,,,,,,,OTT
2021020659,20212022,2,2022-01-13,False,2022-01-14T03:30:00Z,-05:00,-08:00,America/Los_Angeles,OFF,OK,5,Penguins,Pittsburgh,de Pittsburgh,PIT,2,26,Kings,Los Angeles,de Los Angeles,LAK,6,3,REG,3,REG,8471734,8479998.0,/video/pit-lak-329778488,,,,,,,,,,,,,,,,,,,LAK
2021020660,20212022,2,2022-01-13,False,2022-01-14T03:30:00Z,-05:00,-08:00,US/Pacific,OFF,OK,3,Rangers,New York,de New York,NYR,3,28,Sharks,San Jose,de San Jose,SJS,0,3,REG,3,REG,8478048,8475184.0,/video/nyr-sjs-329778564,,,,,,,,,,,,,,,,,,,NYR
2021020661,20212022,2,2022-01-14,False,2022-01-15T00:00:00Z,-05:00,-05:00,US/Eastern,OFF,OK,25,Stars,Dallas,de Dallas,DAL,1,13,Panthers,Florida,de la Floride,FLA,7,3,REG,3,REG,8475683,8477407.0,/video/dal-fla-329799314,,,,,,,,,,,,,,,,,,,FLA
2021020662,20212022,2,2022-01-14,False,2022-01-15T01:00:00Z,-05:00,-06:00,US/Central,OFF,OK,24,Ducks,Anaheim,d'Anaheim,ANA,3,30,Wild,Minnesota,du Minnesota,MIN,7,3,REG,3,REG,8478039,8481557.0,/video/ana-min-329803248,,Kähkönen,,,,,,,,,,,,,,,,,MIN
2021020663,20212022,2,2022-01-14,False,2022-01-15T02:00:00Z,-05:00,-07:00,America/Denver,OFF,OK,53,Coyotes,Arizona,de l'Arizona,ARI,3,21,Avalanche,Colorado,du Colorado,COL,4,5,SO,3,SO,8480925,,/video/ari-col-329806546,,,,,,,,,,,,,,,,,,,COL
2021020672,20212022,2,2022-01-15,False,2022-01-15T18:00:00Z,-05:00,-05:00,US/Eastern,OFF,OK,23,Canucks,Vancouver,de Vancouver,VAN,1,12,Hurricanes,Carolina,de la Caroline,CAR,4,3,REG,3,REG,8475883,8476389.0,/video/van-car-329818438,,,,,,,,,,,,,,,,,,,CAR
2021020665,20212022,2,2022-01-15,False,2022-01-15T18:00:00Z,-05:00,-05:00,US/Eastern,OFF,OK,18,Predators,Nashville,de Nashville,NSH,3,6,Bruins,Boston,de Boston,BOS,4,4,OT,3,OT,8476999,8475791.0,/video/nsh-bos-329818594,,,,,,,,,,,,,,,,,,,BOS
2021020670,20212022,2,2022-01-15,False,2022-01-15T19:00:00Z,-05:00,-05:00,America/New_York,OFF,OK,15,Capitals,Washington,de Washington,WSH,2,2,Islanders,New York,de New York,NYI,0,3,REG,3,REG,8477970,8476880.0,/video/wsh-nyi-329820640,,,,,,,,,,,,,,,,,,,WSH
2021020669,20212022,2,2022-01-15,False,2022-01-15T23:00:00Z,-05:00,-05:00,US/Eastern,OFF,OK,29,Blue Jackets,Columbus,de Columbus,CBJ,2,13,Panthers,Florida,de la Floride,FLA,9,3,REG,3,REG,8475683,8477346.0,/video/cbj-fla-329826772,,,,,,,,,,,,,,,,,,,FLA
2021020668,20212022,2,2022-01-15,False,2022-01-16T00:00:00Z,-05:00,-05:00,US/Eastern,OFF,OK,25,Stars,Dallas,de Dallas,DAL,1,14,Lightning,Tampa Bay,de Tampa Bay,TBL,3,3,REG,3,REG,8476883,8479525.0,/video/dal-tbl-329832506,,,,,,,,,,,,,,,,,,,TBL
2021020674,20212022,2,2022-01-15,False,2022-01-16T00:00:00Z,-05:00,-06:00,US/Central,OFF,OK,10,Maple Leafs,Toronto,de Toronto,TOR,6,19,Blues,St. Louis,de St. Louis,STL,5,3,REG,3,REG,8475789,8481624.0,/video/tor-stl-329832842,,,,,,,,,,,,,,,,,,,TOR
2021020671,20212022,2,2022-01-15,False,2022-01-16T00:00:00Z,-05:00,-05:00,US/Eastern,OFF,OK,3,Rangers,New York,de New York,NYR,3,4,Flyers,Philadelphia,de Philadelphie,PHI,2,3,REG,3,REG,8478048,8475184.0,/video/nyr-phi-329830966,,,,,,,,,,,,,,,,,,,NYR
2021020667,20212022,2,2022-01-15,False,2022-01-16T00:00:00Z,-05:00,-05:00,America/Detroit,OFF,OK,7,Sabres,Buffalo,de Buffalo,BUF,0,17,Red Wings,Detroit,de Detroit,DET,4,3,REG,3,REG,8477968,8477479.0,/video/buf-det-329831314,,,,,,,,,,,,,,,,,,,DET
2021020673,20212022,2,2022-01-15,False,2022-01-16T01:30:00Z,-05:00,-06:00,America/Chicago,OFF,OK,24,Ducks,Anaheim,d'Anaheim,ANA,0,16,Blackhawks,Chicago,de Chicago,CHI,3,3,REG,3,REG,8470594,8479542.0,/video/ana-chi-329840378,,,,,,,,,,,,,,,,,,,CHI
2021020677,20212022,2,2022-01-15,False,2022-01-16T02:00:00Z,-05:00,-07:00,America/Phoenix,OFF,OK,21,Avalanche,Colorado,du Colorado,COL,5,53,Coyotes,Arizona,de l'Arizona,ARI,0,3,REG,3,REG,8475311,8477492.0,/video/col-ari-329842628,,,,,,,,,,,,,,,,,,,COL
2021020635,20212022,2,2022-01-15,False,2022-01-16T03:00:00Z,-05:00,-07:00,America/Edmonton,OFF,OK,9,Senators,Ottawa,d'Ottawa,OTT,6,22,Oilers,Edmonton,d'Edmonton,EDM,4,3,REG,3,REG,8476899,8480064.0,/video/ott-edm-329846442,Sénateurs,,,,,,,,,,,,,,,,,,OTT
2021020679,20212022,2,2022-01-15,False,2022-01-16T03:00:00Z,-05:00,-08:00,US/Pacific,OFF,OK,26,Kings,Los Angeles,de Los Angeles,LAK,3,55,Kraken,Seattle,de Seattle,SEA,1,3,REG,3,REG,8477361,8476479.0,/video/lak-sea-329845928,,,,,,,,,,,,,,,,,,,LAK
2021020678,20212022,2,2022-01-15,False,2022-01-16T03:30:00Z,-05:00,-08:00,US/Pacific,OFF,OK,5,Penguins,Pittsburgh,de Pittsburgh,PIT,2,28,Sharks,San Jose,de San Jose,SJS,1,4,OT,3,OT,8475839,8477404.0,/video/pit-sjs-329847860,,,,,,,,,,,,,,,,,,,PIT
2021020680,20212022,2,2022-01-16,False,2022-01-16T19:00:00Z,-05:00,-05:00,US/Eastern,OFF,OK,23,Canucks,Vancouver,de Vancouver,VAN,4,15,Capitals,Washington,de Washington,WSH,2,3,REG,3,REG,8477967,8477500.0,/video/van-wsh-329858092,,,,,,,,,,,,,,,,,,,VAN
2021020682,20212022,2,2022-01-17,False,2022-01-17T18:00:00Z,-05:00,-05:00,America/New_York,OFF,OK,17,Red Wings,Detroit,de Detroit,DET,3,7,Sabres,Buffalo,de Buffalo,BUF,2,4,OT,3,OT,8477968,8477946.0,/video/det-buf-329873446,,,,,,,,,,,,,,,,,,,DET
2021020686,20212022,2,2022-01-17,False,2022-01-17T20:00:00Z,-05:00,-07:00,America/Denver,OFF,OK,30,Wild,Minnesota,du Minnesota,MIN,3,21,Avalanche,Colorado,du Colorado,COL,4,5,SO,3,SO,8480925,,/video/min-col-329881620,,,,,,,,,,,,,,,,,,,COL
2021020687,20212022,2,2022-01-17,False,2022-01-17T21:00:00Z,-05:00,-07:00,America/Phoenix,OFF,OK,8,Canadiens,Montréal,de Montréal,MTL,2,53,Coyotes,Arizona,de l'Arizona,ARI,5,3,REG,3,REG,8478872,8482655.0,/video/mtl-ari-329883530,,,,,,,,,,,,,,,,,,,ARI
2021020689,20212022,2,2022-01-17,False,2022-01-17T21:00:00Z,-05:00,-08:00,US/Pacific,OFF,OK,26,Kings,Los Angeles,de Los Angeles,LAK,2,28,Sharks,San Jose,de San Jose,SJS,6,3,REG,3,REG,8473503,8478414.0,/video/lak-sjs-329883626,,,,,,,,,,,,,,,,,,,SJS
2021020690,20212022,2,2022-01-17,False,2022-01-17T22:00:00Z,-05:00,-08:00,US/Pacific,OFF,OK,16,Blackhawks,Chicago,de Chicago,CHI,2,55,Kraken,Seattle,de Seattle,SEA,3,5,SO,3,SO,8475831,,/video/chi-sea-329886550,,,,,,,,,,,,,,,,,,,SEA
2021020684,20212022,2,2022-01-17,False,2022-01-18T00:30:00Z,-05:00,-05:00,America/New_York,OFF,OK,4,Flyers,Philadelphia,de Philadelphie,PHI,1,2,Islanders,New York,de New York,NYI,4,3,REG,3,REG,8478009,8475231.0,/video/phi-nyi-329892428,,,,,,,,,,,,,,,,,,,NYI
2021020685,20212022,2,2022-01-17,False,2022-01-18T01:00:00Z,-05:00,-06:00,US/Central,OFF,OK,18,Predators,Nashville,de Nashville,NSH,3,19,Blues,St. Louis,de St. Louis,STL,5,3,REG,3,REG,8478024,8477964.0,/video/nsh-stl-329894432,,,,,,,,,,,,,,,,,,,STL
2021020688,20212022,2,2022-01-17,False,2022-01-18T03:00:00Z,-05:00,-08:00,US/Pacific,OFF,OK,5,Penguins,Pittsburgh,de Pittsburgh,PIT,5,54,Golden Knights,Vegas,de Vegas,VGK,3,3,REG,3,REG,8477465,8477404.0,/video/pit-vgk-329899054,,,,,,,,,,,,,,,,,,,PIT
2021020691,20212022,2,2022-01-18,False,2022-01-19T00:00:00Z,-05:00,-05:00,US/Eastern,OFF,OK,12,Hurricanes,Carolina,de la Caroline,CAR,7,6,Bruins,Boston,de Boston,BOS,1,3,REG,3,REG,8475883,8480829.0,/video/car-bos-329928722,,,,,,,,,,,,,,,,,,,CAR
2021020692,20212022,2,2022-01-18,False,2022-01-19T00:00:00Z,-05:00,-05:00,US/Eastern,OFF,OK,7,Sabres,Buffalo,de Buffalo,BUF,3,9,Senators,Ottawa,d'Ottawa,OTT,1,3,REG,3,REG,8475920,8476873.0,/video/buf-ott-329927058,,,Sénateurs,,,,,,,,,,,,,,,,BUF
2021020695,20212022,2,2022-01-18,False,2022-01-19T00:00:00Z,-05:00,-05:00,US/Eastern,OFF,OK,52,Jets,Winnipeg,de Winnipeg,WPG,3,15,Capitals,Washington,de Washington,WSH,4,4,OT,3,OT,8477970,8476880.0,/video/wpg-wsh-329926644,,,,,,,,,,,,,,,,,,,WSH
2021020340,20212022,2,2022-01-18,False,2022-01-19T00:00:00Z,-05:00,-05:00,US/Eastern,OFF,OK,2,Islanders,New York,de New York,NYI,4,4,Flyers,Philadelphia,de Philadelphie,PHI,3,5,SO,3,SO,8473575,,/video/nyi-phi-329928068,,,,,,,,,,,,,,,,,,,NYI
2021020696,20212022,2,2022-01-18,False,2022-01-19T01:00:00Z,-05:00,-06:00,US/Central,OFF,OK,23,Canucks,Vancouver,de Vancouver,VAN,3,18,Predators,Nashville,de Nashville,NSH,1,3,REG,3,REG,8477967,8478444.0,/video/van-nsh-329932772,,,,,,,,,,,,,,,,,,,VAN
2021020697,20212022,2,2022-01-18,False,2022-01-19T01:30:00Z,-05:00,-06:00,US/Central,OFF,OK,8,Canadiens,Montréal,de Montréal,MTL,5,25,Stars,Dallas,de Dallas,DAL,3,3,REG,3,REG,8478470,8477989.0,/video/mtl-dal-329935678,,,,,,,,,,,,,,,,,,,MTL
2021020698,20212022,2,2022-01-18,False,2022-01-19T02:00:00Z,-05:00,-07:00,America/Edmonton,OFF,OK,13,Panthers,Florida,de la Floride,FLA,1,20,Flames,Calgary,de Calgary,CGY,5,3,REG,3,REG,8474593,8476399.0,/video/fla-cgy-329936968,,Markström,,,,,,,,,,,,,,,,,CGY
2021020700,20212022,2,2022-01-18,False,2022-01-19T03:30:00Z,-05:00,-08:00,America/Los_Angeles,OFF,OK,14,Lightning,Tampa Bay,de Tampa Bay,TBL,6,26,Kings,Los Angeles,de Los Angeles,LAK,4,3,REG,3,REG,8476883,8478472.0,/video/tbl-lak-329941772,,,,,,,,,,,,,,,,,,,TBL
2021020701,20212022,2,2022-01-19,False,2022-01-20T00:00:00Z,-05:00,-05:00,US/Eastern,OFF,OK,53,Coyotes,Arizona,de l'Arizona,ARI,4,1,Devils,New Jersey,du New Jersey,NJD,1,3,REG,3,REG,8478872,8478474.0,/video/ari-njd-329964614,,,,,,,,,,,,,,,,,,,ARI
2021020702,20212022,2,2022-01-19,False,2022-01-20T00:30:00Z,-05:00,-05:00,America/New_York,OFF,OK,10,Maple Leafs,Toronto,de Toronto,TOR,3,3,Rangers,New York,de New York,NYR,6,3,REG,3,REG,8478048,8476458.0,/video/tor-nyr-329966222,,,,,,,,,,,,,,,,,,,NYR
2021020703,20212022,2,2022-01-19,False,2022-01-20T03:00:00Z,-05:00,-08:00,America/Los_Angeles,OFF,OK,21,Avalanche,Colorado,du Colorado,COL,2,24,Ducks,Anaheim,d'Anaheim,ANA,0,3,REG,3,REG,8480925,8479398.0,/video/col-ana-329969946,,,,,,,,,,,,,,,,,,,COL
2021020705,20212022,2,2022-01-20,False,2022-01-21T00:00:00Z,-05:00,-05:00,America/New_York,OFF,OK,25,Stars,Dallas,de Dallas,DAL,5,7,Sabres,Buffalo,de Buffalo,BUF,4,3,REG,3,REG,8474651,8480027.0,/video/dal-buf-329997758,,,,,,,,,,,,,,,,,,,DAL
2021020704,20212022,2,2022-01-20,False,2022-01-21T00:00:00Z,-05:00,-05:00,US/Eastern,OFF,OK,15,Capitals,Washington,de Washington,WSH,3,6,Bruins,Boston,de Boston,BOS,4,3,REG,3,REG,8476999,8479325.0,/video/wsh-bos-329997270,,,,,,,,,,,,,,,,,,,BOS
2021020706,20212022,2,2022-01-20,False,2022-01-21T00:00:00Z,-05:00,-05:00,US/Eastern,OFF,OK,29,Blue Jackets,Columbus,de Columbus,CBJ,2,4,Flyers,Philadelphia,de Philadelphie,PHI,1,3,REG,3,REG,8478007,8479339.0,/video/cbj-phi-329997356,,,,,,,,,,,,,,,,,,,CBJ
2021020707,20212022,2,2022-01-20,False,2022-01-21T00:00:00Z,-05:00,-05:00,US/Eastern,OFF,OK,9,Senators,Ottawa,d'Ottawa,OTT,4,5,Penguins,Pittsburgh,de Pittsburgh,PIT,6,3,REG,3,REG,8477465,8476875.0,/video/ott-pit-329998850,Sénateurs,,,,,,,,,,,,,,,,,,PIT
2021020708,20212022,2,2022-01-20,False,2022-01-21T01:00:00Z,-05:00,-06:00,US/Central,OFF,OK,52,Jets,Winnipeg,de Winnipeg,WPG,2,18,Predators,Nashville,de Nashville,NSH,5,3,REG,3,REG,8477424,8475793.0,/video/wpg-nsh-330003502,,,,,,,,,,,,,,,,,,,NSH
2021020709,20212022,2,2022-01-20,False,2022-01-21T02:00:00Z,-05:00,-07:00,America/Edmonton,OFF,OK,13,Panthers,Florida,de la Floride,FLA,6,22,Oilers,Edmonton,d'Edmonton,EDM,0,3,REG,3,REG,8475683,8477493.0,/video/fla-edm-330007238,,,,,,,,,,,,,,,,,,,FLA
2021020711,20212022,2,2022-01-20,False,2022-01-21T02:30:00Z,-05:00,-08:00,America/Los_Angeles,OFF,OK,21,Avalanche,Colorado,du Colorado,COL,4,26,Kings,Los Angeles,de Los Angeles,LAK,1,3,REG,3,REG,8475311,8480748.0,/video/col-lak-330009636,,,,,,,,,,,,,,,,,,,COL
2021020712,20212022,2,2022-01-20,False,2022-01-21T03:00:00Z,-05:00,-08:00,US/Pacific,OFF,OK,28,Sharks,San Jose,de San Jose,SJS,2,55,Kraken,Seattle,de Seattle,SEA,3,3,REG,3,REG,8475831,8475714.0,/video/sjs-sea-330010144,,,,,,,,,,,,,,,,,,,SEA
2021020710,20212022,2,2022-01-20,False,2022-01-21T03:00:00Z,-05:00,-08:00,US/Pacific,OFF,OK,8,Canadiens,Montréal,de Montréal,MTL,3,54,Golden Knights,Vegas,de Vegas,VGK,4,4,OT,3,OT,8475215,8477447.0,/video/mtl-vgk-330009796,,,,,,,,,,,,,,,,,,,VGK
2021020716,20212022,2,2022-01-21,False,2022-01-22T00:00:00Z,-05:00,-05:00,US/Eastern,OFF,OK,5,Penguins,Pittsburgh,de Pittsburgh,PIT,5,29,Blue Jackets,Columbus,de Columbus,CBJ,2,3,REG,3,REG,8477465,8476875.0,/video/pit-cbj-330039746,,,,,,,,,,,,,,,,,,,PIT
2021020715,20212022,2,2022-01-21,False,2022-01-22T00:00:00Z,-05:00,-05:00,US/Eastern,OFF,OK,3,Rangers,New York,de New York,NYR,3,12,Hurricanes,Carolina,de la Caroline,CAR,6,3,REG,3,REG,8475883,8478427.0,/video/nyr-car-330038884,,,,,,,,,,,,,,,,,,,CAR
2021020713,20212022,2,2022-01-21,False,2022-01-22T00:30:00Z,-05:00,-05:00,America/Detroit,OFF,OK,25,Stars,Dallas,de Dallas,DAL,5,17,Red Wings,Detroit,de Detroit,DET,4,4,OT,3,OT,8474651,8478449.0,/video/dal-det-330042594,,,,,,,,,,,,,,,,,,,DAL
2021020714,20212022,2,2022-01-21,False,2022-01-22T00:30:00Z,-05:00,-05:00,America/New_York,OFF,OK,53,Coyotes,Arizona,de l'Arizona,ARI,0,2,Islanders,New York,de New York,NYI,4,3,REG,3,REG,8478009,8476429.0,/video/ari-nyi-330041538,,,,,,,,,,,,,,,,,,,NYI
2021020717,20212022,2,2022-01-21,False,2022-01-22T01:30:00Z,-05:00,-06:00,America/Chicago,OFF,OK,30,Wild,Minnesota,du Minnesota,MIN,5,16,Blackhawks,Chicago,de Chicago,CHI,1,3,REG,3,REG,8478039,8477451.0,/video/min-chi-330045530,,Kähkönen,,,,,,,,,,,,,,,,,MIN
2021020719,20212022,2,2022-01-21,False,2022-01-22T03:00:00Z,-05:00,-08:00,America/Los_Angeles,OFF,OK,14,Lightning,Tampa Bay,de Tampa Bay,TBL,1,24,Ducks,Anaheim,d'Anaheim,ANA,5,3,REG,3,REG,8476434,8474031.0,/video/tbl-ana-330051074,,,,,,,,,,,,,,,,,,,ANA
2021020718,20212022,2,2022-01-21,False,2022-01-22T03:00:00Z,-05:00,-08:00,America/Vancouver,OFF,OK,13,Panthers,Florida,de la Floride,FLA,2,23,Canucks,Vancouver,de Vancouver,VAN,1,5,SO,3,SO,8481519,,/video/fla-van-330050834,,,,,,,,,,,,,,,,,,,FLA
2021020720,20212022,2,2022-01-21,False,2022-01-22T03:00:00Z,-05:00,-08:00,US/Pacific,OFF,OK,19,Blues,St. Louis,de St. Louis,STL,5,55,Kraken,Seattle,de Seattle,SEA,0,3,REG,3,REG,8478024,8475098.0,/video/stl-sea-330049888,,,,,,,,,,,,,,,,,,,STL
2021020722,20212022,2,2022-01-22,False,2022-01-22T18:00:00Z,-05:00,-05:00,America/New_York,OFF,OK,4,Flyers,Philadelphia,de Philadelphie,PHI,3,7,Sabres,Buffalo,de Buffalo,BUF,6,3,REG,3,REG,8475920,8481522.0,/video/phi-buf-330064712,,,,,,,,,,,,,,,,,,,BUF
2021020721,20212022,2,2022-01-22,False,2022-01-22T20:00:00Z,-05:00,-05:00,US/Eastern,OFF,OK,52,Jets,Winnipeg,de Winnipeg,WPG,2,6,Bruins,Boston,de Boston,BOS,3,3,REG,3,REG,8471695,8477956.0,/video/wpg-bos-330067078,,,,,,,,,,,,,,,,,,,BOS
2021021211,20212022,2,2022-01-22,False,2022-01-23T00:00:00Z,-05:00,-05:00,America/New_York,OFF,OK,10,Maple Leafs,Toronto,de Toronto,TOR,3,2,Islanders,New York,de New York,NYI,1,3,REG,3,REG,8475852,8478115.0,/video/tor-nyi-330076938,,,,,,,,,,,,,,,,,,,TOR
2021020729,20212022,2,2022-01-22,False,2022-01-23T00:00:00Z,-05:00,-07:00,America/Denver,OFF,OK,8,Canadiens,Montréal,de Montréal,MTL,2,21,Avalanche,Colorado,du Colorado,COL,3,4,OT,3,OT,8475311,8476455.0,/video/mtl-col-330079372,,,,,,,,,,,,,,,,,,,COL
2021020725,20212022,2,2022-01-22,False,2022-01-23T00:00:00Z,-05:00,-05:00,America/New_York,OFF,OK,53,Coyotes,Arizona,de l'Arizona,ARI,3,3,Rangers,New York,de New York,NYR,7,3,REG,3,REG,8478048,8478550.0,/video/ari-nyr-330077254,,,,,,,,,,,,,,,,,,,NYR
2021020726,20212022,2,2022-01-22,False,2022-01-23T00:00:00Z,-05:00,-05:00,US/Eastern,OFF,OK,9,Senators,Ottawa,d'Ottawa,OTT,2,15,Capitals,Washington,de Washington,WSH,3,4,OT,3,OT,8477970,8473563.0,/video/ott-wsh-330081130,Sénateurs,,,,,,,,,,,,,,,,,,WSH
2021020724,20212022,2,2022-01-22,False,2022-01-23T00:00:00Z,-05:00,-05:00,US/Eastern,OFF,OK,12,Hurricanes,Carolina,de la Caroline,CAR,4,1,Devils,New Jersey,du New Jersey,NJD,7,3,REG,3,REG,8476903,8479407.0,,,,,,,,,,,,,,,,,,,,NJD
2021020727,20212022,2,2022-01-22,False,2022-01-23T01:30:00Z,-05:00,-06:00,US/Central,OFF,OK,17,Red Wings,Detroit,de Detroit,DET,1,18,Predators,Nashville,de Nashville,NSH,4,3,REG,3,REG,8477424,8475168.0,/video/det-nsh-330088814,,,,,,,,,,,,,,,,,,,NSH
2021020728,20212022,2,2022-01-22,False,2022-01-23T02:00:00Z,-05:00,-06:00,US/Central,OFF,OK,16,Blackhawks,Chicago,de Chicago,CHI,3,30,Wild,Minnesota,du Minnesota,MIN,4,4,OT,3,OT,8478039,8475220.0,/video/chi-min-330090454,,Kähkönen,,,,,,,,,,,,,,,,,MIN
2021020730,20212022,2,2022-01-22,False,2022-01-23T03:00:00Z,-05:00,-07:00,America/Edmonton,OFF,OK,20,Flames,Calgary,de Calgary,CGY,3,22,Oilers,Edmonton,d'Edmonton,EDM,5,3,REG,3,REG,8475156,8477934.0,/video/cgy-edm-330093854,,,,,,,,,,,,,,,,,,,EDM
2021020731,20212022,2,2022-01-22,False,2022-01-23T03:30:00Z,-05:00,-08:00,US/Pacific,OFF,OK,14,Lightning,Tampa Bay,de Tampa Bay,TBL,7,28,Sharks,San Jose,de San Jose,SJS,1,3,REG,3,REG,8470880,8474564.0,/video/tbl-sjs-330094426,,,,,,,,,,,,,,,,,,,TBL
2021020733,20212022,2,2022-01-23,False,2022-01-23T18:00:00Z,-05:00,-05:00,US/Eastern,OFF,OK,52,Jets,Winnipeg,de Winnipeg,WPG,2,5,Penguins,Pittsburgh,de Pittsburgh,PIT,3,5,SO,3,SO,8477465,,/video/wpg-pit-330106438,,,,,,,,,,,,,,,,,,,PIT
2021020734,20212022,2,2022-01-23,False,2022-01-23T23:00:00Z,-05:00,-05:00,US/Eastern,OFF,OK,9,Senators,Ottawa,d'Ottawa,OTT,2,29,Blue Jackets,Columbus,de Columbus,CBJ,1,3,REG,3,REG,8476341,8482116.0,/video/ott-cbj-330113130,Sénateurs,,,,,,,,,,,,,,,,,,OTT
2021020732,20212022,2,2022-01-23,False,2022-01-24T00:00:00Z,-05:00,-05:00,US/Eastern,OFF,OK,26,Kings,Los Angeles,de Los Angeles,LAK,3,1,Devils,New Jersey,du New Jersey,NJD,2,3,REG,3,REG,8477361,8479336.0,/video/lak-njd-330113378,,,,,,,,,,,,,,,,,,,LAK
2021020736,20212022,2,2022-01-23,False,2022-01-24T02:00:00Z,-05:00,-08:00,US/Pacific,OFF,OK,13,Panthers,Florida,de la Floride,FLA,3,55,Kraken,Seattle,de Seattle,SEA,5,3,REG,3,REG,8475831,8478891.0,/video/fla-sea-330117408,,,,,,,,,,,,,,,,,,,SEA
2021020735,20212022,2,2022-01-23,False,2022-01-24T03:00:00Z,-05:00,-08:00,America/Vancouver,OFF,OK,19,Blues,St. Louis,de St. Louis,STL,3,23,Canucks,Vancouver,de Vancouver,VAN,1,3,REG,3,REG,8478024,8475170.0,/video/stl-van-330119164,,,,,,,,,,,,,,,,,,,STL
2021020738,20212022,2,2022-01-24,False,2022-01-25T00:00:00Z,-05:00,-05:00,America/New_York,OFF,OK,26,Kings,Los Angeles,de Los Angeles,LAK,2,3,Rangers,New York,de New York,NYR,3,5,SO,3,SO,8478048,,/video/lak-nyr-330152844,,,,,,,,,,,,,,,,,,,NYR
2021020740,20212022,2,2022-01-24,False,2022-01-25T00:00:00Z,-05:00,-05:00,US/Eastern,OFF,OK,54,Golden Knights,Vegas,de Vegas,VGK,1,15,Capitals,Washington,de Washington,WSH,0,3,REG,3,REG,8475215,8478020.0,/video/vgk-wsh-330150034,,,,,,,,,,,,,,,,,,,VGK
2021020739,20212022,2,2022-01-24,False,2022-01-25T00:00:00Z,-05:00,-05:00,US/Eastern,OFF,OK,25,Stars,Dallas,de Dallas,DAL,3,4,Flyers,Philadelphia,de Philadelphie,PHI,1,3,REG,3,REG,8479979,8480216.0,/video/dal-phi-330148792,,,,,,,,,,,,,,,,,,,DAL
2021020737,20212022,2,2022-01-24,False,2022-01-25T00:00:00Z,-05:00,-05:00,US/Eastern,OFF,OK,24,Ducks,Anaheim,d'Anaheim,ANA,5,6,Bruins,Boston,de Boston,BOS,3,3,REG,3,REG,8476434,8478873.0,/video/ana-bos-330149804,,,,,,,,,,,,,,,,,,,ANA
2021020741,20212022,2,2022-01-24,False,2022-01-25T01:00:00Z,-05:00,-06:00,US/Central,OFF,OK,8,Canadiens,Montréal,de Montréal,MTL,2,30,Wild,Minnesota,du Minnesota,MIN,8,3,REG,3,REG,8475660,8480980.0,/video/mtl-min-330156538,,,,,,,,,,,,,,,,,,,MIN
2021020742,20212022,2,2022-01-24,False,2022-01-25T02:00:00Z,-05:00,-07:00,America/Denver,OFF,OK,16,Blackhawks,Chicago,de Chicago,CHI,0,21,Avalanche,Colorado,du Colorado,COL,2,3,REG,3,REG,8480925,8475172.0,/video/chi-col-330159302,,,,,,,,,,,,,,,,,,,COL
2021020743,20212022,2,2022-01-24,False,2022-01-25T02:00:00Z,-05:00,-07:00,America/Edmonton,OFF,OK,19,Blues,St. Louis,de St. Louis,STL,1,20,Flames,Calgary,de Calgary,CGY,7,3,REG,3,REG,8474593,8475690.0,,,Markström,,,,,,,,,,,,,,,,,CGY
2021020745,20212022,2,2022-01-25,False,2022-01-26T00:00:00Z,-05:00,-05:00,US/Eastern,OFF,OK,25,Stars,Dallas,de Dallas,DAL,5,1,Devils,New Jersey,du New Jersey,NJD,1,3,REG,3,REG,8474651,8480216.0,/video/dal-njd-330193034,,,,,,,,,,,,,,,,,,,DAL
2021020744,20212022,2,2022-01-25,False,2022-01-26T00:00:00Z,-05:00,-05:00,US/Eastern,OFF,OK,7,Sabres,Buffalo,de Buffalo,BUF,0,9,Senators,Ottawa,d'Ottawa,OTT,5,3,REG,3,REG,8476899,8474589.0,/video/buf-ott-330192864,,,Sénateurs,,,,,,,,,,,,,,,,OTT
2021020748,20212022,2,2022-01-25,False,2022-01-26T00:00:00Z,-05:00,-05:00,US/Eastern,OFF,OK,54,Golden Knights,Vegas,de Vegas,VGK,3,12,Hurricanes,Carolina,de la Caroline,CAR,4,4,OT,3,OT,8475883,8478427.0,/video/vgk-car-330192566,,,,,,,,,,,,,,,,,,,CAR
2021020747,20212022,2,2022-01-25,False,2022-01-26T00:00:00Z,-05:00,-05:00,US/Eastern,OFF,OK,53,Coyotes,Arizona,de l'Arizona,ARI,3,5,Penguins,Pittsburgh,de Pittsburgh,PIT,6,3,REG,3,REG,8477465,8471675.0,/video/ari-pit-330192820,,,,,,,,,,,,,,,,,,,PIT
2021020746,20212022,2,2022-01-25,False,2022-01-26T00:30:00Z,-05:00,-05:00,America/New_York,OFF,OK,4,Flyers,Philadelphia,de Philadelphie,PHI,3,2,Islanders,New York,de New York,NYI,4,3,REG,3,REG,8478009,8470610.0,/video/phi-nyi-330194370,,,,,,,,,,,,,,,,,,,NYI
2021020749,20212022,2,2022-01-25,False,2022-01-26T01:00:00Z,-05:00,-06:00,America/Winnipeg,OFF,OK,13,Panthers,Florida,de la Floride,FLA,5,52,Jets,Winnipeg,de Winnipeg,WPG,3,3,REG,3,REG,8475683,8477409.0,/video/fla-wpg-330195806,,,,,,,,,,,,,,,,,,,FLA
2021020751,20212022,2,2022-01-25,False,2022-01-26T03:00:00Z,-05:00,-08:00,US/Pacific,OFF,OK,18,Predators,Nashville,de Nashville,NSH,4,55,Kraken,Seattle,de Seattle,SEA,2,3,REG,3,REG,8477424,8475218.0,/video/nsh-sea-330199728,,,,,,,,,,,,,,,,,,,NSH
2021020750,20212022,2,2022-01-25,False,2022-01-26T03:00:00Z,-05:00,-08:00,America/Vancouver,OFF,OK,22,Oilers,Edmonton,d'Edmonton,EDM,3,23,Canucks,Vancouver,de Vancouver,VAN,2,4,OT,3,OT,8475156,8478402.0,/video/edm-van-330200592,,,,,,,,,,,,,,,,,,,EDM
2021020752,20212022,2,2022-01-26,False,2022-01-27T00:00:00Z,-05:00,-05:00,America/Toronto,OFF,OK,24,Ducks,Anaheim,d'Anaheim,ANA,3,10,Maple Leafs,Toronto,de Toronto,TOR,4,5,SO,3,SO,8475789,,/video/ana-tor-330228978,,,,,,,,,,,,,,,,,,,TOR
2021020755,20212022,2,2022-01-26,False,2022-01-27T00:00:00Z,-05:00,-05:00,US/Eastern,OFF,OK,20,Flames,Calgary,de Calgary,CGY,6,29,Blue Jackets,Columbus,de Columbus,CBJ,0,3,REG,3,REG,8474593,8474150.0,/video/cgy-cbj-330227800,,Markström,,,,,,,,,,,,,,,,,CGY
2021020754,20212022,2,2022-01-26,False,2022-01-27T00:00:00Z,-05:00,-05:00,US/Eastern,OFF,OK,28,Sharks,San Jose,de San Jose,SJS,4,15,Capitals,Washington,de Washington,WSH,1,3,REG,3,REG,8473503,8478467.0,/video/sjs-wsh-330227712,,,,,,,,,,,,,,,,,,,SJS
2021020753,20212022,2,2022-01-26,False,2022-01-27T00:30:00Z,-05:00,-05:00,America/Detroit,OFF,OK,16,Blackhawks,Chicago,de Chicago,CHI,8,17,Red Wings,Detroit,de Detroit,DET,5,3,REG,3,REG,8470594,8479337.0,/video/chi-det-330230908,,,,,,,,,,,,,,,,,,,CHI
2021020756,20212022,2,2022-01-26,False,2022-01-27T03:00:00Z,-05:00,-07:00,America/Denver,OFF,OK,6,Bruins,Boston,de Boston,BOS,3,21,Avalanche,Colorado,du Colorado,COL,4,4,OT,3,OT,8475311,8480069.0,/video/bos-col-330234616,,,,,,,,,,,,,,,,,,,COL
2021020757,20212022,2,2022-01-27,False,2022-01-28T00:00:00Z,-05:00,-05:00,America/Montreal,OFF,OK,24,Ducks,Anaheim,d'Anaheim,ANA,5,8,Canadiens,Montréal,de Montréal,MTL,4,3,REG,3,REG,8476932,8481533.0,/video/ana-mtl-330269170,,,,,,,,,,,,,,,,,,,ANA
2021020763,20212022,2,2022-01-27,False,2022-01-28T00:00:00Z,-05:00,-05:00,US/Eastern,OFF,OK,3,Rangers,New York,de New York,NYR,3,29,Blue Jackets,Columbus,de Columbus,CBJ,5,3,REG,3,REG,8476914,8476432.0,/video/nyr-cbj-330268844,,,,,,,,,,,,,,,,,,,CBJ
2021020759,20212022,2,2022-01-27,False,2022-01-28T00:00:00Z,-05:00,-05:00,US/Eastern,OFF,OK,1,Devils,New Jersey,du New Jersey,NJD,2,14,Lightning,Tampa Bay,de Tampa Bay,TBL,3,3,REG,3,REG,8476883,8478519.0,/video/njd-tbl-330267840,,,,,,,,,,,,,,,,,,,TBL
2021020758,20212022,2,2022-01-27,False,2022-01-28T00:00:00Z,-05:00,-05:00,US/Eastern,OFF,OK,12,Hurricanes,Carolina,de la Caroline,CAR,3,9,Senators,Ottawa,d'Ottawa,OTT,2,5,SO,3,SO,8475883,,/video/car-ott-330271374,,,Sénateurs,,,,,,,,,,,,,,,,CAR
2021020761,20212022,2,2022-01-27,False,2022-01-28T00:00:00Z,-05:00,-05:00,America/New_York,OFF,OK,26,Kings,Los Angeles,de Los Angeles,LAK,3,2,Islanders,New York,de New York,NYI,2,3,REG,3,REG,8477361,8477960.0,/video/lak-nyi-330267036,,,,,,,,,,,,,,,,,,,LAK
2021020762,20212022,2,2022-01-27,False,2022-01-28T00:00:00Z,-05:00,-05:00,US/Eastern,OFF,OK,55,Kraken,Seattle,de Seattle,SEA,2,5,Penguins,Pittsburgh,de Pittsburgh,PIT,1,4,OT,3,OT,8475831,8476457.0,/video/sea-pit-330267724,,,,,,,,,,,,,,,,,,,SEA
2021020760,20212022,2,2022-01-27,False,2022-01-28T00:00:00Z,-05:00,-05:00,US/Eastern,OFF,OK,54,Golden Knights,Vegas,de Vegas,VGK,1,13,Panthers,Florida,de la Floride,FLA,4,3,REG,3,REG,8481519,8477935.0,/video/vgk-fla-330268304,,,,,,,,,,,,,,,,,,,FLA
2021020764,20212022,2,2022-01-27,False,2022-01-28T01:00:00Z,-05:00,-06:00,US/Central,OFF,OK,20,Flames,Calgary,de Calgary,CGY,1,19,Blues,St. Louis,de St. Louis,STL,5,3,REG,3,REG,8478024,8475170.0,/video/cgy-stl-330276868,,,,,,,,,,,,,,,,,,,STL
2021020765,20212022,2,2022-01-27,False,2022-01-28T01:00:00Z,-05:00,-06:00,America/Winnipeg,OFF,OK,23,Canucks,Vancouver,de Vancouver,VAN,5,52,Jets,Winnipeg,de Winnipeg,WPG,1,3,REG,3,REG,8477484,8476468.0,/video/van-wpg-330276524,,,,,,,,,,,,,,,,,,,VAN
2021020766,20212022,2,2022-01-27,False,2022-01-28T02:00:00Z,-05:00,-07:00,America/Edmonton,OFF,OK,18,Predators,Nashville,de Nashville,NSH,2,22,Oilers,Edmonton,d'Edmonton,EDM,3,5,SO,3,SO,8475156,,/video/nsh-edm-330281722,,,,,,,,,,,,,,,,,,,EDM
2021020768,20212022,2,2022-01-28,False,2022-01-29T00:00:00Z,-05:00,-05:00,US/Eastern,OFF,OK,17,Red Wings,Detroit,de Detroit,DET,3,5,Penguins,Pittsburgh,de Pittsburgh,PIT,2,5,SO,3,SO,8475717,,/video/det-pit-330307476,,,,,,,,,,,,,,,,,,,DET
2021020767,20212022,2,2022-01-28,False,2022-01-29T01:00:00Z,-05:00,-05:00,America/New_York,OFF,OK,30,Wild,Minnesota,du Minnesota,MIN,3,3,Rangers,New York,de New York,NYR,2,3,REG,3,REG,8475660,8477919.0,/video/min-nyr-330311564,,,,,,,,,,,,,,,,,,,MIN
2021020769,20212022,2,2022-01-28,False,2022-01-29T01:30:00Z,-05:00,-06:00,America/Chicago,OFF,OK,21,Avalanche,Colorado,du Colorado,COL,6,16,Blackhawks,Chicago,de Chicago,CHI,4,3,REG,3,REG,8480925,8475172.0,/video/col-chi-330313884,,,,,,,,,,,,,,,,,,,COL
2021020771,20212022,2,2022-01-28,False,2022-01-29T02:00:00Z,-05:00,-07:00,America/Phoenix,OFF,OK,6,Bruins,Boston,de Boston,BOS,2,53,Coyotes,Arizona,de l'Arizona,ARI,1,3,REG,3,REG,8476999,8479325.0,/video/bos-ari-330314948,,,,,,,,,,,,,,,,,,,BOS
2021020770,20212022,2,2022-01-28,False,2022-01-29T02:00:00Z,-05:00,-06:00,US/Central,OFF,OK,15,Capitals,Washington,de Washington,WSH,5,25,Stars,Dallas,de Dallas,DAL,0,3,REG,3,REG,8477970,8476880.0,/video/wsh-dal-330314842,,,,,,,,,,,,,,,,,,,WSH
2021020773,20212022,2,2022-01-29,False,2022-01-29T17:30:00Z,-05:00,-05:00,US/Eastern,OFF,OK,24,Ducks,Anaheim,d'Anaheim,ANA,2,9,Senators,Ottawa,d'Ottawa,OTT,1,3,REG,3,REG,8476434,8478873.0,/video/ana-ott-330328124,,,Sénateurs,,,,,,,,,,,,,,,,ANA
2021020778,20212022,2,2022-01-29,False,2022-01-29T18:00:00Z,-05:00,-05:00,US/Eastern,OFF,OK,26,Kings,Los Angeles,de Los Angeles,LAK,3,4,Flyers,Philadelphia,de Philadelphie,PHI,4,4,OT,3,OT,8479394,8476872.0,/video/lak-phi-330328744,,,,,,,,,,,,,,,,,,,PHI
2021020780,20212022,2,2022-01-29,False,2022-01-29T20:00:00Z,-05:00,-06:00,US/Central,OFF,OK,52,Jets,Winnipeg,de Winnipeg,WPG,4,19,Blues,St. Louis,de St. Louis,STL,1,3,REG,3,REG,8477480,8478398.0,/video/wpg-stl-330332496,,,,,,,,,,,,,,,,,,,WPG
2021020776,20212022,2,2022-01-29,False,2022-01-29T23:00:00Z,-05:00,-05:00,US/Eastern,OFF,OK,28,Sharks,San Jose,de San Jose,SJS,4,13,Panthers,Florida,de la Floride,FLA,5,4,OT,3,OT,8475683,8477935.0,/video/sjs-fla-330340796,,,,,,,,,,,,,,,,,,,FLA
2021020775,20212022,2,2022-01-29,False,2022-01-30T00:00:00Z,-05:00,-05:00,US/Eastern,OFF,OK,54,Golden Knights,Vegas,de Vegas,VGK,3,14,Lightning,Tampa Bay,de Tampa Bay,TBL,2,5,SO,3,SO,8475215,,/video/vgk-tbl-330346984,,,,,,,,,,,,,,,,,,,VGK
2021020774,20212022,2,2022-01-29,False,2022-01-30T00:00:00Z,-05:00,-05:00,America/Detroit,OFF,OK,10,Maple Leafs,Toronto,de Toronto,TOR,7,17,Red Wings,Detroit,de Detroit,DET,4,3,REG,3,REG,8475852,8480873.0,/video/tor-det-330345038,,,,,,,,,,,,,,,,,,,TOR
2021020772,20212022,2,2022-01-29,False,2022-01-30T00:00:00Z,-05:00,-05:00,America/Montreal,OFF,OK,22,Oilers,Edmonton,d'Edmonton,EDM,7,8,Canadiens,Montréal,de Montréal,MTL,2,3,REG,3,REG,8479973,8477934.0,/video/edm-mtl-330343798,,,,,,,,,,,,,,,,,,,EDM
2021020779,20212022,2,2022-01-29,False,2022-01-30T00:00:00Z,-05:00,-05:00,US/Eastern,OFF,OK,1,Devils,New Jersey,du New Jersey,NJD,1,12,Hurricanes,Carolina,de la Caroline,CAR,2,3,REG,3,REG,8477293,8480830.0,/video/njd-car-330343908,,,,,,,,,,,,,,,,,,,CAR
2021020782,20212022,2,2022-01-29,False,2022-01-30T02:00:00Z,-05:00,-07:00,America/Phoenix,OFF,OK,7,Sabres,Buffalo,de Buffalo,BUF,3,53,Coyotes,Arizona,de l'Arizona,ARI,1,3,REG,3,REG,8467950,8481522.0,/video/buf-ari-330349998,,,,,,,,,,,,,,,,,,,BUF
2021020781,20212022,2,2022-01-29,False,2022-01-30T03:00:00Z,-05:00,-07:00,America/Edmonton,OFF,OK,23,Canucks,Vancouver,de Vancouver,VAN,0,20,Flames,Calgary,de Calgary,CGY,1,4,OT,3,OT,8474593,8476346.0,/video/van-cgy-330351942,,Markström,,,,,,,,,,,,,,,,,CGY
2021020786,20212022,2,2022-01-30,False,2022-01-30T18:00:00Z,-05:00,-05:00,US/Eastern,OFF,OK,26,Kings,Los Angeles,de Los Angeles,LAK,4,5,Penguins,Pittsburgh,de Pittsburgh,PIT,3,3,REG,3,REG,8477361,8479675.0,/video/lak-pit-330363480,,,,,,,,,,,,,,,,,,,LAK
2021020785,20212022,2,2022-01-30,False,2022-01-30T18:00:00Z,-05:00,-05:00,America/New_York,OFF,OK,55,Kraken,Seattle,de Seattle,SEA,2,3,Rangers,New York,de New York,NYR,3,3,REG,3,REG,8478048,8480817.0,/video/sea-nyr-330363762,,,,,,,,,,,,,,,,,,,NYR
2021020787,20212022,2,2022-01-30,False,2022-01-30T22:00:00Z,-05:00,-05:00,US/Eastern,OFF,OK,28,Sharks,San Jose,de San Jose,SJS,1,12,Hurricanes,Carolina,de la Caroline,CAR,2,3,REG,3,REG,8475883,8480830.0,/video/sjs-car-330368396,,,,,,,,,,,,,,,,,,,CAR
2021020783,20212022,2,2022-01-30,False,2022-01-31T00:00:00Z,-05:00,-05:00,America/Montreal,OFF,OK,29,Blue Jackets,Columbus,de Columbus,CBJ,6,8,Canadiens,Montréal,de Montréal,MTL,3,3,REG,3,REG,8476914,8482475.0,/video/cbj-mtl-330375056,,,,,,,,,,,,,,,,,,,CBJ
2021020789,20212022,2,2022-01-30,False,2022-01-31T00:00:00Z,-05:00,-06:00,US/Central,OFF,OK,6,Bruins,Boston,de Boston,BOS,1,25,Stars,Dallas,de Dallas,DAL,6,3,REG,3,REG,8479979,8471228.0,/video/bos-dal-330374762,,,,,,,,,,,,,,,,,,,DAL
2021020784,20212022,2,2022-01-30,False,2022-01-31T00:30:00Z,-05:00,-05:00,America/New_York,OFF,OK,30,Wild,Minnesota,du Minnesota,MIN,4,2,Islanders,New York,de New York,NYI,3,3,REG,3,REG,8478039,8478864.0,/video/min-nyi-330377104,,Kähkönen,,,,,,,,,,,,,,,,,MIN
2021020790,20212022,2,2022-01-30,False,2022-01-31T01:00:00Z,-05:00,-07:00,America/Denver,OFF,OK,7,Sabres,Buffalo,de Buffalo,BUF,1,21,Avalanche,Colorado,du Colorado,COL,4,3,REG,3,REG,8475311,8475172.0,/video/buf-col-330379752,,,,,,,,,,,,,,,,,,,COL
2021020793,20212022,2,2022-01-31,False,2022-02-01T00:00:00Z,-05:00,-05:00,US/Eastern,OFF,OK,13,Panthers,Florida,de la Floride,FLA,8,29,Blue Jackets,Columbus,de Columbus,CBJ,4,3,REG,3,REG,8475683,8477933.0,/video/fla-cbj-330407908,,,,,,,,,,,,,,,,,,,FLA
2021020791,20212022,2,2022-01-31,False,2022-02-01T00:30:00Z,-05:00,-05:00,US/Eastern,OFF,OK,22,Oilers,Edmonton,d'Edmonton,EDM,2,9,Senators,Ottawa,d'Ottawa,OTT,3,4,OT,3,OT,8476899,8482116.0,/video/edm-ott-330410538,,,Sénateurs,,,,,,,,,,,,,,,,OTT
2021020683,20212022,2,2022-01-31,False,2022-02-01T00:30:00Z,-05:00,-05:00,America/Toronto,OFF,OK,1,Devils,New Jersey,du New Jersey,NJD,4,10,Maple Leafs,Toronto,de Toronto,TOR,6,3,REG,3,REG,8475852,8481624.0,/video/njd-tor-330412116,,,,,,,,,,,,,,,,,,,TOR
2021020792,20212022,2,2022-01-31,False,2022-02-01T00:30:00Z,-05:00,-05:00,America/Detroit,OFF,OK,24,Ducks,Anaheim,d'Anaheim,ANA,1,17,Red Wings,Detroit,de Detroit,DET,2,4,OT,3,OT,8477968,8477851.0,/video/ana-det-330412072,,,,,,,,,,,,,,,,,,,DET
2021020794,20212022,2,2022-01-31,False,2022-02-01T00:30:00Z,-05:00,-06:00,America/Chicago,OFF,OK,23,Canucks,Vancouver,de Vancouver,VAN,3,16,Blackhawks,Chicago,de Chicago,CHI,1,3,REG,3,REG,8470860,8478444.0,/video/van-chi-330410868,,,,,,,,,,,,,,,,,,,VAN
2021020798,20212022,2,2022-02-01,False,2022-02-02T00:00:00Z,-05:00,-05:00,US/Eastern,OFF,OK,10,Maple Leafs,Toronto,de Toronto,TOR,7,1,Devils,New Jersey,du New Jersey,NJD,1,3,REG,3,REG,8475789,8479318.0,/video/tor-njd-330446400,,,,,,,,,,,,,,,,,,,TOR
2021020797,20212022,2,2022-02-01,False,2022-02-02T00:00:00Z,-05:00,-05:00,US/Eastern,OFF,OK,28,Sharks,San Jose,de San Jose,SJS,2,14,Lightning,Tampa Bay,de Tampa Bay,TBL,3,4,OT,3,OT,8476883,8475167.0,/video/sjs-tbl-330451634,,,,,,,,,,,,,,,,,,,TBL
2021020802,20212022,2,2022-02-01,False,2022-02-02T00:00:00Z,-05:00,-05:00,US/Eastern,OFF,OK,15,Capitals,Washington,de Washington,WSH,4,5,Penguins,Pittsburgh,de Pittsburgh,PIT,3,4,OT,3,OT,8478492,8475200.0,/video/wsh-pit-330451230,,,,,,,,,,,,,,,,,,,WSH
2021020801,20212022,2,2022-02-01,False,2022-02-02T00:00:00Z,-05:00,-05:00,US/Eastern,OFF,OK,52,Jets,Winnipeg,de Winnipeg,WPG,1,4,Flyers,Philadelphia,de Philadelphie,PHI,3,3,REG,3,REG,8479394,8474037.0,/video/wpg-phi-330446618,,,,,,,,,,,,,,,,,,,PHI
2021020800,20212022,2,2022-02-01,False,2022-02-02T00:00:00Z,-05:00,-05:00,America/New_York,OFF,OK,13,Panthers,Florida,de la Floride,FLA,2,3,Rangers,New York,de New York,NYR,5,3,REG,3,REG,8478048,8475184.0,/video/fla-nyr-330448254,,,,,,,,,,,,,,,,,,,NYR
2021020795,20212022,2,2022-02-01,False,2022-02-02T00:00:00Z,-05:00,-05:00,US/Eastern,OFF,OK,55,Kraken,Seattle,de Seattle,SEA,2,6,Bruins,Boston,de Boston,BOS,3,3,REG,3,REG,8476999,8477956.0,/video/sea-bos-330448638,,,,,,,,,,,,,,,,,,,BOS
2021020799,20212022,2,2022-02-01,False,2022-02-02T00:30:00Z,-05:00,-05:00,America/New_York,OFF,OK,9,Senators,Ottawa,d'Ottawa,OTT,1,2,Islanders,New York,de New York,NYI,4,3,REG,3,REG,8478009,8480789.0,/video/ott-nyi-330451940,Sénateurs,,,,,,,,,,,,,,,,,,NYI
2021020803,20212022,2,2022-02-01,False,2022-02-02T01:00:00Z,-05:00,-06:00,US/Central,OFF,OK,23,Canucks,Vancouver,de Vancouver,VAN,2,18,Predators,Nashville,de Nashville,NSH,4,3,REG,3,REG,8477424,8476887.0,/video/van-nsh-330455346,,,,,,,,,,,,,,,,,,,NSH
2021020804,20212022,2,2022-02-01,False,2022-02-02T01:30:00Z,-05:00,-06:00,US/Central,OFF,OK,20,Flames,Calgary,de Calgary,CGY,4,25,Stars,Dallas,de Dallas,DAL,3,3,REG,3,REG,8478435,8478430.0,/video/cgy-dal-330458290,,,,,,,,,,,,,,,,,,,CGY
2021020805,20212022,2,2022-02-01,False,2022-02-02T02:00:00Z,-05:00,-07:00,America/Denver,OFF,OK,53,Coyotes,Arizona,de l'Arizona,ARI,3,21,Avalanche,Colorado,du Colorado,COL,2,5,SO,3,SO,8475809,,/video/ari-col-330462904,,,,,,,,,,,,,,,,,,,ARI
2021020806,20212022,2,2022-02-01,False,2022-02-02T03:00:00Z,-05:00,-08:00,US/Pacific,OFF,OK,7,Sabres,Buffalo,de Buffalo,BUF,2,54,Golden Knights,Vegas,de Vegas,VGK,5,3,REG,3,REG,8475215,8476539.0,/video/buf-vgk-330465000,,,,,,,,,,,,,,,,,,,VGK
2021020808,20212022,2,2022-02-02,False,2022-02-03T00:00:00Z,-05:00,-05:00,US/Eastern,OFF,OK,22,Oilers,Edmonton,d'Edmonton,EDM,5,15,Capitals,Washington,de Washington,WSH,3,3,REG,3,REG,8475156,8476454.0,/video/edm-wsh-330488728,,,,,,,,,,,,,,,,,,,EDM
2021020777,20212022,2,2022-02-02,False,2022-02-03T00:00:00Z,-05:00,-05:00,America/New_York,OFF,OK,55,Kraken,Seattle,de Seattle,SEA,3,2,Islanders,New York,de New York,NYI,0,3,REG,3,REG,8475831,8477955.0,/video/sea-nyi-330487738,,,,,,,,,,,,,,,,,,,SEA
2021020807,20212022,2,2022-02-02,False,2022-02-03T00:30:00Z,-05:00,-05:00,America/Detroit,OFF,OK,26,Kings,Los Angeles,de Los Angeles,LAK,5,17,Red Wings,Detroit,de Detroit,DET,3,3,REG,3,REG,8471734,8478042.0,/video/lak-det-330491000,,,,,,,,,,,,,,,,,,,LAK
2021020810,20212022,2,2022-02-02,False,2022-02-03T02:30:00Z,-05:00,-07:00,America/Phoenix,OFF,OK,20,Flames,Calgary,de Calgary,CGY,4,53,Coyotes,Arizona,de l'Arizona,ARI,2,3,REG,3,REG,8474593,8475690.0,/video/cgy-ari-330494944,,Markström,,,,,,,,,,,,,,,,,CGY
2021020809,20212022,2,2022-02-02,False,2022-02-03T02:30:00Z,-05:00,-06:00,America/Chicago,OFF,OK,30,Wild,Minnesota,du Minnesota,MIN,5,16,Blackhawks,Chicago,de Chicago,CHI,0,3,REG,3,REG,8475660,8477919.0,/video/min-chi-330494992,,,,,,,,,,,,,,,,,,,MIN
2021020583,20212022,2,2022-02-07,False,2022-02-08T00:00:00Z,-05:00,-05:00,America/Toronto,OFF,OK,12,Hurricanes,Carolina,de la Caroline,CAR,3,10,Maple Leafs,Toronto,de Toronto,TOR,4,4,OT,3,OT,8475852,8478483.0,/video/car-tor-330583458,,,,,,,,,,,,,,,,,,,TOR
2021021128,20212022,2,2022-02-07,False,2022-02-08T00:00:00Z,-05:00,-05:00,US/Eastern,OFF,OK,1,Devils,New Jersey,du New Jersey,NJD,1,9,Senators,Ottawa,d'Ottawa,OTT,4,3,REG,3,REG,8476899,8474207.0,/video/njd-ott-330582548,,,Sénateurs,,,,,,,,,,,,,,,,OTT
2021020666,20212022,2,2022-02-08,False,2022-02-09T00:00:00Z,-05:00,-05:00,America/Montreal,OFF,OK,1,Devils,New Jersey,du New Jersey,NJD,7,8,Canadiens,Montréal,de Montréal,MTL,1,3,REG,3,REG,8476903,8482110.0,/video/njd-mtl-330612076,,,,,,,,,,,,,,,,,,,NJD
2021020510,20212022,2,2022-02-08,False,2022-02-09T00:00:00Z,-05:00,-05:00,US/Eastern,OFF,OK,12,Hurricanes,Carolina,de la Caroline,CAR,3,9,Senators,Ottawa,d'Ottawa,OTT,4,3,REG,3,REG,8476341,8476919.0,/video/car-ott-330612824,,,Sénateurs,,,,,,,,,,,,,,,,OTT
2021021293,20212022,2,2022-02-08,False,2022-02-09T00:00:00Z,-05:00,-05:00,US/Eastern,OFF,OK,29,Blue Jackets,Columbus,de Columbus,CBJ,5,15,Capitals,Washington,de Washington,WSH,4,3,REG,3,REG,8478007,8476432.0,/video/cbj-wsh-330612600,,,,,,,,,,,,,,,,,,,CBJ
2021020523,20212022,2,2022-02-08,False,2022-02-09T00:00:00Z,-05:00,-05:00,US/Eastern,OFF,OK,5,Penguins,Pittsburgh,de Pittsburgh,PIT,4,6,Bruins,Boston,de Boston,BOS,2,3,REG,3,REG,8477465,8471675.0,/video/pit-bos-330613008,,,,,,,,,,,,,,,,,,,PIT
2021020531,20212022,2,2022-02-08,False,2022-02-09T01:00:00Z,-05:00,-06:00,America/Winnipeg,OFF,OK,30,Wild,Minnesota,du Minnesota,MIN,0,52,Jets,Winnipeg,de Winnipeg,WPG,2,3,REG,3,REG,8476945,8476460.0,/video/min-wpg-330617934,,,,,,,,,,,,,,,,,,,WPG
2021020664,20212022,2,2022-02-08,False,2022-02-09T02:00:00Z,-05:00,-07:00,America/Edmonton,OFF,OK,54,Golden Knights,Vegas,de Vegas,VGK,4,22,Oilers,Edmonton,d'Edmonton,EDM,0,3,REG,3,REG,8476316,8479353.0,/video/vgk-edm-330619842,,,,,,,,,,,,,,,,,,,VGK
2021020487,20212022,2,2022-02-08,False,2022-02-09T03:00:00Z,-05:00,-08:00,America/Vancouver,OFF,OK,53,Coyotes,Arizona,de l'Arizona,ARI,1,23,Canucks,Vancouver,de Vancouver,VAN,5,3,REG,3,REG,8477967,8477500.0,/video/ari-van-330622484,,,,,,,,,,,,,,,,,,,VAN
2021020694,20212022,2,2022-02-09,False,2022-02-10T00:00:00Z,-05:00,-05:00,US/Eastern,OFF,OK,17,Red Wings,Detroit,de Detroit,DET,6,4,Flyers,Philadelphia,de Philadelphie,PHI,3,3,REG,3,REG,8477968,8477952.0,/video/det-phi-330648480,,,,,,,,,,,,,,,,,,,DET
2021020699,20212022,2,2022-02-09,False,2022-02-10T01:00:00Z,-05:00,-07:00,America/Edmonton,OFF,OK,16,Blackhawks,Chicago,de Chicago,CHI,4,22,Oilers,Edmonton,d'Edmonton,EDM,1,3,REG,3,REG,8470594,8479542.0,/video/chi-edm-330653906,,,,,,,,,,,,,,,,,,,CHI
2021020530,20212022,2,2022-02-09,False,2022-02-10T01:00:00Z,-05:00,-06:00,US/Central,OFF,OK,18,Predators,Nashville,de Nashville,NSH,3,25,Stars,Dallas,de Dallas,DAL,4,3,REG,3,REG,8479979,8476822.0,/video/nsh-dal-330654226,,,,,,,,,,,,,,,,,,,DAL
2021020676,20212022,2,2022-02-09,False,2022-02-10T02:30:00Z,-05:00,-07:00,America/Edmonton,OFF,OK,54,Golden Knights,Vegas,de Vegas,VGK,0,20,Flames,Calgary,de Calgary,CGY,6,3,REG,3,REG,8474593,8476346.0,/video/vgk-cgy-330659762,,Markström,,,,,,,,,,,,,,,,,CGY
2021020503,20212022,2,2022-02-09,False,2022-02-10T03:00:00Z,-05:00,-08:00,US/Pacific,OFF,OK,53,Coyotes,Arizona,de l'Arizona,ARI,5,55,Kraken,Seattle,de Seattle,SEA,2,3,REG,3,REG,8478872,8471873.0,/video/ari-sea-330661778,,,,,,,,,,,,,,,,,,,ARI
2021020598,20212022,2,2022-02-09,False,2022-02-10T03:30:00Z,-05:00,-08:00,America/Vancouver,OFF,OK,2,Islanders,New York,de New York,NYI,6,23,Canucks,Vancouver,de Vancouver,VAN,3,3,REG,3,REG,8478009,8475231.0,,,,,,,,,,,,,,,,,,,,NYI
2021020494,20212022,2,2022-02-10,False,2022-02-11T00:00:00Z,-05:00,-05:00,US/Eastern,OFF,OK,12,Hurricanes,Carolina,de la Caroline,CAR,6,6,Bruins,Boston,de Boston,BOS,0,3,REG,3,REG,8475883,8476389.0,/video/car-bos-330695198,,,,,,,,,,,,,,,,,,,CAR
2021020489,20212022,2,2022-02-10,False,2022-02-11T00:00:00Z,-05:00,-05:00,America/New_York,OFF,OK,29,Blue Jackets,Columbus,de Columbus,CBJ,4,7,Sabres,Buffalo,de Buffalo,BUF,3,4,OT,3,OT,8478007,8474161.0,/video/cbj-buf-330694544,,,,,,,,,,,,,,,,,,,CBJ
2021020559,20212022,2,2022-02-10,False,2022-02-11T00:00:00Z,-05:00,-05:00,US/Eastern,OFF,OK,5,Penguins,Pittsburgh,de Pittsburgh,PIT,2,9,Senators,Ottawa,d'Ottawa,OTT,0,3,REG,3,REG,8479193,8470604.0,/video/pit-ott-330693370,,,Sénateurs,,,,,,,,,,,,,,,,PIT
2021020587,20212022,2,2022-02-10,False,2022-02-11T00:00:00Z,-05:00,-05:00,America/Montreal,OFF,OK,15,Capitals,Washington,de Washington,WSH,5,8,Canadiens,Montréal,de Montréal,MTL,2,3,REG,3,REG,8478492,8474176.0,/video/wsh-mtl-330694638,,,,,,,,,,,,,,,,,,,WSH
2021020529,20212022,2,2022-02-10,False,2022-02-11T01:00:00Z,-05:00,-06:00,US/Central,OFF,OK,1,Devils,New Jersey,du New Jersey,NJD,7,19,Blues,St. Louis,de St. Louis,STL,4,3,REG,3,REG,8476903,8476918.0,/video/njd-stl-330702162,,,,,,,,,,,,,,,,,,,NJD
2021020477,20212022,2,2022-02-10,False,2022-02-11T02:00:00Z,-05:00,-07:00,America/Denver,OFF,OK,14,Lightning,Tampa Bay,de Tampa Bay,TBL,2,21,Avalanche,Colorado,du Colorado,COL,3,3,REG,3,REG,8475311,8477501.0,/video/tbl-col-330705340,,,,,,,,,,,,,,,,,,,COL
2021020462,20212022,2,2022-02-10,False,2022-02-11T02:00:00Z,-05:00,-07:00,America/Edmonton,OFF,OK,10,Maple Leafs,Toronto,de Toronto,TOR,2,20,Flames,Calgary,de Calgary,CGY,5,3,REG,3,REG,8474593,8478430.0,/video/tor-cgy-330703522,,Markström,,,,,,,,,,,,,,,,,CGY
2021020506,20212022,2,2022-02-11,False,2022-02-12T01:30:00Z,-05:00,-06:00,US/Central,OFF,OK,52,Jets,Winnipeg,de Winnipeg,WPG,3,25,Stars,Dallas,de Dallas,DAL,4,4,OT,3,OT,8479979,8480027.0,/video/wpg-dal-330728288,,,,,,,,,,,,,,,,,,,DAL
2021020623,20212022,2,2022-02-11,False,2022-02-12T02:00:00Z,-05:00,-07:00,America/Edmonton,OFF,OK,2,Islanders,New York,de New York,NYI,1,22,Oilers,Edmonton,d'Edmonton,EDM,3,3,REG,3,REG,8469608,8475786.0,/video/nyi-edm-330729338,,,,,,,,,,,,,,,,,,,EDM
2021020519,20212022,2,2022-02-11,False,2022-02-12T02:30:00Z,-05:00,-07:00,America/Phoenix,OFF,OK,14,Lightning,Tampa Bay,de Tampa Bay,TBL,4,53,Coyotes,Arizona,de l'Arizona,ARI,3,3,REG,3,REG,8470880,8474564.0,/video/tbl-ari-330731546,,,,,,,,,,,,,,,,,,,TBL
2021021033,20212022,2,2022-02-11,False,2022-02-12T03:00:00Z,-05:00,-08:00,America/Los_Angeles,OFF,OK,55,Kraken,Seattle,de Seattle,SEA,4,24,Ducks,Anaheim,d'Anaheim,ANA,3,3,REG,3,REG,8476904,8474586.0,/video/sea-ana-330734370,,,,,,,,,,,,,,,,,,,SEA
2021020811,20212022,2,2022-02-12,False,2022-02-12T17:00:00Z,-05:00,-05:00,America/Detroit,OFF,OK,4,Flyers,Philadelphia,de Philadelphie,PHI,2,17,Red Wings,Detroit,de Detroit,DET,4,3,REG,3,REG,8471306,8481542.0,/video/phi-det-330743870,,,,,,,,,,,,,,,,,,,DET
2021020630,20212022,2,2022-02-12,False,2022-02-12T17:30:00Z,-05:00,-05:00,America/Montreal,OFF,OK,29,Blue Jackets,Columbus,de Columbus,CBJ,2,8,Canadiens,Montréal,de Montréal,MTL,1,3,REG,3,REG,8478007,8479339.0,/video/cbj-mtl-330746058,,,,,,,,,,,,,,,,,,,CBJ
2021020543,20212022,2,2022-02-12,False,2022-02-12T17:30:00Z,-05:00,-05:00,US/Eastern,OFF,OK,6,Bruins,Boston,de Boston,BOS,2,9,Senators,Ottawa,d'Ottawa,OTT,0,3,REG,3,REG,8480280,8479365.0,/video/bos-ott-330745948,,,Sénateurs,,,,,,,,,,,,,,,,BOS
2021020499,20212022,2,2022-02-12,False,2022-02-13T00:00:00Z,-05:00,-06:00,US/Central,OFF,OK,52,Jets,Winnipeg,de Winnipeg,WPG,5,18,Predators,Nashville,de Nashville,NSH,2,3,REG,3,REG,8476945,8471218.0,/video/wpg-nsh-330756098,,,,,,,,,,,,,,,,,,,WPG
2021020479,20212022,2,2022-02-12,False,2022-02-13T00:00:00Z,-05:00,-08:00,America/Vancouver,OFF,OK,10,Maple Leafs,Toronto,de Toronto,TOR,2,23,Canucks,Vancouver,de Vancouver,VAN,3,3,REG,3,REG,8477967,8477996.0,/video/tor-van-330755852,,,,,,,,,,,,,,,,,,,VAN
2021020788,20212022,2,2022-02-12,False,2022-02-13T01:00:00Z,-05:00,-06:00,US/Central,OFF,OK,16,Blackhawks,Chicago,de Chicago,CHI,1,19,Blues,St. Louis,de St. Louis,STL,5,3,REG,3,REG,8478024,8478057.0,/video/chi-stl-330759400,,,,,,,,,,,,,,,,,,,STL
2021020445,20212022,2,2022-02-12,False,2022-02-13T01:00:00Z,-05:00,-06:00,US/Central,OFF,OK,12,Hurricanes,Carolina,de la Caroline,CAR,2,30,Wild,Minnesota,du Minnesota,MIN,3,3,REG,3,REG,8475660,8477919.0,,,,,,,,,,,,,,,,,,,,MIN
2021020642,20212022,2,2022-02-12,False,2022-02-13T03:00:00Z,-05:00,-07:00,America/Edmonton,OFF,OK,2,Islanders,New York,de New York,NYI,2,20,Flames,Calgary,de Calgary,CGY,5,3,REG,3,REG,8474593,8478233.0,/video/nyi-cgy-330764734,,Markström,,,,,,,,,,,,,,,,,CGY
2021020526,20212022,2,2022-02-13,False,2022-02-13T17:30:00Z,-05:00,-05:00,US/Eastern,OFF,OK,9,Senators,Ottawa,d'Ottawa,OTT,4,15,Capitals,Washington,de Washington,WSH,1,3,REG,3,REG,8476341,8478874.0,/video/ott-wsh-330776954,Sénateurs,,,,,,,,,,,,,,,,,,OTT
2021020614,20212022,2,2022-02-13,False,2022-02-13T17:30:00Z,-05:00,-05:00,America/Montreal,OFF,OK,7,Sabres,Buffalo,de Buffalo,BUF,5,8,Canadiens,Montréal,de Montréal,MTL,3,3,REG,3,REG,8467950,8475784.0,/video/buf-mtl-330776452,,,,,,,,,,,,,,,,,,,BUF
2021020817,20212022,2,2022-02-13,False,2022-02-13T18:30:00Z,-05:00,-05:00,US/Eastern,OFF,OK,5,Penguins,Pittsburgh,de Pittsburgh,PIT,4,1,Devils,New Jersey,du New Jersey,NJD,2,3,REG,3,REG,8477465,8470619.0,/video/pit-njd-330779466,,,,,,,,,,,,,,,,,,,PIT
2021020563,20212022,2,2022-02-13,False,2022-02-13T19:00:00Z,-05:00,-06:00,US/Central,OFF,OK,21,Avalanche,Colorado,du Colorado,COL,4,25,Stars,Dallas,de Dallas,DAL,0,3,REG,3,REG,8475311,8476455.0,/video/col-dal-330781428,,,,,,,,,,,,,,,,,,,COL
2021020517,20212022,2,2022-02-14,False,2022-02-15T01:00:00Z,-05:00,-06:00,US/Central,OFF,OK,17,Red Wings,Detroit,de Detroit,DET,4,30,Wild,Minnesota,du Minnesota,MIN,7,3,REG,3,REG,8478039,8478493.0,,,Kähkönen,,,,,,,,,,,,,,,,,MIN
2021020548,20212022,2,2022-02-14,False,2022-02-15T02:00:00Z,-05:00,-06:00,America/Winnipeg,OFF,OK,16,Blackhawks,Chicago,de Chicago,CHI,3,52,Jets,Winnipeg,de Winnipeg,WPG,1,3,REG,3,REG,8470594,8479337.0,/video/chi-wpg-330814072,,,,,,,,,,,,,,,,,,,CHI
2021020488,20212022,2,2022-02-14,False,2022-02-15T02:00:00Z,-05:00,-08:00,US/Pacific,OFF,OK,10,Maple Leafs,Toronto,de Toronto,TOR,6,55,Kraken,Seattle,de Seattle,SEA,2,3,REG,3,REG,8475789,8478131.0,/video/tor-sea-330814436,,,,,,,,,,,,,,,,,,,TOR
2021020522,20212022,2,2022-02-14,False,2022-02-15T03:30:00Z,-05:00,-08:00,US/Pacific,OFF,OK,22,Oilers,Edmonton,d'Edmonton,EDM,3,28,Sharks,San Jose,de San Jose,SJS,0,3,REG,3,REG,8479973,8477998.0,/video/edm-sjs-330817688,,,,,,,,,,,,,,,,,,,EDM
2021020514,20212022,2,2022-02-15,False,2022-02-16T00:00:00Z,-05:00,-05:00,US/Eastern,OFF,OK,4,Flyers,Philadelphia,de Philadelphie,PHI,4,5,Penguins,Pittsburgh,de Pittsburgh,PIT,5,4,OT,3,OT,8479193,8471724.0,/video/phi-pit-330854170,,,,,,,,,,,,,,,,,,,PIT
2021020631,20212022,2,2022-02-15,False,2022-02-16T00:00:00Z,-05:00,-05:00,US/Eastern,OFF,OK,14,Lightning,Tampa Bay,de Tampa Bay,TBL,6,1,Devils,New Jersey,du New Jersey,NJD,3,3,REG,3,REG,8476883,8475167.0,/video/tbl-njd-330853028,,,,,,,,,,,,,,,,,,,TBL
2021020524,20212022,2,2022-02-15,False,2022-02-16T00:00:00Z,-05:00,-05:00,America/New_York,OFF,OK,2,Islanders,New York,de New York,NYI,3,7,Sabres,Buffalo,de Buffalo,BUF,6,3,REG,3,REG,8474682,8478109.0,/video/nyi-buf-330850810,,,,,,,,,,,,,,,,,,,BUF
2021021263,20212022,2,2022-02-15,False,2022-02-16T00:00:00Z,-05:00,-05:00,America/New_York,OFF,OK,6,Bruins,Boston,de Boston,BOS,1,3,Rangers,New York,de New York,NYR,2,5,SO,3,SO,8478048,,/video/bos-nyr-330854986,,,,,,,,,,,,,,,,,,,NYR
2021020495,20212022,2,2022-02-15,False,2022-02-16T00:00:00Z,-05:00,-05:00,US/Eastern,OFF,OK,19,Blues,St. Louis,de St. Louis,STL,5,9,Senators,Ottawa,d'Ottawa,OTT,2,3,REG,3,REG,8478024,8480023.0,/video/stl-ott-330852122,,,Sénateurs,,,,,,,,,,,,,,,,STL
2021021095,20212022,2,2022-02-15,False,2022-02-16T01:00:00Z,-05:00,-06:00,US/Central,OFF,OK,15,Capitals,Washington,de Washington,WSH,4,18,Predators,Nashville,de Nashville,NSH,1,3,REG,3,REG,8478492,8475324.0,/video/wsh-nsh-330859708,,,,,,,,,,,,,,,,,,,WSH
2021020478,20212022,2,2022-02-15,False,2022-02-16T02:00:00Z,-05:00,-07:00,America/Edmonton,OFF,OK,29,Blue Jackets,Columbus,de Columbus,CBJ,2,20,Flames,Calgary,de Calgary,CGY,6,3,REG,3,REG,8478435,8479314.0,/video/cbj-cgy-330862372,,,,,,,,,,,,,,,,,,,CGY
2021020549,20212022,2,2022-02-15,False,2022-02-16T02:00:00Z,-05:00,-07:00,America/Denver,OFF,OK,25,Stars,Dallas,de Dallas,DAL,4,21,Avalanche,Colorado,du Colorado,COL,1,3,REG,3,REG,8479979,8480027.0,/video/dal-col-330864596,,,,,,,,,,,,,,,,,,,DAL
2021020507,20212022,2,2022-02-15,False,2022-02-16T03:30:00Z,-05:00,-08:00,America/Los_Angeles,OFF,OK,22,Oilers,Edmonton,d'Edmonton,EDM,5,26,Kings,Los Angeles,de Los Angeles,LAK,2,3,REG,3,REG,8469608,8479977.0,/video/edm-lak-330867922,,,,,,,,,,,,,,,,,,,EDM
2021020633,20212022,2,2022-02-16,False,2022-02-17T00:00:00Z,-05:00,-06:00,America/Winnipeg,OFF,OK,30,Wild,Minnesota,du Minnesota,MIN,3,52,Jets,Winnipeg,de Winnipeg,WPG,6,3,REG,3,REG,8476945,8482149.0,/video/min-wpg-330886934,,,,,,,,,,,,,,,,,,,WPG
2021020527,20212022,2,2022-02-16,False,2022-02-17T00:30:00Z,-05:00,-05:00,US/Eastern,OFF,OK,13,Panthers,Florida,de la Floride,FLA,3,12,Hurricanes,Carolina,de la Caroline,CAR,2,4,OT,3,OT,8475683,8477932.0,/video/fla-car-330890764,,,,,,,,,,,,,,,,,,,FLA
2021020500,20212022,2,2022-02-16,False,2022-02-17T02:30:00Z,-05:00,-07:00,America/Edmonton,OFF,OK,24,Ducks,Anaheim,d'Anaheim,ANA,2,20,Flames,Calgary,de Calgary,CGY,6,3,REG,3,REG,8474593,8477496.0,/video/ana-cgy-330894504,,Markström,,,,,,,,,,,,,,,,,CGY
2021020535,20212022,2,2022-02-16,False,2022-02-17T03:00:00Z,-05:00,-08:00,US/Pacific,OFF,OK,21,Avalanche,Colorado,du Colorado,COL,2,54,Golden Knights,Vegas,de Vegas,VGK,0,3,REG,3,REG,8475311,8476455.0,/video/col-vgk-330895586,,,,,,,,,,,,,,,,,,,COL
2021020496,20212022,2,2022-02-17,False,2022-02-18T00:00:00Z,-05:00,-05:00,US/Eastern,OFF,OK,15,Capitals,Washington,de Washington,WSH,5,4,Flyers,Philadelphia,de Philadelphie,PHI,3,3,REG,3,REG,8478492,8477903.0,/video/wsh-phi-330924320,,,,,,,,,,,,,,,,,,,WSH
2021020796,20212022,2,2022-02-17,False,2022-02-18T00:00:00Z,-05:00,-05:00,America/Montreal,OFF,OK,19,Blues,St. Louis,de St. Louis,STL,2,8,Canadiens,Montréal,de Montréal,MTL,3,4,OT,3,OT,8478470,8481540.0,/video/stl-mtl-330925434,,,,,,,,,,,,,,,,,,,MTL
2021020525,20212022,2,2022-02-17,False,2022-02-18T00:00:00Z,-05:00,-05:00,America/New_York,OFF,OK,17,Red Wings,Detroit,de Detroit,DET,3,3,Rangers,New York,de New York,NYR,2,5,SO,3,SO,8471306,,/video/det-nyr-330927808,,,,,,,,,,,,,,,,,,,DET
2021020542,20212022,2,2022-02-17,False,2022-02-18T00:00:00Z,-05:00,-05:00,America/Toronto,OFF,OK,5,Penguins,Pittsburgh,de Pittsburgh,PIT,1,10,Maple Leafs,Toronto,de Toronto,TOR,4,3,REG,3,REG,8475789,8476853.0,/video/pit-tor-330923702,,,,,,,,,,,,,,,,,,,TOR
2021021228,20212022,2,2022-02-17,False,2022-02-18T00:00:00Z,-05:00,-05:00,America/New_York,OFF,OK,9,Senators,Ottawa,d'Ottawa,OTT,3,7,Sabres,Buffalo,de Buffalo,BUF,1,3,REG,3,REG,8476341,8475766.0,/video/ott-buf-330922744,Sénateurs,,,,,,,,,,,,,,,,,,OTT
2021021006,20212022,2,2022-02-17,False,2022-02-18T00:30:00Z,-05:00,-05:00,America/New_York,OFF,OK,6,Bruins,Boston,de Boston,BOS,1,2,Islanders,New York,de New York,NYI,4,3,REG,3,REG,8478009,8480865.0,/video/bos-nyi-330926912,,,,,,,,,,,,,,,,,,,NYI
2021020621,20212022,2,2022-02-17,False,2022-02-18T01:00:00Z,-05:00,-06:00,America/Winnipeg,OFF,OK,55,Kraken,Seattle,de Seattle,SEA,3,52,Jets,Winnipeg,de Winnipeg,WPG,5,3,REG,3,REG,8477480,8477504.0,/video/sea-wpg-330932136,,,,,,,,,,,,,,,,,,,WPG
2021020538,20212022,2,2022-02-17,False,2022-02-18T01:30:00Z,-05:00,-06:00,America/Chicago,OFF,OK,29,Blue Jackets,Columbus,de Columbus,CBJ,7,16,Blackhawks,Chicago,de Chicago,CHI,4,3,REG,3,REG,8478007,8479339.0,/video/cbj-chi-330934964,,,,,,,,,,,,,,,,,,,CBJ
2021020493,20212022,2,2022-02-17,False,2022-02-18T02:00:00Z,-05:00,-07:00,America/Edmonton,OFF,OK,24,Ducks,Anaheim,d'Anaheim,ANA,3,22,Oilers,Edmonton,d'Edmonton,EDM,7,3,REG,3,REG,8469608,8477934.0,/video/ana-edm-330937082,,,,,,,,,,,,,,,,,,,EDM
2021020502,20212022,2,2022-02-17,False,2022-02-18T03:30:00Z,-05:00,-08:00,US/Pacific,OFF,OK,23,Canucks,Vancouver,de Vancouver,VAN,5,28,Sharks,San Jose,de San Jose,SJS,4,4,OT,3,OT,8477967,8476468.0,/video/van-sjs-330940040,,,,,,,,,,,,,,,,,,,VAN
2021020485,20212022,2,2022-02-18,False,2022-02-19T00:00:00Z,-05:00,-05:00,US/Eastern,OFF,OK,18,Predators,Nashville,de Nashville,NSH,3,12,Hurricanes,Carolina,de la Caroline,CAR,5,3,REG,3,REG,8475883,8480830.0,/video/nsh-car-330967782,,,,,,,,,,,,,,,,,,,CAR
2021020476,20212022,2,2022-02-18,False,2022-02-19T01:00:00Z,-05:00,-06:00,US/Central,OFF,OK,13,Panthers,Florida,de la Floride,FLA,6,30,Wild,Minnesota,du Minnesota,MIN,2,3,REG,3,REG,8475683,8477407.0,/video/fla-min-330967410,,,,,,,,,,,,,,,,,,,FLA
2021020516,20212022,2,2022-02-18,False,2022-02-19T01:30:00Z,-05:00,-06:00,America/Chicago,OFF,OK,25,Stars,Dallas,de Dallas,DAL,1,16,Blackhawks,Chicago,de Chicago,CHI,0,5,SO,3,SO,8479979,,/video/dal-chi-330968824,,,,,,,,,,,,,,,,,,,DAL
2021020521,20212022,2,2022-02-18,False,2022-02-19T03:00:00Z,-05:00,-08:00,US/Pacific,OFF,OK,26,Kings,Los Angeles,de Los Angeles,LAK,4,54,Golden Knights,Vegas,de Vegas,VGK,3,4,OT,3,OT,8471734,8477960.0,/video/lak-vgk-330971840,,,,,,,,,,,,,,,,,,,LAK
2021020504,20212022,2,2022-02-19,False,2022-02-19T18:00:00Z,-05:00,-05:00,America/New_York,OFF,OK,21,Avalanche,Colorado,du Colorado,COL,5,7,Sabres,Buffalo,de Buffalo,BUF,3,3,REG,3,REG,8475311,8481618.0,/video/col-buf-330983738,,,,,,,,,,,,,,,,,,,COL
2021020681,20212022,2,2022-02-19,False,2022-02-19T21:00:00Z,-05:00,-06:00,America/Winnipeg,OFF,OK,22,Oilers,Edmonton,d'Edmonton,EDM,4,52,Jets,Winnipeg,de Winnipeg,WPG,2,3,REG,3,REG,8475156,8478402.0,/video/edm-wpg-330987284,,,,,,,,,,,,,,,,,,,EDM
2021020481,20212022,2,2022-02-19,False,2022-02-20T00:00:00Z,-05:00,-05:00,US/Eastern,OFF,OK,6,Bruins,Boston,de Boston,BOS,3,9,Senators,Ottawa,d'Ottawa,OTT,2,4,OT,3,OT,8480280,8477956.0,/video/bos-ott-330993562,,,Sénateurs,,,,,,,,,,,,,,,,BOS
2021020509,20212022,2,2022-02-19,False,2022-02-20T00:00:00Z,-05:00,-05:00,America/Toronto,OFF,OK,19,Blues,St. Louis,de St. Louis,STL,6,10,Maple Leafs,Toronto,de Toronto,TOR,3,3,REG,3,REG,8478024,8476438.0,/video/stl-tor-330994158,,,,,,,,,,,,,,,,,,,STL
2021020533,20212022,2,2022-02-19,False,2022-02-20T02:00:00Z,-05:00,-07:00,America/Phoenix,OFF,OK,26,Kings,Los Angeles,de Los Angeles,LAK,5,53,Coyotes,Arizona,de l'Arizona,ARI,3,3,REG,3,REG,8477361,8474563.0,/video/lak-ari-331000028,,,,,,,,,,,,,,,,,,,LAK
2021020518,20212022,2,2022-02-19,False,2022-02-20T03:00:00Z,-05:00,-07:00,America/Edmonton,OFF,OK,55,Kraken,Seattle,de Seattle,SEA,1,20,Flames,Calgary,de Calgary,CGY,2,3,REG,3,REG,8474593,8477496.0,/video/sea-cgy-331003530,,Markström,,,,,,,,,,,,,,,,,CGY
2021020520,20212022,2,2022-02-19,False,2022-02-20T03:00:00Z,-05:00,-08:00,America/Vancouver,OFF,OK,24,Ducks,Anaheim,d'Anaheim,ANA,7,23,Canucks,Vancouver,de Vancouver,VAN,4,3,REG,3,REG,8476434,8479351.0,/video/ana-van-331002740,,,,,,,,,,,,,,,,,,,ANA
2021021304,20212022,2,2022-02-20,False,2022-02-20T18:00:00Z,-05:00,-05:00,US/Eastern,OFF,OK,12,Hurricanes,Carolina,de la Caroline,CAR,4,5,Penguins,Pittsburgh,de Pittsburgh,PIT,3,3,REG,3,REG,8477293,8478427.0,/video/car-pit-331014484,,,,,,,,,,,,,,,,,,,CAR
2021020491,20212022,2,2022-02-20,False,2022-02-20T19:00:00Z,-05:00,-05:00,America/New_York,OFF,OK,8,Canadiens,Montréal,de Montréal,MTL,3,2,Islanders,New York,de New York,NYI,2,5,SO,3,SO,8477202,,/video/mtl-nyi-331017892,,,,,,,,,,,,,,,,,,,MTL
2021020498,20212022,2,2022-02-20,False,2022-02-20T20:00:00Z,-05:00,-06:00,America/Chicago,OFF,OK,13,Panthers,Florida,de la Floride,FLA,5,16,Blackhawks,Chicago,de Chicago,CHI,2,3,REG,3,REG,8475683,8477346.0,/video/fla-chi-331020436,,,,,,,,,,,,,,,,,,,FLA
2021020263,20212022,2,2022-02-20,False,2022-02-20T22:00:00Z,-05:00,-05:00,US/Eastern,OFF,OK,3,Rangers,New York,de New York,NYR,2,9,Senators,Ottawa,d'Ottawa,OTT,1,3,REG,3,REG,8478048,8478550.0,/video/nyr-ott-331022490,,,Sénateurs,,,,,,,,,,,,,,,,NYR
2021020515,20212022,2,2022-02-20,False,2022-02-20T23:00:00Z,-05:00,-05:00,US/Eastern,OFF,OK,7,Sabres,Buffalo,de Buffalo,BUF,3,29,Blue Jackets,Columbus,de Columbus,CBJ,7,3,REG,3,REG,8475234,8478460.0,/video/buf-cbj-331028430,,,,,,,,,,,,,,,,,,,CBJ
2021020581,20212022,2,2022-02-20,False,2022-02-21T00:00:00Z,-05:00,-07:00,America/Phoenix,OFF,OK,25,Stars,Dallas,de Dallas,DAL,1,53,Coyotes,Arizona,de l'Arizona,ARI,3,3,REG,3,REG,8475809,8477951.0,/video/dal-ari-331030792,,,,,,,,,,,,,,,,,,,ARI
2021021161,20212022,2,2022-02-20,False,2022-02-21T01:00:00Z,-05:00,-08:00,US/Pacific,OFF,OK,54,Golden Knights,Vegas,de Vegas,VGK,4,28,Sharks,San Jose,de San Jose,SJS,1,3,REG,3,REG,8480313,8478403.0,/video/vgk-sjs-331032440,,,,,,,,,,,,,,,,,,,VGK
2021020648,20212022,2,2022-02-20,False,2022-02-21T01:00:00Z,-05:00,-07:00,America/Edmonton,OFF,OK,30,Wild,Minnesota,du Minnesota,MIN,7,22,Oilers,Edmonton,d'Edmonton,EDM,3,3,REG,3,REG,8478039,8477942.0,/video/min-edm-331031862,,Kähkönen,,,,,,,,,,,,,,,,,MIN
2021020508,20212022,2,2022-02-21,False,2022-02-21T18:00:00Z,-05:00,-05:00,US/Eastern,OFF,OK,21,Avalanche,Colorado,du Colorado,COL,1,6,Bruins,Boston,de Boston,BOS,5,3,REG,3,REG,8480280,8470638.0,/video/col-bos-331047862,,,,,,,,,,,,,,,,,,,BOS
2021020639,20212022,2,2022-02-21,False,2022-02-21T20:00:00Z,-05:00,-05:00,US/Eastern,OFF,OK,12,Hurricanes,Carolina,de la Caroline,CAR,4,4,Flyers,Philadelphia,de Philadelphie,PHI,3,4,OT,3,OT,8475883,8477488.0,/video/car-phi-331052262,,,,,,,,,,,,,,,,,,,CAR
2021020564,20212022,2,2022-02-21,False,2022-02-21T21:00:00Z,-05:00,-07:00,America/Edmonton,OFF,OK,52,Jets,Winnipeg,de Winnipeg,WPG,1,20,Flames,Calgary,de Calgary,CGY,3,3,REG,3,REG,8474593,8477496.0,/video/wpg-cgy-331054980,,Markström,,,,,,,,,,,,,,,,,CGY
2021020601,20212022,2,2022-02-21,False,2022-02-22T00:00:00Z,-05:00,-05:00,America/Montreal,OFF,OK,10,Maple Leafs,Toronto,de Toronto,TOR,2,8,Canadiens,Montréal,de Montréal,MTL,5,3,REG,3,REG,8478470,8474884.0,/video/tor-mtl-331059168,,,,,,,,,,,,,,,,,,,MTL
2021020534,20212022,2,2022-02-21,False,2022-02-22T03:00:00Z,-05:00,-08:00,America/Vancouver,OFF,OK,55,Kraken,Seattle,de Seattle,SEA,2,23,Canucks,Vancouver,de Vancouver,VAN,5,3,REG,3,REG,8477967,8481617.0,/video/sea-van-331063044,,,,,,,,,,,,,,,,,,,VAN
2021020848,20212022,2,2022-02-22,False,2022-02-23T00:00:00Z,-05:00,-05:00,US/Eastern,OFF,OK,19,Blues,St. Louis,de St. Louis,STL,4,4,Flyers,Philadelphia,de Philadelphie,PHI,1,3,REG,3,REG,8476412,8475765.0,/video/stl-phi-331087874,,,,,,,,,,,,,,,,,,,STL
2021020584,20212022,2,2022-02-22,False,2022-02-23T00:00:00Z,-05:00,-05:00,US/Eastern,OFF,OK,30,Wild,Minnesota,du Minnesota,MIN,3,9,Senators,Ottawa,d'Ottawa,OTT,4,3,REG,3,REG,8476341,8478469.0,/video/min-ott-331088482,,,Sénateurs,,,,,,,,,,,,,,,,OTT
2021020528,20212022,2,2022-02-22,False,2022-02-23T00:00:00Z,-05:00,-05:00,US/Eastern,OFF,OK,10,Maple Leafs,Toronto,de Toronto,TOR,3,29,Blue Jackets,Columbus,de Columbus,CBJ,4,4,OT,3,OT,8475234,8479339.0,/video/tor-cbj-331088526,,,,,,,,,,,,,,,,,,,CBJ
2021020511,20212022,2,2022-02-22,False,2022-02-23T00:00:00Z,-05:00,-05:00,US/Eastern,OFF,OK,18,Predators,Nashville,de Nashville,NSH,6,13,Panthers,Florida,de la Floride,FLA,4,3,REG,3,REG,8479496,8475798.0,/video/nsh-fla-331089108,,,,,,,,,,,,,,,,,,,NSH
2021020536,20212022,2,2022-02-22,False,2022-02-23T03:00:00Z,-05:00,-08:00,America/Los_Angeles,OFF,OK,28,Sharks,San Jose,de San Jose,SJS,3,24,Ducks,Anaheim,d'Anaheim,ANA,4,5,SO,3,SO,8476932,,/video/sjs-ana-331096516,,,,,,,,,,,,,,,,,,,ANA
2021020595,20212022,2,2022-02-22,False,2022-02-23T03:00:00Z,-05:00,-08:00,US/Pacific,OFF,OK,2,Islanders,New York,de New York,NYI,5,55,Kraken,Seattle,de Seattle,SEA,2,3,REG,3,REG,8478009,8475151.0,/video/nyi-sea-331094606,,,,,,,,,,,,,,,,,,,NYI
2021020812,20212022,2,2022-02-23,False,2022-02-24T00:30:00Z,-05:00,-05:00,US/Eastern,OFF,OK,22,Oilers,Edmonton,d'Edmonton,EDM,3,14,Lightning,Tampa Bay,de Tampa Bay,TBL,5,3,REG,3,REG,8476883,8470621.0,/video/edm-tbl-331126432,,,,,,,,,,,,,,,,,,,TBL
2021020490,20212022,2,2022-02-23,False,2022-02-24T00:30:00Z,-05:00,-05:00,America/Detroit,OFF,OK,21,Avalanche,Colorado,du Colorado,COL,5,17,Red Wings,Detroit,de Detroit,DET,2,3,REG,3,REG,8480925,8475172.0,,,,,,,,,,,,,,,,,,,,COL
2021020813,20212022,2,2022-02-23,False,2022-02-24T00:30:00Z,-05:00,-06:00,US/Central,OFF,OK,52,Jets,Winnipeg,de Winnipeg,WPG,2,25,Stars,Dallas,de Dallas,DAL,3,4,OT,3,OT,8479979,8475794.0,/video/wpg-dal-331127898,,,,,,,,,,,,,,,,,,,DAL
2021021273,20212022,2,2022-02-23,False,2022-02-24T00:30:00Z,-05:00,-05:00,America/Montreal,OFF,OK,7,Sabres,Buffalo,de Buffalo,BUF,0,8,Canadiens,Montréal,de Montréal,MTL,4,3,REG,3,REG,8478470,8480018.0,/video/buf-mtl-331127568,,,,,,,,,,,,,,,,,,,MTL
2021020814,20212022,2,2022-02-23,False,2022-02-24T03:00:00Z,-05:00,-07:00,America/Phoenix,OFF,OK,26,Kings,Los Angeles,de Los Angeles,LAK,3,53,Coyotes,Arizona,de l'Arizona,ARI,2,3,REG,3,REG,8477361,8478042.0,/video/lak-ari-331134228,,,,,,,,,,,,,,,,,,,LAK
2021020815,20212022,2,2022-02-24,False,2022-02-25T00:00:00Z,-05:00,-05:00,America/Toronto,OFF,OK,30,Wild,Minnesota,du Minnesota,MIN,1,10,Maple Leafs,Toronto,de Toronto,TOR,3,3,REG,3,REG,8475852,8479318.0,/video/min-tor-331158510,,,,,,,,,,,,,,,,,,,TOR
2021020818,20212022,2,2022-02-24,False,2022-02-25T00:00:00Z,-05:00,-05:00,America/New_York,OFF,OK,15,Capitals,Washington,de Washington,WSH,1,3,Rangers,New York,de New York,NYR,4,3,REG,3,REG,8478048,8482109.0,/video/wsh-nyr-331156144,,,,,,,,,,,,,,,,,,,NYR
2021020497,20212022,2,2022-02-24,False,2022-02-25T00:00:00Z,-05:00,-05:00,US/Eastern,OFF,OK,1,Devils,New Jersey,du New Jersey,NJD,6,5,Penguins,Pittsburgh,de Pittsburgh,PIT,1,3,REG,3,REG,8482076,8479407.0,/video/njd-pit-331158304,,,,,,,,,,,,,,,,,,,NJD
2021020816,20212022,2,2022-02-24,False,2022-02-25T00:00:00Z,-05:00,-05:00,US/Eastern,OFF,OK,29,Blue Jackets,Columbus,de Columbus,CBJ,6,13,Panthers,Florida,de la Floride,FLA,3,3,REG,3,REG,8475234,8482705.0,/video/cbj-fla-331157696,,,,,,,,,,,,,,,,,,,CBJ
2021020819,20212022,2,2022-02-24,False,2022-02-25T01:30:00Z,-05:00,-06:00,US/Central,OFF,OK,25,Stars,Dallas,de Dallas,DAL,1,18,Predators,Nashville,de Nashville,NSH,2,5,SO,3,SO,8477424,,/video/dal-nsh-331164310,,,,,,,,,,,,,,,,,,,NSH
2021020822,20212022,2,2022-02-24,False,2022-02-25T03:00:00Z,-05:00,-08:00,US/Pacific,OFF,OK,6,Bruins,Boston,de Boston,BOS,3,55,Kraken,Seattle,de Seattle,SEA,2,4,OT,3,OT,8476999,8478498.0,/video/bos-sea-331169062,,,,,,,,,,,,,,,,,,,BOS
2021020820,20212022,2,2022-02-24,False,2022-02-25T03:00:00Z,-05:00,-08:00,America/Vancouver,OFF,OK,20,Flames,Calgary,de Calgary,CGY,1,23,Canucks,Vancouver,de Vancouver,VAN,7,3,REG,3,REG,8477967,8476468.0,/video/cgy-van-331168380,,,,,,,,,,,,,,,,,,,VAN
2021020821,20212022,2,2022-02-24,False,2022-02-25T03:30:00Z,-05:00,-08:00,US/Pacific,OFF,OK,2,Islanders,New York,de New York,NYI,3,28,Sharks,San Jose,de San Jose,SJS,4,5,SO,3,SO,8473503,,/video/nyi-sjs-331171070,,,,,,,,,,,,,,,,,,,SJS
2021020823,20212022,2,2022-02-25,False,2022-02-26T00:00:00Z,-05:00,-05:00,US/Eastern,OFF,OK,29,Blue Jackets,Columbus,de Columbus,CBJ,0,12,Hurricanes,Carolina,de la Caroline,CAR,4,3,REG,3,REG,8475883,8473533.0,,,,,,,,,,,,,,,,,,,,CAR
2021020825,20212022,2,2022-02-25,False,2022-02-26T01:00:00Z,-05:00,-06:00,US/Central,OFF,OK,7,Sabres,Buffalo,de Buffalo,BUF,3,19,Blues,St. Louis,de St. Louis,STL,5,3,REG,3,REG,8478024,8476892.0,/video/buf-stl-331202370,,,,,,,,,,,,,,,,,,,STL
2021020824,20212022,2,2022-02-25,False,2022-02-26T01:30:00Z,-05:00,-06:00,America/Chicago,OFF,OK,1,Devils,New Jersey,du New Jersey,NJD,5,16,Blackhawks,Chicago,de Chicago,CHI,8,3,REG,3,REG,8480947,8477846.0,/video/njd-chi-331207586,,,,,,,,,,,,,,,,,,,CHI
2021020826,20212022,2,2022-02-25,False,2022-02-26T02:00:00Z,-05:00,-07:00,America/Denver,OFF,OK,52,Jets,Winnipeg,de Winnipeg,WPG,3,21,Avalanche,Colorado,du Colorado,COL,6,3,REG,3,REG,8480925,8477444.0,/video/wpg-col-331207310,,,,,,,,,,,,,,,,,,,COL
2021020827,20212022,2,2022-02-25,False,2022-02-26T02:30:00Z,-05:00,-07:00,America/Phoenix,OFF,OK,54,Golden Knights,Vegas,de Vegas,VGK,1,53,Coyotes,Arizona,de l'Arizona,ARI,3,3,REG,3,REG,8475809,8477951.0,/video/vgk-ari-331209358,,,,,,,,,,,,,,,,,,,ARI
2021020828,20212022,2,2022-02-25,False,2022-02-26T03:00:00Z,-05:00,-08:00,America/Los_Angeles,OFF,OK,26,Kings,Los Angeles,de Los Angeles,LAK,4,24,Ducks,Anaheim,d'Anaheim,ANA,1,3,REG,3,REG,8471734,8477960.0,/video/lak-ana-331210502,,,,,,,,,,,,,,,,,,,LAK
2021020831,20212022,2,2022-02-26,False,2022-02-26T17:30:00Z,-05:00,-05:00,US/Eastern,OFF,OK,22,Oilers,Edmonton,d'Edmonton,EDM,4,13,Panthers,Florida,de la Floride,FLA,3,3,REG,3,REG,8475156,8478585.0,/video/edm-fla-331223628,,,,,,,,,,,,,,,,,,,EDM
2021020832,20212022,2,2022-02-26,False,2022-02-26T17:30:00Z,-05:00,-05:00,US/Eastern,OFF,OK,15,Capitals,Washington,de Washington,WSH,1,4,Flyers,Philadelphia,de Philadelphie,PHI,2,3,REG,3,REG,8479394,8474715.0,/video/wsh-phi-331223416,,,,,,,,,,,,,,,,,,,PHI
2021020833,20212022,2,2022-02-26,False,2022-02-26T20:00:00Z,-05:00,-05:00,US/Eastern,OFF,OK,3,Rangers,New York,de New York,NYR,0,5,Penguins,Pittsburgh,de Pittsburgh,PIT,1,3,REG,3,REG,8477465,8471215.0,/video/nyr-pit-331227144,,,,,,,,,,,,,,,,,,,PIT
2021020830,20212022,2,2022-02-26,False,2022-02-27T00:00:00Z,-05:00,-05:00,US/Eastern,OFF,OK,8,Canadiens,Montréal,de Montréal,MTL,2,9,Senators,Ottawa,d'Ottawa,OTT,1,3,REG,3,REG,8477202,8477476.0,/video/mtl-ott-331234604,,,Sénateurs,,,,,,,,,,,,,,,,MTL
2021020834,20212022,2,2022-02-26,True,2022-02-27T00:30:00Z,-05:00,-06:00,US/Central,OFF,OK,14,Lightning,Tampa Bay,de Tampa Bay,TBL,3,18,Predators,Nashville,de Nashville,NSH,2,3,REG,3,REG,8476883,8474564.0,/video/tbl-nsh-331239014,,,,,,,,,,,,,31.0,2022 Navy Federal Credit Union NHL Stadium Series,,,,,TBL
2021021275,20212022,2,2022-02-26,False,2022-02-27T00:30:00Z,-05:00,-05:00,America/Detroit,OFF,OK,10,Maple Leafs,Toronto,de Toronto,TOR,10,17,Red Wings,Detroit,de Detroit,DET,7,3,REG,3,REG,8475852,8481624.0,/video/tor-det-331236464,,,,,,,,,,,,,,,,,,,TOR
2021020838,20212022,2,2022-02-26,False,2022-02-27T03:00:00Z,-05:00,-08:00,US/Pacific,OFF,OK,6,Bruins,Boston,de Boston,BOS,3,28,Sharks,San Jose,de San Jose,SJS,1,3,REG,3,REG,8480280,8473419.0,/video/bos-sjs-331247520,,,,,,,,,,,,,,,,,,,BOS
2021020836,20212022,2,2022-02-26,False,2022-02-27T03:00:00Z,-05:00,-08:00,US/Pacific,OFF,OK,21,Avalanche,Colorado,du Colorado,COL,3,54,Golden Knights,Vegas,de Vegas,VGK,2,3,REG,3,REG,8475311,8477492.0,/video/col-vgk-331247648,,,,,,,,,,,,,,,,,,,COL
2021020835,20212022,2,2022-02-26,False,2022-02-27T03:00:00Z,-05:00,-07:00,America/Edmonton,OFF,OK,30,Wild,Minnesota,du Minnesota,MIN,3,20,Flames,Calgary,de Calgary,CGY,7,3,REG,3,REG,8474593,8478233.0,/video/min-cgy-331251106,,Markström,,,,,,,,,,,,,,,,,CGY
2021020837,20212022,2,2022-02-26,False,2022-02-27T03:30:00Z,-05:00,-08:00,America/Los_Angeles,OFF,OK,2,Islanders,New York,de New York,NYI,2,26,Kings,Los Angeles,de Los Angeles,LAK,5,3,REG,3,REG,8477361,8482124.0,/video/nyi-lak-331251198,,,,,,,,,,,,,,,,,,,LAK
2021020840,20212022,2,2022-02-27,False,2022-02-27T18:00:00Z,-05:00,-05:00,US/Eastern,OFF,OK,22,Oilers,Edmonton,d'Edmonton,EDM,1,12,Hurricanes,Carolina,de la Caroline,CAR,2,3,REG,3,REG,8475883,8478427.0,/video/edm-car-331262026,,,,,,,,,,,,,,,,,,,CAR
2021020843,20212022,2,2022-02-27,False,2022-02-27T19:00:00Z,-05:00,-06:00,US/Central,OFF,OK,7,Sabres,Buffalo,de Buffalo,BUF,2,25,Stars,Dallas,de Dallas,DAL,4,3,REG,3,REG,8479979,8477290.0,/video/buf-dal-331265570,,,,,,,,,,,,,,,,,,,DAL
2021020842,20212022,2,2022-02-27,False,2022-02-27T20:00:00Z,-05:00,-06:00,America/Chicago,OFF,OK,19,Blues,St. Louis,de St. Louis,STL,4,16,Blackhawks,Chicago,de Chicago,CHI,0,3,REG,3,REG,8476412,8479385.0,/video/stl-chi-331267144,,,,,,,,,,,,,,,,,,,STL
2021020844,20212022,2,2022-02-27,False,2022-02-27T21:00:00Z,-05:00,-07:00,America/Phoenix,OFF,OK,52,Jets,Winnipeg,de Winnipeg,WPG,5,53,Coyotes,Arizona,de l'Arizona,ARI,3,3,REG,3,REG,8477480,8478398.0,/video/wpg-ari-331270458,,,,,,,,,,,,,,,,,,,WPG
2021020841,20212022,2,2022-02-27,False,2022-02-27T23:00:00Z,-05:00,-05:00,US/Eastern,OFF,OK,5,Penguins,Pittsburgh,de Pittsburgh,PIT,3,29,Blue Jackets,Columbus,de Columbus,CBJ,2,3,REG,3,REG,8479193,8471675.0,/video/pit-cbj-331273824,,,,,,,,,,,,,,,,,,,PIT
2021020839,20212022,2,2022-02-27,False,2022-02-28T00:30:00Z,-05:00,-05:00,America/New_York,OFF,OK,23,Canucks,Vancouver,de Vancouver,VAN,5,3,Rangers,New York,de New York,NYR,2,3,REG,3,REG,8477967,8477996.0,/video/van-nyr-331276454,,,,,,,,,,,,,,,,,,,VAN
2021020845,20212022,2,2022-02-27,False,2022-02-28T01:30:00Z,-05:00,-08:00,America/Los_Angeles,OFF,OK,2,Islanders,New York,de New York,NYI,4,24,Ducks,Anaheim,d'Anaheim,ANA,0,3,REG,3,REG,8478009,8480865.0,/video/nyi-ana-331278748,,,,,,,,,,,,,,,,,,,NYI
2021020846,20212022,2,2022-02-27,False,2022-02-28T03:00:00Z,-05:00,-08:00,US/Pacific,OFF,OK,55,Kraken,Seattle,de Seattle,SEA,1,28,Sharks,San Jose,de San Jose,SJS,3,3,REG,3,REG,8473503,8480060.0,/video/sea-sjs-331280318,,,,,,,,,,,,,,,,,,,SJS
2021020847,20212022,2,2022-02-28,False,2022-03-01T00:30:00Z,-05:00,-05:00,US/Eastern,OFF,OK,23,Canucks,Vancouver,de Vancouver,VAN,2,1,Devils,New Jersey,du New Jersey,NJD,7,3,REG,3,REG,8482076,8482110.0,/video/van-njd-331306666,,,,,,,,,,,,,,,,,,,NJD
2021020849,20212022,2,2022-02-28,False,2022-03-01T00:30:00Z,-05:00,-05:00,US/Eastern,OFF,OK,10,Maple Leafs,Toronto,de Toronto,TOR,5,15,Capitals,Washington,de Washington,WSH,3,3,REG,3,REG,8475852,8480873.0,/video/tor-wsh-331308080,,,,,,,,,,,,,,,,,,,TOR
2021020850,20212022,2,2022-02-28,False,2022-03-01T03:30:00Z,-05:00,-08:00,America/Los_Angeles,OFF,OK,6,Bruins,Boston,de Boston,BOS,7,26,Kings,Los Angeles,de Los Angeles,LAK,0,3,REG,3,REG,8480280,8478498.0,/video/bos-lak-331312572,,,,,,,,,,,,,,,,,,,BOS
2021020854,20212022,2,2022-03-01,False,2022-03-02T00:00:00Z,-05:00,-05:00,US/Eastern,OFF,OK,1,Devils,New Jersey,du New Jersey,NJD,3,29,Blue Jackets,Columbus,de Columbus,CBJ,4,3,REG,3,REG,8478007,8479339.0,/video/njd-cbj-331346874,,,,,,,,,,,,,,,,,,,CBJ
2021020852,20212022,2,2022-03-01,False,2022-03-02T00:00:00Z,-05:00,-05:00,US/Eastern,OFF,OK,9,Senators,Ottawa,d'Ottawa,OTT,2,14,Lightning,Tampa Bay,de Tampa Bay,TBL,5,3,REG,3,REG,8476883,8474564.0,/video/ott-tbl-331345636,Sénateurs,,,,,,,,,,,,,,,,,,TBL
2021020853,20212022,2,2022-03-01,False,2022-03-02T00:00:00Z,-05:00,-05:00,US/Eastern,OFF,OK,22,Oilers,Edmonton,d'Edmonton,EDM,3,4,Flyers,Philadelphia,de Philadelphie,PHI,0,3,REG,3,REG,8475156,8477934.0,/video/edm-phi-331345570,,,,,,,,,,,,,,,,,,,EDM
2021020851,20212022,2,2022-03-01,False,2022-03-02T00:30:00Z,-05:00,-05:00,America/Detroit,OFF,OK,12,Hurricanes,Carolina,de la Caroline,CAR,3,17,Red Wings,Detroit,de Detroit,DET,4,4,OT,3,OT,8477968,8482078.0,/video/car-det-331351302,,,,,,,,,,,,,,,,,,,DET
2021020855,20212022,2,2022-03-01,False,2022-03-02T01:00:00Z,-05:00,-06:00,US/Central,OFF,OK,20,Flames,Calgary,de Calgary,CGY,5,30,Wild,Minnesota,du Minnesota,MIN,1,3,REG,3,REG,8474593,8478233.0,/video/cgy-min-331353084,,Markström,,,,,,,,,,,,,,,,,CGY
2021020856,20212022,2,2022-03-01,False,2022-03-02T01:00:00Z,-05:00,-06:00,America/Winnipeg,OFF,OK,8,Canadiens,Montréal,de Montréal,MTL,4,52,Jets,Winnipeg,de Winnipeg,WPG,8,3,REG,3,REG,8476945,8477429.0,/video/mtl-wpg-331354016,,,,,,,,,,,,,,,,,,,WPG
2021020857,20212022,2,2022-03-01,False,2022-03-02T02:00:00Z,-05:00,-07:00,America/Denver,OFF,OK,2,Islanders,New York,de New York,NYI,3,21,Avalanche,Colorado,du Colorado,COL,5,3,REG,3,REG,8475311,8477444.0,/video/nyi-col-331358370,,,,,,,,,,,,,,,,,,,COL
2021020859,20212022,2,2022-03-01,False,2022-03-02T03:00:00Z,-05:00,-08:00,America/Los_Angeles,OFF,OK,6,Bruins,Boston,de Boston,BOS,3,24,Ducks,Anaheim,d'Anaheim,ANA,4,3,REG,3,REG,8476434,8481533.0,/video/bos-ana-331361316,,,,,,,,,,,,,,,,,,,ANA
2021020858,20212022,2,2022-03-01,False,2022-03-02T03:00:00Z,-05:00,-08:00,US/Pacific,OFF,OK,28,Sharks,San Jose,de San Jose,SJS,1,54,Golden Knights,Vegas,de Vegas,VGK,3,3,REG,3,REG,8475215,8475191.0,/video/sjs-vgk-331360110,,,,,,,,,,,,,,,,,,,VGK
2021020860,20212022,2,2022-03-02,False,2022-03-03T00:30:00Z,-05:00,-05:00,America/Toronto,OFF,OK,7,Sabres,Buffalo,de Buffalo,BUF,5,10,Maple Leafs,Toronto,de Toronto,TOR,1,3,REG,3,REG,8467950,8478109.0,/video/buf-tor-331381992,,,,,,,,,,,,,,,,,,,BUF
2021020861,20212022,2,2022-03-02,False,2022-03-03T00:30:00Z,-05:00,-05:00,America/New_York,OFF,OK,19,Blues,St. Louis,de St. Louis,STL,3,3,Rangers,New York,de New York,NYR,5,3,REG,3,REG,8478048,8475184.0,/video/stl-nyr-331382858,,,,,,,,,,,,,,,,,,,NYR
2021020862,20212022,2,2022-03-02,False,2022-03-03T01:30:00Z,-05:00,-06:00,US/Central,OFF,OK,26,Kings,Los Angeles,de Los Angeles,LAK,3,25,Stars,Dallas,de Dallas,DAL,4,3,REG,3,REG,8479979,8471228.0,/video/lak-dal-331385178,,,,,,,,,,,,,,,,,,,DAL
2021020863,20212022,2,2022-03-02,False,2022-03-03T03:00:00Z,-05:00,-08:00,US/Pacific,OFF,OK,18,Predators,Nashville,de Nashville,NSH,3,55,Kraken,Seattle,de Seattle,SEA,4,3,REG,3,REG,8476904,8476278.0,/video/nsh-sea-331389140,,,,,,,,,,,,,,,,,,,SEA
2021020867,20212022,2,2022-03-03,False,2022-03-04T00:00:00Z,-05:00,-05:00,US/Eastern,OFF,OK,30,Wild,Minnesota,du Minnesota,MIN,5,4,Flyers,Philadelphia,de Philadelphie,PHI,4,3,REG,3,REG,8475660,8476463.0,/video/min-phi-331418934,,,,,,,,,,,,,,,,,,,MIN
2021020865,20212022,2,2022-03-03,False,2022-03-04T00:00:00Z,-05:00,-05:00,US/Eastern,OFF,OK,9,Senators,Ottawa,d'Ottawa,OTT,0,13,Panthers,Florida,de la Floride,FLA,3,3,REG,3,REG,8475683,8478975.0,/video/ott-fla-331419720,Sénateurs,,,,,,,,,,,,,,,,,,FLA
2021020868,20212022,2,2022-03-03,False,2022-03-04T00:00:00Z,-05:00,-05:00,US/Eastern,OFF,OK,12,Hurricanes,Carolina,de la Caroline,CAR,0,15,Capitals,Washington,de Washington,WSH,4,3,REG,3,REG,8477970,8475744.0,/video/car-wsh-331417314,,,,,,,,,,,,,,,,,,,WSH
2021020864,20212022,2,2022-03-03,False,2022-03-04T00:00:00Z,-05:00,-05:00,US/Eastern,OFF,OK,5,Penguins,Pittsburgh,de Pittsburgh,PIT,5,14,Lightning,Tampa Bay,de Tampa Bay,TBL,1,3,REG,3,REG,8477465,8471675.0,/video/pit-tbl-331420146,,,,,,,,,,,,,,,,,,,PIT
2021020866,20212022,2,2022-03-03,False,2022-03-04T00:30:00Z,-05:00,-05:00,America/New_York,OFF,OK,23,Canucks,Vancouver,de Vancouver,VAN,4,2,Islanders,New York,de New York,NYI,3,3,REG,3,REG,8477967,8481617.0,/video/van-nyi-331420956,,,,,,,,,,,,,,,,,,,VAN
2021020869,20212022,2,2022-03-03,False,2022-03-04T01:30:00Z,-05:00,-06:00,America/Chicago,OFF,OK,22,Oilers,Edmonton,d'Edmonton,EDM,3,16,Blackhawks,Chicago,de Chicago,CHI,4,4,OT,3,OT,8470594,8479337.0,/video/edm-chi-331429216,,,,,,,,,,,,,,,,,,,CHI
2021020870,20212022,2,2022-03-03,False,2022-03-04T02:00:00Z,-05:00,-07:00,America/Edmonton,OFF,OK,8,Canadiens,Montréal,de Montréal,MTL,5,20,Flames,Calgary,de Calgary,CGY,4,4,OT,3,OT,8477202,8475279.0,/video/mtl-cgy-331432166,,,,,,,,,,,,,,,,,,,MTL
2021020872,20212022,2,2022-03-03,False,2022-03-04T02:00:00Z,-05:00,-08:00,US/Pacific,OFF,OK,6,Bruins,Boston,de Boston,BOS,5,54,Golden Knights,Vegas,de Vegas,VGK,2,3,REG,3,REG,8480280,8477956.0,/video/bos-vgk-331431558,,,,,,,,,,,,,,,,,,,BOS
2021020871,20212022,2,2022-03-03,False,2022-03-04T02:00:00Z,-05:00,-07:00,America/Phoenix,OFF,OK,21,Avalanche,Colorado,du Colorado,COL,1,53,Coyotes,Arizona,de l'Arizona,ARI,2,3,REG,3,REG,8478872,8477951.0,/video/col-ari-331431692,,,,,,,,,,,,,,,,,,,ARI
2021020877,20212022,2,2022-03-04,False,2022-03-05T00:00:00Z,-05:00,-05:00,US/Eastern,OFF,OK,26,Kings,Los Angeles,de Los Angeles,LAK,4,29,Blue Jackets,Columbus,de Columbus,CBJ,3,4,OT,3,OT,8471734,8478042.0,/video/lak-cbj-331464346,,,,,,,,,,,,,,,,,,,LAK
2021020873,20212022,2,2022-03-04,False,2022-03-05T00:00:00Z,-05:00,-05:00,America/New_York,OFF,OK,30,Wild,Minnesota,du Minnesota,MIN,4,7,Sabres,Buffalo,de Buffalo,BUF,5,3,REG,3,REG,8467950,8478109.0,/video/min-buf-331461366,,,,,,,,,,,,,,,,,,,BUF
2021020876,20212022,2,2022-03-04,False,2022-03-05T00:00:00Z,-05:00,-05:00,US/Eastern,OFF,OK,5,Penguins,Pittsburgh,de Pittsburgh,PIT,2,12,Hurricanes,Carolina,de la Caroline,CAR,3,4,OT,3,OT,8477293,8480830.0,/video/pit-car-331462322,,,,,,,,,,,,,,,,,,,CAR
2021020875,20212022,2,2022-03-04,False,2022-03-05T00:00:00Z,-05:00,-05:00,America/New_York,OFF,OK,1,Devils,New Jersey,du New Jersey,NJD,1,3,Rangers,New York,de New York,NYR,3,3,REG,3,REG,8478048,8480078.0,/video/njd-nyr-331459588,,,,,,,,,,,,,,,,,,,NYR
2021020874,20212022,2,2022-03-04,False,2022-03-05T00:00:00Z,-05:00,-05:00,US/Eastern,OFF,OK,17,Red Wings,Detroit,de Detroit,DET,1,14,Lightning,Tampa Bay,de Tampa Bay,TBL,3,3,REG,3,REG,8470880,8479410.0,/video/det-tbl-331460396,,,,,,,,,,,,,,,,,,,TBL
2021020878,20212022,2,2022-03-04,False,2022-03-05T01:00:00Z,-05:00,-06:00,America/Winnipeg,OFF,OK,25,Stars,Dallas,de Dallas,DAL,4,52,Jets,Winnipeg,de Winnipeg,WPG,3,4,OT,3,OT,8474651,8480027.0,/video/dal-wpg-331467632,,,,,,,,,,,,,,,,,,,DAL
2021020879,20212022,2,2022-03-04,False,2022-03-05T03:00:00Z,-05:00,-08:00,America/Los_Angeles,OFF,OK,54,Golden Knights,Vegas,de Vegas,VGK,5,24,Ducks,Anaheim,d'Anaheim,ANA,4,3,REG,3,REG,8476316,8478020.0,/video/vgk-ana-331471750,,,,,,,,,,,,,,,,,,,VGK
2021020882,20212022,2,2022-03-05,False,2022-03-05T17:30:00Z,-05:00,-05:00,America/New_York,OFF,OK,19,Blues,St. Louis,de St. Louis,STL,1,2,Islanders,New York,de New York,NYI,2,3,REG,3,REG,8478009,8475754.0,/video/stl-nyi-331482816,,,,,,,,,,,,,,,,,,,NYI
2021020883,20212022,2,2022-03-05,False,2022-03-05T20:00:00Z,-05:00,-05:00,US/Eastern,OFF,OK,16,Blackhawks,Chicago,de Chicago,CHI,3,4,Flyers,Philadelphia,de Philadelphie,PHI,4,3,REG,3,REG,8474889,8474715.0,,,,,,,,,,,,,,,,,,,,PHI
2021020888,20212022,2,2022-03-05,False,2022-03-05T21:00:00Z,-05:00,-07:00,America/Phoenix,OFF,OK,9,Senators,Ottawa,d'Ottawa,OTT,5,53,Coyotes,Arizona,de l'Arizona,ARI,8,3,REG,3,REG,8475809,8478474.0,/video/ott-ari-331490716,Sénateurs,,,,,,,,,,,,,,,,,,ARI
2021020881,20212022,2,2022-03-05,False,2022-03-05T23:00:00Z,-05:00,-05:00,US/Eastern,OFF,OK,17,Red Wings,Detroit,de Detroit,DET,2,13,Panthers,Florida,de la Floride,FLA,6,3,REG,3,REG,8475683,8482113.0,/video/det-fla-331497146,,,,,,,,,,,,,,,,,,,FLA
2021020880,20212022,2,2022-03-05,False,2022-03-06T00:00:00Z,-05:00,-05:00,America/Toronto,OFF,OK,23,Canucks,Vancouver,de Vancouver,VAN,6,10,Maple Leafs,Toronto,de Toronto,TOR,4,3,REG,3,REG,8477967,8475163.0,/video/van-tor-331502192,,,,,,,,,,,,,,,,,,,VAN
2021020885,20212022,2,2022-03-05,False,2022-03-06T00:00:00Z,-05:00,-05:00,US/Eastern,OFF,OK,6,Bruins,Boston,de Boston,BOS,5,29,Blue Jackets,Columbus,de Columbus,CBJ,4,5,SO,3,SO,8480280,,/video/bos-cbj-331506346,,,,,,,,,,,,,,,,,,,BOS
2021020887,20212022,2,2022-03-05,False,2022-03-06T00:00:00Z,-05:00,-07:00,America/Edmonton,OFF,OK,8,Canadiens,Montréal,de Montréal,MTL,5,22,Oilers,Edmonton,d'Edmonton,EDM,2,3,REG,3,REG,8478470,8480018.0,/video/mtl-edm-331503676,,,,,,,,,,,,,,,,,,,MTL
2021020884,20212022,2,2022-03-05,False,2022-03-06T00:00:00Z,-05:00,-05:00,US/Eastern,OFF,OK,55,Kraken,Seattle,de Seattle,SEA,2,15,Capitals,Washington,de Washington,WSH,5,3,REG,3,REG,8477970,8477839.0,/video/sea-wsh-331501428,,,,,,,,,,,,,,,,,,,WSH
2021020889,20212022,2,2022-03-05,False,2022-03-06T01:00:00Z,-05:00,-08:00,US/Pacific,OFF,OK,18,Predators,Nashville,de Nashville,NSH,8,28,Sharks,San Jose,de San Jose,SJS,0,3,REG,3,REG,8477424,8477446.0,/video/nsh-sjs-331506748,,,,,,,,,,,,,,,,,,,NSH
2021020886,20212022,2,2022-03-05,False,2022-03-06T03:00:00Z,-05:00,-07:00,America/Denver,OFF,OK,20,Flames,Calgary,de Calgary,CGY,4,21,Avalanche,Colorado,du Colorado,COL,3,4,OT,3,OT,8478435,8476346.0,/video/cgy-col-331512344,,,,,,,,,,,,,,,,,,,CGY
2021020891,20212022,2,2022-03-06,False,2022-03-06T18:00:00Z,-05:00,-05:00,US/Eastern,OFF,OK,19,Blues,St. Louis,de St. Louis,STL,2,1,Devils,New Jersey,du New Jersey,NJD,3,4,OT,3,OT,8482076,8476462.0,/video/stl-njd-331521754,,,,,,,,,,,,,,,,,,,NJD
2021020890,20212022,2,2022-03-06,False,2022-03-06T18:00:00Z,-05:00,-05:00,America/New_York,OFF,OK,26,Kings,Los Angeles,de Los Angeles,LAK,3,7,Sabres,Buffalo,de Buffalo,BUF,0,3,REG,3,REG,8477361,8476960.0,/video/lak-buf-331522880,,,,,,,,,,,,,,,,,,,LAK
2021020894,20212022,2,2022-03-06,False,2022-03-06T21:00:00Z,-05:00,-06:00,US/Central,OFF,OK,25,Stars,Dallas,de Dallas,DAL,6,30,Wild,Minnesota,du Minnesota,MIN,3,3,REG,3,REG,8479979,8480027.0,/video/dal-min-331526258,,,,,,,,,,,,,,,,,,,DAL
2021020893,20212022,2,2022-03-06,False,2022-03-07T00:00:00Z,-05:00,-06:00,America/Chicago,OFF,OK,14,Lightning,Tampa Bay,de Tampa Bay,TBL,6,16,Blackhawks,Chicago,de Chicago,CHI,3,3,REG,3,REG,8476883,8475167.0,/video/tbl-chi-331539076,,,,,,,,,,,,,,,,,,,TBL
2021020895,20212022,2,2022-03-06,False,2022-03-07T00:00:00Z,-05:00,-06:00,America/Winnipeg,OFF,OK,3,Rangers,New York,de New York,NYR,4,52,Jets,Winnipeg,de Winnipeg,WPG,1,3,REG,3,REG,8478048,8475184.0,/video/nyr-wpg-331540484,,,,,,,,,,,,,,,,,,,NYR
2021020892,20212022,2,2022-03-06,False,2022-03-07T00:00:00Z,-05:00,-05:00,US/Eastern,OFF,OK,55,Kraken,Seattle,de Seattle,SEA,2,12,Hurricanes,Carolina,de la Caroline,CAR,3,3,REG,3,REG,8477293,8480039.0,/video/sea-car-331538702,,,,,,,,,,,,,,,,,,,CAR
2021020896,20212022,2,2022-03-06,False,2022-03-07T01:00:00Z,-05:00,-08:00,US/Pacific,OFF,OK,9,Senators,Ottawa,d'Ottawa,OTT,1,54,Golden Knights,Vegas,de Vegas,VGK,2,3,REG,3,REG,8475215,8478403.0,/video/ott-vgk-331542796,Sénateurs,,,,,,,,,,,,,,,,,,VGK
2021020897,20212022,2,2022-03-06,False,2022-03-07T01:00:00Z,-05:00,-08:00,America/Los_Angeles,OFF,OK,28,Sharks,San Jose,de San Jose,SJS,2,24,Ducks,Anaheim,d'Anaheim,ANA,3,4,OT,3,OT,8476932,8476483.0,/video/sjs-ana-331543528,,,,,,,,,,,,,,,,,,,ANA
2021020899,20212022,2,2022-03-07,False,2022-03-08T00:00:00Z,-05:00,-05:00,America/New_York,OFF,OK,13,Panthers,Florida,de la Floride,FLA,6,7,Sabres,Buffalo,de Buffalo,BUF,1,3,REG,3,REG,8481519,8478569.0,/video/fla-buf-331572144,,,,,,,,,,,,,,,,,,,FLA
2021020898,20212022,2,2022-03-07,False,2022-03-08T00:00:00Z,-05:00,-05:00,US/Eastern,OFF,OK,26,Kings,Los Angeles,de Los Angeles,LAK,3,6,Bruins,Boston,de Boston,BOS,2,4,OT,3,OT,8477361,8476960.0,/video/lak-bos-331572882,,,,,,,,,,,,,,,,,,,LAK
2021020901,20212022,2,2022-03-07,False,2022-03-08T00:00:00Z,-05:00,-05:00,US/Eastern,OFF,OK,10,Maple Leafs,Toronto,de Toronto,TOR,5,29,Blue Jackets,Columbus,de Columbus,CBJ,4,3,REG,3,REG,8475852,8478047.0,/video/tor-cbj-331572712,,,,,,,,,,,,,,,,,,,TOR
2021020900,20212022,2,2022-03-07,False,2022-03-08T00:30:00Z,-05:00,-05:00,America/New_York,OFF,OK,21,Avalanche,Colorado,du Colorado,COL,5,2,Islanders,New York,de New York,NYI,4,3,REG,3,REG,8480925,8478038.0,/video/col-nyi-331575722,,,,,,,,,,,,,,,,,,,COL
2021020532,20212022,2,2022-03-07,False,2022-03-08T02:30:00Z,-05:00,-07:00,America/Edmonton,OFF,OK,22,Oilers,Edmonton,d'Edmonton,EDM,1,20,Flames,Calgary,de Calgary,CGY,3,3,REG,3,REG,8474593,8475726.0,/video/edm-cgy-331579698,,Markström,,,,,,,,,,,,,,,,,CGY
2021020906,20212022,2,2022-03-08,False,2022-03-09T00:00:00Z,-05:00,-05:00,US/Eastern,OFF,OK,13,Panthers,Florida,de la Floride,FLA,4,5,Penguins,Pittsburgh,de Pittsburgh,PIT,3,3,REG,3,REG,8475683,8477409.0,/video/fla-pit-331611382,,,,,,,,,,,,,,,,,,,FLA
2021020905,20212022,2,2022-03-08,False,2022-03-09T00:00:00Z,-05:00,-05:00,US/Eastern,OFF,OK,54,Golden Knights,Vegas,de Vegas,VGK,1,4,Flyers,Philadelphia,de Philadelphie,PHI,2,3,REG,3,REG,8479394,8478067.0,/video/vgk-phi-331615822,,,,,,,,,,,,,,,,,,,PHI
2021020904,20212022,2,2022-03-08,False,2022-03-09T00:00:00Z,-05:00,-05:00,US/Eastern,OFF,OK,21,Avalanche,Colorado,du Colorado,COL,3,1,Devils,New Jersey,du New Jersey,NJD,5,3,REG,3,REG,8482076,8479414.0,/video/col-njd-331612518,,,,,,,,,,,,,,,,,,,NJD
2021020902,20212022,2,2022-03-08,False,2022-03-09T00:30:00Z,-05:00,-05:00,America/Toronto,OFF,OK,55,Kraken,Seattle,de Seattle,SEA,4,10,Maple Leafs,Toronto,de Toronto,TOR,6,3,REG,3,REG,8475789,8478483.0,/video/sea-tor-331618906,,,,,,,,,,,,,,,,,,,TOR
2021020903,20212022,2,2022-03-08,False,2022-03-09T00:30:00Z,-05:00,-05:00,America/Detroit,OFF,OK,53,Coyotes,Arizona,de l'Arizona,ARI,9,17,Red Wings,Detroit,de Detroit,DET,2,3,REG,3,REG,8478872,8479345.0,/video/ari-det-331615636,,,,,,,,,,,,,,,,,,,ARI
2021020910,20212022,2,2022-03-08,False,2022-03-09T01:00:00Z,-05:00,-06:00,US/Central,OFF,OK,3,Rangers,New York,de New York,NYR,2,30,Wild,Minnesota,du Minnesota,MIN,5,3,REG,3,REG,8475660,8477942.0,/video/nyr-min-331621814,,,,,,,,,,,,,,,,,,,MIN
2021020911,20212022,2,2022-03-08,False,2022-03-09T01:00:00Z,-05:00,-06:00,America/Winnipeg,OFF,OK,14,Lightning,Tampa Bay,de Tampa Bay,TBL,4,52,Jets,Winnipeg,de Winnipeg,WPG,7,3,REG,3,REG,8476945,8478398.0,/video/tbl-wpg-331621592,,,,,,,,,,,,,,,,,,,WPG
2021020909,20212022,2,2022-03-08,False,2022-03-09T01:00:00Z,-05:00,-06:00,US/Central,OFF,OK,25,Stars,Dallas,de Dallas,DAL,1,18,Predators,Nashville,de Nashville,NSH,2,3,REG,3,REG,8477424,8474600.0,/video/dal-nsh-331622156,,,,,,,,,,,,,,,,,,,NSH
2021020908,20212022,2,2022-03-08,False,2022-03-09T01:00:00Z,-05:00,-06:00,US/Central,OFF,OK,9,Senators,Ottawa,d'Ottawa,OTT,4,19,Blues,St. Louis,de St. Louis,STL,1,3,REG,3,REG,8476341,8480064.0,/video/ott-stl-331621156,Sénateurs,,,,,,,,,,,,,,,,,,OTT
2021020907,20212022,2,2022-03-08,False,2022-03-09T01:30:00Z,-05:00,-06:00,America/Chicago,OFF,OK,24,Ducks,Anaheim,d'Anaheim,ANA,3,16,Blackhawks,Chicago,de Chicago,CHI,8,3,REG,3,REG,8470594,8477846.0,/video/ana-chi-331625894,,,,,,,,,,,,,,,,,,,CHI
2021020912,20212022,2,2022-03-08,False,2022-03-09T02:00:00Z,-05:00,-07:00,America/Edmonton,OFF,OK,15,Capitals,Washington,de Washington,WSH,5,20,Flames,Calgary,de Calgary,CGY,4,3,REG,3,REG,8477970,8471214.0,/video/wsh-cgy-331629506,,,,,,,,,,,,,,,,,,,WSH
2021020913,20212022,2,2022-03-09,False,2022-03-10T01:00:00Z,-05:00,-07:00,America/Edmonton,OFF,OK,15,Capitals,Washington,de Washington,WSH,3,22,Oilers,Edmonton,d'Edmonton,EDM,4,4,OT,3,OT,8475156,8478402.0,/video/wsh-edm-331656830,,,,,,,,,,,,,,,,,,,EDM
2021020914,20212022,2,2022-03-09,False,2022-03-10T03:30:00Z,-05:00,-08:00,America/Vancouver,OFF,OK,8,Canadiens,Montréal,de Montréal,MTL,3,23,Canucks,Vancouver,de Vancouver,VAN,5,3,REG,3,REG,8477967,8480012.0,/video/mtl-van-331661300,,,,,,,,,,,,,,,,,,,VAN
2021020921,20212022,2,2022-03-10,False,2022-03-11T00:00:00Z,-05:00,-05:00,US/Eastern,OFF,OK,52,Jets,Winnipeg,de Winnipeg,WPG,2,1,Devils,New Jersey,du New Jersey,NJD,1,3,REG,3,REG,8477480,8478398.0,/video/wpg-njd-331692686,,,,,,,,,,,,,,,,,,,WPG
2021020918,20212022,2,2022-03-10,False,2022-03-11T00:00:00Z,-05:00,-05:00,US/Eastern,OFF,OK,55,Kraken,Seattle,de Seattle,SEA,3,9,Senators,Ottawa,d'Ottawa,OTT,4,4,OT,3,OT,8476341,8480064.0,/video/sea-ott-331695574,,,Sénateurs,,,,,,,,,,,,,,,,OTT
2021020915,20212022,2,2022-03-10,False,2022-03-11T00:00:00Z,-05:00,-05:00,US/Eastern,OFF,OK,16,Blackhawks,Chicago,de Chicago,CHI,3,6,Bruins,Boston,de Boston,BOS,4,3,REG,3,REG,8480280,8477956.0,/video/chi-bos-331695396,,,,,,,,,,,,,,,,,,,BOS
2021020923,20212022,2,2022-03-10,False,2022-03-11T00:00:00Z,-05:00,-05:00,US/Eastern,OFF,OK,21,Avalanche,Colorado,du Colorado,COL,0,12,Hurricanes,Carolina,de la Caroline,CAR,2,3,REG,3,REG,8477293,8478451.0,/video/col-car-331693956,,,,,,,,,,,,,,,,,,,CAR
2021020919,20212022,2,2022-03-10,False,2022-03-11T00:00:00Z,-05:00,-05:00,America/Detroit,OFF,OK,30,Wild,Minnesota,du Minnesota,MIN,6,17,Red Wings,Detroit,de Detroit,DET,5,5,SO,3,SO,8475660,,/video/min-det-331697782,,,,,,,,,,,,,,,,,,,MIN
2021020916,20212022,2,2022-03-10,False,2022-03-11T00:00:00Z,-05:00,-05:00,America/New_York,OFF,OK,54,Golden Knights,Vegas,de Vegas,VGK,1,7,Sabres,Buffalo,de Buffalo,BUF,3,3,REG,3,REG,8467950,8478109.0,/video/vgk-buf-331694626,,,,,,,,,,,,,,,,,,,BUF
2021020920,20212022,2,2022-03-10,False,2022-03-11T00:00:00Z,-05:00,-05:00,US/Eastern,OFF,OK,4,Flyers,Philadelphia,de Philadelphie,PHI,3,13,Panthers,Florida,de la Floride,FLA,6,3,REG,3,REG,8475683,8477409.0,/video/phi-fla-331696502,,,,,,,,,,,,,,,,,,,FLA
2021020917,20212022,2,2022-03-10,False,2022-03-11T00:00:00Z,-05:00,-05:00,America/Toronto,OFF,OK,53,Coyotes,Arizona,de l'Arizona,ARI,5,10,Maple Leafs,Toronto,de Toronto,TOR,4,4,OT,3,OT,8475809,8479345.0,/video/ari-tor-331695094,,,,,,,,,,,,,,,,,,,ARI
2021020693,20212022,2,2022-03-10,False,2022-03-11T00:30:00Z,-05:00,-05:00,America/New_York,OFF,OK,29,Blue Jackets,Columbus,de Columbus,CBJ,0,2,Islanders,New York,de New York,NYI,6,3,REG,3,REG,8478009,8475754.0,/video/cbj-nyi-331700190,,,,,,,,,,,,,,,,,,,NYI
2021020925,20212022,2,2022-03-10,False,2022-03-11T01:00:00Z,-05:00,-06:00,US/Central,OFF,OK,24,Ducks,Anaheim,d'Anaheim,ANA,1,18,Predators,Nashville,de Nashville,NSH,4,3,REG,3,REG,8477424,8476887.0,/video/ana-nsh-331705238,,,,,,,,,,,,,,,,,,,NSH
2021020924,20212022,2,2022-03-10,False,2022-03-11T01:00:00Z,-05:00,-06:00,US/Central,OFF,OK,3,Rangers,New York,de New York,NYR,2,19,Blues,St. Louis,de St. Louis,STL,6,3,REG,3,REG,8478024,8480023.0,/video/nyr-stl-331702798,,,,,,,,,,,,,,,,,,,STL
2021020926,20212022,2,2022-03-10,False,2022-03-11T02:00:00Z,-05:00,-07:00,America/Edmonton,OFF,OK,14,Lightning,Tampa Bay,de Tampa Bay,TBL,1,20,Flames,Calgary,de Calgary,CGY,4,3,REG,3,REG,8474593,8476346.0,/video/tbl-cgy-331710036,,Markström,,,,,,,,,,,,,,,,,CGY
2021020927,20212022,2,2022-03-10,False,2022-03-11T03:30:00Z,-05:00,-08:00,America/Los_Angeles,OFF,OK,28,Sharks,San Jose,de San Jose,SJS,4,26,Kings,Los Angeles,de Los Angeles,LAK,3,4,OT,3,OT,8479313,8476881.0,/video/sjs-lak-331713836,,,,,,,,,,,,,,,,,,,SJS
2021020930,20212022,2,2022-03-11,False,2022-03-12T00:00:00Z,-05:00,-05:00,US/Eastern,OFF,OK,30,Wild,Minnesota,du Minnesota,MIN,2,29,Blue Jackets,Columbus,de Columbus,CBJ,3,5,SO,3,SO,8478007,,/video/min-cbj-331733978,,,,,,,,,,,,,,,,,,,CBJ
2021020929,20212022,2,2022-03-11,False,2022-03-12T00:00:00Z,-05:00,-05:00,US/Eastern,OFF,OK,54,Golden Knights,Vegas,de Vegas,VGK,2,5,Penguins,Pittsburgh,de Pittsburgh,PIT,5,3,REG,3,REG,8477465,8478017.0,/video/vgk-pit-331733208,,,,,,,,,,,,,,,,,,,PIT
2021020928,20212022,2,2022-03-11,False,2022-03-12T00:30:00Z,-05:00,-05:00,America/New_York,OFF,OK,52,Jets,Winnipeg,de Winnipeg,WPG,2,2,Islanders,New York,de New York,NYI,5,3,REG,3,REG,8473575,8475314.0,/video/wpg-nyi-331734970,,,,,,,,,,,,,,,,,,,NYI
2021020931,20212022,2,2022-03-11,False,2022-03-12T03:00:00Z,-05:00,-08:00,America/Vancouver,OFF,OK,15,Capitals,Washington,de Washington,WSH,4,23,Canucks,Vancouver,de Vancouver,VAN,3,4,OT,3,OT,8477970,8474189.0,/video/wsh-van-331738096,,,,,,,,,,,,,,,,,,,WSH
2021020937,20212022,2,2022-03-12,False,2022-03-12T17:30:00Z,-05:00,-06:00,US/Central,OFF,OK,19,Blues,St. Louis,de St. Louis,STL,7,18,Predators,Nashville,de Nashville,NSH,4,3,REG,3,REG,8478024,8480023.0,/video/stl-nsh-331746980,,,,,,,,,,,,,,,,,,,STL
2021020936,20212022,2,2022-03-12,False,2022-03-12T20:00:00Z,-05:00,-05:00,US/Eastern,OFF,OK,4,Flyers,Philadelphia,de Philadelphie,PHI,1,12,Hurricanes,Carolina,de la Caroline,CAR,3,3,REG,3,REG,8475883,8476921.0,/video/phi-car-331752602,,,,,,,,,,,,,,,,,,,CAR
2021020934,20212022,2,2022-03-12,False,2022-03-13T00:00:00Z,-05:00,-05:00,US/Eastern,OFF,OK,16,Blackhawks,Chicago,de Chicago,CHI,6,9,Senators,Ottawa,d'Ottawa,OTT,3,3,REG,3,REG,8470594,8478043.0,/video/chi-ott-331764986,,,Sénateurs,,,,,,,,,,,,,,,,CHI
2021020939,20212022,2,2022-03-12,False,2022-03-13T00:00:00Z,-05:00,-07:00,America/Edmonton,OFF,OK,17,Red Wings,Detroit,de Detroit,DET,0,20,Flames,Calgary,de Calgary,CGY,3,3,REG,3,REG,8474593,8477496.0,/video/det-cgy-331764462,,Markström,,,,,,,,,,,,,,,,,CGY
2021020933,20212022,2,2022-03-12,False,2022-03-13T00:00:00Z,-05:00,-05:00,America/Montreal,OFF,OK,55,Kraken,Seattle,de Seattle,SEA,4,8,Canadiens,Montréal,de Montréal,MTL,3,5,SO,3,SO,8475831,,/video/sea-mtl-331771304,,,,,,,,,,,,,,,,,,,SEA
2021020935,20212022,2,2022-03-12,False,2022-03-13T00:00:00Z,-05:00,-05:00,US/Eastern,OFF,OK,24,Ducks,Anaheim,d'Anaheim,ANA,1,1,Devils,New Jersey,du New Jersey,NJD,2,5,SO,3,SO,8482076,,/video/ana-njd-331767452,,,,,,,,,,,,,,,,,,,NJD
2021020932,20212022,2,2022-03-12,False,2022-03-13T00:00:00Z,-05:00,-05:00,US/Eastern,OFF,OK,53,Coyotes,Arizona,de l'Arizona,ARI,2,6,Bruins,Boston,de Boston,BOS,3,3,REG,3,REG,8480280,8475745.0,/video/ari-bos-331764892,,,,,,,,,,,,,,,,,,,BOS
2021020938,20212022,2,2022-03-12,False,2022-03-13T01:00:00Z,-05:00,-06:00,US/Central,OFF,OK,3,Rangers,New York,de New York,NYR,7,25,Stars,Dallas,de Dallas,DAL,4,3,REG,3,REG,8478048,8475747.0,/video/nyr-dal-331770602,,,,,,,,,,,,,,,,,,,NYR
2021020941,20212022,2,2022-03-12,False,2022-03-13T02:30:00Z,-05:00,-08:00,US/Pacific,OFF,OK,26,Kings,Los Angeles,de Los Angeles,LAK,0,28,Sharks,San Jose,de San Jose,SJS,5,3,REG,3,REG,8478499,8478414.0,/video/lak-sjs-331774718,,,,,,,,,,,,,,,,,,,SJS
2021020940,20212022,2,2022-03-12,False,2022-03-13T03:00:00Z,-05:00,-07:00,America/Edmonton,OFF,OK,14,Lightning,Tampa Bay,de Tampa Bay,TBL,1,22,Oilers,Edmonton,d'Edmonton,EDM,4,3,REG,3,REG,8475156,8478402.0,/video/tbl-edm-331777498,,,,,,,,,,,,,,,,,,,EDM
2021020945,20212022,2,2022-03-13,False,2022-03-13T17:00:00Z,-04:00,-04:00,US/Eastern,OFF,OK,12,Hurricanes,Carolina,de la Caroline,CAR,2,5,Penguins,Pittsburgh,de Pittsburgh,PIT,4,3,REG,3,REG,8477465,8471675.0,/video/car-pit-331787312,,,,,,,,,,,,,,,,,,,PIT
2021020942,20212022,2,2022-03-13,True,2022-03-13T20:00:00Z,-04:00,-04:00,America/Toronto,OFF,OK,10,Maple Leafs,Toronto,de Toronto,TOR,2,7,Sabres,Buffalo,de Buffalo,BUF,5,3,REG,3,REG,8467950,8476994.0,/video/tor-buf-331791626,,,,,,,,,,,,,18.0,2022 Tim Hortons NHL Heritage Classic,Héritage classique NHL,,,,BUF
2021020944,20212022,2,2022-03-13,False,2022-03-13T23:00:00Z,-04:00,-04:00,US/Eastern,OFF,OK,8,Canadiens,Montréal,de Montréal,MTL,4,4,Flyers,Philadelphia,de Philadelphie,PHI,3,4,OT,3,OT,8478470,8481540.0,/video/mtl-phi-331805486,,,,,,,,,,,,,,,,,,,MTL
2021020948,20212022,2,2022-03-13,False,2022-03-13T23:00:00Z,-04:00,-05:00,US/Central,OFF,OK,18,Predators,Nashville,de Nashville,NSH,6,30,Wild,Minnesota,du Minnesota,MIN,2,3,REG,3,REG,8479496,8481577.0,/video/nsh-min-331808168,,,,,,,,,,,,,,,,,,,NSH
2021020947,20212022,2,2022-03-13,False,2022-03-13T23:00:00Z,-04:00,-05:00,US/Central,OFF,OK,52,Jets,Winnipeg,de Winnipeg,WPG,4,19,Blues,St. Louis,de St. Louis,STL,3,4,OT,3,OT,8476945,8479400.0,/video/wpg-stl-331804348,,,,,,,,,,,,,,,,,,,WPG
2021020946,20212022,2,2022-03-13,False,2022-03-13T23:00:00Z,-04:00,-04:00,US/Eastern,OFF,OK,54,Golden Knights,Vegas,de Vegas,VGK,4,29,Blue Jackets,Columbus,de Columbus,CBJ,6,3,REG,3,REG,8478007,8482705.0,/video/vgk-cbj-331803740,,,,,,,,,,,,,,,,,,,CBJ
2021020943,20212022,2,2022-03-13,False,2022-03-13T23:30:00Z,-04:00,-04:00,America/New_York,OFF,OK,24,Ducks,Anaheim,d'Anaheim,ANA,3,2,Islanders,New York,de New York,NYI,4,3,REG,3,REG,8478009,8475151.0,/video/ana-nyi-331807106,,,,,,,,,,,,,,,,,,,NYI
2021020949,20212022,2,2022-03-13,False,2022-03-14T00:00:00Z,-04:00,-06:00,America/Denver,OFF,OK,20,Flames,Calgary,de Calgary,CGY,0,21,Avalanche,Colorado,du Colorado,COL,3,3,REG,3,REG,8475311,8477492.0,/video/cgy-col-331809684,,,,,,,,,,,,,,,,,,,COL
2021020951,20212022,2,2022-03-13,False,2022-03-14T02:00:00Z,-04:00,-07:00,America/Los_Angeles,OFF,OK,13,Panthers,Florida,de la Floride,FLA,2,26,Kings,Los Angeles,de Los Angeles,LAK,3,5,SO,3,SO,8471734,,/video/fla-lak-331815984,,,,,,,,,,,,,,,,,,,LAK
2021020950,20212022,2,2022-03-13,False,2022-03-14T02:00:00Z,-04:00,-07:00,America/Vancouver,OFF,OK,14,Lightning,Tampa Bay,de Tampa Bay,TBL,2,23,Canucks,Vancouver,de Vancouver,VAN,1,3,REG,3,REG,8476883,8479525.0,/video/tbl-van-331815216,,,,,,,,,,,,,,,,,,,TBL
2021020952,20212022,2,2022-03-14,False,2022-03-14T23:30:00Z,-04:00,-04:00,US/Eastern,OFF,OK,53,Coyotes,Arizona,de l'Arizona,ARI,5,9,Senators,Ottawa,d'Ottawa,OTT,3,3,REG,3,REG,8475809,8477951.0,/video/ari-ott-331839610,,,Sénateurs,,,,,,,,,,,,,,,,ARI
2021020953,20212022,2,2022-03-15,False,2022-03-15T23:00:00Z,-04:00,-04:00,America/Toronto,OFF,OK,25,Stars,Dallas,de Dallas,DAL,0,10,Maple Leafs,Toronto,de Toronto,TOR,4,3,REG,3,REG,8478902,8480873.0,/video/dal-tor-331871354,,,,,,,,,,,,,,,,,,,TOR
2021020954,20212022,2,2022-03-15,False,2022-03-15T23:00:00Z,-04:00,-04:00,America/Montreal,OFF,OK,53,Coyotes,Arizona,de l'Arizona,ARI,6,8,Canadiens,Montréal,de Montréal,MTL,3,3,REG,3,REG,8478872,8478474.0,/video/ari-mtl-331872302,,,,,,,,,,,,,,,,,,,ARI
2021020956,20212022,2,2022-03-15,False,2022-03-15T23:00:00Z,-04:00,-04:00,US/Eastern,OFF,OK,2,Islanders,New York,de New York,NYI,3,15,Capitals,Washington,de Washington,WSH,4,5,SO,3,SO,8477970,,/video/nyi-wsh-331876650,,,,,,,,,,,,,,,,,,,WSH
2021020955,20212022,2,2022-03-15,False,2022-03-15T23:00:00Z,-04:00,-04:00,America/New_York,OFF,OK,24,Ducks,Anaheim,d'Anaheim,ANA,3,3,Rangers,New York,de New York,NYR,4,4,OT,3,OT,8480382,8479323.0,/video/ana-nyr-331871700,,,,,,,,,,,,,,,,,,,NYR
2021020959,20212022,2,2022-03-15,False,2022-03-16T00:00:00Z,-04:00,-05:00,America/Winnipeg,OFF,OK,54,Golden Knights,Vegas,de Vegas,VGK,3,52,Jets,Winnipeg,de Winnipeg,WPG,7,3,REG,3,REG,8476945,8479378.0,/video/vgk-wpg-331879648,,,,,,,,,,,,,,,,,,,WPG
2021020958,20212022,2,2022-03-15,False,2022-03-16T00:00:00Z,-04:00,-05:00,US/Central,OFF,OK,5,Penguins,Pittsburgh,de Pittsburgh,PIT,1,18,Predators,Nashville,de Nashville,NSH,4,3,REG,3,REG,8477424,8479661.0,/video/pit-nsh-331879966,,,,,,,,,,,,,,,,,,,NSH
2021020957,20212022,2,2022-03-15,False,2022-03-16T00:30:00Z,-04:00,-05:00,America/Chicago,OFF,OK,6,Bruins,Boston,de Boston,BOS,2,16,Blackhawks,Chicago,de Chicago,CHI,1,4,OT,3,OT,8476999,8476891.0,/video/bos-chi-331886406,,,,,,,,,,,,,,,,,,,BOS
2021020960,20212022,2,2022-03-15,False,2022-03-16T01:00:00Z,-04:00,-06:00,America/Edmonton,OFF,OK,17,Red Wings,Detroit,de Detroit,DET,5,22,Oilers,Edmonton,d'Edmonton,EDM,7,3,REG,3,REG,8475156,8477998.0,/video/det-edm-331887142,,,,,,,,,,,,,,,,,,,EDM
2021020961,20212022,2,2022-03-15,False,2022-03-16T02:00:00Z,-04:00,-07:00,America/Vancouver,OFF,OK,1,Devils,New Jersey,du New Jersey,NJD,3,23,Canucks,Vancouver,de Vancouver,VAN,6,3,REG,3,REG,8477967,8476871.0,/video/njd-van-331891096,,,,,,,,,,,,,,,,,,,VAN
2021020962,20212022,2,2022-03-15,False,2022-03-16T02:30:00Z,-04:00,-07:00,America/Los_Angeles,OFF,OK,21,Avalanche,Colorado,du Colorado,COL,3,26,Kings,Los Angeles,de Los Angeles,LAK,0,3,REG,3,REG,8475311,8477501.0,/video/col-lak-331892272,,,,,,,,,,,,,,,,,,,COL
2021020963,20212022,2,2022-03-15,False,2022-03-16T02:30:00Z,-04:00,-07:00,US/Pacific,OFF,OK,13,Panthers,Florida,de la Floride,FLA,3,28,Sharks,San Jose,de San Jose,SJS,2,4,OT,3,OT,8481519,8478366.0,/video/fla-sjs-331893282,,,,,,,,,,,,,,,,,,,FLA
2021020964,20212022,2,2022-03-16,False,2022-03-16T23:30:00Z,-04:00,-04:00,US/Eastern,OFF,OK,29,Blue Jackets,Columbus,de Columbus,CBJ,4,9,Senators,Ottawa,d'Ottawa,OTT,1,3,REG,3,REG,8478007,8480762.0,,,,Sénateurs,,,,,,,,,,,,,,,,CBJ
2021020965,20212022,2,2022-03-16,False,2022-03-16T23:30:00Z,-04:00,-05:00,US/Central,OFF,OK,6,Bruins,Boston,de Boston,BOS,2,30,Wild,Minnesota,du Minnesota,MIN,4,3,REG,3,REG,8475660,8478413.0,/video/bos-min-331917256,,,,,,,,,,,,,,,,,,,MIN
2021020967,20212022,2,2022-03-16,False,2022-03-17T02:00:00Z,-04:00,-07:00,US/Pacific,OFF,OK,14,Lightning,Tampa Bay,de Tampa Bay,TBL,4,55,Kraken,Seattle,de Seattle,SEA,1,3,REG,3,REG,8476883,8475167.0,/video/tbl-sea-331923288,,,,,,,,,,,,,,,,,,,TBL
2021020966,20212022,2,2022-03-16,False,2022-03-17T02:00:00Z,-04:00,-06:00,America/Edmonton,OFF,OK,1,Devils,New Jersey,du New Jersey,NJD,3,20,Flames,Calgary,de Calgary,CGY,6,3,REG,3,REG,8474593,8479314.0,/video/njd-cgy-331922478,,Markström,,,,,,,,,,,,,,,,,CGY
2021020970,20212022,2,2022-03-17,False,2022-03-17T23:00:00Z,-04:00,-04:00,US/Eastern,OFF,OK,18,Predators,Nashville,de Nashville,NSH,4,4,Flyers,Philadelphia,de Philadelphie,PHI,5,3,REG,3,REG,8479394,8480797.0,/video/nsh-phi-331955070,,,,,,,,,,,,,,,,,,,PHI
2021020328,20212022,2,2022-03-17,False,2022-03-17T23:00:00Z,-04:00,-04:00,America/New_York,OFF,OK,2,Islanders,New York,de New York,NYI,2,3,Rangers,New York,de New York,NYR,1,3,REG,3,REG,8478009,8475151.0,/video/nyi-nyr-331949604,,,,,,,,,,,,,,,,,,,NYI
2021020971,20212022,2,2022-03-17,False,2022-03-17T23:00:00Z,-04:00,-04:00,US/Eastern,OFF,OK,15,Capitals,Washington,de Washington,WSH,7,29,Blue Jackets,Columbus,de Columbus,CBJ,2,3,REG,3,REG,8477970,8480796.0,/video/wsh-cbj-331950172,,,,,,,,,,,,,,,,,,,WSH
2021020969,20212022,2,2022-03-17,False,2022-03-17T23:00:00Z,-04:00,-04:00,America/Montreal,OFF,OK,25,Stars,Dallas,de Dallas,DAL,4,8,Canadiens,Montréal,de Montréal,MTL,3,4,OT,3,OT,8479979,8475906.0,/video/dal-mtl-331952820,,,,,,,,,,,,,,,,,,,DAL
2021020968,20212022,2,2022-03-17,False,2022-03-17T23:00:00Z,-04:00,-04:00,America/Toronto,OFF,OK,12,Hurricanes,Carolina,de la Caroline,CAR,2,10,Maple Leafs,Toronto,de Toronto,TOR,3,3,REG,3,REG,8478902,8478131.0,/video/car-tor-331949138,,,,,,,,,,,,,,,,,,,TOR
2021020972,20212022,2,2022-03-17,False,2022-03-18T00:00:00Z,-04:00,-05:00,US/Central,OFF,OK,5,Penguins,Pittsburgh,de Pittsburgh,PIT,3,19,Blues,St. Louis,de St. Louis,STL,2,5,SO,3,SO,8477465,,/video/pit-stl-331958306,,,,,,,,,,,,,,,,,,,PIT
2021020973,20212022,2,2022-03-17,False,2022-03-18T01:00:00Z,-04:00,-06:00,America/Edmonton,OFF,OK,7,Sabres,Buffalo,de Buffalo,BUF,1,22,Oilers,Edmonton,d'Edmonton,EDM,6,3,REG,3,REG,8469608,8478402.0,/video/buf-edm-331963860,,,,,,,,,,,,,,,,,,,EDM
2021020974,20212022,2,2022-03-17,False,2022-03-18T02:00:00Z,-04:00,-07:00,America/Vancouver,OFF,OK,17,Red Wings,Detroit,de Detroit,DET,1,23,Canucks,Vancouver,de Vancouver,VAN,0,3,REG,3,REG,8477968,8480459.0,/video/det-van-331966798,,,,,,,,,,,,,,,,,,,DET
2021020976,20212022,2,2022-03-17,False,2022-03-18T02:00:00Z,-04:00,-07:00,America/Los_Angeles,OFF,OK,28,Sharks,San Jose,de San Jose,SJS,0,26,Kings,Los Angeles,de Los Angeles,LAK,3,3,REG,3,REG,8477361,8471685.0,/video/sjs-lak-331965886,,,,,,,,,,,,,,,,,,,LAK
2021020975,20212022,2,2022-03-17,False,2022-03-18T02:30:00Z,-04:00,-07:00,US/Pacific,OFF,OK,13,Panthers,Florida,de la Floride,FLA,3,54,Golden Knights,Vegas,de Vegas,VGK,5,3,REG,3,REG,8480313,8478462.0,/video/fla-vgk-331968644,,,,,,,,,,,,,,,,,,,VGK
2021020978,20212022,2,2022-03-18,False,2022-03-18T23:00:00Z,-04:00,-04:00,US/Eastern,OFF,OK,15,Capitals,Washington,de Washington,WSH,4,12,Hurricanes,Carolina,de la Caroline,CAR,3,5,SO,3,SO,8478492,,/video/wsh-car-331991586,,,,,,,,,,,,,,,,,,,WSH
2021020977,20212022,2,2022-03-18,False,2022-03-18T23:00:00Z,-04:00,-04:00,US/Eastern,OFF,OK,4,Flyers,Philadelphia,de Philadelphie,PHI,1,9,Senators,Ottawa,d'Ottawa,OTT,3,3,REG,3,REG,8476341,8480064.0,/video/phi-ott-331990058,,,Sénateurs,,,,,,,,,,,,,,,,OTT
2021020979,20212022,2,2022-03-18,False,2022-03-19T00:00:00Z,-04:00,-05:00,America/Winnipeg,OFF,OK,6,Bruins,Boston,de Boston,BOS,4,52,Jets,Winnipeg,de Winnipeg,WPG,2,3,REG,3,REG,8476999,8475791.0,/video/bos-wpg-331993286,,,,,,,,,,,,,,,,,,,BOS
2021020980,20212022,2,2022-03-18,False,2022-03-19T01:00:00Z,-04:00,-06:00,America/Edmonton,OFF,OK,7,Sabres,Buffalo,de Buffalo,BUF,1,20,Flames,Calgary,de Calgary,CGY,0,4,OT,3,OT,8474682,8479420.0,/video/buf-cgy-331997590,,,,,,,,,,,,,,,,,,,BUF
2021020981,20212022,2,2022-03-18,False,2022-03-19T02:00:00Z,-04:00,-07:00,America/Los_Angeles,OFF,OK,13,Panthers,Florida,de la Floride,FLA,3,24,Ducks,Anaheim,d'Anaheim,ANA,0,3,REG,3,REG,8481519,8476456.0,/video/fla-ana-331999316,,,,,,,,,,,,,,,,,,,FLA
2021020982,20212022,2,2022-03-18,False,2022-03-19T02:30:00Z,-04:00,-07:00,US/Pacific,OFF,OK,21,Avalanche,Colorado,du Colorado,COL,5,28,Sharks,San Jose,de San Jose,SJS,3,3,REG,3,REG,8480925,8477501.0,/video/col-sjs-332000362,,,,,,,,,,,,,,,,,,,COL
2021020988,20212022,2,2022-03-19,False,2022-03-19T18:00:00Z,-04:00,-05:00,US/Central,OFF,OK,16,Blackhawks,Chicago,de Chicago,CHI,1,30,Wild,Minnesota,du Minnesota,MIN,3,3,REG,3,REG,8475660,8477451.0,/video/chi-min-332013972,,,,,,,,,,,,,,,,,,,MIN
2021020985,20212022,2,2022-03-19,False,2022-03-19T18:00:00Z,-04:00,-04:00,America/New_York,OFF,OK,25,Stars,Dallas,de Dallas,DAL,2,2,Islanders,New York,de New York,NYI,4,3,REG,3,REG,8473575,8475754.0,/video/dal-nyi-332013934,,,,,,,,,,,,,,,,,,,NYI
2021020989,20212022,2,2022-03-19,False,2022-03-19T19:00:00Z,-04:00,-06:00,America/Edmonton,OFF,OK,1,Devils,New Jersey,du New Jersey,NJD,3,22,Oilers,Edmonton,d'Edmonton,EDM,6,3,REG,3,REG,8475156,8475169.0,/video/njd-edm-332020828,,,,,,,,,,,,,,,,,,,EDM
2021020992,20212022,2,2022-03-19,False,2022-03-19T20:00:00Z,-04:00,-07:00,US/Pacific,OFF,OK,26,Kings,Los Angeles,de Los Angeles,LAK,1,54,Golden Knights,Vegas,de Vegas,VGK,5,3,REG,3,REG,8480313,8476905.0,/video/lak-vgk-332023814,,,,,,,,,,,,,,,,,,,VGK
2021020991,20212022,2,2022-03-19,False,2022-03-19T21:00:00Z,-04:00,-07:00,America/Phoenix,OFF,OK,5,Penguins,Pittsburgh,de Pittsburgh,PIT,4,53,Coyotes,Arizona,de l'Arizona,ARI,1,3,REG,3,REG,8477465,8471215.0,/video/pit-ari-332027328,,,,,,,,,,,,,,,,,,,PIT
2021020986,20212022,2,2022-03-19,False,2022-03-19T21:00:00Z,-04:00,-04:00,US/Eastern,OFF,OK,19,Blues,St. Louis,de St. Louis,STL,4,29,Blue Jackets,Columbus,de Columbus,CBJ,5,3,REG,3,REG,8476914,8474161.0,/video/stl-cbj-332028396,,,,,,,,,,,,,,,,,,,CBJ
2021020983,20212022,2,2022-03-19,False,2022-03-19T23:00:00Z,-04:00,-04:00,America/Montreal,OFF,OK,9,Senators,Ottawa,d'Ottawa,OTT,1,8,Canadiens,Montréal,de Montréal,MTL,5,3,REG,3,REG,8474596,8474038.0,/video/ott-mtl-332034278,Sénateurs,,,,,,,,,,,,,,,,,,MTL
2021020987,20212022,2,2022-03-19,False,2022-03-19T23:00:00Z,-04:00,-05:00,US/Central,OFF,OK,10,Maple Leafs,Toronto,de Toronto,TOR,3,18,Predators,Nashville,de Nashville,NSH,6,3,REG,3,REG,8477424,8476887.0,/video/tor-nsh-332034236,,,,,,,,,,,,,,,,,,,NSH
2021020984,20212022,2,2022-03-19,False,2022-03-20T00:00:00Z,-04:00,-04:00,US/Eastern,OFF,OK,3,Rangers,New York,de New York,NYR,2,14,Lightning,Tampa Bay,de Tampa Bay,TBL,1,3,REG,3,REG,8478048,8476459.0,/video/nyr-tbl-332040454,,,,,,,,,,,,,,,,,,,NYR
2021020990,20212022,2,2022-03-19,False,2022-03-20T02:00:00Z,-04:00,-07:00,America/Vancouver,OFF,OK,20,Flames,Calgary,de Calgary,CGY,5,23,Canucks,Vancouver,de Vancouver,VAN,2,3,REG,3,REG,8478435,8478397.0,/video/cgy-van-332044684,,,,,,,,,,,,,,,,,,,CGY
2021020993,20212022,2,2022-03-19,False,2022-03-20T02:00:00Z,-04:00,-07:00,US/Pacific,OFF,OK,17,Red Wings,Detroit,de Detroit,DET,2,55,Kraken,Seattle,de Seattle,SEA,4,3,REG,3,REG,8475831,8476826.0,/video/det-sea-332044898,,,,,,,,,,,,,,,,,,,SEA
2021020994,20212022,2,2022-03-20,False,2022-03-20T18:00:00Z,-04:00,-04:00,US/Eastern,OFF,OK,2,Islanders,New York,de New York,NYI,1,4,Flyers,Philadelphia,de Philadelphie,PHI,2,3,REG,3,REG,8479394,8475763.0,,,,,,,,,,,,,,,,,,,,PHI
2021020995,20212022,2,2022-03-20,False,2022-03-20T21:00:00Z,-04:00,-04:00,US/Eastern,OFF,OK,25,Stars,Dallas,de Dallas,DAL,3,15,Capitals,Washington,de Washington,WSH,2,3,REG,3,REG,8479979,8478449.0,/video/dal-wsh-332059150,,,,,,,,,,,,,,,,,,,DAL
2021020996,20212022,2,2022-03-20,False,2022-03-20T22:00:00Z,-04:00,-04:00,US/Eastern,OFF,OK,3,Rangers,New York,de New York,NYR,2,12,Hurricanes,Carolina,de la Caroline,CAR,0,3,REG,3,REG,8480382,8475184.0,/video/nyr-car-332067800,,,,,,,,,,,,,,,,,,,NYR
2021020999,20212022,2,2022-03-20,False,2022-03-20T23:00:00Z,-04:00,-07:00,US/Pacific,OFF,OK,53,Coyotes,Arizona,de l'Arizona,ARI,2,28,Sharks,San Jose,de San Jose,SJS,4,3,REG,3,REG,8473503,8479393.0,/video/ari-sjs-332066788,,,,,,,,,,,,,,,,,,,SJS
2021020997,20212022,2,2022-03-20,False,2022-03-20T23:00:00Z,-04:00,-05:00,America/Chicago,OFF,OK,52,Jets,Winnipeg,de Winnipeg,WPG,6,16,Blackhawks,Chicago,de Chicago,CHI,4,3,REG,3,REG,8476945,8477504.0,/video/wpg-chi-332067600,,,,,,,,,,,,,,,,,,,WPG
2021020998,20212022,2,2022-03-20,False,2022-03-21T02:00:00Z,-04:00,-07:00,America/Vancouver,OFF,OK,7,Sabres,Buffalo,de Buffalo,BUF,3,23,Canucks,Vancouver,de Vancouver,VAN,2,4,OT,3,OT,8467950,8480839.0,/video/buf-van-332072320,,,,,,,,,,,,,,,,,,,BUF
2021020646,20212022,2,2022-03-21,False,2022-03-21T23:00:00Z,-04:00,-04:00,America/Montreal,OFF,OK,6,Bruins,Boston,de Boston,BOS,3,8,Canadiens,Montréal,de Montréal,MTL,2,4,OT,3,OT,8480280,8473419.0,/video/bos-mtl-332106494,,,,,,,,,,,,,,,,,,,BOS
2021021001,20212022,2,2022-03-21,False,2022-03-22T00:00:00Z,-04:00,-05:00,US/Central,OFF,OK,54,Golden Knights,Vegas,de Vegas,VGK,0,30,Wild,Minnesota,du Minnesota,MIN,3,3,REG,3,REG,8475660,8475235.0,/video/vgk-min-332108950,,,,,,,,,,,,,,,,,,,MIN
2021021002,20212022,2,2022-03-21,False,2022-03-22T01:30:00Z,-04:00,-06:00,America/Denver,OFF,OK,22,Oilers,Edmonton,d'Edmonton,EDM,2,21,Avalanche,Colorado,du Colorado,COL,3,4,OT,3,OT,8475311,8477492.0,/video/edm-col-332113072,,,,,,,,,,,,,,,,,,,COL
2021021003,20212022,2,2022-03-21,False,2022-03-22T02:00:00Z,-04:00,-07:00,America/Los_Angeles,OFF,OK,18,Predators,Nashville,de Nashville,NSH,6,24,Ducks,Anaheim,d'Anaheim,ANA,3,3,REG,3,REG,8477424,8475168.0,/video/nsh-ana-332114754,,,,,,,,,,,,,,,,,,,NSH
2021021007,20212022,2,2022-03-22,False,2022-03-22T23:00:00Z,-04:00,-04:00,US/Eastern,OFF,OK,29,Blue Jackets,Columbus,de Columbus,CBJ,1,5,Penguins,Pittsburgh,de Pittsburgh,PIT,5,3,REG,3,REG,8477465,8477404.0,/video/cbj-pit-332145604,,,,,,,,,,,,,,,,,,,PIT
2021021008,20212022,2,2022-03-22,False,2022-03-22T23:00:00Z,-04:00,-04:00,US/Eastern,OFF,OK,19,Blues,St. Louis,de St. Louis,STL,5,15,Capitals,Washington,de Washington,WSH,2,3,REG,3,REG,8478024,8477573.0,/video/stl-wsh-332144836,,,,,,,,,,,,,,,,,,,STL
2021021009,20212022,2,2022-03-22,False,2022-03-22T23:00:00Z,-04:00,-04:00,US/Eastern,OFF,OK,14,Lightning,Tampa Bay,de Tampa Bay,TBL,2,12,Hurricanes,Carolina,de la Caroline,CAR,3,3,REG,3,REG,8475883,8478427.0,/video/tbl-car-332149660,,,,,,,,,,,,,,,,,,,CAR
2021021005,20212022,2,2022-03-22,False,2022-03-22T23:00:00Z,-04:00,-04:00,US/Eastern,OFF,OK,3,Rangers,New York,de New York,NYR,4,1,Devils,New Jersey,du New Jersey,NJD,7,3,REG,3,REG,8482076,8481068.0,/video/nyr-njd-332154912,,,,,,,,,,,,,,,,,,,NJD
2021021021,20212022,2,2022-03-22,False,2022-03-22T23:30:00Z,-04:00,-04:00,America/New_York,OFF,OK,9,Senators,Ottawa,d'Ottawa,OTT,0,2,Islanders,New York,de New York,NYI,3,3,REG,3,REG,8473575,8476429.0,/video/ott-nyi-332150322,Sénateurs,,,,,,,,,,,,,,,,,,NYI
2021021004,20212022,2,2022-03-22,False,2022-03-22T23:30:00Z,-04:00,-04:00,America/Detroit,OFF,OK,4,Flyers,Philadelphia,de Philadelphie,PHI,3,17,Red Wings,Detroit,de Detroit,DET,6,3,REG,3,REG,8477968,8477944.0,/video/phi-det-332152470,,,,,,,,,,,,,,,,,,,DET
2021021011,20212022,2,2022-03-22,False,2022-03-23T00:00:00Z,-04:00,-05:00,America/Winnipeg,OFF,OK,54,Golden Knights,Vegas,de Vegas,VGK,0,52,Jets,Winnipeg,de Winnipeg,WPG,4,3,REG,3,REG,8476945,8479400.0,/video/vgk-wpg-332154472,,,,,,,,,,,,,,,,,,,WPG
2021021010,20212022,2,2022-03-22,False,2022-03-23T00:30:00Z,-04:00,-05:00,US/Central,OFF,OK,22,Oilers,Edmonton,d'Edmonton,EDM,3,25,Stars,Dallas,de Dallas,DAL,5,3,REG,3,REG,8479979,8478495.0,/video/edm-dal-332156650,,,,,,,,,,,,,,,,,,,DAL
2021021012,20212022,2,2022-03-22,False,2022-03-23T01:00:00Z,-04:00,-06:00,America/Edmonton,OFF,OK,28,Sharks,San Jose,de San Jose,SJS,4,20,Flames,Calgary,de Calgary,CGY,3,3,REG,3,REG,8473503,8474053.0,/video/sjs-cgy-332160256,,,,,,,,,,,,,,,,,,,SJS
2021021017,20212022,2,2022-03-22,False,2022-03-23T02:00:00Z,-04:00,-07:00,America/Phoenix,OFF,OK,55,Kraken,Seattle,de Seattle,SEA,4,53,Coyotes,Arizona,de l'Arizona,ARI,2,3,REG,3,REG,8475831,8477369.0,/video/sea-ari-332163816,,,,,,,,,,,,,,,,,,,SEA
2021021013,20212022,2,2022-03-22,False,2022-03-23T02:30:00Z,-04:00,-07:00,America/Los_Angeles,OFF,OK,18,Predators,Nashville,de Nashville,NSH,1,26,Kings,Los Angeles,de Los Angeles,LAK,6,3,REG,3,REG,8471734,8481560.0,/video/nsh-lak-332165796,,,,,,,,,,,,,,,,,,,LAK
2021021015,20212022,2,2022-03-23,False,2022-03-23T23:00:00Z,-04:00,-04:00,America/Toronto,OFF,OK,1,Devils,New Jersey,du New Jersey,NJD,2,10,Maple Leafs,Toronto,de Toronto,TOR,3,3,REG,3,REG,8475852,8478115.0,/video/njd-tor-332188244,,,,,,,,,,,,,,,,,,,TOR
2021021014,20212022,2,2022-03-23,False,2022-03-23T23:30:00Z,-04:00,-04:00,America/New_York,OFF,OK,5,Penguins,Pittsburgh,de Pittsburgh,PIT,3,7,Sabres,Buffalo,de Buffalo,BUF,4,5,SO,3,SO,8467950,,/video/pit-buf-332189322,,,,,,,,,,,,,,,,,,,BUF
2021021016,20212022,2,2022-03-23,False,2022-03-24T01:30:00Z,-04:00,-06:00,America/Denver,OFF,OK,23,Canucks,Vancouver,de Vancouver,VAN,3,21,Avalanche,Colorado,du Colorado,COL,1,3,REG,3,REG,8470860,8476468.0,/video/van-col-332192694,,,,,,,,,,,,,,,,,,,VAN
2021021018,20212022,2,2022-03-23,False,2022-03-24T02:00:00Z,-04:00,-07:00,America/Los_Angeles,OFF,OK,16,Blackhawks,Chicago,de Chicago,CHI,4,24,Ducks,Anaheim,d'Anaheim,ANA,2,3,REG,3,REG,8480947,8478440.0,/video/chi-ana-332194100,,,,,,,,,,,,,,,,,,,CHI
2021021020,20212022,2,2022-03-24,False,2022-03-24T23:00:00Z,-04:00,-04:00,America/Montreal,OFF,OK,13,Panthers,Florida,de la Floride,FLA,4,8,Canadiens,Montréal,de Montréal,MTL,3,3,REG,3,REG,8481519,8477933.0,/video/fla-mtl-332220028,,,,,,,,,,,,,,,,,,,FLA
2021021022,20212022,2,2022-03-24,False,2022-03-24T23:00:00Z,-04:00,-04:00,US/Eastern,OFF,OK,25,Stars,Dallas,de Dallas,DAL,4,12,Hurricanes,Carolina,de la Caroline,CAR,3,5,SO,3,SO,8475809,,/video/dal-car-332221790,,,,,,,,,,,,,,,,,,,DAL
2021021019,20212022,2,2022-03-24,False,2022-03-24T23:00:00Z,-04:00,-04:00,US/Eastern,OFF,OK,14,Lightning,Tampa Bay,de Tampa Bay,TBL,2,6,Bruins,Boston,de Boston,BOS,3,3,REG,3,REG,8480280,8477956.0,/video/tbl-bos-332221372,,,,,,,,,,,,,,,,,,,BOS
2021020545,20212022,2,2022-03-24,False,2022-03-24T23:30:00Z,-04:00,-04:00,America/New_York,OFF,OK,17,Red Wings,Detroit,de Detroit,DET,2,2,Islanders,New York,de New York,NYI,5,3,REG,3,REG,8478009,8475754.0,/video/det-nyi-332221746,,,,,,,,,,,,,,,,,,,NYI
2021021023,20212022,2,2022-03-24,False,2022-03-25T00:00:00Z,-04:00,-05:00,US/Central,OFF,OK,4,Flyers,Philadelphia,de Philadelphie,PHI,5,19,Blues,St. Louis,de St. Louis,STL,2,3,REG,3,REG,8474889,8478439.0,/video/phi-stl-332226280,,,,,,,,,,,,,,,,,,,PHI
2021020675,20212022,2,2022-03-24,False,2022-03-25T00:00:00Z,-04:00,-05:00,America/Winnipeg,OFF,OK,9,Senators,Ottawa,d'Ottawa,OTT,5,52,Jets,Winnipeg,de Winnipeg,WPG,2,3,REG,3,REG,8476341,8478400.0,/video/ott-wpg-332226732,Sénateurs,,,,,,,,,,,,,,,,,,OTT
2021021024,20212022,2,2022-03-24,False,2022-03-25T00:00:00Z,-04:00,-05:00,US/Central,OFF,OK,23,Canucks,Vancouver,de Vancouver,VAN,2,30,Wild,Minnesota,du Minnesota,MIN,3,4,OT,3,OT,8475660,8478493.0,,,,,,,,,,,,,,,,,,,,MIN
2021021025,20212022,2,2022-03-24,False,2022-03-25T01:00:00Z,-04:00,-06:00,America/Edmonton,OFF,OK,28,Sharks,San Jose,de San Jose,SJS,2,22,Oilers,Edmonton,d'Edmonton,EDM,5,3,REG,3,REG,8469608,8473544.0,/video/sjs-edm-332234366,,,,,,,,,,,,,,,,,,,EDM
2021021026,20212022,2,2022-03-24,False,2022-03-25T02:00:00Z,-04:00,-07:00,US/Pacific,OFF,OK,18,Predators,Nashville,de Nashville,NSH,1,54,Golden Knights,Vegas,de Vegas,VGK,6,3,REG,3,REG,8480313,8478462.0,/video/nsh-vgk-332238044,,,,,,,,,,,,,,,,,,,VGK
2021021027,20212022,2,2022-03-24,False,2022-03-25T02:00:00Z,-04:00,-07:00,America/Los_Angeles,OFF,OK,16,Blackhawks,Chicago,de Chicago,CHI,4,26,Kings,Los Angeles,de Los Angeles,LAK,3,5,SO,3,SO,8480420,,/video/chi-lak-332238348,,,,,,,,,,,,,,,,,,,CHI
2021021029,20212022,2,2022-03-25,False,2022-03-25T23:00:00Z,-04:00,-04:00,America/New_York,OFF,OK,5,Penguins,Pittsburgh,de Pittsburgh,PIT,1,3,Rangers,New York,de New York,NYR,5,3,REG,3,REG,8478048,8475184.0,/video/pit-nyr-332268300,,,,,,,,,,,,,,,,,,,NYR
2021021028,20212022,2,2022-03-25,False,2022-03-25T23:00:00Z,-04:00,-04:00,America/New_York,OFF,OK,15,Capitals,Washington,de Washington,WSH,4,7,Sabres,Buffalo,de Buffalo,BUF,3,5,SO,3,SO,8478492,,/video/wsh-buf-332269186,,,,,,,,,,,,,,,,,,,WSH
2021021030,20212022,2,2022-03-25,False,2022-03-26T00:00:00Z,-04:00,-05:00,America/Winnipeg,OFF,OK,29,Blue Jackets,Columbus,de Columbus,CBJ,3,52,Jets,Winnipeg,de Winnipeg,WPG,4,4,OT,3,OT,8477480,8477940.0,/video/cbj-wpg-332272444,,,,,,,,,,,,,,,,,,,WPG
2021021031,20212022,2,2022-03-25,False,2022-03-26T01:00:00Z,-04:00,-06:00,America/Denver,OFF,OK,4,Flyers,Philadelphia,de Philadelphie,PHI,3,21,Avalanche,Colorado,du Colorado,COL,6,3,REG,3,REG,8480925,8478420.0,/video/phi-col-332276014,,,,,,,,,,,,,,,,,,,COL
2021021032,20212022,2,2022-03-25,False,2022-03-26T01:00:00Z,-04:00,-06:00,America/Edmonton,OFF,OK,53,Coyotes,Arizona,de l'Arizona,ARI,2,20,Flames,Calgary,de Calgary,CGY,4,3,REG,3,REG,8474593,8476346.0,/video/ari-cgy-332274778,,Markström,,,,,,,,,,,,,,,,,CGY
2021021037,20212022,2,2022-03-26,False,2022-03-26T16:30:00Z,-04:00,-04:00,America/Detroit,OFF,OK,14,Lightning,Tampa Bay,de Tampa Bay,TBL,2,17,Red Wings,Detroit,de Detroit,DET,1,4,OT,3,OT,8470880,8478010.0,/video/tbl-det-332289894,,,,,,,,,,,,,,,,,,,TBL
2021021034,20212022,2,2022-03-26,False,2022-03-26T16:30:00Z,-04:00,-04:00,US/Eastern,OFF,OK,2,Islanders,New York,de New York,NYI,3,6,Bruins,Boston,de Boston,BOS,6,3,REG,3,REG,8476999,8473419.0,/video/nyi-bos-332287968,,,,,,,,,,,,,,,,,,,BOS
2021021043,20212022,2,2022-03-26,False,2022-03-26T19:00:00Z,-04:00,-07:00,US/Pacific,OFF,OK,16,Blackhawks,Chicago,de Chicago,CHI,4,54,Golden Knights,Vegas,de Vegas,VGK,5,4,OT,3,OT,8480313,8474149.0,/video/chi-vgk-332293566,,,,,,,,,,,,,,,,,,,VGK
2021021036,20212022,2,2022-03-26,False,2022-03-26T23:00:00Z,-04:00,-04:00,US/Eastern,OFF,OK,13,Panthers,Florida,de la Floride,FLA,4,9,Senators,Ottawa,d'Ottawa,OTT,3,5,SO,3,SO,8475683,,/video/fla-ott-332306686,,,Sénateurs,,,,,,,,,,,,,,,,FLA
2021021038,20212022,2,2022-03-26,False,2022-03-26T23:00:00Z,-04:00,-04:00,US/Eastern,OFF,OK,1,Devils,New Jersey,du New Jersey,NJD,3,15,Capitals,Washington,de Washington,WSH,4,3,REG,3,REG,8477970,8471214.0,/video/njd-wsh-332305306,,,,,,,,,,,,,,,,,,,WSH
2021021035,20212022,2,2022-03-26,False,2022-03-26T23:00:00Z,-04:00,-04:00,America/Montreal,OFF,OK,10,Maple Leafs,Toronto,de Toronto,TOR,2,8,Canadiens,Montréal,de Montréal,MTL,4,3,REG,3,REG,8474596,8474038.0,/video/tor-mtl-332304186,,,,,,,,,,,,,,,,,,,MTL
2021021040,20212022,2,2022-03-26,False,2022-03-26T23:00:00Z,-04:00,-05:00,US/Central,OFF,OK,23,Canucks,Vancouver,de Vancouver,VAN,4,25,Stars,Dallas,de Dallas,DAL,1,3,REG,3,REG,8477967,8480012.0,/video/van-dal-332305634,,,,,,,,,,,,,,,,,,,VAN
2021021041,20212022,2,2022-03-26,False,2022-03-27T00:00:00Z,-04:00,-05:00,US/Central,OFF,OK,29,Blue Jackets,Columbus,de Columbus,CBJ,2,30,Wild,Minnesota,du Minnesota,MIN,3,4,OT,3,OT,8470594,8474716.0,,,,,,,,,,,,,,,,,,,,MIN
2021021039,20212022,2,2022-03-26,False,2022-03-27T00:00:00Z,-04:00,-05:00,US/Central,OFF,OK,12,Hurricanes,Carolina,de la Caroline,CAR,7,19,Blues,St. Louis,de St. Louis,STL,2,3,REG,3,REG,8477293,8477488.0,/video/car-stl-332308860,,,,,,,,,,,,,,,,,,,CAR
2021021042,20212022,2,2022-03-26,False,2022-03-27T02:00:00Z,-04:00,-06:00,America/Edmonton,OFF,OK,22,Oilers,Edmonton,d'Edmonton,EDM,5,20,Flames,Calgary,de Calgary,CGY,9,3,REG,3,REG,8474593,8479314.0,/video/edm-cgy-332317202,,Markström,,,,,,,,,,,,,,,,,CGY
2021021044,20212022,2,2022-03-26,False,2022-03-27T02:30:00Z,-04:00,-07:00,America/Los_Angeles,OFF,OK,55,Kraken,Seattle,de Seattle,SEA,2,26,Kings,Los Angeles,de Los Angeles,LAK,4,3,REG,3,REG,8477361,8481606.0,/video/sea-lak-332318210,,,,,,,,,,,,,,,,,,,LAK
2021021045,20212022,2,2022-03-26,False,2022-03-27T02:30:00Z,-04:00,-07:00,US/Pacific,OFF,OK,24,Ducks,Anaheim,d'Anaheim,ANA,1,28,Sharks,San Jose,de San Jose,SJS,4,3,REG,3,REG,8473503,8478414.0,/video/ana-sjs-332318314,,,,,,,,,,,,,,,,,,,SJS
2021021048,20212022,2,2022-03-27,False,2022-03-27T18:00:00Z,-04:00,-04:00,America/New_York,OFF,OK,14,Lightning,Tampa Bay,de Tampa Bay,TBL,4,2,Islanders,New York,de New York,NYI,1,3,REG,3,REG,8476883,8473986.0,/video/tbl-nyi-332327342,,,,,,,,,,,,,,,,,,,TBL
2021021050,20212022,2,2022-03-27,False,2022-03-27T21:00:00Z,-04:00,-04:00,US/Eastern,OFF,OK,17,Red Wings,Detroit,de Detroit,DET,2,5,Penguins,Pittsburgh,de Pittsburgh,PIT,11,3,REG,3,REG,8477465,8471215.0,/video/det-pit-332337202,,,,,,,,,,,,,,,,,,,PIT
2021021049,20212022,2,2022-03-27,False,2022-03-27T21:00:00Z,-04:00,-04:00,America/New_York,OFF,OK,7,Sabres,Buffalo,de Buffalo,BUF,4,3,Rangers,New York,de New York,NYR,5,4,OT,3,OT,8480382,8480817.0,/video/buf-nyr-332336452,,,,,,,,,,,,,,,,,,,NYR
2021021051,20212022,2,2022-03-27,False,2022-03-27T22:00:00Z,-04:00,-05:00,US/Central,OFF,OK,4,Flyers,Philadelphia,de Philadelphie,PHI,4,18,Predators,Nashville,de Nashville,NSH,5,3,REG,3,REG,8477424,8479661.0,/video/phi-nsh-332340652,,,,,,,,,,,,,,,,,,,NSH
2021021052,20212022,2,2022-03-27,False,2022-03-27T22:00:00Z,-04:00,-05:00,US/Central,OFF,OK,21,Avalanche,Colorado,du Colorado,COL,2,30,Wild,Minnesota,du Minnesota,MIN,3,4,OT,3,OT,8475660,8477942.0,,,,,,,,,,,,,,,,,,,,MIN
2021021046,20212022,2,2022-03-27,False,2022-03-27T23:00:00Z,-04:00,-04:00,America/Toronto,OFF,OK,13,Panthers,Florida,de la Floride,FLA,2,10,Maple Leafs,Toronto,de Toronto,TOR,5,3,REG,3,REG,8475852,8475166.0,/video/fla-tor-332343972,,,,,,,,,,,,,,,,,,,TOR
2021021047,20212022,2,2022-03-27,False,2022-03-27T23:00:00Z,-04:00,-04:00,US/Eastern,OFF,OK,8,Canadiens,Montréal,de Montréal,MTL,2,1,Devils,New Jersey,du New Jersey,NJD,3,5,SO,3,SO,8482076,,/video/mtl-njd-332346604,,,,,,,,,,,,,,,,,,,NJD
2021021053,20212022,2,2022-03-27,False,2022-03-27T23:00:00Z,-04:00,-05:00,America/Winnipeg,OFF,OK,53,Coyotes,Arizona,de l'Arizona,ARI,1,52,Jets,Winnipeg,de Winnipeg,WPG,2,4,OT,3,OT,8476945,8476460.0,/video/ari-wpg-332345004,,,,,,,,,,,,,,,,,,,WPG
2021021054,20212022,2,2022-03-28,False,2022-03-28T23:00:00Z,-04:00,-04:00,US/Eastern,OFF,OK,12,Hurricanes,Carolina,de la Caroline,CAR,6,15,Capitals,Washington,de Washington,WSH,1,3,REG,3,REG,8475883,8480039.0,/video/car-wsh-332372914,,,,,,,,,,,,,,,,,,,CAR
2021021056,20212022,2,2022-03-28,False,2022-03-28T23:30:00Z,-04:00,-05:00,US/Central,OFF,OK,23,Canucks,Vancouver,de Vancouver,VAN,1,19,Blues,St. Louis,de St. Louis,STL,4,3,REG,3,REG,8478024,8474102.0,/video/van-stl-332373802,,,,,,,,,,,,,,,,,,,STL
2021021055,20212022,2,2022-03-28,False,2022-03-29T00:30:00Z,-04:00,-05:00,America/Chicago,OFF,OK,7,Sabres,Buffalo,de Buffalo,BUF,6,16,Blackhawks,Chicago,de Chicago,CHI,5,3,REG,3,REG,8474682,8479420.0,/video/buf-chi-332378302,,,,,,,,,,,,,,,,,,,BUF
2021021057,20212022,2,2022-03-28,False,2022-03-29T01:30:00Z,-04:00,-06:00,America/Edmonton,OFF,OK,53,Coyotes,Arizona,de l'Arizona,ARI,1,22,Oilers,Edmonton,d'Edmonton,EDM,6,3,REG,3,REG,8475156,8480802.0,/video/ari-edm-332380486,,,,,,,,,,,,,,,,,,,EDM
2021021058,20212022,2,2022-03-28,False,2022-03-29T02:30:00Z,-04:00,-07:00,America/Los_Angeles,OFF,OK,55,Kraken,Seattle,de Seattle,SEA,6,26,Kings,Los Angeles,de Los Angeles,LAK,1,3,REG,3,REG,8476904,8476457.0,/video/sea-lak-332382834,,,,,,,,,,,,,,,,,,,SEA
2021021060,20212022,2,2022-03-29,False,2022-03-29T23:00:00Z,-04:00,-04:00,US/Eastern,OFF,OK,12,Hurricanes,Carolina,de la Caroline,CAR,3,14,Lightning,Tampa Bay,de Tampa Bay,TBL,4,4,OT,3,OT,8476883,8474564.0,/video/car-tbl-332413324,,,,,,,,,,,,,,,,,,,TBL
2021021062,20212022,2,2022-03-29,False,2022-03-29T23:00:00Z,-04:00,-04:00,US/Eastern,OFF,OK,3,Rangers,New York,de New York,NYR,3,5,Penguins,Pittsburgh,de Pittsburgh,PIT,2,3,REG,3,REG,8478048,8475184.0,/video/nyr-pit-332412644,,,,,,,,,,,,,,,,,,,NYR
2021021063,20212022,2,2022-03-29,False,2022-03-29T23:00:00Z,-04:00,-04:00,US/Eastern,OFF,OK,2,Islanders,New York,de New York,NYI,4,29,Blue Jackets,Columbus,de Columbus,CBJ,3,3,REG,3,REG,8473575,8470610.0,/video/nyi-cbj-332412714,,,,,,,,,,,,,,,,,,,NYI
2021021061,20212022,2,2022-03-29,False,2022-03-29T23:00:00Z,-04:00,-04:00,US/Eastern,OFF,OK,8,Canadiens,Montréal,de Montréal,MTL,4,13,Panthers,Florida,de la Floride,FLA,7,3,REG,3,REG,8475683,8476456.0,/video/mtl-fla-332415722,,,,,,,,,,,,,,,,,,,FLA
2021021059,20212022,2,2022-03-29,False,2022-03-29T23:00:00Z,-04:00,-04:00,US/Eastern,OFF,OK,10,Maple Leafs,Toronto,de Toronto,TOR,6,6,Bruins,Boston,de Boston,BOS,4,3,REG,3,REG,8478902,8479318.0,/video/tor-bos-332413510,,,,,,,,,,,,,,,,,,,TOR
2021021065,20212022,2,2022-03-29,False,2022-03-30T00:00:00Z,-04:00,-05:00,US/Central,OFF,OK,4,Flyers,Philadelphia,de Philadelphie,PHI,1,30,Wild,Minnesota,du Minnesota,MIN,4,3,REG,3,REG,8470594,8478864.0,/video/phi-min-332420278,,,,,,,,,,,,,,,,,,,MIN
2021021064,20212022,2,2022-03-29,False,2022-03-30T00:00:00Z,-04:00,-05:00,US/Central,OFF,OK,9,Senators,Ottawa,d'Ottawa,OTT,1,18,Predators,Nashville,de Nashville,NSH,4,3,REG,3,REG,8477424,8477446.0,/video/ott-nsh-332421826,Sénateurs,,,,,,,,,,,,,,,,,,NSH
2021021066,20212022,2,2022-03-29,False,2022-03-30T01:00:00Z,-04:00,-06:00,America/Edmonton,OFF,OK,21,Avalanche,Colorado,du Colorado,COL,2,20,Flames,Calgary,de Calgary,CGY,1,3,REG,3,REG,8475311,8477501.0,/video/col-cgy-332423900,,,,,,,,,,,,,,,,,,,COL
2021021067,20212022,2,2022-03-29,False,2022-03-30T02:00:00Z,-04:00,-07:00,America/Los_Angeles,OFF,OK,25,Stars,Dallas,de Dallas,DAL,3,24,Ducks,Anaheim,d'Anaheim,ANA,2,3,REG,3,REG,8479979,8480216.0,/video/dal-ana-332426408,,,,,,,,,,,,,,,,,,,DAL
2021021068,20212022,2,2022-03-30,False,2022-03-30T23:00:00Z,-04:00,-04:00,America/New_York,OFF,OK,52,Jets,Winnipeg,de Winnipeg,WPG,3,7,Sabres,Buffalo,de Buffalo,BUF,2,5,SO,3,SO,8476945,,/video/wpg-buf-332451426,,,,,,,,,,,,,,,,,,,WPG
2021021069,20212022,2,2022-03-30,False,2022-03-30T23:30:00Z,-04:00,-04:00,America/Detroit,OFF,OK,3,Rangers,New York,de New York,NYR,5,17,Red Wings,Detroit,de Detroit,DET,4,4,OT,3,OT,8480382,8477429.0,/video/nyr-det-332453280,,,,,,,,,,,,,,,,,,,NYR
2021021070,20212022,2,2022-03-30,False,2022-03-31T01:30:00Z,-04:00,-06:00,America/Edmonton,OFF,OK,26,Kings,Los Angeles,de Los Angeles,LAK,3,22,Oilers,Edmonton,d'Edmonton,EDM,4,5,SO,3,SO,8475156,,/video/lak-edm-332461174,,,,,,,,,,,,,,,,,,,EDM
2021021073,20212022,2,2022-03-30,False,2022-03-31T02:00:00Z,-04:00,-07:00,US/Pacific,OFF,OK,54,Golden Knights,Vegas,de Vegas,VGK,3,55,Kraken,Seattle,de Seattle,SEA,0,3,REG,3,REG,8480313,8477447.0,/video/vgk-sea-332462792,,,,,,,,,,,,,,,,,,,VGK
2021021072,20212022,2,2022-03-30,False,2022-03-31T02:00:00Z,-04:00,-07:00,America/Phoenix,OFF,OK,28,Sharks,San Jose,de San Jose,SJS,2,53,Coyotes,Arizona,de l'Arizona,ARI,5,3,REG,3,REG,8478872,8480890.0,/video/sjs-ari-332461976,,,,,,,,,,,,,,,,,,,ARI
2021021071,20212022,2,2022-03-30,False,2022-03-31T02:00:00Z,-04:00,-07:00,America/Vancouver,OFF,OK,19,Blues,St. Louis,de St. Louis,STL,4,23,Canucks,Vancouver,de Vancouver,VAN,3,3,REG,3,REG,8478024,8477573.0,/video/stl-van-332462146,,,,,,,,,,,,,,,,,,,STL
2021021077,20212022,2,2022-03-31,False,2022-03-31T23:00:00Z,-04:00,-04:00,America/New_York,OFF,OK,29,Blue Jackets,Columbus,de Columbus,CBJ,2,2,Islanders,New York,de New York,NYI,5,3,REG,3,REG,8473575,8475151.0,/video/cbj-nyi-332492664,,,,,,,,,,,,,,,,,,,NYI
2021021075,20212022,2,2022-03-31,False,2022-03-31T23:00:00Z,-04:00,-04:00,America/Toronto,OFF,OK,52,Jets,Winnipeg,de Winnipeg,WPG,3,10,Maple Leafs,Toronto,de Toronto,TOR,7,3,REG,3,REG,8478902,8477939.0,/video/wpg-tor-332496270,,,,,,,,,,,,,,,,,,,TOR
2021021078,20212022,2,2022-03-31,False,2022-03-31T23:00:00Z,-04:00,-04:00,US/Eastern,OFF,OK,8,Canadiens,Montréal,de Montréal,MTL,0,12,Hurricanes,Carolina,de la Caroline,CAR,4,3,REG,3,REG,8475883,8478427.0,/video/mtl-car-332494136,,,,,,,,,,,,,,,,,,,CAR
2021021076,20212022,2,2022-03-31,False,2022-03-31T23:00:00Z,-04:00,-04:00,US/Eastern,OFF,OK,16,Blackhawks,Chicago,de Chicago,CHI,0,13,Panthers,Florida,de la Floride,FLA,4,3,REG,3,REG,8475683,8477493.0,/video/chi-fla-332493890,,,,,,,,,,,,,,,,,,,FLA
2021021074,20212022,2,2022-03-31,False,2022-03-31T23:00:00Z,-04:00,-04:00,US/Eastern,OFF,OK,1,Devils,New Jersey,du New Jersey,NJD,1,6,Bruins,Boston,de Boston,BOS,8,3,REG,3,REG,8476999,8478498.0,/video/njd-bos-332497668,,,,,,,,,,,,,,,,,,,BOS
2021021079,20212022,2,2022-03-31,False,2022-04-01T00:00:00Z,-04:00,-05:00,US/Central,OFF,OK,5,Penguins,Pittsburgh,de Pittsburgh,PIT,4,30,Wild,Minnesota,du Minnesota,MIN,3,4,OT,3,OT,8479193,8471215.0,,,,,,,,,,,,,,,,,,,,PIT
2021021080,20212022,2,2022-03-31,False,2022-04-01T01:00:00Z,-04:00,-06:00,America/Denver,OFF,OK,28,Sharks,San Jose,de San Jose,SJS,2,21,Avalanche,Colorado,du Colorado,COL,4,3,REG,3,REG,8480925,8478420.0,/video/sjs-col-332506060,,,,,,,,,,,,,,,,,,,COL
2021021081,20212022,2,2022-03-31,False,2022-04-01T01:00:00Z,-04:00,-06:00,America/Edmonton,OFF,OK,26,Kings,Los Angeles,de Los Angeles,LAK,3,20,Flames,Calgary,de Calgary,CGY,2,5,SO,3,SO,8477361,,/video/lak-cgy-332507444,,,,,,,,,,,,,,,,,,,LAK
2021021082,20212022,2,2022-03-31,False,2022-04-01T02:00:00Z,-04:00,-07:00,America/Los_Angeles,OFF,OK,25,Stars,Dallas,de Dallas,DAL,3,24,Ducks,Anaheim,d'Anaheim,ANA,2,4,OT,3,OT,8479979,8473994.0,/video/dal-ana-332509182,,,,,,,,,,,,,,,,,,,DAL
2021021083,20212022,2,2022-04-01,False,2022-04-01T23:00:00Z,-04:00,-04:00,America/New_York,OFF,OK,18,Predators,Nashville,de Nashville,NSH,3,7,Sabres,Buffalo,de Buffalo,BUF,4,3,REG,3,REG,8467950,8478109.0,/video/nsh-buf-332536344,,,,,,,,,,,,,,,,,,,BUF
2021021085,20212022,2,2022-04-01,False,2022-04-01T23:00:00Z,-04:00,-04:00,US/Eastern,OFF,OK,16,Blackhawks,Chicago,de Chicago,CHI,2,14,Lightning,Tampa Bay,de Tampa Bay,TBL,5,3,REG,3,REG,8476883,8479525.0,/video/chi-tbl-332535670,,,,,,,,,,,,,,,,,,,TBL
2021021086,20212022,2,2022-04-01,False,2022-04-01T23:00:00Z,-04:00,-04:00,America/New_York,OFF,OK,2,Islanders,New York,de New York,NYI,3,3,Rangers,New York,de New York,NYR,0,3,REG,3,REG,8473575,8475231.0,/video/nyi-nyr-332535400,,,,,,,,,,,,,,,,,,,NYI
2021021084,20212022,2,2022-04-01,False,2022-04-01T23:30:00Z,-04:00,-04:00,America/Detroit,OFF,OK,9,Senators,Ottawa,d'Ottawa,OTT,5,17,Red Wings,Detroit,de Detroit,DET,2,3,REG,3,REG,8481544,8478472.0,/video/ott-det-332540796,Sénateurs,Søgaard,,,,,,,,,,,,,,,,,OTT
2021021087,20212022,2,2022-04-01,False,2022-04-02T01:00:00Z,-04:00,-06:00,America/Edmonton,OFF,OK,19,Blues,St. Louis,de St. Louis,STL,5,22,Oilers,Edmonton,d'Edmonton,EDM,6,4,OT,3,OT,8469608,8478402.0,/video/stl-edm-332542888,,,,,,,,,,,,,,,,,,,EDM
2021021089,20212022,2,2022-04-01,False,2022-04-02T02:00:00Z,-04:00,-07:00,US/Pacific,OFF,OK,54,Golden Knights,Vegas,de Vegas,VGK,5,55,Kraken,Seattle,de Seattle,SEA,2,3,REG,3,REG,8480313,8477447.0,/video/vgk-sea-332546568,,,,,,,,,,,,,,,,,,,VGK
2021021088,20212022,2,2022-04-01,False,2022-04-02T02:30:00Z,-04:00,-07:00,America/Phoenix,OFF,OK,24,Ducks,Anaheim,d'Anaheim,ANA,5,53,Coyotes,Arizona,de l'Arizona,ARI,0,3,REG,3,REG,8476932,8480806.0,/video/ana-ari-332547680,,,,,,,,,,,,,,,,,,,ANA
2021021092,20212022,2,2022-04-02,False,2022-04-02T16:30:00Z,-04:00,-04:00,US/Eastern,OFF,OK,13,Panthers,Florida,de la Floride,FLA,7,1,Devils,New Jersey,du New Jersey,NJD,6,4,OT,3,OT,8481519,8478055.0,/video/fla-njd-332559346,,,,,,,,,,,,,,,,,,,FLA
2021021097,20212022,2,2022-04-02,False,2022-04-02T19:00:00Z,-04:00,-06:00,America/Denver,OFF,OK,5,Penguins,Pittsburgh,de Pittsburgh,PIT,2,21,Avalanche,Colorado,du Colorado,COL,3,3,REG,3,REG,8475311,8478038.0,/video/pit-col-332562882,,,,,,,,,,,,,,,,,,,COL
2021021091,20212022,2,2022-04-02,False,2022-04-02T23:00:00Z,-04:00,-04:00,US/Eastern,OFF,OK,8,Canadiens,Montréal,de Montréal,MTL,5,14,Lightning,Tampa Bay,de Tampa Bay,TBL,4,5,SO,3,SO,8474596,,/video/mtl-tbl-332575474,,,,,,,,,,,,,,,,,,,MTL
2021021090,20212022,2,2022-04-02,False,2022-04-02T23:00:00Z,-04:00,-04:00,US/Eastern,OFF,OK,29,Blue Jackets,Columbus,de Columbus,CBJ,2,6,Bruins,Boston,de Boston,BOS,5,3,REG,3,REG,8480280,8475287.0,/video/cbj-bos-332574468,,,,,,,,,,,,,,,,,,,BOS
2021021093,20212022,2,2022-04-02,False,2022-04-02T23:00:00Z,-04:00,-04:00,US/Eastern,OFF,OK,10,Maple Leafs,Toronto,de Toronto,TOR,6,4,Flyers,Philadelphia,de Philadelphie,PHI,3,3,REG,3,REG,8475789,8478115.0,/video/tor-phi-332573702,,,,,,,,,,,,,,,,,,,TOR
2021021094,20212022,2,2022-04-02,False,2022-04-02T23:00:00Z,-04:00,-04:00,US/Eastern,OFF,OK,30,Wild,Minnesota,du Minnesota,MIN,3,12,Hurricanes,Carolina,de la Caroline,CAR,1,3,REG,3,REG,8470594,8475179.0,/video/min-car-332574304,,,,,,,,,,,,,,,,,,,MIN
2021021096,20212022,2,2022-04-02,False,2022-04-02T23:00:00Z,-04:00,-05:00,America/Winnipeg,OFF,OK,26,Kings,Los Angeles,de Los Angeles,LAK,3,52,Jets,Winnipeg,de Winnipeg,WPG,2,3,REG,3,REG,8477361,8480014.0,/video/lak-wpg-332574066,,,,,,,,,,,,,,,,,,,LAK
2021021098,20212022,2,2022-04-02,False,2022-04-03T02:00:00Z,-04:00,-06:00,America/Edmonton,OFF,OK,19,Blues,St. Louis,de St. Louis,STL,6,20,Flames,Calgary,de Calgary,CGY,4,3,REG,3,REG,8478024,8477964.0,/video/stl-cgy-332585608,,,,,,,,,,,,,,,,,,,STL
2021021099,20212022,2,2022-04-02,False,2022-04-03T02:30:00Z,-04:00,-07:00,US/Pacific,OFF,OK,25,Stars,Dallas,de Dallas,DAL,5,28,Sharks,San Jose,de San Jose,SJS,4,3,REG,3,REG,8475809,8470794.0,/video/dal-sjs-332585468,,,,,,,,,,,,,,,,,,,DAL
2021021101,20212022,2,2022-04-03,False,2022-04-03T17:00:00Z,-04:00,-04:00,US/Eastern,OFF,OK,17,Red Wings,Detroit,de Detroit,DET,2,9,Senators,Ottawa,d'Ottawa,OTT,5,3,REG,3,REG,8476341,8480064.0,/video/det-ott-332598932,,,Sénateurs,,,,,,,,,,,,,,,,OTT
2021021100,20212022,2,2022-04-03,False,2022-04-03T17:00:00Z,-04:00,-04:00,America/New_York,OFF,OK,13,Panthers,Florida,de la Floride,FLA,5,7,Sabres,Buffalo,de Buffalo,BUF,3,3,REG,3,REG,8481519,8477407.0,/video/fla-buf-332597602,,,,,,,,,,,,,,,,,,,FLA
2021021102,20212022,2,2022-04-03,False,2022-04-03T20:00:00Z,-04:00,-04:00,US/Eastern,OFF,OK,2,Islanders,New York,de New York,NYI,4,1,Devils,New Jersey,du New Jersey,NJD,3,3,REG,3,REG,8471239,8475151.0,/video/nyi-njd-332602672,,,,,,,,,,,,,,,,,,,NYI
2021021103,20212022,2,2022-04-03,False,2022-04-03T23:00:00Z,-04:00,-04:00,America/New_York,OFF,OK,4,Flyers,Philadelphia,de Philadelphie,PHI,4,3,Rangers,New York,de New York,NYR,3,5,SO,3,SO,8474889,,/video/phi-nyr-332612676,,,,,,,,,,,,,,,,,,,PHI
2021021106,20212022,2,2022-04-03,False,2022-04-03T23:00:00Z,-04:00,-07:00,America/Vancouver,OFF,OK,54,Golden Knights,Vegas,de Vegas,VGK,3,23,Canucks,Vancouver,de Vancouver,VAN,2,4,OT,3,OT,8475215,8477447.0,/video/vgk-van-332611464,,,,,,,,,,,,,,,,,,,VGK
2021021105,20212022,2,2022-04-03,False,2022-04-03T23:00:00Z,-04:00,-05:00,America/Chicago,OFF,OK,53,Coyotes,Arizona,de l'Arizona,ARI,3,16,Blackhawks,Chicago,de Chicago,CHI,2,4,OT,3,OT,8478872,8476906.0,/video/ari-chi-332613070,,,,,,,,,,,,,,,,,,,ARI
2021021104,20212022,2,2022-04-03,False,2022-04-03T23:00:00Z,-04:00,-04:00,US/Eastern,OFF,OK,30,Wild,Minnesota,du Minnesota,MIN,5,15,Capitals,Washington,de Washington,WSH,1,3,REG,3,REG,8475660,8479370.0,/video/min-wsh-332610052,,,,,,,,,,,,,,,,,,,MIN
2021021107,20212022,2,2022-04-03,False,2022-04-04T00:00:00Z,-04:00,-07:00,America/Los_Angeles,OFF,OK,22,Oilers,Edmonton,d'Edmonton,EDM,6,24,Ducks,Anaheim,d'Anaheim,ANA,1,3,REG,3,REG,8469608,8478402.0,/video/edm-ana-332614538,,,,,,,,,,,,,,,,,,,EDM
2021021108,20212022,2,2022-04-03,False,2022-04-04T01:00:00Z,-04:00,-07:00,US/Pacific,OFF,OK,25,Stars,Dallas,de Dallas,DAL,1,55,Kraken,Seattle,de Seattle,SEA,4,3,REG,3,REG,8476904,8477987.0,/video/dal-sea-332616672,,,,,,,,,,,,,,,,,,,SEA
2021021110,20212022,2,2022-04-04,False,2022-04-04T23:00:00Z,-04:00,-04:00,US/Eastern,OFF,OK,6,Bruins,Boston,de Boston,BOS,3,29,Blue Jackets,Columbus,de Columbus,CBJ,2,4,OT,3,OT,8476999,8478498.0,/video/bos-cbj-332645884,,,,,,,,,,,,,,,,,,,BOS
2021021109,20212022,2,2022-04-04,False,2022-04-04T23:30:00Z,-04:00,-04:00,US/Eastern,OFF,OK,10,Maple Leafs,Toronto,de Toronto,TOR,6,14,Lightning,Tampa Bay,de Tampa Bay,TBL,2,3,REG,3,REG,8475789,8479318.0,/video/tor-tbl-332646536,,,,,,,,,,,,,,,,,,,TOR
2021021111,20212022,2,2022-04-04,False,2022-04-05T00:00:00Z,-04:00,-05:00,US/Central,OFF,OK,53,Coyotes,Arizona,de l'Arizona,ARI,1,19,Blues,St. Louis,de St. Louis,STL,5,3,REG,3,REG,8478024,8475765.0,/video/ari-stl-332647906,,,,,,,,,,,,,,,,,,,STL
2021021112,20212022,2,2022-04-04,False,2022-04-05T02:30:00Z,-04:00,-07:00,America/Los_Angeles,OFF,OK,20,Flames,Calgary,de Calgary,CGY,3,26,Kings,Los Angeles,de Los Angeles,LAK,2,3,REG,3,REG,8474593,8476346.0,/video/cgy-lak-332650302,,Markström,,,,,,,,,,,,,,,,,CGY
2021021116,20212022,2,2022-04-05,False,2022-04-05T23:00:00Z,-04:00,-04:00,US/Eastern,OFF,OK,10,Maple Leafs,Toronto,de Toronto,TOR,6,13,Panthers,Florida,de la Floride,FLA,7,4,OT,3,OT,8481519,8476456.0,/video/tor-fla-332680708,,,,,,,,,,,,,,,,,,,FLA
2021021119,20212022,2,2022-04-05,False,2022-04-05T23:00:00Z,-04:00,-04:00,US/Eastern,OFF,OK,21,Avalanche,Colorado,du Colorado,COL,6,5,Penguins,Pittsburgh,de Pittsburgh,PIT,4,3,REG,3,REG,8475311,8471794.0,/video/col-pit-332680630,,,,,,,,,,,,,,,,,,,COL
2021021118,20212022,2,2022-04-05,False,2022-04-05T23:00:00Z,-04:00,-04:00,US/Eastern,OFF,OK,29,Blue Jackets,Columbus,de Columbus,CBJ,4,4,Flyers,Philadelphia,de Philadelphie,PHI,2,3,REG,3,REG,8478007,8479941.0,/video/cbj-phi-332680152,,,,,,,,,,,,,,,,,,,CBJ
2021021113,20212022,2,2022-04-05,False,2022-04-05T23:00:00Z,-04:00,-04:00,America/New_York,OFF,OK,12,Hurricanes,Carolina,de la Caroline,CAR,2,7,Sabres,Buffalo,de Buffalo,BUF,4,3,REG,3,REG,8467950,8478109.0,/video/car-buf-332678788,,,,,,,,,,,,,,,,,,,BUF
2021021114,20212022,2,2022-04-05,False,2022-04-05T23:00:00Z,-04:00,-04:00,America/Montreal,OFF,OK,9,Senators,Ottawa,d'Ottawa,OTT,6,8,Canadiens,Montréal,de Montréal,MTL,3,3,REG,3,REG,8476341,8480208.0,/video/ott-mtl-332679004,Sénateurs,,,,,,,,,,,,,,,,,,OTT
2021021117,20212022,2,2022-04-05,False,2022-04-05T23:00:00Z,-04:00,-04:00,US/Eastern,OFF,OK,3,Rangers,New York,de New York,NYR,3,1,Devils,New Jersey,du New Jersey,NJD,1,3,REG,3,REG,8480382,8475184.0,/video/nyr-njd-332678216,,,,,,,,,,,,,,,,,,,NYR
2021021115,20212022,2,2022-04-05,False,2022-04-05T23:30:00Z,-04:00,-04:00,America/Detroit,OFF,OK,6,Bruins,Boston,de Boston,BOS,3,17,Red Wings,Detroit,de Detroit,DET,5,3,REG,3,REG,8477968,8477944.0,/video/bos-det-332683598,,,,,,,,,,,,,,,,,,,DET
2021021120,20212022,2,2022-04-05,False,2022-04-06T00:00:00Z,-04:00,-05:00,US/Central,OFF,OK,30,Wild,Minnesota,du Minnesota,MIN,2,18,Predators,Nashville,de Nashville,NSH,6,3,REG,3,REG,8477424,8475793.0,/video/min-nsh-332685720,,,,,,,,,,,,,,,,,,,NSH
2021021121,20212022,2,2022-04-05,False,2022-04-06T00:30:00Z,-04:00,-05:00,US/Central,OFF,OK,2,Islanders,New York,de New York,NYI,2,25,Stars,Dallas,de Dallas,DAL,3,3,REG,3,REG,8479979,8476889.0,/video/nyi-dal-332686558,,,,,,,,,,,,,,,,,,,DAL
2021021122,20212022,2,2022-04-05,False,2022-04-06T02:30:00Z,-04:00,-07:00,US/Pacific,OFF,OK,22,Oilers,Edmonton,d'Edmonton,EDM,2,28,Sharks,San Jose,de San Jose,SJS,1,4,OT,3,OT,8469608,8478402.0,/video/edm-sjs-332694272,,,,,,,,,,,,,,,,,,,EDM
2021021123,20212022,2,2022-04-06,False,2022-04-06T23:30:00Z,-04:00,-04:00,US/Eastern,OFF,OK,14,Lightning,Tampa Bay,de Tampa Bay,TBL,3,15,Capitals,Washington,de Washington,WSH,4,3,REG,3,REG,8478492,8474590.0,/video/tbl-wsh-332715270,,,,,,,,,,,,,,,,,,,WSH
2021021125,20212022,2,2022-04-06,False,2022-04-06T23:30:00Z,-04:00,-05:00,America/Winnipeg,OFF,OK,17,Red Wings,Detroit,de Detroit,DET,3,52,Jets,Winnipeg,de Winnipeg,WPG,1,3,REG,3,REG,8471306,8479992.0,/video/det-wpg-332714700,,,,,,,,,,,,,,,,,,,DET
2021021124,20212022,2,2022-04-06,False,2022-04-07T00:00:00Z,-04:00,-05:00,US/Central,OFF,OK,55,Kraken,Seattle,de Seattle,SEA,1,19,Blues,St. Louis,de St. Louis,STL,4,3,REG,3,REG,8478024,8475753.0,/video/sea-stl-332717848,,,,,,,,,,,,,,,,,,,STL
2021021126,20212022,2,2022-04-06,False,2022-04-07T02:00:00Z,-04:00,-07:00,US/Pacific,OFF,OK,23,Canucks,Vancouver,de Vancouver,VAN,5,54,Golden Knights,Vegas,de Vegas,VGK,1,3,REG,3,REG,8477967,8470755.0,/video/van-vgk-332721050,,,,,,,,,,,,,,,,,,,VAN
2021021127,20212022,2,2022-04-06,False,2022-04-07T02:00:00Z,-04:00,-07:00,America/Los_Angeles,OFF,OK,20,Flames,Calgary,de Calgary,CGY,4,24,Ducks,Anaheim,d'Anaheim,ANA,2,3,REG,3,REG,8474593,8474628.0,/video/cgy-ana-332721674,,Markström,,,,,,,,,,,,,,,,,CGY
2021021129,20212022,2,2022-04-07,False,2022-04-07T23:00:00Z,-04:00,-04:00,America/New_York,OFF,OK,5,Penguins,Pittsburgh,de Pittsburgh,PIT,0,3,Rangers,New York,de New York,NYR,3,3,REG,3,REG,8478048,8478366.0,/video/pit-nyr-332747524,,,,,,,,,,,,,,,,,,,NYR
2021021131,20212022,2,2022-04-07,False,2022-04-07T23:00:00Z,-04:00,-04:00,US/Eastern,OFF,OK,4,Flyers,Philadelphia,de Philadelphie,PHI,4,29,Blue Jackets,Columbus,de Columbus,CBJ,1,3,REG,3,REG,8474889,8480015.0,/video/phi-cbj-332746406,,,,,,,,,,,,,,,,,,,PHI
2021020250,20212022,2,2022-04-07,False,2022-04-07T23:00:00Z,-04:00,-04:00,US/Eastern,OFF,OK,18,Predators,Nashville,de Nashville,NSH,3,9,Senators,Ottawa,d'Ottawa,OTT,2,3,REG,3,REG,8477424,8475793.0,/video/nsh-ott-332748944,,,Sénateurs,,,,,,,,,,,,,,,,NSH
2021020512,20212022,2,2022-04-07,False,2022-04-07T23:00:00Z,-04:00,-04:00,US/Eastern,OFF,OK,8,Canadiens,Montréal,de Montréal,MTL,7,1,Devils,New Jersey,du New Jersey,NJD,4,3,REG,3,REG,8474596,8475227.0,/video/mtl-njd-332746562,,,,,,,,,,,,,,,,,,,MTL
2021021130,20212022,2,2022-04-07,False,2022-04-07T23:30:00Z,-04:00,-04:00,US/Eastern,OFF,OK,7,Sabres,Buffalo,de Buffalo,BUF,3,12,Hurricanes,Carolina,de la Caroline,CAR,5,3,REG,3,REG,8477293,8478427.0,/video/buf-car-332748988,,,,,,,,,,,,,,,,,,,CAR
2021021132,20212022,2,2022-04-07,False,2022-04-08T00:30:00Z,-04:00,-05:00,America/Chicago,OFF,OK,55,Kraken,Seattle,de Seattle,SEA,2,16,Blackhawks,Chicago,de Chicago,CHI,0,3,REG,3,REG,8475831,8477505.0,/video/sea-chi-332755042,,,,,,,,,,,,,,,,,,,SEA
2021021133,20212022,2,2022-04-07,False,2022-04-08T00:30:00Z,-04:00,-05:00,US/Central,OFF,OK,10,Maple Leafs,Toronto,de Toronto,TOR,4,25,Stars,Dallas,de Dallas,DAL,3,4,OT,3,OT,8475789,8479318.0,/video/tor-dal-332758508,,,,,,,,,,,,,,,,,,,TOR
2021021134,20212022,2,2022-04-07,False,2022-04-08T02:00:00Z,-04:00,-07:00,America/Phoenix,OFF,OK,23,Canucks,Vancouver,de Vancouver,VAN,5,53,Coyotes,Arizona,de l'Arizona,ARI,1,3,REG,3,REG,8470860,8477500.0,/video/van-ari-332765716,,,,,,,,,,,,,,,,,,,VAN
2021021136,20212022,2,2022-04-07,False,2022-04-08T02:30:00Z,-04:00,-07:00,US/Pacific,OFF,OK,20,Flames,Calgary,de Calgary,CGY,4,28,Sharks,San Jose,de San Jose,SJS,2,3,REG,3,REG,8478435,8477496.0,/video/cgy-sjs-332767008,,,,,,,,,,,,,,,,,,,CGY
2021021135,20212022,2,2022-04-07,False,2022-04-08T02:30:00Z,-04:00,-07:00,America/Los_Angeles,OFF,OK,22,Oilers,Edmonton,d'Edmonton,EDM,3,26,Kings,Los Angeles,de Los Angeles,LAK,2,3,REG,3,REG,8469608,8480803.0,/video/edm-lak-332767202,,,,,,,,,,,,,,,,,,,EDM
2021021138,20212022,2,2022-04-08,False,2022-04-08T23:00:00Z,-04:00,-04:00,US/Eastern,OFF,OK,7,Sabres,Buffalo,de Buffalo,BUF,3,13,Panthers,Florida,de la Floride,FLA,4,3,REG,3,REG,8475683,8477935.0,/video/buf-fla-332789962,,,,,,,,,,,,,,,,,,,FLA
2021021139,20212022,2,2022-04-08,False,2022-04-08T23:00:00Z,-04:00,-04:00,US/Eastern,OFF,OK,2,Islanders,New York,de New York,NYI,2,12,Hurricanes,Carolina,de la Caroline,CAR,1,3,REG,3,REG,8478009,8475151.0,/video/nyi-car-332789804,,,,,,,,,,,,,,,,,,,NYI
2021021137,20212022,2,2022-04-08,False,2022-04-08T23:00:00Z,-04:00,-04:00,US/Eastern,OFF,OK,6,Bruins,Boston,de Boston,BOS,2,14,Lightning,Tampa Bay,de Tampa Bay,TBL,1,4,OT,3,OT,8476999,8475745.0,/video/bos-tbl-332791262,,,,,,,,,,,,,,,,,,,BOS
2021021140,20212022,2,2022-04-08,False,2022-04-09T00:00:00Z,-04:00,-05:00,US/Central,OFF,OK,30,Wild,Minnesota,du Minnesota,MIN,3,19,Blues,St. Louis,de St. Louis,STL,4,4,OT,3,OT,8478024,8480023.0,/video/min-stl-332794592,,,,,,,,,,,,,,,,,,,STL
2021021141,20212022,2,2022-04-08,False,2022-04-09T00:00:00Z,-04:00,-05:00,America/Winnipeg,OFF,OK,21,Avalanche,Colorado,du Colorado,COL,5,52,Jets,Winnipeg,de Winnipeg,WPG,4,4,OT,3,OT,8480925,8480069.0,/video/col-wpg-332792910,,,,,,,,,,,,,,,,,,,COL
2021021149,20212022,2,2022-04-09,False,2022-04-09T18:00:00Z,-04:00,-05:00,US/Central,OFF,OK,1,Devils,New Jersey,du New Jersey,NJD,3,25,Stars,Dallas,de Dallas,DAL,1,3,REG,3,REG,8482076,8480002.0,/video/njd-dal-332808884,,,,,,,,,,,,,,,,,,,NJD
2021021146,20212022,2,2022-04-09,False,2022-04-09T19:00:00Z,-04:00,-04:00,US/Eastern,OFF,OK,15,Capitals,Washington,de Washington,WSH,6,5,Penguins,Pittsburgh,de Pittsburgh,PIT,3,3,REG,3,REG,8478492,8476880.0,/video/wsh-pit-332811532,,,,,,,,,,,,,,,,,,,WSH
2021021148,20212022,2,2022-04-09,False,2022-04-09T22:00:00Z,-04:00,-05:00,US/Central,OFF,OK,13,Panthers,Florida,de la Floride,FLA,4,18,Predators,Nashville,de Nashville,NSH,1,3,REG,3,REG,8481519,8482113.0,/video/fla-nsh-332819482,,,,,,,,,,,,,,,,,,,FLA
2021021142,20212022,2,2022-04-09,False,2022-04-09T23:00:00Z,-04:00,-04:00,America/Toronto,OFF,OK,8,Canadiens,Montréal,de Montréal,MTL,2,10,Maple Leafs,Toronto,de Toronto,TOR,3,3,REG,3,REG,8478902,8475166.0,/video/mtl-tor-332826410,,,,,,,,,,,,,,,,,,,TOR
2021021143,20212022,2,2022-04-09,False,2022-04-09T23:00:00Z,-04:00,-04:00,America/Detroit,OFF,OK,29,Blue Jackets,Columbus,de Columbus,CBJ,5,17,Red Wings,Detroit,de Detroit,DET,4,4,OT,3,OT,8478007,8478458.0,/video/cbj-det-332832716,,,,,,,,,,,,,,,,,,,CBJ
2021021154,20212022,2,2022-04-09,False,2022-04-09T23:00:00Z,-04:00,-07:00,US/Pacific,OFF,OK,20,Flames,Calgary,de Calgary,CGY,4,55,Kraken,Seattle,de Seattle,SEA,1,3,REG,3,REG,8474593,8473453.0,/video/cgy-sea-332827028,,Markström,,,,,,,,,,,,,,,,,CGY
2021021144,20212022,2,2022-04-09,False,2022-04-09T23:00:00Z,-04:00,-04:00,America/New_York,OFF,OK,9,Senators,Ottawa,d'Ottawa,OTT,1,3,Rangers,New York,de New York,NYR,5,3,REG,3,REG,8478048,8477429.0,/video/ott-nyr-332826646,Sénateurs,,,,,,,,,,,,,,,,,,NYR
2021021145,20212022,2,2022-04-09,False,2022-04-09T23:30:00Z,-04:00,-04:00,US/Eastern,OFF,OK,24,Ducks,Anaheim,d'Anaheim,ANA,5,4,Flyers,Philadelphia,de Philadelphie,PHI,3,3,REG,3,REG,8476932,8481533.0,/video/ana-phi-332830348,,,,,,,,,,,,,,,,,,,ANA
2021021147,20212022,2,2022-04-09,False,2022-04-10T00:00:00Z,-04:00,-05:00,US/Central,OFF,OK,2,Islanders,New York,de New York,NYI,1,19,Blues,St. Louis,de St. Louis,STL,6,3,REG,3,REG,8476412,8475765.0,/video/nyi-stl-332831852,,,,,,,,,,,,,,,,,,,STL
2021021152,20212022,2,2022-04-09,False,2022-04-10T02:00:00Z,-04:00,-07:00,America/Vancouver,OFF,OK,28,Sharks,San Jose,de San Jose,SJS,2,23,Canucks,Vancouver,de Vancouver,VAN,4,3,REG,3,REG,8477967,8475163.0,/video/sjs-van-332839418,,,,,,,,,,,,,,,,,,,VAN
2021021153,20212022,2,2022-04-09,False,2022-04-10T02:00:00Z,-04:00,-07:00,US/Pacific,OFF,OK,53,Coyotes,Arizona,de l'Arizona,ARI,1,54,Golden Knights,Vegas,de Vegas,VGK,6,3,REG,3,REG,8475215,8474157.0,/video/ari-vgk-332838150,,,,,,,,,,,,,,,,,,,VGK
2021021151,20212022,2,2022-04-09,False,2022-04-10T02:00:00Z,-04:00,-06:00,America/Edmonton,OFF,OK,21,Avalanche,Colorado,du Colorado,COL,2,22,Oilers,Edmonton,d'Edmonton,EDM,1,5,SO,3,SO,8475311,,/video/col-edm-332839294,,,,,,,,,,,,,,,,,,,COL
2021021158,20212022,2,2022-04-10,False,2022-04-10T17:30:00Z,-04:00,-04:00,US/Eastern,OFF,OK,6,Bruins,Boston,de Boston,BOS,2,15,Capitals,Washington,de Washington,WSH,4,3,REG,3,REG,8477970,8474189.0,/video/bos-wsh-332848506,,,,,,,,,,,,,,,,,,,WSH
2021021157,20212022,2,2022-04-10,False,2022-04-10T20:00:00Z,-04:00,-04:00,US/Eastern,OFF,OK,18,Predators,Nashville,de Nashville,NSH,2,5,Penguins,Pittsburgh,de Pittsburgh,PIT,3,4,OT,3,OT,8479193,8471675.0,/video/nsh-pit-332854306,,,,,,,,,,,,,,,,,,,PIT
2021021156,20212022,2,2022-04-10,False,2022-04-10T21:00:00Z,-04:00,-04:00,US/Eastern,OFF,OK,7,Sabres,Buffalo,de Buffalo,BUF,0,14,Lightning,Tampa Bay,de Tampa Bay,TBL,5,3,REG,3,REG,8470880,8470621.0,/video/buf-tbl-332856522,,,,,,,,,,,,,,,,,,,TBL
2021021150,20212022,2,2022-04-10,False,2022-04-10T21:00:00Z,-04:00,-05:00,US/Central,OFF,OK,26,Kings,Los Angeles,de Los Angeles,LAK,3,30,Wild,Minnesota,du Minnesota,MIN,6,3,REG,3,REG,8470594,8475692.0,/video/lak-min-332857612,,,,,,,,,,,,,,,,,,,MIN
2021021159,20212022,2,2022-04-10,False,2022-04-10T22:00:00Z,-04:00,-04:00,US/Eastern,OFF,OK,24,Ducks,Anaheim,d'Anaheim,ANA,2,12,Hurricanes,Carolina,de la Caroline,CAR,5,3,REG,3,REG,8475883,8476921.0,/video/ana-car-332861366,,,,,,,,,,,,,,,,,,,CAR
2021021160,20212022,2,2022-04-10,False,2022-04-10T23:00:00Z,-04:00,-05:00,America/Chicago,OFF,OK,25,Stars,Dallas,de Dallas,DAL,6,16,Blackhawks,Chicago,de Chicago,CHI,4,3,REG,3,REG,8479979,8480027.0,,,,,,,,,,,,,,,,,,,,DAL
2021021155,20212022,2,2022-04-10,False,2022-04-10T23:30:00Z,-04:00,-04:00,US/Eastern,OFF,OK,52,Jets,Winnipeg,de Winnipeg,WPG,4,9,Senators,Ottawa,d'Ottawa,OTT,3,3,REG,3,REG,8476945,8478398.0,/video/wpg-ott-332866572,,,Sénateurs,,,,,,,,,,,,,,,,WPG
2021021162,20212022,2,2022-04-11,False,2022-04-11T23:00:00Z,-04:00,-04:00,America/Montreal,OFF,OK,52,Jets,Winnipeg,de Winnipeg,WPG,4,8,Canadiens,Montréal,de Montréal,MTL,2,3,REG,3,REG,8476945,8478431.0,/video/wpg-mtl-332894704,,,,,,,,,,,,,,,,,,,WPG
2021021170,20212022,2,2022-04-12,False,2022-04-12T23:00:00Z,-04:00,-04:00,US/Eastern,OFF,OK,4,Flyers,Philadelphia,de Philadelphie,PHI,2,15,Capitals,Washington,de Washington,WSH,9,3,REG,3,REG,8478492,8480796.0,/video/phi-wsh-332927756,,,,,,,,,,,,,,,,,,,WSH
2021021165,20212022,2,2022-04-12,False,2022-04-12T23:00:00Z,-04:00,-04:00,America/Toronto,OFF,OK,7,Sabres,Buffalo,de Buffalo,BUF,5,10,Maple Leafs,Toronto,de Toronto,TOR,2,3,REG,3,REG,8467950,8475784.0,/video/buf-tor-332928452,,,,,,,,,,,,,,,,,,,BUF
2021021164,20212022,2,2022-04-12,False,2022-04-12T23:00:00Z,-04:00,-04:00,US/Eastern,OFF,OK,19,Blues,St. Louis,de St. Louis,STL,4,6,Bruins,Boston,de Boston,BOS,2,3,REG,3,REG,8478024,8475765.0,/video/stl-bos-332929880,,,,,,,,,,,,,,,,,,,STL
2021021167,20212022,2,2022-04-12,False,2022-04-12T23:00:00Z,-04:00,-04:00,US/Eastern,OFF,OK,24,Ducks,Anaheim,d'Anaheim,ANA,2,13,Panthers,Florida,de la Floride,FLA,3,4,OT,3,OT,8475683,8476456.0,/video/ana-fla-332929006,,,,,,,,,,,,,,,,,,,FLA
2021021168,20212022,2,2022-04-12,False,2022-04-12T23:00:00Z,-04:00,-04:00,America/New_York,OFF,OK,12,Hurricanes,Carolina,de la Caroline,CAR,4,3,Rangers,New York,de New York,NYR,2,3,REG,3,REG,8475883,8473533.0,/video/car-nyr-332928408,,,,,,,,,,,,,,,,,,,CAR
2021020922,20212022,2,2022-04-12,False,2022-04-12T23:30:00Z,-04:00,-04:00,America/New_York,OFF,OK,5,Penguins,Pittsburgh,de Pittsburgh,PIT,4,2,Islanders,New York,de New York,NYI,5,5,SO,3,SO,8478009,,/video/pit-nyi-332936734,,,,,,,,,,,,,,,,,,,NYI
2021021166,20212022,2,2022-04-12,False,2022-04-12T23:30:00Z,-04:00,-04:00,America/Detroit,OFF,OK,9,Senators,Ottawa,d'Ottawa,OTT,4,17,Red Wings,Detroit,de Detroit,DET,1,3,REG,3,REG,8476341,8480208.0,/video/ott-det-332933954,Sénateurs,,,,,,,,,,,,,,,,,,OTT
2021021188,20212022,2,2022-04-12,False,2022-04-13T00:00:00Z,-04:00,-05:00,US/Central,OFF,OK,28,Sharks,San Jose,de San Jose,SJS,0,18,Predators,Nashville,de Nashville,NSH,1,4,OT,3,OT,8477424,8475793.0,/video/sjs-nsh-332942600,,,,,,,,,,,,,,,,,,,NSH
2021021163,20212022,2,2022-04-12,False,2022-04-13T00:00:00Z,-04:00,-05:00,US/Central,OFF,OK,22,Oilers,Edmonton,d'Edmonton,EDM,1,30,Wild,Minnesota,du Minnesota,MIN,5,3,REG,3,REG,8475660,8477942.0,/video/edm-min-332938316,,,,,,,,,,,,,,,,,,,MIN
2021021187,20212022,2,2022-04-12,False,2022-04-13T00:30:00Z,-04:00,-05:00,America/Chicago,OFF,OK,26,Kings,Los Angeles,de Los Angeles,LAK,5,16,Blackhawks,Chicago,de Chicago,CHI,2,3,REG,3,REG,8471734,8481481.0,/video/lak-chi-332940562,,,,,,,,,,,,,,,,,,,LAK
2021021174,20212022,2,2022-04-12,False,2022-04-13T01:00:00Z,-04:00,-06:00,America/Edmonton,OFF,OK,55,Kraken,Seattle,de Seattle,SEA,3,20,Flames,Calgary,de Calgary,CGY,5,3,REG,3,REG,8478435,8478396.0,/video/sea-cgy-332947166,,,,,,,,,,,,,,,,,,,CGY
2021021173,20212022,2,2022-04-12,False,2022-04-13T01:30:00Z,-04:00,-05:00,US/Central,OFF,OK,14,Lightning,Tampa Bay,de Tampa Bay,TBL,0,25,Stars,Dallas,de Dallas,DAL,1,3,REG,3,REG,8475809,8478449.0,/video/tbl-dal-332951036,,,,,,,,,,,,,,,,,,,DAL
2021021176,20212022,2,2022-04-12,False,2022-04-13T02:00:00Z,-04:00,-07:00,America/Phoenix,OFF,OK,1,Devils,New Jersey,du New Jersey,NJD,6,53,Coyotes,Arizona,de l'Arizona,ARI,2,3,REG,3,REG,8482076,8475193.0,/video/njd-ari-332952014,,,,,,,,,,,,,,,,,,,NJD
2021021175,20212022,2,2022-04-12,False,2022-04-13T02:00:00Z,-04:00,-07:00,America/Vancouver,OFF,OK,54,Golden Knights,Vegas,de Vegas,VGK,4,23,Canucks,Vancouver,de Vancouver,VAN,5,4,OT,3,OT,8477967,8480800.0,/video/vgk-van-332952390,,,,,,,,,,,,,,,,,,,VAN
2021021177,20212022,2,2022-04-13,False,2022-04-13T23:00:00Z,-04:00,-04:00,US/Eastern,OFF,OK,3,Rangers,New York,de New York,NYR,4,4,Flyers,Philadelphia,de Philadelphie,PHI,0,3,REG,3,REG,8480382,8481554.0,/video/nyr-phi-332973020,,,,,,,,,,,,,,,,,,,NYR
2021021178,20212022,2,2022-04-13,False,2022-04-13T23:00:00Z,-04:00,-04:00,US/Eastern,OFF,OK,8,Canadiens,Montréal,de Montréal,MTL,1,29,Blue Jackets,Columbus,de Columbus,CBJ,5,3,REG,3,REG,8478007,8478458.0,/video/mtl-cbj-332973710,,,,,,,,,,,,,,,,,,,CBJ
2021021180,20212022,2,2022-04-13,False,2022-04-14T01:30:00Z,-04:00,-06:00,America/Denver,OFF,OK,26,Kings,Los Angeles,de Los Angeles,LAK,3,21,Avalanche,Colorado,du Colorado,COL,9,3,REG,3,REG,8475311,8477979.0,/video/lak-col-332977094,,,,,,,,,,,,,,,,,,,COL
2021021182,20212022,2,2022-04-14,False,2022-04-14T23:00:00Z,-04:00,-04:00,America/New_York,OFF,OK,19,Blues,St. Louis,de St. Louis,STL,6,7,Sabres,Buffalo,de Buffalo,BUF,2,3,REG,3,REG,8476412,8475765.0,/video/stl-buf-333007900,,,,,,,,,,,,,,,,,,,STL
2021021183,20212022,2,2022-04-14,False,2022-04-14T23:00:00Z,-04:00,-04:00,America/Toronto,OFF,OK,15,Capitals,Washington,de Washington,WSH,3,10,Maple Leafs,Toronto,de Toronto,TOR,7,3,REG,3,REG,8475789,8477939.0,/video/wsh-tor-333008880,,,,,,,,,,,,,,,,,,,TOR
2021021185,20212022,2,2022-04-14,False,2022-04-14T23:00:00Z,-04:00,-04:00,US/Eastern,OFF,OK,2,Islanders,New York,de New York,NYI,3,5,Penguins,Pittsburgh,de Pittsburgh,PIT,6,3,REG,3,REG,8477465,8471675.0,/video/nyi-pit-333010446,,,,,,,,,,,,,,,,,,,PIT
2021021186,20212022,2,2022-04-14,False,2022-04-14T23:00:00Z,-04:00,-04:00,US/Eastern,OFF,OK,17,Red Wings,Detroit,de Detroit,DET,3,12,Hurricanes,Carolina,de la Caroline,CAR,0,3,REG,3,REG,8477968,8481542.0,/video/det-car-333008752,,,,,,,,,,,,,,,,,,,DET
2021021184,20212022,2,2022-04-14,False,2022-04-14T23:00:00Z,-04:00,-04:00,US/Eastern,OFF,OK,24,Ducks,Anaheim,d'Anaheim,ANA,3,14,Lightning,Tampa Bay,de Tampa Bay,TBL,4,4,OT,3,OT,8470880,8478519.0,/video/ana-tbl-333011504,,,,,,,,,,,,,,,,,,,TBL
2021021181,20212022,2,2022-04-14,False,2022-04-14T23:00:00Z,-04:00,-04:00,US/Eastern,OFF,OK,9,Senators,Ottawa,d'Ottawa,OTT,3,6,Bruins,Boston,de Boston,BOS,2,3,REG,3,REG,8476341,8482116.0,/video/ott-bos-333011636,Sénateurs,,,,,,,,,,,,,,,,,,OTT
2021021172,20212022,2,2022-04-14,False,2022-04-15T00:00:00Z,-04:00,-05:00,US/Central,OFF,OK,22,Oilers,Edmonton,d'Edmonton,EDM,4,18,Predators,Nashville,de Nashville,NSH,0,3,REG,3,REG,8469608,8477934.0,/video/edm-nsh-333020658,,,,,,,,,,,,,,,,,,,EDM
2021021189,20212022,2,2022-04-14,False,2022-04-15T00:00:00Z,-04:00,-05:00,US/Central,OFF,OK,30,Wild,Minnesota,du Minnesota,MIN,3,25,Stars,Dallas,de Dallas,DAL,2,4,OT,3,OT,8470594,8477919.0,/video/min-dal-333020410,,,,,,,,,,,,,,,,,,,MIN
2021021171,20212022,2,2022-04-14,False,2022-04-15T00:30:00Z,-04:00,-05:00,America/Chicago,OFF,OK,28,Sharks,San Jose,de San Jose,SJS,4,16,Blackhawks,Chicago,de Chicago,CHI,5,5,SO,3,SO,8480947,,/video/sjs-chi-333026012,,,,,,,,,,,,,,,,,,,CHI
2021021190,20212022,2,2022-04-14,False,2022-04-15T01:00:00Z,-04:00,-06:00,America/Denver,OFF,OK,1,Devils,New Jersey,du New Jersey,NJD,1,21,Avalanche,Colorado,du Colorado,COL,3,3,REG,3,REG,8480925,8477444.0,/video/njd-col-333023590,,,,,,,,,,,,,,,,,,,COL
2021021191,20212022,2,2022-04-14,False,2022-04-15T01:00:00Z,-04:00,-06:00,America/Edmonton,OFF,OK,54,Golden Knights,Vegas,de Vegas,VGK,6,20,Flames,Calgary,de Calgary,CGY,1,3,REG,3,REG,8480313,8474149.0,/video/vgk-cgy-333026520,,,,,,,,,,,,,,,,,,,VGK
2021021192,20212022,2,2022-04-14,False,2022-04-15T02:00:00Z,-04:00,-07:00,America/Vancouver,OFF,OK,53,Coyotes,Arizona,de l'Arizona,ARI,1,23,Canucks,Vancouver,de Vancouver,VAN,7,3,REG,3,REG,8477967,8480326.0,/video/ari-van-333029130,,,,,,,,,,,,,,,,,,,VAN
2021021194,20212022,2,2022-04-15,False,2022-04-15T23:00:00Z,-04:00,-04:00,US/Eastern,OFF,OK,52,Jets,Winnipeg,de Winnipeg,WPG,1,13,Panthers,Florida,de la Floride,FLA,6,3,REG,3,REG,8475683,8476456.0,/video/wpg-fla-333050602,,,,,,,,,,,,,,,,,,,FLA
2021021193,20212022,2,2022-04-15,False,2022-04-15T23:00:00Z,-04:00,-04:00,America/Montreal,OFF,OK,2,Islanders,New York,de New York,NYI,3,8,Canadiens,Montréal,de Montréal,MTL,0,3,REG,3,REG,8478009,8470610.0,/video/nyi-mtl-333050774,,,,,,,,,,,,,,,,,,,NYI
2021021201,20212022,2,2022-04-16,False,2022-04-16T16:30:00Z,-04:00,-04:00,America/New_York,OFF,OK,17,Red Wings,Detroit,de Detroit,DET,0,3,Rangers,New York,de New York,NYR,4,3,REG,3,REG,8478048,8476459.0,/video/det-nyr-333065114,,,,,,,,,,,,,,,,,,,NYR
2021021203,20212022,2,2022-04-16,False,2022-04-16T16:30:00Z,-04:00,-05:00,US/Central,OFF,OK,16,Blackhawks,Chicago,de Chicago,CHI,3,18,Predators,Nashville,de Nashville,NSH,4,3,REG,3,REG,8477424,8475798.0,/video/chi-nsh-333066026,,,,,,,,,,,,,,,,,,,NSH
2021021196,20212022,2,2022-04-16,False,2022-04-16T16:30:00Z,-04:00,-04:00,US/Eastern,OFF,OK,5,Penguins,Pittsburgh,de Pittsburgh,PIT,1,6,Bruins,Boston,de Boston,BOS,2,3,REG,3,REG,8480280,8475287.0,/video/pit-bos-333065172,,,,,,,,,,,,,,,,,,,BOS
2021021202,20212022,2,2022-04-16,False,2022-04-16T19:00:00Z,-04:00,-05:00,US/Central,OFF,OK,30,Wild,Minnesota,du Minnesota,MIN,5,19,Blues,St. Louis,de St. Louis,STL,6,4,OT,3,OT,8478024,8475170.0,/video/min-stl-333077374,,,,,,,,,,,,,,,,,,,STL
2021021195,20212022,2,2022-04-16,False,2022-04-16T20:00:00Z,-04:00,-06:00,America/Edmonton,OFF,OK,54,Golden Knights,Vegas,de Vegas,VGK,0,22,Oilers,Edmonton,d'Edmonton,EDM,4,3,REG,3,REG,8469608,8471729.0,/video/vgk-edm-333079516,,,,,,,,,,,,,,,,,,,EDM
2021021200,20212022,2,2022-04-16,False,2022-04-16T23:00:00Z,-04:00,-04:00,US/Eastern,OFF,OK,52,Jets,Winnipeg,de Winnipeg,WPG,4,14,Lightning,Tampa Bay,de Tampa Bay,TBL,7,3,REG,3,REG,8470880,8474564.0,/video/wpg-tbl-333092382,,,,,,,,,,,,,,,,,,,TBL
2021021198,20212022,2,2022-04-16,False,2022-04-16T23:00:00Z,-04:00,-04:00,America/Montreal,OFF,OK,15,Capitals,Washington,de Washington,WSH,8,8,Canadiens,Montréal,de Montréal,MTL,4,3,REG,3,REG,8477970,8477903.0,/video/wsh-mtl-333094152,,,,,,,,,,,,,,,,,,,WSH
2021021197,20212022,2,2022-04-16,False,2022-04-16T23:00:00Z,-04:00,-04:00,America/New_York,OFF,OK,4,Flyers,Philadelphia,de Philadelphie,PHI,3,7,Sabres,Buffalo,de Buffalo,BUF,4,3,REG,3,REG,8467950,8479420.0,/video/phi-buf-333090752,,,,,,,,,,,,,,,,,,,BUF
2021021199,20212022,2,2022-04-16,False,2022-04-16T23:00:00Z,-04:00,-04:00,US/Eastern,OFF,OK,10,Maple Leafs,Toronto,de Toronto,TOR,5,9,Senators,Ottawa,d'Ottawa,OTT,4,4,OT,3,OT,8478902,8470966.0,/video/tor-ott-333092518,,,Sénateurs,,,,,,,,,,,,,,,,TOR
2021021204,20212022,2,2022-04-16,False,2022-04-17T00:00:00Z,-04:00,-05:00,US/Central,OFF,OK,28,Sharks,San Jose,de San Jose,SJS,1,25,Stars,Dallas,de Dallas,DAL,2,3,REG,3,REG,8479979,8477290.0,/video/sjs-dal-333097398,,,,,,,,,,,,,,,,,,,DAL
2021021205,20212022,2,2022-04-16,False,2022-04-17T01:00:00Z,-04:00,-06:00,America/Denver,OFF,OK,12,Hurricanes,Carolina,de la Caroline,CAR,4,21,Avalanche,Colorado,du Colorado,COL,7,3,REG,3,REG,8475311,8481618.0,/video/car-col-333102282,,,,,,,,,,,,,,,,,,,COL
2021021209,20212022,2,2022-04-16,False,2022-04-17T02:00:00Z,-04:00,-07:00,US/Pacific,OFF,OK,1,Devils,New Jersey,du New Jersey,NJD,3,55,Kraken,Seattle,de Seattle,SEA,4,5,SO,3,SO,8475831,,/video/njd-sea-333107778,,,,,,,,,,,,,,,,,,,SEA
2021021206,20212022,2,2022-04-16,False,2022-04-17T02:00:00Z,-04:00,-06:00,America/Edmonton,OFF,OK,53,Coyotes,Arizona,de l'Arizona,ARI,1,20,Flames,Calgary,de Calgary,CGY,9,3,REG,3,REG,8474593,8478233.0,/video/ari-cgy-333105712,,Markström,,,,,,,,,,,,,,,,,CGY
2021021208,20212022,2,2022-04-16,False,2022-04-17T02:30:00Z,-04:00,-07:00,America/Los_Angeles,OFF,OK,29,Blue Jackets,Columbus,de Columbus,CBJ,1,26,Kings,Los Angeles,de Los Angeles,LAK,2,3,REG,3,REG,8471734,8476479.0,/video/cbj-lak-333108728,,,,,,,,,,,,,,,,,,,LAK
2021021210,20212022,2,2022-04-17,False,2022-04-17T17:00:00Z,-04:00,-04:00,America/Detroit,OFF,OK,13,Panthers,Florida,de la Floride,FLA,6,17,Red Wings,Detroit,de Detroit,DET,1,3,REG,3,REG,8481519,8477933.0,/video/fla-det-333114234,,,,,,,,,,,,,,,,,,,FLA
2021021212,20212022,2,2022-04-17,False,2022-04-17T21:00:00Z,-04:00,-04:00,US/Eastern,OFF,OK,7,Sabres,Buffalo,de Buffalo,BUF,5,4,Flyers,Philadelphia,de Philadelphie,PHI,3,3,REG,3,REG,8474682,8479420.0,/video/buf-phi-333122510,,,,,,,,,,,,,,,,,,,BUF
2021021213,20212022,2,2022-04-17,False,2022-04-17T22:00:00Z,-04:00,-05:00,US/Central,OFF,OK,19,Blues,St. Louis,de St. Louis,STL,8,18,Predators,Nashville,de Nashville,NSH,3,3,REG,3,REG,8476412,8479385.0,/video/stl-nsh-333126542,,,,,,,,,,,,,,,,,,,STL
2021021214,20212022,2,2022-04-17,False,2022-04-17T22:00:00Z,-04:00,-05:00,US/Central,OFF,OK,28,Sharks,San Jose,de San Jose,SJS,4,30,Wild,Minnesota,du Minnesota,MIN,5,4,OT,3,OT,8470594,8474716.0,,,,,,,,,,,,,,,,,,,,MIN
2021020723,20212022,2,2022-04-17,False,2022-04-17T23:30:00Z,-04:00,-04:00,America/Toronto,OFF,OK,2,Islanders,New York,de New York,NYI,2,10,Maple Leafs,Toronto,de Toronto,TOR,4,3,REG,3,REG,8475789,8477939.0,/video/nyi-tor-333130076,,,,,,,,,,,,,,,,,,,TOR
2021021215,20212022,2,2022-04-17,False,2022-04-18T00:30:00Z,-04:00,-07:00,America/Los_Angeles,OFF,OK,29,Blue Jackets,Columbus,de Columbus,CBJ,4,24,Ducks,Anaheim,d'Anaheim,ANA,6,3,REG,3,REG,8476434,8475764.0,/video/cbj-ana-333132386,,,,,,,,,,,,,,,,,,,ANA
2021020436,20212022,2,2022-04-18,False,2022-04-19T00:00:00Z,-04:00,-05:00,America/Chicago,OFF,OK,20,Flames,Calgary,de Calgary,CGY,5,16,Blackhawks,Chicago,de Chicago,CHI,2,3,REG,3,REG,8474593,8476399.0,/video/cgy-chi-333157146,,Markström,,,,,,,,,,,,,,,,,CGY
2021021216,20212022,2,2022-04-18,False,2022-04-19T01:00:00Z,-04:00,-06:00,America/Denver,OFF,OK,15,Capitals,Washington,de Washington,WSH,3,21,Avalanche,Colorado,du Colorado,COL,2,3,REG,3,REG,8478492,8475149.0,/video/wsh-col-333161724,,,,,,,,,,,,,,,,,,,WSH
2021020611,20212022,2,2022-04-18,False,2022-04-19T02:00:00Z,-04:00,-07:00,US/Pacific,OFF,OK,9,Senators,Ottawa,d'Ottawa,OTT,2,55,Kraken,Seattle,de Seattle,SEA,4,3,REG,3,REG,8476904,8476437.0,/video/ott-sea-333165294,Sénateurs,,,,,,,,,,,,,,,,,,SEA
2021021219,20212022,2,2022-04-18,False,2022-04-19T02:00:00Z,-04:00,-07:00,US/Pacific,OFF,OK,1,Devils,New Jersey,du New Jersey,NJD,3,54,Golden Knights,Vegas,de Vegas,VGK,2,3,REG,3,REG,8477202,8480003.0,/video/njd-vgk-333164164,,,,,,,,,,,,,,,,,,,NJD
2021021218,20212022,2,2022-04-18,False,2022-04-19T02:00:00Z,-04:00,-07:00,America/Phoenix,OFF,OK,12,Hurricanes,Carolina,de la Caroline,CAR,5,53,Coyotes,Arizona,de l'Arizona,ARI,3,3,REG,3,REG,8477293,8475799.0,/video/car-ari-333164040,,,,,,,,,,,,,,,,,,,CAR
2021021217,20212022,2,2022-04-18,False,2022-04-19T02:30:00Z,-04:00,-07:00,America/Vancouver,OFF,OK,25,Stars,Dallas,de Dallas,DAL,2,23,Canucks,Vancouver,de Vancouver,VAN,6,3,REG,3,REG,8477967,8478444.0,/video/dal-van-333166442,,,,,,,,,,,,,,,,,,,VAN
2021021224,20212022,2,2022-04-19,False,2022-04-19T23:00:00Z,-04:00,-04:00,America/New_York,OFF,OK,52,Jets,Winnipeg,de Winnipeg,WPG,0,3,Rangers,New York,de New York,NYR,3,3,REG,3,REG,8478048,8476458.0,/video/wpg-nyr-333193600,,,,,,,,,,,,,,,,,,,NYR
2021021221,20212022,2,2022-04-19,False,2022-04-19T23:00:00Z,-04:00,-04:00,America/Montreal,OFF,OK,30,Wild,Minnesota,du Minnesota,MIN,2,8,Canadiens,Montréal,de Montréal,MTL,0,3,REG,3,REG,8475660,8477942.0,/video/min-mtl-333196000,,,,,,,,,,,,,,,,,,,MIN
2021021220,20212022,2,2022-04-19,False,2022-04-19T23:00:00Z,-04:00,-04:00,America/Toronto,OFF,OK,4,Flyers,Philadelphia,de Philadelphie,PHI,2,10,Maple Leafs,Toronto,de Toronto,TOR,5,3,REG,3,REG,8475789,8469455.0,/video/phi-tor-333198902,,,,,,,,,,,,,,,,,,,TOR
2021021222,20212022,2,2022-04-19,False,2022-04-19T23:00:00Z,-04:00,-04:00,US/Eastern,OFF,OK,17,Red Wings,Detroit,de Detroit,DET,4,14,Lightning,Tampa Bay,de Tampa Bay,TBL,3,3,REG,3,REG,8471306,8477944.0,/video/det-tbl-333194970,,,,,,,,,,,,,,,,,,,DET
2021021223,20212022,2,2022-04-19,False,2022-04-19T23:30:00Z,-04:00,-04:00,America/New_York,OFF,OK,13,Panthers,Florida,de la Floride,FLA,3,2,Islanders,New York,de New York,NYI,2,4,OT,3,OT,8475683,8477493.0,/video/fla-nyi-333199534,,,,,,,,,,,,,,,,,,,FLA
2021020443,20212022,2,2022-04-19,False,2022-04-20T00:00:00Z,-04:00,-05:00,US/Central,OFF,OK,20,Flames,Calgary,de Calgary,CGY,2,18,Predators,Nashville,de Nashville,NSH,3,5,SO,3,SO,8477424,,/video/cgy-nsh-333201646,,,,,,,,,,,,,,,,,,,NSH
2021021225,20212022,2,2022-04-19,False,2022-04-20T00:00:00Z,-04:00,-05:00,US/Central,OFF,OK,6,Bruins,Boston,de Boston,BOS,3,19,Blues,St. Louis,de St. Louis,STL,2,4,OT,3,OT,8480280,8479325.0,/video/bos-stl-333200502,,,,,,,,,,,,,,,,,,,BOS
2021021226,20212022,2,2022-04-19,False,2022-04-20T02:00:00Z,-04:00,-07:00,America/Los_Angeles,OFF,OK,26,Kings,Los Angeles,de Los Angeles,LAK,2,24,Ducks,Anaheim,d'Anaheim,ANA,1,3,REG,3,REG,8471734,8476479.0,/video/lak-ana-333207224,,,,,,,,,,,,,,,,,,,LAK
2021020625,20212022,2,2022-04-19,False,2022-04-20T02:00:00Z,-04:00,-07:00,America/Vancouver,OFF,OK,9,Senators,Ottawa,d'Ottawa,OTT,4,23,Canucks,Vancouver,de Vancouver,VAN,3,5,SO,3,SO,8479406,,/video/ott-van-333208072,Sénateurs,,,,,,,,,,,,,,,,,,OTT
2021021227,20212022,2,2022-04-19,False,2022-04-20T02:30:00Z,-04:00,-07:00,US/Pacific,OFF,OK,29,Blue Jackets,Columbus,de Columbus,CBJ,2,28,Sharks,San Jose,de San Jose,SJS,3,3,REG,3,REG,8478039,8480060.0,/video/cbj-sjs-333209148,,Kähkönen,,,,,,,,,,,,,,,,,SJS
2021021229,20212022,2,2022-04-20,False,2022-04-21T00:30:00Z,-04:00,-06:00,America/Edmonton,OFF,OK,25,Stars,Dallas,de Dallas,DAL,2,22,Oilers,Edmonton,d'Edmonton,EDM,5,3,REG,3,REG,8469608,8475786.0,/video/dal-edm-333231608,,,,,,,,,,,,,,,,,,,EDM
2021021231,20212022,2,2022-04-20,False,2022-04-21T02:00:00Z,-04:00,-07:00,US/Pacific,OFF,OK,15,Capitals,Washington,de Washington,WSH,3,54,Golden Knights,Vegas,de Vegas,VGK,4,4,OT,3,OT,8480313,8477447.0,/video/wsh-vgk-333237254,,,,,,,,,,,,,,,,,,,VGK
2021021232,20212022,2,2022-04-20,False,2022-04-21T02:00:00Z,-04:00,-07:00,US/Pacific,OFF,OK,21,Avalanche,Colorado,du Colorado,COL,2,55,Kraken,Seattle,de Seattle,SEA,3,3,REG,3,REG,8475831,8476826.0,/video/col-sea-333235502,,,,,,,,,,,,,,,,,,,SEA
2021021230,20212022,2,2022-04-20,False,2022-04-21T02:00:00Z,-04:00,-07:00,America/Phoenix,OFF,OK,16,Blackhawks,Chicago,de Chicago,CHI,4,53,Coyotes,Arizona,de l'Arizona,ARI,3,4,OT,3,OT,8480947,8479337.0,/video/chi-ari-333236784,,,,,,,,,,,,,,,,,,,CHI
2021021239,20212022,2,2022-04-21,False,2022-04-21T23:00:00Z,-04:00,-04:00,US/Eastern,OFF,OK,52,Jets,Winnipeg,de Winnipeg,WPG,2,12,Hurricanes,Carolina,de la Caroline,CAR,4,3,REG,3,REG,8477293,8482093.0,/video/wpg-car-333266374,,,,,,,,,,,,,,,,,,,CAR
2021021238,20212022,2,2022-04-21,False,2022-04-21T23:00:00Z,-04:00,-04:00,US/Eastern,OFF,OK,6,Bruins,Boston,de Boston,BOS,0,5,Penguins,Pittsburgh,de Pittsburgh,PIT,4,3,REG,3,REG,8479193,8477404.0,/video/bos-pit-333267172,,,,,,,,,,,,,,,,,,,PIT
2021021233,20212022,2,2022-04-21,False,2022-04-21T23:00:00Z,-04:00,-04:00,America/Montreal,OFF,OK,4,Flyers,Philadelphia,de Philadelphie,PHI,6,8,Canadiens,Montréal,de Montréal,MTL,3,3,REG,3,REG,8474889,8478439.0,/video/phi-mtl-333267522,,,,,,,,,,,,,,,,,,,PHI
2021021236,20212022,2,2022-04-21,False,2022-04-21T23:00:00Z,-04:00,-04:00,US/Eastern,OFF,OK,7,Sabres,Buffalo,de Buffalo,BUF,5,1,Devils,New Jersey,du New Jersey,NJD,2,3,REG,3,REG,8467950,8480839.0,/video/buf-njd-333265416,,,,,,,,,,,,,,,,,,,BUF
2021021235,20212022,2,2022-04-21,False,2022-04-21T23:00:00Z,-04:00,-04:00,US/Eastern,OFF,OK,17,Red Wings,Detroit,de Detroit,DET,2,13,Panthers,Florida,de la Floride,FLA,5,3,REG,3,REG,8475683,8478975.0,/video/det-fla-333266236,,,,,,,,,,,,,,,,,,,FLA
2021021237,20212022,2,2022-04-21,False,2022-04-21T23:30:00Z,-04:00,-04:00,America/New_York,OFF,OK,3,Rangers,New York,de New York,NYR,6,2,Islanders,New York,de New York,NYI,3,3,REG,3,REG,8480382,8475184.0,/video/nyr-nyi-333268404,,,,,,,,,,,,,,,,,,,NYR
2021021234,20212022,2,2022-04-21,False,2022-04-22T00:00:00Z,-04:00,-04:00,US/Eastern,OFF,OK,10,Maple Leafs,Toronto,de Toronto,TOR,1,14,Lightning,Tampa Bay,de Tampa Bay,TBL,8,3,REG,3,REG,8476883,8479525.0,/video/tor-tbl-333278046,,,,,,,,,,,,,,,,,,,TBL
2021021240,20212022,2,2022-04-21,False,2022-04-22T00:00:00Z,-04:00,-05:00,US/Central,OFF,OK,23,Canucks,Vancouver,de Vancouver,VAN,3,30,Wild,Minnesota,du Minnesota,MIN,6,3,REG,3,REG,8475660,8477942.0,/video/van-min-333274584,,,,,,,,,,,,,,,,,,,MIN
2021021241,20212022,2,2022-04-21,False,2022-04-22T01:00:00Z,-04:00,-06:00,America/Edmonton,OFF,OK,25,Stars,Dallas,de Dallas,DAL,2,20,Flames,Calgary,de Calgary,CGY,4,3,REG,3,REG,8474593,8475690.0,/video/dal-cgy-333280664,,Markström,,,,,,,,,,,,,,,,,CGY
2021021242,20212022,2,2022-04-21,False,2022-04-22T02:30:00Z,-04:00,-07:00,America/Los_Angeles,OFF,OK,16,Blackhawks,Chicago,de Chicago,CHI,1,26,Kings,Los Angeles,de Los Angeles,LAK,4,3,REG,3,REG,8471734,8471685.0,/video/chi-lak-333286980,,,,,,,,,,,,,,,,,,,LAK
2021021243,20212022,2,2022-04-21,False,2022-04-22T02:30:00Z,-04:00,-07:00,US/Pacific,OFF,OK,19,Blues,St. Louis,de St. Louis,STL,3,28,Sharks,San Jose,de San Jose,SJS,1,3,REG,3,REG,8476412,8480023.0,/video/stl-sjs-333287458,,,,,,,,,,,,,,,,,,,STL
2021021244,20212022,2,2022-04-22,False,2022-04-22T23:00:00Z,-04:00,-04:00,US/Eastern,OFF,OK,9,Senators,Ottawa,d'Ottawa,OTT,2,29,Blue Jackets,Columbus,de Columbus,CBJ,1,5,SO,3,SO,8479406,,/video/ott-cbj-333310808,Sénateurs,,,,,,,,,,,,,,,,,,OTT
2021021245,20212022,2,2022-04-22,False,2022-04-23T00:00:00Z,-04:00,-05:00,US/Central,OFF,OK,55,Kraken,Seattle,de Seattle,SEA,3,30,Wild,Minnesota,du Minnesota,MIN,6,3,REG,3,REG,8470594,8477451.0,/video/sea-min-333312416,,,,,,,,,,,,,,,,,,,MIN
2021021246,20212022,2,2022-04-22,False,2022-04-23T01:00:00Z,-04:00,-06:00,America/Edmonton,OFF,OK,21,Avalanche,Colorado,du Colorado,COL,3,22,Oilers,Edmonton,d'Edmonton,EDM,6,3,REG,3,REG,8469608,8475169.0,/video/col-edm-333315608,,,,,,,,,,,,,,,,,,,EDM
2021021247,20212022,2,2022-04-22,False,2022-04-23T02:30:00Z,-04:00,-07:00,America/Phoenix,OFF,OK,15,Capitals,Washington,de Washington,WSH,2,53,Coyotes,Arizona,de l'Arizona,ARI,0,3,REG,3,REG,8477970,8477839.0,/video/wsh-ari-333319186,,,,,,,,,,,,,,,,,,,WSH
2021021251,20212022,2,2022-04-23,False,2022-04-23T16:30:00Z,-04:00,-04:00,America/Detroit,OFF,OK,5,Penguins,Pittsburgh,de Pittsburgh,PIT,7,17,Red Wings,Detroit,de Detroit,DET,2,3,REG,3,REG,8479193,8476483.0,/video/pit-det-333332680,,,,,,,,,,,,,,,,,,,PIT
2021021254,20212022,2,2022-04-23,False,2022-04-23T16:30:00Z,-04:00,-04:00,US/Eastern,OFF,OK,12,Hurricanes,Carolina,de la Caroline,CAR,3,1,Devils,New Jersey,du New Jersey,NJD,2,4,OT,3,OT,8481611,8482093.0,/video/car-njd-333332274,,,,,,,,,,,,,,,,,,,CAR
2021021249,20212022,2,2022-04-23,False,2022-04-23T16:30:00Z,-04:00,-04:00,America/New_York,OFF,OK,2,Islanders,New York,de New York,NYI,3,7,Sabres,Buffalo,de Buffalo,BUF,5,3,REG,3,REG,8474682,8476994.0,/video/nyi-buf-333332238,,,,,,,,,,,,,,,,,,,BUF
2021021248,20212022,2,2022-04-23,False,2022-04-23T19:00:00Z,-04:00,-04:00,US/Eastern,OFF,OK,3,Rangers,New York,de New York,NYR,1,6,Bruins,Boston,de Boston,BOS,3,3,REG,3,REG,8476999,8475791.0,/video/nyr-bos-333335244,,,,,,,,,,,,,,,,,,,BOS
2021021252,20212022,2,2022-04-23,False,2022-04-23T23:00:00Z,-04:00,-04:00,US/Eastern,OFF,OK,18,Predators,Nashville,de Nashville,NSH,2,14,Lightning,Tampa Bay,de Tampa Bay,TBL,6,3,REG,3,REG,8470880,8476453.0,/video/nsh-tbl-333348130,,,,,,,,,,,,,,,,,,,TBL
2021021253,20212022,2,2022-04-23,False,2022-04-23T23:00:00Z,-04:00,-04:00,US/Eastern,OFF,OK,10,Maple Leafs,Toronto,de Toronto,TOR,2,13,Panthers,Florida,de la Floride,FLA,3,4,OT,3,OT,8475683,8477986.0,/video/tor-fla-333346604,,,,,,,,,,,,,,,,,,,FLA
2021021250,20212022,2,2022-04-23,False,2022-04-23T23:00:00Z,-04:00,-04:00,US/Eastern,OFF,OK,8,Canadiens,Montréal,de Montréal,MTL,4,9,Senators,Ottawa,d'Ottawa,OTT,6,3,REG,3,REG,8476341,8480355.0,/video/mtl-ott-333347366,,,Sénateurs,,,,,,,,,,,,,,,,OTT
2021021259,20212022,2,2022-04-23,False,2022-04-24T00:00:00Z,-04:00,-07:00,US/Pacific,OFF,OK,16,Blackhawks,Chicago,de Chicago,CHI,1,28,Sharks,San Jose,de San Jose,SJS,4,3,REG,3,REG,8478039,8476881.0,/video/chi-sjs-333351612,,Kähkönen,,,,,,,,,,,,,,,,,SJS
2021021255,20212022,2,2022-04-23,False,2022-04-24T00:00:00Z,-04:00,-05:00,US/Central,OFF,OK,55,Kraken,Seattle,de Seattle,SEA,2,25,Stars,Dallas,de Dallas,DAL,3,3,REG,3,REG,8479979,8476480.0,/video/sea-dal-333351876,,,,,,,,,,,,,,,,,,,DAL
2021021256,20212022,2,2022-04-23,False,2022-04-24T02:00:00Z,-04:00,-06:00,America/Edmonton,OFF,OK,23,Canucks,Vancouver,de Vancouver,VAN,3,20,Flames,Calgary,de Calgary,CGY,6,3,REG,3,REG,8478435,8479346.0,/video/van-cgy-333359838,,,,,,,,,,,,,,,,,,,CGY
2021021257,20212022,2,2022-04-23,False,2022-04-24T02:00:00Z,-04:00,-07:00,America/Phoenix,OFF,OK,19,Blues,St. Louis,de St. Louis,STL,5,53,Coyotes,Arizona,de l'Arizona,ARI,4,4,OT,3,OT,8476412,8475753.0,/video/stl-ari-333358940,,,,,,,,,,,,,,,,,,,STL
2021021258,20212022,2,2022-04-23,False,2022-04-24T02:30:00Z,-04:00,-07:00,America/Los_Angeles,OFF,OK,24,Ducks,Anaheim,d'Anaheim,ANA,2,26,Kings,Los Angeles,de Los Angeles,LAK,4,3,REG,3,REG,8471734,8471303.0,/video/ana-lak-333361226,,,,,,,,,,,,,,,,,,,LAK
2021021261,20212022,2,2022-04-24,False,2022-04-24T17:00:00Z,-04:00,-04:00,US/Eastern,OFF,OK,17,Red Wings,Detroit,de Detroit,DET,3,1,Devils,New Jersey,du New Jersey,NJD,0,3,REG,3,REG,8477968,8476897.0,/video/det-njd-333374172,,,,,,,,,,,,,,,,,,,DET
2021021266,20212022,2,2022-04-24,False,2022-04-24T17:00:00Z,-04:00,-04:00,US/Eastern,OFF,OK,22,Oilers,Edmonton,d'Edmonton,EDM,2,29,Blue Jackets,Columbus,de Columbus,CBJ,5,3,REG,3,REG,8478007,8483565.0,/video/edm-cbj-333375128,,,,,,,,,,,,,,,,,,,CBJ
2021021262,20212022,2,2022-04-24,False,2022-04-24T17:00:00Z,-04:00,-04:00,America/New_York,OFF,OK,12,Hurricanes,Carolina,de la Caroline,CAR,5,2,Islanders,New York,de New York,NYI,2,3,REG,3,REG,8481611,8477503.0,/video/car-nyi-333374030,,,,,,,,,,,,,,,,,,,CAR
2021021264,20212022,2,2022-04-24,False,2022-04-24T20:00:00Z,-04:00,-04:00,US/Eastern,OFF,OK,5,Penguins,Pittsburgh,de Pittsburgh,PIT,1,4,Flyers,Philadelphia,de Philadelphie,PHI,4,3,REG,3,REG,8474889,8480220.0,/video/pit-phi-333378964,,,,,,,,,,,,,,,,,,,PHI
2021021265,20212022,2,2022-04-24,False,2022-04-24T23:00:00Z,-04:00,-04:00,US/Eastern,OFF,OK,10,Maple Leafs,Toronto,de Toronto,TOR,4,15,Capitals,Washington,de Washington,WSH,3,5,SO,3,SO,8478902,,/video/tor-wsh-333392166,,,,,,,,,,,,,,,,,,,TOR
2021021268,20212022,2,2022-04-24,False,2022-04-24T23:00:00Z,-04:00,-05:00,America/Winnipeg,OFF,OK,21,Avalanche,Colorado,du Colorado,COL,1,52,Jets,Winnipeg,de Winnipeg,WPG,4,3,REG,3,REG,8476945,8471218.0,/video/col-wpg-333390070,,,,,,,,,,,,,,,,,,,WPG
2021021260,20212022,2,2022-04-24,False,2022-04-24T23:00:00Z,-04:00,-04:00,US/Eastern,OFF,OK,14,Lightning,Tampa Bay,de Tampa Bay,TBL,8,13,Panthers,Florida,de la Floride,FLA,4,3,REG,3,REG,8476883,8477426.0,/video/tbl-fla-333389824,,,,,,,,,,,,,,,,,,,TBL
2021020471,20212022,2,2022-04-24,False,2022-04-24T23:00:00Z,-04:00,-04:00,America/Montreal,OFF,OK,6,Bruins,Boston,de Boston,BOS,5,8,Canadiens,Montréal,de Montréal,MTL,3,3,REG,3,REG,8480280,8479325.0,/video/bos-mtl-333391702,,,,,,,,,,,,,,,,,,,BOS
2021021267,20212022,2,2022-04-24,False,2022-04-25T00:00:00Z,-04:00,-05:00,US/Central,OFF,OK,30,Wild,Minnesota,du Minnesota,MIN,5,18,Predators,Nashville,de Nashville,NSH,4,4,OT,3,OT,8470594,8475179.0,/video/min-nsh-333397988,,,,,,,,,,,,,,,,,,,MIN
2021021270,20212022,2,2022-04-24,False,2022-04-25T00:30:00Z,-04:00,-07:00,America/Los_Angeles,OFF,OK,19,Blues,St. Louis,de St. Louis,STL,6,24,Ducks,Anaheim,d'Anaheim,ANA,3,3,REG,3,REG,8478024,8475753.0,/video/stl-ana-333398284,,,,,,,,,,,,,,,,,,,STL
2021021269,20212022,2,2022-04-24,False,2022-04-25T02:00:00Z,-04:00,-07:00,US/Pacific,OFF,OK,28,Sharks,San Jose,de San Jose,SJS,5,54,Golden Knights,Vegas,de Vegas,VGK,4,5,SO,3,SO,8473503,,/video/sjs-vgk-333402036,,,,,,,,,,,,,,,,,,,SJS
2021021271,20212022,2,2022-04-25,False,2022-04-26T00:00:00Z,-04:00,-05:00,America/Chicago,OFF,OK,4,Flyers,Philadelphia,de Philadelphie,PHI,1,16,Blackhawks,Chicago,de Chicago,CHI,3,3,REG,3,REG,8480947,8473604.0,/video/phi-chi-333423876,,,,,,,,,,,,,,,,,,,CHI
2021020829,20212022,2,2022-04-26,False,2022-04-26T23:00:00Z,-04:00,-04:00,America/Toronto,OFF,OK,17,Red Wings,Detroit,de Detroit,DET,0,10,Maple Leafs,Toronto,de Toronto,TOR,3,3,REG,3,REG,8475789,8479318.0,/video/det-tor-333454980,,,,,,,,,,,,,,,,,,,TOR
2021021278,20212022,2,2022-04-26,False,2022-04-26T23:00:00Z,-04:00,-04:00,US/Eastern,OFF,OK,22,Oilers,Edmonton,d'Edmonton,EDM,5,5,Penguins,Pittsburgh,de Pittsburgh,PIT,1,3,REG,3,REG,8469608,8475169.0,/video/edm-pit-333458046,,,,,,,,,,,,,,,,,,,EDM
2021021279,20212022,2,2022-04-26,False,2022-04-26T23:00:00Z,-04:00,-04:00,US/Eastern,OFF,OK,2,Islanders,New York,de New York,NYI,4,15,Capitals,Washington,de Washington,WSH,1,3,REG,3,REG,8478009,8480865.0,/video/nyi-wsh-333456082,,,,,,,,,,,,,,,,,,,NYI
2021021277,20212022,2,2022-04-26,False,2022-04-26T23:00:00Z,-04:00,-04:00,America/New_York,OFF,OK,12,Hurricanes,Carolina,de la Caroline,CAR,4,3,Rangers,New York,de New York,NYR,3,3,REG,3,REG,8481611,8478427.0,/video/car-nyr-333456712,,,,,,,,,,,,,,,,,,,CAR
2021021276,20212022,2,2022-04-26,False,2022-04-26T23:00:00Z,-04:00,-04:00,US/Eastern,OFF,OK,29,Blue Jackets,Columbus,de Columbus,CBJ,1,14,Lightning,Tampa Bay,de Tampa Bay,TBL,4,3,REG,3,REG,8476883,8474564.0,/video/cbj-tbl-333453000,,,,,,,,,,,,,,,,,,,TBL
2021021272,20212022,2,2022-04-26,False,2022-04-26T23:00:00Z,-04:00,-04:00,US/Eastern,OFF,OK,13,Panthers,Florida,de la Floride,FLA,2,6,Bruins,Boston,de Boston,BOS,4,3,REG,3,REG,8476999,8478498.0,/video/fla-bos-333457408,,,,,,,,,,,,,,,,,,,BOS
2021021274,20212022,2,2022-04-26,False,2022-04-26T23:00:00Z,-04:00,-04:00,US/Eastern,OFF,OK,1,Devils,New Jersey,du New Jersey,NJD,4,9,Senators,Ottawa,d'Ottawa,OTT,5,4,OT,3,OT,8476341,8480208.0,/video/njd-ott-333458432,,,Sénateurs,,,,,,,,,,,,,,,,OTT
2021021280,20212022,2,2022-04-26,False,2022-04-27T00:00:00Z,-04:00,-05:00,US/Central,OFF,OK,20,Flames,Calgary,de Calgary,CGY,5,18,Predators,Nashville,de Nashville,NSH,4,4,OT,3,OT,8478435,8477496.0,/video/cgy-nsh-333467404,,,,,,,,,,,,,,,,,,,CGY
2021021282,20212022,2,2022-04-26,False,2022-04-27T00:00:00Z,-04:00,-05:00,US/Central,OFF,OK,53,Coyotes,Arizona,de l'Arizona,ARI,5,30,Wild,Minnesota,du Minnesota,MIN,3,3,REG,3,REG,8478872,8476329.0,/video/ari-min-333465282,,,,,,,,,,,,,,,,,,,ARI
2021021281,20212022,2,2022-04-26,False,2022-04-27T00:30:00Z,-04:00,-05:00,US/Central,OFF,OK,54,Golden Knights,Vegas,de Vegas,VGK,2,25,Stars,Dallas,de Dallas,DAL,3,5,SO,3,SO,8479979,,/video/vgk-dal-333471494,,,,,,,,,,,,,,,,,,,DAL
2021021283,20212022,2,2022-04-26,False,2022-04-27T01:30:00Z,-04:00,-06:00,America/Denver,OFF,OK,19,Blues,St. Louis,de St. Louis,STL,3,21,Avalanche,Colorado,du Colorado,COL,5,3,REG,3,REG,8475311,8477476.0,/video/stl-col-333473578,,,,,,,,,,,,,,,,,,,COL
2021021284,20212022,2,2022-04-26,False,2022-04-27T02:00:00Z,-04:00,-07:00,America/Vancouver,OFF,OK,55,Kraken,Seattle,de Seattle,SEA,2,23,Canucks,Vancouver,de Vancouver,VAN,5,3,REG,3,REG,8477484,8475171.0,/video/sea-van-333475210,,,,,,,,,,,,,,,,,,,VAN
2021021285,20212022,2,2022-04-26,False,2022-04-27T02:30:00Z,-04:00,-07:00,US/Pacific,OFF,OK,24,Ducks,Anaheim,d'Anaheim,ANA,5,28,Sharks,San Jose,de San Jose,SJS,2,3,REG,3,REG,8476932,8477947.0,/video/ana-sjs-333476558,,,,,,,,,,,,,,,,,,,ANA
2021021288,20212022,2,2022-04-27,False,2022-04-27T23:30:00Z,-04:00,-05:00,America/Winnipeg,OFF,OK,4,Flyers,Philadelphia,de Philadelphie,PHI,0,52,Jets,Winnipeg,de Winnipeg,WPG,4,3,REG,3,REG,8477480,8479400.0,/video/phi-wpg-333500436,,,,,,,,,,,,,,,,,,,WPG
2021020505,20212022,2,2022-04-27,False,2022-04-27T23:30:00Z,-04:00,-04:00,America/New_York,OFF,OK,8,Canadiens,Montréal,de Montréal,MTL,4,3,Rangers,New York,de New York,NYR,3,3,REG,3,REG,8478470,8473507.0,/video/mtl-nyr-333500682,,,,,,,,,,,,,,,,,,,MTL
2021021286,20212022,2,2022-04-27,False,2022-04-28T00:30:00Z,-04:00,-05:00,America/Chicago,OFF,OK,54,Golden Knights,Vegas,de Vegas,VGK,3,16,Blackhawks,Chicago,de Chicago,CHI,4,5,SO,3,SO,8480947,,/video/vgk-chi-333505788,,,,,,,,,,,,,,,,,,,CHI
2021021287,20212022,2,2022-04-27,False,2022-04-28T00:30:00Z,-04:00,-05:00,US/Central,OFF,OK,53,Coyotes,Arizona,de l'Arizona,ARI,4,25,Stars,Dallas,de Dallas,DAL,3,4,OT,3,OT,8474667,8476329.0,/video/ari-dal-333505598,,,,,,,,,,,,,,,,,,,ARI
2021021289,20212022,2,2022-04-27,False,2022-04-28T02:00:00Z,-04:00,-07:00,US/Pacific,OFF,OK,26,Kings,Los Angeles,de Los Angeles,LAK,5,55,Kraken,Seattle,de Seattle,SEA,3,3,REG,3,REG,8471734,8480072.0,/video/lak-sea-333508648,,,,,,,,,,,,,,,,,,,LAK
2021021294,20212022,2,2022-04-28,False,2022-04-28T23:00:00Z,-04:00,-04:00,US/Eastern,OFF,OK,1,Devils,New Jersey,du New Jersey,NJD,3,12,Hurricanes,Carolina,de la Caroline,CAR,6,3,REG,3,REG,8477293,8476882.0,/video/njd-car-333533040,,,,,,,,,,,,,,,,,,,CAR
2021020513,20212022,2,2022-04-28,False,2022-04-28T23:00:00Z,-04:00,-04:00,America/New_York,OFF,OK,15,Capitals,Washington,de Washington,WSH,1,2,Islanders,New York,de New York,NYI,5,3,REG,3,REG,8473575,8475314.0,/video/wsh-nyi-333536008,,,,,,,,,,,,,,,,,,,NYI
2021021305,20212022,2,2022-04-28,False,2022-04-28T23:00:00Z,-04:00,-04:00,US/Eastern,OFF,OK,14,Lightning,Tampa Bay,de Tampa Bay,TBL,2,29,Blue Jackets,Columbus,de Columbus,CBJ,5,3,REG,3,REG,8478007,8478458.0,/video/tbl-cbj-333535504,,,,,,,,,,,,,,,,,,,CBJ
2021021290,20212022,2,2022-04-28,False,2022-04-28T23:00:00Z,-04:00,-04:00,US/Eastern,OFF,OK,7,Sabres,Buffalo,de Buffalo,BUF,0,6,Bruins,Boston,de Boston,BOS,5,3,REG,3,REG,8476999,8470638.0,/video/buf-bos-333536194,,,,,,,,,,,,,,,,,,,BOS
2021021291,20212022,2,2022-04-28,False,2022-04-28T23:00:00Z,-04:00,-04:00,US/Eastern,OFF,OK,13,Panthers,Florida,de la Floride,FLA,4,9,Senators,Ottawa,d'Ottawa,OTT,0,3,REG,3,REG,8481519,8477933.0,/video/fla-ott-333532148,,,Sénateurs,,,,,,,,,,,,,,,,FLA
2021021295,20212022,2,2022-04-28,False,2022-04-29T00:00:00Z,-04:00,-05:00,US/Central,OFF,OK,20,Flames,Calgary,de Calgary,CGY,2,30,Wild,Minnesota,du Minnesota,MIN,3,4,OT,3,OT,8475660,8478864.0,/video/cgy-min-333541348,,,,,,,,,,,,,,,,,,,MIN
2021021297,20212022,2,2022-04-28,False,2022-04-29T01:00:00Z,-04:00,-06:00,America/Edmonton,OFF,OK,28,Sharks,San Jose,de San Jose,SJS,4,22,Oilers,Edmonton,d'Edmonton,EDM,5,4,OT,3,OT,8475156,8475786.0,/video/sjs-edm-333545900,,,,,,,,,,,,,,,,,,,EDM
2021021296,20212022,2,2022-04-28,False,2022-04-29T01:00:00Z,-04:00,-06:00,America/Denver,OFF,OK,18,Predators,Nashville,de Nashville,NSH,5,21,Avalanche,Colorado,du Colorado,COL,4,5,SO,3,SO,8479496,,/video/nsh-col-333547566,,,,,,,,,,,,,,,,,,,NSH
2021021310,20212022,2,2022-04-28,False,2022-04-29T02:00:00Z,-04:00,-07:00,America/Vancouver,OFF,OK,26,Kings,Los Angeles,de Los Angeles,LAK,2,23,Canucks,Vancouver,de Vancouver,VAN,3,4,OT,3,OT,8477484,8478444.0,/video/lak-van-333550342,,,,,,,,,,,,,,,,,,,VAN
2021021301,20212022,2,2022-04-29,False,2022-04-29T23:00:00Z,-04:00,-04:00,US/Eastern,OFF,OK,17,Red Wings,Detroit,de Detroit,DET,5,1,Devils,New Jersey,du New Jersey,NJD,3,3,REG,3,REG,8476433,8480459.0,/video/det-njd-333588174,,,,,,,,,,,,,,,,,,,DET
2021021299,20212022,2,2022-04-29,False,2022-04-29T23:00:00Z,-04:00,-04:00,America/Toronto,OFF,OK,6,Bruins,Boston,de Boston,BOS,2,10,Maple Leafs,Toronto,de Toronto,TOR,5,3,REG,3,REG,8478902,8481720.0,/video/bos-tor-333589446,,,,,,,,,,,,,,,,,,,TOR
2021021300,20212022,2,2022-04-29,False,2022-04-29T23:00:00Z,-04:00,-04:00,America/Montreal,OFF,OK,13,Panthers,Florida,de la Floride,FLA,2,8,Canadiens,Montréal,de Montréal,MTL,10,3,REG,3,REG,8471679,8481540.0,/video/fla-mtl-333590646,,,,,,,,,,,,,,,,,,,MTL
2021021303,20212022,2,2022-04-29,False,2022-04-29T23:00:00Z,-04:00,-04:00,US/Eastern,OFF,OK,9,Senators,Ottawa,d'Ottawa,OTT,4,4,Flyers,Philadelphia,de Philadelphie,PHI,2,3,REG,3,REG,8476341,8480801.0,/video/ott-phi-333591414,Sénateurs,,,,,,,,,,,,,,,,,,OTT
2021021298,20212022,2,2022-04-29,False,2022-04-29T23:00:00Z,-04:00,-04:00,America/New_York,OFF,OK,16,Blackhawks,Chicago,de Chicago,CHI,2,7,Sabres,Buffalo,de Buffalo,BUF,3,4,OT,3,OT,8474682,8479999.0,/video/chi-buf-333590524,,,,,,,,,,,,,,,,,,,BUF
2021021302,20212022,2,2022-04-29,False,2022-04-29T23:00:00Z,-04:00,-04:00,America/New_York,OFF,OK,15,Capitals,Washington,de Washington,WSH,2,3,Rangers,New York,de New York,NYR,3,3,REG,3,REG,8480382,8478211.0,/video/wsh-nyr-333589244,,,,,,,,,,,,,,,,,,,NYR
2021021169,20212022,2,2022-04-29,False,2022-04-29T23:00:00Z,-04:00,-04:00,US/Eastern,OFF,OK,29,Blue Jackets,Columbus,de Columbus,CBJ,3,5,Penguins,Pittsburgh,de Pittsburgh,PIT,5,3,REG,3,REG,8479193,8471724.0,/video/cbj-pit-333589984,,,,,,,,,,,,,,,,,,,PIT
2021021292,20212022,2,2022-04-29,False,2022-04-29T23:30:00Z,-04:00,-04:00,America/New_York,OFF,OK,14,Lightning,Tampa Bay,de Tampa Bay,TBL,6,2,Islanders,New York,de New York,NYI,4,3,REG,3,REG,8476883,8474564.0,/video/tbl-nyi-333594544,,,,,,,,,,,,,,,,,,,TBL
2021021306,20212022,2,2022-04-29,False,2022-04-30T00:00:00Z,-04:00,-05:00,US/Central,OFF,OK,54,Golden Knights,Vegas,de Vegas,VGK,7,19,Blues,St. Louis,de St. Louis,STL,4,3,REG,3,REG,8480313,8476539.0,/video/vgk-stl-333598206,,,,,,,,,,,,,,,,,,,VGK
2021021308,20212022,2,2022-04-29,False,2022-04-30T00:00:00Z,-04:00,-05:00,US/Central,OFF,OK,21,Avalanche,Colorado,du Colorado,COL,1,30,Wild,Minnesota,du Minnesota,MIN,4,3,REG,3,REG,8470594,8479370.0,/video/col-min-333599768,,,,,,,,,,,,,,,,,,,MIN
2021021309,20212022,2,2022-04-29,False,2022-04-30T00:00:00Z,-04:00,-05:00,America/Winnipeg,OFF,OK,20,Flames,Calgary,de Calgary,CGY,1,52,Jets,Winnipeg,de Winnipeg,WPG,3,3,REG,3,REG,8476945,8478891.0,/video/cgy-wpg-333596522,,,,,,,,,,,,,,,,,,,WPG
2021021307,20212022,2,2022-04-29,False,2022-04-30T00:30:00Z,-04:00,-05:00,US/Central,OFF,OK,24,Ducks,Anaheim,d'Anaheim,ANA,2,25,Stars,Dallas,de Dallas,DAL,4,3,REG,3,REG,8479979,8480027.0,/video/ana-dal-333603606,,,,,,,,,,,,,,,,,,,DAL
2021021207,20212022,2,2022-04-29,False,2022-04-30T01:00:00Z,-04:00,-06:00,America/Edmonton,OFF,OK,23,Canucks,Vancouver,de Vancouver,VAN,2,22,Oilers,Edmonton,d'Edmonton,EDM,3,5,SO,3,SO,8475156,,/video/van-edm-333608262,,,,,,,,,,,,,,,,,,,EDM
2021021312,20212022,2,2022-04-29,False,2022-04-30T02:00:00Z,-04:00,-07:00,US/Pacific,OFF,OK,28,Sharks,San Jose,de San Jose,SJS,0,55,Kraken,Seattle,de Seattle,SEA,3,3,REG,3,REG,8476904,8476826.0,/video/sjs-sea-333611658,,,,,,,,,,,,,,,,,,,SEA
2021021311,20212022,2,2022-04-29,False,2022-04-30T02:30:00Z,-04:00,-07:00,America/Phoenix,OFF,OK,18,Predators,Nashville,de Nashville,NSH,4,53,Coyotes,Arizona,de l'Arizona,ARI,5,3,REG,3,REG,8474667,8476906.0,/video/nsh-ari-333616382,,,,,,,,,,,,,,,,,,,ARI
2021021179,20212022,2,2022-05-01,False,2022-05-01T18:00:00Z,-04:00,-05:00,America/Winnipeg,OFF,OK,55,Kraken,Seattle,de Seattle,SEA,3,52,Jets,Winnipeg,de Winnipeg,WPG,4,3,REG,3,REG,8477480,8478398.0,/video/sea-wpg-333653952,,,,,,,,,,,,,,,,,,,WPG
2021030131,20212022,3,2022-05-02,False,2022-05-02T23:00:00Z,-04:00,-04:00,US/Eastern,OFF,OK,6,Bruins,Boston,de Boston,BOS,1,12,Hurricanes,Carolina,de la Caroline,CAR,5,3,REG,3,REG,8477293,8475799.0,/video/first-round-gm1-bos-car-333686066,,,,/schedule/playoff-series/2022/series-c/hurricanes-vs-bruins,1.0,R1,1st Round,C,4.0,1.0,0.0,1.0,,,,,,,CAR
2021030121,20212022,3,2022-05-02,False,2022-05-02T23:30:00Z,-04:00,-04:00,America/Toronto,OFF,OK,14,Lightning,Tampa Bay,de Tampa Bay,TBL,0,10,Maple Leafs,Toronto,de Toronto,TOR,5,3,REG,3,REG,8475789,8474162.0,/video/first-round-gm1-tbl-tor-333687796,,,,/schedule/playoff-series/2022/series-b/mapleleafs-vs-lightning,1.0,R1,1st Round,B,4.0,1.0,0.0,1.0,,,,,,,TOR
2021030161,20212022,3,2022-05-02,False,2022-05-03T01:30:00Z,-04:00,-05:00,US/Central,OFF,OK,19,Blues,St. Louis,de St. Louis,STL,4,30,Wild,Minnesota,du Minnesota,MIN,0,3,REG,3,REG,8478024,8474102.0,/video/first-round-gm1-stl-min-333693368,,,,/schedule/playoff-series/2022/series-f/wild-vs-blues,1.0,R1,1st Round,F,4.0,0.0,1.0,1.0,,,,,,,STL
2021030181,20212022,3,2022-05-02,False,2022-05-03T02:00:00Z,-04:00,-06:00,America/Edmonton,OFF,OK,26,Kings,Los Angeles,de Los Angeles,LAK,4,22,Oilers,Edmonton,d'Edmonton,EDM,3,3,REG,3,REG,8471734,8476479.0,/video/first-round-gm1-lak-edm-333694504,,,,/schedule/playoff-series/2022/series-h/oilers-vs-kings,1.0,R1,1st Round,H,4.0,0.0,1.0,1.0,,,,,,,LAK
2021030141,20212022,3,2022-05-03,False,2022-05-03T23:00:00Z,-04:00,-04:00,America/New_York,OFF,OK,5,Penguins,Pittsburgh,de Pittsburgh,PIT,4,3,Rangers,New York,de New York,NYR,3,6,OT,3,OT,8475839,8471215.0,/video/first-round-gm1-pit-nyr-333728276,,,,/schedule/playoff-series/2022/series-d/rangers-vs-penguins,1.0,R1,1st Round,D,4.0,0.0,1.0,1.0,,,,,,3.0,PIT
2021030111,20212022,3,2022-05-03,False,2022-05-03T23:30:00Z,-04:00,-04:00,US/Eastern,OFF,OK,15,Capitals,Washington,de Washington,WSH,4,13,Panthers,Florida,de la Floride,FLA,2,3,REG,3,REG,8477970,8471698.0,/video/first-round-gm1-wsh-fla-333723566,,,,/schedule/playoff-series/2022/series-a/panthers-vs-capitals,1.0,R1,1st Round,A,4.0,0.0,1.0,1.0,,,,,,,WSH
2021030151,20212022,3,2022-05-03,False,2022-05-04T01:30:00Z,-04:00,-06:00,America/Denver,OFF,OK,18,Predators,Nashville,de Nashville,NSH,2,21,Avalanche,Colorado,du Colorado,COL,7,3,REG,3,REG,8475311,8471699.0,/video/first-round-gm1-nsh-col-333731752,,,,/schedule/playoff-series/2022/series-e/avalanche-vs-predators,1.0,R1,1st Round,E,4.0,1.0,0.0,1.0,,,,,,,COL
2021030171,20212022,3,2022-05-03,False,2022-05-04T02:00:00Z,-04:00,-06:00,America/Edmonton,OFF,OK,25,Stars,Dallas,de Dallas,DAL,0,20,Flames,Calgary,de Calgary,CGY,1,3,REG,3,REG,8474593,8477496.0,/video/first-round-gm1-dal-cgy-333732820,,Markström,,/schedule/playoff-series/2022/series-g/flames-vs-stars,1.0,R1,1st Round,G,4.0,1.0,0.0,1.0,,,,,,,CGY
2021030132,20212022,3,2022-05-04,False,2022-05-04T23:00:00Z,-04:00,-04:00,US/Eastern,OFF,OK,6,Bruins,Boston,de Boston,BOS,2,12,Hurricanes,Carolina,de la Caroline,CAR,5,3,REG,3,REG,8481611,8478427.0,/video/first-round-gm2-bos-car-333772096,,,,/schedule/playoff-series/2022/series-c/hurricanes-vs-bruins,1.0,R1,1st Round,C,4.0,2.0,0.0,2.0,,,,,,,CAR
2021030122,20212022,3,2022-05-04,False,2022-05-04T23:30:00Z,-04:00,-04:00,America/Toronto,OFF,OK,14,Lightning,Tampa Bay,de Tampa Bay,TBL,5,10,Maple Leafs,Toronto,de Toronto,TOR,3,3,REG,3,REG,8476883,8479542.0,/video/first-round-gm2-tbl-tor-333772250,,,,/schedule/playoff-series/2022/series-b/mapleleafs-vs-lightning,1.0,R1,1st Round,B,4.0,1.0,1.0,2.0,,,,,,,TBL
2021030162,20212022,3,2022-05-04,False,2022-05-05T01:30:00Z,-04:00,-05:00,US/Central,OFF,OK,19,Blues,St. Louis,de St. Louis,STL,2,30,Wild,Minnesota,du Minnesota,MIN,6,3,REG,3,REG,8470594,8478864.0,/video/first-round-gm2-stl-min-333779034,,,,/schedule/playoff-series/2022/series-f/wild-vs-blues,1.0,R1,1st Round,F,4.0,1.0,1.0,2.0,,,,,,,MIN
2021030182,20212022,3,2022-05-04,False,2022-05-05T02:00:00Z,-04:00,-06:00,America/Edmonton,OFF,OK,26,Kings,Los Angeles,de Los Angeles,LAK,0,22,Oilers,Edmonton,d'Edmonton,EDM,6,3,REG,3,REG,8469608,8477934.0,/video/first-round-gm2-lak-edm-333779394,,,,/schedule/playoff-series/2022/series-h/oilers-vs-kings,1.0,R1,1st Round,H,4.0,1.0,1.0,2.0,,,,,,,EDM
2021030142,20212022,3,2022-05-05,False,2022-05-05T23:00:00Z,-04:00,-04:00,America/New_York,OFF,OK,5,Penguins,Pittsburgh,de Pittsburgh,PIT,2,3,Rangers,New York,de New York,NYR,5,3,REG,3,REG,8478048,8475184.0,/video/first-round-gm2-pit-nyr-333805238,,,,/schedule/playoff-series/2022/series-d/rangers-vs-penguins,1.0,R1,1st Round,D,4.0,1.0,1.0,2.0,,,,,,,NYR
2021030112,20212022,3,2022-05-05,False,2022-05-05T23:30:00Z,-04:00,-04:00,US/Eastern,OFF,OK,15,Capitals,Washington,de Washington,WSH,1,13,Panthers,Florida,de la Floride,FLA,5,3,REG,3,REG,8475683,8477493.0,/video/first-round-gm2-wsh-fla-333807840,,,,/schedule/playoff-series/2022/series-a/panthers-vs-capitals,1.0,R1,1st Round,A,4.0,1.0,1.0,2.0,,,,,,,FLA
2021030152,20212022,3,2022-05-05,False,2022-05-06T01:30:00Z,-04:00,-06:00,America/Denver,OFF,OK,18,Predators,Nashville,de Nashville,NSH,1,21,Avalanche,Colorado,du Colorado,COL,2,4,OT,3,OT,8475311,8480069.0,/video/first-round-gm2-nsh-col-333813658,,,,/schedule/playoff-series/2022/series-e/avalanche-vs-predators,1.0,R1,1st Round,E,4.0,2.0,0.0,2.0,,,,,,,COL
2021030172,20212022,3,2022-05-05,False,2022-05-06T02:00:00Z,-04:00,-06:00,America/Edmonton,OFF,OK,25,Stars,Dallas,de Dallas,DAL,2,20,Flames,Calgary,de Calgary,CGY,0,3,REG,3,REG,8479979,8470794.0,/video/first-round-gm2-dal-cgy-333813590,,,,/schedule/playoff-series/2022/series-g/flames-vs-stars,1.0,R1,1st Round,G,4.0,1.0,1.0,2.0,,,,,,,DAL
2021030133,20212022,3,2022-05-06,False,2022-05-06T23:00:00Z,-04:00,-04:00,US/Eastern,OFF,OK,12,Hurricanes,Carolina,de la Caroline,CAR,2,6,Bruins,Boston,de Boston,BOS,4,3,REG,3,REG,8480280,8477956.0,/video/first-round-gm3-car-bos-333836644,,,,/schedule/playoff-series/2022/series-c/bruins-vs-hurricanes,1.0,R1,1st Round,C,4.0,2.0,1.0,3.0,,,,,,,BOS
2021030123,20212022,3,2022-05-06,False,2022-05-06T23:30:00Z,-04:00,-04:00,US/Eastern,OFF,OK,10,Maple Leafs,Toronto,de Toronto,TOR,5,14,Lightning,Tampa Bay,de Tampa Bay,TBL,2,3,REG,3,REG,8475789,8480144.0,/video/first-round-gm3-tor-tbl-333839452,,,,/schedule/playoff-series/2022/series-b/lightning-vs-mapleleafs,1.0,R1,1st Round,B,4.0,2.0,1.0,3.0,,,,,,,TOR
2021030163,20212022,3,2022-05-06,False,2022-05-07T01:30:00Z,-04:00,-05:00,US/Central,OFF,OK,30,Wild,Minnesota,du Minnesota,MIN,5,19,Blues,St. Louis,de St. Louis,STL,1,3,REG,3,REG,8470594,8478864.0,/video/first-round-gm3-min-stl-333846080,,,,/schedule/playoff-series/2022/series-f/blues-vs-wild,1.0,R1,1st Round,F,4.0,2.0,1.0,3.0,,,,,,,MIN
2021030183,20212022,3,2022-05-06,False,2022-05-07T02:00:00Z,-04:00,-07:00,America/Los_Angeles,OFF,OK,22,Oilers,Edmonton,d'Edmonton,EDM,8,26,Kings,Los Angeles,de Los Angeles,LAK,2,3,REG,3,REG,8469608,8475169.0,/video/first-round-gm3-edm-lak-333848690,,,,/schedule/playoff-series/2022/series-h/kings-vs-oilers,1.0,R1,1st Round,H,4.0,2.0,1.0,3.0,,,,,,,EDM
2021030113,20212022,3,2022-05-07,False,2022-05-07T17:00:00Z,-04:00,-04:00,US/Eastern,OFF,OK,13,Panthers,Florida,de la Floride,FLA,1,15,Capitals,Washington,de Washington,WSH,6,3,REG,3,REG,8478492,8475149.0,/video/first-round-gm3-fla-wsh-333860744,,,,/schedule/playoff-series/2022/series-a/capitals-vs-panthers,1.0,R1,1st Round,A,4.0,1.0,2.0,3.0,,,,,,,WSH
2021030153,20212022,3,2022-05-07,False,2022-05-07T20:30:00Z,-04:00,-05:00,US/Central,OFF,OK,21,Avalanche,Colorado,du Colorado,COL,7,18,Predators,Nashville,de Nashville,NSH,3,3,REG,3,REG,8480925,8476455.0,/video/first-round-gm3-col-nsh-333867638,,,,/schedule/playoff-series/2022/series-e/predators-vs-avalanche,1.0,R1,1st Round,E,4.0,3.0,0.0,3.0,,,,,,,COL
2021030143,20212022,3,2022-05-07,False,2022-05-07T23:00:00Z,-04:00,-04:00,US/Eastern,OFF,OK,3,Rangers,New York,de New York,NYR,4,5,Penguins,Pittsburgh,de Pittsburgh,PIT,7,3,REG,3,REG,8475839,8478046.0,/video/first-round-gm3-nyr-pit-333871986,,,,/schedule/playoff-series/2022/series-d/penguins-vs-rangers,1.0,R1,1st Round,D,4.0,1.0,2.0,3.0,,,,,,,PIT
2021030173,20212022,3,2022-05-07,False,2022-05-08T01:30:00Z,-04:00,-05:00,US/Central,OFF,OK,20,Flames,Calgary,de Calgary,CGY,2,25,Stars,Dallas,de Dallas,DAL,4,3,REG,3,REG,8479979,8470794.0,/video/first-round-gm3-cgy-dal-333877002,,,,/schedule/playoff-series/2022/series-g/stars-vs-flames,1.0,R1,1st Round,G,4.0,1.0,2.0,3.0,,,,,,,DAL
2021030134,20212022,3,2022-05-08,False,2022-05-08T16:30:00Z,-04:00,-04:00,US/Eastern,OFF,OK,12,Hurricanes,Carolina,de la Caroline,CAR,2,6,Bruins,Boston,de Boston,BOS,5,3,REG,3,REG,8480280,8473419.0,/video/first-round-gm4-car-bos-333888880,,,,/schedule/playoff-series/2022/series-c/bruins-vs-hurricanes,1.0,R1,1st Round,C,4.0,2.0,2.0,4.0,,,,,,,BOS
2021030164,20212022,3,2022-05-08,False,2022-05-08T20:30:00Z,-04:00,-05:00,US/Central,OFF,OK,30,Wild,Minnesota,du Minnesota,MIN,2,19,Blues,St. Louis,de St. Louis,STL,5,3,REG,3,REG,8476412,8479385.0,/video/first-round-gm4-min-stl-333895468,,,,/schedule/playoff-series/2022/series-f/blues-vs-wild,1.0,R1,1st Round,F,4.0,2.0,2.0,4.0,,,,,,,STL
2021030124,20212022,3,2022-05-08,False,2022-05-08T23:00:00Z,-04:00,-04:00,US/Eastern,OFF,OK,10,Maple Leafs,Toronto,de Toronto,TOR,3,14,Lightning,Tampa Bay,de Tampa Bay,TBL,7,3,REG,3,REG,8476883,8479525.0,/video/first-round-gm4-tor-tbl-333899518,,,,/schedule/playoff-series/2022/series-b/lightning-vs-mapleleafs,1.0,R1,1st Round,B,4.0,2.0,2.0,4.0,,,,,,,TBL
2021030184,20212022,3,2022-05-08,False,2022-05-09T02:00:00Z,-04:00,-07:00,America/Los_Angeles,OFF,OK,22,Oilers,Edmonton,d'Edmonton,EDM,0,26,Kings,Los Angeles,de Los Angeles,LAK,4,3,REG,3,REG,8471734,8479675.0,/video/first-round-gm4-edm-lak-333906460,,,,/schedule/playoff-series/2022/series-h/kings-vs-oilers,1.0,R1,1st Round,H,4.0,2.0,2.0,4.0,,,,,,,LAK
2021030144,20212022,3,2022-05-09,False,2022-05-09T23:00:00Z,-04:00,-04:00,US/Eastern,OFF,OK,3,Rangers,New York,de New York,NYR,2,5,Penguins,Pittsburgh,de Pittsburgh,PIT,7,3,REG,3,REG,8475839,8477404.0,/video/first-round-gm4-nyr-pit-333927672,,,,/schedule/playoff-series/2022/series-d/penguins-vs-rangers,1.0,R1,1st Round,D,4.0,1.0,3.0,4.0,,,,,,,PIT
2021030114,20212022,3,2022-05-09,False,2022-05-09T23:00:00Z,-04:00,-04:00,US/Eastern,OFF,OK,13,Panthers,Florida,de la Floride,FLA,3,15,Capitals,Washington,de Washington,WSH,2,4,OT,3,OT,8475683,8477409.0,/video/first-round-gm4-fla-wsh-333929394,,,,/schedule/playoff-series/2022/series-a/capitals-vs-panthers,1.0,R1,1st Round,A,4.0,2.0,2.0,4.0,,,,,,,FLA
2021030154,20212022,3,2022-05-09,False,2022-05-10T01:30:00Z,-04:00,-05:00,US/Central,OFF,OK,21,Avalanche,Colorado,du Colorado,COL,5,18,Predators,Nashville,de Nashville,NSH,3,3,REG,3,REG,8480925,8477501.0,/video/first-round-gm4-col-nsh-333935742,,,,/schedule/playoff-series/2022/series-e/predators-vs-avalanche,1.0,R1,1st Round,E,4.0,4.0,0.0,4.0,,,,,,,COL
2021030174,20212022,3,2022-05-09,False,2022-05-10T01:30:00Z,-04:00,-05:00,US/Central,OFF,OK,20,Flames,Calgary,de Calgary,CGY,4,25,Stars,Dallas,de Dallas,DAL,1,3,REG,3,REG,8474593,8476346.0,/video/first-round-gm4-cgy-dal-333936864,,Markström,,/schedule/playoff-series/2022/series-g/stars-vs-flames,1.0,R1,1st Round,G,4.0,2.0,2.0,4.0,,,,,,,CGY
2021030135,20212022,3,2022-05-10,False,2022-05-10T23:00:00Z,-04:00,-04:00,US/Eastern,OFF,OK,6,Bruins,Boston,de Boston,BOS,1,12,Hurricanes,Carolina,de la Caroline,CAR,5,3,REG,3,REG,8477293,8477950.0,/video/first-round-gm5-bos-car-333965648,,,,/schedule/playoff-series/2022/series-c/hurricanes-vs-bruins,1.0,R1,1st Round,C,4.0,3.0,2.0,5.0,,,,,,,CAR
2021030125,20212022,3,2022-05-10,False,2022-05-10T23:30:00Z,-04:00,-04:00,America/Toronto,OFF,OK,14,Lightning,Tampa Bay,de Tampa Bay,TBL,3,10,Maple Leafs,Toronto,de Toronto,TOR,4,3,REG,3,REG,8475789,8479318.0,/video/first-round-gm5-tbl-tor-333967392,,,,/schedule/playoff-series/2022/series-b/mapleleafs-vs-lightning,1.0,R1,1st Round,B,4.0,3.0,2.0,5.0,,,,,,,TOR
2021030165,20212022,3,2022-05-10,False,2022-05-11T01:30:00Z,-04:00,-05:00,US/Central,OFF,OK,19,Blues,St. Louis,de St. Louis,STL,5,30,Wild,Minnesota,du Minnesota,MIN,2,3,REG,3,REG,8476412,8475765.0,/video/first-round-gm5-stl-min-333971926,,,,/schedule/playoff-series/2022/series-f/wild-vs-blues,1.0,R1,1st Round,F,4.0,2.0,3.0,5.0,,,,,,,STL
2021030185,20212022,3,2022-05-10,False,2022-05-11T02:00:00Z,-04:00,-06:00,America/Edmonton,OFF,OK,26,Kings,Los Angeles,de Los Angeles,LAK,5,22,Oilers,Edmonton,d'Edmonton,EDM,4,4,OT,3,OT,8471734,8477960.0,/video/first-round-gm5-lak-edm-333977386,,,,/schedule/playoff-series/2022/series-h/oilers-vs-kings,1.0,R1,1st Round,H,4.0,2.0,3.0,5.0,,,,,,,LAK
2021030145,20212022,3,2022-05-11,False,2022-05-11T23:00:00Z,-04:00,-04:00,America/New_York,OFF,OK,5,Penguins,Pittsburgh,de Pittsburgh,PIT,3,3,Rangers,New York,de New York,NYR,5,3,REG,3,REG,8478048,8480078.0,/video/first-round-gm5-pit-nyr-333999476,,,,/schedule/playoff-series/2022/series-d/rangers-vs-penguins,1.0,R1,1st Round,D,4.0,2.0,3.0,5.0,,,,,,,NYR
2021030115,20212022,3,2022-05-11,False,2022-05-11T23:30:00Z,-04:00,-04:00,US/Eastern,OFF,OK,15,Capitals,Washington,de Washington,WSH,3,13,Panthers,Florida,de la Floride,FLA,5,3,REG,3,REG,8475683,8477409.0,/video/first-round-gm5-wsh-fla-334000924,,,,/schedule/playoff-series/2022/series-a/panthers-vs-capitals,1.0,R1,1st Round,A,4.0,3.0,2.0,5.0,,,,,,,FLA
2021030175,20212022,3,2022-05-11,False,2022-05-12T01:30:00Z,-04:00,-06:00,America/Edmonton,OFF,OK,25,Stars,Dallas,de Dallas,DAL,1,20,Flames,Calgary,de Calgary,CGY,3,3,REG,3,REG,8474593,8478233.0,/video/first-round-gm5-dal-cgy-334005282,,Markström,,/schedule/playoff-series/2022/series-g/flames-vs-stars,1.0,R1,1st Round,G,4.0,3.0,2.0,5.0,,,,,,,CGY
2021030136,20212022,3,2022-05-12,False,2022-05-12T23:00:00Z,-04:00,-04:00,US/Eastern,OFF,OK,12,Hurricanes,Carolina,de la Caroline,CAR,2,6,Bruins,Boston,de Boston,BOS,5,3,REG,3,REG,8480280,8475287.0,/video/first-round-gm6-car-bos-334028506,,,,/schedule/playoff-series/2022/series-c/bruins-vs-hurricanes,1.0,R1,1st Round,C,4.0,3.0,3.0,6.0,,,,,,,BOS
2021030126,20212022,3,2022-05-12,False,2022-05-12T23:30:00Z,-04:00,-04:00,US/Eastern,OFF,OK,10,Maple Leafs,Toronto,de Toronto,TOR,3,14,Lightning,Tampa Bay,de Tampa Bay,TBL,4,4,OT,3,OT,8476883,8478010.0,/video/first-round-gm6-tor-tbl-334031266,,,,/schedule/playoff-series/2022/series-b/lightning-vs-mapleleafs,1.0,R1,1st Round,B,4.0,3.0,3.0,6.0,,,,,,,TBL
2021030166,20212022,3,2022-05-12,False,2022-05-13T01:30:00Z,-04:00,-05:00,US/Central,OFF,OK,30,Wild,Minnesota,du Minnesota,MIN,1,19,Blues,St. Louis,de St. Louis,STL,5,3,REG,3,REG,8476412,8475158.0,/video/first-round-gm6-min-stl-334036698,,,,/schedule/playoff-series/2022/series-f/blues-vs-wild,1.0,R1,1st Round,F,4.0,2.0,4.0,6.0,,,,,,,STL
2021030186,20212022,3,2022-05-12,False,2022-05-13T02:00:00Z,-04:00,-07:00,America/Los_Angeles,OFF,OK,22,Oilers,Edmonton,d'Edmonton,EDM,4,26,Kings,Los Angeles,de Los Angeles,LAK,2,3,REG,3,REG,8469608,8475197.0,/video/first-round-gm6-edm-lak-334039326,,,,/schedule/playoff-series/2022/series-h/kings-vs-oilers,1.0,R1,1st Round,H,4.0,3.0,3.0,6.0,,,,,,,EDM
2021030146,20212022,3,2022-05-13,False,2022-05-13T23:00:00Z,-04:00,-04:00,US/Eastern,OFF,OK,3,Rangers,New York,de New York,NYR,5,5,Penguins,Pittsburgh,de Pittsburgh,PIT,3,3,REG,3,REG,8478048,8475184.0,/video/first-round-gm6-nyr-pit-334060680,,,,/schedule/playoff-series/2022/series-d/penguins-vs-rangers,1.0,R1,1st Round,D,4.0,3.0,3.0,6.0,,,,,,,NYR
2021030116,20212022,3,2022-05-13,False,2022-05-13T23:30:00Z,-04:00,-04:00,US/Eastern,OFF,OK,13,Panthers,Florida,de la Floride,FLA,4,15,Capitals,Washington,de Washington,WSH,3,4,OT,3,OT,8475683,8477409.0,/video/first-round-gm6-fla-wsh-334065368,,,,/schedule/playoff-series/2022/series-a/capitals-vs-panthers,1.0,R1,1st Round,A,4.0,4.0,2.0,6.0,,,,,,,FLA
2021030176,20212022,3,2022-05-13,False,2022-05-14T01:30:00Z,-04:00,-05:00,US/Central,OFF,OK,20,Flames,Calgary,de Calgary,CGY,2,25,Stars,Dallas,de Dallas,DAL,4,3,REG,3,REG,8479979,8480036.0,/video/first-round-gm6-cgy-dal-334068574,,,,/schedule/playoff-series/2022/series-g/stars-vs-flames,1.0,R1,1st Round,G,4.0,3.0,3.0,6.0,,,,,,,DAL
2021030137,20212022,3,2022-05-14,False,2022-05-14T20:30:00Z,-04:00,-04:00,US/Eastern,OFF,OK,6,Bruins,Boston,de Boston,BOS,2,12,Hurricanes,Carolina,de la Caroline,CAR,3,3,REG,3,REG,8477293,8477503.0,/video/first-round-gm7-bos-car-334083350,,,,/schedule/playoff-series/2022/series-c/hurricanes-vs-bruins,1.0,R1,1st Round,C,4.0,4.0,3.0,7.0,,,,,,,CAR
2021030127,20212022,3,2022-05-14,False,2022-05-14T23:00:00Z,-04:00,-04:00,America/Toronto,OFF,OK,14,Lightning,Tampa Bay,de Tampa Bay,TBL,2,10,Maple Leafs,Toronto,de Toronto,TOR,1,3,REG,3,REG,8476883,8477426.0,/video/first-round-gm7-tbl-tor-334087488,,,,/schedule/playoff-series/2022/series-b/mapleleafs-vs-lightning,1.0,R1,1st Round,B,4.0,3.0,4.0,7.0,,,,,,,TBL
2021030187,20212022,3,2022-05-14,False,2022-05-15T02:00:00Z,-04:00,-06:00,America/Edmonton,OFF,OK,26,Kings,Los Angeles,de Los Angeles,LAK,0,22,Oilers,Edmonton,d'Edmonton,EDM,2,3,REG,3,REG,8469608,8476879.0,/video/first-round-gm7-lak-edm-334092872,,,,/schedule/playoff-series/2022/series-h/oilers-vs-kings,1.0,R1,1st Round,H,4.0,4.0,3.0,7.0,,,,,,,EDM
2021030147,20212022,3,2022-05-15,False,2022-05-15T23:00:00Z,-04:00,-04:00,America/New_York,OFF,OK,5,Penguins,Pittsburgh,de Pittsburgh,PIT,3,3,Rangers,New York,de New York,NYR,4,4,OT,3,OT,8478048,8478550.0,/video/first-round-gm7-pit-nyr-334108438,,,,/schedule/playoff-series/2022/series-d/rangers-vs-penguins,1.0,R1,1st Round,D,4.0,4.0,3.0,7.0,,,,,,,NYR
2021030177,20212022,3,2022-05-15,False,2022-05-16T01:30:00Z,-04:00,-06:00,America/Edmonton,OFF,OK,25,Stars,Dallas,de Dallas,DAL,2,20,Flames,Calgary,de Calgary,CGY,3,4,OT,3,OT,8474593,8476346.0,/video/first-round-gm7-dal-cgy-334113952,,Markström,,/schedule/playoff-series/2022/series-g/flames-vs-stars,1.0,R1,1st Round,G,4.0,4.0,3.0,7.0,,,,,,,CGY
2021030211,20212022,3,2022-05-17,False,2022-05-17T23:00:00Z,-04:00,-04:00,US/Eastern,OFF,OK,14,Lightning,Tampa Bay,de Tampa Bay,TBL,4,13,Panthers,Florida,de la Floride,FLA,1,3,REG,3,REG,8476883,8477930.0,/video/second-round-gm1-tbl-fla-334155158,,,,/schedule/playoff-series/2022/series-i/panthers-vs-lightning,2.0,R2,2nd Round,I,4.0,0.0,1.0,1.0,,,,,,,TBL
2021030231,20212022,3,2022-05-17,False,2022-05-18T01:30:00Z,-04:00,-06:00,America/Denver,OFF,OK,19,Blues,St. Louis,de St. Louis,STL,2,21,Avalanche,Colorado,du Colorado,COL,3,4,OT,3,OT,8475311,8476312.0,/video/second-round-gm1-stl-col-334160120,,,,/schedule/playoff-series/2022/series-k/avalanche-vs-blues,2.0,R2,2nd Round,K,4.0,1.0,0.0,1.0,,,,,,,COL
2021030221,20212022,3,2022-05-18,False,2022-05-18T23:00:00Z,-04:00,-04:00,US/Eastern,OFF,OK,3,Rangers,New York,de New York,NYR,1,12,Hurricanes,Carolina,de la Caroline,CAR,2,4,OT,3,OT,8477293,8474013.0,/video/second-round-gm1-nyr-car-334181654,,,,/schedule/playoff-series/2022/series-j/hurricanes-vs-rangers,2.0,R2,2nd Round,J,4.0,1.0,0.0,1.0,,,,,,,CAR
2021030241,20212022,3,2022-05-18,False,2022-05-19T01:30:00Z,-04:00,-06:00,America/Edmonton,OFF,OK,22,Oilers,Edmonton,d'Edmonton,EDM,6,20,Flames,Calgary,de Calgary,CGY,9,3,REG,3,REG,8474593,8478397.0,/video/second-round-gm1-edm-cgy-334187740,,Markström,,/schedule/playoff-series/2022/series-l/flames-vs-oilers,2.0,R2,2nd Round,L,4.0,1.0,0.0,1.0,,,,,,,CGY
2021030212,20212022,3,2022-05-19,False,2022-05-19T23:00:00Z,-04:00,-04:00,US/Eastern,OFF,OK,14,Lightning,Tampa Bay,de Tampa Bay,TBL,2,13,Panthers,Florida,de la Floride,FLA,1,3,REG,3,REG,8476883,8479525.0,/video/second-round-gm2-tbl-fla-334202852,,,,/schedule/playoff-series/2022/series-i/panthers-vs-lightning,2.0,R2,2nd Round,I,4.0,0.0,2.0,2.0,,,,,,,TBL
2021030232,20212022,3,2022-05-19,False,2022-05-20T01:30:00Z,-04:00,-06:00,America/Denver,OFF,OK,19,Blues,St. Louis,de St. Louis,STL,4,21,Avalanche,Colorado,du Colorado,COL,1,3,REG,3,REG,8476412,8474102.0,/video/second-round-gm2-stl-col-334206830,,,,/schedule/playoff-series/2022/series-k/avalanche-vs-blues,2.0,R2,2nd Round,K,4.0,1.0,1.0,2.0,,,,,,,STL
2021030222,20212022,3,2022-05-20,False,2022-05-21T00:00:00Z,-04:00,-04:00,US/Eastern,OFF,OK,3,Rangers,New York,de New York,NYR,0,12,Hurricanes,Carolina,de la Caroline,CAR,2,3,REG,3,REG,8477293,8474090.0,/video/second-round-gm2-nyr-car-334222052,,,,/schedule/playoff-series/2022/series-j/hurricanes-vs-rangers,2.0,R2,2nd Round,J,4.0,2.0,0.0,2.0,,,,,,,CAR
2021030242,20212022,3,2022-05-20,False,2022-05-21T02:30:00Z,-04:00,-06:00,America/Edmonton,OFF,OK,22,Oilers,Edmonton,d'Edmonton,EDM,5,20,Flames,Calgary,de Calgary,CGY,3,3,REG,3,REG,8469608,8475786.0,/video/second-round-gm2-edm-cgy-334227954,,,,/schedule/playoff-series/2022/series-l/flames-vs-oilers,2.0,R2,2nd Round,L,4.0,1.0,1.0,2.0,,,,,,,EDM
2021030233,20212022,3,2022-05-21,False,2022-05-22T00:00:00Z,-04:00,-05:00,US/Central,OFF,OK,21,Avalanche,Colorado,du Colorado,COL,5,19,Blues,St. Louis,de St. Louis,STL,2,3,REG,3,REG,8475311,8477476.0,/video/second-round-gm3-col-stl-334238016,,,,/schedule/playoff-series/2022/series-k/blues-vs-avalanche,2.0,R2,2nd Round,K,4.0,2.0,1.0,3.0,,,,,,,COL
2021030213,20212022,3,2022-05-22,False,2022-05-22T17:30:00Z,-04:00,-04:00,US/Eastern,OFF,OK,13,Panthers,Florida,de la Floride,FLA,1,14,Lightning,Tampa Bay,de Tampa Bay,TBL,5,3,REG,3,REG,8476883,8478416.0,/video/second-round-gm3-fla-tbl-334248222,,,,/schedule/playoff-series/2022/series-i/lightning-vs-panthers,2.0,R2,2nd Round,I,4.0,0.0,3.0,3.0,,,,,,,TBL
2021030223,20212022,3,2022-05-22,False,2022-05-22T19:30:00Z,-04:00,-04:00,America/New_York,OFF,OK,12,Hurricanes,Carolina,de la Caroline,CAR,1,3,Rangers,New York,de New York,NYR,3,3,REG,3,REG,8478048,8475184.0,/video/second-round-gm3-car-nyr-334251132,,,,/schedule/playoff-series/2022/series-j/rangers-vs-hurricanes,2.0,R2,2nd Round,J,4.0,2.0,1.0,3.0,,,,,,,NYR
2021030243,20212022,3,2022-05-22,False,2022-05-23T00:00:00Z,-04:00,-06:00,America/Edmonton,OFF,OK,20,Flames,Calgary,de Calgary,CGY,1,22,Oilers,Edmonton,d'Edmonton,EDM,4,3,REG,3,REG,8469608,8475169.0,/video/second-round-gm3-cgy-edm-334257898,,,,/schedule/playoff-series/2022/series-l/oilers-vs-flames,2.0,R2,2nd Round,L,4.0,1.0,2.0,3.0,,,,,,,EDM
2021030214,20212022,3,2022-05-23,False,2022-05-23T23:00:00Z,-04:00,-04:00,US/Eastern,OFF,OK,13,Panthers,Florida,de la Floride,FLA,0,14,Lightning,Tampa Bay,de Tampa Bay,TBL,2,3,REG,3,REG,8476883,8474034.0,/video/second-round-gm4-fla-tbl-334272640,,,,/schedule/playoff-series/2022/series-i/lightning-vs-panthers,2.0,R2,2nd Round,I,4.0,0.0,4.0,4.0,,,,,,,TBL
2021030234,20212022,3,2022-05-23,False,2022-05-24T01:30:00Z,-04:00,-05:00,US/Central,OFF,OK,21,Avalanche,Colorado,du Colorado,COL,6,19,Blues,St. Louis,de St. Louis,STL,3,3,REG,3,REG,8475311,8475172.0,/video/second-round-gm4-col-stl-334277726,,,,/schedule/playoff-series/2022/series-k/blues-vs-avalanche,2.0,R2,2nd Round,K,4.0,3.0,1.0,4.0,,,,,,,COL
2021030224,20212022,3,2022-05-24,False,2022-05-24T23:00:00Z,-04:00,-04:00,America/New_York,OFF,OK,12,Hurricanes,Carolina,de la Caroline,CAR,1,3,Rangers,New York,de New York,NYR,4,3,REG,3,REG,8478048,8479323.0,/video/second-round-gm4-car-nyr-334296006,,,,/schedule/playoff-series/2022/series-j/rangers-vs-hurricanes,2.0,R2,2nd Round,J,4.0,2.0,2.0,4.0,,,,,,,NYR
2021030244,20212022,3,2022-05-24,False,2022-05-25T01:30:00Z,-04:00,-06:00,America/Edmonton,OFF,OK,20,Flames,Calgary,de Calgary,CGY,3,22,Oilers,Edmonton,d'Edmonton,EDM,5,3,REG,3,REG,8469608,8476454.0,/video/second-round-gm4-cgy-edm-334301076,,,,/schedule/playoff-series/2022/series-l/oilers-vs-flames,2.0,R2,2nd Round,L,4.0,1.0,3.0,4.0,,,,,,,EDM
2021030235,20212022,3,2022-05-25,False,2022-05-26T00:00:00Z,-04:00,-06:00,America/Denver,OFF,OK,19,Blues,St. Louis,de St. Louis,STL,5,21,Avalanche,Colorado,du Colorado,COL,4,4,OT,3,OT,8478024,8475098.0,/video/second-round-gm5-stl-col-334325416,,,,/schedule/playoff-series/2022/series-k/avalanche-vs-blues,2.0,R2,2nd Round,K,4.0,3.0,2.0,5.0,,,,,,,STL
2021030225,20212022,3,2022-05-26,False,2022-05-26T23:00:00Z,-04:00,-04:00,US/Eastern,OFF,OK,3,Rangers,New York,de New York,NYR,1,12,Hurricanes,Carolina,de la Caroline,CAR,3,3,REG,3,REG,8477293,8476882.0,/video/second-round-gm5-nyr-car-334340850,,,,/schedule/playoff-series/2022/series-j/hurricanes-vs-rangers,2.0,R2,2nd Round,J,4.0,3.0,2.0,5.0,,,,,,,CAR
2021030245,20212022,3,2022-05-26,False,2022-05-27T01:30:00Z,-04:00,-06:00,America/Edmonton,OFF,OK,22,Oilers,Edmonton,d'Edmonton,EDM,5,20,Flames,Calgary,de Calgary,CGY,4,4,OT,3,OT,8469608,8478402.0,/video/second-round-gm5-edm-cgy-334348280,,,,/schedule/playoff-series/2022/series-l/flames-vs-oilers,2.0,R2,2nd Round,L,4.0,1.0,4.0,5.0,,,,,,,EDM
2021030236,20212022,3,2022-05-27,False,2022-05-28T00:00:00Z,-04:00,-05:00,US/Central,OFF,OK,21,Avalanche,Colorado,du Colorado,COL,3,19,Blues,St. Louis,de St. Louis,STL,2,3,REG,3,REG,8475311,8471794.0,/video/second-round-gm6-col-stl-334361652,,,,/schedule/playoff-series/2022/series-k/blues-vs-avalanche,2.0,R2,2nd Round,K,4.0,4.0,2.0,6.0,,,,,,,COL
2021030226,20212022,3,2022-05-28,False,2022-05-29T00:00:00Z,-04:00,-04:00,America/New_York,OFF,OK,12,Hurricanes,Carolina,de la Caroline,CAR,2,3,Rangers,New York,de New York,NYR,5,3,REG,3,REG,8478048,8480078.0,/video/second-round-gm6-car-nyr-334371802,,,,/schedule/playoff-series/2022/series-j/rangers-vs-hurricanes,2.0,R2,2nd Round,J,4.0,3.0,3.0,6.0,,,,,,,NYR
2021030227,20212022,3,2022-05-30,False,2022-05-31T00:00:00Z,-04:00,-04:00,US/Eastern,OFF,OK,3,Rangers,New York,de New York,NYR,6,12,Hurricanes,Carolina,de la Caroline,CAR,2,3,REG,3,REG,8478048,8476458.0,/video/second-round-gm7-nyr-car-334388014,,,,/schedule/playoff-series/2022/series-j/hurricanes-vs-rangers,2.0,R2,2nd Round,J,4.0,3.0,4.0,7.0,,,,,,,NYR
2021030321,20212022,3,2022-05-31,False,2022-06-01T00:00:00Z,-04:00,-06:00,America/Denver,OFF,OK,22,Oilers,Edmonton,d'Edmonton,EDM,6,21,Avalanche,Colorado,du Colorado,COL,8,3,REG,3,REG,8480925,8471699.0,/video/wcf-gm1-edm-col-334408106,,,,/schedule/playoff-series/2022/series-n/avalanche-vs-oilers,3.0,WCF,Conference Finals,N,4.0,1.0,0.0,1.0,,,,,,,COL
2021030311,20212022,3,2022-06-01,False,2022-06-02T00:00:00Z,-04:00,-04:00,America/New_York,OFF,OK,14,Lightning,Tampa Bay,de Tampa Bay,TBL,2,3,Rangers,New York,de New York,NYR,6,3,REG,3,REG,8478048,8480078.0,/video/ecf-gm1-tbl-nyr-334428072,,,,/schedule/playoff-series/2022/series-m/rangers-vs-lightning,3.0,ECF,Conference Finals,M,4.0,1.0,0.0,1.0,,,,,,,NYR
2021030322,20212022,3,2022-06-02,False,2022-06-03T00:00:00Z,-04:00,-06:00,America/Denver,OFF,OK,22,Oilers,Edmonton,d'Edmonton,EDM,0,21,Avalanche,Colorado,du Colorado,COL,4,3,REG,3,REG,8480925,8477476.0,/video/wcf-gm2-edm-col-334444354,,,,/schedule/playoff-series/2022/series-n/avalanche-vs-oilers,3.0,WCF,Conference Finals,N,4.0,2.0,0.0,2.0,,,,,,,COL
2021030312,20212022,3,2022-06-03,False,2022-06-04T00:00:00Z,-04:00,-04:00,America/New_York,OFF,OK,14,Lightning,Tampa Bay,de Tampa Bay,TBL,2,3,Rangers,New York,de New York,NYR,3,3,REG,3,REG,8478048,8476459.0,/video/ecf-gm2-tbl-nyr-334464228,,,,/schedule/playoff-series/2022/series-m/rangers-vs-lightning,3.0,ECF,Conference Finals,M,4.0,2.0,0.0,2.0,,,,,,,NYR
2021030323,20212022,3,2022-06-04,False,2022-06-05T00:00:00Z,-04:00,-06:00,America/Edmonton,OFF,OK,21,Avalanche,Colorado,du Colorado,COL,4,22,Oilers,Edmonton,d'Edmonton,EDM,2,3,REG,3,REG,8480925,8477456.0,/video/wcf-gm3-col-edm-334477944,,,,/schedule/playoff-series/2022/series-n/oilers-vs-avalanche,3.0,WCF,Conference Finals,N,4.0,3.0,0.0,3.0,,,,,,,COL
2021030313,20212022,3,2022-06-05,False,2022-06-05T19:00:00Z,-04:00,-04:00,US/Eastern,OFF,OK,3,Rangers,New York,de New York,NYR,2,14,Lightning,Tampa Bay,de Tampa Bay,TBL,3,3,REG,3,REG,8476883,8476292.0,/video/ecf-gm3-nyr-tbl-334488118,,,,/schedule/playoff-series/2022/series-m/lightning-vs-rangers,3.0,ECF,Conference Finals,M,4.0,2.0,1.0,3.0,,,,,,,TBL
2021030324,20212022,3,2022-06-06,False,2022-06-07T00:00:00Z,-04:00,-06:00,America/Edmonton,OFF,OK,21,Avalanche,Colorado,du Colorado,COL,6,22,Oilers,Edmonton,d'Edmonton,EDM,5,4,OT,3,OT,8480925,8477476.0,/video/wcf-gm4-col-edm-334514288,,,,/schedule/playoff-series/2022/series-n/oilers-vs-avalanche,3.0,WCF,Conference Finals,N,4.0,4.0,0.0,4.0,,,,,,,COL
2021030314,20212022,3,2022-06-07,False,2022-06-08T00:00:00Z,-04:00,-04:00,US/Eastern,OFF,OK,3,Rangers,New York,de New York,NYR,1,14,Lightning,Tampa Bay,de Tampa Bay,TBL,4,3,REG,3,REG,8476883,8476453.0,/video/ecf-gm4-nyr-tbl-334536568,,,,/schedule/playoff-series/2022/series-m/lightning-vs-rangers,3.0,ECF,Conference Finals,M,4.0,2.0,2.0,4.0,,,,,,,TBL
2021030315,20212022,3,2022-06-09,False,2022-06-10T00:00:00Z,-04:00,-04:00,America/New_York,OFF,OK,14,Lightning,Tampa Bay,de Tampa Bay,TBL,3,3,Rangers,New York,de New York,NYR,1,3,REG,3,REG,8476883,8476292.0,/video/ecf-gm5-tbl-nyr-334561058,,,,/schedule/playoff-series/2022/series-m/rangers-vs-lightning,3.0,ECF,Conference Finals,M,4.0,2.0,3.0,5.0,,,,,,,TBL
2021030316,20212022,3,2022-06-11,False,2022-06-12T00:00:00Z,-04:00,-04:00,US/Eastern,OFF,OK,3,Rangers,New York,de New York,NYR,1,14,Lightning,Tampa Bay,de Tampa Bay,TBL,2,3,REG,3,REG,8476883,8474564.0,/video/ecf-gm6-nyr-tbl-334577006,,,,/schedule/playoff-series/2022/series-m/lightning-vs-rangers,3.0,ECF,Conference Finals,M,4.0,2.0,4.0,6.0,,,,,,,TBL
2021030411,20212022,3,2022-06-15,False,2022-06-16T00:00:00Z,-04:00,-06:00,America/Denver,OFF,OK,14,Lightning,Tampa Bay,de Tampa Bay,TBL,3,21,Avalanche,Colorado,du Colorado,COL,4,4,OT,3,OT,8475311,8477444.0,/video/cup-final-gm1-tbl-col-334623160,,,,/schedule/playoff-series/2022/series-o/avalanche-vs-lightning,4.0,SCF,Stanley Cup Final,O,4.0,1.0,0.0,1.0,,,,,,,COL
2021030412,20212022,3,2022-06-18,False,2022-06-19T00:00:00Z,-04:00,-06:00,America/Denver,OFF,OK,14,Lightning,Tampa Bay,de Tampa Bay,TBL,0,21,Avalanche,Colorado,du Colorado,COL,7,3,REG,3,REG,8475311,8477501.0,/video/cup-final-gm2-tbl-col-334654980,,,,/schedule/playoff-series/2022/series-o/avalanche-vs-lightning,4.0,SCF,Stanley Cup Final,O,4.0,2.0,0.0,2.0,,,,,,,COL
2021030413,20212022,3,2022-06-20,False,2022-06-21T00:00:00Z,-04:00,-04:00,US/Eastern,OFF,OK,21,Avalanche,Colorado,du Colorado,COL,2,14,Lightning,Tampa Bay,de Tampa Bay,TBL,6,3,REG,3,REG,8476883,8477426.0,/video/cup-final-gm3-col-tbl-334675108,,,,/schedule/playoff-series/2022/series-o/lightning-vs-avalanche,4.0,SCF,Stanley Cup Final,O,4.0,2.0,1.0,3.0,,,,,,,TBL
2021030414,20212022,3,2022-06-22,False,2022-06-23T00:00:00Z,-04:00,-04:00,US/Eastern,OFF,OK,21,Avalanche,Colorado,du Colorado,COL,3,14,Lightning,Tampa Bay,de Tampa Bay,TBL,2,4,OT,3,OT,8475311,8475172.0,/video/cup-final-gm4-col-tbl-334708190,,,,/schedule/playoff-series/2022/series-o/lightning-vs-avalanche,4.0,SCF,Stanley Cup Final,O,4.0,3.0,1.0,4.0,,,,,,,COL
2021030415,20212022,3,2022-06-24,False,2022-06-25T00:00:00Z,-04:00,-06:00,America/Denver,OFF,OK,14,Lightning,Tampa Bay,de Tampa Bay,TBL,3,21,Avalanche,Colorado,du Colorado,COL,2,3,REG,3,REG,8476883,8476292.0,/video/cup-final-gm5-tbl-col-334730624,,,,/schedule/playoff-series/2022/series-o/avalanche-vs-lightning,4.0,SCF,Stanley Cup Final,O,4.0,3.0,2.0,5.0,,,,,,,TBL
2021030416,20212022,3,2022-06-26,False,2022-06-27T00:00:00Z,-04:00,-04:00,US/Eastern,OFF,OK,21,Avalanche,Colorado,du Colorado,COL,2,14,Lightning,Tampa Bay,de Tampa Bay,TBL,1,3,REG,3,REG,8475311,8477476.0,,,,,/schedule/playoff-series/2022/series-o/lightning-vs-avalanche,4.0,SCF,Stanley Cup Final,O,4.0,4.0,2.0,6.0,,,,,,,COL
