id,season,gameType,gameDate,neutralSite,startTimeUTC,easternUTCOffset,venueUTCOffset,venueTimezone,gameState,gameScheduleState,awayTeam.id,awayTeam.commonName.default,awayTeam.placeNameWithPreposition.default,awayTeam.placeNameWithPreposition.fr,awayTeam.abbrev,awayTeam.score,homeTeam.id,homeTeam.commonName.default,homeTeam.placeNameWithPreposition.default,homeTeam.placeNameWithPreposition.fr,homeTeam.abbrev,homeTeam.score,periodDescriptor.number,periodDescriptor.periodType,periodDescriptor.maxRegulationPeriods,gameOutcome.lastPeriodType,winningGoalie.playerId,winningGoalScorer.playerId,condensedGame,winningGoalie.lastName.sv,awayTeam.commonName.fr,homeTeam.commonName.fr,specialEvent.parentId,specialEvent.name.default,specialEvent.name.fr,seriesUrl,seriesStatus.round,seriesStatus.seriesAbbrev,seriesStatus.seriesTitle,seriesStatus.seriesLetter,seriesStatus.neededToWin,seriesStatus.topSeedWins,seriesStatus.bottomSeedWins,seriesStatus.gameNumberOfSeries,ticketsLinkFr,periodDescriptor.otPeriods,winningGoalScorer.lastName.fr,winningGoalie.lastName.de,venue.cs,venue.fi,venue.sk,tricode_winteam
2022020001,20222023,2,2022-10-07,True,2022-10-07T18:00:00Z,-04:00,+02:00,Europe/Prague,OFF,OK,28,Sharks,San Jose,de San Jose,SJS,1.0,18,Predators,Nashville,de Nashville,NSH,4.0,3.0,REG,3,REG,8477424.0,8480009.0,/video/sjs-nsh-336156686,,,,36.0,2022 NHL Global Series,,,,,,,,,,,,,,,O2 arena,O2 Arena,O2 Arena,NSH
2022020002,20222023,2,2022-10-08,True,2022-10-08T18:00:00Z,-04:00,+02:00,Europe/Prague,OFF,OK,18,Predators,Nashville,de Nashville,NSH,3.0,28,Sharks,San Jose,de San Jose,SJS,2.0,3.0,REG,3,REG,8480947.0,8475799.0,/video/nsh-sjs-336188438,,,,36.0,2022 NHL Global Series,,,,,,,,,,,,,,,O2 arena,O2 Arena,O2 Arena,NSH
2022020003,20222023,2,2022-10-11,False,2022-10-11T23:30:00Z,-04:00,-04:00,America/New_York,OFF,OK,14,Lightning,Tampa Bay,de Tampa Bay,TBL,1.0,3,Rangers,New York,de New York,NYR,3.0,3.0,REG,3,REG,8478048.0,8476459.0,/video/tbl-nyr-336266102,,,,,,,,,,,,,,,,,,,,,,,NYR
2022020004,20222023,2,2022-10-11,False,2022-10-12T02:00:00Z,-04:00,-07:00,America/Los_Angeles,OFF,OK,54,Golden Knights,Vegas,de Vegas,VGK,4.0,26,Kings,Los Angeles,de Los Angeles,LAK,3.0,3.0,REG,3,REG,8480313.0,8475913.0,/video/vgk-lak-336271362,,,,,,,,,,,,,,,,,,,,,,,VGK
2022020006,20222023,2,2022-10-12,False,2022-10-12T23:00:00Z,-04:00,-04:00,US/Eastern,OFF,OK,29,Blue Jackets,Columbus,de Columbus,CBJ,1.0,12,Hurricanes,Carolina,de la Caroline,CAR,4.0,3.0,REG,3,REG,8475883.0,8476869.0,/video/cbj-car-336300666,,,,,,,,,,,,,,,,,,,,,,,CAR
2022020007,20222023,2,2022-10-12,False,2022-10-12T23:00:00Z,-04:00,-04:00,America/Montreal,OFF,OK,10,Maple Leafs,Toronto,de Toronto,TOR,3.0,8,Canadiens,Montréal,de Montréal,MTL,4.0,3.0,REG,3,REG,8474596.0,8476981.0,/video/tor-mtl-336303222,,,,,,,,,,,,,,,,,,,,,,,MTL
2022020005,20222023,2,2022-10-12,False,2022-10-12T23:00:00Z,-04:00,-04:00,US/Eastern,OFF,OK,6,Bruins,Boston,de Boston,BOS,5.0,15,Capitals,Washington,de Washington,WSH,2.0,3.0,REG,3,REG,8476999.0,8475791.0,/video/bos-wsh-336300564,,,,,,,,,,,,,,,,,,,,,,,BOS
2022020008,20222023,2,2022-10-12,False,2022-10-13T01:30:00Z,-04:00,-06:00,America/Denver,OFF,OK,16,Blackhawks,Chicago,de Chicago,CHI,2.0,21,Avalanche,Colorado,du Colorado,COL,5.0,3.0,REG,3,REG,8480382.0,8477476.0,/video/chi-col-336310860,,,,,,,,,,,,,,,,,,,,,,,COL
2022020010,20222023,2,2022-10-12,False,2022-10-13T02:00:00Z,-04:00,-06:00,America/Edmonton,OFF,OK,23,Canucks,Vancouver,de Vancouver,VAN,3.0,22,Oilers,Edmonton,d'Edmonton,EDM,5.0,3.0,REG,3,REG,8475789.0,8478402.0,/video/van-edm-336312520,,,,,,,,,,,,,,,,,,,,,,,EDM
2022020009,20222023,2,2022-10-12,False,2022-10-13T02:00:00Z,-04:00,-07:00,America/Los_Angeles,OFF,OK,55,Kraken,Seattle,de Seattle,SEA,4.0,24,Ducks,Anaheim,d'Anaheim,ANA,5.0,4.0,OT,3,OT,8476434.0,8478873.0,/video/sea-ana-336311752,,,,,,,,,,,,,,,,,,,,,,,ANA
2022020011,20222023,2,2022-10-13,False,2022-10-13T23:00:00Z,-04:00,-04:00,US/Eastern,OFF,OK,53,Coyotes,Arizona,de l'Arizona,ARI,2.0,5,Penguins,Pittsburgh,de Pittsburgh,PIT,6.0,3.0,REG,3,REG,8477465.0,8477404.0,/video/ari-pit-336347404,,,,,,,,,,,,,,,,,,,,,,,PIT
2022020012,20222023,2,2022-10-13,False,2022-10-13T23:00:00Z,-04:00,-04:00,US/Eastern,OFF,OK,1,Devils,New Jersey,du New Jersey,NJD,2.0,4,Flyers,Philadelphia,de Philadelphie,PHI,5.0,3.0,REG,3,REG,8479394.0,8480028.0,/video/njd-phi-336346296,,,,,,,,,,,,,,,,,,,,,,,PHI
2022020013,20222023,2,2022-10-13,False,2022-10-13T23:00:00Z,-04:00,-04:00,America/New_York,OFF,OK,9,Senators,Ottawa,d'Ottawa,OTT,1.0,7,Sabres,Buffalo,de Buffalo,BUF,4.0,3.0,REG,3,REG,8467950.0,8480839.0,/video/ott-buf-336347060,,Sénateurs,,,,,,,,,,,,,,,,,,,,,BUF
2022020015,20222023,2,2022-10-13,False,2022-10-13T23:30:00Z,-04:00,-04:00,America/Toronto,OFF,OK,15,Capitals,Washington,de Washington,WSH,2.0,10,Maple Leafs,Toronto,de Toronto,TOR,3.0,3.0,REG,3,REG,8478492.0,8479318.0,/video/wsh-tor-336350226,,,,,,,,,,,,,,,,,,,,,,,TOR
2022020014,20222023,2,2022-10-13,False,2022-10-13T23:30:00Z,-04:00,-04:00,America/New_York,OFF,OK,13,Panthers,Florida,de la Floride,FLA,3.0,2,Islanders,New York,de New York,NYI,1.0,3.0,REG,3,REG,8475683.0,8471887.0,/video/fla-nyi-336350842,,,,,,,,,,,,,,,,,,,,,,,FLA
2022020017,20222023,2,2022-10-13,False,2022-10-14T00:00:00Z,-04:00,-05:00,US/Central,OFF,OK,3,Rangers,New York,de New York,NYR,7.0,30,Wild,Minnesota,du Minnesota,MIN,3.0,3.0,REG,3,REG,8478048.0,8480078.0,/video/nyr-min-336351090,,,,,,,,,,,,,,,,,,,,,,,NYR
2022020016,20222023,2,2022-10-13,False,2022-10-14T00:30:00Z,-04:00,-05:00,US/Central,OFF,OK,25,Stars,Dallas,de Dallas,DAL,4.0,18,Predators,Nashville,de Nashville,NSH,1.0,3.0,REG,3,REG,8479979.0,8478975.0,/video/dal-nsh-336355266,,,,,,,,,,,,,,,,,,,,,,,DAL
2022020018,20222023,2,2022-10-13,False,2022-10-14T01:30:00Z,-04:00,-06:00,America/Edmonton,OFF,OK,21,Avalanche,Colorado,du Colorado,COL,3.0,20,Flames,Calgary,de Calgary,CGY,5.0,3.0,REG,3,REG,8474593.0,8475726.0,/video/col-cgy-336359354,Markström,,,,,,,,,,,,,,,,,,,,,,CGY
2022020019,20222023,2,2022-10-13,False,2022-10-14T02:00:00Z,-04:00,-07:00,US/Pacific,OFF,OK,16,Blackhawks,Chicago,de Chicago,CHI,0.0,54,Golden Knights,Vegas,de Vegas,VGK,1.0,3.0,REG,3,REG,8480313.0,8481032.0,/video/chi-vgk-336360650,,,,,,,,,,,,,,,,,,,,,,,VGK
2022020020,20222023,2,2022-10-13,False,2022-10-14T02:30:00Z,-04:00,-07:00,America/Los_Angeles,OFF,OK,55,Kraken,Seattle,de Seattle,SEA,4.0,26,Kings,Los Angeles,de Los Angeles,LAK,1.0,3.0,REG,3,REG,8474889.0,8479293.0,/video/sea-lak-336362208,,,,,,,,,,,,,,,,,,,,,,,SEA
2022020022,20222023,2,2022-10-14,False,2022-10-14T23:00:00Z,-04:00,-04:00,America/Detroit,OFF,OK,8,Canadiens,Montréal,de Montréal,MTL,0.0,17,Red Wings,Detroit,de Detroit,DET,3.0,3.0,REG,3,REG,8478024.0,8481725.0,/video/mtl-det-336388160,,,,,,,,,,,,,,,,,,,,,,,DET
2022020021,20222023,2,2022-10-14,False,2022-10-14T23:00:00Z,-04:00,-04:00,US/Eastern,OFF,OK,14,Lightning,Tampa Bay,de Tampa Bay,TBL,5.0,29,Blue Jackets,Columbus,de Columbus,CBJ,2.0,3.0,REG,3,REG,8476883.0,8479525.0,/video/tbl-cbj-336387298,,,,,,,,,,,,,,,,,,,,,,,TBL
2022020023,20222023,2,2022-10-14,False,2022-10-15T00:00:00Z,-04:00,-05:00,America/Winnipeg,OFF,OK,3,Rangers,New York,de New York,NYR,1.0,52,Jets,Winnipeg,de Winnipeg,WPG,4.0,3.0,REG,3,REG,8476945.0,8474040.0,/video/nyr-wpg-336390284,,,,,,,,,,,,,,,,,,,,,,,WPG
2022020024,20222023,2,2022-10-14,False,2022-10-15T02:30:00Z,-04:00,-07:00,US/Pacific,OFF,OK,12,Hurricanes,Carolina,de la Caroline,CAR,2.0,28,Sharks,San Jose,de San Jose,SJS,1.0,3.0,REG,3,REG,8477293.0,8478427.0,/video/car-sjs-336394184,,,,,,,,,,,,,,,,,,,,,,,CAR
2022020025,20222023,2,2022-10-15,False,2022-10-15T17:00:00Z,-04:00,-04:00,America/New_York,OFF,OK,13,Panthers,Florida,de la Floride,FLA,4.0,7,Sabres,Buffalo,de Buffalo,BUF,3.0,3.0,REG,3,REG,8481519.0,8477986.0,/video/fla-buf-336406632,,,,,,,,,,,,,,,,,,,,,,,FLA
2022020026,20222023,2,2022-10-15,False,2022-10-15T20:00:00Z,-04:00,-04:00,US/Eastern,OFF,OK,23,Canucks,Vancouver,de Vancouver,VAN,2.0,4,Flyers,Philadelphia,de Philadelphie,PHI,3.0,3.0,REG,3,REG,8479394.0,8478439.0,/video/van-phi-336410672,,,,,,,,,,,,,,,,,,,,,,,PHI
2022020029,20222023,2,2022-10-15,False,2022-10-15T23:00:00Z,-04:00,-04:00,US/Eastern,OFF,OK,8,Canadiens,Montréal,de Montréal,MTL,1.0,15,Capitals,Washington,de Washington,WSH,3.0,3.0,REG,3,REG,8475311.0,8477511.0,/video/mtl-wsh-336426284,,,,,,,,,,,,,,,,,,,,,,,WSH
2022020030,20222023,2,2022-10-15,False,2022-10-15T23:00:00Z,-04:00,-04:00,America/Toronto,OFF,OK,9,Senators,Ottawa,d'Ottawa,OTT,2.0,10,Maple Leafs,Toronto,de Toronto,TOR,3.0,3.0,REG,3,REG,8478492.0,8475718.0,/video/ott-tor-336425828,,Sénateurs,,,,,,,,,,,,,,,,,,,,,TOR
2022020027,20222023,2,2022-10-15,False,2022-10-15T23:00:00Z,-04:00,-04:00,US/Eastern,OFF,OK,53,Coyotes,Arizona,de l'Arizona,ARI,3.0,6,Bruins,Boston,de Boston,BOS,6.0,3.0,REG,3,REG,8480280.0,8475762.0,/video/ari-bos-336425898,,,,,,,,,,,,,,,,,,,,,,,BOS
2022020028,20222023,2,2022-10-15,False,2022-10-15T23:00:00Z,-04:00,-04:00,US/Eastern,OFF,OK,17,Red Wings,Detroit,de Detroit,DET,5.0,1,Devils,New Jersey,du New Jersey,NJD,2.0,3.0,REG,3,REG,8477968.0,8474102.0,/video/det-njd-336425962,,,,,,,,,,,,,,,,,,,,,,,DET
2022020031,20222023,2,2022-10-15,False,2022-10-15T23:00:00Z,-04:00,-04:00,US/Eastern,OFF,OK,14,Lightning,Tampa Bay,de Tampa Bay,TBL,2.0,5,Penguins,Pittsburgh,de Pittsburgh,PIT,6.0,3.0,REG,3,REG,8477465.0,8477404.0,/video/tbl-pit-336425384,,,,,,,,,,,,,,,,,,,,,,,PIT
2022020032,20222023,2,2022-10-15,False,2022-10-15T23:30:00Z,-04:00,-04:00,America/New_York,OFF,OK,24,Ducks,Anaheim,d'Anaheim,ANA,1.0,2,Islanders,New York,de New York,NYI,7.0,3.0,REG,3,REG,8478009.0,8480865.0,/video/ana-nyi-336429302,,,,,,,,,,,,,,,,,,,,,,,NYI
2022020035,20222023,2,2022-10-15,False,2022-10-16T00:00:00Z,-04:00,-05:00,US/Central,OFF,OK,18,Predators,Nashville,de Nashville,NSH,1.0,25,Stars,Dallas,de Dallas,DAL,5.0,3.0,REG,3,REG,8479979.0,8478449.0,,,,,,,,,,,,,,,,,,,,,,,,DAL
2022020033,20222023,2,2022-10-15,False,2022-10-16T00:00:00Z,-04:00,-05:00,US/Central,OFF,OK,29,Blue Jackets,Columbus,de Columbus,CBJ,2.0,19,Blues,St. Louis,de St. Louis,STL,5.0,3.0,REG,3,REG,8476412.0,8477964.0,/video/cbj-stl-336431786,,,,,,,,,,,,,,,,,,,,,,,STL
2022020034,20222023,2,2022-10-15,False,2022-10-16T00:00:00Z,-04:00,-05:00,US/Central,OFF,OK,26,Kings,Los Angeles,de Los Angeles,LAK,7.0,30,Wild,Minnesota,du Minnesota,MIN,6.0,3.0,REG,3,REG,8477361.0,8477960.0,/video/lak-min-336435118,,,,,,,,,,,,,,,,,,,,,,,LAK
2022020037,20222023,2,2022-10-15,False,2022-10-16T02:00:00Z,-04:00,-07:00,US/Pacific,OFF,OK,54,Golden Knights,Vegas,de Vegas,VGK,5.0,55,Kraken,Seattle,de Seattle,SEA,2.0,3.0,REG,3,REG,8478499.0,8475191.0,/video/vgk-sea-336445128,,,,,,,,,,,,,,,,,,,,,,,VGK
2022020036,20222023,2,2022-10-15,False,2022-10-16T02:00:00Z,-04:00,-06:00,America/Edmonton,OFF,OK,20,Flames,Calgary,de Calgary,CGY,4.0,22,Oilers,Edmonton,d'Edmonton,EDM,3.0,3.0,REG,3,REG,8478435.0,8478233.0,/video/cgy-edm-336443118,,,,,,,,,,,,,,,,,,,,,,,CGY
2022020038,20222023,2,2022-10-15,False,2022-10-16T02:00:00Z,-04:00,-07:00,US/Pacific,OFF,OK,16,Blackhawks,Chicago,de Chicago,CHI,5.0,28,Sharks,San Jose,de San Jose,SJS,2.0,3.0,REG,3,REG,8475852.0,8478043.0,/video/chi-sjs-336442658,,,,,,,,,,,,,,,,,,,,,,,CHI
2022020039,20222023,2,2022-10-17,False,2022-10-17T23:00:00Z,-04:00,-04:00,America/New_York,OFF,OK,24,Ducks,Anaheim,d'Anaheim,ANA,4.0,3,Rangers,New York,de New York,NYR,6.0,3.0,REG,3,REG,8478048.0,8478550.0,/video/ana-nyr-336491402,,,,,,,,,,,,,,,,,,,,,,,NYR
2022020042,20222023,2,2022-10-17,False,2022-10-17T23:00:00Z,-04:00,-04:00,America/Montreal,OFF,OK,5,Penguins,Pittsburgh,de Pittsburgh,PIT,2.0,8,Canadiens,Montréal,de Montréal,MTL,3.0,4.0,OT,3,OT,8478470.0,8481523.0,/video/pit-mtl-336492396,,,,,,,,,,,,,,,,,,,,,,,MTL
2022020041,20222023,2,2022-10-17,False,2022-10-17T23:00:00Z,-04:00,-04:00,US/Eastern,OFF,OK,13,Panthers,Florida,de la Floride,FLA,3.0,6,Bruins,Boston,de Boston,BOS,5.0,3.0,REG,3,REG,8476999.0,8479365.0,/video/fla-bos-336491572,,,,,,,,,,,,,,,,,,,,,,,BOS
2022020044,20222023,2,2022-10-17,False,2022-10-17T23:00:00Z,-04:00,-04:00,America/Detroit,OFF,OK,26,Kings,Los Angeles,de Los Angeles,LAK,5.0,17,Red Wings,Detroit,de Detroit,DET,4.0,4.0,OT,3,OT,8471734.0,8476479.0,/video/lak-det-336493020,,,,,,,,,,,,,,,,,,,,,,,LAK
2022020040,20222023,2,2022-10-17,False,2022-10-17T23:00:00Z,-04:00,-04:00,America/Toronto,OFF,OK,53,Coyotes,Arizona,de l'Arizona,ARI,4.0,10,Maple Leafs,Toronto,de Toronto,TOR,2.0,3.0,REG,3,REG,8478872.0,8476906.0,/video/ari-tor-336490922,,,,,,,,,,,,,,,,,,,,,,,ARI
2022020043,20222023,2,2022-10-17,False,2022-10-17T23:00:00Z,-04:00,-04:00,US/Eastern,OFF,OK,23,Canucks,Vancouver,de Vancouver,VAN,4.0,15,Capitals,Washington,de Washington,WSH,6.0,3.0,REG,3,REG,8475311.0,8477839.0,/video/van-wsh-336490262,,,,,,,,,,,,,,,,,,,,,,,WSH
2022020045,20222023,2,2022-10-17,False,2022-10-18T00:00:00Z,-04:00,-05:00,US/Central,OFF,OK,21,Avalanche,Colorado,du Colorado,COL,6.0,30,Wild,Minnesota,du Minnesota,MIN,3.0,3.0,REG,3,REG,8480382.0,8476312.0,/video/col-min-336496670,,,,,,,,,,,,,,,,,,,,,,,COL
2022020046,20222023,2,2022-10-17,False,2022-10-18T00:30:00Z,-04:00,-05:00,US/Central,OFF,OK,52,Jets,Winnipeg,de Winnipeg,WPG,1.0,25,Stars,Dallas,de Dallas,DAL,4.0,3.0,REG,3,REG,8479979.0,8475825.0,/video/wpg-dal-336497966,,,,,,,,,,,,,,,,,,,,,,,DAL
2022020047,20222023,2,2022-10-17,False,2022-10-18T02:00:00Z,-04:00,-07:00,US/Pacific,OFF,OK,12,Hurricanes,Carolina,de la Caroline,CAR,5.0,55,Kraken,Seattle,de Seattle,SEA,1.0,3.0,REG,3,REG,8475883.0,8478427.0,/video/car-sea-336501622,,,,,,,,,,,,,,,,,,,,,,,CAR
2022020048,20222023,2,2022-10-18,False,2022-10-18T23:00:00Z,-04:00,-04:00,US/Eastern,OFF,OK,24,Ducks,Anaheim,d'Anaheim,ANA,2.0,1,Devils,New Jersey,du New Jersey,NJD,4.0,3.0,REG,3,REG,8478406.0,8476462.0,/video/ana-njd-336531922,,,,,,,,,,,,,,,,,,,,,,,NJD
2022020050,20222023,2,2022-10-18,False,2022-10-18T23:00:00Z,-04:00,-04:00,US/Eastern,OFF,OK,23,Canucks,Vancouver,de Vancouver,VAN,3.0,29,Blue Jackets,Columbus,de Columbus,CBJ,4.0,4.0,OT,3,OT,8478007.0,8478882.0,/video/van-cbj-336532768,,,,,,,,,,,,,,,,,,,,,,,CBJ
2022020049,20222023,2,2022-10-18,False,2022-10-18T23:00:00Z,-04:00,-04:00,US/Eastern,OFF,OK,6,Bruins,Boston,de Boston,BOS,5.0,9,Senators,Ottawa,d'Ottawa,OTT,7.0,3.0,REG,3,REG,8476341.0,8480355.0,/video/bos-ott-336533834,,,Sénateurs,,,,,,,,,,,,,,,,,,,,OTT
2022020053,20222023,2,2022-10-18,False,2022-10-18T23:00:00Z,-04:00,-04:00,US/Eastern,OFF,OK,4,Flyers,Philadelphia,de Philadelphie,PHI,3.0,14,Lightning,Tampa Bay,de Tampa Bay,TBL,2.0,3.0,REG,3,REG,8479394.0,8480220.0,/video/phi-tbl-336531222,,,,,,,,,,,,,,,,,,,,,,,PHI
2022020051,20222023,2,2022-10-18,False,2022-10-18T23:30:00Z,-04:00,-04:00,America/New_York,OFF,OK,28,Sharks,San Jose,de San Jose,SJS,2.0,2,Islanders,New York,de New York,NYI,5.0,3.0,REG,3,REG,8473575.0,8480789.0,/video/sjs-nyi-336534354,,,,,,,,,,,,,,,,,,,,,,,NYI
2022020055,20222023,2,2022-10-18,False,2022-10-19T01:00:00Z,-04:00,-06:00,America/Edmonton,OFF,OK,54,Golden Knights,Vegas,de Vegas,VGK,2.0,20,Flames,Calgary,de Calgary,CGY,3.0,3.0,REG,3,REG,8474593.0,8474150.0,/video/vgk-cgy-336541778,Markström,,,,,,,,,,,,,,,,,,,,,,CGY
2022020054,20222023,2,2022-10-18,False,2022-10-19T01:00:00Z,-04:00,-06:00,America/Edmonton,OFF,OK,7,Sabres,Buffalo,de Buffalo,BUF,4.0,22,Oilers,Edmonton,d'Edmonton,EDM,2.0,3.0,REG,3,REG,8477480.0,8482175.0,/video/buf-edm-336541842,,,,,,,,,,,,,,,,,,,,,,,BUF
2022020052,20222023,2,2022-10-18,False,2022-10-19T01:30:00Z,-04:00,-05:00,US/Central,OFF,OK,26,Kings,Los Angeles,de Los Angeles,LAK,4.0,18,Predators,Nashville,de Nashville,NSH,3.0,5.0,SO,3,SO,8477361.0,,/video/lak-nsh-336544156,,,,,,,,,,,,,,,,,,,,,,,LAK
2022020056,20222023,2,2022-10-19,False,2022-10-19T23:30:00Z,-04:00,-04:00,US/Eastern,OFF,OK,4,Flyers,Philadelphia,de Philadelphie,PHI,3.0,13,Panthers,Florida,de la Floride,FLA,4.0,3.0,REG,3,REG,8475683.0,8479372.0,/video/phi-fla-336571582,,,,,,,,,,,,,,,,,,,,,,,FLA
2022020057,20222023,2,2022-10-19,False,2022-10-20T00:00:00Z,-04:00,-06:00,America/Denver,OFF,OK,52,Jets,Winnipeg,de Winnipeg,WPG,4.0,21,Avalanche,Colorado,du Colorado,COL,3.0,4.0,OT,3,OT,8476945.0,8480145.0,/video/wpg-col-336572596,,,,,,,,,,,,,,,,,,,,,,,WPG
2022020058,20222023,2,2022-10-19,False,2022-10-20T02:00:00Z,-04:00,-07:00,US/Pacific,OFF,OK,19,Blues,St. Louis,de St. Louis,STL,4.0,55,Kraken,Seattle,de Seattle,SEA,3.0,4.0,OT,3,OT,8476412.0,8475753.0,/video/stl-sea-336575896,,,,,,,,,,,,,,,,,,,,,,,STL
2022020065,20222023,2,2022-10-20,False,2022-10-20T23:00:00Z,-04:00,-04:00,US/Eastern,OFF,OK,15,Capitals,Washington,de Washington,WSH,2.0,9,Senators,Ottawa,d'Ottawa,OTT,5.0,3.0,REG,3,REG,8476341.0,8481596.0,/video/wsh-ott-336617882,,,Sénateurs,,,,,,,,,,,,,,,,,,,,OTT
2022020059,20222023,2,2022-10-20,False,2022-10-20T23:00:00Z,-04:00,-04:00,US/Eastern,OFF,OK,24,Ducks,Anaheim,d'Anaheim,ANA,1.0,6,Bruins,Boston,de Boston,BOS,2.0,5.0,SO,3,SO,8476999.0,,/video/ana-bos-336622606,,,,,,,,,,,,,,,,,,,,,,,BOS
2022020064,20222023,2,2022-10-20,False,2022-10-20T23:00:00Z,-04:00,-04:00,America/New_York,OFF,OK,28,Sharks,San Jose,de San Jose,SJS,3.0,3,Rangers,New York,de New York,NYR,2.0,4.0,OT,3,OT,8473503.0,8474578.0,/video/sjs-nyr-336618532,,,,,,,,,,,,,,,,,,,,,,,SJS
2022020063,20222023,2,2022-10-20,False,2022-10-20T23:00:00Z,-04:00,-04:00,US/Eastern,OFF,OK,18,Predators,Nashville,de Nashville,NSH,3.0,29,Blue Jackets,Columbus,de Columbus,CBJ,5.0,3.0,REG,3,REG,8478007.0,8483565.0,/video/nsh-cbj-336618974,,,,,,,,,,,,,,,,,,,,,,,CBJ
2022020061,20222023,2,2022-10-20,False,2022-10-20T23:00:00Z,-04:00,-04:00,America/Toronto,OFF,OK,25,Stars,Dallas,de Dallas,DAL,2.0,10,Maple Leafs,Toronto,de Toronto,TOR,3.0,4.0,OT,3,OT,8478492.0,8481582.0,/video/dal-tor-336620600,,,,,,,,,,,,,,,,,,,,,,,TOR
2022020060,20222023,2,2022-10-20,False,2022-10-20T23:00:00Z,-04:00,-04:00,America/Montreal,OFF,OK,53,Coyotes,Arizona,de l'Arizona,ARI,2.0,8,Canadiens,Montréal,de Montréal,MTL,6.0,3.0,REG,3,REG,8474596.0,8475848.0,/video/ari-mtl-336616200,,,,,,,,,,,,,,,,,,,,,,,MTL
2022020062,20222023,2,2022-10-20,False,2022-10-20T23:00:00Z,-04:00,-04:00,US/Eastern,OFF,OK,26,Kings,Los Angeles,de Los Angeles,LAK,1.0,5,Penguins,Pittsburgh,de Pittsburgh,PIT,6.0,3.0,REG,3,REG,8477465.0,8477404.0,/video/lak-pit-336615618,,,,,,,,,,,,,,,,,,,,,,,PIT
2022020066,20222023,2,2022-10-20,False,2022-10-20T23:30:00Z,-04:00,-04:00,America/New_York,OFF,OK,1,Devils,New Jersey,du New Jersey,NJD,4.0,2,Islanders,New York,de New York,NYI,1.0,3.0,REG,3,REG,8478406.0,8476292.0,/video/njd-nyi-336621126,,,,,,,,,,,,,,,,,,,,,,,NJD
2022020067,20222023,2,2022-10-20,False,2022-10-21T00:00:00Z,-04:00,-05:00,US/Central,OFF,OK,23,Canucks,Vancouver,de Vancouver,VAN,3.0,30,Wild,Minnesota,du Minnesota,MIN,4.0,4.0,OT,3,OT,8470594.0,8478864.0,/video/van-min-336627914,,,,,,,,,,,,,,,,,,,,,,,MIN
2022020069,20222023,2,2022-10-20,False,2022-10-21T01:00:00Z,-04:00,-06:00,America/Edmonton,OFF,OK,12,Hurricanes,Carolina,de la Caroline,CAR,4.0,22,Oilers,Edmonton,d'Edmonton,EDM,6.0,3.0,REG,3,REG,8475789.0,8477934.0,/video/car-edm-336633904,,,,,,,,,,,,,,,,,,,,,,,EDM
2022020068,20222023,2,2022-10-20,False,2022-10-21T01:30:00Z,-04:00,-06:00,America/Edmonton,OFF,OK,7,Sabres,Buffalo,de Buffalo,BUF,6.0,20,Flames,Calgary,de Calgary,CGY,3.0,3.0,REG,3,REG,8477480.0,8477949.0,/video/buf-cgy-336636026,,,,,,,,,,,,,,,,,,,,,,,BUF
2022020070,20222023,2,2022-10-20,False,2022-10-21T02:00:00Z,-04:00,-07:00,US/Pacific,OFF,OK,52,Jets,Winnipeg,de Winnipeg,WPG,2.0,54,Golden Knights,Vegas,de Vegas,VGK,5.0,3.0,REG,3,REG,8478499.0,8476905.0,/video/wpg-vgk-336637572,,,,,,,,,,,,,,,,,,,,,,,VGK
2022020071,20222023,2,2022-10-21,False,2022-10-21T23:30:00Z,-04:00,-04:00,US/Eastern,OFF,OK,14,Lightning,Tampa Bay,de Tampa Bay,TBL,3.0,13,Panthers,Florida,de la Floride,FLA,2.0,4.0,OT,3,OT,8476883.0,8478010.0,/video/tbl-fla-336664772,,,,,,,,,,,,,,,,,,,,,,,TBL
2022020072,20222023,2,2022-10-21,False,2022-10-22T00:30:00Z,-04:00,-05:00,America/Chicago,OFF,OK,17,Red Wings,Detroit,de Detroit,DET,3.0,16,Blackhawks,Chicago,de Chicago,CHI,4.0,4.0,OT,3,OT,8471774.0,8477503.0,/video/det-chi-336666020,,,,,,,,,,,,,,,,,,,,,,,CHI
2022020073,20222023,2,2022-10-21,False,2022-10-22T01:00:00Z,-04:00,-06:00,America/Denver,OFF,OK,55,Kraken,Seattle,de Seattle,SEA,3.0,21,Avalanche,Colorado,du Colorado,COL,2.0,3.0,REG,3,REG,8474889.0,8480901.0,/video/sea-col-336666754,,,,,,,,,,,,,,,,,,,,,,,SEA
2022020074,20222023,2,2022-10-22,False,2022-10-22T17:00:00Z,-04:00,-04:00,US/Eastern,OFF,OK,30,Wild,Minnesota,du Minnesota,MIN,3.0,6,Bruins,Boston,de Boston,BOS,4.0,4.0,OT,3,OT,8476999.0,8475791.0,/video/min-bos-336683302,,,,,,,,,,,,,,,,,,,,,,,BOS
2022020075,20222023,2,2022-10-22,False,2022-10-22T17:00:00Z,-04:00,-04:00,US/Eastern,OFF,OK,28,Sharks,San Jose,de San Jose,SJS,1.0,1,Devils,New Jersey,du New Jersey,NJD,2.0,3.0,REG,3,REG,8478406.0,8482110.0,/video/sjs-njd-336682202,,,,,,,,,,,,,,,,,,,,,,,NJD
2022020076,20222023,2,2022-10-22,False,2022-10-22T20:00:00Z,-04:00,-04:00,US/Eastern,OFF,OK,53,Coyotes,Arizona,de l'Arizona,ARI,2.0,9,Senators,Ottawa,d'Ottawa,OTT,6.0,3.0,REG,3,REG,8476341.0,8480801.0,/video/ari-ott-336694866,,,Sénateurs,,,,,,,,,,,,,,,,,,,,OTT
2022020077,20222023,2,2022-10-22,False,2022-10-22T20:00:00Z,-04:00,-06:00,America/Edmonton,OFF,OK,19,Blues,St. Louis,de St. Louis,STL,2.0,22,Oilers,Edmonton,d'Edmonton,EDM,0.0,3.0,REG,3,REG,8476412.0,8476792.0,/video/stl-edm-336689344,,,,,,,,,,,,,,,,,,,,,,,STL
2022020080,20222023,2,2022-10-22,False,2022-10-22T23:00:00Z,-04:00,-04:00,US/Eastern,OFF,OK,2,Islanders,New York,de New York,NYI,3.0,14,Lightning,Tampa Bay,de Tampa Bay,TBL,5.0,3.0,REG,3,REG,8470880.0,8477426.0,/video/nyi-tbl-336701472,,,,,,,,,,,,,,,,,,,,,,,TBL
2022020082,20222023,2,2022-10-22,False,2022-10-22T23:00:00Z,-04:00,-05:00,America/Winnipeg,OFF,OK,10,Maple Leafs,Toronto,de Toronto,TOR,4.0,52,Jets,Winnipeg,de Winnipeg,WPG,1.0,3.0,REG,3,REG,8478492.0,8480144.0,/video/tor-wpg-336700982,,,,,,,,,,,,,,,,,,,,,,,TOR
2022020081,20222023,2,2022-10-22,False,2022-10-22T23:00:00Z,-04:00,-04:00,US/Eastern,OFF,OK,5,Penguins,Pittsburgh,de Pittsburgh,PIT,6.0,29,Blue Jackets,Columbus,de Columbus,CBJ,3.0,3.0,REG,3,REG,8477465.0,8471675.0,/video/pit-cbj-336701548,,,,,,,,,,,,,,,,,,,,,,,PIT
2022020079,20222023,2,2022-10-22,False,2022-10-22T23:00:00Z,-04:00,-04:00,US/Eastern,OFF,OK,26,Kings,Los Angeles,de Los Angeles,LAK,3.0,15,Capitals,Washington,de Washington,WSH,4.0,3.0,REG,3,REG,8475311.0,8475149.0,/video/lak-wsh-336700664,,,,,,,,,,,,,,,,,,,,,,,WSH
2022020078,20222023,2,2022-10-22,False,2022-10-22T23:00:00Z,-04:00,-04:00,America/Montreal,OFF,OK,25,Stars,Dallas,de Dallas,DAL,5.0,8,Canadiens,Montréal,de Montréal,MTL,2.0,3.0,REG,3,REG,8479979.0,8480027.0,/video/dal-mtl-336701208,,,,,,,,,,,,,,,,,,,,,,,DAL
2022020083,20222023,2,2022-10-22,False,2022-10-23T00:00:00Z,-04:00,-05:00,US/Central,OFF,OK,4,Flyers,Philadelphia,de Philadelphie,PHI,3.0,18,Predators,Nashville,de Nashville,NSH,1.0,3.0,REG,3,REG,8479394.0,8479772.0,/video/phi-nsh-336706964,,,,,,,,,,,,,,,,,,,,,,,PHI
2022020086,20222023,2,2022-10-22,False,2022-10-23T02:00:00Z,-04:00,-07:00,US/Pacific,OFF,OK,21,Avalanche,Colorado,du Colorado,COL,3.0,54,Golden Knights,Vegas,de Vegas,VGK,2.0,3.0,REG,3,REG,8480382.0,8477501.0,/video/col-vgk-336712602,,,,,,,,,,,,,,,,,,,,,,,COL
2022020084,20222023,2,2022-10-22,False,2022-10-23T02:00:00Z,-04:00,-07:00,America/Vancouver,OFF,OK,7,Sabres,Buffalo,de Buffalo,BUF,5.0,23,Canucks,Vancouver,de Vancouver,VAN,1.0,3.0,REG,3,REG,8467950.0,8477949.0,/video/buf-van-336712792,,,,,,,,,,,,,,,,,,,,,,,BUF
2022020085,20222023,2,2022-10-22,False,2022-10-23T02:00:00Z,-04:00,-06:00,America/Edmonton,OFF,OK,12,Hurricanes,Carolina,de la Caroline,CAR,2.0,20,Flames,Calgary,de Calgary,CGY,3.0,4.0,OT,3,OT,8474593.0,8475726.0,/video/car-cgy-336712966,Markström,,,,,,,,,,,,,,,,,,,,,,CGY
2022020087,20222023,2,2022-10-23,False,2022-10-23T18:00:00Z,-04:00,-05:00,America/Chicago,OFF,OK,55,Kraken,Seattle,de Seattle,SEA,4.0,16,Blackhawks,Chicago,de Chicago,CHI,5.0,3.0,REG,3,REG,8471774.0,8477450.0,/video/sea-chi-336724784,,,,,,,,,,,,,,,,,,,,,,,CHI
2022020089,20222023,2,2022-10-23,False,2022-10-23T21:00:00Z,-04:00,-04:00,America/New_York,OFF,OK,29,Blue Jackets,Columbus,de Columbus,CBJ,5.0,3,Rangers,New York,de New York,NYR,1.0,3.0,REG,3,REG,8480193.0,8479369.0,/video/cbj-nyr-336730276,,,,,,,,,,,,,,,,,,,,,,,CBJ
2022020088,20222023,2,2022-10-23,False,2022-10-23T21:00:00Z,-04:00,-04:00,America/Detroit,OFF,OK,24,Ducks,Anaheim,d'Anaheim,ANA,1.0,17,Red Wings,Detroit,de Detroit,DET,5.0,3.0,REG,3,REG,8478024.0,8474102.0,/video/ana-det-336730836,,,,,,,,,,,,,,,,,,,,,,,DET
2022020090,20222023,2,2022-10-23,False,2022-10-23T21:00:00Z,-04:00,-04:00,US/Eastern,OFF,OK,2,Islanders,New York,de New York,NYI,2.0,13,Panthers,Florida,de la Floride,FLA,3.0,3.0,REG,3,REG,8481519.0,8479066.0,/video/nyi-fla-336730626,,,,,,,,,,,,,,,,,,,,,,,FLA
2022020091,20222023,2,2022-10-23,False,2022-10-23T23:00:00Z,-04:00,-04:00,US/Eastern,OFF,OK,28,Sharks,San Jose,de San Jose,SJS,3.0,4,Flyers,Philadelphia,de Philadelphie,PHI,0.0,3.0,REG,3,REG,8473503.0,8474578.0,/video/sjs-phi-336733346,,,,,,,,,,,,,,,,,,,,,,,SJS
2022020093,20222023,2,2022-10-24,False,2022-10-24T23:00:00Z,-04:00,-04:00,US/Eastern,OFF,OK,15,Capitals,Washington,de Washington,WSH,6.0,1,Devils,New Jersey,du New Jersey,NJD,3.0,3.0,REG,3,REG,8479292.0,8471214.0,/video/wsh-njd-336762726,,,,,,,,,,,,,,,,,,,,,,,WSH
2022020092,20222023,2,2022-10-24,False,2022-10-24T23:00:00Z,-04:00,-04:00,US/Eastern,OFF,OK,25,Stars,Dallas,de Dallas,DAL,2.0,9,Senators,Ottawa,d'Ottawa,OTT,4.0,3.0,REG,3,REG,8476433.0,8481596.0,/video/dal-ott-336762666,,,Sénateurs,,,,,,,,,,,,,,,,,,,,OTT
2022020094,20222023,2,2022-10-24,False,2022-10-25T00:00:00Z,-04:00,-06:00,America/Edmonton,OFF,OK,5,Penguins,Pittsburgh,de Pittsburgh,PIT,3.0,22,Oilers,Edmonton,d'Edmonton,EDM,6.0,3.0,REG,3,REG,8475789.0,8476454.0,/video/pit-edm-336766560,,,,,,,,,,,,,,,,,,,,,,,EDM
2022020095,20222023,2,2022-10-24,False,2022-10-25T00:00:00Z,-04:00,-05:00,America/Winnipeg,OFF,OK,19,Blues,St. Louis,de St. Louis,STL,0.0,52,Jets,Winnipeg,de Winnipeg,WPG,4.0,3.0,REG,3,REG,8476945.0,8476460.0,/video/stl-wpg-336766658,,,,,,,,,,,,,,,,,,,,,,,WPG
2022020096,20222023,2,2022-10-24,False,2022-10-25T02:00:00Z,-04:00,-07:00,US/Pacific,OFF,OK,10,Maple Leafs,Toronto,de Toronto,TOR,1.0,54,Golden Knights,Vegas,de Vegas,VGK,3.0,3.0,REG,3,REG,8480313.0,8476905.0,/video/tor-vgk-336771370,,,,,,,,,,,,,,,,,,,,,,,VGK
2022020097,20222023,2,2022-10-24,False,2022-10-25T02:30:00Z,-04:00,-07:00,America/Vancouver,OFF,OK,12,Hurricanes,Carolina,de la Caroline,CAR,3.0,23,Canucks,Vancouver,de Vancouver,VAN,2.0,3.0,REG,3,REG,8475883.0,8475855.0,/video/car-van-336772386,,,,,,,,,,,,,,,,,,,,,,,CAR
2022020101,20222023,2,2022-10-25,False,2022-10-25T23:00:00Z,-04:00,-04:00,America/Montreal,OFF,OK,30,Wild,Minnesota,du Minnesota,MIN,3.0,8,Canadiens,Montréal,de Montréal,MTL,1.0,3.0,REG,3,REG,8470594.0,8479520.0,/video/min-mtl-336804876,,,,,,,,,,,,,,,,,,,,,,,MIN
2022020102,20222023,2,2022-10-25,False,2022-10-25T23:00:00Z,-04:00,-04:00,America/Detroit,OFF,OK,1,Devils,New Jersey,du New Jersey,NJD,6.0,17,Red Wings,Detroit,de Detroit,DET,2.0,3.0,REG,3,REG,8477970.0,8479407.0,/video/njd-det-336803920,,,,,,,,,,,,,,,,,,,,,,,NJD
2022020100,20222023,2,2022-10-25,False,2022-10-25T23:00:00Z,-04:00,-04:00,US/Eastern,OFF,OK,25,Stars,Dallas,de Dallas,DAL,1.0,6,Bruins,Boston,de Boston,BOS,3.0,3.0,REG,3,REG,8476999.0,8475791.0,/video/dal-bos-336804978,,,,,,,,,,,,,,,,,,,,,,,BOS
2022020098,20222023,2,2022-10-25,False,2022-10-25T23:00:00Z,-04:00,-04:00,US/Eastern,OFF,OK,53,Coyotes,Arizona,de l'Arizona,ARI,6.0,29,Blue Jackets,Columbus,de Columbus,CBJ,3.0,3.0,REG,3,REG,8478971.0,8482699.0,/video/ari-cbj-336804792,,,,,,,,,,,,,,,,,,,,,,,ARI
2022020099,20222023,2,2022-10-25,False,2022-10-26T00:00:00Z,-04:00,-04:00,America/New_York,OFF,OK,21,Avalanche,Colorado,du Colorado,COL,3.0,3,Rangers,New York,de New York,NYR,2.0,5.0,SO,3,SO,8480382.0,,/video/col-nyr-336812260,,,,,,,,,,,,,,,,,,,,,,,COL
2022020103,20222023,2,2022-10-25,False,2022-10-26T00:30:00Z,-04:00,-05:00,America/Chicago,OFF,OK,13,Panthers,Florida,de la Floride,FLA,2.0,16,Blackhawks,Chicago,de Chicago,CHI,4.0,3.0,REG,3,REG,8471774.0,8480798.0,/video/fla-chi-336812620,,,,,,,,,,,,,,,,,,,,,,,CHI
2022020104,20222023,2,2022-10-25,False,2022-10-26T01:00:00Z,-04:00,-06:00,America/Edmonton,OFF,OK,5,Penguins,Pittsburgh,de Pittsburgh,PIT,1.0,20,Flames,Calgary,de Calgary,CGY,4.0,3.0,REG,3,REG,8474593.0,8475172.0,/video/pit-cgy-336814620,Markström,,,,,,,,,,,,,,,,,,,,,,CGY
2022020105,20222023,2,2022-10-25,False,2022-10-26T02:00:00Z,-04:00,-07:00,US/Pacific,OFF,OK,7,Sabres,Buffalo,de Buffalo,BUF,1.0,55,Kraken,Seattle,de Seattle,SEA,5.0,3.0,REG,3,REG,8474889.0,8479987.0,/video/buf-sea-336817840,,,,,,,,,,,,,,,,,,,,,,,SEA
2022020106,20222023,2,2022-10-25,False,2022-10-26T02:30:00Z,-04:00,-07:00,America/Los_Angeles,OFF,OK,14,Lightning,Tampa Bay,de Tampa Bay,TBL,2.0,26,Kings,Los Angeles,de Los Angeles,LAK,4.0,3.0,REG,3,REG,8471734.0,8481481.0,/video/tbl-lak-336819764,,,,,,,,,,,,,,,,,,,,,,,LAK
2022020107,20222023,2,2022-10-25,False,2022-10-26T02:30:00Z,-04:00,-07:00,US/Pacific,OFF,OK,54,Golden Knights,Vegas,de Vegas,VGK,4.0,28,Sharks,San Jose,de San Jose,SJS,2.0,3.0,REG,3,REG,8478499.0,8476448.0,/video/vgk-sjs-336820492,,,,,,,,,,,,,,,,,,,,,,,VGK
2022020108,20222023,2,2022-10-26,False,2022-10-26T23:30:00Z,-04:00,-04:00,America/New_York,OFF,OK,3,Rangers,New York,de New York,NYR,0.0,2,Islanders,New York,de New York,NYI,3.0,3.0,REG,3,REG,8478009.0,8475151.0,/video/nyr-nyi-336845076,,,,,,,,,,,,,,,,,,,,,,,NYI
2022020109,20222023,2,2022-10-26,False,2022-10-27T00:00:00Z,-04:00,-05:00,US/Central,OFF,OK,22,Oilers,Edmonton,d'Edmonton,EDM,3.0,19,Blues,St. Louis,de St. Louis,STL,1.0,3.0,REG,3,REG,8479973.0,8476454.0,/video/edm-stl-336847696,,,,,,,,,,,,,,,,,,,,,,,EDM
2022020110,20222023,2,2022-10-26,False,2022-10-27T02:00:00Z,-04:00,-07:00,America/Los_Angeles,OFF,OK,14,Lightning,Tampa Bay,de Tampa Bay,TBL,4.0,24,Ducks,Anaheim,d'Anaheim,ANA,2.0,3.0,REG,3,REG,8470880.0,8479542.0,/video/tbl-ana-336851798,,,,,,,,,,,,,,,,,,,,,,,TBL
2022020111,20222023,2,2022-10-27,False,2022-10-27T23:00:00Z,-04:00,-04:00,US/Eastern,OFF,OK,17,Red Wings,Detroit,de Detroit,DET,1.0,6,Bruins,Boston,de Boston,BOS,5.0,3.0,REG,3,REG,8480280.0,8473419.0,/video/det-bos-336885880,,,,,,,,,,,,,,,,,,,,,,,BOS
2022020114,20222023,2,2022-10-27,False,2022-10-27T23:00:00Z,-04:00,-04:00,America/New_York,OFF,OK,8,Canadiens,Montréal,de Montréal,MTL,3.0,7,Sabres,Buffalo,de Buffalo,BUF,2.0,3.0,REG,3,REG,8478470.0,8476981.0,/video/mtl-buf-336884804,,,,,,,,,,,,,,,,,,,,,,,MTL
2022020112,20222023,2,2022-10-27,False,2022-10-27T23:00:00Z,-04:00,-04:00,US/Eastern,OFF,OK,13,Panthers,Florida,de la Floride,FLA,3.0,4,Flyers,Philadelphia,de Philadelphie,PHI,4.0,3.0,REG,3,REG,8479394.0,8480797.0,/video/fla-phi-336886164,,,,,,,,,,,,,,,,,,,,,,,PHI
2022020113,20222023,2,2022-10-27,False,2022-10-27T23:00:00Z,-04:00,-04:00,US/Eastern,OFF,OK,30,Wild,Minnesota,du Minnesota,MIN,4.0,9,Senators,Ottawa,d'Ottawa,OTT,2.0,3.0,REG,3,REG,8470594.0,8477451.0,/video/min-ott-336885568,,,Sénateurs,,,,,,,,,,,,,,,,,,,,MIN
2022020115,20222023,2,2022-10-27,False,2022-10-28T00:00:00Z,-04:00,-05:00,US/Central,OFF,OK,19,Blues,St. Louis,de St. Louis,STL,2.0,18,Predators,Nashville,de Nashville,NSH,6.0,3.0,REG,3,REG,8477424.0,8477482.0,/video/stl-nsh-336890556,,,,,,,,,,,,,,,,,,,,,,,NSH
2022020116,20222023,2,2022-10-27,False,2022-10-28T00:30:00Z,-04:00,-05:00,America/Chicago,OFF,OK,22,Oilers,Edmonton,d'Edmonton,EDM,6.0,16,Blackhawks,Chicago,de Chicago,CHI,5.0,3.0,REG,3,REG,8475789.0,8477934.0,/video/edm-chi-336895998,,,,,,,,,,,,,,,,,,,,,,,EDM
2022020117,20222023,2,2022-10-27,False,2022-10-28T00:30:00Z,-04:00,-05:00,US/Central,OFF,OK,15,Capitals,Washington,de Washington,WSH,0.0,25,Stars,Dallas,de Dallas,DAL,2.0,3.0,REG,3,REG,8479979.0,8480027.0,/video/wsh-dal-336894042,,,,,,,,,,,,,,,,,,,,,,,DAL
2022020118,20222023,2,2022-10-27,False,2022-10-28T02:00:00Z,-04:00,-07:00,US/Pacific,OFF,OK,23,Canucks,Vancouver,de Vancouver,VAN,5.0,55,Kraken,Seattle,de Seattle,SEA,4.0,3.0,REG,3,REG,8477967.0,8478856.0,/video/van-sea-336901874,,,,,,,,,,,,,,,,,,,,,,,VAN
2022020120,20222023,2,2022-10-27,False,2022-10-28T02:30:00Z,-04:00,-07:00,America/Los_Angeles,OFF,OK,52,Jets,Winnipeg,de Winnipeg,WPG,6.0,26,Kings,Los Angeles,de Los Angeles,LAK,4.0,3.0,REG,3,REG,8476945.0,8479536.0,/video/wpg-lak-336903200,,,,,,,,,,,,,,,,,,,,,,,WPG
2022020119,20222023,2,2022-10-27,False,2022-10-28T02:30:00Z,-04:00,-07:00,US/Pacific,OFF,OK,10,Maple Leafs,Toronto,de Toronto,TOR,3.0,28,Sharks,San Jose,de San Jose,SJS,4.0,4.0,OT,3,OT,8478039.0,8474578.0,/video/tor-sjs-336902430,Kähkönen,,,,,,,,,,,,,,,,,,,,,,SJS
2022020121,20222023,2,2022-10-28,False,2022-10-28T22:00:00Z,-04:00,-07:00,US/Pacific,OFF,OK,24,Ducks,Anaheim,d'Anaheim,ANA,0.0,54,Golden Knights,Vegas,de Vegas,VGK,4.0,3.0,REG,3,REG,8480313.0,8476905.0,/video/ana-vgk-336930176,,,,,,,,,,,,,,,,,,,,,,,VGK
2022020123,20222023,2,2022-10-28,False,2022-10-28T23:00:00Z,-04:00,-04:00,US/Eastern,OFF,OK,21,Avalanche,Colorado,du Colorado,COL,0.0,1,Devils,New Jersey,du New Jersey,NJD,1.0,3.0,REG,3,REG,8477970.0,8481559.0,/video/col-njd-336932390,,,,,,,,,,,,,,,,,,,,,,,NJD
2022020122,20222023,2,2022-10-28,False,2022-10-28T23:00:00Z,-04:00,-04:00,US/Eastern,OFF,OK,6,Bruins,Boston,de Boston,BOS,4.0,29,Blue Jackets,Columbus,de Columbus,CBJ,0.0,3.0,REG,3,REG,8476999.0,8476891.0,/video/bos-cbj-336932538,,,,,,,,,,,,,,,,,,,,,,,BOS
2022020124,20222023,2,2022-10-28,False,2022-10-28T23:00:00Z,-04:00,-04:00,US/Eastern,OFF,OK,2,Islanders,New York,de New York,NYI,6.0,12,Hurricanes,Carolina,de la Caroline,CAR,2.0,3.0,REG,3,REG,8478009.0,8474573.0,/video/nyi-car-336932610,,,,,,,,,,,,,,,,,,,,,,,NYI
2022020125,20222023,2,2022-10-28,False,2022-10-29T02:00:00Z,-04:00,-07:00,America/Vancouver,OFF,OK,5,Penguins,Pittsburgh,de Pittsburgh,PIT,1.0,23,Canucks,Vancouver,de Vancouver,VAN,5.0,3.0,REG,3,REG,8477484.0,8477500.0,/video/pit-van-336938304,,,,,,,,,,,,,,,,,,,,,,,VAN
2022020126,20222023,2,2022-10-28,False,2022-10-29T02:30:00Z,-04:00,-07:00,America/Phoenix,OFF,OK,52,Jets,Winnipeg,de Winnipeg,WPG,3.0,53,Coyotes,Arizona,de l'Arizona,ARI,2.0,4.0,OT,3,OT,8479496.0,8471218.0,/video/wpg-ari-336939992,,,,,,,,,,,,,,,,,,,,,,,WPG
2022020127,20222023,2,2022-10-29,False,2022-10-29T18:00:00Z,-04:00,-05:00,US/Central,OFF,OK,3,Rangers,New York,de New York,NYR,6.0,25,Stars,Dallas,de Dallas,DAL,3.0,3.0,REG,3,REG,8478048.0,8481708.0,/video/nyr-dal-336956392,,,,,,,,,,,,,,,,,,,,,,,NYR
2022020128,20222023,2,2022-10-29,False,2022-10-29T20:00:00Z,-04:00,-04:00,US/Eastern,OFF,OK,9,Senators,Ottawa,d'Ottawa,OTT,3.0,13,Panthers,Florida,de la Floride,FLA,5.0,3.0,REG,3,REG,8481519.0,8477986.0,/video/ott-fla-336960768,,Sénateurs,,,,,,,,,,,,,,,,,,,,,FLA
2022020129,20222023,2,2022-10-29,False,2022-10-29T20:30:00Z,-04:00,-07:00,US/Pacific,OFF,OK,14,Lightning,Tampa Bay,de Tampa Bay,TBL,4.0,28,Sharks,San Jose,de San Jose,SJS,3.0,3.0,REG,3,REG,8476883.0,8476453.0,/video/tbl-sjs-336961318,,,,,,,,,,,,,,,,,,,,,,,TBL
2022020134,20222023,2,2022-10-29,False,2022-10-29T23:00:00Z,-04:00,-07:00,America/Los_Angeles,OFF,OK,10,Maple Leafs,Toronto,de Toronto,TOR,2.0,26,Kings,Los Angeles,de Los Angeles,LAK,4.0,3.0,REG,3,REG,8477361.0,8480014.0,/video/tor-lak-336973944,,,,,,,,,,,,,,,,,,,,,,,LAK
2022020130,20222023,2,2022-10-29,False,2022-10-29T23:00:00Z,-04:00,-04:00,US/Eastern,OFF,OK,12,Hurricanes,Carolina,de la Caroline,CAR,4.0,4,Flyers,Philadelphia,de Philadelphie,PHI,3.0,4.0,OT,3,OT,8477293.0,8470613.0,/video/car-phi-336975146,,,,,,,,,,,,,,,,,,,,,,,CAR
2022020132,20222023,2,2022-10-29,False,2022-10-29T23:00:00Z,-04:00,-04:00,America/Detroit,OFF,OK,30,Wild,Minnesota,du Minnesota,MIN,1.0,17,Red Wings,Detroit,de Detroit,DET,2.0,3.0,REG,3,REG,8478024.0,8482078.0,/video/min-det-336971382,,,,,,,,,,,,,,,,,,,,,,,DET
2022020131,20222023,2,2022-10-29,False,2022-10-29T23:00:00Z,-04:00,-04:00,America/New_York,OFF,OK,16,Blackhawks,Chicago,de Chicago,CHI,3.0,7,Sabres,Buffalo,de Buffalo,BUF,4.0,4.0,OT,3,OT,8467950.0,8478109.0,/video/chi-buf-336973226,,,,,,,,,,,,,,,,,,,,,,,BUF
2022020133,20222023,2,2022-10-29,False,2022-10-29T23:00:00Z,-04:00,-05:00,US/Central,OFF,OK,8,Canadiens,Montréal,de Montréal,MTL,7.0,19,Blues,St. Louis,de St. Louis,STL,4.0,3.0,REG,3,REG,8474596.0,8477989.0,/video/mtl-stl-336973564,,,,,,,,,,,,,,,,,,,,,,,MTL
2022020135,20222023,2,2022-10-29,False,2022-10-29T23:30:00Z,-04:00,-04:00,America/New_York,OFF,OK,21,Avalanche,Colorado,du Colorado,COL,4.0,2,Islanders,New York,de New York,NYI,5.0,3.0,REG,3,REG,8473575.0,8475754.0,/video/col-nyi-336977448,,,,,,,,,,,,,,,,,,,,,,,NYI
2022020136,20222023,2,2022-10-29,False,2022-10-30T00:00:00Z,-04:00,-05:00,US/Central,OFF,OK,15,Capitals,Washington,de Washington,WSH,3.0,18,Predators,Nashville,de Nashville,NSH,0.0,3.0,REG,3,REG,8475311.0,8479359.0,/video/wsh-nsh-336979396,,,,,,,,,,,,,,,,,,,,,,,WSH
2022020138,20222023,2,2022-10-29,False,2022-10-30T02:00:00Z,-04:00,-07:00,US/Pacific,OFF,OK,5,Penguins,Pittsburgh,de Pittsburgh,PIT,1.0,55,Kraken,Seattle,de Seattle,SEA,3.0,3.0,REG,3,REG,8474889.0,8479987.0,/video/pit-sea-336987306,,,,,,,,,,,,,,,,,,,,,,,SEA
2022020137,20222023,2,2022-10-29,False,2022-10-30T02:00:00Z,-04:00,-06:00,America/Edmonton,OFF,OK,22,Oilers,Edmonton,d'Edmonton,EDM,3.0,20,Flames,Calgary,de Calgary,CGY,2.0,3.0,REG,3,REG,8479973.0,8475786.0,/video/edm-cgy-336987912,,,,,,,,,,,,,,,,,,,,,,,EDM
2022020139,20222023,2,2022-10-30,False,2022-10-30T18:00:00Z,-04:00,-04:00,US/Eastern,OFF,OK,29,Blue Jackets,Columbus,de Columbus,CBJ,1.0,1,Devils,New Jersey,du New Jersey,NJD,7.0,3.0,REG,3,REG,8477970.0,8480002.0,/video/cbj-njd-337000234,,,,,,,,,,,,,,,,,,,,,,,NJD
2022020140,20222023,2,2022-10-30,False,2022-10-30T23:00:00Z,-04:00,-05:00,America/Chicago,OFF,OK,30,Wild,Minnesota,du Minnesota,MIN,4.0,16,Blackhawks,Chicago,de Chicago,CHI,3.0,5.0,SO,3,SO,8470594.0,,/video/min-chi-337008932,,,,,,,,,,,,,,,,,,,,,,,MIN
2022020142,20222023,2,2022-10-30,False,2022-10-31T00:00:00Z,-04:00,-07:00,America/Los_Angeles,OFF,OK,10,Maple Leafs,Toronto,de Toronto,TOR,3.0,24,Ducks,Anaheim,d'Anaheim,ANA,4.0,4.0,OT,3,OT,8476434.0,8481533.0,/video/tor-ana-337012446,,,,,,,,,,,,,,,,,,,,,,,ANA
2022020143,20222023,2,2022-10-30,False,2022-10-31T00:00:00Z,-04:00,-07:00,US/Pacific,OFF,OK,52,Jets,Winnipeg,de Winnipeg,WPG,1.0,54,Golden Knights,Vegas,de Vegas,VGK,2.0,4.0,OT,3,OT,8478499.0,8478403.0,/video/wpg-vgk-337011044,,,,,,,,,,,,,,,,,,,,,,,VGK
2022020141,20222023,2,2022-10-30,False,2022-10-31T00:00:00Z,-04:00,-07:00,America/Phoenix,OFF,OK,3,Rangers,New York,de New York,NYR,3.0,53,Coyotes,Arizona,de l'Arizona,ARI,2.0,3.0,REG,3,REG,8478048.0,8476459.0,/video/nyr-ari-337010426,,,,,,,,,,,,,,,,,,,,,,,NYR
2022020145,20222023,2,2022-10-31,False,2022-10-31T23:00:00Z,-04:00,-04:00,US/Eastern,OFF,OK,15,Capitals,Washington,de Washington,WSH,2.0,12,Hurricanes,Carolina,de la Caroline,CAR,3.0,5.0,SO,3,SO,8475883.0,,/video/wsh-car-337044102,,,,,,,,,,,,,,,,,,,,,,,CAR
2022020144,20222023,2,2022-10-31,False,2022-10-31T23:00:00Z,-04:00,-04:00,America/New_York,OFF,OK,17,Red Wings,Detroit,de Detroit,DET,3.0,7,Sabres,Buffalo,de Buffalo,BUF,8.0,3.0,REG,3,REG,8477480.0,8479420.0,/video/det-buf-337043810,,,,,,,,,,,,,,,,,,,,,,,BUF
2022020146,20222023,2,2022-10-31,False,2022-11-01T00:00:00Z,-04:00,-05:00,US/Central,OFF,OK,26,Kings,Los Angeles,de Los Angeles,LAK,5.0,19,Blues,St. Louis,de St. Louis,STL,1.0,3.0,REG,3,REG,8471734.0,8479336.0,/video/lak-stl-337045304,,,,,,,,,,,,,,,,,,,,,,,LAK
2022020148,20222023,2,2022-11-01,False,2022-11-01T23:00:00Z,-04:00,-04:00,US/Eastern,OFF,OK,9,Senators,Ottawa,d'Ottawa,OTT,3.0,14,Lightning,Tampa Bay,de Tampa Bay,TBL,4.0,3.0,REG,3,REG,8476883.0,8476453.0,/video/ott-tbl-337085430,,Sénateurs,,,,,,,,,,,,,,,,,,,,,TBL
2022020150,20222023,2,2022-11-01,False,2022-11-01T23:00:00Z,-04:00,-04:00,US/Eastern,OFF,OK,54,Golden Knights,Vegas,de Vegas,VGK,3.0,15,Capitals,Washington,de Washington,WSH,2.0,4.0,OT,3,OT,8480313.0,8477447.0,/video/vgk-wsh-337083672,,,,,,,,,,,,,,,,,,,,,,,VGK
2022020149,20222023,2,2022-11-01,False,2022-11-01T23:00:00Z,-04:00,-04:00,America/New_York,OFF,OK,4,Flyers,Philadelphia,de Philadelphie,PHI,0.0,3,Rangers,New York,de New York,NYR,1.0,4.0,OT,3,OT,8478048.0,8475184.0,/video/phi-nyr-337083894,,,,,,,,,,,,,,,,,,,,,,,NYR
2022020151,20222023,2,2022-11-01,False,2022-11-02T00:00:00Z,-04:00,-05:00,US/Central,OFF,OK,8,Canadiens,Montréal,de Montréal,MTL,1.0,30,Wild,Minnesota,du Minnesota,MIN,4.0,3.0,REG,3,REG,8470594.0,8478864.0,/video/mtl-min-337091638,,,,,,,,,,,,,,,,,,,,,,,MIN
2022020147,20222023,2,2022-11-01,False,2022-11-02T00:00:00Z,-04:00,-04:00,US/Eastern,OFF,OK,6,Bruins,Boston,de Boston,BOS,6.0,5,Penguins,Pittsburgh,de Pittsburgh,PIT,5.0,4.0,OT,3,OT,8476999.0,8476854.0,/video/bos-pit-337093484,,,,,,,,,,,,,,,,,,,,,,,BOS
2022020152,20222023,2,2022-11-01,False,2022-11-02T00:30:00Z,-04:00,-05:00,America/Chicago,OFF,OK,2,Islanders,New York,de New York,NYI,3.0,16,Blackhawks,Chicago,de Chicago,CHI,1.0,3.0,REG,3,REG,8478009.0,8475754.0,/video/nyi-chi-337097058,,,,,,,,,,,,,,,,,,,,,,,NYI
2022020153,20222023,2,2022-11-01,False,2022-11-02T00:30:00Z,-04:00,-05:00,US/Central,OFF,OK,26,Kings,Los Angeles,de Los Angeles,LAK,2.0,25,Stars,Dallas,de Dallas,DAL,5.0,3.0,REG,3,REG,8475809.0,8475794.0,/video/lak-dal-337095262,,,,,,,,,,,,,,,,,,,,,,,DAL
2022020154,20222023,2,2022-11-01,False,2022-11-02T01:00:00Z,-04:00,-06:00,America/Edmonton,OFF,OK,18,Predators,Nashville,de Nashville,NSH,4.0,22,Oilers,Edmonton,d'Edmonton,EDM,7.0,3.0,REG,3,REG,8475789.0,8478402.0,/video/nsh-edm-337100058,,,,,,,,,,,,,,,,,,,,,,,EDM
2022020155,20222023,2,2022-11-01,False,2022-11-02T01:00:00Z,-04:00,-06:00,America/Edmonton,OFF,OK,55,Kraken,Seattle,de Seattle,SEA,5.0,20,Flames,Calgary,de Calgary,CGY,4.0,3.0,REG,3,REG,8478916.0,8482665.0,/video/sea-cgy-337100276,,,,,,,,,,,,,,,,,,,,,,,SEA
2022020157,20222023,2,2022-11-01,False,2022-11-02T02:00:00Z,-04:00,-07:00,America/Vancouver,OFF,OK,1,Devils,New Jersey,du New Jersey,NJD,5.0,23,Canucks,Vancouver,de Vancouver,VAN,2.0,3.0,REG,3,REG,8478406.0,8482110.0,/video/njd-van-337105498,,,,,,,,,,,,,,,,,,,,,,,NJD
2022020156,20222023,2,2022-11-01,False,2022-11-02T02:00:00Z,-04:00,-07:00,America/Phoenix,OFF,OK,13,Panthers,Florida,de la Floride,FLA,1.0,53,Coyotes,Arizona,de l'Arizona,ARI,3.0,3.0,REG,3,REG,8478872.0,8477941.0,/video/fla-ari-337105600,,,,,,,,,,,,,,,,,,,,,,,ARI
2022020158,20222023,2,2022-11-01,False,2022-11-02T02:30:00Z,-04:00,-07:00,US/Pacific,OFF,OK,24,Ducks,Anaheim,d'Anaheim,ANA,6.0,28,Sharks,San Jose,de San Jose,SJS,5.0,5.0,SO,3,SO,8476932.0,,/video/ana-sjs-337108522,,,,,,,,,,,,,,,,,,,,,,,ANA
2022020159,20222023,2,2022-11-02,False,2022-11-02T23:00:00Z,-04:00,-04:00,America/Toronto,OFF,OK,4,Flyers,Philadelphia,de Philadelphie,PHI,2.0,10,Maple Leafs,Toronto,de Toronto,TOR,5.0,3.0,REG,3,REG,8478492.0,8479944.0,/video/phi-tor-337137044,,,,,,,,,,,,,,,,,,,,,,,TOR
2022020160,20222023,2,2022-11-02,False,2022-11-02T23:30:00Z,-04:00,-04:00,America/New_York,OFF,OK,5,Penguins,Pittsburgh,de Pittsburgh,PIT,3.0,7,Sabres,Buffalo,de Buffalo,BUF,6.0,3.0,REG,3,REG,8477480.0,8477949.0,/video/pit-buf-337136692,,,,,,,,,,,,,,,,,,,,,,,BUF
2022020163,20222023,2,2022-11-03,False,2022-11-03T23:00:00Z,-04:00,-04:00,US/Eastern,OFF,OK,54,Golden Knights,Vegas,de Vegas,VGK,5.0,9,Senators,Ottawa,d'Ottawa,OTT,4.0,3.0,REG,3,REG,8480313.0,8477478.0,/video/vgk-ott-337172696,,,Sénateurs,,,,,,,,,,,,,,,,,,,,VGK
2022020162,20222023,2,2022-11-03,False,2022-11-03T23:00:00Z,-04:00,-04:00,US/Eastern,OFF,OK,12,Hurricanes,Carolina,de la Caroline,CAR,4.0,14,Lightning,Tampa Bay,de Tampa Bay,TBL,3.0,5.0,SO,3,SO,8475883.0,,/video/car-tbl-337179692,,,,,,,,,,,,,,,,,,,,,,,CAR
2022020164,20222023,2,2022-11-03,False,2022-11-03T23:00:00Z,-04:00,-04:00,America/Detroit,OFF,OK,15,Capitals,Washington,de Washington,WSH,1.0,17,Red Wings,Detroit,de Detroit,DET,3.0,3.0,REG,3,REG,8478024.0,8477429.0,/video/wsh-det-337172012,,,,,,,,,,,,,,,,,,,,,,,DET
2022020161,20222023,2,2022-11-03,False,2022-11-03T23:30:00Z,-04:00,-04:00,America/New_York,OFF,OK,6,Bruins,Boston,de Boston,BOS,5.0,3,Rangers,New York,de New York,NYR,2.0,3.0,REG,3,REG,8476999.0,8479365.0,/video/bos-nyr-337175336,,,,,,,,,,,,,,,,,,,,,,,BOS
2022020167,20222023,2,2022-11-03,False,2022-11-04T00:00:00Z,-04:00,-05:00,US/Central,OFF,OK,55,Kraken,Seattle,de Seattle,SEA,4.0,30,Wild,Minnesota,du Minnesota,MIN,0.0,3.0,REG,3,REG,8474889.0,8479987.0,/video/sea-min-337181444,,,,,,,,,,,,,,,,,,,,,,,SEA
2022020165,20222023,2,2022-11-03,False,2022-11-04T00:00:00Z,-04:00,-05:00,America/Winnipeg,OFF,OK,8,Canadiens,Montréal,de Montréal,MTL,2.0,52,Jets,Winnipeg,de Winnipeg,WPG,3.0,4.0,OT,3,OT,8476945.0,8478398.0,/video/mtl-wpg-337183096,,,,,,,,,,,,,,,,,,,,,,,WPG
2022020166,20222023,2,2022-11-03,False,2022-11-04T00:00:00Z,-04:00,-05:00,US/Central,OFF,OK,2,Islanders,New York,de New York,NYI,5.0,19,Blues,St. Louis,de St. Louis,STL,2.0,3.0,REG,3,REG,8478009.0,8474573.0,/video/nyi-stl-337182556,,,,,,,,,,,,,,,,,,,,,,,NYI
2022020168,20222023,2,2022-11-03,False,2022-11-04T00:30:00Z,-04:00,-05:00,America/Chicago,OFF,OK,26,Kings,Los Angeles,de Los Angeles,LAK,1.0,16,Blackhawks,Chicago,de Chicago,CHI,2.0,4.0,OT,3,OT,8482821.0,8473604.0,/video/lak-chi-337185974,Söderblom,,,,,,,,,,,,,,,,,,,,,,CHI
2022020170,20222023,2,2022-11-03,False,2022-11-04T01:00:00Z,-04:00,-06:00,America/Edmonton,OFF,OK,1,Devils,New Jersey,du New Jersey,NJD,4.0,22,Oilers,Edmonton,d'Edmonton,EDM,3.0,3.0,REG,3,REG,8477970.0,8479407.0,/video/njd-edm-337191596,,,,,,,,,,,,,,,,,,,,,,,NJD
2022020169,20222023,2,2022-11-03,False,2022-11-04T01:00:00Z,-04:00,-06:00,America/Edmonton,OFF,OK,18,Predators,Nashville,de Nashville,NSH,4.0,20,Flames,Calgary,de Calgary,CGY,1.0,3.0,REG,3,REG,8480947.0,8476887.0,/video/nsh-cgy-337190308,,,,,,,,,,,,,,,,,,,,,,,NSH
2022020172,20222023,2,2022-11-03,False,2022-11-04T02:00:00Z,-04:00,-07:00,America/Phoenix,OFF,OK,25,Stars,Dallas,de Dallas,DAL,7.0,53,Coyotes,Arizona,de l'Arizona,ARI,2.0,3.0,REG,3,REG,8475809.0,8480848.0,/video/dal-ari-337195804,,,,,,,,,,,,,,,,,,,,,,,DAL
2022020171,20222023,2,2022-11-03,False,2022-11-04T02:00:00Z,-04:00,-07:00,America/Vancouver,OFF,OK,24,Ducks,Anaheim,d'Anaheim,ANA,5.0,23,Canucks,Vancouver,de Vancouver,VAN,8.0,3.0,REG,3,REG,8477484.0,8483808.0,/video/ana-van-337197536,,,,,,,,,,,,,,,,,,,,,,,VAN
2022020173,20222023,2,2022-11-03,False,2022-11-04T02:30:00Z,-04:00,-07:00,US/Pacific,OFF,OK,13,Panthers,Florida,de la Floride,FLA,4.0,28,Sharks,San Jose,de San Jose,SJS,3.0,5.0,SO,3,SO,8475683.0,,/video/fla-sjs-337199198,,,,,,,,,,,,,,,,,,,,,,,FLA
2022020175,20222023,2,2022-11-04,True,2022-11-04T18:00:00Z,-04:00,+02:00,Europe/Helsinki,OFF,OK,29,Blue Jackets,Columbus,de Columbus,CBJ,3.0,21,Avalanche,Colorado,du Colorado,COL,6.0,3.0,REG,3,REG,8480382.0,8478420.0,/video/cbj-col-337222104,,,,36.0,2022 NHL Global Series,,,,,,,,,,,,,,,,,,COL
2022020174,20222023,2,2022-11-04,False,2022-11-04T23:00:00Z,-04:00,-04:00,US/Eastern,OFF,OK,7,Sabres,Buffalo,de Buffalo,BUF,3.0,12,Hurricanes,Carolina,de la Caroline,CAR,5.0,3.0,REG,3,REG,8477293.0,8480829.0,/video/buf-car-337228208,,,,,,,,,,,,,,,,,,,,,,,CAR
2022020181,20222023,2,2022-11-05,False,2022-11-05T17:00:00Z,-04:00,-04:00,America/Detroit,OFF,OK,2,Islanders,New York,de New York,NYI,0.0,17,Red Wings,Detroit,de Detroit,DET,3.0,3.0,REG,3,REG,8478024.0,8482078.0,/video/nyi-det-337243718,,,,,,,,,,,,,,,,,,,,,,,DET
2022020185,20222023,2,2022-11-05,True,2022-11-05T18:00:00Z,-04:00,+02:00,Europe/Helsinki,OFF,OK,21,Avalanche,Colorado,du Colorado,COL,5.0,29,Blue Jackets,Columbus,de Columbus,CBJ,1.0,3.0,REG,3,REG,8480382.0,8480822.0,/video/col-cbj-337246902,,,,36.0,2022 NHL Global Series,,,,,,,,,,,,,,,,,,COL
2022020176,20222023,2,2022-11-05,False,2022-11-05T19:00:00Z,-04:00,-05:00,America/Winnipeg,OFF,OK,16,Blackhawks,Chicago,de Chicago,CHI,0.0,52,Jets,Winnipeg,de Winnipeg,WPG,4.0,3.0,REG,3,REG,8476945.0,8477504.0,/video/chi-wpg-337250458,,,,,,,,,,,,,,,,,,,,,,,WPG
2022020177,20222023,2,2022-11-05,False,2022-11-05T20:00:00Z,-04:00,-06:00,America/Edmonton,OFF,OK,25,Stars,Dallas,de Dallas,DAL,6.0,22,Oilers,Edmonton,d'Edmonton,EDM,2.0,3.0,REG,3,REG,8475809.0,8480027.0,/video/dal-edm-337254188,,,,,,,,,,,,,,,,,,,,,,,DAL
2022020182,20222023,2,2022-11-05,False,2022-11-05T23:00:00Z,-04:00,-04:00,US/Eastern,OFF,OK,4,Flyers,Philadelphia,de Philadelphie,PHI,2.0,9,Senators,Ottawa,d'Ottawa,OTT,1.0,3.0,REG,3,REG,8479394.0,8479772.0,/video/phi-ott-337267298,,,Sénateurs,,,,,,,,,,,,,,,,,,,,PHI
2022020184,20222023,2,2022-11-05,False,2022-11-05T23:00:00Z,-04:00,-04:00,America/Montreal,OFF,OK,54,Golden Knights,Vegas,de Vegas,VGK,6.0,8,Canadiens,Montréal,de Montréal,MTL,4.0,3.0,REG,3,REG,8478499.0,8478462.0,/video/vgk-mtl-337268238,,,,,,,,,,,,,,,,,,,,,,,VGK
2022020178,20222023,2,2022-11-05,False,2022-11-05T23:00:00Z,-04:00,-04:00,US/Eastern,OFF,OK,53,Coyotes,Arizona,de l'Arizona,ARI,3.0,15,Capitals,Washington,de Washington,WSH,2.0,3.0,REG,3,REG,8478872.0,8477941.0,/video/ari-wsh-337267038,,,,,,,,,,,,,,,,,,,,,,,ARI
2022020179,20222023,2,2022-11-05,False,2022-11-05T23:00:00Z,-04:00,-04:00,America/Toronto,OFF,OK,6,Bruins,Boston,de Boston,BOS,1.0,10,Maple Leafs,Toronto,de Toronto,TOR,2.0,3.0,REG,3,REG,8478492.0,8479318.0,/video/bos-tor-337265360,,,,,,,,,,,,,,,,,,,,,,,TOR
2022020183,20222023,2,2022-11-05,False,2022-11-05T23:00:00Z,-04:00,-04:00,US/Eastern,OFF,OK,55,Kraken,Seattle,de Seattle,SEA,3.0,5,Penguins,Pittsburgh,de Pittsburgh,PIT,2.0,3.0,REG,3,REG,8474889.0,8479293.0,/video/sea-pit-337264584,,,,,,,,,,,,,,,,,,,,,,,SEA
2022020180,20222023,2,2022-11-05,False,2022-11-05T23:00:00Z,-04:00,-04:00,US/Eastern,OFF,OK,7,Sabres,Buffalo,de Buffalo,BUF,3.0,14,Lightning,Tampa Bay,de Tampa Bay,TBL,5.0,3.0,REG,3,REG,8470880.0,8480246.0,/video/buf-tbl-337267868,,,,,,,,,,,,,,,,,,,,,,,TBL
2022020186,20222023,2,2022-11-05,False,2022-11-06T02:00:00Z,-04:00,-07:00,America/Vancouver,OFF,OK,18,Predators,Nashville,de Nashville,NSH,4.0,23,Canucks,Vancouver,de Vancouver,VAN,3.0,5.0,SO,3,SO,8477424.0,,/video/nsh-van-337280788,,,,,,,,,,,,,,,,,,,,,,,NSH
2022020187,20222023,2,2022-11-05,False,2022-11-06T02:00:00Z,-04:00,-06:00,America/Edmonton,OFF,OK,1,Devils,New Jersey,du New Jersey,NJD,4.0,20,Flames,Calgary,de Calgary,CGY,3.0,4.0,OT,3,OT,8477970.0,8480188.0,/video/njd-cgy-337279974,,,,,,,,,,,,,,,,,,,,,,,NJD
2022020189,20222023,2,2022-11-05,False,2022-11-06T02:30:00Z,-04:00,-07:00,America/Los_Angeles,OFF,OK,13,Panthers,Florida,de la Floride,FLA,4.0,26,Kings,Los Angeles,de Los Angeles,LAK,5.0,3.0,REG,3,REG,8471734.0,8480014.0,/video/fla-lak-337281366,,,,,,,,,,,,,,,,,,,,,,,LAK
2022020188,20222023,2,2022-11-05,False,2022-11-06T02:30:00Z,-04:00,-07:00,US/Pacific,OFF,OK,24,Ducks,Anaheim,d'Anaheim,ANA,5.0,28,Sharks,San Jose,de San Jose,SJS,4.0,5.0,SO,3,SO,8476932.0,,/video/ana-sjs-337283350,,,,,,,,,,,,,,,,,,,,,,,ANA
2022020190,20222023,2,2022-11-06,False,2022-11-06T22:00:00Z,-05:00,-05:00,America/New_York,OFF,OK,17,Red Wings,Detroit,de Detroit,DET,3.0,3,Rangers,New York,de New York,NYR,2.0,4.0,OT,3,OT,8477968.0,8477330.0,/video/det-nyr-337294800,,,,,,,,,,,,,,,,,,,,,,,DET
2022020191,20222023,2,2022-11-06,False,2022-11-06T22:00:00Z,-05:00,-05:00,US/Eastern,OFF,OK,10,Maple Leafs,Toronto,de Toronto,TOR,3.0,12,Hurricanes,Carolina,de la Caroline,CAR,1.0,3.0,REG,3,REG,8478902.0,8475166.0,/video/tor-car-337294408,,,,,,,,,,,,,,,,,,,,,,,TOR
2022020192,20222023,2,2022-11-06,False,2022-11-07T02:00:00Z,-05:00,-08:00,America/Los_Angeles,OFF,OK,13,Panthers,Florida,de la Floride,FLA,5.0,24,Ducks,Anaheim,d'Anaheim,ANA,3.0,3.0,REG,3,REG,8481519.0,8477935.0,/video/fla-ana-337299574,,,,,,,,,,,,,,,,,,,,,,,FLA
2022020193,20222023,2,2022-11-07,False,2022-11-08T00:00:00Z,-05:00,-05:00,America/New_York,OFF,OK,20,Flames,Calgary,de Calgary,CGY,3.0,2,Islanders,New York,de New York,NYI,4.0,4.0,OT,3,OT,8478009.0,8480865.0,/video/cgy-nyi-337328224,,,,,,,,,,,,,,,,,,,,,,,NYI
2022020194,20222023,2,2022-11-07,False,2022-11-08T00:00:00Z,-05:00,-05:00,US/Eastern,OFF,OK,19,Blues,St. Louis,de St. Louis,STL,1.0,6,Bruins,Boston,de Boston,BOS,3.0,3.0,REG,3,REG,8476999.0,8470638.0,/video/stl-bos-337327288,,,,,,,,,,,,,,,,,,,,,,,BOS
2022020195,20222023,2,2022-11-07,False,2022-11-08T01:00:00Z,-05:00,-05:00,US/Eastern,OFF,OK,22,Oilers,Edmonton,d'Edmonton,EDM,4.0,15,Capitals,Washington,de Washington,WSH,5.0,3.0,REG,3,REG,8479292.0,8475744.0,/video/edm-wsh-337330754,,,,,,,,,,,,,,,,,,,,,,,WSH
2022020199,20222023,2,2022-11-08,False,2022-11-09T00:00:00Z,-05:00,-05:00,US/Eastern,OFF,OK,19,Blues,St. Louis,de St. Louis,STL,1.0,4,Flyers,Philadelphia,de Philadelphie,PHI,5.0,3.0,REG,3,REG,8478433.0,8478439.0,/video/stl-phi-337365528,,,,,,,,,,,,,,,,,,,,,,,PHI
2022020198,20222023,2,2022-11-08,False,2022-11-09T00:00:00Z,-05:00,-05:00,America/New_York,OFF,OK,2,Islanders,New York,de New York,NYI,4.0,3,Rangers,New York,de New York,NYR,3.0,3.0,REG,3,REG,8473575.0,8475314.0,/video/nyi-nyr-337366974,,,,,,,,,,,,,,,,,,,,,,,NYI
2022020196,20222023,2,2022-11-08,False,2022-11-09T00:00:00Z,-05:00,-05:00,America/New_York,OFF,OK,53,Coyotes,Arizona,de l'Arizona,ARI,4.0,7,Sabres,Buffalo,de Buffalo,BUF,1.0,3.0,REG,3,REG,8478872.0,8481711.0,/video/ari-buf-337368372,,,,,,,,,,,,,,,,,,,,,,,ARI
2022020197,20222023,2,2022-11-08,False,2022-11-09T00:00:00Z,-05:00,-05:00,US/Eastern,OFF,OK,20,Flames,Calgary,de Calgary,CGY,2.0,1,Devils,New Jersey,du New Jersey,NJD,3.0,3.0,REG,3,REG,8477970.0,8480002.0,/video/cgy-njd-337366314,,,,,,,,,,,,,,,,,,,,,,,NJD
2022020201,20222023,2,2022-11-08,False,2022-11-09T00:00:00Z,-05:00,-05:00,America/Toronto,OFF,OK,54,Golden Knights,Vegas,de Vegas,VGK,4.0,10,Maple Leafs,Toronto,de Toronto,TOR,3.0,4.0,OT,3,OT,8480313.0,8475191.0,/video/vgk-tor-337365860,,,,,,,,,,,,,,,,,,,,,,,VGK
2022020203,20222023,2,2022-11-08,False,2022-11-09T00:00:00Z,-05:00,-05:00,America/Detroit,OFF,OK,8,Canadiens,Montréal,de Montréal,MTL,3.0,17,Red Wings,Detroit,de Detroit,DET,2.0,5.0,SO,3,SO,8474596.0,,/video/mtl-det-337367870,,,,,,,,,,,,,,,,,,,,,,,MTL
2022020200,20222023,2,2022-11-08,False,2022-11-09T00:00:00Z,-05:00,-05:00,US/Eastern,OFF,OK,23,Canucks,Vancouver,de Vancouver,VAN,6.0,9,Senators,Ottawa,d'Ottawa,OTT,4.0,3.0,REG,3,REG,8477484.0,8480021.0,/video/van-ott-337366878,,,Sénateurs,,,,,,,,,,,,,,,,,,,,VAN
2022020202,20222023,2,2022-11-08,False,2022-11-09T00:30:00Z,-05:00,-05:00,US/Eastern,OFF,OK,22,Oilers,Edmonton,d'Edmonton,EDM,3.0,14,Lightning,Tampa Bay,de Tampa Bay,TBL,2.0,3.0,REG,3,REG,8475789.0,8477934.0,/video/edm-tbl-337372358,,,,,,,,,,,,,,,,,,,,,,,EDM
2022020204,20222023,2,2022-11-08,False,2022-11-09T01:00:00Z,-05:00,-06:00,America/Winnipeg,OFF,OK,25,Stars,Dallas,de Dallas,DAL,1.0,52,Jets,Winnipeg,de Winnipeg,WPG,5.0,3.0,REG,3,REG,8476945.0,8479400.0,/video/dal-wpg-337373784,,,,,,,,,,,,,,,,,,,,,,,WPG
2022020205,20222023,2,2022-11-08,False,2022-11-09T03:00:00Z,-05:00,-08:00,US/Pacific,OFF,OK,18,Predators,Nashville,de Nashville,NSH,1.0,55,Kraken,Seattle,de Seattle,SEA,5.0,3.0,REG,3,REG,8474889.0,8478840.0,/video/nsh-sea-337381434,,,,,,,,,,,,,,,,,,,,,,,SEA
2022020206,20222023,2,2022-11-08,False,2022-11-09T03:30:00Z,-05:00,-08:00,America/Los_Angeles,OFF,OK,30,Wild,Minnesota,du Minnesota,MIN,0.0,26,Kings,Los Angeles,de Los Angeles,LAK,1.0,3.0,REG,3,REG,8471734.0,8480014.0,/video/min-lak-337382022,,,,,,,,,,,,,,,,,,,,,,,LAK
2022020207,20222023,2,2022-11-09,False,2022-11-10T00:00:00Z,-05:00,-05:00,US/Eastern,OFF,OK,12,Hurricanes,Carolina,de la Caroline,CAR,0.0,13,Panthers,Florida,de la Floride,FLA,3.0,3.0,REG,3,REG,8481519.0,8476393.0,/video/car-fla-337415386,,,,,,,,,,,,,,,,,,,,,,,FLA
2022020209,20222023,2,2022-11-09,False,2022-11-10T00:30:00Z,-05:00,-05:00,America/Montreal,OFF,OK,23,Canucks,Vancouver,de Vancouver,VAN,2.0,8,Canadiens,Montréal,de Montréal,MTL,5.0,3.0,REG,3,REG,8478470.0,8481523.0,/video/van-mtl-337415780,,,,,,,,,,,,,,,,,,,,,,,MTL
2022020208,20222023,2,2022-11-09,False,2022-11-10T00:30:00Z,-05:00,-05:00,US/Eastern,OFF,OK,5,Penguins,Pittsburgh,de Pittsburgh,PIT,4.0,15,Capitals,Washington,de Washington,WSH,1.0,3.0,REG,3,REG,8479193.0,8476934.0,/video/pit-wsh-337416636,,,,,,,,,,,,,,,,,,,,,,,PIT
2022020210,20222023,2,2022-11-09,False,2022-11-10T03:00:00Z,-05:00,-08:00,America/Los_Angeles,OFF,OK,30,Wild,Minnesota,du Minnesota,MIN,4.0,24,Ducks,Anaheim,d'Anaheim,ANA,1.0,3.0,REG,3,REG,8479406.0,8476856.0,/video/min-ana-337421062,,,,,,,,,,,,,,,,,,,,,,,MIN
2022020211,20222023,2,2022-11-10,False,2022-11-11T00:00:00Z,-05:00,-05:00,US/Eastern,OFF,OK,20,Flames,Calgary,de Calgary,CGY,1.0,6,Bruins,Boston,de Boston,BOS,3.0,3.0,REG,3,REG,8476999.0,8479325.0,/video/cgy-bos-337456174,,,,,,,,,,,,,,,,,,,,,,,BOS
2022020214,20222023,2,2022-11-10,False,2022-11-11T00:00:00Z,-05:00,-05:00,US/Eastern,OFF,OK,4,Flyers,Philadelphia,de Philadelphie,PHI,2.0,29,Blue Jackets,Columbus,de Columbus,CBJ,5.0,3.0,REG,3,REG,8476914.0,8476432.0,/video/phi-cbj-337457438,,,,,,,,,,,,,,,,,,,,,,,CBJ
2022020213,20222023,2,2022-11-10,False,2022-11-11T00:00:00Z,-05:00,-05:00,US/Eastern,OFF,OK,9,Senators,Ottawa,d'Ottawa,OTT,3.0,1,Devils,New Jersey,du New Jersey,NJD,4.0,4.0,OT,3,OT,8481033.0,8480002.0,/video/ott-njd-337459574,,Sénateurs,,,,,,,,,,,,,,,,,,,,,NJD
2022020212,20222023,2,2022-11-10,False,2022-11-11T00:00:00Z,-05:00,-05:00,US/Eastern,OFF,OK,22,Oilers,Edmonton,d'Edmonton,EDM,2.0,12,Hurricanes,Carolina,de la Caroline,CAR,7.0,3.0,REG,3,REG,8481611.0,8480830.0,/video/edm-car-337456280,,,,,,,,,,,,,,,,,,,,,,,CAR
2022020217,20222023,2,2022-11-10,False,2022-11-11T00:00:00Z,-05:00,-05:00,America/Detroit,OFF,OK,3,Rangers,New York,de New York,NYR,8.0,17,Red Wings,Detroit,de Detroit,DET,2.0,3.0,REG,3,REG,8478048.0,8479323.0,/video/nyr-det-337455576,,,,,,,,,,,,,,,,,,,,,,,NYR
2022020215,20222023,2,2022-11-10,False,2022-11-11T00:00:00Z,-05:00,-05:00,America/New_York,OFF,OK,54,Golden Knights,Vegas,de Vegas,VGK,7.0,7,Sabres,Buffalo,de Buffalo,BUF,4.0,3.0,REG,3,REG,8480313.0,8478403.0,/video/vgk-buf-337457864,,,,,,,,,,,,,,,,,,,,,,,VGK
2022020216,20222023,2,2022-11-10,False,2022-11-11T00:30:00Z,-05:00,-05:00,America/New_York,OFF,OK,53,Coyotes,Arizona,de l'Arizona,ARI,2.0,2,Islanders,New York,de New York,NYI,0.0,3.0,REG,3,REG,8478872.0,8476329.0,/video/ari-nyi-337461690,,,,,,,,,,,,,,,,,,,,,,,ARI
2022020218,20222023,2,2022-11-10,False,2022-11-11T01:00:00Z,-05:00,-06:00,US/Central,OFF,OK,28,Sharks,San Jose,de San Jose,SJS,3.0,19,Blues,St. Louis,de St. Louis,STL,5.0,3.0,REG,3,REG,8476412.0,8480157.0,/video/sjs-stl-337463034,,,,,,,,,,,,,,,,,,,,,,,STL
2022020219,20222023,2,2022-11-10,False,2022-11-11T02:00:00Z,-05:00,-07:00,America/Denver,OFF,OK,18,Predators,Nashville,de Nashville,NSH,3.0,21,Avalanche,Colorado,du Colorado,COL,5.0,3.0,REG,3,REG,8480382.0,8478420.0,/video/nsh-col-337467256,,,,,,,,,,,,,,,,,,,,,,,COL
2022020220,20222023,2,2022-11-10,False,2022-11-11T03:30:00Z,-05:00,-08:00,America/Los_Angeles,OFF,OK,16,Blackhawks,Chicago,de Chicago,CHI,1.0,26,Kings,Los Angeles,de Los Angeles,LAK,2.0,4.0,OT,3,OT,8471734.0,8477942.0,/video/chi-lak-337470548,,,,,,,,,,,,,,,,,,,,,,,LAK
2022020221,20222023,2,2022-11-11,False,2022-11-12T00:00:00Z,-05:00,-05:00,America/Toronto,OFF,OK,5,Penguins,Pittsburgh,de Pittsburgh,PIT,4.0,10,Maple Leafs,Toronto,de Toronto,TOR,2.0,3.0,REG,3,REG,8479193.0,8476934.0,/video/pit-tor-337493250,,,,,,,,,,,,,,,,,,,,,,,PIT
2022020222,20222023,2,2022-11-11,False,2022-11-12T00:00:00Z,-05:00,-05:00,US/Eastern,OFF,OK,14,Lightning,Tampa Bay,de Tampa Bay,TBL,1.0,15,Capitals,Washington,de Washington,WSH,5.0,3.0,REG,3,REG,8475311.0,8477947.0,/video/tbl-wsh-337493082,,,,,,,,,,,,,,,,,,,,,,,WSH
2022020223,20222023,2,2022-11-11,False,2022-11-12T01:30:00Z,-05:00,-06:00,US/Central,OFF,OK,28,Sharks,San Jose,de San Jose,SJS,5.0,25,Stars,Dallas,de Dallas,DAL,4.0,3.0,REG,3,REG,8473503.0,8476881.0,/video/sjs-dal-337496384,,,,,,,,,,,,,,,,,,,,,,,SJS
2022020224,20222023,2,2022-11-11,False,2022-11-12T03:00:00Z,-05:00,-08:00,US/Pacific,OFF,OK,30,Wild,Minnesota,du Minnesota,MIN,1.0,55,Kraken,Seattle,de Seattle,SEA,0.0,3.0,REG,3,REG,8470594.0,8475692.0,/video/min-sea-337498440,,,,,,,,,,,,,,,,,,,,,,,MIN
2022020225,20222023,2,2022-11-12,False,2022-11-12T18:00:00Z,-05:00,-05:00,US/Eastern,OFF,OK,9,Senators,Ottawa,d'Ottawa,OTT,4.0,4,Flyers,Philadelphia,de Philadelphie,PHI,1.0,3.0,REG,3,REG,8475660.0,8479337.0,/video/ott-phi-337514306,,Sénateurs,,,,,,,,,,,,,,,,,,,,,OTT
2022020226,20222023,2,2022-11-12,False,2022-11-12T21:00:00Z,-05:00,-05:00,US/Eastern,OFF,OK,22,Oilers,Edmonton,d'Edmonton,EDM,4.0,13,Panthers,Florida,de la Floride,FLA,2.0,3.0,REG,3,REG,8479973.0,8477998.0,/video/edm-fla-337518424,,,,,,,,,,,,,,,,,,,,,,,EDM
2022020229,20222023,2,2022-11-12,False,2022-11-13T00:00:00Z,-05:00,-05:00,America/Montreal,OFF,OK,5,Penguins,Pittsburgh,de Pittsburgh,PIT,4.0,8,Canadiens,Montréal,de Montréal,MTL,5.0,4.0,OT,3,OT,8474596.0,8474884.0,/video/pit-mtl-337530558,,,,,,,,,,,,,,,,,,,,,,,MTL
2022020227,20222023,2,2022-11-12,False,2022-11-13T00:00:00Z,-05:00,-05:00,US/Eastern,OFF,OK,53,Coyotes,Arizona,de l'Arizona,ARI,2.0,1,Devils,New Jersey,du New Jersey,NJD,4.0,3.0,REG,3,REG,8481033.0,8480003.0,/video/ari-njd-337529232,,,,,,,,,,,,,,,,,,,,,,,NJD
2022020228,20222023,2,2022-11-12,False,2022-11-13T00:00:00Z,-05:00,-05:00,America/New_York,OFF,OK,6,Bruins,Boston,de Boston,BOS,3.0,7,Sabres,Buffalo,de Buffalo,BUF,1.0,3.0,REG,3,REG,8476234.0,8478415.0,/video/bos-buf-337530876,,,,,,,,,,,,,,,,,,,,,,,BOS
2022020230,20222023,2,2022-11-12,False,2022-11-13T00:00:00Z,-05:00,-05:00,America/Toronto,OFF,OK,23,Canucks,Vancouver,de Vancouver,VAN,2.0,10,Maple Leafs,Toronto,de Toronto,TOR,3.0,3.0,REG,3,REG,8478902.0,8474818.0,/video/van-tor-337529010,,,,,,,,,,,,,,,,,,,,,,,TOR
2022020231,20222023,2,2022-11-12,False,2022-11-13T00:30:00Z,-05:00,-05:00,America/New_York,OFF,OK,29,Blue Jackets,Columbus,de Columbus,CBJ,3.0,2,Islanders,New York,de New York,NYI,4.0,4.0,OT,3,OT,8478009.0,8470610.0,/video/cbj-nyi-337532132,,,,,,,,,,,,,,,,,,,,,,,NYI
2022020232,20222023,2,2022-11-12,False,2022-11-13T01:00:00Z,-05:00,-06:00,US/Central,OFF,OK,3,Rangers,New York,de New York,NYR,1.0,18,Predators,Nashville,de Nashville,NSH,2.0,3.0,REG,3,REG,8477424.0,8476873.0,,,,,,,,,,,,,,,,,,,,,,,,NSH
2022020233,20222023,2,2022-11-12,False,2022-11-13T02:00:00Z,-05:00,-07:00,America/Denver,OFF,OK,12,Hurricanes,Carolina,de la Caroline,CAR,1.0,21,Avalanche,Colorado,du Colorado,COL,4.0,3.0,REG,3,REG,8480925.0,8480069.0,/video/car-col-337540790,,,,,,,,,,,,,,,,,,,,,,,COL
2022020234,20222023,2,2022-11-12,False,2022-11-13T03:00:00Z,-05:00,-08:00,America/Los_Angeles,OFF,OK,16,Blackhawks,Chicago,de Chicago,CHI,3.0,24,Ducks,Anaheim,d'Anaheim,ANA,2.0,3.0,REG,3,REG,8482821.0,8475797.0,/video/chi-ana-337546590,Söderblom,,,,,,,,,,,,,,,,,,,,,,CHI
2022020235,20222023,2,2022-11-12,False,2022-11-13T03:00:00Z,-05:00,-08:00,US/Pacific,OFF,OK,19,Blues,St. Louis,de St. Louis,STL,3.0,54,Golden Knights,Vegas,de Vegas,VGK,2.0,3.0,REG,3,REG,8476412.0,8475158.0,/video/stl-vgk-337545942,,,,,,,,,,,,,,,,,,,,,,,STL
2022020236,20222023,2,2022-11-12,False,2022-11-13T03:00:00Z,-05:00,-07:00,America/Edmonton,OFF,OK,52,Jets,Winnipeg,de Winnipeg,WPG,2.0,20,Flames,Calgary,de Calgary,CGY,3.0,3.0,REG,3,REG,8474593.0,8473453.0,/video/wpg-cgy-337546044,Markström,,,,,,,,,,,,,,,,,,,,,,CGY
2022020237,20222023,2,2022-11-12,False,2022-11-13T03:30:00Z,-05:00,-08:00,America/Los_Angeles,OFF,OK,17,Red Wings,Detroit,de Detroit,DET,3.0,26,Kings,Los Angeles,de Los Angeles,LAK,4.0,3.0,REG,3,REG,8477361.0,8480434.0,/video/det-lak-337547462,,,,,,,,,,,,,,,,,,,,,,,LAK
2022020238,20222023,2,2022-11-13,False,2022-11-13T18:00:00Z,-05:00,-05:00,US/Eastern,OFF,OK,25,Stars,Dallas,de Dallas,DAL,5.0,4,Flyers,Philadelphia,de Philadelphie,PHI,1.0,3.0,REG,3,REG,8479979.0,8476902.0,/video/dal-phi-337559620,,,,,,,,,,,,,,,,,,,,,,,DAL
2022020240,20222023,2,2022-11-13,False,2022-11-13T23:00:00Z,-05:00,-06:00,US/Central,OFF,OK,28,Sharks,San Jose,de San Jose,SJS,3.0,30,Wild,Minnesota,du Minnesota,MIN,2.0,5.0,SO,3,SO,8473503.0,,/video/sjs-min-337568614,,,,,,,,,,,,,,,,,,,,,,,SJS
2022020241,20222023,2,2022-11-13,False,2022-11-13T23:00:00Z,-05:00,-05:00,US/Eastern,OFF,OK,23,Canucks,Vancouver,de Vancouver,VAN,2.0,6,Bruins,Boston,de Boston,BOS,5.0,3.0,REG,3,REG,8476999.0,8478401.0,/video/van-bos-337568216,,,,,,,,,,,,,,,,,,,,,,,BOS
2022020242,20222023,2,2022-11-13,False,2022-11-14T00:00:00Z,-05:00,-05:00,US/Eastern,OFF,OK,15,Capitals,Washington,de Washington,WSH,3.0,14,Lightning,Tampa Bay,de Tampa Bay,TBL,6.0,3.0,REG,3,REG,8476883.0,8479410.0,/video/wsh-tbl-337574382,,,,,,,,,,,,,,,,,,,,,,,TBL
2022020239,20222023,2,2022-11-13,False,2022-11-14T00:00:00Z,-05:00,-05:00,America/New_York,OFF,OK,53,Coyotes,Arizona,de l'Arizona,ARI,1.0,3,Rangers,New York,de New York,NYR,4.0,3.0,REG,3,REG,8478048.0,8479323.0,,,,,,,,,,,,,,,,,,,,,,,,NYR
2022020243,20222023,2,2022-11-13,False,2022-11-14T01:00:00Z,-05:00,-08:00,US/Pacific,OFF,OK,52,Jets,Winnipeg,de Winnipeg,WPG,3.0,55,Kraken,Seattle,de Seattle,SEA,2.0,4.0,OT,3,OT,8479496.0,8476460.0,/video/wpg-sea-337576576,,,,,,,,,,,,,,,,,,,,,,,WPG
2022020244,20222023,2,2022-11-14,False,2022-11-14T22:30:00Z,-05:00,-05:00,US/Eastern,OFF,OK,2,Islanders,New York,de New York,NYI,4.0,9,Senators,Ottawa,d'Ottawa,OTT,2.0,3.0,REG,3,REG,8473575.0,8476419.0,/video/nyi-ott-337600992,,,Sénateurs,,,,,,,,,,,,,,,,,,,,NYI
2022020246,20222023,2,2022-11-14,False,2022-11-15T01:30:00Z,-05:00,-07:00,America/Edmonton,OFF,OK,26,Kings,Los Angeles,de Los Angeles,LAK,5.0,20,Flames,Calgary,de Calgary,CGY,6.0,3.0,REG,3,REG,8474593.0,8480008.0,/video/lak-cgy-337609282,Markström,,,,,,,,,,,,,,,,,,,,,,CGY
2022020245,20222023,2,2022-11-14,False,2022-11-15T01:30:00Z,-05:00,-06:00,America/Chicago,OFF,OK,12,Hurricanes,Carolina,de la Caroline,CAR,3.0,16,Blackhawks,Chicago,de Chicago,CHI,0.0,3.0,REG,3,REG,8481611.0,8476921.0,/video/car-chi-337608590,,,,,,,,,,,,,,,,,,,,,,,CAR
2022020247,20222023,2,2022-11-14,False,2022-11-15T02:00:00Z,-05:00,-07:00,America/Denver,OFF,OK,19,Blues,St. Louis,de St. Louis,STL,3.0,21,Avalanche,Colorado,du Colorado,COL,2.0,3.0,REG,3,REG,8476412.0,8479385.0,/video/stl-col-337609968,,,,,,,,,,,,,,,,,,,,,,,STL
2022020251,20222023,2,2022-11-15,False,2022-11-16T00:00:00Z,-05:00,-05:00,US/Eastern,OFF,OK,10,Maple Leafs,Toronto,de Toronto,TOR,5.0,5,Penguins,Pittsburgh,de Pittsburgh,PIT,2.0,3.0,REG,3,REG,8476899.0,8478047.0,/video/tor-pit-337644508,,,,,,,,,,,,,,,,,,,,,,,TOR
2022020249,20222023,2,2022-11-15,False,2022-11-16T00:00:00Z,-05:00,-05:00,America/Montreal,OFF,OK,1,Devils,New Jersey,du New Jersey,NJD,5.0,8,Canadiens,Montréal,de Montréal,MTL,1.0,3.0,REG,3,REG,8477970.0,8476462.0,,,,,,,,,,,,,,,,,,,,,,,,NJD
2022020252,20222023,2,2022-11-15,False,2022-11-16T00:00:00Z,-05:00,-05:00,America/New_York,OFF,OK,23,Canucks,Vancouver,de Vancouver,VAN,5.0,7,Sabres,Buffalo,de Buffalo,BUF,4.0,3.0,REG,3,REG,8477484.0,8477500.0,/video/van-buf-337645132,,,,,,,,,,,,,,,,,,,,,,,VAN
2022020248,20222023,2,2022-11-15,False,2022-11-16T00:00:00Z,-05:00,-05:00,US/Eastern,OFF,OK,25,Stars,Dallas,de Dallas,DAL,4.0,14,Lightning,Tampa Bay,de Tampa Bay,TBL,5.0,4.0,OT,3,OT,8470880.0,8473986.0,/video/dal-tbl-337647724,,,,,,,,,,,,,,,,,,,,,,,TBL
2022020253,20222023,2,2022-11-15,False,2022-11-16T00:00:00Z,-05:00,-05:00,US/Eastern,OFF,OK,15,Capitals,Washington,de Washington,WSH,2.0,13,Panthers,Florida,de la Floride,FLA,5.0,3.0,REG,3,REG,8475683.0,8476393.0,/video/wsh-fla-337645956,,,,,,,,,,,,,,,,,,,,,,,FLA
2022020250,20222023,2,2022-11-15,False,2022-11-16T00:30:00Z,-05:00,-05:00,US/Eastern,OFF,OK,4,Flyers,Philadelphia,de Philadelphie,PHI,4.0,29,Blue Jackets,Columbus,de Columbus,CBJ,5.0,4.0,OT,3,OT,8476914.0,8478882.0,/video/phi-cbj-337651032,,,,,,,,,,,,,,,,,,,,,,,CBJ
2022020254,20222023,2,2022-11-15,False,2022-11-16T01:00:00Z,-05:00,-06:00,US/Central,OFF,OK,30,Wild,Minnesota,du Minnesota,MIN,1.0,18,Predators,Nashville,de Nashville,NSH,2.0,3.0,REG,3,REG,8477424.0,8475168.0,/video/min-nsh-337652924,,,,,,,,,,,,,,,,,,,,,,,NSH
2022020255,20222023,2,2022-11-15,False,2022-11-16T03:00:00Z,-05:00,-08:00,America/Los_Angeles,OFF,OK,17,Red Wings,Detroit,de Detroit,DET,2.0,24,Ducks,Anaheim,d'Anaheim,ANA,3.0,4.0,OT,3,OT,8476434.0,8476458.0,/video/det-ana-337658146,,,,,,,,,,,,,,,,,,,,,,,ANA
2022020256,20222023,2,2022-11-15,False,2022-11-16T03:00:00Z,-05:00,-08:00,US/Pacific,OFF,OK,28,Sharks,San Jose,de San Jose,SJS,5.0,54,Golden Knights,Vegas,de Vegas,VGK,2.0,3.0,REG,3,REG,8473503.0,8478414.0,/video/sjs-vgk-337657766,,,,,,,,,,,,,,,,,,,,,,,SJS
2022020257,20222023,2,2022-11-16,False,2022-11-17T00:00:00Z,-05:00,-05:00,US/Eastern,OFF,OK,7,Sabres,Buffalo,de Buffalo,BUF,1.0,9,Senators,Ottawa,d'Ottawa,OTT,4.0,3.0,REG,3,REG,8476341.0,8480801.0,/video/buf-ott-337684944,,,Sénateurs,,,,,,,,,,,,,,,,,,,,OTT
2022020258,20222023,2,2022-11-16,False,2022-11-17T00:30:00Z,-05:00,-06:00,America/Chicago,OFF,OK,19,Blues,St. Louis,de St. Louis,STL,5.0,16,Blackhawks,Chicago,de Chicago,CHI,2.0,3.0,REG,3,REG,8476412.0,8475158.0,/video/stl-chi-337685364,,,,,,,,,,,,,,,,,,,,,,,STL
2022020259,20222023,2,2022-11-16,False,2022-11-17T03:00:00Z,-05:00,-07:00,America/Edmonton,OFF,OK,26,Kings,Los Angeles,de Los Angeles,LAK,3.0,22,Oilers,Edmonton,d'Edmonton,EDM,1.0,3.0,REG,3,REG,8477361.0,8479675.0,/video/lak-edm-337689836,,,,,,,,,,,,,,,,,,,,,,,LAK
2022020264,20222023,2,2022-11-17,False,2022-11-18T00:00:00Z,-05:00,-05:00,America/Toronto,OFF,OK,1,Devils,New Jersey,du New Jersey,NJD,3.0,10,Maple Leafs,Toronto,de Toronto,TOR,2.0,4.0,OT,3,OT,8477970.0,8481068.0,/video/njd-tor-337726660,,,,,,,,,,,,,,,,,,,,,,,NJD
2022020260,20222023,2,2022-11-17,False,2022-11-18T00:00:00Z,-05:00,-05:00,US/Eastern,OFF,OK,20,Flames,Calgary,de Calgary,CGY,1.0,14,Lightning,Tampa Bay,de Tampa Bay,TBL,4.0,3.0,REG,3,REG,8476883.0,8476453.0,/video/cgy-tbl-337730848,,,,,,,,,,,,,,,,,,,,,,,TBL
2022020262,20222023,2,2022-11-17,False,2022-11-18T00:00:00Z,-05:00,-05:00,US/Eastern,OFF,OK,25,Stars,Dallas,de Dallas,DAL,6.0,13,Panthers,Florida,de la Floride,FLA,4.0,3.0,REG,3,REG,8475809.0,8478449.0,/video/dal-fla-337729274,,,,,,,,,,,,,,,,,,,,,,,DAL
2022020263,20222023,2,2022-11-17,False,2022-11-18T00:00:00Z,-05:00,-05:00,US/Eastern,OFF,OK,8,Canadiens,Montréal,de Montréal,MTL,4.0,29,Blue Jackets,Columbus,de Columbus,CBJ,6.0,3.0,REG,3,REG,8476914.0,8479671.0,/video/mtl-cbj-337727994,,,,,,,,,,,,,,,,,,,,,,,CBJ
2022020261,20222023,2,2022-11-17,False,2022-11-18T00:00:00Z,-05:00,-05:00,US/Eastern,OFF,OK,21,Avalanche,Colorado,du Colorado,COL,3.0,12,Hurricanes,Carolina,de la Caroline,CAR,2.0,4.0,OT,3,OT,8480925.0,8477476.0,/video/col-car-337730786,,,,,,,,,,,,,,,,,,,,,,,COL
2022020265,20222023,2,2022-11-17,False,2022-11-18T00:00:00Z,-05:00,-05:00,US/Eastern,OFF,OK,4,Flyers,Philadelphia,de Philadelphie,PHI,1.0,6,Bruins,Boston,de Boston,BOS,4.0,3.0,REG,3,REG,8476999.0,8478498.0,/video/phi-bos-337727890,,,,,,,,,,,,,,,,,,,,,,,BOS
2022020266,20222023,2,2022-11-17,False,2022-11-18T01:00:00Z,-05:00,-06:00,America/Winnipeg,OFF,OK,24,Ducks,Anaheim,d'Anaheim,ANA,2.0,52,Jets,Winnipeg,de Winnipeg,WPG,3.0,3.0,REG,3,REG,8476945.0,8478398.0,/video/ana-wpg-337738548,,,,,,,,,,,,,,,,,,,,,,,WPG
2022020268,20222023,2,2022-11-17,False,2022-11-18T01:00:00Z,-05:00,-06:00,US/Central,OFF,OK,5,Penguins,Pittsburgh,de Pittsburgh,PIT,6.0,30,Wild,Minnesota,du Minnesota,MIN,4.0,3.0,REG,3,REG,8477465.0,8476934.0,/video/pit-min-337737622,,,,,,,,,,,,,,,,,,,,,,,PIT
2022020267,20222023,2,2022-11-17,False,2022-11-18T01:00:00Z,-05:00,-06:00,US/Central,OFF,OK,2,Islanders,New York,de New York,NYI,4.0,18,Predators,Nashville,de Nashville,NSH,5.0,3.0,REG,3,REG,8477424.0,8481704.0,/video/nyi-nsh-337736564,,,,,,,,,,,,,,,,,,,,,,,NSH
2022020269,20222023,2,2022-11-17,False,2022-11-18T01:00:00Z,-05:00,-06:00,US/Central,OFF,OK,15,Capitals,Washington,de Washington,WSH,4.0,19,Blues,St. Louis,de St. Louis,STL,5.0,5.0,SO,3,SO,8471306.0,,/video/wsh-stl-337741334,,,,,,,,,,,,,,,,,,,,,,,STL
2022020270,20222023,2,2022-11-17,False,2022-11-18T03:00:00Z,-05:00,-08:00,US/Pacific,OFF,OK,53,Coyotes,Arizona,de l'Arizona,ARI,1.0,54,Golden Knights,Vegas,de Vegas,VGK,4.0,3.0,REG,3,REG,8480313.0,8477478.0,/video/ari-vgk-337749212,,,,,,,,,,,,,,,,,,,,,,,VGK
2022020271,20222023,2,2022-11-17,False,2022-11-18T03:00:00Z,-05:00,-08:00,US/Pacific,OFF,OK,3,Rangers,New York,de New York,NYR,2.0,55,Kraken,Seattle,de Seattle,SEA,3.0,4.0,OT,3,OT,8474889.0,8474602.0,/video/nyr-sea-337748592,,,,,,,,,,,,,,,,,,,,,,,SEA
2022020272,20222023,2,2022-11-17,False,2022-11-18T03:30:00Z,-05:00,-08:00,US/Pacific,OFF,OK,17,Red Wings,Detroit,de Detroit,DET,7.0,28,Sharks,San Jose,de San Jose,SJS,4.0,3.0,REG,3,REG,8478024.0,8481542.0,/video/det-sjs-337749994,,,,,,,,,,,,,,,,,,,,,,,DET
2022020273,20222023,2,2022-11-18,False,2022-11-19T03:00:00Z,-05:00,-08:00,America/Vancouver,OFF,OK,26,Kings,Los Angeles,de Los Angeles,LAK,1.0,23,Canucks,Vancouver,de Vancouver,VAN,4.0,3.0,REG,3,REG,8477967.0,8478444.0,/video/lak-van-337778718,,,,,,,,,,,,,,,,,,,,,,,VAN
2022020274,20222023,2,2022-11-19,False,2022-11-19T18:00:00Z,-05:00,-05:00,US/Eastern,OFF,OK,1,Devils,New Jersey,du New Jersey,NJD,5.0,9,Senators,Ottawa,d'Ottawa,OTT,1.0,3.0,REG,3,REG,8481033.0,8479414.0,/video/njd-ott-337793140,,,Sénateurs,,,,,,,,,,,,,,,,,,,,NJD
2022020275,20222023,2,2022-11-19,False,2022-11-19T21:00:00Z,-05:00,-05:00,US/Eastern,OFF,OK,20,Flames,Calgary,de Calgary,CGY,5.0,13,Panthers,Florida,de la Floride,FLA,4.0,5.0,SO,3,SO,8474593.0,,/video/cgy-fla-337799652,Markström,,,,,,,,,,,,,,,,,,,,,,CGY
2022020281,20222023,2,2022-11-19,False,2022-11-20T00:00:00Z,-05:00,-06:00,America/Winnipeg,OFF,OK,5,Penguins,Pittsburgh,de Pittsburgh,PIT,3.0,52,Jets,Winnipeg,de Winnipeg,WPG,0.0,3.0,REG,3,REG,8477465.0,8475722.0,/video/pit-wpg-337813976,,,,,,,,,,,,,,,,,,,,,,,PIT
2022020278,20222023,2,2022-11-19,False,2022-11-20T00:00:00Z,-05:00,-05:00,US/Eastern,OFF,OK,21,Avalanche,Colorado,du Colorado,COL,4.0,15,Capitals,Washington,de Washington,WSH,0.0,3.0,REG,3,REG,8480382.0,8480069.0,/video/col-wsh-337814040,,,,,,,,,,,,,,,,,,,,,,,COL
2022020277,20222023,2,2022-11-19,False,2022-11-20T00:00:00Z,-05:00,-05:00,US/Eastern,OFF,OK,16,Blackhawks,Chicago,de Chicago,CHI,1.0,6,Bruins,Boston,de Boston,BOS,6.0,3.0,REG,3,REG,8480280.0,8470638.0,/video/chi-bos-337812852,,,,,,,,,,,,,,,,,,,,,,,BOS
2022020280,20222023,2,2022-11-19,False,2022-11-20T00:00:00Z,-05:00,-05:00,America/Montreal,OFF,OK,4,Flyers,Philadelphia,de Philadelphie,PHI,4.0,8,Canadiens,Montréal,de Montréal,MTL,5.0,5.0,SO,3,SO,8474596.0,,/video/phi-mtl-337818822,,,,,,,,,,,,,,,,,,,,,,,MTL
2022020279,20222023,2,2022-11-19,False,2022-11-20T00:00:00Z,-05:00,-05:00,US/Eastern,OFF,OK,17,Red Wings,Detroit,de Detroit,DET,6.0,29,Blue Jackets,Columbus,de Columbus,CBJ,1.0,3.0,REG,3,REG,8478024.0,8479425.0,/video/det-cbj-337812668,,,,,,,,,,,,,,,,,,,,,,,DET
2022020276,20222023,2,2022-11-19,False,2022-11-20T00:00:00Z,-05:00,-05:00,America/Toronto,OFF,OK,7,Sabres,Buffalo,de Buffalo,BUF,2.0,10,Maple Leafs,Toronto,de Toronto,TOR,5.0,3.0,REG,3,REG,8476899.0,8470966.0,,,,,,,,,,,,,,,,,,,,,,,,TOR
2022020284,20222023,2,2022-11-19,False,2022-11-20T01:00:00Z,-05:00,-06:00,US/Central,OFF,OK,2,Islanders,New York,de New York,NYI,2.0,25,Stars,Dallas,de Dallas,DAL,5.0,3.0,REG,3,REG,8479979.0,8473994.0,/video/nyi-dal-337821114,,,,,,,,,,,,,,,,,,,,,,,DAL
2022020282,20222023,2,2022-11-19,False,2022-11-20T01:00:00Z,-05:00,-06:00,US/Central,OFF,OK,24,Ducks,Anaheim,d'Anaheim,ANA,2.0,19,Blues,St. Louis,de St. Louis,STL,6.0,3.0,REG,3,REG,8476412.0,8477402.0,/video/ana-stl-337820384,,,,,,,,,,,,,,,,,,,,,,,STL
2022020285,20222023,2,2022-11-19,False,2022-11-20T01:00:00Z,-05:00,-06:00,US/Central,OFF,OK,14,Lightning,Tampa Bay,de Tampa Bay,TBL,3.0,18,Predators,Nashville,de Nashville,NSH,2.0,4.0,OT,3,OT,8476883.0,8474564.0,/video/tbl-nsh-337825874,,,,,,,,,,,,,,,,,,,,,,,TBL
2022020283,20222023,2,2022-11-19,False,2022-11-20T01:00:00Z,-05:00,-06:00,US/Central,OFF,OK,12,Hurricanes,Carolina,de la Caroline,CAR,1.0,30,Wild,Minnesota,du Minnesota,MIN,2.0,4.0,OT,3,OT,8479406.0,8471274.0,/video/car-min-337823172,,,,,,,,,,,,,,,,,,,,,,,MIN
2022020286,20222023,2,2022-11-19,False,2022-11-20T03:00:00Z,-05:00,-08:00,US/Pacific,OFF,OK,26,Kings,Los Angeles,de Los Angeles,LAK,2.0,55,Kraken,Seattle,de Seattle,SEA,3.0,4.0,OT,3,OT,8474889.0,8474586.0,/video/lak-sea-337833150,,,,,,,,,,,,,,,,,,,,,,,SEA
2022020287,20222023,2,2022-11-19,False,2022-11-20T03:00:00Z,-05:00,-07:00,America/Edmonton,OFF,OK,54,Golden Knights,Vegas,de Vegas,VGK,3.0,22,Oilers,Edmonton,d'Edmonton,EDM,4.0,4.0,OT,3,OT,8479973.0,8478402.0,/video/vgk-edm-337831670,,,,,,,,,,,,,,,,,,,,,,,EDM
2022020288,20222023,2,2022-11-19,False,2022-11-20T03:30:00Z,-05:00,-08:00,US/Pacific,OFF,OK,3,Rangers,New York,de New York,NYR,2.0,28,Sharks,San Jose,de San Jose,SJS,1.0,3.0,REG,3,REG,8478048.0,8479323.0,/video/nyr-sjs-337834714,,,,,,,,,,,,,,,,,,,,,,,NYR
2022020289,20222023,2,2022-11-20,False,2022-11-20T23:00:00Z,-05:00,-05:00,US/Eastern,OFF,OK,13,Panthers,Florida,de la Floride,FLA,3.0,29,Blue Jackets,Columbus,de Columbus,CBJ,5.0,3.0,REG,3,REG,8480193.0,8476346.0,/video/fla-cbj-337849458,,,,,,,,,,,,,,,,,,,,,,,CBJ
2022020290,20222023,2,2022-11-20,False,2022-11-21T00:00:00Z,-05:00,-06:00,America/Chicago,OFF,OK,5,Penguins,Pittsburgh,de Pittsburgh,PIT,5.0,16,Blackhawks,Chicago,de Chicago,CHI,3.0,3.0,REG,3,REG,8479193.0,8471675.0,/video/pit-chi-337851974,,,,,,,,,,,,,,,,,,,,,,,PIT
2022020292,20222023,2,2022-11-21,False,2022-11-22T00:00:00Z,-05:00,-05:00,US/Eastern,OFF,OK,20,Flames,Calgary,de Calgary,CGY,5.0,4,Flyers,Philadelphia,de Philadelphie,PHI,2.0,3.0,REG,3,REG,8474593.0,8478397.0,/video/cgy-phi-337887908,Markström,,,,,,,,,,,,,,,,,,,,,,CGY
2022020291,20222023,2,2022-11-21,False,2022-11-22T00:00:00Z,-05:00,-05:00,US/Eastern,OFF,OK,6,Bruins,Boston,de Boston,BOS,5.0,14,Lightning,Tampa Bay,de Tampa Bay,TBL,3.0,3.0,REG,3,REG,8476999.0,8473419.0,/video/bos-tbl-337888980,,,,,,,,,,,,,,,,,,,,,,,BOS
2022020293,20222023,2,2022-11-21,False,2022-11-22T00:00:00Z,-05:00,-05:00,US/Eastern,OFF,OK,22,Oilers,Edmonton,d'Edmonton,EDM,2.0,1,Devils,New Jersey,du New Jersey,NJD,5.0,3.0,REG,3,REG,8477970.0,8476923.0,/video/edm-njd-337888842,,,,,,,,,,,,,,,,,,,,,,,NJD
2022020294,20222023,2,2022-11-21,False,2022-11-22T00:30:00Z,-05:00,-06:00,America/Winnipeg,OFF,OK,12,Hurricanes,Carolina,de la Caroline,CAR,3.0,52,Jets,Winnipeg,de Winnipeg,WPG,4.0,4.0,OT,3,OT,8479496.0,8477504.0,/video/car-wpg-337891146,,,,,,,,,,,,,,,,,,,,,,,WPG
2022020295,20222023,2,2022-11-21,False,2022-11-22T00:30:00Z,-05:00,-05:00,America/Toronto,OFF,OK,2,Islanders,New York,de New York,NYI,3.0,10,Maple Leafs,Toronto,de Toronto,TOR,2.0,4.0,OT,3,OT,8478009.0,8478463.0,/video/nyi-tor-337892618,,,,,,,,,,,,,,,,,,,,,,,NYI
2022020297,20222023,2,2022-11-21,False,2022-11-22T01:00:00Z,-05:00,-06:00,US/Central,OFF,OK,53,Coyotes,Arizona,de l'Arizona,ARI,3.0,18,Predators,Nashville,de Nashville,NSH,4.0,5.0,SO,3,SO,8477424.0,,/video/ari-nsh-337897910,,,,,,,,,,,,,,,,,,,,,,,NSH
2022020296,20222023,2,2022-11-21,False,2022-11-22T01:00:00Z,-05:00,-06:00,US/Central,OFF,OK,24,Ducks,Anaheim,d'Anaheim,ANA,1.0,19,Blues,St. Louis,de St. Louis,STL,3.0,3.0,REG,3,REG,8476412.0,8475753.0,/video/ana-stl-337897034,,,,,,,,,,,,,,,,,,,,,,,STL
2022020298,20222023,2,2022-11-21,False,2022-11-22T01:30:00Z,-05:00,-06:00,US/Central,OFF,OK,21,Avalanche,Colorado,du Colorado,COL,3.0,25,Stars,Dallas,de Dallas,DAL,2.0,5.0,SO,3,SO,8480382.0,,/video/col-dal-337901430,,,,,,,,,,,,,,,,,,,,,,,COL
2022020299,20222023,2,2022-11-21,False,2022-11-22T03:30:00Z,-05:00,-08:00,US/Pacific,OFF,OK,9,Senators,Ottawa,d'Ottawa,OTT,1.0,28,Sharks,San Jose,de San Jose,SJS,5.0,3.0,REG,3,REG,8478039.0,8478414.0,/video/ott-sjs-337905922,Kähkönen,Sénateurs,,,,,,,,,,,,,,,,,,,,,SJS
2022020300,20222023,2,2022-11-21,False,2022-11-22T03:30:00Z,-05:00,-08:00,America/Vancouver,OFF,OK,54,Golden Knights,Vegas,de Vegas,VGK,5.0,23,Canucks,Vancouver,de Vancouver,VAN,4.0,3.0,REG,3,REG,8480313.0,8474565.0,/video/vgk-van-337906580,,,,,,,,,,,,,,,,,,,,,,,VGK
2022020301,20222023,2,2022-11-22,False,2022-11-23T00:00:00Z,-05:00,-05:00,America/Montreal,OFF,OK,7,Sabres,Buffalo,de Buffalo,BUF,7.0,8,Canadiens,Montréal,de Montréal,MTL,2.0,3.0,REG,3,REG,8467950.0,8477949.0,/video/buf-mtl-337935104,,,,,,,,,,,,,,,,,,,,,,,BUF
2022020302,20222023,2,2022-11-22,False,2022-11-23T03:30:00Z,-05:00,-08:00,America/Los_Angeles,OFF,OK,3,Rangers,New York,de New York,NYR,5.0,26,Kings,Los Angeles,de Los Angeles,LAK,3.0,3.0,REG,3,REG,8478048.0,8475184.0,/video/nyr-lak-337940328,,,,,,,,,,,,,,,,,,,,,,,NYR
2022020303,20222023,2,2022-11-23,False,2022-11-24T00:00:00Z,-05:00,-05:00,US/Eastern,OFF,OK,53,Coyotes,Arizona,de l'Arizona,ARI,4.0,12,Hurricanes,Carolina,de la Caroline,CAR,0.0,3.0,REG,3,REG,8478872.0,8477951.0,/video/ari-car-337978818,,,,,,,,,,,,,,,,,,,,,,,ARI
2022020308,20222023,2,2022-11-23,False,2022-11-24T00:00:00Z,-05:00,-05:00,US/Eastern,OFF,OK,10,Maple Leafs,Toronto,de Toronto,TOR,2.0,1,Devils,New Jersey,du New Jersey,NJD,1.0,3.0,REG,3,REG,8476899.0,8480995.0,/video/tor-njd-337979932,,,,,,,,,,,,,,,,,,,,,,,TOR
2022020306,20222023,2,2022-11-23,False,2022-11-24T00:00:00Z,-05:00,-05:00,US/Eastern,OFF,OK,8,Canadiens,Montréal,de Montréal,MTL,3.0,29,Blue Jackets,Columbus,de Columbus,CBJ,1.0,3.0,REG,3,REG,8478470.0,8475233.0,,,,,,,,,,,,,,,,,,,,,,,,MTL
2022020309,20222023,2,2022-11-23,False,2022-11-24T00:00:00Z,-05:00,-06:00,US/Central,OFF,OK,52,Jets,Winnipeg,de Winnipeg,WPG,1.0,30,Wild,Minnesota,du Minnesota,MIN,6.0,3.0,REG,3,REG,8479406.0,8480884.0,/video/wpg-min-337978254,,,,,,,,,,,,,,,,,,,,,,,MIN
2022020307,20222023,2,2022-11-23,False,2022-11-24T00:00:00Z,-05:00,-05:00,America/New_York,OFF,OK,19,Blues,St. Louis,de St. Louis,STL,2.0,7,Sabres,Buffalo,de Buffalo,BUF,6.0,3.0,REG,3,REG,8480045.0,8478109.0,/video/stl-buf-337978024,,,,,,,,,,,,,,,,,,,,,,,BUF
2022020311,20222023,2,2022-11-23,False,2022-11-24T00:00:00Z,-05:00,-05:00,America/Detroit,OFF,OK,18,Predators,Nashville,de Nashville,NSH,0.0,17,Red Wings,Detroit,de Detroit,DET,3.0,3.0,REG,3,REG,8478024.0,8477946.0,/video/nsh-det-337977656,,,,,,,,,,,,,,,,,,,,,,,DET
2022020304,20222023,2,2022-11-23,False,2022-11-24T00:00:00Z,-05:00,-05:00,US/Eastern,OFF,OK,6,Bruins,Boston,de Boston,BOS,2.0,13,Panthers,Florida,de la Floride,FLA,5.0,3.0,REG,3,REG,8481519.0,8477493.0,/video/bos-fla-337978978,,,,,,,,,,,,,,,,,,,,,,,FLA
2022020305,20222023,2,2022-11-23,False,2022-11-24T00:00:00Z,-05:00,-05:00,US/Eastern,OFF,OK,20,Flames,Calgary,de Calgary,CGY,1.0,5,Penguins,Pittsburgh,de Pittsburgh,PIT,2.0,5.0,SO,3,SO,8477465.0,,/video/cgy-pit-337982272,,,,,,,,,,,,,,,,,,,,,,,PIT
2022020310,20222023,2,2022-11-23,False,2022-11-24T00:30:00Z,-05:00,-05:00,America/New_York,OFF,OK,22,Oilers,Edmonton,d'Edmonton,EDM,0.0,2,Islanders,New York,de New York,NYI,3.0,3.0,REG,3,REG,8478009.0,8476419.0,/video/edm-nyi-337982394,,,,,,,,,,,,,,,,,,,,,,,NYI
2022020312,20222023,2,2022-11-23,False,2022-11-24T00:30:00Z,-05:00,-05:00,US/Eastern,OFF,OK,4,Flyers,Philadelphia,de Philadelphie,PHI,2.0,15,Capitals,Washington,de Washington,WSH,3.0,4.0,OT,3,OT,8475311.0,8471214.0,/video/phi-wsh-337982498,,,,,,,,,,,,,,,,,,,,,,,WSH
2022020313,20222023,2,2022-11-23,False,2022-11-24T01:30:00Z,-05:00,-06:00,US/Central,OFF,OK,16,Blackhawks,Chicago,de Chicago,CHI,4.0,25,Stars,Dallas,de Dallas,DAL,6.0,3.0,REG,3,REG,8479979.0,8476889.0,/video/chi-dal-337992292,,,,,,,,,,,,,,,,,,,,,,,DAL
2022020315,20222023,2,2022-11-23,False,2022-11-24T03:00:00Z,-05:00,-08:00,US/Pacific,OFF,OK,9,Senators,Ottawa,d'Ottawa,OTT,1.0,54,Golden Knights,Vegas,de Vegas,VGK,4.0,3.0,REG,3,REG,8480313.0,8477478.0,/video/ott-vgk-338001366,,Sénateurs,,,,,,,,,,,,,,,,,,,,,VGK
2022020317,20222023,2,2022-11-23,False,2022-11-24T03:00:00Z,-05:00,-07:00,America/Denver,OFF,OK,23,Canucks,Vancouver,de Vancouver,VAN,4.0,21,Avalanche,Colorado,du Colorado,COL,3.0,3.0,REG,3,REG,8477484.0,8478451.0,/video/van-col-338000838,,,,,,,,,,,,,,,,,,,,,,,VAN
2022020316,20222023,2,2022-11-23,False,2022-11-24T03:00:00Z,-05:00,-08:00,US/Pacific,OFF,OK,28,Sharks,San Jose,de San Jose,SJS,5.0,55,Kraken,Seattle,de Seattle,SEA,8.0,3.0,REG,3,REG,8474889.0,8475768.0,/video/sjs-sea-338000060,,,,,,,,,,,,,,,,,,,,,,,SEA
2022020314,20222023,2,2022-11-23,False,2022-11-24T03:00:00Z,-05:00,-08:00,America/Los_Angeles,OFF,OK,3,Rangers,New York,de New York,NYR,2.0,24,Ducks,Anaheim,d'Anaheim,ANA,3.0,3.0,REG,3,REG,8476434.0,8478873.0,/video/nyr-ana-337999306,,,,,,,,,,,,,,,,,,,,,,,ANA
2022020318,20222023,2,2022-11-25,False,2022-11-25T18:00:00Z,-05:00,-05:00,US/Eastern,OFF,OK,12,Hurricanes,Carolina,de la Caroline,CAR,2.0,6,Bruins,Boston,de Boston,BOS,3.0,4.0,OT,3,OT,8480280.0,8477956.0,,,,,,,,,,,,,,,,,,,,,,,,BOS
2022020322,20222023,2,2022-11-25,False,2022-11-25T19:00:00Z,-05:00,-06:00,US/Central,OFF,OK,10,Maple Leafs,Toronto,de Toronto,TOR,4.0,30,Wild,Minnesota,du Minnesota,MIN,3.0,3.0,REG,3,REG,8476899.0,8477939.0,/video/tor-min-338032706,,,,,,,,,,,,,,,,,,,,,,,TOR
2022020319,20222023,2,2022-11-25,False,2022-11-25T19:00:00Z,-05:00,-05:00,US/Eastern,OFF,OK,20,Flames,Calgary,de Calgary,CGY,0.0,15,Capitals,Washington,de Washington,WSH,3.0,3.0,REG,3,REG,8475311.0,8471698.0,/video/cgy-wsh-338032350,,,,,,,,,,,,,,,,,,,,,,,WSH
2022020321,20222023,2,2022-11-25,False,2022-11-25T19:00:00Z,-05:00,-06:00,America/Chicago,OFF,OK,8,Canadiens,Montréal,de Montréal,MTL,3.0,16,Blackhawks,Chicago,de Chicago,CHI,2.0,5.0,SO,3,SO,8478470.0,,/video/mtl-chi-338033156,,,,,,,,,,,,,,,,,,,,,,,MTL
2022020323,20222023,2,2022-11-25,False,2022-11-25T20:00:00Z,-05:00,-08:00,America/Los_Angeles,OFF,OK,9,Senators,Ottawa,d'Ottawa,OTT,5.0,24,Ducks,Anaheim,d'Anaheim,ANA,1.0,3.0,REG,3,REG,8475660.0,8473544.0,/video/ott-ana-338037812,,Sénateurs,,,,,,,,,,,,,,,,,,,,,OTT
2022020324,20222023,2,2022-11-25,False,2022-11-25T22:30:00Z,-05:00,-05:00,US/Eastern,OFF,OK,5,Penguins,Pittsburgh,de Pittsburgh,PIT,4.0,4,Flyers,Philadelphia,de Philadelphie,PHI,1.0,3.0,REG,3,REG,8477465.0,8471675.0,/video/pit-phi-338041998,,,,,,,,,,,,,,,,,,,,,,,PIT
2022020327,20222023,2,2022-11-25,False,2022-11-26T01:00:00Z,-05:00,-05:00,America/New_York,OFF,OK,1,Devils,New Jersey,du New Jersey,NJD,3.0,7,Sabres,Buffalo,de Buffalo,BUF,1.0,3.0,REG,3,REG,8481033.0,8480003.0,/video/njd-buf-338053838,,,,,,,,,,,,,,,,,,,,,,,NJD
2022020329,20222023,2,2022-11-25,False,2022-11-26T01:00:00Z,-05:00,-08:00,US/Pacific,OFF,OK,55,Kraken,Seattle,de Seattle,SEA,4.0,54,Golden Knights,Vegas,de Vegas,VGK,2.0,3.0,REG,3,REG,8475831.0,8477444.0,/video/sea-vgk-338051540,,,,,,,,,,,,,,,,,,,,,,,SEA
2022020326,20222023,2,2022-11-25,False,2022-11-26T01:00:00Z,-05:00,-05:00,US/Eastern,OFF,OK,2,Islanders,New York,de New York,NYI,3.0,29,Blue Jackets,Columbus,de Columbus,CBJ,2.0,3.0,REG,3,REG,8478009.0,8475754.0,/video/nyi-cbj-338052350,,,,,,,,,,,,,,,,,,,,,,,NYI
2022020328,20222023,2,2022-11-25,False,2022-11-26T01:00:00Z,-05:00,-05:00,US/Eastern,OFF,OK,19,Blues,St. Louis,de St. Louis,STL,2.0,14,Lightning,Tampa Bay,de Tampa Bay,TBL,5.0,3.0,REG,3,REG,8476883.0,8478010.0,/video/stl-tbl-338054334,,,,,,,,,,,,,,,,,,,,,,,TBL
2022020325,20222023,2,2022-11-25,False,2022-11-26T01:00:00Z,-05:00,-05:00,America/Detroit,OFF,OK,53,Coyotes,Arizona,de l'Arizona,ARI,3.0,17,Red Wings,Detroit,de Detroit,DET,4.0,5.0,SO,3,SO,8478024.0,,/video/ari-det-338055168,,,,,,,,,,,,,,,,,,,,,,,DET
2022020330,20222023,2,2022-11-25,False,2022-11-26T01:30:00Z,-05:00,-06:00,US/Central,OFF,OK,52,Jets,Winnipeg,de Winnipeg,WPG,5.0,25,Stars,Dallas,de Dallas,DAL,4.0,4.0,OT,3,OT,8476945.0,8477504.0,/video/wpg-dal-338056818,,,,,,,,,,,,,,,,,,,,,,,WPG
2022020331,20222023,2,2022-11-25,False,2022-11-26T03:30:00Z,-05:00,-08:00,US/Pacific,OFF,OK,26,Kings,Los Angeles,de Los Angeles,LAK,5.0,28,Sharks,San Jose,de San Jose,SJS,2.0,3.0,REG,3,REG,8471734.0,8478042.0,/video/lak-sjs-338060910,,,,,,,,,,,,,,,,,,,,,,,LAK
2022020332,20222023,2,2022-11-26,False,2022-11-26T18:00:00Z,-05:00,-05:00,America/New_York,OFF,OK,22,Oilers,Edmonton,d'Edmonton,EDM,4.0,3,Rangers,New York,de New York,NYR,3.0,3.0,REG,3,REG,8475789.0,8477934.0,/video/edm-nyr-338071682,,,,,,,,,,,,,,,,,,,,,,,EDM
2022020333,20222023,2,2022-11-26,False,2022-11-26T21:00:00Z,-05:00,-05:00,US/Eastern,OFF,OK,20,Flames,Calgary,de Calgary,CGY,2.0,12,Hurricanes,Carolina,de la Caroline,CAR,3.0,3.0,REG,3,REG,8477293.0,8477488.0,/video/cgy-car-338079374,,,,,,,,,,,,,,,,,,,,,,,CAR
2022020334,20222023,2,2022-11-26,False,2022-11-26T23:30:00Z,-05:00,-05:00,US/Eastern,OFF,OK,19,Blues,St. Louis,de St. Louis,STL,5.0,13,Panthers,Florida,de la Floride,FLA,4.0,4.0,OT,3,OT,8471306.0,8479385.0,/video/stl-fla-338085222,,,,,,,,,,,,,,,,,,,,,,,STL
2022020335,20222023,2,2022-11-26,False,2022-11-27T00:00:00Z,-05:00,-05:00,US/Eastern,OFF,OK,10,Maple Leafs,Toronto,de Toronto,TOR,4.0,5,Penguins,Pittsburgh,de Pittsburgh,PIT,1.0,3.0,REG,3,REG,8478902.0,8480995.0,/video/tor-pit-338088096,,,,,,,,,,,,,,,,,,,,,,,TOR
2022020336,20222023,2,2022-11-26,False,2022-11-27T00:00:00Z,-05:00,-05:00,US/Eastern,OFF,OK,15,Capitals,Washington,de Washington,WSH,1.0,1,Devils,New Jersey,du New Jersey,NJD,5.0,3.0,REG,3,REG,8477970.0,8481559.0,/video/wsh-njd-338087546,,,,,,,,,,,,,,,,,,,,,,,NJD
2022020337,20222023,2,2022-11-26,False,2022-11-27T00:30:00Z,-05:00,-05:00,America/New_York,OFF,OK,4,Flyers,Philadelphia,de Philadelphie,PHI,2.0,2,Islanders,New York,de New York,NYI,5.0,3.0,REG,3,REG,8473575.0,8475754.0,/video/phi-nyi-338088828,,,,,,,,,,,,,,,,,,,,,,,NYI
2022020339,20222023,2,2022-11-26,False,2022-11-27T02:00:00Z,-05:00,-07:00,America/Denver,OFF,OK,25,Stars,Dallas,de Dallas,DAL,1.0,21,Avalanche,Colorado,du Colorado,COL,4.0,3.0,REG,3,REG,8480382.0,8476312.0,/video/dal-col-338094168,,,,,,,,,,,,,,,,,,,,,,,COL
2022020340,20222023,2,2022-11-26,False,2022-11-27T03:00:00Z,-05:00,-08:00,US/Pacific,OFF,OK,23,Canucks,Vancouver,de Vancouver,VAN,5.0,54,Golden Knights,Vegas,de Vegas,VGK,1.0,3.0,REG,3,REG,8477484.0,8476468.0,/video/van-vgk-338095296,,,,,,,,,,,,,,,,,,,,,,,VAN
2022020341,20222023,2,2022-11-27,False,2022-11-27T19:00:00Z,-05:00,-06:00,US/Central,OFF,OK,53,Coyotes,Arizona,de l'Arizona,ARI,3.0,30,Wild,Minnesota,du Minnesota,MIN,4.0,3.0,REG,3,REG,8470594.0,8481557.0,/video/ari-min-338107824,,,,,,,,,,,,,,,,,,,,,,,MIN
2022020342,20222023,2,2022-11-27,False,2022-11-28T00:00:00Z,-05:00,-06:00,America/Chicago,OFF,OK,52,Jets,Winnipeg,de Winnipeg,WPG,7.0,16,Blackhawks,Chicago,de Chicago,CHI,2.0,3.0,REG,3,REG,8476945.0,8478398.0,/video/wpg-chi-338115320,,,,,,,,,,,,,,,,,,,,,,,WPG
2022020344,20222023,2,2022-11-27,False,2022-11-28T01:00:00Z,-05:00,-08:00,US/Pacific,OFF,OK,23,Canucks,Vancouver,de Vancouver,VAN,4.0,28,Sharks,San Jose,de San Jose,SJS,3.0,4.0,OT,3,OT,8477967.0,8483808.0,/video/van-sjs-338118358,,,,,,,,,,,,,,,,,,,,,,,VAN
2022020343,20222023,2,2022-11-27,False,2022-11-28T01:00:00Z,-05:00,-08:00,America/Los_Angeles,OFF,OK,55,Kraken,Seattle,de Seattle,SEA,5.0,24,Ducks,Anaheim,d'Anaheim,ANA,4.0,3.0,REG,3,REG,8474889.0,8478466.0,/video/sea-ana-338118012,,,,,,,,,,,,,,,,,,,,,,,SEA
2022020345,20222023,2,2022-11-27,False,2022-11-28T03:30:00Z,-05:00,-08:00,America/Los_Angeles,OFF,OK,9,Senators,Ottawa,d'Ottawa,OTT,3.0,26,Kings,Los Angeles,de Los Angeles,LAK,2.0,4.0,OT,3,OT,8475660.0,8473512.0,/video/ott-lak-338122044,,Sénateurs,,,,,,,,,,,,,,,,,,,,,OTT
2022020348,20222023,2,2022-11-28,False,2022-11-29T00:00:00Z,-05:00,-05:00,America/Detroit,OFF,OK,10,Maple Leafs,Toronto,de Toronto,TOR,4.0,17,Red Wings,Detroit,de Detroit,DET,2.0,3.0,REG,3,REG,8476899.0,8478483.0,/video/tor-det-338152630,,,,,,,,,,,,,,,,,,,,,,,TOR
2022020349,20222023,2,2022-11-28,False,2022-11-29T00:00:00Z,-05:00,-05:00,US/Eastern,OFF,OK,54,Golden Knights,Vegas,de Vegas,VGK,3.0,29,Blue Jackets,Columbus,de Columbus,CBJ,2.0,5.0,SO,3,SO,8480313.0,,/video/vgk-cbj-338156454,,,,,,,,,,,,,,,,,,,,,,,VGK
2022020347,20222023,2,2022-11-28,False,2022-11-29T00:00:00Z,-05:00,-05:00,America/New_York,OFF,OK,14,Lightning,Tampa Bay,de Tampa Bay,TBL,6.0,7,Sabres,Buffalo,de Buffalo,BUF,5.0,4.0,OT,3,OT,8470880.0,8474564.0,/video/tbl-buf-338153680,,,,,,,,,,,,,,,,,,,,,,,TBL
2022020346,20222023,2,2022-11-28,False,2022-11-29T00:00:00Z,-05:00,-05:00,America/New_York,OFF,OK,1,Devils,New Jersey,du New Jersey,NJD,5.0,3,Rangers,New York,de New York,NYR,3.0,3.0,REG,3,REG,8477970.0,8479415.0,/video/njd-nyr-338152004,,,,,,,,,,,,,,,,,,,,,,,NJD
2022020350,20222023,2,2022-11-28,False,2022-11-29T01:00:00Z,-05:00,-06:00,US/Central,OFF,OK,25,Stars,Dallas,de Dallas,DAL,4.0,19,Blues,St. Louis,de St. Louis,STL,1.0,3.0,REG,3,REG,8475809.0,8480848.0,/video/dal-stl-338155930,,,,,,,,,,,,,,,,,,,,,,,DAL
2022020351,20222023,2,2022-11-28,False,2022-11-29T02:30:00Z,-05:00,-07:00,America/Edmonton,OFF,OK,13,Panthers,Florida,de la Floride,FLA,3.0,22,Oilers,Edmonton,d'Edmonton,EDM,4.0,4.0,OT,3,OT,8479973.0,8477934.0,/video/fla-edm-338161372,,,,,,,,,,,,,,,,,,,,,,,EDM
2022020352,20222023,2,2022-11-29,False,2022-11-30T00:00:00Z,-05:00,-05:00,US/Eastern,OFF,OK,12,Hurricanes,Carolina,de la Caroline,CAR,3.0,5,Penguins,Pittsburgh,de Pittsburgh,PIT,2.0,4.0,OT,3,OT,8481611.0,8477488.0,/video/car-pit-338193950,,,,,,,,,,,,,,,,,,,,,,,CAR
2022020355,20222023,2,2022-11-29,False,2022-11-30T00:00:00Z,-05:00,-05:00,US/Eastern,OFF,OK,14,Lightning,Tampa Bay,de Tampa Bay,TBL,1.0,6,Bruins,Boston,de Boston,BOS,3.0,3.0,REG,3,REG,8480280.0,8475791.0,/video/tbl-bos-338192790,,,,,,,,,,,,,,,,,,,,,,,BOS
2022020354,20222023,2,2022-11-29,False,2022-11-30T00:00:00Z,-05:00,-05:00,America/Montreal,OFF,OK,28,Sharks,San Jose,de San Jose,SJS,4.0,8,Canadiens,Montréal,de Montréal,MTL,0.0,3.0,REG,3,REG,8478039.0,8476442.0,/video/sjs-mtl-338192746,Kähkönen,,,,,,,,,,,,,,,,,,,,,,SJS
2022020353,20222023,2,2022-11-29,False,2022-11-30T00:30:00Z,-05:00,-05:00,US/Eastern,OFF,OK,2,Islanders,New York,de New York,NYI,1.0,4,Flyers,Philadelphia,de Philadelphie,PHI,3.0,3.0,REG,3,REG,8479394.0,8475763.0,/video/nyi-phi-338195284,,,,,,,,,,,,,,,,,,,,,,,PHI
2022020356,20222023,2,2022-11-29,False,2022-11-30T01:00:00Z,-05:00,-06:00,US/Central,OFF,OK,24,Ducks,Anaheim,d'Anaheim,ANA,1.0,18,Predators,Nashville,de Nashville,NSH,2.0,4.0,OT,3,OT,8477424.0,8474600.0,/video/ana-nsh-338199738,,,,,,,,,,,,,,,,,,,,,,,NSH
2022020357,20222023,2,2022-11-29,False,2022-11-30T01:00:00Z,-05:00,-06:00,America/Winnipeg,OFF,OK,21,Avalanche,Colorado,du Colorado,COL,0.0,52,Jets,Winnipeg,de Winnipeg,WPG,5.0,3.0,REG,3,REG,8476945.0,8471218.0,/video/col-wpg-338200676,,,,,,,,,,,,,,,,,,,,,,,WPG
2022020358,20222023,2,2022-11-29,False,2022-11-30T02:00:00Z,-05:00,-07:00,America/Edmonton,OFF,OK,13,Panthers,Florida,de la Floride,FLA,2.0,20,Flames,Calgary,de Calgary,CGY,6.0,3.0,REG,3,REG,8478435.0,8478397.0,/video/fla-cgy-338204204,,,,,,,,,,,,,,,,,,,,,,,CGY
2022020359,20222023,2,2022-11-29,False,2022-11-30T03:00:00Z,-05:00,-08:00,America/Vancouver,OFF,OK,15,Capitals,Washington,de Washington,WSH,5.0,23,Canucks,Vancouver,de Vancouver,VAN,1.0,3.0,REG,3,REG,8475311.0,8471214.0,/video/wsh-van-338208036,,,,,,,,,,,,,,,,,,,,,,,WSH
2022020360,20222023,2,2022-11-29,False,2022-11-30T03:30:00Z,-05:00,-08:00,America/Los_Angeles,OFF,OK,55,Kraken,Seattle,de Seattle,SEA,9.0,26,Kings,Los Angeles,de Los Angeles,LAK,8.0,4.0,OT,3,OT,8474889.0,8477444.0,/video/sea-lak-338211002,,,,,,,,,,,,,,,,,,,,,,,SEA
2022020361,20222023,2,2022-11-30,False,2022-12-01T00:00:00Z,-05:00,-05:00,America/Detroit,OFF,OK,7,Sabres,Buffalo,de Buffalo,BUF,5.0,17,Red Wings,Detroit,de Detroit,DET,4.0,5.0,SO,3,SO,8467950.0,,/video/buf-det-338240566,,,,,,,,,,,,,,,,,,,,,,,BUF
2022020363,20222023,2,2022-11-30,False,2022-12-01T00:00:00Z,-05:00,-05:00,America/Toronto,OFF,OK,28,Sharks,San Jose,de San Jose,SJS,1.0,10,Maple Leafs,Toronto,de Toronto,TOR,3.0,3.0,REG,3,REG,8478492.0,8478115.0,/video/sjs-tor-338239984,,,,,,,,,,,,,,,,,,,,,,,TOR
2022020362,20222023,2,2022-11-30,False,2022-12-01T00:00:00Z,-05:00,-05:00,US/Eastern,OFF,OK,3,Rangers,New York,de New York,NYR,3.0,9,Senators,Ottawa,d'Ottawa,OTT,1.0,3.0,REG,3,REG,8470860.0,8476624.0,/video/nyr-ott-338239520,,,Sénateurs,,,,,,,,,,,,,,,,,,,,NYR
2022020364,20222023,2,2022-11-30,False,2022-12-01T02:30:00Z,-05:00,-06:00,America/Chicago,OFF,OK,22,Oilers,Edmonton,d'Edmonton,EDM,5.0,16,Blackhawks,Chicago,de Chicago,CHI,4.0,3.0,REG,3,REG,8479973.0,8477934.0,/video/edm-chi-338247444,,,,,,,,,,,,,,,,,,,,,,,EDM
2022020367,20222023,2,2022-12-01,False,2022-12-02T00:00:00Z,-05:00,-05:00,US/Eastern,OFF,OK,14,Lightning,Tampa Bay,de Tampa Bay,TBL,4.0,4,Flyers,Philadelphia,de Philadelphie,PHI,1.0,3.0,REG,3,REG,8476883.0,8477426.0,/video/tbl-phi-338281582,,,,,,,,,,,,,,,,,,,,,,,TBL
2022020368,20222023,2,2022-12-01,False,2022-12-02T00:00:00Z,-05:00,-05:00,US/Eastern,OFF,OK,54,Golden Knights,Vegas,de Vegas,VGK,3.0,5,Penguins,Pittsburgh,de Pittsburgh,PIT,4.0,3.0,REG,3,REG,8477465.0,8477953.0,/video/vgk-pit-338282334,,,,,,,,,,,,,,,,,,,,,,,PIT
2022020365,20222023,2,2022-12-01,False,2022-12-02T00:00:00Z,-05:00,-05:00,America/New_York,OFF,OK,21,Avalanche,Colorado,du Colorado,COL,6.0,7,Sabres,Buffalo,de Buffalo,BUF,4.0,3.0,REG,3,REG,8480382.0,8477456.0,/video/col-buf-338283958,,,,,,,,,,,,,,,,,,,,,,,COL
2022020366,20222023,2,2022-12-01,False,2022-12-02T00:00:00Z,-05:00,-05:00,US/Eastern,OFF,OK,18,Predators,Nashville,de Nashville,NSH,4.0,1,Devils,New Jersey,du New Jersey,NJD,3.0,4.0,OT,3,OT,8477424.0,8475793.0,/video/nsh-njd-338282918,,,,,,,,,,,,,,,,,,,,,,,NSH
2022020369,20222023,2,2022-12-01,False,2022-12-02T01:00:00Z,-05:00,-06:00,US/Central,OFF,OK,12,Hurricanes,Carolina,de la Caroline,CAR,6.0,19,Blues,St. Louis,de St. Louis,STL,4.0,3.0,REG,3,REG,8481611.0,8473533.0,/video/car-stl-338290076,,,,,,,,,,,,,,,,,,,,,,,CAR
2022020370,20222023,2,2022-12-01,False,2022-12-02T01:00:00Z,-05:00,-06:00,US/Central,OFF,OK,22,Oilers,Edmonton,d'Edmonton,EDM,3.0,30,Wild,Minnesota,du Minnesota,MIN,5.0,3.0,REG,3,REG,8470594.0,8479351.0,/video/edm-min-338290144,,,,,,,,,,,,,,,,,,,,,,,MIN
2022020371,20222023,2,2022-12-01,False,2022-12-02T01:30:00Z,-05:00,-06:00,US/Central,OFF,OK,24,Ducks,Anaheim,d'Anaheim,ANA,0.0,25,Stars,Dallas,de Dallas,DAL,5.0,3.0,REG,3,REG,8479979.0,8480027.0,/video/ana-dal-338293686,,,,,,,,,,,,,,,,,,,,,,,DAL
2022020372,20222023,2,2022-12-01,False,2022-12-02T02:00:00Z,-05:00,-07:00,America/Edmonton,OFF,OK,8,Canadiens,Montréal,de Montréal,MTL,2.0,20,Flames,Calgary,de Calgary,CGY,1.0,3.0,REG,3,REG,8474596.0,8481540.0,/video/mtl-cgy-338296606,,,,,,,,,,,,,,,,,,,,,,,MTL
2022020374,20222023,2,2022-12-01,False,2022-12-02T03:00:00Z,-05:00,-08:00,US/Pacific,OFF,OK,15,Capitals,Washington,de Washington,WSH,2.0,55,Kraken,Seattle,de Seattle,SEA,3.0,4.0,OT,3,OT,8475831.0,8482665.0,/video/wsh-sea-338299940,,,,,,,,,,,,,,,,,,,,,,,SEA
2022020373,20222023,2,2022-12-01,False,2022-12-02T03:00:00Z,-05:00,-08:00,America/Vancouver,OFF,OK,13,Panthers,Florida,de la Floride,FLA,5.0,23,Canucks,Vancouver,de Vancouver,VAN,1.0,3.0,REG,3,REG,8481519.0,8478055.0,/video/fla-van-338300960,,,,,,,,,,,,,,,,,,,,,,,FLA
2022020375,20222023,2,2022-12-01,False,2022-12-02T03:30:00Z,-05:00,-08:00,America/Los_Angeles,OFF,OK,53,Coyotes,Arizona,de l'Arizona,ARI,3.0,26,Kings,Los Angeles,de Los Angeles,LAK,5.0,3.0,REG,3,REG,8471734.0,8471685.0,/video/ari-lak-338302358,,,,,,,,,,,,,,,,,,,,,,,LAK
2022020376,20222023,2,2022-12-02,False,2022-12-03T00:00:00Z,-05:00,-05:00,America/New_York,OFF,OK,9,Senators,Ottawa,d'Ottawa,OTT,3.0,3,Rangers,New York,de New York,NYR,2.0,4.0,OT,3,OT,8475660.0,8480801.0,/video/ott-nyr-338324662,,Sénateurs,,,,,,,,,,,,,,,,,,,,,OTT
2022020377,20222023,2,2022-12-02,False,2022-12-03T00:30:00Z,-05:00,-05:00,America/New_York,OFF,OK,18,Predators,Nashville,de Nashville,NSH,4.0,2,Islanders,New York,de New York,NYI,1.0,3.0,REG,3,REG,8480947.0,8474600.0,/video/nsh-nyi-338325148,,,,,,,,,,,,,,,,,,,,,,,NSH
2022020378,20222023,2,2022-12-02,False,2022-12-03T01:00:00Z,-05:00,-06:00,America/Winnipeg,OFF,OK,29,Blue Jackets,Columbus,de Columbus,CBJ,4.0,52,Jets,Winnipeg,de Winnipeg,WPG,1.0,3.0,REG,3,REG,8476914.0,8475790.0,/video/cbj-wpg-338326926,,,,,,,,,,,,,,,,,,,,,,,CBJ
2022020379,20222023,2,2022-12-03,False,2022-12-03T19:00:00Z,-05:00,-06:00,US/Central,OFF,OK,24,Ducks,Anaheim,d'Anaheim,ANA,4.0,30,Wild,Minnesota,du Minnesota,MIN,5.0,5.0,SO,3,SO,8479406.0,,/video/ana-min-338343360,,,,,,,,,,,,,,,,,,,,,,,MIN
2022020384,20222023,2,2022-12-03,False,2022-12-04T00:00:00Z,-05:00,-05:00,US/Eastern,OFF,OK,19,Blues,St. Louis,de St. Louis,STL,2.0,5,Penguins,Pittsburgh,de Pittsburgh,PIT,6.0,3.0,REG,3,REG,8477465.0,8477953.0,/video/stl-pit-338361232,,,,,,,,,,,,,,,,,,,,,,,PIT
2022020386,20222023,2,2022-12-03,False,2022-12-04T00:00:00Z,-05:00,-05:00,America/Detroit,OFF,OK,54,Golden Knights,Vegas,de Vegas,VGK,4.0,17,Red Wings,Detroit,de Detroit,DET,1.0,3.0,REG,3,REG,8478499.0,8476539.0,/video/vgk-det-338360308,,,,,,,,,,,,,,,,,,,,,,,VGK
2022020385,20222023,2,2022-12-03,False,2022-12-04T00:00:00Z,-05:00,-05:00,US/Eastern,OFF,OK,10,Maple Leafs,Toronto,de Toronto,TOR,3.0,14,Lightning,Tampa Bay,de Tampa Bay,TBL,4.0,4.0,OT,3,OT,8476883.0,8473986.0,/video/tor-tbl-338365450,,,,,,,,,,,,,,,,,,,,,,,TBL
2022020381,20222023,2,2022-12-03,False,2022-12-04T00:00:00Z,-05:00,-07:00,America/Edmonton,OFF,OK,8,Canadiens,Montréal,de Montréal,MTL,3.0,22,Oilers,Edmonton,d'Edmonton,EDM,5.0,3.0,REG,3,REG,8479973.0,8477498.0,/video/mtl-edm-338361342,,,,,,,,,,,,,,,,,,,,,,,EDM
2022020382,20222023,2,2022-12-03,False,2022-12-04T00:00:00Z,-05:00,-05:00,US/Eastern,OFF,OK,1,Devils,New Jersey,du New Jersey,NJD,3.0,4,Flyers,Philadelphia,de Philadelphie,PHI,2.0,3.0,REG,3,REG,8481033.0,8481559.0,/video/njd-phi-338360232,,,,,,,,,,,,,,,,,,,,,,,NJD
2022020383,20222023,2,2022-12-03,False,2022-12-04T00:00:00Z,-05:00,-05:00,US/Eastern,OFF,OK,28,Sharks,San Jose,de San Jose,SJS,2.0,9,Senators,Ottawa,d'Ottawa,OTT,5.0,3.0,REG,3,REG,8476341.0,8482116.0,/video/sjs-ott-338360948,,,Sénateurs,,,,,,,,,,,,,,,,,,,,OTT
2022020380,20222023,2,2022-12-03,False,2022-12-04T00:00:00Z,-05:00,-05:00,US/Eastern,OFF,OK,21,Avalanche,Colorado,du Colorado,COL,1.0,6,Bruins,Boston,de Boston,BOS,5.0,3.0,REG,3,REG,8476999.0,8479365.0,/video/col-bos-338362868,,,,,,,,,,,,,,,,,,,,,,,BOS
2022020387,20222023,2,2022-12-03,False,2022-12-04T00:30:00Z,-05:00,-05:00,America/New_York,OFF,OK,16,Blackhawks,Chicago,de Chicago,CHI,5.0,3,Rangers,New York,de New York,NYR,2.0,3.0,REG,3,REG,8475852.0,8477503.0,/video/chi-nyr-338365784,,,,,,,,,,,,,,,,,,,,,,,CHI
2022020389,20222023,2,2022-12-03,False,2022-12-04T03:00:00Z,-05:00,-08:00,US/Pacific,OFF,OK,13,Panthers,Florida,de la Floride,FLA,5.0,55,Kraken,Seattle,de Seattle,SEA,1.0,3.0,REG,3,REG,8481519.0,8477409.0,/video/fla-sea-338377336,,,,,,,,,,,,,,,,,,,,,,,FLA
2022020390,20222023,2,2022-12-03,False,2022-12-04T03:00:00Z,-05:00,-07:00,America/Edmonton,OFF,OK,15,Capitals,Washington,de Washington,WSH,2.0,20,Flames,Calgary,de Calgary,CGY,5.0,3.0,REG,3,REG,8478435.0,8480008.0,/video/wsh-cgy-338377950,,,,,,,,,,,,,,,,,,,,,,,CGY
2022020388,20222023,2,2022-12-03,False,2022-12-04T03:00:00Z,-05:00,-08:00,America/Vancouver,OFF,OK,53,Coyotes,Arizona,de l'Arizona,ARI,2.0,23,Canucks,Vancouver,de Vancouver,VAN,3.0,4.0,OT,3,OT,8477484.0,8477500.0,/video/ari-van-338378396,,,,,,,,,,,,,,,,,,,,,,,VAN
2022020391,20222023,2,2022-12-03,False,2022-12-04T03:30:00Z,-05:00,-08:00,America/Los_Angeles,OFF,OK,12,Hurricanes,Carolina,de la Caroline,CAR,4.0,26,Kings,Los Angeles,de Los Angeles,LAK,2.0,3.0,REG,3,REG,8481611.0,8478427.0,/video/car-lak-338378728,,,,,,,,,,,,,,,,,,,,,,,CAR
2022020392,20222023,2,2022-12-04,False,2022-12-04T20:00:00Z,-05:00,-06:00,America/Winnipeg,OFF,OK,24,Ducks,Anaheim,d'Anaheim,ANA,2.0,52,Jets,Winnipeg,de Winnipeg,WPG,5.0,3.0,REG,3,REG,8476945.0,8480289.0,/video/ana-wpg-338392408,,,,,,,,,,,,,,,,,,,,,,,WPG
2022020393,20222023,2,2022-12-04,False,2022-12-04T20:00:00Z,-05:00,-06:00,US/Central,OFF,OK,30,Wild,Minnesota,du Minnesota,MIN,6.0,25,Stars,Dallas,de Dallas,DAL,5.0,5.0,SO,3,SO,8470594.0,,/video/min-dal-338393368,,,,,,,,,,,,,,,,,,,,,,,MIN
2022020394,20222023,2,2022-12-04,False,2022-12-04T23:00:00Z,-05:00,-05:00,US/Eastern,OFF,OK,17,Red Wings,Detroit,de Detroit,DET,4.0,29,Blue Jackets,Columbus,de Columbus,CBJ,2.0,3.0,REG,3,REG,8478024.0,8482078.0,/video/det-cbj-338399404,,,,,,,,,,,,,,,,,,,,,,,DET
2022020395,20222023,2,2022-12-04,False,2022-12-05T00:00:00Z,-05:00,-05:00,America/New_York,OFF,OK,28,Sharks,San Jose,de San Jose,SJS,3.0,7,Sabres,Buffalo,de Buffalo,BUF,6.0,3.0,REG,3,REG,8480045.0,8482097.0,/video/sjs-buf-338401888,,,,,,,,,,,,,,,,,,,,,,,BUF
2022020396,20222023,2,2022-12-04,False,2022-12-05T00:30:00Z,-05:00,-05:00,America/New_York,OFF,OK,16,Blackhawks,Chicago,de Chicago,CHI,0.0,2,Islanders,New York,de New York,NYI,3.0,3.0,REG,3,REG,8473575.0,8474709.0,/video/chi-nyi-338403780,,,,,,,,,,,,,,,,,,,,,,,NYI
2022020398,20222023,2,2022-12-05,False,2022-12-06T00:00:00Z,-05:00,-05:00,America/New_York,OFF,OK,19,Blues,St. Louis,de St. Louis,STL,4.0,3,Rangers,New York,de New York,NYR,6.0,3.0,REG,3,REG,8478048.0,8482109.0,/video/stl-nyr-338437836,,,,,,,,,,,,,,,,,,,,,,,NYR
2022020397,20222023,2,2022-12-05,False,2022-12-06T00:00:00Z,-05:00,-05:00,US/Eastern,OFF,OK,21,Avalanche,Colorado,du Colorado,COL,3.0,4,Flyers,Philadelphia,de Philadelphie,PHI,5.0,3.0,REG,3,REG,8479394.0,8480015.0,/video/col-phi-338437240,,,,,,,,,,,,,,,,,,,,,,,PHI
2022020399,20222023,2,2022-12-05,False,2022-12-06T00:00:00Z,-05:00,-05:00,US/Eastern,OFF,OK,54,Golden Knights,Vegas,de Vegas,VGK,4.0,6,Bruins,Boston,de Boston,BOS,3.0,5.0,SO,3,SO,8480313.0,,/video/vgk-bos-338440244,,,,,,,,,,,,,,,,,,,,,,,VGK
2022020400,20222023,2,2022-12-05,False,2022-12-06T01:30:00Z,-05:00,-07:00,America/Edmonton,OFF,OK,15,Capitals,Washington,de Washington,WSH,3.0,22,Oilers,Edmonton,d'Edmonton,EDM,2.0,3.0,REG,3,REG,8479292.0,8475343.0,/video/wsh-edm-338443448,,,,,,,,,,,,,,,,,,,,,,,WSH
2022020401,20222023,2,2022-12-05,False,2022-12-06T02:00:00Z,-05:00,-07:00,America/Edmonton,OFF,OK,53,Coyotes,Arizona,de l'Arizona,ARI,2.0,20,Flames,Calgary,de Calgary,CGY,3.0,3.0,REG,3,REG,8478435.0,8475172.0,/video/ari-cgy-338445268,,,,,,,,,,,,,,,,,,,,,,,CGY
2022020402,20222023,2,2022-12-05,False,2022-12-06T03:30:00Z,-05:00,-08:00,America/Vancouver,OFF,OK,8,Canadiens,Montréal,de Montréal,MTL,6.0,23,Canucks,Vancouver,de Vancouver,VAN,7.0,4.0,OT,3,OT,8480420.0,8480012.0,/video/mtl-van-338450048,,,,,,,,,,,,,,,,,,,,,,,VAN
2022020403,20222023,2,2022-12-06,False,2022-12-07T00:00:00Z,-05:00,-05:00,US/Eastern,OFF,OK,16,Blackhawks,Chicago,de Chicago,CHI,0.0,1,Devils,New Jersey,du New Jersey,NJD,3.0,3.0,REG,3,REG,8477970.0,8476462.0,/video/chi-njd-338475000,,,,,,,,,,,,,,,,,,,,,,,NJD
2022020405,20222023,2,2022-12-06,False,2022-12-07T00:00:00Z,-05:00,-05:00,US/Eastern,OFF,OK,17,Red Wings,Detroit,de Detroit,DET,4.0,14,Lightning,Tampa Bay,de Tampa Bay,TBL,2.0,3.0,REG,3,REG,8478024.0,8477454.0,/video/det-tbl-338477592,,,,,,,,,,,,,,,,,,,,,,,DET
2022020406,20222023,2,2022-12-06,False,2022-12-07T00:00:00Z,-05:00,-05:00,US/Eastern,OFF,OK,26,Kings,Los Angeles,de Los Angeles,LAK,5.0,9,Senators,Ottawa,d'Ottawa,OTT,2.0,3.0,REG,3,REG,8477831.0,8478042.0,/video/lak-ott-338476532,,,Sénateurs,,,,,,,,,,,,,,,,,,,,LAK
2022020404,20222023,2,2022-12-06,False,2022-12-07T00:00:00Z,-05:00,-05:00,US/Eastern,OFF,OK,29,Blue Jackets,Columbus,de Columbus,CBJ,1.0,5,Penguins,Pittsburgh,de Pittsburgh,PIT,4.0,3.0,REG,3,REG,8477465.0,8471675.0,/video/cbj-pit-338476612,,,,,,,,,,,,,,,,,,,,,,,PIT
2022020407,20222023,2,2022-12-06,False,2022-12-07T00:30:00Z,-05:00,-05:00,America/New_York,OFF,OK,19,Blues,St. Louis,de St. Louis,STL,7.0,2,Islanders,New York,de New York,NYI,4.0,3.0,REG,3,REG,8471306.0,8476892.0,/video/stl-nyi-338477976,,,,,,,,,,,,,,,,,,,,,,,STL
2022020408,20222023,2,2022-12-06,False,2022-12-07T01:00:00Z,-05:00,-06:00,America/Winnipeg,OFF,OK,13,Panthers,Florida,de la Floride,FLA,2.0,52,Jets,Winnipeg,de Winnipeg,WPG,5.0,3.0,REG,3,REG,8476945.0,8478398.0,/video/fla-wpg-338481686,,,,,,,,,,,,,,,,,,,,,,,WPG
2022020409,20222023,2,2022-12-06,False,2022-12-07T01:30:00Z,-05:00,-06:00,US/Central,OFF,OK,10,Maple Leafs,Toronto,de Toronto,TOR,4.0,25,Stars,Dallas,de Dallas,DAL,0.0,3.0,REG,3,REG,8476899.0,8475166.0,/video/tor-dal-338484054,,,,,,,,,,,,,,,,,,,,,,,TOR
2022020411,20222023,2,2022-12-06,False,2022-12-07T03:00:00Z,-05:00,-08:00,US/Pacific,OFF,OK,8,Canadiens,Montréal,de Montréal,MTL,4.0,55,Kraken,Seattle,de Seattle,SEA,2.0,3.0,REG,3,REG,8474596.0,8476981.0,/video/mtl-sea-338489628,,,,,,,,,,,,,,,,,,,,,,,MTL
2022020410,20222023,2,2022-12-06,False,2022-12-07T03:00:00Z,-05:00,-08:00,America/Los_Angeles,OFF,OK,12,Hurricanes,Carolina,de la Caroline,CAR,3.0,24,Ducks,Anaheim,d'Anaheim,ANA,4.0,4.0,OT,3,OT,8476434.0,8476458.0,/video/car-ana-338489940,,,,,,,,,,,,,,,,,,,,,,,ANA
2022020413,20222023,2,2022-12-07,False,2022-12-08T00:00:00Z,-05:00,-05:00,US/Eastern,OFF,OK,15,Capitals,Washington,de Washington,WSH,4.0,4,Flyers,Philadelphia,de Philadelphie,PHI,1.0,3.0,REG,3,REG,8479292.0,8478440.0,/video/wsh-phi-338514510,,,,,,,,,,,,,,,,,,,,,,,WSH
2022020412,20222023,2,2022-12-07,False,2022-12-08T00:30:00Z,-05:00,-05:00,US/Eastern,OFF,OK,7,Sabres,Buffalo,de Buffalo,BUF,9.0,29,Blue Jackets,Columbus,de Columbus,CBJ,4.0,3.0,REG,3,REG,8480045.0,8479420.0,/video/buf-cbj-338516638,,,,,,,,,,,,,,,,,,,,,,,BUF
2022020414,20222023,2,2022-12-07,False,2022-12-08T01:00:00Z,-05:00,-07:00,America/Edmonton,OFF,OK,30,Wild,Minnesota,du Minnesota,MIN,3.0,20,Flames,Calgary,de Calgary,CGY,5.0,3.0,REG,3,REG,8478435.0,8478397.0,,,,,,,,,,,,,,,,,,,,,,,,CGY
2022020415,20222023,2,2022-12-07,False,2022-12-08T02:00:00Z,-05:00,-07:00,America/Denver,OFF,OK,6,Bruins,Boston,de Boston,BOS,4.0,21,Avalanche,Colorado,du Colorado,COL,0.0,3.0,REG,3,REG,8476999.0,8477956.0,/video/bos-col-338525576,,,,,,,,,,,,,,,,,,,,,,,BOS
2022020416,20222023,2,2022-12-07,False,2022-12-08T02:30:00Z,-05:00,-07:00,America/Edmonton,OFF,OK,53,Coyotes,Arizona,de l'Arizona,ARI,2.0,22,Oilers,Edmonton,d'Edmonton,EDM,8.0,3.0,REG,3,REG,8479973.0,8477934.0,/video/ari-edm-338526388,,,,,,,,,,,,,,,,,,,,,,,EDM
2022020417,20222023,2,2022-12-07,False,2022-12-08T03:00:00Z,-05:00,-08:00,US/Pacific,OFF,OK,3,Rangers,New York,de New York,NYR,5.0,54,Golden Knights,Vegas,de Vegas,VGK,1.0,3.0,REG,3,REG,8478048.0,8476459.0,/video/nyr-vgk-338530354,,,,,,,,,,,,,,,,,,,,,,,NYR
2022020418,20222023,2,2022-12-07,False,2022-12-08T03:30:00Z,-05:00,-08:00,US/Pacific,OFF,OK,23,Canucks,Vancouver,de Vancouver,VAN,6.0,28,Sharks,San Jose,de San Jose,SJS,5.0,4.0,OT,3,OT,8477484.0,8480012.0,/video/van-sjs-338531308,,,,,,,,,,,,,,,,,,,,,,,VAN
2022020421,20222023,2,2022-12-08,False,2022-12-09T00:00:00Z,-05:00,-05:00,US/Eastern,OFF,OK,18,Predators,Nashville,de Nashville,NSH,2.0,14,Lightning,Tampa Bay,de Tampa Bay,TBL,5.0,3.0,REG,3,REG,8470880.0,8478010.0,/video/nsh-tbl-338560800,,,,,,,,,,,,,,,,,,,,,,,TBL
2022020420,20222023,2,2022-12-08,False,2022-12-09T00:00:00Z,-05:00,-05:00,America/Toronto,OFF,OK,26,Kings,Los Angeles,de Los Angeles,LAK,0.0,10,Maple Leafs,Toronto,de Toronto,TOR,5.0,3.0,REG,3,REG,8478492.0,8478115.0,/video/lak-tor-338560368,,,,,,,,,,,,,,,,,,,,,,,TOR
2022020419,20222023,2,2022-12-08,False,2022-12-09T00:30:00Z,-05:00,-05:00,US/Eastern,OFF,OK,17,Red Wings,Detroit,de Detroit,DET,1.0,13,Panthers,Florida,de la Floride,FLA,5.0,3.0,REG,3,REG,8475683.0,8480185.0,/video/det-fla-338561954,,,,,,,,,,,,,,,,,,,,,,,FLA
2022020422,20222023,2,2022-12-08,False,2022-12-09T01:00:00Z,-05:00,-06:00,US/Central,OFF,OK,52,Jets,Winnipeg,de Winnipeg,WPG,5.0,19,Blues,St. Louis,de St. Louis,STL,2.0,3.0,REG,3,REG,8476945.0,8471218.0,/video/wpg-stl-338564104,,,,,,,,,,,,,,,,,,,,,,,WPG
2022020423,20222023,2,2022-12-08,False,2022-12-09T01:30:00Z,-05:00,-06:00,US/Central,OFF,OK,9,Senators,Ottawa,d'Ottawa,OTT,3.0,25,Stars,Dallas,de Dallas,DAL,4.0,4.0,OT,3,OT,8479979.0,8475794.0,/video/ott-dal-338567306,,Sénateurs,,,,,,,,,,,,,,,,,,,,,DAL
2022020426,20222023,2,2022-12-09,False,2022-12-10T00:00:00Z,-05:00,-05:00,America/New_York,OFF,OK,5,Penguins,Pittsburgh,de Pittsburgh,PIT,4.0,7,Sabres,Buffalo,de Buffalo,BUF,3.0,4.0,OT,3,OT,8477465.0,8470604.0,/video/pit-buf-338596304,,,,,,,,,,,,,,,,,,,,,,,PIT
2022020424,20222023,2,2022-12-09,False,2022-12-10T00:00:00Z,-05:00,-05:00,US/Eastern,OFF,OK,20,Flames,Calgary,de Calgary,CGY,1.0,29,Blue Jackets,Columbus,de Columbus,CBJ,3.0,3.0,REG,3,REG,8478007.0,8480762.0,/video/cgy-cbj-338598702,,,,,,,,,,,,,,,,,,,,,,,CBJ
2022020425,20222023,2,2022-12-09,False,2022-12-10T00:00:00Z,-05:00,-05:00,US/Eastern,OFF,OK,2,Islanders,New York,de New York,NYI,6.0,1,Devils,New Jersey,du New Jersey,NJD,4.0,3.0,REG,3,REG,8473575.0,8475754.0,/video/nyi-njd-338597074,,,,,,,,,,,,,,,,,,,,,,,NYI
2022020427,20222023,2,2022-12-09,False,2022-12-10T00:00:00Z,-05:00,-05:00,US/Eastern,OFF,OK,55,Kraken,Seattle,de Seattle,SEA,1.0,15,Capitals,Washington,de Washington,WSH,4.0,3.0,REG,3,REG,8479292.0,8475149.0,/video/sea-wsh-338596556,,,,,,,,,,,,,,,,,,,,,,,WSH
2022020428,20222023,2,2022-12-09,False,2022-12-10T01:30:00Z,-05:00,-06:00,America/Chicago,OFF,OK,52,Jets,Winnipeg,de Winnipeg,WPG,3.0,16,Blackhawks,Chicago,de Chicago,CHI,1.0,3.0,REG,3,REG,8479496.0,8471218.0,/video/wpg-chi-338605096,,,,,,,,,,,,,,,,,,,,,,,WPG
2022020430,20222023,2,2022-12-09,False,2022-12-10T02:00:00Z,-05:00,-07:00,America/Denver,OFF,OK,3,Rangers,New York,de New York,NYR,2.0,21,Avalanche,Colorado,du Colorado,COL,1.0,5.0,SO,3,SO,8478048.0,,/video/nyr-col-338607526,,,,,,,,,,,,,,,,,,,,,,,NYR
2022020429,20222023,2,2022-12-09,False,2022-12-10T02:00:00Z,-05:00,-07:00,America/Edmonton,OFF,OK,30,Wild,Minnesota,du Minnesota,MIN,2.0,22,Oilers,Edmonton,d'Edmonton,EDM,5.0,3.0,REG,3,REG,8479973.0,8479977.0,/video/min-edm-338608756,,,,,,,,,,,,,,,,,,,,,,,EDM
2022020431,20222023,2,2022-12-09,False,2022-12-10T02:30:00Z,-05:00,-07:00,America/Phoenix,OFF,OK,6,Bruins,Boston,de Boston,BOS,3.0,53,Coyotes,Arizona,de l'Arizona,ARI,4.0,3.0,REG,3,REG,8478872.0,8478474.0,/video/bos-ari-338609416,,,,,,,,,,,,,,,,,,,,,,,ARI
2022020432,20222023,2,2022-12-09,False,2022-12-10T03:00:00Z,-05:00,-08:00,US/Pacific,OFF,OK,4,Flyers,Philadelphia,de Philadelphie,PHI,1.0,54,Golden Knights,Vegas,de Vegas,VGK,2.0,4.0,OT,3,OT,8478499.0,8476539.0,/video/phi-vgk-338613376,,,,,,,,,,,,,,,,,,,,,,,VGK
2022020433,20222023,2,2022-12-09,False,2022-12-10T03:00:00Z,-05:00,-08:00,America/Los_Angeles,OFF,OK,28,Sharks,San Jose,de San Jose,SJS,6.0,24,Ducks,Anaheim,d'Anaheim,ANA,1.0,3.0,REG,3,REG,8480199.0,8476449.0,/video/sjs-ana-338612462,,,,,,,,,,,,,,,,,,,,,,,SJS
2022020434,20222023,2,2022-12-10,False,2022-12-10T18:30:00Z,-05:00,-06:00,US/Central,OFF,OK,9,Senators,Ottawa,d'Ottawa,OTT,3.0,18,Predators,Nashville,de Nashville,NSH,2.0,3.0,REG,3,REG,8475660.0,8480208.0,/video/ott-nsh-338630902,,Sénateurs,,,,,,,,,,,,,,,,,,,,,OTT
2022020435,20222023,2,2022-12-10,False,2022-12-10T19:00:00Z,-05:00,-06:00,US/Central,OFF,OK,17,Red Wings,Detroit,de Detroit,DET,2.0,25,Stars,Dallas,de Dallas,DAL,3.0,4.0,OT,3,OT,8479979.0,8480878.0,/video/det-dal-338632100,,,,,,,,,,,,,,,,,,,,,,,DAL
2022020436,20222023,2,2022-12-10,False,2022-12-10T21:30:00Z,-05:00,-05:00,US/Eastern,OFF,OK,13,Panthers,Florida,de la Floride,FLA,1.0,14,Lightning,Tampa Bay,de Tampa Bay,TBL,4.0,3.0,REG,3,REG,8476883.0,8478010.0,/video/fla-tbl-338636234,,,,,,,,,,,,,,,,,,,,,,,TBL
2022020439,20222023,2,2022-12-10,False,2022-12-11T00:00:00Z,-05:00,-05:00,America/Montreal,OFF,OK,26,Kings,Los Angeles,de Los Angeles,LAK,4.0,8,Canadiens,Montréal,de Montréal,MTL,2.0,3.0,REG,3,REG,8477831.0,8471303.0,/video/lak-mtl-338644460,,,,,,,,,,,,,,,,,,,,,,,LAK
2022020438,20222023,2,2022-12-10,False,2022-12-11T00:00:00Z,-05:00,-05:00,America/Toronto,OFF,OK,20,Flames,Calgary,de Calgary,CGY,4.0,10,Maple Leafs,Toronto,de Toronto,TOR,5.0,4.0,OT,3,OT,8476899.0,8478483.0,/video/cgy-tor-338644730,,,,,,,,,,,,,,,,,,,,,,,TOR
2022020437,20222023,2,2022-12-10,False,2022-12-11T00:00:00Z,-05:00,-05:00,US/Eastern,OFF,OK,7,Sabres,Buffalo,de Buffalo,BUF,1.0,5,Penguins,Pittsburgh,de Pittsburgh,PIT,3.0,3.0,REG,3,REG,8479193.0,8471675.0,/video/buf-pit-338642516,,,,,,,,,,,,,,,,,,,,,,,PIT
2022020440,20222023,2,2022-12-10,False,2022-12-11T00:30:00Z,-05:00,-05:00,America/New_York,OFF,OK,12,Hurricanes,Carolina,de la Caroline,CAR,3.0,2,Islanders,New York,de New York,NYI,0.0,3.0,REG,3,REG,8481611.0,8471669.0,/video/car-nyi-338643934,,,,,,,,,,,,,,,,,,,,,,,CAR
2022020441,20222023,2,2022-12-10,False,2022-12-11T03:00:00Z,-05:00,-08:00,America/Vancouver,OFF,OK,30,Wild,Minnesota,du Minnesota,MIN,3.0,23,Canucks,Vancouver,de Vancouver,VAN,0.0,3.0,REG,3,REG,8479406.0,8481557.0,/video/min-van-338650286,,,,,,,,,,,,,,,,,,,,,,,MIN
2022020442,20222023,2,2022-12-11,False,2022-12-11T20:00:00Z,-05:00,-06:00,US/Central,OFF,OK,21,Avalanche,Colorado,du Colorado,COL,3.0,19,Blues,St. Louis,de St. Louis,STL,2.0,4.0,OT,3,OT,8480925.0,8478420.0,/video/col-stl-338661262,,,,,,,,,,,,,,,,,,,,,,,COL
2022020443,20222023,2,2022-12-11,False,2022-12-11T23:00:00Z,-05:00,-05:00,US/Eastern,OFF,OK,26,Kings,Los Angeles,de Los Angeles,LAK,5.0,29,Blue Jackets,Columbus,de Columbus,CBJ,6.0,4.0,OT,3,OT,8478007.0,8476346.0,/video/lak-cbj-338669428,,,,,,,,,,,,,,,,,,,,,,,CBJ
2022020444,20222023,2,2022-12-11,False,2022-12-11T23:00:00Z,-05:00,-05:00,US/Eastern,OFF,OK,55,Kraken,Seattle,de Seattle,SEA,5.0,13,Panthers,Florida,de la Floride,FLA,2.0,3.0,REG,3,REG,8474889.0,8474586.0,/video/sea-fla-338669472,,,,,,,,,,,,,,,,,,,,,,,SEA
2022020446,20222023,2,2022-12-11,False,2022-12-12T00:00:00Z,-05:00,-06:00,America/Winnipeg,OFF,OK,15,Capitals,Washington,de Washington,WSH,5.0,52,Jets,Winnipeg,de Winnipeg,WPG,2.0,3.0,REG,3,REG,8479292.0,8475149.0,/video/wsh-wpg-338671518,,,,,,,,,,,,,,,,,,,,,,,WSH
2022020445,20222023,2,2022-12-11,False,2022-12-12T00:00:00Z,-05:00,-07:00,America/Phoenix,OFF,OK,4,Flyers,Philadelphia,de Philadelphie,PHI,4.0,53,Coyotes,Arizona,de l'Arizona,ARI,5.0,4.0,OT,3,OT,8478872.0,8479343.0,/video/phi-ari-338672636,,,,,,,,,,,,,,,,,,,,,,,ARI
2022020447,20222023,2,2022-12-11,False,2022-12-12T01:00:00Z,-05:00,-08:00,US/Pacific,OFF,OK,6,Bruins,Boston,de Boston,BOS,3.0,54,Golden Knights,Vegas,de Vegas,VGK,1.0,3.0,REG,3,REG,8476999.0,8478498.0,/video/bos-vgk-338674646,,,,,,,,,,,,,,,,,,,,,,,BOS
2022020449,20222023,2,2022-12-12,False,2022-12-13T00:00:00Z,-05:00,-05:00,US/Eastern,OFF,OK,25,Stars,Dallas,de Dallas,DAL,1.0,5,Penguins,Pittsburgh,de Pittsburgh,PIT,2.0,3.0,REG,3,REG,8477465.0,8471215.0,/video/dal-pit-338708222,,,,,,,,,,,,,,,,,,,,,,,PIT
2022020450,20222023,2,2022-12-12,False,2022-12-13T00:00:00Z,-05:00,-05:00,America/New_York,OFF,OK,1,Devils,New Jersey,du New Jersey,NJD,3.0,3,Rangers,New York,de New York,NYR,4.0,4.0,OT,3,OT,8478048.0,8480078.0,/video/njd-nyr-338709560,,,,,,,,,,,,,,,,,,,,,,,NYR
2022020448,20222023,2,2022-12-12,False,2022-12-13T00:00:00Z,-05:00,-05:00,America/Montreal,OFF,OK,20,Flames,Calgary,de Calgary,CGY,1.0,8,Canadiens,Montréal,de Montréal,MTL,2.0,5.0,SO,3,SO,8474596.0,,/video/cgy-mtl-338711248,,,,,,,,,,,,,,,,,,,,,,,MTL
2022020451,20222023,2,2022-12-12,False,2022-12-13T00:30:00Z,-05:00,-05:00,US/Eastern,OFF,OK,24,Ducks,Anaheim,d'Anaheim,ANA,0.0,9,Senators,Ottawa,d'Ottawa,OTT,3.0,3.0,REG,3,REG,8475660.0,8480448.0,/video/ana-ott-338712438,,,Sénateurs,,,,,,,,,,,,,,,,,,,,OTT
2022020453,20222023,2,2022-12-12,False,2022-12-13T01:00:00Z,-05:00,-06:00,US/Central,OFF,OK,18,Predators,Nashville,de Nashville,NSH,0.0,19,Blues,St. Louis,de St. Louis,STL,1.0,4.0,OT,3,OT,8476412.0,8475170.0,/video/nsh-stl-338713772,,,,,,,,,,,,,,,,,,,,,,,STL
2022020452,20222023,2,2022-12-12,False,2022-12-13T01:00:00Z,-05:00,-06:00,US/Central,OFF,OK,22,Oilers,Edmonton,d'Edmonton,EDM,1.0,30,Wild,Minnesota,du Minnesota,MIN,2.0,3.0,REG,3,REG,8470594.0,8477919.0,/video/edm-min-338713214,,,,,,,,,,,,,,,,,,,,,,,MIN
2022020457,20222023,2,2022-12-13,False,2022-12-14T00:00:00Z,-05:00,-05:00,America/New_York,OFF,OK,26,Kings,Los Angeles,de Los Angeles,LAK,0.0,7,Sabres,Buffalo,de Buffalo,BUF,6.0,3.0,REG,3,REG,8467950.0,8479420.0,/video/lak-buf-338759328,,,,,,,,,,,,,,,,,,,,,,,BUF
2022020459,20222023,2,2022-12-13,False,2022-12-14T00:00:00Z,-05:00,-05:00,US/Eastern,OFF,OK,55,Kraken,Seattle,de Seattle,SEA,2.0,14,Lightning,Tampa Bay,de Tampa Bay,TBL,6.0,3.0,REG,3,REG,8476883.0,8470621.0,/video/sea-tbl-338754384,,,,,,,,,,,,,,,,,,,,,,,TBL
2022020458,20222023,2,2022-12-13,False,2022-12-14T00:00:00Z,-05:00,-05:00,US/Eastern,OFF,OK,2,Islanders,New York,de New York,NYI,3.0,6,Bruins,Boston,de Boston,BOS,4.0,5.0,SO,3,SO,8476999.0,,/video/nyi-bos-338756942,,,,,,,,,,,,,,,,,,,,,,,BOS
2022020456,20222023,2,2022-12-13,False,2022-12-14T00:00:00Z,-05:00,-05:00,US/Eastern,OFF,OK,25,Stars,Dallas,de Dallas,DAL,4.0,1,Devils,New Jersey,du New Jersey,NJD,1.0,3.0,REG,3,REG,8475809.0,8478449.0,/video/dal-njd-338754428,,,,,,,,,,,,,,,,,,,,,,,DAL
2022020454,20222023,2,2022-12-13,False,2022-12-14T00:00:00Z,-05:00,-05:00,America/Toronto,OFF,OK,24,Ducks,Anaheim,d'Anaheim,ANA,0.0,10,Maple Leafs,Toronto,de Toronto,TOR,7.0,3.0,REG,3,REG,8478492.0,8477021.0,/video/ana-tor-338764596,,,,,,,,,,,,,,,,,,,,,,,TOR
2022020455,20222023,2,2022-12-13,False,2022-12-14T00:00:00Z,-05:00,-05:00,US/Eastern,OFF,OK,29,Blue Jackets,Columbus,de Columbus,CBJ,0.0,13,Panthers,Florida,de la Floride,FLA,4.0,3.0,REG,3,REG,8475683.0,8477986.0,/video/cbj-fla-338752602,,,,,,,,,,,,,,,,,,,,,,,FLA
2022020460,20222023,2,2022-12-13,False,2022-12-14T00:00:00Z,-05:00,-05:00,America/Detroit,OFF,OK,12,Hurricanes,Carolina,de la Caroline,CAR,1.0,17,Red Wings,Detroit,de Detroit,DET,0.0,3.0,REG,3,REG,8481611.0,8476869.0,/video/car-det-338755704,,,,,,,,,,,,,,,,,,,,,,,CAR
2022020461,20222023,2,2022-12-13,False,2022-12-14T01:00:00Z,-05:00,-06:00,US/Central,OFF,OK,22,Oilers,Edmonton,d'Edmonton,EDM,6.0,18,Predators,Nashville,de Nashville,NSH,3.0,3.0,REG,3,REG,8475789.0,8477934.0,/video/edm-nsh-338761204,,,,,,,,,,,,,,,,,,,,,,,EDM
2022020462,20222023,2,2022-12-13,False,2022-12-14T01:00:00Z,-05:00,-06:00,America/Winnipeg,OFF,OK,54,Golden Knights,Vegas,de Vegas,VGK,6.0,52,Jets,Winnipeg,de Winnipeg,WPG,5.0,3.0,REG,3,REG,8478499.0,8476448.0,/video/vgk-wpg-338764504,,,,,,,,,,,,,,,,,,,,,,,VGK
2022020463,20222023,2,2022-12-13,False,2022-12-14T02:00:00Z,-05:00,-06:00,America/Chicago,OFF,OK,15,Capitals,Washington,de Washington,WSH,7.0,16,Blackhawks,Chicago,de Chicago,CHI,3.0,3.0,REG,3,REG,8479292.0,8475343.0,/video/wsh-chi-338767866,,,,,,,,,,,,,,,,,,,,,,,WSH
2022020464,20222023,2,2022-12-13,False,2022-12-14T02:00:00Z,-05:00,-07:00,America/Denver,OFF,OK,4,Flyers,Philadelphia,de Philadelphie,PHI,2.0,21,Avalanche,Colorado,du Colorado,COL,3.0,3.0,REG,3,REG,8480925.0,8477456.0,/video/phi-col-338768016,,,,,,,,,,,,,,,,,,,,,,,COL
2022020465,20222023,2,2022-12-13,False,2022-12-14T03:30:00Z,-05:00,-08:00,US/Pacific,OFF,OK,53,Coyotes,Arizona,de l'Arizona,ARI,2.0,28,Sharks,San Jose,de San Jose,SJS,3.0,3.0,REG,3,REG,8473503.0,8481477.0,/video/ari-sjs-338772134,,,,,,,,,,,,,,,,,,,,,,,SJS
2022020466,20222023,2,2022-12-14,False,2022-12-15T00:00:00Z,-05:00,-05:00,US/Eastern,OFF,OK,8,Canadiens,Montréal,de Montréal,MTL,2.0,9,Senators,Ottawa,d'Ottawa,OTT,3.0,3.0,REG,3,REG,8475660.0,8480801.0,/video/mtl-ott-338795802,,,Sénateurs,,,,,,,,,,,,,,,,,,,,OTT
2022020467,20222023,2,2022-12-14,False,2022-12-15T00:30:00Z,-05:00,-06:00,US/Central,OFF,OK,17,Red Wings,Detroit,de Detroit,DET,1.0,30,Wild,Minnesota,du Minnesota,MIN,4.0,3.0,REG,3,REG,8479406.0,8476856.0,/video/det-min-338796856,,,,,,,,,,,,,,,,,,,,,,,MIN
2022020468,20222023,2,2022-12-14,False,2022-12-15T03:00:00Z,-05:00,-07:00,America/Edmonton,OFF,OK,23,Canucks,Vancouver,de Vancouver,VAN,4.0,20,Flames,Calgary,de Calgary,CGY,3.0,5.0,SO,3,SO,8477484.0,,/video/van-cgy-338802588,,,,,,,,,,,,,,,,,,,,,,,VAN
2022020473,20222023,2,2022-12-15,False,2022-12-16T00:00:00Z,-05:00,-05:00,US/Eastern,OFF,OK,4,Flyers,Philadelphia,de Philadelphie,PHI,2.0,1,Devils,New Jersey,du New Jersey,NJD,1.0,3.0,REG,3,REG,8479394.0,8478439.0,/video/phi-njd-338833658,,,,,,,,,,,,,,,,,,,,,,,PHI
2022020474,20222023,2,2022-12-15,False,2022-12-16T00:00:00Z,-05:00,-05:00,US/Eastern,OFF,OK,5,Penguins,Pittsburgh,de Pittsburgh,PIT,4.0,13,Panthers,Florida,de la Floride,FLA,2.0,3.0,REG,3,REG,8477465.0,8471215.0,/video/pit-fla-338844186,,,,,,,,,,,,,,,,,,,,,,,PIT
2022020475,20222023,2,2022-12-15,False,2022-12-16T00:00:00Z,-05:00,-05:00,US/Eastern,OFF,OK,55,Kraken,Seattle,de Seattle,SEA,2.0,12,Hurricanes,Carolina,de la Caroline,CAR,3.0,3.0,REG,3,REG,8481611.0,8476474.0,/video/sea-car-338836658,,,,,,,,,,,,,,,,,,,,,,,CAR
2022020476,20222023,2,2022-12-15,False,2022-12-16T00:00:00Z,-05:00,-05:00,America/New_York,OFF,OK,10,Maple Leafs,Toronto,de Toronto,TOR,1.0,3,Rangers,New York,de New York,NYR,3.0,3.0,REG,3,REG,8478048.0,8476918.0,/video/tor-nyr-338839584,,,,,,,,,,,,,,,,,,,,,,,NYR
2022020470,20222023,2,2022-12-15,False,2022-12-16T00:00:00Z,-05:00,-05:00,US/Eastern,OFF,OK,29,Blue Jackets,Columbus,de Columbus,CBJ,1.0,14,Lightning,Tampa Bay,de Tampa Bay,TBL,4.0,3.0,REG,3,REG,8470880.0,8478010.0,/video/cbj-tbl-338840654,,,,,,,,,,,,,,,,,,,,,,,TBL
2022020471,20222023,2,2022-12-15,False,2022-12-16T00:00:00Z,-05:00,-05:00,US/Eastern,OFF,OK,25,Stars,Dallas,de Dallas,DAL,2.0,15,Capitals,Washington,de Washington,WSH,1.0,3.0,REG,3,REG,8479979.0,8476525.0,/video/dal-wsh-338835040,,,,,,,,,,,,,,,,,,,,,,,DAL
2022020472,20222023,2,2022-12-15,False,2022-12-16T00:00:00Z,-05:00,-05:00,US/Eastern,OFF,OK,26,Kings,Los Angeles,de Los Angeles,LAK,3.0,6,Bruins,Boston,de Boston,BOS,2.0,5.0,SO,3,SO,8477831.0,,/video/lak-bos-338846600,,,,,,,,,,,,,,,,,,,,,,,LAK
2022020469,20222023,2,2022-12-15,False,2022-12-16T00:00:00Z,-05:00,-05:00,America/Montreal,OFF,OK,24,Ducks,Anaheim,d'Anaheim,ANA,5.0,8,Canadiens,Montréal,de Montréal,MTL,2.0,3.0,REG,3,REG,8480843.0,8475906.0,/video/ana-mtl-338843586,,,,,,,,,,,,,,,,,,,,,,,ANA
2022020477,20222023,2,2022-12-15,False,2022-12-16T01:00:00Z,-05:00,-06:00,America/Winnipeg,OFF,OK,18,Predators,Nashville,de Nashville,NSH,1.0,52,Jets,Winnipeg,de Winnipeg,WPG,2.0,4.0,OT,3,OT,8476945.0,8478398.0,/video/nsh-wpg-338844762,,,,,,,,,,,,,,,,,,,,,,,WPG
2022020478,20222023,2,2022-12-15,False,2022-12-16T01:30:00Z,-05:00,-06:00,America/Chicago,OFF,OK,54,Golden Knights,Vegas,de Vegas,VGK,4.0,16,Blackhawks,Chicago,de Chicago,CHI,1.0,3.0,REG,3,REG,8480313.0,8475191.0,/video/vgk-chi-338851042,,,,,,,,,,,,,,,,,,,,,,,VGK
2022020479,20222023,2,2022-12-15,False,2022-12-16T02:00:00Z,-05:00,-07:00,America/Denver,OFF,OK,7,Sabres,Buffalo,de Buffalo,BUF,4.0,21,Avalanche,Colorado,du Colorado,COL,2.0,3.0,REG,3,REG,8480045.0,8480839.0,/video/buf-col-338849686,,,,,,,,,,,,,,,,,,,,,,,BUF
2022020480,20222023,2,2022-12-15,False,2022-12-16T02:00:00Z,-05:00,-07:00,America/Edmonton,OFF,OK,19,Blues,St. Louis,de St. Louis,STL,4.0,22,Oilers,Edmonton,d'Edmonton,EDM,3.0,5.0,SO,3,SO,8476412.0,,/video/stl-edm-338850544,,,,,,,,,,,,,,,,,,,,,,,STL
2022020481,20222023,2,2022-12-16,False,2022-12-17T01:00:00Z,-05:00,-06:00,US/Central,OFF,OK,16,Blackhawks,Chicago,de Chicago,CHI,1.0,30,Wild,Minnesota,du Minnesota,MIN,4.0,3.0,REG,3,REG,8470594.0,8478864.0,/video/chi-min-338879448,,,,,,,,,,,,,,,,,,,,,,,MIN
2022020482,20222023,2,2022-12-16,False,2022-12-17T02:00:00Z,-05:00,-07:00,America/Edmonton,OFF,OK,19,Blues,St. Louis,de St. Louis,STL,5.0,20,Flames,Calgary,de Calgary,CGY,2.0,3.0,REG,3,REG,8471306.0,8477402.0,/video/stl-cgy-338882786,,,,,,,,,,,,,,,,,,,,,,,STL
2022020483,20222023,2,2022-12-16,False,2022-12-17T02:30:00Z,-05:00,-07:00,America/Phoenix,OFF,OK,2,Islanders,New York,de New York,NYI,4.0,53,Coyotes,Arizona,de l'Arizona,ARI,5.0,3.0,REG,3,REG,8478872.0,8479343.0,/video/nyi-ari-338885298,,,,,,,,,,,,,,,,,,,,,,,ARI
2022020484,20222023,2,2022-12-17,False,2022-12-17T18:00:00Z,-05:00,-05:00,US/Eastern,OFF,OK,29,Blue Jackets,Columbus,de Columbus,CBJ,2.0,6,Bruins,Boston,de Boston,BOS,4.0,3.0,REG,3,REG,8480280.0,8475791.0,/video/cbj-bos-338900624,,,,,,,,,,,,,,,,,,,,,,,BOS
2022020485,20222023,2,2022-12-17,False,2022-12-17T18:00:00Z,-05:00,-05:00,America/Detroit,OFF,OK,9,Senators,Ottawa,d'Ottawa,OTT,6.0,17,Red Wings,Detroit,de Detroit,DET,3.0,3.0,REG,3,REG,8475660.0,8473512.0,/video/ott-det-338899420,,Sénateurs,,,,,,,,,,,,,,,,,,,,,OTT
2022020486,20222023,2,2022-12-17,False,2022-12-17T21:00:00Z,-05:00,-07:00,America/Edmonton,OFF,OK,24,Ducks,Anaheim,d'Anaheim,ANA,4.0,22,Oilers,Edmonton,d'Edmonton,EDM,3.0,3.0,REG,3,REG,8480843.0,8475906.0,/video/ana-edm-338906864,,,,,,,,,,,,,,,,,,,,,,,ANA
2022020491,20222023,2,2022-12-17,False,2022-12-18T00:00:00Z,-05:00,-05:00,US/Eastern,OFF,OK,10,Maple Leafs,Toronto,de Toronto,TOR,2.0,15,Capitals,Washington,de Washington,WSH,5.0,3.0,REG,3,REG,8479292.0,8476979.0,/video/tor-wsh-338918676,,,,,,,,,,,,,,,,,,,,,,,WSH
2022020489,20222023,2,2022-12-17,False,2022-12-18T00:00:00Z,-05:00,-05:00,US/Eastern,OFF,OK,3,Rangers,New York,de New York,NYR,6.0,4,Flyers,Philadelphia,de Philadelphie,PHI,3.0,3.0,REG,3,REG,8470860.0,8476918.0,/video/nyr-phi-338917550,,,,,,,,,,,,,,,,,,,,,,,NYR
2022020487,20222023,2,2022-12-17,False,2022-12-18T00:00:00Z,-05:00,-05:00,US/Eastern,OFF,OK,25,Stars,Dallas,de Dallas,DAL,4.0,12,Hurricanes,Carolina,de la Caroline,CAR,5.0,4.0,OT,3,OT,8477293.0,8480039.0,/video/dal-car-338919886,,,,,,,,,,,,,,,,,,,,,,,CAR
2022020490,20222023,2,2022-12-17,False,2022-12-18T00:00:00Z,-05:00,-05:00,America/Montreal,OFF,OK,14,Lightning,Tampa Bay,de Tampa Bay,TBL,5.0,8,Canadiens,Montréal,de Montréal,MTL,1.0,3.0,REG,3,REG,8476883.0,8477426.0,/video/tbl-mtl-338918574,,,,,,,,,,,,,,,,,,,,,,,TBL
2022020488,20222023,2,2022-12-17,False,2022-12-18T00:30:00Z,-05:00,-05:00,US/Eastern,OFF,OK,13,Panthers,Florida,de la Floride,FLA,4.0,1,Devils,New Jersey,du New Jersey,NJD,2.0,3.0,REG,3,REG,8475683.0,8477933.0,/video/fla-njd-338921062,,,,,,,,,,,,,,,,,,,,,,,FLA
2022020492,20222023,2,2022-12-17,False,2022-12-18T02:00:00Z,-05:00,-07:00,America/Phoenix,OFF,OK,7,Sabres,Buffalo,de Buffalo,BUF,5.0,53,Coyotes,Arizona,de l'Arizona,ARI,2.0,3.0,REG,3,REG,8467950.0,8479420.0,/video/buf-ari-338928880,,,,,,,,,,,,,,,,,,,,,,,BUF
2022020493,20222023,2,2022-12-17,False,2022-12-18T02:00:00Z,-05:00,-07:00,America/Denver,OFF,OK,18,Predators,Nashville,de Nashville,NSH,1.0,21,Avalanche,Colorado,du Colorado,COL,3.0,3.0,REG,3,REG,8480382.0,8481618.0,/video/nsh-col-338928280,,,,,,,,,,,,,,,,,,,,,,,COL
2022020495,20222023,2,2022-12-17,False,2022-12-18T03:00:00Z,-05:00,-08:00,America/Vancouver,OFF,OK,52,Jets,Winnipeg,de Winnipeg,WPG,5.0,23,Canucks,Vancouver,de Vancouver,VAN,1.0,3.0,REG,3,REG,8476945.0,8478476.0,/video/wpg-van-338930416,,,,,,,,,,,,,,,,,,,,,,,WPG
2022020494,20222023,2,2022-12-17,False,2022-12-18T03:00:00Z,-05:00,-08:00,US/Pacific,OFF,OK,2,Islanders,New York,de New York,NYI,5.0,54,Golden Knights,Vegas,de Vegas,VGK,2.0,3.0,REG,3,REG,8473575.0,8481601.0,/video/nyi-vgk-338931416,,,,,,,,,,,,,,,,,,,,,,,NYI
2022020496,20222023,2,2022-12-17,False,2022-12-18T03:30:00Z,-05:00,-08:00,America/Los_Angeles,OFF,OK,28,Sharks,San Jose,de San Jose,SJS,2.0,26,Kings,Los Angeles,de Los Angeles,LAK,3.0,5.0,SO,3,SO,8477831.0,,/video/sjs-lak-338933426,,,,,,,,,,,,,,,,,,,,,,,LAK
2022020497,20222023,2,2022-12-18,False,2022-12-18T19:00:00Z,-05:00,-06:00,US/Central,OFF,OK,9,Senators,Ottawa,d'Ottawa,OTT,2.0,30,Wild,Minnesota,du Minnesota,MIN,4.0,3.0,REG,3,REG,8479406.0,8474716.0,/video/ott-min-338943984,,Sénateurs,,,,,,,,,,,,,,,,,,,,,MIN
2022020498,20222023,2,2022-12-18,False,2022-12-18T22:00:00Z,-05:00,-05:00,US/Eastern,OFF,OK,5,Penguins,Pittsburgh,de Pittsburgh,PIT,2.0,12,Hurricanes,Carolina,de la Caroline,CAR,3.0,3.0,REG,3,REG,8481611.0,8473533.0,/video/pit-car-338949114,,,,,,,,,,,,,,,,,,,,,,,CAR
2022020499,20222023,2,2022-12-18,False,2022-12-19T00:30:00Z,-05:00,-06:00,America/Chicago,OFF,OK,3,Rangers,New York,de New York,NYR,7.0,16,Blackhawks,Chicago,de Chicago,CHI,1.0,3.0,REG,3,REG,8478048.0,8478550.0,/video/nyr-chi-338954728,,,,,,,,,,,,,,,,,,,,,,,NYR
2022020500,20222023,2,2022-12-18,False,2022-12-19T01:00:00Z,-05:00,-08:00,US/Pacific,OFF,OK,52,Jets,Winnipeg,de Winnipeg,WPG,2.0,55,Kraken,Seattle,de Seattle,SEA,3.0,3.0,REG,3,REG,8475831.0,8477955.0,/video/wpg-sea-338956000,,,,,,,,,,,,,,,,,,,,,,,SEA
2022020501,20222023,2,2022-12-18,False,2022-12-19T03:00:00Z,-05:00,-08:00,US/Pacific,OFF,OK,20,Flames,Calgary,de Calgary,CGY,5.0,28,Sharks,San Jose,de San Jose,SJS,2.0,3.0,REG,3,REG,8474593.0,8477496.0,/video/cgy-sjs-338959888,Markström,,,,,,,,,,,,,,,,,,,,,,CGY
2022020502,20222023,2,2022-12-19,False,2022-12-20T00:00:00Z,-05:00,-05:00,US/Eastern,OFF,OK,25,Stars,Dallas,de Dallas,DAL,2.0,29,Blue Jackets,Columbus,de Columbus,CBJ,1.0,3.0,REG,3,REG,8479979.0,8480027.0,/video/dal-cbj-338987106,,,,,,,,,,,,,,,,,,,,,,,DAL
2022020503,20222023,2,2022-12-19,False,2022-12-20T00:00:00Z,-05:00,-05:00,US/Eastern,OFF,OK,17,Red Wings,Detroit,de Detroit,DET,3.0,15,Capitals,Washington,de Washington,WSH,4.0,4.0,OT,3,OT,8479292.0,8475200.0,/video/det-wsh-338989024,,,,,,,,,,,,,,,,,,,,,,,WSH
2022020504,20222023,2,2022-12-19,False,2022-12-20T00:00:00Z,-05:00,-05:00,US/Eastern,OFF,OK,13,Panthers,Florida,de la Floride,FLA,3.0,6,Bruins,Boston,de Boston,BOS,7.0,3.0,REG,3,REG,8476999.0,8477956.0,/video/fla-bos-338988952,,,,,,,,,,,,,,,,,,,,,,,BOS
2022020505,20222023,2,2022-12-19,False,2022-12-20T01:00:00Z,-05:00,-06:00,US/Central,OFF,OK,22,Oilers,Edmonton,d'Edmonton,EDM,3.0,18,Predators,Nashville,de Nashville,NSH,4.0,4.0,OT,3,OT,8477424.0,8478851.0,/video/edm-nsh-338991520,,,,,,,,,,,,,,,,,,,,,,,NSH
2022020506,20222023,2,2022-12-19,False,2022-12-20T02:00:00Z,-05:00,-07:00,America/Denver,OFF,OK,2,Islanders,New York,de New York,NYI,0.0,21,Avalanche,Colorado,du Colorado,COL,1.0,5.0,SO,3,SO,8480382.0,,/video/nyi-col-339008660,,,,,,,,,,,,,,,,,,,,,,,COL
2022020508,20222023,2,2022-12-19,False,2022-12-20T03:00:00Z,-05:00,-07:00,America/Phoenix,OFF,OK,8,Canadiens,Montréal,de Montréal,MTL,3.0,53,Coyotes,Arizona,de l'Arizona,ARI,2.0,4.0,OT,3,OT,8478470.0,8474884.0,/video/mtl-ari-338999324,,,,,,,,,,,,,,,,,,,,,,,MTL
2022020507,20222023,2,2022-12-19,False,2022-12-20T03:00:00Z,-05:00,-08:00,US/Pacific,OFF,OK,7,Sabres,Buffalo,de Buffalo,BUF,3.0,54,Golden Knights,Vegas,de Vegas,VGK,2.0,3.0,REG,3,REG,8480045.0,8480935.0,/video/buf-vgk-338999860,,,,,,,,,,,,,,,,,,,,,,,BUF
2022020509,20222023,2,2022-12-19,False,2022-12-20T03:30:00Z,-05:00,-08:00,America/Vancouver,OFF,OK,19,Blues,St. Louis,de St. Louis,STL,5.0,23,Canucks,Vancouver,de Vancouver,VAN,1.0,3.0,REG,3,REG,8476412.0,8477573.0,/video/stl-van-339000500,,,,,,,,,,,,,,,,,,,,,,,STL
2022020510,20222023,2,2022-12-20,False,2022-12-21T00:00:00Z,-05:00,-05:00,US/Eastern,OFF,OK,29,Blue Jackets,Columbus,de Columbus,CBJ,3.0,4,Flyers,Philadelphia,de Philadelphie,PHI,5.0,3.0,REG,3,REG,8479394.0,8478439.0,/video/cbj-phi-339026918,,,,,,,,,,,,,,,,,,,,,,,PHI
2022020511,20222023,2,2022-12-20,False,2022-12-21T00:00:00Z,-05:00,-05:00,US/Eastern,OFF,OK,3,Rangers,New York,de New York,NYR,2.0,5,Penguins,Pittsburgh,de Pittsburgh,PIT,3.0,3.0,REG,3,REG,8477465.0,8471675.0,/video/nyr-pit-339028166,,,,,,,,,,,,,,,,,,,,,,,PIT
2022020513,20222023,2,2022-12-20,False,2022-12-21T00:00:00Z,-05:00,-05:00,America/Toronto,OFF,OK,14,Lightning,Tampa Bay,de Tampa Bay,TBL,1.0,10,Maple Leafs,Toronto,de Toronto,TOR,4.0,3.0,REG,3,REG,8476899.0,8479318.0,/video/tbl-tor-339026254,,,,,,,,,,,,,,,,,,,,,,,TOR
2022020512,20222023,2,2022-12-20,False,2022-12-21T00:00:00Z,-05:00,-05:00,US/Eastern,OFF,OK,1,Devils,New Jersey,du New Jersey,NJD,1.0,12,Hurricanes,Carolina,de la Caroline,CAR,4.0,3.0,REG,3,REG,8481611.0,8473533.0,/video/njd-car-339027358,,,,,,,,,,,,,,,,,,,,,,,CAR
2022020514,20222023,2,2022-12-20,False,2022-12-21T01:00:00Z,-05:00,-06:00,America/Winnipeg,OFF,OK,9,Senators,Ottawa,d'Ottawa,OTT,1.0,52,Jets,Winnipeg,de Winnipeg,WPG,5.0,3.0,REG,3,REG,8479496.0,8477504.0,/video/ott-wpg-339031978,,Sénateurs,,,,,,,,,,,,,,,,,,,,,WPG
2022020515,20222023,2,2022-12-20,False,2022-12-21T03:00:00Z,-05:00,-08:00,US/Pacific,OFF,OK,19,Blues,St. Louis,de St. Louis,STL,2.0,55,Kraken,Seattle,de Seattle,SEA,5.0,3.0,REG,3,REG,8474889.0,8478466.0,/video/stl-sea-339038380,,,,,,,,,,,,,,,,,,,,,,,SEA
2022020516,20222023,2,2022-12-20,False,2022-12-21T03:30:00Z,-05:00,-08:00,America/Los_Angeles,OFF,OK,24,Ducks,Anaheim,d'Anaheim,ANA,1.0,26,Kings,Los Angeles,de Los Angeles,LAK,4.0,3.0,REG,3,REG,8477831.0,8480113.0,/video/ana-lak-339040364,,,,,,,,,,,,,,,,,,,,,,,LAK
2022020517,20222023,2,2022-12-20,False,2022-12-21T03:30:00Z,-05:00,-08:00,US/Pacific,OFF,OK,20,Flames,Calgary,de Calgary,CGY,7.0,28,Sharks,San Jose,de San Jose,SJS,3.0,3.0,REG,3,REG,8474593.0,8475172.0,/video/cgy-sjs-339040282,Markström,,,,,,,,,,,,,,,,,,,,,,CGY
2022020518,20222023,2,2022-12-21,False,2022-12-22T00:00:00Z,-05:00,-05:00,US/Eastern,OFF,OK,1,Devils,New Jersey,du New Jersey,NJD,4.0,13,Panthers,Florida,de la Floride,FLA,2.0,3.0,REG,3,REG,8478406.0,8481068.0,/video/njd-fla-339064430,,,,,,,,,,,,,,,,,,,,,,,NJD
2022020519,20222023,2,2022-12-21,False,2022-12-22T00:00:00Z,-05:00,-05:00,America/Detroit,OFF,OK,14,Lightning,Tampa Bay,de Tampa Bay,TBL,4.0,17,Red Wings,Detroit,de Detroit,DET,7.0,3.0,REG,3,REG,8478024.0,8477946.0,/video/tbl-det-339065332,,,,,,,,,,,,,,,,,,,,,,,DET
2022020520,20222023,2,2022-12-21,False,2022-12-22T01:00:00Z,-05:00,-07:00,America/Denver,OFF,OK,8,Canadiens,Montréal,de Montréal,MTL,1.0,21,Avalanche,Colorado,du Colorado,COL,2.0,4.0,OT,3,OT,8480382.0,8478420.0,/video/mtl-col-339070334,,,,,,,,,,,,,,,,,,,,,,,COL
2022020521,20222023,2,2022-12-21,False,2022-12-22T01:30:00Z,-05:00,-06:00,America/Chicago,OFF,OK,18,Predators,Nashville,de Nashville,NSH,4.0,16,Blackhawks,Chicago,de Chicago,CHI,2.0,3.0,REG,3,REG,8477424.0,8474600.0,/video/nsh-chi-339071680,,,,,,,,,,,,,,,,,,,,,,,NSH
2022020522,20222023,2,2022-12-21,False,2022-12-22T02:30:00Z,-05:00,-06:00,US/Central,OFF,OK,22,Oilers,Edmonton,d'Edmonton,EDM,6.0,25,Stars,Dallas,de Dallas,DAL,3.0,3.0,REG,3,REG,8479973.0,8477998.0,/video/edm-dal-339076620,,,,,,,,,,,,,,,,,,,,,,,EDM
2022020524,20222023,2,2022-12-21,False,2022-12-22T03:00:00Z,-05:00,-08:00,America/Los_Angeles,OFF,OK,30,Wild,Minnesota,du Minnesota,MIN,4.0,24,Ducks,Anaheim,d'Anaheim,ANA,1.0,3.0,REG,3,REG,8470594.0,8481557.0,/video/min-ana-339078104,,,,,,,,,,,,,,,,,,,,,,,MIN
2022020523,20222023,2,2022-12-21,False,2022-12-22T03:00:00Z,-05:00,-08:00,US/Pacific,OFF,OK,53,Coyotes,Arizona,de l'Arizona,ARI,2.0,54,Golden Knights,Vegas,de Vegas,VGK,5.0,3.0,REG,3,REG,8480313.0,8477478.0,,,,,,,,,,,,,,,,,,,,,,,,VGK
2022020525,20222023,2,2022-12-22,False,2022-12-22T19:00:00Z,-05:00,-05:00,America/Toronto,OFF,OK,4,Flyers,Philadelphia,de Philadelphie,PHI,3.0,10,Maple Leafs,Toronto,de Toronto,TOR,4.0,3.0,REG,3,REG,8478492.0,8477939.0,/video/phi-tor-339105030,,,,,,,,,,,,,,,,,,,,,,,TOR
2022020528,20222023,2,2022-12-22,False,2022-12-23T00:00:00Z,-05:00,-05:00,US/Eastern,OFF,OK,15,Capitals,Washington,de Washington,WSH,3.0,9,Senators,Ottawa,d'Ottawa,OTT,2.0,4.0,OT,3,OT,8475311.0,8475149.0,/video/wsh-ott-339117618,,,Sénateurs,,,,,,,,,,,,,,,,,,,,WSH
2022020526,20222023,2,2022-12-22,False,2022-12-23T00:00:00Z,-05:00,-05:00,US/Eastern,OFF,OK,12,Hurricanes,Carolina,de la Caroline,CAR,4.0,5,Penguins,Pittsburgh,de Pittsburgh,PIT,3.0,4.0,OT,3,OT,8477293.0,8476958.0,/video/car-pit-339118084,,,,,,,,,,,,,,,,,,,,,,,CAR
2022020529,20222023,2,2022-12-22,False,2022-12-23T00:00:00Z,-05:00,-05:00,US/Eastern,OFF,OK,52,Jets,Winnipeg,de Winnipeg,WPG,2.0,6,Bruins,Boston,de Boston,BOS,3.0,3.0,REG,3,REG,8480280.0,8473422.0,/video/wpg-bos-339117152,,,,,,,,,,,,,,,,,,,,,,,BOS
2022020527,20222023,2,2022-12-22,False,2022-12-23T00:00:00Z,-05:00,-05:00,America/New_York,OFF,OK,2,Islanders,New York,de New York,NYI,3.0,3,Rangers,New York,de New York,NYR,5.0,3.0,REG,3,REG,8478048.0,8481554.0,/video/nyi-nyr-339116720,,,,,,,,,,,,,,,,,,,,,,,NYR
2022020530,20222023,2,2022-12-22,False,2022-12-23T03:00:00Z,-05:00,-08:00,America/Vancouver,OFF,OK,55,Kraken,Seattle,de Seattle,SEA,5.0,23,Canucks,Vancouver,de Vancouver,VAN,6.0,5.0,SO,3,SO,8477484.0,,,,,,,,,,,,,,,,,,,,,,,,,VAN
2022020532,20222023,2,2022-12-22,False,2022-12-23T03:30:00Z,-05:00,-08:00,US/Pacific,OFF,OK,30,Wild,Minnesota,du Minnesota,MIN,2.0,28,Sharks,San Jose,de San Jose,SJS,5.0,3.0,REG,3,REG,8473503.0,8478414.0,/video/min-sjs-339128200,,,,,,,,,,,,,,,,,,,,,,,SJS
2022020531,20222023,2,2022-12-22,False,2022-12-23T03:30:00Z,-05:00,-08:00,America/Los_Angeles,OFF,OK,20,Flames,Calgary,de Calgary,CGY,3.0,26,Kings,Los Angeles,de Los Angeles,LAK,4.0,4.0,OT,3,OT,8477831.0,8477960.0,/video/cgy-lak-339127838,,,,,,,,,,,,,,,,,,,,,,,LAK
2022020533,20222023,2,2022-12-23,False,2022-12-24T00:00:00Z,-05:00,-05:00,US/Eastern,OFF,OK,6,Bruins,Boston,de Boston,BOS,4.0,1,Devils,New Jersey,du New Jersey,NJD,3.0,3.0,REG,3,REG,8476999.0,8478498.0,/video/bos-njd-339155244,,,,,,,,,,,,,,,,,,,,,,,BOS
2022020537,20222023,2,2022-12-23,False,2022-12-24T00:00:00Z,-05:00,-05:00,US/Eastern,OFF,OK,52,Jets,Winnipeg,de Winnipeg,WPG,1.0,15,Capitals,Washington,de Washington,WSH,4.0,3.0,REG,3,REG,8479292.0,8477947.0,/video/wpg-wsh-339157406,,,,,,,,,,,,,,,,,,,,,,,WSH
2022020535,20222023,2,2022-12-23,False,2022-12-24T00:00:00Z,-05:00,-05:00,US/Eastern,OFF,OK,4,Flyers,Philadelphia,de Philadelphie,PHI,5.0,12,Hurricanes,Carolina,de la Caroline,CAR,6.0,3.0,REG,3,REG,8477293.0,8480829.0,/video/phi-car-339157352,,,,,,,,,,,,,,,,,,,,,,,CAR
2022020538,20222023,2,2022-12-23,False,2022-12-24T00:30:00Z,-05:00,-05:00,America/New_York,OFF,OK,13,Panthers,Florida,de la Floride,FLA,1.0,2,Islanders,New York,de New York,NYI,5.0,3.0,REG,3,REG,8478009.0,8477506.0,/video/fla-nyi-339159516,,,,,,,,,,,,,,,,,,,,,,,NYI
2022020541,20222023,2,2022-12-23,False,2022-12-24T01:00:00Z,-05:00,-06:00,US/Central,OFF,OK,8,Canadiens,Montréal,de Montréal,MTL,2.0,25,Stars,Dallas,de Dallas,DAL,4.0,3.0,REG,3,REG,8479979.0,8482740.0,/video/mtl-dal-339163460,,,,,,,,,,,,,,,,,,,,,,,DAL
2022020539,20222023,2,2022-12-23,False,2022-12-24T01:00:00Z,-05:00,-06:00,US/Central,OFF,OK,21,Avalanche,Colorado,du Colorado,COL,3.0,18,Predators,Nashville,de Nashville,NSH,2.0,4.0,OT,3,OT,8480382.0,8479398.0,/video/col-nsh-339165066,,,,,,,,,,,,,,,,,,,,,,,COL
2022020540,20222023,2,2022-12-23,False,2022-12-24T01:30:00Z,-05:00,-06:00,America/Chicago,OFF,OK,29,Blue Jackets,Columbus,de Columbus,CBJ,2.0,16,Blackhawks,Chicago,de Chicago,CHI,5.0,3.0,REG,3,REG,8471774.0,8476960.0,/video/cbj-chi-339167146,,,,,,,,,,,,,,,,,,,,,,,CHI
2022020542,20222023,2,2022-12-23,False,2022-12-24T02:00:00Z,-05:00,-07:00,America/Edmonton,OFF,OK,23,Canucks,Vancouver,de Vancouver,VAN,5.0,22,Oilers,Edmonton,d'Edmonton,EDM,2.0,3.0,REG,3,REG,8480420.0,8477500.0,/video/van-edm-339169716,,,,,,,,,,,,,,,,,,,,,,,VAN
2022020543,20222023,2,2022-12-23,False,2022-12-24T02:30:00Z,-05:00,-07:00,America/Phoenix,OFF,OK,26,Kings,Los Angeles,de Los Angeles,LAK,1.0,53,Coyotes,Arizona,de l'Arizona,ARI,2.0,5.0,SO,3,SO,8478872.0,,/video/lak-ari-339172642,,,,,,,,,,,,,,,,,,,,,,,ARI
2022020545,20222023,2,2022-12-23,False,2022-12-24T03:00:00Z,-05:00,-08:00,US/Pacific,OFF,OK,19,Blues,St. Louis,de St. Louis,STL,4.0,54,Golden Knights,Vegas,de Vegas,VGK,5.0,5.0,SO,3,SO,8480313.0,,/video/stl-vgk-339174898,,,,,,,,,,,,,,,,,,,,,,,VGK
2022020544,20222023,2,2022-12-23,False,2022-12-24T03:30:00Z,-05:00,-08:00,America/Los_Angeles,OFF,OK,20,Flames,Calgary,de Calgary,CGY,3.0,24,Ducks,Anaheim,d'Anaheim,ANA,2.0,4.0,OT,3,OT,8474593.0,8478397.0,/video/cgy-ana-339177092,Markström,,,,,,,,,,,,,,,,,,,,,,CGY
2022020548,20222023,2,2022-12-27,False,2022-12-28T00:00:00Z,-05:00,-05:00,US/Eastern,OFF,OK,16,Blackhawks,Chicago,de Chicago,CHI,0.0,12,Hurricanes,Carolina,de la Caroline,CAR,3.0,3.0,REG,3,REG,8477293.0,8480039.0,/video/chi-car-339229866,,,,,,,,,,,,,,,,,,,,,,,CAR
2022020549,20222023,2,2022-12-27,False,2022-12-28T00:00:00Z,-05:00,-05:00,America/New_York,OFF,OK,15,Capitals,Washington,de Washington,WSH,4.0,3,Rangers,New York,de New York,NYR,0.0,3.0,REG,3,REG,8475311.0,8475149.0,/video/wsh-nyr-339231626,,,,,,,,,,,,,,,,,,,,,,,WSH
2022020546,20222023,2,2022-12-27,False,2022-12-28T00:00:00Z,-05:00,-05:00,US/Eastern,OFF,OK,6,Bruins,Boston,de Boston,BOS,2.0,9,Senators,Ottawa,d'Ottawa,OTT,3.0,5.0,SO,3,SO,8475660.0,,/video/bos-ott-339231356,,,Sénateurs,,,,,,,,,,,,,,,,,,,,OTT
2022020550,20222023,2,2022-12-27,False,2022-12-28T00:30:00Z,-05:00,-05:00,America/New_York,OFF,OK,5,Penguins,Pittsburgh,de Pittsburgh,PIT,1.0,2,Islanders,New York,de New York,NYI,5.0,3.0,REG,3,REG,8478009.0,8478445.0,/video/pit-nyi-339233250,,,,,,,,,,,,,,,,,,,,,,,NYI
2022020552,20222023,2,2022-12-27,False,2022-12-28T01:00:00Z,-05:00,-06:00,America/Winnipeg,OFF,OK,30,Wild,Minnesota,du Minnesota,MIN,4.0,52,Jets,Winnipeg,de Winnipeg,WPG,1.0,3.0,REG,3,REG,8479406.0,8475692.0,/video/min-wpg-339236704,,,,,,,,,,,,,,,,,,,,,,,MIN
2022020551,20222023,2,2022-12-27,False,2022-12-28T01:00:00Z,-05:00,-06:00,US/Central,OFF,OK,25,Stars,Dallas,de Dallas,DAL,3.0,18,Predators,Nashville,de Nashville,NSH,2.0,3.0,REG,3,REG,8479979.0,8478449.0,/video/dal-nsh-339238268,,,,,,,,,,,,,,,,,,,,,,,DAL
2022020553,20222023,2,2022-12-27,False,2022-12-28T01:00:00Z,-05:00,-06:00,US/Central,OFF,OK,10,Maple Leafs,Toronto,de Toronto,TOR,5.0,19,Blues,St. Louis,de St. Louis,STL,4.0,4.0,OT,3,OT,8478492.0,8477939.0,/video/tor-stl-339238694,,,,,,,,,,,,,,,,,,,,,,,TOR
2022020555,20222023,2,2022-12-27,False,2022-12-28T02:00:00Z,-05:00,-07:00,America/Edmonton,OFF,OK,22,Oilers,Edmonton,d'Edmonton,EDM,2.0,20,Flames,Calgary,de Calgary,CGY,1.0,3.0,REG,3,REG,8479973.0,8478402.0,/video/edm-cgy-339243716,,,,,,,,,,,,,,,,,,,,,,,EDM
2022020554,20222023,2,2022-12-27,False,2022-12-28T02:00:00Z,-05:00,-07:00,America/Phoenix,OFF,OK,21,Avalanche,Colorado,du Colorado,COL,3.0,53,Coyotes,Arizona,de l'Arizona,ARI,6.0,3.0,REG,3,REG,8478971.0,8482655.0,/video/col-ari-339243988,,,,,,,,,,,,,,,,,,,,,,,ARI
2022020556,20222023,2,2022-12-27,False,2022-12-28T03:00:00Z,-05:00,-08:00,America/Vancouver,OFF,OK,28,Sharks,San Jose,de San Jose,SJS,2.0,23,Canucks,Vancouver,de Vancouver,VAN,6.0,3.0,REG,3,REG,8477484.0,8481624.0,/video/sjs-van-339247730,,,,,,,,,,,,,,,,,,,,,,,VAN
2022020557,20222023,2,2022-12-27,False,2022-12-28T03:30:00Z,-05:00,-08:00,America/Los_Angeles,OFF,OK,54,Golden Knights,Vegas,de Vegas,VGK,2.0,26,Kings,Los Angeles,de Los Angeles,LAK,4.0,3.0,REG,3,REG,8477831.0,8480113.0,/video/vgk-lak-339249476,,,,,,,,,,,,,,,,,,,,,,,LAK
2022020559,20222023,2,2022-12-28,False,2022-12-29T00:00:00Z,-05:00,-05:00,US/Eastern,OFF,OK,8,Canadiens,Montréal,de Montréal,MTL,1.0,14,Lightning,Tampa Bay,de Tampa Bay,TBL,4.0,3.0,REG,3,REG,8476883.0,8478010.0,/video/mtl-tbl-339270458,,,,,,,,,,,,,,,,,,,,,,,TBL
2022020558,20222023,2,2022-12-28,False,2022-12-29T00:30:00Z,-05:00,-05:00,US/Eastern,OFF,OK,6,Bruins,Boston,de Boston,BOS,3.0,1,Devils,New Jersey,du New Jersey,NJD,1.0,3.0,REG,3,REG,8476999.0,8470638.0,/video/bos-njd-339272300,,,,,,,,,,,,,,,,,,,,,,,BOS
2022020560,20222023,2,2022-12-28,False,2022-12-29T00:30:00Z,-05:00,-05:00,US/Eastern,OFF,OK,17,Red Wings,Detroit,de Detroit,DET,5.0,5,Penguins,Pittsburgh,de Pittsburgh,PIT,4.0,4.0,OT,3,OT,8476433.0,8478013.0,/video/det-pit-339272034,,,,,,,,,,,,,,,,,,,,,,,DET
2022020562,20222023,2,2022-12-28,False,2022-12-29T03:00:00Z,-05:00,-08:00,America/Los_Angeles,OFF,OK,54,Golden Knights,Vegas,de Vegas,VGK,2.0,24,Ducks,Anaheim,d'Anaheim,ANA,3.0,5.0,SO,3,SO,8476434.0,,/video/vgk-ana-339280246,,,,,,,,,,,,,,,,,,,,,,,ANA
2022020561,20222023,2,2022-12-28,False,2022-12-29T03:00:00Z,-05:00,-08:00,US/Pacific,OFF,OK,20,Flames,Calgary,de Calgary,CGY,3.0,55,Kraken,Seattle,de Seattle,SEA,2.0,3.0,REG,3,REG,8478435.0,8476456.0,/video/cgy-sea-339279654,,,,,,,,,,,,,,,,,,,,,,,CGY
2022020563,20222023,2,2022-12-29,False,2022-12-30T00:00:00Z,-05:00,-05:00,America/New_York,OFF,OK,17,Red Wings,Detroit,de Detroit,DET,3.0,7,Sabres,Buffalo,de Buffalo,BUF,6.0,3.0,REG,3,REG,8480045.0,8473449.0,/video/det-buf-339308234,,,,,,,,,,,,,,,,,,,,,,,BUF
2022020565,20222023,2,2022-12-29,False,2022-12-30T00:00:00Z,-05:00,-05:00,US/Eastern,OFF,OK,3,Rangers,New York,de New York,NYR,1.0,14,Lightning,Tampa Bay,de Tampa Bay,TBL,2.0,5.0,SO,3,SO,8476883.0,,,,,,,,,,,,,,,,,,,,,,,,,TBL
2022020566,20222023,2,2022-12-29,False,2022-12-30T00:00:00Z,-05:00,-05:00,US/Eastern,OFF,OK,9,Senators,Ottawa,d'Ottawa,OTT,4.0,15,Capitals,Washington,de Washington,WSH,3.0,4.0,OT,3,OT,8475660.0,8479337.0,/video/ott-wsh-339309400,,Sénateurs,,,,,,,,,,,,,,,,,,,,,OTT
2022020564,20222023,2,2022-12-29,False,2022-12-30T00:00:00Z,-05:00,-05:00,US/Eastern,OFF,OK,8,Canadiens,Montréal,de Montréal,MTL,2.0,13,Panthers,Florida,de la Floride,FLA,7.0,3.0,REG,3,REG,8475683.0,8477493.0,/video/mtl-fla-339307546,,,,,,,,,,,,,,,,,,,,,,,FLA
2022020567,20222023,2,2022-12-29,False,2022-12-30T00:30:00Z,-05:00,-05:00,America/New_York,OFF,OK,29,Blue Jackets,Columbus,de Columbus,CBJ,1.0,2,Islanders,New York,de New York,NYI,2.0,3.0,REG,3,REG,8478009.0,8478445.0,/video/cbj-nyi-339312748,,,,,,,,,,,,,,,,,,,,,,,NYI
2022020570,20222023,2,2022-12-29,False,2022-12-30T01:00:00Z,-05:00,-06:00,America/Winnipeg,OFF,OK,23,Canucks,Vancouver,de Vancouver,VAN,2.0,52,Jets,Winnipeg,de Winnipeg,WPG,4.0,3.0,REG,3,REG,8476945.0,8476460.0,/video/van-wpg-339317686,,,,,,,,,,,,,,,,,,,,,,,WPG
2022020569,20222023,2,2022-12-29,False,2022-12-30T01:00:00Z,-05:00,-06:00,US/Central,OFF,OK,25,Stars,Dallas,de Dallas,DAL,4.0,30,Wild,Minnesota,du Minnesota,MIN,1.0,3.0,REG,3,REG,8479979.0,8482740.0,/video/dal-min-339319108,,,,,,,,,,,,,,,,,,,,,,,DAL
2022020568,20222023,2,2022-12-29,False,2022-12-30T01:00:00Z,-05:00,-06:00,US/Central,OFF,OK,16,Blackhawks,Chicago,de Chicago,CHI,1.0,19,Blues,St. Louis,de St. Louis,STL,3.0,3.0,REG,3,REG,8476412.0,8480157.0,/video/chi-stl-339315508,,,,,,,,,,,,,,,,,,,,,,,STL
2022020571,20222023,2,2022-12-29,False,2022-12-30T02:00:00Z,-05:00,-07:00,America/Denver,OFF,OK,26,Kings,Los Angeles,de Los Angeles,LAK,5.0,21,Avalanche,Colorado,du Colorado,COL,4.0,5.0,SO,3,SO,8477831.0,,/video/lak-col-339324374,,,,,,,,,,,,,,,,,,,,,,,LAK
2022020572,20222023,2,2022-12-29,False,2022-12-30T02:00:00Z,-05:00,-07:00,America/Phoenix,OFF,OK,10,Maple Leafs,Toronto,de Toronto,TOR,3.0,53,Coyotes,Arizona,de l'Arizona,ARI,6.0,3.0,REG,3,REG,8478872.0,8480855.0,/video/tor-ari-339323342,,,,,,,,,,,,,,,,,,,,,,,ARI
2022020573,20222023,2,2022-12-29,False,2022-12-30T03:30:00Z,-05:00,-08:00,US/Pacific,OFF,OK,4,Flyers,Philadelphia,de Philadelphie,PHI,4.0,28,Sharks,San Jose,de San Jose,SJS,3.0,4.0,OT,3,OT,8481035.0,8477950.0,/video/phi-sjs-339328078,,,,,,,,,,,,,,,,,,,,,,,PHI
2022020574,20222023,2,2022-12-30,False,2022-12-30T22:00:00Z,-05:00,-08:00,America/Los_Angeles,OFF,OK,18,Predators,Nashville,de Nashville,NSH,6.0,24,Ducks,Anaheim,d'Anaheim,ANA,1.0,3.0,REG,3,REG,8477424.0,8478508.0,/video/nsh-ana-339344096,,,,,,,,,,,,,,,,,,,,,,,NSH
2022020576,20222023,2,2022-12-30,False,2022-12-31T00:00:00Z,-05:00,-05:00,US/Eastern,OFF,OK,1,Devils,New Jersey,du New Jersey,NJD,4.0,5,Penguins,Pittsburgh,de Pittsburgh,PIT,2.0,3.0,REG,3,REG,8477970.0,8480002.0,/video/njd-pit-339348774,,,,,,,,,,,,,,,,,,,,,,,NJD
2022020575,20222023,2,2022-12-30,False,2022-12-31T00:30:00Z,-05:00,-05:00,US/Eastern,OFF,OK,13,Panthers,Florida,de la Floride,FLA,0.0,12,Hurricanes,Carolina,de la Caroline,CAR,4.0,3.0,REG,3,REG,8477293.0,8476474.0,/video/fla-car-339350050,,,,,,,,,,,,,,,,,,,,,,,CAR
2022020577,20222023,2,2022-12-30,False,2022-12-31T03:00:00Z,-05:00,-08:00,US/Pacific,OFF,OK,22,Oilers,Edmonton,d'Edmonton,EDM,7.0,55,Kraken,Seattle,de Seattle,SEA,2.0,3.0,REG,3,REG,8479973.0,8477498.0,/video/edm-sea-339356780,,,,,,,,,,,,,,,,,,,,,,,EDM
2022020583,20222023,2,2022-12-31,False,2022-12-31T18:00:00Z,-05:00,-05:00,US/Eastern,OFF,OK,16,Blackhawks,Chicago,de Chicago,CHI,1.0,29,Blue Jackets,Columbus,de Columbus,CBJ,4.0,3.0,REG,3,REG,8476914.0,8474679.0,/video/chi-cbj-339368512,,,,,,,,,,,,,,,,,,,,,,,CBJ
2022020578,20222023,2,2022-12-31,False,2022-12-31T18:00:00Z,-05:00,-05:00,US/Eastern,OFF,OK,7,Sabres,Buffalo,de Buffalo,BUF,4.0,6,Bruins,Boston,de Boston,BOS,3.0,4.0,OT,3,OT,8480045.0,8477949.0,/video/buf-bos-339368762,,,,,,,,,,,,,,,,,,,,,,,BUF
2022020579,20222023,2,2022-12-31,False,2022-12-31T20:00:00Z,-05:00,-08:00,US/Pacific,OFF,OK,18,Predators,Nashville,de Nashville,NSH,4.0,54,Golden Knights,Vegas,de Vegas,VGK,5.0,4.0,OT,3,OT,8480313.0,8479980.0,/video/nsh-vgk-339375950,,,,,,,,,,,,,,,,,,,,,,,VGK
2022020580,20222023,2,2022-12-31,False,2022-12-31T21:00:00Z,-05:00,-05:00,US/Eastern,OFF,OK,8,Canadiens,Montréal,de Montréal,MTL,2.0,15,Capitals,Washington,de Washington,WSH,9.0,3.0,REG,3,REG,8479292.0,8475343.0,/video/mtl-wsh-339380424,,,,,,,,,,,,,,,,,,,,,,,WSH
2022020581,20222023,2,2022-12-31,False,2022-12-31T21:00:00Z,-05:00,-08:00,America/Los_Angeles,OFF,OK,4,Flyers,Philadelphia,de Philadelphie,PHI,4.0,26,Kings,Los Angeles,de Los Angeles,LAK,2.0,3.0,REG,3,REG,8481035.0,8480220.0,/video/phi-lak-339379724,,,,,,,,,,,,,,,,,,,,,,,PHI
2022020582,20222023,2,2022-12-31,False,2022-12-31T22:00:00Z,-05:00,-05:00,US/Eastern,OFF,OK,53,Coyotes,Arizona,de l'Arizona,ARI,3.0,14,Lightning,Tampa Bay,de Tampa Bay,TBL,5.0,3.0,REG,3,REG,8476883.0,8473986.0,/video/ari-tbl-339385468,,,,,,,,,,,,,,,,,,,,,,,TBL
2022020589,20222023,2,2022-12-31,False,2022-12-31T23:00:00Z,-05:00,-06:00,US/Central,OFF,OK,30,Wild,Minnesota,du Minnesota,MIN,5.0,19,Blues,St. Louis,de St. Louis,STL,2.0,3.0,REG,3,REG,8470594.0,8477451.0,/video/min-stl-339389194,,,,,,,,,,,,,,,,,,,,,,,MIN
2022020584,20222023,2,2022-12-31,False,2023-01-01T00:00:00Z,-05:00,-05:00,America/Detroit,OFF,OK,9,Senators,Ottawa,d'Ottawa,OTT,2.0,17,Red Wings,Detroit,de Detroit,DET,4.0,3.0,REG,3,REG,8476433.0,8481725.0,/video/ott-det-339392734,,Sénateurs,,,,,,,,,,,,,,,,,,,,,DET
2022020585,20222023,2,2022-12-31,False,2023-01-01T00:00:00Z,-05:00,-07:00,America/Denver,OFF,OK,10,Maple Leafs,Toronto,de Toronto,TOR,6.0,21,Avalanche,Colorado,du Colorado,COL,2.0,3.0,REG,3,REG,8476899.0,8478047.0,/video/tor-col-339392248,,,,,,,,,,,,,,,,,,,,,,,TOR
2022020586,20222023,2,2022-12-31,False,2023-01-01T01:00:00Z,-05:00,-06:00,US/Central,OFF,OK,28,Sharks,San Jose,de San Jose,SJS,2.0,25,Stars,Dallas,de Dallas,DAL,5.0,3.0,REG,3,REG,8479979.0,8478028.0,/video/sjs-dal-339394972,,,,,,,,,,,,,,,,,,,,,,,DAL
2022020587,20222023,2,2022-12-31,False,2023-01-01T03:00:00Z,-05:00,-07:00,America/Edmonton,OFF,OK,23,Canucks,Vancouver,de Vancouver,VAN,2.0,20,Flames,Calgary,de Calgary,CGY,3.0,3.0,REG,3,REG,8474593.0,8477346.0,/video/van-cgy-339401226,Markström,,,,,,,,,,,,,,,,,,,,,,CGY
2022020588,20222023,2,2022-12-31,False,2023-01-01T03:00:00Z,-05:00,-07:00,America/Edmonton,OFF,OK,52,Jets,Winnipeg,de Winnipeg,WPG,2.0,22,Oilers,Edmonton,d'Edmonton,EDM,1.0,3.0,REG,3,REG,8476945.0,8478398.0,/video/wpg-edm-339401406,,,,,,,,,,,,,,,,,,,,,,,WPG
2022020590,20222023,2,2023-01-01,False,2023-01-01T20:00:00Z,-05:00,-05:00,US/Eastern,OFF,OK,12,Hurricanes,Carolina,de la Caroline,CAR,5.0,1,Devils,New Jersey,du New Jersey,NJD,4.0,5.0,SO,3,SO,8477293.0,,/video/car-njd-339419890,,,,,,,,,,,,,,,,,,,,,,,CAR
2022020591,20222023,2,2023-01-01,False,2023-01-01T22:00:00Z,-05:00,-05:00,US/Eastern,OFF,OK,3,Rangers,New York,de New York,NYR,5.0,13,Panthers,Florida,de la Floride,FLA,3.0,3.0,REG,3,REG,8470860.0,8476389.0,/video/nyr-fla-339424690,,,,,,,,,,,,,,,,,,,,,,,NYR
2022020593,20222023,2,2023-01-01,False,2023-01-02T00:00:00Z,-05:00,-06:00,America/Chicago,OFF,OK,28,Sharks,San Jose,de San Jose,SJS,5.0,16,Blackhawks,Chicago,de Chicago,CHI,2.0,3.0,REG,3,REG,8478039.0,8482222.0,/video/sjs-chi-339431886,Kähkönen,,,,,,,,,,,,,,,,,,,,,,SJS
2022020592,20222023,2,2023-01-01,False,2023-01-02T00:00:00Z,-05:00,-05:00,US/Eastern,OFF,OK,7,Sabres,Buffalo,de Buffalo,BUF,1.0,9,Senators,Ottawa,d'Ottawa,OTT,3.0,3.0,REG,3,REG,8476341.0,8481422.0,/video/buf-ott-339432210,,,Sénateurs,,,,,,,,,,,,,,,,,,,,OTT
2022020594,20222023,2,2023-01-01,False,2023-01-02T01:00:00Z,-05:00,-08:00,US/Pacific,OFF,OK,2,Islanders,New York,de New York,NYI,1.0,55,Kraken,Seattle,de Seattle,SEA,4.0,3.0,REG,3,REG,8474889.0,8480009.0,/video/nyi-sea-339434186,,,,,,,,,,,,,,,,,,,,,,,SEA
2022020595,20222023,2,2023-01-02,True,2023-01-02T19:00:00Z,-05:00,-05:00,America/New_York,OFF,OK,5,Penguins,Pittsburgh,de Pittsburgh,PIT,1.0,6,Bruins,Boston,de Boston,BOS,2.0,3.0,REG,3,REG,8476999.0,8478498.0,/video/pit-bos-339454694,,,,3.0,2023 Discover NHL Winter Classic,Classique d'hiver NHL,,,,,,,,,,,,,,,,,BOS
2022020596,20222023,2,2023-01-02,False,2023-01-03T02:00:00Z,-05:00,-07:00,America/Denver,OFF,OK,54,Golden Knights,Vegas,de Vegas,VGK,3.0,21,Avalanche,Colorado,du Colorado,COL,2.0,3.0,REG,3,REG,8480313.0,8478462.0,/video/vgk-col-339462236,,,,,,,,,,,,,,,,,,,,,,,VGK
2022020597,20222023,2,2023-01-02,False,2023-01-03T03:00:00Z,-05:00,-08:00,America/Los_Angeles,OFF,OK,4,Flyers,Philadelphia,de Philadelphie,PHI,4.0,24,Ducks,Anaheim,d'Anaheim,ANA,1.0,3.0,REG,3,REG,8481035.0,8480028.0,/video/phi-ana-339463886,,,,,,,,,,,,,,,,,,,,,,,PHI
2022020602,20222023,2,2023-01-03,False,2023-01-04T00:00:00Z,-05:00,-05:00,America/Toronto,OFF,OK,19,Blues,St. Louis,de St. Louis,STL,6.0,10,Maple Leafs,Toronto,de Toronto,TOR,5.0,5.0,SO,3,SO,8476412.0,,/video/stl-tor-339501644,,,,,,,,,,,,,,,,,,,,,,,STL
2022020599,20222023,2,2023-01-03,False,2023-01-04T00:00:00Z,-05:00,-05:00,US/Eastern,OFF,OK,7,Sabres,Buffalo,de Buffalo,BUF,5.0,15,Capitals,Washington,de Washington,WSH,4.0,4.0,OT,3,OT,8480045.0,8479420.0,/video/buf-wsh-339502186,,,,,,,,,,,,,,,,,,,,,,,BUF
2022020598,20222023,2,2023-01-03,False,2023-01-04T00:00:00Z,-05:00,-05:00,US/Eastern,OFF,OK,53,Coyotes,Arizona,de l'Arizona,ARI,3.0,13,Panthers,Florida,de la Floride,FLA,5.0,3.0,REG,3,REG,8481519.0,8470595.0,/video/ari-fla-339500930,,,,,,,,,,,,,,,,,,,,,,,FLA
2022020600,20222023,2,2023-01-03,False,2023-01-04T00:00:00Z,-05:00,-05:00,America/New_York,OFF,OK,12,Hurricanes,Carolina,de la Caroline,CAR,3.0,3,Rangers,New York,de New York,NYR,5.0,3.0,REG,3,REG,8478048.0,8480817.0,/video/car-nyr-339501198,,,,,,,,,,,,,,,,,,,,,,,NYR
2022020601,20222023,2,2023-01-03,False,2023-01-04T00:00:00Z,-05:00,-05:00,US/Eastern,OFF,OK,29,Blue Jackets,Columbus,de Columbus,CBJ,0.0,9,Senators,Ottawa,d'Ottawa,OTT,4.0,3.0,REG,3,REG,8476341.0,8473544.0,/video/cbj-ott-339500860,,,Sénateurs,,,,,,,,,,,,,,,,,,,,OTT
2022020603,20222023,2,2023-01-03,False,2023-01-04T01:00:00Z,-05:00,-06:00,America/Winnipeg,OFF,OK,20,Flames,Calgary,de Calgary,CGY,2.0,52,Jets,Winnipeg,de Winnipeg,WPG,3.0,3.0,REG,3,REG,8476945.0,8474040.0,/video/cgy-wpg-339508674,,,,,,,,,,,,,,,,,,,,,,,WPG
2022020604,20222023,2,2023-01-03,False,2023-01-04T01:00:00Z,-05:00,-06:00,US/Central,OFF,OK,8,Canadiens,Montréal,de Montréal,MTL,3.0,18,Predators,Nashville,de Nashville,NSH,6.0,3.0,REG,3,REG,8477424.0,8478438.0,/video/mtl-nsh-339508880,,,,,,,,,,,,,,,,,,,,,,,NSH
2022020605,20222023,2,2023-01-03,False,2023-01-04T01:30:00Z,-05:00,-06:00,America/Chicago,OFF,OK,14,Lightning,Tampa Bay,de Tampa Bay,TBL,4.0,16,Blackhawks,Chicago,de Chicago,CHI,1.0,3.0,REG,3,REG,8470880.0,8473986.0,/video/tbl-chi-339513424,,,,,,,,,,,,,,,,,,,,,,,TBL
2022020606,20222023,2,2023-01-03,False,2023-01-04T02:00:00Z,-05:00,-07:00,America/Edmonton,OFF,OK,55,Kraken,Seattle,de Seattle,SEA,5.0,22,Oilers,Edmonton,d'Edmonton,EDM,2.0,3.0,REG,3,REG,8474889.0,8476826.0,/video/sea-edm-339517004,,,,,,,,,,,,,,,,,,,,,,,SEA
2022020607,20222023,2,2023-01-03,False,2023-01-04T03:00:00Z,-05:00,-08:00,America/Vancouver,OFF,OK,2,Islanders,New York,de New York,NYI,6.0,23,Canucks,Vancouver,de Vancouver,VAN,2.0,3.0,REG,3,REG,8478009.0,8478445.0,/video/nyi-van-339519358,,,,,,,,,,,,,,,,,,,,,,,NYI
2022020608,20222023,2,2023-01-03,False,2023-01-04T03:00:00Z,-05:00,-08:00,America/Los_Angeles,OFF,OK,25,Stars,Dallas,de Dallas,DAL,2.0,26,Kings,Los Angeles,de Los Angeles,LAK,3.0,3.0,REG,3,REG,8477831.0,8477960.0,/video/dal-lak-339520782,,,,,,,,,,,,,,,,,,,,,,,LAK
2022020609,20222023,2,2023-01-04,False,2023-01-05T00:00:00Z,-05:00,-05:00,America/Detroit,OFF,OK,1,Devils,New Jersey,du New Jersey,NJD,5.0,17,Red Wings,Detroit,de Detroit,DET,1.0,3.0,REG,3,REG,8477970.0,8480002.0,/video/njd-det-339540164,,,,,,,,,,,,,,,,,,,,,,,NJD
2022020610,20222023,2,2023-01-04,False,2023-01-05T02:30:00Z,-05:00,-06:00,US/Central,OFF,OK,14,Lightning,Tampa Bay,de Tampa Bay,TBL,1.0,30,Wild,Minnesota,du Minnesota,MIN,5.0,3.0,REG,3,REG,8479406.0,8478864.0,/video/tbl-min-339545736,,,,,,,,,,,,,,,,,,,,,,,MIN
2022020611,20222023,2,2023-01-04,False,2023-01-05T03:00:00Z,-05:00,-08:00,America/Los_Angeles,OFF,OK,25,Stars,Dallas,de Dallas,DAL,0.0,24,Ducks,Anaheim,d'Anaheim,ANA,2.0,3.0,REG,3,REG,8476434.0,8474641.0,/video/dal-ana-339546344,,,,,,,,,,,,,,,,,,,,,,,ANA
2022020615,20222023,2,2023-01-05,False,2023-01-06T00:00:00Z,-05:00,-05:00,America/Toronto,OFF,OK,55,Kraken,Seattle,de Seattle,SEA,5.0,10,Maple Leafs,Toronto,de Toronto,TOR,1.0,3.0,REG,3,REG,8474889.0,8478407.0,/video/sea-tor-339582726,,,,,,,,,,,,,,,,,,,,,,,SEA
2022020614,20222023,2,2023-01-05,False,2023-01-06T00:00:00Z,-05:00,-05:00,US/Eastern,OFF,OK,18,Predators,Nashville,de Nashville,NSH,5.0,12,Hurricanes,Carolina,de la Caroline,CAR,3.0,3.0,REG,3,REG,8477424.0,8476873.0,/video/nsh-car-339584408,,,,,,,,,,,,,,,,,,,,,,,NSH
2022020616,20222023,2,2023-01-05,False,2023-01-06T00:00:00Z,-05:00,-05:00,US/Eastern,OFF,OK,19,Blues,St. Louis,de St. Louis,STL,5.0,1,Devils,New Jersey,du New Jersey,NJD,3.0,3.0,REG,3,REG,8476412.0,8480023.0,/video/stl-njd-339582070,,,,,,,,,,,,,,,,,,,,,,,STL
2022020617,20222023,2,2023-01-05,False,2023-01-06T00:00:00Z,-05:00,-05:00,US/Eastern,OFF,OK,15,Capitals,Washington,de Washington,WSH,6.0,29,Blue Jackets,Columbus,de Columbus,CBJ,2.0,3.0,REG,3,REG,8475311.0,8480796.0,/video/wsh-cbj-339585088,,,,,,,,,,,,,,,,,,,,,,,WSH
2022020613,20222023,2,2023-01-05,False,2023-01-06T00:00:00Z,-05:00,-05:00,America/Montreal,OFF,OK,3,Rangers,New York,de New York,NYR,4.0,8,Canadiens,Montréal,de Montréal,MTL,1.0,3.0,REG,3,REG,8470860.0,8482073.0,/video/nyr-mtl-339584136,,,,,,,,,,,,,,,,,,,,,,,NYR
2022020612,20222023,2,2023-01-05,False,2023-01-06T00:00:00Z,-05:00,-05:00,US/Eastern,OFF,OK,53,Coyotes,Arizona,de l'Arizona,ARI,2.0,4,Flyers,Philadelphia,de Philadelphie,PHI,6.0,3.0,REG,3,REG,8479394.0,8479322.0,/video/ari-phi-339582390,,,,,,,,,,,,,,,,,,,,,,,PHI
2022020618,20222023,2,2023-01-05,False,2023-01-06T02:00:00Z,-05:00,-07:00,America/Edmonton,OFF,OK,2,Islanders,New York,de New York,NYI,2.0,22,Oilers,Edmonton,d'Edmonton,EDM,4.0,3.0,REG,3,REG,8475789.0,8482077.0,,,,,,,,,,,,,,,,,,,,,,,,EDM
2022020619,20222023,2,2023-01-05,False,2023-01-06T03:00:00Z,-05:00,-08:00,America/Vancouver,OFF,OK,21,Avalanche,Colorado,du Colorado,COL,2.0,23,Canucks,Vancouver,de Vancouver,VAN,4.0,3.0,REG,3,REG,8480420.0,8478444.0,/video/col-van-339600000,,,,,,,,,,,,,,,,,,,,,,,VAN
2022020620,20222023,2,2023-01-05,False,2023-01-06T03:00:00Z,-05:00,-08:00,US/Pacific,OFF,OK,5,Penguins,Pittsburgh,de Pittsburgh,PIT,2.0,54,Golden Knights,Vegas,de Vegas,VGK,5.0,3.0,REG,3,REG,8478499.0,8476905.0,/video/pit-vgk-339599052,,,,,,,,,,,,,,,,,,,,,,,VGK
2022020621,20222023,2,2023-01-05,False,2023-01-06T03:30:00Z,-05:00,-08:00,America/Los_Angeles,OFF,OK,6,Bruins,Boston,de Boston,BOS,5.0,26,Kings,Los Angeles,de Los Angeles,LAK,2.0,3.0,REG,3,REG,8480280.0,8479365.0,/video/bos-lak-339600816,,,,,,,,,,,,,,,,,,,,,,,BOS
2022020623,20222023,2,2023-01-06,False,2023-01-07T00:00:00Z,-05:00,-05:00,America/Detroit,OFF,OK,13,Panthers,Florida,de la Floride,FLA,3.0,17,Red Wings,Detroit,de Detroit,DET,2.0,3.0,REG,3,REG,8475683.0,8477932.0,/video/fla-det-339629554,,,,,,,,,,,,,,,,,,,,,,,FLA
2022020622,20222023,2,2023-01-06,False,2023-01-07T00:00:00Z,-05:00,-05:00,US/Eastern,OFF,OK,18,Predators,Nashville,de Nashville,NSH,3.0,15,Capitals,Washington,de Washington,WSH,2.0,3.0,REG,3,REG,8480947.0,8474151.0,/video/nsh-wsh-339630378,,,,,,,,,,,,,,,,,,,,,,,NSH
2022020624,20222023,2,2023-01-06,False,2023-01-07T01:00:00Z,-05:00,-06:00,America/Winnipeg,OFF,OK,14,Lightning,Tampa Bay,de Tampa Bay,TBL,2.0,52,Jets,Winnipeg,de Winnipeg,WPG,4.0,3.0,REG,3,REG,8476945.0,8478398.0,/video/tbl-wpg-339633996,,,,,,,,,,,,,,,,,,,,,,,WPG
2022020625,20222023,2,2023-01-06,False,2023-01-07T01:30:00Z,-05:00,-06:00,America/Chicago,OFF,OK,53,Coyotes,Arizona,de l'Arizona,ARI,0.0,16,Blackhawks,Chicago,de Chicago,CHI,2.0,3.0,REG,3,REG,8471774.0,8476931.0,/video/ari-chi-339635228,,,,,,,,,,,,,,,,,,,,,,,CHI
2022020626,20222023,2,2023-01-06,False,2023-01-07T02:00:00Z,-05:00,-07:00,America/Edmonton,OFF,OK,2,Islanders,New York,de New York,NYI,1.0,20,Flames,Calgary,de Calgary,CGY,4.0,3.0,REG,3,REG,8474593.0,8476399.0,/video/nyi-cgy-339637892,Markström,,,,,,,,,,,,,,,,,,,,,,CGY
2022020627,20222023,2,2023-01-06,False,2023-01-07T03:00:00Z,-05:00,-08:00,America/Los_Angeles,OFF,OK,28,Sharks,San Jose,de San Jose,SJS,4.0,24,Ducks,Anaheim,d'Anaheim,ANA,5.0,4.0,OT,3,OT,8476932.0,8475906.0,/video/sjs-ana-339641962,,,,,,,,,,,,,,,,,,,,,,,ANA
2022020628,20222023,2,2023-01-07,False,2023-01-07T18:00:00Z,-05:00,-05:00,US/Eastern,OFF,OK,3,Rangers,New York,de New York,NYR,3.0,1,Devils,New Jersey,du New Jersey,NJD,4.0,4.0,OT,3,OT,8477970.0,8476923.0,/video/nyr-njd-339653178,,,,,,,,,,,,,,,,,,,,,,,NJD
2022020629,20222023,2,2023-01-07,False,2023-01-07T21:00:00Z,-05:00,-05:00,US/Eastern,OFF,OK,12,Hurricanes,Carolina,de la Caroline,CAR,3.0,29,Blue Jackets,Columbus,de Columbus,CBJ,4.0,5.0,SO,3,SO,8476914.0,,/video/car-cbj-339658334,,,,,,,,,,,,,,,,,,,,,,,CBJ
2022020632,20222023,2,2023-01-07,False,2023-01-08T00:00:00Z,-05:00,-05:00,US/Eastern,OFF,OK,55,Kraken,Seattle,de Seattle,SEA,8.0,9,Senators,Ottawa,d'Ottawa,OTT,4.0,3.0,REG,3,REG,8474889.0,8482665.0,/video/sea-ott-339670336,,,Sénateurs,,,,,,,,,,,,,,,,,,,,SEA
2022020630,20222023,2,2023-01-07,False,2023-01-08T00:00:00Z,-05:00,-05:00,America/Toronto,OFF,OK,17,Red Wings,Detroit,de Detroit,DET,1.0,10,Maple Leafs,Toronto,de Toronto,TOR,4.0,3.0,REG,3,REG,8478492.0,8475166.0,/video/det-tor-339669734,,,,,,,,,,,,,,,,,,,,,,,TOR
2022020631,20222023,2,2023-01-07,False,2023-01-08T00:00:00Z,-05:00,-05:00,America/New_York,OFF,OK,30,Wild,Minnesota,du Minnesota,MIN,5.0,7,Sabres,Buffalo,de Buffalo,BUF,6.0,4.0,OT,3,OT,8480045.0,8478109.0,/video/min-buf-339669468,,,,,,,,,,,,,,,,,,,,,,,BUF
2022020633,20222023,2,2023-01-07,False,2023-01-08T00:00:00Z,-05:00,-05:00,America/Montreal,OFF,OK,19,Blues,St. Louis,de St. Louis,STL,4.0,8,Canadiens,Montréal,de Montréal,MTL,5.0,3.0,REG,3,REG,8474596.0,8476981.0,/video/stl-mtl-339668512,,,,,,,,,,,,,,,,,,,,,,,MTL
2022020634,20222023,2,2023-01-07,False,2023-01-08T03:00:00Z,-05:00,-07:00,America/Edmonton,OFF,OK,21,Avalanche,Colorado,du Colorado,COL,3.0,22,Oilers,Edmonton,d'Edmonton,EDM,2.0,4.0,OT,3,OT,8480382.0,8480069.0,,,,,,,,,,,,,,,,,,,,,,,,COL
2022020635,20222023,2,2023-01-07,False,2023-01-08T03:00:00Z,-05:00,-08:00,US/Pacific,OFF,OK,26,Kings,Los Angeles,de Los Angeles,LAK,5.0,54,Golden Knights,Vegas,de Vegas,VGK,1.0,3.0,REG,3,REG,8477831.0,8478911.0,/video/lak-vgk-339680016,,,,,,,,,,,,,,,,,,,,,,,LAK
2022020636,20222023,2,2023-01-07,False,2023-01-08T03:30:00Z,-05:00,-08:00,US/Pacific,OFF,OK,6,Bruins,Boston,de Boston,BOS,4.0,28,Sharks,San Jose,de San Jose,SJS,2.0,3.0,REG,3,REG,8476999.0,8477956.0,/video/bos-sjs-339682114,,,,,,,,,,,,,,,,,,,,,,,BOS
2022020638,20222023,2,2023-01-08,False,2023-01-08T20:00:00Z,-05:00,-06:00,America/Winnipeg,OFF,OK,23,Canucks,Vancouver,de Vancouver,VAN,4.0,52,Jets,Winnipeg,de Winnipeg,WPG,7.0,3.0,REG,3,REG,8479496.0,8479536.0,/video/van-wpg-339699560,,,,,,,,,,,,,,,,,,,,,,,WPG
2022020637,20222023,2,2023-01-08,False,2023-01-08T20:30:00Z,-05:00,-06:00,US/Central,OFF,OK,13,Panthers,Florida,de la Floride,FLA,1.0,25,Stars,Dallas,de Dallas,DAL,5.0,3.0,REG,3,REG,8479979.0,8480878.0,/video/fla-dal-339700518,,,,,,,,,,,,,,,,,,,,,,,DAL
2022020639,20222023,2,2023-01-08,False,2023-01-08T22:00:00Z,-05:00,-05:00,US/Eastern,OFF,OK,29,Blue Jackets,Columbus,de Columbus,CBJ,0.0,15,Capitals,Washington,de Washington,WSH,1.0,3.0,REG,3,REG,8475311.0,8476979.0,/video/cbj-wsh-339704428,,,,,,,,,,,,,,,,,,,,,,,WSH
2022020640,20222023,2,2023-01-08,False,2023-01-09T00:00:00Z,-05:00,-06:00,America/Chicago,OFF,OK,20,Flames,Calgary,de Calgary,CGY,3.0,16,Blackhawks,Chicago,de Chicago,CHI,4.0,4.0,OT,3,OT,8471774.0,8477503.0,/video/cgy-chi-339714014,,,,,,,,,,,,,,,,,,,,,,,CHI
2022020643,20222023,2,2023-01-08,False,2023-01-09T00:00:00Z,-05:00,-05:00,US/Eastern,OFF,OK,10,Maple Leafs,Toronto,de Toronto,TOR,6.0,4,Flyers,Philadelphia,de Philadelphie,PHI,2.0,3.0,REG,3,REG,8476899.0,8479982.0,/video/tor-phi-339713422,,,,,,,,,,,,,,,,,,,,,,,TOR
2022020642,20222023,2,2023-01-08,False,2023-01-09T00:00:00Z,-05:00,-06:00,US/Central,OFF,OK,19,Blues,St. Louis,de St. Louis,STL,3.0,30,Wild,Minnesota,du Minnesota,MIN,0.0,3.0,REG,3,REG,8471306.0,8476438.0,/video/stl-min-339712574,,,,,,,,,,,,,,,,,,,,,,,STL
2022020641,20222023,2,2023-01-08,False,2023-01-09T00:00:00Z,-05:00,-07:00,America/Phoenix,OFF,OK,5,Penguins,Pittsburgh,de Pittsburgh,PIT,4.0,53,Coyotes,Arizona,de l'Arizona,ARI,1.0,3.0,REG,3,REG,8479193.0,8477404.0,/video/pit-ari-339712382,,,,,,,,,,,,,,,,,,,,,,,PIT
2022020644,20222023,2,2023-01-08,False,2023-01-09T01:30:00Z,-05:00,-08:00,America/Los_Angeles,OFF,OK,6,Bruins,Boston,de Boston,BOS,7.0,24,Ducks,Anaheim,d'Anaheim,ANA,1.0,3.0,REG,3,REG,8480280.0,8471276.0,/video/bos-ana-339720330,,,,,,,,,,,,,,,,,,,,,,,BOS
2022020990,20222023,2,2023-01-09,False,2023-01-10T00:00:00Z,-05:00,-05:00,America/New_York,OFF,OK,4,Flyers,Philadelphia,de Philadelphie,PHI,4.0,7,Sabres,Buffalo,de Buffalo,BUF,0.0,3.0,REG,3,REG,8481035.0,8479772.0,/video/phi-buf-339744438,,,,,,,,,,,,,,,,,,,,,,,PHI
2022020646,20222023,2,2023-01-09,False,2023-01-10T00:30:00Z,-05:00,-05:00,America/Montreal,OFF,OK,55,Kraken,Seattle,de Seattle,SEA,4.0,8,Canadiens,Montréal,de Montréal,MTL,0.0,3.0,REG,3,REG,8474889.0,8480009.0,/video/sea-mtl-339746216,,,,,,,,,,,,,,,,,,,,,,,SEA
2022020645,20222023,2,2023-01-09,False,2023-01-10T00:30:00Z,-05:00,-05:00,US/Eastern,OFF,OK,18,Predators,Nashville,de Nashville,NSH,3.0,9,Senators,Ottawa,d'Ottawa,OTT,0.0,3.0,REG,3,REG,8477424.0,8474600.0,/video/nsh-ott-339747080,,,Sénateurs,,,,,,,,,,,,,,,,,,,,NSH
2022020647,20222023,2,2023-01-09,False,2023-01-10T03:30:00Z,-05:00,-08:00,America/Los_Angeles,OFF,OK,22,Oilers,Edmonton,d'Edmonton,EDM,3.0,26,Kings,Los Angeles,de Los Angeles,LAK,6.0,3.0,REG,3,REG,8477831.0,8477960.0,/video/edm-lak-339752334,,,,,,,,,,,,,,,,,,,,,,,LAK
2022020648,20222023,2,2023-01-10,False,2023-01-11T00:00:00Z,-05:00,-05:00,US/Eastern,OFF,OK,29,Blue Jackets,Columbus,de Columbus,CBJ,3.0,14,Lightning,Tampa Bay,de Tampa Bay,TBL,6.0,3.0,REG,3,REG,8476883.0,8476453.0,/video/cbj-tbl-339784686,,,,,,,,,,,,,,,,,,,,,,,TBL
2022020654,20222023,2,2023-01-10,False,2023-01-11T00:00:00Z,-05:00,-05:00,America/Detroit,OFF,OK,52,Jets,Winnipeg,de Winnipeg,WPG,5.0,17,Red Wings,Detroit,de Detroit,DET,7.0,3.0,REG,3,REG,8478024.0,8477952.0,,,,,,,,,,,,,,,,,,,,,,,,DET
2022020651,20222023,2,2023-01-10,False,2023-01-11T00:00:00Z,-05:00,-05:00,America/New_York,OFF,OK,55,Kraken,Seattle,de Seattle,SEA,4.0,7,Sabres,Buffalo,de Buffalo,BUF,3.0,3.0,REG,3,REG,8475831.0,8474602.0,/video/sea-buf-339785460,,,,,,,,,,,,,,,,,,,,,,,SEA
2022020652,20222023,2,2023-01-10,False,2023-01-11T00:00:00Z,-05:00,-05:00,US/Eastern,OFF,OK,23,Canucks,Vancouver,de Vancouver,VAN,4.0,5,Penguins,Pittsburgh,de Pittsburgh,PIT,5.0,3.0,REG,3,REG,8474682.0,8476483.0,/video/van-pit-339785502,,,,,,,,,,,,,,,,,,,,,,,PIT
2022020649,20222023,2,2023-01-10,False,2023-01-11T00:00:00Z,-05:00,-05:00,America/New_York,OFF,OK,30,Wild,Minnesota,du Minnesota,MIN,3.0,3,Rangers,New York,de New York,NYR,4.0,5.0,SO,3,SO,8478048.0,,/video/min-nyr-339789610,,,,,,,,,,,,,,,,,,,,,,,NYR
2022020650,20222023,2,2023-01-10,False,2023-01-11T00:00:00Z,-05:00,-05:00,US/Eastern,OFF,OK,1,Devils,New Jersey,du New Jersey,NJD,5.0,12,Hurricanes,Carolina,de la Caroline,CAR,3.0,3.0,REG,3,REG,8477970.0,8482110.0,/video/njd-car-339788292,,,,,,,,,,,,,,,,,,,,,,,NJD
2022020653,20222023,2,2023-01-10,False,2023-01-11T00:30:00Z,-05:00,-05:00,America/New_York,OFF,OK,25,Stars,Dallas,de Dallas,DAL,2.0,2,Islanders,New York,de New York,NYI,1.0,5.0,SO,3,SO,8479979.0,,/video/dal-nyi-339792044,,,,,,,,,,,,,,,,,,,,,,,DAL
2022020655,20222023,2,2023-01-10,False,2023-01-11T01:00:00Z,-05:00,-06:00,US/Central,OFF,OK,20,Flames,Calgary,de Calgary,CGY,3.0,19,Blues,St. Louis,de St. Louis,STL,4.0,4.0,OT,3,OT,8476412.0,8480023.0,/video/cgy-stl-339792470,,,,,,,,,,,,,,,,,,,,,,,STL
2022020657,20222023,2,2023-01-10,False,2023-01-11T02:00:00Z,-05:00,-07:00,America/Phoenix,OFF,OK,28,Sharks,San Jose,de San Jose,SJS,4.0,53,Coyotes,Arizona,de l'Arizona,ARI,2.0,3.0,REG,3,REG,8478039.0,8476442.0,/video/sjs-ari-339796088,Kähkönen,,,,,,,,,,,,,,,,,,,,,,SJS
2022020656,20222023,2,2023-01-10,False,2023-01-11T02:30:00Z,-05:00,-07:00,America/Denver,OFF,OK,13,Panthers,Florida,de la Floride,FLA,5.0,21,Avalanche,Colorado,du Colorado,COL,4.0,3.0,REG,3,REG,8475683.0,8479314.0,/video/fla-col-339797916,,,,,,,,,,,,,,,,,,,,,,,FLA
2022020659,20222023,2,2023-01-11,False,2023-01-12T00:00:00Z,-05:00,-05:00,US/Eastern,OFF,OK,15,Capitals,Washington,de Washington,WSH,3.0,4,Flyers,Philadelphia,de Philadelphie,PHI,5.0,3.0,REG,3,REG,8479394.0,8478439.0,/video/wsh-phi-339820738,,,,,,,,,,,,,,,,,,,,,,,PHI
2022020658,20222023,2,2023-01-11,False,2023-01-12T00:30:00Z,-05:00,-05:00,America/Toronto,OFF,OK,18,Predators,Nashville,de Nashville,NSH,1.0,10,Maple Leafs,Toronto,de Toronto,TOR,2.0,3.0,REG,3,REG,8476899.0,8478483.0,/video/nsh-tor-339821904,,,,,,,,,,,,,,,,,,,,,,,TOR
2022020661,20222023,2,2023-01-11,False,2023-01-12T03:00:00Z,-05:00,-08:00,America/Los_Angeles,OFF,OK,28,Sharks,San Jose,de San Jose,SJS,3.0,26,Kings,Los Angeles,de Los Angeles,LAK,4.0,3.0,REG,3,REG,8477831.0,8474563.0,/video/sjs-lak-339830906,,,,,,,,,,,,,,,,,,,,,,,LAK
2022020660,20222023,2,2023-01-11,False,2023-01-12T03:00:00Z,-05:00,-08:00,America/Los_Angeles,OFF,OK,22,Oilers,Edmonton,d'Edmonton,EDM,6.0,24,Ducks,Anaheim,d'Anaheim,ANA,2.0,3.0,REG,3,REG,8475789.0,8478402.0,/video/edm-ana-339829884,,,,,,,,,,,,,,,,,,,,,,,EDM
2022020668,20222023,2,2023-01-12,False,2023-01-13T00:00:00Z,-05:00,-05:00,America/New_York,OFF,OK,52,Jets,Winnipeg,de Winnipeg,WPG,4.0,7,Sabres,Buffalo,de Buffalo,BUF,2.0,3.0,REG,3,REG,8476945.0,8478398.0,/video/wpg-buf-339875144,,,,,,,,,,,,,,,,,,,,,,,WPG
2022020667,20222023,2,2023-01-12,False,2023-01-13T00:00:00Z,-05:00,-05:00,US/Eastern,OFF,OK,23,Canucks,Vancouver,de Vancouver,VAN,4.0,14,Lightning,Tampa Bay,de Tampa Bay,TBL,5.0,3.0,REG,3,REG,8476883.0,8474564.0,/video/van-tbl-339876900,,,,,,,,,,,,,,,,,,,,,,,TBL
2022020663,20222023,2,2023-01-12,False,2023-01-13T00:00:00Z,-05:00,-05:00,America/New_York,OFF,OK,25,Stars,Dallas,de Dallas,DAL,1.0,3,Rangers,New York,de New York,NYR,2.0,4.0,OT,3,OT,8478048.0,8479323.0,/video/dal-nyr-339874022,,,,,,,,,,,,,,,,,,,,,,,NYR
2022020662,20222023,2,2023-01-12,False,2023-01-13T00:00:00Z,-05:00,-05:00,US/Eastern,OFF,OK,12,Hurricanes,Carolina,de la Caroline,CAR,6.0,29,Blue Jackets,Columbus,de Columbus,CBJ,2.0,3.0,REG,3,REG,8475883.0,8478970.0,/video/car-cbj-339875476,,,,,,,,,,,,,,,,,,,,,,,CAR
2022020666,20222023,2,2023-01-12,False,2023-01-13T00:00:00Z,-05:00,-05:00,America/Detroit,OFF,OK,10,Maple Leafs,Toronto,de Toronto,TOR,1.0,17,Red Wings,Detroit,de Detroit,DET,4.0,3.0,REG,3,REG,8478024.0,8477952.0,/video/tor-det-339873592,,,,,,,,,,,,,,,,,,,,,,,DET
2022020665,20222023,2,2023-01-12,False,2023-01-13T00:00:00Z,-05:00,-05:00,US/Eastern,OFF,OK,55,Kraken,Seattle,de Seattle,SEA,3.0,6,Bruins,Boston,de Boston,BOS,0.0,3.0,REG,3,REG,8474889.0,8479293.0,/video/sea-bos-339871370,,,,,,,,,,,,,,,,,,,,,,,SEA
2022020664,20222023,2,2023-01-12,False,2023-01-13T00:00:00Z,-05:00,-05:00,America/Montreal,OFF,OK,18,Predators,Nashville,de Nashville,NSH,3.0,8,Canadiens,Montréal,de Montréal,MTL,4.0,3.0,REG,3,REG,8478470.0,8481540.0,/video/nsh-mtl-339875760,,,,,,,,,,,,,,,,,,,,,,,MTL
2022020669,20222023,2,2023-01-12,False,2023-01-13T00:30:00Z,-05:00,-05:00,America/New_York,OFF,OK,30,Wild,Minnesota,du Minnesota,MIN,3.0,2,Islanders,New York,de New York,NYI,1.0,3.0,REG,3,REG,8479406.0,8479351.0,/video/min-nyi-339881286,,,,,,,,,,,,,,,,,,,,,,,MIN
2022020670,20222023,2,2023-01-12,False,2023-01-13T01:00:00Z,-05:00,-06:00,US/Central,OFF,OK,20,Flames,Calgary,de Calgary,CGY,4.0,19,Blues,St. Louis,de St. Louis,STL,1.0,3.0,REG,3,REG,8478435.0,8479346.0,/video/cgy-stl-339882536,,,,,,,,,,,,,,,,,,,,,,,CGY
2022020671,20222023,2,2023-01-12,False,2023-01-13T01:30:00Z,-05:00,-06:00,America/Chicago,OFF,OK,21,Avalanche,Colorado,du Colorado,COL,2.0,16,Blackhawks,Chicago,de Chicago,CHI,3.0,3.0,REG,3,REG,8475852.0,8479390.0,/video/col-chi-339886532,,,,,,,,,,,,,,,,,,,,,,,CHI
2022020672,20222023,2,2023-01-12,False,2023-01-13T02:00:00Z,-05:00,-07:00,America/Phoenix,OFF,OK,9,Senators,Ottawa,d'Ottawa,OTT,5.0,53,Coyotes,Arizona,de l'Arizona,ARI,3.0,3.0,REG,3,REG,8476341.0,8480355.0,/video/ott-ari-339889014,,Sénateurs,,,,,,,,,,,,,,,,,,,,,OTT
2022020673,20222023,2,2023-01-12,False,2023-01-13T03:00:00Z,-05:00,-08:00,US/Pacific,OFF,OK,13,Panthers,Florida,de la Floride,FLA,2.0,54,Golden Knights,Vegas,de Vegas,VGK,4.0,3.0,REG,3,REG,8478499.0,8477478.0,/video/fla-vgk-339892554,,,,,,,,,,,,,,,,,,,,,,,VGK
2022020674,20222023,2,2023-01-13,False,2023-01-14T00:00:00Z,-05:00,-05:00,US/Eastern,OFF,OK,52,Jets,Winnipeg,de Winnipeg,WPG,4.0,5,Penguins,Pittsburgh,de Pittsburgh,PIT,1.0,3.0,REG,3,REG,8479496.0,8476460.0,/video/wpg-pit-339919460,,,,,,,,,,,,,,,,,,,,,,,WPG
2022020675,20222023,2,2023-01-13,False,2023-01-14T03:00:00Z,-05:00,-08:00,America/Los_Angeles,OFF,OK,1,Devils,New Jersey,du New Jersey,NJD,6.0,24,Ducks,Anaheim,d'Anaheim,ANA,2.0,3.0,REG,3,REG,8477970.0,8481559.0,/video/njd-ana-339927352,,,,,,,,,,,,,,,,,,,,,,,NJD
2022020676,20222023,2,2023-01-13,False,2023-01-14T03:30:00Z,-05:00,-08:00,US/Pacific,OFF,OK,22,Oilers,Edmonton,d'Edmonton,EDM,7.0,28,Sharks,San Jose,de San Jose,SJS,1.0,3.0,REG,3,REG,8475789.0,8480011.0,/video/edm-sjs-339928872,,,,,,,,,,,,,,,,,,,,,,,EDM
2022020677,20222023,2,2023-01-14,False,2023-01-14T19:00:00Z,-05:00,-06:00,US/Central,OFF,OK,20,Flames,Calgary,de Calgary,CGY,6.0,25,Stars,Dallas,de Dallas,DAL,5.0,3.0,REG,3,REG,8478435.0,8475690.0,/video/cgy-dal-339943666,,,,,,,,,,,,,,,,,,,,,,,CGY
2022020682,20222023,2,2023-01-14,False,2023-01-15T00:00:00Z,-05:00,-05:00,US/Eastern,OFF,OK,5,Penguins,Pittsburgh,de Pittsburgh,PIT,1.0,12,Hurricanes,Carolina,de la Caroline,CAR,2.0,3.0,REG,3,REG,8475883.0,8478970.0,/video/pit-car-339961860,,,,,,,,,,,,,,,,,,,,,,,CAR
2022020684,20222023,2,2023-01-14,False,2023-01-15T00:00:00Z,-05:00,-05:00,US/Eastern,OFF,OK,23,Canucks,Vancouver,de Vancouver,VAN,3.0,13,Panthers,Florida,de la Floride,FLA,4.0,3.0,REG,3,REG,8475683.0,8477493.0,/video/van-fla-339962988,,,,,,,,,,,,,,,,,,,,,,,FLA
2022020680,20222023,2,2023-01-14,False,2023-01-15T00:00:00Z,-05:00,-07:00,America/Denver,OFF,OK,9,Senators,Ottawa,d'Ottawa,OTT,0.0,21,Avalanche,Colorado,du Colorado,COL,7.0,3.0,REG,3,REG,8480925.0,8478420.0,/video/ott-col-339964000,,Sénateurs,,,,,,,,,,,,,,,,,,,,,COL
2022020679,20222023,2,2023-01-14,False,2023-01-15T00:00:00Z,-05:00,-05:00,America/New_York,OFF,OK,8,Canadiens,Montréal,de Montréal,MTL,1.0,2,Islanders,New York,de New York,NYI,2.0,3.0,REG,3,REG,8478009.0,8478463.0,/video/mtl-nyi-339961530,,,,,,,,,,,,,,,,,,,,,,,NYI
2022020683,20222023,2,2023-01-14,False,2023-01-15T00:00:00Z,-05:00,-05:00,US/Eastern,OFF,OK,10,Maple Leafs,Toronto,de Toronto,TOR,3.0,6,Bruins,Boston,de Boston,BOS,4.0,3.0,REG,3,REG,8476999.0,8476891.0,/video/tor-bos-339964794,,,,,,,,,,,,,,,,,,,,,,,BOS
2022020678,20222023,2,2023-01-14,False,2023-01-15T00:00:00Z,-05:00,-05:00,America/Detroit,OFF,OK,29,Blue Jackets,Columbus,de Columbus,CBJ,4.0,17,Red Wings,Detroit,de Detroit,DET,3.0,3.0,REG,3,REG,8478007.0,8479339.0,/video/cbj-det-339960882,,,,,,,,,,,,,,,,,,,,,,,CBJ
2022020681,20222023,2,2023-01-14,False,2023-01-15T00:00:00Z,-05:00,-05:00,US/Eastern,OFF,OK,4,Flyers,Philadelphia,de Philadelphie,PHI,3.0,15,Capitals,Washington,de Washington,WSH,1.0,3.0,REG,3,REG,8479394.0,8474037.0,/video/phi-wsh-339959852,,,,,,,,,,,,,,,,,,,,,,,PHI
2022020687,20222023,2,2023-01-14,False,2023-01-15T01:00:00Z,-05:00,-06:00,America/Chicago,OFF,OK,55,Kraken,Seattle,de Seattle,SEA,8.0,16,Blackhawks,Chicago,de Chicago,CHI,5.0,3.0,REG,3,REG,8474889.0,8477955.0,/video/sea-chi-339972974,,,,,,,,,,,,,,,,,,,,,,,SEA
2022020686,20222023,2,2023-01-14,False,2023-01-15T01:00:00Z,-05:00,-06:00,US/Central,OFF,OK,7,Sabres,Buffalo,de Buffalo,BUF,5.0,18,Predators,Nashville,de Nashville,NSH,3.0,3.0,REG,3,REG,8480045.0,8473449.0,/video/buf-nsh-339971324,,,,,,,,,,,,,,,,,,,,,,,BUF
2022020685,20222023,2,2023-01-14,False,2023-01-15T01:00:00Z,-05:00,-06:00,US/Central,OFF,OK,53,Coyotes,Arizona,de l'Arizona,ARI,1.0,30,Wild,Minnesota,du Minnesota,MIN,2.0,3.0,REG,3,REG,8470594.0,8477919.0,/video/ari-min-339974630,,,,,,,,,,,,,,,,,,,,,,,MIN
2022020688,20222023,2,2023-01-14,False,2023-01-15T01:00:00Z,-05:00,-06:00,US/Central,OFF,OK,14,Lightning,Tampa Bay,de Tampa Bay,TBL,4.0,19,Blues,St. Louis,de St. Louis,STL,2.0,3.0,REG,3,REG,8476883.0,8480246.0,/video/tbl-stl-339970814,,,,,,,,,,,,,,,,,,,,,,,TBL
2022020689,20222023,2,2023-01-14,False,2023-01-15T03:00:00Z,-05:00,-08:00,US/Pacific,OFF,OK,22,Oilers,Edmonton,d'Edmonton,EDM,4.0,54,Golden Knights,Vegas,de Vegas,VGK,3.0,3.0,REG,3,REG,8475789.0,8480011.0,/video/edm-vgk-339980884,,,,,,,,,,,,,,,,,,,,,,,EDM
2022020690,20222023,2,2023-01-14,False,2023-01-15T03:30:00Z,-05:00,-08:00,America/Los_Angeles,OFF,OK,1,Devils,New Jersey,du New Jersey,NJD,5.0,26,Kings,Los Angeles,de Los Angeles,LAK,2.0,3.0,REG,3,REG,8478406.0,8481537.0,/video/njd-lak-339983650,,,,,,,,,,,,,,,,,,,,,,,NJD
2022020691,20222023,2,2023-01-15,False,2023-01-15T22:00:00Z,-05:00,-05:00,America/New_York,OFF,OK,8,Canadiens,Montréal,de Montréal,MTL,2.0,3,Rangers,New York,de New York,NYR,1.0,3.0,REG,3,REG,8478470.0,8481540.0,,,,,,,,,,,,,,,,,,,,,,,,MTL
2022020692,20222023,2,2023-01-15,False,2023-01-15T22:00:00Z,-05:00,-05:00,US/Eastern,OFF,OK,23,Canucks,Vancouver,de Vancouver,VAN,4.0,12,Hurricanes,Carolina,de la Caroline,CAR,3.0,5.0,SO,3,SO,8480420.0,,/video/van-car-339996982,,,,,,,,,,,,,,,,,,,,,,,VAN
2022020693,20222023,2,2023-01-15,False,2023-01-16T00:00:00Z,-05:00,-06:00,America/Winnipeg,OFF,OK,53,Coyotes,Arizona,de l'Arizona,ARI,1.0,52,Jets,Winnipeg,de Winnipeg,WPG,2.0,3.0,REG,3,REG,8476945.0,8471218.0,/video/ari-wpg-340000452,,,,,,,,,,,,,,,,,,,,,,,WPG
2022020695,20222023,2,2023-01-16,False,2023-01-16T18:00:00Z,-05:00,-05:00,US/Eastern,OFF,OK,4,Flyers,Philadelphia,de Philadelphie,PHI,0.0,6,Bruins,Boston,de Boston,BOS,6.0,3.0,REG,3,REG,8480280.0,8477956.0,,,,,,,,,,,,,,,,,,,,,,,,BOS
2022020694,20222023,2,2023-01-16,False,2023-01-16T18:00:00Z,-05:00,-05:00,America/New_York,OFF,OK,13,Panthers,Florida,de la Floride,FLA,4.0,7,Sabres,Buffalo,de Buffalo,BUF,1.0,3.0,REG,3,REG,8475683.0,8477935.0,/video/fla-buf-340022896,,,,,,,,,,,,,,,,,,,,,,,FLA
2022020696,20222023,2,2023-01-16,False,2023-01-16T20:00:00Z,-05:00,-07:00,America/Denver,OFF,OK,17,Red Wings,Detroit,de Detroit,DET,3.0,21,Avalanche,Colorado,du Colorado,COL,6.0,3.0,REG,3,REG,8480925.0,8477456.0,/video/det-col-340032262,,,,,,,,,,,,,,,,,,,,,,,COL
2022020698,20222023,2,2023-01-16,False,2023-01-16T21:00:00Z,-05:00,-08:00,US/Pacific,OFF,OK,14,Lightning,Tampa Bay,de Tampa Bay,TBL,4.0,55,Kraken,Seattle,de Seattle,SEA,1.0,3.0,REG,3,REG,8476883.0,8477426.0,/video/tbl-sea-340036156,,,,,,,,,,,,,,,,,,,,,,,TBL
2022020697,20222023,2,2023-01-16,False,2023-01-16T21:00:00Z,-05:00,-08:00,US/Pacific,OFF,OK,1,Devils,New Jersey,du New Jersey,NJD,4.0,28,Sharks,San Jose,de San Jose,SJS,3.0,5.0,SO,3,SO,8477970.0,,,,,,,,,,,,,,,,,,,,,,,,,NJD
2022020699,20222023,2,2023-01-16,False,2023-01-16T23:00:00Z,-05:00,-08:00,US/Pacific,OFF,OK,25,Stars,Dallas,de Dallas,DAL,4.0,54,Golden Knights,Vegas,de Vegas,VGK,0.0,3.0,REG,3,REG,8479979.0,8473994.0,/video/dal-vgk-340042456,,,,,,,,,,,,,,,,,,,,,,,DAL
2022020700,20222023,2,2023-01-16,False,2023-01-17T00:00:00Z,-05:00,-05:00,US/Eastern,OFF,OK,24,Ducks,Anaheim,d'Anaheim,ANA,3.0,5,Penguins,Pittsburgh,de Pittsburgh,PIT,4.0,4.0,OT,3,OT,8479193.0,8477404.0,/video/ana-pit-340046606,,,,,,,,,,,,,,,,,,,,,,,PIT
2022020701,20222023,2,2023-01-16,False,2023-01-17T00:00:00Z,-05:00,-05:00,US/Eastern,OFF,OK,3,Rangers,New York,de New York,NYR,3.0,29,Blue Jackets,Columbus,de Columbus,CBJ,1.0,3.0,REG,3,REG,8470860.0,8476624.0,/video/nyr-cbj-340046738,,,,,,,,,,,,,,,,,,,,,,,NYR
2022020702,20222023,2,2023-01-16,False,2023-01-17T00:30:00Z,-05:00,-05:00,America/New_York,OFF,OK,15,Capitals,Washington,de Washington,WSH,4.0,2,Islanders,New York,de New York,NYI,3.0,4.0,OT,3,OT,8475311.0,8475200.0,/video/wsh-nyi-340049392,,,,,,,,,,,,,,,,,,,,,,,WSH
2022020703,20222023,2,2023-01-16,False,2023-01-17T01:00:00Z,-05:00,-06:00,US/Central,OFF,OK,20,Flames,Calgary,de Calgary,CGY,1.0,18,Predators,Nashville,de Nashville,NSH,2.0,3.0,REG,3,REG,8477424.0,8481704.0,/video/cgy-nsh-340050722,,,,,,,,,,,,,,,,,,,,,,,NSH
2022020704,20222023,2,2023-01-16,False,2023-01-17T01:00:00Z,-05:00,-06:00,US/Central,OFF,OK,9,Senators,Ottawa,d'Ottawa,OTT,1.0,19,Blues,St. Louis,de St. Louis,STL,2.0,3.0,REG,3,REG,8476412.0,8478569.0,/video/ott-stl-340050420,,Sénateurs,,,,,,,,,,,,,,,,,,,,,STL
2022020705,20222023,2,2023-01-17,False,2023-01-18T00:00:00Z,-05:00,-05:00,US/Eastern,OFF,OK,24,Ducks,Anaheim,d'Anaheim,ANA,2.0,4,Flyers,Philadelphia,de Philadelphie,PHI,5.0,3.0,REG,3,REG,8481035.0,8480028.0,/video/ana-phi-340089790,,,,,,,,,,,,,,,,,,,,,,,PHI
2022020707,20222023,2,2023-01-17,False,2023-01-18T00:00:00Z,-05:00,-05:00,US/Eastern,OFF,OK,30,Wild,Minnesota,du Minnesota,MIN,4.0,15,Capitals,Washington,de Washington,WSH,2.0,3.0,REG,3,REG,8479406.0,8474716.0,/video/min-wsh-340088890,,,,,,,,,,,,,,,,,,,,,,,MIN
2022020706,20222023,2,2023-01-17,False,2023-01-18T00:00:00Z,-05:00,-05:00,America/Toronto,OFF,OK,13,Panthers,Florida,de la Floride,FLA,4.0,10,Maple Leafs,Toronto,de Toronto,TOR,5.0,4.0,OT,3,OT,8478492.0,8477939.0,/video/fla-tor-340091000,,,,,,,,,,,,,,,,,,,,,,,TOR
2022020708,20222023,2,2023-01-17,False,2023-01-18T00:00:00Z,-05:00,-05:00,America/Montreal,OFF,OK,52,Jets,Winnipeg,de Winnipeg,WPG,1.0,8,Canadiens,Montréal,de Montréal,MTL,4.0,3.0,REG,3,REG,8478470.0,8474884.0,/video/wpg-mtl-340089758,,,,,,,,,,,,,,,,,,,,,,,MTL
2022020338,20222023,2,2023-01-17,False,2023-01-18T01:00:00Z,-05:00,-06:00,US/Central,OFF,OK,29,Blue Jackets,Columbus,de Columbus,CBJ,1.0,18,Predators,Nashville,de Nashville,NSH,2.0,3.0,REG,3,REG,8480947.0,8478508.0,/video/cbj-nsh-340095630,,,,,,,,,,,,,,,,,,,,,,,NSH
2022020709,20222023,2,2023-01-17,False,2023-01-18T01:30:00Z,-05:00,-06:00,America/Chicago,OFF,OK,7,Sabres,Buffalo,de Buffalo,BUF,3.0,16,Blackhawks,Chicago,de Chicago,CHI,4.0,4.0,OT,3,OT,8475852.0,8477495.0,/video/buf-chi-340102096,,,,,,,,,,,,,,,,,,,,,,,CHI
2022020711,20222023,2,2023-01-17,False,2023-01-18T02:00:00Z,-05:00,-07:00,America/Edmonton,OFF,OK,55,Kraken,Seattle,de Seattle,SEA,2.0,22,Oilers,Edmonton,d'Edmonton,EDM,5.0,3.0,REG,3,REG,8475789.0,8477998.0,/video/sea-edm-340103672,,,,,,,,,,,,,,,,,,,,,,,EDM
2022020710,20222023,2,2023-01-17,False,2023-01-18T02:00:00Z,-05:00,-07:00,America/Phoenix,OFF,OK,17,Red Wings,Detroit,de Detroit,DET,3.0,53,Coyotes,Arizona,de l'Arizona,ARI,4.0,5.0,SO,3,SO,8478971.0,,/video/det-ari-340105668,,,,,,,,,,,,,,,,,,,,,,,ARI
2022020712,20222023,2,2023-01-18,False,2023-01-19T00:00:00Z,-05:00,-05:00,US/Eastern,OFF,OK,5,Penguins,Pittsburgh,de Pittsburgh,PIT,4.0,9,Senators,Ottawa,d'Ottawa,OTT,5.0,4.0,OT,3,OT,8475660.0,8480801.0,/video/pit-ott-340129754,,,Sénateurs,,,,,,,,,,,,,,,,,,,,OTT
2022020713,20222023,2,2023-01-18,False,2023-01-19T00:30:00Z,-05:00,-05:00,America/New_York,OFF,OK,6,Bruins,Boston,de Boston,BOS,4.0,2,Islanders,New York,de New York,NYI,1.0,3.0,REG,3,REG,8476999.0,8475762.0,/video/bos-nyi-340130614,,,,,,,,,,,,,,,,,,,,,,,BOS
2022020714,20222023,2,2023-01-18,False,2023-01-19T02:30:00Z,-05:00,-07:00,America/Edmonton,OFF,OK,21,Avalanche,Colorado,du Colorado,COL,4.0,20,Flames,Calgary,de Calgary,CGY,1.0,3.0,REG,3,REG,8480382.0,8477476.0,/video/col-cgy-340137418,,,,,,,,,,,,,,,,,,,,,,,COL
2022020716,20222023,2,2023-01-18,False,2023-01-19T03:00:00Z,-05:00,-08:00,US/Pacific,OFF,OK,25,Stars,Dallas,de Dallas,DAL,3.0,28,Sharks,San Jose,de San Jose,SJS,5.0,3.0,REG,3,REG,8473503.0,8474578.0,/video/dal-sjs-340140406,,,,,,,,,,,,,,,,,,,,,,,SJS
2022020715,20222023,2,2023-01-18,False,2023-01-19T03:00:00Z,-05:00,-08:00,America/Vancouver,OFF,OK,14,Lightning,Tampa Bay,de Tampa Bay,TBL,5.0,23,Canucks,Vancouver,de Vancouver,VAN,2.0,3.0,REG,3,REG,8470880.0,8478010.0,/video/tbl-van-340139216,,,,,,,,,,,,,,,,,,,,,,,TBL
2022020717,20222023,2,2023-01-19,False,2023-01-20T00:00:00Z,-05:00,-05:00,US/Eastern,OFF,OK,24,Ducks,Anaheim,d'Anaheim,ANA,5.0,29,Blue Jackets,Columbus,de Columbus,CBJ,3.0,3.0,REG,3,REG,8476434.0,8481533.0,/video/ana-cbj-340185336,,,,,,,,,,,,,,,,,,,,,,,ANA
2022020723,20222023,2,2023-01-19,False,2023-01-20T00:00:00Z,-05:00,-05:00,America/Toronto,OFF,OK,52,Jets,Winnipeg,de Winnipeg,WPG,1.0,10,Maple Leafs,Toronto,de Toronto,TOR,4.0,3.0,REG,3,REG,8478492.0,8479318.0,/video/wpg-tor-340183608,,,,,,,,,,,,,,,,,,,,,,,TOR
2022020719,20222023,2,2023-01-19,False,2023-01-20T00:00:00Z,-05:00,-05:00,US/Eastern,OFF,OK,16,Blackhawks,Chicago,de Chicago,CHI,4.0,4,Flyers,Philadelphia,de Philadelphie,PHI,1.0,3.0,REG,3,REG,8475852.0,8481147.0,/video/chi-phi-340184392,,,,,,,,,,,,,,,,,,,,,,,CHI
2022020718,20222023,2,2023-01-19,False,2023-01-20T00:00:00Z,-05:00,-05:00,America/New_York,OFF,OK,6,Bruins,Boston,de Boston,BOS,3.0,3,Rangers,New York,de New York,NYR,1.0,3.0,REG,3,REG,8480280.0,8470638.0,/video/bos-nyr-340183518,,,,,,,,,,,,,,,,,,,,,,,BOS
2022020720,20222023,2,2023-01-19,False,2023-01-20T00:00:00Z,-05:00,-05:00,America/Montreal,OFF,OK,13,Panthers,Florida,de la Floride,FLA,6.0,8,Canadiens,Montréal,de Montréal,MTL,2.0,3.0,REG,3,REG,8479312.0,8479314.0,/video/fla-mtl-340186342,,,,,,,,,,,,,,,,,,,,,,,FLA
2022020721,20222023,2,2023-01-19,False,2023-01-20T00:00:00Z,-05:00,-05:00,US/Eastern,OFF,OK,30,Wild,Minnesota,du Minnesota,MIN,2.0,12,Hurricanes,Carolina,de la Caroline,CAR,5.0,3.0,REG,3,REG,8475883.0,8476882.0,/video/min-car-340185004,,,,,,,,,,,,,,,,,,,,,,,CAR
2022020722,20222023,2,2023-01-19,False,2023-01-20T00:30:00Z,-05:00,-05:00,America/New_York,OFF,OK,2,Islanders,New York,de New York,NYI,2.0,7,Sabres,Buffalo,de Buffalo,BUF,3.0,4.0,OT,3,OT,8480045.0,8481528.0,/video/nyi-buf-340189278,,,,,,,,,,,,,,,,,,,,,,,BUF
2022020724,20222023,2,2023-01-19,False,2023-01-20T01:00:00Z,-05:00,-06:00,US/Central,OFF,OK,18,Predators,Nashville,de Nashville,NSH,2.0,19,Blues,St. Louis,de St. Louis,STL,5.0,3.0,REG,3,REG,8476412.0,8479385.0,/video/nsh-stl-340193312,,,,,,,,,,,,,,,,,,,,,,,STL
2022020726,20222023,2,2023-01-19,False,2023-01-20T02:00:00Z,-05:00,-07:00,America/Phoenix,OFF,OK,15,Capitals,Washington,de Washington,WSH,4.0,53,Coyotes,Arizona,de l'Arizona,ARI,0.0,3.0,REG,3,REG,8475311.0,8478440.0,/video/wsh-ari-340201088,,,,,,,,,,,,,,,,,,,,,,,WSH
2022020725,20222023,2,2023-01-19,False,2023-01-20T02:00:00Z,-05:00,-07:00,America/Edmonton,OFF,OK,14,Lightning,Tampa Bay,de Tampa Bay,TBL,3.0,22,Oilers,Edmonton,d'Edmonton,EDM,5.0,3.0,REG,3,REG,8475789.0,8478402.0,/video/tbl-edm-340202074,,,,,,,,,,,,,,,,,,,,,,,EDM
2022020727,20222023,2,2023-01-19,False,2023-01-20T03:00:00Z,-05:00,-08:00,US/Pacific,OFF,OK,17,Red Wings,Detroit,de Detroit,DET,3.0,54,Golden Knights,Vegas,de Vegas,VGK,2.0,3.0,REG,3,REG,8478024.0,8480813.0,/video/det-vgk-340205884,,,,,,,,,,,,,,,,,,,,,,,DET
2022020728,20222023,2,2023-01-19,False,2023-01-20T03:00:00Z,-05:00,-08:00,US/Pacific,OFF,OK,1,Devils,New Jersey,du New Jersey,NJD,3.0,55,Kraken,Seattle,de Seattle,SEA,4.0,4.0,OT,3,OT,8474889.0,8477444.0,/video/njd-sea-340206376,,,,,,,,,,,,,,,,,,,,,,,SEA
2022020729,20222023,2,2023-01-19,False,2023-01-20T03:30:00Z,-05:00,-08:00,America/Los_Angeles,OFF,OK,25,Stars,Dallas,de Dallas,DAL,4.0,26,Kings,Los Angeles,de Los Angeles,LAK,0.0,3.0,REG,3,REG,8475809.0,8475794.0,/video/dal-lak-340207262,,,,,,,,,,,,,,,,,,,,,,,DAL
2022020730,20222023,2,2023-01-20,False,2023-01-21T00:00:00Z,-05:00,-05:00,US/Eastern,OFF,OK,9,Senators,Ottawa,d'Ottawa,OTT,1.0,5,Penguins,Pittsburgh,de Pittsburgh,PIT,4.0,3.0,REG,3,REG,8477465.0,8475722.0,/video/ott-pit-340230164,,Sénateurs,,,,,,,,,,,,,,,,,,,,,PIT
2022020731,20222023,2,2023-01-20,False,2023-01-21T03:00:00Z,-05:00,-08:00,America/Vancouver,OFF,OK,21,Avalanche,Colorado,du Colorado,COL,4.0,23,Canucks,Vancouver,de Vancouver,VAN,1.0,3.0,REG,3,REG,8480382.0,8477501.0,/video/col-van-340234424,,,,,,,,,,,,,,,,,,,,,,,COL
2022020732,20222023,2,2023-01-21,False,2023-01-21T17:30:00Z,-05:00,-05:00,America/New_York,OFF,OK,24,Ducks,Anaheim,d'Anaheim,ANA,3.0,7,Sabres,Buffalo,de Buffalo,BUF,6.0,3.0,REG,3,REG,8480045.0,8478109.0,/video/ana-buf-340247012,,,,,,,,,,,,,,,,,,,,,,,BUF
2022020733,20222023,2,2023-01-21,False,2023-01-21T20:00:00Z,-05:00,-07:00,America/Edmonton,OFF,OK,14,Lightning,Tampa Bay,de Tampa Bay,TBL,3.0,20,Flames,Calgary,de Calgary,CGY,6.0,3.0,REG,3,REG,8478435.0,8479346.0,/video/tbl-cgy-340251758,,,,,,,,,,,,,,,,,,,,,,,CGY
2022020734,20222023,2,2023-01-21,False,2023-01-21T23:00:00Z,-05:00,-05:00,US/Eastern,OFF,OK,30,Wild,Minnesota,du Minnesota,MIN,3.0,13,Panthers,Florida,de la Floride,FLA,5.0,3.0,REG,3,REG,8479312.0,8478055.0,/video/min-fla-340263202,,,,,,,,,,,,,,,,,,,,,,,FLA
2022020736,20222023,2,2023-01-21,False,2023-01-22T00:00:00Z,-05:00,-05:00,US/Eastern,OFF,OK,28,Sharks,San Jose,de San Jose,SJS,3.0,29,Blue Jackets,Columbus,de Columbus,CBJ,5.0,3.0,REG,3,REG,8476914.0,8474679.0,/video/sjs-cbj-340269182,,,,,,,,,,,,,,,,,,,,,,,CBJ
2022020737,20222023,2,2023-01-21,False,2023-01-22T00:00:00Z,-05:00,-05:00,America/Montreal,OFF,OK,10,Maple Leafs,Toronto,de Toronto,TOR,2.0,8,Canadiens,Montréal,de Montréal,MTL,3.0,4.0,OT,3,OT,8478470.0,8479514.0,/video/tor-mtl-340270676,,,,,,,,,,,,,,,,,,,,,,,MTL
2022020738,20222023,2,2023-01-21,False,2023-01-22T00:00:00Z,-05:00,-05:00,US/Eastern,OFF,OK,52,Jets,Winnipeg,de Winnipeg,WPG,5.0,9,Senators,Ottawa,d'Ottawa,OTT,1.0,3.0,REG,3,REG,8476945.0,8476460.0,/video/wpg-ott-340269366,,,Sénateurs,,,,,,,,,,,,,,,,,,,,WPG
2022020735,20222023,2,2023-01-21,False,2023-01-22T00:00:00Z,-05:00,-05:00,America/Detroit,OFF,OK,4,Flyers,Philadelphia,de Philadelphie,PHI,2.0,17,Red Wings,Detroit,de Detroit,DET,1.0,3.0,REG,3,REG,8479394.0,8480220.0,/video/phi-det-340270020,,,,,,,,,,,,,,,,,,,,,,,PHI
2022020739,20222023,2,2023-01-21,False,2023-01-22T00:30:00Z,-05:00,-05:00,America/New_York,OFF,OK,12,Hurricanes,Carolina,de la Caroline,CAR,5.0,2,Islanders,New York,de New York,NYI,2.0,3.0,REG,3,REG,8475883.0,8478427.0,/video/car-nyi-340274038,,,,,,,,,,,,,,,,,,,,,,,CAR
2022020741,20222023,2,2023-01-21,False,2023-01-22T01:00:00Z,-05:00,-06:00,US/Central,OFF,OK,16,Blackhawks,Chicago,de Chicago,CHI,5.0,19,Blues,St. Louis,de St. Louis,STL,3.0,3.0,REG,3,REG,8483530.0,8476960.0,/video/chi-stl-340276202,,,,,,,,,,,,,,,,,,,,,,,CHI
2022020742,20222023,2,2023-01-21,False,2023-01-22T01:00:00Z,-05:00,-06:00,US/Central,OFF,OK,26,Kings,Los Angeles,de Los Angeles,LAK,3.0,18,Predators,Nashville,de Nashville,NSH,5.0,3.0,REG,3,REG,8477424.0,8475168.0,/video/lak-nsh-340277408,,,,,,,,,,,,,,,,,,,,,,,NSH
2022020740,20222023,2,2023-01-21,False,2023-01-22T01:00:00Z,-05:00,-06:00,US/Central,OFF,OK,53,Coyotes,Arizona,de l'Arizona,ARI,0.0,25,Stars,Dallas,de Dallas,DAL,4.0,3.0,REG,3,REG,8479979.0,8476889.0,/video/ari-dal-340276274,,,,,,,,,,,,,,,,,,,,,,,DAL
2022020743,20222023,2,2023-01-21,False,2023-01-22T03:00:00Z,-05:00,-08:00,US/Pacific,OFF,OK,21,Avalanche,Colorado,du Colorado,COL,2.0,55,Kraken,Seattle,de Seattle,SEA,1.0,5.0,SO,3,SO,8480925.0,,/video/col-sea-340286712,,,,,,,,,,,,,,,,,,,,,,,COL
2022020744,20222023,2,2023-01-21,False,2023-01-22T03:00:00Z,-05:00,-08:00,America/Vancouver,OFF,OK,22,Oilers,Edmonton,d'Edmonton,EDM,4.0,23,Canucks,Vancouver,de Vancouver,VAN,2.0,3.0,REG,3,REG,8479973.0,8477934.0,/video/edm-van-340285870,,,,,,,,,,,,,,,,,,,,,,,EDM
2022020745,20222023,2,2023-01-21,False,2023-01-22T03:00:00Z,-05:00,-08:00,US/Pacific,OFF,OK,15,Capitals,Washington,de Washington,WSH,2.0,54,Golden Knights,Vegas,de Vegas,VGK,6.0,3.0,REG,3,REG,8480313.0,8478020.0,/video/wsh-vgk-340285244,,,,,,,,,,,,,,,,,,,,,,,VGK
2022020746,20222023,2,2023-01-22,False,2023-01-22T19:00:00Z,-05:00,-05:00,US/Eastern,OFF,OK,5,Penguins,Pittsburgh,de Pittsburgh,PIT,1.0,1,Devils,New Jersey,du New Jersey,NJD,2.0,4.0,OT,3,OT,8477970.0,8476462.0,/video/pit-njd-340297358,,,,,,,,,,,,,,,,,,,,,,,NJD
2022020748,20222023,2,2023-01-22,False,2023-01-23T00:00:00Z,-05:00,-05:00,US/Eastern,OFF,OK,28,Sharks,San Jose,de San Jose,SJS,0.0,6,Bruins,Boston,de Boston,BOS,4.0,3.0,REG,3,REG,8476999.0,8476854.0,,,,,,,,,,,,,,,,,,,,,,,,BOS
2022020747,20222023,2,2023-01-22,False,2023-01-23T00:00:00Z,-05:00,-06:00,America/Chicago,OFF,OK,26,Kings,Los Angeles,de Los Angeles,LAK,2.0,16,Blackhawks,Chicago,de Chicago,CHI,1.0,3.0,REG,3,REG,8477831.0,8479994.0,/video/lak-chi-340304486,,,,,,,,,,,,,,,,,,,,,,,LAK
2022020749,20222023,2,2023-01-22,False,2023-01-23T00:00:00Z,-05:00,-05:00,US/Eastern,OFF,OK,52,Jets,Winnipeg,de Winnipeg,WPG,5.0,4,Flyers,Philadelphia,de Philadelphie,PHI,3.0,3.0,REG,3,REG,8479496.0,8480901.0,/video/wpg-phi-340305380,,,,,,,,,,,,,,,,,,,,,,,WPG
2022020750,20222023,2,2023-01-22,False,2023-01-23T01:00:00Z,-05:00,-07:00,America/Phoenix,OFF,OK,54,Golden Knights,Vegas,de Vegas,VGK,1.0,53,Coyotes,Arizona,de l'Arizona,ARI,4.0,3.0,REG,3,REG,8478872.0,8479343.0,/video/vgk-ari-340309722,,,,,,,,,,,,,,,,,,,,,,,ARI
2022020752,20222023,2,2023-01-23,False,2023-01-24T00:00:00Z,-05:00,-05:00,America/Toronto,OFF,OK,2,Islanders,New York,de New York,NYI,2.0,10,Maple Leafs,Toronto,de Toronto,TOR,5.0,3.0,REG,3,REG,8478492.0,8475714.0,/video/nyi-tor-340336606,,,,,,,,,,,,,,,,,,,,,,,TOR
2022020751,20222023,2,2023-01-23,False,2023-01-24T00:00:00Z,-05:00,-05:00,America/New_York,OFF,OK,13,Panthers,Florida,de la Floride,FLA,2.0,3,Rangers,New York,de New York,NYR,6.0,3.0,REG,3,REG,8478048.0,8476918.0,/video/fla-nyr-340337242,,,,,,,,,,,,,,,,,,,,,,,NYR
2022020753,20222023,2,2023-01-23,False,2023-01-24T01:30:00Z,-05:00,-06:00,US/Central,OFF,OK,7,Sabres,Buffalo,de Buffalo,BUF,3.0,25,Stars,Dallas,de Dallas,DAL,2.0,4.0,OT,3,OT,8467950.0,8482671.0,/video/buf-dal-340343200,,,,,,,,,,,,,,,,,,,,,,,BUF
2022020754,20222023,2,2023-01-23,False,2023-01-24T02:30:00Z,-05:00,-07:00,America/Edmonton,OFF,OK,29,Blue Jackets,Columbus,de Columbus,CBJ,3.0,20,Flames,Calgary,de Calgary,CGY,4.0,4.0,OT,3,OT,8478435.0,8479346.0,/video/cbj-cgy-340346658,,,,,,,,,,,,,,,,,,,,,,,CGY
2022020757,20222023,2,2023-01-24,False,2023-01-25T00:00:00Z,-05:00,-05:00,US/Eastern,OFF,OK,26,Kings,Los Angeles,de Los Angeles,LAK,4.0,4,Flyers,Philadelphia,de Philadelphie,PHI,3.0,4.0,OT,3,OT,8477831.0,8477942.0,/video/lak-phi-340384684,,,,,,,,,,,,,,,,,,,,,,,LAK
2022020756,20222023,2,2023-01-24,False,2023-01-25T00:00:00Z,-05:00,-05:00,US/Eastern,OFF,OK,13,Panthers,Florida,de la Floride,FLA,6.0,5,Penguins,Pittsburgh,de Pittsburgh,PIT,7.0,4.0,OT,3,OT,8479193.0,8471724.0,/video/fla-pit-340381668,,,,,,,,,,,,,,,,,,,,,,,PIT
2022020760,20222023,2,2023-01-24,False,2023-01-25T00:00:00Z,-05:00,-05:00,America/Detroit,OFF,OK,28,Sharks,San Jose,de San Jose,SJS,2.0,17,Red Wings,Detroit,de Detroit,DET,3.0,4.0,OT,3,OT,8478024.0,8477429.0,/video/sjs-det-340381238,,,,,,,,,,,,,,,,,,,,,,,DET
2022020758,20222023,2,2023-01-24,False,2023-01-25T00:00:00Z,-05:00,-05:00,US/Eastern,OFF,OK,30,Wild,Minnesota,du Minnesota,MIN,2.0,14,Lightning,Tampa Bay,de Tampa Bay,TBL,4.0,3.0,REG,3,REG,8476883.0,8474564.0,/video/min-tbl-340382928,,,,,,,,,,,,,,,,,,,,,,,TBL
2022020755,20222023,2,2023-01-24,False,2023-01-25T00:00:00Z,-05:00,-05:00,America/Montreal,OFF,OK,6,Bruins,Boston,de Boston,BOS,4.0,8,Canadiens,Montréal,de Montréal,MTL,2.0,3.0,REG,3,REG,8480280.0,8470638.0,/video/bos-mtl-340381960,,,,,,,,,,,,,,,,,,,,,,,BOS
2022020759,20222023,2,2023-01-24,False,2023-01-25T00:30:00Z,-05:00,-05:00,US/Eastern,OFF,OK,54,Golden Knights,Vegas,de Vegas,VGK,2.0,1,Devils,New Jersey,du New Jersey,NJD,3.0,4.0,OT,3,OT,8477970.0,8476462.0,/video/vgk-njd-340386810,,,,,,,,,,,,,,,,,,,,,,,NJD
2022020761,20222023,2,2023-01-24,False,2023-01-25T01:00:00Z,-05:00,-06:00,US/Central,OFF,OK,7,Sabres,Buffalo,de Buffalo,BUF,5.0,19,Blues,St. Louis,de St. Louis,STL,3.0,3.0,REG,3,REG,8480045.0,8479420.0,/video/buf-stl-340389928,,,,,,,,,,,,,,,,,,,,,,,BUF
2022020762,20222023,2,2023-01-24,False,2023-01-25T01:00:00Z,-05:00,-06:00,US/Central,OFF,OK,52,Jets,Winnipeg,de Winnipeg,WPG,1.0,18,Predators,Nashville,de Nashville,NSH,2.0,3.0,REG,3,REG,8477424.0,8479661.0,/video/wpg-nsh-340389376,,,,,,,,,,,,,,,,,,,,,,,NSH
2022020764,20222023,2,2023-01-24,False,2023-01-25T02:00:00Z,-05:00,-07:00,America/Denver,OFF,OK,15,Capitals,Washington,de Washington,WSH,2.0,21,Avalanche,Colorado,du Colorado,COL,3.0,3.0,REG,3,REG,8480382.0,8481618.0,/video/wsh-col-340396196,,,,,,,,,,,,,,,,,,,,,,,COL
2022020763,20222023,2,2023-01-24,False,2023-01-25T02:00:00Z,-05:00,-07:00,America/Phoenix,OFF,OK,24,Ducks,Anaheim,d'Anaheim,ANA,5.0,53,Coyotes,Arizona,de l'Arizona,ARI,2.0,3.0,REG,3,REG,8476932.0,8475764.0,/video/ana-ari-340396988,,,,,,,,,,,,,,,,,,,,,,,ANA
2022020765,20222023,2,2023-01-24,False,2023-01-25T03:00:00Z,-05:00,-08:00,America/Vancouver,OFF,OK,16,Blackhawks,Chicago,de Chicago,CHI,2.0,23,Canucks,Vancouver,de Vancouver,VAN,5.0,3.0,REG,3,REG,8480420.0,8478057.0,/video/chi-van-340399396,,,,,,,,,,,,,,,,,,,,,,,VAN
2022020766,20222023,2,2023-01-25,False,2023-01-26T00:00:00Z,-05:00,-05:00,US/Eastern,OFF,OK,2,Islanders,New York,de New York,NYI,1.0,9,Senators,Ottawa,d'Ottawa,OTT,2.0,3.0,REG,3,REG,8475660.0,8473512.0,/video/nyi-ott-340425268,,,Sénateurs,,,,,,,,,,,,,,,,,,,,OTT
2022020767,20222023,2,2023-01-25,False,2023-01-26T00:00:00Z,-05:00,-05:00,America/Toronto,OFF,OK,3,Rangers,New York,de New York,NYR,2.0,10,Maple Leafs,Toronto,de Toronto,TOR,3.0,4.0,OT,3,OT,8478492.0,8478483.0,/video/nyr-tor-340425692,,,,,,,,,,,,,,,,,,,,,,,TOR
2022020768,20222023,2,2023-01-25,False,2023-01-26T01:30:00Z,-05:00,-06:00,US/Central,OFF,OK,12,Hurricanes,Carolina,de la Caroline,CAR,3.0,25,Stars,Dallas,de Dallas,DAL,2.0,4.0,OT,3,OT,8477293.0,8480039.0,/video/car-dal-340433800,,,,,,,,,,,,,,,,,,,,,,,CAR
2022020769,20222023,2,2023-01-25,False,2023-01-26T02:30:00Z,-05:00,-07:00,America/Edmonton,OFF,OK,29,Blue Jackets,Columbus,de Columbus,CBJ,3.0,22,Oilers,Edmonton,d'Edmonton,EDM,2.0,4.0,OT,3,OT,8476914.0,8482660.0,/video/cbj-edm-340434044,,,,,,,,,,,,,,,,,,,,,,,CBJ
2022020770,20222023,2,2023-01-25,False,2023-01-26T03:00:00Z,-05:00,-08:00,US/Pacific,OFF,OK,23,Canucks,Vancouver,de Vancouver,VAN,1.0,55,Kraken,Seattle,de Seattle,SEA,6.0,3.0,REG,3,REG,8474889.0,8477505.0,/video/van-sea-340435860,,,,,,,,,,,,,,,,,,,,,,,SEA
2022020771,20222023,2,2023-01-26,False,2023-01-27T00:00:00Z,-05:00,-05:00,US/Eastern,OFF,OK,6,Bruins,Boston,de Boston,BOS,2.0,14,Lightning,Tampa Bay,de Tampa Bay,TBL,3.0,3.0,REG,3,REG,8476883.0,8475167.0,/video/bos-tbl-340467150,,,,,,,,,,,,,,,,,,,,,,,TBL
2022020772,20222023,2,2023-01-26,False,2023-01-27T00:00:00Z,-05:00,-05:00,America/Montreal,OFF,OK,17,Red Wings,Detroit,de Detroit,DET,4.0,8,Canadiens,Montréal,de Montréal,MTL,3.0,4.0,OT,3,OT,8478024.0,8477952.0,/video/det-mtl-340466844,,,,,,,,,,,,,,,,,,,,,,,DET
2022020773,20222023,2,2023-01-26,False,2023-01-27T00:00:00Z,-05:00,-05:00,US/Eastern,OFF,OK,5,Penguins,Pittsburgh,de Pittsburgh,PIT,2.0,15,Capitals,Washington,de Washington,WSH,3.0,5.0,SO,3,SO,8475311.0,,/video/pit-wsh-340467370,,,,,,,,,,,,,,,,,,,,,,,WSH
2022020775,20222023,2,2023-01-26,False,2023-01-27T01:00:00Z,-05:00,-06:00,US/Central,OFF,OK,1,Devils,New Jersey,du New Jersey,NJD,4.0,18,Predators,Nashville,de Nashville,NSH,6.0,3.0,REG,3,REG,8477424.0,8476887.0,/video/njd-nsh-340473984,,,,,,,,,,,,,,,,,,,,,,,NSH
2022020774,20222023,2,2023-01-26,False,2023-01-27T01:00:00Z,-05:00,-06:00,America/Winnipeg,OFF,OK,7,Sabres,Buffalo,de Buffalo,BUF,3.0,52,Jets,Winnipeg,de Winnipeg,WPG,2.0,3.0,REG,3,REG,8477480.0,8478109.0,/video/buf-wpg-340474020,,,,,,,,,,,,,,,,,,,,,,,BUF
2022020778,20222023,2,2023-01-26,False,2023-01-27T01:00:00Z,-05:00,-06:00,US/Central,OFF,OK,4,Flyers,Philadelphia,de Philadelphie,PHI,2.0,30,Wild,Minnesota,du Minnesota,MIN,3.0,4.0,OT,3,OT,8470594.0,8475692.0,/video/phi-min-340474922,,,,,,,,,,,,,,,,,,,,,,,MIN
2022020777,20222023,2,2023-01-26,False,2023-01-27T02:00:00Z,-05:00,-07:00,America/Edmonton,OFF,OK,16,Blackhawks,Chicago,de Chicago,CHI,5.0,20,Flames,Calgary,de Calgary,CGY,1.0,3.0,REG,3,REG,8483530.0,8479383.0,,,,,,,,,,,,,,,,,,,,,,,,CHI
2022020779,20222023,2,2023-01-26,False,2023-01-27T02:00:00Z,-05:00,-07:00,America/Phoenix,OFF,OK,19,Blues,St. Louis,de St. Louis,STL,0.0,53,Coyotes,Arizona,de l'Arizona,ARI,5.0,3.0,REG,3,REG,8478872.0,8477951.0,/video/stl-ari-340479478,,,,,,,,,,,,,,,,,,,,,,,ARI
2022020776,20222023,2,2023-01-26,False,2023-01-27T02:00:00Z,-05:00,-07:00,America/Denver,OFF,OK,24,Ducks,Anaheim,d'Anaheim,ANA,5.0,21,Avalanche,Colorado,du Colorado,COL,3.0,3.0,REG,3,REG,8476434.0,8482745.0,/video/ana-col-340480628,,,,,,,,,,,,,,,,,,,,,,,ANA
2022020782,20222023,2,2023-01-27,False,2023-01-28T00:00:00Z,-05:00,-05:00,America/Toronto,OFF,OK,9,Senators,Ottawa,d'Ottawa,OTT,6.0,10,Maple Leafs,Toronto,de Toronto,TOR,2.0,3.0,REG,3,REG,8476341.0,8473544.0,/video/ott-tor-340512112,,Sénateurs,,,,,,,,,,,,,,,,,,,,,OTT
2022020781,20222023,2,2023-01-27,False,2023-01-28T00:00:00Z,-05:00,-05:00,US/Eastern,OFF,OK,26,Kings,Los Angeles,de Los Angeles,LAK,4.0,13,Panthers,Florida,de la Floride,FLA,3.0,3.0,REG,3,REG,8477831.0,8478911.0,/video/lak-fla-340518424,,,,,,,,,,,,,,,,,,,,,,,LAK
2022020784,20222023,2,2023-01-27,False,2023-01-28T00:00:00Z,-05:00,-05:00,America/New_York,OFF,OK,54,Golden Knights,Vegas,de Vegas,VGK,1.0,3,Rangers,New York,de New York,NYR,4.0,3.0,REG,3,REG,8470860.0,8476389.0,/video/vgk-nyr-340512366,,,,,,,,,,,,,,,,,,,,,,,NYR
2022020780,20222023,2,2023-01-27,False,2023-01-28T00:00:00Z,-05:00,-05:00,America/New_York,OFF,OK,17,Red Wings,Detroit,de Detroit,DET,0.0,2,Islanders,New York,de New York,NYI,2.0,3.0,REG,3,REG,8478009.0,8475314.0,/video/det-nyi-340511390,,,,,,,,,,,,,,,,,,,,,,,NYI
2022020783,20222023,2,2023-01-27,False,2023-01-28T00:00:00Z,-05:00,-05:00,US/Eastern,OFF,OK,28,Sharks,San Jose,de San Jose,SJS,4.0,12,Hurricanes,Carolina,de la Caroline,CAR,5.0,4.0,OT,3,OT,8477293.0,8480039.0,/video/sjs-car-340512926,,,,,,,,,,,,,,,,,,,,,,,CAR
2022020785,20222023,2,2023-01-27,False,2023-01-28T01:30:00Z,-05:00,-06:00,US/Central,OFF,OK,1,Devils,New Jersey,du New Jersey,NJD,3.0,25,Stars,Dallas,de Dallas,DAL,2.0,4.0,OT,3,OT,8477970.0,8481559.0,/video/njd-dal-340519538,,,,,,,,,,,,,,,,,,,,,,,NJD
2022020786,20222023,2,2023-01-27,False,2023-01-28T03:00:00Z,-05:00,-08:00,US/Pacific,OFF,OK,20,Flames,Calgary,de Calgary,CGY,5.0,55,Kraken,Seattle,de Seattle,SEA,2.0,3.0,REG,3,REG,8478435.0,8477507.0,,,,,,,,,,,,,,,,,,,,,,,,CGY
2022020787,20222023,2,2023-01-27,False,2023-01-28T03:00:00Z,-05:00,-08:00,America/Vancouver,OFF,OK,29,Blue Jackets,Columbus,de Columbus,CBJ,2.0,23,Canucks,Vancouver,de Vancouver,VAN,5.0,3.0,REG,3,REG,8480420.0,8481624.0,/video/cbj-van-340523554,,,,,,,,,,,,,,,,,,,,,,,VAN
2022020788,20222023,2,2023-01-28,False,2023-01-28T20:00:00Z,-05:00,-07:00,America/Denver,OFF,OK,19,Blues,St. Louis,de St. Louis,STL,2.0,21,Avalanche,Colorado,du Colorado,COL,4.0,3.0,REG,3,REG,8480382.0,8478542.0,/video/stl-col-340538666,,,,,,,,,,,,,,,,,,,,,,,COL
2022020789,20222023,2,2023-01-28,False,2023-01-28T23:00:00Z,-05:00,-05:00,US/Eastern,OFF,OK,6,Bruins,Boston,de Boston,BOS,3.0,13,Panthers,Florida,de la Floride,FLA,4.0,4.0,OT,3,OT,8479312.0,8477933.0,/video/bos-fla-340547978,,,,,,,,,,,,,,,,,,,,,,,FLA
2022020790,20222023,2,2023-01-28,False,2023-01-29T00:00:00Z,-05:00,-05:00,US/Eastern,OFF,OK,26,Kings,Los Angeles,de Los Angeles,LAK,2.0,14,Lightning,Tampa Bay,de Tampa Bay,TBL,5.0,3.0,REG,3,REG,8476883.0,8470621.0,/video/lak-tbl-340551096,,,,,,,,,,,,,,,,,,,,,,,TBL
2022020792,20222023,2,2023-01-28,False,2023-01-29T00:00:00Z,-05:00,-06:00,America/Winnipeg,OFF,OK,4,Flyers,Philadelphia,de Philadelphie,PHI,4.0,52,Jets,Winnipeg,de Winnipeg,WPG,0.0,3.0,REG,3,REG,8479394.0,8480220.0,/video/phi-wpg-340551510,,,,,,,,,,,,,,,,,,,,,,,PHI
2022020791,20222023,2,2023-01-28,False,2023-01-29T00:00:00Z,-05:00,-05:00,US/Eastern,OFF,OK,8,Canadiens,Montréal,de Montréal,MTL,0.0,9,Senators,Ottawa,d'Ottawa,OTT,5.0,3.0,REG,3,REG,8476341.0,8479337.0,/video/mtl-ott-340550952,,,Sénateurs,,,,,,,,,,,,,,,,,,,,OTT
2022020793,20222023,2,2023-01-28,False,2023-01-29T00:00:00Z,-05:00,-05:00,US/Eastern,OFF,OK,28,Sharks,San Jose,de San Jose,SJS,6.0,5,Penguins,Pittsburgh,de Pittsburgh,PIT,4.0,3.0,REG,3,REG,8478039.0,8474053.0,/video/sjs-pit-340551194,Kähkönen,,,,,,,,,,,,,,,,,,,,,,SJS
2022020794,20222023,2,2023-01-28,False,2023-01-29T00:30:00Z,-05:00,-05:00,America/New_York,OFF,OK,54,Golden Knights,Vegas,de Vegas,VGK,1.0,2,Islanders,New York,de New York,NYI,2.0,4.0,OT,3,OT,8473575.0,8478445.0,/video/vgk-nyi-340555446,,,,,,,,,,,,,,,,,,,,,,,NYI
2022020795,20222023,2,2023-01-28,False,2023-01-29T02:00:00Z,-05:00,-06:00,US/Central,OFF,OK,7,Sabres,Buffalo,de Buffalo,BUF,2.0,30,Wild,Minnesota,du Minnesota,MIN,3.0,5.0,SO,3,SO,8470594.0,,,,,,,,,,,,,,,,,,,,,,,,,MIN
2022020798,20222023,2,2023-01-28,False,2023-01-29T03:00:00Z,-05:00,-08:00,US/Pacific,OFF,OK,29,Blue Jackets,Columbus,de Columbus,CBJ,1.0,55,Kraken,Seattle,de Seattle,SEA,3.0,3.0,REG,3,REG,8475831.0,8477505.0,/video/cbj-sea-340566472,,,,,,,,,,,,,,,,,,,,,,,SEA
2022020797,20222023,2,2023-01-28,False,2023-01-29T03:00:00Z,-05:00,-07:00,America/Edmonton,OFF,OK,16,Blackhawks,Chicago,de Chicago,CHI,3.0,22,Oilers,Edmonton,d'Edmonton,EDM,7.0,3.0,REG,3,REG,8475789.0,8478402.0,/video/chi-edm-340566560,,,,,,,,,,,,,,,,,,,,,,,EDM
2022020796,20222023,2,2023-01-28,False,2023-01-29T03:30:00Z,-05:00,-08:00,America/Los_Angeles,OFF,OK,53,Coyotes,Arizona,de l'Arizona,ARI,1.0,24,Ducks,Anaheim,d'Anaheim,ANA,2.0,4.0,OT,3,OT,8476434.0,8481533.0,,,,,,,,,,,,,,,,,,,,,,,,ANA
2022020799,20222023,2,2023-01-29,False,2023-01-29T22:00:00Z,-05:00,-05:00,US/Eastern,OFF,OK,6,Bruins,Boston,de Boston,BOS,1.0,12,Hurricanes,Carolina,de la Caroline,CAR,4.0,3.0,REG,3,REG,8475883.0,8471669.0,/video/bos-car-340579910,,,,,,,,,,,,,,,,,,,,,,,CAR
2022020800,20222023,2,2023-01-29,False,2023-01-29T22:00:00Z,-05:00,-05:00,America/Toronto,OFF,OK,15,Capitals,Washington,de Washington,WSH,1.0,10,Maple Leafs,Toronto,de Toronto,TOR,5.0,3.0,REG,3,REG,8478492.0,8476853.0,/video/wsh-tor-340579170,,,,,,,,,,,,,,,,,,,,,,,TOR
2022020801,20222023,2,2023-01-30,False,2023-01-31T01:00:00Z,-05:00,-06:00,America/Winnipeg,OFF,OK,19,Blues,St. Louis,de St. Louis,STL,2.0,52,Jets,Winnipeg,de Winnipeg,WPG,4.0,3.0,REG,3,REG,8476945.0,8477504.0,/video/stl-wpg-340609946,,,,,,,,,,,,,,,,,,,,,,,WPG
2022020802,20222023,2,2023-01-31,False,2023-02-01T00:00:00Z,-05:00,-05:00,US/Eastern,OFF,OK,26,Kings,Los Angeles,de Los Angeles,LAK,4.0,12,Hurricanes,Carolina,de la Caroline,CAR,5.0,4.0,OT,3,OT,8475883.0,8478427.0,/video/lak-car-340634148,,,,,,,,,,,,,,,,,,,,,,,CAR
2022020803,20222023,2,2023-01-31,False,2023-02-01T00:00:00Z,-05:00,-05:00,America/Montreal,OFF,OK,9,Senators,Ottawa,d'Ottawa,OTT,5.0,8,Canadiens,Montréal,de Montréal,MTL,4.0,3.0,REG,3,REG,8476341.0,8480801.0,/video/ott-mtl-340633536,,Sénateurs,,,,,,,,,,,,,,,,,,,,,OTT
2022020804,20222023,2,2023-01-31,False,2023-02-01T00:00:00Z,-05:00,-05:00,US/Eastern,OFF,OK,15,Capitals,Washington,de Washington,WSH,4.0,29,Blue Jackets,Columbus,de Columbus,CBJ,3.0,4.0,OT,3,OT,8479292.0,8475744.0,/video/wsh-cbj-340634848,,,,,,,,,,,,,,,,,,,,,,,WSH
2022020805,20222023,2,2023-02-01,False,2023-02-02T00:30:00Z,-05:00,-05:00,America/New_York,OFF,OK,12,Hurricanes,Carolina,de la Caroline,CAR,5.0,7,Sabres,Buffalo,de Buffalo,BUF,1.0,3.0,REG,3,REG,8477293.0,8476474.0,/video/car-buf-340658096,,,,,,,,,,,,,,,,,,,,,,,CAR
2022020806,20222023,2,2023-02-01,False,2023-02-02T00:30:00Z,-05:00,-05:00,America/Toronto,OFF,OK,6,Bruins,Boston,de Boston,BOS,5.0,10,Maple Leafs,Toronto,de Toronto,TOR,2.0,3.0,REG,3,REG,8476999.0,8478421.0,,,,,,,,,,,,,,,,,,,,,,,,BOS
2022020808,20222023,2,2023-02-06,False,2023-02-07T00:00:00Z,-05:00,-05:00,US/Eastern,OFF,OK,14,Lightning,Tampa Bay,de Tampa Bay,TBL,1.0,13,Panthers,Florida,de la Floride,FLA,7.0,3.0,REG,3,REG,8475683.0,8477935.0,/video/tbl-fla-340775528,,,,,,,,,,,,,,,,,,,,,,,FLA
2022020807,20222023,2,2023-02-06,False,2023-02-07T00:00:00Z,-05:00,-05:00,US/Eastern,OFF,OK,2,Islanders,New York,de New York,NYI,2.0,4,Flyers,Philadelphia,de Philadelphie,PHI,1.0,3.0,REG,3,REG,8473575.0,8478445.0,/video/nyi-phi-340774848,,,,,,,,,,,,,,,,,,,,,,,NYI
2022020810,20222023,2,2023-02-06,False,2023-02-07T00:30:00Z,-05:00,-05:00,US/Eastern,OFF,OK,23,Canucks,Vancouver,de Vancouver,VAN,4.0,1,Devils,New Jersey,du New Jersey,NJD,5.0,4.0,OT,3,OT,8477970.0,8479407.0,/video/van-njd-340778628,,,,,,,,,,,,,,,,,,,,,,,NJD
2022020809,20222023,2,2023-02-06,False,2023-02-07T00:30:00Z,-05:00,-05:00,America/New_York,OFF,OK,20,Flames,Calgary,de Calgary,CGY,4.0,3,Rangers,New York,de New York,NYR,5.0,4.0,OT,3,OT,8470860.0,8482109.0,,,,,,,,,,,,,,,,,,,,,,,,NYR
2022020811,20222023,2,2023-02-06,False,2023-02-07T01:30:00Z,-05:00,-06:00,US/Central,OFF,OK,24,Ducks,Anaheim,d'Anaheim,ANA,2.0,25,Stars,Dallas,de Dallas,DAL,3.0,5.0,SO,3,SO,8479979.0,,/video/ana-dal-340782710,,,,,,,,,,,,,,,,,,,,,,,DAL
2022020812,20222023,2,2023-02-06,False,2023-02-07T02:00:00Z,-05:00,-07:00,America/Phoenix,OFF,OK,30,Wild,Minnesota,du Minnesota,MIN,2.0,53,Coyotes,Arizona,de l'Arizona,ARI,3.0,3.0,REG,3,REG,8478872.0,8480855.0,/video/min-ari-340784402,,,,,,,,,,,,,,,,,,,,,,,ARI
2022020814,20222023,2,2023-02-07,False,2023-02-08T00:00:00Z,-05:00,-05:00,US/Eastern,OFF,OK,28,Sharks,San Jose,de San Jose,SJS,4.0,14,Lightning,Tampa Bay,de Tampa Bay,TBL,3.0,4.0,OT,3,OT,8478039.0,8478414.0,,Kähkönen,,,,,,,,,,,,,,,,,,,,,,SJS
2022020813,20222023,2,2023-02-07,False,2023-02-08T00:00:00Z,-05:00,-05:00,US/Eastern,OFF,OK,21,Avalanche,Colorado,du Colorado,COL,1.0,5,Penguins,Pittsburgh,de Pittsburgh,PIT,2.0,4.0,OT,3,OT,8479193.0,8471724.0,/video/col-pit-340813426,,,,,,,,,,,,,,,,,,,,,,,PIT
2022020815,20222023,2,2023-02-07,False,2023-02-08T00:30:00Z,-05:00,-05:00,America/Detroit,OFF,OK,22,Oilers,Edmonton,d'Edmonton,EDM,5.0,17,Red Wings,Detroit,de Detroit,DET,2.0,3.0,REG,3,REG,8475789.0,8477998.0,/video/edm-det-340815504,,,,,,,,,,,,,,,,,,,,,,,EDM
2022020816,20222023,2,2023-02-07,False,2023-02-08T00:30:00Z,-05:00,-05:00,America/New_York,OFF,OK,55,Kraken,Seattle,de Seattle,SEA,0.0,2,Islanders,New York,de New York,NYI,4.0,3.0,REG,3,REG,8478009.0,8481541.0,/video/sea-nyi-340814478,,,,,,,,,,,,,,,,,,,,,,,NYI
2022020817,20222023,2,2023-02-07,False,2023-02-08T01:00:00Z,-05:00,-06:00,US/Central,OFF,OK,54,Golden Knights,Vegas,de Vegas,VGK,5.0,18,Predators,Nashville,de Nashville,NSH,1.0,3.0,REG,3,REG,8478499.0,8477478.0,/video/vgk-nsh-340817762,,,,,,,,,,,,,,,,,,,,,,,VGK
2022020818,20222023,2,2023-02-07,False,2023-02-08T01:30:00Z,-05:00,-06:00,America/Chicago,OFF,OK,24,Ducks,Anaheim,d'Anaheim,ANA,3.0,16,Blackhawks,Chicago,de Chicago,CHI,2.0,4.0,OT,3,OT,8476932.0,8478366.0,,,,,,,,,,,,,,,,,,,,,,,,ANA
2022020819,20222023,2,2023-02-08,False,2023-02-09T01:00:00Z,-05:00,-05:00,America/New_York,OFF,OK,23,Canucks,Vancouver,de Vancouver,VAN,3.0,3,Rangers,New York,de New York,NYR,4.0,3.0,REG,3,REG,8478048.0,8476459.0,/video/van-nyr-340842974,,,,,,,,,,,,,,,,,,,,,,,NYR
2022020820,20222023,2,2023-02-08,False,2023-02-09T01:30:00Z,-05:00,-06:00,US/Central,OFF,OK,30,Wild,Minnesota,du Minnesota,MIN,1.0,25,Stars,Dallas,de Dallas,DAL,4.0,3.0,REG,3,REG,8479979.0,8476889.0,/video/min-dal-340844438,,,,,,,,,,,,,,,,,,,,,,,DAL
2022020824,20222023,2,2023-02-09,False,2023-02-10T00:00:00Z,-05:00,-05:00,US/Eastern,OFF,OK,55,Kraken,Seattle,de Seattle,SEA,1.0,1,Devils,New Jersey,du New Jersey,NJD,3.0,3.0,REG,3,REG,8478406.0,8476462.0,/video/sea-njd-340884100,,,,,,,,,,,,,,,,,,,,,,,NJD
2022020825,20222023,2,2023-02-09,False,2023-02-10T00:00:00Z,-05:00,-05:00,America/Detroit,OFF,OK,20,Flames,Calgary,de Calgary,CGY,1.0,17,Red Wings,Detroit,de Detroit,DET,2.0,3.0,REG,3,REG,8478024.0,8480821.0,,,,,,,,,,,,,,,,,,,,,,,,DET
2022020823,20222023,2,2023-02-09,False,2023-02-10T00:00:00Z,-05:00,-05:00,US/Eastern,OFF,OK,28,Sharks,San Jose,de San Jose,SJS,1.0,13,Panthers,Florida,de la Floride,FLA,4.0,3.0,REG,3,REG,8475683.0,8477933.0,/video/sjs-fla-340885088,,,,,,,,,,,,,,,,,,,,,,,FLA
2022020822,20222023,2,2023-02-09,False,2023-02-10T00:00:00Z,-05:00,-05:00,US/Eastern,OFF,OK,22,Oilers,Edmonton,d'Edmonton,EDM,1.0,4,Flyers,Philadelphia,de Philadelphie,PHI,2.0,5.0,SO,3,SO,8479394.0,,/video/edm-phi-340887192,,,,,,,,,,,,,,,,,,,,,,,PHI
2022020821,20222023,2,2023-02-09,False,2023-02-10T00:00:00Z,-05:00,-05:00,US/Eastern,OFF,OK,21,Avalanche,Colorado,du Colorado,COL,0.0,14,Lightning,Tampa Bay,de Tampa Bay,TBL,5.0,3.0,REG,3,REG,8476883.0,8470621.0,/video/col-tbl-340885412,,,,,,,,,,,,,,,,,,,,,,,TBL
2022020826,20222023,2,2023-02-09,False,2023-02-10T00:30:00Z,-05:00,-05:00,America/New_York,OFF,OK,23,Canucks,Vancouver,de Vancouver,VAN,6.0,2,Islanders,New York,de New York,NYI,5.0,3.0,REG,3,REG,8480420.0,8478463.0,/video/van-nyi-340888046,,,,,,,,,,,,,,,,,,,,,,,VAN
2022020827,20222023,2,2023-02-09,False,2023-02-10T01:00:00Z,-05:00,-06:00,US/Central,OFF,OK,54,Golden Knights,Vegas,de Vegas,VGK,5.0,30,Wild,Minnesota,du Minnesota,MIN,1.0,3.0,REG,3,REG,8480313.0,8474565.0,/video/vgk-min-340890502,,,,,,,,,,,,,,,,,,,,,,,VGK
2022020829,20222023,2,2023-02-10,False,2023-02-11T00:00:00Z,-05:00,-05:00,US/Eastern,OFF,OK,10,Maple Leafs,Toronto,de Toronto,TOR,3.0,29,Blue Jackets,Columbus,de Columbus,CBJ,0.0,3.0,REG,3,REG,8478492.0,8475166.0,/video/tor-cbj-340918508,,,,,,,,,,,,,,,,,,,,,,,TOR
2022020828,20222023,2,2023-02-10,False,2023-02-11T00:00:00Z,-05:00,-05:00,America/New_York,OFF,OK,55,Kraken,Seattle,de Seattle,SEA,3.0,3,Rangers,New York,de New York,NYR,6.0,3.0,REG,3,REG,8478048.0,8476885.0,/video/sea-nyr-340919196,,,,,,,,,,,,,,,,,,,,,,,NYR
2022020830,20222023,2,2023-02-10,False,2023-02-11T01:30:00Z,-05:00,-06:00,America/Chicago,OFF,OK,53,Coyotes,Arizona,de l'Arizona,ARI,3.0,16,Blackhawks,Chicago,de Chicago,CHI,4.0,4.0,OT,3,OT,8483530.0,8478452.0,/video/ari-chi-340923936,,,,,,,,,,,,,,,,,,,,,,,CHI
2022020831,20222023,2,2023-02-10,False,2023-02-11T03:00:00Z,-05:00,-08:00,America/Los_Angeles,OFF,OK,5,Penguins,Pittsburgh,de Pittsburgh,PIT,6.0,24,Ducks,Anaheim,d'Anaheim,ANA,3.0,3.0,REG,3,REG,8479193.0,8480058.0,,,,,,,,,,,,,,,,,,,,,,,,PIT
2022020832,20222023,2,2023-02-11,False,2023-02-11T17:00:00Z,-05:00,-05:00,America/Detroit,OFF,OK,23,Canucks,Vancouver,de Vancouver,VAN,2.0,17,Red Wings,Detroit,de Detroit,DET,5.0,3.0,REG,3,REG,8478024.0,8477946.0,/video/van-det-340945864,,,,,,,,,,,,,,,,,,,,,,,DET
2022020834,20222023,2,2023-02-11,False,2023-02-11T17:30:00Z,-05:00,-05:00,US/Eastern,OFF,OK,22,Oilers,Edmonton,d'Edmonton,EDM,6.0,9,Senators,Ottawa,d'Ottawa,OTT,3.0,3.0,REG,3,REG,8475789.0,8479344.0,/video/edm-ott-340949996,,,Sénateurs,,,,,,,,,,,,,,,,,,,,EDM
2022020835,20222023,2,2023-02-11,False,2023-02-11T17:30:00Z,-05:00,-05:00,America/Montreal,OFF,OK,2,Islanders,New York,de New York,NYI,3.0,8,Canadiens,Montréal,de Montréal,MTL,4.0,4.0,OT,3,OT,8478470.0,8476875.0,,,,,,,,,,,,,,,,,,,,,,,,MTL
2022020833,20222023,2,2023-02-11,False,2023-02-11T17:30:00Z,-05:00,-05:00,America/New_York,OFF,OK,20,Flames,Calgary,de Calgary,CGY,7.0,7,Sabres,Buffalo,de Buffalo,BUF,2.0,3.0,REG,3,REG,8474593.0,8478502.0,/video/cgy-buf-340949154,Markström,,,,,,,,,,,,,,,,,,,,,,CGY
2022020836,20222023,2,2023-02-11,False,2023-02-11T17:30:00Z,-05:00,-05:00,US/Eastern,OFF,OK,18,Predators,Nashville,de Nashville,NSH,2.0,4,Flyers,Philadelphia,de Philadelphie,PHI,1.0,4.0,OT,3,OT,8477424.0,8475168.0,,,,,,,,,,,,,,,,,,,,,,,,NSH
2022020837,20222023,2,2023-02-11,False,2023-02-11T18:00:00Z,-05:00,-06:00,US/Central,OFF,OK,14,Lightning,Tampa Bay,de Tampa Bay,TBL,3.0,25,Stars,Dallas,de Dallas,DAL,1.0,3.0,REG,3,REG,8476883.0,8478519.0,/video/tbl-dal-340951196,,,,,,,,,,,,,,,,,,,,,,,TBL
2022020838,20222023,2,2023-02-11,False,2023-02-11T20:30:00Z,-05:00,-05:00,US/Eastern,OFF,OK,15,Capitals,Washington,de Washington,WSH,2.0,6,Bruins,Boston,de Boston,BOS,1.0,3.0,REG,3,REG,8475311.0,8477903.0,,,,,,,,,,,,,,,,,,,,,,,,WSH
2022020839,20222023,2,2023-02-11,False,2023-02-11T23:00:00Z,-05:00,-05:00,US/Eastern,OFF,OK,21,Avalanche,Colorado,du Colorado,COL,5.0,13,Panthers,Florida,de la Floride,FLA,3.0,3.0,REG,3,REG,8480382.0,8477492.0,,,,,,,,,,,,,,,,,,,,,,,,COL
2022020840,20222023,2,2023-02-11,False,2023-02-12T00:00:00Z,-05:00,-05:00,America/Toronto,OFF,OK,29,Blue Jackets,Columbus,de Columbus,CBJ,4.0,10,Maple Leafs,Toronto,de Toronto,TOR,3.0,3.0,REG,3,REG,8478007.0,8482660.0,/video/cbj-tor-340969158,,,,,,,,,,,,,,,,,,,,,,,CBJ
2022020841,20222023,2,2023-02-11,False,2023-02-12T00:00:00Z,-05:00,-05:00,US/Eastern,OFF,OK,3,Rangers,New York,de New York,NYR,6.0,12,Hurricanes,Carolina,de la Caroline,CAR,2.0,3.0,REG,3,REG,8470860.0,8478550.0,/video/nyr-car-340968800,,,,,,,,,,,,,,,,,,,,,,,NYR
2022020842,20222023,2,2023-02-11,False,2023-02-12T01:00:00Z,-05:00,-06:00,US/Central,OFF,OK,53,Coyotes,Arizona,de l'Arizona,ARI,5.0,19,Blues,St. Louis,de St. Louis,STL,6.0,4.0,OT,3,OT,8476412.0,8475158.0,/video/ari-stl-340974768,,,,,,,,,,,,,,,,,,,,,,,STL
2022020843,20222023,2,2023-02-11,False,2023-02-12T01:00:00Z,-05:00,-06:00,US/Central,OFF,OK,1,Devils,New Jersey,du New Jersey,NJD,2.0,30,Wild,Minnesota,du Minnesota,MIN,3.0,5.0,SO,3,SO,8479406.0,,,,,,,,,,,,,,,,,,,,,,,,,MIN
2022020844,20222023,2,2023-02-11,False,2023-02-12T03:00:00Z,-05:00,-06:00,America/Winnipeg,OFF,OK,16,Blackhawks,Chicago,de Chicago,CHI,1.0,52,Jets,Winnipeg,de Winnipeg,WPG,4.0,3.0,REG,3,REG,8476945.0,8471218.0,/video/chi-wpg-340980308,,,,,,,,,,,,,,,,,,,,,,,WPG
2022020845,20222023,2,2023-02-11,False,2023-02-12T03:30:00Z,-05:00,-08:00,America/Los_Angeles,OFF,OK,5,Penguins,Pittsburgh,de Pittsburgh,PIT,0.0,26,Kings,Los Angeles,de Los Angeles,LAK,6.0,3.0,REG,3,REG,8477831.0,8479994.0,/video/pit-lak-340981632,,,,,,,,,,,,,,,,,,,,,,,LAK
2022020846,20222023,2,2023-02-12,False,2023-02-12T17:30:00Z,-05:00,-05:00,America/Montreal,OFF,OK,22,Oilers,Edmonton,d'Edmonton,EDM,2.0,8,Canadiens,Montréal,de Montréal,MTL,6.0,3.0,REG,3,REG,8474596.0,8476981.0,/video/edm-mtl-340995656,,,,,,,,,,,,,,,,,,,,,,,MTL
2022020848,20222023,2,2023-02-12,False,2023-02-12T18:00:00Z,-05:00,-05:00,US/Eastern,OFF,OK,55,Kraken,Seattle,de Seattle,SEA,4.0,4,Flyers,Philadelphia,de Philadelphie,PHI,3.0,3.0,REG,3,REG,8475831.0,8475768.0,/video/sea-phi-340996326,,,,,,,,,,,,,,,,,,,,,,,SEA
2022020847,20222023,2,2023-02-12,False,2023-02-12T18:30:00Z,-05:00,-05:00,US/Eastern,OFF,OK,28,Sharks,San Jose,de San Jose,SJS,4.0,15,Capitals,Washington,de Washington,WSH,1.0,3.0,REG,3,REG,8478039.0,8482222.0,/video/sjs-wsh-340999278,Kähkönen,,,,,,,,,,,,,,,,,,,,,,SJS
2022020849,20222023,2,2023-02-12,False,2023-02-12T20:00:00Z,-05:00,-08:00,US/Pacific,OFF,OK,24,Ducks,Anaheim,d'Anaheim,ANA,2.0,54,Golden Knights,Vegas,de Vegas,VGK,7.0,3.0,REG,3,REG,8478499.0,8477447.0,/video/ana-vgk-341002850,,,,,,,,,,,,,,,,,,,,,,,VGK
2022020850,20222023,2,2023-02-13,False,2023-02-14T00:30:00Z,-05:00,-05:00,US/Eastern,OFF,OK,20,Flames,Calgary,de Calgary,CGY,3.0,9,Senators,Ottawa,d'Ottawa,OTT,4.0,4.0,OT,3,OT,8481544.0,8482116.0,/video/cgy-ott-341032162,Søgaard,,Sénateurs,,,,,,,,,,,,,,,,,,,,OTT
2022020851,20222023,2,2023-02-13,False,2023-02-14T01:00:00Z,-05:00,-06:00,US/Central,OFF,OK,53,Coyotes,Arizona,de l'Arizona,ARI,4.0,18,Predators,Nashville,de Nashville,NSH,2.0,3.0,REG,3,REG,8478872.0,8478474.0,/video/ari-nsh-341033274,,,,,,,,,,,,,,,,,,,,,,,ARI
2022020852,20222023,2,2023-02-13,False,2023-02-14T01:00:00Z,-05:00,-06:00,US/Central,OFF,OK,13,Panthers,Florida,de la Floride,FLA,2.0,30,Wild,Minnesota,du Minnesota,MIN,1.0,5.0,SO,3,SO,8475683.0,,,,,,,,,,,,,,,,,,,,,,,,,FLA
2022020853,20222023,2,2023-02-13,False,2023-02-14T03:00:00Z,-05:00,-08:00,America/Vancouver,OFF,OK,17,Red Wings,Detroit,de Detroit,DET,6.0,23,Canucks,Vancouver,de Vancouver,VAN,1.0,3.0,REG,3,REG,8478024.0,8477946.0,/video/det-van-341038390,,,,,,,,,,,,,,,,,,,,,,,DET
2022020854,20222023,2,2023-02-13,False,2023-02-14T03:30:00Z,-05:00,-08:00,America/Los_Angeles,OFF,OK,7,Sabres,Buffalo,de Buffalo,BUF,2.0,26,Kings,Los Angeles,de Los Angeles,LAK,5.0,3.0,REG,3,REG,8477831.0,8480336.0,/video/buf-lak-341039832,,,,,,,,,,,,,,,,,,,,,,,LAK
2022020855,20222023,2,2023-02-14,False,2023-02-15T00:00:00Z,-05:00,-05:00,US/Eastern,OFF,OK,12,Hurricanes,Carolina,de la Caroline,CAR,3.0,15,Capitals,Washington,de Washington,WSH,2.0,3.0,REG,3,REG,8475883.0,8476474.0,/video/car-wsh-341066018,,,,,,,,,,,,,,,,,,,,,,,CAR
2022020856,20222023,2,2023-02-14,False,2023-02-15T00:00:00Z,-05:00,-05:00,America/Montreal,OFF,OK,16,Blackhawks,Chicago,de Chicago,CHI,0.0,8,Canadiens,Montréal,de Montréal,MTL,4.0,3.0,REG,3,REG,8474596.0,8482111.0,/video/chi-mtl-341064618,,,,,,,,,,,,,,,,,,,,,,,MTL
2022020857,20222023,2,2023-02-14,False,2023-02-15T00:30:00Z,-05:00,-05:00,US/Eastern,OFF,OK,1,Devils,New Jersey,du New Jersey,NJD,3.0,29,Blue Jackets,Columbus,de Columbus,CBJ,2.0,3.0,REG,3,REG,8477970.0,8477435.0,/video/njd-cbj-341066676,,,,,,,,,,,,,,,,,,,,,,,NJD
2022020858,20222023,2,2023-02-14,False,2023-02-15T00:30:00Z,-05:00,-05:00,America/New_York,OFF,OK,9,Senators,Ottawa,d'Ottawa,OTT,3.0,2,Islanders,New York,de New York,NYI,2.0,5.0,SO,3,SO,8480867.0,,/video/ott-nyi-341068438,,Sénateurs,,,,,,,,,,,,,,,,,,,,,OTT
2022020859,20222023,2,2023-02-14,False,2023-02-15T01:00:00Z,-05:00,-06:00,US/Central,OFF,OK,13,Panthers,Florida,de la Floride,FLA,2.0,19,Blues,St. Louis,de St. Louis,STL,6.0,3.0,REG,3,REG,8476412.0,8475181.0,/video/fla-stl-341069452,,,,,,,,,,,,,,,,,,,,,,,STL
2022020860,20222023,2,2023-02-14,False,2023-02-15T01:00:00Z,-05:00,-06:00,America/Winnipeg,OFF,OK,55,Kraken,Seattle,de Seattle,SEA,2.0,52,Jets,Winnipeg,de Winnipeg,WPG,3.0,5.0,SO,3,SO,8479496.0,,/video/sea-wpg-341072208,,,,,,,,,,,,,,,,,,,,,,,WPG
2022020861,20222023,2,2023-02-14,False,2023-02-15T01:30:00Z,-05:00,-06:00,US/Central,OFF,OK,6,Bruins,Boston,de Boston,BOS,3.0,25,Stars,Dallas,de Dallas,DAL,2.0,4.0,OT,3,OT,8476999.0,8477956.0,,,,,,,,,,,,,,,,,,,,,,,,BOS
2022020862,20222023,2,2023-02-14,False,2023-02-15T02:00:00Z,-05:00,-07:00,America/Denver,OFF,OK,14,Lightning,Tampa Bay,de Tampa Bay,TBL,4.0,21,Avalanche,Colorado,du Colorado,COL,3.0,5.0,SO,3,SO,8476883.0,,/video/tbl-col-341075536,,,,,,,,,,,,,,,,,,,,,,,TBL
2022020863,20222023,2,2023-02-14,False,2023-02-15T03:30:00Z,-05:00,-08:00,US/Pacific,OFF,OK,5,Penguins,Pittsburgh,de Pittsburgh,PIT,3.0,28,Sharks,San Jose,de San Jose,SJS,1.0,3.0,REG,3,REG,8479193.0,8477404.0,/video/pit-sjs-341078874,,,,,,,,,,,,,,,,,,,,,,,PIT
2022020864,20222023,2,2023-02-15,False,2023-02-16T00:00:00Z,-05:00,-05:00,America/Toronto,OFF,OK,16,Blackhawks,Chicago,de Chicago,CHI,2.0,10,Maple Leafs,Toronto,de Toronto,TOR,5.0,3.0,REG,3,REG,8478492.0,8479318.0,/video/chi-tor-341102722,,,,,,,,,,,,,,,,,,,,,,,TOR
2022020865,20222023,2,2023-02-15,False,2023-02-16T02:00:00Z,-05:00,-07:00,America/Phoenix,OFF,OK,14,Lightning,Tampa Bay,de Tampa Bay,TBL,0.0,53,Coyotes,Arizona,de l'Arizona,ARI,1.0,5.0,SO,3,SO,8478971.0,,/video/tbl-ari-341112916,,,,,,,,,,,,,,,,,,,,,,,ARI
2022020867,20222023,2,2023-02-15,False,2023-02-16T02:30:00Z,-05:00,-07:00,America/Edmonton,OFF,OK,17,Red Wings,Detroit,de Detroit,DET,5.0,22,Oilers,Edmonton,d'Edmonton,EDM,4.0,5.0,SO,3,SO,8478024.0,,/video/det-edm-341117228,,,,,,,,,,,,,,,,,,,,,,,DET
2022020866,20222023,2,2023-02-15,False,2023-02-16T02:30:00Z,-05:00,-06:00,US/Central,OFF,OK,21,Avalanche,Colorado,du Colorado,COL,3.0,30,Wild,Minnesota,du Minnesota,MIN,2.0,3.0,REG,3,REG,8480382.0,8477492.0,/video/col-min-341115422,,,,,,,,,,,,,,,,,,,,,,,COL
2022020869,20222023,2,2023-02-15,False,2023-02-16T03:00:00Z,-05:00,-08:00,America/Vancouver,OFF,OK,3,Rangers,New York,de New York,NYR,6.0,23,Canucks,Vancouver,de Vancouver,VAN,4.0,3.0,REG,3,REG,8478048.0,8480817.0,/video/nyr-van-341116658,,,,,,,,,,,,,,,,,,,,,,,NYR
2022020868,20222023,2,2023-02-15,False,2023-02-16T03:00:00Z,-05:00,-08:00,America/Los_Angeles,OFF,OK,7,Sabres,Buffalo,de Buffalo,BUF,7.0,24,Ducks,Anaheim,d'Anaheim,ANA,3.0,3.0,REG,3,REG,8477480.0,8479999.0,/video/buf-ana-341116722,,,,,,,,,,,,,,,,,,,,,,,BUF
2022020872,20222023,2,2023-02-16,False,2023-02-17T00:00:00Z,-05:00,-05:00,US/Eastern,OFF,OK,52,Jets,Winnipeg,de Winnipeg,WPG,1.0,29,Blue Jackets,Columbus,de Columbus,CBJ,3.0,3.0,REG,3,REG,8476914.0,8482660.0,/video/wpg-cbj-341152514,,,,,,,,,,,,,,,,,,,,,,,CBJ
2022020870,20222023,2,2023-02-16,False,2023-02-17T00:00:00Z,-05:00,-05:00,US/Eastern,OFF,OK,13,Panthers,Florida,de la Floride,FLA,6.0,15,Capitals,Washington,de Washington,WSH,3.0,3.0,REG,3,REG,8475683.0,8477493.0,/video/fla-wsh-341149984,,,,,,,,,,,,,,,,,,,,,,,FLA
2022020871,20222023,2,2023-02-16,False,2023-02-17T00:00:00Z,-05:00,-05:00,US/Eastern,OFF,OK,8,Canadiens,Montréal,de Montréal,MTL,2.0,12,Hurricanes,Carolina,de la Caroline,CAR,6.0,3.0,REG,3,REG,8477293.0,8478427.0,/video/mtl-car-341151680,,,,,,,,,,,,,,,,,,,,,,,CAR
2022020873,20222023,2,2023-02-16,False,2023-02-17T01:00:00Z,-05:00,-06:00,US/Central,OFF,OK,6,Bruins,Boston,de Boston,BOS,5.0,18,Predators,Nashville,de Nashville,NSH,0.0,3.0,REG,3,REG,8480280.0,8473419.0,/video/bos-nsh-341155334,,,,,,,,,,,,,,,,,,,,,,,BOS
2022020874,20222023,2,2023-02-16,False,2023-02-17T02:00:00Z,-05:00,-06:00,US/Central,OFF,OK,1,Devils,New Jersey,du New Jersey,NJD,2.0,19,Blues,St. Louis,de St. Louis,STL,4.0,3.0,REG,3,REG,8476412.0,8479385.0,/video/njd-stl-341159572,,,,,,,,,,,,,,,,,,,,,,,STL
2022020875,20222023,2,2023-02-16,False,2023-02-17T02:00:00Z,-05:00,-07:00,America/Edmonton,OFF,OK,17,Red Wings,Detroit,de Detroit,DET,5.0,20,Flames,Calgary,de Calgary,CGY,2.0,3.0,REG,3,REG,8476433.0,8477330.0,/video/det-cgy-341159536,,,,,,,,,,,,,,,,,,,,,,,DET
2022020876,20222023,2,2023-02-16,False,2023-02-17T03:00:00Z,-05:00,-08:00,US/Pacific,OFF,OK,4,Flyers,Philadelphia,de Philadelphie,PHI,2.0,55,Kraken,Seattle,de Seattle,SEA,6.0,3.0,REG,3,REG,8475831.0,8474602.0,/video/phi-sea-341163706,,,,,,,,,,,,,,,,,,,,,,,SEA
2022020877,20222023,2,2023-02-16,False,2023-02-17T03:00:00Z,-05:00,-08:00,US/Pacific,OFF,OK,28,Sharks,San Jose,de San Jose,SJS,1.0,54,Golden Knights,Vegas,de Vegas,VGK,2.0,3.0,REG,3,REG,8478499.0,8477478.0,/video/sjs-vgk-341164382,,,,,,,,,,,,,,,,,,,,,,,VGK
2022020878,20222023,2,2023-02-17,False,2023-02-18T00:00:00Z,-05:00,-05:00,US/Eastern,OFF,OK,16,Blackhawks,Chicago,de Chicago,CHI,4.0,9,Senators,Ottawa,d'Ottawa,OTT,3.0,4.0,OT,3,OT,8475852.0,8476960.0,/video/chi-ott-341192770,,,Sénateurs,,,,,,,,,,,,,,,,,,,,CHI
2022020879,20222023,2,2023-02-17,False,2023-02-18T00:00:00Z,-05:00,-05:00,America/New_York,OFF,OK,5,Penguins,Pittsburgh,de Pittsburgh,PIT,4.0,2,Islanders,New York,de New York,NYI,5.0,3.0,REG,3,REG,8478009.0,8470610.0,/video/pit-nyi-341189310,,,,,,,,,,,,,,,,,,,,,,,NYI
2022020880,20222023,2,2023-02-17,False,2023-02-18T01:00:00Z,-05:00,-06:00,US/Central,OFF,OK,25,Stars,Dallas,de Dallas,DAL,1.0,30,Wild,Minnesota,du Minnesota,MIN,2.0,5.0,SO,3,SO,8479406.0,,,,,,,,,,,,,,,,,,,,,,,,,MIN
2022020881,20222023,2,2023-02-17,False,2023-02-18T02:00:00Z,-05:00,-07:00,America/Edmonton,OFF,OK,3,Rangers,New York,de New York,NYR,5.0,22,Oilers,Edmonton,d'Edmonton,EDM,4.0,5.0,SO,3,SO,8478048.0,,/video/nyr-edm-341199610,,,,,,,,,,,,,,,,,,,,,,,NYR
2022020882,20222023,2,2023-02-17,False,2023-02-18T02:00:00Z,-05:00,-08:00,America/Los_Angeles,OFF,OK,26,Kings,Los Angeles,de Los Angeles,LAK,6.0,24,Ducks,Anaheim,d'Anaheim,ANA,3.0,3.0,REG,3,REG,8471734.0,8471685.0,,,,,,,,,,,,,,,,,,,,,,,,LAK
2022020884,20222023,2,2023-02-18,False,2023-02-18T19:00:00Z,-05:00,-06:00,US/Central,OFF,OK,13,Panthers,Florida,de la Floride,FLA,3.0,18,Predators,Nashville,de Nashville,NSH,7.0,3.0,REG,3,REG,8480947.0,8476925.0,,,,,,,,,,,,,,,,,,,,,,,,NSH
2022020883,20222023,2,2023-02-18,False,2023-02-18T19:00:00Z,-05:00,-06:00,US/Central,OFF,OK,21,Avalanche,Colorado,du Colorado,COL,4.0,19,Blues,St. Louis,de St. Louis,STL,1.0,3.0,REG,3,REG,8481020.0,8481524.0,/video/col-stl-341219734,,,,,,,,,,,,,,,,,,,,,,,COL
2022020885,20222023,2,2023-02-18,False,2023-02-18T22:00:00Z,-05:00,-05:00,US/Eastern,OFF,OK,2,Islanders,New York,de New York,NYI,2.0,6,Bruins,Boston,de Boston,BOS,6.0,3.0,REG,3,REG,8476999.0,8479365.0,,,,,,,,,,,,,,,,,,,,,,,,BOS
2022020886,20222023,2,2023-02-18,False,2023-02-18T22:30:00Z,-05:00,-05:00,US/Eastern,OFF,OK,1,Devils,New Jersey,du New Jersey,NJD,5.0,5,Penguins,Pittsburgh,de Pittsburgh,PIT,2.0,3.0,REG,3,REG,8477970.0,8480002.0,/video/njd-pit-341229222,,,,,,,,,,,,,,,,,,,,,,,NJD
2022020887,20222023,2,2023-02-18,False,2023-02-18T23:00:00Z,-05:00,-06:00,US/Central,OFF,OK,29,Blue Jackets,Columbus,de Columbus,CBJ,4.0,25,Stars,Dallas,de Dallas,DAL,1.0,3.0,REG,3,REG,8476914.0,8480871.0,/video/cbj-dal-341232872,,,,,,,,,,,,,,,,,,,,,,,CBJ
2022020888,20222023,2,2023-02-18,False,2023-02-19T00:00:00Z,-05:00,-05:00,America/Toronto,OFF,OK,8,Canadiens,Montréal,de Montréal,MTL,1.0,10,Maple Leafs,Toronto,de Toronto,TOR,5.0,3.0,REG,3,REG,8479361.0,8478115.0,,,,,,,,,,,,,,,,,,,,,,,,TOR
2022020889,20222023,2,2023-02-18,True,2023-02-19T01:00:00Z,-05:00,-05:00,America/New_York,OFF,OK,15,Capitals,Washington,de Washington,WSH,1.0,12,Hurricanes,Carolina,de la Caroline,CAR,4.0,3.0,REG,3,REG,8475883.0,8471669.0,/video/wsh-car-341241930,,,,31.0,2023 Navy Federal Credit Union NHL Stadium Series,,,,,,,,,,,,,,,,,,CAR
2022020891,20222023,2,2023-02-18,False,2023-02-19T03:00:00Z,-05:00,-08:00,America/Vancouver,OFF,OK,4,Flyers,Philadelphia,de Philadelphie,PHI,2.0,23,Canucks,Vancouver,de Vancouver,VAN,6.0,3.0,REG,3,REG,8481668.0,8478463.0,/video/phi-van-341249276,,,,,,,,,,,,,,,,,,,,,,,VAN
2022020890,20222023,2,2023-02-18,False,2023-02-19T03:00:00Z,-05:00,-07:00,America/Edmonton,OFF,OK,3,Rangers,New York,de New York,NYR,2.0,20,Flames,Calgary,de Calgary,CGY,3.0,4.0,OT,3,OT,8474593.0,8474150.0,/video/nyr-cgy-341248700,Markström,,,,,,,,,,,,,,,,,,,,,,CGY
2022020894,20222023,2,2023-02-18,False,2023-02-19T03:30:00Z,-05:00,-08:00,US/Pacific,OFF,OK,17,Red Wings,Detroit,de Detroit,DET,2.0,55,Kraken,Seattle,de Seattle,SEA,4.0,3.0,REG,3,REG,8475831.0,8476467.0,/video/det-sea-341252532,,,,,,,,,,,,,,,,,,,,,,,SEA
2022020893,20222023,2,2023-02-18,False,2023-02-19T03:30:00Z,-05:00,-08:00,US/Pacific,OFF,OK,7,Sabres,Buffalo,de Buffalo,BUF,4.0,28,Sharks,San Jose,de San Jose,SJS,2.0,3.0,REG,3,REG,8480045.0,8475784.0,,,,,,,,,,,,,,,,,,,,,,,,BUF
2022020892,20222023,2,2023-02-18,False,2023-02-19T03:30:00Z,-05:00,-08:00,America/Los_Angeles,OFF,OK,53,Coyotes,Arizona,de l'Arizona,ARI,5.0,26,Kings,Los Angeles,de Los Angeles,LAK,6.0,5.0,SO,3,SO,8471734.0,,/video/ari-lak-341252848,,,,,,,,,,,,,,,,,,,,,,,LAK
2022020895,20222023,2,2023-02-18,False,2023-02-19T03:30:00Z,-05:00,-08:00,US/Pacific,OFF,OK,14,Lightning,Tampa Bay,de Tampa Bay,TBL,4.0,54,Golden Knights,Vegas,de Vegas,VGK,5.0,3.0,REG,3,REG,8478499.0,8478462.0,,,,,,,,,,,,,,,,,,,,,,,,VGK
2022020896,20222023,2,2023-02-19,False,2023-02-19T19:00:00Z,-05:00,-06:00,US/Central,OFF,OK,18,Predators,Nashville,de Nashville,NSH,3.0,30,Wild,Minnesota,du Minnesota,MIN,4.0,3.0,REG,3,REG,8479406.0,8477451.0,,,,,,,,,,,,,,,,,,,,,,,,MIN
2022020897,20222023,2,2023-02-19,False,2023-02-19T19:00:00Z,-05:00,-05:00,US/Eastern,OFF,OK,19,Blues,St. Louis,de St. Louis,STL,2.0,9,Senators,Ottawa,d'Ottawa,OTT,7.0,3.0,REG,3,REG,8481544.0,8482116.0,/video/stl-ott-341274272,Søgaard,,Sénateurs,,,,,,,,,,,,,,,,,,,,OTT
2022020898,20222023,2,2023-02-19,False,2023-02-19T20:00:00Z,-05:00,-07:00,America/Denver,OFF,OK,22,Oilers,Edmonton,d'Edmonton,EDM,5.0,21,Avalanche,Colorado,du Colorado,COL,6.0,4.0,OT,3,OT,8480382.0,8478420.0,/video/edm-col-341278354,,,,,,,,,,,,,,,,,,,,,,,COL
2022020899,20222023,2,2023-02-19,False,2023-02-19T23:00:00Z,-05:00,-06:00,America/Chicago,OFF,OK,10,Maple Leafs,Toronto,de Toronto,TOR,3.0,16,Blackhawks,Chicago,de Chicago,CHI,5.0,3.0,REG,3,REG,8483530.0,8480252.0,/video/tor-chi-341283262,,,,,,,,,,,,,,,,,,,,,,,CHI
2022020900,20222023,2,2023-02-19,False,2023-02-20T00:00:00Z,-05:00,-05:00,US/Eastern,OFF,OK,52,Jets,Winnipeg,de Winnipeg,WPG,2.0,1,Devils,New Jersey,du New Jersey,NJD,4.0,3.0,REG,3,REG,8478406.0,8477425.0,/video/wpg-njd-341285984,,,,,,,,,,,,,,,,,,,,,,,NJD
2022020901,20222023,2,2023-02-19,False,2023-02-20T01:30:00Z,-05:00,-07:00,America/Phoenix,OFF,OK,29,Blue Jackets,Columbus,de Columbus,CBJ,2.0,53,Coyotes,Arizona,de l'Arizona,ARI,3.0,4.0,OT,3,OT,8478971.0,8480849.0,/video/cbj-ari-341289392,,,,,,,,,,,,,,,,,,,,,,,ARI
2022020902,20222023,2,2023-02-20,False,2023-02-20T18:00:00Z,-05:00,-05:00,US/Eastern,OFF,OK,24,Ducks,Anaheim,d'Anaheim,ANA,3.0,13,Panthers,Florida,de la Floride,FLA,4.0,4.0,OT,3,OT,8475683.0,8477409.0,/video/ana-fla-341305536,,,,,,,,,,,,,,,,,,,,,,,FLA
2022020903,20222023,2,2023-02-20,False,2023-02-20T18:00:00Z,-05:00,-05:00,US/Eastern,OFF,OK,9,Senators,Ottawa,d'Ottawa,OTT,1.0,6,Bruins,Boston,de Boston,BOS,3.0,3.0,REG,3,REG,8476999.0,8477956.0,,,Sénateurs,,,,,,,,,,,,,,,,,,,,,BOS
2022020905,20222023,2,2023-02-20,False,2023-02-20T21:00:00Z,-05:00,-08:00,US/Pacific,OFF,OK,55,Kraken,Seattle,de Seattle,SEA,0.0,28,Sharks,San Jose,de San Jose,SJS,4.0,3.0,REG,3,REG,8473503.0,8474053.0,,,,,,,,,,,,,,,,,,,,,,,,SJS
2022020904,20222023,2,2023-02-20,False,2023-02-20T21:00:00Z,-05:00,-07:00,America/Edmonton,OFF,OK,4,Flyers,Philadelphia,de Philadelphie,PHI,4.0,20,Flames,Calgary,de Calgary,CGY,3.0,3.0,REG,3,REG,8481035.0,8479322.0,,,,,,,,,,,,,,,,,,,,,,,,PHI
2022020906,20222023,2,2023-02-20,False,2023-02-21T00:00:00Z,-05:00,-05:00,US/Eastern,OFF,OK,2,Islanders,New York,de New York,NYI,4.0,5,Penguins,Pittsburgh,de Pittsburgh,PIT,2.0,3.0,REG,3,REG,8478009.0,8475314.0,/video/nyi-pit-341321992,,,,,,,,,,,,,,,,,,,,,,,NYI
2022020907,20222023,2,2023-02-20,False,2023-02-21T00:00:00Z,-05:00,-05:00,America/New_York,OFF,OK,52,Jets,Winnipeg,de Winnipeg,WPG,4.0,3,Rangers,New York,de New York,NYR,1.0,3.0,REG,3,REG,8476945.0,8476460.0,,,,,,,,,,,,,,,,,,,,,,,,WPG
2022020908,20222023,2,2023-02-21,False,2023-02-22T00:00:00Z,-05:00,-05:00,US/Eastern,OFF,OK,24,Ducks,Anaheim,d'Anaheim,ANA,1.0,14,Lightning,Tampa Bay,de Tampa Bay,TBL,6.0,3.0,REG,3,REG,8476883.0,8479525.0,/video/ana-tbl-341354318,,,,,,,,,,,,,,,,,,,,,,,TBL
2022020910,20222023,2,2023-02-21,False,2023-02-22T00:00:00Z,-05:00,-05:00,US/Eastern,OFF,OK,8,Canadiens,Montréal,de Montréal,MTL,5.0,1,Devils,New Jersey,du New Jersey,NJD,2.0,3.0,REG,3,REG,8478470.0,8480018.0,/video/mtl-njd-341352794,,,,,,,,,,,,,,,,,,,,,,,MTL
2022020911,20222023,2,2023-02-21,False,2023-02-22T00:00:00Z,-05:00,-05:00,US/Eastern,OFF,OK,19,Blues,St. Louis,de St. Louis,STL,1.0,12,Hurricanes,Carolina,de la Caroline,CAR,4.0,3.0,REG,3,REG,8475883.0,8480830.0,,,,,,,,,,,,,,,,,,,,,,,,CAR
2022020909,20222023,2,2023-02-21,False,2023-02-22T00:00:00Z,-05:00,-05:00,US/Eastern,OFF,OK,17,Red Wings,Detroit,de Detroit,DET,3.0,15,Capitals,Washington,de Washington,WSH,1.0,3.0,REG,3,REG,8478024.0,8480459.0,/video/det-wsh-341352460,,,,,,,,,,,,,,,,,,,,,,,DET
2022020912,20222023,2,2023-02-21,False,2023-02-22T00:30:00Z,-05:00,-05:00,America/New_York,OFF,OK,10,Maple Leafs,Toronto,de Toronto,TOR,6.0,7,Sabres,Buffalo,de Buffalo,BUF,3.0,3.0,REG,3,REG,8478492.0,8478047.0,,,,,,,,,,,,,,,,,,,,,,,,TOR
2022020914,20222023,2,2023-02-21,False,2023-02-22T01:00:00Z,-05:00,-06:00,US/Central,OFF,OK,23,Canucks,Vancouver,de Vancouver,VAN,4.0,18,Predators,Nashville,de Nashville,NSH,5.0,5.0,SO,3,SO,8477424.0,,/video/van-nsh-341363786,,,,,,,,,,,,,,,,,,,,,,,NSH
2022020913,20222023,2,2023-02-21,False,2023-02-22T01:00:00Z,-05:00,-06:00,US/Central,OFF,OK,26,Kings,Los Angeles,de Los Angeles,LAK,1.0,30,Wild,Minnesota,du Minnesota,MIN,2.0,3.0,REG,3,REG,8479406.0,8477451.0,,,,,,,,,,,,,,,,,,,,,,,,MIN
2022020915,20222023,2,2023-02-21,False,2023-02-22T01:30:00Z,-05:00,-06:00,America/Chicago,OFF,OK,54,Golden Knights,Vegas,de Vegas,VGK,2.0,16,Blackhawks,Chicago,de Chicago,CHI,3.0,5.0,SO,3,SO,8475852.0,,,,,,,,,,,,,,,,,,,,,,,,,CHI
2022020916,20222023,2,2023-02-21,False,2023-02-22T02:00:00Z,-05:00,-07:00,America/Edmonton,OFF,OK,4,Flyers,Philadelphia,de Philadelphie,PHI,2.0,22,Oilers,Edmonton,d'Edmonton,EDM,4.0,3.0,REG,3,REG,8479973.0,8478402.0,/video/phi-edm-341367072,,,,,,,,,,,,,,,,,,,,,,,EDM
2022020917,20222023,2,2023-02-22,False,2023-02-23T00:00:00Z,-05:00,-05:00,America/New_York,OFF,OK,52,Jets,Winnipeg,de Winnipeg,WPG,1.0,2,Islanders,New York,de New York,NYI,2.0,3.0,REG,3,REG,8478009.0,8481601.0,/video/wpg-nyi-341388918,,,,,,,,,,,,,,,,,,,,,,,NYI
2022020918,20222023,2,2023-02-22,False,2023-02-23T02:30:00Z,-05:00,-06:00,US/Central,OFF,OK,16,Blackhawks,Chicago,de Chicago,CHI,4.0,25,Stars,Dallas,de Dallas,DAL,3.0,3.0,REG,3,REG,8483530.0,8477503.0,/video/chi-dal-341396774,,,,,,,,,,,,,,,,,,,,,,,CHI
2022020919,20222023,2,2023-02-22,False,2023-02-23T02:30:00Z,-05:00,-07:00,America/Phoenix,OFF,OK,20,Flames,Calgary,de Calgary,CGY,6.0,53,Coyotes,Arizona,de l'Arizona,ARI,3.0,3.0,REG,3,REG,8478435.0,8481592.0,/video/cgy-ari-341396126,,,,,,,,,,,,,,,,,,,,,,,CGY
2022020923,20222023,2,2023-02-23,False,2023-02-24T00:00:00Z,-05:00,-05:00,US/Eastern,OFF,OK,26,Kings,Los Angeles,de Los Angeles,LAK,3.0,1,Devils,New Jersey,du New Jersey,NJD,4.0,4.0,OT,3,OT,8477970.0,8482110.0,/video/lak-njd-341432742,,,,,,,,,,,,,,,,,,,,,,,NJD
2022020921,20222023,2,2023-02-23,False,2023-02-24T00:00:00Z,-05:00,-05:00,US/Eastern,OFF,OK,7,Sabres,Buffalo,de Buffalo,BUF,6.0,14,Lightning,Tampa Bay,de Tampa Bay,TBL,5.0,4.0,OT,3,OT,8477480.0,8480950.0,/video/buf-tbl-341432314,,,,,,,,,,,,,,,,,,,,,,,BUF
2022020924,20222023,2,2023-02-23,False,2023-02-24T00:00:00Z,-05:00,-05:00,US/Eastern,OFF,OK,30,Wild,Minnesota,du Minnesota,MIN,2.0,29,Blue Jackets,Columbus,de Columbus,CBJ,0.0,3.0,REG,3,REG,8470594.0,8479520.0,/video/min-cbj-341430756,,,,,,,,,,,,,,,,,,,,,,,MIN
2022020925,20222023,2,2023-02-23,False,2023-02-24T00:00:00Z,-05:00,-05:00,America/Detroit,OFF,OK,3,Rangers,New York,de New York,NYR,1.0,17,Red Wings,Detroit,de Detroit,DET,4.0,3.0,REG,3,REG,8478024.0,8480821.0,/video/nyr-det-341434380,,,,,,,,,,,,,,,,,,,,,,,DET
2022020922,20222023,2,2023-02-23,False,2023-02-24T00:00:00Z,-05:00,-05:00,US/Eastern,OFF,OK,22,Oilers,Edmonton,d'Edmonton,EDM,7.0,5,Penguins,Pittsburgh,de Pittsburgh,PIT,2.0,3.0,REG,3,REG,8479973.0,8479977.0,/video/edm-pit-341432570,,,,,,,,,,,,,,,,,,,,,,,EDM
2022020920,20222023,2,2023-02-23,False,2023-02-24T00:00:00Z,-05:00,-05:00,US/Eastern,OFF,OK,24,Ducks,Anaheim,d'Anaheim,ANA,4.0,15,Capitals,Washington,de Washington,WSH,2.0,3.0,REG,3,REG,8476434.0,8475164.0,/video/ana-wsh-341433568,,,,,,,,,,,,,,,,,,,,,,,ANA
2022020926,20222023,2,2023-02-23,False,2023-02-24T01:00:00Z,-05:00,-06:00,US/Central,OFF,OK,23,Canucks,Vancouver,de Vancouver,VAN,3.0,19,Blues,St. Louis,de St. Louis,STL,2.0,4.0,OT,3,OT,8481668.0,8480012.0,/video/van-stl-341439642,,,,,,,,,,,,,,,,,,,,,,,VAN
2022020928,20222023,2,2023-02-23,False,2023-02-24T02:00:00Z,-05:00,-08:00,US/Pacific,OFF,OK,20,Flames,Calgary,de Calgary,CGY,3.0,54,Golden Knights,Vegas,de Vegas,VGK,4.0,4.0,OT,3,OT,8476316.0,8474565.0,/video/cgy-vgk-341444990,,,,,,,,,,,,,,,,,,,,,,,VGK
2022020927,20222023,2,2023-02-23,False,2023-02-24T03:00:00Z,-05:00,-08:00,US/Pacific,OFF,OK,6,Bruins,Boston,de Boston,BOS,6.0,55,Kraken,Seattle,de Seattle,SEA,5.0,3.0,REG,3,REG,8480280.0,8478498.0,/video/bos-sea-341448204,,,,,,,,,,,,,,,,,,,,,,,BOS
2022020929,20222023,2,2023-02-23,False,2023-02-24T03:30:00Z,-05:00,-08:00,US/Pacific,OFF,OK,18,Predators,Nashville,de Nashville,NSH,6.0,28,Sharks,San Jose,de San Jose,SJS,2.0,3.0,REG,3,REG,8477424.0,8475798.0,,,,,,,,,,,,,,,,,,,,,,,,NSH
2022020931,20222023,2,2023-02-24,False,2023-02-25T00:00:00Z,-05:00,-05:00,America/Toronto,OFF,OK,30,Wild,Minnesota,du Minnesota,MIN,1.0,10,Maple Leafs,Toronto,de Toronto,TOR,2.0,4.0,OT,3,OT,8478492.0,8477939.0,/video/min-tor-341481362,,,,,,,,,,,,,,,,,,,,,,,TOR
2022020933,20222023,2,2023-02-24,False,2023-02-25T00:00:00Z,-05:00,-05:00,US/Eastern,OFF,OK,9,Senators,Ottawa,d'Ottawa,OTT,0.0,12,Hurricanes,Carolina,de la Caroline,CAR,4.0,3.0,REG,3,REG,8477293.0,8470613.0,/video/ott-car-341481096,,Sénateurs,,,,,,,,,,,,,,,,,,,,,CAR
2022020930,20222023,2,2023-02-24,False,2023-02-25T00:00:00Z,-05:00,-05:00,US/Eastern,OFF,OK,7,Sabres,Buffalo,de Buffalo,BUF,3.0,13,Panthers,Florida,de la Floride,FLA,1.0,3.0,REG,3,REG,8467950.0,8477949.0,/video/buf-fla-341481728,,,,,,,,,,,,,,,,,,,,,,,BUF
2022020932,20222023,2,2023-02-24,False,2023-02-25T00:00:00Z,-05:00,-05:00,US/Eastern,OFF,OK,8,Canadiens,Montréal,de Montréal,MTL,5.0,4,Flyers,Philadelphia,de Philadelphie,PHI,2.0,3.0,REG,3,REG,8474596.0,8480018.0,,,,,,,,,,,,,,,,,,,,,,,,MTL
2022020934,20222023,2,2023-02-24,False,2023-02-25T00:30:00Z,-05:00,-05:00,America/New_York,OFF,OK,26,Kings,Los Angeles,de Los Angeles,LAK,3.0,2,Islanders,New York,de New York,NYI,2.0,3.0,REG,3,REG,8471734.0,8480014.0,/video/lak-nyi-341482144,,,,,,,,,,,,,,,,,,,,,,,LAK
2022020935,20222023,2,2023-02-24,False,2023-02-25T01:00:00Z,-05:00,-06:00,America/Winnipeg,OFF,OK,21,Avalanche,Colorado,du Colorado,COL,5.0,52,Jets,Winnipeg,de Winnipeg,WPG,1.0,3.0,REG,3,REG,8480382.0,8478420.0,/video/col-wpg-341485474,,,,,,,,,,,,,,,,,,,,,,,COL
2022020936,20222023,2,2023-02-25,False,2023-02-25T17:30:00Z,-05:00,-05:00,US/Eastern,OFF,OK,22,Oilers,Edmonton,d'Edmonton,EDM,5.0,29,Blue Jackets,Columbus,de Columbus,CBJ,6.0,3.0,REG,3,REG,8476914.0,8478458.0,,,,,,,,,,,,,,,,,,,,,,,,CBJ
2022020937,20222023,2,2023-02-25,False,2023-02-25T18:00:00Z,-05:00,-05:00,US/Eastern,OFF,OK,3,Rangers,New York,de New York,NYR,3.0,15,Capitals,Washington,de Washington,WSH,6.0,3.0,REG,3,REG,8475311.0,8477947.0,/video/nyr-wsh-341502684,,,,,,,,,,,,,,,,,,,,,,,WSH
2022020943,20222023,2,2023-02-25,False,2023-02-25T20:30:00Z,-05:00,-06:00,US/Central,OFF,OK,5,Penguins,Pittsburgh,de Pittsburgh,PIT,3.0,19,Blues,St. Louis,de St. Louis,STL,2.0,4.0,OT,3,OT,8477465.0,8475810.0,/video/pit-stl-341507164,,,,,,,,,,,,,,,,,,,,,,,PIT
2022020938,20222023,2,2023-02-25,False,2023-02-26T00:00:00Z,-05:00,-05:00,US/Eastern,OFF,OK,24,Ducks,Anaheim,d'Anaheim,ANA,3.0,12,Hurricanes,Carolina,de la Caroline,CAR,2.0,3.0,REG,3,REG,8476434.0,8478873.0,/video/ana-car-341516650,,,,,,,,,,,,,,,,,,,,,,,ANA
2022020939,20222023,2,2023-02-25,False,2023-02-26T00:00:00Z,-05:00,-08:00,America/Vancouver,OFF,OK,6,Bruins,Boston,de Boston,BOS,3.0,23,Canucks,Vancouver,de Vancouver,VAN,1.0,3.0,REG,3,REG,8476999.0,8473419.0,/video/bos-van-341517322,,,,,,,,,,,,,,,,,,,,,,,BOS
2022020940,20222023,2,2023-02-25,False,2023-02-26T00:00:00Z,-05:00,-05:00,America/Montreal,OFF,OK,9,Senators,Ottawa,d'Ottawa,OTT,5.0,8,Canadiens,Montréal,de Montréal,MTL,2.0,3.0,REG,3,REG,8481544.0,8475766.0,/video/ott-mtl-341517392,Søgaard,Sénateurs,,,,,,,,,,,,,,,,,,,,,OTT
2022020941,20222023,2,2023-02-25,False,2023-02-26T00:00:00Z,-05:00,-05:00,US/Eastern,OFF,OK,4,Flyers,Philadelphia,de Philadelphie,PHI,0.0,1,Devils,New Jersey,du New Jersey,NJD,7.0,3.0,REG,3,REG,8481033.0,8478399.0,/video/phi-njd-341517874,,,,,,,,,,,,,,,,,,,,,,,NJD
2022020942,20222023,2,2023-02-25,False,2023-02-26T01:00:00Z,-05:00,-05:00,America/Detroit,OFF,OK,14,Lightning,Tampa Bay,de Tampa Bay,TBL,3.0,17,Red Wings,Detroit,de Detroit,DET,0.0,3.0,REG,3,REG,8476883.0,8478010.0,/video/tbl-det-341521384,,,,,,,,,,,,,,,,,,,,,,,TBL
2022020946,20222023,2,2023-02-25,False,2023-02-26T03:00:00Z,-05:00,-08:00,US/Pacific,OFF,OK,16,Blackhawks,Chicago,de Chicago,CHI,4.0,28,Sharks,San Jose,de San Jose,SJS,3.0,5.0,SO,3,SO,8475852.0,,/video/chi-sjs-341530672,,,,,,,,,,,,,,,,,,,,,,,CHI
2022020944,20222023,2,2023-02-25,False,2023-02-26T03:00:00Z,-05:00,-07:00,America/Denver,OFF,OK,20,Flames,Calgary,de Calgary,CGY,1.0,21,Avalanche,Colorado,du Colorado,COL,4.0,3.0,REG,3,REG,8480382.0,8481618.0,/video/cgy-col-341528180,,,,,,,,,,,,,,,,,,,,,,,COL
2022020945,20222023,2,2023-02-25,False,2023-02-26T03:00:00Z,-05:00,-08:00,US/Pacific,OFF,OK,25,Stars,Dallas,de Dallas,DAL,3.0,54,Golden Knights,Vegas,de Vegas,VGK,2.0,5.0,SO,3,SO,8479979.0,,/video/dal-vgk-341528142,,,,,,,,,,,,,,,,,,,,,,,DAL
2022020947,20222023,2,2023-02-26,False,2023-02-26T18:00:00Z,-05:00,-05:00,America/New_York,OFF,OK,15,Capitals,Washington,de Washington,WSH,4.0,7,Sabres,Buffalo,de Buffalo,BUF,7.0,3.0,REG,3,REG,8480045.0,8476994.0,/video/wsh-buf-341543378,,,,,,,,,,,,,,,,,,,,,,,BUF
2022020948,20222023,2,2023-02-26,False,2023-02-26T19:00:00Z,-05:00,-06:00,US/Central,OFF,OK,29,Blue Jackets,Columbus,de Columbus,CBJ,2.0,30,Wild,Minnesota,du Minnesota,MIN,3.0,4.0,OT,3,OT,8470594.0,8478864.0,/video/cbj-min-341546608,,,,,,,,,,,,,,,,,,,,,,,MIN
2022020949,20222023,2,2023-02-26,False,2023-02-26T20:30:00Z,-05:00,-06:00,America/Winnipeg,OFF,OK,2,Islanders,New York,de New York,NYI,4.0,52,Jets,Winnipeg,de Winnipeg,WPG,0.0,3.0,REG,3,REG,8473575.0,8477500.0,/video/nyi-wpg-341549684,,,,,,,,,,,,,,,,,,,,,,,NYI
2022020950,20222023,2,2023-02-26,False,2023-02-26T22:00:00Z,-05:00,-05:00,America/New_York,OFF,OK,26,Kings,Los Angeles,de Los Angeles,LAK,2.0,3,Rangers,New York,de New York,NYR,5.0,3.0,REG,3,REG,8478048.0,8476389.0,/video/lak-nyr-341557160,,,,,,,,,,,,,,,,,,,,,,,NYR
2022020951,20222023,2,2023-02-26,False,2023-02-26T23:00:00Z,-05:00,-05:00,US/Eastern,OFF,OK,14,Lightning,Tampa Bay,de Tampa Bay,TBL,3.0,5,Penguins,Pittsburgh,de Pittsburgh,PIT,7.0,3.0,REG,3,REG,8479193.0,8476927.0,/video/tbl-pit-341559850,,,,,,,,,,,,,,,,,,,,,,,PIT
2022020953,20222023,2,2023-02-26,False,2023-02-27T00:00:00Z,-05:00,-08:00,US/Pacific,OFF,OK,10,Maple Leafs,Toronto,de Toronto,TOR,5.0,55,Kraken,Seattle,de Seattle,SEA,1.0,3.0,REG,3,REG,8478492.0,8475166.0,/video/tor-sea-341561788,,,,,,,,,,,,,,,,,,,,,,,TOR
2022020952,20222023,2,2023-02-26,False,2023-02-27T00:00:00Z,-05:00,-07:00,America/Phoenix,OFF,OK,18,Predators,Nashville,de Nashville,NSH,6.0,53,Coyotes,Arizona,de l'Arizona,ARI,2.0,3.0,REG,3,REG,8477424.0,8474600.0,/video/nsh-ari-341563180,,,,,,,,,,,,,,,,,,,,,,,NSH
2022020534,20222023,2,2023-02-27,False,2023-02-28T00:00:00Z,-05:00,-05:00,US/Eastern,OFF,OK,17,Red Wings,Detroit,de Detroit,DET,2.0,9,Senators,Ottawa,d'Ottawa,OTT,6.0,3.0,REG,3,REG,8475660.0,8473512.0,/video/det-ott-341595052,,,Sénateurs,,,,,,,,,,,,,,,,,,,,OTT
2022020954,20222023,2,2023-02-27,False,2023-02-28T01:30:00Z,-05:00,-07:00,America/Edmonton,OFF,OK,6,Bruins,Boston,de Boston,BOS,3.0,22,Oilers,Edmonton,d'Edmonton,EDM,2.0,3.0,REG,3,REG,8480280.0,8478401.0,/video/bos-edm-341598390,,,,,,,,,,,,,,,,,,,,,,,BOS
2022020955,20222023,2,2023-02-27,False,2023-02-28T01:30:00Z,-05:00,-06:00,US/Central,OFF,OK,23,Canucks,Vancouver,de Vancouver,VAN,5.0,25,Stars,Dallas,de Dallas,DAL,4.0,4.0,OT,3,OT,8477967.0,8483808.0,/video/van-dal-341599670,,,,,,,,,,,,,,,,,,,,,,,VAN
2022020956,20222023,2,2023-02-27,False,2023-02-28T02:00:00Z,-05:00,-07:00,America/Denver,OFF,OK,54,Golden Knights,Vegas,de Vegas,VGK,0.0,21,Avalanche,Colorado,du Colorado,COL,3.0,3.0,REG,3,REG,8480382.0,8478420.0,/video/vgk-col-341600602,,,,,,,,,,,,,,,,,,,,,,,COL
2022020957,20222023,2,2023-02-27,False,2023-02-28T03:00:00Z,-05:00,-08:00,America/Los_Angeles,OFF,OK,16,Blackhawks,Chicago,de Chicago,CHI,2.0,24,Ducks,Anaheim,d'Anaheim,ANA,4.0,3.0,REG,3,REG,8480843.0,8479368.0,/video/chi-ana-341603614,,,,,,,,,,,,,,,,,,,,,,,ANA
2022020960,20222023,2,2023-02-28,False,2023-03-01T00:00:00Z,-05:00,-05:00,US/Eastern,OFF,OK,13,Panthers,Florida,de la Floride,FLA,4.0,14,Lightning,Tampa Bay,de Tampa Bay,TBL,1.0,3.0,REG,3,REG,8475683.0,8482113.0,,,,,,,,,,,,,,,,,,,,,,,,FLA
2022020959,20222023,2,2023-02-28,False,2023-03-01T00:00:00Z,-05:00,-05:00,US/Eastern,OFF,OK,17,Red Wings,Detroit,de Detroit,DET,1.0,9,Senators,Ottawa,d'Ottawa,OTT,6.0,3.0,REG,3,REG,8481544.0,8475766.0,/video/det-ott-341649522,Søgaard,,Sénateurs,,,,,,,,,,,,,,,,,,,,OTT
2022020958,20222023,2,2023-02-28,False,2023-03-01T00:30:00Z,-05:00,-05:00,America/New_York,OFF,OK,29,Blue Jackets,Columbus,de Columbus,CBJ,5.0,7,Sabres,Buffalo,de Buffalo,BUF,3.0,3.0,REG,3,REG,8478007.0,8476432.0,/video/cbj-buf-341652416,,,,,,,,,,,,,,,,,,,,,,,CBJ
2022020964,20222023,2,2023-02-28,False,2023-03-01T01:00:00Z,-05:00,-06:00,US/Central,OFF,OK,55,Kraken,Seattle,de Seattle,SEA,5.0,19,Blues,St. Louis,de St. Louis,STL,3.0,3.0,REG,3,REG,8474889.0,8476467.0,/video/sea-stl-341655808,,,,,,,,,,,,,,,,,,,,,,,SEA
2022020963,20222023,2,2023-02-28,False,2023-03-01T01:00:00Z,-05:00,-06:00,US/Central,OFF,OK,5,Penguins,Pittsburgh,de Pittsburgh,PIT,3.0,18,Predators,Nashville,de Nashville,NSH,1.0,3.0,REG,3,REG,8477465.0,8475722.0,/video/pit-nsh-341655446,,,,,,,,,,,,,,,,,,,,,,,PIT
2022020962,20222023,2,2023-02-28,False,2023-03-01T01:00:00Z,-05:00,-06:00,US/Central,OFF,OK,2,Islanders,New York,de New York,NYI,1.0,30,Wild,Minnesota,du Minnesota,MIN,2.0,5.0,SO,3,SO,8479406.0,,/video/nyi-min-341657362,,,,,,,,,,,,,,,,,,,,,,,MIN
2022020961,20222023,2,2023-02-28,False,2023-03-01T01:00:00Z,-05:00,-06:00,America/Winnipeg,OFF,OK,26,Kings,Los Angeles,de Los Angeles,LAK,6.0,52,Jets,Winnipeg,de Winnipeg,WPG,5.0,5.0,SO,3,SO,8477831.0,,/video/lak-wpg-341659978,,,,,,,,,,,,,,,,,,,,,,,LAK
2022020965,20222023,2,2023-02-28,False,2023-03-01T02:00:00Z,-05:00,-07:00,America/Edmonton,OFF,OK,6,Bruins,Boston,de Boston,BOS,4.0,20,Flames,Calgary,de Calgary,CGY,3.0,4.0,OT,3,OT,8476999.0,8479325.0,/video/bos-cgy-341664286,,,,,,,,,,,,,,,,,,,,,,,BOS
2022020966,20222023,2,2023-02-28,False,2023-03-01T02:00:00Z,-05:00,-07:00,America/Phoenix,OFF,OK,16,Blackhawks,Chicago,de Chicago,CHI,1.0,53,Coyotes,Arizona,de l'Arizona,ARI,4.0,3.0,REG,3,REG,8478872.0,8480849.0,/video/chi-ari-341661130,,,,,,,,,,,,,,,,,,,,,,,ARI
2022020967,20222023,2,2023-02-28,False,2023-03-01T03:30:00Z,-05:00,-08:00,US/Pacific,OFF,OK,8,Canadiens,Montréal,de Montréal,MTL,3.0,28,Sharks,San Jose,de San Jose,SJS,1.0,3.0,REG,3,REG,8474596.0,8481058.0,/video/mtl-sjs-341667408,,,,,,,,,,,,,,,,,,,,,,,MTL
2022020968,20222023,2,2023-03-01,False,2023-03-02T00:30:00Z,-05:00,-05:00,US/Eastern,OFF,OK,3,Rangers,New York,de New York,NYR,3.0,4,Flyers,Philadelphia,de Philadelphie,PHI,2.0,4.0,OT,3,OT,8478048.0,8475765.0,/video/nyr-phi-341700900,,,,,,,,,,,,,,,,,,,,,,,NYR
2022020969,20222023,2,2023-03-01,False,2023-03-02T01:00:00Z,-05:00,-07:00,America/Edmonton,OFF,OK,10,Maple Leafs,Toronto,de Toronto,TOR,2.0,22,Oilers,Edmonton,d'Edmonton,EDM,5.0,3.0,REG,3,REG,8479973.0,8475786.0,/video/tor-edm-341703634,,,,,,,,,,,,,,,,,,,,,,,EDM
2022020970,20222023,2,2023-03-01,False,2023-03-02T01:30:00Z,-05:00,-06:00,US/Central,OFF,OK,53,Coyotes,Arizona,de l'Arizona,ARI,2.0,25,Stars,Dallas,de Dallas,DAL,4.0,3.0,REG,3,REG,8479979.0,8480036.0,,,,,,,,,,,,,,,,,,,,,,,,DAL
2022020971,20222023,2,2023-03-01,False,2023-03-02T02:00:00Z,-05:00,-07:00,America/Denver,OFF,OK,1,Devils,New Jersey,du New Jersey,NJD,7.0,21,Avalanche,Colorado,du Colorado,COL,5.0,3.0,REG,3,REG,8477970.0,8482110.0,,,,,,,,,,,,,,,,,,,,,,,,NJD
2022020972,20222023,2,2023-03-01,False,2023-03-02T03:00:00Z,-05:00,-08:00,US/Pacific,OFF,OK,12,Hurricanes,Carolina,de la Caroline,CAR,2.0,54,Golden Knights,Vegas,de Vegas,VGK,3.0,3.0,REG,3,REG,8478499.0,8475191.0,/video/car-vgk-341710742,,,,,,,,,,,,,,,,,,,,,,,VGK
2022020973,20222023,2,2023-03-01,False,2023-03-02T03:00:00Z,-05:00,-08:00,America/Los_Angeles,OFF,OK,15,Capitals,Washington,de Washington,WSH,3.0,24,Ducks,Anaheim,d'Anaheim,ANA,2.0,4.0,OT,3,OT,8475311.0,8476880.0,/video/wsh-ana-341710986,,,,,,,,,,,,,,,,,,,,,,,WSH
2022020975,20222023,2,2023-03-02,False,2023-03-03T00:00:00Z,-05:00,-05:00,US/Eastern,OFF,OK,18,Predators,Nashville,de Nashville,NSH,2.0,13,Panthers,Florida,de la Floride,FLA,1.0,3.0,REG,3,REG,8480947.0,8481077.0,/video/nsh-fla-341751850,,,,,,,,,,,,,,,,,,,,,,,NSH
2022020977,20222023,2,2023-03-02,False,2023-03-03T00:00:00Z,-05:00,-05:00,US/Eastern,OFF,OK,5,Penguins,Pittsburgh,de Pittsburgh,PIT,5.0,14,Lightning,Tampa Bay,de Tampa Bay,TBL,4.0,4.0,OT,3,OT,8477465.0,8475722.0,/video/pit-tbl-341755156,,,,,,,,,,,,,,,,,,,,,,,PIT
2022020978,20222023,2,2023-03-02,False,2023-03-03T00:00:00Z,-05:00,-05:00,America/Detroit,OFF,OK,55,Kraken,Seattle,de Seattle,SEA,5.0,17,Red Wings,Detroit,de Detroit,DET,4.0,4.0,OT,3,OT,8475831.0,8477416.0,/video/sea-det-341753610,,,,,,,,,,,,,,,,,,,,,,,SEA
2022020976,20222023,2,2023-03-02,False,2023-03-03T00:00:00Z,-05:00,-05:00,America/New_York,OFF,OK,9,Senators,Ottawa,d'Ottawa,OTT,5.0,3,Rangers,New York,de New York,NYR,3.0,3.0,REG,3,REG,8475660.0,8473512.0,/video/ott-nyr-341753330,,Sénateurs,,,,,,,,,,,,,,,,,,,,,OTT
2022020974,20222023,2,2023-03-02,False,2023-03-03T00:00:00Z,-05:00,-05:00,US/Eastern,OFF,OK,7,Sabres,Buffalo,de Buffalo,BUF,1.0,6,Bruins,Boston,de Boston,BOS,7.0,3.0,REG,3,REG,8480280.0,8480880.0,,,,,,,,,,,,,,,,,,,,,,,,BOS
2022020979,20222023,2,2023-03-02,False,2023-03-03T01:30:00Z,-05:00,-06:00,America/Chicago,OFF,OK,25,Stars,Dallas,de Dallas,DAL,5.0,16,Blackhawks,Chicago,de Chicago,CHI,2.0,3.0,REG,3,REG,8483575.0,8473994.0,/video/dal-chi-341761654,,,,,,,,,,,,,,,,,,,,,,,DAL
2022020980,20222023,2,2023-03-02,False,2023-03-03T02:00:00Z,-05:00,-07:00,America/Edmonton,OFF,OK,10,Maple Leafs,Toronto,de Toronto,TOR,2.0,20,Flames,Calgary,de Calgary,CGY,1.0,3.0,REG,3,REG,8479361.0,8475714.0,/video/tor-cgy-341763676,,,,,,,,,,,,,,,,,,,,,,,TOR
2022020981,20222023,2,2023-03-02,False,2023-03-03T03:00:00Z,-05:00,-08:00,America/Vancouver,OFF,OK,30,Wild,Minnesota,du Minnesota,MIN,2.0,23,Canucks,Vancouver,de Vancouver,VAN,1.0,3.0,REG,3,REG,8470594.0,8478864.0,,,,,,,,,,,,,,,,,,,,,,,,MIN
2022020982,20222023,2,2023-03-02,False,2023-03-03T03:30:00Z,-05:00,-08:00,America/Los_Angeles,OFF,OK,8,Canadiens,Montréal,de Montréal,MTL,2.0,26,Kings,Los Angeles,de Los Angeles,LAK,3.0,3.0,REG,3,REG,8477831.0,8471685.0,/video/mtl-lak-341769978,,,,,,,,,,,,,,,,,,,,,,,LAK
2022020983,20222023,2,2023-03-02,False,2023-03-03T03:30:00Z,-05:00,-08:00,US/Pacific,OFF,OK,19,Blues,St. Louis,de St. Louis,STL,6.0,28,Sharks,San Jose,de San Jose,SJS,3.0,3.0,REG,3,REG,8471306.0,8475170.0,/video/stl-sjs-341770028,,,,,,,,,,,,,,,,,,,,,,,STL
2022020984,20222023,2,2023-03-03,False,2023-03-04T00:00:00Z,-05:00,-05:00,US/Eastern,OFF,OK,55,Kraken,Seattle,de Seattle,SEA,4.0,29,Blue Jackets,Columbus,de Columbus,CBJ,2.0,3.0,REG,3,REG,8475831.0,8477505.0,,,,,,,,,,,,,,,,,,,,,,,,SEA
2022020985,20222023,2,2023-03-03,False,2023-03-04T02:00:00Z,-05:00,-07:00,America/Edmonton,OFF,OK,52,Jets,Winnipeg,de Winnipeg,WPG,3.0,22,Oilers,Edmonton,d'Edmonton,EDM,6.0,3.0,REG,3,REG,8479973.0,8479977.0,/video/wpg-edm-341812310,,,,,,,,,,,,,,,,,,,,,,,EDM
2022020986,20222023,2,2023-03-03,False,2023-03-04T02:30:00Z,-05:00,-07:00,America/Phoenix,OFF,OK,12,Hurricanes,Carolina,de la Caroline,CAR,6.0,53,Coyotes,Arizona,de l'Arizona,ARI,1.0,3.0,REG,3,REG,8477293.0,8478427.0,/video/car-ari-341813250,,,,,,,,,,,,,,,,,,,,,,,CAR
2022020987,20222023,2,2023-03-03,False,2023-03-04T03:00:00Z,-05:00,-08:00,America/Los_Angeles,OFF,OK,8,Canadiens,Montréal,de Montréal,MTL,2.0,24,Ducks,Anaheim,d'Anaheim,ANA,3.0,3.0,REG,3,REG,8476434.0,8475164.0,/video/mtl-ana-341815842,,,,,,,,,,,,,,,,,,,,,,,ANA
2022020988,20222023,2,2023-03-03,False,2023-03-04T03:00:00Z,-05:00,-08:00,US/Pacific,OFF,OK,1,Devils,New Jersey,du New Jersey,NJD,3.0,54,Golden Knights,Vegas,de Vegas,VGK,4.0,5.0,SO,3,SO,8478499.0,,,,,,,,,,,,,,,,,,,,,,,,,VGK
2022020989,20222023,2,2023-03-04,False,2023-03-04T17:30:00Z,-05:00,-05:00,America/New_York,OFF,OK,17,Red Wings,Detroit,de Detroit,DET,1.0,2,Islanders,New York,de New York,NYI,4.0,3.0,REG,3,REG,8478009.0,8475314.0,/video/det-nyi-341831192,,,,,,,,,,,,,,,,,,,,,,,NYI
2022020536,20222023,2,2023-03-04,False,2023-03-04T17:30:00Z,-05:00,-05:00,America/New_York,OFF,OK,14,Lightning,Tampa Bay,de Tampa Bay,TBL,3.0,7,Sabres,Buffalo,de Buffalo,BUF,5.0,3.0,REG,3,REG,8477480.0,8482097.0,/video/tbl-buf-341831504,,,,,,,,,,,,,,,,,,,,,,,BUF
2022020991,20222023,2,2023-03-04,False,2023-03-04T18:00:00Z,-05:00,-05:00,US/Eastern,OFF,OK,3,Rangers,New York,de New York,NYR,2.0,6,Bruins,Boston,de Boston,BOS,4.0,3.0,REG,3,REG,8476999.0,8470638.0,/video/nyr-bos-341834764,,,,,,,,,,,,,,,,,,,,,,,BOS
2022020997,20222023,2,2023-03-04,False,2023-03-04T20:30:00Z,-05:00,-06:00,US/Central,OFF,OK,21,Avalanche,Colorado,du Colorado,COL,3.0,25,Stars,Dallas,de Dallas,DAL,7.0,3.0,REG,3,REG,8479979.0,8478975.0,/video/col-dal-341840792,,,,,,,,,,,,,,,,,,,,,,,DAL
2022020993,20222023,2,2023-03-04,False,2023-03-04T23:00:00Z,-05:00,-08:00,US/Pacific,OFF,OK,15,Capitals,Washington,de Washington,WSH,8.0,28,Sharks,San Jose,de San Jose,SJS,3.0,3.0,REG,3,REG,8475311.0,8475225.0,/video/wsh-sjs-341852208,,,,,,,,,,,,,,,,,,,,,,,WSH
2022020992,20222023,2,2023-03-04,False,2023-03-04T23:00:00Z,-05:00,-05:00,US/Eastern,OFF,OK,5,Penguins,Pittsburgh,de Pittsburgh,PIT,1.0,13,Panthers,Florida,de la Floride,FLA,4.0,3.0,REG,3,REG,8475683.0,8477932.0,/video/pit-fla-341852518,,,,,,,,,,,,,,,,,,,,,,,FLA
2022020994,20222023,2,2023-03-04,False,2023-03-05T00:00:00Z,-05:00,-05:00,US/Eastern,OFF,OK,29,Blue Jackets,Columbus,de Columbus,CBJ,2.0,9,Senators,Ottawa,d'Ottawa,OTT,5.0,3.0,REG,3,REG,8475660.0,8474612.0,/video/cbj-ott-341857714,,,Sénateurs,,,,,,,,,,,,,,,,,,,,OTT
2022020996,20222023,2,2023-03-04,False,2023-03-05T00:00:00Z,-05:00,-08:00,America/Vancouver,OFF,OK,10,Maple Leafs,Toronto,de Toronto,TOR,1.0,23,Canucks,Vancouver,de Vancouver,VAN,4.0,3.0,REG,3,REG,8477967.0,8480012.0,/video/tor-van-341855586,,,,,,,,,,,,,,,,,,,,,,,VAN
2022020995,20222023,2,2023-03-04,False,2023-03-05T00:00:00Z,-05:00,-06:00,America/Winnipeg,OFF,OK,22,Oilers,Edmonton,d'Edmonton,EDM,5.0,52,Jets,Winnipeg,de Winnipeg,WPG,7.0,3.0,REG,3,REG,8476945.0,8477504.0,/video/edm-wpg-341857030,,,,,,,,,,,,,,,,,,,,,,,WPG
2022020998,20222023,2,2023-03-04,False,2023-03-05T01:00:00Z,-05:00,-06:00,America/Chicago,OFF,OK,18,Predators,Nashville,de Nashville,NSH,3.0,16,Blackhawks,Chicago,de Chicago,CHI,1.0,3.0,REG,3,REG,8477424.0,8475197.0,/video/nsh-chi-341859036,,,,,,,,,,,,,,,,,,,,,,,NSH
2022020999,20222023,2,2023-03-04,False,2023-03-05T03:00:00Z,-05:00,-07:00,America/Edmonton,OFF,OK,30,Wild,Minnesota,du Minnesota,MIN,3.0,20,Flames,Calgary,de Calgary,CGY,0.0,3.0,REG,3,REG,8479406.0,8478493.0,/video/min-cgy-341866874,,,,,,,,,,,,,,,,,,,,,,,MIN
2022021000,20222023,2,2023-03-04,False,2023-03-05T03:30:00Z,-05:00,-08:00,America/Los_Angeles,OFF,OK,19,Blues,St. Louis,de St. Louis,STL,2.0,26,Kings,Los Angeles,de Los Angeles,LAK,4.0,3.0,REG,3,REG,8476914.0,8480014.0,/video/stl-lak-341867056,,,,,,,,,,,,,,,,,,,,,,,LAK
2022021001,20222023,2,2023-03-05,False,2023-03-05T20:00:00Z,-05:00,-05:00,US/Eastern,OFF,OK,14,Lightning,Tampa Bay,de Tampa Bay,TBL,0.0,12,Hurricanes,Carolina,de la Caroline,CAR,6.0,3.0,REG,3,REG,8475883.0,8480830.0,/video/tbl-car-341877552,,,,,,,,,,,,,,,,,,,,,,,CAR
2022021003,20222023,2,2023-03-05,False,2023-03-05T23:00:00Z,-05:00,-08:00,US/Pacific,OFF,OK,8,Canadiens,Montréal,de Montréal,MTL,3.0,54,Golden Knights,Vegas,de Vegas,VGK,4.0,3.0,REG,3,REG,8471734.0,8477964.0,/video/mtl-vgk-341883702,,,,,,,,,,,,,,,,,,,,,,,VGK
2022021002,20222023,2,2023-03-05,False,2023-03-05T23:00:00Z,-05:00,-05:00,US/Eastern,OFF,OK,17,Red Wings,Detroit,de Detroit,DET,1.0,4,Flyers,Philadelphia,de Philadelphie,PHI,3.0,3.0,REG,3,REG,8479394.0,8480220.0,,,,,,,,,,,,,,,,,,,,,,,,PHI
2022021004,20222023,2,2023-03-05,False,2023-03-06T00:00:00Z,-05:00,-07:00,America/Phoenix,OFF,OK,1,Devils,New Jersey,du New Jersey,NJD,5.0,53,Coyotes,Arizona,de l'Arizona,ARI,4.0,4.0,OT,3,OT,8477970.0,8480002.0,/video/njd-ari-341886502,,,,,,,,,,,,,,,,,,,,,,,NJD
2022021005,20222023,2,2023-03-05,False,2023-03-06T02:00:00Z,-05:00,-07:00,America/Denver,OFF,OK,55,Kraken,Seattle,de Seattle,SEA,3.0,21,Avalanche,Colorado,du Colorado,COL,2.0,4.0,OT,3,OT,8475831.0,8476826.0,/video/sea-col-341889158,,,,,,,,,,,,,,,,,,,,,,,SEA
2022021006,20222023,2,2023-03-06,False,2023-03-07T00:30:00Z,-05:00,-05:00,America/New_York,OFF,OK,22,Oilers,Edmonton,d'Edmonton,EDM,3.0,7,Sabres,Buffalo,de Buffalo,BUF,2.0,3.0,REG,3,REG,8479973.0,8478402.0,/video/edm-buf-341919762,,,,,,,,,,,,,,,,,,,,,,,EDM
2022021007,20222023,2,2023-03-06,False,2023-03-07T00:30:00Z,-05:00,-06:00,America/Winnipeg,OFF,OK,28,Sharks,San Jose,de San Jose,SJS,3.0,52,Jets,Winnipeg,de Winnipeg,WPG,2.0,4.0,OT,3,OT,8473503.0,8474053.0,/video/sjs-wpg-341920018,,,,,,,,,,,,,,,,,,,,,,,SJS
2022021008,20222023,2,2023-03-06,False,2023-03-07T01:30:00Z,-05:00,-06:00,US/Central,OFF,OK,20,Flames,Calgary,de Calgary,CGY,5.0,25,Stars,Dallas,de Dallas,DAL,4.0,3.0,REG,3,REG,8474593.0,8475726.0,/video/cgy-dal-341924910,Markström,,,,,,,,,,,,,,,,,,,,,,CGY
2022021009,20222023,2,2023-03-06,False,2023-03-07T02:00:00Z,-05:00,-06:00,America/Chicago,OFF,OK,9,Senators,Ottawa,d'Ottawa,OTT,0.0,16,Blackhawks,Chicago,de Chicago,CHI,5.0,3.0,REG,3,REG,8471774.0,8480798.0,/video/ott-chi-341926756,,Sénateurs,,,,,,,,,,,,,,,,,,,,,CHI
2022021010,20222023,2,2023-03-06,False,2023-03-07T03:30:00Z,-05:00,-08:00,America/Vancouver,OFF,OK,18,Predators,Nashville,de Nashville,NSH,3.0,23,Canucks,Vancouver,de Vancouver,VAN,4.0,5.0,SO,3,SO,8481668.0,,/video/nsh-van-341932996,,,,,,,,,,,,,,,,,,,,,,,VAN
2022021011,20222023,2,2023-03-06,False,2023-03-07T03:30:00Z,-05:00,-08:00,America/Los_Angeles,OFF,OK,15,Capitals,Washington,de Washington,WSH,2.0,26,Kings,Los Angeles,de Los Angeles,LAK,4.0,3.0,REG,3,REG,8477831.0,8479998.0,/video/wsh-lak-341931872,,,,,,,,,,,,,,,,,,,,,,,LAK
2022021016,20222023,2,2023-03-07,False,2023-03-08T00:00:00Z,-05:00,-05:00,US/Eastern,OFF,OK,54,Golden Knights,Vegas,de Vegas,VGK,1.0,13,Panthers,Florida,de la Floride,FLA,2.0,3.0,REG,3,REG,8475683.0,8477493.0,/video/vgk-fla-341963852,,,,,,,,,,,,,,,,,,,,,,,FLA
2022021015,20222023,2,2023-03-07,False,2023-03-08T00:00:00Z,-05:00,-05:00,US/Eastern,OFF,OK,10,Maple Leafs,Toronto,de Toronto,TOR,4.0,1,Devils,New Jersey,du New Jersey,NJD,3.0,3.0,REG,3,REG,8478492.0,8479318.0,/video/tor-njd-341962976,,,,,,,,,,,,,,,,,,,,,,,TOR
2022021012,20222023,2,2023-03-07,False,2023-03-08T00:00:00Z,-05:00,-05:00,America/Montreal,OFF,OK,12,Hurricanes,Carolina,de la Caroline,CAR,4.0,8,Canadiens,Montréal,de Montréal,MTL,3.0,5.0,SO,3,SO,8475883.0,,/video/car-mtl-341967436,,,,,,,,,,,,,,,,,,,,,,,CAR
2022021014,20222023,2,2023-03-07,False,2023-03-08T00:00:00Z,-05:00,-05:00,US/Eastern,OFF,OK,4,Flyers,Philadelphia,de Philadelphie,PHI,2.0,14,Lightning,Tampa Bay,de Tampa Bay,TBL,5.0,3.0,REG,3,REG,8476883.0,8479525.0,/video/phi-tbl-341965070,,,,,,,,,,,,,,,,,,,,,,,TBL
2022021013,20222023,2,2023-03-07,False,2023-03-08T00:00:00Z,-05:00,-05:00,US/Eastern,OFF,OK,29,Blue Jackets,Columbus,de Columbus,CBJ,4.0,5,Penguins,Pittsburgh,de Pittsburgh,PIT,5.0,4.0,OT,3,OT,8479193.0,8471675.0,/video/cbj-pit-341964768,,,,,,,,,,,,,,,,,,,,,,,PIT
2022021017,20222023,2,2023-03-07,False,2023-03-08T00:30:00Z,-05:00,-05:00,America/New_York,OFF,OK,7,Sabres,Buffalo,de Buffalo,BUF,2.0,2,Islanders,New York,de New York,NYI,3.0,3.0,REG,3,REG,8478009.0,8477392.0,/video/buf-nyi-341965028,,,,,,,,,,,,,,,,,,,,,,,NYI
2022021018,20222023,2,2023-03-07,False,2023-03-08T01:00:00Z,-05:00,-06:00,US/Central,OFF,OK,20,Flames,Calgary,de Calgary,CGY,1.0,30,Wild,Minnesota,du Minnesota,MIN,0.0,5.0,SO,3,SO,8474593.0,,/video/cgy-min-341973692,Markström,,,,,,,,,,,,,,,,,,,,,,CGY
2022021019,20222023,2,2023-03-07,False,2023-03-08T02:00:00Z,-05:00,-07:00,America/Denver,OFF,OK,28,Sharks,San Jose,de San Jose,SJS,0.0,21,Avalanche,Colorado,du Colorado,COL,6.0,3.0,REG,3,REG,8480382.0,8480069.0,/video/sjs-col-341976792,,,,,,,,,,,,,,,,,,,,,,,COL
2022021020,20222023,2,2023-03-07,False,2023-03-08T02:00:00Z,-05:00,-07:00,America/Phoenix,OFF,OK,19,Blues,St. Louis,de St. Louis,STL,2.0,53,Coyotes,Arizona,de l'Arizona,ARI,6.0,3.0,REG,3,REG,8478872.0,8476329.0,/video/stl-ari-341978320,,,,,,,,,,,,,,,,,,,,,,,ARI
2022021021,20222023,2,2023-03-07,False,2023-03-08T03:00:00Z,-05:00,-08:00,US/Pacific,OFF,OK,24,Ducks,Anaheim,d'Anaheim,ANA,2.0,55,Kraken,Seattle,de Seattle,SEA,5.0,3.0,REG,3,REG,8475831.0,8478466.0,/video/ana-sea-341981376,,,,,,,,,,,,,,,,,,,,,,,SEA
2022021023,20222023,2,2023-03-08,False,2023-03-09T00:30:00Z,-05:00,-06:00,America/Winnipeg,OFF,OK,30,Wild,Minnesota,du Minnesota,MIN,4.0,52,Jets,Winnipeg,de Winnipeg,WPG,2.0,3.0,REG,3,REG,8470594.0,8477451.0,/video/min-wpg-342005872,,,,,,,,,,,,,,,,,,,,,,,MIN
2022021022,20222023,2,2023-03-08,False,2023-03-09T00:30:00Z,-05:00,-05:00,America/Detroit,OFF,OK,16,Blackhawks,Chicago,de Chicago,CHI,3.0,17,Red Wings,Detroit,de Detroit,DET,4.0,3.0,REG,3,REG,8478024.0,8477330.0,/video/chi-det-342005356,,,,,,,,,,,,,,,,,,,,,,,DET
2022021024,20222023,2,2023-03-08,False,2023-03-09T03:00:00Z,-05:00,-08:00,America/Vancouver,OFF,OK,24,Ducks,Anaheim,d'Anaheim,ANA,2.0,23,Canucks,Vancouver,de Vancouver,VAN,3.0,4.0,OT,3,OT,8477967.0,8476468.0,/video/ana-van-342010840,,,,,,,,,,,,,,,,,,,,,,,VAN
2022021031,20222023,2,2023-03-09,False,2023-03-10T00:00:00Z,-05:00,-05:00,US/Eastern,OFF,OK,54,Golden Knights,Vegas,de Vegas,VGK,4.0,14,Lightning,Tampa Bay,de Tampa Bay,TBL,3.0,4.0,OT,3,OT,8471734.0,8474166.0,/video/vgk-tbl-342046252,,,,,,,,,,,,,,,,,,,,,,,VGK
2022021025,20222023,2,2023-03-09,False,2023-03-10T00:00:00Z,-05:00,-05:00,America/New_York,OFF,OK,25,Stars,Dallas,de Dallas,DAL,10.0,7,Sabres,Buffalo,de Buffalo,BUF,4.0,3.0,REG,3,REG,8479979.0,8470600.0,/video/dal-buf-342042836,,,,,,,,,,,,,,,,,,,,,,,DAL
2022021028,20222023,2,2023-03-09,False,2023-03-10T00:00:00Z,-05:00,-05:00,America/Montreal,OFF,OK,3,Rangers,New York,de New York,NYR,4.0,8,Canadiens,Montréal,de Montréal,MTL,3.0,5.0,SO,3,SO,8478048.0,,/video/nyr-mtl-342044716,,,,,,,,,,,,,,,,,,,,,,,NYR
2022021027,20222023,2,2023-03-09,False,2023-03-10T00:00:00Z,-05:00,-05:00,US/Eastern,OFF,OK,2,Islanders,New York,de New York,NYI,4.0,5,Penguins,Pittsburgh,de Pittsburgh,PIT,3.0,4.0,OT,3,OT,8478009.0,8475754.0,/video/nyi-pit-342043534,,,,,,,,,,,,,,,,,,,,,,,NYI
2022021029,20222023,2,2023-03-09,False,2023-03-10T00:00:00Z,-05:00,-05:00,US/Eastern,OFF,OK,1,Devils,New Jersey,du New Jersey,NJD,3.0,15,Capitals,Washington,de Washington,WSH,2.0,5.0,SO,3,SO,8481033.0,,/video/njd-wsh-342046712,,,,,,,,,,,,,,,,,,,,,,,NJD
2022021030,20222023,2,2023-03-09,False,2023-03-10T00:00:00Z,-05:00,-05:00,US/Eastern,OFF,OK,4,Flyers,Philadelphia,de Philadelphie,PHI,0.0,12,Hurricanes,Carolina,de la Caroline,CAR,1.0,3.0,REG,3,REG,8481611.0,8480830.0,/video/phi-car-342041460,,,,,,,,,,,,,,,,,,,,,,,CAR
2022021026,20222023,2,2023-03-09,False,2023-03-10T00:30:00Z,-05:00,-05:00,US/Eastern,OFF,OK,22,Oilers,Edmonton,d'Edmonton,EDM,3.0,6,Bruins,Boston,de Boston,BOS,2.0,3.0,REG,3,REG,8479973.0,8477498.0,/video/edm-bos-342049022,,,,,,,,,,,,,,,,,,,,,,,EDM
2022021032,20222023,2,2023-03-09,False,2023-03-10T01:00:00Z,-05:00,-06:00,US/Central,OFF,OK,28,Sharks,San Jose,de San Jose,SJS,2.0,19,Blues,St. Louis,de St. Louis,STL,4.0,3.0,REG,3,REG,8476412.0,8477944.0,/video/sjs-stl-342052222,,,,,,,,,,,,,,,,,,,,,,,STL
2022021034,20222023,2,2023-03-09,False,2023-03-10T02:00:00Z,-05:00,-07:00,America/Phoenix,OFF,OK,18,Predators,Nashville,de Nashville,NSH,1.0,53,Coyotes,Arizona,de l'Arizona,ARI,4.0,3.0,REG,3,REG,8481031.0,8480849.0,/video/nsh-ari-342059732,,,,,,,,,,,,,,,,,,,,,,,ARI
2022021033,20222023,2,2023-03-09,False,2023-03-10T02:00:00Z,-05:00,-07:00,America/Denver,OFF,OK,26,Kings,Los Angeles,de Los Angeles,LAK,5.0,21,Avalanche,Colorado,du Colorado,COL,2.0,3.0,REG,3,REG,8476914.0,8477960.0,/video/lak-col-342058844,,,,,,,,,,,,,,,,,,,,,,,LAK
2022021035,20222023,2,2023-03-09,False,2023-03-10T03:00:00Z,-05:00,-08:00,US/Pacific,OFF,OK,9,Senators,Ottawa,d'Ottawa,OTT,5.0,55,Kraken,Seattle,de Seattle,SEA,4.0,3.0,REG,3,REG,8481544.0,8479337.0,/video/ott-sea-342062016,Søgaard,Sénateurs,,,,,,,,,,,,,,,,,,,,,OTT
2022021036,20222023,2,2023-03-10,False,2023-03-11T00:00:00Z,-05:00,-05:00,US/Eastern,OFF,OK,16,Blackhawks,Chicago,de Chicago,CHI,3.0,13,Panthers,Florida,de la Floride,FLA,4.0,4.0,OT,3,OT,8475683.0,8477986.0,/video/chi-fla-342082998,,,,,,,,,,,,,,,,,,,,,,,FLA
2022021037,20222023,2,2023-03-10,False,2023-03-11T02:00:00Z,-05:00,-07:00,America/Edmonton,OFF,OK,24,Ducks,Anaheim,d'Anaheim,ANA,3.0,20,Flames,Calgary,de Calgary,CGY,1.0,3.0,REG,3,REG,8476434.0,8481517.0,/video/ana-cgy-342086634,,,,,,,,,,,,,,,,,,,,,,,ANA
2022021038,20222023,2,2023-03-11,False,2023-03-11T18:00:00Z,-05:00,-05:00,US/Eastern,OFF,OK,17,Red Wings,Detroit,de Detroit,DET,2.0,6,Bruins,Boston,de Boston,BOS,3.0,3.0,REG,3,REG,8476999.0,8477903.0,/video/det-bos-342099024,,,,,,,,,,,,,,,,,,,,,,,BOS
2022021039,20222023,2,2023-03-11,False,2023-03-11T20:30:00Z,-05:00,-05:00,US/Eastern,OFF,OK,4,Flyers,Philadelphia,de Philadelphie,PHI,1.0,5,Penguins,Pittsburgh,de Pittsburgh,PIT,5.0,3.0,REG,3,REG,8479193.0,8471675.0,/video/phi-pit-342102682,,,,,,,,,,,,,,,,,,,,,,,PIT
2022021040,20222023,2,2023-03-11,False,2023-03-11T22:00:00Z,-05:00,-05:00,America/New_York,OFF,OK,3,Rangers,New York,de New York,NYR,2.0,7,Sabres,Buffalo,de Buffalo,BUF,1.0,4.0,OT,3,OT,8478048.0,8478550.0,/video/nyr-buf-342109280,,,,,,,,,,,,,,,,,,,,,,,NYR
2022021041,20222023,2,2023-03-11,False,2023-03-11T23:00:00Z,-05:00,-07:00,America/Denver,OFF,OK,53,Coyotes,Arizona,de l'Arizona,ARI,2.0,21,Avalanche,Colorado,du Colorado,COL,3.0,4.0,OT,3,OT,8480382.0,8480069.0,/video/ari-col-342113844,,,,,,,,,,,,,,,,,,,,,,,COL
2022021043,20222023,2,2023-03-11,False,2023-03-12T00:00:00Z,-05:00,-05:00,America/Toronto,OFF,OK,22,Oilers,Edmonton,d'Edmonton,EDM,4.0,10,Maple Leafs,Toronto,de Toronto,TOR,7.0,3.0,REG,3,REG,8476899.0,8475166.0,/video/edm-tor-342129490,,,,,,,,,,,,,,,,,,,,,,,TOR
2022021042,20222023,2,2023-03-11,False,2023-03-12T00:00:00Z,-05:00,-05:00,US/Eastern,OFF,OK,16,Blackhawks,Chicago,de Chicago,CHI,1.0,14,Lightning,Tampa Bay,de Tampa Bay,TBL,3.0,3.0,REG,3,REG,8470880.0,8478010.0,/video/chi-tbl-342126468,,,,,,,,,,,,,,,,,,,,,,,TBL
2022021046,20222023,2,2023-03-11,False,2023-03-12T00:00:00Z,-05:00,-05:00,US/Eastern,OFF,OK,54,Golden Knights,Vegas,de Vegas,VGK,4.0,12,Hurricanes,Carolina,de la Caroline,CAR,0.0,3.0,REG,3,REG,8471734.0,8476539.0,/video/vgk-car-342124298,,,,,,,,,,,,,,,,,,,,,,,VGK
2022021044,20222023,2,2023-03-11,False,2023-03-12T00:00:00Z,-05:00,-05:00,America/Montreal,OFF,OK,1,Devils,New Jersey,du New Jersey,NJD,3.0,8,Canadiens,Montréal,de Montréal,MTL,1.0,3.0,REG,3,REG,8481033.0,8480002.0,/video/njd-mtl-342127914,,,,,,,,,,,,,,,,,,,,,,,NJD
2022021047,20222023,2,2023-03-11,False,2023-03-12T00:00:00Z,-05:00,-05:00,US/Eastern,OFF,OK,52,Jets,Winnipeg,de Winnipeg,WPG,5.0,13,Panthers,Florida,de la Floride,FLA,4.0,4.0,OT,3,OT,8476945.0,8476460.0,/video/wpg-fla-342127812,,,,,,,,,,,,,,,,,,,,,,,WPG
2022021045,20222023,2,2023-03-11,False,2023-03-12T00:00:00Z,-05:00,-05:00,US/Eastern,OFF,OK,19,Blues,St. Louis,de St. Louis,STL,5.0,29,Blue Jackets,Columbus,de Columbus,CBJ,2.0,3.0,REG,3,REG,8471306.0,8478104.0,/video/stl-cbj-342127614,,,,,,,,,,,,,,,,,,,,,,,STL
2022021048,20222023,2,2023-03-11,False,2023-03-12T00:30:00Z,-05:00,-05:00,America/New_York,OFF,OK,15,Capitals,Washington,de Washington,WSH,5.0,2,Islanders,New York,de New York,NYI,1.0,3.0,REG,3,REG,8475311.0,8471698.0,/video/wsh-nyi-342126662,,,,,,,,,,,,,,,,,,,,,,,WSH
2022021049,20222023,2,2023-03-11,False,2023-03-12T03:00:00Z,-05:00,-08:00,US/Pacific,OFF,OK,25,Stars,Dallas,de Dallas,DAL,4.0,55,Kraken,Seattle,de Seattle,SEA,3.0,4.0,OT,3,OT,8479979.0,8480036.0,/video/dal-sea-342133598,,,,,,,,,,,,,,,,,,,,,,,DAL
2022021050,20222023,2,2023-03-11,False,2023-03-12T03:00:00Z,-05:00,-08:00,America/Vancouver,OFF,OK,9,Senators,Ottawa,d'Ottawa,OTT,2.0,23,Canucks,Vancouver,de Vancouver,VAN,5.0,3.0,REG,3,REG,8477967.0,8482496.0,/video/ott-van-342133714,,Sénateurs,,,,,,,,,,,,,,,,,,,,,VAN
2022021051,20222023,2,2023-03-11,False,2023-03-12T03:30:00Z,-05:00,-08:00,US/Pacific,OFF,OK,30,Wild,Minnesota,du Minnesota,MIN,5.0,28,Sharks,San Jose,de San Jose,SJS,2.0,3.0,REG,3,REG,8470594.0,8475149.0,/video/min-sjs-342135472,,,,,,,,,,,,,,,,,,,,,,,MIN
2022021052,20222023,2,2023-03-11,False,2023-03-12T03:30:00Z,-05:00,-08:00,America/Los_Angeles,OFF,OK,18,Predators,Nashville,de Nashville,NSH,2.0,26,Kings,Los Angeles,de Los Angeles,LAK,1.0,5.0,SO,3,SO,8480947.0,,/video/nsh-lak-342136132,,,,,,,,,,,,,,,,,,,,,,,NSH
2022021053,20222023,2,2023-03-12,False,2023-03-12T17:30:00Z,-04:00,-04:00,America/Detroit,OFF,OK,6,Bruins,Boston,de Boston,BOS,3.0,17,Red Wings,Detroit,de Detroit,DET,5.0,3.0,REG,3,REG,8478024.0,8477454.0,/video/bos-det-342147562,,,,,,,,,,,,,,,,,,,,,,,DET
2022021054,20222023,2,2023-03-12,False,2023-03-12T20:00:00Z,-04:00,-04:00,US/Eastern,OFF,OK,3,Rangers,New York,de New York,NYR,2.0,5,Penguins,Pittsburgh,de Pittsburgh,PIT,3.0,4.0,OT,3,OT,8477465.0,8471724.0,/video/nyr-pit-342151700,,,,,,,,,,,,,,,,,,,,,,,PIT
2022021057,20222023,2,2023-03-12,False,2023-03-12T23:00:00Z,-04:00,-04:00,US/Eastern,OFF,OK,52,Jets,Winnipeg,de Winnipeg,WPG,3.0,14,Lightning,Tampa Bay,de Tampa Bay,TBL,2.0,3.0,REG,3,REG,8476945.0,8480289.0,/video/wpg-tbl-342159740,,,,,,,,,,,,,,,,,,,,,,,WPG
2022021055,20222023,2,2023-03-12,False,2023-03-12T23:00:00Z,-04:00,-04:00,US/Eastern,OFF,OK,12,Hurricanes,Carolina,de la Caroline,CAR,0.0,1,Devils,New Jersey,du New Jersey,NJD,3.0,3.0,REG,3,REG,8477970.0,8481559.0,/video/car-njd-342158896,,,,,,,,,,,,,,,,,,,,,,,NJD
2022021056,20222023,2,2023-03-12,False,2023-03-12T23:00:00Z,-04:00,-05:00,US/Central,OFF,OK,54,Golden Knights,Vegas,de Vegas,VGK,5.0,19,Blues,St. Louis,de St. Louis,STL,3.0,3.0,REG,3,REG,8480238.0,8481604.0,/video/vgk-stl-342159072,,,,,,,,,,,,,,,,,,,,,,,VGK
2022021059,20222023,2,2023-03-12,False,2023-03-13T01:00:00Z,-04:00,-06:00,America/Edmonton,OFF,OK,9,Senators,Ottawa,d'Ottawa,OTT,1.0,20,Flames,Calgary,de Calgary,CGY,5.0,3.0,REG,3,REG,8474593.0,8477496.0,/video/ott-cgy-342167176,Markström,Sénateurs,,,,,,,,,,,,,,,,,,,,,CGY
2022021060,20222023,2,2023-03-12,False,2023-03-13T01:30:00Z,-04:00,-07:00,America/Los_Angeles,OFF,OK,18,Predators,Nashville,de Nashville,NSH,5.0,24,Ducks,Anaheim,d'Anaheim,ANA,4.0,4.0,OT,3,OT,8477424.0,8478438.0,/video/nsh-ana-342168614,,,,,,,,,,,,,,,,,,,,,,,NSH
2022021058,20222023,2,2023-03-12,False,2023-03-13T01:30:00Z,-04:00,-07:00,America/Phoenix,OFF,OK,30,Wild,Minnesota,du Minnesota,MIN,4.0,53,Coyotes,Arizona,de l'Arizona,ARI,5.0,4.0,OT,3,OT,8478872.0,8479343.0,/video/min-ari-342169874,,,,,,,,,,,,,,,,,,,,,,,ARI
2022021061,20222023,2,2023-03-13,False,2023-03-13T23:30:00Z,-04:00,-04:00,America/Toronto,OFF,OK,7,Sabres,Buffalo,de Buffalo,BUF,4.0,10,Maple Leafs,Toronto,de Toronto,TOR,3.0,3.0,REG,3,REG,8467950.0,8477949.0,/video/buf-tor-342200036,,,,,,,,,,,,,,,,,,,,,,,BUF
2022021062,20222023,2,2023-03-13,False,2023-03-13T23:30:00Z,-04:00,-04:00,America/Montreal,OFF,OK,21,Avalanche,Colorado,du Colorado,COL,8.0,8,Canadiens,Montréal,de Montréal,MTL,4.0,3.0,REG,3,REG,8480382.0,8478420.0,/video/col-mtl-342200436,,,,,,,,,,,,,,,,,,,,,,,COL
2022021063,20222023,2,2023-03-13,False,2023-03-14T02:00:00Z,-04:00,-07:00,US/Pacific,OFF,OK,25,Stars,Dallas,de Dallas,DAL,5.0,55,Kraken,Seattle,de Seattle,SEA,2.0,3.0,REG,3,REG,8479979.0,8470794.0,/video/dal-sea-342205104,,,,,,,,,,,,,,,,,,,,,,,DAL
2022021065,20222023,2,2023-03-14,False,2023-03-14T23:00:00Z,-04:00,-04:00,US/Eastern,OFF,OK,14,Lightning,Tampa Bay,de Tampa Bay,TBL,4.0,1,Devils,New Jersey,du New Jersey,NJD,1.0,3.0,REG,3,REG,8476883.0,8479542.0,/video/tbl-njd-342237850,,,,,,,,,,,,,,,,,,,,,,,TBL
2022021068,20222023,2,2023-03-14,False,2023-03-14T23:00:00Z,-04:00,-04:00,US/Eastern,OFF,OK,52,Jets,Winnipeg,de Winnipeg,WPG,3.0,12,Hurricanes,Carolina,de la Caroline,CAR,5.0,3.0,REG,3,REG,8475883.0,8480835.0,/video/wpg-car-342236838,,,,,,,,,,,,,,,,,,,,,,,CAR
2022021064,20222023,2,2023-03-14,False,2023-03-14T23:00:00Z,-04:00,-04:00,US/Eastern,OFF,OK,8,Canadiens,Montréal,de Montréal,MTL,6.0,5,Penguins,Pittsburgh,de Pittsburgh,PIT,4.0,3.0,REG,3,REG,8478470.0,8478409.0,/video/mtl-pit-342239462,,,,,,,,,,,,,,,,,,,,,,,MTL
2022021067,20222023,2,2023-03-14,False,2023-03-14T23:00:00Z,-04:00,-04:00,America/New_York,OFF,OK,15,Capitals,Washington,de Washington,WSH,3.0,3,Rangers,New York,de New York,NYR,5.0,3.0,REG,3,REG,8478048.0,8476885.0,/video/wsh-nyr-342239946,,,,,,,,,,,,,,,,,,,,,,,NYR
2022021066,20222023,2,2023-03-14,False,2023-03-14T23:00:00Z,-04:00,-04:00,US/Eastern,OFF,OK,54,Golden Knights,Vegas,de Vegas,VGK,5.0,4,Flyers,Philadelphia,de Philadelphie,PHI,3.0,3.0,REG,3,REG,8471734.0,8476539.0,/video/vgk-phi-342238196,,,,,,,,,,,,,,,,,,,,,,,VGK
2022021069,20222023,2,2023-03-14,False,2023-03-15T00:00:00Z,-04:00,-05:00,US/Central,OFF,OK,17,Red Wings,Detroit,de Detroit,DET,1.0,18,Predators,Nashville,de Nashville,NSH,2.0,3.0,REG,3,REG,8477424.0,8478438.0,/video/det-nsh-342247716,,,,,,,,,,,,,,,,,,,,,,,NSH
2022021070,20222023,2,2023-03-14,False,2023-03-15T00:30:00Z,-04:00,-05:00,America/Chicago,OFF,OK,6,Bruins,Boston,de Boston,BOS,3.0,16,Blackhawks,Chicago,de Chicago,CHI,6.0,3.0,REG,3,REG,8471774.0,8479383.0,/video/bos-chi-342252258,,,,,,,,,,,,,,,,,,,,,,,CHI
2022021071,20222023,2,2023-03-14,False,2023-03-15T01:00:00Z,-04:00,-06:00,America/Edmonton,OFF,OK,9,Senators,Ottawa,d'Ottawa,OTT,3.0,22,Oilers,Edmonton,d'Edmonton,EDM,6.0,3.0,REG,3,REG,8479973.0,8477934.0,/video/ott-edm-342254306,,Sénateurs,,,,,,,,,,,,,,,,,,,,,EDM
2022021073,20222023,2,2023-03-14,False,2023-03-15T02:00:00Z,-04:00,-07:00,America/Vancouver,OFF,OK,25,Stars,Dallas,de Dallas,DAL,2.0,23,Canucks,Vancouver,de Vancouver,VAN,5.0,3.0,REG,3,REG,8477967.0,8478463.0,/video/dal-van-342258816,,,,,,,,,,,,,,,,,,,,,,,VAN
2022021072,20222023,2,2023-03-14,False,2023-03-15T02:00:00Z,-04:00,-07:00,America/Phoenix,OFF,OK,20,Flames,Calgary,de Calgary,CGY,3.0,53,Coyotes,Arizona,de l'Arizona,ARI,4.0,4.0,OT,3,OT,8478971.0,8476329.0,/video/cgy-ari-342260230,,,,,,,,,,,,,,,,,,,,,,,ARI
2022021074,20222023,2,2023-03-14,False,2023-03-15T02:30:00Z,-04:00,-07:00,US/Pacific,OFF,OK,29,Blue Jackets,Columbus,de Columbus,CBJ,6.0,28,Sharks,San Jose,de San Jose,SJS,5.0,4.0,OT,3,OT,8480193.0,8476346.0,/video/cbj-sjs-342262088,,,,,,,,,,,,,,,,,,,,,,,CBJ
2022021075,20222023,2,2023-03-14,False,2023-03-15T02:30:00Z,-04:00,-07:00,America/Los_Angeles,OFF,OK,2,Islanders,New York,de New York,NYI,2.0,26,Kings,Los Angeles,de Los Angeles,LAK,5.0,3.0,REG,3,REG,8476914.0,8480113.0,/video/nyi-lak-342262158,,,,,,,,,,,,,,,,,,,,,,,LAK
2022021076,20222023,2,2023-03-15,False,2023-03-15T23:00:00Z,-04:00,-04:00,US/Eastern,OFF,OK,7,Sabres,Buffalo,de Buffalo,BUF,4.0,15,Capitals,Washington,de Washington,WSH,5.0,5.0,SO,3,SO,8479292.0,,/video/buf-wsh-342288056,,,,,,,,,,,,,,,,,,,,,,,WSH
2022021077,20222023,2,2023-03-15,False,2023-03-15T23:00:00Z,-04:00,-04:00,America/Toronto,OFF,OK,21,Avalanche,Colorado,du Colorado,COL,2.0,10,Maple Leafs,Toronto,de Toronto,TOR,1.0,5.0,SO,3,SO,8480382.0,,/video/col-tor-342287846,,,,,,,,,,,,,,,,,,,,,,,COL
2022021078,20222023,2,2023-03-15,False,2023-03-16T01:30:00Z,-04:00,-05:00,US/Central,OFF,OK,30,Wild,Minnesota,du Minnesota,MIN,8.0,19,Blues,St. Louis,de St. Louis,STL,5.0,3.0,REG,3,REG,8470594.0,8471274.0,/video/min-stl-342295352,,,,,,,,,,,,,,,,,,,,,,,MIN
2022021079,20222023,2,2023-03-15,False,2023-03-16T02:00:00Z,-04:00,-07:00,America/Los_Angeles,OFF,OK,2,Islanders,New York,de New York,NYI,6.0,24,Ducks,Anaheim,d'Anaheim,ANA,3.0,3.0,REG,3,REG,8478009.0,8478115.0,/video/nyi-ana-342294300,,,,,,,,,,,,,,,,,,,,,,,NYI
2022021080,20222023,2,2023-03-16,False,2023-03-16T23:00:00Z,-04:00,-04:00,US/Eastern,OFF,OK,21,Avalanche,Colorado,du Colorado,COL,5.0,9,Senators,Ottawa,d'Ottawa,OTT,4.0,3.0,REG,3,REG,8477992.0,8474189.0,/video/col-ott-342330306,,,Sénateurs,,,,,,,,,,,,,,,,,,,,COL
2022021082,20222023,2,2023-03-16,False,2023-03-16T23:00:00Z,-04:00,-04:00,America/New_York,OFF,OK,5,Penguins,Pittsburgh,de Pittsburgh,PIT,2.0,3,Rangers,New York,de New York,NYR,4.0,3.0,REG,3,REG,8478048.0,8475184.0,/video/pit-nyr-342327976,,,,,,,,,,,,,,,,,,,,,,,NYR
2022021081,20222023,2,2023-03-16,False,2023-03-16T23:00:00Z,-04:00,-04:00,US/Eastern,OFF,OK,8,Canadiens,Montréal,de Montréal,MTL,5.0,13,Panthers,Florida,de la Floride,FLA,9.0,3.0,REG,3,REG,8475683.0,8477933.0,/video/mtl-fla-342328502,,,,,,,,,,,,,,,,,,,,,,,FLA
2022021083,20222023,2,2023-03-16,False,2023-03-16T23:00:00Z,-04:00,-04:00,US/Eastern,OFF,OK,14,Lightning,Tampa Bay,de Tampa Bay,TBL,4.0,1,Devils,New Jersey,du New Jersey,NJD,3.0,5.0,SO,3,SO,8476883.0,,/video/tbl-njd-342330062,,,,,,,,,,,,,,,,,,,,,,,TBL
2022021085,20222023,2,2023-03-16,False,2023-03-17T00:00:00Z,-04:00,-05:00,US/Central,OFF,OK,16,Blackhawks,Chicago,de Chicago,CHI,2.0,18,Predators,Nashville,de Nashville,NSH,1.0,3.0,REG,3,REG,8471774.0,8479315.0,,,,,,,,,,,,,,,,,,,,,,,,CHI
2022021084,20222023,2,2023-03-16,False,2023-03-17T00:00:00Z,-04:00,-05:00,America/Winnipeg,OFF,OK,6,Bruins,Boston,de Boston,BOS,3.0,52,Jets,Winnipeg,de Winnipeg,WPG,0.0,3.0,REG,3,REG,8480280.0,8479365.0,/video/bos-wpg-342335286,,,,,,,,,,,,,,,,,,,,,,,BOS
2022021086,20222023,2,2023-03-16,False,2023-03-17T01:00:00Z,-04:00,-06:00,America/Edmonton,OFF,OK,25,Stars,Dallas,de Dallas,DAL,1.0,22,Oilers,Edmonton,d'Edmonton,EDM,4.0,3.0,REG,3,REG,8479973.0,8477406.0,/video/dal-edm-342342112,,,,,,,,,,,,,,,,,,,,,,,EDM
2022021087,20222023,2,2023-03-16,False,2023-03-17T02:00:00Z,-04:00,-07:00,US/Pacific,OFF,OK,20,Flames,Calgary,de Calgary,CGY,7.0,54,Golden Knights,Vegas,de Vegas,VGK,2.0,3.0,REG,3,REG,8474593.0,8476399.0,/video/cgy-vgk-342346956,Markström,,,,,,,,,,,,,,,,,,,,,,CGY
2022021088,20222023,2,2023-03-16,False,2023-03-17T02:00:00Z,-04:00,-07:00,America/Phoenix,OFF,OK,23,Canucks,Vancouver,de Vancouver,VAN,2.0,53,Coyotes,Arizona,de l'Arizona,ARI,3.0,3.0,REG,3,REG,8481031.0,8478474.0,/video/van-ari-342347328,,,,,,,,,,,,,,,,,,,,,,,ARI
2022021090,20222023,2,2023-03-16,False,2023-03-17T02:30:00Z,-04:00,-07:00,US/Pacific,OFF,OK,55,Kraken,Seattle,de Seattle,SEA,2.0,28,Sharks,San Jose,de San Jose,SJS,1.0,4.0,OT,3,OT,8475831.0,8478407.0,/video/sea-sjs-342349642,,,,,,,,,,,,,,,,,,,,,,,SEA
2022021089,20222023,2,2023-03-16,False,2023-03-17T02:30:00Z,-04:00,-07:00,America/Los_Angeles,OFF,OK,29,Blue Jackets,Columbus,de Columbus,CBJ,1.0,26,Kings,Los Angeles,de Los Angeles,LAK,4.0,3.0,REG,3,REG,8477831.0,8471685.0,/video/cbj-lak-342348796,,,,,,,,,,,,,,,,,,,,,,,LAK
2022021092,20222023,2,2023-03-17,False,2023-03-17T23:00:00Z,-04:00,-04:00,America/Toronto,OFF,OK,12,Hurricanes,Carolina,de la Caroline,CAR,2.0,10,Maple Leafs,Toronto,de Toronto,TOR,5.0,3.0,REG,3,REG,8478492.0,8479318.0,/video/car-tor-342374240,,,,,,,,,,,,,,,,,,,,,,,TOR
2022021093,20222023,2,2023-03-17,False,2023-03-17T23:00:00Z,-04:00,-04:00,US/Eastern,OFF,OK,19,Blues,St. Louis,de St. Louis,STL,5.0,15,Capitals,Washington,de Washington,WSH,2.0,3.0,REG,3,REG,8480981.0,8477953.0,/video/stl-wsh-342372808,,,,,,,,,,,,,,,,,,,,,,,STL
2022021091,20222023,2,2023-03-17,False,2023-03-17T23:00:00Z,-04:00,-04:00,US/Eastern,OFF,OK,7,Sabres,Buffalo,de Buffalo,BUF,2.0,4,Flyers,Philadelphia,de Philadelphie,PHI,5.0,3.0,REG,3,REG,8479394.0,8480015.0,,,,,,,,,,,,,,,,,,,,,,,,PHI
2022021094,20222023,2,2023-03-17,False,2023-03-18T02:00:00Z,-04:00,-07:00,America/Los_Angeles,OFF,OK,29,Blue Jackets,Columbus,de Columbus,CBJ,4.0,24,Ducks,Anaheim,d'Anaheim,ANA,7.0,3.0,REG,3,REG,8480843.0,8479368.0,/video/cbj-ana-342379678,,,,,,,,,,,,,,,,,,,,,,,ANA
2022021095,20222023,2,2023-03-18,False,2023-03-18T17:00:00Z,-04:00,-04:00,America/Detroit,OFF,OK,21,Avalanche,Colorado,du Colorado,COL,5.0,17,Red Wings,Detroit,de Detroit,DET,1.0,3.0,REG,3,REG,8480382.0,8477492.0,/video/col-det-342393500,,,,,,,,,,,,,,,,,,,,,,,COL
2022021096,20222023,2,2023-03-18,False,2023-03-18T18:00:00Z,-04:00,-05:00,US/Central,OFF,OK,6,Bruins,Boston,de Boston,BOS,5.0,30,Wild,Minnesota,du Minnesota,MIN,2.0,3.0,REG,3,REG,8476999.0,8471276.0,/video/bos-min-342398468,,,,,,,,,,,,,,,,,,,,,,,BOS
2022021097,20222023,2,2023-03-18,False,2023-03-18T18:00:00Z,-04:00,-05:00,US/Central,OFF,OK,52,Jets,Winnipeg,de Winnipeg,WPG,3.0,18,Predators,Nashville,de Nashville,NSH,2.0,4.0,OT,3,OT,8476945.0,8480145.0,/video/wpg-nsh-342397858,,,,,,,,,,,,,,,,,,,,,,,WPG
2022021098,20222023,2,2023-03-18,False,2023-03-18T20:00:00Z,-04:00,-07:00,US/Pacific,OFF,OK,22,Oilers,Edmonton,d'Edmonton,EDM,6.0,55,Kraken,Seattle,de Seattle,SEA,4.0,3.0,REG,3,REG,8479973.0,8475169.0,,,,,,,,,,,,,,,,,,,,,,,,EDM
2022021099,20222023,2,2023-03-18,False,2023-03-18T21:00:00Z,-04:00,-04:00,US/Eastern,OFF,OK,12,Hurricanes,Carolina,de la Caroline,CAR,5.0,4,Flyers,Philadelphia,de Philadelphie,PHI,4.0,4.0,OT,3,OT,8475883.0,8478427.0,/video/car-phi-342408900,,,,,,,,,,,,,,,,,,,,,,,CAR
2022021100,20222023,2,2023-03-18,False,2023-03-18T22:00:00Z,-04:00,-04:00,US/Eastern,OFF,OK,1,Devils,New Jersey,du New Jersey,NJD,2.0,13,Panthers,Florida,de la Floride,FLA,4.0,3.0,REG,3,REG,8475683.0,8479314.0,/video/njd-fla-342412652,,,,,,,,,,,,,,,,,,,,,,,FLA
2022021101,20222023,2,2023-03-18,False,2023-03-18T23:00:00Z,-04:00,-04:00,US/Eastern,OFF,OK,8,Canadiens,Montréal,de Montréal,MTL,3.0,14,Lightning,Tampa Bay,de Tampa Bay,TBL,5.0,3.0,REG,3,REG,8470880.0,8479542.0,/video/mtl-tbl-342416070,,,,,,,,,,,,,,,,,,,,,,,TBL
2022021102,20222023,2,2023-03-18,False,2023-03-18T23:00:00Z,-04:00,-04:00,US/Eastern,OFF,OK,10,Maple Leafs,Toronto,de Toronto,TOR,5.0,9,Senators,Ottawa,d'Ottawa,OTT,4.0,5.0,SO,3,SO,8476899.0,,/video/tor-ott-342418168,,,Sénateurs,,,,,,,,,,,,,,,,,,,,TOR
2022021103,20222023,2,2023-03-18,False,2023-03-19T00:00:00Z,-04:00,-04:00,America/New_York,OFF,OK,5,Penguins,Pittsburgh,de Pittsburgh,PIT,0.0,3,Rangers,New York,de New York,NYR,6.0,3.0,REG,3,REG,8478048.0,8476459.0,/video/pit-nyr-342421950,,,,,,,,,,,,,,,,,,,,,,,NYR
2022021104,20222023,2,2023-03-18,False,2023-03-19T02:00:00Z,-04:00,-06:00,America/Edmonton,OFF,OK,25,Stars,Dallas,de Dallas,DAL,6.0,20,Flames,Calgary,de Calgary,CGY,5.0,4.0,OT,3,OT,8479979.0,8480027.0,/video/dal-cgy-342429174,,,,,,,,,,,,,,,,,,,,,,,DAL
2022021105,20222023,2,2023-03-18,False,2023-03-19T02:00:00Z,-04:00,-07:00,America/Los_Angeles,OFF,OK,23,Canucks,Vancouver,de Vancouver,VAN,3.0,26,Kings,Los Angeles,de Los Angeles,LAK,2.0,5.0,SO,3,SO,8477967.0,,/video/van-lak-342428516,,,,,,,,,,,,,,,,,,,,,,,VAN
2022021107,20222023,2,2023-03-18,False,2023-03-19T02:30:00Z,-04:00,-07:00,US/Pacific,OFF,OK,2,Islanders,New York,de New York,NYI,4.0,28,Sharks,San Jose,de San Jose,SJS,1.0,3.0,REG,3,REG,8478009.0,8475151.0,/video/nyi-sjs-342430272,,,,,,,,,,,,,,,,,,,,,,,NYI
2022021106,20222023,2,2023-03-18,False,2023-03-19T02:30:00Z,-04:00,-07:00,America/Phoenix,OFF,OK,16,Blackhawks,Chicago,de Chicago,CHI,2.0,53,Coyotes,Arizona,de l'Arizona,ARI,4.0,3.0,REG,3,REG,8481031.0,8479976.0,/video/chi-ari-342430412,,,,,,,,,,,,,,,,,,Valimaki,,,,,ARI
2022021108,20222023,2,2023-03-19,False,2023-03-19T17:00:00Z,-04:00,-04:00,America/New_York,OFF,OK,6,Bruins,Boston,de Boston,BOS,7.0,7,Sabres,Buffalo,de Buffalo,BUF,0.0,3.0,REG,3,REG,8480280.0,8470638.0,/video/bos-buf-342445946,,,,,,,,,,,,,,,,,,,,,,,BOS
2022021109,20222023,2,2023-03-19,False,2023-03-19T18:00:00Z,-04:00,-05:00,US/Central,OFF,OK,15,Capitals,Washington,de Washington,WSH,3.0,30,Wild,Minnesota,du Minnesota,MIN,5.0,3.0,REG,3,REG,8470594.0,8479520.0,,,,,,,,,,,,,,,,,,,,,,,,MIN
2022021110,20222023,2,2023-03-19,False,2023-03-19T20:00:00Z,-04:00,-07:00,US/Pacific,OFF,OK,29,Blue Jackets,Columbus,de Columbus,CBJ,2.0,54,Golden Knights,Vegas,de Vegas,VGK,7.0,3.0,REG,3,REG,8480238.0,8481604.0,/video/cbj-vgk-342452280,,,,,,,,,,,,,,,,,,,,,,,VGK
2022021113,20222023,2,2023-03-19,False,2023-03-19T23:00:00Z,-04:00,-05:00,US/Central,OFF,OK,52,Jets,Winnipeg,de Winnipeg,WPG,0.0,19,Blues,St. Louis,de St. Louis,STL,3.0,3.0,REG,3,REG,8480981.0,8477953.0,/video/wpg-stl-342459112,,,,,,,,,,,,,,,,,,,,,,,STL
2022021112,20222023,2,2023-03-19,False,2023-03-19T23:00:00Z,-04:00,-04:00,US/Eastern,OFF,OK,1,Devils,New Jersey,du New Jersey,NJD,5.0,14,Lightning,Tampa Bay,de Tampa Bay,TBL,2.0,3.0,REG,3,REG,8477970.0,8480002.0,,,,,,,,,,,,,,,,,,,,,,,,NJD
2022021111,20222023,2,2023-03-19,False,2023-03-19T23:00:00Z,-04:00,-04:00,America/New_York,OFF,OK,18,Predators,Nashville,de Nashville,NSH,0.0,3,Rangers,New York,de New York,NYR,7.0,3.0,REG,3,REG,8470860.0,8480078.0,/video/nsh-nyr-342458686,,,,,,,,,,,,,,,,,,,,,,,NYR
2022021114,20222023,2,2023-03-19,False,2023-03-20T00:00:00Z,-04:00,-07:00,America/Los_Angeles,OFF,OK,23,Canucks,Vancouver,de Vancouver,VAN,2.0,24,Ducks,Anaheim,d'Anaheim,ANA,1.0,3.0,REG,3,REG,8480420.0,8480012.0,,,,,,,,,,,,,,,,,,,,,,,,VAN
2022021115,20222023,2,2023-03-20,False,2023-03-20T23:00:00Z,-04:00,-04:00,US/Eastern,OFF,OK,9,Senators,Ottawa,d'Ottawa,OTT,2.0,5,Penguins,Pittsburgh,de Pittsburgh,PIT,1.0,3.0,REG,3,REG,8480263.0,8480208.0,/video/ott-pit-342491136,,Sénateurs,,,,,,,,,,,,,,,,,,,,,OTT
2022021116,20222023,2,2023-03-20,False,2023-03-20T23:00:00Z,-04:00,-04:00,America/Detroit,OFF,OK,13,Panthers,Florida,de la Floride,FLA,5.0,17,Red Wings,Detroit,de Detroit,DET,2.0,3.0,REG,3,REG,8475683.0,8478055.0,,,,,,,,,,,,,,,,,,,,,,,,FLA
2022021117,20222023,2,2023-03-20,False,2023-03-21T01:00:00Z,-04:00,-06:00,America/Denver,OFF,OK,16,Blackhawks,Chicago,de Chicago,CHI,0.0,21,Avalanche,Colorado,du Colorado,COL,5.0,3.0,REG,3,REG,8480382.0,8477073.0,/video/chi-col-342497192,,,,,,,,,,,,,,,,,,,,,,,COL
2022021118,20222023,2,2023-03-20,False,2023-03-21T01:30:00Z,-04:00,-06:00,America/Edmonton,OFF,OK,28,Sharks,San Jose,de San Jose,SJS,4.0,22,Oilers,Edmonton,d'Edmonton,EDM,5.0,4.0,OT,3,OT,8475789.0,8477498.0,/video/sjs-edm-342502620,,,,,,,,,,,,,,,,,,,,,,,EDM
2022021119,20222023,2,2023-03-20,False,2023-03-21T02:30:00Z,-04:00,-07:00,America/Los_Angeles,OFF,OK,20,Flames,Calgary,de Calgary,CGY,2.0,26,Kings,Los Angeles,de Los Angeles,LAK,8.0,3.0,REG,3,REG,8477831.0,8480014.0,/video/cgy-lak-342504548,,,,,,,,,,,,,,,,,,,,,,,LAK
2022021120,20222023,2,2023-03-21,False,2023-03-21T23:00:00Z,-04:00,-04:00,America/New_York,OFF,OK,12,Hurricanes,Carolina,de la Caroline,CAR,3.0,3,Rangers,New York,de New York,NYR,2.0,3.0,REG,3,REG,8475883.0,8476882.0,,,,,,,,,,,,,,,,,,,,,,,,CAR
2022021124,20222023,2,2023-03-21,False,2023-03-21T23:00:00Z,-04:00,-04:00,America/New_York,OFF,OK,18,Predators,Nashville,de Nashville,NSH,7.0,7,Sabres,Buffalo,de Buffalo,BUF,3.0,3.0,REG,3,REG,8477424.0,8482146.0,,,,,,,,,,,,,,,,,,,,,,,,NSH
2022021121,20222023,2,2023-03-21,False,2023-03-21T23:00:00Z,-04:00,-04:00,US/Eastern,OFF,OK,29,Blue Jackets,Columbus,de Columbus,CBJ,7.0,15,Capitals,Washington,de Washington,WSH,6.0,4.0,OT,3,OT,8480193.0,8478458.0,,,,,,,,,,,,,,,,,,,,,,,,CBJ
2022021125,20222023,2,2023-03-21,False,2023-03-21T23:00:00Z,-04:00,-04:00,US/Eastern,OFF,OK,9,Senators,Ottawa,d'Ottawa,OTT,1.0,6,Bruins,Boston,de Boston,BOS,2.0,3.0,REG,3,REG,8476999.0,8478498.0,,,Sénateurs,,,,,,,,,,,,,,,,,,,,,BOS
2022021126,20222023,2,2023-03-21,False,2023-03-21T23:00:00Z,-04:00,-04:00,America/Montreal,OFF,OK,14,Lightning,Tampa Bay,de Tampa Bay,TBL,2.0,8,Canadiens,Montréal,de Montréal,MTL,3.0,3.0,REG,3,REG,8478470.0,8476875.0,/video/tbl-mtl-342545296,,,,,,,,,,,,,,,,,,,,,,,MTL
2022021122,20222023,2,2023-03-21,False,2023-03-21T23:00:00Z,-04:00,-04:00,US/Eastern,OFF,OK,13,Panthers,Florida,de la Floride,FLA,3.0,4,Flyers,Philadelphia,de Philadelphie,PHI,6.0,3.0,REG,3,REG,8479394.0,8477948.0,/video/fla-phi-342547412,,,,,,,,,,,,,,,,,,,,,,,PHI
2022021123,20222023,2,2023-03-21,False,2023-03-21T23:00:00Z,-04:00,-04:00,US/Eastern,OFF,OK,30,Wild,Minnesota,du Minnesota,MIN,2.0,1,Devils,New Jersey,du New Jersey,NJD,1.0,4.0,OT,3,OT,8479406.0,8481557.0,/video/min-njd-342546780,,,,,,,,,,,,,,,,,,,,,,,MIN
2022021127,20222023,2,2023-03-21,False,2023-03-21T23:30:00Z,-04:00,-04:00,America/New_York,OFF,OK,10,Maple Leafs,Toronto,de Toronto,TOR,2.0,2,Islanders,New York,de New York,NYI,7.0,3.0,REG,3,REG,8478009.0,8473504.0,/video/tor-nyi-342551888,,,,,,,,,,,,,,,,,,,,,,,NYI
2022021129,20222023,2,2023-03-21,False,2023-03-22T00:00:00Z,-04:00,-05:00,US/Central,OFF,OK,17,Red Wings,Detroit,de Detroit,DET,3.0,19,Blues,St. Louis,de St. Louis,STL,2.0,5.0,SO,3,SO,8476433.0,,,,,,,,,,,,,,,,,,,,,,,,,DET
2022021128,20222023,2,2023-03-21,False,2023-03-22T00:00:00Z,-04:00,-05:00,America/Winnipeg,OFF,OK,53,Coyotes,Arizona,de l'Arizona,ARI,1.0,52,Jets,Winnipeg,de Winnipeg,WPG,2.0,3.0,REG,3,REG,8476945.0,8476392.0,/video/ari-wpg-342555242,,,,,,,,,,,,,,,,,,,,,,,WPG
2022021130,20222023,2,2023-03-21,False,2023-03-22T00:30:00Z,-04:00,-05:00,US/Central,OFF,OK,55,Kraken,Seattle,de Seattle,SEA,5.0,25,Stars,Dallas,de Dallas,DAL,4.0,4.0,OT,3,OT,8478916.0,8476457.0,/video/sea-dal-342559868,,,,,,,,,,,,,,,,,,,,,,,SEA
2022021132,20222023,2,2023-03-21,False,2023-03-22T02:00:00Z,-04:00,-07:00,America/Vancouver,OFF,OK,54,Golden Knights,Vegas,de Vegas,VGK,4.0,23,Canucks,Vancouver,de Vancouver,VAN,3.0,3.0,REG,3,REG,8471734.0,8481604.0,,,,,,,,,,,,,,,,,,,,,,,,VGK
2022021131,20222023,2,2023-03-21,False,2023-03-22T02:00:00Z,-04:00,-07:00,America/Los_Angeles,OFF,OK,20,Flames,Calgary,de Calgary,CGY,5.0,24,Ducks,Anaheim,d'Anaheim,ANA,1.0,3.0,REG,3,REG,8478435.0,8479442.0,/video/cgy-ana-342565624,,,,,,,,,,,,,,,,,,,,,,,CGY
2022021133,20222023,2,2023-03-22,False,2023-03-23T00:00:00Z,-04:00,-06:00,America/Denver,OFF,OK,5,Penguins,Pittsburgh,de Pittsburgh,PIT,5.0,21,Avalanche,Colorado,du Colorado,COL,2.0,3.0,REG,3,REG,8477465.0,8470604.0,,,,,,,,,,,,,,,,,,,,,,,,PIT
2022021134,20222023,2,2023-03-22,False,2023-03-23T02:30:00Z,-04:00,-06:00,America/Edmonton,OFF,OK,53,Coyotes,Arizona,de l'Arizona,ARI,3.0,22,Oilers,Edmonton,d'Edmonton,EDM,4.0,4.0,OT,3,OT,8479973.0,8478402.0,/video/ari-edm-342594646,,,,,,,,,,,,,,,,,,,,,,,EDM
2022021136,20222023,2,2023-03-23,False,2023-03-23T22:30:00Z,-04:00,-04:00,US/Eastern,OFF,OK,30,Wild,Minnesota,du Minnesota,MIN,4.0,4,Flyers,Philadelphia,de Philadelphie,PHI,5.0,5.0,SO,3,SO,8479394.0,,/video/min-phi-342625868,,,,,,,,,,,,,,,,,,,,,,,PHI
2022021140,20222023,2,2023-03-23,False,2023-03-23T23:00:00Z,-04:00,-04:00,US/Eastern,OFF,OK,10,Maple Leafs,Toronto,de Toronto,TOR,6.0,13,Panthers,Florida,de la Floride,FLA,2.0,3.0,REG,3,REG,8476899.0,8479318.0,/video/tor-fla-342631838,,,,,,,,,,,,,,,,,,,,,,,TOR
2022021135,20222023,2,2023-03-23,False,2023-03-23T23:00:00Z,-04:00,-04:00,US/Eastern,OFF,OK,16,Blackhawks,Chicago,de Chicago,CHI,1.0,15,Capitals,Washington,de Washington,WSH,6.0,3.0,REG,3,REG,8475311.0,8477511.0,/video/chi-wsh-342629764,,,,,,,,,,,,,,,,,,,,,,,WSH
2022021137,20222023,2,2023-03-23,False,2023-03-23T23:00:00Z,-04:00,-04:00,US/Eastern,OFF,OK,8,Canadiens,Montréal,de Montréal,MTL,2.0,6,Bruins,Boston,de Boston,BOS,4.0,3.0,REG,3,REG,8480280.0,8477956.0,/video/mtl-bos-342631382,,,,,,,,,,,,,,,,,,,,,,,BOS
2022021138,20222023,2,2023-03-23,False,2023-03-23T23:00:00Z,-04:00,-04:00,US/Eastern,OFF,OK,3,Rangers,New York,de New York,NYR,2.0,12,Hurricanes,Carolina,de la Caroline,CAR,1.0,3.0,REG,3,REG,8478048.0,8479323.0,/video/nyr-car-342629260,,,,,,,,,,,,,,,,,,,,,,,NYR
2022021139,20222023,2,2023-03-23,False,2023-03-23T23:00:00Z,-04:00,-04:00,US/Eastern,OFF,OK,14,Lightning,Tampa Bay,de Tampa Bay,TBL,2.0,9,Senators,Ottawa,d'Ottawa,OTT,7.0,3.0,REG,3,REG,8481544.0,8473544.0,/video/tbl-ott-342630340,Søgaard,,Sénateurs,,,,,,,,,,,,,,,,,,,,OTT
2022021141,20222023,2,2023-03-23,False,2023-03-23T23:00:00Z,-04:00,-04:00,America/Detroit,OFF,OK,19,Blues,St. Louis,de St. Louis,STL,4.0,17,Red Wings,Detroit,de Detroit,DET,3.0,3.0,REG,3,REG,8480981.0,8482089.0,/video/stl-det-342630276,,,,,,,,,,,,,,,,,,,,,,,STL
2022021142,20222023,2,2023-03-23,False,2023-03-24T00:00:00Z,-04:00,-05:00,US/Central,OFF,OK,55,Kraken,Seattle,de Seattle,SEA,1.0,18,Predators,Nashville,de Nashville,NSH,2.0,5.0,SO,3,SO,8477424.0,,/video/sea-nsh-342638816,,,,,,,,,,,,,,,,,,,,,,,NSH
2022021144,20222023,2,2023-03-23,False,2023-03-24T01:00:00Z,-04:00,-06:00,America/Edmonton,OFF,OK,54,Golden Knights,Vegas,de Vegas,VGK,3.0,20,Flames,Calgary,de Calgary,CGY,2.0,3.0,REG,3,REG,8480313.0,8478462.0,/video/vgk-cgy-342643732,,,,,,,,,,,,,,,,,,,,,,,VGK
2022021143,20222023,2,2023-03-23,False,2023-03-24T01:00:00Z,-04:00,-05:00,US/Central,OFF,OK,5,Penguins,Pittsburgh,de Pittsburgh,PIT,2.0,25,Stars,Dallas,de Dallas,DAL,3.0,3.0,REG,3,REG,8479979.0,8473994.0,/video/pit-dal-342643764,,,,,,,,,,,,,,,,,,,,,,,DAL
2022021145,20222023,2,2023-03-23,False,2023-03-24T02:00:00Z,-04:00,-07:00,America/Vancouver,OFF,OK,28,Sharks,San Jose,de San Jose,SJS,2.0,23,Canucks,Vancouver,de Vancouver,VAN,7.0,3.0,REG,3,REG,8477967.0,8478057.0,/video/sjs-van-342647194,,,,,,,,,,,,,,,,,,,,,,,VAN
2022021146,20222023,2,2023-03-23,False,2023-03-24T02:00:00Z,-04:00,-07:00,America/Los_Angeles,OFF,OK,52,Jets,Winnipeg,de Winnipeg,WPG,3.0,24,Ducks,Anaheim,d'Anaheim,ANA,2.0,3.0,REG,3,REG,8476945.0,8476392.0,/video/wpg-ana-342646958,,,,,,,,,,,,,,,,,,,,,,,WPG
2022021147,20222023,2,2023-03-24,False,2023-03-24T23:00:00Z,-04:00,-04:00,US/Eastern,OFF,OK,2,Islanders,New York,de New York,NYI,4.0,29,Blue Jackets,Columbus,de Columbus,CBJ,5.0,4.0,OT,3,OT,8474636.0,8476432.0,/video/nyi-cbj-342675090,,,,,,,,,,,,,,,,,,,,,,,CBJ
2022021148,20222023,2,2023-03-24,False,2023-03-24T23:00:00Z,-04:00,-04:00,America/New_York,OFF,OK,1,Devils,New Jersey,du New Jersey,NJD,4.0,7,Sabres,Buffalo,de Buffalo,BUF,5.0,3.0,REG,3,REG,8480045.0,8477949.0,/video/njd-buf-342673752,,,,,,,,,,,,,,,,,,,,,,,BUF
2022021149,20222023,2,2023-03-24,False,2023-03-25T01:00:00Z,-04:00,-06:00,America/Denver,OFF,OK,53,Coyotes,Arizona,de l'Arizona,ARI,1.0,21,Avalanche,Colorado,du Colorado,COL,3.0,3.0,REG,3,REG,8480382.0,8480069.0,,,,,,,,,,,,,,,,,,,,,,,,COL
2022021151,20222023,2,2023-03-25,False,2023-03-25T17:00:00Z,-04:00,-04:00,US/Eastern,OFF,OK,14,Lightning,Tampa Bay,de Tampa Bay,TBL,1.0,6,Bruins,Boston,de Boston,BOS,2.0,3.0,REG,3,REG,8476999.0,8477903.0,/video/tbl-bos-342691636,,,,,,,,,,,,,,,,,,,,,,,BOS
2022021150,20222023,2,2023-03-25,False,2023-03-25T17:00:00Z,-04:00,-04:00,US/Eastern,OFF,OK,17,Red Wings,Detroit,de Detroit,DET,0.0,4,Flyers,Philadelphia,de Philadelphie,PHI,3.0,3.0,REG,3,REG,8479394.0,8479356.0,/video/det-phi-342690852,,,,,,,,,,,,,,,,,,,,,,,PHI
2022021152,20222023,2,2023-03-25,False,2023-03-25T18:00:00Z,-04:00,-05:00,US/Central,OFF,OK,55,Kraken,Seattle,de Seattle,SEA,7.0,18,Predators,Nashville,de Nashville,NSH,2.0,3.0,REG,3,REG,8475831.0,8480009.0,/video/sea-nsh-342694592,,,,,,,,,,,,,,,,,,,,,,,SEA
2022021153,20222023,2,2023-03-25,False,2023-03-25T20:00:00Z,-04:00,-06:00,America/Edmonton,OFF,OK,28,Sharks,San Jose,de San Jose,SJS,3.0,20,Flames,Calgary,de Calgary,CGY,5.0,3.0,REG,3,REG,8474593.0,8475172.0,/video/sjs-cgy-342701942,Markström,,,,,,,,,,,,,,,,,,,,,,CGY
2022021154,20222023,2,2023-03-25,False,2023-03-25T20:00:00Z,-04:00,-07:00,America/Los_Angeles,OFF,OK,52,Jets,Winnipeg,de Winnipeg,WPG,1.0,26,Kings,Los Angeles,de Los Angeles,LAK,4.0,3.0,REG,3,REG,8476914.0,8480113.0,/video/wpg-lak-342700356,,,,,,,,,,,,,,,,,,,,,,,LAK
2022021156,20222023,2,2023-03-25,False,2023-03-25T21:00:00Z,-04:00,-04:00,US/Eastern,OFF,OK,3,Rangers,New York,de New York,NYR,4.0,13,Panthers,Florida,de la Floride,FLA,3.0,3.0,REG,3,REG,8470860.0,8480078.0,/video/nyr-fla-342709132,,,,,,,,,,,,,,,,,,,,,,,NYR
2022021155,20222023,2,2023-03-25,False,2023-03-25T21:00:00Z,-04:00,-05:00,US/Central,OFF,OK,16,Blackhawks,Chicago,de Chicago,CHI,1.0,30,Wild,Minnesota,du Minnesota,MIN,3.0,3.0,REG,3,REG,8479406.0,8477451.0,/video/chi-min-342707470,,,,,,,,,,,,,,,,,,,,,,,MIN
2022021157,20222023,2,2023-03-25,False,2023-03-25T21:00:00Z,-04:00,-04:00,America/New_York,OFF,OK,7,Sabres,Buffalo,de Buffalo,BUF,2.0,2,Islanders,New York,de New York,NYI,0.0,3.0,REG,3,REG,8477480.0,8473449.0,/video/buf-nyi-342707336,,,,,,,,,,,,,,,,,,,,,,,BUF
2022021158,20222023,2,2023-03-25,False,2023-03-25T23:00:00Z,-04:00,-04:00,America/Montreal,OFF,OK,29,Blue Jackets,Columbus,de Columbus,CBJ,2.0,8,Canadiens,Montréal,de Montréal,MTL,8.0,3.0,REG,3,REG,8478470.0,8481093.0,/video/cbj-mtl-342719032,,,,,,,,,,,,,,,,,,,,,,,MTL
2022021160,20222023,2,2023-03-25,False,2023-03-25T23:00:00Z,-04:00,-04:00,US/Eastern,OFF,OK,10,Maple Leafs,Toronto,de Toronto,TOR,3.0,12,Hurricanes,Carolina,de la Caroline,CAR,5.0,3.0,REG,3,REG,8481611.0,8478427.0,/video/tor-car-342719402,,,,,,,,,,,,,,,,,,,,,,,CAR
2022021161,20222023,2,2023-03-25,False,2023-03-25T23:00:00Z,-04:00,-05:00,US/Central,OFF,OK,23,Canucks,Vancouver,de Vancouver,VAN,3.0,25,Stars,Dallas,de Dallas,DAL,1.0,3.0,REG,3,REG,8477967.0,8478444.0,/video/van-dal-342718548,,,,,,,,,,,,,,,,,,,,,,,VAN
2022021159,20222023,2,2023-03-25,False,2023-03-25T23:00:00Z,-04:00,-04:00,US/Eastern,OFF,OK,9,Senators,Ottawa,d'Ottawa,OTT,3.0,1,Devils,New Jersey,du New Jersey,NJD,5.0,3.0,REG,3,REG,8478406.0,8476462.0,/video/ott-njd-342718256,,Sénateurs,,,,,,,,,,,,,,,,,,,,,NJD
2022021162,20222023,2,2023-03-25,False,2023-03-26T00:00:00Z,-04:00,-04:00,US/Eastern,OFF,OK,15,Capitals,Washington,de Washington,WSH,3.0,5,Penguins,Pittsburgh,de Pittsburgh,PIT,4.0,3.0,REG,3,REG,8479193.0,8471215.0,/video/wsh-pit-342723574,,,,,,,,,,,,,,,,,,,,,,,PIT
2022021163,20222023,2,2023-03-25,False,2023-03-26T02:00:00Z,-04:00,-06:00,America/Edmonton,OFF,OK,54,Golden Knights,Vegas,de Vegas,VGK,4.0,22,Oilers,Edmonton,d'Edmonton,EDM,3.0,4.0,OT,3,OT,8476316.0,8478462.0,/video/vgk-edm-342733062,,,,,,,,,,,,,,,,,,,,,,,VGK
2022021164,20222023,2,2023-03-25,False,2023-03-26T02:30:00Z,-04:00,-07:00,America/Los_Angeles,OFF,OK,19,Blues,St. Louis,de St. Louis,STL,6.0,24,Ducks,Anaheim,d'Anaheim,ANA,3.0,3.0,REG,3,REG,8476412.0,8475170.0,/video/stl-ana-342733452,,,,,,,,,,,,,,,,,,,,,,,STL
2022021165,20222023,2,2023-03-26,False,2023-03-26T19:00:00Z,-04:00,-07:00,America/Phoenix,OFF,OK,21,Avalanche,Colorado,du Colorado,COL,4.0,53,Coyotes,Arizona,de l'Arizona,ARI,3.0,5.0,SO,3,SO,8480382.0,,,,,,,,,,,,,,,,,,,,,,,,,COL
2022021166,20222023,2,2023-03-26,False,2023-03-26T21:00:00Z,-04:00,-04:00,US/Eastern,OFF,OK,6,Bruins,Boston,de Boston,BOS,4.0,12,Hurricanes,Carolina,de la Caroline,CAR,3.0,5.0,SO,3,SO,8480280.0,,,,,,,,,,,,,,,,,,,,,,,,,BOS
2022021168,20222023,2,2023-03-26,False,2023-03-26T22:00:00Z,-04:00,-05:00,America/Chicago,OFF,OK,23,Canucks,Vancouver,de Vancouver,VAN,4.0,16,Blackhawks,Chicago,de Chicago,CHI,2.0,3.0,REG,3,REG,8480420.0,8480012.0,/video/van-chi-342753392,,,,,,,,,,,,,,,,,,,,,,,VAN
2022021167,20222023,2,2023-03-26,False,2023-03-26T22:00:00Z,-04:00,-05:00,US/Central,OFF,OK,10,Maple Leafs,Toronto,de Toronto,TOR,3.0,18,Predators,Nashville,de Nashville,NSH,2.0,3.0,REG,3,REG,8479361.0,8475166.0,/video/tor-nsh-342753068,,,,,,,,,,,,,,,,,,,,,,,TOR
2022021169,20222023,2,2023-03-26,False,2023-03-27T02:30:00Z,-04:00,-07:00,America/Los_Angeles,OFF,OK,19,Blues,St. Louis,de St. Louis,STL,6.0,26,Kings,Los Angeles,de Los Angeles,LAK,7.0,3.0,REG,3,REG,8477831.0,8474563.0,/video/stl-lak-342759232,,,,,,,,,,,,,,,,,,,,,,,LAK
2022021171,20222023,2,2023-03-27,False,2023-03-27T23:00:00Z,-04:00,-04:00,America/New_York,OFF,OK,8,Canadiens,Montréal,de Montréal,MTL,4.0,7,Sabres,Buffalo,de Buffalo,BUF,3.0,5.0,SO,3,SO,8474596.0,,/video/mtl-buf-342786760,,,,,,,,,,,,,,,,,,,,,,,MTL
2022021170,20222023,2,2023-03-27,False,2023-03-27T23:00:00Z,-04:00,-04:00,US/Eastern,OFF,OK,13,Panthers,Florida,de la Floride,FLA,2.0,9,Senators,Ottawa,d'Ottawa,OTT,5.0,3.0,REG,3,REG,8481544.0,8479337.0,/video/fla-ott-342784192,Søgaard,,Sénateurs,,,,,,,,,,,,,,,,,,,,OTT
2022021172,20222023,2,2023-03-27,False,2023-03-27T23:30:00Z,-04:00,-04:00,America/New_York,OFF,OK,1,Devils,New Jersey,du New Jersey,NJD,1.0,2,Islanders,New York,de New York,NYI,5.0,3.0,REG,3,REG,8478009.0,8475151.0,/video/njd-nyi-342786854,,,,,,,,,,,,,,,,,,,,,,,NYI
2022021173,20222023,2,2023-03-27,False,2023-03-28T00:00:00Z,-04:00,-05:00,US/Central,OFF,OK,55,Kraken,Seattle,de Seattle,SEA,1.0,30,Wild,Minnesota,du Minnesota,MIN,5.0,3.0,REG,3,REG,8470594.0,8481557.0,/video/sea-min-342791298,,,,,,,,,,,,,,,,,,,,,,,MIN
2022021174,20222023,2,2023-03-27,False,2023-03-28T02:00:00Z,-04:00,-07:00,America/Los_Angeles,OFF,OK,21,Avalanche,Colorado,du Colorado,COL,5.0,24,Ducks,Anaheim,d'Anaheim,ANA,1.0,3.0,REG,3,REG,8477992.0,8477492.0,/video/col-ana-342797552,,,,,,,,,,,,,,,,,,,,,,,COL
2022021175,20222023,2,2023-03-27,False,2023-03-28T02:00:00Z,-04:00,-07:00,America/Phoenix,OFF,OK,22,Oilers,Edmonton,d'Edmonton,EDM,5.0,53,Coyotes,Arizona,de l'Arizona,ARI,4.0,3.0,REG,3,REG,8475789.0,8476454.0,/video/edm-ari-342798934,,,,,,,,,,,,,,,,,,,,,,,EDM
2022021179,20222023,2,2023-03-28,False,2023-03-28T23:00:00Z,-04:00,-04:00,US/Eastern,OFF,OK,14,Lightning,Tampa Bay,de Tampa Bay,TBL,4.0,12,Hurricanes,Carolina,de la Caroline,CAR,0.0,3.0,REG,3,REG,8476883.0,8474564.0,/video/tbl-car-342839586,,,,,,,,,,,,,,,,,,,,,,,TBL
2022021180,20222023,2,2023-03-28,False,2023-03-28T23:00:00Z,-04:00,-04:00,America/Detroit,OFF,OK,5,Penguins,Pittsburgh,de Pittsburgh,PIT,4.0,17,Red Wings,Detroit,de Detroit,DET,7.0,3.0,REG,3,REG,8477968.0,8474102.0,/video/pit-det-342838262,,,,,,,,,,,,,,,,,,,,,,,DET
2022021177,20222023,2,2023-03-28,False,2023-03-28T23:00:00Z,-04:00,-04:00,US/Eastern,OFF,OK,8,Canadiens,Montréal,de Montréal,MTL,2.0,4,Flyers,Philadelphia,de Philadelphie,PHI,3.0,3.0,REG,3,REG,8478433.0,8480015.0,/video/mtl-phi-342836638,,,,,,,,,,,,,,,,,,,,,,,PHI
2022021178,20222023,2,2023-03-28,False,2023-03-28T23:00:00Z,-04:00,-04:00,US/Eastern,OFF,OK,18,Predators,Nashville,de Nashville,NSH,2.0,6,Bruins,Boston,de Boston,BOS,1.0,3.0,REG,3,REG,8477424.0,8482062.0,/video/nsh-bos-342837980,,,,,,,,,,,,,,,,,,,,,,,NSH
2022021176,20222023,2,2023-03-28,False,2023-03-28T23:00:00Z,-04:00,-04:00,America/New_York,OFF,OK,29,Blue Jackets,Columbus,de Columbus,CBJ,2.0,3,Rangers,New York,de New York,NYR,6.0,3.0,REG,3,REG,8478048.0,8474141.0,/video/cbj-nyr-342836526,,,,,,,,,,,,,,,,,,,,,,,NYR
2022021181,20222023,2,2023-03-28,False,2023-03-29T00:00:00Z,-04:00,-05:00,US/Central,OFF,OK,23,Canucks,Vancouver,de Vancouver,VAN,5.0,19,Blues,St. Louis,de St. Louis,STL,6.0,4.0,OT,3,OT,8476412.0,8477944.0,/video/van-stl-342849280,,,,,,,,,,,,,,,,,,,,,,,STL
2022021182,20222023,2,2023-03-28,False,2023-03-29T00:30:00Z,-04:00,-05:00,America/Chicago,OFF,OK,25,Stars,Dallas,de Dallas,DAL,4.0,16,Blackhawks,Chicago,de Chicago,CHI,1.0,3.0,REG,3,REG,8479979.0,8476525.0,/video/dal-chi-342851906,,,,,,,,,,,,,,,,,,,,,,,DAL
2022021183,20222023,2,2023-03-28,False,2023-03-29T01:00:00Z,-04:00,-06:00,America/Edmonton,OFF,OK,26,Kings,Los Angeles,de Los Angeles,LAK,1.0,20,Flames,Calgary,de Calgary,CGY,2.0,3.0,REG,3,REG,8474593.0,8482652.0,/video/lak-cgy-342855236,Markström,,,,,,,,,,,,,,,,,,,,,,CGY
2022021184,20222023,2,2023-03-28,False,2023-03-29T02:00:00Z,-04:00,-07:00,US/Pacific,OFF,OK,22,Oilers,Edmonton,d'Edmonton,EDM,7.0,54,Golden Knights,Vegas,de Vegas,VGK,4.0,3.0,REG,3,REG,8479973.0,8475169.0,/video/edm-vgk-342859262,,,,,,,,,,,,,,,,,,,,,,,EDM
2022021185,20222023,2,2023-03-28,False,2023-03-29T02:30:00Z,-04:00,-07:00,US/Pacific,OFF,OK,52,Jets,Winnipeg,de Winnipeg,WPG,0.0,28,Sharks,San Jose,de San Jose,SJS,3.0,3.0,REG,3,REG,8473503.0,8479393.0,/video/wpg-sjs-342860766,,,,,,,,,,,,,,,,,,,,,,,SJS
2022021187,20222023,2,2023-03-29,False,2023-03-29T23:30:00Z,-04:00,-04:00,US/Eastern,OFF,OK,2,Islanders,New York,de New York,NYI,2.0,15,Capitals,Washington,de Washington,WSH,1.0,5.0,SO,3,SO,8478009.0,,/video/nyi-wsh-342882072,,,,,,,,,,,,,,,,,,,,,,,NYI
2022021186,20222023,2,2023-03-29,False,2023-03-29T23:30:00Z,-04:00,-04:00,America/Toronto,OFF,OK,13,Panthers,Florida,de la Floride,FLA,3.0,10,Maple Leafs,Toronto,de Toronto,TOR,2.0,4.0,OT,3,OT,8479312.0,8477986.0,/video/fla-tor-342886112,,,,,,,,,,,,,,,,,,,,,,,FLA
2022021188,20222023,2,2023-03-29,False,2023-03-30T02:00:00Z,-04:00,-06:00,America/Denver,OFF,OK,30,Wild,Minnesota,du Minnesota,MIN,4.0,21,Avalanche,Colorado,du Colorado,COL,2.0,3.0,REG,3,REG,8479406.0,8477919.0,/video/min-col-342887374,,,,,,,,,,,,,,,,,,,,,,,MIN
2022021191,20222023,2,2023-03-30,False,2023-03-30T23:00:00Z,-04:00,-04:00,US/Eastern,OFF,OK,3,Rangers,New York,de New York,NYR,1.0,1,Devils,New Jersey,du New Jersey,NJD,2.0,3.0,REG,3,REG,8477970.0,8478414.0,/video/nyr-njd-342927596,,,,,,,,,,,,,,,,,,,,,,,NJD
2022021192,20222023,2,2023-03-30,False,2023-03-30T23:00:00Z,-04:00,-04:00,US/Eastern,OFF,OK,18,Predators,Nashville,de Nashville,NSH,0.0,5,Penguins,Pittsburgh,de Pittsburgh,PIT,2.0,3.0,REG,3,REG,8477465.0,8475722.0,/video/nsh-pit-342919636,,,,,,,,,,,,,,,,,,,,,,,PIT
2022021194,20222023,2,2023-03-30,False,2023-03-30T23:00:00Z,-04:00,-04:00,US/Eastern,OFF,OK,15,Capitals,Washington,de Washington,WSH,1.0,14,Lightning,Tampa Bay,de Tampa Bay,TBL,5.0,3.0,REG,3,REG,8476883.0,8474564.0,/video/wsh-tbl-342921088,,,,,,,,,,,,,,,,,,,,,,,TBL
2022021189,20222023,2,2023-03-30,False,2023-03-30T23:00:00Z,-04:00,-04:00,US/Eastern,OFF,OK,29,Blue Jackets,Columbus,de Columbus,CBJ,1.0,6,Bruins,Boston,de Boston,BOS,2.0,4.0,OT,3,OT,8476999.0,8477956.0,/video/cbj-bos-342922668,,,,,,,,,,,,,,,,,,,,,,,BOS
2022021193,20222023,2,2023-03-30,False,2023-03-30T23:00:00Z,-04:00,-04:00,US/Eastern,OFF,OK,4,Flyers,Philadelphia,de Philadelphie,PHI,4.0,9,Senators,Ottawa,d'Ottawa,OTT,5.0,4.0,OT,3,OT,8475660.0,8479337.0,/video/phi-ott-342923506,,,Sénateurs,,,,,,,,,,,,,,,,,,,,OTT
2022021190,20222023,2,2023-03-30,False,2023-03-30T23:00:00Z,-04:00,-04:00,America/Montreal,OFF,OK,13,Panthers,Florida,de la Floride,FLA,5.0,8,Canadiens,Montréal,de Montréal,MTL,2.0,3.0,REG,3,REG,8479312.0,8479314.0,/video/fla-mtl-342919472,,,,,,,,,,,,,,,,,,,,,,,FLA
2022021195,20222023,2,2023-03-30,False,2023-03-30T23:30:00Z,-04:00,-04:00,America/Detroit,OFF,OK,12,Hurricanes,Carolina,de la Caroline,CAR,2.0,17,Red Wings,Detroit,de Detroit,DET,3.0,3.0,REG,3,REG,8477968.0,8478013.0,/video/car-det-342925580,,,,,,,,,,,,,,,,,,,,,,,DET
2022021196,20222023,2,2023-03-30,False,2023-03-31T00:30:00Z,-04:00,-05:00,America/Chicago,OFF,OK,19,Blues,St. Louis,de St. Louis,STL,5.0,16,Blackhawks,Chicago,de Chicago,CHI,3.0,3.0,REG,3,REG,8476412.0,8479385.0,/video/stl-chi-342931116,,,,,,,,,,,,,,,,,,,,,,,STL
2022021197,20222023,2,2023-03-30,False,2023-03-31T01:00:00Z,-04:00,-06:00,America/Edmonton,OFF,OK,26,Kings,Los Angeles,de Los Angeles,LAK,0.0,22,Oilers,Edmonton,d'Edmonton,EDM,2.0,3.0,REG,3,REG,8479973.0,8475169.0,/video/lak-edm-342934138,,,,,,,,,,,,,,,,,,,,,,,EDM
2022021198,20222023,2,2023-03-30,False,2023-03-31T02:00:00Z,-04:00,-07:00,US/Pacific,OFF,OK,24,Ducks,Anaheim,d'Anaheim,ANA,1.0,55,Kraken,Seattle,de Seattle,SEA,4.0,3.0,REG,3,REG,8474889.0,8482665.0,/video/ana-sea-342936706,,,,,,,,,,,,,,,,,,,,,,,SEA
2022021199,20222023,2,2023-03-30,False,2023-03-31T02:30:00Z,-04:00,-07:00,US/Pacific,OFF,OK,54,Golden Knights,Vegas,de Vegas,VGK,3.0,28,Sharks,San Jose,de San Jose,SJS,4.0,4.0,OT,3,OT,8473503.0,8474053.0,/video/vgk-sjs-342937776,,,,,,,,,,,,,,,,,,,,,,,SJS
2022021200,20222023,2,2023-03-31,False,2023-03-31T23:00:00Z,-04:00,-04:00,America/New_York,OFF,OK,3,Rangers,New York,de New York,NYR,2.0,7,Sabres,Buffalo,de Buffalo,BUF,3.0,4.0,OT,3,OT,8482221.0,8475784.0,/video/nyr-buf-342963776,,,,,,,,,,,,,,,,,,,,,,,BUF
2022021201,20222023,2,2023-03-31,False,2023-04-01T00:00:00Z,-04:00,-05:00,America/Winnipeg,OFF,OK,17,Red Wings,Detroit,de Detroit,DET,2.0,52,Jets,Winnipeg,de Winnipeg,WPG,6.0,3.0,REG,3,REG,8476945.0,8476460.0,/video/det-wpg-342967546,,,,,,,,,,,,,,,,,,,,,,,WPG
2022021202,20222023,2,2023-03-31,False,2023-04-01T02:00:00Z,-04:00,-07:00,America/Vancouver,OFF,OK,20,Flames,Calgary,de Calgary,CGY,5.0,23,Canucks,Vancouver,de Vancouver,VAN,4.0,4.0,OT,3,OT,8474593.0,8475726.0,/video/cgy-van-342974448,Markström,,,,,,,,,,,,,,,,,,,,,,CGY
2022021203,20222023,2,2023-03-31,False,2023-04-01T02:30:00Z,-04:00,-07:00,America/Phoenix,OFF,OK,25,Stars,Dallas,de Dallas,DAL,5.0,53,Coyotes,Arizona,de l'Arizona,ARI,2.0,3.0,REG,3,REG,8479979.0,8480027.0,/video/dal-ari-342975168,,,,,,,,,,,,,,,,,,,,,,,DAL
2022021204,20222023,2,2023-04-01,False,2023-04-01T17:00:00Z,-04:00,-05:00,US/Central,OFF,OK,19,Blues,St. Louis,de St. Louis,STL,1.0,18,Predators,Nashville,de Nashville,NSH,6.0,3.0,REG,3,REG,8477424.0,8479996.0,/video/stl-nsh-342988264,,,,,,,,,,,,,,,,,,,,,,,NSH
2022021205,20222023,2,2023-04-01,False,2023-04-01T19:00:00Z,-04:00,-04:00,US/Eastern,OFF,OK,6,Bruins,Boston,de Boston,BOS,4.0,5,Penguins,Pittsburgh,de Pittsburgh,PIT,3.0,3.0,REG,3,REG,8480280.0,8477956.0,/video/bos-pit-342994386,,,,,,,,,,,,,,,,,,,,,,,BOS
2022021209,20222023,2,2023-04-01,False,2023-04-01T23:00:00Z,-04:00,-04:00,US/Eastern,OFF,OK,2,Islanders,New York,de New York,NYI,0.0,14,Lightning,Tampa Bay,de Tampa Bay,TBL,5.0,3.0,REG,3,REG,8476883.0,8479410.0,/video/nyi-tbl-343006122,,,,,,,,,,,,,,,,,,,,,,,TBL
2022021210,20222023,2,2023-04-01,False,2023-04-01T23:00:00Z,-04:00,-04:00,US/Eastern,OFF,OK,10,Maple Leafs,Toronto,de Toronto,TOR,3.0,9,Senators,Ottawa,d'Ottawa,OTT,0.0,3.0,REG,3,REG,8478492.0,8478047.0,/video/tor-ott-343004756,,,Sénateurs,,,,,,,,,,,,,,,,,,,,TOR
2022021208,20222023,2,2023-04-01,False,2023-04-01T23:00:00Z,-04:00,-04:00,US/Eastern,OFF,OK,13,Panthers,Florida,de la Floride,FLA,7.0,29,Blue Jackets,Columbus,de Columbus,CBJ,0.0,3.0,REG,3,REG,8479312.0,8477933.0,/video/fla-cbj-343003680,,,,,,,,,,,,,,,,,,,,,,,FLA
2022021207,20222023,2,2023-04-01,False,2023-04-01T23:00:00Z,-04:00,-04:00,America/Montreal,OFF,OK,12,Hurricanes,Carolina,de la Caroline,CAR,3.0,8,Canadiens,Montréal,de Montréal,MTL,0.0,3.0,REG,3,REG,8477293.0,8476869.0,/video/car-mtl-343011400,,,,,,,,,,,,,,,,,,,,,,,CAR
2022021206,20222023,2,2023-04-01,False,2023-04-01T23:00:00Z,-04:00,-04:00,US/Eastern,OFF,OK,7,Sabres,Buffalo,de Buffalo,BUF,6.0,4,Flyers,Philadelphia,de Philadelphie,PHI,3.0,3.0,REG,3,REG,8480045.0,8475784.0,/video/buf-phi-343006552,,,,,,,,,,,,,,,,,,,,,,,BUF
2022021211,20222023,2,2023-04-01,False,2023-04-02T00:00:00Z,-04:00,-05:00,America/Chicago,OFF,OK,1,Devils,New Jersey,du New Jersey,NJD,6.0,16,Blackhawks,Chicago,de Chicago,CHI,3.0,3.0,REG,3,REG,8478406.0,8477435.0,/video/njd-chi-343014436,,,,,,,,,,,,,,,,,,,,,,,NJD
2022021212,20222023,2,2023-04-01,False,2023-04-02T01:00:00Z,-04:00,-06:00,America/Denver,OFF,OK,25,Stars,Dallas,de Dallas,DAL,2.0,21,Avalanche,Colorado,du Colorado,COL,5.0,3.0,REG,3,REG,8480382.0,8477492.0,/video/dal-col-343018480,,,,,,,,,,,,,,,,,,,,,,,COL
2022021214,20222023,2,2023-04-01,False,2023-04-02T02:00:00Z,-04:00,-07:00,US/Pacific,OFF,OK,26,Kings,Los Angeles,de Los Angeles,LAK,3.0,55,Kraken,Seattle,de Seattle,SEA,1.0,3.0,REG,3,REG,8477831.0,8479336.0,/video/lak-sea-343023256,,,,,,,,,,,,,,,,,,,,,,,LAK
2022021215,20222023,2,2023-04-01,False,2023-04-02T02:00:00Z,-04:00,-07:00,US/Pacific,OFF,OK,30,Wild,Minnesota,du Minnesota,MIN,1.0,54,Golden Knights,Vegas,de Vegas,VGK,4.0,3.0,REG,3,REG,8476316.0,8480727.0,/video/min-vgk-343023304,,,,,,,,,,,,,,,,,,,,,,,VGK
2022021213,20222023,2,2023-04-01,False,2023-04-02T02:00:00Z,-04:00,-06:00,America/Edmonton,OFF,OK,24,Ducks,Anaheim,d'Anaheim,ANA,0.0,22,Oilers,Edmonton,d'Edmonton,EDM,6.0,3.0,REG,3,REG,8475789.0,8475786.0,/video/ana-edm-343024512,,,,,,,,,,,,,,,,,,,,,,,EDM
2022021216,20222023,2,2023-04-01,False,2023-04-02T02:00:00Z,-04:00,-07:00,America/Phoenix,OFF,OK,28,Sharks,San Jose,de San Jose,SJS,7.0,53,Coyotes,Arizona,de l'Arizona,ARI,2.0,3.0,REG,3,REG,8478039.0,8479304.0,/video/sjs-ari-343023150,Kähkönen,,,,,,,,,,,,,,,,,,,,,,SJS
2022021217,20222023,2,2023-04-02,False,2023-04-02T17:00:00Z,-04:00,-04:00,US/Eastern,OFF,OK,3,Rangers,New York,de New York,NYR,5.0,15,Capitals,Washington,de Washington,WSH,2.0,3.0,REG,3,REG,8478048.0,8481554.0,/video/nyr-wsh-343039056,,,,,,,,,,,,,,,,,,,,,,,NYR
2022021218,20222023,2,2023-04-02,False,2023-04-02T19:30:00Z,-04:00,-05:00,US/Central,OFF,OK,6,Bruins,Boston,de Boston,BOS,4.0,19,Blues,St. Louis,de St. Louis,STL,3.0,5.0,SO,3,SO,8476999.0,,/video/bos-stl-343045168,,,,,,,,,,,,,,,,,,,,,,,BOS
2022021220,20222023,2,2023-04-02,False,2023-04-02T22:00:00Z,-04:00,-04:00,US/Eastern,OFF,OK,9,Senators,Ottawa,d'Ottawa,OTT,3.0,29,Blue Jackets,Columbus,de Columbus,CBJ,4.0,4.0,OT,3,OT,8476903.0,8480893.0,/video/ott-cbj-343053096,,Sénateurs,,,,,,,,,,,,,,,,,,,,,CBJ
2022021219,20222023,2,2023-04-02,False,2023-04-02T22:00:00Z,-04:00,-04:00,US/Eastern,OFF,OK,2,Islanders,New York,de New York,NYI,1.0,12,Hurricanes,Carolina,de la Caroline,CAR,2.0,3.0,REG,3,REG,8475883.0,8476921.0,/video/nyi-car-343053046,,,,,,,,,,,,,,,,,,,,,,,CAR
2022021221,20222023,2,2023-04-02,False,2023-04-02T22:00:00Z,-04:00,-04:00,US/Eastern,OFF,OK,4,Flyers,Philadelphia,de Philadelphie,PHI,2.0,5,Penguins,Pittsburgh,de Pittsburgh,PIT,4.0,3.0,REG,3,REG,8479193.0,8475810.0,/video/phi-pit-343052780,,,,,,,,,,,,,,,,,,,,,,,PIT
2022021222,20222023,2,2023-04-02,False,2023-04-02T23:00:00Z,-04:00,-04:00,America/Toronto,OFF,OK,17,Red Wings,Detroit,de Detroit,DET,5.0,10,Maple Leafs,Toronto,de Toronto,TOR,2.0,3.0,REG,3,REG,8477968.0,8477946.0,/video/det-tor-343058510,,,,,,,,,,,,,,,,,,,,,,,DET
2022021223,20222023,2,2023-04-02,False,2023-04-02T23:00:00Z,-04:00,-05:00,America/Winnipeg,OFF,OK,1,Devils,New Jersey,du New Jersey,NJD,1.0,52,Jets,Winnipeg,de Winnipeg,WPG,6.0,3.0,REG,3,REG,8476945.0,8475799.0,/video/njd-wpg-343057698,,,,,,,,,,,,,,,,,,,,,,,WPG
2022021224,20222023,2,2023-04-02,False,2023-04-03T00:00:00Z,-04:00,-06:00,America/Edmonton,OFF,OK,24,Ducks,Anaheim,d'Anaheim,ANA,4.0,20,Flames,Calgary,de Calgary,CGY,5.0,3.0,REG,3,REG,8478435.0,8474628.0,/video/ana-cgy-343063350,,,,,,,,,,,,,,,,,,,,,,,CGY
2022021225,20222023,2,2023-04-02,False,2023-04-03T00:00:00Z,-04:00,-07:00,America/Vancouver,OFF,OK,26,Kings,Los Angeles,de Los Angeles,LAK,4.0,23,Canucks,Vancouver,de Vancouver,VAN,1.0,3.0,REG,3,REG,8476914.0,8480113.0,/video/lak-van-343062678,,,,,,,,,,,,,,,,,,,,,,,LAK
2022021226,20222023,2,2023-04-03,False,2023-04-04T00:00:00Z,-04:00,-05:00,US/Central,OFF,OK,54,Golden Knights,Vegas,de Vegas,VGK,4.0,30,Wild,Minnesota,du Minnesota,MIN,3.0,5.0,SO,3,SO,8476316.0,,,,,,,,,,,,,,,,,,,,,,,,,VGK
2022021227,20222023,2,2023-04-03,False,2023-04-04T00:30:00Z,-04:00,-05:00,US/Central,OFF,OK,18,Predators,Nashville,de Nashville,NSH,1.0,25,Stars,Dallas,de Dallas,DAL,5.0,3.0,REG,3,REG,8475809.0,8476525.0,/video/nsh-dal-343092142,,,,,,,,,,,,,,,,,,,,,,,DAL
2022021228,20222023,2,2023-04-03,False,2023-04-04T02:00:00Z,-04:00,-07:00,US/Pacific,OFF,OK,53,Coyotes,Arizona,de l'Arizona,ARI,1.0,55,Kraken,Seattle,de Seattle,SEA,8.0,3.0,REG,3,REG,8475831.0,8477955.0,/video/ari-sea-343096004,,,,,,,,,,,,,,,,,,,,,,,SEA
2022021232,20222023,2,2023-04-04,False,2023-04-04T23:00:00Z,-04:00,-04:00,US/Eastern,OFF,OK,9,Senators,Ottawa,d'Ottawa,OTT,2.0,12,Hurricanes,Carolina,de la Caroline,CAR,3.0,4.0,OT,3,OT,8477293.0,8480039.0,/video/ott-car-343127242,,Sénateurs,,,,,,,,,,,,,,,,,,,,,CAR
2022021231,20222023,2,2023-04-04,False,2023-04-04T23:00:00Z,-04:00,-04:00,America/Montreal,OFF,OK,17,Red Wings,Detroit,de Detroit,DET,5.0,8,Canadiens,Montréal,de Montréal,MTL,0.0,3.0,REG,3,REG,8478024.0,8482078.0,/video/det-mtl-343123256,,,,,,,,,,,,,,,,,,,,,,,DET
2022021233,20222023,2,2023-04-04,False,2023-04-04T23:00:00Z,-04:00,-04:00,US/Eastern,OFF,OK,5,Penguins,Pittsburgh,de Pittsburgh,PIT,1.0,1,Devils,New Jersey,du New Jersey,NJD,5.0,3.0,REG,3,REG,8477970.0,8482110.0,/video/pit-njd-343124460,,,,,,,,,,,,,,,,,,,,,,,NJD
2022021230,20222023,2,2023-04-04,False,2023-04-04T23:00:00Z,-04:00,-04:00,America/Toronto,OFF,OK,29,Blue Jackets,Columbus,de Columbus,CBJ,2.0,10,Maple Leafs,Toronto,de Toronto,TOR,4.0,3.0,REG,3,REG,8479361.0,8479944.0,/video/cbj-tor-343123316,,,,,,,,,,,,,,,,,,,,,,,TOR
2022021229,20222023,2,2023-04-04,False,2023-04-04T23:00:00Z,-04:00,-04:00,US/Eastern,OFF,OK,7,Sabres,Buffalo,de Buffalo,BUF,1.0,13,Panthers,Florida,de la Floride,FLA,2.0,3.0,REG,3,REG,8479312.0,8479314.0,/video/buf-fla-343125688,,,,,,,,,,,,,,,,,,,,,,,FLA
2022021234,20222023,2,2023-04-04,False,2023-04-05T00:00:00Z,-04:00,-05:00,US/Central,OFF,OK,4,Flyers,Philadelphia,de Philadelphie,PHI,2.0,19,Blues,St. Louis,de St. Louis,STL,4.0,3.0,REG,3,REG,8476412.0,8475753.0,/video/phi-stl-343131262,,,,,,,,,,,,,,,,,,,,,,,STL
2022021235,20222023,2,2023-04-04,False,2023-04-05T00:00:00Z,-04:00,-05:00,US/Central,OFF,OK,54,Golden Knights,Vegas,de Vegas,VGK,2.0,18,Predators,Nashville,de Nashville,NSH,3.0,4.0,OT,3,OT,8480947.0,8479996.0,/video/vgk-nsh-343131984,,,,,,,,,,,,,,,,,,,,,,,NSH
2022021236,20222023,2,2023-04-04,False,2023-04-05T01:00:00Z,-04:00,-06:00,America/Edmonton,OFF,OK,16,Blackhawks,Chicago,de Chicago,CHI,4.0,20,Flames,Calgary,de Calgary,CGY,3.0,3.0,REG,3,REG,8475852.0,8478455.0,/video/chi-cgy-343136762,,,,,,,,,,,,,,,,,,,,,,,CHI
2022021238,20222023,2,2023-04-04,False,2023-04-05T02:00:00Z,-04:00,-07:00,America/Vancouver,OFF,OK,55,Kraken,Seattle,de Seattle,SEA,5.0,23,Canucks,Vancouver,de Vancouver,VAN,2.0,3.0,REG,3,REG,8474889.0,8474586.0,/video/sea-van-343142368,,,,,,,,,,,,,,,,,,,,,,,SEA
2022021237,20222023,2,2023-04-04,False,2023-04-05T02:30:00Z,-04:00,-07:00,America/Los_Angeles,OFF,OK,22,Oilers,Edmonton,d'Edmonton,EDM,3.0,26,Kings,Los Angeles,de Los Angeles,LAK,1.0,3.0,REG,3,REG,8479973.0,8477934.0,/video/edm-lak-343144720,,,,,,,,,,,,,,,,,,,,,,,EDM
2022021239,20222023,2,2023-04-04,False,2023-04-05T02:30:00Z,-04:00,-07:00,US/Pacific,OFF,OK,21,Avalanche,Colorado,du Colorado,COL,4.0,28,Sharks,San Jose,de San Jose,SJS,3.0,4.0,OT,3,OT,8480382.0,8477492.0,/video/col-sjs-343143664,,,,,,,,,,,,,,,,,,,,,,,COL
2022021240,20222023,2,2023-04-05,False,2023-04-05T23:30:00Z,-04:00,-05:00,America/Winnipeg,OFF,OK,20,Flames,Calgary,de Calgary,CGY,3.0,52,Jets,Winnipeg,de Winnipeg,WPG,1.0,3.0,REG,3,REG,8474593.0,8482652.0,/video/cgy-wpg-343173156,Markström,,,,,,,,,,,,,,,,,,,,,,CGY
2022021241,20222023,2,2023-04-05,False,2023-04-05T23:30:00Z,-04:00,-04:00,America/New_York,OFF,OK,14,Lightning,Tampa Bay,de Tampa Bay,TBL,3.0,3,Rangers,New York,de New York,NYR,6.0,3.0,REG,3,REG,8478048.0,8477353.0,/video/tbl-nyr-343172742,,,,,,,,,,,,,,,,,,,,,,,NYR
2022021242,20222023,2,2023-04-05,False,2023-04-06T02:00:00Z,-04:00,-07:00,America/Los_Angeles,OFF,OK,22,Oilers,Edmonton,d'Edmonton,EDM,3.0,24,Ducks,Anaheim,d'Anaheim,ANA,1.0,3.0,REG,3,REG,8475789.0,8475760.0,/video/edm-ana-343181318,,,,,,,,,,,,,,,,,,,,,,,EDM
2022021244,20222023,2,2023-04-06,False,2023-04-06T23:00:00Z,-04:00,-04:00,US/Eastern,OFF,OK,30,Wild,Minnesota,du Minnesota,MIN,1.0,5,Penguins,Pittsburgh,de Pittsburgh,PIT,4.0,3.0,REG,3,REG,8477465.0,8476483.0,/video/min-pit-343214532,,,,,,,,,,,,,,,,,,,,,,,PIT
2022021243,20222023,2,2023-04-06,False,2023-04-06T23:00:00Z,-04:00,-04:00,US/Eastern,OFF,OK,29,Blue Jackets,Columbus,de Columbus,CBJ,1.0,1,Devils,New Jersey,du New Jersey,NJD,8.0,3.0,REG,3,REG,8477970.0,8475193.0,/video/cbj-njd-343215138,,,,,,,,,,,,,,,,,,,,,,,NJD
2022021246,20222023,2,2023-04-06,False,2023-04-06T23:00:00Z,-04:00,-04:00,US/Eastern,OFF,OK,10,Maple Leafs,Toronto,de Toronto,TOR,1.0,6,Bruins,Boston,de Boston,BOS,2.0,4.0,OT,3,OT,8480280.0,8477956.0,/video/tor-bos-343215634,,,,,,,,,,,,,,,,,,,,,,,BOS
2022021247,20222023,2,2023-04-06,False,2023-04-06T23:00:00Z,-04:00,-04:00,America/Montreal,OFF,OK,15,Capitals,Washington,de Washington,WSH,2.0,8,Canadiens,Montréal,de Montréal,MTL,6.0,3.0,REG,3,REG,8478470.0,8475848.0,/video/wsh-mtl-343217684,,,,,,,,,,,,,,,,,,,,,,,MTL
2022021245,20222023,2,2023-04-06,False,2023-04-06T23:00:00Z,-04:00,-04:00,US/Eastern,OFF,OK,9,Senators,Ottawa,d'Ottawa,OTT,2.0,13,Panthers,Florida,de la Floride,FLA,7.0,3.0,REG,3,REG,8479312.0,8477493.0,/video/ott-fla-343223474,,Sénateurs,,,,,,,,,,,,,,,,,,,,,FLA
2022021248,20222023,2,2023-04-06,False,2023-04-06T23:00:00Z,-04:00,-04:00,America/Detroit,OFF,OK,7,Sabres,Buffalo,de Buffalo,BUF,7.0,17,Red Wings,Detroit,de Detroit,DET,6.0,5.0,SO,3,SO,8482221.0,,,,,,,,,,,,,,,,,,,,,,,,,BUF
2022021249,20222023,2,2023-04-06,False,2023-04-06T23:30:00Z,-04:00,-04:00,America/New_York,OFF,OK,14,Lightning,Tampa Bay,de Tampa Bay,TBL,1.0,2,Islanders,New York,de New York,NYI,6.0,3.0,REG,3,REG,8478009.0,8475754.0,/video/tbl-nyi-343223806,,,,,,,,,,,,,,,,,,,,,,,NYI
2022021251,20222023,2,2023-04-06,False,2023-04-07T00:00:00Z,-04:00,-05:00,US/Central,OFF,OK,3,Rangers,New York,de New York,NYR,2.0,19,Blues,St. Louis,de St. Louis,STL,3.0,4.0,OT,3,OT,8476412.0,8477953.0,/video/nyr-stl-343226772,,,,,,,,,,,,,,,,,,,,,,,STL
2022021250,20222023,2,2023-04-06,False,2023-04-07T00:00:00Z,-04:00,-05:00,US/Central,OFF,OK,12,Hurricanes,Carolina,de la Caroline,CAR,0.0,18,Predators,Nashville,de Nashville,NSH,3.0,3.0,REG,3,REG,8477424.0,8476873.0,/video/car-nsh-343227022,,,,,,,,,,,,,,,,,,,,,,,NSH
2022021252,20222023,2,2023-04-06,False,2023-04-07T00:30:00Z,-04:00,-05:00,US/Central,OFF,OK,4,Flyers,Philadelphia,de Philadelphie,PHI,1.0,25,Stars,Dallas,de Dallas,DAL,4.0,3.0,REG,3,REG,8479979.0,8470794.0,/video/phi-dal-343230448,,,,,,,,,,,,,,,,,,,,,,,DAL
2022021254,20222023,2,2023-04-06,False,2023-04-07T02:00:00Z,-04:00,-07:00,America/Vancouver,OFF,OK,16,Blackhawks,Chicago,de Chicago,CHI,0.0,23,Canucks,Vancouver,de Vancouver,VAN,3.0,3.0,REG,3,REG,8477967.0,8483808.0,,,,,,,,,,,,,,,,,,,,,,,,VAN
2022021255,20222023,2,2023-04-06,False,2023-04-07T02:00:00Z,-04:00,-07:00,US/Pacific,OFF,OK,26,Kings,Los Angeles,de Los Angeles,LAK,2.0,54,Golden Knights,Vegas,de Vegas,VGK,5.0,3.0,REG,3,REG,8476316.0,8476905.0,/video/lak-vgk-343234948,,,,,,,,,,,,,,,,,,,,,,,VGK
2022021256,20222023,2,2023-04-06,False,2023-04-07T02:30:00Z,-04:00,-07:00,US/Pacific,OFF,OK,21,Avalanche,Colorado,du Colorado,COL,6.0,28,Sharks,San Jose,de San Jose,SJS,2.0,3.0,REG,3,REG,8480382.0,8477492.0,/video/col-sjs-343238218,,,,,,,,,,,,,,,,,,,,,,,COL
2022021253,20222023,2,2023-04-06,False,2023-04-07T02:30:00Z,-04:00,-07:00,US/Pacific,OFF,OK,53,Coyotes,Arizona,de l'Arizona,ARI,2.0,55,Kraken,Seattle,de Seattle,SEA,4.0,3.0,REG,3,REG,8475831.0,8474586.0,/video/ari-sea-343239188,,,,,,,,,,,,,,,,,,,,,,,SEA
2022021257,20222023,2,2023-04-08,False,2023-04-08T16:30:00Z,-04:00,-04:00,America/New_York,OFF,OK,12,Hurricanes,Carolina,de la Caroline,CAR,3.0,7,Sabres,Buffalo,de Buffalo,BUF,4.0,3.0,REG,3,REG,8482221.0,8479420.0,/video/car-buf-343275620,,,,,,,,,,,,,,,,,,,,,,,BUF
2022021266,20222023,2,2023-04-08,False,2023-04-08T17:00:00Z,-04:00,-04:00,America/Detroit,OFF,OK,5,Penguins,Pittsburgh,de Pittsburgh,PIT,5.0,17,Red Wings,Detroit,de Detroit,DET,1.0,3.0,REG,3,REG,8477465.0,8471675.0,/video/pit-det-343276764,,,,,,,,,,,,,,,,,,,,,,,PIT
2022021269,20222023,2,2023-04-08,False,2023-04-08T19:30:00Z,-04:00,-05:00,US/Central,OFF,OK,54,Golden Knights,Vegas,de Vegas,VGK,1.0,25,Stars,Dallas,de Dallas,DAL,2.0,5.0,SO,3,SO,8479979.0,,/video/vgk-dal-343283828,,,,,,,,,,,,,,,,,,,,,,,DAL
2022021259,20222023,2,2023-04-08,False,2023-04-08T20:00:00Z,-04:00,-07:00,US/Pacific,OFF,OK,22,Oilers,Edmonton,d'Edmonton,EDM,6.0,28,Sharks,San Jose,de San Jose,SJS,1.0,3.0,REG,3,REG,8479973.0,8478402.0,/video/edm-sjs-343284912,,,,,,,,,,,,,,,,,,,,,,,EDM
2022021260,20222023,2,2023-04-08,False,2023-04-08T21:30:00Z,-04:00,-07:00,America/Phoenix,OFF,OK,24,Ducks,Anaheim,d'Anaheim,ANA,4.0,53,Coyotes,Arizona,de l'Arizona,ARI,5.0,4.0,OT,3,OT,8481031.0,8480849.0,,,,,,,,,,,,,,,,,,,,,,,,ARI
2022021267,20222023,2,2023-04-08,False,2023-04-08T23:00:00Z,-04:00,-04:00,US/Eastern,OFF,OK,14,Lightning,Tampa Bay,de Tampa Bay,TBL,4.0,9,Senators,Ottawa,d'Ottawa,OTT,7.0,3.0,REG,3,REG,8475660.0,8481102.0,/video/tbl-ott-343302124,,,Sénateurs,,,,,,,,,,,,,,,,,,,,OTT
2022021263,20222023,2,2023-04-08,False,2023-04-08T23:00:00Z,-04:00,-04:00,US/Eastern,OFF,OK,3,Rangers,New York,de New York,NYR,4.0,29,Blue Jackets,Columbus,de Columbus,CBJ,0.0,3.0,REG,3,REG,8478048.0,8476918.0,/video/nyr-cbj-343299032,,,,,,,,,,,,,,,,,,,,,,,NYR
2022021261,20222023,2,2023-04-08,False,2023-04-08T23:00:00Z,-04:00,-04:00,US/Eastern,OFF,OK,13,Panthers,Florida,de la Floride,FLA,4.0,15,Capitals,Washington,de Washington,WSH,2.0,3.0,REG,3,REG,8479312.0,8479314.0,/video/fla-wsh-343301980,,,,,,,,,,,,,,,,,,,,,,,FLA
2022021262,20222023,2,2023-04-08,False,2023-04-08T23:00:00Z,-04:00,-04:00,America/Toronto,OFF,OK,8,Canadiens,Montréal,de Montréal,MTL,1.0,10,Maple Leafs,Toronto,de Toronto,TOR,7.0,3.0,REG,3,REG,8478492.0,8475166.0,/video/mtl-tor-343300936,,,,,,,,,,,,,,,,,,,,,,,TOR
2022021264,20222023,2,2023-04-08,False,2023-04-08T23:00:00Z,-04:00,-05:00,America/Winnipeg,OFF,OK,18,Predators,Nashville,de Nashville,NSH,0.0,52,Jets,Winnipeg,de Winnipeg,WPG,2.0,3.0,REG,3,REG,8476945.0,8476460.0,/video/nsh-wpg-343300864,,,,,,,,,,,,,,,,,,,,,,,WPG
2022021268,20222023,2,2023-04-08,False,2023-04-08T23:30:00Z,-04:00,-04:00,America/New_York,OFF,OK,4,Flyers,Philadelphia,de Philadelphie,PHI,0.0,2,Islanders,New York,de New York,NYI,4.0,3.0,REG,3,REG,8478009.0,8476429.0,/video/phi-nyi-343302362,,,,,,,,,,,,,,,,,,,,,,,NYI
2022021265,20222023,2,2023-04-08,False,2023-04-09T00:00:00Z,-04:00,-04:00,US/Eastern,OFF,OK,1,Devils,New Jersey,du New Jersey,NJD,1.0,6,Bruins,Boston,de Boston,BOS,2.0,3.0,REG,3,REG,8476999.0,8478401.0,,,,,,,,,,,,,,,,,,,,,,,,BOS
2022021258,20222023,2,2023-04-08,False,2023-04-09T00:00:00Z,-04:00,-05:00,US/Central,OFF,OK,19,Blues,St. Louis,de St. Louis,STL,3.0,30,Wild,Minnesota,du Minnesota,MIN,5.0,3.0,REG,3,REG,8479406.0,8474716.0,/video/stl-min-343305834,,,,,,,,,,,,,,,,,,,,,,,MIN
2022021271,20222023,2,2023-04-08,False,2023-04-09T02:00:00Z,-04:00,-07:00,US/Pacific,OFF,OK,16,Blackhawks,Chicago,de Chicago,CHI,3.0,55,Kraken,Seattle,de Seattle,SEA,7.0,3.0,REG,3,REG,8474889.0,8476457.0,/video/chi-sea-343316010,,,,,,,,,,,,,,,,,,,,,,,SEA
2022021270,20222023,2,2023-04-08,False,2023-04-09T02:00:00Z,-04:00,-07:00,America/Vancouver,OFF,OK,20,Flames,Calgary,de Calgary,CGY,2.0,23,Canucks,Vancouver,de Vancouver,VAN,3.0,5.0,SO,3,SO,8477967.0,,/video/cgy-van-343316802,,,,,,,,,,,,,,,,,,,,,,,VAN
2022021272,20222023,2,2023-04-08,False,2023-04-09T02:30:00Z,-04:00,-07:00,America/Los_Angeles,OFF,OK,21,Avalanche,Colorado,du Colorado,COL,4.0,26,Kings,Los Angeles,de Los Angeles,LAK,3.0,3.0,REG,3,REG,8480382.0,8478843.0,/video/col-lak-343318048,,,,,,,,,,,,,,,,,,,,,,,COL
2022021273,20222023,2,2023-04-09,False,2023-04-09T22:00:00Z,-04:00,-04:00,US/Eastern,OFF,OK,6,Bruins,Boston,de Boston,BOS,5.0,4,Flyers,Philadelphia,de Philadelphie,PHI,3.0,3.0,REG,3,REG,8480280.0,8477956.0,/video/bos-phi-343328838,,,,,,,,,,,,,,,,,,,,,,,BOS
2022021274,20222023,2,2023-04-09,False,2023-04-10T00:30:00Z,-04:00,-07:00,America/Los_Angeles,OFF,OK,21,Avalanche,Colorado,du Colorado,COL,5.0,24,Ducks,Anaheim,d'Anaheim,ANA,4.0,4.0,OT,3,OT,8480925.0,8477492.0,/video/col-ana-343335324,,,,,,,,,,,,,,,,,,,,,,,COL
2022021276,20222023,2,2023-04-10,False,2023-04-10T23:00:00Z,-04:00,-04:00,US/Eastern,OFF,OK,12,Hurricanes,Carolina,de la Caroline,CAR,2.0,9,Senators,Ottawa,d'Ottawa,OTT,3.0,3.0,REG,3,REG,8481544.0,8473512.0,/video/car-ott-343370772,Søgaard,,Sénateurs,,,,,,,,,,,,,,,,,,,,OTT
2022021277,20222023,2,2023-04-10,False,2023-04-10T23:00:00Z,-04:00,-04:00,US/Eastern,OFF,OK,2,Islanders,New York,de New York,NYI,2.0,15,Capitals,Washington,de Washington,WSH,5.0,3.0,REG,3,REG,8475311.0,8475225.0,/video/nyi-wsh-343369926,,,,,,,,,,,,,,,,,,,,,,,WSH
2022021275,20222023,2,2023-04-10,False,2023-04-10T23:00:00Z,-04:00,-04:00,America/New_York,OFF,OK,7,Sabres,Buffalo,de Buffalo,BUF,3.0,3,Rangers,New York,de New York,NYR,2.0,5.0,SO,3,SO,8482221.0,,/video/buf-nyr-343371076,,,,,,,,,,,,,,,,,,,,,,,BUF
2022021280,20222023,2,2023-04-10,False,2023-04-10T23:00:00Z,-04:00,-04:00,America/Detroit,OFF,OK,25,Stars,Dallas,de Dallas,DAL,6.0,17,Red Wings,Detroit,de Detroit,DET,1.0,3.0,REG,3,REG,8479979.0,8476902.0,/video/dal-det-343368566,,,,,,,,,,,,,,,,,,,,,,,DAL
2022021278,20222023,2,2023-04-10,False,2023-04-10T23:00:00Z,-04:00,-05:00,America/Winnipeg,OFF,OK,28,Sharks,San Jose,de San Jose,SJS,2.0,52,Jets,Winnipeg,de Winnipeg,WPG,6.0,3.0,REG,3,REG,8476945.0,8476331.0,/video/sjs-wpg-343367812,,,,,,,,,,,,,,,,,,,,,,,WPG
2022021279,20222023,2,2023-04-10,False,2023-04-10T23:00:00Z,-04:00,-04:00,US/Eastern,OFF,OK,10,Maple Leafs,Toronto,de Toronto,TOR,2.0,13,Panthers,Florida,de la Floride,FLA,1.0,4.0,OT,3,OT,8478492.0,8475166.0,/video/tor-fla-343370084,,,,,,,,,,,,,,,,,,,,,,,TOR
2022021281,20222023,2,2023-04-10,False,2023-04-11T01:00:00Z,-04:00,-05:00,America/Chicago,OFF,OK,30,Wild,Minnesota,du Minnesota,MIN,4.0,16,Blackhawks,Chicago,de Chicago,CHI,2.0,3.0,REG,3,REG,8479406.0,8475149.0,,,,,,,,,,,,,,,,,,,,,,,,MIN
2022021282,20222023,2,2023-04-10,False,2023-04-11T01:30:00Z,-04:00,-06:00,America/Edmonton,OFF,OK,18,Predators,Nashville,de Nashville,NSH,3.0,20,Flames,Calgary,de Calgary,CGY,2.0,5.0,SO,3,SO,8477424.0,,/video/nsh-cgy-343381512,,,,,,,,,,,,,,,,,,,,,,,NSH
2022021283,20222023,2,2023-04-10,False,2023-04-11T02:00:00Z,-04:00,-07:00,America/Phoenix,OFF,OK,55,Kraken,Seattle,de Seattle,SEA,4.0,53,Coyotes,Arizona,de l'Arizona,ARI,1.0,3.0,REG,3,REG,8475831.0,8474602.0,/video/sea-ari-343382288,,,,,,,,,,,,,,,,,,,,,,,SEA
2022021284,20222023,2,2023-04-10,False,2023-04-11T02:30:00Z,-04:00,-07:00,America/Los_Angeles,OFF,OK,23,Canucks,Vancouver,de Vancouver,VAN,0.0,26,Kings,Los Angeles,de Los Angeles,LAK,3.0,3.0,REG,3,REG,8476914.0,8481560.0,/video/van-lak-343384576,,,,,,,,,,,,,,,,,,,,,,,LAK
2022021285,20222023,2,2023-04-11,False,2023-04-11T23:00:00Z,-04:00,-04:00,US/Eastern,OFF,OK,7,Sabres,Buffalo,de Buffalo,BUF,2.0,1,Devils,New Jersey,du New Jersey,NJD,6.0,3.0,REG,3,REG,8477970.0,8477425.0,/video/buf-njd-343417614,,,,,,,,,,,,,,,,,,,,,,,NJD
2022021290,20222023,2,2023-04-11,False,2023-04-11T23:00:00Z,-04:00,-04:00,US/Eastern,OFF,OK,15,Capitals,Washington,de Washington,WSH,2.0,6,Bruins,Boston,de Boston,BOS,5.0,3.0,REG,3,REG,8476999.0,8477931.0,/video/wsh-bos-343418216,,,,,,,,,,,,,,,,,,,,,,,BOS
2022021288,20222023,2,2023-04-11,False,2023-04-11T23:00:00Z,-04:00,-04:00,US/Eastern,OFF,OK,17,Red Wings,Detroit,de Detroit,DET,1.0,12,Hurricanes,Carolina,de la Caroline,CAR,4.0,3.0,REG,3,REG,8477293.0,8476921.0,/video/det-car-343416634,,,,,,,,,,,,,,,,,,,,,,,CAR
2022021287,20222023,2,2023-04-11,False,2023-04-11T23:00:00Z,-04:00,-04:00,US/Eastern,OFF,OK,29,Blue Jackets,Columbus,de Columbus,CBJ,3.0,4,Flyers,Philadelphia,de Philadelphie,PHI,4.0,4.0,OT,3,OT,8479394.0,8480015.0,,,,,,,,,,,,,,,,,,,,,,,,PHI
2022021289,20222023,2,2023-04-11,False,2023-04-11T23:00:00Z,-04:00,-04:00,US/Eastern,OFF,OK,10,Maple Leafs,Toronto,de Toronto,TOR,4.0,14,Lightning,Tampa Bay,de Tampa Bay,TBL,3.0,3.0,REG,3,REG,8479361.0,8475158.0,/video/tor-tbl-343418584,,,,,,,,,,,,,,,,,,,,,,,TOR
2022021286,20222023,2,2023-04-11,False,2023-04-11T23:30:00Z,-04:00,-04:00,US/Eastern,OFF,OK,16,Blackhawks,Chicago,de Chicago,CHI,5.0,5,Penguins,Pittsburgh,de Pittsburgh,PIT,2.0,3.0,REG,3,REG,8475852.0,8476960.0,/video/chi-pit-343420854,,,,,,,,,,,,,,,,,,,,,,,CHI
2022021291,20222023,2,2023-04-11,False,2023-04-12T00:00:00Z,-04:00,-05:00,US/Central,OFF,OK,52,Jets,Winnipeg,de Winnipeg,WPG,3.0,30,Wild,Minnesota,du Minnesota,MIN,1.0,3.0,REG,3,REG,8476945.0,8476460.0,/video/wpg-min-343425792,,,,,,,,,,,,,,,,,,,,,,,WPG
2022021292,20222023,2,2023-04-11,False,2023-04-12T01:30:00Z,-04:00,-06:00,America/Denver,OFF,OK,22,Oilers,Edmonton,d'Edmonton,EDM,2.0,21,Avalanche,Colorado,du Colorado,COL,1.0,4.0,OT,3,OT,8479973.0,8480803.0,/video/edm-col-343433110,,,,,,,,,,,,,,,,,,,,,,,EDM
2022021293,20222023,2,2023-04-11,False,2023-04-12T02:00:00Z,-04:00,-07:00,US/Pacific,OFF,OK,55,Kraken,Seattle,de Seattle,SEA,1.0,54,Golden Knights,Vegas,de Vegas,VGK,4.0,3.0,REG,3,REG,8476316.0,8478020.0,/video/sea-vgk-343432974,,,,,,,,,,,,,,,,,,,,,,,VGK
2022021294,20222023,2,2023-04-11,False,2023-04-12T02:00:00Z,-04:00,-07:00,America/Los_Angeles,OFF,OK,23,Canucks,Vancouver,de Vancouver,VAN,3.0,24,Ducks,Anaheim,d'Anaheim,ANA,2.0,3.0,REG,3,REG,8477967.0,8476468.0,/video/van-ana-343434492,,,,,,,,,,,,,,,,,,,,,,,VAN
2022021295,20222023,2,2023-04-12,False,2023-04-12T23:00:00Z,-04:00,-04:00,America/New_York,OFF,OK,8,Canadiens,Montréal,de Montréal,MTL,2.0,2,Islanders,New York,de New York,NYI,4.0,3.0,REG,3,REG,8478009.0,8475754.0,/video/mtl-nyi-343458114,,,,,,,,,,,,,,,,,,,,,,,NYI
2022021296,20222023,2,2023-04-12,False,2023-04-12T23:30:00Z,-04:00,-05:00,US/Central,OFF,OK,25,Stars,Dallas,de Dallas,DAL,5.0,19,Blues,St. Louis,de St. Louis,STL,2.0,3.0,REG,3,REG,8475809.0,8478449.0,,,,,,,,,,,,,,,,,,,,,,,,DAL
2022021297,20222023,2,2023-04-12,False,2023-04-13T02:00:00Z,-04:00,-06:00,America/Edmonton,OFF,OK,28,Sharks,San Jose,de San Jose,SJS,1.0,20,Flames,Calgary,de Calgary,CGY,3.0,3.0,REG,3,REG,8481692.0,8477507.0,/video/sjs-cgy-343464644,,,,,,,,,,,,,,,,,,,,,,,CGY
2022021298,20222023,2,2023-04-13,False,2023-04-13T23:00:00Z,-04:00,-04:00,America/Montreal,OFF,OK,6,Bruins,Boston,de Boston,BOS,5.0,8,Canadiens,Montréal,de Montréal,MTL,4.0,3.0,REG,3,REG,8480280.0,8477956.0,/video/bos-mtl-343509462,,,,,,,,,,,,,,,,,,,,,,,BOS
2022021301,20222023,2,2023-04-13,False,2023-04-13T23:00:00Z,-04:00,-04:00,US/Eastern,OFF,OK,1,Devils,New Jersey,du New Jersey,NJD,5.0,15,Capitals,Washington,de Washington,WSH,4.0,4.0,OT,3,OT,8481033.0,8482684.0,/video/njd-wsh-343507778,,,,,,,,,,,,,,,,,,,,,,,NJD
2022021299,20222023,2,2023-04-13,False,2023-04-13T23:00:00Z,-04:00,-04:00,US/Eastern,OFF,OK,12,Hurricanes,Carolina,de la Caroline,CAR,6.0,13,Panthers,Florida,de la Floride,FLA,4.0,3.0,REG,3,REG,8475883.0,8476906.0,/video/car-fla-343507154,,,,,,,,,,,,,,,,,,,,,,,CAR
2022021300,20222023,2,2023-04-13,False,2023-04-13T23:00:00Z,-04:00,-04:00,US/Eastern,OFF,OK,17,Red Wings,Detroit,de Detroit,DET,0.0,14,Lightning,Tampa Bay,de Tampa Bay,TBL,5.0,3.0,REG,3,REG,8470880.0,8473986.0,/video/det-tbl-343504312,,,,,,,,,,,,,,,,,,,,,,,TBL
2022021302,20222023,2,2023-04-13,False,2023-04-13T23:00:00Z,-04:00,-04:00,America/New_York,OFF,OK,9,Senators,Ottawa,d'Ottawa,OTT,3.0,7,Sabres,Buffalo,de Buffalo,BUF,4.0,4.0,OT,3,OT,8467950.0,8479999.0,/video/ott-buf-343506080,,Sénateurs,,,,,,,,,,,,,,,,,,,,,BUF
2022021304,20222023,2,2023-04-13,False,2023-04-13T23:00:00Z,-04:00,-04:00,America/New_York,OFF,OK,10,Maple Leafs,Toronto,de Toronto,TOR,3.0,3,Rangers,New York,de New York,NYR,2.0,3.0,REG,3,REG,8479361.0,8478569.0,/video/tor-nyr-343504606,,,,,,,,,,,,,,,,,,,,,,,TOR
2022021303,20222023,2,2023-04-13,False,2023-04-13T23:00:00Z,-04:00,-04:00,US/Eastern,OFF,OK,5,Penguins,Pittsburgh,de Pittsburgh,PIT,2.0,29,Blue Jackets,Columbus,de Columbus,CBJ,3.0,4.0,OT,3,OT,8474636.0,8476346.0,/video/pit-cbj-343504098,,,,,,,,,,,,,,,,,,,,,,,CBJ
2022021309,20222023,2,2023-04-13,False,2023-04-14T00:00:00Z,-04:00,-06:00,America/Denver,OFF,OK,52,Jets,Winnipeg,de Winnipeg,WPG,2.0,21,Avalanche,Colorado,du Colorado,COL,4.0,3.0,REG,3,REG,8480382.0,8478542.0,/video/wpg-col-343516520,,,,,,,,,,,,,,,,,,,,,,,COL
2022021307,20222023,2,2023-04-13,False,2023-04-14T00:00:00Z,-04:00,-05:00,US/Central,OFF,OK,19,Blues,St. Louis,de St. Louis,STL,0.0,25,Stars,Dallas,de Dallas,DAL,1.0,3.0,REG,3,REG,8479979.0,8482740.0,/video/stl-dal-343515074,,,,,,,,,,,,,,,,,,,,,,,DAL
2022021305,20222023,2,2023-04-13,False,2023-04-14T00:00:00Z,-04:00,-05:00,US/Central,OFF,OK,30,Wild,Minnesota,du Minnesota,MIN,3.0,18,Predators,Nashville,de Nashville,NSH,4.0,4.0,OT,3,OT,8477424.0,8481704.0,/video/min-nsh-343515272,,,,,,,,,,,,,,,,,,,,,,,NSH
2022021306,20222023,2,2023-04-13,False,2023-04-14T00:30:00Z,-04:00,-05:00,America/Chicago,OFF,OK,4,Flyers,Philadelphia,de Philadelphie,PHI,5.0,16,Blackhawks,Chicago,de Chicago,CHI,4.0,4.0,OT,3,OT,8478433.0,8478500.0,,,,,,,,,,,,,,,,,,,,,,,,PHI
2022021308,20222023,2,2023-04-13,False,2023-04-14T01:00:00Z,-04:00,-06:00,America/Edmonton,OFF,OK,28,Sharks,San Jose,de San Jose,SJS,2.0,22,Oilers,Edmonton,d'Edmonton,EDM,5.0,3.0,REG,3,REG,8479973.0,8480803.0,/video/sjs-edm-343522872,,,,,,,,,,,,,,,,,,,,,,,EDM
2022021310,20222023,2,2023-04-13,False,2023-04-14T02:00:00Z,-04:00,-07:00,America/Los_Angeles,OFF,OK,26,Kings,Los Angeles,de Los Angeles,LAK,5.0,24,Ducks,Anaheim,d'Anaheim,ANA,3.0,3.0,REG,3,REG,8476914.0,8477960.0,/video/lak-ana-343530288,,,,,,,,,,,,,,,,,,,,,,,LAK
2022021311,20222023,2,2023-04-13,False,2023-04-14T02:00:00Z,-04:00,-07:00,America/Phoenix,OFF,OK,23,Canucks,Vancouver,de Vancouver,VAN,5.0,53,Coyotes,Arizona,de l'Arizona,ARI,4.0,4.0,OT,3,OT,8480420.0,8478856.0,/video/van-ari-343529604,,,,,,,,,,,,,,,,,,,,,,,VAN
2022021312,20222023,2,2023-04-13,False,2023-04-14T02:30:00Z,-04:00,-07:00,US/Pacific,OFF,OK,54,Golden Knights,Vegas,de Vegas,VGK,3.0,55,Kraken,Seattle,de Seattle,SEA,1.0,3.0,REG,3,REG,8476316.0,8474166.0,/video/vgk-sea-343532084,,,,,,,,,,,,,,,,,,,,,,,VGK
2022020547,20222023,2,2023-04-14,False,2023-04-14T23:30:00Z,-04:00,-04:00,US/Eastern,OFF,OK,7,Sabres,Buffalo,de Buffalo,BUF,5.0,29,Blue Jackets,Columbus,de Columbus,CBJ,2.0,3.0,REG,3,REG,8482221.0,8477949.0,/video/buf-cbj-343561754,,,,,,,,,,,,,,,,,,,,,,,BUF
2022020320,20222023,2,2023-04-14,False,2023-04-15T00:00:00Z,-04:00,-05:00,US/Central,OFF,OK,21,Avalanche,Colorado,du Colorado,COL,4.0,18,Predators,Nashville,de Nashville,NSH,3.0,3.0,REG,3,REG,8480382.0,8477492.0,/video/col-nsh-343562824,,,,,,,,,,,,,,,,,,,,,,,COL
2022030131,20222023,3,2023-04-17,False,2023-04-17T23:00:00Z,-04:00,-04:00,US/Eastern,OFF,OK,2,Islanders,New York,de New York,NYI,1.0,12,Hurricanes,Carolina,de la Caroline,CAR,2.0,3.0,REG,3,REG,8477293.0,8476474.0,/video/first-round-gm1-nyi-car-343628428,,,,,,,/schedule/playoff-series/2023/series-c/hurricanes-vs-islanders,1.0,R1,1st Round,C,4.0,1.0,0.0,1.0,,,,,,,,CAR
2022030111,20222023,3,2023-04-17,False,2023-04-17T23:30:00Z,-04:00,-04:00,US/Eastern,OFF,OK,13,Panthers,Florida,de la Floride,FLA,1.0,6,Bruins,Boston,de Boston,BOS,3.0,3.0,REG,3,REG,8476999.0,8473419.0,/video/first-round-gm1-fla-bos-343630114,,,,,,,/schedule/playoff-series/2023/series-a/bruins-vs-panthers,1.0,R1,1st Round,A,4.0,1.0,0.0,1.0,,,,,,,,BOS
2022030161,20222023,3,2023-04-17,False,2023-04-18T01:30:00Z,-04:00,-05:00,US/Central,OFF,OK,30,Wild,Minnesota,du Minnesota,MIN,3.0,25,Stars,Dallas,de Dallas,DAL,2.0,5.0,OT,3,OT,8479406.0,8477451.0,/video/first-round-gm1-min-dal-343640736,,,,,,,/schedule/playoff-series/2023/series-f/stars-vs-wild,1.0,R1,1st Round,F,4.0,0.0,1.0,1.0,,2.0,,,,,,MIN
2022030181,20222023,3,2023-04-17,False,2023-04-18T02:00:00Z,-04:00,-06:00,America/Edmonton,OFF,OK,26,Kings,Los Angeles,de Los Angeles,LAK,4.0,22,Oilers,Edmonton,d'Edmonton,EDM,3.0,4.0,OT,3,OT,8476914.0,8480113.0,/video/first-round-gm1-lak-edm-343637854,,,,,,,/schedule/playoff-series/2023/series-h/oilers-vs-kings,1.0,R1,1st Round,H,4.0,0.0,1.0,1.0,,,,,,,,LAK
2022030141,20222023,3,2023-04-18,False,2023-04-18T23:00:00Z,-04:00,-04:00,US/Eastern,OFF,OK,3,Rangers,New York,de New York,NYR,5.0,1,Devils,New Jersey,du New Jersey,NJD,1.0,3.0,REG,3,REG,8478048.0,8475184.0,/video/first-round-gm1-nyr-njd-343667662,,,,,,,/schedule/playoff-series/2023/series-d/devils-vs-rangers,1.0,R1,1st Round,D,4.0,0.0,1.0,1.0,,,,,,,,NYR
2022030121,20222023,3,2023-04-18,False,2023-04-18T23:30:00Z,-04:00,-04:00,America/Toronto,OFF,OK,14,Lightning,Tampa Bay,de Tampa Bay,TBL,7.0,10,Maple Leafs,Toronto,de Toronto,TOR,3.0,3.0,REG,3,REG,8476883.0,8478010.0,/video/first-round-gm1-tbl-tor-343670112,,,,,,,/schedule/playoff-series/2023/series-b/mapleleafs-vs-lightning,1.0,R1,1st Round,B,4.0,0.0,1.0,1.0,,,,,,,,TBL
2022030171,20222023,3,2023-04-18,False,2023-04-19T01:30:00Z,-04:00,-07:00,US/Pacific,OFF,OK,52,Jets,Winnipeg,de Winnipeg,WPG,5.0,54,Golden Knights,Vegas,de Vegas,VGK,1.0,3.0,REG,3,REG,8476945.0,8479400.0,/video/first-round-gm1-wpg-vgk-343676014,,,,,,,/schedule/playoff-series/2023/series-g/goldenknights-vs-jets,1.0,R1,1st Round,G,4.0,0.0,1.0,1.0,,,,,,,,WPG
2022030151,20222023,3,2023-04-18,False,2023-04-19T02:00:00Z,-04:00,-06:00,America/Denver,OFF,OK,55,Kraken,Seattle,de Seattle,SEA,3.0,21,Avalanche,Colorado,du Colorado,COL,1.0,3.0,REG,3,REG,8475831.0,8477505.0,/video/first-round-gm1-sea-col-343677532,,,,,,,/schedule/playoff-series/2023/series-e/avalanche-vs-kraken,1.0,R1,1st Round,E,4.0,0.0,1.0,1.0,,,,,,,,SEA
2022030132,20222023,3,2023-04-19,False,2023-04-19T23:00:00Z,-04:00,-04:00,US/Eastern,OFF,OK,2,Islanders,New York,de New York,NYI,3.0,12,Hurricanes,Carolina,de la Caroline,CAR,4.0,4.0,OT,3,OT,8477293.0,8475855.0,/video/first-round-gm2-nyi-car-343702420,,,,,,,/schedule/playoff-series/2023/series-c/hurricanes-vs-islanders,1.0,R1,1st Round,C,4.0,2.0,0.0,2.0,,,,,,,,CAR
2022030112,20222023,3,2023-04-19,False,2023-04-19T23:30:00Z,-04:00,-04:00,US/Eastern,OFF,OK,13,Panthers,Florida,de la Floride,FLA,6.0,6,Bruins,Boston,de Boston,BOS,3.0,3.0,REG,3,REG,8479312.0,8477409.0,/video/first-round-gm2-fla-bos-343705988,,,,,,,/schedule/playoff-series/2023/series-a/bruins-vs-panthers,1.0,R1,1st Round,A,4.0,1.0,1.0,2.0,,,,,,,,FLA
2022030162,20222023,3,2023-04-19,False,2023-04-20T01:30:00Z,-04:00,-05:00,US/Central,OFF,OK,30,Wild,Minnesota,du Minnesota,MIN,3.0,25,Stars,Dallas,de Dallas,DAL,7.0,3.0,REG,3,REG,8479979.0,8474149.0,/video/first-round-gm2-min-dal-343710958,,,,,,,/schedule/playoff-series/2023/series-f/stars-vs-wild,1.0,R1,1st Round,F,4.0,1.0,1.0,2.0,,,,,,,,DAL
2022030182,20222023,3,2023-04-19,False,2023-04-20T02:00:00Z,-04:00,-06:00,America/Edmonton,OFF,OK,26,Kings,Los Angeles,de Los Angeles,LAK,2.0,22,Oilers,Edmonton,d'Edmonton,EDM,4.0,3.0,REG,3,REG,8479973.0,8480011.0,/video/first-round-gm2-lak-edm-343713226,,,,,,,/schedule/playoff-series/2023/series-h/oilers-vs-kings,1.0,R1,1st Round,H,4.0,1.0,1.0,2.0,,,,,,,,EDM
2022030122,20222023,3,2023-04-20,False,2023-04-20T23:00:00Z,-04:00,-04:00,America/Toronto,OFF,OK,14,Lightning,Tampa Bay,de Tampa Bay,TBL,2.0,10,Maple Leafs,Toronto,de Toronto,TOR,7.0,3.0,REG,3,REG,8478492.0,8477939.0,/video/first-round-gm2-tbl-tor-343738870,,,,,,,/schedule/playoff-series/2023/series-b/mapleleafs-vs-lightning,1.0,R1,1st Round,B,4.0,1.0,1.0,2.0,,,,,,,,TOR
2022030142,20222023,3,2023-04-20,False,2023-04-20T23:30:00Z,-04:00,-04:00,US/Eastern,OFF,OK,3,Rangers,New York,de New York,NYR,5.0,1,Devils,New Jersey,du New Jersey,NJD,1.0,3.0,REG,3,REG,8478048.0,8475184.0,/video/first-round-gm2-nyr-njd-343739670,,,,,,,/schedule/playoff-series/2023/series-d/devils-vs-rangers,1.0,R1,1st Round,D,4.0,0.0,2.0,2.0,,,,,,,,NYR
2022030152,20222023,3,2023-04-20,False,2023-04-21T01:30:00Z,-04:00,-06:00,America/Denver,OFF,OK,55,Kraken,Seattle,de Seattle,SEA,2.0,21,Avalanche,Colorado,du Colorado,COL,3.0,3.0,REG,3,REG,8480382.0,8478038.0,/video/first-round-gm2-sea-col-343746716,,,,,,,/schedule/playoff-series/2023/series-e/avalanche-vs-kraken,1.0,R1,1st Round,E,4.0,1.0,1.0,2.0,,,,,,,,COL
2022030172,20222023,3,2023-04-20,False,2023-04-21T02:00:00Z,-04:00,-07:00,US/Pacific,OFF,OK,52,Jets,Winnipeg,de Winnipeg,WPG,2.0,54,Golden Knights,Vegas,de Vegas,VGK,5.0,3.0,REG,3,REG,8476316.0,8476905.0,/video/first-round-gm2-wpg-vgk-343747408,,,,,,,/schedule/playoff-series/2023/series-g/goldenknights-vs-jets,1.0,R1,1st Round,G,4.0,1.0,1.0,2.0,,,,,,,,VGK
2022030133,20222023,3,2023-04-21,False,2023-04-21T23:00:00Z,-04:00,-04:00,America/New_York,OFF,OK,12,Hurricanes,Carolina,de la Caroline,CAR,1.0,2,Islanders,New York,de New York,NYI,5.0,3.0,REG,3,REG,8478009.0,8475151.0,/video/first-round-gm3-car-nyi-343769160,,,,,,,/schedule/playoff-series/2023/series-c/islanders-vs-hurricanes,1.0,R1,1st Round,C,4.0,2.0,1.0,3.0,,,,,,,,NYI
2022030113,20222023,3,2023-04-21,False,2023-04-21T23:30:00Z,-04:00,-04:00,US/Eastern,OFF,OK,6,Bruins,Boston,de Boston,BOS,4.0,13,Panthers,Florida,de la Floride,FLA,2.0,3.0,REG,3,REG,8476999.0,8477956.0,/video/first-round-gm3-bos-fla-343769738,,,,,,,/schedule/playoff-series/2023/series-a/panthers-vs-bruins,1.0,R1,1st Round,A,4.0,2.0,1.0,3.0,,,,,,,,BOS
2022030163,20222023,3,2023-04-21,False,2023-04-22T01:30:00Z,-04:00,-05:00,US/Central,OFF,OK,25,Stars,Dallas,de Dallas,DAL,1.0,30,Wild,Minnesota,du Minnesota,MIN,5.0,3.0,REG,3,REG,8479406.0,8475149.0,/video/first-round-gm3-dal-min-343776688,,,,,,,/schedule/playoff-series/2023/series-f/wild-vs-stars,1.0,R1,1st Round,F,4.0,1.0,2.0,3.0,,,,,,,,MIN
2022030183,20222023,3,2023-04-21,False,2023-04-22T02:00:00Z,-04:00,-07:00,America/Los_Angeles,OFF,OK,22,Oilers,Edmonton,d'Edmonton,EDM,2.0,26,Kings,Los Angeles,de Los Angeles,LAK,3.0,4.0,OT,3,OT,8476914.0,8479675.0,/video/first-round-gm3-edm-lak-343779152,,,,,,,/schedule/playoff-series/2023/series-h/kings-vs-oilers,1.0,R1,1st Round,H,4.0,1.0,2.0,3.0,,,,,,,,LAK
2022030173,20222023,3,2023-04-22,False,2023-04-22T20:00:00Z,-04:00,-05:00,America/Winnipeg,OFF,OK,54,Golden Knights,Vegas,de Vegas,VGK,5.0,52,Jets,Winnipeg,de Winnipeg,WPG,4.0,5.0,OT,3,OT,8476316.0,8478020.0,/video/first-round-gm3-vgk-wpg-343798522,,,,,,,/schedule/playoff-series/2023/series-g/jets-vs-goldenknights,1.0,R1,1st Round,G,4.0,2.0,1.0,3.0,,2.0,,,,,,VGK
2022030123,20222023,3,2023-04-22,False,2023-04-22T23:00:00Z,-04:00,-04:00,US/Eastern,OFF,OK,10,Maple Leafs,Toronto,de Toronto,TOR,4.0,14,Lightning,Tampa Bay,de Tampa Bay,TBL,3.0,4.0,OT,3,OT,8478492.0,8476853.0,,,,,,,,/schedule/playoff-series/2023/series-b/lightning-vs-mapleleafs,1.0,R1,1st Round,B,4.0,2.0,1.0,3.0,,,,,,,,TOR
2022030143,20222023,3,2023-04-22,False,2023-04-23T00:00:00Z,-04:00,-04:00,America/New_York,OFF,OK,1,Devils,New Jersey,du New Jersey,NJD,2.0,3,Rangers,New York,de New York,NYR,1.0,4.0,OT,3,OT,8481033.0,8476462.0,/video/first-round-gm3-njd-nyr-343805672,,,,,,,/schedule/playoff-series/2023/series-d/rangers-vs-devils,1.0,R1,1st Round,D,4.0,1.0,2.0,3.0,,,,,,,,NJD
2022030153,20222023,3,2023-04-22,False,2023-04-23T02:00:00Z,-04:00,-07:00,US/Pacific,OFF,OK,21,Avalanche,Colorado,du Colorado,COL,6.0,55,Kraken,Seattle,de Seattle,SEA,4.0,3.0,REG,3,REG,8480382.0,8477492.0,/video/first-round-gm3-col-sea-343810066,,,,,,,/schedule/playoff-series/2023/series-e/kraken-vs-avalanche,1.0,R1,1st Round,E,4.0,2.0,1.0,3.0,,,,,,,,COL
2022030134,20222023,3,2023-04-23,False,2023-04-23T17:00:00Z,-04:00,-04:00,America/New_York,OFF,OK,12,Hurricanes,Carolina,de la Caroline,CAR,5.0,2,Islanders,New York,de New York,NYI,2.0,3.0,REG,3,REG,8477293.0,8478427.0,/video/first-round-gm4-car-nyi-343821014,,,,,,,/schedule/playoff-series/2023/series-c/islanders-vs-hurricanes,1.0,R1,1st Round,C,4.0,3.0,1.0,4.0,,,,,,,,CAR
2022030114,20222023,3,2023-04-23,False,2023-04-23T19:30:00Z,-04:00,-04:00,US/Eastern,OFF,OK,6,Bruins,Boston,de Boston,BOS,6.0,13,Panthers,Florida,de la Floride,FLA,2.0,3.0,REG,3,REG,8476999.0,8477479.0,/video/first-round-gm4-bos-fla-343825712,,,,,,,/schedule/playoff-series/2023/series-a/panthers-vs-bruins,1.0,R1,1st Round,A,4.0,3.0,1.0,4.0,,,,,,,,BOS
2022030164,20222023,3,2023-04-23,False,2023-04-23T22:30:00Z,-04:00,-05:00,US/Central,OFF,OK,25,Stars,Dallas,de Dallas,DAL,3.0,30,Wild,Minnesota,du Minnesota,MIN,2.0,3.0,REG,3,REG,8479979.0,8475794.0,/video/first-round-gm4-dal-min-343829942,,,,,,,/schedule/playoff-series/2023/series-f/wild-vs-stars,1.0,R1,1st Round,F,4.0,2.0,2.0,4.0,,,,,,,,DAL
2022030184,20222023,3,2023-04-23,False,2023-04-24T01:00:00Z,-04:00,-07:00,America/Los_Angeles,OFF,OK,22,Oilers,Edmonton,d'Edmonton,EDM,5.0,26,Kings,Los Angeles,de Los Angeles,LAK,4.0,4.0,OT,3,OT,8475789.0,8475786.0,/video/first-round-gm4-edm-lak-343836362,,,,,,,/schedule/playoff-series/2023/series-h/kings-vs-oilers,1.0,R1,1st Round,H,4.0,2.0,2.0,4.0,,,,,,,,EDM
2022030144,20222023,3,2023-04-24,False,2023-04-24T23:00:00Z,-04:00,-04:00,America/New_York,OFF,OK,1,Devils,New Jersey,du New Jersey,NJD,3.0,3,Rangers,New York,de New York,NYR,1.0,3.0,REG,3,REG,8481033.0,8478399.0,/video/first-round-gm4-njd-nyr-343863642,,,,,,,/schedule/playoff-series/2023/series-d/rangers-vs-devils,1.0,R1,1st Round,D,4.0,2.0,2.0,4.0,,,,,,,,NJD
2022030124,20222023,3,2023-04-24,False,2023-04-24T23:30:00Z,-04:00,-04:00,US/Eastern,OFF,OK,10,Maple Leafs,Toronto,de Toronto,TOR,5.0,14,Lightning,Tampa Bay,de Tampa Bay,TBL,4.0,4.0,OT,3,OT,8478492.0,8477021.0,/video/first-round-gm4-tor-tbl-343867286,,,,,,,/schedule/playoff-series/2023/series-b/lightning-vs-mapleleafs,1.0,R1,1st Round,B,4.0,3.0,1.0,4.0,,,,,,,,TOR
2022030174,20222023,3,2023-04-24,False,2023-04-25T01:30:00Z,-04:00,-05:00,America/Winnipeg,OFF,OK,54,Golden Knights,Vegas,de Vegas,VGK,4.0,52,Jets,Winnipeg,de Winnipeg,WPG,2.0,3.0,REG,3,REG,8476316.0,8477964.0,/video/first-round-gm4-vgk-wpg-343874404,,,,,,,/schedule/playoff-series/2023/series-g/jets-vs-goldenknights,1.0,R1,1st Round,G,4.0,3.0,1.0,4.0,,,,,,,,VGK
2022030154,20222023,3,2023-04-24,False,2023-04-25T02:00:00Z,-04:00,-07:00,US/Pacific,OFF,OK,21,Avalanche,Colorado,du Colorado,COL,2.0,55,Kraken,Seattle,de Seattle,SEA,3.0,4.0,OT,3,OT,8475831.0,8474586.0,,,,,,,,/schedule/playoff-series/2023/series-e/kraken-vs-avalanche,1.0,R1,1st Round,E,4.0,2.0,2.0,4.0,,,,,,,,SEA
2022030135,20222023,3,2023-04-25,False,2023-04-25T23:00:00Z,-04:00,-04:00,US/Eastern,OFF,OK,2,Islanders,New York,de New York,NYI,3.0,12,Hurricanes,Carolina,de la Caroline,CAR,2.0,3.0,REG,3,REG,8478009.0,8478445.0,/video/first-round-gm5-nyi-car-343898302,,,,,,,/schedule/playoff-series/2023/series-c/hurricanes-vs-islanders,1.0,R1,1st Round,C,4.0,3.0,2.0,5.0,,,,,,,,NYI
2022030165,20222023,3,2023-04-25,False,2023-04-26T00:00:00Z,-04:00,-05:00,US/Central,OFF,OK,30,Wild,Minnesota,du Minnesota,MIN,0.0,25,Stars,Dallas,de Dallas,DAL,4.0,3.0,REG,3,REG,8479979.0,8475794.0,,,,,,,,/schedule/playoff-series/2023/series-f/stars-vs-wild,1.0,R1,1st Round,F,4.0,3.0,2.0,5.0,,,,,,,,DAL
2022030185,20222023,3,2023-04-25,False,2023-04-26T01:30:00Z,-04:00,-06:00,America/Edmonton,OFF,OK,26,Kings,Los Angeles,de Los Angeles,LAK,3.0,22,Oilers,Edmonton,d'Edmonton,EDM,6.0,3.0,REG,3,REG,8479973.0,8475760.0,/video/first-round-gm5-lak-edm-343909064,,,,,,,/schedule/playoff-series/2023/series-h/oilers-vs-kings,1.0,R1,1st Round,H,4.0,3.0,2.0,5.0,,,,,,,,EDM
2022030115,20222023,3,2023-04-26,False,2023-04-26T23:00:00Z,-04:00,-04:00,US/Eastern,OFF,OK,13,Panthers,Florida,de la Floride,FLA,4.0,6,Bruins,Boston,de Boston,BOS,3.0,4.0,OT,3,OT,8475683.0,8479314.0,/video/first-round-gm5-fla-bos-343931026,,,,,,,/schedule/playoff-series/2023/series-a/bruins-vs-panthers,1.0,R1,1st Round,A,4.0,3.0,2.0,5.0,,,,,,,,FLA
2022030155,20222023,3,2023-04-26,False,2023-04-27T01:30:00Z,-04:00,-06:00,America/Denver,OFF,OK,55,Kraken,Seattle,de Seattle,SEA,3.0,21,Avalanche,Colorado,du Colorado,COL,2.0,3.0,REG,3,REG,8475831.0,8476826.0,,,,,,,,/schedule/playoff-series/2023/series-e/avalanche-vs-kraken,1.0,R1,1st Round,E,4.0,2.0,3.0,5.0,,,,,,,,SEA
2022030125,20222023,3,2023-04-27,False,2023-04-27T23:00:00Z,-04:00,-04:00,America/Toronto,OFF,OK,14,Lightning,Tampa Bay,de Tampa Bay,TBL,4.0,10,Maple Leafs,Toronto,de Toronto,TOR,2.0,3.0,REG,3,REG,8476883.0,8477426.0,/video/first-round-gm5-tbl-tor-343961626,,,,,,,/schedule/playoff-series/2023/series-b/mapleleafs-vs-lightning,1.0,R1,1st Round,B,4.0,3.0,2.0,5.0,,,,,,,,TBL
2022030145,20222023,3,2023-04-27,False,2023-04-27T23:30:00Z,-04:00,-04:00,US/Eastern,OFF,OK,3,Rangers,New York,de New York,NYR,0.0,1,Devils,New Jersey,du New Jersey,NJD,4.0,3.0,REG,3,REG,8481033.0,8476292.0,/video/first-round-gm5-nyr-njd-343960560,,,,,,,/schedule/playoff-series/2023/series-d/devils-vs-rangers,1.0,R1,1st Round,D,4.0,3.0,2.0,5.0,,,,,,,,NJD
2022030175,20222023,3,2023-04-27,False,2023-04-28T02:00:00Z,-04:00,-07:00,US/Pacific,OFF,OK,52,Jets,Winnipeg,de Winnipeg,WPG,1.0,54,Golden Knights,Vegas,de Vegas,VGK,4.0,3.0,REG,3,REG,8476316.0,8475913.0,,,,,,,,/schedule/playoff-series/2023/series-g/goldenknights-vs-jets,1.0,R1,1st Round,G,4.0,4.0,1.0,5.0,,,,,,,,VGK
2022030136,20222023,3,2023-04-28,False,2023-04-28T23:00:00Z,-04:00,-04:00,America/New_York,OFF,OK,12,Hurricanes,Carolina,de la Caroline,CAR,2.0,2,Islanders,New York,de New York,NYI,1.0,4.0,OT,3,OT,8475883.0,8471669.0,/video/first-round-gm6-car-nyi-343992224,,,,,,,/schedule/playoff-series/2023/series-c/islanders-vs-hurricanes,1.0,R1,1st Round,C,4.0,4.0,2.0,6.0,,,,,,,,CAR
2022030116,20222023,3,2023-04-28,False,2023-04-28T23:30:00Z,-04:00,-04:00,US/Eastern,OFF,OK,6,Bruins,Boston,de Boston,BOS,5.0,13,Panthers,Florida,de la Floride,FLA,7.0,3.0,REG,3,REG,8475683.0,8480185.0,/video/first-round-gm6-bos-fla-343990290,,,,,,,/schedule/playoff-series/2023/series-a/panthers-vs-bruins,1.0,R1,1st Round,A,4.0,3.0,3.0,6.0,,,,,,,,FLA
2022030166,20222023,3,2023-04-28,False,2023-04-29T01:30:00Z,-04:00,-05:00,US/Central,OFF,OK,25,Stars,Dallas,de Dallas,DAL,4.0,30,Wild,Minnesota,du Minnesota,MIN,1.0,3.0,REG,3,REG,8479979.0,8482740.0,/video/first-round-gm6-dal-min-343998600,,,,,,,/schedule/playoff-series/2023/series-f/wild-vs-stars,1.0,R1,1st Round,F,4.0,4.0,2.0,6.0,,,,,,,,DAL
2022030156,20222023,3,2023-04-28,False,2023-04-29T02:00:00Z,-04:00,-07:00,US/Pacific,OFF,OK,21,Avalanche,Colorado,du Colorado,COL,4.0,55,Kraken,Seattle,de Seattle,SEA,1.0,3.0,REG,3,REG,8480382.0,8473446.0,/video/first-round-gm6-col-sea-344000268,,,,,,,/schedule/playoff-series/2023/series-e/kraken-vs-avalanche,1.0,R1,1st Round,E,4.0,3.0,3.0,6.0,,,,,,,,COL
2022030126,20222023,3,2023-04-29,False,2023-04-29T23:00:00Z,-04:00,-04:00,US/Eastern,OFF,OK,10,Maple Leafs,Toronto,de Toronto,TOR,2.0,14,Lightning,Tampa Bay,de Tampa Bay,TBL,1.0,4.0,OT,3,OT,8478492.0,8475166.0,/video/first-round-gm6-tor-tbl-344019252,,,,,,,/schedule/playoff-series/2023/series-b/lightning-vs-mapleleafs,1.0,R1,1st Round,B,4.0,4.0,2.0,6.0,,,,,,,,TOR
2022030146,20222023,3,2023-04-29,False,2023-04-30T00:00:00Z,-04:00,-04:00,America/New_York,OFF,OK,1,Devils,New Jersey,du New Jersey,NJD,2.0,3,Rangers,New York,de New York,NYR,5.0,3.0,REG,3,REG,8478048.0,8475765.0,/video/first-round-gm6-njd-nyr-344022286,,,,,,,/schedule/playoff-series/2023/series-d/rangers-vs-devils,1.0,R1,1st Round,D,4.0,3.0,3.0,6.0,,,,,,,,NYR
2022030186,20222023,3,2023-04-29,False,2023-04-30T02:00:00Z,-04:00,-07:00,America/Los_Angeles,OFF,OK,22,Oilers,Edmonton,d'Edmonton,EDM,5.0,26,Kings,Los Angeles,de Los Angeles,LAK,4.0,3.0,REG,3,REG,8479973.0,8479977.0,/video/first-round-gm6-edm-lak-344028846,,,,,,,/schedule/playoff-series/2023/series-h/kings-vs-oilers,1.0,R1,1st Round,H,4.0,4.0,2.0,6.0,,,,,,,,EDM
2022030117,20222023,3,2023-04-30,False,2023-04-30T22:30:00Z,-04:00,-04:00,US/Eastern,OFF,OK,13,Panthers,Florida,de la Floride,FLA,4.0,6,Bruins,Boston,de Boston,BOS,3.0,4.0,OT,3,OT,8475683.0,8477409.0,,,,,,,,/schedule/playoff-series/2023/series-a/bruins-vs-panthers,1.0,R1,1st Round,A,4.0,3.0,4.0,7.0,,,,,,,,FLA
2022030157,20222023,3,2023-04-30,False,2023-05-01T01:30:00Z,-04:00,-06:00,America/Denver,OFF,OK,55,Kraken,Seattle,de Seattle,SEA,2.0,21,Avalanche,Colorado,du Colorado,COL,1.0,3.0,REG,3,REG,8475831.0,8477416.0,,,,,,,,/schedule/playoff-series/2023/series-e/avalanche-vs-kraken,1.0,R1,1st Round,E,4.0,3.0,4.0,7.0,,,,,,,,SEA
2022030147,20222023,3,2023-05-01,False,2023-05-02T00:00:00Z,-04:00,-04:00,US/Eastern,OFF,OK,3,Rangers,New York,de New York,NYR,0.0,1,Devils,New Jersey,du New Jersey,NJD,4.0,3.0,REG,3,REG,8481033.0,8479415.0,,,,,,,,/schedule/playoff-series/2023/series-d/devils-vs-rangers,1.0,R1,1st Round,D,4.0,4.0,3.0,7.0,,,,,,,,NJD
2022030211,20222023,3,2023-05-02,False,2023-05-02T23:00:00Z,-04:00,-04:00,America/Toronto,OFF,OK,13,Panthers,Florida,de la Floride,FLA,4.0,10,Maple Leafs,Toronto,de Toronto,TOR,2.0,3.0,REG,3,REG,8475683.0,8477409.0,,,,,,,,/schedule/playoff-series/2023/series-i/mapleleafs-vs-panthers,2.0,R2,2nd Round,I,4.0,0.0,1.0,1.0,,,,,,,,FLA
2022030231,20222023,3,2023-05-02,False,2023-05-03T01:30:00Z,-04:00,-05:00,US/Central,OFF,OK,55,Kraken,Seattle,de Seattle,SEA,5.0,25,Stars,Dallas,de Dallas,DAL,4.0,4.0,OT,3,OT,8475831.0,8476826.0,/video/second-round-gm1-sea-dal-344112094,,,,,,,/schedule/playoff-series/2023/series-k/stars-vs-kraken,2.0,R2,2nd Round,K,4.0,0.0,1.0,1.0,,,,,,,,SEA
2022030221,20222023,3,2023-05-03,False,2023-05-03T23:00:00Z,-04:00,-04:00,US/Eastern,OFF,OK,1,Devils,New Jersey,du New Jersey,NJD,1.0,12,Hurricanes,Carolina,de la Caroline,CAR,5.0,3.0,REG,3,REG,8475883.0,8482093.0,/video/second-round-gm1-njd-car-344133214,,,,,,,/schedule/playoff-series/2023/series-j/hurricanes-vs-devils,2.0,R2,2nd Round,J,4.0,1.0,0.0,1.0,,,,,,,,CAR
2022030241,20222023,3,2023-05-03,False,2023-05-04T01:30:00Z,-04:00,-07:00,US/Pacific,OFF,OK,22,Oilers,Edmonton,d'Edmonton,EDM,4.0,54,Golden Knights,Vegas,de Vegas,VGK,6.0,3.0,REG,3,REG,8476316.0,8476905.0,/video/second-round-gm1-edm-vgk-344141348,,,,,,,/schedule/playoff-series/2023/series-l/goldenknights-vs-oilers,2.0,R2,2nd Round,L,4.0,1.0,0.0,1.0,,,,,,,,VGK
2022030212,20222023,3,2023-05-04,False,2023-05-04T23:00:00Z,-04:00,-04:00,America/Toronto,OFF,OK,13,Panthers,Florida,de la Floride,FLA,3.0,10,Maple Leafs,Toronto,de Toronto,TOR,2.0,3.0,REG,3,REG,8475683.0,8478055.0,/video/second-round-gm2-fla-tor-344161788,,,,,,,/schedule/playoff-series/2023/series-i/mapleleafs-vs-panthers,2.0,R2,2nd Round,I,4.0,0.0,2.0,2.0,,,,,,,,FLA
2022030232,20222023,3,2023-05-04,False,2023-05-05T01:30:00Z,-04:00,-05:00,US/Central,OFF,OK,55,Kraken,Seattle,de Seattle,SEA,2.0,25,Stars,Dallas,de Dallas,DAL,4.0,3.0,REG,3,REG,8479979.0,8470794.0,/video/second-round-gm2-sea-dal-344166728,,,,,,,/schedule/playoff-series/2023/series-k/stars-vs-kraken,2.0,R2,2nd Round,K,4.0,1.0,1.0,2.0,,,,,,,,DAL
2022030222,20222023,3,2023-05-05,False,2023-05-06T00:00:00Z,-04:00,-04:00,US/Eastern,OFF,OK,1,Devils,New Jersey,du New Jersey,NJD,1.0,12,Hurricanes,Carolina,de la Caroline,CAR,6.0,3.0,REG,3,REG,8475883.0,8480829.0,/video/second-round-gm2-njd-car-344185618,,,,,,,/schedule/playoff-series/2023/series-j/hurricanes-vs-devils,2.0,R2,2nd Round,J,4.0,2.0,0.0,2.0,,,,,,,,CAR
2022030242,20222023,3,2023-05-06,False,2023-05-06T23:00:00Z,-04:00,-07:00,US/Pacific,OFF,OK,22,Oilers,Edmonton,d'Edmonton,EDM,5.0,54,Golden Knights,Vegas,de Vegas,VGK,1.0,3.0,REG,3,REG,8479973.0,8480803.0,/video/second-round-gm2-edm-vgk-344201894,,,,,,,/schedule/playoff-series/2023/series-l/goldenknights-vs-oilers,2.0,R2,2nd Round,L,4.0,1.0,1.0,2.0,,,,,,,,EDM
2022030223,20222023,3,2023-05-07,False,2023-05-07T19:30:00Z,-04:00,-04:00,US/Eastern,OFF,OK,12,Hurricanes,Carolina,de la Caroline,CAR,4.0,1,Devils,New Jersey,du New Jersey,NJD,8.0,3.0,REG,3,REG,8477970.0,8476923.0,/video/second-round-gm3-car-njd-344214298,,,,,,,/schedule/playoff-series/2023/series-j/devils-vs-hurricanes,2.0,R2,2nd Round,J,4.0,2.0,1.0,3.0,,,,,,,,NJD
2022030213,20222023,3,2023-05-07,False,2023-05-07T22:30:00Z,-04:00,-04:00,US/Eastern,OFF,OK,10,Maple Leafs,Toronto,de Toronto,TOR,2.0,13,Panthers,Florida,de la Floride,FLA,3.0,4.0,OT,3,OT,8475683.0,8477933.0,/video/second-round-gm3-tor-fla-344222868,,,,,,,/schedule/playoff-series/2023/series-i/panthers-vs-mapleleafs,2.0,R2,2nd Round,I,4.0,0.0,3.0,3.0,,,,,,,,FLA
2022030233,20222023,3,2023-05-07,False,2023-05-08T01:30:00Z,-04:00,-07:00,US/Pacific,OFF,OK,25,Stars,Dallas,de Dallas,DAL,2.0,55,Kraken,Seattle,de Seattle,SEA,7.0,3.0,REG,3,REG,8475831.0,8477369.0,/video/second-round-gm3-dal-sea-344228348,,,,,,,/schedule/playoff-series/2023/series-k/kraken-vs-stars,2.0,R2,2nd Round,K,4.0,1.0,2.0,3.0,,,,,,,,SEA
2022030243,20222023,3,2023-05-08,False,2023-05-09T00:30:00Z,-04:00,-06:00,America/Edmonton,OFF,OK,54,Golden Knights,Vegas,de Vegas,VGK,5.0,22,Oilers,Edmonton,d'Edmonton,EDM,1.0,3.0,REG,3,REG,8478499.0,8476539.0,/video/second-round-gm3-vgk-edm-344256664,,,,,,,/schedule/playoff-series/2023/series-l/oilers-vs-goldenknights,2.0,R2,2nd Round,L,4.0,2.0,1.0,3.0,,,,,,,,VGK
2022030224,20222023,3,2023-05-09,False,2023-05-09T23:00:00Z,-04:00,-04:00,US/Eastern,OFF,OK,12,Hurricanes,Carolina,de la Caroline,CAR,6.0,1,Devils,New Jersey,du New Jersey,NJD,1.0,3.0,REG,3,REG,8475883.0,8480039.0,/video/second-round-gm4-car-njd-344281584,,,,,,,/schedule/playoff-series/2023/series-j/devils-vs-hurricanes,2.0,R2,2nd Round,J,4.0,3.0,1.0,4.0,,,,,,,,CAR
2022030234,20222023,3,2023-05-09,False,2023-05-10T01:30:00Z,-04:00,-07:00,US/Pacific,OFF,OK,25,Stars,Dallas,de Dallas,DAL,6.0,55,Kraken,Seattle,de Seattle,SEA,3.0,3.0,REG,3,REG,8479979.0,8470794.0,/video/second-round-gm4-dal-sea-344286326,,,,,,,/schedule/playoff-series/2023/series-k/kraken-vs-stars,2.0,R2,2nd Round,K,4.0,2.0,2.0,4.0,,,,,,,,DAL
2022030214,20222023,3,2023-05-10,False,2023-05-10T23:00:00Z,-04:00,-04:00,US/Eastern,OFF,OK,10,Maple Leafs,Toronto,de Toronto,TOR,2.0,13,Panthers,Florida,de la Floride,FLA,1.0,3.0,REG,3,REG,8479361.0,8478483.0,/video/second-round-gm4-tor-fla-344304878,,,,,,,/schedule/playoff-series/2023/series-i/panthers-vs-mapleleafs,2.0,R2,2nd Round,I,4.0,1.0,3.0,4.0,,,,,,,,TOR
2022030244,20222023,3,2023-05-10,False,2023-05-11T02:00:00Z,-04:00,-06:00,America/Edmonton,OFF,OK,54,Golden Knights,Vegas,de Vegas,VGK,1.0,22,Oilers,Edmonton,d'Edmonton,EDM,4.0,3.0,REG,3,REG,8479973.0,8480803.0,/video/second-round-gm4-vgk-edm-344307594,,,,,,,/schedule/playoff-series/2023/series-l/oilers-vs-goldenknights,2.0,R2,2nd Round,L,4.0,2.0,2.0,4.0,,,,,,,,EDM
2022030225,20222023,3,2023-05-11,False,2023-05-11T23:00:00Z,-04:00,-04:00,US/Eastern,OFF,OK,1,Devils,New Jersey,du New Jersey,NJD,2.0,12,Hurricanes,Carolina,de la Caroline,CAR,3.0,4.0,OT,3,OT,8475883.0,8475855.0,/video/second-round-gm5-njd-car-344331196,,,,,,,/schedule/playoff-series/2023/series-j/hurricanes-vs-devils,2.0,R2,2nd Round,J,4.0,4.0,1.0,5.0,,,,,,,,CAR
2022030235,20222023,3,2023-05-11,False,2023-05-12T01:30:00Z,-04:00,-05:00,US/Central,OFF,OK,55,Kraken,Seattle,de Seattle,SEA,2.0,25,Stars,Dallas,de Dallas,DAL,5.0,3.0,REG,3,REG,8479979.0,8470794.0,,,,,,,,/schedule/playoff-series/2023/series-k/stars-vs-kraken,2.0,R2,2nd Round,K,4.0,3.0,2.0,5.0,,,,,,,,DAL
2022030215,20222023,3,2023-05-12,False,2023-05-12T23:00:00Z,-04:00,-04:00,America/Toronto,OFF,OK,13,Panthers,Florida,de la Floride,FLA,3.0,10,Maple Leafs,Toronto,de Toronto,TOR,2.0,4.0,OT,3,OT,8475683.0,8476393.0,,,,,,,,/schedule/playoff-series/2023/series-i/mapleleafs-vs-panthers,2.0,R2,2nd Round,I,4.0,1.0,4.0,5.0,,,,,,,,FLA
2022030245,20222023,3,2023-05-12,False,2023-05-13T02:00:00Z,-04:00,-07:00,US/Pacific,OFF,OK,22,Oilers,Edmonton,d'Edmonton,EDM,3.0,54,Golden Knights,Vegas,de Vegas,VGK,4.0,3.0,REG,3,REG,8478499.0,8479980.0,,,,,,,,/schedule/playoff-series/2023/series-l/goldenknights-vs-oilers,2.0,R2,2nd Round,L,4.0,3.0,2.0,5.0,,,,,,,,VGK
2022030236,20222023,3,2023-05-13,False,2023-05-13T23:00:00Z,-04:00,-07:00,US/Pacific,OFF,OK,25,Stars,Dallas,de Dallas,DAL,3.0,55,Kraken,Seattle,de Seattle,SEA,6.0,3.0,REG,3,REG,8475831.0,8481789.0,,,,,,,,/schedule/playoff-series/2023/series-k/kraken-vs-stars,2.0,R2,2nd Round,K,4.0,3.0,3.0,6.0,,,,,,,,SEA
2022030246,20222023,3,2023-05-14,False,2023-05-15T02:00:00Z,-04:00,-06:00,America/Edmonton,OFF,OK,54,Golden Knights,Vegas,de Vegas,VGK,5.0,22,Oilers,Edmonton,d'Edmonton,EDM,2.0,3.0,REG,3,REG,8478499.0,8476539.0,,,,,,,,/schedule/playoff-series/2023/series-l/oilers-vs-goldenknights,2.0,R2,2nd Round,L,4.0,4.0,2.0,6.0,,,,,,,,VGK
2022030237,20222023,3,2023-05-15,False,2023-05-16T00:00:00Z,-04:00,-05:00,US/Central,OFF,OK,55,Kraken,Seattle,de Seattle,SEA,1.0,25,Stars,Dallas,de Dallas,DAL,2.0,3.0,REG,3,REG,8479979.0,8482740.0,,,,,,,,/schedule/playoff-series/2023/series-k/stars-vs-kraken,2.0,R2,2nd Round,K,4.0,4.0,3.0,7.0,,,,,,,,DAL
2022030311,20222023,3,2023-05-18,False,2023-05-19T00:00:00Z,-04:00,-04:00,US/Eastern,OFF,OK,13,Panthers,Florida,de la Floride,FLA,3.0,12,Hurricanes,Carolina,de la Caroline,CAR,2.0,7.0,OT,3,OT,8475683.0,8479314.0,,,,,,,,/schedule/playoff-series/2023/series-m/hurricanes-vs-panthers,3.0,ECF,Conference Finals,M,4.0,0.0,1.0,1.0,,4.0,,,,,,FLA
2022030321,20222023,3,2023-05-19,False,2023-05-20T00:30:00Z,-04:00,-07:00,US/Pacific,OFF,OK,25,Stars,Dallas,de Dallas,DAL,3.0,54,Golden Knights,Vegas,de Vegas,VGK,4.0,4.0,OT,3,OT,8478499.0,8479353.0,/video/wcf-gm1-dal-vgk-344481980,,,,,,,/schedule/playoff-series/2023/series-n/goldenknights-vs-stars,3.0,WCF,Conference Finals,N,4.0,1.0,0.0,1.0,,,,,,,,VGK
2022030312,20222023,3,2023-05-20,False,2023-05-21T00:00:00Z,-04:00,-04:00,US/Eastern,OFF,OK,13,Panthers,Florida,de la Floride,FLA,2.0,12,Hurricanes,Carolina,de la Caroline,CAR,1.0,4.0,OT,3,OT,8475683.0,8479314.0,/video/ecf-gm2-fla-car-344494214,,,,,,,/schedule/playoff-series/2023/series-m/hurricanes-vs-panthers,3.0,ECF,Conference Finals,M,4.0,0.0,2.0,2.0,,,,,,,,FLA
2022030322,20222023,3,2023-05-21,False,2023-05-21T19:00:00Z,-04:00,-07:00,US/Pacific,OFF,OK,25,Stars,Dallas,de Dallas,DAL,2.0,54,Golden Knights,Vegas,de Vegas,VGK,3.0,4.0,OT,3,OT,8478499.0,8476905.0,/video/wcf-gm2-dal-vgk-344505942,,,,,,,/schedule/playoff-series/2023/series-n/goldenknights-vs-stars,3.0,WCF,Conference Finals,N,4.0,2.0,0.0,2.0,,,,,,,,VGK
2022030313,20222023,3,2023-05-22,False,2023-05-23T00:00:00Z,-04:00,-04:00,US/Eastern,OFF,OK,12,Hurricanes,Carolina,de la Caroline,CAR,0.0,13,Panthers,Florida,de la Floride,FLA,1.0,3.0,REG,3,REG,8475683.0,8477933.0,,,,,,,,/schedule/playoff-series/2023/series-m/panthers-vs-hurricanes,3.0,ECF,Conference Finals,M,4.0,0.0,3.0,3.0,,,,,,,,FLA
2022030323,20222023,3,2023-05-23,False,2023-05-24T00:00:00Z,-04:00,-05:00,US/Central,OFF,OK,54,Golden Knights,Vegas,de Vegas,VGK,4.0,25,Stars,Dallas,de Dallas,DAL,0.0,3.0,REG,3,REG,8478499.0,8476539.0,/video/wcf-gm3-vgk-dal-344551268,,,,,,,/schedule/playoff-series/2023/series-n/stars-vs-goldenknights,3.0,WCF,Conference Finals,N,4.0,3.0,0.0,3.0,,,,,,,,VGK
2022030314,20222023,3,2023-05-24,False,2023-05-25T00:00:00Z,-04:00,-04:00,US/Eastern,OFF,OK,12,Hurricanes,Carolina,de la Caroline,CAR,3.0,13,Panthers,Florida,de la Floride,FLA,4.0,3.0,REG,3,REG,8475683.0,8479314.0,/video/ecf-gm4-car-fla-344573482,,,,,,,/schedule/playoff-series/2023/series-m/panthers-vs-hurricanes,3.0,ECF,Conference Finals,M,4.0,0.0,4.0,4.0,,,,,,,,FLA
2022030324,20222023,3,2023-05-25,False,2023-05-26T00:00:00Z,-04:00,-05:00,US/Central,OFF,OK,54,Golden Knights,Vegas,de Vegas,VGK,2.0,25,Stars,Dallas,de Dallas,DAL,3.0,4.0,OT,3,OT,8479979.0,8470794.0,/video/wcf-gm4-vgk-dal-344592462,,,,,,,/schedule/playoff-series/2023/series-n/stars-vs-goldenknights,3.0,WCF,Conference Finals,N,4.0,3.0,1.0,4.0,,,,,,,,DAL
2022030325,20222023,3,2023-05-27,False,2023-05-28T00:00:00Z,-04:00,-07:00,US/Pacific,OFF,OK,25,Stars,Dallas,de Dallas,DAL,4.0,54,Golden Knights,Vegas,de Vegas,VGK,2.0,3.0,REG,3,REG,8479979.0,8480848.0,/video/wcf-gm5-dal-vgk-344624730,,,,,,,/schedule/playoff-series/2023/series-n/goldenknights-vs-stars,3.0,WCF,Conference Finals,N,4.0,3.0,2.0,5.0,,,,,,,,DAL
2022030326,20222023,3,2023-05-29,False,2023-05-30T00:00:00Z,-04:00,-05:00,US/Central,OFF,OK,54,Golden Knights,Vegas,de Vegas,VGK,6.0,25,Stars,Dallas,de Dallas,DAL,0.0,3.0,REG,3,REG,8478499.0,8477478.0,/video/wcf-gm6-vgk-dal-344646826,,,,,,,/schedule/playoff-series/2023/series-n/stars-vs-goldenknights,3.0,WCF,Conference Finals,N,4.0,4.0,2.0,6.0,,,,,,,,VGK
2022030411,20222023,3,2023-06-03,False,2023-06-04T00:00:00Z,-04:00,-07:00,US/Pacific,OFF,OK,13,Panthers,Florida,de la Floride,FLA,2.0,54,Golden Knights,Vegas,de Vegas,VGK,5.0,3.0,REG,3,REG,8478499.0,8480727.0,/video/cup-final-gm1-fla-vgk-344719328,,,,,,,/schedule/playoff-series/2023/series-o/goldenknights-vs-panthers,4.0,SCF,Stanley Cup Final,O,4.0,1.0,0.0,1.0,,,,,,,,VGK
2022030412,20222023,3,2023-06-05,False,2023-06-06T00:00:00Z,-04:00,-07:00,US/Pacific,OFF,OK,13,Panthers,Florida,de la Floride,FLA,2.0,54,Golden Knights,Vegas,de Vegas,VGK,7.0,3.0,REG,3,REG,8478499.0,8478462.0,/video/cup-final-gm2-fla-vgk-344748308,,,,,,,/schedule/playoff-series/2023/series-o/goldenknights-vs-panthers,4.0,SCF,Stanley Cup Final,O,4.0,2.0,0.0,2.0,,,,,,,,VGK
2022030413,20222023,3,2023-06-08,False,2023-06-09T00:00:00Z,-04:00,-04:00,US/Eastern,OFF,OK,54,Golden Knights,Vegas,de Vegas,VGK,2.0,13,Panthers,Florida,de la Floride,FLA,3.0,4.0,OT,3,OT,8475683.0,8477409.0,/video/cup-final-gm3-vgk-fla-344788374,,,,,,,/schedule/playoff-series/2023/series-o/panthers-vs-goldenknights,4.0,SCF,Stanley Cup Final,O,4.0,2.0,1.0,3.0,,,,,,,,FLA
2022030414,20222023,3,2023-06-10,False,2023-06-11T00:00:00Z,-04:00,-04:00,US/Eastern,OFF,OK,54,Golden Knights,Vegas,de Vegas,VGK,3.0,13,Panthers,Florida,de la Floride,FLA,2.0,3.0,REG,3,REG,8478499.0,8476448.0,/video/cup-final-gm4-vgk-fla-344813896,,,,,,,/schedule/playoff-series/2023/series-o/panthers-vs-goldenknights,4.0,SCF,Stanley Cup Final,O,4.0,3.0,1.0,4.0,,,,,,,,VGK
2022030415,20222023,3,2023-06-13,False,2023-06-14T00:00:00Z,-04:00,-07:00,US/Pacific,OFF,OK,13,Panthers,Florida,de la Floride,FLA,3.0,54,Golden Knights,Vegas,de Vegas,VGK,9.0,3.0,REG,3,REG,8478499.0,8475191.0,/video/cup-final-gm5-fla-vgk-344863246,,,,,,,/schedule/playoff-series/2023/series-o/goldenknights-vs-panthers,4.0,SCF,Stanley Cup Final,O,4.0,4.0,1.0,5.0,,,,,,,,VGK
