id,detailcode,duration,endtime,eventdescription,eventdetails,eventnumber,firstname,gameid,hexvalue,lastname,period,playerid,shiftnumber,starttime,teamabbrev,teamid,teamname,typecode
16645494,0,00:28,00:28,,,6,Jordan,2026020001,#C8102E,Staal,1,8473533,1,00:00,CAR,12,Carolina Hurricanes,517
16645495,0,00:45,03:36,,,89,Jordan,2026020001,#C8102E,Staal,1,8473533,2,02:51,CAR,12,Carolina Hurricanes,517
16645551,0,00:47,07:20,,,148,Jordan,2026020001,#C8102E,Staal,1,8473533,3,06:33,CAR,12,Carolina Hurricanes,517
16645552,0,00:41,09:13,,,181,Jordan,2026020001,#C8102E,Staal,1,8473533,4,08:32,CAR,12,Carolina Hurricanes,517
16645645,0,00:55,12:57,,,231,Jordan,2026020001,#C8102E,Staal,1,8473533,5,12:02,CAR,12,Carolina Hurricanes,517
16645646,0,00:27,14:03,,,313,Jordan,2026020001,#C8102E,Staal,1,8473533,6,13:36,CAR,12,Carolina Hurricanes,517
16645647,0,00:23,14:51,,,324,Jordan,2026020001,#C8102E,Staal,1,8473533,7,14:28,CAR,12,Carolina Hurricanes,517
16645734,0,00:46,19:30,,,482,Jordan,2026020001,#C8102E,Staal,1,8473533,8,18:44,CAR,12,Carolina Hurricanes,517
16645768,0,00:39,00:39,,,513,Jordan,2026020001,#C8102E,Staal,2,8473533,9,00:00,CAR,12,Carolina Hurricanes,517
16645769,0,00:18,02:21,,,545,Jordan,2026020001,#C8102E,Staal,2,8473533,10,02:03,CAR,12,Carolina Hurricanes,517
16645770,0,00:33,03:25,,,560,Jordan,2026020001,#C8102E,Staal,2,8473533,11,02:52,CAR,12,Carolina Hurricanes,517
16645811,0,00:55,05:05,,,580,Jordan,2026020001,#C8102E,Staal,2,8473533,12,04:10,CAR,12,Carolina Hurricanes,517
16645812,0,00:09,05:49,,,607,Jordan,2026020001,#C8102E,Staal,2,8473533,13,05:40,CAR,12,Carolina Hurricanes,517
16645813,0,00:24,08:36,,,633,Jordan,2026020001,#C8102E,Staal,2,8473533,14,08:12,CAR,12,Carolina Hurricanes,517
16645894,0,00:46,11:14,,,670,Jordan,2026020001,#C8102E,Staal,2,8473533,15,10:28,CAR,12,Carolina Hurricanes,517
16645895,0,00:28,14:21,,,719,Jordan,2026020001,#C8102E,Staal,2,8473533,16,13:53,CAR,12,Carolina Hurricanes,517
16645978,0,00:30,17:32,,,756,Jordan,2026020001,#C8102E,Staal,2,8473533,17,17:02,CAR,12,Carolina Hurricanes,517
16645979,0,00:32,20:00,,,794,Jordan,2026020001,#C8102E,Staal,2,8473533,18,19:28,CAR,12,Carolina Hurricanes,517
16646010,0,00:50,00:50,,,802,Jordan,2026020001,#C8102E,Staal,3,8473533,19,00:00,CAR,12,Carolina Hurricanes,517
16646011,0,00:54,04:45,,,852,Jordan,2026020001,#C8102E,Staal,3,8473533,20,03:51,CAR,12,Carolina Hurricanes,517
16646087,0,00:07,07:12,,,955,Jordan,2026020001,#C8102E,Staal,3,8473533,21,07:05,CAR,12,Carolina Hurricanes,517
16646088,0,00:44,10:23,,,979,Jordan,2026020001,#C8102E,Staal,3,8473533,22,09:39,CAR,12,Carolina Hurricanes,517
16646089,0,01:45,12:52,,,998,Jordan,2026020001,#C8102E,Staal,3,8473533,23,11:07,CAR,12,Carolina Hurricanes,517
16646297,0,00:29,14:14,,,1079,Jordan,2026020001,#C8102E,Staal,3,8473533,24,13:45,CAR,12,Carolina Hurricanes,517
16646298,0,00:48,17:37,,,1117,Jordan,2026020001,#C8102E,Staal,3,8473533,25,16:49,CAR,12,Carolina Hurricanes,517
16646299,0,00:49,19:44,,,1150,Jordan,2026020001,#C8102E,Staal,3,8473533,26,18:55,CAR,12,Carolina Hurricanes,517
16646300,0,00:25,00:25,,,1167,Jordan,2026020001,#C8102E,Staal,4,8473533,27,00:00,CAR,12,Carolina Hurricanes,517
16645496,0,00:59,02:52,,,78,Lars,2026020001,#041E42,Eller,1,8474189,1,01:53,FLA,13,Florida Panthers,517
16645553,0,00:48,05:56,,,130,Lars,2026020001,#041E42,Eller,1,8474189,2,05:08,FLA,13,Florida Panthers,517
16645554,0,00:23,11:09,,,209,Lars,2026020001,#041E42,Eller,1,8474189,3,10:46,FLA,13,Florida Panthers,517
16645648,0,00:35,12:03,,,228,Lars,2026020001,#041E42,Eller,1,8474189,4,11:28,FLA,13,Florida Panthers,517
16645649,0,00:29,16:38,,,344,Lars,2026020001,#041E42,Eller,1,8474189,5,16:09,FLA,13,Florida Panthers,517
16645650,0,00:42,18:01,,,458,Lars,2026020001,#041E42,Eller,1,8474189,6,17:19,FLA,13,Florida Panthers,517
16645771,0,00:22,02:25,,,541,Lars,2026020001,#041E42,Eller,2,8474189,7,02:03,FLA,13,Florida Panthers,517
16645814,0,00:28,06:08,,,603,Lars,2026020001,#041E42,Eller,2,8474189,8,05:40,FLA,13,Florida Panthers,517
16645815,0,00:42,07:48,,,616,Lars,2026020001,#041E42,Eller,2,8474189,9,07:06,FLA,13,Florida Panthers,517
16645816,0,00:24,08:36,,,634,Lars,2026020001,#041E42,Eller,2,8474189,10,08:12,FLA,13,Florida Panthers,517
16645896,0,00:36,13:53,,,709,Lars,2026020001,#041E42,Eller,2,8474189,11,13:17,FLA,13,Florida Panthers,517
16645897,0,00:46,17:02,,,749,Lars,2026020001,#041E42,Eller,2,8474189,12,16:16,FLA,13,Florida Panthers,517
16645980,0,00:44,19:28,,,783,Lars,2026020001,#041E42,Eller,2,8474189,13,18:44,FLA,13,Florida Panthers,517
16646012,0,01:36,03:51,,,822,Lars,2026020001,#041E42,Eller,3,8474189,14,02:15,FLA,13,Florida Panthers,517
16646090,0,00:15,07:05,,,896,Lars,2026020001,#041E42,Eller,3,8474189,15,06:50,FLA,13,Florida Panthers,517
16646091,0,00:29,11:00,,,991,Lars,2026020001,#041E42,Eller,3,8474189,16,10:31,FLA,13,Florida Panthers,517
16646301,0,00:14,13:45,,,1075,Lars,2026020001,#041E42,Eller,3,8474189,17,13:31,FLA,13,Florida Panthers,517
16646302,0,01:02,17:02,,,1107,Lars,2026020001,#041E42,Eller,3,8474189,18,16:00,FLA,13,Florida Panthers,517
16645497,0,20:00,20:00,,,7,Jacob,2026020001,#041E42,Markstrom,1,8474593,1,00:00,FLA,13,Florida Panthers,517
16645772,0,20:00,20:00,,,514,Jacob,2026020001,#041E42,Markstrom,2,8474593,2,00:00,FLA,13,Florida Panthers,517
16646013,0,20:00,20:00,,,803,Jacob,2026020001,#041E42,Markstrom,3,8474593,3,00:00,FLA,13,Florida Panthers,517
16646303,0,04:55,04:55,,,1168,Jacob,2026020001,#041E42,Markstrom,4,8474593,4,00:00,FLA,13,Florida Panthers,517
16645498,0,00:32,02:01,,,76,Dmitry,2026020001,#041E42,Kulikov,1,8475179,1,01:29,FLA,13,Florida Panthers,517
16645499,0,00:43,03:36,,,93,Dmitry,2026020001,#041E42,Kulikov,1,8475179,2,02:53,FLA,13,Florida Panthers,517
16645555,0,00:37,05:31,,,128,Dmitry,2026020001,#041E42,Kulikov,1,8475179,3,04:54,FLA,13,Florida Panthers,517
16645556,0,00:36,08:32,,,167,Dmitry,2026020001,#041E42,Kulikov,1,8475179,4,07:56,FLA,13,Florida Panthers,517
16645651,0,00:38,12:06,,,228,Dmitry,2026020001,#041E42,Kulikov,1,8475179,5,11:28,FLA,13,Florida Panthers,517
16645652,0,00:39,17:17,,,350,Dmitry,2026020001,#041E42,Kulikov,1,8475179,6,16:38,FLA,13,Florida Panthers,517
16645735,0,00:47,20:00,,,488,Dmitry,2026020001,#041E42,Kulikov,1,8475179,7,19:13,FLA,13,Florida Panthers,517
16645817,0,00:20,05:40,,,598,Dmitry,2026020001,#041E42,Kulikov,2,8475179,8,05:20,FLA,13,Florida Panthers,517
16645818,0,00:32,08:12,,,620,Dmitry,2026020001,#041E42,Kulikov,2,8475179,9,07:40,FLA,13,Florida Panthers,517
16645898,0,00:24,13:53,,,711,Dmitry,2026020001,#041E42,Kulikov,2,8475179,10,13:29,FLA,13,Florida Panthers,517
16645899,0,00:40,17:02,,,750,Dmitry,2026020001,#041E42,Kulikov,2,8475179,11,16:22,FLA,13,Florida Panthers,517
16645981,0,00:43,19:28,,,784,Dmitry,2026020001,#041E42,Kulikov,2,8475179,12,18:45,FLA,13,Florida Panthers,517
16646014,0,00:51,04:42,,,851,Dmitry,2026020001,#041E42,Kulikov,3,8475179,13,03:51,FLA,13,Florida Panthers,517
16646092,0,00:12,04:58,,,865,Dmitry,2026020001,#041E42,Kulikov,3,8475179,14,04:46,FLA,13,Florida Panthers,517
16646093,0,00:34,07:05,,,890,Dmitry,2026020001,#041E42,Kulikov,3,8475179,15,06:31,FLA,13,Florida Panthers,517
16646094,0,00:57,10:30,,,975,Dmitry,2026020001,#041E42,Kulikov,3,8475179,16,09:33,FLA,13,Florida Panthers,517
16646095,0,01:12,13:31,,,1060,Dmitry,2026020001,#041E42,Kulikov,3,8475179,17,12:19,FLA,13,Florida Panthers,517
16646304,0,00:49,17:13,,,1112,Dmitry,2026020001,#041E42,Kulikov,3,8475179,18,16:24,FLA,13,Florida Panthers,517
16645500,0,00:41,02:51,,,83,Nicolas,2026020001,#C8102E,Deslauriers,1,8475235,1,02:10,CAR,12,Carolina Hurricanes,517
16645557,0,00:44,05:59,,,132,Nicolas,2026020001,#C8102E,Deslauriers,1,8475235,2,05:15,CAR,12,Carolina Hurricanes,517
16645653,0,00:40,12:08,,,229,Nicolas,2026020001,#C8102E,Deslauriers,1,8475235,3,11:28,CAR,12,Carolina Hurricanes,517
16645654,0,00:32,18:01,,,463,Nicolas,2026020001,#C8102E,Deslauriers,1,8475235,4,17:29,CAR,12,Carolina Hurricanes,517
16645900,0,00:40,13:53,,,708,Nicolas,2026020001,#C8102E,Deslauriers,2,8475235,5,13:13,CAR,12,Carolina Hurricanes,517
16645901,0,00:46,17:02,,,748,Nicolas,2026020001,#C8102E,Deslauriers,2,8475235,6,16:16,CAR,12,Carolina Hurricanes,517
16646096,0,00:46,07:05,,,886,Nicolas,2026020001,#C8102E,Deslauriers,3,8475235,7,06:19,CAR,12,Carolina Hurricanes,517
16646305,0,00:12,13:45,,,1076,Nicolas,2026020001,#C8102E,Deslauriers,3,8475235,8,13:33,CAR,12,Carolina Hurricanes,517
16645501,0,00:34,02:02,,,74,Radko,2026020001,#041E42,Gudas,1,8475462,1,01:28,FLA,13,Florida Panthers,517
16645502,0,00:28,03:41,,,95,Radko,2026020001,#041E42,Gudas,1,8475462,2,03:13,FLA,13,Florida Panthers,517
16645558,0,00:44,05:52,,,130,Radko,2026020001,#041E42,Gudas,1,8475462,3,05:08,FLA,13,Florida Panthers,517
16645559,0,00:18,08:32,,,175,Radko,2026020001,#041E42,Gudas,1,8475462,4,08:14,FLA,13,Florida Panthers,517
16645655,0,00:40,12:08,,,228,Radko,2026020001,#041E42,Gudas,1,8475462,5,11:28,FLA,13,Florida Panthers,517
16645656,0,00:30,17:19,,,453,Radko,2026020001,#041E42,Gudas,1,8475462,6,16:49,FLA,13,Florida Panthers,517
16645736,0,00:29,20:00,,,493,Radko,2026020001,#041E42,Gudas,1,8475462,7,19:31,FLA,13,Florida Panthers,517
16645773,0,00:05,02:03,,,538,Radko,2026020001,#041E42,Gudas,2,8475462,8,01:58,FLA,13,Florida Panthers,517
16645819,0,00:20,05:40,,,598,Radko,2026020001,#041E42,Gudas,2,8475462,9,05:20,FLA,13,Florida Panthers,517
16645820,0,00:22,08:12,,,626,Radko,2026020001,#041E42,Gudas,2,8475462,10,07:50,FLA,13,Florida Panthers,517
16645821,0,00:10,10:28,,,661,Radko,2026020001,#041E42,Gudas,2,8475462,11,10:18,FLA,13,Florida Panthers,517
16645902,0,00:24,13:53,,,711,Radko,2026020001,#041E42,Gudas,2,8475462,12,13:29,FLA,13,Florida Panthers,517
16645903,0,00:40,17:02,,,750,Radko,2026020001,#041E42,Gudas,2,8475462,13,16:22,FLA,13,Florida Panthers,517
16645982,0,00:36,19:26,,,785,Radko,2026020001,#041E42,Gudas,2,8475462,14,18:50,FLA,13,Florida Panthers,517
16646097,0,01:08,04:59,,,851,Radko,2026020001,#041E42,Gudas,3,8475462,15,03:51,FLA,13,Florida Panthers,517
16646098,0,00:35,07:05,,,889,Radko,2026020001,#041E42,Gudas,3,8475462,16,06:30,FLA,13,Florida Panthers,517
16646099,0,00:54,10:31,,,980,Radko,2026020001,#041E42,Gudas,3,8475462,17,09:37,FLA,13,Florida Panthers,517
16646100,0,00:56,13:45,,,1068,Radko,2026020001,#041E42,Gudas,3,8475462,18,12:49,FLA,13,Florida Panthers,517
16646306,0,00:52,17:15,,,1111,Radko,2026020001,#041E42,Gudas,3,8475462,19,16:23,FLA,13,Florida Panthers,517
16645503,0,00:52,02:10,,,69,Taylor,2026020001,#C8102E,Hall,1,8475791,1,01:18,CAR,12,Carolina Hurricanes,517
16645560,0,00:41,05:06,,,114,Taylor,2026020001,#C8102E,Hall,1,8475791,2,04:25,CAR,12,Carolina Hurricanes,517
16645561,0,00:41,08:01,,,163,Taylor,2026020001,#C8102E,Hall,1,8475791,3,07:20,CAR,12,Carolina Hurricanes,517
16645657,0,00:37,11:28,,,211,Taylor,2026020001,#C8102E,Hall,1,8475791,4,10:51,CAR,12,Carolina Hurricanes,517
16645658,0,00:52,16:34,,,337,Taylor,2026020001,#C8102E,Hall,1,8475791,5,15:42,CAR,12,Carolina Hurricanes,517
16645737,0,00:29,20:00,,,492,Taylor,2026020001,#C8102E,Hall,1,8475791,6,19:31,CAR,12,Carolina Hurricanes,517
16645774,0,00:44,02:03,,,530,Taylor,2026020001,#C8102E,Hall,2,8475791,7,01:19,CAR,12,Carolina Hurricanes,517
16645822,0,00:28,05:40,,,596,Taylor,2026020001,#C8102E,Hall,2,8475791,8,05:12,CAR,12,Carolina Hurricanes,517
16645823,0,00:58,08:03,,,617,Taylor,2026020001,#C8102E,Hall,2,8475791,9,07:05,CAR,12,Carolina Hurricanes,517
16645824,0,00:05,10:28,,,663,Taylor,2026020001,#C8102E,Hall,2,8475791,10,10:23,CAR,12,Carolina Hurricanes,517
16645904,0,00:37,13:11,,,703,Taylor,2026020001,#C8102E,Hall,2,8475791,11,12:34,CAR,12,Carolina Hurricanes,517
16645905,0,00:57,16:00,,,729,Taylor,2026020001,#C8102E,Hall,2,8475791,12,15:03,CAR,12,Carolina Hurricanes,517
16645983,0,00:38,19:24,,,781,Taylor,2026020001,#C8102E,Hall,2,8475791,13,18:46,CAR,12,Carolina Hurricanes,517
16646015,0,01:17,03:31,,,824,Taylor,2026020001,#C8102E,Hall,3,8475791,14,02:14,CAR,12,Carolina Hurricanes,517
16646101,0,00:36,06:01,,,873,Taylor,2026020001,#C8102E,Hall,3,8475791,15,05:25,CAR,12,Carolina Hurricanes,517
16646102,0,01:52,08:57,,,955,Taylor,2026020001,#C8102E,Hall,3,8475791,16,07:05,CAR,12,Carolina Hurricanes,517
16646103,0,00:30,13:45,,,1072,Taylor,2026020001,#C8102E,Hall,3,8475791,17,13:15,CAR,12,Carolina Hurricanes,517
16646307,0,00:43,16:28,,,1102,Taylor,2026020001,#C8102E,Hall,3,8475791,18,15:45,CAR,12,Carolina Hurricanes,517
16646308,0,00:44,19:10,,,1143,Taylor,2026020001,#C8102E,Hall,3,8475791,19,18:26,CAR,12,Carolina Hurricanes,517
16646475,0,00:53,02:42,,,1186,Taylor,2026020001,#C8102E,Hall,4,8475791,20,01:49,CAR,12,Carolina Hurricanes,517
16646476,0,00:13,04:55,,,1209,Taylor,2026020001,#C8102E,Hall,4,8475791,21,04:42,CAR,12,Carolina Hurricanes,517
16645504,0,00:45,02:51,,,81,Mark,2026020001,#C8102E,Jankowski,1,8476873,1,02:06,CAR,12,Carolina Hurricanes,517
16645562,0,00:31,05:56,,,133,Mark,2026020001,#C8102E,Jankowski,1,8476873,2,05:25,CAR,12,Carolina Hurricanes,517
16645563,0,00:13,07:33,,,163,Mark,2026020001,#C8102E,Jankowski,1,8476873,3,07:20,CAR,12,Carolina Hurricanes,517
16645564,0,00:35,10:25,,,198,Mark,2026020001,#C8102E,Jankowski,1,8476873,4,09:50,CAR,12,Carolina Hurricanes,517
16645659,0,00:34,12:02,,,229,Mark,2026020001,#C8102E,Jankowski,1,8476873,5,11:28,CAR,12,Carolina Hurricanes,517
16645660,0,00:26,14:29,,,322,Mark,2026020001,#C8102E,Jankowski,1,8476873,6,14:03,CAR,12,Carolina Hurricanes,517
16645661,0,00:49,15:42,,,332,Mark,2026020001,#C8102E,Jankowski,1,8476873,7,14:53,CAR,12,Carolina Hurricanes,517
16645738,0,00:33,18:01,,,460,Mark,2026020001,#C8102E,Jankowski,1,8476873,8,17:28,CAR,12,Carolina Hurricanes,517
16645825,0,00:45,04:10,,,569,Mark,2026020001,#C8102E,Jankowski,2,8476873,9,03:25,CAR,12,Carolina Hurricanes,517
16645826,0,01:06,08:12,,,618,Mark,2026020001,#C8102E,Jankowski,2,8476873,10,07:06,CAR,12,Carolina Hurricanes,517
16645906,0,00:38,12:24,,,689,Mark,2026020001,#C8102E,Jankowski,2,8476873,11,11:46,CAR,12,Carolina Hurricanes,517
16645907,0,00:06,12:40,,,703,Mark,2026020001,#C8102E,Jankowski,2,8476873,12,12:34,CAR,12,Carolina Hurricanes,517
16645908,0,00:24,13:53,,,712,Mark,2026020001,#C8102E,Jankowski,2,8476873,13,13:29,CAR,12,Carolina Hurricanes,517
16645909,0,00:46,17:02,,,748,Mark,2026020001,#C8102E,Jankowski,2,8476873,14,16:16,CAR,12,Carolina Hurricanes,517
16645984,0,00:51,19:36,,,780,Mark,2026020001,#C8102E,Jankowski,2,8476873,15,18:45,CAR,12,Carolina Hurricanes,517
16646016,0,00:51,02:14,,,814,Mark,2026020001,#C8102E,Jankowski,3,8476873,16,01:23,CAR,12,Carolina Hurricanes,517
16646104,0,00:46,07:05,,,886,Mark,2026020001,#C8102E,Jankowski,3,8476873,17,06:19,CAR,12,Carolina Hurricanes,517
16646105,0,00:28,09:35,,,972,Mark,2026020001,#C8102E,Jankowski,3,8476873,18,09:07,CAR,12,Carolina Hurricanes,517
16646106,0,00:39,11:13,,,989,Mark,2026020001,#C8102E,Jankowski,3,8476873,19,10:34,CAR,12,Carolina Hurricanes,517
16646107,0,00:12,13:45,,,1076,Mark,2026020001,#C8102E,Jankowski,3,8476873,20,13:33,CAR,12,Carolina Hurricanes,517
16646309,0,01:15,15:58,,,1091,Mark,2026020001,#C8102E,Jankowski,3,8476873,21,14:43,CAR,12,Carolina Hurricanes,517
16645505,0,00:42,02:54,,,84,Shayne,2026020001,#C8102E,Gostisbehere,1,8476906,1,02:12,CAR,12,Carolina Hurricanes,517
16645565,0,00:21,04:33,,,108,Shayne,2026020001,#C8102E,Gostisbehere,1,8476906,2,04:12,CAR,12,Carolina Hurricanes,517
16645566,0,00:51,05:57,,,129,Shayne,2026020001,#C8102E,Gostisbehere,1,8476906,3,05:06,CAR,12,Carolina Hurricanes,517
16645567,0,00:40,08:00,,,163,Shayne,2026020001,#C8102E,Gostisbehere,1,8476906,4,07:20,CAR,12,Carolina Hurricanes,517
16645662,0,01:16,12:20,,,215,Shayne,2026020001,#C8102E,Gostisbehere,1,8476906,5,11:04,CAR,12,Carolina Hurricanes,517
16645663,0,00:52,16:34,,,337,Shayne,2026020001,#C8102E,Gostisbehere,1,8476906,6,15:42,CAR,12,Carolina Hurricanes,517
16645739,0,00:18,20:00,,,497,Shayne,2026020001,#C8102E,Gostisbehere,1,8476906,7,19:42,CAR,12,Carolina Hurricanes,517
16645775,0,00:45,02:25,,,537,Shayne,2026020001,#C8102E,Gostisbehere,2,8476906,8,01:40,CAR,12,Carolina Hurricanes,517
16645827,0,01:34,06:39,,,592,Shayne,2026020001,#C8102E,Gostisbehere,2,8476906,9,05:05,CAR,12,Carolina Hurricanes,517
16645828,0,02:13,10:25,,,633,Shayne,2026020001,#C8102E,Gostisbehere,2,8476906,10,08:12,CAR,12,Carolina Hurricanes,517
16645910,0,01:03,13:37,,,703,Shayne,2026020001,#C8102E,Gostisbehere,2,8476906,11,12:34,CAR,12,Carolina Hurricanes,517
16645911,0,00:36,16:16,,,739,Shayne,2026020001,#C8102E,Gostisbehere,2,8476906,12,15:40,CAR,12,Carolina Hurricanes,517
16645985,0,01:58,19:00,,,756,Shayne,2026020001,#C8102E,Gostisbehere,2,8476906,13,17:02,CAR,12,Carolina Hurricanes,517
16646017,0,00:43,02:58,,,825,Shayne,2026020001,#C8102E,Gostisbehere,3,8476906,14,02:15,CAR,12,Carolina Hurricanes,517
16646108,0,01:03,07:05,,,880,Shayne,2026020001,#C8102E,Gostisbehere,3,8476906,15,06:02,CAR,12,Carolina Hurricanes,517
16646109,0,01:18,11:39,,,985,Shayne,2026020001,#C8102E,Gostisbehere,3,8476906,16,10:21,CAR,12,Carolina Hurricanes,517
16646310,0,01:05,17:03,,,1103,Shayne,2026020001,#C8102E,Gostisbehere,3,8476906,17,15:58,CAR,12,Carolina Hurricanes,517
16646311,0,00:45,01:26,,,1177,Shayne,2026020001,#C8102E,Gostisbehere,4,8476906,18,00:41,CAR,12,Carolina Hurricanes,517
16646477,0,01:06,04:10,,,1199,Shayne,2026020001,#C8102E,Gostisbehere,4,8476906,19,03:04,CAR,12,Carolina Hurricanes,517
16645506,0,00:38,00:38,,,6,Jordan,2026020001,#C8102E,Martinook,1,8476921,1,00:00,CAR,12,Carolina Hurricanes,517
16645507,0,00:39,03:29,,,88,Jordan,2026020001,#C8102E,Martinook,1,8476921,2,02:50,CAR,12,Carolina Hurricanes,517
16645568,0,00:47,07:20,,,148,Jordan,2026020001,#C8102E,Martinook,1,8476921,3,06:33,CAR,12,Carolina Hurricanes,517
16645569,0,00:41,09:13,,,181,Jordan,2026020001,#C8102E,Martinook,1,8476921,4,08:32,CAR,12,Carolina Hurricanes,517
16645664,0,00:53,13:01,,,236,Jordan,2026020001,#C8102E,Martinook,1,8476921,5,12:08,CAR,12,Carolina Hurricanes,517
16645665,0,00:27,14:03,,,313,Jordan,2026020001,#C8102E,Martinook,1,8476921,6,13:36,CAR,12,Carolina Hurricanes,517
16645666,0,00:22,14:51,,,328,Jordan,2026020001,#C8102E,Martinook,1,8476921,7,14:29,CAR,12,Carolina Hurricanes,517
16645740,0,00:48,19:31,,,481,Jordan,2026020001,#C8102E,Martinook,1,8476921,8,18:43,CAR,12,Carolina Hurricanes,517
16645776,0,00:38,00:38,,,513,Jordan,2026020001,#C8102E,Martinook,2,8476921,9,00:00,CAR,12,Carolina Hurricanes,517
16645829,0,00:31,05:12,,,589,Jordan,2026020001,#C8102E,Martinook,2,8476921,10,04:41,CAR,12,Carolina Hurricanes,517
16645912,0,00:48,11:16,,,670,Jordan,2026020001,#C8102E,Martinook,2,8476921,11,10:28,CAR,12,Carolina Hurricanes,517
16645913,0,00:28,14:21,,,719,Jordan,2026020001,#C8102E,Martinook,2,8476921,12,13:53,CAR,12,Carolina Hurricanes,517
16645986,0,00:25,20:00,,,797,Jordan,2026020001,#C8102E,Martinook,2,8476921,13,19:35,CAR,12,Carolina Hurricanes,517
16646018,0,00:41,00:41,,,802,Jordan,2026020001,#C8102E,Martinook,3,8476921,14,00:00,CAR,12,Carolina Hurricanes,517
16646019,0,00:44,04:35,,,852,Jordan,2026020001,#C8102E,Martinook,3,8476921,15,03:51,CAR,12,Carolina Hurricanes,517
16646110,0,00:59,10:34,,,978,Jordan,2026020001,#C8102E,Martinook,3,8476921,16,09:35,CAR,12,Carolina Hurricanes,517
16646111,0,01:31,12:44,,,1000,Jordan,2026020001,#C8102E,Martinook,3,8476921,17,11:13,CAR,12,Carolina Hurricanes,517
16646312,0,00:30,14:15,,,1079,Jordan,2026020001,#C8102E,Martinook,3,8476921,18,13:45,CAR,12,Carolina Hurricanes,517
16646313,0,00:30,17:37,,,1122,Jordan,2026020001,#C8102E,Martinook,3,8476921,19,17:07,CAR,12,Carolina Hurricanes,517
16646314,0,00:50,19:44,,,1149,Jordan,2026020001,#C8102E,Martinook,3,8476921,20,18:54,CAR,12,Carolina Hurricanes,517
16645508,0,00:28,00:28,,,6,Jaccob,2026020001,#C8102E,Slavin,1,8476958,1,00:00,CAR,12,Carolina Hurricanes,517
16645509,0,00:54,02:13,,,70,Jaccob,2026020001,#C8102E,Slavin,1,8476958,2,01:19,CAR,12,Carolina Hurricanes,517
16645570,0,00:43,04:13,,,97,Jaccob,2026020001,#C8102E,Slavin,1,8476958,3,03:30,CAR,12,Carolina Hurricanes,517
16645571,0,01:25,07:20,,,138,Jaccob,2026020001,#C8102E,Slavin,1,8476958,4,05:55,CAR,12,Carolina Hurricanes,517
16645572,0,00:41,09:13,,,181,Jaccob,2026020001,#C8102E,Slavin,1,8476958,5,08:32,CAR,12,Carolina Hurricanes,517
16645573,0,00:38,10:27,,,196,Jaccob,2026020001,#C8102E,Slavin,1,8476958,6,09:49,CAR,12,Carolina Hurricanes,517
16645667,0,00:38,13:36,,,246,Jaccob,2026020001,#C8102E,Slavin,1,8476958,7,12:58,CAR,12,Carolina Hurricanes,517
16645668,0,00:49,14:52,,,322,Jaccob,2026020001,#C8102E,Slavin,1,8476958,8,14:03,CAR,12,Carolina Hurricanes,517
16645669,0,00:46,16:55,,,345,Jaccob,2026020001,#C8102E,Slavin,1,8476958,9,16:09,CAR,12,Carolina Hurricanes,517
16645741,0,00:43,18:44,,,473,Jaccob,2026020001,#C8102E,Slavin,1,8476958,10,18:01,CAR,12,Carolina Hurricanes,517
16645777,0,00:51,00:51,,,513,Jaccob,2026020001,#C8102E,Slavin,2,8476958,11,00:00,CAR,12,Carolina Hurricanes,517
16645778,0,00:27,02:52,,,549,Jaccob,2026020001,#C8102E,Slavin,2,8476958,12,02:25,CAR,12,Carolina Hurricanes,517
16645830,0,00:43,04:12,,,572,Jaccob,2026020001,#C8102E,Slavin,2,8476958,13,03:29,CAR,12,Carolina Hurricanes,517
16645831,0,00:13,08:12,,,628,Jaccob,2026020001,#C8102E,Slavin,2,8476958,14,07:59,CAR,12,Carolina Hurricanes,517
16645914,0,00:48,12:07,,,684,Jaccob,2026020001,#C8102E,Slavin,2,8476958,15,11:19,CAR,12,Carolina Hurricanes,517
16645915,0,00:42,14:21,,,714,Jaccob,2026020001,#C8102E,Slavin,2,8476958,16,13:39,CAR,12,Carolina Hurricanes,517
16645916,0,00:37,15:40,,,729,Jaccob,2026020001,#C8102E,Slavin,2,8476958,17,15:03,CAR,12,Carolina Hurricanes,517
16646020,0,00:51,00:51,,,802,Jaccob,2026020001,#C8102E,Slavin,3,8476958,18,00:00,CAR,12,Carolina Hurricanes,517
16646021,0,00:53,02:17,,,815,Jaccob,2026020001,#C8102E,Slavin,3,8476958,19,01:24,CAR,12,Carolina Hurricanes,517
16646022,0,01:07,04:38,,,844,Jaccob,2026020001,#C8102E,Slavin,3,8476958,20,03:31,CAR,12,Carolina Hurricanes,517
16646112,0,00:35,06:02,,,874,Jaccob,2026020001,#C8102E,Slavin,3,8476958,21,05:27,CAR,12,Carolina Hurricanes,517
16646113,0,00:49,09:46,,,966,Jaccob,2026020001,#C8102E,Slavin,3,8476958,22,08:57,CAR,12,Carolina Hurricanes,517
16646114,0,01:34,13:13,,,1056,Jaccob,2026020001,#C8102E,Slavin,3,8476958,23,11:39,CAR,12,Carolina Hurricanes,517
16646315,0,00:30,14:15,,,1079,Jaccob,2026020001,#C8102E,Slavin,3,8476958,24,13:45,CAR,12,Carolina Hurricanes,517
16646316,0,02:00,18:32,,,1115,Jaccob,2026020001,#C8102E,Slavin,3,8476958,25,16:32,CAR,12,Carolina Hurricanes,517
16646317,0,00:50,20:00,,,1154,Jaccob,2026020001,#C8102E,Slavin,3,8476958,26,19:10,CAR,12,Carolina Hurricanes,517
16646318,0,00:41,00:41,,,1167,Jaccob,2026020001,#C8102E,Slavin,4,8476958,27,00:00,CAR,12,Carolina Hurricanes,517
16646478,0,00:36,03:04,,,1192,Jaccob,2026020001,#C8102E,Slavin,4,8476958,28,02:28,CAR,12,Carolina Hurricanes,517
16645510,0,00:51,01:21,,,56,Carter,2026020001,#041E42,Verhaeghe,1,8477409,1,00:30,FLA,13,Florida Panthers,517
16645511,0,00:44,03:37,,,93,Carter,2026020001,#041E42,Verhaeghe,1,8477409,2,02:53,FLA,13,Florida Panthers,517
16645574,0,00:37,06:33,,,140,Carter,2026020001,#041E42,Verhaeghe,1,8477409,3,05:56,FLA,13,Florida Panthers,517
16645575,0,00:23,08:32,,,173,Carter,2026020001,#041E42,Verhaeghe,1,8477409,4,08:09,FLA,13,Florida Panthers,517
16645576,0,00:45,10:46,,,200,Carter,2026020001,#041E42,Verhaeghe,1,8477409,5,10:01,FLA,13,Florida Panthers,517
16645670,0,00:28,13:36,,,249,Carter,2026020001,#041E42,Verhaeghe,1,8477409,6,13:08,FLA,13,Florida Panthers,517
16645671,0,01:27,15:59,,,327,Carter,2026020001,#041E42,Verhaeghe,1,8477409,7,14:32,FLA,13,Florida Panthers,517
16645742,0,00:36,18:37,,,472,Carter,2026020001,#041E42,Verhaeghe,1,8477409,8,18:01,FLA,13,Florida Panthers,517
16645779,0,00:57,01:36,,,520,Carter,2026020001,#041E42,Verhaeghe,2,8477409,9,00:39,FLA,13,Florida Panthers,517
16645832,0,00:50,05:33,,,588,Carter,2026020001,#041E42,Verhaeghe,2,8477409,10,04:43,FLA,13,Florida Panthers,517
16645917,0,00:44,12:34,,,691,Carter,2026020001,#041E42,Verhaeghe,2,8477409,11,11:50,FLA,13,Florida Panthers,517
16645918,0,01:35,15:56,,,724,Carter,2026020001,#041E42,Verhaeghe,2,8477409,12,14:21,FLA,13,Florida Panthers,517
16645987,0,00:25,20:00,,,796,Carter,2026020001,#041E42,Verhaeghe,2,8477409,13,19:35,FLA,13,Florida Panthers,517
16646023,0,01:26,02:20,,,809,Carter,2026020001,#041E42,Verhaeghe,3,8477409,14,00:54,FLA,13,Florida Panthers,517
16646115,0,01:02,06:00,,,867,Carter,2026020001,#041E42,Verhaeghe,3,8477409,15,04:58,FLA,13,Florida Panthers,517
16646116,0,00:52,10:28,,,977,Carter,2026020001,#041E42,Verhaeghe,3,8477409,16,09:36,FLA,13,Florida Panthers,517
16646117,0,00:46,13:16,,,1062,Carter,2026020001,#041E42,Verhaeghe,3,8477409,17,12:30,FLA,13,Florida Panthers,517
16646319,0,01:39,16:23,,,1094,Carter,2026020001,#041E42,Verhaeghe,3,8477409,18,14:44,FLA,13,Florida Panthers,517
16646320,0,00:52,18:19,,,1127,Carter,2026020001,#041E42,Verhaeghe,3,8477409,19,17:27,FLA,13,Florida Panthers,517
16646321,0,00:35,19:45,,,1155,Carter,2026020001,#041E42,Verhaeghe,3,8477409,20,19:10,FLA,13,Florida Panthers,517
16646479,0,00:51,02:05,,,1180,Carter,2026020001,#041E42,Verhaeghe,4,8477409,21,01:14,FLA,13,Florida Panthers,517
16646480,0,00:33,04:55,,,1207,Carter,2026020001,#041E42,Verhaeghe,4,8477409,22,04:22,FLA,13,Florida Panthers,517
16645512,0,00:42,02:50,,,82,William,2026020001,#C8102E,Carrier,1,8477478,1,02:08,CAR,12,Carolina Hurricanes,517
16645577,0,00:50,05:56,,,129,William,2026020001,#C8102E,Carrier,1,8477478,2,05:06,CAR,12,Carolina Hurricanes,517
16645672,0,00:41,12:09,,,229,William,2026020001,#C8102E,Carrier,1,8477478,3,11:28,CAR,12,Carolina Hurricanes,517
16645743,0,00:33,18:01,,,460,William,2026020001,#C8102E,Carrier,1,8477478,4,17:28,CAR,12,Carolina Hurricanes,517
16645833,0,00:09,08:12,,,629,William,2026020001,#C8102E,Carrier,2,8477478,5,08:03,CAR,12,Carolina Hurricanes,517
16645919,0,00:42,13:53,,,706,William,2026020001,#C8102E,Carrier,2,8477478,6,13:11,CAR,12,Carolina Hurricanes,517
16645920,0,00:46,17:02,,,748,William,2026020001,#C8102E,Carrier,2,8477478,7,16:16,CAR,12,Carolina Hurricanes,517
16645988,0,00:36,20:00,,,789,William,2026020001,#C8102E,Carrier,2,8477478,8,19:24,CAR,12,Carolina Hurricanes,517
16646118,0,01:04,07:05,,,876,William,2026020001,#C8102E,Carrier,3,8477478,9,06:01,CAR,12,Carolina Hurricanes,517
16646119,0,00:43,10:22,,,979,William,2026020001,#C8102E,Carrier,3,8477478,10,09:39,CAR,12,Carolina Hurricanes,517
16645513,0,00:28,00:28,,,7,Aleksander,2026020001,#041E42,Barkov,1,8477493,1,00:00,FLA,13,Florida Panthers,517
16645578,0,00:53,04:24,,,98,Aleksander,2026020001,#041E42,Barkov,1,8477493,2,03:31,FLA,13,Florida Panthers,517
16645579,0,00:47,07:20,,,149,Aleksander,2026020001,#041E42,Barkov,1,8477493,3,06:33,FLA,13,Florida Panthers,517
16645580,0,01:29,10:01,,,180,Aleksander,2026020001,#041E42,Barkov,1,8477493,4,08:32,FLA,13,Florida Panthers,517
16645673,0,00:55,12:59,,,233,Aleksander,2026020001,#041E42,Barkov,1,8477493,5,12:04,FLA,13,Florida Panthers,517
16645674,0,00:53,14:29,,,314,Aleksander,2026020001,#041E42,Barkov,1,8477493,6,13:36,FLA,13,Florida Panthers,517
16645675,0,00:41,17:19,,,350,Aleksander,2026020001,#041E42,Barkov,1,8477493,7,16:38,FLA,13,Florida Panthers,517
16645744,0,00:44,19:31,,,484,Aleksander,2026020001,#041E42,Barkov,1,8477493,8,18:47,FLA,13,Florida Panthers,517
16645780,0,00:37,00:37,,,514,Aleksander,2026020001,#041E42,Barkov,2,8477493,9,00:00,FLA,13,Florida Panthers,517
16645834,0,01:45,04:10,,,554,Aleksander,2026020001,#041E42,Barkov,2,8477493,10,02:25,FLA,13,Florida Panthers,517
16645835,0,00:24,08:12,,,622,Aleksander,2026020001,#041E42,Barkov,2,8477493,11,07:48,FLA,13,Florida Panthers,517
16645836,0,00:42,09:18,,,642,Aleksander,2026020001,#041E42,Barkov,2,8477493,12,08:36,FLA,13,Florida Panthers,517
16645837,0,00:34,10:19,,,655,Aleksander,2026020001,#041E42,Barkov,2,8477493,13,09:45,FLA,13,Florida Panthers,517
16645921,0,00:47,11:15,,,674,Aleksander,2026020001,#041E42,Barkov,2,8477493,14,10:28,FLA,13,Florida Panthers,517
16645922,0,00:28,14:21,,,718,Aleksander,2026020001,#041E42,Barkov,2,8477493,15,13:53,FLA,13,Florida Panthers,517
16645989,0,00:28,17:30,,,755,Aleksander,2026020001,#041E42,Barkov,2,8477493,16,17:02,FLA,13,Florida Panthers,517
16646024,0,01:03,01:03,,,803,Aleksander,2026020001,#041E42,Barkov,3,8477493,17,00:00,FLA,13,Florida Panthers,517
16646120,0,01:09,05:00,,,851,Aleksander,2026020001,#041E42,Barkov,3,8477493,18,03:51,FLA,13,Florida Panthers,517
16646121,0,00:28,07:33,,,951,Aleksander,2026020001,#041E42,Barkov,3,8477493,19,07:05,FLA,13,Florida Panthers,517
16646122,0,00:34,09:32,,,970,Aleksander,2026020001,#041E42,Barkov,3,8477493,20,08:58,FLA,13,Florida Panthers,517
16646123,0,01:15,12:46,,,1053,Aleksander,2026020001,#041E42,Barkov,3,8477493,21,11:31,FLA,13,Florida Panthers,517
16646322,0,00:56,14:41,,,1084,Aleksander,2026020001,#041E42,Barkov,3,8477493,22,13:45,FLA,13,Florida Panthers,517
16646323,0,00:35,17:37,,,1120,Aleksander,2026020001,#041E42,Barkov,3,8477493,23,17:02,FLA,13,Florida Panthers,517
16646324,0,00:21,19:10,,,1147,Aleksander,2026020001,#041E42,Barkov,3,8477493,24,18:49,FLA,13,Florida Panthers,517
16646325,0,00:32,00:32,,,1168,Aleksander,2026020001,#041E42,Barkov,4,8477493,25,00:00,FLA,13,Florida Panthers,517
16646481,0,01:04,03:48,,,1196,Aleksander,2026020001,#041E42,Barkov,4,8477493,26,02:44,FLA,13,Florida Panthers,517
16645514,0,01:03,01:03,,,7,Seth,2026020001,#041E42,Jones,1,8477495,1,00:00,FLA,13,Florida Panthers,517
16645515,0,01:12,03:13,,,79,Seth,2026020001,#041E42,Jones,1,8477495,2,02:01,FLA,13,Florida Panthers,517
16645581,0,00:46,05:08,,,112,Seth,2026020001,#041E42,Jones,1,8477495,3,04:22,FLA,13,Florida Panthers,517
16645582,0,00:45,07:10,,,145,Seth,2026020001,#041E42,Jones,1,8477495,4,06:25,FLA,13,Florida Panthers,517
16645583,0,01:38,10:10,,,180,Seth,2026020001,#041E42,Jones,1,8477495,5,08:32,FLA,13,Florida Panthers,517
16645584,0,00:40,11:28,,,212,Seth,2026020001,#041E42,Jones,1,8477495,6,10:48,FLA,13,Florida Panthers,517
16645676,0,01:27,14:37,,,301,Seth,2026020001,#041E42,Jones,1,8477495,7,13:10,FLA,13,Florida Panthers,517
16645677,0,00:52,16:49,,,341,Seth,2026020001,#041E42,Jones,1,8477495,8,15:57,FLA,13,Florida Panthers,517
16645745,0,00:21,18:01,,,468,Seth,2026020001,#041E42,Jones,1,8477495,9,17:40,FLA,13,Florida Panthers,517
16645746,0,00:56,19:31,,,479,Seth,2026020001,#041E42,Jones,1,8477495,10,18:35,FLA,13,Florida Panthers,517
16645781,0,01:01,01:01,,,514,Seth,2026020001,#041E42,Jones,2,8477495,11,00:00,FLA,13,Florida Panthers,517
16645838,0,02:16,04:19,,,541,Seth,2026020001,#041E42,Jones,2,8477495,12,02:03,FLA,13,Florida Panthers,517
16645839,0,00:27,06:07,,,603,Seth,2026020001,#041E42,Jones,2,8477495,13,05:40,FLA,13,Florida Panthers,517
16645840,0,00:43,07:50,,,619,Seth,2026020001,#041E42,Jones,2,8477495,14,07:07,FLA,13,Florida Panthers,517
16645841,0,00:24,08:36,,,634,Seth,2026020001,#041E42,Jones,2,8477495,15,08:12,FLA,13,Florida Panthers,517
16645842,0,00:29,09:47,,,653,Seth,2026020001,#041E42,Jones,2,8477495,16,09:18,FLA,13,Florida Panthers,517
16645923,0,01:12,11:40,,,674,Seth,2026020001,#041E42,Jones,2,8477495,17,10:28,FLA,13,Florida Panthers,517
16645924,0,00:55,13:29,,,702,Seth,2026020001,#041E42,Jones,2,8477495,18,12:34,FLA,13,Florida Panthers,517
16645925,0,01:46,16:07,,,724,Seth,2026020001,#041E42,Jones,2,8477495,19,14:21,FLA,13,Florida Panthers,517
16645990,0,00:34,20:00,,,791,Seth,2026020001,#041E42,Jones,2,8477495,20,19:26,FLA,13,Florida Panthers,517
16646025,0,01:12,01:12,,,803,Seth,2026020001,#041E42,Jones,3,8477495,21,00:00,FLA,13,Florida Panthers,517
16646026,0,00:04,04:46,,,861,Seth,2026020001,#041E42,Jones,3,8477495,22,04:42,FLA,13,Florida Panthers,517
16646124,0,01:33,06:31,,,867,Seth,2026020001,#041E42,Jones,3,8477495,23,04:58,FLA,13,Florida Panthers,517
16646125,0,00:41,09:37,,,969,Seth,2026020001,#041E42,Jones,3,8477495,24,08:56,FLA,13,Florida Panthers,517
16646126,0,01:28,12:49,,,1051,Seth,2026020001,#041E42,Jones,3,8477495,25,11:21,FLA,13,Florida Panthers,517
16646326,0,01:04,14:49,,,1084,Seth,2026020001,#041E42,Jones,3,8477495,26,13:45,FLA,13,Florida Panthers,517
16646327,0,00:58,18:11,,,1123,Seth,2026020001,#041E42,Jones,3,8477495,27,17:13,FLA,13,Florida Panthers,517
16646328,0,00:50,20:00,,,1155,Seth,2026020001,#041E42,Jones,3,8477495,28,19:10,FLA,13,Florida Panthers,517
16646329,0,00:43,00:43,,,1168,Seth,2026020001,#041E42,Jones,4,8477495,29,00:00,FLA,13,Florida Panthers,517
16646482,0,00:59,03:41,,,1194,Seth,2026020001,#041E42,Jones,4,8477495,30,02:42,FLA,13,Florida Panthers,517
16645516,0,00:51,02:53,,,80,Garnet,2026020001,#041E42,Hathaway,1,8477903,1,02:02,FLA,13,Florida Panthers,517
16645585,0,00:35,05:51,,,131,Garnet,2026020001,#041E42,Hathaway,1,8477903,2,05:16,FLA,13,Florida Panthers,517
16645678,0,00:36,12:04,,,228,Garnet,2026020001,#041E42,Hathaway,1,8477903,3,11:28,FLA,13,Florida Panthers,517
16645679,0,00:34,18:01,,,461,Garnet,2026020001,#041E42,Hathaway,1,8477903,4,17:27,FLA,13,Florida Panthers,517
16645782,0,00:22,02:25,,,541,Garnet,2026020001,#041E42,Hathaway,2,8477903,5,02:03,FLA,13,Florida Panthers,517
16645843,0,00:26,06:06,,,603,Garnet,2026020001,#041E42,Hathaway,2,8477903,6,05:40,FLA,13,Florida Panthers,517
16645844,0,00:43,07:49,,,616,Garnet,2026020001,#041E42,Hathaway,2,8477903,7,07:06,FLA,13,Florida Panthers,517
16645845,0,00:24,08:36,,,634,Garnet,2026020001,#041E42,Hathaway,2,8477903,8,08:12,FLA,13,Florida Panthers,517
16645846,0,00:06,10:42,,,676,Garnet,2026020001,#041E42,Hathaway,2,8477903,9,10:36,FLA,13,Florida Panthers,517
16645926,0,00:35,13:53,,,710,Garnet,2026020001,#041E42,Hathaway,2,8477903,10,13:18,FLA,13,Florida Panthers,517
16645927,0,00:46,17:02,,,749,Garnet,2026020001,#041E42,Hathaway,2,8477903,11,16:16,FLA,13,Florida Panthers,517
16645991,0,00:41,19:25,,,783,Garnet,2026020001,#041E42,Hathaway,2,8477903,12,18:44,FLA,13,Florida Panthers,517
16646027,0,01:31,03:51,,,828,Garnet,2026020001,#041E42,Hathaway,3,8477903,13,02:20,FLA,13,Florida Panthers,517
16646127,0,00:15,07:05,,,896,Garnet,2026020001,#041E42,Hathaway,3,8477903,14,06:50,FLA,13,Florida Panthers,517
16646128,0,00:31,09:36,,,971,Garnet,2026020001,#041E42,Hathaway,3,8477903,15,09:05,FLA,13,Florida Panthers,517
16646129,0,00:27,11:00,,,992,Garnet,2026020001,#041E42,Hathaway,3,8477903,16,10:33,FLA,13,Florida Panthers,517
16646330,0,00:14,13:45,,,1075,Garnet,2026020001,#041E42,Hathaway,3,8477903,17,13:31,FLA,13,Florida Panthers,517
16645517,0,00:25,01:28,,,67,Aaron,2026020001,#041E42,Ekblad,1,8477932,1,01:03,FLA,13,Florida Panthers,517
16645518,0,00:41,04:22,,,104,Aaron,2026020001,#041E42,Ekblad,1,8477932,2,03:41,FLA,13,Florida Panthers,517
16645586,0,00:34,06:26,,,137,Aaron,2026020001,#041E42,Ekblad,1,8477932,3,05:52,FLA,13,Florida Panthers,517
16645587,0,01:04,08:14,,,158,Aaron,2026020001,#041E42,Ekblad,1,8477932,4,07:10,FLA,13,Florida Panthers,517
16645588,0,00:56,10:47,,,197,Aaron,2026020001,#041E42,Ekblad,1,8477932,5,09:51,FLA,13,Florida Panthers,517
16645680,0,01:07,13:13,,,234,Aaron,2026020001,#041E42,Ekblad,1,8477932,6,12:06,FLA,13,Florida Panthers,517
16645681,0,01:25,15:57,,,327,Aaron,2026020001,#041E42,Ekblad,1,8477932,7,14:32,FLA,13,Florida Panthers,517
16645682,0,00:21,17:40,,,458,Aaron,2026020001,#041E42,Ekblad,1,8477932,8,17:19,FLA,13,Florida Panthers,517
16645747,0,00:34,18:35,,,472,Aaron,2026020001,#041E42,Ekblad,1,8477932,9,18:01,FLA,13,Florida Panthers,517
16645783,0,00:57,01:58,,,527,Aaron,2026020001,#041E42,Ekblad,2,8477932,10,01:01,FLA,13,Florida Panthers,517
16645847,0,01:01,05:20,,,583,Aaron,2026020001,#041E42,Ekblad,2,8477932,11,04:19,FLA,13,Florida Panthers,517
16645848,0,00:59,07:06,,,612,Aaron,2026020001,#041E42,Ekblad,2,8477932,12,06:07,FLA,13,Florida Panthers,517
16645849,0,00:42,09:18,,,642,Aaron,2026020001,#041E42,Ekblad,2,8477932,13,08:36,FLA,13,Florida Panthers,517
16645850,0,00:31,10:18,,,656,Aaron,2026020001,#041E42,Ekblad,2,8477932,14,09:47,FLA,13,Florida Panthers,517
16645928,0,00:47,12:34,,,690,Aaron,2026020001,#041E42,Ekblad,2,8477932,15,11:47,FLA,13,Florida Panthers,517
16645929,0,00:28,14:21,,,718,Aaron,2026020001,#041E42,Ekblad,2,8477932,16,13:53,FLA,13,Florida Panthers,517
16645930,0,00:15,16:22,,,744,Aaron,2026020001,#041E42,Ekblad,2,8477932,17,16:07,FLA,13,Florida Panthers,517
16645992,0,00:44,17:46,,,755,Aaron,2026020001,#041E42,Ekblad,2,8477932,18,17:02,FLA,13,Florida Panthers,517
16646028,0,01:08,02:20,,,813,Aaron,2026020001,#041E42,Ekblad,3,8477932,19,01:12,FLA,13,Florida Panthers,517
16646130,0,01:51,08:56,,,951,Aaron,2026020001,#041E42,Ekblad,3,8477932,20,07:05,FLA,13,Florida Panthers,517
16646131,0,00:52,11:22,,,990,Aaron,2026020001,#041E42,Ekblad,3,8477932,21,10:30,FLA,13,Florida Panthers,517
16646331,0,01:11,16:00,,,1095,Aaron,2026020001,#041E42,Ekblad,3,8477932,22,14:49,FLA,13,Florida Panthers,517
16646332,0,00:59,19:10,,,1138,Aaron,2026020001,#041E42,Ekblad,3,8477932,23,18:11,FLA,13,Florida Panthers,517
16646483,0,00:45,02:05,,,1183,Aaron,2026020001,#041E42,Ekblad,4,8477932,24,01:20,FLA,13,Florida Panthers,517
16645519,0,00:40,00:40,,,7,Sam,2026020001,#041E42,Reinhart,1,8477933,1,00:00,FLA,13,Florida Panthers,517
16645520,0,00:05,00:49,,,65,Sam,2026020001,#041E42,Reinhart,1,8477933,2,00:44,FLA,13,Florida Panthers,517
16645589,0,00:57,04:33,,,102,Sam,2026020001,#041E42,Reinhart,1,8477933,3,03:36,FLA,13,Florida Panthers,517
16645590,0,00:47,07:20,,,149,Sam,2026020001,#041E42,Reinhart,1,8477933,4,06:33,FLA,13,Florida Panthers,517
16645591,0,01:29,10:01,,,180,Sam,2026020001,#041E42,Reinhart,1,8477933,5,08:32,FLA,13,Florida Panthers,517
16645683,0,01:09,13:12,,,232,Sam,2026020001,#041E42,Reinhart,1,8477933,6,12:03,FLA,13,Florida Panthers,517
16645684,0,00:54,14:30,,,314,Sam,2026020001,#041E42,Reinhart,1,8477933,7,13:36,FLA,13,Florida Panthers,517
16645685,0,00:47,17:28,,,452,Sam,2026020001,#041E42,Reinhart,1,8477933,8,16:41,FLA,13,Florida Panthers,517
16645748,0,01:06,19:30,,,476,Sam,2026020001,#041E42,Reinhart,1,8477933,9,18:24,FLA,13,Florida Panthers,517
16645784,0,00:41,00:41,,,514,Sam,2026020001,#041E42,Reinhart,2,8477933,10,00:00,FLA,13,Florida Panthers,517
16645851,0,02:11,04:36,,,554,Sam,2026020001,#041E42,Reinhart,2,8477933,11,02:25,FLA,13,Florida Panthers,517
16645852,0,00:22,08:12,,,626,Sam,2026020001,#041E42,Reinhart,2,8477933,12,07:50,FLA,13,Florida Panthers,517
16645931,0,01:11,11:39,,,674,Sam,2026020001,#041E42,Reinhart,2,8477933,13,10:28,FLA,13,Florida Panthers,517
16645932,0,00:28,14:21,,,718,Sam,2026020001,#041E42,Reinhart,2,8477933,14,13:53,FLA,13,Florida Panthers,517
16645993,0,00:27,17:29,,,755,Sam,2026020001,#041E42,Reinhart,2,8477933,15,17:02,FLA,13,Florida Panthers,517
16646029,0,01:08,01:08,,,803,Sam,2026020001,#041E42,Reinhart,3,8477933,16,00:00,FLA,13,Florida Panthers,517
16646132,0,01:07,04:58,,,851,Sam,2026020001,#041E42,Reinhart,3,8477933,17,03:51,FLA,13,Florida Panthers,517
16646133,0,00:27,07:32,,,951,Sam,2026020001,#041E42,Reinhart,3,8477933,18,07:05,FLA,13,Florida Panthers,517
16646134,0,00:38,09:33,,,967,Sam,2026020001,#041E42,Reinhart,3,8477933,19,08:55,FLA,13,Florida Panthers,517
16646135,0,01:13,12:47,,,1055,Sam,2026020001,#041E42,Reinhart,3,8477933,20,11:34,FLA,13,Florida Panthers,517
16646333,0,01:07,14:52,,,1084,Sam,2026020001,#041E42,Reinhart,3,8477933,21,13:45,FLA,13,Florida Panthers,517
16646334,0,00:22,17:37,,,1125,Sam,2026020001,#041E42,Reinhart,3,8477933,22,17:15,FLA,13,Florida Panthers,517
16646335,0,00:21,19:10,,,1147,Sam,2026020001,#041E42,Reinhart,3,8477933,23,18:49,FLA,13,Florida Panthers,517
16646336,0,00:27,00:27,,,1168,Sam,2026020001,#041E42,Reinhart,4,8477933,24,00:00,FLA,13,Florida Panthers,517
16646484,0,00:53,03:41,,,1197,Sam,2026020001,#041E42,Reinhart,4,8477933,25,02:48,FLA,13,Florida Panthers,517
16645521,0,00:53,01:21,,,55,Sam,2026020001,#041E42,Bennett,1,8477935,1,00:28,FLA,13,Florida Panthers,517
16645522,0,00:39,03:31,,,92,Sam,2026020001,#041E42,Bennett,1,8477935,2,02:52,FLA,13,Florida Panthers,517
16645592,0,00:37,06:33,,,140,Sam,2026020001,#041E42,Bennett,1,8477935,3,05:56,FLA,13,Florida Panthers,517
16645593,0,00:35,08:32,,,168,Sam,2026020001,#041E42,Bennett,1,8477935,4,07:57,FLA,13,Florida Panthers,517
16645594,0,00:45,10:46,,,200,Sam,2026020001,#041E42,Bennett,1,8477935,5,10:01,FLA,13,Florida Panthers,517
16645686,0,00:37,13:36,,,244,Sam,2026020001,#041E42,Bennett,1,8477935,6,12:59,FLA,13,Florida Panthers,517
16645687,0,01:40,16:09,,,325,Sam,2026020001,#041E42,Bennett,1,8477935,7,14:29,FLA,13,Florida Panthers,517
16645749,0,00:46,18:47,,,472,Sam,2026020001,#041E42,Bennett,1,8477935,8,18:01,FLA,13,Florida Panthers,517
16645785,0,00:46,01:23,,,518,Sam,2026020001,#041E42,Bennett,2,8477935,9,00:37,FLA,13,Florida Panthers,517
16645853,0,00:58,05:08,,,579,Sam,2026020001,#041E42,Bennett,2,8477935,10,04:10,FLA,13,Florida Panthers,517
16645933,0,01:19,12:34,,,680,Sam,2026020001,#041E42,Bennett,2,8477935,11,11:15,FLA,13,Florida Panthers,517
16645934,0,00:53,15:14,,,724,Sam,2026020001,#041E42,Bennett,2,8477935,12,14:21,FLA,13,Florida Panthers,517
16645994,0,00:32,20:00,,,792,Sam,2026020001,#041E42,Bennett,2,8477935,13,19:28,FLA,13,Florida Panthers,517
16646030,0,01:15,02:18,,,810,Sam,2026020001,#041E42,Bennett,3,8477935,14,01:03,FLA,13,Florida Panthers,517
16646136,0,01:02,06:02,,,869,Sam,2026020001,#041E42,Bennett,3,8477935,15,05:00,FLA,13,Florida Panthers,517
16646137,0,00:59,10:31,,,973,Sam,2026020001,#041E42,Bennett,3,8477935,16,09:32,FLA,13,Florida Panthers,517
16646138,0,00:45,13:31,,,1065,Sam,2026020001,#041E42,Bennett,3,8477935,17,12:46,FLA,13,Florida Panthers,517
16646337,0,01:20,16:01,,,1093,Sam,2026020001,#041E42,Bennett,3,8477935,18,14:41,FLA,13,Florida Panthers,517
16646338,0,00:44,18:21,,,1131,Sam,2026020001,#041E42,Bennett,3,8477935,19,17:37,FLA,13,Florida Panthers,517
16646339,0,00:36,19:46,,,1155,Sam,2026020001,#041E42,Bennett,3,8477935,20,19:10,FLA,13,Florida Panthers,517
16646485,0,01:27,01:59,,,1175,Sam,2026020001,#041E42,Bennett,4,8477935,21,00:32,FLA,13,Florida Panthers,517
16645523,0,00:44,00:44,,,6,Nikolaj,2026020001,#C8102E,Ehlers,1,8477940,1,00:00,CAR,12,Carolina Hurricanes,517
16645524,0,00:45,03:36,,,89,Nikolaj,2026020001,#C8102E,Ehlers,1,8477940,2,02:51,CAR,12,Carolina Hurricanes,517
16645595,0,00:47,07:20,,,148,Nikolaj,2026020001,#C8102E,Ehlers,1,8477940,3,06:33,CAR,12,Carolina Hurricanes,517
16645688,0,01:04,13:13,,,238,Nikolaj,2026020001,#C8102E,Ehlers,1,8477940,4,12:09,CAR,12,Carolina Hurricanes,517
16645750,0,00:47,19:32,,,483,Nikolaj,2026020001,#C8102E,Ehlers,1,8477940,5,18:45,CAR,12,Carolina Hurricanes,517
16645786,0,00:43,00:43,,,513,Nikolaj,2026020001,#C8102E,Ehlers,2,8477940,6,00:00,CAR,12,Carolina Hurricanes,517
16645787,0,00:31,02:52,,,546,Nikolaj,2026020001,#C8102E,Ehlers,2,8477940,7,02:21,CAR,12,Carolina Hurricanes,517
16645854,0,01:55,07:44,,,609,Nikolaj,2026020001,#C8102E,Ehlers,2,8477940,8,05:49,CAR,12,Carolina Hurricanes,517
16645855,0,01:52,10:28,,,646,Nikolaj,2026020001,#C8102E,Ehlers,2,8477940,9,08:36,CAR,12,Carolina Hurricanes,517
16645935,0,00:28,14:21,,,719,Nikolaj,2026020001,#C8102E,Ehlers,2,8477940,10,13:53,CAR,12,Carolina Hurricanes,517
16645936,0,00:16,16:16,,,742,Nikolaj,2026020001,#C8102E,Ehlers,2,8477940,11,16:00,CAR,12,Carolina Hurricanes,517
16645995,0,01:11,18:43,,,766,Nikolaj,2026020001,#C8102E,Ehlers,2,8477940,12,17:32,CAR,12,Carolina Hurricanes,517
16646031,0,00:52,04:43,,,852,Nikolaj,2026020001,#C8102E,Ehlers,3,8477940,13,03:51,CAR,12,Carolina Hurricanes,517
16646139,0,01:55,09:07,,,956,Nikolaj,2026020001,#C8102E,Ehlers,3,8477940,14,07:12,CAR,12,Carolina Hurricanes,517
16646140,0,02:05,13:15,,,999,Nikolaj,2026020001,#C8102E,Ehlers,3,8477940,15,11:10,CAR,12,Carolina Hurricanes,517
16646340,0,00:58,17:26,,,1113,Nikolaj,2026020001,#C8102E,Ehlers,3,8477940,16,16:28,CAR,12,Carolina Hurricanes,517
16646341,0,00:50,20:00,,,1154,Nikolaj,2026020001,#C8102E,Ehlers,3,8477940,17,19:10,CAR,12,Carolina Hurricanes,517
16646342,0,00:45,01:12,,,1173,Nikolaj,2026020001,#C8102E,Ehlers,4,8477940,18,00:27,CAR,12,Carolina Hurricanes,517
16646486,0,00:56,03:38,,,1193,Nikolaj,2026020001,#C8102E,Ehlers,4,8477940,19,02:42,CAR,12,Carolina Hurricanes,517
16645525,0,00:25,01:29,,,68,Gustav,2026020001,#041E42,Forsling,1,8478055,1,01:04,FLA,13,Florida Panthers,517
16645526,0,00:48,04:24,,,102,Gustav,2026020001,#041E42,Forsling,1,8478055,2,03:36,FLA,13,Florida Panthers,517
16645596,0,00:54,06:25,,,134,Gustav,2026020001,#041E42,Forsling,1,8478055,3,05:31,FLA,13,Florida Panthers,517
16645597,0,00:46,07:56,,,158,Gustav,2026020001,#041E42,Forsling,1,8478055,4,07:10,FLA,13,Florida Panthers,517
16645598,0,00:38,10:48,,,201,Gustav,2026020001,#041E42,Forsling,1,8478055,5,10:10,FLA,13,Florida Panthers,517
16645689,0,01:02,13:10,,,235,Gustav,2026020001,#041E42,Forsling,1,8478055,6,12:08,FLA,13,Florida Panthers,517
16645690,0,01:21,15:58,,,329,Gustav,2026020001,#041E42,Forsling,1,8478055,7,14:37,FLA,13,Florida Panthers,517
16645691,0,00:23,17:40,,,457,Gustav,2026020001,#041E42,Forsling,1,8478055,8,17:17,FLA,13,Florida Panthers,517
16645751,0,00:34,18:35,,,472,Gustav,2026020001,#041E42,Forsling,1,8478055,9,18:01,FLA,13,Florida Panthers,517
16645788,0,01:01,02:03,,,528,Gustav,2026020001,#041E42,Forsling,2,8478055,10,01:02,FLA,13,Florida Panthers,517
16645856,0,00:06,04:09,,,577,Gustav,2026020001,#041E42,Forsling,2,8478055,11,04:03,FLA,13,Florida Panthers,517
16645857,0,00:44,05:20,,,585,Gustav,2026020001,#041E42,Forsling,2,8478055,12,04:36,FLA,13,Florida Panthers,517
16645858,0,01:00,07:07,,,612,Gustav,2026020001,#041E42,Forsling,2,8478055,13,06:07,FLA,13,Florida Panthers,517
16645859,0,00:42,09:18,,,642,Gustav,2026020001,#041E42,Forsling,2,8478055,14,08:36,FLA,13,Florida Panthers,517
16645860,0,00:19,10:28,,,658,Gustav,2026020001,#041E42,Forsling,2,8478055,15,10:09,FLA,13,Florida Panthers,517
16645937,0,00:54,12:34,,,688,Gustav,2026020001,#041E42,Forsling,2,8478055,16,11:40,FLA,13,Florida Panthers,517
16645938,0,00:28,14:21,,,718,Gustav,2026020001,#041E42,Forsling,2,8478055,17,13:53,FLA,13,Florida Panthers,517
16645939,0,00:14,16:22,,,745,Gustav,2026020001,#041E42,Forsling,2,8478055,18,16:08,FLA,13,Florida Panthers,517
16645996,0,01:43,18:45,,,755,Gustav,2026020001,#041E42,Forsling,2,8478055,19,17:02,FLA,13,Florida Panthers,517
16646032,0,01:48,03:51,,,819,Gustav,2026020001,#041E42,Forsling,3,8478055,20,02:03,FLA,13,Florida Panthers,517
16646141,0,00:30,06:30,,,878,Gustav,2026020001,#041E42,Forsling,3,8478055,21,06:00,FLA,13,Florida Panthers,517
16646142,0,01:53,08:58,,,951,Gustav,2026020001,#041E42,Forsling,3,8478055,22,07:05,FLA,13,Florida Panthers,517
16646143,0,00:50,11:21,,,991,Gustav,2026020001,#041E42,Forsling,3,8478055,23,10:31,FLA,13,Florida Panthers,517
16646144,0,00:15,13:45,,,1074,Gustav,2026020001,#041E42,Forsling,3,8478055,24,13:30,FLA,13,Florida Panthers,517
16646343,0,00:40,16:23,,,1101,Gustav,2026020001,#041E42,Forsling,3,8478055,25,15:43,FLA,13,Florida Panthers,517
16646344,0,00:51,19:10,,,1141,Gustav,2026020001,#041E42,Forsling,3,8478055,26,18:19,FLA,13,Florida Panthers,517
16646533,801,,04:55,EVG,Carter Verhaeghe,1211,Gustav,2026020001,#041E42,Forsling,4,8478055,0,04:55,FLA,13,Florida Panthers,505
16646345,0,00:37,01:20,,,1178,Gustav,2026020001,#041E42,Forsling,4,8478055,27,00:43,FLA,13,Florida Panthers,517
16646487,0,01:14,04:55,,,1202,Gustav,2026020001,#041E42,Forsling,4,8478055,28,03:41,FLA,13,Florida Panthers,517
16645527,0,00:51,02:53,,,80,Bokondji,2026020001,#041E42,Imama,1,8478147,1,02:02,FLA,13,Florida Panthers,517
16645599,0,00:40,05:56,,,131,Bokondji,2026020001,#041E42,Imama,1,8478147,2,05:16,FLA,13,Florida Panthers,517
16645692,0,00:41,12:09,,,228,Bokondji,2026020001,#041E42,Imama,1,8478147,3,11:28,FLA,13,Florida Panthers,517
16645693,0,00:33,18:01,,,462,Bokondji,2026020001,#041E42,Imama,1,8478147,4,17:28,FLA,13,Florida Panthers,517
16645940,0,00:43,13:53,,,707,Bokondji,2026020001,#041E42,Imama,2,8478147,5,13:10,FLA,13,Florida Panthers,517
16645941,0,00:46,17:02,,,749,Bokondji,2026020001,#041E42,Imama,2,8478147,6,16:16,FLA,13,Florida Panthers,517
16645997,0,00:33,19:35,,,788,Bokondji,2026020001,#041E42,Imama,2,8478147,7,19:02,FLA,13,Florida Panthers,517
16646145,0,00:15,07:05,,,896,Bokondji,2026020001,#041E42,Imama,3,8478147,8,06:50,FLA,13,Florida Panthers,517
16646146,0,00:32,11:00,,,988,Bokondji,2026020001,#041E42,Imama,3,8478147,9,10:28,FLA,13,Florida Panthers,517
16646346,0,00:29,13:45,,,1073,Bokondji,2026020001,#041E42,Imama,3,8478147,10,13:16,FLA,13,Florida Panthers,517
16645528,0,00:50,01:18,,,57,Sebastian,2026020001,#C8102E,Aho,1,8478427,1,00:28,CAR,12,Carolina Hurricanes,517
16645600,0,00:49,04:25,,,101,Sebastian,2026020001,#C8102E,Aho,1,8478427,2,03:36,CAR,12,Carolina Hurricanes,517
16645601,0,00:37,06:33,,,139,Sebastian,2026020001,#C8102E,Aho,1,8478427,3,05:56,CAR,12,Carolina Hurricanes,517
16645602,0,00:24,08:32,,,174,Sebastian,2026020001,#C8102E,Aho,1,8478427,4,08:08,CAR,12,Carolina Hurricanes,517
16645603,0,00:38,09:51,,,193,Sebastian,2026020001,#C8102E,Aho,1,8478427,5,09:13,CAR,12,Carolina Hurricanes,517
16645694,0,00:39,13:36,,,245,Sebastian,2026020001,#C8102E,Aho,1,8478427,6,12:57,CAR,12,Carolina Hurricanes,517
16645695,0,00:06,15:42,,,335,Sebastian,2026020001,#C8102E,Aho,1,8478427,7,15:36,CAR,12,Carolina Hurricanes,517
16645696,0,00:52,17:28,,,349,Sebastian,2026020001,#C8102E,Aho,1,8478427,8,16:36,CAR,12,Carolina Hurricanes,517
16645752,0,00:43,18:44,,,473,Sebastian,2026020001,#C8102E,Aho,1,8478427,9,18:01,CAR,12,Carolina Hurricanes,517
16645789,0,00:57,01:36,,,521,Sebastian,2026020001,#C8102E,Aho,2,8478427,10,00:39,CAR,12,Carolina Hurricanes,517
16645790,0,00:49,02:52,,,545,Sebastian,2026020001,#C8102E,Aho,2,8478427,11,02:03,CAR,12,Carolina Hurricanes,517
16645861,0,00:20,05:12,,,591,Sebastian,2026020001,#C8102E,Aho,2,8478427,12,04:52,CAR,12,Carolina Hurricanes,517
16645862,0,01:25,07:05,,,607,Sebastian,2026020001,#C8102E,Aho,2,8478427,13,05:40,CAR,12,Carolina Hurricanes,517
16645863,0,02:12,10:24,,,633,Sebastian,2026020001,#C8102E,Aho,2,8478427,14,08:12,CAR,12,Carolina Hurricanes,517
16645942,0,00:32,11:46,,,681,Sebastian,2026020001,#C8102E,Aho,2,8478427,15,11:14,CAR,12,Carolina Hurricanes,517
16645943,0,00:48,15:09,,,723,Sebastian,2026020001,#C8102E,Aho,2,8478427,16,14:21,CAR,12,Carolina Hurricanes,517
16645998,0,01:44,18:46,,,756,Sebastian,2026020001,#C8102E,Aho,2,8478427,17,17:02,CAR,12,Carolina Hurricanes,517
16646033,0,00:43,01:24,,,806,Sebastian,2026020001,#C8102E,Aho,3,8478427,18,00:41,CAR,12,Carolina Hurricanes,517
16646034,0,00:20,03:51,,,844,Sebastian,2026020001,#C8102E,Aho,3,8478427,19,03:31,CAR,12,Carolina Hurricanes,517
16646147,0,00:33,05:18,,,864,Sebastian,2026020001,#C8102E,Aho,3,8478427,20,04:45,CAR,12,Carolina Hurricanes,517
16646148,0,00:40,09:39,,,968,Sebastian,2026020001,#C8102E,Aho,3,8478427,21,08:59,CAR,12,Carolina Hurricanes,517
16646149,0,00:44,11:07,,,987,Sebastian,2026020001,#C8102E,Aho,3,8478427,22,10:23,CAR,12,Carolina Hurricanes,517
16646347,0,00:30,14:44,,,1089,Sebastian,2026020001,#C8102E,Aho,3,8478427,23,14:14,CAR,12,Carolina Hurricanes,517
16646348,0,00:43,18:20,,,1130,Sebastian,2026020001,#C8102E,Aho,3,8478427,24,17:37,CAR,12,Carolina Hurricanes,517
16646349,0,00:16,20:00,,,1163,Sebastian,2026020001,#C8102E,Aho,3,8478427,25,19:44,CAR,12,Carolina Hurricanes,517
16646350,0,00:49,01:14,,,1172,Sebastian,2026020001,#C8102E,Aho,4,8478427,26,00:25,CAR,12,Carolina Hurricanes,517
16646488,0,01:13,04:14,,,1198,Sebastian,2026020001,#C8102E,Aho,4,8478427,27,03:01,CAR,12,Carolina Hurricanes,517
16645529,0,01:04,01:04,,,7,Niko,2026020001,#041E42,Mikkola,1,8478859,1,00:00,FLA,13,Florida Panthers,517
16645530,0,00:52,02:54,,,80,Niko,2026020001,#041E42,Mikkola,1,8478859,2,02:02,FLA,13,Florida Panthers,517
16645531,0,00:30,04:54,,,115,Niko,2026020001,#041E42,Mikkola,1,8478859,3,04:24,FLA,13,Florida Panthers,517
16645604,0,00:44,07:10,,,147,Niko,2026020001,#041E42,Mikkola,1,8478859,4,06:26,FLA,13,Florida Panthers,517
16645697,0,00:42,11:28,,,209,Niko,2026020001,#041E42,Mikkola,1,8478859,5,10:46,FLA,13,Florida Panthers,517
16645698,0,00:23,13:36,,,303,Niko,2026020001,#041E42,Mikkola,1,8478859,6,13:13,FLA,13,Florida Panthers,517
16645699,0,00:42,16:39,,,341,Niko,2026020001,#041E42,Mikkola,1,8478859,7,15:57,FLA,13,Florida Panthers,517
16645700,0,00:21,18:01,,,468,Niko,2026020001,#041E42,Mikkola,1,8478859,8,17:40,FLA,13,Florida Panthers,517
16645753,0,00:38,19:13,,,479,Niko,2026020001,#041E42,Mikkola,1,8478859,9,18:35,FLA,13,Florida Panthers,517
16645791,0,01:02,01:02,,,514,Niko,2026020001,#041E42,Mikkola,2,8478859,10,00:00,FLA,13,Florida Panthers,517
16645792,0,00:49,02:52,,,541,Niko,2026020001,#041E42,Mikkola,2,8478859,11,02:03,FLA,13,Florida Panthers,517
16645864,0,00:27,06:07,,,603,Niko,2026020001,#041E42,Mikkola,2,8478859,12,05:40,FLA,13,Florida Panthers,517
16645865,0,00:44,07:50,,,616,Niko,2026020001,#041E42,Mikkola,2,8478859,13,07:06,FLA,13,Florida Panthers,517
16645866,0,00:24,08:36,,,634,Niko,2026020001,#041E42,Mikkola,2,8478859,14,08:12,FLA,13,Florida Panthers,517
16645867,0,00:51,10:09,,,653,Niko,2026020001,#041E42,Mikkola,2,8478859,15,09:18,FLA,13,Florida Panthers,517
16645944,0,00:55,13:29,,,702,Niko,2026020001,#041E42,Mikkola,2,8478859,16,12:34,FLA,13,Florida Panthers,517
16645945,0,01:47,16:08,,,724,Niko,2026020001,#041E42,Mikkola,2,8478859,17,14:21,FLA,13,Florida Panthers,517
16645999,0,01:04,18:50,,,767,Niko,2026020001,#041E42,Mikkola,2,8478859,18,17:46,FLA,13,Florida Panthers,517
16646000,0,00:32,20:00,,,793,Niko,2026020001,#041E42,Mikkola,2,8478859,19,19:28,FLA,13,Florida Panthers,517
16646035,0,01:31,03:51,,,828,Niko,2026020001,#041E42,Mikkola,3,8478859,20,02:20,FLA,13,Florida Panthers,517
16646150,0,01:00,05:59,,,868,Niko,2026020001,#041E42,Mikkola,3,8478859,21,04:59,FLA,13,Florida Panthers,517
16646151,0,00:38,09:34,,,969,Niko,2026020001,#041E42,Mikkola,3,8478859,22,08:56,FLA,13,Florida Panthers,517
16646152,0,00:57,12:19,,,1052,Niko,2026020001,#041E42,Mikkola,3,8478859,23,11:22,FLA,13,Florida Panthers,517
16646351,0,00:23,16:24,,,1108,Niko,2026020001,#041E42,Mikkola,3,8478859,24,16:01,FLA,13,Florida Panthers,517
16646352,0,01:05,18:19,,,1124,Niko,2026020001,#041E42,Mikkola,3,8478859,25,17:14,FLA,13,Florida Panthers,517
16646353,0,00:50,20:00,,,1155,Niko,2026020001,#041E42,Mikkola,3,8478859,26,19:10,FLA,13,Florida Panthers,517
16646489,0,00:37,02:42,,,1190,Niko,2026020001,#041E42,Mikkola,4,8478859,27,02:05,FLA,13,Florida Panthers,517
16645532,0,00:28,00:28,,,6,Jalen,2026020001,#C8102E,Chatfield,1,8478970,1,00:00,CAR,12,Carolina Hurricanes,517
16645533,0,00:52,02:12,,,71,Jalen,2026020001,#C8102E,Chatfield,1,8478970,2,01:20,CAR,12,Carolina Hurricanes,517
16645605,0,00:41,04:12,,,100,Jalen,2026020001,#C8102E,Chatfield,1,8478970,3,03:31,CAR,12,Carolina Hurricanes,517
16645606,0,01:24,07:20,,,139,Jalen,2026020001,#C8102E,Chatfield,1,8478970,4,05:56,CAR,12,Carolina Hurricanes,517
16645607,0,00:41,09:13,,,181,Jalen,2026020001,#C8102E,Chatfield,1,8478970,5,08:32,CAR,12,Carolina Hurricanes,517
16645608,0,00:35,10:25,,,198,Jalen,2026020001,#C8102E,Chatfield,1,8478970,6,09:50,CAR,12,Carolina Hurricanes,517
16645701,0,00:36,13:36,,,247,Jalen,2026020001,#C8102E,Chatfield,1,8478970,7,13:00,CAR,12,Carolina Hurricanes,517
16645702,0,00:50,14:53,,,322,Jalen,2026020001,#C8102E,Chatfield,1,8478970,8,14:03,CAR,12,Carolina Hurricanes,517
16645703,0,00:39,17:13,,,348,Jalen,2026020001,#C8102E,Chatfield,1,8478970,9,16:34,CAR,12,Carolina Hurricanes,517
16645754,0,00:42,18:43,,,473,Jalen,2026020001,#C8102E,Chatfield,1,8478970,10,18:01,CAR,12,Carolina Hurricanes,517
16645793,0,00:52,00:52,,,513,Jalen,2026020001,#C8102E,Chatfield,2,8478970,11,00:00,CAR,12,Carolina Hurricanes,517
16645794,0,00:27,02:52,,,549,Jalen,2026020001,#C8102E,Chatfield,2,8478970,12,02:25,CAR,12,Carolina Hurricanes,517
16645868,0,00:42,04:11,,,572,Jalen,2026020001,#C8102E,Chatfield,2,8478970,13,03:29,CAR,12,Carolina Hurricanes,517
16645869,0,00:28,08:12,,,621,Jalen,2026020001,#C8102E,Chatfield,2,8478970,14,07:44,CAR,12,Carolina Hurricanes,517
16645946,0,00:52,12:07,,,682,Jalen,2026020001,#C8102E,Chatfield,2,8478970,15,11:15,CAR,12,Carolina Hurricanes,517
16645947,0,00:44,14:21,,,713,Jalen,2026020001,#C8102E,Chatfield,2,8478970,16,13:37,CAR,12,Carolina Hurricanes,517
16645948,0,00:38,15:40,,,728,Jalen,2026020001,#C8102E,Chatfield,2,8478970,17,15:02,CAR,12,Carolina Hurricanes,517
16646001,0,00:24,20:00,,,798,Jalen,2026020001,#C8102E,Chatfield,2,8478970,18,19:36,CAR,12,Carolina Hurricanes,517
16646036,0,00:41,00:41,,,802,Jalen,2026020001,#C8102E,Chatfield,3,8478970,19,00:00,CAR,12,Carolina Hurricanes,517
16646037,0,00:51,02:16,,,816,Jalen,2026020001,#C8102E,Chatfield,3,8478970,20,01:25,CAR,12,Carolina Hurricanes,517
16646038,0,01:05,04:36,,,844,Jalen,2026020001,#C8102E,Chatfield,3,8478970,21,03:31,CAR,12,Carolina Hurricanes,517
16646153,0,00:37,06:04,,,874,Jalen,2026020001,#C8102E,Chatfield,3,8478970,22,05:27,CAR,12,Carolina Hurricanes,517
16646154,0,00:46,09:45,,,968,Jalen,2026020001,#C8102E,Chatfield,3,8478970,23,08:59,CAR,12,Carolina Hurricanes,517
16646354,0,00:30,14:15,,,1079,Jalen,2026020001,#C8102E,Chatfield,3,8478970,24,13:45,CAR,12,Carolina Hurricanes,517
16646355,0,01:17,18:20,,,1121,Jalen,2026020001,#C8102E,Chatfield,3,8478970,25,17:03,CAR,12,Carolina Hurricanes,517
16646356,0,00:50,20:00,,,1154,Jalen,2026020001,#C8102E,Chatfield,3,8478970,26,19:10,CAR,12,Carolina Hurricanes,517
16645534,0,00:04,00:44,,,59,Matthew,2026020001,#041E42,Tkachuk,1,8479314,1,00:40,FLA,13,Florida Panthers,517
16645535,0,00:39,01:28,,,66,Matthew,2026020001,#041E42,Tkachuk,1,8479314,2,00:49,FLA,13,Florida Panthers,517
16645536,0,00:42,03:36,,,94,Matthew,2026020001,#041E42,Tkachuk,1,8479314,3,02:54,FLA,13,Florida Panthers,517
16645609,0,00:42,06:33,,,136,Matthew,2026020001,#041E42,Tkachuk,1,8479314,4,05:51,FLA,13,Florida Panthers,517
16645610,0,02:00,10:01,,,169,Matthew,2026020001,#041E42,Tkachuk,1,8479314,5,08:01,FLA,13,Florida Panthers,517
16645704,0,01:20,14:32,,,302,Matthew,2026020001,#041E42,Tkachuk,1,8479314,6,13:12,FLA,13,Florida Panthers,517
16645755,0,00:23,18:24,,,472,Matthew,2026020001,#041E42,Tkachuk,1,8479314,7,18:01,FLA,13,Florida Panthers,517
16645795,0,00:35,01:16,,,522,Matthew,2026020001,#041E42,Tkachuk,2,8479314,8,00:41,FLA,13,Florida Panthers,517
16645870,0,01:51,04:43,,,561,Matthew,2026020001,#041E42,Tkachuk,2,8479314,9,02:52,FLA,13,Florida Panthers,517
16645949,0,01:05,11:47,,,677,Matthew,2026020001,#041E42,Tkachuk,2,8479314,10,10:42,FLA,13,Florida Panthers,517
16645950,0,00:55,15:16,,,724,Matthew,2026020001,#041E42,Tkachuk,2,8479314,11,14:21,FLA,13,Florida Panthers,517
16646002,0,00:35,20:00,,,790,Matthew,2026020001,#041E42,Tkachuk,2,8479314,12,19:25,FLA,13,Florida Panthers,517
16646039,0,01:06,01:06,,,803,Matthew,2026020001,#041E42,Tkachuk,3,8479314,13,00:00,FLA,13,Florida Panthers,517
16646155,0,01:02,06:00,,,867,Matthew,2026020001,#041E42,Tkachuk,3,8479314,14,04:58,FLA,13,Florida Panthers,517
16646156,0,00:59,10:33,,,976,Matthew,2026020001,#041E42,Tkachuk,3,8479314,15,09:34,FLA,13,Florida Panthers,517
16646157,0,00:43,13:30,,,1066,Matthew,2026020001,#041E42,Tkachuk,3,8479314,16,12:47,FLA,13,Florida Panthers,517
16646357,0,01:58,15:43,,,1084,Matthew,2026020001,#041E42,Tkachuk,3,8479314,17,13:45,FLA,13,Florida Panthers,517
16646358,0,00:27,18:04,,,1131,Matthew,2026020001,#041E42,Tkachuk,3,8479314,18,17:37,FLA,13,Florida Panthers,517
16646359,0,00:27,19:37,,,1155,Matthew,2026020001,#041E42,Tkachuk,3,8479314,19,19:10,FLA,13,Florida Panthers,517
16646360,0,00:47,01:14,,,1174,Matthew,2026020001,#041E42,Tkachuk,4,8479314,20,00:27,FLA,13,Florida Panthers,517
16646490,0,00:41,04:22,,,1202,Matthew,2026020001,#041E42,Tkachuk,4,8479314,21,03:41,FLA,13,Florida Panthers,517
16645537,0,00:41,02:02,,,73,Eetu,2026020001,#041E42,Luostarinen,1,8480185,1,01:21,FLA,13,Florida Panthers,517
16645611,0,00:43,05:16,,,119,Eetu,2026020001,#041E42,Luostarinen,1,8480185,2,04:33,FLA,13,Florida Panthers,517
16645612,0,00:59,08:09,,,158,Eetu,2026020001,#041E42,Luostarinen,1,8480185,3,07:10,FLA,13,Florida Panthers,517
16645705,0,00:41,11:28,,,210,Eetu,2026020001,#041E42,Luostarinen,1,8480185,4,10:47,FLA,13,Florida Panthers,517
16645706,0,00:39,16:38,,,343,Eetu,2026020001,#041E42,Luostarinen,1,8480185,5,15:59,FLA,13,Florida Panthers,517
16645756,0,00:34,20:00,,,489,Eetu,2026020001,#041E42,Luostarinen,1,8480185,6,19:26,FLA,13,Florida Panthers,517
16645796,0,00:27,02:03,,,535,Eetu,2026020001,#041E42,Luostarinen,2,8480185,7,01:36,FLA,13,Florida Panthers,517
16645871,0,00:29,05:40,,,595,Eetu,2026020001,#041E42,Luostarinen,2,8480185,8,05:11,FLA,13,Florida Panthers,517
16645872,0,01:00,07:06,,,611,Eetu,2026020001,#041E42,Luostarinen,2,8480185,9,06:06,FLA,13,Florida Panthers,517
16645873,0,00:11,10:28,,,660,Eetu,2026020001,#041E42,Luostarinen,2,8480185,10,10:17,FLA,13,Florida Panthers,517
16645951,0,00:36,13:10,,,702,Eetu,2026020001,#041E42,Luostarinen,2,8480185,11,12:34,FLA,13,Florida Panthers,517
16645952,0,00:20,16:16,,,741,Eetu,2026020001,#041E42,Luostarinen,2,8480185,12,15:56,FLA,13,Florida Panthers,517
16646003,0,01:15,18:44,,,764,Eetu,2026020001,#041E42,Luostarinen,2,8480185,13,17:29,FLA,13,Florida Panthers,517
16646040,0,00:55,02:03,,,812,Eetu,2026020001,#041E42,Luostarinen,3,8480185,14,01:08,FLA,13,Florida Panthers,517
16646158,0,00:51,06:50,,,877,Eetu,2026020001,#041E42,Luostarinen,3,8480185,15,05:59,FLA,13,Florida Panthers,517
16646159,0,01:23,08:55,,,958,Eetu,2026020001,#041E42,Luostarinen,3,8480185,16,07:32,FLA,13,Florida Panthers,517
16646160,0,00:33,11:33,,,996,Eetu,2026020001,#041E42,Luostarinen,3,8480185,17,11:00,FLA,13,Florida Panthers,517
16646361,0,00:56,16:58,,,1109,Eetu,2026020001,#041E42,Luostarinen,3,8480185,18,16:02,FLA,13,Florida Panthers,517
16646362,0,00:30,18:49,,,1141,Eetu,2026020001,#041E42,Luostarinen,3,8480185,19,18:19,FLA,13,Florida Panthers,517
16646363,0,00:15,20:00,,,1160,Eetu,2026020001,#041E42,Luostarinen,3,8480185,20,19:45,FLA,13,Florida Panthers,517
16645538,0,00:52,01:20,,,57,Sean,2026020001,#C8102E,Walker,1,8480336,1,00:28,CAR,12,Carolina Hurricanes,517
16645539,0,00:36,03:30,,,91,Sean,2026020001,#C8102E,Walker,1,8480336,2,02:54,CAR,12,Carolina Hurricanes,517
16645613,0,00:33,05:06,,,120,Sean,2026020001,#C8102E,Walker,1,8480336,3,04:33,CAR,12,Carolina Hurricanes,517
16645614,0,00:32,08:32,,,170,Sean,2026020001,#C8102E,Walker,1,8480336,4,08:00,CAR,12,Carolina Hurricanes,517
16645615,0,00:37,09:50,,,193,Sean,2026020001,#C8102E,Walker,1,8480336,5,09:13,CAR,12,Carolina Hurricanes,517
16645616,0,00:40,11:05,,,204,Sean,2026020001,#C8102E,Walker,1,8480336,6,10:25,CAR,12,Carolina Hurricanes,517
16645707,0,00:38,12:58,,,240,Sean,2026020001,#C8102E,Walker,1,8480336,7,12:20,CAR,12,Carolina Hurricanes,517
16645708,0,00:27,14:03,,,313,Sean,2026020001,#C8102E,Walker,1,8480336,8,13:36,CAR,12,Carolina Hurricanes,517
16645709,0,00:51,15:42,,,330,Sean,2026020001,#C8102E,Walker,1,8480336,9,14:51,CAR,12,Carolina Hurricanes,517
16645710,0,00:48,18:01,,,456,Sean,2026020001,#C8102E,Walker,1,8480336,10,17:13,CAR,12,Carolina Hurricanes,517
16645757,0,00:58,19:42,,,482,Sean,2026020001,#C8102E,Walker,1,8480336,11,18:44,CAR,12,Carolina Hurricanes,517
16645797,0,00:49,01:40,,,524,Sean,2026020001,#C8102E,Walker,2,8480336,12,00:51,CAR,12,Carolina Hurricanes,517
16645798,0,00:37,03:29,,,560,Sean,2026020001,#C8102E,Walker,2,8480336,13,02:52,CAR,12,Carolina Hurricanes,517
16645874,0,00:34,04:45,,,581,Sean,2026020001,#C8102E,Walker,2,8480336,14,04:11,CAR,12,Carolina Hurricanes,517
16645953,0,00:51,11:15,,,664,Sean,2026020001,#C8102E,Walker,2,8480336,15,10:24,CAR,12,Carolina Hurricanes,517
16645954,0,00:27,12:34,,,694,Sean,2026020001,#C8102E,Walker,2,8480336,16,12:07,CAR,12,Carolina Hurricanes,517
16645955,0,00:42,15:03,,,723,Sean,2026020001,#C8102E,Walker,2,8480336,17,14:21,CAR,12,Carolina Hurricanes,517
16645956,0,00:46,17:02,,,748,Sean,2026020001,#C8102E,Walker,2,8480336,18,16:16,CAR,12,Carolina Hurricanes,517
16646004,0,01:17,20:00,,,779,Sean,2026020001,#C8102E,Walker,2,8480336,19,18:43,CAR,12,Carolina Hurricanes,517
16646041,0,00:15,02:15,,,818,Sean,2026020001,#C8102E,Walker,3,8480336,20,02:00,CAR,12,Carolina Hurricanes,517
16646042,0,00:33,03:31,,,838,Sean,2026020001,#C8102E,Walker,3,8480336,21,02:58,CAR,12,Carolina Hurricanes,517
16646161,0,00:51,05:27,,,858,Sean,2026020001,#C8102E,Walker,3,8480336,22,04:36,CAR,12,Carolina Hurricanes,517
16646162,0,00:35,10:21,,,982,Sean,2026020001,#C8102E,Walker,3,8480336,23,09:46,CAR,12,Carolina Hurricanes,517
16646364,0,00:32,13:45,,,1071,Sean,2026020001,#C8102E,Walker,3,8480336,24,13:13,CAR,12,Carolina Hurricanes,517
16646365,0,01:44,15:59,,,1090,Sean,2026020001,#C8102E,Walker,3,8480336,25,14:15,CAR,12,Carolina Hurricanes,517
16646366,0,00:38,19:10,,,1144,Sean,2026020001,#C8102E,Walker,3,8480336,26,18:32,CAR,12,Carolina Hurricanes,517
16646367,0,00:27,00:27,,,1167,Sean,2026020001,#C8102E,Walker,4,8480336,27,00:00,CAR,12,Carolina Hurricanes,517
16645540,0,00:51,01:29,,,58,Eric,2026020001,#C8102E,Robinson,1,8480762,1,00:38,CAR,12,Carolina Hurricanes,517
16645617,0,01:04,04:33,,,96,Eric,2026020001,#C8102E,Robinson,1,8480762,2,03:29,CAR,12,Carolina Hurricanes,517
16645618,0,00:36,06:33,,,141,Eric,2026020001,#C8102E,Robinson,1,8480762,3,05:57,CAR,12,Carolina Hurricanes,517
16645619,0,00:25,08:32,,,172,Eric,2026020001,#C8102E,Robinson,1,8480762,4,08:07,CAR,12,Carolina Hurricanes,517
16645620,0,00:32,10:23,,,199,Eric,2026020001,#C8102E,Robinson,1,8480762,5,09:51,CAR,12,Carolina Hurricanes,517
16645711,0,00:35,13:36,,,248,Eric,2026020001,#C8102E,Robinson,1,8480762,6,13:01,CAR,12,Carolina Hurricanes,517
16645712,0,00:50,15:42,,,331,Eric,2026020001,#C8102E,Robinson,1,8480762,7,14:52,CAR,12,Carolina Hurricanes,517
16645713,0,00:52,17:28,,,349,Eric,2026020001,#C8102E,Robinson,1,8480762,8,16:36,CAR,12,Carolina Hurricanes,517
16645758,0,00:44,18:45,,,473,Eric,2026020001,#C8102E,Robinson,1,8480762,9,18:01,CAR,12,Carolina Hurricanes,517
16645799,0,00:59,01:37,,,519,Eric,2026020001,#C8102E,Robinson,2,8480762,10,00:38,CAR,12,Carolina Hurricanes,517
16645957,0,00:27,12:34,,,694,Eric,2026020001,#C8102E,Robinson,2,8480762,11,12:07,CAR,12,Carolina Hurricanes,517
16645958,0,00:49,15:10,,,723,Eric,2026020001,#C8102E,Robinson,2,8480762,12,14:21,CAR,12,Carolina Hurricanes,517
16646043,0,00:58,02:21,,,814,Eric,2026020001,#C8102E,Robinson,3,8480762,13,01:23,CAR,12,Carolina Hurricanes,517
16646044,0,00:20,03:51,,,844,Eric,2026020001,#C8102E,Robinson,3,8480762,14,03:31,CAR,12,Carolina Hurricanes,517
16646163,0,00:42,05:20,,,859,Eric,2026020001,#C8102E,Robinson,3,8480762,15,04:38,CAR,12,Carolina Hurricanes,517
16646164,0,00:03,11:00,,,993,Eric,2026020001,#C8102E,Robinson,3,8480762,16,10:57,CAR,12,Carolina Hurricanes,517
16646368,0,01:15,15:59,,,1092,Eric,2026020001,#C8102E,Robinson,3,8480762,17,14:44,CAR,12,Carolina Hurricanes,517
16646369,0,00:42,18:19,,,1130,Eric,2026020001,#C8102E,Robinson,3,8480762,18,17:37,CAR,12,Carolina Hurricanes,517
16646370,0,00:16,20:00,,,1161,Eric,2026020001,#C8102E,Robinson,3,8480762,19,19:44,CAR,12,Carolina Hurricanes,517
16645541,0,00:30,00:30,,,7,Brady,2026020001,#041E42,Tkachuk,1,8480801,1,00:00,FLA,13,Florida Panthers,517
16645621,0,00:56,04:33,,,103,Brady,2026020001,#041E42,Tkachuk,1,8480801,2,03:37,FLA,13,Florida Panthers,517
16645622,0,00:37,07:10,,,149,Brady,2026020001,#041E42,Tkachuk,1,8480801,3,06:33,FLA,13,Florida Panthers,517
16645623,0,01:19,09:51,,,180,Brady,2026020001,#041E42,Tkachuk,1,8480801,4,08:32,FLA,13,Florida Panthers,517
16645714,0,00:59,13:08,,,237,Brady,2026020001,#041E42,Tkachuk,1,8480801,5,12:09,FLA,13,Florida Panthers,517
16645715,0,00:56,14:32,,,314,Brady,2026020001,#041E42,Tkachuk,1,8480801,6,13:36,FLA,13,Florida Panthers,517
16645716,0,00:48,17:27,,,451,Brady,2026020001,#041E42,Tkachuk,1,8480801,7,16:39,FLA,13,Florida Panthers,517
16645759,0,00:49,19:26,,,480,Brady,2026020001,#041E42,Tkachuk,1,8480801,8,18:37,FLA,13,Florida Panthers,517
16645800,0,00:39,00:39,,,514,Brady,2026020001,#041E42,Tkachuk,2,8480801,9,00:00,FLA,13,Florida Panthers,517
16645875,0,01:02,05:11,,,578,Brady,2026020001,#041E42,Tkachuk,2,8480801,10,04:09,FLA,13,Florida Panthers,517
16645876,0,00:23,08:12,,,625,Brady,2026020001,#041E42,Tkachuk,2,8480801,11,07:49,FLA,13,Florida Panthers,517
16645877,0,00:05,10:17,,,659,Brady,2026020001,#041E42,Tkachuk,2,8480801,12,10:12,FLA,13,Florida Panthers,517
16645959,0,01:22,11:50,,,674,Brady,2026020001,#041E42,Tkachuk,2,8480801,13,10:28,FLA,13,Florida Panthers,517
16645960,0,00:28,14:21,,,718,Brady,2026020001,#041E42,Tkachuk,2,8480801,14,13:53,FLA,13,Florida Panthers,517
16646045,0,00:54,00:54,,,803,Brady,2026020001,#041E42,Tkachuk,3,8480801,15,00:00,FLA,13,Florida Panthers,517
16646165,0,01:07,04:58,,,851,Brady,2026020001,#041E42,Tkachuk,3,8480801,16,03:51,FLA,13,Florida Panthers,517
16646166,0,00:57,12:30,,,1054,Brady,2026020001,#041E42,Tkachuk,3,8480801,17,11:33,FLA,13,Florida Panthers,517
16646371,0,00:59,14:44,,,1084,Brady,2026020001,#041E42,Tkachuk,3,8480801,18,13:45,FLA,13,Florida Panthers,517
16646372,0,00:29,17:27,,,1119,Brady,2026020001,#041E42,Tkachuk,3,8480801,19,16:58,FLA,13,Florida Panthers,517
16646373,0,00:21,19:10,,,1147,Brady,2026020001,#041E42,Tkachuk,3,8480801,20,18:49,FLA,13,Florida Panthers,517
16646491,0,00:45,02:44,,,1189,Brady,2026020001,#041E42,Tkachuk,4,8480801,21,01:59,FLA,13,Florida Panthers,517
16646492,0,00:08,04:55,,,1210,Brady,2026020001,#041E42,Tkachuk,4,8480801,22,04:47,FLA,13,Florida Panthers,517
16645542,0,00:52,01:20,,,57,K'Andre,2026020001,#C8102E,Miller,1,8480817,1,00:28,CAR,12,Carolina Hurricanes,517
16645543,0,00:38,03:31,,,90,K'Andre,2026020001,#C8102E,Miller,1,8480817,2,02:53,CAR,12,Carolina Hurricanes,517
16645624,0,00:33,05:06,,,120,K'Andre,2026020001,#C8102E,Miller,1,8480817,3,04:33,CAR,12,Carolina Hurricanes,517
16645625,0,00:43,08:32,,,166,K'Andre,2026020001,#C8102E,Miller,1,8480817,4,07:49,CAR,12,Carolina Hurricanes,517
16645626,0,00:19,10:51,,,207,K'Andre,2026020001,#C8102E,Miller,1,8480817,5,10:32,CAR,12,Carolina Hurricanes,517
16645717,0,00:04,11:09,,,216,K'Andre,2026020001,#C8102E,Miller,1,8480817,6,11:05,CAR,12,Carolina Hurricanes,517
16645718,0,00:49,13:00,,,239,K'Andre,2026020001,#C8102E,Miller,1,8480817,7,12:11,CAR,12,Carolina Hurricanes,517
16645719,0,00:27,14:03,,,313,K'Andre,2026020001,#C8102E,Miller,1,8480817,8,13:36,CAR,12,Carolina Hurricanes,517
16645720,0,00:51,15:42,,,330,K'Andre,2026020001,#C8102E,Miller,1,8480817,9,14:51,CAR,12,Carolina Hurricanes,517
16645760,0,01:06,18:01,,,454,K'Andre,2026020001,#C8102E,Miller,1,8480817,10,16:55,CAR,12,Carolina Hurricanes,517
16645761,0,01:01,19:44,,,481,K'Andre,2026020001,#C8102E,Miller,1,8480817,11,18:43,CAR,12,Carolina Hurricanes,517
16645801,0,00:47,01:39,,,525,K'Andre,2026020001,#C8102E,Miller,2,8480817,12,00:52,CAR,12,Carolina Hurricanes,517
16645802,0,00:37,03:29,,,560,K'Andre,2026020001,#C8102E,Miller,2,8480817,13,02:52,CAR,12,Carolina Hurricanes,517
16645878,0,00:59,05:11,,,582,K'Andre,2026020001,#C8102E,Miller,2,8480817,14,04:12,CAR,12,Carolina Hurricanes,517
16645879,0,01:20,07:59,,,615,K'Andre,2026020001,#C8102E,Miller,2,8480817,15,06:39,CAR,12,Carolina Hurricanes,517
16645961,0,00:53,11:19,,,668,K'Andre,2026020001,#C8102E,Miller,2,8480817,16,10:26,CAR,12,Carolina Hurricanes,517
16645962,0,00:27,12:34,,,694,K'Andre,2026020001,#C8102E,Miller,2,8480817,17,12:07,CAR,12,Carolina Hurricanes,517
16645963,0,00:41,15:02,,,723,K'Andre,2026020001,#C8102E,Miller,2,8480817,18,14:21,CAR,12,Carolina Hurricanes,517
16645964,0,00:46,17:02,,,748,K'Andre,2026020001,#C8102E,Miller,2,8480817,19,16:16,CAR,12,Carolina Hurricanes,517
16646005,0,00:35,19:35,,,787,K'Andre,2026020001,#C8102E,Miller,2,8480817,20,19:00,CAR,12,Carolina Hurricanes,517
16646046,0,00:44,01:25,,,806,K'Andre,2026020001,#C8102E,Miller,3,8480817,21,00:41,CAR,12,Carolina Hurricanes,517
16646047,0,00:34,03:31,,,837,K'Andre,2026020001,#C8102E,Miller,3,8480817,22,02:57,CAR,12,Carolina Hurricanes,517
16646167,0,00:52,05:27,,,857,K'Andre,2026020001,#C8102E,Miller,3,8480817,23,04:35,CAR,12,Carolina Hurricanes,517
16646168,0,01:54,08:59,,,955,K'Andre,2026020001,#C8102E,Miller,3,8480817,24,07:05,CAR,12,Carolina Hurricanes,517
16646169,0,01:12,10:57,,,981,K'Andre,2026020001,#C8102E,Miller,3,8480817,25,09:45,CAR,12,Carolina Hurricanes,517
16646170,0,00:07,11:07,,,997,K'Andre,2026020001,#C8102E,Miller,3,8480817,26,11:00,CAR,12,Carolina Hurricanes,517
16646374,0,01:01,13:45,,,1064,K'Andre,2026020001,#C8102E,Miller,3,8480817,27,12:44,CAR,12,Carolina Hurricanes,517
16646375,0,01:45,16:00,,,1090,K'Andre,2026020001,#C8102E,Miller,3,8480817,28,14:15,CAR,12,Carolina Hurricanes,517
16646376,0,00:51,19:10,,,1139,K'Andre,2026020001,#C8102E,Miller,3,8480817,29,18:19,CAR,12,Carolina Hurricanes,517
16646493,0,01:02,02:28,,,1185,K'Andre,2026020001,#C8102E,Miller,4,8480817,30,01:26,CAR,12,Carolina Hurricanes,517
16646494,0,00:45,04:55,,,1205,K'Andre,2026020001,#C8102E,Miller,4,8480817,31,04:10,CAR,12,Carolina Hurricanes,517
16645544,0,00:35,01:19,,,62,Andrei,2026020001,#C8102E,Svechnikov,1,8480830,1,00:44,CAR,12,Carolina Hurricanes,517
16645627,0,00:49,04:25,,,101,Andrei,2026020001,#C8102E,Svechnikov,1,8480830,2,03:36,CAR,12,Carolina Hurricanes,517
16645628,0,00:34,06:33,,,142,Andrei,2026020001,#C8102E,Svechnikov,1,8480830,3,05:59,CAR,12,Carolina Hurricanes,517
16645629,0,00:31,08:32,,,171,Andrei,2026020001,#C8102E,Svechnikov,1,8480830,4,08:01,CAR,12,Carolina Hurricanes,517
16645721,0,00:23,13:36,,,250,Andrei,2026020001,#C8102E,Svechnikov,1,8480830,5,13:13,CAR,12,Carolina Hurricanes,517
16645722,0,00:55,17:29,,,348,Andrei,2026020001,#C8102E,Svechnikov,1,8480830,6,16:34,CAR,12,Carolina Hurricanes,517
16645762,0,00:42,18:43,,,473,Andrei,2026020001,#C8102E,Svechnikov,1,8480830,7,18:01,CAR,12,Carolina Hurricanes,517
16645803,0,00:36,01:19,,,523,Andrei,2026020001,#C8102E,Svechnikov,2,8480830,8,00:43,CAR,12,Carolina Hurricanes,517
16645804,0,00:22,02:25,,,545,Andrei,2026020001,#C8102E,Svechnikov,2,8480830,9,02:03,CAR,12,Carolina Hurricanes,517
16645880,0,00:16,04:41,,,584,Andrei,2026020001,#C8102E,Svechnikov,2,8480830,10,04:25,CAR,12,Carolina Hurricanes,517
16645881,0,01:26,07:06,,,607,Andrei,2026020001,#C8102E,Svechnikov,2,8480830,11,05:40,CAR,12,Carolina Hurricanes,517
16645882,0,02:11,10:23,,,633,Andrei,2026020001,#C8102E,Svechnikov,2,8480830,12,08:12,CAR,12,Carolina Hurricanes,517
16645965,0,00:42,15:03,,,723,Andrei,2026020001,#C8102E,Svechnikov,2,8480830,13,14:21,CAR,12,Carolina Hurricanes,517
16646006,0,01:43,18:45,,,756,Andrei,2026020001,#C8102E,Svechnikov,2,8480830,14,17:02,CAR,12,Carolina Hurricanes,517
16646048,0,00:21,03:51,,,843,Andrei,2026020001,#C8102E,Svechnikov,3,8480830,15,03:30,CAR,12,Carolina Hurricanes,517
16646171,0,00:42,05:25,,,860,Andrei,2026020001,#C8102E,Svechnikov,3,8480830,16,04:43,CAR,12,Carolina Hurricanes,517
16646172,0,00:40,09:39,,,968,Andrei,2026020001,#C8102E,Svechnikov,3,8480830,17,08:59,CAR,12,Carolina Hurricanes,517
16646173,0,00:48,11:10,,,986,Andrei,2026020001,#C8102E,Svechnikov,3,8480830,18,10:22,CAR,12,Carolina Hurricanes,517
16646377,0,01:00,18:26,,,1126,Andrei,2026020001,#C8102E,Svechnikov,3,8480830,19,17:26,CAR,12,Carolina Hurricanes,517
16646495,0,00:37,01:49,,,1179,Andrei,2026020001,#C8102E,Svechnikov,4,8480830,20,01:12,CAR,12,Carolina Hurricanes,517
16646496,0,00:28,04:42,,,1206,Andrei,2026020001,#C8102E,Svechnikov,4,8480830,21,04:14,CAR,12,Carolina Hurricanes,517
16645545,0,00:32,01:53,,,73,Anton,2026020001,#041E42,Lundell,1,8482113,1,01:21,FLA,13,Florida Panthers,517
16645630,0,00:44,05:08,,,115,Anton,2026020001,#041E42,Lundell,1,8482113,2,04:24,FLA,13,Florida Panthers,517
16645631,0,00:37,07:57,,,162,Anton,2026020001,#041E42,Lundell,1,8482113,3,07:20,FLA,13,Florida Panthers,517
16645632,0,00:49,10:50,,,200,Anton,2026020001,#041E42,Lundell,1,8482113,4,10:01,FLA,13,Florida Panthers,517
16645723,0,00:19,11:28,,,221,Anton,2026020001,#041E42,Lundell,1,8482113,5,11:09,FLA,13,Florida Panthers,517
16645724,0,01:27,15:57,,,326,Anton,2026020001,#041E42,Lundell,1,8482113,6,14:30,FLA,13,Florida Panthers,517
16645763,0,00:29,20:00,,,494,Anton,2026020001,#041E42,Lundell,1,8482113,7,19:31,FLA,13,Florida Panthers,517
16645805,0,00:40,02:03,,,531,Anton,2026020001,#041E42,Lundell,2,8482113,8,01:23,FLA,13,Florida Panthers,517
16645883,0,00:32,05:40,,,594,Anton,2026020001,#041E42,Lundell,2,8482113,9,05:08,FLA,13,Florida Panthers,517
16645884,0,00:58,07:06,,,613,Anton,2026020001,#041E42,Lundell,2,8482113,10,06:08,FLA,13,Florida Panthers,517
16645885,0,00:27,09:45,,,653,Anton,2026020001,#041E42,Lundell,2,8482113,11,09:18,FLA,13,Florida Panthers,517
16645886,0,00:09,10:28,,,662,Anton,2026020001,#041E42,Lundell,2,8482113,12,10:19,FLA,13,Florida Panthers,517
16645966,0,01:38,13:17,,,687,Anton,2026020001,#041E42,Lundell,2,8482113,13,11:39,FLA,13,Florida Panthers,517
16645967,0,01:02,16:16,,,732,Anton,2026020001,#041E42,Lundell,2,8482113,14,15:14,FLA,13,Florida Panthers,517
16646007,0,01:14,18:44,,,765,Anton,2026020001,#041E42,Lundell,2,8482113,15,17:30,FLA,13,Florida Panthers,517
16646049,0,01:09,02:15,,,811,Anton,2026020001,#041E42,Lundell,3,8482113,16,01:06,FLA,13,Florida Panthers,517
16646174,0,00:48,06:50,,,879,Anton,2026020001,#041E42,Lundell,3,8482113,17,06:02,FLA,13,Florida Panthers,517
16646175,0,01:23,08:56,,,959,Anton,2026020001,#041E42,Lundell,3,8482113,18,07:33,FLA,13,Florida Panthers,517
16646176,0,00:31,11:31,,,996,Anton,2026020001,#041E42,Lundell,3,8482113,19,11:00,FLA,13,Florida Panthers,517
16646378,0,01:10,16:02,,,1096,Anton,2026020001,#041E42,Lundell,3,8482113,20,14:52,FLA,13,Florida Panthers,517
16646379,0,00:28,18:49,,,1142,Anton,2026020001,#041E42,Lundell,3,8482113,21,18:21,FLA,13,Florida Panthers,517
16646380,0,00:14,20:00,,,1162,Anton,2026020001,#041E42,Lundell,3,8482113,22,19:46,FLA,13,Florida Panthers,517
16646497,0,00:43,02:48,,,1190,Anton,2026020001,#041E42,Lundell,4,8482113,23,02:05,FLA,13,Florida Panthers,517
16646498,0,00:59,04:47,,,1203,Anton,2026020001,#041E42,Lundell,4,8482113,24,03:48,FLA,13,Florida Panthers,517
16645546,0,00:46,02:06,,,71,Logan,2026020001,#C8102E,Stankoven,1,8482702,1,01:20,CAR,12,Carolina Hurricanes,517
16645633,0,01:00,05:25,,,114,Logan,2026020001,#C8102E,Stankoven,1,8482702,2,04:25,CAR,12,Carolina Hurricanes,517
16645634,0,00:35,08:08,,,165,Logan,2026020001,#C8102E,Stankoven,1,8482702,3,07:33,CAR,12,Carolina Hurricanes,517
16645635,0,00:36,09:49,,,193,Logan,2026020001,#C8102E,Stankoven,1,8482702,4,09:13,CAR,12,Carolina Hurricanes,517
16645725,0,01:03,11:28,,,204,Logan,2026020001,#C8102E,Stankoven,1,8482702,5,10:25,CAR,12,Carolina Hurricanes,517
16645726,0,00:25,14:28,,,322,Logan,2026020001,#C8102E,Stankoven,1,8482702,6,14:03,CAR,12,Carolina Hurricanes,517
16645727,0,00:54,16:36,,,337,Logan,2026020001,#C8102E,Stankoven,1,8482702,7,15:42,CAR,12,Carolina Hurricanes,517
16645764,0,00:30,20:00,,,491,Logan,2026020001,#C8102E,Stankoven,1,8482702,8,19:30,CAR,12,Carolina Hurricanes,517
16645806,0,00:27,02:03,,,533,Logan,2026020001,#C8102E,Stankoven,2,8482702,9,01:36,CAR,12,Carolina Hurricanes,517
16645887,0,00:29,05:40,,,593,Logan,2026020001,#C8102E,Stankoven,2,8482702,10,05:11,CAR,12,Carolina Hurricanes,517
16645888,0,01:06,08:12,,,618,Logan,2026020001,#C8102E,Stankoven,2,8482702,11,07:06,CAR,12,Carolina Hurricanes,517
16645889,0,00:03,10:28,,,667,Logan,2026020001,#C8102E,Stankoven,2,8482702,12,10:25,CAR,12,Carolina Hurricanes,517
16645968,0,00:51,12:07,,,683,Logan,2026020001,#C8102E,Stankoven,2,8482702,13,11:16,CAR,12,Carolina Hurricanes,517
16645969,0,00:10,12:34,,,698,Logan,2026020001,#C8102E,Stankoven,2,8482702,14,12:24,CAR,12,Carolina Hurricanes,517
16645970,0,00:49,13:29,,,704,Logan,2026020001,#C8102E,Stankoven,2,8482702,15,12:40,CAR,12,Carolina Hurricanes,517
16645971,0,01:07,16:16,,,730,Logan,2026020001,#C8102E,Stankoven,2,8482702,16,15:09,CAR,12,Carolina Hurricanes,517
16646008,0,00:41,19:28,,,782,Logan,2026020001,#C8102E,Stankoven,2,8482702,17,18:47,CAR,12,Carolina Hurricanes,517
16646050,0,00:33,01:23,,,807,Logan,2026020001,#C8102E,Stankoven,3,8482702,18,00:50,CAR,12,Carolina Hurricanes,517
16646051,0,01:15,03:31,,,826,Logan,2026020001,#C8102E,Stankoven,3,8482702,19,02:16,CAR,12,Carolina Hurricanes,517
16646177,0,01:01,06:19,,,871,Logan,2026020001,#C8102E,Stankoven,3,8482702,20,05:18,CAR,12,Carolina Hurricanes,517
16646178,0,01:54,08:59,,,955,Logan,2026020001,#C8102E,Stankoven,3,8482702,21,07:05,CAR,12,Carolina Hurricanes,517
16646179,0,00:41,13:33,,,1067,Logan,2026020001,#C8102E,Stankoven,3,8482702,22,12:52,CAR,12,Carolina Hurricanes,517
16646381,0,00:28,14:43,,,1090,Logan,2026020001,#C8102E,Stankoven,3,8482702,23,14:15,CAR,12,Carolina Hurricanes,517
16646382,0,00:50,16:49,,,1104,Logan,2026020001,#C8102E,Stankoven,3,8482702,24,15:59,CAR,12,Carolina Hurricanes,517
16646383,0,00:35,18:55,,,1140,Logan,2026020001,#C8102E,Stankoven,3,8482702,25,18:20,CAR,12,Carolina Hurricanes,517
16646499,0,01:05,03:01,,,1187,Logan,2026020001,#C8102E,Stankoven,4,8482702,26,01:56,CAR,12,Carolina Hurricanes,517
16645547,0,00:39,02:08,,,75,Jackson,2026020001,#C8102E,Blake,1,8482809,1,01:29,CAR,12,Carolina Hurricanes,517
16645636,0,00:42,05:15,,,120,Jackson,2026020001,#C8102E,Blake,1,8482809,2,04:33,CAR,12,Carolina Hurricanes,517
16645637,0,00:47,08:07,,,163,Jackson,2026020001,#C8102E,Blake,1,8482809,3,07:20,CAR,12,Carolina Hurricanes,517
16645728,0,01:05,11:28,,,202,Jackson,2026020001,#C8102E,Blake,1,8482809,4,10:23,CAR,12,Carolina Hurricanes,517
16645729,0,00:54,16:36,,,337,Jackson,2026020001,#C8102E,Blake,1,8482809,5,15:42,CAR,12,Carolina Hurricanes,517
16645765,0,00:28,20:00,,,495,Jackson,2026020001,#C8102E,Blake,1,8482809,6,19:32,CAR,12,Carolina Hurricanes,517
16645807,0,00:48,02:25,,,534,Jackson,2026020001,#C8102E,Blake,2,8482809,7,01:37,CAR,12,Carolina Hurricanes,517
16645890,0,01:54,07:06,,,596,Jackson,2026020001,#C8102E,Blake,2,8482809,8,05:12,CAR,12,Carolina Hurricanes,517
16645891,0,02:14,10:26,,,633,Jackson,2026020001,#C8102E,Blake,2,8482809,9,08:12,CAR,12,Carolina Hurricanes,517
16645972,0,00:45,13:13,,,699,Jackson,2026020001,#C8102E,Blake,2,8482809,10,12:28,CAR,12,Carolina Hurricanes,517
16645973,0,01:06,16:16,,,731,Jackson,2026020001,#C8102E,Blake,2,8482809,11,15:10,CAR,12,Carolina Hurricanes,517
16646009,0,01:45,18:47,,,756,Jackson,2026020001,#C8102E,Blake,2,8482809,12,17:02,CAR,12,Carolina Hurricanes,517
16646052,0,01:09,03:30,,,829,Jackson,2026020001,#C8102E,Blake,3,8482809,13,02:21,CAR,12,Carolina Hurricanes,517
16646180,0,00:59,06:19,,,872,Jackson,2026020001,#C8102E,Blake,3,8482809,14,05:20,CAR,12,Carolina Hurricanes,517
16646181,0,01:54,08:59,,,955,Jackson,2026020001,#C8102E,Blake,3,8482809,15,07:05,CAR,12,Carolina Hurricanes,517
16646182,0,00:49,13:33,,,1064,Jackson,2026020001,#C8102E,Blake,3,8482809,16,12:44,CAR,12,Carolina Hurricanes,517
16646384,0,01:07,17:07,,,1106,Jackson,2026020001,#C8102E,Blake,3,8482809,17,16:00,CAR,12,Carolina Hurricanes,517
16646385,0,00:34,18:54,,,1140,Jackson,2026020001,#C8102E,Blake,3,8482809,18,18:20,CAR,12,Carolina Hurricanes,517
16646500,0,00:42,01:56,,,1181,Jackson,2026020001,#C8102E,Blake,4,8482809,19,01:14,CAR,12,Carolina Hurricanes,517
16646501,0,01:17,04:55,,,1201,Jackson,2026020001,#C8102E,Blake,4,8482809,20,03:38,CAR,12,Carolina Hurricanes,517
16645548,0,20:00,20:00,,,6,Brandon,2026020001,#C8102E,Bussi,1,8483548,1,00:00,CAR,12,Carolina Hurricanes,517
16645808,0,20:00,20:00,,,513,Brandon,2026020001,#C8102E,Bussi,2,8483548,2,00:00,CAR,12,Carolina Hurricanes,517
16646053,0,20:00,20:00,,,802,Brandon,2026020001,#C8102E,Bussi,3,8483548,3,00:00,CAR,12,Carolina Hurricanes,517
16646386,0,04:55,04:55,,,1167,Brandon,2026020001,#C8102E,Bussi,4,8483548,4,00:00,CAR,12,Carolina Hurricanes,517
16645549,0,00:34,02:02,,,74,Sandis,2026020001,#041E42,Vilmanis,1,8483771,1,01:28,FLA,13,Florida Panthers,517
16645638,0,00:43,05:16,,,119,Sandis,2026020001,#041E42,Vilmanis,1,8483771,2,04:33,FLA,13,Florida Panthers,517
16645639,0,00:41,08:01,,,162,Sandis,2026020001,#041E42,Vilmanis,1,8483771,3,07:20,FLA,13,Florida Panthers,517
16645730,0,00:38,11:28,,,213,Sandis,2026020001,#041E42,Vilmanis,1,8483771,4,10:50,FLA,13,Florida Panthers,517
16645731,0,00:43,16:41,,,342,Sandis,2026020001,#041E42,Vilmanis,1,8483771,5,15:58,FLA,13,Florida Panthers,517
16645766,0,00:30,20:00,,,490,Sandis,2026020001,#041E42,Vilmanis,1,8483771,6,19:30,FLA,13,Florida Panthers,517
16645809,0,00:47,02:03,,,529,Sandis,2026020001,#041E42,Vilmanis,2,8483771,7,01:16,FLA,13,Florida Panthers,517
16645892,0,00:07,05:40,,,600,Sandis,2026020001,#041E42,Vilmanis,2,8483771,8,05:33,FLA,13,Florida Panthers,517
16645974,0,00:44,13:18,,,702,Sandis,2026020001,#041E42,Vilmanis,2,8483771,9,12:34,FLA,13,Florida Panthers,517
16645975,0,01:00,16:16,,,733,Sandis,2026020001,#041E42,Vilmanis,2,8483771,10,15:16,FLA,13,Florida Panthers,517
16646054,0,01:33,03:51,,,823,Sandis,2026020001,#041E42,Vilmanis,3,8483771,11,02:18,FLA,13,Florida Panthers,517
16646183,0,00:50,06:50,,,878,Sandis,2026020001,#041E42,Vilmanis,3,8483771,12,06:00,FLA,13,Florida Panthers,517
16646184,0,00:34,11:34,,,996,Sandis,2026020001,#041E42,Vilmanis,3,8483771,13,11:00,FLA,13,Florida Panthers,517
16646387,0,00:51,17:14,,,1111,Sandis,2026020001,#041E42,Vilmanis,3,8483771,14,16:23,FLA,13,Florida Panthers,517
16646388,0,00:45,18:49,,,1136,Sandis,2026020001,#041E42,Vilmanis,3,8483771,15,18:04,FLA,13,Florida Panthers,517
16646389,0,00:23,20:00,,,1158,Sandis,2026020001,#041E42,Vilmanis,3,8483771,16,19:37,FLA,13,Florida Panthers,517
16645550,0,00:40,02:53,,,85,Charles Alexis,2026020001,#C8102E,Legault,1,8484428,1,02:13,CAR,12,Carolina Hurricanes,517
16645640,0,00:20,04:33,,,109,Charles Alexis,2026020001,#C8102E,Legault,1,8484428,2,04:13,CAR,12,Carolina Hurricanes,517
16645641,0,00:49,05:55,,,129,Charles Alexis,2026020001,#C8102E,Legault,1,8484428,3,05:06,CAR,12,Carolina Hurricanes,517
16645642,0,00:29,07:49,,,163,Charles Alexis,2026020001,#C8102E,Legault,1,8484428,4,07:20,CAR,12,Carolina Hurricanes,517
16645643,0,00:37,09:50,,,193,Charles Alexis,2026020001,#C8102E,Legault,1,8484428,5,09:13,CAR,12,Carolina Hurricanes,517
16645644,0,00:37,11:04,,,205,Charles Alexis,2026020001,#C8102E,Legault,1,8484428,6,10:27,CAR,12,Carolina Hurricanes,517
16645732,0,01:02,12:11,,,223,Charles Alexis,2026020001,#C8102E,Legault,1,8484428,7,11:09,CAR,12,Carolina Hurricanes,517
16645733,0,00:27,16:09,,,337,Charles Alexis,2026020001,#C8102E,Legault,1,8484428,8,15:42,CAR,12,Carolina Hurricanes,517
16645767,0,00:16,20:00,,,498,Charles Alexis,2026020001,#C8102E,Legault,1,8484428,9,19:44,CAR,12,Carolina Hurricanes,517
16645810,0,00:24,02:03,,,536,Charles Alexis,2026020001,#C8102E,Legault,2,8484428,10,01:39,CAR,12,Carolina Hurricanes,517
16645893,0,00:55,05:40,,,590,Charles Alexis,2026020001,#C8102E,Legault,2,8484428,11,04:45,CAR,12,Carolina Hurricanes,517
16645976,0,01:05,13:39,,,703,Charles Alexis,2026020001,#C8102E,Legault,2,8484428,12,12:34,CAR,12,Carolina Hurricanes,517
16645977,0,00:36,16:16,,,739,Charles Alexis,2026020001,#C8102E,Legault,2,8484428,13,15:40,CAR,12,Carolina Hurricanes,517
16646055,0,00:32,01:23,,,808,Charles Alexis,2026020001,#C8102E,Legault,3,8484428,14,00:51,CAR,12,Carolina Hurricanes,517
16646056,0,00:40,02:57,,,827,Charles Alexis,2026020001,#C8102E,Legault,3,8484428,15,02:17,CAR,12,Carolina Hurricanes,517
16646185,0,01:01,07:05,,,881,Charles Alexis,2026020001,#C8102E,Legault,3,8484428,16,06:04,CAR,12,Carolina Hurricanes,517
16646186,0,01:37,12:44,,,998,Charles Alexis,2026020001,#C8102E,Legault,3,8484428,17,11:07,CAR,12,Carolina Hurricanes,517
16646390,0,00:33,16:32,,,1104,Charles Alexis,2026020001,#C8102E,Legault,3,8484428,18,15:59,CAR,12,Carolina Hurricanes,517
16646057,0,00:05,00:48,,,60,John,2026020002,#00205B,Tavares,1,8475166,1,00:43,TOR,10,Toronto Maple Leafs,517
16646187,0,00:56,02:18,,,75,John,2026020002,#00205B,Tavares,1,8475166,2,01:22,TOR,10,Toronto Maple Leafs,517
16646188,0,00:40,04:10,,,107,John,2026020002,#00205B,Tavares,1,8475166,3,03:30,TOR,10,Toronto Maple Leafs,517
16646189,0,01:07,07:52,,,149,John,2026020002,#00205B,Tavares,1,8475166,4,06:45,TOR,10,Toronto Maple Leafs,517
16646391,0,01:06,12:48,,,216,John,2026020002,#00205B,Tavares,1,8475166,5,11:42,TOR,10,Toronto Maple Leafs,517
16646392,0,01:16,16:48,,,309,John,2026020002,#00205B,Tavares,1,8475166,6,15:32,TOR,10,Toronto Maple Leafs,517
16646502,0,00:53,20:00,,,366,John,2026020002,#00205B,Tavares,1,8475166,7,19:07,TOR,10,Toronto Maple Leafs,517
16646534,0,00:47,01:06,,,395,John,2026020002,#00205B,Tavares,2,8475166,8,00:19,TOR,10,Toronto Maple Leafs,517
16646678,0,00:40,04:52,,,491,John,2026020002,#00205B,Tavares,2,8475166,9,04:12,TOR,10,Toronto Maple Leafs,517
16646679,0,00:37,08:27,,,644,John,2026020002,#00205B,Tavares,2,8475166,10,07:50,TOR,10,Toronto Maple Leafs,517
16646851,0,00:45,11:50,,,685,John,2026020002,#00205B,Tavares,2,8475166,11,11:05,TOR,10,Toronto Maple Leafs,517
16646852,0,00:33,17:40,,,773,John,2026020002,#00205B,Tavares,2,8475166,12,17:07,TOR,10,Toronto Maple Leafs,517
16646853,0,01:08,18:53,,,790,John,2026020002,#00205B,Tavares,2,8475166,13,17:45,TOR,10,Toronto Maple Leafs,517
16647039,0,00:40,01:26,,,823,John,2026020002,#00205B,Tavares,3,8475166,14,00:46,TOR,10,Toronto Maple Leafs,517
16647040,0,00:26,04:06,,,863,John,2026020002,#00205B,Tavares,3,8475166,15,03:40,TOR,10,Toronto Maple Leafs,517
16647229,0,00:44,07:01,,,900,John,2026020002,#00205B,Tavares,3,8475166,16,06:17,TOR,10,Toronto Maple Leafs,517
16647230,0,01:13,10:29,,,940,John,2026020002,#00205B,Tavares,3,8475166,17,09:16,TOR,10,Toronto Maple Leafs,517
16647231,0,00:33,13:12,,,1041,John,2026020002,#00205B,Tavares,3,8475166,18,12:39,TOR,10,Toronto Maple Leafs,517
16647420,0,00:25,15:46,,,1083,John,2026020002,#00205B,Tavares,3,8475166,19,15:21,TOR,10,Toronto Maple Leafs,517
16647421,0,00:30,16:50,,,1097,John,2026020002,#00205B,Tavares,3,8475166,20,16:20,TOR,10,Toronto Maple Leafs,517
16647422,0,01:32,20:00,,,1124,John,2026020002,#00205B,Tavares,3,8475166,21,18:28,TOR,10,Toronto Maple Leafs,517
16646190,0,01:10,02:18,,,69,Oliver,2026020002,#00205B,Ekman-Larsson,1,8475171,1,01:08,TOR,10,Toronto Maple Leafs,517
16646191,0,01:03,04:33,,,107,Oliver,2026020002,#00205B,Ekman-Larsson,1,8475171,2,03:30,TOR,10,Toronto Maple Leafs,517
16646192,0,00:23,05:31,,,126,Oliver,2026020002,#00205B,Ekman-Larsson,1,8475171,3,05:08,TOR,10,Toronto Maple Leafs,517
16646193,0,00:25,06:45,,,143,Oliver,2026020002,#00205B,Ekman-Larsson,1,8475171,4,06:20,TOR,10,Toronto Maple Leafs,517
16646194,0,01:12,09:45,,,171,Oliver,2026020002,#00205B,Ekman-Larsson,1,8475171,5,08:33,TOR,10,Toronto Maple Leafs,517
16646393,0,00:25,10:53,,,194,Oliver,2026020002,#00205B,Ekman-Larsson,1,8475171,6,10:28,TOR,10,Toronto Maple Leafs,517
16646394,0,00:22,14:23,,,240,Oliver,2026020002,#00205B,Ekman-Larsson,1,8475171,7,14:01,TOR,10,Toronto Maple Leafs,517
16646395,0,00:47,16:44,,,313,Oliver,2026020002,#00205B,Ekman-Larsson,1,8475171,8,15:57,TOR,10,Toronto Maple Leafs,517
16646503,0,00:50,18:25,,,341,Oliver,2026020002,#00205B,Ekman-Larsson,1,8475171,9,17:35,TOR,10,Toronto Maple Leafs,517
16646535,0,00:52,01:43,,,452,Oliver,2026020002,#00205B,Ekman-Larsson,2,8475171,10,00:51,TOR,10,Toronto Maple Leafs,517
16646536,0,00:52,04:26,,,486,Oliver,2026020002,#00205B,Ekman-Larsson,2,8475171,11,03:34,TOR,10,Toronto Maple Leafs,517
16646680,0,00:44,06:29,,,619,Oliver,2026020002,#00205B,Ekman-Larsson,2,8475171,12,05:45,TOR,10,Toronto Maple Leafs,517
16646681,0,00:17,08:44,,,653,Oliver,2026020002,#00205B,Ekman-Larsson,2,8475171,13,08:27,TOR,10,Toronto Maple Leafs,517
16646682,0,00:41,11:03,,,675,Oliver,2026020002,#00205B,Ekman-Larsson,2,8475171,14,10:22,TOR,10,Toronto Maple Leafs,517
16646854,0,00:42,12:41,,,699,Oliver,2026020002,#00205B,Ekman-Larsson,2,8475171,15,11:59,TOR,10,Toronto Maple Leafs,517
16646855,0,00:39,14:06,,,725,Oliver,2026020002,#00205B,Ekman-Larsson,2,8475171,16,13:27,TOR,10,Toronto Maple Leafs,517
16646856,0,00:47,15:46,,,743,Oliver,2026020002,#00205B,Ekman-Larsson,2,8475171,17,14:59,TOR,10,Toronto Maple Leafs,517
16646857,0,00:39,17:40,,,771,Oliver,2026020002,#00205B,Ekman-Larsson,2,8475171,18,17:01,TOR,10,Toronto Maple Leafs,517
16647041,0,00:36,02:02,,,833,Oliver,2026020002,#00205B,Ekman-Larsson,3,8475171,19,01:26,TOR,10,Toronto Maple Leafs,517
16647042,0,00:53,04:59,,,869,Oliver,2026020002,#00205B,Ekman-Larsson,3,8475171,20,04:06,TOR,10,Toronto Maple Leafs,517
16647232,0,00:29,06:46,,,900,Oliver,2026020002,#00205B,Ekman-Larsson,3,8475171,21,06:17,TOR,10,Toronto Maple Leafs,517
16647233,0,00:08,09:09,,,931,Oliver,2026020002,#00205B,Ekman-Larsson,3,8475171,22,09:01,TOR,10,Toronto Maple Leafs,517
16647234,0,00:53,12:37,,,1027,Oliver,2026020002,#00205B,Ekman-Larsson,3,8475171,23,11:44,TOR,10,Toronto Maple Leafs,517
16647423,0,00:41,14:46,,,1062,Oliver,2026020002,#00205B,Ekman-Larsson,3,8475171,24,14:05,TOR,10,Toronto Maple Leafs,517
16647424,0,00:25,15:46,,,1083,Oliver,2026020002,#00205B,Ekman-Larsson,3,8475171,25,15:21,TOR,10,Toronto Maple Leafs,517
16647425,0,01:12,18:32,,,1112,Oliver,2026020002,#00205B,Ekman-Larsson,3,8475171,26,17:20,TOR,10,Toronto Maple Leafs,517
16646058,0,00:24,00:24,,,7,Chris,2026020002,#A6192E,Kreider,1,8475184,1,00:00,MTL,8,MontrÃ©al Canadiens,517
16646195,0,00:56,03:30,,,94,Chris,2026020002,#A6192E,Kreider,1,8475184,2,02:34,MTL,8,MontrÃ©al Canadiens,517
16646196,0,00:48,06:20,,,135,Chris,2026020002,#A6192E,Kreider,1,8475184,3,05:32,MTL,8,MontrÃ©al Canadiens,517
16646197,0,00:47,10:32,,,186,Chris,2026020002,#A6192E,Kreider,1,8475184,4,09:45,MTL,8,MontrÃ©al Canadiens,517
16646396,0,00:28,12:10,,,215,Chris,2026020002,#A6192E,Kreider,1,8475184,5,11:42,MTL,8,MontrÃ©al Canadiens,517
16646397,0,00:57,14:26,,,233,Chris,2026020002,#A6192E,Kreider,1,8475184,6,13:29,MTL,8,MontrÃ©al Canadiens,517
16646504,0,01:19,18:26,,,330,Chris,2026020002,#A6192E,Kreider,1,8475184,7,17:07,MTL,8,MontrÃ©al Canadiens,517
16646537,0,00:19,00:19,,,388,Chris,2026020002,#A6192E,Kreider,2,8475184,8,00:00,MTL,8,MontrÃ©al Canadiens,517
16646538,0,01:13,04:17,,,481,Chris,2026020002,#A6192E,Kreider,2,8475184,9,03:04,MTL,8,MontrÃ©al Canadiens,517
16646683,0,00:49,07:30,,,629,Chris,2026020002,#A6192E,Kreider,2,8475184,10,06:41,MTL,8,MontrÃ©al Canadiens,517
16646858,0,00:45,11:50,,,684,Chris,2026020002,#A6192E,Kreider,2,8475184,11,11:05,MTL,8,MontrÃ©al Canadiens,517
16646859,0,00:48,17:10,,,764,Chris,2026020002,#A6192E,Kreider,2,8475184,12,16:22,MTL,8,MontrÃ©al Canadiens,517
16646860,0,00:05,17:45,,,782,Chris,2026020002,#A6192E,Kreider,2,8475184,13,17:40,MTL,8,MontrÃ©al Canadiens,517
16647043,0,00:50,00:50,,,814,Chris,2026020002,#A6192E,Kreider,3,8475184,14,00:00,MTL,8,MontrÃ©al Canadiens,517
16647044,0,00:36,03:40,,,856,Chris,2026020002,#A6192E,Kreider,3,8475184,15,03:04,MTL,8,MontrÃ©al Canadiens,517
16647235,0,00:39,06:17,,,891,Chris,2026020002,#A6192E,Kreider,3,8475184,16,05:38,MTL,8,MontrÃ©al Canadiens,517
16647236,0,01:03,09:15,,,924,Chris,2026020002,#A6192E,Kreider,3,8475184,17,08:12,MTL,8,MontrÃ©al Canadiens,517
16647237,0,00:28,11:48,,,1019,Chris,2026020002,#A6192E,Kreider,3,8475184,18,11:20,MTL,8,MontrÃ©al Canadiens,517
16647238,0,00:35,14:07,,,1054,Chris,2026020002,#A6192E,Kreider,3,8475184,19,13:32,MTL,8,MontrÃ©al Canadiens,517
16647426,0,00:32,16:18,,,1091,Chris,2026020002,#A6192E,Kreider,3,8475184,20,15:46,MTL,8,MontrÃ©al Canadiens,517
16646059,0,20:00,20:00,,,6,Sergei,2026020002,#00205B,Bobrovsky,1,8475683,1,00:00,TOR,10,Toronto Maple Leafs,517
16646539,0,20:00,20:00,,,387,Sergei,2026020002,#00205B,Bobrovsky,2,8475683,2,00:00,TOR,10,Toronto Maple Leafs,517
16647045,0,18:45,18:45,,,813,Sergei,2026020002,#00205B,Bobrovsky,3,8475683,3,00:00,TOR,10,Toronto Maple Leafs,517
16646060,0,00:25,00:25,,,6,Chris,2026020002,#00205B,Tanev,1,8475690,1,00:00,TOR,10,Toronto Maple Leafs,517
16646198,0,00:24,02:42,,,89,Chris,2026020002,#00205B,Tanev,1,8475690,2,02:18,TOR,10,Toronto Maple Leafs,517
16646199,0,00:50,04:20,,,107,Chris,2026020002,#00205B,Tanev,1,8475690,3,03:30,TOR,10,Toronto Maple Leafs,517
16646200,0,00:30,06:19,,,136,Chris,2026020002,#00205B,Tanev,1,8475690,4,05:49,TOR,10,Toronto Maple Leafs,517
16646201,0,00:46,07:31,,,149,Chris,2026020002,#00205B,Tanev,1,8475690,5,06:45,TOR,10,Toronto Maple Leafs,517
16646202,0,01:12,09:45,,,171,Chris,2026020002,#00205B,Tanev,1,8475690,6,08:33,TOR,10,Toronto Maple Leafs,517
16646398,0,00:44,11:37,,,208,Chris,2026020002,#00205B,Tanev,1,8475690,7,10:53,TOR,10,Toronto Maple Leafs,517
16646399,0,00:39,14:21,,,237,Chris,2026020002,#00205B,Tanev,1,8475690,8,13:42,TOR,10,Toronto Maple Leafs,517
16646400,0,00:27,15:58,,,307,Chris,2026020002,#00205B,Tanev,1,8475690,9,15:31,TOR,10,Toronto Maple Leafs,517
16646401,0,00:29,17:14,,,326,Chris,2026020002,#00205B,Tanev,1,8475690,10,16:45,TOR,10,Toronto Maple Leafs,517
16646505,0,00:49,18:24,,,341,Chris,2026020002,#00205B,Tanev,1,8475690,11,17:35,TOR,10,Toronto Maple Leafs,517
16646506,0,00:54,20:00,,,364,Chris,2026020002,#00205B,Tanev,1,8475690,12,19:06,TOR,10,Toronto Maple Leafs,517
16646540,0,00:19,00:19,,,387,Chris,2026020002,#00205B,Tanev,2,8475690,13,00:00,TOR,10,Toronto Maple Leafs,517
16646541,0,00:31,02:18,,,462,Chris,2026020002,#00205B,Tanev,2,8475690,14,01:47,TOR,10,Toronto Maple Leafs,517
16646542,0,00:45,03:38,,,475,Chris,2026020002,#00205B,Tanev,2,8475690,15,02:53,TOR,10,Toronto Maple Leafs,517
16646684,0,00:53,05:45,,,605,Chris,2026020002,#00205B,Tanev,2,8475690,16,04:52,TOR,10,Toronto Maple Leafs,517
16646685,0,00:48,08:27,,,641,Chris,2026020002,#00205B,Tanev,2,8475690,17,07:39,TOR,10,Toronto Maple Leafs,517
16646686,0,00:47,10:24,,,667,Chris,2026020002,#00205B,Tanev,2,8475690,18,09:37,TOR,10,Toronto Maple Leafs,517
16646861,0,00:14,12:56,,,710,Chris,2026020002,#00205B,Tanev,2,8475690,19,12:42,TOR,10,Toronto Maple Leafs,517
16646862,0,00:47,14:22,,,730,Chris,2026020002,#00205B,Tanev,2,8475690,20,13:35,TOR,10,Toronto Maple Leafs,517
16646863,0,00:33,16:18,,,754,Chris,2026020002,#00205B,Tanev,2,8475690,21,15:45,TOR,10,Toronto Maple Leafs,517
16646864,0,00:05,17:45,,,783,Chris,2026020002,#00205B,Tanev,2,8475690,22,17:40,TOR,10,Toronto Maple Leafs,517
16647046,0,00:36,00:36,,,813,Chris,2026020002,#00205B,Tanev,3,8475690,23,00:00,TOR,10,Toronto Maple Leafs,517
16647047,0,00:10,02:12,,,838,Chris,2026020002,#00205B,Tanev,3,8475690,24,02:02,TOR,10,Toronto Maple Leafs,517
16647048,0,00:42,03:40,,,852,Chris,2026020002,#00205B,Tanev,3,8475690,25,02:58,TOR,10,Toronto Maple Leafs,517
16647049,0,00:29,05:28,,,878,Chris,2026020002,#00205B,Tanev,3,8475690,26,04:59,TOR,10,Toronto Maple Leafs,517
16647239,0,00:51,07:52,,,910,Chris,2026020002,#00205B,Tanev,3,8475690,27,07:01,TOR,10,Toronto Maple Leafs,517
16647240,0,00:06,09:16,,,937,Chris,2026020002,#00205B,Tanev,3,8475690,28,09:10,TOR,10,Toronto Maple Leafs,517
16647241,0,00:24,11:44,,,1020,Chris,2026020002,#00205B,Tanev,3,8475690,29,11:20,TOR,10,Toronto Maple Leafs,517
16647242,0,00:58,14:10,,,1052,Chris,2026020002,#00205B,Tanev,3,8475690,30,13:12,TOR,10,Toronto Maple Leafs,517
16647427,0,00:32,16:18,,,1092,Chris,2026020002,#00205B,Tanev,3,8475690,31,15:46,TOR,10,Toronto Maple Leafs,517
16646061,0,00:48,02:11,,,73,Phillip,2026020002,#A6192E,Danault,1,8476479,1,01:23,MTL,8,MontrÃ©al Canadiens,517
16646203,0,00:46,05:29,,,123,Phillip,2026020002,#A6192E,Danault,1,8476479,2,04:43,MTL,8,MontrÃ©al Canadiens,517
16646204,0,00:38,08:33,,,163,Phillip,2026020002,#A6192E,Danault,1,8476479,3,07:55,MTL,8,MontrÃ©al Canadiens,517
16646402,0,00:23,10:53,,,192,Phillip,2026020002,#A6192E,Danault,1,8476479,4,10:30,MTL,8,MontrÃ©al Canadiens,517
16646403,0,00:39,12:48,,,221,Phillip,2026020002,#A6192E,Danault,1,8476479,5,12:09,MTL,8,MontrÃ©al Canadiens,517
16646404,0,00:51,17:07,,,317,Phillip,2026020002,#A6192E,Danault,1,8476479,6,16:16,MTL,8,MontrÃ©al Canadiens,517
16646543,0,01:06,02:12,,,458,Phillip,2026020002,#A6192E,Danault,2,8476479,7,01:06,MTL,8,MontrÃ©al Canadiens,517
16646687,0,00:53,05:45,,,606,Phillip,2026020002,#A6192E,Danault,2,8476479,8,04:52,MTL,8,MontrÃ©al Canadiens,517
16646688,0,00:16,08:27,,,646,Phillip,2026020002,#A6192E,Danault,2,8476479,9,08:11,MTL,8,MontrÃ©al Canadiens,517
16646689,0,01:46,11:05,,,664,Phillip,2026020002,#A6192E,Danault,2,8476479,10,09:19,MTL,8,MontrÃ©al Canadiens,517
16646865,0,00:37,15:45,,,745,Phillip,2026020002,#A6192E,Danault,2,8476479,11,15:08,MTL,8,MontrÃ©al Canadiens,517
16647023,0,01:22,20:00,,,797,Phillip,2026020002,#A6192E,Danault,2,8476479,12,18:38,MTL,8,MontrÃ©al Canadiens,517
16647050,0,00:48,03:00,,,846,Phillip,2026020002,#A6192E,Danault,3,8476479,13,02:12,MTL,8,MontrÃ©al Canadiens,517
16647051,0,00:38,04:44,,,868,Phillip,2026020002,#A6192E,Danault,3,8476479,14,04:06,MTL,8,MontrÃ©al Canadiens,517
16647243,0,00:01,09:16,,,935,Phillip,2026020002,#A6192E,Danault,3,8476479,15,09:15,MTL,8,MontrÃ©al Canadiens,517
16647244,0,00:28,10:03,,,949,Phillip,2026020002,#A6192E,Danault,3,8476479,16,09:35,MTL,8,MontrÃ©al Canadiens,517
16647245,0,00:38,11:20,,,1011,Phillip,2026020002,#A6192E,Danault,3,8476479,17,10:42,MTL,8,MontrÃ©al Canadiens,517
16647246,0,00:33,13:12,,,1042,Phillip,2026020002,#A6192E,Danault,3,8476479,18,12:39,MTL,8,MontrÃ©al Canadiens,517
16647428,0,01:00,15:46,,,1075,Phillip,2026020002,#A6192E,Danault,3,8476479,19,14:46,MTL,8,MontrÃ©al Canadiens,517
16647429,0,01:16,18:20,,,1109,Phillip,2026020002,#A6192E,Danault,3,8476479,20,17:04,MTL,8,MontrÃ©al Canadiens,517
16647430,0,00:10,20:00,,,1143,Phillip,2026020002,#A6192E,Danault,3,8476479,21,19:50,MTL,8,MontrÃ©al Canadiens,517
16646062,0,00:41,01:08,,,58,Morgan,2026020002,#00205B,Rielly,1,8476853,1,00:27,TOR,10,Toronto Maple Leafs,517
16646205,0,00:56,03:30,,,93,Morgan,2026020002,#00205B,Rielly,1,8476853,2,02:34,TOR,10,Toronto Maple Leafs,517
16646206,0,00:35,05:08,,,120,Morgan,2026020002,#00205B,Rielly,1,8476853,3,04:33,TOR,10,Toronto Maple Leafs,517
16646207,0,00:49,06:20,,,134,Morgan,2026020002,#00205B,Rielly,1,8476853,4,05:31,TOR,10,Toronto Maple Leafs,517
16646208,0,01:02,08:33,,,156,Morgan,2026020002,#00205B,Rielly,1,8476853,5,07:31,TOR,10,Toronto Maple Leafs,517
16646209,0,00:45,10:30,,,187,Morgan,2026020002,#00205B,Rielly,1,8476853,6,09:45,TOR,10,Toronto Maple Leafs,517
16646405,0,00:45,11:38,,,208,Morgan,2026020002,#00205B,Rielly,1,8476853,7,10:53,TOR,10,Toronto Maple Leafs,517
16646406,0,01:12,14:00,,,229,Morgan,2026020002,#00205B,Rielly,1,8476853,8,12:48,TOR,10,Toronto Maple Leafs,517
16646407,0,00:28,15:57,,,306,Morgan,2026020002,#00205B,Rielly,1,8476853,9,15:29,TOR,10,Toronto Maple Leafs,517
16646408,0,00:21,17:35,,,332,Morgan,2026020002,#00205B,Rielly,1,8476853,10,17:14,TOR,10,Toronto Maple Leafs,517
16646507,0,00:41,19:06,,,353,Morgan,2026020002,#00205B,Rielly,1,8476853,11,18:25,TOR,10,Toronto Maple Leafs,517
16646544,0,00:32,00:51,,,395,Morgan,2026020002,#00205B,Rielly,2,8476853,12,00:19,TOR,10,Toronto Maple Leafs,517
16646545,0,00:36,02:54,,,473,Morgan,2026020002,#00205B,Rielly,2,8476853,13,02:18,TOR,10,Toronto Maple Leafs,517
16646690,0,00:26,04:52,,,499,Morgan,2026020002,#00205B,Rielly,2,8476853,14,04:26,TOR,10,Toronto Maple Leafs,517
16646691,0,01:09,07:39,,,627,Morgan,2026020002,#00205B,Rielly,2,8476853,15,06:30,TOR,10,Toronto Maple Leafs,517
16646692,0,00:41,09:25,,,654,Morgan,2026020002,#00205B,Rielly,2,8476853,16,08:44,TOR,10,Toronto Maple Leafs,517
16646866,0,00:55,11:58,,,682,Morgan,2026020002,#00205B,Rielly,2,8476853,17,11:03,TOR,10,Toronto Maple Leafs,517
16646867,0,00:31,13:27,,,717,Morgan,2026020002,#00205B,Rielly,2,8476853,18,12:56,TOR,10,Toronto Maple Leafs,517
16646868,0,00:53,14:59,,,735,Morgan,2026020002,#00205B,Rielly,2,8476853,19,14:06,TOR,10,Toronto Maple Leafs,517
16646869,0,00:44,17:01,,,761,Morgan,2026020002,#00205B,Rielly,2,8476853,20,16:17,TOR,10,Toronto Maple Leafs,517
16647024,0,00:19,20:00,,,808,Morgan,2026020002,#00205B,Rielly,2,8476853,21,19:41,TOR,10,Toronto Maple Leafs,517
16647052,0,00:47,01:26,,,819,Morgan,2026020002,#00205B,Rielly,3,8476853,22,00:39,TOR,10,Toronto Maple Leafs,517
16647053,0,00:30,02:42,,,845,Morgan,2026020002,#00205B,Rielly,3,8476853,23,02:12,TOR,10,Toronto Maple Leafs,517
16647054,0,00:26,04:06,,,863,Morgan,2026020002,#00205B,Rielly,3,8476853,24,03:40,TOR,10,Toronto Maple Leafs,517
16647247,0,00:49,06:17,,,885,Morgan,2026020002,#00205B,Rielly,3,8476853,25,05:28,TOR,10,Toronto Maple Leafs,517
16647248,0,01:08,09:16,,,922,Morgan,2026020002,#00205B,Rielly,3,8476853,26,08:08,TOR,10,Toronto Maple Leafs,517
16647249,0,00:38,11:12,,,1010,Morgan,2026020002,#00205B,Rielly,3,8476853,27,10:34,TOR,10,Toronto Maple Leafs,517
16647250,0,00:35,13:12,,,1040,Morgan,2026020002,#00205B,Rielly,3,8476853,28,12:37,TOR,10,Toronto Maple Leafs,517
16647431,0,00:35,15:21,,,1073,Morgan,2026020002,#00205B,Rielly,3,8476853,29,14:46,TOR,10,Toronto Maple Leafs,517
16647432,0,01:01,17:20,,,1096,Morgan,2026020002,#00205B,Rielly,3,8476853,30,16:19,TOR,10,Toronto Maple Leafs,517
16646063,0,00:48,00:48,,,7,Mike,2026020002,#A6192E,Matheson,1,8476875,1,00:00,MTL,8,MontrÃ©al Canadiens,517
16646064,0,00:36,02:10,,,78,Mike,2026020002,#A6192E,Matheson,1,8476875,2,01:34,MTL,8,MontrÃ©al Canadiens,517
16646210,0,00:37,04:07,,,105,Mike,2026020002,#A6192E,Matheson,1,8476875,3,03:30,MTL,8,MontrÃ©al Canadiens,517
16646211,0,01:34,07:54,,,141,Mike,2026020002,#A6192E,Matheson,1,8476875,4,06:20,MTL,8,MontrÃ©al Canadiens,517
16646409,0,00:26,10:53,,,191,Mike,2026020002,#A6192E,Matheson,1,8476875,5,10:27,MTL,8,MontrÃ©al Canadiens,517
16646410,0,00:28,12:10,,,215,Mike,2026020002,#A6192E,Matheson,1,8476875,6,11:42,MTL,8,MontrÃ©al Canadiens,517
16646411,0,00:51,13:39,,,228,Mike,2026020002,#A6192E,Matheson,1,8476875,7,12:48,MTL,8,MontrÃ©al Canadiens,517
16646412,0,00:54,15:34,,,301,Mike,2026020002,#A6192E,Matheson,1,8476875,8,14:40,MTL,8,MontrÃ©al Canadiens,517
16646413,0,00:35,17:07,,,319,Mike,2026020002,#A6192E,Matheson,1,8476875,9,16:32,MTL,8,MontrÃ©al Canadiens,517
16646508,0,00:38,19:20,,,358,Mike,2026020002,#A6192E,Matheson,1,8476875,10,18:42,MTL,8,MontrÃ©al Canadiens,517
16646546,0,00:19,00:19,,,388,Mike,2026020002,#A6192E,Matheson,2,8476875,11,00:00,MTL,8,MontrÃ©al Canadiens,517
16646547,0,01:04,02:10,,,458,Mike,2026020002,#A6192E,Matheson,2,8476875,12,01:06,MTL,8,MontrÃ©al Canadiens,517
16646693,0,00:40,04:57,,,493,Mike,2026020002,#A6192E,Matheson,2,8476875,13,04:17,MTL,8,MontrÃ©al Canadiens,517
16646694,0,01:29,07:49,,,624,Mike,2026020002,#A6192E,Matheson,2,8476875,14,06:20,MTL,8,MontrÃ©al Canadiens,517
16646870,0,01:05,12:10,,,684,Mike,2026020002,#A6192E,Matheson,2,8476875,15,11:05,MTL,8,MontrÃ©al Canadiens,517
16646871,0,00:38,13:34,,,716,Mike,2026020002,#A6192E,Matheson,2,8476875,16,12:56,MTL,8,MontrÃ©al Canadiens,517
16646872,0,00:52,17:14,,,764,Mike,2026020002,#A6192E,Matheson,2,8476875,17,16:22,MTL,8,MontrÃ©al Canadiens,517
16647025,0,01:50,19:35,,,791,Mike,2026020002,#A6192E,Matheson,2,8476875,18,17:45,MTL,8,MontrÃ©al Canadiens,517
16647055,0,00:48,00:48,,,814,Mike,2026020002,#A6192E,Matheson,3,8476875,19,00:00,MTL,8,MontrÃ©al Canadiens,517
16647056,0,00:09,01:35,,,832,Mike,2026020002,#A6192E,Matheson,3,8476875,20,01:26,MTL,8,MontrÃ©al Canadiens,517
16647057,0,00:52,03:04,,,846,Mike,2026020002,#A6192E,Matheson,3,8476875,21,02:12,MTL,8,MontrÃ©al Canadiens,517
16647058,0,00:26,04:06,,,862,Mike,2026020002,#A6192E,Matheson,3,8476875,22,03:40,MTL,8,MontrÃ©al Canadiens,517
16647059,0,00:21,05:05,,,875,Mike,2026020002,#A6192E,Matheson,3,8476875,23,04:44,MTL,8,MontrÃ©al Canadiens,517
16647251,0,00:29,06:46,,,899,Mike,2026020002,#A6192E,Matheson,3,8476875,24,06:17,MTL,8,MontrÃ©al Canadiens,517
16647252,0,01:19,10:05,,,929,Mike,2026020002,#A6192E,Matheson,3,8476875,25,08:46,MTL,8,MontrÃ©al Canadiens,517
16647253,0,00:52,11:36,,,1014,Mike,2026020002,#A6192E,Matheson,3,8476875,26,10:44,MTL,8,MontrÃ©al Canadiens,517
16647254,0,00:36,12:46,,,1034,Mike,2026020002,#A6192E,Matheson,3,8476875,27,12:10,MTL,8,MontrÃ©al Canadiens,517
16647255,0,00:31,14:04,,,1055,Mike,2026020002,#A6192E,Matheson,3,8476875,28,13:33,MTL,8,MontrÃ©al Canadiens,517
16647433,0,00:53,16:39,,,1091,Mike,2026020002,#A6192E,Matheson,3,8476875,29,15:46,MTL,8,MontrÃ©al Canadiens,517
16647434,0,00:45,17:48,,,1108,Mike,2026020002,#A6192E,Matheson,3,8476875,30,17:03,MTL,8,MontrÃ©al Canadiens,517
16647435,0,01:42,20:00,,,1120,Mike,2026020002,#A6192E,Matheson,3,8476875,31,18:18,MTL,8,MontrÃ©al Canadiens,517
16646065,0,00:31,01:19,,,67,Colton,2026020002,#00205B,Sissons,1,8476925,1,00:48,TOR,10,Toronto Maple Leafs,517
16646212,0,01:08,05:28,,,118,Colton,2026020002,#00205B,Sissons,1,8476925,2,04:20,TOR,10,Toronto Maple Leafs,517
16646213,0,01:00,08:33,,,157,Colton,2026020002,#00205B,Sissons,1,8476925,3,07:33,TOR,10,Toronto Maple Leafs,517
16646214,0,00:59,09:45,,,178,Colton,2026020002,#00205B,Sissons,1,8476925,4,08:46,TOR,10,Toronto Maple Leafs,517
16646215,0,00:17,10:28,,,190,Colton,2026020002,#00205B,Sissons,1,8476925,5,10:11,TOR,10,Toronto Maple Leafs,517
16646414,0,01:14,17:24,,,316,Colton,2026020002,#00205B,Sissons,1,8476925,6,16:10,TOR,10,Toronto Maple Leafs,517
16646509,0,00:50,18:25,,,341,Colton,2026020002,#00205B,Sissons,1,8476925,7,17:35,TOR,10,Toronto Maple Leafs,517
16646548,0,01:08,01:58,,,451,Colton,2026020002,#00205B,Sissons,2,8476925,8,00:50,TOR,10,Toronto Maple Leafs,517
16646695,0,01:01,06:46,,,619,Colton,2026020002,#00205B,Sissons,2,8476925,9,05:45,TOR,10,Toronto Maple Leafs,517
16646696,0,00:35,09:02,,,653,Colton,2026020002,#00205B,Sissons,2,8476925,10,08:27,TOR,10,Toronto Maple Leafs,517
16646873,0,00:35,12:40,,,700,Colton,2026020002,#00205B,Sissons,2,8476925,11,12:05,TOR,10,Toronto Maple Leafs,517
16646874,0,00:45,15:45,,,744,Colton,2026020002,#00205B,Sissons,2,8476925,12,15:00,TOR,10,Toronto Maple Leafs,517
16646875,0,00:05,17:45,,,783,Colton,2026020002,#00205B,Sissons,2,8476925,13,17:40,TOR,10,Toronto Maple Leafs,517
16647060,0,00:46,02:12,,,833,Colton,2026020002,#00205B,Sissons,3,8476925,14,01:26,TOR,10,Toronto Maple Leafs,517
16647061,0,00:37,05:38,,,879,Colton,2026020002,#00205B,Sissons,3,8476925,15,05:01,TOR,10,Toronto Maple Leafs,517
16647256,0,00:52,07:53,,,910,Colton,2026020002,#00205B,Sissons,3,8476925,16,07:01,TOR,10,Toronto Maple Leafs,517
16647257,0,00:51,12:29,,,1026,Colton,2026020002,#00205B,Sissons,3,8476925,17,11:38,TOR,10,Toronto Maple Leafs,517
16647436,0,00:36,14:46,,,1065,Colton,2026020002,#00205B,Sissons,3,8476925,18,14:10,TOR,10,Toronto Maple Leafs,517
16647437,0,00:32,16:18,,,1092,Colton,2026020002,#00205B,Sissons,3,8476925,19,15:46,TOR,10,Toronto Maple Leafs,517
16647438,0,00:36,18:29,,,1119,Colton,2026020002,#00205B,Sissons,3,8476925,20,17:53,TOR,10,Toronto Maple Leafs,517
16646216,0,00:27,02:45,,,89,Teddy,2026020002,#00205B,Blueger,1,8476927,1,02:18,TOR,10,Toronto Maple Leafs,517
16646217,0,00:28,06:45,,,139,Teddy,2026020002,#00205B,Blueger,1,8476927,2,06:17,TOR,10,Toronto Maple Leafs,517
16646218,0,00:14,08:47,,,171,Teddy,2026020002,#00205B,Blueger,1,8476927,3,08:33,TOR,10,Toronto Maple Leafs,517
16646219,0,00:26,10:11,,,187,Teddy,2026020002,#00205B,Blueger,1,8476927,4,09:45,TOR,10,Toronto Maple Leafs,517
16646220,0,00:42,14:23,,,236,Teddy,2026020002,#00205B,Blueger,1,8476927,5,13:41,TOR,10,Toronto Maple Leafs,517
16646415,0,00:53,18:28,,,341,Teddy,2026020002,#00205B,Blueger,1,8476927,6,17:35,TOR,10,Toronto Maple Leafs,517
16646549,0,00:52,02:53,,,466,Teddy,2026020002,#00205B,Blueger,2,8476927,7,02:01,TOR,10,Toronto Maple Leafs,517
16646697,0,00:53,05:45,,,605,Teddy,2026020002,#00205B,Blueger,2,8476927,8,04:52,TOR,10,Toronto Maple Leafs,517
16646698,0,00:52,10:01,,,658,Teddy,2026020002,#00205B,Blueger,2,8476927,9,09:09,TOR,10,Toronto Maple Leafs,517
16646876,0,00:15,12:56,,,709,Teddy,2026020002,#00205B,Blueger,2,8476927,10,12:41,TOR,10,Toronto Maple Leafs,517
16646877,0,00:44,15:52,,,748,Teddy,2026020002,#00205B,Blueger,2,8476927,11,15:08,TOR,10,Toronto Maple Leafs,517
16647062,0,00:41,02:53,,,845,Teddy,2026020002,#00205B,Blueger,3,8476927,12,02:12,TOR,10,Toronto Maple Leafs,517
16647258,0,00:39,06:17,,,892,Teddy,2026020002,#00205B,Blueger,3,8476927,13,05:38,TOR,10,Toronto Maple Leafs,517
16647259,0,00:36,08:32,,,920,Teddy,2026020002,#00205B,Blueger,3,8476927,14,07:56,TOR,10,Toronto Maple Leafs,517
16647260,0,01:04,12:39,,,1022,Teddy,2026020002,#00205B,Blueger,3,8476927,15,11:35,TOR,10,Toronto Maple Leafs,517
16646066,0,00:27,00:27,,,6,Jake,2026020002,#00205B,McCabe,1,8476931,1,00:00,TOR,10,Toronto Maple Leafs,517
16646221,0,00:16,02:34,,,89,Jake,2026020002,#00205B,McCabe,1,8476931,2,02:18,TOR,10,Toronto Maple Leafs,517
16646550,0,00:19,00:19,,,387,Jake,2026020002,#00205B,McCabe,2,8476931,3,00:00,TOR,10,Toronto Maple Leafs,517
16646551,0,00:34,02:17,,,460,Jake,2026020002,#00205B,McCabe,2,8476931,4,01:43,TOR,10,Toronto Maple Leafs,517
16646552,0,00:40,03:34,,,477,Jake,2026020002,#00205B,McCabe,2,8476931,5,02:54,TOR,10,Toronto Maple Leafs,517
16646699,0,00:53,05:45,,,605,Jake,2026020002,#00205B,McCabe,2,8476931,6,04:52,TOR,10,Toronto Maple Leafs,517
16646700,0,00:48,08:27,,,641,Jake,2026020002,#00205B,McCabe,2,8476931,7,07:39,TOR,10,Toronto Maple Leafs,517
16646701,0,00:57,10:22,,,665,Jake,2026020002,#00205B,McCabe,2,8476931,8,09:25,TOR,10,Toronto Maple Leafs,517
16646878,0,00:15,12:56,,,709,Jake,2026020002,#00205B,McCabe,2,8476931,9,12:41,TOR,10,Toronto Maple Leafs,517
16646879,0,00:04,15:00,,,740,Jake,2026020002,#00205B,McCabe,2,8476931,10,14:56,TOR,10,Toronto Maple Leafs,517
16646880,0,00:31,16:17,,,756,Jake,2026020002,#00205B,McCabe,2,8476931,11,15:46,TOR,10,Toronto Maple Leafs,517
16646881,0,00:05,17:45,,,783,Jake,2026020002,#00205B,McCabe,2,8476931,12,17:40,TOR,10,Toronto Maple Leafs,517
16647063,0,00:39,00:39,,,813,Jake,2026020002,#00205B,McCabe,3,8476931,13,00:00,TOR,10,Toronto Maple Leafs,517
16647064,0,00:10,02:12,,,838,Jake,2026020002,#00205B,McCabe,3,8476931,14,02:02,TOR,10,Toronto Maple Leafs,517
16647065,0,00:58,03:40,,,849,Jake,2026020002,#00205B,McCabe,3,8476931,15,02:42,TOR,10,Toronto Maple Leafs,517
16647066,0,00:31,05:29,,,877,Jake,2026020002,#00205B,McCabe,3,8476931,16,04:58,TOR,10,Toronto Maple Leafs,517
16647261,0,01:25,08:08,,,903,Jake,2026020002,#00205B,McCabe,3,8476931,17,06:43,TOR,10,Toronto Maple Leafs,517
16647262,0,00:06,09:16,,,937,Jake,2026020002,#00205B,McCabe,3,8476931,18,09:10,TOR,10,Toronto Maple Leafs,517
16647263,0,00:33,11:45,,,1017,Jake,2026020002,#00205B,McCabe,3,8476931,19,11:12,TOR,10,Toronto Maple Leafs,517
16647264,0,00:53,14:05,,,1052,Jake,2026020002,#00205B,McCabe,3,8476931,20,13:12,TOR,10,Toronto Maple Leafs,517
16647439,0,00:34,16:20,,,1092,Jake,2026020002,#00205B,McCabe,3,8476931,21,15:46,TOR,10,Toronto Maple Leafs,517
16647415,808,,10:53,EVG,"Alexandre Carrier, Kirby Dach",203,Josh,2026020002,#A6192E,Anderson,1,8476981,0,10:53,MTL,8,MontrÃ©al Canadiens,505
16646222,0,00:17,02:34,,,87,Josh,2026020002,#A6192E,Anderson,1,8476981,1,02:17,MTL,8,MontrÃ©al Canadiens,517
16646223,0,00:26,04:43,,,115,Josh,2026020002,#A6192E,Anderson,1,8476981,2,04:17,MTL,8,MontrÃ©al Canadiens,517
16646224,0,00:49,07:58,,,154,Josh,2026020002,#A6192E,Anderson,1,8476981,3,07:09,MTL,8,MontrÃ©al Canadiens,517
16646416,0,00:21,10:53,,,197,Josh,2026020002,#A6192E,Anderson,1,8476981,4,10:32,MTL,8,MontrÃ©al Canadiens,517
16646417,0,00:38,12:48,,,222,Josh,2026020002,#A6192E,Anderson,1,8476981,5,12:10,MTL,8,MontrÃ©al Canadiens,517
16646418,0,01:05,15:31,,,245,Josh,2026020002,#A6192E,Anderson,1,8476981,6,14:26,MTL,8,MontrÃ©al Canadiens,517
16646510,0,00:35,19:48,,,370,Josh,2026020002,#A6192E,Anderson,1,8476981,7,19:13,MTL,8,MontrÃ©al Canadiens,517
16646553,0,00:47,01:06,,,394,Josh,2026020002,#A6192E,Anderson,2,8476981,8,00:19,MTL,8,MontrÃ©al Canadiens,517
16646702,0,00:36,04:52,,,492,Josh,2026020002,#A6192E,Anderson,2,8476981,9,04:16,MTL,8,MontrÃ©al Canadiens,517
16646703,0,00:57,08:27,,,637,Josh,2026020002,#A6192E,Anderson,2,8476981,10,07:30,MTL,8,MontrÃ©al Canadiens,517
16646882,0,00:22,12:12,,,696,Josh,2026020002,#A6192E,Anderson,2,8476981,11,11:50,MTL,8,MontrÃ©al Canadiens,517
16646883,0,00:52,16:22,,,751,Josh,2026020002,#A6192E,Anderson,2,8476981,12,15:30,MTL,8,MontrÃ©al Canadiens,517
16647026,0,00:56,19:35,,,798,Josh,2026020002,#A6192E,Anderson,2,8476981,13,18:39,MTL,8,MontrÃ©al Canadiens,517
16647067,0,00:42,02:08,,,832,Josh,2026020002,#A6192E,Anderson,3,8476981,14,01:26,MTL,8,MontrÃ©al Canadiens,517
16647068,0,00:26,04:06,,,862,Josh,2026020002,#A6192E,Anderson,3,8476981,15,03:40,MTL,8,MontrÃ©al Canadiens,517
16647265,0,00:27,06:44,,,899,Josh,2026020002,#A6192E,Anderson,3,8476981,16,06:17,MTL,8,MontrÃ©al Canadiens,517
16647266,0,00:29,10:04,,,949,Josh,2026020002,#A6192E,Anderson,3,8476981,17,09:35,MTL,8,MontrÃ©al Canadiens,517
16647267,0,00:27,11:10,,,1013,Josh,2026020002,#A6192E,Anderson,3,8476981,18,10:43,MTL,8,MontrÃ©al Canadiens,517
16647268,0,00:20,13:32,,,1051,Josh,2026020002,#A6192E,Anderson,3,8476981,19,13:12,MTL,8,MontrÃ©al Canadiens,517
16647440,0,00:43,17:01,,,1094,Josh,2026020002,#A6192E,Anderson,3,8476981,20,16:18,MTL,8,MontrÃ©al Canadiens,517
16647441,0,00:28,18:18,,,1117,Josh,2026020002,#A6192E,Anderson,3,8476981,21,17:50,MTL,8,MontrÃ©al Canadiens,517
16647442,0,00:10,20:00,,,1143,Josh,2026020002,#A6192E,Anderson,3,8476981,22,19:50,MTL,8,MontrÃ©al Canadiens,517
16646067,0,00:33,01:21,,,67,Nick,2026020002,#00205B,Paul,1,8477426,1,00:48,TOR,10,Toronto Maple Leafs,517
16646225,0,01:18,05:28,,,111,Nick,2026020002,#00205B,Paul,1,8477426,2,04:10,TOR,10,Toronto Maple Leafs,517
16646226,0,00:41,08:33,,,161,Nick,2026020002,#00205B,Paul,1,8477426,3,07:52,TOR,10,Toronto Maple Leafs,517
16646419,0,00:20,10:53,,,196,Nick,2026020002,#00205B,Paul,1,8477426,4,10:33,TOR,10,Toronto Maple Leafs,517
16646420,0,00:53,13:41,,,229,Nick,2026020002,#00205B,Paul,1,8477426,5,12:48,TOR,10,Toronto Maple Leafs,517
16646421,0,00:47,17:35,,,327,Nick,2026020002,#00205B,Paul,1,8477426,6,16:48,TOR,10,Toronto Maple Leafs,517
16646554,0,00:55,02:01,,,457,Nick,2026020002,#00205B,Paul,2,8477426,7,01:06,TOR,10,Toronto Maple Leafs,517
16646704,0,00:44,06:29,,,619,Nick,2026020002,#00205B,Paul,2,8477426,8,05:45,TOR,10,Toronto Maple Leafs,517
16646705,0,00:42,09:09,,,653,Nick,2026020002,#00205B,Paul,2,8477426,9,08:27,TOR,10,Toronto Maple Leafs,517
16646884,0,00:51,12:41,,,693,Nick,2026020002,#00205B,Paul,2,8477426,10,11:50,TOR,10,Toronto Maple Leafs,517
16646885,0,00:28,15:08,,,739,Nick,2026020002,#00205B,Paul,2,8477426,11,14:40,TOR,10,Toronto Maple Leafs,517
16646886,0,00:05,17:45,,,783,Nick,2026020002,#00205B,Paul,2,8477426,12,17:40,TOR,10,Toronto Maple Leafs,517
16647027,0,01:07,20:00,,,801,Nick,2026020002,#00205B,Paul,2,8477426,13,18:53,TOR,10,Toronto Maple Leafs,517
16647069,0,00:46,02:12,,,833,Nick,2026020002,#00205B,Paul,3,8477426,14,01:26,TOR,10,Toronto Maple Leafs,517
16647070,0,00:39,05:38,,,878,Nick,2026020002,#00205B,Paul,3,8477426,15,04:59,TOR,10,Toronto Maple Leafs,517
16647269,0,00:55,07:56,,,910,Nick,2026020002,#00205B,Paul,3,8477426,16,07:01,TOR,10,Toronto Maple Leafs,517
16647270,0,00:38,09:10,,,928,Nick,2026020002,#00205B,Paul,3,8477426,17,08:32,TOR,10,Toronto Maple Leafs,517
16647271,0,01:08,11:35,,,1007,Nick,2026020002,#00205B,Paul,3,8477426,18,10:27,TOR,10,Toronto Maple Leafs,517
16647443,0,00:42,14:46,,,1058,Nick,2026020002,#00205B,Paul,3,8477426,19,14:04,TOR,10,Toronto Maple Leafs,517
16647444,0,00:33,16:19,,,1092,Nick,2026020002,#00205B,Paul,3,8477426,20,15:46,TOR,10,Toronto Maple Leafs,517
16647445,0,00:47,18:28,,,1114,Nick,2026020002,#00205B,Paul,3,8477426,21,17:41,TOR,10,Toronto Maple Leafs,517
16647416,803,,00:48,EVG,"Morgan Rielly, Kirill Marchenko",62,William,2026020002,#00205B,Nylander,1,8477939,0,00:48,TOR,10,Toronto Maple Leafs,505
16646068,0,00:13,00:48,,,59,William,2026020002,#00205B,Nylander,1,8477939,1,00:35,TOR,10,Toronto Maple Leafs,517
16646069,0,00:51,02:10,,,72,William,2026020002,#00205B,Nylander,1,8477939,2,01:19,TOR,10,Toronto Maple Leafs,517
16646227,0,00:50,04:20,,,107,William,2026020002,#00205B,Nylander,1,8477939,3,03:30,TOR,10,Toronto Maple Leafs,517
16646228,0,00:48,07:33,,,149,William,2026020002,#00205B,Nylander,1,8477939,4,06:45,TOR,10,Toronto Maple Leafs,517
16646422,0,00:45,10:53,,,189,William,2026020002,#00205B,Nylander,1,8477939,5,10:08,TOR,10,Toronto Maple Leafs,517
16646423,0,01:06,12:48,,,216,William,2026020002,#00205B,Nylander,1,8477939,6,11:42,TOR,10,Toronto Maple Leafs,517
16646424,0,00:39,16:10,,,307,William,2026020002,#00205B,Nylander,1,8477939,7,15:31,TOR,10,Toronto Maple Leafs,517
16646511,0,00:51,20:00,,,368,William,2026020002,#00205B,Nylander,1,8477939,8,19:09,TOR,10,Toronto Maple Leafs,517
16646555,0,00:31,00:50,,,395,William,2026020002,#00205B,Nylander,2,8477939,9,00:19,TOR,10,Toronto Maple Leafs,517
16646706,0,00:26,04:52,,,499,William,2026020002,#00205B,Nylander,2,8477939,10,04:26,TOR,10,Toronto Maple Leafs,517
16646707,0,00:38,08:27,,,643,William,2026020002,#00205B,Nylander,2,8477939,11,07:49,TOR,10,Toronto Maple Leafs,517
16646887,0,01:00,12:05,,,685,William,2026020002,#00205B,Nylander,2,8477939,12,11:05,TOR,10,Toronto Maple Leafs,517
16646888,0,01:12,14:40,,,726,William,2026020002,#00205B,Nylander,2,8477939,13,13:28,TOR,10,Toronto Maple Leafs,517
16646889,0,00:39,17:40,,,771,William,2026020002,#00205B,Nylander,2,8477939,14,17:01,TOR,10,Toronto Maple Leafs,517
16646890,0,00:54,18:39,,,790,William,2026020002,#00205B,Nylander,2,8477939,15,17:45,TOR,10,Toronto Maple Leafs,517
16647417,803,,15:46,EVG,"Easton Cowan, John Tavares",1088,William,2026020002,#00205B,Nylander,3,8477939,0,15:46,TOR,10,Toronto Maple Leafs,505
16647071,0,00:38,01:26,,,826,William,2026020002,#00205B,Nylander,3,8477939,16,00:48,TOR,10,Toronto Maple Leafs,517
16647072,0,00:48,03:00,,,845,William,2026020002,#00205B,Nylander,3,8477939,17,02:12,TOR,10,Toronto Maple Leafs,517
16647073,0,00:26,04:06,,,863,William,2026020002,#00205B,Nylander,3,8477939,18,03:40,TOR,10,Toronto Maple Leafs,517
16647272,0,00:44,07:01,,,900,William,2026020002,#00205B,Nylander,3,8477939,19,06:17,TOR,10,Toronto Maple Leafs,517
16647273,0,01:56,10:27,,,927,William,2026020002,#00205B,Nylander,3,8477939,20,08:31,TOR,10,Toronto Maple Leafs,517
16647274,0,00:43,13:12,,,1038,William,2026020002,#00205B,Nylander,3,8477939,21,12:29,TOR,10,Toronto Maple Leafs,517
16647446,0,00:26,15:46,,,1082,William,2026020002,#00205B,Nylander,3,8477939,22,15:20,TOR,10,Toronto Maple Leafs,517
16647447,0,00:23,16:41,,,1093,William,2026020002,#00205B,Nylander,3,8477939,23,16:18,TOR,10,Toronto Maple Leafs,517
16647448,0,01:28,20:00,,,1127,William,2026020002,#00205B,Nylander,3,8477939,24,18:32,TOR,10,Toronto Maple Leafs,517
16646229,0,00:23,02:34,,,82,Jake,2026020002,#A6192E,Evans,1,8478133,1,02:11,MTL,8,MontrÃ©al Canadiens,517
16646230,0,00:27,04:43,,,114,Jake,2026020002,#A6192E,Evans,1,8478133,2,04:16,MTL,8,MontrÃ©al Canadiens,517
16646231,0,00:50,07:55,,,152,Jake,2026020002,#A6192E,Evans,1,8478133,3,07:05,MTL,8,MontrÃ©al Canadiens,517
16646425,0,00:27,12:09,,,215,Jake,2026020002,#A6192E,Evans,1,8478133,4,11:42,MTL,8,MontrÃ©al Canadiens,517
16646426,0,00:40,13:28,,,228,Jake,2026020002,#A6192E,Evans,1,8478133,5,12:48,MTL,8,MontrÃ©al Canadiens,517
16646427,0,00:43,15:21,,,250,Jake,2026020002,#A6192E,Evans,1,8478133,6,14:38,MTL,8,MontrÃ©al Canadiens,517
16646512,0,00:53,20:00,,,365,Jake,2026020002,#A6192E,Evans,1,8478133,7,19:07,MTL,8,MontrÃ©al Canadiens,517
16646556,0,00:47,01:06,,,394,Jake,2026020002,#A6192E,Evans,2,8478133,8,00:19,MTL,8,MontrÃ©al Canadiens,517
16646708,0,00:55,04:52,,,489,Jake,2026020002,#A6192E,Evans,2,8478133,9,03:57,MTL,8,MontrÃ©al Canadiens,517
16646709,0,00:37,08:11,,,638,Jake,2026020002,#A6192E,Evans,2,8478133,10,07:34,MTL,8,MontrÃ©al Canadiens,517
16646891,0,00:16,12:12,,,697,Jake,2026020002,#A6192E,Evans,2,8478133,11,11:56,MTL,8,MontrÃ©al Canadiens,517
16646892,0,00:02,13:37,,,731,Jake,2026020002,#A6192E,Evans,2,8478133,12,13:35,MTL,8,MontrÃ©al Canadiens,517
16646893,0,00:49,16:34,,,755,Jake,2026020002,#A6192E,Evans,2,8478133,13,15:45,MTL,8,MontrÃ©al Canadiens,517
16646894,0,00:53,18:38,,,791,Jake,2026020002,#A6192E,Evans,2,8478133,14,17:45,MTL,8,MontrÃ©al Canadiens,517
16647074,0,00:46,02:12,,,832,Jake,2026020002,#A6192E,Evans,3,8478133,15,01:26,MTL,8,MontrÃ©al Canadiens,517
16647075,0,00:26,04:06,,,862,Jake,2026020002,#A6192E,Evans,3,8478133,16,03:40,MTL,8,MontrÃ©al Canadiens,517
16647275,0,00:29,06:46,,,899,Jake,2026020002,#A6192E,Evans,3,8478133,17,06:17,MTL,8,MontrÃ©al Canadiens,517
16647276,0,00:19,09:35,,,939,Jake,2026020002,#A6192E,Evans,3,8478133,18,09:16,MTL,8,MontrÃ©al Canadiens,517
16647277,0,00:38,10:42,,,1003,Jake,2026020002,#A6192E,Evans,3,8478133,19,10:04,MTL,8,MontrÃ©al Canadiens,517
16647278,0,00:48,14:00,,,1051,Jake,2026020002,#A6192E,Evans,3,8478133,20,13:12,MTL,8,MontrÃ©al Canadiens,517
16647449,0,01:00,17:19,,,1095,Jake,2026020002,#A6192E,Evans,3,8478133,21,16:19,MTL,8,MontrÃ©al Canadiens,517
16647450,0,01:42,20:00,,,1120,Jake,2026020002,#A6192E,Evans,3,8478133,22,18:18,MTL,8,MontrÃ©al Canadiens,517
16646070,0,00:45,01:10,,,56,Darren,2026020002,#00205B,Raddysh,1,8478178,1,00:25,TOR,10,Toronto Maple Leafs,517
16646232,0,00:48,03:30,,,97,Darren,2026020002,#00205B,Raddysh,1,8478178,2,02:42,TOR,10,Toronto Maple Leafs,517
16646233,0,00:43,05:49,,,125,Darren,2026020002,#00205B,Raddysh,1,8478178,3,05:06,TOR,10,Toronto Maple Leafs,517
16646234,0,01:05,07:50,,,149,Darren,2026020002,#00205B,Raddysh,1,8478178,4,06:45,TOR,10,Toronto Maple Leafs,517
16646428,0,00:26,10:53,,,193,Darren,2026020002,#00205B,Raddysh,1,8478178,5,10:27,TOR,10,Toronto Maple Leafs,517
16646429,0,01:11,12:48,,,210,Darren,2026020002,#00205B,Raddysh,1,8478178,6,11:37,TOR,10,Toronto Maple Leafs,517
16646430,0,01:08,15:31,,,244,Darren,2026020002,#00205B,Raddysh,1,8478178,7,14:23,TOR,10,Toronto Maple Leafs,517
16646431,0,00:31,17:15,,,325,Darren,2026020002,#00205B,Raddysh,1,8478178,8,16:44,TOR,10,Toronto Maple Leafs,517
16646513,0,00:40,19:04,,,352,Darren,2026020002,#00205B,Raddysh,1,8478178,9,18:24,TOR,10,Toronto Maple Leafs,517
16646557,0,00:40,00:59,,,395,Darren,2026020002,#00205B,Raddysh,2,8478178,10,00:19,TOR,10,Toronto Maple Leafs,517
16646558,0,00:38,02:55,,,472,Darren,2026020002,#00205B,Raddysh,2,8478178,11,02:17,TOR,10,Toronto Maple Leafs,517
16646710,0,00:26,04:52,,,499,Darren,2026020002,#00205B,Raddysh,2,8478178,12,04:26,TOR,10,Toronto Maple Leafs,517
16646711,0,01:10,07:39,,,626,Darren,2026020002,#00205B,Raddysh,2,8478178,13,06:29,TOR,10,Toronto Maple Leafs,517
16646712,0,00:35,09:37,,,656,Darren,2026020002,#00205B,Raddysh,2,8478178,14,09:02,TOR,10,Toronto Maple Leafs,517
16646895,0,00:54,11:59,,,685,Darren,2026020002,#00205B,Raddysh,2,8478178,15,11:05,TOR,10,Toronto Maple Leafs,517
16646896,0,00:39,13:35,,,717,Darren,2026020002,#00205B,Raddysh,2,8478178,16,12:56,TOR,10,Toronto Maple Leafs,517
16646897,0,01:23,15:45,,,737,Darren,2026020002,#00205B,Raddysh,2,8478178,17,14:22,TOR,10,Toronto Maple Leafs,517
16646898,0,00:13,17:40,,,777,Darren,2026020002,#00205B,Raddysh,2,8478178,18,17:27,TOR,10,Toronto Maple Leafs,517
16647028,0,01:56,19:41,,,790,Darren,2026020002,#00205B,Raddysh,2,8478178,19,17:45,TOR,10,Toronto Maple Leafs,517
16647076,0,00:50,01:26,,,818,Darren,2026020002,#00205B,Raddysh,3,8478178,20,00:36,TOR,10,Toronto Maple Leafs,517
16647077,0,00:46,02:58,,,845,Darren,2026020002,#00205B,Raddysh,3,8478178,21,02:12,TOR,10,Toronto Maple Leafs,517
16647078,0,00:26,04:06,,,863,Darren,2026020002,#00205B,Raddysh,3,8478178,22,03:40,TOR,10,Toronto Maple Leafs,517
16647279,0,00:48,06:17,,,886,Darren,2026020002,#00205B,Raddysh,3,8478178,23,05:29,TOR,10,Toronto Maple Leafs,517
16647280,0,01:18,10:34,,,940,Darren,2026020002,#00205B,Raddysh,3,8478178,24,09:16,TOR,10,Toronto Maple Leafs,517
16647281,0,00:40,13:12,,,1039,Darren,2026020002,#00205B,Raddysh,3,8478178,25,12:32,TOR,10,Toronto Maple Leafs,517
16647451,0,00:35,15:21,,,1073,Darren,2026020002,#00205B,Raddysh,3,8478178,26,14:46,TOR,10,Toronto Maple Leafs,517
16647452,0,01:00,17:18,,,1093,Darren,2026020002,#00205B,Raddysh,3,8478178,27,16:18,TOR,10,Toronto Maple Leafs,517
16647453,0,01:33,20:00,,,1123,Darren,2026020002,#00205B,Raddysh,3,8478178,28,18:27,TOR,10,Toronto Maple Leafs,517
16646071,0,00:35,00:35,,,6,Jack,2026020002,#00205B,Roslovic,1,8478458,1,00:00,TOR,10,Toronto Maple Leafs,517
16646235,0,00:44,03:30,,,99,Jack,2026020002,#00205B,Roslovic,1,8478458,2,02:46,TOR,10,Toronto Maple Leafs,517
16646236,0,00:51,06:19,,,131,Jack,2026020002,#00205B,Roslovic,1,8478458,3,05:28,TOR,10,Toronto Maple Leafs,517
16646432,0,00:49,11:42,,,208,Jack,2026020002,#00205B,Roslovic,1,8478458,4,10:53,TOR,10,Toronto Maple Leafs,517
16646433,0,01:13,14:01,,,229,Jack,2026020002,#00205B,Roslovic,1,8478458,5,12:48,TOR,10,Toronto Maple Leafs,517
16646434,0,00:59,15:31,,,249,Jack,2026020002,#00205B,Roslovic,1,8478458,6,14:32,TOR,10,Toronto Maple Leafs,517
16646514,0,00:41,19:09,,,355,Jack,2026020002,#00205B,Roslovic,1,8478458,7,18:28,TOR,10,Toronto Maple Leafs,517
16646559,0,00:19,00:19,,,387,Jack,2026020002,#00205B,Roslovic,2,8478458,8,00:00,TOR,10,Toronto Maple Leafs,517
16646560,0,01:32,04:26,,,477,Jack,2026020002,#00205B,Roslovic,2,8478458,9,02:54,TOR,10,Toronto Maple Leafs,517
16646713,0,01:03,07:49,,,635,Jack,2026020002,#00205B,Roslovic,2,8478458,10,06:46,TOR,10,Toronto Maple Leafs,517
16646714,0,01:07,11:05,,,670,Jack,2026020002,#00205B,Roslovic,2,8478458,11,09:58,TOR,10,Toronto Maple Leafs,517
16646899,0,00:47,14:22,,,730,Jack,2026020002,#00205B,Roslovic,2,8478458,12,13:35,TOR,10,Toronto Maple Leafs,517
16646900,0,00:37,17:01,,,763,Jack,2026020002,#00205B,Roslovic,2,8478458,13,16:24,TOR,10,Toronto Maple Leafs,517
16647029,0,01:02,19:55,,,801,Jack,2026020002,#00205B,Roslovic,2,8478458,14,18:53,TOR,10,Toronto Maple Leafs,517
16647079,0,00:48,00:48,,,813,Jack,2026020002,#00205B,Roslovic,3,8478458,15,00:00,TOR,10,Toronto Maple Leafs,517
16647080,0,00:40,03:40,,,855,Jack,2026020002,#00205B,Roslovic,3,8478458,16,03:00,TOR,10,Toronto Maple Leafs,517
16647081,0,00:55,05:01,,,869,Jack,2026020002,#00205B,Roslovic,3,8478458,17,04:06,TOR,10,Toronto Maple Leafs,517
16647282,0,00:51,11:20,,,1008,Jack,2026020002,#00205B,Roslovic,3,8478458,18,10:29,TOR,10,Toronto Maple Leafs,517
16647283,0,00:55,14:07,,,1052,Jack,2026020002,#00205B,Roslovic,3,8478458,19,13:12,TOR,10,Toronto Maple Leafs,517
16647454,0,00:34,15:20,,,1073,Jack,2026020002,#00205B,Roslovic,3,8478458,20,14:46,TOR,10,Toronto Maple Leafs,517
16647455,0,01:12,17:53,,,1100,Jack,2026020002,#00205B,Roslovic,3,8478458,21,16:41,TOR,10,Toronto Maple Leafs,517
16646072,0,00:46,01:34,,,65,Alexandre,2026020002,#A6192E,Carrier,1,8478851,1,00:48,MTL,8,MontrÃ©al Canadiens,517
16646237,0,00:56,03:30,,,94,Alexandre,2026020002,#A6192E,Carrier,1,8478851,2,02:34,MTL,8,MontrÃ©al Canadiens,517
16646238,0,01:19,06:35,,,128,Alexandre,2026020002,#A6192E,Carrier,1,8478851,3,05:16,MTL,8,MontrÃ©al Canadiens,517
16646435,0,01:32,12:09,,,200,Alexandre,2026020002,#A6192E,Carrier,1,8478851,4,10:37,MTL,8,MontrÃ©al Canadiens,517
16646436,0,00:41,13:29,,,228,Alexandre,2026020002,#A6192E,Carrier,1,8478851,5,12:48,MTL,8,MontrÃ©al Canadiens,517
16646437,0,00:47,15:25,,,250,Alexandre,2026020002,#A6192E,Carrier,1,8478851,6,14:38,MTL,8,MontrÃ©al Canadiens,517
16646515,0,00:59,18:06,,,330,Alexandre,2026020002,#A6192E,Carrier,1,8478851,7,17:07,MTL,8,MontrÃ©al Canadiens,517
16646516,0,00:11,20:00,,,375,Alexandre,2026020002,#A6192E,Carrier,1,8478851,8,19:49,MTL,8,MontrÃ©al Canadiens,517
16646561,0,00:47,01:06,,,394,Alexandre,2026020002,#A6192E,Carrier,2,8478851,9,00:19,MTL,8,MontrÃ©al Canadiens,517
16646562,0,01:04,04:16,,,483,Alexandre,2026020002,#A6192E,Carrier,2,8478851,10,03:12,MTL,8,MontrÃ©al Canadiens,517
16646715,0,00:07,05:52,,,618,Alexandre,2026020002,#A6192E,Carrier,2,8478851,11,05:45,MTL,8,MontrÃ©al Canadiens,517
16646716,0,01:25,09:14,,,642,Alexandre,2026020002,#A6192E,Carrier,2,8478851,12,07:49,MTL,8,MontrÃ©al Canadiens,517
16646901,0,00:37,12:47,,,704,Alexandre,2026020002,#A6192E,Carrier,2,8478851,13,12:10,MTL,8,MontrÃ©al Canadiens,517
16646902,0,01:35,15:10,,,731,Alexandre,2026020002,#A6192E,Carrier,2,8478851,14,13:35,MTL,8,MontrÃ©al Canadiens,517
16646903,0,00:26,17:40,,,775,Alexandre,2026020002,#A6192E,Carrier,2,8478851,15,17:14,MTL,8,MontrÃ©al Canadiens,517
16646904,0,00:54,18:39,,,791,Alexandre,2026020002,#A6192E,Carrier,2,8478851,16,17:45,MTL,8,MontrÃ©al Canadiens,517
16647030,0,00:25,20:00,,,805,Alexandre,2026020002,#A6192E,Carrier,2,8478851,17,19:35,MTL,8,MontrÃ©al Canadiens,517
16647418,803,,13:12,EVG,,1047,Alexandre,2026020002,#A6192E,Carrier,3,8478851,0,13:12,MTL,8,MontrÃ©al Canadiens,505
16647082,0,00:30,01:26,,,827,Alexandre,2026020002,#A6192E,Carrier,3,8478851,18,00:56,MTL,8,MontrÃ©al Canadiens,517
16647083,0,01:12,03:40,,,847,Alexandre,2026020002,#A6192E,Carrier,3,8478851,19,02:28,MTL,8,MontrÃ©al Canadiens,517
16647084,0,00:38,04:44,,,868,Alexandre,2026020002,#A6192E,Carrier,3,8478851,20,04:06,MTL,8,MontrÃ©al Canadiens,517
16647284,0,00:35,06:13,,,891,Alexandre,2026020002,#A6192E,Carrier,3,8478851,21,05:38,MTL,8,MontrÃ©al Canadiens,517
16647285,0,00:46,10:02,,,939,Alexandre,2026020002,#A6192E,Carrier,3,8478851,22,09:16,MTL,8,MontrÃ©al Canadiens,517
16647286,0,00:42,11:35,,,1015,Alexandre,2026020002,#A6192E,Carrier,3,8478851,23,10:53,MTL,8,MontrÃ©al Canadiens,517
16647287,0,00:52,13:33,,,1043,Alexandre,2026020002,#A6192E,Carrier,3,8478851,24,12:41,MTL,8,MontrÃ©al Canadiens,517
16647456,0,01:00,15:46,,,1075,Alexandre,2026020002,#A6192E,Carrier,3,8478851,25,14:46,MTL,8,MontrÃ©al Canadiens,517
16647457,0,00:26,17:03,,,1099,Alexandre,2026020002,#A6192E,Carrier,3,8478851,26,16:37,MTL,8,MontrÃ©al Canadiens,517
16647458,0,00:32,18:18,,,1115,Alexandre,2026020002,#A6192E,Carrier,3,8478851,27,17:46,MTL,8,MontrÃ©al Canadiens,517
16647459,0,00:10,20:00,,,1143,Alexandre,2026020002,#A6192E,Carrier,3,8478851,28,19:50,MTL,8,MontrÃ©al Canadiens,517
16646073,0,00:43,00:43,,,6,Auston,2026020002,#00205B,Matthews,1,8479318,1,00:00,TOR,10,Toronto Maple Leafs,517
16646239,0,00:45,03:30,,,98,Auston,2026020002,#00205B,Matthews,1,8479318,2,02:45,TOR,10,Toronto Maple Leafs,517
16646240,0,00:49,06:17,,,131,Auston,2026020002,#00205B,Matthews,1,8479318,3,05:28,TOR,10,Toronto Maple Leafs,517
16646241,0,00:58,09:45,,,179,Auston,2026020002,#00205B,Matthews,1,8479318,4,08:47,TOR,10,Toronto Maple Leafs,517
16646438,0,02:18,12:48,,,195,Auston,2026020002,#00205B,Matthews,1,8479318,5,10:30,TOR,10,Toronto Maple Leafs,517
16646439,0,01:09,15:32,,,244,Auston,2026020002,#00205B,Matthews,1,8479318,6,14:23,TOR,10,Toronto Maple Leafs,517
16646517,0,00:42,19:07,,,353,Auston,2026020002,#00205B,Matthews,1,8479318,7,18:25,TOR,10,Toronto Maple Leafs,517
16646563,0,00:19,00:19,,,387,Auston,2026020002,#00205B,Matthews,2,8479318,8,00:00,TOR,10,Toronto Maple Leafs,517
16646564,0,01:17,04:12,,,479,Auston,2026020002,#00205B,Matthews,2,8479318,9,02:55,TOR,10,Toronto Maple Leafs,517
16646717,0,01:21,07:50,,,626,Auston,2026020002,#00205B,Matthews,2,8479318,10,06:29,TOR,10,Toronto Maple Leafs,517
16646718,0,01:08,11:05,,,669,Auston,2026020002,#00205B,Matthews,2,8479318,11,09:57,TOR,10,Toronto Maple Leafs,517
16646905,0,00:32,13:28,,,717,Auston,2026020002,#00205B,Matthews,2,8479318,12,12:56,TOR,10,Toronto Maple Leafs,517
16646906,0,01:15,17:07,,,757,Auston,2026020002,#00205B,Matthews,2,8479318,13,15:52,TOR,10,Toronto Maple Leafs,517
16647031,0,01:31,19:16,,,790,Auston,2026020002,#00205B,Matthews,2,8479318,14,17:45,TOR,10,Toronto Maple Leafs,517
16647085,0,00:45,00:45,,,813,Auston,2026020002,#00205B,Matthews,3,8479318,15,00:00,TOR,10,Toronto Maple Leafs,517
16647086,0,00:47,03:40,,,850,Auston,2026020002,#00205B,Matthews,3,8479318,16,02:53,TOR,10,Toronto Maple Leafs,517
16647087,0,00:53,04:59,,,869,Auston,2026020002,#00205B,Matthews,3,8479318,17,04:06,TOR,10,Toronto Maple Leafs,517
16647288,0,00:15,07:01,,,905,Auston,2026020002,#00205B,Matthews,3,8479318,18,06:46,TOR,10,Toronto Maple Leafs,517
16647289,0,01:34,10:43,,,934,Auston,2026020002,#00205B,Matthews,3,8479318,19,09:09,TOR,10,Toronto Maple Leafs,517
16647290,0,00:52,14:04,,,1052,Auston,2026020002,#00205B,Matthews,3,8479318,20,13:12,TOR,10,Toronto Maple Leafs,517
16647460,0,00:35,15:21,,,1073,Auston,2026020002,#00205B,Matthews,3,8479318,21,14:46,TOR,10,Toronto Maple Leafs,517
16647461,0,00:51,17:41,,,1104,Auston,2026020002,#00205B,Matthews,3,8479318,22,16:50,TOR,10,Toronto Maple Leafs,517
16647462,0,01:15,20:00,,,1129,Auston,2026020002,#00205B,Matthews,3,8479318,23,18:45,TOR,10,Toronto Maple Leafs,517
16646242,0,01:08,02:18,,,70,Troy,2026020002,#00205B,Stecher,1,8479442,1,01:10,TOR,10,Toronto Maple Leafs,517
16646243,0,00:46,05:06,,,118,Troy,2026020002,#00205B,Stecher,1,8479442,2,04:20,TOR,10,Toronto Maple Leafs,517
16646244,0,00:26,06:45,,,140,Troy,2026020002,#00205B,Stecher,1,8479442,3,06:19,TOR,10,Toronto Maple Leafs,517
16646245,0,00:43,08:33,,,160,Troy,2026020002,#00205B,Stecher,1,8479442,4,07:50,TOR,10,Toronto Maple Leafs,517
16646246,0,00:42,10:27,,,187,Troy,2026020002,#00205B,Stecher,1,8479442,5,09:45,TOR,10,Toronto Maple Leafs,517
16646440,0,00:04,11:42,,,211,Troy,2026020002,#00205B,Stecher,1,8479442,6,11:38,TOR,10,Toronto Maple Leafs,517
16646441,0,01:08,15:29,,,243,Troy,2026020002,#00205B,Stecher,1,8479442,7,14:21,TOR,10,Toronto Maple Leafs,517
16646442,0,00:47,16:45,,,314,Troy,2026020002,#00205B,Stecher,1,8479442,8,15:58,TOR,10,Toronto Maple Leafs,517
16646443,0,00:20,17:35,,,333,Troy,2026020002,#00205B,Stecher,1,8479442,9,17:15,TOR,10,Toronto Maple Leafs,517
16646518,0,00:56,20:00,,,363,Troy,2026020002,#00205B,Stecher,1,8479442,10,19:04,TOR,10,Toronto Maple Leafs,517
16646565,0,00:48,01:47,,,453,Troy,2026020002,#00205B,Stecher,2,8479442,11,00:59,TOR,10,Toronto Maple Leafs,517
16646566,0,00:48,04:26,,,487,Troy,2026020002,#00205B,Stecher,2,8479442,12,03:38,TOR,10,Toronto Maple Leafs,517
16646719,0,00:46,06:31,,,619,Troy,2026020002,#00205B,Stecher,2,8479442,13,05:45,TOR,10,Toronto Maple Leafs,517
16646720,0,00:36,09:03,,,653,Troy,2026020002,#00205B,Stecher,2,8479442,14,08:27,TOR,10,Toronto Maple Leafs,517
16646721,0,00:41,11:05,,,676,Troy,2026020002,#00205B,Stecher,2,8479442,15,10:24,TOR,10,Toronto Maple Leafs,517
16646907,0,00:44,12:42,,,698,Troy,2026020002,#00205B,Stecher,2,8479442,16,11:58,TOR,10,Toronto Maple Leafs,517
16646908,0,01:09,17:27,,,762,Troy,2026020002,#00205B,Stecher,2,8479442,17,16:18,TOR,10,Toronto Maple Leafs,517
16647032,0,00:05,20:00,,,810,Troy,2026020002,#00205B,Stecher,2,8479442,18,19:55,TOR,10,Toronto Maple Leafs,517
16647088,0,00:36,02:02,,,833,Troy,2026020002,#00205B,Stecher,3,8479442,19,01:26,TOR,10,Toronto Maple Leafs,517
16647089,0,00:52,04:58,,,869,Troy,2026020002,#00205B,Stecher,3,8479442,20,04:06,TOR,10,Toronto Maple Leafs,517
16647291,0,00:44,07:01,,,900,Troy,2026020002,#00205B,Stecher,3,8479442,21,06:17,TOR,10,Toronto Maple Leafs,517
16647292,0,01:18,09:10,,,918,Troy,2026020002,#00205B,Stecher,3,8479442,22,07:52,TOR,10,Toronto Maple Leafs,517
16647293,0,00:47,12:32,,,1028,Troy,2026020002,#00205B,Stecher,3,8479442,23,11:45,TOR,10,Toronto Maple Leafs,517
16647463,0,00:37,14:46,,,1064,Troy,2026020002,#00205B,Stecher,3,8479442,24,14:09,TOR,10,Toronto Maple Leafs,517
16647464,0,00:25,15:46,,,1083,Troy,2026020002,#00205B,Stecher,3,8479442,25,15:21,TOR,10,Toronto Maple Leafs,517
16647465,0,01:09,18:27,,,1111,Troy,2026020002,#00205B,Stecher,3,8479442,26,17:18,TOR,10,Toronto Maple Leafs,517
16646247,0,00:27,02:45,,,89,Brandon,2026020002,#00205B,Duhaime,1,8479520,1,02:18,TOR,10,Toronto Maple Leafs,517
16646248,0,00:32,06:45,,,138,Brandon,2026020002,#00205B,Duhaime,1,8479520,2,06:13,TOR,10,Toronto Maple Leafs,517
16646249,0,00:13,08:46,,,171,Brandon,2026020002,#00205B,Duhaime,1,8479520,3,08:33,TOR,10,Toronto Maple Leafs,517
16646250,0,00:23,10:08,,,187,Brandon,2026020002,#00205B,Duhaime,1,8479520,4,09:45,TOR,10,Toronto Maple Leafs,517
16646444,0,00:29,14:31,,,241,Brandon,2026020002,#00205B,Duhaime,1,8479520,5,14:02,TOR,10,Toronto Maple Leafs,517
16646519,0,00:27,18:02,,,341,Brandon,2026020002,#00205B,Duhaime,1,8479520,6,17:35,TOR,10,Toronto Maple Leafs,517
16646567,0,00:38,02:54,,,471,Brandon,2026020002,#00205B,Duhaime,2,8479520,7,02:16,TOR,10,Toronto Maple Leafs,517
16646722,0,00:53,05:45,,,605,Brandon,2026020002,#00205B,Duhaime,2,8479520,8,04:52,TOR,10,Toronto Maple Leafs,517
16646723,0,00:41,09:57,,,662,Brandon,2026020002,#00205B,Duhaime,2,8479520,9,09:16,TOR,10,Toronto Maple Leafs,517
16646909,0,00:13,12:56,,,711,Brandon,2026020002,#00205B,Duhaime,2,8479520,10,12:43,TOR,10,Toronto Maple Leafs,517
16646910,0,00:44,16:16,,,752,Brandon,2026020002,#00205B,Duhaime,2,8479520,11,15:32,TOR,10,Toronto Maple Leafs,517
16647090,0,00:46,02:55,,,841,Brandon,2026020002,#00205B,Duhaime,3,8479520,12,02:09,TOR,10,Toronto Maple Leafs,517
16647294,0,00:39,06:17,,,892,Brandon,2026020002,#00205B,Duhaime,3,8479520,13,05:38,TOR,10,Toronto Maple Leafs,517
16647295,0,00:38,08:31,,,919,Brandon,2026020002,#00205B,Duhaime,3,8479520,14,07:53,TOR,10,Toronto Maple Leafs,517
16647296,0,00:35,12:19,,,1027,Brandon,2026020002,#00205B,Duhaime,3,8479520,15,11:44,TOR,10,Toronto Maple Leafs,517
16647466,0,00:46,18:20,,,1113,Brandon,2026020002,#00205B,Duhaime,3,8479520,16,17:34,TOR,10,Toronto Maple Leafs,517
16646251,0,00:36,02:46,,,80,Zack,2026020002,#00205B,MacEwen,1,8479772,1,02:10,TOR,10,Toronto Maple Leafs,517
16646252,0,00:26,06:45,,,140,Zack,2026020002,#00205B,MacEwen,1,8479772,2,06:19,TOR,10,Toronto Maple Leafs,517
16646445,0,00:32,14:32,,,239,Zack,2026020002,#00205B,MacEwen,1,8479772,3,14:00,TOR,10,Toronto Maple Leafs,517
16646446,0,00:11,17:35,,,334,Zack,2026020002,#00205B,MacEwen,1,8479772,4,17:24,TOR,10,Toronto Maple Leafs,517
16646568,0,00:57,02:55,,,464,Zack,2026020002,#00205B,MacEwen,2,8479772,5,01:58,TOR,10,Toronto Maple Leafs,517
16646724,0,00:53,05:45,,,605,Zack,2026020002,#00205B,MacEwen,2,8479772,6,04:52,TOR,10,Toronto Maple Leafs,517
16646725,0,00:55,09:58,,,657,Zack,2026020002,#00205B,MacEwen,2,8479772,7,09:03,TOR,10,Toronto Maple Leafs,517
16646911,0,00:16,12:56,,,708,Zack,2026020002,#00205B,MacEwen,2,8479772,8,12:40,TOR,10,Toronto Maple Leafs,517
16646912,0,00:39,16:24,,,754,Zack,2026020002,#00205B,MacEwen,2,8479772,9,15:45,TOR,10,Toronto Maple Leafs,517
16646074,0,00:48,00:48,,,7,Nick,2026020002,#A6192E,Suzuki,1,8480018,1,00:00,MTL,8,MontrÃ©al Canadiens,517
16646253,0,00:56,03:30,,,94,Nick,2026020002,#A6192E,Suzuki,1,8480018,2,02:34,MTL,8,MontrÃ©al Canadiens,517
16646254,0,00:55,06:24,,,130,Nick,2026020002,#A6192E,Suzuki,1,8480018,3,05:29,MTL,8,MontrÃ©al Canadiens,517
16646255,0,01:12,09:45,,,175,Nick,2026020002,#A6192E,Suzuki,1,8480018,4,08:33,MTL,8,MontrÃ©al Canadiens,517
16646447,0,01:10,14:38,,,232,Nick,2026020002,#A6192E,Suzuki,1,8480018,5,13:28,MTL,8,MontrÃ©al Canadiens,517
16646520,0,01:22,18:29,,,330,Nick,2026020002,#A6192E,Suzuki,1,8480018,6,17:07,MTL,8,MontrÃ©al Canadiens,517
16646569,0,00:19,00:19,,,388,Nick,2026020002,#A6192E,Suzuki,2,8480018,7,00:00,MTL,8,MontrÃ©al Canadiens,517
16646570,0,01:09,04:03,,,478,Nick,2026020002,#A6192E,Suzuki,2,8480018,8,02:54,MTL,8,MontrÃ©al Canadiens,517
16646726,0,00:48,07:34,,,632,Nick,2026020002,#A6192E,Suzuki,2,8480018,9,06:46,MTL,8,MontrÃ©al Canadiens,517
16646913,0,00:51,11:56,,,684,Nick,2026020002,#A6192E,Suzuki,2,8480018,10,11:05,MTL,8,MontrÃ©al Canadiens,517
16646914,0,00:39,13:35,,,716,Nick,2026020002,#A6192E,Suzuki,2,8480018,11,12:56,MTL,8,MontrÃ©al Canadiens,517
16646915,0,00:45,17:15,,,766,Nick,2026020002,#A6192E,Suzuki,2,8480018,12,16:30,MTL,8,MontrÃ©al Canadiens,517
16646916,0,00:05,17:45,,,782,Nick,2026020002,#A6192E,Suzuki,2,8480018,13,17:40,MTL,8,MontrÃ©al Canadiens,517
16647033,0,00:26,20:00,,,804,Nick,2026020002,#A6192E,Suzuki,2,8480018,14,19:34,MTL,8,MontrÃ©al Canadiens,517
16647091,0,00:49,00:49,,,814,Nick,2026020002,#A6192E,Suzuki,3,8480018,15,00:00,MTL,8,MontrÃ©al Canadiens,517
16647092,0,00:40,03:40,,,853,Nick,2026020002,#A6192E,Suzuki,3,8480018,16,03:00,MTL,8,MontrÃ©al Canadiens,517
16647297,0,00:39,06:17,,,891,Nick,2026020002,#A6192E,Suzuki,3,8480018,17,05:38,MTL,8,MontrÃ©al Canadiens,517
16647298,0,01:26,08:10,,,904,Nick,2026020002,#A6192E,Suzuki,3,8480018,18,06:44,MTL,8,MontrÃ©al Canadiens,517
16647299,0,00:47,11:57,,,1016,Nick,2026020002,#A6192E,Suzuki,3,8480018,19,11:10,MTL,8,MontrÃ©al Canadiens,517
16647300,0,00:33,14:33,,,1056,Nick,2026020002,#A6192E,Suzuki,3,8480018,20,14:00,MTL,8,MontrÃ©al Canadiens,517
16647467,0,00:33,16:19,,,1091,Nick,2026020002,#A6192E,Suzuki,3,8480018,21,15:46,MTL,8,MontrÃ©al Canadiens,517
16647468,0,00:29,17:48,,,1110,Nick,2026020002,#A6192E,Suzuki,3,8480018,22,17:19,MTL,8,MontrÃ©al Canadiens,517
16647469,0,01:22,19:50,,,1125,Nick,2026020002,#A6192E,Suzuki,3,8480018,23,18:28,MTL,8,MontrÃ©al Canadiens,517
16646075,0,00:53,02:17,,,76,Alexandre,2026020002,#A6192E,Texier,1,8480074,1,01:24,MTL,8,MontrÃ©al Canadiens,517
16646256,0,00:49,05:32,,,123,Alexandre,2026020002,#A6192E,Texier,1,8480074,2,04:43,MTL,8,MontrÃ©al Canadiens,517
16646257,0,00:35,08:33,,,165,Alexandre,2026020002,#A6192E,Texier,1,8480074,3,07:58,MTL,8,MontrÃ©al Canadiens,517
16646258,0,00:45,10:30,,,186,Alexandre,2026020002,#A6192E,Texier,1,8480074,4,09:45,MTL,8,MontrÃ©al Canadiens,517
16646448,0,00:28,17:07,,,321,Alexandre,2026020002,#A6192E,Texier,1,8480074,5,16:39,MTL,8,MontrÃ©al Canadiens,517
16646571,0,00:51,01:57,,,458,Alexandre,2026020002,#A6192E,Texier,2,8480074,6,01:06,MTL,8,MontrÃ©al Canadiens,517
16646727,0,00:53,05:45,,,606,Alexandre,2026020002,#A6192E,Texier,2,8480074,7,04:52,MTL,8,MontrÃ©al Canadiens,517
16646728,0,01:54,11:05,,,659,Alexandre,2026020002,#A6192E,Texier,2,8480074,8,09:11,MTL,8,MontrÃ©al Canadiens,517
16646917,0,00:53,15:30,,,738,Alexandre,2026020002,#A6192E,Texier,2,8480074,9,14:37,MTL,8,MontrÃ©al Canadiens,517
16647093,0,00:55,03:04,,,840,Alexandre,2026020002,#A6192E,Texier,3,8480074,10,02:09,MTL,8,MontrÃ©al Canadiens,517
16647094,0,00:38,04:44,,,868,Alexandre,2026020002,#A6192E,Texier,3,8480074,11,04:06,MTL,8,MontrÃ©al Canadiens,517
16647301,0,01:04,09:16,,,924,Alexandre,2026020002,#A6192E,Texier,3,8480074,12,08:12,MTL,8,MontrÃ©al Canadiens,517
16647302,0,00:07,11:23,,,1018,Alexandre,2026020002,#A6192E,Texier,3,8480074,13,11:16,MTL,8,MontrÃ©al Canadiens,517
16647303,0,00:30,13:12,,,1044,Alexandre,2026020002,#A6192E,Texier,3,8480074,14,12:42,MTL,8,MontrÃ©al Canadiens,517
16647470,0,00:33,15:19,,,1075,Alexandre,2026020002,#A6192E,Texier,3,8480074,15,14:46,MTL,8,MontrÃ©al Canadiens,517
16647471,0,00:25,15:46,,,1084,Alexandre,2026020002,#A6192E,Texier,3,8480074,16,15:21,MTL,8,MontrÃ©al Canadiens,517
16646076,0,00:48,00:48,,,7,Noah,2026020002,#A6192E,Dobson,1,8480865,1,00:00,MTL,8,MontrÃ©al Canadiens,517
16646077,0,00:39,02:12,,,77,Noah,2026020002,#A6192E,Dobson,1,8480865,2,01:33,MTL,8,MontrÃ©al Canadiens,517
16646259,0,00:38,04:08,,,105,Noah,2026020002,#A6192E,Dobson,1,8480865,3,03:30,MTL,8,MontrÃ©al Canadiens,517
16646260,0,00:49,08:02,,,155,Noah,2026020002,#A6192E,Dobson,1,8480865,4,07:13,MTL,8,MontrÃ©al Canadiens,517
16646261,0,00:52,10:37,,,186,Noah,2026020002,#A6192E,Dobson,1,8480865,5,09:45,MTL,8,MontrÃ©al Canadiens,517
16646449,0,00:39,12:48,,,221,Noah,2026020002,#A6192E,Dobson,1,8480865,6,12:09,MTL,8,MontrÃ©al Canadiens,517
16646450,0,01:09,14:38,,,233,Noah,2026020002,#A6192E,Dobson,1,8480865,7,13:29,MTL,8,MontrÃ©al Canadiens,517
16646451,0,00:45,17:07,,,318,Noah,2026020002,#A6192E,Dobson,1,8480865,8,16:22,MTL,8,MontrÃ©al Canadiens,517
16646521,0,00:54,19:00,,,349,Noah,2026020002,#A6192E,Dobson,1,8480865,9,18:06,MTL,8,MontrÃ©al Canadiens,517
16646572,0,00:19,00:19,,,388,Noah,2026020002,#A6192E,Dobson,2,8480865,10,00:00,MTL,8,MontrÃ©al Canadiens,517
16646573,0,01:03,02:09,,,458,Noah,2026020002,#A6192E,Dobson,2,8480865,11,01:06,MTL,8,MontrÃ©al Canadiens,517
16646729,0,00:38,04:57,,,494,Noah,2026020002,#A6192E,Dobson,2,8480865,12,04:19,MTL,8,MontrÃ©al Canadiens,517
16646730,0,00:48,07:30,,,630,Noah,2026020002,#A6192E,Dobson,2,8480865,13,06:42,MTL,8,MontrÃ©al Canadiens,517
16646918,0,00:44,11:49,,,684,Noah,2026020002,#A6192E,Dobson,2,8480865,14,11:05,MTL,8,MontrÃ©al Canadiens,517
16646919,0,00:39,13:35,,,716,Noah,2026020002,#A6192E,Dobson,2,8480865,15,12:56,MTL,8,MontrÃ©al Canadiens,517
16646920,0,00:26,16:51,,,765,Noah,2026020002,#A6192E,Dobson,2,8480865,16,16:25,MTL,8,MontrÃ©al Canadiens,517
16646921,0,00:05,17:45,,,782,Noah,2026020002,#A6192E,Dobson,2,8480865,17,17:40,MTL,8,MontrÃ©al Canadiens,517
16647034,0,00:56,19:34,,,797,Noah,2026020002,#A6192E,Dobson,2,8480865,18,18:38,MTL,8,MontrÃ©al Canadiens,517
16647095,0,00:56,00:56,,,814,Noah,2026020002,#A6192E,Dobson,3,8480865,19,00:00,MTL,8,MontrÃ©al Canadiens,517
16647096,0,00:07,01:33,,,832,Noah,2026020002,#A6192E,Dobson,3,8480865,20,01:26,MTL,8,MontrÃ©al Canadiens,517
16647097,0,00:16,02:28,,,846,Noah,2026020002,#A6192E,Dobson,3,8480865,21,02:12,MTL,8,MontrÃ©al Canadiens,517
16647098,0,00:26,04:06,,,862,Noah,2026020002,#A6192E,Dobson,3,8480865,22,03:40,MTL,8,MontrÃ©al Canadiens,517
16647099,0,00:27,05:11,,,875,Noah,2026020002,#A6192E,Dobson,3,8480865,23,04:44,MTL,8,MontrÃ©al Canadiens,517
16647304,0,00:48,07:01,,,897,Noah,2026020002,#A6192E,Dobson,3,8480865,24,06:13,MTL,8,MontrÃ©al Canadiens,517
16647305,0,00:55,09:16,,,926,Noah,2026020002,#A6192E,Dobson,3,8480865,25,08:21,MTL,8,MontrÃ©al Canadiens,517
16647306,0,00:51,10:53,,,1001,Noah,2026020002,#A6192E,Dobson,3,8480865,26,10:02,MTL,8,MontrÃ©al Canadiens,517
16647307,0,00:34,12:42,,,1033,Noah,2026020002,#A6192E,Dobson,3,8480865,27,12:08,MTL,8,MontrÃ©al Canadiens,517
16647308,0,00:35,14:06,,,1053,Noah,2026020002,#A6192E,Dobson,3,8480865,28,13:31,MTL,8,MontrÃ©al Canadiens,517
16647472,0,00:02,15:21,,,1081,Noah,2026020002,#A6192E,Dobson,3,8480865,29,15:19,MTL,8,MontrÃ©al Canadiens,517
16647473,0,00:51,16:37,,,1091,Noah,2026020002,#A6192E,Dobson,3,8480865,30,15:46,MTL,8,MontrÃ©al Canadiens,517
16647474,0,00:45,17:46,,,1107,Noah,2026020002,#A6192E,Dobson,3,8480865,31,17:01,MTL,8,MontrÃ©al Canadiens,517
16647475,0,01:32,19:50,,,1120,Noah,2026020002,#A6192E,Dobson,3,8480865,32,18:18,MTL,8,MontrÃ©al Canadiens,517
16646078,0,00:48,00:48,,,6,Kirill,2026020002,#00205B,Marchenko,1,8480893,1,00:00,TOR,10,Toronto Maple Leafs,517
16646262,0,00:45,03:30,,,98,Kirill,2026020002,#00205B,Marchenko,1,8480893,2,02:45,TOR,10,Toronto Maple Leafs,517
16646263,0,00:42,06:13,,,134,Kirill,2026020002,#00205B,Marchenko,1,8480893,3,05:31,TOR,10,Toronto Maple Leafs,517
16646452,0,01:55,12:48,,,208,Kirill,2026020002,#00205B,Marchenko,1,8480893,4,10:53,TOR,10,Toronto Maple Leafs,517
16646453,0,01:05,15:36,,,248,Kirill,2026020002,#00205B,Marchenko,1,8480893,5,14:31,TOR,10,Toronto Maple Leafs,517
16646522,0,00:53,18:55,,,345,Kirill,2026020002,#00205B,Marchenko,1,8480893,6,18:02,TOR,10,Toronto Maple Leafs,517
16646574,0,00:19,00:19,,,387,Kirill,2026020002,#00205B,Marchenko,2,8480893,7,00:00,TOR,10,Toronto Maple Leafs,517
16646575,0,01:31,04:26,,,479,Kirill,2026020002,#00205B,Marchenko,2,8480893,8,02:55,TOR,10,Toronto Maple Leafs,517
16646731,0,01:02,07:33,,,628,Kirill,2026020002,#00205B,Marchenko,2,8480893,9,06:31,TOR,10,Toronto Maple Leafs,517
16646732,0,01:04,11:05,,,673,Kirill,2026020002,#00205B,Marchenko,2,8480893,10,10:01,TOR,10,Toronto Maple Leafs,517
16646922,0,00:39,13:35,,,717,Kirill,2026020002,#00205B,Marchenko,2,8480893,11,12:56,TOR,10,Toronto Maple Leafs,517
16646923,0,00:50,17:06,,,760,Kirill,2026020002,#00205B,Marchenko,2,8480893,12,16:16,TOR,10,Toronto Maple Leafs,517
16646924,0,01:08,18:53,,,790,Kirill,2026020002,#00205B,Marchenko,2,8480893,13,17:45,TOR,10,Toronto Maple Leafs,517
16647100,0,00:46,00:46,,,813,Kirill,2026020002,#00205B,Marchenko,3,8480893,14,00:00,TOR,10,Toronto Maple Leafs,517
16647101,0,00:45,03:40,,,851,Kirill,2026020002,#00205B,Marchenko,3,8480893,15,02:55,TOR,10,Toronto Maple Leafs,517
16647102,0,00:58,05:04,,,869,Kirill,2026020002,#00205B,Marchenko,3,8480893,16,04:06,TOR,10,Toronto Maple Leafs,517
16647309,0,01:11,10:27,,,940,Kirill,2026020002,#00205B,Marchenko,3,8480893,17,09:16,TOR,10,Toronto Maple Leafs,517
16647310,0,00:57,14:09,,,1052,Kirill,2026020002,#00205B,Marchenko,3,8480893,18,13:12,TOR,10,Toronto Maple Leafs,517
16647476,0,00:35,15:21,,,1073,Kirill,2026020002,#00205B,Marchenko,3,8480893,19,14:46,TOR,10,Toronto Maple Leafs,517
16647477,0,00:44,17:34,,,1104,Kirill,2026020002,#00205B,Marchenko,3,8480893,20,16:50,TOR,10,Toronto Maple Leafs,517
16647478,0,01:31,20:00,,,1126,Kirill,2026020002,#00205B,Marchenko,3,8480893,21,18:29,TOR,10,Toronto Maple Leafs,517
16646079,0,00:55,02:16,,,71,Kirby,2026020002,#A6192E,Dach,1,8481523,1,01:21,MTL,8,MontrÃ©al Canadiens,517
16646264,0,00:48,05:31,,,123,Kirby,2026020002,#A6192E,Dach,1,8481523,2,04:43,MTL,8,MontrÃ©al Canadiens,517
16646265,0,00:36,08:33,,,164,Kirby,2026020002,#A6192E,Dach,1,8481523,3,07:57,MTL,8,MontrÃ©al Canadiens,517
16646454,0,00:20,10:53,,,198,Kirby,2026020002,#A6192E,Dach,1,8481523,4,10:33,MTL,8,MontrÃ©al Canadiens,517
16646455,0,00:35,17:07,,,319,Kirby,2026020002,#A6192E,Dach,1,8481523,5,16:32,MTL,8,MontrÃ©al Canadiens,517
16646523,0,00:12,20:00,,,374,Kirby,2026020002,#A6192E,Dach,1,8481523,6,19:48,MTL,8,MontrÃ©al Canadiens,517
16646576,0,01:06,02:12,,,458,Kirby,2026020002,#A6192E,Dach,2,8481523,7,01:06,MTL,8,MontrÃ©al Canadiens,517
16646733,0,00:53,05:45,,,606,Kirby,2026020002,#A6192E,Dach,2,8481523,8,04:52,MTL,8,MontrÃ©al Canadiens,517
16646734,0,01:53,11:05,,,660,Kirby,2026020002,#A6192E,Dach,2,8481523,9,09:12,MTL,8,MontrÃ©al Canadiens,517
16646925,0,00:46,15:41,,,741,Kirby,2026020002,#A6192E,Dach,2,8481523,10,14:55,MTL,8,MontrÃ©al Canadiens,517
16647103,0,00:54,03:02,,,839,Kirby,2026020002,#A6192E,Dach,3,8481523,11,02:08,MTL,8,MontrÃ©al Canadiens,517
16647104,0,00:38,04:44,,,868,Kirby,2026020002,#A6192E,Dach,3,8481523,12,04:06,MTL,8,MontrÃ©al Canadiens,517
16647311,0,00:31,13:12,,,1043,Kirby,2026020002,#A6192E,Dach,3,8481523,13,12:41,MTL,8,MontrÃ©al Canadiens,517
16647479,0,01:00,15:46,,,1075,Kirby,2026020002,#A6192E,Dach,3,8481523,14,14:46,MTL,8,MontrÃ©al Canadiens,517
16646080,0,00:48,00:48,,,7,Cole,2026020002,#A6192E,Caufield,1,8481540,1,00:00,MTL,8,MontrÃ©al Canadiens,517
16646266,0,00:56,03:30,,,94,Cole,2026020002,#A6192E,Caufield,1,8481540,2,02:34,MTL,8,MontrÃ©al Canadiens,517
16646267,0,00:50,06:21,,,132,Cole,2026020002,#A6192E,Caufield,1,8481540,3,05:31,MTL,8,MontrÃ©al Canadiens,517
16646268,0,01:12,09:45,,,175,Cole,2026020002,#A6192E,Caufield,1,8481540,4,08:33,MTL,8,MontrÃ©al Canadiens,517
16646456,0,00:46,14:31,,,238,Cole,2026020002,#A6192E,Caufield,1,8481540,5,13:45,MTL,8,MontrÃ©al Canadiens,517
16646524,0,01:18,18:25,,,330,Cole,2026020002,#A6192E,Caufield,1,8481540,6,17:07,MTL,8,MontrÃ©al Canadiens,517
16646577,0,00:19,00:19,,,388,Cole,2026020002,#A6192E,Caufield,2,8481540,7,00:00,MTL,8,MontrÃ©al Canadiens,517
16646578,0,01:02,03:57,,,480,Cole,2026020002,#A6192E,Caufield,2,8481540,8,02:55,MTL,8,MontrÃ©al Canadiens,517
16646735,0,00:47,07:30,,,631,Cole,2026020002,#A6192E,Caufield,2,8481540,9,06:43,MTL,8,MontrÃ©al Canadiens,517
16646926,0,01:07,12:12,,,684,Cole,2026020002,#A6192E,Caufield,2,8481540,10,11:05,MTL,8,MontrÃ©al Canadiens,517
16646927,0,00:39,13:35,,,716,Cole,2026020002,#A6192E,Caufield,2,8481540,11,12:56,MTL,8,MontrÃ©al Canadiens,517
16646928,0,00:40,17:14,,,767,Cole,2026020002,#A6192E,Caufield,2,8481540,12,16:34,MTL,8,MontrÃ©al Canadiens,517
16646929,0,00:05,17:45,,,782,Cole,2026020002,#A6192E,Caufield,2,8481540,13,17:40,MTL,8,MontrÃ©al Canadiens,517
16647035,0,00:15,20:00,,,807,Cole,2026020002,#A6192E,Caufield,2,8481540,14,19:45,MTL,8,MontrÃ©al Canadiens,517
16647105,0,00:47,00:47,,,814,Cole,2026020002,#A6192E,Caufield,3,8481540,15,00:00,MTL,8,MontrÃ©al Canadiens,517
16647106,0,00:38,03:40,,,854,Cole,2026020002,#A6192E,Caufield,3,8481540,16,03:02,MTL,8,MontrÃ©al Canadiens,517
16647312,0,00:44,06:13,,,884,Cole,2026020002,#A6192E,Caufield,3,8481540,17,05:29,MTL,8,MontrÃ©al Canadiens,517
16647313,0,01:35,08:12,,,902,Cole,2026020002,#A6192E,Caufield,3,8481540,18,06:37,MTL,8,MontrÃ©al Canadiens,517
16647314,0,00:35,11:58,,,1021,Cole,2026020002,#A6192E,Caufield,3,8481540,19,11:23,MTL,8,MontrÃ©al Canadiens,517
16647315,0,00:19,14:22,,,1057,Cole,2026020002,#A6192E,Caufield,3,8481540,20,14:03,MTL,8,MontrÃ©al Canadiens,517
16647480,0,00:33,16:19,,,1091,Cole,2026020002,#A6192E,Caufield,3,8481540,21,15:46,MTL,8,MontrÃ©al Canadiens,517
16646269,0,00:22,02:34,,,83,Jayden,2026020002,#A6192E,Struble,1,8481593,1,02:12,MTL,8,MontrÃ©al Canadiens,517
16646270,0,01:09,05:17,,,113,Jayden,2026020002,#A6192E,Struble,1,8481593,2,04:08,MTL,8,MontrÃ©al Canadiens,517
16646271,0,00:31,08:33,,,167,Jayden,2026020002,#A6192E,Struble,1,8481593,3,08:02,MTL,8,MontrÃ©al Canadiens,517
16646457,0,00:58,16:32,,,312,Jayden,2026020002,#A6192E,Struble,1,8481593,4,15:34,MTL,8,MontrÃ©al Canadiens,517
16646525,0,00:40,20:00,,,371,Jayden,2026020002,#A6192E,Struble,1,8481593,5,19:20,MTL,8,MontrÃ©al Canadiens,517
16646579,0,01:01,03:10,,,467,Jayden,2026020002,#A6192E,Struble,2,8481593,6,02:09,MTL,8,MontrÃ©al Canadiens,517
16646736,0,00:48,05:45,,,610,Jayden,2026020002,#A6192E,Struble,2,8481593,7,04:57,MTL,8,MontrÃ©al Canadiens,517
16646737,0,01:51,11:05,,,661,Jayden,2026020002,#A6192E,Struble,2,8481593,8,09:14,MTL,8,MontrÃ©al Canadiens,517
16646930,0,00:09,12:56,,,712,Jayden,2026020002,#A6192E,Struble,2,8481593,9,12:47,MTL,8,MontrÃ©al Canadiens,517
16646931,0,01:15,16:25,,,746,Jayden,2026020002,#A6192E,Struble,2,8481593,10,15:10,MTL,8,MontrÃ©al Canadiens,517
16647107,0,00:39,02:12,,,835,Jayden,2026020002,#A6192E,Struble,3,8481593,11,01:33,MTL,8,MontrÃ©al Canadiens,517
16647108,0,00:27,05:38,,,882,Jayden,2026020002,#A6192E,Struble,3,8481593,12,05:11,MTL,8,MontrÃ©al Canadiens,517
16647316,0,00:32,12:08,,,1025,Jayden,2026020002,#A6192E,Struble,3,8481593,13,11:36,MTL,8,MontrÃ©al Canadiens,517
16647481,0,00:40,14:46,,,1060,Jayden,2026020002,#A6192E,Struble,3,8481593,14,14:06,MTL,8,MontrÃ©al Canadiens,517
16646081,0,00:35,01:23,,,65,Alex,2026020002,#A6192E,Newhook,1,8481618,1,00:48,MTL,8,MontrÃ©al Canadiens,517
16646272,0,00:46,04:16,,,105,Alex,2026020002,#A6192E,Newhook,1,8481618,2,03:30,MTL,8,MontrÃ©al Canadiens,517
16646273,0,00:41,07:05,,,144,Alex,2026020002,#A6192E,Newhook,1,8481618,3,06:24,MTL,8,MontrÃ©al Canadiens,517
16646274,0,00:48,10:33,,,186,Alex,2026020002,#A6192E,Newhook,1,8481618,4,09:45,MTL,8,MontrÃ©al Canadiens,517
16646458,0,00:49,11:42,,,207,Alex,2026020002,#A6192E,Newhook,1,8481618,5,10:53,MTL,8,MontrÃ©al Canadiens,517
16646459,0,00:41,13:29,,,228,Alex,2026020002,#A6192E,Newhook,1,8481618,6,12:48,MTL,8,MontrÃ©al Canadiens,517
16646460,0,00:55,16:16,,,304,Alex,2026020002,#A6192E,Newhook,1,8481618,7,15:21,MTL,8,MontrÃ©al Canadiens,517
16646526,0,00:38,19:07,,,356,Alex,2026020002,#A6192E,Newhook,1,8481618,8,18:29,MTL,8,MontrÃ©al Canadiens,517
16646580,0,00:42,02:54,,,469,Alex,2026020002,#A6192E,Newhook,2,8481618,9,02:12,MTL,8,MontrÃ©al Canadiens,517
16646738,0,01:01,06:46,,,618,Alex,2026020002,#A6192E,Newhook,2,8481618,10,05:45,MTL,8,MontrÃ©al Canadiens,517
16646739,0,00:52,09:19,,,652,Alex,2026020002,#A6192E,Newhook,2,8481618,11,08:27,MTL,8,MontrÃ©al Canadiens,517
16646932,0,00:44,12:56,,,705,Alex,2026020002,#A6192E,Newhook,2,8481618,12,12:12,MTL,8,MontrÃ©al Canadiens,517
16646933,0,00:12,15:08,,,742,Alex,2026020002,#A6192E,Newhook,2,8481618,13,14:56,MTL,8,MontrÃ©al Canadiens,517
16646934,0,00:30,17:40,,,774,Alex,2026020002,#A6192E,Newhook,2,8481618,14,17:10,MTL,8,MontrÃ©al Canadiens,517
16646935,0,00:53,18:38,,,791,Alex,2026020002,#A6192E,Newhook,2,8481618,15,17:45,MTL,8,MontrÃ©al Canadiens,517
16647109,0,00:37,01:26,,,824,Alex,2026020002,#A6192E,Newhook,3,8481618,16,00:49,MTL,8,MontrÃ©al Canadiens,517
16647110,0,00:54,05:38,,,875,Alex,2026020002,#A6192E,Newhook,3,8481618,17,04:44,MTL,8,MontrÃ©al Canadiens,517
16647317,0,00:36,08:46,,,923,Alex,2026020002,#A6192E,Newhook,3,8481618,18,08:10,MTL,8,MontrÃ©al Canadiens,517
16647318,0,00:19,09:35,,,939,Alex,2026020002,#A6192E,Newhook,3,8481618,19,09:16,MTL,8,MontrÃ©al Canadiens,517
16647319,0,00:38,10:43,,,1004,Alex,2026020002,#A6192E,Newhook,3,8481618,20,10:05,MTL,8,MontrÃ©al Canadiens,517
16647320,0,00:42,12:39,,,1030,Alex,2026020002,#A6192E,Newhook,3,8481618,21,11:57,MTL,8,MontrÃ©al Canadiens,517
16647482,0,00:13,14:46,,,1067,Alex,2026020002,#A6192E,Newhook,3,8481618,22,14:33,MTL,8,MontrÃ©al Canadiens,517
16647483,0,00:45,17:04,,,1095,Alex,2026020002,#A6192E,Newhook,3,8481618,23,16:19,MTL,8,MontrÃ©al Canadiens,517
16647484,0,00:40,18:28,,,1116,Alex,2026020002,#A6192E,Newhook,3,8481618,24,17:48,MTL,8,MontrÃ©al Canadiens,517
16646082,0,20:00,20:00,,,7,Jakub,2026020002,#A6192E,Dobes,1,8482487,1,00:00,MTL,8,MontrÃ©al Canadiens,517
16646581,0,20:00,20:00,,,388,Jakub,2026020002,#A6192E,Dobes,2,8482487,2,00:00,MTL,8,MontrÃ©al Canadiens,517
16647111,0,06:37,06:37,,,814,Jakub,2026020002,#A6192E,Dobes,3,8482487,3,00:00,MTL,8,MontrÃ©al Canadiens,517
16647321,0,12:59,20:00,,,911,Jakub,2026020002,#A6192E,Dobes,3,8482487,4,07:01,MTL,8,MontrÃ©al Canadiens,517
16646275,0,00:18,02:34,,,86,Zachary,2026020002,#A6192E,Bolduc,1,8482737,1,02:16,MTL,8,MontrÃ©al Canadiens,517
16646276,0,00:24,04:43,,,117,Zachary,2026020002,#A6192E,Bolduc,1,8482737,2,04:19,MTL,8,MontrÃ©al Canadiens,517
16646277,0,00:49,07:57,,,153,Zachary,2026020002,#A6192E,Bolduc,1,8482737,3,07:08,MTL,8,MontrÃ©al Canadiens,517
16646278,0,00:42,10:27,,,186,Zachary,2026020002,#A6192E,Bolduc,1,8482737,4,09:45,MTL,8,MontrÃ©al Canadiens,517
16646461,0,01:03,15:34,,,247,Zachary,2026020002,#A6192E,Bolduc,1,8482737,5,14:31,MTL,8,MontrÃ©al Canadiens,517
16646527,0,00:49,20:00,,,369,Zachary,2026020002,#A6192E,Bolduc,1,8482737,6,19:11,MTL,8,MontrÃ©al Canadiens,517
16647419,803,,04:52,EVG,"Mike Matheson, Josh Anderson",602,Zachary,2026020002,#A6192E,Bolduc,2,8482737,0,04:52,MTL,8,MontrÃ©al Canadiens,505
16646582,0,00:47,01:06,,,394,Zachary,2026020002,#A6192E,Bolduc,2,8482737,7,00:19,MTL,8,MontrÃ©al Canadiens,517
16646740,0,00:49,04:52,,,490,Zachary,2026020002,#A6192E,Bolduc,2,8482737,8,04:03,MTL,8,MontrÃ©al Canadiens,517
16646741,0,00:57,08:27,,,637,Zachary,2026020002,#A6192E,Bolduc,2,8482737,9,07:30,MTL,8,MontrÃ©al Canadiens,517
16646936,0,00:49,16:30,,,753,Zachary,2026020002,#A6192E,Bolduc,2,8482737,10,15:41,MTL,8,MontrÃ©al Canadiens,517
16647112,0,00:43,02:09,,,832,Zachary,2026020002,#A6192E,Bolduc,3,8482737,11,01:26,MTL,8,MontrÃ©al Canadiens,517
16647113,0,00:26,04:06,,,862,Zachary,2026020002,#A6192E,Bolduc,3,8482737,12,03:40,MTL,8,MontrÃ©al Canadiens,517
16647322,0,00:36,06:49,,,897,Zachary,2026020002,#A6192E,Bolduc,3,8482737,13,06:13,MTL,8,MontrÃ©al Canadiens,517
16647323,0,01:01,09:16,,,925,Zachary,2026020002,#A6192E,Bolduc,3,8482737,14,08:15,MTL,8,MontrÃ©al Canadiens,517
16647324,0,00:51,14:03,,,1051,Zachary,2026020002,#A6192E,Bolduc,3,8482737,15,13:12,MTL,8,MontrÃ©al Canadiens,517
16646279,0,00:24,02:34,,,81,Arber,2026020002,#A6192E,Xhekaj,1,8482964,1,02:10,MTL,8,MontrÃ©al Canadiens,517
16646280,0,01:09,05:16,,,112,Arber,2026020002,#A6192E,Xhekaj,1,8482964,2,04:07,MTL,8,MontrÃ©al Canadiens,517
16646281,0,00:38,07:13,,,146,Arber,2026020002,#A6192E,Xhekaj,1,8482964,3,06:35,MTL,8,MontrÃ©al Canadiens,517
16646282,0,00:39,08:33,,,162,Arber,2026020002,#A6192E,Xhekaj,1,8482964,4,07:54,MTL,8,MontrÃ©al Canadiens,517
16646462,0,00:38,12:48,,,222,Arber,2026020002,#A6192E,Xhekaj,1,8482964,5,12:10,MTL,8,MontrÃ©al Canadiens,517
16646528,0,00:49,19:49,,,362,Arber,2026020002,#A6192E,Xhekaj,1,8482964,6,19:00,MTL,8,MontrÃ©al Canadiens,517
16646583,0,01:02,03:12,,,468,Arber,2026020002,#A6192E,Xhekaj,2,8482964,7,02:10,MTL,8,MontrÃ©al Canadiens,517
16646742,0,00:12,05:09,,,610,Arber,2026020002,#A6192E,Xhekaj,2,8482964,8,04:57,MTL,8,MontrÃ©al Canadiens,517
16646743,0,00:51,06:43,,,623,Arber,2026020002,#A6192E,Xhekaj,2,8482964,9,05:52,MTL,8,MontrÃ©al Canadiens,517
16646744,0,01:50,11:05,,,663,Arber,2026020002,#A6192E,Xhekaj,2,8482964,10,09:15,MTL,8,MontrÃ©al Canadiens,517
16646937,0,01:10,16:22,,,747,Arber,2026020002,#A6192E,Xhekaj,2,8482964,11,15:12,MTL,8,MontrÃ©al Canadiens,517
16647036,0,00:25,20:00,,,806,Arber,2026020002,#A6192E,Xhekaj,2,8482964,12,19:35,MTL,8,MontrÃ©al Canadiens,517
16647114,0,00:37,02:12,,,836,Arber,2026020002,#A6192E,Xhekaj,3,8482964,13,01:35,MTL,8,MontrÃ©al Canadiens,517
16647115,0,00:33,05:38,,,881,Arber,2026020002,#A6192E,Xhekaj,3,8482964,14,05:05,MTL,8,MontrÃ©al Canadiens,517
16647325,0,00:41,10:44,,,1002,Arber,2026020002,#A6192E,Xhekaj,3,8482964,15,10:03,MTL,8,MontrÃ©al Canadiens,517
16647485,0,00:42,14:46,,,1059,Arber,2026020002,#A6192E,Xhekaj,3,8482964,16,14:04,MTL,8,MontrÃ©al Canadiens,517
16646083,0,00:45,01:33,,,65,Lane,2026020002,#A6192E,Hutson,1,8483457,1,00:48,MTL,8,MontrÃ©al Canadiens,517
16646283,0,00:56,03:30,,,94,Lane,2026020002,#A6192E,Hutson,1,8483457,2,02:34,MTL,8,MontrÃ©al Canadiens,517
16646284,0,01:03,06:20,,,129,Lane,2026020002,#A6192E,Hutson,1,8483457,3,05:17,MTL,8,MontrÃ©al Canadiens,517
16646285,0,01:12,09:45,,,175,Lane,2026020002,#A6192E,Hutson,1,8483457,4,08:33,MTL,8,MontrÃ©al Canadiens,517
16646463,0,00:49,11:42,,,207,Lane,2026020002,#A6192E,Hutson,1,8483457,5,10:53,MTL,8,MontrÃ©al Canadiens,517
16646464,0,01:01,14:40,,,234,Lane,2026020002,#A6192E,Hutson,1,8483457,6,13:39,MTL,8,MontrÃ©al Canadiens,517
16646465,0,00:57,16:22,,,305,Lane,2026020002,#A6192E,Hutson,1,8483457,7,15:25,MTL,8,MontrÃ©al Canadiens,517
16646529,0,01:35,18:42,,,330,Lane,2026020002,#A6192E,Hutson,1,8483457,8,17:07,MTL,8,MontrÃ©al Canadiens,517
16646584,0,00:47,01:06,,,394,Lane,2026020002,#A6192E,Hutson,2,8483457,9,00:19,MTL,8,MontrÃ©al Canadiens,517
16646585,0,01:09,04:19,,,482,Lane,2026020002,#A6192E,Hutson,2,8483457,10,03:10,MTL,8,MontrÃ©al Canadiens,517
16646745,0,01:11,06:20,,,614,Lane,2026020002,#A6192E,Hutson,2,8483457,11,05:09,MTL,8,MontrÃ©al Canadiens,517
16646746,0,01:45,09:15,,,637,Lane,2026020002,#A6192E,Hutson,2,8483457,12,07:30,MTL,8,MontrÃ©al Canadiens,517
16646938,0,01:07,12:56,,,695,Lane,2026020002,#A6192E,Hutson,2,8483457,13,11:49,MTL,8,MontrÃ©al Canadiens,517
16646939,0,01:38,15:12,,,729,Lane,2026020002,#A6192E,Hutson,2,8483457,14,13:34,MTL,8,MontrÃ©al Canadiens,517
16646940,0,00:54,17:45,,,768,Lane,2026020002,#A6192E,Hutson,2,8483457,15,16:51,MTL,8,MontrÃ©al Canadiens,517
16647116,0,00:38,01:26,,,822,Lane,2026020002,#A6192E,Hutson,3,8483457,16,00:48,MTL,8,MontrÃ©al Canadiens,517
16647117,0,00:36,03:40,,,856,Lane,2026020002,#A6192E,Hutson,3,8483457,17,03:04,MTL,8,MontrÃ©al Canadiens,517
16647118,0,00:38,04:44,,,868,Lane,2026020002,#A6192E,Hutson,3,8483457,18,04:06,MTL,8,MontrÃ©al Canadiens,517
16647326,0,00:39,06:17,,,891,Lane,2026020002,#A6192E,Hutson,3,8483457,19,05:38,MTL,8,MontrÃ©al Canadiens,517
16647327,0,01:35,08:21,,,906,Lane,2026020002,#A6192E,Hutson,3,8483457,20,06:46,MTL,8,MontrÃ©al Canadiens,517
16647328,0,00:35,12:10,,,1023,Lane,2026020002,#A6192E,Hutson,3,8483457,21,11:35,MTL,8,MontrÃ©al Canadiens,517
16647329,0,00:45,13:31,,,1046,Lane,2026020002,#A6192E,Hutson,3,8483457,22,12:46,MTL,8,MontrÃ©al Canadiens,517
16647486,0,01:00,15:46,,,1075,Lane,2026020002,#A6192E,Hutson,3,8483457,23,14:46,MTL,8,MontrÃ©al Canadiens,517
16647487,0,00:22,17:01,,,1101,Lane,2026020002,#A6192E,Hutson,3,8483457,24,16:39,MTL,8,MontrÃ©al Canadiens,517
16647488,0,00:30,18:18,,,1116,Lane,2026020002,#A6192E,Hutson,3,8483457,25,17:48,MTL,8,MontrÃ©al Canadiens,517
16646084,0,00:36,01:24,,,65,Juraj,2026020002,#A6192E,SlafkovskÃ½,1,8483515,1,00:48,MTL,8,MontrÃ©al Canadiens,517
16646286,0,00:47,04:17,,,105,Juraj,2026020002,#A6192E,SlafkovskÃ½,1,8483515,2,03:30,MTL,8,MontrÃ©al Canadiens,517
16646287,0,00:48,07:08,,,141,Juraj,2026020002,#A6192E,SlafkovskÃ½,1,8483515,3,06:20,MTL,8,MontrÃ©al Canadiens,517
16646288,0,01:12,09:45,,,175,Juraj,2026020002,#A6192E,SlafkovskÃ½,1,8483515,4,08:33,MTL,8,MontrÃ©al Canadiens,517
16646466,0,00:49,11:42,,,207,Juraj,2026020002,#A6192E,SlafkovskÃ½,1,8483515,5,10:53,MTL,8,MontrÃ©al Canadiens,517
16646467,0,00:58,16:32,,,312,Juraj,2026020002,#A6192E,SlafkovskÃ½,1,8483515,6,15:34,MTL,8,MontrÃ©al Canadiens,517
16646530,0,00:47,19:13,,,351,Juraj,2026020002,#A6192E,SlafkovskÃ½,1,8483515,7,18:26,MTL,8,MontrÃ©al Canadiens,517
16646586,0,00:52,03:04,,,469,Juraj,2026020002,#A6192E,SlafkovskÃ½,2,8483515,8,02:12,MTL,8,MontrÃ©al Canadiens,517
16646747,0,00:56,06:41,,,618,Juraj,2026020002,#A6192E,SlafkovskÃ½,2,8483515,9,05:45,MTL,8,MontrÃ©al Canadiens,517
16646748,0,00:45,09:12,,,652,Juraj,2026020002,#A6192E,SlafkovskÃ½,2,8483515,10,08:27,MTL,8,MontrÃ©al Canadiens,517
16646941,0,00:44,12:56,,,705,Juraj,2026020002,#A6192E,SlafkovskÃ½,2,8483515,11,12:12,MTL,8,MontrÃ©al Canadiens,517
16646942,0,01:20,14:55,,,731,Juraj,2026020002,#A6192E,SlafkovskÃ½,2,8483515,12,13:35,MTL,8,MontrÃ©al Canadiens,517
16646943,0,00:26,17:40,,,775,Juraj,2026020002,#A6192E,SlafkovskÃ½,2,8483515,13,17:14,MTL,8,MontrÃ©al Canadiens,517
16647119,0,00:39,01:26,,,820,Juraj,2026020002,#A6192E,SlafkovskÃ½,3,8483515,14,00:47,MTL,8,MontrÃ©al Canadiens,517
16647120,0,00:54,05:38,,,875,Juraj,2026020002,#A6192E,SlafkovskÃ½,3,8483515,15,04:44,MTL,8,MontrÃ©al Canadiens,517
16647330,0,01:29,08:15,,,906,Juraj,2026020002,#A6192E,SlafkovskÃ½,3,8483515,16,06:46,MTL,8,MontrÃ©al Canadiens,517
16647331,0,00:53,12:41,,,1029,Juraj,2026020002,#A6192E,SlafkovskÃ½,3,8483515,17,11:48,MTL,8,MontrÃ©al Canadiens,517
16647489,0,00:39,14:46,,,1061,Juraj,2026020002,#A6192E,SlafkovskÃ½,3,8483515,18,14:07,MTL,8,MontrÃ©al Canadiens,517
16647490,0,00:49,17:50,,,1107,Juraj,2026020002,#A6192E,SlafkovskÃ½,3,8483515,19,17:01,MTL,8,MontrÃ©al Canadiens,517
16647491,0,01:30,19:50,,,1122,Juraj,2026020002,#A6192E,SlafkovskÃ½,3,8483515,20,18:20,MTL,8,MontrÃ©al Canadiens,517
16646085,0,00:34,01:22,,,67,Easton,2026020002,#00205B,Cowan,1,8484158,1,00:48,TOR,10,Toronto Maple Leafs,517
16646289,0,01:13,05:31,,,116,Easton,2026020002,#00205B,Cowan,1,8484158,2,04:18,TOR,10,Toronto Maple Leafs,517
16646290,0,00:58,08:33,,,158,Easton,2026020002,#00205B,Cowan,1,8484158,3,07:35,TOR,10,Toronto Maple Leafs,517
16646468,0,00:54,13:42,,,229,Easton,2026020002,#00205B,Cowan,1,8484158,4,12:48,TOR,10,Toronto Maple Leafs,517
16646469,0,00:51,17:35,,,325,Easton,2026020002,#00205B,Cowan,1,8484158,5,16:44,TOR,10,Toronto Maple Leafs,517
16646587,0,01:10,02:16,,,457,Easton,2026020002,#00205B,Cowan,2,8484158,6,01:06,TOR,10,Toronto Maple Leafs,517
16646749,0,00:45,06:30,,,619,Easton,2026020002,#00205B,Cowan,2,8484158,7,05:45,TOR,10,Toronto Maple Leafs,517
16646750,0,00:49,09:16,,,653,Easton,2026020002,#00205B,Cowan,2,8484158,8,08:27,TOR,10,Toronto Maple Leafs,517
16646944,0,00:37,11:42,,,685,Easton,2026020002,#00205B,Cowan,2,8484158,9,11:05,TOR,10,Toronto Maple Leafs,517
16646945,0,01:10,15:32,,,737,Easton,2026020002,#00205B,Cowan,2,8484158,10,14:22,TOR,10,Toronto Maple Leafs,517
16646946,0,00:05,17:45,,,783,Easton,2026020002,#00205B,Cowan,2,8484158,11,17:40,TOR,10,Toronto Maple Leafs,517
16647037,0,00:44,20:00,,,803,Easton,2026020002,#00205B,Cowan,2,8484158,12,19:16,TOR,10,Toronto Maple Leafs,517
16647121,0,00:43,02:09,,,833,Easton,2026020002,#00205B,Cowan,3,8484158,13,01:26,TOR,10,Toronto Maple Leafs,517
16647332,0,01:13,06:17,,,880,Easton,2026020002,#00205B,Cowan,3,8484158,14,05:04,TOR,10,Toronto Maple Leafs,517
16647333,0,01:17,11:44,,,1007,Easton,2026020002,#00205B,Cowan,3,8484158,15,10:27,TOR,10,Toronto Maple Leafs,517
16647492,0,00:39,14:46,,,1063,Easton,2026020002,#00205B,Cowan,3,8484158,16,14:07,TOR,10,Toronto Maple Leafs,517
16647493,0,00:25,15:46,,,1083,Easton,2026020002,#00205B,Cowan,3,8484158,17,15:21,TOR,10,Toronto Maple Leafs,517
16647494,0,00:11,16:50,,,1098,Easton,2026020002,#00205B,Cowan,3,8484158,18,16:39,TOR,10,Toronto Maple Leafs,517
16647495,0,01:40,20:00,,,1121,Easton,2026020002,#00205B,Cowan,3,8484158,19,18:20,TOR,10,Toronto Maple Leafs,517
16646086,0,00:57,01:21,,,57,Ivan,2026020002,#A6192E,Demidov,1,8484984,1,00:24,MTL,8,MontrÃ©al Canadiens,517
16646291,0,00:49,04:19,,,105,Ivan,2026020002,#A6192E,Demidov,1,8484984,2,03:30,MTL,8,MontrÃ©al Canadiens,517
16646292,0,00:48,07:09,,,142,Ivan,2026020002,#A6192E,Demidov,1,8484984,3,06:21,MTL,8,MontrÃ©al Canadiens,517
16646293,0,01:12,09:45,,,175,Ivan,2026020002,#A6192E,Demidov,1,8484984,4,08:33,MTL,8,MontrÃ©al Canadiens,517
16646470,0,00:49,11:42,,,207,Ivan,2026020002,#A6192E,Demidov,1,8484984,5,10:53,MTL,8,MontrÃ©al Canadiens,517
16646471,0,00:03,13:45,,,235,Ivan,2026020002,#A6192E,Demidov,1,8484984,6,13:42,MTL,8,MontrÃ©al Canadiens,517
16646472,0,01:08,16:39,,,308,Ivan,2026020002,#A6192E,Demidov,1,8484984,7,15:31,MTL,8,MontrÃ©al Canadiens,517
16646531,0,00:46,19:11,,,350,Ivan,2026020002,#A6192E,Demidov,1,8484984,8,18:25,MTL,8,MontrÃ©al Canadiens,517
16646588,0,00:58,02:55,,,465,Ivan,2026020002,#A6192E,Demidov,2,8484984,9,01:57,MTL,8,MontrÃ©al Canadiens,517
16646751,0,00:57,06:42,,,618,Ivan,2026020002,#A6192E,Demidov,2,8484984,10,05:45,MTL,8,MontrÃ©al Canadiens,517
16646752,0,00:44,09:11,,,652,Ivan,2026020002,#A6192E,Demidov,2,8484984,11,08:27,MTL,8,MontrÃ©al Canadiens,517
16646947,0,00:44,12:56,,,705,Ivan,2026020002,#A6192E,Demidov,2,8484984,12,12:12,MTL,8,MontrÃ©al Canadiens,517
16646948,0,01:00,14:37,,,732,Ivan,2026020002,#A6192E,Demidov,2,8484984,13,13:37,MTL,8,MontrÃ©al Canadiens,517
16646949,0,00:25,17:40,,,776,Ivan,2026020002,#A6192E,Demidov,2,8484984,14,17:15,MTL,8,MontrÃ©al Canadiens,517
16647122,0,00:36,01:26,,,825,Ivan,2026020002,#A6192E,Demidov,3,8484984,15,00:50,MTL,8,MontrÃ©al Canadiens,517
16647123,0,00:45,05:29,,,875,Ivan,2026020002,#A6192E,Demidov,3,8484984,16,04:44,MTL,8,MontrÃ©al Canadiens,517
16647334,0,01:23,08:12,,,907,Ivan,2026020002,#A6192E,Demidov,3,8484984,17,06:49,MTL,8,MontrÃ©al Canadiens,517
16647335,0,00:43,12:41,,,1031,Ivan,2026020002,#A6192E,Demidov,3,8484984,18,11:58,MTL,8,MontrÃ©al Canadiens,517
16647496,0,00:24,14:46,,,1066,Ivan,2026020002,#A6192E,Demidov,3,8484984,19,14:22,MTL,8,MontrÃ©al Canadiens,517
16646294,0,00:57,02:18,,,74,Gavin,2026020002,#00205B,McKenna,1,8486067,1,01:21,TOR,10,Toronto Maple Leafs,517
16646295,0,00:48,04:18,,,107,Gavin,2026020002,#00205B,McKenna,1,8486067,2,03:30,TOR,10,Toronto Maple Leafs,517
16646296,0,00:50,07:35,,,149,Gavin,2026020002,#00205B,McKenna,1,8486067,3,06:45,TOR,10,Toronto Maple Leafs,517
16646473,0,01:14,14:02,,,229,Gavin,2026020002,#00205B,McKenna,1,8486067,4,12:48,TOR,10,Toronto Maple Leafs,517
16646474,0,01:08,16:44,,,311,Gavin,2026020002,#00205B,McKenna,1,8486067,5,15:36,TOR,10,Toronto Maple Leafs,517
16646532,0,01:05,20:00,,,360,Gavin,2026020002,#00205B,McKenna,1,8486067,6,18:55,TOR,10,Toronto Maple Leafs,517
16646589,0,00:47,01:06,,,395,Gavin,2026020002,#00205B,McKenna,2,8486067,7,00:19,TOR,10,Toronto Maple Leafs,517
16646753,0,00:26,04:52,,,499,Gavin,2026020002,#00205B,McKenna,2,8486067,8,04:26,TOR,10,Toronto Maple Leafs,517
16646754,0,00:54,08:27,,,640,Gavin,2026020002,#00205B,McKenna,2,8486067,9,07:33,TOR,10,Toronto Maple Leafs,517
16646950,0,01:01,12:43,,,692,Gavin,2026020002,#00205B,McKenna,2,8486067,10,11:42,TOR,10,Toronto Maple Leafs,517
16646951,0,00:34,17:40,,,772,Gavin,2026020002,#00205B,McKenna,2,8486067,11,17:06,TOR,10,Toronto Maple Leafs,517
16647038,0,01:21,20:00,,,796,Gavin,2026020002,#00205B,McKenna,2,8486067,12,18:39,TOR,10,Toronto Maple Leafs,517
16647124,0,00:41,01:26,,,821,Gavin,2026020002,#00205B,McKenna,3,8486067,13,00:45,TOR,10,Toronto Maple Leafs,517
16647125,0,00:26,04:06,,,863,Gavin,2026020002,#00205B,McKenna,3,8486067,14,03:40,TOR,10,Toronto Maple Leafs,517
16647336,0,00:26,06:43,,,900,Gavin,2026020002,#00205B,McKenna,3,8486067,15,06:17,TOR,10,Toronto Maple Leafs,517
16647337,0,00:55,11:38,,,1012,Gavin,2026020002,#00205B,McKenna,3,8486067,16,10:43,TOR,10,Toronto Maple Leafs,517
16647338,0,00:53,13:12,,,1036,Gavin,2026020002,#00205B,McKenna,3,8486067,17,12:19,TOR,10,Toronto Maple Leafs,517
16647497,0,00:53,16:39,,,1092,Gavin,2026020002,#00205B,McKenna,3,8486067,18,15:46,TOR,10,Toronto Maple Leafs,517
16646590,0,00:54,02:58,,,77,Sean,2026020003,#111111,Kuraly,1,8476374,1,02:04,BOS,6,Boston Bruins,517
16646591,0,01:08,06:02,,,126,Sean,2026020003,#111111,Kuraly,1,8476374,2,04:54,BOS,6,Boston Bruins,517
16646755,0,01:11,10:01,,,176,Sean,2026020003,#111111,Kuraly,1,8476374,3,08:50,BOS,6,Boston Bruins,517
16646756,0,00:35,11:42,,,203,Sean,2026020003,#111111,Kuraly,1,8476374,4,11:07,BOS,6,Boston Bruins,517
16646952,0,00:53,20:00,,,419,Sean,2026020003,#111111,Kuraly,1,8476374,5,19:07,BOS,6,Boston Bruins,517
16647126,0,01:04,04:21,,,465,Sean,2026020003,#111111,Kuraly,2,8476374,6,03:17,BOS,6,Boston Bruins,517
16647127,0,01:33,08:54,,,518,Sean,2026020003,#111111,Kuraly,2,8476374,7,07:21,BOS,6,Boston Bruins,517
16647339,0,00:52,11:24,,,569,Sean,2026020003,#111111,Kuraly,2,8476374,8,10:32,BOS,6,Boston Bruins,517
16647340,0,00:39,15:54,,,623,Sean,2026020003,#111111,Kuraly,2,8476374,9,15:15,BOS,6,Boston Bruins,517
16647498,0,00:22,19:43,,,672,Sean,2026020003,#111111,Kuraly,2,8476374,10,19:21,BOS,6,Boston Bruins,517
16647541,0,01:08,03:13,,,716,Sean,2026020003,#111111,Kuraly,3,8476374,11,02:05,BOS,6,Boston Bruins,517
16647602,0,01:05,06:50,,,759,Sean,2026020003,#111111,Kuraly,3,8476374,12,05:45,BOS,6,Boston Bruins,517
16647603,0,00:47,09:55,,,814,Sean,2026020003,#111111,Kuraly,3,8476374,13,09:08,BOS,6,Boston Bruins,517
16647825,0,00:55,13:10,,,901,Sean,2026020003,#111111,Kuraly,3,8476374,14,12:15,BOS,6,Boston Bruins,517
16648033,0,00:58,18:27,,,998,Sean,2026020003,#111111,Kuraly,3,8476374,15,17:29,BOS,6,Boston Bruins,517
16648034,0,00:57,20:00,,,1011,Sean,2026020003,#111111,Kuraly,3,8476374,16,19:03,BOS,6,Boston Bruins,517
16646592,0,00:43,01:16,,,56,Mika,2026020003,#0033A0,Zibanejad,1,8476459,1,00:33,NYR,3,New York Rangers,517
16646593,0,00:25,03:49,,,97,Mika,2026020003,#0033A0,Zibanejad,1,8476459,2,03:24,NYR,3,New York Rangers,517
16646757,0,00:47,07:18,,,142,Mika,2026020003,#0033A0,Zibanejad,1,8476459,3,06:31,NYR,3,New York Rangers,517
16646758,0,02:49,12:14,,,181,Mika,2026020003,#0033A0,Zibanejad,1,8476459,4,09:25,NYR,3,New York Rangers,517
16646759,0,00:24,13:40,,,230,Mika,2026020003,#0033A0,Zibanejad,1,8476459,5,13:16,NYR,3,New York Rangers,517
16646953,0,00:50,16:23,,,363,Mika,2026020003,#0033A0,Zibanejad,1,8476459,6,15:33,NYR,3,New York Rangers,517
16646954,0,00:12,17:08,,,385,Mika,2026020003,#0033A0,Zibanejad,1,8476459,7,16:56,NYR,3,New York Rangers,517
16646955,0,00:20,20:00,,,423,Mika,2026020003,#0033A0,Zibanejad,1,8476459,8,19:40,NYR,3,New York Rangers,517
16647128,0,01:48,02:34,,,438,Mika,2026020003,#0033A0,Zibanejad,2,8476459,9,00:46,NYR,3,New York Rangers,517
16647129,0,01:21,06:29,,,487,Mika,2026020003,#0033A0,Zibanejad,2,8476459,10,05:08,NYR,3,New York Rangers,517
16647130,0,00:28,09:22,,,540,Mika,2026020003,#0033A0,Zibanejad,2,8476459,11,08:54,NYR,3,New York Rangers,517
16647341,0,00:50,14:02,,,594,Mika,2026020003,#0033A0,Zibanejad,2,8476459,12,13:12,NYR,3,New York Rangers,517
16647499,0,00:59,17:41,,,639,Mika,2026020003,#0033A0,Zibanejad,2,8476459,13,16:42,NYR,3,New York Rangers,517
16647500,0,00:26,20:00,,,676,Mika,2026020003,#0033A0,Zibanejad,2,8476459,14,19:34,NYR,3,New York Rangers,517
16647542,0,00:33,00:59,,,689,Mika,2026020003,#0033A0,Zibanejad,3,8476459,15,00:26,NYR,3,New York Rangers,517
16647543,0,00:40,03:53,,,729,Mika,2026020003,#0033A0,Zibanejad,3,8476459,16,03:13,NYR,3,New York Rangers,517
16647604,0,00:36,05:42,,,755,Mika,2026020003,#0033A0,Zibanejad,3,8476459,17,05:06,NYR,3,New York Rangers,517
16647605,0,00:57,08:35,,,782,Mika,2026020003,#0033A0,Zibanejad,3,8476459,18,07:38,NYR,3,New York Rangers,517
16647606,0,00:56,11:20,,,824,Mika,2026020003,#0033A0,Zibanejad,3,8476459,19,10:24,NYR,3,New York Rangers,517
16647826,0,00:48,15:15,,,939,Mika,2026020003,#0033A0,Zibanejad,3,8476459,20,14:27,NYR,3,New York Rangers,517
16647827,0,00:47,17:01,,,974,Mika,2026020003,#0033A0,Zibanejad,3,8476459,21,16:14,NYR,3,New York Rangers,517
16647828,0,00:23,17:29,,,988,Mika,2026020003,#0033A0,Zibanejad,3,8476459,22,17:06,NYR,3,New York Rangers,517
16648035,0,00:29,19:29,,,1010,Mika,2026020003,#0033A0,Zibanejad,3,8476459,23,19:00,NYR,3,New York Rangers,517
16646594,0,00:34,00:34,,,7,J.T.,2026020003,#0033A0,Miller,1,8476468,1,00:00,NYR,3,New York Rangers,517
16646595,0,00:29,03:24,,,86,J.T.,2026020003,#0033A0,Miller,1,8476468,2,02:55,NYR,3,New York Rangers,517
16646596,0,00:44,04:33,,,109,J.T.,2026020003,#0033A0,Miller,1,8476468,3,03:49,NYR,3,New York Rangers,517
16646760,0,00:46,08:04,,,162,J.T.,2026020003,#0033A0,Miller,1,8476468,4,07:18,NYR,3,New York Rangers,517
16646761,0,01:42,11:43,,,187,J.T.,2026020003,#0033A0,Miller,1,8476468,5,10:01,NYR,3,New York Rangers,517
16646956,0,00:55,15:33,,,248,J.T.,2026020003,#0033A0,Miller,1,8476468,6,14:38,NYR,3,New York Rangers,517
16646957,0,00:16,18:05,,,399,J.T.,2026020003,#0033A0,Miller,1,8476468,7,17:49,NYR,3,New York Rangers,517
16646958,0,00:43,19:40,,,414,J.T.,2026020003,#0033A0,Miller,1,8476468,8,18:57,NYR,3,New York Rangers,517
16647131,0,00:46,00:46,,,433,J.T.,2026020003,#0033A0,Miller,2,8476468,9,00:00,NYR,3,New York Rangers,517
16647132,0,00:47,05:08,,,480,J.T.,2026020003,#0033A0,Miller,2,8476468,10,04:21,NYR,3,New York Rangers,517
16647133,0,00:39,08:54,,,529,J.T.,2026020003,#0033A0,Miller,2,8476468,11,08:15,NYR,3,New York Rangers,517
16647134,0,00:45,10:07,,,550,J.T.,2026020003,#0033A0,Miller,2,8476468,12,09:22,NYR,3,New York Rangers,517
16647342,0,00:31,14:33,,,604,J.T.,2026020003,#0033A0,Miller,2,8476468,13,14:02,NYR,3,New York Rangers,517
16647343,0,00:48,16:42,,,634,J.T.,2026020003,#0033A0,Miller,2,8476468,14,15:54,NYR,3,New York Rangers,517
16647501,0,00:36,19:03,,,663,J.T.,2026020003,#0033A0,Miller,2,8476468,15,18:27,NYR,3,New York Rangers,517
16647544,0,00:26,00:26,,,684,J.T.,2026020003,#0033A0,Miller,3,8476468,16,00:00,NYR,3,New York Rangers,517
16647545,0,00:39,01:38,,,694,J.T.,2026020003,#0033A0,Miller,3,8476468,17,00:59,NYR,3,New York Rangers,517
16647546,0,00:33,04:26,,,735,J.T.,2026020003,#0033A0,Miller,3,8476468,18,03:53,NYR,3,New York Rangers,517
16647607,0,00:55,06:37,,,760,J.T.,2026020003,#0033A0,Miller,3,8476468,19,05:42,NYR,3,New York Rangers,517
16647608,0,00:33,09:08,,,799,J.T.,2026020003,#0033A0,Miller,3,8476468,20,08:35,NYR,3,New York Rangers,517
16647609,0,00:43,12:03,,,841,J.T.,2026020003,#0033A0,Miller,3,8476468,21,11:20,NYR,3,New York Rangers,517
16647829,0,00:32,14:27,,,933,J.T.,2026020003,#0033A0,Miller,3,8476468,22,13:55,NYR,3,New York Rangers,517
16647830,0,00:27,15:42,,,952,J.T.,2026020003,#0033A0,Miller,3,8476468,23,15:15,NYR,3,New York Rangers,517
16647831,0,00:23,17:29,,,988,J.T.,2026020003,#0033A0,Miller,3,8476468,24,17:06,NYR,3,New York Rangers,517
16646597,0,00:39,01:14,,,59,Hampus,2026020003,#111111,Lindholm,1,8476854,1,00:35,BOS,6,Boston Bruins,517
16646598,0,00:38,03:49,,,93,Hampus,2026020003,#111111,Lindholm,1,8476854,2,03:11,BOS,6,Boston Bruins,517
16646599,0,01:06,06:00,,,126,Hampus,2026020003,#111111,Lindholm,1,8476854,3,04:54,BOS,6,Boston Bruins,517
16646762,0,00:34,08:38,,,168,Hampus,2026020003,#111111,Lindholm,1,8476854,4,08:04,BOS,6,Boston Bruins,517
16646763,0,00:33,11:41,,,204,Hampus,2026020003,#111111,Lindholm,1,8476854,5,11:08,BOS,6,Boston Bruins,517
16646764,0,00:28,14:04,,,234,Hampus,2026020003,#111111,Lindholm,1,8476854,6,13:36,BOS,6,Boston Bruins,517
16646959,0,01:47,17:49,,,369,Hampus,2026020003,#111111,Lindholm,1,8476854,7,16:02,BOS,6,Boston Bruins,517
16647135,0,00:49,01:55,,,443,Hampus,2026020003,#111111,Lindholm,2,8476854,8,01:06,BOS,6,Boston Bruins,517
16647136,0,00:40,04:55,,,476,Hampus,2026020003,#111111,Lindholm,2,8476854,9,04:15,BOS,6,Boston Bruins,517
16647137,0,00:45,07:20,,,509,Hampus,2026020003,#111111,Lindholm,2,8476854,10,06:35,BOS,6,Boston Bruins,517
16647138,0,00:50,09:44,,,544,Hampus,2026020003,#111111,Lindholm,2,8476854,11,08:54,BOS,6,Boston Bruins,517
16647344,0,00:51,12:30,,,582,Hampus,2026020003,#111111,Lindholm,2,8476854,12,11:39,BOS,6,Boston Bruins,517
16647345,0,01:21,15:54,,,611,Hampus,2026020003,#111111,Lindholm,2,8476854,13,14:33,BOS,6,Boston Bruins,517
16647502,0,01:16,19:43,,,662,Hampus,2026020003,#111111,Lindholm,2,8476854,14,18:27,BOS,6,Boston Bruins,517
16647547,0,00:45,01:11,,,690,Hampus,2026020003,#111111,Lindholm,3,8476854,15,00:26,BOS,6,Boston Bruins,517
16647548,0,00:48,04:01,,,730,Hampus,2026020003,#111111,Lindholm,3,8476854,16,03:13,BOS,6,Boston Bruins,517
16647610,0,01:08,07:00,,,764,Hampus,2026020003,#111111,Lindholm,3,8476854,17,05:52,BOS,6,Boston Bruins,517
16647611,0,00:36,08:37,,,793,Hampus,2026020003,#111111,Lindholm,3,8476854,18,08:01,BOS,6,Boston Bruins,517
16647612,0,00:41,10:36,,,820,Hampus,2026020003,#111111,Lindholm,3,8476854,19,09:55,BOS,6,Boston Bruins,517
16647613,0,00:31,12:02,,,844,Hampus,2026020003,#111111,Lindholm,3,8476854,20,11:31,BOS,6,Boston Bruins,517
16647832,0,00:37,13:47,,,920,Hampus,2026020003,#111111,Lindholm,3,8476854,21,13:10,BOS,6,Boston Bruins,517
16647833,0,00:40,15:12,,,940,Hampus,2026020003,#111111,Lindholm,3,8476854,22,14:32,BOS,6,Boston Bruins,517
16647834,0,00:34,17:29,,,981,Hampus,2026020003,#111111,Lindholm,3,8476854,23,16:55,BOS,6,Boston Bruins,517
16646600,0,00:35,00:35,,,6,Connor,2026020003,#111111,Clifton,1,8477365,1,00:00,BOS,6,Boston Bruins,517
16646601,0,01:06,03:11,,,79,Connor,2026020003,#111111,Clifton,1,8477365,2,02:05,BOS,6,Boston Bruins,517
16646602,0,00:28,04:17,,,110,Connor,2026020003,#111111,Clifton,1,8477365,3,03:49,BOS,6,Boston Bruins,517
16646765,0,01:26,08:04,,,144,Connor,2026020003,#111111,Clifton,1,8477365,4,06:38,BOS,6,Boston Bruins,517
16646766,0,01:07,11:08,,,188,Connor,2026020003,#111111,Clifton,1,8477365,5,10:01,BOS,6,Boston Bruins,517
16646767,0,01:08,13:36,,,218,Connor,2026020003,#111111,Clifton,1,8477365,6,12:28,BOS,6,Boston Bruins,517
16646960,0,01:15,16:02,,,352,Connor,2026020003,#111111,Clifton,1,8477365,7,14:47,BOS,6,Boston Bruins,517
16646961,0,01:12,20:00,,,412,Connor,2026020003,#111111,Clifton,1,8477365,8,18:48,BOS,6,Boston Bruins,517
16647139,0,01:06,01:06,,,432,Connor,2026020003,#111111,Clifton,2,8477365,9,00:00,BOS,6,Boston Bruins,517
16647140,0,01:09,04:17,,,464,Connor,2026020003,#111111,Clifton,2,8477365,10,03:08,BOS,6,Boston Bruins,517
16647141,0,00:30,05:25,,,484,Connor,2026020003,#111111,Clifton,2,8477365,11,04:55,BOS,6,Boston Bruins,517
16647142,0,01:30,08:54,,,523,Connor,2026020003,#111111,Clifton,2,8477365,12,07:24,BOS,6,Boston Bruins,517
16647346,0,00:33,11:39,,,572,Connor,2026020003,#111111,Clifton,2,8477365,13,11:06,BOS,6,Boston Bruins,517
16647347,0,01:23,14:42,,,599,Connor,2026020003,#111111,Clifton,2,8477365,14,13:19,BOS,6,Boston Bruins,517
16647503,0,01:04,16:58,,,633,Connor,2026020003,#111111,Clifton,2,8477365,15,15:54,BOS,6,Boston Bruins,517
16647504,0,00:17,20:00,,,680,Connor,2026020003,#111111,Clifton,2,8477365,16,19:43,BOS,6,Boston Bruins,517
16647549,0,00:26,00:26,,,683,Connor,2026020003,#111111,Clifton,3,8477365,17,00:00,BOS,6,Boston Bruins,517
16647550,0,00:49,02:54,,,716,Connor,2026020003,#111111,Clifton,3,8477365,18,02:05,BOS,6,Boston Bruins,517
16647614,0,00:43,04:44,,,740,Connor,2026020003,#111111,Clifton,3,8477365,19,04:01,BOS,6,Boston Bruins,517
16647615,0,00:47,07:47,,,776,Connor,2026020003,#111111,Clifton,3,8477365,20,07:00,BOS,6,Boston Bruins,517
16647616,0,00:34,09:08,,,797,Connor,2026020003,#111111,Clifton,3,8477365,21,08:34,BOS,6,Boston Bruins,517
16647617,0,00:55,11:31,,,829,Connor,2026020003,#111111,Clifton,3,8477365,22,10:36,BOS,6,Boston Bruins,517
16647835,0,00:16,13:10,,,909,Connor,2026020003,#111111,Clifton,3,8477365,23,12:54,BOS,6,Boston Bruins,517
16647836,0,00:44,14:30,,,925,Connor,2026020003,#111111,Clifton,3,8477365,24,13:46,BOS,6,Boston Bruins,517
16647837,0,00:36,15:51,,,954,Connor,2026020003,#111111,Clifton,3,8477365,25,15:15,BOS,6,Boston Bruins,517
16647838,0,00:37,16:51,,,975,Connor,2026020003,#111111,Clifton,3,8477365,26,16:14,BOS,6,Boston Bruins,517
16648036,0,01:07,19:21,,,1000,Connor,2026020003,#111111,Clifton,3,8477365,27,18:14,BOS,6,Boston Bruins,517
16646603,0,00:33,00:33,,,7,Oliver,2026020003,#0033A0,Bjorkstrand,1,8477416,1,00:00,NYR,3,New York Rangers,517
16646604,0,00:28,03:24,,,88,Oliver,2026020003,#0033A0,Bjorkstrand,1,8477416,2,02:56,NYR,3,New York Rangers,517
16646605,0,00:53,04:42,,,109,Oliver,2026020003,#0033A0,Bjorkstrand,1,8477416,3,03:49,NYR,3,New York Rangers,517
16646768,0,00:46,08:04,,,162,Oliver,2026020003,#0033A0,Bjorkstrand,1,8477416,4,07:18,NYR,3,New York Rangers,517
16646962,0,00:59,15:42,,,351,Oliver,2026020003,#0033A0,Bjorkstrand,1,8477416,5,14:43,NYR,3,New York Rangers,517
16646963,0,00:34,19:42,,,420,Oliver,2026020003,#0033A0,Bjorkstrand,1,8477416,6,19:08,NYR,3,New York Rangers,517
16647143,0,00:50,00:50,,,433,Oliver,2026020003,#0033A0,Bjorkstrand,2,8477416,7,00:00,NYR,3,New York Rangers,517
16647144,0,01:27,05:40,,,474,Oliver,2026020003,#0033A0,Bjorkstrand,2,8477416,8,04:13,NYR,3,New York Rangers,517
16647145,0,00:44,08:54,,,528,Oliver,2026020003,#0033A0,Bjorkstrand,2,8477416,9,08:10,NYR,3,New York Rangers,517
16647146,0,00:45,10:07,,,550,Oliver,2026020003,#0033A0,Bjorkstrand,2,8477416,10,09:22,NYR,3,New York Rangers,517
16647348,0,00:52,15:12,,,608,Oliver,2026020003,#0033A0,Bjorkstrand,2,8477416,11,14:20,NYR,3,New York Rangers,517
16647349,0,00:50,16:44,,,634,Oliver,2026020003,#0033A0,Bjorkstrand,2,8477416,12,15:54,NYR,3,New York Rangers,517
16647505,0,00:35,19:02,,,663,Oliver,2026020003,#0033A0,Bjorkstrand,2,8477416,13,18:27,NYR,3,New York Rangers,517
16647551,0,00:26,00:26,,,684,Oliver,2026020003,#0033A0,Bjorkstrand,3,8477416,14,00:00,NYR,3,New York Rangers,517
16647552,0,00:49,01:51,,,697,Oliver,2026020003,#0033A0,Bjorkstrand,3,8477416,15,01:02,NYR,3,New York Rangers,517
16647553,0,00:32,04:26,,,737,Oliver,2026020003,#0033A0,Bjorkstrand,3,8477416,16,03:54,NYR,3,New York Rangers,517
16647618,0,00:31,09:08,,,801,Oliver,2026020003,#0033A0,Bjorkstrand,3,8477416,17,08:37,NYR,3,New York Rangers,517
16647619,0,00:54,12:13,,,840,Oliver,2026020003,#0033A0,Bjorkstrand,3,8477416,18,11:19,NYR,3,New York Rangers,517
16647839,0,00:34,14:24,,,926,Oliver,2026020003,#0033A0,Bjorkstrand,3,8477416,19,13:50,NYR,3,New York Rangers,517
16647840,0,00:31,15:46,,,952,Oliver,2026020003,#0033A0,Bjorkstrand,3,8477416,20,15:15,NYR,3,New York Rangers,517
16646606,0,00:41,01:16,,,59,Elias,2026020003,#111111,Lindholm,1,8477496,1,00:35,BOS,6,Boston Bruins,517
16646607,0,00:40,04:17,,,103,Elias,2026020003,#111111,Lindholm,1,8477496,2,03:37,BOS,6,Boston Bruins,517
16646769,0,00:25,07:18,,,152,Elias,2026020003,#111111,Lindholm,1,8477496,3,06:53,BOS,6,Boston Bruins,517
16646770,0,01:07,11:08,,,188,Elias,2026020003,#111111,Lindholm,1,8477496,4,10:01,BOS,6,Boston Bruins,517
16646771,0,00:55,13:07,,,214,Elias,2026020003,#111111,Lindholm,1,8477496,5,12:12,BOS,6,Boston Bruins,517
16646964,0,00:52,15:52,,,359,Elias,2026020003,#111111,Lindholm,1,8477496,6,15:00,BOS,6,Boston Bruins,517
16646965,0,00:39,18:48,,,405,Elias,2026020003,#111111,Lindholm,1,8477496,7,18:09,BOS,6,Boston Bruins,517
16647147,0,00:55,01:50,,,442,Elias,2026020003,#111111,Lindholm,2,8477496,8,00:55,BOS,6,Boston Bruins,517
16647148,0,01:01,06:26,,,493,Elias,2026020003,#111111,Lindholm,2,8477496,9,05:25,BOS,6,Boston Bruins,517
16647350,0,01:13,10:07,,,544,Elias,2026020003,#111111,Lindholm,2,8477496,10,08:54,BOS,6,Boston Bruins,517
16647351,0,00:51,12:30,,,582,Elias,2026020003,#111111,Lindholm,2,8477496,11,11:39,BOS,6,Boston Bruins,517
16647352,0,01:08,15:15,,,605,Elias,2026020003,#111111,Lindholm,2,8477496,12,14:07,BOS,6,Boston Bruins,517
16647353,0,00:55,16:49,,,633,Elias,2026020003,#111111,Lindholm,2,8477496,13,15:54,BOS,6,Boston Bruins,517
16647506,0,00:17,20:00,,,680,Elias,2026020003,#111111,Lindholm,2,8477496,14,19:43,BOS,6,Boston Bruins,517
16647554,0,00:36,01:38,,,696,Elias,2026020003,#111111,Lindholm,3,8477496,15,01:02,BOS,6,Boston Bruins,517
16647620,0,00:51,05:45,,,751,Elias,2026020003,#111111,Lindholm,3,8477496,16,04:54,BOS,6,Boston Bruins,517
16647621,0,00:33,08:34,,,793,Elias,2026020003,#111111,Lindholm,3,8477496,17,08:01,BOS,6,Boston Bruins,517
16647622,0,00:46,11:22,,,829,Elias,2026020003,#111111,Lindholm,3,8477496,18,10:36,BOS,6,Boston Bruins,517
16647841,0,00:45,13:55,,,920,Elias,2026020003,#111111,Lindholm,3,8477496,19,13:10,BOS,6,Boston Bruins,517
16647842,0,00:32,15:47,,,954,Elias,2026020003,#111111,Lindholm,3,8477496,20,15:15,BOS,6,Boston Bruins,517
16647843,0,00:17,17:06,,,979,Elias,2026020003,#111111,Lindholm,3,8477496,21,16:49,BOS,6,Boston Bruins,517
16646608,0,00:35,00:35,,,6,Nikita,2026020003,#111111,Zadorov,1,8477507,1,00:00,BOS,6,Boston Bruins,517
16646609,0,00:37,03:10,,,82,Nikita,2026020003,#111111,Zadorov,1,8477507,2,02:33,BOS,6,Boston Bruins,517
16646610,0,00:28,04:17,,,110,Nikita,2026020003,#111111,Zadorov,1,8477507,3,03:49,BOS,6,Boston Bruins,517
16646772,0,01:25,08:04,,,146,Nikita,2026020003,#111111,Zadorov,1,8477507,4,06:39,BOS,6,Boston Bruins,517
16646773,0,01:02,11:07,,,190,Nikita,2026020003,#111111,Zadorov,1,8477507,5,10:05,BOS,6,Boston Bruins,517
16646774,0,00:50,13:20,,,221,Nikita,2026020003,#111111,Zadorov,1,8477507,6,12:30,BOS,6,Boston Bruins,517
16646966,0,01:08,15:55,,,352,Nikita,2026020003,#111111,Zadorov,1,8477507,7,14:47,BOS,6,Boston Bruins,517
16646967,0,01:00,20:00,,,416,Nikita,2026020003,#111111,Zadorov,1,8477507,8,19:00,BOS,6,Boston Bruins,517
16647149,0,01:08,01:08,,,432,Nikita,2026020003,#111111,Zadorov,2,8477507,9,00:00,BOS,6,Boston Bruins,517
16647150,0,01:09,04:15,,,462,Nikita,2026020003,#111111,Zadorov,2,8477507,10,03:06,BOS,6,Boston Bruins,517
16647151,0,00:41,05:34,,,483,Nikita,2026020003,#111111,Zadorov,2,8477507,11,04:53,BOS,6,Boston Bruins,517
16647152,0,01:34,08:54,,,517,Nikita,2026020003,#111111,Zadorov,2,8477507,12,07:20,BOS,6,Boston Bruins,517
16647354,0,00:35,11:39,,,571,Nikita,2026020003,#111111,Zadorov,2,8477507,13,11:04,BOS,6,Boston Bruins,517
16647355,0,01:14,14:33,,,599,Nikita,2026020003,#111111,Zadorov,2,8477507,14,13:19,BOS,6,Boston Bruins,517
16647507,0,01:07,16:56,,,629,Nikita,2026020003,#111111,Zadorov,2,8477507,15,15:49,BOS,6,Boston Bruins,517
16647508,0,00:17,20:00,,,680,Nikita,2026020003,#111111,Zadorov,2,8477507,16,19:43,BOS,6,Boston Bruins,517
16647555,0,00:26,00:26,,,683,Nikita,2026020003,#111111,Zadorov,3,8477507,17,00:00,BOS,6,Boston Bruins,517
16647556,0,00:33,02:38,,,716,Nikita,2026020003,#111111,Zadorov,3,8477507,18,02:05,BOS,6,Boston Bruins,517
16647623,0,00:39,04:43,,,741,Nikita,2026020003,#111111,Zadorov,3,8477507,19,04:04,BOS,6,Boston Bruins,517
16647624,0,00:48,07:48,,,776,Nikita,2026020003,#111111,Zadorov,3,8477507,20,07:00,BOS,6,Boston Bruins,517
16647625,0,00:33,09:08,,,798,Nikita,2026020003,#111111,Zadorov,3,8477507,21,08:35,BOS,6,Boston Bruins,517
16647626,0,00:53,11:30,,,830,Nikita,2026020003,#111111,Zadorov,3,8477507,22,10:37,BOS,6,Boston Bruins,517
16647844,0,00:06,13:10,,,914,Nikita,2026020003,#111111,Zadorov,3,8477507,23,13:04,BOS,6,Boston Bruins,517
16647845,0,00:45,14:32,,,927,Nikita,2026020003,#111111,Zadorov,3,8477507,24,13:47,BOS,6,Boston Bruins,517
16647846,0,00:35,15:50,,,954,Nikita,2026020003,#111111,Zadorov,3,8477507,25,15:15,BOS,6,Boston Bruins,517
16647847,0,00:41,16:55,,,975,Nikita,2026020003,#111111,Zadorov,3,8477507,26,16:14,BOS,6,Boston Bruins,517
16648037,0,01:05,19:21,,,1001,Nikita,2026020003,#111111,Zadorov,3,8477507,27,18:16,BOS,6,Boston Bruins,517
16646611,0,00:48,01:23,,,59,David,2026020003,#111111,Pastrnak,1,8477956,1,00:35,BOS,6,Boston Bruins,517
16646612,0,00:40,04:17,,,103,David,2026020003,#111111,Pastrnak,1,8477956,2,03:37,BOS,6,Boston Bruins,517
16646775,0,00:25,07:18,,,152,David,2026020003,#111111,Pastrnak,1,8477956,3,06:53,BOS,6,Boston Bruins,517
16646776,0,00:25,10:27,,,189,David,2026020003,#111111,Pastrnak,1,8477956,4,10:02,BOS,6,Boston Bruins,517
16646777,0,00:32,13:10,,,223,David,2026020003,#111111,Pastrnak,1,8477956,5,12:38,BOS,6,Boston Bruins,517
16646968,0,00:58,15:58,,,359,David,2026020003,#111111,Pastrnak,1,8477956,6,15:00,BOS,6,Boston Bruins,517
16646969,0,01:28,18:24,,,390,David,2026020003,#111111,Pastrnak,1,8477956,7,16:56,BOS,6,Boston Bruins,517
16647153,0,01:00,01:52,,,441,David,2026020003,#111111,Pastrnak,2,8477956,8,00:52,BOS,6,Boston Bruins,517
16647154,0,01:26,06:27,,,486,David,2026020003,#111111,Pastrnak,2,8477956,9,05:01,BOS,6,Boston Bruins,517
16647155,0,01:13,10:07,,,544,David,2026020003,#111111,Pastrnak,2,8477956,10,08:54,BOS,6,Boston Bruins,517
16647356,0,00:51,12:30,,,582,David,2026020003,#111111,Pastrnak,2,8477956,11,11:39,BOS,6,Boston Bruins,517
16647357,0,00:49,15:15,,,610,David,2026020003,#111111,Pastrnak,2,8477956,12,14:26,BOS,6,Boston Bruins,517
16647358,0,00:56,16:50,,,633,David,2026020003,#111111,Pastrnak,2,8477956,13,15:54,BOS,6,Boston Bruins,517
16647509,0,00:17,20:00,,,680,David,2026020003,#111111,Pastrnak,2,8477956,14,19:43,BOS,6,Boston Bruins,517
16647557,0,01:01,02:05,,,699,David,2026020003,#111111,Pastrnak,3,8477956,15,01:04,BOS,6,Boston Bruins,517
16647627,0,01:39,06:36,,,753,David,2026020003,#111111,Pastrnak,3,8477956,16,04:57,BOS,6,Boston Bruins,517
16647628,0,00:36,08:37,,,793,David,2026020003,#111111,Pastrnak,3,8477956,17,08:01,BOS,6,Boston Bruins,517
16647629,0,00:59,11:53,,,834,David,2026020003,#111111,Pastrnak,3,8477956,18,10:54,BOS,6,Boston Bruins,517
16647848,0,00:45,13:55,,,920,David,2026020003,#111111,Pastrnak,3,8477956,19,13:10,BOS,6,Boston Bruins,517
16647849,0,00:39,15:54,,,954,David,2026020003,#111111,Pastrnak,3,8477956,20,15:15,BOS,6,Boston Bruins,517
16647850,0,00:05,17:06,,,983,David,2026020003,#111111,Pastrnak,3,8477956,21,17:01,BOS,6,Boston Bruins,517
16646613,0,00:48,01:21,,,56,Marcus,2026020003,#0033A0,Pettersson,1,8477969,1,00:33,NYR,3,New York Rangers,517
16646614,0,00:41,03:24,,,83,Marcus,2026020003,#0033A0,Pettersson,1,8477969,2,02:43,NYR,3,New York Rangers,517
16646615,0,00:55,05:48,,,125,Marcus,2026020003,#0033A0,Pettersson,1,8477969,3,04:53,NYR,3,New York Rangers,517
16646778,0,00:25,07:18,,,151,Marcus,2026020003,#0033A0,Pettersson,1,8477969,4,06:53,NYR,3,New York Rangers,517
16646779,0,00:52,09:25,,,172,Marcus,2026020003,#0033A0,Pettersson,1,8477969,5,08:33,NYR,3,New York Rangers,517
16646780,0,00:08,10:27,,,191,Marcus,2026020003,#0033A0,Pettersson,1,8477969,6,10:19,NYR,3,New York Rangers,517
16646781,0,00:58,13:12,,,216,Marcus,2026020003,#0033A0,Pettersson,1,8477969,7,12:14,NYR,3,New York Rangers,517
16646970,0,00:51,15:32,,,249,Marcus,2026020003,#0033A0,Pettersson,1,8477969,8,14:41,NYR,3,New York Rangers,517
16646971,0,00:53,17:49,,,385,Marcus,2026020003,#0033A0,Pettersson,1,8477969,9,16:56,NYR,3,New York Rangers,517
16646972,0,01:29,19:52,,,407,Marcus,2026020003,#0033A0,Pettersson,1,8477969,10,18:23,NYR,3,New York Rangers,517
16647156,0,01:44,02:32,,,439,Marcus,2026020003,#0033A0,Pettersson,2,8477969,11,00:48,NYR,3,New York Rangers,517
16647157,0,00:50,05:10,,,479,Marcus,2026020003,#0033A0,Pettersson,2,8477969,12,04:20,NYR,3,New York Rangers,517
16647158,0,00:38,08:10,,,525,Marcus,2026020003,#0033A0,Pettersson,2,8477969,13,07:32,NYR,3,New York Rangers,517
16647159,0,00:45,10:07,,,550,Marcus,2026020003,#0033A0,Pettersson,2,8477969,14,09:22,NYR,3,New York Rangers,517
16647359,0,00:49,13:19,,,585,Marcus,2026020003,#0033A0,Pettersson,2,8477969,15,12:30,NYR,3,New York Rangers,517
16647360,0,01:03,15:15,,,607,Marcus,2026020003,#0033A0,Pettersson,2,8477969,16,14:12,NYR,3,New York Rangers,517
16647510,0,01:14,17:56,,,639,Marcus,2026020003,#0033A0,Pettersson,2,8477969,17,16:42,NYR,3,New York Rangers,517
16647511,0,00:30,20:00,,,673,Marcus,2026020003,#0033A0,Pettersson,2,8477969,18,19:30,NYR,3,New York Rangers,517
16647558,0,00:39,01:05,,,689,Marcus,2026020003,#0033A0,Pettersson,3,8477969,19,00:26,NYR,3,New York Rangers,517
16647559,0,01:26,03:54,,,717,Marcus,2026020003,#0033A0,Pettersson,3,8477969,20,02:28,NYR,3,New York Rangers,517
16647630,0,00:46,05:46,,,752,Marcus,2026020003,#0033A0,Pettersson,3,8477969,21,05:00,NYR,3,New York Rangers,517
16647631,0,01:04,08:38,,,780,Marcus,2026020003,#0033A0,Pettersson,3,8477969,22,07:34,NYR,3,New York Rangers,517
16647632,0,00:30,10:25,,,819,Marcus,2026020003,#0033A0,Pettersson,3,8477969,23,09:55,NYR,3,New York Rangers,517
16647851,0,01:21,13:55,,,904,Marcus,2026020003,#0033A0,Pettersson,3,8477969,24,12:34,NYR,3,New York Rangers,517
16647852,0,00:39,15:54,,,952,Marcus,2026020003,#0033A0,Pettersson,3,8477969,25,15:15,NYR,3,New York Rangers,517
16648038,0,01:10,19:32,,,1002,Marcus,2026020003,#0033A0,Pettersson,3,8477969,26,18:22,NYR,3,New York Rangers,517
16646616,0,10:01,10:01,,,7,Igor,2026020003,#0033A0,Shesterkin,1,8478048,1,00:00,NYR,3,New York Rangers,517
16646782,0,09:33,20:00,,,195,Igor,2026020003,#0033A0,Shesterkin,1,8478048,2,10:27,NYR,3,New York Rangers,517
16647160,0,20:00,20:00,,,433,Igor,2026020003,#0033A0,Shesterkin,2,8478048,3,00:00,NYR,3,New York Rangers,517
16647560,0,17:18,17:18,,,684,Igor,2026020003,#0033A0,Shesterkin,3,8478048,4,00:00,NYR,3,New York Rangers,517
16648039,0,02:31,20:00,,,996,Igor,2026020003,#0033A0,Shesterkin,3,8478048,5,17:29,NYR,3,New York Rangers,517
16646617,0,00:35,00:35,,,6,Pavel,2026020003,#111111,Zacha,1,8478401,1,00:00,BOS,6,Boston Bruins,517
16646618,0,00:39,03:37,,,87,Pavel,2026020003,#111111,Zacha,1,8478401,2,02:58,BOS,6,Boston Bruins,517
16646783,0,00:52,06:53,,,137,Pavel,2026020003,#111111,Zacha,1,8478401,3,06:01,BOS,6,Boston Bruins,517
16646784,0,00:46,08:04,,,163,Pavel,2026020003,#111111,Zacha,1,8478401,4,07:18,BOS,6,Boston Bruins,517
16646785,0,00:30,12:12,,,210,Pavel,2026020003,#111111,Zacha,1,8478401,5,11:42,BOS,6,Boston Bruins,517
16646973,0,00:56,15:00,,,241,Pavel,2026020003,#111111,Zacha,1,8478401,6,14:04,BOS,6,Boston Bruins,517
16646974,0,02:17,18:09,,,365,Pavel,2026020003,#111111,Zacha,1,8478401,7,15:52,BOS,6,Boston Bruins,517
16647161,0,00:55,00:55,,,432,Pavel,2026020003,#111111,Zacha,2,8478401,8,00:00,BOS,6,Boston Bruins,517
16647162,0,01:03,05:24,,,478,Pavel,2026020003,#111111,Zacha,2,8478401,9,04:21,BOS,6,Boston Bruins,517
16647361,0,00:25,10:32,,,557,Pavel,2026020003,#111111,Zacha,2,8478401,10,10:07,BOS,6,Boston Bruins,517
16647362,0,00:48,14:07,,,599,Pavel,2026020003,#111111,Zacha,2,8478401,11,13:19,BOS,6,Boston Bruins,517
16647512,0,01:27,19:21,,,651,Pavel,2026020003,#111111,Zacha,2,8478401,12,17:54,BOS,6,Boston Bruins,517
16647561,0,01:02,01:02,,,683,Pavel,2026020003,#111111,Zacha,3,8478401,13,00:00,BOS,6,Boston Bruins,517
16647633,0,00:58,04:54,,,739,Pavel,2026020003,#111111,Zacha,3,8478401,14,03:56,BOS,6,Boston Bruins,517
16647634,0,00:15,08:01,,,783,Pavel,2026020003,#111111,Zacha,3,8478401,15,07:46,BOS,6,Boston Bruins,517
16647635,0,00:42,10:37,,,820,Pavel,2026020003,#111111,Zacha,3,8478401,16,09:55,BOS,6,Boston Bruins,517
16647853,0,00:39,14:34,,,934,Pavel,2026020003,#111111,Zacha,3,8478401,17,13:55,BOS,6,Boston Bruins,517
16647854,0,00:35,16:49,,,975,Pavel,2026020003,#111111,Zacha,3,8478401,18,16:14,BOS,6,Boston Bruins,517
16646619,0,00:42,01:17,,,59,William,2026020003,#111111,Borgen,1,8478840,1,00:35,BOS,6,Boston Bruins,517
16646620,0,00:39,03:49,,,92,William,2026020003,#111111,Borgen,1,8478840,2,03:10,BOS,6,Boston Bruins,517
16646621,0,01:08,06:02,,,126,William,2026020003,#111111,Borgen,1,8478840,3,04:54,BOS,6,Boston Bruins,517
16646786,0,00:26,08:30,,,168,William,2026020003,#111111,Borgen,1,8478840,4,08:04,BOS,6,Boston Bruins,517
16646787,0,00:35,11:42,,,203,William,2026020003,#111111,Borgen,1,8478840,5,11:07,BOS,6,Boston Bruins,517
16646788,0,00:42,14:04,,,232,William,2026020003,#111111,Borgen,1,8478840,6,13:22,BOS,6,Boston Bruins,517
16646975,0,01:00,16:55,,,366,William,2026020003,#111111,Borgen,1,8478840,7,15:55,BOS,6,Boston Bruins,517
16647163,0,00:42,01:50,,,444,William,2026020003,#111111,Borgen,2,8478840,8,01:08,BOS,6,Boston Bruins,517
16647164,0,00:36,04:53,,,477,William,2026020003,#111111,Borgen,2,8478840,9,04:17,BOS,6,Boston Bruins,517
16647165,0,00:47,07:24,,,511,William,2026020003,#111111,Borgen,2,8478840,10,06:37,BOS,6,Boston Bruins,517
16647166,0,00:43,09:37,,,544,William,2026020003,#111111,Borgen,2,8478840,11,08:54,BOS,6,Boston Bruins,517
16647363,0,00:51,12:30,,,582,William,2026020003,#111111,Borgen,2,8478840,12,11:39,BOS,6,Boston Bruins,517
16647364,0,01:07,15:49,,,612,William,2026020003,#111111,Borgen,2,8478840,13,14:42,BOS,6,Boston Bruins,517
16647513,0,01:16,19:43,,,662,William,2026020003,#111111,Borgen,2,8478840,14,18:27,BOS,6,Boston Bruins,517
16647562,0,00:46,01:12,,,690,William,2026020003,#111111,Borgen,3,8478840,15,00:26,BOS,6,Boston Bruins,517
16647563,0,00:51,04:04,,,730,William,2026020003,#111111,Borgen,3,8478840,16,03:13,BOS,6,Boston Bruins,517
16647636,0,01:09,07:00,,,763,William,2026020003,#111111,Borgen,3,8478840,17,05:51,BOS,6,Boston Bruins,517
16647637,0,00:34,08:35,,,793,William,2026020003,#111111,Borgen,3,8478840,18,08:01,BOS,6,Boston Bruins,517
16647638,0,00:41,10:36,,,820,William,2026020003,#111111,Borgen,3,8478840,19,09:55,BOS,6,Boston Bruins,517
16647639,0,00:33,12:03,,,843,William,2026020003,#111111,Borgen,3,8478840,20,11:30,BOS,6,Boston Bruins,517
16647855,0,00:36,13:46,,,920,William,2026020003,#111111,Borgen,3,8478840,21,13:10,BOS,6,Boston Bruins,517
16647856,0,00:41,15:11,,,938,William,2026020003,#111111,Borgen,3,8478840,22,14:30,BOS,6,Boston Bruins,517
16647857,0,00:38,17:29,,,980,William,2026020003,#111111,Borgen,3,8478840,23,16:51,BOS,6,Boston Bruins,517
16646622,0,00:33,00:33,,,7,Vladislav,2026020003,#0033A0,Gavrikov,1,8478882,1,00:00,NYR,3,New York Rangers,517
16646623,0,00:42,02:45,,,75,Vladislav,2026020003,#0033A0,Gavrikov,1,8478882,2,02:03,NYR,3,New York Rangers,517
16646624,0,00:08,03:32,,,97,Vladislav,2026020003,#0033A0,Gavrikov,1,8478882,3,03:24,NYR,3,New York Rangers,517
16646625,0,01:04,04:53,,,109,Vladislav,2026020003,#0033A0,Gavrikov,1,8478882,4,03:49,NYR,3,New York Rangers,517
16646789,0,00:46,08:04,,,162,Vladislav,2026020003,#0033A0,Gavrikov,1,8478882,5,07:18,NYR,3,New York Rangers,517
16646790,0,00:55,10:19,,,180,Vladislav,2026020003,#0033A0,Gavrikov,1,8478882,6,09:24,NYR,3,New York Rangers,517
16646791,0,00:59,13:41,,,224,Vladislav,2026020003,#0033A0,Gavrikov,1,8478882,7,12:42,NYR,3,New York Rangers,517
16646976,0,00:27,14:38,,,244,Vladislav,2026020003,#0033A0,Gavrikov,1,8478882,8,14:11,NYR,3,New York Rangers,517
16646977,0,00:40,16:56,,,370,Vladislav,2026020003,#0033A0,Gavrikov,1,8478882,9,16:16,NYR,3,New York Rangers,517
16646978,0,00:34,18:23,,,399,Vladislav,2026020003,#0033A0,Gavrikov,1,8478882,10,17:49,NYR,3,New York Rangers,517
16647167,0,00:46,00:46,,,433,Vladislav,2026020003,#0033A0,Gavrikov,2,8478882,11,00:00,NYR,3,New York Rangers,517
16647168,0,00:49,04:20,,,469,Vladislav,2026020003,#0033A0,Gavrikov,2,8478882,12,03:31,NYR,3,New York Rangers,517
16647169,0,01:16,06:28,,,489,Vladislav,2026020003,#0033A0,Gavrikov,2,8478882,13,05:12,NYR,3,New York Rangers,517
16647170,0,00:44,08:54,,,528,Vladislav,2026020003,#0033A0,Gavrikov,2,8478882,14,08:10,NYR,3,New York Rangers,517
16647365,0,00:25,10:32,,,558,Vladislav,2026020003,#0033A0,Gavrikov,2,8478882,15,10:07,NYR,3,New York Rangers,517
16647366,0,00:40,13:59,,,598,Vladislav,2026020003,#0033A0,Gavrikov,2,8478882,16,13:19,NYR,3,New York Rangers,517
16647367,0,00:48,16:42,,,634,Vladislav,2026020003,#0033A0,Gavrikov,2,8478882,17,15:54,NYR,3,New York Rangers,517
16647514,0,01:05,19:32,,,663,Vladislav,2026020003,#0033A0,Gavrikov,2,8478882,18,18:27,NYR,3,New York Rangers,517
16647564,0,00:26,00:26,,,684,Vladislav,2026020003,#0033A0,Gavrikov,3,8478882,19,00:00,NYR,3,New York Rangers,517
16647565,0,01:05,02:58,,,707,Vladislav,2026020003,#0033A0,Gavrikov,3,8478882,20,01:53,NYR,3,New York Rangers,517
16647640,0,00:40,05:06,,,745,Vladislav,2026020003,#0033A0,Gavrikov,3,8478882,21,04:26,NYR,3,New York Rangers,517
16647641,0,00:58,07:34,,,766,Vladislav,2026020003,#0033A0,Gavrikov,3,8478882,22,06:36,NYR,3,New York Rangers,517
16647642,0,00:51,09:55,,,808,Vladislav,2026020003,#0033A0,Gavrikov,3,8478882,23,09:04,NYR,3,New York Rangers,517
16647643,0,01:18,12:34,,,837,Vladislav,2026020003,#0033A0,Gavrikov,3,8478882,24,11:16,NYR,3,New York Rangers,517
16647858,0,00:43,14:38,,,933,Vladislav,2026020003,#0033A0,Gavrikov,3,8478882,25,13:55,NYR,3,New York Rangers,517
16647859,0,00:20,16:14,,,969,Vladislav,2026020003,#0033A0,Gavrikov,3,8478882,26,15:54,NYR,3,New York Rangers,517
16648040,0,00:16,19:45,,,1018,Vladislav,2026020003,#0033A0,Gavrikov,3,8478882,27,19:29,NYR,3,New York Rangers,517
16646626,0,00:34,00:34,,,7,Adam,2026020003,#0033A0,Fox,1,8479323,1,00:00,NYR,3,New York Rangers,517
16646627,0,00:38,02:43,,,80,Adam,2026020003,#0033A0,Fox,1,8479323,2,02:05,NYR,3,New York Rangers,517
16646628,0,00:08,03:32,,,97,Adam,2026020003,#0033A0,Fox,1,8479323,3,03:24,NYR,3,New York Rangers,517
16646629,0,01:04,04:53,,,109,Adam,2026020003,#0033A0,Fox,1,8479323,4,03:49,NYR,3,New York Rangers,517
16646792,0,00:45,08:03,,,162,Adam,2026020003,#0033A0,Fox,1,8479323,5,07:18,NYR,3,New York Rangers,517
16646793,0,02:15,11:40,,,181,Adam,2026020003,#0033A0,Fox,1,8479323,6,09:25,NYR,3,New York Rangers,517
16646979,0,00:32,14:42,,,243,Adam,2026020003,#0033A0,Fox,1,8479323,7,14:10,NYR,3,New York Rangers,517
16646980,0,00:33,16:56,,,374,Adam,2026020003,#0033A0,Fox,1,8479323,8,16:23,NYR,3,New York Rangers,517
16646981,0,00:08,20:00,,,427,Adam,2026020003,#0033A0,Fox,1,8479323,9,19:52,NYR,3,New York Rangers,517
16647171,0,00:48,00:48,,,433,Adam,2026020003,#0033A0,Fox,2,8479323,10,00:00,NYR,3,New York Rangers,517
16647172,0,00:42,04:05,,,468,Adam,2026020003,#0033A0,Fox,2,8479323,11,03:23,NYR,3,New York Rangers,517
16647173,0,01:19,06:29,,,488,Adam,2026020003,#0033A0,Fox,2,8479323,12,05:10,NYR,3,New York Rangers,517
16647174,0,00:45,08:54,,,527,Adam,2026020003,#0033A0,Fox,2,8479323,13,08:09,NYR,3,New York Rangers,517
16647368,0,00:25,10:32,,,558,Adam,2026020003,#0033A0,Fox,2,8479323,14,10:07,NYR,3,New York Rangers,517
16647369,0,00:53,14:12,,,598,Adam,2026020003,#0033A0,Fox,2,8479323,15,13:19,NYR,3,New York Rangers,517
16647370,0,00:44,16:38,,,634,Adam,2026020003,#0033A0,Fox,2,8479323,16,15:54,NYR,3,New York Rangers,517
16647515,0,00:51,19:18,,,663,Adam,2026020003,#0033A0,Fox,2,8479323,17,18:27,NYR,3,New York Rangers,517
16647566,0,00:26,00:26,,,684,Adam,2026020003,#0033A0,Fox,3,8479323,18,00:00,NYR,3,New York Rangers,517
16647567,0,00:27,02:28,,,712,Adam,2026020003,#0033A0,Fox,3,8479323,19,02:01,NYR,3,New York Rangers,517
16647644,0,00:34,05:00,,,745,Adam,2026020003,#0033A0,Fox,3,8479323,20,04:26,NYR,3,New York Rangers,517
16647645,0,01:04,08:40,,,781,Adam,2026020003,#0033A0,Fox,3,8479323,21,07:36,NYR,3,New York Rangers,517
16647646,0,00:29,10:24,,,819,Adam,2026020003,#0033A0,Fox,3,8479323,22,09:55,NYR,3,New York Rangers,517
16647647,0,00:59,12:17,,,839,Adam,2026020003,#0033A0,Fox,3,8479323,23,11:18,NYR,3,New York Rangers,517
16647860,0,00:30,14:25,,,933,Adam,2026020003,#0033A0,Fox,3,8479323,24,13:55,NYR,3,New York Rangers,517
16647861,0,00:20,16:14,,,969,Adam,2026020003,#0033A0,Fox,3,8479323,25,15:54,NYR,3,New York Rangers,517
16647862,0,00:23,17:29,,,988,Adam,2026020003,#0033A0,Fox,3,8479323,26,17:06,NYR,3,New York Rangers,517
16648041,0,00:09,19:45,,,1020,Adam,2026020003,#0033A0,Fox,3,8479323,27,19:36,NYR,3,New York Rangers,517
16646630,0,00:55,03:02,,,81,Tanner,2026020003,#111111,Jeannot,1,8479661,1,02:07,BOS,6,Boston Bruins,517
16646631,0,01:13,06:04,,,122,Tanner,2026020003,#111111,Jeannot,1,8479661,2,04:51,BOS,6,Boston Bruins,517
16646794,0,01:13,10:05,,,178,Tanner,2026020003,#111111,Jeannot,1,8479661,3,08:52,BOS,6,Boston Bruins,517
16646795,0,00:05,12:32,,,217,Tanner,2026020003,#111111,Jeannot,1,8479661,4,12:27,BOS,6,Boston Bruins,517
16646982,0,00:56,20:00,,,418,Tanner,2026020003,#111111,Jeannot,1,8479661,5,19:04,BOS,6,Boston Bruins,517
16647175,0,01:07,04:15,,,464,Tanner,2026020003,#111111,Jeannot,2,8479661,6,03:08,BOS,6,Boston Bruins,517
16647176,0,01:30,08:54,,,523,Tanner,2026020003,#111111,Jeannot,2,8479661,7,07:24,BOS,6,Boston Bruins,517
16647371,0,00:39,11:11,,,569,Tanner,2026020003,#111111,Jeannot,2,8479661,8,10:32,BOS,6,Boston Bruins,517
16647372,0,00:39,15:54,,,623,Tanner,2026020003,#111111,Jeannot,2,8479661,9,15:15,BOS,6,Boston Bruins,517
16647516,0,00:10,19:43,,,675,Tanner,2026020003,#111111,Jeannot,2,8479661,10,19:33,BOS,6,Boston Bruins,517
16647568,0,00:57,03:02,,,716,Tanner,2026020003,#111111,Jeannot,3,8479661,11,02:05,BOS,6,Boston Bruins,517
16647648,0,01:06,06:58,,,764,Tanner,2026020003,#111111,Jeannot,3,8479661,12,05:52,BOS,6,Boston Bruins,517
16647649,0,00:47,09:55,,,814,Tanner,2026020003,#111111,Jeannot,3,8479661,13,09:08,BOS,6,Boston Bruins,517
16647863,0,00:13,13:10,,,911,Tanner,2026020003,#111111,Jeannot,3,8479661,14,12:57,BOS,6,Boston Bruins,517
16648042,0,00:56,18:25,,,998,Tanner,2026020003,#111111,Jeannot,3,8479661,15,17:29,BOS,6,Boston Bruins,517
16648043,0,00:47,20:00,,,1014,Tanner,2026020003,#111111,Jeannot,3,8479661,16,19:13,BOS,6,Boston Bruins,517
16646632,0,00:35,00:35,,,6,Morgan,2026020003,#111111,Geekie,1,8479987,1,00:00,BOS,6,Boston Bruins,517
16646633,0,00:37,03:37,,,90,Morgan,2026020003,#111111,Geekie,1,8479987,2,03:00,BOS,6,Boston Bruins,517
16646796,0,00:51,06:53,,,138,Morgan,2026020003,#111111,Geekie,1,8479987,3,06:02,BOS,6,Boston Bruins,517
16646797,0,00:46,08:04,,,163,Morgan,2026020003,#111111,Geekie,1,8479987,4,07:18,BOS,6,Boston Bruins,517
16646983,0,00:57,15:00,,,240,Morgan,2026020003,#111111,Geekie,1,8479987,5,14:03,BOS,6,Boston Bruins,517
16646984,0,02:13,18:11,,,368,Morgan,2026020003,#111111,Geekie,1,8479987,6,15:58,BOS,6,Boston Bruins,517
16647177,0,00:52,00:52,,,432,Morgan,2026020003,#111111,Geekie,2,8479987,7,00:00,BOS,6,Boston Bruins,517
16647178,0,01:11,05:01,,,471,Morgan,2026020003,#111111,Geekie,2,8479987,8,03:50,BOS,6,Boston Bruins,517
16647373,0,00:25,10:32,,,557,Morgan,2026020003,#111111,Geekie,2,8479987,9,10:07,BOS,6,Boston Bruins,517
16647374,0,01:08,14:26,,,597,Morgan,2026020003,#111111,Geekie,2,8479987,10,13:18,BOS,6,Boston Bruins,517
16647517,0,01:29,19:19,,,650,Morgan,2026020003,#111111,Geekie,2,8479987,11,17:50,BOS,6,Boston Bruins,517
16647569,0,01:04,01:04,,,683,Morgan,2026020003,#111111,Geekie,3,8479987,12,00:00,BOS,6,Boston Bruins,517
16647650,0,01:02,04:57,,,738,Morgan,2026020003,#111111,Geekie,3,8479987,13,03:55,BOS,6,Boston Bruins,517
16647651,0,00:40,08:01,,,778,Morgan,2026020003,#111111,Geekie,3,8479987,14,07:21,BOS,6,Boston Bruins,517
16647652,0,00:59,10:54,,,820,Morgan,2026020003,#111111,Geekie,3,8479987,15,09:55,BOS,6,Boston Bruins,517
16647864,0,00:42,14:37,,,934,Morgan,2026020003,#111111,Geekie,3,8479987,16,13:55,BOS,6,Boston Bruins,517
16647865,0,00:47,17:01,,,975,Morgan,2026020003,#111111,Geekie,3,8479987,17,16:14,BOS,6,Boston Bruins,517
16646634,0,00:35,00:35,,,6,Casey,2026020003,#111111,Mittelstadt,1,8479999,1,00:00,BOS,6,Boston Bruins,517
16646635,0,00:35,03:37,,,91,Casey,2026020003,#111111,Mittelstadt,1,8479999,2,03:02,BOS,6,Boston Bruins,517
16646798,0,00:49,06:53,,,140,Casey,2026020003,#111111,Mittelstadt,1,8479999,3,06:04,BOS,6,Boston Bruins,517
16646799,0,00:46,08:04,,,163,Casey,2026020003,#111111,Mittelstadt,1,8479999,4,07:18,BOS,6,Boston Bruins,517
16646985,0,00:53,15:00,,,242,Casey,2026020003,#111111,Mittelstadt,1,8479999,5,14:07,BOS,6,Boston Bruins,517
16646986,0,01:00,16:56,,,367,Casey,2026020003,#111111,Mittelstadt,1,8479999,6,15:56,BOS,6,Boston Bruins,517
16646987,0,00:39,19:04,,,409,Casey,2026020003,#111111,Mittelstadt,1,8479999,7,18:25,BOS,6,Boston Bruins,517
16647179,0,00:55,00:55,,,432,Casey,2026020003,#111111,Mittelstadt,2,8479999,8,00:00,BOS,6,Boston Bruins,517
16647180,0,01:08,05:23,,,476,Casey,2026020003,#111111,Mittelstadt,2,8479999,9,04:15,BOS,6,Boston Bruins,517
16647375,0,00:25,10:32,,,557,Casey,2026020003,#111111,Mittelstadt,2,8479999,10,10:07,BOS,6,Boston Bruins,517
16647376,0,01:24,14:43,,,599,Casey,2026020003,#111111,Mittelstadt,2,8479999,11,13:19,BOS,6,Boston Bruins,517
16647518,0,01:06,19:33,,,662,Casey,2026020003,#111111,Mittelstadt,2,8479999,12,18:27,BOS,6,Boston Bruins,517
16647570,0,01:02,01:02,,,683,Casey,2026020003,#111111,Mittelstadt,3,8479999,13,00:00,BOS,6,Boston Bruins,517
16647571,0,00:39,04:33,,,736,Casey,2026020003,#111111,Mittelstadt,3,8479999,14,03:54,BOS,6,Boston Bruins,517
16647653,0,00:09,08:01,,,787,Casey,2026020003,#111111,Mittelstadt,3,8479999,15,07:52,BOS,6,Boston Bruins,517
16647654,0,01:10,11:05,,,820,Casey,2026020003,#111111,Mittelstadt,3,8479999,16,09:55,BOS,6,Boston Bruins,517
16647866,0,00:32,14:27,,,934,Casey,2026020003,#111111,Mittelstadt,3,8479999,17,13:55,BOS,6,Boston Bruins,517
16647867,0,00:41,16:55,,,975,Casey,2026020003,#111111,Mittelstadt,3,8479999,18,16:14,BOS,6,Boston Bruins,517
16646636,0,00:52,02:03,,,66,Eeli,2026020003,#0033A0,Tolvanen,1,8480009,1,01:11,NYR,3,New York Rangers,517
16646637,0,00:45,04:54,,,114,Eeli,2026020003,#0033A0,Tolvanen,1,8480009,2,04:09,NYR,3,New York Rangers,517
16646800,0,01:05,06:53,,,134,Eeli,2026020003,#0033A0,Tolvanen,1,8480009,3,05:48,NYR,3,New York Rangers,517
16646801,0,00:33,08:37,,,167,Eeli,2026020003,#0033A0,Tolvanen,1,8480009,4,08:04,NYR,3,New York Rangers,517
16646802,0,00:43,12:26,,,212,Eeli,2026020003,#0033A0,Tolvanen,1,8480009,5,11:43,NYR,3,New York Rangers,517
16646988,0,00:47,14:28,,,236,Eeli,2026020003,#0033A0,Tolvanen,1,8480009,6,13:41,NYR,3,New York Rangers,517
16646989,0,00:36,16:56,,,371,Eeli,2026020003,#0033A0,Tolvanen,1,8480009,7,16:20,NYR,3,New York Rangers,517
16646990,0,00:18,18:23,,,403,Eeli,2026020003,#0033A0,Tolvanen,1,8480009,8,18:05,NYR,3,New York Rangers,517
16647181,0,00:47,03:22,,,461,Eeli,2026020003,#0033A0,Tolvanen,2,8480009,9,02:35,NYR,3,New York Rangers,517
16647182,0,00:53,07:28,,,508,Eeli,2026020003,#0033A0,Tolvanen,2,8480009,10,06:35,NYR,3,New York Rangers,517
16647377,0,00:04,10:32,,,565,Eeli,2026020003,#0033A0,Tolvanen,2,8480009,11,10:28,NYR,3,New York Rangers,517
16647378,0,00:41,13:11,,,585,Eeli,2026020003,#0033A0,Tolvanen,2,8480009,12,12:30,NYR,3,New York Rangers,517
16647379,0,00:39,15:54,,,620,Eeli,2026020003,#0033A0,Tolvanen,2,8480009,13,15:15,NYR,3,New York Rangers,517
16647519,0,00:34,18:27,,,654,Eeli,2026020003,#0033A0,Tolvanen,2,8480009,14,17:53,NYR,3,New York Rangers,517
16647572,0,00:32,02:32,,,711,Eeli,2026020003,#0033A0,Tolvanen,3,8480009,15,02:00,NYR,3,New York Rangers,517
16647655,0,00:37,05:03,,,745,Eeli,2026020003,#0033A0,Tolvanen,3,8480009,16,04:26,NYR,3,New York Rangers,517
16647656,0,00:47,07:50,,,775,Eeli,2026020003,#0033A0,Tolvanen,3,8480009,17,07:03,NYR,3,New York Rangers,517
16647657,0,00:28,10:23,,,819,Eeli,2026020003,#0033A0,Tolvanen,3,8480009,18,09:55,NYR,3,New York Rangers,517
16647658,0,00:41,12:56,,,902,Eeli,2026020003,#0033A0,Tolvanen,3,8480009,19,12:15,NYR,3,New York Rangers,517
16647868,0,00:32,13:51,,,922,Eeli,2026020003,#0033A0,Tolvanen,3,8480009,20,13:19,NYR,3,New York Rangers,517
16647869,0,00:26,16:14,,,962,Eeli,2026020003,#0033A0,Tolvanen,3,8480009,21,15:48,NYR,3,New York Rangers,517
16648044,0,00:36,19:03,,,1007,Eeli,2026020003,#0033A0,Tolvanen,3,8480009,22,18:27,NYR,3,New York Rangers,517
16646638,0,20:00,20:00,,,6,Jeremy,2026020003,#111111,Swayman,1,8480280,1,00:00,BOS,6,Boston Bruins,517
16647183,0,20:00,20:00,,,432,Jeremy,2026020003,#111111,Swayman,2,8480280,2,00:00,BOS,6,Boston Bruins,517
16647573,0,20:00,20:00,,,683,Jeremy,2026020003,#111111,Swayman,3,8480280,3,00:00,BOS,6,Boston Bruins,517
16646639,0,00:55,03:00,,,79,Mark,2026020003,#111111,Kastelic,1,8480355,1,02:05,BOS,6,Boston Bruins,517
16646640,0,01:14,06:01,,,121,Mark,2026020003,#111111,Kastelic,1,8480355,2,04:47,BOS,6,Boston Bruins,517
16646803,0,01:12,10:02,,,176,Mark,2026020003,#111111,Kastelic,1,8480355,3,08:50,BOS,6,Boston Bruins,517
16646804,0,00:34,11:42,,,204,Mark,2026020003,#111111,Kastelic,1,8480355,4,11:08,BOS,6,Boston Bruins,517
16646991,0,00:58,20:00,,,417,Mark,2026020003,#111111,Kastelic,1,8480355,5,19:02,BOS,6,Boston Bruins,517
16647184,0,00:43,03:50,,,463,Mark,2026020003,#111111,Kastelic,2,8480355,6,03:07,BOS,6,Boston Bruins,517
16647185,0,01:32,08:54,,,521,Mark,2026020003,#111111,Kastelic,2,8480355,7,07:22,BOS,6,Boston Bruins,517
16647380,0,00:47,11:19,,,569,Mark,2026020003,#111111,Kastelic,2,8480355,8,10:32,BOS,6,Boston Bruins,517
16647381,0,00:39,15:54,,,623,Mark,2026020003,#111111,Kastelic,2,8480355,9,15:15,BOS,6,Boston Bruins,517
16647520,0,00:24,19:43,,,671,Mark,2026020003,#111111,Kastelic,2,8480355,10,19:19,BOS,6,Boston Bruins,517
16648030,802,,17:29,EN,"Fraser Minten, Marat Khusnutdinov",993,Mark,2026020003,#111111,Kastelic,3,8480355,0,17:29,BOS,6,Boston Bruins,505
16647574,0,00:54,02:59,,,716,Mark,2026020003,#111111,Kastelic,3,8480355,11,02:05,BOS,6,Boston Bruins,517
16647659,0,00:47,09:55,,,814,Mark,2026020003,#111111,Kastelic,3,8480355,12,09:08,BOS,6,Boston Bruins,517
16647870,0,00:17,13:10,,,908,Mark,2026020003,#111111,Kastelic,3,8480355,13,12:53,BOS,6,Boston Bruins,517
16647871,0,00:20,16:14,,,968,Mark,2026020003,#111111,Kastelic,3,8480355,14,15:54,BOS,6,Boston Bruins,517
16648045,0,01:10,18:16,,,989,Mark,2026020003,#111111,Kastelic,3,8480355,15,17:06,BOS,6,Boston Bruins,517
16648046,0,00:41,19:45,,,1012,Mark,2026020003,#111111,Kastelic,3,8480355,16,19:04,BOS,6,Boston Bruins,517
16646641,0,00:45,01:19,,,60,Sean,2026020003,#0033A0,Durzi,1,8480434,1,00:34,NYR,3,New York Rangers,517
16646642,0,00:39,03:24,,,84,Sean,2026020003,#0033A0,Durzi,1,8480434,2,02:45,NYR,3,New York Rangers,517
16646643,0,00:54,05:47,,,125,Sean,2026020003,#0033A0,Durzi,1,8480434,3,04:53,NYR,3,New York Rangers,517
16646805,0,00:25,07:18,,,151,Sean,2026020003,#0033A0,Durzi,1,8480434,4,06:53,NYR,3,New York Rangers,517
16646806,0,00:50,09:25,,,173,Sean,2026020003,#0033A0,Durzi,1,8480434,5,08:35,NYR,3,New York Rangers,517
16646807,0,01:02,12:42,,,211,Sean,2026020003,#0033A0,Durzi,1,8480434,6,11:40,NYR,3,New York Rangers,517
16646808,0,00:28,14:11,,,237,Sean,2026020003,#0033A0,Durzi,1,8480434,7,13:43,NYR,3,New York Rangers,517
16646992,0,00:48,15:30,,,250,Sean,2026020003,#0033A0,Durzi,1,8480434,8,14:42,NYR,3,New York Rangers,517
16646993,0,00:53,17:49,,,385,Sean,2026020003,#0033A0,Durzi,1,8480434,9,16:56,NYR,3,New York Rangers,517
16646994,0,00:57,19:20,,,407,Sean,2026020003,#0033A0,Durzi,1,8480434,10,18:23,NYR,3,New York Rangers,517
16647186,0,01:49,02:35,,,438,Sean,2026020003,#0033A0,Durzi,2,8480434,11,00:46,NYR,3,New York Rangers,517
16647187,0,01:07,05:12,,,472,Sean,2026020003,#0033A0,Durzi,2,8480434,12,04:05,NYR,3,New York Rangers,517
16647188,0,00:39,08:10,,,524,Sean,2026020003,#0033A0,Durzi,2,8480434,13,07:31,NYR,3,New York Rangers,517
16647189,0,00:45,10:07,,,550,Sean,2026020003,#0033A0,Durzi,2,8480434,14,09:22,NYR,3,New York Rangers,517
16647382,0,00:49,13:19,,,585,Sean,2026020003,#0033A0,Durzi,2,8480434,15,12:30,NYR,3,New York Rangers,517
16647383,0,01:16,15:15,,,603,Sean,2026020003,#0033A0,Durzi,2,8480434,16,13:59,NYR,3,New York Rangers,517
16647521,0,01:19,17:57,,,638,Sean,2026020003,#0033A0,Durzi,2,8480434,17,16:38,NYR,3,New York Rangers,517
16647522,0,00:42,20:00,,,670,Sean,2026020003,#0033A0,Durzi,2,8480434,18,19:18,NYR,3,New York Rangers,517
16647575,0,00:35,01:01,,,689,Sean,2026020003,#0033A0,Durzi,3,8480434,19,00:26,NYR,3,New York Rangers,517
16647576,0,00:54,03:52,,,723,Sean,2026020003,#0033A0,Durzi,3,8480434,20,02:58,NYR,3,New York Rangers,517
16647660,0,01:31,06:37,,,755,Sean,2026020003,#0033A0,Durzi,3,8480434,21,05:06,NYR,3,New York Rangers,517
16647661,0,00:47,09:55,,,812,Sean,2026020003,#0033A0,Durzi,3,8480434,22,09:08,NYR,3,New York Rangers,517
16647872,0,01:38,13:55,,,903,Sean,2026020003,#0033A0,Durzi,3,8480434,23,12:17,NYR,3,New York Rangers,517
16647873,0,00:30,15:45,,,952,Sean,2026020003,#0033A0,Durzi,3,8480434,24,15:15,NYR,3,New York Rangers,517
16648047,0,01:13,19:36,,,1004,Sean,2026020003,#0033A0,Durzi,3,8480434,25,18:23,NYR,3,New York Rangers,517
16646644,0,00:51,02:56,,,80,Joseph,2026020003,#0033A0,Veleno,1,8480813,1,02:05,NYR,3,New York Rangers,517
16646645,0,01:02,05:56,,,127,Joseph,2026020003,#0033A0,Veleno,1,8480813,2,04:54,NYR,3,New York Rangers,517
16646809,0,00:49,09:24,,,173,Joseph,2026020003,#0033A0,Veleno,1,8480813,3,08:35,NYR,3,New York Rangers,517
16646810,0,00:47,13:16,,,220,Joseph,2026020003,#0033A0,Veleno,1,8480813,4,12:29,NYR,3,New York Rangers,517
16646995,0,00:41,17:49,,,395,Joseph,2026020003,#0033A0,Veleno,1,8480813,5,17:08,NYR,3,New York Rangers,517
16646996,0,00:51,18:58,,,404,Joseph,2026020003,#0033A0,Veleno,1,8480813,6,18:07,NYR,3,New York Rangers,517
16647190,0,01:02,04:21,,,466,Joseph,2026020003,#0033A0,Veleno,2,8480813,7,03:19,NYR,3,New York Rangers,517
16647191,0,00:48,08:15,,,520,Joseph,2026020003,#0033A0,Veleno,2,8480813,8,07:27,NYR,3,New York Rangers,517
16647384,0,00:21,10:28,,,558,Joseph,2026020003,#0033A0,Veleno,2,8480813,9,10:07,NYR,3,New York Rangers,517
16647385,0,01:58,12:30,,,568,Joseph,2026020003,#0033A0,Veleno,2,8480813,10,10:32,NYR,3,New York Rangers,517
16647386,0,01:21,15:54,,,609,Joseph,2026020003,#0033A0,Veleno,2,8480813,11,14:33,NYR,3,New York Rangers,517
16647523,0,00:28,19:30,,,667,Joseph,2026020003,#0033A0,Veleno,2,8480813,12,19:02,NYR,3,New York Rangers,517
16647524,0,00:17,20:00,,,679,Joseph,2026020003,#0033A0,Veleno,2,8480813,13,19:43,NYR,3,New York Rangers,517
16647577,0,00:45,03:13,,,717,Joseph,2026020003,#0033A0,Veleno,3,8480813,14,02:28,NYR,3,New York Rangers,517
16647662,0,01:06,06:58,,,762,Joseph,2026020003,#0033A0,Veleno,3,8480813,15,05:52,NYR,3,New York Rangers,517
16647663,0,00:47,09:55,,,812,Joseph,2026020003,#0033A0,Veleno,3,8480813,16,09:08,NYR,3,New York Rangers,517
16647874,0,00:41,13:19,,,905,Joseph,2026020003,#0033A0,Veleno,3,8480813,17,12:38,NYR,3,New York Rangers,517
16648048,0,00:54,18:23,,,996,Joseph,2026020003,#0033A0,Veleno,3,8480813,18,17:29,NYR,3,New York Rangers,517
16648049,0,00:28,20:00,,,1019,Joseph,2026020003,#0033A0,Veleno,3,8480813,19,19:32,NYR,3,New York Rangers,517
16646646,0,00:47,02:04,,,71,Jonathan,2026020003,#111111,Aspirot,1,8481219,1,01:17,BOS,6,Boston Bruins,517
16646647,0,00:37,04:54,,,117,Jonathan,2026020003,#111111,Aspirot,1,8481219,2,04:17,BOS,6,Boston Bruins,517
16646811,0,00:37,06:39,,,138,Jonathan,2026020003,#111111,Aspirot,1,8481219,3,06:02,BOS,6,Boston Bruins,517
16646812,0,01:27,10:05,,,175,Jonathan,2026020003,#111111,Aspirot,1,8481219,4,08:38,BOS,6,Boston Bruins,517
16646813,0,00:46,12:28,,,210,Jonathan,2026020003,#111111,Aspirot,1,8481219,5,11:42,BOS,6,Boston Bruins,517
16646997,0,00:43,14:47,,,241,Jonathan,2026020003,#111111,Aspirot,1,8481219,6,14:04,BOS,6,Boston Bruins,517
16647192,0,01:18,03:08,,,447,Jonathan,2026020003,#111111,Aspirot,2,8481219,7,01:50,BOS,6,Boston Bruins,517
16647193,0,01:11,06:35,,,492,Jonathan,2026020003,#111111,Aspirot,2,8481219,8,05:24,BOS,6,Boston Bruins,517
16647387,0,01:27,11:04,,,551,Jonathan,2026020003,#111111,Aspirot,2,8481219,9,09:37,BOS,6,Boston Bruins,517
16647388,0,00:49,13:19,,,586,Jonathan,2026020003,#111111,Aspirot,2,8481219,10,12:30,BOS,6,Boston Bruins,517
16647525,0,01:31,18:27,,,646,Jonathan,2026020003,#111111,Aspirot,2,8481219,11,16:56,BOS,6,Boston Bruins,517
16647578,0,00:53,02:05,,,701,Jonathan,2026020003,#111111,Aspirot,3,8481219,12,01:12,BOS,6,Boston Bruins,517
16647579,0,00:19,03:13,,,722,Jonathan,2026020003,#111111,Aspirot,3,8481219,13,02:54,BOS,6,Boston Bruins,517
16647664,0,01:07,05:51,,,749,Jonathan,2026020003,#111111,Aspirot,3,8481219,14,04:44,BOS,6,Boston Bruins,517
16647665,0,00:13,08:01,,,786,Jonathan,2026020003,#111111,Aspirot,3,8481219,15,07:48,BOS,6,Boston Bruins,517
16647666,0,00:47,09:55,,,814,Jonathan,2026020003,#111111,Aspirot,3,8481219,16,09:08,BOS,6,Boston Bruins,517
16647667,0,00:51,12:54,,,848,Jonathan,2026020003,#111111,Aspirot,3,8481219,17,12:03,BOS,6,Boston Bruins,517
16647875,0,00:03,15:15,,,949,Jonathan,2026020003,#111111,Aspirot,3,8481219,18,15:12,BOS,6,Boston Bruins,517
16647876,0,00:23,16:14,,,967,Jonathan,2026020003,#111111,Aspirot,3,8481219,19,15:51,BOS,6,Boston Bruins,517
16648050,0,00:45,18:14,,,998,Jonathan,2026020003,#111111,Aspirot,3,8481219,20,17:29,BOS,6,Boston Bruins,517
16648051,0,00:39,20:00,,,1017,Jonathan,2026020003,#111111,Aspirot,3,8481219,21,19:21,BOS,6,Boston Bruins,517
16646648,0,00:35,00:35,,,7,Pavel,2026020003,#0033A0,Dorofeyev,1,8481604,1,00:00,NYR,3,New York Rangers,517
16646649,0,00:31,03:24,,,85,Pavel,2026020003,#0033A0,Dorofeyev,1,8481604,2,02:53,NYR,3,New York Rangers,517
16646650,0,00:20,04:09,,,109,Pavel,2026020003,#0033A0,Dorofeyev,1,8481604,3,03:49,NYR,3,New York Rangers,517
16646814,0,00:46,08:04,,,162,Pavel,2026020003,#0033A0,Dorofeyev,1,8481604,4,07:18,NYR,3,New York Rangers,517
16646815,0,01:16,11:43,,,195,Pavel,2026020003,#0033A0,Dorofeyev,1,8481604,5,10:27,NYR,3,New York Rangers,517
16646998,0,01:01,15:29,,,247,Pavel,2026020003,#0033A0,Dorofeyev,1,8481604,6,14:28,NYR,3,New York Rangers,517
16646999,0,00:45,19:43,,,415,Pavel,2026020003,#0033A0,Dorofeyev,1,8481604,7,18:58,NYR,3,New York Rangers,517
16647194,0,00:50,00:50,,,433,Pavel,2026020003,#0033A0,Dorofeyev,2,8481604,8,00:00,NYR,3,New York Rangers,517
16647195,0,01:06,05:22,,,475,Pavel,2026020003,#0033A0,Dorofeyev,2,8481604,9,04:16,NYR,3,New York Rangers,517
16647196,0,00:23,08:54,,,532,Pavel,2026020003,#0033A0,Dorofeyev,2,8481604,10,08:31,NYR,3,New York Rangers,517
16647197,0,00:45,10:07,,,550,Pavel,2026020003,#0033A0,Dorofeyev,2,8481604,11,09:22,NYR,3,New York Rangers,517
16647389,0,01:04,15:15,,,606,Pavel,2026020003,#0033A0,Dorofeyev,2,8481604,12,14:11,NYR,3,New York Rangers,517
16647390,0,00:50,16:44,,,634,Pavel,2026020003,#0033A0,Dorofeyev,2,8481604,13,15:54,NYR,3,New York Rangers,517
16647526,0,00:50,19:17,,,663,Pavel,2026020003,#0033A0,Dorofeyev,2,8481604,14,18:27,NYR,3,New York Rangers,517
16647580,0,00:26,00:26,,,684,Pavel,2026020003,#0033A0,Dorofeyev,3,8481604,15,00:00,NYR,3,New York Rangers,517
16647581,0,00:55,02:00,,,698,Pavel,2026020003,#0033A0,Dorofeyev,3,8481604,16,01:05,NYR,3,New York Rangers,517
16647582,0,00:32,04:26,,,737,Pavel,2026020003,#0033A0,Dorofeyev,3,8481604,17,03:54,NYR,3,New York Rangers,517
16647668,0,00:26,09:08,,,804,Pavel,2026020003,#0033A0,Dorofeyev,3,8481604,18,08:42,NYR,3,New York Rangers,517
16647669,0,00:58,12:15,,,838,Pavel,2026020003,#0033A0,Dorofeyev,3,8481604,19,11:17,NYR,3,New York Rangers,517
16647877,0,00:34,14:25,,,930,Pavel,2026020003,#0033A0,Dorofeyev,3,8481604,20,13:51,NYR,3,New York Rangers,517
16647878,0,00:33,15:48,,,952,Pavel,2026020003,#0033A0,Dorofeyev,3,8481604,21,15:15,NYR,3,New York Rangers,517
16647879,0,00:23,17:29,,,988,Pavel,2026020003,#0033A0,Dorofeyev,3,8481604,22,17:06,NYR,3,New York Rangers,517
16646651,0,00:51,02:55,,,76,Tye,2026020003,#0033A0,Kartye,1,8481789,1,02:04,NYR,3,New York Rangers,517
16646652,0,00:54,05:48,,,127,Tye,2026020003,#0033A0,Kartye,1,8481789,2,04:54,NYR,3,New York Rangers,517
16646816,0,00:46,09:37,,,177,Tye,2026020003,#0033A0,Kartye,1,8481789,3,08:51,NYR,3,New York Rangers,517
16646817,0,00:41,13:07,,,219,Tye,2026020003,#0033A0,Kartye,1,8481789,4,12:26,NYR,3,New York Rangers,517
16647000,0,00:53,17:49,,,385,Tye,2026020003,#0033A0,Kartye,1,8481789,5,16:56,NYR,3,New York Rangers,517
16647001,0,00:34,18:57,,,407,Tye,2026020003,#0033A0,Kartye,1,8481789,6,18:23,NYR,3,New York Rangers,517
16647198,0,00:51,04:13,,,467,Tye,2026020003,#0033A0,Kartye,2,8481789,7,03:22,NYR,3,New York Rangers,517
16647199,0,00:44,08:09,,,519,Tye,2026020003,#0033A0,Kartye,2,8481789,8,07:25,NYR,3,New York Rangers,517
16647391,0,01:58,12:30,,,568,Tye,2026020003,#0033A0,Kartye,2,8481789,9,10:32,NYR,3,New York Rangers,517
16647392,0,00:42,15:54,,,618,Tye,2026020003,#0033A0,Kartye,2,8481789,10,15:12,NYR,3,New York Rangers,517
16647527,0,00:31,19:34,,,668,Tye,2026020003,#0033A0,Kartye,2,8481789,11,19:03,NYR,3,New York Rangers,517
16647583,0,00:45,03:13,,,717,Tye,2026020003,#0033A0,Kartye,3,8481789,12,02:28,NYR,3,New York Rangers,517
16647670,0,01:06,06:59,,,765,Tye,2026020003,#0033A0,Kartye,3,8481789,13,05:53,NYR,3,New York Rangers,517
16647671,0,00:47,09:55,,,812,Tye,2026020003,#0033A0,Kartye,3,8481789,14,09:08,NYR,3,New York Rangers,517
16647880,0,00:04,17:06,,,986,Tye,2026020003,#0033A0,Kartye,3,8481789,15,17:02,NYR,3,New York Rangers,517
16648052,0,00:58,18:27,,,996,Tye,2026020003,#0033A0,Kartye,3,8481789,16,17:29,NYR,3,New York Rangers,517
16648053,0,00:15,20:00,,,1023,Tye,2026020003,#0033A0,Kartye,3,8481789,17,19:45,NYR,3,New York Rangers,517
16646653,0,00:42,02:03,,,72,Braden,2026020003,#0033A0,Schneider,1,8482073,1,01:21,NYR,3,New York Rangers,517
16646654,0,00:17,03:49,,,100,Braden,2026020003,#0033A0,Schneider,1,8482073,2,03:32,NYR,3,New York Rangers,517
16646818,0,01:05,06:53,,,134,Braden,2026020003,#0033A0,Schneider,1,8482073,3,05:48,NYR,3,New York Rangers,517
16646819,0,00:29,08:33,,,167,Braden,2026020003,#0033A0,Schneider,1,8482073,4,08:04,NYR,3,New York Rangers,517
16646820,0,00:28,13:40,,,229,Braden,2026020003,#0033A0,Schneider,1,8482073,5,13:12,NYR,3,New York Rangers,517
16647002,0,00:44,16:16,,,362,Braden,2026020003,#0033A0,Schneider,1,8482073,6,15:32,NYR,3,New York Rangers,517
16647003,0,00:34,18:23,,,399,Braden,2026020003,#0033A0,Schneider,1,8482073,7,17:49,NYR,3,New York Rangers,517
16647200,0,00:59,03:31,,,458,Braden,2026020003,#0033A0,Schneider,2,8482073,8,02:32,NYR,3,New York Rangers,517
16647201,0,01:03,07:31,,,503,Braden,2026020003,#0033A0,Schneider,2,8482073,9,06:28,NYR,3,New York Rangers,517
16647202,0,00:28,09:22,,,540,Braden,2026020003,#0033A0,Schneider,2,8482073,10,08:54,NYR,3,New York Rangers,517
16647393,0,01:58,12:30,,,568,Braden,2026020003,#0033A0,Schneider,2,8482073,11,10:32,NYR,3,New York Rangers,517
16647394,0,00:39,15:54,,,620,Braden,2026020003,#0033A0,Schneider,2,8482073,12,15:15,NYR,3,New York Rangers,517
16647528,0,00:31,18:27,,,655,Braden,2026020003,#0033A0,Schneider,2,8482073,13,17:56,NYR,3,New York Rangers,517
16647584,0,00:48,01:53,,,698,Braden,2026020003,#0033A0,Schneider,3,8482073,14,01:05,NYR,3,New York Rangers,517
16647585,0,00:32,04:26,,,737,Braden,2026020003,#0033A0,Schneider,3,8482073,15,03:54,NYR,3,New York Rangers,517
16647672,0,00:59,07:36,,,768,Braden,2026020003,#0033A0,Schneider,3,8482073,16,06:37,NYR,3,New York Rangers,517
16647673,0,00:28,09:08,,,803,Braden,2026020003,#0033A0,Schneider,3,8482073,17,08:40,NYR,3,New York Rangers,517
16647674,0,00:53,11:18,,,825,Braden,2026020003,#0033A0,Schneider,3,8482073,18,10:25,NYR,3,New York Rangers,517
16647881,0,00:37,15:15,,,943,Braden,2026020003,#0033A0,Schneider,3,8482073,19,14:38,NYR,3,New York Rangers,517
16647882,0,00:52,17:06,,,974,Braden,2026020003,#0033A0,Schneider,3,8482073,20,16:14,NYR,3,New York Rangers,517
16648054,0,00:53,18:22,,,996,Braden,2026020003,#0033A0,Schneider,3,8482073,21,17:29,NYR,3,New York Rangers,517
16648055,0,00:15,20:00,,,1023,Braden,2026020003,#0033A0,Schneider,3,8482073,22,19:45,NYR,3,New York Rangers,517
16646655,0,00:35,01:10,,,61,Alexis,2026020003,#0033A0,LafreniÃ¨re,1,8482109,1,00:35,NYR,3,New York Rangers,517
16646656,0,00:25,03:49,,,97,Alexis,2026020003,#0033A0,LafreniÃ¨re,1,8482109,2,03:24,NYR,3,New York Rangers,517
16646821,0,00:25,07:18,,,151,Alexis,2026020003,#0033A0,LafreniÃ¨re,1,8482109,3,06:53,NYR,3,New York Rangers,517
16646822,0,02:29,12:01,,,182,Alexis,2026020003,#0033A0,LafreniÃ¨re,1,8482109,4,09:32,NYR,3,New York Rangers,517
16646823,0,00:36,13:43,,,226,Alexis,2026020003,#0033A0,LafreniÃ¨re,1,8482109,5,13:07,NYR,3,New York Rangers,517
16647004,0,00:51,16:20,,,360,Alexis,2026020003,#0033A0,LafreniÃ¨re,1,8482109,6,15:29,NYR,3,New York Rangers,517
16647005,0,00:18,20:00,,,424,Alexis,2026020003,#0033A0,LafreniÃ¨re,1,8482109,7,19:42,NYR,3,New York Rangers,517
16647203,0,01:43,02:33,,,440,Alexis,2026020003,#0033A0,LafreniÃ¨re,2,8482109,8,00:50,NYR,3,New York Rangers,517
16647204,0,01:13,06:35,,,490,Alexis,2026020003,#0033A0,LafreniÃ¨re,2,8482109,9,05:22,NYR,3,New York Rangers,517
16647205,0,00:28,09:22,,,540,Alexis,2026020003,#0033A0,LafreniÃ¨re,2,8482109,10,08:54,NYR,3,New York Rangers,517
16647395,0,01:00,14:11,,,593,Alexis,2026020003,#0033A0,LafreniÃ¨re,2,8482109,11,13:11,NYR,3,New York Rangers,517
16647529,0,01:09,17:53,,,640,Alexis,2026020003,#0033A0,LafreniÃ¨re,2,8482109,12,16:44,NYR,3,New York Rangers,517
16647530,0,00:28,20:00,,,674,Alexis,2026020003,#0033A0,LafreniÃ¨re,2,8482109,13,19:32,NYR,3,New York Rangers,517
16647586,0,00:39,01:05,,,689,Alexis,2026020003,#0033A0,LafreniÃ¨re,3,8482109,14,00:26,NYR,3,New York Rangers,517
16647587,0,00:41,03:54,,,729,Alexis,2026020003,#0033A0,LafreniÃ¨re,3,8482109,15,03:13,NYR,3,New York Rangers,517
16647675,0,00:49,05:52,,,754,Alexis,2026020003,#0033A0,LafreniÃ¨re,3,8482109,16,05:03,NYR,3,New York Rangers,517
16647676,0,00:52,08:42,,,785,Alexis,2026020003,#0033A0,LafreniÃ¨re,3,8482109,17,07:50,NYR,3,New York Rangers,517
16647677,0,00:53,11:16,,,823,Alexis,2026020003,#0033A0,LafreniÃ¨re,3,8482109,18,10:23,NYR,3,New York Rangers,517
16647883,0,00:50,15:15,,,937,Alexis,2026020003,#0033A0,LafreniÃ¨re,3,8482109,19,14:25,NYR,3,New York Rangers,517
16647884,0,00:48,17:02,,,974,Alexis,2026020003,#0033A0,LafreniÃ¨re,3,8482109,20,16:14,NYR,3,New York Rangers,517
16647885,0,00:23,17:29,,,988,Alexis,2026020003,#0033A0,LafreniÃ¨re,3,8482109,21,17:06,NYR,3,New York Rangers,517
16648056,0,00:42,19:45,,,1013,Alexis,2026020003,#0033A0,LafreniÃ¨re,3,8482109,22,19:03,NYR,3,New York Rangers,517
16646657,0,00:55,02:05,,,65,Will,2026020003,#0033A0,Cuylle,1,8482157,1,01:10,NYR,3,New York Rangers,517
16646658,0,00:12,04:54,,,120,Will,2026020003,#0033A0,Cuylle,1,8482157,2,04:42,NYR,3,New York Rangers,517
16646824,0,00:51,06:39,,,134,Will,2026020003,#0033A0,Cuylle,1,8482157,3,05:48,NYR,3,New York Rangers,517
16646825,0,00:47,08:51,,,167,Will,2026020003,#0033A0,Cuylle,1,8482157,4,08:04,NYR,3,New York Rangers,517
16646826,0,01:07,13:08,,,213,Will,2026020003,#0033A0,Cuylle,1,8482157,5,12:01,NYR,3,New York Rangers,517
16647006,0,00:48,14:43,,,239,Will,2026020003,#0033A0,Cuylle,1,8482157,6,13:55,NYR,3,New York Rangers,517
16647007,0,00:33,16:56,,,374,Will,2026020003,#0033A0,Cuylle,1,8482157,7,16:23,NYR,3,New York Rangers,517
16647008,0,00:18,18:07,,,399,Will,2026020003,#0033A0,Cuylle,1,8482157,8,17:49,NYR,3,New York Rangers,517
16647206,0,00:49,03:19,,,457,Will,2026020003,#0033A0,Cuylle,2,8482157,9,02:30,NYR,3,New York Rangers,517
16647207,0,00:58,07:25,,,502,Will,2026020003,#0033A0,Cuylle,2,8482157,10,06:27,NYR,3,New York Rangers,517
16647396,0,00:25,10:32,,,558,Will,2026020003,#0033A0,Cuylle,2,8482157,11,10:07,NYR,3,New York Rangers,517
16647397,0,00:49,13:19,,,585,Will,2026020003,#0033A0,Cuylle,2,8482157,12,12:30,NYR,3,New York Rangers,517
16647531,0,00:37,18:27,,,653,Will,2026020003,#0033A0,Cuylle,2,8482157,13,17:50,NYR,3,New York Rangers,517
16647532,0,00:26,19:43,,,669,Will,2026020003,#0033A0,Cuylle,2,8482157,14,19:17,NYR,3,New York Rangers,517
16647588,0,00:37,02:28,,,706,Will,2026020003,#0033A0,Cuylle,3,8482157,15,01:51,NYR,3,New York Rangers,517
16647678,0,00:42,05:08,,,745,Will,2026020003,#0033A0,Cuylle,3,8482157,16,04:26,NYR,3,New York Rangers,517
16647679,0,00:39,07:38,,,774,Will,2026020003,#0033A0,Cuylle,3,8482157,17,06:59,NYR,3,New York Rangers,517
16647680,0,00:37,10:32,,,819,Will,2026020003,#0033A0,Cuylle,3,8482157,18,09:55,NYR,3,New York Rangers,517
16647886,0,01:37,13:50,,,850,Will,2026020003,#0033A0,Cuylle,3,8482157,19,12:13,NYR,3,New York Rangers,517
16647887,0,00:29,16:14,,,959,Will,2026020003,#0033A0,Cuylle,3,8482157,20,15:45,NYR,3,New York Rangers,517
16647888,0,00:11,17:29,,,992,Will,2026020003,#0033A0,Cuylle,3,8482157,21,17:18,NYR,3,New York Rangers,517
16648057,0,00:36,19:00,,,1005,Will,2026020003,#0033A0,Cuylle,3,8482157,22,18:24,NYR,3,New York Rangers,517
16646659,0,00:48,01:23,,,59,JJ,2026020003,#111111,Peterka,1,8482175,1,00:35,BOS,6,Boston Bruins,517
16646660,0,00:40,04:17,,,103,JJ,2026020003,#111111,Peterka,1,8482175,2,03:37,BOS,6,Boston Bruins,517
16646827,0,00:25,07:18,,,152,JJ,2026020003,#111111,Peterka,1,8482175,3,06:53,BOS,6,Boston Bruins,517
16646828,0,00:22,10:27,,,190,JJ,2026020003,#111111,Peterka,1,8482175,4,10:05,BOS,6,Boston Bruins,517
16646829,0,00:50,13:22,,,222,JJ,2026020003,#111111,Peterka,1,8482175,5,12:32,BOS,6,Boston Bruins,517
16647009,0,00:56,15:56,,,359,JJ,2026020003,#111111,Peterka,1,8482175,6,15:00,BOS,6,Boston Bruins,517
16647010,0,01:29,18:25,,,390,JJ,2026020003,#111111,Peterka,1,8482175,7,16:56,BOS,6,Boston Bruins,517
16647208,0,01:02,01:57,,,442,JJ,2026020003,#111111,Peterka,2,8482175,8,00:55,BOS,6,Boston Bruins,517
16647209,0,01:14,06:37,,,491,JJ,2026020003,#111111,Peterka,2,8482175,9,05:23,BOS,6,Boston Bruins,517
16647210,0,01:13,10:07,,,544,JJ,2026020003,#111111,Peterka,2,8482175,10,08:54,BOS,6,Boston Bruins,517
16647398,0,00:51,12:30,,,582,JJ,2026020003,#111111,Peterka,2,8482175,11,11:39,BOS,6,Boston Bruins,517
16647399,0,00:32,15:15,,,613,JJ,2026020003,#111111,Peterka,2,8482175,12,14:43,BOS,6,Boston Bruins,517
16647400,0,00:53,16:47,,,633,JJ,2026020003,#111111,Peterka,2,8482175,13,15:54,BOS,6,Boston Bruins,517
16647533,0,00:17,20:00,,,680,JJ,2026020003,#111111,Peterka,2,8482175,14,19:43,BOS,6,Boston Bruins,517
16648031,802,,17:06,EVG,"Elias Lindholm, Hampus Lindholm",982,JJ,2026020003,#111111,Peterka,3,8482175,0,17:06,BOS,6,Boston Bruins,505
16647589,0,01:03,02:05,,,696,JJ,2026020003,#111111,Peterka,3,8482175,15,01:02,BOS,6,Boston Bruins,517
16647681,0,01:19,05:52,,,746,JJ,2026020003,#111111,Peterka,3,8482175,16,04:33,BOS,6,Boston Bruins,517
16647682,0,00:34,08:35,,,793,JJ,2026020003,#111111,Peterka,3,8482175,17,08:01,BOS,6,Boston Bruins,517
16647683,0,01:06,12:11,,,835,JJ,2026020003,#111111,Peterka,3,8482175,18,11:05,BOS,6,Boston Bruins,517
16647889,0,00:45,13:55,,,920,JJ,2026020003,#111111,Peterka,3,8482175,19,13:10,BOS,6,Boston Bruins,517
16647890,0,00:39,15:54,,,954,JJ,2026020003,#111111,Peterka,3,8482175,20,15:15,BOS,6,Boston Bruins,517
16647891,0,00:11,17:06,,,981,JJ,2026020003,#111111,Peterka,3,8482175,21,16:55,BOS,6,Boston Bruins,517
16646661,0,00:42,02:05,,,73,Marat,2026020003,#111111,Khusnutdinov,1,8482177,1,01:23,BOS,6,Boston Bruins,517
16646662,0,00:30,04:47,,,117,Marat,2026020003,#111111,Khusnutdinov,1,8482177,2,04:17,BOS,6,Boston Bruins,517
16646830,0,00:46,08:50,,,168,Marat,2026020003,#111111,Khusnutdinov,1,8482177,3,08:04,BOS,6,Boston Bruins,517
16646831,0,00:40,11:07,,,194,Marat,2026020003,#111111,Khusnutdinov,1,8482177,4,10:27,BOS,6,Boston Bruins,517
16646832,0,00:22,12:38,,,215,Marat,2026020003,#111111,Khusnutdinov,1,8482177,5,12:16,BOS,6,Boston Bruins,517
16646833,0,00:43,14:03,,,231,Marat,2026020003,#111111,Khusnutdinov,1,8482177,6,13:20,BOS,6,Boston Bruins,517
16647211,0,01:11,03:06,,,450,Marat,2026020003,#111111,Khusnutdinov,2,8482177,7,01:55,BOS,6,Boston Bruins,517
16647212,0,00:58,07:24,,,505,Marat,2026020003,#111111,Khusnutdinov,2,8482177,8,06:26,BOS,6,Boston Bruins,517
16647401,0,00:20,11:39,,,574,Marat,2026020003,#111111,Khusnutdinov,2,8482177,9,11:19,BOS,6,Boston Bruins,517
16647402,0,00:48,13:18,,,586,Marat,2026020003,#111111,Khusnutdinov,2,8482177,10,12:30,BOS,6,Boston Bruins,517
16647534,0,01:01,17:50,,,644,Marat,2026020003,#111111,Khusnutdinov,2,8482177,11,16:49,BOS,6,Boston Bruins,517
16647590,0,00:57,03:56,,,724,Marat,2026020003,#111111,Khusnutdinov,3,8482177,12,02:59,BOS,6,Boston Bruins,517
16647684,0,00:45,07:21,,,767,Marat,2026020003,#111111,Khusnutdinov,3,8482177,13,06:36,BOS,6,Boston Bruins,517
16647685,0,00:31,09:08,,,800,Marat,2026020003,#111111,Khusnutdinov,3,8482177,14,08:37,BOS,6,Boston Bruins,517
16647686,0,01:00,12:53,,,845,Marat,2026020003,#111111,Khusnutdinov,3,8482177,15,11:53,BOS,6,Boston Bruins,517
16647892,0,00:38,15:15,,,942,Marat,2026020003,#111111,Khusnutdinov,3,8482177,16,14:37,BOS,6,Boston Bruins,517
16647893,0,00:20,16:14,,,968,Marat,2026020003,#111111,Khusnutdinov,3,8482177,17,15:54,BOS,6,Boston Bruins,517
16647894,0,00:23,17:29,,,989,Marat,2026020003,#111111,Khusnutdinov,3,8482177,18,17:06,BOS,6,Boston Bruins,517
16648058,0,00:48,19:04,,,1001,Marat,2026020003,#111111,Khusnutdinov,3,8482177,19,18:16,BOS,6,Boston Bruins,517
16646663,0,00:50,02:53,,,75,Matt,2026020003,#0033A0,Rempe,1,8482460,1,02:03,NYR,3,New York Rangers,517
16646664,0,00:54,05:48,,,127,Matt,2026020003,#0033A0,Rempe,1,8482460,2,04:54,NYR,3,New York Rangers,517
16646834,0,00:55,09:32,,,174,Matt,2026020003,#0033A0,Rempe,1,8482460,3,08:37,NYR,3,New York Rangers,517
16647213,0,00:53,04:16,,,468,Matt,2026020003,#0033A0,Rempe,2,8482460,4,03:23,NYR,3,New York Rangers,517
16647214,0,01:03,08:31,,,522,Matt,2026020003,#0033A0,Rempe,2,8482460,5,07:28,NYR,3,New York Rangers,517
16647403,0,01:58,12:30,,,568,Matt,2026020003,#0033A0,Rempe,2,8482460,6,10:32,NYR,3,New York Rangers,517
16647591,0,00:41,03:13,,,718,Matt,2026020003,#0033A0,Rempe,3,8482460,7,02:32,NYR,3,New York Rangers,517
16647687,0,00:26,07:03,,,768,Matt,2026020003,#0033A0,Rempe,3,8482460,8,06:37,NYR,3,New York Rangers,517
16647688,0,00:47,09:55,,,812,Matt,2026020003,#0033A0,Rempe,3,8482460,9,09:08,NYR,3,New York Rangers,517
16647895,0,00:14,13:10,,,910,Matt,2026020003,#0033A0,Rempe,3,8482460,10,12:56,NYR,3,New York Rangers,517
16648059,0,00:53,18:22,,,996,Matt,2026020003,#0033A0,Rempe,3,8482460,11,17:29,NYR,3,New York Rangers,517
16648060,0,00:15,20:00,,,1023,Matt,2026020003,#0033A0,Rempe,3,8482460,12,19:45,NYR,3,New York Rangers,517
16646665,0,01:17,02:33,,,70,Mason,2026020003,#111111,Lohrei,1,8482511,1,01:16,BOS,6,Boston Bruins,517
16646666,0,00:37,04:54,,,117,Mason,2026020003,#111111,Lohrei,1,8482511,2,04:17,BOS,6,Boston Bruins,517
16646835,0,00:38,06:38,,,136,Mason,2026020003,#111111,Lohrei,1,8482511,3,06:00,BOS,6,Boston Bruins,517
16646836,0,01:31,10:01,,,171,Mason,2026020003,#111111,Lohrei,1,8482511,4,08:30,BOS,6,Boston Bruins,517
16646837,0,00:49,12:30,,,209,Mason,2026020003,#111111,Lohrei,1,8482511,5,11:41,BOS,6,Boston Bruins,517
16647011,0,00:44,14:47,,,240,Mason,2026020003,#111111,Lohrei,1,8482511,6,14:03,BOS,6,Boston Bruins,517
16647012,0,00:01,16:56,,,389,Mason,2026020003,#111111,Lohrei,1,8482511,7,16:55,BOS,6,Boston Bruins,517
16647013,0,01:11,19:00,,,400,Mason,2026020003,#111111,Lohrei,1,8482511,8,17:49,BOS,6,Boston Bruins,517
16647215,0,01:16,03:08,,,448,Mason,2026020003,#111111,Lohrei,2,8482511,9,01:52,BOS,6,Boston Bruins,517
16647216,0,01:02,06:36,,,494,Mason,2026020003,#111111,Lohrei,2,8482511,10,05:34,BOS,6,Boston Bruins,517
16647404,0,01:22,11:06,,,553,Mason,2026020003,#111111,Lohrei,2,8482511,11,09:44,BOS,6,Boston Bruins,517
16647405,0,00:49,13:19,,,586,Mason,2026020003,#111111,Lohrei,2,8482511,12,12:30,BOS,6,Boston Bruins,517
16647535,0,01:29,18:27,,,647,Mason,2026020003,#111111,Lohrei,2,8482511,13,16:58,BOS,6,Boston Bruins,517
16647592,0,00:54,02:05,,,700,Mason,2026020003,#111111,Lohrei,3,8482511,14,01:11,BOS,6,Boston Bruins,517
16647593,0,00:35,03:13,,,719,Mason,2026020003,#111111,Lohrei,3,8482511,15,02:38,BOS,6,Boston Bruins,517
16647689,0,01:09,05:52,,,748,Mason,2026020003,#111111,Lohrei,3,8482511,16,04:43,BOS,6,Boston Bruins,517
16647690,0,00:14,08:01,,,784,Mason,2026020003,#111111,Lohrei,3,8482511,17,07:47,BOS,6,Boston Bruins,517
16647691,0,00:47,09:55,,,814,Mason,2026020003,#111111,Lohrei,3,8482511,18,09:08,BOS,6,Boston Bruins,517
16647896,0,01:02,13:04,,,847,Mason,2026020003,#111111,Lohrei,3,8482511,19,12:02,BOS,6,Boston Bruins,517
16647897,0,00:04,15:15,,,947,Mason,2026020003,#111111,Lohrei,3,8482511,20,15:11,BOS,6,Boston Bruins,517
16647898,0,00:24,16:14,,,966,Mason,2026020003,#111111,Lohrei,3,8482511,21,15:50,BOS,6,Boston Bruins,517
16648061,0,00:47,18:16,,,998,Mason,2026020003,#111111,Lohrei,3,8482511,22,17:29,BOS,6,Boston Bruins,517
16648062,0,00:39,20:00,,,1016,Mason,2026020003,#111111,Lohrei,3,8482511,23,19:21,BOS,6,Boston Bruins,517
16646667,0,00:51,02:05,,,68,Fraser,2026020003,#111111,Minten,1,8483489,1,01:14,BOS,6,Boston Bruins,517
16646668,0,00:37,04:54,,,117,Fraser,2026020003,#111111,Minten,1,8483489,2,04:17,BOS,6,Boston Bruins,517
16646838,0,00:48,08:52,,,168,Fraser,2026020003,#111111,Minten,1,8483489,3,08:04,BOS,6,Boston Bruins,517
16646839,0,00:34,12:16,,,210,Fraser,2026020003,#111111,Minten,1,8483489,4,11:42,BOS,6,Boston Bruins,517
16646840,0,00:56,14:03,,,225,Fraser,2026020003,#111111,Minten,1,8483489,5,13:07,BOS,6,Boston Bruins,517
16647014,0,00:56,19:07,,,406,Fraser,2026020003,#111111,Minten,1,8483489,6,18:11,BOS,6,Boston Bruins,517
16647217,0,01:27,03:17,,,447,Fraser,2026020003,#111111,Minten,2,8483489,7,01:50,BOS,6,Boston Bruins,517
16647218,0,00:54,07:21,,,506,Fraser,2026020003,#111111,Minten,2,8483489,8,06:27,BOS,6,Boston Bruins,517
16647406,0,00:15,11:39,,,575,Fraser,2026020003,#111111,Minten,2,8483489,9,11:24,BOS,6,Boston Bruins,517
16647407,0,00:49,13:19,,,586,Fraser,2026020003,#111111,Minten,2,8483489,10,12:30,BOS,6,Boston Bruins,517
16647536,0,01:04,17:54,,,645,Fraser,2026020003,#111111,Minten,2,8483489,11,16:50,BOS,6,Boston Bruins,517
16648032,802,,16:14,EVG,Mason Lohrei,971,Fraser,2026020003,#111111,Minten,3,8483489,0,16:14,BOS,6,Boston Bruins,505
16647594,0,00:27,02:05,,,704,Fraser,2026020003,#111111,Minten,3,8483489,12,01:38,BOS,6,Boston Bruins,517
16647595,0,00:41,03:54,,,730,Fraser,2026020003,#111111,Minten,3,8483489,13,03:13,BOS,6,Boston Bruins,517
16647692,0,00:56,07:46,,,771,Fraser,2026020003,#111111,Minten,3,8483489,14,06:50,BOS,6,Boston Bruins,517
16647693,0,00:33,09:08,,,798,Fraser,2026020003,#111111,Minten,3,8483489,15,08:35,BOS,6,Boston Bruins,517
16647694,0,00:53,12:15,,,842,Fraser,2026020003,#111111,Minten,3,8483489,16,11:22,BOS,6,Boston Bruins,517
16647899,0,00:41,15:15,,,941,Fraser,2026020003,#111111,Minten,3,8483489,17,14:34,BOS,6,Boston Bruins,517
16647900,0,00:27,16:14,,,961,Fraser,2026020003,#111111,Minten,3,8483489,18,15:47,BOS,6,Boston Bruins,517
16647901,0,00:23,17:29,,,989,Fraser,2026020003,#111111,Minten,3,8483489,19,17:06,BOS,6,Boston Bruins,517
16648063,0,00:36,19:03,,,1006,Fraser,2026020003,#111111,Minten,3,8483489,20,18:27,BOS,6,Boston Bruins,517
16646669,0,00:49,02:05,,,67,Noah,2026020003,#0033A0,Laba,1,8483690,1,01:16,NYR,3,New York Rangers,517
16646670,0,00:21,04:54,,,119,Noah,2026020003,#0033A0,Laba,1,8483690,2,04:33,NYR,3,New York Rangers,517
16646671,0,00:35,06:31,,,135,Noah,2026020003,#0033A0,Laba,1,8483690,3,05:56,NYR,3,New York Rangers,517
16646841,0,00:31,08:35,,,167,Noah,2026020003,#0033A0,Laba,1,8483690,4,08:04,NYR,3,New York Rangers,517
16647015,0,01:01,14:41,,,235,Noah,2026020003,#0033A0,Laba,1,8483690,5,13:40,NYR,3,New York Rangers,517
16647016,0,00:33,16:56,,,374,Noah,2026020003,#0033A0,Laba,1,8483690,6,16:23,NYR,3,New York Rangers,517
16647017,0,00:12,19:08,,,413,Noah,2026020003,#0033A0,Laba,1,8483690,7,18:56,NYR,3,New York Rangers,517
16647219,0,00:50,03:23,,,459,Noah,2026020003,#0033A0,Laba,2,8483690,8,02:33,NYR,3,New York Rangers,517
16647220,0,00:58,07:27,,,507,Noah,2026020003,#0033A0,Laba,2,8483690,9,06:29,NYR,3,New York Rangers,517
16647408,0,00:25,10:32,,,558,Noah,2026020003,#0033A0,Laba,2,8483690,10,10:07,NYR,3,New York Rangers,517
16647409,0,00:42,13:12,,,585,Noah,2026020003,#0033A0,Laba,2,8483690,11,12:30,NYR,3,New York Rangers,517
16647537,0,00:46,18:27,,,649,Noah,2026020003,#0033A0,Laba,2,8483690,12,17:41,NYR,3,New York Rangers,517
16647596,0,00:50,02:28,,,703,Noah,2026020003,#0033A0,Laba,3,8483690,13,01:38,NYR,3,New York Rangers,517
16647695,0,00:40,05:06,,,745,Noah,2026020003,#0033A0,Laba,3,8483690,14,04:26,NYR,3,New York Rangers,517
16647696,0,00:40,07:38,,,772,Noah,2026020003,#0033A0,Laba,3,8483690,15,06:58,NYR,3,New York Rangers,517
16647697,0,00:28,10:23,,,819,Noah,2026020003,#0033A0,Laba,3,8483690,16,09:55,NYR,3,New York Rangers,517
16647698,0,00:35,12:38,,,846,Noah,2026020003,#0033A0,Laba,3,8483690,17,12:03,NYR,3,New York Rangers,517
16647902,0,00:45,13:55,,,918,Noah,2026020003,#0033A0,Laba,3,8483690,18,13:10,NYR,3,New York Rangers,517
16647903,0,00:32,16:14,,,958,Noah,2026020003,#0033A0,Laba,3,8483690,19,15:42,NYR,3,New York Rangers,517
16647904,0,00:05,17:06,,,984,Noah,2026020003,#0033A0,Laba,3,8483690,20,17:01,NYR,3,New York Rangers,517
16648064,0,00:38,19:00,,,1002,Noah,2026020003,#0033A0,Laba,3,8483690,21,18:22,NYR,3,New York Rangers,517
16646672,0,00:37,01:11,,,60,Gabe,2026020003,#0033A0,Perreault,1,8484210,1,00:34,NYR,3,New York Rangers,517
16646673,0,00:25,03:49,,,97,Gabe,2026020003,#0033A0,Perreault,1,8484210,2,03:24,NYR,3,New York Rangers,517
16646842,0,00:39,07:18,,,145,Gabe,2026020003,#0033A0,Perreault,1,8484210,3,06:39,NYR,3,New York Rangers,517
16646843,0,00:50,10:27,,,183,Gabe,2026020003,#0033A0,Perreault,1,8484210,4,09:37,NYR,3,New York Rangers,517
16646844,0,00:46,12:29,,,212,Gabe,2026020003,#0033A0,Perreault,1,8484210,5,11:43,NYR,3,New York Rangers,517
16646845,0,00:47,13:55,,,228,Gabe,2026020003,#0033A0,Perreault,1,8484210,6,13:08,NYR,3,New York Rangers,517
16647018,0,00:41,16:23,,,364,Gabe,2026020003,#0033A0,Perreault,1,8484210,7,15:42,NYR,3,New York Rangers,517
16647019,0,00:17,20:00,,,425,Gabe,2026020003,#0033A0,Perreault,1,8484210,8,19:43,NYR,3,New York Rangers,517
16647221,0,01:40,02:30,,,440,Gabe,2026020003,#0033A0,Perreault,2,8484210,9,00:50,NYR,3,New York Rangers,517
16647222,0,00:47,06:27,,,495,Gabe,2026020003,#0033A0,Perreault,2,8484210,10,05:40,NYR,3,New York Rangers,517
16647223,0,00:28,09:22,,,540,Gabe,2026020003,#0033A0,Perreault,2,8484210,11,08:54,NYR,3,New York Rangers,517
16647410,0,01:01,14:20,,,598,Gabe,2026020003,#0033A0,Perreault,2,8484210,12,13:19,NYR,3,New York Rangers,517
16647538,0,01:06,17:50,,,640,Gabe,2026020003,#0033A0,Perreault,2,8484210,13,16:44,NYR,3,New York Rangers,517
16647597,0,00:36,01:02,,,689,Gabe,2026020003,#0033A0,Perreault,3,8484210,14,00:26,NYR,3,New York Rangers,517
16647598,0,00:41,03:54,,,729,Gabe,2026020003,#0033A0,Perreault,3,8484210,15,03:13,NYR,3,New York Rangers,517
16647699,0,00:45,05:53,,,756,Gabe,2026020003,#0033A0,Perreault,3,8484210,16,05:08,NYR,3,New York Rangers,517
16647700,0,00:59,08:37,,,782,Gabe,2026020003,#0033A0,Perreault,3,8484210,17,07:38,NYR,3,New York Rangers,517
16647701,0,00:47,11:19,,,828,Gabe,2026020003,#0033A0,Perreault,3,8484210,18,10:32,NYR,3,New York Rangers,517
16647905,0,00:51,15:15,,,935,Gabe,2026020003,#0033A0,Perreault,3,8484210,19,14:24,NYR,3,New York Rangers,517
16647906,0,00:52,17:06,,,974,Gabe,2026020003,#0033A0,Perreault,3,8484210,20,16:14,NYR,3,New York Rangers,517
16648065,0,00:45,19:45,,,1010,Gabe,2026020003,#0033A0,Perreault,3,8484210,21,19:00,NYR,3,New York Rangers,517
16646674,0,00:44,02:07,,,73,James,2026020003,#111111,Hagens,1,8485395,1,01:23,BOS,6,Boston Bruins,517
16646675,0,00:34,04:51,,,117,James,2026020003,#111111,Hagens,1,8485395,2,04:17,BOS,6,Boston Bruins,517
16646846,0,00:46,08:50,,,168,James,2026020003,#111111,Hagens,1,8485395,3,08:04,BOS,6,Boston Bruins,517
16646847,0,00:57,14:07,,,227,James,2026020003,#111111,Hagens,1,8485395,4,13:10,BOS,6,Boston Bruins,517
16647020,0,00:38,19:02,,,408,James,2026020003,#111111,Hagens,1,8485395,5,18:24,BOS,6,Boston Bruins,517
16647224,0,01:10,03:07,,,451,James,2026020003,#111111,Hagens,2,8485395,6,01:57,BOS,6,Boston Bruins,517
16647225,0,00:46,07:22,,,510,James,2026020003,#111111,Hagens,2,8485395,7,06:36,BOS,6,Boston Bruins,517
16647411,0,00:28,11:39,,,573,James,2026020003,#111111,Hagens,2,8485395,8,11:11,BOS,6,Boston Bruins,517
16647412,0,00:49,13:19,,,586,James,2026020003,#111111,Hagens,2,8485395,9,12:30,BOS,6,Boston Bruins,517
16647539,0,01:40,18:27,,,642,James,2026020003,#111111,Hagens,2,8485395,10,16:47,BOS,6,Boston Bruins,517
16647599,0,00:53,03:55,,,725,James,2026020003,#111111,Hagens,3,8485395,11,03:02,BOS,6,Boston Bruins,517
16647702,0,00:54,07:52,,,773,James,2026020003,#111111,Hagens,3,8485395,12,06:58,BOS,6,Boston Bruins,517
16647703,0,00:31,09:08,,,800,James,2026020003,#111111,Hagens,3,8485395,13,08:37,BOS,6,Boston Bruins,517
16647704,0,00:46,12:57,,,849,James,2026020003,#111111,Hagens,3,8485395,14,12:11,BOS,6,Boston Bruins,517
16647907,0,00:48,15:15,,,936,James,2026020003,#111111,Hagens,3,8485395,15,14:27,BOS,6,Boston Bruins,517
16648066,0,00:48,19:13,,,1003,James,2026020003,#111111,Hagens,3,8485395,16,18:25,BOS,6,Boston Bruins,517
16648067,0,00:15,20:00,,,1024,James,2026020003,#111111,Hagens,3,8485395,17,19:45,BOS,6,Boston Bruins,517
16646676,0,00:45,02:04,,,69,Alberts,2026020003,#0033A0,Smits,1,8485957,1,01:19,NYR,3,New York Rangers,517
16646677,0,00:17,03:49,,,100,Alberts,2026020003,#0033A0,Smits,1,8485957,2,03:32,NYR,3,New York Rangers,517
16646848,0,01:06,06:53,,,133,Alberts,2026020003,#0033A0,Smits,1,8485957,3,05:47,NYR,3,New York Rangers,517
16646849,0,00:32,08:35,,,165,Alberts,2026020003,#0033A0,Smits,1,8485957,4,08:03,NYR,3,New York Rangers,517
16646850,0,00:30,14:10,,,235,Alberts,2026020003,#0033A0,Smits,1,8485957,5,13:40,NYR,3,New York Rangers,517
16647021,0,00:53,16:23,,,361,Alberts,2026020003,#0033A0,Smits,1,8485957,6,15:30,NYR,3,New York Rangers,517
16647022,0,00:40,20:00,,,421,Alberts,2026020003,#0033A0,Smits,1,8485957,7,19:20,NYR,3,New York Rangers,517
16647226,0,00:49,03:23,,,460,Alberts,2026020003,#0033A0,Smits,2,8485957,8,02:34,NYR,3,New York Rangers,517
16647227,0,01:03,07:32,,,507,Alberts,2026020003,#0033A0,Smits,2,8485957,9,06:29,NYR,3,New York Rangers,517
16647228,0,00:28,09:22,,,540,Alberts,2026020003,#0033A0,Smits,2,8485957,10,08:54,NYR,3,New York Rangers,517
16647413,0,01:58,12:30,,,568,Alberts,2026020003,#0033A0,Smits,2,8485957,11,10:32,NYR,3,New York Rangers,517
16647414,0,00:39,15:54,,,620,Alberts,2026020003,#0033A0,Smits,2,8485957,12,15:15,NYR,3,New York Rangers,517
16647540,0,00:30,18:27,,,656,Alberts,2026020003,#0033A0,Smits,2,8485957,13,17:57,NYR,3,New York Rangers,517
16647600,0,01:00,02:01,,,695,Alberts,2026020003,#0033A0,Smits,3,8485957,14,01:01,NYR,3,New York Rangers,517
16647601,0,00:34,04:26,,,734,Alberts,2026020003,#0033A0,Smits,3,8485957,15,03:52,NYR,3,New York Rangers,517
16647705,0,00:50,06:36,,,761,Alberts,2026020003,#0033A0,Smits,3,8485957,16,05:46,NYR,3,New York Rangers,517
16647706,0,00:26,09:04,,,802,Alberts,2026020003,#0033A0,Smits,3,8485957,17,08:38,NYR,3,New York Rangers,517
16647707,0,00:54,11:17,,,823,Alberts,2026020003,#0033A0,Smits,3,8485957,18,10:23,NYR,3,New York Rangers,517
16647908,0,00:50,15:15,,,937,Alberts,2026020003,#0033A0,Smits,3,8485957,19,14:25,NYR,3,New York Rangers,517
16647909,0,00:08,15:54,,,960,Alberts,2026020003,#0033A0,Smits,3,8485957,20,15:46,NYR,3,New York Rangers,517
16647910,0,00:52,17:06,,,974,Alberts,2026020003,#0033A0,Smits,3,8485957,21,16:14,NYR,3,New York Rangers,517
16648068,0,00:55,18:24,,,996,Alberts,2026020003,#0033A0,Smits,3,8485957,22,17:29,NYR,3,New York Rangers,517
16648069,0,00:15,20:00,,,1023,Alberts,2026020003,#0033A0,Smits,3,8485957,23,19:45,NYR,3,New York Rangers,517
16647708,0,00:47,02:57,,,130,Luke,2026020004,#00843D,Schenn,1,8474568,1,02:10,VAN,23,Vancouver Canucks,517
16647709,0,00:22,05:50,,,179,Luke,2026020004,#00843D,Schenn,1,8474568,2,05:28,VAN,23,Vancouver Canucks,517
16647710,0,00:30,08:10,,,212,Luke,2026020004,#00843D,Schenn,1,8474568,3,07:40,VAN,23,Vancouver Canucks,517
16647911,0,00:27,09:21,,,239,Luke,2026020004,#00843D,Schenn,1,8474568,4,08:54,VAN,23,Vancouver Canucks,517
16647912,0,00:31,10:21,,,251,Luke,2026020004,#00843D,Schenn,1,8474568,5,09:50,VAN,23,Vancouver Canucks,517
16647913,0,00:29,13:37,,,298,Luke,2026020004,#00843D,Schenn,1,8474568,6,13:08,VAN,23,Vancouver Canucks,517
16648070,0,00:25,16:51,,,398,Luke,2026020004,#00843D,Schenn,1,8474568,7,16:26,VAN,23,Vancouver Canucks,517
16648071,0,00:40,18:37,,,417,Luke,2026020004,#00843D,Schenn,1,8474568,8,17:57,VAN,23,Vancouver Canucks,517
16648341,0,00:55,03:02,,,484,Luke,2026020004,#00843D,Schenn,2,8474568,9,02:07,VAN,23,Vancouver Canucks,517
16648342,0,00:53,05:32,,,564,Luke,2026020004,#00843D,Schenn,2,8474568,10,04:39,VAN,23,Vancouver Canucks,517
16648343,0,00:40,08:18,,,613,Luke,2026020004,#00843D,Schenn,2,8474568,11,07:38,VAN,23,Vancouver Canucks,517
16648344,0,00:37,10:40,,,640,Luke,2026020004,#00843D,Schenn,2,8474568,12,10:03,VAN,23,Vancouver Canucks,517
16648544,0,00:39,12:55,,,723,Luke,2026020004,#00843D,Schenn,2,8474568,13,12:16,VAN,23,Vancouver Canucks,517
16648545,0,00:51,16:18,,,768,Luke,2026020004,#00843D,Schenn,2,8474568,14,15:27,VAN,23,Vancouver Canucks,517
16648636,0,00:31,20:00,,,821,Luke,2026020004,#00843D,Schenn,2,8474568,15,19:29,VAN,23,Vancouver Canucks,517
16648750,0,01:11,02:31,,,853,Luke,2026020004,#00843D,Schenn,3,8474568,16,01:20,VAN,23,Vancouver Canucks,517
16648751,0,00:58,04:49,,,889,Luke,2026020004,#00843D,Schenn,3,8474568,17,03:51,VAN,23,Vancouver Canucks,517
16648752,0,00:33,05:53,,,921,Luke,2026020004,#00843D,Schenn,3,8474568,18,05:20,VAN,23,Vancouver Canucks,517
16648977,0,00:40,07:57,,,954,Luke,2026020004,#00843D,Schenn,3,8474568,19,07:17,VAN,23,Vancouver Canucks,517
16648978,0,00:35,09:58,,,986,Luke,2026020004,#00843D,Schenn,3,8474568,20,09:23,VAN,23,Vancouver Canucks,517
16648979,0,00:45,11:48,,,1020,Luke,2026020004,#00843D,Schenn,3,8474568,21,11:03,VAN,23,Vancouver Canucks,517
16648980,0,00:26,13:54,,,1048,Luke,2026020004,#00843D,Schenn,3,8474568,22,13:28,VAN,23,Vancouver Canucks,517
16649097,0,00:26,13:54,,,1048,Luke,2026020004,#00843D,Schenn,3,8474568,23,13:28,VAN,23,Vancouver Canucks,517
16647711,0,00:32,00:32,,,55,Mattias,2026020004,#00205B,Ekholm,1,8475218,1,00:00,EDM,22,Edmonton Oilers,517
16647712,0,01:18,04:23,,,144,Mattias,2026020004,#00205B,Ekholm,1,8475218,2,03:05,EDM,22,Edmonton Oilers,517
16647713,0,00:50,07:06,,,196,Mattias,2026020004,#00205B,Ekholm,1,8475218,3,06:16,EDM,22,Edmonton Oilers,517
16647914,0,00:43,11:32,,,265,Mattias,2026020004,#00205B,Ekholm,1,8475218,4,10:49,EDM,22,Edmonton Oilers,517
16647915,0,01:24,14:47,,,353,Mattias,2026020004,#00205B,Ekholm,1,8475218,5,13:23,EDM,22,Edmonton Oilers,517
16647916,0,00:22,16:26,,,385,Mattias,2026020004,#00205B,Ekholm,1,8475218,6,16:04,EDM,22,Edmonton Oilers,517
16648072,0,00:57,20:00,,,435,Mattias,2026020004,#00205B,Ekholm,1,8475218,7,19:03,EDM,22,Edmonton Oilers,517
16648210,0,00:39,00:39,,,452,Mattias,2026020004,#00205B,Ekholm,2,8475218,8,00:00,EDM,22,Edmonton Oilers,517
16648345,0,01:39,03:46,,,485,Mattias,2026020004,#00205B,Ekholm,2,8475218,9,02:07,EDM,22,Edmonton Oilers,517
16648346,0,01:11,07:21,,,584,Mattias,2026020004,#00205B,Ekholm,2,8475218,10,06:10,EDM,22,Edmonton Oilers,517
16648347,0,00:42,09:09,,,623,Mattias,2026020004,#00205B,Ekholm,2,8475218,11,08:27,EDM,22,Edmonton Oilers,517
16648546,0,00:41,11:21,,,702,Mattias,2026020004,#00205B,Ekholm,2,8475218,12,10:40,EDM,22,Edmonton Oilers,517
16648547,0,00:39,14:34,,,742,Mattias,2026020004,#00205B,Ekholm,2,8475218,13,13:55,EDM,22,Edmonton Oilers,517
16648548,0,01:45,18:20,,,787,Mattias,2026020004,#00205B,Ekholm,2,8475218,14,16:35,EDM,22,Edmonton Oilers,517
16648753,0,00:38,00:38,,,826,Mattias,2026020004,#00205B,Ekholm,3,8475218,15,00:00,EDM,22,Edmonton Oilers,517
16648754,0,00:54,02:44,,,857,Mattias,2026020004,#00205B,Ekholm,3,8475218,16,01:50,EDM,22,Edmonton Oilers,517
16648755,0,00:41,05:15,,,899,Mattias,2026020004,#00205B,Ekholm,3,8475218,17,04:34,EDM,22,Edmonton Oilers,517
16648981,0,00:35,08:26,,,959,Mattias,2026020004,#00205B,Ekholm,3,8475218,18,07:51,EDM,22,Edmonton Oilers,517
16648982,0,00:48,10:08,,,983,Mattias,2026020004,#00205B,Ekholm,3,8475218,19,09:20,EDM,22,Edmonton Oilers,517
16649098,0,00:41,13:43,,,1043,Mattias,2026020004,#00205B,Ekholm,3,8475218,20,13:02,EDM,22,Edmonton Oilers,517
16649099,0,01:10,15:42,,,1065,Mattias,2026020004,#00205B,Ekholm,3,8475218,21,14:32,EDM,22,Edmonton Oilers,517
16649100,0,00:36,16:57,,,1094,Mattias,2026020004,#00205B,Ekholm,3,8475218,22,16:21,EDM,22,Edmonton Oilers,517
16649101,0,00:48,18:08,,,1107,Mattias,2026020004,#00205B,Ekholm,3,8475218,23,17:20,EDM,22,Edmonton Oilers,517
16649102,0,00:43,20:00,,,1133,Mattias,2026020004,#00205B,Ekholm,3,8475218,24,19:17,EDM,22,Edmonton Oilers,517
16647714,0,00:33,00:33,,,55,Zach,2026020004,#00205B,Hyman,1,8475786,1,00:00,EDM,22,Edmonton Oilers,517
16647715,0,01:01,04:17,,,147,Zach,2026020004,#00205B,Hyman,1,8475786,2,03:16,EDM,22,Edmonton Oilers,517
16647716,0,00:33,06:49,,,196,Zach,2026020004,#00205B,Hyman,1,8475786,3,06:16,EDM,22,Edmonton Oilers,517
16647917,0,01:16,09:51,,,231,Zach,2026020004,#00205B,Hyman,1,8475786,4,08:35,EDM,22,Edmonton Oilers,517
16647918,0,00:30,12:03,,,274,Zach,2026020004,#00205B,Hyman,1,8475786,5,11:33,EDM,22,Edmonton Oilers,517
16647919,0,00:54,15:25,,,367,Zach,2026020004,#00205B,Hyman,1,8475786,6,14:31,EDM,22,Edmonton Oilers,517
16647920,0,00:05,16:26,,,392,Zach,2026020004,#00205B,Hyman,1,8475786,7,16:21,EDM,22,Edmonton Oilers,517
16648073,0,01:12,18:03,,,406,Zach,2026020004,#00205B,Hyman,1,8475786,8,16:51,EDM,22,Edmonton Oilers,517
16648074,0,00:20,20:00,,,444,Zach,2026020004,#00205B,Hyman,1,8475786,9,19:40,EDM,22,Edmonton Oilers,517
16648211,0,00:38,00:38,,,452,Zach,2026020004,#00205B,Hyman,2,8475786,10,00:00,EDM,22,Edmonton Oilers,517
16648348,0,00:54,03:47,,,492,Zach,2026020004,#00205B,Hyman,2,8475786,11,02:53,EDM,22,Edmonton Oilers,517
16648349,0,01:06,06:21,,,575,Zach,2026020004,#00205B,Hyman,2,8475786,12,05:15,EDM,22,Edmonton Oilers,517
16648350,0,00:55,09:11,,,618,Zach,2026020004,#00205B,Hyman,2,8475786,13,08:16,EDM,22,Edmonton Oilers,517
16648549,0,00:50,12:11,,,709,Zach,2026020004,#00205B,Hyman,2,8475786,14,11:21,EDM,22,Edmonton Oilers,517
16648550,0,00:47,14:34,,,739,Zach,2026020004,#00205B,Hyman,2,8475786,15,13:47,EDM,22,Edmonton Oilers,517
16648551,0,01:09,17:56,,,790,Zach,2026020004,#00205B,Hyman,2,8475786,16,16:47,EDM,22,Edmonton Oilers,517
16648756,0,00:38,00:38,,,826,Zach,2026020004,#00205B,Hyman,3,8475786,17,00:00,EDM,22,Edmonton Oilers,517
16648757,0,00:42,02:53,,,865,Zach,2026020004,#00205B,Hyman,3,8475786,18,02:11,EDM,22,Edmonton Oilers,517
16648983,0,00:55,07:17,,,936,Zach,2026020004,#00205B,Hyman,3,8475786,19,06:22,EDM,22,Edmonton Oilers,517
16648984,0,00:24,09:20,,,975,Zach,2026020004,#00205B,Hyman,3,8475786,20,08:56,EDM,22,Edmonton Oilers,517
16648985,0,02:23,12:25,,,991,Zach,2026020004,#00205B,Hyman,3,8475786,21,10:02,EDM,22,Edmonton Oilers,517
16649103,0,00:25,15:01,,,1066,Zach,2026020004,#00205B,Hyman,3,8475786,22,14:36,EDM,22,Edmonton Oilers,517
16649104,0,00:33,16:21,,,1087,Zach,2026020004,#00205B,Hyman,3,8475786,23,15:48,EDM,22,Edmonton Oilers,517
16649105,0,00:52,19:17,,,1122,Zach,2026020004,#00205B,Hyman,3,8475786,24,18:25,EDM,22,Edmonton Oilers,517
16649259,0,00:58,01:59,,,1157,Zach,2026020004,#00205B,Hyman,4,8475786,25,01:01,EDM,22,Edmonton Oilers,517
16647717,0,01:20,03:47,,,135,Brendan,2026020004,#00843D,Gallagher,1,8475848,1,02:27,VAN,23,Vancouver Canucks,517
16647718,0,00:27,05:55,,,179,Brendan,2026020004,#00843D,Gallagher,1,8475848,2,05:28,VAN,23,Vancouver Canucks,517
16647921,0,00:23,08:35,,,219,Brendan,2026020004,#00843D,Gallagher,1,8475848,3,08:12,VAN,23,Vancouver Canucks,517
16647922,0,01:12,14:43,,,356,Brendan,2026020004,#00843D,Gallagher,1,8475848,4,13:31,VAN,23,Vancouver Canucks,517
16648075,0,00:25,16:51,,,398,Brendan,2026020004,#00843D,Gallagher,1,8475848,5,16:26,VAN,23,Vancouver Canucks,517
16648351,0,00:50,02:57,,,484,Brendan,2026020004,#00843D,Gallagher,2,8475848,6,02:07,VAN,23,Vancouver Canucks,517
16648352,0,00:23,06:59,,,594,Brendan,2026020004,#00843D,Gallagher,2,8475848,7,06:36,VAN,23,Vancouver Canucks,517
16648353,0,01:00,10:03,,,627,Brendan,2026020004,#00843D,Gallagher,2,8475848,8,09:03,VAN,23,Vancouver Canucks,517
16648552,0,01:00,13:55,,,729,Brendan,2026020004,#00843D,Gallagher,2,8475848,9,12:55,VAN,23,Vancouver Canucks,517
16648553,0,01:20,17:44,,,785,Brendan,2026020004,#00843D,Gallagher,2,8475848,10,16:24,VAN,23,Vancouver Canucks,517
16648758,0,00:28,02:32,,,861,Brendan,2026020004,#00843D,Gallagher,3,8475848,11,02:04,VAN,23,Vancouver Canucks,517
16648759,0,00:18,05:03,,,902,Brendan,2026020004,#00843D,Gallagher,3,8475848,12,04:45,VAN,23,Vancouver Canucks,517
16648760,0,00:33,05:53,,,921,Brendan,2026020004,#00843D,Gallagher,3,8475848,13,05:20,VAN,23,Vancouver Canucks,517
16648986,0,00:37,12:25,,,1023,Brendan,2026020004,#00843D,Gallagher,3,8475848,14,11:48,VAN,23,Vancouver Canucks,517
16649106,0,00:22,13:49,,,1047,Brendan,2026020004,#00843D,Gallagher,3,8475848,15,13:27,VAN,23,Vancouver Canucks,517
16649107,0,00:16,16:21,,,1089,Brendan,2026020004,#00843D,Gallagher,3,8475848,16,16:05,VAN,23,Vancouver Canucks,517
16647719,0,00:55,01:26,,,106,Jamie,2026020004,#00843D,Oleksiak,1,8476467,1,00:31,VAN,23,Vancouver Canucks,517
16647720,0,00:50,03:46,,,140,Jamie,2026020004,#00843D,Oleksiak,1,8476467,2,02:56,VAN,23,Vancouver Canucks,517
16647721,0,01:10,05:28,,,158,Jamie,2026020004,#00843D,Oleksiak,1,8476467,3,04:18,VAN,23,Vancouver Canucks,517
16647722,0,00:38,06:54,,,194,Jamie,2026020004,#00843D,Oleksiak,1,8476467,4,06:16,VAN,23,Vancouver Canucks,517
16647923,0,00:44,08:54,,,218,Jamie,2026020004,#00843D,Oleksiak,1,8476467,5,08:10,VAN,23,Vancouver Canucks,517
16647924,0,00:27,09:48,,,243,Jamie,2026020004,#00843D,Oleksiak,1,8476467,6,09:21,VAN,23,Vancouver Canucks,517
16647925,0,00:45,11:06,,,256,Jamie,2026020004,#00843D,Oleksiak,1,8476467,7,10:21,VAN,23,Vancouver Canucks,517
16647926,0,00:07,12:03,,,282,Jamie,2026020004,#00843D,Oleksiak,1,8476467,8,11:56,VAN,23,Vancouver Canucks,517
16647927,0,01:07,14:44,,,359,Jamie,2026020004,#00843D,Oleksiak,1,8476467,9,13:37,VAN,23,Vancouver Canucks,517
16647928,0,00:48,16:26,,,381,Jamie,2026020004,#00843D,Oleksiak,1,8476467,10,15:38,VAN,23,Vancouver Canucks,517
16648076,0,01:08,17:59,,,402,Jamie,2026020004,#00843D,Oleksiak,1,8476467,11,16:51,VAN,23,Vancouver Canucks,517
16648077,0,01:06,19:43,,,426,Jamie,2026020004,#00843D,Oleksiak,1,8476467,12,18:37,VAN,23,Vancouver Canucks,517
16648212,0,00:44,01:38,,,465,Jamie,2026020004,#00843D,Oleksiak,2,8476467,13,00:54,VAN,23,Vancouver Canucks,517
16648354,0,00:52,03:53,,,496,Jamie,2026020004,#00843D,Oleksiak,2,8476467,14,03:01,VAN,23,Vancouver Canucks,517
16648355,0,00:50,06:22,,,578,Jamie,2026020004,#00843D,Oleksiak,2,8476467,15,05:32,VAN,23,Vancouver Canucks,517
16648356,0,00:39,07:38,,,602,Jamie,2026020004,#00843D,Oleksiak,2,8476467,16,06:59,VAN,23,Vancouver Canucks,517
16648357,0,00:41,10:04,,,634,Jamie,2026020004,#00843D,Oleksiak,2,8476467,17,09:23,VAN,23,Vancouver Canucks,517
16648554,0,00:42,12:16,,,714,Jamie,2026020004,#00843D,Oleksiak,2,8476467,18,11:34,VAN,23,Vancouver Canucks,517
16648555,0,00:45,14:34,,,741,Jamie,2026020004,#00843D,Oleksiak,2,8476467,19,13:49,VAN,23,Vancouver Canucks,517
16648556,0,00:55,17:14,,,782,Jamie,2026020004,#00843D,Oleksiak,2,8476467,20,16:19,VAN,23,Vancouver Canucks,517
16648637,0,00:54,19:32,,,811,Jamie,2026020004,#00843D,Oleksiak,2,8476467,21,18:38,VAN,23,Vancouver Canucks,517
16648761,0,00:37,01:07,,,834,Jamie,2026020004,#00843D,Oleksiak,3,8476467,22,00:30,VAN,23,Vancouver Canucks,517
16648762,0,00:56,03:51,,,879,Jamie,2026020004,#00843D,Oleksiak,3,8476467,23,02:55,VAN,23,Vancouver Canucks,517
16648763,0,00:35,06:22,,,925,Jamie,2026020004,#00843D,Oleksiak,3,8476467,24,05:47,VAN,23,Vancouver Canucks,517
16648987,0,00:05,07:17,,,946,Jamie,2026020004,#00843D,Oleksiak,3,8476467,25,07:12,VAN,23,Vancouver Canucks,517
16648988,0,00:59,08:56,,,960,Jamie,2026020004,#00843D,Oleksiak,3,8476467,26,07:57,VAN,23,Vancouver Canucks,517
16648989,0,00:15,10:13,,,987,Jamie,2026020004,#00843D,Oleksiak,3,8476467,27,09:58,VAN,23,Vancouver Canucks,517
16648990,0,00:22,11:03,,,1012,Jamie,2026020004,#00843D,Oleksiak,3,8476467,28,10:41,VAN,23,Vancouver Canucks,517
16648991,0,00:57,12:44,,,1022,Jamie,2026020004,#00843D,Oleksiak,3,8476467,29,11:47,VAN,23,Vancouver Canucks,517
16649108,0,00:56,15:57,,,1075,Jamie,2026020004,#00843D,Oleksiak,3,8476467,30,15:01,VAN,23,Vancouver Canucks,517
16649109,0,01:09,19:17,,,1117,Jamie,2026020004,#00843D,Oleksiak,3,8476467,31,18:08,VAN,23,Vancouver Canucks,517
16647723,0,00:58,02:38,,,124,Connor,2026020004,#00205B,Murphy,1,8476473,1,01:40,EDM,22,Edmonton Oilers,517
16647724,0,00:42,05:01,,,160,Connor,2026020004,#00205B,Murphy,1,8476473,2,04:19,EDM,22,Edmonton Oilers,517
16647725,0,00:21,06:16,,,187,Connor,2026020004,#00205B,Murphy,1,8476473,3,05:55,EDM,22,Edmonton Oilers,517
16647726,0,00:40,08:26,,,214,Connor,2026020004,#00205B,Murphy,1,8476473,4,07:46,EDM,22,Edmonton Oilers,517
16647929,0,00:59,11:32,,,261,Connor,2026020004,#00205B,Murphy,1,8476473,5,10:33,EDM,22,Edmonton Oilers,517
16647930,0,00:53,13:23,,,288,Connor,2026020004,#00205B,Murphy,1,8476473,6,12:30,EDM,22,Edmonton Oilers,517
16647931,0,00:37,16:04,,,379,Connor,2026020004,#00205B,Murphy,1,8476473,7,15:27,EDM,22,Edmonton Oilers,517
16648078,0,00:41,19:32,,,431,Connor,2026020004,#00205B,Murphy,1,8476473,8,18:51,EDM,22,Edmonton Oilers,517
16648213,0,00:16,02:07,,,478,Connor,2026020004,#00205B,Murphy,2,8476473,9,01:51,EDM,22,Edmonton Oilers,517
16648358,0,00:42,05:15,,,560,Connor,2026020004,#00205B,Murphy,2,8476473,10,04:33,EDM,22,Edmonton Oilers,517
16648359,0,00:30,06:10,,,582,Connor,2026020004,#00205B,Murphy,2,8476473,11,05:40,EDM,22,Edmonton Oilers,517
16648360,0,01:08,08:29,,,609,Connor,2026020004,#00205B,Murphy,2,8476473,12,07:21,EDM,22,Edmonton Oilers,517
16648361,0,00:44,10:40,,,639,Connor,2026020004,#00205B,Murphy,2,8476473,13,09:56,EDM,22,Edmonton Oilers,517
16648557,0,01:44,13:04,,,708,Connor,2026020004,#00205B,Murphy,2,8476473,14,11:20,EDM,22,Edmonton Oilers,517
16648558,0,00:18,14:52,,,757,Connor,2026020004,#00205B,Murphy,2,8476473,15,14:34,EDM,22,Edmonton Oilers,517
16648638,0,00:49,19:09,,,809,Connor,2026020004,#00205B,Murphy,2,8476473,16,18:20,EDM,22,Edmonton Oilers,517
16648764,0,00:40,01:50,,,848,Connor,2026020004,#00205B,Murphy,3,8476473,17,01:10,EDM,22,Edmonton Oilers,517
16648765,0,00:55,04:34,,,882,Connor,2026020004,#00205B,Murphy,3,8476473,18,03:39,EDM,22,Edmonton Oilers,517
16648766,0,00:12,05:15,,,906,Connor,2026020004,#00205B,Murphy,3,8476473,19,05:03,EDM,22,Edmonton Oilers,517
16648767,0,00:29,06:22,,,930,Connor,2026020004,#00205B,Murphy,3,8476473,20,05:53,EDM,22,Edmonton Oilers,517
16648992,0,00:36,08:26,,,958,Connor,2026020004,#00205B,Murphy,3,8476473,21,07:50,EDM,22,Edmonton Oilers,517
16648993,0,00:49,10:09,,,983,Connor,2026020004,#00205B,Murphy,3,8476473,22,09:20,EDM,22,Edmonton Oilers,517
16649110,0,00:46,13:47,,,1041,Connor,2026020004,#00205B,Murphy,3,8476473,23,13:01,EDM,22,Edmonton Oilers,517
16649111,0,00:36,16:57,,,1094,Connor,2026020004,#00205B,Murphy,3,8476473,24,16:21,EDM,22,Edmonton Oilers,517
16649112,0,00:41,18:08,,,1108,Connor,2026020004,#00205B,Murphy,3,8476473,25,17:27,EDM,22,Edmonton Oilers,517
16649113,0,00:43,20:00,,,1133,Connor,2026020004,#00205B,Murphy,3,8476473,26,19:17,EDM,22,Edmonton Oilers,517
16647727,0,20:00,20:00,,,55,Tristan,2026020004,#00205B,Jarry,1,8477465,1,00:00,EDM,22,Edmonton Oilers,517
16648214,0,20:00,20:00,,,452,Tristan,2026020004,#00205B,Jarry,2,8477465,2,00:00,EDM,22,Edmonton Oilers,517
16648768,0,18:51,18:51,,,826,Tristan,2026020004,#00205B,Jarry,3,8477465,3,00:00,EDM,22,Edmonton Oilers,517
16649114,0,00:43,20:00,,,1133,Tristan,2026020004,#00205B,Jarry,3,8477465,4,19:17,EDM,22,Edmonton Oilers,517
16649260,0,01:59,01:59,,,1142,Tristan,2026020004,#00205B,Jarry,4,8477465,5,00:00,EDM,22,Edmonton Oilers,517
16647728,0,00:59,01:31,,,107,Leon,2026020004,#00205B,Draisaitl,1,8477934,1,00:32,EDM,22,Edmonton Oilers,517
16647729,0,00:56,05:14,,,156,Leon,2026020004,#00205B,Draisaitl,1,8477934,2,04:18,EDM,22,Edmonton Oilers,517
16647730,0,00:43,07:37,,,201,Leon,2026020004,#00205B,Draisaitl,1,8477934,3,06:54,EDM,22,Edmonton Oilers,517
16647932,0,01:16,09:51,,,231,Leon,2026020004,#00205B,Draisaitl,1,8477934,4,08:35,EDM,22,Edmonton Oilers,517
16647933,0,00:46,12:49,,,286,Leon,2026020004,#00205B,Draisaitl,1,8477934,5,12:03,EDM,22,Edmonton Oilers,517
16647934,0,00:49,16:09,,,374,Leon,2026020004,#00205B,Draisaitl,1,8477934,6,15:20,EDM,22,Edmonton Oilers,517
16648079,0,01:25,18:16,,,406,Leon,2026020004,#00205B,Draisaitl,1,8477934,7,16:51,EDM,22,Edmonton Oilers,517
16648080,0,00:28,20:00,,,440,Leon,2026020004,#00205B,Draisaitl,1,8477934,8,19:32,EDM,22,Edmonton Oilers,517
16648215,0,01:00,01:41,,,458,Leon,2026020004,#00205B,Draisaitl,2,8477934,9,00:41,EDM,22,Edmonton Oilers,517
16648362,0,00:49,04:35,,,553,Leon,2026020004,#00205B,Draisaitl,2,8477934,10,03:46,EDM,22,Edmonton Oilers,517
16648363,0,00:45,07:21,,,598,Leon,2026020004,#00205B,Draisaitl,2,8477934,11,06:36,EDM,22,Edmonton Oilers,517
16648559,0,00:43,11:23,,,702,Leon,2026020004,#00205B,Draisaitl,2,8477934,12,10:40,EDM,22,Edmonton Oilers,517
16648560,0,01:05,15:39,,,757,Leon,2026020004,#00205B,Draisaitl,2,8477934,13,14:34,EDM,22,Edmonton Oilers,517
16648561,0,00:55,18:59,,,804,Leon,2026020004,#00205B,Draisaitl,2,8477934,14,18:04,EDM,22,Edmonton Oilers,517
16648769,0,00:32,01:10,,,839,Leon,2026020004,#00205B,Draisaitl,3,8477934,15,00:38,EDM,22,Edmonton Oilers,517
16648770,0,00:46,03:41,,,878,Leon,2026020004,#00205B,Draisaitl,3,8477934,16,02:55,EDM,22,Edmonton Oilers,517
16648994,0,01:21,07:14,,,930,Leon,2026020004,#00205B,Draisaitl,3,8477934,17,05:53,EDM,22,Edmonton Oilers,517
16648995,0,00:30,08:56,,,967,Leon,2026020004,#00205B,Draisaitl,3,8477934,18,08:26,EDM,22,Edmonton Oilers,517
16648996,0,01:44,12:25,,,1011,Leon,2026020004,#00205B,Draisaitl,3,8477934,19,10:41,EDM,22,Edmonton Oilers,517
16649115,0,00:46,14:26,,,1051,Leon,2026020004,#00205B,Draisaitl,3,8477934,20,13:40,EDM,22,Edmonton Oilers,517
16649116,0,00:47,15:48,,,1076,Leon,2026020004,#00205B,Draisaitl,3,8477934,21,15:01,EDM,22,Edmonton Oilers,517
16649117,0,01:09,19:17,,,1116,Leon,2026020004,#00205B,Draisaitl,3,8477934,22,18:08,EDM,22,Edmonton Oilers,517
16649261,0,01:01,01:01,,,1142,Leon,2026020004,#00205B,Draisaitl,4,8477934,23,00:00,EDM,22,Edmonton Oilers,517
16647731,0,01:03,01:34,,,105,Kasperi,2026020004,#00205B,Kapanen,1,8477953,1,00:31,EDM,22,Edmonton Oilers,517
16647732,0,00:56,05:13,,,153,Kasperi,2026020004,#00205B,Kapanen,1,8477953,2,04:17,EDM,22,Edmonton Oilers,517
16647733,0,00:50,07:39,,,198,Kasperi,2026020004,#00205B,Kapanen,1,8477953,3,06:49,EDM,22,Edmonton Oilers,517
16647935,0,00:52,10:43,,,249,Kasperi,2026020004,#00205B,Kapanen,1,8477953,4,09:51,EDM,22,Edmonton Oilers,517
16647936,0,00:47,12:50,,,286,Kasperi,2026020004,#00205B,Kapanen,1,8477953,5,12:03,EDM,22,Edmonton Oilers,517
16647937,0,00:45,16:10,,,376,Kasperi,2026020004,#00205B,Kapanen,1,8477953,6,15:25,EDM,22,Edmonton Oilers,517
16648081,0,00:48,19:03,,,423,Kasperi,2026020004,#00205B,Kapanen,1,8477953,7,18:15,EDM,22,Edmonton Oilers,517
16648216,0,00:58,01:36,,,456,Kasperi,2026020004,#00205B,Kapanen,2,8477953,8,00:38,EDM,22,Edmonton Oilers,517
16648364,0,00:53,04:39,,,553,Kasperi,2026020004,#00205B,Kapanen,2,8477953,9,03:46,EDM,22,Edmonton Oilers,517
16648365,0,00:45,07:21,,,598,Kasperi,2026020004,#00205B,Kapanen,2,8477953,10,06:36,EDM,22,Edmonton Oilers,517
16648562,0,00:40,11:20,,,702,Kasperi,2026020004,#00205B,Kapanen,2,8477953,11,10:40,EDM,22,Edmonton Oilers,517
16648563,0,01:07,15:41,,,757,Kasperi,2026020004,#00205B,Kapanen,2,8477953,12,14:34,EDM,22,Edmonton Oilers,517
16648639,0,01:17,19:13,,,803,Kasperi,2026020004,#00205B,Kapanen,2,8477953,13,17:56,EDM,22,Edmonton Oilers,517
16648771,0,00:37,01:10,,,833,Kasperi,2026020004,#00205B,Kapanen,3,8477953,14,00:33,EDM,22,Edmonton Oilers,517
16648772,0,00:57,03:50,,,876,Kasperi,2026020004,#00205B,Kapanen,3,8477953,15,02:53,EDM,22,Edmonton Oilers,517
16648773,0,00:29,06:22,,,930,Kasperi,2026020004,#00205B,Kapanen,3,8477953,16,05:53,EDM,22,Edmonton Oilers,517
16648997,0,00:30,08:56,,,967,Kasperi,2026020004,#00205B,Kapanen,3,8477953,17,08:26,EDM,22,Edmonton Oilers,517
16649118,0,00:45,13:10,,,1029,Kasperi,2026020004,#00205B,Kapanen,3,8477953,18,12:25,EDM,22,Edmonton Oilers,517
16649119,0,00:54,14:36,,,1053,Kasperi,2026020004,#00205B,Kapanen,3,8477953,19,13:42,EDM,22,Edmonton Oilers,517
16649120,0,00:46,15:47,,,1076,Kasperi,2026020004,#00205B,Kapanen,3,8477953,20,15:01,EDM,22,Edmonton Oilers,517
16649121,0,00:14,18:35,,,1121,Kasperi,2026020004,#00205B,Kapanen,3,8477953,21,18:21,EDM,22,Edmonton Oilers,517
16649122,0,00:10,20:00,,,1138,Kasperi,2026020004,#00205B,Kapanen,3,8477953,22,19:50,EDM,22,Edmonton Oilers,517
16649262,0,00:52,01:59,,,1159,Kasperi,2026020004,#00205B,Kapanen,4,8477953,23,01:07,EDM,22,Edmonton Oilers,517
16647734,0,00:57,02:38,,,125,Jake,2026020004,#00205B,Walman,1,8478013,1,01:41,EDM,22,Edmonton Oilers,517
16647735,0,00:38,05:01,,,161,Jake,2026020004,#00205B,Walman,1,8478013,2,04:23,EDM,22,Edmonton Oilers,517
16647736,0,00:21,06:16,,,187,Jake,2026020004,#00205B,Walman,1,8478013,3,05:55,EDM,22,Edmonton Oilers,517
16647737,0,00:39,08:26,,,215,Jake,2026020004,#00205B,Walman,1,8478013,4,07:47,EDM,22,Edmonton Oilers,517
16647938,0,00:42,10:33,,,249,Jake,2026020004,#00205B,Walman,1,8478013,5,09:51,EDM,22,Edmonton Oilers,517
16647939,0,00:51,13:22,,,289,Jake,2026020004,#00205B,Walman,1,8478013,6,12:31,EDM,22,Edmonton Oilers,517
16647940,0,00:42,16:04,,,375,Jake,2026020004,#00205B,Walman,1,8478013,7,15:22,EDM,22,Edmonton Oilers,517
16648082,0,00:39,18:51,,,422,Jake,2026020004,#00205B,Walman,1,8478013,8,18:12,EDM,22,Edmonton Oilers,517
16648217,0,00:16,02:07,,,478,Jake,2026020004,#00205B,Walman,2,8478013,9,01:51,EDM,22,Edmonton Oilers,517
16648366,0,00:48,05:15,,,558,Jake,2026020004,#00205B,Walman,2,8478013,10,04:27,EDM,22,Edmonton Oilers,517
16648367,0,01:10,08:27,,,603,Jake,2026020004,#00205B,Walman,2,8478013,11,07:17,EDM,22,Edmonton Oilers,517
16648368,0,00:45,10:40,,,638,Jake,2026020004,#00205B,Walman,2,8478013,12,09:55,EDM,22,Edmonton Oilers,517
16648564,0,00:53,13:57,,,733,Jake,2026020004,#00205B,Walman,2,8478013,13,13:04,EDM,22,Edmonton Oilers,517
16648565,0,01:08,16:47,,,773,Jake,2026020004,#00205B,Walman,2,8478013,14,15:39,EDM,22,Edmonton Oilers,517
16648640,0,00:42,20:00,,,819,Jake,2026020004,#00205B,Walman,2,8478013,15,19:18,EDM,22,Edmonton Oilers,517
16648774,0,00:42,01:52,,,848,Jake,2026020004,#00205B,Walman,3,8478013,16,01:10,EDM,22,Edmonton Oilers,517
16648775,0,00:44,04:24,,,883,Jake,2026020004,#00205B,Walman,3,8478013,17,03:40,EDM,22,Edmonton Oilers,517
16648776,0,00:29,06:22,,,930,Jake,2026020004,#00205B,Walman,3,8478013,18,05:53,EDM,22,Edmonton Oilers,517
16648998,0,00:49,07:50,,,944,Jake,2026020004,#00205B,Walman,3,8478013,19,07:01,EDM,22,Edmonton Oilers,517
16648999,0,00:24,09:20,,,975,Jake,2026020004,#00205B,Walman,3,8478013,20,08:56,EDM,22,Edmonton Oilers,517
16649000,0,00:32,10:41,,,1001,Jake,2026020004,#00205B,Walman,3,8478013,21,10:09,EDM,22,Edmonton Oilers,517
16649123,0,00:37,13:02,,,1029,Jake,2026020004,#00205B,Walman,3,8478013,22,12:25,EDM,22,Edmonton Oilers,517
16649124,0,00:36,16:21,,,1083,Jake,2026020004,#00205B,Walman,3,8478013,23,15:45,EDM,22,Edmonton Oilers,517
16649125,0,00:21,17:18,,,1103,Jake,2026020004,#00205B,Walman,3,8478013,24,16:57,EDM,22,Edmonton Oilers,517
16647738,0,00:31,00:31,,,55,Connor,2026020004,#00205B,McDavid,1,8478402,1,00:00,EDM,22,Edmonton Oilers,517
16647739,0,01:06,04:18,,,146,Connor,2026020004,#00205B,McDavid,1,8478402,2,03:12,EDM,22,Edmonton Oilers,517
16647740,0,00:38,06:54,,,196,Connor,2026020004,#00205B,McDavid,1,8478402,3,06:16,EDM,22,Edmonton Oilers,517
16647941,0,01:16,09:51,,,231,Connor,2026020004,#00205B,McDavid,1,8478402,4,08:35,EDM,22,Edmonton Oilers,517
16647942,0,00:31,12:03,,,273,Connor,2026020004,#00205B,McDavid,1,8478402,5,11:32,EDM,22,Edmonton Oilers,517
16647943,0,00:58,15:20,,,365,Connor,2026020004,#00205B,McDavid,1,8478402,6,14:22,EDM,22,Edmonton Oilers,517
16647944,0,00:05,16:26,,,392,Connor,2026020004,#00205B,McDavid,1,8478402,7,16:21,EDM,22,Edmonton Oilers,517
16648083,0,01:24,18:15,,,406,Connor,2026020004,#00205B,McDavid,1,8478402,8,16:51,EDM,22,Edmonton Oilers,517
16648084,0,00:22,20:00,,,441,Connor,2026020004,#00205B,McDavid,1,8478402,9,19:38,EDM,22,Edmonton Oilers,517
16648218,0,00:41,00:41,,,452,Connor,2026020004,#00205B,McDavid,2,8478402,10,00:00,EDM,22,Edmonton Oilers,517
16648369,0,01:05,03:45,,,491,Connor,2026020004,#00205B,McDavid,2,8478402,11,02:40,EDM,22,Edmonton Oilers,517
16648370,0,00:55,06:10,,,575,Connor,2026020004,#00205B,McDavid,2,8478402,12,05:15,EDM,22,Edmonton Oilers,517
16648371,0,01:13,09:09,,,617,Connor,2026020004,#00205B,McDavid,2,8478402,13,07:56,EDM,22,Edmonton Oilers,517
16648566,0,01:03,12:26,,,710,Connor,2026020004,#00205B,McDavid,2,8478402,14,11:23,EDM,22,Edmonton Oilers,517
16648567,0,00:53,14:34,,,737,Connor,2026020004,#00205B,McDavid,2,8478402,15,13:41,EDM,22,Edmonton Oilers,517
16648568,0,01:17,18:04,,,790,Connor,2026020004,#00205B,McDavid,2,8478402,16,16:47,EDM,22,Edmonton Oilers,517
16648777,0,00:33,00:33,,,826,Connor,2026020004,#00205B,McDavid,3,8478402,17,00:00,EDM,22,Edmonton Oilers,517
16648778,0,00:44,02:55,,,865,Connor,2026020004,#00205B,McDavid,3,8478402,18,02:11,EDM,22,Edmonton Oilers,517
16648779,0,00:12,05:15,,,906,Connor,2026020004,#00205B,McDavid,3,8478402,19,05:03,EDM,22,Edmonton Oilers,517
16649001,0,00:47,07:09,,,936,Connor,2026020004,#00205B,McDavid,3,8478402,20,06:22,EDM,22,Edmonton Oilers,517
16649002,0,00:24,09:20,,,975,Connor,2026020004,#00205B,McDavid,3,8478402,21,08:56,EDM,22,Edmonton Oilers,517
16649003,0,02:27,12:25,,,989,Connor,2026020004,#00205B,McDavid,3,8478402,22,09:58,EDM,22,Edmonton Oilers,517
16649126,0,00:35,15:01,,,1062,Connor,2026020004,#00205B,McDavid,3,8478402,23,14:26,EDM,22,Edmonton Oilers,517
16649127,0,00:34,16:21,,,1086,Connor,2026020004,#00205B,McDavid,3,8478402,24,15:47,EDM,22,Edmonton Oilers,517
16649128,0,00:27,17:27,,,1104,Connor,2026020004,#00205B,McDavid,3,8478402,25,17:00,EDM,22,Edmonton Oilers,517
16649129,0,01:09,19:17,,,1116,Connor,2026020004,#00205B,McDavid,3,8478402,26,18:08,EDM,22,Edmonton Oilers,517
16649263,0,01:01,01:01,,,1142,Connor,2026020004,#00205B,McDavid,4,8478402,27,00:00,EDM,22,Edmonton Oilers,517
16647741,0,00:56,02:27,,,121,Brock,2026020004,#00843D,Boeser,1,8478444,1,01:31,VAN,23,Vancouver Canucks,517
16647742,0,00:26,05:28,,,171,Brock,2026020004,#00843D,Boeser,1,8478444,2,05:02,VAN,23,Vancouver Canucks,517
16647743,0,00:36,08:12,,,207,Brock,2026020004,#00843D,Boeser,1,8478444,3,07:36,VAN,23,Vancouver Canucks,517
16647945,0,00:36,11:37,,,267,Brock,2026020004,#00843D,Boeser,1,8478444,4,11:01,VAN,23,Vancouver Canucks,517
16647946,0,00:42,13:33,,,295,Brock,2026020004,#00843D,Boeser,1,8478444,5,12:51,VAN,23,Vancouver Canucks,517
16647947,0,00:18,16:26,,,386,Brock,2026020004,#00843D,Boeser,1,8478444,6,16:08,VAN,23,Vancouver Canucks,517
16648085,0,00:47,19:43,,,430,Brock,2026020004,#00843D,Boeser,1,8478444,7,18:56,VAN,23,Vancouver Canucks,517
16648219,0,00:29,02:07,,,475,Brock,2026020004,#00843D,Boeser,2,8478444,8,01:38,VAN,23,Vancouver Canucks,517
16648372,0,00:59,05:40,,,567,Brock,2026020004,#00843D,Boeser,2,8478444,9,04:41,VAN,23,Vancouver Canucks,517
16648373,0,00:40,08:18,,,613,Brock,2026020004,#00843D,Boeser,2,8478444,10,07:38,VAN,23,Vancouver Canucks,517
16648569,0,00:46,12:55,,,719,Brock,2026020004,#00843D,Boeser,2,8478444,11,12:09,VAN,23,Vancouver Canucks,517
16648570,0,00:50,16:24,,,771,Brock,2026020004,#00843D,Boeser,2,8478444,12,15:34,VAN,23,Vancouver Canucks,517
16648641,0,00:57,20:00,,,813,Brock,2026020004,#00843D,Boeser,2,8478444,13,19:03,VAN,23,Vancouver Canucks,517
16648780,0,00:41,01:51,,,849,Brock,2026020004,#00843D,Boeser,3,8478444,14,01:10,VAN,23,Vancouver Canucks,517
16648781,0,01:02,04:45,,,884,Brock,2026020004,#00843D,Boeser,3,8478444,15,03:43,VAN,23,Vancouver Canucks,517
16648782,0,00:12,05:15,,,910,Brock,2026020004,#00843D,Boeser,3,8478444,16,05:03,VAN,23,Vancouver Canucks,517
16649004,0,01:04,08:56,,,957,Brock,2026020004,#00843D,Boeser,3,8478444,17,07:52,VAN,23,Vancouver Canucks,517
16649005,0,00:37,10:00,,,986,Brock,2026020004,#00843D,Boeser,3,8478444,18,09:23,VAN,23,Vancouver Canucks,517
16649130,0,00:36,13:27,,,1037,Brock,2026020004,#00843D,Boeser,3,8478444,19,12:51,VAN,23,Vancouver Canucks,517
16649131,0,01:37,17:26,,,1085,Brock,2026020004,#00843D,Boeser,3,8478444,20,15:49,VAN,23,Vancouver Canucks,517
16647744,0,00:56,02:30,,,123,Mathieu,2026020004,#00205B,Joseph,1,8478472,1,01:34,EDM,22,Edmonton Oilers,517
16647745,0,00:15,05:28,,,173,Mathieu,2026020004,#00205B,Joseph,1,8478472,2,05:13,EDM,22,Edmonton Oilers,517
16647746,0,00:21,06:16,,,187,Mathieu,2026020004,#00205B,Joseph,1,8478472,3,05:55,EDM,22,Edmonton Oilers,517
16647747,0,00:37,08:16,,,213,Mathieu,2026020004,#00205B,Joseph,1,8478472,4,07:39,EDM,22,Edmonton Oilers,517
16647948,0,01:02,11:32,,,259,Mathieu,2026020004,#00205B,Joseph,1,8478472,5,10:30,EDM,22,Edmonton Oilers,517
16647949,0,01:02,14:31,,,354,Mathieu,2026020004,#00205B,Joseph,1,8478472,6,13:29,EDM,22,Edmonton Oilers,517
16648086,0,00:25,16:51,,,397,Mathieu,2026020004,#00205B,Joseph,1,8478472,7,16:26,EDM,22,Edmonton Oilers,517
16648087,0,00:37,19:40,,,434,Mathieu,2026020004,#00205B,Joseph,1,8478472,8,19:03,EDM,22,Edmonton Oilers,517
16648220,0,00:31,02:07,,,471,Mathieu,2026020004,#00205B,Joseph,2,8478472,9,01:36,EDM,22,Edmonton Oilers,517
16648374,0,00:36,05:15,,,563,Mathieu,2026020004,#00205B,Joseph,2,8478472,10,04:39,EDM,22,Edmonton Oilers,517
16648375,0,00:55,08:16,,,609,Mathieu,2026020004,#00205B,Joseph,2,8478472,11,07:21,EDM,22,Edmonton Oilers,517
16648571,0,00:56,13:07,,,721,Mathieu,2026020004,#00205B,Joseph,2,8478472,12,12:11,EDM,22,Edmonton Oilers,517
16648572,0,00:46,16:27,,,779,Mathieu,2026020004,#00205B,Joseph,2,8478472,13,15:41,EDM,22,Edmonton Oilers,517
16648642,0,00:47,20:00,,,818,Mathieu,2026020004,#00205B,Joseph,2,8478472,14,19:13,EDM,22,Edmonton Oilers,517
16648783,0,00:10,01:20,,,848,Mathieu,2026020004,#00205B,Joseph,3,8478472,15,01:10,EDM,22,Edmonton Oilers,517
16648784,0,00:12,02:11,,,859,Mathieu,2026020004,#00205B,Joseph,3,8478472,16,01:59,EDM,22,Edmonton Oilers,517
16648785,0,00:26,05:03,,,900,Mathieu,2026020004,#00205B,Joseph,3,8478472,17,04:37,EDM,22,Edmonton Oilers,517
16648786,0,00:38,05:53,,,918,Mathieu,2026020004,#00205B,Joseph,3,8478472,18,05:15,EDM,22,Edmonton Oilers,517
16649006,0,00:41,07:58,,,953,Mathieu,2026020004,#00205B,Joseph,3,8478472,19,07:17,EDM,22,Edmonton Oilers,517
16649007,0,00:42,10:02,,,983,Mathieu,2026020004,#00205B,Joseph,3,8478472,20,09:20,EDM,22,Edmonton Oilers,517
16649132,0,00:30,13:40,,,1044,Mathieu,2026020004,#00205B,Joseph,3,8478472,21,13:10,EDM,22,Edmonton Oilers,517
16649133,0,00:39,17:00,,,1094,Mathieu,2026020004,#00205B,Joseph,3,8478472,22,16:21,EDM,22,Edmonton Oilers,517
16649134,0,00:40,18:08,,,1111,Mathieu,2026020004,#00205B,Joseph,3,8478472,23,17:28,EDM,22,Edmonton Oilers,517
16649135,0,00:33,19:50,,,1133,Mathieu,2026020004,#00205B,Joseph,3,8478472,24,19:17,EDM,22,Edmonton Oilers,517
16647748,0,00:57,01:29,,,109,Jake,2026020004,#00843D,DeBrusk,1,8478498,1,00:32,VAN,23,Vancouver Canucks,517
16647749,0,00:39,04:58,,,159,Jake,2026020004,#00843D,DeBrusk,1,8478498,2,04:19,VAN,23,Vancouver Canucks,517
16647750,0,00:45,07:39,,,204,Jake,2026020004,#00843D,DeBrusk,1,8478498,3,06:54,VAN,23,Vancouver Canucks,517
16647950,0,00:47,12:50,,,287,Jake,2026020004,#00843D,DeBrusk,1,8478498,4,12:03,VAN,23,Vancouver Canucks,517
16647951,0,00:33,16:03,,,380,Jake,2026020004,#00843D,DeBrusk,1,8478498,5,15:30,VAN,23,Vancouver Canucks,517
16648088,0,00:17,20:00,,,446,Jake,2026020004,#00843D,DeBrusk,1,8478498,6,19:43,VAN,23,Vancouver Canucks,517
16648221,0,00:54,01:36,,,461,Jake,2026020004,#00843D,DeBrusk,2,8478498,7,00:42,VAN,23,Vancouver Canucks,517
16648376,0,00:58,04:39,,,500,Jake,2026020004,#00843D,DeBrusk,2,8478498,8,03:41,VAN,23,Vancouver Canucks,517
16648377,0,00:22,07:21,,,602,Jake,2026020004,#00843D,DeBrusk,2,8478498,9,06:59,VAN,23,Vancouver Canucks,517
16648378,0,00:50,10:40,,,636,Jake,2026020004,#00843D,DeBrusk,2,8478498,10,09:50,VAN,23,Vancouver Canucks,517
16648573,0,00:32,11:40,,,705,Jake,2026020004,#00843D,DeBrusk,2,8478498,11,11:08,VAN,23,Vancouver Canucks,517
16648574,0,00:56,15:30,,,756,Jake,2026020004,#00843D,DeBrusk,2,8478498,12,14:34,VAN,23,Vancouver Canucks,517
16648575,0,00:49,19:03,,,807,Jake,2026020004,#00843D,DeBrusk,2,8478498,13,18:14,VAN,23,Vancouver Canucks,517
16648787,0,00:37,01:10,,,836,Jake,2026020004,#00843D,DeBrusk,3,8478498,14,00:33,VAN,23,Vancouver Canucks,517
16648788,0,00:50,03:45,,,879,Jake,2026020004,#00843D,DeBrusk,3,8478498,15,02:55,VAN,23,Vancouver Canucks,517
16648789,0,00:12,05:15,,,910,Jake,2026020004,#00843D,DeBrusk,3,8478498,16,05:03,VAN,23,Vancouver Canucks,517
16648790,0,00:29,06:22,,,929,Jake,2026020004,#00843D,DeBrusk,3,8478498,17,05:53,VAN,23,Vancouver Canucks,517
16649008,0,00:51,08:06,,,950,Jake,2026020004,#00843D,DeBrusk,3,8478498,18,07:15,VAN,23,Vancouver Canucks,517
16649009,0,00:07,10:06,,,992,Jake,2026020004,#00843D,DeBrusk,3,8478498,19,09:59,VAN,23,Vancouver Canucks,517
16649136,0,00:41,14:35,,,1057,Jake,2026020004,#00843D,DeBrusk,3,8478498,20,13:54,VAN,23,Vancouver Canucks,517
16649137,0,01:09,17:30,,,1098,Jake,2026020004,#00843D,DeBrusk,3,8478498,21,16:21,VAN,23,Vancouver Canucks,517
16649138,0,00:41,19:58,,,1134,Jake,2026020004,#00843D,DeBrusk,3,8478498,22,19:17,VAN,23,Vancouver Canucks,517
16649264,0,00:39,00:39,,,1143,Jake,2026020004,#00843D,DeBrusk,4,8478498,23,00:00,VAN,23,Vancouver Canucks,517
16647751,0,00:59,01:40,,,112,Ryan,2026020004,#00205B,Shea,1,8478854,1,00:41,EDM,22,Edmonton Oilers,517
16647752,0,00:27,03:05,,,138,Ryan,2026020004,#00205B,Shea,1,8478854,2,02:38,EDM,22,Edmonton Oilers,517
16647753,0,00:54,05:55,,,169,Ryan,2026020004,#00205B,Shea,1,8478854,3,05:01,EDM,22,Edmonton Oilers,517
16647754,0,00:40,07:46,,,205,Ryan,2026020004,#00205B,Shea,1,8478854,4,07:06,EDM,22,Edmonton Oilers,517
16647952,0,00:09,08:35,,,228,Ryan,2026020004,#00205B,Shea,1,8478854,5,08:26,EDM,22,Edmonton Oilers,517
16647953,0,00:58,10:49,,,249,Ryan,2026020004,#00205B,Shea,1,8478854,6,09:51,EDM,22,Edmonton Oilers,517
16647954,0,00:58,12:30,,,273,Ryan,2026020004,#00205B,Shea,1,8478854,7,11:32,EDM,22,Edmonton Oilers,517
16647955,0,00:25,15:22,,,372,Ryan,2026020004,#00205B,Shea,1,8478854,8,14:57,EDM,22,Edmonton Oilers,517
16648089,0,00:25,16:51,,,397,Ryan,2026020004,#00205B,Shea,1,8478854,9,16:26,EDM,22,Edmonton Oilers,517
16648090,0,00:47,19:03,,,424,Ryan,2026020004,#00205B,Shea,1,8478854,10,18:16,EDM,22,Edmonton Oilers,517
16648222,0,01:13,01:51,,,456,Ryan,2026020004,#00205B,Shea,2,8478854,11,00:38,EDM,22,Edmonton Oilers,517
16648379,0,00:50,04:33,,,551,Ryan,2026020004,#00205B,Shea,2,8478854,12,03:43,EDM,22,Edmonton Oilers,517
16648380,0,00:57,06:12,,,575,Ryan,2026020004,#00205B,Shea,2,8478854,13,05:15,EDM,22,Edmonton Oilers,517
16648381,0,00:41,07:17,,,598,Ryan,2026020004,#00205B,Shea,2,8478854,14,06:36,EDM,22,Edmonton Oilers,517
16648382,0,00:47,09:56,,,629,Ryan,2026020004,#00205B,Shea,2,8478854,15,09:09,EDM,22,Edmonton Oilers,517
16648576,0,01:48,13:07,,,707,Ryan,2026020004,#00205B,Shea,2,8478854,16,11:19,EDM,22,Edmonton Oilers,517
16648577,0,01:06,15:40,,,757,Ryan,2026020004,#00205B,Shea,2,8478854,17,14:34,EDM,22,Edmonton Oilers,517
16648643,0,00:58,19:18,,,809,Ryan,2026020004,#00205B,Shea,2,8478854,18,18:20,EDM,22,Edmonton Oilers,517
16648791,0,00:32,01:10,,,839,Ryan,2026020004,#00205B,Shea,3,8478854,19,00:38,EDM,22,Edmonton Oilers,517
16648792,0,00:44,03:39,,,878,Ryan,2026020004,#00205B,Shea,3,8478854,20,02:55,EDM,22,Edmonton Oilers,517
16648793,0,00:38,05:53,,,917,Ryan,2026020004,#00205B,Shea,3,8478854,21,05:15,EDM,22,Edmonton Oilers,517
16649010,0,00:39,07:01,,,936,Ryan,2026020004,#00205B,Shea,3,8478854,22,06:22,EDM,22,Edmonton Oilers,517
16649011,0,00:30,08:56,,,967,Ryan,2026020004,#00205B,Shea,3,8478854,23,08:26,EDM,22,Edmonton Oilers,517
16649139,0,00:36,13:01,,,1029,Ryan,2026020004,#00205B,Shea,3,8478854,24,12:25,EDM,22,Edmonton Oilers,517
16649140,0,00:44,14:31,,,1055,Ryan,2026020004,#00205B,Shea,3,8478854,25,13:47,EDM,22,Edmonton Oilers,517
16649141,0,00:39,16:21,,,1082,Ryan,2026020004,#00205B,Shea,3,8478854,26,15:42,EDM,22,Edmonton Oilers,517
16649142,0,00:31,17:28,,,1103,Ryan,2026020004,#00205B,Shea,3,8478854,27,16:57,EDM,22,Edmonton Oilers,517
16649143,0,00:17,18:25,,,1116,Ryan,2026020004,#00205B,Shea,3,8478854,28,18:08,EDM,22,Edmonton Oilers,517
16649144,0,00:26,19:17,,,1126,Ryan,2026020004,#00205B,Shea,3,8478854,29,18:51,EDM,22,Edmonton Oilers,517
16649265,0,01:23,01:59,,,1149,Ryan,2026020004,#00205B,Shea,4,8478854,30,00:36,EDM,22,Edmonton Oilers,517
16647755,0,00:46,03:16,,,136,Trent,2026020004,#00205B,Frederic,1,8479365,1,02:30,EDM,22,Edmonton Oilers,517
16647756,0,00:27,05:55,,,180,Trent,2026020004,#00205B,Frederic,1,8479365,2,05:28,EDM,22,Edmonton Oilers,517
16647956,0,00:19,08:35,,,225,Trent,2026020004,#00205B,Frederic,1,8479365,3,08:16,EDM,22,Edmonton Oilers,517
16647957,0,00:39,10:30,,,249,Trent,2026020004,#00205B,Frederic,1,8479365,4,09:51,EDM,22,Edmonton Oilers,517
16647958,0,00:39,13:29,,,297,Trent,2026020004,#00205B,Frederic,1,8479365,5,12:50,EDM,22,Edmonton Oilers,517
16647959,0,00:11,16:21,,,388,Trent,2026020004,#00205B,Frederic,1,8479365,6,16:10,EDM,22,Edmonton Oilers,517
16648091,0,00:57,19:00,,,420,Trent,2026020004,#00205B,Frederic,1,8479365,7,18:03,EDM,22,Edmonton Oilers,517
16648383,0,00:46,02:53,,,485,Trent,2026020004,#00205B,Frederic,2,8479365,8,02:07,EDM,22,Edmonton Oilers,517
16648384,0,00:15,06:36,,,587,Trent,2026020004,#00205B,Frederic,2,8479365,9,06:21,EDM,22,Edmonton Oilers,517
16648385,0,01:28,10:40,,,631,Trent,2026020004,#00205B,Frederic,2,8479365,10,09:12,EDM,22,Edmonton Oilers,517
16648578,0,00:40,13:47,,,735,Trent,2026020004,#00205B,Frederic,2,8479365,11,13:07,EDM,22,Edmonton Oilers,517
16648579,0,00:20,16:47,,,786,Trent,2026020004,#00205B,Frederic,2,8479365,12,16:27,EDM,22,Edmonton Oilers,517
16648794,0,00:39,01:59,,,854,Trent,2026020004,#00205B,Frederic,3,8479365,13,01:20,EDM,22,Edmonton Oilers,517
16648795,0,00:47,04:37,,,888,Trent,2026020004,#00205B,Frederic,3,8479365,14,03:50,EDM,22,Edmonton Oilers,517
16649012,0,00:28,08:26,,,961,Trent,2026020004,#00205B,Frederic,3,8479365,15,07:58,EDM,22,Edmonton Oilers,517
16647757,0,00:54,02:24,,,118,Max,2026020004,#00205B,Jones,1,8479368,1,01:30,EDM,22,Edmonton Oilers,517
16647758,0,00:30,05:28,,,166,Max,2026020004,#00205B,Jones,1,8479368,2,04:58,EDM,22,Edmonton Oilers,517
16647759,0,00:21,06:16,,,187,Max,2026020004,#00205B,Jones,1,8479368,3,05:55,EDM,22,Edmonton Oilers,517
16647760,0,00:34,08:12,,,210,Max,2026020004,#00205B,Jones,1,8479368,4,07:38,EDM,22,Edmonton Oilers,517
16647960,0,00:52,11:35,,,263,Max,2026020004,#00205B,Jones,1,8479368,5,10:43,EDM,22,Edmonton Oilers,517
16647961,0,00:52,14:29,,,358,Max,2026020004,#00205B,Jones,1,8479368,6,13:37,EDM,22,Edmonton Oilers,517
16648092,0,00:25,16:51,,,397,Max,2026020004,#00205B,Jones,1,8479368,7,16:26,EDM,22,Edmonton Oilers,517
16648093,0,00:31,19:32,,,433,Max,2026020004,#00205B,Jones,1,8479368,8,19:01,EDM,22,Edmonton Oilers,517
16648223,0,00:29,02:07,,,474,Max,2026020004,#00205B,Jones,2,8479368,9,01:38,EDM,22,Edmonton Oilers,517
16648386,0,00:34,05:15,,,565,Max,2026020004,#00205B,Jones,2,8479368,10,04:41,EDM,22,Edmonton Oilers,517
16648387,0,01:00,08:21,,,609,Max,2026020004,#00205B,Jones,2,8479368,11,07:21,EDM,22,Edmonton Oilers,517
16648580,0,00:51,16:18,,,767,Max,2026020004,#00205B,Jones,2,8479368,12,15:27,EDM,22,Edmonton Oilers,517
16648644,0,00:52,20:00,,,816,Max,2026020004,#00205B,Jones,2,8479368,13,19:08,EDM,22,Edmonton Oilers,517
16648796,0,00:10,01:20,,,848,Max,2026020004,#00205B,Jones,3,8479368,14,01:10,EDM,22,Edmonton Oilers,517
16648797,0,00:21,02:11,,,857,Max,2026020004,#00205B,Jones,3,8479368,15,01:50,EDM,22,Edmonton Oilers,517
16648798,0,00:32,05:03,,,895,Max,2026020004,#00205B,Jones,3,8479368,16,04:31,EDM,22,Edmonton Oilers,517
16648799,0,00:38,05:53,,,917,Max,2026020004,#00205B,Jones,3,8479368,17,05:15,EDM,22,Edmonton Oilers,517
16649013,0,00:34,07:51,,,953,Max,2026020004,#00205B,Jones,3,8479368,18,07:17,EDM,22,Edmonton Oilers,517
16649014,0,00:41,10:01,,,983,Max,2026020004,#00205B,Jones,3,8479368,19,09:20,EDM,22,Edmonton Oilers,517
16649145,0,00:37,13:34,,,1039,Max,2026020004,#00205B,Jones,3,8479368,20,12:57,EDM,22,Edmonton Oilers,517
16647761,0,00:32,00:32,,,56,Filip,2026020004,#00843D,Hronek,1,8479425,1,00:00,VAN,23,Vancouver Canucks,517
16647762,0,00:35,02:06,,,121,Filip,2026020004,#00843D,Hronek,1,8479425,2,01:31,VAN,23,Vancouver Canucks,517
16647763,0,00:32,04:19,,,151,Filip,2026020004,#00843D,Hronek,1,8479425,3,03:47,VAN,23,Vancouver Canucks,517
16647764,0,00:26,06:16,,,182,Filip,2026020004,#00843D,Hronek,1,8479425,4,05:50,VAN,23,Vancouver Canucks,517
16647765,0,00:44,07:37,,,203,Filip,2026020004,#00843D,Hronek,1,8479425,5,06:53,VAN,23,Vancouver Canucks,517
16647962,0,00:19,08:54,,,233,Filip,2026020004,#00843D,Hronek,1,8479425,6,08:35,VAN,23,Vancouver Canucks,517
16647963,0,00:29,09:50,,,243,Filip,2026020004,#00843D,Hronek,1,8479425,7,09:21,VAN,23,Vancouver Canucks,517
16647964,0,00:42,11:04,,,257,Filip,2026020004,#00843D,Hronek,1,8479425,8,10:22,VAN,23,Vancouver Canucks,517
16647965,0,00:45,12:41,,,282,Filip,2026020004,#00843D,Hronek,1,8479425,9,11:56,VAN,23,Vancouver Canucks,517
16647966,0,00:54,15:38,,,370,Filip,2026020004,#00843D,Hronek,1,8479425,10,14:44,VAN,23,Vancouver Canucks,517
16648094,0,01:09,18:00,,,402,Filip,2026020004,#00843D,Hronek,1,8479425,11,16:51,VAN,23,Vancouver Canucks,517
16648095,0,01:01,19:43,,,428,Filip,2026020004,#00843D,Hronek,1,8479425,12,18:42,VAN,23,Vancouver Canucks,517
16648224,0,00:54,00:54,,,453,Filip,2026020004,#00843D,Hronek,2,8479425,13,00:00,VAN,23,Vancouver Canucks,517
16648225,0,00:31,02:07,,,472,Filip,2026020004,#00843D,Hronek,2,8479425,14,01:36,VAN,23,Vancouver Canucks,517
16648388,0,00:46,04:39,,,556,Filip,2026020004,#00843D,Hronek,2,8479425,15,03:53,VAN,23,Vancouver Canucks,517
16648389,0,00:38,06:59,,,588,Filip,2026020004,#00843D,Hronek,2,8479425,16,06:21,VAN,23,Vancouver Canucks,517
16648390,0,01:05,09:23,,,619,Filip,2026020004,#00843D,Hronek,2,8479425,17,08:18,VAN,23,Vancouver Canucks,517
16648581,0,00:55,11:35,,,650,Filip,2026020004,#00843D,Hronek,2,8479425,18,10:40,VAN,23,Vancouver Canucks,517
16648582,0,00:54,13:49,,,729,Filip,2026020004,#00843D,Hronek,2,8479425,19,12:55,VAN,23,Vancouver Canucks,517
16648583,0,00:56,15:30,,,756,Filip,2026020004,#00843D,Hronek,2,8479425,20,14:34,VAN,23,Vancouver Canucks,517
16648584,0,01:23,18:37,,,793,Filip,2026020004,#00843D,Hronek,2,8479425,21,17:14,VAN,23,Vancouver Canucks,517
16648800,0,00:33,00:33,,,827,Filip,2026020004,#00843D,Hronek,3,8479425,22,00:00,VAN,23,Vancouver Canucks,517
16648801,0,00:12,01:20,,,844,Filip,2026020004,#00843D,Hronek,3,8479425,23,01:08,VAN,23,Vancouver Canucks,517
16648802,0,00:24,02:55,,,867,Filip,2026020004,#00843D,Hronek,3,8479425,24,02:31,VAN,23,Vancouver Canucks,517
16648803,0,00:30,05:19,,,903,Filip,2026020004,#00843D,Hronek,3,8479425,25,04:49,VAN,23,Vancouver Canucks,517
16649015,0,00:50,07:12,,,937,Filip,2026020004,#00843D,Hronek,3,8479425,26,06:22,VAN,23,Vancouver Canucks,517
16649016,0,00:27,09:23,,,974,Filip,2026020004,#00843D,Hronek,3,8479425,27,08:56,VAN,23,Vancouver Canucks,517
16649017,0,00:49,11:02,,,1004,Filip,2026020004,#00843D,Hronek,3,8479425,28,10:13,VAN,23,Vancouver Canucks,517
16649018,0,00:44,12:32,,,1023,Filip,2026020004,#00843D,Hronek,3,8479425,29,11:48,VAN,23,Vancouver Canucks,517
16649146,0,01:05,15:01,,,1059,Filip,2026020004,#00843D,Hronek,3,8479425,30,13:56,VAN,23,Vancouver Canucks,517
16649147,0,01:22,17:02,,,1080,Filip,2026020004,#00843D,Hronek,3,8479425,31,15:40,VAN,23,Vancouver Canucks,517
16649148,0,01:09,19:17,,,1117,Filip,2026020004,#00843D,Hronek,3,8479425,32,18:08,VAN,23,Vancouver Canucks,517
16649266,0,00:53,00:53,,,1143,Filip,2026020004,#00843D,Hronek,4,8479425,33,00:00,VAN,23,Vancouver Canucks,517
16647766,0,01:04,01:35,,,106,Elias,2026020004,#00843D,Pettersson,1,8480012,1,00:31,VAN,23,Vancouver Canucks,517
16647767,0,00:46,05:02,,,154,Elias,2026020004,#00843D,Pettersson,1,8480012,2,04:16,VAN,23,Vancouver Canucks,517
16647768,0,00:47,07:36,,,199,Elias,2026020004,#00843D,Pettersson,1,8480012,3,06:49,VAN,23,Vancouver Canucks,517
16647967,0,00:28,09:21,,,238,Elias,2026020004,#00843D,Pettersson,1,8480012,4,08:53,VAN,23,Vancouver Canucks,517
16647968,0,00:31,10:22,,,252,Elias,2026020004,#00843D,Pettersson,1,8480012,5,09:51,VAN,23,Vancouver Canucks,517
16647969,0,00:48,12:51,,,287,Elias,2026020004,#00843D,Pettersson,1,8480012,6,12:03,VAN,23,Vancouver Canucks,517
16647970,0,00:43,16:10,,,377,Elias,2026020004,#00843D,Pettersson,1,8480012,7,15:27,VAN,23,Vancouver Canucks,517
16648096,0,00:38,17:57,,,414,Elias,2026020004,#00843D,Pettersson,1,8480012,8,17:19,VAN,23,Vancouver Canucks,517
16648097,0,00:17,20:00,,,446,Elias,2026020004,#00843D,Pettersson,1,8480012,9,19:43,VAN,23,Vancouver Canucks,517
16648226,0,01:02,01:40,,,459,Elias,2026020004,#00843D,Pettersson,2,8480012,10,00:38,VAN,23,Vancouver Canucks,517
16648391,0,00:36,04:23,,,555,Elias,2026020004,#00843D,Pettersson,2,8480012,11,03:47,VAN,23,Vancouver Canucks,517
16648392,0,00:22,07:21,,,602,Elias,2026020004,#00843D,Pettersson,2,8480012,12,06:59,VAN,23,Vancouver Canucks,517
16648393,0,00:35,10:40,,,642,Elias,2026020004,#00843D,Pettersson,2,8480012,13,10:05,VAN,23,Vancouver Canucks,517
16648585,0,00:46,11:32,,,703,Elias,2026020004,#00843D,Pettersson,2,8480012,14,10:46,VAN,23,Vancouver Canucks,517
16648586,0,00:58,15:27,,,751,Elias,2026020004,#00843D,Pettersson,2,8480012,15,14:29,VAN,23,Vancouver Canucks,517
16648645,0,01:29,19:39,,,805,Elias,2026020004,#00843D,Pettersson,2,8480012,16,18:10,VAN,23,Vancouver Canucks,517
16649348,805,,05:15,PPG,"Filip Hronek, Brock Boeser",913,Elias,2026020004,#00843D,Pettersson,3,8480012,0,05:15,VAN,23,Vancouver Canucks,505
16648804,0,00:39,01:10,,,835,Elias,2026020004,#00843D,Pettersson,3,8480012,17,00:31,VAN,23,Vancouver Canucks,517
16648805,0,00:40,03:35,,,879,Elias,2026020004,#00843D,Pettersson,3,8480012,18,02:55,VAN,23,Vancouver Canucks,517
16648806,0,00:12,05:15,,,910,Elias,2026020004,#00843D,Pettersson,3,8480012,19,05:03,VAN,23,Vancouver Canucks,517
16648807,0,00:29,06:22,,,929,Elias,2026020004,#00843D,Pettersson,3,8480012,20,05:53,VAN,23,Vancouver Canucks,517
16649019,0,01:00,07:57,,,943,Elias,2026020004,#00843D,Pettersson,3,8480012,21,06:57,VAN,23,Vancouver Canucks,517
16649020,0,00:22,11:03,,,1012,Elias,2026020004,#00843D,Pettersson,3,8480012,22,10:41,VAN,23,Vancouver Canucks,517
16649021,0,00:08,12:33,,,1030,Elias,2026020004,#00843D,Pettersson,3,8480012,23,12:25,VAN,23,Vancouver Canucks,517
16649149,0,00:31,14:25,,,1057,Elias,2026020004,#00843D,Pettersson,3,8480012,24,13:54,VAN,23,Vancouver Canucks,517
16649150,0,00:39,15:40,,,1075,Elias,2026020004,#00843D,Pettersson,3,8480012,25,15:01,VAN,23,Vancouver Canucks,517
16649151,0,01:10,17:31,,,1098,Elias,2026020004,#00843D,Pettersson,3,8480012,26,16:21,VAN,23,Vancouver Canucks,517
16649152,0,00:25,18:33,,,1117,Elias,2026020004,#00843D,Pettersson,3,8480012,27,18:08,VAN,23,Vancouver Canucks,517
16649153,0,00:41,19:58,,,1134,Elias,2026020004,#00843D,Pettersson,3,8480012,28,19:17,VAN,23,Vancouver Canucks,517
16649267,0,00:37,00:37,,,1143,Elias,2026020004,#00843D,Pettersson,4,8480012,29,00:00,VAN,23,Vancouver Canucks,517
16647769,0,00:31,00:31,,,55,Alex,2026020004,#00205B,Formenton,1,8480029,1,00:00,EDM,22,Edmonton Oilers,517
16647770,0,00:57,04:17,,,148,Alex,2026020004,#00205B,Formenton,1,8480029,2,03:20,EDM,22,Edmonton Oilers,517
16647771,0,00:37,06:53,,,196,Alex,2026020004,#00205B,Formenton,1,8480029,3,06:16,EDM,22,Edmonton Oilers,517
16647971,0,00:28,12:03,,,275,Alex,2026020004,#00205B,Formenton,1,8480029,4,11:35,EDM,22,Edmonton Oilers,517
16647972,0,00:50,15:19,,,366,Alex,2026020004,#00205B,Formenton,1,8480029,5,14:29,EDM,22,Edmonton Oilers,517
16647973,0,00:05,16:26,,,392,Alex,2026020004,#00205B,Formenton,1,8480029,6,16:21,EDM,22,Edmonton Oilers,517
16648227,0,00:38,00:38,,,452,Alex,2026020004,#00205B,Formenton,2,8480029,7,00:00,EDM,22,Edmonton Oilers,517
16648394,0,00:50,03:46,,,493,Alex,2026020004,#00205B,Formenton,2,8480029,8,02:56,EDM,22,Edmonton Oilers,517
16648395,0,00:58,06:13,,,575,Alex,2026020004,#00205B,Formenton,2,8480029,9,05:15,EDM,22,Edmonton Oilers,517
16648396,0,00:52,09:13,,,621,Alex,2026020004,#00205B,Formenton,2,8480029,10,08:21,EDM,22,Edmonton Oilers,517
16648587,0,01:38,13:05,,,711,Alex,2026020004,#00205B,Formenton,2,8480029,11,11:27,EDM,22,Edmonton Oilers,517
16648588,0,00:27,14:34,,,748,Alex,2026020004,#00205B,Formenton,2,8480029,12,14:07,EDM,22,Edmonton Oilers,517
16648589,0,01:30,18:17,,,790,Alex,2026020004,#00205B,Formenton,2,8480029,13,16:47,EDM,22,Edmonton Oilers,517
16648808,0,00:38,00:38,,,826,Alex,2026020004,#00205B,Formenton,3,8480029,14,00:00,EDM,22,Edmonton Oilers,517
16648809,0,00:32,02:43,,,865,Alex,2026020004,#00205B,Formenton,3,8480029,15,02:11,EDM,22,Edmonton Oilers,517
16648810,0,00:12,05:15,,,906,Alex,2026020004,#00205B,Formenton,3,8480029,16,05:03,EDM,22,Edmonton Oilers,517
16649022,0,00:24,09:20,,,975,Alex,2026020004,#00205B,Formenton,3,8480029,17,08:56,EDM,22,Edmonton Oilers,517
16649023,0,00:40,10:41,,,990,Alex,2026020004,#00205B,Formenton,3,8480029,18,10:01,EDM,22,Edmonton Oilers,517
16649154,0,00:33,15:01,,,1063,Alex,2026020004,#00205B,Formenton,3,8480029,19,14:28,EDM,22,Edmonton Oilers,517
16649155,0,00:36,16:21,,,1083,Alex,2026020004,#00205B,Formenton,3,8480029,20,15:45,EDM,22,Edmonton Oilers,517
16649156,0,00:46,17:20,,,1100,Alex,2026020004,#00205B,Formenton,3,8480029,21,16:34,EDM,22,Edmonton Oilers,517
16649157,0,00:27,19:44,,,1133,Alex,2026020004,#00205B,Formenton,3,8480029,22,19:17,EDM,22,Edmonton Oilers,517
16649349,802,,16:26,EVG,,394,Evan,2026020004,#00205B,Bouchard,1,8480803,0,16:26,EDM,22,Edmonton Oilers,505
16647772,0,00:41,00:41,,,55,Evan,2026020004,#00205B,Bouchard,1,8480803,1,00:00,EDM,22,Edmonton Oilers,517
16647773,0,01:16,04:19,,,143,Evan,2026020004,#00205B,Bouchard,1,8480803,2,03:03,EDM,22,Edmonton Oilers,517
16647774,0,00:50,07:06,,,196,Evan,2026020004,#00205B,Bouchard,1,8480803,3,06:16,EDM,22,Edmonton Oilers,517
16647974,0,01:16,09:51,,,231,Evan,2026020004,#00205B,Bouchard,1,8480803,4,08:35,EDM,22,Edmonton Oilers,517
16647975,0,00:59,12:31,,,273,Evan,2026020004,#00205B,Bouchard,1,8480803,5,11:32,EDM,22,Edmonton Oilers,517
16647976,0,01:35,14:57,,,352,Evan,2026020004,#00205B,Bouchard,1,8480803,6,13:22,EDM,22,Edmonton Oilers,517
16647977,0,00:22,16:26,,,385,Evan,2026020004,#00205B,Bouchard,1,8480803,7,16:04,EDM,22,Edmonton Oilers,517
16648098,0,01:21,18:12,,,406,Evan,2026020004,#00205B,Bouchard,1,8480803,8,16:51,EDM,22,Edmonton Oilers,517
16648099,0,00:28,20:00,,,438,Evan,2026020004,#00205B,Bouchard,1,8480803,9,19:32,EDM,22,Edmonton Oilers,517
16649350,802,,14:34,EVG,"Connor McDavid, Alex Formenton",752,Evan,2026020004,#00205B,Bouchard,2,8480803,0,14:34,EDM,22,Edmonton Oilers,505
16648228,0,00:39,00:39,,,452,Evan,2026020004,#00205B,Bouchard,2,8480803,10,00:00,EDM,22,Edmonton Oilers,517
16648397,0,01:36,03:43,,,485,Evan,2026020004,#00205B,Bouchard,2,8480803,11,02:07,EDM,22,Edmonton Oilers,517
16648398,0,00:25,05:40,,,575,Evan,2026020004,#00205B,Bouchard,2,8480803,12,05:15,EDM,22,Edmonton Oilers,517
16648399,0,00:43,09:12,,,624,Evan,2026020004,#00205B,Bouchard,2,8480803,13,08:29,EDM,22,Edmonton Oilers,517
16648590,0,00:39,11:19,,,702,Evan,2026020004,#00205B,Bouchard,2,8480803,14,10:40,EDM,22,Edmonton Oilers,517
16648591,0,00:37,14:34,,,745,Evan,2026020004,#00205B,Bouchard,2,8480803,15,13:57,EDM,22,Edmonton Oilers,517
16648592,0,00:47,15:39,,,763,Evan,2026020004,#00205B,Bouchard,2,8480803,16,14:52,EDM,22,Edmonton Oilers,517
16648593,0,01:33,18:20,,,790,Evan,2026020004,#00205B,Bouchard,2,8480803,17,16:47,EDM,22,Edmonton Oilers,517
16648646,0,00:51,20:00,,,817,Evan,2026020004,#00205B,Bouchard,2,8480803,18,19:09,EDM,22,Edmonton Oilers,517
16649351,803,,09:20,EVG,Connor McDavid,980,Evan,2026020004,#00205B,Bouchard,3,8480803,0,09:20,EDM,22,Edmonton Oilers,505
16648811,0,00:38,00:38,,,826,Evan,2026020004,#00205B,Bouchard,3,8480803,19,00:00,EDM,22,Edmonton Oilers,517
16648812,0,01:06,02:55,,,856,Evan,2026020004,#00205B,Bouchard,3,8480803,20,01:49,EDM,22,Edmonton Oilers,517
16648813,0,00:39,05:03,,,894,Evan,2026020004,#00205B,Bouchard,3,8480803,21,04:24,EDM,22,Edmonton Oilers,517
16649024,0,00:55,07:17,,,936,Evan,2026020004,#00205B,Bouchard,3,8480803,22,06:22,EDM,22,Edmonton Oilers,517
16649025,0,00:30,08:56,,,967,Evan,2026020004,#00205B,Bouchard,3,8480803,23,08:26,EDM,22,Edmonton Oilers,517
16649026,0,00:04,09:20,,,979,Evan,2026020004,#00205B,Bouchard,3,8480803,24,09:16,EDM,22,Edmonton Oilers,517
16649027,0,02:12,12:25,,,1006,Evan,2026020004,#00205B,Bouchard,3,8480803,25,10:13,EDM,22,Edmonton Oilers,517
16649158,0,01:14,15:45,,,1064,Evan,2026020004,#00205B,Bouchard,3,8480803,26,14:31,EDM,22,Edmonton Oilers,517
16649159,0,01:09,19:17,,,1116,Evan,2026020004,#00205B,Bouchard,3,8480803,27,18:08,EDM,22,Edmonton Oilers,517
16649268,0,00:36,00:36,,,1142,Evan,2026020004,#00205B,Bouchard,4,8480803,28,00:00,EDM,22,Edmonton Oilers,517
16647775,0,20:00,20:00,,,56,Kevin,2026020004,#00843D,Lankinen,1,8480947,1,00:00,VAN,23,Vancouver Canucks,517
16648229,0,20:00,20:00,,,453,Kevin,2026020004,#00843D,Lankinen,2,8480947,2,00:00,VAN,23,Vancouver Canucks,517
16648814,0,16:05,16:05,,,827,Kevin,2026020004,#00843D,Lankinen,3,8480947,3,00:00,VAN,23,Vancouver Canucks,517
16649160,0,03:39,20:00,,,1098,Kevin,2026020004,#00843D,Lankinen,3,8480947,4,16:21,VAN,23,Vancouver Canucks,517
16649269,0,01:59,01:59,,,1143,Kevin,2026020004,#00843D,Lankinen,4,8480947,5,00:00,VAN,23,Vancouver Canucks,517
16647776,0,00:35,00:35,,,56,Linus,2026020004,#00843D,Karlsson,1,8481024,1,00:00,VAN,23,Vancouver Canucks,517
16647777,0,00:32,04:18,,,150,Linus,2026020004,#00843D,Karlsson,1,8481024,2,03:46,VAN,23,Vancouver Canucks,517
16647778,0,00:48,06:43,,,186,Linus,2026020004,#00843D,Karlsson,1,8481024,3,05:55,VAN,23,Vancouver Canucks,517
16647978,0,00:21,11:00,,,262,Linus,2026020004,#00843D,Karlsson,1,8481024,4,10:39,VAN,23,Vancouver Canucks,517
16647979,0,00:24,12:03,,,277,Linus,2026020004,#00843D,Karlsson,1,8481024,5,11:39,VAN,23,Vancouver Canucks,517
16647980,0,00:44,15:28,,,370,Linus,2026020004,#00843D,Karlsson,1,8481024,6,14:44,VAN,23,Vancouver Canucks,517
16648230,0,00:42,00:42,,,453,Linus,2026020004,#00843D,Karlsson,2,8481024,7,00:00,VAN,23,Vancouver Canucks,517
16648400,0,00:37,03:39,,,497,Linus,2026020004,#00843D,Karlsson,2,8481024,8,03:02,VAN,23,Vancouver Canucks,517
16648401,0,00:56,06:36,,,581,Linus,2026020004,#00843D,Karlsson,2,8481024,9,05:40,VAN,23,Vancouver Canucks,517
16648402,0,00:17,07:38,,,608,Linus,2026020004,#00843D,Karlsson,2,8481024,10,07:21,VAN,23,Vancouver Canucks,517
16648403,0,00:45,09:03,,,619,Linus,2026020004,#00843D,Karlsson,2,8481024,11,08:18,VAN,23,Vancouver Canucks,517
16648594,0,00:30,11:10,,,650,Linus,2026020004,#00843D,Karlsson,2,8481024,12,10:40,VAN,23,Vancouver Canucks,517
16648595,0,00:35,12:10,,,715,Linus,2026020004,#00843D,Karlsson,2,8481024,13,11:35,VAN,23,Vancouver Canucks,517
16648596,0,00:39,14:34,,,746,Linus,2026020004,#00843D,Karlsson,2,8481024,14,13:55,VAN,23,Vancouver Canucks,517
16648597,0,00:30,18:14,,,798,Linus,2026020004,#00843D,Karlsson,2,8481024,15,17:44,VAN,23,Vancouver Canucks,517
16648815,0,00:36,00:36,,,827,Linus,2026020004,#00843D,Karlsson,3,8481024,16,00:00,VAN,23,Vancouver Canucks,517
16648816,0,00:13,02:04,,,855,Linus,2026020004,#00843D,Karlsson,3,8481024,17,01:51,VAN,23,Vancouver Canucks,517
16648817,0,00:17,02:55,,,870,Linus,2026020004,#00843D,Karlsson,3,8481024,18,02:38,VAN,23,Vancouver Canucks,517
16648818,0,00:05,05:20,,,919,Linus,2026020004,#00843D,Karlsson,3,8481024,19,05:15,VAN,23,Vancouver Canucks,517
16649028,0,00:31,06:53,,,937,Linus,2026020004,#00843D,Karlsson,3,8481024,20,06:22,VAN,23,Vancouver Canucks,517
16649029,0,00:27,09:23,,,974,Linus,2026020004,#00843D,Karlsson,3,8481024,21,08:56,VAN,23,Vancouver Canucks,517
16649030,0,00:41,10:41,,,993,Linus,2026020004,#00843D,Karlsson,3,8481024,22,10:00,VAN,23,Vancouver Canucks,517
16649161,0,00:37,15:01,,,1060,Linus,2026020004,#00843D,Karlsson,3,8481024,23,14:24,VAN,23,Vancouver Canucks,517
16649162,0,00:37,16:21,,,1084,Linus,2026020004,#00843D,Karlsson,3,8481024,24,15:44,VAN,23,Vancouver Canucks,517
16649163,0,00:38,18:08,,,1112,Linus,2026020004,#00843D,Karlsson,3,8481024,25,17:30,VAN,23,Vancouver Canucks,517
16649164,0,00:01,19:18,,,1136,Linus,2026020004,#00843D,Karlsson,3,8481024,26,19:17,VAN,23,Vancouver Canucks,517
16649352,802,,09:51,SHG,,246,Paul,2026020004,#00843D,Cotter,1,8481032,0,09:51,VAN,23,Vancouver Canucks,505
16647779,0,01:08,03:34,,,134,Paul,2026020004,#00843D,Cotter,1,8481032,1,02:26,VAN,23,Vancouver Canucks,517
16647780,0,00:27,05:55,,,179,Paul,2026020004,#00843D,Cotter,1,8481032,2,05:28,VAN,23,Vancouver Canucks,517
16647981,0,00:20,08:35,,,222,Paul,2026020004,#00843D,Cotter,1,8481032,3,08:15,VAN,23,Vancouver Canucks,517
16647982,0,00:30,09:51,,,243,Paul,2026020004,#00843D,Cotter,1,8481032,4,09:21,VAN,23,Vancouver Canucks,517
16647983,0,01:10,14:43,,,357,Paul,2026020004,#00843D,Cotter,1,8481032,5,13:33,VAN,23,Vancouver Canucks,517
16648100,0,00:25,16:51,,,398,Paul,2026020004,#00843D,Cotter,1,8481032,6,16:26,VAN,23,Vancouver Canucks,517
16648101,0,00:39,18:38,,,419,Paul,2026020004,#00843D,Cotter,1,8481032,7,17:59,VAN,23,Vancouver Canucks,517
16648404,0,00:54,03:01,,,484,Paul,2026020004,#00843D,Cotter,2,8481032,8,02:07,VAN,23,Vancouver Canucks,517
16648405,0,00:32,06:59,,,590,Paul,2026020004,#00843D,Cotter,2,8481032,9,06:27,VAN,23,Vancouver Canucks,517
16648406,0,01:11,10:05,,,625,Paul,2026020004,#00843D,Cotter,2,8481032,10,08:54,VAN,23,Vancouver Canucks,517
16648598,0,00:57,13:52,,,729,Paul,2026020004,#00843D,Cotter,2,8481032,11,12:55,VAN,23,Vancouver Canucks,517
16648599,0,01:00,17:18,,,780,Paul,2026020004,#00843D,Cotter,2,8481032,12,16:18,VAN,23,Vancouver Canucks,517
16648819,0,00:30,02:36,,,862,Paul,2026020004,#00843D,Cotter,3,8481032,13,02:06,VAN,23,Vancouver Canucks,517
16648820,0,00:20,05:03,,,901,Paul,2026020004,#00843D,Cotter,3,8481032,14,04:43,VAN,23,Vancouver Canucks,517
16648821,0,00:22,05:53,,,924,Paul,2026020004,#00843D,Cotter,3,8481032,15,05:31,VAN,23,Vancouver Canucks,517
16649031,0,00:44,11:47,,,1020,Paul,2026020004,#00843D,Cotter,3,8481032,16,11:03,VAN,23,Vancouver Canucks,517
16649165,0,00:22,13:39,,,1046,Paul,2026020004,#00843D,Cotter,3,8481032,17,13:17,VAN,23,Vancouver Canucks,517
16649353,806,,01:59,EVG,Max Sasson,1164,Paul,2026020004,#00843D,Cotter,4,8481032,0,01:59,VAN,23,Vancouver Canucks,505
16649270,0,00:20,01:59,,,1162,Paul,2026020004,#00843D,Cotter,4,8481032,18,01:39,VAN,23,Vancouver Canucks,517
16647781,0,00:59,01:30,,,105,Vasily,2026020004,#00205B,Podkolzin,1,8481617,1,00:31,EDM,22,Edmonton Oilers,517
16647782,0,00:41,04:58,,,153,Vasily,2026020004,#00205B,Podkolzin,1,8481617,2,04:17,EDM,22,Edmonton Oilers,517
16647783,0,00:45,07:38,,,200,Vasily,2026020004,#00205B,Podkolzin,1,8481617,3,06:53,EDM,22,Edmonton Oilers,517
16647984,0,01:16,09:51,,,231,Vasily,2026020004,#00205B,Podkolzin,1,8481617,4,08:35,EDM,22,Edmonton Oilers,517
16647985,0,00:44,12:47,,,286,Vasily,2026020004,#00205B,Podkolzin,1,8481617,5,12:03,EDM,22,Edmonton Oilers,517
16647986,0,00:50,16:09,,,373,Vasily,2026020004,#00205B,Podkolzin,1,8481617,6,15:19,EDM,22,Edmonton Oilers,517
16648102,0,01:08,17:59,,,406,Vasily,2026020004,#00205B,Podkolzin,1,8481617,7,16:51,EDM,22,Edmonton Oilers,517
16648231,0,00:59,01:38,,,457,Vasily,2026020004,#00205B,Podkolzin,2,8481617,8,00:39,EDM,22,Edmonton Oilers,517
16648407,0,00:54,04:41,,,554,Vasily,2026020004,#00205B,Podkolzin,2,8481617,9,03:47,EDM,22,Edmonton Oilers,517
16648408,0,00:45,07:21,,,598,Vasily,2026020004,#00205B,Podkolzin,2,8481617,10,06:36,EDM,22,Edmonton Oilers,517
16648600,0,00:47,11:27,,,702,Vasily,2026020004,#00205B,Podkolzin,2,8481617,11,10:40,EDM,22,Edmonton Oilers,517
16648601,0,00:53,15:27,,,757,Vasily,2026020004,#00205B,Podkolzin,2,8481617,12,14:34,EDM,22,Edmonton Oilers,517
16648647,0,00:51,19:08,,,808,Vasily,2026020004,#00205B,Podkolzin,2,8481617,13,18:17,EDM,22,Edmonton Oilers,517
16649354,802,,08:56,EVG,"Evan Bouchard, Ryan Shea",971,Vasily,2026020004,#00205B,Podkolzin,3,8481617,0,08:56,EDM,22,Edmonton Oilers,505
16649355,802,,19:17,PPG,"Leon Draisaitl, Evan Bouchard",1130,Vasily,2026020004,#00205B,Podkolzin,3,8481617,0,19:17,EDM,22,Edmonton Oilers,505
16648822,0,00:32,01:10,,,839,Vasily,2026020004,#00205B,Podkolzin,3,8481617,14,00:38,EDM,22,Edmonton Oilers,517
16648823,0,00:57,03:40,,,871,Vasily,2026020004,#00205B,Podkolzin,3,8481617,15,02:43,EDM,22,Edmonton Oilers,517
16648824,0,00:29,06:22,,,930,Vasily,2026020004,#00205B,Podkolzin,3,8481617,16,05:53,EDM,22,Edmonton Oilers,517
16649032,0,00:30,08:56,,,967,Vasily,2026020004,#00205B,Podkolzin,3,8481617,17,08:26,EDM,22,Edmonton Oilers,517
16649033,0,01:44,12:25,,,1011,Vasily,2026020004,#00205B,Podkolzin,3,8481617,18,10:41,EDM,22,Edmonton Oilers,517
16649166,0,00:54,14:28,,,1050,Vasily,2026020004,#00205B,Podkolzin,3,8481617,19,13:34,EDM,22,Edmonton Oilers,517
16649167,0,00:44,15:45,,,1076,Vasily,2026020004,#00205B,Podkolzin,3,8481617,20,15:01,EDM,22,Edmonton Oilers,517
16649168,0,00:42,19:17,,,1124,Vasily,2026020004,#00205B,Podkolzin,3,8481617,21,18:35,EDM,22,Edmonton Oilers,517
16649169,0,00:16,20:00,,,1137,Vasily,2026020004,#00205B,Podkolzin,3,8481617,22,19:44,EDM,22,Edmonton Oilers,517
16647784,0,00:31,00:31,,,56,Drew,2026020004,#00843D,O'Connor,1,8482055,1,00:00,VAN,23,Vancouver Canucks,517
16647785,0,00:43,04:17,,,149,Drew,2026020004,#00843D,O'Connor,1,8482055,2,03:34,VAN,23,Vancouver Canucks,517
16647786,0,00:59,06:52,,,183,Drew,2026020004,#00843D,O'Connor,1,8482055,3,05:53,VAN,23,Vancouver Canucks,517
16647987,0,00:18,08:53,,,233,Drew,2026020004,#00843D,O'Connor,1,8482055,4,08:35,VAN,23,Vancouver Canucks,517
16647988,0,00:25,10:47,,,257,Drew,2026020004,#00843D,O'Connor,1,8482055,5,10:22,VAN,23,Vancouver Canucks,517
16647989,0,00:31,12:03,,,272,Drew,2026020004,#00843D,O'Connor,1,8482055,6,11:32,VAN,23,Vancouver Canucks,517
16647990,0,00:47,15:30,,,369,Drew,2026020004,#00843D,O'Connor,1,8482055,7,14:43,VAN,23,Vancouver Canucks,517
16648103,0,00:28,17:19,,,402,Drew,2026020004,#00843D,O'Connor,1,8482055,8,16:51,VAN,23,Vancouver Canucks,517
16648104,0,00:37,19:15,,,427,Drew,2026020004,#00843D,O'Connor,1,8482055,9,18:38,VAN,23,Vancouver Canucks,517
16648232,0,00:39,00:39,,,453,Drew,2026020004,#00843D,O'Connor,2,8482055,10,00:00,VAN,23,Vancouver Canucks,517
16648409,0,00:45,03:41,,,494,Drew,2026020004,#00843D,O'Connor,2,8482055,11,02:56,VAN,23,Vancouver Canucks,517
16648410,0,00:46,06:36,,,583,Drew,2026020004,#00843D,O'Connor,2,8482055,12,05:50,VAN,23,Vancouver Canucks,517
16648411,0,00:17,07:38,,,608,Drew,2026020004,#00843D,O'Connor,2,8482055,13,07:21,VAN,23,Vancouver Canucks,517
16648412,0,00:44,09:07,,,622,Drew,2026020004,#00843D,O'Connor,2,8482055,14,08:23,VAN,23,Vancouver Canucks,517
16648602,0,00:28,11:08,,,650,Drew,2026020004,#00843D,O'Connor,2,8482055,15,10:40,VAN,23,Vancouver Canucks,517
16648603,0,00:29,12:09,,,716,Drew,2026020004,#00843D,O'Connor,2,8482055,16,11:40,VAN,23,Vancouver Canucks,517
16648604,0,00:41,14:34,,,744,Drew,2026020004,#00843D,O'Connor,2,8482055,17,13:53,VAN,23,Vancouver Canucks,517
16648605,0,01:13,18:12,,,792,Drew,2026020004,#00843D,O'Connor,2,8482055,18,16:59,VAN,23,Vancouver Canucks,517
16648825,0,00:31,00:31,,,827,Drew,2026020004,#00843D,O'Connor,3,8482055,19,00:00,VAN,23,Vancouver Canucks,517
16648826,0,00:19,02:55,,,869,Drew,2026020004,#00843D,O'Connor,3,8482055,20,02:36,VAN,23,Vancouver Canucks,517
16648827,0,00:16,05:31,,,919,Drew,2026020004,#00843D,O'Connor,3,8482055,21,05:15,VAN,23,Vancouver Canucks,517
16649034,0,00:53,07:15,,,937,Drew,2026020004,#00843D,O'Connor,3,8482055,22,06:22,VAN,23,Vancouver Canucks,517
16649035,0,00:27,09:23,,,974,Drew,2026020004,#00843D,O'Connor,3,8482055,23,08:56,VAN,23,Vancouver Canucks,517
16649036,0,00:54,11:01,,,996,Drew,2026020004,#00843D,O'Connor,3,8482055,24,10:07,VAN,23,Vancouver Canucks,517
16649170,0,00:30,12:55,,,1030,Drew,2026020004,#00843D,O'Connor,3,8482055,25,12:25,VAN,23,Vancouver Canucks,517
16649171,0,01:09,15:44,,,1067,Drew,2026020004,#00843D,O'Connor,3,8482055,26,14:35,VAN,23,Vancouver Canucks,517
16649172,0,00:37,18:08,,,1113,Drew,2026020004,#00843D,O'Connor,3,8482055,27,17:31,VAN,23,Vancouver Canucks,517
16649173,0,00:43,20:00,,,1134,Drew,2026020004,#00843D,O'Connor,3,8482055,28,19:17,VAN,23,Vancouver Canucks,517
16647787,0,00:51,02:26,,,122,Marco,2026020004,#00843D,Rossi,1,8482079,1,01:35,VAN,23,Vancouver Canucks,517
16647788,0,00:28,05:28,,,170,Marco,2026020004,#00843D,Rossi,1,8482079,2,05:00,VAN,23,Vancouver Canucks,517
16647789,0,00:38,08:15,,,209,Marco,2026020004,#00843D,Rossi,1,8482079,3,07:37,VAN,23,Vancouver Canucks,517
16647991,0,00:39,11:39,,,266,Marco,2026020004,#00843D,Rossi,1,8482079,4,11:00,VAN,23,Vancouver Canucks,517
16647992,0,00:41,13:31,,,294,Marco,2026020004,#00843D,Rossi,1,8482079,5,12:50,VAN,23,Vancouver Canucks,517
16647993,0,00:16,16:26,,,389,Marco,2026020004,#00843D,Rossi,1,8482079,6,16:10,VAN,23,Vancouver Canucks,517
16648105,0,00:23,19:43,,,437,Marco,2026020004,#00843D,Rossi,1,8482079,7,19:20,VAN,23,Vancouver Canucks,517
16649356,802,,02:07,EVG,"Liam Ohgren, Filip Hronek",480,Marco,2026020004,#00843D,Rossi,2,8482079,0,02:07,VAN,23,Vancouver Canucks,505
16648233,0,00:27,02:07,,,476,Marco,2026020004,#00843D,Rossi,2,8482079,8,01:40,VAN,23,Vancouver Canucks,517
16648413,0,01:15,05:38,,,557,Marco,2026020004,#00843D,Rossi,2,8482079,9,04:23,VAN,23,Vancouver Canucks,517
16648414,0,00:41,08:19,,,613,Marco,2026020004,#00843D,Rossi,2,8482079,10,07:38,VAN,23,Vancouver Canucks,517
16648606,0,00:40,12:55,,,722,Marco,2026020004,#00843D,Rossi,2,8482079,11,12:15,VAN,23,Vancouver Canucks,517
16648607,0,00:48,16:18,,,770,Marco,2026020004,#00843D,Rossi,2,8482079,12,15:30,VAN,23,Vancouver Canucks,517
16648648,0,00:21,20:00,,,823,Marco,2026020004,#00843D,Rossi,2,8482079,13,19:39,VAN,23,Vancouver Canucks,517
16648828,0,00:56,02:06,,,849,Marco,2026020004,#00843D,Rossi,3,8482079,14,01:10,VAN,23,Vancouver Canucks,517
16648829,0,01:08,04:43,,,881,Marco,2026020004,#00843D,Rossi,3,8482079,15,03:35,VAN,23,Vancouver Canucks,517
16648830,0,00:12,05:15,,,910,Marco,2026020004,#00843D,Rossi,3,8482079,16,05:03,VAN,23,Vancouver Canucks,517
16649037,0,00:59,08:56,,,960,Marco,2026020004,#00843D,Rossi,3,8482079,17,07:57,VAN,23,Vancouver Canucks,517
16649038,0,00:44,10:07,,,986,Marco,2026020004,#00843D,Rossi,3,8482079,18,09:23,VAN,23,Vancouver Canucks,517
16649174,0,00:44,13:17,,,1033,Marco,2026020004,#00843D,Rossi,3,8482079,19,12:33,VAN,23,Vancouver Canucks,517
16649175,0,00:24,16:21,,,1088,Marco,2026020004,#00843D,Rossi,3,8482079,20,15:57,VAN,23,Vancouver Canucks,517
16649176,0,00:42,18:08,,,1109,Marco,2026020004,#00843D,Rossi,3,8482079,21,17:26,VAN,23,Vancouver Canucks,517
16649177,0,00:02,20:00,,,1139,Marco,2026020004,#00843D,Rossi,3,8482079,22,19:58,VAN,23,Vancouver Canucks,517
16649271,0,01:02,01:39,,,1150,Marco,2026020004,#00843D,Rossi,4,8482079,23,00:37,VAN,23,Vancouver Canucks,517
16647790,0,01:08,01:41,,,108,Shakir,2026020004,#00205B,Mukhamadullin,1,8482166,1,00:33,EDM,22,Edmonton Oilers,517
16647791,0,00:25,03:03,,,138,Shakir,2026020004,#00205B,Mukhamadullin,1,8482166,2,02:38,EDM,22,Edmonton Oilers,517
16647792,0,00:54,05:55,,,169,Shakir,2026020004,#00205B,Mukhamadullin,1,8482166,3,05:01,EDM,22,Edmonton Oilers,517
16647793,0,00:41,07:47,,,205,Shakir,2026020004,#00205B,Mukhamadullin,1,8482166,4,07:06,EDM,22,Edmonton Oilers,517
16647994,0,00:09,08:35,,,228,Shakir,2026020004,#00205B,Mukhamadullin,1,8482166,5,08:26,EDM,22,Edmonton Oilers,517
16647995,0,00:40,15:27,,,371,Shakir,2026020004,#00205B,Mukhamadullin,1,8482166,6,14:47,EDM,22,Edmonton Oilers,517
16648106,0,00:25,16:51,,,397,Shakir,2026020004,#00205B,Mukhamadullin,1,8482166,7,16:26,EDM,22,Edmonton Oilers,517
16648234,0,01:12,01:51,,,457,Shakir,2026020004,#00205B,Mukhamadullin,2,8482166,8,00:39,EDM,22,Edmonton Oilers,517
16648415,0,00:42,04:27,,,552,Shakir,2026020004,#00205B,Mukhamadullin,2,8482166,9,03:45,EDM,22,Edmonton Oilers,517
16648416,0,00:23,06:36,,,586,Shakir,2026020004,#00205B,Mukhamadullin,2,8482166,10,06:13,EDM,22,Edmonton Oilers,517
16648417,0,00:44,09:55,,,630,Shakir,2026020004,#00205B,Mukhamadullin,2,8482166,11,09:11,EDM,22,Edmonton Oilers,517
16648608,0,00:51,13:55,,,733,Shakir,2026020004,#00205B,Mukhamadullin,2,8482166,12,13:04,EDM,22,Edmonton Oilers,517
16648609,0,00:56,16:35,,,773,Shakir,2026020004,#00205B,Mukhamadullin,2,8482166,13,15:39,EDM,22,Edmonton Oilers,517
16648831,0,00:32,01:10,,,839,Shakir,2026020004,#00205B,Mukhamadullin,3,8482166,14,00:38,EDM,22,Edmonton Oilers,517
16648832,0,00:55,03:39,,,872,Shakir,2026020004,#00205B,Mukhamadullin,3,8482166,15,02:44,EDM,22,Edmonton Oilers,517
16648833,0,00:38,05:53,,,917,Shakir,2026020004,#00205B,Mukhamadullin,3,8482166,16,05:15,EDM,22,Edmonton Oilers,517
16649039,0,00:34,07:51,,,953,Shakir,2026020004,#00205B,Mukhamadullin,3,8482166,17,07:17,EDM,22,Edmonton Oilers,517
16649040,0,00:20,09:16,,,975,Shakir,2026020004,#00205B,Mukhamadullin,3,8482166,18,08:56,EDM,22,Edmonton Oilers,517
16649041,0,00:05,10:13,,,997,Shakir,2026020004,#00205B,Mukhamadullin,3,8482166,19,10:08,EDM,22,Edmonton Oilers,517
16649178,0,00:49,14:32,,,1054,Shakir,2026020004,#00205B,Mukhamadullin,3,8482166,20,13:43,EDM,22,Edmonton Oilers,517
16647794,0,00:53,02:24,,,120,Colton,2026020004,#00205B,Dach,1,8482703,1,01:31,EDM,22,Edmonton Oilers,517
16647795,0,00:14,05:28,,,174,Colton,2026020004,#00205B,Dach,1,8482703,2,05:14,EDM,22,Edmonton Oilers,517
16647796,0,00:21,06:16,,,187,Colton,2026020004,#00205B,Dach,1,8482703,3,05:55,EDM,22,Edmonton Oilers,517
16647797,0,00:38,08:15,,,208,Colton,2026020004,#00205B,Dach,1,8482703,4,07:37,EDM,22,Edmonton Oilers,517
16647996,0,01:06,11:33,,,258,Colton,2026020004,#00205B,Dach,1,8482703,5,10:27,EDM,22,Edmonton Oilers,517
16647997,0,00:53,14:22,,,354,Colton,2026020004,#00205B,Dach,1,8482703,6,13:29,EDM,22,Edmonton Oilers,517
16648107,0,00:25,16:51,,,397,Colton,2026020004,#00205B,Dach,1,8482703,7,16:26,EDM,22,Edmonton Oilers,517
16648108,0,00:38,19:38,,,432,Colton,2026020004,#00205B,Dach,1,8482703,8,19:00,EDM,22,Edmonton Oilers,517
16648235,0,00:26,02:07,,,477,Colton,2026020004,#00205B,Dach,2,8482703,9,01:41,EDM,22,Edmonton Oilers,517
16648418,0,00:40,05:15,,,561,Colton,2026020004,#00205B,Dach,2,8482703,10,04:35,EDM,22,Edmonton Oilers,517
16648419,0,00:35,07:56,,,609,Colton,2026020004,#00205B,Dach,2,8482703,11,07:21,EDM,22,Edmonton Oilers,517
16648610,0,00:38,13:04,,,726,Colton,2026020004,#00205B,Dach,2,8482703,12,12:26,EDM,22,Edmonton Oilers,517
16648611,0,00:43,16:23,,,774,Colton,2026020004,#00205B,Dach,2,8482703,13,15:40,EDM,22,Edmonton Oilers,517
16648649,0,01:01,20:00,,,812,Colton,2026020004,#00205B,Dach,2,8482703,14,18:59,EDM,22,Edmonton Oilers,517
16648834,0,00:10,01:20,,,848,Colton,2026020004,#00205B,Dach,3,8482703,15,01:10,EDM,22,Edmonton Oilers,517
16648835,0,00:19,02:11,,,858,Colton,2026020004,#00205B,Dach,3,8482703,16,01:52,EDM,22,Edmonton Oilers,517
16648836,0,00:42,05:03,,,893,Colton,2026020004,#00205B,Dach,3,8482703,17,04:21,EDM,22,Edmonton Oilers,517
16648837,0,00:38,05:53,,,917,Colton,2026020004,#00205B,Dach,3,8482703,18,05:15,EDM,22,Edmonton Oilers,517
16649042,0,00:41,07:58,,,953,Colton,2026020004,#00205B,Dach,3,8482703,19,07:17,EDM,22,Edmonton Oilers,517
16649043,0,00:38,09:58,,,983,Colton,2026020004,#00205B,Dach,3,8482703,20,09:20,EDM,22,Edmonton Oilers,517
16649179,0,00:51,13:16,,,1029,Colton,2026020004,#00205B,Dach,3,8482703,21,12:25,EDM,22,Edmonton Oilers,517
16649180,0,00:50,18:08,,,1106,Colton,2026020004,#00205B,Dach,3,8482703,22,17:18,EDM,22,Edmonton Oilers,517
16649181,0,00:43,20:00,,,1133,Colton,2026020004,#00205B,Dach,3,8482703,23,19:17,EDM,22,Edmonton Oilers,517
16649272,0,00:06,01:07,,,1157,Colton,2026020004,#00205B,Dach,4,8482703,24,01:01,EDM,22,Edmonton Oilers,517
16647798,0,01:09,03:34,,,133,Arshdeep,2026020004,#00843D,Bains,1,8483395,1,02:25,VAN,23,Vancouver Canucks,517
16647799,0,00:25,05:53,,,179,Arshdeep,2026020004,#00843D,Bains,1,8483395,2,05:28,VAN,23,Vancouver Canucks,517
16647998,0,00:09,08:35,,,227,Arshdeep,2026020004,#00843D,Bains,1,8483395,3,08:26,VAN,23,Vancouver Canucks,517
16647999,0,00:30,09:51,,,243,Arshdeep,2026020004,#00843D,Bains,1,8483395,4,09:21,VAN,23,Vancouver Canucks,517
16648000,0,01:15,14:44,,,355,Arshdeep,2026020004,#00843D,Bains,1,8483395,5,13:29,VAN,23,Vancouver Canucks,517
16648109,0,00:25,16:51,,,398,Arshdeep,2026020004,#00843D,Bains,1,8483395,6,16:26,VAN,23,Vancouver Canucks,517
16648110,0,00:40,18:37,,,417,Arshdeep,2026020004,#00843D,Bains,1,8483395,7,17:57,VAN,23,Vancouver Canucks,517
16648420,0,00:49,02:56,,,484,Arshdeep,2026020004,#00843D,Bains,2,8483395,8,02:07,VAN,23,Vancouver Canucks,517
16648421,0,00:23,06:59,,,594,Arshdeep,2026020004,#00843D,Bains,2,8483395,9,06:36,VAN,23,Vancouver Canucks,517
16648422,0,00:43,09:50,,,628,Arshdeep,2026020004,#00843D,Bains,2,8483395,10,09:07,VAN,23,Vancouver Canucks,517
16648612,0,00:58,13:53,,,729,Arshdeep,2026020004,#00843D,Bains,2,8483395,11,12:55,VAN,23,Vancouver Canucks,517
16648613,0,00:37,16:59,,,784,Arshdeep,2026020004,#00843D,Bains,2,8483395,12,16:22,VAN,23,Vancouver Canucks,517
16648838,0,00:37,02:38,,,860,Arshdeep,2026020004,#00843D,Bains,3,8483395,13,02:01,VAN,23,Vancouver Canucks,517
16648839,0,00:28,05:03,,,896,Arshdeep,2026020004,#00843D,Bains,3,8483395,14,04:35,VAN,23,Vancouver Canucks,517
16648840,0,00:32,05:53,,,922,Arshdeep,2026020004,#00843D,Bains,3,8483395,15,05:21,VAN,23,Vancouver Canucks,517
16649044,0,00:47,11:48,,,1018,Arshdeep,2026020004,#00843D,Bains,3,8483395,16,11:01,VAN,23,Vancouver Canucks,517
16649182,0,00:25,13:55,,,1049,Arshdeep,2026020004,#00843D,Bains,3,8483395,17,13:30,VAN,23,Vancouver Canucks,517
16647800,0,00:56,03:20,,,132,Isaac,2026020004,#00205B,Howard,1,8483455,1,02:24,EDM,22,Edmonton Oilers,517
16647801,0,00:27,05:55,,,180,Isaac,2026020004,#00205B,Howard,1,8483455,2,05:28,EDM,22,Edmonton Oilers,517
16648001,0,00:23,08:35,,,220,Isaac,2026020004,#00205B,Howard,1,8483455,3,08:12,EDM,22,Edmonton Oilers,517
16648002,0,00:36,10:27,,,249,Isaac,2026020004,#00205B,Howard,1,8483455,4,09:51,EDM,22,Edmonton Oilers,517
16648003,0,00:50,13:37,,,292,Isaac,2026020004,#00205B,Howard,1,8483455,5,12:47,EDM,22,Edmonton Oilers,517
16648004,0,00:12,16:21,,,387,Isaac,2026020004,#00205B,Howard,1,8483455,6,16:09,EDM,22,Edmonton Oilers,517
16648111,0,01:02,19:01,,,418,Isaac,2026020004,#00205B,Howard,1,8483455,7,17:59,EDM,22,Edmonton Oilers,517
16648423,0,00:49,02:56,,,485,Isaac,2026020004,#00205B,Howard,2,8483455,8,02:07,EDM,22,Edmonton Oilers,517
16648424,0,00:24,06:36,,,585,Isaac,2026020004,#00205B,Howard,2,8483455,9,06:12,EDM,22,Edmonton Oilers,517
16648425,0,01:27,10:40,,,632,Isaac,2026020004,#00205B,Howard,2,8483455,10,09:13,EDM,22,Edmonton Oilers,517
16648614,0,01:00,14:07,,,735,Isaac,2026020004,#00205B,Howard,2,8483455,11,13:07,EDM,22,Edmonton Oilers,517
16648615,0,00:29,16:47,,,781,Isaac,2026020004,#00205B,Howard,2,8483455,12,16:18,EDM,22,Edmonton Oilers,517
16648841,0,00:29,01:49,,,854,Isaac,2026020004,#00205B,Howard,3,8483455,13,01:20,EDM,22,Edmonton Oilers,517
16648842,0,00:52,04:31,,,882,Isaac,2026020004,#00205B,Howard,3,8483455,14,03:39,EDM,22,Edmonton Oilers,517
16649045,0,00:03,07:17,,,947,Isaac,2026020004,#00205B,Howard,3,8483455,15,07:14,EDM,22,Edmonton Oilers,517
16649046,0,00:35,08:26,,,959,Isaac,2026020004,#00205B,Howard,3,8483455,16,07:51,EDM,22,Edmonton Oilers,517
16649183,0,00:32,12:57,,,1029,Isaac,2026020004,#00205B,Howard,3,8483455,17,12:25,EDM,22,Edmonton Oilers,517
16647802,0,00:56,01:31,,,110,Jonathan,2026020004,#00843D,Lekkerimaki,1,8483476,1,00:35,VAN,23,Vancouver Canucks,517
16647803,0,00:43,05:00,,,155,Jonathan,2026020004,#00843D,Lekkerimaki,1,8483476,2,04:17,VAN,23,Vancouver Canucks,517
16647804,0,00:53,07:36,,,197,Jonathan,2026020004,#00843D,Lekkerimaki,1,8483476,3,06:43,VAN,23,Vancouver Canucks,517
16648005,0,00:45,12:48,,,287,Jonathan,2026020004,#00843D,Lekkerimaki,1,8483476,4,12:03,VAN,23,Vancouver Canucks,517
16648006,0,00:40,16:08,,,378,Jonathan,2026020004,#00843D,Lekkerimaki,1,8483476,5,15:28,VAN,23,Vancouver Canucks,517
16648236,0,00:58,01:37,,,460,Jonathan,2026020004,#00843D,Lekkerimaki,2,8483476,6,00:39,VAN,23,Vancouver Canucks,517
16648426,0,01:02,04:41,,,499,Jonathan,2026020004,#00843D,Lekkerimaki,2,8483476,7,03:39,VAN,23,Vancouver Canucks,517
16648427,0,00:22,07:21,,,602,Jonathan,2026020004,#00843D,Lekkerimaki,2,8483476,8,06:59,VAN,23,Vancouver Canucks,517
16648428,0,00:36,10:40,,,641,Jonathan,2026020004,#00843D,Lekkerimaki,2,8483476,9,10:04,VAN,23,Vancouver Canucks,517
16648616,0,00:23,11:33,,,706,Jonathan,2026020004,#00843D,Lekkerimaki,2,8483476,10,11:10,VAN,23,Vancouver Canucks,517
16648617,0,01:00,15:34,,,756,Jonathan,2026020004,#00843D,Lekkerimaki,2,8483476,11,14:34,VAN,23,Vancouver Canucks,517
16648618,0,00:53,19:05,,,806,Jonathan,2026020004,#00843D,Lekkerimaki,2,8483476,12,18:12,VAN,23,Vancouver Canucks,517
16649357,802,,01:10,EVG,"Jake DeBrusk, Jamie Oleksiak",845,Jonathan,2026020004,#00843D,Lekkerimaki,3,8483476,0,01:10,VAN,23,Vancouver Canucks,505
16648843,0,00:34,01:10,,,840,Jonathan,2026020004,#00843D,Lekkerimaki,3,8483476,13,00:36,VAN,23,Vancouver Canucks,517
16648844,0,00:48,03:43,,,879,Jonathan,2026020004,#00843D,Lekkerimaki,3,8483476,14,02:55,VAN,23,Vancouver Canucks,517
16648845,0,00:29,06:22,,,929,Jonathan,2026020004,#00843D,Lekkerimaki,3,8483476,15,05:53,VAN,23,Vancouver Canucks,517
16649047,0,00:59,07:52,,,941,Jonathan,2026020004,#00843D,Lekkerimaki,3,8483476,16,06:53,VAN,23,Vancouver Canucks,517
16649048,0,00:35,14:24,,,1056,Jonathan,2026020004,#00843D,Lekkerimaki,3,8483476,17,13:49,VAN,23,Vancouver Canucks,517
16649184,0,00:35,14:24,,,1056,Jonathan,2026020004,#00843D,Lekkerimaki,3,8483476,18,13:49,VAN,23,Vancouver Canucks,517
16647805,0,00:56,02:25,,,119,Liam,2026020004,#00843D,Ohgren,1,8483499,1,01:29,VAN,23,Vancouver Canucks,517
16647806,0,00:29,05:28,,,168,Liam,2026020004,#00843D,Ohgren,1,8483499,2,04:59,VAN,23,Vancouver Canucks,517
16647807,0,00:47,08:26,,,211,Liam,2026020004,#00843D,Ohgren,1,8483499,3,07:39,VAN,23,Vancouver Canucks,517
16648007,0,00:27,09:21,,,239,Liam,2026020004,#00843D,Ohgren,1,8483499,4,08:54,VAN,23,Vancouver Canucks,517
16648008,0,00:31,10:22,,,252,Liam,2026020004,#00843D,Ohgren,1,8483499,5,09:51,VAN,23,Vancouver Canucks,517
16648009,0,00:45,11:32,,,264,Liam,2026020004,#00843D,Ohgren,1,8483499,6,10:47,VAN,23,Vancouver Canucks,517
16648010,0,00:41,13:29,,,293,Liam,2026020004,#00843D,Ohgren,1,8483499,7,12:48,VAN,23,Vancouver Canucks,517
16648011,0,00:23,16:26,,,384,Liam,2026020004,#00843D,Ohgren,1,8483499,8,16:03,VAN,23,Vancouver Canucks,517
16648112,0,00:38,17:57,,,414,Liam,2026020004,#00843D,Ohgren,1,8483499,9,17:19,VAN,23,Vancouver Canucks,517
16648113,0,00:28,19:43,,,436,Liam,2026020004,#00843D,Ohgren,1,8483499,10,19:15,VAN,23,Vancouver Canucks,517
16648237,0,00:30,02:07,,,473,Liam,2026020004,#00843D,Ohgren,2,8483499,11,01:37,VAN,23,Vancouver Canucks,517
16648429,0,01:12,05:50,,,562,Liam,2026020004,#00843D,Ohgren,2,8483499,12,04:38,VAN,23,Vancouver Canucks,517
16648430,0,00:45,08:23,,,613,Liam,2026020004,#00843D,Ohgren,2,8483499,13,07:38,VAN,23,Vancouver Canucks,517
16648619,0,00:45,12:55,,,720,Liam,2026020004,#00843D,Ohgren,2,8483499,14,12:10,VAN,23,Vancouver Canucks,517
16648620,0,00:54,16:22,,,769,Liam,2026020004,#00843D,Ohgren,2,8483499,15,15:28,VAN,23,Vancouver Canucks,517
16648650,0,00:55,20:00,,,814,Liam,2026020004,#00843D,Ohgren,2,8483499,16,19:05,VAN,23,Vancouver Canucks,517
16648846,0,00:51,02:01,,,849,Liam,2026020004,#00843D,Ohgren,3,8483499,17,01:10,VAN,23,Vancouver Canucks,517
16648847,0,00:50,04:35,,,886,Liam,2026020004,#00843D,Ohgren,3,8483499,18,03:45,VAN,23,Vancouver Canucks,517
16649049,0,00:50,08:56,,,963,Liam,2026020004,#00843D,Ohgren,3,8483499,19,08:06,VAN,23,Vancouver Canucks,517
16649050,0,00:36,09:59,,,986,Liam,2026020004,#00843D,Ohgren,3,8483499,20,09:23,VAN,23,Vancouver Canucks,517
16649051,0,00:37,12:25,,,1023,Liam,2026020004,#00843D,Ohgren,3,8483499,21,11:48,VAN,23,Vancouver Canucks,517
16649185,0,00:35,13:30,,,1038,Liam,2026020004,#00843D,Ohgren,3,8483499,22,12:55,VAN,23,Vancouver Canucks,517
16649186,0,01:09,19:17,,,1117,Liam,2026020004,#00843D,Ohgren,3,8483499,23,18:08,VAN,23,Vancouver Canucks,517
16649187,0,00:02,20:00,,,1140,Liam,2026020004,#00843D,Ohgren,3,8483499,24,19:58,VAN,23,Vancouver Canucks,517
16649273,0,00:53,01:32,,,1151,Liam,2026020004,#00843D,Ohgren,4,8483499,25,00:39,VAN,23,Vancouver Canucks,517
16647808,0,00:50,02:56,,,129,Elias,2026020004,#00843D,Pettersson,1,8483678,1,02:06,VAN,23,Vancouver Canucks,517
16647809,0,00:52,05:50,,,167,Elias,2026020004,#00843D,Pettersson,1,8483678,2,04:58,VAN,23,Vancouver Canucks,517
16647810,0,00:38,08:14,,,207,Elias,2026020004,#00843D,Pettersson,1,8483678,3,07:36,VAN,23,Vancouver Canucks,517
16648012,0,00:28,09:21,,,238,Elias,2026020004,#00843D,Pettersson,1,8483678,4,08:53,VAN,23,Vancouver Canucks,517
16648013,0,00:33,10:21,,,250,Elias,2026020004,#00843D,Pettersson,1,8483678,5,09:48,VAN,23,Vancouver Canucks,517
16648014,0,00:57,13:38,,,291,Elias,2026020004,#00843D,Pettersson,1,8483678,6,12:41,VAN,23,Vancouver Canucks,517
16648114,0,00:43,16:51,,,386,Elias,2026020004,#00843D,Pettersson,1,8483678,7,16:08,VAN,23,Vancouver Canucks,517
16648115,0,00:05,18:56,,,429,Elias,2026020004,#00843D,Pettersson,1,8483678,8,18:51,VAN,23,Vancouver Canucks,517
16648431,0,00:50,02:57,,,484,Elias,2026020004,#00843D,Pettersson,2,8483678,9,02:07,VAN,23,Vancouver Canucks,517
16648432,0,00:52,05:31,,,564,Elias,2026020004,#00843D,Pettersson,2,8483678,10,04:39,VAN,23,Vancouver Canucks,517
16648433,0,00:40,08:18,,,613,Elias,2026020004,#00843D,Pettersson,2,8483678,11,07:38,VAN,23,Vancouver Canucks,517
16648434,0,00:36,10:40,,,641,Elias,2026020004,#00843D,Pettersson,2,8483678,12,10:04,VAN,23,Vancouver Canucks,517
16648621,0,00:37,12:55,,,724,Elias,2026020004,#00843D,Pettersson,2,8483678,13,12:18,VAN,23,Vancouver Canucks,517
16648622,0,00:49,16:19,,,770,Elias,2026020004,#00843D,Pettersson,2,8483678,14,15:30,VAN,23,Vancouver Canucks,517
16648651,0,00:28,20:00,,,822,Elias,2026020004,#00843D,Pettersson,2,8483678,15,19:32,VAN,23,Vancouver Canucks,517
16648848,0,01:11,02:31,,,853,Elias,2026020004,#00843D,Pettersson,3,8483678,16,01:20,VAN,23,Vancouver Canucks,517
16648849,0,01:00,04:49,,,887,Elias,2026020004,#00843D,Pettersson,3,8483678,17,03:49,VAN,23,Vancouver Canucks,517
16648850,0,00:28,05:47,,,920,Elias,2026020004,#00843D,Pettersson,3,8483678,18,05:19,VAN,23,Vancouver Canucks,517
16649052,0,00:52,08:09,,,954,Elias,2026020004,#00843D,Pettersson,3,8483678,19,07:17,VAN,23,Vancouver Canucks,517
16649053,0,00:36,09:59,,,986,Elias,2026020004,#00843D,Pettersson,3,8483678,20,09:23,VAN,23,Vancouver Canucks,517
16649054,0,00:46,11:48,,,1019,Elias,2026020004,#00843D,Pettersson,3,8483678,21,11:02,VAN,23,Vancouver Canucks,517
16649188,0,00:29,13:56,,,1047,Elias,2026020004,#00843D,Pettersson,3,8483678,22,13:27,VAN,23,Vancouver Canucks,517
16649189,0,00:41,18:08,,,1110,Elias,2026020004,#00843D,Pettersson,3,8483678,23,17:27,VAN,23,Vancouver Canucks,517
16647811,0,00:31,00:31,,,56,Max,2026020004,#00843D,Sasson,1,8484136,1,00:00,VAN,23,Vancouver Canucks,517
16647812,0,00:42,04:16,,,149,Max,2026020004,#00843D,Sasson,1,8484136,2,03:34,VAN,23,Vancouver Canucks,517
16647813,0,00:54,06:49,,,186,Max,2026020004,#00843D,Sasson,1,8484136,3,05:55,VAN,23,Vancouver Canucks,517
16648015,0,00:18,08:53,,,233,Max,2026020004,#00843D,Sasson,1,8484136,4,08:35,VAN,23,Vancouver Canucks,517
16648016,0,00:40,11:01,,,256,Max,2026020004,#00843D,Sasson,1,8484136,5,10:21,VAN,23,Vancouver Canucks,517
16648017,0,00:26,12:03,,,276,Max,2026020004,#00843D,Sasson,1,8484136,6,11:37,VAN,23,Vancouver Canucks,517
16648018,0,00:45,15:27,,,368,Max,2026020004,#00843D,Sasson,1,8484136,7,14:42,VAN,23,Vancouver Canucks,517
16648116,0,00:28,17:19,,,402,Max,2026020004,#00843D,Sasson,1,8484136,8,16:51,VAN,23,Vancouver Canucks,517
16648117,0,00:43,19:20,,,426,Max,2026020004,#00843D,Sasson,1,8484136,9,18:37,VAN,23,Vancouver Canucks,517
16648118,0,00:17,20:00,,,446,Max,2026020004,#00843D,Sasson,1,8484136,10,19:43,VAN,23,Vancouver Canucks,517
16648238,0,00:38,00:38,,,453,Max,2026020004,#00843D,Sasson,2,8484136,11,00:00,VAN,23,Vancouver Canucks,517
16648435,0,00:50,03:47,,,495,Max,2026020004,#00843D,Sasson,2,8484136,12,02:57,VAN,23,Vancouver Canucks,517
16648436,0,00:49,06:27,,,580,Max,2026020004,#00843D,Sasson,2,8484136,13,05:38,VAN,23,Vancouver Canucks,517
16648437,0,00:17,07:38,,,608,Max,2026020004,#00843D,Sasson,2,8484136,14,07:21,VAN,23,Vancouver Canucks,517
16648438,0,00:35,08:54,,,620,Max,2026020004,#00843D,Sasson,2,8484136,15,08:19,VAN,23,Vancouver Canucks,517
16648439,0,00:06,10:46,,,650,Max,2026020004,#00843D,Sasson,2,8484136,16,10:40,VAN,23,Vancouver Canucks,517
16648623,0,00:43,12:15,,,712,Max,2026020004,#00843D,Sasson,2,8484136,17,11:32,VAN,23,Vancouver Canucks,517
16648624,0,00:37,14:29,,,743,Max,2026020004,#00843D,Sasson,2,8484136,18,13:52,VAN,23,Vancouver Canucks,517
16648625,0,00:52,18:10,,,794,Max,2026020004,#00843D,Sasson,2,8484136,19,17:18,VAN,23,Vancouver Canucks,517
16649358,806,,02:55,EVG,"Drew O'Connor, Linus Karlsson",873,Max,2026020004,#00843D,Sasson,3,8484136,0,02:55,VAN,23,Vancouver Canucks,505
16648851,0,00:30,00:30,,,827,Max,2026020004,#00843D,Sasson,3,8484136,20,00:00,VAN,23,Vancouver Canucks,517
16648852,0,00:23,02:55,,,868,Max,2026020004,#00843D,Sasson,3,8484136,21,02:32,VAN,23,Vancouver Canucks,517
16648853,0,00:05,05:20,,,919,Max,2026020004,#00843D,Sasson,3,8484136,22,05:15,VAN,23,Vancouver Canucks,517
16649055,0,00:35,06:57,,,937,Max,2026020004,#00843D,Sasson,3,8484136,23,06:22,VAN,23,Vancouver Canucks,517
16649056,0,00:27,09:23,,,974,Max,2026020004,#00843D,Sasson,3,8484136,24,08:56,VAN,23,Vancouver Canucks,517
16649057,0,00:35,10:41,,,995,Max,2026020004,#00843D,Sasson,3,8484136,25,10:06,VAN,23,Vancouver Canucks,517
16649058,0,00:10,12:51,,,1034,Max,2026020004,#00843D,Sasson,3,8484136,26,12:41,VAN,23,Vancouver Canucks,517
16649190,0,00:15,13:54,,,1052,Max,2026020004,#00843D,Sasson,3,8484136,27,13:39,VAN,23,Vancouver Canucks,517
16649191,0,01:15,15:40,,,1061,Max,2026020004,#00843D,Sasson,3,8484136,28,14:25,VAN,23,Vancouver Canucks,517
16649192,0,00:44,19:17,,,1123,Max,2026020004,#00843D,Sasson,3,8484136,29,18:33,VAN,23,Vancouver Canucks,517
16649274,0,00:27,01:59,,,1161,Max,2026020004,#00843D,Sasson,4,8484136,30,01:32,VAN,23,Vancouver Canucks,517
16647814,0,00:59,01:31,,,109,Tom,2026020004,#00843D,Willander,1,8484240,1,00:32,VAN,23,Vancouver Canucks,517
16647815,0,00:37,03:34,,,142,Tom,2026020004,#00843D,Willander,1,8484240,2,02:57,VAN,23,Vancouver Canucks,517
16647816,0,00:40,04:59,,,159,Tom,2026020004,#00843D,Willander,1,8484240,3,04:19,VAN,23,Vancouver Canucks,517
16647817,0,00:37,06:53,,,194,Tom,2026020004,#00843D,Willander,1,8484240,4,06:16,VAN,23,Vancouver Canucks,517
16648019,0,00:21,08:35,,,221,Tom,2026020004,#00843D,Willander,1,8484240,5,08:14,VAN,23,Vancouver Canucks,517
16648020,0,00:04,10:39,,,260,Tom,2026020004,#00843D,Willander,1,8484240,6,10:35,VAN,23,Vancouver Canucks,517
16648021,0,00:50,11:56,,,269,Tom,2026020004,#00843D,Willander,1,8484240,7,11:06,VAN,23,Vancouver Canucks,517
16648022,0,01:04,14:42,,,360,Tom,2026020004,#00843D,Willander,1,8484240,8,13:38,VAN,23,Vancouver Canucks,517
16648023,0,00:29,16:08,,,382,Tom,2026020004,#00843D,Willander,1,8484240,9,15:39,VAN,23,Vancouver Canucks,517
16648119,0,00:42,18:42,,,421,Tom,2026020004,#00843D,Willander,1,8484240,10,18:00,VAN,23,Vancouver Canucks,517
16648120,0,00:17,20:00,,,446,Tom,2026020004,#00843D,Willander,1,8484240,11,19:43,VAN,23,Vancouver Canucks,517
16648239,0,00:45,01:37,,,462,Tom,2026020004,#00843D,Willander,2,8484240,12,00:52,VAN,23,Vancouver Canucks,517
16648440,0,00:56,03:53,,,495,Tom,2026020004,#00843D,Willander,2,8484240,13,02:57,VAN,23,Vancouver Canucks,517
16648441,0,00:50,06:21,,,577,Tom,2026020004,#00843D,Willander,2,8484240,14,05:31,VAN,23,Vancouver Canucks,517
16648442,0,00:39,07:38,,,602,Tom,2026020004,#00843D,Willander,2,8484240,15,06:59,VAN,23,Vancouver Canucks,517
16648443,0,00:42,10:04,,,633,Tom,2026020004,#00843D,Willander,2,8484240,16,09:22,VAN,23,Vancouver Canucks,517
16648626,0,00:45,12:18,,,713,Tom,2026020004,#00843D,Willander,2,8484240,17,11:33,VAN,23,Vancouver Canucks,517
16648627,0,00:46,14:34,,,740,Tom,2026020004,#00843D,Willander,2,8484240,18,13:48,VAN,23,Vancouver Canucks,517
16648628,0,01:01,17:19,,,780,Tom,2026020004,#00843D,Willander,2,8484240,19,16:18,VAN,23,Vancouver Canucks,517
16648652,0,00:52,19:29,,,810,Tom,2026020004,#00843D,Willander,2,8484240,20,18:37,VAN,23,Vancouver Canucks,517
16648854,0,00:37,01:08,,,835,Tom,2026020004,#00843D,Willander,3,8484240,21,00:31,VAN,23,Vancouver Canucks,517
16648855,0,00:54,03:49,,,879,Tom,2026020004,#00843D,Willander,3,8484240,22,02:55,VAN,23,Vancouver Canucks,517
16648856,0,00:29,06:22,,,929,Tom,2026020004,#00843D,Willander,3,8484240,23,05:53,VAN,23,Vancouver Canucks,517
16649059,0,00:04,07:17,,,948,Tom,2026020004,#00843D,Willander,3,8484240,24,07:13,VAN,23,Vancouver Canucks,517
16649060,0,00:47,08:56,,,964,Tom,2026020004,#00843D,Willander,3,8484240,25,08:09,VAN,23,Vancouver Canucks,517
16649061,0,00:14,10:13,,,988,Tom,2026020004,#00843D,Willander,3,8484240,26,09:59,VAN,23,Vancouver Canucks,517
16649193,0,00:43,13:27,,,1035,Tom,2026020004,#00843D,Willander,3,8484240,27,12:44,VAN,23,Vancouver Canucks,517
16649194,0,00:48,15:49,,,1075,Tom,2026020004,#00843D,Willander,3,8484240,28,15:01,VAN,23,Vancouver Canucks,517
16649195,0,01:06,18:08,,,1105,Tom,2026020004,#00843D,Willander,3,8484240,29,17:02,VAN,23,Vancouver Canucks,517
16649196,0,00:43,20:00,,,1134,Tom,2026020004,#00843D,Willander,3,8484240,30,19:17,VAN,23,Vancouver Canucks,517
16649275,0,00:19,01:59,,,1163,Tom,2026020004,#00843D,Willander,4,8484240,31,01:40,VAN,23,Vancouver Canucks,517
16647818,0,00:32,00:32,,,56,Zeev,2026020004,#00843D,Buium,1,8484798,1,00:00,VAN,23,Vancouver Canucks,517
16647819,0,00:44,02:10,,,117,Zeev,2026020004,#00843D,Buium,1,8484798,2,01:26,VAN,23,Vancouver Canucks,517
16647820,0,00:45,04:19,,,149,Zeev,2026020004,#00843D,Buium,1,8484798,3,03:34,VAN,23,Vancouver Canucks,517
16647821,0,00:26,06:16,,,182,Zeev,2026020004,#00843D,Buium,1,8484798,4,05:50,VAN,23,Vancouver Canucks,517
16647822,0,00:48,07:40,,,202,Zeev,2026020004,#00843D,Buium,1,8484798,5,06:52,VAN,23,Vancouver Canucks,517
16648024,0,00:52,11:56,,,268,Zeev,2026020004,#00843D,Buium,1,8484798,6,11:04,VAN,23,Vancouver Canucks,517
16648025,0,01:05,13:08,,,287,Zeev,2026020004,#00843D,Buium,1,8484798,7,12:03,VAN,23,Vancouver Canucks,517
16648026,0,00:56,15:39,,,369,Zeev,2026020004,#00843D,Buium,1,8484798,8,14:43,VAN,23,Vancouver Canucks,517
16648121,0,00:17,20:00,,,446,Zeev,2026020004,#00843D,Buium,1,8484798,9,19:43,VAN,23,Vancouver Canucks,517
16648240,0,00:52,00:52,,,453,Zeev,2026020004,#00843D,Buium,2,8484798,10,00:00,VAN,23,Vancouver Canucks,517
16648241,0,00:30,02:07,,,473,Zeev,2026020004,#00843D,Buium,2,8484798,11,01:37,VAN,23,Vancouver Canucks,517
16648444,0,00:45,04:38,,,556,Zeev,2026020004,#00843D,Buium,2,8484798,12,03:53,VAN,23,Vancouver Canucks,517
16648445,0,00:37,06:59,,,589,Zeev,2026020004,#00843D,Buium,2,8484798,13,06:22,VAN,23,Vancouver Canucks,517
16648446,0,01:04,09:22,,,619,Zeev,2026020004,#00843D,Buium,2,8484798,14,08:18,VAN,23,Vancouver Canucks,517
16648629,0,00:54,11:34,,,650,Zeev,2026020004,#00843D,Buium,2,8484798,15,10:40,VAN,23,Vancouver Canucks,517
16648630,0,00:53,13:48,,,729,Zeev,2026020004,#00843D,Buium,2,8484798,16,12:55,VAN,23,Vancouver Canucks,517
16648631,0,00:54,15:28,,,756,Zeev,2026020004,#00843D,Buium,2,8484798,17,14:34,VAN,23,Vancouver Canucks,517
16648632,0,01:19,18:38,,,795,Zeev,2026020004,#00843D,Buium,2,8484798,18,17:19,VAN,23,Vancouver Canucks,517
16648857,0,00:31,00:31,,,827,Zeev,2026020004,#00843D,Buium,3,8484798,19,00:00,VAN,23,Vancouver Canucks,517
16648858,0,00:13,01:20,,,843,Zeev,2026020004,#00843D,Buium,3,8484798,20,01:07,VAN,23,Vancouver Canucks,517
16648859,0,00:24,02:55,,,867,Zeev,2026020004,#00843D,Buium,3,8484798,21,02:31,VAN,23,Vancouver Canucks,517
16648860,0,00:14,05:03,,,903,Zeev,2026020004,#00843D,Buium,3,8484798,22,04:49,VAN,23,Vancouver Canucks,517
16648861,0,00:06,05:21,,,919,Zeev,2026020004,#00843D,Buium,3,8484798,23,05:15,VAN,23,Vancouver Canucks,517
16649062,0,00:51,07:13,,,937,Zeev,2026020004,#00843D,Buium,3,8484798,24,06:22,VAN,23,Vancouver Canucks,517
16649063,0,00:27,09:23,,,974,Zeev,2026020004,#00843D,Buium,3,8484798,25,08:56,VAN,23,Vancouver Canucks,517
16649064,0,00:28,10:41,,,1004,Zeev,2026020004,#00843D,Buium,3,8484798,26,10:13,VAN,23,Vancouver Canucks,517
16649197,0,00:56,13:28,,,1031,Zeev,2026020004,#00843D,Buium,3,8484798,27,12:32,VAN,23,Vancouver Canucks,517
16649198,0,01:06,15:01,,,1058,Zeev,2026020004,#00843D,Buium,3,8484798,28,13:55,VAN,23,Vancouver Canucks,517
16649199,0,01:47,17:27,,,1080,Zeev,2026020004,#00843D,Buium,3,8484798,29,15:40,VAN,23,Vancouver Canucks,517
16649200,0,00:43,20:00,,,1134,Zeev,2026020004,#00843D,Buium,3,8484798,30,19:17,VAN,23,Vancouver Canucks,517
16649276,0,00:47,01:40,,,1153,Zeev,2026020004,#00843D,Buium,4,8484798,31,00:53,VAN,23,Vancouver Canucks,517
16647823,0,00:48,03:12,,,132,Owen,2026020004,#00205B,Michaels,1,8486161,1,02:24,EDM,22,Edmonton Oilers,517
16647824,0,00:27,05:55,,,180,Owen,2026020004,#00205B,Michaels,1,8486161,2,05:28,EDM,22,Edmonton Oilers,517
16648027,0,00:20,08:35,,,223,Owen,2026020004,#00205B,Michaels,1,8486161,3,08:15,EDM,22,Edmonton Oilers,517
16648028,0,00:40,13:29,,,296,Owen,2026020004,#00205B,Michaels,1,8486161,4,12:49,EDM,22,Edmonton Oilers,517
16648029,0,00:12,16:21,,,387,Owen,2026020004,#00205B,Michaels,1,8486161,5,16:09,EDM,22,Edmonton Oilers,517
16648447,0,00:33,02:40,,,485,Owen,2026020004,#00205B,Michaels,2,8486161,6,02:07,EDM,22,Edmonton Oilers,517
16648448,0,00:26,06:36,,,584,Owen,2026020004,#00205B,Michaels,2,8486161,7,06:10,EDM,22,Edmonton Oilers,517
16648449,0,01:31,10:40,,,629,Owen,2026020004,#00205B,Michaels,2,8486161,8,09:09,EDM,22,Edmonton Oilers,517
16648633,0,00:36,13:41,,,734,Owen,2026020004,#00205B,Michaels,2,8486161,9,13:05,EDM,22,Edmonton Oilers,517
16648634,0,00:24,16:47,,,783,Owen,2026020004,#00205B,Michaels,2,8486161,10,16:23,EDM,22,Edmonton Oilers,517
16648862,0,00:30,01:50,,,854,Owen,2026020004,#00205B,Michaels,3,8486161,11,01:20,EDM,22,Edmonton Oilers,517
16648863,0,00:40,04:21,,,885,Owen,2026020004,#00205B,Michaels,3,8486161,12,03:41,EDM,22,Edmonton Oilers,517
16649065,0,00:08,07:17,,,945,Owen,2026020004,#00205B,Michaels,3,8486161,13,07:09,EDM,22,Edmonton Oilers,517
16649066,0,00:28,08:26,,,961,Owen,2026020004,#00205B,Michaels,3,8486161,14,07:58,EDM,22,Edmonton Oilers,517
16649201,0,00:26,13:42,,,1045,Owen,2026020004,#00205B,Michaels,3,8486161,15,13:16,EDM,22,Edmonton Oilers,517
16649202,0,00:13,16:34,,,1094,Owen,2026020004,#00205B,Michaels,3,8486161,16,16:21,EDM,22,Edmonton Oilers,517
16648122,0,00:40,01:42,,,69,Ian,2026020005,#111111,Cole,1,8474013,1,01:02,CHI,16,Chicago Blackhawks,517
16648123,0,00:57,03:16,,,83,Ian,2026020005,#111111,Cole,1,8474013,2,02:19,CHI,16,Chicago Blackhawks,517
16648124,0,00:30,06:04,,,130,Ian,2026020005,#111111,Cole,1,8474013,3,05:34,CHI,16,Chicago Blackhawks,517
16648242,0,00:38,08:10,,,144,Ian,2026020005,#111111,Cole,1,8474013,4,07:32,CHI,16,Chicago Blackhawks,517
16648243,0,00:46,10:15,,,162,Ian,2026020005,#111111,Cole,1,8474013,5,09:29,CHI,16,Chicago Blackhawks,517
16648450,0,00:55,13:58,,,198,Ian,2026020005,#111111,Cole,1,8474013,6,13:03,CHI,16,Chicago Blackhawks,517
16648451,0,00:16,15:22,,,421,Ian,2026020005,#111111,Cole,1,8474013,7,15:06,CHI,16,Chicago Blackhawks,517
16648452,0,00:47,18:30,,,502,Ian,2026020005,#111111,Cole,1,8474013,8,17:43,CHI,16,Chicago Blackhawks,517
16648653,0,01:08,02:19,,,538,Ian,2026020005,#111111,Cole,2,8474013,9,01:11,CHI,16,Chicago Blackhawks,517
16648654,0,01:21,05:16,,,568,Ian,2026020005,#111111,Cole,2,8474013,10,03:55,CHI,16,Chicago Blackhawks,517
16648864,0,00:42,09:56,,,708,Ian,2026020005,#111111,Cole,2,8474013,11,09:14,CHI,16,Chicago Blackhawks,517
16648865,0,00:12,12:23,,,733,Ian,2026020005,#111111,Cole,2,8474013,12,12:11,CHI,16,Chicago Blackhawks,517
16648866,0,00:28,15:40,,,859,Ian,2026020005,#111111,Cole,2,8474013,13,15:12,CHI,16,Chicago Blackhawks,517
16648867,0,01:43,17:56,,,871,Ian,2026020005,#111111,Cole,2,8474013,14,16:13,CHI,16,Chicago Blackhawks,517
16649203,0,00:21,01:48,,,923,Ian,2026020005,#111111,Cole,3,8474013,15,01:27,CHI,16,Chicago Blackhawks,517
16649204,0,00:14,04:02,,,955,Ian,2026020005,#111111,Cole,3,8474013,16,03:48,CHI,16,Chicago Blackhawks,517
16649277,0,01:02,07:59,,,990,Ian,2026020005,#111111,Cole,3,8474013,17,06:57,CHI,16,Chicago Blackhawks,517
16648125,0,00:54,04:10,,,95,Patrick,2026020005,#111111,Kane,1,8474141,1,03:16,CHI,16,Chicago Blackhawks,517
16648244,0,00:50,06:55,,,134,Patrick,2026020005,#111111,Kane,1,8474141,2,06:05,CHI,16,Chicago Blackhawks,517
16648245,0,00:15,08:52,,,153,Patrick,2026020005,#111111,Kane,1,8474141,3,08:37,CHI,16,Chicago Blackhawks,517
16648246,0,00:46,11:16,,,176,Patrick,2026020005,#111111,Kane,1,8474141,4,10:30,CHI,16,Chicago Blackhawks,517
16648453,0,00:31,14:32,,,406,Patrick,2026020005,#111111,Kane,1,8474141,5,14:01,CHI,16,Chicago Blackhawks,517
16648454,0,01:05,17:11,,,434,Patrick,2026020005,#111111,Kane,1,8474141,6,16:06,CHI,16,Chicago Blackhawks,517
16648455,0,00:53,20:00,,,516,Patrick,2026020005,#111111,Kane,1,8474141,7,19:07,CHI,16,Chicago Blackhawks,517
16648655,0,00:39,01:09,,,533,Patrick,2026020005,#111111,Kane,2,8474141,8,00:30,CHI,16,Chicago Blackhawks,517
16648656,0,00:34,03:27,,,551,Patrick,2026020005,#111111,Kane,2,8474141,9,02:53,CHI,16,Chicago Blackhawks,517
16648657,0,01:09,05:40,,,570,Patrick,2026020005,#111111,Kane,2,8474141,10,04:31,CHI,16,Chicago Blackhawks,517
16648658,0,00:51,07:18,,,586,Patrick,2026020005,#111111,Kane,2,8474141,11,06:27,CHI,16,Chicago Blackhawks,517
16648868,0,01:40,11:33,,,716,Patrick,2026020005,#111111,Kane,2,8474141,12,09:53,CHI,16,Chicago Blackhawks,517
16648869,0,00:54,14:10,,,743,Patrick,2026020005,#111111,Kane,2,8474141,13,13:16,CHI,16,Chicago Blackhawks,517
16648870,0,00:28,15:40,,,859,Patrick,2026020005,#111111,Kane,2,8474141,14,15:12,CHI,16,Chicago Blackhawks,517
16649067,0,01:30,18:28,,,875,Patrick,2026020005,#111111,Kane,2,8474141,15,16:58,CHI,16,Chicago Blackhawks,517
16649456,803,,04:04,EVG,,958,Patrick,2026020005,#111111,Kane,3,8474141,0,04:04,CHI,16,Chicago Blackhawks,505
16649205,0,00:34,01:27,,,913,Patrick,2026020005,#111111,Kane,3,8474141,16,00:53,CHI,16,Chicago Blackhawks,517
16649278,0,00:59,04:43,,,954,Patrick,2026020005,#111111,Kane,3,8474141,17,03:44,CHI,16,Chicago Blackhawks,517
16649279,0,01:35,07:03,,,974,Patrick,2026020005,#111111,Kane,3,8474141,18,05:28,CHI,16,Chicago Blackhawks,517
16649280,0,01:40,10:17,,,1014,Patrick,2026020005,#111111,Kane,3,8474141,19,08:37,CHI,16,Chicago Blackhawks,517
16649359,0,01:57,13:15,,,1046,Patrick,2026020005,#111111,Kane,3,8474141,20,11:18,CHI,16,Chicago Blackhawks,517
16649360,0,00:57,15:32,,,1094,Patrick,2026020005,#111111,Kane,3,8474141,21,14:35,CHI,16,Chicago Blackhawks,517
16649361,0,00:55,18:03,,,1124,Patrick,2026020005,#111111,Kane,3,8474141,22,17:08,CHI,16,Chicago Blackhawks,517
16648126,0,01:02,01:02,,,6,Brayden,2026020005,#B9975B,McNabb,1,8475188,1,00:00,VGK,54,Vegas Golden Knights,517
16648127,0,00:44,04:34,,,100,Brayden,2026020005,#B9975B,McNabb,1,8475188,2,03:50,VGK,54,Vegas Golden Knights,517
16648247,0,00:56,07:03,,,138,Brayden,2026020005,#B9975B,McNabb,1,8475188,3,06:07,VGK,54,Vegas Golden Knights,517
16648248,0,00:27,08:52,,,309,Brayden,2026020005,#B9975B,McNabb,1,8475188,4,08:25,VGK,54,Vegas Golden Knights,517
16648249,0,00:04,09:29,,,312,Brayden,2026020005,#B9975B,McNabb,1,8475188,5,09:25,VGK,54,Vegas Golden Knights,517
16648250,0,01:12,13:18,,,317,Brayden,2026020005,#B9975B,McNabb,1,8475188,6,12:06,VGK,54,Vegas Golden Knights,517
16648456,0,00:18,15:22,,,326,Brayden,2026020005,#B9975B,McNabb,1,8475188,7,15:04,VGK,54,Vegas Golden Knights,517
16648457,0,00:40,17:02,,,331,Brayden,2026020005,#B9975B,McNabb,1,8475188,8,16:22,VGK,54,Vegas Golden Knights,517
16648458,0,00:57,20:00,,,337,Brayden,2026020005,#B9975B,McNabb,1,8475188,9,19:03,VGK,54,Vegas Golden Knights,517
16648659,0,00:30,00:30,,,341,Brayden,2026020005,#B9975B,McNabb,2,8475188,10,00:00,VGK,54,Vegas Golden Knights,517
16648660,0,00:36,02:55,,,347,Brayden,2026020005,#B9975B,McNabb,2,8475188,11,02:19,VGK,54,Vegas Golden Knights,517
16648661,0,01:03,06:32,,,458,Brayden,2026020005,#B9975B,McNabb,2,8475188,12,05:29,VGK,54,Vegas Golden Knights,517
16648871,0,01:06,09:08,,,465,Brayden,2026020005,#B9975B,McNabb,2,8475188,13,08:02,VGK,54,Vegas Golden Knights,517
16648872,0,01:00,10:56,,,473,Brayden,2026020005,#B9975B,McNabb,2,8475188,14,09:56,VGK,54,Vegas Golden Knights,517
16648873,0,00:22,12:23,,,480,Brayden,2026020005,#B9975B,McNabb,2,8475188,15,12:01,VGK,54,Vegas Golden Knights,517
16648874,0,00:48,15:12,,,490,Brayden,2026020005,#B9975B,McNabb,2,8475188,16,14:24,VGK,54,Vegas Golden Knights,517
16649068,0,00:49,18:28,,,498,Brayden,2026020005,#B9975B,McNabb,2,8475188,17,17:39,VGK,54,Vegas Golden Knights,517
16649206,0,00:57,00:57,,,903,Brayden,2026020005,#B9975B,McNabb,3,8475188,18,00:00,VGK,54,Vegas Golden Knights,517
16649281,0,00:30,05:13,,,969,Brayden,2026020005,#B9975B,McNabb,3,8475188,19,04:43,VGK,54,Vegas Golden Knights,517
16649282,0,00:50,08:24,,,997,Brayden,2026020005,#B9975B,McNabb,3,8475188,20,07:34,VGK,54,Vegas Golden Knights,517
16649362,0,01:14,11:31,,,1033,Brayden,2026020005,#B9975B,McNabb,3,8475188,21,10:17,VGK,54,Vegas Golden Knights,517
16649363,0,00:25,12:14,,,1055,Brayden,2026020005,#B9975B,McNabb,3,8475188,22,11:49,VGK,54,Vegas Golden Knights,517
16649364,0,00:27,13:42,,,1072,Brayden,2026020005,#B9975B,McNabb,3,8475188,23,13:15,VGK,54,Vegas Golden Knights,517
16649365,0,00:46,15:21,,,1093,Brayden,2026020005,#B9975B,McNabb,3,8475188,24,14:35,VGK,54,Vegas Golden Knights,517
16649463,0,01:02,18:09,,,1123,Brayden,2026020005,#B9975B,McNabb,3,8475188,25,17:07,VGK,54,Vegas Golden Knights,517
16648128,0,00:59,04:15,,,91,Nic,2026020005,#B9975B,Dowd,1,8475343,1,03:16,VGK,54,Vegas Golden Knights,517
16648129,0,00:33,06:07,,,131,Nic,2026020005,#B9975B,Dowd,1,8475343,2,05:34,VGK,54,Vegas Golden Knights,517
16648251,0,00:27,08:52,,,309,Nic,2026020005,#B9975B,Dowd,1,8475343,3,08:25,VGK,54,Vegas Golden Knights,517
16648252,0,00:46,11:16,,,315,Nic,2026020005,#B9975B,Dowd,1,8475343,4,10:30,VGK,54,Vegas Golden Knights,517
16648459,0,00:55,16:17,,,328,Nic,2026020005,#B9975B,Dowd,1,8475343,5,15:22,VGK,54,Vegas Golden Knights,517
16648460,0,00:31,19:11,,,336,Nic,2026020005,#B9975B,Dowd,1,8475343,6,18:40,VGK,54,Vegas Golden Knights,517
16648662,0,00:36,02:55,,,347,Nic,2026020005,#B9975B,Dowd,2,8475343,7,02:19,VGK,54,Vegas Golden Knights,517
16648663,0,00:46,07:18,,,461,Nic,2026020005,#B9975B,Dowd,2,8475343,8,06:32,VGK,54,Vegas Golden Knights,517
16648875,0,00:34,10:30,,,473,Nic,2026020005,#B9975B,Dowd,2,8475343,9,09:56,VGK,54,Vegas Golden Knights,517
16648876,0,01:00,13:23,,,482,Nic,2026020005,#B9975B,Dowd,2,8475343,10,12:23,VGK,54,Vegas Golden Knights,517
16648877,0,00:28,15:40,,,491,Nic,2026020005,#B9975B,Dowd,2,8475343,11,15:12,VGK,54,Vegas Golden Knights,517
16649069,0,00:26,18:28,,,500,Nic,2026020005,#B9975B,Dowd,2,8475343,12,18:02,VGK,54,Vegas Golden Knights,517
16649207,0,00:21,01:48,,,924,Nic,2026020005,#B9975B,Dowd,3,8475343,13,01:27,VGK,54,Vegas Golden Knights,517
16649283,0,00:56,04:43,,,957,Nic,2026020005,#B9975B,Dowd,3,8475343,14,03:47,VGK,54,Vegas Golden Knights,517
16649284,0,00:57,07:36,,,987,Nic,2026020005,#B9975B,Dowd,3,8475343,15,06:39,VGK,54,Vegas Golden Knights,517
16649366,0,00:40,12:12,,,1050,Nic,2026020005,#B9975B,Dowd,3,8475343,16,11:32,VGK,54,Vegas Golden Knights,517
16649367,0,00:18,13:33,,,1072,Nic,2026020005,#B9975B,Dowd,3,8475343,17,13:15,VGK,54,Vegas Golden Knights,517
16649368,0,00:51,17:07,,,1109,Nic,2026020005,#B9975B,Dowd,3,8475343,18,16:16,VGK,54,Vegas Golden Knights,517
16649464,0,00:33,20:00,,,1159,Nic,2026020005,#B9975B,Dowd,3,8475343,19,19:27,VGK,54,Vegas Golden Knights,517
16648130,0,00:38,00:38,,,6,Mark,2026020005,#B9975B,Stone,1,8475913,1,00:00,VGK,54,Vegas Golden Knights,517
16648131,0,01:19,02:21,,,67,Mark,2026020005,#B9975B,Stone,1,8475913,2,01:02,VGK,54,Vegas Golden Knights,517
16648132,0,00:45,05:34,,,116,Mark,2026020005,#B9975B,Stone,1,8475913,3,04:49,VGK,54,Vegas Golden Knights,517
16648253,0,00:44,08:11,,,303,Mark,2026020005,#B9975B,Stone,1,8475913,4,07:27,VGK,54,Vegas Golden Knights,517
16648254,0,00:51,10:20,,,313,Mark,2026020005,#B9975B,Stone,1,8475913,5,09:29,VGK,54,Vegas Golden Knights,517
16648255,0,00:53,13:46,,,318,Mark,2026020005,#B9975B,Stone,1,8475913,6,12:53,VGK,54,Vegas Golden Knights,517
16648461,0,00:34,15:06,,,325,Mark,2026020005,#B9975B,Stone,1,8475913,7,14:32,VGK,54,Vegas Golden Knights,517
16648462,0,00:44,17:46,,,332,Mark,2026020005,#B9975B,Stone,1,8475913,8,17:02,VGK,54,Vegas Golden Knights,517
16648664,0,00:30,00:30,,,341,Mark,2026020005,#B9975B,Stone,2,8475913,9,00:00,VGK,54,Vegas Golden Knights,517
16648665,0,00:22,03:27,,,349,Mark,2026020005,#B9975B,Stone,2,8475913,10,03:05,VGK,54,Vegas Golden Knights,517
16648666,0,00:47,06:52,,,460,Mark,2026020005,#B9975B,Stone,2,8475913,11,06:05,VGK,54,Vegas Golden Knights,517
16648878,0,00:43,09:56,,,468,Mark,2026020005,#B9975B,Stone,2,8475913,12,09:13,VGK,54,Vegas Golden Knights,517
16648879,0,00:11,13:29,,,484,Mark,2026020005,#B9975B,Stone,2,8475913,13,13:18,VGK,54,Vegas Golden Knights,517
16648880,0,01:05,15:12,,,488,Mark,2026020005,#B9975B,Stone,2,8475913,14,14:07,VGK,54,Vegas Golden Knights,517
16648881,0,00:23,18:02,,,498,Mark,2026020005,#B9975B,Stone,2,8475913,15,17:39,VGK,54,Vegas Golden Knights,517
16649070,0,00:55,19:23,,,751,Mark,2026020005,#B9975B,Stone,2,8475913,16,18:28,VGK,54,Vegas Golden Knights,517
16649457,801,,17:27,EN,"Jack Eichel, Ivan Barbashev",1130,Mark,2026020005,#B9975B,Stone,3,8475913,0,17:27,VGK,54,Vegas Golden Knights,505
16649208,0,00:57,00:57,,,903,Mark,2026020005,#B9975B,Stone,3,8475913,17,00:00,VGK,54,Vegas Golden Knights,517
16649209,0,01:26,03:14,,,935,Mark,2026020005,#B9975B,Stone,3,8475913,18,01:48,VGK,54,Vegas Golden Knights,517
16649285,0,00:24,05:54,,,977,Mark,2026020005,#B9975B,Stone,3,8475913,19,05:30,VGK,54,Vegas Golden Knights,517
16649286,0,00:09,08:37,,,1007,Mark,2026020005,#B9975B,Stone,3,8475913,20,08:28,VGK,54,Vegas Golden Knights,517
16649287,0,01:08,10:14,,,1021,Mark,2026020005,#B9975B,Stone,3,8475913,21,09:06,VGK,54,Vegas Golden Knights,517
16649369,0,00:24,13:15,,,1067,Mark,2026020005,#B9975B,Stone,3,8475913,22,12:51,VGK,54,Vegas Golden Knights,517
16649370,0,01:00,15:18,,,1088,Mark,2026020005,#B9975B,Stone,3,8475913,23,14:18,VGK,54,Vegas Golden Knights,517
16649371,0,00:19,17:27,,,1125,Mark,2026020005,#B9975B,Stone,3,8475913,24,17:08,VGK,54,Vegas Golden Knights,517
16648133,0,00:26,01:02,,,59,William,2026020005,#B9975B,Karlsson,1,8476448,1,00:36,VGK,54,Vegas Golden Knights,517
16648134,0,00:56,03:17,,,85,William,2026020005,#B9975B,Karlsson,1,8476448,2,02:21,VGK,54,Vegas Golden Knights,517
16648135,0,00:42,04:57,,,110,William,2026020005,#B9975B,Karlsson,1,8476448,3,04:15,VGK,54,Vegas Golden Knights,517
16648256,0,00:48,06:55,,,138,William,2026020005,#B9975B,Karlsson,1,8476448,4,06:07,VGK,54,Vegas Golden Knights,517
16648257,0,00:37,09:29,,,311,William,2026020005,#B9975B,Karlsson,1,8476448,5,08:52,VGK,54,Vegas Golden Knights,517
16648258,0,00:50,12:06,,,316,William,2026020005,#B9975B,Karlsson,1,8476448,6,11:16,VGK,54,Vegas Golden Knights,517
16648463,0,00:46,14:32,,,323,William,2026020005,#B9975B,Karlsson,1,8476448,7,13:46,VGK,54,Vegas Golden Knights,517
16648464,0,00:53,17:10,,,330,William,2026020005,#B9975B,Karlsson,1,8476448,8,16:17,VGK,54,Vegas Golden Knights,517
16648465,0,00:49,20:00,,,338,William,2026020005,#B9975B,Karlsson,1,8476448,9,19:11,VGK,54,Vegas Golden Knights,517
16648667,0,00:41,01:11,,,342,William,2026020005,#B9975B,Karlsson,2,8476448,10,00:30,VGK,54,Vegas Golden Knights,517
16648668,0,00:28,03:55,,,350,William,2026020005,#B9975B,Karlsson,2,8476448,11,03:27,VGK,54,Vegas Golden Knights,517
16648669,0,00:55,05:42,,,456,William,2026020005,#B9975B,Karlsson,2,8476448,12,04:47,VGK,54,Vegas Golden Knights,517
16648882,0,00:58,09:08,,,466,William,2026020005,#B9975B,Karlsson,2,8476448,13,08:10,VGK,54,Vegas Golden Knights,517
16648883,0,00:44,10:40,,,473,William,2026020005,#B9975B,Karlsson,2,8476448,14,09:56,VGK,54,Vegas Golden Knights,517
16648884,0,00:55,14:24,,,487,William,2026020005,#B9975B,Karlsson,2,8476448,15,13:29,VGK,54,Vegas Golden Knights,517
16648885,0,00:49,17:39,,,497,William,2026020005,#B9975B,Karlsson,2,8476448,16,16:50,VGK,54,Vegas Golden Knights,517
16649071,0,00:31,20:00,,,755,William,2026020005,#B9975B,Karlsson,2,8476448,17,19:29,VGK,54,Vegas Golden Knights,517
16649210,0,00:30,01:27,,,918,William,2026020005,#B9975B,Karlsson,3,8476448,18,00:57,VGK,54,Vegas Golden Knights,517
16649211,0,00:33,03:47,,,949,William,2026020005,#B9975B,Karlsson,3,8476448,19,03:14,VGK,54,Vegas Golden Knights,517
16649288,0,00:45,06:39,,,984,William,2026020005,#B9975B,Karlsson,3,8476448,20,05:54,VGK,54,Vegas Golden Knights,517
16649289,0,00:29,09:06,,,1012,William,2026020005,#B9975B,Karlsson,3,8476448,21,08:37,VGK,54,Vegas Golden Knights,517
16649372,0,00:25,12:14,,,1055,William,2026020005,#B9975B,Karlsson,3,8476448,22,11:49,VGK,54,Vegas Golden Knights,517
16649373,0,00:28,13:43,,,1072,William,2026020005,#B9975B,Karlsson,3,8476448,23,13:15,VGK,54,Vegas Golden Knights,517
16649374,0,00:47,16:16,,,1102,William,2026020005,#B9975B,Karlsson,3,8476448,24,15:29,VGK,54,Vegas Golden Knights,517
16649465,0,00:41,18:08,,,1135,William,2026020005,#B9975B,Karlsson,3,8476448,25,17:27,VGK,54,Vegas Golden Knights,517
16648136,0,01:20,02:22,,,67,Tomas,2026020005,#B9975B,Hertl,1,8476881,1,01:02,VGK,54,Vegas Golden Knights,517
16648137,0,00:01,05:34,,,125,Tomas,2026020005,#B9975B,Hertl,1,8476881,2,05:33,VGK,54,Vegas Golden Knights,517
16648259,0,00:42,07:37,,,301,Tomas,2026020005,#B9975B,Hertl,1,8476881,3,06:55,VGK,54,Vegas Golden Knights,517
16648260,0,01:01,10:30,,,313,Tomas,2026020005,#B9975B,Hertl,1,8476881,4,09:29,VGK,54,Vegas Golden Knights,517
16648261,0,00:59,13:05,,,317,Tomas,2026020005,#B9975B,Hertl,1,8476881,5,12:06,VGK,54,Vegas Golden Knights,517
16648466,0,00:16,15:22,,,327,Tomas,2026020005,#B9975B,Hertl,1,8476881,6,15:06,VGK,54,Vegas Golden Knights,517
16648467,0,00:54,18:40,,,334,Tomas,2026020005,#B9975B,Hertl,1,8476881,7,17:46,VGK,54,Vegas Golden Knights,517
16648670,0,01:08,02:19,,,343,Tomas,2026020005,#B9975B,Hertl,2,8476881,8,01:11,VGK,54,Vegas Golden Knights,517
16648671,0,00:52,04:47,,,453,Tomas,2026020005,#B9975B,Hertl,2,8476881,9,03:55,VGK,54,Vegas Golden Knights,517
16648886,0,00:52,08:10,,,464,Tomas,2026020005,#B9975B,Hertl,2,8476881,10,07:18,VGK,54,Vegas Golden Knights,517
16648887,0,01:10,16:50,,,492,Tomas,2026020005,#B9975B,Hertl,2,8476881,11,15:40,VGK,54,Vegas Golden Knights,517
16649212,0,01:26,03:14,,,935,Tomas,2026020005,#B9975B,Hertl,3,8476881,12,01:48,VGK,54,Vegas Golden Knights,517
16649290,0,00:47,05:30,,,969,Tomas,2026020005,#B9975B,Hertl,3,8476881,13,04:43,VGK,54,Vegas Golden Knights,517
16649291,0,00:52,08:28,,,998,Tomas,2026020005,#B9975B,Hertl,3,8476881,14,07:36,VGK,54,Vegas Golden Knights,517
16649375,0,01:15,11:32,,,1033,Tomas,2026020005,#B9975B,Hertl,3,8476881,15,10:17,VGK,54,Vegas Golden Knights,517
16649376,0,00:50,14:32,,,1078,Tomas,2026020005,#B9975B,Hertl,3,8476881,16,13:42,VGK,54,Vegas Golden Knights,517
16649466,0,01:20,19:28,,,1142,Tomas,2026020005,#B9975B,Hertl,3,8476881,17,18:08,VGK,54,Vegas Golden Knights,517
16648138,0,00:34,00:34,,,6,Shea,2026020005,#B9975B,Theodore,1,8477447,1,00:00,VGK,54,Vegas Golden Knights,517
16648139,0,01:16,02:18,,,67,Shea,2026020005,#B9975B,Theodore,1,8477447,2,01:02,VGK,54,Vegas Golden Knights,517
16648140,0,00:44,04:35,,,101,Shea,2026020005,#B9975B,Theodore,1,8477447,3,03:51,VGK,54,Vegas Golden Knights,517
16648262,0,00:56,07:03,,,138,Shea,2026020005,#B9975B,Theodore,1,8477447,4,06:07,VGK,54,Vegas Golden Knights,517
16648263,0,00:15,08:52,,,310,Shea,2026020005,#B9975B,Theodore,1,8477447,5,08:37,VGK,54,Vegas Golden Knights,517
16648264,0,01:05,10:30,,,312,Shea,2026020005,#B9975B,Theodore,1,8477447,6,09:25,VGK,54,Vegas Golden Knights,517
16648265,0,00:56,13:02,,,317,Shea,2026020005,#B9975B,Theodore,1,8477447,7,12:06,VGK,54,Vegas Golden Knights,517
16648468,0,00:18,15:22,,,326,Shea,2026020005,#B9975B,Theodore,1,8477447,8,15:04,VGK,54,Vegas Golden Knights,517
16648469,0,00:40,17:02,,,331,Shea,2026020005,#B9975B,Theodore,1,8477447,9,16:22,VGK,54,Vegas Golden Knights,517
16648470,0,00:18,20:00,,,340,Shea,2026020005,#B9975B,Theodore,1,8477447,10,19:42,VGK,54,Vegas Golden Knights,517
16648672,0,00:30,00:30,,,341,Shea,2026020005,#B9975B,Theodore,2,8477447,11,00:00,VGK,54,Vegas Golden Knights,517
16648673,0,01:08,03:27,,,347,Shea,2026020005,#B9975B,Theodore,2,8477447,12,02:19,VGK,54,Vegas Golden Knights,517
16648674,0,01:03,06:32,,,458,Shea,2026020005,#B9975B,Theodore,2,8477447,13,05:29,VGK,54,Vegas Golden Knights,517
16648888,0,01:14,09:16,,,465,Shea,2026020005,#B9975B,Theodore,2,8477447,14,08:02,VGK,54,Vegas Golden Knights,517
16648889,0,01:00,10:56,,,473,Shea,2026020005,#B9975B,Theodore,2,8477447,15,09:56,VGK,54,Vegas Golden Knights,517
16648890,0,00:22,12:23,,,480,Shea,2026020005,#B9975B,Theodore,2,8477447,16,12:01,VGK,54,Vegas Golden Knights,517
16648891,0,00:53,15:12,,,489,Shea,2026020005,#B9975B,Theodore,2,8477447,17,14:19,VGK,54,Vegas Golden Knights,517
16649072,0,00:39,18:28,,,499,Shea,2026020005,#B9975B,Theodore,2,8477447,18,17:49,VGK,54,Vegas Golden Knights,517
16649213,0,00:57,00:57,,,903,Shea,2026020005,#B9975B,Theodore,3,8477447,19,00:00,VGK,54,Vegas Golden Knights,517
16649214,0,01:24,03:12,,,935,Shea,2026020005,#B9975B,Theodore,3,8477447,20,01:48,VGK,54,Vegas Golden Knights,517
16649292,0,00:29,05:12,,,969,Shea,2026020005,#B9975B,Theodore,3,8477447,21,04:43,VGK,54,Vegas Golden Knights,517
16649293,0,00:54,08:37,,,999,Shea,2026020005,#B9975B,Theodore,3,8477447,22,07:43,VGK,54,Vegas Golden Knights,517
16649377,0,01:14,11:31,,,1033,Shea,2026020005,#B9975B,Theodore,3,8477447,23,10:17,VGK,54,Vegas Golden Knights,517
16649378,0,00:51,14:33,,,1078,Shea,2026020005,#B9975B,Theodore,3,8477447,24,13:42,VGK,54,Vegas Golden Knights,517
16649379,0,00:42,15:17,,,1093,Shea,2026020005,#B9975B,Theodore,3,8477447,25,14:35,VGK,54,Vegas Golden Knights,517
16649467,0,01:00,18:08,,,1125,Shea,2026020005,#B9975B,Theodore,3,8477447,26,17:08,VGK,54,Vegas Golden Knights,517
16648141,0,00:28,01:02,,,56,Tyler,2026020005,#111111,Bertuzzi,1,8477479,1,00:34,CHI,16,Chicago Blackhawks,517
16648142,0,00:38,05:34,,,119,Tyler,2026020005,#111111,Bertuzzi,1,8477479,2,04:56,CHI,16,Chicago Blackhawks,517
16648266,0,00:58,08:30,,,144,Tyler,2026020005,#111111,Bertuzzi,1,8477479,3,07:32,CHI,16,Chicago Blackhawks,517
16648267,0,00:50,12:06,,,182,Tyler,2026020005,#111111,Bertuzzi,1,8477479,4,11:16,CHI,16,Chicago Blackhawks,517
16648471,0,00:34,15:06,,,414,Tyler,2026020005,#111111,Bertuzzi,1,8477479,5,14:32,CHI,16,Chicago Blackhawks,517
16648472,0,01:08,18:10,,,441,Tyler,2026020005,#111111,Bertuzzi,1,8477479,6,17:02,CHI,16,Chicago Blackhawks,517
16648675,0,01:08,02:12,,,536,Tyler,2026020005,#111111,Bertuzzi,2,8477479,7,01:04,CHI,16,Chicago Blackhawks,517
16648676,0,01:00,05:34,,,572,Tyler,2026020005,#111111,Bertuzzi,2,8477479,8,04:34,CHI,16,Chicago Blackhawks,517
16648892,0,00:54,09:08,,,600,Tyler,2026020005,#111111,Bertuzzi,2,8477479,9,08:14,CHI,16,Chicago Blackhawks,517
16648893,0,00:58,10:54,,,718,Tyler,2026020005,#111111,Bertuzzi,2,8477479,10,09:56,CHI,16,Chicago Blackhawks,517
16648894,0,01:12,14:14,,,740,Tyler,2026020005,#111111,Bertuzzi,2,8477479,11,13:02,CHI,16,Chicago Blackhawks,517
16649073,0,00:52,19:20,,,890,Tyler,2026020005,#111111,Bertuzzi,2,8477479,12,18:28,CHI,16,Chicago Blackhawks,517
16649294,0,00:41,04:43,,,963,Tyler,2026020005,#111111,Bertuzzi,3,8477479,13,04:02,CHI,16,Chicago Blackhawks,517
16649295,0,01:36,10:13,,,1014,Tyler,2026020005,#111111,Bertuzzi,3,8477479,14,08:37,CHI,16,Chicago Blackhawks,517
16649380,0,01:57,13:15,,,1046,Tyler,2026020005,#111111,Bertuzzi,3,8477479,15,11:18,CHI,16,Chicago Blackhawks,517
16649381,0,00:56,15:31,,,1094,Tyler,2026020005,#111111,Bertuzzi,3,8477479,16,14:35,CHI,16,Chicago Blackhawks,517
16649382,0,01:01,18:03,,,1122,Tyler,2026020005,#111111,Bertuzzi,3,8477479,17,17:02,CHI,16,Chicago Blackhawks,517
16648143,0,00:54,00:54,,,6,Ivan,2026020005,#B9975B,Barbashev,1,8477964,1,00:00,VGK,54,Vegas Golden Knights,517
16648144,0,00:43,05:34,,,117,Ivan,2026020005,#B9975B,Barbashev,1,8477964,2,04:51,VGK,54,Vegas Golden Knights,517
16648268,0,00:50,08:25,,,304,Ivan,2026020005,#B9975B,Barbashev,1,8477964,3,07:35,VGK,54,Vegas Golden Knights,517
16648269,0,00:46,11:16,,,315,Ivan,2026020005,#B9975B,Barbashev,1,8477964,4,10:30,VGK,54,Vegas Golden Knights,517
16648270,0,00:49,13:46,,,319,Ivan,2026020005,#B9975B,Barbashev,1,8477964,5,12:57,VGK,54,Vegas Golden Knights,517
16648473,0,00:34,15:06,,,325,Ivan,2026020005,#B9975B,Barbashev,1,8477964,6,14:32,VGK,54,Vegas Golden Knights,517
16648474,0,01:14,18:24,,,333,Ivan,2026020005,#B9975B,Barbashev,1,8477964,7,17:10,VGK,54,Vegas Golden Knights,517
16648677,0,00:30,00:30,,,341,Ivan,2026020005,#B9975B,Barbashev,2,8477964,8,00:00,VGK,54,Vegas Golden Knights,517
16648678,0,00:32,03:27,,,348,Ivan,2026020005,#B9975B,Barbashev,2,8477964,9,02:55,VGK,54,Vegas Golden Knights,517
16648679,0,00:50,06:32,,,459,Ivan,2026020005,#B9975B,Barbashev,2,8477964,10,05:42,VGK,54,Vegas Golden Knights,517
16648895,0,00:48,09:56,,,467,Ivan,2026020005,#B9975B,Barbashev,2,8477964,11,09:08,VGK,54,Vegas Golden Knights,517
16648896,0,00:48,15:12,,,490,Ivan,2026020005,#B9975B,Barbashev,2,8477964,12,14:24,VGK,54,Vegas Golden Knights,517
16648897,0,00:23,18:02,,,498,Ivan,2026020005,#B9975B,Barbashev,2,8477964,13,17:39,VGK,54,Vegas Golden Knights,517
16649074,0,00:55,19:23,,,751,Ivan,2026020005,#B9975B,Barbashev,2,8477964,14,18:28,VGK,54,Vegas Golden Knights,517
16649215,0,00:57,00:57,,,903,Ivan,2026020005,#B9975B,Barbashev,3,8477964,15,00:00,VGK,54,Vegas Golden Knights,517
16649296,0,00:30,05:54,,,973,Ivan,2026020005,#B9975B,Barbashev,3,8477964,16,05:24,VGK,54,Vegas Golden Knights,517
16649297,0,01:11,10:17,,,1021,Ivan,2026020005,#B9975B,Barbashev,3,8477964,17,09:06,VGK,54,Vegas Golden Knights,517
16649383,0,00:56,15:31,,,1093,Ivan,2026020005,#B9975B,Barbashev,3,8477964,18,14:35,VGK,54,Vegas Golden Knights,517
16649384,0,00:17,17:27,,,1126,Ivan,2026020005,#B9975B,Barbashev,3,8477964,19,17:10,VGK,54,Vegas Golden Knights,517
16648145,0,00:44,04:56,,,109,Ryan,2026020005,#111111,Donato,1,8477987,1,04:12,CHI,16,Chicago Blackhawks,517
16648271,0,00:31,07:32,,,142,Ryan,2026020005,#111111,Donato,1,8477987,2,07:01,CHI,16,Chicago Blackhawks,517
16648272,0,00:47,12:55,,,189,Ryan,2026020005,#111111,Donato,1,8477987,3,12:08,CHI,16,Chicago Blackhawks,517
16648475,0,00:16,15:22,,,421,Ryan,2026020005,#111111,Donato,1,8477987,4,15:06,CHI,16,Chicago Blackhawks,517
16648680,0,00:30,00:30,,,527,Ryan,2026020005,#111111,Donato,2,8477987,5,00:00,CHI,16,Chicago Blackhawks,517
16648681,0,00:17,03:44,,,559,Ryan,2026020005,#111111,Donato,2,8477987,6,03:27,CHI,16,Chicago Blackhawks,517
16648682,0,00:57,06:31,,,577,Ryan,2026020005,#111111,Donato,2,8477987,7,05:34,CHI,16,Chicago Blackhawks,517
16648898,0,00:48,09:56,,,704,Ryan,2026020005,#111111,Donato,2,8477987,8,09:08,CHI,16,Chicago Blackhawks,517
16648899,0,01:04,12:08,,,725,Ryan,2026020005,#111111,Donato,2,8477987,9,11:04,CHI,16,Chicago Blackhawks,517
16648900,0,00:58,15:12,,,852,Ryan,2026020005,#111111,Donato,2,8477987,10,14:14,CHI,16,Chicago Blackhawks,517
16649075,0,00:40,20:00,,,896,Ryan,2026020005,#111111,Donato,2,8477987,11,19:20,CHI,16,Chicago Blackhawks,517
16649216,0,00:50,00:50,,,904,Ryan,2026020005,#111111,Donato,3,8477987,12,00:00,CHI,16,Chicago Blackhawks,517
16649298,0,00:47,05:30,,,968,Ryan,2026020005,#111111,Donato,3,8477987,13,04:43,CHI,16,Chicago Blackhawks,517
16649299,0,00:31,08:37,,,1004,Ryan,2026020005,#111111,Donato,3,8477987,14,08:06,CHI,16,Chicago Blackhawks,517
16649385,0,01:05,11:18,,,1030,Ryan,2026020005,#111111,Donato,3,8477987,15,10:13,CHI,16,Chicago Blackhawks,517
16649386,0,00:55,14:10,,,1071,Ryan,2026020005,#111111,Donato,3,8477987,16,13:15,CHI,16,Chicago Blackhawks,517
16649387,0,00:46,16:18,,,1101,Ryan,2026020005,#111111,Donato,3,8477987,17,15:32,CHI,16,Chicago Blackhawks,517
16649468,0,00:24,18:27,,,1141,Ryan,2026020005,#111111,Donato,3,8477987,18,18:03,CHI,16,Chicago Blackhawks,517
16649458,802,,10:30,PPG,"Jack Eichel, Shea Theodore",173,Victor,2026020005,#B9975B,Olofsson,1,8478109,0,10:30,VGK,54,Vegas Golden Knights,505
16648146,0,00:51,03:10,,,82,Victor,2026020005,#B9975B,Olofsson,1,8478109,1,02:19,VGK,54,Vegas Golden Knights,517
16648147,0,00:41,04:51,,,106,Victor,2026020005,#B9975B,Olofsson,1,8478109,2,04:10,VGK,54,Vegas Golden Knights,517
16648273,0,00:32,07:27,,,301,Victor,2026020005,#B9975B,Olofsson,1,8478109,3,06:55,VGK,54,Vegas Golden Knights,517
16648274,0,00:10,10:30,,,314,Victor,2026020005,#B9975B,Olofsson,1,8478109,4,10:20,VGK,54,Vegas Golden Knights,517
16648275,0,00:47,12:53,,,317,Victor,2026020005,#B9975B,Olofsson,1,8478109,5,12:06,VGK,54,Vegas Golden Knights,517
16648476,0,00:16,15:22,,,327,Victor,2026020005,#B9975B,Olofsson,1,8478109,6,15:06,VGK,54,Vegas Golden Knights,517
16648477,0,00:38,18:24,,,334,Victor,2026020005,#B9975B,Olofsson,1,8478109,7,17:46,VGK,54,Vegas Golden Knights,517
16648683,0,00:55,02:19,,,345,Victor,2026020005,#B9975B,Olofsson,2,8478109,8,01:24,VGK,54,Vegas Golden Knights,517
16648684,0,00:53,04:48,,,453,Victor,2026020005,#B9975B,Olofsson,2,8478109,9,03:55,VGK,54,Vegas Golden Knights,517
16648901,0,00:44,08:02,,,464,Victor,2026020005,#B9975B,Olofsson,2,8478109,10,07:18,VGK,54,Vegas Golden Knights,517
16648902,0,00:27,12:23,,,478,Victor,2026020005,#B9975B,Olofsson,2,8478109,11,11:56,VGK,54,Vegas Golden Knights,517
16648903,0,01:01,16:41,,,492,Victor,2026020005,#B9975B,Olofsson,2,8478109,12,15:40,VGK,54,Vegas Golden Knights,517
16649217,0,00:30,03:44,,,949,Victor,2026020005,#B9975B,Olofsson,3,8478109,13,03:14,VGK,54,Vegas Golden Knights,517
16649300,0,00:46,05:29,,,969,Victor,2026020005,#B9975B,Olofsson,3,8478109,14,04:43,VGK,54,Vegas Golden Knights,517
16649301,0,00:45,08:28,,,999,Victor,2026020005,#B9975B,Olofsson,3,8478109,15,07:43,VGK,54,Vegas Golden Knights,517
16649388,0,01:16,11:30,,,1031,Victor,2026020005,#B9975B,Olofsson,3,8478109,16,10:14,VGK,54,Vegas Golden Knights,517
16649389,0,00:34,14:18,,,1080,Victor,2026020005,#B9975B,Olofsson,3,8478109,17,13:44,VGK,54,Vegas Golden Knights,517
16649390,0,00:50,17:08,,,1111,Victor,2026020005,#B9975B,Olofsson,3,8478109,18,16:18,VGK,54,Vegas Golden Knights,517
16649469,0,01:21,19:29,,,1142,Victor,2026020005,#B9975B,Olofsson,3,8478109,19,18:08,VGK,54,Vegas Golden Knights,517
16648148,0,00:27,01:02,,,57,Andrew,2026020005,#111111,Mangiapane,1,8478233,1,00:35,CHI,16,Chicago Blackhawks,517
16648149,0,00:36,03:38,,,88,Andrew,2026020005,#111111,Mangiapane,1,8478233,2,03:02,CHI,16,Chicago Blackhawks,517
16648150,0,00:37,05:34,,,120,Andrew,2026020005,#111111,Mangiapane,1,8478233,3,04:57,CHI,16,Chicago Blackhawks,517
16648276,0,01:01,08:37,,,145,Andrew,2026020005,#111111,Mangiapane,1,8478233,4,07:36,CHI,16,Chicago Blackhawks,517
16648277,0,00:48,12:04,,,183,Andrew,2026020005,#111111,Mangiapane,1,8478233,5,11:16,CHI,16,Chicago Blackhawks,517
16648478,0,00:33,15:05,,,414,Andrew,2026020005,#111111,Mangiapane,1,8478233,6,14:32,CHI,16,Chicago Blackhawks,517
16648479,0,00:04,17:15,,,442,Andrew,2026020005,#111111,Mangiapane,1,8478233,7,17:11,CHI,16,Chicago Blackhawks,517
16648480,0,00:43,18:24,,,501,Andrew,2026020005,#111111,Mangiapane,1,8478233,8,17:41,CHI,16,Chicago Blackhawks,517
16648685,0,00:34,01:43,,,537,Andrew,2026020005,#111111,Mangiapane,2,8478233,9,01:09,CHI,16,Chicago Blackhawks,517
16648151,0,00:43,03:50,,,89,Noah,2026020005,#B9975B,Hanifin,1,8478396,1,03:07,VGK,54,Vegas Golden Knights,517
16648278,0,00:21,05:34,,,24,Noah,2026020005,#B9975B,Hanifin,1,8478396,2,05:13,VGK,54,Vegas Golden Knights,517
16648279,0,00:41,07:44,,,302,Noah,2026020005,#B9975B,Hanifin,1,8478396,3,07:03,VGK,54,Vegas Golden Knights,517
16648280,0,00:33,09:25,,,311,Noah,2026020005,#B9975B,Hanifin,1,8478396,4,08:52,VGK,54,Vegas Golden Knights,517
16648481,0,00:50,12:06,,,316,Noah,2026020005,#B9975B,Hanifin,1,8478396,5,11:16,VGK,54,Vegas Golden Knights,517
16648482,0,00:20,14:06,,,323,Noah,2026020005,#B9975B,Hanifin,1,8478396,6,13:46,VGK,54,Vegas Golden Knights,517
16648483,0,00:32,15:04,,,325,Noah,2026020005,#B9975B,Hanifin,1,8478396,7,14:32,VGK,54,Vegas Golden Knights,517
16648484,0,00:22,16:22,,,329,Noah,2026020005,#B9975B,Hanifin,1,8478396,8,16:00,VGK,54,Vegas Golden Knights,517
16648635,0,01:22,18:24,,,332,Noah,2026020005,#B9975B,Hanifin,1,8478396,9,17:02,VGK,54,Vegas Golden Knights,517
16648686,0,00:53,02:19,,,346,Noah,2026020005,#B9975B,Hanifin,2,8478396,10,01:26,VGK,54,Vegas Golden Knights,517
16648687,0,01:00,04:44,,,452,Noah,2026020005,#B9975B,Hanifin,2,8478396,11,03:44,VGK,54,Vegas Golden Knights,517
16648688,0,00:30,07:02,,,461,Noah,2026020005,#B9975B,Hanifin,2,8478396,12,06:32,VGK,54,Vegas Golden Knights,517
16648904,0,00:44,08:02,,,464,Noah,2026020005,#B9975B,Hanifin,2,8478396,13,07:18,VGK,54,Vegas Golden Knights,517
16648905,0,01:05,12:01,,,476,Noah,2026020005,#B9975B,Hanifin,2,8478396,14,10:56,VGK,54,Vegas Golden Knights,517
16648906,0,00:33,13:29,,,483,Noah,2026020005,#B9975B,Hanifin,2,8478396,15,12:56,VGK,54,Vegas Golden Knights,517
16648907,0,01:15,16:27,,,491,Noah,2026020005,#B9975B,Hanifin,2,8478396,16,15:12,VGK,54,Vegas Golden Knights,517
16649076,0,00:36,19:04,,,751,Noah,2026020005,#B9975B,Hanifin,2,8478396,17,18:28,VGK,54,Vegas Golden Knights,517
16649459,803,,04:43,EVG,"Nic Dowd, Marc Gatcomb",964,Noah,2026020005,#B9975B,Hanifin,3,8478396,0,04:43,VGK,54,Vegas Golden Knights,505
16649218,0,00:21,01:48,,,924,Noah,2026020005,#B9975B,Hanifin,3,8478396,18,01:27,VGK,54,Vegas Golden Knights,517
16649302,0,00:39,04:43,,,962,Noah,2026020005,#B9975B,Hanifin,3,8478396,19,04:04,VGK,54,Vegas Golden Knights,517
16649303,0,01:11,07:05,,,984,Noah,2026020005,#B9975B,Hanifin,3,8478396,20,05:54,VGK,54,Vegas Golden Knights,517
16649304,0,00:42,09:06,,,1005,Noah,2026020005,#B9975B,Hanifin,3,8478396,21,08:24,VGK,54,Vegas Golden Knights,517
16649391,0,00:19,11:49,,,1048,Noah,2026020005,#B9975B,Hanifin,3,8478396,22,11:30,VGK,54,Vegas Golden Knights,517
16649392,0,01:01,13:15,,,1064,Noah,2026020005,#B9975B,Hanifin,3,8478396,23,12:14,VGK,54,Vegas Golden Knights,517
16649393,0,00:02,14:35,,,1091,Noah,2026020005,#B9975B,Hanifin,3,8478396,24,14:33,VGK,54,Vegas Golden Knights,517
16649394,0,00:42,15:59,,,1095,Noah,2026020005,#B9975B,Hanifin,3,8478396,25,15:17,VGK,54,Vegas Golden Knights,517
16649395,0,00:39,17:07,,,1121,Noah,2026020005,#B9975B,Hanifin,3,8478396,26,16:28,VGK,54,Vegas Golden Knights,517
16649470,0,00:55,20:00,,,1152,Noah,2026020005,#B9975B,Hanifin,3,8478396,27,19:05,VGK,54,Vegas Golden Knights,517
16648152,0,00:03,01:02,,,65,Rasmus,2026020005,#B9975B,Andersson,1,8478397,1,00:59,VGK,54,Vegas Golden Knights,517
16648153,0,00:49,03:07,,,80,Rasmus,2026020005,#B9975B,Andersson,1,8478397,2,02:18,VGK,54,Vegas Golden Knights,517
16648154,0,00:38,05:13,,,114,Rasmus,2026020005,#B9975B,Andersson,1,8478397,3,04:35,VGK,54,Vegas Golden Knights,517
16648155,0,00:33,06:07,,,131,Rasmus,2026020005,#B9975B,Andersson,1,8478397,4,05:34,VGK,54,Vegas Golden Knights,517
16648281,0,00:41,08:25,,,307,Rasmus,2026020005,#B9975B,Andersson,1,8478397,5,07:44,VGK,54,Vegas Golden Knights,517
16648282,0,00:46,11:16,,,315,Rasmus,2026020005,#B9975B,Andersson,1,8478397,6,10:30,VGK,54,Vegas Golden Knights,517
16648283,0,00:28,13:46,,,322,Rasmus,2026020005,#B9975B,Andersson,1,8478397,7,13:18,VGK,54,Vegas Golden Knights,517
16648485,0,00:26,14:32,,,324,Rasmus,2026020005,#B9975B,Andersson,1,8478397,8,14:06,VGK,54,Vegas Golden Knights,517
16648486,0,00:38,16:00,,,328,Rasmus,2026020005,#B9975B,Andersson,1,8478397,9,15:22,VGK,54,Vegas Golden Knights,517
16648487,0,00:39,19:03,,,335,Rasmus,2026020005,#B9975B,Andersson,1,8478397,10,18:24,VGK,54,Vegas Golden Knights,517
16648689,0,00:56,01:26,,,342,Rasmus,2026020005,#B9975B,Andersson,2,8478397,11,00:30,VGK,54,Vegas Golden Knights,517
16648690,0,00:49,03:44,,,348,Rasmus,2026020005,#B9975B,Andersson,2,8478397,12,02:55,VGK,54,Vegas Golden Knights,517
16648691,0,00:45,05:29,,,455,Rasmus,2026020005,#B9975B,Andersson,2,8478397,13,04:44,VGK,54,Vegas Golden Knights,517
16648692,0,00:16,07:18,,,463,Rasmus,2026020005,#B9975B,Andersson,2,8478397,14,07:02,VGK,54,Vegas Golden Knights,517
16648908,0,00:48,09:56,,,467,Rasmus,2026020005,#B9975B,Andersson,2,8478397,15,09:08,VGK,54,Vegas Golden Knights,517
16648909,0,00:33,12:56,,,482,Rasmus,2026020005,#B9975B,Andersson,2,8478397,16,12:23,VGK,54,Vegas Golden Knights,517
16648910,0,00:50,14:19,,,487,Rasmus,2026020005,#B9975B,Andersson,2,8478397,17,13:29,VGK,54,Vegas Golden Knights,517
16648911,0,01:12,17:39,,,494,Rasmus,2026020005,#B9975B,Andersson,2,8478397,18,16:27,VGK,54,Vegas Golden Knights,517
16649077,0,00:56,20:00,,,752,Rasmus,2026020005,#B9975B,Andersson,2,8478397,19,19:04,VGK,54,Vegas Golden Knights,517
16649219,0,00:30,01:27,,,918,Rasmus,2026020005,#B9975B,Andersson,3,8478397,20,00:57,VGK,54,Vegas Golden Knights,517
16649220,0,00:52,04:04,,,948,Rasmus,2026020005,#B9975B,Andersson,3,8478397,21,03:12,VGK,54,Vegas Golden Knights,517
16649305,0,00:41,05:54,,,972,Rasmus,2026020005,#B9975B,Andersson,3,8478397,22,05:13,VGK,54,Vegas Golden Knights,517
16649306,0,00:29,07:34,,,993,Rasmus,2026020005,#B9975B,Andersson,3,8478397,23,07:05,VGK,54,Vegas Golden Knights,517
16649307,0,01:11,10:17,,,1021,Rasmus,2026020005,#B9975B,Andersson,3,8478397,24,09:06,VGK,54,Vegas Golden Knights,517
16649396,0,00:52,14:35,,,1079,Rasmus,2026020005,#B9975B,Andersson,3,8478397,25,13:43,VGK,54,Vegas Golden Knights,517
16649397,0,00:29,16:28,,,1107,Rasmus,2026020005,#B9975B,Andersson,3,8478397,26,15:59,VGK,54,Vegas Golden Knights,517
16649471,0,00:56,19:05,,,1143,Rasmus,2026020005,#B9975B,Andersson,3,8478397,27,18:09,VGK,54,Vegas Golden Knights,517
16648156,0,00:36,00:36,,,6,Jack,2026020005,#B9975B,Eichel,1,8478403,1,00:00,VGK,54,Vegas Golden Knights,517
16648157,0,01:22,02:24,,,67,Jack,2026020005,#B9975B,Eichel,1,8478403,2,01:02,VGK,54,Vegas Golden Knights,517
16648158,0,00:36,05:33,,,118,Jack,2026020005,#B9975B,Eichel,1,8478403,3,04:57,VGK,54,Vegas Golden Knights,517
16648284,0,00:48,08:25,,,305,Jack,2026020005,#B9975B,Eichel,1,8478403,4,07:37,VGK,54,Vegas Golden Knights,517
16648285,0,01:01,10:30,,,313,Jack,2026020005,#B9975B,Eichel,1,8478403,5,09:29,VGK,54,Vegas Golden Knights,517
16648286,0,00:41,13:46,,,321,Jack,2026020005,#B9975B,Eichel,1,8478403,6,13:05,VGK,54,Vegas Golden Knights,517
16648488,0,00:34,15:06,,,325,Jack,2026020005,#B9975B,Eichel,1,8478403,7,14:32,VGK,54,Vegas Golden Knights,517
16648489,0,00:36,17:46,,,333,Jack,2026020005,#B9975B,Eichel,1,8478403,8,17:10,VGK,54,Vegas Golden Knights,517
16649460,802,,15:12,EVG,"Ivan Barbashev, Brayden McNabb",856,Jack,2026020005,#B9975B,Eichel,2,8478403,0,15:12,VGK,54,Vegas Golden Knights,505
16648693,0,00:30,00:30,,,341,Jack,2026020005,#B9975B,Eichel,2,8478403,9,00:00,VGK,54,Vegas Golden Knights,517
16648694,0,00:32,03:27,,,348,Jack,2026020005,#B9975B,Eichel,2,8478403,10,02:55,VGK,54,Vegas Golden Knights,517
16648695,0,00:50,06:32,,,459,Jack,2026020005,#B9975B,Eichel,2,8478403,11,05:42,VGK,54,Vegas Golden Knights,517
16648912,0,00:48,09:56,,,467,Jack,2026020005,#B9975B,Eichel,2,8478403,12,09:08,VGK,54,Vegas Golden Knights,517
16648913,0,00:53,12:23,,,477,Jack,2026020005,#B9975B,Eichel,2,8478403,13,11:30,VGK,54,Vegas Golden Knights,517
16648914,0,00:06,13:29,,,485,Jack,2026020005,#B9975B,Eichel,2,8478403,14,13:23,VGK,54,Vegas Golden Knights,517
16648915,0,00:48,15:12,,,490,Jack,2026020005,#B9975B,Eichel,2,8478403,15,14:24,VGK,54,Vegas Golden Knights,517
16648916,0,00:23,18:02,,,498,Jack,2026020005,#B9975B,Eichel,2,8478403,16,17:39,VGK,54,Vegas Golden Knights,517
16649078,0,01:01,19:29,,,751,Jack,2026020005,#B9975B,Eichel,2,8478403,17,18:28,VGK,54,Vegas Golden Knights,517
16649221,0,00:57,00:57,,,903,Jack,2026020005,#B9975B,Eichel,3,8478403,18,00:00,VGK,54,Vegas Golden Knights,517
16649222,0,01:30,03:18,,,935,Jack,2026020005,#B9975B,Eichel,3,8478403,19,01:48,VGK,54,Vegas Golden Knights,517
16649308,0,00:25,05:54,,,975,Jack,2026020005,#B9975B,Eichel,3,8478403,20,05:29,VGK,54,Vegas Golden Knights,517
16649309,0,00:09,08:37,,,1006,Jack,2026020005,#B9975B,Eichel,3,8478403,21,08:28,VGK,54,Vegas Golden Knights,517
16649310,0,01:11,10:17,,,1021,Jack,2026020005,#B9975B,Eichel,3,8478403,22,09:06,VGK,54,Vegas Golden Knights,517
16649398,0,00:26,13:15,,,1066,Jack,2026020005,#B9975B,Eichel,3,8478403,23,12:49,VGK,54,Vegas Golden Knights,517
16649399,0,00:57,15:29,,,1089,Jack,2026020005,#B9975B,Eichel,3,8478403,24,14:32,VGK,54,Vegas Golden Knights,517
16649400,0,00:20,17:27,,,1123,Jack,2026020005,#B9975B,Eichel,3,8478403,25,17:07,VGK,54,Vegas Golden Knights,517
16648159,0,00:53,02:20,,,74,Jordan,2026020005,#111111,Greenway,1,8478413,1,01:27,CHI,16,Chicago Blackhawks,517
16648160,0,00:31,06:05,,,130,Jordan,2026020005,#111111,Greenway,1,8478413,2,05:34,CHI,16,Chicago Blackhawks,517
16648287,0,00:37,09:29,,,157,Jordan,2026020005,#111111,Greenway,1,8478413,3,08:52,CHI,16,Chicago Blackhawks,517
16648490,0,01:15,14:01,,,195,Jordan,2026020005,#111111,Greenway,1,8478413,4,12:46,CHI,16,Chicago Blackhawks,517
16648491,0,00:44,16:06,,,429,Jordan,2026020005,#111111,Greenway,1,8478413,5,15:22,CHI,16,Chicago Blackhawks,517
16648492,0,00:43,19:07,,,506,Jordan,2026020005,#111111,Greenway,1,8478413,6,18:24,CHI,16,Chicago Blackhawks,517
16649461,803,,12:23,EVG,"Ryan Greene, Wyatt Kaiser",735,Jordan,2026020005,#111111,Greenway,2,8478413,0,12:23,CHI,16,Chicago Blackhawks,505
16648696,0,01:10,02:53,,,541,Jordan,2026020005,#111111,Greenway,2,8478413,7,01:43,CHI,16,Chicago Blackhawks,517
16648697,0,00:47,04:31,,,563,Jordan,2026020005,#111111,Greenway,2,8478413,8,03:44,CHI,16,Chicago Blackhawks,517
16648917,0,00:40,07:58,,,594,Jordan,2026020005,#111111,Greenway,2,8478413,9,07:18,CHI,16,Chicago Blackhawks,517
16648918,0,01:04,13:16,,,734,Jordan,2026020005,#111111,Greenway,2,8478413,10,12:12,CHI,16,Chicago Blackhawks,517
16648919,0,01:18,16:58,,,864,Jordan,2026020005,#111111,Greenway,2,8478413,11,15:40,CHI,16,Chicago Blackhawks,517
16649223,0,00:50,02:17,,,923,Jordan,2026020005,#111111,Greenway,3,8478413,12,01:27,CHI,16,Chicago Blackhawks,517
16649224,0,00:27,03:15,,,942,Jordan,2026020005,#111111,Greenway,3,8478413,13,02:48,CHI,16,Chicago Blackhawks,517
16649311,0,01:03,08:06,,,992,Jordan,2026020005,#111111,Greenway,3,8478413,14,07:03,CHI,16,Chicago Blackhawks,517
16649401,0,00:25,14:35,,,1085,Jordan,2026020005,#111111,Greenway,3,8478413,15,14:10,CHI,16,Chicago Blackhawks,517
16649402,0,00:40,17:08,,,1119,Jordan,2026020005,#111111,Greenway,3,8478413,16,16:28,CHI,16,Chicago Blackhawks,517
16649472,0,01:01,19:28,,,1149,Jordan,2026020005,#111111,Greenway,3,8478413,17,18:27,CHI,16,Chicago Blackhawks,517
16648161,0,00:28,01:02,,,58,Parker,2026020005,#B9975B,Wotherspoon,1,8478450,1,00:34,VGK,54,Vegas Golden Knights,517
16648162,0,00:40,05:14,,,113,Parker,2026020005,#B9975B,Wotherspoon,1,8478450,2,04:34,VGK,54,Vegas Golden Knights,517
16648163,0,00:33,06:07,,,131,Parker,2026020005,#B9975B,Wotherspoon,1,8478450,3,05:34,VGK,54,Vegas Golden Knights,517
16648288,0,00:56,08:37,,,306,Parker,2026020005,#B9975B,Wotherspoon,1,8478450,4,07:41,VGK,54,Vegas Golden Knights,517
16648289,0,00:46,11:16,,,315,Parker,2026020005,#B9975B,Wotherspoon,1,8478450,5,10:30,VGK,54,Vegas Golden Knights,517
16648290,0,00:44,13:46,,,320,Parker,2026020005,#B9975B,Wotherspoon,1,8478450,6,13:02,VGK,54,Vegas Golden Knights,517
16648493,0,00:26,14:32,,,324,Parker,2026020005,#B9975B,Wotherspoon,1,8478450,7,14:06,VGK,54,Vegas Golden Knights,517
16648494,0,00:55,16:17,,,328,Parker,2026020005,#B9975B,Wotherspoon,1,8478450,8,15:22,VGK,54,Vegas Golden Knights,517
16648495,0,01:18,19:42,,,335,Parker,2026020005,#B9975B,Wotherspoon,1,8478450,9,18:24,VGK,54,Vegas Golden Knights,517
16648698,0,00:56,01:26,,,342,Parker,2026020005,#B9975B,Wotherspoon,2,8478450,10,00:30,VGK,54,Vegas Golden Knights,517
16648699,0,00:17,03:44,,,350,Parker,2026020005,#B9975B,Wotherspoon,2,8478450,11,03:27,VGK,54,Vegas Golden Knights,517
16648700,0,00:45,05:29,,,455,Parker,2026020005,#B9975B,Wotherspoon,2,8478450,12,04:44,VGK,54,Vegas Golden Knights,517
16648701,0,00:16,07:18,,,463,Parker,2026020005,#B9975B,Wotherspoon,2,8478450,13,07:02,VGK,54,Vegas Golden Knights,517
16648920,0,00:40,09:56,,,469,Parker,2026020005,#B9975B,Wotherspoon,2,8478450,14,09:16,VGK,54,Vegas Golden Knights,517
16648921,0,00:12,12:08,,,479,Parker,2026020005,#B9975B,Wotherspoon,2,8478450,15,11:56,VGK,54,Vegas Golden Knights,517
16648922,0,02:01,14:24,,,482,Parker,2026020005,#B9975B,Wotherspoon,2,8478450,16,12:23,VGK,54,Vegas Golden Knights,517
16648923,0,01:22,17:49,,,494,Parker,2026020005,#B9975B,Wotherspoon,2,8478450,17,16:27,VGK,54,Vegas Golden Knights,517
16649079,0,00:48,20:00,,,753,Parker,2026020005,#B9975B,Wotherspoon,2,8478450,18,19:12,VGK,54,Vegas Golden Knights,517
16649225,0,00:30,01:27,,,918,Parker,2026020005,#B9975B,Wotherspoon,3,8478450,19,00:57,VGK,54,Vegas Golden Knights,517
16649226,0,00:20,04:04,,,956,Parker,2026020005,#B9975B,Wotherspoon,3,8478450,20,03:44,VGK,54,Vegas Golden Knights,517
16649312,0,00:42,05:54,,,971,Parker,2026020005,#B9975B,Wotherspoon,3,8478450,21,05:12,VGK,54,Vegas Golden Knights,517
16649313,0,00:38,07:43,,,993,Parker,2026020005,#B9975B,Wotherspoon,3,8478450,22,07:05,VGK,54,Vegas Golden Knights,517
16649314,0,01:11,10:17,,,1021,Parker,2026020005,#B9975B,Wotherspoon,3,8478450,23,09:06,VGK,54,Vegas Golden Knights,517
16649403,0,00:25,12:14,,,1055,Parker,2026020005,#B9975B,Wotherspoon,3,8478450,24,11:49,VGK,54,Vegas Golden Knights,517
16649404,0,00:29,13:44,,,1072,Parker,2026020005,#B9975B,Wotherspoon,3,8478450,25,13:15,VGK,54,Vegas Golden Knights,517
16649405,0,00:29,16:28,,,1107,Parker,2026020005,#B9975B,Wotherspoon,3,8478450,26,15:59,VGK,54,Vegas Golden Knights,517
16649473,0,01:21,19:29,,,1142,Parker,2026020005,#B9975B,Wotherspoon,3,8478450,27,18:08,VGK,54,Vegas Golden Knights,517
16648164,0,00:41,03:51,,,90,Jeremy,2026020005,#B9975B,Lauzon,1,8478468,1,03:10,VGK,54,Vegas Golden Knights,517
16648165,0,00:20,05:34,,,123,Jeremy,2026020005,#B9975B,Lauzon,1,8478468,2,05:14,VGK,54,Vegas Golden Knights,517
16648291,0,00:38,07:41,,,302,Jeremy,2026020005,#B9975B,Lauzon,1,8478468,3,07:03,VGK,54,Vegas Golden Knights,517
16648292,0,00:33,09:25,,,311,Jeremy,2026020005,#B9975B,Lauzon,1,8478468,4,08:52,VGK,54,Vegas Golden Knights,517
16648293,0,00:50,12:06,,,316,Jeremy,2026020005,#B9975B,Lauzon,1,8478468,5,11:16,VGK,54,Vegas Golden Knights,517
16648496,0,00:20,14:06,,,323,Jeremy,2026020005,#B9975B,Lauzon,1,8478468,6,13:46,VGK,54,Vegas Golden Knights,517
16648497,0,00:32,15:04,,,325,Jeremy,2026020005,#B9975B,Lauzon,1,8478468,7,14:32,VGK,54,Vegas Golden Knights,517
16648498,0,00:05,16:22,,,330,Jeremy,2026020005,#B9975B,Lauzon,1,8478468,8,16:17,VGK,54,Vegas Golden Knights,517
16648499,0,01:22,18:24,,,332,Jeremy,2026020005,#B9975B,Lauzon,1,8478468,9,17:02,VGK,54,Vegas Golden Knights,517
16648702,0,00:53,02:19,,,346,Jeremy,2026020005,#B9975B,Lauzon,2,8478468,10,01:26,VGK,54,Vegas Golden Knights,517
16648703,0,01:00,04:44,,,452,Jeremy,2026020005,#B9975B,Lauzon,2,8478468,11,03:44,VGK,54,Vegas Golden Knights,517
16648704,0,00:30,07:02,,,461,Jeremy,2026020005,#B9975B,Lauzon,2,8478468,12,06:32,VGK,54,Vegas Golden Knights,517
16648924,0,00:44,08:02,,,464,Jeremy,2026020005,#B9975B,Lauzon,2,8478468,13,07:18,VGK,54,Vegas Golden Knights,517
16648925,0,01:05,12:01,,,476,Jeremy,2026020005,#B9975B,Lauzon,2,8478468,14,10:56,VGK,54,Vegas Golden Knights,517
16648926,0,01:15,16:27,,,491,Jeremy,2026020005,#B9975B,Lauzon,2,8478468,15,15:12,VGK,54,Vegas Golden Knights,517
16649080,0,00:44,19:12,,,751,Jeremy,2026020005,#B9975B,Lauzon,2,8478468,16,18:28,VGK,54,Vegas Golden Knights,517
16649227,0,00:21,01:48,,,924,Jeremy,2026020005,#B9975B,Lauzon,3,8478468,17,01:27,VGK,54,Vegas Golden Knights,517
16649315,0,00:39,04:43,,,962,Jeremy,2026020005,#B9975B,Lauzon,3,8478468,18,04:04,VGK,54,Vegas Golden Knights,517
16649316,0,01:11,07:05,,,984,Jeremy,2026020005,#B9975B,Lauzon,3,8478468,19,05:54,VGK,54,Vegas Golden Knights,517
16649317,0,00:29,09:06,,,1012,Jeremy,2026020005,#B9975B,Lauzon,3,8478468,20,08:37,VGK,54,Vegas Golden Knights,517
16649406,0,00:18,11:49,,,1049,Jeremy,2026020005,#B9975B,Lauzon,3,8478468,21,11:31,VGK,54,Vegas Golden Knights,517
16649407,0,01:01,13:15,,,1064,Jeremy,2026020005,#B9975B,Lauzon,3,8478468,22,12:14,VGK,54,Vegas Golden Knights,517
16649408,0,00:38,15:59,,,1097,Jeremy,2026020005,#B9975B,Lauzon,3,8478468,23,15:21,VGK,54,Vegas Golden Knights,517
16649409,0,00:40,17:08,,,1121,Jeremy,2026020005,#B9975B,Lauzon,3,8478468,24,16:28,VGK,54,Vegas Golden Knights,517
16649474,0,00:31,20:00,,,1163,Jeremy,2026020005,#B9975B,Lauzon,3,8478468,25,19:29,VGK,54,Vegas Golden Knights,517
16648166,0,01:41,02:19,,,60,Mitch,2026020005,#B9975B,Marner,1,8478483,1,00:38,VGK,54,Vegas Golden Knights,517
16648167,0,00:38,04:49,,,108,Mitch,2026020005,#B9975B,Marner,1,8478483,2,04:11,VGK,54,Vegas Golden Knights,517
16648294,0,00:48,06:55,,,138,Mitch,2026020005,#B9975B,Marner,1,8478483,3,06:07,VGK,54,Vegas Golden Knights,517
16648295,0,01:28,10:20,,,311,Mitch,2026020005,#B9975B,Marner,1,8478483,4,08:52,VGK,54,Vegas Golden Knights,517
16648296,0,00:50,12:06,,,316,Mitch,2026020005,#B9975B,Marner,1,8478483,5,11:16,VGK,54,Vegas Golden Knights,517
16648500,0,00:46,14:32,,,323,Mitch,2026020005,#B9975B,Marner,1,8478483,6,13:46,VGK,54,Vegas Golden Knights,517
16648501,0,01:02,17:02,,,329,Mitch,2026020005,#B9975B,Marner,1,8478483,7,16:00,VGK,54,Vegas Golden Knights,517
16648502,0,00:18,20:00,,,340,Mitch,2026020005,#B9975B,Marner,1,8478483,8,19:42,VGK,54,Vegas Golden Knights,517
16648705,0,00:54,01:24,,,342,Mitch,2026020005,#B9975B,Marner,2,8478483,9,00:30,VGK,54,Vegas Golden Knights,517
16648706,0,00:28,03:55,,,350,Mitch,2026020005,#B9975B,Marner,2,8478483,10,03:27,VGK,54,Vegas Golden Knights,517
16648707,0,01:17,06:05,,,457,Mitch,2026020005,#B9975B,Marner,2,8478483,11,04:48,VGK,54,Vegas Golden Knights,517
16648927,0,01:11,09:13,,,465,Mitch,2026020005,#B9975B,Marner,2,8478483,12,08:02,VGK,54,Vegas Golden Knights,517
16648928,0,01:26,11:56,,,474,Mitch,2026020005,#B9975B,Marner,2,8478483,13,10:30,VGK,54,Vegas Golden Knights,517
16648929,0,00:42,14:07,,,486,Mitch,2026020005,#B9975B,Marner,2,8478483,14,13:25,VGK,54,Vegas Golden Knights,517
16648930,0,00:58,17:39,,,496,Mitch,2026020005,#B9975B,Marner,2,8478483,15,16:41,VGK,54,Vegas Golden Knights,517
16649081,0,00:37,20:00,,,754,Mitch,2026020005,#B9975B,Marner,2,8478483,16,19:23,VGK,54,Vegas Golden Knights,517
16649228,0,00:30,01:27,,,918,Mitch,2026020005,#B9975B,Marner,3,8478483,17,00:57,VGK,54,Vegas Golden Knights,517
16649229,0,01:27,03:15,,,935,Mitch,2026020005,#B9975B,Marner,3,8478483,18,01:48,VGK,54,Vegas Golden Knights,517
16649318,0,01:17,07:11,,,984,Mitch,2026020005,#B9975B,Marner,3,8478483,19,05:54,VGK,54,Vegas Golden Knights,517
16649319,0,00:29,09:06,,,1012,Mitch,2026020005,#B9975B,Marner,3,8478483,20,08:37,VGK,54,Vegas Golden Knights,517
16649410,0,00:37,12:49,,,1063,Mitch,2026020005,#B9975B,Marner,3,8478483,21,12:12,VGK,54,Vegas Golden Knights,517
16649411,0,00:09,13:42,,,1077,Mitch,2026020005,#B9975B,Marner,3,8478483,22,13:33,VGK,54,Vegas Golden Knights,517
16649412,0,01:07,16:25,,,1096,Mitch,2026020005,#B9975B,Marner,3,8478483,23,15:18,VGK,54,Vegas Golden Knights,517
16649475,0,00:41,18:08,,,1135,Mitch,2026020005,#B9975B,Marner,3,8478483,24,17:27,VGK,54,Vegas Golden Knights,517
16648168,0,00:08,01:02,,,64,Brett,2026020005,#B9975B,Howden,1,8479353,1,00:54,VGK,54,Vegas Golden Knights,517
16648169,0,00:54,04:11,,,92,Brett,2026020005,#B9975B,Howden,1,8479353,2,03:17,VGK,54,Vegas Golden Knights,517
16648297,0,00:48,06:55,,,138,Brett,2026020005,#B9975B,Howden,1,8479353,3,06:07,VGK,54,Vegas Golden Knights,517
16648298,0,00:37,09:29,,,311,Brett,2026020005,#B9975B,Howden,1,8479353,4,08:52,VGK,54,Vegas Golden Knights,517
16648299,0,00:50,12:06,,,316,Brett,2026020005,#B9975B,Howden,1,8479353,5,11:16,VGK,54,Vegas Golden Knights,517
16648503,0,00:46,14:32,,,323,Brett,2026020005,#B9975B,Howden,1,8479353,6,13:46,VGK,54,Vegas Golden Knights,517
16648504,0,00:53,17:10,,,330,Brett,2026020005,#B9975B,Howden,1,8479353,7,16:17,VGK,54,Vegas Golden Knights,517
16648505,0,00:31,20:00,,,339,Brett,2026020005,#B9975B,Howden,1,8479353,8,19:29,VGK,54,Vegas Golden Knights,517
16648708,0,00:50,01:20,,,342,Brett,2026020005,#B9975B,Howden,2,8479353,9,00:30,VGK,54,Vegas Golden Knights,517
16648709,0,00:28,03:55,,,350,Brett,2026020005,#B9975B,Howden,2,8479353,10,03:27,VGK,54,Vegas Golden Knights,517
16648710,0,01:05,05:42,,,454,Brett,2026020005,#B9975B,Howden,2,8479353,11,04:37,VGK,54,Vegas Golden Knights,517
16648931,0,00:58,09:08,,,466,Brett,2026020005,#B9975B,Howden,2,8479353,12,08:10,VGK,54,Vegas Golden Knights,517
16648932,0,00:50,11:30,,,475,Brett,2026020005,#B9975B,Howden,2,8479353,13,10:40,VGK,54,Vegas Golden Knights,517
16648933,0,00:55,14:24,,,487,Brett,2026020005,#B9975B,Howden,2,8479353,14,13:29,VGK,54,Vegas Golden Knights,517
16648934,0,01:07,17:39,,,495,Brett,2026020005,#B9975B,Howden,2,8479353,15,16:32,VGK,54,Vegas Golden Knights,517
16649082,0,00:37,20:00,,,754,Brett,2026020005,#B9975B,Howden,2,8479353,16,19:23,VGK,54,Vegas Golden Knights,517
16649230,0,00:30,01:27,,,918,Brett,2026020005,#B9975B,Howden,3,8479353,17,00:57,VGK,54,Vegas Golden Knights,517
16649320,0,00:39,04:43,,,962,Brett,2026020005,#B9975B,Howden,3,8479353,18,04:04,VGK,54,Vegas Golden Knights,517
16649321,0,01:05,06:59,,,984,Brett,2026020005,#B9975B,Howden,3,8479353,19,05:54,VGK,54,Vegas Golden Knights,517
16649322,0,00:29,09:06,,,1012,Brett,2026020005,#B9975B,Howden,3,8479353,20,08:37,VGK,54,Vegas Golden Knights,517
16649413,0,00:37,12:51,,,1064,Brett,2026020005,#B9975B,Howden,3,8479353,21,12:14,VGK,54,Vegas Golden Knights,517
16649414,0,00:47,16:18,,,1103,Brett,2026020005,#B9975B,Howden,3,8479353,22,15:31,VGK,54,Vegas Golden Knights,517
16649476,0,00:52,18:19,,,1135,Brett,2026020005,#B9975B,Howden,3,8479353,23,17:27,VGK,54,Vegas Golden Knights,517
16648170,0,00:59,00:59,,,6,Carter,2026020005,#B9975B,Hart,1,8479394,1,00:00,VGK,54,Vegas Golden Knights,517
16648171,0,18:58,20:00,,,67,Carter,2026020005,#B9975B,Hart,1,8479394,2,01:02,VGK,54,Vegas Golden Knights,517
16648711,0,20:00,20:00,,,341,Carter,2026020005,#B9975B,Hart,2,8479394,3,00:00,VGK,54,Vegas Golden Knights,517
16649231,0,20:00,20:00,,,903,Carter,2026020005,#B9975B,Hart,3,8479394,4,00:00,VGK,54,Vegas Golden Knights,517
16648172,0,20:00,20:00,,,7,Spencer,2026020005,#111111,Knight,1,8481519,1,00:00,CHI,16,Chicago Blackhawks,517
16648712,0,20:00,20:00,,,527,Spencer,2026020005,#111111,Knight,2,8481519,2,00:00,CHI,16,Chicago Blackhawks,517
16649232,0,17:14,17:14,,,904,Spencer,2026020005,#111111,Knight,3,8481519,3,00:00,CHI,16,Chicago Blackhawks,517
16649415,0,02:33,20:00,,,1133,Spencer,2026020005,#111111,Knight,3,8481519,4,17:27,CHI,16,Chicago Blackhawks,517
16648173,0,00:37,00:37,,,7,Bowen,2026020005,#111111,Byram,1,8481524,1,00:00,CHI,16,Chicago Blackhawks,517
16648174,0,00:55,04:12,,,96,Bowen,2026020005,#111111,Byram,1,8481524,2,03:17,CHI,16,Chicago Blackhawks,517
16648175,0,00:34,05:34,,,121,Bowen,2026020005,#111111,Byram,1,8481524,3,05:00,CHI,16,Chicago Blackhawks,517
16648300,0,00:44,06:51,,,136,Bowen,2026020005,#111111,Byram,1,8481524,4,06:07,CHI,16,Chicago Blackhawks,517
16648301,0,00:42,08:52,,,149,Bowen,2026020005,#111111,Byram,1,8481524,5,08:10,CHI,16,Chicago Blackhawks,517
16648302,0,01:25,11:55,,,176,Bowen,2026020005,#111111,Byram,1,8481524,6,10:30,CHI,16,Chicago Blackhawks,517
16648506,0,00:34,14:32,,,404,Bowen,2026020005,#111111,Byram,1,8481524,7,13:58,CHI,16,Chicago Blackhawks,517
16648507,0,00:53,16:56,,,432,Bowen,2026020005,#111111,Byram,1,8481524,8,16:03,CHI,16,Chicago Blackhawks,517
16648508,0,01:30,20:00,,,509,Bowen,2026020005,#111111,Byram,1,8481524,9,18:30,CHI,16,Chicago Blackhawks,517
16648713,0,01:06,01:36,,,533,Bowen,2026020005,#111111,Byram,2,8481524,10,00:30,CHI,16,Chicago Blackhawks,517
16648714,0,00:47,03:06,,,550,Bowen,2026020005,#111111,Byram,2,8481524,11,02:19,CHI,16,Chicago Blackhawks,517
16648715,0,00:12,03:27,,,556,Bowen,2026020005,#111111,Byram,2,8481524,12,03:15,CHI,16,Chicago Blackhawks,517
16648716,0,01:06,06:22,,,574,Bowen,2026020005,#111111,Byram,2,8481524,13,05:16,CHI,16,Chicago Blackhawks,517
16648935,0,00:45,09:16,,,702,Bowen,2026020005,#111111,Byram,2,8481524,14,08:31,CHI,16,Chicago Blackhawks,517
16648936,0,01:41,11:37,,,718,Bowen,2026020005,#111111,Byram,2,8481524,15,09:56,CHI,16,Chicago Blackhawks,517
16648937,0,02:09,15:12,,,741,Bowen,2026020005,#111111,Byram,2,8481524,16,13:03,CHI,16,Chicago Blackhawks,517
16649083,0,00:32,18:28,,,883,Bowen,2026020005,#111111,Byram,2,8481524,17,17:56,CHI,16,Chicago Blackhawks,517
16649084,0,00:43,20:00,,,894,Bowen,2026020005,#111111,Byram,2,8481524,18,19:17,CHI,16,Chicago Blackhawks,517
16649233,0,00:32,01:27,,,916,Bowen,2026020005,#111111,Byram,3,8481524,19,00:55,CHI,16,Chicago Blackhawks,517
16649234,0,00:30,03:43,,,944,Bowen,2026020005,#111111,Byram,3,8481524,20,03:13,CHI,16,Chicago Blackhawks,517
16649323,0,01:06,05:49,,,968,Bowen,2026020005,#111111,Byram,3,8481524,21,04:43,CHI,16,Chicago Blackhawks,517
16649324,0,02:18,10:17,,,1001,Bowen,2026020005,#111111,Byram,3,8481524,22,07:59,CHI,16,Chicago Blackhawks,517
16649416,0,01:57,13:15,,,1046,Bowen,2026020005,#111111,Byram,3,8481524,23,11:18,CHI,16,Chicago Blackhawks,517
16649417,0,00:58,15:33,,,1094,Bowen,2026020005,#111111,Byram,3,8481524,24,14:35,CHI,16,Chicago Blackhawks,517
16649418,0,00:52,18:03,,,1127,Bowen,2026020005,#111111,Byram,3,8481524,25,17:11,CHI,16,Chicago Blackhawks,517
16648176,0,00:25,00:25,,,7,Alex,2026020005,#111111,Vlasic,1,8481568,1,00:00,CHI,16,Chicago Blackhawks,517
16648177,0,00:39,01:41,,,69,Alex,2026020005,#111111,Vlasic,1,8481568,2,01:02,CHI,16,Chicago Blackhawks,517
16648178,0,00:55,03:15,,,84,Alex,2026020005,#111111,Vlasic,1,8481568,3,02:20,CHI,16,Chicago Blackhawks,517
16648179,0,00:38,05:34,,,119,Alex,2026020005,#111111,Vlasic,1,8481568,4,04:56,CHI,16,Chicago Blackhawks,517
16648303,0,00:44,06:51,,,136,Alex,2026020005,#111111,Vlasic,1,8481568,5,06:07,CHI,16,Chicago Blackhawks,517
16648304,0,00:24,08:52,,,150,Alex,2026020005,#111111,Vlasic,1,8481568,6,08:28,CHI,16,Chicago Blackhawks,517
16648305,0,00:46,10:15,,,162,Alex,2026020005,#111111,Vlasic,1,8481568,7,09:29,CHI,16,Chicago Blackhawks,517
16648306,0,00:38,11:54,,,183,Alex,2026020005,#111111,Vlasic,1,8481568,8,11:16,CHI,16,Chicago Blackhawks,517
16648509,0,00:33,14:32,,,405,Alex,2026020005,#111111,Vlasic,1,8481568,9,13:59,CHI,16,Chicago Blackhawks,517
16648510,0,00:52,16:57,,,433,Alex,2026020005,#111111,Vlasic,1,8481568,10,16:05,CHI,16,Chicago Blackhawks,517
16648511,0,00:44,19:30,,,512,Alex,2026020005,#111111,Vlasic,1,8481568,11,18:46,CHI,16,Chicago Blackhawks,517
16648717,0,00:41,01:11,,,533,Alex,2026020005,#111111,Vlasic,2,8481568,12,00:30,CHI,16,Chicago Blackhawks,517
16648718,0,00:56,03:15,,,550,Alex,2026020005,#111111,Vlasic,2,8481568,13,02:19,CHI,16,Chicago Blackhawks,517
16648719,0,01:30,06:24,,,573,Alex,2026020005,#111111,Vlasic,2,8481568,14,04:54,CHI,16,Chicago Blackhawks,517
16648938,0,00:46,09:14,,,701,Alex,2026020005,#111111,Vlasic,2,8481568,15,08:28,CHI,16,Chicago Blackhawks,517
16648939,0,02:10,15:12,,,740,Alex,2026020005,#111111,Vlasic,2,8481568,16,13:02,CHI,16,Chicago Blackhawks,517
16649085,0,00:34,18:28,,,882,Alex,2026020005,#111111,Vlasic,2,8481568,17,17:54,CHI,16,Chicago Blackhawks,517
16649235,0,00:31,01:27,,,917,Alex,2026020005,#111111,Vlasic,3,8481568,18,00:56,CHI,16,Chicago Blackhawks,517
16649236,0,01:26,03:14,,,931,Alex,2026020005,#111111,Vlasic,3,8481568,19,01:48,CHI,16,Chicago Blackhawks,517
16649325,0,01:05,05:48,,,968,Alex,2026020005,#111111,Vlasic,3,8481568,20,04:43,CHI,16,Chicago Blackhawks,517
16649326,0,00:36,08:37,,,1002,Alex,2026020005,#111111,Vlasic,3,8481568,21,08:01,CHI,16,Chicago Blackhawks,517
16649419,0,00:18,11:18,,,1042,Alex,2026020005,#111111,Vlasic,3,8481568,22,11:00,CHI,16,Chicago Blackhawks,517
16649420,0,00:54,15:29,,,1094,Alex,2026020005,#111111,Vlasic,3,8481568,23,14:35,CHI,16,Chicago Blackhawks,517
16649421,0,00:43,17:11,,,1119,Alex,2026020005,#111111,Vlasic,3,8481568,24,16:28,CHI,16,Chicago Blackhawks,517
16649477,0,00:33,20:00,,,1157,Alex,2026020005,#111111,Vlasic,3,8481568,25,19:27,CHI,16,Chicago Blackhawks,517
16648180,0,00:34,00:34,,,7,Cole,2026020005,#111111,Smith,1,8482062,1,00:00,CHI,16,Chicago Blackhawks,517
16648181,0,00:25,01:27,,,69,Cole,2026020005,#111111,Smith,1,8482062,2,01:02,CHI,16,Chicago Blackhawks,517
16648182,0,00:57,03:17,,,84,Cole,2026020005,#111111,Smith,1,8482062,3,02:20,CHI,16,Chicago Blackhawks,517
16648183,0,00:33,06:07,,,130,Cole,2026020005,#111111,Smith,1,8482062,4,05:34,CHI,16,Chicago Blackhawks,517
16648307,0,00:28,09:20,,,157,Cole,2026020005,#111111,Smith,1,8482062,5,08:52,CHI,16,Chicago Blackhawks,517
16648308,0,00:14,10:30,,,172,Cole,2026020005,#111111,Smith,1,8482062,6,10:16,CHI,16,Chicago Blackhawks,517
16648512,0,01:04,13:59,,,196,Cole,2026020005,#111111,Smith,1,8482062,7,12:55,CHI,16,Chicago Blackhawks,517
16648513,0,00:39,16:01,,,429,Cole,2026020005,#111111,Smith,1,8482062,8,15:22,CHI,16,Chicago Blackhawks,517
16648514,0,00:51,19:01,,,505,Cole,2026020005,#111111,Smith,1,8482062,9,18:10,CHI,16,Chicago Blackhawks,517
16648720,0,00:47,02:59,,,546,Cole,2026020005,#111111,Smith,2,8482062,10,02:12,CHI,16,Chicago Blackhawks,517
16648721,0,00:50,04:34,,,563,Cole,2026020005,#111111,Smith,2,8482062,11,03:44,CHI,16,Chicago Blackhawks,517
16648940,0,00:56,08:14,,,594,Cole,2026020005,#111111,Smith,2,8482062,12,07:18,CHI,16,Chicago Blackhawks,517
16648941,0,00:45,13:02,,,737,Cole,2026020005,#111111,Smith,2,8482062,13,12:17,CHI,16,Chicago Blackhawks,517
16648942,0,01:49,17:29,,,864,Cole,2026020005,#111111,Smith,2,8482062,14,15:40,CHI,16,Chicago Blackhawks,517
16649237,0,00:21,01:48,,,923,Cole,2026020005,#111111,Smith,3,8482062,15,01:27,CHI,16,Chicago Blackhawks,517
16649238,0,00:32,02:49,,,937,Cole,2026020005,#111111,Smith,3,8482062,16,02:17,CHI,16,Chicago Blackhawks,517
16649239,0,00:28,03:43,,,947,Cole,2026020005,#111111,Smith,3,8482062,17,03:15,CHI,16,Chicago Blackhawks,517
16649327,0,00:56,08:03,,,994,Cole,2026020005,#111111,Smith,3,8482062,18,07:07,CHI,16,Chicago Blackhawks,517
16649422,0,00:24,14:35,,,1086,Cole,2026020005,#111111,Smith,3,8482062,19,14:11,CHI,16,Chicago Blackhawks,517
16649423,0,00:44,17:02,,,1110,Cole,2026020005,#111111,Smith,3,8482062,20,16:18,CHI,16,Chicago Blackhawks,517
16649478,0,00:59,19:26,,,1149,Cole,2026020005,#111111,Smith,3,8482062,21,18:27,CHI,16,Chicago Blackhawks,517
16648184,0,00:37,01:02,,,55,Wyatt,2026020005,#111111,Kaiser,1,8482176,1,00:25,CHI,16,Chicago Blackhawks,517
16648185,0,00:37,02:19,,,77,Wyatt,2026020005,#111111,Kaiser,1,8482176,2,01:42,CHI,16,Chicago Blackhawks,517
16648186,0,00:46,04:57,,,107,Wyatt,2026020005,#111111,Kaiser,1,8482176,3,04:11,CHI,16,Chicago Blackhawks,517
16648187,0,00:03,06:07,,,133,Wyatt,2026020005,#111111,Kaiser,1,8482176,4,06:04,CHI,16,Chicago Blackhawks,517
16648309,0,00:41,07:32,,,140,Wyatt,2026020005,#111111,Kaiser,1,8482176,5,06:51,CHI,16,Chicago Blackhawks,517
16648310,0,00:37,09:29,,,157,Wyatt,2026020005,#111111,Kaiser,1,8482176,6,08:52,CHI,16,Chicago Blackhawks,517
16648311,0,00:15,10:30,,,170,Wyatt,2026020005,#111111,Kaiser,1,8482176,7,10:15,CHI,16,Chicago Blackhawks,517
16648312,0,01:08,13:03,,,186,Wyatt,2026020005,#111111,Kaiser,1,8482176,8,11:55,CHI,16,Chicago Blackhawks,517
16648515,0,00:34,15:06,,,414,Wyatt,2026020005,#111111,Kaiser,1,8482176,9,14:32,CHI,16,Chicago Blackhawks,517
16648516,0,00:41,16:03,,,429,Wyatt,2026020005,#111111,Kaiser,1,8482176,10,15:22,CHI,16,Chicago Blackhawks,517
16648517,0,00:46,17:43,,,440,Wyatt,2026020005,#111111,Kaiser,1,8482176,11,16:57,CHI,16,Chicago Blackhawks,517
16648518,0,00:30,20:00,,,520,Wyatt,2026020005,#111111,Kaiser,1,8482176,12,19:30,CHI,16,Chicago Blackhawks,517
16648722,0,00:30,00:30,,,527,Wyatt,2026020005,#111111,Kaiser,2,8482176,13,00:00,CHI,16,Chicago Blackhawks,517
16648723,0,00:28,03:55,,,559,Wyatt,2026020005,#111111,Kaiser,2,8482176,14,03:27,CHI,16,Chicago Blackhawks,517
16648943,0,02:09,08:31,,,583,Wyatt,2026020005,#111111,Kaiser,2,8482176,15,06:22,CHI,16,Chicago Blackhawks,517
16648944,0,00:55,13:03,,,731,Wyatt,2026020005,#111111,Kaiser,2,8482176,16,12:08,CHI,16,Chicago Blackhawks,517
16648945,0,00:33,16:13,,,864,Wyatt,2026020005,#111111,Kaiser,2,8482176,17,15:40,CHI,16,Chicago Blackhawks,517
16649086,0,00:51,19:19,,,890,Wyatt,2026020005,#111111,Kaiser,2,8482176,18,18:28,CHI,16,Chicago Blackhawks,517
16649240,0,00:55,00:55,,,904,Wyatt,2026020005,#111111,Kaiser,3,8482176,19,00:00,CHI,16,Chicago Blackhawks,517
16649241,0,01:00,02:48,,,931,Wyatt,2026020005,#111111,Kaiser,3,8482176,20,01:48,CHI,16,Chicago Blackhawks,517
16649242,0,01:00,04:43,,,953,Wyatt,2026020005,#111111,Kaiser,3,8482176,21,03:43,CHI,16,Chicago Blackhawks,517
16649328,0,01:09,06:57,,,979,Wyatt,2026020005,#111111,Kaiser,3,8482176,22,05:48,CHI,16,Chicago Blackhawks,517
16649329,0,00:43,11:00,,,1034,Wyatt,2026020005,#111111,Kaiser,3,8482176,23,10:17,CHI,16,Chicago Blackhawks,517
16649424,0,00:49,14:35,,,1082,Wyatt,2026020005,#111111,Kaiser,3,8482176,24,13:46,CHI,16,Chicago Blackhawks,517
16649425,0,00:57,16:28,,,1100,Wyatt,2026020005,#111111,Kaiser,3,8482176,25,15:31,CHI,16,Chicago Blackhawks,517
16649426,0,01:23,19:26,,,1141,Wyatt,2026020005,#111111,Kaiser,3,8482176,26,18:03,CHI,16,Chicago Blackhawks,517
16648188,0,00:26,01:28,,,69,Ryan,2026020005,#111111,Greene,1,8483450,1,01:02,CHI,16,Chicago Blackhawks,517
16648189,0,00:33,06:07,,,130,Ryan,2026020005,#111111,Greene,1,8483450,2,05:34,CHI,16,Chicago Blackhawks,517
16648313,0,00:37,09:29,,,157,Ryan,2026020005,#111111,Greene,1,8483450,3,08:52,CHI,16,Chicago Blackhawks,517
16648314,0,00:28,10:30,,,168,Ryan,2026020005,#111111,Greene,1,8483450,4,10:02,CHI,16,Chicago Blackhawks,517
16648519,0,00:59,13:59,,,197,Ryan,2026020005,#111111,Greene,1,8483450,5,13:00,CHI,16,Chicago Blackhawks,517
16648520,0,00:47,16:09,,,429,Ryan,2026020005,#111111,Greene,1,8483450,6,15:22,CHI,16,Chicago Blackhawks,517
16648521,0,00:45,19:11,,,508,Ryan,2026020005,#111111,Greene,1,8483450,7,18:26,CHI,16,Chicago Blackhawks,517
16648724,0,00:55,02:53,,,543,Ryan,2026020005,#111111,Greene,2,8483450,8,01:58,CHI,16,Chicago Blackhawks,517
16648725,0,00:48,04:32,,,563,Ryan,2026020005,#111111,Greene,2,8483450,9,03:44,CHI,16,Chicago Blackhawks,517
16648946,0,00:44,08:02,,,594,Ryan,2026020005,#111111,Greene,2,8483450,10,07:18,CHI,16,Chicago Blackhawks,517
16648947,0,01:05,13:15,,,732,Ryan,2026020005,#111111,Greene,2,8483450,11,12:10,CHI,16,Chicago Blackhawks,517
16648948,0,01:50,17:30,,,864,Ryan,2026020005,#111111,Greene,2,8483450,12,15:40,CHI,16,Chicago Blackhawks,517
16649243,0,00:21,01:48,,,923,Ryan,2026020005,#111111,Greene,3,8483450,13,01:27,CHI,16,Chicago Blackhawks,517
16649244,0,00:25,02:47,,,940,Ryan,2026020005,#111111,Greene,3,8483450,14,02:22,CHI,16,Chicago Blackhawks,517
16649245,0,00:30,03:44,,,945,Ryan,2026020005,#111111,Greene,3,8483450,15,03:14,CHI,16,Chicago Blackhawks,517
16649330,0,01:02,07:59,,,990,Ryan,2026020005,#111111,Greene,3,8483450,16,06:57,CHI,16,Chicago Blackhawks,517
16649427,0,00:45,14:35,,,1083,Ryan,2026020005,#111111,Greene,3,8483450,17,13:50,CHI,16,Chicago Blackhawks,517
16649428,0,00:43,17:02,,,1112,Ryan,2026020005,#111111,Greene,3,8483450,18,16:19,CHI,16,Chicago Blackhawks,517
16649479,0,01:00,19:27,,,1149,Ryan,2026020005,#111111,Greene,3,8483450,19,18:27,CHI,16,Chicago Blackhawks,517
16648190,0,00:44,00:44,,,7,Frank,2026020005,#111111,Nazar,1,8483493,1,00:00,CHI,16,Chicago Blackhawks,517
16648191,0,00:58,03:16,,,81,Frank,2026020005,#111111,Nazar,1,8483493,2,02:18,CHI,16,Chicago Blackhawks,517
16648192,0,00:48,05:04,,,111,Frank,2026020005,#111111,Nazar,1,8483493,3,04:16,CHI,16,Chicago Blackhawks,517
16648315,0,01:05,07:56,,,140,Frank,2026020005,#111111,Nazar,1,8483493,4,06:51,CHI,16,Chicago Blackhawks,517
16648316,0,00:47,10:16,,,162,Frank,2026020005,#111111,Nazar,1,8483493,5,09:29,CHI,16,Chicago Blackhawks,517
16648317,0,00:54,13:00,,,188,Frank,2026020005,#111111,Nazar,1,8483493,6,12:06,CHI,16,Chicago Blackhawks,517
16648522,0,00:16,15:22,,,421,Frank,2026020005,#111111,Nazar,1,8483493,7,15:06,CHI,16,Chicago Blackhawks,517
16648523,0,00:26,17:41,,,446,Frank,2026020005,#111111,Nazar,1,8483493,8,17:15,CHI,16,Chicago Blackhawks,517
16648726,0,00:30,00:30,,,527,Frank,2026020005,#111111,Nazar,2,8483493,9,00:00,CHI,16,Chicago Blackhawks,517
16648727,0,00:17,03:44,,,559,Frank,2026020005,#111111,Nazar,2,8483493,10,03:27,CHI,16,Chicago Blackhawks,517
16648728,0,00:46,06:26,,,578,Frank,2026020005,#111111,Nazar,2,8483493,11,05:40,CHI,16,Chicago Blackhawks,517
16648949,0,00:50,09:56,,,703,Frank,2026020005,#111111,Nazar,2,8483493,12,09:06,CHI,16,Chicago Blackhawks,517
16648950,0,01:23,12:17,,,723,Frank,2026020005,#111111,Nazar,2,8483493,13,10:54,CHI,16,Chicago Blackhawks,517
16649087,0,00:26,18:28,,,886,Frank,2026020005,#111111,Nazar,2,8483493,14,18:02,CHI,16,Chicago Blackhawks,517
16649088,0,00:24,20:00,,,899,Frank,2026020005,#111111,Nazar,2,8483493,15,19:36,CHI,16,Chicago Blackhawks,517
16649246,0,00:53,00:53,,,904,Frank,2026020005,#111111,Nazar,3,8483493,16,00:00,CHI,16,Chicago Blackhawks,517
16649247,0,00:34,02:22,,,931,Frank,2026020005,#111111,Nazar,3,8483493,17,01:48,CHI,16,Chicago Blackhawks,517
16649248,0,00:24,03:13,,,943,Frank,2026020005,#111111,Nazar,3,8483493,18,02:49,CHI,16,Chicago Blackhawks,517
16649331,0,00:49,05:32,,,968,Frank,2026020005,#111111,Nazar,3,8483493,19,04:43,CHI,16,Chicago Blackhawks,517
16649332,0,01:18,09:17,,,1001,Frank,2026020005,#111111,Nazar,3,8483493,20,07:59,CHI,16,Chicago Blackhawks,517
16649429,0,00:31,11:49,,,1046,Frank,2026020005,#111111,Nazar,3,8483493,21,11:18,CHI,16,Chicago Blackhawks,517
16649430,0,00:56,14:11,,,1071,Frank,2026020005,#111111,Nazar,3,8483493,22,13:15,CHI,16,Chicago Blackhawks,517
16649431,0,00:50,16:19,,,1099,Frank,2026020005,#111111,Nazar,3,8483493,23,15:29,CHI,16,Chicago Blackhawks,517
16649432,0,00:15,17:27,,,1128,Frank,2026020005,#111111,Nazar,3,8483493,24,17:12,CHI,16,Chicago Blackhawks,517
16649480,0,00:24,18:27,,,1141,Frank,2026020005,#111111,Nazar,3,8483493,25,18:03,CHI,16,Chicago Blackhawks,517
16649481,0,00:33,20:00,,,1158,Frank,2026020005,#111111,Nazar,3,8483493,26,19:27,CHI,16,Chicago Blackhawks,517
16648193,0,00:44,03:59,,,93,Sam,2026020005,#111111,Rinzel,1,8483506,1,03:15,CHI,16,Chicago Blackhawks,517
16648194,0,00:33,06:07,,,130,Sam,2026020005,#111111,Rinzel,1,8483506,2,05:34,CHI,16,Chicago Blackhawks,517
16648318,0,00:37,08:28,,,147,Sam,2026020005,#111111,Rinzel,1,8483506,3,07:51,CHI,16,Chicago Blackhawks,517
16648319,0,00:46,11:16,,,176,Sam,2026020005,#111111,Rinzel,1,8483506,4,10:30,CHI,16,Chicago Blackhawks,517
16648524,0,00:51,13:59,,,199,Sam,2026020005,#111111,Rinzel,1,8483506,5,13:08,CHI,16,Chicago Blackhawks,517
16648525,0,00:16,15:22,,,421,Sam,2026020005,#111111,Rinzel,1,8483506,6,15:06,CHI,16,Chicago Blackhawks,517
16648526,0,01:01,18:46,,,503,Sam,2026020005,#111111,Rinzel,1,8483506,7,17:45,CHI,16,Chicago Blackhawks,517
16648729,0,00:43,02:19,,,540,Sam,2026020005,#111111,Rinzel,2,8483506,8,01:36,CHI,16,Chicago Blackhawks,517
16648730,0,00:59,04:54,,,568,Sam,2026020005,#111111,Rinzel,2,8483506,9,03:55,CHI,16,Chicago Blackhawks,517
16648951,0,00:40,09:56,,,710,Sam,2026020005,#111111,Rinzel,2,8483506,10,09:16,CHI,16,Chicago Blackhawks,517
16648952,0,00:33,12:10,,,730,Sam,2026020005,#111111,Rinzel,2,8483506,11,11:37,CHI,16,Chicago Blackhawks,517
16648953,0,00:28,15:40,,,859,Sam,2026020005,#111111,Rinzel,2,8483506,12,15:12,CHI,16,Chicago Blackhawks,517
16648954,0,01:40,17:54,,,872,Sam,2026020005,#111111,Rinzel,2,8483506,13,16:14,CHI,16,Chicago Blackhawks,517
16649089,0,00:41,20:00,,,895,Sam,2026020005,#111111,Rinzel,2,8483506,14,19:19,CHI,16,Chicago Blackhawks,517
16649249,0,00:21,01:48,,,923,Sam,2026020005,#111111,Rinzel,3,8483506,15,01:27,CHI,16,Chicago Blackhawks,517
16649333,0,00:59,04:43,,,954,Sam,2026020005,#111111,Rinzel,3,8483506,16,03:44,CHI,16,Chicago Blackhawks,517
16649334,0,01:04,08:01,,,990,Sam,2026020005,#111111,Rinzel,3,8483506,17,06:57,CHI,16,Chicago Blackhawks,517
16649335,0,01:40,10:17,,,1014,Sam,2026020005,#111111,Rinzel,3,8483506,18,08:37,CHI,16,Chicago Blackhawks,517
16649433,0,00:31,11:49,,,1046,Sam,2026020005,#111111,Rinzel,3,8483506,19,11:18,CHI,16,Chicago Blackhawks,517
16649434,0,00:58,14:13,,,1071,Sam,2026020005,#111111,Rinzel,3,8483506,20,13:15,CHI,16,Chicago Blackhawks,517
16649435,0,01:01,16:28,,,1098,Sam,2026020005,#111111,Rinzel,3,8483506,21,15:27,CHI,16,Chicago Blackhawks,517
16649436,0,00:36,18:03,,,1133,Sam,2026020005,#111111,Rinzel,3,8483506,22,17:27,CHI,16,Chicago Blackhawks,517
16649482,0,00:34,20:00,,,1156,Sam,2026020005,#111111,Rinzel,3,8483506,23,19:26,CHI,16,Chicago Blackhawks,517
16648195,0,00:52,04:10,,,94,Marc,2026020005,#B9975B,Gatcomb,1,8483553,1,03:18,VGK,54,Vegas Golden Knights,517
16648196,0,00:33,06:07,,,131,Marc,2026020005,#B9975B,Gatcomb,1,8483553,2,05:34,VGK,54,Vegas Golden Knights,517
16648320,0,00:41,08:52,,,308,Marc,2026020005,#B9975B,Gatcomb,1,8483553,3,08:11,VGK,54,Vegas Golden Knights,517
16648321,0,00:46,11:16,,,315,Marc,2026020005,#B9975B,Gatcomb,1,8483553,4,10:30,VGK,54,Vegas Golden Knights,517
16648527,0,00:38,16:00,,,328,Marc,2026020005,#B9975B,Gatcomb,1,8483553,5,15:22,VGK,54,Vegas Golden Knights,517
16648528,0,01:18,19:42,,,335,Marc,2026020005,#B9975B,Gatcomb,1,8483553,6,18:24,VGK,54,Vegas Golden Knights,517
16648731,0,00:46,03:05,,,347,Marc,2026020005,#B9975B,Gatcomb,2,8483553,7,02:19,VGK,54,Vegas Golden Knights,517
16648732,0,00:26,07:18,,,462,Marc,2026020005,#B9975B,Gatcomb,2,8483553,8,06:52,VGK,54,Vegas Golden Knights,517
16648955,0,00:55,13:18,,,482,Marc,2026020005,#B9975B,Gatcomb,2,8483553,9,12:23,VGK,54,Vegas Golden Knights,517
16648956,0,00:28,15:40,,,491,Marc,2026020005,#B9975B,Gatcomb,2,8483553,10,15:12,VGK,54,Vegas Golden Knights,517
16649090,0,00:26,18:28,,,500,Marc,2026020005,#B9975B,Gatcomb,2,8483553,11,18:02,VGK,54,Vegas Golden Knights,517
16649250,0,00:21,01:48,,,924,Marc,2026020005,#B9975B,Gatcomb,3,8483553,12,01:27,VGK,54,Vegas Golden Knights,517
16649336,0,00:39,04:43,,,962,Marc,2026020005,#B9975B,Gatcomb,3,8483553,13,04:04,VGK,54,Vegas Golden Knights,517
16649337,0,00:32,07:43,,,995,Marc,2026020005,#B9975B,Gatcomb,3,8483553,14,07:11,VGK,54,Vegas Golden Knights,517
16649437,0,00:18,11:49,,,1049,Marc,2026020005,#B9975B,Gatcomb,3,8483553,15,11:31,VGK,54,Vegas Golden Knights,517
16649438,0,00:21,14:10,,,1081,Marc,2026020005,#B9975B,Gatcomb,3,8483553,16,13:49,VGK,54,Vegas Golden Knights,517
16649483,0,00:31,20:00,,,1162,Marc,2026020005,#B9975B,Gatcomb,3,8483553,17,19:29,VGK,54,Vegas Golden Knights,517
16648197,0,00:56,03:18,,,86,Braeden,2026020005,#B9975B,Bowman,1,8483890,1,02:22,VGK,54,Vegas Golden Knights,517
16648198,0,00:33,06:07,,,131,Braeden,2026020005,#B9975B,Bowman,1,8483890,2,05:34,VGK,54,Vegas Golden Knights,517
16648322,0,00:27,08:52,,,309,Braeden,2026020005,#B9975B,Bowman,1,8483890,3,08:25,VGK,54,Vegas Golden Knights,517
16648323,0,00:10,10:30,,,314,Braeden,2026020005,#B9975B,Bowman,1,8483890,4,10:20,VGK,54,Vegas Golden Knights,517
16648529,0,00:55,16:17,,,328,Braeden,2026020005,#B9975B,Bowman,1,8483890,5,15:22,VGK,54,Vegas Golden Knights,517
16648530,0,01:05,19:29,,,335,Braeden,2026020005,#B9975B,Bowman,1,8483890,6,18:24,VGK,54,Vegas Golden Knights,517
16648733,0,00:36,02:55,,,347,Braeden,2026020005,#B9975B,Bowman,2,8483890,7,02:19,VGK,54,Vegas Golden Knights,517
16648734,0,00:46,07:18,,,461,Braeden,2026020005,#B9975B,Bowman,2,8483890,8,06:32,VGK,54,Vegas Golden Knights,517
16648957,0,01:02,13:25,,,482,Braeden,2026020005,#B9975B,Bowman,2,8483890,9,12:23,VGK,54,Vegas Golden Knights,517
16648958,0,00:28,15:40,,,491,Braeden,2026020005,#B9975B,Bowman,2,8483890,10,15:12,VGK,54,Vegas Golden Knights,517
16649091,0,00:26,18:28,,,500,Braeden,2026020005,#B9975B,Bowman,2,8483890,11,18:02,VGK,54,Vegas Golden Knights,517
16649251,0,00:21,01:48,,,924,Braeden,2026020005,#B9975B,Bowman,3,8483890,12,01:27,VGK,54,Vegas Golden Knights,517
16649252,0,00:49,04:04,,,950,Braeden,2026020005,#B9975B,Bowman,3,8483890,13,03:15,VGK,54,Vegas Golden Knights,517
16649338,0,00:50,07:49,,,991,Braeden,2026020005,#B9975B,Bowman,3,8483890,14,06:59,VGK,54,Vegas Golden Knights,517
16649439,0,00:17,11:49,,,1050,Braeden,2026020005,#B9975B,Bowman,3,8483890,15,11:32,VGK,54,Vegas Golden Knights,517
16649440,0,00:45,17:10,,,1115,Braeden,2026020005,#B9975B,Bowman,3,8483890,16,16:25,VGK,54,Vegas Golden Knights,517
16649484,0,00:32,20:00,,,1160,Braeden,2026020005,#B9975B,Bowman,3,8483890,17,19:28,VGK,54,Vegas Golden Knights,517
16648199,0,00:35,00:35,,,7,Nick,2026020005,#111111,Lardis,1,8484185,1,00:00,CHI,16,Chicago Blackhawks,517
16648200,0,00:46,04:56,,,105,Nick,2026020005,#111111,Lardis,1,8484185,2,04:10,CHI,16,Chicago Blackhawks,517
16648324,0,00:41,07:36,,,141,Nick,2026020005,#111111,Lardis,1,8484185,3,06:55,CHI,16,Chicago Blackhawks,517
16648325,0,00:42,12:46,,,187,Nick,2026020005,#111111,Lardis,1,8484185,4,12:04,CHI,16,Chicago Blackhawks,517
16648531,0,00:17,15:22,,,420,Nick,2026020005,#111111,Lardis,1,8484185,5,15:05,CHI,16,Chicago Blackhawks,517
16648735,0,00:30,00:30,,,527,Nick,2026020005,#111111,Lardis,2,8484185,6,00:00,CHI,16,Chicago Blackhawks,517
16648736,0,00:17,03:44,,,559,Nick,2026020005,#111111,Lardis,2,8484185,7,03:27,CHI,16,Chicago Blackhawks,517
16648737,0,00:46,06:27,,,580,Nick,2026020005,#111111,Lardis,2,8484185,8,05:41,CHI,16,Chicago Blackhawks,517
16648959,0,00:41,09:53,,,707,Nick,2026020005,#111111,Lardis,2,8484185,9,09:12,CHI,16,Chicago Blackhawks,517
16648960,0,01:06,12:12,,,726,Nick,2026020005,#111111,Lardis,2,8484185,10,11:06,CHI,16,Chicago Blackhawks,517
16648961,0,01:02,15:12,,,851,Nick,2026020005,#111111,Lardis,2,8484185,11,14:10,CHI,16,Chicago Blackhawks,517
16649092,0,00:38,20:00,,,897,Nick,2026020005,#111111,Lardis,2,8484185,12,19:22,CHI,16,Chicago Blackhawks,517
16649253,0,00:53,00:53,,,904,Nick,2026020005,#111111,Lardis,3,8484185,13,00:00,CHI,16,Chicago Blackhawks,517
16649339,0,00:45,05:28,,,968,Nick,2026020005,#111111,Lardis,3,8484185,14,04:43,CHI,16,Chicago Blackhawks,517
16649340,0,00:34,08:37,,,1003,Nick,2026020005,#111111,Lardis,3,8484185,15,08:03,CHI,16,Chicago Blackhawks,517
16649441,0,00:35,13:50,,,1071,Nick,2026020005,#111111,Lardis,3,8484185,16,13:15,CHI,16,Chicago Blackhawks,517
16649485,0,00:24,18:27,,,1141,Nick,2026020005,#111111,Lardis,3,8484185,17,18:03,CHI,16,Chicago Blackhawks,517
16649486,0,00:32,20:00,,,1161,Nick,2026020005,#111111,Lardis,3,8484185,18,19:28,CHI,16,Chicago Blackhawks,517
16648201,0,00:33,04:11,,,97,Oliver,2026020005,#111111,Moore,1,8484197,1,03:38,CHI,16,Chicago Blackhawks,517
16648326,0,00:54,07:01,,,136,Oliver,2026020005,#111111,Moore,1,8484197,2,06:07,CHI,16,Chicago Blackhawks,517
16648327,0,00:22,08:52,,,151,Oliver,2026020005,#111111,Moore,1,8484197,3,08:30,CHI,16,Chicago Blackhawks,517
16648328,0,00:09,09:29,,,159,Oliver,2026020005,#111111,Moore,1,8484197,4,09:20,CHI,16,Chicago Blackhawks,517
16648329,0,00:46,11:16,,,176,Oliver,2026020005,#111111,Moore,1,8484197,5,10:30,CHI,16,Chicago Blackhawks,517
16648532,0,00:33,14:32,,,405,Oliver,2026020005,#111111,Moore,1,8484197,6,13:59,CHI,16,Chicago Blackhawks,517
16648533,0,01:01,17:02,,,431,Oliver,2026020005,#111111,Moore,1,8484197,7,16:01,CHI,16,Chicago Blackhawks,517
16648534,0,00:59,20:00,,,514,Oliver,2026020005,#111111,Moore,1,8484197,8,19:01,CHI,16,Chicago Blackhawks,517
16648738,0,00:34,01:04,,,533,Oliver,2026020005,#111111,Moore,2,8484197,9,00:30,CHI,16,Chicago Blackhawks,517
16648739,0,00:28,03:27,,,552,Oliver,2026020005,#111111,Moore,2,8484197,10,02:59,CHI,16,Chicago Blackhawks,517
16648740,0,00:47,07:18,,,587,Oliver,2026020005,#111111,Moore,2,8484197,11,06:31,CHI,16,Chicago Blackhawks,517
16648962,0,00:38,12:11,,,729,Oliver,2026020005,#111111,Moore,2,8484197,12,11:33,CHI,16,Chicago Blackhawks,517
16648963,0,00:28,15:40,,,859,Oliver,2026020005,#111111,Moore,2,8484197,13,15:12,CHI,16,Chicago Blackhawks,517
16648964,0,00:33,18:02,,,878,Oliver,2026020005,#111111,Moore,2,8484197,14,17:29,CHI,16,Chicago Blackhawks,517
16649093,0,00:54,19:22,,,890,Oliver,2026020005,#111111,Moore,2,8484197,15,18:28,CHI,16,Chicago Blackhawks,517
16649254,0,00:37,01:27,,,911,Oliver,2026020005,#111111,Moore,3,8484197,16,00:50,CHI,16,Chicago Blackhawks,517
16649341,0,01:35,07:07,,,978,Oliver,2026020005,#111111,Moore,3,8484197,17,05:32,CHI,16,Chicago Blackhawks,517
16649442,0,01:01,11:18,,,1034,Oliver,2026020005,#111111,Moore,3,8484197,18,10:17,CHI,16,Chicago Blackhawks,517
16649443,0,00:31,13:46,,,1071,Oliver,2026020005,#111111,Moore,3,8484197,19,13:15,CHI,16,Chicago Blackhawks,517
16649487,0,00:34,20:00,,,1155,Oliver,2026020005,#111111,Moore,3,8484197,20,19:26,CHI,16,Chicago Blackhawks,517
16648202,0,01:00,04:16,,,95,Roman,2026020005,#111111,Kantserov,1,8484390,1,03:16,CHI,16,Chicago Blackhawks,517
16648330,0,00:44,06:51,,,136,Roman,2026020005,#111111,Kantserov,1,8484390,2,06:07,CHI,16,Chicago Blackhawks,517
16648331,0,00:46,11:16,,,176,Roman,2026020005,#111111,Kantserov,1,8484390,3,10:30,CHI,16,Chicago Blackhawks,517
16648535,0,00:33,14:32,,,405,Roman,2026020005,#111111,Kantserov,1,8484390,4,13:59,CHI,16,Chicago Blackhawks,517
16648536,0,00:53,17:02,,,435,Roman,2026020005,#111111,Kantserov,1,8484390,5,16:09,CHI,16,Chicago Blackhawks,517
16648537,0,00:49,20:00,,,517,Roman,2026020005,#111111,Kantserov,1,8484390,6,19:11,CHI,16,Chicago Blackhawks,517
16648741,0,00:46,01:16,,,533,Roman,2026020005,#111111,Kantserov,2,8484390,7,00:30,CHI,16,Chicago Blackhawks,517
16648742,0,00:34,03:27,,,551,Roman,2026020005,#111111,Kantserov,2,8484390,8,02:53,CHI,16,Chicago Blackhawks,517
16648743,0,00:52,07:18,,,585,Roman,2026020005,#111111,Kantserov,2,8484390,9,06:26,CHI,16,Chicago Blackhawks,517
16648965,0,01:14,09:12,,,598,Roman,2026020005,#111111,Kantserov,2,8484390,10,07:58,CHI,16,Chicago Blackhawks,517
16648966,0,01:10,11:06,,,718,Roman,2026020005,#111111,Kantserov,2,8484390,11,09:56,CHI,16,Chicago Blackhawks,517
16648967,0,00:28,15:40,,,859,Roman,2026020005,#111111,Kantserov,2,8484390,12,15:12,CHI,16,Chicago Blackhawks,517
16649094,0,00:58,18:28,,,880,Roman,2026020005,#111111,Kantserov,2,8484390,13,17:30,CHI,16,Chicago Blackhawks,517
16649255,0,00:34,01:27,,,913,Roman,2026020005,#111111,Kantserov,3,8484390,14,00:53,CHI,16,Chicago Blackhawks,517
16649342,0,01:27,06:57,,,976,Roman,2026020005,#111111,Kantserov,3,8484390,15,05:30,CHI,16,Chicago Blackhawks,517
16649343,0,01:00,10:17,,,1026,Roman,2026020005,#111111,Kantserov,3,8484390,16,09:17,CHI,16,Chicago Blackhawks,517
16649444,0,01:26,13:15,,,1059,Roman,2026020005,#111111,Kantserov,3,8484390,17,11:49,CHI,16,Chicago Blackhawks,517
16649445,0,00:52,15:27,,,1094,Roman,2026020005,#111111,Kantserov,3,8484390,18,14:35,CHI,16,Chicago Blackhawks,517
16649446,0,01:01,18:03,,,1122,Roman,2026020005,#111111,Kantserov,3,8484390,19,17:02,CHI,16,Chicago Blackhawks,517
16648203,0,00:25,01:02,,,62,Artyom,2026020005,#111111,Levshunov,1,8484783,1,00:37,CHI,16,Chicago Blackhawks,517
16648204,0,00:39,02:20,,,76,Artyom,2026020005,#111111,Levshunov,1,8484783,2,01:41,CHI,16,Chicago Blackhawks,517
16648205,0,01:01,05:00,,,102,Artyom,2026020005,#111111,Levshunov,1,8484783,3,03:59,CHI,16,Chicago Blackhawks,517
16648332,0,01:00,07:51,,,140,Artyom,2026020005,#111111,Levshunov,1,8484783,4,06:51,CHI,16,Chicago Blackhawks,517
16648333,0,00:37,09:29,,,157,Artyom,2026020005,#111111,Levshunov,1,8484783,5,08:52,CHI,16,Chicago Blackhawks,517
16648334,0,00:15,10:30,,,170,Artyom,2026020005,#111111,Levshunov,1,8484783,6,10:15,CHI,16,Chicago Blackhawks,517
16648335,0,01:14,13:08,,,184,Artyom,2026020005,#111111,Levshunov,1,8484783,7,11:54,CHI,16,Chicago Blackhawks,517
16648538,0,00:34,15:06,,,414,Artyom,2026020005,#111111,Levshunov,1,8484783,8,14:32,CHI,16,Chicago Blackhawks,517
16648539,0,00:43,16:05,,,429,Artyom,2026020005,#111111,Levshunov,1,8484783,9,15:22,CHI,16,Chicago Blackhawks,517
16648540,0,00:49,17:45,,,439,Artyom,2026020005,#111111,Levshunov,1,8484783,10,16:56,CHI,16,Chicago Blackhawks,517
16648744,0,00:30,00:30,,,527,Artyom,2026020005,#111111,Levshunov,2,8484783,11,00:00,CHI,16,Chicago Blackhawks,517
16648745,0,00:49,03:55,,,553,Artyom,2026020005,#111111,Levshunov,2,8484783,12,03:06,CHI,16,Chicago Blackhawks,517
16648968,0,02:04,08:28,,,584,Artyom,2026020005,#111111,Levshunov,2,8484783,13,06:24,CHI,16,Chicago Blackhawks,517
16648969,0,00:39,13:02,,,739,Artyom,2026020005,#111111,Levshunov,2,8484783,14,12:23,CHI,16,Chicago Blackhawks,517
16648970,0,00:34,16:14,,,864,Artyom,2026020005,#111111,Levshunov,2,8484783,15,15:40,CHI,16,Chicago Blackhawks,517
16649095,0,00:49,19:17,,,890,Artyom,2026020005,#111111,Levshunov,2,8484783,16,18:28,CHI,16,Chicago Blackhawks,517
16649256,0,00:56,00:56,,,904,Artyom,2026020005,#111111,Levshunov,3,8484783,17,00:00,CHI,16,Chicago Blackhawks,517
16649257,0,00:57,03:44,,,941,Artyom,2026020005,#111111,Levshunov,3,8484783,18,02:47,CHI,16,Chicago Blackhawks,517
16649344,0,01:08,06:57,,,982,Artyom,2026020005,#111111,Levshunov,3,8484783,19,05:49,CHI,16,Chicago Blackhawks,517
16649447,0,01:01,11:18,,,1034,Artyom,2026020005,#111111,Levshunov,3,8484783,20,10:17,CHI,16,Chicago Blackhawks,517
16649448,0,00:22,14:35,,,1087,Artyom,2026020005,#111111,Levshunov,3,8484783,21,14:13,CHI,16,Chicago Blackhawks,517
16649449,0,00:44,17:12,,,1119,Artyom,2026020005,#111111,Levshunov,3,8484783,22,16:28,CHI,16,Chicago Blackhawks,517
16649488,0,01:24,19:27,,,1141,Artyom,2026020005,#111111,Levshunov,3,8484783,23,18:03,CHI,16,Chicago Blackhawks,517
16649462,805,,15:22,EVG,"Brayden McNabb, Shea Theodore",426,Trevor,2026020005,#B9975B,Connelly,1,8484803,0,15:22,VGK,54,Vegas Golden Knights,505
16648206,0,00:52,03:16,,,87,Trevor,2026020005,#B9975B,Connelly,1,8484803,1,02:24,VGK,54,Vegas Golden Knights,517
16648336,0,00:40,07:35,,,301,Trevor,2026020005,#B9975B,Connelly,1,8484803,2,06:55,VGK,54,Vegas Golden Knights,517
16648337,0,00:51,12:57,,,317,Trevor,2026020005,#B9975B,Connelly,1,8484803,3,12:06,VGK,54,Vegas Golden Knights,517
16648541,0,00:16,15:22,,,327,Trevor,2026020005,#B9975B,Connelly,1,8484803,4,15:06,VGK,54,Vegas Golden Knights,517
16648746,0,00:59,02:19,,,344,Trevor,2026020005,#B9975B,Connelly,2,8484803,5,01:20,VGK,54,Vegas Golden Knights,517
16648747,0,00:42,04:37,,,453,Trevor,2026020005,#B9975B,Connelly,2,8484803,6,03:55,VGK,54,Vegas Golden Knights,517
16648971,0,00:52,08:10,,,464,Trevor,2026020005,#B9975B,Connelly,2,8484803,7,07:18,VGK,54,Vegas Golden Knights,517
16648972,0,00:15,12:23,,,481,Trevor,2026020005,#B9975B,Connelly,2,8484803,8,12:08,VGK,54,Vegas Golden Knights,517
16648973,0,00:52,16:32,,,492,Trevor,2026020005,#B9975B,Connelly,2,8484803,9,15:40,VGK,54,Vegas Golden Knights,517
16649258,0,00:46,04:04,,,951,Trevor,2026020005,#B9975B,Connelly,3,8484803,10,03:18,VGK,54,Vegas Golden Knights,517
16649345,0,00:41,05:24,,,969,Trevor,2026020005,#B9975B,Connelly,3,8484803,11,04:43,VGK,54,Vegas Golden Knights,517
16649346,0,00:48,08:37,,,1000,Trevor,2026020005,#B9975B,Connelly,3,8484803,12,07:49,VGK,54,Vegas Golden Knights,517
16649450,0,01:15,11:32,,,1033,Trevor,2026020005,#B9975B,Connelly,3,8484803,13,10:17,VGK,54,Vegas Golden Knights,517
16649451,0,00:25,14:35,,,1084,Trevor,2026020005,#B9975B,Connelly,3,8484803,14,14:10,VGK,54,Vegas Golden Knights,517
16649489,0,01:08,19:27,,,1144,Trevor,2026020005,#B9975B,Connelly,3,8484803,15,18:19,VGK,54,Vegas Golden Knights,517
16648207,0,00:18,01:02,,,63,Anton,2026020005,#111111,Frondell,1,8485391,1,00:44,CHI,16,Chicago Blackhawks,517
16648208,0,00:50,02:18,,,75,Anton,2026020005,#111111,Frondell,1,8485391,2,01:28,CHI,16,Chicago Blackhawks,517
16648209,0,00:30,05:34,,,122,Anton,2026020005,#111111,Frondell,1,8485391,3,05:04,CHI,16,Chicago Blackhawks,517
16648338,0,00:56,08:52,,,148,Anton,2026020005,#111111,Frondell,1,8485391,4,07:56,CHI,16,Chicago Blackhawks,517
16648339,0,00:33,10:02,,,162,Anton,2026020005,#111111,Frondell,1,8485391,5,09:29,CHI,16,Chicago Blackhawks,517
16648340,0,00:52,12:08,,,182,Anton,2026020005,#111111,Frondell,1,8485391,6,11:16,CHI,16,Chicago Blackhawks,517
16648542,0,00:34,15:06,,,414,Anton,2026020005,#111111,Frondell,1,8485391,7,14:32,CHI,16,Chicago Blackhawks,517
16648543,0,01:24,18:26,,,441,Anton,2026020005,#111111,Frondell,1,8485391,8,17:02,CHI,16,Chicago Blackhawks,517
16648748,0,00:42,01:58,,,539,Anton,2026020005,#111111,Frondell,2,8485391,9,01:16,CHI,16,Chicago Blackhawks,517
16648749,0,01:09,05:41,,,571,Anton,2026020005,#111111,Frondell,2,8485391,10,04:32,CHI,16,Chicago Blackhawks,517
16648974,0,01:04,09:06,,,599,Anton,2026020005,#111111,Frondell,2,8485391,11,08:02,CHI,16,Chicago Blackhawks,517
16648975,0,01:08,11:04,,,718,Anton,2026020005,#111111,Frondell,2,8485391,12,09:56,CHI,16,Chicago Blackhawks,517
16648976,0,01:57,15:12,,,742,Anton,2026020005,#111111,Frondell,2,8485391,13,13:15,CHI,16,Chicago Blackhawks,517
16649096,0,01:08,19:36,,,890,Anton,2026020005,#111111,Frondell,2,8485391,14,18:28,CHI,16,Chicago Blackhawks,517
16649347,0,01:00,04:43,,,953,Anton,2026020005,#111111,Frondell,3,8485391,15,03:43,CHI,16,Chicago Blackhawks,517
16649452,0,01:01,11:18,,,1034,Anton,2026020005,#111111,Frondell,3,8485391,16,10:17,CHI,16,Chicago Blackhawks,517
16649453,0,01:26,13:15,,,1059,Anton,2026020005,#111111,Frondell,3,8485391,17,11:49,CHI,16,Chicago Blackhawks,517
16649454,0,00:55,16:28,,,1104,Anton,2026020005,#111111,Frondell,3,8485391,18,15:33,CHI,16,Chicago Blackhawks,517
16649455,0,00:13,17:27,,,1129,Anton,2026020005,#111111,Frondell,3,8485391,19,17:14,CHI,16,Chicago Blackhawks,517
16649621,0,00:35,00:35,,,5,Kyle,2026020008,#FC4C02,Palmieri,1,8475151,1,00:00,NYI,2,New York Islanders,517
16649622,0,00:51,03:35,,,94,Kyle,2026020008,#FC4C02,Palmieri,1,8475151,2,02:44,NYI,2,New York Islanders,517
16649788,0,01:05,06:44,,,132,Kyle,2026020008,#FC4C02,Palmieri,1,8475151,3,05:39,NYI,2,New York Islanders,517
16649789,0,00:39,09:24,,,181,Kyle,2026020008,#FC4C02,Palmieri,1,8475151,4,08:45,NYI,2,New York Islanders,517
16649905,0,01:04,13:21,,,285,Kyle,2026020008,#FC4C02,Palmieri,1,8475151,5,12:17,NYI,2,New York Islanders,517
16649906,0,00:57,19:19,,,409,Kyle,2026020008,#FC4C02,Palmieri,1,8475151,6,18:22,NYI,2,New York Islanders,517
16650134,0,00:53,01:32,,,502,Kyle,2026020008,#FC4C02,Palmieri,2,8475151,7,00:39,NYI,2,New York Islanders,517
16650135,0,01:42,05:20,,,539,Kyle,2026020008,#FC4C02,Palmieri,2,8475151,8,03:38,NYI,2,New York Islanders,517
16650302,0,00:24,08:29,,,593,Kyle,2026020008,#FC4C02,Palmieri,2,8475151,9,08:05,NYI,2,New York Islanders,517
16650303,0,01:42,10:17,,,664,Kyle,2026020008,#FC4C02,Palmieri,2,8475151,10,08:35,NYI,2,New York Islanders,517
16650304,0,00:47,13:42,,,703,Kyle,2026020008,#FC4C02,Palmieri,2,8475151,11,12:55,NYI,2,New York Islanders,517
16650426,0,00:26,16:14,,,747,Kyle,2026020008,#FC4C02,Palmieri,2,8475151,12,15:48,NYI,2,New York Islanders,517
16650427,0,00:24,18:14,,,775,Kyle,2026020008,#FC4C02,Palmieri,2,8475151,13,17:50,NYI,2,New York Islanders,517
16650611,0,00:44,01:39,,,818,Kyle,2026020008,#FC4C02,Palmieri,3,8475151,14,00:55,NYI,2,New York Islanders,517
16650612,0,00:37,04:17,,,858,Kyle,2026020008,#FC4C02,Palmieri,3,8475151,15,03:40,NYI,2,New York Islanders,517
16650613,0,00:53,07:52,,,899,Kyle,2026020008,#FC4C02,Palmieri,3,8475151,16,06:59,NYI,2,New York Islanders,517
16650831,0,00:56,11:41,,,941,Kyle,2026020008,#FC4C02,Palmieri,3,8475151,17,10:45,NYI,2,New York Islanders,517
16650832,0,00:34,13:00,,,968,Kyle,2026020008,#FC4C02,Palmieri,3,8475151,18,12:26,NYI,2,New York Islanders,517
16650973,0,00:57,16:43,,,1015,Kyle,2026020008,#FC4C02,Palmieri,3,8475151,19,15:46,NYI,2,New York Islanders,517
16650974,0,02:25,20:00,,,1047,Kyle,2026020008,#FC4C02,Palmieri,3,8475151,20,17:35,NYI,2,New York Islanders,517
16649623,0,00:47,02:05,,,75,John,2026020008,#00205B,Tavares,1,8475166,1,01:18,TOR,10,Toronto Maple Leafs,517
16649790,0,00:55,05:41,,,122,John,2026020008,#00205B,Tavares,1,8475166,2,04:46,TOR,10,Toronto Maple Leafs,517
16649791,0,00:56,09:52,,,186,John,2026020008,#00205B,Tavares,1,8475166,3,08:56,TOR,10,Toronto Maple Leafs,517
16649792,0,01:17,11:18,,,260,John,2026020008,#00205B,Tavares,1,8475166,4,10:01,TOR,10,Toronto Maple Leafs,517
16649907,0,00:43,14:37,,,311,John,2026020008,#00205B,Tavares,1,8475166,5,13:54,TOR,10,Toronto Maple Leafs,517
16649908,0,01:16,16:41,,,327,John,2026020008,#00205B,Tavares,1,8475166,6,15:25,TOR,10,Toronto Maple Leafs,517
16650136,0,00:40,01:59,,,512,John,2026020008,#00205B,Tavares,2,8475166,7,01:19,TOR,10,Toronto Maple Leafs,517
16650137,0,00:21,03:41,,,535,John,2026020008,#00205B,Tavares,2,8475166,8,03:20,TOR,10,Toronto Maple Leafs,517
16650138,0,01:00,06:41,,,565,John,2026020008,#00205B,Tavares,2,8475166,9,05:41,TOR,10,Toronto Maple Leafs,517
16650305,0,01:51,12:56,,,681,John,2026020008,#00205B,Tavares,2,8475166,10,11:05,TOR,10,Toronto Maple Leafs,517
16650306,0,00:49,15:42,,,740,John,2026020008,#00205B,Tavares,2,8475166,11,14:53,TOR,10,Toronto Maple Leafs,517
16650428,0,01:45,19:30,,,771,John,2026020008,#00205B,Tavares,2,8475166,12,17:45,TOR,10,Toronto Maple Leafs,517
16650614,0,00:59,02:39,,,827,John,2026020008,#00205B,Tavares,3,8475166,13,01:40,TOR,10,Toronto Maple Leafs,517
16650615,0,01:15,06:52,,,877,John,2026020008,#00205B,Tavares,3,8475166,14,05:37,TOR,10,Toronto Maple Leafs,517
16650833,0,00:37,10:09,,,928,John,2026020008,#00205B,Tavares,3,8475166,15,09:32,TOR,10,Toronto Maple Leafs,517
16650834,0,00:55,14:09,,,982,John,2026020008,#00205B,Tavares,3,8475166,16,13:14,TOR,10,Toronto Maple Leafs,517
16650975,0,00:52,20:00,,,1064,John,2026020008,#00205B,Tavares,3,8475166,17,19:08,TOR,10,Toronto Maple Leafs,517
16649624,0,00:47,02:05,,,72,Brayden,2026020008,#FC4C02,Schenn,1,8475170,1,01:18,NYI,2,New York Islanders,517
16649625,0,00:45,05:08,,,113,Brayden,2026020008,#FC4C02,Schenn,1,8475170,2,04:23,NYI,2,New York Islanders,517
16649793,0,00:45,07:59,,,163,Brayden,2026020008,#FC4C02,Schenn,1,8475170,3,07:14,NYI,2,New York Islanders,517
16649909,0,00:22,12:17,,,278,Brayden,2026020008,#FC4C02,Schenn,1,8475170,4,11:55,NYI,2,New York Islanders,517
16649910,0,00:48,15:25,,,319,Brayden,2026020008,#FC4C02,Schenn,1,8475170,5,14:37,NYI,2,New York Islanders,517
16649911,0,00:41,20:00,,,426,Brayden,2026020008,#FC4C02,Schenn,1,8475170,6,19:19,NYI,2,New York Islanders,517
16650139,0,01:07,02:39,,,516,Brayden,2026020008,#FC4C02,Schenn,2,8475170,7,01:32,NYI,2,New York Islanders,517
16650140,0,01:02,04:41,,,542,Brayden,2026020008,#FC4C02,Schenn,2,8475170,8,03:39,NYI,2,New York Islanders,517
16650307,0,01:46,10:15,,,656,Brayden,2026020008,#FC4C02,Schenn,2,8475170,9,08:29,NYI,2,New York Islanders,517
16650308,0,01:00,14:45,,,716,Brayden,2026020008,#FC4C02,Schenn,2,8475170,10,13:45,NYI,2,New York Islanders,517
16650429,0,01:13,18:14,,,763,Brayden,2026020008,#FC4C02,Schenn,2,8475170,11,17:01,NYI,2,New York Islanders,517
16650616,0,00:41,00:55,,,810,Brayden,2026020008,#FC4C02,Schenn,3,8475170,12,00:14,NYI,2,New York Islanders,517
16650617,0,00:33,03:40,,,850,Brayden,2026020008,#FC4C02,Schenn,3,8475170,13,03:07,NYI,2,New York Islanders,517
16650618,0,01:28,08:17,,,889,Brayden,2026020008,#FC4C02,Schenn,3,8475170,14,06:49,NYI,2,New York Islanders,517
16650835,0,00:50,11:40,,,950,Brayden,2026020008,#FC4C02,Schenn,3,8475170,15,10:50,NYI,2,New York Islanders,517
16650836,0,00:39,13:05,,,968,Brayden,2026020008,#FC4C02,Schenn,3,8475170,16,12:26,NYI,2,New York Islanders,517
16649626,0,00:32,01:48,,,70,Oliver,2026020008,#00205B,Ekman-Larsson,1,8475171,1,01:16,TOR,10,Toronto Maple Leafs,517
16649627,0,00:42,04:24,,,108,Oliver,2026020008,#00205B,Ekman-Larsson,1,8475171,2,03:42,TOR,10,Toronto Maple Leafs,517
16649794,0,00:20,07:14,,,156,Oliver,2026020008,#00205B,Ekman-Larsson,1,8475171,3,06:54,TOR,10,Toronto Maple Leafs,517
16649795,0,00:46,09:42,,,186,Oliver,2026020008,#00205B,Ekman-Larsson,1,8475171,4,08:56,TOR,10,Toronto Maple Leafs,517
16649912,0,00:22,12:17,,,279,Oliver,2026020008,#00205B,Ekman-Larsson,1,8475171,5,11:55,TOR,10,Toronto Maple Leafs,517
16649913,0,00:39,14:33,,,311,Oliver,2026020008,#00205B,Ekman-Larsson,1,8475171,6,13:54,TOR,10,Toronto Maple Leafs,517
16649914,0,01:04,18:26,,,346,Oliver,2026020008,#00205B,Ekman-Larsson,1,8475171,7,17:22,TOR,10,Toronto Maple Leafs,517
16649915,0,00:16,20:00,,,434,Oliver,2026020008,#00205B,Ekman-Larsson,1,8475171,8,19:44,TOR,10,Toronto Maple Leafs,517
16650141,0,00:33,01:51,,,511,Oliver,2026020008,#00205B,Ekman-Larsson,2,8475171,9,01:18,TOR,10,Toronto Maple Leafs,517
16650142,0,00:48,03:18,,,527,Oliver,2026020008,#00205B,Ekman-Larsson,2,8475171,10,02:30,TOR,10,Toronto Maple Leafs,517
16650143,0,00:38,04:41,,,552,Oliver,2026020008,#00205B,Ekman-Larsson,2,8475171,11,04:03,TOR,10,Toronto Maple Leafs,517
16650144,0,01:06,06:41,,,564,Oliver,2026020008,#00205B,Ekman-Larsson,2,8475171,12,05:35,TOR,10,Toronto Maple Leafs,517
16650309,0,00:06,08:35,,,657,Oliver,2026020008,#00205B,Ekman-Larsson,2,8475171,13,08:29,TOR,10,Toronto Maple Leafs,517
16650310,0,00:41,13:36,,,704,Oliver,2026020008,#00205B,Ekman-Larsson,2,8475171,14,12:55,TOR,10,Toronto Maple Leafs,517
16650430,0,00:55,16:48,,,749,Oliver,2026020008,#00205B,Ekman-Larsson,2,8475171,15,15:53,TOR,10,Toronto Maple Leafs,517
16650619,0,00:32,02:16,,,829,Oliver,2026020008,#00205B,Ekman-Larsson,3,8475171,16,01:44,TOR,10,Toronto Maple Leafs,517
16650620,0,00:37,04:17,,,857,Oliver,2026020008,#00205B,Ekman-Larsson,3,8475171,17,03:40,TOR,10,Toronto Maple Leafs,517
16650621,0,00:04,06:59,,,894,Oliver,2026020008,#00205B,Ekman-Larsson,3,8475171,18,06:55,TOR,10,Toronto Maple Leafs,517
16650622,0,00:47,08:38,,,910,Oliver,2026020008,#00205B,Ekman-Larsson,3,8475171,19,07:51,TOR,10,Toronto Maple Leafs,517
16650837,0,00:28,10:00,,,928,Oliver,2026020008,#00205B,Ekman-Larsson,3,8475171,20,09:32,TOR,10,Toronto Maple Leafs,517
16650838,0,00:46,11:36,,,946,Oliver,2026020008,#00205B,Ekman-Larsson,3,8475171,21,10:50,TOR,10,Toronto Maple Leafs,517
16650839,0,01:06,13:32,,,967,Oliver,2026020008,#00205B,Ekman-Larsson,3,8475171,22,12:26,TOR,10,Toronto Maple Leafs,517
16650976,0,00:49,17:32,,,1035,Oliver,2026020008,#00205B,Ekman-Larsson,3,8475171,23,16:43,TOR,10,Toronto Maple Leafs,517
16650977,0,00:53,20:00,,,1063,Oliver,2026020008,#00205B,Ekman-Larsson,3,8475171,24,19:07,TOR,10,Toronto Maple Leafs,517
16649628,0,00:52,02:41,,,78,Casey,2026020008,#FC4C02,Cizikas,1,8475231,1,01:49,NYI,2,New York Islanders,517
16649796,0,00:33,05:41,,,127,Casey,2026020008,#FC4C02,Cizikas,1,8475231,2,05:08,NYI,2,New York Islanders,517
16649797,0,00:45,08:46,,,172,Casey,2026020008,#FC4C02,Cizikas,1,8475231,3,08:01,NYI,2,New York Islanders,517
16649798,0,00:37,11:55,,,269,Casey,2026020008,#FC4C02,Cizikas,1,8475231,4,11:18,NYI,2,New York Islanders,517
16649916,0,00:39,14:33,,,310,Casey,2026020008,#FC4C02,Cizikas,1,8475231,5,13:54,NYI,2,New York Islanders,517
16649917,0,00:19,17:00,,,339,Casey,2026020008,#FC4C02,Cizikas,1,8475231,6,16:41,NYI,2,New York Islanders,517
16650145,0,00:48,03:36,,,529,Casey,2026020008,#FC4C02,Cizikas,2,8475231,7,02:48,NYI,2,New York Islanders,517
16650146,0,01:10,07:23,,,568,Casey,2026020008,#FC4C02,Cizikas,2,8475231,8,06:13,NYI,2,New York Islanders,517
16650311,0,00:35,11:58,,,688,Casey,2026020008,#FC4C02,Cizikas,2,8475231,9,11:23,NYI,2,New York Islanders,517
16650312,0,01:02,15:42,,,733,Casey,2026020008,#FC4C02,Cizikas,2,8475231,10,14:40,NYI,2,New York Islanders,517
16650431,0,00:30,20:00,,,796,Casey,2026020008,#FC4C02,Cizikas,2,8475231,11,19:30,NYI,2,New York Islanders,517
16650623,0,00:54,00:54,,,805,Casey,2026020008,#FC4C02,Cizikas,3,8475231,12,00:00,NYI,2,New York Islanders,517
16650624,0,00:33,03:40,,,850,Casey,2026020008,#FC4C02,Cizikas,3,8475231,13,03:07,NYI,2,New York Islanders,517
16650625,0,00:12,06:59,,,887,Casey,2026020008,#FC4C02,Cizikas,3,8475231,14,06:47,NYI,2,New York Islanders,517
16649629,0,00:35,00:35,,,4,Chris,2026020008,#00205B,Tanev,1,8475690,1,00:00,TOR,10,Toronto Maple Leafs,517
16649630,0,00:40,02:28,,,77,Chris,2026020008,#00205B,Tanev,1,8475690,2,01:48,TOR,10,Toronto Maple Leafs,517
16649631,0,01:00,05:17,,,110,Chris,2026020008,#00205B,Tanev,1,8475690,3,04:17,TOR,10,Toronto Maple Leafs,517
16649799,0,00:02,06:54,,,155,Chris,2026020008,#00205B,Tanev,1,8475690,4,06:52,TOR,10,Toronto Maple Leafs,517
16649800,0,00:34,07:48,,,165,Chris,2026020008,#00205B,Tanev,1,8475690,5,07:14,TOR,10,Toronto Maple Leafs,517
16649801,0,00:19,10:01,,,198,Chris,2026020008,#00205B,Tanev,1,8475690,6,09:42,TOR,10,Toronto Maple Leafs,517
16649918,0,00:46,13:03,,,286,Chris,2026020008,#00205B,Tanev,1,8475690,7,12:17,TOR,10,Toronto Maple Leafs,517
16649919,0,00:52,15:25,,,318,Chris,2026020008,#00205B,Tanev,1,8475690,8,14:33,TOR,10,Toronto Maple Leafs,517
16649920,0,00:27,19:00,,,414,Chris,2026020008,#00205B,Tanev,1,8475690,9,18:33,TOR,10,Toronto Maple Leafs,517
16650147,0,00:44,00:44,,,446,Chris,2026020008,#00205B,Tanev,2,8475690,10,00:00,TOR,10,Toronto Maple Leafs,517
16650148,0,00:31,02:30,,,524,Chris,2026020008,#00205B,Tanev,2,8475690,11,01:59,TOR,10,Toronto Maple Leafs,517
16650149,0,00:21,04:02,,,541,Chris,2026020008,#00205B,Tanev,2,8475690,12,03:41,TOR,10,Toronto Maple Leafs,517
16650150,0,01:07,06:41,,,563,Chris,2026020008,#00205B,Tanev,2,8475690,13,05:34,TOR,10,Toronto Maple Leafs,517
16650313,0,00:24,08:29,,,594,Chris,2026020008,#00205B,Tanev,2,8475690,14,08:05,TOR,10,Toronto Maple Leafs,517
16650314,0,02:31,11:06,,,660,Chris,2026020008,#00205B,Tanev,2,8475690,15,08:35,TOR,10,Toronto Maple Leafs,517
16650315,0,00:44,14:31,,,717,Chris,2026020008,#00205B,Tanev,2,8475690,16,13:47,TOR,10,Toronto Maple Leafs,517
16650432,0,00:36,17:26,,,760,Chris,2026020008,#00205B,Tanev,2,8475690,17,16:50,TOR,10,Toronto Maple Leafs,517
16650626,0,00:34,01:34,,,820,Chris,2026020008,#00205B,Tanev,3,8475690,18,01:00,TOR,10,Toronto Maple Leafs,517
16650627,0,01:00,03:40,,,845,Chris,2026020008,#00205B,Tanev,3,8475690,19,02:40,TOR,10,Toronto Maple Leafs,517
16650628,0,01:11,06:46,,,875,Chris,2026020008,#00205B,Tanev,3,8475690,20,05:35,TOR,10,Toronto Maple Leafs,517
16650629,0,00:51,07:50,,,900,Chris,2026020008,#00205B,Tanev,3,8475690,21,06:59,TOR,10,Toronto Maple Leafs,517
16650630,0,00:25,09:04,,,915,Chris,2026020008,#00205B,Tanev,3,8475690,22,08:39,TOR,10,Toronto Maple Leafs,517
16650840,0,00:32,10:32,,,932,Chris,2026020008,#00205B,Tanev,3,8475690,23,10:00,TOR,10,Toronto Maple Leafs,517
16650841,0,00:47,11:37,,,946,Chris,2026020008,#00205B,Tanev,3,8475690,24,10:50,TOR,10,Toronto Maple Leafs,517
16650842,0,00:32,12:58,,,967,Chris,2026020008,#00205B,Tanev,3,8475690,25,12:26,TOR,10,Toronto Maple Leafs,517
16650978,0,01:00,16:39,,,1011,Chris,2026020008,#00205B,Tanev,3,8475690,26,15:39,TOR,10,Toronto Maple Leafs,517
16650979,0,01:34,19:06,,,1044,Chris,2026020008,#00205B,Tanev,3,8475690,27,17:32,TOR,10,Toronto Maple Leafs,517
16649632,0,00:37,02:42,,,84,Ondrej,2026020008,#FC4C02,Palat,1,8476292,1,02:05,NYI,2,New York Islanders,517
16649802,0,00:30,05:38,,,127,Ondrej,2026020008,#FC4C02,Palat,1,8476292,2,05:08,NYI,2,New York Islanders,517
16649803,0,00:48,08:45,,,169,Ondrej,2026020008,#FC4C02,Palat,1,8476292,3,07:57,NYI,2,New York Islanders,517
16649804,0,00:35,11:55,,,272,Ondrej,2026020008,#FC4C02,Palat,1,8476292,4,11:20,NYI,2,New York Islanders,517
16649921,0,00:39,14:33,,,310,Ondrej,2026020008,#FC4C02,Palat,1,8476292,5,13:54,NYI,2,New York Islanders,517
16649922,0,00:20,17:01,,,339,Ondrej,2026020008,#FC4C02,Palat,1,8476292,6,16:41,NYI,2,New York Islanders,517
16650151,0,00:37,03:38,,,531,Ondrej,2026020008,#FC4C02,Palat,2,8476292,7,03:01,NYI,2,New York Islanders,517
16650152,0,00:55,06:36,,,566,Ondrej,2026020008,#FC4C02,Palat,2,8476292,8,05:41,NYI,2,New York Islanders,517
16650153,0,00:46,07:27,,,578,Ondrej,2026020008,#FC4C02,Palat,2,8476292,9,06:41,NYI,2,New York Islanders,517
16650316,0,00:50,12:12,,,687,Ondrej,2026020008,#FC4C02,Palat,2,8476292,10,11:22,NYI,2,New York Islanders,517
16650317,0,00:58,15:43,,,734,Ondrej,2026020008,#FC4C02,Palat,2,8476292,11,14:45,NYI,2,New York Islanders,517
16650631,0,00:55,00:55,,,805,Ondrej,2026020008,#FC4C02,Palat,3,8476292,12,00:00,NYI,2,New York Islanders,517
16650632,0,00:33,03:40,,,850,Ondrej,2026020008,#FC4C02,Palat,3,8476292,13,03:07,NYI,2,New York Islanders,517
16650633,0,00:11,06:59,,,888,Ondrej,2026020008,#FC4C02,Palat,3,8476292,14,06:48,NYI,2,New York Islanders,517
16650843,0,00:52,09:56,,,924,Ondrej,2026020008,#FC4C02,Palat,3,8476292,15,09:04,NYI,2,New York Islanders,517
16649633,0,00:28,01:03,,,63,Jean-Gabriel,2026020008,#FC4C02,Pageau,1,8476419,1,00:35,NYI,2,New York Islanders,517
16649634,0,00:46,04:25,,,105,Jean-Gabriel,2026020008,#FC4C02,Pageau,1,8476419,2,03:39,NYI,2,New York Islanders,517
16649805,0,00:30,07:14,,,150,Jean-Gabriel,2026020008,#FC4C02,Pageau,1,8476419,3,06:44,NYI,2,New York Islanders,517
16649806,0,01:04,10:34,,,194,Jean-Gabriel,2026020008,#FC4C02,Pageau,1,8476419,4,09:30,NYI,2,New York Islanders,517
16649923,0,00:31,13:54,,,302,Jean-Gabriel,2026020008,#FC4C02,Pageau,1,8476419,5,13:23,NYI,2,New York Islanders,517
16649924,0,00:23,15:48,,,326,Jean-Gabriel,2026020008,#FC4C02,Pageau,1,8476419,6,15:25,NYI,2,New York Islanders,517
16649925,0,01:04,18:04,,,341,Jean-Gabriel,2026020008,#FC4C02,Pageau,1,8476419,7,17:00,NYI,2,New York Islanders,517
16650154,0,00:39,00:39,,,447,Jean-Gabriel,2026020008,#FC4C02,Pageau,2,8476419,8,00:00,NYI,2,New York Islanders,517
16650318,0,00:42,08:05,,,585,Jean-Gabriel,2026020008,#FC4C02,Pageau,2,8476419,9,07:23,NYI,2,New York Islanders,517
16650319,0,00:50,12:48,,,694,Jean-Gabriel,2026020008,#FC4C02,Pageau,2,8476419,10,11:58,NYI,2,New York Islanders,517
16650433,0,00:45,16:59,,,756,Jean-Gabriel,2026020008,#FC4C02,Pageau,2,8476419,11,16:14,NYI,2,New York Islanders,517
16650434,0,00:22,18:36,,,780,Jean-Gabriel,2026020008,#FC4C02,Pageau,2,8476419,12,18:14,NYI,2,New York Islanders,517
16650435,0,00:30,20:00,,,796,Jean-Gabriel,2026020008,#FC4C02,Pageau,2,8476419,13,19:30,NYI,2,New York Islanders,517
16650634,0,00:28,03:07,,,841,Jean-Gabriel,2026020008,#FC4C02,Pageau,3,8476419,14,02:39,NYI,2,New York Islanders,517
16650635,0,01:20,05:37,,,863,Jean-Gabriel,2026020008,#FC4C02,Pageau,3,8476419,15,04:17,NYI,2,New York Islanders,517
16650844,0,00:37,09:41,,,924,Jean-Gabriel,2026020008,#FC4C02,Pageau,3,8476419,16,09:04,NYI,2,New York Islanders,517
16650845,0,00:15,13:47,,,988,Jean-Gabriel,2026020008,#FC4C02,Pageau,3,8476419,17,13:32,NYI,2,New York Islanders,517
16650846,0,01:38,15:47,,,1002,Jean-Gabriel,2026020008,#FC4C02,Pageau,3,8476419,18,14:09,NYI,2,New York Islanders,517
16650980,0,00:58,17:42,,,1034,Jean-Gabriel,2026020008,#FC4C02,Pageau,3,8476419,19,16:44,NYI,2,New York Islanders,517
16649635,0,00:42,01:17,,,64,Morgan,2026020008,#00205B,Rielly,1,8476853,1,00:35,TOR,10,Toronto Maple Leafs,517
16649636,0,01:13,03:42,,,90,Morgan,2026020008,#00205B,Rielly,1,8476853,2,02:29,TOR,10,Toronto Maple Leafs,517
16649807,0,01:24,06:43,,,129,Morgan,2026020008,#00205B,Rielly,1,8476853,3,05:19,TOR,10,Toronto Maple Leafs,517
16649808,0,01:04,08:56,,,167,Morgan,2026020008,#00205B,Rielly,1,8476853,4,07:52,TOR,10,Toronto Maple Leafs,517
16649809,0,00:27,11:55,,,274,Morgan,2026020008,#00205B,Rielly,1,8476853,5,11:28,TOR,10,Toronto Maple Leafs,517
16649926,0,00:35,13:54,,,299,Morgan,2026020008,#00205B,Rielly,1,8476853,6,13:19,TOR,10,Toronto Maple Leafs,517
16649927,0,01:20,18:01,,,338,Morgan,2026020008,#00205B,Rielly,1,8476853,7,16:41,TOR,10,Toronto Maple Leafs,517
16649928,0,00:37,19:44,,,425,Morgan,2026020008,#00205B,Rielly,1,8476853,8,19:07,TOR,10,Toronto Maple Leafs,517
16650155,0,00:48,01:18,,,450,Morgan,2026020008,#00205B,Rielly,2,8476853,9,00:30,TOR,10,Toronto Maple Leafs,517
16650156,0,00:23,03:41,,,533,Morgan,2026020008,#00205B,Rielly,2,8476853,10,03:18,TOR,10,Toronto Maple Leafs,517
16650320,0,01:24,08:05,,,577,Morgan,2026020008,#00205B,Rielly,2,8476853,11,06:41,TOR,10,Toronto Maple Leafs,517
16650321,0,01:41,12:55,,,684,Morgan,2026020008,#00205B,Rielly,2,8476853,12,11:14,TOR,10,Toronto Maple Leafs,517
16650322,0,01:21,15:52,,,729,Morgan,2026020008,#00205B,Rielly,2,8476853,13,14:31,TOR,10,Toronto Maple Leafs,517
16650436,0,00:48,18:14,,,768,Morgan,2026020008,#00205B,Rielly,2,8476853,14,17:26,TOR,10,Toronto Maple Leafs,517
16650437,0,00:30,20:00,,,795,Morgan,2026020008,#00205B,Rielly,2,8476853,15,19:30,TOR,10,Toronto Maple Leafs,517
16650636,0,01:00,01:00,,,804,Morgan,2026020008,#00205B,Rielly,3,8476853,16,00:00,TOR,10,Toronto Maple Leafs,517
16650637,0,00:24,02:40,,,835,Morgan,2026020008,#00205B,Rielly,3,8476853,17,02:16,TOR,10,Toronto Maple Leafs,517
16650638,0,01:20,05:37,,,864,Morgan,2026020008,#00205B,Rielly,3,8476853,18,04:17,TOR,10,Toronto Maple Leafs,517
16650847,0,00:28,09:32,,,925,Morgan,2026020008,#00205B,Rielly,3,8476853,19,09:04,TOR,10,Toronto Maple Leafs,517
16650848,0,00:50,12:26,,,954,Morgan,2026020008,#00205B,Rielly,3,8476853,20,11:36,TOR,10,Toronto Maple Leafs,517
16650849,0,01:30,15:39,,,1003,Morgan,2026020008,#00205B,Rielly,3,8476853,21,14:09,TOR,10,Toronto Maple Leafs,517
16649637,0,00:35,00:35,,,5,Adam,2026020008,#FC4C02,Pelech,1,8476917,1,00:00,NYI,2,New York Islanders,517
16649638,0,00:40,01:57,,,71,Adam,2026020008,#FC4C02,Pelech,1,8476917,2,01:17,NYI,2,New York Islanders,517
16649639,0,00:50,04:22,,,100,Adam,2026020008,#FC4C02,Pelech,1,8476917,3,03:32,NYI,2,New York Islanders,517
16649810,0,00:45,06:44,,,141,Adam,2026020008,#FC4C02,Pelech,1,8476917,4,05:59,NYI,2,New York Islanders,517
16649811,0,00:42,07:56,,,163,Adam,2026020008,#FC4C02,Pelech,1,8476917,5,07:14,NYI,2,New York Islanders,517
16649812,0,00:33,10:34,,,256,Adam,2026020008,#FC4C02,Pelech,1,8476917,6,10:01,NYI,2,New York Islanders,517
16649813,0,00:36,11:55,,,270,Adam,2026020008,#FC4C02,Pelech,1,8476917,7,11:19,NYI,2,New York Islanders,517
16649929,0,00:50,13:27,,,293,Adam,2026020008,#FC4C02,Pelech,1,8476917,8,12:37,NYI,2,New York Islanders,517
16649930,0,00:23,14:17,,,310,Adam,2026020008,#FC4C02,Pelech,1,8476917,9,13:54,NYI,2,New York Islanders,517
16649931,0,00:39,16:04,,,326,Adam,2026020008,#FC4C02,Pelech,1,8476917,10,15:25,NYI,2,New York Islanders,517
16649932,0,00:19,17:00,,,339,Adam,2026020008,#FC4C02,Pelech,1,8476917,11,16:41,NYI,2,New York Islanders,517
16649933,0,00:45,19:19,,,418,Adam,2026020008,#FC4C02,Pelech,1,8476917,12,18:34,NYI,2,New York Islanders,517
16650157,0,00:53,00:53,,,447,Adam,2026020008,#FC4C02,Pelech,2,8476917,13,00:00,NYI,2,New York Islanders,517
16650158,0,00:42,03:41,,,530,Adam,2026020008,#FC4C02,Pelech,2,8476917,14,02:59,NYI,2,New York Islanders,517
16650159,0,00:35,06:01,,,562,Adam,2026020008,#FC4C02,Pelech,2,8476917,15,05:26,NYI,2,New York Islanders,517
16650323,0,00:51,07:57,,,581,Adam,2026020008,#FC4C02,Pelech,2,8476917,16,07:06,NYI,2,New York Islanders,517
16650324,0,00:17,08:35,,,598,Adam,2026020008,#FC4C02,Pelech,2,8476917,17,08:18,NYI,2,New York Islanders,517
16650325,0,01:05,11:23,,,675,Adam,2026020008,#FC4C02,Pelech,2,8476917,18,10:18,NYI,2,New York Islanders,517
16650326,0,00:25,13:13,,,701,Adam,2026020008,#FC4C02,Pelech,2,8476917,19,12:48,NYI,2,New York Islanders,517
16650327,0,00:51,15:44,,,738,Adam,2026020008,#FC4C02,Pelech,2,8476917,20,14:53,NYI,2,New York Islanders,517
16650438,0,00:24,16:38,,,756,Adam,2026020008,#FC4C02,Pelech,2,8476917,21,16:14,NYI,2,New York Islanders,517
16650439,0,01:16,19:30,,,780,Adam,2026020008,#FC4C02,Pelech,2,8476917,22,18:14,NYI,2,New York Islanders,517
16650440,0,00:10,20:00,,,799,Adam,2026020008,#FC4C02,Pelech,2,8476917,23,19:50,NYI,2,New York Islanders,517
16650639,0,00:53,00:53,,,805,Adam,2026020008,#FC4C02,Pelech,3,8476917,24,00:00,NYI,2,New York Islanders,517
16650640,0,00:42,03:07,,,837,Adam,2026020008,#FC4C02,Pelech,3,8476917,25,02:25,NYI,2,New York Islanders,517
16650641,0,00:58,06:59,,,879,Adam,2026020008,#FC4C02,Pelech,3,8476917,26,06:01,NYI,2,New York Islanders,517
16650850,0,00:33,09:37,,,924,Adam,2026020008,#FC4C02,Pelech,3,8476917,27,09:04,NYI,2,New York Islanders,517
16650851,0,00:04,10:50,,,944,Adam,2026020008,#FC4C02,Pelech,3,8476917,28,10:46,NYI,2,New York Islanders,517
16650852,0,01:04,14:04,,,973,Adam,2026020008,#FC4C02,Pelech,3,8476917,29,13:00,NYI,2,New York Islanders,517
16650853,0,00:02,15:54,,,1022,Adam,2026020008,#FC4C02,Pelech,3,8476917,30,15:52,NYI,2,New York Islanders,517
16650981,0,00:29,17:35,,,1038,Adam,2026020008,#FC4C02,Pelech,3,8476917,31,17:06,NYI,2,New York Islanders,517
16650923,805,,07:14,EVG,"Nick Paul, Easton Cowan",160,Colton,2026020008,#00205B,Sissons,1,8476925,0,07:14,TOR,10,Toronto Maple Leafs,505
16649640,0,00:35,00:35,,,4,Colton,2026020008,#00205B,Sissons,1,8476925,1,00:00,TOR,10,Toronto Maple Leafs,517
16649641,0,00:47,03:34,,,96,Colton,2026020008,#00205B,Sissons,1,8476925,2,02:47,TOR,10,Toronto Maple Leafs,517
16649814,0,00:27,07:14,,,149,Colton,2026020008,#00205B,Sissons,1,8476925,3,06:47,TOR,10,Toronto Maple Leafs,517
16649815,0,00:46,08:49,,,173,Colton,2026020008,#00205B,Sissons,1,8476925,4,08:03,TOR,10,Toronto Maple Leafs,517
16649934,0,00:42,13:19,,,294,Colton,2026020008,#00205B,Sissons,1,8476925,5,12:37,TOR,10,Toronto Maple Leafs,517
16649935,0,00:46,19:20,,,417,Colton,2026020008,#00205B,Sissons,1,8476925,6,18:34,TOR,10,Toronto Maple Leafs,517
16650160,0,00:25,01:09,,,506,Colton,2026020008,#00205B,Sissons,2,8476925,7,00:44,TOR,10,Toronto Maple Leafs,517
16650161,0,00:22,04:03,,,541,Colton,2026020008,#00205B,Sissons,2,8476925,8,03:41,TOR,10,Toronto Maple Leafs,517
16650328,0,00:41,08:46,,,594,Colton,2026020008,#00205B,Sissons,2,8476925,9,08:05,TOR,10,Toronto Maple Leafs,517
16650329,0,00:37,14:26,,,719,Colton,2026020008,#00205B,Sissons,2,8476925,10,13:49,TOR,10,Toronto Maple Leafs,517
16650642,0,00:41,01:39,,,819,Colton,2026020008,#00205B,Sissons,3,8476925,11,00:58,TOR,10,Toronto Maple Leafs,517
16650643,0,00:37,04:17,,,857,Colton,2026020008,#00205B,Sissons,3,8476925,12,03:40,TOR,10,Toronto Maple Leafs,517
16650644,0,00:50,07:49,,,900,Colton,2026020008,#00205B,Sissons,3,8476925,13,06:59,TOR,10,Toronto Maple Leafs,517
16650854,0,00:46,11:36,,,946,Colton,2026020008,#00205B,Sissons,3,8476925,14,10:50,TOR,10,Toronto Maple Leafs,517
16650855,0,00:48,13:14,,,967,Colton,2026020008,#00205B,Sissons,3,8476925,15,12:26,TOR,10,Toronto Maple Leafs,517
16650982,0,01:32,19:07,,,1046,Colton,2026020008,#00205B,Sissons,3,8476925,16,17:35,TOR,10,Toronto Maple Leafs,517
16649642,0,00:42,02:47,,,85,Teddy,2026020008,#00205B,Blueger,1,8476927,1,02:05,TOR,10,Toronto Maple Leafs,517
16649816,0,01:02,06:43,,,136,Teddy,2026020008,#00205B,Blueger,1,8476927,2,05:41,TOR,10,Toronto Maple Leafs,517
16649936,0,00:42,12:37,,,279,Teddy,2026020008,#00205B,Blueger,1,8476927,3,11:55,TOR,10,Toronto Maple Leafs,517
16649937,0,00:34,18:34,,,404,Teddy,2026020008,#00205B,Blueger,1,8476927,4,18:00,TOR,10,Toronto Maple Leafs,517
16649938,0,00:40,20:00,,,428,Teddy,2026020008,#00205B,Blueger,1,8476927,5,19:20,TOR,10,Toronto Maple Leafs,517
16650162,0,00:31,02:30,,,524,Teddy,2026020008,#00205B,Blueger,2,8476927,6,01:59,TOR,10,Toronto Maple Leafs,517
16650163,0,00:42,04:43,,,549,Teddy,2026020008,#00205B,Blueger,2,8476927,7,04:01,TOR,10,Toronto Maple Leafs,517
16650330,0,00:09,08:05,,,587,Teddy,2026020008,#00205B,Blueger,2,8476927,8,07:56,TOR,10,Toronto Maple Leafs,517
16650331,0,01:29,10:15,,,665,Teddy,2026020008,#00205B,Blueger,2,8476927,9,08:46,TOR,10,Toronto Maple Leafs,517
16650332,0,00:14,14:53,,,732,Teddy,2026020008,#00205B,Blueger,2,8476927,10,14:39,TOR,10,Toronto Maple Leafs,517
16650441,0,00:36,17:42,,,766,Teddy,2026020008,#00205B,Blueger,2,8476927,11,17:06,TOR,10,Toronto Maple Leafs,517
16650645,0,00:30,03:07,,,842,Teddy,2026020008,#00205B,Blueger,3,8476927,12,02:37,TOR,10,Toronto Maple Leafs,517
16650646,0,01:17,05:34,,,864,Teddy,2026020008,#00205B,Blueger,3,8476927,13,04:17,TOR,10,Toronto Maple Leafs,517
16650647,0,00:51,08:40,,,907,Teddy,2026020008,#00205B,Blueger,3,8476927,14,07:49,TOR,10,Toronto Maple Leafs,517
16650856,0,00:51,12:26,,,953,Teddy,2026020008,#00205B,Blueger,3,8476927,15,11:35,TOR,10,Toronto Maple Leafs,517
16650983,0,00:48,17:31,,,1035,Teddy,2026020008,#00205B,Blueger,3,8476927,16,16:43,TOR,10,Toronto Maple Leafs,517
16650984,0,00:54,20:00,,,1061,Teddy,2026020008,#00205B,Blueger,3,8476927,17,19:06,TOR,10,Toronto Maple Leafs,517
16649643,0,00:35,00:35,,,4,Jake,2026020008,#00205B,McCabe,1,8476931,1,00:00,TOR,10,Toronto Maple Leafs,517
16649644,0,00:41,02:29,,,77,Jake,2026020008,#00205B,McCabe,1,8476931,2,01:48,TOR,10,Toronto Maple Leafs,517
16649645,0,00:55,05:19,,,114,Jake,2026020008,#00205B,McCabe,1,8476931,3,04:24,TOR,10,Toronto Maple Leafs,517
16649817,0,00:11,06:54,,,145,Jake,2026020008,#00205B,McCabe,1,8476931,4,06:43,TOR,10,Toronto Maple Leafs,517
16649818,0,00:38,07:52,,,165,Jake,2026020008,#00205B,McCabe,1,8476931,5,07:14,TOR,10,Toronto Maple Leafs,517
16649819,0,00:20,10:01,,,197,Jake,2026020008,#00205B,McCabe,1,8476931,6,09:41,TOR,10,Toronto Maple Leafs,517
16649939,0,01:06,13:23,,,286,Jake,2026020008,#00205B,McCabe,1,8476931,7,12:17,TOR,10,Toronto Maple Leafs,517
16649940,0,00:54,15:25,,,317,Jake,2026020008,#00205B,McCabe,1,8476931,8,14:31,TOR,10,Toronto Maple Leafs,517
16649941,0,00:41,19:07,,,410,Jake,2026020008,#00205B,McCabe,1,8476931,9,18:26,TOR,10,Toronto Maple Leafs,517
16650164,0,00:30,00:30,,,446,Jake,2026020008,#00205B,McCabe,2,8476931,10,00:00,TOR,10,Toronto Maple Leafs,517
16650165,0,00:37,02:30,,,521,Jake,2026020008,#00205B,McCabe,2,8476931,11,01:53,TOR,10,Toronto Maple Leafs,517
16650166,0,00:22,04:03,,,541,Jake,2026020008,#00205B,McCabe,2,8476931,12,03:41,TOR,10,Toronto Maple Leafs,517
16650167,0,00:54,05:35,,,555,Jake,2026020008,#00205B,McCabe,2,8476931,13,04:41,TOR,10,Toronto Maple Leafs,517
16650333,0,00:24,08:29,,,594,Jake,2026020008,#00205B,McCabe,2,8476931,14,08:05,TOR,10,Toronto Maple Leafs,517
16650334,0,01:39,10:14,,,660,Jake,2026020008,#00205B,McCabe,2,8476931,15,08:35,TOR,10,Toronto Maple Leafs,517
16650335,0,00:54,14:30,,,712,Jake,2026020008,#00205B,McCabe,2,8476931,16,13:36,TOR,10,Toronto Maple Leafs,517
16650442,0,00:38,17:26,,,759,Jake,2026020008,#00205B,McCabe,2,8476931,17,16:48,TOR,10,Toronto Maple Leafs,517
16650648,0,00:44,01:44,,,820,Jake,2026020008,#00205B,McCabe,3,8476931,18,01:00,TOR,10,Toronto Maple Leafs,517
16650649,0,01:00,03:40,,,845,Jake,2026020008,#00205B,McCabe,3,8476931,19,02:40,TOR,10,Toronto Maple Leafs,517
16650650,0,01:21,06:55,,,873,Jake,2026020008,#00205B,McCabe,3,8476931,20,05:34,TOR,10,Toronto Maple Leafs,517
16650651,0,00:52,07:51,,,900,Jake,2026020008,#00205B,McCabe,3,8476931,21,06:59,TOR,10,Toronto Maple Leafs,517
16650652,0,00:27,09:04,,,913,Jake,2026020008,#00205B,McCabe,3,8476931,22,08:37,TOR,10,Toronto Maple Leafs,517
16650857,0,00:50,10:50,,,932,Jake,2026020008,#00205B,McCabe,3,8476931,23,10:00,TOR,10,Toronto Maple Leafs,517
16650858,0,00:07,12:57,,,972,Jake,2026020008,#00205B,McCabe,3,8476931,24,12:50,TOR,10,Toronto Maple Leafs,517
16650985,0,01:22,16:43,,,1008,Jake,2026020008,#00205B,McCabe,3,8476931,25,15:21,TOR,10,Toronto Maple Leafs,517
16650986,0,01:37,19:08,,,1043,Jake,2026020008,#00205B,McCabe,3,8476931,26,17:31,TOR,10,Toronto Maple Leafs,517
16649646,0,09:46,09:46,,,4,Anthony,2026020008,#00205B,Stolarz,1,8476932,1,00:00,TOR,10,Toronto Maple Leafs,517
16649820,0,05:02,15:03,,,260,Anthony,2026020008,#00205B,Stolarz,1,8476932,2,10:01,TOR,10,Toronto Maple Leafs,517
16649942,0,04:35,20:00,,,327,Anthony,2026020008,#00205B,Stolarz,1,8476932,3,15:25,TOR,10,Toronto Maple Leafs,517
16650168,0,17:40,17:40,,,446,Anthony,2026020008,#00205B,Stolarz,2,8476932,4,00:00,TOR,10,Toronto Maple Leafs,517
16650443,0,01:46,20:00,,,784,Anthony,2026020008,#00205B,Stolarz,2,8476932,5,18:14,TOR,10,Toronto Maple Leafs,517
16650529,0,13:05,13:05,,,804,Anthony,2026020008,#00205B,Stolarz,3,8476932,6,00:00,TOR,10,Toronto Maple Leafs,517
16650859,0,06:28,20:00,,,987,Anthony,2026020008,#00205B,Stolarz,3,8476932,7,13:32,TOR,10,Toronto Maple Leafs,517
16649647,0,00:39,02:44,,,84,Anthony,2026020008,#FC4C02,Duclair,1,8477407,1,02:05,NYI,2,New York Islanders,517
16649821,0,00:33,05:39,,,126,Anthony,2026020008,#FC4C02,Duclair,1,8477407,2,05:06,NYI,2,New York Islanders,517
16649822,0,00:46,08:45,,,171,Anthony,2026020008,#FC4C02,Duclair,1,8477407,3,07:59,NYI,2,New York Islanders,517
16649943,0,00:43,14:37,,,310,Anthony,2026020008,#FC4C02,Duclair,1,8477407,4,13:54,NYI,2,New York Islanders,517
16650169,0,00:57,03:36,,,528,Anthony,2026020008,#FC4C02,Duclair,2,8477407,5,02:39,NYI,2,New York Islanders,517
16650170,0,01:06,07:22,,,569,Anthony,2026020008,#FC4C02,Duclair,2,8477407,6,06:16,NYI,2,New York Islanders,517
16650336,0,00:57,12:03,,,682,Anthony,2026020008,#FC4C02,Duclair,2,8477407,7,11:06,NYI,2,New York Islanders,517
16650337,0,00:48,14:30,,,715,Anthony,2026020008,#FC4C02,Duclair,2,8477407,8,13:42,NYI,2,New York Islanders,517
16650444,0,00:48,17:50,,,765,Anthony,2026020008,#FC4C02,Duclair,2,8477407,9,17:02,NYI,2,New York Islanders,517
16650653,0,00:47,02:26,,,825,Anthony,2026020008,#FC4C02,Duclair,3,8477407,10,01:39,NYI,2,New York Islanders,517
16650654,0,01:12,06:47,,,874,Anthony,2026020008,#FC4C02,Duclair,3,8477407,11,05:35,NYI,2,New York Islanders,517
16650655,0,00:27,08:44,,,912,Anthony,2026020008,#FC4C02,Duclair,3,8477407,12,08:17,NYI,2,New York Islanders,517
16650860,0,00:49,10:45,,,931,Anthony,2026020008,#FC4C02,Duclair,3,8477407,13,09:56,NYI,2,New York Islanders,517
16650861,0,00:47,12:26,,,955,Anthony,2026020008,#FC4C02,Duclair,3,8477407,14,11:39,NYI,2,New York Islanders,517
16650862,0,00:27,13:32,,,978,Anthony,2026020008,#FC4C02,Duclair,3,8477407,15,13:05,NYI,2,New York Islanders,517
16650987,0,00:31,17:14,,,1033,Anthony,2026020008,#FC4C02,Duclair,3,8477407,16,16:43,NYI,2,New York Islanders,517
16649648,0,00:35,00:35,,,4,Nick,2026020008,#00205B,Paul,1,8477426,1,00:00,TOR,10,Toronto Maple Leafs,517
16649649,0,00:53,03:37,,,95,Nick,2026020008,#00205B,Paul,1,8477426,2,02:44,TOR,10,Toronto Maple Leafs,517
16649823,0,00:31,07:14,,,145,Nick,2026020008,#00205B,Paul,1,8477426,3,06:43,TOR,10,Toronto Maple Leafs,517
16649824,0,00:56,08:56,,,170,Nick,2026020008,#00205B,Paul,1,8477426,4,08:00,TOR,10,Toronto Maple Leafs,517
16649825,0,00:32,11:55,,,273,Nick,2026020008,#00205B,Paul,1,8477426,5,11:23,TOR,10,Toronto Maple Leafs,517
16649944,0,00:44,13:21,,,294,Nick,2026020008,#00205B,Paul,1,8477426,6,12:37,TOR,10,Toronto Maple Leafs,517
16649945,0,01:19,18:00,,,338,Nick,2026020008,#00205B,Paul,1,8477426,7,16:41,TOR,10,Toronto Maple Leafs,517
16650171,0,00:49,01:19,,,450,Nick,2026020008,#00205B,Paul,2,8477426,8,00:30,TOR,10,Toronto Maple Leafs,517
16650172,0,00:38,04:41,,,552,Nick,2026020008,#00205B,Paul,2,8477426,9,04:03,TOR,10,Toronto Maple Leafs,517
16650338,0,00:30,08:35,,,594,Nick,2026020008,#00205B,Paul,2,8477426,10,08:05,TOR,10,Toronto Maple Leafs,517
16650339,0,00:30,11:05,,,678,Nick,2026020008,#00205B,Paul,2,8477426,11,10:35,TOR,10,Toronto Maple Leafs,517
16650340,0,00:59,14:39,,,713,Nick,2026020008,#00205B,Paul,2,8477426,12,13:40,TOR,10,Toronto Maple Leafs,517
16650445,0,00:30,20:00,,,795,Nick,2026020008,#00205B,Paul,2,8477426,13,19:30,TOR,10,Toronto Maple Leafs,517
16650656,0,00:44,01:40,,,815,Nick,2026020008,#00205B,Paul,3,8477426,14,00:56,TOR,10,Toronto Maple Leafs,517
16650657,0,00:37,04:17,,,857,Nick,2026020008,#00205B,Paul,3,8477426,15,03:40,TOR,10,Toronto Maple Leafs,517
16650658,0,00:46,08:37,,,910,Nick,2026020008,#00205B,Paul,3,8477426,16,07:51,TOR,10,Toronto Maple Leafs,517
16650863,0,01:33,13:09,,,954,Nick,2026020008,#00205B,Paul,3,8477426,17,11:36,TOR,10,Toronto Maple Leafs,517
16650864,0,01:44,15:53,,,1003,Nick,2026020008,#00205B,Paul,3,8477426,18,14:09,TOR,10,Toronto Maple Leafs,517
16650988,0,00:53,20:00,,,1062,Nick,2026020008,#00205B,Paul,3,8477426,19,19:07,TOR,10,Toronto Maple Leafs,517
16649650,0,00:35,00:35,,,5,Bo,2026020008,#FC4C02,Horvat,1,8477500,1,00:00,NYI,2,New York Islanders,517
16649651,0,00:58,03:39,,,91,Bo,2026020008,#FC4C02,Horvat,1,8477500,2,02:41,NYI,2,New York Islanders,517
16649826,0,01:02,06:43,,,133,Bo,2026020008,#FC4C02,Horvat,1,8477500,3,05:41,NYI,2,New York Islanders,517
16649827,0,00:44,09:30,,,183,Bo,2026020008,#FC4C02,Horvat,1,8477500,4,08:46,NYI,2,New York Islanders,517
16649828,0,00:44,11:19,,,265,Bo,2026020008,#FC4C02,Horvat,1,8477500,5,10:35,NYI,2,New York Islanders,517
16649946,0,01:06,13:23,,,285,Bo,2026020008,#FC4C02,Horvat,1,8477500,6,12:17,NYI,2,New York Islanders,517
16649947,0,00:53,16:41,,,331,Bo,2026020008,#FC4C02,Horvat,1,8477500,7,15:48,NYI,2,New York Islanders,517
16649948,0,01:16,19:20,,,405,Bo,2026020008,#FC4C02,Horvat,1,8477500,8,18:04,NYI,2,New York Islanders,517
16650173,0,00:51,01:29,,,501,Bo,2026020008,#FC4C02,Horvat,2,8477500,9,00:38,NYI,2,New York Islanders,517
16650174,0,01:50,05:26,,,537,Bo,2026020008,#FC4C02,Horvat,2,8477500,10,03:36,NYI,2,New York Islanders,517
16650341,0,00:24,08:29,,,593,Bo,2026020008,#FC4C02,Horvat,2,8477500,11,08:05,NYI,2,New York Islanders,517
16650342,0,01:43,10:18,,,664,Bo,2026020008,#FC4C02,Horvat,2,8477500,12,08:35,NYI,2,New York Islanders,517
16650343,0,00:53,13:42,,,702,Bo,2026020008,#FC4C02,Horvat,2,8477500,13,12:49,NYI,2,New York Islanders,517
16650446,0,00:31,16:14,,,745,Bo,2026020008,#FC4C02,Horvat,2,8477500,14,15:43,NYI,2,New York Islanders,517
16650447,0,00:54,19:30,,,787,Bo,2026020008,#FC4C02,Horvat,2,8477500,15,18:36,NYI,2,New York Islanders,517
16650659,0,00:44,01:39,,,818,Bo,2026020008,#FC4C02,Horvat,3,8477500,16,00:55,NYI,2,New York Islanders,517
16650660,0,00:37,04:17,,,858,Bo,2026020008,#FC4C02,Horvat,3,8477500,17,03:40,NYI,2,New York Islanders,517
16650661,0,01:18,08:17,,,899,Bo,2026020008,#FC4C02,Horvat,3,8477500,18,06:59,NYI,2,New York Islanders,517
16650865,0,01:12,11:39,,,939,Bo,2026020008,#FC4C02,Horvat,3,8477500,19,10:27,NYI,2,New York Islanders,517
16650866,0,00:40,13:06,,,968,Bo,2026020008,#FC4C02,Horvat,3,8477500,20,12:26,NYI,2,New York Islanders,517
16650867,0,00:22,14:09,,,996,Bo,2026020008,#FC4C02,Horvat,3,8477500,21,13:47,NYI,2,New York Islanders,517
16650989,0,00:57,16:44,,,1016,Bo,2026020008,#FC4C02,Horvat,3,8477500,22,15:47,NYI,2,New York Islanders,517
16650990,0,02:17,20:00,,,1049,Bo,2026020008,#FC4C02,Horvat,3,8477500,23,17:43,NYI,2,New York Islanders,517
16649652,0,00:29,01:04,,,63,Ryan,2026020008,#FC4C02,Pulock,1,8477506,1,00:35,NYI,2,New York Islanders,517
16649653,0,00:50,03:32,,,92,Ryan,2026020008,#FC4C02,Pulock,1,8477506,2,02:42,NYI,2,New York Islanders,517
16649654,0,00:42,05:04,,,112,Ryan,2026020008,#FC4C02,Pulock,1,8477506,3,04:22,NYI,2,New York Islanders,517
16649829,0,00:43,08:39,,,168,Ryan,2026020008,#FC4C02,Pulock,1,8477506,4,07:56,NYI,2,New York Islanders,517
16649830,0,01:13,10:35,,,189,Ryan,2026020008,#FC4C02,Pulock,1,8477506,5,09:22,NYI,2,New York Islanders,517
16649831,0,00:37,11:55,,,269,Ryan,2026020008,#FC4C02,Pulock,1,8477506,6,11:18,NYI,2,New York Islanders,517
16649949,0,00:27,13:54,,,304,Ryan,2026020008,#FC4C02,Pulock,1,8477506,7,13:27,NYI,2,New York Islanders,517
16649950,0,00:38,16:03,,,326,Ryan,2026020008,#FC4C02,Pulock,1,8477506,8,15:25,NYI,2,New York Islanders,517
16649951,0,00:21,17:02,,,339,Ryan,2026020008,#FC4C02,Pulock,1,8477506,9,16:41,NYI,2,New York Islanders,517
16649952,0,00:32,19:51,,,427,Ryan,2026020008,#FC4C02,Pulock,1,8477506,10,19:19,NYI,2,New York Islanders,517
16650175,0,01:15,02:59,,,518,Ryan,2026020008,#FC4C02,Pulock,2,8477506,11,01:44,NYI,2,New York Islanders,517
16650176,0,00:35,06:36,,,567,Ryan,2026020008,#FC4C02,Pulock,2,8477506,12,06:01,NYI,2,New York Islanders,517
16650177,0,00:25,07:06,,,578,Ryan,2026020008,#FC4C02,Pulock,2,8477506,13,06:41,NYI,2,New York Islanders,517
16650344,0,00:35,11:58,,,688,Ryan,2026020008,#FC4C02,Pulock,2,8477506,14,11:23,NYI,2,New York Islanders,517
16650345,0,01:13,14:53,,,714,Ryan,2026020008,#FC4C02,Pulock,2,8477506,15,13:40,NYI,2,New York Islanders,517
16650448,0,00:30,16:14,,,746,Ryan,2026020008,#FC4C02,Pulock,2,8477506,16,15:44,NYI,2,New York Islanders,517
16650449,0,01:16,19:30,,,780,Ryan,2026020008,#FC4C02,Pulock,2,8477506,17,18:14,NYI,2,New York Islanders,517
16650450,0,00:10,20:00,,,799,Ryan,2026020008,#FC4C02,Pulock,2,8477506,18,19:50,NYI,2,New York Islanders,517
16650530,0,00:24,00:24,,,805,Ryan,2026020008,#FC4C02,Pulock,3,8477506,19,00:00,NYI,2,New York Islanders,517
16650662,0,00:45,01:39,,,817,Ryan,2026020008,#FC4C02,Pulock,3,8477506,20,00:54,NYI,2,New York Islanders,517
16650663,0,00:27,03:34,,,850,Ryan,2026020008,#FC4C02,Pulock,3,8477506,21,03:07,NYI,2,New York Islanders,517
16650664,0,00:26,04:43,,,863,Ryan,2026020008,#FC4C02,Pulock,3,8477506,22,04:17,NYI,2,New York Islanders,517
16650868,0,00:32,10:09,,,929,Ryan,2026020008,#FC4C02,Pulock,3,8477506,23,09:37,NYI,2,New York Islanders,517
16650869,0,00:34,14:06,,,988,Ryan,2026020008,#FC4C02,Pulock,3,8477506,24,13:32,NYI,2,New York Islanders,517
16650991,0,00:48,17:43,,,1037,Ryan,2026020008,#FC4C02,Pulock,3,8477506,25,16:55,NYI,2,New York Islanders,517
16649655,0,00:48,02:05,,,74,William,2026020008,#00205B,Nylander,1,8477939,1,01:17,TOR,10,Toronto Maple Leafs,517
16649832,0,00:52,05:37,,,121,William,2026020008,#00205B,Nylander,1,8477939,2,04:45,TOR,10,Toronto Maple Leafs,517
16649833,0,00:36,09:25,,,184,William,2026020008,#00205B,Nylander,1,8477939,3,08:49,TOR,10,Toronto Maple Leafs,517
16649834,0,01:29,11:21,,,200,William,2026020008,#00205B,Nylander,1,8477939,4,09:52,TOR,10,Toronto Maple Leafs,517
16649953,0,00:37,14:31,,,311,William,2026020008,#00205B,Nylander,1,8477939,5,13:54,TOR,10,Toronto Maple Leafs,517
16649954,0,01:38,16:41,,,321,William,2026020008,#00205B,Nylander,1,8477939,6,15:03,TOR,10,Toronto Maple Leafs,517
16649955,0,00:57,19:23,,,410,William,2026020008,#00205B,Nylander,1,8477939,7,18:26,TOR,10,Toronto Maple Leafs,517
16650178,0,00:38,01:47,,,510,William,2026020008,#00205B,Nylander,2,8477939,8,01:09,TOR,10,Toronto Maple Leafs,517
16650179,0,00:18,03:41,,,536,William,2026020008,#00205B,Nylander,2,8477939,9,03:23,TOR,10,Toronto Maple Leafs,517
16650180,0,01:07,06:41,,,563,William,2026020008,#00205B,Nylander,2,8477939,10,05:34,TOR,10,Toronto Maple Leafs,517
16650346,0,01:39,12:45,,,683,William,2026020008,#00205B,Nylander,2,8477939,11,11:06,TOR,10,Toronto Maple Leafs,517
16650347,0,01:06,15:59,,,740,William,2026020008,#00205B,Nylander,2,8477939,12,14:53,TOR,10,Toronto Maple Leafs,517
16650451,0,01:48,19:30,,,770,William,2026020008,#00205B,Nylander,2,8477939,13,17:42,TOR,10,Toronto Maple Leafs,517
16650665,0,01:00,02:39,,,826,William,2026020008,#00205B,Nylander,3,8477939,14,01:39,TOR,10,Toronto Maple Leafs,517
16650666,0,01:12,06:46,,,873,William,2026020008,#00205B,Nylander,3,8477939,15,05:34,TOR,10,Toronto Maple Leafs,517
16650870,0,00:40,10:12,,,928,William,2026020008,#00205B,Nylander,3,8477939,16,09:32,TOR,10,Toronto Maple Leafs,517
16650871,0,01:04,14:09,,,979,William,2026020008,#00205B,Nylander,3,8477939,17,13:05,TOR,10,Toronto Maple Leafs,517
16649656,0,00:45,02:42,,,79,Tony,2026020008,#FC4C02,DeAngelo,1,8477950,1,01:57,NYI,2,New York Islanders,517
16649835,0,00:56,05:59,,,123,Tony,2026020008,#FC4C02,DeAngelo,1,8477950,2,05:03,NYI,2,New York Islanders,517
16649836,0,00:34,07:14,,,146,Tony,2026020008,#FC4C02,DeAngelo,1,8477950,3,06:40,NYI,2,New York Islanders,517
16649837,0,00:45,09:22,,,178,Tony,2026020008,#FC4C02,DeAngelo,1,8477950,4,08:37,NYI,2,New York Islanders,517
16649956,0,00:42,12:37,,,278,Tony,2026020008,#FC4C02,DeAngelo,1,8477950,5,11:55,NYI,2,New York Islanders,517
16649957,0,01:08,15:25,,,315,Tony,2026020008,#FC4C02,DeAngelo,1,8477950,6,14:17,NYI,2,New York Islanders,517
16649958,0,00:57,19:19,,,409,Tony,2026020008,#FC4C02,DeAngelo,1,8477950,7,18:22,NYI,2,New York Islanders,517
16650181,0,00:51,01:44,,,507,Tony,2026020008,#FC4C02,DeAngelo,2,8477950,8,00:53,NYI,2,New York Islanders,517
16650182,0,01:06,06:01,,,559,Tony,2026020008,#FC4C02,DeAngelo,2,8477950,9,04:55,NYI,2,New York Islanders,517
16650348,0,00:13,08:18,,,593,Tony,2026020008,#FC4C02,DeAngelo,2,8477950,10,08:05,NYI,2,New York Islanders,517
16650349,0,00:56,11:22,,,676,Tony,2026020008,#FC4C02,DeAngelo,2,8477950,11,10:26,NYI,2,New York Islanders,517
16650350,0,00:35,13:40,,,708,Tony,2026020008,#FC4C02,DeAngelo,2,8477950,12,13:05,NYI,2,New York Islanders,517
16650452,0,00:43,17:42,,,761,Tony,2026020008,#FC4C02,DeAngelo,2,8477950,13,16:59,NYI,2,New York Islanders,517
16650667,0,00:49,02:25,,,824,Tony,2026020008,#FC4C02,DeAngelo,3,8477950,14,01:36,NYI,2,New York Islanders,517
16650668,0,00:43,04:17,,,855,Tony,2026020008,#FC4C02,DeAngelo,3,8477950,15,03:34,NYI,2,New York Islanders,517
16650669,0,00:39,06:59,,,884,Tony,2026020008,#FC4C02,DeAngelo,3,8477950,16,06:20,NYI,2,New York Islanders,517
16650872,0,00:59,09:37,,,916,Tony,2026020008,#FC4C02,DeAngelo,3,8477950,17,08:38,NYI,2,New York Islanders,517
16650873,0,00:05,10:50,,,941,Tony,2026020008,#FC4C02,DeAngelo,3,8477950,18,10:45,NYI,2,New York Islanders,517
16650874,0,00:29,12:26,,,961,Tony,2026020008,#FC4C02,DeAngelo,3,8477950,19,11:57,NYI,2,New York Islanders,517
16650992,0,01:01,16:55,,,1024,Tony,2026020008,#FC4C02,DeAngelo,3,8477950,20,15:54,NYI,2,New York Islanders,517
16650993,0,02:18,20:00,,,1048,Tony,2026020008,#FC4C02,DeAngelo,3,8477950,21,17:42,NYI,2,New York Islanders,517
16649657,0,20:00,20:00,,,5,Ilya,2026020008,#FC4C02,Sorokin,1,8478009,1,00:00,NYI,2,New York Islanders,517
16650183,0,20:00,20:00,,,447,Ilya,2026020008,#FC4C02,Sorokin,2,8478009,2,00:00,NYI,2,New York Islanders,517
16650531,0,17:56,17:56,,,805,Ilya,2026020008,#FC4C02,Sorokin,3,8478009,3,00:00,NYI,2,New York Islanders,517
16649658,0,00:41,01:16,,,64,Darren,2026020008,#00205B,Raddysh,1,8478178,1,00:35,TOR,10,Toronto Maple Leafs,517
16649659,0,01:13,03:41,,,89,Darren,2026020008,#00205B,Raddysh,1,8478178,2,02:28,TOR,10,Toronto Maple Leafs,517
16649838,0,00:27,05:44,,,128,Darren,2026020008,#00205B,Raddysh,1,8478178,3,05:17,TOR,10,Toronto Maple Leafs,517
16649839,0,01:07,08:55,,,166,Darren,2026020008,#00205B,Raddysh,1,8478178,4,07:48,TOR,10,Toronto Maple Leafs,517
16649840,0,01:27,11:28,,,260,Darren,2026020008,#00205B,Raddysh,1,8478178,5,10:01,TOR,10,Toronto Maple Leafs,517
16649959,0,00:51,13:54,,,295,Darren,2026020008,#00205B,Raddysh,1,8478178,6,13:03,TOR,10,Toronto Maple Leafs,517
16649960,0,01:16,16:41,,,327,Darren,2026020008,#00205B,Raddysh,1,8478178,7,15:25,TOR,10,Toronto Maple Leafs,517
16649961,0,01:00,20:00,,,423,Darren,2026020008,#00205B,Raddysh,1,8478178,8,19:00,TOR,10,Toronto Maple Leafs,517
16650184,0,01:09,01:53,,,506,Darren,2026020008,#00205B,Raddysh,2,8478178,9,00:44,TOR,10,Toronto Maple Leafs,517
16650185,0,00:22,03:41,,,534,Darren,2026020008,#00205B,Raddysh,2,8478178,10,03:19,TOR,10,Toronto Maple Leafs,517
16650351,0,01:24,08:05,,,577,Darren,2026020008,#00205B,Raddysh,2,8478178,11,06:41,TOR,10,Toronto Maple Leafs,517
16650352,0,01:50,12:56,,,683,Darren,2026020008,#00205B,Raddysh,2,8478178,12,11:06,TOR,10,Toronto Maple Leafs,517
16650353,0,01:23,15:53,,,727,Darren,2026020008,#00205B,Raddysh,2,8478178,13,14:30,TOR,10,Toronto Maple Leafs,517
16650453,0,02:04,19:30,,,768,Darren,2026020008,#00205B,Raddysh,2,8478178,14,17:26,TOR,10,Toronto Maple Leafs,517
16650670,0,01:00,01:00,,,804,Darren,2026020008,#00205B,Raddysh,3,8478178,15,00:00,TOR,10,Toronto Maple Leafs,517
16650671,0,00:36,02:40,,,832,Darren,2026020008,#00205B,Raddysh,3,8478178,16,02:04,TOR,10,Toronto Maple Leafs,517
16650672,0,01:18,05:35,,,864,Darren,2026020008,#00205B,Raddysh,3,8478178,17,04:17,TOR,10,Toronto Maple Leafs,517
16650875,0,00:28,09:32,,,925,Darren,2026020008,#00205B,Raddysh,3,8478178,18,09:04,TOR,10,Toronto Maple Leafs,517
16650876,0,00:18,10:50,,,940,Darren,2026020008,#00205B,Raddysh,3,8478178,19,10:32,TOR,10,Toronto Maple Leafs,517
16650877,0,00:42,14:09,,,986,Darren,2026020008,#00205B,Raddysh,3,8478178,20,13:27,TOR,10,Toronto Maple Leafs,517
16649660,0,00:41,01:16,,,64,Jack,2026020008,#00205B,Roslovic,1,8478458,1,00:35,TOR,10,Toronto Maple Leafs,517
16649661,0,01:12,04:46,,,103,Jack,2026020008,#00205B,Roslovic,1,8478458,2,03:34,TOR,10,Toronto Maple Leafs,517
16649841,0,00:50,08:04,,,165,Jack,2026020008,#00205B,Roslovic,1,8478458,3,07:14,TOR,10,Toronto Maple Leafs,517
16649842,0,00:34,11:55,,,271,Jack,2026020008,#00205B,Roslovic,1,8478458,4,11:21,TOR,10,Toronto Maple Leafs,517
16649962,0,00:31,13:54,,,301,Jack,2026020008,#00205B,Roslovic,1,8478458,5,13:23,TOR,10,Toronto Maple Leafs,517
16649963,0,00:41,17:22,,,338,Jack,2026020008,#00205B,Roslovic,1,8478458,6,16:41,TOR,10,Toronto Maple Leafs,517
16650186,0,00:44,00:44,,,446,Jack,2026020008,#00205B,Roslovic,2,8478458,7,00:00,TOR,10,Toronto Maple Leafs,517
16650187,0,00:53,03:23,,,527,Jack,2026020008,#00205B,Roslovic,2,8478458,8,02:30,TOR,10,Toronto Maple Leafs,517
16650354,0,01:15,07:56,,,577,Jack,2026020008,#00205B,Roslovic,2,8478458,9,06:41,TOR,10,Toronto Maple Leafs,517
16650355,0,00:43,13:49,,,707,Jack,2026020008,#00205B,Roslovic,2,8478458,10,13:06,TOR,10,Toronto Maple Leafs,517
16650454,0,01:00,17:00,,,751,Jack,2026020008,#00205B,Roslovic,2,8478458,11,16:00,TOR,10,Toronto Maple Leafs,517
16650455,0,00:30,20:00,,,795,Jack,2026020008,#00205B,Roslovic,2,8478458,12,19:30,TOR,10,Toronto Maple Leafs,517
16650673,0,00:54,00:54,,,804,Jack,2026020008,#00205B,Roslovic,3,8478458,13,00:00,TOR,10,Toronto Maple Leafs,517
16650674,0,00:33,03:40,,,851,Jack,2026020008,#00205B,Roslovic,3,8478458,14,03:07,TOR,10,Toronto Maple Leafs,517
16650675,0,00:13,06:59,,,886,Jack,2026020008,#00205B,Roslovic,3,8478458,15,06:46,TOR,10,Toronto Maple Leafs,517
16650878,0,00:28,09:32,,,925,Jack,2026020008,#00205B,Roslovic,3,8478458,16,09:04,TOR,10,Toronto Maple Leafs,517
16650879,0,00:41,10:50,,,934,Jack,2026020008,#00205B,Roslovic,3,8478458,17,10:09,TOR,10,Toronto Maple Leafs,517
16650880,0,01:37,15:46,,,1003,Jack,2026020008,#00205B,Roslovic,3,8478458,18,14:09,TOR,10,Toronto Maple Leafs,517
16650994,0,00:53,17:34,,,1032,Jack,2026020008,#00205B,Roslovic,3,8478458,19,16:41,TOR,10,Toronto Maple Leafs,517
16649662,0,00:43,01:18,,,64,Auston,2026020008,#00205B,Matthews,1,8479318,1,00:35,TOR,10,Toronto Maple Leafs,517
16649663,0,01:08,04:45,,,104,Auston,2026020008,#00205B,Matthews,1,8479318,2,03:37,TOR,10,Toronto Maple Leafs,517
16649843,0,00:46,08:00,,,165,Auston,2026020008,#00205B,Matthews,1,8479318,3,07:14,TOR,10,Toronto Maple Leafs,517
16649844,0,01:37,11:23,,,199,Auston,2026020008,#00205B,Matthews,1,8479318,4,09:46,TOR,10,Toronto Maple Leafs,517
16649964,0,00:33,13:54,,,300,Auston,2026020008,#00205B,Matthews,1,8479318,5,13:21,TOR,10,Toronto Maple Leafs,517
16649965,0,02:04,16:41,,,320,Auston,2026020008,#00205B,Matthews,1,8479318,6,14:37,TOR,10,Toronto Maple Leafs,517
16650188,0,00:30,00:30,,,446,Auston,2026020008,#00205B,Matthews,2,8479318,7,00:00,TOR,10,Toronto Maple Leafs,517
16650189,0,00:49,03:19,,,527,Auston,2026020008,#00205B,Matthews,2,8479318,8,02:30,TOR,10,Toronto Maple Leafs,517
16650356,0,01:15,07:56,,,577,Auston,2026020008,#00205B,Matthews,2,8479318,9,06:41,TOR,10,Toronto Maple Leafs,517
16650357,0,00:55,13:40,,,700,Auston,2026020008,#00205B,Matthews,2,8479318,10,12:45,TOR,10,Toronto Maple Leafs,517
16650456,0,01:24,17:06,,,744,Auston,2026020008,#00205B,Matthews,2,8479318,11,15:42,TOR,10,Toronto Maple Leafs,517
16650457,0,01:50,19:30,,,769,Auston,2026020008,#00205B,Matthews,2,8479318,12,17:40,TOR,10,Toronto Maple Leafs,517
16650676,0,00:56,00:56,,,804,Auston,2026020008,#00205B,Matthews,3,8479318,13,00:00,TOR,10,Toronto Maple Leafs,517
16650677,0,00:33,03:40,,,851,Auston,2026020008,#00205B,Matthews,3,8479318,14,03:07,TOR,10,Toronto Maple Leafs,517
16650678,0,00:13,06:59,,,886,Auston,2026020008,#00205B,Matthews,3,8479318,15,06:46,TOR,10,Toronto Maple Leafs,517
16650881,0,00:28,09:32,,,925,Auston,2026020008,#00205B,Matthews,3,8479318,16,09:04,TOR,10,Toronto Maple Leafs,517
16650882,0,00:38,10:50,,,936,Auston,2026020008,#00205B,Matthews,3,8479318,17,10:12,TOR,10,Toronto Maple Leafs,517
16650883,0,01:12,14:09,,,974,Auston,2026020008,#00205B,Matthews,3,8479318,18,12:57,TOR,10,Toronto Maple Leafs,517
16650995,0,00:57,16:43,,,1013,Auston,2026020008,#00205B,Matthews,3,8479318,19,15:46,TOR,10,Toronto Maple Leafs,517
16650996,0,01:33,19:07,,,1045,Auston,2026020008,#00205B,Matthews,3,8479318,20,17:34,TOR,10,Toronto Maple Leafs,517
16649664,0,00:38,02:43,,,84,Logan,2026020008,#FC4C02,Stanley,1,8479378,1,02:05,NYI,2,New York Islanders,517
16649845,0,00:54,05:58,,,125,Logan,2026020008,#FC4C02,Stanley,1,8479378,2,05:04,NYI,2,New York Islanders,517
16649846,0,00:28,07:14,,,151,Logan,2026020008,#FC4C02,Stanley,1,8479378,3,06:46,NYI,2,New York Islanders,517
16649847,0,00:44,09:23,,,180,Logan,2026020008,#FC4C02,Stanley,1,8479378,4,08:39,NYI,2,New York Islanders,517
16649848,0,00:46,11:20,,,264,Logan,2026020008,#FC4C02,Stanley,1,8479378,5,10:34,NYI,2,New York Islanders,517
16649966,0,00:20,12:37,,,285,Logan,2026020008,#FC4C02,Stanley,1,8479378,6,12:17,NYI,2,New York Islanders,517
16649967,0,00:38,16:41,,,332,Logan,2026020008,#FC4C02,Stanley,1,8479378,7,16:03,NYI,2,New York Islanders,517
16649968,0,01:22,18:22,,,341,Logan,2026020008,#FC4C02,Stanley,1,8479378,8,17:00,NYI,2,New York Islanders,517
16649969,0,00:09,20:00,,,437,Logan,2026020008,#FC4C02,Stanley,1,8479378,9,19:51,NYI,2,New York Islanders,517
16650190,0,00:54,01:37,,,504,Logan,2026020008,#FC4C02,Stanley,2,8479378,10,00:43,NYI,2,New York Islanders,517
16650191,0,00:05,06:41,,,572,Logan,2026020008,#FC4C02,Stanley,2,8479378,11,06:36,NYI,2,New York Islanders,517
16650358,0,00:13,08:18,,,593,Logan,2026020008,#FC4C02,Stanley,2,8479378,12,08:05,NYI,2,New York Islanders,517
16650359,0,01:07,13:05,,,694,Logan,2026020008,#FC4C02,Stanley,2,8479378,13,11:58,NYI,2,New York Islanders,517
16650458,0,01:36,18:14,,,758,Logan,2026020008,#FC4C02,Stanley,2,8479378,14,16:38,NYI,2,New York Islanders,517
16650459,0,00:20,19:50,,,796,Logan,2026020008,#FC4C02,Stanley,2,8479378,15,19:30,NYI,2,New York Islanders,517
16650679,0,00:45,02:24,,,825,Logan,2026020008,#FC4C02,Stanley,3,8479378,16,01:39,NYI,2,New York Islanders,517
16650680,0,01:44,06:01,,,863,Logan,2026020008,#FC4C02,Stanley,3,8479378,17,04:17,NYI,2,New York Islanders,517
16650884,0,00:37,10:46,,,937,Logan,2026020008,#FC4C02,Stanley,3,8479378,18,10:09,NYI,2,New York Islanders,517
16650885,0,01:46,15:52,,,1001,Logan,2026020008,#FC4C02,Stanley,3,8479378,19,14:06,NYI,2,New York Islanders,517
16649665,0,00:31,01:48,,,74,Troy,2026020008,#00205B,Stecher,1,8479442,1,01:17,TOR,10,Toronto Maple Leafs,517
16649666,0,00:36,04:17,,,106,Troy,2026020008,#00205B,Stecher,1,8479442,2,03:41,TOR,10,Toronto Maple Leafs,517
16649849,0,01:08,06:52,,,137,Troy,2026020008,#00205B,Stecher,1,8479442,3,05:44,TOR,10,Toronto Maple Leafs,517
16649850,0,00:20,07:14,,,156,Troy,2026020008,#00205B,Stecher,1,8479442,4,06:54,TOR,10,Toronto Maple Leafs,517
16649851,0,00:46,09:41,,,185,Troy,2026020008,#00205B,Stecher,1,8479442,5,08:55,TOR,10,Toronto Maple Leafs,517
16649970,0,00:22,12:17,,,279,Troy,2026020008,#00205B,Stecher,1,8479442,6,11:55,TOR,10,Toronto Maple Leafs,517
16649971,0,00:39,14:33,,,311,Troy,2026020008,#00205B,Stecher,1,8479442,7,13:54,TOR,10,Toronto Maple Leafs,517
16649972,0,00:32,18:33,,,406,Troy,2026020008,#00205B,Stecher,1,8479442,8,18:01,TOR,10,Toronto Maple Leafs,517
16650192,0,00:08,01:59,,,520,Troy,2026020008,#00205B,Stecher,2,8479442,9,01:51,TOR,10,Toronto Maple Leafs,517
16650193,0,00:50,03:20,,,527,Troy,2026020008,#00205B,Stecher,2,8479442,10,02:30,TOR,10,Toronto Maple Leafs,517
16650194,0,01:32,05:34,,,550,Troy,2026020008,#00205B,Stecher,2,8479442,11,04:02,TOR,10,Toronto Maple Leafs,517
16650360,0,00:06,08:35,,,657,Troy,2026020008,#00205B,Stecher,2,8479442,12,08:29,TOR,10,Toronto Maple Leafs,517
16650361,0,01:00,11:14,,,673,Troy,2026020008,#00205B,Stecher,2,8479442,13,10:14,TOR,10,Toronto Maple Leafs,517
16650362,0,00:52,13:48,,,706,Troy,2026020008,#00205B,Stecher,2,8479442,14,12:56,TOR,10,Toronto Maple Leafs,517
16650460,0,00:58,16:50,,,748,Troy,2026020008,#00205B,Stecher,2,8479442,15,15:52,TOR,10,Toronto Maple Leafs,517
16650681,0,00:30,02:04,,,823,Troy,2026020008,#00205B,Stecher,3,8479442,16,01:34,TOR,10,Toronto Maple Leafs,517
16650682,0,00:37,04:17,,,857,Troy,2026020008,#00205B,Stecher,3,8479442,17,03:40,TOR,10,Toronto Maple Leafs,517
16650683,0,00:13,06:59,,,886,Troy,2026020008,#00205B,Stecher,3,8479442,18,06:46,TOR,10,Toronto Maple Leafs,517
16650684,0,00:49,08:39,,,908,Troy,2026020008,#00205B,Stecher,3,8479442,19,07:50,TOR,10,Toronto Maple Leafs,517
16650886,0,00:28,10:00,,,928,Troy,2026020008,#00205B,Stecher,3,8479442,20,09:32,TOR,10,Toronto Maple Leafs,517
16650887,0,00:49,12:26,,,958,Troy,2026020008,#00205B,Stecher,3,8479442,21,11:37,TOR,10,Toronto Maple Leafs,517
16650888,0,00:29,13:27,,,975,Troy,2026020008,#00205B,Stecher,3,8479442,22,12:58,TOR,10,Toronto Maple Leafs,517
16650997,0,00:56,17:35,,,1031,Troy,2026020008,#00205B,Stecher,3,8479442,23,16:39,TOR,10,Toronto Maple Leafs,517
16650998,0,00:54,20:00,,,1060,Troy,2026020008,#00205B,Stecher,3,8479442,24,19:06,TOR,10,Toronto Maple Leafs,517
16649667,0,00:39,02:44,,,85,Brandon,2026020008,#00205B,Duhaime,1,8479520,1,02:05,TOR,10,Toronto Maple Leafs,517
16649852,0,01:05,06:44,,,135,Brandon,2026020008,#00205B,Duhaime,1,8479520,2,05:39,TOR,10,Toronto Maple Leafs,517
16649973,0,00:42,12:37,,,279,Brandon,2026020008,#00205B,Duhaime,1,8479520,3,11:55,TOR,10,Toronto Maple Leafs,517
16649974,0,00:52,15:25,,,318,Brandon,2026020008,#00205B,Duhaime,1,8479520,4,14:33,TOR,10,Toronto Maple Leafs,517
16649975,0,00:38,18:26,,,401,Brandon,2026020008,#00205B,Duhaime,1,8479520,5,17:48,TOR,10,Toronto Maple Leafs,517
16649976,0,00:38,20:00,,,431,Brandon,2026020008,#00205B,Duhaime,1,8479520,6,19:22,TOR,10,Toronto Maple Leafs,517
16650195,0,00:31,02:30,,,524,Brandon,2026020008,#00205B,Duhaime,2,8479520,7,01:59,TOR,10,Toronto Maple Leafs,517
16650196,0,00:20,04:01,,,541,Brandon,2026020008,#00205B,Duhaime,2,8479520,8,03:41,TOR,10,Toronto Maple Leafs,517
16650197,0,00:54,05:35,,,555,Brandon,2026020008,#00205B,Duhaime,2,8479520,9,04:41,TOR,10,Toronto Maple Leafs,517
16650363,0,00:05,08:05,,,588,Brandon,2026020008,#00205B,Duhaime,2,8479520,10,08:00,TOR,10,Toronto Maple Leafs,517
16650364,0,00:13,08:48,,,660,Brandon,2026020008,#00205B,Duhaime,2,8479520,11,08:35,TOR,10,Toronto Maple Leafs,517
16650365,0,00:52,11:06,,,673,Brandon,2026020008,#00205B,Duhaime,2,8479520,12,10:14,TOR,10,Toronto Maple Leafs,517
16650366,0,00:20,14:53,,,731,Brandon,2026020008,#00205B,Duhaime,2,8479520,13,14:33,TOR,10,Toronto Maple Leafs,517
16650461,0,00:42,17:45,,,764,Brandon,2026020008,#00205B,Duhaime,2,8479520,14,17:03,TOR,10,Toronto Maple Leafs,517
16650685,0,00:28,03:07,,,844,Brandon,2026020008,#00205B,Duhaime,3,8479520,15,02:39,TOR,10,Toronto Maple Leafs,517
16650686,0,01:17,05:34,,,864,Brandon,2026020008,#00205B,Duhaime,3,8479520,16,04:17,TOR,10,Toronto Maple Leafs,517
16650687,0,00:52,07:51,,,900,Brandon,2026020008,#00205B,Duhaime,3,8479520,17,06:59,TOR,10,Toronto Maple Leafs,517
16650688,0,00:24,09:04,,,917,Brandon,2026020008,#00205B,Duhaime,3,8479520,18,08:40,TOR,10,Toronto Maple Leafs,517
16650889,0,00:45,11:35,,,946,Brandon,2026020008,#00205B,Duhaime,3,8479520,19,10:50,TOR,10,Toronto Maple Leafs,517
16650999,0,00:48,16:41,,,1021,Brandon,2026020008,#00205B,Duhaime,3,8479520,20,15:53,TOR,10,Toronto Maple Leafs,517
16651000,0,01:34,19:06,,,1044,Brandon,2026020008,#00205B,Duhaime,3,8479520,21,17:32,TOR,10,Toronto Maple Leafs,517
16649668,0,00:39,02:44,,,85,Bo,2026020008,#00205B,Groulx,1,8480870,1,02:05,TOR,10,Toronto Maple Leafs,517
16649853,0,01:10,06:47,,,134,Bo,2026020008,#00205B,Groulx,1,8480870,2,05:37,TOR,10,Toronto Maple Leafs,517
16649854,0,00:36,10:01,,,191,Bo,2026020008,#00205B,Groulx,1,8480870,3,09:25,TOR,10,Toronto Maple Leafs,517
16649977,0,00:42,12:37,,,279,Bo,2026020008,#00205B,Groulx,1,8480870,4,11:55,TOR,10,Toronto Maple Leafs,517
16649978,0,00:45,18:34,,,402,Bo,2026020008,#00205B,Groulx,1,8480870,5,17:49,TOR,10,Toronto Maple Leafs,517
16649979,0,00:37,20:00,,,433,Bo,2026020008,#00205B,Groulx,1,8480870,6,19:23,TOR,10,Toronto Maple Leafs,517
16650198,0,00:43,02:30,,,519,Bo,2026020008,#00205B,Groulx,2,8480870,7,01:47,TOR,10,Toronto Maple Leafs,517
16650367,0,00:09,08:05,,,587,Bo,2026020008,#00205B,Groulx,2,8480870,8,07:56,TOR,10,Toronto Maple Leafs,517
16650368,0,01:26,10:14,,,666,Bo,2026020008,#00205B,Groulx,2,8480870,9,08:48,TOR,10,Toronto Maple Leafs,517
16650369,0,00:27,14:53,,,726,Bo,2026020008,#00205B,Groulx,2,8480870,10,14:26,TOR,10,Toronto Maple Leafs,517
16650462,0,00:49,17:49,,,762,Bo,2026020008,#00205B,Groulx,2,8480870,11,17:00,TOR,10,Toronto Maple Leafs,517
16650689,0,00:28,03:07,,,844,Bo,2026020008,#00205B,Groulx,3,8480870,12,02:39,TOR,10,Toronto Maple Leafs,517
16650690,0,01:18,05:35,,,864,Bo,2026020008,#00205B,Groulx,3,8480870,13,04:17,TOR,10,Toronto Maple Leafs,517
16649669,0,00:42,01:17,,,64,Kirill,2026020008,#00205B,Marchenko,1,8480893,1,00:35,TOR,10,Toronto Maple Leafs,517
16649670,0,00:55,04:27,,,99,Kirill,2026020008,#00205B,Marchenko,1,8480893,2,03:32,TOR,10,Toronto Maple Leafs,517
16649855,0,00:49,08:03,,,165,Kirill,2026020008,#00205B,Marchenko,1,8480893,3,07:14,TOR,10,Toronto Maple Leafs,517
16649856,0,01:20,11:21,,,260,Kirill,2026020008,#00205B,Marchenko,1,8480893,4,10:01,TOR,10,Toronto Maple Leafs,517
16649980,0,00:27,13:54,,,303,Kirill,2026020008,#00205B,Marchenko,1,8480893,5,13:27,TOR,10,Toronto Maple Leafs,517
16649981,0,02:08,16:41,,,318,Kirill,2026020008,#00205B,Marchenko,1,8480893,6,14:33,TOR,10,Toronto Maple Leafs,517
16649982,0,00:48,19:22,,,417,Kirill,2026020008,#00205B,Marchenko,1,8480893,7,18:34,TOR,10,Toronto Maple Leafs,517
16650199,0,00:41,00:41,,,446,Kirill,2026020008,#00205B,Marchenko,2,8480893,8,00:00,TOR,10,Toronto Maple Leafs,517
16650200,0,00:48,03:18,,,527,Kirill,2026020008,#00205B,Marchenko,2,8480893,9,02:30,TOR,10,Toronto Maple Leafs,517
16650370,0,01:19,08:00,,,577,Kirill,2026020008,#00205B,Marchenko,2,8480893,10,06:41,TOR,10,Toronto Maple Leafs,517
16650371,0,00:51,13:47,,,706,Kirill,2026020008,#00205B,Marchenko,2,8480893,11,12:56,TOR,10,Toronto Maple Leafs,517
16650463,0,01:04,17:03,,,750,Kirill,2026020008,#00205B,Marchenko,2,8480893,12,15:59,TOR,10,Toronto Maple Leafs,517
16650464,0,01:41,19:30,,,774,Kirill,2026020008,#00205B,Marchenko,2,8480893,13,17:49,TOR,10,Toronto Maple Leafs,517
16650691,0,00:58,00:58,,,804,Kirill,2026020008,#00205B,Marchenko,3,8480893,14,00:00,TOR,10,Toronto Maple Leafs,517
16650692,0,00:33,03:40,,,851,Kirill,2026020008,#00205B,Marchenko,3,8480893,15,03:07,TOR,10,Toronto Maple Leafs,517
16650693,0,00:07,06:59,,,890,Kirill,2026020008,#00205B,Marchenko,3,8480893,16,06:52,TOR,10,Toronto Maple Leafs,517
16650890,0,00:33,09:32,,,920,Kirill,2026020008,#00205B,Marchenko,3,8480893,17,08:59,TOR,10,Toronto Maple Leafs,517
16650891,0,00:35,10:50,,,938,Kirill,2026020008,#00205B,Marchenko,3,8480893,18,10:15,TOR,10,Toronto Maple Leafs,517
16650892,0,01:00,14:09,,,981,Kirill,2026020008,#00205B,Marchenko,3,8480893,19,13:09,TOR,10,Toronto Maple Leafs,517
16651001,0,00:57,16:45,,,1014,Kirill,2026020008,#00205B,Marchenko,3,8480893,20,15:48,TOR,10,Toronto Maple Leafs,517
16649671,0,00:42,01:17,,,63,Alexander,2026020008,#FC4C02,Romanov,1,8481014,1,00:35,NYI,2,New York Islanders,517
16649672,0,00:52,03:34,,,92,Alexander,2026020008,#FC4C02,Romanov,1,8481014,2,02:42,NYI,2,New York Islanders,517
16649673,0,00:40,05:03,,,113,Alexander,2026020008,#FC4C02,Romanov,1,8481014,3,04:23,NYI,2,New York Islanders,517
16649857,0,00:40,08:37,,,169,Alexander,2026020008,#FC4C02,Romanov,1,8481014,4,07:57,NYI,2,New York Islanders,517
16649858,0,00:38,10:01,,,192,Alexander,2026020008,#FC4C02,Romanov,1,8481014,5,09:23,NYI,2,New York Islanders,517
16649859,0,00:44,11:18,,,264,Alexander,2026020008,#FC4C02,Romanov,1,8481014,6,10:34,NYI,2,New York Islanders,517
16649983,0,00:27,13:54,,,304,Alexander,2026020008,#FC4C02,Romanov,1,8481014,7,13:27,NYI,2,New York Islanders,517
16649984,0,00:37,16:41,,,333,Alexander,2026020008,#FC4C02,Romanov,1,8481014,8,16:04,NYI,2,New York Islanders,517
16649985,0,01:33,18:34,,,342,Alexander,2026020008,#FC4C02,Romanov,1,8481014,9,17:01,NYI,2,New York Islanders,517
16650201,0,01:24,03:01,,,517,Alexander,2026020008,#FC4C02,Romanov,2,8481014,10,01:37,NYI,2,New York Islanders,517
16650202,0,01:18,07:19,,,567,Alexander,2026020008,#FC4C02,Romanov,2,8481014,11,06:01,NYI,2,New York Islanders,517
16650372,0,00:08,08:05,,,589,Alexander,2026020008,#FC4C02,Romanov,2,8481014,12,07:57,NYI,2,New York Islanders,517
16650373,0,00:51,12:12,,,686,Alexander,2026020008,#FC4C02,Romanov,2,8481014,13,11:21,NYI,2,New York Islanders,517
16650374,0,01:40,14:53,,,710,Alexander,2026020008,#FC4C02,Romanov,2,8481014,14,13:13,NYI,2,New York Islanders,517
16650465,0,00:32,16:14,,,743,Alexander,2026020008,#FC4C02,Romanov,2,8481014,15,15:42,NYI,2,New York Islanders,517
16650466,0,00:32,18:14,,,772,Alexander,2026020008,#FC4C02,Romanov,2,8481014,16,17:42,NYI,2,New York Islanders,517
16650467,0,00:20,19:50,,,794,Alexander,2026020008,#FC4C02,Romanov,2,8481014,17,19:30,NYI,2,New York Islanders,517
16650694,0,00:41,01:36,,,818,Alexander,2026020008,#FC4C02,Romanov,3,8481014,18,00:55,NYI,2,New York Islanders,517
16650695,0,00:33,03:40,,,850,Alexander,2026020008,#FC4C02,Romanov,3,8481014,19,03:07,NYI,2,New York Islanders,517
16650893,0,00:31,10:08,,,929,Alexander,2026020008,#FC4C02,Romanov,3,8481014,20,09:37,NYI,2,New York Islanders,517
16650894,0,01:46,15:50,,,999,Alexander,2026020008,#FC4C02,Romanov,3,8481014,21,14:04,NYI,2,New York Islanders,517
16649674,0,00:35,00:35,,,5,Simon,2026020008,#FC4C02,Holmstrom,1,8481601,1,00:00,NYI,2,New York Islanders,517
16649675,0,00:49,03:32,,,93,Simon,2026020008,#FC4C02,Holmstrom,1,8481601,2,02:43,NYI,2,New York Islanders,517
16649860,0,01:02,06:40,,,131,Simon,2026020008,#FC4C02,Holmstrom,1,8481601,3,05:38,NYI,2,New York Islanders,517
16649861,0,01:50,10:35,,,181,Simon,2026020008,#FC4C02,Holmstrom,1,8481601,4,08:45,NYI,2,New York Islanders,517
16649986,0,01:04,13:21,,,285,Simon,2026020008,#FC4C02,Holmstrom,1,8481601,5,12:17,NYI,2,New York Islanders,517
16649987,0,00:23,15:48,,,326,Simon,2026020008,#FC4C02,Holmstrom,1,8481601,6,15:25,NYI,2,New York Islanders,517
16649988,0,01:24,18:26,,,343,Simon,2026020008,#FC4C02,Holmstrom,1,8481601,7,17:02,NYI,2,New York Islanders,517
16650203,0,00:46,01:28,,,503,Simon,2026020008,#FC4C02,Holmstrom,2,8481601,8,00:42,NYI,2,New York Islanders,517
16650204,0,01:00,05:41,,,554,Simon,2026020008,#FC4C02,Holmstrom,2,8481601,9,04:41,NYI,2,New York Islanders,517
16650375,0,00:24,08:29,,,593,Simon,2026020008,#FC4C02,Holmstrom,2,8481601,10,08:05,NYI,2,New York Islanders,517
16650376,0,01:04,11:21,,,672,Simon,2026020008,#FC4C02,Holmstrom,2,8481601,11,10:17,NYI,2,New York Islanders,517
16650377,0,00:40,13:45,,,708,Simon,2026020008,#FC4C02,Holmstrom,2,8481601,12,13:05,NYI,2,New York Islanders,517
16650468,0,00:30,16:14,,,746,Simon,2026020008,#FC4C02,Holmstrom,2,8481601,13,15:44,NYI,2,New York Islanders,517
16650469,0,00:25,18:39,,,780,Simon,2026020008,#FC4C02,Holmstrom,2,8481601,14,18:14,NYI,2,New York Islanders,517
16650696,0,00:37,03:07,,,840,Simon,2026020008,#FC4C02,Holmstrom,3,8481601,15,02:30,NYI,2,New York Islanders,517
16650697,0,01:20,05:37,,,863,Simon,2026020008,#FC4C02,Holmstrom,3,8481601,16,04:17,NYI,2,New York Islanders,517
16650698,0,00:47,09:04,,,912,Simon,2026020008,#FC4C02,Holmstrom,3,8481601,17,08:17,NYI,2,New York Islanders,517
16650895,0,00:46,12:26,,,956,Simon,2026020008,#FC4C02,Holmstrom,3,8481601,18,11:40,NYI,2,New York Islanders,517
16650896,0,00:15,13:47,,,988,Simon,2026020008,#FC4C02,Holmstrom,3,8481601,19,13:32,NYI,2,New York Islanders,517
16650897,0,01:37,15:46,,,1002,Simon,2026020008,#FC4C02,Holmstrom,3,8481601,20,14:09,NYI,2,New York Islanders,517
16651002,0,00:49,16:43,,,1024,Simon,2026020008,#FC4C02,Holmstrom,3,8481601,21,15:54,NYI,2,New York Islanders,517
16651003,0,02:10,20:00,,,1050,Simon,2026020008,#FC4C02,Holmstrom,3,8481601,22,17:50,NYI,2,New York Islanders,517
16649676,0,00:45,02:05,,,73,Matias,2026020008,#FC4C02,Maccelli,1,8481711,1,01:20,NYI,2,New York Islanders,517
16649677,0,00:41,05:06,,,116,Matias,2026020008,#FC4C02,Maccelli,1,8481711,2,04:25,NYI,2,New York Islanders,517
16649862,0,00:43,07:57,,,163,Matias,2026020008,#FC4C02,Maccelli,1,8481711,3,07:14,NYI,2,New York Islanders,517
16649989,0,00:22,12:17,,,278,Matias,2026020008,#FC4C02,Maccelli,1,8481711,4,11:55,NYI,2,New York Islanders,517
16649990,0,00:52,15:25,,,316,Matias,2026020008,#FC4C02,Maccelli,1,8481711,5,14:33,NYI,2,New York Islanders,517
16649991,0,00:36,20:00,,,432,Matias,2026020008,#FC4C02,Maccelli,1,8481711,6,19:24,NYI,2,New York Islanders,517
16650205,0,01:33,03:01,,,514,Matias,2026020008,#FC4C02,Maccelli,2,8481711,7,01:28,NYI,2,New York Islanders,517
16650206,0,01:04,04:45,,,546,Matias,2026020008,#FC4C02,Maccelli,2,8481711,8,03:41,NYI,2,New York Islanders,517
16650378,0,01:57,10:26,,,656,Matias,2026020008,#FC4C02,Maccelli,2,8481711,9,08:29,NYI,2,New York Islanders,517
16650379,0,01:18,15:48,,,730,Matias,2026020008,#FC4C02,Maccelli,2,8481711,10,14:30,NYI,2,New York Islanders,517
16650699,0,00:47,02:30,,,828,Matias,2026020008,#FC4C02,Maccelli,3,8481711,11,01:43,NYI,2,New York Islanders,517
16650700,0,01:12,06:49,,,876,Matias,2026020008,#FC4C02,Maccelli,3,8481711,12,05:37,NYI,2,New York Islanders,517
16650701,0,01:17,08:16,,,899,Matias,2026020008,#FC4C02,Maccelli,3,8481711,13,06:59,NYI,2,New York Islanders,517
16650898,0,00:42,10:46,,,933,Matias,2026020008,#FC4C02,Maccelli,3,8481711,14,10:04,NYI,2,New York Islanders,517
16650899,0,00:47,11:37,,,950,Matias,2026020008,#FC4C02,Maccelli,3,8481711,15,10:50,NYI,2,New York Islanders,517
16650900,0,00:37,13:03,,,968,Matias,2026020008,#FC4C02,Maccelli,3,8481711,16,12:26,NYI,2,New York Islanders,517
16650901,0,00:22,15:54,,,1009,Matias,2026020008,#FC4C02,Maccelli,3,8481711,17,15:32,NYI,2,New York Islanders,517
16651004,0,02:04,20:00,,,1051,Matias,2026020008,#FC4C02,Maccelli,3,8481711,18,17:56,NYI,2,New York Islanders,517
16649678,0,00:45,01:20,,,63,Emil,2026020008,#FC4C02,Heineman,1,8482476,1,00:35,NYI,2,New York Islanders,517
16649679,0,00:49,04:23,,,101,Emil,2026020008,#FC4C02,Heineman,1,8482476,2,03:34,NYI,2,New York Islanders,517
16649863,0,00:31,07:14,,,147,Emil,2026020008,#FC4C02,Heineman,1,8482476,3,06:43,NYI,2,New York Islanders,517
16649864,0,00:43,11:18,,,265,Emil,2026020008,#FC4C02,Heineman,1,8482476,4,10:35,NYI,2,New York Islanders,517
16649992,0,00:33,13:54,,,298,Emil,2026020008,#FC4C02,Heineman,1,8482476,5,13:21,NYI,2,New York Islanders,517
16649993,0,00:53,16:41,,,331,Emil,2026020008,#FC4C02,Heineman,1,8482476,6,15:48,NYI,2,New York Islanders,517
16649994,0,00:58,19:24,,,411,Emil,2026020008,#FC4C02,Heineman,1,8482476,7,18:26,NYI,2,New York Islanders,517
16650207,0,00:42,00:42,,,447,Emil,2026020008,#FC4C02,Heineman,2,8482476,8,00:00,NYI,2,New York Islanders,517
16650208,0,00:05,06:41,,,572,Emil,2026020008,#FC4C02,Heineman,2,8482476,9,06:36,NYI,2,New York Islanders,517
16650380,0,00:38,08:05,,,586,Emil,2026020008,#FC4C02,Heineman,2,8482476,10,07:27,NYI,2,New York Islanders,517
16650381,0,00:53,13:05,,,697,Emil,2026020008,#FC4C02,Heineman,2,8482476,11,12:12,NYI,2,New York Islanders,517
16650470,0,00:47,17:01,,,756,Emil,2026020008,#FC4C02,Heineman,2,8482476,12,16:14,NYI,2,New York Islanders,517
16650471,0,00:51,19:30,,,788,Emil,2026020008,#FC4C02,Heineman,2,8482476,13,18:39,NYI,2,New York Islanders,517
16650924,802,,14:09,SHG,Bo Horvat,997,Emil,2026020008,#FC4C02,Heineman,3,8482476,0,14:09,NYI,2,New York Islanders,505
16650702,0,00:50,01:43,,,816,Emil,2026020008,#FC4C02,Heineman,3,8482476,14,00:53,NYI,2,New York Islanders,517
16650703,0,00:37,04:17,,,858,Emil,2026020008,#FC4C02,Heineman,3,8482476,15,03:40,NYI,2,New York Islanders,517
16650902,0,01:20,10:04,,,918,Emil,2026020008,#FC4C02,Heineman,3,8482476,16,08:44,NYI,2,New York Islanders,517
16650903,0,00:04,10:50,,,944,Emil,2026020008,#FC4C02,Heineman,3,8482476,17,10:46,NYI,2,New York Islanders,517
16650904,0,00:29,13:32,,,977,Emil,2026020008,#FC4C02,Heineman,3,8482476,18,13:03,NYI,2,New York Islanders,517
16650905,0,00:22,14:09,,,996,Emil,2026020008,#FC4C02,Heineman,3,8482476,19,13:47,NYI,2,New York Islanders,517
16651005,0,00:36,17:50,,,1041,Emil,2026020008,#FC4C02,Heineman,3,8482476,20,17:14,NYI,2,New York Islanders,517
16650925,803,,11:55,PPG,"Jack Roslovic, Morgan Rielly",351,Easton,2026020008,#00205B,Cowan,1,8484158,0,11:55,TOR,10,Toronto Maple Leafs,505
16649680,0,00:35,00:35,,,4,Easton,2026020008,#00205B,Cowan,1,8484158,1,00:00,TOR,10,Toronto Maple Leafs,517
16649681,0,00:48,03:32,,,95,Easton,2026020008,#00205B,Cowan,1,8484158,2,02:44,TOR,10,Toronto Maple Leafs,517
16649865,0,00:30,07:14,,,148,Easton,2026020008,#00205B,Cowan,1,8484158,3,06:44,TOR,10,Toronto Maple Leafs,517
16649866,0,00:43,08:47,,,174,Easton,2026020008,#00205B,Cowan,1,8484158,4,08:04,TOR,10,Toronto Maple Leafs,517
16649867,0,00:34,11:55,,,271,Easton,2026020008,#00205B,Cowan,1,8484158,5,11:21,TOR,10,Toronto Maple Leafs,517
16649995,0,00:50,13:27,,,294,Easton,2026020008,#00205B,Cowan,1,8484158,6,12:37,TOR,10,Toronto Maple Leafs,517
16649996,0,01:08,17:49,,,338,Easton,2026020008,#00205B,Cowan,1,8484158,7,16:41,TOR,10,Toronto Maple Leafs,517
16650209,0,00:39,01:20,,,505,Easton,2026020008,#00205B,Cowan,2,8484158,8,00:41,TOR,10,Toronto Maple Leafs,517
16650210,0,00:51,05:34,,,557,Easton,2026020008,#00205B,Cowan,2,8484158,9,04:43,TOR,10,Toronto Maple Leafs,517
16650382,0,00:30,08:35,,,594,Easton,2026020008,#00205B,Cowan,2,8484158,10,08:05,TOR,10,Toronto Maple Leafs,517
16650383,0,01:21,11:36,,,674,Easton,2026020008,#00205B,Cowan,2,8484158,11,10:15,TOR,10,Toronto Maple Leafs,517
16650384,0,00:45,14:33,,,718,Easton,2026020008,#00205B,Cowan,2,8484158,12,13:48,TOR,10,Toronto Maple Leafs,517
16650472,0,00:30,20:00,,,795,Easton,2026020008,#00205B,Cowan,2,8484158,13,19:30,TOR,10,Toronto Maple Leafs,517
16650704,0,00:37,01:31,,,814,Easton,2026020008,#00205B,Cowan,3,8484158,14,00:54,TOR,10,Toronto Maple Leafs,517
16650705,0,00:37,04:17,,,857,Easton,2026020008,#00205B,Cowan,3,8484158,15,03:40,TOR,10,Toronto Maple Leafs,517
16650706,0,00:26,09:04,,,914,Easton,2026020008,#00205B,Cowan,3,8484158,16,08:38,TOR,10,Toronto Maple Leafs,517
16650906,0,01:12,15:21,,,1003,Easton,2026020008,#00205B,Cowan,3,8484158,17,14:09,TOR,10,Toronto Maple Leafs,517
16651006,0,00:47,17:32,,,1036,Easton,2026020008,#00205B,Cowan,3,8484158,18,16:45,TOR,10,Toronto Maple Leafs,517
16649682,0,00:45,01:49,,,69,Calum,2026020008,#FC4C02,Ritchie,1,8484221,1,01:04,NYI,2,New York Islanders,517
16649683,0,00:45,05:08,,,113,Calum,2026020008,#FC4C02,Ritchie,1,8484221,2,04:23,NYI,2,New York Islanders,517
16649868,0,00:47,08:01,,,163,Calum,2026020008,#FC4C02,Ritchie,1,8484221,3,07:14,NYI,2,New York Islanders,517
16649997,0,00:22,12:17,,,278,Calum,2026020008,#FC4C02,Ritchie,1,8484221,4,11:55,NYI,2,New York Islanders,517
16649998,0,00:52,15:25,,,316,Calum,2026020008,#FC4C02,Ritchie,1,8484221,5,14:33,NYI,2,New York Islanders,517
16649999,0,00:40,20:00,,,430,Calum,2026020008,#FC4C02,Ritchie,1,8484221,6,19:20,NYI,2,New York Islanders,517
16650211,0,01:19,02:48,,,515,Calum,2026020008,#FC4C02,Ritchie,2,8484221,7,01:29,NYI,2,New York Islanders,517
16650212,0,01:28,06:13,,,558,Calum,2026020008,#FC4C02,Ritchie,2,8484221,8,04:45,NYI,2,New York Islanders,517
16650385,0,00:06,08:35,,,656,Calum,2026020008,#FC4C02,Ritchie,2,8484221,9,08:29,NYI,2,New York Islanders,517
16650386,0,00:54,11:23,,,677,Calum,2026020008,#FC4C02,Ritchie,2,8484221,10,10:29,NYI,2,New York Islanders,517
16650387,0,00:58,14:40,,,715,Calum,2026020008,#FC4C02,Ritchie,2,8484221,11,13:42,NYI,2,New York Islanders,517
16650473,0,01:15,18:14,,,761,Calum,2026020008,#FC4C02,Ritchie,2,8484221,12,16:59,NYI,2,New York Islanders,517
16650707,0,01:00,02:39,,,825,Calum,2026020008,#FC4C02,Ritchie,3,8484221,13,01:39,NYI,2,New York Islanders,517
16650708,0,01:11,06:48,,,876,Calum,2026020008,#FC4C02,Ritchie,3,8484221,14,05:37,NYI,2,New York Islanders,517
16650709,0,00:48,09:04,,,911,Calum,2026020008,#FC4C02,Ritchie,3,8484221,15,08:16,NYI,2,New York Islanders,517
16650907,0,00:46,10:27,,,930,Calum,2026020008,#FC4C02,Ritchie,3,8484221,16,09:41,NYI,2,New York Islanders,517
16650908,0,00:49,12:26,,,952,Calum,2026020008,#FC4C02,Ritchie,3,8484221,17,11:37,NYI,2,New York Islanders,517
16650909,0,00:26,13:32,,,980,Calum,2026020008,#FC4C02,Ritchie,3,8484221,18,13:06,NYI,2,New York Islanders,517
16651007,0,00:52,17:35,,,1033,Calum,2026020008,#FC4C02,Ritchie,3,8484221,19,16:43,NYI,2,New York Islanders,517
16649684,0,00:35,00:35,,,5,Matthew,2026020008,#FC4C02,Schaefer,1,8485366,1,00:00,NYI,2,New York Islanders,517
16649685,0,01:02,02:05,,,68,Matthew,2026020008,#FC4C02,Schaefer,1,8485366,2,01:03,NYI,2,New York Islanders,517
16649686,0,00:51,04:23,,,100,Matthew,2026020008,#FC4C02,Schaefer,1,8485366,3,03:32,NYI,2,New York Islanders,517
16649869,0,00:48,06:46,,,140,Matthew,2026020008,#FC4C02,Schaefer,1,8485366,4,05:58,NYI,2,New York Islanders,517
16649870,0,00:43,07:57,,,163,Matthew,2026020008,#FC4C02,Schaefer,1,8485366,5,07:14,NYI,2,New York Islanders,517
16650000,0,00:22,12:17,,,278,Matthew,2026020008,#FC4C02,Schaefer,1,8485366,6,11:55,NYI,2,New York Islanders,517
16650001,0,00:50,13:27,,,293,Matthew,2026020008,#FC4C02,Schaefer,1,8485366,7,12:37,NYI,2,New York Islanders,517
16650002,0,01:31,15:25,,,310,Matthew,2026020008,#FC4C02,Schaefer,1,8485366,8,13:54,NYI,2,New York Islanders,517
16650003,0,00:57,18:22,,,345,Matthew,2026020008,#FC4C02,Schaefer,1,8485366,9,17:25,NYI,2,New York Islanders,517
16650004,0,00:41,20:00,,,429,Matthew,2026020008,#FC4C02,Schaefer,1,8485366,10,19:19,NYI,2,New York Islanders,517
16650213,0,00:43,00:43,,,447,Matthew,2026020008,#FC4C02,Schaefer,2,8485366,11,00:00,NYI,2,New York Islanders,517
16650214,0,01:54,04:55,,,531,Matthew,2026020008,#FC4C02,Schaefer,2,8485366,12,03:01,NYI,2,New York Islanders,517
16650388,0,00:46,08:05,,,583,Matthew,2026020008,#FC4C02,Schaefer,2,8485366,13,07:19,NYI,2,New York Islanders,517
16650389,0,02:11,10:29,,,598,Matthew,2026020008,#FC4C02,Schaefer,2,8485366,14,08:18,NYI,2,New York Islanders,517
16650390,0,00:37,12:49,,,697,Matthew,2026020008,#FC4C02,Schaefer,2,8485366,15,12:12,NYI,2,New York Islanders,517
16650391,0,00:51,15:44,,,738,Matthew,2026020008,#FC4C02,Schaefer,2,8485366,16,14:53,NYI,2,New York Islanders,517
16650474,0,00:45,16:59,,,756,Matthew,2026020008,#FC4C02,Schaefer,2,8485366,17,16:14,NYI,2,New York Islanders,517
16650710,0,00:31,00:55,,,812,Matthew,2026020008,#FC4C02,Schaefer,3,8485366,18,00:24,NYI,2,New York Islanders,517
16650711,0,00:43,03:07,,,836,Matthew,2026020008,#FC4C02,Schaefer,3,8485366,19,02:24,NYI,2,New York Islanders,517
16650712,0,00:37,04:17,,,858,Matthew,2026020008,#FC4C02,Schaefer,3,8485366,20,03:40,NYI,2,New York Islanders,517
16650713,0,01:37,06:20,,,868,Matthew,2026020008,#FC4C02,Schaefer,3,8485366,21,04:43,NYI,2,New York Islanders,517
16650714,0,01:39,08:38,,,899,Matthew,2026020008,#FC4C02,Schaefer,3,8485366,22,06:59,NYI,2,New York Islanders,517
16650910,0,00:37,10:45,,,935,Matthew,2026020008,#FC4C02,Schaefer,3,8485366,23,10:08,NYI,2,New York Islanders,517
16650911,0,01:07,11:57,,,950,Matthew,2026020008,#FC4C02,Schaefer,3,8485366,24,10:50,NYI,2,New York Islanders,517
16650912,0,01:06,13:32,,,968,Matthew,2026020008,#FC4C02,Schaefer,3,8485366,25,12:26,NYI,2,New York Islanders,517
16651008,0,01:16,17:06,,,1019,Matthew,2026020008,#FC4C02,Schaefer,3,8485366,26,15:50,NYI,2,New York Islanders,517
16651009,0,02:25,20:00,,,1047,Matthew,2026020008,#FC4C02,Schaefer,3,8485366,27,17:35,NYI,2,New York Islanders,517
16649687,0,00:43,01:18,,,63,Victor,2026020008,#FC4C02,Eklund,1,8485388,1,00:35,NYI,2,New York Islanders,517
16649688,0,00:48,04:23,,,102,Victor,2026020008,#FC4C02,Eklund,1,8485388,2,03:35,NYI,2,New York Islanders,517
16649871,0,00:30,07:14,,,150,Victor,2026020008,#FC4C02,Eklund,1,8485388,3,06:44,NYI,2,New York Islanders,517
16649872,0,00:37,10:01,,,193,Victor,2026020008,#FC4C02,Eklund,1,8485388,4,09:24,NYI,2,New York Islanders,517
16650005,0,00:33,13:54,,,298,Victor,2026020008,#FC4C02,Eklund,1,8485388,5,13:21,NYI,2,New York Islanders,517
16650215,0,00:38,00:38,,,447,Victor,2026020008,#FC4C02,Eklund,2,8485388,6,00:00,NYI,2,New York Islanders,517
16650216,0,00:03,03:39,,,537,Victor,2026020008,#FC4C02,Eklund,2,8485388,7,03:36,NYI,2,New York Islanders,517
16650217,0,00:56,06:16,,,561,Victor,2026020008,#FC4C02,Eklund,2,8485388,8,05:20,NYI,2,New York Islanders,517
16650392,0,00:43,08:05,,,584,Victor,2026020008,#FC4C02,Eklund,2,8485388,9,07:22,NYI,2,New York Islanders,517
16650393,0,00:51,11:06,,,671,Victor,2026020008,#FC4C02,Eklund,2,8485388,10,10:15,NYI,2,New York Islanders,517
16650394,0,00:52,12:55,,,696,Victor,2026020008,#FC4C02,Eklund,2,8485388,11,12:03,NYI,2,New York Islanders,517
16650475,0,00:48,17:02,,,756,Victor,2026020008,#FC4C02,Eklund,2,8485388,12,16:14,NYI,2,New York Islanders,517
16650715,0,00:41,03:07,,,838,Victor,2026020008,#FC4C02,Eklund,3,8485388,13,02:26,NYI,2,New York Islanders,517
16650716,0,01:18,05:35,,,863,Victor,2026020008,#FC4C02,Eklund,3,8485388,14,04:17,NYI,2,New York Islanders,517
16650717,0,01:12,09:04,,,909,Victor,2026020008,#FC4C02,Eklund,3,8485388,15,07:52,NYI,2,New York Islanders,517
16650913,0,00:45,12:26,,,957,Victor,2026020008,#FC4C02,Eklund,3,8485388,16,11:41,NYI,2,New York Islanders,517
16649689,0,00:49,02:05,,,70,Gavin,2026020008,#00205B,McKenna,1,8486067,1,01:16,TOR,10,Toronto Maple Leafs,517
16649873,0,01:12,05:39,,,115,Gavin,2026020008,#00205B,McKenna,1,8486067,2,04:27,TOR,10,Toronto Maple Leafs,517
16649874,0,01:14,10:01,,,184,Gavin,2026020008,#00205B,McKenna,1,8486067,3,08:47,TOR,10,Toronto Maple Leafs,517
16649875,0,00:37,11:55,,,268,Gavin,2026020008,#00205B,McKenna,1,8486067,4,11:18,TOR,10,Toronto Maple Leafs,517
16650006,0,00:39,14:33,,,311,Gavin,2026020008,#00205B,McKenna,1,8486067,5,13:54,TOR,10,Toronto Maple Leafs,517
16650007,0,01:07,17:48,,,338,Gavin,2026020008,#00205B,McKenna,1,8486067,6,16:41,TOR,10,Toronto Maple Leafs,517
16650218,0,00:39,01:59,,,513,Gavin,2026020008,#00205B,McKenna,2,8486067,7,01:20,TOR,10,Toronto Maple Leafs,517
16650219,0,00:23,03:41,,,533,Gavin,2026020008,#00205B,McKenna,2,8486067,8,03:18,TOR,10,Toronto Maple Leafs,517
16650220,0,01:06,06:41,,,564,Gavin,2026020008,#00205B,McKenna,2,8486067,9,05:35,TOR,10,Toronto Maple Leafs,517
16650395,0,01:30,13:06,,,690,Gavin,2026020008,#00205B,McKenna,2,8486067,10,11:36,TOR,10,Toronto Maple Leafs,517
16650396,0,01:07,16:00,,,740,Gavin,2026020008,#00205B,McKenna,2,8486067,11,14:53,TOR,10,Toronto Maple Leafs,517
16650476,0,00:30,20:00,,,795,Gavin,2026020008,#00205B,McKenna,2,8486067,12,19:30,TOR,10,Toronto Maple Leafs,517
16650718,0,01:06,02:37,,,822,Gavin,2026020008,#00205B,McKenna,3,8486067,13,01:31,TOR,10,Toronto Maple Leafs,517
16650719,0,01:11,06:46,,,875,Gavin,2026020008,#00205B,McKenna,3,8486067,14,05:35,TOR,10,Toronto Maple Leafs,517
16650914,0,00:43,10:15,,,928,Gavin,2026020008,#00205B,McKenna,3,8486067,15,09:32,TOR,10,Toronto Maple Leafs,517
16650915,0,01:39,15:48,,,1003,Gavin,2026020008,#00205B,McKenna,3,8486067,16,14:09,TOR,10,Toronto Maple Leafs,517
16649502,0,01:13,01:47,,,59,Evgeni,2026020006,#FFB81C,Malkin,1,8471215,1,00:34,PIT,5,Pittsburgh Penguins,517
16649503,0,00:53,05:39,,,113,Evgeni,2026020006,#FFB81C,Malkin,1,8471215,2,04:46,PIT,5,Pittsburgh Penguins,517
16649504,0,00:53,08:48,,,257,Evgeni,2026020006,#FFB81C,Malkin,1,8471215,3,07:55,PIT,5,Pittsburgh Penguins,517
16649690,0,01:17,12:55,,,307,Evgeni,2026020006,#FFB81C,Malkin,1,8471215,4,11:38,PIT,5,Pittsburgh Penguins,517
16649691,0,00:35,13:51,,,328,Evgeni,2026020006,#FFB81C,Malkin,1,8471215,5,13:16,PIT,5,Pittsburgh Penguins,517
16649692,0,00:48,17:24,,,433,Evgeni,2026020006,#FFB81C,Malkin,1,8471215,6,16:36,PIT,5,Pittsburgh Penguins,517
16649876,0,00:54,20:00,,,517,Evgeni,2026020006,#FFB81C,Malkin,1,8471215,7,19:06,PIT,5,Pittsburgh Penguins,517
16650916,801,,05:03,PPG,"Hendrix Lapierre, Tommy Novak",614,Evgeni,2026020006,#FFB81C,Malkin,2,8471215,0,05:03,PIT,5,Pittsburgh Penguins,505
16650008,0,00:18,01:11,,,551,Evgeni,2026020006,#FFB81C,Malkin,2,8471215,8,00:53,PIT,5,Pittsburgh Penguins,517
16650009,0,01:10,03:05,,,569,Evgeni,2026020006,#FFB81C,Malkin,2,8471215,9,01:55,PIT,5,Pittsburgh Penguins,517
16650052,0,00:27,05:03,,,611,Evgeni,2026020006,#FFB81C,Malkin,2,8471215,10,04:36,PIT,5,Pittsburgh Penguins,517
16650053,0,01:00,08:26,,,648,Evgeni,2026020006,#FFB81C,Malkin,2,8471215,11,07:26,PIT,5,Pittsburgh Penguins,517
16650221,0,00:47,11:10,,,686,Evgeni,2026020006,#FFB81C,Malkin,2,8471215,12,10:23,PIT,5,Pittsburgh Penguins,517
16650222,0,01:27,17:15,,,774,Evgeni,2026020006,#FFB81C,Malkin,2,8471215,13,15:48,PIT,5,Pittsburgh Penguins,517
16650477,0,01:07,02:22,,,841,Evgeni,2026020006,#FFB81C,Malkin,3,8471215,14,01:15,PIT,5,Pittsburgh Penguins,517
16650532,0,01:06,07:38,,,913,Evgeni,2026020006,#FFB81C,Malkin,3,8471215,15,06:32,PIT,5,Pittsburgh Penguins,517
16650720,0,01:15,13:45,,,988,Evgeni,2026020006,#FFB81C,Malkin,3,8471215,16,12:30,PIT,5,Pittsburgh Penguins,517
16650721,0,00:37,17:14,,,1046,Evgeni,2026020006,#FFB81C,Malkin,3,8471215,17,16:37,PIT,5,Pittsburgh Penguins,517
16649490,0,00:29,00:29,,,5,Sidney,2026020006,#FFB81C,Crosby,1,8471675,1,00:00,PIT,5,Pittsburgh Penguins,517
16649505,0,01:19,04:24,,,90,Sidney,2026020006,#FFB81C,Crosby,1,8471675,2,03:05,PIT,5,Pittsburgh Penguins,517
16649506,0,01:16,08:20,,,142,Sidney,2026020006,#FFB81C,Crosby,1,8471675,3,07:04,PIT,5,Pittsburgh Penguins,517
16649693,0,00:57,11:39,,,295,Sidney,2026020006,#FFB81C,Crosby,1,8471675,4,10:42,PIT,5,Pittsburgh Penguins,517
16649694,0,00:21,13:16,,,323,Sidney,2026020006,#FFB81C,Crosby,1,8471675,5,12:55,PIT,5,Pittsburgh Penguins,517
16649695,0,00:39,15:26,,,402,Sidney,2026020006,#FFB81C,Crosby,1,8471675,6,14:47,PIT,5,Pittsburgh Penguins,517
16649877,0,00:54,19:06,,,505,Sidney,2026020006,#FFB81C,Crosby,1,8471675,7,18:12,PIT,5,Pittsburgh Penguins,517
16650010,0,00:53,00:53,,,543,Sidney,2026020006,#FFB81C,Crosby,2,8471675,8,00:00,PIT,5,Pittsburgh Penguins,517
16650054,0,01:03,04:26,,,599,Sidney,2026020006,#FFB81C,Crosby,2,8471675,9,03:23,PIT,5,Pittsburgh Penguins,517
16650055,0,00:47,06:46,,,627,Sidney,2026020006,#FFB81C,Crosby,2,8471675,10,05:59,PIT,5,Pittsburgh Penguins,517
16650056,0,00:16,08:26,,,651,Sidney,2026020006,#FFB81C,Crosby,2,8471675,11,08:10,PIT,5,Pittsburgh Penguins,517
16650057,0,00:51,09:51,,,666,Sidney,2026020006,#FFB81C,Crosby,2,8471675,12,09:00,PIT,5,Pittsburgh Penguins,517
16650223,0,00:18,12:37,,,711,Sidney,2026020006,#FFB81C,Crosby,2,8471675,13,12:19,PIT,5,Pittsburgh Penguins,517
16650224,0,00:59,15:45,,,761,Sidney,2026020006,#FFB81C,Crosby,2,8471675,14,14:46,PIT,5,Pittsburgh Penguins,517
16650397,0,01:04,20:00,,,809,Sidney,2026020006,#FFB81C,Crosby,2,8471675,15,18:56,PIT,5,Pittsburgh Penguins,517
16650478,0,01:17,01:17,,,831,Sidney,2026020006,#FFB81C,Crosby,3,8471675,16,00:00,PIT,5,Pittsburgh Penguins,517
16650479,0,01:21,04:26,,,863,Sidney,2026020006,#FFB81C,Crosby,3,8471675,17,03:05,PIT,5,Pittsburgh Penguins,517
16650533,0,00:32,08:10,,,929,Sidney,2026020006,#FFB81C,Crosby,3,8471675,18,07:38,PIT,5,Pittsburgh Penguins,517
16650722,0,00:04,12:34,,,988,Sidney,2026020006,#FFB81C,Crosby,3,8471675,19,12:30,PIT,5,Pittsburgh Penguins,517
16650723,0,00:32,14:13,,,1002,Sidney,2026020006,#FFB81C,Crosby,3,8471675,20,13:41,PIT,5,Pittsburgh Penguins,517
16650724,0,01:47,16:37,,,1024,Sidney,2026020006,#FFB81C,Crosby,3,8471675,21,14:50,PIT,5,Pittsburgh Penguins,517
16649507,0,00:29,02:24,,,76,Kris,2026020006,#FFB81C,Letang,1,8471724,1,01:55,PIT,5,Pittsburgh Penguins,517
16649508,0,00:48,05:12,,,107,Kris,2026020006,#FFB81C,Letang,1,8471724,2,04:24,PIT,5,Pittsburgh Penguins,517
16649509,0,00:45,07:26,,,137,Kris,2026020006,#FFB81C,Letang,1,8471724,3,06:41,PIT,5,Pittsburgh Penguins,517
16649510,0,00:38,10:07,,,277,Kris,2026020006,#FFB81C,Letang,1,8471724,4,09:29,PIT,5,Pittsburgh Penguins,517
16649696,0,01:10,12:55,,,312,Kris,2026020006,#FFB81C,Letang,1,8471724,5,11:45,PIT,5,Pittsburgh Penguins,517
16649697,0,00:55,14:54,,,344,Kris,2026020006,#FFB81C,Letang,1,8471724,6,13:59,PIT,5,Pittsburgh Penguins,517
16649698,0,00:51,17:26,,,432,Kris,2026020006,#FFB81C,Letang,1,8471724,7,16:35,PIT,5,Pittsburgh Penguins,517
16649878,0,00:54,20:00,,,517,Kris,2026020006,#FFB81C,Letang,1,8471724,8,19:06,PIT,5,Pittsburgh Penguins,517
16650011,0,01:18,03:11,,,568,Kris,2026020006,#FFB81C,Letang,2,8471724,9,01:53,PIT,5,Pittsburgh Penguins,517
16650058,0,00:26,05:03,,,612,Kris,2026020006,#FFB81C,Letang,2,8471724,10,04:37,PIT,5,Pittsburgh Penguins,517
16650059,0,00:46,06:45,,,627,Kris,2026020006,#FFB81C,Letang,2,8471724,11,05:59,PIT,5,Pittsburgh Penguins,517
16650060,0,00:50,09:00,,,651,Kris,2026020006,#FFB81C,Letang,2,8471724,12,08:10,PIT,5,Pittsburgh Penguins,517
16650225,0,01:12,12:29,,,697,Kris,2026020006,#FFB81C,Letang,2,8471724,13,11:17,PIT,5,Pittsburgh Penguins,517
16650226,0,01:18,15:45,,,749,Kris,2026020006,#FFB81C,Letang,2,8471724,14,14:27,PIT,5,Pittsburgh Penguins,517
16650398,0,01:11,19:42,,,807,Kris,2026020006,#FFB81C,Letang,2,8471724,15,18:31,PIT,5,Pittsburgh Penguins,517
16650480,0,00:29,01:45,,,843,Kris,2026020006,#FFB81C,Letang,3,8471724,16,01:16,PIT,5,Pittsburgh Penguins,517
16650481,0,01:06,03:28,,,858,Kris,2026020006,#FFB81C,Letang,3,8471724,17,02:22,PIT,5,Pittsburgh Penguins,517
16650534,0,01:15,07:28,,,908,Kris,2026020006,#FFB81C,Letang,3,8471724,18,06:13,PIT,5,Pittsburgh Penguins,517
16650535,0,01:11,10:25,,,947,Kris,2026020006,#FFB81C,Letang,3,8471724,19,09:14,PIT,5,Pittsburgh Penguins,517
16650725,0,00:57,13:26,,,986,Kris,2026020006,#FFB81C,Letang,3,8471724,20,12:29,PIT,5,Pittsburgh Penguins,517
16650726,0,00:15,20:00,,,1084,Kris,2026020006,#FFB81C,Letang,3,8471724,21,19:45,PIT,5,Pittsburgh Penguins,517
16649491,0,01:14,01:14,,,5,Erik,2026020006,#FFB81C,Karlsson,1,8474578,1,00:00,PIT,5,Pittsburgh Penguins,517
16649511,0,00:56,03:22,,,82,Erik,2026020006,#FFB81C,Karlsson,1,8474578,2,02:26,PIT,5,Pittsburgh Penguins,517
16649512,0,00:54,06:06,,,118,Erik,2026020006,#FFB81C,Karlsson,1,8474578,3,05:12,PIT,5,Pittsburgh Penguins,517
16649513,0,01:09,08:35,,,150,Erik,2026020006,#FFB81C,Karlsson,1,8474578,4,07:26,PIT,5,Pittsburgh Penguins,517
16649699,0,01:43,11:49,,,285,Erik,2026020006,#FFB81C,Karlsson,1,8474578,5,10:06,PIT,5,Pittsburgh Penguins,517
16649700,0,00:21,13:16,,,323,Erik,2026020006,#FFB81C,Karlsson,1,8474578,6,12:55,PIT,5,Pittsburgh Penguins,517
16649701,0,00:35,15:29,,,405,Erik,2026020006,#FFB81C,Karlsson,1,8474578,7,14:54,PIT,5,Pittsburgh Penguins,517
16649702,0,00:46,18:12,,,444,Erik,2026020006,#FFB81C,Karlsson,1,8474578,8,17:26,PIT,5,Pittsburgh Penguins,517
16650012,0,00:51,00:51,,,543,Erik,2026020006,#FFB81C,Karlsson,2,8474578,9,00:00,PIT,5,Pittsburgh Penguins,517
16650061,0,01:25,04:37,,,588,Erik,2026020006,#FFB81C,Karlsson,2,8474578,10,03:12,PIT,5,Pittsburgh Penguins,517
16650062,0,00:41,07:26,,,635,Erik,2026020006,#FFB81C,Karlsson,2,8474578,11,06:45,PIT,5,Pittsburgh Penguins,517
16650063,0,00:52,09:51,,,665,Erik,2026020006,#FFB81C,Karlsson,2,8474578,12,08:59,PIT,5,Pittsburgh Penguins,517
16650227,0,00:08,12:37,,,712,Erik,2026020006,#FFB81C,Karlsson,2,8474578,13,12:29,PIT,5,Pittsburgh Penguins,517
16650228,0,00:50,14:28,,,742,Erik,2026020006,#FFB81C,Karlsson,2,8474578,14,13:38,PIT,5,Pittsburgh Penguins,517
16650399,0,01:15,18:31,,,792,Erik,2026020006,#FFB81C,Karlsson,2,8474578,15,17:16,PIT,5,Pittsburgh Penguins,517
16650400,0,00:18,20:00,,,822,Erik,2026020006,#FFB81C,Karlsson,2,8474578,16,19:42,PIT,5,Pittsburgh Penguins,517
16650482,0,01:15,01:15,,,831,Erik,2026020006,#FFB81C,Karlsson,3,8474578,17,00:00,PIT,5,Pittsburgh Penguins,517
16650483,0,01:00,04:26,,,868,Erik,2026020006,#FFB81C,Karlsson,3,8474578,18,03:26,PIT,5,Pittsburgh Penguins,517
16650536,0,01:06,06:13,,,893,Erik,2026020006,#FFB81C,Karlsson,3,8474578,19,05:07,PIT,5,Pittsburgh Penguins,517
16650537,0,00:51,08:19,,,925,Erik,2026020006,#FFB81C,Karlsson,3,8474578,20,07:28,PIT,5,Pittsburgh Penguins,517
16650727,0,00:39,13:09,,,988,Erik,2026020006,#FFB81C,Karlsson,3,8474578,21,12:30,PIT,5,Pittsburgh Penguins,517
16650728,0,01:10,16:37,,,1035,Erik,2026020006,#FFB81C,Karlsson,3,8474578,22,15:27,PIT,5,Pittsburgh Penguins,517
16649514,0,00:55,02:38,,,72,Nick,2026020006,#FA4616,Seeler,1,8476372,1,01:43,PHI,4,Philadelphia Flyers,517
16649515,0,00:39,05:33,,,114,Nick,2026020006,#FA4616,Seeler,1,8476372,2,04:54,PHI,4,Philadelphia Flyers,517
16649516,0,00:56,09:19,,,262,Nick,2026020006,#FA4616,Seeler,1,8476372,3,08:23,PHI,4,Philadelphia Flyers,517
16649703,0,01:16,12:29,,,303,Nick,2026020006,#FA4616,Seeler,1,8476372,4,11:13,PHI,4,Philadelphia Flyers,517
16649704,0,01:03,15:00,,,341,Nick,2026020006,#FA4616,Seeler,1,8476372,5,13:57,PHI,4,Philadelphia Flyers,517
16649705,0,00:48,17:09,,,423,Nick,2026020006,#FA4616,Seeler,1,8476372,6,16:21,PHI,4,Philadelphia Flyers,517
16650013,0,00:57,03:01,,,571,Nick,2026020006,#FA4616,Seeler,2,8476372,7,02:04,PHI,4,Philadelphia Flyers,517
16650064,0,00:36,04:37,,,602,Nick,2026020006,#FA4616,Seeler,2,8476372,8,04:01,PHI,4,Philadelphia Flyers,517
16650065,0,00:52,08:18,,,646,Nick,2026020006,#FA4616,Seeler,2,8476372,9,07:26,PHI,4,Philadelphia Flyers,517
16650229,0,00:46,11:09,,,685,Nick,2026020006,#FA4616,Seeler,2,8476372,10,10:23,PHI,4,Philadelphia Flyers,517
16650230,0,00:30,12:37,,,706,Nick,2026020006,#FA4616,Seeler,2,8476372,11,12:07,PHI,4,Philadelphia Flyers,517
16650231,0,00:53,15:54,,,770,Nick,2026020006,#FA4616,Seeler,2,8476372,12,15:01,PHI,4,Philadelphia Flyers,517
16650232,0,00:47,17:25,,,784,Nick,2026020006,#FA4616,Seeler,2,8476372,13,16:38,PHI,4,Philadelphia Flyers,517
16650401,0,01:27,19:42,,,804,Nick,2026020006,#FA4616,Seeler,2,8476372,14,18:15,PHI,4,Philadelphia Flyers,517
16650484,0,00:40,02:22,,,845,Nick,2026020006,#FA4616,Seeler,3,8476372,15,01:42,PHI,4,Philadelphia Flyers,517
16650485,0,00:49,03:51,,,861,Nick,2026020006,#FA4616,Seeler,3,8476372,16,03:02,PHI,4,Philadelphia Flyers,517
16650538,0,00:37,07:17,,,917,Nick,2026020006,#FA4616,Seeler,3,8476372,17,06:40,PHI,4,Philadelphia Flyers,517
16650539,0,01:30,10:25,,,939,Nick,2026020006,#FA4616,Seeler,3,8476372,18,08:55,PHI,4,Philadelphia Flyers,517
16650729,0,01:02,13:33,,,987,Nick,2026020006,#FA4616,Seeler,3,8476372,19,12:31,PHI,4,Philadelphia Flyers,517
16650730,0,00:38,15:27,,,1021,Nick,2026020006,#FA4616,Seeler,3,8476372,20,14:49,PHI,4,Philadelphia Flyers,517
16650731,0,00:37,17:14,,,1044,Nick,2026020006,#FA4616,Seeler,3,8476372,21,16:37,PHI,4,Philadelphia Flyers,517
16650732,0,00:59,18:51,,,1060,Nick,2026020006,#FA4616,Seeler,3,8476372,22,17:52,PHI,4,Philadelphia Flyers,517
16650733,0,00:37,20:00,,,1080,Nick,2026020006,#FA4616,Seeler,3,8476372,23,19:23,PHI,4,Philadelphia Flyers,517
16649517,0,00:44,03:22,,,87,Sean,2026020006,#FA4616,Couturier,1,8476461,1,02:38,PHI,4,Philadelphia Flyers,517
16649518,0,01:05,07:13,,,131,Sean,2026020006,#FA4616,Couturier,1,8476461,2,06:08,PHI,4,Philadelphia Flyers,517
16649519,0,00:41,10:07,,,276,Sean,2026020006,#FA4616,Couturier,1,8476461,3,09:26,PHI,4,Philadelphia Flyers,517
16649706,0,00:33,11:15,,,294,Sean,2026020006,#FA4616,Couturier,1,8476461,4,10:42,PHI,4,Philadelphia Flyers,517
16649707,0,00:26,12:55,,,316,Sean,2026020006,#FA4616,Couturier,1,8476461,5,12:29,PHI,4,Philadelphia Flyers,517
16649708,0,00:39,14:09,,,336,Sean,2026020006,#FA4616,Couturier,1,8476461,6,13:30,PHI,4,Philadelphia Flyers,517
16649709,0,00:52,17:26,,,427,Sean,2026020006,#FA4616,Couturier,1,8476461,7,16:34,PHI,4,Philadelphia Flyers,517
16649879,0,00:30,20:00,,,535,Sean,2026020006,#FA4616,Couturier,1,8476461,8,19:30,PHI,4,Philadelphia Flyers,517
16650014,0,00:39,04:02,,,595,Sean,2026020006,#FA4616,Couturier,2,8476461,9,03:23,PHI,4,Philadelphia Flyers,517
16650066,0,00:48,07:26,,,631,Sean,2026020006,#FA4616,Couturier,2,8476461,10,06:38,PHI,4,Philadelphia Flyers,517
16650233,0,01:00,12:04,,,691,Sean,2026020006,#FA4616,Couturier,2,8476461,11,11:04,PHI,4,Philadelphia Flyers,517
16650234,0,00:15,15:01,,,760,Sean,2026020006,#FA4616,Couturier,2,8476461,12,14:46,PHI,4,Philadelphia Flyers,517
16650402,0,01:19,19:42,,,805,Sean,2026020006,#FA4616,Couturier,2,8476461,13,18:23,PHI,4,Philadelphia Flyers,517
16650486,0,00:25,00:25,,,830,Sean,2026020006,#FA4616,Couturier,3,8476461,14,00:00,PHI,4,Philadelphia Flyers,517
16650487,0,00:31,01:45,,,840,Sean,2026020006,#FA4616,Couturier,3,8476461,15,01:14,PHI,4,Philadelphia Flyers,517
16650488,0,00:55,03:57,,,861,Sean,2026020006,#FA4616,Couturier,3,8476461,16,03:02,PHI,4,Philadelphia Flyers,517
16650540,0,00:27,06:40,,,907,Sean,2026020006,#FA4616,Couturier,3,8476461,17,06:13,PHI,4,Philadelphia Flyers,517
16650541,0,01:00,09:10,,,933,Sean,2026020006,#FA4616,Couturier,3,8476461,18,08:10,PHI,4,Philadelphia Flyers,517
16650734,0,01:05,13:37,,,989,Sean,2026020006,#FA4616,Couturier,3,8476461,19,12:32,PHI,4,Philadelphia Flyers,517
16650735,0,01:10,16:37,,,1031,Sean,2026020006,#FA4616,Couturier,3,8476461,20,15:27,PHI,4,Philadelphia Flyers,517
16649492,0,00:34,00:34,,,5,Rickard,2026020006,#FFB81C,Rakell,1,8476483,1,00:00,PIT,5,Pittsburgh Penguins,517
16649520,0,01:14,04:24,,,92,Rickard,2026020006,#FFB81C,Rakell,1,8476483,2,03:10,PIT,5,Pittsburgh Penguins,517
16649521,0,00:56,07:55,,,141,Rickard,2026020006,#FFB81C,Rakell,1,8476483,3,06:59,PIT,5,Pittsburgh Penguins,517
16649710,0,00:56,11:38,,,295,Rickard,2026020006,#FFB81C,Rakell,1,8476483,4,10:42,PIT,5,Pittsburgh Penguins,517
16649711,0,00:21,13:16,,,323,Rickard,2026020006,#FFB81C,Rakell,1,8476483,5,12:55,PIT,5,Pittsburgh Penguins,517
16649712,0,00:38,15:27,,,403,Rickard,2026020006,#FFB81C,Rakell,1,8476483,6,14:49,PIT,5,Pittsburgh Penguins,517
16649880,0,00:48,19:06,,,506,Rickard,2026020006,#FFB81C,Rakell,1,8476483,7,18:18,PIT,5,Pittsburgh Penguins,517
16650015,0,00:56,00:56,,,543,Rickard,2026020006,#FFB81C,Rakell,2,8476483,8,00:00,PIT,5,Pittsburgh Penguins,517
16650067,0,01:13,04:36,,,599,Rickard,2026020006,#FFB81C,Rakell,2,8476483,9,03:23,PIT,5,Pittsburgh Penguins,517
16650068,0,00:44,06:43,,,627,Rickard,2026020006,#FFB81C,Rakell,2,8476483,10,05:59,PIT,5,Pittsburgh Penguins,517
16650069,0,01:01,10:06,,,667,Rickard,2026020006,#FFB81C,Rakell,2,8476483,11,09:05,PIT,5,Pittsburgh Penguins,517
16650235,0,00:32,12:37,,,707,Rickard,2026020006,#FFB81C,Rakell,2,8476483,12,12:05,PIT,5,Pittsburgh Penguins,517
16650236,0,00:48,14:27,,,744,Rickard,2026020006,#FFB81C,Rakell,2,8476483,13,13:39,PIT,5,Pittsburgh Penguins,517
16650237,0,01:02,15:48,,,761,Rickard,2026020006,#FFB81C,Rakell,2,8476483,14,14:46,PIT,5,Pittsburgh Penguins,517
16650403,0,00:56,20:00,,,811,Rickard,2026020006,#FFB81C,Rakell,2,8476483,15,19:04,PIT,5,Pittsburgh Penguins,517
16650489,0,01:15,01:15,,,831,Rickard,2026020006,#FFB81C,Rakell,3,8476483,16,00:00,PIT,5,Pittsburgh Penguins,517
16650490,0,01:22,04:26,,,862,Rickard,2026020006,#FFB81C,Rakell,3,8476483,17,03:04,PIT,5,Pittsburgh Penguins,517
16650542,0,00:34,08:12,,,929,Rickard,2026020006,#FFB81C,Rakell,3,8476483,18,07:38,PIT,5,Pittsburgh Penguins,517
16650543,0,00:53,11:18,,,956,Rickard,2026020006,#FFB81C,Rakell,3,8476483,19,10:25,PIT,5,Pittsburgh Penguins,517
16650736,0,00:04,11:56,,,981,Rickard,2026020006,#FFB81C,Rakell,3,8476483,20,11:52,PIT,5,Pittsburgh Penguins,517
16650737,0,01:45,16:37,,,1025,Rickard,2026020006,#FFB81C,Rakell,3,8476483,21,14:52,PIT,5,Pittsburgh Penguins,517
16649493,0,00:37,00:37,,,4,Rasmus,2026020006,#FA4616,Ristolainen,1,8477499,1,00:00,PHI,4,Philadelphia Flyers,517
16649522,0,01:07,04:21,,,93,Rasmus,2026020006,#FA4616,Ristolainen,1,8477499,2,03:14,PHI,4,Philadelphia Flyers,517
16649523,0,01:20,07:26,,,129,Rasmus,2026020006,#FA4616,Ristolainen,1,8477499,3,06:06,PHI,4,Philadelphia Flyers,517
16649524,0,00:47,10:06,,,272,Rasmus,2026020006,#FA4616,Ristolainen,1,8477499,4,09:19,PHI,4,Philadelphia Flyers,517
16649713,0,01:15,12:28,,,303,Rasmus,2026020006,#FA4616,Ristolainen,1,8477499,5,11:13,PHI,4,Philadelphia Flyers,517
16649714,0,00:21,13:16,,,324,Rasmus,2026020006,#FA4616,Ristolainen,1,8477499,6,12:55,PHI,4,Philadelphia Flyers,517
16649715,0,00:37,15:39,,,407,Rasmus,2026020006,#FA4616,Ristolainen,1,8477499,7,15:02,PHI,4,Philadelphia Flyers,517
16649716,0,00:52,18:01,,,436,Rasmus,2026020006,#FA4616,Ristolainen,1,8477499,8,17:09,PHI,4,Philadelphia Flyers,517
16649881,0,00:31,19:19,,,511,Rasmus,2026020006,#FA4616,Ristolainen,1,8477499,9,18:48,PHI,4,Philadelphia Flyers,517
16650016,0,01:07,01:07,,,542,Rasmus,2026020006,#FA4616,Ristolainen,2,8477499,10,00:00,PHI,4,Philadelphia Flyers,517
16650017,0,00:24,03:23,,,584,Rasmus,2026020006,#FA4616,Ristolainen,2,8477499,11,02:59,PHI,4,Philadelphia Flyers,517
16650070,0,00:31,04:31,,,601,Rasmus,2026020006,#FA4616,Ristolainen,2,8477499,12,04:00,PHI,4,Philadelphia Flyers,517
16650071,0,00:56,06:37,,,620,Rasmus,2026020006,#FA4616,Ristolainen,2,8477499,13,05:41,PHI,4,Philadelphia Flyers,517
16650072,0,00:54,09:10,,,653,Rasmus,2026020006,#FA4616,Ristolainen,2,8477499,14,08:16,PHI,4,Philadelphia Flyers,517
16650238,0,00:57,12:05,,,692,Rasmus,2026020006,#FA4616,Ristolainen,2,8477499,15,11:08,PHI,4,Philadelphia Flyers,517
16650239,0,00:15,15:01,,,760,Rasmus,2026020006,#FA4616,Ristolainen,2,8477499,16,14:46,PHI,4,Philadelphia Flyers,517
16650404,0,00:50,18:15,,,794,Rasmus,2026020006,#FA4616,Ristolainen,2,8477499,17,17:25,PHI,4,Philadelphia Flyers,517
16650491,0,00:31,01:45,,,840,Rasmus,2026020006,#FA4616,Ristolainen,3,8477499,18,01:14,PHI,4,Philadelphia Flyers,517
16650492,0,00:40,03:02,,,859,Rasmus,2026020006,#FA4616,Ristolainen,3,8477499,19,02:22,PHI,4,Philadelphia Flyers,517
16650544,0,00:27,06:40,,,907,Rasmus,2026020006,#FA4616,Ristolainen,3,8477499,20,06:13,PHI,4,Philadelphia Flyers,517
16650545,0,00:45,08:57,,,935,Rasmus,2026020006,#FA4616,Ristolainen,3,8477499,21,08:12,PHI,4,Philadelphia Flyers,517
16650738,0,01:17,14:51,,,999,Rasmus,2026020006,#FA4616,Ristolainen,3,8477499,22,13:34,PHI,4,Philadelphia Flyers,517
16650739,0,00:39,17:53,,,1051,Rasmus,2026020006,#FA4616,Ristolainen,3,8477499,23,17:14,PHI,4,Philadelphia Flyers,517
16649525,0,00:29,02:26,,,77,Trevor,2026020006,#FFB81C,van Riemsdyk,1,8477845,1,01:57,PIT,5,Pittsburgh Penguins,517
16649526,0,00:49,05:13,,,107,Trevor,2026020006,#FFB81C,van Riemsdyk,1,8477845,2,04:24,PIT,5,Pittsburgh Penguins,517
16649527,0,00:37,07:26,,,139,Trevor,2026020006,#FFB81C,van Riemsdyk,1,8477845,3,06:49,PIT,5,Pittsburgh Penguins,517
16649528,0,00:37,10:06,,,277,Trevor,2026020006,#FFB81C,van Riemsdyk,1,8477845,4,09:29,PIT,5,Pittsburgh Penguins,517
16649717,0,00:53,14:52,,,344,Trevor,2026020006,#FFB81C,van Riemsdyk,1,8477845,5,13:59,PIT,5,Pittsburgh Penguins,517
16649718,0,01:00,17:33,,,430,Trevor,2026020006,#FFB81C,van Riemsdyk,1,8477845,6,16:33,PIT,5,Pittsburgh Penguins,517
16649882,0,00:54,20:00,,,517,Trevor,2026020006,#FFB81C,van Riemsdyk,1,8477845,7,19:06,PIT,5,Pittsburgh Penguins,517
16650018,0,00:56,03:13,,,575,Trevor,2026020006,#FFB81C,van Riemsdyk,2,8477845,8,02:17,PIT,5,Pittsburgh Penguins,517
16650073,0,00:46,06:45,,,627,Trevor,2026020006,#FFB81C,van Riemsdyk,2,8477845,9,05:59,PIT,5,Pittsburgh Penguins,517
16650074,0,00:33,08:59,,,662,Trevor,2026020006,#FFB81C,van Riemsdyk,2,8477845,10,08:26,PIT,5,Pittsburgh Penguins,517
16650240,0,01:13,12:09,,,690,Trevor,2026020006,#FFB81C,van Riemsdyk,2,8477845,11,10:56,PIT,5,Pittsburgh Penguins,517
16650241,0,01:02,13:39,,,718,Trevor,2026020006,#FFB81C,van Riemsdyk,2,8477845,12,12:37,PIT,5,Pittsburgh Penguins,517
16650242,0,01:18,15:47,,,752,Trevor,2026020006,#FFB81C,van Riemsdyk,2,8477845,13,14:29,PIT,5,Pittsburgh Penguins,517
16650405,0,01:11,19:42,,,807,Trevor,2026020006,#FFB81C,van Riemsdyk,2,8477845,14,18:31,PIT,5,Pittsburgh Penguins,517
16650493,0,01:04,03:26,,,858,Trevor,2026020006,#FFB81C,van Riemsdyk,3,8477845,15,02:22,PIT,5,Pittsburgh Penguins,517
16650546,0,00:41,05:07,,,884,Trevor,2026020006,#FFB81C,van Riemsdyk,3,8477845,16,04:26,PIT,5,Pittsburgh Penguins,517
16650547,0,01:15,07:28,,,908,Trevor,2026020006,#FFB81C,van Riemsdyk,3,8477845,17,06:13,PIT,5,Pittsburgh Penguins,517
16650548,0,01:11,10:16,,,943,Trevor,2026020006,#FFB81C,van Riemsdyk,3,8477845,18,09:05,PIT,5,Pittsburgh Penguins,517
16650549,0,00:42,11:07,,,956,Trevor,2026020006,#FFB81C,van Riemsdyk,3,8477845,19,10:25,PIT,5,Pittsburgh Penguins,517
16650740,0,00:38,12:30,,,981,Trevor,2026020006,#FFB81C,van Riemsdyk,3,8477845,20,11:52,PIT,5,Pittsburgh Penguins,517
16650741,0,00:34,14:47,,,1015,Trevor,2026020006,#FFB81C,van Riemsdyk,3,8477845,21,14:13,PIT,5,Pittsburgh Penguins,517
16650742,0,01:08,17:45,,,1046,Trevor,2026020006,#FFB81C,van Riemsdyk,3,8477845,22,16:37,PIT,5,Pittsburgh Penguins,517
16650743,0,01:11,19:45,,,1070,Trevor,2026020006,#FFB81C,van Riemsdyk,3,8477845,23,18:34,PIT,5,Pittsburgh Penguins,517
16649494,0,00:35,00:35,,,4,Travis,2026020006,#FA4616,Sanheim,1,8477948,1,00:00,PHI,4,Philadelphia Flyers,517
16649529,0,01:16,04:24,,,91,Travis,2026020006,#FA4616,Sanheim,1,8477948,2,03:08,PHI,4,Philadelphia Flyers,517
16649530,0,01:23,07:26,,,128,Travis,2026020006,#FA4616,Sanheim,1,8477948,3,06:03,PHI,4,Philadelphia Flyers,517
16649531,0,00:54,10:11,,,271,Travis,2026020006,#FA4616,Sanheim,1,8477948,4,09:17,PHI,4,Philadelphia Flyers,517
16649719,0,00:31,11:13,,,294,Travis,2026020006,#FA4616,Sanheim,1,8477948,5,10:42,PHI,4,Philadelphia Flyers,517
16649720,0,00:48,13:16,,,315,Travis,2026020006,#FA4616,Sanheim,1,8477948,6,12:28,PHI,4,Philadelphia Flyers,517
16649721,0,00:44,15:44,,,406,Travis,2026020006,#FA4616,Sanheim,1,8477948,7,15:00,PHI,4,Philadelphia Flyers,517
16649722,0,00:56,18:04,,,435,Travis,2026020006,#FA4616,Sanheim,1,8477948,8,17:08,PHI,4,Philadelphia Flyers,517
16649883,0,00:33,19:19,,,510,Travis,2026020006,#FA4616,Sanheim,1,8477948,9,18:46,PHI,4,Philadelphia Flyers,517
16650019,0,00:54,00:54,,,542,Travis,2026020006,#FA4616,Sanheim,2,8477948,10,00:00,PHI,4,Philadelphia Flyers,517
16650020,0,01:00,04:01,,,585,Travis,2026020006,#FA4616,Sanheim,2,8477948,11,03:01,PHI,4,Philadelphia Flyers,517
16650075,0,00:32,05:03,,,606,Travis,2026020006,#FA4616,Sanheim,2,8477948,12,04:31,PHI,4,Philadelphia Flyers,517
16650076,0,00:56,06:39,,,621,Travis,2026020006,#FA4616,Sanheim,2,8477948,13,05:43,PHI,4,Philadelphia Flyers,517
16650077,0,00:52,09:11,,,655,Travis,2026020006,#FA4616,Sanheim,2,8477948,14,08:19,PHI,4,Philadelphia Flyers,517
16650243,0,00:52,12:03,,,695,Travis,2026020006,#FA4616,Sanheim,2,8477948,15,11:11,PHI,4,Philadelphia Flyers,517
16650244,0,00:32,15:01,,,747,Travis,2026020006,#FA4616,Sanheim,2,8477948,16,14:29,PHI,4,Philadelphia Flyers,517
16650406,0,00:47,18:14,,,795,Travis,2026020006,#FA4616,Sanheim,2,8477948,17,17:27,PHI,4,Philadelphia Flyers,517
16650407,0,00:18,20:00,,,818,Travis,2026020006,#FA4616,Sanheim,2,8477948,18,19:42,PHI,4,Philadelphia Flyers,517
16650494,0,01:16,01:16,,,830,Travis,2026020006,#FA4616,Sanheim,3,8477948,19,00:00,PHI,4,Philadelphia Flyers,517
16650495,0,00:42,03:04,,,859,Travis,2026020006,#FA4616,Sanheim,3,8477948,20,02:22,PHI,4,Philadelphia Flyers,517
16650550,0,00:27,06:40,,,907,Travis,2026020006,#FA4616,Sanheim,3,8477948,21,06:13,PHI,4,Philadelphia Flyers,517
16650551,0,00:59,08:55,,,931,Travis,2026020006,#FA4616,Sanheim,3,8477948,22,07:56,PHI,4,Philadelphia Flyers,517
16650744,0,01:18,14:51,,,998,Travis,2026020006,#FA4616,Sanheim,3,8477948,23,13:33,PHI,4,Philadelphia Flyers,517
16650745,0,01:10,16:37,,,1031,Travis,2026020006,#FA4616,Sanheim,3,8477948,24,15:27,PHI,4,Philadelphia Flyers,517
16649495,0,00:35,00:35,,,4,Christian,2026020006,#FA4616,Dvorak,1,8477989,1,00:00,PHI,4,Philadelphia Flyers,517
16649532,0,00:59,04:21,,,98,Christian,2026020006,#FA4616,Dvorak,1,8477989,2,03:22,PHI,4,Philadelphia Flyers,517
16649533,0,00:35,07:48,,,144,Christian,2026020006,#FA4616,Dvorak,1,8477989,3,07:13,PHI,4,Philadelphia Flyers,517
16649534,0,00:35,10:42,,,288,Christian,2026020006,#FA4616,Dvorak,1,8477989,4,10:07,PHI,4,Philadelphia Flyers,517
16649723,0,00:52,12:29,,,308,Christian,2026020006,#FA4616,Dvorak,1,8477989,5,11:37,PHI,4,Philadelphia Flyers,517
16649724,0,00:21,13:16,,,324,Christian,2026020006,#FA4616,Dvorak,1,8477989,6,12:55,PHI,4,Philadelphia Flyers,517
16649725,0,00:51,16:35,,,420,Christian,2026020006,#FA4616,Dvorak,1,8477989,7,15:44,PHI,4,Philadelphia Flyers,517
16649884,0,00:41,19:06,,,507,Christian,2026020006,#FA4616,Dvorak,1,8477989,8,18:25,PHI,4,Philadelphia Flyers,517
16649885,0,00:11,19:30,,,530,Christian,2026020006,#FA4616,Dvorak,1,8477989,9,19:19,PHI,4,Philadelphia Flyers,517
16650021,0,00:52,00:52,,,542,Christian,2026020006,#FA4616,Dvorak,2,8477989,10,00:00,PHI,4,Philadelphia Flyers,517
16650078,0,00:26,05:03,,,610,Christian,2026020006,#FA4616,Dvorak,2,8477989,11,04:37,PHI,4,Philadelphia Flyers,517
16650079,0,00:53,08:19,,,646,Christian,2026020006,#FA4616,Dvorak,2,8477989,12,07:26,PHI,4,Philadelphia Flyers,517
16650080,0,00:26,08:52,,,660,Christian,2026020006,#FA4616,Dvorak,2,8477989,13,08:26,PHI,4,Philadelphia Flyers,517
16650245,0,00:33,12:37,,,704,Christian,2026020006,#FA4616,Dvorak,2,8477989,14,12:04,PHI,4,Philadelphia Flyers,517
16650246,0,00:16,14:46,,,748,Christian,2026020006,#FA4616,Dvorak,2,8477989,15,14:30,PHI,4,Philadelphia Flyers,517
16650247,0,01:05,16:52,,,775,Christian,2026020006,#FA4616,Dvorak,2,8477989,16,15:47,PHI,4,Philadelphia Flyers,517
16650408,0,00:18,20:00,,,818,Christian,2026020006,#FA4616,Dvorak,2,8477989,17,19:42,PHI,4,Philadelphia Flyers,517
16650496,0,00:40,03:02,,,859,Christian,2026020006,#FA4616,Dvorak,3,8477989,18,02:22,PHI,4,Philadelphia Flyers,517
16650552,0,00:27,06:40,,,907,Christian,2026020006,#FA4616,Dvorak,3,8477989,19,06:13,PHI,4,Philadelphia Flyers,517
16650553,0,00:32,08:10,,,930,Christian,2026020006,#FA4616,Dvorak,3,8477989,20,07:38,PHI,4,Philadelphia Flyers,517
16650554,0,00:55,11:20,,,960,Christian,2026020006,#FA4616,Dvorak,3,8477989,21,10:25,PHI,4,Philadelphia Flyers,517
16650746,0,00:43,12:35,,,980,Christian,2026020006,#FA4616,Dvorak,3,8477989,22,11:52,PHI,4,Philadelphia Flyers,517
16650747,0,01:12,14:49,,,1000,Christian,2026020006,#FA4616,Dvorak,3,8477989,23,13:37,PHI,4,Philadelphia Flyers,517
16649496,0,20:00,20:00,,,4,Dan,2026020006,#FA4616,Vladar,1,8478435,1,00:00,PHI,4,Philadelphia Flyers,517
16650022,0,20:00,20:00,,,542,Dan,2026020006,#FA4616,Vladar,2,8478435,2,00:00,PHI,4,Philadelphia Flyers,517
16650497,0,04:07,04:07,,,830,Dan,2026020006,#FA4616,Vladar,3,8478435,3,00:00,PHI,4,Philadelphia Flyers,517
16650555,0,15:34,20:00,,,888,Dan,2026020006,#FA4616,Vladar,3,8478435,4,04:26,PHI,4,Philadelphia Flyers,517
16649535,0,01:00,01:29,,,58,Tommy,2026020006,#FFB81C,Novak,1,8478438,1,00:29,PIT,5,Pittsburgh Penguins,517
16649536,0,00:41,05:12,,,111,Tommy,2026020006,#FFB81C,Novak,1,8478438,2,04:31,PIT,5,Pittsburgh Penguins,517
16649537,0,00:59,09:19,,,261,Tommy,2026020006,#FFB81C,Novak,1,8478438,3,08:20,PIT,5,Pittsburgh Penguins,517
16649726,0,00:58,11:40,,,295,Tommy,2026020006,#FFB81C,Novak,1,8478438,4,10:42,PIT,5,Pittsburgh Penguins,517
16649727,0,00:36,13:52,,,328,Tommy,2026020006,#FFB81C,Novak,1,8478438,5,13:16,PIT,5,Pittsburgh Penguins,517
16649728,0,00:41,17:15,,,431,Tommy,2026020006,#FFB81C,Novak,1,8478438,6,16:34,PIT,5,Pittsburgh Penguins,517
16649886,0,00:48,20:00,,,526,Tommy,2026020006,#FFB81C,Novak,1,8478438,7,19:12,PIT,5,Pittsburgh Penguins,517
16650023,0,00:15,01:11,,,552,Tommy,2026020006,#FFB81C,Novak,2,8478438,8,00:56,PIT,5,Pittsburgh Penguins,517
16650024,0,01:24,03:17,,,568,Tommy,2026020006,#FFB81C,Novak,2,8478438,9,01:53,PIT,5,Pittsburgh Penguins,517
16650081,0,00:26,05:03,,,612,Tommy,2026020006,#FFB81C,Novak,2,8478438,10,04:37,PIT,5,Pittsburgh Penguins,517
16650082,0,00:44,08:10,,,648,Tommy,2026020006,#FFB81C,Novak,2,8478438,11,07:26,PIT,5,Pittsburgh Penguins,517
16650248,0,00:42,11:05,,,686,Tommy,2026020006,#FFB81C,Novak,2,8478438,12,10:23,PIT,5,Pittsburgh Penguins,517
16650249,0,01:32,17:20,,,774,Tommy,2026020006,#FFB81C,Novak,2,8478438,13,15:48,PIT,5,Pittsburgh Penguins,517
16650409,0,00:18,20:00,,,822,Tommy,2026020006,#FFB81C,Novak,2,8478438,14,19:42,PIT,5,Pittsburgh Penguins,517
16650498,0,01:14,01:14,,,831,Tommy,2026020006,#FFB81C,Novak,3,8478438,15,00:00,PIT,5,Pittsburgh Penguins,517
16650556,0,01:10,07:38,,,912,Tommy,2026020006,#FFB81C,Novak,3,8478438,16,06:28,PIT,5,Pittsburgh Penguins,517
16650557,0,00:19,10:25,,,950,Tommy,2026020006,#FFB81C,Novak,3,8478438,17,10:06,PIT,5,Pittsburgh Penguins,517
16650748,0,01:07,13:41,,,992,Tommy,2026020006,#FFB81C,Novak,3,8478438,18,12:34,PIT,5,Pittsburgh Penguins,517
16650749,0,01:10,16:37,,,1035,Tommy,2026020006,#FFB81C,Novak,3,8478438,19,15:27,PIT,5,Pittsburgh Penguins,517
16649497,0,00:37,00:37,,,4,Travis,2026020006,#FA4616,Konecny,1,8478439,1,00:00,PHI,4,Philadelphia Flyers,517
16649538,0,01:02,04:24,,,98,Travis,2026020006,#FA4616,Konecny,1,8478439,2,03:22,PHI,4,Philadelphia Flyers,517
16649539,0,00:22,07:48,,,149,Travis,2026020006,#FA4616,Konecny,1,8478439,3,07:26,PHI,4,Philadelphia Flyers,517
16649540,0,00:37,10:42,,,283,Travis,2026020006,#FA4616,Konecny,1,8478439,4,10:05,PHI,4,Philadelphia Flyers,517
16649729,0,00:49,12:33,,,311,Travis,2026020006,#FA4616,Konecny,1,8478439,5,11:44,PHI,4,Philadelphia Flyers,517
16649730,0,00:21,13:16,,,324,Travis,2026020006,#FA4616,Konecny,1,8478439,6,12:55,PHI,4,Philadelphia Flyers,517
16649731,0,00:55,16:34,,,416,Travis,2026020006,#FA4616,Konecny,1,8478439,7,15:39,PHI,4,Philadelphia Flyers,517
16649887,0,00:39,19:06,,,508,Travis,2026020006,#FA4616,Konecny,1,8478439,8,18:27,PHI,4,Philadelphia Flyers,517
16649888,0,00:11,19:30,,,530,Travis,2026020006,#FA4616,Konecny,1,8478439,9,19:19,PHI,4,Philadelphia Flyers,517
16650025,0,00:55,00:55,,,542,Travis,2026020006,#FA4616,Konecny,2,8478439,10,00:00,PHI,4,Philadelphia Flyers,517
16650083,0,00:26,05:03,,,610,Travis,2026020006,#FA4616,Konecny,2,8478439,11,04:37,PHI,4,Philadelphia Flyers,517
16650084,0,01:00,08:26,,,646,Travis,2026020006,#FA4616,Konecny,2,8478439,12,07:26,PHI,4,Philadelphia Flyers,517
16650085,0,00:47,10:06,,,671,Travis,2026020006,#FA4616,Konecny,2,8478439,13,09:19,PHI,4,Philadelphia Flyers,517
16650250,0,01:05,14:43,,,739,Travis,2026020006,#FA4616,Konecny,2,8478439,14,13:38,PHI,4,Philadelphia Flyers,517
16650410,0,01:01,18:15,,,788,Travis,2026020006,#FA4616,Konecny,2,8478439,15,17:14,PHI,4,Philadelphia Flyers,517
16650499,0,00:37,02:22,,,849,Travis,2026020006,#FA4616,Konecny,3,8478439,16,01:45,PHI,4,Philadelphia Flyers,517
16650558,0,00:52,06:13,,,898,Travis,2026020006,#FA4616,Konecny,3,8478439,17,05:21,PHI,4,Philadelphia Flyers,517
16650559,0,00:21,07:38,,,922,Travis,2026020006,#FA4616,Konecny,3,8478439,18,07:17,PHI,4,Philadelphia Flyers,517
16650560,0,00:52,11:17,,,960,Travis,2026020006,#FA4616,Konecny,3,8478439,19,10:25,PHI,4,Philadelphia Flyers,517
16650750,0,00:42,12:34,,,980,Travis,2026020006,#FA4616,Konecny,3,8478439,20,11:52,PHI,4,Philadelphia Flyers,517
16650751,0,00:36,15:27,,,1022,Travis,2026020006,#FA4616,Konecny,3,8478439,21,14:51,PHI,4,Philadelphia Flyers,517
16649541,0,00:55,03:22,,,83,Noel,2026020006,#FA4616,Acciari,1,8478569,1,02:27,PHI,4,Philadelphia Flyers,517
16649542,0,01:17,07:26,,,133,Noel,2026020006,#FA4616,Acciari,1,8478569,2,06:09,PHI,4,Philadelphia Flyers,517
16649543,0,00:33,10:05,,,278,Noel,2026020006,#FA4616,Acciari,1,8478569,3,09:32,PHI,4,Philadelphia Flyers,517
16649732,0,00:32,11:14,,,294,Noel,2026020006,#FA4616,Acciari,1,8478569,4,10:42,PHI,4,Philadelphia Flyers,517
16649733,0,00:22,12:55,,,317,Noel,2026020006,#FA4616,Acciari,1,8478569,5,12:33,PHI,4,Philadelphia Flyers,517
16649734,0,00:39,14:09,,,336,Noel,2026020006,#FA4616,Acciari,1,8478569,6,13:30,PHI,4,Philadelphia Flyers,517
16649735,0,00:53,17:28,,,428,Noel,2026020006,#FA4616,Acciari,1,8478569,7,16:35,PHI,4,Philadelphia Flyers,517
16649889,0,00:30,20:00,,,535,Noel,2026020006,#FA4616,Acciari,1,8478569,8,19:30,PHI,4,Philadelphia Flyers,517
16650026,0,00:37,04:00,,,595,Noel,2026020006,#FA4616,Acciari,2,8478569,9,03:23,PHI,4,Philadelphia Flyers,517
16650086,0,00:46,07:26,,,633,Noel,2026020006,#FA4616,Acciari,2,8478569,10,06:40,PHI,4,Philadelphia Flyers,517
16650251,0,01:02,11:08,,,680,Noel,2026020006,#FA4616,Acciari,2,8478569,11,10:06,PHI,4,Philadelphia Flyers,517
16650252,0,00:55,15:56,,,770,Noel,2026020006,#FA4616,Acciari,2,8478569,12,15:01,PHI,4,Philadelphia Flyers,517
16650411,0,00:18,20:00,,,818,Noel,2026020006,#FA4616,Acciari,2,8478569,13,19:42,PHI,4,Philadelphia Flyers,517
16650500,0,00:25,00:25,,,830,Noel,2026020006,#FA4616,Acciari,3,8478569,14,00:00,PHI,4,Philadelphia Flyers,517
16650501,0,00:29,01:45,,,842,Noel,2026020006,#FA4616,Acciari,3,8478569,15,01:16,PHI,4,Philadelphia Flyers,517
16650502,0,00:29,04:26,,,878,Noel,2026020006,#FA4616,Acciari,3,8478569,16,03:57,PHI,4,Philadelphia Flyers,517
16650561,0,01:04,07:17,,,907,Noel,2026020006,#FA4616,Acciari,3,8478569,17,06:13,PHI,4,Philadelphia Flyers,517
16650562,0,01:20,10:25,,,941,Noel,2026020006,#FA4616,Acciari,3,8478569,18,09:05,PHI,4,Philadelphia Flyers,517
16650752,0,01:09,13:44,,,991,Noel,2026020006,#FA4616,Acciari,3,8478569,19,12:35,PHI,4,Philadelphia Flyers,517
16650753,0,00:26,15:53,,,1031,Noel,2026020006,#FA4616,Acciari,3,8478569,20,15:27,PHI,4,Philadelphia Flyers,517
16650754,0,00:39,17:53,,,1051,Noel,2026020006,#FA4616,Acciari,3,8478569,21,17:14,PHI,4,Philadelphia Flyers,517
16649544,0,00:56,03:22,,,80,Carl,2026020006,#FA4616,Grundstrom,1,8479336,1,02:26,PHI,4,Philadelphia Flyers,517
16649545,0,01:19,07:26,,,130,Carl,2026020006,#FA4616,Grundstrom,1,8479336,2,06:07,PHI,4,Philadelphia Flyers,517
16649546,0,00:43,10:06,,,275,Carl,2026020006,#FA4616,Grundstrom,1,8479336,3,09:23,PHI,4,Philadelphia Flyers,517
16649736,0,00:39,14:09,,,336,Carl,2026020006,#FA4616,Grundstrom,1,8479336,4,13:30,PHI,4,Philadelphia Flyers,517
16649737,0,00:51,17:24,,,426,Carl,2026020006,#FA4616,Grundstrom,1,8479336,5,16:33,PHI,4,Philadelphia Flyers,517
16649890,0,00:30,20:00,,,535,Carl,2026020006,#FA4616,Grundstrom,1,8479336,6,19:30,PHI,4,Philadelphia Flyers,517
16650027,0,00:40,03:23,,,581,Carl,2026020006,#FA4616,Grundstrom,2,8479336,7,02:43,PHI,4,Philadelphia Flyers,517
16650087,0,00:47,07:26,,,632,Carl,2026020006,#FA4616,Grundstrom,2,8479336,8,06:39,PHI,4,Philadelphia Flyers,517
16650253,0,00:54,12:03,,,694,Carl,2026020006,#FA4616,Grundstrom,2,8479336,9,11:09,PHI,4,Philadelphia Flyers,517
16650254,0,00:15,15:01,,,760,Carl,2026020006,#FA4616,Grundstrom,2,8479336,10,14:46,PHI,4,Philadelphia Flyers,517
16650412,0,01:15,19:42,,,806,Carl,2026020006,#FA4616,Grundstrom,2,8479336,11,18:27,PHI,4,Philadelphia Flyers,517
16650503,0,00:34,03:57,,,865,Carl,2026020006,#FA4616,Grundstrom,3,8479336,12,03:23,PHI,4,Philadelphia Flyers,517
16650563,0,00:51,09:06,,,937,Carl,2026020006,#FA4616,Grundstrom,3,8479336,13,08:15,PHI,4,Philadelphia Flyers,517
16650755,0,01:04,13:38,,,990,Carl,2026020006,#FA4616,Grundstrom,3,8479336,14,12:34,PHI,4,Philadelphia Flyers,517
16650756,0,00:43,17:57,,,1051,Carl,2026020006,#FA4616,Grundstrom,3,8479336,15,17:14,PHI,4,Philadelphia Flyers,517
16649547,0,00:43,01:57,,,64,Samuel,2026020006,#FFB81C,Girard,1,8479398,1,01:14,PIT,5,Pittsburgh Penguins,517
16649548,0,01:20,04:24,,,89,Samuel,2026020006,#FFB81C,Girard,1,8479398,2,03:04,PIT,5,Pittsburgh Penguins,517
16649549,0,00:43,06:49,,,132,Samuel,2026020006,#FFB81C,Girard,1,8479398,3,06:06,PIT,5,Pittsburgh Penguins,517
16649550,0,01:09,09:29,,,261,Samuel,2026020006,#FFB81C,Girard,1,8479398,4,08:20,PIT,5,Pittsburgh Penguins,517
16649738,0,01:06,12:55,,,313,Samuel,2026020006,#FFB81C,Girard,1,8479398,5,11:49,PIT,5,Pittsburgh Penguins,517
16649739,0,00:43,13:59,,,328,Samuel,2026020006,#FFB81C,Girard,1,8479398,6,13:16,PIT,5,Pittsburgh Penguins,517
16649740,0,01:07,16:35,,,412,Samuel,2026020006,#FFB81C,Girard,1,8479398,7,15:28,PIT,5,Pittsburgh Penguins,517
16649891,0,00:57,19:06,,,503,Samuel,2026020006,#FFB81C,Girard,1,8479398,8,18:09,PIT,5,Pittsburgh Penguins,517
16650028,0,01:25,02:17,,,550,Samuel,2026020006,#FFB81C,Girard,2,8479398,9,00:52,PIT,5,Pittsburgh Penguins,517
16650088,0,01:22,05:59,,,612,Samuel,2026020006,#FFB81C,Girard,2,8479398,10,04:37,PIT,5,Pittsburgh Penguins,517
16650089,0,01:00,08:26,,,648,Samuel,2026020006,#FFB81C,Girard,2,8479398,11,07:26,PIT,5,Pittsburgh Penguins,517
16650255,0,01:00,10:56,,,678,Samuel,2026020006,#FFB81C,Girard,2,8479398,12,09:56,PIT,5,Pittsburgh Penguins,517
16650256,0,00:59,13:36,,,718,Samuel,2026020006,#FFB81C,Girard,2,8479398,13,12:37,PIT,5,Pittsburgh Penguins,517
16650257,0,01:31,17:16,,,772,Samuel,2026020006,#FFB81C,Girard,2,8479398,14,15:45,PIT,5,Pittsburgh Penguins,517
16650504,0,01:08,02:22,,,839,Samuel,2026020006,#FFB81C,Girard,3,8479398,15,01:14,PIT,5,Pittsburgh Penguins,517
16650564,0,00:46,05:12,,,884,Samuel,2026020006,#FFB81C,Girard,3,8479398,16,04:26,PIT,5,Pittsburgh Penguins,517
16650565,0,00:53,09:05,,,936,Samuel,2026020006,#FFB81C,Girard,3,8479398,17,08:12,PIT,5,Pittsburgh Penguins,517
16650757,0,00:45,11:52,,,970,Samuel,2026020006,#FFB81C,Girard,3,8479398,18,11:07,PIT,5,Pittsburgh Penguins,517
16650758,0,00:49,13:58,,,995,Samuel,2026020006,#FFB81C,Girard,3,8479398,19,13:09,PIT,5,Pittsburgh Penguins,517
16650759,0,00:47,15:27,,,1019,Samuel,2026020006,#FFB81C,Girard,3,8479398,20,14:40,PIT,5,Pittsburgh Penguins,517
16650760,0,00:49,18:33,,,1056,Samuel,2026020006,#FFB81C,Girard,3,8479398,21,17:44,PIT,5,Pittsburgh Penguins,517
16649551,0,00:43,02:27,,,73,Owen,2026020006,#FA4616,Tippett,1,8480015,1,01:44,PHI,4,Philadelphia Flyers,517
16649552,0,01:00,06:06,,,117,Owen,2026020006,#FA4616,Tippett,1,8480015,2,05:06,PHI,4,Philadelphia Flyers,517
16649553,0,00:37,09:23,,,269,Owen,2026020006,#FA4616,Tippett,1,8480015,3,08:46,PHI,4,Philadelphia Flyers,517
16649741,0,00:14,13:30,,,329,Owen,2026020006,#FA4616,Tippett,1,8480015,4,13:16,PHI,4,Philadelphia Flyers,517
16649742,0,00:38,15:38,,,406,Owen,2026020006,#FA4616,Tippett,1,8480015,5,15:00,PHI,4,Philadelphia Flyers,517
16649743,0,00:38,18:02,,,441,Owen,2026020006,#FA4616,Tippett,1,8480015,6,17:24,PHI,4,Philadelphia Flyers,517
16649892,0,00:13,19:19,,,519,Owen,2026020006,#FA4616,Tippett,1,8480015,7,19:06,PHI,4,Philadelphia Flyers,517
16650029,0,00:50,02:43,,,567,Owen,2026020006,#FA4616,Tippett,2,8480015,8,01:53,PHI,4,Philadelphia Flyers,517
16650090,0,00:57,06:40,,,621,Owen,2026020006,#FA4616,Tippett,2,8480015,9,05:43,PHI,4,Philadelphia Flyers,517
16650091,0,01:34,10:23,,,663,Owen,2026020006,#FA4616,Tippett,2,8480015,10,08:49,PHI,4,Philadelphia Flyers,517
16650258,0,00:53,14:30,,,738,Owen,2026020006,#FA4616,Tippett,2,8480015,11,13:37,PHI,4,Philadelphia Flyers,517
16650413,0,01:12,18:27,,,790,Owen,2026020006,#FA4616,Tippett,2,8480015,12,17:15,PHI,4,Philadelphia Flyers,517
16650505,0,00:37,02:22,,,849,Owen,2026020006,#FA4616,Tippett,3,8480015,13,01:45,PHI,4,Philadelphia Flyers,517
16650566,0,00:53,06:13,,,897,Owen,2026020006,#FA4616,Tippett,3,8480015,14,05:20,PHI,4,Philadelphia Flyers,517
16650567,0,00:21,07:38,,,922,Owen,2026020006,#FA4616,Tippett,3,8480015,15,07:17,PHI,4,Philadelphia Flyers,517
16650568,0,00:53,11:18,,,960,Owen,2026020006,#FA4616,Tippett,3,8480015,16,10:25,PHI,4,Philadelphia Flyers,517
16650761,0,00:40,12:32,,,980,Owen,2026020006,#FA4616,Tippett,3,8480015,17,11:52,PHI,4,Philadelphia Flyers,517
16650762,0,00:39,15:27,,,1020,Owen,2026020006,#FA4616,Tippett,3,8480015,18,14:48,PHI,4,Philadelphia Flyers,517
16650763,0,00:39,19:15,,,1069,Owen,2026020006,#FA4616,Tippett,3,8480015,19,18:36,PHI,4,Philadelphia Flyers,517
16649554,0,01:11,01:46,,,60,Noah,2026020006,#FA4616,Cates,1,8480220,1,00:35,PHI,4,Philadelphia Flyers,517
16649555,0,00:33,04:54,,,104,Noah,2026020006,#FA4616,Cates,1,8480220,2,04:21,PHI,4,Philadelphia Flyers,517
16649556,0,00:58,08:46,,,256,Noah,2026020006,#FA4616,Cates,1,8480220,3,07:48,PHI,4,Philadelphia Flyers,517
16649744,0,00:23,11:37,,,304,Noah,2026020006,#FA4616,Cates,1,8480220,4,11:14,PHI,4,Philadelphia Flyers,517
16649745,0,00:37,14:46,,,349,Noah,2026020006,#FA4616,Cates,1,8480220,5,14:09,PHI,4,Philadelphia Flyers,517
16650030,0,00:51,01:45,,,553,Noah,2026020006,#FA4616,Cates,2,8480220,6,00:54,PHI,4,Philadelphia Flyers,517
16650092,0,00:37,04:37,,,601,Noah,2026020006,#FA4616,Cates,2,8480220,7,04:00,PHI,4,Philadelphia Flyers,517
16650093,0,00:38,05:41,,,617,Noah,2026020006,#FA4616,Cates,2,8480220,8,05:03,PHI,4,Philadelphia Flyers,517
16650094,0,00:08,08:26,,,654,Noah,2026020006,#FA4616,Cates,2,8480220,9,08:18,PHI,4,Philadelphia Flyers,517
16650259,0,01:16,11:04,,,675,Noah,2026020006,#FA4616,Cates,2,8480220,10,09:48,PHI,4,Philadelphia Flyers,517
16650260,0,00:51,14:32,,,743,Noah,2026020006,#FA4616,Cates,2,8480220,11,13:41,PHI,4,Philadelphia Flyers,517
16650261,0,00:46,15:47,,,770,Noah,2026020006,#FA4616,Cates,2,8480220,12,15:01,PHI,4,Philadelphia Flyers,517
16650506,0,00:49,01:14,,,836,Noah,2026020006,#FA4616,Cates,3,8480220,13,00:25,PHI,4,Philadelphia Flyers,517
16650507,0,00:29,04:26,,,878,Noah,2026020006,#FA4616,Cates,3,8480220,14,03:57,PHI,4,Philadelphia Flyers,517
16650569,0,00:50,06:13,,,900,Noah,2026020006,#FA4616,Cates,3,8480220,15,05:23,PHI,4,Philadelphia Flyers,517
16650570,0,00:37,07:17,,,917,Noah,2026020006,#FA4616,Cates,3,8480220,16,06:40,PHI,4,Philadelphia Flyers,517
16650571,0,01:15,10:25,,,946,Noah,2026020006,#FA4616,Cates,3,8480220,17,09:10,PHI,4,Philadelphia Flyers,517
16650764,0,00:44,16:37,,,1040,Noah,2026020006,#FA4616,Cates,3,8480220,18,15:53,PHI,4,Philadelphia Flyers,517
16650765,0,00:44,19:18,,,1067,Noah,2026020006,#FA4616,Cates,3,8480220,19,18:34,PHI,4,Philadelphia Flyers,517
16649557,0,00:42,03:05,,,79,Filip,2026020006,#FFB81C,Hallander,1,8480842,1,02:23,PIT,5,Pittsburgh Penguins,517
16649558,0,00:34,06:40,,,132,Filip,2026020006,#FFB81C,Hallander,1,8480842,2,06:06,PIT,5,Pittsburgh Penguins,517
16649559,0,00:36,10:42,,,285,Filip,2026020006,#FFB81C,Hallander,1,8480842,3,10:06,PIT,5,Pittsburgh Penguins,517
16649746,0,00:53,16:31,,,415,Filip,2026020006,#FFB81C,Hallander,1,8480842,4,15:38,PIT,5,Pittsburgh Penguins,517
16650917,803,,10:23,EVG,"Kaedan Korczak, Samuel Girard",453,Filip,2026020006,#FFB81C,Hallander,2,8480842,0,10:23,PIT,5,Pittsburgh Penguins,505
16650031,0,00:10,03:23,,,589,Filip,2026020006,#FFB81C,Hallander,2,8480842,5,03:13,PIT,5,Pittsburgh Penguins,517
16650095,0,00:38,07:26,,,637,Filip,2026020006,#FFB81C,Hallander,2,8480842,6,06:48,PIT,5,Pittsburgh Penguins,517
16650096,0,00:20,10:23,,,679,Filip,2026020006,#FFB81C,Hallander,2,8480842,7,10:03,PIT,5,Pittsburgh Penguins,517
16650262,0,00:52,12:12,,,698,Filip,2026020006,#FFB81C,Hallander,2,8480842,8,11:20,PIT,5,Pittsburgh Penguins,517
16650263,0,00:33,14:12,,,744,Filip,2026020006,#FFB81C,Hallander,2,8480842,9,13:39,PIT,5,Pittsburgh Penguins,517
16650414,0,00:42,18:54,,,801,Filip,2026020006,#FFB81C,Hallander,2,8480842,10,18:12,PIT,5,Pittsburgh Penguins,517
16650508,0,00:43,03:05,,,858,Filip,2026020006,#FFB81C,Hallander,3,8480842,11,02:22,PIT,5,Pittsburgh Penguins,517
16650572,0,01:08,06:13,,,892,Filip,2026020006,#FFB81C,Hallander,3,8480842,12,05:05,PIT,5,Pittsburgh Penguins,517
16650573,0,00:54,09:04,,,932,Filip,2026020006,#FFB81C,Hallander,3,8480842,13,08:10,PIT,5,Pittsburgh Penguins,517
16650766,0,00:46,11:52,,,969,Filip,2026020006,#FFB81C,Hallander,3,8480842,14,11:06,PIT,5,Pittsburgh Penguins,517
16650767,0,00:40,17:54,,,1052,Filip,2026020006,#FFB81C,Hallander,3,8480842,15,17:14,PIT,5,Pittsburgh Penguins,517
16650768,0,00:44,19:20,,,1071,Filip,2026020006,#FFB81C,Hallander,3,8480842,16,18:36,PIT,5,Pittsburgh Penguins,517
16649560,0,00:45,02:23,,,70,Connor,2026020006,#FFB81C,Dewar,1,8480980,1,01:38,PIT,5,Pittsburgh Penguins,517
16649561,0,00:19,04:43,,,107,Connor,2026020006,#FFB81C,Dewar,1,8480980,2,04:24,PIT,5,Pittsburgh Penguins,517
16649562,0,00:38,06:06,,,122,Connor,2026020006,#FFB81C,Dewar,1,8480980,3,05:28,PIT,5,Pittsburgh Penguins,517
16649563,0,01:08,10:06,,,270,Connor,2026020006,#FFB81C,Dewar,1,8480980,4,08:58,PIT,5,Pittsburgh Penguins,517
16649747,0,00:50,14:49,,,344,Connor,2026020006,#FFB81C,Dewar,1,8480980,5,13:59,PIT,5,Pittsburgh Penguins,517
16649748,0,00:48,18:11,,,440,Connor,2026020006,#FFB81C,Dewar,1,8480980,6,17:23,PIT,5,Pittsburgh Penguins,517
16650032,0,01:06,02:17,,,560,Connor,2026020006,#FFB81C,Dewar,2,8480980,7,01:11,PIT,5,Pittsburgh Penguins,517
16650097,0,00:47,05:50,,,619,Connor,2026020006,#FFB81C,Dewar,2,8480980,8,05:03,PIT,5,Pittsburgh Penguins,517
16650098,0,00:34,09:00,,,662,Connor,2026020006,#FFB81C,Dewar,2,8480980,9,08:26,PIT,5,Pittsburgh Penguins,517
16650264,0,01:01,13:38,,,718,Connor,2026020006,#FFB81C,Dewar,2,8480980,10,12:37,PIT,5,Pittsburgh Penguins,517
16650265,0,00:34,14:46,,,746,Connor,2026020006,#FFB81C,Dewar,2,8480980,11,14:12,PIT,5,Pittsburgh Penguins,517
16650415,0,00:57,18:12,,,791,Connor,2026020006,#FFB81C,Dewar,2,8480980,12,17:15,PIT,5,Pittsburgh Penguins,517
16650509,0,01:03,03:25,,,858,Connor,2026020006,#FFB81C,Dewar,3,8480980,13,02:22,PIT,5,Pittsburgh Penguins,517
16650574,0,00:39,05:05,,,884,Connor,2026020006,#FFB81C,Dewar,3,8480980,14,04:26,PIT,5,Pittsburgh Penguins,517
16650575,0,00:13,06:26,,,908,Connor,2026020006,#FFB81C,Dewar,3,8480980,15,06:13,PIT,5,Pittsburgh Penguins,517
16650576,0,01:20,10:25,,,943,Connor,2026020006,#FFB81C,Dewar,3,8480980,16,09:05,PIT,5,Pittsburgh Penguins,517
16650769,0,00:04,12:29,,,985,Connor,2026020006,#FFB81C,Dewar,3,8480980,17,12:25,PIT,5,Pittsburgh Penguins,517
16650770,0,00:39,14:52,,,1015,Connor,2026020006,#FFB81C,Dewar,3,8480980,18,14:13,PIT,5,Pittsburgh Penguins,517
16650771,0,00:39,18:32,,,1058,Connor,2026020006,#FFB81C,Dewar,3,8480980,19,17:53,PIT,5,Pittsburgh Penguins,517
16650772,0,00:47,20:00,,,1076,Connor,2026020006,#FFB81C,Dewar,3,8480980,20,19:13,PIT,5,Pittsburgh Penguins,517
16649564,0,00:55,02:38,,,72,Simon,2026020006,#FA4616,Benoit,1,8481122,1,01:43,PHI,4,Philadelphia Flyers,517
16649565,0,00:34,05:29,,,115,Simon,2026020006,#FA4616,Benoit,1,8481122,2,04:55,PHI,4,Philadelphia Flyers,517
16649566,0,00:53,09:17,,,263,Simon,2026020006,#FA4616,Benoit,1,8481122,3,08:24,PHI,4,Philadelphia Flyers,517
16649749,0,00:14,13:30,,,329,Simon,2026020006,#FA4616,Benoit,1,8481122,4,13:16,PHI,4,Philadelphia Flyers,517
16649750,0,00:53,15:02,,,349,Simon,2026020006,#FA4616,Benoit,1,8481122,5,14:09,PHI,4,Philadelphia Flyers,517
16649751,0,00:46,17:08,,,425,Simon,2026020006,#FA4616,Benoit,1,8481122,6,16:22,PHI,4,Philadelphia Flyers,517
16650033,0,00:56,02:59,,,570,Simon,2026020006,#FA4616,Benoit,2,8481122,7,02:03,PHI,4,Philadelphia Flyers,517
16650099,0,00:38,05:41,,,617,Simon,2026020006,#FA4616,Benoit,2,8481122,8,05:03,PHI,4,Philadelphia Flyers,517
16650100,0,00:50,08:16,,,646,Simon,2026020006,#FA4616,Benoit,2,8481122,9,07:26,PHI,4,Philadelphia Flyers,517
16650266,0,01:05,11:11,,,680,Simon,2026020006,#FA4616,Benoit,2,8481122,10,10:06,PHI,4,Philadelphia Flyers,517
16650267,0,00:34,12:37,,,703,Simon,2026020006,#FA4616,Benoit,2,8481122,11,12:03,PHI,4,Philadelphia Flyers,517
16650268,0,00:54,15:55,,,770,Simon,2026020006,#FA4616,Benoit,2,8481122,12,15:01,PHI,4,Philadelphia Flyers,517
16650269,0,00:50,17:27,,,783,Simon,2026020006,#FA4616,Benoit,2,8481122,13,16:37,PHI,4,Philadelphia Flyers,517
16650416,0,01:28,19:42,,,802,Simon,2026020006,#FA4616,Benoit,2,8481122,14,18:14,PHI,4,Philadelphia Flyers,517
16650510,0,00:32,01:45,,,838,Simon,2026020006,#FA4616,Benoit,3,8481122,15,01:13,PHI,4,Philadelphia Flyers,517
16650511,0,00:45,03:49,,,864,Simon,2026020006,#FA4616,Benoit,3,8481122,16,03:04,PHI,4,Philadelphia Flyers,517
16650577,0,00:34,07:14,,,917,Simon,2026020006,#FA4616,Benoit,3,8481122,17,06:40,PHI,4,Philadelphia Flyers,517
16650578,0,01:28,10:25,,,940,Simon,2026020006,#FA4616,Benoit,3,8481122,18,08:57,PHI,4,Philadelphia Flyers,517
16650773,0,00:53,13:34,,,993,Simon,2026020006,#FA4616,Benoit,3,8481122,19,12:41,PHI,4,Philadelphia Flyers,517
16650774,0,00:36,15:27,,,1022,Simon,2026020006,#FA4616,Benoit,3,8481122,20,14:51,PHI,4,Philadelphia Flyers,517
16650775,0,00:37,17:14,,,1044,Simon,2026020006,#FA4616,Benoit,3,8481122,21,16:37,PHI,4,Philadelphia Flyers,517
16650776,0,00:57,18:50,,,1061,Simon,2026020006,#FA4616,Benoit,3,8481122,22,17:53,PHI,4,Philadelphia Flyers,517
16650777,0,00:37,20:00,,,1081,Simon,2026020006,#FA4616,Benoit,3,8481122,23,19:23,PHI,4,Philadelphia Flyers,517
16649567,0,00:57,02:26,,,66,Blake,2026020006,#FFB81C,Lizotte,1,8481481,1,01:29,PIT,5,Pittsburgh Penguins,517
16649568,0,00:07,04:31,,,107,Blake,2026020006,#FFB81C,Lizotte,1,8481481,2,04:24,PIT,5,Pittsburgh Penguins,517
16649569,0,00:59,06:11,,,118,Blake,2026020006,#FFB81C,Lizotte,1,8481481,3,05:12,PIT,5,Pittsburgh Penguins,517
16649570,0,00:45,10:04,,,274,Blake,2026020006,#FFB81C,Lizotte,1,8481481,4,09:19,PIT,5,Pittsburgh Penguins,517
16649752,0,00:56,14:47,,,339,Blake,2026020006,#FFB81C,Lizotte,1,8481481,5,13:51,PIT,5,Pittsburgh Penguins,517
16649753,0,00:54,18:09,,,438,Blake,2026020006,#FFB81C,Lizotte,1,8481481,6,17:15,PIT,5,Pittsburgh Penguins,517
16649893,0,00:06,19:12,,,517,Blake,2026020006,#FFB81C,Lizotte,1,8481481,7,19:06,PIT,5,Pittsburgh Penguins,517
16650034,0,00:42,01:53,,,560,Blake,2026020006,#FFB81C,Lizotte,2,8481481,8,01:11,PIT,5,Pittsburgh Penguins,517
16650101,0,00:56,05:59,,,619,Blake,2026020006,#FFB81C,Lizotte,2,8481481,9,05:03,PIT,5,Pittsburgh Penguins,517
16650102,0,00:33,08:59,,,662,Blake,2026020006,#FFB81C,Lizotte,2,8481481,10,08:26,PIT,5,Pittsburgh Penguins,517
16650270,0,01:02,13:39,,,718,Blake,2026020006,#FFB81C,Lizotte,2,8481481,11,12:37,PIT,5,Pittsburgh Penguins,517
16650271,0,00:18,14:46,,,751,Blake,2026020006,#FFB81C,Lizotte,2,8481481,12,14:28,PIT,5,Pittsburgh Penguins,517
16650272,0,00:33,17:53,,,793,Blake,2026020006,#FFB81C,Lizotte,2,8481481,13,17:20,PIT,5,Pittsburgh Penguins,517
16650512,0,00:42,03:04,,,858,Blake,2026020006,#FFB81C,Lizotte,3,8481481,14,02:22,PIT,5,Pittsburgh Penguins,517
16650579,0,00:26,04:52,,,884,Blake,2026020006,#FFB81C,Lizotte,3,8481481,15,04:26,PIT,5,Pittsburgh Penguins,517
16650580,0,00:15,06:28,,,908,Blake,2026020006,#FFB81C,Lizotte,3,8481481,16,06:13,PIT,5,Pittsburgh Penguins,517
16650581,0,01:02,10:06,,,942,Blake,2026020006,#FFB81C,Lizotte,3,8481481,17,09:04,PIT,5,Pittsburgh Penguins,517
16650582,0,00:36,11:06,,,966,Blake,2026020006,#FFB81C,Lizotte,3,8481481,18,10:30,PIT,5,Pittsburgh Penguins,517
16650778,0,00:37,14:50,,,1015,Blake,2026020006,#FFB81C,Lizotte,3,8481481,19,14:13,PIT,5,Pittsburgh Penguins,517
16650779,0,00:47,17:53,,,1047,Blake,2026020006,#FFB81C,Lizotte,3,8481481,20,17:06,PIT,5,Pittsburgh Penguins,517
16649571,0,00:41,01:55,,,64,Kaedan,2026020006,#FFB81C,Korczak,1,8481527,1,01:14,PIT,5,Pittsburgh Penguins,517
16649572,0,01:02,04:24,,,97,Kaedan,2026020006,#FFB81C,Korczak,1,8481527,2,03:22,PIT,5,Pittsburgh Penguins,517
16649573,0,00:35,06:41,,,132,Kaedan,2026020006,#FFB81C,Korczak,1,8481527,3,06:06,PIT,5,Pittsburgh Penguins,517
16649574,0,00:54,09:29,,,265,Kaedan,2026020006,#FFB81C,Korczak,1,8481527,4,08:35,PIT,5,Pittsburgh Penguins,517
16649754,0,00:43,13:59,,,328,Kaedan,2026020006,#FFB81C,Korczak,1,8481527,5,13:16,PIT,5,Pittsburgh Penguins,517
16649755,0,01:05,16:34,,,413,Kaedan,2026020006,#FFB81C,Korczak,1,8481527,6,15:29,PIT,5,Pittsburgh Penguins,517
16649894,0,00:57,19:06,,,503,Kaedan,2026020006,#FFB81C,Korczak,1,8481527,7,18:09,PIT,5,Pittsburgh Penguins,517
16650035,0,01:02,01:53,,,549,Kaedan,2026020006,#FFB81C,Korczak,2,8481527,8,00:51,PIT,5,Pittsburgh Penguins,517
16650103,0,00:56,05:59,,,619,Kaedan,2026020006,#FFB81C,Korczak,2,8481527,9,05:03,PIT,5,Pittsburgh Penguins,517
16650104,0,00:44,08:10,,,648,Kaedan,2026020006,#FFB81C,Korczak,2,8481527,10,07:26,PIT,5,Pittsburgh Penguins,517
16650273,0,01:26,11:17,,,676,Kaedan,2026020006,#FFB81C,Korczak,2,8481527,11,09:51,PIT,5,Pittsburgh Penguins,517
16650274,0,00:53,14:29,,,740,Kaedan,2026020006,#FFB81C,Korczak,2,8481527,12,13:36,PIT,5,Pittsburgh Penguins,517
16650275,0,01:30,17:15,,,772,Kaedan,2026020006,#FFB81C,Korczak,2,8481527,13,15:45,PIT,5,Pittsburgh Penguins,517
16650513,0,00:37,02:22,,,850,Kaedan,2026020006,#FFB81C,Korczak,3,8481527,14,01:45,PIT,5,Pittsburgh Penguins,517
16650583,0,01:01,06:13,,,895,Kaedan,2026020006,#FFB81C,Korczak,3,8481527,15,05:12,PIT,5,Pittsburgh Penguins,517
16650584,0,00:55,09:14,,,938,Kaedan,2026020006,#FFB81C,Korczak,3,8481527,16,08:19,PIT,5,Pittsburgh Penguins,517
16650780,0,00:46,11:52,,,969,Kaedan,2026020006,#FFB81C,Korczak,3,8481527,17,11:06,PIT,5,Pittsburgh Penguins,517
16650781,0,00:47,14:13,,,997,Kaedan,2026020006,#FFB81C,Korczak,3,8481527,18,13:26,PIT,5,Pittsburgh Penguins,517
16650782,0,00:40,15:27,,,1023,Kaedan,2026020006,#FFB81C,Korczak,3,8481527,19,14:47,PIT,5,Pittsburgh Penguins,517
16650783,0,00:49,18:34,,,1057,Kaedan,2026020006,#FFB81C,Korczak,3,8481527,20,17:45,PIT,5,Pittsburgh Penguins,517
16650784,0,00:28,20:00,,,1082,Kaedan,2026020006,#FFB81C,Korczak,3,8481527,21,19:32,PIT,5,Pittsburgh Penguins,517
16649575,0,00:52,02:38,,,74,Trevor,2026020006,#FA4616,Zegras,1,8481533,1,01:46,PHI,4,Philadelphia Flyers,517
16649576,0,01:13,06:08,,,115,Trevor,2026020006,#FA4616,Zegras,1,8481533,2,04:55,PHI,4,Philadelphia Flyers,517
16649577,0,00:41,09:26,,,267,Trevor,2026020006,#FA4616,Zegras,1,8481533,3,08:45,PHI,4,Philadelphia Flyers,517
16649756,0,00:14,13:30,,,329,Trevor,2026020006,#FA4616,Zegras,1,8481533,4,13:16,PHI,4,Philadelphia Flyers,517
16649757,0,00:58,15:44,,,401,Trevor,2026020006,#FA4616,Zegras,1,8481533,5,14:46,PHI,4,Philadelphia Flyers,517
16649758,0,00:59,18:25,,,442,Trevor,2026020006,#FA4616,Zegras,1,8481533,6,17:26,PHI,4,Philadelphia Flyers,517
16649895,0,00:13,19:19,,,519,Trevor,2026020006,#FA4616,Zegras,1,8481533,7,19:06,PHI,4,Philadelphia Flyers,517
16650036,0,01:38,03:23,,,566,Trevor,2026020006,#FA4616,Zegras,2,8481533,8,01:45,PHI,4,Philadelphia Flyers,517
16650105,0,00:57,06:38,,,620,Trevor,2026020006,#FA4616,Zegras,2,8481533,9,05:41,PHI,4,Philadelphia Flyers,517
16650106,0,00:56,09:48,,,664,Trevor,2026020006,#FA4616,Zegras,2,8481533,10,08:52,PHI,4,Philadelphia Flyers,517
16650276,0,01:04,13:41,,,723,Trevor,2026020006,#FA4616,Zegras,2,8481533,11,12:37,PHI,4,Philadelphia Flyers,517
16650417,0,01:31,18:23,,,786,Trevor,2026020006,#FA4616,Zegras,2,8481533,12,16:52,PHI,4,Philadelphia Flyers,517
16650514,0,00:37,02:22,,,849,Trevor,2026020006,#FA4616,Zegras,3,8481533,13,01:45,PHI,4,Philadelphia Flyers,517
16650585,0,00:56,05:22,,,888,Trevor,2026020006,#FA4616,Zegras,3,8481533,14,04:26,PHI,4,Philadelphia Flyers,517
16650586,0,00:21,07:38,,,922,Trevor,2026020006,#FA4616,Zegras,3,8481533,15,07:17,PHI,4,Philadelphia Flyers,517
16650785,0,00:35,11:52,,,971,Trevor,2026020006,#FA4616,Zegras,3,8481533,16,11:17,PHI,4,Philadelphia Flyers,517
16650786,0,00:36,15:27,,,1022,Trevor,2026020006,#FA4616,Zegras,3,8481533,17,14:51,PHI,4,Philadelphia Flyers,517
16650787,0,00:37,17:14,,,1044,Trevor,2026020006,#FA4616,Zegras,3,8481533,18,16:37,PHI,4,Philadelphia Flyers,517
16650788,0,00:45,18:38,,,1061,Trevor,2026020006,#FA4616,Zegras,3,8481533,19,17:53,PHI,4,Philadelphia Flyers,517
16650789,0,00:42,20:00,,,1077,Trevor,2026020006,#FA4616,Zegras,3,8481533,20,19:18,PHI,4,Philadelphia Flyers,517
16649578,0,01:08,01:43,,,60,Cam,2026020006,#FA4616,York,1,8481546,1,00:35,PHI,4,Philadelphia Flyers,517
16649579,0,00:36,03:14,,,87,Cam,2026020006,#FA4616,York,1,8481546,2,02:38,PHI,4,Philadelphia Flyers,517
16649580,0,00:34,04:55,,,104,Cam,2026020006,#FA4616,York,1,8481546,3,04:21,PHI,4,Philadelphia Flyers,517
16649581,0,00:34,06:03,,,121,Cam,2026020006,#FA4616,York,1,8481546,4,05:29,PHI,4,Philadelphia Flyers,517
16649582,0,00:57,08:23,,,149,Cam,2026020006,#FA4616,York,1,8481546,5,07:26,PHI,4,Philadelphia Flyers,517
16649759,0,01:07,11:13,,,286,Cam,2026020006,#FA4616,York,1,8481546,6,10:06,PHI,4,Philadelphia Flyers,517
16649760,0,00:26,12:55,,,316,Cam,2026020006,#FA4616,York,1,8481546,7,12:29,PHI,4,Philadelphia Flyers,517
16649761,0,00:39,14:09,,,336,Cam,2026020006,#FA4616,York,1,8481546,8,13:30,PHI,4,Philadelphia Flyers,517
16649762,0,00:43,16:22,,,416,Cam,2026020006,#FA4616,York,1,8481546,9,15:39,PHI,4,Philadelphia Flyers,517
16649896,0,00:45,18:46,,,450,Cam,2026020006,#FA4616,York,1,8481546,10,18:01,PHI,4,Philadelphia Flyers,517
16649897,0,00:41,20:00,,,530,Cam,2026020006,#FA4616,York,1,8481546,11,19:19,PHI,4,Philadelphia Flyers,517
16650037,0,00:56,02:03,,,557,Cam,2026020006,#FA4616,York,2,8481546,12,01:07,PHI,4,Philadelphia Flyers,517
16650038,0,00:37,04:00,,,595,Cam,2026020006,#FA4616,York,2,8481546,13,03:23,PHI,4,Philadelphia Flyers,517
16650107,0,00:26,05:03,,,610,Cam,2026020006,#FA4616,York,2,8481546,14,04:37,PHI,4,Philadelphia Flyers,517
16650108,0,00:47,07:26,,,632,Cam,2026020006,#FA4616,York,2,8481546,15,06:39,PHI,4,Philadelphia Flyers,517
16650109,0,00:55,10:06,,,670,Cam,2026020006,#FA4616,York,2,8481546,16,09:11,PHI,4,Philadelphia Flyers,517
16650277,0,00:04,12:07,,,703,Cam,2026020006,#FA4616,York,2,8481546,17,12:03,PHI,4,Philadelphia Flyers,517
16650278,0,00:58,14:46,,,745,Cam,2026020006,#FA4616,York,2,8481546,18,13:48,PHI,4,Philadelphia Flyers,517
16650279,0,00:42,16:37,,,778,Cam,2026020006,#FA4616,York,2,8481546,19,15:55,PHI,4,Philadelphia Flyers,517
16650418,0,00:18,20:00,,,818,Cam,2026020006,#FA4616,York,2,8481546,20,19:42,PHI,4,Philadelphia Flyers,517
16650515,0,01:13,01:13,,,830,Cam,2026020006,#FA4616,York,3,8481546,21,00:00,PHI,4,Philadelphia Flyers,517
16650516,0,00:37,04:26,,,873,Cam,2026020006,#FA4616,York,3,8481546,22,03:49,PHI,4,Philadelphia Flyers,517
16650587,0,00:56,06:13,,,896,Cam,2026020006,#FA4616,York,3,8481546,23,05:17,PHI,4,Philadelphia Flyers,517
16650588,0,00:58,08:12,,,918,Cam,2026020006,#FA4616,York,3,8481546,24,07:14,PHI,4,Philadelphia Flyers,517
16650589,0,00:59,11:24,,,960,Cam,2026020006,#FA4616,York,3,8481546,25,10:25,PHI,4,Philadelphia Flyers,517
16650790,0,00:49,12:41,,,980,Cam,2026020006,#FA4616,York,3,8481546,26,11:52,PHI,4,Philadelphia Flyers,517
16650791,0,01:10,16:37,,,1031,Cam,2026020006,#FA4616,York,3,8481546,27,15:27,PHI,4,Philadelphia Flyers,517
16650792,0,00:33,19:23,,,1073,Cam,2026020006,#FA4616,York,3,8481546,28,18:50,PHI,4,Philadelphia Flyers,517
16650918,805,,07:26,EVG,"Kris Letang, Sidney Crosby",146,Nick,2026020006,#FFB81C,Robertson,1,8481582,0,07:26,PIT,5,Pittsburgh Penguins,505
16649498,0,00:34,00:34,,,5,Nick,2026020006,#FFB81C,Robertson,1,8481582,1,00:00,PIT,5,Pittsburgh Penguins,517
16649583,0,01:01,04:23,,,97,Nick,2026020006,#FFB81C,Robertson,1,8481582,2,03:22,PIT,5,Pittsburgh Penguins,517
16649584,0,01:39,08:19,,,136,Nick,2026020006,#FFB81C,Robertson,1,8481582,3,06:40,PIT,5,Pittsburgh Penguins,517
16649763,0,00:21,13:16,,,323,Nick,2026020006,#FFB81C,Robertson,1,8481582,4,12:55,PIT,5,Pittsburgh Penguins,517
16649764,0,00:49,15:38,,,403,Nick,2026020006,#FFB81C,Robertson,1,8481582,5,14:49,PIT,5,Pittsburgh Penguins,517
16649898,0,00:55,19:06,,,504,Nick,2026020006,#FFB81C,Robertson,1,8481582,6,18:11,PIT,5,Pittsburgh Penguins,517
16650039,0,00:52,00:52,,,543,Nick,2026020006,#FFB81C,Robertson,2,8481582,7,00:00,PIT,5,Pittsburgh Penguins,517
16650110,0,00:58,06:48,,,623,Nick,2026020006,#FFB81C,Robertson,2,8481582,8,05:50,PIT,5,Pittsburgh Penguins,517
16650111,0,00:13,08:26,,,652,Nick,2026020006,#FFB81C,Robertson,2,8481582,9,08:13,PIT,5,Pittsburgh Penguins,517
16650112,0,01:03,10:03,,,666,Nick,2026020006,#FFB81C,Robertson,2,8481582,10,09:00,PIT,5,Pittsburgh Penguins,517
16650280,0,00:25,12:37,,,710,Nick,2026020006,#FFB81C,Robertson,2,8481582,11,12:12,PIT,5,Pittsburgh Penguins,517
16650281,0,01:02,15:48,,,763,Nick,2026020006,#FFB81C,Robertson,2,8481582,12,14:46,PIT,5,Pittsburgh Penguins,517
16650419,0,00:48,19:42,,,808,Nick,2026020006,#FFB81C,Robertson,2,8481582,13,18:54,PIT,5,Pittsburgh Penguins,517
16650919,802,,11:52,SHG,Filip Hallander,977,Nick,2026020006,#FFB81C,Robertson,3,8481582,0,11:52,PIT,5,Pittsburgh Penguins,505
16650517,0,00:58,04:26,,,870,Nick,2026020006,#FFB81C,Robertson,3,8481582,14,03:28,PIT,5,Pittsburgh Penguins,517
16650590,0,00:32,08:10,,,929,Nick,2026020006,#FFB81C,Robertson,3,8481582,15,07:38,PIT,5,Pittsburgh Penguins,517
16650591,0,00:05,10:30,,,956,Nick,2026020006,#FFB81C,Robertson,3,8481582,16,10:25,PIT,5,Pittsburgh Penguins,517
16650793,0,00:34,11:52,,,972,Nick,2026020006,#FFB81C,Robertson,3,8481582,17,11:18,PIT,5,Pittsburgh Penguins,517
16650794,0,00:33,15:27,,,1026,Nick,2026020006,#FFB81C,Robertson,3,8481582,18,14:54,PIT,5,Pittsburgh Penguins,517
16650795,0,00:37,17:14,,,1046,Nick,2026020006,#FFB81C,Robertson,3,8481582,19,16:37,PIT,5,Pittsburgh Penguins,517
16650796,0,00:35,18:36,,,1064,Nick,2026020006,#FFB81C,Robertson,3,8481582,20,18:01,PIT,5,Pittsburgh Penguins,517
16650797,0,00:28,20:00,,,1083,Nick,2026020006,#FFB81C,Robertson,3,8481582,21,19:32,PIT,5,Pittsburgh Penguins,517
16649499,0,20:00,20:00,,,5,Arturs,2026020006,#FFB81C,Silovs,1,8481668,1,00:00,PIT,5,Pittsburgh Penguins,517
16650040,0,20:00,20:00,,,543,Arturs,2026020006,#FFB81C,Silovs,2,8481668,2,00:00,PIT,5,Pittsburgh Penguins,517
16650518,0,20:00,20:00,,,831,Arturs,2026020006,#FFB81C,Silovs,3,8481668,3,00:00,PIT,5,Pittsburgh Penguins,517
16649585,0,00:45,02:32,,,75,Elmer,2026020006,#FFB81C,Soderblom,1,8481725,1,01:47,PIT,5,Pittsburgh Penguins,517
16649586,0,00:22,04:46,,,107,Elmer,2026020006,#FFB81C,Soderblom,1,8481725,2,04:24,PIT,5,Pittsburgh Penguins,517
16649587,0,00:27,06:06,,,126,Elmer,2026020006,#FFB81C,Soderblom,1,8481725,3,05:39,PIT,5,Pittsburgh Penguins,517
16649588,0,00:51,09:39,,,268,Elmer,2026020006,#FFB81C,Soderblom,1,8481725,4,08:48,PIT,5,Pittsburgh Penguins,517
16649765,0,00:57,14:49,,,340,Elmer,2026020006,#FFB81C,Soderblom,1,8481725,5,13:52,PIT,5,Pittsburgh Penguins,517
16649766,0,00:54,18:18,,,443,Elmer,2026020006,#FFB81C,Soderblom,1,8481725,6,17:24,PIT,5,Pittsburgh Penguins,517
16650041,0,00:44,01:55,,,560,Elmer,2026020006,#FFB81C,Soderblom,2,8481725,7,01:11,PIT,5,Pittsburgh Penguins,517
16650113,0,00:56,05:59,,,619,Elmer,2026020006,#FFB81C,Soderblom,2,8481725,8,05:03,PIT,5,Pittsburgh Penguins,517
16650114,0,00:39,09:05,,,662,Elmer,2026020006,#FFB81C,Soderblom,2,8481725,9,08:26,PIT,5,Pittsburgh Penguins,517
16650420,0,00:54,18:09,,,791,Elmer,2026020006,#FFB81C,Soderblom,2,8481725,10,17:15,PIT,5,Pittsburgh Penguins,517
16650592,0,01:21,06:13,,,890,Elmer,2026020006,#FFB81C,Soderblom,3,8481725,11,04:52,PIT,5,Pittsburgh Penguins,517
16650593,0,01:14,10:25,,,945,Elmer,2026020006,#FFB81C,Soderblom,3,8481725,12,09:11,PIT,5,Pittsburgh Penguins,517
16650798,0,00:34,12:30,,,372,Elmer,2026020006,#FFB81C,Soderblom,3,8481725,13,11:56,PIT,5,Pittsburgh Penguins,517
16650799,0,00:41,14:54,,,1015,Elmer,2026020006,#FFB81C,Soderblom,3,8481725,14,14:13,PIT,5,Pittsburgh Penguins,517
16650800,0,00:40,18:34,,,1059,Elmer,2026020006,#FFB81C,Soderblom,3,8481725,15,17:54,PIT,5,Pittsburgh Penguins,517
16650801,0,00:40,20:00,,,1079,Elmer,2026020006,#FFB81C,Soderblom,3,8481725,16,19:20,PIT,5,Pittsburgh Penguins,517
16649589,0,01:07,01:44,,,61,Jamie,2026020006,#FA4616,Drysdale,1,8482142,1,00:37,PHI,4,Philadelphia Flyers,517
16649590,0,00:30,03:08,,,87,Jamie,2026020006,#FA4616,Drysdale,1,8482142,2,02:38,PHI,4,Philadelphia Flyers,517
16649591,0,00:32,04:55,,,106,Jamie,2026020006,#FA4616,Drysdale,1,8482142,3,04:23,PHI,4,Philadelphia Flyers,517
16649592,0,00:34,06:07,,,124,Jamie,2026020006,#FA4616,Drysdale,1,8482142,4,05:33,PHI,4,Philadelphia Flyers,517
16649593,0,00:58,08:24,,,149,Jamie,2026020006,#FA4616,Drysdale,1,8482142,5,07:26,PHI,4,Philadelphia Flyers,517
16649594,0,00:31,10:42,,,289,Jamie,2026020006,#FA4616,Drysdale,1,8482142,6,10:11,PHI,4,Philadelphia Flyers,517
16649767,0,00:13,12:55,,,318,Jamie,2026020006,#FA4616,Drysdale,1,8482142,7,12:42,PHI,4,Philadelphia Flyers,517
16649768,0,00:41,13:57,,,329,Jamie,2026020006,#FA4616,Drysdale,1,8482142,8,13:16,PHI,4,Philadelphia Flyers,517
16649769,0,00:37,16:21,,,420,Jamie,2026020006,#FA4616,Drysdale,1,8482142,9,15:44,PHI,4,Philadelphia Flyers,517
16649899,0,00:46,18:48,,,501,Jamie,2026020006,#FA4616,Drysdale,1,8482142,10,18:02,PHI,4,Philadelphia Flyers,517
16649900,0,00:41,20:00,,,530,Jamie,2026020006,#FA4616,Drysdale,1,8482142,11,19:19,PHI,4,Philadelphia Flyers,517
16650042,0,01:12,02:04,,,548,Jamie,2026020006,#FA4616,Drysdale,2,8482142,12,00:52,PHI,4,Philadelphia Flyers,517
16650115,0,00:40,05:43,,,617,Jamie,2026020006,#FA4616,Drysdale,2,8482142,13,05:03,PHI,4,Philadelphia Flyers,517
16650116,0,00:49,07:26,,,630,Jamie,2026020006,#FA4616,Drysdale,2,8482142,14,06:37,PHI,4,Philadelphia Flyers,517
16650117,0,01:13,10:23,,,668,Jamie,2026020006,#FA4616,Drysdale,2,8482142,15,09:10,PHI,4,Philadelphia Flyers,517
16650282,0,01:11,13:48,,,723,Jamie,2026020006,#FA4616,Drysdale,2,8482142,16,12:37,PHI,4,Philadelphia Flyers,517
16650283,0,00:44,16:38,,,776,Jamie,2026020006,#FA4616,Drysdale,2,8482142,17,15:54,PHI,4,Philadelphia Flyers,517
16650519,0,00:37,02:22,,,849,Jamie,2026020006,#FA4616,Drysdale,3,8482142,18,01:45,PHI,4,Philadelphia Flyers,517
16650594,0,01:26,05:17,,,874,Jamie,2026020006,#FA4616,Drysdale,3,8482142,19,03:51,PHI,4,Philadelphia Flyers,517
16650595,0,00:39,07:56,,,922,Jamie,2026020006,#FA4616,Drysdale,3,8482142,20,07:17,PHI,4,Philadelphia Flyers,517
16650802,0,00:28,11:52,,,975,Jamie,2026020006,#FA4616,Drysdale,3,8482142,21,11:24,PHI,4,Philadelphia Flyers,517
16650803,0,00:40,17:54,,,1051,Jamie,2026020006,#FA4616,Drysdale,3,8482142,22,17:14,PHI,4,Philadelphia Flyers,517
16650804,0,00:32,19:23,,,1074,Jamie,2026020006,#FA4616,Drysdale,3,8482142,23,18:51,PHI,4,Philadelphia Flyers,517
16649595,0,00:46,03:10,,,81,Hendrix,2026020006,#FFB81C,Lapierre,1,8482148,1,02:24,PIT,5,Pittsburgh Penguins,517
16649596,0,00:53,07:04,,,134,Hendrix,2026020006,#FFB81C,Lapierre,1,8482148,2,06:11,PIT,5,Pittsburgh Penguins,517
16649597,0,00:38,10:42,,,284,Hendrix,2026020006,#FFB81C,Lapierre,1,8482148,3,10:04,PIT,5,Pittsburgh Penguins,517
16649770,0,01:15,12:55,,,310,Hendrix,2026020006,#FFB81C,Lapierre,1,8482148,4,11:40,PIT,5,Pittsburgh Penguins,517
16649771,0,01:07,16:33,,,410,Hendrix,2026020006,#FFB81C,Lapierre,1,8482148,5,15:26,PIT,5,Pittsburgh Penguins,517
16650920,802,,07:26,EVG,"Filip Hallander, Declan Carlile",643,Hendrix,2026020006,#FFB81C,Lapierre,2,8482148,0,07:26,PIT,5,Pittsburgh Penguins,505
16650043,0,00:06,03:23,,,590,Hendrix,2026020006,#FFB81C,Lapierre,2,8482148,6,03:17,PIT,5,Pittsburgh Penguins,517
16650118,0,00:37,05:03,,,605,Hendrix,2026020006,#FFB81C,Lapierre,2,8482148,7,04:26,PIT,5,Pittsburgh Penguins,517
16650119,0,00:40,07:26,,,636,Hendrix,2026020006,#FFB81C,Lapierre,2,8482148,8,06:46,PIT,5,Pittsburgh Penguins,517
16650120,0,00:32,10:23,,,676,Hendrix,2026020006,#FFB81C,Lapierre,2,8482148,9,09:51,PIT,5,Pittsburgh Penguins,517
16650284,0,01:14,12:19,,,693,Hendrix,2026020006,#FFB81C,Lapierre,2,8482148,10,11:05,PIT,5,Pittsburgh Penguins,517
16650421,0,01:03,18:56,,,797,Hendrix,2026020006,#FFB81C,Lapierre,2,8482148,11,17:53,PIT,5,Pittsburgh Penguins,517
16650520,0,01:07,02:22,,,841,Hendrix,2026020006,#FFB81C,Lapierre,3,8482148,12,01:15,PIT,5,Pittsburgh Penguins,517
16650596,0,00:55,09:05,,,932,Hendrix,2026020006,#FFB81C,Lapierre,3,8482148,13,08:10,PIT,5,Pittsburgh Penguins,517
16650805,0,01:00,14:13,,,996,Hendrix,2026020006,#FFB81C,Lapierre,3,8482148,14,13:13,PIT,5,Pittsburgh Penguins,517
16650806,0,00:29,17:06,,,1046,Hendrix,2026020006,#FFB81C,Lapierre,3,8482148,15,16:37,PIT,5,Pittsburgh Penguins,517
16650807,0,00:40,19:13,,,1066,Hendrix,2026020006,#FFB81C,Lapierre,3,8482148,16,18:33,PIT,5,Pittsburgh Penguins,517
16649500,0,00:46,00:46,,,4,Tyson,2026020006,#FA4616,Foerster,1,8482159,1,00:00,PHI,4,Philadelphia Flyers,517
16649598,0,01:01,04:23,,,98,Tyson,2026020006,#FA4616,Foerster,1,8482159,2,03:22,PHI,4,Philadelphia Flyers,517
16649599,0,00:22,07:48,,,149,Tyson,2026020006,#FA4616,Foerster,1,8482159,3,07:26,PHI,4,Philadelphia Flyers,517
16649600,0,00:36,10:42,,,286,Tyson,2026020006,#FA4616,Foerster,1,8482159,4,10:06,PHI,4,Philadelphia Flyers,517
16649772,0,00:29,11:44,,,305,Tyson,2026020006,#FA4616,Foerster,1,8482159,5,11:15,PHI,4,Philadelphia Flyers,517
16649773,0,00:21,13:16,,,324,Tyson,2026020006,#FA4616,Foerster,1,8482159,6,12:55,PHI,4,Philadelphia Flyers,517
16649774,0,00:55,16:33,,,414,Tyson,2026020006,#FA4616,Foerster,1,8482159,7,15:38,PHI,4,Philadelphia Flyers,517
16649901,0,01:02,19:06,,,502,Tyson,2026020006,#FA4616,Foerster,1,8482159,8,18:04,PHI,4,Philadelphia Flyers,517
16649902,0,00:11,19:30,,,530,Tyson,2026020006,#FA4616,Foerster,1,8482159,9,19:19,PHI,4,Philadelphia Flyers,517
16650044,0,00:51,00:51,,,542,Tyson,2026020006,#FA4616,Foerster,2,8482159,10,00:00,PHI,4,Philadelphia Flyers,517
16650121,0,00:35,04:37,,,603,Tyson,2026020006,#FA4616,Foerster,2,8482159,11,04:02,PHI,4,Philadelphia Flyers,517
16650122,0,01:23,08:49,,,646,Tyson,2026020006,#FA4616,Foerster,2,8482159,12,07:26,PHI,4,Philadelphia Flyers,517
16650285,0,01:33,13:38,,,705,Tyson,2026020006,#FA4616,Foerster,2,8482159,13,12:05,PHI,4,Philadelphia Flyers,517
16650286,0,00:14,14:46,,,750,Tyson,2026020006,#FA4616,Foerster,2,8482159,14,14:32,PHI,4,Philadelphia Flyers,517
16650287,0,01:02,17:15,,,781,Tyson,2026020006,#FA4616,Foerster,2,8482159,15,16:13,PHI,4,Philadelphia Flyers,517
16650521,0,00:49,01:14,,,836,Tyson,2026020006,#FA4616,Foerster,3,8482159,16,00:25,PHI,4,Philadelphia Flyers,517
16650522,0,01:01,03:23,,,859,Tyson,2026020006,#FA4616,Foerster,3,8482159,17,02:22,PHI,4,Philadelphia Flyers,517
16650597,0,00:54,05:20,,,888,Tyson,2026020006,#FA4616,Foerster,3,8482159,18,04:26,PHI,4,Philadelphia Flyers,517
16650598,0,00:37,08:15,,,930,Tyson,2026020006,#FA4616,Foerster,3,8482159,19,07:38,PHI,4,Philadelphia Flyers,517
16650808,0,00:34,11:52,,,973,Tyson,2026020006,#FA4616,Foerster,3,8482159,20,11:18,PHI,4,Philadelphia Flyers,517
16650809,0,01:10,14:48,,,1001,Tyson,2026020006,#FA4616,Foerster,3,8482159,21,13:38,PHI,4,Philadelphia Flyers,517
16650810,0,00:42,19:20,,,1072,Tyson,2026020006,#FA4616,Foerster,3,8482159,22,18:38,PHI,4,Philadelphia Flyers,517
16649601,0,01:04,01:38,,,59,Egor,2026020006,#FFB81C,Chinakhov,1,8482475,1,00:34,PIT,5,Pittsburgh Penguins,517
16649602,0,00:01,04:24,,,101,Egor,2026020006,#FFB81C,Chinakhov,1,8482475,2,04:23,PIT,5,Pittsburgh Penguins,517
16649603,0,00:45,05:28,,,112,Egor,2026020006,#FFB81C,Chinakhov,1,8482475,3,04:43,PIT,5,Pittsburgh Penguins,517
16649604,0,00:39,08:58,,,260,Egor,2026020006,#FFB81C,Chinakhov,1,8482475,4,08:19,PIT,5,Pittsburgh Penguins,517
16649775,0,01:03,11:45,,,295,Egor,2026020006,#FFB81C,Chinakhov,1,8482475,5,10:42,PIT,5,Pittsburgh Penguins,517
16649776,0,00:43,13:59,,,328,Egor,2026020006,#FFB81C,Chinakhov,1,8482475,6,13:16,PIT,5,Pittsburgh Penguins,517
16649777,0,00:52,17:23,,,429,Egor,2026020006,#FFB81C,Chinakhov,1,8482475,7,16:31,PIT,5,Pittsburgh Penguins,517
16649903,0,00:54,20:00,,,517,Egor,2026020006,#FFB81C,Chinakhov,1,8482475,8,19:06,PIT,5,Pittsburgh Penguins,517
16650045,0,00:19,01:11,,,550,Egor,2026020006,#FFB81C,Chinakhov,2,8482475,9,00:52,PIT,5,Pittsburgh Penguins,517
16650046,0,00:55,03:12,,,575,Egor,2026020006,#FFB81C,Chinakhov,2,8482475,10,02:17,PIT,5,Pittsburgh Penguins,517
16650123,0,01:14,04:37,,,599,Egor,2026020006,#FFB81C,Chinakhov,2,8482475,11,03:23,PIT,5,Pittsburgh Penguins,517
16650124,0,00:47,08:13,,,648,Egor,2026020006,#FFB81C,Chinakhov,2,8482475,12,07:26,PIT,5,Pittsburgh Penguins,517
16650288,0,00:57,11:20,,,686,Egor,2026020006,#FFB81C,Chinakhov,2,8482475,13,10:23,PIT,5,Pittsburgh Penguins,517
16650289,0,01:28,17:15,,,773,Egor,2026020006,#FFB81C,Chinakhov,2,8482475,14,15:47,PIT,5,Pittsburgh Penguins,517
16650422,0,00:18,20:00,,,822,Egor,2026020006,#FFB81C,Chinakhov,2,8482475,15,19:42,PIT,5,Pittsburgh Penguins,517
16650921,805,,16:37,PPG,"Erik Karlsson, Rickard Rakell",1041,Egor,2026020006,#FFB81C,Chinakhov,3,8482475,0,16:37,PIT,5,Pittsburgh Penguins,505
16650523,0,01:16,01:16,,,831,Egor,2026020006,#FFB81C,Chinakhov,3,8482475,16,00:00,PIT,5,Pittsburgh Penguins,517
16650599,0,01:12,07:38,,,911,Egor,2026020006,#FFB81C,Chinakhov,3,8482475,17,06:26,PIT,5,Pittsburgh Penguins,517
16650811,0,01:21,13:13,,,981,Egor,2026020006,#FFB81C,Chinakhov,3,8482475,18,11:52,PIT,5,Pittsburgh Penguins,517
16650812,0,01:10,16:37,,,1035,Egor,2026020006,#FFB81C,Chinakhov,3,8482475,19,15:27,PIT,5,Pittsburgh Penguins,517
16650922,806,,15:44,EVG,"Samuel Girard, Kaedan Korczak",417,Ville,2026020006,#FFB81C,Koivunen,1,8482758,0,15:44,PIT,5,Pittsburgh Penguins,505
16649605,0,00:50,03:22,,,84,Ville,2026020006,#FFB81C,Koivunen,1,8482758,1,02:32,PIT,5,Pittsburgh Penguins,517
16649606,0,00:53,06:59,,,132,Ville,2026020006,#FFB81C,Koivunen,1,8482758,2,06:06,PIT,5,Pittsburgh Penguins,517
16649607,0,01:03,10:42,,,279,Ville,2026020006,#FFB81C,Koivunen,1,8482758,3,09:39,PIT,5,Pittsburgh Penguins,517
16649778,0,01:16,12:55,,,309,Ville,2026020006,#FFB81C,Koivunen,1,8482758,4,11:39,PIT,5,Pittsburgh Penguins,517
16649779,0,01:09,16:36,,,411,Ville,2026020006,#FFB81C,Koivunen,1,8482758,5,15:27,PIT,5,Pittsburgh Penguins,517
16650125,0,01:32,04:37,,,586,Ville,2026020006,#FFB81C,Koivunen,2,8482758,6,03:05,PIT,5,Pittsburgh Penguins,517
16650126,0,00:43,07:26,,,634,Ville,2026020006,#FFB81C,Koivunen,2,8482758,7,06:43,PIT,5,Pittsburgh Penguins,517
16650127,0,00:17,10:23,,,681,Ville,2026020006,#FFB81C,Koivunen,2,8482758,8,10:06,PIT,5,Pittsburgh Penguins,517
16650290,0,00:55,12:05,,,696,Ville,2026020006,#FFB81C,Koivunen,2,8482758,9,11:10,PIT,5,Pittsburgh Penguins,517
16650423,0,00:55,19:04,,,800,Ville,2026020006,#FFB81C,Koivunen,2,8482758,10,18:09,PIT,5,Pittsburgh Penguins,517
16650524,0,01:05,02:22,,,844,Ville,2026020006,#FFB81C,Koivunen,3,8482758,11,01:17,PIT,5,Pittsburgh Penguins,517
16650600,0,00:59,09:11,,,936,Ville,2026020006,#FFB81C,Koivunen,3,8482758,12,08:12,PIT,5,Pittsburgh Penguins,517
16650813,0,00:28,14:13,,,1004,Ville,2026020006,#FFB81C,Koivunen,3,8482758,13,13:45,PIT,5,Pittsburgh Penguins,517
16650814,0,00:47,18:01,,,1052,Ville,2026020006,#FFB81C,Koivunen,3,8482758,14,17:14,PIT,5,Pittsburgh Penguins,517
16650815,0,00:58,19:32,,,1070,Ville,2026020006,#FFB81C,Koivunen,3,8482758,15,18:34,PIT,5,Pittsburgh Penguins,517
16649501,0,01:14,01:14,,,5,Declan,2026020006,#FFB81C,Carlile,1,8483398,1,00:00,PIT,5,Pittsburgh Penguins,517
16649608,0,00:38,03:04,,,82,Declan,2026020006,#FFB81C,Carlile,1,8483398,2,02:26,PIT,5,Pittsburgh Penguins,517
16649609,0,00:53,06:06,,,119,Declan,2026020006,#FFB81C,Carlile,1,8483398,3,05:13,PIT,5,Pittsburgh Penguins,517
16649610,0,00:54,08:20,,,150,Declan,2026020006,#FFB81C,Carlile,1,8483398,4,07:26,PIT,5,Pittsburgh Penguins,517
16649611,0,00:35,10:42,,,287,Declan,2026020006,#FFB81C,Carlile,1,8483398,5,10:07,PIT,5,Pittsburgh Penguins,517
16649780,0,00:21,13:16,,,323,Declan,2026020006,#FFB81C,Carlile,1,8483398,6,12:55,PIT,5,Pittsburgh Penguins,517
16649781,0,00:36,15:28,,,404,Declan,2026020006,#FFB81C,Carlile,1,8483398,7,14:52,PIT,5,Pittsburgh Penguins,517
16649782,0,00:36,18:09,,,446,Declan,2026020006,#FFB81C,Carlile,1,8483398,8,17:33,PIT,5,Pittsburgh Penguins,517
16650047,0,00:52,00:52,,,543,Declan,2026020006,#FFB81C,Carlile,2,8483398,9,00:00,PIT,5,Pittsburgh Penguins,517
16650048,0,00:12,03:23,,,587,Declan,2026020006,#FFB81C,Carlile,2,8483398,10,03:11,PIT,5,Pittsburgh Penguins,517
16650128,0,00:41,07:26,,,635,Declan,2026020006,#FFB81C,Carlile,2,8483398,11,06:45,PIT,5,Pittsburgh Penguins,517
16650129,0,00:57,09:56,,,665,Declan,2026020006,#FFB81C,Carlile,2,8483398,12,08:59,PIT,5,Pittsburgh Penguins,517
16650291,0,00:28,12:37,,,709,Declan,2026020006,#FFB81C,Carlile,2,8483398,13,12:09,PIT,5,Pittsburgh Penguins,517
16650292,0,00:09,14:46,,,753,Declan,2026020006,#FFB81C,Carlile,2,8483398,14,14:37,PIT,5,Pittsburgh Penguins,517
16650424,0,01:16,18:31,,,791,Declan,2026020006,#FFB81C,Carlile,2,8483398,15,17:15,PIT,5,Pittsburgh Penguins,517
16650525,0,01:01,04:26,,,867,Declan,2026020006,#FFB81C,Carlile,3,8483398,16,03:25,PIT,5,Pittsburgh Penguins,517
16650601,0,00:06,06:32,,,910,Declan,2026020006,#FFB81C,Carlile,3,8483398,17,06:26,PIT,5,Pittsburgh Penguins,517
16650602,0,00:44,08:12,,,925,Declan,2026020006,#FFB81C,Carlile,3,8483398,18,07:28,PIT,5,Pittsburgh Penguins,517
16650603,0,00:50,11:06,,,951,Declan,2026020006,#FFB81C,Carlile,3,8483398,19,10:16,PIT,5,Pittsburgh Penguins,517
16650816,0,00:38,12:30,,,981,Declan,2026020006,#FFB81C,Carlile,3,8483398,20,11:52,PIT,5,Pittsburgh Penguins,517
16650817,0,00:42,14:40,,,1009,Declan,2026020006,#FFB81C,Carlile,3,8483398,21,13:58,PIT,5,Pittsburgh Penguins,517
16650818,0,01:07,17:44,,,1046,Declan,2026020006,#FFB81C,Carlile,3,8483398,22,16:37,PIT,5,Pittsburgh Penguins,517
16650819,0,01:00,19:32,,,1065,Declan,2026020006,#FFB81C,Carlile,3,8483398,23,18:32,PIT,5,Pittsburgh Penguins,517
16649612,0,00:57,01:43,,,63,Alex,2026020006,#FA4616,Bump,1,8483731,1,00:46,PHI,4,Philadelphia Flyers,517
16649613,0,00:42,05:06,,,108,Alex,2026020006,#FA4616,Bump,1,8483731,2,04:24,PHI,4,Philadelphia Flyers,517
16649614,0,00:56,08:44,,,256,Alex,2026020006,#FA4616,Bump,1,8483731,3,07:48,PHI,4,Philadelphia Flyers,517
16649783,0,00:51,15:00,,,349,Alex,2026020006,#FA4616,Bump,1,8483731,4,14:09,PHI,4,Philadelphia Flyers,517
16650049,0,01:02,01:53,,,547,Alex,2026020006,#FA4616,Bump,2,8483731,5,00:51,PHI,4,Philadelphia Flyers,517
16650130,0,00:40,05:43,,,617,Alex,2026020006,#FA4616,Bump,2,8483731,6,05:03,PHI,4,Philadelphia Flyers,517
16650293,0,00:46,11:09,,,685,Alex,2026020006,#FA4616,Bump,2,8483731,7,10:23,PHI,4,Philadelphia Flyers,517
16650294,0,00:50,14:29,,,741,Alex,2026020006,#FA4616,Bump,2,8483731,8,13:39,PHI,4,Philadelphia Flyers,517
16650295,0,01:12,16:13,,,770,Alex,2026020006,#FA4616,Bump,2,8483731,9,15:01,PHI,4,Philadelphia Flyers,517
16650526,0,00:29,04:26,,,878,Alex,2026020006,#FA4616,Bump,3,8483731,10,03:57,PHI,4,Philadelphia Flyers,517
16650604,0,00:51,06:13,,,899,Alex,2026020006,#FA4616,Bump,3,8483731,11,05:22,PHI,4,Philadelphia Flyers,517
16650605,0,00:37,07:17,,,917,Alex,2026020006,#FA4616,Bump,3,8483731,12,06:40,PHI,4,Philadelphia Flyers,517
16650606,0,02:11,11:17,,,944,Alex,2026020006,#FA4616,Bump,3,8483731,13,09:06,PHI,4,Philadelphia Flyers,517
16650820,0,00:39,12:31,,,980,Alex,2026020006,#FA4616,Bump,3,8483731,14,11:52,PHI,4,Philadelphia Flyers,517
16650821,0,00:37,17:14,,,1044,Alex,2026020006,#FA4616,Bump,3,8483731,15,16:37,PHI,4,Philadelphia Flyers,517
16650822,0,00:39,18:36,,,1063,Alex,2026020006,#FA4616,Bump,3,8483731,16,17:57,PHI,4,Philadelphia Flyers,517
16650823,0,00:40,20:00,,,1078,Alex,2026020006,#FA4616,Bump,3,8483731,17,19:20,PHI,4,Philadelphia Flyers,517
16649615,0,01:04,01:41,,,61,Matvei,2026020006,#FA4616,Michkov,1,8484387,1,00:37,PHI,4,Philadelphia Flyers,517
16649616,0,00:56,05:20,,,108,Matvei,2026020006,#FA4616,Michkov,1,8484387,2,04:24,PHI,4,Philadelphia Flyers,517
16649617,0,00:57,08:45,,,256,Matvei,2026020006,#FA4616,Michkov,1,8484387,3,07:48,PHI,4,Philadelphia Flyers,517
16649784,0,00:37,14:46,,,349,Matvei,2026020006,#FA4616,Michkov,1,8484387,4,14:09,PHI,4,Philadelphia Flyers,517
16649785,0,00:59,18:27,,,445,Matvei,2026020006,#FA4616,Michkov,1,8484387,5,17:28,PHI,4,Philadelphia Flyers,517
16649904,0,00:13,19:19,,,519,Matvei,2026020006,#FA4616,Michkov,1,8484387,6,19:06,PHI,4,Philadelphia Flyers,517
16650050,0,01:20,02:15,,,554,Matvei,2026020006,#FA4616,Michkov,2,8484387,7,00:55,PHI,4,Philadelphia Flyers,517
16650131,0,00:44,05:47,,,617,Matvei,2026020006,#FA4616,Michkov,2,8484387,8,05:03,PHI,4,Philadelphia Flyers,517
16650132,0,00:53,09:19,,,660,Matvei,2026020006,#FA4616,Michkov,2,8484387,9,08:26,PHI,4,Philadelphia Flyers,517
16650296,0,01:30,13:39,,,708,Matvei,2026020006,#FA4616,Michkov,2,8484387,10,12:09,PHI,4,Philadelphia Flyers,517
16650297,0,00:03,14:46,,,755,Matvei,2026020006,#FA4616,Michkov,2,8484387,11,14:43,PHI,4,Philadelphia Flyers,517
16650298,0,01:18,17:14,,,779,Matvei,2026020006,#FA4616,Michkov,2,8484387,12,15:56,PHI,4,Philadelphia Flyers,517
16650527,0,01:06,03:28,,,859,Matvei,2026020006,#FA4616,Michkov,3,8484387,13,02:22,PHI,4,Philadelphia Flyers,517
16650607,0,01:14,05:21,,,881,Matvei,2026020006,#FA4616,Michkov,3,8484387,14,04:07,PHI,4,Philadelphia Flyers,517
16650608,0,00:33,08:11,,,930,Matvei,2026020006,#FA4616,Michkov,3,8484387,15,07:38,PHI,4,Philadelphia Flyers,517
16650824,0,00:35,11:52,,,971,Matvei,2026020006,#FA4616,Michkov,3,8484387,16,11:17,PHI,4,Philadelphia Flyers,517
16650825,0,01:07,14:51,,,1003,Matvei,2026020006,#FA4616,Michkov,3,8484387,17,13:44,PHI,4,Philadelphia Flyers,517
16650826,0,00:38,17:52,,,1051,Matvei,2026020006,#FA4616,Michkov,3,8484387,18,17:14,PHI,4,Philadelphia Flyers,517
16649618,0,00:45,02:26,,,71,Porter,2026020006,#FA4616,Martone,1,8485406,1,01:41,PHI,4,Philadelphia Flyers,517
16649619,0,00:49,06:09,,,120,Porter,2026020006,#FA4616,Martone,1,8485406,2,05:20,PHI,4,Philadelphia Flyers,517
16649620,0,00:48,09:32,,,266,Porter,2026020006,#FA4616,Martone,1,8485406,3,08:44,PHI,4,Philadelphia Flyers,517
16649786,0,00:14,13:30,,,329,Porter,2026020006,#FA4616,Martone,1,8485406,4,13:16,PHI,4,Philadelphia Flyers,517
16649787,0,00:53,15:39,,,401,Porter,2026020006,#FA4616,Martone,1,8485406,5,14:46,PHI,4,Philadelphia Flyers,517
16650051,0,01:08,03:23,,,572,Porter,2026020006,#FA4616,Martone,2,8485406,6,02:15,PHI,4,Philadelphia Flyers,517
16650133,0,00:52,06:39,,,622,Porter,2026020006,#FA4616,Martone,2,8485406,7,05:47,PHI,4,Philadelphia Flyers,517
16650299,0,01:00,12:09,,,694,Porter,2026020006,#FA4616,Martone,2,8485406,8,11:09,PHI,4,Philadelphia Flyers,517
16650300,0,01:00,13:37,,,723,Porter,2026020006,#FA4616,Martone,2,8485406,9,12:37,PHI,4,Philadelphia Flyers,517
16650301,0,00:15,15:01,,,760,Porter,2026020006,#FA4616,Martone,2,8485406,10,14:46,PHI,4,Philadelphia Flyers,517
16650425,0,01:27,19:42,,,804,Porter,2026020006,#FA4616,Martone,2,8485406,11,18:15,PHI,4,Philadelphia Flyers,517
16650528,0,00:29,03:57,,,869,Porter,2026020006,#FA4616,Martone,3,8485406,12,03:28,PHI,4,Philadelphia Flyers,517
16650609,0,00:57,05:23,,,888,Porter,2026020006,#FA4616,Martone,3,8485406,13,04:26,PHI,4,Philadelphia Flyers,517
16650610,0,00:54,09:05,,,934,Porter,2026020006,#FA4616,Martone,3,8485406,14,08:11,PHI,4,Philadelphia Flyers,517
16650827,0,00:32,11:52,,,974,Porter,2026020006,#FA4616,Martone,3,8485406,15,11:20,PHI,4,Philadelphia Flyers,517
16650828,0,00:37,17:14,,,1044,Porter,2026020006,#FA4616,Martone,3,8485406,16,16:37,PHI,4,Philadelphia Flyers,517
16650829,0,00:40,18:34,,,1062,Porter,2026020006,#FA4616,Martone,3,8485406,17,17:54,PHI,4,Philadelphia Flyers,517
16650830,0,00:45,20:00,,,1075,Porter,2026020006,#FA4616,Martone,3,8485406,18,19:15,PHI,4,Philadelphia Flyers,517
16650926,0,00:32,01:47,,,68,Brent,2026020007,#6F263D,Burns,1,8470613,1,01:15,COL,21,Colorado Avalanche,517
16651010,0,00:54,04:43,,,152,Brent,2026020007,#6F263D,Burns,1,8470613,2,03:49,COL,21,Colorado Avalanche,517
16651011,0,00:50,09:39,,,225,Brent,2026020007,#6F263D,Burns,1,8470613,3,08:49,COL,21,Colorado Avalanche,517
16651103,0,01:01,11:43,,,302,Brent,2026020007,#6F263D,Burns,1,8470613,4,10:42,COL,21,Colorado Avalanche,517
16651104,0,01:02,15:14,,,345,Brent,2026020007,#6F263D,Burns,1,8470613,5,14:12,COL,21,Colorado Avalanche,517
16651105,0,00:37,16:32,,,421,Brent,2026020007,#6F263D,Burns,1,8470613,6,15:55,COL,21,Colorado Avalanche,517
16651106,0,00:45,17:55,,,438,Brent,2026020007,#6F263D,Burns,1,8470613,7,17:10,COL,21,Colorado Avalanche,517
16651200,0,00:08,19:12,,,463,Brent,2026020007,#6F263D,Burns,1,8470613,8,19:04,COL,21,Colorado Avalanche,517
16651279,0,00:45,05:01,,,536,Brent,2026020007,#6F263D,Burns,2,8470613,9,04:16,COL,21,Colorado Avalanche,517
16651280,0,00:31,07:06,,,560,Brent,2026020007,#6F263D,Burns,2,8470613,10,06:35,COL,21,Colorado Avalanche,517
16651281,0,01:24,09:48,,,584,Brent,2026020007,#6F263D,Burns,2,8470613,11,08:24,COL,21,Colorado Avalanche,517
16651367,0,01:06,13:04,,,686,Brent,2026020007,#6F263D,Burns,2,8470613,12,11:58,COL,21,Colorado Avalanche,517
16651368,0,01:19,16:47,,,734,Brent,2026020007,#6F263D,Burns,2,8470613,13,15:28,COL,21,Colorado Avalanche,517
16651481,0,00:50,03:10,,,827,Brent,2026020007,#6F263D,Burns,3,8470613,14,02:20,COL,21,Colorado Avalanche,517
16651482,0,01:14,06:23,,,858,Brent,2026020007,#6F263D,Burns,3,8470613,15,05:09,COL,21,Colorado Avalanche,517
16651559,0,00:44,08:39,,,894,Brent,2026020007,#6F263D,Burns,3,8470613,16,07:55,COL,21,Colorado Avalanche,517
16651560,0,00:47,11:51,,,941,Brent,2026020007,#6F263D,Burns,3,8470613,17,11:04,COL,21,Colorado Avalanche,517
16651561,0,00:12,14:15,,,977,Brent,2026020007,#6F263D,Burns,3,8470613,18,14:03,COL,21,Colorado Avalanche,517
16651662,0,00:42,18:33,,,1034,Brent,2026020007,#6F263D,Burns,3,8470613,19,17:51,COL,21,Colorado Avalanche,517
16650927,0,00:38,00:38,,,7,Drew,2026020007,#111111,Doughty,1,8474563,1,00:00,LAK,26,Los Angeles Kings,517
16650928,0,01:03,03:00,,,75,Drew,2026020007,#111111,Doughty,1,8474563,2,01:57,LAK,26,Los Angeles Kings,517
16651012,0,00:34,04:23,,,151,Drew,2026020007,#111111,Doughty,1,8474563,3,03:49,LAK,26,Los Angeles Kings,517
16651013,0,00:35,05:23,,,167,Drew,2026020007,#111111,Doughty,1,8474563,4,04:48,LAK,26,Los Angeles Kings,517
16651014,0,00:30,06:33,,,178,Drew,2026020007,#111111,Doughty,1,8474563,5,06:03,LAK,26,Los Angeles Kings,517
16651015,0,01:02,08:39,,,202,Drew,2026020007,#111111,Doughty,1,8474563,6,07:37,LAK,26,Los Angeles Kings,517
16651107,0,00:50,12:43,,,312,Drew,2026020007,#111111,Doughty,1,8474563,7,11:53,LAK,26,Los Angeles Kings,517
16651108,0,00:39,15:43,,,407,Drew,2026020007,#111111,Doughty,1,8474563,8,15:04,LAK,26,Los Angeles Kings,517
16651109,0,00:57,17:58,,,437,Drew,2026020007,#111111,Doughty,1,8474563,9,17:01,LAK,26,Los Angeles Kings,517
16651201,0,00:40,19:52,,,466,Drew,2026020007,#111111,Doughty,1,8474563,10,19:12,LAK,26,Los Angeles Kings,517
16651236,0,00:09,02:01,,,505,Drew,2026020007,#111111,Doughty,2,8474563,11,01:52,LAK,26,Los Angeles Kings,517
16651237,0,00:51,03:30,,,515,Drew,2026020007,#111111,Doughty,2,8474563,12,02:39,LAK,26,Los Angeles Kings,517
16651282,0,01:18,06:43,,,548,Drew,2026020007,#111111,Doughty,2,8474563,13,05:25,LAK,26,Los Angeles Kings,517
16651283,0,00:40,08:33,,,581,Drew,2026020007,#111111,Doughty,2,8474563,14,07:53,LAK,26,Los Angeles Kings,517
16651284,0,00:59,11:12,,,662,Drew,2026020007,#111111,Doughty,2,8474563,15,10:13,LAK,26,Los Angeles Kings,517
16651369,0,01:04,13:03,,,687,Drew,2026020007,#111111,Doughty,2,8474563,16,11:59,LAK,26,Los Angeles Kings,517
16651370,0,01:00,16:01,,,728,Drew,2026020007,#111111,Doughty,2,8474563,17,15:01,LAK,26,Los Angeles Kings,517
16651442,0,00:44,18:34,,,780,Drew,2026020007,#111111,Doughty,2,8474563,18,17:50,LAK,26,Los Angeles Kings,517
16651443,0,00:28,20:00,,,794,Drew,2026020007,#111111,Doughty,2,8474563,19,19:32,LAK,26,Los Angeles Kings,517
16651483,0,01:05,01:05,,,801,Drew,2026020007,#111111,Doughty,3,8474563,20,00:00,LAK,26,Los Angeles Kings,517
16651484,0,00:42,03:49,,,832,Drew,2026020007,#111111,Doughty,3,8474563,21,03:07,LAK,26,Los Angeles Kings,517
16651485,0,01:01,06:32,,,860,Drew,2026020007,#111111,Doughty,3,8474563,22,05:31,LAK,26,Los Angeles Kings,517
16651562,0,00:53,09:00,,,895,Drew,2026020007,#111111,Doughty,3,8474563,23,08:07,LAK,26,Los Angeles Kings,517
16651563,0,01:09,11:51,,,935,Drew,2026020007,#111111,Doughty,3,8474563,24,10:42,LAK,26,Los Angeles Kings,517
16651564,0,00:43,14:03,,,972,Drew,2026020007,#111111,Doughty,3,8474563,25,13:20,LAK,26,Los Angeles Kings,517
16651663,0,00:34,15:40,,,990,Drew,2026020007,#111111,Doughty,3,8474563,26,15:06,LAK,26,Los Angeles Kings,517
16651664,0,00:52,18:09,,,1029,Drew,2026020007,#111111,Doughty,3,8474563,27,17:17,LAK,26,Los Angeles Kings,517
16651665,0,01:01,20:00,,,1049,Drew,2026020007,#111111,Doughty,3,8474563,28,18:59,LAK,26,Los Angeles Kings,517
16650929,0,00:37,01:15,,,63,Nazem,2026020007,#6F263D,Kadri,1,8475172,1,00:38,COL,21,Colorado Avalanche,517
16650930,0,00:39,03:00,,,80,Nazem,2026020007,#6F263D,Kadri,1,8475172,2,02:21,COL,21,Colorado Avalanche,517
16651016,0,00:35,04:24,,,152,Nazem,2026020007,#6F263D,Kadri,1,8475172,3,03:49,COL,21,Colorado Avalanche,517
16651017,0,00:25,06:33,,,181,Nazem,2026020007,#6F263D,Kadri,1,8475172,4,06:08,COL,21,Colorado Avalanche,517
16651018,0,00:51,09:34,,,222,Nazem,2026020007,#6F263D,Kadri,1,8475172,5,08:43,COL,21,Colorado Avalanche,517
16651110,0,00:49,14:14,,,335,Nazem,2026020007,#6F263D,Kadri,1,8475172,6,13:25,COL,21,Colorado Avalanche,517
16651202,0,00:39,18:37,,,449,Nazem,2026020007,#6F263D,Kadri,1,8475172,7,17:58,COL,21,Colorado Avalanche,517
16651203,0,00:08,20:00,,,480,Nazem,2026020007,#6F263D,Kadri,1,8475172,8,19:52,COL,21,Colorado Avalanche,517
16651238,0,00:23,00:23,,,482,Nazem,2026020007,#6F263D,Kadri,2,8475172,9,00:00,COL,21,Colorado Avalanche,517
16651239,0,00:57,02:25,,,499,Nazem,2026020007,#6F263D,Kadri,2,8475172,10,01:28,COL,21,Colorado Avalanche,517
16651285,0,01:01,05:17,,,536,Nazem,2026020007,#6F263D,Kadri,2,8475172,11,04:16,COL,21,Colorado Avalanche,517
16651286,0,00:38,07:53,,,569,Nazem,2026020007,#6F263D,Kadri,2,8475172,12,07:15,COL,21,Colorado Avalanche,517
16651287,0,00:58,10:36,,,652,Nazem,2026020007,#6F263D,Kadri,2,8475172,13,09:38,COL,21,Colorado Avalanche,517
16651371,0,00:17,12:19,,,691,Nazem,2026020007,#6F263D,Kadri,2,8475172,14,12:02,COL,21,Colorado Avalanche,517
16651372,0,00:56,15:28,,,720,Nazem,2026020007,#6F263D,Kadri,2,8475172,15,14:32,COL,21,Colorado Avalanche,517
16651373,0,01:04,17:05,,,749,Nazem,2026020007,#6F263D,Kadri,2,8475172,16,16:01,COL,21,Colorado Avalanche,517
16651444,0,00:44,18:34,,,779,Nazem,2026020007,#6F263D,Kadri,2,8475172,17,17:50,COL,21,Colorado Avalanche,517
16651486,0,01:04,02:08,,,810,Nazem,2026020007,#6F263D,Kadri,3,8475172,18,01:04,COL,21,Colorado Avalanche,517
16651487,0,00:36,04:25,,,842,Nazem,2026020007,#6F263D,Kadri,3,8475172,19,03:49,COL,21,Colorado Avalanche,517
16651565,0,00:55,07:17,,,875,Nazem,2026020007,#6F263D,Kadri,3,8475172,20,06:22,COL,21,Colorado Avalanche,517
16651566,0,00:27,10:38,,,929,Nazem,2026020007,#6F263D,Kadri,3,8475172,21,10:11,COL,21,Colorado Avalanche,517
16651567,0,00:37,12:28,,,952,Nazem,2026020007,#6F263D,Kadri,3,8475172,22,11:51,COL,21,Colorado Avalanche,517
16651568,0,00:43,14:03,,,970,Nazem,2026020007,#6F263D,Kadri,3,8475172,23,13:20,COL,21,Colorado Avalanche,517
16651666,0,00:51,15:06,,,984,Nazem,2026020007,#6F263D,Kadri,3,8475172,24,14:15,COL,21,Colorado Avalanche,517
16651667,0,00:34,17:09,,,1011,Nazem,2026020007,#6F263D,Kadri,3,8475172,25,16:35,COL,21,Colorado Avalanche,517
16651668,0,00:29,19:18,,,1046,Nazem,2026020007,#6F263D,Kadri,3,8475172,26,18:49,COL,21,Colorado Avalanche,517
16651735,803,,15:14,EVG,"Alex Laferriere, Alex Turcotte",408,Brian,2026020007,#111111,Dumoulin,1,8475208,0,15:14,LAK,26,Los Angeles Kings,505
16650931,0,00:38,00:38,,,7,Brian,2026020007,#111111,Dumoulin,1,8475208,1,00:00,LAK,26,Los Angeles Kings,517
16650932,0,00:41,03:00,,,79,Brian,2026020007,#111111,Dumoulin,1,8475208,2,02:19,LAK,26,Los Angeles Kings,517
16651019,0,00:33,04:22,,,151,Brian,2026020007,#111111,Dumoulin,1,8475208,3,03:49,LAK,26,Los Angeles Kings,517
16651020,0,00:34,05:22,,,167,Brian,2026020007,#111111,Dumoulin,1,8475208,4,04:48,LAK,26,Los Angeles Kings,517
16651021,0,00:53,08:39,,,208,Brian,2026020007,#111111,Dumoulin,1,8475208,5,07:46,LAK,26,Los Angeles Kings,517
16651111,0,00:34,12:43,,,316,Brian,2026020007,#111111,Dumoulin,1,8475208,6,12:09,LAK,26,Los Angeles Kings,517
16651112,0,00:37,15:43,,,411,Brian,2026020007,#111111,Dumoulin,1,8475208,7,15:06,LAK,26,Los Angeles Kings,517
16651204,0,01:15,19:52,,,459,Brian,2026020007,#111111,Dumoulin,1,8475208,8,18:37,LAK,26,Los Angeles Kings,517
16651240,0,00:41,01:04,,,488,Brian,2026020007,#111111,Dumoulin,2,8475208,9,00:23,LAK,26,Los Angeles Kings,517
16651241,0,00:31,03:02,,,514,Brian,2026020007,#111111,Dumoulin,2,8475208,10,02:31,LAK,26,Los Angeles Kings,517
16651288,0,00:32,05:57,,,548,Brian,2026020007,#111111,Dumoulin,2,8475208,11,05:25,LAK,26,Los Angeles Kings,517
16651289,0,00:40,08:33,,,581,Brian,2026020007,#111111,Dumoulin,2,8475208,12,07:53,LAK,26,Los Angeles Kings,517
16651290,0,01:03,11:15,,,661,Brian,2026020007,#111111,Dumoulin,2,8475208,13,10:12,LAK,26,Los Angeles Kings,517
16651374,0,01:00,16:01,,,728,Brian,2026020007,#111111,Dumoulin,2,8475208,14,15:01,LAK,26,Los Angeles Kings,517
16651445,0,00:46,18:34,,,778,Brian,2026020007,#111111,Dumoulin,2,8475208,15,17:48,LAK,26,Los Angeles Kings,517
16651488,0,01:05,01:05,,,801,Brian,2026020007,#111111,Dumoulin,3,8475208,16,00:00,LAK,26,Los Angeles Kings,517
16651489,0,00:41,03:49,,,835,Brian,2026020007,#111111,Dumoulin,3,8475208,17,03:08,LAK,26,Los Angeles Kings,517
16651569,0,00:43,09:12,,,902,Brian,2026020007,#111111,Dumoulin,3,8475208,18,08:29,LAK,26,Los Angeles Kings,517
16651570,0,00:39,11:21,,,935,Brian,2026020007,#111111,Dumoulin,3,8475208,19,10:42,LAK,26,Los Angeles Kings,517
16651571,0,00:43,14:03,,,972,Brian,2026020007,#111111,Dumoulin,3,8475208,20,13:20,LAK,26,Los Angeles Kings,517
16651669,0,01:00,16:40,,,997,Brian,2026020007,#111111,Dumoulin,3,8475208,21,15:40,LAK,26,Los Angeles Kings,517
16651670,0,00:41,17:58,,,1029,Brian,2026020007,#111111,Dumoulin,3,8475208,22,17:17,LAK,26,Los Angeles Kings,517
16650933,0,00:37,01:15,,,61,Erik,2026020007,#111111,Haula,1,8475287,1,00:38,LAK,26,Los Angeles Kings,517
16650934,0,00:16,03:16,,,90,Erik,2026020007,#111111,Haula,1,8475287,2,03:00,LAK,26,Los Angeles Kings,517
16651022,0,00:08,03:57,,,151,Erik,2026020007,#111111,Haula,1,8475287,3,03:49,LAK,26,Los Angeles Kings,517
16651023,0,00:42,06:04,,,175,Erik,2026020007,#111111,Haula,1,8475287,4,05:22,LAK,26,Los Angeles Kings,517
16651024,0,00:47,10:21,,,233,Erik,2026020007,#111111,Haula,1,8475287,5,09:34,LAK,26,Los Angeles Kings,517
16651113,0,00:50,12:35,,,310,Erik,2026020007,#111111,Haula,1,8475287,6,11:45,LAK,26,Los Angeles Kings,517
16651114,0,00:34,15:48,,,413,Erik,2026020007,#111111,Haula,1,8475287,7,15:14,LAK,26,Los Angeles Kings,517
16651115,0,01:06,17:58,,,433,Erik,2026020007,#111111,Haula,1,8475287,8,16:52,LAK,26,Los Angeles Kings,517
16651205,0,00:07,18:44,,,459,Erik,2026020007,#111111,Haula,1,8475287,9,18:37,LAK,26,Los Angeles Kings,517
16651206,0,00:40,19:52,,,466,Erik,2026020007,#111111,Haula,1,8475287,10,19:12,LAK,26,Los Angeles Kings,517
16651242,0,00:23,00:23,,,483,Erik,2026020007,#111111,Haula,2,8475287,11,00:00,LAK,26,Los Angeles Kings,517
16651243,0,00:45,01:50,,,495,Erik,2026020007,#111111,Haula,2,8475287,12,01:05,LAK,26,Los Angeles Kings,517
16651244,0,00:22,04:09,,,527,Erik,2026020007,#111111,Haula,2,8475287,13,03:47,LAK,26,Los Angeles Kings,517
16651291,0,00:46,07:25,,,561,Erik,2026020007,#111111,Haula,2,8475287,14,06:39,LAK,26,Los Angeles Kings,517
16651292,0,00:48,09:21,,,590,Erik,2026020007,#111111,Haula,2,8475287,15,08:33,LAK,26,Los Angeles Kings,517
16651293,0,00:23,11:15,,,669,Erik,2026020007,#111111,Haula,2,8475287,16,10:52,LAK,26,Los Angeles Kings,517
16651375,0,00:36,14:17,,,710,Erik,2026020007,#111111,Haula,2,8475287,17,13:41,LAK,26,Los Angeles Kings,517
16651376,0,00:12,16:01,,,743,Erik,2026020007,#111111,Haula,2,8475287,18,15:49,LAK,26,Los Angeles Kings,517
16651377,0,00:33,17:15,,,752,Erik,2026020007,#111111,Haula,2,8475287,19,16:42,LAK,26,Los Angeles Kings,517
16651446,0,00:44,18:34,,,780,Erik,2026020007,#111111,Haula,2,8475287,20,17:50,LAK,26,Los Angeles Kings,517
16651490,0,00:57,03:07,,,825,Erik,2026020007,#111111,Haula,3,8475287,21,02:10,LAK,26,Los Angeles Kings,517
16651491,0,00:43,06:29,,,863,Erik,2026020007,#111111,Haula,3,8475287,22,05:46,LAK,26,Los Angeles Kings,517
16651572,0,00:24,07:17,,,887,Erik,2026020007,#111111,Haula,3,8475287,23,06:53,LAK,26,Los Angeles Kings,517
16651573,0,00:22,09:34,,,915,Erik,2026020007,#111111,Haula,3,8475287,24,09:12,LAK,26,Los Angeles Kings,517
16651574,0,00:24,12:15,,,953,Erik,2026020007,#111111,Haula,3,8475287,25,11:51,LAK,26,Los Angeles Kings,517
16651671,0,00:39,16:45,,,1006,Erik,2026020007,#111111,Haula,3,8475287,26,16:06,LAK,26,Los Angeles Kings,517
16651672,0,00:38,20:00,,,1055,Erik,2026020007,#111111,Haula,3,8475287,27,19:22,LAK,26,Los Angeles Kings,517
16650935,0,10:13,10:13,,,7,Darcy,2026020007,#111111,Kuemper,1,8475311,1,00:00,LAK,26,Los Angeles Kings,517
16651116,0,09:39,20:00,,,247,Darcy,2026020007,#111111,Kuemper,1,8475311,2,10:21,LAK,26,Los Angeles Kings,517
16651245,0,11:58,11:58,,,483,Darcy,2026020007,#111111,Kuemper,2,8475311,3,00:00,LAK,26,Los Angeles Kings,517
16651378,0,07:41,20:00,,,695,Darcy,2026020007,#111111,Kuemper,2,8475311,4,12:19,LAK,26,Los Angeles Kings,517
16651492,0,11:45,11:45,,,801,Darcy,2026020007,#111111,Kuemper,3,8475311,5,00:00,LAK,26,Los Angeles Kings,517
16651575,0,08:09,20:00,,,953,Darcy,2026020007,#111111,Kuemper,3,8475311,6,11:51,LAK,26,Los Angeles Kings,517
16650936,0,00:57,02:12,,,67,Mats,2026020007,#111111,Zuccarello,1,8475692,1,01:15,LAK,26,Los Angeles Kings,517
16651025,0,00:41,04:38,,,153,Mats,2026020007,#111111,Zuccarello,1,8475692,2,03:57,LAK,26,Los Angeles Kings,517
16651026,0,00:39,07:53,,,194,Mats,2026020007,#111111,Zuccarello,1,8475692,3,07:14,LAK,26,Los Angeles Kings,517
16651027,0,00:50,09:29,,,220,Mats,2026020007,#111111,Zuccarello,1,8475692,4,08:39,LAK,26,Los Angeles Kings,517
16651117,0,01:24,11:45,,,247,Mats,2026020007,#111111,Zuccarello,1,8475692,5,10:21,LAK,26,Los Angeles Kings,517
16651118,0,01:11,15:14,,,340,Mats,2026020007,#111111,Zuccarello,1,8475692,6,14:03,LAK,26,Los Angeles Kings,517
16651119,0,00:59,16:54,,,425,Mats,2026020007,#111111,Zuccarello,1,8475692,7,15:55,LAK,26,Los Angeles Kings,517
16651246,0,01:16,03:47,,,514,Mats,2026020007,#111111,Zuccarello,2,8475692,8,02:31,LAK,26,Los Angeles Kings,517
16651294,0,00:28,07:53,,,574,Mats,2026020007,#111111,Zuccarello,2,8475692,9,07:25,LAK,26,Los Angeles Kings,517
16651379,0,02:26,13:41,,,677,Mats,2026020007,#111111,Zuccarello,2,8475692,10,11:15,LAK,26,Los Angeles Kings,517
16651380,0,00:41,16:42,,,748,Mats,2026020007,#111111,Zuccarello,2,8475692,11,16:01,LAK,26,Los Angeles Kings,517
16651447,0,00:28,20:00,,,794,Mats,2026020007,#111111,Zuccarello,2,8475692,12,19:32,LAK,26,Los Angeles Kings,517
16651493,0,01:15,02:10,,,806,Mats,2026020007,#111111,Zuccarello,3,8475692,13,00:55,LAK,26,Los Angeles Kings,517
16651494,0,01:58,05:47,,,841,Mats,2026020007,#111111,Zuccarello,3,8475692,14,03:49,LAK,26,Los Angeles Kings,517
16651576,0,00:52,08:59,,,895,Mats,2026020007,#111111,Zuccarello,3,8475692,15,08:07,LAK,26,Los Angeles Kings,517
16651577,0,00:33,11:51,,,943,Mats,2026020007,#111111,Zuccarello,3,8475692,16,11:18,LAK,26,Los Angeles Kings,517
16651578,0,00:12,14:15,,,976,Mats,2026020007,#111111,Zuccarello,3,8475692,17,14:03,LAK,26,Los Angeles Kings,517
16651673,0,01:09,18:42,,,1030,Mats,2026020007,#111111,Zuccarello,3,8475692,18,17:33,LAK,26,Los Angeles Kings,517
16651736,802,,06:33,PPG,"Jaden Schwartz, Nazem Kadri",182,Brock,2026020007,#6F263D,Nelson,1,8475754,0,06:33,COL,21,Colorado Avalanche,505
16650937,0,00:37,01:15,,,63,Brock,2026020007,#6F263D,Nelson,1,8475754,1,00:38,COL,21,Colorado Avalanche,517
16651028,0,00:50,04:39,,,152,Brock,2026020007,#6F263D,Nelson,1,8475754,2,03:49,COL,21,Colorado Avalanche,517
16651029,0,00:27,06:33,,,179,Brock,2026020007,#6F263D,Nelson,1,8475754,3,06:06,COL,21,Colorado Avalanche,517
16651030,0,00:57,09:37,,,219,Brock,2026020007,#6F263D,Nelson,1,8475754,4,08:40,COL,21,Colorado Avalanche,517
16651120,0,01:23,11:44,,,248,Brock,2026020007,#6F263D,Nelson,1,8475754,5,10:21,COL,21,Colorado Avalanche,517
16651121,0,00:45,14:05,,,334,Brock,2026020007,#6F263D,Nelson,1,8475754,6,13:20,COL,21,Colorado Avalanche,517
16651122,0,00:29,15:43,,,412,Brock,2026020007,#6F263D,Nelson,1,8475754,7,15:14,COL,21,Colorado Avalanche,517
16651123,0,00:24,16:19,,,421,Brock,2026020007,#6F263D,Nelson,1,8475754,8,15:55,COL,21,Colorado Avalanche,517
16651124,0,00:41,17:31,,,431,Brock,2026020007,#6F263D,Nelson,1,8475754,9,16:50,COL,21,Colorado Avalanche,517
16651207,0,00:27,19:04,,,458,Brock,2026020007,#6F263D,Nelson,1,8475754,10,18:37,COL,21,Colorado Avalanche,517
16651247,0,00:19,01:47,,,499,Brock,2026020007,#6F263D,Nelson,2,8475754,11,01:28,COL,21,Colorado Avalanche,517
16651295,0,00:44,05:00,,,536,Brock,2026020007,#6F263D,Nelson,2,8475754,12,04:16,COL,21,Colorado Avalanche,517
16651296,0,00:40,07:53,,,568,Brock,2026020007,#6F263D,Nelson,2,8475754,13,07:13,COL,21,Colorado Avalanche,517
16651297,0,01:14,10:34,,,599,Brock,2026020007,#6F263D,Nelson,2,8475754,14,09:20,COL,21,Colorado Avalanche,517
16651381,0,01:03,13:03,,,688,Brock,2026020007,#6F263D,Nelson,2,8475754,15,12:00,COL,21,Colorado Avalanche,517
16651382,0,00:28,14:09,,,709,Brock,2026020007,#6F263D,Nelson,2,8475754,16,13:41,COL,21,Colorado Avalanche,517
16651383,0,00:42,16:43,,,749,Brock,2026020007,#6F263D,Nelson,2,8475754,17,16:01,COL,21,Colorado Avalanche,517
16651448,0,00:44,18:34,,,779,Brock,2026020007,#6F263D,Nelson,2,8475754,18,17:50,COL,21,Colorado Avalanche,517
16651495,0,00:50,01:14,,,803,Brock,2026020007,#6F263D,Nelson,3,8475754,19,00:24,COL,21,Colorado Avalanche,517
16651496,0,00:49,04:38,,,842,Brock,2026020007,#6F263D,Nelson,3,8475754,20,03:49,COL,21,Colorado Avalanche,517
16651497,0,00:38,06:22,,,862,Brock,2026020007,#6F263D,Nelson,3,8475754,21,05:44,COL,21,Colorado Avalanche,517
16651579,0,00:37,10:33,,,924,Brock,2026020007,#6F263D,Nelson,3,8475754,22,09:56,COL,21,Colorado Avalanche,517
16651580,0,00:35,12:26,,,952,Brock,2026020007,#6F263D,Nelson,3,8475754,23,11:51,COL,21,Colorado Avalanche,517
16651581,0,00:37,13:57,,,970,Brock,2026020007,#6F263D,Nelson,3,8475754,24,13:20,COL,21,Colorado Avalanche,517
16651674,0,00:51,15:06,,,984,Brock,2026020007,#6F263D,Nelson,3,8475754,25,14:15,COL,21,Colorado Avalanche,517
16651675,0,00:35,16:35,,,1005,Brock,2026020007,#6F263D,Nelson,3,8475754,26,16:00,COL,21,Colorado Avalanche,517
16651676,0,00:48,18:49,,,1036,Brock,2026020007,#6F263D,Nelson,3,8475754,27,18:01,COL,21,Colorado Avalanche,517
16650938,0,01:08,02:23,,,68,Jaden,2026020007,#6F263D,Schwartz,1,8475768,1,01:15,COL,21,Colorado Avalanche,517
16651031,0,00:10,04:48,,,160,Jaden,2026020007,#6F263D,Schwartz,1,8475768,2,04:38,COL,21,Colorado Avalanche,517
16651032,0,00:28,06:33,,,177,Jaden,2026020007,#6F263D,Schwartz,1,8475768,3,06:05,COL,21,Colorado Avalanche,517
16651033,0,00:38,10:21,,,237,Jaden,2026020007,#6F263D,Schwartz,1,8475768,4,09:43,COL,21,Colorado Avalanche,517
16651125,0,00:05,12:26,,,318,Jaden,2026020007,#6F263D,Schwartz,1,8475768,5,12:21,COL,21,Colorado Avalanche,517
16651126,0,01:00,15:14,,,347,Jaden,2026020007,#6F263D,Schwartz,1,8475768,6,14:14,COL,21,Colorado Avalanche,517
16651208,0,00:08,19:12,,,463,Jaden,2026020007,#6F263D,Schwartz,1,8475768,7,19:04,COL,21,Colorado Avalanche,517
16651248,0,00:43,02:11,,,499,Jaden,2026020007,#6F263D,Schwartz,2,8475768,8,01:28,COL,21,Colorado Avalanche,517
16651298,0,00:52,04:16,,,523,Jaden,2026020007,#6F263D,Schwartz,2,8475768,9,03:24,COL,21,Colorado Avalanche,517
16651299,0,01:06,09:39,,,591,Jaden,2026020007,#6F263D,Schwartz,2,8475768,10,08:33,COL,21,Colorado Avalanche,517
16651384,0,00:30,16:01,,,736,Jaden,2026020007,#6F263D,Schwartz,2,8475768,11,15:31,COL,21,Colorado Avalanche,517
16651449,0,00:44,18:34,,,779,Jaden,2026020007,#6F263D,Schwartz,2,8475768,12,17:50,COL,21,Colorado Avalanche,517
16651498,0,00:55,03:01,,,821,Jaden,2026020007,#6F263D,Schwartz,3,8475768,13,02:06,COL,21,Colorado Avalanche,517
16651499,0,00:05,04:30,,,845,Jaden,2026020007,#6F263D,Schwartz,3,8475768,14,04:25,COL,21,Colorado Avalanche,517
16651582,0,00:55,08:12,,,892,Jaden,2026020007,#6F263D,Schwartz,3,8475768,15,07:17,COL,21,Colorado Avalanche,517
16651583,0,01:14,11:51,,,936,Jaden,2026020007,#6F263D,Schwartz,3,8475768,16,10:37,COL,21,Colorado Avalanche,517
16651677,0,00:51,15:06,,,984,Jaden,2026020007,#6F263D,Schwartz,3,8475768,17,14:15,COL,21,Colorado Avalanche,517
16651678,0,00:45,18:02,,,1028,Jaden,2026020007,#6F263D,Schwartz,3,8475768,18,17:17,COL,21,Colorado Avalanche,517
16651679,0,00:32,20:00,,,1057,Jaden,2026020007,#6F263D,Schwartz,3,8475768,19,19:28,COL,21,Colorado Avalanche,517
16650939,0,00:32,01:47,,,68,Josh,2026020007,#6F263D,Manson,1,8476312,1,01:15,COL,21,Colorado Avalanche,517
16650940,0,00:35,02:58,,,81,Josh,2026020007,#6F263D,Manson,1,8476312,2,02:23,COL,21,Colorado Avalanche,517
16651034,0,00:56,09:40,,,223,Josh,2026020007,#6F263D,Manson,1,8476312,3,08:44,COL,21,Colorado Avalanche,517
16651127,0,00:49,12:33,,,308,Josh,2026020007,#6F263D,Manson,1,8476312,4,11:44,COL,21,Colorado Avalanche,517
16651128,0,01:10,15:14,,,341,Josh,2026020007,#6F263D,Manson,1,8476312,5,14:04,COL,21,Colorado Avalanche,517
16651129,0,00:25,16:20,,,421,Josh,2026020007,#6F263D,Manson,1,8476312,6,15:55,COL,21,Colorado Avalanche,517
16651130,0,00:25,17:56,,,440,Josh,2026020007,#6F263D,Manson,1,8476312,7,17:31,COL,21,Colorado Avalanche,517
16651300,0,00:35,04:51,,,536,Josh,2026020007,#6F263D,Manson,2,8476312,8,04:16,COL,21,Colorado Avalanche,517
16651301,0,00:21,07:25,,,566,Josh,2026020007,#6F263D,Manson,2,8476312,9,07:04,COL,21,Colorado Avalanche,517
16651302,0,01:20,09:50,,,589,Josh,2026020007,#6F263D,Manson,2,8476312,10,08:30,COL,21,Colorado Avalanche,517
16651385,0,00:45,13:04,,,696,Josh,2026020007,#6F263D,Manson,2,8476312,11,12:19,COL,21,Colorado Avalanche,517
16651386,0,01:19,16:48,,,735,Josh,2026020007,#6F263D,Manson,2,8476312,12,15:29,COL,21,Colorado Avalanche,517
16651500,0,01:02,03:21,,,826,Josh,2026020007,#6F263D,Manson,3,8476312,13,02:19,COL,21,Colorado Avalanche,517
16651501,0,00:38,05:08,,,849,Josh,2026020007,#6F263D,Manson,3,8476312,14,04:30,COL,21,Colorado Avalanche,517
16651584,0,00:47,08:40,,,893,Josh,2026020007,#6F263D,Manson,3,8476312,15,07:53,COL,21,Colorado Avalanche,517
16651585,0,01:03,11:51,,,938,Josh,2026020007,#6F263D,Manson,3,8476312,16,10:48,COL,21,Colorado Avalanche,517
16651680,0,00:52,15:58,,,991,Josh,2026020007,#6F263D,Manson,3,8476312,17,15:06,COL,21,Colorado Avalanche,517
16651681,0,00:57,19:20,,,1040,Josh,2026020007,#6F263D,Manson,3,8476312,18,18:23,COL,21,Colorado Avalanche,517
16650941,0,00:42,01:57,,,67,Joel,2026020007,#111111,Edmundson,1,8476441,1,01:15,LAK,26,Los Angeles Kings,517
16651035,0,00:25,04:48,,,156,Joel,2026020007,#111111,Edmundson,1,8476441,2,04:23,LAK,26,Los Angeles Kings,517
16651036,0,01:01,07:05,,,180,Joel,2026020007,#111111,Edmundson,1,8476441,3,06:04,LAK,26,Los Angeles Kings,517
16651037,0,00:32,10:21,,,238,Joel,2026020007,#111111,Edmundson,1,8476441,4,09:49,LAK,26,Los Angeles Kings,517
16651131,0,00:53,15:04,,,346,Joel,2026020007,#111111,Edmundson,1,8476441,5,14:11,LAK,26,Los Angeles Kings,517
16651209,0,00:35,19:12,,,459,Joel,2026020007,#111111,Edmundson,1,8476441,6,18:37,LAK,26,Los Angeles Kings,517
16651249,0,00:42,01:05,,,488,Joel,2026020007,#111111,Edmundson,2,8476441,7,00:23,LAK,26,Los Angeles Kings,517
16651250,0,00:30,02:31,,,506,Joel,2026020007,#111111,Edmundson,2,8476441,8,02:01,LAK,26,Los Angeles Kings,517
16651303,0,01:11,05:25,,,534,Joel,2026020007,#111111,Edmundson,2,8476441,9,04:14,LAK,26,Los Angeles Kings,517
16651304,0,01:10,07:53,,,562,Joel,2026020007,#111111,Edmundson,2,8476441,10,06:43,LAK,26,Los Angeles Kings,517
16651305,0,00:36,10:13,,,653,Joel,2026020007,#111111,Edmundson,2,8476441,11,09:37,LAK,26,Los Angeles Kings,517
16651387,0,00:44,11:59,,,677,Joel,2026020007,#111111,Edmundson,2,8476441,12,11:15,LAK,26,Los Angeles Kings,517
16651388,0,00:19,17:15,,,758,Joel,2026020007,#111111,Edmundson,2,8476441,13,16:56,LAK,26,Los Angeles Kings,517
16651450,0,00:35,19:09,,,787,Joel,2026020007,#111111,Edmundson,2,8476441,14,18:34,LAK,26,Los Angeles Kings,517
16651502,0,01:02,03:06,,,820,Joel,2026020007,#111111,Edmundson,3,8476441,15,02:04,LAK,26,Los Angeles Kings,517
16651503,0,00:05,04:30,,,846,Joel,2026020007,#111111,Edmundson,3,8476441,16,04:25,LAK,26,Los Angeles Kings,517
16651586,0,00:50,08:07,,,891,Joel,2026020007,#111111,Edmundson,3,8476441,17,07:17,LAK,26,Los Angeles Kings,517
16651587,0,00:43,10:42,,,927,Joel,2026020007,#111111,Edmundson,3,8476441,18,09:59,LAK,26,Los Angeles Kings,517
16651588,0,00:48,13:20,,,962,Joel,2026020007,#111111,Edmundson,3,8476441,19,12:32,LAK,26,Los Angeles Kings,517
16651682,0,00:33,15:39,,,990,Joel,2026020007,#111111,Edmundson,3,8476441,20,15:06,LAK,26,Los Angeles Kings,517
16651683,0,00:36,17:17,,,1016,Joel,2026020007,#111111,Edmundson,3,8476441,21,16:41,LAK,26,Los Angeles Kings,517
16651684,0,01:02,20:00,,,1048,Joel,2026020007,#111111,Edmundson,3,8476441,22,18:58,LAK,26,Los Angeles Kings,517
16650942,0,00:42,01:15,,,57,Gabriel,2026020007,#6F263D,Landeskog,1,8476455,1,00:33,COL,21,Colorado Avalanche,517
16651038,0,00:49,04:38,,,152,Gabriel,2026020007,#6F263D,Landeskog,1,8476455,2,03:49,COL,21,Colorado Avalanche,517
16651039,0,01:17,06:05,,,168,Gabriel,2026020007,#6F263D,Landeskog,1,8476455,3,04:48,COL,21,Colorado Avalanche,517
16651040,0,01:03,09:43,,,219,Gabriel,2026020007,#6F263D,Landeskog,1,8476455,4,08:40,COL,21,Colorado Avalanche,517
16651132,0,01:03,14:16,,,331,Gabriel,2026020007,#6F263D,Landeskog,1,8476455,5,13:13,COL,21,Colorado Avalanche,517
16651210,0,00:27,19:04,,,458,Gabriel,2026020007,#6F263D,Landeskog,1,8476455,6,18:37,COL,21,Colorado Avalanche,517
16651211,0,00:48,20:00,,,471,Gabriel,2026020007,#6F263D,Landeskog,1,8476455,7,19:12,COL,21,Colorado Avalanche,517
16651251,0,01:28,01:28,,,482,Gabriel,2026020007,#6F263D,Landeskog,2,8476455,8,00:00,COL,21,Colorado Avalanche,517
16651306,0,01:05,05:21,,,536,Gabriel,2026020007,#6F263D,Landeskog,2,8476455,9,04:16,COL,21,Colorado Avalanche,517
16651307,0,00:40,07:53,,,568,Gabriel,2026020007,#6F263D,Landeskog,2,8476455,10,07:13,COL,21,Colorado Avalanche,517
16651308,0,00:58,10:37,,,654,Gabriel,2026020007,#6F263D,Landeskog,2,8476455,11,09:39,COL,21,Colorado Avalanche,517
16651389,0,00:48,16:49,,,749,Gabriel,2026020007,#6F263D,Landeskog,2,8476455,12,16:01,COL,21,Colorado Avalanche,517
16651451,0,00:35,17:50,,,770,Gabriel,2026020007,#6F263D,Landeskog,2,8476455,13,17:15,COL,21,Colorado Avalanche,517
16651737,803,,14:03,EVG,Cale Makar,605,Gabriel,2026020007,#6F263D,Landeskog,3,8476455,0,14:03,COL,21,Colorado Avalanche,505
16651504,0,01:13,02:06,,,807,Gabriel,2026020007,#6F263D,Landeskog,3,8476455,14,00:53,COL,21,Colorado Avalanche,517
16651505,0,00:36,04:25,,,842,Gabriel,2026020007,#6F263D,Landeskog,3,8476455,15,03:49,COL,21,Colorado Avalanche,517
16651589,0,00:52,08:09,,,892,Gabriel,2026020007,#6F263D,Landeskog,3,8476455,16,07:17,COL,21,Colorado Avalanche,517
16651590,0,00:41,10:37,,,924,Gabriel,2026020007,#6F263D,Landeskog,3,8476455,17,09:56,COL,21,Colorado Avalanche,517
16651591,0,00:36,12:27,,,952,Gabriel,2026020007,#6F263D,Landeskog,3,8476455,18,11:51,COL,21,Colorado Avalanche,517
16651592,0,00:43,14:03,,,970,Gabriel,2026020007,#6F263D,Landeskog,3,8476455,19,13:20,COL,21,Colorado Avalanche,517
16651685,0,00:50,16:24,,,995,Gabriel,2026020007,#6F263D,Landeskog,3,8476455,20,15:34,COL,21,Colorado Avalanche,517
16651686,0,00:38,18:40,,,1038,Gabriel,2026020007,#6F263D,Landeskog,3,8476455,21,18:02,COL,21,Colorado Avalanche,517
16650943,0,00:48,03:00,,,78,Joel,2026020007,#111111,Armia,1,8476469,1,02:12,LAK,26,Los Angeles Kings,517
16651041,0,00:09,04:48,,,159,Joel,2026020007,#111111,Armia,1,8476469,2,04:39,LAK,26,Los Angeles Kings,517
16651042,0,00:42,06:04,,,175,Joel,2026020007,#111111,Armia,1,8476469,3,05:22,LAK,26,Los Angeles Kings,517
16651133,0,00:19,12:09,,,311,Joel,2026020007,#111111,Armia,1,8476469,4,11:50,LAK,26,Los Angeles Kings,517
16651134,0,00:38,13:13,,,323,Joel,2026020007,#111111,Armia,1,8476469,5,12:35,LAK,26,Los Angeles Kings,517
16651135,0,00:12,15:55,,,417,Joel,2026020007,#111111,Armia,1,8476469,6,15:43,LAK,26,Los Angeles Kings,517
16651212,0,00:28,18:26,,,448,Joel,2026020007,#111111,Armia,1,8476469,7,17:58,LAK,26,Los Angeles Kings,517
16651213,0,00:40,19:52,,,466,Joel,2026020007,#111111,Armia,1,8476469,8,19:12,LAK,26,Los Angeles Kings,517
16651738,803,,01:28,SHG,"Erik Haula, Cody Ceci",496,Joel,2026020007,#111111,Armia,2,8476469,0,01:28,LAK,26,Los Angeles Kings,505
16651252,0,00:43,01:47,,,494,Joel,2026020007,#111111,Armia,2,8476469,9,01:04,LAK,26,Los Angeles Kings,517
16651309,0,01:14,05:25,,,531,Joel,2026020007,#111111,Armia,2,8476469,10,04:11,LAK,26,Los Angeles Kings,517
16651310,0,00:51,10:12,,,600,Joel,2026020007,#111111,Armia,2,8476469,11,09:21,LAK,26,Los Angeles Kings,517
16651390,0,00:51,14:32,,,710,Joel,2026020007,#111111,Armia,2,8476469,12,13:41,LAK,26,Los Angeles Kings,517
16651452,0,00:44,18:34,,,780,Joel,2026020007,#111111,Armia,2,8476469,13,17:50,LAK,26,Los Angeles Kings,517
16651506,0,00:43,03:49,,,831,Joel,2026020007,#111111,Armia,3,8476469,14,03:06,LAK,26,Los Angeles Kings,517
16651507,0,00:37,06:24,,,864,Joel,2026020007,#111111,Armia,3,8476469,15,05:47,LAK,26,Los Angeles Kings,517
16651593,0,00:50,08:07,,,891,Joel,2026020007,#111111,Armia,3,8476469,16,07:17,LAK,26,Los Angeles Kings,517
16651594,0,00:46,11:18,,,932,Joel,2026020007,#111111,Armia,3,8476469,17,10:32,LAK,26,Los Angeles Kings,517
16651687,0,01:00,16:06,,,990,Joel,2026020007,#111111,Armia,3,8476469,18,15:06,LAK,26,Los Angeles Kings,517
16651688,0,00:40,19:22,,,1045,Joel,2026020007,#111111,Armia,3,8476469,19,18:42,LAK,26,Los Angeles Kings,517
16650944,0,00:37,01:15,,,61,Scott,2026020007,#111111,Laughton,1,8476872,1,00:38,LAK,26,Los Angeles Kings,517
16650945,0,00:17,03:16,,,89,Scott,2026020007,#111111,Laughton,1,8476872,2,02:59,LAK,26,Los Angeles Kings,517
16651043,0,00:34,05:22,,,167,Scott,2026020007,#111111,Laughton,1,8476872,3,04:48,LAK,26,Los Angeles Kings,517
16651044,0,00:57,10:21,,,229,Scott,2026020007,#111111,Laughton,1,8476872,4,09:24,LAK,26,Los Angeles Kings,517
16651136,0,00:40,13:13,,,322,Scott,2026020007,#111111,Laughton,1,8476872,5,12:33,LAK,26,Los Angeles Kings,517
16651137,0,00:29,15:43,,,413,Scott,2026020007,#111111,Laughton,1,8476872,6,15:14,LAK,26,Los Angeles Kings,517
16651214,0,00:39,18:37,,,448,Scott,2026020007,#111111,Laughton,1,8476872,7,17:58,LAK,26,Los Angeles Kings,517
16651215,0,00:08,20:00,,,476,Scott,2026020007,#111111,Laughton,1,8476872,8,19:52,LAK,26,Los Angeles Kings,517
16651253,0,00:40,01:03,,,488,Scott,2026020007,#111111,Laughton,2,8476872,9,00:23,LAK,26,Los Angeles Kings,517
16651254,0,00:47,04:14,,,524,Scott,2026020007,#111111,Laughton,2,8476872,10,03:27,LAK,26,Los Angeles Kings,517
16651311,0,00:36,07:25,,,565,Scott,2026020007,#111111,Laughton,2,8476872,11,06:49,LAK,26,Los Angeles Kings,517
16651312,0,00:48,09:21,,,590,Scott,2026020007,#111111,Laughton,2,8476872,12,08:33,LAK,26,Los Angeles Kings,517
16651313,0,00:30,11:15,,,668,Scott,2026020007,#111111,Laughton,2,8476872,13,10:45,LAK,26,Los Angeles Kings,517
16651391,0,00:44,15:01,,,715,Scott,2026020007,#111111,Laughton,2,8476872,14,14:17,LAK,26,Los Angeles Kings,517
16651392,0,00:12,16:01,,,743,Scott,2026020007,#111111,Laughton,2,8476872,15,15:49,LAK,26,Los Angeles Kings,517
16651453,0,01:10,17:50,,,751,Scott,2026020007,#111111,Laughton,2,8476872,16,16:40,LAK,26,Los Angeles Kings,517
16651508,0,01:02,03:07,,,823,Scott,2026020007,#111111,Laughton,3,8476872,17,02:05,LAK,26,Los Angeles Kings,517
16651595,0,00:53,07:17,,,873,Scott,2026020007,#111111,Laughton,3,8476872,18,06:24,LAK,26,Los Angeles Kings,517
16651596,0,00:42,09:54,,,915,Scott,2026020007,#111111,Laughton,3,8476872,19,09:12,LAK,26,Los Angeles Kings,517
16651597,0,00:36,12:27,,,953,Scott,2026020007,#111111,Laughton,3,8476872,20,11:51,LAK,26,Los Angeles Kings,517
16651689,0,00:51,15:06,,,980,Scott,2026020007,#111111,Laughton,3,8476872,21,14:15,LAK,26,Los Angeles Kings,517
16651690,0,00:32,16:39,,,1007,Scott,2026020007,#111111,Laughton,3,8476872,22,16:07,LAK,26,Los Angeles Kings,517
16651691,0,00:43,20:00,,,1051,Scott,2026020007,#111111,Laughton,3,8476872,23,19:17,LAK,26,Los Angeles Kings,517
16650946,0,00:37,01:15,,,61,Cody,2026020007,#111111,Ceci,1,8476879,1,00:38,LAK,26,Los Angeles Kings,517
16651045,0,00:49,03:49,,,90,Cody,2026020007,#111111,Ceci,1,8476879,2,03:00,LAK,26,Los Angeles Kings,517
16651046,0,00:41,06:03,,,175,Cody,2026020007,#111111,Ceci,1,8476879,3,05:22,LAK,26,Los Angeles Kings,517
16651047,0,00:41,07:46,,,192,Cody,2026020007,#111111,Ceci,1,8476879,4,07:05,LAK,26,Los Angeles Kings,517
16651048,0,01:10,09:49,,,220,Cody,2026020007,#111111,Ceci,1,8476879,5,08:39,LAK,26,Los Angeles Kings,517
16651138,0,01:11,13:54,,,326,Cody,2026020007,#111111,Ceci,1,8476879,6,12:43,LAK,26,Los Angeles Kings,517
16651139,0,00:12,15:55,,,417,Cody,2026020007,#111111,Ceci,1,8476879,7,15:43,LAK,26,Los Angeles Kings,517
16651216,0,00:39,18:37,,,448,Cody,2026020007,#111111,Ceci,1,8476879,8,17:58,LAK,26,Los Angeles Kings,517
16651217,0,00:08,20:00,,,476,Cody,2026020007,#111111,Ceci,1,8476879,9,19:52,LAK,26,Los Angeles Kings,517
16651255,0,00:23,00:23,,,483,Cody,2026020007,#111111,Ceci,2,8476879,10,00:00,LAK,26,Los Angeles Kings,517
16651256,0,00:56,02:01,,,495,Cody,2026020007,#111111,Ceci,2,8476879,11,01:05,LAK,26,Los Angeles Kings,517
16651257,0,00:43,04:13,,,525,Cody,2026020007,#111111,Ceci,2,8476879,12,03:30,LAK,26,Los Angeles Kings,517
16651314,0,00:41,07:25,,,564,Cody,2026020007,#111111,Ceci,2,8476879,13,06:44,LAK,26,Los Angeles Kings,517
16651315,0,00:35,09:08,,,590,Cody,2026020007,#111111,Ceci,2,8476879,14,08:33,LAK,26,Los Angeles Kings,517
16651393,0,00:46,15:01,,,714,Cody,2026020007,#111111,Ceci,2,8476879,15,14:15,LAK,26,Los Angeles Kings,517
16651394,0,00:55,16:56,,,748,Cody,2026020007,#111111,Ceci,2,8476879,16,16:01,LAK,26,Los Angeles Kings,517
16651454,0,00:35,17:50,,,771,Cody,2026020007,#111111,Ceci,2,8476879,17,17:15,LAK,26,Los Angeles Kings,517
16651455,0,00:05,19:32,,,790,Cody,2026020007,#111111,Ceci,2,8476879,18,19:27,LAK,26,Los Angeles Kings,517
16651509,0,01:00,02:05,,,811,Cody,2026020007,#111111,Ceci,3,8476879,19,01:05,LAK,26,Los Angeles Kings,517
16651510,0,00:36,04:25,,,841,Cody,2026020007,#111111,Ceci,3,8476879,20,03:49,LAK,26,Los Angeles Kings,517
16651598,0,00:45,07:17,,,879,Cody,2026020007,#111111,Ceci,3,8476879,21,06:32,LAK,26,Los Angeles Kings,517
16651599,0,01:00,09:59,,,908,Cody,2026020007,#111111,Ceci,3,8476879,22,08:59,LAK,26,Los Angeles Kings,517
16651600,0,01:11,12:32,,,946,Cody,2026020007,#111111,Ceci,3,8476879,23,11:21,LAK,26,Los Angeles Kings,517
16651692,0,01:03,15:06,,,976,Cody,2026020007,#111111,Ceci,3,8476879,24,14:03,LAK,26,Los Angeles Kings,517
16651693,0,01:02,16:41,,,996,Cody,2026020007,#111111,Ceci,3,8476879,25,15:39,LAK,26,Los Angeles Kings,517
16651694,0,01:00,18:58,,,1035,Cody,2026020007,#111111,Ceci,3,8476879,26,17:58,LAK,26,Los Angeles Kings,517
16650947,0,00:42,01:15,,,57,Brett,2026020007,#6F263D,Kulak,1,8476967,1,00:33,COL,21,Colorado Avalanche,517
16650948,0,00:36,02:23,,,72,Brett,2026020007,#6F263D,Kulak,1,8476967,2,01:47,COL,21,Colorado Avalanche,517
16651049,0,00:55,04:44,,,152,Brett,2026020007,#6F263D,Kulak,1,8476967,3,03:49,COL,21,Colorado Avalanche,517
16651050,0,00:27,07:53,,,200,Brett,2026020007,#6F263D,Kulak,1,8476967,4,07:26,COL,21,Colorado Avalanche,517
16651140,0,00:42,10:21,,,235,Brett,2026020007,#6F263D,Kulak,1,8476967,5,09:39,COL,21,Colorado Avalanche,517
16651141,0,00:50,12:33,,,307,Brett,2026020007,#6F263D,Kulak,1,8476967,6,11:43,COL,21,Colorado Avalanche,517
16651142,0,01:10,17:30,,,428,Brett,2026020007,#6F263D,Kulak,1,8476967,7,16:20,COL,21,Colorado Avalanche,517
16651218,0,00:38,19:04,,,453,Brett,2026020007,#6F263D,Kulak,1,8476967,8,18:26,COL,21,Colorado Avalanche,517
16651316,0,01:53,04:16,,,510,Brett,2026020007,#6F263D,Kulak,2,8476967,9,02:23,COL,21,Colorado Avalanche,517
16651317,0,00:49,07:04,,,557,Brett,2026020007,#6F263D,Kulak,2,8476967,10,06:15,COL,21,Colorado Avalanche,517
16651318,0,00:28,07:53,,,576,Brett,2026020007,#6F263D,Kulak,2,8476967,11,07:25,COL,21,Colorado Avalanche,517
16651319,0,00:44,10:34,,,659,Brett,2026020007,#6F263D,Kulak,2,8476967,12,09:50,COL,21,Colorado Avalanche,517
16651395,0,00:37,13:41,,,703,Brett,2026020007,#6F263D,Kulak,2,8476967,13,13:04,COL,21,Colorado Avalanche,517
16651396,0,01:07,15:31,,,719,Brett,2026020007,#6F263D,Kulak,2,8476967,14,14:24,COL,21,Colorado Avalanche,517
16651456,0,00:58,19:32,,,786,Brett,2026020007,#6F263D,Kulak,2,8476967,15,18:34,COL,21,Colorado Avalanche,517
16651511,0,01:26,02:20,,,808,Brett,2026020007,#6F263D,Kulak,3,8476967,16,00:54,COL,21,Colorado Avalanche,517
16651512,0,00:43,04:30,,,838,Brett,2026020007,#6F263D,Kulak,3,8476967,17,03:47,COL,21,Colorado Avalanche,517
16651513,0,01:13,06:21,,,857,Brett,2026020007,#6F263D,Kulak,3,8476967,18,05:08,COL,21,Colorado Avalanche,517
16651601,0,00:38,07:55,,,892,Brett,2026020007,#6F263D,Kulak,3,8476967,19,07:17,COL,21,Colorado Avalanche,517
16651602,0,01:09,11:04,,,921,Brett,2026020007,#6F263D,Kulak,3,8476967,20,09:55,COL,21,Colorado Avalanche,517
16651695,0,00:18,14:15,,,973,Brett,2026020007,#6F263D,Kulak,3,8476967,21,13:57,COL,21,Colorado Avalanche,517
16651696,0,00:57,16:54,,,1003,Brett,2026020007,#6F263D,Kulak,3,8476967,22,15:57,COL,21,Colorado Avalanche,517
16651697,0,00:44,20:00,,,1050,Brett,2026020007,#6F263D,Kulak,3,8476967,23,19:16,COL,21,Colorado Avalanche,517
16650949,0,00:33,00:33,,,6,Artturi,2026020007,#6F263D,Lehkonen,1,8477476,1,00:00,COL,21,Colorado Avalanche,517
16651051,0,00:49,03:49,,,91,Artturi,2026020007,#6F263D,Lehkonen,1,8477476,2,03:00,COL,21,Colorado Avalanche,517
16651052,0,00:27,06:33,,,179,Artturi,2026020007,#6F263D,Lehkonen,1,8477476,3,06:06,COL,21,Colorado Avalanche,517
16651053,0,01:26,08:40,,,197,Artturi,2026020007,#6F263D,Lehkonen,1,8477476,4,07:14,COL,21,Colorado Avalanche,517
16651143,0,00:42,11:03,,,248,Artturi,2026020007,#6F263D,Lehkonen,1,8477476,5,10:21,COL,21,Colorado Avalanche,517
16651144,0,00:41,13:14,,,321,Artturi,2026020007,#6F263D,Lehkonen,1,8477476,6,12:33,COL,21,Colorado Avalanche,517
16651145,0,00:42,16:25,,,416,Artturi,2026020007,#6F263D,Lehkonen,1,8477476,7,15:43,COL,21,Colorado Avalanche,517
16651146,0,00:40,17:31,,,434,Artturi,2026020007,#6F263D,Lehkonen,1,8477476,8,16:51,COL,21,Colorado Avalanche,517
16651219,0,00:27,19:04,,,458,Artturi,2026020007,#6F263D,Lehkonen,1,8477476,9,18:37,COL,21,Colorado Avalanche,517
16651739,802,,18:34,PPG,"Brock Nelson, Devon Toews",782,Artturi,2026020007,#6F263D,Lehkonen,2,8477476,0,18:34,COL,21,Colorado Avalanche,505
16651258,0,00:58,02:26,,,499,Artturi,2026020007,#6F263D,Lehkonen,2,8477476,10,01:28,COL,21,Colorado Avalanche,517
16651320,0,01:00,07:15,,,557,Artturi,2026020007,#6F263D,Lehkonen,2,8477476,11,06:15,COL,21,Colorado Avalanche,517
16651321,0,00:40,08:33,,,582,Artturi,2026020007,#6F263D,Lehkonen,2,8477476,12,07:53,COL,21,Colorado Avalanche,517
16651322,0,00:38,11:15,,,667,Artturi,2026020007,#6F263D,Lehkonen,2,8477476,13,10:37,COL,21,Colorado Avalanche,517
16651397,0,00:44,13:03,,,696,Artturi,2026020007,#6F263D,Lehkonen,2,8477476,14,12:19,COL,21,Colorado Avalanche,517
16651398,0,00:31,14:12,,,709,Artturi,2026020007,#6F263D,Lehkonen,2,8477476,15,13:41,COL,21,Colorado Avalanche,517
16651399,0,00:10,17:15,,,764,Artturi,2026020007,#6F263D,Lehkonen,2,8477476,16,17:05,COL,21,Colorado Avalanche,517
16651457,0,00:44,18:34,,,779,Artturi,2026020007,#6F263D,Lehkonen,2,8477476,17,17:50,COL,21,Colorado Avalanche,517
16651458,0,00:35,20:00,,,789,Artturi,2026020007,#6F263D,Lehkonen,2,8477476,18,19:25,COL,21,Colorado Avalanche,517
16651740,802,,15:06,PPG,"Brock Nelson, Devon Toews",987,Artturi,2026020007,#6F263D,Lehkonen,3,8477476,0,15:06,COL,21,Colorado Avalanche,505
16651514,0,00:53,00:53,,,800,Artturi,2026020007,#6F263D,Lehkonen,3,8477476,19,00:00,COL,21,Colorado Avalanche,517
16651515,0,00:48,03:49,,,828,Artturi,2026020007,#6F263D,Lehkonen,3,8477476,20,03:01,COL,21,Colorado Avalanche,517
16651516,0,00:55,05:25,,,849,Artturi,2026020007,#6F263D,Lehkonen,3,8477476,21,04:30,COL,21,Colorado Avalanche,517
16651603,0,00:59,09:56,,,907,Artturi,2026020007,#6F263D,Lehkonen,3,8477476,22,08:57,COL,21,Colorado Avalanche,517
16651604,0,00:54,13:20,,,958,Artturi,2026020007,#6F263D,Lehkonen,3,8477476,23,12:26,COL,21,Colorado Avalanche,517
16651698,0,00:51,15:06,,,984,Artturi,2026020007,#6F263D,Lehkonen,3,8477476,24,14:15,COL,21,Colorado Avalanche,517
16651699,0,00:53,17:17,,,1008,Artturi,2026020007,#6F263D,Lehkonen,3,8477476,25,16:24,COL,21,Colorado Avalanche,517
16651700,0,00:47,19:27,,,1044,Artturi,2026020007,#6F263D,Lehkonen,3,8477476,26,18:40,COL,21,Colorado Avalanche,517
16650950,0,00:38,00:38,,,6,Nathan,2026020007,#6F263D,MacKinnon,1,8477492,1,00:00,COL,21,Colorado Avalanche,517
16651054,0,00:49,03:49,,,91,Nathan,2026020007,#6F263D,MacKinnon,1,8477492,2,03:00,COL,21,Colorado Avalanche,517
16651055,0,01:18,06:06,,,168,Nathan,2026020007,#6F263D,MacKinnon,1,8477492,3,04:48,COL,21,Colorado Avalanche,517
16651056,0,01:15,08:40,,,199,Nathan,2026020007,#6F263D,MacKinnon,1,8477492,4,07:25,COL,21,Colorado Avalanche,517
16651147,0,00:54,13:20,,,319,Nathan,2026020007,#6F263D,MacKinnon,1,8477492,5,12:26,COL,21,Colorado Avalanche,517
16651148,0,00:12,15:55,,,416,Nathan,2026020007,#6F263D,MacKinnon,1,8477492,6,15:43,COL,21,Colorado Avalanche,517
16651220,0,00:39,18:37,,,449,Nathan,2026020007,#6F263D,MacKinnon,1,8477492,7,17:58,COL,21,Colorado Avalanche,517
16651221,0,00:48,20:00,,,471,Nathan,2026020007,#6F263D,MacKinnon,1,8477492,8,19:12,COL,21,Colorado Avalanche,517
16651741,802,,00:23,PPG,"Nazem Kadri, Cale Makar",485,Nathan,2026020007,#6F263D,MacKinnon,2,8477492,0,00:23,COL,21,Colorado Avalanche,505
16651742,803,,08:33,EVG,"Martin Necas, Brent Burns",585,Nathan,2026020007,#6F263D,MacKinnon,2,8477492,0,08:33,COL,21,Colorado Avalanche,505
16651259,0,01:28,01:28,,,482,Nathan,2026020007,#6F263D,MacKinnon,2,8477492,9,00:00,COL,21,Colorado Avalanche,517
16651323,0,00:56,04:16,,,522,Nathan,2026020007,#6F263D,MacKinnon,2,8477492,10,03:20,COL,21,Colorado Avalanche,517
16651324,0,01:07,07:13,,,556,Nathan,2026020007,#6F263D,MacKinnon,2,8477492,11,06:06,COL,21,Colorado Avalanche,517
16651325,0,00:40,08:33,,,582,Nathan,2026020007,#6F263D,MacKinnon,2,8477492,12,07:53,COL,21,Colorado Avalanche,517
16651400,0,00:39,11:15,,,666,Nathan,2026020007,#6F263D,MacKinnon,2,8477492,13,10:36,COL,21,Colorado Avalanche,517
16651401,0,00:29,15:31,,,726,Nathan,2026020007,#6F263D,MacKinnon,2,8477492,14,15:02,COL,21,Colorado Avalanche,517
16651459,0,01:07,17:50,,,753,Nathan,2026020007,#6F263D,MacKinnon,2,8477492,15,16:43,COL,21,Colorado Avalanche,517
16651460,0,00:28,20:00,,,796,Nathan,2026020007,#6F263D,MacKinnon,2,8477492,16,19:32,COL,21,Colorado Avalanche,517
16651517,0,00:24,00:24,,,800,Nathan,2026020007,#6F263D,MacKinnon,3,8477492,17,00:00,COL,21,Colorado Avalanche,517
16651518,0,00:39,03:49,,,834,Nathan,2026020007,#6F263D,MacKinnon,3,8477492,18,03:10,COL,21,Colorado Avalanche,517
16651605,0,00:54,07:17,,,876,Nathan,2026020007,#6F263D,MacKinnon,3,8477492,19,06:23,COL,21,Colorado Avalanche,517
16651606,0,00:55,09:56,,,911,Nathan,2026020007,#6F263D,MacKinnon,3,8477492,20,09:01,COL,21,Colorado Avalanche,517
16651607,0,00:32,11:51,,,945,Nathan,2026020007,#6F263D,MacKinnon,3,8477492,21,11:19,COL,21,Colorado Avalanche,517
16651608,0,00:53,13:20,,,959,Nathan,2026020007,#6F263D,MacKinnon,3,8477492,22,12:27,COL,21,Colorado Avalanche,517
16650951,0,00:38,00:38,,,7,Adrian,2026020007,#111111,Kempe,1,8477960,1,00:00,LAK,26,Los Angeles Kings,517
16651057,0,00:33,03:49,,,95,Adrian,2026020007,#111111,Kempe,1,8477960,2,03:16,LAK,26,Los Angeles Kings,517
16651058,0,00:41,07:14,,,185,Adrian,2026020007,#111111,Kempe,1,8477960,3,06:33,LAK,26,Los Angeles Kings,517
16651059,0,00:46,08:39,,,214,Adrian,2026020007,#111111,Kempe,1,8477960,4,07:53,LAK,26,Los Angeles Kings,517
16651149,0,01:26,11:45,,,246,Adrian,2026020007,#111111,Kempe,1,8477960,5,10:19,LAK,26,Los Angeles Kings,517
16651150,0,00:51,14:03,,,330,Adrian,2026020007,#111111,Kempe,1,8477960,6,13:12,LAK,26,Los Angeles Kings,517
16651151,0,00:56,16:51,,,425,Adrian,2026020007,#111111,Kempe,1,8477960,7,15:55,LAK,26,Los Angeles Kings,517
16651222,0,00:46,19:12,,,452,Adrian,2026020007,#111111,Kempe,1,8477960,8,18:26,LAK,26,Los Angeles Kings,517
16651260,0,00:44,02:31,,,503,Adrian,2026020007,#111111,Kempe,2,8477960,9,01:47,LAK,26,Los Angeles Kings,517
16651326,0,01:14,06:39,,,548,Adrian,2026020007,#111111,Kempe,2,8477960,10,05:25,LAK,26,Los Angeles Kings,517
16651327,0,00:40,08:33,,,581,Adrian,2026020007,#111111,Kempe,2,8477960,11,07:53,LAK,26,Los Angeles Kings,517
16651328,0,00:40,10:52,,,661,Adrian,2026020007,#111111,Kempe,2,8477960,12,10:12,LAK,26,Los Angeles Kings,517
16651402,0,01:43,13:41,,,685,Adrian,2026020007,#111111,Kempe,2,8477960,13,11:58,LAK,26,Los Angeles Kings,517
16651403,0,00:25,15:49,,,733,Adrian,2026020007,#111111,Kempe,2,8477960,14,15:24,LAK,26,Los Angeles Kings,517
16651461,0,00:58,19:32,,,785,Adrian,2026020007,#111111,Kempe,2,8477960,15,18:34,LAK,26,Los Angeles Kings,517
16651519,0,00:55,00:55,,,801,Adrian,2026020007,#111111,Kempe,3,8477960,16,00:00,LAK,26,Los Angeles Kings,517
16651520,0,01:17,05:47,,,853,Adrian,2026020007,#111111,Kempe,3,8477960,17,04:30,LAK,26,Los Angeles Kings,517
16651521,0,00:24,06:53,,,877,Adrian,2026020007,#111111,Kempe,3,8477960,18,06:29,LAK,26,Los Angeles Kings,517
16651609,0,00:12,09:12,,,909,Adrian,2026020007,#111111,Kempe,3,8477960,19,09:00,LAK,26,Los Angeles Kings,517
16651610,0,00:58,10:32,,,919,Adrian,2026020007,#111111,Kempe,3,8477960,20,09:34,LAK,26,Los Angeles Kings,517
16651611,0,01:48,14:03,,,954,Adrian,2026020007,#111111,Kempe,3,8477960,21,12:15,LAK,26,Los Angeles Kings,517
16651701,0,00:48,17:33,,,1017,Adrian,2026020007,#111111,Kempe,3,8477960,22,16:45,LAK,26,Los Angeles Kings,517
16650952,0,00:33,00:33,,,6,Devon,2026020007,#6F263D,Toews,1,8478038,1,00:00,COL,21,Colorado Avalanche,517
16651060,0,00:51,03:49,,,86,Devon,2026020007,#6F263D,Toews,1,8478038,2,02:58,COL,21,Colorado Avalanche,517
16651061,0,01:21,07:26,,,177,Devon,2026020007,#6F263D,Toews,1,8478038,3,06:05,COL,21,Colorado Avalanche,517
16651062,0,00:50,08:43,,,213,Devon,2026020007,#6F263D,Toews,1,8478038,4,07:53,COL,21,Colorado Avalanche,517
16651152,0,00:21,10:42,,,248,Devon,2026020007,#6F263D,Toews,1,8478038,5,10:21,COL,21,Colorado Avalanche,517
16651153,0,00:50,14:04,,,332,Devon,2026020007,#6F263D,Toews,1,8478038,6,13:14,COL,21,Colorado Avalanche,517
16651154,0,00:41,15:55,,,412,Devon,2026020007,#6F263D,Toews,1,8478038,7,15:14,COL,21,Colorado Avalanche,517
16651155,0,00:31,18:26,,,443,Devon,2026020007,#6F263D,Toews,1,8478038,8,17:55,COL,21,Colorado Avalanche,517
16651261,0,00:55,02:23,,,499,Devon,2026020007,#6F263D,Toews,2,8478038,9,01:28,COL,21,Colorado Avalanche,517
16651329,0,01:02,06:03,,,542,Devon,2026020007,#6F263D,Toews,2,8478038,10,05:01,COL,21,Colorado Avalanche,517
16651330,0,00:37,08:30,,,582,Devon,2026020007,#6F263D,Toews,2,8478038,11,07:53,COL,21,Colorado Avalanche,517
16651404,0,01:21,12:19,,,671,Devon,2026020007,#6F263D,Toews,2,8478038,12,10:58,COL,21,Colorado Avalanche,517
16651405,0,01:19,14:22,,,701,Devon,2026020007,#6F263D,Toews,2,8478038,13,13:03,COL,21,Colorado Avalanche,517
16651406,0,00:26,17:15,,,757,Devon,2026020007,#6F263D,Toews,2,8478038,14,16:49,COL,21,Colorado Avalanche,517
16651462,0,00:44,18:34,,,779,Devon,2026020007,#6F263D,Toews,2,8478038,15,17:50,COL,21,Colorado Avalanche,517
16651463,0,00:28,20:00,,,796,Devon,2026020007,#6F263D,Toews,2,8478038,16,19:32,COL,21,Colorado Avalanche,517
16651522,0,00:54,00:54,,,800,Devon,2026020007,#6F263D,Toews,3,8478038,17,00:00,COL,21,Colorado Avalanche,517
16651523,0,00:37,03:47,,,834,Devon,2026020007,#6F263D,Toews,3,8478038,18,03:10,COL,21,Colorado Avalanche,517
16651524,0,00:39,05:09,,,849,Devon,2026020007,#6F263D,Toews,3,8478038,19,04:30,COL,21,Colorado Avalanche,517
16651612,0,00:56,07:17,,,871,Devon,2026020007,#6F263D,Toews,3,8478038,20,06:21,COL,21,Colorado Avalanche,517
16651613,0,00:43,09:55,,,917,Devon,2026020007,#6F263D,Toews,3,8478038,21,09:12,COL,21,Colorado Avalanche,517
16651614,0,01:32,13:57,,,955,Devon,2026020007,#6F263D,Toews,3,8478038,22,12:25,COL,21,Colorado Avalanche,517
16651702,0,00:51,15:06,,,984,Devon,2026020007,#6F263D,Toews,3,8478038,23,14:15,COL,21,Colorado Avalanche,517
16651703,0,01:02,17:51,,,1020,Devon,2026020007,#6F263D,Toews,3,8478038,24,16:49,COL,21,Colorado Avalanche,517
16650953,0,20:00,20:00,,,6,Mackenzie,2026020007,#6F263D,Blackwood,1,8478406,1,00:00,COL,21,Colorado Avalanche,517
16651262,0,20:00,20:00,,,482,Mackenzie,2026020007,#6F263D,Blackwood,2,8478406,2,00:00,COL,21,Colorado Avalanche,517
16651525,0,20:00,20:00,,,800,Mackenzie,2026020007,#6F263D,Blackwood,3,8478406,3,00:00,COL,21,Colorado Avalanche,517
16650954,0,00:36,02:23,,,72,Noah,2026020007,#6F263D,Juulsen,1,8478454,1,01:47,COL,21,Colorado Avalanche,517
16651063,0,00:04,04:48,,,163,Noah,2026020007,#6F263D,Juulsen,1,8478454,2,04:44,COL,21,Colorado Avalanche,517
16651064,0,00:27,07:53,,,200,Noah,2026020007,#6F263D,Juulsen,1,8478454,3,07:26,COL,21,Colorado Avalanche,517
16651065,0,00:41,10:21,,,236,Noah,2026020007,#6F263D,Juulsen,1,8478454,4,09:40,COL,21,Colorado Avalanche,517
16651156,0,00:40,13:13,,,321,Noah,2026020007,#6F263D,Juulsen,1,8478454,5,12:33,COL,21,Colorado Avalanche,517
16651157,0,00:29,15:43,,,412,Noah,2026020007,#6F263D,Juulsen,1,8478454,6,15:14,COL,21,Colorado Avalanche,517
16651158,0,00:02,17:58,,,447,Noah,2026020007,#6F263D,Juulsen,1,8478454,7,17:56,COL,21,Colorado Avalanche,517
16651223,0,00:27,19:04,,,458,Noah,2026020007,#6F263D,Juulsen,1,8478454,8,18:37,COL,21,Colorado Avalanche,517
16651331,0,00:34,05:25,,,540,Noah,2026020007,#6F263D,Juulsen,2,8478454,9,04:51,COL,21,Colorado Avalanche,517
16651332,0,00:32,06:35,,,555,Noah,2026020007,#6F263D,Juulsen,2,8478454,10,06:03,COL,21,Colorado Avalanche,517
16651333,0,00:31,08:24,,,582,Noah,2026020007,#6F263D,Juulsen,2,8478454,11,07:53,COL,21,Colorado Avalanche,517
16651407,0,01:07,15:29,,,718,Noah,2026020007,#6F263D,Juulsen,2,8478454,12,14:22,COL,21,Colorado Avalanche,517
16651464,0,00:28,20:00,,,796,Noah,2026020007,#6F263D,Juulsen,2,8478454,13,19:32,COL,21,Colorado Avalanche,517
16651526,0,00:41,04:30,,,842,Noah,2026020007,#6F263D,Juulsen,3,8478454,14,03:49,COL,21,Colorado Avalanche,517
16651527,0,00:03,06:33,,,878,Noah,2026020007,#6F263D,Juulsen,3,8478454,15,06:30,COL,21,Colorado Avalanche,517
16651615,0,00:36,07:53,,,892,Noah,2026020007,#6F263D,Juulsen,3,8478454,16,07:17,COL,21,Colorado Avalanche,517
16651616,0,00:39,10:48,,,928,Noah,2026020007,#6F263D,Juulsen,3,8478454,17,10:09,COL,21,Colorado Avalanche,517
16651617,0,00:34,12:25,,,952,Noah,2026020007,#6F263D,Juulsen,3,8478454,18,11:51,COL,21,Colorado Avalanche,517
16651704,0,00:51,15:57,,,991,Noah,2026020007,#6F263D,Juulsen,3,8478454,19,15:06,COL,21,Colorado Avalanche,517
16651705,0,00:33,18:23,,,1033,Noah,2026020007,#6F263D,Juulsen,3,8478454,20,17:50,COL,21,Colorado Avalanche,517
16651706,0,00:40,20:00,,,1054,Noah,2026020007,#6F263D,Juulsen,3,8478454,21,19:20,COL,21,Colorado Avalanche,517
16650955,0,00:37,03:00,,,81,Nicolas,2026020007,#6F263D,Roy,1,8478462,1,02:23,COL,21,Colorado Avalanche,517
16651066,0,00:40,07:13,,,187,Nicolas,2026020007,#6F263D,Roy,1,8478462,2,06:33,COL,21,Colorado Avalanche,517
16651159,0,00:07,10:21,,,242,Nicolas,2026020007,#6F263D,Roy,1,8478462,3,10:14,COL,21,Colorado Avalanche,517
16651160,0,00:52,12:36,,,308,Nicolas,2026020007,#6F263D,Roy,1,8478462,4,11:44,COL,21,Colorado Avalanche,517
16651161,0,00:29,15:43,,,412,Nicolas,2026020007,#6F263D,Roy,1,8478462,5,15:14,COL,21,Colorado Avalanche,517
16651162,0,00:32,16:51,,,427,Nicolas,2026020007,#6F263D,Roy,1,8478462,6,16:19,COL,21,Colorado Avalanche,517
16651224,0,00:08,19:12,,,463,Nicolas,2026020007,#6F263D,Roy,1,8478462,7,19:04,COL,21,Colorado Avalanche,517
16651743,810,,16:01,EVG,"Jaden Schwartz, Parker Kelly",603,Nicolas,2026020007,#6F263D,Roy,2,8478462,0,16:01,COL,21,Colorado Avalanche,505
16651263,0,00:45,02:56,,,508,Nicolas,2026020007,#6F263D,Roy,2,8478462,8,02:11,COL,21,Colorado Avalanche,517
16651334,0,01:05,09:38,,,591,Nicolas,2026020007,#6F263D,Roy,2,8478462,9,08:33,COL,21,Colorado Avalanche,517
16651408,0,00:37,13:41,,,703,Nicolas,2026020007,#6F263D,Roy,2,8478462,10,13:04,COL,21,Colorado Avalanche,517
16651409,0,00:30,16:01,,,736,Nicolas,2026020007,#6F263D,Roy,2,8478462,11,15:31,COL,21,Colorado Avalanche,517
16651465,0,00:58,19:32,,,786,Nicolas,2026020007,#6F263D,Roy,2,8478462,12,18:34,COL,21,Colorado Avalanche,517
16651528,0,01:04,03:10,,,821,Nicolas,2026020007,#6F263D,Roy,3,8478462,13,02:06,COL,21,Colorado Avalanche,517
16651529,0,00:35,05:44,,,858,Nicolas,2026020007,#6F263D,Roy,3,8478462,14,05:09,COL,21,Colorado Avalanche,517
16651618,0,00:50,08:59,,,896,Nicolas,2026020007,#6F263D,Roy,3,8478462,15,08:09,COL,21,Colorado Avalanche,517
16651619,0,00:46,11:19,,,931,Nicolas,2026020007,#6F263D,Roy,3,8478462,16,10:33,COL,21,Colorado Avalanche,517
16651620,0,00:12,14:15,,,977,Nicolas,2026020007,#6F263D,Roy,3,8478462,17,14:03,COL,21,Colorado Avalanche,517
16651707,0,00:47,16:45,,,1004,Nicolas,2026020007,#6F263D,Roy,3,8478462,18,15:58,COL,21,Colorado Avalanche,517
16651708,0,00:38,19:28,,,1047,Nicolas,2026020007,#6F263D,Roy,3,8478462,19,18:50,COL,21,Colorado Avalanche,517
16650956,0,00:38,00:38,,,7,Artemi,2026020007,#111111,Panarin,1,8478550,1,00:00,LAK,26,Los Angeles Kings,517
16651067,0,00:33,03:49,,,95,Artemi,2026020007,#111111,Panarin,1,8478550,2,03:16,LAK,26,Los Angeles Kings,517
16651068,0,00:54,07:27,,,185,Artemi,2026020007,#111111,Panarin,1,8478550,3,06:33,LAK,26,Los Angeles Kings,517
16651069,0,00:51,08:44,,,214,Artemi,2026020007,#111111,Panarin,1,8478550,4,07:53,LAK,26,Los Angeles Kings,517
16651163,0,01:32,11:45,,,243,Artemi,2026020007,#111111,Panarin,1,8478550,5,10:13,LAK,26,Los Angeles Kings,517
16651164,0,00:53,14:06,,,333,Artemi,2026020007,#111111,Panarin,1,8478550,6,13:13,LAK,26,Los Angeles Kings,517
16651165,0,02:03,17:58,,,425,Artemi,2026020007,#111111,Panarin,1,8478550,7,15:55,LAK,26,Los Angeles Kings,517
16651225,0,00:28,19:12,,,460,Artemi,2026020007,#111111,Panarin,1,8478550,8,18:44,LAK,26,Los Angeles Kings,517
16651264,0,00:54,02:55,,,506,Artemi,2026020007,#111111,Panarin,2,8478550,9,02:01,LAK,26,Los Angeles Kings,517
16651335,0,00:49,06:14,,,548,Artemi,2026020007,#111111,Panarin,2,8478550,10,05:25,LAK,26,Los Angeles Kings,517
16651336,0,00:40,08:33,,,581,Artemi,2026020007,#111111,Panarin,2,8478550,11,07:53,LAK,26,Los Angeles Kings,517
16651337,0,00:42,10:54,,,661,Artemi,2026020007,#111111,Panarin,2,8478550,12,10:12,LAK,26,Los Angeles Kings,517
16651410,0,01:34,13:41,,,690,Artemi,2026020007,#111111,Panarin,2,8478550,13,12:07,LAK,26,Los Angeles Kings,517
16651411,0,00:47,15:49,,,729,Artemi,2026020007,#111111,Panarin,2,8478550,14,15:02,LAK,26,Los Angeles Kings,517
16651466,0,00:58,19:32,,,785,Artemi,2026020007,#111111,Panarin,2,8478550,15,18:34,LAK,26,Los Angeles Kings,517
16651744,803,,11:51,EVG,"Drew Doughty, Alex Laferriere",949,Artemi,2026020007,#111111,Panarin,3,8478550,0,11:51,LAK,26,Los Angeles Kings,505
16651530,0,01:06,01:06,,,801,Artemi,2026020007,#111111,Panarin,3,8478550,16,00:00,LAK,26,Los Angeles Kings,517
16651531,0,01:16,05:46,,,853,Artemi,2026020007,#111111,Panarin,3,8478550,17,04:30,LAK,26,Los Angeles Kings,517
16651621,0,00:12,09:12,,,909,Artemi,2026020007,#111111,Panarin,3,8478550,18,09:00,LAK,26,Los Angeles Kings,517
16651622,0,00:40,10:35,,,923,Artemi,2026020007,#111111,Panarin,3,8478550,19,09:55,LAK,26,Los Angeles Kings,517
16651623,0,00:06,11:51,,,948,Artemi,2026020007,#111111,Panarin,3,8478550,20,11:45,LAK,26,Los Angeles Kings,517
16651624,0,01:36,14:03,,,957,Artemi,2026020007,#111111,Panarin,3,8478550,21,12:27,LAK,26,Los Angeles Kings,517
16651709,0,01:04,17:42,,,1013,Artemi,2026020007,#111111,Panarin,3,8478550,22,16:38,LAK,26,Los Angeles Kings,517
16650957,0,00:37,01:15,,,61,Trevor,2026020007,#111111,Moore,1,8479675,1,00:38,LAK,26,Los Angeles Kings,517
16650958,0,00:16,03:16,,,90,Trevor,2026020007,#111111,Moore,1,8479675,2,03:00,LAK,26,Los Angeles Kings,517
16651070,0,00:34,05:22,,,167,Trevor,2026020007,#111111,Moore,1,8479675,3,04:48,LAK,26,Los Angeles Kings,517
16651071,0,00:42,10:19,,,234,Trevor,2026020007,#111111,Moore,1,8479675,4,09:37,LAK,26,Los Angeles Kings,517
16651166,0,00:34,13:12,,,325,Trevor,2026020007,#111111,Moore,1,8479675,5,12:38,LAK,26,Los Angeles Kings,517
16651167,0,00:29,15:43,,,413,Trevor,2026020007,#111111,Moore,1,8479675,6,15:14,LAK,26,Los Angeles Kings,517
16651226,0,00:39,18:37,,,448,Trevor,2026020007,#111111,Moore,1,8479675,7,17:58,LAK,26,Los Angeles Kings,517
16651745,803,,17:50,SHG,Mikey Anderson,775,Trevor,2026020007,#111111,Moore,2,8479675,0,17:50,LAK,26,Los Angeles Kings,505
16651265,0,00:42,01:05,,,488,Trevor,2026020007,#111111,Moore,2,8479675,8,00:23,LAK,26,Los Angeles Kings,517
16651338,0,00:35,04:16,,,526,Trevor,2026020007,#111111,Moore,2,8479675,9,03:41,LAK,26,Los Angeles Kings,517
16651339,0,01:11,07:25,,,558,Trevor,2026020007,#111111,Moore,2,8479675,10,06:14,LAK,26,Los Angeles Kings,517
16651340,0,00:39,09:12,,,590,Trevor,2026020007,#111111,Moore,2,8479675,11,08:33,LAK,26,Los Angeles Kings,517
16651412,0,00:21,11:15,,,670,Trevor,2026020007,#111111,Moore,2,8479675,12,10:54,LAK,26,Los Angeles Kings,517
16651413,0,00:09,12:19,,,692,Trevor,2026020007,#111111,Moore,2,8479675,13,12:10,LAK,26,Los Angeles Kings,517
16651414,0,00:43,15:03,,,717,Trevor,2026020007,#111111,Moore,2,8479675,14,14:20,LAK,26,Los Angeles Kings,517
16651415,0,00:12,16:01,,,743,Trevor,2026020007,#111111,Moore,2,8479675,15,15:49,LAK,26,Los Angeles Kings,517
16651467,0,01:07,17:50,,,754,Trevor,2026020007,#111111,Moore,2,8479675,16,16:43,LAK,26,Los Angeles Kings,517
16651532,0,01:04,03:10,,,824,Trevor,2026020007,#111111,Moore,3,8479675,17,02:06,LAK,26,Los Angeles Kings,517
16651625,0,00:52,07:17,,,874,Trevor,2026020007,#111111,Moore,3,8479675,18,06:25,LAK,26,Los Angeles Kings,517
16651626,0,00:43,09:55,,,915,Trevor,2026020007,#111111,Moore,3,8479675,19,09:12,LAK,26,Los Angeles Kings,517
16651627,0,00:35,12:26,,,953,Trevor,2026020007,#111111,Moore,3,8479675,20,11:51,LAK,26,Los Angeles Kings,517
16651710,0,00:51,15:06,,,980,Trevor,2026020007,#111111,Moore,3,8479675,21,14:15,LAK,26,Los Angeles Kings,517
16651711,0,00:41,16:38,,,1002,Trevor,2026020007,#111111,Moore,3,8479675,22,15:57,LAK,26,Los Angeles Kings,517
16651712,0,00:40,20:00,,,1053,Trevor,2026020007,#111111,Moore,3,8479675,23,19:20,LAK,26,Los Angeles Kings,517
16650959,0,00:37,01:15,,,61,Mikey,2026020007,#111111,Anderson,1,8479998,1,00:38,LAK,26,Los Angeles Kings,517
16651072,0,00:49,03:49,,,90,Mikey,2026020007,#111111,Anderson,1,8479998,2,03:00,LAK,26,Los Angeles Kings,517
16651073,0,00:40,06:03,,,176,Mikey,2026020007,#111111,Anderson,1,8479998,3,05:23,LAK,26,Los Angeles Kings,517
16651074,0,00:55,09:34,,,220,Mikey,2026020007,#111111,Anderson,1,8479998,4,08:39,LAK,26,Los Angeles Kings,517
16651168,0,01:28,14:11,,,326,Mikey,2026020007,#111111,Anderson,1,8479998,5,12:43,LAK,26,Los Angeles Kings,517
16651169,0,00:12,15:55,,,417,Mikey,2026020007,#111111,Anderson,1,8479998,6,15:43,LAK,26,Los Angeles Kings,517
16651227,0,00:39,18:37,,,448,Mikey,2026020007,#111111,Anderson,1,8479998,7,17:58,LAK,26,Los Angeles Kings,517
16651228,0,00:08,20:00,,,476,Mikey,2026020007,#111111,Anderson,1,8479998,8,19:52,LAK,26,Los Angeles Kings,517
16651266,0,00:23,00:23,,,483,Mikey,2026020007,#111111,Anderson,2,8479998,9,00:00,LAK,26,Los Angeles Kings,517
16651267,0,00:59,02:02,,,493,Mikey,2026020007,#111111,Anderson,2,8479998,10,01:03,LAK,26,Los Angeles Kings,517
16651268,0,01:09,04:11,,,520,Mikey,2026020007,#111111,Anderson,2,8479998,11,03:02,LAK,26,Los Angeles Kings,517
16651341,0,00:47,06:44,,,553,Mikey,2026020007,#111111,Anderson,2,8479998,12,05:57,LAK,26,Los Angeles Kings,517
16651342,0,01:04,09:37,,,590,Mikey,2026020007,#111111,Anderson,2,8479998,13,08:33,LAK,26,Los Angeles Kings,517
16651416,0,00:03,11:15,,,674,Mikey,2026020007,#111111,Anderson,2,8479998,14,11:12,LAK,26,Los Angeles Kings,517
16651417,0,00:47,15:02,,,714,Mikey,2026020007,#111111,Anderson,2,8479998,15,14:15,LAK,26,Los Angeles Kings,517
16651418,0,00:56,16:57,,,748,Mikey,2026020007,#111111,Anderson,2,8479998,16,16:01,LAK,26,Los Angeles Kings,517
16651468,0,00:33,17:48,,,771,Mikey,2026020007,#111111,Anderson,2,8479998,17,17:15,LAK,26,Los Angeles Kings,517
16651469,0,00:51,20:00,,,788,Mikey,2026020007,#111111,Anderson,2,8479998,18,19:09,LAK,26,Los Angeles Kings,517
16651533,0,00:59,02:04,,,811,Mikey,2026020007,#111111,Anderson,3,8479998,19,01:05,LAK,26,Los Angeles Kings,517
16651534,0,00:34,04:23,,,841,Mikey,2026020007,#111111,Anderson,3,8479998,20,03:49,LAK,26,Los Angeles Kings,517
16651628,0,00:55,07:17,,,872,Mikey,2026020007,#111111,Anderson,3,8479998,21,06:22,LAK,26,Los Angeles Kings,517
16651629,0,00:43,09:55,,,915,Mikey,2026020007,#111111,Anderson,3,8479998,22,09:12,LAK,26,Los Angeles Kings,517
16651630,0,00:40,12:31,,,953,Mikey,2026020007,#111111,Anderson,3,8479998,23,11:51,LAK,26,Los Angeles Kings,517
16651713,0,01:03,15:06,,,976,Mikey,2026020007,#111111,Anderson,3,8479998,24,14:03,LAK,26,Los Angeles Kings,517
16651714,0,00:37,17:17,,,1015,Mikey,2026020007,#111111,Anderson,3,8479998,25,16:40,LAK,26,Los Angeles Kings,517
16651715,0,00:50,18:59,,,1039,Mikey,2026020007,#111111,Anderson,3,8479998,26,18:09,LAK,26,Los Angeles Kings,517
16650960,0,00:38,00:38,,,6,Martin,2026020007,#6F263D,Necas,1,8480039,1,00:00,COL,21,Colorado Avalanche,517
16651075,0,00:49,03:49,,,91,Martin,2026020007,#6F263D,Necas,1,8480039,2,03:00,COL,21,Colorado Avalanche,517
16651076,0,01:20,06:08,,,168,Martin,2026020007,#6F263D,Necas,1,8480039,3,04:48,COL,21,Colorado Avalanche,517
16651077,0,01:31,08:44,,,196,Martin,2026020007,#6F263D,Necas,1,8480039,4,07:13,COL,21,Colorado Avalanche,517
16651170,0,00:49,13:25,,,324,Martin,2026020007,#6F263D,Necas,1,8480039,5,12:36,COL,21,Colorado Avalanche,517
16651171,0,00:12,15:55,,,416,Martin,2026020007,#6F263D,Necas,1,8480039,6,15:43,COL,21,Colorado Avalanche,517
16651229,0,00:39,18:37,,,449,Martin,2026020007,#6F263D,Necas,1,8480039,7,17:58,COL,21,Colorado Avalanche,517
16651230,0,00:48,20:00,,,470,Martin,2026020007,#6F263D,Necas,1,8480039,8,19:12,COL,21,Colorado Avalanche,517
16651269,0,01:28,01:28,,,482,Martin,2026020007,#6F263D,Necas,2,8480039,9,00:00,COL,21,Colorado Avalanche,517
16651270,0,01:20,04:16,,,517,Martin,2026020007,#6F263D,Necas,2,8480039,10,02:56,COL,21,Colorado Avalanche,517
16651343,0,00:58,07:13,,,557,Martin,2026020007,#6F263D,Necas,2,8480039,11,06:15,COL,21,Colorado Avalanche,517
16651344,0,00:40,08:33,,,582,Martin,2026020007,#6F263D,Necas,2,8480039,12,07:53,COL,21,Colorado Avalanche,517
16651345,0,00:41,11:15,,,665,Martin,2026020007,#6F263D,Necas,2,8480039,13,10:34,COL,21,Colorado Avalanche,517
16651419,0,00:49,15:49,,,725,Martin,2026020007,#6F263D,Necas,2,8480039,14,15:00,COL,21,Colorado Avalanche,517
16651470,0,01:03,17:50,,,755,Martin,2026020007,#6F263D,Necas,2,8480039,15,16:47,COL,21,Colorado Avalanche,517
16651471,0,00:28,20:00,,,796,Martin,2026020007,#6F263D,Necas,2,8480039,16,19:32,COL,21,Colorado Avalanche,517
16651535,0,01:04,01:04,,,800,Martin,2026020007,#6F263D,Necas,3,8480039,17,00:00,COL,21,Colorado Avalanche,517
16651536,0,00:42,03:49,,,833,Martin,2026020007,#6F263D,Necas,3,8480039,18,03:07,COL,21,Colorado Avalanche,517
16651631,0,00:44,07:17,,,881,Martin,2026020007,#6F263D,Necas,3,8480039,19,06:33,COL,21,Colorado Avalanche,517
16651632,0,01:12,10:11,,,910,Martin,2026020007,#6F263D,Necas,3,8480039,20,08:59,COL,21,Colorado Avalanche,517
16651633,0,00:52,13:20,,,960,Martin,2026020007,#6F263D,Necas,3,8480039,21,12:28,COL,21,Colorado Avalanche,517
16651716,0,00:24,17:09,,,1018,Martin,2026020007,#6F263D,Necas,3,8480039,22,16:45,COL,21,Colorado Avalanche,517
16650961,0,00:33,00:33,,,6,Cale,2026020007,#6F263D,Makar,1,8480069,1,00:00,COL,21,Colorado Avalanche,517
16651078,0,00:51,03:49,,,86,Cale,2026020007,#6F263D,Makar,1,8480069,2,02:58,COL,21,Colorado Avalanche,517
16651079,0,01:17,06:05,,,168,Cale,2026020007,#6F263D,Makar,1,8480069,3,04:48,COL,21,Colorado Avalanche,517
16651080,0,00:56,08:49,,,213,Cale,2026020007,#6F263D,Makar,1,8480069,4,07:53,COL,21,Colorado Avalanche,517
16651172,0,01:24,11:45,,,248,Cale,2026020007,#6F263D,Makar,1,8480069,5,10:21,COL,21,Colorado Avalanche,517
16651173,0,00:42,14:12,,,336,Cale,2026020007,#6F263D,Makar,1,8480069,6,13:30,COL,21,Colorado Avalanche,517
16651174,0,00:12,15:55,,,416,Cale,2026020007,#6F263D,Makar,1,8480069,7,15:43,COL,21,Colorado Avalanche,517
16651175,0,00:38,17:10,,,430,Cale,2026020007,#6F263D,Makar,1,8480069,8,16:32,COL,21,Colorado Avalanche,517
16651231,0,00:48,20:00,,,471,Cale,2026020007,#6F263D,Makar,1,8480069,9,19:12,COL,21,Colorado Avalanche,517
16651271,0,01:28,01:28,,,482,Cale,2026020007,#6F263D,Makar,2,8480069,10,00:00,COL,21,Colorado Avalanche,517
16651346,0,00:50,06:15,,,549,Cale,2026020007,#6F263D,Makar,2,8480069,11,05:25,COL,21,Colorado Avalanche,517
16651347,0,00:19,07:25,,,567,Cale,2026020007,#6F263D,Makar,2,8480069,12,07:06,COL,21,Colorado Avalanche,517
16651420,0,01:24,11:58,,,665,Cale,2026020007,#6F263D,Makar,2,8480069,13,10:34,COL,21,Colorado Avalanche,517
16651472,0,01:02,17:50,,,756,Cale,2026020007,#6F263D,Makar,2,8480069,14,16:48,COL,21,Colorado Avalanche,517
16651537,0,00:56,00:56,,,800,Cale,2026020007,#6F263D,Makar,3,8480069,15,00:00,COL,21,Colorado Avalanche,517
16651538,0,00:28,03:49,,,837,Cale,2026020007,#6F263D,Makar,3,8480069,16,03:21,COL,21,Colorado Avalanche,517
16651634,0,00:24,07:17,,,886,Cale,2026020007,#6F263D,Makar,3,8480069,17,06:53,COL,21,Colorado Avalanche,517
16651635,0,01:30,10:09,,,903,Cale,2026020007,#6F263D,Makar,3,8480069,18,08:39,COL,21,Colorado Avalanche,517
16651636,0,01:36,14:03,,,959,Cale,2026020007,#6F263D,Makar,3,8480069,19,12:27,COL,21,Colorado Avalanche,517
16651717,0,00:56,17:50,,,1021,Cale,2026020007,#6F263D,Makar,3,8480069,20,16:54,COL,21,Colorado Avalanche,517
16651746,802,,17:58,EVG,Josh Manson,444,Parker,2026020007,#6F263D,Kelly,1,8480448,0,17:58,COL,21,Colorado Avalanche,505
16650962,0,00:37,03:00,,,81,Parker,2026020007,#6F263D,Kelly,1,8480448,1,02:23,COL,21,Colorado Avalanche,517
16651081,0,00:41,07:14,,,187,Parker,2026020007,#6F263D,Kelly,1,8480448,2,06:33,COL,21,Colorado Avalanche,517
16651176,0,00:41,11:44,,,304,Parker,2026020007,#6F263D,Kelly,1,8480448,3,11:03,COL,21,Colorado Avalanche,517
16651177,0,00:29,15:43,,,412,Parker,2026020007,#6F263D,Kelly,1,8480448,4,15:14,COL,21,Colorado Avalanche,517
16651178,0,00:25,16:50,,,429,Parker,2026020007,#6F263D,Kelly,1,8480448,5,16:25,COL,21,Colorado Avalanche,517
16651179,0,00:28,17:58,,,439,Parker,2026020007,#6F263D,Kelly,1,8480448,6,17:30,COL,21,Colorado Avalanche,517
16651272,0,00:58,03:24,,,512,Parker,2026020007,#6F263D,Kelly,2,8480448,7,02:26,COL,21,Colorado Avalanche,517
16651348,0,00:54,06:15,,,547,Parker,2026020007,#6F263D,Kelly,2,8480448,8,05:21,COL,21,Colorado Avalanche,517
16651349,0,00:47,09:20,,,591,Parker,2026020007,#6F263D,Kelly,2,8480448,9,08:33,COL,21,Colorado Avalanche,517
16651421,0,00:45,12:00,,,679,Parker,2026020007,#6F263D,Kelly,2,8480448,10,11:15,COL,21,Colorado Avalanche,517
16651422,0,00:38,13:41,,,701,Parker,2026020007,#6F263D,Kelly,2,8480448,11,13:03,COL,21,Colorado Avalanche,517
16651423,0,00:23,14:32,,,712,Parker,2026020007,#6F263D,Kelly,2,8480448,12,14:09,COL,21,Colorado Avalanche,517
16651424,0,00:12,16:01,,,742,Parker,2026020007,#6F263D,Kelly,2,8480448,13,15:49,COL,21,Colorado Avalanche,517
16651473,0,00:51,19:25,,,786,Parker,2026020007,#6F263D,Kelly,2,8480448,14,18:34,COL,21,Colorado Avalanche,517
16651539,0,00:05,04:30,,,845,Parker,2026020007,#6F263D,Kelly,3,8480448,15,04:25,COL,21,Colorado Avalanche,517
16651540,0,00:31,05:09,,,855,Parker,2026020007,#6F263D,Kelly,3,8480448,16,04:38,COL,21,Colorado Avalanche,517
16651541,0,00:38,06:23,,,865,Parker,2026020007,#6F263D,Kelly,3,8480448,17,05:45,COL,21,Colorado Avalanche,517
16651637,0,00:45,08:57,,,901,Parker,2026020007,#6F263D,Kelly,3,8480448,18,08:12,COL,21,Colorado Avalanche,517
16651638,0,00:12,14:15,,,977,Parker,2026020007,#6F263D,Kelly,3,8480448,19,14:03,COL,21,Colorado Avalanche,517
16651718,0,00:28,15:34,,,991,Parker,2026020007,#6F263D,Kelly,3,8480448,20,15:06,COL,21,Colorado Avalanche,517
16651719,0,00:52,18:01,,,1023,Parker,2026020007,#6F263D,Kelly,3,8480448,21,17:09,COL,21,Colorado Avalanche,517
16651720,0,00:33,20:00,,,1056,Parker,2026020007,#6F263D,Kelly,3,8480448,22,19:27,COL,21,Colorado Avalanche,517
16650963,0,00:53,02:08,,,67,Alex,2026020007,#111111,Turcotte,1,8481532,1,01:15,LAK,26,Los Angeles Kings,517
16651082,0,00:48,04:37,,,151,Alex,2026020007,#111111,Turcotte,1,8481532,2,03:49,LAK,26,Los Angeles Kings,517
16651083,0,00:29,06:33,,,180,Alex,2026020007,#111111,Turcotte,1,8481532,3,06:04,LAK,26,Los Angeles Kings,517
16651084,0,00:38,07:53,,,195,Alex,2026020007,#111111,Turcotte,1,8481532,4,07:15,LAK,26,Los Angeles Kings,517
16651085,0,00:45,09:24,,,220,Alex,2026020007,#111111,Turcotte,1,8481532,5,08:39,LAK,26,Los Angeles Kings,517
16651180,0,00:53,12:38,,,310,Alex,2026020007,#111111,Turcotte,1,8481532,6,11:45,LAK,26,Los Angeles Kings,517
16651181,0,01:04,15:14,,,344,Alex,2026020007,#111111,Turcotte,1,8481532,7,14:10,LAK,26,Los Angeles Kings,517
16651182,0,01:04,17:58,,,435,Alex,2026020007,#111111,Turcotte,1,8481532,8,16:54,LAK,26,Los Angeles Kings,517
16651273,0,00:47,03:27,,,516,Alex,2026020007,#111111,Turcotte,2,8481532,9,02:40,LAK,26,Los Angeles Kings,517
16651350,0,00:28,07:53,,,574,Alex,2026020007,#111111,Turcotte,2,8481532,10,07:25,LAK,26,Los Angeles Kings,517
16651425,0,00:49,12:04,,,677,Alex,2026020007,#111111,Turcotte,2,8481532,11,11:15,LAK,26,Los Angeles Kings,517
16651426,0,00:39,14:20,,,710,Alex,2026020007,#111111,Turcotte,2,8481532,12,13:41,LAK,26,Los Angeles Kings,517
16651427,0,00:39,16:40,,,748,Alex,2026020007,#111111,Turcotte,2,8481532,13,16:01,LAK,26,Los Angeles Kings,517
16651474,0,00:28,20:00,,,794,Alex,2026020007,#111111,Turcotte,2,8481532,14,19:32,LAK,26,Los Angeles Kings,517
16651542,0,01:12,02:04,,,805,Alex,2026020007,#111111,Turcotte,3,8481532,15,00:52,LAK,26,Los Angeles Kings,517
16651543,0,00:41,04:30,,,841,Alex,2026020007,#111111,Turcotte,3,8481532,16,03:49,LAK,26,Los Angeles Kings,517
16651544,0,00:35,06:22,,,864,Alex,2026020007,#111111,Turcotte,3,8481532,17,05:47,LAK,26,Los Angeles Kings,517
16651639,0,00:46,08:57,,,898,Alex,2026020007,#111111,Turcotte,3,8481532,18,08:11,LAK,26,Los Angeles Kings,517
16651640,0,00:45,11:51,,,940,Alex,2026020007,#111111,Turcotte,3,8481532,19,11:06,LAK,26,Los Angeles Kings,517
16651641,0,00:12,14:15,,,976,Alex,2026020007,#111111,Turcotte,3,8481532,20,14:03,LAK,26,Los Angeles Kings,517
16651721,0,01:00,18:34,,,1031,Alex,2026020007,#111111,Turcotte,3,8481532,21,17:34,LAK,26,Los Angeles Kings,517
16650964,0,00:49,02:59,,,77,Andre,2026020007,#111111,Lee,1,8481732,1,02:10,LAK,26,Los Angeles Kings,517
16651086,0,00:10,04:48,,,158,Andre,2026020007,#111111,Lee,1,8481732,2,04:38,LAK,26,Los Angeles Kings,517
16651183,0,00:07,15:55,,,418,Andre,2026020007,#111111,Lee,1,8481732,3,15:48,LAK,26,Los Angeles Kings,517
16651351,0,01:09,05:25,,,537,Andre,2026020007,#111111,Lee,2,8481732,4,04:16,LAK,26,Los Angeles Kings,517
16651352,0,01:00,10:12,,,598,Andre,2026020007,#111111,Lee,2,8481732,5,09:12,LAK,26,Los Angeles Kings,517
16651428,0,00:52,15:24,,,721,Andre,2026020007,#111111,Lee,2,8481732,6,14:32,LAK,26,Los Angeles Kings,517
16651545,0,00:39,03:49,,,836,Andre,2026020007,#111111,Lee,3,8481732,7,03:10,LAK,26,Los Angeles Kings,517
16651642,0,00:54,08:11,,,891,Andre,2026020007,#111111,Lee,3,8481732,8,07:17,LAK,26,Los Angeles Kings,517
16651643,0,00:43,11:18,,,933,Andre,2026020007,#111111,Lee,3,8481732,9,10:35,LAK,26,Los Angeles Kings,517
16651722,0,00:51,15:57,,,990,Andre,2026020007,#111111,Lee,3,8481732,10,15:06,LAK,26,Los Angeles Kings,517
16651723,0,00:42,19:20,,,1043,Andre,2026020007,#111111,Lee,3,8481732,11,18:38,LAK,26,Los Angeles Kings,517
16650965,0,00:38,00:38,,,7,Quinton,2026020007,#111111,Byfield,1,8482124,1,00:00,LAK,26,Los Angeles Kings,517
16651087,0,00:33,03:49,,,95,Quinton,2026020007,#111111,Byfield,1,8482124,2,03:16,LAK,26,Los Angeles Kings,517
16651088,0,00:42,07:15,,,185,Quinton,2026020007,#111111,Byfield,1,8482124,3,06:33,LAK,26,Los Angeles Kings,517
16651089,0,00:46,08:39,,,214,Quinton,2026020007,#111111,Byfield,1,8482124,4,07:53,LAK,26,Los Angeles Kings,517
16651184,0,01:29,11:50,,,247,Quinton,2026020007,#111111,Byfield,1,8482124,5,10:21,LAK,26,Los Angeles Kings,517
16651185,0,00:57,14:10,,,333,Quinton,2026020007,#111111,Byfield,1,8482124,6,13:13,LAK,26,Los Angeles Kings,517
16651186,0,00:57,16:52,,,425,Quinton,2026020007,#111111,Byfield,1,8482124,7,15:55,LAK,26,Los Angeles Kings,517
16651232,0,00:35,19:12,,,459,Quinton,2026020007,#111111,Byfield,1,8482124,8,18:37,LAK,26,Los Angeles Kings,517
16651274,0,00:50,02:40,,,504,Quinton,2026020007,#111111,Byfield,2,8482124,9,01:50,LAK,26,Los Angeles Kings,517
16651353,0,01:24,06:49,,,548,Quinton,2026020007,#111111,Byfield,2,8482124,10,05:25,LAK,26,Los Angeles Kings,517
16651354,0,00:40,08:33,,,581,Quinton,2026020007,#111111,Byfield,2,8482124,11,07:53,LAK,26,Los Angeles Kings,517
16651355,0,00:44,10:45,,,660,Quinton,2026020007,#111111,Byfield,2,8482124,12,10:01,LAK,26,Los Angeles Kings,517
16651429,0,01:21,13:25,,,689,Quinton,2026020007,#111111,Byfield,2,8482124,13,12:04,LAK,26,Los Angeles Kings,517
16651430,0,00:46,15:49,,,730,Quinton,2026020007,#111111,Byfield,2,8482124,14,15:03,LAK,26,Los Angeles Kings,517
16651475,0,00:58,19:32,,,785,Quinton,2026020007,#111111,Byfield,2,8482124,15,18:34,LAK,26,Los Angeles Kings,517
16651546,0,00:52,00:52,,,801,Quinton,2026020007,#111111,Byfield,3,8482124,16,00:00,LAK,26,Los Angeles Kings,517
16651547,0,01:19,05:49,,,853,Quinton,2026020007,#111111,Byfield,3,8482124,17,04:30,LAK,26,Los Angeles Kings,517
16651644,0,00:15,09:12,,,906,Quinton,2026020007,#111111,Byfield,3,8482124,18,08:57,LAK,26,Los Angeles Kings,517
16651645,0,00:41,10:36,,,923,Quinton,2026020007,#111111,Byfield,3,8482124,19,09:55,LAK,26,Los Angeles Kings,517
16651646,0,01:37,14:03,,,956,Quinton,2026020007,#111111,Byfield,3,8482124,20,12:26,LAK,26,Los Angeles Kings,517
16651724,0,00:55,17:34,,,1014,Quinton,2026020007,#111111,Byfield,3,8482124,21,16:39,LAK,26,Los Angeles Kings,517
16650966,0,00:55,02:10,,,67,Alex,2026020007,#111111,Laferriere,1,8482155,1,01:15,LAK,26,Los Angeles Kings,517
16651090,0,00:50,04:39,,,151,Alex,2026020007,#111111,Laferriere,1,8482155,2,03:49,LAK,26,Los Angeles Kings,517
16651091,0,00:30,06:33,,,178,Alex,2026020007,#111111,Laferriere,1,8482155,3,06:03,LAK,26,Los Angeles Kings,517
16651092,0,00:26,07:53,,,198,Alex,2026020007,#111111,Laferriere,1,8482155,4,07:27,LAK,26,Los Angeles Kings,517
16651093,0,00:53,09:37,,,224,Alex,2026020007,#111111,Laferriere,1,8482155,5,08:44,LAK,26,Los Angeles Kings,517
16651187,0,00:48,12:33,,,310,Alex,2026020007,#111111,Laferriere,1,8482155,6,11:45,LAK,26,Los Angeles Kings,517
16651188,0,01:08,15:14,,,342,Alex,2026020007,#111111,Laferriere,1,8482155,7,14:06,LAK,26,Los Angeles Kings,517
16651189,0,01:07,17:58,,,432,Alex,2026020007,#111111,Laferriere,1,8482155,8,16:51,LAK,26,Los Angeles Kings,517
16651275,0,00:46,03:41,,,518,Alex,2026020007,#111111,Laferriere,2,8482155,9,02:55,LAK,26,Los Angeles Kings,517
16651356,0,00:28,07:53,,,574,Alex,2026020007,#111111,Laferriere,2,8482155,10,07:25,LAK,26,Los Angeles Kings,517
16651431,0,00:55,12:10,,,677,Alex,2026020007,#111111,Laferriere,2,8482155,11,11:15,LAK,26,Los Angeles Kings,517
16651432,0,00:50,14:15,,,705,Alex,2026020007,#111111,Laferriere,2,8482155,12,13:25,LAK,26,Los Angeles Kings,517
16651433,0,00:42,16:43,,,748,Alex,2026020007,#111111,Laferriere,2,8482155,13,16:01,LAK,26,Los Angeles Kings,517
16651476,0,00:28,20:00,,,794,Alex,2026020007,#111111,Laferriere,2,8482155,14,19:32,LAK,26,Los Angeles Kings,517
16651548,0,01:00,02:06,,,812,Alex,2026020007,#111111,Laferriere,3,8482155,15,01:06,LAK,26,Los Angeles Kings,517
16651549,0,00:41,04:30,,,841,Alex,2026020007,#111111,Laferriere,3,8482155,16,03:49,LAK,26,Los Angeles Kings,517
16651550,0,00:36,06:25,,,866,Alex,2026020007,#111111,Laferriere,3,8482155,17,05:49,LAK,26,Los Angeles Kings,517
16651647,0,00:47,09:00,,,900,Alex,2026020007,#111111,Laferriere,3,8482155,18,08:13,LAK,26,Los Angeles Kings,517
16651648,0,00:33,11:51,,,943,Alex,2026020007,#111111,Laferriere,3,8482155,19,11:18,LAK,26,Los Angeles Kings,517
16651649,0,00:12,14:15,,,976,Alex,2026020007,#111111,Laferriere,3,8482155,20,14:03,LAK,26,Los Angeles Kings,517
16651725,0,00:56,18:38,,,1032,Alex,2026020007,#111111,Laferriere,3,8482155,21,17:42,LAK,26,Los Angeles Kings,517
16650967,0,00:52,03:00,,,76,Samuel,2026020007,#111111,Helenius,1,8482726,1,02:08,LAK,26,Los Angeles Kings,517
16651094,0,00:11,04:48,,,157,Samuel,2026020007,#111111,Helenius,1,8482726,2,04:37,LAK,26,Los Angeles Kings,517
16651190,0,00:12,15:55,,,417,Samuel,2026020007,#111111,Helenius,1,8482726,3,15:43,LAK,26,Los Angeles Kings,517
16651357,0,01:12,05:25,,,533,Samuel,2026020007,#111111,Helenius,2,8482726,4,04:13,LAK,26,Los Angeles Kings,517
16651358,0,00:40,10:01,,,600,Samuel,2026020007,#111111,Helenius,2,8482726,5,09:21,LAK,26,Los Angeles Kings,517
16651551,0,00:42,03:49,,,832,Samuel,2026020007,#111111,Helenius,3,8482726,6,03:07,LAK,26,Los Angeles Kings,517
16651650,0,00:56,08:13,,,891,Samuel,2026020007,#111111,Helenius,3,8482726,7,07:17,LAK,26,Los Angeles Kings,517
16651651,0,00:30,11:06,,,934,Samuel,2026020007,#111111,Helenius,3,8482726,8,10:36,LAK,26,Los Angeles Kings,517
16651726,0,01:01,16:07,,,990,Samuel,2026020007,#111111,Helenius,3,8482726,9,15:06,LAK,26,Los Angeles Kings,517
16651727,0,00:43,19:17,,,1042,Samuel,2026020007,#111111,Helenius,3,8482726,10,18:34,LAK,26,Los Angeles Kings,517
16650968,0,01:04,02:19,,,67,Brandt,2026020007,#111111,Clarke,1,8482730,1,01:15,LAK,26,Los Angeles Kings,517
16651095,0,00:26,04:48,,,154,Brandt,2026020007,#111111,Clarke,1,8482730,2,04:22,LAK,26,Los Angeles Kings,517
16651096,0,01:04,07:37,,,185,Brandt,2026020007,#111111,Clarke,1,8482730,3,06:33,LAK,26,Los Angeles Kings,517
16651191,0,02:24,11:53,,,230,Brandt,2026020007,#111111,Clarke,1,8482730,4,09:29,LAK,26,Los Angeles Kings,517
16651192,0,01:12,15:06,,,338,Brandt,2026020007,#111111,Clarke,1,8482730,5,13:54,LAK,26,Los Angeles Kings,517
16651193,0,01:06,17:01,,,425,Brandt,2026020007,#111111,Clarke,1,8482730,6,15:55,LAK,26,Los Angeles Kings,517
16651276,0,00:37,02:39,,,507,Brandt,2026020007,#111111,Clarke,2,8482730,7,02:02,LAK,26,Los Angeles Kings,517
16651359,0,01:16,05:25,,,530,Brandt,2026020007,#111111,Clarke,2,8482730,8,04:09,LAK,26,Los Angeles Kings,517
16651360,0,00:28,07:53,,,574,Brandt,2026020007,#111111,Clarke,2,8482730,9,07:25,LAK,26,Los Angeles Kings,517
16651361,0,01:04,10:12,,,597,Brandt,2026020007,#111111,Clarke,2,8482730,10,09:08,LAK,26,Los Angeles Kings,517
16651434,0,00:52,12:07,,,677,Brandt,2026020007,#111111,Clarke,2,8482730,11,11:15,LAK,26,Los Angeles Kings,517
16651435,0,01:12,14:15,,,702,Brandt,2026020007,#111111,Clarke,2,8482730,12,13:03,LAK,26,Los Angeles Kings,517
16651436,0,00:18,17:15,,,759,Brandt,2026020007,#111111,Clarke,2,8482730,13,16:57,LAK,26,Los Angeles Kings,517
16651477,0,00:53,19:27,,,785,Brandt,2026020007,#111111,Clarke,2,8482730,14,18:34,LAK,26,Los Angeles Kings,517
16651552,0,01:04,03:08,,,820,Brandt,2026020007,#111111,Clarke,3,8482730,15,02:04,LAK,26,Los Angeles Kings,517
16651553,0,01:08,05:31,,,844,Brandt,2026020007,#111111,Clarke,3,8482730,16,04:23,LAK,26,Los Angeles Kings,517
16651652,0,01:12,08:29,,,891,Brandt,2026020007,#111111,Clarke,3,8482730,17,07:17,LAK,26,Los Angeles Kings,517
16651653,0,00:48,10:42,,,922,Brandt,2026020007,#111111,Clarke,3,8482730,18,09:54,LAK,26,Los Angeles Kings,517
16651654,0,00:49,13:20,,,961,Brandt,2026020007,#111111,Clarke,3,8482730,19,12:31,LAK,26,Los Angeles Kings,517
16650969,0,01:08,02:23,,,68,Fedor,2026020007,#6F263D,Svechkov,1,8482768,1,01:15,COL,21,Colorado Avalanche,517
16651097,0,00:09,04:48,,,161,Fedor,2026020007,#6F263D,Svechkov,1,8482768,2,04:39,COL,21,Colorado Avalanche,517
16651098,0,00:52,07:25,,,187,Fedor,2026020007,#6F263D,Svechkov,1,8482768,3,06:33,COL,21,Colorado Avalanche,517
16651099,0,00:40,10:14,,,231,Fedor,2026020007,#6F263D,Svechkov,1,8482768,4,09:34,COL,21,Colorado Avalanche,517
16651194,0,00:47,12:32,,,309,Fedor,2026020007,#6F263D,Svechkov,1,8482768,5,11:45,COL,21,Colorado Avalanche,517
16651195,0,01:09,15:14,,,343,Fedor,2026020007,#6F263D,Svechkov,1,8482768,6,14:05,COL,21,Colorado Avalanche,517
16651196,0,00:27,17:58,,,440,Fedor,2026020007,#6F263D,Svechkov,1,8482768,7,17:31,COL,21,Colorado Avalanche,517
16651277,0,00:55,03:20,,,511,Fedor,2026020007,#6F263D,Svechkov,2,8482768,8,02:25,COL,21,Colorado Avalanche,517
16651362,0,01:06,06:06,,,541,Fedor,2026020007,#6F263D,Svechkov,2,8482768,9,05:00,COL,21,Colorado Avalanche,517
16651437,0,01:04,12:19,,,679,Fedor,2026020007,#6F263D,Svechkov,2,8482768,10,11:15,COL,21,Colorado Avalanche,517
16651438,0,00:50,15:02,,,713,Fedor,2026020007,#6F263D,Svechkov,2,8482768,11,14:12,COL,21,Colorado Avalanche,517
16651478,0,00:58,19:32,,,786,Fedor,2026020007,#6F263D,Svechkov,2,8482768,12,18:34,COL,21,Colorado Avalanche,517
16651554,0,00:52,02:06,,,815,Fedor,2026020007,#6F263D,Svechkov,3,8482768,13,01:14,COL,21,Colorado Avalanche,517
16651555,0,00:20,05:45,,,859,Fedor,2026020007,#6F263D,Svechkov,3,8482768,14,05:25,COL,21,Colorado Avalanche,517
16651655,0,00:51,09:01,,,897,Fedor,2026020007,#6F263D,Svechkov,3,8482768,15,08:10,COL,21,Colorado Avalanche,517
16651656,0,00:33,11:51,,,944,Fedor,2026020007,#6F263D,Svechkov,3,8482768,16,11:18,COL,21,Colorado Avalanche,517
16651657,0,00:18,14:15,,,973,Fedor,2026020007,#6F263D,Svechkov,3,8482768,17,13:57,COL,21,Colorado Avalanche,517
16651728,0,00:54,16:00,,,991,Fedor,2026020007,#6F263D,Svechkov,3,8482768,18,15:06,COL,21,Colorado Avalanche,517
16651729,0,00:53,18:02,,,1023,Fedor,2026020007,#6F263D,Svechkov,3,8482768,19,17:09,COL,21,Colorado Avalanche,517
16651730,0,00:42,20:00,,,1052,Fedor,2026020007,#6F263D,Svechkov,3,8482768,20,19:18,COL,21,Colorado Avalanche,517
16650970,0,00:42,01:15,,,57,Sam,2026020007,#6F263D,Malinski,1,8484258,1,00:33,COL,21,Colorado Avalanche,517
16650971,0,00:35,02:58,,,81,Sam,2026020007,#6F263D,Malinski,1,8484258,2,02:23,COL,21,Colorado Avalanche,517
16651100,0,00:05,04:48,,,162,Sam,2026020007,#6F263D,Malinski,1,8484258,3,04:43,COL,21,Colorado Avalanche,517
16651101,0,00:53,07:26,,,187,Sam,2026020007,#6F263D,Malinski,1,8484258,4,06:33,COL,21,Colorado Avalanche,517
16651197,0,00:58,13:30,,,320,Sam,2026020007,#6F263D,Malinski,1,8484258,5,12:32,COL,21,Colorado Avalanche,517
16651233,0,00:42,18:37,,,442,Sam,2026020007,#6F263D,Malinski,1,8484258,6,17:55,COL,21,Colorado Avalanche,517
16651234,0,00:08,19:12,,,463,Sam,2026020007,#6F263D,Malinski,1,8484258,7,19:04,COL,21,Colorado Avalanche,517
16651363,0,02:29,04:16,,,502,Sam,2026020007,#6F263D,Malinski,2,8484258,8,01:47,COL,21,Colorado Avalanche,517
16651364,0,00:28,07:53,,,576,Sam,2026020007,#6F263D,Malinski,2,8484258,9,07:25,COL,21,Colorado Avalanche,517
16651365,0,01:10,10:58,,,658,Sam,2026020007,#6F263D,Malinski,2,8484258,10,09:48,COL,21,Colorado Avalanche,517
16651439,0,00:43,14:24,,,709,Sam,2026020007,#6F263D,Malinski,2,8484258,11,13:41,COL,21,Colorado Avalanche,517
16651479,0,00:58,19:32,,,786,Sam,2026020007,#6F263D,Malinski,2,8484258,12,18:34,COL,21,Colorado Avalanche,517
16651556,0,01:23,02:19,,,809,Sam,2026020007,#6F263D,Malinski,3,8484258,13,00:56,COL,21,Colorado Avalanche,517
16651557,0,00:30,06:53,,,876,Sam,2026020007,#6F263D,Malinski,3,8484258,14,06:23,COL,21,Colorado Avalanche,517
16651658,0,00:32,09:12,,,904,Sam,2026020007,#6F263D,Malinski,3,8484258,15,08:40,COL,21,Colorado Avalanche,517
16651659,0,00:36,12:27,,,952,Sam,2026020007,#6F263D,Malinski,3,8484258,16,11:51,COL,21,Colorado Avalanche,517
16651731,0,00:52,16:49,,,1003,Sam,2026020007,#6F263D,Malinski,3,8484258,17,15:57,COL,21,Colorado Avalanche,517
16651732,0,00:43,19:16,,,1041,Sam,2026020007,#6F263D,Malinski,3,8484258,18,18:33,COL,21,Colorado Avalanche,517
16650972,0,01:06,02:21,,,68,T.J.,2026020007,#6F263D,Hughes,1,8486171,1,01:15,COL,21,Colorado Avalanche,517
16651102,0,01:42,06:06,,,155,T.J.,2026020007,#6F263D,Hughes,1,8486171,2,04:24,COL,21,Colorado Avalanche,517
16651198,0,00:44,10:21,,,232,T.J.,2026020007,#6F263D,Hughes,1,8486171,3,09:37,COL,21,Colorado Avalanche,517
16651199,0,00:58,15:14,,,348,T.J.,2026020007,#6F263D,Hughes,1,8486171,4,14:16,COL,21,Colorado Avalanche,517
16651235,0,00:48,19:52,,,463,T.J.,2026020007,#6F263D,Hughes,1,8486171,5,19:04,COL,21,Colorado Avalanche,517
16651278,0,01:05,01:28,,,489,T.J.,2026020007,#6F263D,Hughes,2,8486171,6,00:23,COL,21,Colorado Avalanche,517
16651366,0,00:58,06:15,,,543,T.J.,2026020007,#6F263D,Hughes,2,8486171,7,05:17,COL,21,Colorado Avalanche,517
16651440,0,00:47,12:02,,,679,T.J.,2026020007,#6F263D,Hughes,2,8486171,8,11:15,COL,21,Colorado Avalanche,517
16651441,0,00:41,15:00,,,716,T.J.,2026020007,#6F263D,Hughes,2,8486171,9,14:19,COL,21,Colorado Avalanche,517
16651480,0,00:35,17:50,,,770,T.J.,2026020007,#6F263D,Hughes,2,8486171,10,17:15,COL,21,Colorado Avalanche,517
16651558,0,00:59,03:07,,,822,T.J.,2026020007,#6F263D,Hughes,3,8486171,11,02:08,COL,21,Colorado Avalanche,517
16651660,0,00:53,08:10,,,892,T.J.,2026020007,#6F263D,Hughes,3,8486171,12,07:17,COL,21,Colorado Avalanche,517
16651661,0,00:40,11:18,,,937,T.J.,2026020007,#6F263D,Hughes,3,8486171,13,10:38,COL,21,Colorado Avalanche,517
16651733,0,00:51,15:57,,,991,T.J.,2026020007,#6F263D,Hughes,3,8486171,14,15:06,COL,21,Colorado Avalanche,517
16651734,0,00:48,18:50,,,1038,T.J.,2026020007,#6F263D,Hughes,3,8486171,15,18:02,COL,21,Colorado Avalanche,517
