idx_season,team_tri,playerId,firstName.default,lastName.default,positionCode,gamesPlayed,gamesStarted,wins,losses,overtimeLosses,goalsAgainstAverage,savePercentage,shotsAgainst,saves,goalsAgainst,shutouts,goals,assists,points,penaltyMinutes,timeOnIce,idx_season_type,plusMinus,powerPlayGoals,shorthandedGoals,gameWinningGoals,overtimeGoals,shots,shootingPctg,avgTimeOnIcePerGame,avgShiftsPerGame,faceoffWinPctg
2016,ANA,8473541,Jonathan,Bernier,G,39,33.0,21.0,7.0,4.0,2.498515,0.915479,982.0,899.0,83.0,2.0,0,0,0,4.0,119591.0,2,,,,,,,,,,
2016,ANA,8474682,Dustin,Tokarski,G,1,0.0,,,0.0,0.0,1.0,5.0,5.0,0.0,0.0,0,0,0,,587.0,2,,,,,,,,,,
2016,ANA,8476434,John,Gibson,G,52,49.0,25.0,16.0,9.0,2.216686,0.924148,1437.0,1328.0,109.0,6.0,0,1,1,4.0,177021.0,2,,,,,,,,,,
2016,ANA,8468535,Antoine,Vermette,C,72,,,,,,,,,,,9,19,28,42.0,,2,-7.0,5.0,0.0,1.0,0.0,88.0,0.1023,954.2083,24.3,0.6226
2016,ANA,8469598,Kevin,Bieksa,D,81,,,,,,,,,,,3,11,14,63.0,,2,0.0,1.0,0.0,1.0,0.0,94.0,0.0319,1125.0617,22.2,0.0
2016,ANA,8470612,Ryan,Getzlaf,C,74,,,,,,,,,,,15,58,73,49.0,,2,7.0,6.0,2.0,3.0,0.0,138.0,0.1087,1264.2297,26.7,0.503
2016,ANA,8470616,Ryan,Kesler,C,82,,,,,,,,,,,22,36,58,83.0,,2,8.0,8.0,0.0,2.0,0.0,186.0,0.1183,1278.2195,27.5,0.5739
2016,ANA,8470621,Corey,Perry,R,82,,,,,,,,,,,19,34,53,76.0,,2,2.0,5.0,0.0,3.0,0.0,215.0,0.0884,1062.9512,22.1,0.35
2016,ANA,8470622,Patrick,Eaves,R,20,,,,,,,,,,,11,3,14,8.0,,2,8.0,2.0,0.0,1.0,0.0,55.0,0.2,942.0,21.6,0.0
2016,ANA,8470775,Nate,Thompson,C,30,,,,,,,,,,,1,1,2,14.0,,2,4.0,0.0,0.0,0.0,0.0,19.0,0.0526,623.1333,16.1,0.5306
2016,ANA,8470886,Clayton,Stoner,D,14,,,,,,,,,,,1,2,3,28.0,,2,0.0,0.0,0.0,0.0,0.0,16.0,0.0625,1053.0714,23.2,0.0
2016,ANA,8471664,Mason,Raymond,L,4,,,,,,,,,,,0,0,0,0.0,,2,-2.0,0.0,0.0,0.0,0.0,3.0,0.0,534.5,13.3,0.0
2016,ANA,8471699,Andrew,Cogliano,C,82,,,,,,,,,,,16,19,35,26.0,,2,11.0,0.0,3.0,2.0,0.0,178.0,0.0899,908.2805,23.0,0.4444
2016,ANA,8471766,Jared,Boll,R,51,,,,,,,,,,,0,3,3,87.0,,2,-3.0,0.0,0.0,0.0,0.0,13.0,0.0,348.8824,9.7,0.0
2016,ANA,8473560,Korbinian,Holzer,D,32,,,,,,,,,,,2,5,7,23.0,,2,0.0,0.0,0.0,0.0,0.0,14.0,0.1429,810.7813,18.0,0.0
2016,ANA,8474130,Corey,Tropp,R,1,,,,,,,,,,,0,0,0,0.0,,2,-1.0,0.0,0.0,0.0,0.0,0.0,0.0,568.0,16.0,0.0
2016,ANA,8475155,Simon,Despres,D,1,,,,,,,,,,,0,0,0,0.0,,2,0.0,0.0,0.0,0.0,0.0,1.0,0.0,968.0,19.0,0.0
2016,ANA,8475164,Jakob,Silfverberg,R,79,,,,,,,,,,,23,26,49,20.0,,2,10.0,5.0,1.0,5.0,0.0,227.0,0.1013,1109.0633,25.3,0.1429
2016,ANA,8475222,Sami,Vatanen,D,71,,,,,,,,,,,3,21,24,30.0,,2,3.0,2.0,0.0,0.0,0.0,117.0,0.0256,1299.8451,25.4,0.0
2016,ANA,8475764,Cam,Fowler,D,80,,,,,,,,,,,11,28,39,20.0,,2,7.0,5.0,1.0,3.0,0.0,186.0,0.0591,1490.8875,28.2,0.0
2016,ANA,8475770,Emerson,Etem,R,3,,,,,,,,,,,0,0,0,2.0,,2,1.0,0.0,0.0,0.0,0.0,0.0,0.0,528.3333,15.0,0.0
2016,ANA,8475780,Chris,Wagner,R,43,,,,,,,,,,,6,1,7,6.0,,2,2.0,0.0,0.0,0.0,0.0,40.0,0.15,561.4419,14.4,0.4189
2016,ANA,8475958,Michael,Sgarbossa,C,9,,,,,,,,,,,0,2,2,0.0,,2,-2.0,0.0,0.0,0.0,0.0,7.0,0.0,568.1111,14.6,0.4198
2016,ANA,8476116,Ryan,Garbutt,C,27,,,,,,,,,,,2,1,3,20.0,,2,-3.0,0.0,0.0,1.0,0.0,26.0,0.0769,549.5185,15.1,0.6364
2016,ANA,8476312,Josh,Manson,D,82,,,,,,,,,,,5,12,17,82.0,,2,14.0,0.0,1.0,1.0,0.0,88.0,0.0568,1117.5488,23.3,0.0
2016,ANA,8476390,Joseph,Cramarossa,C,49,,,,,,,,,,,4,6,10,51.0,,2,1.0,0.0,0.0,1.0,0.0,26.0,0.1538,588.9184,14.9,0.8571
2016,ANA,8476400,Logan,Shaw,R,55,,,,,,,,,,,3,7,10,10.0,,2,3.0,0.0,1.0,1.0,0.0,59.0,0.0508,582.5455,15.4,0.3793
2016,ANA,8476474,Stefan,Noesen,R,12,,,,,,,,,,,2,0,2,2.0,,2,2.0,0.0,0.0,0.0,0.0,12.0,0.1667,393.0833,10.8,0.3818
2016,ANA,8476483,Rickard,Rakell,R,71,,,,,,,,,,,33,18,51,12.0,,2,10.0,5.0,0.0,10.0,1.0,177.0,0.1864,1043.169,22.2,0.4218
2016,ANA,8476854,Hampus,Lindholm,D,66,,,,,,,,,,,6,14,20,36.0,,2,13.0,1.0,0.0,2.0,0.0,94.0,0.0638,1346.9697,27.1,1.0
2016,ANA,8476866,Nicolas,Kerdiles,L,1,,,,,,,,,,,0,0,0,0.0,,2,1.0,0.0,0.0,0.0,0.0,0.0,0.0,668.0,17.0,1.0
2016,ANA,8477034,Jaycob,Megna,D,1,,,,,,,,,,,0,0,0,0.0,,2,1.0,0.0,0.0,0.0,0.0,0.0,0.0,920.0,18.0,0.0
2016,ANA,8477447,Shea,Theodore,D,34,,,,,,,,,,,2,7,9,28.0,,2,-6.0,1.0,0.0,1.0,1.0,60.0,0.0333,1038.7941,21.7,0.0
2016,ANA,8477466,Nick,Sorensen,R,5,,,,,,,,,,,0,1,1,2.0,,2,-1.0,0.0,0.0,0.0,0.0,7.0,0.0,653.4,16.4,1.0
2016,ANA,8477941,Nick,Ritchie,L,77,,,,,,,,,,,14,14,28,62.0,,2,4.0,1.0,0.0,3.0,0.0,149.0,0.094,779.1169,18.9,0.5
2016,ANA,8477986,Brandon,Montour,D,27,,,,,,,,,,,2,4,6,14.0,,2,11.0,0.0,0.0,0.0,0.0,50.0,0.04,1042.8519,19.9,0.0
2016,ANA,8478131,Ondrej,Kase,R,53,,,,,,,,,,,5,10,15,18.0,,2,-1.0,0.0,0.0,2.0,1.0,77.0,0.0649,707.0377,17.6,0.1429
2016,ANA,8478491,Jacob,Larsson,D,4,,,,,,,,,,,0,0,0,2.0,,2,-1.0,0.0,0.0,0.0,0.0,2.0,0.0,985.75,21.3,0.0
2016,ANA,8479290,Kalle,Kossila,C,1,,,,,,,,,,,0,0,0,0.0,,2,0.0,0.0,0.0,0.0,0.0,1.0,0.0,414.0,11.0,0.4286
2016,ANA,8473541,Jonathan,Bernier,G,4,1.0,1.0,2.0,,3.28617,0.873418,79.0,69.0,10.0,0.0,0,0,0,,10955.0,3,,,,,,,,,,
2016,ANA,8476434,John,Gibson,G,16,16.0,9.0,5.0,,2.594693,0.918455,466.0,428.0,38.0,0.0,0,0,0,,52723.0,3,,,,,,,,,,
2016,ANA,8468535,Antoine,Vermette,C,17,,,,,,,,,,,1,2,3,2.0,,3,-3.0,0.0,0.0,0.0,0.0,30.0,0.0333,839.0,23.2,0.608
2016,ANA,8469598,Kevin,Bieksa,D,8,,,,,,,,,,,0,4,4,23.0,,3,5.0,0.0,0.0,0.0,0.0,10.0,0.0,1016.375,21.0,0.0
2016,ANA,8470612,Ryan,Getzlaf,C,17,,,,,,,,,,,8,11,19,8.0,,3,7.0,3.0,0.0,1.0,0.0,53.0,0.1509,1450.1176,30.4,0.5316
2016,ANA,8470616,Ryan,Kesler,C,17,,,,,,,,,,,1,7,8,32.0,,3,-6.0,0.0,0.0,0.0,0.0,45.0,0.0222,1281.2941,28.9,0.5476
2016,ANA,8470621,Corey,Perry,R,17,,,,,,,,,,,4,7,11,34.0,,3,4.0,1.0,0.0,3.0,3.0,43.0,0.093,1072.3529,24.9,0.0
2016,ANA,8470622,Patrick,Eaves,R,7,,,,,,,,,,,2,2,4,6.0,,3,0.0,0.0,0.0,0.0,0.0,19.0,0.1053,1013.1429,24.0,0.0
2016,ANA,8470775,Nate,Thompson,C,17,,,,,,,,,,,2,4,6,6.0,,3,6.0,0.0,0.0,1.0,0.0,12.0,0.1667,688.0588,19.2,0.5149
2016,ANA,8471699,Andrew,Cogliano,C,17,,,,,,,,,,,1,2,3,9.0,,3,-3.0,0.0,0.0,0.0,0.0,32.0,0.0313,829.1765,23.1,1.0
2016,ANA,8471766,Jared,Boll,R,8,,,,,,,,,,,0,0,0,5.0,,3,-1.0,0.0,0.0,0.0,0.0,3.0,0.0,270.125,8.6,0.0
2016,ANA,8473560,Korbinian,Holzer,D,5,,,,,,,,,,,0,0,0,18.0,,3,0.0,0.0,0.0,0.0,0.0,0.0,0.0,711.0,18.6,0.0
2016,ANA,8475164,Jakob,Silfverberg,R,17,,,,,,,,,,,9,5,14,6.0,,3,-4.0,2.0,0.0,2.0,1.0,61.0,0.1475,1193.7059,27.9,0.0
2016,ANA,8475222,Sami,Vatanen,D,12,,,,,,,,,,,1,5,6,4.0,,3,-5.0,1.0,0.0,0.0,0.0,22.0,0.0455,1327.8333,27.4,0.0
2016,ANA,8475764,Cam,Fowler,D,13,,,,,,,,,,,2,7,9,2.0,,3,-6.0,0.0,0.0,0.0,0.0,26.0,0.0769,1590.1538,30.9,0.0
2016,ANA,8475780,Chris,Wagner,R,17,,,,,,,,,,,3,0,3,6.0,,3,1.0,0.0,0.0,1.0,0.0,18.0,0.1667,659.5294,18.3,0.5
2016,ANA,8476312,Josh,Manson,D,17,,,,,,,,,,,0,3,3,20.0,,3,-2.0,0.0,0.0,0.0,0.0,27.0,0.0,1232.5882,26.5,0.0
2016,ANA,8476400,Logan,Shaw,R,9,,,,,,,,,,,0,0,0,4.0,,3,0.0,0.0,0.0,0.0,0.0,7.0,0.0,571.2222,17.3,1.0
2016,ANA,8476483,Rickard,Rakell,R,15,,,,,,,,,,,7,6,13,0.0,,3,13.0,0.0,0.0,0.0,0.0,48.0,0.1458,1143.1333,25.6,0.25
2016,ANA,8476854,Hampus,Lindholm,D,17,,,,,,,,,,,1,3,4,10.0,,3,8.0,0.0,0.0,0.0,0.0,24.0,0.0417,1320.2941,28.5,0.0
2016,ANA,8476866,Nicolas,Kerdiles,L,4,,,,,,,,,,,0,1,1,2.0,,3,1.0,0.0,0.0,0.0,0.0,1.0,0.0,562.25,14.3,0.0
2016,ANA,8477447,Shea,Theodore,D,14,,,,,,,,,,,2,6,8,4.0,,3,1.0,0.0,0.0,0.0,0.0,24.0,0.0833,1045.4286,22.0,0.0
2016,ANA,8477941,Nick,Ritchie,L,15,,,,,,,,,,,4,0,4,46.0,,3,-1.0,0.0,0.0,2.0,0.0,27.0,0.1481,806.2667,20.3,0.3333
2016,ANA,8477986,Brandon,Montour,D,17,,,,,,,,,,,0,7,7,4.0,,3,12.0,0.0,0.0,0.0,0.0,37.0,0.0,1151.2353,24.3,0.0
2016,ANA,8478131,Ondrej,Kase,R,9,,,,,,,,,,,2,0,2,4.0,,3,2.0,0.0,0.0,0.0,0.0,12.0,0.1667,632.8889,16.7,0.25
2016,BOS,8471418,Anton,Khudobin,G,16,14.0,7.0,6.0,1.0,2.644715,0.903704,405.0,366.0,39.0,0.0,0,1,1,2.0,53087.0,2,,,,,,,,,,
2016,BOS,8471695,Tuukka,Rask,G,65,64.0,37.0,20.0,5.0,2.233948,0.914907,1610.0,1473.0,137.0,8.0,0,2,2,,220775.0,2,,,,,,,,,,
2016,BOS,8475876,Zane,McIntyre,G,8,3.0,0.0,4.0,1.0,3.968532,0.858065,155.0,133.0,22.0,0.0,0,0,0,,19957.0,2,,,,,,,,,,
2016,BOS,8476876,Malcolm,Subban,G,1,1.0,0.0,1.0,0.0,5.88235,0.8125,16.0,13.0,3.0,0.0,0,0,0,,1836.0,2,,,,,,,,,,
2016,BOS,8465009,Zdeno,Chara,D,75,,,,,,,,,,,10,19,29,59.0,,2,18.0,1.0,2.0,0.0,0.0,136.0,0.0735,1399.96,26.1,0.0
2016,BOS,8468575,Dominic,Moore,C,82,,,,,,,,,,,11,14,25,44.0,,2,2.0,0.0,3.0,1.0,0.0,96.0,0.1146,776.5,18.6,0.5459
2016,BOS,8468639,John-Michael,Liles,D,36,,,,,,,,,,,0,5,5,4.0,,2,1.0,0.0,0.0,0.0,0.0,36.0,0.0,972.4167,21.6,1.0
2016,BOS,8470638,Patrice,Bergeron,C,79,,,,,,,,,,,21,32,53,24.0,,2,12.0,8.0,0.0,7.0,0.0,302.0,0.0695,1165.3797,24.5,0.601
2016,BOS,8470655,David,Backes,R,74,,,,,,,,,,,17,21,38,69.0,,2,2.0,2.0,0.0,2.0,0.0,175.0,0.0971,1027.1216,21.2,0.4878
2016,BOS,8471226,Drew,Stafford,R,18,,,,,,,,,,,4,4,8,12.0,,2,8.0,1.0,0.0,2.0,0.0,41.0,0.0976,856.4444,18.3,0.4
2016,BOS,8471276,David,Krejci,C,82,,,,,,,,,,,23,31,54,26.0,,2,-12.0,8.0,0.0,3.0,0.0,158.0,0.1456,1095.8537,21.9,0.5152
2016,BOS,8471717,Adam,McQuaid,D,77,,,,,,,,,,,2,8,10,71.0,,2,4.0,0.0,0.0,1.0,0.0,64.0,0.0313,1094.8052,25.1,0.0
2016,BOS,8473419,Brad,Marchand,L,80,,,,,,,,,,,39,46,85,81.0,,2,18.0,9.0,3.0,8.0,1.0,226.0,0.1726,1166.1875,24.3,0.3611
2016,BOS,8473492,Matt,Beleskey,L,49,,,,,,,,,,,3,5,8,47.0,,2,-10.0,0.0,0.0,0.0,0.0,79.0,0.038,795.9388,18.0,0.4143
2016,BOS,8474062,Riley,Nash,C,81,,,,,,,,,,,7,10,17,14.0,,2,-1.0,0.0,1.0,2.0,0.0,125.0,0.056,828.321,19.6,0.4911
2016,BOS,8474625,Jimmy,Hayes,R,58,,,,,,,,,,,2,3,5,29.0,,2,-3.0,0.0,0.0,1.0,0.0,74.0,0.027,553.8103,13.3,0.2545
2016,BOS,8475727,Ryan,Spooner,C,78,,,,,,,,,,,11,28,39,14.0,,2,-8.0,3.0,0.0,3.0,1.0,145.0,0.0759,845.6923,18.5,0.3892
2016,BOS,8476191,Kevan,Miller,D,58,,,,,,,,,,,3,10,13,50.0,,2,1.0,0.0,0.0,1.0,0.0,49.0,0.0612,1067.7069,23.3,0.0
2016,BOS,8476303,Rob,O'Gara,D,3,,,,,,,,,,,0,0,0,0.0,,2,1.0,0.0,0.0,0.0,0.0,2.0,0.0,960.6667,22.7,0.0
2016,BOS,8476374,Sean,Kuraly,C,8,,,,,,,,,,,0,1,1,2.0,,2,-1.0,0.0,0.0,0.0,0.0,11.0,0.0,552.0,14.4,0.3333
2016,BOS,8476476,Joe,Morrow,D,17,,,,,,,,,,,0,1,1,8.0,,2,-4.0,0.0,0.0,0.0,0.0,19.0,0.0,931.5294,20.0,0.0
2016,BOS,8476525,Colin,Miller,D,61,,,,,,,,,,,6,7,13,55.0,,2,0.0,1.0,0.0,0.0,0.0,85.0,0.0706,948.9508,21.2,0.0
2016,BOS,8476792,Torey,Krug,D,81,,,,,,,,,,,8,43,51,37.0,,2,-10.0,6.0,0.0,1.0,0.0,208.0,0.0385,1296.037,26.2,0.0
2016,BOS,8476891,Matt,Grzelcyk,D,2,,,,,,,,,,,0,0,0,2.0,,2,0.0,0.0,0.0,0.0,0.0,4.0,0.0,749.0,22.0,0.0
2016,BOS,8477213,Tim,Schaller,L,59,,,,,,,,,,,7,7,14,23.0,,2,-6.0,0.0,0.0,2.0,0.0,89.0,0.0787,736.2034,17.5,0.4912
2016,BOS,8477320,Anton,Blidh,L,19,,,,,,,,,,,1,1,2,7.0,,2,-2.0,0.0,0.0,0.0,0.0,26.0,0.0385,526.6316,12.5,0.0
2016,BOS,8477417,Peter,Cehlarik,L,11,,,,,,,,,,,0,2,2,0.0,,2,0.0,0.0,0.0,0.0,0.0,8.0,0.0,834.8182,17.9,0.6667
2016,BOS,8477956,David,Pastrnak,R,75,,,,,,,,,,,34,36,70,34.0,,2,11.0,10.0,0.0,6.0,2.0,262.0,0.1298,1078.9467,21.3,0.6667
2016,BOS,8478046,Danton,Heinen,L,8,,,,,,,,,,,0,0,0,2.0,,2,-3.0,0.0,0.0,0.0,0.0,7.0,0.0,794.0,16.1,0.0
2016,BOS,8478366,Frank,Vatrano,R,44,,,,,,,,,,,10,8,18,14.0,,2,-3.0,4.0,0.0,1.0,0.0,116.0,0.0862,808.6591,18.6,0.2857
2016,BOS,8478417,Jakob,Forsbacka Karlsson,C,1,,,,,,,,,,,0,0,0,0.0,,2,0.0,0.0,0.0,0.0,0.0,0.0,0.0,505.0,13.0,0.5
2016,BOS,8478443,Brandon,Carlo,D,82,,,,,,,,,,,6,10,16,59.0,,2,9.0,0.0,1.0,0.0,0.0,88.0,0.0682,1248.9512,25.4,0.0
2016,BOS,8478512,Austin,Czarnik,C,49,,,,,,,,,,,5,8,13,12.0,,2,-10.0,0.0,0.0,1.0,0.0,66.0,0.0758,780.9592,18.6,0.4286
2016,BOS,8478569,Noel,Acciari,C,29,,,,,,,,,,,2,3,5,16.0,,2,3.0,0.0,0.0,0.0,0.0,24.0,0.0833,622.3103,14.9,0.3793
2016,BOS,8471695,Tuukka,Rask,G,6,6.0,2.0,4.0,,2.236856,0.919786,187.0,172.0,15.0,0.0,0,0,0,,24141.0,3,,,,,,,,,,
2016,BOS,8465009,Zdeno,Chara,D,6,,,,,,,,,,,0,1,1,2.0,,3,-3.0,0.0,0.0,0.0,0.0,8.0,0.0,1725.8333,31.5,0.0
2016,BOS,8468575,Dominic,Moore,C,6,,,,,,,,,,,0,1,1,4.0,,3,0.0,0.0,0.0,0.0,0.0,5.0,0.0,968.6667,22.7,0.5319
2016,BOS,8468639,John-Michael,Liles,D,6,,,,,,,,,,,0,2,2,0.0,,3,1.0,0.0,0.0,0.0,0.0,5.0,0.0,988.5,25.0,0.0
2016,BOS,8470638,Patrice,Bergeron,C,6,,,,,,,,,,,2,2,4,2.0,,3,2.0,1.0,0.0,0.0,0.0,19.0,0.1053,1371.6667,29.7,0.5438
2016,BOS,8470655,David,Backes,R,6,,,,,,,,,,,1,3,4,2.0,,3,2.0,0.0,0.0,0.0,0.0,14.0,0.0714,1061.3333,24.2,0.6111
2016,BOS,8471226,Drew,Stafford,R,6,,,,,,,,,,,2,0,2,2.0,,3,-2.0,1.0,0.0,0.0,0.0,14.0,0.1429,824.1667,19.0,0.0
2016,BOS,8471276,David,Krejci,C,3,,,,,,,,,,,0,0,0,0.0,,3,-1.0,0.0,0.0,0.0,0.0,3.0,0.0,804.6667,16.7,0.4194
2016,BOS,8471717,Adam,McQuaid,D,2,,,,,,,,,,,0,1,1,0.0,,3,0.0,0.0,0.0,0.0,0.0,2.0,0.0,708.5,17.5,0.0
2016,BOS,8473419,Brad,Marchand,L,6,,,,,,,,,,,1,3,4,6.0,,3,1.0,0.0,0.0,1.0,0.0,18.0,0.0556,1410.6667,29.5,0.0
2016,BOS,8473492,Matt,Beleskey,L,3,,,,,,,,,,,0,0,0,4.0,,3,-2.0,0.0,0.0,0.0,0.0,3.0,0.0,479.3333,11.0,0.0
2016,BOS,8474019,Tommy,Cross,D,1,,,,,,,,,,,0,1,1,0.0,,3,1.0,0.0,0.0,0.0,0.0,0.0,0.0,788.0,19.0,0.0
2016,BOS,8474062,Riley,Nash,C,6,,,,,,,,,,,0,2,2,2.0,,3,0.0,0.0,0.0,0.0,0.0,9.0,0.0,1047.8333,24.3,0.5455
2016,BOS,8475727,Ryan,Spooner,C,4,,,,,,,,,,,0,2,2,0.0,,3,-2.0,0.0,0.0,0.0,0.0,2.0,0.0,782.5,17.5,0.4
2016,BOS,8476191,Kevan,Miller,D,6,,,,,,,,,,,0,0,0,4.0,,3,0.0,0.0,0.0,0.0,0.0,9.0,0.0,1514.5,30.2,0.0
2016,BOS,8476374,Sean,Kuraly,C,4,,,,,,,,,,,2,0,2,4.0,,3,0.0,0.0,0.0,1.0,1.0,10.0,0.2,744.75,20.8,0.3077
2016,BOS,8476476,Joe,Morrow,D,5,,,,,,,,,,,0,1,1,2.0,,3,1.0,0.0,0.0,0.0,0.0,6.0,0.0,1332.8,29.8,0.0
2016,BOS,8476525,Colin,Miller,D,4,,,,,,,,,,,0,1,1,2.0,,3,1.0,0.0,0.0,0.0,0.0,5.0,0.0,933.25,23.3,0.0
2016,BOS,8477213,Tim,Schaller,L,6,,,,,,,,,,,1,0,1,2.0,,3,2.0,0.0,1.0,0.0,0.0,7.0,0.1429,808.8333,20.5,0.4286
2016,BOS,8477956,David,Pastrnak,R,6,,,,,,,,,,,2,2,4,6.0,,3,1.0,1.0,0.0,0.0,0.0,10.0,0.2,1264.1667,24.8,0.0
2016,BOS,8478366,Frank,Vatrano,R,6,,,,,,,,,,,1,0,1,4.0,,3,-1.0,0.0,0.0,0.0,0.0,7.0,0.1429,680.8333,16.8,0.0
2016,BOS,8478569,Noel,Acciari,C,4,,,,,,,,,,,1,0,1,2.0,,3,0.0,0.0,0.0,0.0,0.0,4.0,0.25,1143.0,24.8,0.4211
2016,BOS,8479325,Charlie,McAvoy,D,6,,,,,,,,,,,0,3,3,2.0,,3,-2.0,0.0,0.0,0.0,0.0,5.0,0.0,1571.5,31.7,0.0
2016,BUF,8475195,Anders,Nilsson,G,26,23.0,10.0,10.0,4.0,2.668014,0.922987,857.0,791.0,66.0,1.0,0,0,0,,89055.0,2,,,,,,,,,,
2016,BUF,8475215,Robin,Lehner,G,59,58.0,23.0,26.0,8.0,2.678044,0.920419,1910.0,1758.0,152.0,2.0,0,1,1,6.0,204328.0,2,,,,,,,,,,
2016,BUF,8476999,Linus,Ullmark,G,1,1.0,0.0,1.0,0.0,3.064698,0.916667,36.0,33.0,3.0,0.0,0,0,0,,3524.0,2,,,,,,,,,,
2016,BUF,8467407,Brian,Gionta,R,82,,,,,,,,,,,15,20,35,22.0,,2,-11.0,3.0,1.0,3.0,0.0,149.0,0.1007,996.3171,20.6,0.434
2016,BUF,8470324,Josh,Gorges,D,66,,,,,,,,,,,1,5,6,50.0,,2,-3.0,0.0,0.0,0.0,0.0,40.0,0.025,1107.4394,26.1,0.0
2016,BUF,8470852,Matt,Moulson,L,81,,,,,,,,,,,14,18,32,10.0,,2,-4.0,11.0,0.0,2.0,0.0,134.0,0.1045,696.3951,14.3,0.25
2016,BUF,8471742,Cody,Franson,D,68,,,,,,,,,,,3,16,19,34.0,,2,-5.0,1.0,0.0,0.0,0.0,93.0,0.0323,1108.9412,24.2,0.0
2016,BUF,8471811,Cal,O'Reilly,C,11,,,,,,,,,,,0,1,1,0.0,,2,-6.0,0.0,0.0,0.0,0.0,3.0,0.0,475.9091,10.4,0.4848
2016,BUF,8473449,Kyle,Okposo,R,65,,,,,,,,,,,19,26,45,24.0,,2,-7.0,7.0,0.0,2.0,1.0,156.0,0.1218,1138.2,22.2,0.5455
2016,BUF,8473992,Justin,Falk,D,52,,,,,,,,,,,0,8,8,29.0,,2,-3.0,0.0,0.0,0.0,0.0,33.0,0.0,821.8846,20.8,0.0
2016,BUF,8474567,Zach,Bogosian,D,56,,,,,,,,,,,2,9,11,46.0,,2,-17.0,0.0,0.0,1.0,1.0,73.0,0.0274,1205.2321,25.4,0.0
2016,BUF,8474589,Tyler,Ennis,R,51,,,,,,,,,,,5,8,13,12.0,,2,-10.0,0.0,0.0,1.0,0.0,89.0,0.0562,770.1569,15.9,0.1875
2016,BUF,8474683,Derek,Grant,C,35,,,,,,,,,,,0,3,3,19.0,,2,-3.0,0.0,0.0,0.0,0.0,31.0,0.0,612.2571,15.7,0.5263
2016,BUF,8474683,Derek,Grant,C,5,,,,,,,,,,,0,0,0,0.0,,2,0.0,0.0,0.0,0.0,0.0,3.0,0.0,476.2,11.6,0.4643
2016,BUF,8475158,Ryan,O'Reilly,C,72,,,,,,,,,,,20,35,55,10.0,,2,-1.0,8.0,1.0,3.0,0.0,189.0,0.1058,1287.5,25.5,0.5801
2016,BUF,8475169,Evander,Kane,L,70,,,,,,,,,,,28,15,43,113.0,,2,-17.0,3.0,0.0,5.0,1.0,260.0,0.1077,1152.1143,22.5,0.4508
2016,BUF,8475179,Dmitry,Kulikov,D,47,,,,,,,,,,,2,3,5,26.0,,2,-26.0,1.0,0.0,0.0,0.0,42.0,0.0476,1314.1702,28.0,0.0
2016,BUF,8475220,Marcus,Foligno,L,80,,,,,,,,,,,13,10,23,73.0,,2,-1.0,0.0,1.0,0.0,0.0,97.0,0.134,928.3,19.9,0.2
2016,BUF,8475235,Nicolas,Deslauriers,L,42,,,,,,,,,,,0,2,2,38.0,,2,-6.0,0.0,0.0,0.0,0.0,26.0,0.0,444.9524,10.0,0.0
2016,BUF,8475728,Johan,Larsson,L,36,,,,,,,,,,,6,5,11,20.0,,2,-7.0,1.0,0.0,2.0,0.0,49.0,0.1224,1011.1389,21.2,0.4897
2016,BUF,8475982,Erik,Burgdoerfer,D,2,,,,,,,,,,,0,0,0,0.0,,2,-1.0,0.0,0.0,0.0,0.0,2.0,0.0,670.0,17.0,0.0
2016,BUF,8476166,Taylor,Fedun,D,27,,,,,,,,,,,0,7,7,16.0,,2,3.0,0.0,0.0,0.0,0.0,24.0,0.0,801.8148,19.6,0.0
2016,BUF,8476766,Cole,Schneider,L,4,,,,,,,,,,,0,1,1,0.0,,2,2.0,0.0,0.0,0.0,0.0,6.0,0.0,428.5,11.3,0.0
2016,BUF,8476878,Zemgus,Girgensons,C,75,,,,,,,,,,,7,9,16,18.0,,2,-7.0,0.0,0.0,0.0,0.0,112.0,0.0625,789.5733,18.2,0.4715
2016,BUF,8476931,Jake,McCabe,D,76,,,,,,,,,,,3,17,20,26.0,,2,-7.0,1.0,0.0,1.0,0.0,79.0,0.038,1242.3026,26.8,0.0
2016,BUF,8477041,Brady,Austin,D,5,,,,,,,,,,,0,0,0,4.0,,2,0.0,0.0,0.0,0.0,0.0,8.0,0.0,965.4,25.2,0.0
2016,BUF,8477391,Sean,Malone,C,1,,,,,,,,,,,0,0,0,0.0,,2,0.0,0.0,0.0,0.0,0.0,1.0,0.0,732.0,15.0,0.625
2016,BUF,8477392,Hudson,Fasching,R,10,,,,,,,,,,,0,1,1,2.0,,2,-1.0,0.0,0.0,0.0,0.0,6.0,0.0,624.5,14.5,0.0
2016,BUF,8477473,Justin,Bailey,R,32,,,,,,,,,,,2,2,4,4.0,,2,0.0,0.0,0.0,1.0,0.0,36.0,0.0556,637.9375,14.6,0.0
2016,BUF,8477478,William,Carrier,L,41,,,,,,,,,,,5,3,8,21.0,,2,-1.0,0.0,0.0,1.0,0.0,50.0,0.1,540.0488,14.2,0.5
2016,BUF,8477491,Nick,Baptiste,R,14,,,,,,,,,,,3,1,4,6.0,,2,1.0,0.0,0.0,0.0,0.0,16.0,0.1875,554.3571,13.6,0.3333
2016,BUF,8477499,Rasmus,Ristolainen,D,79,,,,,,,,,,,6,39,45,58.0,,2,-9.0,1.0,0.0,2.0,2.0,186.0,0.0323,1588.0759,29.6,0.0
2016,BUF,8477933,Sam,Reinhart,C,79,,,,,,,,,,,17,30,47,8.0,,2,-11.0,9.0,0.0,3.0,0.0,178.0,0.0955,1033.0253,20.2,0.4095
2016,BUF,8478403,Jack,Eichel,C,61,,,,,,,,,,,24,33,57,22.0,,2,-13.0,10.0,0.0,4.0,1.0,249.0,0.0964,1195.2131,22.0,0.3894
2016,BUF,8478425,Brendan,Guhle,D,3,,,,,,,,,,,0,0,0,0.0,,2,1.0,0.0,0.0,0.0,0.0,4.0,0.0,981.0,23.7,0.0
2016,BUF,8478542,Evan,Rodrigues,C,30,,,,,,,,,,,4,2,6,4.0,,2,-7.0,1.0,0.0,0.0,0.0,51.0,0.0784,775.5,16.9,0.416
2016,BUF,8479268,Casey,Nelson,D,11,,,,,,,,,,,0,0,0,4.0,,2,-3.0,0.0,0.0,0.0,0.0,10.0,0.0,756.2727,19.7,0.0
2016,BUF,8479423,Alex,Nylander,L,4,,,,,,,,,,,0,1,1,0.0,,2,-2.0,0.0,0.0,0.0,0.0,4.0,0.0,739.75,15.5,0.0
2016,BUF,8480083,C.J.,Smith,L,2,,,,,,,,,,,0,1,1,0.0,,2,-1.0,0.0,0.0,0.0,0.0,2.0,0.0,692.0,15.0,0.0
2016,CAR,8468038,Michael,Leighton,G,4,3.0,2.0,2.0,0.0,3.423949,0.869565,92.0,80.0,12.0,0.0,0,1,1,,12617.0,2,,,,,,,,,,
2016,CAR,8470320,Cam,Ward,G,61,61.0,26.0,22.0,12.0,2.686626,0.905319,1711.0,1549.0,162.0,2.0,0,1,1,6.0,217075.0,2,,,,,,,,,,
2016,CAR,8475663,Eddie,Lack,G,20,18.0,8.0,7.0,3.0,2.642562,0.902439,492.0,444.0,48.0,1.0,0,0,0,,65391.0,2,,,,,,,,,,
2016,CAR,8477968,Alex,Nedeljkovic,G,1,0.0,,,0.0,0.0,1.0,17.0,17.0,0.0,0.0,0,0,0,2.0,1797.0,2,,,,,,,,,,
2016,CAR,8479115,Jorge,Alves,G,1,0.0,,,0.0,0.0,0.0,0.0,0.0,0.0,0.0,0,0,0,,8.0,2,,,,,,,,,,
2016,CAR,8468493,Ron,Hainsey,D,56,,,,,,,,,,,4,10,14,17.0,,2,-16.0,0.0,1.0,1.0,1.0,62.0,0.0645,1339.5179,26.4,0.0
2016,CAR,8469508,Jay,McClement,C,65,,,,,,,,,,,5,3,8,18.0,,2,-8.0,0.0,1.0,1.0,0.0,37.0,0.1351,682.9538,17.2,0.4819
2016,CAR,8470740,Lee,Stempniak,R,82,,,,,,,,,,,16,24,40,32.0,,2,2.0,2.0,0.0,2.0,0.0,131.0,0.1221,950.6341,20.8,0.375
2016,CAR,8471254,Bryan,Bickell,L,11,,,,,,,,,,,1,0,1,4.0,,2,-4.0,1.0,0.0,1.0,0.0,8.0,0.125,626.4545,14.5,0.0
2016,CAR,8473533,Jordan,Staal,C,75,,,,,,,,,,,16,29,45,38.0,,2,-1.0,4.0,1.0,3.0,0.0,164.0,0.0976,1119.6933,25.7,0.5909
2016,CAR,8473537,Viktor,Stalberg,L,57,,,,,,,,,,,9,3,12,33.0,,2,-6.0,0.0,2.0,2.0,0.0,71.0,0.1268,701.8772,18.0,0.0
2016,CAR,8475250,Andrej,Nestrasil,C,19,,,,,,,,,,,1,4,5,2.0,,2,-3.0,0.0,0.0,0.0,0.0,27.0,0.037,654.2105,15.3,0.3
2016,CAR,8475753,Justin,Faulk,D,75,,,,,,,,,,,17,20,37,32.0,,2,-18.0,4.0,0.0,2.0,0.0,225.0,0.0756,1388.44,26.5,0.0
2016,CAR,8475784,Jeff,Skinner,L,79,,,,,,,,,,,37,26,63,28.0,,2,-3.0,7.0,0.0,4.0,0.0,281.0,0.1317,1064.3165,21.8,0.3704
2016,CAR,8475807,Joakim,Nordstrom,C,82,,,,,,,,,,,7,5,12,17.0,,2,-12.0,0.0,1.0,2.0,0.0,104.0,0.0673,763.122,19.1,0.3103
2016,CAR,8476403,Klas,Dahlbeck,D,43,,,,,,,,,,,2,4,6,30.0,,2,-12.0,0.0,0.0,0.0,0.0,37.0,0.0541,833.3023,18.9,0.0
2016,CAR,8476427,Ty,Rattie,R,5,,,,,,,,,,,0,2,2,0.0,,2,-2.0,0.0,0.0,0.0,0.0,9.0,0.0,807.8,19.2,0.0
2016,CAR,8476437,Victor,Rask,C,82,,,,,,,,,,,16,29,45,16.0,,2,-10.0,4.0,0.0,3.0,0.0,186.0,0.086,1037.6585,22.7,0.4978
2016,CAR,8476465,Ryan,Murphy,D,27,,,,,,,,,,,0,2,2,8.0,,2,-11.0,0.0,0.0,0.0,0.0,17.0,0.0,790.3333,16.8,0.0
2016,CAR,8476807,Matt,Tennyson,D,45,,,,,,,,,,,0,6,6,6.0,,2,-13.0,0.0,0.0,0.0,0.0,36.0,0.0,797.2,18.4,0.0
2016,CAR,8476858,Phillip,Di Giuseppe,L,36,,,,,,,,,,,1,6,7,15.0,,2,-12.0,0.0,0.0,1.0,1.0,68.0,0.0147,737.75,17.3,0.0
2016,CAR,8476882,Teuvo,Teravainen,C,81,,,,,,,,,,,15,27,42,16.0,,2,-6.0,5.0,0.0,2.0,1.0,169.0,0.0888,974.4074,21.1,0.4673
2016,CAR,8476924,Martin,Frk,R,2,,,,,,,,,,,0,0,0,0.0,,2,-3.0,0.0,0.0,0.0,0.0,1.0,0.0,500.0,13.0,0.0
2016,CAR,8476934,Brock,McGinn,L,57,,,,,,,,,,,7,9,16,6.0,,2,-11.0,0.0,0.0,1.0,0.0,74.0,0.0946,719.8421,17.8,0.25
2016,CAR,8476958,Jaccob,Slavin,D,82,,,,,,,,,,,5,29,34,12.0,,2,23.0,0.0,1.0,0.0,0.0,99.0,0.0505,1406.2927,26.0,0.0
2016,CAR,8477458,Valentin,Zykov,L,2,,,,,,,,,,,1,0,1,0.0,,2,1.0,0.0,0.0,0.0,0.0,3.0,0.3333,375.0,8.0,0.0
2016,CAR,8477488,Brett,Pesce,D,82,,,,,,,,,,,2,18,20,20.0,,2,23.0,0.0,0.0,0.0,0.0,109.0,0.0183,1272.2561,25.1,0.0
2016,CAR,8477496,Elias,Lindholm,C,72,,,,,,,,,,,11,34,45,16.0,,2,-2.0,2.0,1.0,0.0,0.0,151.0,0.0728,1090.875,24.2,0.5559
2016,CAR,8477566,Sergey,Tolchinsky,L,2,,,,,,,,,,,0,1,1,0.0,,2,0.0,0.0,0.0,0.0,0.0,2.0,0.0,688.5,14.5,0.0
2016,CAR,8477887,Patrick,Brown,C,14,,,,,,,,,,,0,0,0,0.0,,2,-6.0,0.0,0.0,0.0,0.0,12.0,0.0,582.8571,13.5,0.6
2016,CAR,8478027,Lucas,Wallmark,C,8,,,,,,,,,,,0,2,2,2.0,,2,1.0,0.0,0.0,0.0,0.0,11.0,0.0,652.0,16.0,0.5345
2016,CAR,8478396,Noah,Hanifin,D,81,,,,,,,,,,,4,25,29,26.0,,2,-19.0,2.0,0.0,1.0,1.0,108.0,0.037,1075.2099,22.0,0.0
2016,CAR,8478427,Sebastian,Aho,C,82,,,,,,,,,,,24,25,49,26.0,,2,-1.0,6.0,1.0,4.0,1.0,214.0,0.1121,1007.2073,22.1,0.4857
2016,CAR,8478562,Jakub,Nakladal,D,3,,,,,,,,,,,0,0,0,0.0,,2,-4.0,0.0,0.0,0.0,0.0,3.0,0.0,870.0,17.7,0.0
2016,CAR,8478585,Derek,Ryan,C,67,,,,,,,,,,,11,18,29,22.0,,2,-8.0,4.0,1.0,3.0,0.0,73.0,0.1507,893.4925,20.4,0.553
2016,CAR,8479249,Andrew,Poturalski,C,2,,,,,,,,,,,0,0,0,0.0,,2,-3.0,0.0,0.0,0.0,0.0,1.0,0.0,736.0,17.0,0.5
2016,CBJ,8470147,Curtis,McElhinney,G,7,5.0,2.0,1.0,2.0,2.394148,0.924242,198.0,183.0,15.0,0.0,0,0,0,,22555.0,2,,,,,,,,,,
2016,CBJ,8475683,Sergei,Bobrovsky,G,63,63.0,41.0,17.0,5.0,2.055532,0.931499,1854.0,1727.0,127.0,7.0,0,0,0,8.0,222424.0,2,,,,,,,,,,
2016,CBJ,8476341,Anton,Forsberg,G,1,1.0,0.0,1.0,0.0,4.096728,0.851852,27.0,23.0,4.0,0.0,0,0,0,,3515.0,2,,,,,,,,,,
2016,CBJ,8476914,Joonas,Korpisalo,G,14,13.0,7.0,5.0,1.0,2.884187,0.905237,401.0,363.0,38.0,1.0,0,0,0,,47431.0,2,,,,,,,,,,
2016,CBJ,8468486,Scott,Hartnell,L,78,,,,,,,,,,,13,24,37,63.0,,2,14.0,2.0,0.0,1.0,0.0,104.0,0.125,723.7179,17.4,0.5
2016,CBJ,8470724,Kyle,Quincey,D,20,,,,,,,,,,,2,1,3,12.0,,2,0.0,0.0,0.0,0.0,0.0,18.0,0.1111,955.25,22.0,0.0
2016,CBJ,8471232,Lauri,Korpikoski,L,9,,,,,,,,,,,0,0,0,0.0,,2,0.0,0.0,0.0,0.0,0.0,4.0,0.0,494.6667,12.7,0.0
2016,CBJ,8471273,Brandon,Dubinsky,C,80,,,,,,,,,,,12,29,41,91.0,,2,16.0,1.0,1.0,5.0,1.0,115.0,0.1043,1073.725,24.4,0.5175
2016,CBJ,8471677,Jack,Johnson,D,82,,,,,,,,,,,5,18,23,32.0,,2,23.0,1.0,0.0,1.0,0.0,116.0,0.0431,1309.3415,28.0,1.0
2016,CBJ,8473422,Nick,Foligno,L,79,,,,,,,,,,,26,25,51,55.0,,2,-4.0,11.0,0.0,5.0,1.0,185.0,0.1405,1105.519,23.5,0.4607
2016,CBJ,8474040,Sam,Gagner,C,81,,,,,,,,,,,18,32,50,22.0,,2,10.0,8.0,0.0,1.0,0.0,178.0,0.1011,822.8889,17.6,0.4753
2016,CBJ,8474685,Matt,Calvert,L,65,,,,,,,,,,,10,5,15,48.0,,2,-4.0,0.0,3.0,1.0,0.0,92.0,0.1087,800.8308,18.9,0.125
2016,CBJ,8474715,Cam,Atkinson,R,82,,,,,,,,,,,35,27,62,22.0,,2,13.0,10.0,3.0,9.0,3.0,240.0,0.1458,1085.0244,24.0,0.6667
2016,CBJ,8474774,Dalton,Prout,D,15,,,,,,,,,,,0,3,3,14.0,,2,4.0,0.0,0.0,0.0,0.0,6.0,0.0,783.5333,19.0,0.0
2016,CBJ,8475233,David,Savard,D,74,,,,,,,,,,,6,17,23,44.0,,2,33.0,0.0,0.0,0.0,0.0,135.0,0.0444,1310.0,27.8,0.0
2016,CBJ,8476310,Lukas,Sedlak,C,62,,,,,,,,,,,7,6,13,25.0,,2,10.0,0.0,1.0,0.0,0.0,57.0,0.1228,583.3871,14.4,0.5237
2016,CBJ,8476391,T.J.,Tynan,C,3,,,,,,,,,,,0,0,0,0.0,,2,-1.0,0.0,0.0,0.0,0.0,3.0,0.0,449.0,11.3,0.0
2016,CBJ,8476432,Boone,Jenner,C,82,,,,,,,,,,,18,16,34,52.0,,2,14.0,0.0,2.0,4.0,0.0,211.0,0.0853,963.6829,21.7,0.5
2016,CBJ,8476438,Brandon,Saad,L,82,,,,,,,,,,,24,29,53,8.0,,2,23.0,1.0,0.0,4.0,0.0,210.0,0.1143,1021.7805,23.0,0.4444
2016,CBJ,8476448,William,Karlsson,C,81,,,,,,,,,,,6,19,25,10.0,,2,10.0,1.0,0.0,3.0,0.0,96.0,0.0625,803.2469,19.6,0.4531
2016,CBJ,8476449,Scott,Harrington,D,22,,,,,,,,,,,1,2,3,10.0,,2,3.0,0.0,0.0,0.0,0.0,16.0,0.0625,780.4091,18.4,0.0
2016,CBJ,8476850,Ryan,Murray,D,60,,,,,,,,,,,2,9,11,24.0,,2,3.0,0.0,0.0,0.0,0.0,52.0,0.0385,1099.9833,24.4,0.0
2016,CBJ,8476981,Josh,Anderson,R,78,,,,,,,,,,,17,12,29,89.0,,2,12.0,0.0,0.0,3.0,0.0,119.0,0.1429,721.1923,17.5,0.2759
2016,CBJ,8477416,Oliver,Bjorkstrand,R,26,,,,,,,,,,,6,7,13,6.0,,2,4.0,0.0,0.0,2.0,0.0,55.0,0.1091,845.3846,18.6,1.0
2016,CBJ,8477495,Seth,Jones,D,75,,,,,,,,,,,12,30,42,24.0,,2,6.0,1.0,0.0,3.0,3.0,152.0,0.0789,1404.2,30.0,0.0
2016,CBJ,8477505,Alexander,Wennberg,C,80,,,,,,,,,,,13,46,59,21.0,,2,9.0,2.0,0.0,5.0,0.0,109.0,0.1193,1102.65,23.7,0.4739
2016,CBJ,8477947,Sonny,Milano,L,4,,,,,,,,,,,0,0,0,0.0,,2,-3.0,0.0,0.0,0.0,0.0,2.0,0.0,701.0,15.8,0.0
2016,CBJ,8478460,Zach,Werenski,D,78,,,,,,,,,,,11,36,47,14.0,,2,17.0,4.0,0.0,1.0,1.0,188.0,0.0585,1254.6667,26.5,0.0
2016,CBJ,8478506,Gabriel,Carlsson,D,2,,,,,,,,,,,0,1,1,0.0,,2,-2.0,0.0,0.0,0.0,0.0,3.0,0.0,1027.5,23.0,0.0
2016,CBJ,8478541,Markus,Hannikainen,L,10,,,,,,,,,,,1,1,2,6.0,,2,0.0,0.0,0.0,0.0,0.0,8.0,0.125,547.6,13.5,0.0
2016,CBJ,8478906,Markus,Nutivaara,D,66,,,,,,,,,,,2,5,7,6.0,,2,7.0,0.0,0.0,0.0,0.0,66.0,0.0303,792.7576,18.0,0.0
2016,CBJ,8475683,Sergei,Bobrovsky,G,5,5.0,1.0,4.0,,3.880145,0.882353,170.0,150.0,20.0,0.0,0,0,0,,18556.0,3,,,,,,,,,,
2016,CBJ,8468486,Scott,Hartnell,L,4,,,,,,,,,,,0,0,0,0.0,,3,-2.0,0.0,0.0,0.0,0.0,4.0,0.0,639.0,16.8,0.0
2016,CBJ,8470724,Kyle,Quincey,D,2,,,,,,,,,,,0,1,1,2.0,,3,-1.0,0.0,0.0,0.0,0.0,1.0,0.0,1141.5,27.5,0.0
2016,CBJ,8471273,Brandon,Dubinsky,C,5,,,,,,,,,,,1,1,2,6.0,,3,-2.0,0.0,0.0,0.0,0.0,8.0,0.125,1076.8,26.6,0.5111
2016,CBJ,8471677,Jack,Johnson,D,5,,,,,,,,,,,1,1,2,0.0,,3,-3.0,0.0,0.0,0.0,0.0,15.0,0.0667,1552.0,32.0,0.0
2016,CBJ,8473422,Nick,Foligno,L,4,,,,,,,,,,,0,2,2,6.0,,3,-3.0,0.0,0.0,0.0,0.0,12.0,0.0,1224.5,25.8,0.0
2016,CBJ,8474040,Sam,Gagner,C,5,,,,,,,,,,,0,2,2,2.0,,3,-3.0,0.0,0.0,0.0,0.0,12.0,0.0,759.6,17.2,0.3659
2016,CBJ,8474685,Matt,Calvert,L,4,,,,,,,,,,,1,1,2,4.0,,3,4.0,0.0,0.0,0.0,0.0,9.0,0.1111,853.5,21.0,0.0
2016,CBJ,8474715,Cam,Atkinson,R,5,,,,,,,,,,,2,1,3,0.0,,3,-3.0,0.0,0.0,0.0,0.0,14.0,0.1429,1174.6,27.2,0.0
2016,CBJ,8475233,David,Savard,D,5,,,,,,,,,,,0,1,1,4.0,,3,-4.0,0.0,0.0,0.0,0.0,10.0,0.0,1493.0,32.0,0.0
2016,CBJ,8476310,Lukas,Sedlak,C,2,,,,,,,,,,,0,0,0,0.0,,3,-1.0,0.0,0.0,0.0,0.0,2.0,0.0,496.0,13.0,0.5833
2016,CBJ,8476432,Boone,Jenner,C,5,,,,,,,,,,,2,1,3,14.0,,3,-2.0,1.0,0.0,1.0,0.0,16.0,0.125,1068.6,25.6,0.0
2016,CBJ,8476438,Brandon,Saad,L,5,,,,,,,,,,,1,2,3,0.0,,3,-5.0,0.0,0.0,0.0,0.0,10.0,0.1,958.0,24.2,0.0
2016,CBJ,8476448,William,Karlsson,C,5,,,,,,,,,,,2,1,3,0.0,,3,4.0,0.0,0.0,0.0,0.0,12.0,0.1667,965.6,23.4,0.5349
2016,CBJ,8476449,Scott,Harrington,D,3,,,,,,,,,,,0,0,0,10.0,,3,0.0,0.0,0.0,0.0,0.0,3.0,0.0,747.0,18.7,0.0
2016,CBJ,8476981,Josh,Anderson,R,5,,,,,,,,,,,1,1,2,2.0,,3,2.0,0.0,0.0,0.0,0.0,11.0,0.0909,823.2,19.8,0.3333
2016,CBJ,8477416,Oliver,Bjorkstrand,R,5,,,,,,,,,,,0,1,1,0.0,,3,-2.0,0.0,0.0,0.0,0.0,10.0,0.0,771.4,20.0,0.0
2016,CBJ,8477495,Seth,Jones,D,5,,,,,,,,,,,0,2,2,0.0,,3,-4.0,0.0,0.0,0.0,0.0,12.0,0.0,1563.8,32.6,0.0
2016,CBJ,8477505,Alexander,Wennberg,C,5,,,,,,,,,,,0,1,1,2.0,,3,-3.0,0.0,0.0,0.0,0.0,10.0,0.0,1166.8,25.6,0.4268
2016,CBJ,8477947,Sonny,Milano,L,1,,,,,,,,,,,0,0,0,0.0,,3,0.0,0.0,0.0,0.0,0.0,0.0,0.0,407.0,9.0,0.0
2016,CBJ,8478460,Zach,Werenski,D,3,,,,,,,,,,,1,0,1,0.0,,3,-2.0,1.0,0.0,0.0,0.0,14.0,0.0714,1409.3333,28.7,0.0
2016,CBJ,8478506,Gabriel,Carlsson,D,5,,,,,,,,,,,0,0,0,0.0,,3,1.0,0.0,0.0,0.0,0.0,2.0,0.0,657.6,17.6,0.0
2016,CBJ,8478906,Markus,Nutivaara,D,2,,,,,,,,,,,1,1,2,0.0,,3,3.0,0.0,0.0,0.0,0.0,7.0,0.1429,715.5,19.0,0.0
2016,CGY,8470880,Brian,Elliott,G,49,45.0,26.0,18.0,3.0,2.552368,0.909567,1338.0,1217.0,121.0,2.0,0,0,0,4.0,170665.0,2,,,,,,,,,,
2016,CGY,8473434,Chad,Johnson,G,36,36.0,18.0,15.0,1.0,2.592886,0.910217,969.0,882.0,87.0,3.0,0,0,0,,120792.0,2,,,,,,,,,,
2016,CGY,8476903,Jon,Gillies,G,1,1.0,1.0,0.0,0.0,0.999997,0.964286,28.0,27.0,1.0,0.0,0,0,0,,3600.0,2,,,,,,,,,,
2016,CGY,8479496,David,Rittich,G,1,0.0,,,0.0,2.999999,0.9,10.0,9.0,1.0,0.0,0,0,0,,1200.0,2,,,,,,,,,,
2016,CGY,8468674,Deryk,Engelland,D,81,,,,,,,,,,,4,12,16,85.0,,2,2.0,0.0,0.0,2.0,0.0,107.0,0.0374,1099.7901,24.0,1.0
2016,CGY,8469770,Dennis,Wideman,D,57,,,,,,,,,,,5,13,18,32.0,,2,-6.0,2.0,0.0,1.0,0.0,87.0,0.0575,1213.7719,26.3,0.0
2016,CGY,8470162,Matt,Stajan,C,81,,,,,,,,,,,6,17,23,40.0,,2,3.0,0.0,0.0,3.0,0.0,59.0,0.1017,760.8765,18.2,0.5013
2016,CGY,8470966,Mark,Giordano,D,81,,,,,,,,,,,12,27,39,59.0,,2,22.0,3.0,2.0,4.0,1.0,151.0,0.0795,1414.9383,29.2,0.0
2016,CGY,8471269,Nicklas,Grossmann,D,3,,,,,,,,,,,0,0,0,2.0,,2,-4.0,0.0,0.0,0.0,0.0,3.0,0.0,780.6667,22.0,0.0
2016,CGY,8471346,Kris,Versteeg,R,69,,,,,,,,,,,15,22,37,46.0,,2,-3.0,8.0,0.0,1.0,0.0,136.0,0.1103,883.6377,18.6,0.5196
2016,CGY,8471426,Troy,Brouwer,R,74,,,,,,,,,,,13,12,25,31.0,,2,-11.0,5.0,1.0,2.0,0.0,86.0,0.1512,973.3649,21.8,0.3125
2016,CGY,8473564,Michael,Frolik,R,82,,,,,,,,,,,17,27,44,58.0,,2,13.0,3.0,2.0,1.0,1.0,202.0,0.0842,1024.9268,22.7,0.4483
2016,CGY,8474150,Mikael,Backlund,C,81,,,,,,,,,,,22,31,53,36.0,,2,9.0,7.0,0.0,7.0,2.0,197.0,0.1117,1056.358,23.6,0.4807
2016,CGY,8474628,Michael,Stone,D,19,,,,,,,,,,,2,4,6,20.0,,2,5.0,0.0,0.0,0.0,0.0,24.0,0.0833,1131.2105,26.1,0.0
2016,CGY,8474642,Lance,Bouma,L,61,,,,,,,,,,,3,4,7,35.0,,2,-2.0,0.0,0.0,1.0,0.0,53.0,0.0566,680.7869,17.1,0.3333
2016,CGY,8474673,TJ,Brodie,D,82,,,,,,,,,,,6,30,36,24.0,,2,-16.0,1.0,1.0,2.0,1.0,78.0,0.0769,1414.8659,29.0,0.0
2016,CGY,8474749,Matt,Bartkowski,D,24,,,,,,,,,,,1,1,2,26.0,,2,-4.0,0.0,0.0,0.0,0.0,16.0,0.0625,923.25,21.8,0.0
2016,CGY,8475163,Alex,Chiasson,R,81,,,,,,,,,,,12,12,24,46.0,,2,-6.0,0.0,1.0,1.0,0.0,104.0,0.1154,803.321,18.5,0.2414
2016,CGY,8475223,Linden,Vey,R,4,,,,,,,,,,,0,0,0,0.0,,2,-2.0,0.0,0.0,0.0,0.0,1.0,0.0,661.0,15.0,0.375
2016,CGY,8475878,Freddie,Hamilton,C,26,,,,,,,,,,,2,0,2,8.0,,2,-3.0,0.0,0.0,1.0,0.0,30.0,0.0667,586.8462,14.0,0.5952
2016,CGY,8475907,Micheal,Ferland,L,76,,,,,,,,,,,15,10,25,50.0,,2,-1.0,2.0,0.0,1.0,0.0,106.0,0.1415,693.8947,17.0,0.4286
2016,CGY,8476279,Jyrki,Jokipakka,D,38,,,,,,,,,,,1,5,6,12.0,,2,-3.0,0.0,0.0,0.0,0.0,29.0,0.0345,865.8947,20.1,0.0
2016,CGY,8476346,Johnny,Gaudreau,L,72,,,,,,,,,,,18,43,61,4.0,,2,-7.0,4.0,0.0,3.0,1.0,182.0,0.0989,1109.4722,22.2,0.0
2016,CGY,8476452,Tyler,Wotherspoon,D,4,,,,,,,,,,,0,0,0,0.0,,2,-2.0,0.0,0.0,0.0,0.0,4.0,0.0,654.0,15.5,0.0
2016,CGY,8476462,Dougie,Hamilton,D,81,,,,,,,,,,,13,37,50,64.0,,2,12.0,2.0,0.0,5.0,1.0,222.0,0.0586,1181.0494,26.3,0.0
2016,CGY,8476873,Mark,Jankowski,L,1,,,,,,,,,,,0,0,0,0.0,,2,0.0,0.0,0.0,0.0,0.0,0.0,0.0,618.0,13.0,0.625
2016,CGY,8476967,Brett,Kulak,D,21,,,,,,,,,,,0,3,3,12.0,,2,-3.0,0.0,0.0,0.0,0.0,19.0,0.0,854.5238,19.8,0.0
2016,CGY,8477445,Hunter,Shinkaruk,C,7,,,,,,,,,,,0,1,1,2.0,,2,-3.0,0.0,0.0,0.0,0.0,5.0,0.0,635.0,13.7,0.0
2016,CGY,8477497,Sean,Monahan,C,82,,,,,,,,,,,27,31,58,20.0,,2,-1.0,8.0,1.0,4.0,2.0,199.0,0.1357,1054.6098,22.4,0.5145
2016,CGY,8477508,Curtis,Lazar,C,4,,,,,,,,,,,1,2,3,0.0,,2,2.0,0.0,0.0,0.0,0.0,2.0,0.5,706.5,16.3,0.4583
2016,CGY,8477903,Garnet,Hathaway,R,26,,,,,,,,,,,1,4,5,44.0,,2,0.0,0.0,0.0,0.0,0.0,22.0,0.0455,548.3462,13.5,0.5263
2016,CGY,8477935,Sam,Bennett,C,81,,,,,,,,,,,13,13,26,75.0,,2,-16.0,4.0,0.0,0.0,0.0,122.0,0.1066,899.2469,19.9,0.4612
2016,CGY,8478397,Rasmus,Andersson,D,1,,,,,,,,,,,0,0,0,0.0,,2,-1.0,0.0,0.0,0.0,0.0,0.0,0.0,1113.0,23.0,0.0
2016,CGY,8479314,Matthew,Tkachuk,L,76,,,,,,,,,,,13,35,48,105.0,,2,14.0,3.0,0.0,2.0,0.0,142.0,0.0915,879.6579,19.3,0.3478
2016,CGY,8470880,Brian,Elliott,G,4,4.0,0.0,3.0,,3.88489,0.88,100.0,88.0,12.0,0.0,0,0,0,,11120.0,3,,,,,,,,,,
2016,CGY,8473434,Chad,Johnson,G,1,0.0,0.0,1.0,,1.157555,0.952381,21.0,20.0,1.0,0.0,0,0,0,,3110.0,3,,,,,,,,,,
2016,CGY,8468674,Deryk,Engelland,D,4,,,,,,,,,,,0,0,0,2.0,,3,-3.0,0.0,0.0,0.0,0.0,2.0,0.0,916.5,21.3,0.0
2016,CGY,8470162,Matt,Stajan,C,3,,,,,,,,,,,0,0,0,0.0,,3,-1.0,0.0,0.0,0.0,0.0,1.0,0.0,615.6667,15.7,0.4
2016,CGY,8470966,Mark,Giordano,D,4,,,,,,,,,,,0,1,1,2.0,,3,-2.0,0.0,0.0,0.0,0.0,6.0,0.0,1530.5,30.8,0.0
2016,CGY,8471346,Kris,Versteeg,R,4,,,,,,,,,,,1,3,4,4.0,,3,-2.0,1.0,0.0,0.0,0.0,12.0,0.0833,919.75,20.3,0.5556
2016,CGY,8471426,Troy,Brouwer,R,4,,,,,,,,,,,0,2,2,0.0,,3,-1.0,0.0,0.0,0.0,0.0,11.0,0.0,843.75,19.8,0.48
2016,CGY,8473564,Michael,Frolik,R,4,,,,,,,,,,,0,1,1,0.0,,3,-2.0,0.0,0.0,0.0,0.0,7.0,0.0,1128.75,24.0,0.5
2016,CGY,8474150,Mikael,Backlund,C,4,,,,,,,,,,,1,2,3,0.0,,3,-3.0,0.0,1.0,0.0,0.0,14.0,0.0714,1188.75,24.3,0.5057
2016,CGY,8474628,Michael,Stone,D,4,,,,,,,,,,,1,0,1,0.0,,3,-1.0,0.0,0.0,0.0,0.0,5.0,0.2,1126.25,25.3,0.0
2016,CGY,8474642,Lance,Bouma,L,3,,,,,,,,,,,0,0,0,2.0,,3,-1.0,0.0,0.0,0.0,0.0,3.0,0.0,599.6667,15.0,0.0
2016,CGY,8474673,TJ,Brodie,D,4,,,,,,,,,,,0,4,4,2.0,,3,-1.0,0.0,0.0,0.0,0.0,10.0,0.0,1339.75,27.8,0.0
2016,CGY,8474749,Matt,Bartkowski,D,4,,,,,,,,,,,0,0,0,0.0,,3,-5.0,0.0,0.0,0.0,0.0,6.0,0.0,764.5,18.0,0.0
2016,CGY,8475163,Alex,Chiasson,R,4,,,,,,,,,,,0,0,0,2.0,,3,-1.0,0.0,0.0,0.0,0.0,2.0,0.0,768.75,21.0,0.0
2016,CGY,8475878,Freddie,Hamilton,C,1,,,,,,,,,,,0,0,0,0.0,,3,0.0,0.0,0.0,0.0,0.0,1.0,0.0,400.0,10.0,0.0
2016,CGY,8475907,Micheal,Ferland,L,4,,,,,,,,,,,0,0,0,7.0,,3,-4.0,0.0,0.0,0.0,0.0,15.0,0.0,748.0,19.8,1.0
2016,CGY,8476346,Johnny,Gaudreau,L,4,,,,,,,,,,,0,2,2,0.0,,3,-4.0,0.0,0.0,0.0,0.0,8.0,0.0,1191.0,22.8,0.0
2016,CGY,8476462,Dougie,Hamilton,D,4,,,,,,,,,,,0,1,1,8.0,,3,-3.0,0.0,0.0,0.0,0.0,10.0,0.0,1336.25,28.8,0.0
2016,CGY,8477497,Sean,Monahan,C,4,,,,,,,,,,,4,1,5,0.0,,3,-4.0,4.0,0.0,0.0,0.0,9.0,0.4444,1110.0,23.3,0.4744
2016,CGY,8477508,Curtis,Lazar,C,1,,,,,,,,,,,0,0,0,0.0,,3,0.0,0.0,0.0,0.0,0.0,0.0,0.0,436.0,11.0,0.5
2016,CGY,8477935,Sam,Bennett,C,4,,,,,,,,,,,2,0,2,4.0,,3,-1.0,1.0,0.0,0.0,0.0,10.0,0.2,819.75,21.0,0.3696
2016,CGY,8479314,Matthew,Tkachuk,L,4,,,,,,,,,,,0,0,0,4.0,,3,-2.0,0.0,0.0,0.0,0.0,6.0,0.0,931.75,20.8,0.0
2016,CHI,8470645,Corey,Crawford,G,55,55.0,32.0,18.0,4.0,2.55015,0.918391,1691.0,1553.0,138.0,2.0,0,1,1,2.0,194812.0,2,,,,,,,,,,
2016,CHI,8474152,Scott,Darling,G,32,27.0,18.0,5.0,5.0,2.380691,0.923603,877.0,810.0,67.0,2.0,0,0,0,,101315.0,2,,,,,,,,,,
2016,CHI,8465058,Michal,Rozsival,D,22,,,,,,,,,,,1,2,3,14.0,,2,-3.0,0.0,0.0,1.0,0.0,16.0,0.0625,929.7273,21.1,0.0
2016,CHI,8466148,Marian,Hossa,R,73,,,,,,,,,,,26,19,45,8.0,,2,7.0,5.0,1.0,7.0,3.0,167.0,0.1557,1011.4521,22.7,0.3571
2016,CHI,8466285,Brian,Campbell,D,80,,,,,,,,,,,5,12,17,24.0,,2,12.0,2.0,0.0,1.0,0.0,74.0,0.0676,1105.775,23.7,0.0
2016,CHI,8469547,Jordin,Tootoo,R,50,,,,,,,,,,,2,1,3,28.0,,2,-6.0,0.0,0.0,0.0,0.0,43.0,0.0465,404.82,10.2,1.0
2016,CHI,8469665,Johnny,Oduya,D,15,,,,,,,,,,,1,1,2,8.0,,2,-2.0,0.0,0.0,0.0,0.0,13.0,0.0769,1111.1333,27.3,0.0
2016,CHI,8470281,Duncan,Keith,D,80,,,,,,,,,,,6,47,53,16.0,,2,22.0,2.0,0.0,2.0,1.0,183.0,0.0328,1537.0,29.7,0.0
2016,CHI,8470607,Brent,Seabrook,D,79,,,,,,,,,,,3,36,39,26.0,,2,5.0,2.0,0.0,0.0,0.0,131.0,0.0229,1313.5063,28.3,0.0
2016,CHI,8471769,Niklas,Hjalmarsson,D,73,,,,,,,,,,,5,13,18,20.0,,2,12.0,0.0,0.0,0.0,0.0,61.0,0.082,1289.6986,28.2,0.0
2016,CHI,8471956,Andrew,Desjardins,L,46,,,,,,,,,,,0,1,1,22.0,,2,-6.0,0.0,0.0,0.0,0.0,46.0,0.0,564.087,13.2,0.5652
2016,CHI,8473573,Artem,Anisimov,C,64,,,,,,,,,,,22,23,45,30.0,,2,9.0,4.0,0.0,7.0,1.0,105.0,0.2095,1070.7656,21.9,0.4512
2016,CHI,8473604,Jonathan,Toews,C,72,,,,,,,,,,,21,37,58,35.0,,2,7.0,6.0,0.0,5.0,1.0,199.0,0.1055,1209.25,24.6,0.549
2016,CHI,8474141,Patrick,Kane,R,82,,,,,,,,,,,34,55,89,32.0,,2,11.0,7.0,0.0,5.0,1.0,292.0,0.1164,1283.6951,23.3,0.1373
2016,CHI,8475209,Richard,Panik,R,82,,,,,,,,,,,22,22,44,58.0,,2,14.0,4.0,0.0,5.0,0.0,155.0,0.1419,884.0244,19.2,0.2857
2016,CHI,8475323,Marcus,Kruger,C,70,,,,,,,,,,,5,12,17,34.0,,2,7.0,0.0,0.0,0.0,0.0,83.0,0.0602,841.2286,21.8,0.4911
2016,CHI,8476430,Tomas,Jurco,R,13,,,,,,,,,,,1,0,1,2.0,,2,-4.0,0.0,0.0,0.0,0.0,23.0,0.0435,682.4615,15.9,0.0
2016,CHI,8476805,Spencer,Abbott,L,1,,,,,,,,,,,0,0,0,0.0,,2,0.0,0.0,0.0,0.0,0.0,1.0,0.0,514.0,12.0,0.0
2016,CHI,8476994,Vinnie,Hinostroza,C,49,,,,,,,,,,,6,8,14,17.0,,2,-1.0,0.0,0.0,2.0,0.0,76.0,0.0789,718.6939,15.6,0.3977
2016,CHI,8477353,Tyler,Motte,C,33,,,,,,,,,,,4,3,7,14.0,,2,2.0,0.0,0.0,0.0,0.0,46.0,0.087,683.2121,17.5,0.4
2016,CHI,8477401,John,Hayden,C,12,,,,,,,,,,,1,3,4,4.0,,2,3.0,0.0,0.0,0.0,0.0,22.0,0.0455,701.0833,17.3,0.0
2016,CHI,8477451,Ryan,Hartman,R,76,,,,,,,,,,,19,12,31,70.0,,2,13.0,1.0,0.0,4.0,1.0,170.0,0.1118,766.0263,17.1,0.4032
2016,CHI,8477845,Trevor,van Riemsdyk,D,58,,,,,,,,,,,5,11,16,29.0,,2,17.0,0.0,0.0,2.0,0.0,73.0,0.0685,1104.5172,24.0,0.0
2016,CHI,8477929,Dennis,Rasmussen,C,68,,,,,,,,,,,4,4,8,12.0,,2,-4.0,0.0,0.0,0.0,0.0,77.0,0.0519,709.6176,18.5,0.4459
2016,CHI,8477951,Nick,Schmaltz,C,61,,,,,,,,,,,6,22,28,6.0,,2,10.0,0.0,0.0,0.0,0.0,66.0,0.0909,795.6721,17.5,0.3088
2016,CHI,8478055,Gustav,Forsling,D,38,,,,,,,,,,,2,3,5,4.0,,2,3.0,0.0,0.0,0.0,0.0,48.0,0.0417,889.1316,19.3,0.0
2016,CHI,8478528,Tanner,Kero,C,47,,,,,,,,,,,6,10,16,8.0,,2,15.0,0.0,0.0,0.0,0.0,60.0,0.1,809.1489,19.0,0.4437
2016,CHI,8478550,Artemi,Panarin,L,82,,,,,,,,,,,31,43,74,21.0,,2,18.0,9.0,0.0,5.0,1.0,211.0,0.1469,1168.2683,22.2,0.2
2016,CHI,8479482,Michal,Kempny,D,50,,,,,,,,,,,2,6,8,22.0,,2,1.0,0.0,0.0,0.0,0.0,67.0,0.0299,897.96,19.9,0.0
2016,CHI,8470645,Corey,Crawford,G,4,4.0,0.0,4.0,,2.837063,0.902439,123.0,111.0,12.0,0.0,0,0,0,,15227.0,3,,,,,,,,,,
2016,CHI,8466148,Marian,Hossa,R,4,,,,,,,,,,,0,0,0,2.0,,3,-4.0,0.0,0.0,0.0,0.0,15.0,0.0,1140.75,25.8,0.0
2016,CHI,8466285,Brian,Campbell,D,4,,,,,,,,,,,0,0,0,0.0,,3,-2.0,0.0,0.0,0.0,0.0,2.0,0.0,970.25,22.8,0.0
2016,CHI,8469547,Jordin,Tootoo,R,2,,,,,,,,,,,0,0,0,0.0,,3,0.0,0.0,0.0,0.0,0.0,2.0,0.0,373.0,8.5,0.0
2016,CHI,8469665,Johnny,Oduya,D,4,,,,,,,,,,,0,0,0,0.0,,3,-3.0,0.0,0.0,0.0,0.0,3.0,0.0,1160.75,28.0,0.0
2016,CHI,8470281,Duncan,Keith,D,4,,,,,,,,,,,0,1,1,2.0,,3,-6.0,0.0,0.0,0.0,0.0,6.0,0.0,1533.25,32.0,0.0
2016,CHI,8470607,Brent,Seabrook,D,4,,,,,,,,,,,0,0,0,2.0,,3,-3.0,0.0,0.0,0.0,0.0,7.0,0.0,1344.75,31.3,0.0
2016,CHI,8471769,Niklas,Hjalmarsson,D,4,,,,,,,,,,,0,0,0,2.0,,3,-4.0,0.0,0.0,0.0,0.0,1.0,0.0,1349.5,30.8,0.0
2016,CHI,8473573,Artem,Anisimov,C,4,,,,,,,,,,,0,0,0,0.0,,3,-2.0,0.0,0.0,0.0,0.0,6.0,0.0,1041.5,23.5,0.2941
2016,CHI,8473604,Jonathan,Toews,C,4,,,,,,,,,,,1,1,2,0.0,,3,-5.0,1.0,0.0,0.0,0.0,10.0,0.1,1233.75,27.0,0.5556
2016,CHI,8474141,Patrick,Kane,R,4,,,,,,,,,,,1,1,2,2.0,,3,-3.0,1.0,0.0,0.0,0.0,23.0,0.0435,1435.25,28.3,0.5
2016,CHI,8475209,Richard,Panik,R,4,,,,,,,,,,,0,1,1,2.0,,3,-3.0,0.0,0.0,0.0,0.0,6.0,0.0,945.75,22.8,0.0
2016,CHI,8475323,Marcus,Kruger,C,4,,,,,,,,,,,0,1,1,2.0,,3,-2.0,0.0,0.0,0.0,0.0,7.0,0.0,919.75,23.8,0.3774
2016,CHI,8476994,Vinnie,Hinostroza,C,1,,,,,,,,,,,0,0,0,0.0,,3,-2.0,0.0,0.0,0.0,0.0,0.0,0.0,408.0,11.0,0.0
2016,CHI,8477401,John,Hayden,C,1,,,,,,,,,,,0,0,0,0.0,,3,0.0,0.0,0.0,0.0,0.0,0.0,0.0,339.0,9.0,0.0
2016,CHI,8477451,Ryan,Hartman,R,4,,,,,,,,,,,0,0,0,14.0,,3,-3.0,0.0,0.0,0.0,0.0,6.0,0.0,693.5,15.8,0.6667
2016,CHI,8477845,Trevor,van Riemsdyk,D,4,,,,,,,,,,,0,0,0,0.0,,3,-4.0,0.0,0.0,0.0,0.0,9.0,0.0,1142.25,26.5,0.0
2016,CHI,8477929,Dennis,Rasmussen,C,3,,,,,,,,,,,1,0,1,0.0,,3,-2.0,0.0,0.0,0.0,0.0,5.0,0.2,816.0,22.3,0.5
2016,CHI,8477951,Nick,Schmaltz,C,4,,,,,,,,,,,0,0,0,2.0,,3,-2.0,0.0,0.0,0.0,0.0,2.0,0.0,922.0,20.8,0.5714
2016,CHI,8478528,Tanner,Kero,C,4,,,,,,,,,,,0,0,0,0.0,,3,-2.0,0.0,0.0,0.0,0.0,4.0,0.0,818.25,20.0,0.5897
2016,CHI,8478550,Artemi,Panarin,L,4,,,,,,,,,,,0,1,1,0.0,,3,-4.0,0.0,0.0,0.0,0.0,11.0,0.0,1251.75,25.8,0.0
2016,CHI,8479482,Michal,Kempny,D,1,,,,,,,,,,,0,0,0,0.0,,3,0.0,0.0,0.0,0.0,0.0,1.0,0.0,531.0,11.0,0.0
2016,COL,8473575,Semyon,Varlamov,G,24,23.0,6.0,17.0,0.0,3.38333,0.897987,745.0,669.0,76.0,1.0,0,1,1,,80867.0,2,,,,,,,,,,
2016,COL,8474092,Jeremy,Smith,G,10,8.0,1.0,6.0,1.0,3.537756,0.888112,286.0,254.0,32.0,0.0,0,0,0,,32563.0,2,,,,,,,,,,
2016,COL,8475717,Calvin,Pickard,G,50,48.0,15.0,31.0,2.0,2.978438,0.904175,1461.0,1321.0,140.0,2.0,0,2,2,2.0,169216.0,2,,,,,,,,,,
2016,COL,8477484,Spencer,Martin,G,3,3.0,0.0,2.0,1.0,4.347018,0.864583,96.0,83.0,13.0,0.0,0,0,0,,10766.0,2,,,,,,,,,,
2016,COL,8462042,Jarome,Iginla,R,61,,,,,,,,,,,8,10,18,54.0,,2,-21.0,4.0,0.0,0.0,0.0,120.0,0.0667,884.9672,19.2,0.6316
2016,COL,8467400,Francois,Beauchemin,D,81,,,,,,,,,,,5,13,18,32.0,,2,-14.0,0.0,0.0,1.0,0.0,132.0,0.0379,1290.9383,26.6,0.0
2016,COL,8469492,Fedor,Tyutin,D,69,,,,,,,,,,,1,12,13,38.0,,2,-25.0,0.0,0.0,0.0,0.0,46.0,0.0217,1136.3043,25.5,0.0
2016,COL,8470750,John,Mitchell,C,65,,,,,,,,,,,3,4,7,45.0,,2,-12.0,0.0,0.0,1.0,0.0,57.0,0.0526,753.2308,17.2,0.5539
2016,COL,8471260,Blake,Comeau,L,77,,,,,,,,,,,8,12,20,58.0,,2,-19.0,2.0,1.0,1.0,0.0,103.0,0.0777,899.0779,20.6,0.4634
2016,COL,8471262,Carl,Soderberg,C,80,,,,,,,,,,,6,8,14,22.0,,2,-26.0,1.0,0.0,0.0,0.0,128.0,0.0469,806.7125,18.4,0.5199
2016,COL,8471504,Rene,Bourque,R,65,,,,,,,,,,,12,6,18,56.0,,2,-19.0,2.0,0.0,2.0,1.0,111.0,0.1081,836.6462,18.9,0.0
2016,COL,8471657,Cody,McLeod,L,28,,,,,,,,,,,1,0,1,52.0,,2,-2.0,0.0,0.0,0.0,0.0,12.0,0.0833,352.6429,9.0,0.0
2016,COL,8473446,Erik,Johnson,D,46,,,,,,,,,,,2,15,17,9.0,,2,-6.0,0.0,0.0,1.0,1.0,96.0,0.0208,1324.8913,29.4,0.0
2016,COL,8474577,Joe,Colborne,C,62,,,,,,,,,,,4,4,8,34.0,,2,-21.0,2.0,0.0,0.0,0.0,48.0,0.0833,641.9355,15.2,0.3846
2016,COL,8474597,Cody,Goloubef,D,33,,,,,,,,,,,0,5,5,25.0,,2,-11.0,0.0,0.0,0.0,0.0,35.0,0.0,1019.3636,23.0,0.0
2016,COL,8474605,Patrick,Wiercioch,D,57,,,,,,,,,,,4,8,12,23.0,,2,-18.0,0.0,0.0,0.0,0.0,63.0,0.0635,999.9825,22.6,0.0
2016,COL,8474717,Mark,Barberio,D,34,,,,,,,,,,,2,7,9,4.0,,2,-6.0,1.0,0.0,0.0,0.0,52.0,0.0385,1239.6765,24.4,0.0
2016,COL,8474727,Ben,Smith,R,4,,,,,,,,,,,0,0,0,0.0,,2,-2.0,0.0,0.0,0.0,0.0,1.0,0.0,646.25,16.5,0.525
2016,COL,8475168,Matt,Duchene,C,77,,,,,,,,,,,18,23,41,12.0,,2,-34.0,3.0,1.0,3.0,1.0,160.0,0.1125,1098.2468,23.3,0.6257
2016,COL,8475197,Tyson,Barrie,D,74,,,,,,,,,,,7,31,38,18.0,,2,-34.0,1.0,0.0,2.0,0.0,182.0,0.0385,1398.4595,27.7,0.0
2016,COL,8475199,Eric,Gelinas,D,27,,,,,,,,,,,0,1,1,12.0,,2,-4.0,0.0,0.0,0.0,0.0,29.0,0.0,694.963,16.6,0.0
2016,COL,8475268,Gabriel,Bourque,L,6,,,,,,,,,,,0,0,0,0.0,,2,0.0,0.0,0.0,0.0,0.0,4.0,0.0,672.0,17.2,0.0
2016,COL,8476428,Rocco,Grimaldi,R,4,,,,,,,,,,,0,1,1,2.0,,2,-3.0,0.0,0.0,0.0,0.0,11.0,0.0,660.0,14.3,0.0
2016,COL,8476442,Matt,Nieto,L,43,,,,,,,,,,,7,4,11,4.0,,2,-9.0,0.0,0.0,1.0,0.0,61.0,0.1148,956.0233,21.2,0.5
2016,COL,8476455,Gabriel,Landeskog,L,72,,,,,,,,,,,18,15,33,62.0,,2,-25.0,5.0,1.0,2.0,1.0,169.0,0.1065,1126.8889,24.0,0.496
2016,COL,8476464,Duncan,Siemens,D,3,,,,,,,,,,,0,0,0,2.0,,2,-2.0,0.0,0.0,0.0,0.0,2.0,0.0,738.6667,19.0,0.0
2016,COL,8476511,Samuel,Henley,C,1,,,,,,,,,,,1,0,1,2.0,,2,1.0,0.0,0.0,0.0,0.0,1.0,1.0,318.0,10.0,0.0
2016,COL,8476888,Mikhail,Grigorenko,C,75,,,,,,,,,,,10,13,23,18.0,,2,-14.0,0.0,0.0,0.0,0.0,85.0,0.1176,845.3467,19.1,0.5781
2016,COL,8477413,Sven,Andrighetto,R,19,,,,,,,,,,,5,11,16,8.0,,2,0.0,2.0,0.0,0.0,0.0,37.0,0.1351,1049.8947,21.1,0.7
2016,COL,8477456,J.T.,Compher,L,21,,,,,,,,,,,3,2,5,4.0,,2,0.0,1.0,0.0,1.0,0.0,30.0,0.1,895.7619,19.8,0.4756
2016,COL,8477492,Nathan,MacKinnon,C,82,,,,,,,,,,,16,37,53,16.0,,2,-14.0,2.0,2.0,4.0,2.0,251.0,0.0637,1196.6341,25.6,0.5056
2016,COL,8477507,Nikita,Zadorov,D,56,,,,,,,,,,,0,10,10,73.0,,2,-20.0,0.0,0.0,0.0,0.0,61.0,0.0,1142.1429,25.6,0.0
2016,COL,8478073,Anton,Lindholm,D,12,,,,,,,,,,,0,0,0,2.0,,2,-8.0,0.0,0.0,0.0,0.0,7.0,0.0,885.0833,20.4,0.0
2016,COL,8478420,Mikko,Rantanen,R,75,,,,,,,,,,,20,18,38,22.0,,2,-25.0,4.0,0.0,2.0,1.0,133.0,0.1504,1083.4933,22.2,0.58
2016,COL,8478421,A.J.,Greer,L,5,,,,,,,,,,,0,1,1,4.0,,2,-2.0,0.0,0.0,0.0,0.0,8.0,0.0,819.4,20.4,0.0
2016,COL,8478561,Andreas,Martinsen,L,55,,,,,,,,,,,3,4,7,32.0,,2,-10.0,0.0,0.0,0.0,0.0,59.0,0.0508,578.0182,14.8,1.0
2016,COL,8479370,Tyson,Jost,C,6,,,,,,,,,,,1,0,1,0.0,,2,-5.0,0.0,0.0,0.0,0.0,9.0,0.1111,940.5,20.2,0.4
2016,DAL,8470140,Kari,Lehtonen,G,59,52.0,22.0,25.0,7.0,2.85161,0.902329,1546.0,1395.0,151.0,3.0,0,1,1,4.0,190629.0,2,,,,,,,,,,
2016,DAL,8474550,Antti,Niemi,G,37,30.0,12.0,12.0,4.0,3.297654,0.892045,880.0,785.0,95.0,0.0,0,0,0,,103710.0,2,,,,,,,,,,
2016,DAL,8469455,Jason,Spezza,C,68,,,,,,,,,,,15,35,50,29.0,,2,-18.0,2.0,1.0,4.0,0.0,149.0,0.1007,970.25,22.5,0.5221
2016,DAL,8469465,Dan,Hamhuis,D,79,,,,,,,,,,,1,15,16,23.0,,2,-7.0,1.0,0.0,0.0,0.0,83.0,0.012,1161.5949,25.8,0.0
2016,DAL,8469466,Ales,Hemsky,R,15,,,,,,,,,,,4,3,7,0.0,,2,-1.0,1.0,0.0,0.0,0.0,30.0,0.1333,865.2,22.3,0.0
2016,DAL,8469544,Patrick,Sharp,L,48,,,,,,,,,,,8,10,18,31.0,,2,-22.0,1.0,1.0,0.0,0.0,146.0,0.0548,956.6042,22.4,0.4754
2016,DAL,8469665,Johnny,Oduya,D,37,,,,,,,,,,,1,6,7,10.0,,2,-2.0,0.0,0.0,0.0,0.0,24.0,0.0417,1090.3784,25.0,0.0
2016,DAL,8470201,Jiri,Hudler,R,32,,,,,,,,,,,3,8,11,4.0,,2,-3.0,1.0,0.0,1.0,0.0,27.0,0.1111,711.0,17.3,0.6
2016,DAL,8470622,Patrick,Eaves,R,59,,,,,,,,,,,21,16,37,16.0,,2,-10.0,11.0,0.0,1.0,0.0,154.0,0.1364,998.9153,23.7,0.5
2016,DAL,8471232,Lauri,Korpikoski,L,60,,,,,,,,,,,8,12,20,10.0,,2,5.0,0.0,0.0,0.0,0.0,104.0,0.0769,781.8667,20.2,0.0
2016,DAL,8471490,Adam,Cracknell,R,69,,,,,,,,,,,10,6,16,12.0,,2,9.0,0.0,1.0,2.0,0.0,87.0,0.1149,627.6087,15.8,0.4576
2016,DAL,8473994,Jamie,Benn,L,77,,,,,,,,,,,26,43,69,66.0,,2,-9.0,12.0,1.0,4.0,2.0,201.0,0.1294,1162.4286,27.1,0.5146
2016,DAL,8474688,Greg,Pateryn,D,12,,,,,,,,,,,0,3,3,6.0,,2,-2.0,0.0,0.0,0.0,0.0,14.0,0.0,1050.5,22.7,0.0
2016,DAL,8474818,Jordie,Benn,D,58,,,,,,,,,,,2,13,15,24.0,,2,-3.0,0.0,0.0,0.0,0.0,59.0,0.0339,1116.6552,26.1,0.0
2016,DAL,8474849,Antoine,Roussel,L,60,,,,,,,,,,,12,15,27,115.0,,2,1.0,0.0,0.0,3.0,0.0,82.0,0.1463,931.1,23.8,0.4375
2016,DAL,8475236,Cody,Eakin,C,60,,,,,,,,,,,3,9,12,49.0,,2,-7.0,0.0,0.0,1.0,0.0,82.0,0.0366,1008.9167,24.5,0.5235
2016,DAL,8475310,Curtis,McKenzie,L,53,,,,,,,,,,,6,10,16,72.0,,2,5.0,0.0,0.0,3.0,0.0,66.0,0.0909,651.1132,16.3,0.5
2016,DAL,8475413,Justin,Dowling,C,9,,,,,,,,,,,0,2,2,2.0,,2,0.0,0.0,0.0,0.0,0.0,11.0,0.0,628.2222,16.0,0.5507
2016,DAL,8475730,Stephen,Johns,D,61,,,,,,,,,,,4,6,10,36.0,,2,-10.0,0.0,0.0,1.0,0.0,91.0,0.044,1095.3279,24.5,0.0
2016,DAL,8475747,Patrik,Nemeth,D,40,,,,,,,,,,,0,3,3,14.0,,2,-4.0,0.0,0.0,0.0,0.0,46.0,0.0,946.725,21.0,0.0
2016,DAL,8475794,Tyler,Seguin,C,82,,,,,,,,,,,26,46,72,22.0,,2,-15.0,11.0,0.0,4.0,1.0,301.0,0.0864,1107.6341,24.3,0.5102
2016,DAL,8475906,John,Klingberg,D,80,,,,,,,,,,,13,36,49,34.0,,2,2.0,4.0,0.0,3.0,0.0,124.0,0.1048,1401.35,27.6,1.0
2016,DAL,8476439,Brett,Ritchie,R,78,,,,,,,,,,,16,8,24,38.0,,2,11.0,1.0,0.0,2.0,0.0,167.0,0.0958,773.7821,19.0,0.5
2016,DAL,8476467,Jamie,Oleksiak,D,41,,,,,,,,,,,5,2,7,37.0,,2,-4.0,0.0,0.0,1.0,0.0,33.0,0.1515,972.6341,21.8,0.0
2016,DAL,8476471,Mark,McNeill,C,1,,,,,,,,,,,0,0,0,0.0,,2,-1.0,0.0,0.0,0.0,0.0,1.0,0.0,829.0,17.0,0.0
2016,DAL,8476889,Radek,Faksa,C,80,,,,,,,,,,,12,21,33,67.0,,2,-6.0,0.0,0.0,0.0,0.0,132.0,0.0909,970.35,24.2,0.4828
2016,DAL,8476902,Esa,Lindell,D,73,,,,,,,,,,,6,12,18,22.0,,2,8.0,0.0,0.0,2.0,1.0,99.0,0.0606,1312.2603,27.1,0.0
2016,DAL,8476913,Devin,Shore,C,82,,,,,,,,,,,13,20,33,14.0,,2,-4.0,1.0,0.0,0.0,0.0,115.0,0.113,848.1341,20.3,0.4702
2016,DAL,8476966,Gemel,Smith,C,17,,,,,,,,,,,3,3,6,21.0,,2,-1.0,0.0,1.0,0.0,0.0,19.0,0.1579,815.1176,20.1,0.4237
2016,DAL,8477450,Jason,Dickinson,C,10,,,,,,,,,,,2,0,2,0.0,,2,-3.0,0.0,0.0,0.0,0.0,9.0,0.2222,707.4,17.3,0.3077
2016,DAL,8477461,Remi,Elie,L,18,,,,,,,,,,,1,6,7,8.0,,2,5.0,0.0,0.0,0.0,0.0,15.0,0.0667,937.5,22.0,1.0
2016,DAL,8477945,Julius,Honka,D,16,,,,,,,,,,,1,4,5,4.0,,2,-4.0,0.0,0.0,1.0,1.0,34.0,0.0294,1012.125,21.6,0.0
2016,DAL,8478495,Denis,Gurianov,R,1,,,,,,,,,,,0,0,0,0.0,,2,-1.0,0.0,0.0,0.0,0.0,0.0,0.0,786.0,17.0,0.0
2016,DET,8470657,Jimmy,Howard,G,26,24.0,10.0,11.0,1.0,2.104934,0.927407,675.0,626.0,49.0,1.0,0,0,0,2.0,83803.0,2,,,,,,,,,,
2016,DET,8475852,Petr,Mrazek,G,50,44.0,18.0,21.0,9.0,3.044599,0.900821,1462.0,1317.0,145.0,1.0,0,0,0,2.0,171451.0,2,,,,,,,,,,
2016,DET,8477225,Jared,Coreau,G,14,14.0,5.0,4.0,3.0,3.456673,0.88674,362.0,321.0,41.0,2.0,0,0,0,,42700.0,2,,,,,,,,,,
2016,DET,8468083,Henrik,Zetterberg,C,82,,,,,,,,,,,17,51,68,22.0,,2,15.0,2.0,0.0,0.0,0.0,195.0,0.0872,1183.0244,24.1,0.5176
2016,DET,8468505,Steve,Ott,C,42,,,,,,,,,,,3,3,6,63.0,,2,-6.0,0.0,0.0,0.0,0.0,33.0,0.0909,627.5714,15.7,0.5795
2016,DET,8468509,Niklas,Kronwall,D,57,,,,,,,,,,,2,11,13,32.0,,2,-7.0,0.0,0.0,0.0,0.0,67.0,0.0299,1167.193,25.7,0.0
2016,DET,8470144,Frans,Nielsen,C,79,,,,,,,,,,,17,24,41,18.0,,2,-19.0,4.0,2.0,0.0,0.0,162.0,0.1049,1028.8734,24.4,0.5379
2016,DET,8470318,Jonathan,Ericsson,D,51,,,,,,,,,,,1,8,9,63.0,,2,-2.0,0.0,0.0,0.0,0.0,43.0,0.0233,1153.2353,26.2,0.0
2016,DET,8470598,Thomas,Vanek,L,48,,,,,,,,,,,15,23,38,16.0,,2,2.0,5.0,0.0,2.0,0.0,99.0,0.1515,877.0,19.2,0.4
2016,DET,8470778,Drew,Miller,L,55,,,,,,,,,,,5,2,7,18.0,,2,-12.0,0.0,0.0,1.0,0.0,43.0,0.1163,616.8909,15.2,0.6667
2016,DET,8471242,Mike,Green,D,72,,,,,,,,,,,14,22,36,40.0,,2,-20.0,3.0,0.0,2.0,1.0,125.0,0.112,1413.375,28.4,0.0
2016,DET,8471716,Justin,Abdelkader,L,64,,,,,,,,,,,7,14,21,50.0,,2,-20.0,5.0,0.0,1.0,1.0,104.0,0.0673,999.5156,21.8,0.2941
2016,DET,8471794,Darren,Helm,C,50,,,,,,,,,,,8,9,17,20.0,,2,-6.0,2.0,0.0,1.0,0.0,98.0,0.0816,922.16,21.8,0.5143
2016,DET,8474090,Brendan,Smith,D,33,,,,,,,,,,,2,3,5,34.0,,2,-1.0,1.0,0.0,1.0,0.0,39.0,0.0513,1124.4242,25.2,0.0
2016,DET,8474679,Gustav,Nyquist,R,76,,,,,,,,,,,12,36,48,18.0,,2,0.0,2.0,0.0,2.0,0.0,165.0,0.0727,1046.0789,22.0,0.8
2016,DET,8474873,Brian,Lashoff,D,5,,,,,,,,,,,0,0,0,0.0,,2,-3.0,0.0,0.0,0.0,0.0,1.0,0.0,750.8,18.6,0.0
2016,DET,8475193,Tomas,Tatar,L,82,,,,,,,,,,,25,21,46,26.0,,2,-8.0,5.0,0.0,5.0,0.0,166.0,0.1506,1036.6341,23.4,0.6154
2016,DET,8475296,Mitch,Callahan,R,4,,,,,,,,,,,0,0,0,0.0,,2,0.0,0.0,0.0,0.0,0.0,2.0,0.0,408.75,10.5,0.0
2016,DET,8475324,Nick,Jensen,D,49,,,,,,,,,,,4,9,13,12.0,,2,-7.0,0.0,0.0,0.0,0.0,59.0,0.0678,1065.3469,23.8,0.0
2016,DET,8475772,Riley,Sheahan,C,80,,,,,,,,,,,2,11,13,14.0,,2,-29.0,1.0,0.0,0.0,0.0,109.0,0.0183,838.3,19.7,0.5064
2016,DET,8476043,Ben,Street,C,6,,,,,,,,,,,0,1,1,0.0,,2,1.0,0.0,0.0,0.0,0.0,8.0,0.0,495.0,12.8,0.0
2016,DET,8476289,Alexey,Marchenko,D,30,,,,,,,,,,,0,6,6,12.0,,2,6.0,0.0,0.0,0.0,0.0,27.0,0.0,1078.8333,24.8,0.0
2016,DET,8476418,Robbie,Russo,D,19,,,,,,,,,,,0,0,0,2.0,,2,2.0,0.0,0.0,0.0,0.0,18.0,0.0,964.1579,19.9,0.0
2016,DET,8476430,Tomas,Jurco,R,16,,,,,,,,,,,0,0,0,2.0,,2,-8.0,0.0,0.0,0.0,0.0,12.0,0.0,602.0,15.2,0.0
2016,DET,8476443,Xavier,Ouellet,D,66,,,,,,,,,,,3,9,12,51.0,,2,2.0,0.0,0.0,0.0,0.0,89.0,0.0337,1078.3788,23.0,0.0
2016,DET,8476450,Ryan,Sproul,D,27,,,,,,,,,,,1,6,7,6.0,,2,-8.0,1.0,0.0,0.0,0.0,46.0,0.0217,908.8519,20.5,0.0
2016,DET,8476822,Luke,Glendening,C,74,,,,,,,,,,,3,11,14,26.0,,2,-10.0,0.0,0.0,0.0,0.0,76.0,0.0395,774.9054,19.7,0.5405
2016,DET,8476960,Andreas,Athanasiou,C,64,,,,,,,,,,,18,11,29,28.0,,2,-7.0,1.0,0.0,3.0,2.0,120.0,0.15,807.8594,18.8,0.4458
2016,DET,8477215,Danny,DeKeyser,D,82,,,,,,,,,,,4,8,12,33.0,,2,-22.0,0.0,0.0,2.0,1.0,85.0,0.0471,1316.7805,28.6,0.0
2016,DET,8477479,Tyler,Bertuzzi,L,7,,,,,,,,,,,0,0,0,0.0,,2,-1.0,0.0,0.0,0.0,0.0,3.0,0.0,546.4286,12.9,0.5
2016,DET,8477511,Anthony,Mantha,R,60,,,,,,,,,,,17,19,36,53.0,,2,10.0,1.0,0.0,3.0,2.0,133.0,0.1278,954.1,20.2,0.4545
2016,DET,8477931,Tomas,Nosek,L,11,,,,,,,,,,,1,0,1,2.0,,2,-1.0,0.0,0.0,0.0,0.0,19.0,0.0526,607.4545,14.7,0.5441
2016,DET,8477946,Dylan,Larkin,C,80,,,,,,,,,,,17,15,32,37.0,,2,-28.0,5.0,1.0,1.0,0.0,178.0,0.0955,969.175,21.4,0.4537
2016,DET,8478371,Matt,Lorito,R,2,,,,,,,,,,,0,1,1,0.0,,2,0.0,0.0,0.0,0.0,0.0,6.0,0.0,866.0,18.5,0.0
2016,DET,8478431,Evgeny,Svechnikov,L,2,,,,,,,,,,,0,0,0,0.0,,2,0.0,0.0,0.0,0.0,0.0,4.0,0.0,788.5,21.5,0.0
2016,DET,8479252,Dan,Renouf,D,1,,,,,,,,,,,0,0,0,0.0,,2,0.0,0.0,0.0,0.0,0.0,1.0,0.0,815.0,18.0,0.0
2016,EDM,8475361,Jonas,Gustavsson,G,7,5.0,1.0,3.0,1.0,3.100615,0.877698,139.0,122.0,17.0,0.0,0,0,0,,19738.0,2,,,,,,,,,,
2016,EDM,8475660,Cam,Talbot,G,73,73.0,42.0,22.0,8.0,2.389378,0.919225,2117.0,1946.0,171.0,7.0,0,0,0,4.0,257640.0,2,,,,,,,,,,
2016,EDM,8476316,Laurent,Brossoit,G,8,4.0,4.0,1.0,0.0,1.98526,0.928105,153.0,142.0,11.0,0.0,0,0,0,,19947.0,2,,,,,,,,,,
2016,EDM,8468611,Matt,Hendricks,C,42,,,,,,,,,,,4,3,7,29.0,,2,-3.0,0.0,0.0,1.0,0.0,42.0,0.0952,644.9286,16.3,0.569
2016,EDM,8471284,Andrej,Sekera,D,80,,,,,,,,,,,8,27,35,18.0,,2,14.0,1.0,1.0,1.0,0.0,128.0,0.0625,1288.975,27.0,0.0
2016,EDM,8471678,Benoit,Pouliot,L,67,,,,,,,,,,,8,6,14,34.0,,2,-5.0,0.0,0.0,1.0,0.0,77.0,0.1039,843.2388,20.3,0.25
2016,EDM,8471729,Kris,Russell,D,68,,,,,,,,,,,1,12,13,23.0,,2,5.0,0.0,0.0,1.0,0.0,68.0,0.0147,1273.0147,27.4,0.0
2016,EDM,8471816,Mark,Fayne,D,4,,,,,,,,,,,0,2,2,0.0,,2,1.0,0.0,0.0,0.0,0.0,4.0,0.0,475.0,14.0,0.0
2016,EDM,8471976,David,Desharnais,C,18,,,,,,,,,,,2,2,4,6.0,,2,-1.0,0.0,0.0,0.0,0.0,16.0,0.125,680.5,16.6,0.5434
2016,EDM,8473468,Eric,Gryba,D,40,,,,,,,,,,,2,4,6,65.0,,2,-5.0,0.0,0.0,2.0,0.0,45.0,0.0444,968.375,21.7,0.0
2016,EDM,8473473,Milan,Lucic,L,82,,,,,,,,,,,23,27,50,50.0,,2,-3.0,12.0,0.0,3.0,0.0,175.0,0.1314,1029.6951,21.6,0.5714
2016,EDM,8473914,Mark,Letestu,C,78,,,,,,,,,,,16,19,35,17.0,,2,-2.0,11.0,2.0,6.0,1.0,120.0,0.1333,854.2308,20.8,0.5045
2016,EDM,8474034,Patrick,Maroon,L,81,,,,,,,,,,,27,15,42,95.0,,2,13.0,3.0,0.0,5.0,0.0,178.0,0.1517,1004.2593,21.2,0.4
2016,EDM,8474586,Jordan,Eberle,R,82,,,,,,,,,,,20,31,51,16.0,,2,3.0,4.0,0.0,0.0,0.0,208.0,0.0962,1006.061,21.7,0.5
2016,EDM,8475165,Anton,Lander,C,22,,,,,,,,,,,1,3,4,6.0,,2,2.0,0.0,0.0,0.0,0.0,12.0,0.0833,586.4545,16.0,0.5603
2016,EDM,8475178,Zack,Kassian,R,79,,,,,,,,,,,7,17,24,101.0,,2,4.0,0.0,0.0,0.0,0.0,110.0,0.0636,738.1646,17.9,0.3636
2016,EDM,8475192,Taylor,Beck,L,3,,,,,,,,,,,0,0,0,4.0,,2,-1.0,0.0,0.0,0.0,0.0,0.0,0.0,353.0,10.0,0.0
2016,EDM,8475752,Tyler,Pitlick,C,31,,,,,,,,,,,8,3,11,6.0,,2,0.0,0.0,0.0,1.0,0.0,54.0,0.1481,595.4516,14.7,0.5333
2016,EDM,8475869,Brandon,Davidson,D,28,,,,,,,,,,,0,1,1,16.0,,2,1.0,0.0,0.0,0.0,0.0,29.0,0.0,923.7143,21.6,0.0
2016,EDM,8476336,Iiro,Pakarinen,R,14,,,,,,,,,,,2,2,4,2.0,,2,2.0,0.0,0.0,1.0,0.0,15.0,0.1333,535.4286,14.6,0.0
2016,EDM,8476416,Dillon,Simpson,D,3,,,,,,,,,,,0,0,0,2.0,,2,0.0,0.0,0.0,0.0,0.0,2.0,0.0,653.0,16.7,0.0
2016,EDM,8476454,Ryan,Nugent-Hopkins,C,82,,,,,,,,,,,18,25,43,29.0,,2,-10.0,5.0,0.0,4.0,1.0,200.0,0.09,1061.5244,24.0,0.4385
2016,EDM,8476457,Adam,Larsson,D,79,,,,,,,,,,,4,15,19,55.0,,2,21.0,0.0,0.0,0.0,0.0,85.0,0.0471,1208.9747,26.0,0.0
2016,EDM,8476472,Oscar,Klefbom,D,82,,,,,,,,,,,12,26,38,6.0,,2,7.0,3.0,0.0,3.0,0.0,201.0,0.0597,1342.2073,26.8,0.0
2016,EDM,8476915,Jujhar,Khaira,L,10,,,,,,,,,,,1,0,1,2.0,,2,1.0,0.0,0.0,1.0,0.0,10.0,0.1,555.4,13.7,0.3684
2016,EDM,8476988,Matt,Benning,D,62,,,,,,,,,,,3,12,15,29.0,,2,8.0,1.0,0.0,0.0,0.0,69.0,0.0435,996.629,22.6,0.0
2016,EDM,8477415,Anton,Slepyshev,L,41,,,,,,,,,,,4,6,10,4.0,,2,5.0,0.0,0.0,0.0,0.0,55.0,0.0727,666.878,15.5,0.4
2016,EDM,8477498,Darnell,Nurse,D,44,,,,,,,,,,,5,6,11,33.0,,2,0.0,0.0,0.0,0.0,0.0,85.0,0.0588,1021.0682,21.9,0.0
2016,EDM,8477851,Jordan,Oesterle,D,2,,,,,,,,,,,0,0,0,0.0,,2,-1.0,0.0,0.0,0.0,0.0,2.0,0.0,1037.0,21.5,0.0
2016,EDM,8477934,Leon,Draisaitl,C,82,,,,,,,,,,,29,48,77,20.0,,2,7.0,10.0,0.0,5.0,3.0,172.0,0.1686,1133.0366,22.7,0.4897
2016,EDM,8478402,Connor,McDavid,C,82,,,,,,,,,,,30,70,100,26.0,,2,27.0,3.0,1.0,6.0,1.0,251.0,0.1195,1267.8902,24.4,0.4318
2016,EDM,8479344,Jesse,Puljujarvi,R,28,,,,,,,,,,,1,7,8,10.0,,2,5.0,1.0,0.0,0.0,0.0,41.0,0.0244,675.25,15.7,0.0
2016,EDM,8479465,Drake,Caggiula,L,60,,,,,,,,,,,7,11,18,16.0,,2,3.0,2.0,0.0,2.0,0.0,93.0,0.0753,794.1167,18.2,0.412
2016,EDM,8475660,Cam,Talbot,G,13,13.0,7.0,6.0,,2.476908,0.924485,437.0,404.0,33.0,2.0,0,1,1,,47963.0,3,,,,,,,,,,
2016,EDM,8476316,Laurent,Brossoit,G,1,0.0,,,,4.422604,0.75,8.0,6.0,2.0,0.0,0,0,0,,1628.0,3,,,,,,,,,,
2016,EDM,8471284,Andrej,Sekera,D,11,,,,,,,,,,,1,2,3,2.0,,3,-1.0,0.0,0.0,0.0,0.0,18.0,0.0556,1270.4545,27.5,0.0
2016,EDM,8471678,Benoit,Pouliot,L,13,,,,,,,,,,,0,0,0,4.0,,3,-2.0,0.0,0.0,0.0,0.0,18.0,0.0,760.1538,20.7,0.8
2016,EDM,8471729,Kris,Russell,D,13,,,,,,,,,,,0,4,4,4.0,,3,2.0,0.0,0.0,0.0,0.0,16.0,0.0,1321.5385,30.8,0.0
2016,EDM,8471976,David,Desharnais,C,13,,,,,,,,,,,1,3,4,0.0,,3,3.0,0.0,0.0,1.0,1.0,6.0,0.1667,571.9231,15.2,0.4737
2016,EDM,8473468,Eric,Gryba,D,3,,,,,,,,,,,0,0,0,4.0,,3,-1.0,0.0,0.0,0.0,0.0,0.0,0.0,848.3333,19.3,0.0
2016,EDM,8473473,Milan,Lucic,L,13,,,,,,,,,,,2,4,6,20.0,,3,-5.0,2.0,0.0,0.0,0.0,17.0,0.1176,1022.3077,23.4,0.0
2016,EDM,8473914,Mark,Letestu,C,13,,,,,,,,,,,5,6,11,2.0,,3,-4.0,4.0,0.0,0.0,0.0,33.0,0.1515,1055.5385,25.8,0.4523
2016,EDM,8474034,Patrick,Maroon,L,13,,,,,,,,,,,3,5,8,28.0,,3,2.0,1.0,0.0,1.0,0.0,33.0,0.0909,1041.3846,22.4,0.0
2016,EDM,8474586,Jordan,Eberle,R,13,,,,,,,,,,,0,2,2,2.0,,3,-6.0,0.0,0.0,0.0,0.0,22.0,0.0,872.2308,21.4,0.6
2016,EDM,8475178,Zack,Kassian,R,13,,,,,,,,,,,3,0,3,27.0,,3,1.0,0.0,1.0,2.0,0.0,19.0,0.1579,809.5385,20.9,1.0
2016,EDM,8476336,Iiro,Pakarinen,R,1,,,,,,,,,,,0,0,0,0.0,,3,-1.0,0.0,0.0,0.0,0.0,0.0,0.0,506.0,15.0,0.0
2016,EDM,8476454,Ryan,Nugent-Hopkins,C,13,,,,,,,,,,,0,4,4,2.0,,3,-3.0,0.0,0.0,0.0,0.0,33.0,0.0,1105.2308,26.4,0.4479
2016,EDM,8476457,Adam,Larsson,D,13,,,,,,,,,,,2,4,6,4.0,,3,-4.0,0.0,0.0,1.0,0.0,15.0,0.1333,1423.3077,31.5,0.0
2016,EDM,8476472,Oscar,Klefbom,D,12,,,,,,,,,,,2,3,5,0.0,,3,-2.0,0.0,0.0,0.0,0.0,25.0,0.08,1390.4167,29.9,0.0
2016,EDM,8476852,Griffin,Reinhart,D,1,,,,,,,,,,,0,1,1,0.0,,3,0.0,0.0,0.0,0.0,0.0,1.0,0.0,803.0,19.0,0.0
2016,EDM,8476988,Matt,Benning,D,12,,,,,,,,,,,0,3,3,12.0,,3,3.0,0.0,0.0,0.0,0.0,9.0,0.0,1028.5,25.3,0.0
2016,EDM,8477415,Anton,Slepyshev,L,12,,,,,,,,,,,3,0,3,4.0,,3,1.0,0.0,0.0,1.0,0.0,16.0,0.1875,680.8333,17.7,0.0
2016,EDM,8477498,Darnell,Nurse,D,13,,,,,,,,,,,0,2,2,6.0,,3,0.0,0.0,0.0,0.0,0.0,18.0,0.0,1044.5385,24.8,0.0
2016,EDM,8477934,Leon,Draisaitl,C,13,,,,,,,,,,,6,10,16,19.0,,3,8.0,1.0,0.0,1.0,0.0,22.0,0.2727,1172.3846,24.9,0.4647
2016,EDM,8478402,Connor,McDavid,C,13,,,,,,,,,,,5,4,9,2.0,,3,3.0,1.0,1.0,0.0,0.0,37.0,0.1351,1344.6154,27.8,0.3578
2016,EDM,8479465,Drake,Caggiula,L,13,,,,,,,,,,,3,0,3,25.0,,3,0.0,0.0,0.0,0.0,0.0,22.0,0.1364,922.6154,22.2,0.35
2016,FLA,8466141,Roberto,Luongo,G,40,39.0,17.0,15.0,6.0,2.68137,0.914544,1217.0,1113.0,104.0,1.0,0,1,1,4.0,139630.0,2,,,,,,,,,,
2016,FLA,8473499,Reto,Berra,G,7,4.0,0.0,5.0,0.0,3.449192,0.875862,145.0,127.0,18.0,0.0,0,0,0,,18787.0,2,,,,,,,,,,
2016,FLA,8473503,James,Reimer,G,43,39.0,18.0,16.0,5.0,2.529482,0.919804,1222.0,1124.0,98.0,3.0,0,0,0,2.0,139475.0,2,,,,,,,,,,
2016,FLA,8448208,Jaromir,Jagr,R,82,,,,,,,,,,,16,30,46,56.0,,2,2.0,8.0,0.0,2.0,0.0,181.0,0.0884,1019.9878,21.1,0.5
2016,FLA,8465978,Shawn,Thornton,L,50,,,,,,,,,,,2,2,4,67.0,,2,-7.0,0.0,0.0,0.0,0.0,42.0,0.0476,461.38,11.3,0.3333
2016,FLA,8468001,Derek,MacKenzie,C,82,,,,,,,,,,,6,10,16,50.0,,2,-7.0,0.0,2.0,1.0,0.0,91.0,0.0659,753.8902,19.0,0.5
2016,FLA,8469638,Jussi,Jokinen,L,69,,,,,,,,,,,11,17,28,39.0,,2,-15.0,4.0,1.0,2.0,0.0,118.0,0.0932,1044.6377,23.2,0.5208
2016,FLA,8470598,Thomas,Vanek,L,20,,,,,,,,,,,2,8,10,6.0,,2,-7.0,0.0,0.0,0.0,0.0,34.0,0.0588,833.65,18.1,0.0
2016,FLA,8471693,Jakub,Kindl,D,39,,,,,,,,,,,0,4,4,28.0,,2,-11.0,0.0,0.0,0.0,0.0,41.0,0.0,881.4359,19.2,0.0
2016,FLA,8471735,Keith,Yandle,D,82,,,,,,,,,,,5,36,41,39.0,,2,-6.0,2.0,0.0,0.0,0.0,178.0,0.0281,1322.3902,25.7,0.0
2016,FLA,8474000,Steven,Kampfer,D,1,,,,,,,,,,,0,0,0,4.0,,2,-1.0,0.0,0.0,0.0,0.0,0.0,0.0,1008.0,19.0,0.0
2016,FLA,8474098,Colton,Sceviour,C,80,,,,,,,,,,,9,15,24,25.0,,2,-16.0,1.0,3.0,1.0,0.0,172.0,0.0523,878.0125,20.0,0.5345
2016,FLA,8474218,Jason,Demers,D,81,,,,,,,,,,,9,19,28,53.0,,2,-14.0,0.0,0.0,2.0,0.0,98.0,0.0918,1176.6543,24.9,0.0
2016,FLA,8475191,Reilly,Smith,R,80,,,,,,,,,,,15,22,37,17.0,,2,-13.0,6.0,1.0,3.0,0.0,160.0,0.0938,1101.2,24.4,0.5
2016,FLA,8475597,Shane,Harper,R,14,,,,,,,,,,,2,1,3,18.0,,2,-1.0,0.0,0.0,0.0,0.0,13.0,0.1538,618.0,13.8,0.0
2016,FLA,8475735,Greg,McKegg,C,31,,,,,,,,,,,3,3,6,11.0,,2,-5.0,0.0,0.0,0.0,0.0,28.0,0.1071,612.5806,14.9,0.5181
2016,FLA,8475755,Alexander,Petrovic,D,49,,,,,,,,,,,1,13,14,79.0,,2,-1.0,0.0,0.0,0.0,0.0,55.0,0.0182,1089.0,21.5,0.0
2016,FLA,8475760,Nick,Bjugstad,C,54,,,,,,,,,,,7,7,14,22.0,,2,-19.0,1.0,0.0,1.0,0.0,91.0,0.0769,789.1667,18.2,0.4757
2016,FLA,8475795,Dylan,McIlrath,D,5,,,,,,,,,,,1,0,1,10.0,,2,-2.0,0.0,0.0,0.0,0.0,3.0,0.3333,574.4,12.6,0.0
2016,FLA,8475796,Mark,Pysyk,D,82,,,,,,,,,,,4,13,17,10.0,,2,0.0,0.0,0.0,0.0,0.0,86.0,0.0465,1113.6463,23.1,0.0
2016,FLA,8475958,Michael,Sgarbossa,C,29,,,,,,,,,,,2,5,7,9.0,,2,-3.0,1.0,0.0,0.0,0.0,26.0,0.0769,700.5862,17.1,0.4464
2016,FLA,8476200,Paul,Thompson,R,21,,,,,,,,,,,0,3,3,22.0,,2,-4.0,0.0,0.0,0.0,0.0,19.0,0.0,474.0,12.1,0.0
2016,FLA,8476389,Vincent,Trocheck,C,82,,,,,,,,,,,23,31,54,43.0,,2,-13.0,2.0,0.0,2.0,1.0,230.0,0.1,1249.6707,25.6,0.5018
2016,FLA,8476415,Kyle,Rau,C,24,,,,,,,,,,,2,1,3,4.0,,2,-3.0,0.0,0.0,0.0,0.0,21.0,0.0952,576.0,13.5,0.6667
2016,FLA,8476456,Jonathan,Huberdeau,L,31,,,,,,,,,,,10,16,26,13.0,,2,-2.0,3.0,0.0,2.0,1.0,86.0,0.1163,1075.1613,22.5,0.4444
2016,FLA,8476495,Seth,Griffith,C,21,,,,,,,,,,,0,5,5,8.0,,2,6.0,0.0,0.0,0.0,0.0,18.0,0.0,792.0476,18.0,0.25
2016,FLA,8476539,Jonathan,Marchessault,R,75,,,,,,,,,,,30,21,51,38.0,,2,-21.0,8.0,0.0,6.0,1.0,193.0,0.1554,1014.6533,20.9,0.4519
2016,FLA,8476875,Mike,Matheson,D,81,,,,,,,,,,,7,10,17,36.0,,2,-5.0,0.0,0.0,0.0,0.0,179.0,0.0391,1263.1728,24.1,1.0
2016,FLA,8477346,MacKenzie,Weegar,D,3,,,,,,,,,,,0,0,0,4.0,,2,0.0,0.0,0.0,0.0,0.0,3.0,0.0,1046.6667,20.7,0.0
2016,FLA,8477452,Ian,McCoshen,D,3,,,,,,,,,,,0,1,1,0.0,,2,0.0,0.0,0.0,0.0,0.0,0.0,0.0,795.3333,17.3,0.0
2016,FLA,8477493,Aleksander,Barkov,C,61,,,,,,,,,,,21,31,52,10.0,,2,13.0,3.0,0.0,5.0,2.0,142.0,0.1479,1164.0984,24.1,0.4653
2016,FLA,8477932,Aaron,Ekblad,D,68,,,,,,,,,,,10,11,21,58.0,,2,-23.0,4.0,1.0,2.0,1.0,225.0,0.0444,1287.6029,23.8,0.0
2016,FLA,8477955,Jared,McCann,L,29,,,,,,,,,,,1,6,7,4.0,,2,-1.0,0.0,0.0,0.0,0.0,44.0,0.0227,698.1034,16.0,0.3905
2016,FLA,8478843,Denis,Malgin,C,47,,,,,,,,,,,6,4,10,8.0,,2,-5.0,2.0,0.0,1.0,1.0,67.0,0.0896,674.2979,15.3,0.3641
2016,LAK,8469514,Peter,Budaj,G,53,51.0,27.0,20.0,3.0,2.11923,0.916796,1286.0,1179.0,107.0,7.0,0,1,1,,181764.0,2,,,,,,,,,,
2016,LAK,8471734,Jonathan,Quick,G,17,17.0,8.0,5.0,2.0,2.25576,0.916865,421.0,386.0,35.0,2.0,0,0,0,2.0,55857.0,2,,,,,,,,,,
2016,LAK,8471750,Ben,Bishop,G,7,6.0,2.0,3.0,2.0,2.487701,0.9,170.0,153.0,17.0,0.0,0,0,0,2.0,24601.0,2,,,,,,,,,,
2016,LAK,8473553,Jeff,Zatkoff,G,13,8.0,2.0,7.0,1.0,2.943313,0.878924,223.0,196.0,27.0,0.0,0,0,0,,33024.0,2,,,,,,,,,,
2016,LAK,8475789,Jack,Campbell,G,1,0.0,,,0.0,0.0,1.0,5.0,5.0,0.0,0.0,0,0,0,,1200.0,2,,,,,,,,,,
2016,LAK,8462042,Jarome,Iginla,R,19,,,,,,,,,,,6,3,9,16.0,,2,-9.0,3.0,0.0,4.0,1.0,33.0,0.1818,980.3684,20.2,0.3636
2016,LAK,8468483,Marian,Gaborik,R,56,,,,,,,,,,,10,11,21,18.0,,2,-4.0,3.0,0.0,3.0,0.0,123.0,0.0813,887.375,19.1,0.0
2016,LAK,8470104,Tom,Gilbert,D,18,,,,,,,,,,,1,4,5,6.0,,2,-4.0,0.0,0.0,0.0,0.0,12.0,0.0833,927.3889,21.8,0.0
2016,LAK,8470121,Matt,Greene,D,26,,,,,,,,,,,1,1,2,19.0,,2,3.0,0.0,0.0,0.0,0.0,14.0,0.0714,790.9231,20.7,0.0
2016,LAK,8470604,Jeff,Carter,C,82,,,,,,,,,,,32,34,66,41.0,,2,2.0,10.0,1.0,9.0,4.0,250.0,0.128,1081.9146,23.4,0.5194
2016,LAK,8470606,Dustin,Brown,R,80,,,,,,,,,,,14,22,36,22.0,,2,-4.0,4.0,1.0,1.0,0.0,175.0,0.08,960.0125,21.6,0.4
2016,LAK,8471682,Devin,Setoguchi,R,45,,,,,,,,,,,4,8,12,14.0,,2,-5.0,0.0,0.0,0.0,0.0,60.0,0.0667,746.5111,17.4,0.5
2016,LAK,8471685,Anze,Kopitar,C,76,,,,,,,,,,,12,40,52,28.0,,2,-10.0,5.0,0.0,0.0,0.0,150.0,0.08,1245.9737,24.7,0.5269
2016,LAK,8473453,Trevor,Lewis,C,82,,,,,,,,,,,12,12,24,30.0,,2,-6.0,1.0,0.0,3.0,0.0,145.0,0.0828,856.3902,19.1,0.4
2016,LAK,8473962,Teddy,Purcell,L,12,,,,,,,,,,,0,2,2,0.0,,2,0.0,0.0,0.0,0.0,0.0,10.0,0.0,773.5,17.9,1.0
2016,LAK,8474100,Dwight,King,L,63,,,,,,,,,,,8,7,15,10.0,,2,0.0,0.0,0.0,1.0,0.0,89.0,0.0899,899.5397,19.6,0.3077
2016,LAK,8474162,Jake,Muzzin,D,82,,,,,,,,,,,9,19,28,46.0,,2,-21.0,4.0,0.0,1.0,0.0,184.0,0.0489,1337.6585,30.1,0.0
2016,LAK,8474166,Alec,Martinez,D,82,,,,,,,,,,,9,30,39,24.0,,2,-17.0,2.0,1.0,3.0,2.0,144.0,0.0625,1298.4756,29.6,0.0
2016,LAK,8474563,Drew,Doughty,D,82,,,,,,,,,,,12,32,44,46.0,,2,8.0,5.0,0.0,1.0,1.0,181.0,0.0663,1628.6585,32.4,1.0
2016,LAK,8475160,Kyle,Clifford,L,73,,,,,,,,,,,6,6,12,92.0,,2,-2.0,0.0,0.0,0.0,0.0,122.0,0.0492,643.3973,15.1,0.4
2016,LAK,8475188,Brayden,McNabb,D,49,,,,,,,,,,,2,2,4,54.0,,2,1.0,0.0,0.0,0.0,0.0,47.0,0.0426,903.9184,21.6,0.0
2016,LAK,8475325,Jordan,Nolan,C,46,,,,,,,,,,,4,4,8,44.0,,2,-3.0,0.0,0.0,0.0,0.0,39.0,0.1026,651.3478,14.9,0.3333
2016,LAK,8475343,Nic,Dowd,C,70,,,,,,,,,,,6,16,22,25.0,,2,-15.0,1.0,0.0,2.0,1.0,78.0,0.0769,747.3429,17.6,0.4781
2016,LAK,8475726,Tyler,Toffoli,C,63,,,,,,,,,,,16,18,34,22.0,,2,6.0,4.0,0.0,2.0,1.0,165.0,0.097,995.1429,21.9,0.4
2016,LAK,8475762,Derek,Forbort,D,82,,,,,,,,,,,2,16,18,54.0,,2,8.0,0.0,0.0,0.0,0.0,100.0,0.02,1206.9634,27.1,1.0
2016,LAK,8475857,Kevin,Gravel,D,49,,,,,,,,,,,1,6,7,6.0,,2,3.0,1.0,0.0,0.0,0.0,52.0,0.0192,849.0204,20.3,0.0
2016,LAK,8476404,Andy,Andreoff,C,36,,,,,,,,,,,0,2,2,70.0,,2,-2.0,0.0,0.0,0.0,0.0,38.0,0.0,635.7778,14.6,0.5942
2016,LAK,8476406,Nicholas,Shore,C,70,,,,,,,,,,,6,11,17,20.0,,2,-2.0,0.0,1.0,1.0,0.0,79.0,0.0759,767.3143,18.0,0.5021
2016,LAK,8476871,Tanner,Pearson,L,80,,,,,,,,,,,24,20,44,13.0,,2,5.0,3.0,1.0,5.0,2.0,187.0,0.1283,979.2,22.3,0.4167
2016,LAK,8476983,Paul,LaDue,D,22,,,,,,,,,,,0,8,8,4.0,,2,-5.0,0.0,0.0,0.0,0.0,27.0,0.0,924.3182,21.5,0.0
2016,LAK,8477380,Jonny,Brodzinski,C,6,,,,,,,,,,,0,2,2,2.0,,2,2.0,0.0,0.0,0.0,0.0,17.0,0.0,737.1667,16.3,0.0
2016,LAK,8477960,Adrian,Kempe,R,25,,,,,,,,,,,2,4,6,6.0,,2,-3.0,0.0,0.0,1.0,0.0,32.0,0.0625,733.84,17.3,0.4379
2016,MIN,8471227,Devan,Dubnyk,G,65,63.0,40.0,19.0,5.0,2.251195,0.923453,1842.0,1701.0,141.0,5.0,0,0,0,10.0,225480.0,2,,,,,,,,,,
2016,MIN,8471774,Alex,Stalock,G,2,2.0,1.0,1.0,0.0,1.513663,0.944444,54.0,51.0,3.0,0.0,0,0,0,,7135.0,2,,,,,,,,,,
2016,MIN,8475311,Darcy,Kuemper,G,18,17.0,8.0,5.0,3.0,3.133804,0.902135,562.0,507.0,55.0,0.0,0,1,1,4.0,63182.0,2,,,,,,,,,,
2016,MIN,8469459,Mikko,Koivu,C,80,,,,,,,,,,,18,40,58,34.0,,2,27.0,2.0,0.0,4.0,1.0,139.0,0.1295,1146.9125,25.2,0.5521
2016,MIN,8469506,Jason,Pominville,R,78,,,,,,,,,,,13,34,47,4.0,,2,2.0,0.0,0.0,2.0,0.0,176.0,0.0739,853.5769,19.9,0.5
2016,MIN,8470595,Eric,Staal,C,82,,,,,,,,,,,28,37,65,34.0,,2,17.0,4.0,1.0,8.0,0.0,211.0,0.1327,1116.439,23.5,0.4915
2016,MIN,8470600,Ryan,Suter,D,82,,,,,,,,,,,9,31,40,36.0,,2,34.0,4.0,1.0,1.0,0.0,164.0,0.0549,1615.4756,28.3,0.0
2016,MIN,8470610,Zach,Parise,L,69,,,,,,,,,,,19,23,42,30.0,,2,-3.0,6.0,0.0,4.0,0.0,194.0,0.0979,1045.7391,22.3,0.6154
2016,MIN,8471691,Martin,Hanzal,C,20,,,,,,,,,,,4,9,13,10.0,,2,-2.0,1.0,0.0,0.0,0.0,43.0,0.093,931.05,21.2,0.5777
2016,MIN,8473466,Ryan,White,C,19,,,,,,,,,,,2,1,3,14.0,,2,-8.0,0.0,0.0,0.0,0.0,17.0,0.1176,596.9474,13.3,0.4
2016,MIN,8473485,Chris,Stewart,R,79,,,,,,,,,,,13,8,21,94.0,,2,3.0,0.0,0.0,0.0,0.0,82.0,0.1585,623.3418,14.3,0.1818
2016,MIN,8474610,Zac,Dalpe,C,9,,,,,,,,,,,1,2,3,9.0,,2,0.0,0.0,0.0,0.0,0.0,8.0,0.125,513.3333,13.4,0.4576
2016,MIN,8474618,Marco,Scandella,D,71,,,,,,,,,,,4,9,13,25.0,,2,-2.0,0.0,0.0,0.0,0.0,88.0,0.0455,1100.3099,23.6,0.0
2016,MIN,8474716,Jared,Spurgeon,D,76,,,,,,,,,,,10,28,38,20.0,,2,33.0,1.0,0.0,2.0,1.0,144.0,0.0694,1441.9868,27.4,0.0
2016,MIN,8475147,Jordan,Schroeder,C,37,,,,,,,,,,,6,7,13,0.0,,2,5.0,0.0,0.0,0.0,0.0,37.0,0.1622,586.7568,13.1,0.475
2016,MIN,8475287,Erik,Haula,L,72,,,,,,,,,,,15,11,26,28.0,,2,5.0,1.0,0.0,4.0,0.0,134.0,0.1119,828.7917,19.3,0.5387
2016,MIN,8475613,Nate,Prosser,D,39,,,,,,,,,,,2,5,7,12.0,,2,0.0,0.0,0.0,0.0,0.0,20.0,0.1,763.8205,17.6,0.0
2016,MIN,8475722,Jason,Zucker,L,79,,,,,,,,,,,22,25,47,30.0,,2,34.0,1.0,0.0,3.0,0.0,172.0,0.1279,917.1519,20.3,0.2
2016,MIN,8475745,Charlie,Coyle,C,82,,,,,,,,,,,18,38,56,36.0,,2,13.0,4.0,0.0,5.0,0.0,159.0,0.1132,1002.122,21.0,0.4597
2016,MIN,8475798,Mikael,Granlund,C,81,,,,,,,,,,,26,43,69,12.0,,2,23.0,7.0,3.0,4.0,1.0,177.0,0.1469,1129.4691,23.7,0.4848
2016,MIN,8475799,Nino,Niederreiter,R,82,,,,,,,,,,,25,32,57,53.0,,2,17.0,8.0,0.0,3.0,0.0,186.0,0.1344,904.3049,19.7,0.0
2016,MIN,8475800,Teemu,Pulkkinen,L,9,,,,,,,,,,,1,0,1,2.0,,2,-1.0,0.0,0.0,0.0,0.0,4.0,0.25,563.2222,14.1,0.0
2016,MIN,8476219,Patrick,Cannone,C,3,,,,,,,,,,,0,0,0,0.0,,2,0.0,0.0,0.0,0.0,0.0,2.0,0.0,473.0,11.7,0.5238
2016,MIN,8476344,Tyler,Graovac,C,52,,,,,,,,,,,7,2,9,10.0,,2,7.0,0.0,0.0,2.0,0.0,48.0,0.1458,590.4423,14.2,0.4752
2016,MIN,8476422,Mike,Reilly,D,17,,,,,,,,,,,1,0,1,2.0,,2,1.0,0.0,0.0,0.0,0.0,19.0,0.0526,742.8824,15.9,0.0
2016,MIN,8476463,Jonas,Brodin,D,68,,,,,,,,,,,3,22,25,20.0,,2,5.0,2.0,0.0,2.0,0.0,85.0,0.0353,1174.0882,24.9,0.0
2016,MIN,8476545,Kurtis,Gabriel,R,13,,,,,,,,,,,0,1,1,29.0,,2,0.0,0.0,0.0,0.0,0.0,3.0,0.0,349.1538,9.1,0.0
2016,MIN,8476619,Zack,Mitchell,R,11,,,,,,,,,,,0,0,0,0.0,,2,-1.0,0.0,0.0,0.0,0.0,10.0,0.0,505.5455,12.4,0.5789
2016,MIN,8476856,Mathew,Dumba,D,76,,,,,,,,,,,11,23,34,59.0,,2,15.0,6.0,0.0,1.0,1.0,131.0,0.084,1219.5526,24.4,0.0
2016,MIN,8477006,Christoph,Bertschy,C,5,,,,,,,,,,,0,1,1,4.0,,2,0.0,0.0,0.0,0.0,0.0,5.0,0.0,488.0,13.0,0.0
2016,MIN,8477467,Gustav,Olofsson,D,13,,,,,,,,,,,0,3,3,2.0,,2,-1.0,0.0,0.0,0.0,0.0,7.0,0.0,808.9231,17.0,0.0
2016,MIN,8477850,Christian,Folin,D,51,,,,,,,,,,,2,6,8,26.0,,2,10.0,0.0,0.0,0.0,0.0,39.0,0.0513,896.0784,20.3,0.0
2016,MIN,8477949,Alex,Tuch,R,6,,,,,,,,,,,0,0,0,0.0,,2,-3.0,0.0,0.0,0.0,0.0,8.0,0.0,642.1667,14.3,0.0
2016,MIN,8478493,Joel,Eriksson Ek,C,15,,,,,,,,,,,3,4,7,4.0,,2,1.0,0.0,0.0,1.0,0.0,15.0,0.2,636.7333,16.3,0.4128
2016,MIN,8471227,Devan,Dubnyk,G,5,5.0,1.0,4.0,,1.861906,0.924812,133.0,123.0,10.0,1.0,0,0,0,,19335.0,3,,,,,,,,,,
2016,MIN,8469459,Mikko,Koivu,C,5,,,,,,,,,,,1,1,2,0.0,,3,-1.0,1.0,0.0,0.0,0.0,6.0,0.1667,1209.4,28.8,0.6417
2016,MIN,8469506,Jason,Pominville,R,5,,,,,,,,,,,0,1,1,0.0,,3,1.0,0.0,0.0,0.0,0.0,11.0,0.0,845.2,20.8,0.3
2016,MIN,8470595,Eric,Staal,C,5,,,,,,,,,,,0,1,1,0.0,,3,-1.0,0.0,0.0,0.0,0.0,12.0,0.0,1134.0,25.6,0.5211
2016,MIN,8470600,Ryan,Suter,D,5,,,,,,,,,,,1,2,3,10.0,,3,-3.0,1.0,0.0,0.0,0.0,15.0,0.0667,1746.0,33.4,0.0
2016,MIN,8470610,Zach,Parise,L,5,,,,,,,,,,,2,1,3,8.0,,3,-4.0,1.0,0.0,0.0,0.0,19.0,0.1053,1167.8,27.4,0.5
2016,MIN,8471691,Martin,Hanzal,C,5,,,,,,,,,,,1,0,1,0.0,,3,-2.0,0.0,0.0,0.0,0.0,10.0,0.1,1124.6,26.6,0.573
2016,MIN,8473466,Ryan,White,C,3,,,,,,,,,,,0,0,0,4.0,,3,0.0,0.0,0.0,0.0,0.0,2.0,0.0,424.3333,10.3,0.5
2016,MIN,8473485,Chris,Stewart,R,5,,,,,,,,,,,0,0,0,0.0,,3,0.0,0.0,0.0,0.0,0.0,2.0,0.0,470.0,11.2,0.0
2016,MIN,8474618,Marco,Scandella,D,5,,,,,,,,,,,0,0,0,2.0,,3,-1.0,0.0,0.0,0.0,0.0,10.0,0.0,1375.4,29.6,0.0
2016,MIN,8474716,Jared,Spurgeon,D,5,,,,,,,,,,,0,1,1,0.0,,3,-1.0,0.0,0.0,0.0,0.0,13.0,0.0,1520.0,31.6,0.0
2016,MIN,8475287,Erik,Haula,L,4,,,,,,,,,,,0,1,1,0.0,,3,-2.0,0.0,0.0,0.0,0.0,9.0,0.0,924.25,23.5,0.6087
2016,MIN,8475613,Nate,Prosser,D,3,,,,,,,,,,,0,1,1,2.0,,3,0.0,0.0,0.0,0.0,0.0,4.0,0.0,587.0,13.3,0.0
2016,MIN,8475722,Jason,Zucker,L,5,,,,,,,,,,,1,0,1,2.0,,3,-1.0,0.0,0.0,0.0,0.0,20.0,0.05,1035.2,23.2,0.0
2016,MIN,8475745,Charlie,Coyle,C,5,,,,,,,,,,,2,0,2,2.0,,3,-1.0,0.0,0.0,1.0,0.0,14.0,0.1429,1031.0,24.2,0.6667
2016,MIN,8475798,Mikael,Granlund,C,5,,,,,,,,,,,0,2,2,2.0,,3,0.0,0.0,0.0,0.0,0.0,10.0,0.0,1232.0,28.8,0.0
2016,MIN,8475799,Nino,Niederreiter,R,5,,,,,,,,,,,0,1,1,2.0,,3,-2.0,0.0,0.0,0.0,0.0,7.0,0.0,958.0,22.2,0.0
2016,MIN,8476463,Jonas,Brodin,D,5,,,,,,,,,,,0,1,1,0.0,,3,-3.0,0.0,0.0,0.0,0.0,5.0,0.0,1140.8,26.6,0.0
2016,MIN,8476856,Mathew,Dumba,D,5,,,,,,,,,,,0,0,0,2.0,,3,-1.0,0.0,0.0,0.0,0.0,7.0,0.0,1433.8,29.6,0.0
2016,MIN,8477850,Christian,Folin,D,2,,,,,,,,,,,0,0,0,2.0,,3,-2.0,0.0,0.0,0.0,0.0,1.0,0.0,683.5,18.0,0.0
2016,MIN,8478493,Joel,Eriksson Ek,C,3,,,,,,,,,,,0,0,0,0.0,,3,0.0,0.0,0.0,0.0,0.0,5.0,0.0,454.6667,12.3,0.4615
2016,MTL,8471219,Al,Montoya,G,19,18.0,8.0,6.0,4.0,2.666941,0.912127,569.0,519.0,50.0,2.0,0,2,2,2.0,67493.0,2,,,,,,,,,,
2016,MTL,8471679,Carey,Price,G,62,62.0,37.0,20.0,5.0,2.232929,0.923077,1794.0,1656.0,138.0,3.0,0,1,1,4.0,222488.0,2,,,,,,,,,,
2016,MTL,8479292,Charlie,Lindgren,G,2,2.0,2.0,0.0,0.0,1.479046,0.949153,59.0,56.0,3.0,0.0,0,0,0,,7302.0,2,,,,,,,,,,
2016,MTL,8467496,Andrei,Markov,D,62,,,,,,,,,,,6,30,36,16.0,,2,18.0,1.0,0.0,1.0,0.0,98.0,0.0612,1310.1613,26.6,0.0
2016,MTL,8468505,Steve,Ott,C,11,,,,,,,,,,,0,1,1,17.0,,2,-2.0,0.0,0.0,0.0,0.0,12.0,0.0,715.5455,16.6,0.5
2016,MTL,8469521,Tomas,Plekanec,C,78,,,,,,,,,,,10,18,28,24.0,,2,10.0,3.0,2.0,3.0,0.0,139.0,0.0719,1009.1282,24.9,0.5118
2016,MTL,8470642,Shea,Weber,D,78,,,,,,,,,,,17,25,42,38.0,,2,20.0,12.0,0.0,4.0,0.0,183.0,0.0929,1503.6667,28.4,0.0
2016,MTL,8471228,Alexander,Radulov,R,76,,,,,,,,,,,18,36,54,62.0,,2,10.0,6.0,0.0,2.0,1.0,147.0,0.1224,1097.4342,22.7,0.5
2016,MTL,8471296,Alexei,Emelin,D,76,,,,,,,,,,,2,8,10,71.0,,2,1.0,0.0,0.0,0.0,0.0,82.0,0.0244,1279.3026,26.1,0.0
2016,MTL,8471338,Torrey,Mitchell,C,78,,,,,,,,,,,8,9,17,38.0,,2,5.0,0.0,0.0,1.0,0.0,68.0,0.1176,756.3077,19.8,0.5452
2016,MTL,8471976,David,Desharnais,C,31,,,,,,,,,,,4,6,10,6.0,,2,5.0,0.0,0.0,1.0,0.0,30.0,0.1333,786.4194,18.1,0.478
2016,MTL,8473507,Jeff,Petry,D,80,,,,,,,,,,,8,20,28,22.0,,2,3.0,2.0,0.0,1.0,0.0,172.0,0.0465,1326.9,27.2,0.0
2016,MTL,8474038,Paul,Byron,L,81,,,,,,,,,,,22,21,43,29.0,,2,21.0,0.0,1.0,6.0,1.0,96.0,0.2292,904.0494,22.8,0.6667
2016,MTL,8474052,Chris,Terry,L,14,,,,,,,,,,,2,2,4,4.0,,2,-1.0,0.0,0.0,0.0,0.0,15.0,0.1333,593.2857,15.2,0.5
2016,MTL,8474100,Dwight,King,L,17,,,,,,,,,,,1,0,1,2.0,,2,-2.0,0.0,0.0,0.0,0.0,21.0,0.0476,734.1765,16.7,0.0
2016,MTL,8474157,Max,Pacioretty,L,81,,,,,,,,,,,35,32,67,38.0,,2,15.0,8.0,1.0,7.0,2.0,268.0,0.1306,1150.5926,24.8,0.54
2016,MTL,8474688,Greg,Pateryn,D,24,,,,,,,,,,,1,5,6,4.0,,2,1.0,0.0,0.0,0.0,0.0,28.0,0.0357,862.75,18.7,0.0
2016,MTL,8474717,Mark,Barberio,D,26,,,,,,,,,,,0,4,4,10.0,,2,1.0,0.0,0.0,0.0,0.0,28.0,0.0,907.3462,19.2,0.0
2016,MTL,8474743,Zach,Redmond,D,16,,,,,,,,,,,0,5,5,2.0,,2,6.0,0.0,0.0,0.0,0.0,12.0,0.0,738.625,16.3,0.0
2016,MTL,8474818,Jordie,Benn,D,13,,,,,,,,,,,2,0,2,4.0,,2,-1.0,0.0,0.0,1.0,0.0,9.0,0.2222,1010.3077,22.9,0.0
2016,MTL,8475848,Brendan,Gallagher,R,64,,,,,,,,,,,10,19,29,39.0,,2,7.0,1.0,0.0,2.0,0.0,187.0,0.0535,905.7031,21.1,0.4054
2016,MTL,8475869,Brandon,Davidson,D,10,,,,,,,,,,,0,2,2,4.0,,2,-3.0,0.0,0.0,0.0,0.0,13.0,0.0,997.7,21.8,0.0
2016,MTL,8476300,Nikita,Nesterov,D,13,,,,,,,,,,,1,4,5,4.0,,2,3.0,0.0,0.0,0.0,0.0,17.0,0.0588,928.7692,19.7,0.0
2016,MTL,8476381,Andrew,Shaw,R,68,,,,,,,,,,,12,17,29,110.0,,2,4.0,1.0,0.0,1.0,1.0,127.0,0.0945,912.1029,20.0,0.5457
2016,MTL,8476470,Nathan,Beaulieu,D,74,,,,,,,,,,,4,24,28,44.0,,2,8.0,2.0,0.0,1.0,0.0,118.0,0.0339,1168.7838,23.5,0.0
2016,MTL,8476479,Phillip,Danault,C,82,,,,,,,,,,,13,27,40,35.0,,2,5.0,0.0,0.0,3.0,1.0,133.0,0.0977,934.9024,21.9,0.517
2016,MTL,8476769,Bobby,Farnham,R,3,,,,,,,,,,,0,0,0,17.0,,2,0.0,0.0,0.0,0.0,0.0,4.0,0.0,496.3333,14.3,1.0
2016,MTL,8476808,Brian,Flynn,C,51,,,,,,,,,,,6,4,10,4.0,,2,2.0,0.0,0.0,0.0,0.0,47.0,0.1277,723.9412,18.9,0.4631
2016,MTL,8476851,Alex,Galchenyuk,C,61,,,,,,,,,,,17,27,44,24.0,,2,-5.0,6.0,0.0,6.0,5.0,104.0,0.1635,955.7869,20.9,0.4268
2016,MTL,8476948,Charles,Hudon,L,3,,,,,,,,,,,0,2,2,2.0,,2,1.0,0.0,0.0,0.0,0.0,3.0,0.0,715.6667,16.0,0.0
2016,MTL,8477413,Sven,Andrighetto,R,27,,,,,,,,,,,2,6,8,4.0,,2,1.0,0.0,0.0,0.0,0.0,31.0,0.0645,688.963,16.4,0.0
2016,MTL,8477446,Michael,McCarron,C,31,,,,,,,,,,,1,4,5,41.0,,2,-4.0,0.0,0.0,0.0,0.0,31.0,0.0323,593.3226,14.6,0.4343
2016,MTL,8477455,Jacob,de la Rose,L,9,,,,,,,,,,,0,0,0,4.0,,2,-3.0,0.0,0.0,0.0,0.0,4.0,0.0,654.4444,17.3,0.5
2016,MTL,8477476,Artturi,Lehkonen,L,73,,,,,,,,,,,18,10,28,8.0,,2,-1.0,2.0,1.0,3.0,0.0,158.0,0.1139,831.5342,20.4,0.5
2016,MTL,8477810,Joel,Hanley,D,7,,,,,,,,,,,0,0,0,4.0,,2,-3.0,0.0,0.0,0.0,0.0,5.0,0.0,609.4286,15.0,0.0
2016,MTL,8477901,Daniel,Carr,L,33,,,,,,,,,,,2,7,9,6.0,,2,4.0,0.0,0.0,1.0,0.0,44.0,0.0455,615.3333,15.5,0.6667
2016,MTL,8477957,Nikita,Scherbak,R,3,,,,,,,,,,,1,0,1,0.0,,2,1.0,1.0,0.0,0.0,0.0,3.0,0.3333,682.6667,16.7,0.0
2016,MTL,8478004,Brett,Lernout,D,2,,,,,,,,,,,0,0,0,0.0,,2,-1.0,0.0,0.0,0.0,0.0,3.0,0.0,1139.5,22.5,0.0
2016,MTL,8478561,Andreas,Martinsen,L,9,,,,,,,,,,,0,0,0,0.0,,2,-4.0,0.0,0.0,0.0,0.0,14.0,0.0,714.3333,15.8,0.0
2016,MTL,8478963,Ryan,Johnston,D,7,,,,,,,,,,,0,0,0,4.0,,2,-3.0,0.0,0.0,0.0,0.0,3.0,0.0,592.1429,14.6,0.0
2016,MTL,8479410,Mikhail,Sergachev,D,4,,,,,,,,,,,0,0,0,0.0,,2,1.0,0.0,0.0,0.0,0.0,2.0,0.0,727.5,17.0,0.0
2016,MTL,8471679,Carey,Price,G,6,6.0,2.0,4.0,,1.858223,0.932961,179.0,167.0,12.0,0.0,0,0,0,,23248.0,3,,,,,,,,,,
2016,MTL,8467496,Andrei,Markov,D,6,,,,,,,,,,,0,1,1,10.0,,3,-1.0,0.0,0.0,0.0,0.0,8.0,0.0,1569.0,31.8,0.0
2016,MTL,8468505,Steve,Ott,C,6,,,,,,,,,,,0,0,0,0.0,,3,0.0,0.0,0.0,0.0,0.0,3.0,0.0,742.3333,18.8,0.4651
2016,MTL,8469521,Tomas,Plekanec,C,6,,,,,,,,,,,1,2,3,0.0,,3,-4.0,0.0,0.0,0.0,0.0,15.0,0.0667,1111.5,27.2,0.5615
2016,MTL,8470642,Shea,Weber,D,6,,,,,,,,,,,1,2,3,5.0,,3,1.0,1.0,0.0,1.0,0.0,15.0,0.0667,1678.8333,34.2,0.0
2016,MTL,8471228,Alexander,Radulov,R,6,,,,,,,,,,,2,5,7,6.0,,3,0.0,0.0,0.0,1.0,1.0,9.0,0.2222,1194.6667,24.2,1.0
2016,MTL,8471296,Alexei,Emelin,D,2,,,,,,,,,,,1,0,1,2.0,,3,1.0,0.0,0.0,0.0,0.0,2.0,0.5,1074.5,26.5,0.0
2016,MTL,8471338,Torrey,Mitchell,C,3,,,,,,,,,,,1,0,1,0.0,,3,1.0,0.0,0.0,0.0,0.0,4.0,0.25,692.6667,19.0,0.3684
2016,MTL,8473507,Jeff,Petry,D,6,,,,,,,,,,,1,0,1,2.0,,3,-3.0,0.0,0.0,0.0,0.0,12.0,0.0833,1484.3333,32.7,0.0
2016,MTL,8474038,Paul,Byron,L,6,,,,,,,,,,,1,0,1,0.0,,3,-3.0,0.0,0.0,0.0,0.0,8.0,0.125,1007.5,24.3,0.0
2016,MTL,8474100,Dwight,King,L,6,,,,,,,,,,,0,0,0,0.0,,3,-1.0,0.0,0.0,0.0,0.0,6.0,0.0,752.8333,19.0,0.0
2016,MTL,8474157,Max,Pacioretty,L,6,,,,,,,,,,,0,1,1,7.0,,3,-2.0,0.0,0.0,0.0,0.0,28.0,0.0,1244.0,25.7,0.0
2016,MTL,8474818,Jordie,Benn,D,6,,,,,,,,,,,0,0,0,6.0,,3,-3.0,0.0,0.0,0.0,0.0,9.0,0.0,1220.1667,30.2,0.0
2016,MTL,8475848,Brendan,Gallagher,R,6,,,,,,,,,,,1,2,3,8.0,,3,-3.0,1.0,0.0,0.0,0.0,19.0,0.0526,1041.5,24.2,0.0
2016,MTL,8475869,Brandon,Davidson,D,3,,,,,,,,,,,0,0,0,0.0,,3,-1.0,0.0,0.0,0.0,0.0,2.0,0.0,766.0,21.0,0.0
2016,MTL,8476300,Nikita,Nesterov,D,2,,,,,,,,,,,0,0,0,0.0,,3,-1.0,0.0,0.0,0.0,0.0,1.0,0.0,868.0,18.0,0.0
2016,MTL,8476381,Andrew,Shaw,R,5,,,,,,,,,,,0,0,0,7.0,,3,-2.0,0.0,0.0,0.0,0.0,13.0,0.0,901.8,20.4,0.3143
2016,MTL,8476470,Nathan,Beaulieu,D,5,,,,,,,,,,,0,1,1,0.0,,3,-3.0,0.0,0.0,0.0,0.0,5.0,0.0,1052.8,24.2,0.0
2016,MTL,8476479,Phillip,Danault,C,6,,,,,,,,,,,0,2,2,2.0,,3,1.0,0.0,0.0,0.0,0.0,10.0,0.0,998.8333,23.2,0.5876
2016,MTL,8476808,Brian,Flynn,C,1,,,,,,,,,,,0,0,0,0.0,,3,0.0,0.0,0.0,0.0,0.0,2.0,0.0,933.0,21.0,0.6667
2016,MTL,8476851,Alex,Galchenyuk,C,6,,,,,,,,,,,0,3,3,4.0,,3,0.0,0.0,0.0,0.0,0.0,13.0,0.0,995.5,20.5,0.3714
2016,MTL,8477446,Michael,McCarron,C,1,,,,,,,,,,,0,0,0,0.0,,3,-1.0,0.0,0.0,0.0,0.0,0.0,0.0,414.0,13.0,0.0
2016,MTL,8477476,Artturi,Lehkonen,L,6,,,,,,,,,,,2,2,4,2.0,,3,-1.0,1.0,0.0,0.0,0.0,19.0,0.1053,932.5,23.2,0.0
2016,MTL,8478561,Andreas,Martinsen,L,2,,,,,,,,,,,0,0,0,0.0,,3,-1.0,0.0,0.0,0.0,0.0,3.0,0.0,612.5,13.0,0.0
2016,NJD,8471239,Cory,Schneider,G,60,59.0,20.0,27.0,11.0,2.816143,0.908478,1781.0,1618.0,163.0,2.0,0,0,0,,208370.0,2,,,,,,,,,,
2016,NJD,8476234,Keith,Kinkaid,G,26,23.0,8.0,13.0,3.0,2.642126,0.916452,778.0,713.0,65.0,1.0,0,1,1,,88565.0,2,,,,,,,,,,
2016,NJD,8469500,Michael,Cammalleri,L,61,,,,,,,,,,,10,21,31,21.0,,2,-9.0,1.0,0.0,3.0,1.0,142.0,0.0704,1041.2951,21.0,0.6071
2016,NJD,8469707,PA,Parenteau,R,59,,,,,,,,,,,13,14,27,35.0,,2,-16.0,4.0,0.0,2.0,0.0,109.0,0.1193,899.2203,19.7,0.3158
2016,NJD,8469759,Vernon,Fiddler,C,39,,,,,,,,,,,1,2,3,29.0,,2,-11.0,0.0,1.0,0.0,0.0,37.0,0.027,734.3077,18.8,0.5222
2016,NJD,8470724,Kyle,Quincey,D,53,,,,,,,,,,,4,8,12,39.0,,2,4.0,0.0,0.0,0.0,0.0,61.0,0.0656,1118.3019,25.6,0.0
2016,NJD,8471233,Travis,Zajac,C,80,,,,,,,,,,,14,31,45,33.0,,2,-8.0,6.0,1.0,1.0,0.0,126.0,0.1111,1183.525,24.6,0.5467
2016,NJD,8472382,Andy,Greene,D,66,,,,,,,,,,,4,9,13,8.0,,2,-16.0,1.0,1.0,1.0,1.0,83.0,0.0482,1316.6364,28.4,0.0
2016,NJD,8473933,Ben,Lovejoy,D,82,,,,,,,,,,,1,6,7,39.0,,2,-7.0,0.0,0.0,1.0,0.0,84.0,0.0119,1246.4512,27.3,0.0
2016,NJD,8473989,Luke,Gazdic,L,11,,,,,,,,,,,0,0,0,12.0,,2,-2.0,0.0,0.0,0.0,0.0,3.0,0.0,427.9091,10.3,0.0
2016,NJD,8474641,Adam,Henrique,C,82,,,,,,,,,,,20,20,40,38.0,,2,-20.0,6.0,2.0,2.0,1.0,142.0,0.1408,1090.3293,23.5,0.4819
2016,NJD,8474774,Dalton,Prout,D,14,,,,,,,,,,,0,3,3,30.0,,2,-5.0,0.0,0.0,0.0,0.0,7.0,0.0,896.3571,20.4,0.0
2016,NJD,8475151,Kyle,Palmieri,C,80,,,,,,,,,,,26,27,53,46.0,,2,2.0,8.0,1.0,3.0,0.0,192.0,0.1354,1040.9375,22.1,0.4138
2016,NJD,8475185,Jacob,Josefson,C,38,,,,,,,,,,,1,9,10,16.0,,2,-1.0,0.0,0.0,1.0,0.0,44.0,0.0227,734.8421,16.9,0.5176
2016,NJD,8475186,John,Moore,D,63,,,,,,,,,,,12,10,22,39.0,,2,-7.0,1.0,0.0,1.0,1.0,102.0,0.1176,1138.5873,26.6,0.0
2016,NJD,8475274,Seth,Helgeson,D,9,,,,,,,,,,,1,0,1,15.0,,2,2.0,0.0,0.0,0.0,0.0,3.0,0.3333,808.1111,19.7,0.0
2016,NJD,8475750,Jon,Merrill,D,51,,,,,,,,,,,1,5,6,24.0,,2,-9.0,0.0,0.0,0.0,0.0,48.0,0.0208,1113.9804,25.0,0.0
2016,NJD,8475758,Devante,Smith-Pelly,R,53,,,,,,,,,,,4,5,9,12.0,,2,-19.0,0.0,0.0,0.0,0.0,76.0,0.0526,810.3774,18.4,0.4085
2016,NJD,8475761,Beau,Bennett,R,65,,,,,,,,,,,8,11,19,20.0,,2,-3.0,1.0,0.0,1.0,0.0,101.0,0.0792,813.4769,17.7,0.1875
2016,NJD,8475791,Taylor,Hall,L,72,,,,,,,,,,,20,33,53,32.0,,2,-9.0,7.0,0.0,4.0,2.0,238.0,0.084,1159.8611,22.6,0.4444
2016,NJD,8476370,Blake,Pietila,L,10,,,,,,,,,,,0,1,1,4.0,,2,-5.0,0.0,0.0,0.0,0.0,9.0,0.0,782.2,16.8,0.5111
2016,NJD,8476399,Blake,Coleman,L,23,,,,,,,,,,,1,1,2,27.0,,2,-7.0,0.0,0.0,0.0,0.0,29.0,0.0345,770.7826,17.3,0.4248
2016,NJD,8476423,Reid,Boucher,C,9,,,,,,,,,,,0,2,2,2.0,,2,0.0,0.0,0.0,0.0,0.0,12.0,0.0,735.2222,14.9,0.0
2016,NJD,8476474,Stefan,Noesen,R,32,,,,,,,,,,,6,2,8,22.0,,2,4.0,0.0,0.0,0.0,0.0,51.0,0.1176,770.4375,17.8,0.4167
2016,NJD,8476526,Ben,Thomson,L,3,,,,,,,,,,,0,0,0,4.0,,2,-4.0,0.0,0.0,0.0,0.0,7.0,0.0,653.3333,15.7,0.0
2016,NJD,8476798,Karl,Stollery,D,11,,,,,,,,,,,0,3,3,13.0,,2,-5.0,0.0,0.0,0.0,0.0,11.0,0.0,1015.0909,22.3,0.0
2016,NJD,8476923,Damon,Severson,D,80,,,,,,,,,,,3,28,31,58.0,,2,-31.0,0.0,0.0,1.0,0.0,125.0,0.024,1221.1375,26.1,0.0
2016,NJD,8477010,Joseph,Blandisi,C,27,,,,,,,,,,,3,6,9,26.0,,2,-10.0,1.0,0.0,2.0,1.0,24.0,0.125,801.5926,18.1,0.4497
2016,NJD,8477425,Miles,Wood,L,60,,,,,,,,,,,8,9,17,86.0,,2,-21.0,2.0,0.0,0.0,0.0,105.0,0.0762,771.15,17.3,0.5
2016,NJD,8477463,Steven,Santini,D,38,,,,,,,,,,,2,5,7,14.0,,2,-6.0,0.0,0.0,0.0,0.0,46.0,0.0435,965.0,22.5,0.0
2016,NJD,8477961,John,Quenneville,C,12,,,,,,,,,,,1,3,4,2.0,,2,1.0,1.0,0.0,0.0,0.0,21.0,0.0476,821.9167,18.7,0.0
2016,NJD,8478401,Pavel,Zacha,C,70,,,,,,,,,,,8,16,24,19.0,,2,-17.0,5.0,0.0,2.0,0.0,83.0,0.0964,858.4714,18.6,0.4026
2016,NJD,8478480,Blake,Speers,C,3,,,,,,,,,,,0,0,0,0.0,,2,0.0,0.0,0.0,0.0,0.0,3.0,0.0,569.0,14.3,0.0
2016,NJD,8478566,Sergey,Kalinin,C,43,,,,,,,,,,,2,2,4,15.0,,2,-14.0,0.0,0.0,0.0,0.0,38.0,0.0526,767.6279,18.6,0.4138
2016,NJD,8479250,Nick,Lappin,R,43,,,,,,,,,,,4,3,7,17.0,,2,-17.0,0.0,0.0,0.0,0.0,57.0,0.0702,703.2558,16.2,0.2857
2016,NJD,8479291,Kevin,Rooney,C,4,,,,,,,,,,,0,0,0,4.0,,2,-3.0,0.0,0.0,0.0,0.0,2.0,0.0,611.25,14.0,0.3704
2016,NJD,8479483,Yohann,Auvitu,D,25,,,,,,,,,,,2,2,4,2.0,,2,1.0,0.0,0.0,0.0,0.0,54.0,0.037,936.2,20.2,0.0
2016,NJD,8480081,Michael,Kapla,D,5,,,,,,,,,,,0,0,0,0.0,,2,-1.0,0.0,0.0,0.0,0.0,4.0,0.0,1046.4,21.8,0.0
2016,NSH,8471469,Pekka,Rinne,G,61,61.0,31.0,19.0,9.0,2.42167,0.918042,1757.0,1613.0,144.0,3.0,0,0,0,4.0,214067.0,2,,,,,,,,,,
2016,NSH,8476992,Marek,Mazanec,G,4,2.0,0.0,2.0,0.0,4.730173,0.83908,87.0,73.0,14.0,0.0,0,1,1,,10655.0,2,,,,,,,,,,
2016,NSH,8477424,Juuse,Saros,G,21,19.0,10.0,8.0,3.0,2.350163,0.923453,614.0,567.0,47.0,1.0,0,1,1,,71995.0,2,,,,,,,,,,
2016,NSH,8467370,Mike,Fisher,C,72,,,,,,,,,,,18,24,42,55.0,,2,1.0,7.0,0.0,3.0,0.0,120.0,0.15,997.0139,23.4,0.5492
2016,NSH,8467371,Mike,Ribeiro,C,46,,,,,,,,,,,4,21,25,14.0,,2,-5.0,2.0,0.0,0.0,0.0,38.0,0.1053,958.1957,20.2,0.4122
2016,NSH,8469707,PA,Parenteau,R,8,,,,,,,,,,,0,1,1,0.0,,2,-2.0,0.0,0.0,0.0,0.0,14.0,0.0,753.75,19.0,0.0
2016,NSH,8469759,Vernon,Fiddler,C,20,,,,,,,,,,,1,0,1,37.0,,2,-4.0,0.0,0.0,0.0,0.0,11.0,0.0909,630.55,16.9,0.5694
2016,NSH,8470640,Matt,Carle,D,6,,,,,,,,,,,0,1,1,0.0,,2,-1.0,0.0,0.0,0.0,0.0,2.0,0.0,788.6667,17.8,0.0
2016,NSH,8471385,Adam,Pardy,D,4,,,,,,,,,,,0,0,0,6.0,,2,-1.0,0.0,0.0,0.0,0.0,4.0,0.0,659.5,16.0,0.0
2016,NSH,8471657,Cody,McLeod,L,31,,,,,,,,,,,4,1,5,93.0,,2,-1.0,0.0,0.0,0.0,0.0,18.0,0.2222,499.7419,13.2,0.0
2016,NSH,8471707,James,Neal,L,70,,,,,,,,,,,23,18,41,35.0,,2,-10.0,5.0,0.0,5.0,1.0,202.0,0.1139,1061.6,22.8,0.5
2016,NSH,8471760,Cody,Bass,C,9,,,,,,,,,,,0,0,0,19.0,,2,-1.0,0.0,0.0,0.0,0.0,1.0,0.0,406.0,11.0,0.0
2016,NSH,8473942,Trevor,Smith,C,1,,,,,,,,,,,0,0,0,0.0,,2,0.0,0.0,0.0,0.0,0.0,0.0,0.0,440.0,12.0,0.0
2016,NSH,8474056,P.K.,Subban,D,66,,,,,,,,,,,10,30,40,44.0,,2,-8.0,3.0,0.0,2.0,0.0,142.0,0.0704,1464.2424,28.2,0.0
2016,NSH,8474134,Yannick,Weber,D,73,,,,,,,,,,,1,7,8,25.0,,2,1.0,0.0,0.0,1.0,0.0,72.0,0.0139,715.1918,17.1,0.0
2016,NSH,8474569,Colin,Wilson,C,70,,,,,,,,,,,12,23,35,18.0,,2,7.0,6.0,0.0,0.0,0.0,113.0,0.1062,897.4429,20.7,0.4103
2016,NSH,8474600,Roman,Josi,D,72,,,,,,,,,,,12,37,49,18.0,,2,7.0,7.0,0.0,1.0,0.0,217.0,0.0553,1504.4861,28.8,0.0
2016,NSH,8474683,Derek,Grant,C,6,,,,,,,,,,,0,1,1,5.0,,2,-2.0,0.0,0.0,0.0,0.0,6.0,0.0,521.3333,14.2,0.5385
2016,NSH,8475176,Ryan,Ellis,D,71,,,,,,,,,,,16,22,38,29.0,,2,17.0,4.0,1.0,3.0,0.0,140.0,0.1143,1437.3521,28.6,0.0
2016,NSH,8475218,Mattias,Ekholm,D,82,,,,,,,,,,,3,20,23,34.0,,2,4.0,0.0,0.0,1.0,0.0,120.0,0.025,1407.5,28.4,0.0
2016,NSH,8475225,Craig,Smith,C,78,,,,,,,,,,,12,17,29,30.0,,2,7.0,2.0,0.0,1.0,0.0,155.0,0.0774,829.3846,19.3,0.4595
2016,NSH,8475436,Mike,Liambas,L,1,,,,,,,,,,,0,0,0,0.0,,2,-1.0,0.0,0.0,0.0,0.0,0.0,0.0,282.0,8.0,0.0
2016,NSH,8475625,Matt,Irwin,D,74,,,,,,,,,,,3,11,14,26.0,,2,15.0,0.0,0.0,1.0,0.0,98.0,0.0306,976.0541,22.1,0.0
2016,NSH,8475714,Calle,Jarnkrok,C,81,,,,,,,,,,,15,16,31,25.0,,2,-1.0,2.0,1.0,1.0,1.0,134.0,0.1119,943.5556,23.2,0.494
2016,NSH,8475766,Austin,Watson,L,77,,,,,,,,,,,5,12,17,99.0,,2,14.0,0.0,0.0,0.0,0.0,90.0,0.0556,745.5584,17.9,0.4048
2016,NSH,8475774,Petter,Granberg,D,10,,,,,,,,,,,0,0,0,10.0,,2,0.0,0.0,0.0,0.0,0.0,4.0,0.0,577.6,13.1,0.0
2016,NSH,8475793,Ryan,Johansen,C,82,,,,,,,,,,,14,47,61,60.0,,2,1.0,4.0,1.0,3.0,0.0,154.0,0.0909,1130.1341,24.4,0.5455
2016,NSH,8475868,Anthony,Bitetto,D,29,,,,,,,,,,,0,7,7,25.0,,2,-1.0,0.0,0.0,0.0,0.0,17.0,0.0,708.2069,17.7,0.0
2016,NSH,8476158,Harry,Zolnierczyk,L,24,,,,,,,,,,,2,2,4,10.0,,2,-2.0,0.0,0.0,0.0,0.0,19.0,0.1053,532.3333,12.9,0.4211
2016,NSH,8476423,Reid,Boucher,C,3,,,,,,,,,,,1,0,1,0.0,,2,1.0,0.0,0.0,0.0,0.0,3.0,0.3333,522.3333,12.0,0.0
2016,NSH,8476447,Miikka,Salomaki,R,5,,,,,,,,,,,0,0,0,2.0,,2,-1.0,0.0,0.0,0.0,0.0,3.0,0.0,732.8,16.8,0.0
2016,NSH,8476779,Brad,Hunt,D,3,,,,,,,,,,,0,1,1,0.0,,2,1.0,0.0,0.0,0.0,0.0,2.0,0.0,1033.0,21.0,0.0
2016,NSH,8476857,Pontus,Aberg,L,15,,,,,,,,,,,1,1,2,4.0,,2,-2.0,0.0,0.0,0.0,0.0,12.0,0.0833,740.1333,17.1,1.0
2016,NSH,8476887,Filip,Forsberg,L,82,,,,,,,,,,,31,27,58,32.0,,2,-4.0,3.0,3.0,9.0,1.0,234.0,0.1325,1111.0854,25.4,0.2778
2016,NSH,8476925,Colton,Sissons,C,58,,,,,,,,,,,8,2,10,12.0,,2,11.0,0.0,1.0,1.0,0.0,42.0,0.1905,667.3793,16.9,0.5
2016,NSH,8477919,Frederick,Gaudreau,C,9,,,,,,,,,,,0,1,1,0.0,,2,1.0,0.0,0.0,0.0,0.0,8.0,0.0,519.7778,13.1,0.3333
2016,NSH,8477942,Kevin,Fiala,L,54,,,,,,,,,,,11,5,16,18.0,,2,1.0,0.0,0.0,1.0,0.0,114.0,0.0965,810.7407,18.8,0.0
2016,NSH,8477973,Vladislav,Kamenev,C,2,,,,,,,,,,,0,0,0,2.0,,2,-1.0,0.0,0.0,0.0,0.0,1.0,0.0,603.5,13.5,0.4615
2016,NSH,8478042,Viktor,Arvidsson,L,80,,,,,,,,,,,31,30,61,28.0,,2,16.0,4.0,5.0,6.0,1.0,246.0,0.126,1029.2875,23.8,0.25
2016,NSH,8478851,Alexandre,Carrier,D,2,,,,,,,,,,,0,0,0,0.0,,2,1.0,0.0,0.0,0.0,0.0,1.0,0.0,623.5,16.5,0.0
2016,NSH,8471469,Pekka,Rinne,G,22,22.0,14.0,8.0,,1.955408,0.929883,599.0,557.0,42.0,2.0,0,3,3,,77324.0,3,,,,,,,,,,
2016,NSH,8477424,Juuse,Saros,G,2,0.0,,,,3.183959,0.823529,17.0,14.0,3.0,0.0,0,0,0,,3392.0,3,,,,,,,,,,
2016,NSH,8467370,Mike,Fisher,C,20,,,,,,,,,,,0,4,4,2.0,,3,-6.0,0.0,0.0,0.0,0.0,34.0,0.0,1037.05,25.1,0.5133
2016,NSH,8469707,PA,Parenteau,R,5,,,,,,,,,,,0,0,0,0.0,,3,0.0,0.0,0.0,0.0,0.0,6.0,0.0,562.8,15.0,0.0
2016,NSH,8469759,Vernon,Fiddler,C,9,,,,,,,,,,,1,1,2,25.0,,3,-4.0,0.0,0.0,1.0,0.0,7.0,0.1429,482.0,14.7,0.4655
2016,NSH,8471657,Cody,McLeod,L,15,,,,,,,,,,,1,0,1,27.0,,3,-1.0,0.0,0.0,1.0,0.0,11.0,0.0909,409.8667,11.7,0.0
2016,NSH,8471707,James,Neal,L,22,,,,,,,,,,,6,3,9,14.0,,3,-8.0,1.0,0.0,2.0,1.0,67.0,0.0896,1074.8182,23.9,1.0
2016,NSH,8474056,P.K.,Subban,D,22,,,,,,,,,,,2,10,12,29.0,,3,5.0,0.0,0.0,0.0,0.0,39.0,0.0513,1532.3182,32.2,0.0
2016,NSH,8474134,Yannick,Weber,D,22,,,,,,,,,,,0,1,1,5.0,,3,0.0,0.0,0.0,0.0,0.0,12.0,0.0,669.4545,17.5,0.0
2016,NSH,8474569,Colin,Wilson,C,14,,,,,,,,,,,2,2,4,2.0,,3,-1.0,2.0,0.0,0.0,0.0,20.0,0.1,916.4286,22.3,0.0
2016,NSH,8474600,Roman,Josi,D,22,,,,,,,,,,,6,8,14,12.0,,3,2.0,2.0,0.0,1.0,0.0,76.0,0.0789,1545.6818,32.0,0.0
2016,NSH,8475176,Ryan,Ellis,D,22,,,,,,,,,,,5,8,13,12.0,,3,4.0,2.0,0.0,1.0,0.0,48.0,0.1042,1405.7727,30.9,0.0
2016,NSH,8475218,Mattias,Ekholm,D,22,,,,,,,,,,,1,10,11,38.0,,3,6.0,1.0,0.0,0.0,0.0,33.0,0.0303,1520.3182,32.5,0.0
2016,NSH,8475225,Craig,Smith,C,10,,,,,,,,,,,1,2,3,2.0,,3,2.0,0.0,0.0,0.0,0.0,21.0,0.0476,770.2,20.1,0.0
2016,NSH,8475625,Matt,Irwin,D,22,,,,,,,,,,,0,2,2,4.0,,3,-1.0,0.0,0.0,0.0,0.0,10.0,0.0,714.2273,18.2,0.0
2016,NSH,8475714,Calle,Jarnkrok,C,21,,,,,,,,,,,2,5,7,2.0,,3,-2.0,0.0,0.0,0.0,0.0,26.0,0.0769,1019.0,26.0,0.492
2016,NSH,8475766,Austin,Watson,L,22,,,,,,,,,,,4,5,9,28.0,,3,3.0,0.0,0.0,0.0,0.0,28.0,0.1429,820.1818,21.1,0.3333
2016,NSH,8475793,Ryan,Johansen,C,14,,,,,,,,,,,3,10,13,12.0,,3,12.0,0.0,0.0,1.0,0.0,15.0,0.2,1245.9286,28.2,0.5428
2016,NSH,8476158,Harry,Zolnierczyk,L,11,,,,,,,,,,,1,2,3,0.0,,3,3.0,0.0,0.0,0.0,0.0,6.0,0.1667,529.2727,14.5,0.0
2016,NSH,8476447,Miikka,Salomaki,R,6,,,,,,,,,,,0,0,0,2.0,,3,0.0,0.0,0.0,0.0,0.0,4.0,0.0,492.1667,12.8,1.0
2016,NSH,8476857,Pontus,Aberg,L,16,,,,,,,,,,,2,3,5,2.0,,3,-1.0,0.0,0.0,1.0,0.0,23.0,0.087,774.875,20.3,0.0
2016,NSH,8476887,Filip,Forsberg,L,22,,,,,,,,,,,9,7,16,14.0,,3,14.0,1.0,0.0,0.0,0.0,71.0,0.1268,1199.7273,28.0,0.5
2016,NSH,8476925,Colton,Sissons,C,22,,,,,,,,,,,6,6,12,16.0,,3,7.0,1.0,0.0,2.0,0.0,28.0,0.2143,903.5909,23.3,0.4886
2016,NSH,8477919,Frederick,Gaudreau,C,8,,,,,,,,,,,3,0,3,0.0,,3,2.0,0.0,0.0,2.0,0.0,7.0,0.4286,689.125,17.6,0.4754
2016,NSH,8477942,Kevin,Fiala,L,5,,,,,,,,,,,2,0,2,0.0,,3,0.0,1.0,0.0,1.0,1.0,12.0,0.1667,834.2,18.6,0.0
2016,NSH,8478042,Viktor,Arvidsson,L,22,,,,,,,,,,,3,10,13,19.0,,3,3.0,0.0,0.0,1.0,0.0,49.0,0.0612,1119.4545,26.6,0.6667
2016,NYI,8470860,Jaroslav,Halak,G,28,26.0,12.0,9.0,5.0,2.802892,0.915254,885.0,810.0,75.0,2.0,0,1,1,,96329.0,2,,,,,,,,,,
2016,NYI,8471306,Thomas,Greiss,G,51,49.0,26.0,18.0,5.0,2.687249,0.913283,1453.0,1327.0,126.0,3.0,0,1,1,,168797.0,2,,,,,,,,,,
2016,NYI,8475234,J-F,Berube,G,14,7.0,3.0,2.0,2.0,3.416746,0.889299,271.0,241.0,30.0,0.0,0,0,0,,31609.0,2,,,,,,,,,,
2016,NYI,8466251,Jason,Chimera,L,82,,,,,,,,,,,20,13,33,40.0,,2,1.0,0.0,1.0,2.0,0.0,121.0,0.1653,783.7805,18.8,0.4706
2016,NYI,8469619,Dennis,Seidenberg,D,73,,,,,,,,,,,5,17,22,32.0,,2,25.0,0.0,0.0,0.0,0.0,89.0,0.0562,1165.6027,22.1,0.0
2016,NYI,8470187,Johnny,Boychuk,D,66,,,,,,,,,,,6,17,23,19.0,,2,11.0,1.0,1.0,2.0,0.0,155.0,0.0387,1243.8636,23.9,1.0
2016,NYI,8471217,Andrew,Ladd,L,78,,,,,,,,,,,23,8,31,45.0,,2,-14.0,3.0,1.0,4.0,1.0,142.0,0.162,970.5385,21.2,0.4
2016,NYI,8471996,Bracken,Kearns,C,2,,,,,,,,,,,0,0,0,2.0,,2,-1.0,0.0,0.0,0.0,0.0,3.0,0.0,671.5,15.5,0.5882
2016,NYI,8472410,Stephen,Gionta,C,26,,,,,,,,,,,1,5,6,2.0,,2,9.0,0.0,0.0,0.0,0.0,17.0,0.0588,672.4231,16.6,0.4667
2016,NYI,8473504,Cal,Clutterbuck,R,66,,,,,,,,,,,5,15,20,28.0,,2,2.0,0.0,0.0,1.0,0.0,115.0,0.0435,839.8333,21.1,0.375
2016,NYI,8473579,Nikolay,Kulemin,L,72,,,,,,,,,,,12,11,23,18.0,,2,3.0,1.0,1.0,4.0,0.0,74.0,0.1622,829.0417,20.4,0.5185
2016,NYI,8474066,Thomas,Hickey,D,76,,,,,,,,,,,4,16,20,35.0,,2,-1.0,0.0,0.0,2.0,2.0,87.0,0.046,1051.1184,21.7,0.0
2016,NYI,8474573,Josh,Bailey,R,82,,,,,,,,,,,13,43,56,12.0,,2,5.0,3.0,0.0,1.0,1.0,173.0,0.0751,1102.2927,22.4,0.5333
2016,NYI,8474612,Travis,Hamonic,D,49,,,,,,,,,,,3,11,14,60.0,,2,-21.0,0.0,0.0,0.0,0.0,74.0,0.0405,1227.3265,22.7,0.0
2016,NYI,8475166,John,Tavares,C,77,,,,,,,,,,,28,38,66,38.0,,2,4.0,7.0,1.0,3.0,1.0,260.0,0.1077,1225.1299,24.8,0.5061
2016,NYI,8475177,Calvin,de Haan,D,82,,,,,,,,,,,5,20,25,36.0,,2,15.0,1.0,0.0,1.0,0.0,116.0,0.0431,1190.8902,22.8,0.0
2016,NYI,8475181,Nick,Leddy,D,81,,,,,,,,,,,11,35,46,12.0,,2,-3.0,3.0,0.0,1.0,0.0,137.0,0.0803,1363.0864,23.6,0.0
2016,NYI,8475231,Casey,Cizikas,C,59,,,,,,,,,,,8,17,25,30.0,,2,9.0,0.0,0.0,1.0,0.0,82.0,0.0976,834.4068,21.3,0.4965
2016,NYI,8475314,Anders,Lee,L,81,,,,,,,,,,,34,18,52,56.0,,2,9.0,9.0,0.0,6.0,0.0,191.0,0.178,935.2963,20.4,0.3889
2016,NYI,8475754,Brock,Nelson,C,81,,,,,,,,,,,20,25,45,36.0,,2,-6.0,1.0,0.0,4.0,1.0,173.0,0.1156,938.8889,21.4,0.4374
2016,NYI,8476386,Shane,Prince,L,50,,,,,,,,,,,5,13,18,18.0,,2,-9.0,1.0,0.0,2.0,0.0,71.0,0.0704,778.24,17.2,0.5714
2016,NYI,8476409,Alan,Quine,C,61,,,,,,,,,,,5,13,18,8.0,,2,-2.0,2.0,0.0,1.0,0.0,82.0,0.061,751.2459,17.4,0.48
2016,NYI,8476429,Scott,Mayfield,D,25,,,,,,,,,,,2,7,9,35.0,,2,-1.0,0.0,0.0,0.0,0.0,39.0,0.0513,848.4,17.2,0.0
2016,NYI,8476458,Ryan,Strome,C,69,,,,,,,,,,,13,17,30,40.0,,2,-8.0,2.0,0.0,2.0,0.0,114.0,0.114,876.4638,18.3,0.4273
2016,NYI,8476917,Adam,Pelech,D,44,,,,,,,,,,,3,7,10,6.0,,2,-5.0,0.0,0.0,0.0,0.0,40.0,0.075,1010.0455,19.7,0.0
2016,NYI,8477506,Ryan,Pulock,D,1,,,,,,,,,,,0,0,0,0.0,,2,1.0,0.0,0.0,0.0,0.0,0.0,0.0,237.0,5.0,0.0
2016,NYI,8477881,Connor,Jones,C,4,,,,,,,,,,,0,0,0,2.0,,2,1.0,0.0,0.0,0.0,0.0,2.0,0.0,710.75,16.3,0.6154
2016,NYI,8477959,Joshua,Ho-Sang,R,21,,,,,,,,,,,4,6,10,12.0,,2,1.0,1.0,0.0,0.0,0.0,22.0,0.1818,987.381,18.8,0.0
2016,NYI,8478445,Mathew,Barzal,C,2,,,,,,,,,,,0,0,0,6.0,,2,-2.0,0.0,0.0,0.0,0.0,0.0,0.0,585.0,16.0,0.4615
2016,NYI,8478463,Anthony,Beauvillier,R,66,,,,,,,,,,,9,15,24,10.0,,2,1.0,0.0,0.0,2.0,0.0,101.0,0.0891,781.2576,17.2,0.4141
2016,NYR,8468685,Henrik,Lundqvist,G,57,55.0,31.0,20.0,4.0,2.740374,0.910303,1650.0,1502.0,148.0,2.0,0,1,1,,194426.0,2,,,,,,,,,,
2016,NYR,8476433,Magnus,Hellberg,G,2,1.0,1.0,0.0,0.0,1.528337,0.928571,28.0,26.0,2.0,0.0,0,0,0,,4711.0,2,,,,,,,,,,
2016,NYR,8477293,Antti,Raanta,G,30,26.0,16.0,8.0,2.0,2.262982,0.921995,782.0,721.0,61.0,4.0,0,1,1,,97040.0,2,,,,,,,,,,
2016,NYR,8470041,Rick,Nash,L,67,,,,,,,,,,,23,15,38,26.0,,2,9.0,6.0,1.0,3.0,0.0,195.0,0.1179,987.8507,24.7,0.0
2016,NYR,8470630,Kevin,Klein,D,60,,,,,,,,,,,3,11,14,31.0,,2,5.0,0.0,0.0,0.0,0.0,54.0,0.0556,1058.1667,24.0,0.0
2016,NYR,8470854,Tanner,Glass,L,11,,,,,,,,,,,1,1,2,17.0,,2,0.0,0.0,0.0,0.0,0.0,8.0,0.125,654.6364,17.0,1.0
2016,NYR,8471686,Marc,Staal,D,72,,,,,,,,,,,3,7,10,34.0,,2,9.0,0.0,0.0,0.0,0.0,70.0,0.0429,1150.5833,26.5,0.0
2016,NYR,8471958,Dan,Girardi,D,63,,,,,,,,,,,4,11,15,16.0,,2,8.0,0.0,1.0,3.0,0.0,56.0,0.0714,1146.1587,26.5,0.0
2016,NYR,8473546,Michael,Grabner,L,76,,,,,,,,,,,27,13,40,10.0,,2,22.0,0.0,1.0,3.0,0.0,162.0,0.1667,845.6842,22.3,0.5385
2016,NYR,8474000,Steven,Kampfer,D,10,,,,,,,,,,,1,1,2,2.0,,2,-1.0,0.0,0.0,0.0,0.0,10.0,0.1,774.2,19.6,0.0
2016,NYR,8474090,Brendan,Smith,D,18,,,,,,,,,,,1,3,4,29.0,,2,2.0,0.0,0.0,0.0,0.0,23.0,0.0435,1209.6667,27.0,0.0
2016,NYR,8474151,Ryan,McDonagh,D,77,,,,,,,,,,,6,36,42,37.0,,2,20.0,1.0,1.0,1.0,0.0,153.0,0.0392,1461.4286,29.5,0.0
2016,NYR,8474207,Nick,Holden,D,80,,,,,,,,,,,11,23,34,35.0,,2,13.0,3.0,0.0,2.0,1.0,84.0,0.131,1236.7625,27.9,0.0
2016,NYR,8474613,Derek,Stepan,C,81,,,,,,,,,,,17,38,55,16.0,,2,19.0,4.0,1.0,2.0,0.0,209.0,0.0813,1116.5062,25.4,0.4704
2016,NYR,8475184,Chris,Kreider,L,75,,,,,,,,,,,28,25,53,58.0,,2,6.0,6.0,0.0,4.0,1.0,186.0,0.1505,1020.2933,22.5,0.5556
2016,NYR,8475192,Taylor,Beck,L,2,,,,,,,,,,,0,0,0,0.0,,2,-2.0,0.0,0.0,0.0,0.0,5.0,0.0,792.0,20.0,0.0
2016,NYR,8475204,Brandon,Pirri,C,60,,,,,,,,,,,8,10,18,25.0,,2,-8.0,5.0,0.0,3.0,0.0,96.0,0.0833,736.6333,16.8,0.5761
2016,NYR,8475692,Mats,Zuccarello,R,80,,,,,,,,,,,15,44,59,26.0,,2,15.0,5.0,0.0,3.0,0.0,189.0,0.0794,1129.725,24.0,0.4615
2016,NYR,8475715,Oscar,Lindberg,L,65,,,,,,,,,,,8,12,20,32.0,,2,2.0,0.0,0.0,1.0,0.0,86.0,0.093,649.7692,16.4,0.52
2016,NYR,8475763,Kevin,Hayes,R,76,,,,,,,,,,,17,32,49,18.0,,2,10.0,1.0,1.0,4.0,0.0,143.0,0.1189,993.5263,23.6,0.4566
2016,NYR,8475795,Dylan,McIlrath,D,1,,,,,,,,,,,0,0,0,4.0,,2,0.0,0.0,0.0,0.0,0.0,0.0,0.0,554.0,13.0,0.0
2016,NYR,8475855,Jesper,Fast,R,68,,,,,,,,,,,6,15,21,16.0,,2,6.0,0.0,0.0,1.0,0.0,56.0,0.1071,827.7941,20.7,0.3864
2016,NYR,8475949,Marek,Hrivik,L,16,,,,,,,,,,,0,2,2,2.0,,2,-3.0,0.0,0.0,0.0,0.0,15.0,0.0,625.1875,15.1,0.4
2016,NYR,8476431,Adam,Clendening,D,31,,,,,,,,,,,2,9,11,17.0,,2,3.0,1.0,0.0,0.0,0.0,38.0,0.0526,948.5806,21.2,0.0
2016,NYR,8476459,Mika,Zibanejad,C,56,,,,,,,,,,,14,23,37,16.0,,2,9.0,4.0,0.0,2.0,2.0,119.0,0.1176,1024.3214,24.1,0.52
2016,NYR,8476468,J.T.,Miller,C,82,,,,,,,,,,,22,34,56,21.0,,2,17.0,2.0,3.0,6.0,1.0,132.0,0.1667,981.9878,23.1,0.4398
2016,NYR,8476477,Matt,Puempel,L,27,,,,,,,,,,,6,3,9,4.0,,2,-6.0,3.0,0.0,1.0,0.0,32.0,0.1875,609.6667,15.4,0.0
2016,NYR,8476482,Nicklas,Jensen,R,7,,,,,,,,,,,0,0,0,0.0,,2,-2.0,0.0,0.0,0.0,0.0,8.0,0.0,553.4286,13.7,0.0
2016,NYR,8476869,Brady,Skjei,D,80,,,,,,,,,,,5,34,39,42.0,,2,11.0,0.0,0.0,0.0,0.0,127.0,0.0394,1047.7625,23.6,0.0
2016,NYR,8476918,Jimmy,Vesey,L,80,,,,,,,,,,,16,11,27,26.0,,2,-13.0,5.0,0.0,6.0,0.0,116.0,0.1379,818.025,18.9,0.2857
2016,NYR,8476922,Boo,Nieves,C,1,,,,,,,,,,,0,0,0,0.0,,2,-1.0,0.0,0.0,0.0,0.0,0.0,0.0,704.0,17.0,0.3
2016,NYR,8477402,Pavel,Buchnevich,L,41,,,,,,,,,,,8,12,20,13.0,,2,6.0,1.0,0.0,0.0,0.0,55.0,0.1455,795.5122,18.9,0.1429
2016,NYR,8477591,Josh,Jooris,R,12,,,,,,,,,,,1,1,2,6.0,,2,1.0,0.0,0.0,0.0,0.0,11.0,0.0909,516.3333,14.1,0.5085
2016,NYR,8468685,Henrik,Lundqvist,G,12,12.0,6.0,6.0,,2.246414,0.926582,395.0,366.0,29.0,1.0,0,0,0,,46474.0,3,,,,,,,,,,
2016,NYR,8470041,Rick,Nash,L,12,,,,,,,,,,,3,2,5,4.0,,3,1.0,0.0,0.0,1.0,0.0,44.0,0.0682,1104.6667,30.0,0.0
2016,NYR,8470630,Kevin,Klein,D,1,,,,,,,,,,,0,1,1,0.0,,3,0.0,0.0,0.0,0.0,0.0,0.0,0.0,1095.0,26.0,0.0
2016,NYR,8470854,Tanner,Glass,L,7,,,,,,,,,,,1,3,4,7.0,,3,-1.0,0.0,0.0,1.0,0.0,5.0,0.2,592.4286,16.6,0.0
2016,NYR,8471686,Marc,Staal,D,12,,,,,,,,,,,0,0,0,2.0,,3,-1.0,0.0,0.0,0.0,0.0,12.0,0.0,1155.4167,29.6,0.0
2016,NYR,8471958,Dan,Girardi,D,12,,,,,,,,,,,0,2,2,2.0,,3,-1.0,0.0,0.0,0.0,0.0,16.0,0.0,1326.3333,32.5,0.0
2016,NYR,8473546,Michael,Grabner,L,12,,,,,,,,,,,4,2,6,0.0,,3,4.0,0.0,1.0,1.0,0.0,26.0,0.1538,841.5,24.2,0.0
2016,NYR,8474090,Brendan,Smith,D,12,,,,,,,,,,,0,4,4,20.0,,3,8.0,0.0,0.0,0.0,0.0,11.0,0.0,1181.25,30.0,0.0
2016,NYR,8474151,Ryan,McDonagh,D,12,,,,,,,,,,,2,5,7,12.0,,3,0.0,1.0,0.0,0.0,0.0,26.0,0.0769,1640.5,34.9,0.0
2016,NYR,8474207,Nick,Holden,D,11,,,,,,,,,,,2,2,4,4.0,,3,-3.0,0.0,0.0,0.0,0.0,22.0,0.0909,1160.1818,29.2,0.0
2016,NYR,8474613,Derek,Stepan,C,12,,,,,,,,,,,2,4,6,4.0,,3,-3.0,0.0,1.0,0.0,0.0,33.0,0.0606,1259.4167,29.8,0.4194
2016,NYR,8475184,Chris,Kreider,L,12,,,,,,,,,,,3,1,4,18.0,,3,1.0,1.0,0.0,0.0,0.0,30.0,0.1,1012.0,25.3,0.6667
2016,NYR,8475692,Mats,Zuccarello,R,12,,,,,,,,,,,4,3,7,16.0,,3,0.0,1.0,0.0,1.0,0.0,25.0,0.16,1232.8333,27.4,0.0
2016,NYR,8475715,Oscar,Lindberg,L,12,,,,,,,,,,,3,1,4,2.0,,3,3.0,0.0,0.0,1.0,0.0,17.0,0.1765,594.0833,16.9,0.5213
2016,NYR,8475763,Kevin,Hayes,R,12,,,,,,,,,,,0,3,3,4.0,,3,0.0,0.0,0.0,0.0,0.0,21.0,0.0,1063.75,27.1,0.5178
2016,NYR,8475855,Jesper,Fast,R,12,,,,,,,,,,,3,3,6,0.0,,3,4.0,0.0,1.0,0.0,0.0,13.0,0.2308,898.6667,24.9,0.4444
2016,NYR,8476459,Mika,Zibanejad,C,12,,,,,,,,,,,2,7,9,0.0,,3,4.0,0.0,0.0,1.0,1.0,34.0,0.0588,1072.5,27.9,0.4679
2016,NYR,8476468,J.T.,Miller,C,12,,,,,,,,,,,0,3,3,21.0,,3,1.0,0.0,0.0,0.0,0.0,17.0,0.0,992.5,22.8,0.4194
2016,NYR,8476869,Brady,Skjei,D,12,,,,,,,,,,,4,1,5,10.0,,3,6.0,0.0,0.0,0.0,0.0,19.0,0.2105,1154.5833,26.9,0.0
2016,NYR,8476918,Jimmy,Vesey,L,12,,,,,,,,,,,1,4,5,9.0,,3,0.0,0.0,0.0,0.0,0.0,15.0,0.0667,866.25,21.3,0.0
2016,NYR,8477402,Pavel,Buchnevich,L,5,,,,,,,,,,,0,1,1,0.0,,3,1.0,0.0,0.0,0.0,0.0,10.0,0.0,737.2,18.0,0.0
2016,OTT,8467950,Craig,Anderson,G,40,40.0,25.0,11.0,4.0,2.27983,0.926,1247.0,1155.0,92.0,5.0,0,1,1,0.0,145274.0,2,,,,,,,,,,
2016,OTT,8476904,Chris,Driedger,G,1,0.0,0.0,1.0,0.0,5.999998,0.733333,15.0,11.0,4.0,0.0,0,0,0,,2400.0,2,,,,,,,,,,
2016,OTT,8477202,Andrew,Hammond,G,6,4.0,0.0,2.0,0.0,4.084607,0.837209,86.0,72.0,14.0,0.0,0,0,0,,12339.0,2,,,,,,,,,,
2016,OTT,8477237,Mike,Condon,G,40,38.0,19.0,14.0,6.0,2.499545,0.913901,1115.0,1019.0,96.0,5.0,0,0,0,4.0,138265.0,2,,,,,,,,,,
2016,OTT,8467493,Chris,Neil,R,53,,,,,,,,,,,1,3,4,63.0,,2,-11.0,0.0,0.0,0.0,0.0,42.0,0.0238,454.283,11.6,0.0
2016,OTT,8467967,Chris,Kelly,C,82,,,,,,,,,,,5,7,12,23.0,,2,-17.0,0.0,1.0,2.0,0.0,85.0,0.0588,716.3415,17.6,0.4451
2016,OTT,8470358,Alexandre,Burrows,R,20,,,,,,,,,,,6,5,11,9.0,,2,6.0,1.0,0.0,1.0,0.0,29.0,0.2069,827.1,18.4,0.625
2016,OTT,8470602,Dion,Phaneuf,D,81,,,,,,,,,,,9,21,30,100.0,,2,-6.0,4.0,1.0,2.0,0.0,156.0,0.0577,1382.4938,30.6,0.0
2016,OTT,8470667,Clarke,MacArthur,L,4,,,,,,,,,,,0,0,0,0.0,,2,-1.0,0.0,0.0,0.0,0.0,5.0,0.0,809.25,17.3,0.0
2016,OTT,8470760,Marc,Methot,D,68,,,,,,,,,,,0,12,12,24.0,,2,13.0,0.0,0.0,0.0,0.0,69.0,0.0,1189.3676,27.6,0.0
2016,OTT,8471663,Mike,Blunden,R,2,,,,,,,,,,,0,0,0,4.0,,2,0.0,0.0,0.0,0.0,0.0,1.0,0.0,487.0,11.0,0.0
2016,OTT,8471676,Bobby,Ryan,R,62,,,,,,,,,,,13,12,25,24.0,,2,-3.0,2.0,0.0,0.0,0.0,111.0,0.1171,932.2742,20.0,0.6667
2016,OTT,8471768,Tom,Pyatt,L,82,,,,,,,,,,,9,14,23,16.0,,2,9.0,0.0,0.0,1.0,0.0,95.0,0.0947,937.6463,22.3,0.4286
2016,OTT,8473537,Viktor,Stalberg,L,18,,,,,,,,,,,2,2,4,8.0,,2,-3.0,1.0,0.0,0.0,0.0,30.0,0.0667,827.5556,19.0,0.0
2016,OTT,8473544,Derick,Brassard,C,81,,,,,,,,,,,14,25,39,24.0,,2,12.0,3.0,0.0,3.0,0.0,195.0,0.0718,1042.7284,22.5,0.4996
2016,OTT,8474018,Christopher,DiDomenico,L,3,,,,,,,,,,,0,0,0,6.0,,2,0.0,0.0,0.0,0.0,0.0,5.0,0.0,661.0,15.7,0.6667
2016,OTT,8474068,Kyle,Turris,C,78,,,,,,,,,,,27,28,55,47.0,,2,-3.0,6.0,0.0,6.0,2.0,185.0,0.1459,1170.0128,24.4,0.5306
2016,OTT,8474250,Zack,Smith,C,74,,,,,,,,,,,16,16,32,61.0,,2,6.0,1.0,4.0,1.0,0.0,137.0,0.1168,982.7162,22.1,0.5205
2016,OTT,8474578,Erik,Karlsson,D,77,,,,,,,,,,,17,54,71,28.0,,2,10.0,4.0,0.0,5.0,1.0,218.0,0.078,1610.2468,31.5,0.0
2016,OTT,8474697,Mark,Borowiecki,D,70,,,,,,,,,,,1,2,3,154.0,,2,-3.0,0.0,0.0,0.0,0.0,50.0,0.02,840.6429,22.3,1.0
2016,OTT,8474739,Tommy,Wingels,C,36,,,,,,,,,,,2,2,4,12.0,,2,-9.0,0.0,0.0,0.0,0.0,39.0,0.0513,657.5278,15.7,0.4602
2016,OTT,8474884,Mike,Hoffman,C,74,,,,,,,,,,,26,35,61,51.0,,2,17.0,13.0,0.0,8.0,1.0,224.0,0.1161,1055.5811,21.4,0.5714
2016,OTT,8475227,Chris,Wideman,D,76,,,,,,,,,,,5,12,17,46.0,,2,7.0,1.0,0.0,1.0,0.0,123.0,0.0407,837.5921,21.0,0.0
2016,OTT,8475321,Phil,Varone,C,7,,,,,,,,,,,0,0,0,2.0,,2,-3.0,0.0,0.0,0.0,0.0,1.0,0.0,478.7143,11.7,0.5556
2016,OTT,8475913,Mark,Stone,R,71,,,,,,,,,,,22,32,54,25.0,,2,12.0,6.0,0.0,5.0,0.0,134.0,0.1642,1113.6901,22.7,0.4
2016,OTT,8476279,Jyrki,Jokipakka,D,3,,,,,,,,,,,0,0,0,0.0,,2,-1.0,0.0,0.0,0.0,0.0,0.0,0.0,867.6667,17.7,0.0
2016,OTT,8476288,Ryan,Dzingel,C,81,,,,,,,,,,,14,18,32,30.0,,2,7.0,1.0,1.0,1.0,0.0,123.0,0.1138,863.284,19.3,0.3
2016,OTT,8476323,Max,McCormick,L,7,,,,,,,,,,,0,0,0,0.0,,2,-3.0,0.0,0.0,0.0,0.0,7.0,0.0,405.5714,10.3,0.625
2016,OTT,8476368,Fredrik,Claesson,D,33,,,,,,,,,,,3,8,11,4.0,,2,5.0,0.0,0.0,0.0,0.0,25.0,0.12,788.3636,18.6,0.0
2016,OTT,8476419,Jean-Gabriel,Pageau,C,82,,,,,,,,,,,12,21,33,24.0,,2,13.0,0.0,0.0,2.0,0.0,169.0,0.071,967.8415,22.9,0.5481
2016,OTT,8476477,Matt,Puempel,L,13,,,,,,,,,,,0,0,0,7.0,,2,-5.0,0.0,0.0,0.0,0.0,12.0,0.0,514.1538,12.8,0.0
2016,OTT,8476879,Cody,Ceci,D,79,,,,,,,,,,,2,15,17,20.0,,2,-11.0,0.0,0.0,0.0,0.0,143.0,0.014,1392.3038,30.6,1.0
2016,OTT,8477210,Buddy,Robinson,R,4,,,,,,,,,,,0,0,0,2.0,,2,0.0,0.0,0.0,0.0,0.0,4.0,0.0,416.75,12.3,0.0
2016,OTT,8477426,Nick,Paul,L,1,,,,,,,,,,,0,0,0,0.0,,2,-2.0,0.0,0.0,0.0,0.0,4.0,0.0,989.0,20.0,0.3846
2016,OTT,8477433,Ben,Harpur,D,6,,,,,,,,,,,0,0,0,0.0,,2,-1.0,0.0,0.0,0.0,0.0,3.0,0.0,1068.1667,25.2,0.0
2016,OTT,8477508,Curtis,Lazar,C,33,,,,,,,,,,,0,1,1,4.0,,2,-10.0,0.0,0.0,0.0,0.0,24.0,0.0,528.8182,13.4,0.3733
2016,OTT,8477971,Andreas,Englund,D,5,,,,,,,,,,,0,0,0,2.0,,2,-3.0,0.0,0.0,0.0,0.0,3.0,0.0,637.8,17.0,0.0
2016,OTT,8478376,Casey,Bailey,R,7,,,,,,,,,,,0,0,0,0.0,,2,-1.0,0.0,0.0,0.0,0.0,10.0,0.0,479.7143,11.1,0.0
2016,OTT,8478400,Colin,White,C,2,,,,,,,,,,,0,0,0,0.0,,2,0.0,0.0,0.0,0.0,0.0,1.0,0.0,822.5,17.0,0.3333
2016,OTT,8478469,Thomas,Chabot,D,1,,,,,,,,,,,0,0,0,0.0,,2,-2.0,0.0,0.0,0.0,0.0,1.0,0.0,429.0,13.0,0.0
2016,OTT,8467950,Craig,Anderson,G,19,19.0,11.0,8.0,,2.342689,0.922034,590.0,544.0,46.0,1.0,0,1,1,0.0,70688.0,3,,,,,,,,,,
2016,OTT,8477237,Mike,Condon,G,2,0.0,,,,3.916235,0.875,32.0,28.0,4.0,0.0,0,0,0,,3677.0,3,,,,,,,,,,
2016,OTT,8467493,Chris,Neil,R,2,,,,,,,,,,,0,0,0,12.0,,3,0.0,0.0,0.0,0.0,0.0,0.0,0.0,127.5,4.5,0.0
2016,OTT,8467967,Chris,Kelly,C,2,,,,,,,,,,,0,0,0,0.0,,3,0.0,0.0,0.0,0.0,0.0,1.0,0.0,325.5,9.0,0.5
2016,OTT,8470358,Alexandre,Burrows,R,15,,,,,,,,,,,0,5,5,18.0,,3,0.0,0.0,0.0,0.0,0.0,20.0,0.0,863.6,20.6,0.3333
2016,OTT,8470602,Dion,Phaneuf,D,19,,,,,,,,,,,1,4,5,17.0,,3,-3.0,0.0,0.0,1.0,1.0,29.0,0.0345,1398.2632,33.5,0.0
2016,OTT,8470667,Clarke,MacArthur,L,19,,,,,,,,,,,3,6,9,12.0,,3,5.0,2.0,0.0,1.0,1.0,32.0,0.0938,910.0,19.9,0.375
2016,OTT,8470760,Marc,Methot,D,18,,,,,,,,,,,2,2,4,10.0,,3,5.0,0.0,0.0,1.0,0.0,16.0,0.125,1333.4444,31.4,0.0
2016,OTT,8471676,Bobby,Ryan,R,19,,,,,,,,,,,6,9,15,14.0,,3,1.0,3.0,0.0,3.0,2.0,42.0,0.1429,1033.2105,23.3,0.2857
2016,OTT,8471768,Tom,Pyatt,L,14,,,,,,,,,,,2,0,2,0.0,,3,-3.0,0.0,0.0,0.0,0.0,10.0,0.2,795.2143,19.0,0.25
2016,OTT,8473537,Viktor,Stalberg,L,17,,,,,,,,,,,0,2,2,2.0,,3,-8.0,0.0,0.0,0.0,0.0,31.0,0.0,825.5882,19.9,0.0
2016,OTT,8473544,Derick,Brassard,C,19,,,,,,,,,,,4,7,11,8.0,,3,-3.0,0.0,0.0,0.0,0.0,49.0,0.0816,1091.3684,25.2,0.4963
2016,OTT,8474068,Kyle,Turris,C,19,,,,,,,,,,,4,6,10,25.0,,3,2.0,0.0,0.0,1.0,1.0,46.0,0.087,1278.9474,27.3,0.5427
2016,OTT,8474250,Zack,Smith,C,19,,,,,,,,,,,1,5,6,12.0,,3,-5.0,0.0,0.0,0.0,0.0,25.0,0.04,970.8421,22.5,0.4848
2016,OTT,8474578,Erik,Karlsson,D,19,,,,,,,,,,,2,16,18,10.0,,3,13.0,0.0,0.0,2.0,0.0,53.0,0.0377,1687.7368,32.4,0.0
2016,OTT,8474697,Mark,Borowiecki,D,2,,,,,,,,,,,0,0,0,2.0,,3,0.0,0.0,0.0,0.0,0.0,1.0,0.0,624.5,15.5,0.0
2016,OTT,8474739,Tommy,Wingels,C,9,,,,,,,,,,,0,0,0,4.0,,3,0.0,0.0,0.0,0.0,0.0,13.0,0.0,593.4444,14.0,0.5
2016,OTT,8474884,Mike,Hoffman,C,19,,,,,,,,,,,6,5,11,10.0,,3,3.0,1.0,0.0,1.0,0.0,49.0,0.1224,1102.6316,23.9,0.0
2016,OTT,8475227,Chris,Wideman,D,15,,,,,,,,,,,1,3,4,4.0,,3,-4.0,0.0,0.0,0.0,0.0,24.0,0.0417,780.5333,21.3,0.0
2016,OTT,8475913,Mark,Stone,R,19,,,,,,,,,,,5,3,8,20.0,,3,5.0,0.0,0.0,0.0,0.0,43.0,0.1163,1241.2105,26.3,0.6667
2016,OTT,8476288,Ryan,Dzingel,C,15,,,,,,,,,,,2,1,3,4.0,,3,-1.0,1.0,0.0,0.0,0.0,8.0,0.25,728.3333,17.1,0.4
2016,OTT,8476368,Fredrik,Claesson,D,14,,,,,,,,,,,0,3,3,4.0,,3,3.0,0.0,0.0,0.0,0.0,7.0,0.0,889.0714,22.8,0.0
2016,OTT,8476419,Jean-Gabriel,Pageau,C,19,,,,,,,,,,,8,2,10,16.0,,3,5.0,0.0,0.0,1.0,1.0,44.0,0.1818,1098.2632,26.7,0.5428
2016,OTT,8476879,Cody,Ceci,D,19,,,,,,,,,,,0,1,1,2.0,,3,-7.0,0.0,0.0,0.0,0.0,23.0,0.0,1416.0526,32.5,0.0
2016,OTT,8477433,Ben,Harpur,D,9,,,,,,,,,,,0,2,2,4.0,,3,-3.0,0.0,0.0,0.0,0.0,8.0,0.0,1108.1111,27.1,0.0
2016,OTT,8478400,Colin,White,C,1,,,,,,,,,,,0,0,0,0.0,,3,0.0,0.0,0.0,0.0,0.0,0.0,0.0,159.0,7.0,0.0
2016,PHI,8473461,Steve,Mason,G,58,54.0,26.0,21.0,8.0,2.660778,0.908098,1556.0,1413.0,143.0,3.0,0,1,1,,193477.0,2,,,,,,,,,,
2016,PHI,8473607,Michal,Neuvirth,G,28,24.0,11.0,11.0,1.0,2.816003,0.890785,586.0,522.0,64.0,0.0,0,0,0,2.0,81818.0,2,,,,,,,,,,
2016,PHI,8476932,Anthony,Stolarz,G,7,4.0,2.0,1.0,1.0,2.074007,0.928177,181.0,168.0,13.0,1.0,0,0,0,,22565.0,2,,,,,,,,,,
2016,PHI,8468309,Mark,Streit,D,49,,,,,,,,,,,5,16,21,22.0,,2,-10.0,1.0,0.0,1.0,0.0,88.0,0.0568,1163.1633,25.6,0.0
2016,PHI,8468513,Nick,Schultz,D,28,,,,,,,,,,,0,4,4,10.0,,2,1.0,0.0,0.0,0.0,0.0,25.0,0.0,915.25,22.7,0.0
2016,PHI,8470047,Valtteri,Filppula,C,20,,,,,,,,,,,5,3,8,2.0,,2,-2.0,0.0,0.0,0.0,0.0,23.0,0.2174,1027.65,22.2,0.5294
2016,PHI,8470159,Boyd,Gordon,C,13,,,,,,,,,,,1,0,1,2.0,,2,-5.0,0.0,0.0,0.0,0.0,8.0,0.125,490.6923,14.2,0.5581
2016,PHI,8470644,Colin,McDonald,R,3,,,,,,,,,,,1,0,1,0.0,,2,1.0,0.0,0.0,0.0,0.0,5.0,0.2,541.3333,12.3,0.0
2016,PHI,8471762,Chris,VandeVelde,C,81,,,,,,,,,,,6,9,15,16.0,,2,-5.0,0.0,0.0,0.0,0.0,69.0,0.087,693.6667,16.9,0.5238
2016,PHI,8473512,Claude,Giroux,R,82,,,,,,,,,,,14,44,58,38.0,,2,-15.0,5.0,0.0,3.0,2.0,199.0,0.0704,1147.3415,25.0,0.5589
2016,PHI,8473584,Andrew,MacDonald,D,73,,,,,,,,,,,2,16,18,26.0,,2,-5.0,0.0,0.0,0.0,0.0,65.0,0.0308,1206.4932,26.7,0.0
2016,PHI,8474161,Jakub,Voracek,R,82,,,,,,,,,,,20,41,61,56.0,,2,-24.0,5.0,0.0,3.0,2.0,253.0,0.0791,1145.2561,24.3,0.2143
2016,PHI,8474190,Wayne,Simmonds,R,82,,,,,,,,,,,31,23,54,122.0,,2,-18.0,16.0,2.0,4.0,1.0,224.0,0.1384,1138.3293,25.0,0.4706
2016,PHI,8474584,Michael,Del Zotto,D,51,,,,,,,,,,,6,12,18,28.0,,2,-5.0,0.0,0.0,0.0,0.0,92.0,0.0652,1170.2353,25.8,0.0
2016,PHI,8474668,Dale,Weise,R,64,,,,,,,,,,,8,7,15,39.0,,2,1.0,1.0,0.0,2.0,0.0,94.0,0.0851,772.9063,17.5,1.0
2016,PHI,8475170,Brayden,Schenn,C,79,,,,,,,,,,,25,30,55,38.0,,2,-13.0,17.0,0.0,7.0,2.0,178.0,0.1404,1068.4051,22.4,0.4696
2016,PHI,8475430,Brandon,Manning,D,65,,,,,,,,,,,3,9,12,83.0,,2,-12.0,0.0,1.0,1.0,0.0,84.0,0.0357,1083.3692,25.5,0.0
2016,PHI,8475462,Radko,Gudas,D,67,,,,,,,,,,,6,17,23,93.0,,2,8.0,0.0,0.0,0.0,0.0,113.0,0.0531,1157.5373,26.0,0.0
2016,PHI,8475738,Jordan,Weal,C,23,,,,,,,,,,,8,4,12,10.0,,2,5.0,1.0,0.0,1.0,0.0,49.0,0.1633,858.6522,19.7,0.5
2016,PHI,8476177,Matt,Read,R,63,,,,,,,,,,,10,9,19,8.0,,2,3.0,2.0,1.0,2.0,0.0,92.0,0.1087,827.7143,19.3,0.3333
2016,PHI,8476393,Nick,Cousins,C,60,,,,,,,,,,,6,10,16,31.0,,2,-6.0,1.0,0.0,0.0,0.0,99.0,0.0606,720.0667,16.8,0.4101
2016,PHI,8476461,Sean,Couturier,C,66,,,,,,,,,,,14,20,34,33.0,,2,12.0,0.0,0.0,2.0,0.0,120.0,0.1167,1106.7424,24.8,0.5507
2016,PHI,8476872,Scott,Laughton,C,2,,,,,,,,,,,0,0,0,0.0,,2,0.0,0.0,0.0,0.0,0.0,4.0,0.0,614.5,16.5,0.55
2016,PHI,8476906,Shayne,Gostisbehere,D,76,,,,,,,,,,,7,32,39,32.0,,2,-21.0,2.0,0.0,1.0,0.0,198.0,0.0354,1175.6579,24.4,0.0
2016,PHI,8476955,Taylor,Leier,L,10,,,,,,,,,,,1,1,2,4.0,,2,-1.0,0.0,0.0,0.0,0.0,7.0,0.1429,543.6,13.8,0.0
2016,PHI,8477290,Michael,Raffl,L,52,,,,,,,,,,,8,3,11,20.0,,2,-7.0,0.0,0.0,3.0,0.0,63.0,0.127,795.7308,19.0,0.3
2016,PHI,8477462,Robert,Hagg,D,1,,,,,,,,,,,0,0,0,0.0,,2,0.0,0.0,0.0,0.0,0.0,5.0,0.0,1279.0,27.0,0.0
2016,PHI,8477502,Samuel,Morin,L,1,,,,,,,,,,,0,0,0,0.0,,2,0.0,0.0,0.0,0.0,0.0,2.0,0.0,1067.0,24.0,0.0
2016,PHI,8477930,Pierre-Edouard,Bellemare,L,82,,,,,,,,,,,4,4,8,20.0,,2,-1.0,0.0,0.0,0.0,0.0,90.0,0.0444,778.2195,18.9,0.4838
2016,PHI,8478439,Travis,Konecny,R,70,,,,,,,,,,,11,17,28,49.0,,2,-2.0,3.0,0.0,0.0,0.0,133.0,0.0827,845.4286,19.0,0.0
2016,PHI,8478500,Ivan,Provorov,D,82,,,,,,,,,,,6,24,30,34.0,,2,-7.0,0.0,0.0,1.0,0.0,161.0,0.0373,1318.6829,28.5,0.0
2016,PHI,8479648,Roman,Lyubimov,L,47,,,,,,,,,,,4,2,6,8.0,,2,-2.0,0.0,0.0,1.0,0.0,41.0,0.0976,574.7021,14.5,0.1429
2016,PHI,8480087,Mike,Vecchione,R,2,,,,,,,,,,,0,0,0,0.0,,2,-1.0,0.0,0.0,0.0,0.0,1.0,0.0,510.0,10.5,0.6667
2016,PIT,8470594,Marc-Andre,Fleury,G,38,34.0,18.0,10.0,7.0,3.020818,0.909399,1181.0,1074.0,107.0,1.0,0,0,0,6.0,127515.0,2,,,,,,,,,,
2016,PIT,8476899,Matt,Murray,G,49,47.0,32.0,10.0,4.0,2.407982,0.923448,1450.0,1339.0,111.0,4.0,0,2,2,,165948.0,2,,,,,,,,,,
2016,PIT,8477237,Mike,Condon,G,1,0.0,,,0.0,0.0,1.0,7.0,7.0,0.0,0.0,0,0,0,,1200.0,2,,,,,,,,,,
2016,PIT,8477465,Tristan,Jarry,G,1,1.0,0.0,1.0,0.0,3.063827,0.88,25.0,22.0,3.0,0.0,0,0,0,,3525.0,2,,,,,,,,,,
2016,PIT,8464989,Matt,Cullen,C,72,,,,,,,,,,,13,18,31,30.0,,2,4.0,2.0,2.0,2.0,0.0,93.0,0.1398,835.1111,21.2,0.5122
2016,PIT,8468309,Mark,Streit,D,19,,,,,,,,,,,1,5,6,6.0,,2,-2.0,0.0,0.0,1.0,0.0,26.0,0.0385,1026.1579,22.9,0.0
2016,PIT,8468493,Ron,Hainsey,D,16,,,,,,,,,,,0,3,3,4.0,,2,8.0,0.0,0.0,0.0,0.0,9.0,0.0,1259.75,27.8,0.0
2016,PIT,8470110,Trevor,Daley,D,56,,,,,,,,,,,5,14,19,37.0,,2,7.0,1.0,0.0,0.0,0.0,84.0,0.0595,1222.6964,28.2,0.0
2016,PIT,8470543,Chris,Kunitz,L,71,,,,,,,,,,,9,20,29,36.0,,2,0.0,0.0,0.0,3.0,0.0,134.0,0.0672,930.8169,21.3,0.2308
2016,PIT,8470611,Eric,Fehr,C,52,,,,,,,,,,,6,5,11,14.0,,2,3.0,0.0,0.0,3.0,0.0,61.0,0.0984,655.9038,16.9,0.5
2016,PIT,8471215,Evgeni,Malkin,C,62,,,,,,,,,,,33,39,72,77.0,,2,18.0,11.0,0.0,6.0,1.0,191.0,0.1728,1117.1452,22.8,0.4314
2016,PIT,8471331,Kevin,Porter,C,2,,,,,,,,,,,0,0,0,0.0,,2,-1.0,0.0,0.0,0.0,0.0,0.0,0.0,675.0,18.5,0.3684
2016,PIT,8471675,Sidney,Crosby,C,75,,,,,,,,,,,44,45,89,24.0,,2,17.0,14.0,0.0,5.0,1.0,255.0,0.1725,1192.6667,24.7,0.4817
2016,PIT,8471724,Kris,Letang,D,41,,,,,,,,,,,5,29,34,32.0,,2,2.0,2.0,0.0,2.0,1.0,122.0,0.041,1531.0732,29.4,0.0
2016,PIT,8471887,Patric,Hornqvist,R,70,,,,,,,,,,,21,23,44,28.0,,2,16.0,10.0,0.0,6.0,0.0,223.0,0.0942,957.0714,21.4,0.2727
2016,PIT,8473542,Tom,Sestito,L,13,,,,,,,,,,,0,2,2,48.0,,2,0.0,0.0,0.0,0.0,0.0,3.0,0.0,331.9231,9.7,0.0
2016,PIT,8473548,Phil,Kessel,R,82,,,,,,,,,,,23,47,70,20.0,,2,3.0,8.0,0.0,4.0,1.0,229.0,0.1004,1076.3293,21.9,0.3333
2016,PIT,8474009,Nick,Bonino,C,80,,,,,,,,,,,18,19,37,16.0,,2,-5.0,6.0,1.0,1.0,0.0,142.0,0.1268,999.1375,23.5,0.4798
2016,PIT,8474013,Ian,Cole,D,81,,,,,,,,,,,5,21,26,72.0,,2,26.0,0.0,0.0,1.0,0.0,89.0,0.0562,1189.1975,26.0,0.0
2016,PIT,8474176,Carl,Hagelin,L,61,,,,,,,,,,,6,16,22,16.0,,2,10.0,0.0,0.0,2.0,0.0,128.0,0.0469,929.3934,21.9,0.5
2016,PIT,8474602,Justin,Schultz,D,78,,,,,,,,,,,12,39,51,34.0,,2,27.0,3.0,0.0,1.0,0.0,154.0,0.0779,1226.9103,26.1,0.0
2016,PIT,8474611,Cameron,Gaunce,D,12,,,,,,,,,,,1,3,4,13.0,,2,1.0,0.0,0.0,0.0,0.0,8.0,0.125,751.0833,17.9,0.0
2016,PIT,8474660,David,Warsofsky,D,7,,,,,,,,,,,0,1,1,6.0,,2,-3.0,0.0,0.0,0.0,0.0,14.0,0.0,944.0,22.6,0.0
2016,PIT,8475208,Brian,Dumoulin,D,70,,,,,,,,,,,1,14,15,14.0,,2,0.0,0.0,0.0,0.0,0.0,78.0,0.0128,1232.7714,28.0,0.0
2016,PIT,8475810,Bryan,Rust,R,57,,,,,,,,,,,15,13,28,8.0,,2,4.0,0.0,0.0,1.0,1.0,110.0,0.1364,818.1754,19.8,0.4
2016,PIT,8475832,Tom,Kuhnhackl,R,57,,,,,,,,,,,4,12,16,18.0,,2,8.0,0.0,1.0,0.0,0.0,49.0,0.0816,639.0351,17.0,0.5
2016,PIT,8476162,Steve,Oleksy,D,11,,,,,,,,,,,0,1,1,24.0,,2,2.0,0.0,0.0,0.0,0.0,11.0,0.0,821.8182,19.5,0.0
2016,PIT,8476293,Scott,Wilson,C,78,,,,,,,,,,,8,18,26,32.0,,2,0.0,0.0,0.0,1.0,0.0,127.0,0.063,656.6667,16.1,1.0
2016,PIT,8476302,Frank,Corrado,D,2,,,,,,,,,,,0,0,0,2.0,,2,-1.0,0.0,0.0,0.0,0.0,1.0,0.0,452.5,13.0,0.0
2016,PIT,8476326,Josh,Archibald,R,10,,,,,,,,,,,3,0,3,4.0,,2,3.0,0.0,1.0,0.0,0.0,11.0,0.2727,651.9,16.3,0.0
2016,PIT,8476874,Olli,Maatta,D,55,,,,,,,,,,,1,6,7,12.0,,2,17.0,0.0,0.0,0.0,0.0,66.0,0.0152,1083.8364,25.2,0.0
2016,PIT,8476884,Derrick,Pouliot,D,11,,,,,,,,,,,0,0,0,4.0,,2,-4.0,0.0,0.0,0.0,0.0,11.0,0.0,893.0909,20.9,0.0
2016,PIT,8476897,Oskar,Sundqvist,C,10,,,,,,,,,,,0,0,0,2.0,,2,-4.0,0.0,0.0,0.0,0.0,9.0,0.0,550.4,13.8,0.3636
2016,PIT,8477240,Carter,Rowney,C,27,,,,,,,,,,,3,4,7,4.0,,2,2.0,0.0,0.0,1.0,0.0,24.0,0.125,658.2593,16.3,0.4798
2016,PIT,8477244,Chad,Ruhwedel,D,34,,,,,,,,,,,2,8,10,8.0,,2,9.0,0.0,0.0,0.0,0.0,45.0,0.0444,1040.1765,23.7,0.0
2016,PIT,8477404,Jake,Guentzel,C,40,,,,,,,,,,,16,17,33,10.0,,2,7.0,1.0,0.0,0.0,0.0,81.0,0.1975,953.15,20.5,0.4706
2016,PIT,8477520,Jean-Sebastien,Dea,C,1,,,,,,,,,,,0,0,0,2.0,,2,0.0,0.0,0.0,0.0,0.0,1.0,0.0,678.0,21.0,0.5
2016,PIT,8477839,Conor,Sheary,L,61,,,,,,,,,,,23,30,53,22.0,,2,24.0,2.0,0.0,6.0,1.0,154.0,0.1494,956.2623,21.1,0.0
2016,PIT,8478866,Dominik,Simon,C,2,,,,,,,,,,,0,1,1,0.0,,2,-1.0,0.0,0.0,0.0,0.0,2.0,0.0,782.5,20.5,0.0
2016,PIT,8470594,Marc-Andre,Fleury,G,15,15.0,9.0,6.0,,2.56198,0.92449,490.0,453.0,37.0,2.0,0,0,0,,51991.0,3,,,,,,,,,,
2016,PIT,8476899,Matt,Murray,G,11,10.0,7.0,3.0,,1.704247,0.937294,303.0,284.0,19.0,3.0,0,0,0,,40135.0,3,,,,,,,,,,
2016,PIT,8464989,Matt,Cullen,C,25,,,,,,,,,,,2,7,9,24.0,,3,-1.0,0.0,1.0,0.0,0.0,22.0,0.0909,859.32,23.0,0.5643
2016,PIT,8468309,Mark,Streit,D,3,,,,,,,,,,,0,2,2,0.0,,3,-1.0,0.0,0.0,0.0,0.0,2.0,0.0,903.0,18.7,0.0
2016,PIT,8468493,Ron,Hainsey,D,25,,,,,,,,,,,2,6,8,6.0,,3,5.0,0.0,0.0,0.0,0.0,29.0,0.069,1266.92,29.9,0.0
2016,PIT,8470110,Trevor,Daley,D,21,,,,,,,,,,,1,4,5,24.0,,3,7.0,1.0,0.0,0.0,0.0,26.0,0.0385,1146.8571,28.8,0.0
2016,PIT,8470543,Chris,Kunitz,L,20,,,,,,,,,,,2,9,11,27.0,,3,6.0,0.0,0.0,1.0,1.0,28.0,0.0714,891.95,22.7,0.1667
2016,PIT,8471215,Evgeni,Malkin,C,25,,,,,,,,,,,10,18,28,53.0,,3,9.0,1.0,0.0,0.0,0.0,60.0,0.1667,1083.88,24.4,0.4689
2016,PIT,8471675,Sidney,Crosby,C,24,,,,,,,,,,,8,19,27,10.0,,3,4.0,4.0,0.0,0.0,0.0,63.0,0.127,1163.8333,26.0,0.492
2016,PIT,8471887,Patric,Hornqvist,R,19,,,,,,,,,,,5,4,9,18.0,,3,6.0,1.0,0.0,1.0,0.0,44.0,0.1136,856.7895,20.9,0.75
2016,PIT,8473548,Phil,Kessel,R,25,,,,,,,,,,,8,15,23,2.0,,3,12.0,5.0,0.0,2.0,0.0,68.0,0.1176,1052.56,23.2,0.0
2016,PIT,8474009,Nick,Bonino,C,21,,,,,,,,,,,4,3,7,2.0,,3,4.0,0.0,0.0,1.0,0.0,33.0,0.1212,1011.8571,25.3,0.5228
2016,PIT,8474013,Ian,Cole,D,25,,,,,,,,,,,0,9,9,22.0,,3,2.0,0.0,0.0,0.0,0.0,23.0,0.0,1130.36,27.8,0.0
2016,PIT,8474176,Carl,Hagelin,L,15,,,,,,,,,,,2,0,2,19.0,,3,-2.0,0.0,0.0,0.0,0.0,20.0,0.1,728.9333,19.5,0.0
2016,PIT,8474602,Justin,Schultz,D,21,,,,,,,,,,,4,9,13,4.0,,3,3.0,3.0,0.0,2.0,0.0,26.0,0.1538,1184.2381,27.2,0.0
2016,PIT,8475208,Brian,Dumoulin,D,25,,,,,,,,,,,1,5,6,6.0,,3,9.0,0.0,0.0,1.0,0.0,25.0,0.04,1319.4,31.1,0.0
2016,PIT,8475810,Bryan,Rust,R,23,,,,,,,,,,,7,2,9,10.0,,3,5.0,0.0,0.0,2.0,0.0,42.0,0.1667,956.9565,24.7,0.0
2016,PIT,8475832,Tom,Kuhnhackl,R,11,,,,,,,,,,,1,1,2,4.0,,3,2.0,0.0,0.0,0.0,0.0,11.0,0.0909,696.2727,19.4,0.0
2016,PIT,8476293,Scott,Wilson,C,20,,,,,,,,,,,3,3,6,11.0,,3,4.0,0.0,0.0,0.0,0.0,28.0,0.1071,718.25,18.8,0.4
2016,PIT,8476326,Josh,Archibald,R,4,,,,,,,,,,,0,0,0,2.0,,3,-1.0,0.0,0.0,0.0,0.0,4.0,0.0,471.0,12.3,0.0
2016,PIT,8476874,Olli,Maatta,D,25,,,,,,,,,,,2,6,8,12.0,,3,8.0,0.0,0.0,1.0,0.0,35.0,0.0571,1236.88,29.6,0.0
2016,PIT,8477240,Carter,Rowney,C,20,,,,,,,,,,,0,3,3,4.0,,3,3.0,0.0,0.0,0.0,0.0,22.0,0.0,737.4,19.4,0.5102
2016,PIT,8477244,Chad,Ruhwedel,D,6,,,,,,,,,,,0,0,0,4.0,,3,-3.0,0.0,0.0,0.0,0.0,11.0,0.0,846.8333,20.7,0.0
2016,PIT,8477404,Jake,Guentzel,C,25,,,,,,,,,,,13,8,21,10.0,,3,1.0,1.0,1.0,5.0,1.0,52.0,0.25,1049.96,24.5,0.0
2016,PIT,8477839,Conor,Sheary,L,22,,,,,,,,,,,2,5,7,4.0,,3,-5.0,0.0,0.0,0.0,0.0,44.0,0.0455,848.3636,20.6,0.0
2016,SJS,8474889,Martin,Jones,G,65,65.0,35.0,23.0,6.0,2.399778,0.911884,1725.0,1573.0,152.0,2.0,0,0,0,,228021.0,2,,,,,,,,,,
2016,SJS,8477180,Aaron,Dell,G,20,17.0,11.0,6.0,1.0,1.999008,0.930582,533.0,496.0,37.0,1.0,0,0,0,,66633.0,2,,,,,,,,,,
2016,SJS,8466138,Joe,Thornton,C,79,,,,,,,,,,,7,43,50,51.0,,2,7.0,1.0,0.0,0.0,0.0,81.0,0.0864,1083.6329,23.2,0.5088
2016,SJS,8466139,Patrick,Marleau,C,82,,,,,,,,,,,27,19,46,28.0,,2,4.0,7.0,0.0,6.0,0.0,190.0,0.1421,1029.4634,22.6,0.5349
2016,SJS,8468208,Joel,Ward,R,78,,,,,,,,,,,10,19,29,30.0,,2,-2.0,1.0,2.0,2.0,0.0,105.0,0.0952,956.5769,22.4,0.489
2016,SJS,8468542,Paul,Martin,D,81,,,,,,,,,,,4,22,26,20.0,,2,10.0,0.0,0.0,1.0,0.0,57.0,0.0702,1153.5926,25.0,0.0
2016,SJS,8470613,Brent,Burns,D,82,,,,,,,,,,,29,47,76,40.0,,2,19.0,8.0,0.0,6.0,3.0,320.0,0.0906,1491.7561,28.0,0.0
2016,SJS,8470794,Joe,Pavelski,C,81,,,,,,,,,,,29,39,68,34.0,,2,11.0,7.0,1.0,7.0,0.0,233.0,0.1245,1147.037,24.2,0.5245
2016,SJS,8471498,Jannik,Hansen,R,15,,,,,,,,,,,2,5,7,7.0,,2,0.0,0.0,0.0,0.0,0.0,17.0,0.1176,930.3333,22.5,0.0
2016,SJS,8471709,Marc-Edouard,Vlasic,D,75,,,,,,,,,,,6,22,28,35.0,,2,4.0,1.0,0.0,2.0,1.0,144.0,0.0417,1274.0667,26.4,0.0
2016,SJS,8473673,David,Schlemko,D,62,,,,,,,,,,,2,16,18,14.0,,2,4.0,1.0,0.0,1.0,1.0,118.0,0.0169,1004.7903,22.4,0.0
2016,SJS,8474027,Justin,Braun,D,81,,,,,,,,,,,4,9,13,28.0,,2,1.0,0.0,0.0,0.0,0.0,95.0,0.0421,1204.8025,26.0,0.0
2016,SJS,8474053,Logan,Couture,C,73,,,,,,,,,,,25,27,52,12.0,,2,11.0,11.0,0.0,3.0,0.0,174.0,0.1437,1056.3562,24.4,0.3944
2016,SJS,8474230,Micheal,Haley,L,58,,,,,,,,,,,2,10,12,128.0,,2,6.0,0.0,0.0,1.0,0.0,37.0,0.0541,550.6724,13.9,0.443
2016,SJS,8474571,Mikkel,Boedker,L,81,,,,,,,,,,,10,16,26,10.0,,2,0.0,0.0,1.0,2.0,0.0,122.0,0.082,860.963,21.1,0.2778
2016,SJS,8474739,Tommy,Wingels,C,37,,,,,,,,,,,5,3,8,15.0,,2,-2.0,0.0,0.0,2.0,0.0,42.0,0.119,603.4324,15.8,0.4014
2016,SJS,8475455,Brenden,Dillon,D,81,,,,,,,,,,,2,8,10,60.0,,2,-2.0,0.0,0.0,0.0,0.0,86.0,0.0233,988.037,22.2,0.0
2016,SJS,8475820,Joonas,Donskoi,R,61,,,,,,,,,,,6,11,17,10.0,,2,-5.0,1.0,0.0,0.0,0.0,95.0,0.0632,828.6557,19.7,0.5
2016,SJS,8475834,Marcus,Sorensen,L,19,,,,,,,,,,,1,3,4,4.0,,2,-1.0,0.0,0.0,1.0,0.0,27.0,0.037,648.8421,16.7,0.75
2016,SJS,8475841,Tim,Heed,D,1,,,,,,,,,,,0,0,0,0.0,,2,0.0,0.0,0.0,0.0,0.0,1.0,0.0,989.0,19.0,0.0
2016,SJS,8476331,Dylan,DeMelo,D,25,,,,,,,,,,,1,7,8,14.0,,2,2.0,0.0,0.0,0.0,0.0,32.0,0.0313,953.56,21.5,0.0
2016,SJS,8476442,Matt,Nieto,L,16,,,,,,,,,,,0,2,2,4.0,,2,-3.0,0.0,0.0,0.0,0.0,24.0,0.0,732.8125,18.8,0.0
2016,SJS,8476624,Barclay,Goodrow,C,3,,,,,,,,,,,0,1,1,0.0,,2,0.0,0.0,0.0,0.0,0.0,3.0,0.0,678.3333,18.0,0.0
2016,SJS,8476881,Tomas,Hertl,C,49,,,,,,,,,,,10,12,22,14.0,,2,-8.0,1.0,0.0,4.0,0.0,100.0,0.1,1033.4286,23.9,0.5169
2016,SJS,8476919,Chris,Tierney,C,80,,,,,,,,,,,11,12,23,6.0,,2,0.0,1.0,1.0,2.0,0.0,90.0,0.1222,876.225,21.5,0.4855
2016,SJS,8476982,Danny,O'Regan,C,3,,,,,,,,,,,1,0,1,0.0,,2,-2.0,1.0,0.0,0.0,0.0,5.0,0.2,693.0,15.3,0.4688
2016,SJS,8477509,Mirco,Mueller,D,4,,,,,,,,,,,1,1,2,0.0,,2,2.0,0.0,0.0,0.0,0.0,3.0,0.3333,575.5,14.0,0.0
2016,SJS,8477846,Ryan,Carpenter,C,11,,,,,,,,,,,2,2,4,4.0,,2,5.0,0.0,0.0,0.0,0.0,20.0,0.1,623.0,16.3,0.4533
2016,SJS,8477922,Melker,Karlsson,C,67,,,,,,,,,,,11,11,22,22.0,,2,7.0,0.0,2.0,1.0,0.0,73.0,0.1507,768.0448,20.0,0.1667
2016,SJS,8477958,Nikolay,Goldobin,R,2,,,,,,,,,,,0,0,0,0.0,,2,-1.0,0.0,0.0,0.0,0.0,4.0,0.0,589.5,14.0,0.0
2016,SJS,8478099,Kevin,Labanc,R,55,,,,,,,,,,,8,12,20,22.0,,2,9.0,0.0,0.0,2.0,1.0,70.0,0.1143,820.7091,19.2,0.5
2016,SJS,8478414,Timo,Meier,R,34,,,,,,,,,,,3,3,6,10.0,,2,1.0,0.0,0.0,1.0,0.0,85.0,0.0353,748.4118,18.4,0.2
2016,SJS,8474889,Martin,Jones,G,6,6.0,2.0,4.0,,1.750583,0.934524,168.0,157.0,11.0,1.0,0,0,0,,22621.0,3,,,,,,,,,,
2016,SJS,8466138,Joe,Thornton,C,4,,,,,,,,,,,0,2,2,0.0,,3,-1.0,0.0,0.0,0.0,0.0,4.0,0.0,1129.75,24.3,0.4878
2016,SJS,8466139,Patrick,Marleau,C,6,,,,,,,,,,,3,1,4,0.0,,3,-1.0,1.0,0.0,0.0,0.0,12.0,0.25,1147.5,25.5,0.1875
2016,SJS,8468208,Joel,Ward,R,6,,,,,,,,,,,1,3,4,4.0,,3,0.0,1.0,0.0,0.0,0.0,9.0,0.1111,883.0,22.8,0.4839
2016,SJS,8468542,Paul,Martin,D,6,,,,,,,,,,,1,0,1,4.0,,3,-1.0,0.0,0.0,0.0,0.0,5.0,0.2,1164.0,27.3,0.0
2016,SJS,8470613,Brent,Burns,D,6,,,,,,,,,,,0,3,3,6.0,,3,-1.0,0.0,0.0,0.0,0.0,28.0,0.0,1503.8333,30.5,0.0
2016,SJS,8470794,Joe,Pavelski,C,6,,,,,,,,,,,2,2,4,0.0,,3,-1.0,1.0,0.0,1.0,0.0,16.0,0.125,1272.0,26.3,0.5862
2016,SJS,8471498,Jannik,Hansen,R,6,,,,,,,,,,,0,1,1,0.0,,3,0.0,0.0,0.0,0.0,0.0,10.0,0.0,941.1667,24.3,0.0
2016,SJS,8471709,Marc-Edouard,Vlasic,D,6,,,,,,,,,,,0,3,3,2.0,,3,-1.0,0.0,0.0,0.0,0.0,9.0,0.0,1396.3333,30.7,0.0
2016,SJS,8473673,David,Schlemko,D,6,,,,,,,,,,,2,1,3,2.0,,3,2.0,1.0,0.0,0.0,0.0,9.0,0.2222,1009.5,26.8,0.0
2016,SJS,8474027,Justin,Braun,D,6,,,,,,,,,,,0,1,1,0.0,,3,-1.0,0.0,0.0,0.0,0.0,6.0,0.0,1327.3333,30.2,0.0
2016,SJS,8474053,Logan,Couture,C,6,,,,,,,,,,,2,1,3,0.0,,3,-1.0,1.0,0.0,0.0,0.0,10.0,0.2,1098.5,25.7,0.4889
2016,SJS,8474571,Mikkel,Boedker,L,4,,,,,,,,,,,1,1,2,2.0,,3,0.0,0.0,0.0,0.0,0.0,5.0,0.2,844.0,21.3,0.0
2016,SJS,8475455,Brenden,Dillon,D,6,,,,,,,,,,,0,1,1,4.0,,3,1.0,0.0,0.0,0.0,0.0,3.0,0.0,989.1667,25.8,0.0
2016,SJS,8475820,Joonas,Donskoi,R,5,,,,,,,,,,,0,2,2,0.0,,3,-3.0,0.0,0.0,0.0,0.0,5.0,0.0,786.2,20.2,0.0
2016,SJS,8475834,Marcus,Sorensen,L,6,,,,,,,,,,,1,1,2,0.0,,3,1.0,0.0,0.0,0.0,0.0,5.0,0.2,657.6667,18.2,1.0
2016,SJS,8476881,Tomas,Hertl,C,6,,,,,,,,,,,0,2,2,2.0,,3,0.0,0.0,0.0,0.0,0.0,15.0,0.0,1157.6667,27.2,0.6265
2016,SJS,8476919,Chris,Tierney,C,6,,,,,,,,,,,0,1,1,0.0,,3,0.0,0.0,0.0,0.0,0.0,4.0,0.0,830.5,21.8,0.4878
2016,SJS,8477922,Melker,Karlsson,C,6,,,,,,,,,,,1,0,1,6.0,,3,0.0,0.0,0.0,1.0,1.0,7.0,0.1429,856.0,23.0,1.0
2016,SJS,8478414,Timo,Meier,R,5,,,,,,,,,,,0,0,0,2.0,,3,0.0,0.0,0.0,0.0,0.0,11.0,0.0,724.0,18.2,0.0
2016,STL,8474596,Jake,Allen,G,61,60.0,33.0,20.0,5.0,2.422242,0.914815,1620.0,1482.0,138.0,4.0,0,1,1,4.0,205099.0,2,,,,,,,,,,
2016,STL,8475622,Carter,Hutton,G,30,21.0,13.0,8.0,2.0,2.385112,0.912519,663.0,605.0,58.0,4.0,0,1,1,4.0,87543.0,2,,,,,,,,,,
2016,STL,8477831,Pheonix,Copley,G,1,1.0,0.0,1.0,0.0,5.090497,0.827586,29.0,24.0,5.0,0.0,0,0,0,,3536.0,2,,,,,,,,,,
2016,STL,8470105,Scottie,Upshall,R,73,,,,,,,,,,,10,8,18,45.0,,2,-1.0,0.0,2.0,1.0,0.0,85.0,0.1176,659.0,17.8,0.25
2016,STL,8470151,Jay,Bouwmeester,D,81,,,,,,,,,,,1,14,15,28.0,,2,6.0,0.0,0.0,0.0,0.0,106.0,0.0094,1344.3086,29.2,0.0
2016,STL,8470257,Alexander,Steen,L,76,,,,,,,,,,,16,35,51,53.0,,2,-2.0,3.0,0.0,2.0,0.0,117.0,0.1368,1158.3421,26.9,0.4089
2016,STL,8470803,Kyle,Brodziak,C,69,,,,,,,,,,,8,7,15,27.0,,2,2.0,0.0,0.0,2.0,0.0,55.0,0.1455,672.3768,18.0,0.4946
2016,STL,8471669,Paul,Stastny,C,66,,,,,,,,,,,18,22,40,36.0,,2,4.0,5.0,0.0,5.0,0.0,112.0,0.1607,1148.3788,26.5,0.5574
2016,STL,8471743,Vladimir,Sobotka,C,1,,,,,,,,,,,1,0,1,0.0,,2,0.0,0.0,0.0,0.0,0.0,2.0,0.5,1001.0,22.0,0.5
2016,STL,8471761,Chris,Butler,D,1,,,,,,,,,,,0,0,0,0.0,,2,0.0,0.0,0.0,0.0,0.0,1.0,0.0,1288.0,26.0,0.0
2016,STL,8471817,Ryan,Reaves,R,80,,,,,,,,,,,7,6,13,104.0,,2,4.0,0.0,0.0,1.0,0.0,58.0,0.1207,533.1,13.5,0.0
2016,STL,8473534,Patrik,Berglund,C,82,,,,,,,,,,,23,11,34,32.0,,2,-7.0,4.0,0.0,5.0,1.0,153.0,0.1503,959.3659,23.3,0.4996
2016,STL,8474031,Kevin,Shattenkirk,D,61,,,,,,,,,,,11,31,42,37.0,,2,-11.0,7.0,0.0,0.0,0.0,115.0,0.0957,1191.4754,26.1,0.0
2016,STL,8474102,David,Perron,L,82,,,,,,,,,,,18,28,46,54.0,,2,-2.0,3.0,1.0,3.0,1.0,151.0,0.1192,1037.878,24.6,0.4848
2016,STL,8474125,Carl,Gunnarsson,D,56,,,,,,,,,,,0,6,6,4.0,,2,-5.0,0.0,0.0,0.0,0.0,32.0,0.0,815.7321,20.7,0.0
2016,STL,8474145,Robert,Bortuzzo,D,38,,,,,,,,,,,1,3,4,15.0,,2,11.0,0.0,0.0,0.0,0.0,45.0,0.0222,845.2105,22.8,0.0
2016,STL,8474565,Alex,Pietrangelo,D,80,,,,,,,,,,,14,34,48,24.0,,2,3.0,6.0,0.0,4.0,0.0,181.0,0.0773,1516.9125,30.9,0.0
2016,STL,8474627,Jori,Lehtera,C,64,,,,,,,,,,,7,15,22,34.0,,2,-6.0,0.0,0.0,1.0,0.0,67.0,0.1045,910.5156,22.3,0.4916
2016,STL,8475175,Magnus,Paajarvi,L,32,,,,,,,,,,,8,5,13,6.0,,2,9.0,1.0,0.0,3.0,0.0,51.0,0.1569,729.3438,18.2,0.3333
2016,STL,8475263,Wade,Megan,C,3,,,,,,,,,,,1,0,1,0.0,,2,1.0,0.0,0.0,0.0,0.0,6.0,0.1667,528.0,13.7,0.4815
2016,STL,8475765,Vladimir,Tarasenko,R,82,,,,,,,,,,,39,36,75,12.0,,2,-1.0,9.0,0.0,8.0,3.0,286.0,0.1364,1108.1951,25.2,0.5
2016,STL,8475768,Jaden,Schwartz,L,78,,,,,,,,,,,19,36,55,18.0,,2,14.0,3.0,0.0,4.0,1.0,179.0,0.1061,1134.3846,26.1,0.4786
2016,STL,8475844,Kenny,Agostino,L,7,,,,,,,,,,,1,2,3,2.0,,2,0.0,0.0,0.0,0.0,0.0,17.0,0.0588,766.5714,16.7,0.0
2016,STL,8476427,Ty,Rattie,R,4,,,,,,,,,,,0,0,0,0.0,,2,0.0,0.0,0.0,0.0,0.0,1.0,0.0,440.0,10.8,0.0
2016,STL,8476436,Dmitrij,Jaskin,R,51,,,,,,,,,,,1,10,11,18.0,,2,5.0,0.0,0.0,0.0,0.0,55.0,0.0182,693.1765,16.3,0.5
2016,STL,8476441,Joel,Edmundson,D,69,,,,,,,,,,,3,12,15,60.0,,2,11.0,0.0,0.0,1.0,0.0,81.0,0.037,1066.1159,25.8,0.0
2016,STL,8476779,Brad,Hunt,D,9,,,,,,,,,,,1,4,5,2.0,,2,-2.0,1.0,0.0,0.0,0.0,12.0,0.0833,815.7778,21.3,0.0
2016,STL,8476855,Nail,Yakupov,R,40,,,,,,,,,,,3,6,9,14.0,,2,-3.0,0.0,0.0,0.0,0.0,35.0,0.0857,638.825,15.4,0.0
2016,STL,8476877,Jordan,Schmaltz,D,9,,,,,,,,,,,0,2,2,4.0,,2,0.0,0.0,0.0,0.0,0.0,5.0,0.0,860.4444,21.9,0.0
2016,STL,8476892,Colton,Parayko,D,81,,,,,,,,,,,4,31,35,32.0,,2,7.0,4.0,0.0,2.0,0.0,188.0,0.0213,1271.8272,29.2,0.0
2016,STL,8476989,Petteri,Lindbohm,D,7,,,,,,,,,,,0,0,0,4.0,,2,-4.0,0.0,0.0,0.0,0.0,10.0,0.0,779.0,19.1,0.0
2016,STL,8477482,Zachary,Sanford,L,13,,,,,,,,,,,2,3,5,4.0,,2,2.0,0.0,0.0,1.0,0.0,13.0,0.1538,734.0,17.3,0.3333
2016,STL,8477952,Robby,Fabbri,C,51,,,,,,,,,,,11,18,29,27.0,,2,-16.0,4.0,0.0,0.0,0.0,91.0,0.1209,936.549,21.6,0.5417
2016,STL,8477964,Ivan,Barbashev,L,30,,,,,,,,,,,5,7,12,2.0,,2,5.0,0.0,0.0,1.0,0.0,20.0,0.25,707.4667,16.3,0.401
2016,STL,8474596,Jake,Allen,G,11,11.0,6.0,5.0,,1.955747,0.934524,336.0,314.0,22.0,0.0,0,0,0,,40496.0,3,,,,,,,,,,
2016,STL,8470105,Scottie,Upshall,R,11,,,,,,,,,,,0,0,0,8.0,,3,-2.0,0.0,0.0,0.0,0.0,11.0,0.0,694.9091,18.8,1.0
2016,STL,8470151,Jay,Bouwmeester,D,11,,,,,,,,,,,0,0,0,4.0,,3,-5.0,0.0,0.0,0.0,0.0,8.0,0.0,1455.2727,32.3,0.0
2016,STL,8470257,Alexander,Steen,L,10,,,,,,,,,,,3,4,7,4.0,,3,1.0,0.0,0.0,0.0,0.0,20.0,0.15,1152.2,25.7,0.325
2016,STL,8470803,Kyle,Brodziak,C,10,,,,,,,,,,,0,2,2,2.0,,3,-3.0,0.0,0.0,0.0,0.0,8.0,0.0,738.3,19.7,0.4532
2016,STL,8471669,Paul,Stastny,C,7,,,,,,,,,,,2,1,3,2.0,,3,4.0,0.0,0.0,0.0,0.0,14.0,0.1429,1284.0,24.7,0.4875
2016,STL,8471743,Vladimir,Sobotka,C,11,,,,,,,,,,,2,4,6,2.0,,3,4.0,0.0,0.0,0.0,0.0,13.0,0.1538,1046.7273,24.9,0.541
2016,STL,8471817,Ryan,Reaves,R,11,,,,,,,,,,,0,0,0,8.0,,3,-1.0,0.0,0.0,0.0,0.0,8.0,0.0,574.4545,14.5,0.0
2016,STL,8473534,Patrik,Berglund,C,11,,,,,,,,,,,0,4,4,10.0,,3,-1.0,0.0,0.0,0.0,0.0,14.0,0.0,1006.6364,25.3,0.4586
2016,STL,8474102,David,Perron,L,11,,,,,,,,,,,0,1,1,8.0,,3,-1.0,0.0,0.0,0.0,0.0,17.0,0.0,867.0,21.6,0.6667
2016,STL,8474125,Carl,Gunnarsson,D,11,,,,,,,,,,,0,0,0,2.0,,3,-1.0,0.0,0.0,0.0,0.0,3.0,0.0,712.3636,20.4,0.0
2016,STL,8474145,Robert,Bortuzzo,D,10,,,,,,,,,,,0,0,0,4.0,,3,-1.0,0.0,0.0,0.0,0.0,5.0,0.0,691.1,20.1,0.0
2016,STL,8474565,Alex,Pietrangelo,D,11,,,,,,,,,,,0,4,4,8.0,,3,-3.0,0.0,0.0,0.0,0.0,29.0,0.0,1696.2727,33.5,0.0
2016,STL,8474627,Jori,Lehtera,C,8,,,,,,,,,,,1,3,4,4.0,,3,5.0,0.0,0.0,0.0,0.0,5.0,0.2,725.0,18.8,0.3478
2016,STL,8475175,Magnus,Paajarvi,L,8,,,,,,,,,,,1,2,3,2.0,,3,1.0,0.0,0.0,1.0,1.0,9.0,0.1111,756.375,19.8,0.0
2016,STL,8475765,Vladimir,Tarasenko,R,11,,,,,,,,,,,3,3,6,0.0,,3,2.0,1.0,0.0,1.0,0.0,44.0,0.0682,1249.5455,25.1,0.0
2016,STL,8475768,Jaden,Schwartz,L,11,,,,,,,,,,,4,5,9,2.0,,3,4.0,1.0,0.0,3.0,0.0,33.0,0.1212,1292.5455,27.3,0.3333
2016,STL,8476436,Dmitrij,Jaskin,R,2,,,,,,,,,,,1,0,1,4.0,,3,-1.0,0.0,0.0,0.0,0.0,9.0,0.1111,842.0,22.5,0.0
2016,STL,8476441,Joel,Edmundson,D,11,,,,,,,,,,,3,3,6,14.0,,3,12.0,0.0,0.0,1.0,1.0,9.0,0.3333,1266.3636,30.4,0.0
2016,STL,8476877,Jordan,Schmaltz,D,1,,,,,,,,,,,0,0,0,0.0,,3,0.0,0.0,0.0,0.0,0.0,0.0,0.0,558.0,17.0,0.0
2016,STL,8476892,Colton,Parayko,D,11,,,,,,,,,,,2,3,5,2.0,,3,6.0,0.0,0.0,0.0,0.0,27.0,0.0741,1423.9091,32.6,0.0
2016,STL,8477482,Zachary,Sanford,L,4,,,,,,,,,,,0,0,0,0.0,,3,0.0,0.0,0.0,0.0,0.0,6.0,0.0,655.0,16.8,1.0
2016,STL,8477964,Ivan,Barbashev,L,6,,,,,,,,,,,0,0,0,2.0,,3,-1.0,0.0,0.0,0.0,0.0,4.0,0.0,768.1667,19.5,0.4118
2016,TOR,8470147,Curtis,McElhinney,G,14,10.0,6.0,7.0,0.0,2.846848,0.913876,418.0,382.0,36.0,1.0,0,0,0,,45524.0,2,,,,,,,,,,
2016,TOR,8473523,Jhonas,Enroth,G,6,4.0,0.0,3.0,1.0,3.93538,0.87234,141.0,123.0,18.0,0.0,0,0,0,,16466.0,2,,,,,,,,,,
2016,TOR,8475883,Frederik,Andersen,G,66,66.0,33.0,16.0,14.0,2.668889,0.917641,2052.0,1883.0,169.0,4.0,0,1,1,16.0,227960.0,2,,,,,,,,,,
2016,TOR,8477312,Antoine,Bibeau,G,2,2.0,1.0,1.0,0.0,1.989223,0.927273,55.0,51.0,4.0,0.0,0,0,0,,7239.0,2,,,,,,,,,,
2016,TOR,8470599,Milan,Michalek,L,5,,,,,,,,,,,1,1,2,2.0,,2,-2.0,0.0,0.0,0.0,0.0,6.0,0.1667,856.2,21.0,0.0
2016,TOR,8470611,Eric,Fehr,C,1,,,,,,,,,,,0,0,0,0.0,,2,-1.0,0.0,0.0,0.0,0.0,1.0,0.0,644.0,20.0,1.0
2016,TOR,8470619,Brian,Boyle,C,21,,,,,,,,,,,0,3,3,18.0,,2,-2.0,0.0,0.0,0.0,0.0,22.0,0.0,679.4762,18.3,0.51
2016,TOR,8471392,Roman,Polak,D,75,,,,,,,,,,,4,7,11,65.0,,2,10.0,0.0,0.0,1.0,0.0,64.0,0.0625,1075.24,24.2,0.0
2016,TOR,8471436,Matt,Hunwick,D,72,,,,,,,,,,,1,18,19,18.0,,2,8.0,0.0,0.0,0.0,0.0,73.0,0.0137,1078.7083,24.6,0.0
2016,TOR,8473463,Leo,Komarov,R,82,,,,,,,,,,,14,18,32,31.0,,2,6.0,4.0,1.0,1.0,0.0,114.0,0.1228,1024.4146,25.2,0.4505
2016,TOR,8474037,James,van Riemsdyk,L,82,,,,,,,,,,,29,33,62,37.0,,2,-2.0,6.0,0.0,5.0,0.0,238.0,0.1218,953.4024,21.6,0.2
2016,TOR,8474581,Jake,Gardiner,D,82,,,,,,,,,,,9,34,43,34.0,,2,24.0,2.0,0.0,2.0,2.0,127.0,0.0709,1292.0122,26.6,0.0
2016,TOR,8474709,Matt,Martin,L,82,,,,,,,,,,,5,4,9,123.0,,2,0.0,0.0,0.0,0.0,0.0,66.0,0.0758,533.8537,13.6,0.0
2016,TOR,8474727,Ben,Smith,R,36,,,,,,,,,,,2,2,4,4.0,,2,-5.0,0.0,0.0,0.0,0.0,29.0,0.069,692.6111,17.9,0.514
2016,TOR,8475098,Tyler,Bozak,C,78,,,,,,,,,,,18,37,55,30.0,,2,-1.0,7.0,0.0,1.0,0.0,145.0,0.1241,985.7692,22.7,0.5666
2016,TOR,8475172,Nazem,Kadri,C,82,,,,,,,,,,,32,29,61,95.0,,2,-7.0,12.0,0.0,6.0,2.0,236.0,0.1356,994.7561,23.0,0.4797
2016,TOR,8475180,Peter,Holland,C,8,,,,,,,,,,,0,1,1,4.0,,2,-2.0,0.0,0.0,0.0,0.0,13.0,0.0,643.125,14.4,0.4643
2016,TOR,8475278,Byron,Froese,C,2,,,,,,,,,,,0,0,0,5.0,,2,0.0,0.0,0.0,0.0,0.0,2.0,0.0,480.5,14.0,0.35
2016,TOR,8475716,Martin,Marincin,D,25,,,,,,,,,,,1,6,7,16.0,,2,3.0,0.0,0.0,0.0,0.0,22.0,0.0455,1082.84,25.0,0.0
2016,TOR,8475786,Zach,Hyman,L,82,,,,,,,,,,,10,18,28,30.0,,2,2.0,0.0,4.0,3.0,0.0,156.0,0.0641,1001.8171,23.8,0.3793
2016,TOR,8476289,Alexey,Marchenko,D,11,,,,,,,,,,,1,1,2,0.0,,2,1.0,0.0,0.0,0.0,0.0,9.0,0.1111,848.6364,20.0,0.0
2016,TOR,8476302,Frank,Corrado,D,2,,,,,,,,,,,0,0,0,6.0,,2,0.0,0.0,0.0,0.0,0.0,2.0,0.0,840.0,20.5,0.0
2016,TOR,8476410,Josh,Leivo,L,13,,,,,,,,,,,2,8,10,4.0,,2,2.0,1.0,0.0,0.0,0.0,27.0,0.0741,754.4615,18.9,0.5
2016,TOR,8476495,Seth,Griffith,C,3,,,,,,,,,,,0,0,0,0.0,,2,0.0,0.0,0.0,0.0,0.0,3.0,0.0,568.0,14.0,0.0
2016,TOR,8476853,Morgan,Rielly,D,76,,,,,,,,,,,6,21,27,21.0,,2,-20.0,1.0,0.0,1.0,1.0,171.0,0.0351,1330.1184,30.7,0.0
2016,TOR,8476941,Connor,Carrick,D,67,,,,,,,,,,,2,6,8,51.0,,2,8.0,1.0,0.0,0.0,0.0,89.0,0.0225,980.1642,22.3,0.0
2016,TOR,8477015,Connor,Brown,R,82,,,,,,,,,,,20,16,36,10.0,,2,3.0,2.0,1.0,4.0,0.0,139.0,0.1439,972.3537,23.7,0.25
2016,TOR,8477512,Frederik,Gauthier,C,21,,,,,,,,,,,2,1,3,23.0,,2,2.0,0.0,0.0,0.0,0.0,15.0,0.1333,581.5714,16.6,0.5106
2016,TOR,8477939,William,Nylander,R,81,,,,,,,,,,,22,39,61,32.0,,2,-3.0,9.0,0.0,2.0,0.0,205.0,0.1073,960.7407,21.8,0.4016
2016,TOR,8477953,Kasperi,Kapanen,R,8,,,,,,,,,,,1,0,1,0.0,,2,-2.0,0.0,0.0,0.0,0.0,11.0,0.0909,641.75,17.1,0.0
2016,TOR,8478373,Nikita,Soshnikov,R,56,,,,,,,,,,,5,4,9,16.0,,2,1.0,0.0,0.0,0.0,0.0,70.0,0.0714,650.8929,16.7,0.1176
2016,TOR,8478483,Mitch,Marner,R,77,,,,,,,,,,,19,42,61,38.0,,2,0.0,4.0,0.0,5.0,0.0,176.0,0.108,1008.6104,21.9,0.3784
2016,TOR,8479318,Auston,Matthews,C,82,,,,,,,,,,,40,29,69,14.0,,2,2.0,8.0,0.0,8.0,1.0,279.0,0.1434,1057.8659,23.1,0.4682
2016,TOR,8479458,Nikita,Zaitsev,D,82,,,,,,,,,,,4,32,36,38.0,,2,-22.0,1.0,0.0,0.0,0.0,106.0,0.0377,1321.122,29.7,0.0
2016,TOR,8475883,Frederik,Andersen,G,6,6.0,2.0,4.0,,2.681453,0.914692,211.0,193.0,18.0,0.0,0,0,0,,24166.0,3,,,,,,,,,,
2016,TOR,8470619,Brian,Boyle,C,6,,,,,,,,,,,0,2,2,6.0,,3,-2.0,0.0,0.0,0.0,0.0,14.0,0.0,746.5,21.3,0.6203
2016,TOR,8471392,Roman,Polak,D,2,,,,,,,,,,,0,0,0,0.0,,3,1.0,0.0,0.0,0.0,0.0,1.0,0.0,1056.5,25.0,0.0
2016,TOR,8471436,Matt,Hunwick,D,6,,,,,,,,,,,0,1,1,2.0,,3,-3.0,0.0,0.0,0.0,0.0,10.0,0.0,1538.8333,33.7,0.0
2016,TOR,8473463,Leo,Komarov,R,6,,,,,,,,,,,0,1,1,2.0,,3,-1.0,0.0,0.0,0.0,0.0,10.0,0.0,1176.5,30.0,0.55
2016,TOR,8474037,James,van Riemsdyk,L,6,,,,,,,,,,,2,1,3,0.0,,3,3.0,1.0,0.0,0.0,0.0,23.0,0.087,1057.6667,27.0,0.0
2016,TOR,8474581,Jake,Gardiner,D,6,,,,,,,,,,,1,2,3,4.0,,3,2.0,0.0,0.0,0.0,0.0,9.0,0.1111,1718.0,37.7,0.0
2016,TOR,8474709,Matt,Martin,L,6,,,,,,,,,,,0,2,2,6.0,,3,-2.0,0.0,0.0,0.0,0.0,4.0,0.0,597.0,15.8,0.0
2016,TOR,8475098,Tyler,Bozak,C,6,,,,,,,,,,,2,2,4,4.0,,3,0.0,1.0,0.0,1.0,1.0,14.0,0.1429,1125.3333,28.8,0.5276
2016,TOR,8475172,Nazem,Kadri,C,6,,,,,,,,,,,1,1,2,8.0,,3,0.0,0.0,0.0,0.0,0.0,18.0,0.0556,1161.6667,28.5,0.5213
2016,TOR,8475716,Martin,Marincin,D,6,,,,,,,,,,,0,0,0,2.0,,3,2.0,0.0,0.0,0.0,0.0,9.0,0.0,1012.8333,23.5,0.0
2016,TOR,8475786,Zach,Hyman,L,6,,,,,,,,,,,1,3,4,4.0,,3,0.0,0.0,0.0,0.0,0.0,13.0,0.0769,1108.8333,26.7,0.0
2016,TOR,8476853,Morgan,Rielly,D,6,,,,,,,,,,,1,4,5,2.0,,3,1.0,1.0,0.0,0.0,0.0,16.0,0.0625,1613.0,38.8,0.0
2016,TOR,8476941,Connor,Carrick,D,6,,,,,,,,,,,0,0,0,4.0,,3,0.0,0.0,0.0,0.0,0.0,3.0,0.0,736.3333,18.0,0.0
2016,TOR,8477015,Connor,Brown,R,6,,,,,,,,,,,0,1,1,0.0,,3,0.0,0.0,0.0,0.0,0.0,8.0,0.0,1093.6667,28.0,0.0
2016,TOR,8477939,William,Nylander,R,6,,,,,,,,,,,1,3,4,2.0,,3,4.0,0.0,0.0,0.0,0.0,23.0,0.0435,1120.6667,26.3,0.5833
2016,TOR,8477953,Kasperi,Kapanen,R,6,,,,,,,,,,,2,0,2,0.0,,3,-2.0,0.0,0.0,1.0,1.0,8.0,0.25,647.8333,17.7,1.0
2016,TOR,8478483,Mitch,Marner,R,6,,,,,,,,,,,1,3,4,0.0,,3,1.0,0.0,0.0,0.0,0.0,9.0,0.1111,1067.8333,26.3,0.0
2016,TOR,8479318,Auston,Matthews,C,6,,,,,,,,,,,4,1,5,0.0,,3,2.0,0.0,0.0,0.0,0.0,16.0,0.25,1218.3333,27.3,0.5
2016,TOR,8479458,Nikita,Zaitsev,D,4,,,,,,,,,,,0,0,0,0.0,,3,-4.0,0.0,0.0,0.0,0.0,5.0,0.0,1304.75,30.3,0.0
2016,TBL,8469514,Peter,Budaj,G,7,4.0,3.0,1.0,0.0,2.797034,0.898438,128.0,115.0,13.0,0.0,0,0,0,,16732.0,2,,,,,,,,,,
2016,TBL,8471750,Ben,Bishop,G,32,31.0,16.0,12.0,3.0,2.548822,0.911494,870.0,793.0,77.0,1.0,0,0,0,8.0,108756.0,2,,,,,,,,,,
2016,TBL,8476883,Andrei,Vasilevskiy,G,50,47.0,23.0,17.0,7.0,2.606605,0.916892,1480.0,1357.0,123.0,2.0,0,2,2,2.0,169876.0,2,,,,,,,,,,
2016,TBL,8477356,Kristers,Gudlevskis,G,1,0.0,,,0.0,0.0,1.0,3.0,3.0,0.0,0.0,0,0,0,,687.0,2,,,,,,,,,,
2016,TBL,8470047,Valtteri,Filppula,C,59,,,,,,,,,,,7,27,34,24.0,,2,1.0,0.0,0.0,1.0,0.0,74.0,0.0946,1050.0339,22.5,0.4654
2016,TBL,8470601,Braydon,Coburn,D,80,,,,,,,,,,,5,7,12,50.0,,2,-1.0,0.0,1.0,0.0,0.0,102.0,0.049,1004.1875,22.0,0.0
2016,TBL,8470619,Brian,Boyle,C,54,,,,,,,,,,,13,9,22,48.0,,2,5.0,3.0,0.0,2.0,0.0,109.0,0.1193,821.8519,18.6,0.5303
2016,TBL,8471339,Ryan,Callahan,R,18,,,,,,,,,,,2,2,4,23.0,,2,-4.0,0.0,0.0,1.0,0.0,22.0,0.0909,848.5556,19.5,0.5556
2016,TBL,8471873,Anton,Stralman,D,73,,,,,,,,,,,5,17,22,20.0,,2,1.0,1.0,0.0,0.0,0.0,130.0,0.0385,1374.0274,26.9,0.0
2016,TBL,8473588,Erik,Condra,R,13,,,,,,,,,,,0,0,0,4.0,,2,-4.0,0.0,0.0,0.0,0.0,8.0,0.0,578.3846,13.4,1.0
2016,TBL,8473986,Alex,Killorn,L,81,,,,,,,,,,,19,17,36,66.0,,2,-9.0,4.0,1.0,4.0,0.0,176.0,0.108,1080.1728,22.6,0.3333
2016,TBL,8474520,Jason,Garrison,D,70,,,,,,,,,,,1,8,9,14.0,,2,-8.0,0.0,0.0,0.0,0.0,96.0,0.0104,1113.8429,24.1,0.0
2016,TBL,8474564,Steven,Stamkos,C,17,,,,,,,,,,,9,11,20,14.0,,2,3.0,3.0,0.0,1.0,0.0,58.0,0.1552,1072.5882,21.5,0.5354
2016,TBL,8474722,Luke,Witkowski,D,34,,,,,,,,,,,0,4,4,39.0,,2,-1.0,0.0,0.0,0.0,0.0,24.0,0.0,592.2353,14.1,0.0
2016,TBL,8474870,Tyler,Johnson,C,66,,,,,,,,,,,19,26,45,28.0,,2,-5.0,6.0,0.0,3.0,1.0,130.0,0.1462,1129.303,23.8,0.5196
2016,TBL,8475167,Victor,Hedman,D,79,,,,,,,,,,,16,56,72,47.0,,2,3.0,4.0,0.0,5.0,2.0,166.0,0.0964,1470.5696,27.9,0.0
2016,TBL,8475254,Gabriel,Dumont,C,39,,,,,,,,,,,2,2,4,29.0,,2,1.0,0.0,0.0,0.0,0.0,34.0,0.0588,580.1795,14.7,0.5496
2016,TBL,8475278,Byron,Froese,C,4,,,,,,,,,,,0,0,0,0.0,,2,-3.0,0.0,0.0,0.0,0.0,4.0,0.0,709.25,16.8,0.5278
2016,TBL,8475735,Greg,McKegg,C,15,,,,,,,,,,,0,1,1,11.0,,2,2.0,0.0,0.0,0.0,0.0,8.0,0.0,556.0667,13.7,0.4845
2016,TBL,8475739,Michael,Bournival,L,19,,,,,,,,,,,2,1,3,2.0,,2,-3.0,0.0,0.0,0.0,0.0,25.0,0.08,608.8421,15.1,0.3333
2016,TBL,8476195,Cory,Conacher,C,11,,,,,,,,,,,1,3,4,4.0,,2,0.0,1.0,0.0,0.0,0.0,16.0,0.0625,693.7273,17.6,0.5
2016,TBL,8476285,Matthew,Peca,C,10,,,,,,,,,,,1,1,2,2.0,,2,-3.0,0.0,0.0,0.0,0.0,9.0,0.1111,686.7,15.9,0.4444
2016,TBL,8476292,Ondrej,Palat,L,75,,,,,,,,,,,17,35,52,39.0,,2,8.0,5.0,0.0,3.0,0.0,162.0,0.1049,1147.04,24.1,0.2647
2016,TBL,8476300,Nikita,Nesterov,D,35,,,,,,,,,,,3,9,12,20.0,,2,-3.0,1.0,0.0,0.0,0.0,46.0,0.0652,995.0571,20.1,0.0
2016,TBL,8476453,Nikita,Kucherov,R,74,,,,,,,,,,,40,45,85,38.0,,2,13.0,17.0,0.0,7.0,1.0,246.0,0.1626,1166.4865,23.4,0.0
2016,TBL,8476480,Vladislav,Namestnikov,C,74,,,,,,,,,,,10,18,28,31.0,,2,-4.0,3.0,0.0,0.0,0.0,114.0,0.0877,887.0946,18.9,0.4354
2016,TBL,8476806,JT,Brown,R,64,,,,,,,,,,,3,3,6,73.0,,2,-7.0,0.0,1.0,1.0,0.0,67.0,0.0448,622.25,15.0,0.3158
2016,TBL,8476826,Yanni,Gourde,C,20,,,,,,,,,,,6,2,8,8.0,,2,-1.0,0.0,1.0,1.0,1.0,30.0,0.2,922.05,21.1,0.3681
2016,TBL,8476886,Slater,Koekkoek,D,29,,,,,,,,,,,0,4,4,8.0,,2,-4.0,0.0,0.0,0.0,0.0,27.0,0.0,779.0345,17.9,0.0
2016,TBL,8476911,Tanner,Richard,C,3,,,,,,,,,,,0,0,0,2.0,,2,-2.0,0.0,0.0,0.0,0.0,1.0,0.0,762.3333,16.3,0.4333
2016,TBL,8476975,Cedric,Paquette,C,58,,,,,,,,,,,4,6,10,80.0,,2,-6.0,0.0,0.0,0.0,0.0,68.0,0.0588,691.4138,16.4,0.4608
2016,TBL,8477009,Jake,Dotchin,D,35,,,,,,,,,,,0,11,11,35.0,,2,10.0,0.0,0.0,0.0,0.0,50.0,0.0,1105.7429,23.2,0.0
2016,TBL,8477205,Andrej,Sustr,D,80,,,,,,,,,,,3,11,14,43.0,,2,-10.0,0.0,0.0,1.0,0.0,93.0,0.0323,1055.3375,22.7,0.0
2016,TBL,8477326,Joel,Vermin,R,18,,,,,,,,,,,0,3,3,4.0,,2,2.0,0.0,0.0,0.0,0.0,12.0,0.0,655.6111,15.6,0.6667
2016,TBL,8477454,Adam,Erne,L,26,,,,,,,,,,,3,0,3,11.0,,2,-9.0,0.0,0.0,0.0,0.0,40.0,0.075,708.4231,17.0,0.0
2016,TBL,8477494,Jonathan,Drouin,L,73,,,,,,,,,,,21,32,53,16.0,,2,-13.0,9.0,0.0,6.0,1.0,183.0,0.1148,1062.3973,21.1,0.4364
2016,TBL,8478010,Brayden,Point,C,68,,,,,,,,,,,18,22,40,14.0,,2,4.0,5.0,0.0,2.0,0.0,122.0,0.1475,1027.9118,20.8,0.4474
2016,VAN,8468011,Ryan,Miller,G,54,54.0,18.0,29.0,6.0,2.802121,0.913644,1737.0,1587.0,150.0,3.0,0,1,1,22.0,192711.0,2,,,,,,,,,,
2016,VAN,8473614,Richard,Bachman,G,5,5.0,2.0,3.0,0.0,2.642425,0.919753,162.0,149.0,13.0,0.0,0,0,0,,17711.0,2,,,,,,,,,,
2016,VAN,8474593,Jacob,Markstrom,G,26,23.0,10.0,11.0,3.0,2.625325,0.910405,692.0,630.0,62.0,0.0,0,0,0,2.0,85018.0,2,,,,,,,,,,
2016,VAN,8467875,Daniel,Sedin,L,82,,,,,,,,,,,15,29,44,32.0,,2,-16.0,6.0,0.0,3.0,1.0,216.0,0.0694,1103.122,23.5,0.5
2016,VAN,8467876,Henrik,Sedin,C,82,,,,,,,,,,,15,35,50,28.0,,2,-27.0,1.0,0.0,4.0,2.0,99.0,0.1515,1142.439,23.5,0.4904
2016,VAN,8470358,Alexandre,Burrows,R,55,,,,,,,,,,,9,11,20,53.0,,2,-3.0,0.0,0.0,1.0,0.0,114.0,0.0789,897.6,22.2,0.0
2016,VAN,8470626,Loui,Eriksson,L,65,,,,,,,,,,,11,13,24,8.0,,2,-9.0,5.0,0.0,1.0,0.0,132.0,0.0833,1120.6615,24.4,0.0
2016,VAN,8471303,Alexander,Edler,D,68,,,,,,,,,,,6,15,21,36.0,,2,-20.0,2.0,0.0,0.0,0.0,138.0,0.0435,1458.8235,28.4,0.6667
2016,VAN,8471498,Jannik,Hansen,R,28,,,,,,,,,,,6,7,13,27.0,,2,2.0,0.0,0.0,1.0,0.0,56.0,0.1071,980.6786,22.8,0.0
2016,VAN,8471681,Jack,Skille,R,55,,,,,,,,,,,5,4,9,12.0,,2,0.0,0.0,0.0,0.0,0.0,73.0,0.0685,527.9455,13.3,1.0
2016,VAN,8473415,Alex,Biega,D,36,,,,,,,,,,,0,3,3,18.0,,2,-4.0,0.0,0.0,0.0,0.0,37.0,0.0,790.1111,19.5,0.0
2016,VAN,8473432,Derek,Dorsett,R,14,,,,,,,,,,,1,3,4,33.0,,2,-6.0,0.0,0.0,0.0,0.0,24.0,0.0417,595.9286,15.8,1.0
2016,VAN,8474091,Brandon,Sutter,C,81,,,,,,,,,,,17,17,34,12.0,,2,-20.0,4.0,0.0,1.0,1.0,160.0,0.1063,1128.1728,25.5,0.5427
2016,VAN,8474579,Luca,Sbisa,D,82,,,,,,,,,,,2,11,13,40.0,,2,-1.0,0.0,0.0,1.0,0.0,75.0,0.0267,1138.5854,24.5,0.0
2016,VAN,8474707,Philip,Larsen,D,26,,,,,,,,,,,1,5,6,4.0,,2,-8.0,0.0,0.0,0.0,0.0,32.0,0.0313,987.5,21.0,0.0
2016,VAN,8475210,Anton,Rodin,R,3,,,,,,,,,,,0,1,1,0.0,,2,1.0,0.0,0.0,0.0,0.0,2.0,0.0,534.6667,13.3,0.0
2016,VAN,8475213,Drew,Shore,C,14,,,,,,,,,,,0,2,2,4.0,,2,-3.0,0.0,0.0,0.0,0.0,11.0,0.0,717.9286,16.8,0.5352
2016,VAN,8475690,Chris,Tanev,D,53,,,,,,,,,,,2,8,10,14.0,,2,3.0,0.0,0.0,1.0,1.0,39.0,0.0513,1220.6981,27.1,0.0
2016,VAN,8475790,Erik,Gudbranson,D,30,,,,,,,,,,,1,5,6,18.0,,2,-14.0,0.0,0.0,1.0,0.0,40.0,0.025,1220.1,25.5,0.0
2016,VAN,8475808,Michael,Chaput,C,68,,,,,,,,,,,4,5,9,29.0,,2,-12.0,0.0,0.0,0.0,0.0,64.0,0.0625,661.3235,16.4,0.5273
2016,VAN,8476390,Joseph,Cramarossa,C,10,,,,,,,,,,,0,0,0,9.0,,2,-1.0,0.0,0.0,0.0,0.0,10.0,0.0,635.1,15.2,0.0
2016,VAN,8476414,Alexandre,Grenier,R,3,,,,,,,,,,,0,0,0,0.0,,2,-1.0,0.0,0.0,0.0,0.0,1.0,0.0,389.0,9.7,1.0
2016,VAN,8476423,Reid,Boucher,C,27,,,,,,,,,,,5,2,7,6.0,,2,-7.0,1.0,0.0,0.0,0.0,55.0,0.0909,730.5556,16.7,0.0
2016,VAN,8476425,Joseph,LaBate,C,13,,,,,,,,,,,0,0,0,21.0,,2,-2.0,0.0,0.0,0.0,0.0,5.0,0.0,405.8462,11.3,1.0
2016,VAN,8476440,Markus,Granlund,C,69,,,,,,,,,,,19,13,32,14.0,,2,-19.0,3.0,0.0,3.0,1.0,122.0,0.1557,1038.5072,23.5,0.396
2016,VAN,8476466,Sven,Baertschi,L,68,,,,,,,,,,,18,17,35,8.0,,2,-6.0,2.0,0.0,5.0,0.0,114.0,0.1579,952.5441,21.5,1.0
2016,VAN,8476867,Brendan,Gaunce,C,57,,,,,,,,,,,0,5,5,33.0,,2,-2.0,0.0,0.0,0.0,0.0,51.0,0.0,569.4737,14.4,0.5122
2016,VAN,8477018,Ben,Hutton,D,71,,,,,,,,,,,5,14,19,31.0,,2,-22.0,2.0,0.0,1.0,1.0,130.0,0.0385,1229.8169,25.1,0.0
2016,VAN,8477091,Evan,McEneny,D,1,,,,,,,,,,,0,0,0,0.0,,2,-1.0,0.0,0.0,0.0,0.0,1.0,0.0,908.0,23.0,0.0
2016,VAN,8477126,Jayson,Megna,C,58,,,,,,,,,,,4,4,8,6.0,,2,-4.0,0.0,0.0,0.0,0.0,72.0,0.0556,746.0517,17.5,0.125
2016,VAN,8477500,Bo,Horvat,C,81,,,,,,,,,,,20,32,52,27.0,,2,-7.0,3.0,2.0,1.0,0.0,158.0,0.1266,1081.9259,25.4,0.5047
2016,VAN,8477816,Michael,Zalewski,L,1,,,,,,,,,,,0,0,0,0.0,,2,-1.0,0.0,0.0,0.0,0.0,0.0,0.0,483.0,13.0,0.0
2016,VAN,8477916,Borna,Rendulic,R,1,,,,,,,,,,,0,0,0,0.0,,2,0.0,0.0,0.0,0.0,0.0,1.0,0.0,291.0,7.0,0.0
2016,VAN,8477937,Jake,Virtanen,R,10,,,,,,,,,,,0,1,1,2.0,,2,1.0,0.0,0.0,0.0,0.0,13.0,0.0,608.7,15.7,1.0
2016,VAN,8477958,Nikolay,Goldobin,R,12,,,,,,,,,,,3,0,3,0.0,,2,1.0,0.0,0.0,1.0,0.0,10.0,0.3,697.6667,16.5,0.0
2016,VAN,8477997,Nikita,Tryamkin,D,66,,,,,,,,,,,2,7,9,64.0,,2,-7.0,0.0,0.0,0.0,0.0,65.0,0.0308,1004.4091,23.0,0.0
2016,VAN,8478444,Brock,Boeser,R,9,,,,,,,,,,,4,1,5,0.0,,2,0.0,2.0,0.0,1.0,0.0,25.0,0.16,972.7778,20.9,0.0
2016,VAN,8479442,Troy,Stecher,D,71,,,,,,,,,,,3,21,24,25.0,,2,-16.0,1.0,0.0,0.0,0.0,125.0,0.024,1198.7324,24.2,0.0
2016,VAN,8479969,Griffen,Molino,C,5,,,,,,,,,,,0,0,0,0.0,,2,-2.0,0.0,0.0,0.0,0.0,3.0,0.0,635.2,15.0,0.0
2016,WPG,8471715,Ondrej,Pavelec,G,8,8.0,4.0,4.0,0.0,3.549485,0.888412,233.0,207.0,26.0,0.0,0,0,0,,26370.0,2,,,,,,,,,,
2016,WPG,8474636,Michael,Hutchinson,G,28,20.0,9.0,12.0,3.0,2.916565,0.902899,690.0,623.0,67.0,1.0,0,0,0,,82700.0,2,,,,,,,,,,
2016,WPG,8476945,Connor,Hellebuyck,G,56,53.0,26.0,19.0,4.0,2.887736,0.907125,1572.0,1426.0,146.0,4.0,0,0,0,,182011.0,2,,,,,,,,,,
2016,WPG,8477480,Eric,Comrie,G,1,1.0,1.0,0.0,0.0,4.047217,0.897436,39.0,35.0,4.0,0.0,0,0,0,,3558.0,2,,,,,,,,,,
2016,WPG,8469501,Chris,Thorburn,R,64,,,,,,,,,,,3,1,4,95.0,,2,-7.0,0.0,1.0,0.0,0.0,36.0,0.0833,418.5781,11.5,0.5
2016,WPG,8470614,Mark,Stuart,D,42,,,,,,,,,,,2,2,4,27.0,,2,4.0,0.0,0.0,1.0,0.0,24.0,0.0833,747.2619,17.8,0.0
2016,WPG,8470828,Toby,Enstrom,D,60,,,,,,,,,,,1,13,14,42.0,,2,-7.0,0.0,1.0,0.0,0.0,46.0,0.0217,1314.2667,27.4,0.0
2016,WPG,8470834,Dustin,Byfuglien,D,80,,,,,,,,,,,13,39,52,117.0,,2,10.0,1.0,0.0,1.0,0.0,241.0,0.0539,1646.675,29.1,0.0
2016,WPG,8471218,Blake,Wheeler,R,82,,,,,,,,,,,26,48,74,47.0,,2,6.0,5.0,2.0,4.0,0.0,259.0,0.1004,1208.5244,26.2,0.4574
2016,WPG,8471226,Drew,Stafford,R,40,,,,,,,,,,,4,9,13,12.0,,2,-2.0,2.0,0.0,1.0,0.0,68.0,0.0588,797.875,18.3,0.25
2016,WPG,8473412,Bryan,Little,C,59,,,,,,,,,,,21,26,47,18.0,,2,-7.0,6.0,0.0,3.0,1.0,119.0,0.1765,1053.4237,24.7,0.5561
2016,WPG,8473565,Brian,Strait,D,5,,,,,,,,,,,0,2,2,0.0,,2,-1.0,0.0,0.0,0.0,0.0,3.0,0.0,955.8,22.6,0.0
2016,WPG,8473574,Shawn,Matthias,L,45,,,,,,,,,,,8,4,12,13.0,,2,0.0,0.0,1.0,1.0,0.0,51.0,0.1569,813.6,19.6,0.3125
2016,WPG,8473618,Mathieu,Perreault,C,65,,,,,,,,,,,13,32,45,30.0,,2,-11.0,3.0,0.0,3.0,0.0,134.0,0.097,977.3077,20.9,0.5132
2016,WPG,8474074,Paul,Postma,D,65,,,,,,,,,,,1,13,14,15.0,,2,3.0,0.0,0.0,0.0,0.0,50.0,0.02,651.2615,15.3,0.0
2016,WPG,8474574,Tyler,Myers,D,11,,,,,,,,,,,2,3,5,13.0,,2,5.0,0.0,0.0,0.0,0.0,16.0,0.125,1332.4545,26.7,0.0
2016,WPG,8475279,Ben,Chiarot,D,59,,,,,,,,,,,2,10,12,33.0,,2,2.0,0.0,0.0,0.0,0.0,49.0,0.0408,919.2712,19.8,0.0
2016,WPG,8475769,Quinton,Howden,C,5,,,,,,,,,,,0,0,0,0.0,,2,1.0,0.0,0.0,0.0,0.0,5.0,0.0,519.4,14.2,0.0
2016,WPG,8475788,Alexander,Burmistrov,C,23,,,,,,,,,,,0,2,2,6.0,,2,-6.0,0.0,0.0,0.0,0.0,13.0,0.0,662.4783,15.1,0.3605
2016,WPG,8475815,Julian,Melchiori,D,18,,,,,,,,,,,0,2,2,8.0,,2,0.0,0.0,0.0,0.0,0.0,15.0,0.0,1102.0556,22.8,0.0
2016,WPG,8476392,Adam,Lowry,C,82,,,,,,,,,,,15,14,29,52.0,,2,1.0,5.0,0.0,1.0,0.0,122.0,0.123,962.9512,23.6,0.5081
2016,WPG,8476460,Mark,Scheifele,C,79,,,,,,,,,,,32,50,82,38.0,,2,18.0,7.0,0.0,5.0,2.0,160.0,0.2,1233.5063,24.9,0.4346
2016,WPG,8476469,Joel,Armia,R,57,,,,,,,,,,,10,9,19,20.0,,2,-8.0,0.0,4.0,1.0,0.0,111.0,0.0901,908.2281,21.5,0.4286
2016,WPG,8476885,Jacob,Trouba,D,60,,,,,,,,,,,8,25,33,54.0,,2,4.0,2.0,0.0,1.0,0.0,154.0,0.0519,1497.8,28.6,0.0
2016,WPG,8477429,Andrew,Copp,C,64,,,,,,,,,,,9,8,17,18.0,,2,8.0,0.0,1.0,1.0,0.0,77.0,0.1169,740.5938,18.7,0.4948
2016,WPG,8477448,Marko,Dano,C,38,,,,,,,,,,,4,7,11,10.0,,2,0.0,2.0,0.0,0.0,0.0,44.0,0.0909,641.0789,15.5,0.25
2016,WPG,8477464,Nic,Petan,C,54,,,,,,,,,,,1,12,13,12.0,,2,-13.0,0.0,0.0,0.0,0.0,57.0,0.0175,654.0,14.9,0.4603
2016,WPG,8477504,Josh,Morrissey,D,82,,,,,,,,,,,6,14,20,38.0,,2,6.0,1.0,0.0,3.0,0.0,99.0,0.0606,1169.4634,25.2,0.0
2016,WPG,8477940,Nikolaj,Ehlers,L,82,,,,,,,,,,,25,39,64,38.0,,2,1.0,5.0,0.0,4.0,0.0,204.0,0.1225,1049.1707,22.5,0.0
2016,WPG,8478031,Nelson,Nogier,D,10,,,,,,,,,,,0,0,0,5.0,,2,-1.0,0.0,0.0,0.0,0.0,8.0,0.0,702.8,16.6,0.0
2016,WPG,8478398,Kyle,Connor,L,20,,,,,,,,,,,2,3,5,4.0,,2,-7.0,0.0,0.0,1.0,0.0,24.0,0.0833,733.25,16.4,0.5
2016,WPG,8478458,Jack,Roslovic,C,1,,,,,,,,,,,0,0,0,0.0,,2,-1.0,0.0,0.0,0.0,0.0,1.0,0.0,504.0,14.0,0.1667
2016,WPG,8479293,Brandon,Tanev,L,51,,,,,,,,,,,2,2,4,26.0,,2,-6.0,0.0,0.0,1.0,0.0,54.0,0.037,640.6275,17.2,1.0
2016,WPG,8479339,Patrik,Laine,L,73,,,,,,,,,,,36,28,64,26.0,,2,7.0,9.0,0.0,5.0,1.0,204.0,0.1765,1074.7534,22.4,0.0
2016,WSH,8474651,Braden,Holtby,G,63,63.0,42.0,13.0,6.0,2.070558,0.924852,1690.0,1563.0,127.0,9.0,0,0,0,,220810.0,2,,,,,,,,,,
2016,WSH,8475831,Philipp,Grubauer,G,24,19.0,13.0,6.0,2.0,2.040224,0.926496,585.0,542.0,43.0,3.0,0,0,0,,75874.0,2,,,,,,,,,,
2016,WSH,8468498,Brooks,Orpik,D,79,,,,,,,,,,,0,14,14,48.0,,2,32.0,0.0,0.0,0.0,0.0,93.0,0.0,1067.1646,22.1,0.0
2016,WSH,8468508,Justin,Williams,R,80,,,,,,,,,,,24,24,48,50.0,,2,14.0,5.0,0.0,4.0,0.0,167.0,0.1437,928.6,19.2,0.547
2016,WSH,8471214,Alex,Ovechkin,L,82,,,,,,,,,,,33,36,69,50.0,,2,6.0,17.0,0.0,7.0,2.0,313.0,0.1054,1101.9634,21.2,0.0
2016,WSH,8471476,Daniel,Winnik,L,72,,,,,,,,,,,12,13,25,49.0,,2,15.0,0.0,2.0,3.0,0.0,82.0,0.1463,774.9028,17.8,0.4286
2016,WSH,8471698,T.J.,Oshie,R,68,,,,,,,,,,,33,23,56,36.0,,2,28.0,7.0,1.0,4.0,1.0,143.0,0.2308,1071.2941,21.9,0.4833
2016,WSH,8471702,Matt,Niskanen,D,78,,,,,,,,,,,5,34,39,32.0,,2,20.0,1.0,0.0,2.0,0.0,154.0,0.0325,1330.5641,26.0,0.0
2016,WSH,8471710,Taylor,Chorney,D,18,,,,,,,,,,,1,4,5,11.0,,2,8.0,0.0,0.0,1.0,0.0,19.0,0.0526,855.8333,19.2,0.0
2016,WSH,8473563,Nicklas,Backstrom,C,82,,,,,,,,,,,23,63,86,38.0,,2,17.0,8.0,0.0,5.0,2.0,162.0,0.142,1095.5976,22.5,0.5139
2016,WSH,8473991,Karl,Alzner,D,82,,,,,,,,,,,3,10,13,28.0,,2,23.0,0.0,0.0,0.0,0.0,81.0,0.037,1187.4512,25.5,0.0
2016,WSH,8474008,Paul,Carey,C,6,,,,,,,,,,,0,0,0,0.0,,2,-2.0,0.0,0.0,0.0,0.0,8.0,0.0,628.8333,13.7,0.0
2016,WSH,8474031,Kevin,Shattenkirk,D,19,,,,,,,,,,,2,12,14,10.0,,2,4.0,1.0,0.0,2.0,0.0,46.0,0.0435,1212.3684,22.3,0.0
2016,WSH,8474189,Lars,Eller,C,81,,,,,,,,,,,12,13,25,36.0,,2,15.0,0.0,1.0,2.0,0.0,115.0,0.1043,834.0494,18.5,0.4711
2016,WSH,8474291,Jay,Beagle,C,81,,,,,,,,,,,13,17,30,22.0,,2,20.0,0.0,1.0,4.0,1.0,100.0,0.13,817.9136,19.6,0.5637
2016,WSH,8474590,John,Carlson,D,72,,,,,,,,,,,9,28,37,10.0,,2,7.0,3.0,0.0,3.0,0.0,180.0,0.05,1362.5833,26.6,0.0
2016,WSH,8474604,Aaron,Ness,D,2,,,,,,,,,,,0,0,0,0.0,,2,-1.0,0.0,0.0,0.0,0.0,0.0,0.0,770.0,16.5,0.0
2016,WSH,8475149,Marcus,Johansson,L,82,,,,,,,,,,,24,34,58,10.0,,2,25.0,5.0,0.0,5.0,2.0,129.0,0.186,1019.6341,19.7,0.4643
2016,WSH,8475200,Dmitry,Orlov,D,82,,,,,,,,,,,6,27,33,51.0,,2,30.0,1.0,0.0,0.0,0.0,125.0,0.048,1172.0366,23.4,0.0
2016,WSH,8475291,Garrett,Mitchell,R,1,,,,,,,,,,,0,0,0,0.0,,2,0.0,0.0,0.0,0.0,0.0,0.0,0.0,528.0,13.0,0.0
2016,WSH,8475744,Evgeny,Kuznetsov,C,82,,,,,,,,,,,19,40,59,46.0,,2,18.0,3.0,0.0,4.0,0.0,170.0,0.1118,1017.1951,20.3,0.4397
2016,WSH,8475792,Brett,Connolly,R,66,,,,,,,,,,,15,8,23,40.0,,2,20.0,1.0,0.0,3.0,0.0,81.0,0.1852,641.3788,14.6,0.2857
2016,WSH,8476880,Tom,Wilson,R,82,,,,,,,,,,,7,12,19,133.0,,2,9.0,0.0,0.0,0.0,0.0,95.0,0.0737,775.5122,17.7,0.3
2016,WSH,8476905,Chandler,Stephenson,C,4,,,,,,,,,,,0,0,0,0.0,,2,0.0,0.0,0.0,0.0,0.0,3.0,0.0,532.75,11.5,0.48
2016,WSH,8477003,Riley,Barber,R,3,,,,,,,,,,,0,0,0,0.0,,2,0.0,0.0,0.0,0.0,0.0,2.0,0.0,514.6667,12.3,0.0
2016,WSH,8477070,Liam,O'Brien,C,1,,,,,,,,,,,0,0,0,0.0,,2,0.0,0.0,0.0,0.0,0.0,0.0,0.0,368.0,8.0,0.0
2016,WSH,8477220,Nate,Schmidt,D,60,,,,,,,,,,,3,14,17,16.0,,2,22.0,0.0,0.0,0.0,0.0,60.0,0.05,928.7167,19.8,0.0
2016,WSH,8477444,Andre,Burakovsky,L,64,,,,,,,,,,,12,23,35,14.0,,2,13.0,2.0,0.0,1.0,0.0,111.0,0.1081,795.7969,16.5,0.2857
2016,WSH,8477482,Zachary,Sanford,L,26,,,,,,,,,,,2,1,3,6.0,,2,0.0,0.0,0.0,1.0,0.0,23.0,0.087,608.7692,14.5,0.5556
2016,WSH,8477944,Jakub,Vrana,L,21,,,,,,,,,,,3,3,6,2.0,,2,2.0,3.0,0.0,2.0,0.0,32.0,0.0938,666.5238,13.9,0.0
2016,WSH,8474651,Braden,Holtby,G,13,13.0,7.0,6.0,,2.464369,0.909341,364.0,331.0,33.0,0.0,0,0,0,2.0,48207.0,3,,,,,,,,,,
2016,WSH,8475831,Philipp,Grubauer,G,1,0.0,,,,6.463195,0.777778,9.0,7.0,2.0,0.0,0,0,0,,1114.0,3,,,,,,,,,,
2016,WSH,8468498,Brooks,Orpik,D,13,,,,,,,,,,,0,2,2,11.0,,3,-7.0,0.0,0.0,0.0,0.0,15.0,0.0,955.8462,21.5,0.0
2016,WSH,8468508,Justin,Williams,R,13,,,,,,,,,,,3,6,9,6.0,,3,0.0,1.0,0.0,1.0,1.0,29.0,0.1034,1118.0769,24.5,0.6667
2016,WSH,8471214,Alex,Ovechkin,L,13,,,,,,,,,,,5,3,8,8.0,,3,-4.0,2.0,0.0,0.0,0.0,49.0,0.102,1169.8462,24.8,0.0
2016,WSH,8471476,Daniel,Winnik,L,13,,,,,,,,,,,0,0,0,0.0,,3,-4.0,0.0,0.0,0.0,0.0,11.0,0.0,658.7692,16.5,0.6667
2016,WSH,8471698,T.J.,Oshie,R,13,,,,,,,,,,,4,8,12,4.0,,3,2.0,2.0,0.0,1.0,0.0,27.0,0.1481,1253.4615,27.4,0.434
2016,WSH,8471702,Matt,Niskanen,D,13,,,,,,,,,,,1,3,4,19.0,,3,0.0,1.0,0.0,0.0,0.0,24.0,0.0417,1358.4615,27.8,0.0
2016,WSH,8473563,Nicklas,Backstrom,C,13,,,,,,,,,,,6,7,13,2.0,,3,0.0,1.0,0.0,1.0,0.0,26.0,0.2308,1244.3846,27.8,0.477
2016,WSH,8473991,Karl,Alzner,D,7,,,,,,,,,,,0,0,0,2.0,,3,-1.0,0.0,0.0,0.0,0.0,1.0,0.0,945.1429,23.3,0.0
2016,WSH,8474008,Paul,Carey,C,1,,,,,,,,,,,0,0,0,0.0,,3,0.0,0.0,0.0,0.0,0.0,0.0,0.0,340.0,10.0,0.0
2016,WSH,8474031,Kevin,Shattenkirk,D,13,,,,,,,,,,,1,5,6,6.0,,3,-4.0,1.0,0.0,1.0,1.0,36.0,0.0278,1107.3077,22.8,0.0
2016,WSH,8474189,Lars,Eller,C,13,,,,,,,,,,,0,5,5,10.0,,3,-2.0,0.0,0.0,0.0,0.0,22.0,0.0,857.5385,20.7,0.4503
2016,WSH,8474291,Jay,Beagle,C,13,,,,,,,,,,,0,0,0,4.0,,3,-5.0,0.0,0.0,0.0,0.0,6.0,0.0,701.5385,19.2,0.5486
2016,WSH,8474590,John,Carlson,D,13,,,,,,,,,,,2,2,4,4.0,,3,1.0,2.0,0.0,0.0,0.0,38.0,0.0526,1344.0769,31.0,0.0
2016,WSH,8475149,Marcus,Johansson,L,13,,,,,,,,,,,2,6,8,2.0,,3,-1.0,0.0,0.0,1.0,1.0,23.0,0.087,1169.9231,24.4,0.25
2016,WSH,8475200,Dmitry,Orlov,D,13,,,,,,,,,,,0,3,3,2.0,,3,-1.0,0.0,0.0,0.0,0.0,21.0,0.0,1284.6154,27.5,0.0
2016,WSH,8475744,Evgeny,Kuznetsov,C,13,,,,,,,,,,,5,5,10,8.0,,3,-1.0,0.0,0.0,1.0,0.0,43.0,0.1163,1189.0,24.5,0.4415
2016,WSH,8475792,Brett,Connolly,R,7,,,,,,,,,,,0,0,0,0.0,,3,-2.0,0.0,0.0,0.0,0.0,6.0,0.0,514.0,12.6,0.0
2016,WSH,8476880,Tom,Wilson,R,13,,,,,,,,,,,3,0,3,34.0,,3,-2.0,0.0,0.0,1.0,1.0,19.0,0.1579,831.5385,20.2,0.0
2016,WSH,8477220,Nate,Schmidt,D,11,,,,,,,,,,,1,3,4,4.0,,3,6.0,0.0,0.0,0.0,0.0,17.0,0.0588,998.8182,23.2,0.0
2016,WSH,8477444,Andre,Burakovsky,L,13,,,,,,,,,,,3,3,6,2.0,,3,5.0,0.0,0.0,0.0,0.0,27.0,0.1111,859.8462,19.1,0.5
