idx_season,team_tri,playerId,firstName.default,lastName.default,positionCode,gamesPlayed,gamesStarted,wins,losses,overtimeLosses,goalsAgainstAverage,savePercentage,shotsAgainst,saves,goalsAgainst,shutouts,goals,assists,points,timeOnIce,penaltyMinutes,idx_season_type,plusMinus,powerPlayGoals,shorthandedGoals,gameWinningGoals,overtimeGoals,shots,shootingPctg,avgTimeOnIcePerGame,avgShiftsPerGame,faceoffWinPctg
2017,ANA,8468011,Ryan,Miller,G,28,21.0,12.0,6.0,6.0,2.349868,0.928281,739.0,686.0,53.0,4.0,0,0,0,81196.0,,2,,,,,,,,,,
2017,ANA,8473499,Reto,Berra,G,5,1.0,1.0,1.0,0.0,2.308324,0.926316,95.0,88.0,7.0,0.0,0,0,0,10917.0,,2,,,,,,,,,,
2017,ANA,8476434,John,Gibson,G,60,60.0,31.0,18.0,7.0,2.43256,0.925748,1872.0,1733.0,139.0,4.0,0,1,1,205709.0,16.0,2,,,,,,,,,,
2017,ANA,8466251,Jason,Chimera,L,16,,,,,,,,,,,1,1,2,,2.0,2,-1.0,0.0,0.0,0.0,0.0,9.0,0.1111,418.5,11.8,0.6667
2017,ANA,8467400,Francois,Beauchemin,D,67,,,,,,,,,,,3,14,17,,26.0,2,12.0,0.0,0.0,0.0,0.0,93.0,0.0323,1038.7015,21.1,0.0
2017,ANA,8467967,Chris,Kelly,C,12,,,,,,,,,,,0,2,2,,2.0,2,1.0,0.0,0.0,0.0,0.0,5.0,0.0,459.6667,13.0,0.2222
2017,ANA,8468535,Antoine,Vermette,C,64,,,,,,,,,,,8,8,16,,34.0,2,-5.0,2.0,0.0,2.0,0.0,91.0,0.0879,824.9844,21.3,0.6
2017,ANA,8469598,Kevin,Bieksa,D,59,,,,,,,,,,,0,8,8,,83.0,2,-13.0,0.0,0.0,0.0,0.0,66.0,0.0,1081.1186,21.2,0.0
2017,ANA,8470612,Ryan,Getzlaf,C,56,,,,,,,,,,,11,50,61,,42.0,2,20.0,0.0,1.0,0.0,0.0,117.0,0.094,1285.5357,25.7,0.4782
2017,ANA,8470616,Ryan,Kesler,C,44,,,,,,,,,,,8,6,14,,46.0,2,-4.0,2.0,0.0,2.0,0.0,78.0,0.1026,1082.0909,24.8,0.5333
2017,ANA,8470621,Corey,Perry,R,71,,,,,,,,,,,17,32,49,,71.0,2,-4.0,4.0,0.0,1.0,0.0,168.0,0.1012,1066.6197,22.0,0.125
2017,ANA,8470622,Patrick,Eaves,R,2,,,,,,,,,,,1,0,1,,0.0,2,0.0,0.0,0.0,1.0,0.0,3.0,0.3333,987.5,24.0,0.0
2017,ANA,8471699,Andrew,Cogliano,C,80,,,,,,,,,,,12,23,35,,41.0,2,18.0,0.0,3.0,1.0,0.0,175.0,0.0686,911.95,22.4,0.493
2017,ANA,8471766,Jared,Boll,R,10,,,,,,,,,,,1,0,1,,16.0,2,0.0,0.0,0.0,0.0,0.0,4.0,0.25,265.5,7.3,0.0
2017,ANA,8473560,Korbinian,Holzer,D,16,,,,,,,,,,,0,0,0,,6.0,2,-3.0,0.0,0.0,0.0,0.0,10.0,0.0,696.9375,16.1,0.0
2017,ANA,8474641,Adam,Henrique,C,57,,,,,,,,,,,20,16,36,,14.0,2,17.0,4.0,1.0,8.0,1.0,102.0,0.1961,1055.1754,22.5,0.4867
2017,ANA,8474683,Derek,Grant,C,66,,,,,,,,,,,12,12,24,,11.0,2,3.0,3.0,0.0,0.0,0.0,65.0,0.1846,665.8788,17.1,0.531
2017,ANA,8475164,Jakob,Silfverberg,R,77,,,,,,,,,,,17,23,40,,18.0,2,6.0,2.0,1.0,2.0,0.0,187.0,0.0909,1077.6234,24.6,0.3396
2017,ANA,8475222,Sami,Vatanen,D,15,,,,,,,,,,,1,3,4,,8.0,2,-6.0,0.0,0.0,0.0,0.0,22.0,0.0455,1266.3333,25.3,0.0
2017,ANA,8475436,Mike,Liambas,L,7,,,,,,,,,,,0,1,1,,21.0,2,0.0,0.0,0.0,0.0,0.0,3.0,0.0,317.2857,8.9,0.0
2017,ANA,8475764,Cam,Fowler,D,67,,,,,,,,,,,8,24,32,,28.0,2,3.0,1.0,1.0,1.0,0.0,122.0,0.0656,1491.209,25.9,0.5
2017,ANA,8475780,Chris,Wagner,R,64,,,,,,,,,,,6,9,15,,35.0,2,-7.0,1.0,2.0,0.0,0.0,78.0,0.0769,807.125,19.1,0.4813
2017,ANA,8476312,Josh,Manson,D,80,,,,,,,,,,,7,30,37,,62.0,2,34.0,0.0,0.0,2.0,0.0,117.0,0.0598,1221.2125,23.8,0.0
2017,ANA,8476400,Logan,Shaw,R,42,,,,,,,,,,,2,6,8,,4.0,2,-1.0,0.0,0.0,1.0,0.0,59.0,0.0339,689.8095,17.2,0.2353
2017,ANA,8476407,Andy,Welinski,D,7,,,,,,,,,,,0,2,2,,0.0,2,-1.0,0.0,0.0,0.0,0.0,6.0,0.0,970.4286,18.4,0.0
2017,ANA,8476483,Rickard,Rakell,R,77,,,,,,,,,,,34,35,69,,14.0,2,6.0,8.0,0.0,3.0,1.0,230.0,0.1478,1165.0,23.3,0.4646
2017,ANA,8476806,JT,Brown,R,23,,,,,,,,,,,1,2,3,,12.0,2,-4.0,0.0,0.0,0.0,0.0,22.0,0.0455,525.5652,12.9,0.0
2017,ANA,8476854,Hampus,Lindholm,D,69,,,,,,,,,,,13,18,31,,34.0,2,16.0,3.0,0.0,3.0,2.0,131.0,0.0992,1364.3913,26.0,0.0
2017,ANA,8476866,Nicolas,Kerdiles,L,2,,,,,,,,,,,0,0,0,,0.0,2,0.0,0.0,0.0,0.0,0.0,0.0,0.0,225.0,6.5,0.0
2017,ANA,8476971,Kevin,Roy,C,25,,,,,,,,,,,6,1,7,,6.0,2,3.0,1.0,0.0,1.0,0.0,26.0,0.2308,818.92,18.3,0.0
2017,ANA,8477010,Joseph,Blandisi,C,3,,,,,,,,,,,0,0,0,,2.0,2,2.0,0.0,0.0,0.0,0.0,4.0,0.0,700.6667,17.0,0.0
2017,ANA,8477034,Jaycob,Megna,D,14,,,,,,,,,,,0,1,1,,2.0,2,-4.0,0.0,0.0,0.0,0.0,7.0,0.0,942.7857,20.4,0.0
2017,ANA,8477929,Dennis,Rasmussen,C,27,,,,,,,,,,,1,3,4,,8.0,2,4.0,0.0,0.0,0.0,0.0,19.0,0.0526,534.4815,13.3,0.4857
2017,ANA,8477941,Nick,Ritchie,L,76,,,,,,,,,,,10,17,27,,72.0,2,3.0,1.0,0.0,2.0,0.0,122.0,0.082,790.9211,18.3,0.3529
2017,ANA,8477969,Marcus,Pettersson,D,22,,,,,,,,,,,1,3,4,,6.0,2,5.0,0.0,0.0,0.0,0.0,16.0,0.0625,816.5,16.9,0.0
2017,ANA,8477986,Brandon,Montour,D,80,,,,,,,,,,,9,23,32,,42.0,2,16.0,5.0,1.0,5.0,0.0,160.0,0.0563,1228.1875,22.6,0.0
2017,ANA,8478131,Ondrej,Kase,R,66,,,,,,,,,,,20,18,38,,14.0,2,18.0,1.0,0.0,5.0,1.0,146.0,0.137,835.3485,18.9,0.1923
2017,ANA,8478873,Troy,Terry,R,2,,,,,,,,,,,0,0,0,,0.0,2,0.0,0.0,0.0,0.0,0.0,3.0,0.0,612.5,14.5,0.0
2017,ANA,8479290,Kalle,Kossila,C,10,,,,,,,,,,,1,1,2,,0.0,2,-4.0,0.0,0.0,0.0,0.0,9.0,0.1111,545.1,13.9,0.4906
2017,ANA,8479613,Giovanni,Fiore,R,1,,,,,,,,,,,0,0,0,,0.0,2,-1.0,0.0,0.0,0.0,0.0,0.0,0.0,473.0,10.0,0.0
2017,ANA,8468011,Ryan,Miller,G,1,0.0,,,,9.0,0.75,12.0,9.0,3.0,0.0,0,0,0,1200.0,,3,,,,,,,,,,
2017,ANA,8476434,John,Gibson,G,4,4.0,0.0,4.0,,3.602491,0.888889,117.0,104.0,13.0,0.0,0,0,0,12991.0,,3,,,,,,,,,,
2017,ANA,8466251,Jason,Chimera,L,2,,,,,,,,,,,0,0,0,,0.0,3,-2.0,0.0,0.0,0.0,0.0,0.0,0.0,412.5,11.5,1.0
2017,ANA,8467400,Francois,Beauchemin,D,4,,,,,,,,,,,0,0,0,,2.0,3,-3.0,0.0,0.0,0.0,0.0,5.0,0.0,1270.75,25.3,0.0
2017,ANA,8468535,Antoine,Vermette,C,2,,,,,,,,,,,0,0,0,,0.0,3,-1.0,0.0,0.0,0.0,0.0,2.0,0.0,371.0,10.0,0.0
2017,ANA,8469598,Kevin,Bieksa,D,1,,,,,,,,,,,0,0,0,,0.0,3,-1.0,0.0,0.0,0.0,0.0,1.0,0.0,791.0,13.0,0.0
2017,ANA,8470612,Ryan,Getzlaf,C,4,,,,,,,,,,,0,2,2,,18.0,3,-4.0,0.0,0.0,0.0,0.0,7.0,0.0,1285.25,24.3,0.5167
2017,ANA,8470616,Ryan,Kesler,C,4,,,,,,,,,,,0,2,2,,6.0,3,0.0,0.0,0.0,0.0,0.0,6.0,0.0,1103.75,25.3,0.4872
2017,ANA,8470621,Corey,Perry,R,4,,,,,,,,,,,0,0,0,,8.0,3,-5.0,0.0,0.0,0.0,0.0,12.0,0.0,1094.25,23.5,0.0
2017,ANA,8471699,Andrew,Cogliano,C,4,,,,,,,,,,,1,0,1,,2.0,3,1.0,0.0,0.0,0.0,0.0,11.0,0.0909,900.25,21.8,1.0
2017,ANA,8474641,Adam,Henrique,C,4,,,,,,,,,,,0,0,0,,0.0,3,-2.0,0.0,0.0,0.0,0.0,9.0,0.0,1069.0,23.8,0.4528
2017,ANA,8474683,Derek,Grant,C,4,,,,,,,,,,,0,0,0,,0.0,3,-2.0,0.0,0.0,0.0,0.0,9.0,0.0,541.0,16.0,0.5172
2017,ANA,8475164,Jakob,Silfverberg,R,4,,,,,,,,,,,1,1,2,,2.0,3,1.0,0.0,0.0,0.0,0.0,11.0,0.0909,1008.25,23.8,0.6667
2017,ANA,8476312,Josh,Manson,D,4,,,,,,,,,,,0,0,0,,0.0,3,-1.0,0.0,0.0,0.0,0.0,6.0,0.0,1261.75,25.3,0.0
2017,ANA,8476407,Andy,Welinski,D,3,,,,,,,,,,,0,0,0,,0.0,3,-2.0,0.0,0.0,0.0,0.0,2.0,0.0,711.0,16.0,0.0
2017,ANA,8476483,Rickard,Rakell,R,4,,,,,,,,,,,1,0,1,,0.0,3,-4.0,1.0,0.0,0.0,0.0,11.0,0.0909,1144.25,22.8,0.6667
2017,ANA,8476806,JT,Brown,R,4,,,,,,,,,,,0,0,0,,0.0,3,-2.0,0.0,0.0,0.0,0.0,4.0,0.0,435.25,11.5,0.0
2017,ANA,8476854,Hampus,Lindholm,D,4,,,,,,,,,,,1,1,2,,2.0,3,-3.0,1.0,0.0,0.0,0.0,6.0,0.1667,1450.75,28.5,0.0
2017,ANA,8477941,Nick,Ritchie,L,4,,,,,,,,,,,0,0,0,,8.0,3,-2.0,0.0,0.0,0.0,0.0,3.0,0.0,707.75,17.0,0.0
2017,ANA,8477969,Marcus,Pettersson,D,4,,,,,,,,,,,0,0,0,,2.0,3,-4.0,0.0,0.0,0.0,0.0,4.0,0.0,756.25,16.3,0.0
2017,ANA,8477986,Brandon,Montour,D,4,,,,,,,,,,,0,1,1,,6.0,3,-2.0,0.0,0.0,0.0,0.0,14.0,0.0,1551.75,28.3,0.0
2017,ANA,8478131,Ondrej,Kase,R,4,,,,,,,,,,,0,0,0,,0.0,3,-2.0,0.0,0.0,0.0,0.0,9.0,0.0,841.25,18.8,0.5
2017,BOS,8471418,Anton,Khudobin,G,31,29.0,16.0,6.0,7.0,2.560766,0.913242,876.0,800.0,76.0,1.0,0,2,2,106843.0,2.0,2,,,,,,,,,,
2017,BOS,8471695,Tuukka,Rask,G,54,53.0,34.0,14.0,5.0,2.36363,0.917383,1513.0,1388.0,125.0,3.0,0,2,2,190385.0,4.0,2,,,,,,,,,,
2017,BOS,8465009,Zdeno,Chara,D,73,,,,,,,,,,,7,17,24,,60.0,2,22.0,0.0,0.0,3.0,0.0,144.0,0.0486,1374.2055,24.7,0.0
2017,BOS,8467407,Brian,Gionta,R,20,,,,,,,,,,,2,5,7,,2.0,2,-1.0,1.0,0.0,1.0,0.0,42.0,0.0476,784.05,16.6,0.4615
2017,BOS,8470041,Rick,Nash,L,11,,,,,,,,,,,3,3,6,,4.0,2,-4.0,2.0,0.0,0.0,0.0,41.0,0.0732,1011.0909,21.2,0.0
2017,BOS,8470638,Patrice,Bergeron,C,64,,,,,,,,,,,30,33,63,,26.0,2,21.0,10.0,2.0,6.0,0.0,224.0,0.1339,1166.25,24.6,0.5731
2017,BOS,8470655,David,Backes,R,57,,,,,,,,,,,14,19,33,,53.0,2,2.0,2.0,0.0,1.0,0.0,160.0,0.0875,923.7193,19.5,0.5165
2017,BOS,8471276,David,Krejci,C,64,,,,,,,,,,,17,27,44,,18.0,2,10.0,7.0,0.0,2.0,0.0,119.0,0.1429,1012.5469,20.5,0.5191
2017,BOS,8471717,Adam,McQuaid,D,38,,,,,,,,,,,1,3,4,,62.0,2,-1.0,0.0,0.0,1.0,0.0,39.0,0.0256,942.1842,21.9,0.0
2017,BOS,8473419,Brad,Marchand,L,68,,,,,,,,,,,34,51,85,,63.0,2,25.0,8.0,1.0,8.0,5.0,182.0,0.1868,1182.9559,24.3,0.3968
2017,BOS,8473492,Matt,Beleskey,L,14,,,,,,,,,,,0,0,0,,17.0,2,-8.0,0.0,0.0,0.0,0.0,17.0,0.0,651.4286,15.1,0.2857
2017,BOS,8474062,Riley,Nash,C,76,,,,,,,,,,,15,26,41,,18.0,2,16.0,2.0,0.0,1.0,0.0,113.0,0.1327,924.5526,20.2,0.4837
2017,BOS,8474074,Paul,Postma,D,14,,,,,,,,,,,0,1,1,,2.0,2,-2.0,0.0,0.0,0.0,0.0,14.0,0.0,613.5714,14.9,0.0
2017,BOS,8474207,Nick,Holden,D,18,,,,,,,,,,,1,4,5,,0.0,2,-2.0,0.0,0.0,0.0,0.0,26.0,0.0385,1144.8889,24.1,0.0
2017,BOS,8474739,Tommy,Wingels,C,18,,,,,,,,,,,2,3,5,,2.0,2,-1.0,0.0,0.0,0.0,0.0,19.0,0.1053,715.1667,16.8,0.5
2017,BOS,8475224,Jordan,Szwarz,C,12,,,,,,,,,,,0,3,3,,2.0,2,-4.0,0.0,0.0,0.0,0.0,19.0,0.0,690.5833,16.7,0.4
2017,BOS,8475727,Ryan,Spooner,C,39,,,,,,,,,,,9,16,25,,2.0,2,10.0,1.0,0.0,3.0,0.0,70.0,0.1286,869.4103,17.4,0.5075
2017,BOS,8475844,Kenny,Agostino,L,5,,,,,,,,,,,0,1,1,,4.0,2,-1.0,0.0,0.0,0.0,0.0,11.0,0.0,722.6,15.8,0.0
2017,BOS,8476191,Kevan,Miller,D,68,,,,,,,,,,,1,15,16,,70.0,2,16.0,0.0,0.0,0.0,0.0,64.0,0.0156,1167.5294,25.4,0.0
2017,BOS,8476303,Rob,O'Gara,D,8,,,,,,,,,,,0,0,0,,0.0,2,-5.0,0.0,0.0,0.0,0.0,2.0,0.0,658.75,16.1,0.0
2017,BOS,8476374,Sean,Kuraly,C,75,,,,,,,,,,,6,8,14,,40.0,2,-5.0,0.0,0.0,1.0,0.0,134.0,0.0448,734.9333,17.4,0.4646
2017,BOS,8476792,Torey,Krug,D,76,,,,,,,,,,,14,45,59,,36.0,2,0.0,5.0,1.0,4.0,0.0,197.0,0.0711,1224.0789,25.0,0.0
2017,BOS,8476891,Matt,Grzelcyk,D,61,,,,,,,,,,,3,12,15,,22.0,2,21.0,0.0,0.0,0.0,0.0,82.0,0.0366,1004.4426,22.8,0.0
2017,BOS,8477213,Tim,Schaller,L,82,,,,,,,,,,,12,10,22,,42.0,2,-5.0,0.0,3.0,0.0,0.0,133.0,0.0902,796.8171,18.6,0.4578
2017,BOS,8477320,Anton,Blidh,L,1,,,,,,,,,,,0,0,0,,0.0,2,0.0,0.0,0.0,0.0,0.0,0.0,0.0,623.0,12.0,0.0
2017,BOS,8477417,Peter,Cehlarik,L,6,,,,,,,,,,,1,1,2,,2.0,2,2.0,0.0,0.0,0.0,0.0,3.0,0.3333,836.0,18.2,0.5
2017,BOS,8477529,Colby,Cave,C,3,,,,,,,,,,,0,0,0,,2.0,2,0.0,0.0,0.0,0.0,0.0,2.0,0.0,687.3333,16.0,0.4167
2017,BOS,8477956,David,Pastrnak,R,82,,,,,,,,,,,35,45,80,,37.0,2,10.0,13.0,0.0,5.0,0.0,246.0,0.1423,1077.9512,21.2,0.2
2017,BOS,8477987,Ryan,Donato,C,12,,,,,,,,,,,5,4,9,,2.0,2,2.0,2.0,0.0,0.0,0.0,24.0,0.2083,881.75,17.7,0.75
2017,BOS,8478046,Danton,Heinen,L,77,,,,,,,,,,,16,31,47,,16.0,2,10.0,2.0,1.0,4.0,0.0,135.0,0.1185,901.3247,19.0,0.4348
2017,BOS,8478075,Anders,Bjork,L,30,,,,,,,,,,,4,8,12,,6.0,2,2.0,2.0,0.0,0.0,0.0,30.0,0.1333,740.8333,16.3,0.5
2017,BOS,8478366,Frank,Vatrano,R,25,,,,,,,,,,,2,0,2,,22.0,2,-3.0,0.0,0.0,0.0,0.0,42.0,0.0476,567.88,14.2,0.4286
2017,BOS,8478443,Brandon,Carlo,D,76,,,,,,,,,,,0,6,6,,45.0,2,10.0,0.0,0.0,0.0,0.0,76.0,0.0,1154.2237,24.4,1.0
2017,BOS,8478498,Jake,DeBrusk,L,70,,,,,,,,,,,16,27,43,,19.0,2,13.0,2.0,0.0,5.0,0.0,143.0,0.1119,862.2714,18.2,0.4333
2017,BOS,8478512,Austin,Czarnik,C,10,,,,,,,,,,,0,4,4,,0.0,2,-1.0,0.0,0.0,0.0,0.0,7.0,0.0,654.7,15.4,0.5
2017,BOS,8478569,Noel,Acciari,C,60,,,,,,,,,,,10,1,11,,9.0,2,-6.0,0.0,1.0,0.0,0.0,66.0,0.1515,774.7833,17.3,0.4516
2017,BOS,8479325,Charlie,McAvoy,D,63,,,,,,,,,,,7,25,32,,53.0,2,20.0,2.0,0.0,2.0,1.0,77.0,0.0909,1328.8413,26.4,0.0
2017,BOS,8471418,Anton,Khudobin,G,1,0.0,,,,0.0,1.0,8.0,8.0,0.0,0.0,0,0,0,1597.0,,3,,,,,,,,,,
2017,BOS,8471695,Tuukka,Rask,G,12,12.0,5.0,7.0,,2.882794,0.902655,339.0,306.0,33.0,0.0,0,0,0,41210.0,,3,,,,,,,,,,
2017,BOS,8465009,Zdeno,Chara,D,12,,,,,,,,,,,1,2,3,,4.0,3,7.0,0.0,0.0,0.0,0.0,26.0,0.0385,1415.5,26.6,0.0
2017,BOS,8467407,Brian,Gionta,R,1,,,,,,,,,,,0,0,0,,0.0,3,-1.0,0.0,0.0,0.0,0.0,0.0,0.0,678.0,14.0,0.0
2017,BOS,8470041,Rick,Nash,L,12,,,,,,,,,,,3,2,5,,10.0,3,-7.0,2.0,0.0,2.0,0.0,39.0,0.0769,970.5833,22.1,0.0
2017,BOS,8470638,Patrice,Bergeron,C,11,,,,,,,,,,,6,10,16,,2.0,3,6.0,2.0,1.0,0.0,0.0,46.0,0.1304,1217.5455,25.6,0.5651
2017,BOS,8470655,David,Backes,R,12,,,,,,,,,,,2,1,3,,19.0,3,-6.0,2.0,0.0,1.0,0.0,22.0,0.0909,783.8333,17.8,0.4118
2017,BOS,8471276,David,Krejci,C,12,,,,,,,,,,,3,7,10,,6.0,3,-4.0,2.0,0.0,0.0,0.0,17.0,0.1765,1046.0833,22.1,0.4474
2017,BOS,8471717,Adam,McQuaid,D,12,,,,,,,,,,,1,1,2,,0.0,3,0.0,0.0,0.0,0.0,0.0,9.0,0.1111,799.0,18.9,0.0
2017,BOS,8473419,Brad,Marchand,L,12,,,,,,,,,,,4,13,17,,16.0,3,4.0,1.0,0.0,1.0,0.0,30.0,0.1333,1232.5833,25.0,0.32
2017,BOS,8474062,Riley,Nash,C,9,,,,,,,,,,,0,1,1,,4.0,3,-3.0,0.0,0.0,0.0,0.0,7.0,0.0,810.5556,19.2,0.5798
2017,BOS,8474207,Nick,Holden,D,2,,,,,,,,,,,0,1,1,,0.0,3,1.0,0.0,0.0,0.0,0.0,0.0,0.0,745.5,20.0,0.0
2017,BOS,8474739,Tommy,Wingels,C,4,,,,,,,,,,,0,0,0,,0.0,3,0.0,0.0,0.0,0.0,0.0,4.0,0.0,655.25,16.3,0.0
2017,BOS,8476191,Kevan,Miller,D,12,,,,,,,,,,,1,3,4,,4.0,3,2.0,0.0,0.0,0.0,0.0,17.0,0.0588,1238.5,27.0,0.0
2017,BOS,8476374,Sean,Kuraly,C,12,,,,,,,,,,,2,2,4,,2.0,3,5.0,0.0,0.0,0.0,0.0,20.0,0.1,715.9167,17.1,0.4086
2017,BOS,8476792,Torey,Krug,D,11,,,,,,,,,,,3,9,12,,8.0,3,-5.0,0.0,0.0,0.0,0.0,33.0,0.0909,1216.0909,24.8,0.0
2017,BOS,8476891,Matt,Grzelcyk,D,11,,,,,,,,,,,0,1,1,,4.0,3,-2.0,0.0,0.0,0.0,0.0,8.0,0.0,955.8182,22.0,0.0
2017,BOS,8477213,Tim,Schaller,L,11,,,,,,,,,,,0,2,2,,2.0,3,3.0,0.0,0.0,0.0,0.0,8.0,0.0,657.5455,16.2,0.25
2017,BOS,8477956,David,Pastrnak,R,12,,,,,,,,,,,6,14,20,,8.0,3,2.0,1.0,0.0,0.0,0.0,44.0,0.1364,1156.5,23.3,0.0
2017,BOS,8477987,Ryan,Donato,C,3,,,,,,,,,,,0,0,0,,0.0,3,-3.0,0.0,0.0,0.0,0.0,7.0,0.0,710.0,14.3,0.0
2017,BOS,8478046,Danton,Heinen,L,9,,,,,,,,,,,1,0,1,,2.0,3,-1.0,0.0,0.0,0.0,0.0,8.0,0.125,740.7778,16.1,0.0
2017,BOS,8478498,Jake,DeBrusk,L,12,,,,,,,,,,,6,2,8,,8.0,3,-1.0,2.0,0.0,1.0,0.0,19.0,0.3158,891.25,20.5,0.1667
2017,BOS,8478569,Noel,Acciari,C,12,,,,,,,,,,,1,1,2,,2.0,3,0.0,0.0,0.0,0.0,0.0,6.0,0.1667,665.25,15.6,0.4
2017,BOS,8479325,Charlie,McAvoy,D,12,,,,,,,,,,,1,4,5,,6.0,3,2.0,0.0,0.0,0.0,0.0,8.0,0.125,1439.75,30.3,0.0
2017,BUF,8473434,Chad,Johnson,G,36,29.0,10.0,16.0,3.0,3.552228,0.890852,962.0,857.0,105.0,0.0,0,0,0,106412.0,,2,,,,,,,,,,
2017,BUF,8475215,Robin,Lehner,G,53,50.0,14.0,26.0,9.0,3.008394,0.908333,1560.0,1417.0,143.0,3.0,0,0,0,171121.0,2.0,2,,,,,,,,,,
2017,BUF,8476330,Adam,Wilcox,G,1,0.0,0.0,1.0,0.0,0.0,1.0,14.0,14.0,0.0,0.0,0,0,0,2319.0,,2,,,,,,,,,,
2017,BUF,8476999,Linus,Ullmark,G,5,3.0,1.0,2.0,0.0,1.9975,0.934959,123.0,115.0,8.0,0.0,0,0,0,14418.0,,2,,,,,,,,,,
2017,BUF,8469506,Jason,Pominville,R,82,,,,,,,,,,,16,18,34,,8.0,2,-17.0,5.0,0.0,1.0,1.0,168.0,0.0952,894.1829,20.3,0.5789
2017,BUF,8470324,Josh,Gorges,D,34,,,,,,,,,,,0,2,2,,17.0,2,-4.0,0.0,0.0,0.0,0.0,15.0,0.0,896.4118,21.9,0.0
2017,BUF,8470852,Matt,Moulson,L,14,,,,,,,,,,,0,0,0,,2.0,2,-9.0,0.0,0.0,0.0,0.0,13.0,0.0,617.2143,14.1,0.0
2017,BUF,8471678,Benoit,Pouliot,L,74,,,,,,,,,,,13,6,19,,22.0,2,-8.0,1.0,2.0,4.0,0.0,83.0,0.1566,820.9595,19.8,0.3636
2017,BUF,8473449,Kyle,Okposo,R,76,,,,,,,,,,,15,29,44,,40.0,2,-34.0,6.0,0.0,2.0,0.0,161.0,0.0932,1021.6316,20.3,0.46
2017,BUF,8473992,Justin,Falk,D,46,,,,,,,,,,,1,1,2,,28.0,2,-16.0,0.0,0.0,0.0,0.0,36.0,0.0278,965.3043,23.1,0.0
2017,BUF,8474567,Zach,Bogosian,D,18,,,,,,,,,,,0,1,1,,20.0,2,-9.0,0.0,0.0,0.0,0.0,29.0,0.0,1149.3889,25.4,0.0
2017,BUF,8474618,Marco,Scandella,D,82,,,,,,,,,,,5,17,22,,37.0,2,-15.0,0.0,0.0,1.0,1.0,138.0,0.0362,1399.0122,28.4,0.0
2017,BUF,8474743,Zach,Redmond,D,3,,,,,,,,,,,0,0,0,,2.0,2,1.0,0.0,0.0,0.0,0.0,7.0,0.0,868.6667,19.7,0.0
2017,BUF,8475158,Ryan,O'Reilly,C,81,,,,,,,,,,,24,37,61,,2.0,2,-23.0,15.0,0.0,3.0,1.0,230.0,0.1043,1249.0123,26.3,0.5998
2017,BUF,8475169,Evander,Kane,L,61,,,,,,,,,,,20,20,40,,57.0,2,-14.0,3.0,3.0,2.0,0.0,227.0,0.0881,1163.3115,22.8,0.4372
2017,BUF,8475185,Jacob,Josefson,C,39,,,,,,,,,,,2,2,4,,6.0,2,-4.0,0.0,0.0,0.0,0.0,35.0,0.0571,682.5897,16.6,0.4406
2017,BUF,8475325,Jordan,Nolan,C,69,,,,,,,,,,,4,4,8,,69.0,2,-13.0,0.0,0.0,0.0,0.0,50.0,0.08,587.8551,14.3,0.25
2017,BUF,8475728,Johan,Larsson,L,80,,,,,,,,,,,4,13,17,,49.0,2,-30.0,0.0,1.0,0.0,0.0,86.0,0.0465,846.8875,19.8,0.5446
2017,BUF,8476166,Taylor,Fedun,D,7,,,,,,,,,,,0,1,1,,2.0,2,-1.0,0.0,0.0,0.0,0.0,8.0,0.0,881.0,21.4,0.0
2017,BUF,8476293,Scott,Wilson,C,49,,,,,,,,,,,6,8,14,,8.0,2,-17.0,0.0,0.0,0.0,0.0,85.0,0.0706,837.6939,19.1,0.5
2017,BUF,8476470,Nathan,Beaulieu,D,59,,,,,,,,,,,1,8,9,,36.0,2,-19.0,0.0,0.0,0.0,0.0,67.0,0.0149,956.8305,20.5,0.0
2017,BUF,8476495,Seth,Griffith,C,21,,,,,,,,,,,2,1,3,,6.0,2,-6.0,0.0,0.0,0.0,0.0,15.0,0.1333,633.9524,15.3,0.0
2017,BUF,8476807,Matt,Tennyson,D,15,,,,,,,,,,,0,0,0,,8.0,2,-8.0,0.0,0.0,0.0,0.0,25.0,0.0,1078.3333,25.1,0.0
2017,BUF,8476878,Zemgus,Girgensons,C,71,,,,,,,,,,,7,8,15,,26.0,2,-12.0,0.0,2.0,0.0,0.0,113.0,0.0619,822.5915,18.7,0.3651
2017,BUF,8476931,Jake,McCabe,D,53,,,,,,,,,,,3,9,12,,26.0,2,-11.0,1.0,0.0,0.0,0.0,53.0,0.0566,1170.0566,26.5,0.0
2017,BUF,8476982,Danny,O'Regan,C,2,,,,,,,,,,,0,0,0,,0.0,2,1.0,0.0,0.0,0.0,0.0,0.0,0.0,593.5,12.5,0.3333
2017,BUF,8477392,Hudson,Fasching,R,5,,,,,,,,,,,0,0,0,,2.0,2,-1.0,0.0,0.0,0.0,0.0,1.0,0.0,582.0,13.6,0.0
2017,BUF,8477473,Justin,Bailey,R,12,,,,,,,,,,,3,1,4,,2.0,2,-2.0,0.0,0.0,0.0,0.0,19.0,0.1579,676.6667,16.1,0.0
2017,BUF,8477491,Nick,Baptiste,R,33,,,,,,,,,,,4,2,6,,14.0,2,-4.0,0.0,0.0,1.0,0.0,45.0,0.0889,598.0,15.2,0.2222
2017,BUF,8477499,Rasmus,Ristolainen,D,73,,,,,,,,,,,6,35,41,,48.0,2,-25.0,1.0,0.0,1.0,1.0,182.0,0.033,1589.9589,29.0,0.0
2017,BUF,8477933,Sam,Reinhart,C,82,,,,,,,,,,,25,25,50,,26.0,2,-24.0,12.0,0.0,5.0,0.0,188.0,0.133,1026.0854,21.0,0.3944
2017,BUF,8478403,Jack,Eichel,C,67,,,,,,,,,,,25,39,64,,32.0,2,-25.0,3.0,0.0,4.0,1.0,246.0,0.1016,1208.597,23.3,0.4151
2017,BUF,8478425,Brendan,Guhle,D,18,,,,,,,,,,,0,5,5,,10.0,2,-6.0,0.0,0.0,0.0,0.0,37.0,0.0,1086.3333,25.0,0.0
2017,BUF,8478542,Evan,Rodrigues,C,48,,,,,,,,,,,7,18,25,,14.0,2,-10.0,1.0,0.0,0.0,0.0,91.0,0.0769,835.75,18.5,0.4239
2017,BUF,8479268,Casey,Nelson,D,37,,,,,,,,,,,3,5,8,,8.0,2,-14.0,0.0,1.0,0.0,0.0,48.0,0.0625,1126.8108,24.4,0.0
2017,BUF,8479304,Kyle,Criscuolo,C,9,,,,,,,,,,,0,0,0,,4.0,2,-4.0,0.0,0.0,0.0,0.0,5.0,0.0,480.8889,12.0,0.4634
2017,BUF,8479423,Alex,Nylander,L,3,,,,,,,,,,,1,0,1,,0.0,2,-3.0,0.0,0.0,0.0,0.0,2.0,0.5,771.6667,18.0,0.0
2017,BUF,8479755,Victor,Antipin,D,47,,,,,,,,,,,0,10,10,,18.0,2,-9.0,0.0,0.0,0.0,0.0,40.0,0.0,916.6596,20.5,0.0
2017,BUF,8479999,Casey,Mittelstadt,C,6,,,,,,,,,,,1,4,5,,2.0,2,1.0,1.0,0.0,0.0,0.0,9.0,0.1111,841.1667,20.3,0.4722
2017,CAR,8470320,Cam,Ward,G,43,42.0,23.0,14.0,4.0,2.732447,0.905644,1187.0,1075.0,112.0,2.0,0,0,0,147560.0,14.0,2,,,,,,,,,,
2017,CAR,8474152,Scott,Darling,G,43,40.0,13.0,21.0,7.0,3.175607,0.88813,1171.0,1040.0,131.0,0.0,0,0,0,148507.0,2.0,2,,,,,,,,,,
2017,CAR,8468508,Justin,Williams,R,82,,,,,,,,,,,16,35,51,,56.0,2,-9.0,2.0,0.0,2.0,0.0,198.0,0.0808,995.2805,21.9,0.4483
2017,CAR,8470740,Lee,Stempniak,R,37,,,,,,,,,,,3,6,9,,4.0,2,-8.0,1.0,0.0,0.0,0.0,41.0,0.0732,748.3243,17.4,0.2143
2017,CAR,8473533,Jordan,Staal,C,79,,,,,,,,,,,19,27,46,,26.0,2,-4.0,4.0,2.0,2.0,0.0,160.0,0.1188,1155.0506,25.8,0.5658
2017,CAR,8475323,Marcus,Kruger,C,48,,,,,,,,,,,1,5,6,,28.0,2,-6.0,0.0,0.0,0.0,0.0,30.0,0.0333,650.2292,17.5,0.554
2017,CAR,8475753,Justin,Faulk,D,76,,,,,,,,,,,8,23,31,,48.0,2,-26.0,3.0,0.0,3.0,0.0,211.0,0.0379,1336.0658,26.1,0.0
2017,CAR,8475784,Jeff,Skinner,L,82,,,,,,,,,,,24,25,49,,34.0,2,-27.0,4.0,0.0,2.0,0.0,277.0,0.0866,1002.4756,21.3,0.4333
2017,CAR,8475807,Joakim,Nordstrom,C,75,,,,,,,,,,,2,5,7,,6.0,2,-11.0,0.0,0.0,0.0,0.0,97.0,0.0206,634.3067,16.6,0.4675
2017,CAR,8476403,Klas,Dahlbeck,D,33,,,,,,,,,,,1,4,5,,21.0,2,-6.0,0.0,0.0,0.0,0.0,43.0,0.0233,981.8788,22.3,0.0
2017,CAR,8476437,Victor,Rask,C,71,,,,,,,,,,,14,17,31,,12.0,2,0.0,4.0,0.0,3.0,0.0,126.0,0.1111,922.8592,20.7,0.5489
2017,CAR,8476858,Phillip,Di Giuseppe,L,49,,,,,,,,,,,5,8,13,,17.0,2,0.0,0.0,0.0,1.0,0.0,64.0,0.0781,630.1224,15.0,0.0
2017,CAR,8476882,Teuvo,Teravainen,C,82,,,,,,,,,,,23,41,64,,14.0,2,8.0,5.0,0.0,3.0,0.0,185.0,0.1243,1013.2317,21.8,0.3061
2017,CAR,8476934,Brock,McGinn,L,80,,,,,,,,,,,16,14,30,,22.0,2,-12.0,2.0,1.0,1.0,0.0,159.0,0.1006,869.8,20.7,0.4595
2017,CAR,8476953,Trevor,Carrick,D,1,,,,,,,,,,,0,0,0,,2.0,2,0.0,0.0,0.0,0.0,0.0,1.0,0.0,452.0,15.0,0.0
2017,CAR,8476958,Jaccob,Slavin,D,82,,,,,,,,,,,8,22,30,,10.0,2,1.0,1.0,0.0,1.0,1.0,154.0,0.0519,1355.2683,26.2,0.0
2017,CAR,8477458,Valentin,Zykov,L,10,,,,,,,,,,,3,4,7,,2.0,2,4.0,0.0,0.0,1.0,0.0,18.0,0.1667,822.4,18.1,0.0
2017,CAR,8477488,Brett,Pesce,D,65,,,,,,,,,,,3,16,19,,18.0,2,-6.0,0.0,0.0,1.0,0.0,88.0,0.0341,1254.2462,25.3,0.0
2017,CAR,8477496,Elias,Lindholm,C,81,,,,,,,,,,,16,28,44,,18.0,2,-8.0,6.0,0.0,4.0,1.0,153.0,0.1046,1073.5679,23.8,0.5448
2017,CAR,8477591,Josh,Jooris,R,31,,,,,,,,,,,3,3,6,,16.0,2,-7.0,0.0,0.0,0.0,0.0,42.0,0.0714,630.6129,15.8,0.4513
2017,CAR,8477845,Trevor,van Riemsdyk,D,79,,,,,,,,,,,3,13,16,,20.0,2,9.0,0.0,0.0,1.0,0.0,111.0,0.027,1023.0127,22.1,0.0
2017,CAR,8477938,Haydn,Fleury,D,67,,,,,,,,,,,0,8,8,,14.0,2,-2.0,0.0,0.0,0.0,0.0,86.0,0.0,1007.7015,21.6,0.0
2017,CAR,8477981,Roland,McKeown,D,10,,,,,,,,,,,0,3,3,,19.0,2,3.0,0.0,0.0,0.0,0.0,7.0,0.0,804.6,18.1,0.0
2017,CAR,8477998,Warren,Foegele,L,2,,,,,,,,,,,2,1,3,,0.0,2,3.0,0.0,0.0,0.0,0.0,6.0,0.3333,715.5,17.5,0.0
2017,CAR,8478027,Lucas,Wallmark,C,11,,,,,,,,,,,1,0,1,,2.0,2,-4.0,0.0,0.0,0.0,0.0,16.0,0.0625,569.6364,15.3,0.5507
2017,CAR,8478396,Noah,Hanifin,D,79,,,,,,,,,,,10,22,32,,21.0,2,-20.0,1.0,0.0,3.0,1.0,165.0,0.0606,1131.6076,23.6,0.0
2017,CAR,8478427,Sebastian,Aho,C,78,,,,,,,,,,,29,36,65,,24.0,2,4.0,8.0,0.0,4.0,0.0,200.0,0.145,1075.0897,22.2,0.4535
2017,CAR,8478462,Nicolas,Roy,C,1,,,,,,,,,,,0,0,0,,0.0,2,-1.0,0.0,0.0,0.0,0.0,1.0,0.0,646.0,16.0,0.6
2017,CAR,8478585,Derek,Ryan,C,80,,,,,,,,,,,15,23,38,,28.0,2,-15.0,3.0,0.0,1.0,0.0,135.0,0.1111,936.3625,21.3,0.5649
2017,CAR,8479511,Janne,Kuokkanen,C,4,,,,,,,,,,,0,0,0,,0.0,2,-3.0,0.0,0.0,0.0,0.0,6.0,0.0,663.75,16.0,0.0
2017,CAR,8480039,Martin,Necas,C,1,,,,,,,,,,,0,0,0,,0.0,2,0.0,0.0,0.0,0.0,0.0,0.0,0.0,414.0,13.0,0.0
2017,CBJ,8475683,Sergei,Bobrovsky,G,65,65.0,37.0,22.0,6.0,2.423581,0.920723,1993.0,1835.0,158.0,5.0,0,3,3,234694.0,,2,,,,,,,,,,
2017,CBJ,8476914,Joonas,Korpisalo,G,18,17.0,8.0,8.0,1.0,3.318023,0.897163,564.0,506.0,58.0,0.0,0,0,0,62929.0,,2,,,,,,,,,,
2017,CBJ,8469638,Jussi,Jokinen,L,14,,,,,,,,,,,0,1,1,,4.0,2,-2.0,0.0,0.0,0.0,0.0,13.0,0.0,600.9286,14.6,0.4706
2017,CBJ,8470598,Thomas,Vanek,L,19,,,,,,,,,,,7,8,15,,8.0,2,9.0,0.0,0.0,0.0,0.0,47.0,0.1489,868.2105,19.2,0.4
2017,CBJ,8471273,Brandon,Dubinsky,C,62,,,,,,,,,,,6,10,16,,33.0,2,-2.0,0.0,1.0,0.0,0.0,89.0,0.0674,920.5161,20.9,0.5473
2017,CBJ,8471677,Jack,Johnson,D,77,,,,,,,,,,,3,8,11,,22.0,2,-6.0,0.0,0.0,1.0,0.0,88.0,0.0341,1172.7792,24.9,0.0
2017,CBJ,8471710,Taylor,Chorney,D,1,,,,,,,,,,,0,0,0,,0.0,2,2.0,0.0,0.0,0.0,0.0,0.0,0.0,1001.0,23.0,0.0
2017,CBJ,8471804,Nathan,Gerbe,C,2,,,,,,,,,,,0,0,0,,0.0,2,-1.0,0.0,0.0,0.0,0.0,1.0,0.0,516.0,12.5,0.0
2017,CBJ,8473422,Nick,Foligno,L,72,,,,,,,,,,,15,18,33,,50.0,2,1.0,2.0,0.0,1.0,0.0,137.0,0.1095,1101.0139,22.8,0.4588
2017,CBJ,8473914,Mark,Letestu,C,20,,,,,,,,,,,1,3,4,,0.0,2,0.0,0.0,0.0,0.0,0.0,16.0,0.0625,729.9,18.5,0.5294
2017,CBJ,8474013,Ian,Cole,D,20,,,,,,,,,,,2,5,7,,24.0,2,11.0,0.0,0.0,0.0,0.0,21.0,0.0952,1088.35,23.3,0.0
2017,CBJ,8474610,Zac,Dalpe,C,12,,,,,,,,,,,0,0,0,,13.0,2,-3.0,0.0,0.0,0.0,0.0,18.0,0.0,446.5,11.6,0.2917
2017,CBJ,8474685,Matt,Calvert,L,69,,,,,,,,,,,9,15,24,,33.0,2,-10.0,1.0,2.0,0.0,0.0,108.0,0.0833,802.5652,18.4,0.3409
2017,CBJ,8474715,Cam,Atkinson,R,65,,,,,,,,,,,24,22,46,,14.0,2,19.0,3.0,1.0,5.0,1.0,231.0,0.1039,1134.0923,23.7,0.3231
2017,CBJ,8475147,Jordan,Schroeder,C,21,,,,,,,,,,,1,1,2,,4.0,2,-4.0,0.0,0.0,0.0,0.0,20.0,0.05,448.619,11.2,0.619
2017,CBJ,8475233,David,Savard,D,81,,,,,,,,,,,4,12,16,,32.0,2,2.0,0.0,0.0,0.0,0.0,145.0,0.0276,1162.8025,24.5,0.0
2017,CBJ,8476283,Alex,Broadhurst,C,2,,,,,,,,,,,0,0,0,,2.0,2,0.0,0.0,0.0,0.0,0.0,1.0,0.0,602.5,12.5,0.0
2017,CBJ,8476310,Lukas,Sedlak,C,53,,,,,,,,,,,4,4,8,,21.0,2,-3.0,0.0,0.0,0.0,0.0,50.0,0.08,564.0189,13.7,0.5148
2017,CBJ,8476432,Boone,Jenner,C,75,,,,,,,,,,,13,19,32,,39.0,2,1.0,2.0,0.0,2.0,0.0,187.0,0.0695,987.68,21.0,0.5549
2017,CBJ,8476449,Scott,Harrington,D,32,,,,,,,,,,,2,3,5,,8.0,2,0.0,0.0,0.0,1.0,0.0,28.0,0.0714,797.9688,17.9,0.0
2017,CBJ,8476850,Ryan,Murray,D,44,,,,,,,,,,,1,11,12,,8.0,2,4.0,0.0,0.0,0.0,0.0,34.0,0.0294,1106.1818,24.1,0.0
2017,CBJ,8476981,Josh,Anderson,R,63,,,,,,,,,,,19,11,30,,42.0,2,-1.0,1.0,0.0,5.0,2.0,188.0,0.1011,1082.2698,22.5,0.4194
2017,CBJ,8477353,Tyler,Motte,C,31,,,,,,,,,,,3,2,5,,2.0,2,-3.0,0.0,0.0,0.0,0.0,42.0,0.0714,596.129,14.2,0.3571
2017,CBJ,8477416,Oliver,Bjorkstrand,R,82,,,,,,,,,,,11,29,40,,9.0,2,4.0,3.0,0.0,2.0,0.0,163.0,0.0675,857.5366,18.1,0.125
2017,CBJ,8477495,Seth,Jones,D,78,,,,,,,,,,,16,41,57,,30.0,2,10.0,7.0,0.0,4.0,1.0,249.0,0.0643,1476.1154,28.9,0.0
2017,CBJ,8477505,Alexander,Wennberg,C,66,,,,,,,,,,,8,27,35,,12.0,2,22.0,3.0,0.0,2.0,1.0,74.0,0.1081,1087.8788,22.6,0.4522
2017,CBJ,8477947,Sonny,Milano,L,55,,,,,,,,,,,14,8,22,,10.0,2,-8.0,0.0,0.0,3.0,1.0,69.0,0.2029,698.9818,15.8,0.0
2017,CBJ,8478460,Zach,Werenski,D,77,,,,,,,,,,,16,21,37,,16.0,2,8.0,3.0,0.0,3.0,1.0,207.0,0.0773,1354.5584,26.6,0.0
2017,CBJ,8478506,Gabriel,Carlsson,D,14,,,,,,,,,,,0,2,2,,4.0,2,0.0,0.0,0.0,0.0,0.0,18.0,0.0,679.7857,14.9,0.0
2017,CBJ,8478541,Markus,Hannikainen,L,33,,,,,,,,,,,3,3,6,,6.0,2,-1.0,0.0,0.0,0.0,0.0,31.0,0.0968,502.3333,12.5,0.75
2017,CBJ,8478550,Artemi,Panarin,L,81,,,,,,,,,,,27,55,82,,26.0,2,23.0,7.0,0.0,5.0,1.0,228.0,0.1184,1207.8395,23.1,0.0
2017,CBJ,8478567,Dean,Kukan,D,11,,,,,,,,,,,0,4,4,,2.0,2,2.0,0.0,0.0,0.0,0.0,12.0,0.0,741.7273,16.6,0.0
2017,CBJ,8478906,Markus,Nutivaara,D,61,,,,,,,,,,,7,16,23,,14.0,2,13.0,1.0,0.0,1.0,0.0,79.0,0.0886,961.7049,21.0,0.0
2017,CBJ,8479400,Pierre-Luc,Dubois,C,82,,,,,,,,,,,20,28,48,,49.0,2,8.0,6.0,0.0,4.0,1.0,165.0,0.1212,998.0732,21.1,0.4382
2017,CBJ,8480762,Eric,Robinson,L,1,,,,,,,,,,,0,0,0,,0.0,2,1.0,0.0,0.0,0.0,0.0,2.0,0.0,681.0,14.0,0.0
2017,CBJ,8475683,Sergei,Bobrovsky,G,6,6.0,2.0,4.0,,3.177277,0.900452,221.0,199.0,22.0,0.0,0,0,0,24927.0,,3,,,,,,,,,,
2017,CBJ,8470598,Thomas,Vanek,L,6,,,,,,,,,,,1,1,2,,2.0,3,-1.0,1.0,0.0,0.0,0.0,13.0,0.0769,906.5,20.8,0.5
2017,CBJ,8471273,Brandon,Dubinsky,C,6,,,,,,,,,,,0,0,0,,6.0,3,1.0,0.0,0.0,0.0,0.0,4.0,0.0,743.0,20.0,0.6296
2017,CBJ,8473422,Nick,Foligno,L,6,,,,,,,,,,,2,1,3,,4.0,3,-4.0,0.0,0.0,0.0,0.0,8.0,0.25,1249.3333,27.8,0.5238
2017,CBJ,8473914,Mark,Letestu,C,6,,,,,,,,,,,0,0,0,,0.0,3,-1.0,0.0,0.0,0.0,0.0,2.0,0.0,542.0,15.7,0.4844
2017,CBJ,8474013,Ian,Cole,D,6,,,,,,,,,,,0,3,3,,2.0,3,-1.0,0.0,0.0,0.0,0.0,10.0,0.0,1162.6667,27.7,0.0
2017,CBJ,8474685,Matt,Calvert,L,6,,,,,,,,,,,3,1,4,,4.0,3,4.0,0.0,1.0,1.0,1.0,15.0,0.2,1035.5,25.0,0.0
2017,CBJ,8474715,Cam,Atkinson,R,6,,,,,,,,,,,2,2,4,,2.0,3,-3.0,1.0,0.0,0.0,0.0,25.0,0.08,1596.1667,33.0,0.4286
2017,CBJ,8475233,David,Savard,D,6,,,,,,,,,,,0,0,0,,0.0,3,0.0,0.0,0.0,0.0,0.0,7.0,0.0,1187.8333,27.7,0.0
2017,CBJ,8476432,Boone,Jenner,C,6,,,,,,,,,,,1,2,3,,4.0,3,-3.0,0.0,0.0,0.0,0.0,24.0,0.0417,1184.8333,26.8,0.5313
2017,CBJ,8476850,Ryan,Murray,D,6,,,,,,,,,,,0,1,1,,2.0,3,3.0,0.0,0.0,0.0,0.0,3.0,0.0,1291.5,29.7,0.0
2017,CBJ,8476981,Josh,Anderson,R,6,,,,,,,,,,,1,2,3,,21.0,3,3.0,0.0,0.0,0.0,0.0,9.0,0.1111,945.8333,21.8,0.0
2017,CBJ,8477416,Oliver,Bjorkstrand,R,6,,,,,,,,,,,1,2,3,,0.0,3,0.0,0.0,0.0,0.0,0.0,3.0,0.3333,662.5,14.7,0.0
2017,CBJ,8477495,Seth,Jones,D,6,,,,,,,,,,,1,4,5,,4.0,3,-3.0,1.0,0.0,0.0,0.0,13.0,0.0769,1836.5,36.3,0.0
2017,CBJ,8477505,Alexander,Wennberg,C,3,,,,,,,,,,,1,1,2,,0.0,3,-1.0,0.0,0.0,0.0,0.0,4.0,0.25,1043.0,22.3,0.5
2017,CBJ,8477947,Sonny,Milano,L,3,,,,,,,,,,,0,0,0,,0.0,3,0.0,0.0,0.0,0.0,0.0,0.0,0.0,405.3333,10.0,0.0
2017,CBJ,8478460,Zach,Werenski,D,6,,,,,,,,,,,1,2,3,,2.0,3,0.0,1.0,0.0,0.0,0.0,18.0,0.0556,1451.1667,31.0,0.0
2017,CBJ,8478550,Artemi,Panarin,L,6,,,,,,,,,,,2,5,7,,6.0,3,-4.0,0.0,0.0,1.0,1.0,14.0,0.1429,1558.8333,29.2,0.0
2017,CBJ,8478906,Markus,Nutivaara,D,6,,,,,,,,,,,0,0,0,,0.0,3,2.0,0.0,0.0,0.0,0.0,9.0,0.0,1061.5,24.0,0.0
2017,CBJ,8479400,Pierre-Luc,Dubois,C,6,,,,,,,,,,,2,2,4,,6.0,3,0.0,0.0,0.0,0.0,0.0,15.0,0.1333,1388.8333,28.5,0.4071
2017,CGY,8469608,Mike,Smith,G,55,55.0,25.0,22.0,6.0,2.651537,0.91637,1686.0,1545.0,141.0,3.0,0,2,2,191436.0,8.0,2,,,,,,,,,,
2017,CGY,8475663,Eddie,Lack,G,4,2.0,1.0,2.0,0.0,5.286341,0.8125,64.0,52.0,12.0,0.0,0,0,0,8172.0,,2,,,,,,,,,,
2017,CGY,8476903,Jon,Gillies,G,11,9.0,3.0,5.0,1.0,2.87635,0.896429,280.0,251.0,29.0,0.0,0,0,0,36296.0,2.0,2,,,,,,,,,,
2017,CGY,8479496,David,Rittich,G,21,16.0,8.0,6.0,3.0,2.915989,0.904297,512.0,463.0,49.0,0.0,0,0,0,60494.0,14.0,2,,,,,,,,,,
2017,CGY,8448208,Jaromir,Jagr,R,22,,,,,,,,,,,1,6,7,,10.0,2,6.0,0.0,0.0,0.0,0.0,32.0,0.0313,782.7273,15.9,0.0
2017,CGY,8470162,Matt,Stajan,C,68,,,,,,,,,,,4,8,12,,28.0,2,4.0,0.0,0.0,1.0,0.0,65.0,0.0615,656.0882,15.1,0.5145
2017,CGY,8470854,Tanner,Glass,L,16,,,,,,,,,,,0,0,0,,19.0,2,-4.0,0.0,0.0,0.0,0.0,14.0,0.0,562.8125,13.1,0.3333
2017,CGY,8470966,Mark,Giordano,D,82,,,,,,,,,,,13,25,38,,63.0,2,0.0,1.0,1.0,4.0,2.0,214.0,0.0607,1487.2561,28.1,0.0
2017,CGY,8471346,Kris,Versteeg,R,24,,,,,,,,,,,3,5,8,,6.0,2,-8.0,1.0,0.0,1.0,0.0,49.0,0.0612,790.9583,16.9,0.5897
2017,CGY,8471426,Troy,Brouwer,R,76,,,,,,,,,,,6,16,22,,53.0,2,-7.0,0.0,0.0,0.0,0.0,79.0,0.0759,835.8816,18.6,0.4654
2017,CGY,8473485,Chris,Stewart,R,7,,,,,,,,,,,1,2,3,,0.0,2,-4.0,0.0,0.0,0.0,0.0,9.0,0.1111,654.5714,14.1,0.25
2017,CGY,8473564,Michael,Frolik,R,70,,,,,,,,,,,10,15,25,,26.0,2,-19.0,0.0,2.0,1.0,1.0,167.0,0.0599,1015.3571,20.7,0.4583
2017,CGY,8474150,Mikael,Backlund,C,82,,,,,,,,,,,14,31,45,,78.0,2,-21.0,3.0,1.0,2.0,0.0,214.0,0.0654,1141.378,22.8,0.5
2017,CGY,8474612,Travis,Hamonic,D,74,,,,,,,,,,,1,10,11,,79.0,2,-9.0,0.0,0.0,0.0,0.0,107.0,0.0093,1241.8919,24.2,0.0
2017,CGY,8474628,Michael,Stone,D,82,,,,,,,,,,,3,7,10,,28.0,2,-11.0,0.0,0.0,0.0,0.0,98.0,0.0306,1004.8293,21.5,0.0
2017,CGY,8474673,TJ,Brodie,D,73,,,,,,,,,,,4,28,32,,18.0,2,-16.0,1.0,0.0,0.0,0.0,118.0,0.0339,1420.8082,27.3,0.0
2017,CGY,8474749,Matt,Bartkowski,D,18,,,,,,,,,,,0,3,3,,4.0,2,-3.0,0.0,0.0,0.0,0.0,21.0,0.0,800.7222,16.8,0.0
2017,CGY,8475878,Freddie,Hamilton,C,8,,,,,,,,,,,0,1,1,,2.0,2,-1.0,0.0,0.0,0.0,0.0,5.0,0.0,458.25,11.0,0.1875
2017,CGY,8475907,Micheal,Ferland,L,77,,,,,,,,,,,21,20,41,,24.0,2,5.0,6.0,0.0,0.0,0.0,144.0,0.1458,901.1558,19.1,0.386
2017,CGY,8475949,Marek,Hrivik,L,3,,,,,,,,,,,0,0,0,,0.0,2,1.0,0.0,0.0,0.0,0.0,2.0,0.0,510.3333,11.7,0.0
2017,CGY,8476346,Johnny,Gaudreau,L,80,,,,,,,,,,,24,60,84,,26.0,2,2.0,3.0,0.0,4.0,0.0,227.0,0.1057,1165.425,21.5,0.2
2017,CGY,8476406,Nicholas,Shore,C,9,,,,,,,,,,,1,2,3,,4.0,2,0.0,0.0,0.0,0.0,0.0,16.0,0.0625,908.3333,19.7,0.4483
2017,CGY,8476462,Dougie,Hamilton,D,82,,,,,,,,,,,17,27,44,,64.0,2,1.0,6.0,0.0,4.0,1.0,270.0,0.063,1291.8537,25.5,0.3333
2017,CGY,8476873,Mark,Jankowski,L,72,,,,,,,,,,,17,8,25,,33.0,2,-7.0,2.0,2.0,3.0,0.0,118.0,0.1441,801.3611,17.6,0.4877
2017,CGY,8476967,Brett,Kulak,D,71,,,,,,,,,,,2,6,8,,27.0,2,-3.0,0.0,0.0,0.0,0.0,73.0,0.0274,779.1408,17.2,0.0
2017,CGY,8477449,Morgan,Klimchuk,L,1,,,,,,,,,,,0,0,0,,0.0,2,0.0,0.0,0.0,0.0,0.0,0.0,0.0,445.0,13.0,0.0
2017,CGY,8477497,Sean,Monahan,C,74,,,,,,,,,,,31,33,64,,24.0,2,3.0,9.0,0.0,11.0,3.0,202.0,0.1535,1120.9189,21.3,0.5039
2017,CGY,8477508,Curtis,Lazar,C,65,,,,,,,,,,,2,10,12,,23.0,2,-8.0,0.0,0.0,1.0,0.0,65.0,0.0308,591.4308,13.6,0.3967
2017,CGY,8477903,Garnet,Hathaway,R,59,,,,,,,,,,,4,9,13,,88.0,2,3.0,0.0,1.0,0.0,0.0,68.0,0.0588,691.9661,15.3,0.1
2017,CGY,8477935,Sam,Bennett,C,82,,,,,,,,,,,11,15,26,,59.0,2,-18.0,1.0,0.0,1.0,0.0,157.0,0.0701,864.0244,18.3,0.5434
2017,CGY,8478233,Andrew,Mangiapane,L,10,,,,,,,,,,,0,0,0,,2.0,2,-3.0,0.0,0.0,0.0,0.0,7.0,0.0,535.8,12.9,1.0
2017,CGY,8478397,Rasmus,Andersson,D,10,,,,,,,,,,,0,0,0,,4.0,2,-1.0,0.0,0.0,0.0,0.0,8.0,0.0,926.3,20.7,0.0
2017,CGY,8479066,Ryan,Lomberg,L,7,,,,,,,,,,,0,1,1,,15.0,2,0.0,0.0,0.0,0.0,0.0,5.0,0.0,375.0,9.1,0.0
2017,CGY,8479314,Matthew,Tkachuk,L,68,,,,,,,,,,,24,25,49,,61.0,2,-1.0,10.0,0.0,2.0,0.0,188.0,0.1277,1035.0441,19.9,0.4118
2017,CGY,8480330,Spencer,Foo,R,4,,,,,,,,,,,2,0,2,,0.0,2,1.0,0.0,0.0,0.0,0.0,16.0,0.125,951.25,18.3,1.0
2017,CHI,8470645,Corey,Crawford,G,28,27.0,16.0,9.0,2.0,2.273443,0.928741,842.0,782.0,60.0,2.0,0,0,0,95010.0,,2,,,,,,,,,,
2017,CHI,8471301,Jeff,Glass,G,15,13.0,3.0,7.0,3.0,3.362162,0.89823,452.0,406.0,46.0,0.0,0,0,0,49254.0,2.0,2,,,,,,,,,,
2017,CHI,8475234,J-F,Berube,G,13,10.0,3.0,6.0,1.0,3.775939,0.894472,398.0,356.0,42.0,0.0,0,0,0,40043.0,,2,,,,,,,,,,
2017,CHI,8476341,Anton,Forsberg,G,35,30.0,10.0,16.0,4.0,2.974136,0.907709,921.0,836.0,85.0,0.0,0,1,1,102887.0,,2,,,,,,,,,,
2017,CHI,8479138,Scott,Foster,G,1,0.0,,,0.0,0.0,1.0,7.0,7.0,0.0,0.0,0,0,0,841.0,,2,,,,,,,,,,
2017,CHI,8480420,Collin,Delia,G,2,2.0,1.0,1.0,0.0,3.962887,0.888889,63.0,56.0,7.0,0.0,0,0,0,6359.0,2.0,2,,,,,,,,,,
2017,CHI,8469544,Patrick,Sharp,L,70,,,,,,,,,,,10,11,21,,14.0,2,-16.0,0.0,0.0,1.0,0.0,143.0,0.0699,773.0143,17.1,0.5521
2017,CHI,8470281,Duncan,Keith,D,82,,,,,,,,,,,2,30,32,,28.0,2,-29.0,2.0,0.0,1.0,0.0,187.0,0.0107,1429.622,29.5,0.0
2017,CHI,8470607,Brent,Seabrook,D,81,,,,,,,,,,,7,19,26,,38.0,2,-3.0,2.0,0.0,0.0,0.0,136.0,0.0515,1211.8395,28.8,0.0
2017,CHI,8471742,Cody,Franson,D,23,,,,,,,,,,,1,6,7,,8.0,2,-1.0,0.0,0.0,0.0,0.0,51.0,0.0196,996.9565,22.8,0.0
2017,CHI,8473573,Artem,Anisimov,C,72,,,,,,,,,,,20,11,31,,22.0,2,-17.0,11.0,1.0,6.0,0.0,130.0,0.1538,1007.3194,21.8,0.4571
2017,CHI,8473604,Jonathan,Toews,C,74,,,,,,,,,,,20,32,52,,47.0,2,-1.0,2.0,0.0,2.0,1.0,211.0,0.0948,1181.4324,24.7,0.5795
2017,CHI,8474141,Patrick,Kane,R,82,,,,,,,,,,,27,49,76,,32.0,2,-20.0,5.0,0.0,4.0,2.0,285.0,0.0947,1211.1951,22.8,0.3889
2017,CHI,8474642,Lance,Bouma,L,53,,,,,,,,,,,3,6,9,,36.0,2,1.0,0.0,0.0,1.0,0.0,56.0,0.0536,639.0189,15.8,0.4242
2017,CHI,8474739,Tommy,Wingels,C,57,,,,,,,,,,,7,5,12,,43.0,2,-10.0,1.0,2.0,1.0,0.0,67.0,0.1045,680.9474,17.7,0.4591
2017,CHI,8475209,Richard,Panik,R,37,,,,,,,,,,,6,10,16,,26.0,2,3.0,3.0,0.0,0.0,0.0,70.0,0.0857,858.4324,18.5,0.3333
2017,CHI,8476430,Tomas,Jurco,R,29,,,,,,,,,,,6,4,10,,12.0,2,1.0,0.0,0.0,1.0,0.0,44.0,0.1364,757.0345,17.1,0.25
2017,CHI,8476438,Brandon,Saad,L,82,,,,,,,,,,,18,17,35,,14.0,2,-10.0,1.0,0.0,8.0,2.0,237.0,0.0759,1050.2439,23.6,0.4628
2017,CHI,8476473,Connor,Murphy,D,76,,,,,,,,,,,2,12,14,,34.0,2,-3.0,0.0,0.0,0.0,0.0,109.0,0.0183,982.4079,23.8,0.0
2017,CHI,8476979,Erik,Gustafsson,D,35,,,,,,,,,,,5,11,16,,6.0,2,1.0,0.0,0.0,0.0,0.0,71.0,0.0704,1113.3143,24.8,0.0
2017,CHI,8476994,Vinnie,Hinostroza,C,50,,,,,,,,,,,7,18,25,,10.0,2,5.0,1.0,0.0,1.0,0.0,86.0,0.0814,829.18,17.4,0.4382
2017,CHI,8477401,John,Hayden,C,47,,,,,,,,,,,4,9,13,,54.0,2,-4.0,0.0,1.0,0.0,0.0,56.0,0.0714,649.4894,15.9,0.5
2017,CHI,8477407,Anthony,Duclair,L,23,,,,,,,,,,,2,6,8,,6.0,2,0.0,0.0,0.0,1.0,0.0,29.0,0.069,782.3043,17.5,0.5
2017,CHI,8477451,Ryan,Hartman,R,57,,,,,,,,,,,8,17,25,,58.0,2,5.0,1.0,0.0,0.0,0.0,96.0,0.0833,768.2281,16.7,0.4615
2017,CHI,8477472,Carl,Dahlstrom,D,11,,,,,,,,,,,0,3,3,,0.0,2,-2.0,0.0,0.0,0.0,0.0,12.0,0.0,1050.8182,24.5,1.0
2017,CHI,8477851,Jordan,Oesterle,D,55,,,,,,,,,,,5,10,15,,8.0,2,-11.0,1.0,0.0,0.0,0.0,99.0,0.0505,1230.9273,25.7,0.0
2017,CHI,8477951,Nick,Schmaltz,C,78,,,,,,,,,,,21,31,52,,18.0,2,1.0,4.0,0.0,2.0,0.0,118.0,0.178,1093.8718,22.9,0.4007
2017,CHI,8478055,Gustav,Forsling,D,41,,,,,,,,,,,3,10,13,,8.0,2,-2.0,1.0,0.0,1.0,1.0,82.0,0.0366,1149.3659,27.9,0.0
2017,CHI,8478106,Dylan,Sikura,R,5,,,,,,,,,,,0,3,3,,0.0,2,2.0,0.0,0.0,0.0,0.0,9.0,0.0,804.0,16.2,0.0
2017,CHI,8478146,Matthew,Highmore,C,13,,,,,,,,,,,2,0,2,,0.0,2,-4.0,0.0,0.0,0.0,0.0,27.0,0.0741,729.1538,16.3,0.2
2017,CHI,8478528,Tanner,Kero,C,8,,,,,,,,,,,1,2,3,,0.0,2,1.0,0.0,0.0,0.0,0.0,7.0,0.1429,686.25,18.6,0.4605
2017,CHI,8478561,Andreas,Martinsen,L,9,,,,,,,,,,,1,0,1,,17.0,2,-1.0,0.0,0.0,0.0,0.0,14.0,0.0714,758.4444,17.6,0.0
2017,CHI,8479337,Alex,DeBrincat,R,82,,,,,,,,,,,28,24,52,,6.0,2,6.0,6.0,0.0,1.0,0.0,181.0,0.1547,888.122,19.1,0.4237
2017,CHI,8479482,Michal,Kempny,D,31,,,,,,,,,,,1,6,7,,12.0,2,13.0,0.0,0.0,0.0,0.0,50.0,0.02,919.4516,20.9,0.0
2017,CHI,8479595,Blake,Hillman,D,4,,,,,,,,,,,1,0,1,,0.0,2,-1.0,0.0,1.0,0.0,0.0,5.0,0.2,1081.75,24.8,0.0
2017,CHI,8480144,David,Kampf,C,46,,,,,,,,,,,4,7,11,,12.0,2,-9.0,0.0,0.0,0.0,0.0,46.0,0.087,767.9783,18.6,0.5301
2017,CHI,8480153,Victor,Ejdsell,C,6,,,,,,,,,,,0,1,1,,0.0,2,-1.0,0.0,0.0,0.0,0.0,7.0,0.0,799.0,16.2,0.3333
2017,CHI,8480172,Jan,Rutta,D,57,,,,,,,,,,,6,14,20,,24.0,2,-1.0,2.0,0.0,1.0,0.0,71.0,0.0845,1155.2632,27.3,0.0
2017,COL,8473541,Jonathan,Bernier,G,37,34.0,19.0,13.0,3.0,2.848028,0.913004,1092.0,997.0,95.0,2.0,0,1,1,120083.0,,2,,,,,,,,,,
2017,COL,8473575,Semyon,Varlamov,G,51,47.0,24.0,16.0,6.0,2.684326,0.919749,1595.0,1467.0,128.0,2.0,0,0,0,171663.0,2.0,2,,,,,,,,,,
2017,COL,8477202,Andrew,Hammond,G,1,1.0,0.0,1.0,0.0,2.055967,0.939394,33.0,31.0,2.0,0.0,0,0,0,3502.0,,2,,,,,,,,,,
2017,COL,8471260,Blake,Comeau,L,79,,,,,,,,,,,13,21,34,,50.0,2,5.0,0.0,3.0,3.0,0.0,123.0,0.1057,952.3418,21.2,0.3838
2017,COL,8471262,Carl,Soderberg,C,77,,,,,,,,,,,16,21,37,,26.0,2,0.0,3.0,0.0,3.0,0.0,150.0,0.1067,1041.1818,22.2,0.4526
2017,COL,8473446,Erik,Johnson,D,62,,,,,,,,,,,9,16,25,,58.0,2,3.0,0.0,0.0,3.0,1.0,168.0,0.0536,1526.1774,30.7,0.0
2017,COL,8474569,Colin,Wilson,C,56,,,,,,,,,,,6,12,18,,6.0,2,-5.0,1.0,0.0,1.0,0.0,75.0,0.08,787.9464,17.6,0.5217
2017,COL,8474660,David,Warsofsky,D,16,,,,,,,,,,,0,5,5,,0.0,2,4.0,0.0,0.0,0.0,0.0,18.0,0.0,803.6875,18.5,0.0
2017,COL,8474717,Mark,Barberio,D,46,,,,,,,,,,,3,10,13,,31.0,2,6.0,0.0,1.0,1.0,0.0,52.0,0.0577,1036.8043,23.2,0.0
2017,COL,8475168,Matt,Duchene,C,14,,,,,,,,,,,4,6,10,,4.0,2,1.0,1.0,0.0,1.0,0.0,23.0,0.1739,946.0714,20.4,0.565
2017,COL,8475197,Tyson,Barrie,D,68,,,,,,,,,,,14,43,57,,22.0,2,-15.0,7.0,0.0,3.0,0.0,178.0,0.0787,1361.8235,26.1,0.0
2017,COL,8475268,Gabriel,Bourque,L,58,,,,,,,,,,,5,6,11,,12.0,2,-6.0,0.0,0.0,1.0,0.0,44.0,0.1136,654.2586,15.0,0.3043
2017,COL,8475729,Mark,Alt,D,7,,,,,,,,,,,0,0,0,,0.0,2,-1.0,0.0,0.0,0.0,0.0,6.0,0.0,679.7143,15.9,0.0
2017,COL,8475747,Patrik,Nemeth,D,68,,,,,,,,,,,3,12,15,,41.0,2,27.0,0.0,0.0,0.0,0.0,73.0,0.0411,1191.3824,24.7,0.0
2017,COL,8476428,Rocco,Grimaldi,R,6,,,,,,,,,,,1,2,3,,0.0,2,0.0,0.0,0.0,0.0,0.0,7.0,0.1429,578.5,14.2,0.0
2017,COL,8476442,Matt,Nieto,L,74,,,,,,,,,,,15,11,26,,14.0,2,6.0,0.0,1.0,1.0,0.0,84.0,0.1786,894.5405,20.2,0.3077
2017,COL,8476455,Gabriel,Landeskog,L,78,,,,,,,,,,,25,37,62,,37.0,2,16.0,8.0,0.0,1.0,0.0,183.0,0.1366,1208.5897,24.0,0.5144
2017,COL,8476464,Duncan,Siemens,D,16,,,,,,,,,,,1,1,2,,23.0,2,-5.0,0.0,0.0,0.0,0.0,14.0,0.0714,739.125,17.4,0.0
2017,COL,8476855,Nail,Yakupov,R,58,,,,,,,,,,,9,7,16,,26.0,2,2.0,3.0,0.0,1.0,0.0,94.0,0.0957,650.2931,14.9,0.0
2017,COL,8476952,Dominic,Toninato,C,37,,,,,,,,,,,0,2,2,,12.0,2,0.0,0.0,0.0,0.0,0.0,25.0,0.0,473.8649,11.5,0.4171
2017,COL,8477021,Alexander,Kerfoot,C,79,,,,,,,,,,,19,24,43,,28.0,2,-7.0,5.0,0.0,0.0,0.0,81.0,0.2346,806.5063,17.7,0.4207
2017,COL,8477413,Sven,Andrighetto,R,50,,,,,,,,,,,8,14,22,,10.0,2,-15.0,3.0,0.0,2.0,0.0,111.0,0.0721,869.18,18.5,0.3182
2017,COL,8477453,Chris,Bigras,D,15,,,,,,,,,,,0,1,1,,2.0,2,-2.0,0.0,0.0,0.0,0.0,8.0,0.0,831.6,18.9,0.0
2017,COL,8477456,J.T.,Compher,L,69,,,,,,,,,,,13,10,23,,20.0,2,-29.0,4.0,2.0,3.0,2.0,131.0,0.0992,959.9855,20.3,0.4512
2017,COL,8477492,Nathan,MacKinnon,C,74,,,,,,,,,,,39,58,97,,55.0,2,11.0,12.0,0.0,12.0,3.0,284.0,0.1373,1194.3108,23.8,0.4192
2017,COL,8477507,Nikita,Zadorov,D,77,,,,,,,,,,,7,13,20,,103.0,2,4.0,0.0,0.0,1.0,0.0,94.0,0.0745,1167.9091,24.6,0.0
2017,COL,8477973,Vladislav,Kamenev,C,3,,,,,,,,,,,0,0,0,,0.0,2,-2.0,0.0,0.0,0.0,0.0,1.0,0.0,529.3333,12.3,0.3889
2017,COL,8478073,Anton,Lindholm,D,48,,,,,,,,,,,0,4,4,,14.0,2,4.0,0.0,0.0,0.0,0.0,22.0,0.0,790.1458,18.7,0.0
2017,COL,8478420,Mikko,Rantanen,R,81,,,,,,,,,,,29,55,84,,34.0,2,0.0,12.0,0.0,3.0,0.0,178.0,0.1629,1137.7654,22.8,0.5128
2017,COL,8478421,A.J.,Greer,L,17,,,,,,,,,,,0,3,3,,29.0,2,2.0,0.0,0.0,0.0,0.0,13.0,0.0,443.5882,11.1,0.3333
2017,COL,8478842,Andrei,Mironov,D,10,,,,,,,,,,,1,2,3,,12.0,2,2.0,0.0,0.0,0.0,0.0,3.0,0.3333,662.8,15.9,0.0
2017,COL,8479370,Tyson,Jost,C,65,,,,,,,,,,,12,10,22,,26.0,2,-10.0,5.0,0.0,1.0,0.0,113.0,0.1062,878.0308,18.1,0.3668
2017,COL,8479398,Samuel,Girard,D,68,,,,,,,,,,,3,17,20,,6.0,2,-8.0,1.0,0.0,0.0,0.0,76.0,0.0395,1062.1471,22.0,0.0
2017,COL,8473541,Jonathan,Bernier,G,4,4.0,1.0,3.0,,3.869777,0.883333,120.0,106.0,14.0,0.0,0,0,0,13024.0,,3,,,,,,,,,,
2017,COL,8477202,Andrew,Hammond,G,3,2.0,1.0,1.0,,2.618496,0.933333,90.0,84.0,6.0,0.0,0,0,0,8249.0,,3,,,,,,,,,,
2017,COL,8471260,Blake,Comeau,L,6,,,,,,,,,,,2,0,2,,2.0,3,-3.0,0.0,0.0,0.0,0.0,9.0,0.2222,919.6667,20.7,0.3448
2017,COL,8471262,Carl,Soderberg,C,6,,,,,,,,,,,0,2,2,,2.0,3,-3.0,0.0,0.0,0.0,0.0,8.0,0.0,902.3333,20.2,0.4921
2017,COL,8474569,Colin,Wilson,C,6,,,,,,,,,,,0,1,1,,0.0,3,-2.0,0.0,0.0,0.0,0.0,8.0,0.0,640.5,16.2,0.4
2017,COL,8474660,David,Warsofsky,D,4,,,,,,,,,,,0,0,0,,2.0,3,1.0,0.0,0.0,0.0,0.0,2.0,0.0,547.25,14.0,0.0
2017,COL,8474717,Mark,Barberio,D,6,,,,,,,,,,,0,1,1,,6.0,3,-1.0,0.0,0.0,0.0,0.0,11.0,0.0,1337.5,28.3,0.0
2017,COL,8475197,Tyson,Barrie,D,6,,,,,,,,,,,0,4,4,,2.0,3,-3.0,0.0,0.0,0.0,0.0,12.0,0.0,1420.8333,26.8,0.0
2017,COL,8475268,Gabriel,Bourque,L,6,,,,,,,,,,,2,0,2,,0.0,3,1.0,0.0,0.0,0.0,0.0,6.0,0.3333,607.8333,15.0,0.1667
2017,COL,8475747,Patrik,Nemeth,D,6,,,,,,,,,,,0,1,1,,4.0,3,-2.0,0.0,0.0,0.0,0.0,8.0,0.0,1422.3333,27.8,0.0
2017,COL,8476442,Matt,Nieto,L,6,,,,,,,,,,,0,3,3,,2.0,3,-1.0,0.0,0.0,0.0,0.0,5.0,0.0,920.6667,20.8,0.0
2017,COL,8476455,Gabriel,Landeskog,L,6,,,,,,,,,,,4,3,7,,8.0,3,-4.0,2.0,0.0,0.0,0.0,17.0,0.2353,1229.6667,25.2,0.3509
2017,COL,8476464,Duncan,Siemens,D,5,,,,,,,,,,,0,0,0,,0.0,3,-4.0,0.0,0.0,0.0,0.0,1.0,0.0,440.8,11.4,0.0
2017,COL,8477021,Alexander,Kerfoot,C,6,,,,,,,,,,,2,0,2,,2.0,3,-1.0,0.0,0.0,0.0,0.0,7.0,0.2857,734.1667,17.7,0.4727
2017,COL,8477413,Sven,Andrighetto,R,6,,,,,,,,,,,1,0,1,,6.0,3,1.0,0.0,0.0,1.0,0.0,12.0,0.0833,758.8333,16.0,0.0
2017,COL,8477456,J.T.,Compher,L,6,,,,,,,,,,,0,3,3,,2.0,3,-2.0,0.0,0.0,0.0,0.0,4.0,0.0,724.3333,17.7,0.4444
2017,COL,8477492,Nathan,MacKinnon,C,6,,,,,,,,,,,3,3,6,,4.0,3,-2.0,0.0,0.0,1.0,0.0,28.0,0.1071,1298.0,24.7,0.3765
2017,COL,8477507,Nikita,Zadorov,D,6,,,,,,,,,,,1,2,3,,32.0,3,1.0,0.0,0.0,0.0,0.0,9.0,0.1111,1251.0,25.5,0.0
2017,COL,8478420,Mikko,Rantanen,R,6,,,,,,,,,,,0,4,4,,0.0,3,-1.0,0.0,0.0,0.0,0.0,10.0,0.0,1177.1667,23.2,0.0
2017,COL,8479370,Tyson,Jost,C,6,,,,,,,,,,,0,1,1,,0.0,3,-2.0,0.0,0.0,0.0,0.0,9.0,0.0,867.5,16.2,0.3333
2017,COL,8479398,Samuel,Girard,D,3,,,,,,,,,,,0,0,0,,0.0,3,-3.0,0.0,0.0,0.0,0.0,6.0,0.0,1318.6667,26.3,0.0
2017,DAL,8470093,Mike,McKenna,G,2,1.0,1.0,1.0,0.0,2.960525,0.9,50.0,45.0,5.0,0.0,0,0,0,6080.0,,2,,,,,,,,,,
2017,DAL,8470140,Kari,Lehtonen,G,37,30.0,15.0,14.0,3.0,2.561332,0.912262,946.0,863.0,83.0,1.0,0,0,0,116658.0,4.0,2,,,,,,,,,,
2017,DAL,8471750,Ben,Bishop,G,53,51.0,26.0,17.0,5.0,2.49408,0.916493,1437.0,1317.0,120.0,5.0,0,1,1,173210.0,4.0,2,,,,,,,,,,
2017,DAL,8469455,Jason,Spezza,C,78,,,,,,,,,,,8,18,26,,12.0,2,-12.0,4.0,0.0,3.0,0.0,138.0,0.058,780.359,18.8,0.5582
2017,DAL,8469465,Dan,Hamhuis,D,80,,,,,,,,,,,3,21,24,,33.0,2,-6.0,0.0,0.0,1.0,0.0,66.0,0.0455,1211.2875,27.0,0.0
2017,DAL,8470760,Marc,Methot,D,36,,,,,,,,,,,1,2,3,,31.0,2,11.0,0.0,0.0,0.0,0.0,25.0,0.04,1073.0,26.5,0.0
2017,DAL,8471228,Alexander,Radulov,R,82,,,,,,,,,,,27,45,72,,72.0,2,4.0,7.0,0.0,4.0,2.0,217.0,0.1244,1207.6707,25.5,0.6
2017,DAL,8471490,Adam,Cracknell,R,1,,,,,,,,,,,0,0,0,,0.0,2,0.0,0.0,0.0,0.0,0.0,2.0,0.0,515.0,13.0,0.5
2017,DAL,8471691,Martin,Hanzal,C,38,,,,,,,,,,,5,5,10,,23.0,2,-14.0,2.0,0.0,1.0,0.0,62.0,0.0806,846.5263,21.5,0.5507
2017,DAL,8473994,Jamie,Benn,L,82,,,,,,,,,,,36,43,79,,54.0,2,20.0,9.0,1.0,7.0,1.0,241.0,0.1494,1189.378,28.9,0.5248
2017,DAL,8474688,Greg,Pateryn,D,73,,,,,,,,,,,1,12,13,,50.0,2,6.0,0.0,0.0,0.0,0.0,100.0,0.01,1176.9589,26.4,0.0
2017,DAL,8474849,Antoine,Roussel,L,73,,,,,,,,,,,5,12,17,,126.0,2,1.0,0.0,0.0,0.0,0.0,85.0,0.0588,745.9041,19.9,0.5789
2017,DAL,8475310,Curtis,McKenzie,L,7,,,,,,,,,,,0,2,2,,11.0,2,3.0,0.0,0.0,0.0,0.0,11.0,0.0,486.1429,12.6,0.0
2017,DAL,8475730,Stephen,Johns,D,75,,,,,,,,,,,8,7,15,,41.0,2,10.0,0.0,0.0,2.0,0.0,121.0,0.0661,1052.68,24.7,0.0
2017,DAL,8475752,Tyler,Pitlick,C,80,,,,,,,,,,,14,13,27,,34.0,2,9.0,0.0,0.0,2.0,0.0,129.0,0.1085,820.775,21.5,0.2766
2017,DAL,8475794,Tyler,Seguin,C,82,,,,,,,,,,,40,38,78,,43.0,2,12.0,14.0,1.0,6.0,1.0,335.0,0.1194,1254.5122,28.9,0.5486
2017,DAL,8475906,John,Klingberg,D,82,,,,,,,,,,,8,59,67,,26.0,2,10.0,1.0,0.0,3.0,0.0,204.0,0.0392,1444.4756,27.7,0.0
2017,DAL,8476439,Brett,Ritchie,R,71,,,,,,,,,,,7,7,14,,42.0,2,1.0,2.0,0.0,0.0,0.0,117.0,0.0598,650.3521,16.5,0.0
2017,DAL,8476467,Jamie,Oleksiak,D,21,,,,,,,,,,,1,2,3,,18.0,2,-6.0,0.0,0.0,0.0,0.0,17.0,0.0588,900.0476,21.9,0.0
2017,DAL,8476889,Radek,Faksa,C,79,,,,,,,,,,,17,16,33,,36.0,2,21.0,0.0,2.0,3.0,0.0,118.0,0.1441,916.2785,23.3,0.5162
2017,DAL,8476902,Esa,Lindell,D,80,,,,,,,,,,,7,20,27,,24.0,2,19.0,2.0,0.0,0.0,0.0,137.0,0.0511,1324.7125,28.0,0.0
2017,DAL,8476913,Devin,Shore,C,82,,,,,,,,,,,11,21,32,,14.0,2,-30.0,2.0,1.0,1.0,0.0,123.0,0.0894,925.7073,22.8,0.4632
2017,DAL,8476966,Gemel,Smith,C,46,,,,,,,,,,,6,5,11,,17.0,2,5.0,0.0,0.0,0.0,0.0,42.0,0.1429,565.8913,13.8,0.4574
2017,DAL,8477406,Mattias,Janmark,C,81,,,,,,,,,,,19,15,34,,24.0,2,-13.0,4.0,2.0,4.0,1.0,136.0,0.1397,1015.5679,23.6,0.3944
2017,DAL,8477450,Jason,Dickinson,C,27,,,,,,,,,,,0,2,2,,17.0,2,-2.0,0.0,0.0,0.0,0.0,16.0,0.0,512.037,13.1,0.4859
2017,DAL,8477461,Remi,Elie,L,72,,,,,,,,,,,6,8,14,,18.0,2,5.0,0.0,0.0,1.0,0.0,70.0,0.0857,615.2361,15.7,0.3571
2017,DAL,8477471,Dillon,Heatherington,D,6,,,,,,,,,,,0,1,1,,26.0,2,3.0,0.0,0.0,0.0,0.0,6.0,0.0,651.0,16.0,0.0
2017,DAL,8477945,Julius,Honka,D,42,,,,,,,,,,,1,3,4,,14.0,2,-1.0,0.0,0.0,0.0,0.0,42.0,0.0238,780.5476,19.3,0.0
2017,DET,8470657,Jimmy,Howard,G,60,57.0,22.0,27.0,9.0,2.850678,0.909605,1770.0,1610.0,160.0,1.0,0,1,1,202057.0,10.0,2,,,,,,,,,,
2017,DET,8475852,Petr,Mrazek,G,22,18.0,8.0,7.0,3.0,2.889691,0.909524,630.0,573.0,57.0,3.0,0,0,0,71011.0,,2,,,,,,,,,,
2017,DET,8477225,Jared,Coreau,G,7,7.0,0.0,5.0,1.0,4.2583,0.866995,203.0,176.0,27.0,0.0,0,0,0,22826.0,,2,,,,,,,,,,
2017,DET,8468083,Henrik,Zetterberg,C,82,,,,,,,,,,,11,45,56,,14.0,2,1.0,1.0,0.0,2.0,0.0,180.0,0.0611,1169.8049,23.5,0.4844
2017,DET,8468509,Niklas,Kronwall,D,79,,,,,,,,,,,4,23,27,,36.0,2,-14.0,2.0,0.0,0.0,0.0,76.0,0.0526,1111.3165,24.2,0.0
2017,DET,8470110,Trevor,Daley,D,77,,,,,,,,,,,9,7,16,,36.0,2,-5.0,0.0,1.0,4.0,1.0,103.0,0.0874,1241.7662,28.8,0.0
2017,DET,8470144,Frans,Nielsen,C,79,,,,,,,,,,,16,17,33,,14.0,2,1.0,4.0,2.0,3.0,0.0,134.0,0.1194,949.6582,23.4,0.464
2017,DET,8470318,Jonathan,Ericsson,D,81,,,,,,,,,,,3,10,13,,47.0,2,-7.0,0.0,0.0,0.0,0.0,86.0,0.0349,1158.5062,26.7,1.0
2017,DET,8471242,Mike,Green,D,66,,,,,,,,,,,8,25,33,,38.0,2,-14.0,1.0,0.0,0.0,0.0,132.0,0.0606,1324.9242,28.4,0.0
2017,DET,8471266,David,Booth,L,28,,,,,,,,,,,4,1,5,,10.0,2,-5.0,0.0,0.0,0.0,0.0,33.0,0.1212,418.25,10.4,0.4
2017,DET,8471716,Justin,Abdelkader,L,75,,,,,,,,,,,13,22,35,,78.0,2,-11.0,4.0,0.0,0.0,0.0,110.0,0.1182,993.0533,22.2,0.4845
2017,DET,8471794,Darren,Helm,C,75,,,,,,,,,,,13,18,31,,39.0,2,3.0,0.0,2.0,0.0,0.0,141.0,0.0922,933.9733,22.6,0.4412
2017,DET,8474679,Gustav,Nyquist,R,82,,,,,,,,,,,21,19,40,,20.0,2,-2.0,3.0,0.0,2.0,0.0,213.0,0.0986,1071.0732,22.1,0.4615
2017,DET,8474722,Luke,Witkowski,D,31,,,,,,,,,,,1,3,4,,68.0,2,-1.0,0.0,0.0,0.0,0.0,16.0,0.0625,413.1935,9.9,0.5
2017,DET,8474873,Brian,Lashoff,D,1,,,,,,,,,,,0,0,0,,0.0,2,0.0,0.0,0.0,0.0,0.0,0.0,0.0,242.0,5.0,0.0
2017,DET,8475193,Tomas,Tatar,L,62,,,,,,,,,,,16,12,28,,24.0,2,-8.0,8.0,0.0,3.0,1.0,140.0,0.1143,1004.3871,22.7,0.1111
2017,DET,8475324,Nick,Jensen,D,81,,,,,,,,,,,0,15,15,,27.0,2,-8.0,0.0,0.0,0.0,0.0,107.0,0.0,975.3333,22.9,0.0
2017,DET,8475772,Riley,Sheahan,C,8,,,,,,,,,,,0,0,0,,4.0,2,0.0,0.0,0.0,0.0,0.0,5.0,0.0,542.625,13.3,0.4211
2017,DET,8476293,Scott,Wilson,C,17,,,,,,,,,,,0,0,0,,0.0,2,-1.0,0.0,0.0,0.0,0.0,10.0,0.0,447.5294,11.2,0.75
2017,DET,8476443,Xavier,Ouellet,D,45,,,,,,,,,,,0,7,7,,6.0,2,-3.0,0.0,0.0,0.0,0.0,57.0,0.0,831.4667,18.3,0.0
2017,DET,8476822,Luke,Glendening,C,69,,,,,,,,,,,11,8,19,,17.0,2,-14.0,1.0,2.0,2.0,0.0,88.0,0.125,791.942,20.1,0.5803
2017,DET,8476924,Martin,Frk,R,68,,,,,,,,,,,11,14,25,,14.0,2,-14.0,5.0,0.0,0.0,0.0,99.0,0.1111,617.2353,14.1,0.0
2017,DET,8476960,Andreas,Athanasiou,C,71,,,,,,,,,,,16,17,33,,16.0,2,-15.0,1.0,0.0,2.0,1.0,170.0,0.0941,918.8451,20.6,0.4157
2017,DET,8477215,Danny,DeKeyser,D,65,,,,,,,,,,,6,6,12,,28.0,2,2.0,0.0,0.0,0.0,0.0,65.0,0.0923,1219.3231,29.0,0.0
2017,DET,8477479,Tyler,Bertuzzi,L,48,,,,,,,,,,,7,17,24,,39.0,2,-7.0,1.0,0.0,1.0,0.0,83.0,0.0843,864.0,18.8,0.125
2017,DET,8477511,Anthony,Mantha,R,80,,,,,,,,,,,24,24,48,,52.0,2,-1.0,9.0,0.0,2.0,0.0,190.0,0.1263,1037.625,21.2,0.3269
2017,DET,8477946,Dylan,Larkin,C,82,,,,,,,,,,,16,47,63,,61.0,2,-9.0,1.0,2.0,4.0,0.0,232.0,0.069,1190.6098,25.3,0.4992
2017,DET,8477994,Dominic,Turgeon,C,5,,,,,,,,,,,0,0,0,,2.0,2,-2.0,0.0,0.0,0.0,0.0,3.0,0.0,554.0,13.2,0.3333
2017,DET,8478176,Joe,Hicketts,D,5,,,,,,,,,,,0,3,3,,2.0,2,5.0,0.0,0.0,0.0,0.0,2.0,0.0,1040.8,22.4,0.0
2017,DET,8478431,Evgeny,Svechnikov,L,14,,,,,,,,,,,2,2,4,,8.0,2,-2.0,0.0,0.0,0.0,0.0,15.0,0.1333,529.2143,12.8,0.2
2017,EDM,8471219,Al,Montoya,G,9,5.0,2.0,2.0,2.0,2.94107,0.905738,244.0,221.0,23.0,0.0,0,1,1,28153.0,,2,,,,,,,,,,
2017,EDM,8475660,Cam,Talbot,G,67,67.0,31.0,31.0,3.0,3.024047,0.907662,2036.0,1848.0,188.0,1.0,0,1,1,223806.0,8.0,2,,,,,,,,,,
2017,EDM,8476316,Laurent,Brossoit,G,14,10.0,3.0,7.0,1.0,3.242218,0.883382,343.0,303.0,40.0,0.0,0,1,1,44414.0,,2,,,,,,,,,,
2017,EDM,8469500,Michael,Cammalleri,L,51,,,,,,,,,,,4,18,22,,14.0,2,-4.0,1.0,0.0,0.0,0.0,104.0,0.0385,846.3529,18.2,0.5487
2017,EDM,8469638,Jussi,Jokinen,L,14,,,,,,,,,,,0,1,1,,2.0,2,-3.0,0.0,0.0,0.0,0.0,22.0,0.0,738.7143,18.4,0.5172
2017,EDM,8471284,Andrej,Sekera,D,36,,,,,,,,,,,0,8,8,,6.0,2,-15.0,0.0,0.0,0.0,0.0,36.0,0.0,979.8333,22.3,0.0
2017,EDM,8471729,Kris,Russell,D,78,,,,,,,,,,,4,17,21,,8.0,2,-7.0,0.0,0.0,0.0,0.0,90.0,0.0444,1144.1026,25.8,0.0
2017,EDM,8473468,Eric,Gryba,D,21,,,,,,,,,,,0,2,2,,31.0,2,4.0,0.0,0.0,0.0,0.0,19.0,0.0,884.0,21.4,0.0
2017,EDM,8473473,Milan,Lucic,L,82,,,,,,,,,,,10,24,34,,80.0,2,-12.0,3.0,0.0,1.0,0.0,147.0,0.068,957.6341,20.1,0.5577
2017,EDM,8473914,Mark,Letestu,C,60,,,,,,,,,,,8,11,19,,10.0,2,-17.0,3.0,2.0,1.0,1.0,95.0,0.0842,784.55,18.1,0.5347
2017,EDM,8474034,Patrick,Maroon,L,57,,,,,,,,,,,14,16,30,,60.0,2,5.0,0.0,0.0,3.0,0.0,121.0,0.1157,1023.8596,20.7,0.4737
2017,EDM,8474089,Brad,Malone,C,7,,,,,,,,,,,0,0,0,,6.0,2,0.0,0.0,0.0,0.0,0.0,9.0,0.0,479.2857,12.3,0.6774
2017,EDM,8475178,Zack,Kassian,R,74,,,,,,,,,,,7,12,19,,92.0,2,-8.0,0.0,0.0,0.0,0.0,86.0,0.0814,700.1622,16.0,0.2083
2017,EDM,8475869,Brandon,Davidson,D,23,,,,,,,,,,,3,1,4,,10.0,2,-2.0,0.0,0.0,0.0,0.0,28.0,0.1071,1041.3043,24.1,0.0
2017,EDM,8476336,Iiro,Pakarinen,R,40,,,,,,,,,,,2,1,3,,6.0,2,1.0,0.0,0.0,0.0,0.0,50.0,0.04,611.6,15.5,0.1667
2017,EDM,8476397,Keegan,Lowe,D,2,,,,,,,,,,,0,0,0,,0.0,2,-1.0,0.0,0.0,0.0,0.0,4.0,0.0,834.0,20.0,0.0
2017,EDM,8476427,Ty,Rattie,R,14,,,,,,,,,,,5,4,9,,2.0,2,1.0,0.0,0.0,1.0,0.0,32.0,0.1563,928.2857,18.4,0.0
2017,EDM,8476454,Ryan,Nugent-Hopkins,C,62,,,,,,,,,,,24,24,48,,20.0,2,10.0,4.0,2.0,2.0,1.0,151.0,0.1589,1085.4032,22.5,0.4876
2017,EDM,8476457,Adam,Larsson,D,63,,,,,,,,,,,4,9,13,,34.0,2,10.0,0.0,0.0,1.0,0.0,92.0,0.0435,1315.9365,27.3,0.0
2017,EDM,8476458,Ryan,Strome,C,82,,,,,,,,,,,13,21,34,,33.0,2,-4.0,2.0,0.0,3.0,0.0,147.0,0.0884,913.2073,19.8,0.4426
2017,EDM,8476472,Oscar,Klefbom,D,66,,,,,,,,,,,5,16,21,,18.0,2,-12.0,1.0,1.0,1.0,1.0,203.0,0.0246,1370.8333,27.6,0.0
2017,EDM,8476857,Pontus,Aberg,L,16,,,,,,,,,,,2,6,8,,2.0,2,1.0,0.0,0.0,1.0,0.0,31.0,0.0645,878.375,17.4,0.0
2017,EDM,8476915,Jujhar,Khaira,L,69,,,,,,,,,,,11,10,21,,47.0,2,-7.0,0.0,1.0,2.0,0.0,73.0,0.1507,762.4493,17.5,0.4543
2017,EDM,8476988,Matt,Benning,D,73,,,,,,,,,,,6,15,21,,49.0,2,5.0,0.0,0.0,2.0,0.0,111.0,0.0541,1036.9315,24.0,0.0
2017,EDM,8477415,Anton,Slepyshev,L,50,,,,,,,,,,,6,6,12,,8.0,2,-4.0,0.0,0.0,0.0,0.0,73.0,0.0822,708.62,15.8,0.1429
2017,EDM,8477498,Darnell,Nurse,D,82,,,,,,,,,,,6,20,26,,67.0,2,15.0,0.0,0.0,2.0,1.0,194.0,0.0309,1334.9878,27.7,0.0
2017,EDM,8477573,Nathan,Walker,L,2,,,,,,,,,,,0,0,0,,2.0,2,-1.0,0.0,0.0,0.0,0.0,2.0,0.0,620.0,14.5,0.0
2017,EDM,8477934,Leon,Draisaitl,C,78,,,,,,,,,,,25,45,70,,30.0,2,-7.0,6.0,3.0,1.0,1.0,194.0,0.1289,1159.2179,22.6,0.5609
2017,EDM,8478402,Connor,McDavid,C,82,,,,,,,,,,,41,67,108,,26.0,2,20.0,5.0,1.0,7.0,2.0,274.0,0.1496,1293.0976,23.7,0.4136
2017,EDM,8478451,Ethan,Bear,D,18,,,,,,,,,,,1,3,4,,10.0,2,-11.0,1.0,0.0,0.0,0.0,20.0,0.05,1117.9444,23.2,0.0
2017,EDM,8479344,Jesse,Puljujarvi,R,65,,,,,,,,,,,12,8,20,,14.0,2,-1.0,2.0,0.0,2.0,0.0,136.0,0.0882,802.0615,17.5,0.0
2017,EDM,8479465,Drake,Caggiula,L,67,,,,,,,,,,,13,7,20,,37.0,2,-13.0,3.0,1.0,1.0,0.0,104.0,0.125,813.0149,17.9,0.2075
2017,EDM,8479483,Yohann,Auvitu,D,33,,,,,,,,,,,3,6,9,,8.0,2,4.0,0.0,0.0,0.0,0.0,69.0,0.0435,813.3333,18.9,0.0
2017,EDM,8479977,Kailer,Yamamoto,R,9,,,,,,,,,,,0,3,3,,2.0,2,-2.0,0.0,0.0,0.0,0.0,23.0,0.0,909.5556,18.4,0.0
2017,FLA,8466141,Roberto,Luongo,G,35,33.0,18.0,11.0,2.0,2.472066,0.929134,1143.0,1062.0,81.0,3.0,0,2,2,117958.0,,2,,,,,,,,,,
2017,FLA,8473503,James,Reimer,G,44,42.0,22.0,14.0,6.0,2.985793,0.9126,1373.0,1253.0,120.0,4.0,0,1,1,144685.0,4.0,2,,,,,,,,,,
2017,FLA,8474550,Antti,Niemi,G,2,0.0,0.0,1.0,0.0,5.110729,0.871795,39.0,34.0,5.0,0.0,0,0,0,3522.0,,2,,,,,,,,,,
2017,FLA,8474667,Harri,Sateri,G,9,7.0,4.0,4.0,0.0,2.923261,0.911439,271.0,247.0,24.0,0.0,0,0,0,29556.0,,2,,,,,,,,,,
2017,FLA,8468001,Derek,MacKenzie,C,75,,,,,,,,,,,3,11,14,,31.0,2,-9.0,0.0,1.0,0.0,0.0,86.0,0.0349,678.48,17.5,0.5207
2017,FLA,8468085,Radim,Vrbata,R,42,,,,,,,,,,,5,9,14,,16.0,2,-7.0,2.0,0.0,0.0,0.0,88.0,0.0568,774.3095,19.1,0.3333
2017,FLA,8471735,Keith,Yandle,D,82,,,,,,,,,,,8,48,56,,35.0,2,7.0,1.0,0.0,1.0,0.0,179.0,0.0447,1469.3415,29.4,0.0
2017,FLA,8473465,Jamie,McGinn,L,76,,,,,,,,,,,13,16,29,,33.0,2,-5.0,4.0,0.0,0.0,0.0,116.0,0.1121,807.25,19.4,0.2692
2017,FLA,8474098,Colton,Sceviour,C,76,,,,,,,,,,,11,13,24,,24.0,2,6.0,0.0,1.0,2.0,0.0,141.0,0.078,806.3684,19.0,0.4873
2017,FLA,8474149,Evgenii,Dadonov,L,74,,,,,,,,,,,28,37,65,,8.0,2,10.0,6.0,0.0,6.0,0.0,188.0,0.1489,1121.9324,22.6,0.0
2017,FLA,8474230,Micheal,Haley,L,75,,,,,,,,,,,3,6,9,,212.0,2,-13.0,0.0,0.0,1.0,0.0,55.0,0.0545,467.4533,11.9,0.475
2017,FLA,8475736,Connor,Brickley,L,44,,,,,,,,,,,4,8,12,,19.0,2,-6.0,0.0,0.0,2.0,0.0,62.0,0.0645,713.4545,17.2,0.1875
2017,FLA,8475755,Alexander,Petrovic,D,67,,,,,,,,,,,2,11,13,,98.0,2,-2.0,0.0,0.0,1.0,0.0,60.0,0.0333,879.403,19.1,0.0
2017,FLA,8475760,Nick,Bjugstad,C,82,,,,,,,,,,,19,30,49,,41.0,2,5.0,1.0,0.0,1.0,0.0,230.0,0.0826,907.1829,20.6,0.5101
2017,FLA,8475796,Mark,Pysyk,D,82,,,,,,,,,,,3,13,16,,20.0,2,-8.0,0.0,0.0,0.0,0.0,106.0,0.0283,1125.6707,25.8,0.0
2017,FLA,8476322,Chase,Balisy,C,8,,,,,,,,,,,0,0,0,,0.0,2,-2.0,0.0,0.0,0.0,0.0,6.0,0.0,589.0,15.4,0.3667
2017,FLA,8476389,Vincent,Trocheck,C,82,,,,,,,,,,,31,44,75,,54.0,2,-9.0,13.0,3.0,5.0,0.0,287.0,0.108,1281.8537,26.4,0.5409
2017,FLA,8476456,Jonathan,Huberdeau,L,82,,,,,,,,,,,27,42,69,,32.0,2,-2.0,7.0,0.0,4.0,0.0,204.0,0.1324,1152.378,23.3,0.4773
2017,FLA,8476875,Mike,Matheson,D,81,,,,,,,,,,,10,17,27,,61.0,2,-1.0,1.0,0.0,2.0,1.0,167.0,0.0599,1280.2346,26.9,0.0
2017,FLA,8477346,MacKenzie,Weegar,D,60,,,,,,,,,,,2,6,8,,32.0,2,5.0,0.0,0.0,0.0,0.0,58.0,0.0345,874.3333,19.2,0.0
2017,FLA,8477452,Ian,McCoshen,D,38,,,,,,,,,,,3,1,4,,25.0,2,-10.0,0.0,0.0,1.0,0.0,26.0,0.1154,904.5526,20.1,0.0
2017,FLA,8477493,Aleksander,Barkov,C,79,,,,,,,,,,,27,51,78,,14.0,2,9.0,5.0,5.0,3.0,0.0,256.0,0.1055,1324.2025,27.3,0.5351
2017,FLA,8477583,Curtis,Valk,C,1,,,,,,,,,,,0,0,0,,0.0,2,0.0,0.0,0.0,0.0,0.0,0.0,0.0,205.0,6.0,0.0
2017,FLA,8477932,Aaron,Ekblad,D,82,,,,,,,,,,,16,22,38,,71.0,2,9.0,5.0,0.0,4.0,1.0,189.0,0.0847,1403.3415,29.0,0.0
2017,FLA,8477955,Jared,McCann,L,68,,,,,,,,,,,9,19,28,,30.0,2,11.0,1.0,0.0,4.0,1.0,143.0,0.0629,795.3088,19.8,0.3855
2017,FLA,8478211,Dryden,Hunt,L,11,,,,,,,,,,,0,1,1,,2.0,2,-5.0,0.0,0.0,0.0,0.0,12.0,0.0,633.7273,16.1,0.25
2017,FLA,8478366,Frank,Vatrano,R,16,,,,,,,,,,,5,3,8,,12.0,2,6.0,0.0,0.0,0.0,0.0,30.0,0.1667,779.1875,18.5,0.8
2017,FLA,8478843,Denis,Malgin,C,51,,,,,,,,,,,11,11,22,,6.0,2,4.0,1.0,0.0,3.0,0.0,79.0,0.1392,831.1765,19.3,0.4262
2017,FLA,8479404,Henrik,Borgstrom,C,4,,,,,,,,,,,1,0,1,,0.0,2,-1.0,0.0,0.0,0.0,0.0,6.0,0.1667,759.5,18.0,0.4054
2017,FLA,8479553,Maxim,Mamin,C,26,,,,,,,,,,,3,1,4,,7.0,2,2.0,0.0,0.0,1.0,0.0,28.0,0.1071,631.2308,15.3,0.0
2017,FLA,8480015,Owen,Tippett,R,7,,,,,,,,,,,1,0,1,,0.0,2,-6.0,0.0,0.0,0.0,0.0,17.0,0.0588,667.0,16.4,0.0
2017,FLA,8480164,Henrik,Haapala,L,5,,,,,,,,,,,0,1,1,,0.0,2,0.0,0.0,0.0,0.0,0.0,3.0,0.0,822.0,19.6,0.0
2017,LAK,8471734,Jonathan,Quick,G,64,63.0,33.0,28.0,3.0,2.398637,0.921264,1867.0,1720.0,147.0,5.0,0,4,4,220625.0,10.0,2,,,,,,,,,,
2017,LAK,8475311,Darcy,Kuemper,G,19,15.0,10.0,1.0,3.0,2.101644,0.932171,516.0,481.0,35.0,3.0,0,1,1,59953.0,,2,,,,,,,,,,
2017,LAK,8475789,Jack,Campbell,G,5,4.0,2.0,0.0,2.0,2.475461,0.924138,145.0,134.0,11.0,0.0,0,0,0,15997.0,,2,,,,,,,,,,
2017,LAK,8468483,Marian,Gaborik,R,30,,,,,,,,,,,7,7,14,,18.0,2,9.0,1.0,0.0,0.0,0.0,53.0,0.1321,859.4333,19.6,0.0
2017,LAK,8469500,Michael,Cammalleri,L,15,,,,,,,,,,,3,4,7,,4.0,2,1.0,2.0,0.0,0.0,0.0,24.0,0.125,758.1333,16.5,0.4839
2017,LAK,8469638,Jussi,Jokinen,L,18,,,,,,,,,,,1,4,5,,4.0,2,0.0,0.0,0.0,1.0,0.0,19.0,0.0526,674.8333,17.2,0.6024
2017,LAK,8469639,Brooks,Laich,C,12,,,,,,,,,,,0,1,1,,6.0,2,-5.0,0.0,0.0,0.0,0.0,10.0,0.0,671.5833,17.2,0.4862
2017,LAK,8470602,Dion,Phaneuf,D,26,,,,,,,,,,,3,7,10,,15.0,2,-7.0,3.0,0.0,0.0,0.0,48.0,0.0625,1167.9615,24.2,0.0
2017,LAK,8470604,Jeff,Carter,C,27,,,,,,,,,,,13,9,22,,2.0,2,4.0,6.0,1.0,2.0,1.0,85.0,0.1529,1070.5556,23.3,0.5578
2017,LAK,8470606,Dustin,Brown,R,81,,,,,,,,,,,28,33,61,,58.0,2,31.0,9.0,1.0,6.0,3.0,222.0,0.1261,1190.1852,24.9,0.3696
2017,LAK,8470775,Nate,Thompson,C,26,,,,,,,,,,,1,5,6,,10.0,2,-1.0,0.0,0.0,0.0,0.0,25.0,0.04,792.5769,19.5,0.5667
2017,LAK,8471338,Torrey,Mitchell,C,49,,,,,,,,,,,6,5,11,,28.0,2,-5.0,0.0,0.0,0.0,0.0,47.0,0.1277,712.5714,18.4,0.48
2017,LAK,8471685,Anze,Kopitar,C,82,,,,,,,,,,,35,57,92,,20.0,2,21.0,7.0,0.0,6.0,0.0,200.0,0.175,1325.0976,26.1,0.5413
2017,LAK,8473453,Trevor,Lewis,C,68,,,,,,,,,,,14,12,26,,25.0,2,-6.0,1.0,2.0,3.0,0.0,134.0,0.1045,914.0735,21.1,0.4312
2017,LAK,8474162,Jake,Muzzin,D,74,,,,,,,,,,,8,34,42,,40.0,2,10.0,4.0,0.0,1.0,0.0,154.0,0.0519,1299.0676,27.5,0.0
2017,LAK,8474166,Alec,Martinez,D,77,,,,,,,,,,,9,16,25,,34.0,2,3.0,2.0,0.0,0.0,0.0,111.0,0.0811,1371.7532,28.3,0.0
2017,LAK,8474563,Drew,Doughty,D,82,,,,,,,,,,,10,50,60,,54.0,2,23.0,3.0,1.0,4.0,1.0,205.0,0.0488,1610.1341,30.6,0.0
2017,LAK,8475160,Kyle,Clifford,L,50,,,,,,,,,,,6,4,10,,48.0,2,-4.0,0.0,0.0,0.0,0.0,81.0,0.0741,632.96,15.3,0.1111
2017,LAK,8475343,Nic,Dowd,C,16,,,,,,,,,,,0,1,1,,12.0,2,-3.0,0.0,0.0,0.0,0.0,11.0,0.0,477.375,12.3,0.5192
2017,LAK,8475726,Tyler,Toffoli,C,82,,,,,,,,,,,24,23,47,,16.0,2,9.0,6.0,0.0,6.0,1.0,251.0,0.0956,967.122,21.9,0.36
2017,LAK,8475762,Derek,Forbort,D,78,,,,,,,,,,,1,17,18,,49.0,2,18.0,0.0,0.0,0.0,0.0,78.0,0.0128,1247.2821,26.6,0.0
2017,LAK,8475857,Kevin,Gravel,D,16,,,,,,,,,,,0,3,3,,2.0,2,-3.0,0.0,0.0,0.0,0.0,20.0,0.0,842.0,18.3,0.0
2017,LAK,8476020,Andrew,Crescenzi,C,2,,,,,,,,,,,0,0,0,,2.0,2,0.0,0.0,0.0,0.0,0.0,0.0,0.0,471.5,14.0,0.5
2017,LAK,8476356,Tobias,Rieder,L,20,,,,,,,,,,,4,2,6,,0.0,2,-1.0,0.0,0.0,0.0,0.0,34.0,0.1176,770.3,18.2,0.0
2017,LAK,8476404,Andy,Andreoff,C,45,,,,,,,,,,,3,6,9,,50.0,2,-6.0,0.0,0.0,2.0,0.0,47.0,0.0638,563.3778,13.3,0.4528
2017,LAK,8476406,Nicholas,Shore,C,49,,,,,,,,,,,4,11,15,,12.0,2,-4.0,0.0,0.0,1.0,1.0,52.0,0.0769,873.9796,20.9,0.481
2017,LAK,8476871,Tanner,Pearson,L,82,,,,,,,,,,,15,25,40,,27.0,2,11.0,2.0,0.0,4.0,2.0,180.0,0.0833,958.061,22.7,0.4932
2017,LAK,8476983,Paul,LaDue,D,12,,,,,,,,,,,3,1,4,,6.0,2,5.0,1.0,0.0,2.0,0.0,13.0,0.2308,838.25,18.8,0.0
2017,LAK,8477073,Kurtis,MacDermid,L,34,,,,,,,,,,,1,3,4,,57.0,2,-4.0,0.0,0.0,0.0,0.0,19.0,0.0526,696.2353,16.7,0.0
2017,LAK,8477380,Jonny,Brodzinski,C,35,,,,,,,,,,,4,2,6,,6.0,2,4.0,0.0,0.0,1.0,0.0,53.0,0.0755,570.3143,13.7,0.4
2017,LAK,8477428,Justin,Auger,R,2,,,,,,,,,,,0,0,0,,0.0,2,-1.0,0.0,0.0,0.0,0.0,1.0,0.0,479.5,11.0,0.0
2017,LAK,8477850,Christian,Folin,D,65,,,,,,,,,,,3,10,13,,30.0,2,1.0,0.0,0.0,0.0,0.0,58.0,0.0517,939.4308,20.7,0.0
2017,LAK,8477960,Adrian,Kempe,R,81,,,,,,,,,,,16,21,37,,49.0,2,11.0,1.0,0.0,3.0,0.0,119.0,0.1345,799.8642,19.8,0.3851
2017,LAK,8478020,Michael,Amadio,R,37,,,,,,,,,,,4,4,8,,8.0,2,-2.0,1.0,0.0,0.0,0.0,28.0,0.1429,558.6757,13.2,0.4353
2017,LAK,8480113,Alex,Iafallo,L,75,,,,,,,,,,,9,16,25,,12.0,2,10.0,0.0,0.0,1.0,0.0,129.0,0.0698,906.2133,19.8,0.4667
2017,LAK,8480147,Oscar,Fantenberg,D,27,,,,,,,,,,,2,7,9,,11.0,2,2.0,0.0,0.0,0.0,0.0,33.0,0.0606,855.7407,19.4,0.0
2017,LAK,8480771,Daniel,Brickley,D,1,,,,,,,,,,,0,1,1,,0.0,2,1.0,0.0,0.0,0.0,0.0,0.0,0.0,648.0,14.0,0.0
2017,LAK,8471734,Jonathan,Quick,G,4,4.0,0.0,4.0,,1.547341,0.946565,131.0,124.0,7.0,0.0,0,0,0,16286.0,,3,,,,,,,,,,
2017,LAK,8470602,Dion,Phaneuf,D,4,,,,,,,,,,,0,1,1,,4.0,3,-1.0,0.0,0.0,0.0,0.0,6.0,0.0,1306.75,26.3,0.0
2017,LAK,8470604,Jeff,Carter,C,4,,,,,,,,,,,0,0,0,,2.0,3,0.0,0.0,0.0,0.0,0.0,11.0,0.0,1356.0,29.3,0.4154
2017,LAK,8470606,Dustin,Brown,R,4,,,,,,,,,,,0,1,1,,4.0,3,1.0,0.0,0.0,0.0,0.0,15.0,0.0,1450.25,30.8,0.0
2017,LAK,8470775,Nate,Thompson,C,4,,,,,,,,,,,0,0,0,,0.0,3,-1.0,0.0,0.0,0.0,0.0,1.0,0.0,693.75,20.3,0.7778
2017,LAK,8471338,Torrey,Mitchell,C,4,,,,,,,,,,,0,0,0,,0.0,3,-1.0,0.0,0.0,0.0,0.0,2.0,0.0,528.75,14.0,0.4615
2017,LAK,8471685,Anze,Kopitar,C,4,,,,,,,,,,,1,1,2,,0.0,3,0.0,0.0,0.0,0.0,0.0,9.0,0.1111,1621.0,32.8,0.6038
2017,LAK,8473453,Trevor,Lewis,C,4,,,,,,,,,,,0,0,0,,4.0,3,-2.0,0.0,0.0,0.0,0.0,6.0,0.0,1033.75,25.0,0.2222
2017,LAK,8474162,Jake,Muzzin,D,2,,,,,,,,,,,0,0,0,,2.0,3,-1.0,0.0,0.0,0.0,0.0,3.0,0.0,1217.0,25.0,0.0
2017,LAK,8474166,Alec,Martinez,D,4,,,,,,,,,,,0,0,0,,0.0,3,-2.0,0.0,0.0,0.0,0.0,8.0,0.0,1671.5,33.3,0.0
2017,LAK,8474563,Drew,Doughty,D,3,,,,,,,,,,,0,0,0,,0.0,3,1.0,0.0,0.0,0.0,0.0,6.0,0.0,1695.3333,28.3,0.0
2017,LAK,8475160,Kyle,Clifford,L,4,,,,,,,,,,,0,0,0,,6.0,3,-2.0,0.0,0.0,0.0,0.0,6.0,0.0,525.0,15.3,0.0
2017,LAK,8475726,Tyler,Toffoli,C,4,,,,,,,,,,,0,0,0,,0.0,3,-1.0,0.0,0.0,0.0,0.0,17.0,0.0,1085.75,25.3,0.0
2017,LAK,8475857,Kevin,Gravel,D,1,,,,,,,,,,,0,0,0,,0.0,3,-1.0,0.0,0.0,0.0,0.0,0.0,0.0,1205.0,26.0,0.0
2017,LAK,8476356,Tobias,Rieder,L,4,,,,,,,,,,,0,0,0,,0.0,3,-1.0,0.0,0.0,0.0,0.0,7.0,0.0,940.5,24.0,0.0
2017,LAK,8476871,Tanner,Pearson,L,4,,,,,,,,,,,0,0,0,,0.0,3,-1.0,0.0,0.0,0.0,0.0,8.0,0.0,1156.75,26.5,0.6667
2017,LAK,8476983,Paul,LaDue,D,2,,,,,,,,,,,1,0,1,,0.0,3,0.0,1.0,0.0,0.0,0.0,4.0,0.25,1087.0,23.0,0.0
2017,LAK,8477850,Christian,Folin,D,4,,,,,,,,,,,0,0,0,,0.0,3,-4.0,0.0,0.0,0.0,0.0,7.0,0.0,1045.0,23.3,0.0
2017,LAK,8477960,Adrian,Kempe,R,4,,,,,,,,,,,0,0,0,,2.0,3,-2.0,0.0,0.0,0.0,0.0,6.0,0.0,885.5,23.3,0.3667
2017,LAK,8478020,Michael,Amadio,R,1,,,,,,,,,,,0,1,1,,0.0,3,0.0,0.0,0.0,0.0,0.0,1.0,0.0,765.0,21.0,0.2
2017,LAK,8480113,Alex,Iafallo,L,3,,,,,,,,,,,1,0,1,,0.0,3,-1.0,0.0,0.0,0.0,0.0,3.0,0.3333,813.0,18.0,0.0
2017,LAK,8480147,Oscar,Fantenberg,D,4,,,,,,,,,,,0,1,1,,2.0,3,0.0,0.0,0.0,0.0,0.0,4.0,0.0,1528.0,32.3,0.0
2017,MIN,8471227,Devan,Dubnyk,G,60,59.0,35.0,16.0,7.0,2.521505,0.918033,1769.0,1624.0,145.0,5.0,0,3,3,207019.0,12.0,2,,,,,,,,,,
2017,MIN,8471774,Alex,Stalock,G,28,23.0,10.0,10.0,4.0,2.84899,0.909784,787.0,716.0,71.0,1.0,0,0,0,89716.0,,2,,,,,,,,,,
2017,MIN,8464989,Matt,Cullen,C,79,,,,,,,,,,,11,11,22,,20.0,2,-1.0,0.0,0.0,1.0,0.0,104.0,0.1058,713.5316,16.2,0.5035
2017,MIN,8469459,Mikko,Koivu,C,82,,,,,,,,,,,14,31,45,,46.0,2,9.0,3.0,0.0,2.0,0.0,170.0,0.0824,1109.2317,23.1,0.5137
2017,MIN,8470595,Eric,Staal,C,82,,,,,,,,,,,42,34,76,,42.0,2,8.0,11.0,2.0,4.0,0.0,241.0,0.1743,1068.7195,21.5,0.5121
2017,MIN,8470600,Ryan,Suter,D,78,,,,,,,,,,,6,45,51,,34.0,2,-1.0,1.0,0.0,2.0,0.0,149.0,0.0403,1606.641,27.0,0.0
2017,MIN,8470610,Zach,Parise,L,42,,,,,,,,,,,15,9,24,,14.0,2,0.0,2.0,0.0,4.0,0.0,119.0,0.1261,1024.9762,20.9,0.4167
2017,MIN,8470724,Kyle,Quincey,D,18,,,,,,,,,,,0,3,3,,28.0,2,-4.0,0.0,0.0,0.0,0.0,11.0,0.0,856.5556,19.6,0.0
2017,MIN,8471476,Daniel,Winnik,L,81,,,,,,,,,,,6,17,23,,27.0,2,5.0,0.0,0.0,0.0,0.0,82.0,0.0732,814.0741,18.2,0.4472
2017,MIN,8471811,Cal,O'Reilly,C,1,,,,,,,,,,,0,0,0,,0.0,2,0.0,0.0,0.0,0.0,0.0,1.0,0.0,496.0,12.0,0.4
2017,MIN,8473485,Chris,Stewart,R,47,,,,,,,,,,,9,4,13,,27.0,2,-1.0,1.0,0.0,1.0,0.0,59.0,0.1525,643.0426,14.5,0.3333
2017,MIN,8474589,Tyler,Ennis,R,73,,,,,,,,,,,8,14,22,,12.0,2,-1.0,2.0,0.0,3.0,0.0,115.0,0.0696,718.3973,15.3,0.25
2017,MIN,8474716,Jared,Spurgeon,D,61,,,,,,,,,,,9,28,37,,8.0,2,-6.0,3.0,0.0,2.0,1.0,110.0,0.0818,1472.7377,26.9,0.0
2017,MIN,8475157,Landon,Ferraro,C,2,,,,,,,,,,,1,0,1,,0.0,2,1.0,0.0,0.0,0.0,0.0,3.0,0.3333,265.0,7.0,0.0
2017,MIN,8475220,Marcus,Foligno,L,77,,,,,,,,,,,8,15,23,,72.0,2,2.0,1.0,0.0,2.0,0.0,79.0,0.1013,651.7792,14.7,0.4737
2017,MIN,8475613,Nate,Prosser,D,56,,,,,,,,,,,3,6,9,,19.0,2,8.0,0.0,1.0,1.0,0.0,27.0,0.1111,805.6786,17.5,0.0
2017,MIN,8475722,Jason,Zucker,L,82,,,,,,,,,,,33,31,64,,44.0,2,8.0,7.0,1.0,7.0,0.0,222.0,0.1486,1017.6585,20.6,0.2222
2017,MIN,8475745,Charlie,Coyle,C,66,,,,,,,,,,,11,26,37,,18.0,2,8.0,0.0,1.0,1.0,0.0,117.0,0.094,991.9848,20.5,0.5217
2017,MIN,8475798,Mikael,Granlund,C,77,,,,,,,,,,,21,46,67,,18.0,2,13.0,7.0,1.0,2.0,0.0,193.0,0.1088,1126.8961,22.4,0.552
2017,MIN,8475799,Nino,Niederreiter,R,63,,,,,,,,,,,18,14,32,,36.0,2,14.0,7.0,0.0,4.0,1.0,133.0,0.1353,900.0794,18.2,0.4545
2017,MIN,8476372,Nick,Seeler,D,22,,,,,,,,,,,0,4,4,,21.0,2,10.0,0.0,0.0,0.0,0.0,17.0,0.0,872.0909,19.2,0.0
2017,MIN,8476415,Kyle,Rau,C,3,,,,,,,,,,,0,1,1,,0.0,2,0.0,0.0,0.0,0.0,0.0,4.0,0.0,661.6667,16.0,0.0
2017,MIN,8476422,Mike,Reilly,D,38,,,,,,,,,,,2,8,10,,18.0,2,-6.0,0.0,0.0,0.0,0.0,36.0,0.0556,740.8684,16.2,0.0
2017,MIN,8476463,Jonas,Brodin,D,73,,,,,,,,,,,6,15,21,,30.0,2,23.0,0.0,0.0,1.0,0.0,77.0,0.0779,1296.2603,25.2,0.0
2017,MIN,8476465,Ryan,Murphy,D,21,,,,,,,,,,,2,3,5,,16.0,2,8.0,1.0,0.0,0.0,0.0,25.0,0.08,1140.6667,22.1,0.0
2017,MIN,8476619,Zack,Mitchell,R,23,,,,,,,,,,,3,2,5,,4.0,2,-2.0,1.0,0.0,1.0,0.0,17.0,0.1765,632.3478,15.0,0.4839
2017,MIN,8476856,Mathew,Dumba,D,82,,,,,,,,,,,14,36,50,,41.0,2,15.0,2.0,0.0,4.0,2.0,176.0,0.0795,1428.8902,25.8,1.0
2017,MIN,8477006,Christoph,Bertschy,C,1,,,,,,,,,,,0,0,0,,4.0,2,1.0,0.0,0.0,0.0,0.0,0.0,0.0,323.0,9.0,0.0
2017,MIN,8477369,Carson,Soucy,D,3,,,,,,,,,,,0,0,0,,2.0,2,-2.0,0.0,0.0,0.0,0.0,4.0,0.0,890.6667,21.0,0.0
2017,MIN,8477467,Gustav,Olofsson,D,41,,,,,,,,,,,0,8,8,,14.0,2,0.0,0.0,0.0,0.0,0.0,22.0,0.0,766.439,16.7,0.0
2017,MIN,8478011,Louie,Belpedio,D,1,,,,,,,,,,,0,2,2,,0.0,2,1.0,0.0,0.0,0.0,0.0,0.0,0.0,947.0,21.0,0.0
2017,MIN,8478413,Jordan,Greenway,L,6,,,,,,,,,,,0,1,1,,0.0,2,0.0,0.0,0.0,0.0,0.0,4.0,0.0,686.5,15.0,0.0
2017,MIN,8478493,Joel,Eriksson Ek,C,75,,,,,,,,,,,6,10,16,,22.0,2,2.0,0.0,0.0,0.0,0.0,124.0,0.0484,766.7067,16.9,0.4258
2017,MIN,8479316,Luke,Kunin,C,19,,,,,,,,,,,2,2,4,,13.0,2,-3.0,0.0,1.0,0.0,0.0,32.0,0.0625,778.6842,17.7,0.4444
2017,MIN,8480082,Justin,Kloos,C,1,,,,,,,,,,,0,0,0,,2.0,2,0.0,0.0,0.0,0.0,0.0,0.0,0.0,519.0,13.0,0.0
2017,MIN,8471227,Devan,Dubnyk,G,5,5.0,1.0,4.0,,3.388007,0.907895,152.0,138.0,14.0,0.0,0,0,0,14876.0,,3,,,,,,,,,,
2017,MIN,8471774,Alex,Stalock,G,1,0.0,,,,1.249564,0.9375,16.0,15.0,1.0,0.0,0,0,0,2881.0,,3,,,,,,,,,,
2017,MIN,8464989,Matt,Cullen,C,5,,,,,,,,,,,1,1,2,,2.0,3,-3.0,0.0,0.0,0.0,0.0,4.0,0.25,678.2,16.0,0.4375
2017,MIN,8469459,Mikko,Koivu,C,5,,,,,,,,,,,0,4,4,,2.0,3,-2.0,0.0,0.0,0.0,0.0,13.0,0.0,1089.4,21.8,0.4632
2017,MIN,8470595,Eric,Staal,C,5,,,,,,,,,,,1,1,2,,2.0,3,-3.0,0.0,0.0,0.0,0.0,14.0,0.0714,1104.2,20.4,0.6216
2017,MIN,8470610,Zach,Parise,L,3,,,,,,,,,,,3,0,3,,2.0,3,0.0,2.0,0.0,0.0,0.0,5.0,0.6,1015.6667,21.7,0.0
2017,MIN,8471476,Daniel,Winnik,L,5,,,,,,,,,,,0,1,1,,5.0,3,0.0,0.0,0.0,0.0,0.0,6.0,0.0,810.0,17.0,0.4359
2017,MIN,8474589,Tyler,Ennis,R,1,,,,,,,,,,,0,0,0,,0.0,3,-1.0,0.0,0.0,0.0,0.0,1.0,0.0,434.0,10.0,0.0
2017,MIN,8474716,Jared,Spurgeon,D,5,,,,,,,,,,,0,1,1,,0.0,3,-4.0,0.0,0.0,0.0,0.0,3.0,0.0,1308.0,27.8,0.0
2017,MIN,8475220,Marcus,Foligno,L,5,,,,,,,,,,,1,0,1,,16.0,3,-2.0,0.0,0.0,0.0,0.0,4.0,0.25,643.8,14.8,0.0
2017,MIN,8475613,Nate,Prosser,D,5,,,,,,,,,,,0,1,1,,14.0,3,-1.0,0.0,0.0,0.0,0.0,2.0,0.0,840.2,19.8,0.0
2017,MIN,8475722,Jason,Zucker,L,5,,,,,,,,,,,0,0,0,,0.0,3,-4.0,0.0,0.0,0.0,0.0,8.0,0.0,986.8,19.0,1.0
2017,MIN,8475745,Charlie,Coyle,C,5,,,,,,,,,,,0,0,0,,2.0,3,-3.0,0.0,0.0,0.0,0.0,10.0,0.0,846.2,19.4,0.4583
2017,MIN,8475798,Mikael,Granlund,C,5,,,,,,,,,,,1,2,3,,0.0,3,-1.0,1.0,0.0,0.0,0.0,6.0,0.1667,1104.0,22.0,0.6667
2017,MIN,8475799,Nino,Niederreiter,R,5,,,,,,,,,,,0,0,0,,0.0,3,-4.0,0.0,0.0,0.0,0.0,9.0,0.0,958.2,19.4,0.5
2017,MIN,8476372,Nick,Seeler,D,5,,,,,,,,,,,0,2,2,,7.0,3,1.0,0.0,0.0,0.0,0.0,5.0,0.0,1043.4,25.0,0.0
2017,MIN,8476415,Kyle,Rau,C,1,,,,,,,,,,,0,0,0,,0.0,3,-1.0,0.0,0.0,0.0,0.0,0.0,0.0,605.0,14.0,0.0
2017,MIN,8476463,Jonas,Brodin,D,5,,,,,,,,,,,0,2,2,,2.0,3,-3.0,0.0,0.0,0.0,0.0,9.0,0.0,1482.4,27.2,0.0
2017,MIN,8476465,Ryan,Murphy,D,1,,,,,,,,,,,0,0,0,,0.0,3,0.0,0.0,0.0,0.0,0.0,2.0,0.0,997.0,23.0,0.0
2017,MIN,8476856,Mathew,Dumba,D,5,,,,,,,,,,,1,1,2,,4.0,3,-4.0,0.0,0.0,1.0,0.0,10.0,0.1,1618.4,27.6,0.0
2017,MIN,8477369,Carson,Soucy,D,4,,,,,,,,,,,0,0,0,,0.0,3,-3.0,0.0,0.0,0.0,0.0,2.0,0.0,813.75,18.5,0.0
2017,MIN,8478413,Jordan,Greenway,L,5,,,,,,,,,,,1,1,2,,0.0,3,2.0,0.0,0.0,0.0,0.0,3.0,0.3333,852.0,18.0,0.0
2017,MIN,8478493,Joel,Eriksson Ek,C,5,,,,,,,,,,,0,1,1,,0.0,3,0.0,0.0,0.0,0.0,0.0,10.0,0.0,766.8,16.8,0.0
2017,MTL,8471219,Al,Montoya,G,4,3.0,2.0,1.0,0.0,3.774996,0.862745,102.0,88.0,14.0,0.0,0,1,1,13351.0,,2,,,,,,,,,,
2017,MTL,8471679,Carey,Price,G,49,48.0,16.0,26.0,7.0,3.110749,0.900471,1487.0,1339.0,148.0,1.0,0,0,0,171277.0,,2,,,,,,,,,,
2017,MTL,8474550,Antti,Niemi,G,19,17.0,7.0,5.0,4.0,2.455499,0.929054,592.0,550.0,42.0,1.0,0,0,0,61576.0,,2,,,,,,,,,,
2017,MTL,8479292,Charlie,Lindgren,G,14,14.0,4.0,8.0,2.0,3.025328,0.908096,457.0,415.0,42.0,2.0,0,0,0,49978.0,2.0,2,,,,,,,,,,
2017,MTL,8468309,Mark,Streit,D,2,,,,,,,,,,,0,0,0,,0.0,2,-2.0,0.0,0.0,0.0,0.0,3.0,0.0,853.0,21.0,0.0
2017,MTL,8469466,Ales,Hemsky,R,7,,,,,,,,,,,0,0,0,,10.0,2,-1.0,0.0,0.0,0.0,0.0,5.0,0.0,595.2857,14.0,0.0
2017,MTL,8469521,Tomas,Plekanec,C,60,,,,,,,,,,,6,18,24,,39.0,2,3.0,0.0,0.0,1.0,1.0,125.0,0.048,977.7333,23.0,0.5261
2017,MTL,8470642,Shea,Weber,D,26,,,,,,,,,,,6,10,16,,14.0,2,-8.0,2.0,0.0,1.0,0.0,75.0,0.08,1520.8846,30.6,0.0
2017,MTL,8471338,Torrey,Mitchell,C,11,,,,,,,,,,,0,0,0,,2.0,2,0.0,0.0,0.0,0.0,0.0,8.0,0.0,557.5455,14.4,0.6341
2017,MTL,8473507,Jeff,Petry,D,82,,,,,,,,,,,12,30,42,,28.0,2,-30.0,6.0,0.0,2.0,0.0,178.0,0.0674,1409.6951,28.7,0.0
2017,MTL,8473673,David,Schlemko,D,37,,,,,,,,,,,1,4,5,,6.0,2,3.0,0.0,0.0,1.0,0.0,38.0,0.0263,1083.8919,24.6,0.0
2017,MTL,8473991,Karl,Alzner,D,82,,,,,,,,,,,1,11,12,,40.0,2,-7.0,0.0,0.0,0.0,0.0,84.0,0.0119,1204.8293,27.2,0.0
2017,MTL,8474038,Paul,Byron,L,82,,,,,,,,,,,20,15,35,,23.0,2,-4.0,2.0,1.0,1.0,0.0,115.0,0.1739,967.5244,22.3,0.3704
2017,MTL,8474157,Max,Pacioretty,L,64,,,,,,,,,,,17,20,37,,30.0,2,-16.0,6.0,1.0,4.0,2.0,212.0,0.0802,1140.7344,23.5,0.35
2017,MTL,8474818,Jordie,Benn,D,77,,,,,,,,,,,4,11,15,,34.0,2,-2.0,0.0,0.0,0.0,0.0,106.0,0.0377,1138.2727,27.0,0.0
2017,MTL,8475235,Nicolas,Deslauriers,L,58,,,,,,,,,,,10,4,14,,55.0,2,7.0,0.0,0.0,1.0,0.0,77.0,0.1299,695.6897,15.4,0.6667
2017,MTL,8475278,Byron,Froese,C,48,,,,,,,,,,,3,8,11,,26.0,2,0.0,0.0,0.0,0.0,0.0,49.0,0.0612,694.7708,16.0,0.4432
2017,MTL,8475848,Brendan,Gallagher,R,82,,,,,,,,,,,31,23,54,,34.0,2,-13.0,8.0,1.0,4.0,0.0,278.0,0.1115,969.439,21.1,0.467
2017,MTL,8475869,Brandon,Davidson,D,13,,,,,,,,,,,0,1,1,,9.0,2,-3.0,0.0,0.0,0.0,0.0,13.0,0.0,895.6154,20.5,0.0
2017,MTL,8476381,Andrew,Shaw,R,51,,,,,,,,,,,10,10,20,,53.0,2,-8.0,5.0,0.0,0.0,0.0,94.0,0.1064,948.5686,19.4,0.5429
2017,MTL,8476400,Logan,Shaw,R,30,,,,,,,,,,,2,4,6,,8.0,2,-5.0,0.0,0.0,0.0,0.0,46.0,0.0435,745.1667,17.2,0.4731
2017,MTL,8476422,Mike,Reilly,D,19,,,,,,,,,,,0,8,8,,8.0,2,1.0,0.0,0.0,0.0,0.0,29.0,0.0,1211.5263,26.4,0.0
2017,MTL,8476476,Joe,Morrow,D,38,,,,,,,,,,,5,6,11,,26.0,2,-11.0,1.0,0.0,0.0,0.0,58.0,0.0862,1067.3158,24.0,0.0
2017,MTL,8476479,Phillip,Danault,C,52,,,,,,,,,,,8,17,25,,34.0,2,0.0,0.0,1.0,2.0,0.0,94.0,0.0851,995.2692,22.1,0.5278
2017,MTL,8476851,Alex,Galchenyuk,C,82,,,,,,,,,,,19,32,51,,22.0,2,-31.0,9.0,0.0,2.0,0.0,213.0,0.0892,974.0488,19.4,0.4495
2017,MTL,8476948,Charles,Hudon,L,72,,,,,,,,,,,10,20,30,,38.0,2,-12.0,3.0,0.0,1.0,0.0,179.0,0.0559,841.7361,18.1,0.4018
2017,MTL,8477446,Michael,McCarron,C,18,,,,,,,,,,,0,1,1,,32.0,2,-1.0,0.0,0.0,0.0,0.0,15.0,0.0,525.7222,12.9,0.4878
2017,MTL,8477455,Jacob,de la Rose,L,55,,,,,,,,,,,4,8,12,,29.0,2,-2.0,0.0,1.0,0.0,0.0,53.0,0.0755,710.7273,16.8,0.4411
2017,MTL,8477476,Artturi,Lehkonen,L,66,,,,,,,,,,,12,9,21,,20.0,2,-11.0,3.0,1.0,3.0,0.0,164.0,0.0732,989.2121,22.0,0.3667
2017,MTL,8477494,Jonathan,Drouin,L,77,,,,,,,,,,,13,33,46,,30.0,2,-28.0,4.0,0.0,4.0,0.0,164.0,0.0793,1055.961,20.7,0.4253
2017,MTL,8477510,Kerby,Rychel,L,4,,,,,,,,,,,1,1,2,,2.0,2,-2.0,0.0,0.0,0.0,0.0,7.0,0.1429,661.75,16.0,0.5
2017,MTL,8477642,Rinat,Valiev,D,2,,,,,,,,,,,0,0,0,,2.0,2,0.0,0.0,0.0,0.0,0.0,2.0,0.0,708.5,18.5,0.0
2017,MTL,8477901,Daniel,Carr,L,38,,,,,,,,,,,6,10,16,,8.0,2,2.0,2.0,0.0,0.0,0.0,52.0,0.1154,728.0263,15.9,0.1765
2017,MTL,8477957,Nikita,Scherbak,R,26,,,,,,,,,,,4,2,6,,8.0,2,-5.0,1.0,1.0,0.0,0.0,39.0,0.1026,802.6538,17.7,1.0
2017,MTL,8478004,Brett,Lernout,D,18,,,,,,,,,,,0,1,1,,6.0,2,-5.0,0.0,0.0,0.0,0.0,14.0,0.0,1003.5,22.5,0.0
2017,MTL,8478454,Noah,Juulsen,D,23,,,,,,,,,,,1,2,3,,4.0,2,1.0,0.0,0.0,0.0,0.0,33.0,0.0303,1165.3913,27.8,0.0
2017,MTL,8479376,Victor,Mete,D,49,,,,,,,,,,,0,7,7,,4.0,2,5.0,0.0,0.0,0.0,0.0,43.0,0.0,935.1837,21.4,0.0
2017,MTL,8480143,Jakub,Jerabek,D,25,,,,,,,,,,,1,3,4,,6.0,2,-1.0,0.0,0.0,0.0,0.0,22.0,0.0455,1040.8,23.8,0.0
2017,NJD,8471239,Cory,Schneider,G,40,40.0,17.0,16.0,6.0,2.932787,0.907166,1228.0,1114.0,114.0,1.0,0,0,0,139935.0,,2,,,,,,,,,,
2017,NJD,8475663,Eddie,Lack,G,4,3.0,1.0,2.0,0.0,3.182,0.902655,113.0,102.0,11.0,0.0,0,0,0,12445.0,,2,,,,,,,,,,
2017,NJD,8476234,Keith,Kinkaid,G,41,38.0,26.0,10.0,3.0,2.768144,0.912685,1214.0,1108.0,106.0,1.0,0,2,2,137854.0,2.0,2,,,,,,,,,,
2017,NJD,8478965,Kenneth,Appleby,G,3,1.0,0.0,1.0,0.0,1.447718,0.945455,55.0,52.0,3.0,0.0,0,0,0,7460.0,,2,,,,,,,,,,
2017,NJD,8470619,Brian,Boyle,C,69,,,,,,,,,,,13,10,23,,45.0,2,-9.0,5.0,0.0,2.0,0.0,120.0,0.1083,797.4783,17.1,0.5048
2017,NJD,8471226,Drew,Stafford,R,59,,,,,,,,,,,8,7,15,,10.0,2,-20.0,4.0,0.0,1.0,0.0,102.0,0.0784,831.5593,17.0,0.5062
2017,NJD,8471233,Travis,Zajac,C,63,,,,,,,,,,,12,14,26,,25.0,2,-8.0,2.0,1.0,0.0,0.0,91.0,0.1319,1074.4762,22.9,0.5091
2017,NJD,8472382,Andy,Greene,D,81,,,,,,,,,,,3,10,13,,21.0,2,-9.0,0.0,0.0,0.0,0.0,93.0,0.0323,1267.4321,28.3,0.0
2017,NJD,8473546,Michael,Grabner,L,21,,,,,,,,,,,2,3,5,,4.0,2,0.0,0.0,1.0,1.0,0.0,36.0,0.0556,879.2381,20.7,0.7
2017,NJD,8473933,Ben,Lovejoy,D,57,,,,,,,,,,,2,6,8,,25.0,2,7.0,0.0,0.0,0.0,0.0,74.0,0.027,995.4035,23.6,0.0
2017,NJD,8474034,Patrick,Maroon,L,17,,,,,,,,,,,3,10,13,,13.0,2,-4.0,1.0,0.0,1.0,0.0,20.0,0.15,885.8824,17.4,0.4
2017,NJD,8474625,Jimmy,Hayes,R,33,,,,,,,,,,,3,6,9,,6.0,2,-2.0,1.0,0.0,2.0,0.0,37.0,0.0811,715.6667,14.9,0.4
2017,NJD,8474641,Adam,Henrique,C,24,,,,,,,,,,,4,10,14,,6.0,2,-6.0,2.0,0.0,0.0,0.0,49.0,0.0816,1095.4583,23.5,0.4708
2017,NJD,8474774,Dalton,Prout,D,4,,,,,,,,,,,0,0,0,,13.0,2,-2.0,0.0,0.0,0.0,0.0,5.0,0.0,839.25,20.0,0.0
2017,NJD,8475149,Marcus,Johansson,L,29,,,,,,,,,,,5,9,14,,14.0,2,-11.0,1.0,0.0,0.0,0.0,42.0,0.119,959.4828,18.4,0.4865
2017,NJD,8475151,Kyle,Palmieri,C,62,,,,,,,,,,,24,20,44,,30.0,2,-1.0,11.0,0.0,5.0,0.0,181.0,0.1326,1038.5806,22.4,0.3333
2017,NJD,8475186,John,Moore,D,81,,,,,,,,,,,7,11,18,,47.0,2,3.0,0.0,1.0,2.0,2.0,141.0,0.0496,1200.5556,27.3,0.0
2017,NJD,8475222,Sami,Vatanen,D,57,,,,,,,,,,,3,25,28,,32.0,2,-1.0,1.0,0.0,0.0,0.0,123.0,0.0244,1364.5263,28.4,0.0
2017,NJD,8475791,Taylor,Hall,L,76,,,,,,,,,,,39,54,93,,34.0,2,14.0,13.0,1.0,7.0,3.0,278.0,0.1403,1148.5,22.9,0.4865
2017,NJD,8476207,Brian,Gibbons,C,59,,,,,,,,,,,12,14,26,,20.0,2,10.0,0.0,3.0,3.0,1.0,72.0,0.1667,865.8305,19.4,0.4314
2017,NJD,8476370,Blake,Pietila,L,2,,,,,,,,,,,0,0,0,,0.0,2,0.0,0.0,0.0,0.0,0.0,1.0,0.0,567.5,11.5,0.0
2017,NJD,8476399,Blake,Coleman,L,79,,,,,,,,,,,13,12,25,,50.0,2,7.0,0.0,3.0,2.0,0.0,146.0,0.089,863.7342,19.3,0.4693
2017,NJD,8476474,Stefan,Noesen,R,72,,,,,,,,,,,13,14,27,,36.0,2,12.0,0.0,0.0,4.0,0.0,127.0,0.1024,797.1944,17.6,0.3636
2017,NJD,8476923,Damon,Severson,D,76,,,,,,,,,,,9,15,24,,42.0,2,-8.0,0.0,0.0,2.0,0.0,121.0,0.0744,1180.7895,25.1,0.0
2017,NJD,8477355,Will,Butcher,D,81,,,,,,,,,,,5,39,44,,8.0,2,1.0,3.0,0.0,1.0,0.0,88.0,0.0568,963.8519,20.7,0.0
2017,NJD,8477425,Miles,Wood,L,76,,,,,,,,,,,19,13,32,,84.0,2,-6.0,3.0,0.0,2.0,0.0,170.0,0.1118,747.5395,16.8,0.6667
2017,NJD,8477463,Steven,Santini,D,36,,,,,,,,,,,2,8,10,,21.0,2,0.0,0.0,0.0,0.0,0.0,56.0,0.0357,1216.4444,27.4,0.0
2017,NJD,8477509,Mirco,Mueller,D,28,,,,,,,,,,,0,4,4,,4.0,2,1.0,0.0,0.0,0.0,0.0,19.0,0.0,1000.5357,23.7,0.0
2017,NJD,8477961,John,Quenneville,C,2,,,,,,,,,,,0,0,0,,0.0,2,-3.0,0.0,0.0,0.0,0.0,5.0,0.0,797.5,16.5,0.0
2017,NJD,8478401,Pavel,Zacha,C,69,,,,,,,,,,,8,17,25,,30.0,2,-3.0,2.0,1.0,0.0,0.0,112.0,0.0714,862.2754,18.8,0.4386
2017,NJD,8479250,Nick,Lappin,R,6,,,,,,,,,,,1,0,1,,4.0,2,2.0,0.0,0.0,0.0,0.0,7.0,0.1429,585.6667,13.8,0.0
2017,NJD,8479291,Kevin,Rooney,C,1,,,,,,,,,,,0,0,0,,0.0,2,0.0,0.0,0.0,0.0,0.0,3.0,0.0,706.0,18.0,0.3333
2017,NJD,8479407,Jesper,Bratt,L,74,,,,,,,,,,,13,22,35,,18.0,2,-16.0,4.0,1.0,2.0,0.0,100.0,0.13,915.0811,20.5,0.6364
2017,NJD,8480002,Nico,Hischier,C,82,,,,,,,,,,,20,32,52,,26.0,2,10.0,1.0,0.0,2.0,0.0,180.0,0.1111,978.561,21.7,0.4293
2017,NJD,8471239,Cory,Schneider,G,4,3.0,1.0,2.0,,1.784826,0.94958,119.0,113.0,6.0,0.0,0,1,1,12102.0,,3,,,,,,,,,,
2017,NJD,8476234,Keith,Kinkaid,G,2,2.0,0.0,2.0,,5.880215,0.804348,46.0,37.0,9.0,0.0,0,0,0,5510.0,,3,,,,,,,,,,
2017,NJD,8470619,Brian,Boyle,C,5,,,,,,,,,,,0,0,0,,14.0,3,1.0,0.0,0.0,0.0,0.0,2.0,0.0,526.8,13.6,0.4318
2017,NJD,8471226,Drew,Stafford,R,2,,,,,,,,,,,0,0,0,,10.0,3,-1.0,0.0,0.0,0.0,0.0,2.0,0.0,649.5,14.5,0.5
2017,NJD,8471233,Travis,Zajac,C,5,,,,,,,,,,,1,1,2,,0.0,3,0.0,1.0,0.0,0.0,0.0,8.0,0.125,1259.8,25.8,0.5417
2017,NJD,8472382,Andy,Greene,D,5,,,,,,,,,,,0,2,2,,6.0,3,-4.0,0.0,0.0,0.0,0.0,8.0,0.0,1285.4,28.8,0.0
2017,NJD,8473546,Michael,Grabner,L,2,,,,,,,,,,,0,0,0,,0.0,3,1.0,0.0,0.0,0.0,0.0,2.0,0.0,635.0,18.5,0.0
2017,NJD,8473933,Ben,Lovejoy,D,5,,,,,,,,,,,1,0,1,,2.0,3,1.0,0.0,0.0,0.0,0.0,8.0,0.125,905.0,22.2,0.0
2017,NJD,8474034,Patrick,Maroon,L,5,,,,,,,,,,,1,0,1,,0.0,3,-2.0,0.0,0.0,0.0,0.0,16.0,0.0625,995.6,18.6,0.1429
2017,NJD,8475149,Marcus,Johansson,L,3,,,,,,,,,,,0,0,0,,0.0,3,-2.0,0.0,0.0,0.0,0.0,4.0,0.0,1051.3333,20.0,0.5
2017,NJD,8475151,Kyle,Palmieri,C,5,,,,,,,,,,,1,2,3,,6.0,3,-4.0,1.0,0.0,0.0,0.0,13.0,0.0769,1071.4,24.0,0.5
2017,NJD,8475186,John,Moore,D,5,,,,,,,,,,,0,1,1,,12.0,3,-1.0,0.0,0.0,0.0,0.0,10.0,0.0,1105.0,26.0,0.0
2017,NJD,8475222,Sami,Vatanen,D,4,,,,,,,,,,,1,0,1,,0.0,3,-1.0,0.0,0.0,0.0,0.0,9.0,0.1111,1153.75,23.8,0.0
2017,NJD,8475791,Taylor,Hall,L,5,,,,,,,,,,,2,4,6,,6.0,3,-1.0,0.0,0.0,0.0,0.0,21.0,0.0952,1238.4,24.8,0.0
2017,NJD,8476207,Brian,Gibbons,C,2,,,,,,,,,,,0,0,0,,0.0,3,-2.0,0.0,0.0,0.0,0.0,0.0,0.0,625.5,16.0,1.0
2017,NJD,8476399,Blake,Coleman,L,5,,,,,,,,,,,2,0,2,,4.0,3,1.0,0.0,1.0,0.0,0.0,16.0,0.125,923.8,21.2,0.5714
2017,NJD,8476474,Stefan,Noesen,R,4,,,,,,,,,,,1,0,1,,4.0,3,1.0,0.0,0.0,1.0,0.0,9.0,0.1111,859.25,20.0,0.0
2017,NJD,8476923,Damon,Severson,D,4,,,,,,,,,,,0,0,0,,12.0,3,-1.0,0.0,0.0,0.0,0.0,12.0,0.0,1160.0,25.5,0.0
2017,NJD,8477355,Will,Butcher,D,5,,,,,,,,,,,1,3,4,,0.0,3,0.0,1.0,0.0,0.0,0.0,7.0,0.1429,1088.6,21.2,0.0
2017,NJD,8477425,Miles,Wood,L,5,,,,,,,,,,,0,0,0,,14.0,3,-1.0,0.0,0.0,0.0,0.0,6.0,0.0,585.2,14.4,0.0
2017,NJD,8477509,Mirco,Mueller,D,3,,,,,,,,,,,0,0,0,,0.0,3,-2.0,0.0,0.0,0.0,0.0,3.0,0.0,1029.3333,28.0,0.0
2017,NJD,8478401,Pavel,Zacha,C,5,,,,,,,,,,,0,0,0,,6.0,3,-1.0,0.0,0.0,0.0,0.0,5.0,0.0,921.0,21.6,0.3559
2017,NJD,8479407,Jesper,Bratt,L,1,,,,,,,,,,,0,0,0,,0.0,3,0.0,0.0,0.0,0.0,0.0,4.0,0.0,960.0,20.0,0.0
2017,NJD,8480002,Nico,Hischier,C,5,,,,,,,,,,,1,0,1,,0.0,3,-4.0,0.0,0.0,0.0,0.0,6.0,0.1667,992.8,24.8,0.5294
2017,NSH,8471469,Pekka,Rinne,G,59,59.0,42.0,13.0,4.0,2.313367,0.927174,1840.0,1706.0,134.0,8.0,0,1,1,208527.0,6.0,2,,,,,,,,,,
2017,NSH,8477424,Juuse,Saros,G,26,23.0,11.0,5.0,7.0,2.445433,0.924691,810.0,749.0,61.0,3.0,0,3,3,89800.0,,2,,,,,,,,,,
2017,NSH,8467370,Mike,Fisher,C,16,,,,,,,,,,,2,2,4,,8.0,2,0.0,0.0,0.0,1.0,0.0,14.0,0.1429,740.6875,18.8,0.5815
2017,NSH,8468486,Scott,Hartnell,L,62,,,,,,,,,,,13,11,24,,82.0,2,-3.0,2.0,0.0,2.0,0.0,82.0,0.1585,721.0806,17.7,0.2
2017,NSH,8471296,Alexei,Emelin,D,76,,,,,,,,,,,1,8,9,,40.0,2,9.0,0.0,0.0,0.0,0.0,59.0,0.0169,1012.8816,22.7,1.0
2017,NSH,8471657,Cody,McLeod,L,23,,,,,,,,,,,1,1,2,,72.0,2,0.0,0.0,0.0,0.0,0.0,11.0,0.0909,409.087,10.5,0.0
2017,NSH,8474009,Nick,Bonino,C,71,,,,,,,,,,,12,13,25,,20.0,2,4.0,0.0,0.0,0.0,0.0,83.0,0.1446,938.1408,23.6,0.5433
2017,NSH,8474056,P.K.,Subban,D,82,,,,,,,,,,,16,43,59,,82.0,2,18.0,5.0,0.0,2.0,0.0,207.0,0.0773,1446.878,28.3,0.3333
2017,NSH,8474068,Kyle,Turris,C,65,,,,,,,,,,,13,29,42,,24.0,2,22.0,5.0,0.0,0.0,0.0,119.0,0.1092,965.6,21.2,0.4952
2017,NSH,8474134,Yannick,Weber,D,47,,,,,,,,,,,2,3,5,,16.0,2,2.0,0.0,0.0,0.0,0.0,40.0,0.05,723.4468,17.3,0.0
2017,NSH,8474600,Roman,Josi,D,75,,,,,,,,,,,14,39,53,,24.0,2,24.0,7.0,0.0,3.0,1.0,253.0,0.0553,1468.2267,28.7,0.0
2017,NSH,8475176,Ryan,Ellis,D,44,,,,,,,,,,,9,23,32,,6.0,2,26.0,2.0,0.0,2.0,0.0,110.0,0.0818,1401.3864,27.9,0.0
2017,NSH,8475218,Mattias,Ekholm,D,81,,,,,,,,,,,10,24,34,,46.0,2,25.0,5.0,1.0,1.0,0.0,135.0,0.0741,1414.642,28.5,0.0
2017,NSH,8475225,Craig,Smith,C,79,,,,,,,,,,,25,26,51,,24.0,2,20.0,9.0,0.0,2.0,0.0,229.0,0.1092,922.8987,20.5,0.4255
2017,NSH,8475625,Matt,Irwin,D,50,,,,,,,,,,,2,6,8,,8.0,2,2.0,0.0,0.0,0.0,0.0,62.0,0.0323,805.92,18.8,0.0
2017,NSH,8475714,Calle,Jarnkrok,C,68,,,,,,,,,,,16,19,35,,12.0,2,20.0,1.0,2.0,3.0,1.0,105.0,0.1524,953.1176,23.2,0.5125
2017,NSH,8475766,Austin,Watson,L,76,,,,,,,,,,,14,5,19,,123.0,2,2.0,0.0,4.0,3.0,0.0,96.0,0.1458,739.8947,18.1,0.6279
2017,NSH,8475793,Ryan,Johansen,C,79,,,,,,,,,,,15,39,54,,78.0,2,13.0,1.0,0.0,3.0,0.0,129.0,0.1163,1112.9241,24.3,0.5544
2017,NSH,8475868,Anthony,Bitetto,D,32,,,,,,,,,,,1,2,3,,27.0,2,-1.0,0.0,0.0,1.0,0.0,25.0,0.04,806.375,18.6,0.0
2017,NSH,8476447,Miikka,Salomaki,R,58,,,,,,,,,,,2,6,8,,34.0,2,-8.0,0.0,0.0,0.0,0.0,51.0,0.0392,616.7759,14.9,0.4167
2017,NSH,8476857,Pontus,Aberg,L,37,,,,,,,,,,,2,6,8,,8.0,2,8.0,0.0,0.0,2.0,0.0,39.0,0.0513,665.8919,16.3,0.4
2017,NSH,8476887,Filip,Forsberg,L,67,,,,,,,,,,,26,38,64,,38.0,2,27.0,13.0,0.0,6.0,2.0,179.0,0.1453,1048.4478,23.9,0.4444
2017,NSH,8476925,Colton,Sissons,C,81,,,,,,,,,,,9,18,27,,42.0,2,2.0,1.0,0.0,4.0,0.0,120.0,0.075,965.6543,22.6,0.5529
2017,NSH,8477451,Ryan,Hartman,R,21,,,,,,,,,,,3,3,6,,14.0,2,-4.0,0.0,0.0,2.0,0.0,33.0,0.0909,825.8095,20.0,0.375
2017,NSH,8477919,Frederick,Gaudreau,C,20,,,,,,,,,,,0,3,3,,2.0,2,0.0,0.0,0.0,0.0,0.0,14.0,0.0,549.65,13.7,0.4964
2017,NSH,8477942,Kevin,Fiala,L,80,,,,,,,,,,,23,25,48,,26.0,2,20.0,4.0,0.0,4.0,0.0,187.0,0.123,908.8625,20.1,0.0
2017,NSH,8478042,Viktor,Arvidsson,L,78,,,,,,,,,,,29,32,61,,36.0,2,20.0,3.0,3.0,6.0,1.0,247.0,0.1174,1064.8974,24.1,0.3333
2017,NSH,8479398,Samuel,Girard,D,5,,,,,,,,,,,1,2,3,,2.0,2,-3.0,0.0,0.0,0.0,0.0,8.0,0.125,1014.6,22.8,0.0
2017,NSH,8480009,Eeli,Tolvanen,R,3,,,,,,,,,,,0,0,0,,0.0,2,0.0,0.0,0.0,0.0,0.0,3.0,0.0,726.6667,19.0,0.0
2017,NSH,8471469,Pekka,Rinne,G,13,13.0,7.0,6.0,,3.069875,0.903581,363.0,328.0,35.0,2.0,0,0,0,41044.0,2.0,3,,,,,,,,,,
2017,NSH,8477424,Juuse,Saros,G,4,0.0,,,,1.055718,0.952381,42.0,40.0,2.0,0.0,0,0,0,6820.0,,3,,,,,,,,,,
2017,NSH,8467370,Mike,Fisher,C,12,,,,,,,,,,,1,0,1,,2.0,3,0.0,0.0,0.0,0.0,0.0,13.0,0.0769,674.4167,18.7,0.65
2017,NSH,8468486,Scott,Hartnell,L,4,,,,,,,,,,,0,0,0,,0.0,3,-1.0,0.0,0.0,0.0,0.0,4.0,0.0,571.75,16.3,0.5
2017,NSH,8471296,Alexei,Emelin,D,10,,,,,,,,,,,0,0,0,,0.0,3,-1.0,0.0,0.0,0.0,0.0,2.0,0.0,679.1,15.8,0.0
2017,NSH,8474009,Nick,Bonino,C,13,,,,,,,,,,,2,3,5,,9.0,3,-1.0,0.0,0.0,0.0,0.0,26.0,0.0769,1007.5385,26.5,0.5337
2017,NSH,8474056,P.K.,Subban,D,13,,,,,,,,,,,4,5,9,,10.0,3,-2.0,4.0,0.0,1.0,0.0,38.0,0.1053,1595.1538,33.7,0.0
2017,NSH,8474068,Kyle,Turris,C,13,,,,,,,,,,,0,3,3,,6.0,3,-3.0,0.0,0.0,0.0,0.0,17.0,0.0,958.4615,22.2,0.4551
2017,NSH,8474134,Yannick,Weber,D,4,,,,,,,,,,,1,0,1,,2.0,3,2.0,0.0,0.0,0.0,0.0,3.0,0.3333,601.0,17.0,0.0
2017,NSH,8474600,Roman,Josi,D,13,,,,,,,,,,,0,4,4,,2.0,3,-4.0,0.0,0.0,0.0,0.0,47.0,0.0,1519.6923,32.5,0.0
2017,NSH,8475176,Ryan,Ellis,D,13,,,,,,,,,,,0,5,5,,8.0,3,-4.0,0.0,0.0,0.0,0.0,30.0,0.0,1493.2308,32.2,0.0
2017,NSH,8475218,Mattias,Ekholm,D,13,,,,,,,,,,,1,7,8,,12.0,3,4.0,0.0,0.0,1.0,0.0,20.0,0.05,1403.8462,32.4,0.0
2017,NSH,8475225,Craig,Smith,C,13,,,,,,,,,,,2,2,4,,2.0,3,-3.0,1.0,0.0,1.0,0.0,32.0,0.0625,943.2308,21.8,0.5
2017,NSH,8475625,Matt,Irwin,D,12,,,,,,,,,,,0,0,0,,2.0,3,1.0,0.0,0.0,0.0,0.0,6.0,0.0,640.8333,15.9,0.0
2017,NSH,8475714,Calle,Jarnkrok,C,7,,,,,,,,,,,0,1,1,,0.0,3,-3.0,0.0,0.0,0.0,0.0,7.0,0.0,746.0,20.6,0.4
2017,NSH,8475766,Austin,Watson,L,13,,,,,,,,,,,5,3,8,,12.0,3,3.0,0.0,0.0,0.0,0.0,25.0,0.2,864.7692,23.2,0.0
2017,NSH,8475793,Ryan,Johansen,C,13,,,,,,,,,,,5,9,14,,2.0,3,3.0,1.0,1.0,0.0,0.0,22.0,0.2273,1140.0,26.5,0.5983
2017,NSH,8476447,Miikka,Salomaki,R,8,,,,,,,,,,,0,0,0,,2.0,3,-1.0,0.0,0.0,0.0,0.0,11.0,0.0,626.375,16.5,0.0
2017,NSH,8476887,Filip,Forsberg,L,13,,,,,,,,,,,7,9,16,,2.0,3,2.0,1.0,0.0,1.0,0.0,58.0,0.1207,1065.0,25.8,0.0
2017,NSH,8476925,Colton,Sissons,C,13,,,,,,,,,,,3,4,7,,8.0,3,-2.0,0.0,0.0,0.0,0.0,18.0,0.1667,976.1538,25.5,0.5574
2017,NSH,8477451,Ryan,Hartman,R,9,,,,,,,,,,,2,1,3,,10.0,3,0.0,0.0,0.0,1.0,0.0,12.0,0.1667,716.8889,18.7,0.4286
2017,NSH,8477942,Kevin,Fiala,L,12,,,,,,,,,,,3,1,4,,8.0,3,-3.0,1.0,0.0,1.0,1.0,30.0,0.1,875.9167,20.9,0.0
2017,NSH,8478042,Viktor,Arvidsson,L,13,,,,,,,,,,,5,4,9,,6.0,3,-1.0,0.0,0.0,1.0,0.0,45.0,0.1111,1085.6154,24.9,0.0
2017,NYI,8470860,Jaroslav,Halak,G,54,49.0,20.0,26.0,6.0,3.194392,0.907683,1744.0,1583.0,161.0,1.0,0,0,0,181443.0,4.0,2,,,,,,,,,,
2017,NYI,8471306,Thomas,Greiss,G,27,25.0,13.0,8.0,2.0,3.821015,0.891923,879.0,784.0,95.0,1.0,0,0,0,89505.0,,2,,,,,,,,,,
2017,NYI,8476444,Christopher,Gibson,G,8,8.0,2.0,3.0,2.0,3.654536,0.908451,284.0,258.0,26.0,0.0,0,0,0,25612.0,,2,,,,,,,,,,
2017,NYI,8466251,Jason,Chimera,L,58,,,,,,,,,,,2,9,11,,35.0,2,-11.0,0.0,0.0,0.0,0.0,70.0,0.0286,673.0,15.8,0.36
2017,NYI,8469619,Dennis,Seidenberg,D,28,,,,,,,,,,,0,5,5,,17.0,2,-9.0,0.0,0.0,0.0,0.0,31.0,0.0,1072.9643,20.6,0.0
2017,NYI,8470187,Johnny,Boychuk,D,58,,,,,,,,,,,6,12,18,,30.0,2,-8.0,2.0,0.0,3.0,0.0,141.0,0.0426,1211.5172,24.4,0.0
2017,NYI,8470609,Steve,Bernier,R,4,,,,,,,,,,,0,0,0,,0.0,2,-2.0,0.0,0.0,0.0,0.0,4.0,0.0,603.25,13.3,0.5
2017,NYI,8471217,Andrew,Ladd,L,73,,,,,,,,,,,12,17,29,,24.0,2,11.0,0.0,1.0,2.0,0.0,112.0,0.1071,953.589,19.8,0.1
2017,NYI,8473504,Cal,Clutterbuck,R,76,,,,,,,,,,,8,10,18,,53.0,2,-7.0,0.0,1.0,1.0,0.0,101.0,0.0792,767.3289,17.8,0.35
2017,NYI,8473579,Nikolay,Kulemin,L,13,,,,,,,,,,,1,2,3,,0.0,2,0.0,0.0,0.0,0.0,0.0,7.0,0.1429,716.2308,16.9,0.4
2017,NYI,8474066,Thomas,Hickey,D,69,,,,,,,,,,,5,20,25,,24.0,2,20.0,0.0,0.0,0.0,0.0,87.0,0.0575,1084.3768,22.7,0.0
2017,NYI,8474573,Josh,Bailey,R,76,,,,,,,,,,,18,53,71,,17.0,2,-20.0,5.0,0.0,3.0,1.0,151.0,0.1192,1073.0395,20.3,0.22
2017,NYI,8474586,Jordan,Eberle,R,81,,,,,,,,,,,25,34,59,,21.0,2,5.0,3.0,0.0,7.0,1.0,183.0,0.1366,964.0864,19.1,0.3636
2017,NYI,8475166,John,Tavares,C,82,,,,,,,,,,,37,47,84,,26.0,2,-12.0,12.0,2.0,3.0,2.0,257.0,0.144,1195.5122,23.1,0.529
2017,NYI,8475177,Calvin,de Haan,D,33,,,,,,,,,,,1,11,12,,8.0,2,11.0,0.0,0.0,0.0,0.0,44.0,0.0227,1124.9697,23.3,0.0
2017,NYI,8475181,Nick,Leddy,D,80,,,,,,,,,,,10,32,42,,20.0,2,-42.0,4.0,0.0,1.0,1.0,153.0,0.0654,1345.2625,24.6,0.0
2017,NYI,8475231,Casey,Cizikas,C,64,,,,,,,,,,,7,10,17,,23.0,2,-12.0,0.0,1.0,0.0,0.0,74.0,0.0946,792.9063,19.0,0.5309
2017,NYI,8475314,Anders,Lee,L,82,,,,,,,,,,,40,22,62,,44.0,2,-25.0,14.0,0.0,2.0,0.0,208.0,0.1923,1036.0122,20.0,0.6875
2017,NYI,8475754,Brock,Nelson,C,82,,,,,,,,,,,19,16,35,,43.0,2,-4.0,4.0,0.0,3.0,1.0,138.0,0.1377,883.7073,18.3,0.4832
2017,NYI,8475780,Chris,Wagner,R,15,,,,,,,,,,,1,0,1,,2.0,2,-3.0,0.0,0.0,0.0,0.0,15.0,0.0667,752.1333,14.8,0.5208
2017,NYI,8475869,Brandon,Davidson,D,15,,,,,,,,,,,1,1,2,,4.0,2,-8.0,0.0,0.0,0.0,0.0,22.0,0.0455,1058.0667,21.0,0.0
2017,NYI,8476386,Shane,Prince,L,14,,,,,,,,,,,1,1,2,,11.0,2,-3.0,0.0,0.0,0.0,0.0,20.0,0.05,720.1429,14.5,0.4545
2017,NYI,8476409,Alan,Quine,C,21,,,,,,,,,,,0,3,3,,4.0,2,-2.0,0.0,0.0,0.0,0.0,15.0,0.0,704.1429,15.1,0.3883
2017,NYI,8476429,Scott,Mayfield,D,47,,,,,,,,,,,2,10,12,,45.0,2,-6.0,0.0,0.0,0.0,0.0,58.0,0.0345,1070.6809,21.6,0.0
2017,NYI,8476917,Adam,Pelech,D,78,,,,,,,,,,,3,16,19,,28.0,2,7.0,0.0,0.0,1.0,0.0,106.0,0.0283,1156.4487,23.6,0.0
2017,NYI,8477506,Ryan,Pulock,D,68,,,,,,,,,,,10,22,32,,14.0,2,-4.0,5.0,0.0,0.0,0.0,184.0,0.0543,1104.3529,22.1,0.0
2017,NYI,8477527,Ross,Johnston,L,24,,,,,,,,,,,3,3,6,,62.0,2,0.0,0.0,0.0,0.0,0.0,19.0,0.1579,560.0833,12.9,0.2
2017,NYI,8477936,Michael,Dal Colle,L,4,,,,,,,,,,,0,0,0,,0.0,2,0.0,0.0,0.0,0.0,0.0,1.0,0.0,801.25,15.3,0.0
2017,NYI,8477959,Joshua,Ho-Sang,R,22,,,,,,,,,,,2,10,12,,2.0,2,-7.0,0.0,0.0,0.0,0.0,18.0,0.1111,856.7727,17.0,0.4
2017,NYI,8478445,Mathew,Barzal,C,82,,,,,,,,,,,22,63,85,,30.0,2,1.0,5.0,0.0,4.0,1.0,170.0,0.1294,1065.939,19.3,0.4257
2017,NYI,8478463,Anthony,Beauvillier,R,71,,,,,,,,,,,21,15,36,,16.0,2,2.0,3.0,0.0,2.0,0.0,132.0,0.1591,871.6056,17.8,0.4337
2017,NYI,8479206,Tanner,Fritz,C,34,,,,,,,,,,,3,4,7,,8.0,2,-3.0,0.0,0.0,0.0,0.0,27.0,0.1111,751.2941,15.6,0.4352
2017,NYI,8480222,Sebastian,Aho,D,22,,,,,,,,,,,1,3,4,,6.0,2,-5.0,1.0,0.0,0.0,0.0,24.0,0.0417,974.7273,19.7,0.0
2017,NYR,8468685,Henrik,Lundqvist,G,63,61.0,26.0,26.0,7.0,2.980699,0.914538,2036.0,1862.0,174.0,2.0,0,1,1,210152.0,,2,,,,,,,,,,
2017,NYR,8471715,Ondrej,Pavelec,G,19,12.0,4.0,9.0,1.0,3.05411,0.909804,510.0,464.0,46.0,1.0,0,0,0,54222.0,2.0,2,,,,,,,,,,
2017,NYR,8477990,Brandon,Halverson,G,1,0.0,,,0.0,4.780876,0.833333,6.0,5.0,1.0,0.0,0,0,0,753.0,,2,,,,,,,,,,
2017,NYR,8480382,Alexandar,Georgiev,G,10,9.0,4.0,4.0,1.0,3.147055,0.918429,331.0,304.0,27.0,0.0,0,0,0,30886.0,0.0,2,,,,,,,,,,
2017,NYR,8470041,Rick,Nash,L,60,,,,,,,,,,,18,10,28,,24.0,2,-8.0,3.0,0.0,2.0,0.0,189.0,0.0952,1025.5333,24.9,0.2353
2017,NYR,8471490,Adam,Cracknell,R,4,,,,,,,,,,,0,0,0,,0.0,2,-1.0,0.0,0.0,0.0,0.0,4.0,0.0,449.5,13.3,0.5
2017,NYR,8471657,Cody,McLeod,L,25,,,,,,,,,,,0,2,2,,39.0,2,-11.0,0.0,0.0,0.0,0.0,25.0,0.0,474.2,11.8,0.0
2017,NYR,8471686,Marc,Staal,D,72,,,,,,,,,,,1,7,8,,18.0,2,11.0,0.0,0.0,0.0,0.0,68.0,0.0147,1111.9306,25.3,0.0
2017,NYR,8471976,David,Desharnais,C,71,,,,,,,,,,,6,22,28,,18.0,2,-22.0,2.0,0.0,0.0,0.0,55.0,0.1091,783.4085,18.2,0.5506
2017,NYR,8473492,Matt,Beleskey,L,1,,,,,,,,,,,0,0,0,,4.0,2,-1.0,0.0,0.0,0.0,0.0,0.0,0.0,757.0,18.0,0.0
2017,NYR,8473546,Michael,Grabner,L,59,,,,,,,,,,,25,6,31,,12.0,2,11.0,0.0,1.0,2.0,0.0,131.0,0.1908,892.6271,22.1,0.25
2017,NYR,8474000,Steven,Kampfer,D,22,,,,,,,,,,,0,1,1,,20.0,2,-7.0,0.0,0.0,0.0,0.0,31.0,0.0,1035.0909,24.0,0.0
2017,NYR,8474008,Paul,Carey,C,60,,,,,,,,,,,7,7,14,,20.0,2,-13.0,1.0,1.0,1.0,0.0,51.0,0.1373,615.6,15.2,0.4634
2017,NYR,8474031,Kevin,Shattenkirk,D,46,,,,,,,,,,,5,18,23,,44.0,2,-14.0,2.0,0.0,1.0,1.0,94.0,0.0532,1216.3261,25.5,0.0
2017,NYR,8474090,Brendan,Smith,D,44,,,,,,,,,,,1,7,8,,69.0,2,2.0,0.0,0.0,0.0,0.0,66.0,0.0152,1030.0455,24.1,0.0
2017,NYR,8474151,Ryan,McDonagh,D,49,,,,,,,,,,,2,24,26,,20.0,2,7.0,1.0,0.0,0.0,0.0,77.0,0.026,1434.7959,29.8,0.0
2017,NYR,8474207,Nick,Holden,D,55,,,,,,,,,,,3,9,12,,14.0,2,-3.0,0.0,0.0,0.0,0.0,54.0,0.0556,1138.8909,26.0,0.0
2017,NYR,8475180,Peter,Holland,C,23,,,,,,,,,,,1,3,4,,7.0,2,-10.0,0.0,0.0,0.0,0.0,30.0,0.0333,743.6087,17.9,0.4714
2017,NYR,8475184,Chris,Kreider,L,58,,,,,,,,,,,16,21,37,,44.0,2,-2.0,7.0,0.0,0.0,0.0,137.0,0.1168,937.1034,21.7,0.4167
2017,NYR,8475692,Mats,Zuccarello,R,80,,,,,,,,,,,16,37,53,,36.0,2,-10.0,1.0,0.0,3.0,2.0,178.0,0.0899,1135.45,23.9,0.2625
2017,NYR,8475727,Ryan,Spooner,C,20,,,,,,,,,,,4,12,16,,2.0,2,-4.0,0.0,0.0,0.0,0.0,37.0,0.1081,1011.3,22.5,0.3026
2017,NYR,8475763,Kevin,Hayes,R,76,,,,,,,,,,,25,19,44,,18.0,2,1.0,6.0,2.0,4.0,0.0,172.0,0.1453,1041.1974,23.7,0.5054
2017,NYR,8475855,Jesper,Fast,R,71,,,,,,,,,,,13,20,33,,26.0,2,-10.0,0.0,0.0,0.0,0.0,80.0,0.1625,892.9014,22.0,0.3684
2017,NYR,8476303,Rob,O'Gara,D,22,,,,,,,,,,,0,3,3,,6.0,2,-2.0,0.0,0.0,0.0,0.0,19.0,0.0,1029.6818,23.5,0.0
2017,NYR,8476396,Steven,Fogarty,C,1,,,,,,,,,,,0,0,0,,2.0,2,0.0,0.0,0.0,0.0,0.0,1.0,0.0,736.0,19.0,0.0
2017,NYR,8476401,Daniel,Catenacci,C,1,,,,,,,,,,,0,0,0,,0.0,2,-1.0,0.0,0.0,0.0,0.0,1.0,0.0,663.0,16.0,0.0
2017,NYR,8476450,Ryan,Sproul,D,16,,,,,,,,,,,1,4,5,,6.0,2,-6.0,0.0,0.0,0.0,0.0,15.0,0.0667,982.25,22.9,0.0
2017,NYR,8476459,Mika,Zibanejad,C,72,,,,,,,,,,,27,20,47,,14.0,2,-23.0,14.0,0.0,4.0,1.0,212.0,0.1274,1077.9028,25.0,0.5082
2017,NYR,8476468,J.T.,Miller,C,63,,,,,,,,,,,13,27,40,,28.0,2,-1.0,6.0,0.0,4.0,2.0,98.0,0.1327,1000.1111,22.4,0.5429
2017,NYR,8476480,Vladislav,Namestnikov,C,19,,,,,,,,,,,2,2,4,,10.0,2,-5.0,1.0,0.0,0.0,0.0,28.0,0.0714,943.1053,21.3,0.4085
2017,NYR,8476869,Brady,Skjei,D,82,,,,,,,,,,,4,21,25,,39.0,2,-27.0,0.0,1.0,1.0,0.0,153.0,0.0261,1261.5,27.6,0.0
2017,NYR,8476918,Jimmy,Vesey,L,79,,,,,,,,,,,17,11,28,,20.0,2,-18.0,1.0,0.0,4.0,0.0,136.0,0.125,859.8734,19.0,0.4688
2017,NYR,8476922,Boo,Nieves,C,28,,,,,,,,,,,1,8,9,,12.0,2,6.0,0.0,0.0,0.0,0.0,23.0,0.0435,611.9286,15.9,0.4429
2017,NYR,8477337,John,Gilmour,D,28,,,,,,,,,,,2,3,5,,14.0,2,-11.0,1.0,0.0,1.0,1.0,61.0,0.0328,1030.5714,24.0,0.0
2017,NYR,8477402,Pavel,Buchnevich,L,74,,,,,,,,,,,14,29,43,,20.0,2,-3.0,5.0,0.0,4.0,0.0,136.0,0.1029,900.8514,20.3,0.2609
2017,NYR,8477950,Tony,DeAngelo,D,32,,,,,,,,,,,0,8,8,,11.0,2,-18.0,0.0,0.0,0.0,0.0,68.0,0.0,993.5625,22.2,1.0
2017,NYR,8479968,Vinni,Lettieri,C,19,,,,,,,,,,,1,4,5,,0.0,2,-12.0,0.0,0.0,0.0,0.0,28.0,0.0357,723.3684,17.1,0.4167
2017,NYR,8480072,Lias,Andersson,C,7,,,,,,,,,,,1,1,2,,0.0,2,1.0,0.0,0.0,0.0,0.0,5.0,0.2,716.7143,17.0,0.4043
2017,NYR,8480078,Filip,Chytil,C,9,,,,,,,,,,,1,2,3,,4.0,2,-5.0,0.0,0.0,0.0,0.0,21.0,0.0476,816.5556,16.8,0.3684
2017,NYR,8480145,Neal,Pionk,D,28,,,,,,,,,,,1,13,14,,12.0,2,-1.0,0.0,0.0,0.0,0.0,54.0,0.0185,1343.25,28.8,0.0
2017,OTT,8467950,Craig,Anderson,G,58,55.0,23.0,25.0,6.0,3.322532,0.898,1768.0,1588.0,180.0,2.0,0,0,0,195032.0,2.0,2,,,,,,,,,,
2017,OTT,8471433,Daniel,Taylor,G,1,1.0,0.0,1.0,0.0,4.10373,0.882353,34.0,30.0,4.0,0.0,0,0,0,3509.0,,2,,,,,,,,,,
2017,OTT,8477237,Mike,Condon,G,31,26.0,5.0,17.0,5.0,3.246397,0.902004,898.0,810.0,88.0,0.0,0,2,2,97585.0,,2,,,,,,,,,,
2017,OTT,8468483,Marian,Gaborik,R,16,,,,,,,,,,,4,3,7,,6.0,2,-7.0,2.0,0.0,0.0,0.0,27.0,0.1481,798.9375,17.6,0.0
2017,OTT,8469665,Johnny,Oduya,D,51,,,,,,,,,,,4,4,8,,32.0,2,2.0,0.0,0.0,0.0,0.0,58.0,0.069,1032.1765,24.5,0.0
2017,OTT,8470358,Alexandre,Burrows,R,71,,,,,,,,,,,6,8,14,,59.0,2,-8.0,2.0,0.0,2.0,0.0,90.0,0.0667,701.3803,16.9,0.2667
2017,OTT,8470602,Dion,Phaneuf,D,53,,,,,,,,,,,3,13,16,,34.0,2,-8.0,1.0,0.0,0.0,0.0,86.0,0.0349,1215.4528,27.6,0.0
2017,OTT,8470775,Nate,Thompson,C,43,,,,,,,,,,,4,7,11,,10.0,2,0.0,0.0,1.0,0.0,0.0,28.0,0.1429,750.0233,19.1,0.5628
2017,OTT,8471663,Mike,Blunden,R,1,,,,,,,,,,,0,0,0,,0.0,2,0.0,0.0,0.0,0.0,0.0,1.0,0.0,391.0,10.0,0.0
2017,OTT,8471676,Bobby,Ryan,R,62,,,,,,,,,,,11,22,33,,14.0,2,-12.0,1.0,0.0,1.0,0.0,112.0,0.0982,986.5,21.0,0.5455
2017,OTT,8471768,Tom,Pyatt,L,81,,,,,,,,,,,7,15,22,,10.0,2,-12.0,0.0,1.0,2.0,0.0,103.0,0.068,843.2346,20.3,0.3333
2017,OTT,8473544,Derick,Brassard,C,58,,,,,,,,,,,18,20,38,,30.0,2,-1.0,4.0,0.0,2.0,0.0,164.0,0.1098,1100.6207,23.6,0.496
2017,OTT,8474018,Christopher,DiDomenico,L,24,,,,,,,,,,,6,4,10,,8.0,2,-4.0,2.0,0.0,0.0,0.0,23.0,0.2609,707.1667,14.9,0.3158
2017,OTT,8474024,Jim,O'Brien,C,10,,,,,,,,,,,0,1,1,,0.0,2,-1.0,0.0,0.0,0.0,0.0,11.0,0.0,525.3,12.9,0.4219
2017,OTT,8474068,Kyle,Turris,C,11,,,,,,,,,,,3,6,9,,2.0,2,-3.0,2.0,0.0,0.0,0.0,26.0,0.1154,1181.5455,24.1,0.6107
2017,OTT,8474250,Zack,Smith,C,68,,,,,,,,,,,5,14,19,,54.0,2,-32.0,0.0,0.0,1.0,0.0,124.0,0.0403,1003.1912,22.0,0.479
2017,OTT,8474578,Erik,Karlsson,D,71,,,,,,,,,,,9,53,62,,36.0,2,-25.0,3.0,0.0,2.0,2.0,196.0,0.0459,1604.4225,30.4,0.0
2017,OTT,8474697,Mark,Borowiecki,D,52,,,,,,,,,,,3,8,11,,64.0,2,-6.0,0.0,0.0,0.0,0.0,66.0,0.0455,878.5385,21.4,0.0
2017,OTT,8474884,Mike,Hoffman,C,82,,,,,,,,,,,22,34,56,,32.0,2,-20.0,8.0,0.0,5.0,3.0,257.0,0.0856,1104.4146,22.5,0.55
2017,OTT,8475168,Matt,Duchene,C,68,,,,,,,,,,,23,26,49,,14.0,2,-23.0,8.0,0.0,2.0,1.0,167.0,0.1377,1131.6029,22.8,0.5234
2017,OTT,8475175,Magnus,Paajarvi,L,35,,,,,,,,,,,6,2,8,,4.0,2,-8.0,0.0,0.0,0.0,0.0,68.0,0.0882,844.8857,18.9,1.0
2017,OTT,8475227,Chris,Wideman,D,16,,,,,,,,,,,3,5,8,,6.0,2,5.0,2.0,0.0,0.0,0.0,24.0,0.125,693.375,17.4,0.0
2017,OTT,8475254,Gabriel,Dumont,C,23,,,,,,,,,,,1,1,2,,2.0,2,1.0,0.0,0.0,0.0,0.0,27.0,0.037,518.3913,13.4,0.2821
2017,OTT,8475328,Ben,Sexton,C,2,,,,,,,,,,,0,0,0,,0.0,2,-1.0,0.0,0.0,0.0,0.0,1.0,0.0,616.5,13.5,0.6
2017,OTT,8475913,Mark,Stone,R,58,,,,,,,,,,,20,42,62,,10.0,2,9.0,1.0,1.0,3.0,1.0,132.0,0.1515,1240.3793,24.9,0.541
2017,OTT,8475982,Erik,Burgdoerfer,D,2,,,,,,,,,,,0,1,1,,0.0,2,2.0,0.0,0.0,0.0,0.0,2.0,0.0,805.0,19.0,0.0
2017,OTT,8476288,Ryan,Dzingel,C,79,,,,,,,,,,,23,18,41,,35.0,2,-17.0,4.0,0.0,2.0,0.0,136.0,0.1691,989.6962,20.6,0.4286
2017,OTT,8476323,Max,McCormick,L,30,,,,,,,,,,,3,2,5,,37.0,2,-5.0,0.0,0.0,0.0,0.0,33.0,0.0909,501.0667,12.1,0.4286
2017,OTT,8476368,Fredrik,Claesson,D,64,,,,,,,,,,,1,6,7,,35.0,2,-7.0,0.0,0.0,0.0,0.0,60.0,0.0167,920.625,21.2,0.0
2017,OTT,8476406,Nicholas,Shore,C,6,,,,,,,,,,,0,1,1,,0.0,2,1.0,0.0,0.0,0.0,0.0,6.0,0.0,567.8333,12.5,0.5
2017,OTT,8476419,Jean-Gabriel,Pageau,C,78,,,,,,,,,,,14,15,29,,36.0,2,-14.0,1.0,1.0,2.0,1.0,147.0,0.0952,1004.3333,22.9,0.5119
2017,OTT,8476879,Cody,Ceci,D,82,,,,,,,,,,,5,14,19,,12.0,2,-27.0,0.0,0.0,1.0,0.0,143.0,0.035,1400.3659,29.8,0.0
2017,OTT,8476890,Patrick,Sieloff,D,1,,,,,,,,,,,1,0,1,,0.0,2,-2.0,0.0,0.0,0.0,0.0,3.0,0.3333,671.0,19.0,0.0
2017,OTT,8477426,Nick,Paul,L,11,,,,,,,,,,,1,0,1,,0.0,2,-4.0,0.0,0.0,0.0,0.0,11.0,0.0909,473.8182,11.1,0.25
2017,OTT,8477433,Ben,Harpur,D,41,,,,,,,,,,,0,1,1,,21.0,2,-21.0,0.0,0.0,0.0,0.0,26.0,0.0,893.1707,21.3,0.0
2017,OTT,8477971,Andreas,Englund,D,1,,,,,,,,,,,0,0,0,,0.0,2,1.0,0.0,0.0,0.0,0.0,0.0,0.0,681.0,16.0,0.0
2017,OTT,8478268,Jack,Rodewald,R,4,,,,,,,,,,,0,0,0,,2.0,2,-1.0,0.0,0.0,0.0,0.0,0.0,0.0,438.0,10.3,0.0
2017,OTT,8478400,Colin,White,C,21,,,,,,,,,,,2,4,6,,8.0,2,1.0,0.0,0.0,1.0,0.0,24.0,0.0833,800.6667,17.9,0.3333
2017,OTT,8478469,Thomas,Chabot,D,63,,,,,,,,,,,9,16,25,,14.0,2,-12.0,0.0,0.0,0.0,0.0,94.0,0.0957,1050.6508,22.9,0.0
2017,OTT,8478488,Filip,Chlapik,C,20,,,,,,,,,,,1,3,4,,4.0,2,-5.0,0.0,0.0,0.0,0.0,21.0,0.0476,604.35,13.9,0.4545
2017,OTT,8478846,Christian,Wolanin,D,10,,,,,,,,,,,1,2,3,,0.0,2,-4.0,0.0,0.0,0.0,0.0,14.0,0.0714,878.8,18.6,0.0
2017,OTT,8478868,Christian,Jaros,D,2,,,,,,,,,,,0,0,0,,0.0,2,0.0,0.0,0.0,0.0,0.0,0.0,0.0,478.0,14.0,0.0
2017,OTT,8479366,Logan,Brown,C,4,,,,,,,,,,,0,1,1,,0.0,2,0.0,0.0,0.0,0.0,0.0,4.0,0.0,487.75,10.8,0.3333
2017,OTT,8480029,Alex,Formenton,L,1,,,,,,,,,,,0,0,0,,0.0,2,0.0,0.0,0.0,0.0,0.0,0.0,0.0,294.0,7.0,0.0
2017,PHI,8470880,Brian,Elliott,G,43,42.0,23.0,11.0,7.0,2.664551,0.908795,1228.0,1116.0,112.0,1.0,0,1,1,151320.0,2.0,2,,,,,,,,,,
2017,PHI,8473607,Michal,Neuvirth,G,22,18.0,9.0,7.0,3.0,2.599358,0.915094,530.0,485.0,45.0,1.0,0,1,1,62323.0,,2,,,,,,,,,,
2017,PHI,8475852,Petr,Mrazek,G,17,15.0,6.0,6.0,3.0,3.219505,0.891111,450.0,401.0,49.0,1.0,0,0,0,54791.0,,2,,,,,,,,,,
2017,PHI,8479312,Alex,Lyon,G,11,7.0,4.0,2.0,1.0,2.751145,0.905172,232.0,210.0,22.0,0.0,0,0,0,28788.0,,2,,,,,,,,,,
2017,PHI,8469665,Johnny,Oduya,D,1,,,,,,,,,,,0,0,0,,0.0,2,-1.0,0.0,0.0,0.0,0.0,1.0,0.0,742.0,19.0,0.0
2017,PHI,8470047,Valtteri,Filppula,C,81,,,,,,,,,,,11,22,33,,20.0,2,-7.0,3.0,0.0,4.0,0.0,70.0,0.1571,988.6049,22.1,0.5126
2017,PHI,8473440,Will,O'Neill,D,1,,,,,,,,,,,0,0,0,,0.0,2,0.0,0.0,0.0,0.0,0.0,3.0,0.0,565.0,12.0,0.0
2017,PHI,8473512,Claude,Giroux,R,82,,,,,,,,,,,34,68,102,,20.0,2,28.0,9.0,0.0,1.0,1.0,193.0,0.1762,1221.8049,25.3,0.5864
2017,PHI,8473584,Andrew,MacDonald,D,66,,,,,,,,,,,6,15,21,,30.0,2,8.0,0.0,0.0,2.0,0.0,82.0,0.0732,1191.0758,25.7,0.0
2017,PHI,8474161,Jakub,Voracek,R,82,,,,,,,,,,,20,65,85,,50.0,2,10.0,5.0,0.0,3.0,1.0,228.0,0.0877,1167.4268,23.7,0.4412
2017,PHI,8474190,Wayne,Simmonds,R,75,,,,,,,,,,,24,22,46,,57.0,2,-16.0,11.0,1.0,5.0,1.0,176.0,0.1364,1085.2533,22.7,0.5714
2017,PHI,8474627,Jori,Lehtera,C,62,,,,,,,,,,,3,5,8,,14.0,2,-8.0,0.0,1.0,0.0,0.0,45.0,0.0667,630.871,15.4,0.5705
2017,PHI,8474668,Dale,Weise,R,46,,,,,,,,,,,4,4,8,,21.0,2,-7.0,0.0,0.0,0.0,0.0,44.0,0.0909,634.3478,15.4,0.5
2017,PHI,8475430,Brandon,Manning,D,65,,,,,,,,,,,7,12,19,,56.0,2,0.0,0.0,0.0,2.0,0.0,111.0,0.0631,1077.1231,23.4,0.0
2017,PHI,8475462,Radko,Gudas,D,70,,,,,,,,,,,2,14,16,,83.0,2,0.0,0.0,0.0,0.0,0.0,142.0,0.0141,1026.0857,22.2,0.0
2017,PHI,8475729,Mark,Alt,D,8,,,,,,,,,,,0,0,0,,2.0,2,0.0,0.0,0.0,0.0,0.0,5.0,0.0,805.75,18.0,0.0
2017,PHI,8475738,Jordan,Weal,C,69,,,,,,,,,,,8,13,21,,12.0,2,-10.0,3.0,0.0,1.0,1.0,102.0,0.0784,777.0,17.7,0.4569
2017,PHI,8476177,Matt,Read,R,19,,,,,,,,,,,1,0,1,,2.0,2,-2.0,0.0,0.0,0.0,0.0,16.0,0.0625,654.1053,15.2,0.3333
2017,PHI,8476461,Sean,Couturier,C,82,,,,,,,,,,,31,45,76,,31.0,2,34.0,7.0,0.0,6.0,2.0,227.0,0.1366,1295.5,26.5,0.5285
2017,PHI,8476872,Scott,Laughton,C,81,,,,,,,,,,,10,10,20,,42.0,2,-10.0,0.0,1.0,0.0,0.0,108.0,0.0926,667.1975,16.1,0.5199
2017,PHI,8476906,Shayne,Gostisbehere,D,78,,,,,,,,,,,13,52,65,,25.0,2,10.0,7.0,0.0,2.0,1.0,221.0,0.0588,1287.3205,25.2,0.0
2017,PHI,8476955,Taylor,Leier,L,39,,,,,,,,,,,1,4,5,,6.0,2,-7.0,0.0,0.0,0.0,0.0,48.0,0.0208,629.2821,15.9,0.6
2017,PHI,8477290,Michael,Raffl,L,76,,,,,,,,,,,13,9,22,,28.0,2,9.0,1.0,0.0,3.0,0.0,96.0,0.1354,795.2763,19.0,0.5909
2017,PHI,8477399,Tyrell,Goulbourne,L,9,,,,,,,,,,,0,0,0,,2.0,2,-2.0,0.0,0.0,0.0,0.0,2.0,0.0,335.0,9.4,0.0
2017,PHI,8477462,Robert,Hagg,D,70,,,,,,,,,,,3,6,9,,32.0,2,5.0,0.0,0.0,0.0,0.0,89.0,0.0337,1088.3286,24.3,0.0
2017,PHI,8477502,Samuel,Morin,L,2,,,,,,,,,,,0,0,0,,4.0,2,1.0,0.0,0.0,0.0,0.0,1.0,0.0,948.5,21.5,0.0
2017,PHI,8477948,Travis,Sanheim,D,49,,,,,,,,,,,2,8,10,,20.0,2,-6.0,0.0,0.0,0.0,0.0,72.0,0.0278,935.0,20.4,0.0
2017,PHI,8478067,Oskar,Lindblom,L,23,,,,,,,,,,,2,4,6,,8.0,2,4.0,0.0,0.0,1.0,0.0,36.0,0.0556,875.1304,19.7,0.0
2017,PHI,8478365,Danick,Martel,L,4,,,,,,,,,,,0,0,0,,0.0,2,-1.0,0.0,0.0,0.0,0.0,6.0,0.0,613.0,14.5,0.0
2017,PHI,8478439,Travis,Konecny,R,81,,,,,,,,,,,24,23,47,,46.0,2,17.0,1.0,0.0,6.0,2.0,177.0,0.1356,894.4321,19.7,0.3333
2017,PHI,8478500,Ivan,Provorov,D,82,,,,,,,,,,,17,24,41,,20.0,2,17.0,2.0,0.0,2.0,0.0,203.0,0.0837,1449.1707,28.9,0.0
2017,PHI,8479974,Nolan,Patrick,C,73,,,,,,,,,,,13,17,30,,30.0,2,1.0,5.0,0.0,2.0,0.0,127.0,0.1024,823.4932,19.0,0.5061
2017,PHI,8470880,Brian,Elliott,G,4,4.0,1.0,3.0,,4.743529,0.85567,97.0,83.0,14.0,0.0,0,0,0,10625.0,,3,,,,,,,,,,
2017,PHI,8473607,Michal,Neuvirth,G,3,2.0,1.0,1.0,,4.404892,0.847222,72.0,61.0,11.0,0.0,0,0,0,8990.0,,3,,,,,,,,,,
2017,PHI,8475852,Petr,Mrazek,G,1,0.0,,,,3.873049,0.857143,14.0,12.0,2.0,0.0,0,0,0,1859.0,,3,,,,,,,,,,
2017,PHI,8470047,Valtteri,Filppula,C,6,,,,,,,,,,,1,2,3,,2.0,3,-3.0,0.0,1.0,0.0,0.0,6.0,0.1667,967.6667,25.0,0.5375
2017,PHI,8473512,Claude,Giroux,R,6,,,,,,,,,,,1,2,3,,2.0,3,-10.0,0.0,0.0,0.0,0.0,12.0,0.0833,1153.8333,24.8,0.4821
2017,PHI,8473584,Andrew,MacDonald,D,6,,,,,,,,,,,2,0,2,,6.0,3,0.0,0.0,0.0,0.0,0.0,6.0,0.3333,1129.1667,25.8,0.0
2017,PHI,8474161,Jakub,Voracek,R,6,,,,,,,,,,,0,3,3,,6.0,3,-3.0,0.0,0.0,0.0,0.0,12.0,0.0,1080.3333,23.7,0.6667
2017,PHI,8474190,Wayne,Simmonds,R,6,,,,,,,,,,,0,2,2,,6.0,3,0.0,0.0,0.0,0.0,0.0,15.0,0.0,876.0,19.5,0.0
2017,PHI,8474627,Jori,Lehtera,C,6,,,,,,,,,,,0,2,2,,0.0,3,0.0,0.0,0.0,0.0,0.0,5.0,0.0,646.0,15.8,0.2174
2017,PHI,8474668,Dale,Weise,R,2,,,,,,,,,,,0,0,0,,0.0,3,-3.0,0.0,0.0,0.0,0.0,0.0,0.0,442.5,12.0,0.0
2017,PHI,8475430,Brandon,Manning,D,6,,,,,,,,,,,0,0,0,,14.0,3,-5.0,0.0,0.0,0.0,0.0,8.0,0.0,1057.8333,24.3,0.0
2017,PHI,8475462,Radko,Gudas,D,6,,,,,,,,,,,0,0,0,,9.0,3,-1.0,0.0,0.0,0.0,0.0,5.0,0.0,1158.1667,24.3,0.0
2017,PHI,8475738,Jordan,Weal,C,1,,,,,,,,,,,0,0,0,,0.0,3,-1.0,0.0,0.0,0.0,0.0,1.0,0.0,653.0,14.0,1.0
2017,PHI,8476177,Matt,Read,R,6,,,,,,,,,,,1,1,2,,4.0,3,1.0,0.0,0.0,0.0,0.0,4.0,0.25,757.6667,17.0,0.0
2017,PHI,8476461,Sean,Couturier,C,5,,,,,,,,,,,5,4,9,,2.0,3,1.0,0.0,0.0,2.0,0.0,14.0,0.3571,1329.2,25.0,0.5165
2017,PHI,8476872,Scott,Laughton,C,6,,,,,,,,,,,1,0,1,,6.0,3,1.0,0.0,0.0,0.0,0.0,4.0,0.25,641.3333,15.7,0.6
2017,PHI,8476906,Shayne,Gostisbehere,D,6,,,,,,,,,,,1,0,1,,4.0,3,-8.0,1.0,0.0,0.0,0.0,16.0,0.0625,1242.0,25.7,0.0
2017,PHI,8477290,Michael,Raffl,L,6,,,,,,,,,,,0,1,1,,2.0,3,-5.0,0.0,0.0,0.0,0.0,1.0,0.0,761.0,18.0,0.4
2017,PHI,8477462,Robert,Hagg,D,2,,,,,,,,,,,0,0,0,,0.0,3,1.0,0.0,0.0,0.0,0.0,0.0,0.0,709.5,20.5,0.0
2017,PHI,8477948,Travis,Sanheim,D,4,,,,,,,,,,,1,0,1,,2.0,3,-1.0,0.0,0.0,0.0,0.0,5.0,0.2,929.5,21.5,0.0
2017,PHI,8478067,Oskar,Lindblom,L,4,,,,,,,,,,,0,0,0,,0.0,3,0.0,0.0,0.0,0.0,0.0,3.0,0.0,637.75,15.0,0.0
2017,PHI,8478439,Travis,Konecny,R,6,,,,,,,,,,,1,0,1,,10.0,3,-3.0,0.0,0.0,0.0,0.0,7.0,0.1429,831.0,20.2,0.25
2017,PHI,8478500,Ivan,Provorov,D,6,,,,,,,,,,,0,3,3,,0.0,3,-6.0,0.0,0.0,0.0,0.0,8.0,0.0,1491.5,30.2,0.0
2017,PHI,8479974,Nolan,Patrick,C,6,,,,,,,,,,,1,1,2,,0.0,3,-5.0,1.0,0.0,0.0,0.0,16.0,0.0625,997.5,21.7,0.4717
2017,PIT,8474550,Antti,Niemi,G,3,3.0,0.0,3.0,0.0,7.492194,0.797468,79.0,63.0,16.0,0.0,0,1,1,7688.0,,2,,,,,,,,,,
2017,PIT,8476899,Matt,Murray,G,49,45.0,27.0,16.0,3.0,2.919902,0.906535,1423.0,1290.0,133.0,1.0,0,1,1,163978.0,2.0,2,,,,,,,,,,
2017,PIT,8477465,Tristan,Jarry,G,26,23.0,14.0,6.0,2.0,2.771395,0.908297,687.0,624.0,63.0,2.0,0,2,2,81836.0,4.0,2,,,,,,,,,,
2017,PIT,8479193,Casey,DeSmith,G,14,11.0,6.0,4.0,1.0,2.399483,0.921348,356.0,328.0,28.0,1.0,0,0,0,42009.0,2.0,2,,,,,,,,,,
2017,PIT,8471215,Evgeni,Malkin,C,78,,,,,,,,,,,42,56,98,,87.0,2,16.0,14.0,0.0,7.0,2.0,239.0,0.1757,1139.3974,23.4,0.4373
2017,PIT,8471436,Matt,Hunwick,D,42,,,,,,,,,,,4,6,10,,21.0,2,-4.0,0.0,1.0,1.0,1.0,52.0,0.0769,1050.6429,24.1,0.0
2017,PIT,8471675,Sidney,Crosby,C,82,,,,,,,,,,,29,60,89,,46.0,2,0.0,9.0,0.0,6.0,3.0,247.0,0.1174,1241.3537,25.7,0.5302
2017,PIT,8471724,Kris,Letang,D,79,,,,,,,,,,,9,42,51,,56.0,2,-9.0,4.0,0.0,1.0,0.0,222.0,0.0405,1519.7215,29.7,0.0
2017,PIT,8471817,Ryan,Reaves,R,58,,,,,,,,,,,4,4,8,,84.0,2,-9.0,0.0,0.0,1.0,0.0,34.0,0.1176,405.2069,9.9,0.4667
2017,PIT,8471887,Patric,Hornqvist,R,70,,,,,,,,,,,29,20,49,,58.0,2,2.0,15.0,0.0,1.0,0.0,247.0,0.1174,1039.3714,22.5,0.4848
2017,PIT,8473544,Derick,Brassard,C,14,,,,,,,,,,,3,5,8,,4.0,2,1.0,1.0,0.0,1.0,0.0,33.0,0.0909,912.0714,20.4,0.4689
2017,PIT,8473548,Phil,Kessel,R,82,,,,,,,,,,,34,58,92,,36.0,2,-4.0,12.0,0.0,6.0,3.0,261.0,0.1303,1121.1585,22.2,0.3158
2017,PIT,8474013,Ian,Cole,D,47,,,,,,,,,,,3,10,13,,52.0,2,3.0,0.0,0.0,0.0,0.0,63.0,0.0476,1057.234,23.9,0.0
2017,PIT,8474176,Carl,Hagelin,L,81,,,,,,,,,,,10,21,31,,28.0,2,8.0,0.0,1.0,2.0,0.0,169.0,0.0592,956.5185,23.0,0.4286
2017,PIT,8474602,Justin,Schultz,D,63,,,,,,,,,,,4,23,27,,14.0,2,22.0,0.0,0.0,1.0,1.0,109.0,0.0367,1170.7778,25.3,0.0
2017,PIT,8475208,Brian,Dumoulin,D,80,,,,,,,,,,,5,13,18,,30.0,2,-5.0,0.0,0.0,1.0,0.0,102.0,0.049,1237.05,28.1,0.0
2017,PIT,8475735,Greg,McKegg,C,26,,,,,,,,,,,2,2,4,,8.0,2,-4.0,0.0,1.0,0.0,0.0,21.0,0.0952,580.7692,14.8,0.4936
2017,PIT,8475772,Riley,Sheahan,C,73,,,,,,,,,,,11,21,32,,4.0,2,4.0,1.0,0.0,1.0,0.0,104.0,0.1058,917.1233,22.3,0.5444
2017,PIT,8475810,Bryan,Rust,R,69,,,,,,,,,,,13,25,38,,26.0,2,11.0,2.0,2.0,3.0,1.0,123.0,0.1057,962.942,23.3,0.2581
2017,PIT,8475832,Tom,Kuhnhackl,R,69,,,,,,,,,,,2,6,8,,6.0,2,-6.0,0.0,0.0,1.0,0.0,63.0,0.0317,601.2899,15.2,0.1667
2017,PIT,8475902,Zach,Trotman,D,3,,,,,,,,,,,0,0,0,,0.0,2,-3.0,0.0,0.0,0.0,0.0,6.0,0.0,767.0,19.0,0.0
2017,PIT,8476293,Scott,Wilson,C,3,,,,,,,,,,,0,0,0,,0.0,2,-2.0,0.0,0.0,0.0,0.0,3.0,0.0,627.0,16.7,0.4
2017,PIT,8476302,Frank,Corrado,D,5,,,,,,,,,,,0,0,0,,2.0,2,-1.0,0.0,0.0,0.0,0.0,6.0,0.0,690.0,17.8,0.0
2017,PIT,8476326,Josh,Archibald,R,3,,,,,,,,,,,0,0,0,,0.0,2,0.0,0.0,0.0,0.0,0.0,3.0,0.0,621.6667,14.7,0.0
2017,PIT,8476467,Jamie,Oleksiak,D,47,,,,,,,,,,,4,10,14,,69.0,2,13.0,1.0,0.0,1.0,0.0,64.0,0.0625,1044.1277,23.6,0.0
2017,PIT,8476874,Olli,Maatta,D,82,,,,,,,,,,,7,22,29,,28.0,2,-1.0,0.0,0.0,3.0,0.0,164.0,0.0427,1125.3537,25.5,0.0
2017,PIT,8477240,Carter,Rowney,C,44,,,,,,,,,,,2,3,5,,4.0,2,-13.0,0.0,1.0,0.0,0.0,21.0,0.0952,560.7955,14.8,0.529
2017,PIT,8477244,Chad,Ruhwedel,D,44,,,,,,,,,,,2,3,5,,16.0,2,-8.0,0.0,0.0,0.0,0.0,67.0,0.0299,943.5455,21.7,0.0
2017,PIT,8477404,Jake,Guentzel,C,82,,,,,,,,,,,22,26,48,,42.0,2,-9.0,7.0,0.0,1.0,0.0,171.0,0.1287,989.1707,21.9,0.5
2017,PIT,8477520,Jean-Sebastien,Dea,C,5,,,,,,,,,,,1,0,1,,2.0,2,1.0,0.0,0.0,1.0,0.0,1.0,1.0,329.4,8.0,0.4762
2017,PIT,8477591,Josh,Jooris,R,9,,,,,,,,,,,0,0,0,,0.0,2,0.0,0.0,0.0,0.0,0.0,8.0,0.0,432.0,10.7,0.48
2017,PIT,8477839,Conor,Sheary,L,79,,,,,,,,,,,18,12,30,,10.0,2,2.0,2.0,0.0,4.0,1.0,142.0,0.1268,836.8354,19.2,0.3636
2017,PIT,8478466,Daniel,Sprong,R,8,,,,,,,,,,,2,1,3,,0.0,2,2.0,0.0,0.0,1.0,0.0,22.0,0.0909,838.75,19.5,0.0
2017,PIT,8478866,Dominik,Simon,C,33,,,,,,,,,,,4,8,12,,16.0,2,2.0,0.0,0.0,0.0,0.0,36.0,0.1111,685.3333,15.8,0.4286
2017,PIT,8479944,Zachary,Aston-Reese,L,16,,,,,,,,,,,4,2,6,,2.0,2,2.0,0.0,0.0,1.0,0.0,20.0,0.2,682.5625,17.0,0.1667
2017,PIT,8476899,Matt,Murray,G,12,12.0,6.0,6.0,,2.43158,0.907643,314.0,285.0,29.0,2.0,0,0,0,42935.0,,3,,,,,,,,,,
2017,PIT,8471215,Evgeni,Malkin,C,9,,,,,,,,,,,4,4,8,,16.0,3,-7.0,3.0,0.0,2.0,0.0,23.0,0.1739,1136.6667,22.6,0.4935
2017,PIT,8471675,Sidney,Crosby,C,12,,,,,,,,,,,9,12,21,,6.0,3,7.0,1.0,0.0,0.0,0.0,29.0,0.3103,1217.9167,25.7,0.5336
2017,PIT,8471724,Kris,Letang,D,12,,,,,,,,,,,3,8,11,,15.0,3,0.0,0.0,0.0,0.0,0.0,25.0,0.12,1515.1667,30.3,0.0
2017,PIT,8471887,Patric,Hornqvist,R,10,,,,,,,,,,,5,6,11,,22.0,3,-2.0,2.0,0.0,0.0,0.0,35.0,0.1429,1102.2,24.2,1.0
2017,PIT,8473544,Derick,Brassard,C,12,,,,,,,,,,,1,3,4,,4.0,3,-1.0,1.0,0.0,1.0,0.0,21.0,0.0476,809.0833,20.0,0.496
2017,PIT,8473548,Phil,Kessel,R,12,,,,,,,,,,,1,8,9,,2.0,3,-5.0,0.0,0.0,0.0,0.0,18.0,0.0556,1063.3333,21.3,0.5
2017,PIT,8474176,Carl,Hagelin,L,9,,,,,,,,,,,2,1,3,,2.0,3,1.0,0.0,0.0,0.0,0.0,16.0,0.125,831.4444,20.2,0.2857
2017,PIT,8474602,Justin,Schultz,D,12,,,,,,,,,,,1,7,8,,2.0,3,5.0,1.0,0.0,0.0,0.0,27.0,0.037,1314.9167,27.8,0.0
2017,PIT,8475208,Brian,Dumoulin,D,12,,,,,,,,,,,1,6,7,,2.0,3,3.0,0.0,0.0,0.0,0.0,21.0,0.0476,1263.5833,28.5,0.0
2017,PIT,8475772,Riley,Sheahan,C,12,,,,,,,,,,,1,2,3,,2.0,3,-2.0,0.0,0.0,0.0,0.0,11.0,0.0909,934.75,22.5,0.559
2017,PIT,8475810,Bryan,Rust,R,12,,,,,,,,,,,3,0,3,,4.0,3,2.0,0.0,0.0,1.0,0.0,14.0,0.2143,871.75,21.6,0.75
2017,PIT,8475832,Tom,Kuhnhackl,R,12,,,,,,,,,,,0,0,0,,4.0,3,0.0,0.0,0.0,0.0,0.0,9.0,0.0,640.1667,17.0,0.0
2017,PIT,8476467,Jamie,Oleksiak,D,12,,,,,,,,,,,1,0,1,,7.0,3,-2.0,0.0,0.0,0.0,0.0,12.0,0.0833,823.0,20.6,0.0
2017,PIT,8476874,Olli,Maatta,D,12,,,,,,,,,,,0,2,2,,4.0,3,8.0,0.0,0.0,0.0,0.0,11.0,0.0,1188.5,27.3,0.0
2017,PIT,8477240,Carter,Rowney,C,3,,,,,,,,,,,0,0,0,,0.0,3,0.0,0.0,0.0,0.0,0.0,1.0,0.0,545.0,14.7,0.5333
2017,PIT,8477244,Chad,Ruhwedel,D,12,,,,,,,,,,,0,0,0,,2.0,3,-2.0,0.0,0.0,0.0,0.0,9.0,0.0,876.5,21.3,0.0
2017,PIT,8477404,Jake,Guentzel,C,12,,,,,,,,,,,10,11,21,,8.0,3,10.0,2.0,0.0,2.0,0.0,34.0,0.2941,1090.5,24.8,0.4444
2017,PIT,8477839,Conor,Sheary,L,12,,,,,,,,,,,0,2,2,,2.0,3,-2.0,0.0,0.0,0.0,0.0,19.0,0.0,710.1667,17.5,0.5
2017,PIT,8478866,Dominik,Simon,C,8,,,,,,,,,,,0,3,3,,4.0,3,0.0,0.0,0.0,0.0,0.0,5.0,0.0,719.625,17.6,0.0
2017,PIT,8479944,Zachary,Aston-Reese,L,9,,,,,,,,,,,0,1,1,,4.0,3,-1.0,0.0,0.0,0.0,0.0,9.0,0.0,578.5556,15.8,0.4
2017,SJS,8474889,Martin,Jones,G,60,60.0,30.0,22.0,6.0,2.547036,0.914656,1699.0,1554.0,145.0,4.0,0,0,0,204944.0,2.0,2,,,,,,,,,,
2017,SJS,8477180,Aaron,Dell,G,29,22.0,15.0,5.0,4.0,2.641115,0.913548,775.0,708.0,67.0,2.0,0,1,1,91325.0,,2,,,,,,,,,,
2017,SJS,8466138,Joe,Thornton,C,47,,,,,,,,,,,13,23,36,,38.0,2,-9.0,7.0,0.0,1.0,0.0,75.0,0.1733,1100.7021,22.9,0.5205
2017,SJS,8468208,Joel,Ward,R,52,,,,,,,,,,,5,7,12,,20.0,2,-2.0,0.0,0.0,2.0,0.0,40.0,0.125,712.4423,18.1,0.4632
2017,SJS,8468542,Paul,Martin,D,14,,,,,,,,,,,0,2,2,,2.0,2,3.0,0.0,0.0,0.0,0.0,6.0,0.0,885.6429,19.3,0.0
2017,SJS,8470611,Eric,Fehr,C,14,,,,,,,,,,,3,1,4,,0.0,2,7.0,0.0,0.0,0.0,0.0,23.0,0.1304,721.4286,18.0,0.4804
2017,SJS,8470613,Brent,Burns,D,82,,,,,,,,,,,12,55,67,,46.0,2,-16.0,5.0,0.0,2.0,1.0,332.0,0.0361,1514.561,27.7,0.0
2017,SJS,8470794,Joe,Pavelski,C,82,,,,,,,,,,,22,44,66,,41.0,2,0.0,7.0,0.0,1.0,0.0,224.0,0.0982,1155.3293,24.0,0.5488
2017,SJS,8471498,Jannik,Hansen,R,46,,,,,,,,,,,2,12,14,,15.0,2,2.0,0.0,0.0,2.0,0.0,54.0,0.037,722.4565,17.6,0.6667
2017,SJS,8471709,Marc-Edouard,Vlasic,D,81,,,,,,,,,,,11,21,32,,34.0,2,9.0,1.0,0.0,2.0,1.0,161.0,0.0683,1352.9136,26.4,0.0
2017,SJS,8474027,Justin,Braun,D,81,,,,,,,,,,,5,28,33,,28.0,2,7.0,0.0,0.0,0.0,0.0,115.0,0.0435,1279.7037,25.7,0.0
2017,SJS,8474053,Logan,Couture,C,78,,,,,,,,,,,34,27,61,,18.0,2,-2.0,10.0,2.0,4.0,1.0,204.0,0.1667,1112.8462,25.1,0.4585
2017,SJS,8474571,Mikkel,Boedker,L,74,,,,,,,,,,,15,22,37,,12.0,2,0.0,4.0,0.0,4.0,0.0,119.0,0.1261,801.4054,18.8,0.2632
2017,SJS,8475169,Evander,Kane,L,17,,,,,,,,,,,9,5,14,,25.0,2,5.0,0.0,1.0,0.0,0.0,80.0,0.1125,1215.0,24.1,0.4598
2017,SJS,8475455,Brenden,Dillon,D,81,,,,,,,,,,,5,17,22,,60.0,2,-7.0,0.0,0.0,0.0,0.0,88.0,0.0568,1039.1852,23.2,0.0
2017,SJS,8475820,Joonas,Donskoi,R,66,,,,,,,,,,,14,18,32,,26.0,2,10.0,1.0,0.0,2.0,0.0,129.0,0.1085,898.3788,21.0,0.4167
2017,SJS,8475834,Marcus,Sorensen,L,32,,,,,,,,,,,5,2,7,,5.0,2,-5.0,0.0,0.0,1.0,0.0,25.0,0.2,608.9375,15.2,0.5
2017,SJS,8475841,Tim,Heed,D,29,,,,,,,,,,,3,8,11,,8.0,2,0.0,2.0,0.0,2.0,0.0,51.0,0.0588,961.1724,19.6,0.0
2017,SJS,8476331,Dylan,DeMelo,D,63,,,,,,,,,,,0,20,20,,34.0,2,-1.0,0.0,0.0,0.0,0.0,67.0,0.0,852.3492,19.8,0.0
2017,SJS,8476624,Barclay,Goodrow,C,47,,,,,,,,,,,7,7,14,,28.0,2,1.0,0.0,1.0,1.0,0.0,57.0,0.1228,653.0426,16.9,0.5878
2017,SJS,8476881,Tomas,Hertl,C,79,,,,,,,,,,,22,24,46,,41.0,2,-2.0,6.0,1.0,5.0,1.0,175.0,0.1257,1086.0886,24.6,0.5078
2017,SJS,8476919,Chris,Tierney,C,82,,,,,,,,,,,17,23,40,,8.0,2,0.0,3.0,2.0,2.0,0.0,118.0,0.1441,959.9878,22.7,0.5105
2017,SJS,8476982,Danny,O'Regan,C,19,,,,,,,,,,,0,4,4,,2.0,2,-3.0,0.0,0.0,0.0,0.0,17.0,0.0,598.5789,14.7,0.4912
2017,SJS,8477046,Joakim,Ryan,D,62,,,,,,,,,,,3,9,12,,8.0,2,13.0,0.0,0.0,1.0,0.0,79.0,0.038,1005.0806,20.9,0.0
2017,SJS,8477846,Ryan,Carpenter,C,16,,,,,,,,,,,0,1,1,,2.0,2,1.0,0.0,0.0,0.0,0.0,20.0,0.0,683.5625,17.6,0.5093
2017,SJS,8477922,Melker,Karlsson,C,71,,,,,,,,,,,8,11,19,,26.0,2,-5.0,0.0,1.0,1.0,0.0,76.0,0.1053,794.9155,20.2,0.6667
2017,SJS,8478099,Kevin,Labanc,R,77,,,,,,,,,,,11,29,40,,32.0,2,-6.0,4.0,0.0,3.0,1.0,156.0,0.0705,861.0779,19.5,0.3125
2017,SJS,8478414,Timo,Meier,R,81,,,,,,,,,,,21,15,36,,51.0,2,2.0,3.0,0.0,4.0,0.0,210.0,0.1,892.0617,20.4,0.4863
2017,SJS,8479580,Dylan,Gambrell,C,3,,,,,,,,,,,0,0,0,,0.0,2,-1.0,0.0,0.0,0.0,0.0,1.0,0.0,633.3333,13.3,0.5
2017,SJS,8474889,Martin,Jones,G,10,10.0,6.0,4.0,,2.257693,0.927632,304.0,282.0,22.0,2.0,0,0,0,35080.0,,3,,,,,,,,,,
2017,SJS,8477180,Aaron,Dell,G,2,0.0,,,,2.56959,0.928571,28.0,26.0,2.0,0.0,0,0,0,2802.0,,3,,,,,,,,,,
2017,SJS,8468542,Paul,Martin,D,7,,,,,,,,,,,0,0,0,,2.0,3,-2.0,0.0,0.0,0.0,0.0,4.0,0.0,819.8571,18.1,0.0
2017,SJS,8470611,Eric,Fehr,C,10,,,,,,,,,,,1,1,2,,6.0,3,3.0,0.0,0.0,0.0,0.0,12.0,0.0833,667.2,18.9,0.5402
2017,SJS,8470613,Brent,Burns,D,10,,,,,,,,,,,3,4,7,,6.0,3,-4.0,1.0,0.0,0.0,0.0,32.0,0.0938,1554.4,28.8,0.0
2017,SJS,8470794,Joe,Pavelski,C,10,,,,,,,,,,,2,6,8,,8.0,3,-3.0,2.0,0.0,0.0,0.0,30.0,0.0667,1284.8,26.7,0.5338
2017,SJS,8471709,Marc-Edouard,Vlasic,D,10,,,,,,,,,,,0,2,2,,6.0,3,0.0,0.0,0.0,0.0,0.0,15.0,0.0,1520.8,28.7,0.0
2017,SJS,8474027,Justin,Braun,D,10,,,,,,,,,,,0,1,1,,4.0,3,1.0,0.0,0.0,0.0,0.0,9.0,0.0,1358.9,26.6,0.0
2017,SJS,8474053,Logan,Couture,C,10,,,,,,,,,,,4,8,12,,4.0,3,0.0,2.0,0.0,1.0,1.0,32.0,0.125,1212.1,27.5,0.5862
2017,SJS,8474571,Mikkel,Boedker,L,10,,,,,,,,,,,1,5,6,,6.0,3,1.0,0.0,0.0,0.0,0.0,18.0,0.0556,844.4,21.3,0.0
2017,SJS,8475169,Evander,Kane,L,9,,,,,,,,,,,4,1,5,,23.0,3,-5.0,2.0,0.0,1.0,0.0,35.0,0.1143,1091.4444,23.6,0.4103
2017,SJS,8475455,Brenden,Dillon,D,10,,,,,,,,,,,0,4,4,,32.0,3,4.0,0.0,0.0,0.0,0.0,6.0,0.0,1057.7,25.1,0.0
2017,SJS,8475820,Joonas,Donskoi,R,9,,,,,,,,,,,2,2,4,,0.0,3,-1.0,0.0,0.0,1.0,0.0,11.0,0.1818,894.4444,21.0,0.0
2017,SJS,8475834,Marcus,Sorensen,L,10,,,,,,,,,,,4,1,5,,2.0,3,5.0,0.0,0.0,1.0,0.0,9.0,0.4444,623.5,17.4,0.0
2017,SJS,8476331,Dylan,DeMelo,D,10,,,,,,,,,,,0,1,1,,4.0,3,5.0,0.0,0.0,0.0,0.0,17.0,0.0,936.3,21.5,0.0
2017,SJS,8476624,Barclay,Goodrow,C,2,,,,,,,,,,,0,0,0,,0.0,3,0.0,0.0,0.0,0.0,0.0,2.0,0.0,895.0,22.5,0.5714
2017,SJS,8476881,Tomas,Hertl,C,10,,,,,,,,,,,6,3,9,,8.0,3,2.0,1.0,0.0,2.0,0.0,34.0,0.1765,1209.3,27.2,0.5769
2017,SJS,8476919,Chris,Tierney,C,10,,,,,,,,,,,0,2,2,,2.0,3,-2.0,0.0,0.0,0.0,0.0,16.0,0.0,975.0,24.3,0.5
2017,SJS,8477046,Joakim,Ryan,D,3,,,,,,,,,,,0,0,0,,0.0,3,-2.0,0.0,0.0,0.0,0.0,3.0,0.0,793.3333,18.3,0.0
2017,SJS,8477922,Melker,Karlsson,C,10,,,,,,,,,,,0,3,3,,2.0,3,2.0,0.0,0.0,0.0,0.0,14.0,0.0,738.2,20.2,0.0
2017,SJS,8478099,Kevin,Labanc,R,10,,,,,,,,,,,1,4,5,,2.0,3,-1.0,1.0,0.0,0.0,0.0,15.0,0.0667,860.8,19.4,0.0
2017,SJS,8478414,Timo,Meier,R,10,,,,,,,,,,,2,3,5,,10.0,3,-1.0,2.0,0.0,0.0,0.0,29.0,0.069,908.3,21.7,0.4348
2017,STL,8474596,Jake,Allen,G,59,56.0,27.0,25.0,3.0,2.7495,0.905824,1614.0,1462.0,152.0,1.0,0,1,1,199018.0,,2,,,,,,,,,,
2017,STL,8475622,Carter,Hutton,G,32,26.0,17.0,7.0,3.0,2.087561,0.930864,810.0,754.0,56.0,3.0,0,0,0,96572.0,2.0,2,,,,,,,,,,
2017,STL,8469501,Chris,Thorburn,R,50,,,,,,,,,,,1,6,7,,60.0,2,-4.0,0.0,0.0,0.0,0.0,35.0,0.0286,422.3,11.4,0.5833
2017,STL,8470105,Scottie,Upshall,R,63,,,,,,,,,,,7,12,19,,46.0,2,-1.0,0.0,0.0,2.0,0.0,71.0,0.0986,651.2222,16.7,0.5333
2017,STL,8470151,Jay,Bouwmeester,D,35,,,,,,,,,,,2,5,7,,16.0,2,5.0,0.0,0.0,0.0,0.0,45.0,0.0444,1208.2,24.3,0.0
2017,STL,8470257,Alexander,Steen,L,76,,,,,,,,,,,15,31,46,,20.0,2,-11.0,4.0,1.0,2.0,0.0,168.0,0.0893,1121.6316,24.6,0.4068
2017,STL,8470803,Kyle,Brodziak,C,81,,,,,,,,,,,10,23,33,,33.0,2,13.0,0.0,1.0,2.0,0.0,113.0,0.0885,807.7654,19.9,0.5212
2017,STL,8471669,Paul,Stastny,C,63,,,,,,,,,,,12,28,40,,14.0,2,-5.0,3.0,0.0,1.0,0.0,135.0,0.0889,1121.1587,24.1,0.5518
2017,STL,8471743,Vladimir,Sobotka,C,81,,,,,,,,,,,11,20,31,,50.0,2,-6.0,0.0,1.0,4.0,0.0,136.0,0.0809,1027.4568,22.8,0.5426
2017,STL,8471761,Chris,Butler,D,6,,,,,,,,,,,0,0,0,,2.0,2,1.0,0.0,0.0,0.0,0.0,2.0,0.0,798.3333,17.2,0.0
2017,STL,8473534,Patrik,Berglund,C,57,,,,,,,,,,,17,9,26,,30.0,2,-5.0,3.0,1.0,4.0,1.0,112.0,0.1518,969.3509,21.9,0.551
2017,STL,8474125,Carl,Gunnarsson,D,63,,,,,,,,,,,5,4,9,,22.0,2,15.0,0.0,0.0,2.0,0.0,59.0,0.0847,969.9524,22.6,0.0
2017,STL,8474145,Robert,Bortuzzo,D,72,,,,,,,,,,,4,9,13,,41.0,2,11.0,0.0,0.0,1.0,0.0,76.0,0.0526,888.1528,21.6,0.0
2017,STL,8474565,Alex,Pietrangelo,D,78,,,,,,,,,,,15,39,54,,22.0,2,8.0,3.0,0.0,5.0,1.0,216.0,0.0694,1544.1923,27.9,0.0
2017,STL,8475170,Brayden,Schenn,C,82,,,,,,,,,,,28,42,70,,56.0,2,10.0,8.0,0.0,8.0,2.0,210.0,0.1333,1183.5244,23.8,0.4803
2017,STL,8475175,Magnus,Paajarvi,L,44,,,,,,,,,,,2,2,4,,8.0,2,-3.0,0.0,0.0,0.0,0.0,58.0,0.0345,669.1818,17.0,0.1429
2017,STL,8475263,Wade,Megan,C,1,,,,,,,,,,,0,0,0,,0.0,2,0.0,0.0,0.0,0.0,0.0,1.0,0.0,501.0,10.0,0.5
2017,STL,8475613,Nate,Prosser,D,1,,,,,,,,,,,0,0,0,,0.0,2,0.0,0.0,0.0,0.0,0.0,0.0,0.0,923.0,19.0,0.0
2017,STL,8475761,Beau,Bennett,R,6,,,,,,,,,,,0,0,0,,0.0,2,-2.0,0.0,0.0,0.0,0.0,6.0,0.0,648.1667,15.3,0.3333
2017,STL,8475765,Vladimir,Tarasenko,R,80,,,,,,,,,,,33,33,66,,17.0,2,15.0,6.0,0.0,5.0,2.0,306.0,0.1078,1143.425,23.1,0.25
2017,STL,8475768,Jaden,Schwartz,L,62,,,,,,,,,,,24,35,59,,26.0,2,15.0,6.0,1.0,3.0,1.0,157.0,0.1529,1163.5645,24.0,0.411
2017,STL,8476436,Dmitrij,Jaskin,R,76,,,,,,,,,,,6,11,17,,14.0,2,6.0,0.0,0.0,0.0,0.0,124.0,0.0484,746.9079,16.8,0.1538
2017,STL,8476441,Joel,Edmundson,D,69,,,,,,,,,,,7,10,17,,57.0,2,-1.0,0.0,0.0,0.0,0.0,124.0,0.0565,1244.4203,25.3,0.0
2017,STL,8476877,Jordan,Schmaltz,D,13,,,,,,,,,,,0,1,1,,6.0,2,0.0,0.0,0.0,0.0,0.0,5.0,0.0,658.3077,16.6,0.0
2017,STL,8476892,Colton,Parayko,D,82,,,,,,,,,,,6,29,35,,13.0,2,-7.0,2.0,0.0,0.0,0.0,212.0,0.0283,1356.8659,27.0,0.0
2017,STL,8476897,Oskar,Sundqvist,C,42,,,,,,,,,,,1,4,5,,14.0,2,-5.0,0.0,0.0,0.0,0.0,41.0,0.0244,628.5952,15.7,0.4458
2017,STL,8477964,Ivan,Barbashev,L,53,,,,,,,,,,,7,6,13,,4.0,2,-1.0,0.0,0.0,1.0,0.0,45.0,0.1556,731.8491,16.3,0.3836
2017,STL,8478104,Sammy,Blais,L,11,,,,,,,,,,,1,2,3,,6.0,2,1.0,1.0,0.0,0.0,0.0,9.0,0.1111,646.3636,14.0,0.0
2017,STL,8478373,Nikita,Soshnikov,R,12,,,,,,,,,,,1,1,2,,4.0,2,0.0,0.0,0.0,0.0,0.0,17.0,0.0588,669.75,16.5,0.0
2017,STL,8478407,Vince,Dunn,D,75,,,,,,,,,,,5,19,24,,20.0,2,1.0,2.0,0.0,1.0,1.0,138.0,0.0362,1033.8533,22.1,1.0
2017,STL,8479420,Tage,Thompson,C,41,,,,,,,,,,,3,6,9,,12.0,2,-12.0,0.0,0.0,0.0,0.0,55.0,0.0545,715.4634,15.6,0.1
2017,STL,8480761,Mitch,Reinke,D,1,,,,,,,,,,,0,0,0,,0.0,2,0.0,0.0,0.0,0.0,0.0,1.0,0.0,785.0,21.0,0.0
2017,TOR,8470147,Curtis,McElhinney,G,18,15.0,11.0,5.0,1.0,2.14479,0.933712,528.0,493.0,35.0,3.0,0,1,1,58747.0,,2,,,,,,,,,,
2017,TOR,8475717,Calvin,Pickard,G,1,1.0,0.0,0.0,1.0,3.834886,0.857143,28.0,24.0,4.0,0.0,0,0,0,3755.0,,2,,,,,,,,,,
2017,TOR,8475883,Frederik,Andersen,G,66,66.0,38.0,21.0,5.0,2.808266,0.917684,2211.0,2029.0,182.0,5.0,0,1,1,233311.0,2.0,2,,,,,,,,,,
2017,TOR,8466139,Patrick,Marleau,C,82,,,,,,,,,,,27,20,47,,16.0,2,1.0,5.0,0.0,5.0,1.0,203.0,0.133,1019.2683,23.6,0.5216
2017,TOR,8468493,Ron,Hainsey,D,80,,,,,,,,,,,4,19,23,,20.0,2,12.0,1.0,0.0,2.0,0.0,73.0,0.0548,1311.8875,27.7,0.0
2017,TOR,8468575,Dominic,Moore,C,50,,,,,,,,,,,6,6,12,,16.0,2,3.0,0.0,0.0,0.0,0.0,46.0,0.1304,617.84,15.7,0.5429
2017,TOR,8469521,Tomas,Plekanec,C,17,,,,,,,,,,,0,2,2,,6.0,2,-2.0,0.0,0.0,0.0,0.0,19.0,0.0,662.6471,18.0,0.5793
2017,TOR,8470611,Eric,Fehr,C,4,,,,,,,,,,,0,0,0,,2.0,2,-1.0,0.0,0.0,0.0,0.0,4.0,0.0,656.0,19.3,0.4595
2017,TOR,8471392,Roman,Polak,D,54,,,,,,,,,,,2,10,12,,46.0,2,5.0,0.0,0.0,0.0,0.0,47.0,0.0426,1058.5741,23.6,0.0
2017,TOR,8473463,Leo,Komarov,R,74,,,,,,,,,,,7,12,19,,31.0,2,0.0,2.0,1.0,0.0,0.0,114.0,0.0614,947.2162,22.9,0.5283
2017,TOR,8474037,James,van Riemsdyk,L,81,,,,,,,,,,,36,18,54,,30.0,2,1.0,11.0,0.0,5.0,0.0,248.0,0.1452,893.642,20.6,0.0
2017,TOR,8474581,Jake,Gardiner,D,82,,,,,,,,,,,5,47,52,,32.0,2,9.0,1.0,0.0,0.0,0.0,133.0,0.0376,1351.5122,28.5,0.0
2017,TOR,8474709,Matt,Martin,L,50,,,,,,,,,,,3,9,12,,50.0,2,0.0,0.0,0.0,0.0,0.0,46.0,0.0652,479.3,12.1,0.75
2017,TOR,8475098,Tyler,Bozak,C,81,,,,,,,,,,,11,32,43,,28.0,2,6.0,3.0,0.0,2.0,0.0,154.0,0.0714,938.5556,21.6,0.5364
2017,TOR,8475172,Nazem,Kadri,C,80,,,,,,,,,,,32,23,55,,42.0,2,2.0,12.0,0.0,3.0,0.0,211.0,0.1517,1005.5625,23.0,0.4995
2017,TOR,8475716,Martin,Marincin,D,2,,,,,,,,,,,0,0,0,,2.0,2,-2.0,0.0,0.0,0.0,0.0,0.0,0.0,1000.5,25.0,0.0
2017,TOR,8475718,Justin,Holl,D,2,,,,,,,,,,,2,0,2,,0.0,2,5.0,0.0,0.0,1.0,0.0,2.0,1.0,1041.5,26.5,0.0
2017,TOR,8475786,Zach,Hyman,L,82,,,,,,,,,,,15,25,40,,37.0,2,22.0,0.0,1.0,2.0,0.0,148.0,0.1014,1041.4634,24.2,0.4286
2017,TOR,8476410,Josh,Leivo,L,16,,,,,,,,,,,1,3,4,,6.0,2,0.0,0.0,0.0,0.0,0.0,25.0,0.04,634.0625,14.9,0.6667
2017,TOR,8476853,Morgan,Rielly,D,76,,,,,,,,,,,6,46,52,,14.0,2,-4.0,1.0,0.0,0.0,0.0,182.0,0.033,1295.9868,29.7,0.0
2017,TOR,8476941,Connor,Carrick,D,47,,,,,,,,,,,4,8,12,,27.0,2,5.0,1.0,0.0,3.0,0.0,55.0,0.0727,908.0851,21.1,0.0
2017,TOR,8477015,Connor,Brown,R,82,,,,,,,,,,,14,14,28,,18.0,2,0.0,1.0,1.0,2.0,0.0,119.0,0.1176,900.8049,21.8,0.3882
2017,TOR,8477341,Andreas,Johnsson,L,9,,,,,,,,,,,2,1,3,,0.0,2,-2.0,0.0,0.0,0.0,0.0,19.0,0.1053,702.0,17.7,0.3333
2017,TOR,8477512,Frederik,Gauthier,C,9,,,,,,,,,,,1,0,1,,0.0,2,-4.0,0.0,0.0,0.0,0.0,12.0,0.0833,524.5556,13.7,0.4909
2017,TOR,8477939,William,Nylander,R,82,,,,,,,,,,,20,41,61,,10.0,2,20.0,5.0,0.0,8.0,2.0,184.0,0.1087,1001.3049,22.8,0.5138
2017,TOR,8477953,Kasperi,Kapanen,R,38,,,,,,,,,,,7,2,9,,4.0,2,-1.0,0.0,1.0,1.0,0.0,55.0,0.1273,674.7368,16.9,0.1429
2017,TOR,8478373,Nikita,Soshnikov,R,3,,,,,,,,,,,0,0,0,,0.0,2,-2.0,0.0,0.0,0.0,0.0,0.0,0.0,626.3333,14.7,0.0
2017,TOR,8478408,Travis,Dermott,D,37,,,,,,,,,,,1,12,13,,8.0,2,16.0,0.0,0.0,0.0,0.0,54.0,0.0185,959.6486,22.2,0.0
2017,TOR,8478483,Mitch,Marner,R,82,,,,,,,,,,,22,47,69,,26.0,2,-1.0,8.0,0.0,2.0,0.0,194.0,0.1134,983.2805,22.2,0.5263
2017,TOR,8479318,Auston,Matthews,C,62,,,,,,,,,,,34,29,63,,12.0,2,25.0,5.0,0.0,5.0,2.0,187.0,0.1818,1087.6935,24.1,0.5451
2017,TOR,8479458,Nikita,Zaitsev,D,60,,,,,,,,,,,5,8,13,,31.0,2,8.0,0.0,0.0,1.0,0.0,54.0,0.0926,1333.05,28.4,0.0
2017,TOR,8480157,Calle,Rosen,D,4,,,,,,,,,,,0,1,1,,4.0,2,-3.0,0.0,0.0,0.0,0.0,5.0,0.0,767.25,19.5,0.0
2017,TOR,8480158,Andreas,Borgman,D,48,,,,,,,,,,,3,8,11,,28.0,2,4.0,0.0,0.0,0.0,0.0,46.0,0.0652,821.25,20.0,0.0
2017,TOR,8470147,Curtis,McElhinney,G,1,0.0,0.0,1.0,,5.066852,0.826087,23.0,19.0,4.0,0.0,0,0,0,2842.0,,3,,,,,,,,,,
2017,TOR,8475883,Frederik,Andersen,G,7,7.0,3.0,3.0,,3.757486,0.895928,221.0,198.0,23.0,0.0,0,0,0,22036.0,,3,,,,,,,,,,
2017,TOR,8466139,Patrick,Marleau,C,7,,,,,,,,,,,4,1,5,,4.0,3,0.0,1.0,0.0,0.0,0.0,14.0,0.2857,988.2857,25.7,0.5
2017,TOR,8468493,Ron,Hainsey,D,7,,,,,,,,,,,0,1,1,,4.0,3,0.0,0.0,0.0,0.0,0.0,4.0,0.0,1286.4286,26.9,0.0
2017,TOR,8468575,Dominic,Moore,C,2,,,,,,,,,,,0,0,0,,0.0,3,-1.0,0.0,0.0,0.0,0.0,1.0,0.0,452.0,12.5,0.5714
2017,TOR,8469521,Tomas,Plekanec,C,7,,,,,,,,,,,2,2,4,,2.0,3,1.0,0.0,0.0,0.0,0.0,6.0,0.3333,853.1429,23.7,0.4425
2017,TOR,8471392,Roman,Polak,D,7,,,,,,,,,,,0,1,1,,4.0,3,3.0,0.0,0.0,0.0,0.0,8.0,0.0,1041.7143,24.7,0.0
2017,TOR,8473463,Leo,Komarov,R,2,,,,,,,,,,,0,0,0,,0.0,3,-1.0,0.0,0.0,0.0,0.0,2.0,0.0,676.5,17.0,0.25
2017,TOR,8474037,James,van Riemsdyk,L,7,,,,,,,,,,,3,1,4,,4.0,3,-4.0,3.0,0.0,1.0,0.0,13.0,0.2308,859.4286,19.4,0.0
2017,TOR,8474581,Jake,Gardiner,D,7,,,,,,,,,,,0,2,2,,2.0,3,-6.0,0.0,0.0,0.0,0.0,13.0,0.0,1359.2857,29.3,0.0
2017,TOR,8475098,Tyler,Bozak,C,7,,,,,,,,,,,2,2,4,,6.0,3,-1.0,0.0,0.0,0.0,0.0,16.0,0.125,873.7143,21.4,0.57
2017,TOR,8475172,Nazem,Kadri,C,4,,,,,,,,,,,0,2,2,,19.0,3,0.0,0.0,0.0,0.0,0.0,8.0,0.0,894.25,21.3,0.4146
2017,TOR,8475786,Zach,Hyman,L,7,,,,,,,,,,,1,3,4,,4.0,3,-3.0,0.0,0.0,0.0,0.0,10.0,0.1,1029.1429,26.7,0.3714
2017,TOR,8476853,Morgan,Rielly,D,7,,,,,,,,,,,0,5,5,,4.0,3,-2.0,0.0,0.0,0.0,0.0,9.0,0.0,1248.8571,28.7,0.0
2017,TOR,8477015,Connor,Brown,R,7,,,,,,,,,,,1,2,3,,0.0,3,0.0,0.0,0.0,0.0,0.0,6.0,0.1667,950.8571,22.4,0.375
2017,TOR,8477341,Andreas,Johnsson,L,6,,,,,,,,,,,1,1,2,,2.0,3,2.0,0.0,0.0,0.0,0.0,7.0,0.1429,680.0,17.3,0.6667
2017,TOR,8477939,William,Nylander,R,7,,,,,,,,,,,1,3,4,,0.0,3,-3.0,0.0,0.0,0.0,0.0,11.0,0.0909,943.4286,22.1,0.6042
2017,TOR,8477953,Kasperi,Kapanen,R,7,,,,,,,,,,,1,0,1,,0.0,3,-3.0,0.0,1.0,0.0,0.0,6.0,0.1667,675.7143,17.7,1.0
2017,TOR,8478408,Travis,Dermott,D,7,,,,,,,,,,,1,0,1,,2.0,3,-2.0,0.0,0.0,0.0,0.0,10.0,0.1,812.4286,19.0,0.0
2017,TOR,8478483,Mitch,Marner,R,7,,,,,,,,,,,2,7,9,,4.0,3,2.0,0.0,0.0,1.0,0.0,17.0,0.1176,1023.4286,25.1,0.4
2017,TOR,8479318,Auston,Matthews,C,7,,,,,,,,,,,1,1,2,,0.0,3,-4.0,0.0,0.0,1.0,0.0,27.0,0.037,1052.2857,24.1,0.5513
2017,TOR,8479458,Nikita,Zaitsev,D,7,,,,,,,,,,,0,2,2,,2.0,3,-3.0,0.0,0.0,0.0,0.0,9.0,0.0,1248.0,28.3,0.0
2017,TBL,8469514,Peter,Budaj,G,8,7.0,3.0,3.0,1.0,3.76394,0.875576,217.0,190.0,27.0,0.0,0,0,0,25824.0,,2,,,,,,,,,,
2017,TBL,8475839,Louis,Domingue,G,12,11.0,7.0,3.0,1.0,2.886224,0.914063,384.0,351.0,33.0,0.0,0,0,0,41161.0,2.0,2,,,,,,,,,,
2017,TBL,8476883,Andrei,Vasilevskiy,G,65,64.0,44.0,17.0,3.0,2.619479,0.919518,2075.0,1908.0,167.0,8.0,0,2,2,229511.0,14.0,2,,,,,,,,,,
2017,TBL,8470543,Chris,Kunitz,L,82,,,,,,,,,,,13,16,29,,35.0,2,8.0,0.0,1.0,2.0,0.0,81.0,0.1605,716.7805,16.9,0.3684
2017,TBL,8470601,Braydon,Coburn,D,72,,,,,,,,,,,1,14,15,,40.0,2,3.0,0.0,0.0,0.0,0.0,73.0,0.0137,961.4306,21.4,0.0
2017,TBL,8471339,Ryan,Callahan,R,67,,,,,,,,,,,5,13,18,,29.0,2,-4.0,1.0,1.0,0.0,0.0,104.0,0.0481,799.2687,18.5,0.4091
2017,TBL,8471873,Anton,Stralman,D,80,,,,,,,,,,,4,14,18,,18.0,2,29.0,0.0,0.0,0.0,0.0,131.0,0.0305,1289.2125,25.7,0.0
2017,TBL,8471958,Dan,Girardi,D,77,,,,,,,,,,,6,12,18,,27.0,2,18.0,1.0,0.0,1.0,0.0,93.0,0.0645,1043.1169,23.8,0.0
2017,TBL,8473986,Alex,Killorn,L,82,,,,,,,,,,,15,32,47,,45.0,2,22.0,2.0,0.0,1.0,0.0,156.0,0.0962,989.878,20.7,0.4
2017,TBL,8474151,Ryan,McDonagh,D,14,,,,,,,,,,,2,1,3,,0.0,2,1.0,0.0,0.0,0.0,0.0,22.0,0.0909,1276.7143,26.4,0.0
2017,TBL,8474564,Steven,Stamkos,C,78,,,,,,,,,,,27,59,86,,72.0,2,18.0,15.0,0.0,1.0,0.0,212.0,0.1274,1126.4615,22.3,0.5224
2017,TBL,8474870,Tyler,Johnson,C,81,,,,,,,,,,,21,29,50,,24.0,2,3.0,4.0,2.0,3.0,0.0,186.0,0.1129,1019.5062,22.2,0.5007
2017,TBL,8475167,Victor,Hedman,D,77,,,,,,,,,,,17,46,63,,54.0,2,32.0,2.0,0.0,1.0,0.0,216.0,0.0787,1551.039,27.5,0.5
2017,TBL,8475254,Gabriel,Dumont,C,7,,,,,,,,,,,0,0,0,,4.0,2,0.0,0.0,0.0,0.0,0.0,11.0,0.0,621.8571,14.3,0.4688
2017,TBL,8475739,Michael,Bournival,L,5,,,,,,,,,,,0,0,0,,0.0,2,0.0,0.0,0.0,0.0,0.0,5.0,0.0,560.8,13.2,0.0
2017,TBL,8476195,Cory,Conacher,C,36,,,,,,,,,,,8,4,12,,24.0,2,0.0,1.0,0.0,2.0,1.0,45.0,0.1778,599.6667,14.5,0.25
2017,TBL,8476285,Matthew,Peca,C,10,,,,,,,,,,,2,3,5,,0.0,2,6.0,0.0,0.0,0.0,0.0,17.0,0.1176,820.2,18.4,0.5693
2017,TBL,8476292,Ondrej,Palat,L,56,,,,,,,,,,,11,24,35,,6.0,2,16.0,4.0,1.0,0.0,0.0,109.0,0.1009,1019.7679,22.2,0.2258
2017,TBL,8476453,Nikita,Kucherov,R,80,,,,,,,,,,,39,61,100,,42.0,2,15.0,8.0,0.0,7.0,0.0,279.0,0.1398,1189.2875,22.7,0.6
2017,TBL,8476468,J.T.,Miller,C,19,,,,,,,,,,,10,8,18,,12.0,2,-3.0,5.0,0.0,1.0,0.0,45.0,0.2222,1091.2105,23.0,0.5427
2017,TBL,8476480,Vladislav,Namestnikov,C,62,,,,,,,,,,,20,24,44,,35.0,2,11.0,8.0,0.0,2.0,0.0,127.0,0.1575,1050.4355,21.2,0.4729
2017,TBL,8476806,JT,Brown,R,24,,,,,,,,,,,1,3,4,,12.0,2,-1.0,0.0,0.0,1.0,0.0,18.0,0.0556,562.1667,13.3,0.4359
2017,TBL,8476826,Yanni,Gourde,C,82,,,,,,,,,,,25,39,64,,50.0,2,34.0,7.0,1.0,5.0,1.0,136.0,0.1838,969.4756,20.6,0.4341
2017,TBL,8476886,Slater,Koekkoek,D,35,,,,,,,,,,,4,4,8,,18.0,2,4.0,0.0,0.0,1.0,0.0,43.0,0.093,674.1143,16.2,0.0
2017,TBL,8476975,Cedric,Paquette,C,56,,,,,,,,,,,5,4,9,,41.0,2,-5.0,0.0,0.0,2.0,0.0,64.0,0.0781,612.125,15.0,0.4689
2017,TBL,8477009,Jake,Dotchin,D,48,,,,,,,,,,,3,8,11,,38.0,2,17.0,0.0,0.0,0.0,0.0,48.0,0.0625,989.0833,19.6,0.0
2017,TBL,8477205,Andrej,Sustr,D,44,,,,,,,,,,,2,5,7,,18.0,2,-5.0,0.0,0.0,0.0,0.0,45.0,0.0444,770.3409,16.2,0.0
2017,TBL,8477454,Adam,Erne,L,23,,,,,,,,,,,3,1,4,,11.0,2,-1.0,0.0,0.0,1.0,0.0,29.0,0.1034,607.1304,14.6,0.625
2017,TBL,8478010,Brayden,Point,C,82,,,,,,,,,,,32,34,66,,24.0,2,18.0,5.0,3.0,12.0,4.0,217.0,0.1475,1177.1829,24.7,0.4744
2017,TBL,8478519,Anthony,Cirelli,C,18,,,,,,,,,,,5,6,11,,6.0,2,11.0,0.0,0.0,0.0,0.0,26.0,0.1923,793.8889,19.6,0.4486
2017,TBL,8479410,Mikhail,Sergachev,D,79,,,,,,,,,,,9,31,40,,38.0,2,11.0,3.0,0.0,5.0,0.0,141.0,0.0638,921.6203,19.3,0.0
2017,TBL,8475839,Louis,Domingue,G,1,0.0,,,,0.0,1.0,7.0,7.0,0.0,0.0,0,0,0,1105.0,,3,,,,,,,,,,
2017,TBL,8476883,Andrei,Vasilevskiy,G,17,17.0,11.0,6.0,,2.582194,0.917939,524.0,481.0,43.0,0.0,0,0,0,59949.0,2.0,3,,,,,,,,,,
2017,TBL,8470543,Chris,Kunitz,L,17,,,,,,,,,,,0,1,1,,16.0,3,-1.0,0.0,0.0,0.0,0.0,16.0,0.0,628.0588,17.0,0.0
2017,TBL,8470601,Braydon,Coburn,D,17,,,,,,,,,,,0,2,2,,19.0,3,1.0,0.0,0.0,0.0,0.0,14.0,0.0,846.3529,18.7,0.0
2017,TBL,8471339,Ryan,Callahan,R,15,,,,,,,,,,,2,1,3,,4.0,3,1.0,0.0,0.0,1.0,0.0,15.0,0.1333,757.6,19.7,0.5
2017,TBL,8471873,Anton,Stralman,D,17,,,,,,,,,,,1,4,5,,8.0,3,-3.0,0.0,0.0,0.0,0.0,21.0,0.0476,1324.2353,27.5,0.0
2017,TBL,8471958,Dan,Girardi,D,17,,,,,,,,,,,2,1,3,,2.0,3,3.0,0.0,0.0,1.0,1.0,22.0,0.0909,1080.2941,24.4,0.0
2017,TBL,8473986,Alex,Killorn,L,17,,,,,,,,,,,5,2,7,,12.0,3,4.0,3.0,0.0,1.0,0.0,22.0,0.2273,947.3529,21.9,0.5
2017,TBL,8474151,Ryan,McDonagh,D,17,,,,,,,,,,,0,5,5,,6.0,3,2.0,0.0,0.0,0.0,0.0,22.0,0.0,1350.8235,27.8,0.0
2017,TBL,8474564,Steven,Stamkos,C,17,,,,,,,,,,,7,9,16,,4.0,3,-1.0,6.0,0.0,0.0,0.0,38.0,0.1842,1057.2353,23.1,0.515
2017,TBL,8474870,Tyler,Johnson,C,17,,,,,,,,,,,3,5,8,,6.0,3,-1.0,0.0,0.0,0.0,0.0,42.0,0.0714,987.4706,23.1,0.546
2017,TBL,8475167,Victor,Hedman,D,17,,,,,,,,,,,1,10,11,,10.0,3,-4.0,0.0,0.0,1.0,0.0,35.0,0.0286,1563.9412,29.8,0.0
2017,TBL,8476195,Cory,Conacher,C,2,,,,,,,,,,,0,0,0,,10.0,3,-1.0,0.0,0.0,0.0,0.0,3.0,0.0,304.5,10.5,0.0
2017,TBL,8476292,Ondrej,Palat,L,17,,,,,,,,,,,6,6,12,,2.0,3,-1.0,0.0,0.0,2.0,0.0,31.0,0.1935,949.6471,22.3,0.0
2017,TBL,8476453,Nikita,Kucherov,R,17,,,,,,,,,,,7,10,17,,10.0,3,-6.0,2.0,0.0,3.0,0.0,61.0,0.1148,1074.8235,23.6,0.0
2017,TBL,8476468,J.T.,Miller,C,17,,,,,,,,,,,2,6,8,,15.0,3,-4.0,1.0,0.0,1.0,0.0,32.0,0.0625,987.9412,20.9,0.5205
2017,TBL,8476826,Yanni,Gourde,C,17,,,,,,,,,,,2,5,7,,8.0,3,0.0,2.0,0.0,1.0,0.0,27.0,0.0741,887.5294,19.7,0.4348
2017,TBL,8476975,Cedric,Paquette,C,17,,,,,,,,,,,1,1,2,,37.0,3,-1.0,0.0,0.0,0.0,0.0,13.0,0.0769,710.8824,19.4,0.5396
2017,TBL,8478010,Brayden,Point,C,17,,,,,,,,,,,7,9,16,,10.0,3,-6.0,1.0,0.0,0.0,0.0,37.0,0.1892,1134.1176,24.1,0.4609
2017,TBL,8478519,Anthony,Cirelli,C,17,,,,,,,,,,,2,1,3,,4.0,3,1.0,0.0,0.0,0.0,0.0,19.0,0.1053,791.1765,19.6,0.4717
2017,TBL,8479410,Mikhail,Sergachev,D,17,,,,,,,,,,,2,3,5,,12.0,3,1.0,1.0,0.0,0.0,0.0,26.0,0.0769,736.3529,17.2,0.0
2017,VAN,8474593,Jacob,Markstrom,G,60,57.0,23.0,26.0,7.0,2.706725,0.911748,1745.0,1591.0,154.0,2.0,0,3,3,204823.0,4.0,2,,,,,,,,,,
2017,VAN,8475195,Anders,Nilsson,G,27,24.0,7.0,14.0,4.0,3.443368,0.901176,850.0,766.0,84.0,2.0,0,1,1,87821.0,,2,,,,,,,,,,
2017,VAN,8477967,Thatcher,Demko,G,1,1.0,1.0,0.0,0.0,3.91198,0.866667,30.0,26.0,4.0,0.0,0,0,0,3681.0,,2,,,,,,,,,,
2017,VAN,8467875,Daniel,Sedin,L,81,,,,,,,,,,,23,32,55,,40.0,2,-21.0,9.0,0.0,5.0,1.0,189.0,0.1217,916.2222,20.9,0.45
2017,VAN,8467876,Henrik,Sedin,C,82,,,,,,,,,,,3,47,50,,30.0,2,-22.0,0.0,0.0,0.0,0.0,67.0,0.0448,932.9024,21.0,0.465
2017,VAN,8469638,Jussi,Jokinen,L,14,,,,,,,,,,,4,6,10,,2.0,2,7.0,0.0,0.0,0.0,0.0,19.0,0.2105,769.2857,18.1,0.5
2017,VAN,8470598,Thomas,Vanek,L,61,,,,,,,,,,,17,24,41,,28.0,2,-12.0,4.0,0.0,1.0,0.0,121.0,0.1405,838.1148,20.0,0.2105
2017,VAN,8470626,Loui,Eriksson,L,50,,,,,,,,,,,10,13,23,,4.0,2,0.0,0.0,1.0,0.0,0.0,101.0,0.099,976.16,22.7,0.4286
2017,VAN,8471303,Alexander,Edler,D,70,,,,,,,,,,,6,28,34,,68.0,2,-18.0,1.0,0.0,2.0,1.0,172.0,0.0349,1456.6429,28.2,0.5
2017,VAN,8473415,Alex,Biega,D,44,,,,,,,,,,,1,8,9,,32.0,2,3.0,0.0,0.0,1.0,0.0,79.0,0.0127,901.2273,19.6,0.0
2017,VAN,8473432,Derek,Dorsett,R,20,,,,,,,,,,,7,2,9,,74.0,2,-1.0,0.0,2.0,1.0,0.0,26.0,0.2692,916.9,21.8,0.0
2017,VAN,8474040,Sam,Gagner,C,74,,,,,,,,,,,10,21,31,,35.0,2,-18.0,3.0,0.0,2.0,1.0,164.0,0.061,906.6622,21.1,0.4772
2017,VAN,8474091,Brandon,Sutter,C,61,,,,,,,,,,,11,15,26,,8.0,2,8.0,0.0,0.0,1.0,1.0,106.0,0.1038,1038.9344,25.0,0.5172
2017,VAN,8474584,Michael,Del Zotto,D,82,,,,,,,,,,,6,16,22,,48.0,2,-8.0,0.0,0.0,0.0,0.0,128.0,0.0469,1248.2439,26.4,0.0
2017,VAN,8475343,Nic,Dowd,C,40,,,,,,,,,,,3,0,3,,16.0,2,-7.0,1.0,0.0,1.0,0.0,40.0,0.075,694.075,17.1,0.5087
2017,VAN,8475423,Darren,Archibald,R,27,,,,,,,,,,,4,5,9,,14.0,2,-1.0,0.0,1.0,0.0,0.0,28.0,0.1429,891.5556,21.7,0.0
2017,VAN,8475690,Chris,Tanev,D,42,,,,,,,,,,,2,9,11,,8.0,2,7.0,0.0,0.0,0.0,0.0,31.0,0.0645,1186.5476,26.8,0.0
2017,VAN,8475788,Alexander,Burmistrov,C,24,,,,,,,,,,,2,4,6,,12.0,2,-5.0,1.0,0.0,0.0,0.0,18.0,0.1111,718.625,16.3,0.4807
2017,VAN,8475790,Erik,Gudbranson,D,52,,,,,,,,,,,2,3,5,,35.0,2,-7.0,0.0,0.0,0.0,0.0,53.0,0.0377,1105.25,24.1,0.0
2017,VAN,8475808,Michael,Chaput,C,9,,,,,,,,,,,0,0,0,,5.0,2,-4.0,0.0,0.0,0.0,0.0,2.0,0.0,587.2222,16.4,0.5811
2017,VAN,8476423,Reid,Boucher,C,20,,,,,,,,,,,3,2,5,,0.0,2,-12.0,1.0,0.0,1.0,0.0,37.0,0.0811,682.55,17.0,0.3333
2017,VAN,8476440,Markus,Granlund,C,53,,,,,,,,,,,8,4,12,,8.0,2,-10.0,2.0,2.0,1.0,0.0,93.0,0.086,975.3585,22.5,0.4078
2017,VAN,8476466,Sven,Baertschi,L,53,,,,,,,,,,,14,15,29,,20.0,2,3.0,7.0,0.0,2.0,1.0,82.0,0.1707,936.3396,21.8,0.1429
2017,VAN,8476867,Brendan,Gaunce,C,37,,,,,,,,,,,4,2,6,,10.0,2,0.0,1.0,0.0,1.0,0.0,55.0,0.0727,798.5946,19.1,0.4524
2017,VAN,8476884,Derrick,Pouliot,D,71,,,,,,,,,,,3,19,22,,39.0,2,-22.0,1.0,0.0,3.0,0.0,78.0,0.0385,1071.0986,23.1,0.0
2017,VAN,8476894,Brendan,Leipsic,L,14,,,,,,,,,,,3,6,9,,10.0,2,-3.0,0.0,0.0,1.0,1.0,27.0,0.1111,1015.5,21.4,0.5
2017,VAN,8477018,Ben,Hutton,D,61,,,,,,,,,,,0,6,6,,23.0,2,-9.0,0.0,0.0,0.0,0.0,103.0,0.0,1104.8689,23.9,0.0
2017,VAN,8477085,Ashton,Sautner,D,5,,,,,,,,,,,0,2,2,,2.0,2,4.0,0.0,0.0,0.0,0.0,3.0,0.0,801.6,17.6,0.0
2017,VAN,8477126,Jayson,Megna,C,1,,,,,,,,,,,0,0,0,,0.0,2,0.0,0.0,0.0,0.0,0.0,0.0,0.0,258.0,7.0,0.0
2017,VAN,8477353,Tyler,Motte,C,15,,,,,,,,,,,2,0,2,,4.0,2,-1.0,0.0,0.0,0.0,0.0,22.0,0.0909,833.2667,19.1,0.125
2017,VAN,8477500,Bo,Horvat,C,64,,,,,,,,,,,22,22,44,,10.0,2,-1.0,10.0,1.0,3.0,0.0,158.0,0.1392,1160.9844,26.1,0.5378
2017,VAN,8477937,Jake,Virtanen,R,75,,,,,,,,,,,10,10,20,,46.0,2,-11.0,0.0,0.0,1.0,0.0,130.0,0.0769,719.1867,18.5,0.3182
2017,VAN,8477958,Nikolay,Goldobin,R,38,,,,,,,,,,,8,6,14,,6.0,2,-14.0,2.0,0.0,0.0,0.0,50.0,0.16,740.0,18.1,0.5
2017,VAN,8478444,Brock,Boeser,R,62,,,,,,,,,,,29,26,55,,16.0,2,-5.0,10.0,0.0,4.0,0.0,179.0,0.162,1049.5484,22.5,0.2564
2017,VAN,8478874,Adam,Gaudette,R,5,,,,,,,,,,,0,0,0,,0.0,2,2.0,0.0,0.0,0.0,0.0,9.0,0.0,767.2,18.0,0.375
2017,VAN,8479442,Troy,Stecher,D,68,,,,,,,,,,,1,10,11,,35.0,2,-7.0,0.0,0.0,0.0,0.0,94.0,0.0106,1128.6912,23.9,0.0
2017,VAN,8480163,Philip,Holm,D,1,,,,,,,,,,,0,0,0,,0.0,2,-2.0,0.0,0.0,0.0,0.0,0.0,0.0,912.0,21.0,0.0
2017,VGK,8470594,Marc-Andre,Fleury,G,46,46.0,29.0,13.0,4.0,2.24433,0.927326,1376.0,1276.0,100.0,4.0,0,1,1,160404.0,6.0,2,,,,,,,,,,
2017,VGK,8476509,Maxime,Lagace,G,16,14.0,6.0,7.0,1.0,3.915205,0.867442,430.0,373.0,57.0,0.0,0,0,0,52411.0,,2,,,,,,,,,,
2017,VGK,8476861,Oscar,Dansk,G,4,3.0,3.0,0.0,0.0,1.779358,0.946237,93.0,88.0,5.0,1.0,0,0,0,10116.0,,2,,,,,,,,,,
2017,VGK,8476876,Malcolm,Subban,G,22,19.0,13.0,4.0,2.0,2.682526,0.910423,614.0,559.0,55.0,0.0,0,0,0,73811.0,2.0,2,,,,,,,,,,
2017,VGK,8480263,Dylan,Ferguson,G,1,0.0,,,0.0,6.498194,0.5,2.0,1.0,1.0,0.0,0,0,0,554.0,,2,,,,,,,,,,
2017,VGK,8468674,Deryk,Engelland,D,79,,,,,,,,,,,5,18,23,,24.0,2,6.0,0.0,0.0,0.0,0.0,108.0,0.0463,1216.8101,25.0,0.0
2017,VGK,8471707,James,Neal,L,71,,,,,,,,,,,25,19,44,,24.0,2,-11.0,5.0,0.0,6.0,1.0,202.0,0.1238,1030.507,19.9,0.0
2017,VGK,8471817,Ryan,Reaves,R,21,,,,,,,,,,,0,2,2,,10.0,2,2.0,0.0,0.0,0.0,0.0,8.0,0.0,595.3333,12.3,0.5385
2017,VGK,8474102,David,Perron,L,70,,,,,,,,,,,16,50,66,,50.0,2,1.0,1.0,0.0,4.0,3.0,125.0,0.128,1068.5,20.4,0.4034
2017,VGK,8474520,Jason,Garrison,D,8,,,,,,,,,,,0,1,1,,4.0,2,-2.0,0.0,0.0,0.0,0.0,7.0,0.0,1144.0,23.9,0.0
2017,VGK,8474579,Luca,Sbisa,D,30,,,,,,,,,,,2,12,14,,15.0,2,8.0,0.0,0.0,0.0,0.0,26.0,0.0769,1171.2333,25.2,0.0
2017,VGK,8475188,Brayden,McNabb,D,76,,,,,,,,,,,5,10,15,,52.0,2,26.0,0.0,0.0,1.0,0.0,88.0,0.0568,1209.1053,25.3,0.0
2017,VGK,8475191,Reilly,Smith,R,67,,,,,,,,,,,22,38,60,,24.0,2,31.0,7.0,1.0,4.0,1.0,162.0,0.1358,1075.4627,22.2,0.3077
2017,VGK,8475193,Tomas,Tatar,L,20,,,,,,,,,,,4,2,6,,10.0,2,-11.0,1.0,0.0,1.0,0.0,34.0,0.1176,887.7,18.1,0.1667
2017,VGK,8475204,Brandon,Pirri,C,2,,,,,,,,,,,3,0,3,,0.0,2,3.0,0.0,0.0,0.0,0.0,11.0,0.2727,1057.0,19.5,0.5
2017,VGK,8475236,Cody,Eakin,C,80,,,,,,,,,,,11,16,27,,22.0,2,-6.0,0.0,1.0,2.0,0.0,107.0,0.1028,872.1,18.5,0.5212
2017,VGK,8475287,Erik,Haula,L,76,,,,,,,,,,,29,26,55,,37.0,2,-16.0,11.0,0.0,4.0,0.0,175.0,0.1657,1042.4211,20.1,0.5052
2017,VGK,8475715,Oscar,Lindberg,L,63,,,,,,,,,,,9,2,11,,14.0,2,-11.0,0.0,0.0,0.0,0.0,81.0,0.1111,706.5397,14.9,0.5294
2017,VGK,8475750,Jon,Merrill,D,34,,,,,,,,,,,1,2,3,,22.0,2,7.0,0.0,0.0,1.0,0.0,30.0,0.0333,965.1471,20.4,0.0
2017,VGK,8476448,William,Karlsson,C,82,,,,,,,,,,,43,35,78,,12.0,2,49.0,8.0,4.0,6.0,1.0,184.0,0.2337,1123.0122,22.0,0.4803
2017,VGK,8476525,Colin,Miller,D,82,,,,,,,,,,,10,31,41,,53.0,2,-4.0,5.0,0.0,2.0,0.0,177.0,0.0565,1160.622,24.2,1.0
2017,VGK,8476539,Jonathan,Marchessault,R,77,,,,,,,,,,,27,48,75,,40.0,2,36.0,6.0,0.0,6.0,2.0,268.0,0.1007,1050.2727,20.1,0.4349
2017,VGK,8476617,Tomas,Hyka,R,10,,,,,,,,,,,1,2,3,,0.0,2,2.0,0.0,0.0,0.0,0.0,15.0,0.0667,723.2,15.3,0.0
2017,VGK,8476779,Brad,Hunt,D,45,,,,,,,,,,,3,15,18,,6.0,2,-5.0,2.0,0.0,0.0,0.0,80.0,0.0375,998.8222,21.0,0.0
2017,VGK,8476870,Stefan,Matteau,C,8,,,,,,,,,,,0,1,1,,0.0,2,0.0,0.0,0.0,0.0,0.0,8.0,0.0,492.125,12.3,0.5
2017,VGK,8476894,Brendan,Leipsic,L,44,,,,,,,,,,,2,11,13,,4.0,2,-1.0,0.0,0.0,0.0,0.0,68.0,0.0294,715.8409,14.5,0.625
2017,VGK,8477220,Nate,Schmidt,D,76,,,,,,,,,,,5,31,36,,16.0,2,19.0,1.0,0.0,1.0,0.0,103.0,0.0485,1334.4605,27.2,0.0
2017,VGK,8477447,Shea,Theodore,D,61,,,,,,,,,,,6,23,29,,14.0,2,5.0,1.0,0.0,1.0,0.0,144.0,0.0417,1221.1311,24.8,0.0
2017,VGK,8477478,William,Carrier,L,37,,,,,,,,,,,1,2,3,,19.0,2,-3.0,0.0,0.0,0.0,0.0,52.0,0.0192,530.4595,12.3,0.0
2017,VGK,8477846,Ryan,Carpenter,C,36,,,,,,,,,,,9,5,14,,9.0,2,0.0,0.0,1.0,2.0,0.0,65.0,0.1385,788.1389,16.7,0.4979
2017,VGK,8477930,Pierre-Edouard,Bellemare,L,72,,,,,,,,,,,6,10,16,,14.0,2,5.0,0.0,0.0,1.0,0.0,92.0,0.0652,739.6389,16.4,0.5115
2017,VGK,8477931,Tomas,Nosek,L,67,,,,,,,,,,,7,8,15,,14.0,2,6.0,0.0,1.0,0.0,0.0,92.0,0.0761,665.5224,15.0,0.5385
2017,VGK,8477949,Alex,Tuch,R,78,,,,,,,,,,,15,22,37,,27.0,2,3.0,4.0,0.0,4.0,0.0,171.0,0.0877,915.1538,17.5,0.4242
2017,VGK,8479650,Vadim,Shipachyov,C,3,,,,,,,,,,,1,0,1,,2.0,2,3.0,0.0,0.0,1.0,0.0,3.0,0.3333,635.3333,14.0,0.5714
2017,VGK,8480727,Zach,Whitecloud,D,1,,,,,,,,,,,0,0,0,,0.0,2,3.0,0.0,0.0,0.0,0.0,0.0,0.0,1002.0,20.0,0.0
2017,VGK,8470594,Marc-Andre,Fleury,G,20,20.0,13.0,7.0,,2.240611,0.926677,641.0,594.0,47.0,4.0,0,1,1,75515.0,4.0,3,,,,,,,,,,
2017,VGK,8468674,Deryk,Engelland,D,20,,,,,,,,,,,0,2,2,,26.0,3,2.0,0.0,0.0,0.0,0.0,30.0,0.0,1299.25,28.1,0.0
2017,VGK,8471707,James,Neal,L,20,,,,,,,,,,,6,5,11,,12.0,3,0.0,1.0,0.0,0.0,0.0,64.0,0.0938,1025.25,20.9,0.0
2017,VGK,8471817,Ryan,Reaves,R,10,,,,,,,,,,,2,0,2,,18.0,3,4.0,0.0,0.0,1.0,0.0,6.0,0.3333,493.3,12.5,0.1429
2017,VGK,8474102,David,Perron,L,15,,,,,,,,,,,1,8,9,,10.0,3,1.0,0.0,0.0,0.0,0.0,16.0,0.0625,992.9333,20.1,0.3448
2017,VGK,8474579,Luca,Sbisa,D,12,,,,,,,,,,,0,4,4,,8.0,3,5.0,0.0,0.0,0.0,0.0,9.0,0.0,966.8333,22.1,0.0
2017,VGK,8475188,Brayden,McNabb,D,20,,,,,,,,,,,2,3,5,,20.0,3,2.0,0.0,0.0,1.0,0.0,13.0,0.1538,1283.25,27.8,0.0
2017,VGK,8475191,Reilly,Smith,R,20,,,,,,,,,,,5,17,22,,10.0,3,5.0,1.0,0.0,1.0,0.0,46.0,0.1087,1222.75,26.2,0.0
2017,VGK,8475193,Tomas,Tatar,L,8,,,,,,,,,,,1,1,2,,2.0,3,1.0,0.0,0.0,0.0,0.0,7.0,0.1429,745.0,17.9,1.0
2017,VGK,8475236,Cody,Eakin,C,20,,,,,,,,,,,3,1,4,,4.0,3,3.0,0.0,0.0,1.0,0.0,19.0,0.1579,868.85,19.3,0.5489
2017,VGK,8475287,Erik,Haula,L,20,,,,,,,,,,,3,6,9,,27.0,3,-3.0,0.0,0.0,1.0,1.0,35.0,0.0857,998.75,21.6,0.5076
2017,VGK,8475715,Oscar,Lindberg,L,3,,,,,,,,,,,0,1,1,,2.0,3,1.0,0.0,0.0,0.0,0.0,5.0,0.0,677.0,15.7,0.5
2017,VGK,8475750,Jon,Merrill,D,8,,,,,,,,,,,0,0,0,,10.0,3,2.0,0.0,0.0,0.0,0.0,2.0,0.0,944.0,20.6,0.0
2017,VGK,8476448,William,Karlsson,C,20,,,,,,,,,,,7,8,15,,2.0,3,8.0,2.0,0.0,2.0,1.0,50.0,0.14,1300.35,26.3,0.4848
2017,VGK,8476525,Colin,Miller,D,20,,,,,,,,,,,3,4,7,,14.0,3,5.0,3.0,0.0,0.0,0.0,36.0,0.0833,1147.7,24.2,0.0
2017,VGK,8476539,Jonathan,Marchessault,R,20,,,,,,,,,,,8,13,21,,10.0,3,8.0,1.0,0.0,2.0,0.0,86.0,0.093,1165.0,23.7,0.3486
2017,VGK,8477220,Nate,Schmidt,D,20,,,,,,,,,,,3,4,7,,4.0,3,7.0,0.0,0.0,0.0,0.0,38.0,0.0789,1465.45,30.4,0.0
2017,VGK,8477447,Shea,Theodore,D,20,,,,,,,,,,,3,7,10,,8.0,3,2.0,1.0,0.0,1.0,0.0,39.0,0.0769,1308.15,27.5,0.0
2017,VGK,8477478,William,Carrier,L,10,,,,,,,,,,,0,0,0,,8.0,3,-1.0,0.0,0.0,0.0,0.0,11.0,0.0,474.9,12.1,0.0
2017,VGK,8477846,Ryan,Carpenter,C,17,,,,,,,,,,,0,5,5,,6.0,3,5.0,0.0,0.0,0.0,0.0,26.0,0.0,840.9412,19.6,0.5152
2017,VGK,8477930,Pierre-Edouard,Bellemare,L,20,,,,,,,,,,,0,3,3,,14.0,3,6.0,0.0,0.0,0.0,0.0,27.0,0.0,706.5,17.1,0.488
2017,VGK,8477931,Tomas,Nosek,L,17,,,,,,,,,,,4,2,6,,8.0,3,5.0,0.0,0.0,1.0,0.0,20.0,0.2,694.7647,16.2,0.5625
2017,VGK,8477949,Alex,Tuch,R,20,,,,,,,,,,,6,4,10,,12.0,3,0.0,3.0,0.0,2.0,0.0,44.0,0.1364,945.5,19.6,0.4286
2017,WPG,8473461,Steve,Mason,G,13,12.0,5.0,6.0,1.0,3.241426,0.905612,392.0,355.0,37.0,1.0,0,1,1,41093.0,,2,,,,,,,,,,
2017,WPG,8474636,Michael,Hutchinson,G,3,3.0,2.0,1.0,0.0,3.262133,0.906667,75.0,68.0,7.0,0.0,0,1,1,7725.0,,2,,,,,,,,,,
2017,WPG,8476945,Connor,Hellebuyck,G,67,64.0,44.0,11.0,9.0,2.360117,0.923828,2048.0,1892.0,156.0,6.0,0,2,2,237954.0,,2,,,,,,,,,,
2017,WPG,8477480,Eric,Comrie,G,3,3.0,1.0,2.0,0.0,3.993343,0.87234,94.0,82.0,12.0,0.0,0,0,0,10818.0,,2,,,,,,,,,,
2017,WPG,8468611,Matt,Hendricks,C,60,,,,,,,,,,,5,8,13,,39.0,2,-1.0,0.0,0.0,0.0,0.0,56.0,0.0893,565.45,14.5,0.4934
2017,WPG,8470828,Toby,Enstrom,D,43,,,,,,,,,,,1,5,6,,20.0,2,8.0,0.0,0.0,0.0,0.0,31.0,0.0323,1021.8837,22.1,0.0
2017,WPG,8470834,Dustin,Byfuglien,D,69,,,,,,,,,,,8,37,45,,112.0,2,15.0,4.0,0.0,1.0,0.0,193.0,0.0415,1460.3333,25.0,0.0
2017,WPG,8471218,Blake,Wheeler,R,81,,,,,,,,,,,23,68,91,,52.0,2,13.0,6.0,0.0,2.0,0.0,246.0,0.0935,1215.3951,25.4,0.4586
2017,WPG,8471669,Paul,Stastny,C,19,,,,,,,,,,,4,9,13,,4.0,2,6.0,0.0,0.0,2.0,0.0,24.0,0.1667,1022.4211,20.5,0.5382
2017,WPG,8473412,Bryan,Little,C,82,,,,,,,,,,,16,27,43,,28.0,2,2.0,2.0,0.0,2.0,1.0,129.0,0.124,1016.0244,23.0,0.5605
2017,WPG,8473574,Shawn,Matthias,L,27,,,,,,,,,,,1,2,3,,10.0,2,-1.0,0.0,0.0,0.0,0.0,26.0,0.0385,670.3704,16.8,0.4286
2017,WPG,8473618,Mathieu,Perreault,C,70,,,,,,,,,,,17,22,39,,38.0,2,4.0,6.0,0.0,2.0,0.0,139.0,0.1223,867.5,19.1,0.5593
2017,WPG,8474574,Tyler,Myers,D,82,,,,,,,,,,,6,30,36,,48.0,2,9.0,3.0,1.0,3.0,1.0,150.0,0.04,1285.5732,24.9,0.0
2017,WPG,8475179,Dmitry,Kulikov,D,62,,,,,,,,,,,3,8,11,,22.0,2,6.0,0.0,0.0,1.0,0.0,48.0,0.0625,1024.3226,21.1,0.0
2017,WPG,8475279,Ben,Chiarot,D,57,,,,,,,,,,,2,12,14,,32.0,2,15.0,0.0,0.0,0.0,0.0,57.0,0.0351,916.5614,18.6,0.0
2017,WPG,8476392,Adam,Lowry,C,45,,,,,,,,,,,8,13,21,,8.0,2,9.0,1.0,0.0,1.0,0.0,70.0,0.1143,893.6222,21.0,0.5589
2017,WPG,8476460,Mark,Scheifele,C,60,,,,,,,,,,,23,37,60,,18.0,2,19.0,8.0,2.0,3.0,0.0,125.0,0.184,1240.7,24.6,0.5125
2017,WPG,8476469,Joel,Armia,R,79,,,,,,,,,,,12,17,29,,22.0,2,3.0,0.0,1.0,2.0,0.0,128.0,0.0938,756.0886,18.0,0.4667
2017,WPG,8476476,Joe,Morrow,D,18,,,,,,,,,,,1,4,5,,0.0,2,7.0,0.0,0.0,0.0,0.0,25.0,0.04,870.2778,18.2,0.0
2017,WPG,8476885,Jacob,Trouba,D,55,,,,,,,,,,,3,21,24,,34.0,2,9.0,0.0,0.0,2.0,0.0,144.0,0.0208,1313.8727,25.5,0.0
2017,WPG,8477359,Tucker,Poolman,D,24,,,,,,,,,,,1,1,2,,0.0,2,2.0,0.0,0.0,0.0,0.0,27.0,0.037,753.7917,16.4,0.0
2017,WPG,8477429,Andrew,Copp,C,82,,,,,,,,,,,9,19,28,,14.0,2,17.0,0.0,2.0,0.0,0.0,96.0,0.0938,824.0122,20.0,0.5184
2017,WPG,8477448,Marko,Dano,C,23,,,,,,,,,,,2,1,3,,6.0,2,-2.0,0.0,0.0,2.0,0.0,22.0,0.0909,431.2174,11.3,0.5
2017,WPG,8477464,Nic,Petan,C,15,,,,,,,,,,,2,0,2,,6.0,2,0.0,0.0,0.0,1.0,0.0,16.0,0.125,504.8,11.1,0.48
2017,WPG,8477504,Josh,Morrissey,D,81,,,,,,,,,,,7,19,26,,47.0,2,15.0,0.0,0.0,0.0,0.0,102.0,0.0686,1227.1975,24.7,0.5
2017,WPG,8477940,Nikolaj,Ehlers,L,82,,,,,,,,,,,29,31,60,,26.0,2,14.0,7.0,0.0,7.0,0.0,231.0,0.1255,964.8293,21.0,0.5556
2017,WPG,8477962,Brendan,Lemieux,L,9,,,,,,,,,,,1,0,1,,21.0,2,2.0,0.0,0.0,0.0,0.0,6.0,0.1667,476.4444,11.7,0.0
2017,WPG,8478398,Kyle,Connor,L,76,,,,,,,,,,,31,26,57,,16.0,2,8.0,7.0,0.0,7.0,3.0,192.0,0.1615,1014.4211,21.2,0.2857
2017,WPG,8478458,Jack,Roslovic,C,31,,,,,,,,,,,5,9,14,,2.0,2,5.0,0.0,0.0,1.0,0.0,38.0,0.1316,739.3226,16.7,0.4615
2017,WPG,8478915,Sami,Niku,D,1,,,,,,,,,,,1,0,1,,0.0,2,0.0,0.0,0.0,0.0,0.0,2.0,0.5,913.0,18.0,0.0
2017,WPG,8479293,Brandon,Tanev,L,61,,,,,,,,,,,8,10,18,,18.0,2,13.0,0.0,3.0,1.0,0.0,79.0,0.1013,759.6721,18.9,0.2727
2017,WPG,8479339,Patrik,Laine,L,82,,,,,,,,,,,44,26,70,,24.0,2,8.0,20.0,0.0,8.0,0.0,241.0,0.1826,988.8415,20.3,0.2558
2017,WPG,8473461,Steve,Mason,G,1,0.0,,,,0.0,1.0,7.0,7.0,0.0,0.0,0,0,0,1200.0,,3,,,,,,,,,,
2017,WPG,8476945,Connor,Hellebuyck,G,17,17.0,9.0,8.0,,2.364257,0.921722,511.0,471.0,40.0,2.0,0,0,0,60907.0,2.0,3,,,,,,,,,,
2017,WPG,8468611,Matt,Hendricks,C,5,,,,,,,,,,,0,0,0,,4.0,3,0.0,0.0,0.0,0.0,0.0,2.0,0.0,529.2,13.2,0.8
2017,WPG,8470828,Toby,Enstrom,D,11,,,,,,,,,,,0,0,0,,2.0,3,-2.0,0.0,0.0,0.0,0.0,8.0,0.0,990.5455,20.7,0.0
2017,WPG,8470834,Dustin,Byfuglien,D,17,,,,,,,,,,,5,11,16,,20.0,3,2.0,0.0,0.0,1.0,0.0,55.0,0.0909,1589.6471,27.7,0.0
2017,WPG,8471218,Blake,Wheeler,R,17,,,,,,,,,,,3,18,21,,10.0,3,2.0,2.0,0.0,1.0,0.0,49.0,0.0612,1220.3529,24.9,0.75
2017,WPG,8471669,Paul,Stastny,C,17,,,,,,,,,,,6,9,15,,0.0,3,5.0,1.0,0.0,3.0,0.0,23.0,0.2609,1043.8824,21.1,0.5306
2017,WPG,8473412,Bryan,Little,C,17,,,,,,,,,,,1,5,6,,2.0,3,5.0,0.0,0.0,0.0,0.0,26.0,0.0385,901.1765,20.5,0.5025
2017,WPG,8473618,Mathieu,Perreault,C,9,,,,,,,,,,,1,0,1,,4.0,3,1.0,1.0,0.0,0.0,0.0,11.0,0.0909,779.0,17.4,0.3333
2017,WPG,8474574,Tyler,Myers,D,16,,,,,,,,,,,4,3,7,,8.0,3,7.0,0.0,0.0,0.0,0.0,25.0,0.16,1168.875,23.9,0.0
2017,WPG,8475179,Dmitry,Kulikov,D,1,,,,,,,,,,,0,0,0,,2.0,3,-1.0,0.0,0.0,0.0,0.0,1.0,0.0,568.0,18.0,0.0
2017,WPG,8475279,Ben,Chiarot,D,16,,,,,,,,,,,0,3,3,,15.0,3,3.0,0.0,0.0,0.0,0.0,18.0,0.0,904.3125,19.1,0.0
2017,WPG,8476392,Adam,Lowry,C,17,,,,,,,,,,,0,2,2,,8.0,3,-4.0,0.0,0.0,0.0,0.0,21.0,0.0,796.0,19.9,0.4772
2017,WPG,8476460,Mark,Scheifele,C,17,,,,,,,,,,,14,6,20,,10.0,3,6.0,4.0,0.0,1.0,0.0,45.0,0.3111,1281.4118,24.6,0.4752
2017,WPG,8476469,Joel,Armia,R,13,,,,,,,,,,,2,0,2,,2.0,3,-1.0,0.0,0.0,1.0,0.0,24.0,0.0833,647.6154,15.2,1.0
2017,WPG,8476476,Joe,Morrow,D,6,,,,,,,,,,,1,0,1,,14.0,3,2.0,0.0,0.0,1.0,0.0,11.0,0.0909,996.8333,19.8,0.0
2017,WPG,8476885,Jacob,Trouba,D,17,,,,,,,,,,,2,1,3,,17.0,3,6.0,0.0,0.0,1.0,0.0,43.0,0.0465,1298.9412,27.2,0.0
2017,WPG,8477359,Tucker,Poolman,D,2,,,,,,,,,,,0,0,0,,0.0,3,1.0,0.0,0.0,0.0,0.0,4.0,0.0,618.0,14.5,0.0
2017,WPG,8477429,Andrew,Copp,C,16,,,,,,,,,,,1,2,3,,4.0,3,-1.0,0.0,0.0,0.0,0.0,17.0,0.0588,719.125,17.3,0.4915
2017,WPG,8477504,Josh,Morrissey,D,16,,,,,,,,,,,1,1,2,,6.0,3,2.0,0.0,0.0,0.0,0.0,26.0,0.0385,1222.625,27.3,0.0
2017,WPG,8477940,Nikolaj,Ehlers,L,15,,,,,,,,,,,0,7,7,,2.0,3,4.0,0.0,0.0,0.0,0.0,26.0,0.0,951.8,20.5,0.25
2017,WPG,8478398,Kyle,Connor,L,17,,,,,,,,,,,3,7,10,,2.0,3,2.0,1.0,0.0,0.0,0.0,36.0,0.0833,1064.4118,22.2,0.0
2017,WPG,8478458,Jack,Roslovic,C,10,,,,,,,,,,,0,3,3,,2.0,3,4.0,0.0,0.0,0.0,0.0,8.0,0.0,623.1,14.3,0.6667
2017,WPG,8479293,Brandon,Tanev,L,17,,,,,,,,,,,4,2,6,,11.0,3,-4.0,0.0,0.0,0.0,0.0,32.0,0.125,799.0588,20.2,0.0
2017,WPG,8479339,Patrik,Laine,L,17,,,,,,,,,,,5,7,12,,4.0,3,2.0,3.0,0.0,0.0,0.0,56.0,0.0893,1067.1765,20.6,0.3333
2017,WSH,8474651,Braden,Holtby,G,54,54.0,34.0,16.0,4.0,2.99237,0.90716,1648.0,1495.0,153.0,0.0,0,0,0,184068.0,2.0,2,,,,,,,,,,
2017,WSH,8475831,Philipp,Grubauer,G,35,28.0,15.0,10.0,3.0,2.348777,0.9234,953.0,880.0,73.0,3.0,0,1,1,111888.0,,2,,,,,,,,,,
2017,WSH,8468498,Brooks,Orpik,D,81,,,,,,,,,,,0,10,10,,68.0,2,-9.0,0.0,0.0,0.0,0.0,54.0,0.0,1161.8889,22.2,0.0
2017,WSH,8471214,Alex,Ovechkin,L,82,,,,,,,,,,,49,38,87,,32.0,2,3.0,17.0,0.0,7.0,3.0,355.0,0.138,1208.6585,21.1,0.375
2017,WSH,8471698,T.J.,Oshie,R,74,,,,,,,,,,,18,29,47,,31.0,2,2.0,9.0,0.0,3.0,0.0,127.0,0.1417,1104.6892,20.8,0.4787
2017,WSH,8471702,Matt,Niskanen,D,68,,,,,,,,,,,7,22,29,,36.0,2,24.0,0.0,0.0,1.0,0.0,120.0,0.0583,1356.4265,24.9,0.0
2017,WSH,8471710,Taylor,Chorney,D,24,,,,,,,,,,,1,3,4,,8.0,2,8.0,0.0,0.0,0.0,0.0,14.0,0.0714,779.4167,17.5,0.0
2017,WSH,8473563,Nicklas,Backstrom,C,81,,,,,,,,,,,21,50,71,,46.0,2,5.0,7.0,0.0,4.0,1.0,165.0,0.1273,1179.6296,22.4,0.512
2017,WSH,8474061,Anthony,Peluso,R,2,,,,,,,,,,,0,0,0,,4.0,2,0.0,0.0,0.0,0.0,0.0,0.0,0.0,278.5,8.0,0.0
2017,WSH,8474189,Lars,Eller,C,81,,,,,,,,,,,18,20,38,,38.0,2,-6.0,3.0,0.0,2.0,0.0,161.0,0.1118,918.037,19.0,0.4927
2017,WSH,8474291,Jay,Beagle,C,79,,,,,,,,,,,7,15,22,,16.0,2,3.0,0.0,1.0,2.0,0.0,65.0,0.1077,746.7722,18.0,0.5852
2017,WSH,8474590,John,Carlson,D,82,,,,,,,,,,,15,53,68,,32.0,2,0.0,4.0,0.0,4.0,1.0,237.0,0.0633,1486.9024,26.4,0.0
2017,WSH,8474604,Aaron,Ness,D,8,,,,,,,,,,,0,1,1,,8.0,2,2.0,0.0,0.0,0.0,0.0,2.0,0.0,763.625,19.4,0.0
2017,WSH,8475163,Alex,Chiasson,R,61,,,,,,,,,,,9,9,18,,26.0,2,1.0,1.0,1.0,2.0,0.0,59.0,0.1525,705.9344,15.7,0.2683
2017,WSH,8475200,Dmitry,Orlov,D,82,,,,,,,,,,,10,21,31,,22.0,2,10.0,0.0,0.0,2.0,0.0,125.0,0.08,1387.7317,25.5,0.0
2017,WSH,8475744,Evgeny,Kuznetsov,C,79,,,,,,,,,,,27,56,83,,48.0,2,3.0,7.0,1.0,8.0,2.0,187.0,0.1444,1128.7089,20.3,0.442
2017,WSH,8475758,Devante,Smith-Pelly,R,75,,,,,,,,,,,7,9,16,,38.0,2,-6.0,0.0,0.0,1.0,0.0,103.0,0.068,740.9333,15.4,0.4848
2017,WSH,8475792,Brett,Connolly,R,70,,,,,,,,,,,15,12,27,,30.0,2,-6.0,4.0,0.0,2.0,0.0,67.0,0.2239,720.1714,15.0,0.4516
2017,WSH,8476329,Travis,Boyd,C,8,,,,,,,,,,,0,1,1,,2.0,2,2.0,0.0,0.0,0.0,0.0,2.0,0.0,529.5,12.5,0.5
2017,WSH,8476344,Tyler,Graovac,C,5,,,,,,,,,,,0,0,0,,2.0,2,-3.0,0.0,0.0,0.0,0.0,1.0,0.0,404.4,10.6,0.3333
2017,WSH,8476880,Tom,Wilson,R,78,,,,,,,,,,,14,21,35,,187.0,2,10.0,0.0,1.0,1.0,0.0,123.0,0.1138,959.3333,20.1,0.463
2017,WSH,8476905,Chandler,Stephenson,C,67,,,,,,,,,,,6,12,18,,8.0,2,13.0,0.0,0.0,0.0,0.0,36.0,0.1667,712.1343,16.1,0.5479
2017,WSH,8477043,Christian,Djoos,D,63,,,,,,,,,,,3,11,14,,10.0,2,13.0,0.0,0.0,0.0,0.0,60.0,0.05,842.0635,18.4,0.0
2017,WSH,8477070,Liam,O'Brien,C,3,,,,,,,,,,,0,0,0,,5.0,2,0.0,0.0,0.0,0.0,0.0,1.0,0.0,415.0,10.0,0.0
2017,WSH,8477444,Andre,Burakovsky,L,56,,,,,,,,,,,12,13,25,,27.0,2,3.0,2.0,0.0,5.0,1.0,84.0,0.1429,830.3036,16.6,0.5455
2017,WSH,8477474,Madison,Bowey,D,51,,,,,,,,,,,0,12,12,,24.0,2,-3.0,0.0,0.0,0.0,0.0,47.0,0.0,822.8039,16.9,0.0
2017,WSH,8477573,Nathan,Walker,L,7,,,,,,,,,,,1,0,1,,4.0,2,1.0,0.0,0.0,0.0,0.0,4.0,0.25,551.5714,13.0,0.0
2017,WSH,8477944,Jakub,Vrana,L,73,,,,,,,,,,,13,14,27,,12.0,2,2.0,1.0,0.0,2.0,0.0,133.0,0.0977,749.9178,15.6,0.52
2017,WSH,8478063,Shane,Gersich,L,3,,,,,,,,,,,0,1,1,,0.0,2,-1.0,0.0,0.0,0.0,0.0,4.0,0.0,541.0,12.3,0.0
2017,WSH,8479482,Michal,Kempny,D,22,,,,,,,,,,,2,1,3,,14.0,2,1.0,0.0,0.0,0.0,0.0,32.0,0.0625,1004.5455,19.5,0.0
2017,WSH,8480143,Jakub,Jerabek,D,11,,,,,,,,,,,1,3,4,,0.0,2,-1.0,0.0,0.0,0.0,0.0,11.0,0.0909,839.3636,16.4,0.0
2017,WSH,8474651,Braden,Holtby,G,23,22.0,16.0,7.0,,2.164892,0.921753,639.0,589.0,50.0,2.0,0,1,1,83145.0,2.0,3,,,,,,,,,,
2017,WSH,8475831,Philipp,Grubauer,G,2,2.0,0.0,1.0,,4.554799,0.836735,49.0,41.0,8.0,0.0,0,0,0,6323.0,,3,,,,,,,,,,
2017,WSH,8468498,Brooks,Orpik,D,24,,,,,,,,,,,1,4,5,,15.0,3,17.0,0.0,0.0,1.0,0.0,17.0,0.0588,1008.9583,20.3,0.0
2017,WSH,8471214,Alex,Ovechkin,L,24,,,,,,,,,,,15,12,27,,8.0,3,8.0,6.0,0.0,2.0,0.0,99.0,0.1515,1243.5833,24.3,0.0
2017,WSH,8471698,T.J.,Oshie,R,24,,,,,,,,,,,8,13,21,,31.0,3,5.0,6.0,0.0,2.0,0.0,55.0,0.1455,1215.8333,24.6,0.4853
2017,WSH,8471702,Matt,Niskanen,D,24,,,,,,,,,,,1,8,9,,8.0,3,6.0,0.0,0.0,0.0,0.0,32.0,0.0313,1522.7917,28.1,0.0
2017,WSH,8473563,Nicklas,Backstrom,C,20,,,,,,,,,,,5,18,23,,6.0,3,-1.0,0.0,0.0,1.0,1.0,36.0,0.1389,1237.4,25.5,0.517
2017,WSH,8474189,Lars,Eller,C,24,,,,,,,,,,,7,11,18,,18.0,3,6.0,1.0,0.0,3.0,1.0,52.0,0.1346,1019.6667,22.9,0.5061
2017,WSH,8474291,Jay,Beagle,C,23,,,,,,,,,,,2,6,8,,8.0,3,7.0,0.0,0.0,1.0,0.0,12.0,0.1667,762.6087,20.9,0.6013
2017,WSH,8474590,John,Carlson,D,24,,,,,,,,,,,5,15,20,,8.0,3,11.0,4.0,0.0,0.0,0.0,80.0,0.0625,1538.0833,28.3,0.0
2017,WSH,8475163,Alex,Chiasson,R,16,,,,,,,,,,,1,1,2,,4.0,3,0.0,0.0,0.0,0.0,0.0,14.0,0.0714,539.1875,13.5,0.375
2017,WSH,8475200,Dmitry,Orlov,D,24,,,,,,,,,,,2,6,8,,4.0,3,5.0,0.0,0.0,0.0,0.0,48.0,0.0417,1451.8333,27.6,0.0
2017,WSH,8475744,Evgeny,Kuznetsov,C,24,,,,,,,,,,,12,20,32,,16.0,3,12.0,3.0,0.0,2.0,1.0,89.0,0.1348,1233.0833,23.5,0.3815
2017,WSH,8475758,Devante,Smith-Pelly,R,24,,,,,,,,,,,7,1,8,,12.0,3,-2.0,0.0,0.0,2.0,0.0,29.0,0.2414,721.875,17.7,0.4286
2017,WSH,8475792,Brett,Connolly,R,24,,,,,,,,,,,6,3,9,,6.0,3,4.0,1.0,0.0,0.0,0.0,32.0,0.1875,707.7083,16.8,0.2
2017,WSH,8476329,Travis,Boyd,C,1,,,,,,,,,,,0,0,0,,0.0,3,0.0,0.0,0.0,0.0,0.0,1.0,0.0,732.0,18.0,0.5556
2017,WSH,8476880,Tom,Wilson,R,21,,,,,,,,,,,5,10,15,,31.0,3,11.0,0.0,0.0,0.0,0.0,34.0,0.1471,1065.0476,24.2,0.3333
2017,WSH,8476905,Chandler,Stephenson,C,24,,,,,,,,,,,2,5,7,,8.0,3,3.0,0.0,1.0,0.0,0.0,19.0,0.1053,906.1667,22.6,0.4512
2017,WSH,8477043,Christian,Djoos,D,22,,,,,,,,,,,0,1,1,,4.0,3,5.0,0.0,0.0,0.0,0.0,16.0,0.0,651.1364,16.1,0.0
2017,WSH,8477444,Andre,Burakovsky,L,13,,,,,,,,,,,2,4,6,,4.0,3,2.0,0.0,0.0,0.0,0.0,12.0,0.1667,642.3077,14.6,0.0
2017,WSH,8477573,Nathan,Walker,L,1,,,,,,,,,,,0,1,1,,0.0,3,1.0,0.0,0.0,0.0,0.0,1.0,0.0,509.0,14.0,0.0
2017,WSH,8477944,Jakub,Vrana,L,23,,,,,,,,,,,3,5,8,,2.0,3,5.0,1.0,0.0,2.0,0.0,39.0,0.0769,716.4783,17.0,0.4
2017,WSH,8478063,Shane,Gersich,L,2,,,,,,,,,,,0,0,0,,0.0,3,-1.0,0.0,0.0,0.0,0.0,2.0,0.0,345.0,9.0,0.0
2017,WSH,8479482,Michal,Kempny,D,24,,,,,,,,,,,2,3,5,,10.0,3,1.0,0.0,0.0,0.0,0.0,39.0,0.0513,1061.7917,22.5,0.0
2017,WSH,8480143,Jakub,Jerabek,D,2,,,,,,,,,,,0,1,1,,2.0,3,-1.0,0.0,0.0,0.0,0.0,3.0,0.0,773.5,20.5,0.0
