idx_season,team_tri,playerId,firstName.default,lastName.default,positionCode,gamesPlayed,gamesStarted,wins,losses,overtimeLosses,goalsAgainstAverage,savePercentage,shotsAgainst,saves,goalsAgainst,shutouts,goals,assists,points,timeOnIce,penaltyMinutes,idx_season_type,plusMinus,powerPlayGoals,shorthandedGoals,gameWinningGoals,overtimeGoals,shots,shootingPctg,avgTimeOnIcePerGame,avgShiftsPerGame,faceoffWinPctg
2018,ANA,8468011,Ryan,Miller,G,20,17.0,8.0,7.0,2.0,2.759738,0.911765,578.0,527.0,51.0,1.0,0,0,0,66528.0,,2,,,,,,,,,,
2018,ANA,8473434,Chad,Johnson,G,9,4.0,0.0,5.0,0.0,3.753518,0.871795,156.0,136.0,20.0,0.0,0,0,0,19182.0,,2,,,,,,,,,,
2018,ANA,8476434,John,Gibson,G,58,57.0,26.0,22.0,8.0,2.839435,0.916757,1838.0,1685.0,153.0,2.0,0,0,0,193982.0,2.0,2,,,,,,,,,,
2018,ANA,8479294,Kevin,Boyle,G,5,4.0,1.0,3.0,0.0,2.167236,0.928058,139.0,129.0,10.0,1.0,0,0,0,16611.0,,2,,,,,,,,,,
2018,ANA,8470612,Ryan,Getzlaf,C,67,,,,,,,,,,,14,34,48,,58.0,2,-19.0,1.0,0.0,2.0,1.0,133.0,0.1053,1167.7612,23.4,0.5434
2018,ANA,8470616,Ryan,Kesler,C,60,,,,,,,,,,,5,3,8,,44.0,2,-19.0,1.0,0.0,1.0,0.0,86.0,0.0581,989.9167,22.6,0.5569
2018,ANA,8470621,Corey,Perry,R,31,,,,,,,,,,,6,4,10,,27.0,2,-16.0,2.0,0.0,1.0,0.0,59.0,0.1017,889.3548,18.5,0.0
2018,ANA,8470622,Patrick,Eaves,R,7,,,,,,,,,,,0,0,0,,4.0,2,-4.0,0.0,0.0,0.0,0.0,6.0,0.0,832.7143,19.6,0.0
2018,ANA,8471490,Adam,Cracknell,R,2,,,,,,,,,,,0,0,0,,0.0,2,-1.0,0.0,0.0,0.0,0.0,3.0,0.0,626.0,17.5,0.0
2018,ANA,8471699,Andrew,Cogliano,C,46,,,,,,,,,,,3,8,11,,14.0,2,2.0,1.0,0.0,1.0,0.0,64.0,0.0469,794.8696,19.9,0.35
2018,ANA,8473560,Korbinian,Holzer,D,22,,,,,,,,,,,1,3,4,,8.0,2,5.0,0.0,0.0,0.0,0.0,15.0,0.0667,964.0,23.8,0.0
2018,ANA,8474568,Luke,Schenn,D,8,,,,,,,,,,,0,0,0,,7.0,2,-6.0,0.0,0.0,0.0,0.0,7.0,0.0,718.875,18.9,0.0
2018,ANA,8474584,Michael,Del Zotto,D,12,,,,,,,,,,,0,3,3,,0.0,2,-3.0,0.0,0.0,0.0,0.0,19.0,0.0,1055.9167,23.5,0.0
2018,ANA,8474641,Adam,Henrique,C,82,,,,,,,,,,,18,24,42,,24.0,2,-5.0,8.0,0.0,3.0,0.0,122.0,0.1475,987.0732,21.6,0.5272
2018,ANA,8474683,Derek,Grant,C,31,,,,,,,,,,,2,7,9,,8.0,2,-9.0,0.0,0.0,1.0,0.0,48.0,0.0417,829.6452,19.9,0.5105
2018,ANA,8475164,Jakob,Silfverberg,R,73,,,,,,,,,,,24,19,43,,28.0,2,-9.0,3.0,2.0,4.0,1.0,163.0,0.1472,1025.9589,22.5,0.3725
2018,ANA,8475764,Cam,Fowler,D,59,,,,,,,,,,,5,18,23,,20.0,2,-14.0,1.0,0.0,2.0,1.0,88.0,0.0568,1402.0678,29.3,0.0
2018,ANA,8475842,Sam,Carrick,C,6,,,,,,,,,,,0,1,1,,2.0,2,-1.0,0.0,0.0,0.0,0.0,5.0,0.0,613.1667,16.0,0.5135
2018,ANA,8476043,Ben,Street,C,21,,,,,,,,,,,3,2,5,,2.0,2,-4.0,0.0,0.0,0.0,0.0,19.0,0.1579,724.0476,17.8,0.3721
2018,ANA,8476207,Brian,Gibbons,C,44,,,,,,,,,,,2,3,5,,16.0,2,-8.0,0.0,0.0,0.0,0.0,29.0,0.069,619.8636,15.8,0.5
2018,ANA,8476312,Josh,Manson,D,74,,,,,,,,,,,3,13,16,,62.0,2,-8.0,0.0,0.0,0.0,0.0,96.0,0.0313,1338.4189,28.4,0.0
2018,ANA,8476407,Andy,Welinski,D,26,,,,,,,,,,,1,3,4,,8.0,2,-5.0,0.0,0.0,0.0,0.0,32.0,0.0313,962.3846,21.2,0.0
2018,ANA,8476483,Rickard,Rakell,R,69,,,,,,,,,,,18,25,43,,27.0,2,-13.0,6.0,0.0,2.0,1.0,194.0,0.0928,1108.3623,22.1,0.3542
2018,ANA,8476854,Hampus,Lindholm,D,76,,,,,,,,,,,6,22,28,,44.0,2,-5.0,1.0,0.0,0.0,0.0,125.0,0.048,1439.6842,30.0,0.0
2018,ANA,8476857,Pontus,Aberg,L,37,,,,,,,,,,,11,8,19,,14.0,2,-10.0,3.0,0.0,1.0,0.0,74.0,0.1486,937.0811,20.3,0.1818
2018,ANA,8476913,Devin,Shore,C,34,,,,,,,,,,,5,7,12,,6.0,2,-12.0,2.0,1.0,1.0,0.0,38.0,0.1316,927.3235,20.6,0.3758
2018,ANA,8476971,Kevin,Roy,C,3,,,,,,,,,,,0,0,0,,0.0,2,-1.0,0.0,0.0,0.0,0.0,2.0,0.0,782.6667,18.0,0.0
2018,ANA,8477009,Jake,Dotchin,D,20,,,,,,,,,,,0,1,1,,39.0,2,-4.0,0.0,0.0,0.0,0.0,7.0,0.0,708.55,16.8,0.0
2018,ANA,8477010,Joseph,Blandisi,C,3,,,,,,,,,,,0,0,0,,6.0,2,-1.0,0.0,0.0,0.0,0.0,1.0,0.0,639.0,15.3,0.0
2018,ANA,8477034,Jaycob,Megna,D,28,,,,,,,,,,,1,3,4,,12.0,2,-1.0,0.0,0.0,0.0,0.0,31.0,0.0323,871.9286,21.4,0.0
2018,ANA,8477205,Andrej,Sustr,D,5,,,,,,,,,,,0,0,0,,6.0,2,0.0,0.0,0.0,0.0,0.0,6.0,0.0,722.4,18.6,0.0
2018,ANA,8477240,Carter,Rowney,C,62,,,,,,,,,,,7,13,20,,12.0,2,0.0,0.0,1.0,0.0,0.0,53.0,0.1321,753.0645,18.0,0.4928
2018,ANA,8477941,Nick,Ritchie,L,60,,,,,,,,,,,9,22,31,,82.0,2,6.0,2.0,0.0,2.0,0.0,96.0,0.0938,900.0833,19.2,0.3333
2018,ANA,8477969,Marcus,Pettersson,D,27,,,,,,,,,,,0,6,6,,17.0,2,4.0,0.0,0.0,0.0,0.0,15.0,0.0,841.1852,21.2,0.0
2018,ANA,8477986,Brandon,Montour,D,62,,,,,,,,,,,5,20,25,,40.0,2,-16.0,0.0,0.0,2.0,0.0,126.0,0.0397,1360.0484,28.4,0.0
2018,ANA,8478029,Chase,De Leo,L,1,,,,,,,,,,,0,0,0,,0.0,2,1.0,0.0,0.0,0.0,0.0,4.0,0.0,752.0,18.0,0.0
2018,ANA,8478131,Ondrej,Kase,R,30,,,,,,,,,,,11,9,20,,2.0,2,0.0,1.0,0.0,2.0,0.0,94.0,0.117,939.4667,19.8,0.3333
2018,ANA,8478425,Brendan,Guhle,D,6,,,,,,,,,,,0,1,1,,2.0,2,-3.0,0.0,0.0,0.0,0.0,14.0,0.0,967.6667,20.8,0.0
2018,ANA,8478466,Daniel,Sprong,R,47,,,,,,,,,,,14,5,19,,10.0,2,-9.0,2.0,0.0,3.0,1.0,109.0,0.1284,786.5532,16.5,0.25
2018,ANA,8478491,Jacob,Larsson,D,49,,,,,,,,,,,0,5,5,,16.0,2,-4.0,0.0,0.0,0.0,0.0,57.0,0.0,1026.8776,23.7,0.0
2018,ANA,8478873,Troy,Terry,R,32,,,,,,,,,,,4,9,13,,2.0,2,8.0,2.0,0.0,0.0,0.0,25.0,0.16,836.75,18.3,0.2
2018,ANA,8479290,Kalle,Kossila,C,8,,,,,,,,,,,1,0,1,,4.0,2,-1.0,0.0,0.0,1.0,0.0,11.0,0.0909,618.25,16.4,0.5172
2018,ANA,8479351,Sam,Steel,C,22,,,,,,,,,,,6,5,11,,8.0,2,2.0,0.0,1.0,0.0,0.0,33.0,0.1818,897.9091,19.1,0.4909
2018,ANA,8479368,Max,Jones,L,30,,,,,,,,,,,2,3,5,,14.0,2,-1.0,0.0,0.0,1.0,0.0,58.0,0.0345,790.4667,18.3,0.3333
2018,ANA,8479372,Josh,Mahura,D,17,,,,,,,,,,,1,4,5,,4.0,2,0.0,0.0,0.0,0.0,0.0,20.0,0.05,858.2353,19.6,0.0
2018,ANA,8480031,Maxime,Comtois,L,10,,,,,,,,,,,2,5,7,,7.0,2,3.0,0.0,0.0,1.0,0.0,9.0,0.2222,875.4,19.0,0.2727
2018,ANA,8480082,Justin,Kloos,C,1,,,,,,,,,,,0,0,0,,0.0,2,0.0,0.0,0.0,0.0,0.0,2.0,0.0,424.0,10.0,0.0
2018,ANA,8480748,Kiefer,Sherwood,L,50,,,,,,,,,,,6,6,12,,8.0,2,1.0,0.0,0.0,1.0,0.0,60.0,0.1,682.22,15.7,0.4375
2018,ANA,8480806,Isac,Lundeström,C,15,,,,,,,,,,,0,2,2,,2.0,2,-1.0,0.0,0.0,0.0,0.0,13.0,0.0,781.7333,18.5,0.3281
2018,BOS,8470860,Jaroslav,Halak,G,40,37.0,22.0,11.0,4.0,2.339568,0.92228,1158.0,1068.0,90.0,5.0,0,4,4,138487.0,,2,,,,,,,,,,
2018,BOS,8471695,Tuukka,Rask,G,46,45.0,27.0,13.0,5.0,2.481829,0.91245,1245.0,1136.0,109.0,4.0,0,2,2,158109.0,4.0,2,,,,,,,,,,
2018,BOS,8465009,Zdeno,Chara,D,62,,,,,,,,,,,5,9,14,,57.0,2,22.0,1.0,0.0,2.0,0.0,99.0,0.0505,1264.6613,24.4,0.0
2018,BOS,8470638,Patrice,Bergeron,C,65,,,,,,,,,,,32,47,79,,30.0,2,23.0,9.0,4.0,3.0,1.0,205.0,0.1561,1108.0308,23.2,0.5659
2018,BOS,8470655,David,Backes,R,70,,,,,,,,,,,7,13,20,,31.0,2,0.0,2.0,0.0,1.0,0.0,129.0,0.0543,782.3286,16.8,0.5696
2018,BOS,8470740,Lee,Stempniak,R,2,,,,,,,,,,,0,0,0,,0.0,2,-1.0,0.0,0.0,0.0,0.0,0.0,0.0,469.0,10.5,0.0
2018,BOS,8471276,David,Krejci,C,81,,,,,,,,,,,20,53,73,,16.0,2,7.0,6.0,0.0,4.0,1.0,139.0,0.1439,1060.6914,21.0,0.484
2018,BOS,8473419,Brad,Marchand,L,79,,,,,,,,,,,36,64,100,,96.0,2,15.0,10.0,3.0,9.0,3.0,231.0,0.1558,1177.4177,23.1,0.4286
2018,BOS,8474000,Steven,Kampfer,D,35,,,,,,,,,,,3,3,6,,22.0,2,-6.0,1.0,0.0,0.0,0.0,40.0,0.075,877.5429,20.4,0.0
2018,BOS,8474008,Paul,Carey,C,2,,,,,,,,,,,0,0,0,,0.0,2,0.0,0.0,0.0,0.0,0.0,3.0,0.0,864.5,17.5,0.0
2018,BOS,8475149,Marcus,Johansson,L,10,,,,,,,,,,,1,2,3,,0.0,2,-1.0,0.0,0.0,0.0,0.0,12.0,0.0833,804.7,16.2,0.3333
2018,BOS,8475186,John,Moore,D,61,,,,,,,,,,,4,9,13,,26.0,2,0.0,2.0,0.0,1.0,0.0,97.0,0.0412,1126.3607,24.9,0.0
2018,BOS,8475745,Charlie,Coyle,C,21,,,,,,,,,,,2,4,6,,4.0,2,-2.0,0.0,0.0,0.0,0.0,42.0,0.0476,958.6667,18.7,0.455
2018,BOS,8475780,Chris,Wagner,R,76,,,,,,,,,,,12,7,19,,51.0,2,3.0,0.0,0.0,1.0,0.0,135.0,0.0889,807.1579,18.1,0.45
2018,BOS,8475807,Joakim,Nordstrom,C,70,,,,,,,,,,,7,5,12,,13.0,2,0.0,0.0,0.0,3.0,1.0,103.0,0.068,808.8143,18.6,0.384
2018,BOS,8476191,Kevan,Miller,D,39,,,,,,,,,,,0,7,7,,35.0,2,8.0,0.0,0.0,0.0,0.0,32.0,0.0,1064.7179,23.6,0.0
2018,BOS,8476374,Sean,Kuraly,C,71,,,,,,,,,,,8,13,21,,38.0,2,6.0,0.0,0.0,3.0,1.0,134.0,0.0597,826.4507,18.4,0.5386
2018,BOS,8476792,Torey,Krug,D,64,,,,,,,,,,,6,47,53,,33.0,2,-2.0,2.0,0.0,2.0,1.0,151.0,0.0397,1278.0156,25.0,0.0
2018,BOS,8476891,Matt,Grzelcyk,D,66,,,,,,,,,,,3,15,18,,68.0,2,9.0,1.0,0.0,0.0,0.0,90.0,0.0333,1147.8636,25.0,0.0
2018,BOS,8476966,Gemel,Smith,C,3,,,,,,,,,,,0,0,0,,0.0,2,-3.0,0.0,0.0,0.0,0.0,3.0,0.0,599.6667,13.7,0.0
2018,BOS,8477320,Anton,Blidh,L,1,,,,,,,,,,,0,0,0,,0.0,2,0.0,0.0,0.0,0.0,0.0,0.0,0.0,826.0,19.0,0.0
2018,BOS,8477365,Connor,Clifton,D,19,,,,,,,,,,,0,1,1,,15.0,2,5.0,0.0,0.0,0.0,0.0,22.0,0.0,1062.3158,23.9,0.0
2018,BOS,8477417,Peter,Cehlarik,L,20,,,,,,,,,,,4,2,6,,6.0,2,3.0,1.0,0.0,1.0,0.0,30.0,0.1333,755.6,15.8,0.0
2018,BOS,8477529,Colby,Cave,C,20,,,,,,,,,,,1,4,5,,8.0,2,-1.0,0.0,0.0,0.0,0.0,18.0,0.0556,791.3,18.0,0.4658
2018,BOS,8477956,David,Pastrnak,R,66,,,,,,,,,,,38,43,81,,32.0,2,6.0,17.0,0.0,4.0,0.0,235.0,0.1617,1125.2273,21.1,0.3333
2018,BOS,8477987,Ryan,Donato,C,34,,,,,,,,,,,6,3,9,,2.0,2,-11.0,3.0,0.0,0.0,0.0,75.0,0.08,750.3529,16.5,0.4118
2018,BOS,8478046,Danton,Heinen,L,77,,,,,,,,,,,11,23,34,,16.0,2,13.0,1.0,0.0,2.0,0.0,114.0,0.0965,838.2338,17.5,0.1667
2018,BOS,8478075,Anders,Bjork,L,20,,,,,,,,,,,1,2,3,,2.0,2,-1.0,0.0,0.0,0.0,0.0,18.0,0.0556,707.95,15.3,1.0
2018,BOS,8478415,Jakub,Zboril,D,2,,,,,,,,,,,0,0,0,,0.0,2,0.0,0.0,0.0,0.0,0.0,1.0,0.0,656.0,21.0,0.0
2018,BOS,8478417,Jakob,Forsbacka Karlsson,C,28,,,,,,,,,,,3,6,9,,2.0,2,1.0,0.0,0.0,0.0,0.0,21.0,0.1429,707.6071,15.4,0.4204
2018,BOS,8478443,Brandon,Carlo,D,72,,,,,,,,,,,2,8,10,,47.0,2,22.0,0.0,0.0,0.0,0.0,116.0,0.0172,1255.3611,25.6,1.0
2018,BOS,8478468,Jeremy,Lauzon,D,16,,,,,,,,,,,1,0,1,,2.0,2,-1.0,0.0,0.0,1.0,0.0,11.0,0.0909,932.3125,21.9,0.0
2018,BOS,8478485,Zach,Senyshyn,R,2,,,,,,,,,,,1,0,1,,0.0,2,0.0,0.0,0.0,0.0,0.0,4.0,0.25,695.5,15.5,0.0
2018,BOS,8478498,Jake,DeBrusk,L,68,,,,,,,,,,,27,15,42,,18.0,2,2.0,8.0,0.0,4.0,0.0,156.0,0.1731,969.7059,19.4,0.2105
2018,BOS,8478569,Noel,Acciari,C,72,,,,,,,,,,,6,8,14,,47.0,2,-3.0,0.0,0.0,2.0,0.0,99.0,0.0606,779.1528,17.2,0.4963
2018,BOS,8479325,Charlie,McAvoy,D,54,,,,,,,,,,,7,21,28,,45.0,2,14.0,1.0,0.0,3.0,1.0,79.0,0.0886,1330.3704,26.8,0.0
2018,BOS,8479365,Trent,Frederic,C,15,,,,,,,,,,,0,0,0,,15.0,2,-4.0,0.0,0.0,0.0,0.0,19.0,0.0,564.0,13.2,0.5062
2018,BOS,8480001,Urho,Vaakanainen,D,2,,,,,,,,,,,0,0,0,,0.0,2,-1.0,0.0,0.0,0.0,0.0,2.0,0.0,546.0,12.5,0.0
2018,BOS,8480901,Karson,Kuhlman,C,11,,,,,,,,,,,3,2,5,,2.0,2,5.0,0.0,0.0,1.0,0.0,15.0,0.2,728.7273,16.6,1.0
2018,BOS,8471695,Tuukka,Rask,G,24,24.0,15.0,9.0,,2.015309,0.933962,742.0,693.0,49.0,2.0,0,0,0,87530.0,,3,,,,,,,,,,
2018,BOS,8465009,Zdeno,Chara,D,23,,,,,,,,,,,2,4,6,,16.0,3,11.0,0.0,0.0,1.0,0.0,21.0,0.0952,1288.3478,26.8,0.0
2018,BOS,8470638,Patrice,Bergeron,C,24,,,,,,,,,,,9,8,17,,12.0,3,4.0,7.0,0.0,2.0,0.0,87.0,0.1034,1122.375,25.8,0.5868
2018,BOS,8470655,David,Backes,R,15,,,,,,,,,,,2,3,5,,2.0,3,1.0,0.0,0.0,0.0,0.0,20.0,0.1,583.5333,14.4,0.4615
2018,BOS,8471276,David,Krejci,C,24,,,,,,,,,,,4,12,16,,8.0,3,5.0,0.0,0.0,1.0,0.0,32.0,0.125,1016.0417,21.1,0.5184
2018,BOS,8473419,Brad,Marchand,L,24,,,,,,,,,,,9,14,23,,14.0,3,4.0,3.0,0.0,2.0,0.0,72.0,0.125,1215.4167,25.4,0.2647
2018,BOS,8474000,Steven,Kampfer,D,3,,,,,,,,,,,1,0,1,,0.0,3,0.0,0.0,0.0,0.0,0.0,3.0,0.3333,696.6667,20.3,0.0
2018,BOS,8475149,Marcus,Johansson,L,22,,,,,,,,,,,4,7,11,,0.0,3,0.0,2.0,0.0,1.0,0.0,36.0,0.1111,841.2727,17.9,0.5385
2018,BOS,8475186,John,Moore,D,10,,,,,,,,,,,0,0,0,,0.0,3,-3.0,0.0,0.0,0.0,0.0,9.0,0.0,845.2,23.4,0.0
2018,BOS,8475745,Charlie,Coyle,C,24,,,,,,,,,,,9,7,16,,12.0,3,8.0,2.0,0.0,1.0,1.0,39.0,0.2308,927.8333,20.3,0.4747
2018,BOS,8475780,Chris,Wagner,R,12,,,,,,,,,,,2,0,2,,2.0,3,-3.0,0.0,0.0,0.0,0.0,19.0,0.1053,753.75,18.7,0.3333
2018,BOS,8475807,Joakim,Nordstrom,C,23,,,,,,,,,,,3,5,8,,4.0,3,2.0,0.0,0.0,0.0,0.0,29.0,0.1034,823.1739,20.8,0.0
2018,BOS,8476374,Sean,Kuraly,C,20,,,,,,,,,,,4,6,10,,8.0,3,4.0,0.0,0.0,2.0,0.0,52.0,0.0769,938.6,23.0,0.5044
2018,BOS,8476792,Torey,Krug,D,24,,,,,,,,,,,2,16,18,,10.0,3,4.0,2.0,0.0,0.0,0.0,55.0,0.0364,1341.375,28.2,0.0
2018,BOS,8476891,Matt,Grzelcyk,D,20,,,,,,,,,,,4,4,8,,6.0,3,-3.0,2.0,0.0,0.0,0.0,35.0,0.1143,986.8,24.1,0.0
2018,BOS,8477365,Connor,Clifton,D,18,,,,,,,,,,,2,3,5,,16.0,3,2.0,0.0,0.0,1.0,0.0,11.0,0.1818,797.4444,18.9,0.0
2018,BOS,8477956,David,Pastrnak,R,24,,,,,,,,,,,9,10,19,,4.0,3,0.0,3.0,0.0,2.0,0.0,82.0,0.1098,1053.7917,21.8,0.0
2018,BOS,8478046,Danton,Heinen,L,24,,,,,,,,,,,2,6,8,,2.0,3,7.0,0.0,0.0,0.0,0.0,32.0,0.0625,794.0417,17.8,0.0
2018,BOS,8478443,Brandon,Carlo,D,24,,,,,,,,,,,2,2,4,,6.0,3,10.0,0.0,1.0,1.0,0.0,32.0,0.0625,1290.875,29.1,0.0
2018,BOS,8478498,Jake,DeBrusk,L,24,,,,,,,,,,,4,7,11,,10.0,3,4.0,1.0,0.0,1.0,0.0,62.0,0.0645,898.2083,19.5,0.1875
2018,BOS,8478569,Noel,Acciari,C,19,,,,,,,,,,,2,2,4,,0.0,3,2.0,0.0,1.0,0.0,0.0,20.0,0.1,790.0,19.2,0.4955
2018,BOS,8479325,Charlie,McAvoy,D,23,,,,,,,,,,,2,6,8,,16.0,3,4.0,2.0,0.0,0.0,0.0,25.0,0.08,1470.0435,31.3,0.0
2018,BOS,8480901,Karson,Kuhlman,C,8,,,,,,,,,,,1,2,3,,0.0,3,1.0,0.0,0.0,0.0,0.0,10.0,0.1,696.25,16.5,0.3333
2018,BUF,8475622,Carter,Hutton,G,50,48.0,18.0,25.0,5.0,3.000402,0.907852,1541.0,1399.0,142.0,0.0,0,1,1,170377.0,2.0,2,,,,,,,,,,
2018,BUF,8476999,Linus,Ullmark,G,37,34.0,15.0,14.0,5.0,3.111174,0.904887,1146.0,1037.0,109.0,2.0,0,1,1,126126.0,,2,,,,,,,,,,
2018,BUF,8469506,Jason,Pominville,R,73,,,,,,,,,,,16,15,31,,4.0,2,-4.0,1.0,0.0,3.0,0.0,134.0,0.1194,747.8356,16.9,0.5143
2018,BUF,8471436,Matt,Hunwick,D,14,,,,,,,,,,,0,2,2,,4.0,2,-7.0,0.0,0.0,0.0,0.0,10.0,0.0,941.2857,20.0,0.0
2018,BUF,8471743,Vladimir,Sobotka,C,69,,,,,,,,,,,5,8,13,,26.0,2,-20.0,0.0,0.0,0.0,0.0,71.0,0.0704,851.1449,19.1,0.5188
2018,BUF,8473449,Kyle,Okposo,R,78,,,,,,,,,,,14,15,29,,41.0,2,-9.0,7.0,0.0,2.0,0.0,147.0,0.0952,827.1154,17.4,0.4701
2018,BUF,8473534,Patrik,Berglund,C,23,,,,,,,,,,,2,2,4,,6.0,2,-5.0,0.0,0.0,0.0,0.0,25.0,0.08,782.5652,17.9,0.5862
2018,BUF,8474567,Zach,Bogosian,D,65,,,,,,,,,,,3,16,19,,52.0,2,-5.0,0.0,1.0,0.0,0.0,93.0,0.0323,1297.6,24.2,0.0
2018,BUF,8474618,Marco,Scandella,D,63,,,,,,,,,,,6,7,13,,26.0,2,-13.0,0.0,0.0,1.0,0.0,83.0,0.0723,1056.619,22.4,0.0
2018,BUF,8475728,Johan,Larsson,L,73,,,,,,,,,,,6,8,14,,37.0,2,-8.0,0.0,1.0,0.0,0.0,79.0,0.0759,857.5616,18.9,0.5065
2018,BUF,8475784,Jeff,Skinner,L,82,,,,,,,,,,,40,23,63,,36.0,2,0.0,8.0,0.0,7.0,3.0,268.0,0.1493,1111.0854,21.0,0.5216
2018,BUF,8476293,Scott,Wilson,C,15,,,,,,,,,,,0,3,3,,4.0,2,-8.0,0.0,0.0,0.0,0.0,25.0,0.0,687.0,16.3,0.3333
2018,BUF,8476470,Nathan,Beaulieu,D,30,,,,,,,,,,,3,4,7,,32.0,2,1.0,0.0,0.0,0.0,0.0,35.0,0.0857,882.0667,19.2,0.0
2018,BUF,8476807,Matt,Tennyson,D,4,,,,,,,,,,,0,0,0,,0.0,2,-4.0,0.0,0.0,0.0,0.0,4.0,0.0,644.75,15.8,0.0
2018,BUF,8476878,Zemgus,Girgensons,C,72,,,,,,,,,,,5,13,18,,17.0,2,-11.0,0.0,0.0,0.0,0.0,78.0,0.0641,816.6806,18.1,0.4058
2018,BUF,8476931,Jake,McCabe,D,59,,,,,,,,,,,4,10,14,,35.0,2,-4.0,0.0,1.0,0.0,0.0,64.0,0.0625,1136.6949,23.1,0.0
2018,BUF,8476982,Danny,O'Regan,C,1,,,,,,,,,,,0,0,0,,0.0,2,0.0,0.0,0.0,0.0,0.0,2.0,0.0,716.0,15.0,1.0
2018,BUF,8477461,Remi,Elie,L,16,,,,,,,,,,,0,1,1,,2.0,2,-3.0,0.0,0.0,0.0,0.0,9.0,0.0,621.0,14.7,1.0
2018,BUF,8477499,Rasmus,Ristolainen,D,78,,,,,,,,,,,5,38,43,,38.0,2,-41.0,1.0,0.0,2.0,1.0,182.0,0.0275,1478.4872,26.6,0.0
2018,BUF,8477839,Conor,Sheary,L,78,,,,,,,,,,,14,20,34,,12.0,2,-18.0,4.0,0.0,3.0,1.0,147.0,0.0952,877.2308,19.0,0.5588
2018,BUF,8477933,Sam,Reinhart,C,82,,,,,,,,,,,22,43,65,,16.0,2,-10.0,2.0,0.0,1.0,0.0,180.0,0.1222,1137.4634,21.1,0.3563
2018,BUF,8477986,Brandon,Montour,D,20,,,,,,,,,,,3,7,10,,16.0,2,-4.0,1.0,0.0,0.0,0.0,55.0,0.0545,1306.2,24.6,0.0
2018,BUF,8478109,Victor,Olofsson,L,6,,,,,,,,,,,2,2,4,,2.0,2,1.0,2.0,0.0,0.0,0.0,21.0,0.0952,1081.0,20.8,0.0
2018,BUF,8478403,Jack,Eichel,C,77,,,,,,,,,,,28,54,82,,26.0,2,-11.0,8.0,0.0,2.0,2.0,303.0,0.0924,1226.4805,22.8,0.4701
2018,BUF,8478425,Brendan,Guhle,D,2,,,,,,,,,,,0,0,0,,2.0,2,1.0,0.0,0.0,0.0,0.0,1.0,0.0,700.5,18.0,0.0
2018,BUF,8478542,Evan,Rodrigues,C,74,,,,,,,,,,,9,20,29,,25.0,2,-7.0,2.0,0.0,1.0,0.0,168.0,0.0536,949.4189,20.6,0.4641
2018,BUF,8478840,Will,Borgen,D,4,,,,,,,,,,,0,0,0,,0.0,2,-5.0,0.0,0.0,0.0,0.0,2.0,0.0,993.0,22.8,0.0
2018,BUF,8479268,Casey,Nelson,D,38,,,,,,,,,,,1,5,6,,13.0,2,1.0,0.0,0.0,0.0,0.0,37.0,0.027,924.5526,19.8,0.0
2018,BUF,8479420,Tage,Thompson,C,65,,,,,,,,,,,7,5,12,,20.0,2,-22.0,1.0,0.0,0.0,0.0,108.0,0.0648,727.7846,15.9,0.5
2018,BUF,8479423,Alex,Nylander,L,12,,,,,,,,,,,2,2,4,,4.0,2,-4.0,1.0,0.0,0.0,0.0,16.0,0.125,731.5833,15.8,0.6667
2018,BUF,8479999,Casey,Mittelstadt,C,77,,,,,,,,,,,12,13,25,,10.0,2,-19.0,3.0,0.0,1.0,0.0,118.0,0.1017,807.1039,17.3,0.3974
2018,BUF,8480083,C.J.,Smith,L,11,,,,,,,,,,,2,0,2,,0.0,2,0.0,0.0,0.0,1.0,0.0,18.0,0.1111,639.2727,14.3,0.0
2018,BUF,8480839,Rasmus,Dahlin,D,82,,,,,,,,,,,9,35,44,,34.0,2,-13.0,5.0,0.0,4.0,0.0,177.0,0.0508,1269.3293,23.2,0.0
2018,BUF,8480935,Lawrence,Pilut,D,33,,,,,,,,,,,1,5,6,,20.0,2,-8.0,0.0,0.0,0.0,0.0,37.0,0.027,1045.0909,21.6,0.0
2018,CAR,8470147,Curtis,McElhinney,G,33,33.0,20.0,11.0,2.0,2.57899,0.91219,968.0,883.0,85.0,2.0,0,0,0,118651.0,,2,,,,,,,,,,
2018,CAR,8474152,Scott,Darling,G,8,8.0,2.0,4.0,2.0,3.336307,0.88412,233.0,206.0,27.0,0.0,0,0,0,29134.0,,2,,,,,,,,,,
2018,CAR,8475852,Petr,Mrazek,G,40,40.0,23.0,14.0,3.0,2.388082,0.913949,1104.0,1009.0,95.0,4.0,0,1,1,143211.0,6.0,2,,,,,,,,,,
2018,CAR,8477968,Alex,Nedeljkovic,G,1,1.0,1.0,0.0,0.0,1.999998,0.923077,26.0,24.0,2.0,0.0,0,0,0,3600.0,,2,,,,,,,,,,
2018,CAR,8468508,Justin,Williams,R,82,,,,,,,,,,,23,30,53,,44.0,2,-4.0,9.0,0.0,5.0,0.0,237.0,0.097,1046.561,22.1,0.3802
2018,CAR,8473533,Jordan,Staal,C,50,,,,,,,,,,,11,17,28,,26.0,2,6.0,0.0,0.0,1.0,0.0,121.0,0.0909,1097.08,25.6,0.5582
2018,CAR,8475177,Calvin,de Haan,D,74,,,,,,,,,,,1,13,14,,20.0,2,1.0,0.0,0.0,1.0,0.0,102.0,0.0098,1110.6757,22.9,0.0
2018,CAR,8475735,Greg,McKegg,C,41,,,,,,,,,,,6,5,11,,8.0,2,-2.0,0.0,0.0,1.0,0.0,27.0,0.2222,639.6829,15.9,0.5105
2018,CAR,8475753,Justin,Faulk,D,82,,,,,,,,,,,11,24,35,,47.0,2,9.0,6.0,0.0,3.0,0.0,217.0,0.0507,1345.4268,26.2,0.0
2018,CAR,8475799,Nino,Niederreiter,R,36,,,,,,,,,,,14,16,30,,20.0,2,7.0,3.0,0.0,1.0,0.0,103.0,0.1359,1097.3889,22.4,0.4167
2018,CAR,8475907,Micheal,Ferland,L,71,,,,,,,,,,,17,23,40,,58.0,2,13.0,6.0,0.0,3.0,0.0,156.0,0.109,845.6901,19.8,0.3151
2018,CAR,8476437,Victor,Rask,C,26,,,,,,,,,,,1,5,6,,4.0,2,-3.0,0.0,0.0,0.0,0.0,25.0,0.04,721.7692,17.8,0.4512
2018,CAR,8476462,Dougie,Hamilton,D,82,,,,,,,,,,,18,21,39,,54.0,2,0.0,2.0,0.0,2.0,0.0,259.0,0.0695,1180.3537,24.3,0.0
2018,CAR,8476858,Phillip,Di Giuseppe,L,21,,,,,,,,,,,1,3,4,,8.0,2,-2.0,0.0,0.0,0.0,0.0,27.0,0.037,594.8095,13.7,0.6
2018,CAR,8476882,Teuvo,Teravainen,C,82,,,,,,,,,,,21,55,76,,12.0,2,30.0,8.0,1.0,1.0,1.0,167.0,0.1257,1075.0366,23.1,0.4186
2018,CAR,8476921,Jordan,Martinook,L,82,,,,,,,,,,,15,10,25,,38.0,2,1.0,0.0,1.0,5.0,0.0,146.0,0.1027,869.1463,21.2,0.4399
2018,CAR,8476934,Brock,McGinn,L,82,,,,,,,,,,,10,16,26,,20.0,2,10.0,0.0,1.0,0.0,0.0,123.0,0.0813,858.5732,20.7,0.4262
2018,CAR,8476953,Trevor,Carrick,D,1,,,,,,,,,,,0,0,0,,5.0,2,-1.0,0.0,0.0,0.0,0.0,0.0,0.0,689.0,13.0,0.0
2018,CAR,8476958,Jaccob,Slavin,D,82,,,,,,,,,,,8,23,31,,18.0,2,0.0,5.0,1.0,1.0,0.0,146.0,0.0548,1382.2683,26.9,0.0
2018,CAR,8477357,Saku,Maenalanen,R,34,,,,,,,,,,,4,4,8,,20.0,2,0.0,0.0,0.0,0.0,0.0,36.0,0.1111,565.8529,14.9,0.2857
2018,CAR,8477458,Valentin,Zykov,L,13,,,,,,,,,,,0,3,3,,0.0,2,-1.0,0.0,0.0,0.0,0.0,13.0,0.0,585.0769,12.2,0.25
2018,CAR,8477488,Brett,Pesce,D,73,,,,,,,,,,,7,22,29,,24.0,2,35.0,0.0,0.0,2.0,0.0,98.0,0.0714,1229.4658,25.0,1.0
2018,CAR,8477845,Trevor,van Riemsdyk,D,78,,,,,,,,,,,3,11,14,,10.0,2,-4.0,0.0,0.0,1.0,0.0,102.0,0.0294,903.5128,20.0,0.0
2018,CAR,8477938,Haydn,Fleury,D,20,,,,,,,,,,,0,1,1,,2.0,2,4.0,0.0,0.0,0.0,0.0,17.0,0.0,752.0,17.0,0.0
2018,CAR,8477998,Warren,Foegele,L,77,,,,,,,,,,,10,5,15,,20.0,2,-17.0,0.0,0.0,3.0,0.0,106.0,0.0943,749.6234,18.3,0.4762
2018,CAR,8478027,Lucas,Wallmark,C,81,,,,,,,,,,,10,18,28,,36.0,2,-8.0,2.0,0.0,4.0,0.0,131.0,0.0763,887.5185,21.8,0.5093
2018,CAR,8478056,Clark,Bishop,C,20,,,,,,,,,,,1,2,3,,6.0,2,-3.0,0.0,0.0,0.0,0.0,16.0,0.0625,567.4,13.5,0.4694
2018,CAR,8478427,Sebastian,Aho,C,82,,,,,,,,,,,30,53,83,,26.0,2,25.0,3.0,4.0,7.0,3.0,243.0,0.1235,1209.0488,24.5,0.4859
2018,CAR,8478462,Nicolas,Roy,C,6,,,,,,,,,,,0,0,0,,2.0,2,0.0,0.0,0.0,0.0,0.0,1.0,0.0,417.0,11.7,0.5385
2018,CAR,8479402,Jake,Bean,D,2,,,,,,,,,,,0,0,0,,2.0,2,0.0,0.0,0.0,0.0,0.0,1.0,0.0,507.5,13.0,0.0
2018,CAR,8479511,Janne,Kuokkanen,C,7,,,,,,,,,,,0,0,0,,4.0,2,-2.0,0.0,0.0,0.0,0.0,6.0,0.0,655.1429,14.4,0.0
2018,CAR,8480039,Martin,Necas,C,7,,,,,,,,,,,1,1,2,,2.0,2,0.0,0.0,0.0,0.0,0.0,6.0,0.1667,601.4286,14.7,0.3636
2018,CAR,8480830,Andrei,Svechnikov,R,82,,,,,,,,,,,20,17,37,,62.0,2,0.0,0.0,0.0,3.0,1.0,189.0,0.1058,878.8049,20.5,0.1429
2018,CAR,8470147,Curtis,McElhinney,G,5,4.0,3.0,2.0,,2.011795,0.929688,128.0,119.0,9.0,0.0,0,0,0,16105.0,,3,,,,,,,,,,
2018,CAR,8475852,Petr,Mrazek,G,11,11.0,5.0,5.0,,2.728444,0.893617,282.0,252.0,30.0,2.0,0,0,0,39583.0,,3,,,,,,,,,,
2018,CAR,8468508,Justin,Williams,R,15,,,,,,,,,,,4,3,7,,18.0,3,1.0,0.0,0.0,1.0,0.0,43.0,0.093,1088.4667,23.5,0.3778
2018,CAR,8473533,Jordan,Staal,C,15,,,,,,,,,,,4,6,10,,8.0,3,7.0,1.0,0.0,2.0,1.0,19.0,0.2105,1159.6667,27.7,0.5178
2018,CAR,8475177,Calvin,de Haan,D,12,,,,,,,,,,,1,0,1,,2.0,3,3.0,0.0,0.0,0.0,0.0,12.0,0.0833,1028.0833,23.3,0.0
2018,CAR,8475735,Greg,McKegg,C,14,,,,,,,,,,,2,0,2,,4.0,3,1.0,0.0,0.0,1.0,0.0,13.0,0.1538,643.6429,17.4,0.5109
2018,CAR,8475753,Justin,Faulk,D,15,,,,,,,,,,,1,7,8,,4.0,3,4.0,0.0,0.0,0.0,0.0,52.0,0.0192,1528.8,30.9,0.0
2018,CAR,8475799,Nino,Niederreiter,R,15,,,,,,,,,,,1,3,4,,12.0,3,0.0,0.0,0.0,1.0,0.0,28.0,0.0357,1118.0667,24.5,0.4615
2018,CAR,8475907,Micheal,Ferland,L,7,,,,,,,,,,,0,1,1,,18.0,3,-3.0,0.0,0.0,0.0,0.0,10.0,0.0,616.0,15.3,0.0
2018,CAR,8476462,Dougie,Hamilton,D,15,,,,,,,,,,,3,4,7,,10.0,3,3.0,2.0,0.0,0.0,0.0,46.0,0.0652,1216.0,27.1,0.0
2018,CAR,8476882,Teuvo,Teravainen,C,15,,,,,,,,,,,7,3,10,,2.0,3,6.0,0.0,0.0,1.0,0.0,37.0,0.1892,1195.2667,26.7,0.4231
2018,CAR,8476921,Jordan,Martinook,L,10,,,,,,,,,,,0,4,4,,6.0,3,0.0,0.0,0.0,0.0,0.0,13.0,0.0,697.0,17.7,0.5
2018,CAR,8476934,Brock,McGinn,L,15,,,,,,,,,,,2,4,6,,6.0,3,-1.0,0.0,0.0,1.0,1.0,23.0,0.087,967.4,24.6,0.2667
2018,CAR,8476958,Jaccob,Slavin,D,15,,,,,,,,,,,0,11,11,,0.0,3,5.0,0.0,0.0,0.0,0.0,28.0,0.0,1569.7333,31.5,0.0
2018,CAR,8477357,Saku,Maenalanen,R,9,,,,,,,,,,,0,1,1,,6.0,3,1.0,0.0,0.0,0.0,0.0,7.0,0.0,609.1111,15.9,0.3333
2018,CAR,8477488,Brett,Pesce,D,15,,,,,,,,,,,0,6,6,,0.0,3,4.0,0.0,0.0,0.0,0.0,20.0,0.0,1385.6,27.5,0.0
2018,CAR,8477845,Trevor,van Riemsdyk,D,9,,,,,,,,,,,0,0,0,,2.0,3,0.0,0.0,0.0,0.0,0.0,11.0,0.0,829.5556,19.4,0.0
2018,CAR,8477887,Patrick,Brown,C,8,,,,,,,,,,,0,0,0,,0.0,3,0.0,0.0,0.0,0.0,0.0,4.0,0.0,511.625,12.5,0.4706
2018,CAR,8477938,Haydn,Fleury,D,9,,,,,,,,,,,0,0,0,,2.0,3,1.0,0.0,0.0,0.0,0.0,2.0,0.0,462.3333,12.0,0.0
2018,CAR,8477998,Warren,Foegele,L,15,,,,,,,,,,,5,4,9,,6.0,3,6.0,0.0,0.0,1.0,0.0,21.0,0.2381,866.4667,22.0,0.6667
2018,CAR,8478027,Lucas,Wallmark,C,15,,,,,,,,,,,1,4,5,,6.0,3,0.0,0.0,0.0,0.0,0.0,12.0,0.0833,844.0667,21.0,0.5
2018,CAR,8478056,Clark,Bishop,C,2,,,,,,,,,,,0,0,0,,0.0,3,0.0,0.0,0.0,0.0,0.0,2.0,0.0,471.0,11.0,0.3333
2018,CAR,8478427,Sebastian,Aho,C,15,,,,,,,,,,,5,7,12,,2.0,3,3.0,2.0,1.0,0.0,0.0,39.0,0.1282,1257.8,26.6,0.4672
2018,CAR,8478839,Aleksi,Saarela,C,1,,,,,,,,,,,0,0,0,,0.0,3,0.0,0.0,0.0,0.0,0.0,0.0,0.0,550.0,15.0,0.0
2018,CAR,8480830,Andrei,Svechnikov,R,9,,,,,,,,,,,3,2,5,,9.0,3,0.0,0.0,0.0,0.0,0.0,15.0,0.2,819.1111,19.3,1.0
2018,CBJ,8475683,Sergei,Bobrovsky,G,62,61.0,37.0,24.0,1.0,2.581067,0.91287,1756.0,1603.0,153.0,9.0,0,0,0,213400.0,2.0,2,,,,,,,,,,
2018,CBJ,8476914,Joonas,Korpisalo,G,27,21.0,10.0,7.0,3.0,2.95465,0.897081,651.0,584.0,67.0,0.0,0,0,0,81634.0,,2,,,,,,,,,,
2018,CBJ,8471273,Brandon,Dubinsky,C,61,,,,,,,,,,,6,8,14,,36.0,2,-16.0,0.0,0.0,0.0,0.0,63.0,0.0952,741.3279,19.3,0.5709
2018,CBJ,8471717,Adam,McQuaid,D,14,,,,,,,,,,,1,1,2,,9.0,2,-1.0,0.0,0.0,1.0,0.0,9.0,0.1111,684.7857,17.6,0.0
2018,CBJ,8473422,Nick,Foligno,L,73,,,,,,,,,,,17,18,35,,44.0,2,12.0,2.0,0.0,2.0,0.0,141.0,0.1206,1062.2329,22.2,0.566
2018,CBJ,8473914,Mark,Letestu,C,2,,,,,,,,,,,0,0,0,,0.0,2,-1.0,0.0,0.0,0.0,0.0,1.0,0.0,560.0,13.5,0.8333
2018,CBJ,8474062,Riley,Nash,C,78,,,,,,,,,,,3,9,12,,19.0,2,-8.0,0.0,0.0,1.0,0.0,79.0,0.038,650.3846,14.8,0.4505
2018,CBJ,8474610,Zac,Dalpe,C,1,,,,,,,,,,,0,1,1,,0.0,2,1.0,0.0,0.0,0.0,0.0,1.0,0.0,541.0,16.0,0.0
2018,CBJ,8474715,Cam,Atkinson,R,80,,,,,,,,,,,41,28,69,,20.0,2,3.0,8.0,4.0,8.0,0.0,295.0,0.139,1162.675,24.4,0.3158
2018,CBJ,8475168,Matt,Duchene,C,23,,,,,,,,,,,4,8,12,,2.0,2,-1.0,1.0,0.0,0.0,0.0,46.0,0.087,1076.6957,20.5,0.5592
2018,CBJ,8475233,David,Savard,D,82,,,,,,,,,,,8,16,24,,36.0,2,19.0,0.0,0.0,1.0,0.0,124.0,0.0645,1184.622,25.4,0.0
2018,CBJ,8476288,Ryan,Dzingel,C,21,,,,,,,,,,,4,8,12,,0.0,2,4.0,1.0,0.0,1.0,0.0,26.0,0.1538,856.1905,17.8,0.6
2018,CBJ,8476310,Lukas,Sedlak,C,47,,,,,,,,,,,4,2,6,,10.0,2,-5.0,0.0,0.0,0.0,0.0,43.0,0.093,539.9362,13.2,0.4943
2018,CBJ,8476431,Adam,Clendening,D,4,,,,,,,,,,,0,0,0,,0.0,2,1.0,0.0,0.0,0.0,0.0,3.0,0.0,639.25,16.0,0.0
2018,CBJ,8476432,Boone,Jenner,C,77,,,,,,,,,,,16,22,38,,42.0,2,6.0,1.0,1.0,3.0,0.0,170.0,0.0941,1023.8701,22.1,0.5411
2018,CBJ,8476449,Scott,Harrington,D,73,,,,,,,,,,,2,15,17,,23.0,2,6.0,0.0,0.0,0.0,0.0,54.0,0.037,782.863,18.3,0.0
2018,CBJ,8476850,Ryan,Murray,D,56,,,,,,,,,,,1,28,29,,10.0,2,20.0,0.0,0.0,0.0,0.0,71.0,0.0141,1286.3571,26.8,0.0
2018,CBJ,8476981,Josh,Anderson,R,82,,,,,,,,,,,27,20,47,,60.0,2,25.0,3.0,2.0,5.0,0.0,230.0,0.1174,1021.4146,22.1,0.3158
2018,CBJ,8477407,Anthony,Duclair,L,53,,,,,,,,,,,11,8,19,,12.0,2,-3.0,4.0,0.0,2.0,0.0,92.0,0.1196,738.5472,17.0,0.1333
2018,CBJ,8477416,Oliver,Bjorkstrand,R,77,,,,,,,,,,,23,13,36,,8.0,2,8.0,3.0,0.0,1.0,0.0,161.0,0.1429,740.2987,16.2,0.3846
2018,CBJ,8477495,Seth,Jones,D,75,,,,,,,,,,,9,37,46,,28.0,2,1.0,0.0,0.0,4.0,3.0,184.0,0.0489,1549.36,29.5,0.0
2018,CBJ,8477505,Alexander,Wennberg,C,75,,,,,,,,,,,2,23,25,,12.0,2,-1.0,1.0,1.0,0.0,0.0,64.0,0.0313,904.64,20.0,0.4844
2018,CBJ,8477947,Sonny,Milano,L,8,,,,,,,,,,,1,0,1,,0.0,2,0.0,0.0,0.0,0.0,0.0,5.0,0.2,499.25,11.8,0.0
2018,CBJ,8478460,Zach,Werenski,D,82,,,,,,,,,,,11,33,44,,18.0,2,-12.0,2.0,0.0,1.0,0.0,168.0,0.0655,1373.9756,27.4,0.0
2018,CBJ,8478506,Gabriel,Carlsson,D,1,,,,,,,,,,,0,0,0,,2.0,2,-1.0,0.0,0.0,0.0,0.0,1.0,0.0,561.0,17.0,0.0
2018,CBJ,8478541,Markus,Hannikainen,L,44,,,,,,,,,,,4,3,7,,2.0,2,-5.0,0.0,0.0,1.0,0.0,52.0,0.0769,568.6818,13.6,0.0
2018,CBJ,8478550,Artemi,Panarin,L,79,,,,,,,,,,,28,59,87,,23.0,2,14.0,6.0,0.0,8.0,4.0,191.0,0.1466,1191.3924,23.0,0.25
2018,CBJ,8478567,Dean,Kukan,D,25,,,,,,,,,,,0,5,5,,6.0,2,6.0,0.0,0.0,0.0,0.0,16.0,0.0,807.92,18.8,0.0
2018,CBJ,8478831,Kevin,Stenlund,C,4,,,,,,,,,,,0,0,0,,4.0,2,0.0,0.0,0.0,0.0,0.0,3.0,0.0,657.75,14.8,0.5
2018,CBJ,8478906,Markus,Nutivaara,D,80,,,,,,,,,,,5,16,21,,6.0,2,3.0,0.0,0.0,1.0,0.0,99.0,0.0505,1060.7875,23.1,0.0
2018,CBJ,8478949,Kole,Sherwood,R,2,,,,,,,,,,,0,0,0,,0.0,2,0.0,0.0,0.0,0.0,0.0,2.0,0.0,553.5,12.5,0.0
2018,CBJ,8479400,Pierre-Luc,Dubois,C,82,,,,,,,,,,,27,34,61,,64.0,2,16.0,2.0,0.0,5.0,1.0,174.0,0.1552,1062.9268,22.2,0.4346
2018,CBJ,8480074,Alexandre,Texier,L,2,,,,,,,,,,,1,0,1,,0.0,2,3.0,0.0,0.0,0.0,0.0,6.0,0.1667,766.0,16.0,0.0
2018,CBJ,8480762,Eric,Robinson,L,13,,,,,,,,,,,0,0,0,,0.0,2,-4.0,0.0,0.0,0.0,0.0,18.0,0.0,710.0,15.2,0.0
2018,CBJ,8475683,Sergei,Bobrovsky,G,10,10.0,6.0,4.0,,2.407961,0.924925,333.0,308.0,25.0,0.0,0,0,0,37376.0,,3,,,,,,,,,,
2018,CBJ,8471273,Brandon,Dubinsky,C,10,,,,,,,,,,,1,0,1,,6.0,3,0.0,0.0,0.0,0.0,0.0,11.0,0.0909,786.8,20.2,0.5647
2018,CBJ,8473422,Nick,Foligno,L,10,,,,,,,,,,,1,2,3,,4.0,3,2.0,0.0,0.0,0.0,0.0,16.0,0.0625,1116.2,24.1,0.4912
2018,CBJ,8474062,Riley,Nash,C,7,,,,,,,,,,,1,2,3,,4.0,3,2.0,0.0,0.0,0.0,0.0,9.0,0.1111,812.4286,19.7,0.5
2018,CBJ,8474715,Cam,Atkinson,R,10,,,,,,,,,,,2,6,8,,4.0,3,2.0,0.0,0.0,0.0,0.0,33.0,0.0606,1109.5,23.2,0.4
2018,CBJ,8475168,Matt,Duchene,C,10,,,,,,,,,,,5,5,10,,0.0,3,4.0,3.0,0.0,2.0,1.0,18.0,0.2778,1007.6,20.4,0.5141
2018,CBJ,8475233,David,Savard,D,10,,,,,,,,,,,1,2,3,,4.0,3,-1.0,0.0,0.0,0.0,0.0,13.0,0.0769,1422.4,30.4,0.0
2018,CBJ,8476288,Ryan,Dzingel,C,9,,,,,,,,,,,1,0,1,,2.0,3,3.0,0.0,0.0,0.0,0.0,11.0,0.0909,680.7778,15.8,0.0
2018,CBJ,8476431,Adam,Clendening,D,7,,,,,,,,,,,0,1,1,,2.0,3,1.0,0.0,0.0,0.0,0.0,9.0,0.0,525.8571,13.6,0.0
2018,CBJ,8476432,Boone,Jenner,C,10,,,,,,,,,,,1,2,3,,2.0,3,1.0,0.0,0.0,0.0,0.0,32.0,0.0313,1033.7,23.8,0.4931
2018,CBJ,8476449,Scott,Harrington,D,10,,,,,,,,,,,0,4,4,,2.0,3,4.0,0.0,0.0,0.0,0.0,7.0,0.0,815.6,20.0,0.0
2018,CBJ,8476981,Josh,Anderson,R,10,,,,,,,,,,,1,2,3,,22.0,3,-5.0,0.0,1.0,0.0,0.0,23.0,0.0435,1019.1,22.7,0.25
2018,CBJ,8477416,Oliver,Bjorkstrand,R,10,,,,,,,,,,,2,3,5,,0.0,3,-1.0,1.0,0.0,2.0,0.0,26.0,0.0769,906.6,19.4,0.0
2018,CBJ,8477495,Seth,Jones,D,10,,,,,,,,,,,3,6,9,,0.0,3,0.0,1.0,0.0,1.0,0.0,27.0,0.1111,1712.2,34.9,0.0
2018,CBJ,8477505,Alexander,Wennberg,C,4,,,,,,,,,,,0,0,0,,0.0,3,0.0,0.0,0.0,0.0,0.0,0.0,0.0,629.25,17.3,0.3684
2018,CBJ,8478460,Zach,Werenski,D,10,,,,,,,,,,,1,5,6,,9.0,3,3.0,1.0,0.0,1.0,0.0,15.0,0.0667,1596.7,34.7,0.0
2018,CBJ,8478541,Markus,Hannikainen,L,1,,,,,,,,,,,0,0,0,,0.0,3,-1.0,0.0,0.0,0.0,0.0,0.0,0.0,240.0,7.0,0.0
2018,CBJ,8478550,Artemi,Panarin,L,10,,,,,,,,,,,5,6,11,,0.0,3,0.0,1.0,0.0,0.0,0.0,27.0,0.1852,1304.4,24.6,0.0
2018,CBJ,8478567,Dean,Kukan,D,10,,,,,,,,,,,1,0,1,,2.0,3,-2.0,0.0,0.0,0.0,0.0,13.0,0.0769,910.1,21.9,0.0
2018,CBJ,8478882,Vladislav,Gavrikov,D,2,,,,,,,,,,,0,0,0,,0.0,3,-2.0,0.0,0.0,0.0,0.0,1.0,0.0,935.0,23.0,0.0
2018,CBJ,8478906,Markus,Nutivaara,D,2,,,,,,,,,,,0,0,0,,0.0,3,1.0,0.0,0.0,0.0,0.0,1.0,0.0,1296.0,27.0,0.0
2018,CBJ,8479400,Pierre-Luc,Dubois,C,10,,,,,,,,,,,2,3,5,,14.0,3,-5.0,0.0,0.0,0.0,0.0,20.0,0.1,1048.8,23.3,0.4
2018,CBJ,8480074,Alexandre,Texier,L,8,,,,,,,,,,,2,1,3,,2.0,3,-2.0,1.0,0.0,0.0,0.0,8.0,0.25,685.125,15.3,1.0
2018,CGY,8469608,Mike,Smith,G,42,40.0,23.0,16.0,2.0,2.724638,0.898036,1069.0,960.0,109.0,2.0,0,3,3,144019.0,2.0,2,,,,,,,,,,
2018,CGY,8479496,David,Rittich,G,45,42.0,27.0,9.0,5.0,2.612516,0.911238,1228.0,1119.0,109.0,1.0,0,0,0,150200.0,4.0,2,,,,,,,,,,
2018,CGY,8470966,Mark,Giordano,D,78,,,,,,,,,,,17,57,74,,69.0,2,39.0,3.0,4.0,2.0,0.0,221.0,0.0769,1454.3462,27.9,0.0
2018,CGY,8471707,James,Neal,L,63,,,,,,,,,,,7,12,19,,28.0,2,-5.0,2.0,0.0,1.0,0.0,141.0,0.0496,897.4921,19.9,0.4545
2018,CGY,8473564,Michael,Frolik,R,65,,,,,,,,,,,16,18,34,,26.0,2,24.0,0.0,2.0,4.0,0.0,132.0,0.1212,801.6769,17.5,0.3421
2018,CGY,8474061,Anthony,Peluso,R,4,,,,,,,,,,,0,0,0,,7.0,2,-1.0,0.0,0.0,0.0,0.0,1.0,0.0,246.75,6.8,0.0
2018,CGY,8474150,Mikael,Backlund,C,77,,,,,,,,,,,21,26,47,,52.0,2,34.0,1.0,1.0,4.0,1.0,205.0,0.1024,1073.5195,23.2,0.4956
2018,CGY,8474612,Travis,Hamonic,D,69,,,,,,,,,,,7,12,19,,33.0,2,21.0,0.0,1.0,1.0,0.0,128.0,0.0547,1251.942,25.5,0.0
2018,CGY,8474628,Michael,Stone,D,14,,,,,,,,,,,0,5,5,,10.0,2,0.0,0.0,0.0,0.0,0.0,12.0,0.0,956.1429,21.6,0.0
2018,CGY,8474673,TJ,Brodie,D,79,,,,,,,,,,,9,25,34,,24.0,2,29.0,1.0,1.0,1.0,1.0,102.0,0.0882,1288.2658,26.4,0.0
2018,CGY,8474774,Dalton,Prout,D,20,,,,,,,,,,,1,1,2,,8.0,2,1.0,0.0,0.0,0.0,0.0,14.0,0.0714,786.95,17.2,0.0
2018,CGY,8476346,Johnny,Gaudreau,L,82,,,,,,,,,,,36,63,99,,24.0,2,18.0,6.0,0.0,8.0,3.0,245.0,0.1469,1204.4512,23.5,0.3333
2018,CGY,8476409,Alan,Quine,C,13,,,,,,,,,,,3,2,5,,6.0,2,0.0,1.0,0.0,0.0,0.0,11.0,0.2727,569.8462,13.2,0.3939
2018,CGY,8476873,Mark,Jankowski,L,79,,,,,,,,,,,14,18,32,,12.0,2,6.0,0.0,5.0,1.0,0.0,99.0,0.1414,762.4684,18.5,0.5195
2018,CGY,8477496,Elias,Lindholm,C,81,,,,,,,,,,,27,51,78,,20.0,2,30.0,9.0,1.0,5.0,0.0,182.0,0.1484,1202.3086,25.5,0.5432
2018,CGY,8477497,Sean,Monahan,C,78,,,,,,,,,,,34,48,82,,12.0,2,7.0,12.0,0.0,5.0,0.0,211.0,0.1611,1143.2821,23.1,0.5113
2018,CGY,8477508,Curtis,Lazar,C,1,,,,,,,,,,,0,0,0,,0.0,2,-1.0,0.0,0.0,0.0,0.0,0.0,0.0,288.0,9.0,0.75
2018,CGY,8477510,Kerby,Rychel,L,2,,,,,,,,,,,0,0,0,,0.0,2,-1.0,0.0,0.0,0.0,0.0,1.0,0.0,550.5,13.0,0.0
2018,CGY,8477903,Garnet,Hathaway,R,76,,,,,,,,,,,11,8,19,,56.0,2,14.0,0.0,2.0,5.0,0.0,77.0,0.1429,631.5921,15.3,0.4667
2018,CGY,8477935,Sam,Bennett,C,71,,,,,,,,,,,13,14,27,,93.0,2,-6.0,4.0,0.0,2.0,0.0,115.0,0.113,797.3944,18.0,0.5556
2018,CGY,8478233,Andrew,Mangiapane,L,44,,,,,,,,,,,8,5,13,,12.0,2,11.0,0.0,0.0,1.0,0.0,65.0,0.1231,632.6364,14.8,0.6667
2018,CGY,8478396,Noah,Hanifin,D,80,,,,,,,,,,,5,28,33,,12.0,2,18.0,1.0,1.0,2.0,0.0,116.0,0.0431,1246.4,25.9,0.0
2018,CGY,8478397,Rasmus,Andersson,D,79,,,,,,,,,,,2,17,19,,23.0,2,17.0,0.0,0.0,0.0,0.0,115.0,0.0174,962.3671,20.7,0.0
2018,CGY,8478430,Oliver,Kylington,D,38,,,,,,,,,,,3,5,8,,10.0,2,3.0,0.0,0.0,1.0,0.0,21.0,0.1429,745.3158,16.7,0.0
2018,CGY,8478512,Austin,Czarnik,C,54,,,,,,,,,,,6,12,18,,8.0,2,-1.0,0.0,0.0,3.0,0.0,65.0,0.0923,679.963,15.5,0.4688
2018,CGY,8478585,Derek,Ryan,C,81,,,,,,,,,,,13,25,38,,24.0,2,21.0,2.0,0.0,1.0,0.0,103.0,0.1262,828.2346,19.5,0.582
2018,CGY,8479066,Ryan,Lomberg,L,4,,,,,,,,,,,0,0,0,,17.0,2,0.0,0.0,0.0,0.0,0.0,1.0,0.0,419.0,10.8,0.0
2018,CGY,8479314,Matthew,Tkachuk,L,80,,,,,,,,,,,34,43,77,,62.0,2,14.0,11.0,0.0,2.0,0.0,207.0,0.1643,1055.9375,21.2,0.4615
2018,CGY,8479346,Dillon,Dube,C,25,,,,,,,,,,,1,4,5,,4.0,2,2.0,0.0,0.0,0.0,0.0,22.0,0.0455,604.04,14.0,0.4
2018,CGY,8479976,Juuso,Välimäki,D,24,,,,,,,,,,,1,2,3,,12.0,2,-2.0,0.0,0.0,1.0,0.0,28.0,0.0357,929.0,19.8,0.0
2018,CGY,8480147,Oscar,Fantenberg,D,15,,,,,,,,,,,0,1,1,,7.0,2,5.0,0.0,0.0,0.0,0.0,16.0,0.0,949.6667,19.6,0.0
2018,CGY,8469608,Mike,Smith,G,5,5.0,1.0,4.0,,3.202175,0.917073,205.0,188.0,17.0,1.0,0,1,1,19112.0,4.0,3,,,,,,,,,,
2018,CGY,8470966,Mark,Giordano,D,5,,,,,,,,,,,0,2,2,,0.0,3,-3.0,0.0,0.0,0.0,0.0,13.0,0.0,1582.0,29.2,0.0
2018,CGY,8471707,James,Neal,L,4,,,,,,,,,,,0,0,0,,0.0,3,-3.0,0.0,0.0,0.0,0.0,7.0,0.0,828.5,20.0,0.0
2018,CGY,8473564,Michael,Frolik,R,5,,,,,,,,,,,0,0,0,,2.0,3,-1.0,0.0,0.0,0.0,0.0,7.0,0.0,823.6,19.0,0.0
2018,CGY,8474150,Mikael,Backlund,C,5,,,,,,,,,,,1,2,3,,8.0,3,-5.0,1.0,0.0,0.0,0.0,17.0,0.0588,1203.4,26.6,0.4933
2018,CGY,8474612,Travis,Hamonic,D,5,,,,,,,,,,,0,0,0,,2.0,3,-4.0,0.0,0.0,0.0,0.0,6.0,0.0,1333.0,27.8,0.0
2018,CGY,8474673,TJ,Brodie,D,5,,,,,,,,,,,2,0,2,,6.0,3,-1.0,0.0,0.0,0.0,0.0,6.0,0.3333,1348.4,26.6,0.0
2018,CGY,8476346,Johnny,Gaudreau,L,5,,,,,,,,,,,0,1,1,,2.0,3,-2.0,0.0,0.0,0.0,0.0,16.0,0.0,1166.8,23.6,0.0
2018,CGY,8476873,Mark,Jankowski,L,5,,,,,,,,,,,0,0,0,,0.0,3,-2.0,0.0,0.0,0.0,0.0,6.0,0.0,764.8,19.6,0.6415
2018,CGY,8477496,Elias,Lindholm,C,5,,,,,,,,,,,1,1,2,,4.0,3,-5.0,1.0,0.0,0.0,0.0,13.0,0.0769,1152.2,27.0,0.623
2018,CGY,8477497,Sean,Monahan,C,5,,,,,,,,,,,1,1,2,,0.0,3,1.0,0.0,0.0,0.0,0.0,11.0,0.0909,1094.2,24.0,0.64
2018,CGY,8477903,Garnet,Hathaway,R,5,,,,,,,,,,,0,0,0,,14.0,3,0.0,0.0,0.0,0.0,0.0,7.0,0.0,712.0,19.0,0.4
2018,CGY,8477935,Sam,Bennett,C,5,,,,,,,,,,,1,4,5,,16.0,3,0.0,1.0,0.0,0.0,0.0,9.0,0.1111,794.2,18.4,0.7
2018,CGY,8478233,Andrew,Mangiapane,L,5,,,,,,,,,,,1,0,1,,0.0,3,1.0,0.0,0.0,1.0,0.0,5.0,0.2,657.0,15.6,1.0
2018,CGY,8478396,Noah,Hanifin,D,5,,,,,,,,,,,0,1,1,,4.0,3,-3.0,0.0,0.0,0.0,0.0,7.0,0.0,1240.2,27.6,0.0
2018,CGY,8478397,Rasmus,Andersson,D,5,,,,,,,,,,,1,2,3,,2.0,3,-1.0,1.0,0.0,0.0,0.0,13.0,0.0769,1117.4,25.4,0.0
2018,CGY,8478512,Austin,Czarnik,C,1,,,,,,,,,,,0,0,0,,0.0,3,-1.0,0.0,0.0,0.0,0.0,0.0,0.0,300.0,10.0,0.0
2018,CGY,8478585,Derek,Ryan,C,5,,,,,,,,,,,1,0,1,,2.0,3,1.0,0.0,0.0,0.0,0.0,4.0,0.25,854.6,21.2,0.5932
2018,CGY,8479314,Matthew,Tkachuk,L,5,,,,,,,,,,,2,1,3,,18.0,3,-4.0,1.0,0.0,0.0,0.0,10.0,0.2,1052.4,23.4,0.6667
2018,CGY,8479976,Juuso,Välimäki,D,2,,,,,,,,,,,0,1,1,,0.0,3,1.0,0.0,0.0,0.0,0.0,3.0,0.0,1006.5,23.0,0.0
2018,CGY,8480147,Oscar,Fantenberg,D,3,,,,,,,,,,,0,0,0,,6.0,3,1.0,0.0,0.0,0.0,0.0,4.0,0.0,782.6667,17.0,0.0
2018,CHI,8470320,Cam,Ward,G,33,29.0,16.0,12.0,4.0,3.666215,0.896676,1113.0,998.0,115.0,0.0,0,1,1,112923.0,4.0,2,,,,,,,,,,
2018,CHI,8470645,Corey,Crawford,G,39,39.0,14.0,18.0,5.0,2.928348,0.908163,1176.0,1068.0,108.0,2.0,0,4,4,132771.0,,2,,,,,,,,,,
2018,CHI,8480420,Collin,Delia,G,16,14.0,6.0,4.0,3.0,3.609889,0.908257,545.0,495.0,50.0,0.0,0,0,0,49863.0,,2,,,,,,,,,,
2018,CHI,8470281,Duncan,Keith,D,82,,,,,,,,,,,6,34,40,,70.0,2,13.0,0.0,0.0,1.0,1.0,141.0,0.0426,1381.0488,27.7,0.0
2018,CHI,8470543,Chris,Kunitz,L,56,,,,,,,,,,,5,5,10,,23.0,2,-7.0,0.0,0.0,1.0,0.0,44.0,0.1136,543.5357,13.3,0.2857
2018,CHI,8470607,Brent,Seabrook,D,78,,,,,,,,,,,5,23,28,,41.0,2,-6.0,2.0,0.0,1.0,0.0,165.0,0.0303,1145.8077,25.9,0.0
2018,CHI,8473573,Artem,Anisimov,C,78,,,,,,,,,,,15,22,37,,14.0,2,-2.0,1.0,1.0,1.0,0.0,142.0,0.1056,980.5641,20.7,0.4573
2018,CHI,8473604,Jonathan,Toews,C,82,,,,,,,,,,,35,46,81,,40.0,2,2.0,9.0,1.0,5.0,2.0,235.0,0.1489,1260.4146,25.5,0.5633
2018,CHI,8474141,Patrick,Kane,R,81,,,,,,,,,,,44,66,110,,22.0,2,2.0,9.0,0.0,7.0,3.0,341.0,0.129,1349.3457,23.6,0.2
2018,CHI,8475323,Marcus,Kruger,C,74,,,,,,,,,,,4,8,12,,30.0,2,-2.0,0.0,0.0,2.0,0.0,74.0,0.0541,624.9054,16.6,0.4808
2018,CHI,8475430,Brandon,Manning,D,27,,,,,,,,,,,1,2,3,,21.0,2,-14.0,0.0,0.0,0.0,0.0,23.0,0.0435,928.4444,22.9,0.0
2018,CHI,8475869,Brandon,Davidson,D,10,,,,,,,,,,,0,1,1,,15.0,2,-4.0,0.0,0.0,0.0,0.0,7.0,0.0,827.6,20.1,0.0
2018,CHI,8476438,Brandon,Saad,L,80,,,,,,,,,,,23,24,47,,12.0,2,-9.0,5.0,3.0,3.0,0.0,195.0,0.1179,1061.3125,23.3,0.3871
2018,CHI,8476473,Connor,Murphy,D,52,,,,,,,,,,,5,8,13,,40.0,2,12.0,0.0,0.0,1.0,0.0,84.0,0.0595,1169.3269,26.0,0.0
2018,CHI,8476886,Slater,Koekkoek,D,22,,,,,,,,,,,1,4,5,,10.0,2,4.0,0.0,0.0,0.0,0.0,21.0,0.0476,986.6818,22.2,0.0
2018,CHI,8476979,Erik,Gustafsson,D,79,,,,,,,,,,,17,43,60,,34.0,2,-6.0,4.0,0.0,3.0,2.0,160.0,0.1063,1355.0759,25.6,0.0
2018,CHI,8477366,Luke,Johnson,C,15,,,,,,,,,,,0,1,1,,8.0,2,-8.0,0.0,0.0,0.0,0.0,19.0,0.0,648.7333,15.9,0.4811
2018,CHI,8477401,John,Hayden,C,54,,,,,,,,,,,3,2,5,,27.0,2,-12.0,0.0,0.0,0.0,0.0,42.0,0.0714,549.6667,13.2,0.2414
2018,CHI,8477472,Carl,Dahlstrom,D,38,,,,,,,,,,,0,6,6,,6.0,2,9.0,0.0,0.0,0.0,0.0,42.0,0.0,1116.2632,25.3,0.0
2018,CHI,8477943,Brendan,Perlini,L,46,,,,,,,,,,,12,3,15,,20.0,2,-12.0,0.0,0.0,0.0,0.0,77.0,0.1558,636.1522,14.3,0.2
2018,CHI,8477951,Nick,Schmaltz,C,23,,,,,,,,,,,2,9,11,,6.0,2,-4.0,1.0,0.0,0.0,0.0,33.0,0.0606,1061.3913,20.6,0.4333
2018,CHI,8478055,Gustav,Forsling,D,43,,,,,,,,,,,3,6,9,,30.0,2,-9.0,0.0,0.0,0.0,0.0,57.0,0.0526,1025.0,23.1,0.0
2018,CHI,8478106,Dylan,Sikura,R,33,,,,,,,,,,,0,8,8,,0.0,2,2.0,0.0,0.0,0.0,0.0,52.0,0.0,676.9394,15.5,0.0
2018,CHI,8478440,Dylan,Strome,C,58,,,,,,,,,,,17,34,51,,14.0,2,2.0,3.0,0.0,2.0,0.0,105.0,0.1619,1023.5172,19.7,0.4492
2018,CHI,8478502,Dennis,Gilbert,D,1,,,,,,,,,,,0,0,0,,2.0,2,0.0,0.0,0.0,0.0,0.0,0.0,0.0,766.0,17.0,0.0
2018,CHI,8478561,Andreas,Martinsen,L,24,,,,,,,,,,,1,3,4,,14.0,2,-5.0,0.0,0.0,0.0,0.0,21.0,0.0476,476.0833,12.2,0.4286
2018,CHI,8479337,Alex,DeBrincat,R,82,,,,,,,,,,,41,35,76,,15.0,2,0.0,13.0,0.0,3.0,1.0,220.0,0.1864,1062.0,20.3,0.4571
2018,CHI,8479465,Drake,Caggiula,L,26,,,,,,,,,,,5,7,12,,12.0,2,3.0,0.0,0.0,0.0,0.0,47.0,0.1064,891.0769,19.7,0.4286
2018,CHI,8479657,Alexandre,Fortin,L,24,,,,,,,,,,,3,3,6,,2.0,2,-6.0,0.0,1.0,1.0,0.0,29.0,0.1034,635.4583,14.5,0.6471
2018,CHI,8480035,Henri,Jokiharju,D,38,,,,,,,,,,,0,12,12,,16.0,2,-7.0,0.0,0.0,0.0,0.0,62.0,0.0,1138.8158,24.9,0.0
2018,CHI,8480144,David,Kampf,C,63,,,,,,,,,,,4,15,19,,14.0,2,-6.0,0.0,0.0,0.0,0.0,72.0,0.0556,835.2222,20.0,0.4532
2018,CHI,8480172,Jan,Rutta,D,23,,,,,,,,,,,2,4,6,,12.0,2,0.0,0.0,0.0,0.0,0.0,22.0,0.0909,977.7391,22.3,0.0
2018,CHI,8480946,Dominik,Kahun,C,82,,,,,,,,,,,13,24,37,,6.0,2,10.0,1.0,0.0,2.0,0.0,137.0,0.0949,849.0244,18.7,0.3607
2018,CHI,8480954,Jacob,Nilsson,C,2,,,,,,,,,,,0,0,0,,0.0,2,-2.0,0.0,0.0,0.0,0.0,0.0,0.0,471.5,10.5,0.375
2018,COL,8473575,Semyon,Varlamov,G,49,49.0,20.0,19.0,9.0,2.874046,0.909091,1496.0,1360.0,136.0,2.0,0,0,0,170352.0,2.0,2,,,,,,,,,,
2018,COL,8475831,Philipp,Grubauer,G,37,33.0,18.0,9.0,5.0,2.642602,0.9169,1071.0,982.0,89.0,3.0,0,0,0,121244.0,,2,,,,,,,,,,
2018,COL,8480925,Pavel,Francouz,G,2,0.0,0.0,2.0,0.0,1.961316,0.942857,35.0,33.0,2.0,0.0,0,0,0,3671.0,,2,,,,,,,,,,
2018,COL,8471262,Carl,Soderberg,C,82,,,,,,,,,,,23,26,49,,26.0,2,-5.0,2.0,3.0,2.0,0.0,188.0,0.1223,1046.939,22.7,0.4935
2018,COL,8473446,Erik,Johnson,D,80,,,,,,,,,,,7,18,25,,38.0,2,8.0,0.0,0.0,1.0,1.0,144.0,0.0486,1308.875,27.0,0.0
2018,COL,8473544,Derick,Brassard,C,20,,,,,,,,,,,4,0,4,,8.0,2,-7.0,2.0,0.0,0.0,0.0,32.0,0.125,899.6,19.2,0.5074
2018,COL,8474013,Ian,Cole,D,71,,,,,,,,,,,2,13,15,,115.0,2,-1.0,0.0,0.0,0.0,0.0,82.0,0.0244,1185.3662,23.7,0.0
2018,COL,8474569,Colin,Wilson,C,65,,,,,,,,,,,12,15,27,,8.0,2,-6.0,5.0,0.0,2.0,0.0,104.0,0.1154,813.7538,18.2,0.3846
2018,COL,8474685,Matt,Calvert,L,82,,,,,,,,,,,11,15,26,,58.0,2,-10.0,1.0,0.0,0.0,0.0,141.0,0.078,851.5122,19.2,0.4362
2018,COL,8474717,Mark,Barberio,D,12,,,,,,,,,,,1,0,1,,4.0,2,-6.0,0.0,0.0,0.0,0.0,11.0,0.0909,913.5,19.3,0.0
2018,COL,8475197,Tyson,Barrie,D,78,,,,,,,,,,,14,45,59,,36.0,2,-3.0,2.0,0.0,2.0,0.0,218.0,0.0642,1306.5641,23.7,0.0
2018,COL,8475268,Gabriel,Bourque,L,55,,,,,,,,,,,2,6,8,,10.0,2,3.0,0.0,0.0,1.0,0.0,34.0,0.0588,584.2545,13.8,0.35
2018,COL,8475461,Andrew,Agozzino,L,11,,,,,,,,,,,1,1,2,,0.0,2,2.0,0.0,0.0,0.0,0.0,11.0,0.0909,468.6364,10.3,0.4211
2018,COL,8475729,Mark,Alt,D,2,,,,,,,,,,,0,0,0,,0.0,2,0.0,0.0,0.0,0.0,0.0,2.0,0.0,594.5,14.5,0.0
2018,COL,8475747,Patrik,Nemeth,D,74,,,,,,,,,,,1,9,10,,53.0,2,5.0,0.0,0.0,0.0,0.0,57.0,0.0175,989.2162,20.6,0.0
2018,COL,8476442,Matt,Nieto,L,64,,,,,,,,,,,4,19,23,,8.0,2,2.0,0.0,1.0,1.0,0.0,86.0,0.0465,826.2344,19.4,0.5294
2018,COL,8476455,Gabriel,Landeskog,L,73,,,,,,,,,,,34,41,75,,51.0,2,17.0,10.0,0.0,9.0,0.0,243.0,0.1399,1268.9178,23.4,0.5202
2018,COL,8476952,Dominic,Toninato,C,2,,,,,,,,,,,1,0,1,,0.0,2,0.0,0.0,0.0,0.0,0.0,1.0,1.0,402.0,10.5,0.0
2018,COL,8477021,Alexander,Kerfoot,C,78,,,,,,,,,,,15,27,42,,38.0,2,-9.0,4.0,0.0,1.0,0.0,116.0,0.1293,892.9487,19.1,0.5603
2018,COL,8477413,Sven,Andrighetto,R,64,,,,,,,,,,,7,10,17,,14.0,2,10.0,0.0,0.0,1.0,0.0,95.0,0.0737,664.1094,14.5,0.2727
2018,COL,8477435,Ryan,Graves,D,26,,,,,,,,,,,3,2,5,,2.0,2,4.0,0.0,0.0,0.0,0.0,26.0,0.1154,666.2308,15.6,0.0
2018,COL,8477448,Marko,Dano,C,8,,,,,,,,,,,0,0,0,,7.0,2,-1.0,0.0,0.0,0.0,0.0,3.0,0.0,413.0,10.8,0.0
2018,COL,8477456,J.T.,Compher,L,66,,,,,,,,,,,16,16,32,,31.0,2,-8.0,4.0,3.0,3.0,0.0,118.0,0.1356,1048.5455,21.8,0.4918
2018,COL,8477492,Nathan,MacKinnon,C,82,,,,,,,,,,,41,58,99,,34.0,2,20.0,12.0,0.0,6.0,1.0,365.0,0.1123,1325.4878,24.7,0.437
2018,COL,8477507,Nikita,Zadorov,D,70,,,,,,,,,,,7,7,14,,75.0,2,19.0,0.0,0.0,0.0,0.0,100.0,0.07,1032.2286,21.2,0.0
2018,COL,8477973,Vladislav,Kamenev,C,23,,,,,,,,,,,2,3,5,,10.0,2,-2.0,1.0,1.0,0.0,0.0,22.0,0.0909,542.3478,12.8,0.5
2018,COL,8478073,Anton,Lindholm,D,2,,,,,,,,,,,0,0,0,,0.0,2,-1.0,0.0,0.0,0.0,0.0,0.0,0.0,430.5,11.0,0.0
2018,COL,8478420,Mikko,Rantanen,R,74,,,,,,,,,,,31,56,87,,54.0,2,13.0,16.0,0.0,4.0,1.0,193.0,0.1606,1250.5135,23.0,0.3696
2018,COL,8478421,A.J.,Greer,L,15,,,,,,,,,,,1,1,2,,14.0,2,-2.0,0.0,0.0,0.0,0.0,9.0,0.1111,376.0667,9.5,0.4
2018,COL,8479370,Tyson,Jost,C,70,,,,,,,,,,,11,15,26,,14.0,2,-2.0,4.0,0.0,3.0,0.0,114.0,0.0965,780.3571,16.3,0.3767
2018,COL,8479398,Samuel,Girard,D,82,,,,,,,,,,,4,23,27,,6.0,2,8.0,0.0,0.0,0.0,0.0,116.0,0.0345,1193.5488,24.0,1.0
2018,COL,8480326,Sheldon,Dries,C,40,,,,,,,,,,,3,3,6,,26.0,2,-7.0,0.0,1.0,0.0,0.0,44.0,0.0682,544.425,13.0,0.5038
2018,COL,8481186,Logan,O'Connor,R,5,,,,,,,,,,,0,0,0,,0.0,2,-2.0,0.0,0.0,0.0,0.0,1.0,0.0,408.8,9.8,0.0
2018,COL,8475831,Philipp,Grubauer,G,12,12.0,7.0,5.0,,2.29576,0.924933,373.0,345.0,28.0,1.0,0,1,1,43907.0,,3,,,,,,,,,,
2018,COL,8471262,Carl,Soderberg,C,12,,,,,,,,,,,0,2,2,,8.0,3,4.0,0.0,0.0,0.0,0.0,25.0,0.0,963.3333,21.8,0.4122
2018,COL,8473446,Erik,Johnson,D,12,,,,,,,,,,,2,1,3,,4.0,3,-1.0,0.0,0.0,0.0,0.0,25.0,0.08,1154.4167,25.7,0.0
2018,COL,8473544,Derick,Brassard,C,9,,,,,,,,,,,0,1,1,,8.0,3,-2.0,0.0,0.0,0.0,0.0,11.0,0.0,620.2222,15.8,0.5814
2018,COL,8474013,Ian,Cole,D,12,,,,,,,,,,,0,5,5,,16.0,3,6.0,0.0,0.0,0.0,0.0,11.0,0.0,1138.9167,24.2,0.0
2018,COL,8474569,Colin,Wilson,C,12,,,,,,,,,,,4,4,8,,2.0,3,0.0,3.0,0.0,0.0,0.0,25.0,0.16,968.0,19.8,0.3333
2018,COL,8474685,Matt,Calvert,L,8,,,,,,,,,,,0,4,4,,18.0,3,3.0,0.0,0.0,0.0,0.0,11.0,0.0,828.875,20.5,0.2
2018,COL,8475197,Tyson,Barrie,D,12,,,,,,,,,,,1,7,8,,4.0,3,1.0,0.0,0.0,0.0,0.0,32.0,0.0313,1451.1667,25.9,0.0
2018,COL,8475268,Gabriel,Bourque,L,12,,,,,,,,,,,1,0,1,,2.0,3,0.0,0.0,0.0,0.0,0.0,7.0,0.1429,483.8333,12.3,0.4286
2018,COL,8475747,Patrik,Nemeth,D,7,,,,,,,,,,,0,0,0,,4.0,3,4.0,0.0,0.0,0.0,0.0,8.0,0.0,855.4286,21.4,0.0
2018,COL,8476442,Matt,Nieto,L,12,,,,,,,,,,,4,3,7,,2.0,3,6.0,0.0,2.0,0.0,0.0,18.0,0.2222,858.75,20.8,0.1667
2018,COL,8476455,Gabriel,Landeskog,L,12,,,,,,,,,,,3,5,8,,10.0,3,-2.0,0.0,0.0,1.0,1.0,39.0,0.0769,1394.25,25.5,0.5
2018,COL,8477021,Alexander,Kerfoot,C,12,,,,,,,,,,,0,3,3,,6.0,3,-1.0,0.0,0.0,0.0,0.0,17.0,0.0,949.8333,20.2,0.4667
2018,COL,8477413,Sven,Andrighetto,R,5,,,,,,,,,,,0,0,0,,2.0,3,-2.0,0.0,0.0,0.0,0.0,7.0,0.0,477.4,11.6,0.0
2018,COL,8477456,J.T.,Compher,L,12,,,,,,,,,,,4,2,6,,0.0,3,1.0,0.0,0.0,0.0,0.0,18.0,0.2222,950.9167,22.3,0.4504
2018,COL,8477492,Nathan,MacKinnon,C,12,,,,,,,,,,,6,7,13,,2.0,3,-4.0,2.0,0.0,3.0,1.0,57.0,0.1053,1422.75,26.0,0.4402
2018,COL,8477507,Nikita,Zadorov,D,12,,,,,,,,,,,0,0,0,,24.0,3,-5.0,0.0,0.0,0.0,0.0,11.0,0.0,1129.25,23.2,0.0
2018,COL,8478420,Mikko,Rantanen,R,12,,,,,,,,,,,6,8,14,,4.0,3,-1.0,2.0,0.0,2.0,1.0,34.0,0.1765,1299.0833,24.0,0.0
2018,COL,8479370,Tyson,Jost,C,12,,,,,,,,,,,3,1,4,,0.0,3,3.0,0.0,0.0,0.0,0.0,21.0,0.1429,590.0833,14.7,0.375
2018,COL,8479398,Samuel,Girard,D,9,,,,,,,,,,,0,2,2,,0.0,3,3.0,0.0,0.0,0.0,0.0,6.0,0.0,1122.4444,23.8,0.0
2018,COL,8480069,Cale,Makar,D,10,,,,,,,,,,,1,5,6,,0.0,3,3.0,0.0,0.0,1.0,0.0,14.0,0.0714,1042.2,24.2,0.0
2018,DAL,8471418,Anton,Khudobin,G,41,37.0,16.0,17.0,5.0,2.568143,0.92289,1232.0,1137.0,95.0,2.0,0,0,0,133170.0,2.0,2,,,,,,,,,,
2018,DAL,8471750,Ben,Bishop,G,46,45.0,27.0,15.0,2.0,1.979294,0.93424,1323.0,1236.0,87.0,7.0,0,2,2,158238.0,2.0,2,,,,,,,,,,
2018,DAL,8479016,Landon,Bow,G,2,0.0,,,0.0,1.030043,0.947368,19.0,18.0,1.0,0.0,0,0,0,3495.0,,2,,,,,,,,,,
2018,DAL,8469455,Jason,Spezza,C,76,,,,,,,,,,,8,19,27,,29.0,2,-13.0,2.0,0.0,1.0,0.0,121.0,0.0661,796.2105,19.9,0.5824
2018,DAL,8470760,Marc,Methot,D,9,,,,,,,,,,,0,0,0,,6.0,2,-3.0,0.0,0.0,0.0,0.0,3.0,0.0,1016.4444,25.3,0.0
2018,DAL,8471228,Alexander,Radulov,R,70,,,,,,,,,,,29,43,72,,54.0,2,22.0,7.0,0.0,7.0,1.0,209.0,0.1388,1186.9714,25.3,0.375
2018,DAL,8471260,Blake,Comeau,L,77,,,,,,,,,,,7,11,18,,42.0,2,-7.0,0.0,0.0,2.0,0.0,102.0,0.0686,943.5844,23.1,0.4386
2018,DAL,8471392,Roman,Polak,D,77,,,,,,,,,,,1,8,9,,69.0,2,6.0,0.0,0.0,0.0,0.0,77.0,0.013,1150.0909,24.4,0.0
2018,DAL,8471691,Martin,Hanzal,C,7,,,,,,,,,,,1,1,2,,4.0,2,-4.0,1.0,0.0,0.0,0.0,14.0,0.0714,771.8571,20.0,0.5921
2018,DAL,8471699,Andrew,Cogliano,C,32,,,,,,,,,,,3,3,6,,8.0,2,-1.0,0.0,0.0,0.0,0.0,42.0,0.0714,698.7813,19.7,0.4444
2018,DAL,8473588,Erik,Condra,R,6,,,,,,,,,,,1,0,1,,2.0,2,-2.0,0.0,0.0,0.0,0.0,10.0,0.1,761.0,19.2,0.0
2018,DAL,8473933,Ben,Lovejoy,D,20,,,,,,,,,,,0,2,2,,4.0,2,-2.0,0.0,0.0,0.0,0.0,25.0,0.0,949.95,22.6,0.0
2018,DAL,8473994,Jamie,Benn,L,78,,,,,,,,,,,27,26,53,,56.0,2,14.0,8.0,0.0,2.0,0.0,189.0,0.1429,1093.6154,25.2,0.4904
2018,DAL,8475413,Justin,Dowling,C,11,,,,,,,,,,,0,1,1,,0.0,2,-4.0,0.0,0.0,0.0,0.0,9.0,0.0,760.0909,18.7,0.5254
2018,DAL,8475692,Mats,Zuccarello,R,2,,,,,,,,,,,1,2,3,,0.0,2,3.0,0.0,0.0,0.0,0.0,5.0,0.2,959.0,19.0,0.0
2018,DAL,8475752,Tyler,Pitlick,C,47,,,,,,,,,,,8,4,12,,6.0,2,-2.0,1.0,0.0,1.0,0.0,75.0,0.1067,802.9362,20.7,0.4167
2018,DAL,8475794,Tyler,Seguin,C,82,,,,,,,,,,,33,47,80,,18.0,2,17.0,9.0,0.0,8.0,2.0,334.0,0.0988,1244.9024,27.8,0.5386
2018,DAL,8475906,John,Klingberg,D,64,,,,,,,,,,,10,35,45,,12.0,2,6.0,5.0,0.0,5.0,0.0,153.0,0.0654,1471.8281,26.9,0.0
2018,DAL,8476166,Taylor,Fedun,D,54,,,,,,,,,,,4,7,11,,14.0,2,2.0,0.0,0.0,0.0,0.0,86.0,0.0465,831.4444,20.4,0.0
2018,DAL,8476439,Brett,Ritchie,R,53,,,,,,,,,,,4,2,6,,57.0,2,-7.0,1.0,0.0,2.0,0.0,57.0,0.0702,576.283,15.4,0.2222
2018,DAL,8476467,Jamie,Oleksiak,D,21,,,,,,,,,,,0,1,1,,8.0,2,0.0,0.0,0.0,0.0,0.0,20.0,0.0,766.8095,18.6,0.0
2018,DAL,8476889,Radek,Faksa,C,81,,,,,,,,,,,15,15,30,,54.0,2,-3.0,1.0,1.0,1.0,0.0,114.0,0.1316,985.7901,24.1,0.5035
2018,DAL,8476902,Esa,Lindell,D,82,,,,,,,,,,,11,21,32,,33.0,2,14.0,4.0,2.0,1.0,0.0,132.0,0.0833,1459.5976,28.2,0.0
2018,DAL,8476913,Devin,Shore,C,42,,,,,,,,,,,5,12,17,,7.0,2,0.0,0.0,1.0,3.0,0.0,44.0,0.1136,797.5476,20.4,0.5
2018,DAL,8476941,Connor,Carrick,D,14,,,,,,,,,,,1,3,4,,13.0,2,-7.0,0.0,0.0,0.0,0.0,16.0,0.0625,768.8571,17.4,0.0
2018,DAL,8476966,Gemel,Smith,C,14,,,,,,,,,,,2,1,3,,0.0,2,-1.0,0.0,0.0,0.0,0.0,11.0,0.1818,481.1429,12.8,0.5
2018,DAL,8477406,Mattias,Janmark,C,81,,,,,,,,,,,6,19,25,,24.0,2,-4.0,0.0,0.0,0.0,0.0,105.0,0.0571,912.9877,21.9,0.3846
2018,DAL,8477450,Jason,Dickinson,C,67,,,,,,,,,,,6,16,22,,23.0,2,9.0,0.0,0.0,2.0,2.0,94.0,0.0638,802.403,20.8,0.4286
2018,DAL,8477471,Dillon,Heatherington,D,5,,,,,,,,,,,0,1,1,,0.0,2,4.0,0.0,0.0,0.0,0.0,5.0,0.0,611.2,14.2,0.0
2018,DAL,8477501,Valeri,Nichushkin,R,57,,,,,,,,,,,0,10,10,,0.0,2,-4.0,0.0,0.0,0.0,0.0,65.0,0.0,715.0175,18.0,0.5
2018,DAL,8477810,Joel,Hanley,D,16,,,,,,,,,,,0,0,0,,2.0,2,0.0,0.0,0.0,0.0,0.0,9.0,0.0,821.5625,19.1,0.0
2018,DAL,8477945,Julius,Honka,D,29,,,,,,,,,,,0,4,4,,10.0,2,-2.0,0.0,0.0,0.0,0.0,38.0,0.0,822.7931,19.2,0.0
2018,DAL,8478449,Roope,Hintz,C,58,,,,,,,,,,,9,13,22,,24.0,2,-11.0,3.0,0.0,3.0,1.0,99.0,0.0909,843.3793,21.9,0.5425
2018,DAL,8478495,Denis,Gurianov,R,21,,,,,,,,,,,1,3,4,,0.0,2,-3.0,0.0,0.0,0.0,0.0,23.0,0.0435,652.3333,16.6,0.5
2018,DAL,8479416,Ben,Gleason,D,4,,,,,,,,,,,0,1,1,,0.0,2,-1.0,0.0,0.0,0.0,0.0,2.0,0.0,892.75,19.5,0.0
2018,DAL,8479945,Gavin,Bayreuther,D,19,,,,,,,,,,,2,3,5,,10.0,2,2.0,0.0,0.0,0.0,0.0,25.0,0.08,1091.3158,24.3,0.0
2018,DAL,8480036,Miro,Heiskanen,D,82,,,,,,,,,,,12,21,33,,16.0,2,-14.0,2.0,0.0,4.0,0.0,182.0,0.0659,1386.7927,27.8,0.0
2018,DAL,8480769,Joel,L'Esperance,R,18,,,,,,,,,,,2,0,2,,6.0,2,-4.0,1.0,0.0,0.0,0.0,24.0,0.0833,734.8889,18.3,0.4643
2018,DAL,8471418,Anton,Khudobin,G,1,0.0,,,,0.0,1.0,5.0,5.0,0.0,0.0,0,0,0,665.0,,3,,,,,,,,,,
2018,DAL,8471750,Ben,Bishop,G,13,13.0,7.0,6.0,,2.219526,0.933036,448.0,418.0,30.0,0.0,0,0,0,48659.0,2.0,3,,,,,,,,,,
2018,DAL,8469455,Jason,Spezza,C,11,,,,,,,,,,,3,2,5,,0.0,3,-1.0,1.0,0.0,0.0,0.0,16.0,0.1875,602.5455,17.4,0.5275
2018,DAL,8471228,Alexander,Radulov,R,13,,,,,,,,,,,5,5,10,,8.0,3,5.0,2.0,0.0,1.0,0.0,50.0,0.1,1164.2308,28.4,1.0
2018,DAL,8471260,Blake,Comeau,L,13,,,,,,,,,,,1,1,2,,16.0,3,0.0,0.0,0.0,0.0,0.0,12.0,0.0833,982.6154,26.3,0.4
2018,DAL,8471392,Roman,Polak,D,13,,,,,,,,,,,0,1,1,,10.0,3,-2.0,0.0,0.0,0.0,0.0,15.0,0.0,1169.1538,25.7,0.0
2018,DAL,8471699,Andrew,Cogliano,C,13,,,,,,,,,,,2,0,2,,4.0,3,-1.0,0.0,1.0,0.0,0.0,20.0,0.1,855.6923,25.1,0.125
2018,DAL,8473933,Ben,Lovejoy,D,13,,,,,,,,,,,0,1,1,,0.0,3,-7.0,0.0,0.0,0.0,0.0,6.0,0.0,1082.9231,24.9,0.0
2018,DAL,8473994,Jamie,Benn,L,13,,,,,,,,,,,2,8,10,,10.0,3,2.0,1.0,0.0,0.0,0.0,43.0,0.0465,1189.9231,28.7,0.5114
2018,DAL,8475413,Justin,Dowling,C,13,,,,,,,,,,,0,2,2,,0.0,3,-6.0,0.0,0.0,0.0,0.0,10.0,0.0,643.2308,17.3,0.4565
2018,DAL,8475692,Mats,Zuccarello,R,13,,,,,,,,,,,4,7,11,,6.0,3,2.0,1.0,0.0,1.0,0.0,22.0,0.1818,1026.6154,25.3,0.0
2018,DAL,8475752,Tyler,Pitlick,C,6,,,,,,,,,,,0,0,0,,2.0,3,-5.0,0.0,0.0,0.0,0.0,7.0,0.0,497.5,14.2,0.0
2018,DAL,8475794,Tyler,Seguin,C,13,,,,,,,,,,,4,7,11,,2.0,3,3.0,1.0,0.0,1.0,0.0,49.0,0.0816,1261.0769,31.2,0.5248
2018,DAL,8475906,John,Klingberg,D,13,,,,,,,,,,,2,7,9,,6.0,3,8.0,0.0,0.0,2.0,1.0,26.0,0.0769,1478.0769,26.5,0.0
2018,DAL,8476166,Taylor,Fedun,D,7,,,,,,,,,,,0,0,0,,2.0,3,-5.0,0.0,0.0,0.0,0.0,5.0,0.0,621.1429,17.0,0.0
2018,DAL,8476439,Brett,Ritchie,R,1,,,,,,,,,,,0,0,0,,2.0,3,0.0,0.0,0.0,0.0,0.0,2.0,0.0,472.0,15.0,0.0
2018,DAL,8476467,Jamie,Oleksiak,D,4,,,,,,,,,,,0,0,0,,0.0,3,-1.0,0.0,0.0,0.0,0.0,1.0,0.0,692.75,19.0,0.0
2018,DAL,8476889,Radek,Faksa,C,13,,,,,,,,,,,0,1,1,,6.0,3,-1.0,0.0,0.0,0.0,0.0,13.0,0.0,1009.7692,26.8,0.4976
2018,DAL,8476902,Esa,Lindell,D,13,,,,,,,,,,,1,3,4,,4.0,3,4.0,0.0,0.0,1.0,0.0,15.0,0.0667,1618.1538,30.2,0.0
2018,DAL,8477406,Mattias,Janmark,C,7,,,,,,,,,,,1,2,3,,8.0,3,-1.0,0.0,0.0,1.0,0.0,10.0,0.1,718.2857,18.6,0.0
2018,DAL,8477450,Jason,Dickinson,C,13,,,,,,,,,,,3,2,5,,4.0,3,0.0,0.0,0.0,0.0,0.0,26.0,0.1154,957.0,25.0,0.5
2018,DAL,8477471,Dillon,Heatherington,D,1,,,,,,,,,,,0,0,0,,0.0,3,0.0,0.0,0.0,0.0,0.0,0.0,0.0,476.0,11.0,0.0
2018,DAL,8477501,Valeri,Nichushkin,R,1,,,,,,,,,,,0,0,0,,0.0,3,0.0,0.0,0.0,0.0,0.0,0.0,0.0,477.0,16.0,0.0
2018,DAL,8477810,Joel,Hanley,D,1,,,,,,,,,,,0,0,0,,0.0,3,0.0,0.0,0.0,0.0,0.0,0.0,0.0,775.0,18.0,0.0
2018,DAL,8478449,Roope,Hintz,C,13,,,,,,,,,,,5,3,8,,2.0,3,-1.0,1.0,0.0,0.0,0.0,27.0,0.1852,965.7692,27.0,0.497
2018,DAL,8480036,Miro,Heiskanen,D,13,,,,,,,,,,,2,2,4,,2.0,3,0.0,1.0,0.0,0.0,0.0,31.0,0.0645,1531.3077,29.3,0.0
2018,DET,8470657,Jimmy,Howard,G,55,52.0,23.0,22.0,5.0,3.06612,0.908719,1709.0,1553.0,156.0,0.0,0,1,1,183163.0,2.0,2,,,,,,,,,,
2018,DET,8473541,Jonathan,Bernier,G,35,30.0,9.0,18.0,5.0,3.161459,0.90439,1025.0,927.0,98.0,1.0,0,0,0,111594.0,,2,,,,,,,,,,
2018,DET,8480363,Kaden,Fulcher,G,1,0.0,,,0.0,4.40906,0.818182,11.0,9.0,2.0,0.0,0,0,0,1633.0,,2,,,,,,,,,,
2018,DET,8468509,Niklas,Kronwall,D,79,,,,,,,,,,,3,24,27,,40.0,2,-5.0,1.0,0.0,0.0,0.0,71.0,0.0423,1197.1772,25.9,0.0
2018,DET,8470110,Trevor,Daley,D,44,,,,,,,,,,,2,6,8,,12.0,2,-3.0,0.0,1.0,1.0,0.0,47.0,0.0426,1113.5682,26.3,0.0
2018,DET,8470144,Frans,Nielsen,C,72,,,,,,,,,,,10,25,35,,14.0,2,-7.0,0.0,0.0,4.0,0.0,120.0,0.0833,1000.7639,22.8,0.4875
2018,DET,8470318,Jonathan,Ericsson,D,52,,,,,,,,,,,3,2,5,,35.0,2,-10.0,0.0,0.0,1.0,0.0,48.0,0.0625,1033.1731,23.8,0.0
2018,DET,8470598,Thomas,Vanek,L,64,,,,,,,,,,,16,20,36,,26.0,2,-12.0,4.0,0.0,1.0,0.0,108.0,0.1481,846.6875,18.6,0.28
2018,DET,8471242,Mike,Green,D,43,,,,,,,,,,,5,21,26,,28.0,2,-1.0,0.0,0.0,0.0,0.0,92.0,0.0543,1300.6512,27.6,0.0
2018,DET,8471716,Justin,Abdelkader,L,71,,,,,,,,,,,6,13,19,,38.0,2,-14.0,1.0,1.0,0.0,0.0,95.0,0.0632,924.0282,20.6,0.5049
2018,DET,8471794,Darren,Helm,C,61,,,,,,,,,,,7,10,17,,20.0,2,-11.0,0.0,1.0,0.0,0.0,107.0,0.0654,874.459,20.7,0.4444
2018,DET,8474679,Gustav,Nyquist,R,62,,,,,,,,,,,16,33,49,,8.0,2,0.0,1.0,0.0,2.0,1.0,163.0,0.0982,1087.2097,23.1,0.4444
2018,DET,8474722,Luke,Witkowski,D,34,,,,,,,,,,,0,2,2,,23.0,2,-5.0,0.0,0.0,0.0,0.0,14.0,0.0,575.8529,13.1,0.0
2018,DET,8474873,Brian,Lashoff,D,4,,,,,,,,,,,0,1,1,,2.0,2,-1.0,0.0,0.0,0.0,0.0,2.0,0.0,819.5,20.0,0.0
2018,DET,8475263,Wade,Megan,C,11,,,,,,,,,,,0,1,1,,2.0,2,-4.0,0.0,0.0,0.0,0.0,16.0,0.0,472.6364,11.2,0.549
2018,DET,8475324,Nick,Jensen,D,60,,,,,,,,,,,2,13,15,,17.0,2,1.0,0.0,0.0,0.0,0.0,66.0,0.0303,1248.25,26.8,0.0
2018,DET,8475795,Dylan,McIlrath,D,7,,,,,,,,,,,0,0,0,,4.0,2,2.0,0.0,0.0,0.0,0.0,6.0,0.0,911.2857,19.0,0.0
2018,DET,8476477,Matt,Puempel,L,8,,,,,,,,,,,1,0,1,,2.0,2,-2.0,1.0,0.0,0.0,0.0,10.0,0.1,624.125,14.5,0.0
2018,DET,8476822,Luke,Glendening,C,78,,,,,,,,,,,10,13,23,,15.0,2,2.0,0.0,1.0,1.0,0.0,102.0,0.098,947.3205,23.3,0.5567
2018,DET,8476924,Martin,Frk,R,30,,,,,,,,,,,1,5,6,,4.0,2,-9.0,1.0,0.0,0.0,0.0,28.0,0.0357,551.1333,13.0,0.0
2018,DET,8476960,Andreas,Athanasiou,C,76,,,,,,,,,,,30,24,54,,38.0,2,-9.0,3.0,0.0,4.0,1.0,216.0,0.1389,1018.4737,22.1,0.4286
2018,DET,8477215,Danny,DeKeyser,D,52,,,,,,,,,,,5,15,20,,39.0,2,2.0,0.0,0.0,3.0,1.0,59.0,0.0847,1318.0385,28.4,0.0
2018,DET,8477455,Jacob,de la Rose,L,60,,,,,,,,,,,3,6,9,,16.0,2,-13.0,0.0,0.0,0.0,0.0,55.0,0.0545,686.2833,16.0,0.4237
2018,DET,8477474,Madison,Bowey,D,17,,,,,,,,,,,1,3,4,,8.0,2,-4.0,0.0,0.0,0.0,0.0,14.0,0.0714,1091.5294,23.1,0.0
2018,DET,8477479,Tyler,Bertuzzi,L,73,,,,,,,,,,,21,26,47,,36.0,2,11.0,3.0,0.0,4.0,1.0,131.0,0.1603,990.9726,21.2,0.3333
2018,DET,8477511,Anthony,Mantha,R,67,,,,,,,,,,,25,23,48,,30.0,2,-8.0,7.0,0.0,1.0,1.0,198.0,0.1263,1069.6269,21.4,0.44
2018,DET,8477865,Jake,Chelios,D,5,,,,,,,,,,,0,0,0,,2.0,2,0.0,0.0,0.0,0.0,0.0,5.0,0.0,1032.4,20.4,0.0
2018,DET,8477946,Dylan,Larkin,C,76,,,,,,,,,,,32,41,73,,75.0,2,-6.0,7.0,2.0,4.0,4.0,287.0,0.1115,1310.5263,26.0,0.5451
2018,DET,8477994,Dominic,Turgeon,C,4,,,,,,,,,,,0,0,0,,0.0,2,-3.0,0.0,0.0,0.0,0.0,2.0,0.0,755.25,19.0,0.381
2018,DET,8478036,Christoffer,Ehn,C,60,,,,,,,,,,,3,6,9,,6.0,2,-5.0,0.0,1.0,1.0,0.0,49.0,0.0612,636.85,14.6,0.4746
2018,DET,8478176,Joe,Hicketts,D,11,,,,,,,,,,,0,0,0,,0.0,2,-9.0,0.0,0.0,0.0,0.0,16.0,0.0,1115.3636,22.6,0.0
2018,DET,8479395,Dennis,Cholowski,D,52,,,,,,,,,,,7,9,16,,16.0,2,-20.0,4.0,0.0,1.0,0.0,71.0,0.0986,1095.1923,23.4,1.0
2018,DET,8479425,Filip,Hronek,D,46,,,,,,,,,,,5,18,23,,30.0,2,-10.0,1.0,0.0,0.0,0.0,73.0,0.0685,1197.6522,26.1,0.0
2018,DET,8479992,Michael,Rasmussen,C,62,,,,,,,,,,,8,10,18,,29.0,2,-8.0,4.0,0.0,0.0,0.0,74.0,0.1081,724.5645,16.4,0.3594
2018,DET,8480161,Libor,Sulak,D,6,,,,,,,,,,,0,0,0,,6.0,2,-4.0,0.0,0.0,0.0,0.0,7.0,0.0,1162.8333,27.2,0.0
2018,DET,8480821,Filip,Zadina,R,9,,,,,,,,,,,1,2,3,,0.0,2,-5.0,1.0,0.0,0.0,0.0,18.0,0.0556,923.1111,20.2,0.5
2018,DET,8481426,Ryan,Kuffner,L,10,,,,,,,,,,,0,0,0,,0.0,2,-4.0,0.0,0.0,0.0,0.0,8.0,0.0,656.1,15.0,0.0
2018,DET,8481433,Taro,Hirose,L,10,,,,,,,,,,,1,6,7,,2.0,2,0.0,0.0,0.0,1.0,0.0,15.0,0.0667,918.3,19.4,1.0
2018,EDM,8475156,Mikko,Koskinen,G,55,51.0,25.0,21.0,6.0,2.927952,0.905867,1551.0,1405.0,146.0,4.0,0,2,2,179511.0,2.0,2,,,,,,,,,,
2018,EDM,8475660,Cam,Talbot,G,31,29.0,10.0,15.0,3.0,3.363689,0.893018,888.0,793.0,95.0,1.0,0,1,1,101674.0,,2,,,,,,,,,,
2018,EDM,8476932,Anthony,Stolarz,G,6,2.0,0.0,2.0,0.0,3.770683,0.896552,145.0,130.0,15.0,0.0,0,0,0,14321.0,,2,,,,,,,,,,
2018,EDM,8470803,Kyle,Brodziak,C,70,,,,,,,,,,,6,3,9,,33.0,2,-14.0,0.0,1.0,2.0,0.0,74.0,0.0811,701.5143,17.0,0.5202
2018,EDM,8471284,Andrej,Sekera,D,24,,,,,,,,,,,0,4,4,,6.0,2,3.0,0.0,0.0,0.0,0.0,28.0,0.0,989.3333,22.8,0.0
2018,EDM,8471729,Kris,Russell,D,72,,,,,,,,,,,3,13,16,,27.0,2,5.0,0.0,0.0,0.0,0.0,63.0,0.0476,1225.6389,25.8,0.0
2018,EDM,8473473,Milan,Lucic,L,79,,,,,,,,,,,6,14,20,,91.0,2,-9.0,2.0,0.0,0.0,0.0,74.0,0.0811,794.1519,18.0,0.5556
2018,EDM,8474040,Sam,Gagner,C,25,,,,,,,,,,,5,5,10,,10.0,2,-3.0,0.0,0.0,1.0,0.0,51.0,0.098,815.52,17.9,0.5165
2018,EDM,8474089,Brad,Malone,C,16,,,,,,,,,,,0,0,0,,4.0,2,0.0,0.0,0.0,0.0,0.0,13.0,0.0,537.0625,13.6,0.4444
2018,EDM,8474520,Jason,Garrison,D,17,,,,,,,,,,,1,0,1,,8.0,2,1.0,1.0,0.0,0.0,0.0,16.0,0.0625,761.7647,17.9,0.0
2018,EDM,8475163,Alex,Chiasson,R,73,,,,,,,,,,,22,16,38,,32.0,2,-1.0,8.0,1.0,1.0,0.0,123.0,0.1789,1018.2192,21.5,0.3182
2018,EDM,8475178,Zack,Kassian,R,79,,,,,,,,,,,15,11,26,,102.0,2,-6.0,0.0,1.0,3.0,0.0,111.0,0.1351,888.1139,19.8,0.0
2018,EDM,8475227,Chris,Wideman,D,5,,,,,,,,,,,0,2,2,,4.0,2,-2.0,0.0,0.0,0.0,0.0,6.0,0.0,686.2,17.2,0.0
2018,EDM,8475430,Brandon,Manning,D,12,,,,,,,,,,,1,0,1,,4.0,2,-1.0,0.0,0.0,0.0,0.0,10.0,0.1,805.0,19.9,0.0
2018,EDM,8475727,Ryan,Spooner,C,25,,,,,,,,,,,2,1,3,,2.0,2,-6.0,0.0,0.0,1.0,0.0,25.0,0.08,580.0,14.0,0.4667
2018,EDM,8475755,Alexander,Petrovic,D,9,,,,,,,,,,,0,1,1,,2.0,2,-7.0,0.0,0.0,0.0,0.0,7.0,0.0,841.7778,18.0,0.0
2018,EDM,8475857,Kevin,Gravel,D,36,,,,,,,,,,,0,3,3,,4.0,2,-2.0,0.0,0.0,0.0,0.0,44.0,0.0,882.5556,20.9,0.0
2018,EDM,8476356,Tobias,Rieder,L,67,,,,,,,,,,,0,11,11,,8.0,2,-8.0,0.0,0.0,0.0,0.0,92.0,0.0,758.6418,18.2,0.2
2018,EDM,8476427,Ty,Rattie,R,50,,,,,,,,,,,4,7,11,,4.0,2,-2.0,0.0,0.0,1.0,0.0,84.0,0.0476,680.74,15.2,0.3333
2018,EDM,8476454,Ryan,Nugent-Hopkins,C,82,,,,,,,,,,,28,41,69,,26.0,2,-13.0,8.0,1.0,3.0,0.0,208.0,0.1346,1206.1341,24.4,0.4512
2018,EDM,8476457,Adam,Larsson,D,82,,,,,,,,,,,3,17,20,,44.0,2,-28.0,0.0,0.0,0.0,0.0,117.0,0.0256,1297.3902,27.4,0.0
2018,EDM,8476458,Ryan,Strome,C,18,,,,,,,,,,,1,1,2,,14.0,2,-1.0,0.0,0.0,0.0,0.0,30.0,0.0333,864.7778,20.3,0.4877
2018,EDM,8476472,Oscar,Klefbom,D,61,,,,,,,,,,,5,23,28,,16.0,2,-11.0,1.0,0.0,2.0,1.0,167.0,0.0299,1438.7213,27.8,0.0
2018,EDM,8476915,Jujhar,Khaira,L,60,,,,,,,,,,,3,15,18,,43.0,2,-12.0,0.0,1.0,0.0,0.0,64.0,0.0469,754.0167,17.9,0.4365
2018,EDM,8476988,Matt,Benning,D,70,,,,,,,,,,,5,12,17,,33.0,2,11.0,0.0,0.0,0.0,0.0,94.0,0.0532,896.7143,21.4,0.0
2018,EDM,8477458,Valentin,Zykov,L,5,,,,,,,,,,,0,0,0,,2.0,2,-1.0,0.0,0.0,0.0,0.0,0.0,0.0,428.0,10.2,0.0
2018,EDM,8477498,Darnell,Nurse,D,82,,,,,,,,,,,10,31,41,,87.0,2,-5.0,1.0,0.0,1.0,1.0,196.0,0.051,1429.2195,28.1,0.0
2018,EDM,8477529,Colby,Cave,C,33,,,,,,,,,,,2,1,3,,8.0,2,-4.0,0.0,0.0,1.0,0.0,40.0,0.05,706.9394,16.6,0.5252
2018,EDM,8477680,Josh,Currie,R,21,,,,,,,,,,,2,3,5,,2.0,2,2.0,0.0,0.0,0.0,0.0,19.0,0.1053,522.5238,12.3,0.4
2018,EDM,8477934,Leon,Draisaitl,C,82,,,,,,,,,,,50,55,105,,52.0,2,2.0,16.0,3.0,5.0,3.0,231.0,0.2165,1355.4512,25.9,0.5052
2018,EDM,8478402,Connor,McDavid,C,78,,,,,,,,,,,41,75,116,,20.0,2,3.0,9.0,1.0,9.0,3.0,240.0,0.1708,1370.2308,25.6,0.4662
2018,EDM,8478442,Cooper,Marody,C,6,,,,,,,,,,,0,0,0,,0.0,2,-1.0,0.0,0.0,0.0,0.0,6.0,0.0,414.6667,9.8,0.3462
2018,EDM,8478452,Caleb,Jones,D,17,,,,,,,,,,,1,5,6,,6.0,2,-9.0,0.0,0.0,0.0,0.0,21.0,0.0476,1187.8235,25.5,0.0
2018,EDM,8479344,Jesse,Puljujarvi,R,46,,,,,,,,,,,4,5,9,,16.0,2,-14.0,0.0,0.0,0.0,0.0,53.0,0.0755,717.1957,16.7,0.5
2018,EDM,8479465,Drake,Caggiula,L,29,,,,,,,,,,,7,4,11,,16.0,2,-8.0,0.0,1.0,2.0,0.0,49.0,0.1429,842.9655,18.3,0.2667
2018,EDM,8479466,Patrick,Russell,R,6,,,,,,,,,,,0,0,0,,2.0,2,0.0,0.0,0.0,0.0,0.0,6.0,0.0,527.3333,12.7,0.0
2018,EDM,8479970,Joseph,Gambardella,C,15,,,,,,,,,,,0,3,3,,2.0,2,2.0,0.0,0.0,0.0,0.0,7.0,0.0,486.2,11.3,0.75
2018,EDM,8479977,Kailer,Yamamoto,R,17,,,,,,,,,,,1,1,2,,2.0,2,-6.0,0.0,0.0,0.0,0.0,13.0,0.0769,783.6471,17.5,0.0
2018,EDM,8480803,Evan,Bouchard,D,7,,,,,,,,,,,1,0,1,,2.0,2,-5.0,1.0,0.0,0.0,0.0,10.0,0.1,741.2857,16.0,0.0
2018,FLA,8466141,Roberto,Luongo,G,43,40.0,18.0,16.0,5.0,3.11936,0.898755,1205.0,1083.0,122.0,1.0,0,1,1,140798.0,,2,,,,,,,,,,
2018,FLA,8473503,James,Reimer,G,36,29.0,13.0,12.0,5.0,3.091097,0.899892,929.0,836.0,93.0,0.0,0,0,0,108311.0,,2,,,,,,,,,,
2018,FLA,8474636,Michael,Hutchinson,G,4,3.0,1.0,1.0,2.0,4.174258,0.83908,87.0,73.0,14.0,0.0,0,0,0,12074.0,,2,,,,,,,,,,
2018,FLA,8478470,Samuel,Montembeault,G,11,10.0,4.0,3.0,2.0,3.043624,0.893617,282.0,252.0,30.0,0.0,0,1,1,35484.0,,2,,,,,,,,,,
2018,FLA,8468001,Derek,MacKenzie,C,1,,,,,,,,,,,0,0,0,,0.0,2,0.0,0.0,0.0,0.0,0.0,0.0,0.0,163.0,4.0,0.6667
2018,FLA,8471426,Troy,Brouwer,R,75,,,,,,,,,,,12,9,21,,47.0,2,-6.0,0.0,1.0,1.0,0.0,86.0,0.1395,761.3333,18.5,0.3725
2018,FLA,8471735,Keith,Yandle,D,82,,,,,,,,,,,9,53,62,,50.0,2,-17.0,7.0,0.0,2.0,0.0,199.0,0.0452,1346.6098,28.1,0.0
2018,FLA,8473465,Jamie,McGinn,L,19,,,,,,,,,,,4,3,7,,6.0,2,-5.0,1.0,0.0,1.0,0.0,23.0,0.1739,640.6316,15.4,1.0
2018,FLA,8473544,Derick,Brassard,C,10,,,,,,,,,,,1,3,4,,2.0,2,-6.0,0.0,0.0,0.0,0.0,16.0,0.0625,916.5,20.6,0.4516
2018,FLA,8474098,Colton,Sceviour,C,59,,,,,,,,,,,5,10,15,,15.0,2,-2.0,0.0,0.0,0.0,0.0,116.0,0.0431,737.7119,17.9,0.3545
2018,FLA,8474149,Evgenii,Dadonov,L,82,,,,,,,,,,,28,42,70,,8.0,2,-6.0,8.0,0.0,4.0,0.0,195.0,0.1436,1102.2683,22.4,0.4
2018,FLA,8474230,Micheal,Haley,L,24,,,,,,,,,,,1,2,3,,30.0,2,-2.0,0.0,0.0,0.0,0.0,20.0,0.05,450.6667,11.9,0.5
2018,FLA,8474884,Mike,Hoffman,C,82,,,,,,,,,,,36,34,70,,30.0,2,-24.0,17.0,0.0,6.0,3.0,253.0,0.1423,1070.2683,21.2,0.3421
2018,FLA,8475227,Chris,Wideman,D,1,,,,,,,,,,,0,0,0,,2.0,2,-1.0,0.0,0.0,0.0,0.0,2.0,0.0,713.0,20.0,0.0
2018,FLA,8475755,Alexander,Petrovic,D,26,,,,,,,,,,,0,1,1,,24.0,2,-8.0,0.0,0.0,0.0,0.0,40.0,0.0,1043.4231,24.0,0.0
2018,FLA,8475760,Nick,Bjugstad,C,32,,,,,,,,,,,5,7,12,,16.0,2,2.0,1.0,0.0,1.0,0.0,60.0,0.0833,869.7813,20.3,0.5099
2018,FLA,8475772,Riley,Sheahan,C,33,,,,,,,,,,,2,8,10,,4.0,2,-2.0,0.0,0.0,0.0,0.0,50.0,0.04,879.4242,20.8,0.5493
2018,FLA,8475796,Mark,Pysyk,D,70,,,,,,,,,,,1,10,11,,26.0,2,-1.0,0.0,0.0,0.0,0.0,64.0,0.0156,1096.1429,25.7,0.0
2018,FLA,8476389,Vincent,Trocheck,C,55,,,,,,,,,,,10,24,34,,54.0,2,-9.0,3.0,1.0,1.0,0.0,158.0,0.0633,1179.5636,24.8,0.5182
2018,FLA,8476456,Jonathan,Huberdeau,L,82,,,,,,,,,,,30,62,92,,40.0,2,-14.0,11.0,0.0,5.0,0.0,226.0,0.1327,1131.2073,22.5,0.6316
2018,FLA,8476875,Mike,Matheson,D,75,,,,,,,,,,,8,19,27,,44.0,2,-24.0,0.0,0.0,2.0,1.0,129.0,0.062,1339.08,28.3,0.0
2018,FLA,8477346,MacKenzie,Weegar,D,64,,,,,,,,,,,4,11,15,,64.0,2,-3.0,0.0,0.0,2.0,0.0,79.0,0.0506,1017.9844,23.0,1.0
2018,FLA,8477384,Joshua,Brown,D,37,,,,,,,,,,,1,1,2,,28.0,2,-3.0,0.0,0.0,0.0,0.0,28.0,0.0357,798.027,19.5,0.0
2018,FLA,8477452,Ian,McCoshen,D,19,,,,,,,,,,,1,1,2,,8.0,2,-2.0,0.0,0.0,0.0,0.0,15.0,0.0667,799.1579,18.4,0.0
2018,FLA,8477493,Aleksander,Barkov,C,82,,,,,,,,,,,35,61,96,,8.0,2,-3.0,13.0,0.0,5.0,2.0,206.0,0.1699,1341.2317,27.0,0.5369
2018,FLA,8477932,Aaron,Ekblad,D,82,,,,,,,,,,,13,24,37,,47.0,2,1.0,5.0,0.0,1.0,1.0,180.0,0.0722,1418.6463,30.1,0.0
2018,FLA,8477955,Jared,McCann,L,46,,,,,,,,,,,8,10,18,,18.0,2,-9.0,1.0,1.0,1.0,0.0,78.0,0.1026,844.2391,21.6,0.4561
2018,FLA,8477963,Jayce,Hawryluk,R,42,,,,,,,,,,,7,5,12,,16.0,2,-8.0,0.0,0.0,0.0,0.0,35.0,0.2,565.8571,14.0,0.7368
2018,FLA,8477996,Juho,Lammikko,C,40,,,,,,,,,,,0,6,6,,6.0,2,-7.0,0.0,0.0,0.0,0.0,39.0,0.0,655.9,16.6,0.4277
2018,FLA,8478211,Dryden,Hunt,L,31,,,,,,,,,,,3,7,10,,8.0,2,0.0,0.0,0.0,0.0,0.0,53.0,0.0566,663.7419,15.1,0.0
2018,FLA,8478366,Frank,Vatrano,R,81,,,,,,,,,,,24,15,39,,38.0,2,-10.0,2.0,0.0,1.0,0.0,208.0,0.1154,879.7407,20.0,0.3947
2018,FLA,8478843,Denis,Malgin,C,50,,,,,,,,,,,7,9,16,,14.0,2,-10.0,0.0,0.0,0.0,0.0,66.0,0.1061,773.36,18.9,0.3913
2018,FLA,8479388,Riley,Stillman,D,1,,,,,,,,,,,0,0,0,,2.0,2,0.0,0.0,0.0,0.0,0.0,1.0,0.0,682.0,19.0,0.0
2018,FLA,8479404,Henrik,Borgstrom,C,50,,,,,,,,,,,8,10,18,,4.0,2,-14.0,3.0,0.0,0.0,0.0,54.0,0.1481,720.18,17.0,0.4074
2018,FLA,8479439,Jacob,MacDonald,D,2,,,,,,,,,,,1,0,1,,0.0,2,1.0,0.0,0.0,0.0,0.0,1.0,1.0,723.0,16.5,0.0
2018,FLA,8479447,Anthony,Greco,R,1,,,,,,,,,,,0,0,0,,0.0,2,-3.0,0.0,0.0,0.0,0.0,2.0,0.0,570.0,16.0,0.0
2018,FLA,8479553,Maxim,Mamin,C,7,,,,,,,,,,,0,0,0,,5.0,2,-2.0,0.0,0.0,0.0,0.0,8.0,0.0,440.8571,11.3,0.0
2018,FLA,8480955,Bogdan,Kiselevich,D,32,,,,,,,,,,,0,8,8,,12.0,2,-3.0,0.0,0.0,0.0,0.0,14.0,0.0,891.25,19.6,0.0
2018,FLA,8481442,Brady,Keeper,D,1,,,,,,,,,,,0,0,0,,0.0,2,1.0,0.0,0.0,0.0,0.0,1.0,0.0,760.0,18.0,0.0
2018,LAK,8469514,Peter,Budaj,G,3,1.0,0.0,1.0,0.0,5.017421,0.818182,33.0,27.0,6.0,0.0,0,0,0,4305.0,,2,,,,,,,,,,
2018,LAK,8471734,Jonathan,Quick,G,46,46.0,16.0,23.0,7.0,3.376685,0.887886,1329.0,1180.0,149.0,2.0,0,2,2,158854.0,6.0,2,,,,,,,,,,
2018,LAK,8475789,Jack,Campbell,G,31,25.0,10.0,14.0,1.0,2.297887,0.927811,845.0,784.0,61.0,2.0,0,1,1,95566.0,,2,,,,,,,,,,
2018,LAK,8477361,Cal,Petersen,G,11,10.0,5.0,4.0,1.0,2.605756,0.923944,355.0,328.0,27.0,1.0,0,0,0,37302.0,,2,,,,,,,,,,
2018,LAK,8469454,Ilya,Kovalchuk,L,64,,,,,,,,,,,16,18,34,,10.0,2,-26.0,4.0,0.0,1.0,1.0,141.0,0.1135,973.9531,19.7,0.4444
2018,LAK,8470602,Dion,Phaneuf,D,67,,,,,,,,,,,1,5,6,,53.0,2,-21.0,0.0,0.0,0.0,0.0,80.0,0.0125,899.9403,21.2,0.0
2018,LAK,8470604,Jeff,Carter,C,76,,,,,,,,,,,13,20,33,,42.0,2,-20.0,5.0,1.0,1.0,0.0,174.0,0.0747,1089.4737,24.0,0.5127
2018,LAK,8470606,Dustin,Brown,R,72,,,,,,,,,,,22,29,51,,24.0,2,-17.0,9.0,1.0,3.0,2.0,180.0,0.1222,1224.3611,25.3,0.0588
2018,LAK,8470775,Nate,Thompson,C,53,,,,,,,,,,,4,2,6,,17.0,2,3.0,0.0,0.0,0.0,0.0,35.0,0.1143,775.2642,19.5,0.5313
2018,LAK,8471685,Anze,Kopitar,C,81,,,,,,,,,,,22,38,60,,30.0,2,-20.0,1.0,2.0,3.0,0.0,156.0,0.141,1338.3951,26.5,0.5509
2018,LAK,8473453,Trevor,Lewis,C,44,,,,,,,,,,,3,9,12,,9.0,2,-9.0,0.0,0.0,1.0,0.0,87.0,0.0345,841.3636,19.6,0.4597
2018,LAK,8474162,Jake,Muzzin,D,50,,,,,,,,,,,4,17,21,,33.0,2,10.0,0.0,0.0,0.0,0.0,78.0,0.0513,1291.68,27.6,0.0
2018,LAK,8474166,Alec,Martinez,D,60,,,,,,,,,,,4,14,18,,8.0,2,-2.0,0.0,0.0,2.0,0.0,78.0,0.0513,1281.7833,26.3,0.0
2018,LAK,8474176,Carl,Hagelin,L,22,,,,,,,,,,,1,4,5,,8.0,2,-2.0,0.0,0.0,1.0,0.0,36.0,0.0278,841.8182,19.9,0.1538
2018,LAK,8474563,Drew,Doughty,D,82,,,,,,,,,,,8,37,45,,44.0,2,-34.0,7.0,0.0,1.0,1.0,154.0,0.0519,1595.7073,29.2,0.0
2018,LAK,8475160,Kyle,Clifford,L,72,,,,,,,,,,,11,10,21,,96.0,2,4.0,1.0,0.0,2.0,0.0,115.0,0.0957,629.2222,15.1,0.375
2018,LAK,8475726,Tyler,Toffoli,C,82,,,,,,,,,,,13,21,34,,23.0,2,-16.0,3.0,0.0,3.0,2.0,226.0,0.0575,1032.7439,23.2,0.4706
2018,LAK,8475762,Derek,Forbort,D,81,,,,,,,,,,,2,12,14,,52.0,2,-13.0,0.0,0.0,1.0,0.0,75.0,0.0267,1244.5185,25.6,0.0
2018,LAK,8476871,Tanner,Pearson,L,17,,,,,,,,,,,0,1,1,,8.0,2,-9.0,0.0,0.0,0.0,0.0,24.0,0.0,810.3529,20.1,0.2
2018,LAK,8476894,Brendan,Leipsic,L,45,,,,,,,,,,,5,13,18,,22.0,2,-4.0,1.0,0.0,0.0,0.0,56.0,0.0893,848.7111,18.4,0.5
2018,LAK,8476983,Paul,LaDue,D,33,,,,,,,,,,,2,3,5,,12.0,2,0.0,0.0,0.0,1.0,0.0,33.0,0.0606,793.2727,17.5,0.0
2018,LAK,8477073,Kurtis,MacDermid,L,11,,,,,,,,,,,0,1,1,,11.0,2,-1.0,0.0,0.0,0.0,0.0,5.0,0.0,560.8182,13.3,0.0
2018,LAK,8477380,Jonny,Brodzinski,C,13,,,,,,,,,,,2,1,3,,2.0,2,0.0,0.0,0.0,0.0,0.0,17.0,0.1176,595.3846,13.5,0.5
2018,LAK,8477957,Nikita,Scherbak,R,8,,,,,,,,,,,1,0,1,,2.0,2,-4.0,0.0,0.0,0.0,0.0,12.0,0.0833,610.625,14.3,0.0
2018,LAK,8477960,Adrian,Kempe,R,81,,,,,,,,,,,12,16,28,,50.0,2,-10.0,0.0,0.0,2.0,0.0,118.0,0.1017,870.0123,20.9,0.4263
2018,LAK,8478020,Michael,Amadio,R,43,,,,,,,,,,,6,7,13,,6.0,2,-1.0,0.0,0.0,0.0,0.0,37.0,0.1622,612.3721,14.1,0.4305
2018,LAK,8478455,Austin,Wagner,L,62,,,,,,,,,,,12,9,21,,16.0,2,2.0,0.0,0.0,0.0,0.0,67.0,0.1791,535.7419,13.3,0.3333
2018,LAK,8478911,Matt,Roy,D,25,,,,,,,,,,,2,4,6,,8.0,2,-1.0,0.0,0.0,1.0,0.0,34.0,0.0588,1027.84,21.8,0.0
2018,LAK,8479336,Carl,Grundstrom,R,15,,,,,,,,,,,5,1,6,,6.0,2,-4.0,0.0,0.0,1.0,0.0,26.0,0.1923,898.1333,19.0,0.0
2018,LAK,8479644,Matt,Luff,R,33,,,,,,,,,,,8,3,11,,9.0,2,-2.0,1.0,0.0,2.0,0.0,45.0,0.1778,666.9697,16.2,0.25
2018,LAK,8479994,Jaret,Anderson-Dolan,C,5,,,,,,,,,,,0,1,1,,0.0,2,-2.0,0.0,0.0,0.0,0.0,6.0,0.0,696.2,15.0,0.4444
2018,LAK,8480113,Alex,Iafallo,L,82,,,,,,,,,,,15,18,33,,22.0,2,-17.0,2.0,0.0,2.0,0.0,148.0,0.1014,1009.7805,22.2,0.2917
2018,LAK,8480147,Oscar,Fantenberg,D,46,,,,,,,,,,,2,1,3,,10.0,2,-2.0,0.0,0.0,0.0,0.0,54.0,0.037,963.3696,21.8,0.0
2018,LAK,8480336,Sean,Walker,D,39,,,,,,,,,,,3,7,10,,8.0,2,-8.0,1.0,0.0,0.0,0.0,55.0,0.0545,925.8974,20.1,0.0
2018,LAK,8480771,Daniel,Brickley,D,4,,,,,,,,,,,0,1,1,,0.0,2,-2.0,0.0,0.0,0.0,0.0,2.0,0.0,768.5,18.5,0.0
2018,LAK,8480776,Sheldon,Rempal,R,7,,,,,,,,,,,0,0,0,,0.0,2,-1.0,0.0,0.0,0.0,0.0,3.0,0.0,524.2857,12.1,0.0
2018,LAK,8481481,Blake,Lizotte,C,1,,,,,,,,,,,0,0,0,,0.0,2,-1.0,0.0,0.0,0.0,0.0,1.0,0.0,672.0,14.0,0.5
2018,MIN,8471227,Devan,Dubnyk,G,67,66.0,31.0,28.0,6.0,2.536787,0.913159,1877.0,1714.0,163.0,2.0,0,2,2,231316.0,2.0,2,,,,,,,,,,
2018,MIN,8471774,Alex,Stalock,G,21,16.0,6.0,8.0,3.0,2.985635,0.899048,525.0,472.0,53.0,0.0,0,2,2,63906.0,4.0,2,,,,,,,,,,
2018,MIN,8468611,Matt,Hendricks,C,22,,,,,,,,,,,0,2,2,,19.0,2,-2.0,0.0,0.0,0.0,0.0,20.0,0.0,538.9545,12.6,0.5395
2018,MIN,8469459,Mikko,Koivu,C,48,,,,,,,,,,,8,21,29,,22.0,2,-2.0,2.0,0.0,0.0,0.0,89.0,0.0899,1097.8333,22.6,0.5459
2018,MIN,8470595,Eric,Staal,C,81,,,,,,,,,,,22,30,52,,34.0,2,-7.0,7.0,0.0,6.0,0.0,215.0,0.1023,1087.5185,20.9,0.5107
2018,MIN,8470600,Ryan,Suter,D,82,,,,,,,,,,,7,40,47,,41.0,2,-8.0,3.0,1.0,2.0,0.0,136.0,0.0515,1601.5244,27.1,1.0
2018,MIN,8470610,Zach,Parise,L,74,,,,,,,,,,,28,33,61,,26.0,2,-2.0,10.0,0.0,5.0,0.0,229.0,0.1223,1120.0946,22.5,0.2647
2018,MIN,8470611,Eric,Fehr,C,72,,,,,,,,,,,7,8,15,,30.0,2,-8.0,0.0,0.0,0.0,0.0,67.0,0.1045,662.5694,16.2,0.5134
2018,MIN,8474688,Greg,Pateryn,D,80,,,,,,,,,,,1,6,7,,41.0,2,-11.0,0.0,0.0,0.0,0.0,100.0,0.01,1027.2375,20.9,0.0
2018,MIN,8474716,Jared,Spurgeon,D,82,,,,,,,,,,,14,29,43,,20.0,2,-1.0,4.0,0.0,0.0,0.0,152.0,0.0921,1448.6829,26.5,1.0
2018,MIN,8474749,Matt,Bartkowski,D,2,,,,,,,,,,,1,0,1,,0.0,2,2.0,0.0,0.0,0.0,0.0,2.0,0.5,642.0,16.5,0.0
2018,MIN,8475220,Marcus,Foligno,L,82,,,,,,,,,,,7,12,19,,55.0,2,-1.0,0.0,0.0,0.0,0.0,91.0,0.0769,718.2073,16.3,0.4643
2018,MIN,8475613,Nate,Prosser,D,15,,,,,,,,,,,0,0,0,,2.0,2,1.0,0.0,0.0,0.0,0.0,10.0,0.0,613.3333,13.9,0.0
2018,MIN,8475722,Jason,Zucker,L,81,,,,,,,,,,,21,21,42,,28.0,2,-9.0,7.0,0.0,5.0,1.0,214.0,0.0981,1024.7778,20.2,0.1538
2018,MIN,8475745,Charlie,Coyle,C,60,,,,,,,,,,,10,18,28,,16.0,2,1.0,1.0,1.0,2.0,0.0,113.0,0.0885,1023.4,21.4,0.4603
2018,MIN,8475798,Mikael,Granlund,C,63,,,,,,,,,,,15,34,49,,20.0,2,-2.0,2.0,2.0,5.0,1.0,160.0,0.0938,1122.619,22.1,0.4498
2018,MIN,8475799,Nino,Niederreiter,R,46,,,,,,,,,,,9,14,23,,10.0,2,-11.0,3.0,0.0,2.0,0.0,81.0,0.1111,876.5652,18.0,0.6279
2018,MIN,8475868,Anthony,Bitetto,D,18,,,,,,,,,,,0,0,0,,4.0,2,-8.0,0.0,0.0,0.0,0.0,15.0,0.0,791.0,15.9,0.0
2018,MIN,8476177,Matt,Read,R,12,,,,,,,,,,,1,0,1,,2.0,2,-2.0,0.0,0.0,0.0,0.0,13.0,0.0769,705.25,15.9,0.3333
2018,MIN,8476372,Nick,Seeler,D,71,,,,,,,,,,,2,5,7,,64.0,2,-4.0,0.0,0.0,1.0,0.0,67.0,0.0299,739.9718,16.5,0.0
2018,MIN,8476415,Kyle,Rau,C,6,,,,,,,,,,,0,1,1,,0.0,2,0.0,0.0,0.0,0.0,0.0,6.0,0.0,420.8333,10.3,0.75
2018,MIN,8476437,Victor,Rask,C,23,,,,,,,,,,,2,1,3,,4.0,2,-1.0,0.0,0.0,0.0,0.0,30.0,0.0667,731.2609,16.4,0.5054
2018,MIN,8476463,Jonas,Brodin,D,82,,,,,,,,,,,4,14,18,,30.0,2,-15.0,0.0,1.0,2.0,0.0,111.0,0.036,1232.5976,24.4,0.0
2018,MIN,8476465,Ryan,Murphy,D,2,,,,,,,,,,,0,0,0,,0.0,2,1.0,0.0,0.0,0.0,0.0,1.0,0.0,576.5,13.5,0.0
2018,MIN,8476779,Brad,Hunt,D,29,,,,,,,,,,,3,2,5,,6.0,2,-5.0,3.0,0.0,0.0,0.0,47.0,0.0638,886.0,18.2,0.0
2018,MIN,8476806,JT,Brown,R,56,,,,,,,,,,,3,5,8,,29.0,2,0.0,0.0,0.0,0.0,0.0,56.0,0.0536,550.1786,12.4,0.2778
2018,MIN,8476856,Mathew,Dumba,D,32,,,,,,,,,,,12,10,22,,21.0,2,-5.0,6.0,0.0,1.0,0.0,93.0,0.129,1402.5625,25.0,0.0
2018,MIN,8476857,Pontus,Aberg,L,22,,,,,,,,,,,1,5,6,,6.0,2,-4.0,0.0,0.0,0.0,0.0,27.0,0.037,772.0909,16.2,0.0
2018,MIN,8477942,Kevin,Fiala,L,19,,,,,,,,,,,3,4,7,,10.0,2,-12.0,1.0,0.0,1.0,0.0,43.0,0.0698,1058.0526,20.2,0.0
2018,MIN,8477987,Ryan,Donato,C,22,,,,,,,,,,,4,12,16,,4.0,2,-4.0,0.0,0.0,1.0,1.0,64.0,0.0625,932.5455,19.0,0.3636
2018,MIN,8478011,Louie,Belpedio,D,2,,,,,,,,,,,0,0,0,,0.0,2,0.0,0.0,0.0,0.0,0.0,0.0,0.0,788.0,15.5,0.0
2018,MIN,8478413,Jordan,Greenway,L,81,,,,,,,,,,,12,12,24,,29.0,2,-12.0,0.0,0.0,0.0,0.0,109.0,0.1101,817.716,17.9,0.3827
2018,MIN,8478493,Joel,Eriksson Ek,C,58,,,,,,,,,,,7,7,14,,20.0,2,-7.0,0.0,0.0,2.0,0.0,111.0,0.0631,810.4655,18.6,0.4574
2018,MIN,8479316,Luke,Kunin,C,49,,,,,,,,,,,6,11,17,,27.0,2,-9.0,0.0,0.0,1.0,0.0,88.0,0.0682,953.1224,20.7,0.44
2018,MIN,8481477,Nico,Sturm,C,2,,,,,,,,,,,0,0,0,,0.0,2,0.0,0.0,0.0,0.0,0.0,7.0,0.0,767.0,18.5,0.2941
2018,MTL,8471679,Carey,Price,G,66,64.0,35.0,24.0,6.0,2.48953,0.91752,1952.0,1791.0,161.0,4.0,0,1,1,232815.0,2.0,2,,,,,,,,,,
2018,MTL,8474550,Antti,Niemi,G,17,17.0,8.0,6.0,2.0,3.777869,0.886827,539.0,478.0,61.0,0.0,0,1,1,58128.0,,2,,,,,,,,,,
2018,MTL,8479292,Charlie,Lindgren,G,1,1.0,1.0,0.0,0.0,4.615384,0.897959,49.0,44.0,5.0,0.0,0,0,0,3900.0,,2,,,,,,,,,,
2018,MTL,8469521,Tomas,Plekanec,C,3,,,,,,,,,,,1,0,1,,0.0,2,0.0,0.0,0.0,0.0,0.0,8.0,0.125,652.6667,19.3,0.5
2018,MTL,8470642,Shea,Weber,D,58,,,,,,,,,,,14,19,33,,28.0,2,15.0,5.0,0.0,3.0,0.0,166.0,0.0843,1409.0172,27.1,0.0
2018,MTL,8470775,Nate,Thompson,C,25,,,,,,,,,,,1,6,7,,0.0,2,-4.0,0.0,0.0,0.0,0.0,36.0,0.0278,790.68,20.3,0.5509
2018,MTL,8473507,Jeff,Petry,D,82,,,,,,,,,,,13,33,46,,28.0,2,-5.0,3.0,0.0,4.0,2.0,172.0,0.0756,1387.1585,26.6,0.0
2018,MTL,8473673,David,Schlemko,D,18,,,,,,,,,,,0,2,2,,4.0,2,-1.0,0.0,0.0,0.0,0.0,29.0,0.0,1190.6667,26.1,0.0
2018,MTL,8473991,Karl,Alzner,D,9,,,,,,,,,,,0,1,1,,2.0,2,1.0,0.0,0.0,0.0,0.0,8.0,0.0,1038.0,23.9,0.0
2018,MTL,8474038,Paul,Byron,L,56,,,,,,,,,,,15,16,31,,17.0,2,16.0,0.0,2.0,3.0,1.0,94.0,0.1596,874.0,20.7,0.3429
2018,MTL,8474668,Dale,Weise,R,9,,,,,,,,,,,0,0,0,,4.0,2,-2.0,0.0,0.0,0.0,0.0,5.0,0.0,604.7778,15.7,0.6667
2018,MTL,8474818,Jordie,Benn,D,81,,,,,,,,,,,5,17,22,,39.0,2,15.0,0.0,0.0,1.0,0.0,93.0,0.0538,1091.6296,24.0,0.0
2018,MTL,8475193,Tomas,Tatar,L,80,,,,,,,,,,,25,33,58,,34.0,2,21.0,4.0,0.0,4.0,0.0,195.0,0.1282,984.5625,21.7,0.2564
2018,MTL,8475235,Nicolas,Deslauriers,L,48,,,,,,,,,,,2,3,5,,22.0,2,-12.0,0.0,1.0,0.0,0.0,48.0,0.0417,602.2708,13.9,1.0
2018,MTL,8475738,Jordan,Weal,C,16,,,,,,,,,,,4,6,10,,2.0,2,0.0,1.0,0.0,1.0,0.0,30.0,0.1333,936.25,20.0,0.5513
2018,MTL,8475808,Michael,Chaput,C,32,,,,,,,,,,,0,5,5,,14.0,2,-4.0,0.0,0.0,0.0,0.0,31.0,0.0,673.375,17.0,0.5082
2018,MTL,8475844,Kenny,Agostino,L,36,,,,,,,,,,,2,9,11,,26.0,2,-1.0,0.0,0.0,0.0,0.0,38.0,0.0526,671.1667,15.6,0.3636
2018,MTL,8475848,Brendan,Gallagher,R,82,,,,,,,,,,,33,19,52,,49.0,2,10.0,4.0,0.0,4.0,0.0,302.0,0.1093,983.8171,21.6,0.451
2018,MTL,8476285,Matthew,Peca,C,39,,,,,,,,,,,3,7,10,,4.0,2,-14.0,0.0,0.0,0.0,0.0,35.0,0.0857,631.4615,15.2,0.4734
2018,MTL,8476381,Andrew,Shaw,R,63,,,,,,,,,,,19,28,47,,71.0,2,17.0,3.0,0.0,3.0,0.0,135.0,0.1407,954.9048,20.1,0.4714
2018,MTL,8476422,Mike,Reilly,D,57,,,,,,,,,,,3,8,11,,16.0,2,0.0,1.0,0.0,1.0,0.0,101.0,0.0297,1120.5439,23.3,0.0
2018,MTL,8476443,Xavier,Ouellet,D,19,,,,,,,,,,,0,3,3,,13.0,2,-3.0,0.0,0.0,0.0,0.0,32.0,0.0,1020.6842,21.4,0.0
2018,MTL,8476469,Joel,Armia,R,57,,,,,,,,,,,13,10,23,,14.0,2,0.0,2.0,1.0,2.0,0.0,134.0,0.097,947.614,21.3,0.1724
2018,MTL,8476479,Phillip,Danault,C,81,,,,,,,,,,,12,41,53,,39.0,2,17.0,0.0,0.0,1.0,0.0,132.0,0.0909,1066.642,24.9,0.5554
2018,MTL,8476948,Charles,Hudon,L,32,,,,,,,,,,,3,2,5,,16.0,2,-9.0,0.0,0.0,0.0,0.0,50.0,0.06,700.375,15.3,0.4444
2018,MTL,8476967,Brett,Kulak,D,57,,,,,,,,,,,6,11,17,,31.0,2,12.0,0.0,1.0,3.0,0.0,102.0,0.0588,1070.5789,22.4,0.0
2018,MTL,8477476,Artturi,Lehkonen,L,82,,,,,,,,,,,11,20,31,,32.0,2,10.0,0.0,0.0,4.0,0.0,176.0,0.0625,933.4512,21.7,0.2632
2018,MTL,8477494,Jonathan,Drouin,L,81,,,,,,,,,,,18,35,53,,26.0,2,-8.0,3.0,0.0,3.0,1.0,190.0,0.0947,1015.8765,21.1,0.4205
2018,MTL,8477503,Max,Domi,C,82,,,,,,,,,,,28,44,72,,80.0,2,20.0,4.0,0.0,2.0,0.0,203.0,0.1379,1042.9146,21.4,0.4488
2018,MTL,8477850,Christian,Folin,D,19,,,,,,,,,,,0,4,4,,11.0,2,1.0,0.0,0.0,0.0,0.0,27.0,0.0,949.0,22.2,0.0
2018,MTL,8478454,Noah,Juulsen,D,21,,,,,,,,,,,1,4,5,,6.0,2,5.0,0.0,0.0,0.0,0.0,22.0,0.0455,1026.9048,24.1,0.0
2018,MTL,8479376,Victor,Mete,D,71,,,,,,,,,,,0,13,13,,6.0,2,17.0,0.0,0.0,0.0,0.0,65.0,0.0,1066.3803,23.2,0.0
2018,MTL,8480068,Ryan,Poehling,C,1,,,,,,,,,,,3,0,3,,0.0,2,3.0,0.0,0.0,0.0,0.0,3.0,1.0,682.0,19.0,0.5714
2018,MTL,8480829,Jesperi,Kotkaniemi,C,79,,,,,,,,,,,11,23,34,,26.0,2,1.0,1.0,0.0,2.0,0.0,134.0,0.0821,824.4937,18.4,0.4573
2018,NJD,8471239,Cory,Schneider,G,26,23.0,6.0,13.0,4.0,3.061706,0.902507,718.0,648.0,70.0,1.0,0,0,0,82307.0,,2,,,,,,,,,,
2018,NJD,8476234,Keith,Kinkaid,G,41,38.0,15.0,18.0,6.0,3.362339,0.891414,1188.0,1059.0,129.0,3.0,0,0,0,138118.0,,2,,,,,,,,,,
2018,NJD,8478406,Mackenzie,Blackwood,G,23,21.0,10.0,10.0,0.0,2.611033,0.917788,669.0,614.0,55.0,2.0,0,0,0,75832.0,,2,,,,,,,,,,
2018,NJD,8470619,Brian,Boyle,C,47,,,,,,,,,,,13,6,19,,22.0,2,-13.0,6.0,1.0,2.0,0.0,81.0,0.1605,829.3404,17.1,0.5024
2018,NJD,8471226,Drew,Stafford,R,57,,,,,,,,,,,5,8,13,,18.0,2,-7.0,1.0,0.0,0.0,0.0,77.0,0.0649,735.9298,15.2,0.4103
2018,NJD,8471233,Travis,Zajac,C,80,,,,,,,,,,,19,27,46,,20.0,2,-25.0,5.0,2.0,3.0,1.0,120.0,0.1583,1156.25,22.7,0.5816
2018,NJD,8472382,Andy,Greene,D,82,,,,,,,,,,,5,20,25,,16.0,2,-9.0,0.0,0.0,0.0,0.0,104.0,0.0481,1250.0244,24.7,0.0
2018,NJD,8473468,Eric,Gryba,D,10,,,,,,,,,,,0,0,0,,10.0,2,-1.0,0.0,0.0,0.0,0.0,11.0,0.0,917.7,19.4,0.0
2018,NJD,8473933,Ben,Lovejoy,D,51,,,,,,,,,,,2,5,7,,33.0,2,1.0,0.0,0.0,0.0,0.0,70.0,0.0286,1054.6863,22.7,0.0
2018,NJD,8474025,Eric,Tangradi,L,6,,,,,,,,,,,0,1,1,,0.0,2,-3.0,0.0,0.0,0.0,0.0,10.0,0.0,826.8333,17.2,0.5
2018,NJD,8475149,Marcus,Johansson,L,48,,,,,,,,,,,12,15,27,,8.0,2,-15.0,2.0,0.0,1.0,0.0,103.0,0.1165,986.8125,19.7,0.3182
2018,NJD,8475151,Kyle,Palmieri,C,74,,,,,,,,,,,27,23,50,,42.0,2,-9.0,11.0,0.0,2.0,0.0,224.0,0.1205,1089.3108,21.4,0.2791
2018,NJD,8475222,Sami,Vatanen,D,50,,,,,,,,,,,4,13,17,,22.0,2,-17.0,3.0,0.0,0.0,0.0,107.0,0.0374,1303.7,26.3,0.0
2018,NJD,8475791,Taylor,Hall,L,33,,,,,,,,,,,11,26,37,,16.0,2,-6.0,1.0,0.0,3.0,0.0,113.0,0.0973,1181.2121,22.0,0.4483
2018,NJD,8475844,Kenny,Agostino,L,27,,,,,,,,,,,4,9,13,,8.0,2,-2.0,0.0,0.0,0.0,0.0,41.0,0.0976,913.4815,19.0,0.35
2018,NJD,8476370,Blake,Pietila,L,19,,,,,,,,,,,0,1,1,,6.0,2,-7.0,0.0,0.0,0.0,0.0,22.0,0.0,795.8421,16.7,0.439
2018,NJD,8476399,Blake,Coleman,L,78,,,,,,,,,,,22,14,36,,71.0,2,-19.0,3.0,3.0,3.0,0.0,213.0,0.1033,1020.7308,21.2,0.416
2018,NJD,8476465,Ryan,Murphy,D,1,,,,,,,,,,,0,1,1,,0.0,2,0.0,0.0,0.0,0.0,0.0,0.0,0.0,857.0,17.0,0.0
2018,NJD,8476474,Stefan,Noesen,R,41,,,,,,,,,,,3,5,8,,28.0,2,-19.0,0.0,0.0,0.0,0.0,64.0,0.0469,763.9268,16.4,0.4107
2018,NJD,8476545,Kurtis,Gabriel,R,22,,,,,,,,,,,2,2,4,,59.0,2,0.0,0.0,0.0,1.0,0.0,7.0,0.2857,442.3636,11.5,0.0
2018,NJD,8476923,Damon,Severson,D,82,,,,,,,,,,,11,28,39,,58.0,2,-27.0,3.0,0.0,0.0,0.0,146.0,0.0753,1322.5732,26.3,0.0
2018,NJD,8476941,Connor,Carrick,D,20,,,,,,,,,,,1,6,7,,6.0,2,-6.0,0.0,0.0,1.0,0.0,26.0,0.0385,1175.25,23.7,0.0
2018,NJD,8477355,Will,Butcher,D,78,,,,,,,,,,,4,26,30,,18.0,2,-17.0,1.0,0.0,1.0,0.0,108.0,0.037,1156.4744,23.1,0.0
2018,NJD,8477425,Miles,Wood,L,63,,,,,,,,,,,10,14,24,,91.0,2,-10.0,1.0,0.0,1.0,0.0,159.0,0.0629,821.6508,17.7,0.0
2018,NJD,8477463,Steven,Santini,D,39,,,,,,,,,,,1,3,4,,16.0,2,-6.0,0.0,0.0,0.0,0.0,41.0,0.0244,999.3846,21.5,0.0
2018,NJD,8477509,Mirco,Mueller,D,53,,,,,,,,,,,1,10,11,,17.0,2,-3.0,0.0,0.0,0.0,0.0,39.0,0.0256,1084.3208,24.0,0.0
2018,NJD,8477520,Jean-Sebastien,Dea,C,20,,,,,,,,,,,3,2,5,,6.0,2,-1.0,0.0,0.0,1.0,0.0,27.0,0.1111,644.25,15.3,0.505
2018,NJD,8477961,John,Quenneville,C,19,,,,,,,,,,,1,0,1,,4.0,2,-1.0,0.0,0.0,1.0,0.0,16.0,0.0625,678.8947,15.2,0.3636
2018,NJD,8477972,Josh,Jacobs,D,1,,,,,,,,,,,0,0,0,,0.0,2,-1.0,0.0,0.0,0.0,0.0,1.0,0.0,894.0,19.0,0.0
2018,NJD,8478401,Pavel,Zacha,C,61,,,,,,,,,,,13,12,25,,15.0,2,-6.0,4.0,2.0,2.0,0.0,99.0,0.1313,964.7705,20.1,0.4888
2018,NJD,8478841,Colton,White,D,3,,,,,,,,,,,0,0,0,,2.0,2,-2.0,0.0,0.0,0.0,0.0,1.0,0.0,853.6667,20.7,0.0
2018,NJD,8478881,Brett,Seney,L,51,,,,,,,,,,,5,8,13,,31.0,2,-14.0,0.0,0.0,0.0,0.0,49.0,0.102,619.6863,13.8,0.3769
2018,NJD,8479250,Nick,Lappin,R,11,,,,,,,,,,,0,0,0,,0.0,2,-6.0,0.0,0.0,0.0,0.0,11.0,0.0,821.2727,17.5,0.8333
2018,NJD,8479291,Kevin,Rooney,C,41,,,,,,,,,,,6,4,10,,15.0,2,-4.0,0.0,1.0,1.0,0.0,39.0,0.1538,756.7805,18.0,0.4934
2018,NJD,8479315,Joey,Anderson,R,34,,,,,,,,,,,4,3,7,,6.0,2,-7.0,0.0,1.0,1.0,0.0,49.0,0.0816,774.0882,17.1,0.5294
2018,NJD,8479330,Brandon,Gignac,C,1,,,,,,,,,,,0,0,0,,0.0,2,-2.0,0.0,0.0,0.0,0.0,1.0,0.0,544.0,12.0,0.0
2018,NJD,8479407,Jesper,Bratt,L,51,,,,,,,,,,,8,25,33,,6.0,2,-8.0,1.0,0.0,1.0,0.0,91.0,0.0879,910.0588,18.8,0.5714
2018,NJD,8479414,Nathan,Bastian,R,7,,,,,,,,,,,3,0,3,,10.0,2,0.0,0.0,0.0,0.0,0.0,13.0,0.2308,760.8571,17.0,1.0
2018,NJD,8479415,Michael,McLeod,C,21,,,,,,,,,,,0,3,3,,13.0,2,-8.0,0.0,0.0,0.0,0.0,21.0,0.0,731.7619,16.0,0.5303
2018,NJD,8480002,Nico,Hischier,C,69,,,,,,,,,,,17,30,47,,24.0,2,0.0,3.0,0.0,3.0,3.0,160.0,0.1063,1086.2319,21.5,0.4524
2018,NJD,8480948,Egor,Yakovlev,D,25,,,,,,,,,,,2,5,7,,6.0,2,-6.0,0.0,0.0,0.0,0.0,24.0,0.0833,940.4,20.2,0.0
2018,NSH,8471469,Pekka,Rinne,G,56,55.0,30.0,19.0,4.0,2.422559,0.917774,1581.0,1451.0,130.0,4.0,0,0,0,193184.0,4.0,2,,,,,,,,,,
2018,NSH,8477424,Juuse,Saros,G,31,27.0,17.0,10.0,2.0,2.617589,0.914943,870.0,796.0,74.0,3.0,0,0,0,101773.0,,2,,,,,,,,,,
2018,NSH,8469465,Dan,Hamhuis,D,57,,,,,,,,,,,0,5,5,,28.0,2,-2.0,0.0,0.0,0.0,0.0,39.0,0.0,962.8246,21.0,0.0
2018,NSH,8470619,Brian,Boyle,C,26,,,,,,,,,,,5,0,5,,16.0,2,-1.0,1.0,0.0,2.0,0.0,42.0,0.119,764.1923,17.3,0.5234
2018,NSH,8471657,Cody,McLeod,L,7,,,,,,,,,,,0,0,0,,7.0,2,-3.0,0.0,0.0,0.0,0.0,1.0,0.0,301.8571,7.7,0.0
2018,NSH,8474009,Nick,Bonino,C,81,,,,,,,,,,,17,18,35,,18.0,2,27.0,3.0,0.0,1.0,0.0,118.0,0.1441,978.321,23.1,0.5177
2018,NSH,8474056,P.K.,Subban,D,63,,,,,,,,,,,9,22,31,,60.0,2,5.0,2.0,1.0,1.0,0.0,168.0,0.0536,1359.8571,27.5,0.0
2018,NSH,8474068,Kyle,Turris,C,55,,,,,,,,,,,7,16,23,,33.0,2,-6.0,4.0,0.0,1.0,1.0,78.0,0.0897,941.5273,20.2,0.5081
2018,NSH,8474134,Yannick,Weber,D,62,,,,,,,,,,,2,6,8,,18.0,2,7.0,0.0,0.0,0.0,0.0,67.0,0.0299,714.7903,16.8,0.0
2018,NSH,8474190,Wayne,Simmonds,R,17,,,,,,,,,,,1,2,3,,9.0,2,4.0,0.0,0.0,0.0,0.0,21.0,0.0476,747.0,15.7,0.0
2018,NSH,8474600,Roman,Josi,D,82,,,,,,,,,,,15,41,56,,42.0,2,9.0,2.0,0.0,4.0,0.0,274.0,0.0547,1509.9268,28.8,0.0
2018,NSH,8474659,Matt,Donovan,D,2,,,,,,,,,,,0,1,1,,2.0,2,0.0,0.0,0.0,0.0,0.0,1.0,0.0,443.5,10.5,0.0
2018,NSH,8474736,Zac,Rinaldo,C,23,,,,,,,,,,,1,2,3,,20.0,2,1.0,0.0,0.0,1.0,0.0,11.0,0.0909,427.4783,10.9,0.2
2018,NSH,8475176,Ryan,Ellis,D,82,,,,,,,,,,,7,34,41,,20.0,2,21.0,1.0,1.0,2.0,0.0,149.0,0.047,1440.8537,28.3,0.0
2018,NSH,8475218,Mattias,Ekholm,D,80,,,,,,,,,,,8,36,44,,47.0,2,27.0,2.0,0.0,3.0,1.0,146.0,0.0548,1401.8375,28.6,0.0
2018,NSH,8475225,Craig,Smith,C,76,,,,,,,,,,,21,17,38,,20.0,2,11.0,4.0,0.0,2.0,0.0,205.0,0.1024,907.5526,20.3,0.4815
2018,NSH,8475625,Matt,Irwin,D,44,,,,,,,,,,,1,6,7,,38.0,2,5.0,0.0,0.0,0.0,0.0,50.0,0.02,677.7273,15.6,0.0
2018,NSH,8475714,Calle,Jarnkrok,C,79,,,,,,,,,,,10,16,26,,12.0,2,13.0,1.0,1.0,1.0,0.0,106.0,0.0943,925.8228,21.4,0.5015
2018,NSH,8475766,Austin,Watson,L,37,,,,,,,,,,,7,9,16,,39.0,2,11.0,1.0,0.0,1.0,0.0,64.0,0.1094,869.5946,20.1,0.4375
2018,NSH,8475793,Ryan,Johansen,C,80,,,,,,,,,,,14,50,64,,42.0,2,7.0,0.0,1.0,6.0,1.0,136.0,0.1029,1173.3125,25.0,0.5352
2018,NSH,8475798,Mikael,Granlund,C,16,,,,,,,,,,,1,4,5,,4.0,2,-6.0,0.0,0.0,0.0,0.0,29.0,0.0345,1013.9375,21.1,0.4359
2018,NSH,8475868,Anthony,Bitetto,D,18,,,,,,,,,,,0,3,3,,8.0,2,1.0,0.0,0.0,0.0,0.0,15.0,0.0,640.0,15.4,0.0
2018,NSH,8476278,Colin,Blackwell,C,6,,,,,,,,,,,0,0,0,,2.0,2,-1.0,0.0,0.0,0.0,0.0,5.0,0.0,584.3333,14.3,0.4483
2018,NSH,8476428,Rocco,Grimaldi,R,53,,,,,,,,,,,5,8,13,,10.0,2,-2.0,0.0,0.0,0.0,0.0,81.0,0.0617,600.3774,14.1,0.5714
2018,NSH,8476447,Miikka,Salomaki,R,37,,,,,,,,,,,3,4,7,,8.0,2,5.0,0.0,0.0,0.0,0.0,51.0,0.0588,627.3514,14.6,0.2857
2018,NSH,8476858,Phillip,Di Giuseppe,L,3,,,,,,,,,,,0,0,0,,0.0,2,-1.0,0.0,0.0,0.0,0.0,4.0,0.0,701.3333,17.3,0.0
2018,NSH,8476887,Filip,Forsberg,L,64,,,,,,,,,,,28,22,50,,26.0,2,8.0,7.0,2.0,4.0,1.0,217.0,0.129,1116.9844,24.6,0.1429
2018,NSH,8476925,Colton,Sissons,C,75,,,,,,,,,,,15,15,30,,23.0,2,20.0,1.0,0.0,3.0,1.0,111.0,0.1351,962.6533,22.0,0.5309
2018,NSH,8477451,Ryan,Hartman,R,64,,,,,,,,,,,10,10,20,,44.0,2,7.0,0.0,0.0,2.0,0.0,113.0,0.0885,806.2031,18.6,0.1538
2018,NSH,8477919,Frederick,Gaudreau,C,55,,,,,,,,,,,3,1,4,,2.0,2,1.0,0.0,0.0,1.0,0.0,43.0,0.0698,540.8545,13.3,0.483
2018,NSH,8477942,Kevin,Fiala,L,64,,,,,,,,,,,10,22,32,,26.0,2,-11.0,1.0,0.0,1.0,0.0,131.0,0.0763,902.7969,19.8,0.6
2018,NSH,8478042,Viktor,Arvidsson,L,58,,,,,,,,,,,34,14,48,,26.0,2,12.0,3.0,2.0,7.0,0.0,195.0,0.1744,1148.7414,23.9,0.1176
2018,NSH,8478409,Anthony,Richard,C,1,,,,,,,,,,,0,0,0,,0.0,2,-1.0,0.0,0.0,0.0,0.0,0.0,0.0,442.0,12.0,0.0
2018,NSH,8479371,Dante,Fabbro,D,4,,,,,,,,,,,1,0,1,,0.0,2,-1.0,0.0,0.0,0.0,0.0,5.0,0.2,764.25,16.8,0.0
2018,NSH,8479514,Rem,Pitlick,C,1,,,,,,,,,,,0,0,0,,2.0,2,0.0,0.0,0.0,0.0,0.0,0.0,0.0,583.0,14.0,0.0
2018,NSH,8480009,Eeli,Tolvanen,R,4,,,,,,,,,,,1,1,2,,0.0,2,2.0,0.0,0.0,0.0,0.0,2.0,0.5,796.25,17.0,0.0
2018,NSH,8471469,Pekka,Rinne,G,6,6.0,2.0,4.0,,3.094344,0.905028,179.0,162.0,17.0,0.0,0,0,0,19778.0,,3,,,,,,,,,,
2018,NSH,8477424,Juuse,Saros,G,1,0.0,,,,1.319162,0.952381,21.0,20.0,1.0,0.0,0,0,0,2729.0,2.0,3,,,,,,,,,,
2018,NSH,8469465,Dan,Hamhuis,D,6,,,,,,,,,,,0,0,0,,0.0,3,2.0,0.0,0.0,0.0,0.0,5.0,0.0,809.0,19.0,0.0
2018,NSH,8470619,Brian,Boyle,C,3,,,,,,,,,,,0,2,2,,2.0,3,4.0,0.0,0.0,0.0,0.0,7.0,0.0,759.6667,18.0,0.5
2018,NSH,8474009,Nick,Bonino,C,6,,,,,,,,,,,0,2,2,,2.0,3,-3.0,0.0,0.0,0.0,0.0,7.0,0.0,929.0,23.3,0.5882
2018,NSH,8474056,P.K.,Subban,D,6,,,,,,,,,,,1,2,3,,0.0,3,-3.0,0.0,0.0,0.0,0.0,18.0,0.0556,1529.0,31.2,0.0
2018,NSH,8474068,Kyle,Turris,C,6,,,,,,,,,,,1,1,2,,2.0,3,2.0,0.0,0.0,0.0,0.0,16.0,0.0625,866.8333,21.2,0.5
2018,NSH,8474190,Wayne,Simmonds,R,2,,,,,,,,,,,0,0,0,,0.0,3,1.0,0.0,0.0,0.0,0.0,1.0,0.0,448.5,9.5,0.0
2018,NSH,8474600,Roman,Josi,D,6,,,,,,,,,,,2,2,4,,4.0,3,-1.0,0.0,0.0,0.0,0.0,14.0,0.1429,1553.3333,31.3,0.0
2018,NSH,8475176,Ryan,Ellis,D,6,,,,,,,,,,,0,3,3,,0.0,3,-2.0,0.0,0.0,0.0,0.0,10.0,0.0,1456.0,31.7,0.0
2018,NSH,8475218,Mattias,Ekholm,D,6,,,,,,,,,,,0,2,2,,12.0,3,-2.0,0.0,0.0,0.0,0.0,14.0,0.0,1436.5,30.7,0.0
2018,NSH,8475225,Craig,Smith,C,6,,,,,,,,,,,1,0,1,,2.0,3,0.0,0.0,0.0,1.0,1.0,16.0,0.0625,845.6667,21.5,0.0
2018,NSH,8475714,Calle,Jarnkrok,C,6,,,,,,,,,,,0,2,2,,2.0,3,1.0,0.0,0.0,0.0,0.0,4.0,0.0,935.0,23.2,0.4773
2018,NSH,8475766,Austin,Watson,L,6,,,,,,,,,,,1,1,2,,6.0,3,-2.0,0.0,0.0,0.0,0.0,14.0,0.0714,745.8333,18.7,0.0
2018,NSH,8475793,Ryan,Johansen,C,6,,,,,,,,,,,1,1,2,,2.0,3,-2.0,0.0,0.0,0.0,0.0,18.0,0.0556,1250.3333,27.0,0.55
2018,NSH,8475798,Mikael,Granlund,C,6,,,,,,,,,,,1,1,2,,2.0,3,1.0,0.0,0.0,1.0,0.0,12.0,0.0833,910.5,21.8,0.619
2018,NSH,8476428,Rocco,Grimaldi,R,5,,,,,,,,,,,3,0,3,,0.0,3,1.0,0.0,0.0,0.0,0.0,15.0,0.2,779.0,19.6,1.0
2018,NSH,8476447,Miikka,Salomaki,R,2,,,,,,,,,,,0,1,1,,0.0,3,0.0,0.0,0.0,0.0,0.0,1.0,0.0,620.5,17.5,0.0
2018,NSH,8476887,Filip,Forsberg,L,6,,,,,,,,,,,1,1,2,,6.0,3,-2.0,0.0,0.0,0.0,0.0,18.0,0.0556,1191.1667,26.7,0.0
2018,NSH,8476925,Colton,Sissons,C,6,,,,,,,,,,,0,0,0,,6.0,3,-5.0,0.0,0.0,0.0,0.0,7.0,0.0,956.0,22.5,0.4776
2018,NSH,8478042,Viktor,Arvidsson,L,6,,,,,,,,,,,0,0,0,,2.0,3,-2.0,0.0,0.0,0.0,0.0,18.0,0.0,1204.0,26.3,0.0
2018,NSH,8479371,Dante,Fabbro,D,6,,,,,,,,,,,0,1,1,,0.0,3,2.0,0.0,0.0,0.0,0.0,3.0,0.0,724.5,17.8,0.0
2018,NYI,8471306,Thomas,Greiss,G,43,39.0,23.0,14.0,2.0,2.275798,0.926582,1185.0,1098.0,87.0,5.0,0,1,1,137622.0,4.0,2,,,,,,,,,,
2018,NYI,8475215,Robin,Lehner,G,46,43.0,25.0,13.0,5.0,2.133176,0.929705,1323.0,1230.0,93.0,6.0,0,1,1,156949.0,,2,,,,,,,,,,
2018,NYI,8476444,Christopher,Gibson,G,2,0.0,,,0.0,1.499998,0.941176,17.0,16.0,1.0,0.0,0,0,0,2400.0,,2,,,,,,,,,,
2018,NYI,8470047,Valtteri,Filppula,C,72,,,,,,,,,,,17,14,31,,16.0,2,19.0,0.0,1.0,4.0,1.0,78.0,0.2179,856.4861,19.3,0.4908
2018,NYI,8470187,Johnny,Boychuk,D,74,,,,,,,,,,,3,16,19,,25.0,2,10.0,1.0,0.0,1.0,0.0,157.0,0.0191,1129.7838,25.2,0.0
2018,NYI,8471217,Andrew,Ladd,L,26,,,,,,,,,,,3,8,11,,16.0,2,3.0,0.0,0.0,0.0,0.0,34.0,0.0882,830.5385,18.2,0.4
2018,NYI,8472410,Stephen,Gionta,C,5,,,,,,,,,,,0,0,0,,0.0,2,-4.0,0.0,0.0,0.0,0.0,4.0,0.0,527.0,14.2,0.5405
2018,NYI,8473463,Leo,Komarov,R,82,,,,,,,,,,,6,20,26,,42.0,2,18.0,0.0,0.0,1.0,0.0,78.0,0.0769,833.4878,18.5,0.4565
2018,NYI,8473504,Cal,Clutterbuck,R,73,,,,,,,,,,,8,15,23,,44.0,2,6.0,3.0,0.0,2.0,0.0,95.0,0.0842,838.3562,19.8,0.4412
2018,NYI,8474066,Thomas,Hickey,D,40,,,,,,,,,,,0,4,4,,33.0,2,5.0,0.0,0.0,0.0,0.0,47.0,0.0,1110.3,25.3,0.0
2018,NYI,8474573,Josh,Bailey,R,82,,,,,,,,,,,16,40,56,,21.0,2,8.0,2.0,1.0,4.0,1.0,126.0,0.127,1009.6585,20.0,0.5147
2018,NYI,8474579,Luca,Sbisa,D,9,,,,,,,,,,,0,1,1,,4.0,2,0.0,0.0,0.0,0.0,0.0,5.0,0.0,928.1111,21.9,0.0
2018,NYI,8474586,Jordan,Eberle,R,78,,,,,,,,,,,19,18,37,,17.0,2,-6.0,7.0,0.0,5.0,0.0,160.0,0.1188,991.6154,19.4,0.45
2018,NYI,8474709,Matt,Martin,L,67,,,,,,,,,,,6,8,14,,53.0,2,5.0,0.0,0.0,1.0,0.0,62.0,0.0968,686.0,16.0,0.4
2018,NYI,8475181,Nick,Leddy,D,82,,,,,,,,,,,4,22,26,,18.0,2,0.0,0.0,0.0,0.0,0.0,116.0,0.0345,1293.0,26.0,0.0
2018,NYI,8475231,Casey,Cizikas,C,73,,,,,,,,,,,20,13,33,,36.0,2,22.0,0.0,2.0,3.0,0.0,111.0,0.1802,841.4247,20.2,0.4906
2018,NYI,8475314,Anders,Lee,L,82,,,,,,,,,,,28,23,51,,58.0,2,20.0,10.0,0.0,5.0,0.0,204.0,0.1373,1025.2683,20.3,0.4839
2018,NYI,8475754,Brock,Nelson,C,82,,,,,,,,,,,25,28,53,,28.0,2,20.0,2.0,1.0,3.0,1.0,181.0,0.1381,1078.3293,22.3,0.4767
2018,NYI,8475832,Tom,Kuhnhackl,R,36,,,,,,,,,,,4,5,9,,10.0,2,1.0,0.0,0.0,0.0,0.0,30.0,0.1333,760.9167,17.5,0.0
2018,NYI,8476429,Scott,Mayfield,D,79,,,,,,,,,,,4,15,19,,68.0,2,18.0,0.0,1.0,0.0,0.0,104.0,0.0385,1124.0633,23.9,0.0
2018,NYI,8476917,Adam,Pelech,D,78,,,,,,,,,,,5,16,21,,24.0,2,22.0,0.0,0.0,0.0,0.0,110.0,0.0455,1117.7692,24.3,0.0
2018,NYI,8477506,Ryan,Pulock,D,82,,,,,,,,,,,9,28,37,,22.0,2,21.0,3.0,0.0,3.0,1.0,180.0,0.05,1341.8171,27.8,0.0
2018,NYI,8477527,Ross,Johnston,L,17,,,,,,,,,,,1,3,4,,23.0,2,3.0,0.0,0.0,0.0,0.0,12.0,0.0833,474.8824,11.1,0.0
2018,NYI,8477936,Michael,Dal Colle,L,28,,,,,,,,,,,3,4,7,,2.0,2,3.0,0.0,0.0,2.0,0.0,34.0,0.0882,726.5,15.5,0.0
2018,NYI,8477959,Joshua,Ho-Sang,R,10,,,,,,,,,,,1,1,2,,6.0,2,2.0,0.0,0.0,0.0,0.0,10.0,0.1,871.4,17.7,0.0
2018,NYI,8478038,Devon,Toews,D,48,,,,,,,,,,,5,13,18,,4.0,2,7.0,1.0,0.0,2.0,1.0,81.0,0.0617,1073.7292,22.5,0.0
2018,NYI,8478445,Mathew,Barzal,C,82,,,,,,,,,,,18,44,62,,46.0,2,-5.0,3.0,0.0,3.0,1.0,179.0,0.1006,1075.378,19.5,0.4155
2018,NYI,8478463,Anthony,Beauvillier,R,81,,,,,,,,,,,18,10,28,,8.0,2,1.0,1.0,0.0,4.0,0.0,156.0,0.1154,878.5309,17.7,0.4561
2018,NYI,8479206,Tanner,Fritz,C,8,,,,,,,,,,,0,1,1,,2.0,2,-3.0,0.0,0.0,0.0,0.0,6.0,0.0,649.375,14.1,0.4146
2018,NYI,8471306,Thomas,Greiss,G,1,0.0,,,,3.292178,0.8,10.0,8.0,2.0,0.0,0,0,0,2187.0,,3,,,,,,,,,,
2018,NYI,8475215,Robin,Lehner,G,8,8.0,4.0,4.0,,2.004451,0.935622,233.0,218.0,15.0,0.0,0,0,0,26940.0,2.0,3,,,,,,,,,,
2018,NYI,8470047,Valtteri,Filppula,C,8,,,,,,,,,,,0,4,4,,2.0,3,0.0,0.0,0.0,0.0,0.0,7.0,0.0,883.0,20.0,0.6056
2018,NYI,8470187,Johnny,Boychuk,D,4,,,,,,,,,,,0,1,1,,0.0,3,2.0,0.0,0.0,0.0,0.0,1.0,0.0,975.75,24.0,0.0
2018,NYI,8473463,Leo,Komarov,R,8,,,,,,,,,,,1,1,2,,8.0,3,1.0,0.0,0.0,0.0,0.0,12.0,0.0833,827.125,18.8,0.4118
2018,NYI,8473504,Cal,Clutterbuck,R,7,,,,,,,,,,,0,0,0,,4.0,3,-4.0,0.0,0.0,0.0,0.0,9.0,0.0,899.1429,21.9,0.0
2018,NYI,8474066,Thomas,Hickey,D,4,,,,,,,,,,,0,0,0,,0.0,3,-3.0,0.0,0.0,0.0,0.0,2.0,0.0,1100.25,25.5,0.0
2018,NYI,8474573,Josh,Bailey,R,8,,,,,,,,,,,4,2,6,,0.0,3,2.0,1.0,0.0,1.0,1.0,21.0,0.1905,1075.25,20.5,0.875
2018,NYI,8474586,Jordan,Eberle,R,8,,,,,,,,,,,4,5,9,,2.0,3,4.0,0.0,0.0,1.0,0.0,25.0,0.16,993.875,19.8,0.1667
2018,NYI,8474709,Matt,Martin,L,8,,,,,,,,,,,0,0,0,,0.0,3,-4.0,0.0,0.0,0.0,0.0,11.0,0.0,703.875,16.6,0.0
2018,NYI,8475181,Nick,Leddy,D,8,,,,,,,,,,,1,0,1,,0.0,3,-1.0,0.0,0.0,0.0,0.0,8.0,0.125,1212.125,27.5,0.0
2018,NYI,8475231,Casey,Cizikas,C,8,,,,,,,,,,,0,0,0,,6.0,3,-6.0,0.0,0.0,0.0,0.0,10.0,0.0,877.125,21.1,0.56
2018,NYI,8475314,Anders,Lee,L,8,,,,,,,,,,,1,3,4,,8.0,3,-1.0,0.0,0.0,0.0,0.0,20.0,0.05,1011.125,20.5,0.5714
2018,NYI,8475754,Brock,Nelson,C,8,,,,,,,,,,,4,0,4,,2.0,3,-2.0,1.0,0.0,2.0,0.0,22.0,0.1818,1097.625,21.8,0.4361
2018,NYI,8475832,Tom,Kuhnhackl,R,8,,,,,,,,,,,0,3,3,,2.0,3,0.0,0.0,0.0,0.0,0.0,12.0,0.0,785.75,18.5,0.0
2018,NYI,8476429,Scott,Mayfield,D,8,,,,,,,,,,,0,2,2,,8.0,3,-1.0,0.0,0.0,0.0,0.0,13.0,0.0,1101.875,26.3,0.0
2018,NYI,8476917,Adam,Pelech,D,8,,,,,,,,,,,0,2,2,,6.0,3,1.0,0.0,0.0,0.0,0.0,5.0,0.0,1231.875,29.5,0.0
2018,NYI,8477506,Ryan,Pulock,D,8,,,,,,,,,,,0,1,1,,4.0,3,-2.0,0.0,0.0,0.0,0.0,9.0,0.0,1397.375,30.9,0.0
2018,NYI,8477936,Michael,Dal Colle,L,1,,,,,,,,,,,0,0,0,,0.0,3,-2.0,0.0,0.0,0.0,0.0,1.0,0.0,547.0,12.0,0.0
2018,NYI,8478038,Devon,Toews,D,8,,,,,,,,,,,1,4,5,,0.0,3,-3.0,1.0,0.0,0.0,0.0,17.0,0.0588,1149.25,24.3,0.0
2018,NYI,8478445,Mathew,Barzal,C,8,,,,,,,,,,,2,5,7,,8.0,3,2.0,2.0,0.0,0.0,0.0,25.0,0.08,1008.125,20.3,0.5088
2018,NYI,8478463,Anthony,Beauvillier,R,8,,,,,,,,,,,1,1,2,,0.0,3,0.0,0.0,0.0,0.0,0.0,15.0,0.0667,683.75,15.1,1.0
2018,NYR,8468685,Henrik,Lundqvist,G,52,52.0,18.0,23.0,10.0,3.069068,0.907004,1699.0,1541.0,158.0,0.0,0,3,3,185333.0,,2,,,,,,,,,,
2018,NYR,8480382,Alexandar,Georgiev,G,33,30.0,14.0,13.0,4.0,2.913293,0.913907,1057.0,966.0,91.0,2.0,0,2,2,112450.0,2.0,2,,,,,,,,,,
2018,NYR,8471657,Cody,McLeod,L,31,,,,,,,,,,,1,0,1,,60.0,2,-10.0,0.0,0.0,0.0,0.0,21.0,0.0476,408.8065,10.0,0.0
2018,NYR,8471686,Marc,Staal,D,79,,,,,,,,,,,3,10,13,,32.0,2,-9.0,0.0,0.0,0.0,0.0,84.0,0.0357,1165.2152,26.1,0.0
2018,NYR,8471717,Adam,McQuaid,D,36,,,,,,,,,,,2,3,5,,33.0,2,3.0,0.0,0.0,0.0,0.0,19.0,0.1053,1048.4722,25.0,0.0
2018,NYR,8473492,Matt,Beleskey,L,4,,,,,,,,,,,1,0,1,,5.0,2,1.0,0.0,0.0,0.0,0.0,3.0,0.3333,442.25,10.5,1.0
2018,NYR,8474031,Kevin,Shattenkirk,D,73,,,,,,,,,,,2,26,28,,20.0,2,-15.0,1.0,0.0,0.0,0.0,148.0,0.0135,1136.3836,23.1,0.0
2018,NYR,8474090,Brendan,Smith,D,63,,,,,,,,,,,4,9,13,,71.0,2,-7.0,0.0,0.0,0.0,0.0,66.0,0.0606,917.746,20.5,0.0
2018,NYR,8475184,Chris,Kreider,L,79,,,,,,,,,,,28,24,52,,57.0,2,4.0,7.0,0.0,2.0,0.0,201.0,0.1393,1044.3544,22.6,0.375
2018,NYR,8475692,Mats,Zuccarello,R,46,,,,,,,,,,,11,26,37,,24.0,2,-11.0,3.0,0.0,1.0,0.0,99.0,0.1111,1201.1739,23.7,0.3333
2018,NYR,8475727,Ryan,Spooner,C,16,,,,,,,,,,,1,1,2,,0.0,2,-5.0,0.0,0.0,0.0,0.0,24.0,0.0417,760.6875,16.4,0.5714
2018,NYR,8475736,Connor,Brickley,L,14,,,,,,,,,,,1,3,4,,9.0,2,3.0,0.0,0.0,0.0,0.0,18.0,0.0556,538.6429,12.3,0.0
2018,NYR,8475763,Kevin,Hayes,R,51,,,,,,,,,,,14,28,42,,10.0,2,1.0,3.0,2.0,1.0,0.0,119.0,0.1176,1167.2745,24.0,0.4857
2018,NYR,8475855,Jesper,Fast,R,66,,,,,,,,,,,8,12,20,,26.0,2,-3.0,0.0,0.0,1.0,0.0,80.0,0.1,943.2273,21.5,0.35
2018,NYR,8476368,Fredrik,Claesson,D,37,,,,,,,,,,,2,4,6,,9.0,2,3.0,0.0,0.0,0.0,0.0,44.0,0.0455,1034.8919,22.6,0.0
2018,NYR,8476396,Steven,Fogarty,C,10,,,,,,,,,,,0,0,0,,0.0,2,-1.0,0.0,0.0,0.0,0.0,9.0,0.0,465.6,11.2,0.2963
2018,NYR,8476458,Ryan,Strome,C,63,,,,,,,,,,,18,15,33,,50.0,2,-2.0,4.0,0.0,2.0,2.0,80.0,0.225,954.0794,20.5,0.4716
2018,NYR,8476459,Mika,Zibanejad,C,82,,,,,,,,,,,30,44,74,,47.0,2,-12.0,11.0,2.0,5.0,0.0,236.0,0.1271,1233.5122,25.4,0.4967
2018,NYR,8476480,Vladislav,Namestnikov,C,78,,,,,,,,,,,11,20,31,,44.0,2,-7.0,1.0,2.0,3.0,0.0,119.0,0.0924,947.5385,21.2,0.4074
2018,NYR,8476869,Brady,Skjei,D,78,,,,,,,,,,,8,17,25,,44.0,2,-4.0,0.0,0.0,1.0,1.0,126.0,0.0635,1274.0513,27.4,1.0
2018,NYR,8476918,Jimmy,Vesey,L,81,,,,,,,,,,,17,18,35,,21.0,2,-6.0,1.0,0.0,4.0,0.0,154.0,0.1104,963.4444,20.8,0.25
2018,NYR,8476922,Boo,Nieves,C,43,,,,,,,,,,,4,6,10,,8.0,2,-4.0,0.0,0.0,1.0,0.0,34.0,0.1176,579.3256,13.3,0.3877
2018,NYR,8477337,John,Gilmour,D,5,,,,,,,,,,,0,0,0,,4.0,2,-3.0,0.0,0.0,0.0,0.0,9.0,0.0,964.6,21.2,0.0
2018,NYR,8477402,Pavel,Buchnevich,L,64,,,,,,,,,,,21,17,38,,13.0,2,-10.0,7.0,0.0,1.0,0.0,119.0,0.1765,910.4844,19.3,0.28
2018,NYR,8477950,Tony,DeAngelo,D,61,,,,,,,,,,,4,26,30,,77.0,2,6.0,0.0,0.0,0.0,0.0,111.0,0.036,1159.6557,24.5,0.0
2018,NYR,8477962,Brendan,Lemieux,L,19,,,,,,,,,,,3,3,6,,44.0,2,-4.0,0.0,0.0,0.0,0.0,30.0,0.1,769.6842,17.0,0.3
2018,NYR,8479324,Ryan,Lindgren,D,5,,,,,,,,,,,0,0,0,,8.0,2,-6.0,0.0,0.0,0.0,0.0,8.0,0.0,875.2,20.4,0.0
2018,NYR,8479333,Libor,Hajek,D,5,,,,,,,,,,,1,0,1,,6.0,2,1.0,0.0,0.0,0.0,0.0,10.0,0.1,991.8,21.4,0.0
2018,NYR,8479353,Brett,Howden,C,66,,,,,,,,,,,6,17,23,,14.0,2,-16.0,0.0,0.0,1.0,0.0,74.0,0.0811,896.3182,20.0,0.4842
2018,NYR,8479364,Tim,Gettinger,L,4,,,,,,,,,,,0,0,0,,0.0,2,0.0,0.0,0.0,0.0,0.0,2.0,0.0,451.25,10.5,0.0
2018,NYR,8479968,Vinni,Lettieri,C,27,,,,,,,,,,,1,2,3,,14.0,2,-7.0,1.0,0.0,0.0,0.0,40.0,0.025,609.3333,13.3,0.5385
2018,NYR,8480072,Lias,Andersson,C,42,,,,,,,,,,,2,4,6,,29.0,2,-13.0,0.0,1.0,0.0,0.0,41.0,0.0488,643.0238,15.8,0.4421
2018,NYR,8480078,Filip,Chytil,C,75,,,,,,,,,,,11,12,23,,8.0,2,-22.0,3.0,0.0,2.0,0.0,133.0,0.0827,827.16,17.3,0.3886
2018,NYR,8480145,Neal,Pionk,D,73,,,,,,,,,,,6,20,26,,35.0,2,-16.0,2.0,0.0,1.0,0.0,132.0,0.0455,1269.9452,27.4,0.0
2018,OTT,8467950,Craig,Anderson,G,50,47.0,17.0,27.0,4.0,3.511439,0.903,1676.0,1513.0,163.0,2.0,0,2,2,167111.0,0.0,2,,,,,,,,,,
2018,OTT,8470093,Mike,McKenna,G,10,6.0,1.0,4.0,1.0,3.961411,0.89726,292.0,262.0,30.0,0.0,0,0,0,27263.0,,2,,,,,,,,,,
2018,OTT,8475195,Anders,Nilsson,G,24,22.0,11.0,11.0,0.0,2.90498,0.914094,745.0,681.0,64.0,2.0,0,1,1,79312.0,,2,,,,,,,,,,
2018,OTT,8477237,Mike,Condon,G,2,2.0,0.0,2.0,0.0,6.378736,0.8,40.0,32.0,8.0,0.0,0,0,0,4515.0,,2,,,,,,,,,,
2018,OTT,8477405,Marcus,Hogberg,G,4,4.0,0.0,2.0,1.0,4.087591,0.884298,121.0,107.0,14.0,0.0,0,0,0,12330.0,,2,,,,,,,,,,
2018,OTT,8478916,Joey,Daccord,G,1,1.0,0.0,1.0,0.0,4.999997,0.875,40.0,35.0,5.0,0.0,0,0,0,3600.0,,2,,,,,,,,,,
2018,OTT,8471676,Bobby,Ryan,R,78,,,,,,,,,,,15,27,42,,35.0,2,-29.0,7.0,0.0,1.0,0.0,160.0,0.0938,940.9359,20.0,0.3077
2018,OTT,8471768,Tom,Pyatt,L,37,,,,,,,,,,,0,2,2,,2.0,2,-16.0,0.0,0.0,0.0,0.0,29.0,0.0,702.8108,16.8,0.3784
2018,OTT,8473992,Justin,Falk,D,10,,,,,,,,,,,0,0,0,,11.0,2,-4.0,0.0,0.0,0.0,0.0,7.0,0.0,775.5,19.0,0.0
2018,OTT,8474008,Paul,Carey,C,5,,,,,,,,,,,0,0,0,,0.0,2,0.0,0.0,0.0,0.0,0.0,1.0,0.0,548.2,11.2,0.25
2018,OTT,8474250,Zack,Smith,C,70,,,,,,,,,,,9,19,28,,81.0,2,-6.0,0.0,1.0,1.0,0.0,101.0,0.0891,981.1286,21.6,0.4915
2018,OTT,8474571,Mikkel,Boedker,L,71,,,,,,,,,,,7,28,35,,6.0,2,-23.0,2.0,0.0,1.0,0.0,88.0,0.0795,841.3662,18.0,0.3889
2018,OTT,8474597,Cody,Goloubef,D,5,,,,,,,,,,,0,0,0,,2.0,2,0.0,0.0,0.0,0.0,0.0,3.0,0.0,649.4,15.8,0.0
2018,OTT,8474697,Mark,Borowiecki,D,53,,,,,,,,,,,1,4,5,,89.0,2,-12.0,0.0,0.0,0.0,0.0,59.0,0.0169,934.2075,22.9,0.0
2018,OTT,8475168,Matt,Duchene,C,50,,,,,,,,,,,27,31,58,,6.0,2,-2.0,5.0,0.0,1.0,0.0,126.0,0.2143,1154.6,22.6,0.5506
2018,OTT,8475175,Magnus,Paajarvi,L,80,,,,,,,,,,,11,8,19,,6.0,2,-14.0,0.0,1.0,1.0,0.0,119.0,0.0924,808.125,19.0,0.4375
2018,OTT,8475206,Stefan,Elliott,D,3,,,,,,,,,,,0,1,1,,0.0,2,1.0,0.0,0.0,0.0,0.0,3.0,0.0,539.0,15.0,0.0
2018,OTT,8475227,Chris,Wideman,D,19,,,,,,,,,,,2,3,5,,12.0,2,-9.0,0.0,0.0,1.0,0.0,19.0,0.1053,812.7368,19.2,0.0
2018,OTT,8475423,Darren,Archibald,R,3,,,,,,,,,,,0,0,0,,0.0,2,-2.0,0.0,0.0,0.0,0.0,2.0,0.0,395.0,8.7,0.0
2018,OTT,8475715,Oscar,Lindberg,L,20,,,,,,,,,,,5,3,8,,4.0,2,1.0,0.0,0.0,0.0,0.0,25.0,0.2,792.8,18.1,0.4503
2018,OTT,8475913,Mark,Stone,R,59,,,,,,,,,,,28,34,62,,22.0,2,13.0,5.0,1.0,4.0,1.0,145.0,0.1931,1234.0339,24.4,0.4717
2018,OTT,8475982,Erik,Burgdoerfer,D,4,,,,,,,,,,,0,0,0,,2.0,2,-1.0,0.0,0.0,0.0,0.0,2.0,0.0,640.25,13.8,0.0
2018,OTT,8476207,Brian,Gibbons,C,20,,,,,,,,,,,6,8,14,,4.0,2,3.0,0.0,0.0,0.0,0.0,21.0,0.2857,732.55,17.2,0.3333
2018,OTT,8476288,Ryan,Dzingel,C,57,,,,,,,,,,,22,22,44,,29.0,2,-13.0,4.0,0.0,4.0,2.0,133.0,0.1654,1065.1579,21.2,0.4
2018,OTT,8476323,Max,McCormick,L,14,,,,,,,,,,,1,0,1,,4.0,2,-6.0,0.0,0.0,0.0,0.0,12.0,0.0833,450.0,10.9,0.0
2018,OTT,8476331,Dylan,DeMelo,D,77,,,,,,,,,,,4,18,22,,32.0,2,-1.0,0.0,0.0,0.0,0.0,109.0,0.0367,1157.0519,25.6,0.0
2018,OTT,8476419,Jean-Gabriel,Pageau,C,39,,,,,,,,,,,4,8,12,,14.0,2,-12.0,0.0,0.0,0.0,0.0,83.0,0.0482,1070.6923,23.9,0.5385
2018,OTT,8476879,Cody,Ceci,D,74,,,,,,,,,,,7,19,26,,18.0,2,-22.0,0.0,0.0,2.0,0.0,132.0,0.053,1353.6622,27.7,0.0
2018,OTT,8476919,Chris,Tierney,C,81,,,,,,,,,,,9,39,48,,26.0,2,-22.0,0.0,0.0,1.0,0.0,116.0,0.0776,1021.8395,21.4,0.5091
2018,OTT,8477407,Anthony,Duclair,L,21,,,,,,,,,,,8,6,14,,2.0,2,1.0,3.0,0.0,1.0,0.0,40.0,0.2,821.381,18.3,0.0
2018,OTT,8477426,Nick,Paul,L,20,,,,,,,,,,,1,1,2,,4.0,2,-10.0,0.0,0.0,0.0,0.0,30.0,0.0333,508.45,11.3,0.4571
2018,OTT,8477433,Ben,Harpur,D,51,,,,,,,,,,,1,4,5,,56.0,2,-13.0,0.0,0.0,0.0,0.0,50.0,0.02,1057.2353,23.1,0.0
2018,OTT,8477971,Andreas,Englund,D,3,,,,,,,,,,,0,0,0,,10.0,2,-2.0,0.0,0.0,0.0,0.0,2.0,0.0,800.0,20.0,0.0
2018,OTT,8478268,Jack,Rodewald,R,6,,,,,,,,,,,0,0,0,,0.0,2,0.0,0.0,0.0,0.0,0.0,2.0,0.0,423.6667,9.0,0.0
2018,OTT,8478400,Colin,White,C,71,,,,,,,,,,,14,27,41,,24.0,2,-24.0,5.0,0.0,2.0,1.0,123.0,0.1138,971.9155,20.5,0.4743
2018,OTT,8478469,Thomas,Chabot,D,70,,,,,,,,,,,14,41,55,,32.0,2,-12.0,1.0,1.0,2.0,1.0,185.0,0.0757,1457.3286,27.7,0.0
2018,OTT,8478488,Filip,Chlapik,C,5,,,,,,,,,,,1,0,1,,4.0,2,-2.0,0.0,0.0,0.0,0.0,9.0,0.1111,831.8,17.0,0.3333
2018,OTT,8478846,Christian,Wolanin,D,30,,,,,,,,,,,4,8,12,,6.0,2,3.0,0.0,0.0,1.0,0.0,36.0,0.1111,1039.5333,22.4,0.0
2018,OTT,8478868,Christian,Jaros,D,61,,,,,,,,,,,1,9,10,,27.0,2,-14.0,0.0,0.0,0.0,0.0,65.0,0.0154,862.0328,21.2,0.0
2018,OTT,8478870,Rudolfs,Balcers,L,36,,,,,,,,,,,5,9,14,,10.0,2,-7.0,3.0,0.0,1.0,0.0,48.0,0.1042,741.25,16.3,0.1429
2018,OTT,8479320,Maxime,Lajoie,D,56,,,,,,,,,,,7,8,15,,20.0,2,-25.0,4.0,0.0,0.0,0.0,79.0,0.0886,1134.3393,24.9,0.0
2018,OTT,8479366,Logan,Brown,C,2,,,,,,,,,,,0,0,0,,0.0,2,-2.0,0.0,0.0,0.0,0.0,2.0,0.0,631.0,13.5,0.25
2018,OTT,8479411,Vitaly,Abramov,L,1,,,,,,,,,,,0,0,0,,0.0,2,-3.0,0.0,0.0,0.0,0.0,0.0,0.0,832.0,18.0,0.0
2018,OTT,8480029,Alex,Formenton,L,9,,,,,,,,,,,1,0,1,,6.0,2,-2.0,0.0,0.0,0.0,0.0,16.0,0.0625,700.1111,15.3,0.3333
2018,OTT,8480073,Erik,Brannstrom,D,2,,,,,,,,,,,0,0,0,,0.0,2,0.0,0.0,0.0,0.0,0.0,0.0,0.0,1083.5,25.0,0.0
2018,OTT,8480208,Drake,Batherson,R,20,,,,,,,,,,,3,6,9,,6.0,2,-2.0,2.0,0.0,2.0,0.0,18.0,0.1667,804.9,16.9,0.75
2018,OTT,8480314,Max,Veronneau,R,12,,,,,,,,,,,2,2,4,,0.0,2,-5.0,1.0,0.0,0.0,0.0,15.0,0.1333,751.25,15.9,0.0
2018,OTT,8480801,Brady,Tkachuk,L,71,,,,,,,,,,,22,23,45,,75.0,2,-10.0,4.0,0.0,3.0,1.0,214.0,0.1028,961.493,20.3,0.4899
2018,PHI,8470093,Mike,McKenna,G,1,1.0,0.0,1.0,0.0,4.220395,0.833333,24.0,20.0,4.0,0.0,0,0,0,3412.0,,2,,,,,,,,,,
2018,PHI,8470880,Brian,Elliott,G,26,23.0,11.0,11.0,1.0,2.964092,0.906883,741.0,672.0,69.0,1.0,0,1,1,83803.0,2.0,2,,,,,,,,,,
2018,PHI,8473607,Michal,Neuvirth,G,7,6.0,1.0,4.0,1.0,4.266569,0.858696,184.0,158.0,26.0,0.0,0,0,0,21938.0,,2,,,,,,,,,,
2018,PHI,8475660,Cam,Talbot,G,4,3.0,1.0,2.0,0.0,3.701945,0.880734,109.0,96.0,13.0,0.0,0,0,0,12642.0,,2,,,,,,,,,,
2018,PHI,8475717,Calvin,Pickard,G,11,8.0,4.0,2.0,2.0,4.007178,0.863436,227.0,196.0,31.0,1.0,0,0,0,27850.0,2.0,2,,,,,,,,,,
2018,PHI,8476932,Anthony,Stolarz,G,12,10.0,4.0,3.0,3.0,3.334745,0.902235,358.0,323.0,35.0,1.0,0,0,0,37784.0,,2,,,,,,,,,,
2018,PHI,8479312,Alex,Lyon,G,2,1.0,0.0,1.0,0.0,5.083546,0.806452,31.0,25.0,6.0,0.0,0,0,0,4249.0,,2,,,,,,,,,,
2018,PHI,8479394,Carter,Hart,G,31,30.0,16.0,13.0,1.0,2.830655,0.917008,976.0,895.0,81.0,0.0,0,0,0,103015.0,,2,,,,,,,,,,
2018,PHI,8473512,Claude,Giroux,R,82,,,,,,,,,,,22,63,85,,24.0,2,9.0,2.0,1.0,4.0,1.0,229.0,0.0961,1287.4024,26.1,0.579
2018,PHI,8473584,Andrew,MacDonald,D,47,,,,,,,,,,,0,9,9,,18.0,2,-5.0,0.0,0.0,0.0,0.0,41.0,0.0,983.6596,21.6,0.0
2018,PHI,8474037,James,van Riemsdyk,L,66,,,,,,,,,,,27,21,48,,18.0,2,-10.0,8.0,0.0,4.0,0.0,167.0,0.1617,996.2121,20.3,0.5455
2018,PHI,8474161,Jakub,Voracek,R,78,,,,,,,,,,,20,46,66,,25.0,2,-16.0,4.0,0.0,2.0,0.0,210.0,0.0952,1120.3333,22.8,0.4
2018,PHI,8474190,Wayne,Simmonds,R,62,,,,,,,,,,,16,11,27,,90.0,2,-20.0,5.0,0.0,2.0,0.0,136.0,0.1176,992.8871,20.4,0.25
2018,PHI,8474627,Jori,Lehtera,C,27,,,,,,,,,,,1,2,3,,33.0,2,-7.0,0.0,0.0,0.0,0.0,17.0,0.0588,546.6667,14.4,0.5411
2018,PHI,8474668,Dale,Weise,R,42,,,,,,,,,,,5,6,11,,15.0,2,-6.0,0.0,1.0,1.0,0.0,53.0,0.0943,728.4286,18.2,0.2
2018,PHI,8475260,Corban,Knight,C,23,,,,,,,,,,,1,3,4,,0.0,2,-5.0,0.0,0.0,0.0,0.0,15.0,0.0667,580.6957,13.2,0.5207
2018,PHI,8475321,Phil,Varone,C,47,,,,,,,,,,,3,4,7,,8.0,2,-2.0,0.0,0.0,0.0,0.0,34.0,0.0882,474.7872,11.0,0.4969
2018,PHI,8475462,Radko,Gudas,D,77,,,,,,,,,,,4,16,20,,63.0,2,6.0,0.0,0.0,0.0,0.0,136.0,0.0294,1072.5195,23.2,0.0
2018,PHI,8475738,Jordan,Weal,C,28,,,,,,,,,,,3,6,9,,16.0,2,-5.0,0.0,0.0,0.0,0.0,33.0,0.0909,836.8929,18.4,0.5971
2018,PHI,8476461,Sean,Couturier,C,80,,,,,,,,,,,33,43,76,,34.0,2,2.0,8.0,1.0,5.0,1.0,223.0,0.148,1327.625,26.8,0.5707
2018,PHI,8476872,Scott,Laughton,C,82,,,,,,,,,,,12,20,32,,53.0,2,-11.0,0.0,0.0,1.0,0.0,130.0,0.0923,891.0732,20.3,0.5417
2018,PHI,8476906,Shayne,Gostisbehere,D,78,,,,,,,,,,,9,28,37,,22.0,2,-20.0,4.0,0.0,2.0,1.0,180.0,0.05,1179.5513,22.7,0.0
2018,PHI,8477290,Michael,Raffl,L,67,,,,,,,,,,,6,12,18,,32.0,2,-1.0,0.0,1.0,1.0,0.0,65.0,0.0923,684.9254,16.2,0.4118
2018,PHI,8477399,Tyrell,Goulbourne,L,2,,,,,,,,,,,0,0,0,,0.0,2,0.0,0.0,0.0,0.0,0.0,3.0,0.0,444.5,11.5,0.0
2018,PHI,8477451,Ryan,Hartman,R,19,,,,,,,,,,,2,4,6,,30.0,2,-6.0,0.0,0.0,0.0,0.0,32.0,0.0625,722.6316,15.2,0.6667
2018,PHI,8477462,Robert,Hagg,D,82,,,,,,,,,,,5,15,20,,63.0,2,-3.0,0.0,0.0,1.0,0.0,86.0,0.0581,1016.7195,23.1,0.0
2018,PHI,8477473,Justin,Bailey,R,11,,,,,,,,,,,0,1,1,,2.0,2,0.0,0.0,0.0,0.0,0.0,5.0,0.0,344.0909,8.9,0.0
2018,PHI,8477502,Samuel,Morin,L,5,,,,,,,,,,,0,0,0,,4.0,2,-3.0,0.0,0.0,0.0,0.0,5.0,0.0,742.2,17.2,0.0
2018,PHI,8477850,Christian,Folin,D,26,,,,,,,,,,,0,2,2,,16.0,2,5.0,0.0,0.0,0.0,0.0,20.0,0.0,932.6538,21.5,1.0
2018,PHI,8477948,Travis,Sanheim,D,82,,,,,,,,,,,9,26,35,,22.0,2,-4.0,2.0,0.0,2.0,1.0,121.0,0.0744,1173.5122,24.5,0.0
2018,PHI,8477979,Nicolas,Aube-Kubel,R,9,,,,,,,,,,,0,0,0,,0.0,2,1.0,0.0,0.0,0.0,0.0,2.0,0.0,335.3333,8.0,0.0
2018,PHI,8478017,Mark,Friedman,D,1,,,,,,,,,,,0,0,0,,0.0,2,-1.0,0.0,0.0,0.0,0.0,1.0,0.0,753.0,19.0,0.0
2018,PHI,8478067,Oskar,Lindblom,L,81,,,,,,,,,,,17,16,33,,20.0,2,-9.0,2.0,0.0,2.0,0.0,162.0,0.1049,824.6296,18.9,0.3
2018,PHI,8478439,Travis,Konecny,R,82,,,,,,,,,,,24,25,49,,40.0,2,-4.0,4.0,0.0,3.0,1.0,182.0,0.1319,915.6098,20.1,0.3182
2018,PHI,8478500,Ivan,Provorov,D,82,,,,,,,,,,,7,19,26,,32.0,2,-16.0,0.0,0.0,1.0,0.0,145.0,0.0483,1506.7195,28.9,0.0
2018,PHI,8478844,Mikhail,Vorobyev,C,15,,,,,,,,,,,1,1,2,,2.0,2,0.0,0.0,0.0,0.0,0.0,10.0,0.1,560.0,12.2,0.3521
2018,PHI,8479026,Philippe,Myers,D,21,,,,,,,,,,,1,1,2,,2.0,2,-5.0,0.0,0.0,0.0,0.0,25.0,0.04,922.0,19.5,0.0
2018,PHI,8479974,Nolan,Patrick,C,72,,,,,,,,,,,13,18,31,,27.0,2,-8.0,1.0,0.0,3.0,1.0,115.0,0.113,904.9583,20.6,0.5122
2018,PIT,8476899,Matt,Murray,G,50,50.0,29.0,14.0,6.0,2.687281,0.919072,1594.0,1465.0,129.0,4.0,0,0,0,172814.0,4.0,2,,,,,,,,,,
2018,PIT,8477465,Tristan,Jarry,G,2,2.0,0.0,1.0,1.0,3.498541,0.887097,62.0,55.0,7.0,0.0,0,0,0,7203.0,,2,,,,,,,,,,
2018,PIT,8479193,Casey,DeSmith,G,36,30.0,15.0,11.0,5.0,2.747549,0.916038,1060.0,971.0,89.0,3.0,0,0,0,116613.0,2.0,2,,,,,,,,,,
2018,PIT,8464989,Matt,Cullen,C,71,,,,,,,,,,,7,13,20,,14.0,2,6.0,0.0,2.0,2.0,0.0,87.0,0.0805,690.5775,18.4,0.5
2018,PIT,8471215,Evgeni,Malkin,C,68,,,,,,,,,,,21,51,72,,89.0,2,-25.0,9.0,0.0,5.0,0.0,187.0,0.1123,1128.2353,22.9,0.4568
2018,PIT,8471675,Sidney,Crosby,C,79,,,,,,,,,,,35,65,100,,36.0,2,18.0,12.0,0.0,3.0,1.0,220.0,0.1591,1259.5063,25.8,0.5542
2018,PIT,8471677,Jack,Johnson,D,82,,,,,,,,,,,1,12,13,,41.0,2,-4.0,1.0,0.0,0.0,0.0,86.0,0.0116,1156.7073,25.9,0.0
2018,PIT,8471724,Kris,Letang,D,65,,,,,,,,,,,16,40,56,,48.0,2,13.0,2.0,1.0,3.0,1.0,206.0,0.0777,1557.5538,29.6,0.0
2018,PIT,8471887,Patric,Hornqvist,R,69,,,,,,,,,,,18,19,37,,26.0,2,-3.0,6.0,0.0,2.0,0.0,197.0,0.0914,928.5797,20.5,0.5
2018,PIT,8473544,Derick,Brassard,C,40,,,,,,,,,,,9,6,15,,29.0,2,-6.0,0.0,0.0,0.0,0.0,62.0,0.1452,895.575,20.4,0.4751
2018,PIT,8473548,Phil,Kessel,R,82,,,,,,,,,,,27,55,82,,28.0,2,-19.0,12.0,0.0,10.0,2.0,215.0,0.1256,1078.6951,21.8,0.4444
2018,PIT,8474176,Carl,Hagelin,L,16,,,,,,,,,,,1,2,3,,12.0,2,2.0,0.0,0.0,0.0,0.0,28.0,0.0357,926.6875,21.5,0.1429
2018,PIT,8474602,Justin,Schultz,D,29,,,,,,,,,,,2,13,15,,4.0,2,0.0,1.0,0.0,0.0,0.0,47.0,0.0426,1230.069,26.4,0.0
2018,PIT,8474683,Derek,Grant,C,25,,,,,,,,,,,2,3,5,,6.0,2,3.0,0.0,0.0,0.0,0.0,26.0,0.0769,541.92,14.0,0.5714
2018,PIT,8475208,Brian,Dumoulin,D,76,,,,,,,,,,,3,20,23,,20.0,2,31.0,0.0,0.0,0.0,0.0,99.0,0.0303,1261.5132,27.8,0.0
2018,PIT,8475253,Garrett,Wilson,L,50,,,,,,,,,,,2,6,8,,18.0,2,2.0,0.0,0.0,0.0,0.0,54.0,0.037,456.9,11.8,0.4286
2018,PIT,8475760,Nick,Bjugstad,C,32,,,,,,,,,,,9,5,14,,14.0,2,4.0,1.0,0.0,1.0,0.0,94.0,0.0957,944.5,21.6,0.4848
2018,PIT,8475772,Riley,Sheahan,C,49,,,,,,,,,,,7,2,9,,13.0,2,-7.0,0.0,1.0,2.0,0.0,60.0,0.1167,759.3878,19.2,0.492
2018,PIT,8475790,Erik,Gudbranson,D,19,,,,,,,,,,,0,2,2,,4.0,2,7.0,0.0,0.0,0.0,0.0,22.0,0.0,1137.8421,25.3,0.0
2018,PIT,8475810,Bryan,Rust,R,72,,,,,,,,,,,18,17,35,,24.0,2,10.0,0.0,2.0,4.0,0.0,141.0,0.1277,954.2639,22.4,0.3333
2018,PIT,8475902,Zach,Trotman,D,13,,,,,,,,,,,0,1,1,,4.0,2,4.0,0.0,0.0,0.0,0.0,16.0,0.0,915.9231,21.0,0.0
2018,PIT,8476467,Jamie,Oleksiak,D,36,,,,,,,,,,,4,7,11,,37.0,2,5.0,0.0,0.0,0.0,0.0,35.0,0.1143,952.1944,21.8,0.0
2018,PIT,8476871,Tanner,Pearson,L,44,,,,,,,,,,,9,5,14,,13.0,2,-6.0,1.0,0.0,0.0,0.0,81.0,0.1111,793.2045,18.8,0.3333
2018,PIT,8476874,Olli,Maatta,D,60,,,,,,,,,,,1,13,14,,12.0,2,9.0,1.0,0.0,1.0,0.0,74.0,0.0135,1115.4,25.4,0.0
2018,PIT,8476927,Teddy,Blueger,C,28,,,,,,,,,,,6,4,10,,15.0,2,7.0,0.0,1.0,1.0,0.0,33.0,0.1818,663.4286,16.2,0.4457
2018,PIT,8477010,Joseph,Blandisi,C,6,,,,,,,,,,,0,0,0,,0.0,2,0.0,0.0,0.0,0.0,0.0,7.0,0.0,350.5,9.0,0.0
2018,PIT,8477244,Chad,Ruhwedel,D,18,,,,,,,,,,,1,1,2,,4.0,2,-9.0,0.0,0.0,1.0,0.0,22.0,0.0455,976.5556,22.3,0.0
2018,PIT,8477404,Jake,Guentzel,C,82,,,,,,,,,,,40,36,76,,26.0,2,13.0,6.0,1.0,4.0,1.0,227.0,0.1762,1161.0366,24.5,0.3333
2018,PIT,8477520,Jean-Sebastien,Dea,C,3,,,,,,,,,,,1,0,1,,2.0,2,1.0,0.0,0.0,0.0,0.0,2.0,0.5,422.6667,11.0,0.6667
2018,PIT,8477955,Jared,McCann,L,32,,,,,,,,,,,11,6,17,,13.0,2,8.0,0.0,3.0,1.0,0.0,72.0,0.1528,910.7813,22.0,0.477
2018,PIT,8477969,Marcus,Pettersson,D,57,,,,,,,,,,,2,17,19,,49.0,2,13.0,1.0,0.0,0.0,0.0,72.0,0.0278,1076.5789,24.4,1.0
2018,PIT,8478466,Daniel,Sprong,R,16,,,,,,,,,,,0,4,4,,0.0,2,-7.0,0.0,0.0,0.0,0.0,16.0,0.0,513.6875,12.1,0.5
2018,PIT,8478866,Dominik,Simon,C,71,,,,,,,,,,,8,20,28,,18.0,2,8.0,1.0,0.0,0.0,0.0,121.0,0.0661,799.493,18.5,0.3158
2018,PIT,8479944,Zachary,Aston-Reese,L,43,,,,,,,,,,,8,9,17,,26.0,2,12.0,0.0,1.0,1.0,0.0,76.0,0.1053,819.3953,20.4,0.4444
2018,PIT,8480341,Adam,Johnson,C,6,,,,,,,,,,,0,2,2,,0.0,2,2.0,0.0,0.0,0.0,0.0,3.0,0.0,318.3333,9.2,0.0
2018,PIT,8480945,Juuso,Riikola,D,37,,,,,,,,,,,2,3,5,,10.0,2,3.0,2.0,0.0,1.0,0.0,43.0,0.0465,1001.0811,23.1,0.0
2018,PIT,8476899,Matt,Murray,G,4,4.0,0.0,4.0,,3.015914,0.905512,127.0,115.0,12.0,0.0,0,0,0,14324.0,,3,,,,,,,,,,
2018,PIT,8464989,Matt,Cullen,C,4,,,,,,,,,,,0,0,0,,0.0,3,-1.0,0.0,0.0,0.0,0.0,3.0,0.0,672.0,17.0,0.5526
2018,PIT,8471215,Evgeni,Malkin,C,4,,,,,,,,,,,1,2,3,,6.0,3,-1.0,1.0,0.0,0.0,0.0,11.0,0.0909,1122.5,23.0,0.4792
2018,PIT,8471675,Sidney,Crosby,C,4,,,,,,,,,,,0,1,1,,2.0,3,-4.0,0.0,0.0,0.0,0.0,6.0,0.0,1343.5,25.3,0.5281
2018,PIT,8471677,Jack,Johnson,D,3,,,,,,,,,,,0,0,0,,6.0,3,-3.0,0.0,0.0,0.0,0.0,2.0,0.0,921.0,21.7,0.0
2018,PIT,8471724,Kris,Letang,D,4,,,,,,,,,,,0,1,1,,2.0,3,-3.0,0.0,0.0,0.0,0.0,14.0,0.0,1623.25,29.8,0.0
2018,PIT,8471887,Patric,Hornqvist,R,4,,,,,,,,,,,0,0,0,,8.0,3,-2.0,0.0,0.0,0.0,0.0,15.0,0.0,860.25,20.3,1.0
2018,PIT,8473548,Phil,Kessel,R,4,,,,,,,,,,,1,1,2,,2.0,3,-1.0,0.0,0.0,0.0,0.0,14.0,0.0714,1108.25,22.8,0.0
2018,PIT,8474602,Justin,Schultz,D,4,,,,,,,,,,,1,2,3,,0.0,3,-2.0,0.0,0.0,0.0,0.0,6.0,0.1667,1222.75,26.0,0.0
2018,PIT,8475208,Brian,Dumoulin,D,4,,,,,,,,,,,0,1,1,,0.0,3,-3.0,0.0,0.0,0.0,0.0,6.0,0.0,1258.5,27.8,0.0
2018,PIT,8475253,Garrett,Wilson,L,4,,,,,,,,,,,1,0,1,,0.0,3,-1.0,0.0,0.0,0.0,0.0,5.0,0.2,482.75,11.5,0.0
2018,PIT,8475760,Nick,Bjugstad,C,4,,,,,,,,,,,0,0,0,,2.0,3,-3.0,0.0,0.0,0.0,0.0,11.0,0.0,851.75,19.0,0.3902
2018,PIT,8475790,Erik,Gudbranson,D,4,,,,,,,,,,,1,0,1,,2.0,3,0.0,0.0,0.0,0.0,0.0,2.0,0.5,974.0,22.3,0.0
2018,PIT,8475810,Bryan,Rust,R,4,,,,,,,,,,,0,0,0,,2.0,3,-4.0,0.0,0.0,0.0,0.0,3.0,0.0,834.5,21.0,0.0
2018,PIT,8476874,Olli,Maatta,D,1,,,,,,,,,,,0,0,0,,0.0,3,-2.0,0.0,0.0,0.0,0.0,0.0,0.0,1124.0,26.0,0.0
2018,PIT,8476927,Teddy,Blueger,C,1,,,,,,,,,,,0,0,0,,0.0,3,0.0,0.0,0.0,0.0,0.0,2.0,0.0,701.0,19.0,0.0
2018,PIT,8477404,Jake,Guentzel,C,4,,,,,,,,,,,1,0,1,,0.0,3,-3.0,0.0,0.0,0.0,0.0,11.0,0.0909,1234.75,23.8,0.0
2018,PIT,8477955,Jared,McCann,L,3,,,,,,,,,,,0,1,1,,0.0,3,1.0,0.0,0.0,0.0,0.0,8.0,0.0,976.0,23.3,0.4286
2018,PIT,8477969,Marcus,Pettersson,D,4,,,,,,,,,,,0,1,1,,4.0,3,-1.0,0.0,0.0,0.0,0.0,8.0,0.0,1079.75,24.0,0.0
2018,PIT,8478866,Dominik,Simon,C,4,,,,,,,,,,,0,1,1,,0.0,3,-1.0,0.0,0.0,0.0,0.0,4.0,0.0,778.25,18.3,0.3333
2018,PIT,8479944,Zachary,Aston-Reese,L,4,,,,,,,,,,,0,0,0,,0.0,3,-2.0,0.0,0.0,0.0,0.0,5.0,0.0,628.5,16.5,0.0
2018,SJS,8474889,Martin,Jones,G,62,62.0,36.0,19.0,5.0,2.935602,0.89641,1699.0,1523.0,176.0,3.0,0,1,1,215833.0,2.0,2,,,,,,,,,,
2018,SJS,8477180,Aaron,Dell,G,25,20.0,10.0,8.0,4.0,3.173922,0.885808,613.0,543.0,70.0,2.0,0,0,0,79397.0,,2,,,,,,,,,,
2018,SJS,8466138,Joe,Thornton,C,73,,,,,,,,,,,16,35,51,,20.0,2,8.0,3.0,0.0,4.0,0.0,90.0,0.1778,932.9041,20.4,0.5274
2018,SJS,8470613,Brent,Burns,D,82,,,,,,,,,,,16,67,83,,34.0,2,13.0,7.0,1.0,6.0,2.0,300.0,0.0533,1505.9512,26.8,0.0
2018,SJS,8470794,Joe,Pavelski,C,75,,,,,,,,,,,38,26,64,,22.0,2,-4.0,12.0,1.0,6.0,1.0,188.0,0.2021,1142.64,24.1,0.5319
2018,SJS,8471709,Marc-Edouard,Vlasic,D,72,,,,,,,,,,,3,22,25,,10.0,2,-6.0,0.0,0.0,0.0,0.0,100.0,0.03,1262.5556,25.7,0.0
2018,SJS,8474027,Justin,Braun,D,78,,,,,,,,,,,2,14,16,,35.0,2,-14.0,0.0,0.0,0.0,0.0,105.0,0.019,1218.3974,25.1,0.0
2018,SJS,8474053,Logan,Couture,C,81,,,,,,,,,,,27,43,70,,22.0,2,-6.0,6.0,2.0,3.0,0.0,204.0,0.1324,1115.6914,24.3,0.4631
2018,SJS,8474230,Micheal,Haley,L,19,,,,,,,,,,,1,2,3,,45.0,2,0.0,0.0,0.0,0.0,0.0,14.0,0.0714,529.4211,13.2,0.1667
2018,SJS,8474578,Erik,Karlsson,D,53,,,,,,,,,,,3,42,45,,22.0,2,6.0,2.0,0.0,1.0,0.0,169.0,0.0178,1469.4151,26.1,0.0
2018,SJS,8474679,Gustav,Nyquist,R,19,,,,,,,,,,,6,5,11,,4.0,2,1.0,1.0,0.0,1.0,0.0,41.0,0.1463,933.6316,20.2,0.75
2018,SJS,8475169,Evander,Kane,L,75,,,,,,,,,,,30,26,56,,153.0,2,-4.0,5.0,1.0,1.0,0.0,268.0,0.1119,1104.6267,23.1,0.434
2018,SJS,8475455,Brenden,Dillon,D,82,,,,,,,,,,,1,21,22,,61.0,2,19.0,0.0,1.0,0.0,0.0,71.0,0.0141,1064.5854,21.9,0.0
2018,SJS,8475820,Joonas,Donskoi,R,80,,,,,,,,,,,14,23,37,,10.0,2,10.0,1.0,0.0,4.0,0.0,115.0,0.1217,805.3875,18.4,0.1
2018,SJS,8475834,Marcus,Sorensen,L,80,,,,,,,,,,,17,13,30,,23.0,2,10.0,0.0,1.0,1.0,0.0,100.0,0.17,777.7625,18.5,0.3871
2018,SJS,8475841,Tim,Heed,D,37,,,,,,,,,,,2,11,13,,10.0,2,9.0,1.0,0.0,0.0,0.0,41.0,0.0488,862.1081,18.1,0.0
2018,SJS,8476624,Barclay,Goodrow,C,82,,,,,,,,,,,7,10,17,,76.0,2,4.0,0.0,1.0,3.0,0.0,84.0,0.0833,660.5366,17.2,0.5372
2018,SJS,8476881,Tomas,Hertl,C,77,,,,,,,,,,,35,39,74,,18.0,2,5.0,11.0,1.0,5.0,1.0,176.0,0.1989,1141.1818,23.8,0.5148
2018,SJS,8477046,Joakim,Ryan,D,44,,,,,,,,,,,0,7,7,,15.0,2,-1.0,0.0,0.0,0.0,0.0,35.0,0.0,766.4545,16.1,0.0
2018,SJS,8477922,Melker,Karlsson,C,79,,,,,,,,,,,12,4,16,,26.0,2,-1.0,0.0,0.0,2.0,0.0,79.0,0.1519,689.9747,17.8,0.5556
2018,SJS,8478078,Rourke,Chartier,C,13,,,,,,,,,,,1,0,1,,2.0,2,-5.0,0.0,0.0,0.0,0.0,19.0,0.0526,564.1538,14.4,0.4
2018,SJS,8478099,Kevin,Labanc,R,82,,,,,,,,,,,17,39,56,,36.0,2,-1.0,2.0,0.0,4.0,2.0,130.0,0.1308,841.1829,18.5,0.3913
2018,SJS,8478136,Jake,Middleton,D,3,,,,,,,,,,,0,1,1,,2.0,2,-1.0,0.0,0.0,0.0,0.0,0.0,0.0,596.0,13.7,0.0
2018,SJS,8478414,Timo,Meier,R,78,,,,,,,,,,,30,36,66,,55.0,2,9.0,6.0,0.0,2.0,2.0,250.0,0.12,1018.359,22.2,0.3158
2018,SJS,8479580,Dylan,Gambrell,C,8,,,,,,,,,,,0,0,0,,2.0,2,1.0,0.0,0.0,0.0,0.0,6.0,0.0,517.75,12.3,0.5128
2018,SJS,8480160,Radim,Simek,D,41,,,,,,,,,,,1,8,9,,8.0,2,7.0,0.0,0.0,1.0,0.0,41.0,0.0244,912.9756,20.7,0.0
2018,SJS,8480780,Lukas,Radil,C,36,,,,,,,,,,,7,4,11,,6.0,2,7.0,0.0,0.0,2.0,0.0,40.0,0.175,640.9444,15.3,0.6667
2018,SJS,8480965,Antti,Suomela,C,27,,,,,,,,,,,3,5,8,,4.0,2,1.0,0.0,0.0,0.0,0.0,42.0,0.0714,679.037,16.6,0.4454
2018,SJS,8474889,Martin,Jones,G,20,20.0,10.0,9.0,,3.016469,0.897707,567.0,509.0,58.0,0.0,0,2,2,69220.0,,3,,,,,,,,,,
2018,SJS,8477180,Aaron,Dell,G,2,0.0,0.0,1.0,,3.350081,0.861111,36.0,31.0,5.0,0.0,0,0,0,5373.0,,3,,,,,,,,,,
2018,SJS,8466138,Joe,Thornton,C,19,,,,,,,,,,,4,6,10,,6.0,3,-6.0,0.0,0.0,0.0,0.0,29.0,0.1379,955.8947,22.8,0.5138
2018,SJS,8470613,Brent,Burns,D,20,,,,,,,,,,,5,11,16,,6.0,3,2.0,1.0,0.0,0.0,0.0,57.0,0.0877,1704.5,33.4,0.0
2018,SJS,8470794,Joe,Pavelski,C,13,,,,,,,,,,,4,5,9,,4.0,3,-3.0,2.0,0.0,0.0,0.0,26.0,0.1538,1179.3846,25.2,0.4783
2018,SJS,8471709,Marc-Edouard,Vlasic,D,18,,,,,,,,,,,3,5,8,,4.0,3,6.0,0.0,0.0,1.0,0.0,26.0,0.1154,1413.0,30.8,0.0
2018,SJS,8474027,Justin,Braun,D,20,,,,,,,,,,,0,1,1,,8.0,3,-3.0,0.0,0.0,0.0,0.0,25.0,0.0,1288.4,29.0,0.0
2018,SJS,8474053,Logan,Couture,C,20,,,,,,,,,,,14,6,20,,6.0,3,3.0,3.0,1.0,1.0,0.0,67.0,0.209,1208.55,28.3,0.4667
2018,SJS,8474230,Micheal,Haley,L,11,,,,,,,,,,,0,0,0,,18.0,3,-1.0,0.0,0.0,0.0,0.0,6.0,0.0,415.0909,11.7,1.0
2018,SJS,8474578,Erik,Karlsson,D,19,,,,,,,,,,,2,14,16,,8.0,3,-3.0,0.0,0.0,1.0,1.0,51.0,0.0392,1484.8947,29.9,0.0
2018,SJS,8474679,Gustav,Nyquist,R,20,,,,,,,,,,,1,10,11,,0.0,3,1.0,0.0,0.0,0.0,0.0,23.0,0.0435,932.6,22.7,0.0
2018,SJS,8475169,Evander,Kane,L,20,,,,,,,,,,,2,6,8,,61.0,3,-4.0,0.0,0.0,0.0,0.0,57.0,0.0351,1191.85,26.6,0.25
2018,SJS,8475455,Brenden,Dillon,D,20,,,,,,,,,,,0,2,2,,24.0,3,-8.0,0.0,0.0,0.0,0.0,12.0,0.0,986.9,24.0,0.0
2018,SJS,8475820,Joonas,Donskoi,R,12,,,,,,,,,,,1,2,3,,4.0,3,1.0,0.0,0.0,1.0,0.0,11.0,0.0909,746.25,19.7,0.0
2018,SJS,8475834,Marcus,Sorensen,L,18,,,,,,,,,,,0,5,5,,2.0,3,-3.0,0.0,0.0,0.0,0.0,15.0,0.0,784.8889,20.6,0.5
2018,SJS,8475841,Tim,Heed,D,3,,,,,,,,,,,0,0,0,,0.0,3,0.0,0.0,0.0,0.0,0.0,4.0,0.0,852.0,21.7,0.0
2018,SJS,8476624,Barclay,Goodrow,C,20,,,,,,,,,,,2,0,2,,22.0,3,-3.0,0.0,0.0,2.0,1.0,15.0,0.1333,702.95,19.4,0.4891
2018,SJS,8476881,Tomas,Hertl,C,19,,,,,,,,,,,10,5,15,,4.0,3,2.0,5.0,1.0,2.0,1.0,59.0,0.1695,1311.5263,28.8,0.5622
2018,SJS,8477046,Joakim,Ryan,D,20,,,,,,,,,,,0,1,1,,0.0,3,-2.0,0.0,0.0,0.0,0.0,6.0,0.0,521.25,12.6,0.0
2018,SJS,8477922,Melker,Karlsson,C,20,,,,,,,,,,,0,2,2,,4.0,3,-2.0,0.0,0.0,0.0,0.0,20.0,0.0,698.35,19.2,0.5
2018,SJS,8478099,Kevin,Labanc,R,20,,,,,,,,,,,4,5,9,,14.0,3,-7.0,1.0,0.0,1.0,0.0,34.0,0.1176,890.9,20.5,0.4286
2018,SJS,8478414,Timo,Meier,R,20,,,,,,,,,,,5,10,15,,34.0,3,3.0,0.0,0.0,1.0,0.0,54.0,0.0926,1025.5,25.0,0.5556
2018,SJS,8479580,Dylan,Gambrell,C,2,,,,,,,,,,,1,0,1,,2.0,3,0.0,0.0,0.0,0.0,0.0,3.0,0.3333,585.0,13.5,0.4
2018,SJS,8480780,Lukas,Radil,C,6,,,,,,,,,,,0,0,0,,0.0,3,-1.0,0.0,0.0,0.0,0.0,4.0,0.0,582.8333,14.0,1.0
2018,STL,8473434,Chad,Johnson,G,10,7.0,2.0,6.0,0.0,3.545352,0.884,250.0,221.0,29.0,1.0,0,0,0,29447.0,,2,,,,,,,,,,
2018,STL,8474596,Jake,Allen,G,46,45.0,19.0,17.0,8.0,2.827156,0.905247,1277.0,1156.0,121.0,3.0,0,0,0,154077.0,,2,,,,,,,,,,
2018,STL,8476412,Jordan,Binnington,G,32,30.0,24.0,5.0,1.0,1.886573,0.92689,807.0,748.0,59.0,5.0,0,0,0,112585.0,,2,,,,,,,,,,
2018,STL,8469501,Chris,Thorburn,R,1,,,,,,,,,,,0,0,0,,0.0,2,0.0,0.0,0.0,0.0,0.0,0.0,0.0,112.0,3.0,0.0
2018,STL,8470151,Jay,Bouwmeester,D,78,,,,,,,,,,,3,14,17,,40.0,2,-3.0,0.0,0.0,1.0,0.0,82.0,0.0366,1243.8333,26.6,0.0
2018,STL,8470257,Alexander,Steen,L,65,,,,,,,,,,,10,17,27,,14.0,2,2.0,2.0,1.0,0.0,0.0,114.0,0.0877,950.4769,22.0,0.3793
2018,STL,8471761,Chris,Butler,D,13,,,,,,,,,,,1,1,2,,0.0,2,3.0,0.0,0.0,0.0,0.0,10.0,0.1,842.3077,20.4,0.0
2018,STL,8474034,Patrick,Maroon,L,74,,,,,,,,,,,10,18,28,,64.0,2,-3.0,2.0,0.0,3.0,0.0,118.0,0.0847,850.1757,17.4,0.4
2018,STL,8474102,David,Perron,L,57,,,,,,,,,,,23,23,46,,46.0,2,3.0,7.0,0.0,1.0,0.0,112.0,0.2054,1025.7193,20.9,0.4545
2018,STL,8474125,Carl,Gunnarsson,D,25,,,,,,,,,,,3,4,7,,6.0,2,8.0,0.0,0.0,1.0,0.0,21.0,0.1429,955.88,22.7,0.0
2018,STL,8474145,Robert,Bortuzzo,D,59,,,,,,,,,,,2,8,10,,47.0,2,9.0,0.0,0.0,0.0,0.0,75.0,0.0267,928.3898,22.4,0.0
2018,STL,8474565,Alex,Pietrangelo,D,71,,,,,,,,,,,13,28,41,,22.0,2,2.0,3.0,0.0,2.0,0.0,168.0,0.0774,1444.6197,29.0,0.0
2018,STL,8474584,Michael,Del Zotto,D,7,,,,,,,,,,,0,3,3,,0.0,2,-2.0,0.0,0.0,0.0,0.0,5.0,0.0,782.4286,17.0,0.0
2018,STL,8475098,Tyler,Bozak,C,72,,,,,,,,,,,13,25,38,,20.0,2,-3.0,2.0,0.0,3.0,0.0,141.0,0.0922,980.9306,21.3,0.5434
2018,STL,8475158,Ryan,O'Reilly,C,82,,,,,,,,,,,28,49,77,,12.0,2,22.0,6.0,1.0,5.0,2.0,234.0,0.1197,1245.5244,25.6,0.5686
2018,STL,8475170,Brayden,Schenn,C,72,,,,,,,,,,,17,37,54,,40.0,2,3.0,4.0,0.0,5.0,1.0,159.0,0.1069,1115.3889,22.8,0.475
2018,STL,8475325,Jordan,Nolan,C,14,,,,,,,,,,,0,2,2,,14.0,2,2.0,0.0,0.0,0.0,0.0,17.0,0.0,476.2857,11.8,0.0
2018,STL,8475765,Vladimir,Tarasenko,R,76,,,,,,,,,,,33,35,68,,22.0,2,8.0,12.0,0.0,5.0,1.0,275.0,0.12,1103.9737,23.3,0.6667
2018,STL,8475768,Jaden,Schwartz,L,69,,,,,,,,,,,11,25,36,,16.0,2,-6.0,2.0,0.0,1.0,0.0,183.0,0.0601,1087.6812,22.8,0.4865
2018,STL,8476441,Joel,Edmundson,D,64,,,,,,,,,,,2,9,11,,68.0,2,8.0,0.0,0.0,1.0,0.0,102.0,0.0196,1163.2188,26.4,0.0
2018,STL,8476877,Jordan,Schmaltz,D,20,,,,,,,,,,,0,2,2,,2.0,2,-7.0,0.0,0.0,0.0,0.0,11.0,0.0,689.15,17.0,0.0
2018,STL,8476892,Colton,Parayko,D,80,,,,,,,,,,,10,18,28,,15.0,2,20.0,4.0,0.0,3.0,1.0,176.0,0.0568,1367.0125,29.1,0.0
2018,STL,8476897,Oskar,Sundqvist,C,74,,,,,,,,,,,14,17,31,,22.0,2,-1.0,0.0,1.0,2.0,0.0,113.0,0.1239,829.1216,18.7,0.4196
2018,STL,8476907,Mackenzie,MacEachern,L,29,,,,,,,,,,,3,2,5,,10.0,2,0.0,0.0,0.0,1.0,0.0,33.0,0.0909,481.931,11.6,0.0
2018,STL,8477482,Zachary,Sanford,L,60,,,,,,,,,,,8,12,20,,21.0,2,8.0,0.0,0.0,2.0,0.0,77.0,0.1039,754.7333,17.3,0.6154
2018,STL,8477952,Robby,Fabbri,C,32,,,,,,,,,,,2,4,6,,6.0,2,-4.0,0.0,0.0,1.0,0.0,43.0,0.0465,759.2188,16.3,0.2857
2018,STL,8477964,Ivan,Barbashev,L,80,,,,,,,,,,,14,12,26,,17.0,2,-4.0,0.0,2.0,1.0,0.0,60.0,0.2333,690.85,16.7,0.4558
2018,STL,8478104,Sammy,Blais,L,32,,,,,,,,,,,2,2,4,,6.0,2,-1.0,0.0,0.0,0.0,0.0,27.0,0.0741,591.1875,13.4,0.5
2018,STL,8478373,Nikita,Soshnikov,R,5,,,,,,,,,,,0,0,0,,0.0,2,-1.0,0.0,0.0,0.0,0.0,1.0,0.0,430.0,11.4,0.0
2018,STL,8478407,Vince,Dunn,D,78,,,,,,,,,,,12,23,35,,45.0,2,14.0,3.0,0.0,4.0,1.0,150.0,0.08,1051.9487,23.3,0.0
2018,STL,8479385,Jordan,Kyrou,R,16,,,,,,,,,,,1,2,3,,4.0,2,-1.0,0.0,0.0,0.0,0.0,16.0,0.0625,579.5625,13.3,1.0
2018,STL,8480023,Robert,Thomas,C,70,,,,,,,,,,,9,24,33,,14.0,2,-2.0,3.0,0.0,0.0,0.0,80.0,0.1125,784.3571,16.9,0.4409
2018,STL,8480143,Jakub,Jerabek,D,1,,,,,,,,,,,0,0,0,,2.0,2,-3.0,0.0,0.0,0.0,0.0,1.0,0.0,472.0,15.0,0.0
2018,STL,8474596,Jake,Allen,G,1,0.0,,,,2.452313,0.75,4.0,3.0,1.0,0.0,0,0,0,1468.0,,3,,,,,,,,,,
2018,STL,8476412,Jordan,Binnington,G,26,26.0,16.0,10.0,,2.462324,0.913747,742.0,678.0,64.0,1.0,0,1,1,93570.0,4.0,3,,,,,,,,,,
2018,STL,8470151,Jay,Bouwmeester,D,26,,,,,,,,,,,0,7,7,,18.0,3,9.0,0.0,0.0,0.0,0.0,23.0,0.0,1409.6923,32.7,0.0
2018,STL,8470257,Alexander,Steen,L,26,,,,,,,,,,,2,3,5,,2.0,3,2.0,0.0,0.0,0.0,0.0,20.0,0.1,801.9615,21.8,0.4
2018,STL,8474034,Patrick,Maroon,L,26,,,,,,,,,,,3,4,7,,8.0,3,-3.0,0.0,0.0,2.0,1.0,37.0,0.0811,740.1923,17.4,0.5
2018,STL,8474102,David,Perron,L,26,,,,,,,,,,,7,9,16,,16.0,3,4.0,2.0,0.0,2.0,0.0,58.0,0.1207,1091.6538,23.6,0.4
2018,STL,8474125,Carl,Gunnarsson,D,19,,,,,,,,,,,1,2,3,,4.0,3,6.0,0.0,0.0,1.0,1.0,6.0,0.1667,896.6842,24.1,0.0
2018,STL,8474145,Robert,Bortuzzo,D,17,,,,,,,,,,,2,0,2,,30.0,3,3.0,0.0,0.0,1.0,0.0,12.0,0.1667,739.0588,20.1,0.0
2018,STL,8474565,Alex,Pietrangelo,D,26,,,,,,,,,,,3,16,19,,12.0,3,5.0,0.0,0.0,1.0,0.0,77.0,0.039,1544.9615,34.4,0.0
2018,STL,8475098,Tyler,Bozak,C,26,,,,,,,,,,,5,8,13,,8.0,3,-2.0,1.0,0.0,2.0,0.0,33.0,0.1515,847.9231,22.4,0.5403
2018,STL,8475158,Ryan,O'Reilly,C,26,,,,,,,,,,,8,15,23,,4.0,3,2.0,1.0,0.0,2.0,0.0,54.0,0.1481,1260.3462,28.1,0.5008
2018,STL,8475170,Brayden,Schenn,C,26,,,,,,,,,,,5,7,12,,14.0,3,-2.0,1.0,0.0,0.0,0.0,57.0,0.0877,1122.9615,25.2,0.4967
2018,STL,8475765,Vladimir,Tarasenko,R,26,,,,,,,,,,,11,6,17,,4.0,3,-5.0,5.0,0.0,2.0,0.0,90.0,0.1222,1099.3077,24.8,0.0
2018,STL,8475768,Jaden,Schwartz,L,26,,,,,,,,,,,12,8,20,,2.0,3,9.0,2.0,0.0,2.0,0.0,63.0,0.1905,1048.1538,24.4,0.5882
2018,STL,8476441,Joel,Edmundson,D,22,,,,,,,,,,,1,6,7,,10.0,3,-2.0,0.0,0.0,0.0,0.0,22.0,0.0455,992.1364,25.5,0.0
2018,STL,8476892,Colton,Parayko,D,26,,,,,,,,,,,2,10,12,,10.0,3,6.0,1.0,0.0,0.0,0.0,59.0,0.0339,1507.0,34.8,0.0
2018,STL,8476897,Oskar,Sundqvist,C,25,,,,,,,,,,,4,5,9,,8.0,3,5.0,0.0,0.0,1.0,0.0,44.0,0.0909,968.44,23.7,0.4706
2018,STL,8477482,Zachary,Sanford,L,8,,,,,,,,,,,1,3,4,,0.0,3,4.0,0.0,0.0,0.0,0.0,8.0,0.125,600.0,15.8,0.0
2018,STL,8477952,Robby,Fabbri,C,10,,,,,,,,,,,1,0,1,,0.0,3,-4.0,0.0,0.0,0.0,0.0,11.0,0.0909,519.4,12.7,0.0
2018,STL,8477964,Ivan,Barbashev,L,25,,,,,,,,,,,3,3,6,,4.0,3,0.0,0.0,0.0,0.0,0.0,25.0,0.12,747.8,19.4,0.4828
2018,STL,8478104,Sammy,Blais,L,15,,,,,,,,,,,1,2,3,,10.0,3,3.0,0.0,0.0,0.0,0.0,22.0,0.0455,718.2667,16.7,0.0
2018,STL,8478407,Vince,Dunn,D,20,,,,,,,,,,,2,6,8,,8.0,3,-5.0,0.0,0.0,0.0,0.0,31.0,0.0645,909.7,22.7,0.0
2018,STL,8480023,Robert,Thomas,C,21,,,,,,,,,,,1,5,6,,10.0,3,-2.0,0.0,0.0,0.0,0.0,30.0,0.0333,787.2381,17.6,0.4091
2018,TOR,8474636,Michael,Hutchinson,G,5,5.0,2.0,3.0,0.0,2.644664,0.914474,152.0,139.0,13.0,1.0,0,0,0,17696.0,,2,,,,,,,,,,
2018,TOR,8475883,Frederik,Andersen,G,60,60.0,36.0,16.0,7.0,2.76903,0.917263,1958.0,1796.0,162.0,1.0,0,1,1,210615.0,2.0,2,,,,,,,,,,
2018,TOR,8476343,Garret,Sparks,G,20,17.0,8.0,9.0,1.0,3.150176,0.902027,592.0,534.0,58.0,1.0,0,0,0,66282.0,,2,,,,,,,,,,
2018,TOR,8466139,Patrick,Marleau,C,82,,,,,,,,,,,16,21,37,,28.0,2,-6.0,4.0,0.0,3.0,0.0,161.0,0.0994,980.6707,21.6,0.5123
2018,TOR,8468493,Ron,Hainsey,D,81,,,,,,,,,,,5,18,23,,21.0,2,30.0,0.0,1.0,0.0,0.0,81.0,0.0617,1215.358,26.9,1.0
2018,TOR,8474162,Jake,Muzzin,D,30,,,,,,,,,,,5,11,16,,14.0,2,11.0,1.0,0.0,1.0,0.0,63.0,0.0794,1261.8333,27.6,0.0
2018,TOR,8474581,Jake,Gardiner,D,62,,,,,,,,,,,3,27,30,,26.0,2,19.0,0.0,0.0,0.0,0.0,78.0,0.0385,1272.8387,26.4,0.0
2018,TOR,8474589,Tyler,Ennis,R,51,,,,,,,,,,,12,6,18,,2.0,2,-6.0,2.0,0.0,1.0,0.0,81.0,0.1481,596.3529,13.4,1.0
2018,TOR,8475166,John,Tavares,C,82,,,,,,,,,,,47,41,88,,34.0,2,19.0,10.0,0.0,8.0,1.0,286.0,0.1643,1145.3537,24.0,0.5445
2018,TOR,8475172,Nazem,Kadri,C,73,,,,,,,,,,,16,28,44,,43.0,2,-2.0,4.0,0.0,5.0,0.0,184.0,0.087,971.3836,20.5,0.5521
2018,TOR,8475716,Martin,Marincin,D,24,,,,,,,,,,,1,4,5,,12.0,2,-4.0,0.0,0.0,0.0,0.0,34.0,0.0294,912.0,21.8,0.0
2018,TOR,8475718,Justin,Holl,D,11,,,,,,,,,,,0,1,1,,2.0,2,-5.0,0.0,0.0,0.0,0.0,6.0,0.0,748.9091,17.4,0.0
2018,TOR,8475786,Zach,Hyman,L,71,,,,,,,,,,,21,20,41,,65.0,2,16.0,0.0,1.0,4.0,0.0,144.0,0.1458,1036.5352,23.9,0.4768
2018,TOR,8476410,Josh,Leivo,L,27,,,,,,,,,,,4,2,6,,7.0,2,1.0,2.0,0.0,2.0,0.0,38.0,0.1053,632.1111,14.1,0.3929
2018,TOR,8476853,Morgan,Rielly,D,82,,,,,,,,,,,20,52,72,,14.0,2,24.0,3.0,0.0,5.0,2.0,223.0,0.0897,1387.3293,28.8,0.0
2018,TOR,8477015,Connor,Brown,R,82,,,,,,,,,,,8,21,29,,16.0,2,11.0,0.0,0.0,0.0,0.0,85.0,0.0941,827.5244,19.9,0.3922
2018,TOR,8477341,Andreas,Johnsson,L,73,,,,,,,,,,,20,23,43,,32.0,2,14.0,3.0,0.0,3.0,0.0,130.0,0.1538,820.1096,19.3,0.3684
2018,TOR,8477464,Nic,Petan,C,5,,,,,,,,,,,1,0,1,,0.0,2,-3.0,0.0,0.0,1.0,0.0,5.0,0.2,522.4,11.8,0.375
2018,TOR,8477512,Frederik,Gauthier,C,70,,,,,,,,,,,3,11,14,,12.0,2,3.0,0.0,0.0,0.0,0.0,46.0,0.0652,501.9143,12.4,0.5369
2018,TOR,8477939,William,Nylander,R,54,,,,,,,,,,,7,20,27,,16.0,2,-4.0,1.0,0.0,0.0,0.0,130.0,0.0538,930.9444,21.2,0.5516
2018,TOR,8477953,Kasperi,Kapanen,R,78,,,,,,,,,,,20,24,44,,27.0,2,12.0,1.0,2.0,3.0,1.0,174.0,0.1149,996.6795,23.1,0.5
2018,TOR,8478408,Travis,Dermott,D,64,,,,,,,,,,,4,13,17,,22.0,2,-5.0,0.0,0.0,0.0,0.0,98.0,0.0408,1038.4063,22.7,0.0
2018,TOR,8478483,Mitch,Marner,R,82,,,,,,,,,,,26,68,94,,22.0,2,22.0,3.0,1.0,5.0,0.0,233.0,0.1116,1189.3415,25.2,0.6364
2018,TOR,8479318,Auston,Matthews,C,68,,,,,,,,,,,37,36,73,,12.0,2,-9.0,12.0,0.0,5.0,2.0,251.0,0.1474,1113.2941,23.4,0.5214
2018,TOR,8479458,Nikita,Zaitsev,D,81,,,,,,,,,,,3,11,14,,18.0,2,2.0,0.0,0.0,0.0,0.0,71.0,0.0423,1228.4198,26.5,0.0
2018,TOR,8479675,Trevor,Moore,L,25,,,,,,,,,,,2,6,8,,2.0,2,1.0,0.0,0.0,0.0,0.0,26.0,0.0769,545.64,13.4,0.0
2018,TOR,8480157,Calle,Rosen,D,4,,,,,,,,,,,1,0,1,,0.0,2,-3.0,0.0,0.0,0.0,0.0,5.0,0.2,1002.25,25.3,0.0
2018,TOR,8480943,Igor,Ozhiganov,D,53,,,,,,,,,,,3,4,7,,14.0,2,0.0,0.0,0.0,0.0,0.0,43.0,0.0698,840.9057,19.2,0.0
2018,TOR,8480944,Par,Lindholm,C,61,,,,,,,,,,,1,11,12,,18.0,2,5.0,0.0,0.0,0.0,0.0,60.0,0.0167,686.9508,17.6,0.5089
2018,TOR,8475883,Frederik,Andersen,G,7,7.0,3.0,4.0,,2.754842,0.922131,244.0,225.0,19.0,0.0,0,0,0,24829.0,,3,,,,,,,,,,
2018,TOR,8466139,Patrick,Marleau,C,7,,,,,,,,,,,0,2,2,,2.0,3,1.0,0.0,0.0,0.0,0.0,8.0,0.0,879.8571,20.9,0.6216
2018,TOR,8468493,Ron,Hainsey,D,7,,,,,,,,,,,0,1,1,,2.0,3,5.0,0.0,0.0,0.0,0.0,8.0,0.0,1223.4286,31.0,0.0
2018,TOR,8474162,Jake,Muzzin,D,7,,,,,,,,,,,0,2,2,,2.0,3,-6.0,0.0,0.0,0.0,0.0,7.0,0.0,1219.0,30.4,0.0
2018,TOR,8474581,Jake,Gardiner,D,7,,,,,,,,,,,0,2,2,,0.0,3,-2.0,0.0,0.0,0.0,0.0,7.0,0.0,970.0,22.4,0.0
2018,TOR,8474589,Tyler,Ennis,R,5,,,,,,,,,,,0,2,2,,2.0,3,1.0,0.0,0.0,0.0,0.0,5.0,0.0,517.4,12.2,0.0
2018,TOR,8475166,John,Tavares,C,7,,,,,,,,,,,2,3,5,,0.0,3,-5.0,0.0,0.0,0.0,0.0,21.0,0.0952,1180.2857,25.9,0.4745
2018,TOR,8475172,Nazem,Kadri,C,2,,,,,,,,,,,1,1,2,,19.0,3,1.0,0.0,0.0,0.0,0.0,3.0,0.3333,874.5,21.5,0.4615
2018,TOR,8475786,Zach,Hyman,L,7,,,,,,,,,,,1,0,1,,2.0,3,-3.0,0.0,0.0,0.0,0.0,14.0,0.0714,1086.8571,26.9,0.3226
2018,TOR,8476853,Morgan,Rielly,D,7,,,,,,,,,,,1,4,5,,0.0,3,0.0,0.0,0.0,0.0,0.0,26.0,0.0385,1504.5714,34.1,0.0
2018,TOR,8477015,Connor,Brown,R,7,,,,,,,,,,,0,1,1,,2.0,3,2.0,0.0,0.0,0.0,0.0,6.0,0.0,780.0,20.3,0.5
2018,TOR,8477341,Andreas,Johnsson,L,7,,,,,,,,,,,1,3,4,,0.0,3,-4.0,1.0,0.0,1.0,0.0,15.0,0.0667,966.8571,23.0,0.0
2018,TOR,8477512,Frederik,Gauthier,C,7,,,,,,,,,,,0,0,0,,2.0,3,1.0,0.0,0.0,0.0,0.0,1.0,0.0,444.5714,13.0,0.3438
2018,TOR,8477939,William,Nylander,R,7,,,,,,,,,,,1,2,3,,2.0,3,1.0,0.0,0.0,0.0,0.0,14.0,0.0714,939.8571,23.3,0.5
2018,TOR,8477953,Kasperi,Kapanen,R,7,,,,,,,,,,,1,1,2,,2.0,3,-1.0,0.0,0.0,1.0,0.0,18.0,0.0556,1030.4286,24.1,0.0
2018,TOR,8478408,Travis,Dermott,D,7,,,,,,,,,,,1,2,3,,2.0,3,0.0,0.0,0.0,0.0,0.0,6.0,0.1667,927.0,21.6,0.0
2018,TOR,8478483,Mitch,Marner,R,7,,,,,,,,,,,2,2,4,,2.0,3,-4.0,0.0,1.0,1.0,0.0,19.0,0.1053,1234.7143,28.4,1.0
2018,TOR,8479318,Auston,Matthews,C,7,,,,,,,,,,,5,1,6,,2.0,3,-3.0,2.0,0.0,0.0,0.0,32.0,0.1563,1187.4286,25.4,0.514
2018,TOR,8479458,Nikita,Zaitsev,D,7,,,,,,,,,,,0,0,0,,2.0,3,-3.0,0.0,0.0,0.0,0.0,8.0,0.0,1137.2857,29.6,0.0
2018,TOR,8479675,Trevor,Moore,L,7,,,,,,,,,,,1,0,1,,0.0,3,1.0,0.0,0.0,0.0,0.0,6.0,0.1667,466.2857,12.6,0.0
2018,TBL,8475277,Edward,Pasquale,G,3,3.0,2.0,1.0,0.0,3.956767,0.882353,102.0,90.0,12.0,0.0,0,0,0,10918.0,,2,,,,,,,,,,
2018,TBL,8475839,Louis,Domingue,G,26,26.0,21.0,5.0,0.0,2.883474,0.907635,812.0,737.0,75.0,0.0,0,1,1,93637.0,4.0,2,,,,,,,,,,
2018,TBL,8476883,Andrei,Vasilevskiy,G,53,53.0,39.0,10.0,4.0,2.39719,0.925277,1713.0,1585.0,128.0,6.0,0,3,3,192225.0,6.0,2,,,,,,,,,,
2018,TBL,8470601,Braydon,Coburn,D,74,,,,,,,,,,,4,19,23,,34.0,2,4.0,0.0,0.0,0.0,0.0,113.0,0.0354,966.6081,20.3,0.0
2018,TBL,8471339,Ryan,Callahan,R,52,,,,,,,,,,,7,10,17,,14.0,2,7.0,1.0,0.0,3.0,0.0,76.0,0.0921,668.3462,16.3,0.2857
2018,TBL,8471873,Anton,Stralman,D,47,,,,,,,,,,,2,15,17,,8.0,2,12.0,0.0,0.0,0.0,0.0,57.0,0.0351,1231.383,23.7,0.0
2018,TBL,8471958,Dan,Girardi,D,62,,,,,,,,,,,4,12,16,,12.0,2,6.0,0.0,0.0,0.0,0.0,75.0,0.0533,1068.0161,22.1,0.0
2018,TBL,8473986,Alex,Killorn,L,82,,,,,,,,,,,18,22,40,,45.0,2,22.0,2.0,1.0,2.0,1.0,153.0,0.1176,892.4634,19.9,0.2
2018,TBL,8474151,Ryan,McDonagh,D,82,,,,,,,,,,,9,37,46,,34.0,2,38.0,0.0,0.0,1.0,0.0,128.0,0.0703,1325.2927,25.2,0.0
2018,TBL,8474564,Steven,Stamkos,C,82,,,,,,,,,,,45,53,98,,37.0,2,4.0,19.0,2.0,6.0,0.0,234.0,0.1923,1098.0122,21.8,0.531
2018,TBL,8474611,Cameron,Gaunce,D,2,,,,,,,,,,,0,0,0,,7.0,2,3.0,0.0,0.0,0.0,0.0,2.0,0.0,940.0,19.5,0.0
2018,TBL,8474870,Tyler,Johnson,C,80,,,,,,,,,,,29,18,47,,28.0,2,15.0,1.0,1.0,4.0,0.0,163.0,0.1779,956.9,20.6,0.4863
2018,TBL,8475167,Victor,Hedman,D,70,,,,,,,,,,,12,42,54,,44.0,2,24.0,2.0,0.0,4.0,2.0,182.0,0.0659,1366.2286,24.8,0.0
2018,TBL,8476195,Cory,Conacher,C,1,,,,,,,,,,,0,0,0,,2.0,2,0.0,0.0,0.0,0.0,0.0,1.0,0.0,515.0,13.0,0.0
2018,TBL,8476292,Ondrej,Palat,L,64,,,,,,,,,,,8,26,34,,20.0,2,4.0,2.0,0.0,1.0,0.0,100.0,0.08,893.25,18.9,0.1176
2018,TBL,8476453,Nikita,Kucherov,R,82,,,,,,,,,,,41,87,128,,62.0,2,24.0,15.0,0.0,8.0,0.0,246.0,0.1667,1197.9268,21.5,0.0
2018,TBL,8476468,J.T.,Miller,C,75,,,,,,,,,,,13,34,47,,30.0,2,8.0,4.0,0.0,4.0,0.0,108.0,0.1204,879.8933,18.1,0.4943
2018,TBL,8476826,Yanni,Gourde,C,80,,,,,,,,,,,22,26,48,,66.0,2,9.0,5.0,1.0,5.0,1.0,130.0,0.1692,950.3,20.0,0.5336
2018,TBL,8476886,Slater,Koekkoek,D,9,,,,,,,,,,,1,0,1,,4.0,2,0.0,0.0,0.0,0.0,0.0,15.0,0.0667,860.0,18.4,0.0
2018,TBL,8476975,Cedric,Paquette,C,80,,,,,,,,,,,13,4,17,,80.0,2,7.0,0.0,2.0,1.0,0.0,87.0,0.1494,720.2,17.5,0.526
2018,TBL,8477454,Adam,Erne,L,65,,,,,,,,,,,7,13,20,,40.0,2,10.0,2.0,0.0,3.0,0.0,70.0,0.1,632.8923,15.0,0.4783
2018,TBL,8478010,Brayden,Point,C,79,,,,,,,,,,,41,51,92,,28.0,2,27.0,20.0,0.0,7.0,2.0,191.0,0.2147,1135.1392,21.2,0.5082
2018,TBL,8478365,Danick,Martel,L,9,,,,,,,,,,,0,2,2,,8.0,2,3.0,0.0,0.0,0.0,0.0,16.0,0.0,610.6667,13.8,0.5
2018,TBL,8478416,Erik,Cernak,D,58,,,,,,,,,,,5,11,16,,58.0,2,25.0,1.0,0.0,1.0,0.0,107.0,0.0467,1155.0517,24.4,0.0
2018,TBL,8478472,Mathieu,Joseph,R,70,,,,,,,,,,,13,13,26,,26.0,2,5.0,0.0,0.0,1.0,0.0,95.0,0.1368,681.5143,16.4,0.2941
2018,TBL,8478519,Anthony,Cirelli,C,82,,,,,,,,,,,19,20,39,,34.0,2,25.0,0.0,5.0,5.0,1.0,123.0,0.1545,890.8171,20.0,0.5279
2018,TBL,8479410,Mikhail,Sergachev,D,75,,,,,,,,,,,6,26,32,,28.0,2,12.0,0.0,0.0,0.0,0.0,128.0,0.0469,1075.4,21.4,0.5
2018,TBL,8480172,Jan,Rutta,D,14,,,,,,,,,,,0,2,2,,4.0,2,4.0,0.0,0.0,0.0,0.0,20.0,0.0,866.2143,19.6,0.0
2018,TBL,8476883,Andrei,Vasilevskiy,G,4,4.0,0.0,4.0,,3.823279,0.855769,104.0,89.0,15.0,0.0,0,0,0,14124.0,,3,,,,,,,,,,
2018,TBL,8470601,Braydon,Coburn,D,2,,,,,,,,,,,0,1,1,,0.0,3,2.0,0.0,0.0,0.0,0.0,9.0,0.0,1027.5,22.5,0.0
2018,TBL,8471339,Ryan,Callahan,R,2,,,,,,,,,,,0,0,0,,4.0,3,0.0,0.0,0.0,0.0,0.0,4.0,0.0,607.5,15.5,0.0
2018,TBL,8471958,Dan,Girardi,D,4,,,,,,,,,,,0,0,0,,4.0,3,-2.0,0.0,0.0,0.0,0.0,3.0,0.0,1038.25,22.5,0.0
2018,TBL,8473986,Alex,Killorn,L,4,,,,,,,,,,,1,0,1,,6.0,3,2.0,0.0,1.0,0.0,0.0,3.0,0.3333,714.0,16.5,0.0
2018,TBL,8474151,Ryan,McDonagh,D,4,,,,,,,,,,,0,0,0,,2.0,3,-6.0,0.0,0.0,0.0,0.0,3.0,0.0,1372.5,27.8,0.0
2018,TBL,8474564,Steven,Stamkos,C,4,,,,,,,,,,,1,1,2,,2.0,3,-8.0,0.0,0.0,0.0,0.0,10.0,0.1,1134.0,23.0,0.4634
2018,TBL,8474870,Tyler,Johnson,C,4,,,,,,,,,,,0,1,1,,0.0,3,-3.0,0.0,0.0,0.0,0.0,4.0,0.0,937.25,20.8,0.0
2018,TBL,8475167,Victor,Hedman,D,2,,,,,,,,,,,0,0,0,,10.0,3,-2.0,0.0,0.0,0.0,0.0,6.0,0.0,1394.0,25.5,0.0
2018,TBL,8476292,Ondrej,Palat,L,4,,,,,,,,,,,1,0,1,,2.0,3,-2.0,0.0,0.0,0.0,0.0,4.0,0.25,1036.5,21.3,0.0
2018,TBL,8476453,Nikita,Kucherov,R,3,,,,,,,,,,,0,2,2,,19.0,3,-4.0,0.0,0.0,0.0,0.0,9.0,0.0,1311.0,22.7,0.0
2018,TBL,8476468,J.T.,Miller,C,4,,,,,,,,,,,0,2,2,,0.0,3,0.0,0.0,0.0,0.0,0.0,7.0,0.0,863.5,18.3,0.5882
2018,TBL,8476826,Yanni,Gourde,C,4,,,,,,,,,,,1,0,1,,0.0,3,-3.0,0.0,0.0,0.0,0.0,5.0,0.2,759.5,17.5,0.4762
2018,TBL,8476975,Cedric,Paquette,C,4,,,,,,,,,,,1,0,1,,0.0,3,-1.0,0.0,0.0,0.0,0.0,4.0,0.25,729.5,17.5,0.4651
2018,TBL,8477454,Adam,Erne,L,3,,,,,,,,,,,0,0,0,,2.0,3,0.0,0.0,0.0,0.0,0.0,4.0,0.0,540.6667,13.7,1.0
2018,TBL,8478010,Brayden,Point,C,4,,,,,,,,,,,1,0,1,,5.0,3,-5.0,1.0,0.0,0.0,0.0,7.0,0.1429,1156.25,23.0,0.5429
2018,TBL,8478416,Erik,Cernak,D,4,,,,,,,,,,,0,3,3,,0.0,3,-2.0,0.0,0.0,0.0,0.0,7.0,0.0,1288.75,28.8,0.0
2018,TBL,8478472,Mathieu,Joseph,R,4,,,,,,,,,,,0,0,0,,0.0,3,-2.0,0.0,0.0,0.0,0.0,4.0,0.0,629.25,14.8,0.0
2018,TBL,8478519,Anthony,Cirelli,C,4,,,,,,,,,,,1,1,2,,0.0,3,-2.0,0.0,0.0,0.0,0.0,12.0,0.0833,1085.0,22.0,0.5333
2018,TBL,8479410,Mikhail,Sergachev,D,4,,,,,,,,,,,1,1,2,,0.0,3,-4.0,0.0,0.0,0.0,0.0,9.0,0.1111,1128.75,23.8,0.0
2018,TBL,8480172,Jan,Rutta,D,4,,,,,,,,,,,0,2,2,,0.0,3,2.0,0.0,0.0,0.0,0.0,3.0,0.0,976.5,22.3,0.0
2018,VAN,8473614,Richard,Bachman,G,1,1.0,0.0,1.0,0.0,5.999998,0.793103,29.0,23.0,6.0,0.0,0,0,0,3600.0,,2,,,,,,,,,,
2018,VAN,8474593,Jacob,Markstrom,G,60,60.0,28.0,23.0,9.0,2.767421,0.912447,1896.0,1730.0,166.0,1.0,0,3,3,215941.0,2.0,2,,,,,,,,,,
2018,VAN,8475195,Anders,Nilsson,G,12,12.0,3.0,8.0,1.0,3.092206,0.895184,353.0,316.0,37.0,0.0,0,0,0,43076.0,,2,,,,,,,,,,
2018,VAN,8477967,Thatcher,Demko,G,9,8.0,4.0,3.0,1.0,2.808198,0.913194,288.0,263.0,25.0,0.0,0,1,1,32049.0,,2,,,,,,,,,,
2018,VAN,8480022,Michael,DiPietro,G,1,1.0,0.0,1.0,0.0,6.999998,0.708333,24.0,17.0,7.0,0.0,0,0,0,3600.0,,2,,,,,,,,,,
2018,VAN,8470626,Loui,Eriksson,L,81,,,,,,,,,,,11,18,29,,22.0,2,-11.0,1.0,0.0,2.0,0.0,107.0,0.1028,843.9012,20.6,0.3333
2018,VAN,8471303,Alexander,Edler,D,56,,,,,,,,,,,10,24,34,,54.0,2,3.0,4.0,0.0,2.0,2.0,128.0,0.0781,1474.1964,30.1,0.0
2018,VAN,8473415,Alex,Biega,D,41,,,,,,,,,,,2,14,16,,22.0,2,0.0,0.0,0.0,0.0,0.0,91.0,0.022,1060.2683,24.2,0.0
2018,VAN,8474040,Sam,Gagner,C,7,,,,,,,,,,,1,2,3,,4.0,2,-3.0,1.0,0.0,0.0,0.0,17.0,0.0588,1087.8571,21.3,0.4444
2018,VAN,8474091,Brandon,Sutter,C,26,,,,,,,,,,,4,2,6,,6.0,2,-12.0,1.0,1.0,0.0,0.0,43.0,0.093,1048.0385,26.0,0.4848
2018,VAN,8474291,Jay,Beagle,C,57,,,,,,,,,,,3,10,13,,18.0,2,-8.0,0.0,1.0,0.0,0.0,45.0,0.0667,819.2807,21.7,0.562
2018,VAN,8474568,Luke,Schenn,D,18,,,,,,,,,,,0,2,2,,9.0,2,-4.0,0.0,0.0,0.0,0.0,23.0,0.0,885.6111,21.3,0.0
2018,VAN,8474584,Michael,Del Zotto,D,23,,,,,,,,,,,1,3,4,,8.0,2,3.0,0.0,0.0,0.0,0.0,21.0,0.0476,1076.6957,22.8,0.0
2018,VAN,8474849,Antoine,Roussel,L,65,,,,,,,,,,,9,22,31,,118.0,2,5.0,0.0,0.0,1.0,0.0,84.0,0.1071,825.5385,21.6,0.5
2018,VAN,8475423,Darren,Archibald,R,9,,,,,,,,,,,1,1,2,,12.0,2,-1.0,0.0,0.0,0.0,0.0,8.0,0.125,458.3333,12.4,0.0
2018,VAN,8475690,Chris,Tanev,D,55,,,,,,,,,,,2,10,12,,18.0,2,3.0,0.0,0.0,0.0,0.0,51.0,0.0392,1210.0545,27.8,0.0
2018,VAN,8475727,Ryan,Spooner,C,11,,,,,,,,,,,0,4,4,,0.0,2,-1.0,0.0,0.0,0.0,0.0,18.0,0.0,816.3636,18.6,0.6364
2018,VAN,8475790,Erik,Gudbranson,D,57,,,,,,,,,,,2,6,8,,83.0,2,-27.0,0.0,0.0,1.0,0.0,72.0,0.0278,1079.1754,24.4,0.0
2018,VAN,8476410,Josh,Leivo,L,49,,,,,,,,,,,10,8,18,,25.0,2,4.0,1.0,0.0,0.0,0.0,113.0,0.0885,957.3469,21.6,0.3077
2018,VAN,8476423,Reid,Boucher,C,1,,,,,,,,,,,0,0,0,,0.0,2,0.0,0.0,0.0,0.0,0.0,0.0,0.0,328.0,10.0,0.0
2018,VAN,8476440,Markus,Granlund,C,77,,,,,,,,,,,12,10,22,,20.0,2,-4.0,2.0,0.0,1.0,0.0,123.0,0.0976,902.5325,21.6,0.4282
2018,VAN,8476466,Sven,Baertschi,L,26,,,,,,,,,,,9,5,14,,6.0,2,-9.0,3.0,0.0,0.0,0.0,43.0,0.2093,908.2692,20.0,0.25
2018,VAN,8476867,Brendan,Gaunce,C,3,,,,,,,,,,,1,2,3,,0.0,2,3.0,0.0,0.0,1.0,0.0,2.0,0.5,456.6667,12.3,0.6154
2018,VAN,8476871,Tanner,Pearson,L,19,,,,,,,,,,,9,3,12,,4.0,2,0.0,2.0,0.0,1.0,0.0,42.0,0.2143,987.7895,23.9,0.3333
2018,VAN,8476884,Derrick,Pouliot,D,62,,,,,,,,,,,3,9,12,,30.0,2,-1.0,1.0,0.0,1.0,1.0,58.0,0.0517,1029.5,22.6,0.0
2018,VAN,8476894,Brendan,Leipsic,L,17,,,,,,,,,,,2,3,5,,2.0,2,-10.0,0.0,0.0,1.0,0.0,36.0,0.0556,769.6471,17.8,0.6
2018,VAN,8477018,Ben,Hutton,D,69,,,,,,,,,,,5,15,20,,43.0,2,-23.0,1.0,0.0,1.0,0.0,114.0,0.0439,1341.3478,27.7,0.0
2018,VAN,8477085,Ashton,Sautner,D,17,,,,,,,,,,,0,1,1,,2.0,2,-2.0,0.0,0.0,0.0,0.0,21.0,0.0,872.6471,21.1,0.0
2018,VAN,8477213,Tim,Schaller,L,47,,,,,,,,,,,3,7,10,,9.0,2,-2.0,0.0,0.0,0.0,0.0,44.0,0.0682,639.766,16.2,0.5
2018,VAN,8477353,Tyler,Motte,C,74,,,,,,,,,,,9,7,16,,10.0,2,-12.0,0.0,2.0,1.0,0.0,114.0,0.0789,766.4865,19.3,0.3125
2018,VAN,8477500,Bo,Horvat,C,82,,,,,,,,,,,27,34,61,,33.0,2,-4.0,7.0,2.0,3.0,2.0,227.0,0.1189,1250.1341,27.0,0.5367
2018,VAN,8477937,Jake,Virtanen,R,70,,,,,,,,,,,15,10,25,,44.0,2,-4.0,2.0,0.0,1.0,0.0,154.0,0.0974,889.1429,21.7,0.3333
2018,VAN,8477958,Nikolay,Goldobin,R,63,,,,,,,,,,,7,20,27,,18.0,2,-10.0,1.0,0.0,1.0,0.0,105.0,0.0667,899.381,19.7,0.0
2018,VAN,8478444,Brock,Boeser,R,69,,,,,,,,,,,26,30,56,,22.0,2,-2.0,6.0,0.0,3.0,1.0,209.0,0.1244,1149.8261,23.5,0.4333
2018,VAN,8478465,Guillaume,Brisebois,D,8,,,,,,,,,,,0,0,0,,0.0,2,-4.0,0.0,0.0,0.0,0.0,5.0,0.0,660.5,16.8,0.0
2018,VAN,8478874,Adam,Gaudette,R,56,,,,,,,,,,,5,7,12,,18.0,2,-8.0,0.0,0.0,1.0,0.0,55.0,0.0909,656.9464,16.0,0.4043
2018,VAN,8479442,Troy,Stecher,D,78,,,,,,,,,,,2,21,23,,32.0,2,9.0,0.0,1.0,0.0,0.0,105.0,0.019,1195.0128,24.6,0.0
2018,VAN,8479772,Zack,MacEwen,R,4,,,,,,,,,,,0,1,1,,5.0,2,-4.0,0.0,0.0,0.0,0.0,2.0,0.0,431.0,11.8,0.0
2018,VAN,8480012,Elias,Pettersson,C,71,,,,,,,,,,,28,38,66,,12.0,2,3.0,10.0,0.0,7.0,1.0,144.0,0.1944,1093.5775,22.5,0.4099
2018,VAN,8480800,Quinn,Hughes,D,5,,,,,,,,,,,0,3,3,,2.0,2,0.0,0.0,0.0,0.0,0.0,6.0,0.0,1084.8,21.8,0.0
2018,VAN,8481425,Josh,Teves,D,1,,,,,,,,,,,0,0,0,,2.0,2,-1.0,0.0,0.0,0.0,0.0,0.0,0.0,820.0,17.0,0.0
2018,VAN,8481479,Brogan,Rafferty,D,2,,,,,,,,,,,0,0,0,,0.0,2,-1.0,0.0,0.0,0.0,0.0,3.0,0.0,801.0,17.5,0.0
2018,VGK,8470594,Marc-Andre,Fleury,G,61,61.0,35.0,21.0,5.0,2.508847,0.912894,1745.0,1593.0,152.0,8.0,0,2,2,218108.0,4.0,2,,,,,,,,,,
2018,VGK,8476509,Maxime,Lagace,G,1,1.0,0.0,1.0,0.0,4.032482,0.870968,31.0,27.0,4.0,0.0,0,0,0,3571.0,,2,,,,,,,,,,
2018,VGK,8476876,Malcolm,Subban,G,21,20.0,8.0,10.0,2.0,2.9345,0.901961,612.0,552.0,60.0,1.0,0,0,0,73607.0,4.0,2,,,,,,,,,,
2018,VGK,8468674,Deryk,Engelland,D,74,,,,,,,,,,,2,10,12,,18.0,2,-3.0,0.0,0.0,1.0,0.0,105.0,0.019,1192.6622,23.5,0.0
2018,VGK,8471669,Paul,Stastny,C,50,,,,,,,,,,,13,29,42,,30.0,2,14.0,1.0,1.0,2.0,0.0,103.0,0.1262,1086.24,20.1,0.5466
2018,VGK,8471817,Ryan,Reaves,R,80,,,,,,,,,,,9,11,20,,74.0,2,1.0,3.0,0.0,2.0,0.0,95.0,0.0947,652.3625,13.3,0.4255
2018,VGK,8474157,Max,Pacioretty,L,66,,,,,,,,,,,22,18,40,,36.0,2,-13.0,4.0,0.0,5.0,1.0,191.0,0.1152,1020.0758,18.4,0.3962
2018,VGK,8474207,Nick,Holden,D,61,,,,,,,,,,,3,12,15,,14.0,2,5.0,0.0,0.0,0.0,0.0,77.0,0.039,1097.541,22.9,0.0
2018,VGK,8475188,Brayden,McNabb,D,81,,,,,,,,,,,4,12,16,,52.0,2,11.0,0.0,0.0,1.0,0.0,84.0,0.0476,1168.716,23.8,0.0
2018,VGK,8475191,Reilly,Smith,R,74,,,,,,,,,,,19,34,53,,14.0,2,13.0,4.0,1.0,1.0,0.0,178.0,0.1067,1096.2973,21.1,0.7143
2018,VGK,8475204,Brandon,Pirri,C,31,,,,,,,,,,,12,6,18,,6.0,2,7.0,3.0,0.0,3.0,0.0,82.0,0.1463,866.8387,16.6,0.4412
2018,VGK,8475236,Cody,Eakin,C,78,,,,,,,,,,,22,19,41,,16.0,2,19.0,1.0,3.0,3.0,0.0,120.0,0.1833,922.7564,18.2,0.5096
2018,VGK,8475287,Erik,Haula,L,15,,,,,,,,,,,2,5,7,,10.0,2,1.0,0.0,0.0,0.0,0.0,26.0,0.0769,995.2667,19.3,0.5132
2018,VGK,8475715,Oscar,Lindberg,L,35,,,,,,,,,,,4,8,12,,24.0,2,3.0,0.0,0.0,0.0,0.0,66.0,0.0606,723.1143,15.3,0.4688
2018,VGK,8475750,Jon,Merrill,D,57,,,,,,,,,,,3,12,15,,53.0,2,16.0,0.0,1.0,0.0,0.0,72.0,0.0417,1072.7018,22.3,0.0
2018,VGK,8475913,Mark,Stone,R,18,,,,,,,,,,,5,6,11,,5.0,2,4.0,1.0,0.0,0.0,0.0,54.0,0.0926,1059.0,18.9,0.3333
2018,VGK,8476448,William,Karlsson,C,82,,,,,,,,,,,24,32,56,,16.0,2,1.0,7.0,1.0,5.0,0.0,169.0,0.142,1130.8171,21.2,0.4765
2018,VGK,8476525,Colin,Miller,D,65,,,,,,,,,,,3,26,29,,44.0,2,0.0,1.0,0.0,0.0,0.0,131.0,0.0229,1178.7538,24.3,0.0
2018,VGK,8476539,Jonathan,Marchessault,R,82,,,,,,,,,,,25,34,59,,52.0,2,2.0,5.0,0.0,6.0,1.0,278.0,0.0899,1088.7927,20.0,0.3725
2018,VGK,8476617,Tomas,Hyka,R,17,,,,,,,,,,,1,3,4,,2.0,2,-2.0,0.0,0.0,0.0,0.0,22.0,0.0455,705.9412,15.2,0.5
2018,VGK,8476779,Brad,Hunt,D,13,,,,,,,,,,,2,5,7,,2.0,2,3.0,1.0,0.0,1.0,0.0,28.0,0.0714,909.9231,18.6,0.0
2018,VGK,8477220,Nate,Schmidt,D,61,,,,,,,,,,,9,21,30,,8.0,2,22.0,1.0,0.0,1.0,0.0,112.0,0.0804,1317.0492,25.8,0.0
2018,VGK,8477447,Shea,Theodore,D,79,,,,,,,,,,,12,25,37,,20.0,2,-4.0,4.0,0.0,1.0,1.0,202.0,0.0594,1206.2025,24.5,1.0
2018,VGK,8477458,Valentin,Zykov,L,10,,,,,,,,,,,2,0,2,,0.0,2,-3.0,0.0,0.0,0.0,0.0,16.0,0.125,697.2,13.2,0.0
2018,VGK,8477478,William,Carrier,L,54,,,,,,,,,,,8,1,9,,29.0,2,-4.0,0.0,0.0,1.0,0.0,85.0,0.0941,596.6667,13.0,0.0
2018,VGK,8477846,Ryan,Carpenter,C,68,,,,,,,,,,,5,13,18,,8.0,2,-6.0,0.0,1.0,0.0,0.0,102.0,0.049,756.9412,15.9,0.5261
2018,VGK,8477901,Daniel,Carr,L,6,,,,,,,,,,,1,0,1,,0.0,2,-1.0,0.0,0.0,0.0,0.0,11.0,0.0909,589.5,12.2,0.0
2018,VGK,8477930,Pierre-Edouard,Bellemare,L,76,,,,,,,,,,,6,9,15,,6.0,2,2.0,0.0,2.0,0.0,0.0,108.0,0.0556,745.7895,15.7,0.5472
2018,VGK,8477931,Tomas,Nosek,L,68,,,,,,,,,,,8,9,17,,18.0,2,-10.0,0.0,1.0,1.0,0.0,116.0,0.069,748.25,15.5,0.6212
2018,VGK,8477949,Alex,Tuch,R,74,,,,,,,,,,,20,32,52,,8.0,2,13.0,3.0,0.0,6.0,1.0,180.0,0.1111,1003.6081,18.2,0.3839
2018,VGK,8481486,Jimmy,Schuldt,D,1,,,,,,,,,,,0,1,1,,0.0,2,-1.0,0.0,0.0,0.0,0.0,1.0,0.0,1263.0,22.0,0.0
2018,VGK,8470594,Marc-Andre,Fleury,G,7,7.0,3.0,4.0,,2.70077,0.908696,230.0,209.0,21.0,1.0,0,0,0,27992.0,,3,,,,,,,,,,
2018,VGK,8468674,Deryk,Engelland,D,7,,,,,,,,,,,0,1,1,,8.0,3,2.0,0.0,0.0,0.0,0.0,7.0,0.0,1399.2857,26.6,0.0
2018,VGK,8471669,Paul,Stastny,C,7,,,,,,,,,,,2,6,8,,2.0,3,2.0,1.0,0.0,1.0,0.0,15.0,0.1333,1208.7143,24.7,0.5497
2018,VGK,8471817,Ryan,Reaves,R,7,,,,,,,,,,,0,0,0,,17.0,3,-1.0,0.0,0.0,0.0,0.0,8.0,0.0,525.1429,12.9,0.0
2018,VGK,8474157,Max,Pacioretty,L,7,,,,,,,,,,,5,6,11,,4.0,3,1.0,2.0,0.0,1.0,0.0,30.0,0.1667,1173.5714,24.1,0.4
2018,VGK,8474207,Nick,Holden,D,1,,,,,,,,,,,0,0,0,,2.0,3,-2.0,0.0,0.0,0.0,0.0,0.0,0.0,814.0,19.0,0.0
2018,VGK,8475188,Brayden,McNabb,D,7,,,,,,,,,,,0,1,1,,8.0,3,4.0,0.0,0.0,0.0,0.0,5.0,0.0,1397.4286,29.7,0.0
2018,VGK,8475191,Reilly,Smith,R,7,,,,,,,,,,,1,5,6,,0.0,3,1.0,1.0,0.0,0.0,0.0,26.0,0.0385,1152.1429,25.7,0.3333
2018,VGK,8475204,Brandon,Pirri,C,1,,,,,,,,,,,0,0,0,,0.0,3,0.0,0.0,0.0,0.0,0.0,5.0,0.0,1035.0,22.0,0.0
2018,VGK,8475236,Cody,Eakin,C,7,,,,,,,,,,,2,0,2,,17.0,3,1.0,0.0,0.0,0.0,0.0,13.0,0.1538,1021.5714,21.9,0.5189
2018,VGK,8475750,Jon,Merrill,D,7,,,,,,,,,,,0,0,0,,0.0,3,-1.0,0.0,0.0,0.0,0.0,5.0,0.0,1105.0,24.1,0.0
2018,VGK,8475913,Mark,Stone,R,7,,,,,,,,,,,6,6,12,,2.0,3,2.0,2.0,0.0,1.0,0.0,16.0,0.375,1294.2857,26.1,0.0
2018,VGK,8476448,William,Karlsson,C,7,,,,,,,,,,,2,3,5,,2.0,3,1.0,0.0,1.0,0.0,0.0,17.0,0.1176,1225.2857,25.7,0.4643
2018,VGK,8476525,Colin,Miller,D,6,,,,,,,,,,,1,2,3,,6.0,3,1.0,0.0,1.0,0.0,0.0,9.0,0.1111,1118.5,24.8,0.0
2018,VGK,8476539,Jonathan,Marchessault,R,7,,,,,,,,,,,4,2,6,,6.0,3,1.0,2.0,0.0,0.0,0.0,26.0,0.1538,1102.1429,22.4,0.5714
2018,VGK,8477220,Nate,Schmidt,D,7,,,,,,,,,,,0,4,4,,2.0,3,2.0,0.0,0.0,0.0,0.0,9.0,0.0,1358.2857,28.6,0.0
2018,VGK,8477447,Shea,Theodore,D,7,,,,,,,,,,,1,7,8,,6.0,3,1.0,0.0,0.0,0.0,0.0,10.0,0.1,1376.0,29.0,0.0
2018,VGK,8477478,William,Carrier,L,7,,,,,,,,,,,0,0,0,,6.0,3,-1.0,0.0,0.0,0.0,0.0,8.0,0.0,531.8571,13.6,0.0
2018,VGK,8477930,Pierre-Edouard,Bellemare,L,6,,,,,,,,,,,0,0,0,,2.0,3,0.0,0.0,0.0,0.0,0.0,8.0,0.0,704.0,17.0,0.5079
2018,VGK,8477931,Tomas,Nosek,L,7,,,,,,,,,,,0,0,0,,14.0,3,-3.0,0.0,0.0,0.0,0.0,8.0,0.0,875.1429,19.1,0.4286
2018,VGK,8477949,Alex,Tuch,R,7,,,,,,,,,,,1,1,2,,8.0,3,0.0,0.0,0.0,0.0,0.0,20.0,0.05,1024.2857,21.0,0.75
2018,WPG,8476316,Laurent,Brossoit,G,21,19.0,13.0,6.0,2.0,2.522988,0.924847,652.0,603.0,49.0,1.0,0,0,0,69917.0,,2,,,,,,,,,,
2018,WPG,8476945,Connor,Hellebuyck,G,63,62.0,34.0,23.0,3.0,2.899487,0.912725,2051.0,1872.0,179.0,2.0,0,3,3,222246.0,4.0,2,,,,,,,,,,
2018,WPG,8477480,Eric,Comrie,G,1,1.0,0.0,1.0,0.0,5.009738,0.821429,28.0,23.0,5.0,0.0,0,0,0,3593.0,,2,,,,,,,,,,
2018,WPG,8468611,Matt,Hendricks,C,4,,,,,,,,,,,0,1,1,,0.0,2,0.0,0.0,0.0,0.0,0.0,3.0,0.0,483.5,12.3,1.0
2018,WPG,8470834,Dustin,Byfuglien,D,42,,,,,,,,,,,4,27,31,,69.0,2,4.0,1.0,0.0,1.0,0.0,115.0,0.0348,1461.5238,23.6,0.0
2018,WPG,8471218,Blake,Wheeler,R,82,,,,,,,,,,,20,71,91,,60.0,2,0.0,2.0,2.0,3.0,0.0,231.0,0.0866,1242.5854,24.1,0.3523
2018,WPG,8473412,Bryan,Little,C,82,,,,,,,,,,,15,26,41,,26.0,2,-12.0,4.0,0.0,5.0,1.0,126.0,0.119,949.9634,21.0,0.525
2018,WPG,8473618,Mathieu,Perreault,C,82,,,,,,,,,,,15,15,30,,44.0,2,-1.0,4.0,0.0,3.0,0.0,95.0,0.1579,733.9268,16.5,0.4906
2018,WPG,8474574,Tyler,Myers,D,80,,,,,,,,,,,9,22,31,,63.0,2,11.0,0.0,1.0,3.0,0.0,156.0,0.0577,1220.8125,22.6,0.0
2018,WPG,8475179,Dmitry,Kulikov,D,57,,,,,,,,,,,0,6,6,,47.0,2,4.0,0.0,0.0,0.0,0.0,40.0,0.0,939.807,18.6,0.0
2018,WPG,8475279,Ben,Chiarot,D,78,,,,,,,,,,,5,15,20,,62.0,2,6.0,0.0,0.0,1.0,0.0,111.0,0.045,1116.9744,20.9,0.0
2018,WPG,8475763,Kevin,Hayes,R,20,,,,,,,,,,,5,8,13,,2.0,2,-3.0,0.0,0.0,1.0,1.0,37.0,0.1351,917.1,20.2,0.5164
2018,WPG,8476392,Adam,Lowry,C,78,,,,,,,,,,,12,11,23,,33.0,2,6.0,0.0,1.0,3.0,0.0,105.0,0.1143,878.2949,21.6,0.5762
2018,WPG,8476460,Mark,Scheifele,C,82,,,,,,,,,,,38,46,84,,38.0,2,8.0,12.0,0.0,6.0,3.0,199.0,0.191,1311.7317,24.0,0.4626
2018,WPG,8476470,Nathan,Beaulieu,D,18,,,,,,,,,,,0,5,5,,7.0,2,5.0,0.0,0.0,0.0,0.0,25.0,0.0,1010.8889,19.6,0.0
2018,WPG,8476476,Joe,Morrow,D,41,,,,,,,,,,,1,6,7,,20.0,2,0.0,0.0,0.0,0.0,0.0,40.0,0.025,837.561,16.3,0.0
2018,WPG,8476799,Cameron,Schilling,D,4,,,,,,,,,,,0,1,1,,0.0,2,0.0,0.0,0.0,0.0,0.0,2.0,0.0,725.75,15.3,0.0
2018,WPG,8476885,Jacob,Trouba,D,82,,,,,,,,,,,8,42,50,,58.0,2,8.0,3.0,1.0,1.0,1.0,162.0,0.0494,1372.6829,24.4,0.0
2018,WPG,8477429,Andrew,Copp,C,69,,,,,,,,,,,11,14,25,,6.0,2,20.0,0.0,1.0,2.0,0.0,82.0,0.1341,729.6232,17.6,0.5531
2018,WPG,8477464,Nic,Petan,C,13,,,,,,,,,,,0,2,2,,2.0,2,-2.0,0.0,0.0,0.0,0.0,10.0,0.0,433.4615,10.3,0.625
2018,WPG,8477504,Josh,Morrissey,D,59,,,,,,,,,,,6,25,31,,14.0,2,9.0,3.0,1.0,2.0,1.0,95.0,0.0632,1344.3051,24.4,0.0
2018,WPG,8477940,Nikolaj,Ehlers,L,62,,,,,,,,,,,21,16,37,,15.0,2,2.0,2.0,0.0,4.0,0.0,158.0,0.1329,945.6774,19.2,0.5
2018,WPG,8477962,Brendan,Lemieux,L,44,,,,,,,,,,,9,2,11,,64.0,2,10.0,0.0,0.0,1.0,0.0,37.0,0.2432,444.9091,10.7,0.4
2018,WPG,8478031,Nelson,Nogier,D,1,,,,,,,,,,,0,0,0,,0.0,2,0.0,0.0,0.0,0.0,0.0,1.0,0.0,606.0,11.0,0.0
2018,WPG,8478398,Kyle,Connor,L,82,,,,,,,,,,,34,32,66,,18.0,2,-7.0,11.0,1.0,5.0,0.0,227.0,0.1498,1155.1585,21.3,0.6154
2018,WPG,8478458,Jack,Roslovic,C,77,,,,,,,,,,,9,15,24,,4.0,2,-2.0,5.0,0.0,0.0,0.0,74.0,0.1216,584.5974,13.2,0.4354
2018,WPG,8478891,Mason,Appleton,C,36,,,,,,,,,,,3,7,10,,4.0,2,9.0,0.0,0.0,1.0,0.0,29.0,0.1034,492.25,11.9,0.0
2018,WPG,8478915,Sami,Niku,D,30,,,,,,,,,,,1,3,4,,2.0,2,0.0,0.0,0.0,0.0,0.0,19.0,0.0526,835.0667,16.1,0.0
2018,WPG,8479293,Brandon,Tanev,L,80,,,,,,,,,,,14,15,29,,41.0,2,9.0,0.0,2.0,0.0,0.0,127.0,0.1102,846.6125,21.1,0.375
2018,WPG,8479339,Patrik,Laine,L,82,,,,,,,,,,,30,20,50,,42.0,2,-24.0,15.0,0.0,3.0,0.0,245.0,0.1224,1033.9878,19.8,0.3667
2018,WPG,8480005,Kristian,Vesalainen,L,5,,,,,,,,,,,0,1,1,,0.0,2,0.0,0.0,0.0,0.0,0.0,1.0,0.0,410.4,10.0,0.0
2018,WPG,8480944,Par,Lindholm,C,4,,,,,,,,,,,0,1,1,,0.0,2,0.0,0.0,0.0,0.0,0.0,5.0,0.0,587.0,15.0,0.25
2018,WPG,8476945,Connor,Hellebuyck,G,6,6.0,2.0,4.0,,2.667157,0.913043,184.0,168.0,16.0,0.0,0,0,0,21596.0,,3,,,,,,,,,,
2018,WPG,8470834,Dustin,Byfuglien,D,6,,,,,,,,,,,2,6,8,,4.0,3,4.0,0.0,0.0,0.0,0.0,12.0,0.1667,1541.1667,27.8,0.0
2018,WPG,8471218,Blake,Wheeler,R,6,,,,,,,,,,,1,4,5,,6.0,3,1.0,0.0,0.0,0.0,0.0,10.0,0.1,1210.8333,25.5,0.375
2018,WPG,8473412,Bryan,Little,C,6,,,,,,,,,,,1,2,3,,0.0,3,1.0,0.0,1.0,0.0,0.0,6.0,0.1667,968.6667,23.3,0.5062
2018,WPG,8473618,Mathieu,Perreault,C,5,,,,,,,,,,,0,2,2,,8.0,3,1.0,0.0,0.0,0.0,0.0,2.0,0.0,602.0,16.0,0.6667
2018,WPG,8474574,Tyler,Myers,D,6,,,,,,,,,,,0,0,0,,4.0,3,0.0,0.0,0.0,0.0,0.0,14.0,0.0,1108.0,23.2,0.0
2018,WPG,8475179,Dmitry,Kulikov,D,6,,,,,,,,,,,0,0,0,,4.0,3,0.0,0.0,0.0,0.0,0.0,5.0,0.0,828.8333,18.2,0.0
2018,WPG,8475279,Ben,Chiarot,D,6,,,,,,,,,,,0,0,0,,0.0,3,2.0,0.0,0.0,0.0,0.0,8.0,0.0,1186.6667,25.2,0.0
2018,WPG,8475763,Kevin,Hayes,R,6,,,,,,,,,,,2,1,3,,2.0,3,2.0,0.0,0.0,0.0,0.0,10.0,0.2,718.8333,17.5,0.4444
2018,WPG,8476392,Adam,Lowry,C,6,,,,,,,,,,,1,0,1,,0.0,3,-1.0,0.0,0.0,0.0,0.0,6.0,0.1667,860.0,23.3,0.5446
2018,WPG,8476460,Mark,Scheifele,C,6,,,,,,,,,,,2,3,5,,8.0,3,0.0,1.0,0.0,0.0,0.0,14.0,0.1429,1246.8333,25.2,0.4298
2018,WPG,8476885,Jacob,Trouba,D,6,,,,,,,,,,,0,1,1,,4.0,3,-2.0,0.0,0.0,0.0,0.0,8.0,0.0,1317.1667,26.3,0.0
2018,WPG,8477429,Andrew,Copp,C,6,,,,,,,,,,,0,5,5,,2.0,3,3.0,0.0,0.0,0.0,0.0,8.0,0.0,830.0,20.2,0.3636
2018,WPG,8477504,Josh,Morrissey,D,6,,,,,,,,,,,0,1,1,,0.0,3,-1.0,0.0,0.0,0.0,0.0,8.0,0.0,1148.3333,23.5,0.0
2018,WPG,8477940,Nikolaj,Ehlers,L,6,,,,,,,,,,,0,0,0,,0.0,3,-2.0,0.0,0.0,0.0,0.0,16.0,0.0,769.6667,18.2,0.0
2018,WPG,8478398,Kyle,Connor,L,6,,,,,,,,,,,3,2,5,,0.0,3,-1.0,1.0,0.0,1.0,1.0,14.0,0.2143,1283.0,25.7,0.0
2018,WPG,8478458,Jack,Roslovic,C,6,,,,,,,,,,,0,0,0,,0.0,3,1.0,0.0,0.0,0.0,0.0,1.0,0.0,509.3333,13.2,0.0
2018,WPG,8479293,Brandon,Tanev,L,5,,,,,,,,,,,1,1,2,,0.0,3,0.0,0.0,0.0,1.0,0.0,10.0,0.1,825.0,23.0,0.0
2018,WPG,8479339,Patrik,Laine,L,6,,,,,,,,,,,3,1,4,,0.0,3,2.0,1.0,0.0,0.0,0.0,18.0,0.1667,1078.1667,21.2,0.0
2018,WPG,8480944,Par,Lindholm,C,2,,,,,,,,,,,0,0,0,,0.0,3,0.0,0.0,0.0,0.0,0.0,3.0,0.0,729.0,19.5,1.0
2018,WSH,8474651,Braden,Holtby,G,59,58.0,32.0,19.0,5.0,2.818084,0.910864,1795.0,1635.0,160.0,3.0,0,2,2,204394.0,2.0,2,,,,,,,,,,
2018,WSH,8477831,Pheonix,Copley,G,27,24.0,16.0,7.0,3.0,2.903983,0.904639,776.0,702.0,74.0,1.0,0,1,1,91736.0,,2,,,,,,,,,,
2018,WSH,8468498,Brooks,Orpik,D,53,,,,,,,,,,,2,7,9,,32.0,2,8.0,0.0,0.0,0.0,0.0,43.0,0.0465,939.7925,19.4,0.0
2018,WSH,8471214,Alex,Ovechkin,L,81,,,,,,,,,,,51,38,89,,40.0,2,7.0,18.0,0.0,5.0,0.0,338.0,0.1509,1255.2716,20.8,0.2
2018,WSH,8471698,T.J.,Oshie,R,69,,,,,,,,,,,25,29,54,,36.0,2,5.0,6.0,1.0,4.0,0.0,143.0,0.1748,1116.6667,20.6,0.4098
2018,WSH,8471702,Matt,Niskanen,D,80,,,,,,,,,,,8,17,25,,41.0,2,-3.0,1.0,0.0,1.0,1.0,143.0,0.0559,1315.8875,23.9,0.0
2018,WSH,8473563,Nicklas,Backstrom,C,80,,,,,,,,,,,22,52,74,,30.0,2,2.0,7.0,0.0,5.0,1.0,169.0,0.1302,1197.1625,22.0,0.4864
2018,WSH,8474176,Carl,Hagelin,L,20,,,,,,,,,,,3,8,11,,10.0,2,7.0,0.0,0.0,1.0,0.0,35.0,0.0857,895.55,18.6,0.4286
2018,WSH,8474189,Lars,Eller,C,81,,,,,,,,,,,13,23,36,,37.0,2,-1.0,0.0,1.0,1.0,1.0,163.0,0.0798,992.0617,19.5,0.4896
2018,WSH,8474590,John,Carlson,D,80,,,,,,,,,,,13,57,70,,34.0,2,21.0,3.0,0.0,1.0,0.0,185.0,0.0703,1503.8875,25.5,0.0
2018,WSH,8475200,Dmitry,Orlov,D,82,,,,,,,,,,,3,26,29,,33.0,2,3.0,0.0,0.0,0.0,0.0,101.0,0.0297,1298.1829,23.3,0.0
2018,WSH,8475324,Nick,Jensen,D,20,,,,,,,,,,,0,5,5,,4.0,2,3.0,0.0,0.0,0.0,0.0,28.0,0.0,1019.75,19.9,0.0
2018,WSH,8475343,Nic,Dowd,C,64,,,,,,,,,,,8,14,22,,20.0,2,10.0,0.0,0.0,3.0,0.0,47.0,0.1702,617.5625,13.5,0.5191
2018,WSH,8475744,Evgeny,Kuznetsov,C,76,,,,,,,,,,,21,51,72,,50.0,2,7.0,8.0,0.0,3.0,2.0,193.0,0.1088,1127.4474,19.8,0.3871
2018,WSH,8475758,Devante,Smith-Pelly,R,54,,,,,,,,,,,4,4,8,,15.0,2,-6.0,0.0,0.0,0.0,0.0,60.0,0.0667,651.2407,14.4,0.3902
2018,WSH,8475792,Brett,Connolly,R,81,,,,,,,,,,,22,24,46,,24.0,2,13.0,1.0,0.0,5.0,0.0,139.0,0.1583,799.8025,15.6,0.2903
2018,WSH,8476329,Travis,Boyd,C,53,,,,,,,,,,,5,15,20,,6.0,2,6.0,0.0,0.0,1.0,0.0,35.0,0.1429,589.6981,13.1,0.3619
2018,WSH,8476436,Dmitrij,Jaskin,R,37,,,,,,,,,,,2,6,8,,6.0,2,-5.0,0.0,0.0,0.0,0.0,48.0,0.0417,605.0541,12.5,0.0
2018,WSH,8476880,Tom,Wilson,R,63,,,,,,,,,,,22,18,40,,128.0,2,11.0,3.0,2.0,2.0,0.0,130.0,0.1692,1088.5556,21.3,0.5472
2018,WSH,8476905,Chandler,Stephenson,C,64,,,,,,,,,,,5,6,11,,0.0,2,-13.0,0.0,1.0,0.0,0.0,36.0,0.1389,726.9844,15.7,0.4947
2018,WSH,8477043,Christian,Djoos,D,45,,,,,,,,,,,1,9,10,,4.0,2,9.0,0.0,0.0,0.0,0.0,33.0,0.0303,814.2889,17.4,0.0
2018,WSH,8477343,Tyler,Lewington,D,2,,,,,,,,,,,1,1,2,,7.0,2,3.0,0.0,0.0,0.0,0.0,3.0,0.3333,827.5,20.0,0.0
2018,WSH,8477444,Andre,Burakovsky,L,76,,,,,,,,,,,12,13,25,,14.0,2,2.0,1.0,0.0,4.0,0.0,100.0,0.12,667.5263,13.9,0.35
2018,WSH,8477474,Madison,Bowey,D,33,,,,,,,,,,,1,5,6,,38.0,2,3.0,0.0,0.0,1.0,0.0,34.0,0.0294,824.8182,17.5,0.0
2018,WSH,8477573,Nathan,Walker,L,3,,,,,,,,,,,0,1,1,,2.0,2,1.0,0.0,0.0,0.0,0.0,2.0,0.0,488.6667,10.7,0.0
2018,WSH,8477944,Jakub,Vrana,L,82,,,,,,,,,,,24,23,47,,27.0,2,20.0,1.0,0.0,4.0,0.0,161.0,0.1491,842.4146,17.3,0.4
2018,WSH,8478399,Jonas,Siegenthaler,D,26,,,,,,,,,,,0,4,4,,10.0,2,6.0,0.0,0.0,0.0,0.0,12.0,0.0,849.1923,18.5,0.0
2018,WSH,8479482,Michal,Kempny,D,71,,,,,,,,,,,6,19,25,,60.0,2,24.0,0.0,0.0,3.0,0.0,111.0,0.0541,1151.2113,22.0,0.0
2018,WSH,8474651,Braden,Holtby,G,7,7.0,3.0,4.0,,2.672802,0.914163,233.0,213.0,20.0,1.0,0,0,0,26938.0,,3,,,,,,,,,,
2018,WSH,8468498,Brooks,Orpik,D,7,,,,,,,,,,,1,1,2,,0.0,3,-1.0,0.0,0.0,1.0,1.0,9.0,0.1111,1092.1429,21.9,0.0
2018,WSH,8471214,Alex,Ovechkin,L,7,,,,,,,,,,,4,5,9,,19.0,3,-2.0,3.0,0.0,1.0,0.0,22.0,0.1818,1308.7143,25.4,0.0
2018,WSH,8471698,T.J.,Oshie,R,4,,,,,,,,,,,1,1,2,,4.0,3,0.0,0.0,0.0,0.0,0.0,5.0,0.2,1089.5,20.0,0.2727
2018,WSH,8471702,Matt,Niskanen,D,7,,,,,,,,,,,0,2,2,,0.0,3,0.0,0.0,0.0,0.0,0.0,7.0,0.0,1484.0,27.9,0.0
2018,WSH,8473563,Nicklas,Backstrom,C,7,,,,,,,,,,,5,3,8,,4.0,3,-4.0,2.0,0.0,1.0,0.0,18.0,0.2778,1257.4286,26.1,0.5269
2018,WSH,8474176,Carl,Hagelin,L,7,,,,,,,,,,,0,1,1,,0.0,3,-1.0,0.0,0.0,0.0,0.0,13.0,0.0,993.2857,24.0,1.0
2018,WSH,8474189,Lars,Eller,C,7,,,,,,,,,,,1,2,3,,2.0,3,-1.0,0.0,0.0,0.0,0.0,11.0,0.0909,1140.0,23.6,0.4831
2018,WSH,8474590,John,Carlson,D,7,,,,,,,,,,,0,5,5,,6.0,3,0.0,0.0,0.0,0.0,0.0,23.0,0.0,1574.2857,27.3,0.0
2018,WSH,8475200,Dmitry,Orlov,D,7,,,,,,,,,,,0,4,4,,4.0,3,-2.0,0.0,0.0,0.0,0.0,10.0,0.0,1403.0,27.1,0.0
2018,WSH,8475324,Nick,Jensen,D,7,,,,,,,,,,,0,0,0,,2.0,3,-2.0,0.0,0.0,0.0,0.0,6.0,0.0,1123.2857,23.1,0.0
2018,WSH,8475343,Nic,Dowd,C,7,,,,,,,,,,,1,0,1,,6.0,3,-1.0,0.0,0.0,0.0,0.0,6.0,0.1667,609.8571,16.4,0.5738
2018,WSH,8475744,Evgeny,Kuznetsov,C,7,,,,,,,,,,,1,5,6,,2.0,3,-1.0,0.0,0.0,0.0,0.0,18.0,0.0556,1197.2857,24.0,0.4128
2018,WSH,8475758,Devante,Smith-Pelly,R,3,,,,,,,,,,,0,0,0,,0.0,3,0.0,0.0,0.0,0.0,0.0,2.0,0.0,587.3333,14.7,1.0
2018,WSH,8475792,Brett,Connolly,R,7,,,,,,,,,,,2,0,2,,6.0,3,-2.0,0.0,0.0,0.0,0.0,9.0,0.2222,829.5714,18.4,0.0
2018,WSH,8476329,Travis,Boyd,C,1,,,,,,,,,,,0,0,0,,0.0,3,0.0,0.0,0.0,0.0,0.0,1.0,0.0,604.0,11.0,0.0
2018,WSH,8476880,Tom,Wilson,R,7,,,,,,,,,,,3,2,5,,2.0,3,1.0,1.0,0.0,0.0,0.0,11.0,0.2727,1262.0,28.4,0.4286
2018,WSH,8476905,Chandler,Stephenson,C,6,,,,,,,,,,,0,0,0,,2.0,3,-2.0,0.0,0.0,0.0,0.0,3.0,0.0,600.3333,14.8,0.0
2018,WSH,8477043,Christian,Djoos,D,3,,,,,,,,,,,0,0,0,,0.0,3,-3.0,0.0,0.0,0.0,0.0,0.0,0.0,444.0,13.0,0.0
2018,WSH,8477444,Andre,Burakovsky,L,7,,,,,,,,,,,1,1,2,,0.0,3,-3.0,0.0,0.0,0.0,0.0,5.0,0.2,653.8571,14.9,0.5
2018,WSH,8477944,Jakub,Vrana,L,7,,,,,,,,,,,0,0,0,,6.0,3,-1.0,0.0,0.0,0.0,0.0,8.0,0.0,862.5714,19.3,0.0
2018,WSH,8478399,Jonas,Siegenthaler,D,4,,,,,,,,,,,0,0,0,,2.0,3,0.0,0.0,0.0,0.0,0.0,3.0,0.0,960.0,21.3,0.0
