idx_season,team_tri,playerId,firstName.default,lastName.default,positionCode,gamesPlayed,gamesStarted,wins,losses,overtimeLosses,goalsAgainstAverage,savePercentage,shotsAgainst,saves,goalsAgainst,shutouts,goals,assists,points,penaltyMinutes,timeOnIce,idx_season_type,plusMinus,powerPlayGoals,shorthandedGoals,gameWinningGoals,overtimeGoals,shots,shootingPctg,avgTimeOnIcePerGame,avgShiftsPerGame,faceoffWinPctg
2022,ANA,8476434,John,Gibson,G,53,52.0,14.0,31.0,8.0,3.993455,0.899143,1983.0,1783.0,200.0,1.0,0,2,2,12.0,180295.0,2,,,,,,,,,,
2022,ANA,8476932,Anthony,Stolarz,G,19,12.0,5.0,6.0,0.0,3.731479,0.898785,494.0,444.0,51.0,0.0,0,0,0,,49203.0,2,,,,,,,,,,
2022,ANA,8480042,Olle,Eriksson Ek,G,1,1.0,0.0,0.0,1.0,4.688719,0.871795,39.0,34.0,5.0,0.0,0,0,0,,3839.0,2,,,,,,,,,,
2022,ANA,8480843,Lukas,Dostal,G,19,17.0,4.0,10.0,3.0,3.782758,0.901325,679.0,612.0,67.0,0.0,0,0,0,,63763.0,2,,,,,,,,,,
2022,ANA,8474031,Kevin,Shattenkirk,D,75,,,,,,,,,,,4,23,27,56.0,,2,-20.0,1.0,0.0,0.0,0.0,145.0,0.027586,1158.2,22.56,0.0
2022,ANA,8474641,Adam,Henrique,C,62,,,,,,,,,,,22,16,38,22.0,,2,-8.0,4.0,0.0,1.0,0.0,132.0,0.166667,1090.8065,23.5323,0.511211
2022,ANA,8474683,Derek,Grant,C,46,,,,,,,,,,,5,13,18,26.0,,2,-4.0,0.0,0.0,0.0,0.0,72.0,0.069444,890.7391,20.6957,0.551724
2022,ANA,8475164,Jakob,Silfverberg,R,81,,,,,,,,,,,10,16,26,32.0,,2,-20.0,4.0,0.0,2.0,0.0,141.0,0.070922,910.7531,21.679,0.346154
2022,ANA,8475179,Dmitry,Kulikov,D,61,,,,,,,,,,,3,12,15,30.0,,2,-11.0,0.0,0.0,0.0,0.0,80.0,0.0375,1212.5246,24.0164,0.0
2022,ANA,8475764,Cam,Fowler,D,82,,,,,,,,,,,10,38,48,14.0,,2,-23.0,4.0,0.0,1.0,0.0,130.0,0.076923,1450.4024,25.6463,0.0
2022,ANA,8475842,Sam,Carrick,C,52,,,,,,,,,,,3,4,7,86.0,,2,-17.0,0.0,0.0,0.0,0.0,50.0,0.06,633.9231,15.0577,0.493225
2022,ANA,8475906,John,Klingberg,D,50,,,,,,,,,,,8,16,24,30.0,,2,-28.0,1.0,0.0,3.0,1.0,78.0,0.102564,1251.6,23.44,0.0
2022,ANA,8476449,Scott,Harrington,D,17,,,,,,,,,,,3,1,4,2.0,,2,1.0,0.0,0.0,0.0,0.0,11.0,0.272727,1099.5882,21.6471,0.0
2022,ANA,8476458,Ryan,Strome,C,82,,,,,,,,,,,15,26,41,79.0,,2,-30.0,1.0,0.0,2.0,2.0,130.0,0.115385,1022.378,21.5122,0.437908
2022,ANA,8476470,Nathan,Beaulieu,D,52,,,,,,,,,,,0,4,4,39.0,,2,-23.0,0.0,0.0,0.0,0.0,33.0,0.0,914.0,19.3077,0.0
2022,ANA,8476934,Brock,McGinn,L,15,,,,,,,,,,,2,1,3,0.0,,2,-6.0,0.0,0.0,0.0,0.0,14.0,0.142857,744.6667,17.2,0.0
2022,ANA,8477126,Jayson,Megna,C,41,,,,,,,,,,,2,6,8,4.0,,2,-19.0,0.0,0.0,0.0,0.0,32.0,0.0625,655.8049,14.2439,0.528846
2022,ANA,8477993,Justin,Kirkland,C,7,,,,,,,,,,,0,0,0,0.0,,2,-3.0,0.0,0.0,0.0,0.0,5.0,0.0,432.8571,10.1429,0.666667
2022,ANA,8478366,Frank,Vatrano,R,81,,,,,,,,,,,22,19,41,66.0,,2,-29.0,5.0,0.0,1.0,1.0,231.0,0.095238,1000.716,21.5062,0.411765
2022,ANA,8478446,Glenn,Gawdin,C,3,,,,,,,,,,,0,0,0,0.0,,2,-1.0,0.0,0.0,0.0,0.0,3.0,0.0,575.6667,13.0,0.363636
2022,ANA,8478841,Colton,White,D,46,,,,,,,,,,,0,6,6,8.0,,2,-17.0,0.0,0.0,0.0,0.0,30.0,0.0,871.8043,19.1522,0.0
2022,ANA,8478873,Troy,Terry,R,70,,,,,,,,,,,23,38,61,22.0,,2,-8.0,5.0,0.0,3.0,1.0,188.0,0.12234,1162.0714,22.4714,1.0
2022,ANA,8479368,Max,Jones,L,69,,,,,,,,,,,9,10,19,77.0,,2,-21.0,0.0,0.0,2.0,0.0,107.0,0.084112,762.8116,17.029,0.454545
2022,ANA,8480001,Urho,Vaakanainen,D,23,,,,,,,,,,,0,2,2,0.0,,2,-16.0,0.0,0.0,0.0,0.0,27.0,0.0,987.4783,20.1739,0.0
2022,ANA,8480031,Maxime,Comtois,L,64,,,,,,,,,,,9,10,19,76.0,,2,-20.0,0.0,0.0,0.0,0.0,89.0,0.101124,828.625,17.125,0.522727
2022,ANA,8480467,Austin,Strand,D,5,,,,,,,,,,,0,0,0,2.0,,2,-2.0,0.0,0.0,0.0,0.0,5.0,0.0,744.2,16.2,0.0
2022,ANA,8480806,Isac,Lundeström,C,61,,,,,,,,,,,4,10,14,2.0,,2,-13.0,0.0,1.0,0.0,0.0,60.0,0.066667,860.0328,19.6885,0.475083
2022,ANA,8480870,Bo,Groulx,C,2,,,,,,,,,,,0,0,0,0.0,,2,0.0,0.0,0.0,0.0,0.0,2.0,0.0,980.5,18.5,0.45
2022,ANA,8481122,Simon,Benoit,D,78,,,,,,,,,,,3,7,10,60.0,,2,-29.0,0.0,0.0,0.0,0.0,82.0,0.036585,1160.9487,22.859,0.0
2022,ANA,8481517,Brett,Leason,R,54,,,,,,,,,,,6,3,9,14.0,,2,-21.0,0.0,0.0,1.0,0.0,51.0,0.117647,653.5185,14.5556,0.333333
2022,ANA,8481533,Trevor,Zegras,C,81,,,,,,,,,,,23,42,65,88.0,,2,-24.0,4.0,0.0,3.0,2.0,184.0,0.125,1129.6296,21.5309,0.413613
2022,ANA,8481563,Drew,Helleson,D,3,,,,,,,,,,,1,0,1,2.0,,2,0.0,0.0,0.0,0.0,0.0,4.0,0.25,819.0,17.6667,0.0
2022,ANA,8481605,Jackson,LaCombe,D,2,,,,,,,,,,,0,0,0,0.0,,2,-1.0,0.0,0.0,0.0,0.0,1.0,0.0,1108.5,21.5,0.0
2022,ANA,8481754,Nikita,Nesterenko,C,9,,,,,,,,,,,1,0,1,0.0,,2,-3.0,0.0,0.0,0.0,0.0,23.0,0.043478,797.3333,15.7778,0.0
2022,ANA,8482142,Jamie,Drysdale,D,8,,,,,,,,,,,0,0,0,2.0,,2,-3.0,0.0,0.0,0.0,0.0,8.0,0.0,1057.25,20.75,0.0
2022,ANA,8482745,Mason,McTavish,C,80,,,,,,,,,,,17,26,43,44.0,,2,-19.0,7.0,0.0,1.0,0.0,161.0,0.10559,922.4625,18.825,0.423448
2022,ANA,8483630,Pavol,Regenda,L,14,,,,,,,,,,,1,2,3,4.0,,2,-3.0,0.0,0.0,0.0,0.0,17.0,0.058824,632.5,14.2143,0.5
2022,BOS,8476234,Keith,Kinkaid,G,1,1.0,1.0,0.0,0.0,1.001668,0.967742,31.0,30.0,1.0,0.0,0,0,0,,3594.0,2,,,,,,,,,,
2022,BOS,8476999,Linus,Ullmark,G,49,48.0,40.0,6.0,1.0,1.894385,0.937543,1457.0,1366.0,91.0,2.0,1,0,1,2.0,172932.0,2,,,,,,,,,,
2022,BOS,8480280,Jeremy,Swayman,G,37,33.0,24.0,6.0,4.0,2.265293,0.920252,953.0,877.0,76.0,4.0,0,0,0,2.0,120779.0,2,,,,,,,,,,
2022,BOS,8470638,Patrice,Bergeron,C,78,,,,,,,,,,,27,31,58,22.0,,2,35.0,9.0,2.0,7.0,0.0,249.0,0.108434,1043.5,25.1667,0.611372
2022,BOS,8471276,David,Krejci,C,70,,,,,,,,,,,16,40,56,20.0,,2,23.0,4.0,0.0,2.0,0.0,112.0,0.142857,1031.6714,21.1429,0.474324
2022,BOS,8471873,Anton,Stralman,D,8,,,,,,,,,,,0,0,0,2.0,,2,-3.0,0.0,0.0,0.0,0.0,3.0,0.0,922.25,18.625,0.0
2022,BOS,8473419,Brad,Marchand,L,73,,,,,,,,,,,21,46,67,74.0,,2,27.0,9.0,0.0,4.0,0.0,183.0,0.114754,1111.6849,24.1644,0.385965
2022,BOS,8473422,Nick,Foligno,L,60,,,,,,,,,,,10,16,26,45.0,,2,18.0,2.0,0.0,1.0,0.0,71.0,0.140845,741.9667,17.1833,0.555556
2022,BOS,8475200,Dmitry,Orlov,D,23,,,,,,,,,,,4,13,17,12.0,,2,10.0,1.0,0.0,0.0,0.0,47.0,0.085106,1333.0435,26.4348,0.0
2022,BOS,8475225,Craig,Smith,C,42,,,,,,,,,,,4,6,10,14.0,,2,4.0,0.0,0.0,0.0,0.0,51.0,0.078431,615.1667,15.1905,0.166667
2022,BOS,8475745,Charlie,Coyle,C,82,,,,,,,,,,,16,29,45,30.0,,2,29.0,0.0,1.0,0.0,0.0,139.0,0.115108,1019.1829,23.2561,0.526006
2022,BOS,8475762,Derek,Forbort,D,54,,,,,,,,,,,5,7,12,23.0,,2,12.0,0.0,2.0,2.0,0.0,38.0,0.131579,1063.9259,24.7222,0.0
2022,BOS,8475780,Chris,Wagner,R,1,,,,,,,,,,,0,0,0,0.0,,2,0.0,0.0,0.0,0.0,0.0,0.0,0.0,756.0,18.0,0.25
2022,BOS,8475791,Taylor,Hall,L,61,,,,,,,,,,,16,20,36,24.0,,2,11.0,4.0,0.0,5.0,1.0,150.0,0.106667,955.7541,20.8689,0.444444
2022,BOS,8476422,Mike,Reilly,D,10,,,,,,,,,,,0,1,1,2.0,,2,0.0,0.0,0.0,0.0,0.0,12.0,0.0,1004.1,22.7,0.0
2022,BOS,8476854,Hampus,Lindholm,D,80,,,,,,,,,,,10,43,53,56.0,,2,49.0,1.0,0.0,2.0,1.0,158.0,0.063291,1391.2125,27.9,0.0
2022,BOS,8476891,Matt,Grzelcyk,D,75,,,,,,,,,,,4,22,26,28.0,,2,46.0,0.0,0.0,2.0,0.0,102.0,0.039216,1034.0,24.1467,0.0
2022,BOS,8476941,Connor,Carrick,D,1,,,,,,,,,,,0,1,1,0.0,,2,3.0,0.0,0.0,0.0,0.0,2.0,0.0,1014.0,23.0,0.0
2022,BOS,8477365,Connor,Clifton,D,78,,,,,,,,,,,5,18,23,60.0,,2,20.0,0.0,1.0,0.0,0.0,93.0,0.053763,1071.3462,23.5513,0.0
2022,BOS,8477479,Tyler,Bertuzzi,L,21,,,,,,,,,,,4,12,16,6.0,,2,4.0,3.0,0.0,0.0,0.0,45.0,0.088889,990.1429,21.3333,0.166667
2022,BOS,8477903,Garnet,Hathaway,R,25,,,,,,,,,,,4,2,6,17.0,,2,-1.0,0.0,0.0,2.0,0.0,18.0,0.222222,664.04,17.6,0.0
2022,BOS,8477931,Tomas,Nosek,L,66,,,,,,,,,,,7,11,18,48.0,,2,9.0,0.0,2.0,1.0,0.0,69.0,0.101449,753.1515,18.6818,0.592965
2022,BOS,8477956,David,Pastrnak,R,82,,,,,,,,,,,61,52,113,38.0,,2,34.0,18.0,0.0,13.0,4.0,407.0,0.149877,1173.8659,22.1951,0.421053
2022,BOS,8478401,Pavel,Zacha,C,82,,,,,,,,,,,21,36,57,16.0,,2,26.0,3.0,0.0,3.0,0.0,131.0,0.160305,963.3537,21.7195,0.452703
2022,BOS,8478415,Jakub,Zboril,D,22,,,,,,,,,,,1,3,4,6.0,,2,-1.0,0.0,0.0,1.0,0.0,13.0,0.076923,797.3636,18.8182,0.0
2022,BOS,8478421,A.J.,Greer,L,61,,,,,,,,,,,5,7,12,114.0,,2,9.0,0.0,0.0,1.0,0.0,66.0,0.075758,546.541,13.6721,0.666667
2022,BOS,8478443,Brandon,Carlo,D,75,,,,,,,,,,,3,13,16,38.0,,2,44.0,0.0,0.0,0.0,0.0,94.0,0.031915,1129.84,24.5067,0.0
2022,BOS,8478498,Jake,DeBrusk,L,64,,,,,,,,,,,27,23,50,16.0,,2,26.0,6.0,0.0,6.0,0.0,191.0,0.141361,1006.5938,23.3594,0.266667
2022,BOS,8479252,Dan,Renouf,D,1,,,,,,,,,,,0,0,0,0.0,,2,-3.0,0.0,0.0,0.0,0.0,5.0,0.0,694.0,17.0,0.0
2022,BOS,8479325,Charlie,McAvoy,D,67,,,,,,,,,,,7,45,52,54.0,,2,29.0,2.0,0.0,2.0,1.0,105.0,0.066667,1338.1791,27.6119,0.0
2022,BOS,8479365,Trent,Frederic,C,79,,,,,,,,,,,17,14,31,57.0,,2,28.0,0.0,0.0,6.0,0.0,120.0,0.141667,715.0633,17.0253,0.333333
2022,BOS,8479533,Joona,Koppanen,L,5,,,,,,,,,,,0,1,1,4.0,,2,0.0,0.0,0.0,0.0,0.0,2.0,0.0,649.6,16.2,0.568182
2022,BOS,8479546,Oskar,Steen,C,3,,,,,,,,,,,1,0,1,0.0,,2,0.0,0.0,0.0,0.0,0.0,5.0,0.2,549.3333,13.3333,0.0
2022,BOS,8479968,Vinni,Lettieri,C,1,,,,,,,,,,,0,0,0,0.0,,2,-1.0,0.0,0.0,0.0,0.0,1.0,0.0,590.0,15.0,0.0
2022,BOS,8480021,Jack,Studnicka,C,1,,,,,,,,,,,0,0,0,4.0,,2,-1.0,0.0,0.0,0.0,0.0,0.0,0.0,481.0,14.0,0.0
2022,BOS,8480880,Jakub,Lauko,C,23,,,,,,,,,,,4,3,7,11.0,,2,2.0,0.0,0.0,1.0,0.0,17.0,0.235294,531.8696,14.5217,0.0
2022,BOS,8483397,Marc,McLaughlin,C,2,,,,,,,,,,,0,0,0,2.0,,2,-1.0,0.0,0.0,0.0,0.0,3.0,0.0,603.5,16.5,0.545455
2022,BOS,8476999,Linus,Ullmark,G,6,6.0,3.0,3.0,0.0,3.33472,0.895833,192.0,172.0,20.0,0.0,0,1,1,10.0,21591.0,3,,,,,,,,,,
2022,BOS,8480280,Jeremy,Swayman,G,2,1.0,0.0,1.0,0.0,3.34417,0.875,32.0,28.0,4.0,0.0,0,0,0,,4306.0,3,,,,,,,,,,
2022,BOS,8470638,Patrice,Bergeron,C,3,,,,,,,,,,,1,0,1,0.0,,3,-6.0,1.0,0.0,0.0,0.0,12.0,0.083333,1170.3333,31.0,0.702703
2022,BOS,8471276,David,Krejci,C,4,,,,,,,,,,,1,3,4,0.0,,3,-3.0,1.0,0.0,0.0,0.0,6.0,0.166667,1165.25,25.25,0.409091
2022,BOS,8473419,Brad,Marchand,L,7,,,,,,,,,,,4,6,10,2.0,,3,-6.0,2.0,1.0,1.0,0.0,25.0,0.16,1238.8571,27.8571,0.214286
2022,BOS,8473422,Nick,Foligno,L,6,,,,,,,,,,,1,2,3,18.0,,3,0.0,0.0,0.0,0.0,0.0,7.0,0.142857,687.8333,18.3333,0.421053
2022,BOS,8475200,Dmitry,Orlov,D,7,,,,,,,,,,,0,8,8,2.0,,3,-3.0,0.0,0.0,0.0,0.0,11.0,0.0,1382.7143,30.4286,0.0
2022,BOS,8475745,Charlie,Coyle,C,7,,,,,,,,,,,1,1,2,4.0,,3,-1.0,0.0,0.0,0.0,0.0,15.0,0.066667,1040.1429,26.2857,0.563636
2022,BOS,8475762,Derek,Forbort,D,7,,,,,,,,,,,0,1,1,19.0,,3,-1.0,0.0,0.0,0.0,0.0,4.0,0.0,925.5714,24.5714,0.0
2022,BOS,8475791,Taylor,Hall,L,7,,,,,,,,,,,5,3,8,2.0,,3,4.0,0.0,0.0,0.0,0.0,12.0,0.416667,868.7143,21.1429,0.0
2022,BOS,8476854,Hampus,Lindholm,D,7,,,,,,,,,,,0,0,0,4.0,,3,2.0,0.0,0.0,0.0,0.0,8.0,0.0,1299.5714,29.8571,0.0
2022,BOS,8476891,Matt,Grzelcyk,D,4,,,,,,,,,,,0,0,0,0.0,,3,-1.0,0.0,0.0,0.0,0.0,6.0,0.0,779.75,21.75,0.0
2022,BOS,8477365,Connor,Clifton,D,3,,,,,,,,,,,0,0,0,2.0,,3,-4.0,0.0,0.0,0.0,0.0,5.0,0.0,879.6667,21.0,0.0
2022,BOS,8477479,Tyler,Bertuzzi,L,7,,,,,,,,,,,5,5,10,26.0,,3,-4.0,3.0,0.0,1.0,0.0,21.0,0.238095,1075.2857,23.2857,0.285714
2022,BOS,8477903,Garnet,Hathaway,R,7,,,,,,,,,,,0,1,1,10.0,,3,-1.0,0.0,0.0,0.0,0.0,7.0,0.0,567.2857,17.0,1.0
2022,BOS,8477931,Tomas,Nosek,L,7,,,,,,,,,,,0,2,2,0.0,,3,0.0,0.0,0.0,0.0,0.0,11.0,0.0,716.2857,20.2857,0.604396
2022,BOS,8477956,David,Pastrnak,R,7,,,,,,,,,,,5,0,5,2.0,,3,-2.0,3.0,0.0,1.0,0.0,34.0,0.147059,1233.1429,25.4286,0.0
2022,BOS,8478401,Pavel,Zacha,C,7,,,,,,,,,,,0,6,6,2.0,,3,1.0,0.0,0.0,0.0,0.0,15.0,0.0,1050.8571,25.2857,0.483871
2022,BOS,8478443,Brandon,Carlo,D,7,,,,,,,,,,,0,4,4,4.0,,3,2.0,0.0,0.0,0.0,0.0,16.0,0.0,1198.2857,29.7143,0.0
2022,BOS,8478498,Jake,DeBrusk,L,7,,,,,,,,,,,4,2,6,10.0,,3,-1.0,1.0,1.0,0.0,0.0,11.0,0.363636,967.5714,24.5714,0.0
2022,BOS,8479325,Charlie,McAvoy,D,7,,,,,,,,,,,0,5,5,8.0,,3,-3.0,0.0,0.0,0.0,0.0,15.0,0.0,1528.1429,32.4286,0.0
2022,BOS,8479365,Trent,Frederic,C,5,,,,,,,,,,,0,0,0,10.0,,3,-2.0,0.0,0.0,0.0,0.0,8.0,0.0,618.6,15.4,1.0
2022,BOS,8480880,Jakub,Lauko,C,3,,,,,,,,,,,0,1,1,4.0,,3,1.0,0.0,0.0,0.0,0.0,0.0,0.0,411.0,13.3333,0.0
2022,BUF,8467950,Craig,Anderson,G,26,24.0,11.0,11.0,2.0,3.060334,0.907655,823.0,747.0,76.0,1.0,0,1,1,2.0,89402.0,2,,,,,,,,,,
2022,BUF,8477480,Eric,Comrie,G,19,19.0,9.0,9.0,1.0,3.669116,0.885522,594.0,526.0,68.0,1.0,0,1,1,2.0,66719.0,2,,,,,,,,,,
2022,BUF,8480045,Ukko-Pekka,Luukkonen,G,33,32.0,17.0,11.0,4.0,3.612154,0.891841,1054.0,940.0,115.0,0.0,0,1,1,2.0,114613.0,2,,,,,,,,,,
2022,BUF,8482221,Devon,Levi,G,7,7.0,5.0,2.0,0.0,2.936948,0.905405,222.0,201.0,21.0,0.0,0,0,0,,25741.0,2,,,,,,,,,,
2022,BUF,8473449,Kyle,Okposo,R,75,,,,,,,,,,,11,17,28,34.0,,2,-7.0,1.0,1.0,3.0,0.0,150.0,0.073333,880.0533,19.16,0.468571
2022,BUF,8475772,Riley,Sheahan,C,2,,,,,,,,,,,0,0,0,4.0,,2,-2.0,0.0,0.0,0.0,0.0,0.0,0.0,498.5,12.0,0.7
2022,BUF,8475784,Jeff,Skinner,L,79,,,,,,,,,,,35,47,82,39.0,,2,15.0,8.0,0.0,3.0,1.0,242.0,0.144628,1043.8354,21.1013,0.473333
2022,BUF,8476878,Zemgus,Girgensons,C,80,,,,,,,,,,,10,8,18,14.0,,2,-5.0,0.0,0.0,0.0,0.0,114.0,0.087719,778.6125,18.4625,0.454106
2022,BUF,8476994,Vinnie,Hinostroza,C,26,,,,,,,,,,,2,9,11,6.0,,2,-1.0,0.0,0.0,1.0,0.0,38.0,0.052632,756.0385,16.4615,0.25
2022,BUF,8477949,Alex,Tuch,R,74,,,,,,,,,,,36,43,79,20.0,,2,14.0,8.0,1.0,9.0,1.0,218.0,0.165138,1149.2432,23.2027,0.426667
2022,BUF,8478075,Anders,Bjork,L,1,,,,,,,,,,,0,0,0,0.0,,2,0.0,0.0,0.0,0.0,0.0,1.0,0.0,578.0,14.0,0.0
2022,BUF,8478109,Victor,Olofsson,L,75,,,,,,,,,,,28,12,40,4.0,,2,-23.0,7.0,0.0,5.0,2.0,161.0,0.173913,861.3067,18.2533,0.166667
2022,BUF,8478413,Jordan,Greenway,L,17,,,,,,,,,,,4,0,4,0.0,,2,-3.0,0.0,0.0,0.0,0.0,31.0,0.129032,843.2941,18.2353,0.0
2022,BUF,8479335,Rasmus,Asplund,C,27,,,,,,,,,,,2,6,8,0.0,,2,0.0,0.0,1.0,0.0,0.0,33.0,0.060606,680.1481,15.963,0.4
2022,BUF,8479348,Kale,Clague,D,33,,,,,,,,,,,0,4,4,24.0,,2,-3.0,0.0,0.0,0.0,0.0,24.0,0.0,906.2424,20.0,0.0
2022,BUF,8479370,Tyson,Jost,C,59,,,,,,,,,,,7,15,22,23.0,,2,-9.0,0.0,0.0,0.0,0.0,88.0,0.079545,800.6949,16.9831,0.383178
2022,BUF,8479388,Riley,Stillman,D,18,,,,,,,,,,,1,2,3,13.0,,2,1.0,0.0,0.0,0.0,0.0,8.0,0.125,722.7222,17.2222,0.0
2022,BUF,8479420,Tage,Thompson,C,78,,,,,,,,,,,47,47,94,39.0,,2,4.0,20.0,1.0,7.0,1.0,295.0,0.159322,1115.4103,22.0,0.430504
2022,BUF,8479578,Casey,Fitzgerald,D,23,,,,,,,,,,,0,3,3,4.0,,2,-1.0,0.0,0.0,0.0,0.0,12.0,0.0,783.1739,19.3478,0.0
2022,BUF,8479602,Jeremy,Davies,D,1,,,,,,,,,,,0,0,0,2.0,,2,0.0,0.0,0.0,0.0,0.0,1.0,0.0,513.0,13.0,0.0
2022,BUF,8479999,Casey,Mittelstadt,C,82,,,,,,,,,,,15,44,59,22.0,,2,-8.0,4.0,1.0,2.0,1.0,135.0,0.111111,943.6951,19.8537,0.459239
2022,BUF,8480035,Henri,Jokiharju,D,60,,,,,,,,,,,3,10,13,30.0,,2,-12.0,0.0,0.0,0.0,0.0,79.0,0.037975,1261.4667,27.4667,0.0
2022,BUF,8480196,Jacob,Bryson,D,59,,,,,,,,,,,1,8,9,8.0,,2,-24.0,0.0,0.0,0.0,0.0,27.0,0.037037,875.1695,21.7119,0.0
2022,BUF,8480807,Mattias,Samuelsson,D,55,,,,,,,,,,,2,8,10,20.0,,2,14.0,0.0,0.0,0.0,0.0,76.0,0.026316,1330.5636,27.6727,0.0
2022,BUF,8480839,Rasmus,Dahlin,D,78,,,,,,,,,,,15,58,73,92.0,,2,12.0,6.0,0.0,2.0,0.0,204.0,0.073529,1547.7436,30.6154,0.0
2022,BUF,8480935,Lawrence,Pilut,D,17,,,,,,,,,,,1,2,3,0.0,,2,-4.0,0.0,0.0,1.0,0.0,14.0,0.071429,767.7647,19.6471,0.0
2022,BUF,8480950,Ilya,Lyubushkin,D,68,,,,,,,,,,,2,12,14,38.0,,2,-2.0,0.0,1.0,1.0,1.0,41.0,0.04878,900.5294,21.6029,0.0
2022,BUF,8481522,Peyton,Krebs,C,74,,,,,,,,,,,9,17,26,50.0,,2,-8.0,1.0,1.0,0.0,0.0,78.0,0.115385,830.1892,18.0,0.451439
2022,BUF,8481528,Dylan,Cozens,C,81,,,,,,,,,,,31,37,68,41.0,,2,-3.0,5.0,2.0,1.0,1.0,211.0,0.146919,989.8148,21.5185,0.482964
2022,BUF,8481751,Lukas,Rousek,R,2,,,,,,,,,,,1,1,2,0.0,,2,2.0,0.0,0.0,0.0,0.0,3.0,0.333333,678.5,15.0,0.0
2022,BUF,8482097,Jack,Quinn,R,75,,,,,,,,,,,14,23,37,15.0,,2,-7.0,1.0,0.0,2.0,0.0,126.0,0.111111,830.8267,17.9467,0.333333
2022,BUF,8482175,JJ,Peterka,R,77,,,,,,,,,,,12,20,32,26.0,,2,-15.0,2.0,0.0,1.0,0.0,125.0,0.096,818.8312,17.1169,0.555556
2022,BUF,8482671,Owen,Power,D,79,,,,,,,,,,,4,31,35,24.0,,2,10.0,0.0,0.0,1.0,1.0,130.0,0.030769,1428.1013,29.1266,0.0
2022,CAR,8475883,Frederik,Andersen,G,34,33.0,21.0,11.0,1.0,2.479399,0.903416,849.0,767.0,82.0,1.0,0,1,1,,119061.0,2,,,,,,,,,,
2022,CAR,8477293,Antti,Raanta,G,27,26.0,19.0,3.0,3.0,2.22903,0.909938,644.0,586.0,58.0,4.0,0,0,0,,93673.0,2,,,,,,,,,,
2022,CAR,8481611,Pyotr,Kochetkov,G,24,23.0,12.0,7.0,5.0,2.436012,0.909091,627.0,570.0,57.0,4.0,0,0,0,,84236.0,2,,,,,,,,,,
2022,CAR,8470613,Brent,Burns,D,82,,,,,,,,,,,18,43,61,44.0,,2,19.0,4.0,0.0,2.0,1.0,255.0,0.070588,1392.9146,26.7439,1.0
2022,CAR,8471669,Paul,Stastny,C,73,,,,,,,,,,,9,13,22,16.0,,2,4.0,2.0,0.0,3.0,0.0,80.0,0.1125,712.2055,15.4658,0.576132
2022,CAR,8473533,Jordan,Staal,C,81,,,,,,,,,,,17,17,34,32.0,,2,7.0,0.0,1.0,3.0,0.0,124.0,0.137097,976.0864,22.7654,0.556988
2022,CAR,8474157,Max,Pacioretty,L,5,,,,,,,,,,,3,0,3,2.0,,2,0.0,1.0,0.0,0.0,0.0,16.0,0.1875,818.6,16.4,0.0
2022,CAR,8474613,Derek,Stepan,C,73,,,,,,,,,,,5,6,11,8.0,,2,8.0,0.0,0.0,0.0,0.0,98.0,0.05102,544.8356,13.1096,0.542654
2022,CAR,8475177,Calvin,de Haan,D,53,,,,,,,,,,,2,10,12,20.0,,2,7.0,0.0,0.0,0.0,0.0,51.0,0.039216,811.9811,18.0189,0.0
2022,CAR,8475855,Jesper,Fast,R,80,,,,,,,,,,,10,19,29,16.0,,2,9.0,0.0,0.0,1.0,0.0,76.0,0.131579,883.8875,20.3875,0.4
2022,CAR,8476474,Stefan,Noesen,R,78,,,,,,,,,,,13,23,36,32.0,,2,11.0,7.0,0.0,4.0,0.0,134.0,0.097015,739.9487,16.1923,0.490741
2022,CAR,8476869,Brady,Skjei,D,81,,,,,,,,,,,18,20,38,40.0,,2,7.0,4.0,1.0,3.0,0.0,188.0,0.095745,1308.5062,26.321,0.0
2022,CAR,8476882,Teuvo,Teravainen,C,68,,,,,,,,,,,12,25,37,16.0,,2,11.0,5.0,2.0,2.0,0.0,144.0,0.083333,1014.5294,21.2059,0.622642
2022,CAR,8476906,Shayne,Gostisbehere,D,23,,,,,,,,,,,3,7,10,4.0,,2,1.0,2.0,0.0,1.0,0.0,40.0,0.075,1019.8696,20.2609,0.0
2022,CAR,8476921,Jordan,Martinook,L,82,,,,,,,,,,,13,21,34,61.0,,2,7.0,0.0,1.0,3.0,0.0,162.0,0.080247,937.9634,21.2439,0.450704
2022,CAR,8476958,Jaccob,Slavin,D,76,,,,,,,,,,,7,20,27,8.0,,2,18.0,0.0,0.0,1.0,1.0,131.0,0.053435,1319.5,25.6974,0.0
2022,CAR,8477488,Brett,Pesce,D,82,,,,,,,,,,,5,25,30,43.0,,2,11.0,1.0,0.0,2.0,1.0,144.0,0.034722,1320.5732,26.3902,0.0
2022,CAR,8478131,Ondrej,Kase,R,1,,,,,,,,,,,0,0,0,0.0,,2,0.0,0.0,0.0,0.0,0.0,0.0,0.0,662.0,20.0,0.0
2022,CAR,8478427,Sebastian,Aho,C,75,,,,,,,,,,,36,31,67,42.0,,2,8.0,7.0,3.0,9.0,2.0,218.0,0.165138,1169.7333,22.76,0.51354
2022,CAR,8478970,Jalen,Chatfield,D,78,,,,,,,,,,,6,8,14,35.0,,2,23.0,0.0,1.0,2.0,0.0,93.0,0.064516,847.4872,18.8718,0.0
2022,CAR,8479320,Maxime,Lajoie,D,3,,,,,,,,,,,0,0,0,0.0,,2,0.0,0.0,0.0,0.0,0.0,2.0,0.0,471.3333,10.0,0.0
2022,CAR,8479344,Jesse,Puljujarvi,R,17,,,,,,,,,,,0,2,2,2.0,,2,-2.0,0.0,0.0,0.0,0.0,37.0,0.0,731.5294,15.4118,0.0
2022,CAR,8479639,Dylan,Coghlan,D,17,,,,,,,,,,,0,3,3,2.0,,2,-1.0,0.0,0.0,0.0,0.0,29.0,0.0,763.2353,16.4706,0.0
2022,CAR,8480039,Martin,Necas,C,82,,,,,,,,,,,28,43,71,32.0,,2,5.0,9.0,0.0,5.0,4.0,240.0,0.116667,1104.7317,21.1951,0.450839
2022,CAR,8480829,Jesperi,Kotkaniemi,C,82,,,,,,,,,,,18,25,43,50.0,,2,10.0,3.0,1.0,2.0,0.0,129.0,0.139535,884.1585,18.4268,0.514286
2022,CAR,8480830,Andrei,Svechnikov,R,64,,,,,,,,,,,23,32,55,71.0,,2,6.0,5.0,0.0,4.0,0.0,205.0,0.112195,1082.8906,21.4063,0.444444
2022,CAR,8480835,Jack,Drury,C,38,,,,,,,,,,,2,6,8,14.0,,2,3.0,0.0,0.0,1.0,0.0,69.0,0.028986,647.1053,14.5263,0.531746
2022,CAR,8482093,Seth,Jarvis,R,82,,,,,,,,,,,14,25,39,12.0,,2,10.0,0.0,1.0,0.0,0.0,187.0,0.074866,972.2073,19.561,0.346154
2022,CAR,8475883,Frederik,Andersen,G,9,9.0,5.0,3.0,0.0,1.829578,0.926531,245.0,227.0,18.0,0.0,0,0,0,,35418.0,3,,,,,,,,,,
2022,CAR,8477293,Antti,Raanta,G,6,6.0,3.0,3.0,0.0,2.478085,0.909091,165.0,150.0,15.0,0.0,0,0,0,,21791.0,3,,,,,,,,,,
2022,CAR,8481611,Pyotr,Kochetkov,G,1,0.0,0.0,1.0,0.0,6.135491,0.818182,22.0,18.0,4.0,0.0,0,0,0,,2347.0,3,,,,,,,,,,
2022,CAR,8470613,Brent,Burns,D,15,,,,,,,,,,,2,7,9,20.0,,3,6.0,0.0,0.0,0.0,0.0,56.0,0.035714,1559.7333,31.4,0.0
2022,CAR,8471669,Paul,Stastny,C,15,,,,,,,,,,,4,0,4,4.0,,3,-1.0,0.0,0.0,1.0,1.0,13.0,0.307692,738.3333,18.6,0.587302
2022,CAR,8473533,Jordan,Staal,C,15,,,,,,,,,,,2,6,8,6.0,,3,4.0,0.0,1.0,0.0,0.0,30.0,0.066667,1064.0,26.5333,0.527331
2022,CAR,8474613,Derek,Stepan,C,11,,,,,,,,,,,0,1,1,2.0,,3,-4.0,0.0,0.0,0.0,0.0,22.0,0.0,718.0,17.8182,0.518519
2022,CAR,8475855,Jesper,Fast,R,15,,,,,,,,,,,6,3,9,2.0,,3,2.0,1.0,1.0,2.0,2.0,29.0,0.206897,1006.2667,23.7333,0.666667
2022,CAR,8476474,Stefan,Noesen,R,15,,,,,,,,,,,4,4,8,11.0,,3,-3.0,3.0,0.0,1.0,0.0,24.0,0.166667,1021.6,22.7333,0.385965
2022,CAR,8476869,Brady,Skjei,D,15,,,,,,,,,,,1,3,4,12.0,,3,-2.0,0.0,0.0,0.0,0.0,28.0,0.035714,1426.2667,30.8667,0.0
2022,CAR,8476882,Teuvo,Teravainen,C,6,,,,,,,,,,,1,0,1,2.0,,3,0.0,0.0,0.0,0.0,0.0,9.0,0.111111,1126.3333,28.5,0.75
2022,CAR,8476906,Shayne,Gostisbehere,D,15,,,,,,,,,,,0,3,3,6.0,,3,-2.0,0.0,0.0,0.0,0.0,24.0,0.0,1079.8,24.2,0.0
2022,CAR,8476907,Mackenzie,MacEachern,L,8,,,,,,,,,,,1,1,2,6.0,,3,4.0,0.0,0.0,0.0,0.0,8.0,0.125,712.125,19.125,0.0
2022,CAR,8476921,Jordan,Martinook,L,15,,,,,,,,,,,3,9,12,8.0,,3,4.0,0.0,1.0,0.0,0.0,42.0,0.071429,1092.1333,25.0667,0.380952
2022,CAR,8476958,Jaccob,Slavin,D,15,,,,,,,,,,,2,4,6,2.0,,3,12.0,0.0,0.0,0.0,0.0,24.0,0.083333,1351.6,27.8667,0.0
2022,CAR,8477488,Brett,Pesce,D,15,,,,,,,,,,,2,4,6,12.0,,3,-4.0,0.0,0.0,0.0,0.0,35.0,0.057143,1407.4,30.2667,0.0
2022,CAR,8478427,Sebastian,Aho,C,15,,,,,,,,,,,5,7,12,12.0,,3,6.0,1.0,0.0,1.0,0.0,42.0,0.119048,1227.0667,26.2667,0.474178
2022,CAR,8478970,Jalen,Chatfield,D,15,,,,,,,,,,,1,3,4,14.0,,3,1.0,0.0,0.0,0.0,0.0,16.0,0.0625,927.1333,22.6667,0.0
2022,CAR,8479344,Jesse,Puljujarvi,R,7,,,,,,,,,,,0,1,1,0.0,,3,-3.0,0.0,0.0,0.0,0.0,12.0,0.0,682.4286,17.4286,0.0
2022,CAR,8480039,Martin,Necas,C,15,,,,,,,,,,,4,3,7,2.0,,3,-2.0,1.0,0.0,1.0,0.0,42.0,0.095238,1172.9333,23.4,0.333333
2022,CAR,8480829,Jesperi,Kotkaniemi,C,15,,,,,,,,,,,3,4,7,8.0,,3,-5.0,1.0,0.0,1.0,0.0,24.0,0.125,1009.9333,22.8667,0.411765
2022,CAR,8480835,Jack,Drury,C,13,,,,,,,,,,,0,3,3,10.0,,3,2.0,0.0,0.0,0.0,0.0,23.0,0.0,834.4615,20.0769,0.857143
2022,CAR,8482093,Seth,Jarvis,R,15,,,,,,,,,,,5,5,10,0.0,,3,7.0,2.0,1.0,1.0,0.0,37.0,0.135135,1194.5333,25.6,0.5
2022,CBJ,8474636,Michael,Hutchinson,G,16,10.0,2.0,6.0,3.0,4.288831,0.877315,432.0,379.0,54.0,0.0,0,1,1,,45327.0,2,,,,,,,,,,
2022,CBJ,8476903,Jon,Gillies,G,3,2.0,1.0,1.0,0.0,4.570459,0.863636,66.0,57.0,9.0,0.0,0,0,0,,7089.0,2,,,,,,,,,,
2022,CBJ,8476914,Joonas,Korpisalo,G,28,26.0,11.0,11.0,3.0,3.172248,0.912527,926.0,845.0,82.0,0.0,0,0,0,,93057.0,2,,,,,,,,,,
2022,CBJ,8478007,Elvis,Merzlikins,G,30,27.0,7.0,18.0,2.0,4.230227,0.876265,889.0,779.0,110.0,0.0,0,1,1,4.0,93612.0,2,,,,,,,,,,
2022,CBJ,8480193,Daniil,Tarasov,G,17,16.0,4.0,11.0,1.0,3.912444,0.892045,528.0,471.0,57.0,0.0,0,1,1,,52448.0,2,,,,,,,,,,
2022,CBJ,8482982,Jet,Greaves,G,1,1.0,0.0,1.0,0.0,3.053434,0.938776,49.0,46.0,3.0,0.0,0,0,0,,3537.0,2,,,,,,,,,,
2022,CBJ,8474161,Jakub,Voracek,R,11,,,,,,,,,,,1,5,6,0.0,,2,-7.0,1.0,0.0,0.0,0.0,17.0,0.058824,957.5455,19.1818,0.333333
2022,CBJ,8474679,Gustav,Nyquist,R,48,,,,,,,,,,,10,12,22,16.0,,2,-11.0,0.0,2.0,2.0,0.0,97.0,0.103093,1068.2083,22.1042,0.4375
2022,CBJ,8475790,Erik,Gudbranson,D,70,,,,,,,,,,,1,12,13,57.0,,2,-24.0,0.0,0.0,1.0,0.0,102.0,0.009804,1277.9429,25.9286,0.0
2022,CBJ,8476346,Johnny,Gaudreau,L,80,,,,,,,,,,,21,53,74,22.0,,2,-33.0,3.0,0.0,4.0,3.0,220.0,0.095455,1165.0875,20.9875,0.0
2022,CBJ,8476374,Sean,Kuraly,C,71,,,,,,,,,,,11,9,20,68.0,,2,-28.0,1.0,1.0,0.0,0.0,100.0,0.11,904.4085,20.0282,0.496497
2022,CBJ,8476432,Boone,Jenner,C,68,,,,,,,,,,,26,19,45,51.0,,2,-32.0,7.0,0.0,3.0,1.0,214.0,0.121495,1212.4412,23.3382,0.546898
2022,CBJ,8476867,Brendan,Gaunce,C,5,,,,,,,,,,,0,1,1,2.0,,2,-1.0,0.0,0.0,0.0,0.0,9.0,0.0,627.8,15.0,0.589286
2022,CBJ,8478458,Jack,Roslovic,C,77,,,,,,,,,,,11,33,44,10.0,,2,-14.0,2.0,2.0,2.0,1.0,123.0,0.089431,986.7922,19.961,0.449944
2022,CBJ,8478460,Zach,Werenski,D,13,,,,,,,,,,,3,5,8,0.0,,2,-6.0,0.0,0.0,0.0,0.0,41.0,0.073171,1415.7692,25.5385,0.0
2022,CBJ,8478882,Vladislav,Gavrikov,D,52,,,,,,,,,,,3,7,10,30.0,,2,-8.0,0.0,0.0,2.0,2.0,61.0,0.04918,1340.2885,25.5962,0.0
2022,CBJ,8478967,Lane,Pederson,C,16,,,,,,,,,,,2,1,3,11.0,,2,-4.0,0.0,0.0,0.0,0.0,12.0,0.166667,678.0625,15.0625,0.570175
2022,CBJ,8479339,Patrik,Laine,L,55,,,,,,,,,,,22,30,52,16.0,,2,-12.0,8.0,0.0,1.0,0.0,184.0,0.119565,1147.2545,20.2364,0.35
2022,CBJ,8479369,Andrew,Peeke,D,80,,,,,,,,,,,6,7,13,22.0,,2,-41.0,0.0,0.0,1.0,0.0,90.0,0.066667,1274.8125,24.925,0.0
2022,CBJ,8479402,Jake,Bean,D,14,,,,,,,,,,,1,5,6,6.0,,2,-2.0,0.0,0.0,0.0,0.0,16.0,0.0625,942.2143,20.5,0.0
2022,CBJ,8479671,Mathieu,Olivier,R,66,,,,,,,,,,,5,10,15,81.0,,2,-20.0,0.0,0.0,1.0,0.0,75.0,0.066667,697.8182,15.7727,0.133333
2022,CBJ,8479941,Justin,Danforth,R,6,,,,,,,,,,,2,1,3,4.0,,2,-3.0,0.0,0.0,0.0,0.0,10.0,0.2,803.3333,17.3333,0.307692
2022,CBJ,8479945,Gavin,Bayreuther,D,51,,,,,,,,,,,2,12,14,23.0,,2,-18.0,0.0,0.0,0.0,0.0,61.0,0.032787,956.8235,20.8235,0.0
2022,CBJ,8480205,Emil,Bemstrom,C,55,,,,,,,,,,,7,15,22,6.0,,2,-11.0,3.0,0.0,0.0,0.0,95.0,0.073684,726.5091,15.2,0.411765
2022,CBJ,8480292,Carson,Meyer,R,14,,,,,,,,,,,0,1,1,6.0,,2,-2.0,0.0,0.0,0.0,0.0,17.0,0.0,583.2143,13.2143,0.0
2022,CBJ,8480441,Trey,Fix-Wolansky,R,9,,,,,,,,,,,1,0,1,0.0,,2,-5.0,0.0,0.0,0.0,0.0,19.0,0.052632,776.5556,15.5556,0.0
2022,CBJ,8480762,Eric,Robinson,L,72,,,,,,,,,,,12,12,24,6.0,,2,-21.0,0.0,0.0,1.0,0.0,98.0,0.122449,836.875,18.9861,0.2
2022,CBJ,8480853,Liam,Foudy,C,62,,,,,,,,,,,7,7,14,8.0,,2,-26.0,0.0,0.0,0.0,0.0,67.0,0.104478,728.0806,15.871,0.333333
2022,CBJ,8480871,Adam,Boqvist,D,46,,,,,,,,,,,5,19,24,8.0,,2,-12.0,0.0,0.0,1.0,0.0,68.0,0.073529,1118.0,22.0435,0.0
2022,CBJ,8480893,Kirill,Marchenko,R,59,,,,,,,,,,,21,4,25,16.0,,2,-23.0,7.0,0.0,1.0,1.0,131.0,0.160305,971.3559,18.9492,0.5625
2022,CBJ,8481072,Tim,Berni,D,59,,,,,,,,,,,1,2,3,34.0,,2,-26.0,0.0,0.0,0.0,0.0,58.0,0.017241,1017.8644,21.7797,0.0
2022,CBJ,8481161,Jake,Christiansen,D,24,,,,,,,,,,,0,4,4,4.0,,2,-7.0,0.0,0.0,0.0,0.0,25.0,0.0,913.2917,18.4583,0.0
2022,CBJ,8481649,Joona,Luoto,L,7,,,,,,,,,,,1,0,1,0.0,,2,-7.0,0.0,0.0,0.0,0.0,7.0,0.142857,747.8571,16.8571,1.0
2022,CBJ,8481690,Tyler,Angle,C,2,,,,,,,,,,,1,0,1,0.0,,2,-2.0,0.0,0.0,0.0,0.0,5.0,0.2,688.5,15.5,0.444444
2022,CBJ,8482179,Justin,Richards,C,2,,,,,,,,,,,0,1,1,0.0,,2,-1.0,0.0,0.0,0.0,0.0,0.0,0.0,647.5,16.0,0.384615
2022,CBJ,8482399,Billy,Sweezey,D,9,,,,,,,,,,,0,1,1,9.0,,2,-3.0,0.0,0.0,0.0,0.0,3.0,0.0,1026.6667,20.6667,0.0
2022,CBJ,8482448,Samuel,Knazko,D,2,,,,,,,,,,,0,0,0,0.0,,2,0.0,0.0,0.0,0.0,0.0,0.0,0.0,938.5,20.0,0.0
2022,CBJ,8482451,Mikael,Pyyhtia,L,2,,,,,,,,,,,0,1,1,2.0,,2,-2.0,0.0,0.0,0.0,0.0,2.0,0.0,811.5,16.5,0.0
2022,CBJ,8482475,Egor,Chinakhov,R,30,,,,,,,,,,,4,9,13,10.0,,2,-6.0,1.0,0.0,0.0,0.0,44.0,0.090909,795.1333,17.0667,0.333333
2022,CBJ,8482623,Josh,Dunne,C,8,,,,,,,,,,,0,0,0,6.0,,2,-6.0,0.0,0.0,0.0,0.0,4.0,0.0,597.875,14.75,0.509804
2022,CBJ,8482660,Kent,Johnson,C,79,,,,,,,,,,,16,24,40,14.0,,2,-19.0,5.0,0.0,3.0,1.0,126.0,0.126984,870.9873,17.6456,0.294964
2022,CBJ,8482705,Cole,Sillinger,C,64,,,,,,,,,,,3,8,11,22.0,,2,-23.0,2.0,0.0,0.0,0.0,93.0,0.032258,798.5469,18.125,0.442529
2022,CBJ,8482711,Stanislav,Svozil,D,2,,,,,,,,,,,0,1,1,2.0,,2,-3.0,0.0,0.0,0.0,0.0,3.0,0.0,1207.0,25.0,0.0
2022,CBJ,8483460,David,Jiricek,D,4,,,,,,,,,,,0,0,0,2.0,,2,-4.0,0.0,0.0,0.0,0.0,5.0,0.0,1084.0,24.75,0.0
2022,CBJ,8483565,Nick,Blankenburg,D,36,,,,,,,,,,,4,10,14,16.0,,2,-16.0,0.0,0.0,1.0,0.0,50.0,0.08,1150.4444,24.9722,0.0
2022,CBJ,8483620,Marcus,Bjork,D,33,,,,,,,,,,,3,8,11,42.0,,2,-9.0,1.0,0.0,0.0,0.0,34.0,0.088235,1089.1515,23.0,0.0
2022,CBJ,8484125,Hunter,McKown,C,12,,,,,,,,,,,0,2,2,8.0,,2,-4.0,0.0,0.0,0.0,0.0,13.0,0.0,733.5,15.4167,0.551724
2022,CGY,8474593,Jacob,Markstrom,G,59,58.0,23.0,21.0,12.0,2.920104,0.892348,1542.0,1376.0,166.0,1.0,0,2,2,14.0,204650.0,2,,,,,,,,,,
2022,CGY,8478435,Dan,Vladar,G,27,23.0,14.0,6.0,5.0,2.911212,0.895052,667.0,597.0,72.0,0.0,0,0,0,2.0,89035.0,2,,,,,,,,,,
2022,CGY,8481692,Dustin,Wolf,G,1,1.0,1.0,0.0,0.0,1.001668,0.958333,24.0,23.0,1.0,0.0,0,0,0,,3594.0,2,,,,,,,,,,
2022,CGY,8473453,Trevor,Lewis,C,82,,,,,,,,,,,9,11,20,18.0,,2,-7.0,1.0,1.0,1.0,0.0,144.0,0.0625,727.122,18.2927,0.423948
2022,CGY,8473473,Milan,Lucic,L,77,,,,,,,,,,,7,12,19,43.0,,2,-13.0,0.0,0.0,0.0,0.0,73.0,0.09589,678.4156,16.026,0.435897
2022,CGY,8474150,Mikael,Backlund,C,82,,,,,,,,,,,19,37,56,36.0,,2,24.0,5.0,1.0,2.0,1.0,260.0,0.073077,1089.7805,24.4878,0.508658
2022,CGY,8474628,Michael,Stone,D,48,,,,,,,,,,,6,5,11,35.0,,2,2.0,0.0,0.0,1.0,0.0,92.0,0.065217,798.7917,21.25,0.0
2022,CGY,8475172,Nazem,Kadri,C,82,,,,,,,,,,,24,32,56,56.0,,2,-19.0,11.0,0.0,4.0,0.0,267.0,0.089888,1032.5244,21.8415,0.474878
2022,CGY,8475690,Chris,Tanev,D,65,,,,,,,,,,,1,12,13,21.0,,2,7.0,0.0,0.0,1.0,0.0,75.0,0.013333,1207.2154,31.1538,0.0
2022,CGY,8475726,Tyler,Toffoli,C,82,,,,,,,,,,,34,39,73,28.0,,2,16.0,10.0,0.0,4.0,2.0,268.0,0.126866,996.6585,23.0854,0.583333
2022,CGY,8476399,Blake,Coleman,L,82,,,,,,,,,,,18,20,38,54.0,,2,9.0,0.0,2.0,2.0,0.0,188.0,0.095745,912.1829,21.0366,0.47619
2022,CGY,8476439,Brett,Ritchie,R,34,,,,,,,,,,,6,2,8,23.0,,2,2.0,0.0,0.0,0.0,0.0,46.0,0.130435,564.2059,14.0882,0.666667
2022,CGY,8476456,Jonathan,Huberdeau,L,79,,,,,,,,,,,15,40,55,36.0,,2,2.0,4.0,0.0,1.0,0.0,126.0,0.119048,1011.8481,22.1392,0.333333
2022,CGY,8477346,MacKenzie,Weegar,D,81,,,,,,,,,,,4,27,31,43.0,,2,15.0,0.0,0.0,1.0,0.0,160.0,0.025,1265.9136,31.6914,0.0
2022,CGY,8477496,Elias,Lindholm,C,80,,,,,,,,,,,22,42,64,14.0,,2,6.0,10.0,1.0,2.0,0.0,186.0,0.11828,1119.0875,25.6375,0.557217
2022,CGY,8477507,Nikita,Zadorov,D,82,,,,,,,,,,,14,7,21,80.0,,2,10.0,0.0,0.0,2.0,0.0,130.0,0.107692,1121.1463,27.7317,0.0
2022,CGY,8477941,Nick,Ritchie,L,16,,,,,,,,,,,4,1,5,10.0,,2,-6.0,0.0,0.0,0.0,0.0,33.0,0.121212,802.5,18.875,0.0
2022,CGY,8478233,Andrew,Mangiapane,L,82,,,,,,,,,,,17,26,43,40.0,,2,12.0,2.0,0.0,1.0,0.0,182.0,0.093407,1009.3049,22.7561,0.357143
2022,CGY,8478396,Noah,Hanifin,D,81,,,,,,,,,,,7,31,38,33.0,,2,2.0,1.0,0.0,0.0,0.0,176.0,0.039773,1358.5062,32.2716,0.0
2022,CGY,8478397,Rasmus,Andersson,D,79,,,,,,,,,,,11,38,49,26.0,,2,5.0,1.0,1.0,4.0,1.0,159.0,0.069182,1445.2152,32.9747,0.0
2022,CGY,8478502,Dennis,Gilbert,D,23,,,,,,,,,,,1,3,4,27.0,,2,0.0,0.0,0.0,1.0,0.0,13.0,0.076923,704.3478,18.6957,0.0
2022,CGY,8479291,Kevin,Rooney,C,17,,,,,,,,,,,0,1,1,7.0,,2,-2.0,0.0,0.0,0.0,0.0,14.0,0.0,531.7647,14.1176,0.419048
2022,CGY,8479346,Dillon,Dube,C,82,,,,,,,,,,,18,27,45,47.0,,2,-6.0,1.0,2.0,3.0,1.0,151.0,0.119205,909.6585,21.7683,0.45
2022,CGY,8479442,Troy,Stecher,D,20,,,,,,,,,,,3,4,7,15.0,,2,-3.0,0.0,0.0,1.0,0.0,26.0,0.115385,870.35,22.95,0.0
2022,CGY,8479547,Matthew,Phillips,R,2,,,,,,,,,,,0,0,0,2.0,,2,0.0,0.0,0.0,0.0,0.0,1.0,0.0,542.0,13.0,0.0
2022,CGY,8480008,Adam,Ruzicka,C,44,,,,,,,,,,,6,14,20,8.0,,2,-1.0,2.0,0.0,2.0,0.0,64.0,0.09375,694.5455,16.6136,0.477011
2022,CGY,8480084,Nick,DeSimone,D,4,,,,,,,,,,,0,0,0,2.0,,2,-4.0,0.0,0.0,0.0,0.0,4.0,0.0,675.0,17.75,0.0
2022,CGY,8481592,Jakob,Pelletier,L,24,,,,,,,,,,,3,4,7,2.0,,2,-5.0,2.0,0.0,1.0,0.0,48.0,0.0625,851.0833,19.6667,0.25
2022,CGY,8482067,Connor,Mackey,D,10,,,,,,,,,,,2,1,3,9.0,,2,-6.0,0.0,0.0,0.0,0.0,8.0,0.25,617.4,16.8,0.0
2022,CGY,8482241,Radim,Zohorna,L,8,,,,,,,,,,,0,0,0,0.0,,2,-2.0,0.0,0.0,0.0,0.0,3.0,0.0,505.125,12.375,0.538462
2022,CGY,8482652,Walker,Duehr,R,27,,,,,,,,,,,7,4,11,4.0,,2,0.0,0.0,0.0,2.0,0.0,47.0,0.148936,611.7778,14.7037,0.142857
2022,CGY,8482679,Matt,Coronato,R,1,,,,,,,,,,,0,0,0,2.0,,2,1.0,0.0,0.0,0.0,0.0,4.0,0.0,878.0,18.0,0.0
2022,CHI,8471418,Anton,Khudobin,G,1,1.0,0.0,1.0,0.0,5.999998,0.785714,28.0,22.0,6.0,0.0,0,0,0,,3600.0,2,,,,,,,,,,
2022,CHI,8471774,Alex,Stalock,G,27,24.0,9.0,15.0,2.0,3.009488,0.90796,804.0,730.0,74.0,2.0,0,0,0,16.0,88520.0,2,,,,,,,,,,
2022,CHI,8475852,Petr,Mrazek,G,39,38.0,10.0,22.0,3.0,3.657917,0.894231,1248.0,1116.0,132.0,0.0,0,2,2,4.0,129910.0,2,,,,,,,,,,
2022,CHI,8479380,Dylan,Wells,G,1,0.0,,,0.0,2.999999,0.923077,13.0,12.0,1.0,0.0,0,0,0,,1200.0,2,,,,,,,,,,
2022,CHI,8482821,Arvid,Soderblom,G,15,13.0,2.0,10.0,2.0,3.448138,0.89404,453.0,405.0,48.0,0.0,0,0,0,,50114.0,2,,,,,,,,,,
2022,CHI,8483530,Jaxson,Stauber,G,6,6.0,5.0,1.0,0.0,2.806049,0.910995,191.0,174.0,17.0,0.0,0,0,0,,21810.0,2,,,,,,,,,,
2022,CHI,8471677,Jack,Johnson,D,58,,,,,,,,,,,0,4,4,16.0,,2,-25.0,0.0,0.0,0.0,0.0,63.0,0.0,1189.8621,23.5517,0.0
2022,CHI,8473604,Jonathan,Toews,C,53,,,,,,,,,,,15,16,31,43.0,,2,-31.0,9.0,0.0,1.0,1.0,87.0,0.172414,1062.6415,21.717,0.631243
2022,CHI,8474141,Patrick,Kane,R,54,,,,,,,,,,,16,29,45,10.0,,2,-23.0,2.0,0.0,0.0,0.0,182.0,0.087912,1196.9444,20.6481,1.0
2022,CHI,8474870,Tyler,Johnson,C,56,,,,,,,,,,,12,20,32,16.0,,2,-21.0,4.0,0.0,0.0,0.0,125.0,0.096,993.9821,19.375,0.513274
2022,CHI,8475797,Jarred,Tinordi,D,44,,,,,,,,,,,2,6,8,40.0,,2,-17.0,0.0,0.0,1.0,0.0,32.0,0.0625,987.4545,21.6818,0.0
2022,CHI,8476278,Colin,Blackwell,C,53,,,,,,,,,,,2,8,10,6.0,,2,-16.0,0.0,0.0,0.0,0.0,53.0,0.037736,708.0566,15.8679,0.5
2022,CHI,8476473,Connor,Murphy,D,80,,,,,,,,,,,7,6,13,69.0,,2,-10.0,0.0,2.0,0.0,0.0,85.0,0.082353,1163.4,24.525,0.0
2022,CHI,8476915,Jujhar,Khaira,L,51,,,,,,,,,,,6,8,14,31.0,,2,-11.0,1.0,1.0,0.0,0.0,59.0,0.101695,832.7255,18.2941,0.484277
2022,CHI,8476931,Jake,McCabe,D,55,,,,,,,,,,,2,18,20,27.0,,2,7.0,0.0,0.0,1.0,0.0,67.0,0.029851,1168.6182,24.0727,0.0
2022,CHI,8476960,Andreas,Athanasiou,C,81,,,,,,,,,,,20,20,40,34.0,,2,-29.0,3.0,0.0,4.0,1.0,175.0,0.114286,960.2099,18.5556,0.465517
2022,CHI,8477210,Buddy,Robinson,R,9,,,,,,,,,,,1,2,3,4.0,,2,1.0,0.0,0.0,0.0,0.0,13.0,0.076923,706.4444,16.0,0.2
2022,CHI,8477450,Jason,Dickinson,C,78,,,,,,,,,,,9,21,30,28.0,,2,-29.0,1.0,0.0,1.0,0.0,114.0,0.078947,956.3333,20.2308,0.477302
2022,CHI,8477495,Seth,Jones,D,72,,,,,,,,,,,12,25,37,30.0,,2,-38.0,2.0,0.0,1.0,1.0,178.0,0.067416,1467.0694,26.2361,0.0
2022,CHI,8477503,Max,Domi,C,60,,,,,,,,,,,18,31,49,76.0,,2,-9.0,8.0,0.0,4.0,2.0,143.0,0.125874,1097.9833,19.7833,0.53744
2022,CHI,8477971,Andreas,Englund,D,11,,,,,,,,,,,0,1,1,9.0,,2,-2.0,0.0,0.0,0.0,0.0,11.0,0.0,893.2727,19.8182,0.0
2022,CHI,8478043,Sam,Lafferty,C,51,,,,,,,,,,,10,11,21,28.0,,2,-10.0,0.0,4.0,1.0,0.0,83.0,0.120482,906.7255,19.2353,0.523923
2022,CHI,8478075,Anders,Bjork,L,13,,,,,,,,,,,2,6,8,2.0,,2,4.0,0.0,0.0,0.0,0.0,14.0,0.142857,849.0,17.0769,0.0
2022,CHI,8478224,Luke,Philp,C,3,,,,,,,,,,,0,1,1,2.0,,2,0.0,0.0,0.0,0.0,0.0,0.0,0.0,700.6667,14.6667,0.25
2022,CHI,8478452,Caleb,Jones,D,73,,,,,,,,,,,4,12,16,40.0,,2,-19.0,1.0,0.0,1.0,1.0,86.0,0.046512,1152.5753,22.7123,0.0
2022,CHI,8478455,Austin,Wagner,L,7,,,,,,,,,,,1,1,2,0.0,,2,-2.0,0.0,0.0,1.0,0.0,13.0,0.076923,728.2857,16.1429,0.0
2022,CHI,8478881,Brett,Seney,L,7,,,,,,,,,,,1,0,1,2.0,,2,-2.0,0.0,0.0,0.0,0.0,9.0,0.111111,787.7143,16.1429,0.384615
2022,CHI,8479315,Joey,Anderson,R,24,,,,,,,,,,,4,2,6,0.0,,2,-9.0,0.0,0.0,1.0,0.0,28.0,0.142857,776.0417,17.9167,0.0
2022,CHI,8479383,Boris,Katchouk,L,58,,,,,,,,,,,5,11,16,27.0,,2,-10.0,0.0,0.0,2.0,0.0,68.0,0.073529,725.3793,15.9828,0.2
2022,CHI,8479390,Taylor,Raddysh,R,78,,,,,,,,,,,20,17,37,16.0,,2,-28.0,7.0,0.0,1.0,0.0,129.0,0.155039,994.0769,18.8718,0.526316
2022,CHI,8479458,Nikita,Zaitsev,D,18,,,,,,,,,,,1,2,3,12.0,,2,-4.0,0.0,0.0,0.0,0.0,10.0,0.1,916.7778,21.5556,0.0
2022,CHI,8480025,MacKenzie,Entwistle,R,66,,,,,,,,,,,4,6,10,14.0,,2,-11.0,0.0,0.0,0.0,0.0,50.0,0.08,715.0152,15.3636,0.465
2022,CHI,8480070,Ian,Mitchell,D,35,,,,,,,,,,,1,7,8,8.0,,2,-8.0,0.0,0.0,0.0,0.0,25.0,0.04,950.3429,19.9429,0.0
2022,CHI,8480252,Cole,Guttman,C,14,,,,,,,,,,,4,2,6,2.0,,2,1.0,0.0,0.0,1.0,0.0,26.0,0.153846,873.6429,17.6429,0.52071
2022,CHI,8480328,David,Gust,R,4,,,,,,,,,,,1,0,1,2.0,,2,-2.0,0.0,0.0,0.0,0.0,7.0,0.142857,852.25,18.0,0.0
2022,CHI,8480798,Philipp,Kurashev,C,70,,,,,,,,,,,9,16,25,14.0,,2,-32.0,0.0,0.0,2.0,0.0,116.0,0.077586,1045.2286,20.2429,0.447368
2022,CHI,8480831,Alec,Regula,D,4,,,,,,,,,,,0,0,0,4.0,,2,-3.0,0.0,0.0,0.0,0.0,2.0,0.0,995.75,20.5,0.0
2022,CHI,8481147,Reese,Johnson,C,57,,,,,,,,,,,4,2,6,38.0,,2,-15.0,0.0,0.0,1.0,0.0,54.0,0.074074,660.6842,14.7895,0.530973
2022,CHI,8481568,Alex,Vlasic,D,6,,,,,,,,,,,0,1,1,0.0,,2,-1.0,0.0,0.0,0.0,0.0,4.0,0.0,1178.1667,24.3333,0.0
2022,CHI,8482117,Lukas,Reichel,L,23,,,,,,,,,,,7,8,15,6.0,,2,-8.0,0.0,0.0,0.0,0.0,42.0,0.166667,982.0,18.4348,0.384615
2022,CHI,8482176,Wyatt,Kaiser,D,9,,,,,,,,,,,0,3,3,4.0,,2,-4.0,0.0,0.0,0.0,0.0,14.0,0.0,1116.1111,24.0,0.0
2022,CHI,8482192,Isaak,Phillips,D,16,,,,,,,,,,,1,4,5,5.0,,2,-10.0,0.0,0.0,0.0,0.0,16.0,0.0625,927.625,19.0,0.0
2022,CHI,8482635,Mike,Hardman,L,8,,,,,,,,,,,0,0,0,0.0,,2,-2.0,0.0,0.0,0.0,0.0,7.0,0.0,609.875,14.875,0.6
2022,CHI,8483619,Filip,Roos,D,17,,,,,,,,,,,1,2,3,4.0,,2,-5.0,0.0,0.0,0.0,0.0,19.0,0.052632,973.2941,20.8235,0.0
2022,COL,8476234,Keith,Kinkaid,G,1,0.0,,,0.0,2.146687,0.888889,9.0,8.0,1.0,0.0,0,0,0,,1677.0,2,,,,,,,,,,
2022,COL,8477992,Jonas,Johansson,G,3,2.0,2.0,0.0,0.0,2.098634,0.931507,73.0,68.0,5.0,0.0,0,0,0,,8577.0,2,,,,,,,,,,
2022,COL,8480382,Alexandar,Georgiev,G,62,62.0,40.0,16.0,6.0,2.5295,0.918592,1904.0,1749.0,156.0,5.0,0,1,1,,222020.0,2,,,,,,,,,,
2022,COL,8480925,Pavel,Francouz,G,16,16.0,8.0,7.0,1.0,2.61266,0.914807,493.0,451.0,42.0,1.0,0,1,1,,57872.0,2,,,,,,,,,,
2022,COL,8481020,Justus,Annunen,G,2,2.0,1.0,1.0,0.0,3.579545,0.854167,48.0,41.0,7.0,0.0,0,0,0,,7040.0,2,,,,,,,,,,
2022,COL,8471677,Jack,Johnson,D,25,,,,,,,,,,,2,2,4,12.0,,2,10.0,0.0,0.0,0.0,0.0,29.0,0.068966,1052.84,22.92,0.0
2022,COL,8471699,Andrew,Cogliano,C,79,,,,,,,,,,,10,9,19,44.0,,2,6.0,0.0,0.0,0.0,0.0,85.0,0.117647,757.0633,20.2405,0.471429
2022,COL,8471794,Darren,Helm,C,11,,,,,,,,,,,0,0,0,4.0,,2,-1.0,0.0,0.0,0.0,0.0,10.0,0.0,540.3636,14.0909,0.418919
2022,COL,8473446,Erik,Johnson,D,63,,,,,,,,,,,0,8,8,12.0,,2,8.0,0.0,0.0,0.0,0.0,98.0,0.0,1035.2698,23.873,0.0
2022,COL,8474189,Lars,Eller,C,24,,,,,,,,,,,3,4,7,10.0,,2,4.0,0.0,1.0,1.0,0.0,39.0,0.076923,820.3333,18.3333,0.509506
2022,COL,8476310,Lukas,Sedlak,C,3,,,,,,,,,,,0,0,0,0.0,,2,1.0,0.0,0.0,0.0,0.0,1.0,0.0,461.6667,11.6667,0.285714
2022,COL,8476312,Josh,Manson,D,27,,,,,,,,,,,2,8,10,42.0,,2,13.0,0.0,0.0,2.0,0.0,41.0,0.04878,1061.2593,24.2963,0.0
2022,COL,8476442,Matt,Nieto,L,36,,,,,,,,,,,4,5,9,8.0,,2,7.0,0.0,0.0,0.0,0.0,45.0,0.088889,652.3889,15.8056,0.571429
2022,COL,8476779,Brad,Hunt,D,47,,,,,,,,,,,4,6,10,12.0,,2,4.0,0.0,0.0,0.0,0.0,46.0,0.086957,672.8511,16.2766,0.0
2022,COL,8476851,Alex,Galchenyuk,C,11,,,,,,,,,,,0,0,0,4.0,,2,-8.0,0.0,0.0,0.0,0.0,8.0,0.0,426.4545,10.5455,0.571429
2022,COL,8476948,Charles,Hudon,L,9,,,,,,,,,,,0,0,0,2.0,,2,-2.0,0.0,0.0,0.0,0.0,18.0,0.0,646.7778,14.5556,0.555556
2022,COL,8477073,Kurtis,MacDermid,L,44,,,,,,,,,,,1,5,6,55.0,,2,-1.0,0.0,0.0,1.0,0.0,20.0,0.05,499.9318,12.5227,0.0
2022,COL,8477126,Jayson,Megna,C,14,,,,,,,,,,,0,0,0,2.0,,2,-2.0,0.0,0.0,0.0,0.0,4.0,0.0,437.5714,11.0714,0.507042
2022,COL,8477320,Anton,Blidh,L,14,,,,,,,,,,,0,0,0,4.0,,2,-2.0,0.0,0.0,0.0,0.0,9.0,0.0,394.7857,9.9286,0.25
2022,COL,8477456,J.T.,Compher,L,82,,,,,,,,,,,17,35,52,33.0,,2,8.0,5.0,0.0,3.0,0.0,154.0,0.11039,1232.439,25.2805,0.488288
2022,COL,8477476,Artturi,Lehkonen,L,64,,,,,,,,,,,21,30,51,28.0,,2,8.0,8.0,1.0,3.0,1.0,150.0,0.14,1227.1406,23.8906,0.173913
2022,COL,8477492,Nathan,MacKinnon,C,71,,,,,,,,,,,42,69,111,30.0,,2,29.0,12.0,0.0,9.0,2.0,366.0,0.114754,1339.0423,24.2113,0.444349
2022,COL,8477501,Valeri,Nichushkin,R,53,,,,,,,,,,,17,30,47,2.0,,2,15.0,10.0,1.0,2.0,0.0,158.0,0.107595,1216.2642,23.8868,0.0
2022,COL,8477971,Andreas,Englund,D,36,,,,,,,,,,,0,3,3,26.0,,2,1.0,0.0,0.0,0.0,0.0,20.0,0.0,675.7778,16.3333,0.0
2022,COL,8478038,Devon,Toews,D,80,,,,,,,,,,,7,43,50,26.0,,2,39.0,1.0,0.0,0.0,0.0,165.0,0.042424,1506.375,28.125,0.0
2022,COL,8478211,Dryden,Hunt,L,25,,,,,,,,,,,1,0,1,13.0,,2,-7.0,0.0,0.0,0.0,0.0,15.0,0.066667,471.2,11.16,0.333333
2022,COL,8478420,Mikko,Rantanen,R,82,,,,,,,,,,,55,50,105,82.0,,2,15.0,13.0,0.0,9.0,3.0,306.0,0.179739,1333.4512,24.3293,0.490066
2022,COL,8478542,Evan,Rodrigues,C,69,,,,,,,,,,,16,23,39,30.0,,2,7.0,6.0,0.0,2.0,0.0,184.0,0.086957,1071.3768,21.8696,0.493776
2022,COL,8478843,Denis,Malgin,C,42,,,,,,,,,,,11,6,17,4.0,,2,5.0,0.0,0.0,1.0,0.0,66.0,0.166667,632.1667,14.0238,0.333333
2022,COL,8479398,Samuel,Girard,D,76,,,,,,,,,,,6,31,37,16.0,,2,-10.0,1.0,0.0,1.0,1.0,119.0,0.05042,1289.6974,27.0395,0.0
2022,COL,8479439,Jacob,MacDonald,D,33,,,,,,,,,,,0,2,2,11.0,,2,-3.0,0.0,0.0,0.0,0.0,29.0,0.0,519.9091,12.5455,0.0
2022,COL,8479573,Mikhail,Maltsev,L,5,,,,,,,,,,,0,0,0,0.0,,2,0.0,0.0,0.0,0.0,0.0,4.0,0.0,395.8,9.6,0.518519
2022,COL,8480032,Shane,Bowers,C,1,,,,,,,,,,,0,0,0,0.0,,2,0.0,0.0,0.0,0.0,0.0,1.0,0.0,106.0,3.0,0.0
2022,COL,8480069,Cale,Makar,D,60,,,,,,,,,,,17,49,66,30.0,,2,16.0,5.0,0.0,6.0,2.0,176.0,0.096591,1582.8167,27.1833,0.0
2022,COL,8480822,Martin,Kaut,R,27,,,,,,,,,,,1,2,3,4.0,,2,-2.0,0.0,0.0,1.0,0.0,24.0,0.041667,548.3704,13.3704,0.333333
2022,COL,8480846,Sampo,Ranta,L,6,,,,,,,,,,,0,0,0,4.0,,2,0.0,0.0,0.0,0.0,0.0,5.0,0.0,440.5,11.1667,0.0
2022,COL,8481186,Logan,O'Connor,R,82,,,,,,,,,,,9,17,26,37.0,,2,11.0,0.0,2.0,0.0,0.0,104.0,0.086538,852.2683,20.0732,0.166667
2022,COL,8481524,Bowen,Byram,D,42,,,,,,,,,,,10,14,24,38.0,,2,7.0,2.0,1.0,1.0,0.0,65.0,0.153846,1312.6667,26.8095,0.0
2022,COL,8481618,Alex,Newhook,C,82,,,,,,,,,,,14,16,30,22.0,,2,0.0,1.0,0.0,3.0,0.0,116.0,0.12069,837.1829,18.3293,0.413519
2022,COL,8482147,Jean-Luc,Foudy,C,9,,,,,,,,,,,0,0,0,6.0,,2,-3.0,0.0,0.0,0.0,0.0,12.0,0.0,601.7778,14.1111,0.0
2022,COL,8482250,Callahan,Burke,C,2,,,,,,,,,,,0,0,0,0.0,,2,-1.0,0.0,0.0,0.0,0.0,2.0,0.0,528.5,13.0,0.333333
2022,COL,8482712,Oskar,Olausson,R,1,,,,,,,,,,,0,0,0,0.0,,2,0.0,0.0,0.0,0.0,0.0,0.0,0.0,422.0,9.0,0.0
2022,COL,8483570,Ben,Meyers,C,39,,,,,,,,,,,4,0,4,6.0,,2,-6.0,0.0,0.0,0.0,0.0,33.0,0.121212,575.7949,13.5128,0.513369
2022,COL,8480382,Alexandar,Georgiev,G,7,7.0,3.0,4.0,0.0,2.600111,0.914286,210.0,192.0,18.0,0.0,0,0,0,,24922.0,3,,,,,,,,,,
2022,COL,8471677,Jack,Johnson,D,3,,,,,,,,,,,0,0,0,2.0,,3,0.0,0.0,0.0,0.0,0.0,0.0,0.0,833.6667,20.6667,0.0
2022,COL,8471699,Andrew,Cogliano,C,4,,,,,,,,,,,0,0,0,0.0,,3,0.0,0.0,0.0,0.0,0.0,1.0,0.0,576.25,18.5,0.142857
2022,COL,8471794,Darren,Helm,C,1,,,,,,,,,,,0,0,0,0.0,,3,-1.0,0.0,0.0,0.0,0.0,1.0,0.0,495.0,14.0,0.4
2022,COL,8473446,Erik,Johnson,D,7,,,,,,,,,,,1,0,1,0.0,,3,0.0,0.0,0.0,1.0,0.0,8.0,0.125,847.2857,21.2857,0.0
2022,COL,8474189,Lars,Eller,C,7,,,,,,,,,,,0,0,0,0.0,,3,-1.0,0.0,0.0,0.0,0.0,9.0,0.0,844.1429,20.4286,0.653333
2022,COL,8476312,Josh,Manson,D,5,,,,,,,,,,,0,0,0,8.0,,3,-3.0,0.0,0.0,0.0,0.0,4.0,0.0,707.4,18.0,0.0
2022,COL,8476442,Matt,Nieto,L,7,,,,,,,,,,,0,0,0,2.0,,3,0.0,0.0,0.0,0.0,0.0,9.0,0.0,701.0,18.5714,0.0
2022,COL,8476779,Brad,Hunt,D,1,,,,,,,,,,,0,0,0,0.0,,3,0.0,0.0,0.0,0.0,0.0,0.0,0.0,41.0,1.0,0.0
2022,COL,8477456,J.T.,Compher,L,7,,,,,,,,,,,1,1,2,0.0,,3,-2.0,0.0,1.0,0.0,0.0,15.0,0.066667,1358.1429,27.1429,0.473684
2022,COL,8477476,Artturi,Lehkonen,L,7,,,,,,,,,,,3,3,6,6.0,,3,3.0,0.0,0.0,0.0,0.0,13.0,0.230769,1245.5714,26.2857,0.0
2022,COL,8477492,Nathan,MacKinnon,C,7,,,,,,,,,,,3,4,7,4.0,,3,8.0,0.0,0.0,1.0,0.0,40.0,0.075,1424.0,26.5714,0.554455
2022,COL,8477501,Valeri,Nichushkin,R,2,,,,,,,,,,,1,0,1,0.0,,3,-2.0,0.0,0.0,0.0,0.0,6.0,0.166667,1198.0,22.5,1.0
2022,COL,8478038,Devon,Toews,D,7,,,,,,,,,,,1,8,9,0.0,,3,5.0,0.0,0.0,1.0,0.0,12.0,0.083333,1425.2857,30.2857,0.0
2022,COL,8478420,Mikko,Rantanen,R,7,,,,,,,,,,,7,3,10,2.0,,3,4.0,2.0,0.0,0.0,0.0,27.0,0.259259,1286.4286,25.5714,0.652174
2022,COL,8478542,Evan,Rodrigues,C,7,,,,,,,,,,,1,4,5,2.0,,3,4.0,0.0,0.0,0.0,0.0,18.0,0.055556,1150.2857,23.5714,0.5
2022,COL,8478843,Denis,Malgin,C,7,,,,,,,,,,,0,0,0,2.0,,3,-3.0,0.0,0.0,0.0,0.0,7.0,0.0,458.7143,11.5714,0.0
2022,COL,8479398,Samuel,Girard,D,7,,,,,,,,,,,0,2,2,2.0,,3,-4.0,0.0,0.0,0.0,0.0,9.0,0.0,1264.4286,28.2857,0.0
2022,COL,8480069,Cale,Makar,D,6,,,,,,,,,,,1,4,5,6.0,,3,5.0,0.0,0.0,0.0,0.0,20.0,0.05,1540.0,29.6667,0.0
2022,COL,8481186,Logan,O'Connor,R,7,,,,,,,,,,,0,0,0,6.0,,3,0.0,0.0,0.0,0.0,0.0,7.0,0.0,738.2857,18.1429,0.5
2022,COL,8481524,Bowen,Byram,D,7,,,,,,,,,,,0,3,3,0.0,,3,1.0,0.0,0.0,0.0,0.0,22.0,0.0,1315.1429,28.2857,0.0
2022,COL,8481618,Alex,Newhook,C,7,,,,,,,,,,,0,1,1,4.0,,3,-3.0,0.0,0.0,0.0,0.0,4.0,0.0,555.0,14.4286,0.454545
2022,COL,8483570,Ben,Meyers,C,6,,,,,,,,,,,0,0,0,2.0,,3,-2.0,0.0,0.0,0.0,0.0,1.0,0.0,330.1667,7.3333,0.5
2022,DAL,8475809,Scott,Wedgewood,G,21,18.0,9.0,8.0,3.0,2.715732,0.915423,603.0,552.0,51.0,1.0,0,0,0,,67606.0,2,,,,,,,,,,
2022,DAL,8479979,Jake,Oettinger,G,62,61.0,37.0,11.0,11.0,2.370445,0.919482,1776.0,1633.0,144.0,5.0,0,1,1,2.0,218693.0,2,,,,,,,,,,
2022,DAL,8483575,Matt,Murray,G,3,3.0,1.0,2.0,0.0,3.389191,0.84375,64.0,54.0,10.0,0.0,0,0,0,,10622.0,2,,,,,,,,,,
2022,DAL,8470600,Ryan,Suter,D,82,,,,,,,,,,,3,22,25,26.0,,2,0.0,0.0,0.0,1.0,0.0,92.0,0.032609,1222.7683,24.622,0.0
2022,DAL,8470794,Joe,Pavelski,C,82,,,,,,,,,,,28,49,77,8.0,,2,42.0,13.0,0.0,2.0,0.0,184.0,0.152174,1063.3659,21.939,0.534107
2022,DAL,8473994,Jamie,Benn,L,82,,,,,,,,,,,33,45,78,34.0,,2,23.0,13.0,2.0,4.0,0.0,190.0,0.173684,947.0122,22.0976,0.601156
2022,DAL,8474149,Evgenii,Dadonov,L,23,,,,,,,,,,,3,12,15,2.0,,2,2.0,0.0,0.0,0.0,0.0,38.0,0.078947,908.4348,20.0,0.0
2022,DAL,8475794,Tyler,Seguin,C,76,,,,,,,,,,,21,29,50,24.0,,2,3.0,7.0,1.0,3.0,1.0,189.0,0.111111,997.0526,21.9079,0.547126
2022,DAL,8475825,Jani,Hakanpää,D,82,,,,,,,,,,,6,10,16,60.0,,2,18.0,0.0,0.0,1.0,0.0,86.0,0.069767,1159.8537,23.1829,0.0
2022,DAL,8476525,Colin,Miller,D,79,,,,,,,,,,,6,15,21,37.0,,2,23.0,1.0,0.0,3.0,0.0,106.0,0.056604,1006.3291,21.7215,0.0
2022,DAL,8476822,Luke,Glendening,C,70,,,,,,,,,,,3,3,6,50.0,,2,-9.0,0.0,2.0,0.0,0.0,65.0,0.046154,723.7429,18.5143,0.590461
2022,DAL,8476889,Radek,Faksa,C,81,,,,,,,,,,,11,9,20,39.0,,2,9.0,0.0,1.0,3.0,0.0,88.0,0.125,823.2346,19.0741,0.559783
2022,DAL,8476902,Esa,Lindell,D,82,,,,,,,,,,,8,16,24,10.0,,2,29.0,0.0,0.0,2.0,0.0,116.0,0.068966,1195.0122,24.1098,0.0
2022,DAL,8477503,Max,Domi,C,20,,,,,,,,,,,2,5,7,6.0,,2,-6.0,0.0,0.0,0.0,0.0,36.0,0.055556,971.05,20.95,0.532787
2022,DAL,8477810,Joel,Hanley,D,26,,,,,,,,,,,0,2,2,15.0,,2,5.0,0.0,0.0,0.0,0.0,14.0,0.0,698.2308,17.1154,0.0
2022,DAL,8478028,Fredrik,Olofsson,L,28,,,,,,,,,,,1,3,4,2.0,,2,0.0,0.0,0.0,1.0,0.0,34.0,0.029412,612.3214,14.1429,0.375
2022,DAL,8478449,Roope,Hintz,C,73,,,,,,,,,,,37,38,75,30.0,,2,31.0,9.0,3.0,5.0,0.0,184.0,0.201087,1053.4658,23.274,0.519833
2022,DAL,8478495,Denis,Gurianov,R,43,,,,,,,,,,,2,7,9,4.0,,2,-2.0,0.0,0.0,0.0,0.0,70.0,0.028571,728.0233,16.5814,0.0
2022,DAL,8478975,Mason,Marchment,L,68,,,,,,,,,,,12,19,31,80.0,,2,-6.0,2.0,0.0,2.0,0.0,148.0,0.081081,942.3382,20.0147,0.4
2022,DAL,8479362,Riley,Tufte,L,3,,,,,,,,,,,0,0,0,0.0,,2,-1.0,0.0,0.0,0.0,0.0,1.0,0.0,477.3333,11.0,0.0
2022,DAL,8479518,Fredrik,Karlstrom,C,5,,,,,,,,,,,0,0,0,0.0,,2,1.0,0.0,0.0,0.0,0.0,6.0,0.0,573.4,12.2,0.0
2022,DAL,8480027,Jason,Robertson,L,82,,,,,,,,,,,46,63,109,20.0,,2,37.0,13.0,0.0,7.0,1.0,313.0,0.146965,1130.3293,22.1341,0.0
2022,DAL,8480036,Miro,Heiskanen,D,79,,,,,,,,,,,11,62,73,32.0,,2,12.0,2.0,0.0,2.0,1.0,206.0,0.053398,1529.4684,27.6835,0.0
2022,DAL,8480216,Jacob,Peterson,C,1,,,,,,,,,,,0,0,0,0.0,,2,-2.0,0.0,0.0,0.0,0.0,1.0,0.0,739.0,17.0,0.0
2022,DAL,8480226,Marián,Studenic,R,3,,,,,,,,,,,0,0,0,0.0,,2,-1.0,0.0,0.0,0.0,0.0,4.0,0.0,521.3333,13.3333,0.0
2022,DAL,8480848,Ty,Dellandrea,C,82,,,,,,,,,,,9,19,28,54.0,,2,9.0,0.0,0.0,2.0,0.0,92.0,0.097826,852.0244,19.8049,0.507463
2022,DAL,8480878,Nils,Lundkvist,D,60,,,,,,,,,,,6,10,16,26.0,,2,-5.0,1.0,0.0,2.0,1.0,94.0,0.06383,978.5333,21.1167,0.0
2022,DAL,8481581,Thomas,Harley,D,6,,,,,,,,,,,0,2,2,2.0,,2,5.0,0.0,0.0,0.0,0.0,8.0,0.0,1007.5,19.8333,0.0
2022,DAL,8481641,Joel,Kiviranta,L,70,,,,,,,,,,,8,1,9,40.0,,2,-9.0,0.0,1.0,0.0,0.0,85.0,0.094118,729.2571,18.1429,0.3
2022,DAL,8481712,Matěj ,Blümel,R,6,,,,,,,,,,,1,0,1,0.0,,2,-2.0,0.0,0.0,0.0,0.0,7.0,0.142857,582.1667,13.0,0.0
2022,DAL,8482740,Wyatt,Johnston,C,82,,,,,,,,,,,24,17,41,20.0,,2,6.0,3.0,0.0,3.0,0.0,160.0,0.15,928.9024,19.9512,0.432836
2022,DAL,8475809,Scott,Wedgewood,G,3,0.0,,,0.0,2.27812,0.862069,29.0,25.0,4.0,0.0,0,0,0,,6321.0,3,,,,,,,,,,
2022,DAL,8479979,Jake,Oettinger,G,19,19.0,10.0,9.0,0.0,3.061886,0.895238,525.0,470.0,55.0,1.0,0,0,0,,64666.0,3,,,,,,,,,,
2022,DAL,8470600,Ryan,Suter,D,19,,,,,,,,,,,0,6,6,18.0,,3,-3.0,0.0,0.0,0.0,0.0,21.0,0.0,1401.2632,27.1579,0.0
2022,DAL,8470794,Joe,Pavelski,C,14,,,,,,,,,,,9,5,14,2.0,,3,-1.0,4.0,0.0,4.0,1.0,28.0,0.321429,1070.1429,22.8571,0.566434
2022,DAL,8473994,Jamie,Benn,L,17,,,,,,,,,,,3,8,11,51.0,,3,-1.0,2.0,0.0,0.0,0.0,37.0,0.081081,980.0588,22.4706,0.623596
2022,DAL,8474149,Evgenii,Dadonov,L,16,,,,,,,,,,,4,6,10,2.0,,3,5.0,0.0,0.0,1.0,0.0,29.0,0.137931,928.5625,21.75,0.0
2022,DAL,8475794,Tyler,Seguin,C,19,,,,,,,,,,,5,4,9,4.0,,3,-8.0,4.0,0.0,2.0,0.0,54.0,0.092593,973.6316,23.0,0.534591
2022,DAL,8475825,Jani,Hakanpää,D,15,,,,,,,,,,,1,1,2,16.0,,3,-3.0,0.0,0.0,0.0,0.0,13.0,0.076923,1230.6,25.0,0.0
2022,DAL,8476525,Colin,Miller,D,10,,,,,,,,,,,0,1,1,4.0,,3,-2.0,0.0,0.0,0.0,0.0,13.0,0.0,976.7,23.3,0.0
2022,DAL,8476822,Luke,Glendening,C,17,,,,,,,,,,,2,1,3,2.0,,3,-5.0,0.0,0.0,0.0,0.0,15.0,0.133333,685.8824,19.1176,0.6
2022,DAL,8476889,Radek,Faksa,C,19,,,,,,,,,,,1,2,3,10.0,,3,-5.0,0.0,0.0,0.0,0.0,18.0,0.055556,821.7895,20.0,0.606061
2022,DAL,8476902,Esa,Lindell,D,19,,,,,,,,,,,0,3,3,8.0,,3,-10.0,0.0,0.0,0.0,0.0,28.0,0.0,1249.7895,25.3158,0.0
2022,DAL,8477503,Max,Domi,C,19,,,,,,,,,,,3,10,13,52.0,,3,-3.0,0.0,0.0,0.0,0.0,34.0,0.088235,890.5263,21.4211,0.5625
2022,DAL,8477810,Joel,Hanley,D,13,,,,,,,,,,,0,1,1,4.0,,3,5.0,0.0,0.0,0.0,0.0,5.0,0.0,772.5385,18.9231,0.0
2022,DAL,8478028,Fredrik,Olofsson,L,2,,,,,,,,,,,0,0,0,0.0,,3,1.0,0.0,0.0,0.0,0.0,5.0,0.0,618.5,17.0,0.0
2022,DAL,8478449,Roope,Hintz,C,19,,,,,,,,,,,10,14,24,8.0,,3,4.0,2.0,1.0,0.0,0.0,59.0,0.169492,1080.5789,25.7895,0.533835
2022,DAL,8478975,Mason,Marchment,L,18,,,,,,,,,,,4,2,6,18.0,,3,-8.0,0.0,0.0,0.0,0.0,16.0,0.25,842.6667,19.3333,0.5
2022,DAL,8480027,Jason,Robertson,L,19,,,,,,,,,,,7,11,18,2.0,,3,0.0,4.0,0.0,0.0,0.0,57.0,0.122807,1126.2632,24.0,0.0
2022,DAL,8480036,Miro,Heiskanen,D,19,,,,,,,,,,,1,11,12,8.0,,3,-6.0,0.0,0.0,0.0,0.0,35.0,0.028571,1667.8947,27.2632,0.0
2022,DAL,8480848,Ty,Dellandrea,C,15,,,,,,,,,,,3,0,3,22.0,,3,-4.0,0.0,0.0,1.0,0.0,25.0,0.12,918.5333,22.8667,0.466667
2022,DAL,8481581,Thomas,Harley,D,19,,,,,,,,,,,1,8,9,14.0,,3,1.0,0.0,0.0,0.0,0.0,23.0,0.043478,969.7895,21.1053,0.0
2022,DAL,8481641,Joel,Kiviranta,L,15,,,,,,,,,,,1,4,5,2.0,,3,0.0,0.0,0.0,0.0,0.0,12.0,0.083333,758.1333,19.9333,0.0
2022,DAL,8482740,Wyatt,Johnston,C,19,,,,,,,,,,,4,2,6,4.0,,3,-4.0,0.0,0.0,2.0,0.0,55.0,0.072727,1018.5789,23.5789,0.408602
2022,DET,8476433,Magnus,Hellberg,G,17,13.0,4.0,8.0,1.0,3.286357,0.884615,416.0,368.0,48.0,0.0,0,0,0,,52581.0,2,,,,,,,,,,
2022,DET,8477968,Alex,Nedeljkovic,G,15,13.0,5.0,7.0,2.0,3.530963,0.89485,466.0,417.0,49.0,0.0,0,0,0,2.0,49958.0,2,,,,,,,,,,
2022,DET,8478024,Ville,Husso,G,56,56.0,26.0,22.0,7.0,3.111574,0.89582,1603.0,1436.0,167.0,4.0,0,0,0,0.0,193214.0,2,,,,,,,,,,
2022,DET,8474102,David,Perron,L,82,,,,,,,,,,,24,32,56,52.0,,2,-7.0,6.0,0.0,3.0,0.0,195.0,0.123077,1015.1098,19.9756,0.181818
2022,DET,8475163,Alex,Chiasson,R,20,,,,,,,,,,,6,3,9,6.0,,2,-8.0,5.0,0.0,0.0,0.0,25.0,0.24,724.35,15.7,0.0
2022,DET,8475279,Ben,Chiarot,D,76,,,,,,,,,,,5,14,19,51.0,,2,-31.0,0.0,0.0,0.0,0.0,110.0,0.045455,1236.4605,26.0132,0.0
2022,DET,8476874,Olli,Maatta,D,78,,,,,,,,,,,6,17,23,14.0,,2,-9.0,0.0,0.0,0.0,0.0,62.0,0.096774,1122.4231,23.4872,0.0
2022,DET,8476897,Oskar,Sundqvist,C,52,,,,,,,,,,,7,14,21,20.0,,2,-4.0,2.0,0.0,0.0,0.0,59.0,0.118644,856.0192,18.0,0.416667
2022,DET,8477330,Dominik,Kubalik,L,81,,,,,,,,,,,20,25,45,24.0,,2,-15.0,7.0,0.0,3.0,1.0,174.0,0.114943,894.8148,18.5679,0.485714
2022,DET,8477429,Andrew,Copp,C,82,,,,,,,,,,,9,33,42,25.0,,2,2.0,1.0,1.0,2.0,1.0,120.0,0.075,1089.3049,22.2683,0.498075
2022,DET,8477454,Adam,Erne,L,61,,,,,,,,,,,8,10,18,21.0,,2,-12.0,0.0,0.0,2.0,0.0,55.0,0.145455,802.8525,18.0656,0.461538
2022,DET,8477462,Robert,Hagg,D,38,,,,,,,,,,,2,5,7,26.0,,2,-5.0,0.0,0.0,0.0,0.0,40.0,0.05,931.2368,21.3684,0.0
2022,DET,8477479,Tyler,Bertuzzi,L,29,,,,,,,,,,,4,10,14,23.0,,2,-12.0,1.0,0.0,0.0,0.0,62.0,0.064516,988.6897,18.931,0.4
2022,DET,8477851,Jordan,Oesterle,D,52,,,,,,,,,,,2,9,11,19.0,,2,-9.0,0.0,0.0,0.0,0.0,54.0,0.037037,939.3462,19.6538,0.0
2022,DET,8477944,Jakub,Vrana,L,5,,,,,,,,,,,1,1,2,0.0,,2,1.0,0.0,0.0,0.0,0.0,7.0,0.142857,725.0,16.4,0.333333
2022,DET,8477946,Dylan,Larkin,C,80,,,,,,,,,,,32,47,79,45.0,,2,-7.0,16.0,1.0,5.0,0.0,244.0,0.131148,1173.3375,22.675,0.543911
2022,DET,8477952,Robby,Fabbri,C,28,,,,,,,,,,,7,9,16,22.0,,2,-1.0,3.0,0.0,3.0,1.0,35.0,0.2,959.8929,18.0,0.384615
2022,DET,8478013,Jake,Walman,D,63,,,,,,,,,,,9,9,18,45.0,,2,10.0,0.0,0.0,2.0,1.0,140.0,0.064286,1183.1111,25.4127,0.0
2022,DET,8478512,Austin,Czarnik,C,29,,,,,,,,,,,3,2,5,8.0,,2,-4.0,0.0,0.0,0.0,0.0,27.0,0.111111,670.3448,15.5172,0.43125
2022,DET,8479379,Givani,Smith,R,2,,,,,,,,,,,0,0,0,0.0,,2,-3.0,0.0,0.0,0.0,0.0,3.0,0.0,596.5,12.5,0.0
2022,DET,8479425,Filip,Hronek,D,60,,,,,,,,,,,9,29,38,34.0,,2,8.0,4.0,0.0,1.0,0.0,122.0,0.07377,1291.6667,25.7667,0.0
2022,DET,8479644,Matt,Luff,R,19,,,,,,,,,,,2,2,4,0.0,,2,-4.0,0.0,0.0,0.0,0.0,20.0,0.1,592.6316,13.1579,0.0
2022,DET,8479992,Michael,Rasmussen,C,56,,,,,,,,,,,10,19,29,43.0,,2,2.0,0.0,0.0,0.0,0.0,88.0,0.113636,905.8571,20.8036,0.51005
2022,DET,8480184,Gustav,Lindstrom,D,36,,,,,,,,,,,1,7,8,20.0,,2,-16.0,0.0,0.0,0.0,0.0,18.0,0.055556,850.1667,19.3889,0.0
2022,DET,8480459,Pius,Suter,C,79,,,,,,,,,,,14,10,24,6.0,,2,-3.0,0.0,2.0,1.0,0.0,106.0,0.132075,843.7089,18.3038,0.468271
2022,DET,8480813,Joseph,Veleno,C,81,,,,,,,,,,,9,11,20,30.0,,2,-12.0,1.0,0.0,1.0,0.0,85.0,0.105882,766.5556,16.321,0.425499
2022,DET,8480821,Filip,Zadina,R,30,,,,,,,,,,,3,4,7,10.0,,2,-5.0,0.0,0.0,2.0,0.0,51.0,0.058824,785.8,16.1667,0.333333
2022,DET,8481013,Jonatan,Berggren,R,67,,,,,,,,,,,15,13,28,16.0,,2,-14.0,5.0,0.0,0.0,0.0,98.0,0.153061,807.5821,16.6269,0.5
2022,DET,8481433,Taro,Hirose,L,3,,,,,,,,,,,0,0,0,2.0,,2,-2.0,0.0,0.0,0.0,0.0,2.0,0.0,619.6667,14.0,1.0
2022,DET,8481542,Moritz,Seider,D,82,,,,,,,,,,,5,37,42,40.0,,2,-11.0,1.0,1.0,1.0,0.0,140.0,0.035714,1388.9268,27.4146,0.0
2022,DET,8481725,Elmer,Soderblom,L,21,,,,,,,,,,,5,3,8,8.0,,2,0.0,0.0,0.0,2.0,0.0,30.0,0.166667,724.381,15.6667,0.25
2022,DET,8482078,Lucas,Raymond,L,74,,,,,,,,,,,17,28,45,24.0,,2,-17.0,5.0,0.0,4.0,0.0,134.0,0.126866,1042.5541,20.2432,0.294118
2022,DET,8482762,Simon,Edvinsson,D,9,,,,,,,,,,,2,0,2,12.0,,2,-7.0,0.0,0.0,0.0,0.0,5.0,0.4,1024.1111,22.8889,0.0
2022,DET,8483464,Marco,Kasper,C,1,,,,,,,,,,,0,0,0,0.0,,2,0.0,0.0,0.0,0.0,0.0,1.0,0.0,899.0,21.0,0.125
2022,EDM,8475789,Jack,Campbell,G,36,34.0,21.0,9.0,4.0,3.405078,0.888023,1027.0,912.0,115.0,1.0,0,1,1,2.0,121583.0,2,,,,,,,,,,
2022,EDM,8479973,Stuart,Skinner,G,50,48.0,29.0,14.0,5.0,2.748798,0.914063,1536.0,1404.0,133.0,1.0,0,2,2,,174185.0,2,,,,,,,,,,
2022,EDM,8483158,Matthew,Berlin,G,1,0.0,,,0.0,0.0,1.0,1.0,1.0,0.0,0.0,0,0,0,,146.0,2,,,,,,,,,,
2022,EDM,8474089,Brad,Malone,C,10,,,,,,,,,,,0,0,0,6.0,,2,-4.0,0.0,0.0,0.0,0.0,7.0,0.0,461.2,12.5,0.577778
2022,EDM,8474218,Jason,Demers,D,1,,,,,,,,,,,0,0,0,0.0,,2,-1.0,0.0,0.0,0.0,0.0,1.0,0.0,644.0,14.0,0.0
2022,EDM,8475169,Evander,Kane,L,41,,,,,,,,,,,16,12,28,53.0,,2,-4.0,0.0,1.0,3.0,0.0,146.0,0.109589,1122.1951,21.1951,0.352941
2022,EDM,8475197,Tyson,Barrie,D,61,,,,,,,,,,,10,33,43,26.0,,2,-3.0,4.0,0.0,0.0,0.0,115.0,0.086957,1148.4426,21.5902,0.0
2022,EDM,8475218,Mattias,Ekholm,D,21,,,,,,,,,,,4,10,14,4.0,,2,28.0,0.0,0.0,0.0,0.0,36.0,0.111111,1246.619,24.2381,0.0
2022,EDM,8475760,Nick,Bjugstad,C,19,,,,,,,,,,,4,2,6,8.0,,2,6.0,0.0,0.0,1.0,0.0,34.0,0.117647,825.0526,19.7368,0.504425
2022,EDM,8475786,Zach,Hyman,L,79,,,,,,,,,,,36,47,83,39.0,,2,13.0,15.0,0.0,3.0,0.0,276.0,0.130435,1209.038,21.6709,0.5
2022,EDM,8476454,Ryan,Nugent-Hopkins,C,82,,,,,,,,,,,37,67,104,35.0,,2,12.0,15.0,1.0,3.0,0.0,201.0,0.18408,1188.0732,22.878,0.451613
2022,EDM,8476850,Ryan,Murray,D,13,,,,,,,,,,,0,3,3,4.0,,2,-4.0,0.0,0.0,0.0,0.0,8.0,0.0,787.4615,17.2308,0.0
2022,EDM,8476879,Cody,Ceci,D,80,,,,,,,,,,,1,14,15,24.0,,2,11.0,0.0,0.0,0.0,0.0,88.0,0.011364,1208.0625,23.175,0.0
2022,EDM,8476913,Devin,Shore,C,47,,,,,,,,,,,1,8,9,4.0,,2,6.0,0.0,0.0,0.0,0.0,33.0,0.030303,537.8936,13.3617,0.508571
2022,EDM,8476967,Brett,Kulak,D,82,,,,,,,,,,,3,17,20,41.0,,2,11.0,0.0,0.0,0.0,0.0,114.0,0.026316,1050.561,22.1951,0.0
2022,EDM,8477406,Mattias,Janmark,C,66,,,,,,,,,,,10,15,25,30.0,,2,9.0,0.0,3.0,1.0,0.0,79.0,0.126582,879.8333,19.303,0.440678
2022,EDM,8477498,Darnell,Nurse,D,82,,,,,,,,,,,12,31,43,64.0,,2,26.0,0.0,2.0,4.0,1.0,203.0,0.059113,1409.7439,25.8902,0.0
2022,EDM,8477934,Leon,Draisaitl,C,80,,,,,,,,,,,52,76,128,24.0,,2,7.0,32.0,1.0,11.0,1.0,247.0,0.210526,1304.0375,22.7125,0.54898
2022,EDM,8477998,Warren,Foegele,L,67,,,,,,,,,,,13,15,28,28.0,,2,7.0,0.0,1.0,4.0,0.0,126.0,0.103175,762.1045,17.9403,0.538462
2022,EDM,8478402,Connor,McDavid,C,82,,,,,,,,,,,64,89,153,36.0,,2,22.0,21.0,4.0,11.0,2.0,352.0,0.181818,1343.1341,23.3293,0.519288
2022,EDM,8478585,Derek,Ryan,C,80,,,,,,,,,,,13,7,20,28.0,,2,11.0,0.0,2.0,0.0,0.0,92.0,0.141304,669.9625,17.0875,0.5
2022,EDM,8479338,Markus,Niemelainen,D,23,,,,,,,,,,,0,0,0,4.0,,2,3.0,0.0,0.0,0.0,0.0,16.0,0.0,602.4783,14.087,0.0
2022,EDM,8479344,Jesse,Puljujarvi,R,58,,,,,,,,,,,5,9,14,30.0,,2,-11.0,0.0,0.0,1.0,0.0,88.0,0.056818,734.6034,17.2241,0.0
2022,EDM,8479347,Tyler,Benson,L,2,,,,,,,,,,,0,0,0,0.0,,2,0.0,0.0,0.0,0.0,0.0,0.0,0.0,377.0,9.5,0.0
2022,EDM,8479576,Vincent,Desharnais,D,36,,,,,,,,,,,0,5,5,31.0,,2,15.0,0.0,0.0,0.0,0.0,17.0,0.0,812.75,17.6111,0.0
2022,EDM,8479977,Kailer,Yamamoto,R,58,,,,,,,,,,,10,15,25,24.0,,2,12.0,0.0,1.0,3.0,0.0,97.0,0.103093,994.6897,21.0,0.461538
2022,EDM,8480011,Klim,Kostin,C,57,,,,,,,,,,,11,10,21,66.0,,2,12.0,0.0,0.0,2.0,0.0,56.0,0.196429,603.5614,14.3509,0.4
2022,EDM,8480468,James,Hamblin,L,10,,,,,,,,,,,0,0,0,2.0,,2,-3.0,0.0,0.0,0.0,0.0,12.0,0.0,531.7,14.4,0.642857
2022,EDM,8480802,Ryan,McLeod,C,57,,,,,,,,,,,11,12,23,18.0,,2,4.0,0.0,2.0,0.0,0.0,78.0,0.141026,851.1404,20.3509,0.481605
2022,EDM,8480803,Evan,Bouchard,D,82,,,,,,,,,,,8,32,40,28.0,,2,6.0,2.0,0.0,2.0,1.0,156.0,0.051282,1110.9878,20.7317,0.0
2022,EDM,8481598,Philip,Broberg,D,46,,,,,,,,,,,1,7,8,2.0,,2,6.0,0.0,0.0,0.0,0.0,32.0,0.03125,756.2174,17.0,0.0
2022,EDM,8482077,Dylan,Holloway,L,51,,,,,,,,,,,3,6,9,27.0,,2,0.0,0.0,0.0,1.0,0.0,44.0,0.068182,575.1176,13.549,0.354839
2022,EDM,8475789,Jack,Campbell,G,4,0.0,1.0,0.0,0.0,1.014653,0.960784,51.0,49.0,2.0,0.0,0,0,0,,7096.0,3,,,,,,,,,,
2022,EDM,8479973,Stuart,Skinner,G,12,12.0,5.0,6.0,0.0,3.683657,0.883077,325.0,287.0,38.0,0.0,0,0,0,2.0,37137.0,3,,,,,,,,,,
2022,EDM,8475169,Evander,Kane,L,12,,,,,,,,,,,3,2,5,46.0,,3,-3.0,1.0,0.0,0.0,0.0,38.0,0.078947,1183.9167,23.75,0.428571
2022,EDM,8475218,Mattias,Ekholm,D,12,,,,,,,,,,,1,6,7,8.0,,3,0.0,0.0,0.0,0.0,0.0,20.0,0.05,1313.0833,27.0833,0.0
2022,EDM,8475760,Nick,Bjugstad,C,12,,,,,,,,,,,3,0,3,16.0,,3,-2.0,0.0,0.0,1.0,0.0,16.0,0.1875,814.0833,21.25,0.520468
2022,EDM,8475786,Zach,Hyman,L,12,,,,,,,,,,,3,8,11,12.0,,3,1.0,2.0,0.0,1.0,1.0,46.0,0.065217,1138.3333,21.75,0.0
2022,EDM,8476454,Ryan,Nugent-Hopkins,C,12,,,,,,,,,,,1,10,11,4.0,,3,-6.0,0.0,0.0,0.0,0.0,23.0,0.043478,1207.6667,23.8333,0.44186
2022,EDM,8476879,Cody,Ceci,D,12,,,,,,,,,,,0,1,1,2.0,,3,-5.0,0.0,0.0,0.0,0.0,14.0,0.0,1138.5,24.0833,0.0
2022,EDM,8476967,Brett,Kulak,D,12,,,,,,,,,,,1,1,2,9.0,,3,3.0,0.0,0.0,0.0,0.0,19.0,0.052632,981.3333,22.1667,0.0
2022,EDM,8477406,Mattias,Janmark,C,5,,,,,,,,,,,0,1,1,2.0,,3,1.0,0.0,0.0,0.0,0.0,3.0,0.0,505.6,12.8,0.6
2022,EDM,8477498,Darnell,Nurse,D,11,,,,,,,,,,,0,4,4,21.0,,3,-2.0,0.0,0.0,0.0,0.0,21.0,0.0,1381.7273,29.0,0.0
2022,EDM,8477934,Leon,Draisaitl,C,12,,,,,,,,,,,13,5,18,10.0,,3,-1.0,6.0,0.0,0.0,0.0,45.0,0.288889,1388.25,26.1667,0.550459
2022,EDM,8477998,Warren,Foegele,L,12,,,,,,,,,,,2,1,3,16.0,,3,-2.0,0.0,0.0,0.0,0.0,27.0,0.074074,711.9167,17.5,0.0
2022,EDM,8478402,Connor,McDavid,C,12,,,,,,,,,,,8,12,20,0.0,,3,-1.0,5.0,1.0,0.0,0.0,51.0,0.156863,1423.1667,24.5833,0.483444
2022,EDM,8478585,Derek,Ryan,C,11,,,,,,,,,,,1,2,3,0.0,,3,3.0,0.0,0.0,0.0,0.0,19.0,0.052632,710.0909,19.1818,0.388889
2022,EDM,8479576,Vincent,Desharnais,D,12,,,,,,,,,,,0,2,2,8.0,,3,-3.0,0.0,0.0,0.0,0.0,6.0,0.0,815.3333,19.5,0.0
2022,EDM,8479977,Kailer,Yamamoto,R,12,,,,,,,,,,,1,3,4,18.0,,3,-7.0,0.0,0.0,1.0,0.0,12.0,0.083333,882.3333,19.9167,0.333333
2022,EDM,8480011,Klim,Kostin,C,12,,,,,,,,,,,3,2,5,9.0,,3,2.0,0.0,0.0,1.0,0.0,10.0,0.3,464.0833,12.0833,0.5
2022,EDM,8480802,Ryan,McLeod,C,12,,,,,,,,,,,0,5,5,2.0,,3,-1.0,0.0,0.0,0.0,0.0,9.0,0.0,876.25,21.0,0.547009
2022,EDM,8480803,Evan,Bouchard,D,12,,,,,,,,,,,4,13,17,4.0,,3,-4.0,4.0,0.0,2.0,0.0,29.0,0.137931,1380.0833,23.9167,0.0
2022,EDM,8481598,Philip,Broberg,D,9,,,,,,,,,,,0,0,0,4.0,,3,3.0,0.0,0.0,0.0,0.0,3.0,0.0,413.0,10.4444,0.0
2022,FLA,8475683,Sergei,Bobrovsky,G,50,49.0,24.0,20.0,3.0,3.069468,0.901091,1466.0,1321.0,145.0,1.0,0,0,0,2.0,170062.0,2,,,,,,,,,,
2022,FLA,8479312,Alex,Lyon,G,15,14.0,9.0,4.0,2.0,2.888543,0.913934,488.0,446.0,43.0,1.0,0,0,0,,53591.0,2,,,,,,,,,,
2022,FLA,8481519,Spencer,Knight,G,21,19.0,9.0,8.0,3.0,3.182886,0.901116,627.0,565.0,62.0,1.0,0,1,1,,70125.0,2,,,,,,,,,,
2022,FLA,8470595,Eric,Staal,C,72,,,,,,,,,,,14,15,29,26.0,,2,-5.0,0.0,2.0,1.0,0.0,106.0,0.132075,854.2222,19.4861,0.461642
2022,FLA,8471686,Marc,Staal,D,82,,,,,,,,,,,3,12,15,43.0,,2,10.0,0.0,0.0,0.0,0.0,55.0,0.054545,1091.622,24.9512,0.0
2022,FLA,8471887,Patric,Hornqvist,R,22,,,,,,,,,,,1,2,3,13.0,,2,-4.0,0.0,0.0,1.0,0.0,40.0,0.025,556.0455,13.3636,0.166667
2022,FLA,8474610,Zac,Dalpe,C,14,,,,,,,,,,,2,2,4,2.0,,2,-4.0,0.0,0.0,0.0,0.0,17.0,0.117647,504.0714,13.1429,0.595238
2022,FLA,8475462,Radko,Gudas,D,72,,,,,,,,,,,2,15,17,79.0,,2,14.0,0.0,0.0,0.0,0.0,110.0,0.018182,1041.6528,22.7639,0.0
2022,FLA,8476393,Nick,Cousins,C,79,,,,,,,,,,,9,18,27,38.0,,2,-1.0,0.0,0.0,2.0,0.0,102.0,0.088235,661.5316,14.8608,0.493056
2022,FLA,8476919,Chris,Tierney,C,13,,,,,,,,,,,2,1,3,2.0,,2,-1.0,0.0,0.0,0.0,0.0,6.0,0.333333,507.8462,12.0769,0.55102
2022,FLA,8477407,Anthony,Duclair,L,20,,,,,,,,,,,2,7,9,2.0,,2,4.0,0.0,0.0,0.0,0.0,43.0,0.046512,891.1,20.6,0.0
2022,FLA,8477409,Carter,Verhaeghe,C,81,,,,,,,,,,,42,31,73,46.0,,2,10.0,7.0,0.0,2.0,1.0,275.0,0.152727,1050.1235,21.1975,0.487805
2022,FLA,8477493,Aleksander,Barkov,C,68,,,,,,,,,,,23,55,78,8.0,,2,10.0,8.0,1.0,6.0,0.0,208.0,0.110577,1273.4559,24.75,0.548799
2022,FLA,8477932,Aaron,Ekblad,D,71,,,,,,,,,,,14,24,38,68.0,,2,-14.0,8.0,1.0,2.0,0.0,216.0,0.064815,1403.6479,27.8732,0.0
2022,FLA,8477933,Sam,Reinhart,C,82,,,,,,,,,,,31,36,67,12.0,,2,-12.0,16.0,0.0,5.0,1.0,227.0,0.136564,1186.8659,22.878,0.506438
2022,FLA,8477935,Sam,Bennett,C,63,,,,,,,,,,,16,24,40,54.0,,2,5.0,4.0,0.0,3.0,0.0,193.0,0.082902,1044.4127,22.3333,0.470133
2022,FLA,8477986,Brandon,Montour,D,80,,,,,,,,,,,16,57,73,107.0,,2,9.0,3.0,0.0,5.0,2.0,242.0,0.066116,1447.575,26.1375,0.0
2022,FLA,8478055,Gustav,Forsling,D,82,,,,,,,,,,,13,28,41,40.0,,2,19.0,1.0,0.0,3.0,0.0,209.0,0.062201,1406.1463,28.378,0.0
2022,FLA,8478400,Colin,White,C,68,,,,,,,,,,,8,7,15,12.0,,2,0.0,0.0,0.0,0.0,0.0,64.0,0.125,578.1176,13.9559,0.430769
2022,FLA,8478870,Rudolfs,Balcers,L,14,,,,,,,,,,,2,2,4,4.0,,2,-2.0,0.0,0.0,0.0,0.0,21.0,0.095238,655.0714,15.2857,0.0
2022,FLA,8479066,Ryan,Lomberg,L,82,,,,,,,,,,,12,8,20,88.0,,2,-1.0,0.0,0.0,1.0,0.0,134.0,0.089552,678.5366,15.6829,0.5
2022,FLA,8479314,Matthew,Tkachuk,L,79,,,,,,,,,,,40,69,109,123.0,,2,29.0,14.0,0.0,6.0,0.0,322.0,0.124224,1226.1519,22.519,0.448276
2022,FLA,8479372,Josh,Mahura,D,82,,,,,,,,,,,4,12,16,48.0,,2,17.0,0.0,0.0,1.0,0.0,78.0,0.051282,842.3902,19.1951,0.0
2022,FLA,8479379,Givani,Smith,R,34,,,,,,,,,,,1,3,4,72.0,,2,1.0,0.0,0.0,0.0,0.0,27.0,0.037037,409.8824,10.0294,0.0
2022,FLA,8479523,Lucas,Carlsson,D,2,,,,,,,,,,,0,0,0,2.0,,2,-1.0,0.0,0.0,0.0,0.0,2.0,0.0,605.5,15.0,0.0
2022,FLA,8479578,Casey,Fitzgerald,D,4,,,,,,,,,,,0,0,0,0.0,,2,-1.0,0.0,0.0,0.0,0.0,1.0,0.0,322.75,7.5,0.0
2022,FLA,8480037,Aleksi,Heponiemi,C,10,,,,,,,,,,,1,2,3,2.0,,2,-1.0,0.0,0.0,0.0,0.0,6.0,0.166667,515.3,11.7,1.0
2022,FLA,8480185,Eetu,Luostarinen,C,82,,,,,,,,,,,17,26,43,28.0,,2,19.0,2.0,0.0,1.0,0.0,132.0,0.128788,959.1463,21.8415,0.41866
2022,FLA,8480844,Grigori,Denisenko,L,18,,,,,,,,,,,0,3,3,4.0,,2,-5.0,0.0,0.0,0.0,0.0,16.0,0.0,593.3889,13.0556,0.0
2022,FLA,8482113,Anton,Lundell,C,73,,,,,,,,,,,12,21,33,43.0,,2,1.0,0.0,2.0,1.0,0.0,152.0,0.078947,982.2329,21.9726,0.464594
2022,FLA,8482641,Matt,Kiersted,D,20,,,,,,,,,,,1,3,4,6.0,,2,4.0,0.0,0.0,0.0,0.0,14.0,0.071429,590.65,14.25,0.0
2022,FLA,8483641,Anton,Levtchi,L,2,,,,,,,,,,,0,0,0,0.0,,2,0.0,0.0,0.0,0.0,0.0,1.0,0.0,574.5,12.5,0.0
2022,FLA,8475683,Sergei,Bobrovsky,G,19,18.0,12.0,6.0,0.0,2.782667,0.915493,639.0,585.0,54.0,1.0,0,1,1,,69861.0,3,,,,,,,,,,
2022,FLA,8479312,Alex,Lyon,G,4,3.0,1.0,2.0,0.0,3.626593,0.88785,107.0,95.0,12.0,0.0,0,0,0,,11912.0,3,,,,,,,,,,
2022,FLA,8470595,Eric,Staal,C,21,,,,,,,,,,,2,3,5,12.0,,3,-4.0,0.0,1.0,0.0,0.0,14.0,0.142857,698.381,18.4762,0.44
2022,FLA,8471686,Marc,Staal,D,21,,,,,,,,,,,0,0,0,10.0,,3,0.0,0.0,0.0,0.0,0.0,17.0,0.0,1255.7619,31.0952,0.0
2022,FLA,8474610,Zac,Dalpe,C,13,,,,,,,,,,,1,0,1,2.0,,3,-8.0,0.0,0.0,0.0,0.0,15.0,0.066667,366.3077,11.1538,0.0
2022,FLA,8475462,Radko,Gudas,D,21,,,,,,,,,,,0,3,3,34.0,,3,-5.0,0.0,0.0,0.0,0.0,17.0,0.0,1020.7143,24.4286,0.0
2022,FLA,8476393,Nick,Cousins,C,21,,,,,,,,,,,2,5,7,16.0,,3,0.0,0.0,0.0,1.0,1.0,26.0,0.076923,865.6667,21.4762,0.413793
2022,FLA,8477407,Anthony,Duclair,L,20,,,,,,,,,,,4,7,11,16.0,,3,-6.0,1.0,0.0,0.0,0.0,40.0,0.1,919.4,25.3,0.0
2022,FLA,8477409,Carter,Verhaeghe,C,21,,,,,,,,,,,7,10,17,8.0,,3,7.0,0.0,0.0,4.0,2.0,59.0,0.118644,1198.1905,26.5714,0.5625
2022,FLA,8477493,Aleksander,Barkov,C,21,,,,,,,,,,,5,11,16,10.0,,3,5.0,0.0,0.0,0.0,0.0,55.0,0.090909,1319.0952,29.7619,0.511364
2022,FLA,8477932,Aaron,Ekblad,D,20,,,,,,,,,,,2,6,8,20.0,,3,9.0,1.0,0.0,0.0,0.0,26.0,0.076923,1437.05,32.45,0.0
2022,FLA,8477933,Sam,Reinhart,C,21,,,,,,,,,,,8,5,13,12.0,,3,0.0,3.0,0.0,2.0,1.0,45.0,0.177778,1319.1905,27.381,0.405172
2022,FLA,8477935,Sam,Bennett,C,20,,,,,,,,,,,5,10,15,60.0,,3,5.0,1.0,0.0,0.0,0.0,73.0,0.068493,1252.4,26.6,0.375
2022,FLA,8477986,Brandon,Montour,D,21,,,,,,,,,,,8,5,13,39.0,,3,2.0,2.0,0.0,0.0,0.0,72.0,0.111111,1617.9524,30.6667,0.0
2022,FLA,8478055,Gustav,Forsling,D,21,,,,,,,,,,,2,6,8,10.0,,3,7.0,0.0,1.0,1.0,0.0,36.0,0.055556,1561.0952,32.9524,0.0
2022,FLA,8478400,Colin,White,C,21,,,,,,,,,,,0,2,2,6.0,,3,-9.0,0.0,0.0,0.0,0.0,7.0,0.0,445.4762,12.619,0.5
2022,FLA,8479066,Ryan,Lomberg,L,13,,,,,,,,,,,1,0,1,22.0,,3,-1.0,0.0,0.0,0.0,0.0,17.0,0.058824,720.3077,19.3846,0.4
2022,FLA,8479314,Matthew,Tkachuk,L,20,,,,,,,,,,,11,13,24,74.0,,3,12.0,4.0,0.0,4.0,3.0,61.0,0.180328,1297.55,25.35,0.0
2022,FLA,8479372,Josh,Mahura,D,21,,,,,,,,,,,0,3,3,6.0,,3,-6.0,0.0,0.0,0.0,0.0,22.0,0.0,783.8095,20.1429,0.0
2022,FLA,8479379,Givani,Smith,R,1,,,,,,,,,,,0,0,0,2.0,,3,0.0,0.0,0.0,0.0,0.0,2.0,0.0,325.0,9.0,0.0
2022,FLA,8479578,Casey,Fitzgerald,D,2,,,,,,,,,,,0,0,0,10.0,,3,-1.0,0.0,0.0,0.0,0.0,1.0,0.0,564.5,15.0,0.0
2022,FLA,8480185,Eetu,Luostarinen,C,16,,,,,,,,,,,2,3,5,4.0,,3,2.0,0.0,0.0,1.0,0.0,14.0,0.142857,1000.875,25.5625,0.5
2022,FLA,8480844,Grigori,Denisenko,L,1,,,,,,,,,,,0,0,0,0.0,,3,-3.0,0.0,0.0,0.0,0.0,0.0,0.0,357.0,10.0,0.0
2022,FLA,8482113,Anton,Lundell,C,21,,,,,,,,,,,2,8,10,2.0,,3,3.0,0.0,0.0,0.0,0.0,43.0,0.046512,1084.381,26.1905,0.462963
2022,LAK,8471734,Jonathan,Quick,G,31,27.0,11.0,13.0,4.0,3.497443,0.87594,798.0,699.0,99.0,1.0,0,0,0,2.0,101903.0,2,,,,,,,,,,
2022,LAK,8476914,Joonas,Korpisalo,G,11,11.0,7.0,3.0,1.0,2.125602,0.921429,280.0,258.0,22.0,1.0,0,0,0,,37260.0,2,,,,,,,,,,
2022,LAK,8477361,Cal,Petersen,G,10,9.0,5.0,3.0,2.0,3.753677,0.867704,257.0,223.0,34.0,0.0,0,0,0,,32608.0,2,,,,,,,,,,
2022,LAK,8477831,Pheonix,Copley,G,37,35.0,24.0,6.0,3.0,2.641799,0.902851,947.0,855.0,92.0,1.0,0,1,1,9.0,125369.0,2,,,,,,,,,,
2022,LAK,8471303,Alexander,Edler,D,64,,,,,,,,,,,2,9,11,34.0,,2,-1.0,0.0,0.0,1.0,0.0,56.0,0.035714,886.4688,17.3281,0.0
2022,LAK,8471685,Anze,Kopitar,C,82,,,,,,,,,,,28,46,74,4.0,,2,20.0,7.0,0.0,4.0,0.0,169.0,0.16568,1218.1341,24.1951,0.55908
2022,LAK,8474563,Drew,Doughty,D,81,,,,,,,,,,,9,43,52,34.0,,2,12.0,4.0,0.0,2.0,0.0,145.0,0.062069,1573.7407,25.4444,0.0
2022,LAK,8476479,Phillip,Danault,C,82,,,,,,,,,,,18,36,54,63.0,,2,-8.0,3.0,0.0,1.0,1.0,152.0,0.118421,1099.5,23.8293,0.543598
2022,LAK,8477942,Kevin,Fiala,L,69,,,,,,,,,,,23,49,72,52.0,,2,2.0,7.0,0.0,2.0,2.0,208.0,0.110577,1055.7101,20.9855,0.5
2022,LAK,8477960,Adrian,Kempe,R,82,,,,,,,,,,,41,26,67,55.0,,2,22.0,11.0,3.0,6.0,1.0,250.0,0.164,1125.4756,23.5122,0.313725
2022,LAK,8477962,Brendan,Lemieux,L,27,,,,,,,,,,,0,3,3,53.0,,2,-6.0,0.0,0.0,0.0,0.0,22.0,0.0,509.7778,12.3333,0.5
2022,LAK,8478042,Viktor,Arvidsson,L,77,,,,,,,,,,,26,33,59,24.0,,2,-4.0,10.0,1.0,2.0,0.0,228.0,0.114035,1025.7662,21.3247,0.402985
2022,LAK,8478882,Vladislav,Gavrikov,D,20,,,,,,,,,,,3,6,9,8.0,,2,12.0,0.0,1.0,0.0,0.0,28.0,0.107143,1261.05,22.45,0.0
2022,LAK,8478911,Matt,Roy,D,82,,,,,,,,,,,9,17,26,22.0,,2,8.0,0.0,1.0,2.0,0.0,135.0,0.066667,1126.5488,21.9756,0.0
2022,LAK,8479336,Carl,Grundstrom,R,57,,,,,,,,,,,12,7,19,16.0,,2,-4.0,1.0,0.0,2.0,0.0,90.0,0.133333,645.1228,14.8596,0.444444
2022,LAK,8479421,Jacob,Moverare,D,2,,,,,,,,,,,0,0,0,0.0,,2,-1.0,0.0,0.0,0.0,0.0,6.0,0.0,898.0,17.0,0.0
2022,LAK,8479675,Trevor,Moore,L,59,,,,,,,,,,,10,19,29,14.0,,2,-2.0,2.0,1.0,1.0,0.0,163.0,0.06135,1019.3051,22.0847,0.358974
2022,LAK,8479772,Zack,MacEwen,R,10,,,,,,,,,,,0,1,1,12.0,,2,-2.0,0.0,0.0,0.0,0.0,10.0,0.0,491.2,11.2,0.666667
2022,LAK,8479994,Jaret,Anderson-Dolan,C,46,,,,,,,,,,,7,5,12,2.0,,2,-11.0,0.0,0.0,2.0,0.0,54.0,0.12963,637.0435,14.2391,0.589744
2022,LAK,8479998,Mikey,Anderson,D,77,,,,,,,,,,,5,15,20,40.0,,2,20.0,1.0,0.0,1.0,0.0,90.0,0.055556,1299.5974,22.2208,0.0
2022,LAK,8480014,Gabriel,Vilardi,C,63,,,,,,,,,,,23,18,41,18.0,,2,10.0,5.0,0.0,6.0,0.0,122.0,0.188525,936.2063,18.746,0.460177
2022,LAK,8480072,Lias,Andersson,C,1,,,,,,,,,,,0,0,0,0.0,,2,-1.0,0.0,0.0,0.0,0.0,1.0,0.0,517.0,12.0,0.0
2022,LAK,8480113,Alex,Iafallo,L,59,,,,,,,,,,,14,22,36,20.0,,2,14.0,7.0,0.0,5.0,0.0,133.0,0.105263,978.0,21.9322,0.538462
2022,LAK,8480336,Sean,Walker,D,70,,,,,,,,,,,3,10,13,36.0,,2,-3.0,0.0,0.0,1.0,0.0,94.0,0.031915,889.6714,17.6429,0.0
2022,LAK,8480434,Sean,Durzi,D,72,,,,,,,,,,,9,29,38,50.0,,2,-12.0,1.0,0.0,1.0,0.0,110.0,0.081818,1187.125,22.25,0.0
2022,LAK,8480845,Rasmus,Kupari,C,66,,,,,,,,,,,3,12,15,12.0,,2,-5.0,0.0,0.0,0.0,0.0,53.0,0.056604,605.697,14.2727,0.545906
2022,LAK,8481239,Samuel,Fagemo,L,9,,,,,,,,,,,2,1,3,0.0,,2,-4.0,0.0,0.0,0.0,0.0,5.0,0.4,471.1111,11.5556,0.0
2022,LAK,8481481,Blake,Lizotte,C,81,,,,,,,,,,,11,23,34,70.0,,2,11.0,0.0,0.0,1.0,0.0,108.0,0.101852,776.6296,18.3827,0.511772
2022,LAK,8481532,Alex,Turcotte,C,4,,,,,,,,,,,0,0,0,5.0,,2,-2.0,0.0,0.0,0.0,0.0,2.0,0.0,418.5,11.0,0.428571
2022,LAK,8481560,Arthur,Kaliyev,R,56,,,,,,,,,,,13,15,28,12.0,,2,-5.0,8.0,0.0,1.0,0.0,122.0,0.106557,700.6607,15.8929,0.0
2022,LAK,8481600,Tobias,Bjornfot,D,10,,,,,,,,,,,0,1,1,6.0,,2,1.0,0.0,0.0,0.0,0.0,10.0,0.0,857.0,17.5,0.0
2022,LAK,8481606,Jordan,Spence,D,6,,,,,,,,,,,0,1,1,0.0,,2,1.0,0.0,0.0,0.0,0.0,6.0,0.0,840.0,15.8333,0.0
2022,LAK,8482124,Quinton,Byfield,R,53,,,,,,,,,,,3,19,22,30.0,,2,13.0,1.0,0.0,0.0,0.0,74.0,0.040541,843.8302,18.8868,0.472222
2022,LAK,8482730,Brandt,Clarke,D,9,,,,,,,,,,,0,2,2,6.0,,2,-1.0,0.0,0.0,0.0,0.0,11.0,0.0,818.5556,16.7778,0.0
2022,LAK,8476914,Joonas,Korpisalo,G,6,6.0,2.0,4.0,0.0,3.768736,0.891626,203.0,181.0,22.0,0.0,0,0,0,,21015.0,3,,,,,,,,,,
2022,LAK,8477831,Pheonix,Copley,G,1,0.0,,,0.0,4.257835,0.75,8.0,6.0,2.0,0.0,0,0,0,,1691.0,3,,,,,,,,,,
2022,LAK,8471303,Alexander,Edler,D,4,,,,,,,,,,,0,0,0,4.0,,3,-1.0,0.0,0.0,0.0,0.0,2.0,0.0,733.0,15.0,0.0
2022,LAK,8471685,Anze,Kopitar,C,6,,,,,,,,,,,2,5,7,0.0,,3,-3.0,2.0,0.0,0.0,0.0,14.0,0.142857,1356.6667,26.8333,0.524476
2022,LAK,8474563,Drew,Doughty,D,6,,,,,,,,,,,0,3,3,4.0,,3,-5.0,0.0,0.0,0.0,0.0,6.0,0.0,1694.3333,27.8333,0.0
2022,LAK,8476479,Phillip,Danault,C,6,,,,,,,,,,,2,3,5,12.0,,3,1.0,0.0,1.0,0.0,0.0,17.0,0.117647,1207.8333,28.0,0.455446
2022,LAK,8477942,Kevin,Fiala,L,3,,,,,,,,,,,1,5,6,4.0,,3,1.0,1.0,0.0,0.0,0.0,8.0,0.125,1112.3333,22.3333,0.0
2022,LAK,8477960,Adrian,Kempe,R,6,,,,,,,,,,,5,3,8,2.0,,3,-3.0,2.0,0.0,0.0,0.0,31.0,0.16129,1241.8333,26.3333,0.5
2022,LAK,8478042,Viktor,Arvidsson,L,6,,,,,,,,,,,1,6,7,2.0,,3,-2.0,0.0,0.0,0.0,0.0,22.0,0.045455,1207.3333,25.1667,0.428571
2022,LAK,8478882,Vladislav,Gavrikov,D,6,,,,,,,,,,,0,1,1,0.0,,3,5.0,0.0,0.0,0.0,0.0,10.0,0.0,1297.6667,24.3333,0.0
2022,LAK,8478911,Matt,Roy,D,6,,,,,,,,,,,1,2,3,0.0,,3,4.0,0.0,0.0,0.0,0.0,8.0,0.125,1295.8333,25.1667,0.0
2022,LAK,8479336,Carl,Grundstrom,R,6,,,,,,,,,,,0,1,1,4.0,,3,-3.0,0.0,0.0,0.0,0.0,6.0,0.0,586.6667,14.1667,0.0
2022,LAK,8479675,Trevor,Moore,L,6,,,,,,,,,,,1,2,3,0.0,,3,3.0,1.0,0.0,1.0,1.0,22.0,0.045455,1154.8333,26.6667,0.0
2022,LAK,8479772,Zack,MacEwen,R,1,,,,,,,,,,,0,0,0,2.0,,3,0.0,0.0,0.0,0.0,0.0,0.0,0.0,404.0,8.0,0.0
2022,LAK,8479994,Jaret,Anderson-Dolan,C,4,,,,,,,,,,,0,0,0,0.0,,3,0.0,0.0,0.0,0.0,0.0,6.0,0.0,448.25,11.0,0.333333
2022,LAK,8479998,Mikey,Anderson,D,6,,,,,,,,,,,0,1,1,2.0,,3,-4.0,0.0,0.0,0.0,0.0,6.0,0.0,1355.1667,25.0,0.0
2022,LAK,8480014,Gabriel,Vilardi,C,5,,,,,,,,,,,2,2,4,0.0,,3,0.0,0.0,0.0,0.0,0.0,10.0,0.2,962.2,21.6,0.44898
2022,LAK,8480113,Alex,Iafallo,L,6,,,,,,,,,,,3,1,4,6.0,,3,2.0,1.0,0.0,1.0,1.0,13.0,0.230769,1134.0,24.5,0.428571
2022,LAK,8480336,Sean,Walker,D,2,,,,,,,,,,,0,0,0,0.0,,3,-1.0,0.0,0.0,0.0,0.0,1.0,0.0,823.5,16.5,0.0
2022,LAK,8480434,Sean,Durzi,D,6,,,,,,,,,,,1,0,1,2.0,,3,-4.0,0.0,0.0,0.0,0.0,5.0,0.2,960.8333,19.1667,0.0
2022,LAK,8480845,Rasmus,Kupari,C,6,,,,,,,,,,,0,0,0,0.0,,3,-2.0,0.0,0.0,0.0,0.0,1.0,0.0,467.3333,11.6667,0.461538
2022,LAK,8481481,Blake,Lizotte,C,3,,,,,,,,,,,0,0,0,2.0,,3,0.0,0.0,0.0,0.0,0.0,4.0,0.0,582.0,16.6667,0.0625
2022,LAK,8481560,Arthur,Kaliyev,R,2,,,,,,,,,,,0,0,0,0.0,,3,-1.0,0.0,0.0,0.0,0.0,1.0,0.0,731.0,15.5,0.0
2022,LAK,8482124,Quinton,Byfield,R,6,,,,,,,,,,,1,3,4,2.0,,3,-5.0,0.0,0.0,0.0,0.0,8.0,0.125,908.8333,21.0,0.375
2022,MIN,8470594,Marc-Andre,Fleury,G,46,45.0,24.0,16.0,4.0,2.848226,0.907827,1367.0,1241.0,126.0,2.0,0,1,1,2.0,159257.0,2,,,,,,,,,,
2022,MIN,8479406,Filip,Gustavsson,G,39,37.0,22.0,9.0,7.0,2.103044,0.930946,1173.0,1092.0,81.0,3.0,0,1,1,,138656.0,2,,,,,,,,,,
2022,MIN,8471274,Alex,Goligoski,D,46,,,,,,,,,,,2,4,6,16.0,,2,-9.0,0.0,0.0,2.0,1.0,63.0,0.031746,1060.0,20.6957,0.0
2022,MIN,8471817,Ryan,Reaves,R,61,,,,,,,,,,,5,10,15,31.0,,2,-1.0,0.0,0.0,0.0,0.0,45.0,0.111111,569.5246,12.4262,0.222222
2022,MIN,8474679,Gustav,Nyquist,R,3,,,,,,,,,,,1,4,5,0.0,,2,2.0,0.0,0.0,0.0,0.0,5.0,0.2,880.6667,19.0,0.0
2022,MIN,8474716,Jared,Spurgeon,D,79,,,,,,,,,,,11,23,34,14.0,,2,32.0,1.0,0.0,3.0,0.0,149.0,0.073826,1308.7215,25.557,0.0
2022,MIN,8475149,Marcus,Johansson,L,20,,,,,,,,,,,6,12,18,0.0,,2,6.0,1.0,1.0,2.0,0.0,42.0,0.142857,1062.5,20.05,0.625
2022,MIN,8475220,Marcus,Foligno,L,65,,,,,,,,,,,7,14,21,97.0,,2,-6.0,0.0,0.0,0.0,0.0,83.0,0.084337,899.4462,18.9846,0.5
2022,MIN,8475692,Mats,Zuccarello,R,78,,,,,,,,,,,22,45,67,26.0,,2,-3.0,9.0,0.0,3.0,1.0,198.0,0.111111,1211.6154,19.1282,0.4
2022,MIN,8475750,Jon,Merrill,D,73,,,,,,,,,,,2,10,12,38.0,,2,-2.0,0.0,0.0,0.0,0.0,43.0,0.046512,908.726,18.3836,0.0
2022,MIN,8475906,John,Klingberg,D,17,,,,,,,,,,,2,7,9,4.0,,2,3.0,1.0,0.0,0.0,0.0,34.0,0.058824,1195.8824,20.1176,0.0
2022,MIN,8476390,Joseph,Cramarossa,C,4,,,,,,,,,,,1,0,1,4.0,,2,0.0,0.0,0.0,0.0,0.0,1.0,1.0,467.75,10.75,0.0
2022,MIN,8476396,Steven,Fogarty,C,2,,,,,,,,,,,0,0,0,0.0,,2,0.0,0.0,0.0,0.0,0.0,0.0,0.0,619.0,13.5,0.5
2022,MIN,8476463,Jonas,Brodin,D,60,,,,,,,,,,,3,11,14,30.0,,2,13.0,0.0,0.0,0.0,0.0,90.0,0.033333,1371.85,25.0,0.0
2022,MIN,8476856,Mathew,Dumba,D,79,,,,,,,,,,,4,10,14,81.0,,2,-8.0,0.0,0.0,2.0,0.0,99.0,0.040404,1276.6582,23.6709,0.0
2022,MIN,8476897,Oskar,Sundqvist,C,15,,,,,,,,,,,3,4,7,8.0,,2,0.0,1.0,0.0,0.0,0.0,10.0,0.3,748.3333,16.0667,0.666667
2022,MIN,8477451,Ryan,Hartman,R,59,,,,,,,,,,,15,22,37,90.0,,2,7.0,1.0,2.0,6.0,0.0,149.0,0.100671,977.8814,18.8475,0.429078
2022,MIN,8477464,Nic,Petan,C,10,,,,,,,,,,,1,2,3,2.0,,2,0.0,0.0,0.0,0.0,0.0,10.0,0.1,696.0,14.5,0.333333
2022,MIN,8477541,Dakota,Mermis,D,2,,,,,,,,,,,0,0,0,0.0,,2,-1.0,0.0,0.0,0.0,0.0,1.0,0.0,867.5,18.0,0.0
2022,MIN,8477919,Frederick,Gaudreau,C,82,,,,,,,,,,,19,19,38,10.0,,2,10.0,3.0,4.0,3.0,0.0,138.0,0.137681,962.5732,19.2927,0.492611
2022,MIN,8478136,Jake,Middleton,D,79,,,,,,,,,,,3,12,15,72.0,,2,15.0,0.0,0.0,0.0,0.0,79.0,0.037975,1142.3544,23.0886,0.0
2022,MIN,8478413,Jordan,Greenway,L,45,,,,,,,,,,,2,5,7,26.0,,2,-3.0,0.0,0.0,0.0,0.0,68.0,0.029412,797.8222,16.8444,0.25
2022,MIN,8478493,Joel,Eriksson Ek,C,78,,,,,,,,,,,23,38,61,44.0,,2,4.0,12.0,2.0,1.0,0.0,247.0,0.093117,1139.6795,21.2692,0.493506
2022,MIN,8478864,Kirill,Kaprizov,L,67,,,,,,,,,,,40,35,75,45.0,,2,4.0,17.0,0.0,6.0,2.0,261.0,0.153257,1266.7612,19.9552,0.4
2022,MIN,8479351,Sam,Steel,C,65,,,,,,,,,,,10,18,28,18.0,,2,11.0,0.0,1.0,2.0,0.0,85.0,0.117647,897.6462,16.9077,0.486572
2022,MIN,8479370,Tyson,Jost,C,12,,,,,,,,,,,0,3,3,11.0,,2,-4.0,0.0,0.0,0.0,0.0,10.0,0.0,764.75,15.4167,0.478261
2022,MIN,8479520,Brandon,Duhaime,L,51,,,,,,,,,,,9,1,10,42.0,,2,6.0,0.0,1.0,3.0,0.0,80.0,0.1125,645.4118,15.1569,0.285714
2022,MIN,8479972,Mason,Shaw,C,59,,,,,,,,,,,7,10,17,79.0,,2,-1.0,0.0,0.0,0.0,0.0,92.0,0.076087,677.4237,14.7288,0.535714
2022,MIN,8480267,Sammy,Walker,C,9,,,,,,,,,,,1,1,2,0.0,,2,-1.0,0.0,0.0,0.0,0.0,8.0,0.125,636.0,12.6667,0.0
2022,MIN,8480275,Nick,Swaney,R,1,,,,,,,,,,,0,0,0,0.0,,2,0.0,0.0,0.0,0.0,0.0,0.0,0.0,573.0,12.0,0.0
2022,MIN,8480884,Calen,Addison,D,62,,,,,,,,,,,3,26,29,22.0,,2,-17.0,0.0,0.0,1.0,0.0,77.0,0.038961,967.1935,18.2258,0.0
2022,MIN,8480980,Connor,Dewar,C,81,,,,,,,,,,,6,12,18,50.0,,2,-5.0,0.0,3.0,0.0,0.0,87.0,0.068966,657.716,14.7654,0.441352
2022,MIN,8480994,Damien,Giroux,C,1,,,,,,,,,,,0,1,1,2.0,,2,0.0,0.0,0.0,0.0,0.0,0.0,0.0,837.0,19.0,0.4
2022,MIN,8481550,Adam,Beckman,L,9,,,,,,,,,,,0,0,0,0.0,,2,-2.0,0.0,0.0,0.0,0.0,12.0,0.0,641.4444,14.0,0.0
2022,MIN,8481557,Matt,Boldy,L,81,,,,,,,,,,,31,32,63,39.0,,2,1.0,8.0,0.0,5.0,1.0,255.0,0.121569,1109.9877,18.6173,0.546099
2022,MIN,8482079,Marco,Rossi,C,19,,,,,,,,,,,0,1,1,8.0,,2,-7.0,0.0,0.0,0.0,0.0,13.0,0.0,751.4211,15.0526,0.472603
2022,MIN,8482122,Brock,Faber,D,2,,,,,,,,,,,0,0,0,0.0,,2,2.0,0.0,0.0,0.0,0.0,1.0,0.0,1204.0,22.5,0.0
2022,MIN,8470594,Marc-Andre,Fleury,G,2,1.0,0.0,1.0,0.0,5.477069,0.810811,37.0,30.0,7.0,0.0,0,0,0,,4601.0,3,,,,,,,,,,
2022,MIN,8479406,Filip,Gustavsson,G,5,5.0,2.0,3.0,0.0,2.333621,0.92053,151.0,139.0,12.0,0.0,0,0,0,,18512.0,3,,,,,,,,,,
2022,MIN,8471817,Ryan,Reaves,R,6,,,,,,,,,,,0,0,0,14.0,,3,-1.0,0.0,0.0,0.0,0.0,2.0,0.0,512.0,14.0,0.0
2022,MIN,8474679,Gustav,Nyquist,R,6,,,,,,,,,,,0,5,5,2.0,,3,4.0,0.0,0.0,0.0,0.0,9.0,0.0,960.8333,21.1667,0.0
2022,MIN,8474716,Jared,Spurgeon,D,6,,,,,,,,,,,0,2,2,4.0,,3,-6.0,0.0,0.0,0.0,0.0,7.0,0.0,1447.3333,30.3333,0.0
2022,MIN,8475149,Marcus,Johansson,L,6,,,,,,,,,,,2,0,2,0.0,,3,-5.0,1.0,0.0,1.0,0.0,14.0,0.142857,1218.1667,23.1667,0.357143
2022,MIN,8475220,Marcus,Foligno,L,6,,,,,,,,,,,1,0,1,35.0,,3,-1.0,1.0,0.0,0.0,0.0,6.0,0.166667,833.5,18.5,0.5
2022,MIN,8475692,Mats,Zuccarello,R,6,,,,,,,,,,,2,3,5,4.0,,3,-2.0,0.0,0.0,0.0,0.0,15.0,0.133333,1290.1667,21.5,0.666667
2022,MIN,8475750,Jon,Merrill,D,2,,,,,,,,,,,0,0,0,2.0,,3,1.0,0.0,0.0,0.0,0.0,3.0,0.0,985.5,21.5,0.0
2022,MIN,8475906,John,Klingberg,D,4,,,,,,,,,,,1,3,4,0.0,,3,2.0,0.0,0.0,0.0,0.0,8.0,0.125,1007.75,18.5,0.0
2022,MIN,8476463,Jonas,Brodin,D,6,,,,,,,,,,,0,0,0,0.0,,3,1.0,0.0,0.0,0.0,0.0,9.0,0.0,1546.8333,30.1667,0.0
2022,MIN,8476856,Mathew,Dumba,D,6,,,,,,,,,,,0,2,2,4.0,,3,0.0,0.0,0.0,0.0,0.0,9.0,0.0,1372.5,26.8333,0.0
2022,MIN,8476897,Oskar,Sundqvist,C,1,,,,,,,,,,,1,0,1,0.0,,3,2.0,0.0,0.0,0.0,0.0,3.0,0.333333,763.0,15.0,0.0
2022,MIN,8477451,Ryan,Hartman,R,5,,,,,,,,,,,2,3,5,16.0,,3,3.0,0.0,0.0,1.0,1.0,14.0,0.142857,1131.4,23.6,0.416667
2022,MIN,8477919,Frederick,Gaudreau,C,6,,,,,,,,,,,3,0,3,4.0,,3,0.0,1.0,0.0,0.0,0.0,17.0,0.176471,1062.0,24.6667,0.440367
2022,MIN,8478136,Jake,Middleton,D,6,,,,,,,,,,,0,2,2,8.0,,3,-2.0,0.0,0.0,0.0,0.0,7.0,0.0,1231.3333,26.8333,0.0
2022,MIN,8478493,Joel,Eriksson Ek,C,1,,,,,,,,,,,0,0,0,0.0,,3,0.0,0.0,0.0,0.0,0.0,0.0,0.0,19.0,1.0,0.0
2022,MIN,8478864,Kirill,Kaprizov,L,6,,,,,,,,,,,1,0,1,12.0,,3,-3.0,1.0,0.0,0.0,0.0,17.0,0.058824,1373.5,23.8333,1.0
2022,MIN,8479351,Sam,Steel,C,5,,,,,,,,,,,1,1,2,2.0,,3,1.0,0.0,0.0,0.0,0.0,6.0,0.166667,935.0,21.4,0.439024
2022,MIN,8479520,Brandon,Duhaime,L,6,,,,,,,,,,,0,0,0,10.0,,3,-2.0,0.0,0.0,0.0,0.0,6.0,0.0,678.3333,16.8333,1.0
2022,MIN,8480980,Connor,Dewar,C,6,,,,,,,,,,,0,0,0,0.0,,3,-2.0,0.0,0.0,0.0,0.0,6.0,0.0,685.0,17.0,0.367347
2022,MIN,8481557,Matt,Boldy,L,6,,,,,,,,,,,0,3,3,4.0,,3,-5.0,0.0,0.0,0.0,0.0,24.0,0.0,1253.1667,22.3333,0.459016
2022,MIN,8482122,Brock,Faber,D,6,,,,,,,,,,,0,0,0,0.0,,3,3.0,0.0,0.0,0.0,0.0,2.0,0.0,873.0,20.5,0.0
2022,MTL,8474596,Jake,Allen,G,42,41.0,15.0,24.0,3.0,3.550414,0.891386,1335.0,1190.0,145.0,1.0,0,1,1,2.0,147025.0,2,,,,,,,,,,
2022,MTL,8478470,Samuel,Montembeault,G,40,39.0,16.0,19.0,3.0,3.41924,0.901115,1345.0,1212.0,133.0,0.0,0,0,0,,140031.0,2,,,,,,,,,,
2022,MTL,8480051,Cayden,Primeau,G,3,2.0,0.0,2.0,0.0,3.463618,0.851852,54.0,46.0,8.0,0.0,0,0,0,,8315.0,2,,,,,,,,,,
2022,MTL,8474149,Evgenii,Dadonov,L,50,,,,,,,,,,,4,14,18,16.0,,2,-10.0,0.0,0.0,0.0,0.0,72.0,0.055556,871.94,17.6,0.25
2022,MTL,8474884,Mike,Hoffman,C,67,,,,,,,,,,,14,20,34,28.0,,2,-10.0,1.0,0.0,3.0,2.0,148.0,0.094595,940.4179,18.1791,0.571429
2022,MTL,8475227,Chris,Wideman,D,46,,,,,,,,,,,0,6,6,81.0,,2,-6.0,0.0,0.0,0.0,0.0,31.0,0.0,810.7174,17.8043,0.0
2022,MTL,8475233,David,Savard,D,62,,,,,,,,,,,3,17,20,40.0,,2,-14.0,0.0,0.0,1.0,0.0,63.0,0.047619,1343.2258,23.5968,0.0
2022,MTL,8475848,Brendan,Gallagher,R,37,,,,,,,,,,,8,6,14,45.0,,2,-5.0,0.0,0.0,2.0,0.0,93.0,0.086022,856.8919,17.027,0.352941
2022,MTL,8475968,Alex,Belzile,R,31,,,,,,,,,,,6,8,14,13.0,,2,0.0,0.0,0.0,0.0,0.0,40.0,0.15,728.0323,16.4839,0.468293
2022,MTL,8476441,Joel,Edmundson,D,61,,,,,,,,,,,2,11,13,58.0,,2,-29.0,0.0,0.0,0.0,0.0,69.0,0.028986,1173.9344,22.459,0.0
2022,MTL,8476469,Joel,Armia,R,43,,,,,,,,,,,7,7,14,22.0,,2,-7.0,0.0,1.0,0.0,0.0,69.0,0.101449,896.7674,18.2093,0.333333
2022,MTL,8476875,Mike,Matheson,D,48,,,,,,,,,,,8,26,34,33.0,,2,7.0,0.0,0.0,2.0,1.0,126.0,0.063492,1467.1042,23.6667,0.0
2022,MTL,8476919,Chris,Tierney,C,23,,,,,,,,,,,1,6,7,4.0,,2,-7.0,0.0,0.0,0.0,0.0,13.0,0.076923,733.1304,16.1304,0.449198
2022,MTL,8476981,Josh,Anderson,R,69,,,,,,,,,,,21,11,32,72.0,,2,-8.0,4.0,1.0,5.0,0.0,164.0,0.128049,1017.5942,20.1884,0.431818
2022,MTL,8477494,Jonathan,Drouin,L,58,,,,,,,,,,,2,27,29,18.0,,2,-18.0,0.0,0.0,0.0,0.0,69.0,0.028986,894.4828,17.7241,0.444737
2022,MTL,8477497,Sean,Monahan,C,25,,,,,,,,,,,6,11,17,16.0,,2,-5.0,1.0,0.0,0.0,0.0,55.0,0.109091,1042.04,21.0,0.551402
2022,MTL,8477989,Christian,Dvorak,C,64,,,,,,,,,,,10,18,28,6.0,,2,-12.0,0.0,1.0,1.0,0.0,88.0,0.113636,1011.6406,20.9531,0.520174
2022,MTL,8478133,Jake,Evans,C,54,,,,,,,,,,,2,17,19,28.0,,2,-5.0,1.0,0.0,0.0,0.0,55.0,0.036364,869.4074,18.6296,0.52
2022,MTL,8478409,Anthony,Richard,C,13,,,,,,,,,,,3,2,5,6.0,,2,2.0,0.0,0.0,1.0,0.0,13.0,0.230769,597.5385,13.3846,0.25
2022,MTL,8478495,Denis,Gurianov,R,23,,,,,,,,,,,5,3,8,6.0,,2,-7.0,1.0,0.0,0.0,0.0,46.0,0.108696,910.9565,18.5652,0.0
2022,MTL,8479329,Frederic,Allard,D,3,,,,,,,,,,,0,0,0,0.0,,2,2.0,0.0,0.0,0.0,0.0,6.0,0.0,830.6667,16.6667,0.0
2022,MTL,8479514,Rem,Pitlick,C,46,,,,,,,,,,,6,9,15,22.0,,2,-15.0,1.0,0.0,1.0,1.0,30.0,0.2,775.3478,15.7174,0.431034
2022,MTL,8479543,Michael,Pezzetta,L,63,,,,,,,,,,,7,8,15,77.0,,2,-4.0,0.0,0.0,0.0,0.0,70.0,0.1,559.3492,12.6032,0.4
2022,MTL,8480018,Nick,Suzuki,C,82,,,,,,,,,,,26,40,66,33.0,,2,-13.0,7.0,3.0,2.0,0.0,162.0,0.160494,1265.7317,22.5488,0.473233
2022,MTL,8480034,Joel,Teasdale,L,2,,,,,,,,,,,0,1,1,0.0,,2,-2.0,0.0,0.0,0.0,0.0,1.0,0.0,652.0,14.0,0.0
2022,MTL,8480192,Johnathan,Kovacevic,D,77,,,,,,,,,,,3,12,15,39.0,,2,3.0,0.0,0.0,0.0,0.0,92.0,0.032609,1045.1688,20.0779,0.0
2022,MTL,8480887,Jordan,Harris,D,65,,,,,,,,,,,4,13,17,26.0,,2,-3.0,0.0,0.0,0.0,0.0,70.0,0.057143,1119.1385,21.2,0.0
2022,MTL,8481058,Jesse,Ylonen,R,37,,,,,,,,,,,6,10,16,0.0,,2,-11.0,1.0,0.0,1.0,0.0,43.0,0.139535,806.8108,16.8378,0.5
2022,MTL,8481093,Rafael,Harvey-Pinard,L,34,,,,,,,,,,,14,6,20,10.0,,2,7.0,4.0,1.0,1.0,0.0,58.0,0.241379,1033.7647,20.1765,0.0
2022,MTL,8481461,Corey,Schueneman,D,7,,,,,,,,,,,0,1,1,0.0,,2,1.0,0.0,0.0,0.0,0.0,8.0,0.0,882.1429,16.1429,0.0
2022,MTL,8481523,Kirby,Dach,C,58,,,,,,,,,,,14,24,38,43.0,,2,-2.0,6.0,0.0,2.0,1.0,107.0,0.130841,1109.7414,19.8276,0.38326
2022,MTL,8481540,Cole,Caufield,R,46,,,,,,,,,,,26,10,36,2.0,,2,-10.0,7.0,0.0,3.0,0.0,158.0,0.164557,1082.9783,19.8696,0.0
2022,MTL,8482081,Sean,Farrell,C,6,,,,,,,,,,,1,0,1,0.0,,2,-2.0,0.0,0.0,0.0,0.0,8.0,0.125,832.3333,17.3333,0.0
2022,MTL,8482087,Kaiden,Guhle,D,44,,,,,,,,,,,4,14,18,27.0,,2,-19.0,0.0,0.0,0.0,0.0,48.0,0.083333,1230.9545,23.9318,0.0
2022,MTL,8482111,Justin,Barron,D,39,,,,,,,,,,,4,11,15,20.0,,2,-2.0,1.0,1.0,1.0,0.0,40.0,0.1,978.2051,19.4872,0.0
2022,MTL,8482964,Arber,Xhekaj,D,51,,,,,,,,,,,5,8,13,101.0,,2,-9.0,2.0,0.0,0.0,0.0,75.0,0.066667,916.2353,18.5294,0.0
2022,MTL,8483424,Owen,Beck,C,1,,,,,,,,,,,0,0,0,0.0,,2,-1.0,0.0,0.0,0.0,0.0,0.0,0.0,588.0,14.0,0.333333
2022,MTL,8483515,Juraj,Slafkovský,L,39,,,,,,,,,,,4,6,10,33.0,,2,-13.0,1.0,0.0,0.0,0.0,42.0,0.095238,732.9231,14.6667,0.5
2022,MTL,8483549,Lucas,Condotta,L,1,,,,,,,,,,,1,0,1,0.0,,2,0.0,0.0,0.0,0.0,0.0,5.0,0.2,662.0,13.0,0.571429
2022,NJD,8477970,Vitek,Vanecek,G,52,48.0,33.0,11.0,4.0,2.448922,0.910728,1333.0,1214.0,119.0,3.0,0,3,3,2.0,174934.0,2,,,,,,,,,,
2022,NJD,8478406,Mackenzie,Blackwood,G,22,20.0,10.0,6.0,2.0,3.198434,0.893428,563.0,503.0,60.0,0.0,0,0,0,2.0,67533.0,2,,,,,,,,,,
2022,NJD,8481033,Akira,Schmid,G,18,14.0,9.0,5.0,2.0,2.130138,0.921569,408.0,376.0,32.0,1.0,0,0,0,,54081.0,2,,,,,,,,,,
2022,NJD,8474090,Brendan,Smith,D,60,,,,,,,,,,,0,5,5,63.0,,2,3.0,0.0,0.0,0.0,0.0,58.0,0.0,933.2,20.1,0.0
2022,NJD,8475193,Tomas,Tatar,L,82,,,,,,,,,,,20,28,48,30.0,,2,41.0,1.0,0.0,1.0,0.0,153.0,0.130719,907.0244,20.9512,0.395349
2022,NJD,8475287,Erik,Haula,L,80,,,,,,,,,,,14,27,41,47.0,,2,13.0,2.0,2.0,0.0,0.0,164.0,0.085366,997.8625,22.3625,0.5421
2022,NJD,8476292,Ondrej,Palat,L,49,,,,,,,,,,,8,15,23,6.0,,2,5.0,1.0,0.0,1.0,0.0,79.0,0.101266,932.1224,20.6327,0.0
2022,NJD,8476462,Dougie,Hamilton,D,82,,,,,,,,,,,22,52,74,50.0,,2,23.0,8.0,0.0,7.0,2.0,275.0,0.08,1306.4634,25.8659,0.0
2022,NJD,8476923,Damon,Severson,D,81,,,,,,,,,,,7,26,33,38.0,,2,9.0,1.0,1.0,2.0,1.0,102.0,0.068627,1197.2963,23.8272,0.0
2022,NJD,8477341,Andreas,Johnsson,L,2,,,,,,,,,,,0,0,0,0.0,,2,0.0,0.0,0.0,0.0,0.0,1.0,0.0,284.0,6.5,0.0
2022,NJD,8477425,Miles,Wood,L,76,,,,,,,,,,,13,14,27,76.0,,2,1.0,2.0,0.0,2.0,0.0,167.0,0.077844,726.4211,16.8684,0.166667
2022,NJD,8477435,Ryan,Graves,D,78,,,,,,,,,,,8,18,26,28.0,,2,34.0,0.0,0.0,2.0,0.0,141.0,0.056738,1196.8718,24.1026,0.0
2022,NJD,8477508,Curtis,Lazar,C,4,,,,,,,,,,,0,0,0,7.0,,2,-1.0,0.0,0.0,0.0,0.0,1.0,0.0,556.75,14.75,0.428571
2022,NJD,8478399,Jonas,Siegenthaler,D,80,,,,,,,,,,,4,17,21,44.0,,2,27.0,1.0,0.0,1.0,0.0,84.0,0.047619,1209.2375,24.7375,0.0
2022,NJD,8478414,Timo,Meier,R,21,,,,,,,,,,,9,5,14,18.0,,2,0.0,4.0,0.0,1.0,0.0,72.0,0.125,1067.4762,20.8095,0.0
2022,NJD,8478507,John,Marino,D,64,,,,,,,,,,,4,14,18,20.0,,2,21.0,0.0,0.0,0.0,0.0,67.0,0.059701,1264.25,25.1094,0.0
2022,NJD,8479407,Jesper,Bratt,L,82,,,,,,,,,,,32,41,73,6.0,,2,14.0,8.0,0.0,3.0,1.0,212.0,0.150943,1042.0488,22.0,0.0
2022,NJD,8479414,Nathan,Bastian,R,43,,,,,,,,,,,6,9,15,31.0,,2,7.0,0.0,0.0,1.0,0.0,62.0,0.096774,746.1395,17.4651,0.297297
2022,NJD,8479415,Michael,McLeod,C,80,,,,,,,,,,,4,22,26,43.0,,2,6.0,0.0,0.0,1.0,0.0,90.0,0.044444,735.1,18.65,0.606405
2022,NJD,8480002,Nico,Hischier,C,81,,,,,,,,,,,31,49,80,10.0,,2,33.0,7.0,3.0,9.0,2.0,256.0,0.121094,1157.358,25.2099,0.538694
2022,NJD,8480003,Jesper,Boqvist,C,70,,,,,,,,,,,10,11,21,2.0,,2,8.0,0.0,0.0,2.0,0.0,67.0,0.149254,696.3429,16.1571,0.331658
2022,NJD,8480188,Fabian,Zetterlund,L,45,,,,,,,,,,,6,14,20,6.0,,2,4.0,1.0,0.0,1.0,1.0,81.0,0.074074,777.2222,17.3333,0.4
2022,NJD,8480860,Kevin,Bahl,D,42,,,,,,,,,,,2,6,8,35.0,,2,4.0,0.0,0.0,0.0,0.0,27.0,0.074074,841.2143,19.381,0.0
2022,NJD,8481068,Yegor,Sharangovich,C,75,,,,,,,,,,,13,17,30,16.0,,2,-3.0,0.0,2.0,2.0,1.0,131.0,0.099237,865.0933,19.2,0.329114
2022,NJD,8481518,Nolan,Foote,L,6,,,,,,,,,,,1,0,1,0.0,,2,2.0,0.0,0.0,0.0,0.0,4.0,0.25,433.0,10.8333,0.0
2022,NJD,8481537,Nikita,Okhotiuk,D,10,,,,,,,,,,,1,0,1,2.0,,2,1.0,0.0,0.0,1.0,0.0,6.0,0.166667,704.0,16.0,0.0
2022,NJD,8481559,Jack,Hughes,C,78,,,,,,,,,,,43,56,99,6.0,,2,10.0,9.0,0.0,6.0,1.0,336.0,0.127976,1197.9615,22.3077,0.353448
2022,NJD,8481740,Tyce,Thompson,R,2,,,,,,,,,,,0,0,0,0.0,,2,-1.0,0.0,0.0,0.0,0.0,1.0,0.0,519.0,14.5,0.0
2022,NJD,8482110,Dawson,Mercer,C,82,,,,,,,,,,,27,29,56,14.0,,2,22.0,2.0,1.0,6.0,1.0,161.0,0.167702,993.622,21.2317,0.424242
2022,NJD,8482125,Alexander,Holtz,R,19,,,,,,,,,,,3,1,4,8.0,,2,-6.0,2.0,0.0,0.0,0.0,21.0,0.142857,616.2632,13.1053,0.0
2022,NJD,8482684,Luke,Hughes,D,2,,,,,,,,,,,1,1,2,0.0,,2,0.0,0.0,0.0,1.0,1.0,2.0,0.5,974.0,20.0,0.0
2022,NJD,8477970,Vitek,Vanecek,G,7,4.0,1.0,3.0,0.0,4.639172,0.825,120.0,99.0,21.0,0.0,0,1,1,,16296.0,3,,,,,,,,,,
2022,NJD,8481033,Akira,Schmid,G,9,8.0,4.0,4.0,0.0,2.349014,0.921397,229.0,211.0,18.0,2.0,0,0,0,,27586.0,3,,,,,,,,,,
2022,NJD,8474090,Brendan,Smith,D,3,,,,,,,,,,,0,1,1,12.0,,3,3.0,0.0,0.0,0.0,0.0,2.0,0.0,970.0,22.6667,0.0
2022,NJD,8475193,Tomas,Tatar,L,12,,,,,,,,,,,1,0,1,4.0,,3,-7.0,0.0,0.0,0.0,0.0,15.0,0.066667,835.1667,21.3333,0.285714
2022,NJD,8475287,Erik,Haula,L,12,,,,,,,,,,,4,2,6,15.0,,3,-6.0,2.0,0.0,0.0,0.0,23.0,0.173913,1054.75,25.1667,0.554839
2022,NJD,8476292,Ondrej,Palat,L,12,,,,,,,,,,,3,4,7,6.0,,3,-6.0,1.0,0.0,1.0,0.0,16.0,0.1875,1010.5833,24.0,0.0
2022,NJD,8476462,Dougie,Hamilton,D,12,,,,,,,,,,,1,3,4,2.0,,3,-11.0,0.0,0.0,1.0,1.0,23.0,0.043478,1252.3333,26.25,0.0
2022,NJD,8476923,Damon,Severson,D,12,,,,,,,,,,,1,2,3,6.0,,3,-3.0,0.0,0.0,1.0,0.0,12.0,0.083333,1112.8333,22.9167,0.0
2022,NJD,8477425,Miles,Wood,L,8,,,,,,,,,,,2,0,2,14.0,,3,0.0,0.0,0.0,0.0,0.0,12.0,0.166667,656.625,16.625,1.0
2022,NJD,8477435,Ryan,Graves,D,10,,,,,,,,,,,0,1,1,4.0,,3,-1.0,0.0,0.0,0.0,0.0,9.0,0.0,1188.2,23.6,0.0
2022,NJD,8477508,Curtis,Lazar,C,6,,,,,,,,,,,1,0,1,2.0,,3,0.0,0.0,0.0,0.0,0.0,4.0,0.25,469.0,12.8333,0.5
2022,NJD,8478399,Jonas,Siegenthaler,D,11,,,,,,,,,,,1,2,3,8.0,,3,-3.0,0.0,0.0,1.0,0.0,8.0,0.125,1247.6364,26.5455,0.0
2022,NJD,8478414,Timo,Meier,R,11,,,,,,,,,,,2,2,4,22.0,,3,-1.0,1.0,0.0,0.0,0.0,37.0,0.054054,1012.3636,22.0909,0.0
2022,NJD,8478507,John,Marino,D,12,,,,,,,,,,,0,4,4,0.0,,3,-1.0,0.0,0.0,0.0,0.0,8.0,0.0,1361.9167,26.5833,0.0
2022,NJD,8479407,Jesper,Bratt,L,12,,,,,,,,,,,1,5,6,4.0,,3,-3.0,0.0,0.0,0.0,0.0,25.0,0.04,1085.9167,24.5833,0.0
2022,NJD,8479414,Nathan,Bastian,R,12,,,,,,,,,,,1,1,2,16.0,,3,-1.0,0.0,0.0,0.0,0.0,13.0,0.076923,675.3333,17.5,0.333333
2022,NJD,8479415,Michael,McLeod,C,12,,,,,,,,,,,2,4,6,15.0,,3,2.0,0.0,2.0,1.0,0.0,19.0,0.105263,886.8333,22.5833,0.56875
2022,NJD,8480002,Nico,Hischier,C,12,,,,,,,,,,,1,6,7,2.0,,3,-5.0,0.0,0.0,0.0,0.0,33.0,0.030303,1188.6667,27.8333,0.552419
2022,NJD,8480003,Jesper,Boqvist,C,6,,,,,,,,,,,0,0,0,0.0,,3,-2.0,0.0,0.0,0.0,0.0,3.0,0.0,598.1667,14.8333,0.125
2022,NJD,8480860,Kevin,Bahl,D,11,,,,,,,,,,,0,1,1,31.0,,3,-1.0,0.0,0.0,0.0,0.0,9.0,0.0,810.8182,19.4545,0.0
2022,NJD,8481068,Yegor,Sharangovich,C,3,,,,,,,,,,,0,0,0,0.0,,3,-1.0,0.0,0.0,0.0,0.0,2.0,0.0,657.3333,17.0,0.333333
2022,NJD,8481559,Jack,Hughes,C,12,,,,,,,,,,,6,5,11,2.0,,3,-4.0,1.0,0.0,0.0,0.0,45.0,0.133333,1183.5,23.9167,0.489362
2022,NJD,8482110,Dawson,Mercer,C,12,,,,,,,,,,,3,4,7,2.0,,3,-1.0,1.0,1.0,0.0,0.0,16.0,0.1875,998.0,24.0,0.391304
2022,NJD,8482684,Luke,Hughes,D,3,,,,,,,,,,,0,2,2,0.0,,3,-2.0,0.0,0.0,0.0,0.0,4.0,0.0,1155.3333,27.3333,0.0
2022,NSH,8477424,Juuse,Saros,G,64,63.0,33.0,23.0,7.0,2.692922,0.918533,2099.0,1928.0,171.0,2.0,0,1,1,,228599.0,2,,,,,,,,,,
2022,NSH,8480947,Kevin,Lankinen,G,19,18.0,9.0,8.0,1.0,2.749802,0.915952,583.0,534.0,49.0,0.0,0,0,0,2.0,64150.0,2,,,,,,,,,,
2022,NSH,8482137,Yaroslav,Askarov,G,1,1.0,0.0,1.0,0.0,4.149853,0.885714,35.0,31.0,4.0,0.0,0,0,0,,3470.0,2,,,,,,,,,,
2022,NSH,8474151,Ryan,McDonagh,D,71,,,,,,,,,,,2,18,20,22.0,,2,12.0,0.0,0.0,1.0,0.0,78.0,0.025641,1291.7465,24.9437,0.0
2022,NSH,8474600,Roman,Josi,D,67,,,,,,,,,,,18,41,59,36.0,,2,5.0,8.0,0.0,5.0,1.0,269.0,0.066914,1510.0299,25.7015,0.0
2022,NSH,8474697,Mark,Borowiecki,D,4,,,,,,,,,,,0,0,0,12.0,,2,0.0,0.0,0.0,0.0,0.0,1.0,0.0,595.5,15.25,0.0
2022,NSH,8475168,Matt,Duchene,C,71,,,,,,,,,,,22,34,56,32.0,,2,4.0,5.0,0.0,3.0,1.0,168.0,0.130952,1099.1972,20.0,0.528958
2022,NSH,8475197,Tyson,Barrie,D,24,,,,,,,,,,,3,9,12,10.0,,2,-4.0,0.0,0.0,1.0,0.0,48.0,0.0625,1283.9583,22.9583,0.0
2022,NSH,8475218,Mattias,Ekholm,D,57,,,,,,,,,,,5,13,18,24.0,,2,0.0,0.0,0.0,0.0,0.0,99.0,0.050505,1303.5439,25.2632,0.0
2022,NSH,8475793,Ryan,Johansen,C,55,,,,,,,,,,,12,16,28,32.0,,2,-13.0,5.0,0.0,1.0,1.0,86.0,0.139535,945.7636,18.7636,0.591981
2022,NSH,8475798,Mikael,Granlund,C,58,,,,,,,,,,,9,27,36,12.0,,2,-16.0,1.0,0.0,1.0,0.0,83.0,0.108434,1118.1034,21.1552,0.432624
2022,NSH,8475799,Nino,Niederreiter,R,56,,,,,,,,,,,18,10,28,16.0,,2,-9.0,3.0,0.0,1.0,0.0,130.0,0.138462,962.6071,19.0,0.5
2022,NSH,8475857,Kevin,Gravel,D,23,,,,,,,,,,,0,1,1,4.0,,2,-10.0,0.0,0.0,0.0,0.0,20.0,0.0,856.1304,18.4348,0.0
2022,NSH,8476873,Mark,Jankowski,L,50,,,,,,,,,,,7,5,12,18.0,,2,-1.0,0.0,3.0,3.0,0.0,57.0,0.122807,746.38,16.66,0.556851
2022,NSH,8476887,Filip,Forsberg,L,50,,,,,,,,,,,19,23,42,20.0,,2,-4.0,4.0,0.0,2.0,0.0,157.0,0.121019,1048.32,20.28,0.0
2022,NSH,8476925,Colton,Sissons,C,82,,,,,,,,,,,12,18,30,20.0,,2,-4.0,0.0,1.0,1.0,0.0,87.0,0.137931,949.6463,20.6829,0.535199
2022,NSH,8477446,Michael,McCarron,C,32,,,,,,,,,,,2,2,4,24.0,,2,-3.0,0.0,0.0,0.0,0.0,39.0,0.051282,632.5313,14.9688,0.59434
2022,NSH,8477482,Zachary,Sanford,L,16,,,,,,,,,,,2,1,3,4.0,,2,-3.0,0.0,0.0,1.0,0.0,20.0,0.1,809.375,17.375,0.153846
2022,NSH,8477981,Roland,McKeown,D,6,,,,,,,,,,,0,0,0,8.0,,2,1.0,0.0,0.0,0.0,0.0,3.0,0.0,778.6667,18.8333,0.0
2022,NSH,8478438,Tommy,Novak,C,51,,,,,,,,,,,17,26,43,8.0,,2,5.0,5.0,0.0,3.0,1.0,93.0,0.182796,879.1961,17.098,0.445274
2022,NSH,8478468,Jeremy,Lauzon,D,67,,,,,,,,,,,3,9,12,66.0,,2,-11.0,0.0,0.0,0.0,0.0,77.0,0.038961,1010.5075,21.403,0.0
2022,NSH,8478508,Yakov,Trenin,C,77,,,,,,,,,,,12,12,24,47.0,,2,-7.0,0.0,2.0,2.0,0.0,140.0,0.085714,908.8052,18.4286,0.388889
2022,NSH,8478851,Alexandre,Carrier,D,43,,,,,,,,,,,2,7,9,27.0,,2,0.0,0.0,0.0,1.0,1.0,48.0,0.041667,1073.3023,22.7674,0.0
2022,NSH,8479335,Rasmus,Asplund,C,19,,,,,,,,,,,0,0,0,4.0,,2,-6.0,0.0,0.0,0.0,0.0,21.0,0.0,625.8947,14.1579,0.0
2022,NSH,8479371,Dante,Fabbro,D,79,,,,,,,,,,,2,9,11,50.0,,2,-4.0,0.0,0.0,0.0,0.0,101.0,0.019802,1046.8481,21.9114,0.0
2022,NSH,8479661,Tanner,Jeannot,L,56,,,,,,,,,,,5,9,14,85.0,,2,-1.0,0.0,0.0,1.0,0.0,87.0,0.057471,905.3036,18.8214,0.357143
2022,NSH,8479984,Cal,Foote,D,24,,,,,,,,,,,1,3,4,35.0,,2,3.0,0.0,0.0,0.0,0.0,18.0,0.055556,967.2917,19.1667,0.0
2022,NSH,8479996,Cody,Glass,C,72,,,,,,,,,,,14,21,35,20.0,,2,9.0,6.0,0.0,2.0,1.0,131.0,0.10687,886.0278,17.8472,0.497937
2022,NSH,8480009,Eeli,Tolvanen,R,13,,,,,,,,,,,2,2,4,4.0,,2,-2.0,0.0,0.0,1.0,0.0,19.0,0.105263,769.0,17.0,0.333333
2022,NSH,8480748,Kiefer,Sherwood,L,32,,,,,,,,,,,7,6,13,30.0,,2,4.0,1.0,0.0,0.0,0.0,57.0,0.122807,815.5,17.0938,0.6
2022,NSH,8480913,Jordan,Gross,D,15,,,,,,,,,,,3,0,3,2.0,,2,-3.0,1.0,0.0,0.0,0.0,24.0,0.125,1126.8,23.0,0.0
2022,NSH,8481056,Spencer,Stastney,D,8,,,,,,,,,,,0,2,2,2.0,,2,5.0,0.0,0.0,0.0,0.0,9.0,0.0,1056.625,21.125,0.0
2022,NSH,8481077,John,Leonard,L,6,,,,,,,,,,,1,0,1,2.0,,2,0.0,0.0,0.0,1.0,0.0,4.0,0.25,692.3333,15.1667,0.0
2022,NSH,8481577,Philip,Tomasino,R,31,,,,,,,,,,,5,13,18,6.0,,2,5.0,4.0,0.0,0.0,0.0,54.0,0.092593,935.6452,18.2258,0.555556
2022,NSH,8481585,Egor,Afanasyev,L,17,,,,,,,,,,,1,0,1,2.0,,2,-7.0,0.0,0.0,0.0,0.0,21.0,0.047619,650.8824,14.6471,0.0
2022,NSH,8481704,Juuso,Parssinen,C,45,,,,,,,,,,,6,19,25,15.0,,2,-1.0,1.0,0.0,3.0,1.0,49.0,0.122449,860.0,17.3111,0.501608
2022,NSH,8482062,Cole,Smith,R,69,,,,,,,,,,,4,13,17,60.0,,2,-3.0,0.0,0.0,1.0,0.0,64.0,0.0625,764.5507,16.9565,0.0
2022,NSH,8482146,Luke,Evangelista,R,24,,,,,,,,,,,7,8,15,6.0,,2,7.0,0.0,0.0,1.0,0.0,54.0,0.12963,994.375,18.0417,0.0
2022,NSH,8484256,Jake,Livingstone,D,5,,,,,,,,,,,0,1,1,2.0,,2,-2.0,0.0,0.0,0.0,0.0,3.0,0.0,927.0,19.8,0.0
2022,NYI,8473575,Semyon,Varlamov,G,23,22.0,11.0,9.0,2.0,2.697167,0.912917,689.0,629.0,60.0,2.0,0,0,0,,80084.0,2,,,,,,,,,,
2022,NYI,8478009,Ilya,Sorokin,G,62,60.0,31.0,22.0,7.0,2.341746,0.924374,1838.0,1699.0,140.0,6.0,0,1,1,,215224.0,2,,,,,,,,,,
2022,NYI,8470610,Zach,Parise,L,82,,,,,,,,,,,21,13,34,24.0,,2,7.0,3.0,2.0,2.0,1.0,182.0,0.115385,968.7683,23.1707,0.37931
2022,NYI,8473504,Cal,Clutterbuck,R,49,,,,,,,,,,,6,6,12,30.0,,2,9.0,0.0,0.0,1.0,0.0,44.0,0.136364,733.4286,20.0612,0.2
2022,NYI,8474573,Josh,Bailey,R,64,,,,,,,,,,,8,17,25,2.0,,2,3.0,0.0,0.0,2.0,0.0,72.0,0.111111,908.3125,20.8438,0.416667
2022,NYI,8474709,Matt,Martin,L,81,,,,,,,,,,,7,12,19,63.0,,2,4.0,0.0,0.0,1.0,0.0,82.0,0.085366,668.9136,16.3333,0.333333
2022,NYI,8475151,Kyle,Palmieri,C,55,,,,,,,,,,,16,17,33,24.0,,2,13.0,3.0,0.0,3.0,0.0,122.0,0.131148,1025.9091,21.9636,0.375
2022,NYI,8475231,Casey,Cizikas,C,81,,,,,,,,,,,6,15,21,54.0,,2,0.0,0.0,0.0,0.0,0.0,111.0,0.054054,872.1852,21.8889,0.533546
2022,NYI,8475314,Anders,Lee,L,82,,,,,,,,,,,28,22,50,50.0,,2,-3.0,6.0,0.0,4.0,0.0,214.0,0.130841,1033.378,21.4146,0.54
2022,NYI,8475754,Brock,Nelson,C,82,,,,,,,,,,,36,39,75,24.0,,2,13.0,6.0,0.0,8.0,1.0,222.0,0.162162,1106.122,22.8049,0.472517
2022,NYI,8476404,Andy,Andreoff,C,3,,,,,,,,,,,0,1,1,0.0,,2,-3.0,0.0,0.0,0.0,0.0,1.0,0.0,441.0,11.3333,0.428571
2022,NYI,8476419,Jean-Gabriel,Pageau,C,70,,,,,,,,,,,13,27,40,14.0,,2,-2.0,5.0,3.0,2.0,0.0,123.0,0.105691,1057.0714,25.0429,0.572452
2022,NYI,8476429,Scott,Mayfield,D,82,,,,,,,,,,,6,18,24,83.0,,2,8.0,0.0,0.0,1.0,0.0,119.0,0.05042,1261.7317,25.1829,0.0
2022,NYI,8476917,Adam,Pelech,D,61,,,,,,,,,,,6,15,21,36.0,,2,15.0,0.0,0.0,0.0,0.0,97.0,0.061856,1299.1148,28.6885,0.0
2022,NYI,8477392,Hudson,Fasching,R,49,,,,,,,,,,,10,9,19,10.0,,2,10.0,0.0,0.0,1.0,0.0,61.0,0.163934,748.9592,17.6531,0.2
2022,NYI,8477500,Bo,Horvat,C,30,,,,,,,,,,,7,9,16,6.0,,2,-4.0,1.0,1.0,1.0,0.0,86.0,0.081395,1223.9667,25.0,0.585237
2022,NYI,8477506,Ryan,Pulock,D,82,,,,,,,,,,,5,21,26,14.0,,2,10.0,1.0,0.0,1.0,0.0,126.0,0.039683,1254.3049,27.0488,0.0
2022,NYI,8477527,Ross,Johnston,L,16,,,,,,,,,,,0,2,2,37.0,,2,-1.0,0.0,0.0,0.0,0.0,2.0,0.0,467.875,11.625,1.0
2022,NYI,8478115,Pierre,Engvall,L,18,,,,,,,,,,,5,4,9,6.0,,2,7.0,0.0,0.0,1.0,0.0,31.0,0.16129,915.6111,20.6667,0.5
2022,NYI,8478367,Cole,Bardreau,C,1,,,,,,,,,,,0,0,0,2.0,,2,0.0,0.0,0.0,0.0,0.0,0.0,0.0,397.0,10.0,0.0
2022,NYI,8478373,Nikita,Soshnikov,R,3,,,,,,,,,,,0,0,0,0.0,,2,-2.0,0.0,0.0,0.0,0.0,4.0,0.0,596.3333,17.0,0.0
2022,NYI,8478445,Mathew,Barzal,C,58,,,,,,,,,,,14,37,51,22.0,,2,5.0,4.0,0.0,5.0,1.0,139.0,0.100719,1122.9655,20.9828,0.356164
2022,NYI,8478450,Parker,Wotherspoon,D,12,,,,,,,,,,,0,1,1,4.0,,2,5.0,0.0,0.0,0.0,0.0,10.0,0.0,799.5833,17.5833,0.0
2022,NYI,8478463,Anthony,Beauvillier,R,49,,,,,,,,,,,9,11,20,10.0,,2,-4.0,0.0,0.0,2.0,1.0,113.0,0.079646,947.2245,20.898,0.0
2022,NYI,8479356,Kieffer,Bellows,L,1,,,,,,,,,,,0,0,0,0.0,,2,-1.0,0.0,0.0,0.0,0.0,0.0,0.0,436.0,10.0,0.0
2022,NYI,8479395,Dennis,Cholowski,D,2,,,,,,,,,,,0,0,0,0.0,,2,-1.0,0.0,0.0,0.0,0.0,0.0,0.0,766.5,17.0,0.0
2022,NYI,8479526,Otto,Koivula,L,8,,,,,,,,,,,0,2,2,4.0,,2,1.0,0.0,0.0,0.0,0.0,5.0,0.0,411.625,10.5,0.619048
2022,NYI,8480071,Robin,Salo,D,11,,,,,,,,,,,2,2,4,4.0,,2,1.0,0.0,0.0,0.0,0.0,9.0,0.222222,670.5455,15.0,0.0
2022,NYI,8480222,Sebastian,Aho,D,71,,,,,,,,,,,5,18,23,22.0,,2,9.0,0.0,0.0,0.0,0.0,89.0,0.05618,1006.2254,21.7746,0.0
2022,NYI,8480242,Arnaud,Durandeau,L,4,,,,,,,,,,,0,0,0,2.0,,2,1.0,0.0,0.0,0.0,0.0,9.0,0.0,780.0,17.75,0.0
2022,NYI,8480789,Oliver,Wahlstrom,R,35,,,,,,,,,,,7,9,16,32.0,,2,5.0,1.0,0.0,1.0,0.0,70.0,0.1,729.9429,17.1714,0.35
2022,NYI,8480865,Noah,Dobson,D,78,,,,,,,,,,,13,36,49,20.0,,2,4.0,5.0,0.0,2.0,1.0,206.0,0.063107,1222.9359,22.2949,0.0
2022,NYI,8481014,Alexander,Romanov,D,76,,,,,,,,,,,2,20,22,43.0,,2,13.0,0.0,0.0,0.0,0.0,100.0,0.02,1166.9737,23.4474,0.0
2022,NYI,8481541,Samuel,Bolduc,D,17,,,,,,,,,,,2,1,3,2.0,,2,5.0,0.0,0.0,1.0,0.0,20.0,0.1,864.1176,18.3529,0.0
2022,NYI,8481601,Simon,Holmstrom,R,50,,,,,,,,,,,6,3,9,0.0,,2,-4.0,0.0,0.0,2.0,0.0,39.0,0.153846,665.84,16.66,0.0
2022,NYI,8482207,William,Dufour,R,1,,,,,,,,,,,0,0,0,0.0,,2,-2.0,0.0,0.0,0.0,0.0,0.0,0.0,408.0,8.0,0.0
2022,NYI,8482691,Aatu,Räty,C,12,,,,,,,,,,,2,0,2,4.0,,2,1.0,0.0,0.0,0.0,0.0,16.0,0.125,525.8333,12.75,0.522388
2022,NYI,8478009,Ilya,Sorokin,G,6,6.0,2.0,4.0,0.0,2.598455,0.928571,210.0,195.0,16.0,0.0,0,0,0,,22167.0,3,,,,,,,,,,
2022,NYI,8470610,Zach,Parise,L,6,,,,,,,,,,,0,0,0,2.0,,3,-2.0,0.0,0.0,0.0,0.0,11.0,0.0,896.6667,24.0,0.0
2022,NYI,8473504,Cal,Clutterbuck,R,6,,,,,,,,,,,1,0,1,16.0,,3,-1.0,0.0,0.0,0.0,0.0,3.0,0.333333,737.0,19.5,0.0
2022,NYI,8474709,Matt,Martin,L,6,,,,,,,,,,,1,0,1,16.0,,3,0.0,0.0,0.0,0.0,0.0,4.0,0.25,624.5,16.5,0.0
2022,NYI,8475151,Kyle,Palmieri,C,6,,,,,,,,,,,2,3,5,4.0,,3,4.0,1.0,0.0,1.0,0.0,14.0,0.142857,974.5,22.3333,0.5
2022,NYI,8475231,Casey,Cizikas,C,6,,,,,,,,,,,1,2,3,16.0,,3,-2.0,0.0,0.0,0.0,0.0,7.0,0.142857,852.8333,22.0,0.5
2022,NYI,8475314,Anders,Lee,L,6,,,,,,,,,,,1,0,1,12.0,,3,0.0,0.0,0.0,0.0,0.0,16.0,0.0625,1023.6667,21.5,1.0
2022,NYI,8475754,Brock,Nelson,C,6,,,,,,,,,,,2,3,5,4.0,,3,4.0,0.0,0.0,0.0,0.0,15.0,0.133333,1058.6667,22.6667,0.476923
2022,NYI,8476419,Jean-Gabriel,Pageau,C,6,,,,,,,,,,,0,1,1,0.0,,3,-1.0,0.0,0.0,0.0,0.0,8.0,0.0,1008.0,26.8333,0.548673
2022,NYI,8476429,Scott,Mayfield,D,6,,,,,,,,,,,1,2,3,2.0,,3,1.0,0.0,0.0,0.0,0.0,10.0,0.1,1286.6667,26.8333,0.0
2022,NYI,8476917,Adam,Pelech,D,6,,,,,,,,,,,1,1,2,2.0,,3,1.0,0.0,0.0,0.0,0.0,9.0,0.111111,1427.6667,31.8333,0.0
2022,NYI,8477392,Hudson,Fasching,R,6,,,,,,,,,,,0,0,0,2.0,,3,-1.0,0.0,0.0,0.0,0.0,10.0,0.0,700.1667,16.6667,0.0
2022,NYI,8477500,Bo,Horvat,C,6,,,,,,,,,,,1,1,2,0.0,,3,2.0,0.0,1.0,0.0,0.0,8.0,0.125,1183.5,24.5,0.518248
2022,NYI,8477506,Ryan,Pulock,D,6,,,,,,,,,,,1,3,4,6.0,,3,0.0,0.0,0.0,0.0,0.0,12.0,0.083333,1408.8333,29.6667,0.0
2022,NYI,8478115,Pierre,Engvall,L,6,,,,,,,,,,,1,1,2,0.0,,3,4.0,0.0,0.0,0.0,0.0,12.0,0.083333,914.6667,20.6667,0.333333
2022,NYI,8478445,Mathew,Barzal,C,6,,,,,,,,,,,2,0,2,2.0,,3,-1.0,0.0,0.0,1.0,0.0,14.0,0.142857,1027.1667,21.0,0.0
2022,NYI,8480222,Sebastian,Aho,D,6,,,,,,,,,,,0,1,1,2.0,,3,0.0,0.0,0.0,0.0,0.0,5.0,0.0,947.6667,23.3333,0.0
2022,NYI,8480865,Noah,Dobson,D,6,,,,,,,,,,,0,2,2,2.0,,3,2.0,0.0,0.0,0.0,0.0,12.0,0.0,1211.3333,22.6667,0.0
2022,NYI,8481014,Alexander,Romanov,D,4,,,,,,,,,,,0,0,0,2.0,,3,3.0,0.0,0.0,0.0,0.0,2.0,0.0,1070.25,23.75,0.0
2022,NYI,8481541,Samuel,Bolduc,D,2,,,,,,,,,,,0,0,0,4.0,,3,0.0,0.0,0.0,0.0,0.0,2.0,0.0,419.5,11.5,0.0
2022,NYR,8470860,Jaroslav,Halak,G,25,24.0,10.0,9.0,5.0,2.723645,0.902941,680.0,614.0,66.0,1.0,0,1,1,,87236.0,2,,,,,,,,,,
2022,NYR,8478048,Igor,Shesterkin,G,58,58.0,37.0,13.0,8.0,2.476519,0.91623,1719.0,1575.0,144.0,3.0,0,1,1,2.0,209326.0,2,,,,,,,,,,
2022,NYR,8471817,Ryan,Reaves,R,12,,,,,,,,,,,0,0,0,12.0,,2,-5.0,0.0,0.0,0.0,0.0,3.0,0.0,507.0,10.9167,0.333333
2022,NYR,8474141,Patrick,Kane,R,19,,,,,,,,,,,5,7,12,6.0,,2,1.0,2.0,0.0,1.0,0.0,45.0,0.111111,1049.3158,18.5789,0.0
2022,NYR,8475184,Chris,Kreider,L,79,,,,,,,,,,,36,18,54,26.0,,2,21.0,8.0,4.0,3.0,1.0,229.0,0.157205,1104.7848,21.1392,0.452381
2022,NYR,8475765,Vladimir,Tarasenko,R,31,,,,,,,,,,,8,13,21,0.0,,2,4.0,1.0,0.0,1.0,1.0,66.0,0.121212,955.2581,18.6129,0.0
2022,NYR,8476389,Vincent,Trocheck,C,82,,,,,,,,,,,22,42,64,58.0,,2,3.0,9.0,0.0,3.0,0.0,225.0,0.097778,1158.9512,20.2317,0.560653
2022,NYR,8476459,Mika,Zibanejad,C,82,,,,,,,,,,,39,52,91,20.0,,2,25.0,20.0,1.0,5.0,0.0,251.0,0.155378,1197.7317,22.0244,0.494993
2022,NYR,8476624,Barclay,Goodrow,C,82,,,,,,,,,,,11,20,31,58.0,,2,3.0,1.0,0.0,2.0,0.0,89.0,0.123596,850.2439,17.4756,0.458685
2022,NYR,8476885,Jacob,Trouba,D,82,,,,,,,,,,,8,22,30,63.0,,2,7.0,2.0,1.0,2.0,0.0,199.0,0.040201,1271.7561,24.9024,0.0
2022,NYR,8476918,Jimmy,Vesey,L,81,,,,,,,,,,,11,14,25,20.0,,2,13.0,0.0,1.0,4.0,0.0,123.0,0.089431,816.6296,16.716,0.222222
2022,NYR,8477353,Tyler,Motte,C,24,,,,,,,,,,,5,5,10,2.0,,2,2.0,0.0,0.0,1.0,0.0,44.0,0.113636,663.7917,13.9167,0.666667
2022,NYR,8477380,Jonny,Brodzinski,C,17,,,,,,,,,,,1,1,2,8.0,,2,3.0,0.0,0.0,0.0,0.0,27.0,0.037037,559.1176,13.0588,0.53125
2022,NYR,8477433,Ben,Harpur,D,42,,,,,,,,,,,1,5,6,20.0,,2,0.0,0.0,0.0,0.0,0.0,34.0,0.029412,843.8333,17.6905,0.0
2022,NYR,8477846,Ryan,Carpenter,C,22,,,,,,,,,,,1,2,3,10.0,,2,-5.0,0.0,0.0,0.0,0.0,17.0,0.058824,550.5909,13.0455,0.540323
2022,NYR,8478104,Sammy,Blais,L,40,,,,,,,,,,,0,5,5,8.0,,2,1.0,0.0,0.0,0.0,0.0,31.0,0.0,577.925,12.225,0.166667
2022,NYR,8478211,Dryden,Hunt,L,3,,,,,,,,,,,1,0,1,2.0,,2,-1.0,0.0,0.0,0.0,0.0,2.0,0.5,529.3333,11.6667,0.0
2022,NYR,8478550,Artemi,Panarin,L,82,,,,,,,,,,,29,63,92,36.0,,2,4.0,9.0,0.0,4.0,1.0,204.0,0.142157,1176.4634,19.1829,0.315789
2022,NYR,8478859,Niko,Mikkola,D,31,,,,,,,,,,,1,2,3,23.0,,2,4.0,0.0,0.0,0.0,0.0,31.0,0.032258,1122.2581,24.0,0.0
2022,NYR,8479323,Adam,Fox,D,82,,,,,,,,,,,12,60,72,34.0,,2,28.0,1.0,0.0,5.0,1.0,159.0,0.075472,1462.6585,26.4024,0.0
2022,NYR,8479324,Ryan,Lindgren,D,63,,,,,,,,,,,1,17,18,45.0,,2,29.0,0.0,1.0,0.0,0.0,75.0,0.013333,1130.3968,23.4603,0.0
2022,NYR,8479328,Julien,Gauthier,R,40,,,,,,,,,,,6,3,9,4.0,,2,-5.0,0.0,0.0,0.0,0.0,36.0,0.166667,500.825,11.35,0.375
2022,NYR,8479333,Libor,Hajek,D,16,,,,,,,,,,,1,0,1,4.0,,2,2.0,0.0,0.0,0.0,0.0,13.0,0.076923,795.5625,16.875,0.0
2022,NYR,8479991,Jake,Leschyshyn,C,13,,,,,,,,,,,0,0,0,0.0,,2,-3.0,0.0,0.0,0.0,0.0,8.0,0.0,500.6923,11.0,0.488889
2022,NYR,8480078,Filip,Chytil,C,74,,,,,,,,,,,22,23,45,30.0,,2,15.0,3.0,0.0,4.0,1.0,177.0,0.124294,881.027,16.6081,0.397781
2022,NYR,8480817,K'Andre,Miller,D,79,,,,,,,,,,,9,34,43,47.0,,2,12.0,0.0,0.0,2.0,0.0,113.0,0.079646,1317.1266,24.8987,0.0
2022,NYR,8480833,Vitali,Kravtsov,R,28,,,,,,,,,,,3,3,6,6.0,,2,6.0,0.0,0.0,0.0,0.0,26.0,0.115385,685.1429,13.9286,0.0
2022,NYR,8481554,Kaapo,Kakko,R,82,,,,,,,,,,,18,22,40,8.0,,2,12.0,0.0,0.0,2.0,0.0,125.0,0.144,918.4146,17.9634,0.25
2022,NYR,8481708,Zac,Jones,D,16,,,,,,,,,,,1,1,2,4.0,,2,-2.0,0.0,0.0,1.0,0.0,15.0,0.066667,936.625,17.6875,0.0
2022,NYR,8482073,Braden,Schneider,D,81,,,,,,,,,,,5,13,18,16.0,,2,9.0,0.0,0.0,1.0,0.0,79.0,0.063291,943.2963,19.5432,0.0
2022,NYR,8482109,Alexis,Lafrenière,L,81,,,,,,,,,,,16,23,39,33.0,,2,10.0,3.0,0.0,2.0,1.0,135.0,0.118519,913.1728,17.3457,0.368421
2022,NYR,8482157,Will,Cuylle,L,4,,,,,,,,,,,0,0,0,10.0,,2,-2.0,0.0,0.0,0.0,0.0,1.0,0.0,417.5,9.75,0.0
2022,NYR,8478048,Igor,Shesterkin,G,7,7.0,3.0,4.0,0.0,1.964297,0.931034,203.0,189.0,14.0,0.0,0,0,0,2.0,25658.0,3,,,,,,,,,,
2022,NYR,8474141,Patrick,Kane,R,7,,,,,,,,,,,1,5,6,6.0,,3,0.0,0.0,0.0,0.0,0.0,23.0,0.043478,1041.7143,20.0,0.0
2022,NYR,8475184,Chris,Kreider,L,7,,,,,,,,,,,6,3,9,0.0,,3,-2.0,5.0,0.0,2.0,0.0,14.0,0.428571,1154.5714,22.5714,0.2
2022,NYR,8475765,Vladimir,Tarasenko,R,7,,,,,,,,,,,3,1,4,2.0,,3,-1.0,0.0,0.0,1.0,0.0,19.0,0.157895,912.8571,19.7143,0.0
2022,NYR,8476389,Vincent,Trocheck,C,7,,,,,,,,,,,1,0,1,14.0,,3,0.0,0.0,0.0,0.0,0.0,10.0,0.1,1068.4286,21.2857,0.471698
2022,NYR,8476459,Mika,Zibanejad,C,7,,,,,,,,,,,1,3,4,6.0,,3,-1.0,0.0,0.0,0.0,0.0,16.0,0.0625,1167.8571,23.8571,0.480916
2022,NYR,8476624,Barclay,Goodrow,C,7,,,,,,,,,,,1,0,1,29.0,,3,-2.0,0.0,0.0,0.0,0.0,3.0,0.333333,740.7143,16.5714,0.482759
2022,NYR,8476885,Jacob,Trouba,D,7,,,,,,,,,,,0,0,0,6.0,,3,-1.0,0.0,0.0,0.0,0.0,17.0,0.0,1354.8571,27.7143,0.0
2022,NYR,8476918,Jimmy,Vesey,L,7,,,,,,,,,,,0,1,1,10.0,,3,1.0,0.0,0.0,0.0,0.0,5.0,0.0,575.4286,14.4286,0.0
2022,NYR,8477353,Tyler,Motte,C,7,,,,,,,,,,,0,0,0,12.0,,3,-1.0,0.0,0.0,0.0,0.0,10.0,0.0,709.7143,16.0,0.5
2022,NYR,8478550,Artemi,Panarin,L,7,,,,,,,,,,,0,2,2,2.0,,3,-2.0,0.0,0.0,0.0,0.0,15.0,0.0,1159.7143,20.4286,0.0
2022,NYR,8478859,Niko,Mikkola,D,7,,,,,,,,,,,0,2,2,12.0,,3,2.0,0.0,0.0,0.0,0.0,6.0,0.0,862.7143,19.0,0.0
2022,NYR,8479323,Adam,Fox,D,7,,,,,,,,,,,0,8,8,16.0,,3,0.0,0.0,0.0,0.0,0.0,10.0,0.0,1385.0,26.5714,0.0
2022,NYR,8479324,Ryan,Lindgren,D,7,,,,,,,,,,,1,1,2,6.0,,3,3.0,0.0,0.0,0.0,0.0,6.0,0.166667,1192.2857,25.5714,0.0
2022,NYR,8480078,Filip,Chytil,C,7,,,,,,,,,,,1,3,4,0.0,,3,1.0,0.0,0.0,0.0,0.0,13.0,0.076923,902.5714,17.7143,0.609375
2022,NYR,8480817,K'Andre,Miller,D,7,,,,,,,,,,,0,1,1,4.0,,3,0.0,0.0,0.0,0.0,0.0,4.0,0.0,1344.4286,26.7143,0.0
2022,NYR,8481554,Kaapo,Kakko,R,7,,,,,,,,,,,1,1,2,0.0,,3,1.0,0.0,0.0,0.0,0.0,8.0,0.125,805.8571,16.7143,0.0
2022,NYR,8482073,Braden,Schneider,D,7,,,,,,,,,,,1,0,1,9.0,,3,0.0,0.0,0.0,0.0,0.0,6.0,0.166667,898.1429,20.0,0.0
2022,NYR,8482109,Alexis,Lafrenière,L,7,,,,,,,,,,,0,0,0,0.0,,3,0.0,0.0,0.0,0.0,0.0,9.0,0.0,860.4286,17.1429,0.0
2022,OTT,8475660,Cam,Talbot,G,36,32.0,17.0,14.0,2.0,2.927578,0.898396,935.0,840.0,95.0,1.0,0,0,0,,116820.0,2,,,,,,,,,,
2022,OTT,8476341,Anton,Forsberg,G,28,25.0,11.0,11.0,2.0,3.261496,0.902081,817.0,737.0,80.0,2.0,0,0,0,2.0,88303.0,2,,,,,,,,,,
2022,OTT,8476433,Magnus,Hellberg,G,1,1.0,1.0,0.0,0.0,1.999998,0.935484,31.0,29.0,2.0,0.0,0,0,0,,3600.0,2,,,,,,,,,,
2022,OTT,8480263,Dylan,Ferguson,G,2,2.0,1.0,1.0,0.0,2.523834,0.939759,83.0,78.0,5.0,0.0,0,0,0,,7132.0,2,,,,,,,,,,
2022,OTT,8480867,Kevin,Mandolese,G,3,3.0,1.0,2.0,0.0,3.293082,0.915966,119.0,109.0,10.0,0.0,0,0,0,,10932.0,2,,,,,,,,,,
2022,OTT,8481544,Mads,Sogaard,G,19,17.0,8.0,6.0,3.0,3.322195,0.889313,524.0,466.0,58.0,0.0,0,1,1,,62850.0,2,,,,,,,,,,
2022,OTT,8482447,Leevi,Meriläinen,G,2,2.0,0.0,1.0,1.0,4.231145,0.877551,49.0,43.0,6.0,0.0,0,0,0,,5105.0,2,,,,,,,,,,
2022,OTT,8473512,Claude,Giroux,R,82,,,,,,,,,,,35,44,79,34.0,,2,4.0,7.0,0.0,6.0,1.0,214.0,0.163551,1127.7561,26.5366,0.583129
2022,OTT,8473544,Derick,Brassard,C,62,,,,,,,,,,,13,10,23,30.0,,2,3.0,5.0,0.0,4.0,0.0,92.0,0.141304,730.8226,18.3871,0.5
2022,OTT,8474207,Nick,Holden,D,65,,,,,,,,,,,2,14,16,10.0,,2,0.0,0.0,0.0,0.0,0.0,73.0,0.027397,1002.4308,22.6615,0.0
2022,OTT,8474612,Travis,Hamonic,D,75,,,,,,,,,,,6,15,21,71.0,,2,-5.0,0.0,0.0,1.0,0.0,136.0,0.044118,1113.6133,25.2933,0.0
2022,OTT,8475766,Austin,Watson,L,75,,,,,,,,,,,9,2,11,123.0,,2,-7.0,0.0,3.0,2.0,0.0,79.0,0.113924,613.9733,16.8933,0.466667
2022,OTT,8477353,Tyler,Motte,C,38,,,,,,,,,,,3,6,9,4.0,,2,1.0,0.0,1.0,0.0,0.0,65.0,0.046154,811.5526,19.5526,0.395833
2022,OTT,8477471,Dillon,Heatherington,D,3,,,,,,,,,,,0,0,0,0.0,,2,-3.0,0.0,0.0,0.0,0.0,1.0,0.0,556.0,13.6667,0.0
2022,OTT,8477887,Patrick,Brown,C,18,,,,,,,,,,,2,3,5,27.0,,2,4.0,0.0,0.0,0.0,0.0,16.0,0.125,667.8889,16.5556,0.44898
2022,OTT,8478078,Rourke,Chartier,C,6,,,,,,,,,,,0,0,0,0.0,,2,0.0,0.0,0.0,0.0,0.0,8.0,0.0,620.1667,16.8333,0.575758
2022,OTT,8478469,Thomas,Chabot,D,68,,,,,,,,,,,11,30,41,52.0,,2,-11.0,5.0,0.0,0.0,0.0,165.0,0.066667,1498.3382,26.5588,0.0
2022,OTT,8478472,Mathieu,Joseph,R,56,,,,,,,,,,,3,15,18,36.0,,2,5.0,1.0,2.0,0.0,0.0,66.0,0.045455,841.4643,21.0893,0.333333
2022,OTT,8478491,Jacob,Larsson,D,7,,,,,,,,,,,0,0,0,6.0,,2,0.0,0.0,0.0,0.0,0.0,4.0,0.0,718.1429,16.1429,0.0
2022,OTT,8479328,Julien,Gauthier,R,17,,,,,,,,,,,3,2,5,2.0,,2,-1.0,0.0,0.0,0.0,0.0,17.0,0.176471,558.6471,14.5882,0.0
2022,OTT,8479337,Alex,DeBrincat,R,82,,,,,,,,,,,27,39,66,45.0,,2,-31.0,11.0,0.0,6.0,2.0,263.0,0.102662,1140.378,22.4878,0.526316
2022,OTT,8479345,Jakob,Chychrun,D,12,,,,,,,,,,,2,3,5,8.0,,2,-1.0,0.0,0.0,0.0,0.0,30.0,0.066667,1259.75,27.0,0.0
2022,OTT,8479458,Nikita,Zaitsev,D,28,,,,,,,,,,,0,5,5,8.0,,2,-5.0,0.0,0.0,0.0,0.0,10.0,0.0,1033.5,23.5714,0.0
2022,OTT,8479580,Dylan,Gambrell,C,60,,,,,,,,,,,4,6,10,35.0,,2,-4.0,0.0,0.0,0.0,0.0,46.0,0.086957,683.3333,17.5167,0.45098
2022,OTT,8480064,Josh,Norris,C,8,,,,,,,,,,,2,1,3,6.0,,2,-1.0,0.0,0.0,0.0,0.0,15.0,0.133333,1079.25,25.5,0.578947
2022,OTT,8480073,Erik,Brannstrom,D,74,,,,,,,,,,,2,16,18,38.0,,2,5.0,0.0,0.0,0.0,0.0,74.0,0.027027,966.8108,21.9459,0.0
2022,OTT,8480208,Drake,Batherson,R,82,,,,,,,,,,,22,40,62,33.0,,2,-35.0,14.0,0.0,2.0,0.0,249.0,0.088353,1116.3659,22.8902,0.342105
2022,OTT,8480355,Mark,Kastelic,C,65,,,,,,,,,,,7,4,11,102.0,,2,-6.0,0.0,0.0,2.0,0.0,73.0,0.09589,533.5846,15.9692,0.569492
2022,OTT,8480448,Parker,Kelly,C,55,,,,,,,,,,,1,3,4,37.0,,2,-9.0,0.0,0.0,1.0,0.0,59.0,0.016949,630.4909,17.2,0.454545
2022,OTT,8480801,Brady,Tkachuk,L,82,,,,,,,,,,,35,48,83,126.0,,2,-10.0,11.0,0.0,6.0,2.0,347.0,0.100865,1117.9268,24.4268,0.48366
2022,OTT,8480879,Jacob,Bernard-Docker,D,19,,,,,,,,,,,0,1,1,11.0,,2,-2.0,0.0,0.0,0.0,0.0,22.0,0.0,961.0,20.8421,0.0
2022,OTT,8481102,Egor,Sokolov,L,5,,,,,,,,,,,1,1,2,0.0,,2,2.0,0.0,0.0,1.0,0.0,5.0,0.2,422.4,12.0,0.0
2022,OTT,8481422,Jake,Lucchini,C,11,,,,,,,,,,,1,0,1,0.0,,2,-2.0,1.0,0.0,1.0,0.0,14.0,0.071429,700.2727,18.6364,0.0
2022,OTT,8481575,Lassi,Thomson,D,2,,,,,,,,,,,0,0,0,4.0,,2,-2.0,0.0,0.0,0.0,0.0,1.0,0.0,653.5,16.5,0.0
2022,OTT,8481596,Shane,Pinto,C,82,,,,,,,,,,,20,15,35,18.0,,2,-21.0,5.0,0.0,2.0,0.0,158.0,0.126582,958.7317,21.4512,0.520882
2022,OTT,8481679,Maxence,Guenette,D,1,,,,,,,,,,,0,0,0,0.0,,2,-1.0,0.0,0.0,0.0,0.0,2.0,0.0,527.0,14.0,0.0
2022,OTT,8482092,Ridly,Greig,C,20,,,,,,,,,,,2,7,9,12.0,,2,1.0,0.0,0.0,0.0,0.0,30.0,0.066667,774.1,18.7,0.394495
2022,OTT,8482095,Tyler,Kleven,D,8,,,,,,,,,,,0,2,2,2.0,,2,-1.0,0.0,0.0,0.0,0.0,11.0,0.0,881.375,19.75,0.0
2022,OTT,8482105,Jake,Sanderson,D,77,,,,,,,,,,,4,28,32,12.0,,2,-6.0,2.0,0.0,0.0,0.0,132.0,0.030303,1315.2208,27.9091,0.0
2022,OTT,8482116,Tim,Stützle,C,78,,,,,,,,,,,39,51,90,54.0,,2,-3.0,10.0,3.0,3.0,1.0,228.0,0.171053,1275.8974,25.9103,0.415638
2022,OTT,8482245,Artem,Zub,D,53,,,,,,,,,,,3,7,10,39.0,,2,2.0,0.0,0.0,0.0,0.0,41.0,0.073171,1215.1887,25.0,0.0
2022,PHI,8478433,Felix,Sandstrom,G,20,18.0,3.0,12.0,3.0,3.720175,0.88,575.0,506.0,69.0,0.0,0,0,0,,66771.0,2,,,,,,,,,,
2022,PHI,8479394,Carter,Hart,G,55,54.0,22.0,23.0,10.0,2.939533,0.906907,1665.0,1510.0,155.0,2.0,0,0,0,,189826.0,2,,,,,,,,,,
2022,PHI,8481035,Samuel,Ersson,G,12,10.0,6.0,3.0,0.0,3.070163,0.899083,327.0,294.0,33.0,1.0,0,0,0,,38695.0,2,,,,,,,,,,
2022,PHI,8474027,Justin,Braun,D,51,,,,,,,,,,,0,2,2,19.0,,2,-1.0,0.0,0.0,0.0,0.0,42.0,0.0,898.9608,22.2941,0.0
2022,PHI,8474037,James,van Riemsdyk,L,61,,,,,,,,,,,12,17,29,28.0,,2,-3.0,2.0,0.0,1.0,0.0,119.0,0.10084,921.2295,19.9836,0.5
2022,PHI,8475235,Nicolas,Deslauriers,L,80,,,,,,,,,,,6,6,12,136.0,,2,-11.0,0.0,1.0,0.0,0.0,70.0,0.085714,605.65,14.3375,0.272727
2022,PHI,8475763,Kevin,Hayes,R,81,,,,,,,,,,,18,36,54,23.0,,2,-22.0,6.0,0.0,1.0,0.0,209.0,0.086124,1053.9383,21.4321,0.494083
2022,PHI,8476310,Lukas,Sedlak,C,27,,,,,,,,,,,3,5,8,12.0,,2,3.0,0.0,0.0,0.0,0.0,43.0,0.069767,762.3333,20.037,0.477273
2022,PHI,8476372,Nick,Seeler,D,77,,,,,,,,,,,4,10,14,56.0,,2,1.0,0.0,0.0,0.0,0.0,84.0,0.047619,869.3766,20.4416,0.0
2022,PHI,8476872,Scott,Laughton,C,78,,,,,,,,,,,18,25,43,50.0,,2,-9.0,5.0,3.0,0.0,0.0,170.0,0.105882,1097.1026,24.0897,0.472609
2022,PHI,8477499,Rasmus,Ristolainen,D,74,,,,,,,,,,,3,17,20,32.0,,2,-4.0,1.0,1.0,0.0,0.0,86.0,0.034884,1141.4459,25.9054,0.0
2022,PHI,8477887,Patrick,Brown,C,43,,,,,,,,,,,2,5,7,17.0,,2,-6.0,0.0,1.0,0.0,0.0,44.0,0.045455,688.8372,16.9302,0.537931
2022,PHI,8477948,Travis,Sanheim,D,81,,,,,,,,,,,7,16,23,40.0,,2,-5.0,0.0,1.0,1.0,0.0,111.0,0.063063,1224.1605,26.963,0.0
2022,PHI,8477950,Tony,DeAngelo,D,70,,,,,,,,,,,11,31,42,73.0,,2,-27.0,4.0,0.0,1.0,1.0,174.0,0.063218,1323.5143,25.6429,0.0
2022,PHI,8477962,Brendan,Lemieux,L,18,,,,,,,,,,,2,4,6,21.0,,2,3.0,0.0,0.0,0.0,0.0,22.0,0.090909,762.5556,16.8889,0.5
2022,PHI,8478051,Max,Willman,C,9,,,,,,,,,,,0,0,0,4.0,,2,-3.0,0.0,0.0,0.0,0.0,9.0,0.0,537.7778,13.2222,0.0
2022,PHI,8478173,Hayden,Hodgson,R,1,,,,,,,,,,,0,0,0,0.0,,2,0.0,0.0,0.0,0.0,0.0,0.0,0.0,286.0,10.0,0.0
2022,PHI,8478439,Travis,Konecny,R,60,,,,,,,,,,,31,30,61,77.0,,2,-12.0,5.0,3.0,5.0,0.0,191.0,0.162304,1206.9833,24.9333,0.466667
2022,PHI,8478500,Ivan,Provorov,D,82,,,,,,,,,,,6,21,27,24.0,,2,-17.0,0.0,0.0,1.0,1.0,115.0,0.052174,1381.3659,28.6585,0.0
2022,PHI,8479322,Wade,Allison,R,60,,,,,,,,,,,9,6,15,36.0,,2,-3.0,0.0,0.0,2.0,0.0,89.0,0.101124,773.6833,17.25,0.166667
2022,PHI,8479356,Kieffer,Bellows,L,27,,,,,,,,,,,3,0,3,6.0,,2,-7.0,0.0,0.0,1.0,0.0,32.0,0.09375,586.8148,12.963,0.166667
2022,PHI,8479550,Tanner,Laczynski,C,32,,,,,,,,,,,2,2,4,2.0,,2,-5.0,0.0,0.0,0.0,0.0,23.0,0.086957,571.4063,14.25,0.515464
2022,PHI,8479772,Zack,MacEwen,R,46,,,,,,,,,,,4,5,9,54.0,,2,-9.0,0.0,0.0,3.0,0.0,63.0,0.063492,738.6304,17.1087,0.5
2022,PHI,8480015,Owen,Tippett,R,77,,,,,,,,,,,27,22,49,16.0,,2,-17.0,8.0,0.0,4.0,1.0,231.0,0.116883,1045.6364,22.8961,0.633333
2022,PHI,8480028,Morgan,Frost,C,81,,,,,,,,,,,19,27,46,24.0,,2,-12.0,1.0,0.0,3.0,0.0,155.0,0.122581,980.5802,21.5432,0.458465
2022,PHI,8480220,Noah,Cates,L,82,,,,,,,,,,,13,25,38,12.0,,2,3.0,3.0,1.0,5.0,0.0,107.0,0.121495,1066.0366,25.061,0.394687
2022,PHI,8480245,Olle,Lycksell,R,8,,,,,,,,,,,0,1,1,8.0,,2,-3.0,0.0,0.0,0.0,0.0,5.0,0.0,633.625,13.375,0.0
2022,PHI,8480797,Joel,Farabee,L,82,,,,,,,,,,,15,24,39,41.0,,2,-1.0,0.0,0.0,1.0,0.0,145.0,0.103448,1020.6463,22.4024,0.355556
2022,PHI,8480874,Adam,Ginning,D,1,,,,,,,,,,,0,0,0,2.0,,2,0.0,0.0,0.0,0.0,0.0,0.0,0.0,1000.0,21.0,0.0
2022,PHI,8481178,Egor,Zamula,D,14,,,,,,,,,,,0,4,4,2.0,,2,0.0,0.0,0.0,0.0,0.0,8.0,0.0,803.1429,17.4286,0.0
2022,PHI,8481521,Ronnie,Attard,D,2,,,,,,,,,,,0,0,0,0.0,,2,0.0,0.0,0.0,0.0,0.0,5.0,0.0,1004.5,22.0,0.0
2022,PHI,8481546,Cam,York,D,54,,,,,,,,,,,2,18,20,18.0,,2,-1.0,0.0,0.0,0.0,0.0,42.0,0.047619,1178.7407,24.2222,0.0
2022,PHI,8482159,Tyson,Foerster,R,8,,,,,,,,,,,3,4,7,8.0,,2,2.0,0.0,0.0,0.0,0.0,15.0,0.2,994.0,21.125,0.0
2022,PHI,8482452,Elliot,Desnoyers,L,4,,,,,,,,,,,0,0,0,0.0,,2,-2.0,0.0,0.0,0.0,0.0,3.0,0.0,802.0,17.5,0.363636
2022,PHI,8482654,Jackson,Cates,C,5,,,,,,,,,,,0,0,0,0.0,,2,0.0,0.0,0.0,0.0,0.0,4.0,0.0,538.6,13.2,0.473684
2022,PIT,8474682,Dustin,Tokarski,G,4,2.0,1.0,2.0,0.0,3.438392,0.897436,117.0,105.0,12.0,0.0,0,0,0,,12564.0,2,,,,,,,,,,
2022,PIT,8477465,Tristan,Jarry,G,47,47.0,24.0,13.0,7.0,2.898076,0.909477,1414.0,1286.0,128.0,2.0,0,2,2,2.0,159002.0,2,,,,,,,,,,
2022,PIT,8479193,Casey,DeSmith,G,38,33.0,15.0,16.0,4.0,3.165613,0.904553,1142.0,1033.0,109.0,0.0,0,0,0,2.0,123957.0,2,,,,,,,,,,
2022,PIT,8470604,Jeff,Carter,C,79,,,,,,,,,,,13,16,29,30.0,,2,-16.0,4.0,0.0,2.0,1.0,139.0,0.093525,822.3797,20.2405,0.593817
2022,PIT,8471215,Evgeni,Malkin,C,82,,,,,,,,,,,27,56,83,82.0,,2,-12.0,11.0,0.0,3.0,0.0,240.0,0.1125,1114.8293,20.9634,0.492991
2022,PIT,8471675,Sidney,Crosby,C,82,,,,,,,,,,,33,60,93,52.0,,2,8.0,9.0,0.0,9.0,1.0,255.0,0.129412,1208.6098,23.7195,0.529794
2022,PIT,8471724,Kris,Letang,D,64,,,,,,,,,,,12,29,41,30.0,,2,-13.0,6.0,1.0,3.0,3.0,161.0,0.074534,1491.4531,27.0469,0.0
2022,PIT,8473507,Jeff,Petry,D,61,,,,,,,,,,,5,26,31,24.0,,2,2.0,2.0,0.0,0.0,0.0,113.0,0.044248,1340.5902,26.3934,0.0
2022,PIT,8474009,Nick,Bonino,C,3,,,,,,,,,,,0,0,0,0.0,,2,1.0,0.0,0.0,0.0,0.0,3.0,0.0,590.0,16.6667,0.444444
2022,PIT,8475179,Dmitry,Kulikov,D,6,,,,,,,,,,,0,1,1,4.0,,2,-2.0,0.0,0.0,0.0,0.0,4.0,0.0,720.3333,17.1667,0.0
2022,PIT,8475208,Brian,Dumoulin,D,82,,,,,,,,,,,1,24,25,16.0,,2,-4.0,0.0,0.0,0.0,0.0,82.0,0.012195,1238.4512,26.5732,0.0
2022,PIT,8475722,Jason,Zucker,L,78,,,,,,,,,,,27,21,48,47.0,,2,-4.0,2.0,0.0,5.0,1.0,197.0,0.137056,939.359,20.0769,0.266667
2022,PIT,8475798,Mikael,Granlund,C,21,,,,,,,,,,,1,4,5,8.0,,2,1.0,0.0,0.0,0.0,0.0,38.0,0.026316,935.3333,21.9524,0.480392
2022,PIT,8475810,Bryan,Rust,R,81,,,,,,,,,,,20,26,46,31.0,,2,-4.0,2.0,0.0,2.0,1.0,211.0,0.094787,1073.9753,23.716,0.5
2022,PIT,8476166,Taylor,Fedun,D,4,,,,,,,,,,,0,0,0,0.0,,2,0.0,0.0,0.0,0.0,0.0,5.0,0.0,664.0,16.5,0.0
2022,PIT,8476326,Josh,Archibald,R,62,,,,,,,,,,,6,6,12,43.0,,2,6.0,0.0,0.0,0.0,0.0,71.0,0.084507,598.6129,15.6613,0.25
2022,PIT,8476483,Rickard,Rakell,R,82,,,,,,,,,,,28,32,60,16.0,,2,-5.0,11.0,0.0,2.0,0.0,243.0,0.115226,1106.2683,21.8415,0.47619
2022,PIT,8476927,Teddy,Blueger,C,45,,,,,,,,,,,2,8,10,16.0,,2,-7.0,0.0,0.0,1.0,0.0,62.0,0.032258,766.0889,18.4889,0.501266
2022,PIT,8476934,Brock,McGinn,L,60,,,,,,,,,,,10,6,16,21.0,,2,0.0,0.0,2.0,3.0,0.0,77.0,0.12987,791.3833,19.6333,0.285714
2022,PIT,8477244,Chad,Ruhwedel,D,47,,,,,,,,,,,1,4,5,18.0,,2,-4.0,0.0,0.0,0.0,0.0,36.0,0.027778,874.1064,20.4468,0.0
2022,PIT,8477404,Jake,Guentzel,C,78,,,,,,,,,,,36,37,73,46.0,,2,2.0,11.0,0.0,6.0,1.0,244.0,0.147541,1206.9615,23.5385,0.5
2022,PIT,8477953,Kasperi,Kapanen,R,43,,,,,,,,,,,7,13,20,8.0,,2,-8.0,3.0,0.0,2.0,0.0,69.0,0.101449,722.4186,17.093,0.266667
2022,PIT,8477969,Marcus,Pettersson,D,68,,,,,,,,,,,1,23,24,58.0,,2,4.0,0.0,0.0,0.0,0.0,96.0,0.010417,1235.0294,25.7206,0.0
2022,PIT,8478017,Mark,Friedman,D,23,,,,,,,,,,,1,2,3,15.0,,2,2.0,0.0,0.0,0.0,0.0,36.0,0.027778,867.0,21.087,0.0
2022,PIT,8478046,Danton,Heinen,L,65,,,,,,,,,,,8,14,22,12.0,,2,-5.0,1.0,0.0,0.0,0.0,96.0,0.083333,645.4462,15.1385,0.4
2022,PIT,8479423,Alex,Nylander,L,9,,,,,,,,,,,1,1,2,6.0,,2,1.0,0.0,0.0,0.0,0.0,11.0,0.090909,738.4444,16.6667,0.5
2022,PIT,8479465,Drake,Caggiula,L,4,,,,,,,,,,,0,0,0,0.0,,2,-1.0,0.0,0.0,0.0,0.0,2.0,0.0,396.0,9.75,0.0
2022,PIT,8480058,Pierre-Olivier,Joseph,D,75,,,,,,,,,,,5,16,21,44.0,,2,8.0,1.0,0.0,1.0,0.0,108.0,0.046296,914.9467,21.12,0.0
2022,PIT,8480068,Ryan,Poehling,C,53,,,,,,,,,,,7,7,14,8.0,,2,-2.0,0.0,2.0,0.0,0.0,64.0,0.109375,706.2453,18.4528,0.452555
2022,PIT,8480172,Jan,Rutta,D,56,,,,,,,,,,,3,6,9,30.0,,2,3.0,0.0,0.0,0.0,0.0,64.0,0.046875,1027.2143,23.0893,0.0
2022,PIT,8480836,Jonathan,Gruden,L,3,,,,,,,,,,,0,0,0,0.0,,2,0.0,0.0,0.0,0.0,0.0,0.0,0.0,319.6667,8.6667,0.357143
2022,PIT,8480842,Filip,Hallander,C,2,,,,,,,,,,,0,0,0,0.0,,2,0.0,0.0,0.0,0.0,0.0,0.0,0.0,598.0,15.5,0.0
2022,PIT,8480883,Ty,Smith,D,9,,,,,,,,,,,1,3,4,4.0,,2,3.0,0.0,0.0,0.0,0.0,27.0,0.037037,1212.1111,21.3333,0.0
2022,PIT,8481591,Samuel,Poulin,R,3,,,,,,,,,,,0,1,1,2.0,,2,-3.0,0.0,0.0,0.0,0.0,2.0,0.0,598.0,13.3333,0.470588
2022,PIT,8482055,Drew,O'Connor,L,46,,,,,,,,,,,5,6,11,12.0,,2,-3.0,0.0,0.0,0.0,0.0,62.0,0.080645,588.9348,14.0652,0.461538
2022,SEA,8474889,Martin,Jones,G,48,42.0,27.0,13.0,3.0,2.993544,0.887336,1145.0,1016.0,131.0,3.0,0,0,0,,157539.0,2,,,,,,,,,,
2022,SEA,8475831,Philipp,Grubauer,G,39,36.0,17.0,14.0,4.0,2.846606,0.894624,930.0,832.0,98.0,0.0,0,1,1,,123937.0,2,,,,,,,,,,
2022,SEA,8478916,Joey,Daccord,G,5,4.0,2.0,1.0,1.0,3.14347,0.9,130.0,117.0,13.0,0.0,0,0,0,,14888.0,2,,,,,,,,,,
2022,SEA,8474586,Jordan,Eberle,R,82,,,,,,,,,,,20,43,63,34.0,,2,6.0,3.0,0.0,4.0,1.0,177.0,0.112994,1001.061,20.3902,0.441558
2022,SEA,8474602,Justin,Schultz,D,73,,,,,,,,,,,7,27,34,40.0,,2,4.0,1.0,0.0,4.0,1.0,98.0,0.071429,1067.3699,23.7808,0.0
2022,SEA,8475768,Jaden,Schwartz,L,71,,,,,,,,,,,21,19,40,22.0,,2,-17.0,6.0,0.0,2.0,0.0,167.0,0.125749,1045.3944,21.7324,0.464968
2022,SEA,8476457,Adam,Larsson,D,82,,,,,,,,,,,8,25,33,47.0,,2,27.0,0.0,1.0,2.0,1.0,143.0,0.055944,1418.3902,27.0488,0.0
2022,SEA,8476467,Jamie,Oleksiak,D,75,,,,,,,,,,,9,16,25,72.0,,2,13.0,0.0,0.0,2.0,0.0,76.0,0.118421,1155.08,24.8,0.0
2022,SEA,8476826,Yanni,Gourde,C,81,,,,,,,,,,,14,34,48,76.0,,2,23.0,3.0,1.0,2.0,1.0,141.0,0.099291,1028.0617,21.5432,0.496914
2022,SEA,8477034,Jaycob,Megna,D,6,,,,,,,,,,,0,0,0,0.0,,2,-3.0,0.0,0.0,0.0,0.0,7.0,0.0,1041.6667,22.6667,0.0
2022,SEA,8477369,Carson,Soucy,D,78,,,,,,,,,,,3,13,16,68.0,,2,18.0,0.0,0.0,0.0,0.0,87.0,0.034483,977.5128,23.141,0.0
2022,SEA,8477401,John,Hayden,C,7,,,,,,,,,,,2,0,2,7.0,,2,2.0,0.0,0.0,0.0,0.0,9.0,0.222222,474.7143,11.2857,0.0
2022,SEA,8477416,Oliver,Bjorkstrand,R,81,,,,,,,,,,,20,25,45,16.0,,2,-1.0,5.0,0.0,1.0,1.0,198.0,0.10101,937.4074,19.1235,0.305085
2022,SEA,8477444,Andre,Burakovsky,L,49,,,,,,,,,,,13,26,39,14.0,,2,-9.0,4.0,0.0,3.0,2.0,105.0,0.12381,993.2245,19.8776,0.0
2022,SEA,8477467,Gustav,Olofsson,D,3,,,,,,,,,,,0,0,0,0.0,,2,1.0,0.0,0.0,0.0,0.0,6.0,0.0,776.0,18.6667,0.0
2022,SEA,8477505,Alexander,Wennberg,C,82,,,,,,,,,,,13,25,38,20.0,,2,-7.0,4.0,0.0,3.0,0.0,101.0,0.128713,1121.6098,23.6463,0.456
2022,SEA,8477955,Jared,McCann,L,79,,,,,,,,,,,40,30,70,14.0,,2,18.0,7.0,3.0,3.0,0.0,210.0,0.190476,980.3544,21.0886,0.333333
2022,SEA,8477987,Ryan,Donato,C,71,,,,,,,,,,,14,13,27,46.0,,2,16.0,0.0,0.0,0.0,0.0,122.0,0.114754,675.2535,14.6901,0.421769
2022,SEA,8478407,Vince,Dunn,D,81,,,,,,,,,,,14,50,64,55.0,,2,28.0,0.0,0.0,2.0,1.0,149.0,0.09396,1420.1605,26.8765,0.0
2022,SEA,8478466,Daniel,Sprong,R,66,,,,,,,,,,,21,25,46,14.0,,2,13.0,6.0,0.0,3.0,0.0,147.0,0.142857,685.1364,14.197,0.4
2022,SEA,8478840,Will,Borgen,D,82,,,,,,,,,,,3,17,20,47.0,,2,11.0,0.0,0.0,1.0,0.0,76.0,0.039474,981.5854,23.6707,0.0
2022,SEA,8479293,Brandon,Tanev,L,82,,,,,,,,,,,16,19,35,44.0,,2,21.0,0.0,1.0,3.0,0.0,115.0,0.13913,853.2073,20.0366,0.12
2022,SEA,8479985,Cale,Fleury,D,12,,,,,,,,,,,0,1,1,2.0,,2,0.0,0.0,0.0,0.0,0.0,10.0,0.0,798.5,18.1667,0.0
2022,SEA,8479987,Morgan,Geekie,C,69,,,,,,,,,,,9,19,28,24.0,,2,14.0,1.0,0.0,3.0,0.0,81.0,0.111111,627.3043,14.5652,0.491722
2022,SEA,8480009,Eeli,Tolvanen,R,48,,,,,,,,,,,16,11,27,10.0,,2,10.0,4.0,0.0,3.0,0.0,97.0,0.164948,898.6042,18.6458,0.222222
2022,SEA,8480901,Karson,Kuhlman,C,14,,,,,,,,,,,1,2,3,0.0,,2,3.0,0.0,0.0,1.0,0.0,13.0,0.076923,582.2143,14.0,0.0
2022,SEA,8482665,Matty,Beniers,C,80,,,,,,,,,,,24,33,57,2.0,,2,14.0,4.0,0.0,4.0,1.0,148.0,0.162162,1025.525,20.7375,0.422085
2022,SEA,8482834,Jesper,Froden,R,14,,,,,,,,,,,0,4,4,6.0,,2,4.0,0.0,0.0,0.0,0.0,10.0,0.0,599.7857,13.4286,0.0
2022,SEA,8483524,Shane,Wright,C,8,,,,,,,,,,,1,1,2,2.0,,2,4.0,0.0,0.0,0.0,0.0,4.0,0.25,509.0,13.125,0.322581
2022,SEA,8474889,Martin,Jones,G,1,0.0,,,0.0,0.0,1.0,2.0,2.0,0.0,0.0,0,0,0,,1095.0,3,,,,,,,,,,
2022,SEA,8475831,Philipp,Grubauer,G,14,14.0,7.0,7.0,0.0,2.990153,0.902844,422.0,381.0,41.0,0.0,0,0,0,,49362.0,3,,,,,,,,,,
2022,SEA,8474586,Jordan,Eberle,R,14,,,,,,,,,,,6,5,11,6.0,,3,5.0,2.0,0.0,1.0,1.0,31.0,0.193548,1087.0,22.8571,0.558824
2022,SEA,8474602,Justin,Schultz,D,14,,,,,,,,,,,3,7,10,2.0,,3,5.0,1.0,0.0,0.0,0.0,15.0,0.2,954.3571,22.3571,0.0
2022,SEA,8475768,Jaden,Schwartz,L,14,,,,,,,,,,,5,5,10,2.0,,3,-2.0,1.0,0.0,0.0,0.0,41.0,0.121951,1095.2143,24.4286,0.542857
2022,SEA,8476457,Adam,Larsson,D,14,,,,,,,,,,,2,2,4,8.0,,3,2.0,0.0,0.0,0.0,0.0,26.0,0.076923,1510.5,29.5,0.0
2022,SEA,8476467,Jamie,Oleksiak,D,14,,,,,,,,,,,1,2,3,8.0,,3,-6.0,0.0,0.0,0.0,0.0,11.0,0.090909,1265.7857,27.2857,0.0
2022,SEA,8476826,Yanni,Gourde,C,14,,,,,,,,,,,4,9,13,14.0,,3,1.0,0.0,1.0,2.0,1.0,25.0,0.16,1178.0,25.8571,0.465347
2022,SEA,8477369,Carson,Soucy,D,14,,,,,,,,,,,1,1,2,12.0,,3,6.0,0.0,0.0,1.0,0.0,17.0,0.058824,874.5714,22.6429,0.0
2022,SEA,8477416,Oliver,Bjorkstrand,R,14,,,,,,,,,,,4,4,8,0.0,,3,-5.0,0.0,0.0,1.0,0.0,36.0,0.111111,1053.7857,22.9286,0.352941
2022,SEA,8477505,Alexander,Wennberg,C,14,,,,,,,,,,,2,5,7,2.0,,3,-5.0,0.0,0.0,1.0,0.0,13.0,0.153846,1156.7143,26.0714,0.424242
2022,SEA,8477955,Jared,McCann,L,8,,,,,,,,,,,1,2,3,6.0,,3,-1.0,0.0,0.0,0.0,0.0,22.0,0.045455,871.625,20.125,0.5
2022,SEA,8477987,Ryan,Donato,C,14,,,,,,,,,,,0,2,2,12.0,,3,-2.0,0.0,0.0,0.0,0.0,24.0,0.0,544.6429,14.0,0.327586
2022,SEA,8478407,Vince,Dunn,D,14,,,,,,,,,,,1,6,7,22.0,,3,2.0,0.0,0.0,0.0,0.0,27.0,0.037037,1389.9286,28.5714,0.0
2022,SEA,8478466,Daniel,Sprong,R,10,,,,,,,,,,,1,1,2,0.0,,3,-3.0,1.0,0.0,0.0,0.0,20.0,0.05,513.0,11.6,0.5
2022,SEA,8478840,Will,Borgen,D,14,,,,,,,,,,,1,2,3,8.0,,3,-6.0,0.0,0.0,0.0,0.0,10.0,0.1,1060.5,27.2857,0.0
2022,SEA,8479293,Brandon,Tanev,L,14,,,,,,,,,,,1,3,4,4.0,,3,0.0,0.0,1.0,0.0,0.0,13.0,0.076923,804.2143,21.6429,0.2
2022,SEA,8479987,Morgan,Geekie,C,13,,,,,,,,,,,2,2,4,12.0,,3,0.0,0.0,0.0,0.0,0.0,14.0,0.142857,679.0,16.3846,0.45
2022,SEA,8480009,Eeli,Tolvanen,R,14,,,,,,,,,,,3,5,8,6.0,,3,-4.0,0.0,0.0,0.0,0.0,28.0,0.107143,980.0714,22.7857,0.25
2022,SEA,8481789,Tye,Kartye,L,10,,,,,,,,,,,3,2,5,2.0,,3,6.0,0.0,0.0,1.0,0.0,13.0,0.230769,740.7,17.8,0.0
2022,SEA,8482665,Matty,Beniers,C,14,,,,,,,,,,,3,4,7,4.0,,3,6.0,0.0,0.0,0.0,0.0,22.0,0.136364,1067.8571,23.8571,0.388158
2022,SEA,8482834,Jesper,Froden,R,1,,,,,,,,,,,0,0,0,0.0,,3,-1.0,0.0,0.0,0.0,0.0,0.0,0.0,249.0,8.0,0.0
2022,SJS,8473503,James,Reimer,G,43,41.0,12.0,21.0,8.0,3.475177,0.889888,1335.0,1188.0,147.0,3.0,0,0,0,2.0,152280.0,2,,,,,,,,,,
2022,SJS,8477180,Aaron,Dell,G,4,3.0,0.0,3.0,0.0,2.709709,0.912621,103.0,94.0,9.0,0.0,0,0,0,,11957.0,2,,,,,,,,,,
2022,SJS,8478039,Kaapo,Kahkonen,G,37,37.0,9.0,20.0,7.0,3.845696,0.882507,1149.0,1014.0,135.0,1.0,0,0,0,,126375.0,2,,,,,,,,,,
2022,SJS,8480199,Eetu,Makiniemi,G,2,1.0,1.0,0.0,1.0,2.134386,0.90625,32.0,29.0,3.0,0.0,0,0,0,,5060.0,2,,,,,,,,,,
2022,SJS,8471709,Marc-Edouard,Vlasic,D,78,,,,,,,,,,,1,17,18,16.0,,2,-14.0,0.0,0.0,0.0,0.0,67.0,0.014925,1048.2308,22.7821,0.0
2022,SJS,8474009,Nick,Bonino,C,59,,,,,,,,,,,10,9,19,28.0,,2,-6.0,0.0,0.0,0.0,0.0,88.0,0.113636,973.4576,22.7966,0.484634
2022,SJS,8474053,Logan,Couture,C,82,,,,,,,,,,,27,40,67,19.0,,2,-30.0,5.0,1.0,4.0,2.0,198.0,0.136364,1147.8902,25.061,0.474426
2022,SJS,8474578,Erik,Karlsson,D,82,,,,,,,,,,,25,76,101,36.0,,2,-26.0,5.0,0.0,4.0,2.0,209.0,0.119617,1536.9024,25.2073,0.0
2022,SJS,8475461,Andrew,Agozzino,L,4,,,,,,,,,,,1,2,3,0.0,,2,-1.0,0.0,1.0,0.0,0.0,9.0,0.111111,982.25,21.75,1.0
2022,SJS,8476442,Matt,Nieto,L,45,,,,,,,,,,,8,7,15,8.0,,2,-22.0,0.0,0.0,2.0,0.0,70.0,0.114286,938.7556,22.4,0.454545
2022,SJS,8476449,Scott,Harrington,D,28,,,,,,,,,,,1,6,7,8.0,,2,-7.0,0.0,0.0,1.0,0.0,22.0,0.045455,917.5,20.2143,0.0
2022,SJS,8476881,Tomas,Hertl,C,79,,,,,,,,,,,22,41,63,42.0,,2,-36.0,6.0,0.0,1.0,0.0,183.0,0.120219,1156.8734,22.6962,0.548097
2022,SJS,8476884,Derrick,Pouliot,D,8,,,,,,,,,,,0,2,2,6.0,,2,-1.0,0.0,0.0,0.0,0.0,4.0,0.0,1016.75,20.75,0.0
2022,SJS,8476988,Matt,Benning,D,77,,,,,,,,,,,1,23,24,26.0,,2,-18.0,0.0,0.0,0.0,0.0,58.0,0.017241,1186.7143,25.039,0.0
2022,SJS,8477034,Jaycob,Megna,D,48,,,,,,,,,,,1,11,12,21.0,,2,6.0,0.0,0.0,0.0,0.0,49.0,0.020408,1143.25,23.375,0.0
2022,SJS,8477341,Andreas,Johnsson,L,11,,,,,,,,,,,0,3,3,6.0,,2,-6.0,0.0,0.0,0.0,0.0,17.0,0.0,903.0909,19.4545,0.461538
2022,SJS,8478058,CJ,Suess,L,1,,,,,,,,,,,0,0,0,2.0,,2,-1.0,0.0,0.0,0.0,0.0,0.0,0.0,350.0,10.0,0.0
2022,SJS,8478067,Oskar,Lindblom,L,73,,,,,,,,,,,6,9,15,18.0,,2,-16.0,0.0,0.0,0.0,0.0,75.0,0.08,634.4384,16.1781,0.473684
2022,SJS,8478099,Kevin,Labanc,R,72,,,,,,,,,,,15,18,33,36.0,,2,-17.0,2.0,0.0,0.0,0.0,129.0,0.116279,859.5694,19.0139,0.625
2022,SJS,8478414,Timo,Meier,R,57,,,,,,,,,,,31,21,52,25.0,,2,-19.0,13.0,0.0,4.0,1.0,255.0,0.121569,1198.5965,22.7544,0.403846
2022,SJS,8478431,Evgeny,Svechnikov,L,59,,,,,,,,,,,8,6,14,26.0,,2,-6.0,0.0,0.0,0.0,0.0,64.0,0.125,644.8644,15.7119,0.5
2022,SJS,8478904,Steven,Lorentz,C,80,,,,,,,,,,,10,9,19,16.0,,2,-18.0,1.0,1.0,0.0,0.0,111.0,0.09009,710.0,17.125,0.478976
2022,SJS,8479304,Kyle,Criscuolo,C,1,,,,,,,,,,,1,0,1,0.0,,2,0.0,0.0,0.0,1.0,0.0,2.0,0.5,794.0,20.0,1.0
2022,SJS,8479316,Luke,Kunin,C,31,,,,,,,,,,,5,8,13,42.0,,2,-9.0,2.0,0.0,0.0,0.0,58.0,0.086207,925.9032,21.5484,0.416667
2022,SJS,8479393,Noah,Gregor,L,57,,,,,,,,,,,10,7,17,32.0,,2,-9.0,0.0,0.0,1.0,0.0,119.0,0.084034,778.4386,18.1228,0.304348
2022,SJS,8479439,Jacob,MacDonald,D,25,,,,,,,,,,,1,5,6,12.0,,2,-11.0,0.0,0.0,0.0,0.0,46.0,0.021739,989.6,19.32,0.0
2022,SJS,8479591,Michael,Eyssimont,C,20,,,,,,,,,,,3,5,8,34.0,,2,1.0,0.0,0.0,0.0,0.0,67.0,0.044776,890.2,20.8,0.285714
2022,SJS,8479705,Jeffrey,Viel,L,4,,,,,,,,,,,0,0,0,2.0,,2,0.0,0.0,0.0,0.0,0.0,4.0,0.0,550.25,14.0,0.0
2022,SJS,8479981,Jonah,Gadjovich,L,35,,,,,,,,,,,3,4,7,57.0,,2,-3.0,0.0,0.0,0.0,0.0,32.0,0.09375,539.4857,13.2857,0.25
2022,SJS,8479983,Mario,Ferraro,D,72,,,,,,,,,,,4,7,11,24.0,,2,-31.0,0.0,0.0,0.0,0.0,66.0,0.060606,1296.1944,23.5278,0.0
2022,SJS,8480160,Radim,Simek,D,44,,,,,,,,,,,1,2,3,29.0,,2,-13.0,0.0,0.0,0.0,0.0,39.0,0.025641,877.4091,19.9545,0.0
2022,SJS,8480188,Fabian,Zetterlund,L,22,,,,,,,,,,,0,3,3,8.0,,2,-10.0,0.0,0.0,0.0,0.0,37.0,0.0,832.6364,17.8636,0.5
2022,SJS,8480216,Jacob,Peterson,C,11,,,,,,,,,,,2,6,8,4.0,,2,-10.0,2.0,0.0,0.0,0.0,20.0,0.1,1074.2727,21.9091,0.5
2022,SJS,8480822,Martin,Kaut,R,9,,,,,,,,,,,3,2,5,0.0,,2,-2.0,1.0,0.0,0.0,0.0,20.0,0.15,851.2222,20.5556,0.0
2022,SJS,8481477,Nico,Sturm,C,74,,,,,,,,,,,14,12,26,23.0,,2,-13.0,0.0,1.0,1.0,0.0,119.0,0.117647,883.8108,21.6081,0.557955
2022,SJS,8481567,Henry,Thrun,D,8,,,,,,,,,,,0,2,2,0.0,,2,-3.0,0.0,0.0,0.0,0.0,7.0,0.0,1191.875,23.5,0.0
2022,SJS,8481812,Nikolai,Knyzhov,D,12,,,,,,,,,,,1,0,1,8.0,,2,-13.0,0.0,0.0,0.0,0.0,10.0,0.1,968.6667,21.0,0.0
2022,SJS,8482101,Danil,Gushchin,L,2,,,,,,,,,,,1,1,2,0.0,,2,-1.0,1.0,0.0,0.0,0.0,8.0,0.125,954.5,21.0,0.0
2022,SJS,8482133,Thomas,Bordeleau,C,8,,,,,,,,,,,0,2,2,0.0,,2,-3.0,0.0,0.0,0.0,0.0,9.0,0.0,914.0,18.5,0.25
2022,SJS,8482181,Tristen,Robins,C,3,,,,,,,,,,,0,0,0,0.0,,2,-1.0,0.0,0.0,0.0,0.0,2.0,0.0,822.6667,15.0,0.433333
2022,SJS,8482197,Adam,Raska,R,3,,,,,,,,,,,0,0,0,0.0,,2,0.0,0.0,0.0,0.0,0.0,1.0,0.0,715.0,15.0,0.0
2022,SJS,8482222,Alexander,Barabanov,L,68,,,,,,,,,,,15,32,47,20.0,,2,-30.0,3.0,0.0,2.0,0.0,120.0,0.125,1083.1912,22.0882,0.333333
2022,SJS,8482667,William,Eklund,L,8,,,,,,,,,,,2,1,3,6.0,,2,-5.0,0.0,0.0,0.0,0.0,18.0,0.111111,1190.25,22.625,0.333333
2022,SJS,8482824,Nick,Cicek,D,16,,,,,,,,,,,0,4,4,15.0,,2,-7.0,0.0,0.0,0.0,0.0,3.0,0.0,865.0,19.375,0.0
2022,STL,8471306,Thomas,Greiss,G,21,16.0,7.0,10.0,0.0,3.635194,0.896166,626.0,561.0,66.0,1.0,0,0,0,,65361.0,2,,,,,,,,,,
2022,STL,8476412,Jordan,Binnington,G,61,60.0,27.0,27.0,6.0,3.310531,0.893757,1826.0,1632.0,194.0,2.0,0,2,2,19.0,210963.0,2,,,,,,,,,,
2022,STL,8480981,Joel,Hofer,G,6,6.0,3.0,1.0,1.0,3.215635,0.905028,179.0,162.0,17.0,0.0,0,0,0,,19032.0,2,,,,,,,,,,
2022,STL,8474145,Robert,Bortuzzo,D,43,,,,,,,,,,,2,3,5,29.0,,2,9.0,0.0,0.0,0.0,0.0,30.0,0.066667,754.0,20.4419,0.0
2022,STL,8474618,Marco,Scandella,D,20,,,,,,,,,,,1,1,2,6.0,,2,2.0,0.0,0.0,0.0,0.0,17.0,0.058824,1070.1,25.4,0.0
2022,STL,8475158,Ryan,O'Reilly,C,40,,,,,,,,,,,12,7,19,10.0,,2,-24.0,1.0,1.0,3.0,1.0,80.0,0.15,1103.625,23.4,0.541491
2022,STL,8475170,Brayden,Schenn,C,82,,,,,,,,,,,21,44,65,50.0,,2,-27.0,6.0,0.0,3.0,1.0,144.0,0.145833,1105.7561,22.0244,0.465483
2022,STL,8475181,Nick,Leddy,D,78,,,,,,,,,,,2,21,23,20.0,,2,4.0,0.0,0.0,1.0,0.0,79.0,0.025316,1267.4872,27.6282,0.0
2022,STL,8475752,Tyler,Pitlick,C,61,,,,,,,,,,,7,9,16,14.0,,2,-1.0,0.0,0.0,0.0,0.0,54.0,0.12963,604.541,13.6557,0.5
2022,STL,8475753,Justin,Faulk,D,82,,,,,,,,,,,11,39,50,34.0,,2,-4.0,2.0,0.0,3.0,1.0,196.0,0.056122,1402.6341,30.061,0.0
2022,STL,8475765,Vladimir,Tarasenko,R,38,,,,,,,,,,,10,19,29,8.0,,2,-18.0,2.0,1.0,0.0,0.0,103.0,0.097087,1051.0526,21.7632,0.0
2022,STL,8476410,Josh,Leivo,L,51,,,,,,,,,,,4,12,16,25.0,,2,0.0,0.0,0.0,0.0,0.0,91.0,0.043956,713.4706,15.1961,0.428571
2022,STL,8476438,Brandon,Saad,L,71,,,,,,,,,,,19,18,37,12.0,,2,-8.0,2.0,2.0,1.0,0.0,127.0,0.149606,999.2958,20.6761,0.5
2022,STL,8476792,Torey,Krug,D,63,,,,,,,,,,,7,25,32,49.0,,2,-26.0,4.0,0.0,1.0,0.0,126.0,0.055556,1115.0159,24.2857,0.0
2022,STL,8476892,Colton,Parayko,D,79,,,,,,,,,,,4,23,27,30.0,,2,-19.0,0.0,0.0,1.0,0.0,133.0,0.030075,1380.1646,30.1266,0.0
2022,STL,8477402,Pavel,Buchnevich,L,63,,,,,,,,,,,26,41,67,36.0,,2,14.0,8.0,0.0,2.0,0.0,123.0,0.211382,1167.1746,23.2698,0.299065
2022,STL,8477463,Steven,Santini,D,4,,,,,,,,,,,0,1,1,2.0,,2,0.0,0.0,0.0,0.0,0.0,5.0,0.0,750.5,19.25,0.0
2022,STL,8477573,Nathan,Walker,L,56,,,,,,,,,,,2,8,10,25.0,,2,10.0,0.0,0.0,1.0,0.0,43.0,0.046512,617.0357,13.4643,0.536723
2022,STL,8477944,Jakub,Vrana,L,20,,,,,,,,,,,10,4,14,10.0,,2,2.0,4.0,0.0,2.0,1.0,56.0,0.178571,910.0,18.15,0.25
2022,STL,8477953,Kasperi,Kapanen,R,23,,,,,,,,,,,8,6,14,10.0,,2,0.0,0.0,1.0,3.0,1.0,47.0,0.170213,1005.4348,20.9565,0.40625
2022,STL,8477964,Ivan,Barbashev,L,59,,,,,,,,,,,10,19,29,36.0,,2,-10.0,0.0,0.0,1.0,0.0,91.0,0.10989,984.2034,19.678,0.380597
2022,STL,8478104,Sammy,Blais,L,31,,,,,,,,,,,9,11,20,22.0,,2,3.0,0.0,0.0,1.0,0.0,39.0,0.230769,875.5161,18.0645,1.0
2022,STL,8478146,Matthew,Highmore,C,2,,,,,,,,,,,0,0,0,0.0,,2,1.0,0.0,0.0,0.0,0.0,2.0,0.0,645.0,14.0,0.0
2022,STL,8478569,Noel,Acciari,C,54,,,,,,,,,,,10,8,18,10.0,,2,-6.0,0.0,0.0,1.0,0.0,74.0,0.135135,874.6481,18.3889,0.535019
2022,STL,8478859,Niko,Mikkola,D,50,,,,,,,,,,,0,3,3,35.0,,2,2.0,0.0,0.0,0.0,0.0,31.0,0.0,998.52,24.64,0.0
2022,STL,8479366,Logan,Brown,C,30,,,,,,,,,,,2,4,6,8.0,,2,-4.0,0.0,0.0,0.0,0.0,18.0,0.111111,624.2,13.3,0.345238
2022,STL,8479375,William,Bitten,C,4,,,,,,,,,,,0,1,1,0.0,,2,1.0,0.0,0.0,0.0,0.0,0.0,0.0,398.75,10.0,0.0
2022,STL,8479385,Jordan,Kyrou,R,79,,,,,,,,,,,37,36,73,22.0,,2,-38.0,11.0,0.0,5.0,1.0,272.0,0.136029,1080.2152,21.2152,0.357143
2022,STL,8480023,Robert,Thomas,C,73,,,,,,,,,,,18,47,65,22.0,,2,-8.0,5.0,1.0,2.0,1.0,106.0,0.169811,1160.6027,22.726,0.529075
2022,STL,8480041,Dmitri,Samorukov,D,2,,,,,,,,,,,0,0,0,2.0,,2,-1.0,0.0,0.0,0.0,0.0,1.0,0.0,892.5,19.5,0.0
2022,STL,8480157,Calle,Rosen,D,49,,,,,,,,,,,8,10,18,8.0,,2,19.0,0.0,0.0,2.0,0.0,62.0,0.129032,936.0816,22.1224,0.0
2022,STL,8480281,Alexey,Toropchenko,R,69,,,,,,,,,,,10,9,19,12.0,,2,6.0,0.0,1.0,0.0,0.0,86.0,0.116279,724.5797,15.6232,0.25
2022,STL,8481006,Tyler,Tucker,D,26,,,,,,,,,,,1,3,4,31.0,,2,-9.0,0.0,0.0,0.0,0.0,21.0,0.047619,878.5,20.5,0.0
2022,STL,8481070,Hugh,McGing,L,1,,,,,,,,,,,0,0,0,0.0,,2,0.0,0.0,0.0,0.0,0.0,0.0,0.0,577.0,15.0,0.0
2022,STL,8481543,Nikita,Alexandrov,C,28,,,,,,,,,,,3,4,7,8.0,,2,0.0,0.0,0.0,0.0,0.0,28.0,0.107143,588.7857,13.3214,0.353333
2022,STL,8482089,Jake,Neighbours,L,43,,,,,,,,,,,6,4,10,24.0,,2,-19.0,1.0,0.0,1.0,0.0,53.0,0.113208,745.6512,15.907,0.368421
2022,STL,8482516,Matthew,Kessel,D,2,,,,,,,,,,,0,0,0,0.0,,2,-1.0,0.0,0.0,0.0,0.0,3.0,0.0,909.5,20.0,0.0
2022,TOR,8476899,Matt,Murray,G,26,26.0,14.0,8.0,2.0,3.013913,0.90276,761.0,687.0,74.0,1.0,0,0,0,,88390.0,2,,,,,,,,,,
2022,TOR,8478492,Ilya,Samsonov,G,42,40.0,27.0,10.0,5.0,2.326705,0.918919,1184.0,1088.0,96.0,4.0,0,2,2,,148536.0,2,,,,,,,,,,
2022,TOR,8478902,Erik,Kallgren,G,10,9.0,3.0,2.0,4.0,2.67062,0.898374,246.0,221.0,25.0,0.0,0,0,0,,33700.0,2,,,,,,,,,,
2022,TOR,8479361,Joseph,Woll,G,7,7.0,6.0,1.0,0.0,2.16121,0.931507,219.0,204.0,15.0,0.0,0,0,0,,24986.0,2,,,,,,,,,,
2022,TOR,8483183,Jett,Alexander,G,1,0.0,,,0.0,0.0,0.0,0.0,0.0,0.0,0.0,0,0,0,,70.0,2,,,,,,,,,,
2022,TOR,8470966,Mark,Giordano,D,78,,,,,,,,,,,4,20,24,53.0,,2,27.0,0.0,1.0,1.0,0.0,107.0,0.037383,1137.0256,24.5641,0.0
2022,TOR,8474162,Jake,Muzzin,D,4,,,,,,,,,,,0,1,1,2.0,,2,0.0,0.0,0.0,0.0,0.0,8.0,0.0,1002.75,23.75,0.0
2022,TOR,8474190,Wayne,Simmonds,R,18,,,,,,,,,,,0,2,2,49.0,,2,1.0,0.0,0.0,0.0,0.0,9.0,0.0,446.9444,11.6111,1.0
2022,TOR,8474568,Luke,Schenn,D,15,,,,,,,,,,,1,0,1,13.0,,2,-1.0,0.0,0.0,0.0,0.0,13.0,0.076923,798.0,18.0,0.0
2022,TOR,8474673,TJ,Brodie,D,58,,,,,,,,,,,2,12,14,14.0,,2,10.0,0.0,0.0,0.0,0.0,58.0,0.034483,1273.0517,25.8103,0.0
2022,TOR,8474818,Jordie,Benn,D,12,,,,,,,,,,,1,1,2,12.0,,2,-1.0,0.0,0.0,1.0,0.0,13.0,0.076923,948.0833,21.8333,0.0
2022,TOR,8475158,Ryan,O'Reilly,C,13,,,,,,,,,,,4,7,11,6.0,,2,3.0,0.0,0.0,1.0,0.0,22.0,0.181818,992.3846,22.1538,0.619565
2022,TOR,8475160,Kyle,Clifford,L,2,,,,,,,,,,,0,1,1,2.0,,2,1.0,0.0,0.0,0.0,0.0,2.0,0.0,474.5,12.0,0.0
2022,TOR,8475166,John,Tavares,C,80,,,,,,,,,,,36,44,80,34.0,,2,-7.0,18.0,0.0,9.0,1.0,277.0,0.129964,1059.3875,20.9,0.583133
2022,TOR,8475714,Calle,Jarnkrok,C,73,,,,,,,,,,,20,19,39,14.0,,2,9.0,3.0,1.0,2.0,0.0,106.0,0.188679,862.9452,20.6301,0.446809
2022,TOR,8475718,Justin,Holl,D,80,,,,,,,,,,,2,16,18,39.0,,2,15.0,0.0,0.0,1.0,0.0,60.0,0.033333,1214.4875,25.5875,0.0
2022,TOR,8476853,Morgan,Rielly,D,65,,,,,,,,,,,4,37,41,21.0,,2,-9.0,1.0,0.0,1.0,0.0,126.0,0.031746,1302.2462,25.3692,0.0
2022,TOR,8476931,Jake,McCabe,D,21,,,,,,,,,,,1,4,5,29.0,,2,12.0,0.0,0.0,0.0,0.0,29.0,0.034483,1168.1905,24.9524,0.0
2022,TOR,8476979,Erik,Gustafsson,D,9,,,,,,,,,,,0,4,4,2.0,,2,0.0,0.0,0.0,0.0,0.0,8.0,0.0,945.2222,19.4444,0.0
2022,TOR,8477021,Alexander,Kerfoot,C,82,,,,,,,,,,,10,22,32,30.0,,2,8.0,2.0,1.0,1.0,0.0,133.0,0.075188,877.1341,19.622,0.448276
2022,TOR,8477939,William,Nylander,R,82,,,,,,,,,,,40,47,87,28.0,,2,10.0,9.0,0.0,5.0,3.0,293.0,0.136519,1112.5244,21.3049,0.423729
2022,TOR,8477979,Nicolas,Aube-Kubel,R,6,,,,,,,,,,,0,0,0,4.0,,2,-1.0,0.0,0.0,0.0,0.0,2.0,0.0,544.6667,13.1667,0.0
2022,TOR,8478043,Sam,Lafferty,C,19,,,,,,,,,,,2,4,6,9.0,,2,-1.0,0.0,0.0,0.0,0.0,19.0,0.105263,795.4211,18.8947,0.432836
2022,TOR,8478047,Michael,Bunting,L,82,,,,,,,,,,,23,26,49,103.0,,2,21.0,7.0,0.0,4.0,0.0,174.0,0.132184,947.8171,19.3415,0.5
2022,TOR,8478115,Pierre,Engvall,L,58,,,,,,,,,,,12,9,21,25.0,,2,1.0,1.0,0.0,3.0,0.0,100.0,0.12,787.9828,17.2241,0.517241
2022,TOR,8478211,Dryden,Hunt,L,9,,,,,,,,,,,1,0,1,9.0,,2,-2.0,0.0,0.0,0.0,0.0,6.0,0.166667,506.1111,12.4444,0.0
2022,TOR,8478483,Mitch,Marner,R,80,,,,,,,,,,,30,69,99,28.0,,2,18.0,9.0,4.0,4.0,2.0,196.0,0.153061,1276.575,24.1125,0.0
2022,TOR,8478569,Noel,Acciari,C,23,,,,,,,,,,,4,1,5,11.0,,2,2.0,0.0,0.0,1.0,0.0,28.0,0.142857,821.4783,17.8261,0.553571
2022,TOR,8478843,Denis,Malgin,C,23,,,,,,,,,,,2,2,4,4.0,,2,-1.0,0.0,0.0,0.0,0.0,46.0,0.043478,697.1739,15.7826,0.5
2022,TOR,8479315,Joey,Anderson,R,14,,,,,,,,,,,2,1,3,0.0,,2,1.0,0.0,0.0,0.0,0.0,13.0,0.153846,574.6429,14.2143,0.0
2022,TOR,8479318,Auston,Matthews,C,74,,,,,,,,,,,40,45,85,20.0,,2,31.0,13.0,0.0,8.0,0.0,327.0,0.122324,1216.7027,22.1757,0.524309
2022,TOR,8479376,Victor,Mete,D,11,,,,,,,,,,,0,2,2,4.0,,2,3.0,0.0,0.0,0.0,0.0,7.0,0.0,784.3636,19.0909,0.0
2022,TOR,8479944,Zachary,Aston-Reese,L,77,,,,,,,,,,,10,4,14,25.0,,2,-6.0,0.0,0.0,2.0,0.0,89.0,0.11236,655.6623,15.961,0.5
2022,TOR,8479982,Conor,Timmins,D,25,,,,,,,,,,,2,12,14,8.0,,2,1.0,0.0,0.0,1.0,0.0,16.0,0.125,936.72,20.84,0.0
2022,TOR,8480043,Timothy,Liljegren,D,67,,,,,,,,,,,6,12,18,30.0,,2,24.0,0.0,1.0,0.0,0.0,84.0,0.071429,1074.5075,23.7463,0.0
2022,TOR,8480144,David,Kampf,C,82,,,,,,,,,,,7,20,27,8.0,,2,6.0,0.0,0.0,1.0,0.0,107.0,0.065421,918.4512,20.5366,0.515257
2022,TOR,8480439,Mac,Hollowell,D,6,,,,,,,,,,,0,2,2,2.0,,2,3.0,0.0,0.0,0.0,0.0,4.0,0.0,776.1667,18.8333,0.0
2022,TOR,8480820,Filip,Kral,D,2,,,,,,,,,,,0,0,0,2.0,,2,0.0,0.0,0.0,0.0,0.0,1.0,0.0,597.5,14.5,0.0
2022,TOR,8480873,Rasmus,Sandin,D,52,,,,,,,,,,,4,16,20,23.0,,2,10.0,0.0,0.0,0.0,0.0,58.0,0.068966,1079.3269,22.5,0.0
2022,TOR,8480977,Semyon,Der-Arguchintsev,C,1,,,,,,,,,,,0,0,0,0.0,,2,1.0,0.0,0.0,0.0,0.0,0.0,0.0,436.0,10.0,0.0
2022,TOR,8480995,Pontus,Holmberg,R,37,,,,,,,,,,,5,8,13,18.0,,2,0.0,1.0,0.0,2.0,0.0,27.0,0.185185,625.1892,14.1622,0.424658
2022,TOR,8481582,Nick,Robertson,L,15,,,,,,,,,,,2,3,5,0.0,,2,2.0,0.0,0.0,1.0,1.0,27.0,0.074074,653.0667,15.8667,0.666667
2022,TOR,8481720,Nick,Abruzzese,C,2,,,,,,,,,,,0,2,2,0.0,,2,1.0,0.0,0.0,0.0,0.0,2.0,0.0,538.5,15.0,0.0
2022,TOR,8482241,Radim,Zohorna,L,2,,,,,,,,,,,1,0,1,0.0,,2,1.0,0.0,0.0,0.0,0.0,6.0,0.166667,552.0,13.0,0.0
2022,TOR,8482259,Bobby,McMann,C,10,,,,,,,,,,,0,1,1,2.0,,2,-2.0,0.0,0.0,0.0,0.0,18.0,0.0,634.3,14.4,0.5
2022,TOR,8482634,Alex,Steeves,C,3,,,,,,,,,,,0,0,0,0.0,,2,-2.0,0.0,0.0,0.0,0.0,3.0,0.0,470.6667,13.0,0.0
2022,TOR,8482720,Matthew,Knies,L,3,,,,,,,,,,,0,1,1,2.0,,2,1.0,0.0,0.0,0.0,0.0,4.0,0.0,786.6667,18.0,0.0
2022,TOR,8478492,Ilya,Samsonov,G,9,9.0,4.0,4.0,0.0,3.131586,0.898039,255.0,229.0,26.0,0.0,0,0,0,,29889.0,3,,,,,,,,,,
2022,TOR,8479361,Joseph,Woll,G,4,2.0,1.0,2.0,0.0,2.425262,0.914894,94.0,86.0,8.0,0.0,0,0,0,,11875.0,3,,,,,,,,,,
2022,TOR,8470966,Mark,Giordano,D,11,,,,,,,,,,,0,2,2,7.0,,3,-7.0,0.0,0.0,0.0,0.0,14.0,0.0,893.3636,22.6364,0.0
2022,TOR,8474568,Luke,Schenn,D,11,,,,,,,,,,,0,1,1,11.0,,3,8.0,0.0,0.0,0.0,0.0,14.0,0.0,1047.0,25.4545,0.0
2022,TOR,8474673,TJ,Brodie,D,11,,,,,,,,,,,0,3,3,12.0,,3,-3.0,0.0,0.0,0.0,0.0,9.0,0.0,1400.1818,30.0,0.0
2022,TOR,8475158,Ryan,O'Reilly,C,11,,,,,,,,,,,3,6,9,5.0,,3,-3.0,2.0,0.0,0.0,0.0,21.0,0.142857,1189.2727,25.0909,0.537572
2022,TOR,8475166,John,Tavares,C,11,,,,,,,,,,,4,4,8,4.0,,3,-1.0,1.0,0.0,1.0,1.0,44.0,0.090909,1123.5455,22.8182,0.630769
2022,TOR,8475714,Calle,Jarnkrok,C,11,,,,,,,,,,,1,2,3,0.0,,3,1.0,0.0,0.0,0.0,0.0,10.0,0.1,866.7273,22.3636,0.428571
2022,TOR,8475718,Justin,Holl,D,8,,,,,,,,,,,0,1,1,11.0,,3,-7.0,0.0,0.0,0.0,0.0,6.0,0.0,1185.25,28.75,0.0
2022,TOR,8476853,Morgan,Rielly,D,11,,,,,,,,,,,4,8,12,6.0,,3,11.0,0.0,0.0,1.0,1.0,24.0,0.166667,1449.0909,29.3636,0.0
2022,TOR,8476931,Jake,McCabe,D,11,,,,,,,,,,,0,2,2,10.0,,3,-7.0,0.0,0.0,0.0,0.0,16.0,0.0,1259.6364,28.0,0.0
2022,TOR,8476979,Erik,Gustafsson,D,2,,,,,,,,,,,1,0,1,0.0,,3,0.0,0.0,0.0,0.0,0.0,3.0,0.333333,602.5,15.0,0.0
2022,TOR,8477021,Alexander,Kerfoot,C,11,,,,,,,,,,,2,0,2,4.0,,3,1.0,1.0,0.0,1.0,1.0,13.0,0.153846,850.7273,19.0,0.5
2022,TOR,8477939,William,Nylander,R,11,,,,,,,,,,,4,6,10,2.0,,3,-4.0,2.0,0.0,1.0,0.0,47.0,0.085106,1125.0,25.7273,0.5
2022,TOR,8478043,Sam,Lafferty,C,9,,,,,,,,,,,1,2,3,2.0,,3,-1.0,0.0,0.0,0.0,0.0,8.0,0.125,640.7778,16.2222,0.666667
2022,TOR,8478047,Michael,Bunting,L,7,,,,,,,,,,,1,1,2,15.0,,3,-1.0,0.0,0.0,0.0,0.0,9.0,0.111111,873.4286,19.7143,0.0
2022,TOR,8478483,Mitch,Marner,R,11,,,,,,,,,,,3,11,14,2.0,,3,7.0,1.0,0.0,1.0,0.0,33.0,0.090909,1447.6364,26.8182,0.0
2022,TOR,8478569,Noel,Acciari,C,11,,,,,,,,,,,2,0,2,2.0,,3,-3.0,0.0,0.0,0.0,0.0,7.0,0.285714,897.0,20.2727,0.5
2022,TOR,8479318,Auston,Matthews,C,11,,,,,,,,,,,5,6,11,7.0,,3,2.0,1.0,0.0,0.0,0.0,49.0,0.102041,1372.4545,25.5455,0.529412
2022,TOR,8479944,Zachary,Aston-Reese,L,6,,,,,,,,,,,1,0,1,0.0,,3,-2.0,0.0,0.0,0.0,0.0,4.0,0.25,533.3333,13.6667,0.0
2022,TOR,8480043,Timothy,Liljegren,D,5,,,,,,,,,,,0,0,0,0.0,,3,-1.0,0.0,0.0,0.0,0.0,2.0,0.0,915.8,22.6,0.0
2022,TOR,8480144,David,Kampf,C,11,,,,,,,,,,,0,3,3,4.0,,3,-1.0,0.0,0.0,0.0,0.0,18.0,0.0,845.7273,19.7273,0.553846
2022,TOR,8482720,Matthew,Knies,L,7,,,,,,,,,,,1,3,4,4.0,,3,3.0,0.0,0.0,0.0,0.0,7.0,0.142857,787.4286,18.5714,0.0
2022,TBL,8470880,Brian,Elliott,G,22,22.0,12.0,8.0,2.0,3.39691,0.891147,689.0,614.0,75.0,2.0,0,1,1,,79484.0,2,,,,,,,,,,
2022,TBL,8476883,Andrei,Vasilevskiy,G,60,60.0,34.0,22.0,4.0,2.652638,0.9152,1875.0,1716.0,159.0,4.0,0,2,2,,215785.0,2,,,,,,,,,,
2022,TBL,8470621,Corey,Perry,R,81,,,,,,,,,,,12,13,25,95.0,,2,-28.0,6.0,0.0,3.0,0.0,116.0,0.103448,693.7407,15.321,0.0
2022,TBL,8473986,Alex,Killorn,L,82,,,,,,,,,,,27,37,64,45.0,,2,18.0,3.0,1.0,5.0,2.0,143.0,0.188811,1032.5366,21.2927,0.5
2022,TBL,8474013,Ian,Cole,D,78,,,,,,,,,,,3,14,17,61.0,,2,13.0,0.0,0.0,0.0,0.0,109.0,0.027523,1163.1795,23.4744,0.0
2022,TBL,8474034,Patrick,Maroon,L,80,,,,,,,,,,,5,9,14,150.0,,2,-5.0,0.0,0.0,0.0,0.0,62.0,0.080645,620.6875,13.575,0.166667
2022,TBL,8474564,Steven,Stamkos,C,81,,,,,,,,,,,34,50,84,46.0,,2,-5.0,14.0,0.0,6.0,2.0,240.0,0.141667,1141.2469,21.2593,0.538131
2022,TBL,8474567,Zach,Bogosian,D,46,,,,,,,,,,,1,4,5,42.0,,2,-4.0,0.0,0.0,0.0,0.0,54.0,0.018519,898.5,18.087,1.0
2022,TBL,8475167,Victor,Hedman,D,76,,,,,,,,,,,9,40,49,42.0,,2,10.0,1.0,1.0,1.0,0.0,185.0,0.048649,1423.1447,26.4737,0.0
2022,TBL,8476453,Nikita,Kucherov,R,82,,,,,,,,,,,30,83,113,36.0,,2,-2.0,8.0,0.0,4.0,0.0,271.0,0.110701,1207.939,21.3902,1.0
2022,TBL,8476480,Vladislav,Namestnikov,C,57,,,,,,,,,,,6,9,15,19.0,,2,-2.0,0.0,0.0,0.0,0.0,72.0,0.083333,710.0175,15.8947,0.388489
2022,TBL,8477426,Nick,Paul,L,80,,,,,,,,,,,17,15,32,33.0,,2,11.0,4.0,1.0,4.0,0.0,120.0,0.141667,969.55,20.675,0.537459
2022,TBL,8477930,Pierre-Edouard,Bellemare,L,73,,,,,,,,,,,4,9,13,34.0,,2,-9.0,0.0,0.0,0.0,0.0,51.0,0.078431,676.9726,15.4795,0.522727
2022,TBL,8477938,Haydn,Fleury,D,29,,,,,,,,,,,0,1,1,14.0,,2,-10.0,0.0,0.0,0.0,0.0,33.0,0.0,767.5517,17.6552,0.0
2022,TBL,8478010,Brayden,Point,C,82,,,,,,,,,,,51,44,95,7.0,,2,2.0,20.0,0.0,9.0,1.0,235.0,0.217021,1180.1829,21.2561,0.507299
2022,TBL,8478178,Darren,Raddysh,D,17,,,,,,,,,,,1,2,3,4.0,,2,-4.0,0.0,0.0,0.0,0.0,25.0,0.04,988.8824,20.4118,0.0
2022,TBL,8478416,Erik,Cernak,D,70,,,,,,,,,,,2,14,16,53.0,,2,8.0,0.0,1.0,0.0,0.0,87.0,0.022989,1154.4143,24.3714,0.0
2022,TBL,8478519,Anthony,Cirelli,C,58,,,,,,,,,,,11,18,29,33.0,,2,13.0,1.0,2.0,1.0,0.0,111.0,0.099099,993.6552,21.4828,0.513839
2022,TBL,8478870,Rudolfs,Balcers,L,3,,,,,,,,,,,1,0,1,0.0,,2,1.0,0.0,0.0,0.0,0.0,3.0,0.333333,412.6667,9.3333,0.0
2022,TBL,8479026,Philippe,Myers,D,11,,,,,,,,,,,1,2,3,4.0,,2,0.0,0.0,0.0,0.0,0.0,21.0,0.047619,692.5455,15.7273,0.0
2022,TBL,8479410,Mikhail,Sergachev,D,79,,,,,,,,,,,10,54,64,53.0,,2,13.0,3.0,0.0,2.0,0.0,156.0,0.064103,1428.6582,27.3544,0.0
2022,TBL,8479525,Ross,Colton,C,81,,,,,,,,,,,16,16,32,50.0,,2,-8.0,4.0,0.0,3.0,0.0,153.0,0.104575,741.0741,16.3704,0.560847
2022,TBL,8479542,Brandon,Hagel,L,81,,,,,,,,,,,30,34,64,54.0,,2,23.0,7.0,1.0,3.0,0.0,178.0,0.168539,1118.8148,22.6543,0.283951
2022,TBL,8479591,Michael,Eyssimont,C,15,,,,,,,,,,,1,1,2,22.0,,2,-3.0,0.0,0.0,0.0,0.0,31.0,0.032258,684.9333,15.8667,0.391304
2022,TBL,8479661,Tanner,Jeannot,L,20,,,,,,,,,,,1,3,4,22.0,,2,-6.0,0.0,0.0,0.0,0.0,20.0,0.05,714.85,15.6,0.555556
2022,TBL,8479718,Alex,Barré-Boulet,C,1,,,,,,,,,,,0,0,0,0.0,,2,0.0,0.0,0.0,0.0,0.0,1.0,0.0,601.0,14.0,0.0
2022,TBL,8479984,Cal,Foote,D,26,,,,,,,,,,,1,2,3,28.0,,2,3.0,0.0,0.0,0.0,0.0,21.0,0.047619,852.0,17.3462,0.0
2022,TBL,8480246,Nick,Perbix,D,69,,,,,,,,,,,5,15,20,22.0,,2,11.0,0.0,0.0,2.0,0.0,111.0,0.045045,923.7826,20.6957,0.0
2022,TBL,8480863,Gabriel,Fortier,L,1,,,,,,,,,,,0,0,0,0.0,,2,0.0,0.0,0.0,0.0,0.0,0.0,0.0,505.0,12.0,0.0
2022,TBL,8481043,Cole,Koepke,L,17,,,,,,,,,,,1,0,1,2.0,,2,-5.0,0.0,0.0,0.0,0.0,12.0,0.083333,546.0588,12.9412,0.0
2022,TBL,8476883,Andrei,Vasilevskiy,G,6,6.0,2.0,4.0,0.0,3.55838,0.875,184.0,161.0,23.0,0.0,0,0,0,,23269.0,3,,,,,,,,,,
2022,TBL,8470621,Corey,Perry,R,6,,,,,,,,,,,2,3,5,7.0,,3,1.0,1.0,0.0,0.0,0.0,12.0,0.166667,665.3333,16.5,0.0
2022,TBL,8473986,Alex,Killorn,L,6,,,,,,,,,,,3,2,5,0.0,,3,0.0,1.0,0.0,0.0,0.0,16.0,0.1875,1187.8333,28.5,0.0
2022,TBL,8474013,Ian,Cole,D,6,,,,,,,,,,,1,2,3,4.0,,3,-2.0,0.0,0.0,0.0,0.0,1.0,1.0,1128.1667,24.5,0.0
2022,TBL,8474034,Patrick,Maroon,L,6,,,,,,,,,,,0,1,1,16.0,,3,1.0,0.0,0.0,0.0,0.0,3.0,0.0,594.3333,14.6667,0.0
2022,TBL,8474564,Steven,Stamkos,C,6,,,,,,,,,,,2,2,4,9.0,,3,-2.0,0.0,0.0,0.0,0.0,19.0,0.105263,1150.0,25.3333,0.368421
2022,TBL,8474567,Zach,Bogosian,D,5,,,,,,,,,,,0,1,1,7.0,,3,2.0,0.0,0.0,0.0,0.0,6.0,0.0,767.4,19.8,0.0
2022,TBL,8475167,Victor,Hedman,D,5,,,,,,,,,,,0,3,3,2.0,,3,4.0,0.0,0.0,0.0,0.0,8.0,0.0,1417.6,26.2,0.0
2022,TBL,8476453,Nikita,Kucherov,R,6,,,,,,,,,,,1,5,6,11.0,,3,0.0,1.0,0.0,0.0,0.0,21.0,0.047619,1215.8333,25.1667,0.0
2022,TBL,8477426,Nick,Paul,L,6,,,,,,,,,,,1,0,1,2.0,,3,-1.0,0.0,0.0,1.0,0.0,8.0,0.125,997.1667,23.5,0.589041
2022,TBL,8477930,Pierre-Edouard,Bellemare,L,6,,,,,,,,,,,1,1,2,0.0,,3,0.0,0.0,0.0,0.0,0.0,5.0,0.2,678.8333,18.0,0.603175
2022,TBL,8477938,Haydn,Fleury,D,1,,,,,,,,,,,0,0,0,0.0,,3,0.0,0.0,0.0,0.0,0.0,1.0,0.0,941.0,22.0,0.0
2022,TBL,8478010,Brayden,Point,C,6,,,,,,,,,,,2,2,4,2.0,,3,-2.0,2.0,0.0,1.0,0.0,20.0,0.1,1232.3333,25.0,0.469388
2022,TBL,8478178,Darren,Raddysh,D,6,,,,,,,,,,,1,1,2,2.0,,3,-3.0,0.0,0.0,0.0,0.0,14.0,0.071429,1513.1667,31.1667,0.0
2022,TBL,8478416,Erik,Cernak,D,1,,,,,,,,,,,0,0,0,2.0,,3,0.0,0.0,0.0,0.0,0.0,1.0,0.0,567.0,17.0,0.0
2022,TBL,8478519,Anthony,Cirelli,C,6,,,,,,,,,,,3,3,6,4.0,,3,1.0,0.0,0.0,0.0,0.0,12.0,0.25,1068.6667,29.5,0.444444
2022,TBL,8479410,Mikhail,Sergachev,D,6,,,,,,,,,,,1,2,3,16.0,,3,-4.0,0.0,0.0,0.0,0.0,11.0,0.090909,1615.3333,32.3333,0.0
2022,TBL,8479525,Ross,Colton,C,6,,,,,,,,,,,1,3,4,4.0,,3,0.0,0.0,0.0,0.0,0.0,8.0,0.125,807.6667,20.5,0.25
2022,TBL,8479542,Brandon,Hagel,L,6,,,,,,,,,,,1,4,5,0.0,,3,0.0,0.0,0.0,0.0,0.0,15.0,0.066667,1260.6667,28.5,0.333333
2022,TBL,8479591,Michael,Eyssimont,C,3,,,,,,,,,,,1,1,2,0.0,,3,1.0,0.0,0.0,0.0,0.0,5.0,0.2,612.3333,15.0,0.0
2022,TBL,8479661,Tanner,Jeannot,L,3,,,,,,,,,,,0,0,0,5.0,,3,-2.0,0.0,0.0,0.0,0.0,3.0,0.0,801.6667,20.6667,0.0
2022,TBL,8480246,Nick,Perbix,D,6,,,,,,,,,,,0,3,3,0.0,,3,1.0,0.0,0.0,0.0,0.0,7.0,0.0,1126.5,24.6667,0.0
2022,VAN,8477484,Spencer,Martin,G,29,27.0,11.0,15.0,1.0,3.987122,0.871084,830.0,723.0,107.0,0.0,0,0,0,,96611.0,2,,,,,,,,,,
2022,VAN,8477967,Thatcher,Demko,G,32,32.0,14.0,14.0,4.0,3.162067,0.901493,1005.0,906.0,99.0,1.0,0,1,1,4.0,112711.0,2,,,,,,,,,,
2022,VAN,8480420,Collin,Delia,G,20,18.0,10.0,6.0,2.0,3.275608,0.882129,526.0,464.0,62.0,0.0,0,1,1,,68140.0,2,,,,,,,,,,
2022,VAN,8481668,Arturs,Silovs,G,5,5.0,3.0,2.0,0.0,2.745695,0.907895,152.0,138.0,14.0,0.0,0,0,0,,18356.0,2,,,,,,,,,,
2022,VAN,8474568,Luke,Schenn,D,55,,,,,,,,,,,3,18,21,71.0,,2,9.0,0.0,0.0,0.0,0.0,68.0,0.044118,1031.2727,24.6727,0.0
2022,VAN,8474574,Tyler,Myers,D,78,,,,,,,,,,,1,16,17,76.0,,2,-16.0,0.0,0.0,0.0,0.0,100.0,0.01,1254.3846,26.6795,0.0
2022,VAN,8475171,Oliver,Ekman-Larsson,D,54,,,,,,,,,,,2,20,22,22.0,,2,-24.0,0.0,0.0,0.0,0.0,90.0,0.022222,1210.5556,26.2778,0.0
2022,VAN,8476468,J.T.,Miller,C,81,,,,,,,,,,,32,50,82,60.0,,2,-7.0,11.0,5.0,3.0,1.0,223.0,0.143498,1240.7778,25.1728,0.549661
2022,VAN,8476858,Phillip,Di Giuseppe,L,30,,,,,,,,,,,6,6,12,14.0,,2,-1.0,0.0,0.0,0.0,0.0,71.0,0.084507,874.2667,20.3,0.25
2022,VAN,8476871,Tanner,Pearson,L,14,,,,,,,,,,,1,4,5,21.0,,2,-9.0,0.0,0.0,0.0,0.0,17.0,0.058824,809.6429,20.5,0.388889
2022,VAN,8477335,Kyle,Burroughs,D,48,,,,,,,,,,,2,3,5,62.0,,2,-4.0,0.0,0.0,0.0,0.0,47.0,0.042553,1041.7917,23.3542,0.0
2022,VAN,8477359,Tucker,Poolman,D,3,,,,,,,,,,,0,1,1,0.0,,2,1.0,0.0,0.0,0.0,0.0,3.0,0.0,837.6667,22.6667,0.0
2022,VAN,8477500,Bo,Horvat,C,49,,,,,,,,,,,31,23,54,12.0,,2,3.0,11.0,3.0,4.0,1.0,143.0,0.216783,1248.5918,24.7959,0.560036
2022,VAN,8477508,Curtis,Lazar,C,45,,,,,,,,,,,3,2,5,14.0,,2,-5.0,0.0,0.0,0.0,0.0,54.0,0.055556,729.9333,18.4222,0.51938
2022,VAN,8478057,Dakota,Joshua,C,79,,,,,,,,,,,11,12,23,60.0,,2,-16.0,1.0,1.0,2.0,0.0,71.0,0.15493,691.2911,17.481,0.534884
2022,VAN,8478408,Travis,Dermott,D,11,,,,,,,,,,,1,0,1,2.0,,2,-4.0,0.0,0.0,0.0,0.0,7.0,0.142857,825.0,19.6364,0.0
2022,VAN,8478444,Brock,Boeser,R,74,,,,,,,,,,,18,37,55,24.0,,2,-20.0,6.0,0.0,3.0,0.0,178.0,0.101124,1034.4865,21.2432,0.385965
2022,VAN,8478451,Ethan,Bear,D,61,,,,,,,,,,,3,13,16,25.0,,2,6.0,0.0,0.0,1.0,0.0,75.0,0.04,1111.623,24.6393,0.0
2022,VAN,8478454,Noah,Juulsen,D,12,,,,,,,,,,,0,0,0,6.0,,2,1.0,0.0,0.0,0.0,0.0,5.0,0.0,897.9167,23.0,0.0
2022,VAN,8478463,Anthony,Beauvillier,R,33,,,,,,,,,,,9,11,20,14.0,,2,-6.0,3.0,0.0,3.0,0.0,63.0,0.142857,1018.7273,21.0303,0.230769
2022,VAN,8478465,Guillaume,Brisebois,D,17,,,,,,,,,,,1,2,3,6.0,,2,-2.0,0.0,0.0,0.0,0.0,15.0,0.066667,992.3529,26.5294,0.0
2022,VAN,8478846,Christian,Wolanin,D,16,,,,,,,,,,,0,3,3,4.0,,2,5.0,0.0,0.0,0.0,0.0,16.0,0.0,945.375,21.4375,0.0
2022,VAN,8478856,Conor,Garland,R,81,,,,,,,,,,,17,29,46,31.0,,2,-5.0,2.0,0.0,2.0,1.0,167.0,0.101796,906.8272,20.2469,0.214286
2022,VAN,8478967,Lane,Pederson,C,11,,,,,,,,,,,1,2,3,15.0,,2,3.0,0.0,0.0,0.0,0.0,15.0,0.066667,770.1818,17.4545,0.333333
2022,VAN,8479367,William,Lockwood,R,13,,,,,,,,,,,0,1,1,0.0,,2,-7.0,0.0,0.0,0.0,0.0,12.0,0.0,616.6154,15.0769,0.0
2022,VAN,8479388,Riley,Stillman,D,32,,,,,,,,,,,0,5,5,23.0,,2,-14.0,0.0,0.0,0.0,0.0,29.0,0.0,966.2188,22.25,0.0
2022,VAN,8479425,Filip,Hronek,D,4,,,,,,,,,,,0,1,1,0.0,,2,-1.0,0.0,0.0,0.0,0.0,2.0,0.0,1456.75,30.5,0.0
2022,VAN,8480012,Elias,Pettersson,C,80,,,,,,,,,,,39,63,102,14.0,,2,16.0,6.0,5.0,6.0,3.0,257.0,0.151751,1233.2875,24.65,0.44333
2022,VAN,8480021,Jack,Studnicka,C,47,,,,,,,,,,,4,4,8,12.0,,2,-11.0,0.0,0.0,1.0,0.0,65.0,0.061538,638.9787,15.3404,0.484277
2022,VAN,8480056,Jack,Rathbone,D,11,,,,,,,,,,,1,1,2,2.0,,2,-1.0,0.0,0.0,0.0,0.0,12.0,0.083333,854.0909,19.8182,0.0
2022,VAN,8480326,Sheldon,Dries,C,63,,,,,,,,,,,11,6,17,29.0,,2,-9.0,4.0,1.0,0.0,0.0,94.0,0.117021,691.8571,17.4286,0.498938
2022,VAN,8480800,Quinn,Hughes,D,78,,,,,,,,,,,7,69,76,34.0,,2,15.0,2.0,0.0,0.0,0.0,154.0,0.045455,1539.6667,27.7308,0.0
2022,VAN,8480833,Vitali,Kravtsov,R,16,,,,,,,,,,,1,1,2,4.0,,2,-3.0,1.0,0.0,0.0,0.0,17.0,0.058824,650.25,15.3125,0.0
2022,VAN,8481535,Nils,Hoglander,L,25,,,,,,,,,,,3,6,9,6.0,,2,-4.0,0.0,0.0,0.0,0.0,29.0,0.103448,723.32,17.04,0.5
2022,VAN,8481617,Vasily,Podkolzin,R,39,,,,,,,,,,,4,3,7,9.0,,2,-5.0,0.0,0.0,0.0,0.0,41.0,0.097561,710.2564,16.5897,0.4375
2022,VAN,8481624,Ilya,Mikheyev,R,46,,,,,,,,,,,13,15,28,2.0,,2,3.0,1.0,0.0,2.0,0.0,91.0,0.142857,1014.7391,22.5,0.2
2022,VAN,8481683,Aidan,McDonough,L,6,,,,,,,,,,,1,0,1,2.0,,2,-2.0,0.0,0.0,0.0,0.0,4.0,0.25,558.5,13.6667,1.0
2022,VAN,8482496,Nils,Aman,C,68,,,,,,,,,,,4,12,16,18.0,,2,-12.0,0.0,0.0,1.0,0.0,50.0,0.08,762.1324,18.2206,0.381857
2022,VAN,8482691,Aatu,Räty,C,3,,,,,,,,,,,0,1,1,0.0,,2,-1.0,0.0,0.0,0.0,0.0,0.0,0.0,410.6667,12.3333,0.625
2022,VAN,8483808,Andrei,Kuzmenko,L,81,,,,,,,,,,,39,35,74,8.0,,2,9.0,14.0,0.0,4.0,2.0,143.0,0.272727,974.5062,19.6173,0.0
2022,VAN,8484254,Akito,Hirose,D,7,,,,,,,,,,,0,3,3,4.0,,2,-1.0,0.0,0.0,0.0,0.0,4.0,0.0,1047.8571,23.1429,0.0
2022,VAN,8484287,Cole,McWard,D,5,,,,,,,,,,,1,0,1,0.0,,2,0.0,0.0,0.0,0.0,0.0,6.0,0.166667,852.8,19.0,0.0
2022,VGK,8471734,Jonathan,Quick,G,10,9.0,5.0,2.0,2.0,3.132184,0.900709,282.0,254.0,28.0,1.0,0,0,0,2.0,32182.0,2,,,,,,,,,,
2022,VGK,8476316,Laurent,Brossoit,G,11,10.0,7.0,0.0,3.0,2.169695,0.927445,317.0,294.0,23.0,0.0,0,0,0,,38162.0,2,,,,,,,,,,
2022,VGK,8478499,Adin,Hill,G,27,25.0,16.0,7.0,1.0,2.495135,0.915395,721.0,660.0,62.0,0.0,0,1,1,2.0,89454.0,2,,,,,,,,,,
2022,VGK,8480238,Jiri,Patera,G,2,2.0,2.0,0.0,0.0,2.499998,0.928571,70.0,65.0,5.0,0.0,0,0,0,,7200.0,2,,,,,,,,,,
2022,VGK,8480313,Logan,Thompson,G,37,36.0,21.0,13.0,3.0,2.652707,0.915194,1132.0,1036.0,96.0,2.0,0,0,0,2.0,130282.0,2,,,,,,,,,,
2022,VGK,8473548,Phil,Kessel,R,82,,,,,,,,,,,14,22,36,30.0,,2,-7.0,2.0,0.0,0.0,0.0,149.0,0.09396,768.5244,16.622,0.416667
2022,VGK,8474166,Alec,Martinez,D,77,,,,,,,,,,,3,11,14,29.0,,2,30.0,0.0,1.0,2.0,1.0,76.0,0.039474,1153.4935,23.6234,0.0
2022,VGK,8474565,Alex,Pietrangelo,D,73,,,,,,,,,,,11,43,54,16.0,,2,13.0,1.0,0.0,3.0,1.0,170.0,0.064706,1438.8767,26.9589,1.0
2022,VGK,8475188,Brayden,McNabb,D,82,,,,,,,,,,,1,16,17,51.0,,2,17.0,0.0,0.0,0.0,0.0,89.0,0.011236,1190.622,24.5244,0.0
2022,VGK,8475191,Reilly,Smith,R,78,,,,,,,,,,,26,30,56,16.0,,2,11.0,6.0,4.0,4.0,1.0,180.0,0.144444,1018.1795,21.1154,0.571429
2022,VGK,8475278,Byron,Froese,C,9,,,,,,,,,,,1,1,2,4.0,,2,0.0,0.0,0.0,0.0,0.0,15.0,0.066667,597.6667,14.3333,0.596154
2022,VGK,8475913,Mark,Stone,R,43,,,,,,,,,,,17,21,38,10.0,,2,11.0,3.0,2.0,1.0,0.0,113.0,0.150442,1162.6047,22.1628,0.0
2022,VGK,8476448,William,Karlsson,C,82,,,,,,,,,,,14,39,53,10.0,,2,14.0,2.0,2.0,2.0,0.0,161.0,0.086957,1048.1341,21.2073,0.553415
2022,VGK,8476539,Jonathan,Marchessault,R,76,,,,,,,,,,,28,29,57,21.0,,2,2.0,9.0,0.0,4.0,1.0,234.0,0.119658,1028.4211,19.6579,0.375
2022,VGK,8476905,Chandler,Stephenson,C,81,,,,,,,,,,,16,49,65,26.0,,2,12.0,6.0,1.0,5.0,0.0,120.0,0.133333,1141.0247,22.284,0.580895
2022,VGK,8476927,Teddy,Blueger,C,18,,,,,,,,,,,2,4,6,14.0,,2,-2.0,0.0,0.0,0.0,0.0,23.0,0.086957,795.8333,17.5,0.561111
2022,VGK,8477018,Ben,Hutton,D,31,,,,,,,,,,,3,5,8,6.0,,2,1.0,0.0,0.0,0.0,0.0,52.0,0.057692,959.6452,20.5161,0.0
2022,VGK,8477447,Shea,Theodore,D,55,,,,,,,,,,,8,33,41,18.0,,2,16.0,2.0,0.0,2.0,1.0,136.0,0.058824,1285.9818,24.7818,0.0
2022,VGK,8477478,William,Carrier,L,56,,,,,,,,,,,16,9,25,30.0,,2,15.0,0.0,0.0,7.0,0.0,118.0,0.135593,755.1071,18.3571,0.125
2022,VGK,8477964,Ivan,Barbashev,L,23,,,,,,,,,,,6,10,16,6.0,,2,11.0,2.0,0.0,1.0,0.0,35.0,0.171429,1059.6522,20.8261,0.4
2022,VGK,8478020,Michael,Amadio,R,67,,,,,,,,,,,16,11,27,12.0,,2,2.0,1.0,0.0,2.0,0.0,99.0,0.161616,732.7463,15.2537,0.492063
2022,VGK,8478403,Jack,Eichel,C,67,,,,,,,,,,,27,39,66,6.0,,2,26.0,2.0,0.0,2.0,1.0,223.0,0.121076,1126.0149,20.9552,0.452711
2022,VGK,8478434,Keegan,Kolesar,R,74,,,,,,,,,,,8,10,18,68.0,,2,6.0,0.0,0.0,0.0,0.0,63.0,0.126984,688.4324,16.8108,0.333333
2022,VGK,8478462,Nicolas,Roy,C,65,,,,,,,,,,,14,16,30,24.0,,2,10.0,3.0,0.0,5.0,1.0,101.0,0.138614,977.9077,21.6308,0.480469
2022,VGK,8479353,Brett,Howden,C,54,,,,,,,,,,,6,7,13,55.0,,2,5.0,0.0,0.0,0.0,0.0,53.0,0.113208,783.537,17.5741,0.515419
2022,VGK,8479980,Nicolas,Hague,D,81,,,,,,,,,,,3,14,17,51.0,,2,7.0,0.0,0.0,1.0,1.0,103.0,0.029126,1085.4568,22.5556,0.0
2022,VGK,8479991,Jake,Leschyshyn,C,22,,,,,,,,,,,0,0,0,8.0,,2,-7.0,0.0,0.0,0.0,0.0,23.0,0.0,575.5,14.0455,0.517483
2022,VGK,8480007,Jonas,Rondbjerg,R,13,,,,,,,,,,,0,1,1,4.0,,2,-5.0,0.0,0.0,0.0,0.0,15.0,0.0,610.2308,15.1538,0.333333
2022,VGK,8480727,Zach,Whitecloud,D,59,,,,,,,,,,,5,7,12,41.0,,2,10.0,0.0,0.0,1.0,0.0,64.0,0.078125,1026.6949,21.5085,0.0
2022,VGK,8480776,Sheldon,Rempal,R,1,,,,,,,,,,,0,0,0,0.0,,2,-2.0,0.0,0.0,0.0,0.0,0.0,0.0,464.0,12.0,0.0
2022,VGK,8481032,Paul,Cotter,L,55,,,,,,,,,,,13,5,18,15.0,,2,-5.0,0.0,0.0,1.0,0.0,76.0,0.171053,769.6182,15.7091,0.458333
2022,VGK,8481167,Brayden,Pachal,D,10,,,,,,,,,,,0,2,2,8.0,,2,2.0,0.0,0.0,0.0,0.0,18.0,0.0,997.2,23.0,0.0
2022,VGK,8481527,Kaedan,Korczak,D,10,,,,,,,,,,,0,2,2,0.0,,2,-3.0,0.0,0.0,0.0,0.0,16.0,0.0,1054.1,22.7,0.0
2022,VGK,8481604,Pavel,Dorofeyev,R,18,,,,,,,,,,,7,2,9,6.0,,2,5.0,2.0,0.0,3.0,0.0,40.0,0.175,853.8333,18.0556,0.0
2022,VGK,8482624,Daniil,Miromanov,D,14,,,,,,,,,,,2,4,6,2.0,,2,-6.0,1.0,0.0,0.0,0.0,22.0,0.090909,1022.0714,21.9286,0.0
2022,VGK,8476316,Laurent,Brossoit,G,8,8.0,5.0,2.0,0.0,3.184369,0.893519,216.0,193.0,23.0,0.0,0,0,0,,26002.0,3,,,,,,,,,,
2022,VGK,8478499,Adin,Hill,G,16,14.0,11.0,4.0,0.0,2.16788,0.932377,488.0,455.0,33.0,2.0,0,0,0,2.0,54800.0,3,,,,,,,,,,
2022,VGK,8473548,Phil,Kessel,R,4,,,,,,,,,,,0,2,2,2.0,,3,2.0,0.0,0.0,0.0,0.0,5.0,0.0,707.0,17.5,0.0
2022,VGK,8474166,Alec,Martinez,D,22,,,,,,,,,,,2,5,7,4.0,,3,13.0,0.0,0.0,0.0,0.0,34.0,0.058824,1168.7727,25.3636,0.0
2022,VGK,8474565,Alex,Pietrangelo,D,21,,,,,,,,,,,1,9,10,29.0,,3,9.0,0.0,0.0,0.0,0.0,44.0,0.022727,1405.0,28.0476,0.0
2022,VGK,8475188,Brayden,McNabb,D,21,,,,,,,,,,,0,4,4,10.0,,3,7.0,0.0,0.0,0.0,0.0,12.0,0.0,1149.2381,24.9524,0.0
2022,VGK,8475191,Reilly,Smith,R,22,,,,,,,,,,,4,10,14,14.0,,3,9.0,2.0,0.0,1.0,0.0,51.0,0.078431,1006.2273,23.2727,0.0
2022,VGK,8475913,Mark,Stone,R,22,,,,,,,,,,,11,13,24,8.0,,3,5.0,4.0,1.0,1.0,0.0,49.0,0.22449,1134.8182,23.1364,0.5
2022,VGK,8476448,William,Karlsson,C,22,,,,,,,,,,,11,6,17,2.0,,3,11.0,1.0,0.0,1.0,0.0,45.0,0.244444,1041.3182,23.3636,0.543689
2022,VGK,8476539,Jonathan,Marchessault,R,22,,,,,,,,,,,13,12,25,14.0,,3,17.0,3.0,0.0,3.0,0.0,80.0,0.1625,1044.8182,21.8182,0.0
2022,VGK,8476905,Chandler,Stephenson,C,22,,,,,,,,,,,10,10,20,30.0,,3,3.0,1.0,0.0,3.0,1.0,35.0,0.285714,1099.5455,22.9545,0.534091
2022,VGK,8476927,Teddy,Blueger,C,6,,,,,,,,,,,1,1,2,0.0,,3,1.0,0.0,0.0,0.0,0.0,6.0,0.166667,630.1667,15.6667,0.266667
2022,VGK,8477018,Ben,Hutton,D,2,,,,,,,,,,,0,0,0,0.0,,3,0.0,0.0,0.0,0.0,0.0,1.0,0.0,810.5,16.5,0.0
2022,VGK,8477447,Shea,Theodore,D,21,,,,,,,,,,,1,12,13,10.0,,3,8.0,0.0,0.0,0.0,0.0,41.0,0.02439,1208.4762,25.4286,0.0
2022,VGK,8477478,William,Carrier,L,18,,,,,,,,,,,2,4,6,26.0,,3,2.0,0.0,0.0,1.0,0.0,16.0,0.125,599.1111,17.7778,0.5
2022,VGK,8477964,Ivan,Barbashev,L,22,,,,,,,,,,,7,11,18,18.0,,3,14.0,1.0,0.0,1.0,0.0,32.0,0.21875,933.5455,20.4091,0.547619
2022,VGK,8478020,Michael,Amadio,R,16,,,,,,,,,,,5,5,10,4.0,,3,8.0,0.0,0.0,1.0,1.0,19.0,0.263158,725.9375,16.75,0.7
2022,VGK,8478403,Jack,Eichel,C,22,,,,,,,,,,,6,20,26,14.0,,3,14.0,3.0,0.0,0.0,0.0,71.0,0.084507,1139.5455,22.2727,0.460993
2022,VGK,8478434,Keegan,Kolesar,R,22,,,,,,,,,,,2,3,5,50.0,,3,1.0,0.0,0.0,0.0,0.0,10.0,0.2,589.0909,16.5455,0.571429
2022,VGK,8478462,Nicolas,Roy,C,22,,,,,,,,,,,3,8,11,20.0,,3,2.0,0.0,0.0,1.0,0.0,37.0,0.081081,900.7273,22.8636,0.492366
2022,VGK,8479353,Brett,Howden,C,22,,,,,,,,,,,5,5,10,31.0,,3,4.0,1.0,0.0,1.0,1.0,30.0,0.166667,839.3636,19.6364,0.424242
2022,VGK,8479980,Nicolas,Hague,D,22,,,,,,,,,,,2,4,6,37.0,,3,12.0,0.0,0.0,1.0,0.0,25.0,0.08,1113.7727,24.6364,0.0
2022,VGK,8480727,Zach,Whitecloud,D,22,,,,,,,,,,,2,6,8,21.0,,3,14.0,0.0,0.0,1.0,0.0,19.0,0.105263,1122.1364,25.1818,0.0
2022,VGK,8481167,Brayden,Pachal,D,1,,,,,,,,,,,0,0,0,2.0,,3,0.0,0.0,0.0,0.0,0.0,0.0,0.0,705.0,16.0,0.0
2022,WPG,8476945,Connor,Hellebuyck,G,64,64.0,37.0,25.0,2.0,2.493382,0.920061,1964.0,1807.0,157.0,4.0,0,0,0,,226680.0,2,,,,,,,,,,
2022,WPG,8479496,David,Rittich,G,21,18.0,9.0,8.0,1.0,2.674552,0.901186,506.0,456.0,50.0,0.0,0,0,0,2.0,67301.0,2,,,,,,,,,,
2022,WPG,8471218,Blake,Wheeler,R,72,,,,,,,,,,,16,39,55,46.0,,2,-3.0,7.0,0.0,6.0,1.0,126.0,0.126984,1022.6528,21.5278,0.515873
2022,WPG,8474040,Sam,Gagner,C,48,,,,,,,,,,,8,6,14,13.0,,2,-4.0,1.0,0.0,2.0,0.0,78.0,0.102564,730.3125,16.4375,0.304348
2022,WPG,8475455,Brenden,Dillon,D,82,,,,,,,,,,,2,21,23,76.0,,2,2.0,0.0,0.0,0.0,0.0,83.0,0.024096,1175.3049,25.9146,0.0
2022,WPG,8475799,Nino,Niederreiter,R,22,,,,,,,,,,,6,7,13,6.0,,2,-4.0,1.0,0.0,1.0,0.0,51.0,0.117647,1014.3636,20.2273,0.714286
2022,WPG,8476331,Dylan,DeMelo,D,75,,,,,,,,,,,6,21,27,50.0,,2,10.0,0.0,1.0,1.0,0.0,93.0,0.064516,1173.6533,26.1067,0.0
2022,WPG,8476392,Adam,Lowry,C,82,,,,,,,,,,,13,23,36,48.0,,2,4.0,0.0,3.0,2.0,0.0,126.0,0.103175,938.8415,23.0244,0.504237
2022,WPG,8476460,Mark,Scheifele,C,81,,,,,,,,,,,42,26,68,43.0,,2,-16.0,12.0,0.0,10.0,2.0,206.0,0.203883,1228.7284,22.0247,0.479702
2022,WPG,8476480,Vladislav,Namestnikov,C,20,,,,,,,,,,,2,8,10,16.0,,2,7.0,1.0,0.0,0.0,0.0,36.0,0.055556,892.65,19.45,0.348485
2022,WPG,8476952,Dominic,Toninato,C,5,,,,,,,,,,,0,1,1,2.0,,2,0.0,0.0,0.0,0.0,0.0,7.0,0.0,475.6,12.4,0.5
2022,WPG,8477220,Nate,Schmidt,D,71,,,,,,,,,,,7,12,19,8.0,,2,15.0,3.0,0.0,0.0,0.0,101.0,0.069307,1108.0423,23.9437,0.0
2022,WPG,8477357,Saku,Maenalanen,R,64,,,,,,,,,,,4,6,10,16.0,,2,0.0,0.0,0.0,0.0,0.0,61.0,0.065574,619.9219,15.5625,0.375
2022,WPG,8477504,Josh,Morrissey,D,78,,,,,,,,,,,16,60,76,41.0,,2,2.0,2.0,0.0,6.0,2.0,172.0,0.093023,1453.8718,27.8974,0.0
2022,WPG,8477940,Nikolaj,Ehlers,L,45,,,,,,,,,,,12,26,38,11.0,,2,-2.0,3.0,0.0,0.0,0.0,132.0,0.090909,938.8889,19.8,0.5
2022,WPG,8478398,Kyle,Connor,L,82,,,,,,,,,,,31,49,80,20.0,,2,-11.0,8.0,0.0,8.0,2.0,273.0,0.113553,1231.7561,22.7195,0.285714
2022,WPG,8478424,Jansen,Harkins,C,22,,,,,,,,,,,3,2,5,12.0,,2,4.0,0.0,0.0,0.0,0.0,18.0,0.166667,649.1818,15.3636,0.222222
2022,WPG,8478476,Kyle,Capobianco,D,14,,,,,,,,,,,2,0,2,6.0,,2,1.0,0.0,0.0,1.0,0.0,14.0,0.142857,739.5714,17.8571,0.0
2022,WPG,8478831,Kevin,Stenlund,C,54,,,,,,,,,,,6,3,9,20.0,,2,3.0,0.0,2.0,0.0,0.0,63.0,0.095238,698.7037,17.463,0.532319
2022,WPG,8478891,Mason,Appleton,C,41,,,,,,,,,,,5,11,16,8.0,,2,2.0,1.0,0.0,0.0,0.0,71.0,0.070423,961.1463,21.2683,0.2
2022,WPG,8479378,Logan,Stanley,D,19,,,,,,,,,,,1,2,3,21.0,,2,-1.0,0.0,0.0,0.0,0.0,11.0,0.090909,822.8421,18.2632,0.0
2022,WPG,8479400,Pierre-Luc,Dubois,C,73,,,,,,,,,,,27,36,63,77.0,,2,5.0,11.0,0.0,1.0,0.0,205.0,0.131707,1107.1096,22.0411,0.488866
2022,WPG,8479536,Axel,Jonsson-Fjallby,L,50,,,,,,,,,,,6,8,14,8.0,,2,-1.0,0.0,0.0,2.0,0.0,54.0,0.111111,627.36,15.08,0.2
2022,WPG,8479591,Michael,Eyssimont,C,19,,,,,,,,,,,1,4,5,7.0,,2,5.0,0.0,0.0,0.0,0.0,26.0,0.038462,611.7895,15.0,0.25
2022,WPG,8480049,Dylan,Samberg,D,63,,,,,,,,,,,2,6,8,25.0,,2,10.0,0.0,0.0,0.0,0.0,49.0,0.040816,895.5556,20.0,0.0
2022,WPG,8480145,Neal,Pionk,D,82,,,,,,,,,,,10,23,33,44.0,,2,-12.0,1.0,0.0,2.0,2.0,142.0,0.070423,1316.4512,28.2805,0.0
2022,WPG,8480289,Morgan,Barron,C,70,,,,,,,,,,,8,13,21,31.0,,2,4.0,0.0,1.0,2.0,0.0,112.0,0.071429,795.4286,18.7714,0.448276
2022,WPG,8480443,Kristian,Reichel,C,2,,,,,,,,,,,0,1,1,0.0,,2,0.0,0.0,0.0,0.0,0.0,1.0,0.0,633.5,16.5,0.0
2022,WPG,8480901,Karson,Kuhlman,C,33,,,,,,,,,,,2,2,4,8.0,,2,-7.0,0.0,0.0,1.0,0.0,35.0,0.057143,765.0909,17.8788,0.0
2022,WPG,8481019,David,Gustafsson,C,46,,,,,,,,,,,0,6,6,6.0,,2,2.0,0.0,0.0,0.0,0.0,45.0,0.0,605.8478,14.6304,0.492823
2022,WPG,8481572,Ville,Heinola,D,10,,,,,,,,,,,0,1,1,2.0,,2,-5.0,0.0,0.0,0.0,0.0,5.0,0.0,796.0,18.8,0.0
2022,WPG,8482149,Cole,Perfetti,C,51,,,,,,,,,,,8,22,30,16.0,,2,10.0,1.0,0.0,0.0,0.0,90.0,0.088889,898.1569,19.2549,0.272727
2022,WPG,8476945,Connor,Hellebuyck,G,5,5.0,1.0,4.0,0.0,3.439123,0.886076,158.0,140.0,18.0,0.0,0,0,0,,18842.0,3,,,,,,,,,,
2022,WPG,8471218,Blake,Wheeler,R,5,,,,,,,,,,,2,4,6,0.0,,3,2.0,1.0,0.0,0.0,0.0,10.0,0.2,1080.2,23.2,0.545455
2022,WPG,8475455,Brenden,Dillon,D,5,,,,,,,,,,,0,1,1,9.0,,3,-3.0,0.0,0.0,0.0,0.0,7.0,0.0,1355.0,30.8,0.0
2022,WPG,8475799,Nino,Niederreiter,R,5,,,,,,,,,,,1,3,4,2.0,,3,-7.0,0.0,0.0,0.0,0.0,10.0,0.1,1022.6,24.0,0.0
2022,WPG,8476331,Dylan,DeMelo,D,5,,,,,,,,,,,0,2,2,6.0,,3,-1.0,0.0,0.0,0.0,0.0,4.0,0.0,1489.2,32.6,0.0
2022,WPG,8476392,Adam,Lowry,C,5,,,,,,,,,,,4,1,5,2.0,,3,-1.0,2.0,0.0,0.0,0.0,11.0,0.363636,1084.2,26.0,0.485714
2022,WPG,8476460,Mark,Scheifele,C,4,,,,,,,,,,,1,0,1,4.0,,3,-1.0,1.0,0.0,0.0,0.0,10.0,0.1,1054.5,20.25,0.5
2022,WPG,8476480,Vladislav,Namestnikov,C,5,,,,,,,,,,,0,2,2,2.0,,3,0.0,0.0,0.0,0.0,0.0,2.0,0.0,950.2,20.6,0.411765
2022,WPG,8477220,Nate,Schmidt,D,5,,,,,,,,,,,0,2,2,0.0,,3,-2.0,0.0,0.0,0.0,0.0,10.0,0.0,1284.2,28.8,0.0
2022,WPG,8477357,Saku,Maenalanen,R,5,,,,,,,,,,,0,1,1,12.0,,3,0.0,0.0,0.0,0.0,0.0,3.0,0.0,510.8,13.0,0.0
2022,WPG,8477504,Josh,Morrissey,D,3,,,,,,,,,,,0,1,1,0.0,,3,1.0,0.0,0.0,0.0,0.0,5.0,0.0,996.3333,19.3333,0.0
2022,WPG,8477940,Nikolaj,Ehlers,L,1,,,,,,,,,,,0,0,0,0.0,,3,0.0,0.0,0.0,0.0,0.0,0.0,0.0,1270.0,23.0,0.0
2022,WPG,8478398,Kyle,Connor,L,5,,,,,,,,,,,3,1,4,0.0,,3,0.0,0.0,0.0,0.0,0.0,26.0,0.115385,1340.2,25.6,0.0
2022,WPG,8478476,Kyle,Capobianco,D,1,,,,,,,,,,,0,0,0,0.0,,3,-1.0,0.0,0.0,0.0,0.0,1.0,0.0,782.0,18.0,0.0
2022,WPG,8478831,Kevin,Stenlund,C,5,,,,,,,,,,,1,0,1,2.0,,3,1.0,0.0,0.0,0.0,0.0,6.0,0.166667,821.6,20.4,0.350877
2022,WPG,8478891,Mason,Appleton,C,5,,,,,,,,,,,0,0,0,0.0,,3,-4.0,0.0,0.0,0.0,0.0,8.0,0.0,1091.0,23.8,0.0
2022,WPG,8479378,Logan,Stanley,D,1,,,,,,,,,,,0,0,0,0.0,,3,-1.0,0.0,0.0,0.0,0.0,0.0,0.0,538.0,13.0,0.0
2022,WPG,8479400,Pierre-Luc,Dubois,C,5,,,,,,,,,,,2,2,4,8.0,,3,-4.0,1.0,0.0,1.0,0.0,13.0,0.153846,1260.2,26.0,0.58427
2022,WPG,8479536,Axel,Jonsson-Fjallby,L,1,,,,,,,,,,,0,0,0,0.0,,3,0.0,0.0,0.0,0.0,0.0,0.0,0.0,314.0,11.0,0.0
2022,WPG,8480049,Dylan,Samberg,D,5,,,,,,,,,,,0,0,0,8.0,,3,-3.0,0.0,0.0,0.0,0.0,5.0,0.0,937.6,23.2,0.0
2022,WPG,8480145,Neal,Pionk,D,5,,,,,,,,,,,0,7,7,0.0,,3,-6.0,0.0,0.0,0.0,0.0,9.0,0.0,1637.8,34.6,0.0
2022,WPG,8480289,Morgan,Barron,C,5,,,,,,,,,,,0,0,0,2.0,,3,-6.0,0.0,0.0,0.0,0.0,13.0,0.0,779.6,20.2,0.0
2022,WPG,8480901,Karson,Kuhlman,C,1,,,,,,,,,,,0,0,0,2.0,,3,0.0,0.0,0.0,0.0,0.0,1.0,0.0,615.0,15.0,0.0
2022,WPG,8481019,David,Gustafsson,C,3,,,,,,,,,,,0,0,0,0.0,,3,2.0,0.0,0.0,0.0,0.0,0.0,0.0,528.0,13.6667,0.714286
2022,WSH,8475311,Darcy,Kuemper,G,57,56.0,22.0,26.0,7.0,2.866194,0.908602,1674.0,1521.0,154.0,5.0,0,0,0,4.0,193427.0,2,,,,,,,,,,
2022,WSH,8479292,Charlie,Lindgren,G,31,26.0,13.0,11.0,3.0,3.049524,0.899179,853.0,767.0,86.0,0.0,0,1,1,,101524.0,2,,,,,,,,,,
2022,WSH,8471214,Alex,Ovechkin,L,73,,,,,,,,,,,42,33,75,48.0,,2,-16.0,14.0,0.0,3.0,1.0,294.0,0.142857,1212.2466,21.7945,0.444444
2022,WSH,8471698,T.J.,Oshie,R,58,,,,,,,,,,,19,16,35,59.0,,2,-18.0,9.0,0.0,2.0,0.0,126.0,0.150794,1003.4138,18.7759,0.461111
2022,WSH,8473563,Nicklas,Backstrom,C,39,,,,,,,,,,,7,14,21,14.0,,2,-25.0,6.0,0.0,0.0,0.0,59.0,0.118644,1012.6923,19.8205,0.503891
2022,WSH,8474189,Lars,Eller,C,60,,,,,,,,,,,7,9,16,36.0,,2,-1.0,0.0,0.0,0.0,0.0,101.0,0.069307,914.3833,19.8833,0.546053
2022,WSH,8474590,John,Carlson,D,40,,,,,,,,,,,9,20,29,12.0,,2,-7.0,3.0,1.0,0.0,0.0,124.0,0.072581,1403.375,26.325,0.0
2022,WSH,8475149,Marcus,Johansson,L,60,,,,,,,,,,,13,15,28,8.0,,2,-3.0,4.0,1.0,5.0,1.0,95.0,0.136842,965.0333,19.0167,0.409091
2022,WSH,8475200,Dmitry,Orlov,D,43,,,,,,,,,,,3,16,19,10.0,,2,2.0,0.0,0.0,2.0,2.0,77.0,0.038961,1363.2558,25.1628,0.0
2022,WSH,8475225,Craig,Smith,C,22,,,,,,,,,,,5,1,6,4.0,,2,1.0,0.0,0.0,2.0,0.0,53.0,0.09434,745.5455,16.4091,0.333333
2022,WSH,8475324,Nick,Jensen,D,77,,,,,,,,,,,5,24,29,18.0,,2,-1.0,0.0,0.0,0.0,0.0,109.0,0.045872,1237.0,24.5455,0.0
2022,WSH,8475343,Nic,Dowd,C,65,,,,,,,,,,,13,12,25,26.0,,2,6.0,0.0,0.0,3.0,0.0,62.0,0.209677,801.0615,19.0462,0.508216
2022,WSH,8475625,Matt,Irwin,D,61,,,,,,,,,,,2,3,5,36.0,,2,-8.0,0.0,0.0,0.0,0.0,79.0,0.025316,782.2787,17.377,0.0
2022,WSH,8475744,Evgeny,Kuznetsov,C,81,,,,,,,,,,,12,43,55,56.0,,2,-26.0,5.0,0.0,2.0,1.0,172.0,0.069767,1083.5802,21.358,0.47521
2022,WSH,8475795,Dylan,McIlrath,D,6,,,,,,,,,,,0,1,1,7.0,,2,-6.0,0.0,0.0,0.0,0.0,1.0,0.0,700.5,17.0,0.0
2022,WSH,8476880,Tom,Wilson,R,33,,,,,,,,,,,13,9,22,78.0,,2,-13.0,4.0,0.0,1.0,1.0,82.0,0.158537,1057.0606,21.9091,0.333333
2022,WSH,8476979,Erik,Gustafsson,D,61,,,,,,,,,,,7,31,38,21.0,,2,9.0,0.0,0.0,2.0,0.0,114.0,0.061404,1221.9508,23.3443,0.0
2022,WSH,8477015,Connor,Brown,R,4,,,,,,,,,,,0,0,0,0.0,,2,-3.0,0.0,0.0,0.0,0.0,2.0,0.0,1006.0,20.5,0.4
2022,WSH,8477511,Anthony,Mantha,R,67,,,,,,,,,,,11,16,27,31.0,,2,-8.0,1.0,0.0,2.0,0.0,119.0,0.092437,853.1045,17.0746,0.529412
2022,WSH,8477839,Conor,Sheary,L,82,,,,,,,,,,,15,22,37,22.0,,2,9.0,2.0,2.0,1.0,0.0,154.0,0.097403,945.939,20.6829,0.512821
2022,WSH,8477845,Trevor,van Riemsdyk,D,75,,,,,,,,,,,7,16,23,15.0,,2,10.0,0.0,0.0,0.0,0.0,97.0,0.072165,1143.9333,23.9067,0.0
2022,WSH,8477903,Garnet,Hathaway,R,59,,,,,,,,,,,9,7,16,52.0,,2,6.0,0.0,0.0,1.0,0.0,70.0,0.128571,726.2203,17.4576,0.3
2022,WSH,8477947,Sonny,Milano,L,64,,,,,,,,,,,11,22,33,18.0,,2,-5.0,1.0,0.0,3.0,0.0,80.0,0.1375,774.4219,16.6406,0.0
2022,WSH,8477979,Nicolas,Aube-Kubel,R,47,,,,,,,,,,,4,8,12,46.0,,2,2.0,0.0,0.0,0.0,0.0,65.0,0.061538,698.5319,15.6596,0.461538
2022,WSH,8478440,Dylan,Strome,C,81,,,,,,,,,,,23,42,65,24.0,,2,-4.0,3.0,0.0,2.0,0.0,154.0,0.149351,1001.2222,19.5185,0.487985
2022,WSH,8478506,Gabriel,Carlsson,D,6,,,,,,,,,,,0,2,2,0.0,,2,-1.0,0.0,0.0,0.0,0.0,3.0,0.0,825.6667,19.5,0.0
2022,WSH,8479321,Lucas,Johansen,D,2,,,,,,,,,,,0,0,0,0.0,,2,0.0,0.0,0.0,0.0,0.0,3.0,0.0,759.5,17.0,0.0
2022,WSH,8479359,Beck,Malenstyn,L,9,,,,,,,,,,,1,1,2,2.0,,2,0.0,0.0,0.0,1.0,0.0,7.0,0.142857,594.7778,14.0,1.0
2022,WSH,8479404,Henrik,Borgstrom,C,1,,,,,,,,,,,0,0,0,0.0,,2,0.0,0.0,0.0,0.0,0.0,0.0,0.0,490.0,12.0,0.0
2022,WSH,8480796,Martin,Fehérváry,D,67,,,,,,,,,,,6,10,16,31.0,,2,-11.0,0.0,0.0,1.0,0.0,91.0,0.065934,1200.0149,24.8657,0.0
2022,WSH,8480823,Alexander,Alexeyev,D,32,,,,,,,,,,,0,5,5,4.0,,2,-2.0,0.0,0.0,0.0,0.0,28.0,0.0,987.25,20.5625,0.0
2022,WSH,8480873,Rasmus,Sandin,D,19,,,,,,,,,,,3,12,15,16.0,,2,-7.0,0.0,0.0,0.0,0.0,23.0,0.130435,1379.3158,24.2632,0.0
2022,WSH,8481441,Joe,Snively,C,12,,,,,,,,,,,2,2,4,0.0,,2,3.0,0.0,0.0,0.0,0.0,16.0,0.125,755.75,16.5833,0.666667
2022,WSH,8481580,Connor,McMichael,L,6,,,,,,,,,,,0,0,0,5.0,,2,0.0,0.0,0.0,0.0,0.0,2.0,0.0,531.5,12.6667,0.666667
2022,WSH,8481656,Aliaksei,Protas,L,58,,,,,,,,,,,4,11,15,12.0,,2,-8.0,0.0,0.0,0.0,0.0,83.0,0.048193,691.0345,15.6897,0.328125
2022,WSH,8482861,Vincent,Iorio,D,3,,,,,,,,,,,0,1,1,0.0,,2,0.0,0.0,0.0,0.0,0.0,3.0,0.0,860.6667,24.0,0.0
